Date,buy tesla,elon musk,model 3,model y,tsla stock,tesla earnings,car market,electric vehicles,environment,elon musk fraud,whistleblower,union,tesla debt,subsidy,Open,High,Low,Close,sentiment_score,Out
2020-11-01,4.5,1.96,48.23,30.0,1.44,0.0,22.57,19.95,31.5,0.0,1.68,40.8,0.0,27.69,394.0,406.98,392.3,400.5,0.3050934837960872,0
2020-11-02,3.9,2.9400000000000004,45.580000000000005,23.6,12.96,0.0,31.45,9.45,69.75,0.0,1.44,68.0,0.0,42.6,394.0,406.9800109863281,392.2999877929688,400.510009765625,0.06163450799000614,0
2020-11-03,7.5,1.89,47.17,22.8,11.52,1.7999999999999998,11.84,14.7,66.75,0.0,2.4,59.16,0.0,50.41,409.7300109863281,427.7699890136719,406.6900024414063,423.8999938964844,0.18066973923628354,0
2020-11-04,2.85,0.91,15.37,15.6,7.56,0.36,14.43,3.5,40.5,0.0,1.04,34.68,0.0,39.05,430.6199951171875,435.3999938964844,417.1000061035156,420.9800109863281,0.5344859214801807,1
2020-11-05,4.05,1.4700000000000002,30.74,19.200000000000003,10.08,0.42,6.66,21.0,51.0,0.0,6.08,42.16,0.0,26.27,428.2999877929688,440.0,424.0,438.0899963378906,0.27962767305092995,0
2020-11-06,6.9,2.03,32.86,19.6,8.28,0.96,13.32,15.05,47.25,0.0,5.2,48.28,0.0,33.37,436.1000061035156,436.5700073242188,424.2799987792969,429.9500122070313,0.9417211487518135,1
2020-11-07,6.3,2.31,37.63,26.0,2.88,0.0,19.98,12.25,30.0,0.0,2.48,42.16,7.65,8.52,436.1000061035156,436.5700073242188,424.2799987792969,429.9500122070313,0.8514000140920853,1
2020-11-08,15.04,2.88,40.92,32.24,2.2,1.05,20.5,18.9,43.68,0.0,5.4,40.04,9.69,22.05,436.1000061035156,436.5700073242188,424.2799987792969,429.9500122070313,0.8211347717606485,1
2020-11-09,6.08,2.43,50.84,43.16,15.4,0.0,50.0,10.92,88.27,0.0,6.0,66.22,0.0,39.69,439.5,452.5,421.0,421.260009765625,0.6731257097345167,1
2020-11-10,24.0,2.34,47.12,19.76,18.04,1.95,31.5,10.92,91.0,0.0,3.12,65.45,0.0,51.66,420.0899963378906,420.0899963378906,396.0299987792969,410.3599853515625,0.7058126534849445,1
2020-11-11,11.84,2.34,44.64,45.24,10.56,2.95,31.5,6.72,83.72,0.0,12.0,64.68,0.0,35.910000000000004,416.4500122070313,418.7000122070313,410.5799865722656,417.1300048828125,0.1272274806277367,0
2020-11-12,11.52,2.34,42.78,31.72,11.0,0.95,24.5,13.02,85.54,0.0,9.6,69.3,0.0,35.28,415.0499877929688,423.0,409.5199890136719,411.760009765625,0.9719157992833667,1
2020-11-13,12.16,5.49,34.72,41.6,16.28,2.0,29.0,28.98,83.72,0.0,7.199999999999999,72.38,0.0,32.76,410.8500061035156,412.5299987792969,401.6600036621094,408.5,0.9742674001516827,1
2020-11-14,11.52,6.84,61.38,33.800000000000004,3.08,1.15,18.0,10.08,42.77,47.0,2.88,58.52,0.0,13.86,410.8500061035156,412.5299987792969,401.6600036621094,408.5,0.8389771009668806,1
2020-11-15,11.9,9.49,76.0,36.5,3.9,0.0,33.92,15.08,46.0,0.0,0.6,45.82,0.0,22.32,410.8500061035156,412.5299987792969,401.6600036621094,408.5,0.7629139801476965,1
2020-11-16,14.96,11.31,60.8,33.0,31.98,2.4,27.03,5.720000000000001,85.56,0.0,2.16,67.15,0.0,48.36,408.9299926757813,412.4500122070313,404.0899963378906,408.0899963378906,0.9891544887382353,1
2020-11-17,23.8,8.58,60.8,40.0,78.0,4.0,40.81,35.88,90.16,0.0,1.7999999999999998,67.94,0.0,60.14,460.1700134277344,462.0,433.010009765625,441.6099853515625,0.7784175181359609,1
2020-11-18,11.22,7.54,53.96,25.5,59.28,1.64,41.870000000000005,28.6,91.08,0.0,1.08,65.57000000000001,0.0,37.2,448.3500061035156,496.0,443.5,486.6400146484375,0.4105431031678961,0
2020-11-19,26.180000000000003,5.59,69.92,23.5,46.02,0.8,30.74,33.28,79.12,0.0,0.54,67.15,0.0,24.18,492.0,508.6099853515625,487.5700073242188,499.2699890136719,0.49405124361811537,0
2020-11-20,18.02,5.33,62.32,30.0,31.200000000000003,1.68,31.8,52.0,89.24000000000001,45.08,1.68,70.31,10.0,16.74,497.989990234375,502.5,489.05999755859375,489.6099853515625,0.8648421240496962,1
2020-11-21,7.48,5.720000000000001,57.0,39.0,8.58,0.0,19.08,31.200000000000003,41.4,0.0,0.42,56.88,10.8,17.98,497.989990234375,502.5,489.05999755859375,489.6099853515625,0.955806640188076,1
2020-11-22,21.42,4.95,68.39999999999999,54.29,3.15,2.2,23.22,20.14,25.37,0.0,0.68,42.66,0.0,8.36,497.989990234375,502.5,489.05999755859375,489.6099853515625,0.8399860120791403,1
2020-11-23,23.46,4.95,50.4,26.23,31.5,0.0,38.88,12.54,40.71,0.0,0.48,68.73,0.0,15.2,503.5,526.0,501.7900085449219,521.8499755859375,0.1722953963188485,0
2020-11-24,51.0,15.0,55.44,42.09,47.25,3.1500000000000004,29.160000000000004,21.28,37.17,0.0,0.24,69.52000000000001,21.0,25.84,540.4000244140625,559.989990234375,526.2000122070312,555.3800048828125,0.21469176027342263,0
2020-11-25,31.11,12.45,69.84,35.38,39.06,0.0,32.940000000000005,10.64,30.68,0.0,1.0,71.89,10.5,15.58,550.0599975585938,574.0,545.3699951171875,574.0,0.12762096343114765,0
2020-11-26,21.42,8.1,53.28,32.94,9.45,0.0,34.02,15.58,20.06,0.0,0.8,42.66,0.0,2.66,550.0599975585938,574.0,545.3699951171875,574.0,0.23771232904142892,0
2020-11-27,49.98,8.25,53.28,43.92,26.46,1.1,37.8,11.02,24.19,0.0,0.0,66.36,0.0,7.98,581.1599731445312,598.780029296875,578.4500122070312,585.760009765625,0.4957041744513364,0
2020-11-28,21.42,6.9,43.2,46.36,8.82,1.1,22.68,11.02,23.01,0.0,0.28,52.93,0.0,5.32,581.1599731445312,598.780029296875,578.4500122070312,585.760009765625,0.2693544846004983,0
2020-11-29,27.72,3.06,52.260000000000005,60.0,6.32,0.0,32.76,7.74,37.4,0.0,0.6,44.2,0.0,42.88,581.1599731445312,598.780029296875,578.4500122070312,585.760009765625,0.1766195190337133,0
2020-11-30,16.17,2.97,50.25,41.4,52.93,1.56,35.36,30.96,68.0,0.0,2.22,81.6,9.2,67.0,602.2100219726562,607.7999877929688,554.510009765625,567.5999755859375,0.9770244738904443,1
2020-12-01,5.94,3.24,41.54,38.4,48.98,2.4,42.120000000000005,24.08,63.75,0.0,3.24,61.2,0.0,36.18,597.5900268554688,597.8499755859375,572.0499877929688,584.760009765625,0.6483908165689597,1
2020-12-02,14.85,3.24,37.52,28.8,50.56,0.0,21.32,15.05,74.8,0.0,4.44,56.1,9.6,44.89,556.4400024414062,571.5399780273438,541.2100219726562,568.8200073242188,0.3490753863263227,0
2020-12-03,5.94,4.05,42.21,24.0,48.190000000000005,0.0,14.04,43.0,74.8,0.0,6.0,56.95,0.0,18.09,590.02001953125,598.969970703125,582.4299926757812,593.3800048828125,0.15556885710150087,0
2020-12-04,10.56,3.6,46.23,27.0,43.45,1.2,49.92,18.49,73.1,48.0,1.2,57.8,0.0,45.56,591.010009765625,599.0399780273438,585.5,599.0399780273438,0.21452665001174065,0
2020-12-05,11.55,3.69,42.21,32.4,11.06,4.0,23.4,20.21,41.65,0.0,1.3199999999999998,46.75,10.8,20.1,591.010009765625,599.0399780273438,585.5,599.0399780273438,0.23281637768288987,0
2020-12-06,24.380000000000003,7.140000000000001,72.0,45.6,7.74,2.04,36.04,17.86,45.24,0.0,1.76,31.6,21.06,45.56,591.010009765625,599.0399780273438,585.5,599.0399780273438,0.39077058339922804,0
2020-12-07,23.85,7.82,44.64,24.6,56.76,3.6,28.62,23.94,61.77,0.0,1.16,48.98,0.0,68.0,604.9199829101562,648.7899780273438,603.0499877929688,641.760009765625,0.012705023756162948,0
2020-12-08,53.0,8.33,46.8,32.4,74.82,0.0,32.33,21.66,87.0,0.0,1.76,48.190000000000005,0.0,36.720000000000006,625.510009765625,651.280029296875,618.5,649.8800048828125,0.11087394721698157,0
2020-12-09,29.68,17.0,54.72,33.0,61.06,5.58,29.68,22.04,73.95,0.0,1.44,47.400000000000006,19.5,32.64,653.6900024414062,654.3200073242188,588.0,604.47998046875,0.9830615711454256,1
2020-12-10,29.15,14.45,41.76,21.6,66.22,3.66,36.57,21.66,79.17,0.0,1.6,50.56,19.11,27.880000000000003,574.3699951171875,627.75,566.3400268554688,627.0700073242188,0.1741407921645468,0
2020-12-11,29.68,10.2,54.0,26.4,52.46,3.72,18.55,16.72,60.9,0.0,2.04,52.14,19.5,51.68000000000001,615.010009765625,624.0,596.7999877929688,609.989990234375,0.6604621650386893,1
2020-12-12,26.5,7.65,58.32,28.2,10.32,0.0,23.85,11.78,34.8,0.0,1.96,41.870000000000005,0.0,30.6,615.010009765625,624.0,596.7999877929688,609.989990234375,0.738788343960795,1
2020-12-13,17.6,5.39,50.32,36.4,9.24,1.32,18.0,0.0,29.64,0.0,1.32,31.200000000000003,0.0,46.9,615.010009765625,624.0,596.7999877929688,609.989990234375,0.9632887825326847,1
2020-12-14,16.28,4.51,34.0,29.25,36.96,2.44,33.0,21.07,57.0,0.0,0.2,50.400000000000006,39.690000000000005,37.8,619.0,642.75,610.2000122070312,639.8300170898438,0.06663916033970751,0
2020-12-15,10.12,4.95,51.00000000000001,60.45,40.04,1.24,49.8,46.06,62.32,0.0,0.8,48.8,0.0,67.19999999999999,643.280029296875,646.9000244140625,623.7999877929688,633.25,0.7085728007705244,1
2020-12-16,39.16,4.62,47.6,29.9,50.05,0.0,29.4,10.78,57.0,0.0,1.44,49.6,40.5,44.1,628.22998046875,632.5,605.0,622.77001953125,0.5473687391925312,1
2020-12-17,22.44,4.51,38.080000000000005,26.0,37.73,0.0,21.0,28.42,58.52,0.0,1.2,50.400000000000006,81.0,38.5,628.1900024414062,658.8200073242188,619.5,655.9000244140625,0.31133192339227017,0
2020-12-18,34.76,4.95,48.28,31.200000000000003,77.0,0.0,57.6,26.46,54.72,0.0,1.28,58.400000000000006,42.93,40.6,668.9000244140625,695.0,628.5399780273438,695.0,0.3903688503374584,0
2020-12-19,29.92,4.84,57.8,40.3,12.32,0.0,33.0,20.09,31.92,0.0,1.16,44.0,0.0,21.7,668.9000244140625,695.0,628.5399780273438,695.0,0.16769095920952326,0
2020-12-20,28.8,5.64,55.89,48.18,10.72,0.0,18.24,18.0,8.8,0.0,2.44,27.75,0.0,16.65,668.9000244140625,695.0,628.5399780273438,695.0,0.2676526235705497,0
2020-12-21,21.200000000000003,5.64,57.510000000000005,19.8,53.6,1.6,13.92,16.650000000000002,18.0,0.0,1.04,47.25,0.0,12.95,666.239990234375,668.5,646.0700073242188,649.8599853515625,0.779819156389264,1
2020-12-22,23.200000000000003,4.32,74.52000000000001,20.46,54.27,4.800000000000001,17.28,6.75,20.0,0.0,0.2,48.0,0.0,18.5,648.0,649.8800048828125,614.22998046875,640.3400268554688,0.997090451481849,1
2020-12-23,8.0,4.68,68.85000000000001,42.24,46.900000000000006,1.7000000000000002,29.28,14.4,18.0,0.0,2.44,52.5,0.0,11.1,632.2000122070312,651.5,622.5700073242188,645.97998046875,0.21823291193215444,0
2020-12-24,16.8,4.8,66.42,33.0,31.49,1.75,34.08,10.8,9.6,0.0,0.92,50.25,0.0,14.43,642.989990234375,666.0900268554688,641.0,661.77001953125,0.22616621440418555,0
2020-12-25,9.2,4.44,50.220000000000006,38.940000000000005,7.37,0.0,4.32,28.35,7.6,0.0,0.76,25.5,0.0,6.29,642.989990234375,666.0900268554688,641.0,661.77001953125,0.007219706427425365,0
2020-12-26,15.2,4.56,69.66000000000001,36.96,4.0200000000000005,3.6,42.72,15.3,10.0,0.0,1.44,36.0,0.0,5.92,642.989990234375,666.0900268554688,641.0,661.77001953125,0.06661740418186163,0
2020-12-27,12.09,3.7,87.22,86.0,3.18,2.04,23.76,5.92,6.930000000000001,0.0,2.48,36.26,0.0,2.32,642.989990234375,666.0900268554688,641.0,661.77001953125,0.42938512628966335,0
2020-12-28,22.23,2.4000000000000004,76.54,69.66,23.32,3.78,28.16,21.83,11.22,0.0,1.64,62.72,0.0,4.06,674.510009765625,681.4000244140625,660.7999877929688,663.6900024414062,0.5802484946635961,1
2020-12-29,22.62,3.7,77.43,50.74,30.74,3.84,15.84,33.3,12.21,0.0,1.04,65.66,0.0,10.44,661.0,669.9000244140625,655.0,665.989990234375,0.219436346568749,0
2020-12-30,14.82,3.7,71.2,62.78,29.15,5.7,44.0,19.24,15.18,0.0,1.24,98.0,0.0,4.06,672.0,696.5999755859375,668.3599853515625,694.780029296875,0.4343542222161676,0
2020-12-31,31.59,3.8,61.41,55.04,33.92,5.7,25.08,24.79,9.24,0.0,1.68,95.06,20.91,10.15,699.989990234375,718.719970703125,691.1199951171875,705.6699829101562,0.4840062126742108,0
2021-01-01,10.92,1.4,68.53,52.46,5.300000000000001,0.06,29.92,5.55,8.58,0.0,0.8,66.64,0.0,9.28,699.989990234375,718.719970703125,691.1199951171875,705.6699829101562,0.2772951993463861,0
2021-01-02,12.87,1.5,71.2,51.6,5.300000000000001,0.0,32.56,5.18,9.9,0.0,1.6,72.52,0.0,8.99,699.989990234375,718.719970703125,691.1199951171875,705.6699829101562,0.037380992686056436,0
2021-01-03,20.16,4.68,62.400000000000006,29.97,7.68,0.14,25.01,11.89,19.72,0.0,3.28,45.080000000000005,0.0,15.04,699.989990234375,718.719970703125,691.1199951171875,705.6699829101562,0.4863141326937223,0
2021-01-04,18.0,3.51,37.6,37.260000000000005,55.68,0.14,20.5,2.87,31.32,0.0,0.72,92.0,0.0,33.84,719.4600219726562,744.489990234375,717.1900024414062,729.77001953125,0.2277809503635418,0
2021-01-05,12.24,4.29,52.0,32.400000000000006,44.16,0.28,12.71,15.17,40.6,0.0,1.48,76.36,0.0,20.21,723.6599731445312,740.8400268554688,719.2000122070312,735.1099853515625,0.20546680570814274,0
2021-01-06,30.96,3.9,35.2,35.64,53.76,0.56,12.3,7.789999999999999,42.34,0.0,1.76,65.32000000000001,0.0,16.45,758.489990234375,774.0,749.0999755859375,755.97998046875,0.6564116190453759,1
2021-01-07,39.6,32.370000000000005,56.0,33.21,74.88,0.8400000000000001,34.85,10.66,44.66,0.0,1.84,64.4,28.42,20.21,777.6300048828125,816.989990234375,775.2000122070312,816.0399780273438,0.24266650241536702,0
2021-01-08,72.0,39.0,63.2,72.09,96.0,0.98,20.09,1.23,40.6,0.0,2.2,75.44,28.42,20.21,856.0,884.489990234375,838.3900146484375,880.02001953125,0.4854868185703011,0
2021-01-09,43.92,21.06,49.6,81.0,24.96,0.42,16.4,13.12,23.78,0.0,3.2,55.2,31.32,18.33,856.0,884.489990234375,838.3900146484375,880.02001953125,0.3863100428540368,0
2021-01-10,48.6,10.8,52.260000000000005,55.3,14.79,0.52,27.0,16.96,30.8,0.0,5.0,38.54,0.0,18.72,856.0,884.489990234375,838.3900146484375,880.02001953125,0.039196454473139686,0
2021-01-11,39.0,9.0,57.72,45.82,70.47,0.26,9.0,13.78,51.59,0.0,2.25,59.04,9.6,16.8,849.4000244140625,854.4299926757812,803.6199951171875,811.1900024414062,0.6303882940234324,1
2021-01-12,24.6,9.0,47.58,35.550000000000004,60.9,0.39,21.5,20.67,55.44,47.52,2.75,54.94,0.0,48.0,831.0,868.0,827.3400268554688,849.4400024414062,0.21533285799945084,0
2021-01-13,23.4,11.1,53.82,48.190000000000005,64.38,0.39,12.5,14.31,63.14,48.0,2.3000000000000003,54.12,0.0,20.64,852.760009765625,860.469970703125,832.0,854.4099731445312,0.38572227910023804,0
2021-01-14,27.0,8.1,46.02,37.92,60.03,0.91,50.0,12.19,73.15,0.0,3.25,58.22,10.0,27.84,843.3900146484375,863.0,838.75,845.0,0.35583135053042403,0
2021-01-15,20.4,5.7,55.38,41.870000000000005,48.72,0.26,31.5,9.01,66.99,0.0,2.8000000000000003,63.13999999999999,20.0,31.68,852.0,859.9000244140625,819.0999755859375,826.1599731445312,0.5748470860320114,1
2021-01-16,15.0,6.9,56.940000000000005,66.36,9.57,0.52,17.0,11.66,40.04,0.0,3.6,47.56,0.0,3.84,852.0,859.9000244140625,819.0999755859375,826.1599731445312,0.7459173188998143,1
2021-01-17,18.0,2.88,70.47,45.75,2.88,0.0,40.150000000000006,10.29,37.24,0.0,1.6,35.26,0.0,23.01,852.0,859.9000244140625,819.0999755859375,826.1599731445312,0.7161849044753701,1
2021-01-18,17.5,2.4,47.790000000000006,43.5,5.76,0.44,24.750000000000004,13.72,44.84,0.0,3.88,50.84,20.28,40.12,852.0,859.9000244140625,819.0999755859375,826.1599731445312,0.8484065766484973,1
2021-01-19,7.0,2.72,61.56,34.5,21.6,0.66,20.35,11.27,68.4,0.0,3.36,59.86,0.0,17.11,837.7999877929688,850.0,833.0,844.5499877929688,0.26697121060928797,0
2021-01-20,15.0,2.88,52.650000000000006,47.25,18.24,1.54,23.65,16.169999999999998,66.12,0.0,0.72,54.94,0.0,41.89,858.739990234375,859.5,837.280029296875,850.4500122070312,0.7530536284141189,1
2021-01-21,16.5,2.4,51.84,43.5,23.52,1.98,36.85,16.169999999999998,69.92,0.0,2.56,56.58,0.0,50.15,855.0,855.719970703125,841.4199829101562,844.989990234375,0.712599668317903,1
2021-01-22,18.5,3.2,56.7,38.25,22.08,2.86,48.400000000000006,6.37,70.68,0.0,3.36,59.86,19.5,51.33,834.3099975585938,848.0,828.6199951171875,846.6400146484375,0.33035043057581226,0
2021-01-23,15.5,3.52,56.7,35.25,3.84,1.32,37.400000000000006,19.6,41.8,0.0,3.68,52.48,0.0,23.6,834.3099975585938,848.0,828.6199951171875,846.6400146484375,0.31810533486014625,0
2021-01-24,14.22,5.61,77.0,51.8,6.37,7.0,49.41,19.0,53.12,0.0,0.8,34.86,0.0,13.68,834.3099975585938,848.0,828.6199951171875,846.6400146484375,0.2431296232049307,0
2021-01-25,36.34,4.95,63.91,28.0,46.41,23.0,29.28,44.08,67.22999999999999,0.0,2.16,57.27,0.0,39.9,855.0,900.4000244140625,838.8200073242188,880.7999877929688,0.2926892637361049,0
2021-01-26,32.39,8.58,60.83,28.7,50.05,28.0,33.55,47.12,78.85,0.0,2.2,55.61,0.0,7.979999999999999,891.3800048828125,895.9000244140625,871.5999755859375,883.0900268554688,0.6307512145864465,1
2021-01-27,50.56,12.87,46.2,32.2,77.35000000000001,100.0,22.57,55.48,72.21,0.0,3.3200000000000003,55.61,0.0,41.04,870.3499755859375,891.5,858.6599731445312,864.1599731445312,0.7558390183130481,1
2021-01-28,50.56,13.86,52.36,32.2,87.36,21.0,45.75,76.0,78.85,0.0,2.6,59.76,10.0,41.04,820.0,848.0,801.0,835.4299926757812,0.18502363543309308,0
2021-01-29,62.41,18.15,43.89,33.599999999999994,66.43,3.0,57.95,51.68,83.0,0.0,2.64,63.08,0.0,25.08,830.0,842.4099731445312,780.0999755859375,793.530029296875,0.5096115905290741,1
2021-01-30,52.14,12.54,47.74,51.1,19.11,2.0,38.43,45.6,43.99,0.0,0.4,51.46,0.0,32.489999999999995,830.0,842.4099731445312,780.0999755859375,793.530029296875,0.8147585166513073,1
2021-01-31,88.0,8.68,61.5,42.88,7.04,0.0,36.96,43.68,59.63,0.0,1.23,39.1,0.0,15.04,830.0,842.4099731445312,780.0999755859375,793.530029296875,0.7133753038974473,1
2021-02-01,100.0,28.52,60.0,27.52,33.92,3.54,31.68,47.88,76.54,0.0,2.61,77.35,9.12,31.02,814.2899780273438,842.0,795.5599975585938,839.8099975585938,0.33700995331212036,0
2021-02-02,58.0,28.83,61.5,33.28,35.2,4.8,15.84,32.76,81.88,0.0,2.01,77.35,9.31,29.14,844.6799926757812,880.5,842.2000122070312,872.7899780273438,0.3787688759708625,0
2021-02-03,32.0,24.8,46.5,16.64,32.0,6.0,27.72,35.28,68.53,0.0,2.67,73.1,0.0,28.67,877.02001953125,878.0800170898438,853.0599975585938,854.6900024414062,0.8462776018397478,1
2021-02-04,40.0,31.0,69.75,29.44,30.72,1.2,25.74,43.68,68.53,0.0,2.37,77.35,0.0,38.07,855.0,856.5,833.4199829101562,849.989990234375,0.9943281641014963,1
2021-02-05,26.0,22.32,47.25,28.8,23.68,0.0,16.5,52.08,78.32000000000001,0.0,1.35,79.05,18.81,20.68,845.0,864.77001953125,838.969970703125,852.22998046875,0.06607774533170574,0
2021-02-06,22.0,25.73,52.5,35.84,7.68,1.3199999999999998,23.1,39.48,33.82,0.0,0.75,62.9,0.0,6.58,845.0,864.77001953125,838.969970703125,852.22998046875,0.34670515299446464,0
2021-02-07,12.920000000000002,27.26,51.00000000000001,38.48,3.3600000000000003,0.86,43.8,57.330000000000005,44.5,0.0,1.44,43.2,0.0,12.2,845.0,864.77001953125,838.969970703125,852.22998046875,0.3723305631807569,0
2021-02-08,28.56,26.97,46.92,41.44,20.160000000000004,0.0,27.01,91.0,72.98,0.0,0.96,63.2,0.0,14.64,869.6699829101562,877.77001953125,854.75,863.4199829101562,0.6265131498246805,1
2021-02-09,23.8,24.65,38.080000000000005,34.04,24.64,0.42,16.06,36.4,75.65,0.0,1.05,65.60000000000001,19.89,34.77,855.1199951171875,859.7999877929688,841.75,849.4600219726562,0.8547598919590036,1
2021-02-10,24.48,20.88,46.24,38.48,26.880000000000003,0.0,10.22,35.49,73.87,0.0,1.68,67.2,19.5,34.16,843.6400146484375,844.8200073242188,800.02001953125,804.8200073242188,0.7381244227614852,1
2021-02-11,29.92,21.17,41.48,32.56,25.76,0.0,28.47,38.22,64.97,0.0,1.68,65.60000000000001,19.11,45.14,812.4400024414062,829.8800048828125,801.72998046875,811.6599731445312,0.8480933396901918,1
2021-02-12,12.24,19.14,40.8,31.82,21.28,0.8200000000000001,23.36,23.66,63.19,0.0,2.37,69.60000000000001,0.0,37.82,801.260009765625,817.3300170898438,785.3300170898438,816.1199951171875,0.039720934741506064,0
2021-02-13,19.72,20.3,61.2,46.62,3.92,0.44,48.91,30.03,41.83,0.0,3.0,60.8,0.0,4.27,801.260009765625,817.3300170898438,785.3300170898438,816.1199951171875,0.4316857590090618,0
2021-02-14,9.6,9.87,57.6,57.96,3.0,0.0,19.55,28.06,38.400000000000006,0.0,0.72,46.98,0.0,13.8,801.260009765625,817.3300170898438,785.3300170898438,816.1199951171875,0.2387385552435835,0
2021-02-15,6.0,12.6,69.60000000000001,53.76,6.5,2.52,24.65,20.74,54.400000000000006,0.0,2.13,68.73,20.8,26.91,801.260009765625,817.3300170898438,785.3300170898438,816.1199951171875,0.3774873326911033,0
2021-02-16,7.6,10.71,52.0,50.4,22.5,2.52,28.05,24.4,60.8,0.0,2.43,80.91,0.0,40.02,818.0,821.0,792.4400024414062,796.219970703125,0.6098955578049562,1
2021-02-17,10.4,10.5,52.8,32.76,24.5,2.46,33.15,34.16,51.2,0.0,1.71,79.17,0.0,55.88999999999999,779.0900268554688,799.8400268554688,762.010009765625,798.1500244140625,0.3048048141039525,0
2021-02-18,8.8,11.34,67.2,58.8,23.0,1.2,48.45,21.96,66.4,0.0,2.04,73.95,20.0,56.58,780.9000244140625,794.6900024414062,776.27001953125,787.3800048828125,0.3932769975613025,0
2021-02-19,11.6,11.13,59.2,46.2,16.0,1.26,36.55,22.57,62.400000000000006,0.0,1.71,82.65,0.0,22.08,795.0,796.7899780273438,777.3699951171875,781.2999877929688,0.6103277735620026,1
2021-02-20,7.2,11.34,74.4,55.44,4.0,1.38,85.0,33.55,37.6,0.0,2.67,66.99,0.0,43.47,795.0,796.7899780273438,777.3699951171875,781.2999877929688,0.7243897232875358,1
2021-02-21,9.2,11.34,82.0,100.0,5.58,0.0,44.0,22.78,36.9,0.0,0.78,48.4,0.0,35.69,795.0,796.7899780273438,777.3699951171875,781.2999877929688,0.981744458795116,1
2021-02-22,8.8,9.0,61.49999999999999,77.0,47.43,7.9,72.0,14.74,83.7,0.0,1.98,73.92,0.0,49.8,762.6400146484375,768.5,710.2000122070312,714.5,0.872873149302492,1
2021-02-23,14.0,10.44,73.8,73.0,93.0,4.1000000000000005,43.0,33.5,90.0,0.0,2.04,79.2,100.0,62.25,662.1300048828125,713.6099853515625,619.0,698.8400268554688,0.2490660678713696,0
2021-02-24,6.4,10.08,57.4,45.0,75.33,10.0,63.0,30.15,74.7,0.0,1.68,81.84,0.0,66.39999999999999,711.8499755859375,745.0,694.1699829101562,742.02001953125,0.18279942871549054,0
2021-02-25,10.4,9.9,56.58,41.0,63.24,0.0,46.0,28.14,80.10000000000001,43.61,1.02,88.0,0.0,77.19,726.1500244140625,737.2100219726562,670.5800170898438,682.219970703125,0.6896093858750658,1
2021-02-26,8.8,7.92,57.4,49.0,62.31,4.1000000000000005,64.0,28.81,81.9,0.0,1.02,85.36,99.0,83.0,700.0,706.7000122070312,659.510009765625,675.5,0.5732239662929286,1
2021-02-27,4.800000000000001,8.64,71.33999999999999,69.0,13.95,0.0,65.0,24.790000000000003,32.4,0.0,1.95,70.4,0.0,64.74,700.0,706.7000122070312,659.510009765625,675.5,0.8539101856509357,1
2021-02-28,14.4,6.970000000000001,77.08,34.56,7.47,1.15,21.6,22.44,45.5,48.0,1.5,57.96,0.0,20.72,700.0,706.7000122070312,659.510009765625,675.5,0.6240499311057047,1
2021-03-01,26.55,7.48,72.97999999999999,41.04,38.18,0.9,47.4,46.24,84.63000000000001,0.0,0.4499999999999999,85.56,0.0,54.02,690.1099853515625,719.0,685.0499877929688,718.4299926757812,0.29203175764703493,0
2021-03-02,24.3,6.29,62.31999999999999,26.64,36.52,0.9,36.6,68.0,79.17,0.0,3.0,73.60000000000001,0.0,27.38,718.280029296875,721.1099853515625,685.0,686.4400024414062,0.5933592371405966,1
2021-03-03,38.25,6.12,63.13999999999999,39.6,43.16,4.5,13.8,53.040000000000006,91.0,48.0,1.38,78.2,11.6,31.08,687.989990234375,700.7000122070312,651.7100219726562,653.2000122070312,0.8590513304720565,1
2021-03-04,29.25,7.82,43.46,28.08,50.63,1.8,13.8,42.84,80.08,0.0,1.83,73.60000000000001,0.0,40.7,655.7999877929688,668.4500122070312,600.0,621.4400024414062,0.8570481719763091,1
2021-03-05,45.0,17.0,62.31999999999999,40.32,83.0,2.8000000000000003,40.2,14.96,86.45,0.0,0.24,80.04,0.0,32.56,626.0599975585938,627.8400268554688,539.489990234375,597.9500122070312,0.8866275361347355,1
2021-03-06,27.45,11.22,62.31999999999999,59.04,18.26,2.0500000000000003,34.8,20.4,47.32,0.0,0.27,58.88,40.0,35.52,626.0599975585938,627.8400268554688,539.489990234375,597.9500122070312,0.6818686585709296,1
2021-03-07,23.52,8.120000000000001,67.22999999999999,77.0,19.0,0.0,28.8,16.200000000000003,46.74,0.0,1.3199999999999998,46.0,0.0,25.2,626.0599975585938,627.8400268554688,539.489990234375,597.9500122070312,0.7179968159961543,1
2021-03-08,46.56,6.300000000000001,73.86999999999999,44.66,81.0,1.08,48.0,25.380000000000003,65.6,0.0,1.86,67.16,6.0,54.9,600.5499877929688,620.1300048828125,558.7899780273438,563.0,0.9478149004284573,1
2021-03-09,34.56,6.300000000000001,58.1,51.59,95.0,1.14,14.4,31.860000000000003,71.33999999999999,0.0,1.17,70.84,0.0,78.3,608.1799926757812,678.0900268554688,595.2100219726562,673.5800170898438,0.4352416666110969,0
2021-03-10,33.12,5.880000000000001,48.14,40.81,80.0,2.16,24.6,14.04,72.97999999999999,0.0,0.4499999999999999,71.76,0.0,54.0,700.2999877929688,717.8499755859375,655.0599975585938,668.0599975585938,0.9415563892961938,1
2021-03-11,31.2,4.2,68.89,54.67,61.0,1.08,25.2,19.98,72.97999999999999,0.0,2.1,69.0,0.0,82.8,699.4000244140625,702.5,677.1799926757812,699.5999755859375,0.4371433972892162,0
2021-03-12,8.16,4.62,60.59,41.58,50.0,2.22,31.8,29.160000000000004,72.97999999999999,0.0,1.41,88.32000000000001,0.0,67.5,670.0,694.8800048828125,666.1400146484375,693.72998046875,0.1063482675174055,0
2021-03-13,22.08,5.32,58.93,58.52,13.0,3.54,42.0,18.36,39.36,0.0,0.99,83.72,0.0,11.7,670.0,694.8800048828125,666.1400146484375,693.72998046875,0.12473308627997398,0
2021-03-14,14.4,5.279999999999999,85.0,81.78,5.67,1.9,18.0,31.9,30.81,0.0,0.32,62.0,0.0,43.2,670.0,694.8800048828125,666.1400146484375,693.72998046875,0.34228653199331044,0
2021-03-15,12.96,4.68,48.45,36.66,28.98,0.0,23.4,37.7,67.15,0.0,0.5,88.0,0.0,77.75999999999999,694.0900268554688,713.1799926757812,684.0399780273438,707.9400024414062,0.3688347197439105,0
2021-03-16,20.16,5.16,57.8,76.14,30.24,0.0,26.4,34.22,67.94,0.0,0.52,89.0,0.0,96.0,703.3499755859375,707.9199829101562,671.0,676.8800048828125,0.9011732305520532,1
2021-03-17,20.52,3.84,55.25,77.08,30.24,1.75,10.8,35.379999999999995,64.78,0.0,0.74,100.0,0.0,85.44,656.8699951171875,703.72998046875,651.010009765625,701.8099975585938,0.3247143075278469,0
2021-03-18,9.36,4.56,52.7,47.94,30.87,1.75,30.0,35.96,64.78,0.0,0.9,87.0,0.0,51.84,684.2899780273438,689.22998046875,652.0,653.1599731445312,0.824174105982846,1
2021-03-19,11.52,3.84,53.55,46.06,25.83,0.0,39.6,40.02,56.88,0.0,0.3,87.0,22.5,58.56,646.5999755859375,657.22998046875,624.6199951171875,654.8699951171875,0.014618842787555264,0
2021-03-20,21.24,4.2,73.1,78.96,7.56,0.0,43.2,43.5,36.34,0.0,0.34,69.0,0.0,32.64,646.5999755859375,657.22998046875,624.6199951171875,654.8699951171875,0.06597580008785486,0
2021-03-21,27.36,4.0,66.22,83.7,5.76,0.0,42.21,26.52,46.17,0.0,2.04,43.2,0.0,23.22,646.5999755859375,657.22998046875,624.6199951171875,654.8699951171875,0.10423685010645195,0
2021-03-22,14.06,3.3000000000000003,52.46,72.9,30.08,0.72,34.65,23.97,61.56,0.0,0.69,69.3,0.0,51.6,684.5900268554688,699.6199951171875,668.75,670.0,0.9633167011004846,1
2021-03-23,18.24,2.5,63.64,43.2,29.44,0.72,37.8,15.81,73.71000000000001,0.0,0.69,71.10000000000001,0.0,51.6,675.77001953125,677.7999877929688,657.510009765625,662.1599731445312,0.8709017024780081,1
2021-03-24,22.04,3.5,75.67999999999999,45.9,29.44,1.4,20.16,26.01,68.04,0.0,1.11,69.3,0.0,81.7,667.9099731445312,668.02001953125,630.1099853515625,630.27001953125,0.7398019190210422,1
2021-03-25,16.34,2.8000000000000003,79.12,45.0,28.8,1.44,40.95,26.52,74.52000000000001,0.0,0.8999999999999999,70.2,0.0,67.94,613.0,645.5,609.5,640.3900146484375,0.34282119013467394,0
2021-03-26,14.82,3.7,55.04,48.6,32.64,1.48,18.27,24.99,55.89,0.0,0.96,71.10000000000001,0.0,26.66,641.8699951171875,643.8200073242188,599.8900146484375,618.7100219726562,0.854631823168325,1
2021-03-27,14.06,3.1,74.82,84.60000000000001,6.4,0.84,13.23,12.24,29.97,0.0,0.78,56.7,0.0,18.06,641.8699951171875,643.8200073242188,599.8900146484375,618.7100219726562,0.5981572985135498,1
2021-03-28,16.96,3.74,71.89,73.60000000000001,2.75,13.0,22.32,42.88,33.88,0.0,1.68,46.55,0.0,38.07,641.8699951171875,643.8200073242188,599.8900146484375,618.7100219726562,0.8406746031120962,1
2021-03-29,24.0,2.53,51.35,65.32000000000001,24.200000000000003,2.34,36.72,31.49,62.370000000000005,0.0,2.44,76.95,0.0,63.99,615.6400146484375,616.47998046875,596.02001953125,611.2899780273438,0.8314750019996576,1
2021-03-30,8.64,3.52,52.14,42.32,28.05,4.8100000000000005,72.0,39.53,65.45,0.0,1.24,76.95,0.0,75.33,601.75,637.6599731445312,591.010009765625,635.6199951171875,0.32389647071834077,0
2021-03-31,11.84,3.19,62.41,79.12,24.750000000000004,0.0,46.08,34.84,67.76,0.0,2.12,76.95,0.0,58.32000000000001,646.6199951171875,672.0,641.1099853515625,667.9299926757812,0.4850204419084226,0
2021-04-01,12.48,4.18,61.620000000000005,46.0,33.550000000000004,0.26,44.64,34.84,42.35,0.0,1.56,95.0,0.0,24.3,688.3699951171875,692.4199829101562,659.4199829101562,661.75,0.8600948432940714,1
2021-04-02,14.72,2.86,42.66,66.24000000000001,14.85,0.78,36.0,50.92,44.66,0.0,1.64,95.0,0.0,59.940000000000005,688.3699951171875,692.4199829101562,659.4199829101562,661.75,0.9814203519385708,1
2021-04-03,10.24,3.19,58.46,92.0,7.700000000000001,0.13,56.16,24.12,30.03,0.0,1.36,72.2,0.0,16.200000000000003,688.3699951171875,692.4199829101562,659.4199829101562,661.75,0.9522099557326096,1
2021-04-04,20.67,2.75,87.42,77.42,6.0,0.14,47.45,45.88,29.160000000000004,0.0,1.4,47.85,0.0,21.0,688.3699951171875,692.4199829101562,659.4199829101562,661.75,0.5245774604424147,1
2021-04-05,22.23,3.19,57.34,46.61,60.0,0.14,40.95,59.2,44.55,0.0,1.2,77.42999999999999,0.0,85.0,707.7100219726562,708.1599731445312,684.7000122070312,691.0499877929688,0.8302885804884592,1
2021-04-06,28.08,2.97,56.4,41.870000000000005,39.6,0.0,53.3,57.72,46.98,0.0,2.36,83.52,0.0,83.0,690.2999877929688,696.5499877929688,681.3699951171875,691.6199951171875,0.26761967131495357,0
2021-04-07,12.87,3.41,74.25999999999999,55.3,32.4,0.07,52.0,37.74,50.220000000000006,0.0,1.52,74.82,0.0,69.0,687.0,691.3800048828125,667.8400268554688,670.969970703125,0.858276253203317,1
2021-04-08,23.01,2.86,59.22,43.45,31.8,0.21,29.9,34.04,54.27,0.0,2.28,77.42999999999999,19.6,75.0,677.3800048828125,689.5499877929688,671.6500244140625,683.7999877929688,0.35215369441108274,0
2021-04-09,14.82,4.07,70.5,57.67,28.2,0.28,52.65,30.34,42.120000000000005,0.0,3.48,80.04,0.0,47.0,677.77001953125,680.969970703125,669.4299926757812,677.02001953125,0.7762260750837895,1
2021-04-10,14.43,4.07,73.32,58.46,5.4,0.42,53.95,21.46,25.110000000000003,0.0,2.16,67.86,0.0,20.0,677.77001953125,680.969970703125,669.4299926757812,677.02001953125,0.600963623178664,1
2021-04-11,12.58,9.0,68.88,59.2,3.54,0.11,38.25,37.7,36.27,0.0,2.28,50.46,0.0,22.88,677.77001953125,680.969970703125,669.4299926757812,677.02001953125,0.7849850088477949,1
2021-04-12,18.360000000000003,7.38,68.88,59.2,32.45,0.33,20.4,36.4,66.96000000000001,0.0,1.14,80.04,0.0,30.8,685.7000122070312,704.7999877929688,682.0900268554688,701.97998046875,0.4532330313388982,0
2021-04-13,24.82,8.82,62.16,45.6,51.33,0.77,17.34,37.7,64.17,0.0,1.2,78.3,10.2,67.76,712.7000122070312,763.0,710.6599731445312,762.3200073242188,0.38125156369094115,0
2021-04-14,12.920000000000002,10.8,46.2,41.6,44.25,0.99,44.37,39.65,67.89,0.0,2.01,77.42999999999999,0.0,75.68,770.7000122070312,780.7899780273438,728.030029296875,732.22998046875,0.5014457296190409,1
2021-04-15,11.22,8.459999999999999,53.76,34.4,35.4,0.44,51.0,29.9,63.24,0.0,1.44,78.3,9.8,71.28,743.0999755859375,743.6900024414062,721.3099975585938,738.8499755859375,0.62460016880286,1
2021-04-16,30.6,18.0,49.56,48.8,35.989999999999995,0.66,20.91,34.45,59.52,0.0,0.8999999999999999,82.65,0.0,63.36,728.6500244140625,749.4099731445312,724.5999755859375,739.780029296875,0.0013899427390354213,0
2021-04-17,8.5,13.32,52.92,70.4,7.67,0.22,31.62,26.65,27.9,0.0,1.68,66.12,0.0,17.6,728.6500244140625,749.4099731445312,724.5999755859375,739.780029296875,0.2622056452763683,0
2021-04-18,14.44,8.84,88.0,61.620000000000005,4.16,0.24,44.8,28.67,41.0,0.0,2.24,49.3,0.0,37.2,728.6500244140625,749.4099731445312,724.5999755859375,739.780029296875,0.35734822770697644,0
2021-04-19,38.0,9.52,61.6,49.77,31.200000000000003,2.4,52.48,21.96,81.0,0.0,1.96,77.35,10.0,82.77000000000001,719.5999755859375,725.4000244140625,691.7999877929688,714.6300048828125,0.8685084415564017,1
2021-04-20,31.54,11.39,56.32,45.82,30.68,2.64,51.84,43.92,72.0,0.0,2.72,73.1,20.0,93.0,717.4199829101562,737.25,710.6900024414062,718.989990234375,0.40866563356297075,0
2021-04-21,19.0,7.82,44.88,33.18,28.6,1.44,39.04,34.77,80.0,0.0,2.36,77.35,0.0,76.26,704.77001953125,744.8400268554688,698.0,744.1199951171875,0.006460073316287784,0
2021-04-22,14.82,7.99,66.0,41.870000000000005,22.880000000000003,3.36,61.44,38.43,100.0,0.0,2.36,70.55,10.0,88.35000000000001,741.5,753.77001953125,718.0399780273438,719.6900024414062,0.7661726160182425,1
2021-04-23,12.92,7.48,59.84,52.14,23.92,1.44,35.84,58.56,74.0,0.0,2.0,72.25,0.0,27.9,719.7999877929688,737.3599853515625,715.4600219726562,729.4000244140625,0.10191323865327856,0
2021-04-24,16.72,11.39,63.36,50.56,4.16,2.16,9.6,61.0,37.0,0.0,4.0,62.05,0.0,18.6,719.7999877929688,737.3599853515625,715.4600219726562,729.4000244140625,0.49711787791389705,0
2021-04-25,11.47,17.43,64.97,60.35,5.28,6.0,76.23,25.83,40.74,0.0,1.32,51.92,0.0,17.2,719.7999877929688,737.3599853515625,715.4600219726562,729.4000244140625,0.4592331960876734,0
2021-04-26,18.5,13.23,71.2,68.85,62.040000000000006,75.0,53.13,45.99,71.78,0.0,2.36,83.6,30.6,30.96,741.0,749.2999877929688,732.6099853515625,738.2000122070312,0.7954532851032414,1
2021-04-27,27.01,14.07,53.4,63.75,59.400000000000006,20.25,74.69,36.54,77.6,0.0,3.2,74.8,0.0,82.56,717.9600219726562,724.0,703.3499755859375,704.739990234375,0.5981211412698877,1
2021-04-28,18.13,13.65,61.41,56.1,40.260000000000005,4.5,51.59,38.43,75.66,0.0,1.56,80.96,0.0,60.2,696.4099731445312,708.5,693.5999755859375,694.4000244140625,0.9087132052218768,1
2021-04-29,26.27,12.18,68.53,52.7,45.54,3.0,51.59,38.43,71.78,0.0,1.52,84.48,0.0,64.5,699.510009765625,702.25,668.5,677.0,0.801205429882056,1
2021-04-30,14.06,12.18,63.19,56.95,41.580000000000005,1.5,41.58,25.83,66.92999999999999,0.0,1.92,82.72,0.0,74.82,667.5900268554688,715.469970703125,666.1400146484375,709.4400024414062,0.05198520456293382,0
2021-05-01,7.77,1.47,65.86,72.25,9.24,0.0,29.26,23.94,49.47,23.52,1.04,68.64,60.0,48.16,667.5900268554688,715.469970703125,666.1400146484375,709.4400024414062,0.4280037447481471,0
2021-05-02,14.88,5.28,73.04,75.2,4.699999999999999,0.0,27.3,26.22,39.6,97.0,1.08,57.2,0.0,36.96,667.5900268554688,715.469970703125,666.1400146484375,709.4400024414062,0.2853724121096926,0
2021-05-03,9.92,3.52,61.6,63.2,31.49,1.96,39.9,55.2,67.5,0.0,2.16,82.72,69.60000000000001,41.16,703.7999877929688,706.0,680.5,684.9000244140625,0.8781866945827532,1
2021-05-04,11.16,3.52,45.76,60.0,28.67,2.84,35.0,34.5,72.0,0.0,2.4,79.2,0.0,75.6,678.9400024414062,683.4500122070312,657.7000122070312,673.5999755859375,0.8826058552471329,1
2021-05-05,11.47,3.96,66.88,49.6,24.91,1.92,23.1,55.2,76.5,0.0,1.52,75.68,34.4,58.8,681.0599975585938,685.2999877929688,667.3400268554688,670.9400024414062,0.6990291771441661,1
2021-05-06,15.81,3.52,47.52,65.60000000000001,27.26,0.0,53.2,35.879999999999995,80.10000000000001,0.0,2.8000000000000003,78.32000000000001,0.0,73.92,680.760009765625,681.02001953125,650.0,663.5399780273438,0.8613212831269885,1
2021-05-07,16.74,5.28,64.24,44.0,28.2,0.0,28.0,52.44,72.9,0.0,1.64,81.84,0.0,34.44,665.7999877929688,690.0,660.219970703125,672.3699951171875,0.2335512410382114,0
2021-05-08,16.43,10.12,62.48,52.8,3.76,0.0,37.8,52.44,44.1,0.0,1.76,66.0,0.0,31.08,665.7999877929688,690.0,660.219970703125,672.3699951171875,0.23994927757730528,0
2021-05-09,22.36,100.0,65.0,72.9,5.8500000000000005,1.68,38.28,46.2,43.2,0.0,2.52,49.28,0.0,16.53,665.7999877929688,690.0,660.219970703125,672.3699951171875,0.33856570374691347,0
2021-05-10,37.44,30.0,64.0,60.3,42.9,1.5,31.32,49.56,80.64,45.0,2.56,79.2,0.0,53.94,664.9000244140625,665.0499877929688,627.6099853515625,629.0399780273438,0.5030884167441314,1
2021-05-11,39.0,14.0,64.0,60.3,65.0,0.0,44.08,52.08,96.0,0.0,1.88,77.44,0.0,76.56,599.239990234375,627.0999755859375,595.5999755859375,617.2000122070312,0.11889993341651284,0
2021-05-12,33.800000000000004,10.0,82.0,63.0,63.7,1.44,35.96,72.24,79.67999999999999,0.0,2.16,74.8,0.0,86.13,602.489990234375,620.4099731445312,586.77001953125,589.8900146484375,0.6353009392982081,1
2021-05-13,36.92,12.0,86.0,53.1,59.15,3.0,24.94,56.28,87.36,0.0,0.32,77.44,0.0,58.29,601.5399780273438,606.4600219726562,559.6500244140625,571.6900024414062,0.8131229597764245,1
2021-05-14,52.0,10.0,86.0,64.8,53.95,0.0,17.98,47.04,83.52,0.0,4.0,88.0,0.0,87.0,583.4099731445312,592.8699951171875,570.4600219726562,589.739990234375,0.44050842185010286,0
2021-05-15,23.4,7.0,92.0,66.60000000000001,14.95,0.0,42.92,42.84,53.76,0.0,1.88,64.24,0.0,33.93,583.4099731445312,592.8699951171875,570.4600219726562,589.739990234375,0.05061716372354458,0
2021-05-16,20.21,2.16,75.53,74.8,6.959999999999999,1.12,35.28,58.08,35.7,25.0,1.8,47.3,0.0,28.12,583.4099731445312,592.8699951171875,570.4600219726562,589.739990234375,0.3784605648156675,0
2021-05-17,29.14,1.92,56.42,68.85,44.66,2.0,20.88,55.44,58.65,0.0,0.64,78.26,0.0,54.02,575.5499877929688,589.72998046875,561.2000122070312,576.8300170898438,0.27496569233565266,0
2021-05-18,24.44,1.2,74.62,68.0,46.98,4.0,24.48,73.04,68.0,0.0,2.2,77.4,0.0,54.02,568.0,596.25,563.3800048828125,577.8699951171875,0.4418588383248521,0
2021-05-19,17.39,1.68,60.97,45.9,45.82,1.92,30.24,70.4,75.64999999999999,0.0,0.6,68.8,0.0,48.1,552.5499877929688,566.2100219726562,546.97998046875,563.4600219726562,0.03840917318081705,0
2021-05-20,29.61,1.2,62.79,40.8,36.54,0.0,49.68,82.72,62.9,0.0,2.56,74.82,0.0,62.9,575.0,588.8499755859375,571.0700073242188,586.780029296875,0.345002209565724,0
2021-05-21,25.38,0.96,59.15,65.45,40.6,0.0,32.4,88.0,56.1,0.0,1.96,79.98,0.0,38.48,596.1099853515625,596.6799926757812,580.0,580.8800048828125,0.8709667606024967,1
2021-05-22,15.98,0.96,91.0,85.0,8.12,1.16,61.92,40.48,35.7,0.0,0.76,56.76,0.0,24.42,596.1099853515625,596.6799926757812,580.0,580.8800048828125,0.8192418920555748,1
2021-05-23,14.06,0.8999999999999999,82.56,73.71000000000001,5.5,0.0,37.82,39.05,33.58,0.0,0.54,43.99,0.0,29.26,596.1099853515625,596.6799926757812,580.0,580.8800048828125,0.5667735400867271,1
2021-05-24,19.61,0.75,67.08,44.55,33.0,0.25,21.08,31.24,54.75,0.0,2.16,76.36,0.0,34.65,581.5999755859375,614.47998046875,573.6500244140625,606.4400024414062,0.3673103963968651,0
2021-05-25,14.06,0.4499999999999999,49.88,51.84,41.0,0.25,55.18,31.24,50.37,0.0,2.16,72.21,0.0,60.83,607.3099975585938,613.989990234375,595.7100219726562,604.6900024414062,0.7817440621580221,1
2021-05-26,10.36,0.4499999999999999,60.2,52.650000000000006,35.0,0.25,32.86,51.12,44.53,0.0,0.48,69.72,0.0,38.5,607.5599975585938,626.1699829101562,601.5,619.1300048828125,0.3142042205975064,0
2021-05-27,14.43,0.6,62.78,53.46,34.0,0.0,45.88,52.54,57.67,0.0,1.44,72.21,9.2,52.36,620.239990234375,631.1300048828125,616.2100219726562,630.8499755859375,0.13160950792537562,0
2021-05-28,7.4,0.4499999999999999,71.38,51.03,35.0,0.51,46.5,56.8,49.64,0.0,0.72,77.19,0.0,40.04,628.5,635.5900268554688,622.3800048828125,625.219970703125,0.9988641968760827,1
2021-05-29,19.98,0.4499999999999999,72.24,59.13,4.0,0.0,20.46,51.12,25.55,0.0,0.54,61.42,0.0,39.27,628.5,635.5900268554688,622.3800048828125,625.219970703125,0.897944350424942,1
2021-05-30,8.91,0.64,59.5,54.6,2.8,0.0,65.0,28.6,23.31,0.0,1.8,43.16,0.0,24.750000000000004,628.5,635.5900268554688,622.3800048828125,625.219970703125,0.6296244050507024,1
2021-05-31,8.91,0.48,70.55,68.64,2.8,0.56,21.45,24.7,17.64,0.0,2.12,52.29,0.0,7.15,628.5,635.5900268554688,622.3800048828125,625.219970703125,0.6502721369913091,1
2021-06-01,6.6000000000000005,8.48,63.75,37.44,21.0,0.0,24.7,46.8,56.07,0.0,3.0,83.0,0.0,55.00000000000001,627.7999877929688,633.7999877929688,620.5499877929688,623.9000244140625,0.7667291379426028,1
2021-06-02,21.12,9.76,39.95,60.06,30.8,0.5,50.7,37.7,63.0,0.0,2.4,75.53,0.0,38.5,620.1300048828125,623.3599853515625,599.1400146484375,605.1199951171875,0.8931127663372753,1
2021-06-03,8.58,11.52,67.14999999999999,60.84,28.7,0.0,35.1,63.7,58.59,0.0,1.96,73.86999999999999,0.0,54.45,601.7999877929688,604.5499877929688,571.219970703125,572.8400268554688,0.9705735379042522,1
2021-06-04,6.6000000000000005,16.0,52.7,31.200000000000003,30.1,0.52,50.05,25.35,60.48,0.0,1.52,78.85,0.0,36.85,579.7100219726562,600.6099853515625,577.2000122070312,599.0499877929688,0.48739133402715057,0
2021-06-05,22.44,15.52,80.75,77.22,6.65,0.58,40.3,32.5,46.62,0.0,2.28,62.25,0.0,12.65,579.7100219726562,600.6099853515625,577.2000122070312,599.0499877929688,0.3009488626314134,0
2021-06-06,12.0,11.64,85.56,53.2,4.92,0.0,32.25,34.1,40.260000000000005,0.0,1.68,50.4,0.0,16.5,579.7100219726562,600.6099853515625,577.2000122070312,599.0499877929688,0.29595631943188383,0
2021-06-07,10.2,9.36,62.31,49.4,27.88,0.0,58.5,14.3,56.1,0.0,2.85,73.08,17.8,47.25,591.8300170898438,610.0,582.8800048828125,605.1300048828125,0.26185508959113485,0
2021-06-08,10.4,7.439999999999999,66.03,76.0,33.21,1.5,43.5,14.85,64.68,0.0,1.83,73.08,0.0,68.25,623.010009765625,623.0900268554688,595.5,603.5900268554688,0.5718704542219883,1
2021-06-09,7.800000000000001,6.84,78.12,54.15,27.47,0.0,59.25,35.75,61.38,0.0,1.11,72.24,0.0,58.5,602.1699829101562,611.7899780273438,597.6300048828125,598.780029296875,0.9653951085323225,1
2021-06-10,5.4,5.16,61.38,69.35,25.83,1.53,48.75,18.15,58.080000000000005,0.0,1.11,73.92,0.0,59.25,603.8800048828125,616.5900268554688,600.5,610.1199951171875,0.4876921968791238,0
2021-06-11,8.200000000000001,7.08,76.26,70.3,27.06,2.37,62.25,22.0,65.34,0.0,1.92,76.44,19.200000000000003,51.0,610.22998046875,612.5599975585938,601.52001953125,609.8900146484375,0.7923582841200961,1
2021-06-12,6.0,5.76,86.49000000000001,69.35,4.92,0.0,60.0,55.00000000000001,35.64,0.0,1.26,62.16,0.0,28.5,610.22998046875,612.5599975585938,601.52001953125,609.8900146484375,0.7818468295230148,1
2021-06-13,26.0,5.0,83.7,76.44,5.32,0.0,46.400000000000006,29.680000000000003,35.38,0.0,0.8,47.31,0.0,12.6,610.22998046875,612.5599975585938,601.52001953125,609.8900146484375,0.5958579020925838,1
2021-06-14,13.52,5.1000000000000005,85.56,54.6,20.52,0.0,38.400000000000006,42.56,54.9,0.0,0.48,73.03999999999999,0.0,39.0,612.22998046875,625.489990234375,609.1799926757812,617.6900024414062,0.11965254414274606,0
2021-06-15,17.16,4.9,54.870000000000005,77.35000000000001,25.46,1.53,47.2,21.28,48.8,0.0,1.24,71.38,0.0,39.6,616.6900024414062,616.7899780273438,598.22998046875,599.3599853515625,0.6164493959958941,1
2021-06-16,15.34,4.3,61.38,58.24,24.7,0.75,55.2,42.56,50.02,0.0,0.98,71.38,0.0,27.6,597.5399780273438,608.5,593.5,604.8699951171875,0.26555946507305195,0
2021-06-17,10.4,5.4,53.010000000000005,43.68,22.04,0.78,47.2,36.96,45.75,0.0,1.5,68.89,0.0,27.6,601.8900146484375,621.469970703125,601.3400268554688,616.5999755859375,0.08115718521439641,0
2021-06-18,12.22,4.3,56.73,49.14,19.76,1.56,26.4,3.3600000000000003,41.48,0.0,0.76,74.7,0.0,16.2,613.3699951171875,628.3499755859375,611.7999877929688,623.3099975585938,0.3936277016326446,0
2021-06-19,11.7,4.0,66.96000000000001,60.97,4.94,1.74,39.2,42.00000000000001,30.5,0.0,0.28,56.44,0.0,13.2,613.3699951171875,628.3499755859375,611.7999877929688,623.3099975585938,0.08197194451257078,0
2021-06-20,10.260000000000002,5.0,74.8,60.97,3.08,0.0,22.2,37.17,28.08,0.0,0.86,48.14,0.0,5.2,613.3699951171875,628.3499755859375,611.7999877929688,623.3099975585938,0.3529819776352659,0
2021-06-21,8.91,5.1000000000000005,60.72,61.88,29.48,0.78,48.6,51.92,37.260000000000005,0.0,2.0,73.86999999999999,0.0,52.0,624.47998046875,631.3900146484375,608.8800048828125,620.8300170898438,0.7980724232127486,1
2021-06-22,7.290000000000001,4.0,51.04,50.05,24.2,0.78,32.4,35.989999999999995,41.040000000000006,0.0,0.74,73.86999999999999,0.0,42.9,618.25,628.5700073242188,615.5,623.7100219726562,0.04079960756374401,0
2021-06-23,10.53,3.9,56.32,70.07000000000001,31.24,0.75,28.8,25.37,43.74,0.0,1.48,67.22999999999999,19.32,33.800000000000004,632.0,657.2000122070312,630.0399780273438,656.5700073242188,0.3611543321451954,0
2021-06-24,14.580000000000002,4.3,69.52,56.42,44.0,0.0,43.2,12.98,39.96,0.0,0.5,70.55,0.0,48.1,674.989990234375,697.6199951171875,667.6099853515625,679.8200073242188,0.3077177071140227,0
2021-06-25,3.78,4.4,65.12,52.78,40.04,0.0,36.6,40.12,40.5,0.0,1.28,73.86999999999999,0.0,26.65,689.5800170898438,693.8099975585938,668.7000122070312,671.8699951171875,0.8768465763595141,1
2021-06-26,9.99,5.4,65.12,91.0,8.36,0.87,33.0,29.5,22.14,0.0,0.56,57.27,0.0,19.5,689.5800170898438,693.8099975585938,668.7000122070312,671.8699951171875,0.5588590611420428,1
2021-06-27,7.800000000000001,5.0,91.0,61.42,3.33,0.0,24.42,34.77,18.72,0.0,2.13,47.04,0.0,38.16,689.5800170898438,693.8099975585938,668.7000122070312,671.8699951171875,0.6355309394040747,1
2021-06-28,15.6,5.1000000000000005,47.32,47.31,22.2,0.78,46.86,20.13,29.12,0.0,1.14,74.75999999999999,0.0,23.76,671.6400146484375,694.7000122070312,670.3200073242188,688.719970703125,0.3973949760360802,0
2021-06-29,7.0200000000000005,4.4,71.89,45.65,22.57,0.0,32.34,47.58,48.88,0.0,2.64,73.08,18.8,38.16,684.6500244140625,687.510009765625,675.8900146484375,680.760009765625,0.9059274216125004,1
2021-06-30,10.14,3.8,59.15,45.65,24.79,3.0,66.0,35.99,45.24,0.0,1.47,72.24,0.0,56.16,679.77001953125,692.8099975585938,678.1400146484375,679.7000122070312,0.5596143903487851,1
2021-07-01,26.0,5.6000000000000005,70.98,44.82,16.28,0.12,60.720000000000006,29.28,39.52,0.0,1.08,78.96,0.0,35.28,683.9199829101562,687.989990234375,672.7999877929688,677.9199829101562,0.6557627335606826,1
2021-07-02,9.62,6.1000000000000005,59.15,42.33,19.24,0.18,17.82,23.79,37.44,0.0,1.14,78.96,0.0,37.44,678.97998046875,700.0,673.260009765625,678.9000244140625,0.7759128864005661,1
2021-07-03,6.5,5.4,76.44,55.61,2.22,0.0,46.2,18.91,28.08,0.0,1.02,61.32,0.0,23.04,678.97998046875,700.0,673.260009765625,678.9000244140625,0.5249689765148075,1
2021-07-04,21.7,6.300000000000001,93.0,51.62,2.4,0.0,51.46,23.92,28.09,0.0,0.58,44.2,0.0,19.25,678.97998046875,700.0,673.260009765625,678.9000244140625,0.9815201998822407,1
2021-07-05,13.02,5.5,69.75,64.08,1.2,0.0,65.57,29.64,37.63,0.0,0.14,65.45,0.0,9.35,678.97998046875,700.0,673.260009765625,678.9000244140625,0.8261634453674094,1
2021-07-06,11.47,6.2,68.82000000000001,53.4,12.9,0.24,30.71,8.84,49.82,0.0,0.38,85.0,0.0,48.400000000000006,681.7100219726562,684.0,651.4000244140625,659.5800170898438,0.6540164863964198,1
2021-07-07,4.34,4.800000000000001,79.05,50.73,13.5,0.16,62.25,5.720000000000001,45.580000000000005,0.0,0.24,72.25,0.0,23.1,664.27001953125,665.7000122070312,638.3200073242188,644.6500244140625,0.7642833614268417,1
2021-07-08,13.64,5.6000000000000005,63.24,53.4,13.8,0.16,83.0,34.84,49.82,0.0,0.24,74.8,0.0,44.0,628.3699951171875,654.4299926757812,620.4600219726562,652.8099975585938,0.021889822872384113,0
2021-07-09,16.12,5.6000000000000005,64.17,50.73,11.7,0.08,57.27,37.96,46.64,0.0,0.62,83.3,0.0,32.45,653.1799926757812,658.9099731445312,644.6900024414062,656.9500122070312,0.29078836986101314,0
2021-07-10,15.5,6.6000000000000005,79.05,58.74,2.7,0.0,63.91,26.0,31.270000000000003,0.0,0.14,60.35,0.0,31.35,653.1799926757812,658.9099731445312,644.6900024414062,656.9500122070312,0.029632560503846994,0
2021-07-11,9.43,9.72,74.82,57.6,2.16,0.22,83.52,45.05,29.700000000000003,0.0,0.8099999999999999,46.28,0.0,24.96,653.1799926757812,658.9099731445312,644.6900024414062,656.9500122070312,0.4770795331786311,0
2021-07-12,6.67,9.0,71.38,55.8,18.0,1.1,44.16,42.93,52.25000000000001,0.0,0.54,78.32000000000001,0.0,52.0,662.2000122070312,687.239990234375,662.1599731445312,685.7000122070312,0.27051710379277755,0
2021-07-13,13.57,6.96,66.22,50.4,15.12,0.22,55.68,26.5,51.7,0.0,0.36,77.43,0.0,41.6,686.3200073242188,693.280029296875,666.2999877929688,668.5399780273438,0.9330317146198794,1
2021-07-14,6.67,7.199999999999999,76.53999999999999,40.5,15.48,0.66,44.16,8.48,46.75000000000001,0.0,1.7999999999999998,80.1,6.93,44.72,670.75,678.6099853515625,652.8400268554688,653.3800048828125,0.7505819456065355,1
2021-07-15,8.51,6.6,65.36,46.8,16.2,0.0,66.24,29.68,43.45,0.0,0.18,86.33,0.0,49.92,658.3900146484375,666.1400146484375,637.8800048828125,650.5999755859375,0.5343409288881745,1
2021-07-16,11.96,4.68,57.62,39.6,14.4,0.44,60.48,26.5,51.150000000000006,0.0,0.93,80.99,0.0,26.52,654.6799926757812,656.7000122070312,642.2000122070312,644.219970703125,0.5329160098450724,1
2021-07-17,13.34,6.96,76.53999999999999,64.8,2.16,0.22,85.44,13.25,30.800000000000004,0.0,0.63,61.41,0.0,21.32,654.6799926757812,656.7000122070312,642.2000122070312,644.219970703125,0.6070522803948054,1
2021-07-18,11.0,11.2,64.80000000000001,59.940000000000005,2.1,0.52,51.46,21.5,35.84,0.0,0.84,49.3,0.0,14.249999999999998,654.6799926757812,656.7000122070312,642.2000122070312,644.219970703125,0.5614893954832727,1
2021-07-19,3.3,9.24,51.03,46.17,12.95,0.52,32.86,24.08,52.080000000000005,0.0,1.29,76.5,0.0,25.08,629.8900146484375,647.2000122070312,621.2899780273438,646.219970703125,0.19468517207415192,0
2021-07-20,4.84,14.000000000000002,52.650000000000006,39.690000000000005,17.5,0.52,32.86,28.81,55.440000000000005,0.0,3.0,70.55,0.0,50.73,651.989990234375,662.3900146484375,640.5,660.5,0.4997540584833235,0
2021-07-21,11.0,10.78,52.650000000000006,29.97,16.099999999999998,1.04,50.84,18.49,47.6,0.0,1.98,72.25,0.0,52.44,659.6099853515625,664.8599853515625,650.2899780273438,655.2899780273438,0.9630670972796911,1
2021-07-22,6.6,10.080000000000002,56.7,34.02,17.849999999999998,1.56,32.86,16.77,55.440000000000005,0.0,0.39,71.39999999999999,0.0,38.19,656.4400024414062,662.1699829101562,644.5999755859375,649.260009765625,0.8939684152784626,1
2021-07-23,6.6,8.540000000000001,72.09,32.400000000000006,11.55,1.56,36.58,21.93,52.64000000000001,0.0,0.18,77.35,0.0,42.74999999999999,646.3599853515625,648.7999877929688,637.2999877929688,643.3800048828125,0.8434011924488507,1
2021-07-24,14.52,9.24,63.18000000000001,81.0,2.45,0.91,55.18,29.67,31.360000000000003,0.0,0.42,60.35,0.0,9.12,646.3599853515625,648.7999877929688,637.2999877929688,643.3800048828125,0.952111460721755,1
2021-07-25,11.760000000000002,6.800000000000001,59.13,73.08,3.43,8.459999999999999,54.72,17.1,37.44,0.0,0.42,47.31,0.0,4.24,646.3599853515625,648.7999877929688,637.2999877929688,643.3800048828125,0.8485322240358242,1
2021-07-26,22.4,5.6000000000000005,75.33,57.42,38.71,47.0,27.36,24.75,50.96,0.0,0.54,68.89,0.0,22.790000000000003,650.969970703125,668.2000122070312,647.1099853515625,657.6199951171875,0.19060322405118246,0
2021-07-27,10.36,5.5,57.510000000000005,43.5,49.0,22.09,51.68,45.0,40.04,0.0,0.75,68.06,20.13,27.03,663.4000244140625,666.5,627.239990234375,644.780029296875,0.992083845582594,1
2021-07-28,15.96,4.7,54.27,44.37,21.07,0.0,42.56,24.3,52.0,0.0,1.26,66.39999999999999,19.52,25.97,647.0,654.969970703125,639.4000244140625,646.97998046875,0.6295928823663761,1
2021-07-29,4.2,4.4,61.56,42.63,24.99,0.94,28.12,25.2,44.72,0.0,1.11,69.72,61.0,23.32,649.7899780273438,683.6900024414062,648.7999877929688,677.3499755859375,0.07852012988414314,0
2021-07-30,16.240000000000002,3.6,57.510000000000005,34.8,19.11,2.82,12.16,19.8,34.84,0.0,1.11,77.19,20.13,19.08,671.760009765625,697.530029296875,669.0,687.2000122070312,0.4454326765625239,0
2021-07-31,13.72,6.5,70.47,59.16,6.37,0.0,75.24,11.25,28.08,0.0,1.44,60.59,0.0,25.97,671.760009765625,697.530029296875,669.0,687.2000122070312,0.3463920060490366,0
2021-08-01,12.25,4.6000000000000005,64.68,62.16,4.68,0.0,59.2,20.54,15.12,0.0,2.04,54.6,0.0,24.18,671.760009765625,697.530029296875,669.0,687.2000122070312,0.028751094484092465,0
2021-08-02,8.75,5.4,55.44,61.32,24.12,2.31,58.46,23.700000000000003,32.940000000000005,0.0,1.84,82.32,0.0,40.56,700.0,726.9400024414062,698.4000244140625,709.6699829101562,0.20159019932309274,0
2021-08-03,6.75,5.7,51.59,52.08,36.0,2.31,54.02,18.96,34.02,0.0,3.08,77.28,0.0,44.46,719.0,722.6500244140625,701.010009765625,709.739990234375,0.569389021068921,1
2021-08-04,13.25,7.4,57.75,54.6,26.64,4.550000000000001,28.86,25.28,27.0,0.0,2.16,75.6,0.0,53.04,711.0,724.9000244140625,708.9299926757812,710.9199829101562,0.9653577200361492,1
2021-08-05,16.0,6.0,47.74,45.36,30.6,4.69,25.9,79.0,36.18,0.0,0.64,82.32,0.0,46.02,716.0,720.9500122070312,711.4099731445312,714.6300048828125,0.8436072919161348,1
2021-08-06,9.0,5.1000000000000005,40.04,57.96,23.4,2.31,59.94,45.82,30.24,0.0,0.64,78.96,0.0,17.94,711.9000244140625,716.3300170898438,697.6300048828125,699.0999755859375,0.7825296267703528,1
2021-08-07,17.5,6.2,58.52,78.11999999999999,5.4,0.0,42.18,28.44,21.06,0.0,1.36,61.32,0.0,14.82,711.9000244140625,716.3300170898438,697.6300048828125,699.0999755859375,0.7821341243097573,1
2021-08-08,27.0,7.5,80.96000000000001,49.77,1.55,0.0,45.6,42.0,18.700000000000003,0.0,0.18,50.4,0.0,7.93,711.9000244140625,716.3300170898438,697.6300048828125,699.0999755859375,0.5717193324182824,1
2021-08-09,14.31,6.9,80.96000000000001,55.3,19.84,1.32,37.2,16.2,32.45,0.0,0.76,80.64,0.0,45.75,710.1699829101562,719.030029296875,705.1300048828125,713.760009765625,0.28315443342164404,0
2021-08-10,7.56,7.9,67.16,50.56,22.01,0.0,24.6,14.4,42.35,0.0,0.32,77.28,0.0,21.35,713.989990234375,716.5900268554688,701.8800048828125,709.989990234375,0.842381241931129,1
2021-08-11,4.59,5.4,64.4,45.03,18.6,0.0,39.6,33.0,32.45,0.0,0.76,72.24,0.0,41.48,712.7100219726562,715.1799926757812,704.2100219726562,707.8200073242188,0.5751809491507893,1
2021-08-12,14.580000000000002,6.2,74.52000000000001,56.09,21.7,4.0,37.8,18.0,37.400000000000006,50.0,0.32,76.44,0.0,21.35,706.3400268554688,722.7999877929688,699.4000244140625,722.25,0.22731072339291813,0
2021-08-13,14.85,6.800000000000001,68.08,60.830000000000005,18.29,0.0,24.0,18.0,30.800000000000004,0.0,0.78,84.0,0.0,35.99,723.7100219726562,729.9000244140625,714.3400268554688,717.1699829101562,0.8907506995155672,1
2021-08-14,21.33,5.5,76.36,49.77,2.48,0.0,22.8,19.8,20.35,0.0,0.86,63.0,0.0,19.52,723.7100219726562,729.9000244140625,714.3400268554688,717.1699829101562,0.7224245477973803,1
2021-08-15,18.6,5.85,75.53,80.0,2.16,0.0,33.629999999999995,13.53,18.27,0.0,1.05,52.08,0.0,26.1,723.7100219726562,729.9000244140625,714.3400268554688,717.1699829101562,0.894705449367128,1
2021-08-16,14.26,4.77,61.42,49.6,27.72,0.34,30.68,13.94,43.47,0.0,0.72,80.64,0.0,23.78,705.0700073242188,709.5,676.4000244140625,686.1699829101562,0.7758180314214722,1
2021-08-17,8.37,4.77,51.46,49.6,30.96,0.33,29.5,1.23,49.14,0.0,2.07,82.32,0.0,19.72,672.6599731445312,674.5800170898438,648.8400268554688,665.7100219726562,0.951083294588069,1
2021-08-18,24.49,4.14,58.93,47.2,27.72,0.32,32.45,2.46,31.5,0.0,0.24,79.8,0.0,32.48,669.75,695.77001953125,669.3499755859375,688.989990234375,0.16179914811096446,0
2021-08-19,8.37,5.04,68.06,44.8,24.84,0.33,33.04,9.84,44.73,0.0,0.24,80.64,0.0,23.2,678.2100219726562,686.5499877929688,667.5900268554688,673.469970703125,0.9390544588903678,1
2021-08-20,24.8,8.64,60.59,52.8,30.6,0.65,26.55,13.53,42.21,0.0,1.38,82.32,0.0,30.16,682.8499755859375,692.1300048828125,673.7000122070312,680.260009765625,0.7296036011884741,1
2021-08-21,15.19,8.91,73.03999999999999,66.4,6.12,0.0,29.5,17.22,20.79,0.0,0.75,63.84,0.0,0.0,682.8499755859375,692.1300048828125,673.7000122070312,680.260009765625,0.8497334383636348,1
2021-08-22,9.5,11.0,82.8,50.400000000000006,2.48,0.0,43.47,12.3,37.24,0.0,1.29,48.97,0.0,9.49,682.8499755859375,692.1300048828125,673.7000122070312,680.260009765625,0.5548948915345968,1
2021-08-23,12.16,8.03,75.60000000000001,61.6,17.36,0.0,36.54,9.84,60.04,0.0,0.0,72.21,0.0,43.07,685.4400024414062,712.1300048828125,680.75,706.2999877929688,0.2613690987733358,0
2021-08-24,11.02,7.04,63.9,44.0,23.56,0.7000000000000001,42.21,10.66,76.0,0.0,3.0,77.19,0.0,63.51,710.6799926757812,715.219970703125,702.6400146484375,708.489990234375,0.915394878039104,1
2021-08-25,6.65,6.38,88.2,46.400000000000006,19.22,0.64,28.35,8.61,65.36,0.0,0.93,77.19,0.0,32.85,707.030029296875,716.969970703125,704.0,711.2000122070312,0.4255232969757478,0
2021-08-26,12.16,6.49,58.5,49.6,19.53,0.0,28.98,9.84,63.08,0.0,0.96,78.85,0.0,73.0,708.3099975585938,715.4000244140625,697.6199951171875,701.1599731445312,0.6428370928217265,1
2021-08-27,15.39,5.61,90.0,55.2,18.91,0.0,6.93,8.61,54.72,0.0,0.24,80.50999999999999,0.0,34.31,705.0,715.0,702.0999755859375,711.9199829101562,0.34715768313063716,0
2021-08-28,9.31,5.5,75.60000000000001,68.8,5.27,0.0,63.0,9.43,33.44,0.0,0.78,60.59,0.0,13.87,705.0,715.0,702.0999755859375,711.9199829101562,0.16016755459673176,0
2021-08-29,2.4,4.2,63.0,63.2,2.56,0.0,31.82,12.74,36.8,0.0,0.88,53.68,0.0,7.409999999999999,705.0,715.0,702.0999755859375,711.9199829101562,0.0007809801280900253,0
2021-08-30,6.24,3.22,59.64,43.2,16.96,0.63,59.94,13.72,76.0,0.0,0.77,82.72,0.0,28.5,714.719970703125,731.0,712.72998046875,730.9099731445312,0.0982234125233935,0
2021-08-31,6.48,3.22,44.52,48.8,20.48,0.0,38.48,11.76,77.60000000000001,0.0,2.53,86.24,0.0,29.64,733.0,740.3900146484375,726.4400024414062,735.719970703125,0.0058850621876194165,0
2021-09-01,14.16,1.05,66.36,47.2,28.16,0.0,26.64,19.6,60.0,0.0,1.21,83.6,0.0,26.22,734.0800170898438,741.989990234375,731.27001953125,734.0900268554688,0.2934299529743689,0
2021-09-02,6.24,0.91,58.8,41.6,26.88,0.0,42.92,18.13,52.8,0.0,4.18,82.72,19.11,38.19,734.5,740.969970703125,730.5399780273438,732.3900146484375,0.707705539609206,1
2021-09-03,24.0,0.91,63.0,63.2,25.92,0.0,19.98,9.31,46.400000000000006,0.0,11.0,88.0,0.0,23.94,732.25,734.0,724.2000122070312,733.5700073242188,0.38741743951937885,0
2021-09-04,9.84,1.4700000000000002,74.75999999999999,61.6,6.72,0.0,49.58,28.91,32.800000000000004,0.0,7.04,64.24,0.0,17.669999999999998,732.25,734.0,724.2000122070312,733.5700073242188,0.4980827710524244,0
2021-09-05,9.92,0.77,54.72,53.68,1.82,0.0,34.720000000000006,21.6,24.49,0.0,1.3,45.6,0.0,43.47,732.25,734.0,724.2000122070312,733.5700073242188,0.02500296743846253,0
2021-09-06,9.28,1.12,96.0,88.0,3.64,0.99,48.720000000000006,15.75,36.34,0.0,1.05,52.0,44.0,25.53,732.25,734.0,724.2000122070312,733.5700073242188,0.3079727294460775,0
2021-09-07,8.48,1.33,69.12,52.8,24.44,0.9,32.480000000000004,22.95,51.35,0.0,0.4,80.0,0.0,37.26,740.0,760.2000122070312,739.260009765625,752.9199829101562,0.1376825962929228,0
2021-09-08,1.44,0.77,51.84,65.12,18.98,0.0,35.28,24.75,57.67,0.0,0.35,70.4,39.6,64.86,761.5800170898438,764.4500122070312,740.77001953125,753.8699951171875,0.9696392718658803,1
2021-09-09,2.88,1.2600000000000002,91.2,45.76,16.38,0.9,35.84,27.0,63.2,0.0,0.4,76.80000000000001,0.0,55.88999999999999,753.4099731445312,762.0999755859375,751.6300048828125,754.8599853515625,0.20000862430706512,0
2021-09-10,2.88,0.8400000000000001,63.36,87.12,19.76,0.92,33.6,23.4,53.72,0.0,0.3,74.4,0.0,23.46,759.5999755859375,762.6099853515625,734.52001953125,736.27001953125,0.9156465007810128,1
2021-09-11,3.2,1.33,69.12,53.68,1.82,0.0,33.040000000000006,21.15,27.65,0.0,0.3,60.8,0.0,26.22,759.5999755859375,762.6099853515625,734.52001953125,736.27001953125,0.9027385105269378,1
2021-09-12,12.06,1.7000000000000002,50.16,57.67,2.6,0.0,36.92,20.65,42.3,0.0,0.48,47.88,20.79,11.25,759.5999755859375,762.6099853515625,734.52001953125,736.27001953125,0.6534644907209679,1
2021-09-13,6.3,1.6,74.8,73.47,20.02,0.91,26.27,10.62,78.96,0.0,0.6,75.6,0.0,36.0,740.2100219726562,744.780029296875,708.8499755859375,743.0,0.2685430062705722,0
2021-09-14,9.36,1.9,52.8,59.25,19.76,0.0,48.28,24.19,73.32,0.0,1.14,73.92,0.0,60.0,742.5700073242188,754.469970703125,736.4000244140625,744.489990234375,0.14714682783267452,0
2021-09-15,3.06,2.1,54.56,45.03,16.38,0.0,21.3,23.6,66.74,0.0,1.5,78.96,0.0,39.0,745.0,756.8599853515625,738.3599853515625,755.8300170898438,0.3884149881761433,0
2021-09-16,4.68,2.2,64.24,52.14,16.38,0.0,44.73,18.88,78.96,0.0,0.78,75.6,0.0,40.5,752.8300170898438,758.9099731445312,747.6099853515625,756.989990234375,0.12849196809546365,0
2021-09-17,8.1,2.2,70.4,39.5,16.38,0.0,46.15,14.16,69.56,0.0,1.38,80.64,0.0,21.0,757.1500244140625,761.0399780273438,750.0,759.489990234375,0.3147612058154837,0
2021-09-18,1.7999999999999998,2.8000000000000003,74.8,63.2,4.42,0.0,58.22,38.94,40.42,0.0,1.14,62.16,0.0,27.75,757.1500244140625,761.0399780273438,750.0,759.489990234375,0.10300288979752398,0
2021-09-19,7.68,6.08,88.32000000000001,72.21,1.96,1.96,29.44,29.25,42.78,0.0,0.22,42.93,63.36,37.76,757.1500244140625,761.0399780273438,750.0,759.489990234375,0.4293531616093621,0
2021-09-20,5.44,5.13,76.36,55.68,21.840000000000003,0.0,49.92,32.5,73.47,0.0,1.43,73.71000000000001,0.0,59.52,734.5599975585938,742.0,718.6199951171875,730.1699829101562,0.8424729513942601,1
2021-09-21,5.6000000000000005,3.99,60.720000000000006,69.6,23.8,1.8,51.2,35.75,86.49000000000001,0.0,4.84,68.04,0.0,34.56,734.7899780273438,744.739990234375,730.4400024414062,739.3800048828125,0.09573994065676994,0
2021-09-22,5.44,3.61,63.48,54.81,22.680000000000003,0.0,46.08,35.1,77.19,0.0,6.16,72.9,56.96,33.92,743.530029296875,753.6699829101562,739.1199951171875,751.9400024414062,0.20847153070337948,0
2021-09-23,5.6000000000000005,3.42,71.76,56.55,19.040000000000003,1.8,30.72,33.15,93.0,0.0,2.97,73.71000000000001,0.0,34.56,755.0,758.2000122070312,747.9199829101562,753.6400146484375,0.639823747908473,1
2021-09-24,2.88,17.86,80.04,61.77,17.080000000000002,0.0,24.32,24.7,67.89,0.0,1.98,75.33,60.16,49.28,745.8900146484375,774.7999877929688,744.5599975585938,774.3900146484375,0.1506962933286991,0
2021-09-25,3.2,19.0,56.120000000000005,63.51,6.720000000000001,0.0,42.88,37.7,39.06,0.0,1.65,59.13,0.0,24.96,745.8900146484375,774.7999877929688,744.5599975585938,774.3900146484375,0.10197763859383158,0
2021-09-26,20.24,8.25,64.80000000000001,74.75999999999999,5.28,5.0,87.0,25.42,41.4,0.0,0.24,45.9,0.0,10.35,745.8900146484375,774.7999877929688,744.5599975585938,774.3900146484375,0.005274049239611667,0
2021-09-27,16.1,4.65,53.46,55.44,33.0,0.0,46.11,50.84,75.44,0.0,0.84,75.64999999999999,0.0,46.23,773.1199951171875,799.0,769.3099975585938,791.3599853515625,0.4714508262065241,0
2021-09-28,22.08,3.6,63.18000000000001,49.56,27.72,4.45,59.16,62.0,73.60000000000001,0.0,0.52,75.64999999999999,0.0,69.0,787.2000122070312,795.6400146484375,766.1799926757812,777.5599975585938,0.6556057617251914,1
2021-09-29,15.64,4.2,53.46,47.04,26.73,0.0,49.59,52.7,76.36,0.0,0.72,74.8,0.0,49.67999999999999,779.7999877929688,793.5,770.6799926757812,781.3099975585938,0.11039712078458358,0
2021-09-30,12.19,5.7,53.46,56.28,21.45,4.5,68.73,19.84,79.12,0.0,0.6,81.6,39.13,46.92,781.0,789.1300048828125,775.0,775.47998046875,0.8884903323597619,1
2021-10-01,5.29,6.15,66.42,63.84,9.9,0.0,74.82,39.06,77.28,0.0,0.12,83.3,0.0,28.29,778.4000244140625,780.780029296875,763.5900268554688,775.219970703125,0.517308677314049,1
2021-10-02,7.82,4.95,73.71000000000001,83.16,4.95,0.2,48.72,52.08,54.28,0.0,0.08,60.35,0.0,15.87,778.4000244140625,780.780029296875,763.5900268554688,775.219970703125,0.6294943633043897,1
2021-10-03,8.58,7.000000000000001,75.0,70.0,1.3,0.56,37.26,21.83,53.72,0.0,4.0,46.41,0.0,14.96,778.4000244140625,780.780029296875,763.5900268554688,775.219970703125,0.8037252287362739,1
2021-10-04,13.26,7.000000000000001,58.5,35.7,10.92,0.0,59.34,30.68,76.63000000000001,0.0,100.0,76.44,45.54,61.2,796.5,806.969970703125,776.1199951171875,781.530029296875,0.5080613555587845,1
2021-10-05,10.92,5.880000000000001,38.25,41.3,8.58,0.56,40.02,25.37,69.52000000000001,0.0,98.0,78.26,0.0,44.2,784.7999877929688,797.3099975585938,774.2000122070312,780.5900268554688,0.7577248944754474,1
2021-10-06,8.06,6.16,45.0,35.7,7.54,0.0,42.78,47.2,75.05,0.0,32.0,76.44,0.0,47.6,776.2000122070312,786.6599731445312,773.219970703125,782.75,0.454699238985608,0
2021-10-07,8.32,7.140000000000001,48.75,44.8,9.1,0.56,27.6,51.33,72.68,0.0,16.0,81.9,33.660000000000004,42.16,785.4600219726562,805.0,783.3800048828125,793.6099853515625,0.06210978153193503,0
2021-10-08,7.0200000000000005,8.82,57.0,51.8,7.54,1.12,41.4,25.96,60.040000000000006,0.0,10.0,85.54,34.32,29.92,796.2100219726562,796.3800048828125,780.9099731445312,785.489990234375,0.903869958250481,1
2021-10-09,6.24,5.6000000000000005,51.75,51.8,2.08,0.0,24.84,35.4,33.97,0.0,6.0,68.25,0.0,14.28,796.2100219726562,796.3800048828125,780.9099731445312,785.489990234375,0.5658858595362141,1
2021-10-10,7.79,3.63,44.16,46.2,0.96,0.35,39.0,14.08,34.79,0.0,1.04,50.4,0.0,20.77,796.2100219726562,796.3800048828125,780.9099731445312,785.489990234375,0.9457712236153525,1
2021-10-11,6.08,3.3,42.24,45.6,6.48,0.14,29.25,18.92,58.93,0.0,0.78,76.5,0.0,32.160000000000004,787.6500244140625,801.239990234375,785.5,791.9400024414062,0.45358695878077443,0
2021-10-12,9.12,4.62,37.76,33.0,6.96,0.35,56.25,10.56,54.67,0.0,0.65,82.8,15.3,44.220000000000006,800.9299926757812,812.3200073242188,796.5700073242188,805.719970703125,0.016685114334720308,0
2021-10-13,9.31,4.51,40.32,31.8,7.199999999999999,0.6300000000000001,63.0,19.36,57.51,0.0,0.39,83.7,0.0,48.91,810.469970703125,815.4099731445312,805.780029296875,811.0800170898438,0.43527315778953524,0
2021-10-14,0.95,4.29,37.76,31.8,6.96,0.35,75.0,14.96,56.09,0.0,0.52,86.4,0.0,28.81,815.489990234375,820.25,813.3499755859375,818.3200073242188,0.4986400814776463,0
2021-10-15,6.2700000000000005,3.08,42.88,41.4,7.68,0.49,33.0,15.4,51.12,0.0,0.52,90.0,0.0,42.21,823.739990234375,843.2100219726562,822.3499755859375,843.030029296875,0.22595629473898093,0
2021-10-16,6.84,4.4,51.2,46.2,2.4,0.35,23.25,14.52,34.79,0.0,0.52,67.5,0.0,7.37,823.739990234375,843.2100219726562,822.3499755859375,843.030029296875,0.43226895720320135,0
2021-10-17,14.04,3.6,37.82,45.5,1.52,3.6,35.34,38.22,36.0,0.0,0.28,48.06,17.099999999999998,23.94,823.739990234375,843.2100219726562,822.3499755859375,843.030029296875,0.1221664052003486,0
2021-10-18,14.04,5.279999999999999,39.65,40.3,16.72,6.3,37.2,22.68,54.75,0.0,0.28,80.1,0.0,38.19,851.7899780273438,875.260009765625,851.469970703125,870.1099853515625,0.17218813059483618,0
2021-10-19,8.32,4.44,35.99,24.7,15.58,11.7,32.24,22.68,75.0,0.0,0.14,73.87,0.0,38.19,877.530029296875,877.9500122070312,862.510009765625,864.27001953125,0.7390045130805432,1
2021-10-20,11.18,4.32,34.77,49.4,21.28,45.0,31.62,20.16,69.0,0.0,0.21,74.76,0.0,51.87,865.3499755859375,869.489990234375,857.3800048828125,865.7999877929688,0.007706325816200454,0
2021-10-21,14.04,5.52,33.55,45.5,26.6,43.2,27.28,18.48,72.75,0.0,0.28,78.32000000000001,0.0,43.88999999999999,856.0,900.0,855.5,894.0,0.3989136022624254,0
2021-10-22,9.88,5.16,37.82,37.7,18.24,0.9,39.68,14.28,63.0,0.0,0.28,80.99,0.0,25.08,895.5,910.0,890.9600219726562,909.6799926757812,0.26552167812380956,0
2021-10-23,10.92,5.88,43.92,40.3,4.18,1.35,54.56,13.44,29.25,0.0,0.14,64.97,0.0,11.97,895.5,910.0,890.9600219726562,909.6799926757812,0.06304547928541332,0
2021-10-24,14.35,11.55,51.59,35.879999999999995,3.78,0.24,16.200000000000003,36.04,31.74,0.0,0.12,45.9,0.0,8.25,895.5,910.0,890.9600219726562,909.6799926757812,0.06986276702196698,0
2021-10-25,41.0,13.02,70.07000000000001,46.92,59.22,1.12,33.480000000000004,30.21,64.17,0.0,0.12,71.39999999999999,15.0,20.35,950.530029296875,1045.02001953125,944.2000122070312,1024.8599853515625,0.43910963575562983,0
2021-10-26,32.39,21.0,69.3,36.57,63.0,0.88,35.64,53.0,61.41,0.0,0.12,68.85,7.5,25.85,1024.68994140625,1094.93994140625,1001.4400024414062,1018.4299926757812,0.6045969572702652,1
2021-10-27,23.78,17.849999999999998,49.28,43.47,43.47,0.4,31.32,42.93,66.92999999999999,0.0,0.12,67.14999999999999,7.5,25.85,1039.6600341796875,1070.8800048828125,1030.780029296875,1037.8599853515625,0.7038382725044534,1
2021-10-28,30.75,15.96,63.91,45.54,41.58,0.4,29.700000000000003,36.04,60.72,0.0,0.24,74.8,0.0,55.00000000000001,1068.31005859375,1081.0,1054.199951171875,1077.0400390625,0.2596562527356015,0
2021-10-29,24.19,14.28,55.44,48.3,39.69,0.4,23.22,43.46,53.13,0.0,0.12,79.05,0.0,15.400000000000002,1081.8599853515625,1115.2099609375,1073.2099609375,1114.0,0.027034856332558865,0
2021-10-30,19.27,15.54,50.05,42.09,13.23,0.24,32.940000000000005,11.13,28.29,0.0,0.12,62.05,0.0,25.85,1081.8599853515625,1115.2099609375,1073.2099609375,1114.0,0.44618022624286563,0
2021-10-31,37.83,15.84,60.04,50.37,5.22,0.0,11.16,28.16,33.599999999999994,0.0,0.12,45.76,0.0,23.22,1081.8599853515625,1115.2099609375,1073.2099609375,1114.0,0.13990458792358834,0
2021-11-01,32.76,20.16,57.76,51.74999999999999,50.46,1.0,43.4,17.28,54.6,0.0,2.88,87.12,0.0,61.92,1145.0,1209.75,1118.6600341796875,1208.5899658203125,0.12915676797225545,0
2021-11-02,39.0,24.0,54.72,36.57,53.94,2.95,48.98,17.92,61.6,0.0,3.78,81.84,0.0,43.86,1159.3599853515625,1208.5899658203125,1146.0,1172.0,0.15618263136362237,0
2021-11-03,18.33,13.92,50.16,33.809999999999995,38.28,3.85,29.76,18.56,58.8,0.0,4.74,80.96,0.0,23.22,1177.3299560546875,1215.3900146484375,1152.6199951171875,1213.8599853515625,0.30031776757718104,0
2021-11-04,26.52,13.68,57.76,40.71,42.92,5.0,19.22,17.92,62.3,0.0,5.279999999999999,75.68,13.2,49.02,1234.4100341796875,1243.489990234375,1217.0,1229.9100341796875,0.5518961972838154,1
2021-11-05,29.25,12.48,63.84,33.12,40.6,4.15,24.8,19.84,53.2,0.0,5.46,80.96,0.0,53.32,1228.0,1239.8699951171875,1208.0,1222.0899658203125,0.9229208225862484,1
2021-11-06,23.79,9.36,73.72,46.23,9.28,0.0,18.6,24.96,39.2,0.0,4.8,66.0,15.0,22.36,1228.0,1239.8699951171875,1208.0,1222.0899658203125,0.5054733603777009,1
2021-11-07,13.33,14.0,58.32,64.0,8.71,3.35,32.48,43.0,33.75,0.0,3.96,46.64,0.0,16.43,1228.0,1239.8699951171875,1208.0,1222.0899658203125,0.9392786284203526,1
2021-11-08,21.39,14.2,55.44,42.24,64.32000000000001,2.0,38.28,31.0,57.0,0.0,3.6,76.56,0.0,35.510000000000005,1149.7900390625,1197.0,1133.0,1162.93994140625,0.15708247013203586,0
2021-11-09,24.18,10.0,45.36,42.24,67.0,2.0,46.98,28.0,62.25,0.0,3.54,76.56,0.0,39.75,1173.5999755859375,1174.5,1011.52001953125,1023.5,0.9457148398909918,1
2021-11-10,20.77,8.8,54.72,38.4,60.3,3.95,28.42,100.0,63.75,0.0,5.22,79.2,26.1,29.68,1010.4099731445312,1078.0999755859375,987.3099975585938,1067.949951171875,0.2824188298180747,0
2021-11-11,13.33,10.4,46.8,32.0,65.66000000000001,1.0,34.8,59.0,60.75,0.0,4.14,75.68,0.0,29.15,1102.77001953125,1104.969970703125,1054.6800537109375,1063.510009765625,0.8978008992290534,1
2021-11-12,13.64,7.2,64.08,42.24,42.88,1.0,35.379999999999995,22.0,55.5,0.0,6.0,88.0,0.0,20.14,1047.5,1054.5,1019.2000122070312,1033.4200439453125,0.64000878789944,1
2021-11-13,14.88,7.6,61.2,47.36,11.39,0.0,29.58,22.0,29.25,0.0,2.7,71.28,0.0,13.78,1047.5,1054.5,1019.2000122070312,1033.4200439453125,0.7189992412097357,1
2021-11-14,14.88,17.82,69.0,58.24,3.15,0.6599999999999999,34.0,34.44,30.75,0.0,1.92,49.84,0.0,28.6,1047.5,1054.5,1019.2000122070312,1033.4200439453125,0.5540291555037133,1
2021-11-15,23.87,21.78,57.27,43.52,34.2,2.37,20.4,26.24,66.0,0.0,4.5,88.11,0.0,33.550000000000004,1017.6300048828124,1031.97998046875,978.5999755859376,1013.3900146484376,0.7283666589767583,1
2021-11-16,23.87,13.42,48.99,36.48,35.550000000000004,1.11,55.760000000000005,26.24,75.0,0.0,2.64,80.99,0.0,44.0,1003.3099975585938,1057.199951171875,1002.1799926757812,1054.72998046875,0.3901803770260011,0
2021-11-17,12.71,9.02,51.74999999999999,22.4,28.35,0.57,29.24,29.52,75.0,0.0,4.68,79.21000000000001,0.0,27.500000000000004,1063.510009765625,1119.6400146484375,1055.5,1089.010009765625,0.36463511189371917,0
2021-11-18,21.08,9.24,58.65,40.96,29.7,0.0,23.12,32.8,57.0,0.0,2.82,76.54,13.2,28.6,1106.550048828125,1112.0,1075.02001953125,1096.3800048828125,0.7462599643421064,1
2021-11-19,18.29,7.26,59.34,35.2,22.95,0.0,39.440000000000005,30.34,60.0,0.0,2.52,80.99,0.0,28.6,1098.8699951171875,1138.719970703125,1092.699951171875,1137.06005859375,0.34057510537634195,0
2021-11-20,6.51,8.8,55.2,48.64,6.3,1.3199999999999998,31.28,18.04,27.75,0.0,3.12,65.86,14.55,17.05,1098.8699951171875,1138.719970703125,1092.699951171875,1137.06005859375,0.027221375815690174,0
2021-11-21,11.52,5.880000000000001,60.06,57.72,2.1,0.0,41.89,15.93,17.759999999999998,0.0,1.56,46.48,0.0,7.56,1098.8699951171875,1138.719970703125,1092.699951171875,1137.06005859375,0.12285645191497668,0
2021-11-22,8.16,4.48,58.52,49.14,15.3,0.0,59.0,30.09,29.76,0.0,1.59,74.7,0.0,20.52,1162.3299560546875,1201.949951171875,1132.4300537109375,1156.8699951171875,0.9751360938162971,1
2021-11-23,9.36,5.040000000000001,71.61,42.9,18.3,0.8,35.989999999999995,16.52,27.84,0.0,1.23,73.03999999999999,13.2,15.48,1167.510009765625,1180.5,1062.699951171875,1109.030029296875,0.7308526409909332,1
2021-11-24,11.76,5.32,49.28,30.42,14.7,1.62,25.37,7.08,22.08,0.0,0.8999999999999999,75.53,13.35,18.72,1080.3900146484375,1132.77001953125,1062.0,1116.0,0.22053400702013687,0
2021-11-25,10.08,5.180000000000001,62.370000000000005,59.28,3.3,0.42,21.83,14.16,12.96,0.0,0.57,40.67,0.0,18.36,1080.3900146484375,1132.77001953125,1062.0,1116.0,0.47548244221174946,0
2021-11-26,20.16,4.9,62.370000000000005,55.38,10.8,0.0,18.29,15.93,12.96,0.0,1.26,70.55,13.35,3.6,1099.469970703125,1108.780029296875,1081.0,1081.9200439453125,0.8216756705755874,1
2021-11-27,12.24,3.92,70.84,74.10000000000001,3.0,0.0,25.96,8.85,14.4,0.0,0.57,57.27,0.0,14.4,1099.469970703125,1108.780029296875,1081.0,1081.9200439453125,0.5136718117147292,1
2021-11-28,7.439999999999999,3.84,44.4,37.7,2.28,0.0,15.37,16.8,35.550000000000004,0.0,3.0,53.2,46.55,7.0,1099.469970703125,1108.780029296875,1081.0,1081.9200439453125,0.8197142664022403,1
2021-11-29,12.96,2.88,31.8,30.74,14.82,0.0,28.09,13.44,59.25,0.0,3.9,88.35,0.0,33.599999999999994,1100.989990234375,1142.6700439453125,1100.18994140625,1136.989990234375,0.29226422180869543,0
2021-11-30,8.64,3.48,48.0,22.04,17.1,1.11,35.510000000000005,10.08,75.05,0.0,2.28,87.39999999999999,0.0,70.0,1144.3699951171875,1168.0,1118.0,1144.760009765625,0.41576641247561835,0
