{"id": 810273204447117312, "date": "2016-12-17", "time": "18:59:20", "tweet": "Tamai. Esqueça a Tesla. Este português quer passar o seu carro para elétrico  https://t.co/hRBcK7GFGR", "likes_count": 0, "replies_count": 0, "retweets_count": 0, "hashtags": []}
{"id": 810273195391676416, "date": "2016-12-17", "time": "18:59:18", "tweet": "Tetszett egy videó (@YouTube):  https://t.co/68QizPEsI2 – Here's Why the Tesla Model X Is an Awful Car", "likes_count": 0, "replies_count": 0, "retweets_count": 0, "hashtags": []}
{"id": 810273081612783618, "date": "2016-12-17", "time": "18:58:51", "tweet": "Calling all Tesla Supercharger abusers: Don’t ruin it for the rest of us  https://t.co/Y1F3aewPkK", "likes_count": 0, "replies_count": 0, "retweets_count": 0, "hashtags": []}
{"id": 810273034997288963, "date": "2016-12-17", "time": "18:58:40", "tweet": "Elon Musks latest plan is to dig underground tunnels to avoid traffic jams #Tesla #Models #car #Automotive #cars #A…  https://t.co/BANjC54oVy", "likes_count": 0, "replies_count": 0, "retweets_count": 0, "hashtags": ["tesla", "models", "car", "automotive", "cars", "a"]}
{"id": 810273003703570432, "date": "2016-12-17", "time": "18:58:32", "tweet": "Just received the new Supercharging idle push notification #Tesla #Models #car #Automotive #cars #Autos  https://t.co/MLZyGCXYFV", "likes_count": 1, "replies_count": 0, "retweets_count": 0, "hashtags": ["tesla", "models", "car", "automotive", "cars", "autos"]}
{"id": 810272881850597376, "date": "2016-12-17", "time": "18:58:03", "tweet": "Tesla unveils its 2017 Supercharger network expansion plans  https://t.co/UkYYDhNayq", "likes_count": 0, "replies_count": 0, "retweets_count": 0, "hashtags": []}
{"id": 810272418522501120, "date": "2016-12-17", "time": "18:56:13", "tweet": "イーロン・マスク氏、次はトンネル掘削マシン企業を立ち上げ？: TeslaやSpaceXを立ち上げたイーロン・マスク氏が、「交通渋滞にはあきあきだ。次はトンネル掘削マシンを開発しよう」とツイートした。  https://t.co/6pUjtuqxkI", "likes_count": 0, "replies_count": 0, "retweets_count": 0, "hashtags": []}
{"id": 810272273022259200, "date": "2016-12-17", "time": "18:55:38", "tweet": "Tesla Announces new Idle Fee for Supercharger Use - Motor Trend  https://t.co/WlCfnuWIGx", "likes_count": 1, "replies_count": 0, "retweets_count": 0, "hashtags": []}
{"id": 810272227354513408, "date": "2016-12-17", "time": "18:55:27", "tweet": "@elonmusk This could be fun!😃in a Tesla!  https://t.co/LJBlaxyXhk", "likes_count": 0, "replies_count": 0, "retweets_count": 0, "hashtags": []}
{"id": 810272227086176256, "date": "2016-12-17", "time": "18:55:27", "tweet": "#tesla #chargingstation #instagdl #mexigers #igersguadalajara #shotoniphone6splus  https://t.co/ZZT7BbF3qJ", "likes_count": 0, "replies_count": 0, "retweets_count": 0, "hashtags": ["tesla", "chargingstation", "instagdl", "mexigers", "igersguadalajara", "shotoniphone6splus"]}
{"id": 810272170282598401, "date": "2016-12-17", "time": "18:55:14", "tweet": "[電脳] イーロン・マスク氏、次はトンネル掘削マシン企業を立ち上げ？ （ITmedia）: TeslaやSpaceXを立ち上げたイーロン・マスク氏が、「交通渋滞にはあきあきだ。次はトンネル掘削マシンを開発しよう」とツイートした。…  https://t.co/akdqsMzmwe", "likes_count": 0, "replies_count": 0, "retweets_count": 0, "hashtags": []}
{"id": 810272043371548673, "date": "2016-12-17", "time": "18:54:43", "tweet": "@S1_Tesla Sr.Que esta pasando con zona central estado del tiempo muy cambiante", "likes_count": 0, "replies_count": 0, "retweets_count": 0, "hashtags": []}
{"id": 810271930758680576, "date": "2016-12-17", "time": "18:54:17", "tweet": "Le piramidi producevano energia Wireless come fece Tesla nei primi del 1900  https://t.co/pAZcKDHRTw", "likes_count": 0, "replies_count": 0, "retweets_count": 0, "hashtags": []}
{"id": 810271767004491776, "date": "2016-12-17", "time": "18:53:38", "tweet": "(テスラ)TESLA オールシーズン スポーツタイツ [UVカット・吸汗速乾] コンプレッションウェア パワーストレッチ…  https://t.co/cmVM8umey9 ... #ファッション", "likes_count": 0, "replies_count": 0, "retweets_count": 0, "hashtags": ["ファッション"]}
{"id": 810271762696925184, "date": "2016-12-17", "time": "18:53:37", "tweet": "(テスラ)TESLA HyperDri ドライフィット スポーツ ショーツ [UVカット・吸汗速乾] アクティブ Cool ドライ ランニング アスリート フィットネス パンツ MTP07…  https://t.co/dv6uNuWfHd ... #フィットネス #トレーニング", "likes_count": 0, "replies_count": 0, "retweets_count": 0, "hashtags": ["フィットネス", "トレーニング"]}
{"id": 810271761501560832, "date": "2016-12-17", "time": "18:53:36", "tweet": "(テスラ)TESLA MEN'S 軽量 スポーツ ランニングシューズ E621/E630  https://t.co/wAbjSiL60n  https://t.co/L217rurvay", "likes_count": 0, "replies_count": 0, "retweets_count": 0, "hashtags": []}
{"id": 810271760016809985, "date": "2016-12-17", "time": "18:53:36", "tweet": "(テスラ)TESLA HyperDri ドライフィット スポーツ シャツ [UVカット・吸汗速乾] アクティブ Cool ドライ ランニング アスリート フィットネス トップ MTS03…  https://t.co/h8KwIrexlg ... #フィットネス #トレーニング", "likes_count": 0, "replies_count": 0, "retweets_count": 0, "hashtags": ["フィットネス", "トレーニング"]}
{"id": 810271753838600192, "date": "2016-12-17", "time": "18:53:34", "tweet": "(テスラ)TESLA 冬用起毛 スポーツタイツ [UVカット・吸汗速乾] コンプレッションウェア パワーストレッチ アンダーウェアP33 TESLA(テスラ) (82) 新品： ￥ 999 - ￥…  https://t.co/wUawj67p0M ... #ファッション", "likes_count": 0, "replies_count": 0, "retweets_count": 0, "hashtags": ["ファッション"]}
{"id": 810271682648739840, "date": "2016-12-17", "time": "18:53:17", "tweet": "Why understanding the customer is not enough. #CustomerInsight best practices from #Netflix and #Tesla. @MvanHove  https://t.co/8lGr8GHDpa", "likes_count": 0, "replies_count": 0, "retweets_count": 0, "hashtags": ["customerinsight", "netflix", "tesla"]}
{"id": 810271608866803712, "date": "2016-12-17", "time": "18:53:00", "tweet": "- Tío me he comprado un coche de esos que se conducen solos - A ver, donde está? - Y YO QUE ME SÉ!   #TESLA #problemasdelprimermundo", "likes_count": 0, "replies_count": 0, "retweets_count": 0, "hashtags": ["tesla", "problemasdelprimermundo"]}
