{"id": 802662880776552448, "date": "2016-11-26", "time": "18:58:38", "tweet": "Tesla Motors, Inc. (TSLA) Officially Adds the X-Effect to Model...  https://t.co/Dlc3A4ISm9 #teslamotors", "likes_count": 1, "replies_count": 0, "retweets_count": 0, "hashtags": ["teslamotors"]}
{"id": 802662771217158144, "date": "2016-11-26", "time": "18:58:12", "tweet": "Vídeo análisis del nuevo Tesla Model S 2017 #motor  https://t.co/TIIPC0dCAh", "likes_count": 0, "replies_count": 0, "retweets_count": 0, "hashtags": ["motor"]}
{"id": 802662764879585280, "date": "2016-11-26", "time": "18:58:10", "tweet": "離島の電力需要を100%太陽光で! Teslaがサモアで新たな試み - ガジェット通信  https://t.co/PPCJJm8t47", "likes_count": 0, "replies_count": 0, "retweets_count": 0, "hashtags": []}
{"id": 802662677986340864, "date": "2016-11-26", "time": "18:57:49", "tweet": "Check out Watch for Dad Unique Gift Idea Birthday Gifts for Him Luxury Unusual Tesla Watch   https://t.co/cJ8bDCa3YX via @eBay", "likes_count": 0, "replies_count": 0, "retweets_count": 0, "hashtags": []}
{"id": 802662673485742080, "date": "2016-11-26", "time": "18:57:48", "tweet": "@AJWVictoriaBC @CityofCourtenay Airbnb partnered w/ Tesla to introduce destination chargers at accom. listings:  https://t.co/yecMtmqDb9", "likes_count": 0, "replies_count": 0, "retweets_count": 0, "hashtags": []}
{"id": 802662524000706560, "date": "2016-11-26", "time": "18:57:13", "tweet": "Tesla-Stealing Hack is about Much More than Tesla #Tesla #Hacking #ConnectedCars  https://t.co/nkIQz3p4oO", "likes_count": 0, "replies_count": 0, "retweets_count": 0, "hashtags": ["tesla", "hacking", "connectedcars"]}
{"id": 802662484226080768, "date": "2016-11-26", "time": "18:57:03", "tweet": "@acristinathomas tesla even got sheep", "likes_count": 1, "replies_count": 0, "retweets_count": 0, "hashtags": []}
{"id": 802662358573137920, "date": "2016-11-26", "time": "18:56:33", "tweet": "Does Tesla Model 3's Large Glass Roof Make Manufacturing Much Easier &amp; Quicker?  https://t.co/dLz3nhquHu #CleanTechnica #eco  https://t.co/pUSDHonYG7", "likes_count": 0, "replies_count": 0, "retweets_count": 0, "hashtags": ["cleantechnica", "eco"]}
{"id": 802662352411705344, "date": "2016-11-26", "time": "18:56:32", "tweet": "@ToTheTopChris @WMBtweets @topnigel tesla S range is over 400kms even drove our roadster yyc 2 yeg on a charge  https://t.co/vbP7HLNykN", "likes_count": 0, "replies_count": 0, "retweets_count": 0, "hashtags": []}
{"id": 802662194248904704, "date": "2016-11-26", "time": "18:55:54", "tweet": "[VIDA] Tesla logra que una isla entera del Pacífico funcione 100% con energía...  https://t.co/emrcFmS577 by #elmostrador via @c0nvey", "likes_count": 0, "replies_count": 0, "retweets_count": 0, "hashtags": ["elmostrador"]}
{"id": 802662083766714368, "date": "2016-11-26", "time": "18:55:28", "tweet": "#Tesla converts an entire island of #USA Samoa from 100% #diesel to 100% #solar #energy | @scoopit via @AnCaspari  https://t.co/VL5OhIu8Bp", "likes_count": 1, "replies_count": 0, "retweets_count": 1, "hashtags": ["tesla", "usa", "diesel", "solar", "energy"]}
{"id": 802662013725872129, "date": "2016-11-26", "time": "18:55:11", "tweet": "Tesla Autopilot Unveil Portends Bad News At Tesla  https://t.co/3Y8MUIyBCO  https://t.co/I74Iwxdiqg", "likes_count": 0, "replies_count": 0, "retweets_count": 0, "hashtags": []}
{"id": 802661971631996929, "date": "2016-11-26", "time": "18:55:01", "tweet": "Early on Lyne suspected Nikola Tesla involvement in UFOs just how did the Government reaction involve Communists control starting in 1950s", "likes_count": 0, "replies_count": 0, "retweets_count": 0, "hashtags": []}
{"id": 802661752190226432, "date": "2016-11-26", "time": "18:54:09", "tweet": "Tesla runs an entire island on solar power  https://t.co/BCBlvBqzdz vía @engadget", "likes_count": 0, "replies_count": 0, "retweets_count": 0, "hashtags": []}
{"id": 802661639656833024, "date": "2016-11-26", "time": "18:53:42", "tweet": "When the Tesla woman says, \"well, the base model starts at$66,000.\"…  https://t.co/930x42xSfb", "likes_count": 1, "replies_count": 0, "retweets_count": 0, "hashtags": []}
{"id": 802661615564787713, "date": "2016-11-26", "time": "18:53:36", "tweet": "Crunch Report | Tesla and SolarCity-powered Island  https://t.co/aKYDiRM1sO  https://t.co/pN7xWOnVqM", "likes_count": 0, "replies_count": 0, "retweets_count": 0, "hashtags": []}
{"id": 802661381778636800, "date": "2016-11-26", "time": "18:52:40", "tweet": "Tesla has since confirmed that it is reducing the price of the large-scale energy storage system again  https://t.co/9uhQx2KOTL", "likes_count": 1, "replies_count": 0, "retweets_count": 1, "hashtags": []}
{"id": 802661332646580224, "date": "2016-11-26", "time": "18:52:29", "tweet": "АВТОПИЛОТ TESLA В ДЕЙСТВИИ!  https://t.co/bP0gcaGrmP via @YouTube", "likes_count": 0, "replies_count": 0, "retweets_count": 0, "hashtags": []}
{"id": 802661259535650817, "date": "2016-11-26", "time": "18:52:11", "tweet": "Mi è piaciuto un video di @YouTube:  https://t.co/CHLGNUXs1Y Il Segreto di Nikola Tesla - Film completo in lingua italiana", "likes_count": 0, "replies_count": 0, "retweets_count": 0, "hashtags": []}
{"id": 802661254829576192, "date": "2016-11-26", "time": "18:52:10", "tweet": "Vídeo análisis del nuevo Tesla Model S 2017 #Motor  https://t.co/3yePP5MZJv", "likes_count": 0, "replies_count": 0, "retweets_count": 0, "hashtags": ["motor"]}
{"id": 802661177230663680, "date": "2016-11-26", "time": "18:51:52", "tweet": "c'mon tesla, and keeps standing in awkward places in the store..", "likes_count": 0, "replies_count": 0, "retweets_count": 0, "hashtags": []}
{"id": 802660937379377152, "date": "2016-11-26", "time": "18:50:54", "tweet": "Does Tesla Model 3’s Large Glass Roof Make Manufacturing Much Easier &amp; Quicker?  https://t.co/rQsk53vMbi  https://t.co/OJUwmD0Ce7", "likes_count": 0, "replies_count": 0, "retweets_count": 0, "hashtags": []}
{"id": 802660666695942144, "date": "2016-11-26", "time": "18:49:50", "tweet": "@fsalgadoc @leynoesjusticia No tengo el placer...pero por el momento Putin ya ha desarrollado el Tesla y aplicado en regiones remotas.", "likes_count": 0, "replies_count": 0, "retweets_count": 0, "hashtags": []}
{"id": 802660665018253313, "date": "2016-11-26", "time": "18:49:49", "tweet": "The price has changed on our 2014 Tesla Model S. Take a look:  https://t.co/d0BGDFMayo", "likes_count": 0, "replies_count": 0, "retweets_count": 0, "hashtags": []}
{"id": 802660541231669249, "date": "2016-11-26", "time": "18:49:20", "tweet": "@bauerbrun nada....tenes que tener un kuprianovich 9000 conectado al sistema tesla.", "likes_count": 1, "replies_count": 0, "retweets_count": 0, "hashtags": []}
{"id": 802660515273179136, "date": "2016-11-26", "time": "18:49:14", "tweet": "Tesla powers an island  Tesla has recently agreed to merge with Solar City. To help publicise the merger, Solar  https://t.co/ToCJllwsOq  https://t.co/0eCmDKzo9p", "likes_count": 0, "replies_count": 0, "retweets_count": 0, "hashtags": []}
{"id": 802660361585434624, "date": "2016-11-26", "time": "18:48:37", "tweet": "Gostei de um vídeo @YouTube  https://t.co/UXZCQK9E11 Tesla's Turbine", "likes_count": 0, "replies_count": 0, "retweets_count": 0, "hashtags": []}
{"id": 802660345865179136, "date": "2016-11-26", "time": "18:48:33", "tweet": "Climate Reality Tesla’s Solar Roof Could Save You Some Ser:  https://t.co/7PGPUlnIOq via @YouTube", "likes_count": 0, "replies_count": 0, "retweets_count": 0, "hashtags": []}
{"id": 802660265963778048, "date": "2016-11-26", "time": "18:48:14", "tweet": "Don't become an environmental professional unless you're ready for people to mansplain to you how Tesla is going to fix everything.", "likes_count": 3, "replies_count": 0, "retweets_count": 0, "hashtags": []}
{"id": 802660259626094593, "date": "2016-11-26", "time": "18:48:13", "tweet": "Vídeo análisis del nuevo Tesla Model S 2017 #Motor  https://t.co/81sdee8EDQ", "likes_count": 1, "replies_count": 0, "retweets_count": 0, "hashtags": ["motor"]}
{"id": 802660252072181760, "date": "2016-11-26", "time": "18:48:11", "tweet": "_NewsTechnology: Grand #App Auto: Tesla #Smartphone hack can track, locate, unlock, and start cars  https://t.co/uP8I4VVgmq", "likes_count": 1, "replies_count": 0, "retweets_count": 0, "hashtags": ["app", "smartphone"]}
{"id": 802659965303398400, "date": "2016-11-26", "time": "18:47:03", "tweet": "@RPGpowaaaa Ok, good point from this N. Tesla. Believing is NO obstacle to science, dogmas are!👍 @iamAtheistGirl", "likes_count": 0, "replies_count": 0, "retweets_count": 0, "hashtags": []}
{"id": 802659858868600832, "date": "2016-11-26", "time": "18:46:37", "tweet": "That's scary ... Tesla-Stealing Hack is about Much More than Tesla   https://t.co/t3opxZRyzh", "likes_count": 0, "replies_count": 0, "retweets_count": 0, "hashtags": []}
{"id": 802659816338427905, "date": "2016-11-26", "time": "18:46:27", "tweet": "Компания Tesla опубликовала «видение» мира автопилотом  https://t.co/VjrfqLsa5m  https://t.co/I4FIxg2tlo", "likes_count": 0, "replies_count": 0, "retweets_count": 0, "hashtags": []}
{"id": 802659811460530176, "date": "2016-11-26", "time": "18:46:26", "tweet": "Компания Tesla опубликовала «видение» мира автопилотом  https://t.co/6KECHCTaSP  https://t.co/KC3u7CPgBb", "likes_count": 0, "replies_count": 0, "retweets_count": 0, "hashtags": []}
{"id": 802659807354384384, "date": "2016-11-26", "time": "18:46:25", "tweet": "Компания Tesla опубликовала «видение» мира автопилотом  https://t.co/EAlOyL0rQx  https://t.co/rAK28NSjtL", "likes_count": 0, "replies_count": 0, "retweets_count": 0, "hashtags": []}
{"id": 802659803034222592, "date": "2016-11-26", "time": "18:46:24", "tweet": "Компания Tesla опубликовала «видение» мира автопилотом  https://t.co/MKJpCZQWz1  https://t.co/ewKMUSPbOz", "likes_count": 0, "replies_count": 0, "retweets_count": 0, "hashtags": []}
{"id": 802659798055587840, "date": "2016-11-26", "time": "18:46:23", "tweet": "Компания Tesla опубликовала «видение» мира автопилотом  https://t.co/t8j4LVWG8S  https://t.co/9Mk5l6ZAke", "likes_count": 0, "replies_count": 0, "retweets_count": 0, "hashtags": []}
{"id": 802659794175819780, "date": "2016-11-26", "time": "18:46:22", "tweet": "Компания Tesla опубликовала «видение» мира автопилотом  https://t.co/t0J0drOazR  https://t.co/vKbTarQ3Xf", "likes_count": 0, "replies_count": 0, "retweets_count": 0, "hashtags": []}
{"id": 802659789432061952, "date": "2016-11-26", "time": "18:46:21", "tweet": "Компания Tesla опубликовала «видение» мира автопилотом  https://t.co/GWevBjzpY7  https://t.co/3Kv96Nv1mH", "likes_count": 0, "replies_count": 0, "retweets_count": 0, "hashtags": []}
{"id": 802659785304932352, "date": "2016-11-26", "time": "18:46:20", "tweet": "Компания Tesla опубликовала «видение» мира автопилотом  https://t.co/GTrsAmHhZY  https://t.co/BTcwbCZrXL", "likes_count": 0, "replies_count": 0, "retweets_count": 0, "hashtags": []}
{"id": 802659780313681921, "date": "2016-11-26", "time": "18:46:18", "tweet": "Tesla and Solarcity to make Solar roofs  https://t.co/o7KagTjDt2", "likes_count": 0, "replies_count": 0, "retweets_count": 0, "hashtags": []}
{"id": 802659723937980416, "date": "2016-11-26", "time": "18:46:05", "tweet": "Vídeo análisis del nuevo Tesla Model S 2017 #Motor  https://t.co/Ao32RfP3oU", "likes_count": 0, "replies_count": 0, "retweets_count": 0, "hashtags": ["motor"]}
{"id": 802659683022569472, "date": "2016-11-26", "time": "18:45:55", "tweet": "Me gustó un video de @YouTube de @slcuervo  https://t.co/IllOBJcZQN Sistemas de seguridad del Tesla Model S", "likes_count": 0, "replies_count": 0, "retweets_count": 0, "hashtags": []}
{"id": 802659646297219072, "date": "2016-11-26", "time": "18:45:47", "tweet": "Does Tesla Model 3’s Large Glass Roof Make Manufacturing Much Easier &amp; Quicker?  https://t.co/2TFaXzF4sy  https://t.co/GYosyQWmt8", "likes_count": 0, "replies_count": 0, "retweets_count": 0, "hashtags": []}
{"id": 802659516122730496, "date": "2016-11-26", "time": "18:45:15", "tweet": " https://t.co/KogcJUKcOB Inventos Censurados de Tesla  https://t.co/nNaQHyPMmr", "likes_count": 0, "replies_count": 0, "retweets_count": 0, "hashtags": []}
{"id": 802659491510620161, "date": "2016-11-26", "time": "18:45:10", "tweet": "@22Pilots_RBLX possible addition of EV vehicles in near future? Like The TESLA Model S/X/3 or Chevrolet Volt...?", "likes_count": 0, "replies_count": 0, "retweets_count": 0, "hashtags": []}
{"id": 802659250547802112, "date": "2016-11-26", "time": "18:44:12", "tweet": "[電脳] 離島の電力需要を100%太陽光で! Teslaがサモアで新たな試み （Techable）:…  https://t.co/redfCXenbw", "likes_count": 0, "replies_count": 0, "retweets_count": 0, "hashtags": []}
{"id": 802659128267018240, "date": "2016-11-26", "time": "18:43:43", "tweet": "Gostei de um vídeo @YouTube de @john_iliadis  https://t.co/XCgYBQphp5 Micro Tesla Turbine MK2 | Part3 | Finishing and Testing", "likes_count": 0, "replies_count": 0, "retweets_count": 0, "hashtags": []}
{"id": 802659059631472640, "date": "2016-11-26", "time": "18:43:27", "tweet": "Elon Musk: Tesla Solar Roof Will Likely Cost Less Than a Normal Roof  https://t.co/Oek7xYrGQh via @Futurism", "likes_count": 0, "replies_count": 0, "retweets_count": 0, "hashtags": []}
{"id": 802658884653445120, "date": "2016-11-26", "time": "18:42:45", "tweet": "Reallly wishing I had a Tesla or self driving car rn. Not looking forward to this 5 hour drive 😩", "likes_count": 1, "replies_count": 1, "retweets_count": 0, "hashtags": []}
{"id": 802658698434846720, "date": "2016-11-26", "time": "18:42:01", "tweet": "Details Emerge On \"Summit\" Power Tesla AI Supercomputer  https://t.co/EFoVLSiWYT  https://t.co/TB1GpW8HIz", "likes_count": 1, "replies_count": 0, "retweets_count": 1, "hashtags": []}
{"id": 802658690717417472, "date": "2016-11-26", "time": "18:41:59", "tweet": "Looking for a Tesla for your big day in Sydney? Try evoke_aus for the best service. #wedding…  https://t.co/378ofeUW8Q", "likes_count": 0, "replies_count": 0, "retweets_count": 0, "hashtags": ["wedding"]}
{"id": 802658629333684228, "date": "2016-11-26", "time": "18:41:44", "tweet": "Tesla powers a whole island with solar to show off its energy chops  https://t.co/jCSwrtrFm4 #greeneconomy", "likes_count": 0, "replies_count": 0, "retweets_count": 0, "hashtags": ["greeneconomy"]}
{"id": 802658392309370880, "date": "2016-11-26", "time": "18:40:48", "tweet": "Arrivano le tegole solari di #Tesla, per una casa ecologica e sostenibile @TeslaMotors #architettura #ecologia   https://t.co/zHvJoJ528I", "likes_count": 1, "replies_count": 0, "retweets_count": 0, "hashtags": ["tesla", "architettura", "ecologia"]}
{"id": 802658323292037120, "date": "2016-11-26", "time": "18:40:31", "tweet": "The latest k-12 Security!  https://t.co/MOwx4WpQRe #tesla", "likes_count": 0, "replies_count": 0, "retweets_count": 0, "hashtags": ["tesla"]}
{"id": 802658269160493056, "date": "2016-11-26", "time": "18:40:18", "tweet": "[VIDA] Tesla logra que una isla entera del Pacífico funcione 100% con energía...  https://t.co/lbaUmcXCMm by #elmostrador via @c0nvey", "likes_count": 0, "replies_count": 0, "retweets_count": 0, "hashtags": ["elmostrador"]}
{"id": 802658245286498304, "date": "2016-11-26", "time": "18:40:13", "tweet": "#coches: Tesla electrifica ¡una isla entera!  https://t.co/K7dA2C3L9g", "likes_count": 0, "replies_count": 0, "retweets_count": 0, "hashtags": ["coches"]}
{"id": 802658231298293764, "date": "2016-11-26", "time": "18:40:09", "tweet": "The Tesla Model 3 Will Get Free \"Long Distance\" Charging  https://t.co/nOHcwlf28x via @PopMech", "likes_count": 0, "replies_count": 0, "retweets_count": 0, "hashtags": []}
{"id": 802658229071282176, "date": "2016-11-26", "time": "18:40:09", "tweet": "[VIDA] Tesla logra que una isla entera del Pacífico funcione 100% con energía...  https://t.co/wWLV5jWn8f by #elmostrador via @c0nvey", "likes_count": 0, "replies_count": 0, "retweets_count": 0, "hashtags": ["elmostrador"]}
