{"id": 916815400674971649, "date": "2017-10-07", "time": "19:59:59", "tweet": "Tesla’s autonomous car claim is ‘full of crap’, says General Motors expert  https://t.co/fJGc4hTz2o #autonomousCar #selfDrivingCar", "likes_count": 0, "replies_count": 0, "retweets_count": 0, "hashtags": ["autonomouscar", "selfdrivingcar"]}
{"id": 916815380391387137, "date": "2017-10-07", "time": "19:59:54", "tweet": "PR’s Governor welcomes TESLA’s proposal – PR informa  https://t.co/oOkodSCRUv", "likes_count": 0, "replies_count": 0, "retweets_count": 0, "hashtags": []}
{"id": 916815295423053824, "date": "2017-10-07", "time": "19:59:34", "tweet": "@elonmusk We love your new Tesla Model X. We are expecting our first child in February and need a bigger vehicle. Donation for the cause? 🤔", "likes_count": 0, "replies_count": 0, "retweets_count": 0, "hashtags": []}
{"id": 916815263579832320, "date": "2017-10-07", "time": "19:59:27", "tweet": "@Model3Owners @KarlKareriks @_michaelkc @elonmusk @Tesla Wow good info", "likes_count": 2, "replies_count": 1, "retweets_count": 0, "hashtags": []}
{"id": 916815150069485571, "date": "2017-10-07", "time": "19:59:00", "tweet": "@DevinaKSingh @KarlKareriks @_michaelkc @elonmusk @Tesla Also, consider paint protection film on the facia and hood. Helps fight stone chips in the paint", "likes_count": 2, "replies_count": 2, "retweets_count": 0, "hashtags": []}
{"id": 916815106914357248, "date": "2017-10-07", "time": "19:58:49", "tweet": "I added a video to a @YouTube playlist  https://t.co/wCA80JmzU4 Elon Musk Says Tesla Can Rebuild The Puerto Rico's Power Grid | CNBC", "likes_count": 0, "replies_count": 0, "retweets_count": 0, "hashtags": []}
{"id": 916814933026844672, "date": "2017-10-07", "time": "19:58:08", "tweet": "@Tesla @Teslarati  https://t.co/UkCfuJTmTv", "likes_count": 0, "replies_count": 0, "retweets_count": 0, "hashtags": []}
{"id": 916814867004137473, "date": "2017-10-07", "time": "19:57:52", "tweet": "@Model3Owners @KarlKareriks @_michaelkc @elonmusk @Tesla Good to know!!!! I will have to look into that - thx for the tip", "likes_count": 1, "replies_count": 1, "retweets_count": 0, "hashtags": []}
{"id": 916814843340054528, "date": "2017-10-07", "time": "19:57:46", "tweet": "Tesla is struggling to build the Model 3 — here's why l 3  https://t.co/6UJd1WpsXT", "likes_count": 0, "replies_count": 0, "retweets_count": 0, "hashtags": []}
{"id": 916814781121810432, "date": "2017-10-07", "time": "19:57:32", "tweet": "Tesla isn't making enough Model 3 electric cars  https://t.co/HJdYHpNiXg via @richardbrand | 🚀 by  https://t.co/kMc44uFsDM", "likes_count": 0, "replies_count": 0, "retweets_count": 0, "hashtags": []}
{"id": 916814676901584896, "date": "2017-10-07", "time": "19:57:07", "tweet": "@elonmusk great ideas about Puerto Rico, but let’s scale up and move faster. Build Tesla towers and transmit electricity wirelessly?", "likes_count": 0, "replies_count": 0, "retweets_count": 1, "hashtags": []}
{"id": 916814644953669632, "date": "2017-10-07", "time": "19:56:59", "tweet": "TESLA ⚡ en Parque Fundidora  https://t.co/dE1Olo6Fwy", "likes_count": 0, "replies_count": 0, "retweets_count": 0, "hashtags": []}
{"id": 916814642911080449, "date": "2017-10-07", "time": "19:56:59", "tweet": "@ricardorossello @elonmusk in addition to tesla's effort we in Canada would like to propose our solar-wind microgird technology. this eliminate the need for the grid.", "likes_count": 0, "replies_count": 0, "retweets_count": 1, "hashtags": []}
{"id": 916814599164518400, "date": "2017-10-07", "time": "19:56:48", "tweet": "@Autonomous_Newz I highly doubt this expert knows what actual sensors are capable of in Tesla cars. I think this is just competition speaking here!", "likes_count": 0, "replies_count": 0, "retweets_count": 0, "hashtags": []}
{"id": 916814544357462016, "date": "2017-10-07", "time": "19:56:35", "tweet": "Tesla to send more battery installers to Puerto Rico to restore power  https://t.co/EYBc0ryRSl  https://t.co/ooP2boHNik", "likes_count": 0, "replies_count": 0, "retweets_count": 0, "hashtags": []}
{"id": 916814542092558342, "date": "2017-10-07", "time": "19:56:35", "tweet": "En Madrid y viajando en un Tesla Model S. ¡Gracias Uber!", "likes_count": 3, "replies_count": 0, "retweets_count": 0, "hashtags": []}
{"id": 916814435087503360, "date": "2017-10-07", "time": "19:56:09", "tweet": "@DevinaKSingh @KarlKareriks @_michaelkc @elonmusk @Tesla First of many!  Do yourself a favour and get it ceramic coated (OptiCoat, Clear FX etc.)", "likes_count": 0, "replies_count": 1, "retweets_count": 0, "hashtags": []}
{"id": 916814304015454208, "date": "2017-10-07", "time": "19:55:38", "tweet": "My niece, Tesla, wants to help grade. Princess Luci just wants a pillow. GBR  https://t.co/kgaX9jKH4M", "likes_count": 1, "replies_count": 0, "retweets_count": 0, "hashtags": []}
{"id": 916814293504536576, "date": "2017-10-07", "time": "19:55:35", "tweet": "There’s reason to be skeptical of a Tesla-powered Puerto Rico:  https://t.co/RCTh39nVIo via @slate", "likes_count": 0, "replies_count": 0, "retweets_count": 0, "hashtags": []}
{"id": 916814223031881729, "date": "2017-10-07", "time": "19:55:19", "tweet": "The truth is catching up with Tesla; fine line between setting aggressive goals and misleading shareholders  https://t.co/vwPojQ4wUl via @WSJ", "likes_count": 0, "replies_count": 0, "retweets_count": 0, "hashtags": []}
{"id": 916814218946637824, "date": "2017-10-07", "time": "19:55:18", "tweet": "#Tesla #News: Watch this Tesla Model X steal a Lamborghini’s thunder with a song and dance | Teslarati:  https://t.co/iCQHAyMSTD  https://t.co/gMzJDOOufU", "likes_count": 0, "replies_count": 0, "retweets_count": 0, "hashtags": ["tesla", "news"]}
{"id": 916814193998868480, "date": "2017-10-07", "time": "19:55:12", "tweet": "#Tesla a punto de salir a escena!! #tattoajecobertura  #merol en Arena Monterrey  https://t.co/nVWL9LVat5", "likes_count": 0, "replies_count": 0, "retweets_count": 0, "hashtags": ["tesla", "tattoajecobertura", "merol"]}
{"id": 916814171584565248, "date": "2017-10-07", "time": "19:55:06", "tweet": "Porsche’s Mission E caught testing alongside Tesla vehicles  https://t.co/sm5O0fUoUS?amp=1", "likes_count": 0, "replies_count": 0, "retweets_count": 0, "hashtags": []}
{"id": 916814003032154112, "date": "2017-10-07", "time": "19:54:26", "tweet": "OK, some good news to share &gt;Elon Musk, Puerto Rico governor speak on @Tesla rebuilding #powergrid  https://t.co/KEBkSkgcPA", "likes_count": 2, "replies_count": 1, "retweets_count": 0, "hashtags": ["powergrid"]}
{"id": 916813891929300992, "date": "2017-10-07", "time": "19:54:00", "tweet": "Picking up our Tesla Model S P85  https://t.co/H21pMJaXPh  https://t.co/EwIGbaoxWX", "likes_count": 0, "replies_count": 0, "retweets_count": 0, "hashtags": []}
{"id": 916813882513149952, "date": "2017-10-07", "time": "19:53:57", "tweet": "@kimcotorres It'd be a shame if aunt tesla suddenly passed away 💀💀", "likes_count": 2, "replies_count": 1, "retweets_count": 1, "hashtags": []}
{"id": 916813840670711809, "date": "2017-10-07", "time": "19:53:47", "tweet": "@DevinaKSingh @KarlKareriks @_michaelkc @elonmusk @Tesla People will be VERY happy with the Model 3 :) Getting them is another matter. You're lucky to be a TSLA employee or family member", "likes_count": 1, "replies_count": 1, "retweets_count": 0, "hashtags": []}
{"id": 916813812774338560, "date": "2017-10-07", "time": "19:53:41", "tweet": "Ya solo falta esperar k salga Alice Cooper y Tesla 😎 en Arena Monterrey  https://t.co/BofEThDafY", "likes_count": 2, "replies_count": 1, "retweets_count": 0, "hashtags": []}
{"id": 916813800065642496, "date": "2017-10-07", "time": "19:53:38", "tweet": "@asimo3089 I Have No Cars Except Tesla Because The Camping Cops! PLEASE STOP IT!!", "likes_count": 0, "replies_count": 0, "retweets_count": 0, "hashtags": []}
{"id": 916813787201789952, "date": "2017-10-07", "time": "19:53:35", "tweet": "Elon Musk thinks Tesla can rebuild Puerto Rico&amp;apos;s power grid  https://t.co/N6RLlu32QP", "likes_count": 0, "replies_count": 0, "retweets_count": 0, "hashtags": []}
{"id": 916813666934153216, "date": "2017-10-07", "time": "19:53:06", "tweet": "@KarlKareriks @Model3Owners @_michaelkc @elonmusk @Tesla She had her first bath today  https://t.co/Ns1JVsZNFy", "likes_count": 12, "replies_count": 1, "retweets_count": 1, "hashtags": []}
{"id": 916813579306889216, "date": "2017-10-07", "time": "19:52:45", "tweet": "I liked a @YouTube video  https://t.co/IXk9pgBSr1 *GLITCHED* TESLA vs FASTEST SUPER CAR in VEHICLE SIMULATOR! (Roblox)", "likes_count": 0, "replies_count": 0, "retweets_count": 0, "hashtags": []}
{"id": 916813520653705217, "date": "2017-10-07", "time": "19:52:31", "tweet": "‘Full of crap’ -- Tesla’s Elon Musk just got seriously dissed by a GM exec  https://t.co/i4XQqQnvHo", "likes_count": 1, "replies_count": 1, "retweets_count": 1, "hashtags": []}
{"id": 916813452898955264, "date": "2017-10-07", "time": "19:52:15", "tweet": "Report: Tesla Model 3 &amp;apos;Bottlenecks&amp;apos; Left Some Portions to Be Assembled by Hand  https://t.co/8SWYhGQZG3", "likes_count": 0, "replies_count": 0, "retweets_count": 0, "hashtags": []}
{"id": 916813419587743747, "date": "2017-10-07", "time": "19:52:07", "tweet": "@matthewberryfcc Puerto Rico has become a sort of lab rat for the tech industry, first with Tesla, now Google. How much are taxpayers subsidizing these cos.?", "likes_count": 2, "replies_count": 1, "retweets_count": 0, "hashtags": []}
{"id": 916813366240468992, "date": "2017-10-07", "time": "19:51:54", "tweet": "Tesla Delays Big Rig, Tries to Ramp Up Model 3 Production As Report of Hand-built Parts Surfaces  https://t.co/j0QhmCMm7g", "likes_count": 0, "replies_count": 0, "retweets_count": 0, "hashtags": []}
{"id": 916813259042418689, "date": "2017-10-07", "time": "19:51:29", "tweet": "Report: Tesla Model 3 &amp;apos;Bottlenecks&amp;apos; Left Some Portions to Be Assembled by Hand  https://t.co/6mH7fEQCXL", "likes_count": 0, "replies_count": 0, "retweets_count": 0, "hashtags": []}
{"id": 916813234920935425, "date": "2017-10-07", "time": "19:51:23", "tweet": "Sad Tesla won't let you do that anymore🙃  https://t.co/NCllBoUp8i", "likes_count": 1, "replies_count": 0, "retweets_count": 1, "hashtags": []}
{"id": 916813230491582464, "date": "2017-10-07", "time": "19:51:22", "tweet": "Watch this Tesla Model X 'congratulate' a Lamborghini’s flawless parallel-parking job -  https://t.co/HshEGf68nJ  https://t.co/1YQCE9vSSM", "likes_count": 110, "replies_count": 2, "retweets_count": 37, "hashtags": []}
{"id": 916813174522785792, "date": "2017-10-07", "time": "19:51:09", "tweet": "(テスラ)TESLA メンズ ランニング ジャケット フード付き [UVカット・防風]・MKJ01 TESLA(テスラ) (55) 新品： ￥ 2,980 - ￥ 16,514 ￥…  https://t.co/71xp2mvYu7 ... #ランニングウェア #ランニング", "likes_count": 0, "replies_count": 0, "retweets_count": 0, "hashtags": ["ランニングウェア", "ランニング"]}
{"id": 916813040758214656, "date": "2017-10-07", "time": "19:50:37", "tweet": "Beyond Tesla: The surprising investment opportunities created by ... - Quartz  https://t.co/eRJ2TTOPyn", "likes_count": 0, "replies_count": 0, "retweets_count": 0, "hashtags": []}
{"id": 916813036924686336, "date": "2017-10-07", "time": "19:50:36", "tweet": "This + @Tesla powerwall + @Google's Loon should be deployed in PR - real world demo of decentralized infrastructure  https://t.co/3RO710TwpE  https://t.co/OUq2g1S2AV", "likes_count": 3, "replies_count": 1, "retweets_count": 0, "hashtags": []}
{"id": 916813035444080640, "date": "2017-10-07", "time": "19:50:35", "tweet": "@CNN i love tesla and one day i will own one...", "likes_count": 0, "replies_count": 0, "retweets_count": 0, "hashtags": []}
{"id": 916812950530338819, "date": "2017-10-07", "time": "19:50:15", "tweet": "Porsche's Mission E caught testing alongside Tesla vehicles  https://t.co/9nYzXNXIGF", "likes_count": 0, "replies_count": 0, "retweets_count": 0, "hashtags": []}
{"id": 916812849598554112, "date": "2017-10-07", "time": "19:49:51", "tweet": "@_RebelByNaturex Well Tesla it's about time. I knew with just a lil effort you'd understand Carmasutra has a plan, she leads us all. Im glad u came around!", "likes_count": 0, "replies_count": 1, "retweets_count": 0, "hashtags": []}
{"id": 916812823606390784, "date": "2017-10-07", "time": "19:49:45", "tweet": "Report: Tesla Model 3 &amp;apos;Bottlenecks&amp;apos; Left Some Portions to Be Assembled by Hand  https://t.co/bYBDGoDs9d", "likes_count": 0, "replies_count": 0, "retweets_count": 0, "hashtags": []}
{"id": 916812760222240768, "date": "2017-10-07", "time": "19:49:30", "tweet": "“Se vuoi capire i segreti dell'universo pensa in termini di energia, frequenza e vibrazione”   (Nikola Tesla)  https://t.co/SJLwa1L4hy", "likes_count": 0, "replies_count": 0, "retweets_count": 0, "hashtags": []}
{"id": 916812715586478080, "date": "2017-10-07", "time": "19:49:19", "tweet": "Elon Musk Thinks Tesla Can Rebuild Puerto Rico's Power Grid  https://t.co/ZndFwcL4wK", "likes_count": 0, "replies_count": 0, "retweets_count": 0, "hashtags": []}
{"id": 916812712025477122, "date": "2017-10-07", "time": "19:49:18", "tweet": "Elon Musk, Puerto Rico governor speak on Tesla rebuilding power grid | TheHill  https://t.co/lNMw3bIvnW", "likes_count": 0, "replies_count": 0, "retweets_count": 0, "hashtags": []}
{"id": 916812680949768192, "date": "2017-10-07", "time": "19:49:11", "tweet": "Meet Model X... . . .  #Tesla  https://t.co/iuvZjIOFvP", "likes_count": 0, "replies_count": 0, "retweets_count": 0, "hashtags": ["tesla"]}
{"id": 916812630148440065, "date": "2017-10-07", "time": "19:48:59", "tweet": "Elon pushes back Tesla Semi unveiling to focus on Model 3 and Puerto Rico  https://t.co/PQeRUoJYN9", "likes_count": 0, "replies_count": 0, "retweets_count": 0, "hashtags": []}
{"id": 916812627195686912, "date": "2017-10-07", "time": "19:48:58", "tweet": "@MotherOfAllFest casi ya Tesla 😍", "likes_count": 0, "replies_count": 0, "retweets_count": 0, "hashtags": []}
{"id": 916812514784010241, "date": "2017-10-07", "time": "19:48:31", "tweet": "Tesla to stop Powerwall shipments to installers price gouging in Puerto Rico - Electrek @elonmusk   https://t.co/NdMPtFXX9K", "likes_count": 1, "replies_count": 0, "retweets_count": 1, "hashtags": []}
{"id": 916812451122941953, "date": "2017-10-07", "time": "19:48:16", "tweet": "Me ha gustado un vídeo de @YouTube ( https://t.co/VUk2dCnOC5 - CHISPITAS, LA VALQUIRIA Y EL TESLA SUBEN!! Cambios de Balance | Sneak", "likes_count": 0, "replies_count": 0, "retweets_count": 0, "hashtags": []}
{"id": 916812390573809664, "date": "2017-10-07", "time": "19:48:02", "tweet": " https://t.co/QQjJcfQSy4 人気ランク9位　#(テスラ)TESLA オールシーズン ロング スポーツタイツ [UVカット・吸汗速乾] コンプレッションウェア パワーストレッチ アンダーウェア P16 / MUP19 / ￥ 999 - ￥ 1,290", "likes_count": 0, "replies_count": 0, "retweets_count": 0, "hashtags": []}
{"id": 916812376594292737, "date": "2017-10-07", "time": "19:47:58", "tweet": "@elonmusk @Reuters I love riding Harleys, which makes me wonder if Tesla has a motorcycle in the planning. #TryingToGoGreen", "likes_count": 0, "replies_count": 0, "retweets_count": 0, "hashtags": ["tryingtogogreen"]}
{"id": 916812369711558656, "date": "2017-10-07", "time": "19:47:57", "tweet": "Clarke is Tesla’s friend, he is close to fed up with my nonsense tonight.  https://t.co/J43FhwMQIn", "likes_count": 5, "replies_count": 1, "retweets_count": 0, "hashtags": []}
{"id": 916812259891879936, "date": "2017-10-07", "time": "19:47:30", "tweet": "Tesla Continues To Impress In Australia — Biggest Powerpack Installation &amp; Biggest Powerwall Installation | Clean...  https://t.co/VjqKsNJoqt", "likes_count": 0, "replies_count": 0, "retweets_count": 0, "hashtags": []}
{"id": 916812259304902657, "date": "2017-10-07", "time": "19:47:30", "tweet": "Elon Musk thinks Tesla can rebuild Puerto Rico's power grid  https://t.co/zSjwYsNS3R", "likes_count": 0, "replies_count": 0, "retweets_count": 0, "hashtags": []}
{"id": 916812234990542848, "date": "2017-10-07", "time": "19:47:25", "tweet": "Just found the hidden Tesla plaque!  https://t.co/Q4HuugxSr4", "likes_count": 5, "replies_count": 0, "retweets_count": 0, "hashtags": []}
{"id": 916812088458272770, "date": "2017-10-07", "time": "19:46:50", "tweet": "This is Tesla, one of my house-rabbits. He’s not thrilled about being tweeted.  https://t.co/ctX4S0excj", "likes_count": 4, "replies_count": 0, "retweets_count": 0, "hashtags": []}
{"id": 916812003116830720, "date": "2017-10-07", "time": "19:46:29", "tweet": "Puerto Rico's governor says 'let's talk' after Elon Musk says Tesla can rebuild the island's power grid -...  https://t.co/c0Uw5tiUST", "likes_count": 0, "replies_count": 0, "retweets_count": 0, "hashtags": []}
{"id": 916811748421890048, "date": "2017-10-07", "time": "19:45:29", "tweet": "@Ed_TechSource Welcome to Tesla Family brother 😂😂", "likes_count": 1, "replies_count": 1, "retweets_count": 0, "hashtags": []}
{"id": 916811734341398528, "date": "2017-10-07", "time": "19:45:25", "tweet": "Take Another In-Depth Look At The Tesla Model 3 -  https://t.co/g75uSz4KaN", "likes_count": 1, "replies_count": 0, "retweets_count": 1, "hashtags": []}
{"id": 916811650166005760, "date": "2017-10-07", "time": "19:45:05", "tweet": "Tesla team in talks with Puerto Rico regarding solar energy -  https://t.co/mg8XAzrqo0", "likes_count": 0, "replies_count": 0, "retweets_count": 0, "hashtags": []}
{"id": 916811559053283328, "date": "2017-10-07", "time": "19:44:43", "tweet": "Elon Musk and Puerto Rico’s governor want to rebuild the island’s grid the Tesla way  https://t.co/YkOE5q3YWR", "likes_count": 0, "replies_count": 0, "retweets_count": 0, "hashtags": []}
{"id": 916811500278439936, "date": "2017-10-07", "time": "19:44:29", "tweet": "THE HILL: \"Elon Musk, Puerto Rico governor agree to move forward on Tesla rebuilding Puerto Rico's power grid…  https://t.co/hqGLrDu9Rb\"", "likes_count": 0, "replies_count": 0, "retweets_count": 0, "hashtags": []}
{"id": 916811491332055040, "date": "2017-10-07", "time": "19:44:27", "tweet": "Tesla is struggling to build the Model 3 — here's why    https://t.co/IO5PhpQoLi  https://t.co/EhYd8eLeAX", "likes_count": 0, "replies_count": 0, "retweets_count": 0, "hashtags": []}
{"id": 916811488832221184, "date": "2017-10-07", "time": "19:44:27", "tweet": "@Nik0la__Tesla It’s ridiculous", "likes_count": 0, "replies_count": 0, "retweets_count": 0, "hashtags": []}
{"id": 916811434880913408, "date": "2017-10-07", "time": "19:44:14", "tweet": "@LibrarianOfLeng Down payment on a Tesla?", "likes_count": 1, "replies_count": 0, "retweets_count": 0, "hashtags": []}
{"id": 916811348134080512, "date": "2017-10-07", "time": "19:43:53", "tweet": "Musk, the CEO of electric-car maker Tesla (TSLA), suggested his company's solar power unit could be a long-term solution in Puerto Rico", "likes_count": 0, "replies_count": 0, "retweets_count": 0, "hashtags": []}
{"id": 916811151492767744, "date": "2017-10-07", "time": "19:43:06", "tweet": "“The Prestige” izledikten sonra gelen Tesla&gt;diğer bilim insanları evresindeyim 🙃", "likes_count": 0, "replies_count": 0, "retweets_count": 0, "hashtags": []}
{"id": 916811112821161984, "date": "2017-10-07", "time": "19:42:57", "tweet": "@Jason The market cap may not make sense if comparing @tesla to just other car companies, but does if you add energy ones", "likes_count": 0, "replies_count": 0, "retweets_count": 0, "hashtags": []}
{"id": 916811019942588416, "date": "2017-10-07", "time": "19:42:35", "tweet": "TESLA MODEL X HEADLIGHT LEFT DRIVER 2015 2016 2017 LED 1034312-00-A OEM  https://t.co/adSvdnE9qz", "likes_count": 0, "replies_count": 0, "retweets_count": 0, "hashtags": []}
{"id": 916810984571813888, "date": "2017-10-07", "time": "19:42:26", "tweet": "@leoncfu .maybe they are trying to keep control of tesla......", "likes_count": 0, "replies_count": 0, "retweets_count": 0, "hashtags": []}
{"id": 916810949432143872, "date": "2017-10-07", "time": "19:42:18", "tweet": "TESLA MODEL X HEADLIGHT LEFT DRIVER 2015 2016 2017 LED 1034312-00-A OEM  https://t.co/x6IASaTXN3", "likes_count": 0, "replies_count": 0, "retweets_count": 0, "hashtags": []}
{"id": 916810875553615875, "date": "2017-10-07", "time": "19:42:00", "tweet": "Will it take longer than 100 days for @Tesla to make it to Puerto Rico @elonmusk U could change lives 4 the better U could bring Life 2many  https://t.co/lZslorZQC5", "likes_count": 0, "replies_count": 0, "retweets_count": 1, "hashtags": []}
{"id": 916810801578676226, "date": "2017-10-07", "time": "19:41:43", "tweet": "@_DanCaesar @tonyseba @LNeckermann @bobbyllew @FullyChargedShw @ElectrekCo @FredericLambert @elonmusk @Tesla @colinmckerrache @DavidHsearch +100 #CleanDisruption ------&gt; @Rethink_X  #Autowende  Here Is @Mashable's Take... Nails It!    https://t.co/cQuiaixbop  https://t.co/q7PGlEWgBy", "likes_count": 1, "replies_count": 0, "retweets_count": 2, "hashtags": ["cleandisruption", "autowende"]}
{"id": 916810724432908288, "date": "2017-10-07", "time": "19:41:24", "tweet": "Truth is catching up to Tesla - WSJ  https://t.co/2qDgQR8Qp3", "likes_count": 0, "replies_count": 0, "retweets_count": 0, "hashtags": []}
{"id": 916810659488260096, "date": "2017-10-07", "time": "19:41:09", "tweet": "Elon Musk thinks Tesla can rebuild Puerto Rico&amp;apos;s power grid  https://t.co/wTPcrobSAP  https://t.co/I1LzeL3SnO", "likes_count": 0, "replies_count": 0, "retweets_count": 0, "hashtags": []}
{"id": 916810621139673088, "date": "2017-10-07", "time": "19:41:00", "tweet": "@_Tesla__ you can see a bit of sun glinting off the building in the back", "likes_count": 0, "replies_count": 0, "retweets_count": 0, "hashtags": []}
{"id": 916810535697608704, "date": "2017-10-07", "time": "19:40:39", "tweet": "USA TODAY - Elon Musk thinks Tesla can rebuild Puerto Rico's power grid  https://t.co/fScr2Hsa7Q #PaginaNuova #Press", "likes_count": 0, "replies_count": 0, "retweets_count": 0, "hashtags": ["paginanuova", "press"]}
{"id": 916810492219482112, "date": "2017-10-07", "time": "19:40:29", "tweet": "RULE #2 Tesla colosseum must be built.", "likes_count": 0, "replies_count": 0, "retweets_count": 0, "hashtags": []}
{"id": 916810441376043009, "date": "2017-10-07", "time": "19:40:17", "tweet": "@drjjr500 4Ppl Hadnt Heard, Elon Musks Tesla Working W PR Gov 2 Re-Do Electric Grid 4 PR, Would Give PR Chance of Coming Back With Real Comp", "likes_count": 0, "replies_count": 0, "retweets_count": 0, "hashtags": []}
{"id": 916810399349202945, "date": "2017-10-07", "time": "19:40:07", "tweet": "#Tesla anticipa con un video el fin de la profesión de chofer  https://t.co/5fcXLZlzdO", "likes_count": 0, "replies_count": 0, "retweets_count": 0, "hashtags": ["tesla"]}
{"id": 916810088093933568, "date": "2017-10-07", "time": "19:38:53", "tweet": "Elon Musk, great idea converting P.R. to solar and batteries, but what about using Tesla towers and transmitting electric wirelessly?", "likes_count": 0, "replies_count": 0, "retweets_count": 0, "hashtags": []}
{"id": 916810085132840960, "date": "2017-10-07", "time": "19:38:52", "tweet": "Tesla is ready to watch some football with Aunt Luci and Uncle Joe 🍂🏈🐾  https://t.co/fipq259edb", "likes_count": 5, "replies_count": 0, "retweets_count": 1, "hashtags": []}
{"id": 916809970552758272, "date": "2017-10-07", "time": "19:38:25", "tweet": "A must read — little reality check about @elonmusk and @Tesla  https://t.co/UuVbRUE1nJ", "likes_count": 2, "replies_count": 0, "retweets_count": 0, "hashtags": []}
{"id": 916809947849084928, "date": "2017-10-07", "time": "19:38:19", "tweet": "When Broseph isn't home, we sit in his #Tesla and play pretend.... #saturdaynight  https://t.co/VRlySuENkc", "likes_count": 1, "replies_count": 0, "retweets_count": 0, "hashtags": ["tesla", "saturdaynight"]}
{"id": 916809895353208832, "date": "2017-10-07", "time": "19:38:07", "tweet": "Are You Bullish Or Bearish On #Tesla? Start #Trading $TSLA With #Bitcoin! #XBT $XBT $BTC #BTCUSD #Cryptocurrency   https://t.co/Kf7zGVDuFr  https://t.co/K2qziJvZFi", "likes_count": 0, "replies_count": 0, "retweets_count": 0, "hashtags": ["tesla", "trading", "bitcoin", "xbt", "btcusd", "cryptocurrency"]}
{"id": 916809811689435137, "date": "2017-10-07", "time": "19:37:47", "tweet": "Elon Musk talks with Puerto Rico about Tesla power options  https://t.co/ARX98b8okt via @CNET", "likes_count": 0, "replies_count": 0, "retweets_count": 0, "hashtags": []}
{"id": 916809700036968448, "date": "2017-10-07", "time": "19:37:20", "tweet": "Elon Musk thinks Tesla can rebuild Puerto Rico's power grid  https://t.co/sgFKbgVTtI via USAToday", "likes_count": 0, "replies_count": 0, "retweets_count": 0, "hashtags": []}
{"id": 916809674644738048, "date": "2017-10-07", "time": "19:37:14", "tweet": "@elonmusk @verge Looks like Tesla 3..., but I'd assume Tesla 3 has better cameras and audio...", "likes_count": 1, "replies_count": 0, "retweets_count": 0, "hashtags": []}
{"id": 916809658693689344, "date": "2017-10-07", "time": "19:37:10", "tweet": "Your #solarcity failed, #tesla is failing &amp; our energy dependency is still at 80% on fossil fuels.  Keep dreaming of phasing out oil sands.", "likes_count": 0, "replies_count": 0, "retweets_count": 0, "hashtags": ["solarcity", "tesla"]}
{"id": 916809629455343617, "date": "2017-10-07", "time": "19:37:03", "tweet": "#tesla  https://t.co/ZiPPXuWfWL", "likes_count": 0, "replies_count": 0, "retweets_count": 0, "hashtags": ["tesla"]}
{"id": 916809580360986626, "date": "2017-10-07", "time": "19:36:52", "tweet": "Automakers Plan Electric Car Blitz as Tesla Burns Billions  https://t.co/Rh3VSNH8rX", "likes_count": 0, "replies_count": 0, "retweets_count": 0, "hashtags": []}
{"id": 916809384356925440, "date": "2017-10-07", "time": "19:36:05", "tweet": "Une McLaren 720S humilie une Tesla Model S P100D  https://t.co/YNfs4Blcv9", "likes_count": 0, "replies_count": 0, "retweets_count": 0, "hashtags": []}
{"id": 916809134766481408, "date": "2017-10-07", "time": "19:35:05", "tweet": "Tesla's Model 3 Bottlenecks Delay Unveiling of Semi Truck  https://t.co/iUJkFwmfvc", "likes_count": 0, "replies_count": 0, "retweets_count": 0, "hashtags": []}
{"id": 916809126310690816, "date": "2017-10-07", "time": "19:35:03", "tweet": "Truth is catching up to Tesla - WSJ  https://t.co/hwE6CATHCh #TSLA", "likes_count": 0, "replies_count": 0, "retweets_count": 0, "hashtags": ["tsla"]}
{"id": 916809049890488321, "date": "2017-10-07", "time": "19:34:45", "tweet": "Me ha gustado un vídeo de @YouTube ( https://t.co/CB0bzfW31R - CHISPITAS, LA VALQUIRIA Y EL TESLA SUBEN!! Cambios de Balance | Sneak", "likes_count": 0, "replies_count": 0, "retweets_count": 0, "hashtags": []}
{"id": 916809042881687552, "date": "2017-10-07", "time": "19:34:43", "tweet": "#ElectricCar: Tesla delays Model 3 car parts 'being made by hand' ...  https://t.co/q8EiU50E81", "likes_count": 0, "replies_count": 0, "retweets_count": 0, "hashtags": ["electriccar"]}
{"id": 916808901592539138, "date": "2017-10-07", "time": "19:34:10", "tweet": "2013 Tesla Model S  2013 TESLA MODEL S P85+ PERFORMANCE 7-PASS NAV 21'S 34K #P15649 Texas Direct  https://t.co/P87TEfyp59", "likes_count": 0, "replies_count": 0, "retweets_count": 0, "hashtags": ["p15649"]}
{"id": 916808864930156545, "date": "2017-10-07", "time": "19:34:01", "tweet": "Hey @elonmusk if I'm drinking and my Tesla drives me home and I get pulled over is it still a DUI? Should I still get a taxi?", "likes_count": 0, "replies_count": 0, "retweets_count": 0, "hashtags": []}
{"id": 916808834739564546, "date": "2017-10-07", "time": "19:33:54", "tweet": "@@zshahan3 Tesla &amp; Elon Musk Shock Australia — Superfast Energy Storage Installation  https://t.co/oyfbkEWzAH via @cleantechnica", "likes_count": 0, "replies_count": 0, "retweets_count": 0, "hashtags": []}
{"id": 916808620452478976, "date": "2017-10-07", "time": "19:33:03", "tweet": "Elon Musk, Puerto Rico governor speak on Tesla rebuilding power grid  https://t.co/8WjlVPT69A", "likes_count": 0, "replies_count": 0, "retweets_count": 0, "hashtags": []}
{"id": 916808576034684928, "date": "2017-10-07", "time": "19:32:52", "tweet": "OFFICE K | OFK | ARTISAN SPIRITS | TESLA MODEL S BODY KIT SHOP  https://t.co/8M4ewCbJRN", "likes_count": 0, "replies_count": 0, "retweets_count": 0, "hashtags": []}
{"id": 916808574126485504, "date": "2017-10-07", "time": "19:32:52", "tweet": "@MKBHD @elonmusk @verge If you are one day CEO of Tesla by @MKBHD What would you do?", "likes_count": 0, "replies_count": 0, "retweets_count": 0, "hashtags": []}
{"id": 916808533731024896, "date": "2017-10-07", "time": "19:32:42", "tweet": "@deepbluecea Ironic: The Model 3 has nine cameras (one interior) and Tesla asks permission to upload 'interesting events' to their servers.", "likes_count": 1, "replies_count": 2, "retweets_count": 0, "hashtags": []}
{"id": 916808442475614208, "date": "2017-10-07", "time": "19:32:20", "tweet": "Elon Musk thinks Tesla can rebuild Puerto Rico's power grid  https://t.co/DIKZ61jabR", "likes_count": 0, "replies_count": 0, "retweets_count": 0, "hashtags": []}
{"id": 916808432300281857, "date": "2017-10-07", "time": "19:32:18", "tweet": "@JourneysNonnie @MGagi7 @JunkScience @BigJoeBastardi @elonmusk Tax $ is not what's making Tesla (or Elon) rich - it's confidence from shareholders and consumers. Look at their stock's performance...", "likes_count": 1, "replies_count": 0, "retweets_count": 0, "hashtags": []}
{"id": 916808393272131584, "date": "2017-10-07", "time": "19:32:09", "tweet": "@A_Mar11Gutie @Tesla @elonmusk Elon just an idea if just one hand is being used to handle steering for 10s then it shd warn like it does for seatbelt? Makes sense?", "likes_count": 3, "replies_count": 1, "retweets_count": 0, "hashtags": []}
{"id": 916808309470126081, "date": "2017-10-07", "time": "19:31:49", "tweet": "Die 30k könnte ich super für meinen Tesla brauchen.  https://t.co/sIM7InGRep", "likes_count": 1, "replies_count": 0, "retweets_count": 0, "hashtags": []}
{"id": 916808283540910080, "date": "2017-10-07", "time": "19:31:42", "tweet": "WOW! Trying to kill my friend, Tesla Autopilot saves him!  https://t.co/jKMdes792u via @YouTube", "likes_count": 1, "replies_count": 0, "retweets_count": 0, "hashtags": []}
{"id": 916808220278005760, "date": "2017-10-07", "time": "19:31:27", "tweet": "Tesla delays big rig truck debut; Model 3 in ‘production hell’  https://t.co/IbRQC9zXic", "likes_count": 0, "replies_count": 0, "retweets_count": 0, "hashtags": []}
{"id": 916808160052162561, "date": "2017-10-07", "time": "19:31:13", "tweet": "@dcexaminer Tesla coil", "likes_count": 0, "replies_count": 0, "retweets_count": 0, "hashtags": []}
{"id": 916808107996696576, "date": "2017-10-07", "time": "19:31:01", "tweet": "@thehill Next thing you know, instead of the White House Tesla will be announcing Infrastructure Week.", "likes_count": 1, "replies_count": 0, "retweets_count": 1, "hashtags": []}
{"id": 916808058113687552, "date": "2017-10-07", "time": "19:30:49", "tweet": "Not new revelation. Did Mr @elonmusk offer reason for constant delays? Shifting gears to energy &amp; infrastructure. Or issues w Tesla?  https://t.co/n9jKCZAfJc", "likes_count": 0, "replies_count": 0, "retweets_count": 0, "hashtags": []}
{"id": 916807975498547205, "date": "2017-10-07", "time": "19:30:29", "tweet": "Truth is catching up to Tesla - WSJ  https://t.co/kOjzk8gpEF", "likes_count": 0, "replies_count": 0, "retweets_count": 0, "hashtags": []}
{"id": 916807930120466432, "date": "2017-10-07", "time": "19:30:18", "tweet": "Porsche’s Mission E Caught Testing Alongside Tesla Vehicles  https://t.co/xRbeO1Hqpr", "likes_count": 0, "replies_count": 0, "retweets_count": 0, "hashtags": []}
{"id": 916807926999810050, "date": "2017-10-07", "time": "19:30:17", "tweet": "Porsche’s Mission E Caught Testing Alongside Tesla Vehicles  https://t.co/rPVVKwW4K7", "likes_count": 0, "replies_count": 0, "retweets_count": 0, "hashtags": []}
