{"id": 949792648126255105, "date": "2018-01-06", "time": "18:59:48", "tweet": "The Extraordinary Life Of Nikola Tesla  https://t.co/6zWNyus8pT via @TheBrowser", "likes_count": 0, "replies_count": 0, "retweets_count": 0, "hashtags": []}
{"id": 949792494681640960, "date": "2018-01-06", "time": "18:59:11", "tweet": "@businessinsider Too late? It's strange how people not in the inner of Tesla think they know more about Tesla's sales/production/manufacturing/delivery strategy than Elon Musk.  What they recommend Elon thought about and dissected months ago.  Go build your own EV company &amp; then talk. @elonmusk", "likes_count": 4, "replies_count": 0, "retweets_count": 0, "hashtags": []}
{"id": 949792414901792768, "date": "2018-01-06", "time": "18:58:52", "tweet": "@galaxhokie @Tesla @elonmusk Or buy a used leaf or Volt for cheap then sell when you get Tesla", "likes_count": 0, "replies_count": 0, "retweets_count": 0, "hashtags": []}
{"id": 949792372082298885, "date": "2018-01-06", "time": "18:58:42", "tweet": "#math #physics #astronomy Imagine what Tesla could have accomplished if he had lived in an era of crowdfunding:  https://t.co/V0ScgpLzxy", "likes_count": 3, "replies_count": 0, "retweets_count": 0, "hashtags": ["math", "physics", "astronomy"]}
{"id": 949792343611252736, "date": "2018-01-06", "time": "18:58:35", "tweet": "Bought myself Tesla X P100D. Come on 2027.", "likes_count": 0, "replies_count": 0, "retweets_count": 0, "hashtags": []}
{"id": 949792250132807680, "date": "2018-01-06", "time": "18:58:13", "tweet": "@galaxhokie @Tesla @elonmusk Buy a low number reservation then sell yours ! Might cost a little extra but worth it in depreshiation savings. Bolt, values will crash", "likes_count": 0, "replies_count": 1, "retweets_count": 0, "hashtags": []}
{"id": 949792201885790208, "date": "2018-01-06", "time": "18:58:01", "tweet": "Watch a Tesla Model X all-electric SUV pull a semi truck out of the snow  https://t.co/gCf6BHhJuH #teslamotors #teslamodelx #teslas #teslaclub #teslaboy #teslamoment #teslalove #teslaowners #teslamotorsclub #teslalife #thankyoutesla  https://t.co/SZP0oECcgc", "likes_count": 0, "replies_count": 0, "retweets_count": 0, "hashtags": ["teslamotors", "teslamodelx", "teslas", "teslaclub", "teslaboy", "teslamoment", "teslalove", "teslaowners", "teslamotorsclub", "teslalife", "thankyoutesla"]}
{"id": 949792030636609536, "date": "2018-01-06", "time": "18:57:21", "tweet": "3-6-9 TESLA CODE  https://t.co/qJuZwoJdiX via @YouTube", "likes_count": 0, "replies_count": 0, "retweets_count": 0, "hashtags": []}
{"id": 949791982876053504, "date": "2018-01-06", "time": "18:57:09", "tweet": "Gostei de um vídeo do @YouTube  https://t.co/xt6wLpSeJX Top 10 Electric Cars Will Challenge Tesla in 2018/2019", "likes_count": 0, "replies_count": 0, "retweets_count": 0, "hashtags": []}
{"id": 949791877649305600, "date": "2018-01-06", "time": "18:56:44", "tweet": "@Schwarz_Sarg Creo que farmearé todo desde la de Tesla.", "likes_count": 0, "replies_count": 0, "retweets_count": 0, "hashtags": []}
{"id": 949791838621270016, "date": "2018-01-06", "time": "18:56:35", "tweet": "@12decr @xataboada No, your statement that gasoline vehicles are almost zero emissions is obvious nonsense to everyone. As for your rant about Tesla and his grave etc? 🙄", "likes_count": 0, "replies_count": 1, "retweets_count": 0, "hashtags": []}
{"id": 949791725354074113, "date": "2018-01-06", "time": "18:56:08", "tweet": "@DavidDobrik Why cant you come to my house and surprise me with some merch and your friends and your tesla please ive been wishing for this for a long time", "likes_count": 0, "replies_count": 0, "retweets_count": 0, "hashtags": []}
{"id": 949791689174110208, "date": "2018-01-06", "time": "18:55:59", "tweet": "@elonmusk Associate's in Avionics, and experience with Auto Body and 5 Years in a Battery lab, Tesla would be perfect", "likes_count": 0, "replies_count": 0, "retweets_count": 0, "hashtags": []}
{"id": 949791578050125824, "date": "2018-01-06", "time": "18:55:33", "tweet": "abstract audio podcast ep.24 // Jimmy Iovine Leaves Apple, Tesla Model X Saves Semi, 2 Chainz' Versace Collaboration  https://t.co/bQdTbmvDEI", "likes_count": 0, "replies_count": 0, "retweets_count": 0, "hashtags": []}
{"id": 949791547809255424, "date": "2018-01-06", "time": "18:55:25", "tweet": "I liked a @YouTube video  https://t.co/LdcS17agg8 Is the Tesla Model 3 Worth It?", "likes_count": 0, "replies_count": 0, "retweets_count": 0, "hashtags": []}
{"id": 949791300810919937, "date": "2018-01-06", "time": "18:54:27", "tweet": "@ElectrekCo Well yeah the next-gen Tesla Roadster is only a prototype and probably won't break down after it comes out of production, this however might still happen if the engines/battery heat transfer &amp; cooling efficiency is not improved  https://t.co/eHFy5gdAQu", "likes_count": 0, "replies_count": 0, "retweets_count": 0, "hashtags": []}
{"id": 949791261522841601, "date": "2018-01-06", "time": "18:54:17", "tweet": "Why Tesla Model 3 Deliveries Missed the Mark   https://t.co/bYmBm6wfIZ", "likes_count": 0, "replies_count": 0, "retweets_count": 0, "hashtags": []}
{"id": 949791246503030785, "date": "2018-01-06", "time": "18:54:14", "tweet": "@elonmusk give me a Tesla Roadster please", "likes_count": 0, "replies_count": 0, "retweets_count": 0, "hashtags": []}
{"id": 949791210117500929, "date": "2018-01-06", "time": "18:54:05", "tweet": "Gahhhh my apt is the dryest. The cat’s a Tesla experiment. My face looked 89 years old. @Origins drink up intensive making me feel like a human. This is not a paid ad. Just a thank you.", "likes_count": 0, "replies_count": 0, "retweets_count": 0, "hashtags": []}
{"id": 949791197928808449, "date": "2018-01-06", "time": "18:54:02", "tweet": "La pelea contra Tesla siempre la llevo casi al filo de perderla, me da cus cus probar contra Scát.", "likes_count": 0, "replies_count": 0, "retweets_count": 0, "hashtags": []}
{"id": 949791160440164352, "date": "2018-01-06", "time": "18:53:53", "tweet": "TESLA VR - Extreme Demo:  https://t.co/NBwaOTZldv via @YouTube", "likes_count": 0, "replies_count": 0, "retweets_count": 0, "hashtags": []}
{"id": 949791110427283456, "date": "2018-01-06", "time": "18:53:41", "tweet": "Tesla charging center at park meadows mall… Pretty cool looking @ Park Meadows  https://t.co/KCuMcV4Yed", "likes_count": 1, "replies_count": 0, "retweets_count": 0, "hashtags": []}
{"id": 949791104777490432, "date": "2018-01-06", "time": "18:53:40", "tweet": "@viktorobert @Tesla @elonmusk They also don’t have the price tag up front and most will be eligible for the tax incentives well into next year — another thing that will start to phase out this year for Tesla. If it’s into 2019 before I get a #Model3 it costs me an extra $7500.", "likes_count": 0, "replies_count": 2, "retweets_count": 0, "hashtags": ["model3"]}
{"id": 949791075417300992, "date": "2018-01-06", "time": "18:53:33", "tweet": "Tesla's are so beautiful 😍", "likes_count": 0, "replies_count": 0, "retweets_count": 0, "hashtags": []}
{"id": 949791033398882305, "date": "2018-01-06", "time": "18:53:23", "tweet": "Dreamt I was test driving a @Tesla Model X, bra God must do best.", "likes_count": 0, "replies_count": 0, "retweets_count": 0, "hashtags": []}
{"id": 949791032455155713, "date": "2018-01-06", "time": "18:53:23", "tweet": "Mutluluğunu görseniz sanırsın patron kapıya tesla yollamış aksjaksbwje", "likes_count": 1, "replies_count": 0, "retweets_count": 0, "hashtags": []}
{"id": 949790960568868864, "date": "2018-01-06", "time": "18:53:05", "tweet": "@naeuwnson tesla eonniiii", "likes_count": 0, "replies_count": 1, "retweets_count": 0, "hashtags": []}
{"id": 949790724882620418, "date": "2018-01-06", "time": "18:52:09", "tweet": "@Tesla Can I move in next door and start a bitcoin mining factory please :)", "likes_count": 0, "replies_count": 0, "retweets_count": 0, "hashtags": []}
{"id": 949790703042945024, "date": "2018-01-06", "time": "18:52:04", "tweet": "Inventor Nikola Tesla’s Wardenclyffe Laboratory Has Become an American Physical Society Historic Site:   https://t.co/7n46fmQpFW  #histSTM #histsci #histphys #NikolaTesla #Wardenclyffe  https://t.co/byumuLmiV3", "likes_count": 38, "replies_count": 3, "retweets_count": 19, "hashtags": ["histstm", "histsci", "histphys", "nikolatesla", "wardenclyffe"]}
{"id": 949790490660044801, "date": "2018-01-06", "time": "18:51:13", "tweet": "@Gonsen Tanto darlos como recibirlos. De mis frases favoritas de canciones: \"Todo tiene quien todo da\", EUDLF \"It's not what you got it's what you give\", Tesla", "likes_count": 1, "replies_count": 0, "retweets_count": 0, "hashtags": []}
{"id": 949790246052364288, "date": "2018-01-06", "time": "18:50:15", "tweet": "@diagon16 @MzwaMbedu @KHarnanak @Tesla @elonmusk Too cute!", "likes_count": 2, "replies_count": 0, "retweets_count": 0, "hashtags": []}
{"id": 949790211579428865, "date": "2018-01-06", "time": "18:50:07", "tweet": "Watch a Tesla Model X Pull a Semi Truck Through Snow  https://t.co/wPY45bs7NJ  https://t.co/yoCXobBpyx", "likes_count": 0, "replies_count": 0, "retweets_count": 0, "hashtags": []}
{"id": 949790202926653441, "date": "2018-01-06", "time": "18:50:05", "tweet": "@galaxhokie @Tesla @elonmusk Charging net, Million mile motor &amp; batteries, OTA upgrades that other cars will not have due to dealer agreements, Much higher resale value", "likes_count": 0, "replies_count": 1, "retweets_count": 0, "hashtags": []}
{"id": 949790093832802305, "date": "2018-01-06", "time": "18:49:39", "tweet": "I liked a @YouTube video  https://t.co/PsDhPZbjuK Is the Tesla Model 3 Worth It?", "likes_count": 0, "replies_count": 0, "retweets_count": 0, "hashtags": []}
{"id": 949789948424548352, "date": "2018-01-06", "time": "18:49:04", "tweet": "@Tesla Thank you! I believe the work is interesting!", "likes_count": 0, "replies_count": 0, "retweets_count": 0, "hashtags": []}
{"id": 949789736167600128, "date": "2018-01-06", "time": "18:48:13", "tweet": "Tesla unravelling after list of broken promises grows.   https://t.co/nwztQ429lW", "likes_count": 10, "replies_count": 3, "retweets_count": 4, "hashtags": []}
{"id": 949789732321579009, "date": "2018-01-06", "time": "18:48:13", "tweet": "The Extraordinary Life of Nikola Tesla | Innovation | Smithsonian  https://t.co/jPBWkNQe18", "likes_count": 2, "replies_count": 0, "retweets_count": 2, "hashtags": []}
{"id": 949789628030242816, "date": "2018-01-06", "time": "18:47:48", "tweet": "New, Free #Tesla #Desktop #background :: \"Remembrance\" Download it now:  https://t.co/EBEWSpsyIv #PhotoShop #AdobePS #art #NikolaTesla #remembrance  https://t.co/W2K08INhk2", "likes_count": 0, "replies_count": 0, "retweets_count": 0, "hashtags": ["tesla", "desktop", "background", "photoshop", "adobeps", "art", "nikolatesla", "remembrance"]}
{"id": 949789488720613379, "date": "2018-01-06", "time": "18:47:15", "tweet": "@elonmusk dear mr. Elon do not make Tesla like every other car company out there because it is not it is more than that imagination please provide excellent customer service is the key make a personal connection with your customer to own a Tesla is to care about the future Earth", "likes_count": 0, "replies_count": 0, "retweets_count": 0, "hashtags": []}
{"id": 949789440574148608, "date": "2018-01-06", "time": "18:47:03", "tweet": "The extraordinary life of eccentric inventor Nikola Tesla @ConversationUS  https://t.co/VRvBjqNT5t via @SmithsonianMag", "likes_count": 0, "replies_count": 0, "retweets_count": 0, "hashtags": []}
