{"id": 876227752839573506, "date": "2017-06-17", "time": "19:59:10", "tweet": "Watch Tesla's Automatic Emergency Braking System avoid a nasty accident  https://t.co/uv1UTVOewt", "likes_count": 0, "replies_count": 0, "retweets_count": 0, "hashtags": []}
{"id": 876227573830885377, "date": "2017-06-17", "time": "19:58:27", "tweet": "@wiguy45 @IsmaelS1998 @SchynsO @unreally @CobraElDiablo @ToyotaObsession @Shank925 @xerxaxmatthugh @LittleObb @captscorch @EarthNotAGlobe_ @SFriedInfidel @halcyondon @ITS_Aleeeex @KopiteDavo @echidnasarfofu @FlatEarthTshirt @FLAT4REAL @DomeDweller21 Is some #FlatEarth'er talking about #Tesla? Show them the urn where his ashes are. 😁  https://t.co/VOegxWOK0F", "likes_count": 4, "replies_count": 0, "retweets_count": 1, "hashtags": ["flatearth", "tesla"]}
{"id": 876227508882067457, "date": "2017-06-17", "time": "19:58:12", "tweet": "En medio de la pobreza y el olvido, así fueron los últimos días de Nikola Tesla #Ciencia  https://t.co/OZzBMDUNDL", "likes_count": 0, "replies_count": 0, "retweets_count": 0, "hashtags": ["ciencia"]}
{"id": 876226992915587072, "date": "2017-06-17", "time": "19:56:09", "tweet": "Tesla Model S P100d. Full paint correction and Cermaic Pro treatment  https://t.co/TNn5Ccw9P6  https://t.co/5cbUnFWQTt", "likes_count": 0, "replies_count": 0, "retweets_count": 0, "hashtags": []}
{"id": 876226938662264833, "date": "2017-06-17", "time": "19:55:56", "tweet": "Mechanics rescue kitten stuck inside Tesla Model X - SFGate  https://t.co/dXmHaCZVv6 #Tesla", "likes_count": 0, "replies_count": 0, "retweets_count": 0, "hashtags": ["tesla"]}
{"id": 876226838632296448, "date": "2017-06-17", "time": "19:55:32", "tweet": "@elonmusk Job well done! Go Team Tesla!", "likes_count": 0, "replies_count": 0, "retweets_count": 0, "hashtags": []}
{"id": 876226760957763585, "date": "2017-06-17", "time": "19:55:13", "tweet": "This Email From Elon Musk to Tesla Employees Is a Master Class in Emotional Intelligence  https://t.co/Fzhv2uVrwH @mtb1611 @ScottsDavidson", "likes_count": 9, "replies_count": 1, "retweets_count": 2, "hashtags": []}
{"id": 876226724702322689, "date": "2017-06-17", "time": "19:55:05", "tweet": "Tesla mechanics rescue a cute kitten that got stuck inside a Model X bumper: Of all the…  https://t.co/hO6dQQy8Hf", "likes_count": 0, "replies_count": 0, "retweets_count": 0, "hashtags": []}
{"id": 876226708101353473, "date": "2017-06-17", "time": "19:55:01", "tweet": "@elonmusk did you allready decide whether to bring the #tesla gigafactory to #Estonia or not?? :)", "likes_count": 0, "replies_count": 0, "retweets_count": 0, "hashtags": ["tesla", "estonia"]}
{"id": 876226699716952065, "date": "2017-06-17", "time": "19:54:59", "tweet": "Tesla mechanics rescue a cute kitten that got stuck inside a Model X bumper  https://t.co/VBB6UezJkw", "likes_count": 0, "replies_count": 0, "retweets_count": 0, "hashtags": []}
{"id": 876226630129258496, "date": "2017-06-17", "time": "19:54:42", "tweet": "Tesla mechanics rescue a kitten that got stuck inside a #ModelX bumper - Saving Lives Rescuing Cats. @TeslaMotors   https://t.co/Qk7WfVHsUX", "likes_count": 0, "replies_count": 0, "retweets_count": 0, "hashtags": ["modelx"]}
{"id": 876226360846553089, "date": "2017-06-17", "time": "19:53:38", "tweet": "Tesla is changing the electric grid  https://t.co/YVkFdkBKYD", "likes_count": 0, "replies_count": 0, "retweets_count": 0, "hashtags": []}
{"id": 876226354009780224, "date": "2017-06-17", "time": "19:53:36", "tweet": "Tesla mechanics rescue a cute kitten that got stuck inside a Model X bumper  https://t.co/hgfzlnb7B5  https://t.co/fjXkorCHMV", "likes_count": 0, "replies_count": 0, "retweets_count": 0, "hashtags": []}
{"id": 876226237240397830, "date": "2017-06-17", "time": "19:53:09", "tweet": "Tesla mechanics rescue a cute kitten that got stuck inside a Model X bumper  https://t.co/aetlH2SIdZ  https://t.co/2pnlX6fm6z", "likes_count": 0, "replies_count": 0, "retweets_count": 0, "hashtags": []}
{"id": 876225848927539201, "date": "2017-06-17", "time": "19:51:36", "tweet": "Eine neue Version der #Tesla App zur Einstellung des Notstrom bei der Powerwall  https://t.co/90Pvpr4ndC", "likes_count": 1, "replies_count": 0, "retweets_count": 0, "hashtags": ["tesla"]}
{"id": 876225384194359296, "date": "2017-06-17", "time": "19:49:45", "tweet": "When you are on the third layer of your tinfoil hat and the Democrats use a Tesla coil to shut down your PC.  https://t.co/VGSKTJ50Mg", "likes_count": 0, "replies_count": 0, "retweets_count": 0, "hashtags": []}
{"id": 876225089708150788, "date": "2017-06-17", "time": "19:48:35", "tweet": "庫克證實研發自駕車 Tesla將面臨挑戰-新唐人電視台  https://t.co/zhBvaBsEC0", "likes_count": 0, "replies_count": 0, "retweets_count": 0, "hashtags": []}
{"id": 876224885013577728, "date": "2017-06-17", "time": "19:47:46", "tweet": "Tesla’s Elon Musk to attend National Governors Association meeting  https://t.co/4GoAKpmSyT via @reviewjournal", "likes_count": 0, "replies_count": 0, "retweets_count": 0, "hashtags": []}
{"id": 876224771335344128, "date": "2017-06-17", "time": "19:47:19", "tweet": "EgaTesla 1) Ega Tesla, jika saat ini menggunakan perangkat MiFi, Mas bs aktivasi paket Add On Internet Malamnya via aplikasi My Smartfren.", "likes_count": 0, "replies_count": 0, "retweets_count": 0, "hashtags": []}
{"id": 876224703840628737, "date": "2017-06-17", "time": "19:47:03", "tweet": "#News Via @WSJ -- Total Eclipse: Oil Giant Sees its Future in Electricity -- Read more here:  https://t.co/Xd1gS3uvv9 -- #tech #Tesla  https://t.co/0M5z9L5T6y", "likes_count": 1, "replies_count": 0, "retweets_count": 5, "hashtags": ["news", "tech", "tesla"]}
{"id": 876224592326651904, "date": "2017-06-17", "time": "19:46:36", "tweet": "Saved a 6 week kitten on the job #tesla  https://t.co/xVF6m9VKuM", "likes_count": 3, "replies_count": 0, "retweets_count": 0, "hashtags": ["tesla"]}
{"id": 876224467717849088, "date": "2017-06-17", "time": "19:46:07", "tweet": "@business Umm wasn't the whole idea of Tesla to encourage innovation in the car industry? Wouldn't the Google car be a bigger threat, if they cared?", "likes_count": 1, "replies_count": 0, "retweets_count": 0, "hashtags": []}
{"id": 876224424294326272, "date": "2017-06-17", "time": "19:45:56", "tweet": "@QualmesJr Tesla...", "likes_count": 0, "replies_count": 1, "retweets_count": 0, "hashtags": []}
{"id": 876224384989626368, "date": "2017-06-17", "time": "19:45:47", "tweet": "Tesla e Panasonic vão construir painéis solares após a aquisição da SolarCity  https://t.co/kSD0Zyccer  https://t.co/OSSj3flmgW", "likes_count": 0, "replies_count": 0, "retweets_count": 0, "hashtags": []}
{"id": 876224318967078917, "date": "2017-06-17", "time": "19:45:31", "tweet": "Tesla mechanics rescue a cute kitten that got stuck inside a Model X bumper - Mashable -  https://t.co/rk7e7zyIyA  https://t.co/NTtALWgqqq", "likes_count": 0, "replies_count": 0, "retweets_count": 0, "hashtags": []}
{"id": 876224312801406976, "date": "2017-06-17", "time": "19:45:30", "tweet": "Tesla mechanics rescue a cute kitten that got stuck inside a Model X bumper - Mashable -  https://t.co/G4kOD76gf9  https://t.co/hAMEUIhvyh", "likes_count": 0, "replies_count": 0, "retweets_count": 0, "hashtags": []}
{"id": 876224122312851457, "date": "2017-06-17", "time": "19:44:44", "tweet": "@ShitChester WIN YOUR DAD A CHAUFFEUR DRIVEN TESLA  FOR HIS FATHERS DAY PRESENT!", "likes_count": 1, "replies_count": 0, "retweets_count": 0, "hashtags": []}
{"id": 876223952284131328, "date": "2017-06-17", "time": "19:44:04", "tweet": "Foundations Magazine 1990 Dec 3 COVER: X KINGS, ALSO: TESLA, SLAYER, PANTERA  https://t.co/iQDV3rm01x  https://t.co/w19If4XjLP", "likes_count": 0, "replies_count": 0, "retweets_count": 0, "hashtags": []}
{"id": 876223919656759296, "date": "2017-06-17", "time": "19:43:56", "tweet": "@winstarvander @OneDadsFinance Agree entirely. That's why I said at outset I think tesla is way overvalued", "likes_count": 1, "replies_count": 0, "retweets_count": 0, "hashtags": []}
{"id": 876223850584956928, "date": "2017-06-17", "time": "19:43:40", "tweet": "Is a Tesla dealership in your 'hood the new Starbucks?!#iloveredhook  https://t.co/8n7YwLLcSb", "likes_count": 3, "replies_count": 1, "retweets_count": 0, "hashtags": ["iloveredhook"]}
{"id": 876223843819544577, "date": "2017-06-17", "time": "19:43:38", "tweet": "EgaTesla 1) Ega Tesla, jika saat ini menggunakan perangkat MiFi, Mas bs aktivasi paket Add On Internet Malamnya via aplikasi My Smartfren.", "likes_count": 0, "replies_count": 0, "retweets_count": 0, "hashtags": []}
{"id": 876223823309398017, "date": "2017-06-17", "time": "19:43:33", "tweet": "Connecticut and TESLA:  The Battle Lines Expand -  https://t.co/bZmY8cogPD  https://t.co/bZmY8cogPD", "likes_count": 0, "replies_count": 0, "retweets_count": 0, "hashtags": []}
{"id": 876223703914233858, "date": "2017-06-17", "time": "19:43:05", "tweet": "Suddenly Tesla's HEPA Bioweapon Defense Mode is more attractive  https://t.co/CAzYFbIHT6", "likes_count": 0, "replies_count": 0, "retweets_count": 0, "hashtags": []}
{"id": 876223690291261441, "date": "2017-06-17", "time": "19:43:01", "tweet": "Saw a dope tesla model x", "likes_count": 1, "replies_count": 0, "retweets_count": 0, "hashtags": []}
{"id": 876223247846699009, "date": "2017-06-17", "time": "19:41:16", "tweet": "EgaTesla 1) Ega Tesla, jika saat ini menggunakan perangkat MiFi, Mas bs aktivasi paket Add On Internet Malamnya via aplikasi My Smartfren.", "likes_count": 0, "replies_count": 0, "retweets_count": 0, "hashtags": []}
{"id": 876223040585117696, "date": "2017-06-17", "time": "19:40:26", "tweet": "EgaTesla 1) Ega Tesla, jika saat ini menggunakan perangkat MiFi, Mas bs aktivasi paket Add On Internet Malamnya via aplikasi My Smartfren.", "likes_count": 0, "replies_count": 0, "retweets_count": 0, "hashtags": []}
{"id": 876222998801416192, "date": "2017-06-17", "time": "19:40:17", "tweet": "smartfrencare: EgaTesla 1) Ega Tesla, jika saat ini menggunakan perangkat MiFi, Mas bs aktivasi paket Add On Internet Malamnya via aplikasi…", "likes_count": 0, "replies_count": 0, "retweets_count": 0, "hashtags": []}
{"id": 876222974239617028, "date": "2017-06-17", "time": "19:40:11", "tweet": "EgaTesla 1) Ega Tesla, jika saat ini menggunakan perangkat MiFi, Mas bs aktivasi paket Add On Internet Malamnya via aplikasi My Smartfren.", "likes_count": 0, "replies_count": 0, "retweets_count": 0, "hashtags": []}
{"id": 876222964743774208, "date": "2017-06-17", "time": "19:40:08", "tweet": "smartfrencare: EgaTesla 1) Ega Tesla, jika saat ini menggunakan perangkat MiFi, Mas bs aktivasi paket Add On Internet Malamnya via aplikasi…", "likes_count": 0, "replies_count": 0, "retweets_count": 0, "hashtags": []}
{"id": 876222900352581632, "date": "2017-06-17", "time": "19:39:53", "tweet": "Camping for Father's Day weeeknd, oh yeah!! Tesla Camping Trip  https://t.co/YmUEOylHRS", "likes_count": 0, "replies_count": 0, "retweets_count": 0, "hashtags": []}
