{"id": 899058122924359680, "date": "2017-08-19", "time": "19:58:54", "tweet": "I liked a @YouTube video  https://t.co/SW54m7Bj5D GTA 5 Mystery - Tesla TIME TRAVEL! (Lightning is the KEY!!!)", "likes_count": 1, "replies_count": 0, "retweets_count": 0, "hashtags": []}
{"id": 899058094109413377, "date": "2017-08-19", "time": "19:58:47", "tweet": "Uber needs to take on Lyft plus cruise plus gm plus Tesla ..needs a tech visionary..  https://t.co/Nnj2fa0jWI", "likes_count": 1, "replies_count": 0, "retweets_count": 0, "hashtags": []}
{"id": 899058031358427136, "date": "2017-08-19", "time": "19:58:33", "tweet": "@Victorgp14 @javionceonce @slcuervo Para nivel 4 el conductor se puede echar la siesta y desentenderse. En el Tesla se específica que el conductor toma el cntrol en imprevistos", "likes_count": 0, "replies_count": 0, "retweets_count": 0, "hashtags": []}
{"id": 899057918317703168, "date": "2017-08-19", "time": "19:58:06", "tweet": "Tesla opens store in Stuttgart, Germany. Home of Mercedes and Porsche. Talk about courage...  https://t.co/Ap6KgXNMYc", "likes_count": 1, "replies_count": 0, "retweets_count": 0, "hashtags": []}
{"id": 899057596048474112, "date": "2017-08-19", "time": "19:56:49", "tweet": "A #Tesla owner shows his 97-year-old Grandpa a car from the future  https://t.co/DBW5kaWQaK", "likes_count": 1, "replies_count": 0, "retweets_count": 2, "hashtags": ["tesla"]}
{"id": 899057424581054464, "date": "2017-08-19", "time": "19:56:08", "tweet": "I liked a @YouTube video  https://t.co/7snyVNMN3E 97 Year Old in a Tesla", "likes_count": 0, "replies_count": 0, "retweets_count": 0, "hashtags": []}
{"id": 899057335892672512, "date": "2017-08-19", "time": "19:55:47", "tweet": "@Joe3Ring Why a fucking tesla? You need a lifted jeep you youngeg", "likes_count": 1, "replies_count": 1, "retweets_count": 0, "hashtags": []}
{"id": 899057305798488064, "date": "2017-08-19", "time": "19:55:40", "tweet": "Morgan Stanley: Tesla Not as Green as You Think  https://t.co/tp17onIC6K #LibsDontCare Makes them feel better about themselves.", "likes_count": 0, "replies_count": 0, "retweets_count": 0, "hashtags": ["libsdontcare"]}
{"id": 899057175389233154, "date": "2017-08-19", "time": "19:55:08", "tweet": "The Tesla Model 3 should have a heads-up display  https://t.co/qfBguH8lsv  https://t.co/zNh2ytS8Un", "likes_count": 0, "replies_count": 0, "retweets_count": 0, "hashtags": []}
{"id": 899057172012646401, "date": "2017-08-19", "time": "19:55:08", "tweet": "Fo' real tho ! Damn that 20/ hr job don't get me that tesla er'body drivin' ! I got to rethink this life thing but 1st let me roll 🖕🏿🙏🏿  https://t.co/rDb2mbRsTp", "likes_count": 0, "replies_count": 0, "retweets_count": 0, "hashtags": []}
{"id": 899057019151421440, "date": "2017-08-19", "time": "19:54:31", "tweet": "@PabloMarlo @javionceonce @slcuervo A qué te refieres con que sabe mal? En teoría, el Autopilot de Tesla Motors, es nivel 4,y salió a la venta en coches Tesla hace tiempo mucho", "likes_count": 0, "replies_count": 2, "retweets_count": 0, "hashtags": []}
{"id": 899056838523711488, "date": "2017-08-19", "time": "19:53:48", "tweet": "I liked a @YouTube video  https://t.co/KslSHeUu5Z 3-6-9 TESLA CODE", "likes_count": 0, "replies_count": 0, "retweets_count": 0, "hashtags": []}
{"id": 899056628401446912, "date": "2017-08-19", "time": "19:52:58", "tweet": "@PabloMarlo @javionceonce @slcuervo Aparte de k,en teoría,cualquier Tesla de los que se fabrican actualmente tiene el hardware necesario como para,si no me equivoco,ser nivel 5", "likes_count": 0, "replies_count": 1, "retweets_count": 0, "hashtags": []}
{"id": 899056419923689472, "date": "2017-08-19", "time": "19:52:08", "tweet": "#battery American cobalt: The solution for Tesla's energy needs?  https://t.co/kEoPn38n5n", "likes_count": 0, "replies_count": 0, "retweets_count": 0, "hashtags": ["battery"]}
{"id": 899056328177569792, "date": "2017-08-19", "time": "19:51:46", "tweet": "Mercedes-Maybach just unveiled a stunning convertible concept car to rival Tesla  https://t.co/jNAOKuQSyS", "likes_count": 0, "replies_count": 0, "retweets_count": 0, "hashtags": []}
{"id": 899056263413338113, "date": "2017-08-19", "time": "19:51:31", "tweet": "@PabloMarlo @javionceonce @slcuervo Que yo sepa, el Autopilot de Tesla es nivel 4.  🚘🚗🚔🚓🚖🚕", "likes_count": 0, "replies_count": 3, "retweets_count": 0, "hashtags": []}
{"id": 899056243121168384, "date": "2017-08-19", "time": "19:51:26", "tweet": "im proud of shawn wasabi for his tesla", "likes_count": 0, "replies_count": 0, "retweets_count": 0, "hashtags": []}
{"id": 899056205531951104, "date": "2017-08-19", "time": "19:51:17", "tweet": "Se acabó la perrarina Tesla.  Tesla:  https://t.co/hiVdOCTQHu", "likes_count": 52, "replies_count": 5, "retweets_count": 17, "hashtags": []}
{"id": 899056184560431104, "date": "2017-08-19", "time": "19:51:12", "tweet": "Tesla Has Another Rival as Hyundai Unveils Its All-Electric Strategy    https://t.co/UjCaz1Br3r", "likes_count": 0, "replies_count": 0, "retweets_count": 0, "hashtags": []}
{"id": 899056141899923457, "date": "2017-08-19", "time": "19:51:02", "tweet": "Tesla's Priced-for-Perfection Bonds Decline Within Week of Sale  https://t.co/033q0GWJng Via @headlineswiki.com", "likes_count": 0, "replies_count": 0, "retweets_count": 0, "hashtags": []}
