{"id": 868617767045533697, "date": "2017-05-27", "time": "19:59:48", "tweet": "I just drove the Tesla wit both eyes closed!", "likes_count": 0, "replies_count": 0, "retweets_count": 0, "hashtags": []}
{"id": 868617760795971585, "date": "2017-05-27", "time": "19:59:46", "tweet": "@aluksicc Y cómo ejecutaba el hombron robando las patentes de tesla 😂😂", "likes_count": 0, "replies_count": 0, "retweets_count": 0, "hashtags": []}
{"id": 868617601794146308, "date": "2017-05-27", "time": "19:59:09", "tweet": "@aluksicc Esta seguro que era de él o se la habrá copiado a TESLA", "likes_count": 0, "replies_count": 0, "retweets_count": 0, "hashtags": []}
{"id": 868617383417704448, "date": "2017-05-27", "time": "19:58:16", "tweet": "El auto más veloz del mundo es producido por Tesla VIDEO #Autos  https://t.co/mjM6sjB0wX", "likes_count": 0, "replies_count": 0, "retweets_count": 0, "hashtags": ["autos"]}
{"id": 868617257705889792, "date": "2017-05-27", "time": "19:57:47", "tweet": "@ClashTutor Springs right below the crusher and double cannon, tesla protecting the BH, mines somewhere near gem mine and lab. Didn't trigger push traps", "likes_count": 1, "replies_count": 0, "retweets_count": 0, "hashtags": []}
{"id": 868617184351625217, "date": "2017-05-27", "time": "19:57:29", "tweet": "Edison, Tesla, &amp; the Spirit Phone - Shows  https://t.co/c5b0ahYBLc", "likes_count": 1, "replies_count": 0, "retweets_count": 0, "hashtags": []}
{"id": 868617170774896646, "date": "2017-05-27", "time": "19:57:26", "tweet": "All seriousness that match with Tesla and Vixen was good at the start and then turned waaaaaaaaaay way down south", "likes_count": 1, "replies_count": 0, "retweets_count": 0, "hashtags": []}
{"id": 868617015191142401, "date": "2017-05-27", "time": "19:56:49", "tweet": "Cool to see \"Tesla Charging Station\" on a hotel map.  https://t.co/QqneQkG384", "likes_count": 1, "replies_count": 0, "retweets_count": 0, "hashtags": []}
{"id": 868616817052397568, "date": "2017-05-27", "time": "19:56:01", "tweet": "Some eco competition! Forward Labs solar roof promises higher production, lower cost than Tesla's.  https://t.co/e7mVOelZ3B  https://t.co/GSaJWNFko2", "likes_count": 3, "replies_count": 0, "retweets_count": 0, "hashtags": []}
{"id": 868616695702724608, "date": "2017-05-27", "time": "19:55:33", "tweet": "@AJBollo @coopy1211 @labollo we just got back from a short road trip down the coast in our new Tesla :)  will post vaca pics later, but here we are picking it up :)  https://t.co/7qzwbQTlKb", "likes_count": 1, "replies_count": 2, "retweets_count": 0, "hashtags": []}
{"id": 868616690229272577, "date": "2017-05-27", "time": "19:55:31", "tweet": "I really hate that I only see old, rich dudes driving a #tesla, because they are the ones that screwed up the earth in the first place.", "likes_count": 1, "replies_count": 0, "retweets_count": 0, "hashtags": ["tesla"]}
{"id": 868616688320860160, "date": "2017-05-27", "time": "19:55:31", "tweet": "@elonmusk The most tesla in nj is in south brunswick yet no store no service center no supercharger", "likes_count": 0, "replies_count": 0, "retweets_count": 0, "hashtags": []}
{"id": 868616581097570304, "date": "2017-05-27", "time": "19:55:05", "tweet": "The present is theirs. The future, dor which I really worked, is mine ㅡNikola Tesla", "likes_count": 0, "replies_count": 0, "retweets_count": 0, "hashtags": []}
{"id": 868616572096495616, "date": "2017-05-27", "time": "19:55:03", "tweet": "@CFE_Sureste que descaro, digan adiós a CFE ya vienen las bobinas tesla libres de radiación, adiós a pagar luz a rateros @SpiderManChoco", "likes_count": 0, "replies_count": 0, "retweets_count": 0, "hashtags": []}
{"id": 868616393423552512, "date": "2017-05-27", "time": "19:54:20", "tweet": "@elonmusk Ins agents say tesla is too exp so high ins", "likes_count": 0, "replies_count": 0, "retweets_count": 0, "hashtags": []}
{"id": 868616369134325762, "date": "2017-05-27", "time": "19:54:15", "tweet": "East coast girl:   \"I don't know what a Tesla is, I ride the train.\"", "likes_count": 0, "replies_count": 0, "retweets_count": 0, "hashtags": []}
{"id": 868616368282783744, "date": "2017-05-27", "time": "19:54:14", "tweet": "#Tickets 2 Tickets Def Leppard Poison &amp; Tesla 6 Klipsch Music Center, Noblesville, IN  https://t.co/KvgjGYZ2af #Tickets  https://t.co/OHSTQHIoxT", "likes_count": 0, "replies_count": 0, "retweets_count": 0, "hashtags": ["tickets", "tickets"]}
{"id": 868616222564376576, "date": "2017-05-27", "time": "19:53:40", "tweet": "Kreisel Electric presenta un Mercedes Clase G 100% ELECTRICO  https://t.co/OSc5hNtmRu #pasatealoelectrico #Tesla", "likes_count": 0, "replies_count": 0, "retweets_count": 0, "hashtags": ["pasatealoelectrico", "tesla"]}
{"id": 868615741234458625, "date": "2017-05-27", "time": "19:51:45", "tweet": "Gostei de um vídeo @YouTube  https://t.co/HqXUwmcFBq de Tesla - Alta Tensão- High Voltage with Tesla Coil", "likes_count": 0, "replies_count": 0, "retweets_count": 0, "hashtags": []}
{"id": 868615280859205633, "date": "2017-05-27", "time": "19:49:55", "tweet": "I'm at Tesla Bar in Санкт-Петербург  https://t.co/F2Na4mTxDF", "likes_count": 0, "replies_count": 0, "retweets_count": 0, "hashtags": []}
