{"id": 863544383945273348, "date": "2017-05-13", "time": "19:59:59", "tweet": "Elon Musk has discovered a new passion in life — and it could be Tesla's best product yet  https://t.co/VSWToslVjh via @clusterstock", "likes_count": 2, "replies_count": 0, "retweets_count": 0, "hashtags": []}
{"id": 863544364177469440, "date": "2017-05-13", "time": "19:59:54", "tweet": ".@instigating How is it that C-suiters from Tesla, IBM, Disney haven't used their Trump access to force this issue?  https://t.co/0NnEE81v0e", "likes_count": 1, "replies_count": 0, "retweets_count": 1, "hashtags": []}
{"id": 863544157679366144, "date": "2017-05-13", "time": "19:59:05", "tweet": "Tesla starts selling solar roof; says savings to cover extra costs of tiles  https://t.co/tMZ3F54yS2", "likes_count": 3, "replies_count": 0, "retweets_count": 0, "hashtags": []}
{"id": 863544098640326661, "date": "2017-05-13", "time": "19:58:51", "tweet": "What I would do to own a Tesla..", "likes_count": 1, "replies_count": 0, "retweets_count": 0, "hashtags": []}
{"id": 863544098145390598, "date": "2017-05-13", "time": "19:58:51", "tweet": "@elonmusk In Tesla you need to do 2 things. If you achieve them Tesla will dominate electric car industry for a long time.", "likes_count": 0, "replies_count": 0, "retweets_count": 0, "hashtags": []}
{"id": 863544065215934464, "date": "2017-05-13", "time": "19:58:43", "tweet": "@isabelsantiago_ Amanhã vão anunciar a Mega fabrica da Tesla, a venda de 10 barcos à Venezuela é que 99% dos portugueses votariam no PS! O Nirvana", "likes_count": 1, "replies_count": 1, "retweets_count": 0, "hashtags": []}
{"id": 863544023109312513, "date": "2017-05-13", "time": "19:58:33", "tweet": "Tesla should unveil its electric pickup truck and open reservations right away for the sake of…  https://t.co/b1Lz8ycoSh via @FredericLambert", "likes_count": 1, "replies_count": 0, "retweets_count": 0, "hashtags": []}
{"id": 863543928221351936, "date": "2017-05-13", "time": "19:58:11", "tweet": "Do Good University writes  Apple, Google and Tesla CEOs Think Boomers and Everyone Else are Stupid  https://t.co/qFZqlpoheN", "likes_count": 0, "replies_count": 0, "retweets_count": 0, "hashtags": []}
{"id": 863543706296516608, "date": "2017-05-13", "time": "19:57:18", "tweet": "Here’s the stunning electric car Porsche is making to take on Tesla  https://t.co/FJRH1VS4df via @clusterstock", "likes_count": 1, "replies_count": 0, "retweets_count": 0, "hashtags": []}
{"id": 863543236945731584, "date": "2017-05-13", "time": "19:55:26", "tweet": "Tesla begins taking orders for its Solar Roof  https://t.co/IpPq2Cee4C", "likes_count": 0, "replies_count": 0, "retweets_count": 0, "hashtags": []}
{"id": 863543186219819008, "date": "2017-05-13", "time": "19:55:14", "tweet": "Tesla Model 3 Week: Beating Porsche - Forbes  https://t.co/Nr5YDETB2G", "likes_count": 0, "replies_count": 0, "retweets_count": 0, "hashtags": []}
{"id": 863543122059513857, "date": "2017-05-13", "time": "19:54:58", "tweet": "I dont' like the same path of American Airlines Flight 1484, which was super annoying. Once you build the Tesla, great. The best way to go.", "likes_count": 1, "replies_count": 0, "retweets_count": 0, "hashtags": []}
{"id": 863543021136117761, "date": "2017-05-13", "time": "19:54:34", "tweet": "[Graph] leftover material how? Begin of carapace of mobile phone of tesla IPhone 6/6s  https://t.co/xJpJhyOWh2", "likes_count": 1, "replies_count": 0, "retweets_count": 0, "hashtags": []}
{"id": 863542863103229952, "date": "2017-05-13", "time": "19:53:57", "tweet": "I liked a @YouTube video  https://t.co/1gCiwnyRZf Muscle Cars Struggle to Take Down Tesla P100D at the Dragstrip", "likes_count": 3, "replies_count": 0, "retweets_count": 0, "hashtags": []}
{"id": 863542822477209600, "date": "2017-05-13", "time": "19:53:47", "tweet": "Tesla Motors changes its name to ... Tesla  The name change may hint at Tesla's ambitions to move beyond selling  https://t.co/YftWBaZiTO", "likes_count": 0, "replies_count": 0, "retweets_count": 0, "hashtags": []}
{"id": 863542740595998720, "date": "2017-05-13", "time": "19:53:27", "tweet": "Elon Musk has discovered a new passion in life — and it could be Tesla's best product yet  https://t.co/eHilQWqeoB via @clusterstock", "likes_count": 0, "replies_count": 0, "retweets_count": 0, "hashtags": []}
{"id": 863542635222507521, "date": "2017-05-13", "time": "19:53:02", "tweet": "Elon Musk has discovered a new passion in life — and it could be Tesla's best product yet  https://t.co/lqfBjnqZXF via @clusterstock", "likes_count": 1, "replies_count": 0, "retweets_count": 0, "hashtags": []}
{"id": 863542528259366912, "date": "2017-05-13", "time": "19:52:37", "tweet": "Shane said I should put $1k in Tesla stock but I just wish a bear would eat me already!", "likes_count": 9, "replies_count": 1, "retweets_count": 0, "hashtags": []}
{"id": 863542424987152385, "date": "2017-05-13", "time": "19:52:12", "tweet": "I liked a @YouTube video  https://t.co/LHJUnxebqO MY BRAND NEW CAR (TESLA MODEL X)", "likes_count": 0, "replies_count": 0, "retweets_count": 0, "hashtags": []}
{"id": 863542137215827968, "date": "2017-05-13", "time": "19:51:04", "tweet": "#2: (テスラ)TESLA オールシーズン ロング スポーツタイツ [UVカット・吸汗速乾] コンプレッションウェア パワーストレッチ アンダーウェア・P16  https://t.co/EUNbKkj47l ... #ファッション", "likes_count": 0, "replies_count": 0, "retweets_count": 0, "hashtags": ["ファッション"]}
