{"id": 835640493585256448, "date": "2017-02-25", "time": "18:59:53", "tweet": "My #Tesla obsession. #teslacoil 🤘 @ Museum of Science and Industry, Chicago  https://t.co/HJf1lpqxc3", "likes_count": 0, "replies_count": 0, "retweets_count": 0, "hashtags": ["tesla", "teslacoil"]}
{"id": 835640357815795712, "date": "2017-02-25", "time": "18:59:21", "tweet": "The house car at the @1HotelSB is a Tesla. You crazy for this one, Miami Beach #SOBEWFF  https://t.co/1BAYFCb9Ln", "likes_count": 2, "replies_count": 0, "retweets_count": 0, "hashtags": ["sobewff"]}
{"id": 835640297610743808, "date": "2017-02-25", "time": "18:59:07", "tweet": "The Zacks Analyst Blog Highlights: Advance Auto Parts, Tesla Motors, General Motors, Ford Motor ...  https://t.co/m9ra61SFoD", "likes_count": 0, "replies_count": 0, "retweets_count": 0, "hashtags": []}
{"id": 835640256682680321, "date": "2017-02-25", "time": "18:58:57", "tweet": "Hey @UAW, my friend @nickofthenorth made a tshirt inspired by your @TeslaMotors #union drive. Ya dig it?  https://t.co/CL7Tax9wKt #1U, #Tesla  https://t.co/L2UsXFFI8p", "likes_count": 1, "replies_count": 0, "retweets_count": 0, "hashtags": ["union", "1u", "tesla"]}
{"id": 835640048322240512, "date": "2017-02-25", "time": "18:58:07", "tweet": "Get the latest information on the Tesla Class Action Lawsuit here:  https://t.co/fgrXqyBIHr", "likes_count": 0, "replies_count": 0, "retweets_count": 0, "hashtags": []}
{"id": 835639860262289408, "date": "2017-02-25", "time": "18:57:22", "tweet": "@christoruijs En na zo'n lange avond \"hard werken\" regelt @VVDHaarlem  Tesla-pick up @DennisWiersma @DilanYesilgoz #vvdduurzaam #heelnormaal", "likes_count": 0, "replies_count": 0, "retweets_count": 0, "hashtags": ["vvdduurzaam", "heelnormaal"]}
{"id": 835639819053191168, "date": "2017-02-25", "time": "18:57:12", "tweet": "TEDAŞ:Sana sarı mühürler aldım hırdavat bazarından.  - Nikola Tesla #tedas #elektrik #electricity", "likes_count": 0, "replies_count": 0, "retweets_count": 0, "hashtags": ["tedas", "elektrik", "electricity"]}
{"id": 835639579004690432, "date": "2017-02-25", "time": "18:56:15", "tweet": "RePlugged Live - Tesla  https://t.co/LVDajYjoAc #Rock", "likes_count": 0, "replies_count": 0, "retweets_count": 3, "hashtags": ["rock"]}
{"id": 835639535035908098, "date": "2017-02-25", "time": "18:56:05", "tweet": "En medio de la pobreza y el olvido, así fueron los últimos días de Nikola Tesla #Ciencia  https://t.co/9Z66mMrkBU", "likes_count": 0, "replies_count": 0, "retweets_count": 0, "hashtags": ["ciencia"]}
{"id": 835639343138078721, "date": "2017-02-25", "time": "18:55:19", "tweet": "Tesla just announced plans to build up to five Gigafactories  https://t.co/z33OiAMG2E", "likes_count": 0, "replies_count": 0, "retweets_count": 0, "hashtags": []}
{"id": 835639317447987200, "date": "2017-02-25", "time": "18:55:13", "tweet": "@KristenxLeanne Tesla is my dream car! So jealous you test drove one.", "likes_count": 0, "replies_count": 0, "retweets_count": 0, "hashtags": []}
{"id": 835639200691019776, "date": "2017-02-25", "time": "18:54:45", "tweet": "@jayleecooper Tesla?", "likes_count": 0, "replies_count": 0, "retweets_count": 0, "hashtags": []}
{"id": 835639154675441664, "date": "2017-02-25", "time": "18:54:34", "tweet": "Tesla Missing Initial Sales Estimates Due To Lack Of Sales Growth Outside U.S.  https://t.co/aWvaIFxfMx  https://t.co/v9SLMNT3iX", "likes_count": 0, "replies_count": 0, "retweets_count": 0, "hashtags": []}
{"id": 835639109771231232, "date": "2017-02-25", "time": "18:54:23", "tweet": "Laptop in wreckage of Tesla Autopilot car: Florida investigators  https://t.co/U6hj27i8o4 #premiumherald", "likes_count": 0, "replies_count": 0, "retweets_count": 0, "hashtags": ["premiumherald"]}
{"id": 835639092209729536, "date": "2017-02-25", "time": "18:54:19", "tweet": "Elon Musk addresses working condition claims in Tesla staff-wide email. Socially responsible co.  https://t.co/f6KNxs9XrW # via @techcrunch", "likes_count": 0, "replies_count": 0, "retweets_count": 0, "hashtags": []}
{"id": 835638553082232832, "date": "2017-02-25", "time": "18:52:11", "tweet": "Tesla Gigafactory: 10 Things You Need To About It  https://t.co/ZXUgqSqKog", "likes_count": 0, "replies_count": 0, "retweets_count": 0, "hashtags": []}
{"id": 835638424002494467, "date": "2017-02-25", "time": "18:51:40", "tweet": "Other Tesla ventures put squeeze on SolarCity via /r/Buffalo  https://t.co/cBTyOWRcXz", "likes_count": 0, "replies_count": 0, "retweets_count": 0, "hashtags": []}
{"id": 835638330666577922, "date": "2017-02-25", "time": "18:51:18", "tweet": "@troyhunt Google released a 32-page report on its testing, Tesla delivered its entire report in two sentences -  https://t.co/QWiwewUt2f", "likes_count": 0, "replies_count": 0, "retweets_count": 0, "hashtags": []}
{"id": 835638275578552320, "date": "2017-02-25", "time": "18:51:04", "tweet": "@toshiki_tesla いてら", "likes_count": 0, "replies_count": 0, "retweets_count": 0, "hashtags": []}
{"id": 835638273800208385, "date": "2017-02-25", "time": "18:51:04", "tweet": "Tesla’s solar roof to cost less than a regular roof – even before energy production, says Elon Musk  https://t.co/okUpKIXV0A", "likes_count": 0, "replies_count": 0, "retweets_count": 0, "hashtags": []}
