{"id": 886374659549052928, "date": "2017-07-15", "time": "19:59:21", "tweet": "i7-7700K  ASUS ROG MAXIMUS IX EXTREME(M9E) Avexir RED TESLA(8GBx4) Avexir S100 120GB MSI GeForce GTX 1080 Ti GAMING X 11G FSP Hydro PTM+  https://t.co/JmYf0MY3o5", "likes_count": 2, "replies_count": 0, "retweets_count": 0, "hashtags": []}
{"id": 886374620806434816, "date": "2017-07-15", "time": "19:59:12", "tweet": "9 signature features in Tesla's Model 3, an electric car that could change the world  https://t.co/TQgklq8BNg  https://t.co/rtOfKvTtIV", "likes_count": 0, "replies_count": 0, "retweets_count": 0, "hashtags": []}
{"id": 886374503407923201, "date": "2017-07-15", "time": "19:58:44", "tweet": "How to have your #Tesla ownership privileges revoked. #justno  https://t.co/sM4kbzRi3r", "likes_count": 1, "replies_count": 0, "retweets_count": 0, "hashtags": ["tesla", "justno"]}
{"id": 886374475486441473, "date": "2017-07-15", "time": "19:58:37", "tweet": "Elon Musk says 2 or 3 more Tesla Gigafactories are coming to the US via /r/technology  https://t.co/vQQ4uAsCNs", "likes_count": 0, "replies_count": 0, "retweets_count": 0, "hashtags": []}
{"id": 886374456079376385, "date": "2017-07-15", "time": "19:58:33", "tweet": "I liked a @YouTube video  https://t.co/mXSk4fW9CM 2018 Jaguar E-Pace, Tesla Model 3, Audi A8, Aston Martin Valkyrie and More: Weekly", "likes_count": 0, "replies_count": 0, "retweets_count": 0, "hashtags": []}
{"id": 886374423472873477, "date": "2017-07-15", "time": "19:58:25", "tweet": "Elon Musk says 2 or 3 more Tesla Gigafactories are coming to the US via /r/technology  https://t.co/g6bDYIdwxN Check out my @YouTube …", "likes_count": 1, "replies_count": 0, "retweets_count": 1, "hashtags": []}
{"id": 886374392405438464, "date": "2017-07-15", "time": "19:58:17", "tweet": "@DyingPheonix Tesla also shits bricks", "likes_count": 0, "replies_count": 1, "retweets_count": 0, "hashtags": []}
{"id": 886374140143382528, "date": "2017-07-15", "time": "19:57:17", "tweet": "Elon Musk says 2 or 3 more Tesla Gigafactories are coming to the US via /r/technology  https://t.co/XYohpXnCb9", "likes_count": 0, "replies_count": 0, "retweets_count": 0, "hashtags": []}
{"id": 886374105192300544, "date": "2017-07-15", "time": "19:57:09", "tweet": "I JUST TALKED TO SOMEONE ABOUT TESLA AND PATRICK NESS AND TOM HOLLAND AND IT MADE MY WHOLE ENTIRE SUMMER", "likes_count": 0, "replies_count": 0, "retweets_count": 0, "hashtags": []}
{"id": 886374008056422402, "date": "2017-07-15", "time": "19:56:46", "tweet": "I liked a @YouTube video  https://t.co/3xE8kh3k9I 2018 Jaguar E-Pace, Tesla Model 3, Audi A8, Aston Martin Valkyrie and More: Weekly", "likes_count": 0, "replies_count": 0, "retweets_count": 0, "hashtags": []}
{"id": 886373956520988672, "date": "2017-07-15", "time": "19:56:33", "tweet": "@Tesla__dollar Ha I see what u did there😂", "likes_count": 2, "replies_count": 1, "retweets_count": 1, "hashtags": []}
{"id": 886373951273881602, "date": "2017-07-15", "time": "19:56:32", "tweet": "Elon Musk says 2 or 3 more Tesla Gigafactories are coming to the US via /r/technology  https://t.co/VcKB4bK8xS", "likes_count": 0, "replies_count": 0, "retweets_count": 0, "hashtags": []}
{"id": 886373948312694784, "date": "2017-07-15", "time": "19:56:31", "tweet": "Мне понравилось видео \"Привод Tesla model S в действии без кузова\"", "likes_count": 0, "replies_count": 0, "retweets_count": 0, "hashtags": []}
{"id": 886373933758513153, "date": "2017-07-15", "time": "19:56:28", "tweet": "Elon Musk says 2 or 3 more Tesla Gigafactories are coming to the US  https://t.co/rZ4bG9jcl6", "likes_count": 0, "replies_count": 0, "retweets_count": 0, "hashtags": []}
{"id": 886373875373662208, "date": "2017-07-15", "time": "19:56:14", "tweet": "@Erika_Costell She is ungrateful jake brought Tesla for they both can and he rented a goat for her and took her to Hawaii", "likes_count": 1, "replies_count": 0, "retweets_count": 0, "hashtags": []}
{"id": 886373788585259009, "date": "2017-07-15", "time": "19:55:53", "tweet": "@DisneyHipsters Tesla", "likes_count": 1, "replies_count": 0, "retweets_count": 0, "hashtags": []}
{"id": 886373719840403456, "date": "2017-07-15", "time": "19:55:37", "tweet": "First Tesla Model 3 Rolls Off Production Line   https://t.co/nYrZjLd1AE", "likes_count": 0, "replies_count": 0, "retweets_count": 0, "hashtags": []}
{"id": 886373614316113920, "date": "2017-07-15", "time": "19:55:12", "tweet": "Elon Musk says 2 or 3 more Tesla Gigafactories are coming to the US via /r/technology  https://t.co/sfPaZaJyee", "likes_count": 0, "replies_count": 0, "retweets_count": 0, "hashtags": []}
{"id": 886373490303086596, "date": "2017-07-15", "time": "19:54:42", "tweet": "Elon Musk says 2 or 3 more Tesla Gigafactories are coming to the US via /r/technology  https://t.co/D1ucHthCde", "likes_count": 0, "replies_count": 0, "retweets_count": 0, "hashtags": []}
{"id": 886373188229365760, "date": "2017-07-15", "time": "19:53:30", "tweet": "I liked a @YouTube video  https://t.co/9MXPylfPKr Tesla Time News - Elon's Model 3!", "likes_count": 0, "replies_count": 0, "retweets_count": 0, "hashtags": []}
