{"id": 909205216448221184, "date": "2017-09-16", "time": "19:59:50", "tweet": "@tesla_world こちらこそ！よろしくお願いします！！！", "likes_count": 1, "replies_count": 0, "retweets_count": 0, "hashtags": []}
{"id": 909205013767081984, "date": "2017-09-16", "time": "19:59:02", "tweet": "Go tesla👍👍👍👍👍👍👍👍👍👍👍👍👍👍👍👍👍👍❤️❤️👍❤️❤️❤️❤️❤️❤️❤️❤️❤️  https://t.co/oEhyStmjmD", "likes_count": 0, "replies_count": 0, "retweets_count": 0, "hashtags": []}
{"id": 909204947518001153, "date": "2017-09-16", "time": "19:58:46", "tweet": "Can you afford #TeslaSolarRoofs in #Morocco? @elonmusk @TeslaMotors #Tesla", "likes_count": 0, "replies_count": 0, "retweets_count": 0, "hashtags": ["teslasolarroofs", "morocco", "tesla"]}
{"id": 909204858506563585, "date": "2017-09-16", "time": "19:58:25", "tweet": "Suicide doors on the tesla van. Mom van with an edge. I guess  https://t.co/W7dtGr7oaH", "likes_count": 2, "replies_count": 0, "retweets_count": 1, "hashtags": []}
{"id": 909204717900767233, "date": "2017-09-16", "time": "19:57:51", "tweet": "Great example how #tesla used smart product #design to respond to client needs. Combining people &amp; tech is the new #competitiveadvantage  https://t.co/acgpnuzP6t", "likes_count": 0, "replies_count": 0, "retweets_count": 1, "hashtags": ["tesla", "design", "competitiveadvantage"]}
{"id": 909204693301157893, "date": "2017-09-16", "time": "19:57:45", "tweet": "Anyways, I highlighted the top 5. Didn't bother with things like transformers and the Tesla Gigafactory. Rather cheaty imo.", "likes_count": 0, "replies_count": 0, "retweets_count": 0, "hashtags": []}
{"id": 909204618256818176, "date": "2017-09-16", "time": "19:57:27", "tweet": "I liked a @YouTube video  https://t.co/eNhAjCKv8r Nikola Tesla UPDATE! Exposing The Death, Theft &amp; Cover Up of Nikola Tesla 2017", "likes_count": 0, "replies_count": 0, "retweets_count": 0, "hashtags": []}
{"id": 909204412484263938, "date": "2017-09-16", "time": "19:56:38", "tweet": "Competition: Three Tesla WYE 200W Mods Competition  https://t.co/WRJcX5z2ny #vaping #ecigs   https://t.co/WRJcX5z2ny", "likes_count": 0, "replies_count": 0, "retweets_count": 1, "hashtags": ["vaping", "ecigs"]}
{"id": 909204243999051777, "date": "2017-09-16", "time": "19:55:58", "tweet": "Mazda, Tesla'ya rakip oluyor   https://t.co/poI6QJbyby  https://t.co/xINsbEITIL", "likes_count": 0, "replies_count": 0, "retweets_count": 0, "hashtags": []}
{"id": 909204199325540358, "date": "2017-09-16", "time": "19:55:47", "tweet": "@OLIGMAXIMUS Tesla store 😭😭😭  https://t.co/acucwc0Xxj", "likes_count": 0, "replies_count": 1, "retweets_count": 0, "hashtags": []}
{"id": 909203815529934850, "date": "2017-09-16", "time": "19:54:16", "tweet": "Tesla Roofing  https://t.co/EQVayzV1rF #Security #News", "likes_count": 1, "replies_count": 0, "retweets_count": 1, "hashtags": ["security", "news"]}
{"id": 909203594724782080, "date": "2017-09-16", "time": "19:53:23", "tweet": "@Model3Owners #tesla #model3 with #surfboards on the roof! #teslamodel3 #teslamotors #ev #electric #santacruz  https://t.co/z6VHKFvx9d", "likes_count": 11, "replies_count": 1, "retweets_count": 0, "hashtags": ["tesla", "model3", "surfboards", "teslamodel3", "teslamotors", "ev", "electric", "santacruz"]}
{"id": 909203551309717505, "date": "2017-09-16", "time": "19:53:13", "tweet": "Tesla approves of the new cat tree  https://t.co/vKM8Gd6Z6I", "likes_count": 10, "replies_count": 3, "retweets_count": 2, "hashtags": []}
{"id": 909203310753734657, "date": "2017-09-16", "time": "19:52:16", "tweet": "@FlyingPhotog Heh. It’s similar LIDAR to that used on most self-driving cars (except Tesla). Not much “pew” to it. :-)", "likes_count": 0, "replies_count": 0, "retweets_count": 0, "hashtags": []}
{"id": 909203307243094020, "date": "2017-09-16", "time": "19:52:15", "tweet": "Tesla CEO Elon Musk announced that the company will unveil its first electric big-rig truck on October 26, with an expected 200 to 300 miles", "likes_count": 1, "replies_count": 0, "retweets_count": 0, "hashtags": []}
{"id": 909203300146384896, "date": "2017-09-16", "time": "19:52:13", "tweet": "En medio de la pobreza y el olvido, así fueron los últimos días de Nikola Tesla #Ciencia  https://t.co/5ywQErrzvG", "likes_count": 0, "replies_count": 0, "retweets_count": 0, "hashtags": ["ciencia"]}
{"id": 909202838135259136, "date": "2017-09-16", "time": "19:50:23", "tweet": "Tesla files patent application for battery replacement machine for electric vehicles - domain-B  https://t.co/oEYUNtcoXn", "likes_count": 0, "replies_count": 0, "retweets_count": 0, "hashtags": []}
{"id": 909202778660143104, "date": "2017-09-16", "time": "19:50:09", "tweet": "@MashiRafael Pero bueno EXPLIQUE CON ES QUE TESLA AHORA RESULTA SER UNA EMPRESA JAPONESA????? PARA NO HABLAR PENDEJADAS TAMBIÉN HAY WIKIPEDIA jjj", "likes_count": 0, "replies_count": 0, "retweets_count": 0, "hashtags": []}
{"id": 909202000306257920, "date": "2017-09-16", "time": "19:47:03", "tweet": "(テスラ)TESLA レディース カプリ ヨガ パンツ 7分丈 [UVカット・吸汗速乾] スポーツタイツ・YP05/FYP31/FYP32 TESLA(テスラ) (28) 新品： ￥ 999 - ￥…  https://t.co/IwYjCu5ICn ... #ヨガ #ヨガパンツ", "likes_count": 0, "replies_count": 0, "retweets_count": 0, "hashtags": ["ヨガ", "ヨガパンツ"]}
{"id": 909201882815582209, "date": "2017-09-16", "time": "19:46:35", "tweet": "#LITechNews: Nine-Year-Old Girl Responsible for Tesla's Latest Marketing Plan #Marketing #Tesla #Video  https://t.co/CiuW6ZAB3s", "likes_count": 0, "replies_count": 0, "retweets_count": 0, "hashtags": ["litechnews", "marketing", "tesla", "video"]}
{"id": 909201549158580224, "date": "2017-09-16", "time": "19:45:16", "tweet": "Truly inspirational @elonmusk - why we all need to take big risks!  ❤️🚀 #Tesla #SpaceX #SolarCity  https://t.co/wqqIZ3gl5I", "likes_count": 11, "replies_count": 0, "retweets_count": 1, "hashtags": ["tesla", "spacex", "solarcity"]}
{"id": 909201537523699713, "date": "2017-09-16", "time": "19:45:13", "tweet": "Yo the tesla x is so hot @deepflowing  just saw it at yorkdale", "likes_count": 1, "replies_count": 1, "retweets_count": 0, "hashtags": []}
{"id": 909201504850001921, "date": "2017-09-16", "time": "19:45:05", "tweet": "NTSB Faults Trucker and Motorist in Fatal Tesla Crash  https://t.co/71hRfNKBv5", "likes_count": 0, "replies_count": 0, "retweets_count": 0, "hashtags": []}
{"id": 909201327003176960, "date": "2017-09-16", "time": "19:44:23", "tweet": "Tesla Model X - light show  https://t.co/CimcLvCkB4", "likes_count": 0, "replies_count": 0, "retweets_count": 0, "hashtags": []}
{"id": 909201290223288320, "date": "2017-09-16", "time": "19:44:14", "tweet": "Removing Tesla Model 3 Aero Wheels Seems To Be Pretty Easy … (Video) - CleanTechnica  https://t.co/dnIhQLHuQK #Tesla", "likes_count": 0, "replies_count": 0, "retweets_count": 0, "hashtags": ["tesla"]}
{"id": 909201147268825088, "date": "2017-09-16", "time": "19:43:40", "tweet": "An interesting read New Justice League photo of the Flash proves he’s a fan of Rick and Morty, Tesla  https://t.co/1PRzl0ZTVi", "likes_count": 0, "replies_count": 0, "retweets_count": 0, "hashtags": []}
{"id": 909200939331944448, "date": "2017-09-16", "time": "19:42:50", "tweet": "Elon Musk hints at Tesla ‘pickup truck’ as a ‘mini Tesla Semi&amp;#8217  https://t.co/RbHnpaU0ub", "likes_count": 0, "replies_count": 0, "retweets_count": 0, "hashtags": []}
{"id": 909200891395416069, "date": "2017-09-16", "time": "19:42:39", "tweet": "@jstorres Edison was a fake, Tesla did it !", "likes_count": 0, "replies_count": 0, "retweets_count": 0, "hashtags": []}
{"id": 909200562394087424, "date": "2017-09-16", "time": "19:41:20", "tweet": "Boylston's stores rank high Beyond Boston merchandise Tesla's at the Mall  #NOLA_Haiku #Boylston…  https://t.co/L5eqAz0EsN", "likes_count": 0, "replies_count": 0, "retweets_count": 0, "hashtags": ["nola_haiku", "boylston"]}
{"id": 909200483524530176, "date": "2017-09-16", "time": "19:41:02", "tweet": "TESLA P100D LAUNCH, GAME OF THRONES EDITION:  https://t.co/6l2XJt6uAH via @YouTube", "likes_count": 1, "replies_count": 0, "retweets_count": 0, "hashtags": []}
{"id": 909200444639076353, "date": "2017-09-16", "time": "19:40:52", "tweet": "I added a video to a @YouTube playlist  https://t.co/6l2XJt6uAH TESLA P100D LAUNCH, GAME OF THRONES EDITION", "likes_count": 0, "replies_count": 0, "retweets_count": 0, "hashtags": []}
{"id": 909200400921890816, "date": "2017-09-16", "time": "19:40:42", "tweet": "@elonmusk I look forward for the Tesla SEMI Truck... I love what you do, I hope I can help the environment with solar tiny home communities", "likes_count": 1, "replies_count": 0, "retweets_count": 0, "hashtags": []}
{"id": 909200175717007360, "date": "2017-09-16", "time": "19:39:48", "tweet": "Tesla needs to keep taking our workers so we can keep getting raises &amp; over time lmao", "likes_count": 0, "replies_count": 0, "retweets_count": 0, "hashtags": []}
{"id": 909199733998186496, "date": "2017-09-16", "time": "19:38:03", "tweet": "Tesla shares blame for fatal Autopilot crash according to NTSB report -  https://t.co/SdUtZeoKbI", "likes_count": 0, "replies_count": 0, "retweets_count": 0, "hashtags": []}
{"id": 909199656642519045, "date": "2017-09-16", "time": "19:37:44", "tweet": "Yo @elonmusk have you seen this yet? Pretty cool new lines of batteries   https://t.co/4juv4w1QTJ #renewable #lithium #tesla", "likes_count": 0, "replies_count": 0, "retweets_count": 0, "hashtags": ["renewable", "lithium", "tesla"]}
{"id": 909199590523641861, "date": "2017-09-16", "time": "19:37:29", "tweet": "@Davidmetroland @WimWasterval @Binzyi @Danny12380245 @markpalexander @cathymwafer @impspa1 @BertieBullshit @stetay1187 @2helenback2 @TheGreatRemain @gordoncraig11 @sunick51 @David_Vaporium @LibDemPenguin @Rowland72James @1234Giles @Ferretgrove @WendyPuerto @jjasq @hoddydod70 @Barry4EU @mulligrubs2 @gbktas @MintyTeaboy @DeanRGrundy @bulshdetector @Fellow_Tweeter @iBirdLite @RTaylor_LibDem @MarieAnnUK @nickynoo007 @sherman15151573 @Hayleeee1848 @HochstedTX @boardmad @OliverBaier @SovereignMercia @huge2ya @ChrisatInter @kaysway17 @ILGouldy @PropertySpot @vivamjm @BeesTopBoy @maelysdervenn @Jim_Cornelius @jojojoheeley @StuartBudd1 @BrexitCaptain Are American branded cars the biggest selling cars in the UK David? ..you're the expert 😕 2019 I expect Tesla will take more market share  https://t.co/ej7dnqJr93", "likes_count": 1, "replies_count": 1, "retweets_count": 0, "hashtags": []}
{"id": 909199481643704322, "date": "2017-09-16", "time": "19:37:03", "tweet": "Elon Musk Removes Software Throttling From Florida Tesla Models to Help Drivers Escape Irma  https://t.co/tZiPNrvtuR", "likes_count": 0, "replies_count": 0, "retweets_count": 0, "hashtags": []}
{"id": 909199277821452288, "date": "2017-09-16", "time": "19:36:14", "tweet": "@johnhlad @AllanStocks @ToyotaGB Considering how expensive your Tesla is, it's a pointless comparison.", "likes_count": 0, "replies_count": 0, "retweets_count": 0, "hashtags": []}
{"id": 909199108795174917, "date": "2017-09-16", "time": "19:35:34", "tweet": "@KayliKonarski It's probably the tesla on autopilot 😂", "likes_count": 3, "replies_count": 0, "retweets_count": 0, "hashtags": []}
{"id": 909198875407159296, "date": "2017-09-16", "time": "19:34:38", "tweet": "Nikola Tesla predicted the invention of the smartphone nearly 100 years ago.  https://t.co/pfShzE9b5X", "likes_count": 0, "replies_count": 0, "retweets_count": 0, "hashtags": []}
{"id": 909198828661854210, "date": "2017-09-16", "time": "19:34:27", "tweet": "@ElectricJen She's going to find all kinds of excuses to drive the Tesla and I don't blame her! 👍🏻", "likes_count": 8, "replies_count": 1, "retweets_count": 0, "hashtags": []}
{"id": 909198661527019520, "date": "2017-09-16", "time": "19:33:47", "tweet": "@Mystic_Tesla 😂", "likes_count": 0, "replies_count": 0, "retweets_count": 0, "hashtags": []}
{"id": 909198526546087936, "date": "2017-09-16", "time": "19:33:15", "tweet": "@Rovalo57 @remtweet Mwoch. Dus tesla's zijn typische amerikaanse bakken: kek design, gammele techniek. Laat die duitsers maar komen met hun e-auto's.", "likes_count": 0, "replies_count": 1, "retweets_count": 0, "hashtags": []}
{"id": 909198526021857280, "date": "2017-09-16", "time": "19:33:15", "tweet": "Tesla Autopilot Predicts Crash Compilation 2  https://t.co/ENCzEHJE5D", "likes_count": 0, "replies_count": 0, "retweets_count": 0, "hashtags": []}
{"id": 909198512004329473, "date": "2017-09-16", "time": "19:33:12", "tweet": "And the #coffee countdown is on!  https://t.co/7UhPs575AT in Mulgrave 13 14 October. Tesla and Planet Ark will be here, so should you. Book!  https://t.co/7qgVswFfOQ", "likes_count": 8, "replies_count": 0, "retweets_count": 1, "hashtags": ["coffee"]}
{"id": 909198486914191360, "date": "2017-09-16", "time": "19:33:06", "tweet": "This looks pretty good! #currentwar #edison #westinghouse #tesla  https://t.co/0fWEApJBGV", "likes_count": 1, "replies_count": 0, "retweets_count": 0, "hashtags": ["currentwar", "edison", "westinghouse", "tesla"]}
{"id": 909198473853009922, "date": "2017-09-16", "time": "19:33:02", "tweet": "Tesla lowers price of Model S, X 100D by $3,500 and P100D by $5,000  https://t.co/3zVUMNrFAr  https://t.co/bCE74XdICh", "likes_count": 0, "replies_count": 0, "retweets_count": 0, "hashtags": []}
{"id": 909198393133723648, "date": "2017-09-16", "time": "19:32:43", "tweet": "@MashiRafael Que paso con los negocios de Tesla y HP ?? .. otra mentira !!..", "likes_count": 0, "replies_count": 0, "retweets_count": 0, "hashtags": []}
{"id": 909198048772841473, "date": "2017-09-16", "time": "19:31:21", "tweet": "Old white man in a Tesla smiling at me like he wanna be my sugar daddy or something 🤔🤔", "likes_count": 0, "replies_count": 0, "retweets_count": 0, "hashtags": []}
{"id": 909197986915172352, "date": "2017-09-16", "time": "19:31:06", "tweet": "No wonder her son made Tesla with a mother like her 😍😍😍  https://t.co/beY2ZrDcHb", "likes_count": 1, "replies_count": 0, "retweets_count": 0, "hashtags": []}
{"id": 909197892614631424, "date": "2017-09-16", "time": "19:30:44", "tweet": "OFFICE K | OFK | ARTISAN SPIRITS | TESLA MODEL S BODY KIT SHOP  https://t.co/8M4ewCbJRN", "likes_count": 0, "replies_count": 0, "retweets_count": 0, "hashtags": []}
{"id": 909197830006468608, "date": "2017-09-16", "time": "19:30:29", "tweet": "Cambiar la batería de un Tesla en menos de 15 minutos es el próximo obje...  https://t.co/qBbx2LJf4K via @DadowTech @xataka", "likes_count": 0, "replies_count": 0, "retweets_count": 0, "hashtags": []}
{"id": 909197785391669249, "date": "2017-09-16", "time": "19:30:18", "tweet": "#Tesla Women\\'s #Yoga 21\\\"Capri High-Waist Tummy Control #Pants w Pocket FYP32. Check it out here  https://t.co/RizFE18fAe", "likes_count": 0, "replies_count": 0, "retweets_count": 0, "hashtags": ["tesla", "yoga", "pants"]}
{"id": 909197721340383239, "date": "2017-09-16", "time": "19:30:03", "tweet": "El #Tesla Model S P85D con dos motores acelera de 0 a 100 km/h en 3.4 segundos  https://t.co/wRNIMde6qw", "likes_count": 0, "replies_count": 0, "retweets_count": 0, "hashtags": ["tesla"]}
{"id": 909197116928434176, "date": "2017-09-16", "time": "19:27:39", "tweet": "Having a Tesla doesn't mean you can drive like a dick🙄", "likes_count": 5, "replies_count": 1, "retweets_count": 0, "hashtags": []}
{"id": 909197050079612928, "date": "2017-09-16", "time": "19:27:23", "tweet": "@usotson  https://t.co/Xf6ZBQSxLc cursed video but fgo Tesla and Edison", "likes_count": 0, "replies_count": 1, "retweets_count": 0, "hashtags": []}
{"id": 909196924124848129, "date": "2017-09-16", "time": "19:26:53", "tweet": "Here is that black tesla which I experienced.. It's amazing @InkLess_since88  https://t.co/92QR1B0fdv", "likes_count": 1, "replies_count": 1, "retweets_count": 1, "hashtags": []}
{"id": 909196828150607873, "date": "2017-09-16", "time": "19:26:30", "tweet": "Welcome to the Valley!  #siliconvalley #bayarea #cupertino #apple #iphone #vw #tesla #notexactly…  https://t.co/Uck2Z5rVFy", "likes_count": 0, "replies_count": 0, "retweets_count": 0, "hashtags": ["siliconvalley", "bayarea", "cupertino", "apple", "iphone", "vw", "tesla", "notexactly"]}
{"id": 909196705676922880, "date": "2017-09-16", "time": "19:26:01", "tweet": "#Tesla #Patent Reveals Possible Plans for a New #Battery Swapping Station via @futurism  https://t.co/EOw5NCpYpU", "likes_count": 0, "replies_count": 0, "retweets_count": 0, "hashtags": ["tesla", "patent", "battery"]}
{"id": 909196406874939392, "date": "2017-09-16", "time": "19:24:50", "tweet": "Espiral matemática de Nikola Tesla. #education  https://t.co/gPRtDFZIJN", "likes_count": 2, "replies_count": 0, "retweets_count": 4, "hashtags": ["education"]}
