{"id": 820420112721346561, "date": "2017-01-14", "time": "18:59:32", "tweet": "@elonmusk @TeslaMotors - Tesla feature request: Within a certain BPM, make the blinker click to the rythm of music playing.", "likes_count": 0, "replies_count": 0, "retweets_count": 0, "hashtags": []}
{"id": 820420047596384256, "date": "2017-01-14", "time": "18:59:16", "tweet": "Excited to have Tesla exhibiting at YORBusiness.  https://t.co/sVUnNLYSt5  https://t.co/9VmNEtDs4O #tesla #networking #yorkshire #marketing  https://t.co/cqC2fiZQ3G", "likes_count": 1, "replies_count": 0, "retweets_count": 0, "hashtags": ["tesla", "networking", "yorkshire", "marketing"]}
{"id": 820419952557498369, "date": "2017-01-14", "time": "18:58:54", "tweet": "@elonmusk just had a thought can't you just make it so the cars self-park to a waiting parking spot after charged? #tesla #supercharger", "likes_count": 0, "replies_count": 0, "retweets_count": 0, "hashtags": ["tesla", "supercharger"]}
{"id": 820419697661378560, "date": "2017-01-14", "time": "18:57:53", "tweet": "Electric GT unveils stripped-down Tesla Model S P100D with 2.0-sec 0 to 60 mph acceleration | Electrek  https://t.co/3qh5uHw9OS", "likes_count": 2, "replies_count": 0, "retweets_count": 2, "hashtags": []}
{"id": 820419438172393472, "date": "2017-01-14", "time": "18:56:51", "tweet": "Right, I forgot that all Tesla ships are optimistically named for Culture Minds  I hope @elonmusk never launches the Grey Area  https://t.co/CTUDl8oapx", "likes_count": 0, "replies_count": 0, "retweets_count": 0, "hashtags": []}
{"id": 820418893277700097, "date": "2017-01-14", "time": "18:54:41", "tweet": "Tesla Magazine, many thanks for following. Connect with me also on LinkedIn  https://t.co/biFoJZeZHA Regards, Marius", "likes_count": 0, "replies_count": 0, "retweets_count": 0, "hashtags": []}
{"id": 820418889498685441, "date": "2017-01-14", "time": "18:54:40", "tweet": "“Es preferible criar vegetales, creo que el vegetarianismo es lo recomendable para dejar hábitos barbáricos.\" -Tesla", "likes_count": 0, "replies_count": 0, "retweets_count": 0, "hashtags": []}
{"id": 820418800743043073, "date": "2017-01-14", "time": "18:54:19", "tweet": "YahooFinance: Tesla owners are insanely happy with their cars  https://t.co/rhK6mymH3Y  https://t.co/ACYHgrqYdn", "likes_count": 0, "replies_count": 0, "retweets_count": 0, "hashtags": []}
{"id": 820418589782052864, "date": "2017-01-14", "time": "18:53:29", "tweet": "Tesla: Innovation in the Driver's Seat  https://t.co/KwYVJRC2Dx", "likes_count": 0, "replies_count": 0, "retweets_count": 0, "hashtags": []}
{"id": 820418555204272128, "date": "2017-01-14", "time": "18:53:20", "tweet": "@WillPurdyCO @megadave5000 Actually-she finally just said \"F IT..sell the POS..I'm getting a Tesla!\" And that's what she did..lol!", "likes_count": 1, "replies_count": 0, "retweets_count": 0, "hashtags": []}
{"id": 820418490993516544, "date": "2017-01-14", "time": "18:53:05", "tweet": "Tesla Model S owners report discounted 75-kWh upgrade  https://t.co/KBsJ2UnR5X #car #news", "likes_count": 0, "replies_count": 0, "retweets_count": 0, "hashtags": ["car", "news"]}
{"id": 820418263129722881, "date": "2017-01-14", "time": "18:52:11", "tweet": "En medio de la pobreza y el olvido, así fueron los últimos días de Nikola Tesla #Ciencia  https://t.co/4aqELlRhBs", "likes_count": 0, "replies_count": 0, "retweets_count": 0, "hashtags": ["ciencia"]}
{"id": 820418248458043393, "date": "2017-01-14", "time": "18:52:07", "tweet": "En medio de la pobreza y el olvido, así fueron los últimos días de Nikola Tesla #Ciencia  https://t.co/R6FLX2RA9p", "likes_count": 0, "replies_count": 0, "retweets_count": 0, "hashtags": ["ciencia"]}
{"id": 820418184452960257, "date": "2017-01-14", "time": "18:51:52", "tweet": "Tesla Is Snatching Apple’s Stars to Make Itself the New Apple  https://t.co/D7Go771Pou", "likes_count": 0, "replies_count": 0, "retweets_count": 0, "hashtags": []}
{"id": 820418184381657088, "date": "2017-01-14", "time": "18:51:52", "tweet": "#80sMetal #NP: Tesla - Rock Me To The Top (86) LISTEN NOW  https://t.co/9j0FoOtY4w", "likes_count": 0, "replies_count": 0, "retweets_count": 0, "hashtags": ["80smetal", "np"]}
{"id": 820417756411596800, "date": "2017-01-14", "time": "18:50:10", "tweet": "Great Vlog on #Tesla Mobile #Support - \"#TeslaRanger Fixed my Door Handle\" by #JamesCooke  https://t.co/aQPJLDPXQj", "likes_count": 0, "replies_count": 0, "retweets_count": 0, "hashtags": ["tesla", "support", "teslaranger", "jamescooke"]}
{"id": 820417531555020800, "date": "2017-01-14", "time": "18:49:16", "tweet": "(Sorry for the shitty picture) maybe @Glam_And_Gore 's tesla is @danisnotonfire 'a pistachio muffin  https://t.co/nfzATHNR3V", "likes_count": 1, "replies_count": 0, "retweets_count": 0, "hashtags": []}
{"id": 820417423828365312, "date": "2017-01-14", "time": "18:48:51", "tweet": "‘Ludicrous+’ Tesla Model S P100D could see 0-60 in 2.1 sec., when ‘stripped down’ #Tesla   https://t.co/fhTzdHfw0s  https://t.co/lDUCW7qtWa", "likes_count": 1, "replies_count": 0, "retweets_count": 0, "hashtags": ["tesla"]}
{"id": 820417301258244096, "date": "2017-01-14", "time": "18:48:21", "tweet": "Chocobean lovers (with Tesla) [pic] —  https://t.co/BXqCdBT32w", "likes_count": 0, "replies_count": 0, "retweets_count": 0, "hashtags": []}
{"id": 820417097142599680, "date": "2017-01-14", "time": "18:47:33", "tweet": "I need a lul Tesla", "likes_count": 0, "replies_count": 0, "retweets_count": 0, "hashtags": []}
