{"id": 906668393159372802, "date": "2017-09-09", "time": "19:59:24", "tweet": "Why hasn't Tesla done a stock split before now?  https://t.co/y3wzEnXV6z", "likes_count": 0, "replies_count": 0, "retweets_count": 0, "hashtags": []}
{"id": 906668384091242497, "date": "2017-09-09", "time": "19:59:22", "tweet": "Here's everything Tesla is working on right now  https://t.co/iPx5WHcQEQ", "likes_count": 0, "replies_count": 0, "retweets_count": 0, "hashtags": []}
{"id": 906668379758583810, "date": "2017-09-09", "time": "19:59:21", "tweet": "Tesla's Best Bet for Cobalt Supply Is Here  https://t.co/GkRVl6IRes", "likes_count": 0, "replies_count": 0, "retweets_count": 0, "hashtags": []}
{"id": 906668375866146817, "date": "2017-09-09", "time": "19:59:20", "tweet": "Tesla flips a switch to increase the range of some cars in Florida to help people evacuate  https://t.co/wZmZ4nSoVc", "likes_count": 1, "replies_count": 0, "retweets_count": 1, "hashtags": []}
{"id": 906668263505047554, "date": "2017-09-09", "time": "19:58:53", "tweet": "@TypicallyTyra Nah Not talking about advert in that biases of product. What if I had a Tesla and I shitted on Diesel vehicles all the time thats annoyin", "likes_count": 0, "replies_count": 1, "retweets_count": 0, "hashtags": []}
{"id": 906668215014772736, "date": "2017-09-09", "time": "19:58:42", "tweet": "Tesla Model X Is Ridiculous, Astonishing, Still Car From The Future, CNET Repor…  https://t.co/Qc3wWqF7ov, see more  https://t.co/B0xLotMy5g", "likes_count": 0, "replies_count": 0, "retweets_count": 0, "hashtags": []}
{"id": 906668184375365632, "date": "2017-09-09", "time": "19:58:34", "tweet": "@CronjeKobus Get our curated publication on Elon Musk, SpaceX, Tesla, The Boring Company, OpenAI, and Hyperloop  https://t.co/uhzxzvIELZ", "likes_count": 1, "replies_count": 0, "retweets_count": 0, "hashtags": []}
{"id": 906668095409815552, "date": "2017-09-09", "time": "19:58:13", "tweet": "So Tesla won points for enabling this for hurricane victims. But they lose more for charging more money for literally nothing.", "likes_count": 0, "replies_count": 1, "retweets_count": 0, "hashtags": []}
{"id": 906668091496714240, "date": "2017-09-09", "time": "19:58:12", "tweet": "Tesla flips a switch to increase the range of some cars in Florida to help people evacuate  https://t.co/6mGIVEy9L8 #tech", "likes_count": 0, "replies_count": 0, "retweets_count": 0, "hashtags": ["tech"]}
{"id": 906668083871285248, "date": "2017-09-09", "time": "19:58:10", "tweet": "Tesla flips a switch to increase the range of some cars in Florida to help people evacuate  https://t.co/Usy06if9hZ  https://t.co/LuE2t8KyNl", "likes_count": 0, "replies_count": 0, "retweets_count": 0, "hashtags": []}
{"id": 906668082474577920, "date": "2017-09-09", "time": "19:58:10", "tweet": "Tesla flips a switch to increase the range of some cars in Florida to help people evacuate  https://t.co/cdYDP4rqNk  https://t.co/qkHkjT3IYD", "likes_count": 0, "replies_count": 0, "retweets_count": 0, "hashtags": []}
{"id": 906668078749978624, "date": "2017-09-09", "time": "19:58:09", "tweet": "Tesla flips a switch to increase the range of some cars in Florida to help people evacuate  https://t.co/VmrGRAhbbp  https://t.co/Hq4kvbWwMD", "likes_count": 0, "replies_count": 0, "retweets_count": 0, "hashtags": []}
{"id": 906668077844017152, "date": "2017-09-09", "time": "19:58:09", "tweet": "Tesla flips a switch to increase the range of some cars in Florida to help people evacuate  https://t.co/mk0MxPEGoM  https://t.co/mGo8pFKXOz", "likes_count": 0, "replies_count": 0, "retweets_count": 0, "hashtags": []}
{"id": 906668076451500032, "date": "2017-09-09", "time": "19:58:09", "tweet": "Tesla flips a switch to increase the range of some cars in Florida to help people evacuate  https://t.co/idNZZyUgrc  https://t.co/m785IHN1SK", "likes_count": 0, "replies_count": 0, "retweets_count": 0, "hashtags": []}
{"id": 906668074840989696, "date": "2017-09-09", "time": "19:58:08", "tweet": "Tesla flips a switch to increase the range of some cars in Florida to help people evacuate  https://t.co/5vw8GvqGKL  https://t.co/GoMryNWtGT", "likes_count": 0, "replies_count": 0, "retweets_count": 0, "hashtags": []}
{"id": 906668054049841152, "date": "2017-09-09", "time": "19:58:03", "tweet": "Tesla flips a switch to increase the range of some cars in Florida to help people evacuate  https://t.co/7fnZj6bltS", "likes_count": 0, "replies_count": 0, "retweets_count": 0, "hashtags": []}
{"id": 906668024190697473, "date": "2017-09-09", "time": "19:57:56", "tweet": "Tesla Remotely Extended The Range Of Its Florida Owners' Cars To Assist Hurricane Evacuation  https://t.co/yMkPSgFl5F", "likes_count": 0, "replies_count": 0, "retweets_count": 0, "hashtags": []}
{"id": 906667929256714240, "date": "2017-09-09", "time": "19:57:34", "tweet": "Ok, this is kinda great of Tesla. But also? It's really shitty to charge more money for range you have hardware for.  https://t.co/eawjRA6sFx", "likes_count": 2, "replies_count": 2, "retweets_count": 0, "hashtags": []}
{"id": 906667922952740870, "date": "2017-09-09", "time": "19:57:32", "tweet": "Новость (Опубликованы первые изображения нового пикапа от Tesla) опубликовано на Радуга Новостей -  https://t.co/c1TquFZkE8  https://t.co/ca9avMsBmW", "likes_count": 0, "replies_count": 0, "retweets_count": 0, "hashtags": []}
{"id": 906667912005607425, "date": "2017-09-09", "time": "19:57:29", "tweet": "This is nuts! #Tesla issues software update to help owners flee #Hurricane Irma by increasing battery range  https://t.co/0Og03STJVM", "likes_count": 0, "replies_count": 0, "retweets_count": 0, "hashtags": ["tesla", "hurricane"]}
