{"id": 830567072878964736, "date": "2017-02-11", "time": "18:59:56", "tweet": "Tesla has actually lost her marbles this time", "likes_count": 0, "replies_count": 0, "retweets_count": 0, "hashtags": []}
{"id": 830567058098135040, "date": "2017-02-11", "time": "18:59:52", "tweet": "@occasionallylil \"invention\" that tesla stole from him LOL . just realized this is the wrong twitter whaddup", "likes_count": 0, "replies_count": 1, "retweets_count": 0, "hashtags": []}
{"id": 830567024187281410, "date": "2017-02-11", "time": "18:59:44", "tweet": "Will Apple buy Tesla, Netflix, or Disney?  https://t.co/ZnGYn0k1dI", "likes_count": 0, "replies_count": 0, "retweets_count": 0, "hashtags": []}
{"id": 830566985146695684, "date": "2017-02-11", "time": "18:59:35", "tweet": "More Sound Check from our #SoldOut Arena show in Ohio today. Check out Frank's new Moog! #Tesla 📸 @oliver_halfin  https://t.co/YOzXVngfpI", "likes_count": 54, "replies_count": 2, "retweets_count": 5, "hashtags": ["soldout", "tesla"]}
{"id": 830566974316961793, "date": "2017-02-11", "time": "18:59:32", "tweet": "@occasionallylil at one point in the game they both make cookies for you (the mc) and edison gets angry at tesla bc thats another", "likes_count": 0, "replies_count": 1, "retweets_count": 0, "hashtags": []}
{"id": 830566899071135744, "date": "2017-02-11", "time": "18:59:14", "tweet": "i like in this game that edison and tesla are characters. tesla is a general anime guy (sort of bishie) but edison is a lion", "likes_count": 3, "replies_count": 1, "retweets_count": 0, "hashtags": []}
{"id": 830566790619082752, "date": "2017-02-11", "time": "18:58:48", "tweet": "I rented a guy’s $145,000 Tesla Model X  https://t.co/UzgWjUe260  https://t.co/h9bsy5ctfm", "likes_count": 0, "replies_count": 0, "retweets_count": 0, "hashtags": []}
{"id": 830566723099164672, "date": "2017-02-11", "time": "18:58:32", "tweet": "Tesla vuelve a superar su récord de aceleración con el modo Ludicrous+  https://t.co/jBvxvG1rFA", "likes_count": 0, "replies_count": 0, "retweets_count": 0, "hashtags": []}
{"id": 830566694267424768, "date": "2017-02-11", "time": "18:58:25", "tweet": "@trutherbotyelow I think Tesla is pretty well known. The obscure one is Benjamin Lamme, known only to professionals.", "likes_count": 0, "replies_count": 0, "retweets_count": 0, "hashtags": []}
{"id": 830566681378320385, "date": "2017-02-11", "time": "18:58:22", "tweet": "Alison Tesla wants to thank Chewie for her new toy!  https://t.co/nnPKw2mh1H", "likes_count": 0, "replies_count": 0, "retweets_count": 0, "hashtags": []}
{"id": 830566679394582529, "date": "2017-02-11", "time": "18:58:22", "tweet": "#I rented a guy's $145,000 Tesla Model X -  https://t.co/KbnazlbjHH  ...  https://t.co/Onr2AHdRYC", "likes_count": 0, "replies_count": 0, "retweets_count": 0, "hashtags": ["i"]}
{"id": 830566645496164353, "date": "2017-02-11", "time": "18:58:14", "tweet": "#80sMetal #NP: Tesla - Call It What You Want (91) LISTEN NOW  https://t.co/9j0FoOtY4w", "likes_count": 0, "replies_count": 0, "retweets_count": 0, "hashtags": ["80smetal", "np"]}
{"id": 830566608796053505, "date": "2017-02-11", "time": "18:58:05", "tweet": "Welcome to #Dubai #Tesla Finally it's happening ...🚘  Thank you @TeslaMotors .. Thank you @elonmusk #Emirates welcome u  https://t.co/6xgWiIu74U", "likes_count": 4, "replies_count": 0, "retweets_count": 0, "hashtags": ["dubai", "tesla", "emirates"]}
{"id": 830566559546437633, "date": "2017-02-11", "time": "18:57:53", "tweet": "電気自動車、自動運転カーで話題を集めるteslaですが、最大の強みはバッテリー技術にあります^ ^ #イーロンマスク  https://t.co/43C0OR0A1R", "likes_count": 0, "replies_count": 0, "retweets_count": 0, "hashtags": ["イーロンマスク"]}
{"id": 830566484409778176, "date": "2017-02-11", "time": "18:57:35", "tweet": "OMD - Tesla Girls  https://t.co/nJvVN2Xw5T", "likes_count": 2, "replies_count": 0, "retweets_count": 1, "hashtags": []}
{"id": 830566409163984898, "date": "2017-02-11", "time": "18:57:17", "tweet": "@MegabrainTV Ja ich fahre einen VW, meine Eltern haben aber das selbe Problem mit Audi... dann bleibt nur noch Tesla ^^", "likes_count": 0, "replies_count": 2, "retweets_count": 0, "hashtags": []}
{"id": 830566330071912448, "date": "2017-02-11", "time": "18:56:58", "tweet": "Me ha gustado un vídeo de @YouTube de @slcuervo ( https://t.co/ldDMCdWo0t - Los Superchargers de TESLA ahora son de pago (pero con 400", "likes_count": 0, "replies_count": 0, "retweets_count": 0, "hashtags": []}
{"id": 830566257632149505, "date": "2017-02-11", "time": "18:56:41", "tweet": "A base Tesla Model X #dougcar", "likes_count": 0, "replies_count": 0, "retweets_count": 0, "hashtags": ["dougcar"]}
{"id": 830566198827950080, "date": "2017-02-11", "time": "18:56:27", "tweet": "“Of all things, I liked books best.” ― Nikola Tesla", "likes_count": 0, "replies_count": 0, "retweets_count": 0, "hashtags": []}
{"id": 830566192712712193, "date": "2017-02-11", "time": "18:56:26", "tweet": "“Time for Tesla to Listen” by Jose Moran  https://t.co/mZwFF6HNNp", "likes_count": 0, "replies_count": 0, "retweets_count": 0, "hashtags": []}
