{"id": 853397494494920704, "date": "2017-04-15", "time": "19:59:52", "tweet": "Tesla solar panels are starting to power Hawaii island  https://t.co/smYJcO3xdc", "likes_count": 0, "replies_count": 0, "retweets_count": 0, "hashtags": []}
{"id": 853397296217604097, "date": "2017-04-15", "time": "19:59:05", "tweet": "Saya menjual Paket Hemat V a p o r Siap Ngebul Tesla Nano + R D A seharga $719000.00.   https://t.co/hgAyzER3a4 #ShopeeID", "likes_count": 0, "replies_count": 0, "retweets_count": 0, "hashtags": ["shopeeid"]}
{"id": 853397110636412928, "date": "2017-04-15", "time": "19:58:21", "tweet": "@eridani99 @seamesquat said \"A BMW and a Tesla? Those are some lucky cats\"", "likes_count": 1, "replies_count": 1, "retweets_count": 0, "hashtags": []}
{"id": 853396629579120640, "date": "2017-04-15", "time": "19:56:26", "tweet": "In 10 years the old tesla battery may be worth more than a simeraly aged BMW or MB in total!  https://t.co/Ig717FGXQZ", "likes_count": 0, "replies_count": 0, "retweets_count": 0, "hashtags": []}
{"id": 853396578358484992, "date": "2017-04-15", "time": "19:56:14", "tweet": "Cadillac has a secret weapon in its quest to beat Tesla at self-driving  https://t.co/UFXtGnDu9T via Verge", "likes_count": 0, "replies_count": 0, "retweets_count": 0, "hashtags": []}
{"id": 853396275873677313, "date": "2017-04-15", "time": "19:55:02", "tweet": "Rocking since 88 🎸🎸🎶🎶🎶 #Tesla #Poison #DefLeppard curtskrilla #RockNRoll  https://t.co/UnoryHnYXO", "likes_count": 0, "replies_count": 0, "retweets_count": 0, "hashtags": ["tesla", "poison", "defleppard", "rocknroll"]}
{"id": 853396237399318529, "date": "2017-04-15", "time": "19:54:52", "tweet": "@yuri4078 @GekkoLeeson @pricatti Ojo q el tesla 3 ( el barato nuevo)  no para de venderse, hay lista de espera.", "likes_count": 0, "replies_count": 2, "retweets_count": 0, "hashtags": []}
{"id": 853396051696377856, "date": "2017-04-15", "time": "19:54:08", "tweet": "Me gustó un video de @YouTube  https://t.co/lMMAdNlKoI ENTREVISTA a Nikola tesla - \"Todo es la Luz\"", "likes_count": 0, "replies_count": 0, "retweets_count": 0, "hashtags": []}
{"id": 853396046252257284, "date": "2017-04-15", "time": "19:54:07", "tweet": "Electric pickup trucks are coming and not only from Tesla  🚚⚡️☺️  #EV  https://t.co/8y2jblzHkg", "likes_count": 0, "replies_count": 0, "retweets_count": 0, "hashtags": ["ev"]}
{"id": 853396011934502918, "date": "2017-04-15", "time": "19:53:59", "tweet": "Tesla!  https://t.co/gJaGJNIa2a", "likes_count": 0, "replies_count": 0, "retweets_count": 0, "hashtags": []}
{"id": 853395935392673792, "date": "2017-04-15", "time": "19:53:40", "tweet": "Tesla - first sighting in Oro Valley  https://t.co/NAVk1Sooqa", "likes_count": 0, "replies_count": 0, "retweets_count": 0, "hashtags": []}
{"id": 853395919831748612, "date": "2017-04-15", "time": "19:53:37", "tweet": "Cadillac has a secret weapon in its quest to beat Tesla at self-driving  https://t.co/lI3OrMvRlm via @Verge", "likes_count": 0, "replies_count": 0, "retweets_count": 0, "hashtags": []}
{"id": 853395888424669184, "date": "2017-04-15", "time": "19:53:29", "tweet": "GM Tesla 상대구도에 접어든이상 그건 그거대로 함께가되, 한국은 한국시장 테두리 포멧으로 에너지시장 구도성장 더욱 탄탄히 해야됩니다.  #energy #ev #디자인싱킹", "likes_count": 0, "replies_count": 0, "retweets_count": 0, "hashtags": ["energy", "ev", "디자인싱킹"]}
{"id": 853395831172608000, "date": "2017-04-15", "time": "19:53:16", "tweet": "@eridani99 wait I thought you got a Tesla", "likes_count": 0, "replies_count": 1, "retweets_count": 0, "hashtags": []}
{"id": 853395807877435392, "date": "2017-04-15", "time": "19:53:10", "tweet": "1. Tesla  2. Poison  3. Def Leppard", "likes_count": 0, "replies_count": 0, "retweets_count": 0, "hashtags": []}
{"id": 853395705611730945, "date": "2017-04-15", "time": "19:52:46", "tweet": "[ https://t.co/N9JIaTyO5u] Tesla trucks: semi to be shown in Sept, pickup in 18-24 months  https://t.co/xeQ2EEIw0W", "likes_count": 0, "replies_count": 0, "retweets_count": 0, "hashtags": []}
{"id": 853395654294605826, "date": "2017-04-15", "time": "19:52:33", "tweet": "-Tesla   #A_Ol #like4follow #likeforfollow #followforfollow  https://t.co/HTxR5TQ7oy", "likes_count": 3, "replies_count": 0, "retweets_count": 0, "hashtags": ["a_ol", "like4follow", "likeforfollow", "followforfollow"]}
{"id": 853395497947680769, "date": "2017-04-15", "time": "19:51:56", "tweet": "Tesla.....\"love song\" ! #nassaucoliseum #defleppard #poison #tesla @…  https://t.co/Ei297YZVln", "likes_count": 2, "replies_count": 0, "retweets_count": 0, "hashtags": ["nassaucoliseum", "defleppard", "poison", "tesla"]}
{"id": 853395436404649986, "date": "2017-04-15", "time": "19:51:42", "tweet": "Done with my Tesla Model X test drive and @elonmusk , hats off to your vision. Amazed by the experience. A new super fan at my home now  https://t.co/uYvGFiAUXy", "likes_count": 1, "replies_count": 0, "retweets_count": 0, "hashtags": []}
{"id": 853395408474787841, "date": "2017-04-15", "time": "19:51:35", "tweet": "La furgoneta de Tesla se presentará en septiembre  https://t.co/VF6Eve6axd", "likes_count": 0, "replies_count": 0, "retweets_count": 0, "hashtags": []}
