{"id": 850860608190726144, "date": "2017-04-08", "time": "19:59:11", "tweet": "@Jus2Run Will a tesla take me to the mountains? Nope.", "likes_count": 0, "replies_count": 1, "retweets_count": 0, "hashtags": []}
{"id": 850860404234432512, "date": "2017-04-08", "time": "19:58:23", "tweet": "Tesla Orders a Staggering 3,000 Kilometers Worth of Cable in $5.4 Million Deal via /r/technology  https://t.co/Zjn2F8Cgz2", "likes_count": 0, "replies_count": 0, "retweets_count": 0, "hashtags": []}
{"id": 850860332075569153, "date": "2017-04-08", "time": "19:58:06", "tweet": "2017 Tesla Model 3: First Pics of the Production-Ready Version!  https://t.co/V4gY60JDMy", "likes_count": 0, "replies_count": 0, "retweets_count": 0, "hashtags": []}
{"id": 850860240547356672, "date": "2017-04-08", "time": "19:57:44", "tweet": "Tesla introduces ticket-avoidance-mode for Model S.  https://t.co/0HicMrGiVw", "likes_count": 0, "replies_count": 0, "retweets_count": 0, "hashtags": []}
{"id": 850860127410298880, "date": "2017-04-08", "time": "19:57:17", "tweet": "2017 Tesla Model 3: First Pics of the Production-Ready Version!  https://t.co/PYpQAgnjmg", "likes_count": 0, "replies_count": 0, "retweets_count": 0, "hashtags": []}
{"id": 850860111484538880, "date": "2017-04-08", "time": "19:57:13", "tweet": "2017 Tesla Model 3: First Pics of the Production-Ready Version!  https://t.co/lp0IFL0UfF", "likes_count": 0, "replies_count": 0, "retweets_count": 0, "hashtags": []}
{"id": 850860097693601792, "date": "2017-04-08", "time": "19:57:10", "tweet": "2017 Tesla Model 3: First Pics of the Production-Ready Version!  https://t.co/Ma2iThYI42", "likes_count": 0, "replies_count": 0, "retweets_count": 0, "hashtags": []}
{"id": 850860045399183360, "date": "2017-04-08", "time": "19:56:57", "tweet": "@Tesla was good but we all know @poison is gonna be reaaaaallll good", "likes_count": 0, "replies_count": 0, "retweets_count": 0, "hashtags": []}
{"id": 850859849697050624, "date": "2017-04-08", "time": "19:56:11", "tweet": "Sometimes I wish I had a house, just to put solar panels, Tesla batteries and other alternative energy tech on/in it.", "likes_count": 1, "replies_count": 1, "retweets_count": 0, "hashtags": []}
{"id": 850859726275477504, "date": "2017-04-08", "time": "19:55:41", "tweet": "Quem Foi Nikola Tesla? (Parte 3) | Ep. 69  https://t.co/r6OrxZVynH", "likes_count": 0, "replies_count": 0, "retweets_count": 0, "hashtags": []}
{"id": 850859625758863361, "date": "2017-04-08", "time": "19:55:17", "tweet": "2017 Tesla Model 3: First Pics of the Production-Ready Version!  https://t.co/ACrwqPwIQo", "likes_count": 0, "replies_count": 0, "retweets_count": 0, "hashtags": []}
{"id": 850859615390748672, "date": "2017-04-08", "time": "19:55:15", "tweet": "Rusia Construye Torre Tesla Y Esta Haciendo Pruebas  https://t.co/7jIxfEraHl", "likes_count": 0, "replies_count": 0, "retweets_count": 0, "hashtags": []}
{"id": 850859586089140225, "date": "2017-04-08", "time": "19:55:08", "tweet": "2017 Tesla Model 3: First Pics of the Production-Ready Version!  https://t.co/JToHLcqCWP  https://t.co/Qnh9MM7cQL", "likes_count": 0, "replies_count": 0, "retweets_count": 0, "hashtags": []}
{"id": 850859580066111490, "date": "2017-04-08", "time": "19:55:06", "tweet": "2017 Tesla Model 3: First Pics of the Production-Ready Version!  https://t.co/7Jr43PCvs7  #NEWS", "likes_count": 0, "replies_count": 0, "retweets_count": 0, "hashtags": ["news"]}
{"id": 850859430354632704, "date": "2017-04-08", "time": "19:54:31", "tweet": "The big question though. Does @Ludacris have a #Tesla mode?  https://t.co/KkFAhkStn0", "likes_count": 4, "replies_count": 1, "retweets_count": 0, "hashtags": ["tesla"]}
{"id": 850859269603938308, "date": "2017-04-08", "time": "19:53:52", "tweet": "Olha só, quem diria que a #Tesla conseguiria superar uma das grandes em tão pouco tempo.  https://t.co/8lEjyRRpou", "likes_count": 0, "replies_count": 0, "retweets_count": 0, "hashtags": ["tesla"]}
{"id": 850859058273935361, "date": "2017-04-08", "time": "19:53:02", "tweet": "50-ish yr old dude in the Tesla blasting Drake, how's that midlife crisis?", "likes_count": 7, "replies_count": 1, "retweets_count": 1, "hashtags": []}
{"id": 850859055841234944, "date": "2017-04-08", "time": "19:53:01", "tweet": "Tesla: Can It Ever Create Shareholder Value?  https://t.co/puJ8yJ9CCA $TSLA  https://t.co/f3MXEVfkJv", "likes_count": 0, "replies_count": 0, "retweets_count": 0, "hashtags": []}
{"id": 850858930536415232, "date": "2017-04-08", "time": "19:52:31", "tweet": "BookWatch: Why we need Nikola Tesla to fight climate change  https://t.co/uceEUhYVtg", "likes_count": 1, "replies_count": 0, "retweets_count": 1, "hashtags": []}
{"id": 850858928749649920, "date": "2017-04-08", "time": "19:52:31", "tweet": "BookWatch: Why we need Nikola Tesla to fight climate change  https://t.co/ldXbjjS9Jr", "likes_count": 0, "replies_count": 0, "retweets_count": 0, "hashtags": []}
{"id": 850858927126347777, "date": "2017-04-08", "time": "19:52:31", "tweet": "BookWatch: Why we need Nikola Tesla to fight climate change  https://t.co/sQisKKhWUm", "likes_count": 0, "replies_count": 0, "retweets_count": 0, "hashtags": []}
{"id": 850858853247975424, "date": "2017-04-08", "time": "19:52:13", "tweet": "2017 Tesla Model 3: First Pics of the Production-Ready Version!  https://t.co/PVnc67FQZM #news", "likes_count": 0, "replies_count": 0, "retweets_count": 0, "hashtags": ["news"]}
{"id": 850858832184188928, "date": "2017-04-08", "time": "19:52:08", "tweet": "Rossini - Barber of Seville on Musical Tesla Coils  https://t.co/bKQpaNMN9q", "likes_count": 0, "replies_count": 0, "retweets_count": 0, "hashtags": []}
{"id": 850858720707923969, "date": "2017-04-08", "time": "19:51:41", "tweet": "I liked a @YouTube video from @joego101  https://t.co/FTVbWM4C2z Girl in Tesla P90D Pulls on ZX6R / ZX6R vs GSXR 600 / Bad Drivers /", "likes_count": 0, "replies_count": 0, "retweets_count": 0, "hashtags": []}
{"id": 850858674352476160, "date": "2017-04-08", "time": "19:51:30", "tweet": "I liked a @YouTube video  https://t.co/RUAobwzDRy Sportbike gets Smoked by a Tesla Model S", "likes_count": 0, "replies_count": 0, "retweets_count": 0, "hashtags": []}
{"id": 850858494010040320, "date": "2017-04-08", "time": "19:50:47", "tweet": "Rossini - William Tell Overture Finale on Musical Tesla Coils  https://t.co/G9JaHwcFCT", "likes_count": 0, "replies_count": 0, "retweets_count": 0, "hashtags": []}
{"id": 850858367321067520, "date": "2017-04-08", "time": "19:50:17", "tweet": "Singing Tesla coil plays Game of Thrones theme song  https://t.co/EVJd6dGXSv", "likes_count": 0, "replies_count": 0, "retweets_count": 0, "hashtags": []}
{"id": 850858121308262400, "date": "2017-04-08", "time": "19:49:18", "tweet": "いまTesla？", "likes_count": 0, "replies_count": 0, "retweets_count": 0, "hashtags": []}
{"id": 850857840524664832, "date": "2017-04-08", "time": "19:48:12", "tweet": "I need to cop a tesla for the autopilot function....for a lot of purposes", "likes_count": 1, "replies_count": 0, "retweets_count": 0, "hashtags": []}
{"id": 850857824523603969, "date": "2017-04-08", "time": "19:48:08", "tweet": "At the Def Leppard, Poison and Tesla concert. Tesla was good. Poison up next; the greatest glam band ever. Fact not opinion.", "likes_count": 0, "replies_count": 0, "retweets_count": 0, "hashtags": []}
{"id": 850857818810961921, "date": "2017-04-08", "time": "19:48:06", "tweet": "@omg_tesla @ElectrekCo @Model3Owners  https://t.co/WHEzsg29py here's some pics of the front", "likes_count": 1, "replies_count": 0, "retweets_count": 0, "hashtags": []}
{"id": 850857802163777536, "date": "2017-04-08", "time": "19:48:02", "tweet": "Beethoven Symphony No.9 at Musical Tesla Coil (Bobina de Tesla)  https://t.co/1GtcjwxvDV", "likes_count": 0, "replies_count": 0, "retweets_count": 0, "hashtags": []}
{"id": 850857771746689024, "date": "2017-04-08", "time": "19:47:55", "tweet": "Me ha gustado un vídeo de @YouTube de @slcuervo ( https://t.co/RrZN5Kd1G1 - Aceleración y autonomía TESLA MODEL X 90D).", "likes_count": 0, "replies_count": 0, "retweets_count": 0, "hashtags": []}
{"id": 850857651143680001, "date": "2017-04-08", "time": "19:47:26", "tweet": "Im getting a Tesla asap", "likes_count": 0, "replies_count": 0, "retweets_count": 0, "hashtags": []}
{"id": 850857647012282368, "date": "2017-04-08", "time": "19:47:25", "tweet": "La CE abre un procedimiento de infracción a España y a otros seis por las emisiones de  https://t.co/F4o345yM1O #pasatealoelectrico #Tesla", "likes_count": 0, "replies_count": 0, "retweets_count": 0, "hashtags": ["pasatealoelectrico", "tesla"]}
{"id": 850857642847346689, "date": "2017-04-08", "time": "19:47:24", "tweet": "I liked a @YouTube video from @dragtimes  https://t.co/tcyvPJUFWt Tesla Model S Picks Owner up in the Rain using the new Summon Feature", "likes_count": 0, "replies_count": 0, "retweets_count": 0, "hashtags": []}
{"id": 850857594876985345, "date": "2017-04-08", "time": "19:47:13", "tweet": "10 Most Famous People To Ever Drive a Tesla  https://t.co/BpKDMXWZyt  https://t.co/7nJ31hbsDy", "likes_count": 0, "replies_count": 0, "retweets_count": 0, "hashtags": []}
{"id": 850857564946522112, "date": "2017-04-08", "time": "19:47:06", "tweet": "Little Suzi @eddieowens5599 #Tesla  https://t.co/IOPfPnjsRm  https://t.co/XL87U5YAZ1", "likes_count": 1, "replies_count": 0, "retweets_count": 0, "hashtags": ["tesla"]}
{"id": 850857526740602882, "date": "2017-04-08", "time": "19:46:57", "tweet": "Cramer Remix: How Tesla’s haters could get run over  https://t.co/m1GWlIHohr  https://t.co/oMfrJSKcxW", "likes_count": 0, "replies_count": 0, "retweets_count": 0, "hashtags": []}
{"id": 850857415528636417, "date": "2017-04-08", "time": "19:46:30", "tweet": "Pasan fotos hasta de cuando van al baño, hermoso el grupo de promo tesla", "likes_count": 1, "replies_count": 0, "retweets_count": 0, "hashtags": []}
{"id": 850857178412064768, "date": "2017-04-08", "time": "19:45:34", "tweet": "Tesla Supplier Buys 21 Tesla Model S Company Cars  https://t.co/PjFy4RPvKy", "likes_count": 0, "replies_count": 0, "retweets_count": 0, "hashtags": []}
{"id": 850857177761886209, "date": "2017-04-08", "time": "19:45:33", "tweet": "Nikola Tesla'nın 116 yıl sonra ortaya çıkan akılalmaz röportajı!  https://t.co/RQPWC9Lid2", "likes_count": 0, "replies_count": 0, "retweets_count": 0, "hashtags": []}
{"id": 850857151006474240, "date": "2017-04-08", "time": "19:45:27", "tweet": "Tesla Orders a Staggering 3,000 Kilometers Worth of Cable in $5.4 Million Deal via /r/technology  https://t.co/DeJlYBrf7d #technology  https://t.co/nRPNCLkf7f", "likes_count": 1, "replies_count": 0, "retweets_count": 1, "hashtags": ["technology"]}
{"id": 850856801171931136, "date": "2017-04-08", "time": "19:44:04", "tweet": "Check out this Communications Manager job at Tesla:  https://t.co/5ghEbX7h0h", "likes_count": 0, "replies_count": 0, "retweets_count": 0, "hashtags": []}
{"id": 850856741428396032, "date": "2017-04-08", "time": "19:43:49", "tweet": "Dyson has abandoned patents aimed at creating a battery-and-electric-car juggernaut resembling Tesla...  https://t.co/0OQmrZGbFn", "likes_count": 0, "replies_count": 0, "retweets_count": 0, "hashtags": []}
{"id": 850856718309494784, "date": "2017-04-08", "time": "19:43:44", "tweet": "Dyson has abandoned patents aimed at creating a battery-and-electric-car juggernaut resembling Tesla   https://t.co/IQ24dNamm7", "likes_count": 0, "replies_count": 0, "retweets_count": 0, "hashtags": []}
{"id": 850856651192225794, "date": "2017-04-08", "time": "19:43:28", "tweet": "Great teamwork, they are super fun group they challenged Tesla but the World is in complete…  https://t.co/fu4TiuAp7D", "likes_count": 0, "replies_count": 0, "retweets_count": 0, "hashtags": []}
{"id": 850856564013531139, "date": "2017-04-08", "time": "19:43:07", "tweet": "Tesla Orders a Staggering 3,000 Kilometers Worth of Cable in $5.4 Million Deal #tech  https://t.co/YgzuUKQXfY", "likes_count": 0, "replies_count": 0, "retweets_count": 0, "hashtags": ["tech"]}
{"id": 850856533814636544, "date": "2017-04-08", "time": "19:43:00", "tweet": "Tesla owners can expect easy access to all discovered Easter Eggs  https://t.co/UCJsTgExeE", "likes_count": 0, "replies_count": 0, "retweets_count": 0, "hashtags": []}
{"id": 850856338456547329, "date": "2017-04-08", "time": "19:42:13", "tweet": "@TeslaBand @Tesla_The_Band Thank you Tesla! Great show tonight!  https://t.co/0ZServTyjh", "likes_count": 0, "replies_count": 0, "retweets_count": 0, "hashtags": []}
{"id": 850856304319102977, "date": "2017-04-08", "time": "19:42:05", "tweet": "I added a video to a @YouTube playlist  https://t.co/IfVp7PaILG Tesla - Love Song (Lyrics)", "likes_count": 0, "replies_count": 0, "retweets_count": 0, "hashtags": []}
{"id": 850856279677575168, "date": "2017-04-08", "time": "19:41:59", "tweet": "Battery Patent Application Could Change the Game For Tesla  https://t.co/8akjCEdUjH via @TheStreet", "likes_count": 0, "replies_count": 0, "retweets_count": 0, "hashtags": []}
{"id": 850856140669947905, "date": "2017-04-08", "time": "19:41:26", "tweet": "Tesla, poison, Def Leppard with the pops!  https://t.co/0upywAugIr", "likes_count": 6, "replies_count": 0, "retweets_count": 0, "hashtags": []}
{"id": 850856132725878784, "date": "2017-04-08", "time": "19:41:24", "tweet": "Tesla Model S P100D sets new real-world quarter-mile record: 10.723 seconds  https://t.co/4pZnHkubXh via @FredericLambert", "likes_count": 0, "replies_count": 0, "retweets_count": 0, "hashtags": []}
{"id": 850856002727661568, "date": "2017-04-08", "time": "19:40:53", "tweet": "Tesla Orders a Staggering 3,000 Kilometers Worth of Cable in $5.4 Million Deal via /r/technology  https://t.co/MEQ0pZhzes", "likes_count": 0, "replies_count": 0, "retweets_count": 0, "hashtags": []}
{"id": 850855837941870594, "date": "2017-04-08", "time": "19:40:14", "tweet": "@elonmusk  It would be really cool is if you can do 3 Estate / Station Wagon version, my dog wants a Tesla dog friendly trunk  / boot.", "likes_count": 0, "replies_count": 0, "retweets_count": 0, "hashtags": []}
{"id": 850855623814037504, "date": "2017-04-08", "time": "19:39:23", "tweet": "Tesla Model 3 prototypes caught on camera  https://t.co/QF2QRAAIi6", "likes_count": 3, "replies_count": 0, "retweets_count": 2, "hashtags": []}
{"id": 850855571347705856, "date": "2017-04-08", "time": "19:39:10", "tweet": "I need this #Tesla #ModelX  https://t.co/UsGUmqpBns", "likes_count": 4, "replies_count": 1, "retweets_count": 1, "hashtags": ["tesla", "modelx"]}
{"id": 850855521502478336, "date": "2017-04-08", "time": "19:38:59", "tweet": "@JunkScience I wonder what the world would look like if consumers were happy to pay whatever it cost for locally made products. You do have Tesla though", "likes_count": 0, "replies_count": 0, "retweets_count": 0, "hashtags": []}
{"id": 850855461842759680, "date": "2017-04-08", "time": "19:38:44", "tweet": "@elonmusk would be proud of the Tesla display and foot traffic today. Cars looked beautiful as sun set on Prudential shop  https://t.co/u9OcZ8BeIt", "likes_count": 0, "replies_count": 0, "retweets_count": 0, "hashtags": []}
{"id": 850855421220978688, "date": "2017-04-08", "time": "19:38:35", "tweet": "Tesla owners can expect easy access to all discovered Easter Eggs  https://t.co/6ro9TAXsVt", "likes_count": 0, "replies_count": 0, "retweets_count": 0, "hashtags": []}
{"id": 850855399473500160, "date": "2017-04-08", "time": "19:38:30", "tweet": "Tesla’s new solar roof will cost less and keep your house off the Grid all day.  https://t.co/f99RlWlFvf", "likes_count": 0, "replies_count": 0, "retweets_count": 0, "hashtags": []}
{"id": 850855332008136705, "date": "2017-04-08", "time": "19:38:13", "tweet": "NYTimes: #Tesla Has Something Hotter Than Cars to Sell: Its Story $TSLA   https://t.co/c84HMa6BT0", "likes_count": 1, "replies_count": 1, "retweets_count": 1, "hashtags": ["tesla"]}
{"id": 850855298604597249, "date": "2017-04-08", "time": "19:38:05", "tweet": "@Imaginedragons @WayneSermon That's like Mac saying he just \"randomly told that Tesla story\" just doesn't happen.", "likes_count": 4, "replies_count": 0, "retweets_count": 0, "hashtags": []}
{"id": 850855227590926336, "date": "2017-04-08", "time": "19:37:49", "tweet": "\"Daft Punk - Veridis Quo\" on Musical Tesla Coils  https://t.co/3wle6X71UR", "likes_count": 0, "replies_count": 0, "retweets_count": 0, "hashtags": []}
{"id": 850855171106131968, "date": "2017-04-08", "time": "19:37:35", "tweet": "【メンズ】 (テスラ)TESLA HyperDri ドライフィット スポーツシャツ [UVカット・吸汗速乾]・MTS03/MTS05 TESLA(テスラ) (110) 新品： ￥ 1,390…  https://t.co/o1Liz2YzoO ... #フィットネス #トレーニング", "likes_count": 0, "replies_count": 0, "retweets_count": 0, "hashtags": ["フィットネス", "トレーニング"]}
{"id": 850855169952686080, "date": "2017-04-08", "time": "19:37:35", "tweet": "【メンズ】 (テスラ)TESLA HyperDri ドライフィット スポーツ ショートパンツ [UVカット・吸汗速乾]・MTP07/CMBS01 TESLA(テスラ) (105) 新品： ￥…  https://t.co/Tq4R6dmQVk ... #フィットネス #トレーニング", "likes_count": 0, "replies_count": 0, "retweets_count": 0, "hashtags": ["フィットネス", "トレーニング"]}
{"id": 850855067494363137, "date": "2017-04-08", "time": "19:37:10", "tweet": "Tesla Orders a Staggering 3,000 Kilometers Worth of Cable in $5.4 Million Deal  https://t.co/VqTpsbWqi1 #tech #technews", "likes_count": 0, "replies_count": 0, "retweets_count": 0, "hashtags": ["tech", "technews"]}
{"id": 850854947876818944, "date": "2017-04-08", "time": "19:36:42", "tweet": "Travel to @coachella from #LosAngeles in a #Luxury #Tesla for $28 w/ promo code Harrison30!!! #TeslaModelX #Tesloop  https://t.co/oPb9pXk9Df  https://t.co/vyqedeR6JZ", "likes_count": 5, "replies_count": 1, "retweets_count": 0, "hashtags": ["losangeles", "luxury", "tesla", "teslamodelx", "tesloop"]}
{"id": 850854901332750336, "date": "2017-04-08", "time": "19:36:31", "tweet": "AWOLNATION - Sail on Musical Tesla Coils  https://t.co/vrH0kSo8Px", "likes_count": 0, "replies_count": 0, "retweets_count": 0, "hashtags": []}
{"id": 850854780058705924, "date": "2017-04-08", "time": "19:36:02", "tweet": "Don't scratch that #Tesla with a snow brush, use one of these:  https://t.co/Ktbsrdipj2 #bot  https://t.co/y8LoYRRLEW", "likes_count": 7, "replies_count": 0, "retweets_count": 1, "hashtags": ["tesla", "bot"]}
{"id": 850854499207962624, "date": "2017-04-08", "time": "19:34:55", "tweet": "Super Dope #tesla #innovation #winning #successquotes #leadership  https://t.co/YeIGEAQkkb", "likes_count": 1, "replies_count": 0, "retweets_count": 0, "hashtags": ["tesla", "innovation", "winning", "successquotes", "leadership"]}
{"id": 850854406857818112, "date": "2017-04-08", "time": "19:34:33", "tweet": "RBC Capital Markets disclosed Tesla Motors Inc (NDAQ:TSLA), hiking its price target to $314.00 ...  https://t.co/v6HS3QlJYx", "likes_count": 0, "replies_count": 0, "retweets_count": 0, "hashtags": []}
{"id": 850854341024006144, "date": "2017-04-08", "time": "19:34:17", "tweet": "Tonight is opening night of the Def Leppard, Poison and Tesla tour. Good luck to the bands and crews. I can't wait to see the CA shows", "likes_count": 1, "replies_count": 0, "retweets_count": 1, "hashtags": []}
{"id": 850854176024395776, "date": "2017-04-08", "time": "19:33:38", "tweet": "Precision machines. Old school / New school. #tesla #grasshopper #nature #machine  https://t.co/Op2FZ0u07y", "likes_count": 6, "replies_count": 0, "retweets_count": 1, "hashtags": ["tesla", "grasshopper", "nature", "machine"]}
{"id": 850854046269296640, "date": "2017-04-08", "time": "19:33:07", "tweet": "(テスラ)TESLA HyperDri ドライフィット スポーツシャツ [UVカット・吸汗速乾]・MTS03/MTS05 TESLA(テスラ) (110) 新品： ￥ 1,390 ￥ 799…  https://t.co/6njcvPz3Zo ... #フィットネス #トレーニング", "likes_count": 0, "replies_count": 0, "retweets_count": 0, "hashtags": ["フィットネス", "トレーニング"]}
{"id": 850854044285288448, "date": "2017-04-08", "time": "19:33:06", "tweet": "(テスラ)TESLA HyperDri ドライフィット スポーツ ショートパンツ [UVカット・吸汗速乾]・MTP07/CMBS01 TESLA(テスラ) (105) 新品： ￥ 1,690…  https://t.co/YXeDoaAoaH ... #フィットネス #トレーニング", "likes_count": 0, "replies_count": 0, "retweets_count": 0, "hashtags": ["フィットネス", "トレーニング"]}
{"id": 850854033354932224, "date": "2017-04-08", "time": "19:33:04", "tweet": "APSU physics student Bunton earns highly coveted internship with Tesla  https://t.co/ljQJHMCDbH |  https://t.co/KPjSniBEwk", "likes_count": 0, "replies_count": 0, "retweets_count": 0, "hashtags": []}
{"id": 850853910730244096, "date": "2017-04-08", "time": "19:32:35", "tweet": "Tesla Model 3: new blue release candidate spotted testing on the highway  https://t.co/mfoAU3zxyq via @FredericLambert", "likes_count": 0, "replies_count": 0, "retweets_count": 0, "hashtags": []}
{"id": 850853907563720704, "date": "2017-04-08", "time": "19:32:34", "tweet": " https://t.co/U8uxHbESIN Tesla Orders a Staggering 3,000 Kilometers Worth of Cable in $5.4 Million Deal #technology", "likes_count": 1, "replies_count": 0, "retweets_count": 0, "hashtags": ["technology"]}
{"id": 850853843801952256, "date": "2017-04-08", "time": "19:32:19", "tweet": "Anti-Social behavior is a trait of intelligence in a world full of conformists. - Nikola Tesla #quote.", "likes_count": 0, "replies_count": 1, "retweets_count": 0, "hashtags": ["quote"]}
{"id": 850853573592330240, "date": "2017-04-08", "time": "19:31:14", "tweet": "Nikola Tesla'nın 116 yıl sonra ortaya çıkan akılalmaz röportajı!  https://t.co/I4IuWvyzRY", "likes_count": 0, "replies_count": 0, "retweets_count": 0, "hashtags": []}
{"id": 850853497197268993, "date": "2017-04-08", "time": "19:30:56", "tweet": "I think I found my next car🤓#tesla #gullwing #dreaming  https://t.co/drVXJQGyVg", "likes_count": 0, "replies_count": 0, "retweets_count": 0, "hashtags": ["tesla", "gullwing", "dreaming"]}
{"id": 850853466058653696, "date": "2017-04-08", "time": "19:30:49", "tweet": "\"In the Hall of the Mountain King\" - Played on Musical Tesla Coils  https://t.co/8CFetsB4f1", "likes_count": 0, "replies_count": 0, "retweets_count": 0, "hashtags": []}
{"id": 850853398513680384, "date": "2017-04-08", "time": "19:30:32", "tweet": "Tesla Orders a Staggering 3,000 Kilometers Worth of Cable in $5.4 Million Deal  https://t.co/YPr0TUMg3M  https://t.co/Xt2NE0PvpU", "likes_count": 0, "replies_count": 0, "retweets_count": 0, "hashtags": []}
{"id": 850853390473191425, "date": "2017-04-08", "time": "19:30:31", "tweet": "Tesla Orders a Staggering 3,000 Kilometers Worth of Cable in $5.4 Million Deal  https://t.co/sD7TKsaxHC", "likes_count": 0, "replies_count": 0, "retweets_count": 0, "hashtags": []}
{"id": 850853331400622084, "date": "2017-04-08", "time": "19:30:16", "tweet": "Elon Musk Receives Product Suggestion On Twitter, Tesla Implements It 6 Days Later - OfficeChai   https://t.co/6NKdbUIJ2c", "likes_count": 0, "replies_count": 0, "retweets_count": 0, "hashtags": []}
{"id": 850853267013857281, "date": "2017-04-08", "time": "19:30:01", "tweet": "Garagem R7: Será que a Tesla vale mais do que a Ford e a GM?  https://t.co/yER6u8jbZD  https://t.co/tyfjMyvgyl", "likes_count": 9, "replies_count": 0, "retweets_count": 5, "hashtags": []}
{"id": 850853254678425601, "date": "2017-04-08", "time": "19:29:58", "tweet": "2015 Tesla Model S 70D 16 months lease $842.34 p/month  https://t.co/H6Wt8sRaWJ  https://t.co/wxRbyLefSi", "likes_count": 0, "replies_count": 0, "retweets_count": 0, "hashtags": []}
{"id": 850853216141152256, "date": "2017-04-08", "time": "19:29:49", "tweet": "I don't think old people should be driving Tesla's around", "likes_count": 0, "replies_count": 0, "retweets_count": 0, "hashtags": []}
{"id": 850853069416017922, "date": "2017-04-08", "time": "19:29:14", "tweet": "Quadruples sorties d'échappement sur une Tesla  https://t.co/5tReXhOtfK", "likes_count": 0, "replies_count": 0, "retweets_count": 0, "hashtags": []}
{"id": 850852770177593344, "date": "2017-04-08", "time": "19:28:03", "tweet": "Tesla owners can expect easy access to all discovered Easter Eggs  https://t.co/CnfQwFzlHo", "likes_count": 0, "replies_count": 0, "retweets_count": 0, "hashtags": []}
{"id": 850852724275064837, "date": "2017-04-08", "time": "19:27:52", "tweet": "This guy is the Tesla of his village.   After all, he made a functional #windmill that can give energy out of...  https://t.co/LoTqYbjDsV", "likes_count": 0, "replies_count": 0, "retweets_count": 0, "hashtags": ["windmill"]}
{"id": 850852674773766144, "date": "2017-04-08", "time": "19:27:40", "tweet": "Inspiring fan #art on our newly updated #Tesla sketch pad 🎨 #ccncmelb @CustCarsCoffee Should we run a drawing competition?  https://t.co/h1gUUtuEyA", "likes_count": 0, "replies_count": 0, "retweets_count": 0, "hashtags": ["art", "tesla", "ccncmelb"]}
{"id": 850852645229084672, "date": "2017-04-08", "time": "19:27:33", "tweet": "@zitrob00st Buy a tesla", "likes_count": 0, "replies_count": 1, "retweets_count": 0, "hashtags": []}
{"id": 850852625788678144, "date": "2017-04-08", "time": "19:27:28", "tweet": "Récord de ventas de Tesla en el primer trimestre de 2017  https://t.co/BycFwGzYYZ", "likes_count": 0, "replies_count": 0, "retweets_count": 0, "hashtags": []}
{"id": 850852554753925120, "date": "2017-04-08", "time": "19:27:11", "tweet": "Tesla Model 3 vjen në një variant me performancë të lartë  https://t.co/fBMVOIYoBO", "likes_count": 0, "replies_count": 0, "retweets_count": 0, "hashtags": []}
{"id": 850852519978819584, "date": "2017-04-08", "time": "19:27:03", "tweet": "attending Def Leppard Poison Tesla at SNHU Arena  https://t.co/QiJGNumTE8", "likes_count": 0, "replies_count": 0, "retweets_count": 0, "hashtags": []}
{"id": 850852514169860096, "date": "2017-04-08", "time": "19:27:02", "tweet": "@Kwadwo228 @Nik0la__Tesla  https://t.co/Sc3jWdae1k", "likes_count": 0, "replies_count": 1, "retweets_count": 0, "hashtags": []}
{"id": 850852466702901248, "date": "2017-04-08", "time": "19:26:50", "tweet": "Tesla  https://t.co/qhNq6lKGFB", "likes_count": 0, "replies_count": 0, "retweets_count": 0, "hashtags": []}
