{"id": 873690868657528832, "date": "2017-06-10", "time": "19:58:30", "tweet": "' @Colourstory If you want to make money, buy #Tesla #stock. CEO, Musk, is smartest guy on planet. NASA agrees. ► https://t.co/l3Z8SZKGJa◄", "likes_count": 1, "replies_count": 0, "retweets_count": 0, "hashtags": ["tesla", "stock"]}
{"id": 873690781235593216, "date": "2017-06-10", "time": "19:58:09", "tweet": "@Tesla_X @shubclimate @cward1e There's also the problem of jurisdiction. There was a recent case on Facebook likes in a Swiss court.   https://t.co/thHIaryq16", "likes_count": 0, "replies_count": 0, "retweets_count": 0, "hashtags": []}
{"id": 873690641972252672, "date": "2017-06-10", "time": "19:57:36", "tweet": "When the CEO's wife knows what's coming. #TheFuture #paradox #Tesla @elonmusk  https://t.co/IHGKThkFMW", "likes_count": 10, "replies_count": 0, "retweets_count": 3, "hashtags": ["thefuture", "paradox", "tesla"]}
{"id": 873690631222157312, "date": "2017-06-10", "time": "19:57:33", "tweet": "Elon Musk Says All Tesla Supercharger Locations Will Use Solar Power Soon (#ElonTweets)  https://t.co/fKqKm946W4 #CleanTechnica #eco", "likes_count": 1, "replies_count": 0, "retweets_count": 0, "hashtags": ["elontweets", "cleantechnica", "eco"]}
{"id": 873690598640934917, "date": "2017-06-10", "time": "19:57:25", "tweet": "Les tuiles solaires 3D feront-elles concurrence à Tesla ?  https://t.co/xrsDD55BXO #invention", "likes_count": 0, "replies_count": 0, "retweets_count": 0, "hashtags": ["invention"]}
{"id": 873690289998888961, "date": "2017-06-10", "time": "19:56:12", "tweet": "Les tuiles solaires 3D feront-elles concurrence à Tesla ?  https://t.co/FtaKX0g1EV | #Invention Europe", "likes_count": 1, "replies_count": 0, "retweets_count": 0, "hashtags": ["invention"]}
{"id": 873690007294414850, "date": "2017-06-10", "time": "19:55:04", "tweet": "Tesla Solar Roof: only we can pull it off, says VP of solar products, competitors are 'kind of fucked' - Electrek  https://t.co/nttDRW7US4 …", "likes_count": 0, "replies_count": 0, "retweets_count": 0, "hashtags": []}
{"id": 873689934732939265, "date": "2017-06-10", "time": "19:54:47", "tweet": "Elon Musk Says Tesla SuperChargers Will Run On Solar, Battery Power  https://t.co/Y2uLzh7adS  https://t.co/mvxjtmzXUM", "likes_count": 0, "replies_count": 0, "retweets_count": 0, "hashtags": []}
{"id": 873689924146417664, "date": "2017-06-10", "time": "19:54:44", "tweet": "I like the idea of the Tesla solar tiles... But according to their site, it would cost me 90k!", "likes_count": 1, "replies_count": 0, "retweets_count": 0, "hashtags": []}
{"id": 873689772237213697, "date": "2017-06-10", "time": "19:54:08", "tweet": "@danpfeiffer They have the same kiddie ride at the Tesla store in @CityCenterDC", "likes_count": 0, "replies_count": 0, "retweets_count": 0, "hashtags": []}
{"id": 873689682307055616, "date": "2017-06-10", "time": "19:53:47", "tweet": "Si te enojas cuando se va la luz en tu casa: 1. Eres un ignorante del proceso de generación de energía y siento pena por ti. 2. Eres Tesla.", "likes_count": 5, "replies_count": 1, "retweets_count": 1, "hashtags": []}
{"id": 873689659922055169, "date": "2017-06-10", "time": "19:53:41", "tweet": "Les tuiles solaires 3D feront-elles concurrence à Tesla ?  https://t.co/TvXdyJ0kR4  https://t.co/JcvlzN7Xbx", "likes_count": 0, "replies_count": 0, "retweets_count": 0, "hashtags": []}
{"id": 873689454946504704, "date": "2017-06-10", "time": "19:52:53", "tweet": "Me ha gustado un vídeo de @YouTube ( https://t.co/P2rB0Dk96t - ✅ BOBINA DE TESLA, (CASERA) | INSIDE).", "likes_count": 0, "replies_count": 0, "retweets_count": 0, "hashtags": []}
{"id": 873689313871106050, "date": "2017-06-10", "time": "19:52:19", "tweet": "@rrosenbl Ooh, epiphany! How many cars per trailer? @Tesla can use multi car battery (in trailer) to power delivery tractor.  #teslasemi", "likes_count": 2, "replies_count": 1, "retweets_count": 0, "hashtags": ["teslasemi"]}
{"id": 873689160313430017, "date": "2017-06-10", "time": "19:51:42", "tweet": "Britic this week includes AC/DC Tesla/Edison logo  https://t.co/UKhwgzx4F5  https://t.co/rnpn885RxE", "likes_count": 0, "replies_count": 0, "retweets_count": 0, "hashtags": []}
{"id": 873688863796994048, "date": "2017-06-10", "time": "19:50:32", "tweet": "@WhataTiberius Tesla???", "likes_count": 0, "replies_count": 1, "retweets_count": 0, "hashtags": []}
{"id": 873688716547457024, "date": "2017-06-10", "time": "19:49:57", "tweet": "Who'd have thought it would be this bloody hard to hire a @TeslaMotors car for a day in San Fran - the home of Tesla! @elonmusk", "likes_count": 2, "replies_count": 0, "retweets_count": 0, "hashtags": []}
{"id": 873688677901258752, "date": "2017-06-10", "time": "19:49:47", "tweet": "Tesla Powerpoint Presentation  https://t.co/oFVoetxWoU #powerpoint #presentation #minimalist #graphicdesign #tesla #graphic", "likes_count": 0, "replies_count": 0, "retweets_count": 0, "hashtags": ["powerpoint", "presentation", "minimalist", "graphicdesign", "tesla", "graphic"]}
{"id": 873688664957751297, "date": "2017-06-10", "time": "19:49:44", "tweet": "Nueva favorita: Tesla / Love Song  https://t.co/pgZqaTir99 @DeezerLatam", "likes_count": 0, "replies_count": 0, "retweets_count": 0, "hashtags": []}
{"id": 873688589053435904, "date": "2017-06-10", "time": "19:49:26", "tweet": "Elon Musk Laughs at Haters as Tesla Shares Continue to Climb  https://t.co/pZUKMz4xG9 via @YahooTv", "likes_count": 0, "replies_count": 0, "retweets_count": 0, "hashtags": []}
{"id": 873688393883975680, "date": "2017-06-10", "time": "19:48:40", "tweet": "JUST SAW MY SECOND TESLA IN WV OMG OMG", "likes_count": 0, "replies_count": 1, "retweets_count": 0, "hashtags": []}
{"id": 873688368638554112, "date": "2017-06-10", "time": "19:48:34", "tweet": " https://t.co/MU37XzAqve - Tesla Just Passed BMW in Market Cap -  BMW...  https://t.co/x091TEvj8X", "likes_count": 0, "replies_count": 0, "retweets_count": 0, "hashtags": []}
{"id": 873688353807507456, "date": "2017-06-10", "time": "19:48:30", "tweet": "The interior of this Tesla received the royal treatment from ClearFX Exterior. The leather is…  https://t.co/hK8d7F45nU", "likes_count": 0, "replies_count": 0, "retweets_count": 0, "hashtags": []}
{"id": 873688117374570496, "date": "2017-06-10", "time": "19:47:34", "tweet": "Tesla se los garcha a los otros tres de parad… bueno a Hawking no.  https://t.co/hoUQu2PMLZ", "likes_count": 2, "replies_count": 0, "retweets_count": 0, "hashtags": []}
{"id": 873688068078882816, "date": "2017-06-10", "time": "19:47:22", "tweet": "Driverless #Autonomous Cars Will Be on U.S. Roads in the Next 2 Months #Tesla   https://t.co/q7RZccuhTy", "likes_count": 0, "replies_count": 0, "retweets_count": 0, "hashtags": ["autonomous", "tesla"]}
{"id": 873688039087910914, "date": "2017-06-10", "time": "19:47:15", "tweet": "Tesla was worth more than BMW on Wall Street for a moment - Mashable  https://t.co/p6AP82fdvl", "likes_count": 0, "replies_count": 0, "retweets_count": 0, "hashtags": []}
{"id": 873687975812517889, "date": "2017-06-10", "time": "19:47:00", "tweet": "#China's biggest company invested $2 billion into Tesla. Why invest in #Tesla stock. Growth of 50X in 15 years► https://t.co/yPcX7hOW6L◄", "likes_count": 1, "replies_count": 0, "retweets_count": 2, "hashtags": ["china", "tesla"]}
{"id": 873687888877166592, "date": "2017-06-10", "time": "19:46:39", "tweet": "Elon Musk Says Almost All Tesla Superchargers Will Go Off-Grid  https://t.co/yLawOSmP5P", "likes_count": 0, "replies_count": 0, "retweets_count": 0, "hashtags": []}
{"id": 873687760892174336, "date": "2017-06-10", "time": "19:46:09", "tweet": "Tesla Optimizing Solar Roof Tiles For Rapid Installation, &amp; Other Tesla Energy Updates #LED #ENERGY  https://t.co/1Hj2pATPhY", "likes_count": 0, "replies_count": 0, "retweets_count": 0, "hashtags": ["led", "energy"]}
{"id": 873687625214951425, "date": "2017-06-10", "time": "19:45:36", "tweet": "Elon Musk Says Almost All Tesla Superchargers Will Go Off-Grid #Energy #News #Cyprus -  https://t.co/bYjhpZdXl0", "likes_count": 0, "replies_count": 0, "retweets_count": 0, "hashtags": ["energy", "news", "cyprus"]}
{"id": 873687541651836928, "date": "2017-06-10", "time": "19:45:16", "tweet": "Borrador de Plan de Calidad de Aire y Cambio Climático de @Madrid  https://t.co/iQfNNp9gzt #pasatealoelectrico #Tesla", "likes_count": 0, "replies_count": 0, "retweets_count": 0, "hashtags": ["pasatealoelectrico", "tesla"]}
{"id": 873687483363594244, "date": "2017-06-10", "time": "19:45:03", "tweet": "Top 10 organizations with outstanding CSR efforts   1. Wegmans 2. Publix 3. Amazon 4. Tesla 5. USAA   https://t.co/J6xCHeYNZ1  https://t.co/dyTDD4L4Hh", "likes_count": 3, "replies_count": 0, "retweets_count": 2, "hashtags": []}
{"id": 873687386277937153, "date": "2017-06-10", "time": "19:44:39", "tweet": "For  a moment, Tesla was worth  more than BMW  https://t.co/dkCz8rMgzv", "likes_count": 0, "replies_count": 0, "retweets_count": 0, "hashtags": []}
{"id": 873687317604683776, "date": "2017-06-10", "time": "19:44:23", "tweet": "I need a Tesla 🤦🏽‍♂️ beautiful cars", "likes_count": 1, "replies_count": 0, "retweets_count": 0, "hashtags": []}
{"id": 873687248352313344, "date": "2017-06-10", "time": "19:44:06", "tweet": "@Tesla_X @shubclimate @cward1e Also see point 23.  My hope is that the enquiry is resumed and that this is considered.   https://t.co/KQ2XVrJRU4", "likes_count": 0, "replies_count": 1, "retweets_count": 0, "hashtags": []}
{"id": 873687226600878082, "date": "2017-06-10", "time": "19:44:01", "tweet": "Tesla's Autopilot Predicts Crashes Freakishly Early  https://t.co/NykY24uuhs", "likes_count": 0, "replies_count": 0, "retweets_count": 0, "hashtags": []}
{"id": 873687057822044160, "date": "2017-06-10", "time": "19:43:21", "tweet": "Elon Musk Says Almost All Tesla Superchargers Will Go Off-Grid  https://t.co/W8J219lBee", "likes_count": 0, "replies_count": 0, "retweets_count": 0, "hashtags": []}
{"id": 873687055053631488, "date": "2017-06-10", "time": "19:43:20", "tweet": "^I imagine the concertgoers for Def Leppard and Tesla at White River enjoyed the storm, rain, and hail last night.", "likes_count": 0, "replies_count": 0, "retweets_count": 1, "hashtags": []}
{"id": 873687035999072256, "date": "2017-06-10", "time": "19:43:16", "tweet": "Drinking a Single-Wide I.P.A. by @Boulevard_Beer @ Tesla Test Drive —  https://t.co/VZcf4iM93q", "likes_count": 1, "replies_count": 0, "retweets_count": 0, "hashtags": []}
{"id": 873686721988366338, "date": "2017-06-10", "time": "19:42:01", "tweet": "Electrifying Race is Chinese Car Market takes off with Tesla  https://t.co/nQJfk8aNuw", "likes_count": 0, "replies_count": 0, "retweets_count": 0, "hashtags": []}
{"id": 873686675402215425, "date": "2017-06-10", "time": "19:41:50", "tweet": "Hidden Tesla Easter egg – how to fabricate your Model S submersible.  https://t.co/gcB2IRGE6M  https://t.co/sI5R9OrbO8", "likes_count": 0, "replies_count": 0, "retweets_count": 0, "hashtags": []}
{"id": 873686614295273472, "date": "2017-06-10", "time": "19:41:35", "tweet": "@Tesla_X @shubclimate IANAL, but I did suggest to @cward1e once that she expand her classification of #fakenews to include a legal dimension.", "likes_count": 0, "replies_count": 1, "retweets_count": 0, "hashtags": ["fakenews"]}
{"id": 873686609744601088, "date": "2017-06-10", "time": "19:41:34", "tweet": "I liked a @YouTube video  https://t.co/LKgmDD9DOP Tesla's Autopilot Predicts Crashes Freakishly Early (Third Edition)", "likes_count": 0, "replies_count": 0, "retweets_count": 0, "hashtags": []}
{"id": 873686226787647488, "date": "2017-06-10", "time": "19:40:03", "tweet": "Tesla ahora es más valiosa que BMW  https://t.co/mMXGkeFozj", "likes_count": 3, "replies_count": 0, "retweets_count": 0, "hashtags": []}
{"id": 873686189982732289, "date": "2017-06-10", "time": "19:39:54", "tweet": "@Model3Owners Pretty sure she says the same thing when you start talking about Tesla...", "likes_count": 0, "replies_count": 0, "retweets_count": 0, "hashtags": []}
{"id": 873686027445186562, "date": "2017-06-10", "time": "19:39:15", "tweet": "Cuanta belleza en una sola imagen ... #ThePrestige #Nolan #Tesla #Bowie #Jackman #Movies #Cine #Magic  https://t.co/Zi4ivJPCr4", "likes_count": 5, "replies_count": 0, "retweets_count": 1, "hashtags": ["theprestige", "nolan", "tesla", "bowie", "jackman", "movies", "cine", "magic"]}
{"id": 873685798859804673, "date": "2017-06-10", "time": "19:38:21", "tweet": "#Tesla is getting ready to launch at least 3 new products — here are all the details  #Technology  https://t.co/YBxpDRlEdw", "likes_count": 1, "replies_count": 0, "retweets_count": 1, "hashtags": ["tesla", "technology"]}
{"id": 873685772997726208, "date": "2017-06-10", "time": "19:38:15", "tweet": "En medio de la pobreza y el olvido, así fueron los últimos días de Nikola Tesla #Ciencia  https://t.co/yDxNi3aaqP", "likes_count": 0, "replies_count": 0, "retweets_count": 0, "hashtags": ["ciencia"]}
{"id": 873685730949726210, "date": "2017-06-10", "time": "19:38:05", "tweet": "Japaner steigen komplett aus: Toyota will es ganz ohne Tesla schaffen  https://t.co/UgD9LlQuCz  https://t.co/li81WgbKgc", "likes_count": 0, "replies_count": 0, "retweets_count": 0, "hashtags": []}
{"id": 873685624405975040, "date": "2017-06-10", "time": "19:37:39", "tweet": "Mind-Blowing Tesla and Nvidia Projections on Wall Street Could Be Signaling One Terrifying Thing  https://t.co/PTcX3VfJ4O", "likes_count": 0, "replies_count": 0, "retweets_count": 0, "hashtags": []}
{"id": 873685530583605248, "date": "2017-06-10", "time": "19:37:17", "tweet": "Apple, Tesla, and Amazon Are Overbought and Very Risky: Charts  https://t.co/r8AXIg3aH6", "likes_count": 0, "replies_count": 0, "retweets_count": 0, "hashtags": []}
{"id": 873685377701335040, "date": "2017-06-10", "time": "19:36:40", "tweet": "Tesla Model 3 vs Mercedes 300, Mercedes 350e, Mercedes AMG C43  https://t.co/n4ZzRaOwbS", "likes_count": 0, "replies_count": 0, "retweets_count": 0, "hashtags": []}
{"id": 873685331706601472, "date": "2017-06-10", "time": "19:36:30", "tweet": "Estas son las primeras imágenes del Tesla Model Y  https://t.co/QR4tiVDbK7", "likes_count": 0, "replies_count": 0, "retweets_count": 0, "hashtags": []}
{"id": 873685079691673600, "date": "2017-06-10", "time": "19:35:29", "tweet": "Did you know that we sell #Solar Test Equipmnt?  Musk Says Almost All Tesla Superchargers Will Go Off-Grid  https://t.co/CTmTiBTZYh Directing", "likes_count": 1, "replies_count": 0, "retweets_count": 0, "hashtags": ["solar"]}
{"id": 873685010292670464, "date": "2017-06-10", "time": "19:35:13", "tweet": "@elonmusk When will Tesla put supercharger across Canada? Canadians better hope they can cross to the USA if they want to cross the country.", "likes_count": 0, "replies_count": 0, "retweets_count": 0, "hashtags": []}
{"id": 873684960447795201, "date": "2017-06-10", "time": "19:35:01", "tweet": "@physorg_tech @4 The next reason for #Tesla's ascention the #Model3 and this gorgeous:  https://t.co/EWdZc4cIdt", "likes_count": 0, "replies_count": 0, "retweets_count": 0, "hashtags": ["tesla", "model3"]}
{"id": 873684851991363585, "date": "2017-06-10", "time": "19:34:35", "tweet": "Tesla Just Passed BMW in Market Cap  https://t.co/YzK1NacbXD  https://t.co/zHGVKCVsck", "likes_count": 0, "replies_count": 0, "retweets_count": 0, "hashtags": []}
{"id": 873684848204029952, "date": "2017-06-10", "time": "19:34:34", "tweet": "Tesla Inc.’s stock is the one that’s motoring. A rally in Tesla shares spurred by Chief Executive Officer in...  https://t.co/FgjaIZXzPk", "likes_count": 0, "replies_count": 0, "retweets_count": 0, "hashtags": []}
{"id": 873684521941700608, "date": "2017-06-10", "time": "19:33:16", "tweet": "There’s just a Tesla casually sitting in my driveway  https://t.co/n45ksZovay", "likes_count": 21, "replies_count": 0, "retweets_count": 1, "hashtags": []}
{"id": 873684438386851842, "date": "2017-06-10", "time": "19:32:57", "tweet": "🚨We spotted 2 Model 3's near Tesla HQ. Photos and videos incoming...", "likes_count": 36, "replies_count": 0, "retweets_count": 0, "hashtags": []}
