{"id": 896521678112649216, "date": "2017-08-12", "time": "19:59:59", "tweet": "Tesla eyes autonomous big rig testing in Nevada  https://t.co/UTjmHytudl #autonomousCar #selfDrivingCar", "likes_count": 0, "replies_count": 0, "retweets_count": 0, "hashtags": ["autonomouscar", "selfdrivingcar"]}
{"id": 896521588824264704, "date": "2017-08-12", "time": "19:59:37", "tweet": "Tesla has done away the old-school key and even the key fob for the Model 3 (TSLA)  https://t.co/WYkcs6gKow via @Appy_Geek", "likes_count": 0, "replies_count": 0, "retweets_count": 0, "hashtags": []}
{"id": 896521490262261761, "date": "2017-08-12", "time": "19:59:14", "tweet": "The real reason Tesla is developing autonomous trucks  https://t.co/u6QkOw6n7p", "likes_count": 0, "replies_count": 0, "retweets_count": 0, "hashtags": []}
{"id": 896521468636418048, "date": "2017-08-12", "time": "19:59:09", "tweet": "@halphako @chris_griffith @lynlinking @Tesla @elonmusk Mythical subsidies. The energy case. \"Subsidies/ taxes: both market distorting, need profound political justificatn\"  https://t.co/OhP1Tt44pr", "likes_count": 0, "replies_count": 1, "retweets_count": 1, "hashtags": []}
{"id": 896521329796677641, "date": "2017-08-12", "time": "19:58:36", "tweet": "The real reason Tesla is developing autonomous trucks  https://t.co/q3xJuf2g8Q", "likes_count": 0, "replies_count": 0, "retweets_count": 0, "hashtags": []}
{"id": 896521046920052736, "date": "2017-08-12", "time": "19:57:28", "tweet": "Are German Automakers Facing Their iPhone Moment With Tesla?  https://t.co/0NAZxt70qG via @CleanTechnica", "likes_count": 0, "replies_count": 0, "retweets_count": 0, "hashtags": []}
{"id": 896520876518240257, "date": "2017-08-12", "time": "19:56:48", "tweet": "@notlourenco Engraçado que ele pode comprar um Tesla sempre que lhe apetecer e tu nem um pacote de nuggets consegues....funny right", "likes_count": 0, "replies_count": 0, "retweets_count": 0, "hashtags": []}
{"id": 896520825423241217, "date": "2017-08-12", "time": "19:56:35", "tweet": "A brief respite from the world's woes—my neighbor just took me for a ride in his brand-new Tesla! AWESOME", "likes_count": 14, "replies_count": 0, "retweets_count": 0, "hashtags": []}
{"id": 896520800571801600, "date": "2017-08-12", "time": "19:56:30", "tweet": "Tesla has done away the old-school key and even the key fob for the Model 3    https://t.co/a2PBcyHcZh  https://t.co/4iFx4inAK5", "likes_count": 0, "replies_count": 0, "retweets_count": 0, "hashtags": []}
{"id": 896520700894294016, "date": "2017-08-12", "time": "19:56:06", "tweet": "Delta T17452 Tesla Tub and Shower Trim w/Shower Head(Less Valve)  https://t.co/3Ga8kPS32m", "likes_count": 0, "replies_count": 0, "retweets_count": 0, "hashtags": []}
{"id": 896520523286499328, "date": "2017-08-12", "time": "19:55:23", "tweet": ".El éxito del Tesla Model 3 tiene a sus competidores en busca de una respuesta  https://t.co/rTsSSAkO4m", "likes_count": 0, "replies_count": 0, "retweets_count": 0, "hashtags": []}
{"id": 896520506907734016, "date": "2017-08-12", "time": "19:55:20", "tweet": "There's a potentially devastating new twist in the Tesla story    https://t.co/odFDj4xsDu  https://t.co/lv03Ty5INm", "likes_count": 0, "replies_count": 0, "retweets_count": 0, "hashtags": []}
{"id": 896520463517704193, "date": "2017-08-12", "time": "19:55:09", "tweet": "@MKBHD Tesla ?", "likes_count": 0, "replies_count": 0, "retweets_count": 0, "hashtags": []}
{"id": 896520442109886465, "date": "2017-08-12", "time": "19:55:04", "tweet": "On the corner of #Tesla &amp; we lost Lexi &amp; Savanna. Ava says, they #teleported", "likes_count": 0, "replies_count": 0, "retweets_count": 0, "hashtags": ["tesla", "teleported"]}
{"id": 896520240527495168, "date": "2017-08-12", "time": "19:54:16", "tweet": "@pelli23 Al margen de q ese mapa está tremendamente desactualizado, ya el año pasado había dos puntos distintos de recarga Tesla en Murcia capital.", "likes_count": 1, "replies_count": 0, "retweets_count": 0, "hashtags": []}
{"id": 896519757230362624, "date": "2017-08-12", "time": "19:52:21", "tweet": "I'm in LA and I get excited every time I see a tesla. thank you @DavidDobrik", "likes_count": 1, "replies_count": 0, "retweets_count": 0, "hashtags": []}
{"id": 896519734035849216, "date": "2017-08-12", "time": "19:52:15", "tweet": "El éxito del Tesla Model 3 tiene a sus competidores en busca de una respuesta  https://t.co/HJvUkWWCkk", "likes_count": 0, "replies_count": 0, "retweets_count": 0, "hashtags": []}
{"id": 896519689207259138, "date": "2017-08-12", "time": "19:52:05", "tweet": "If u ever wanna do a drive by, ise a Tesla. Niggas NEVER hear you comin 😂😂", "likes_count": 0, "replies_count": 0, "retweets_count": 0, "hashtags": []}
{"id": 896519601227431937, "date": "2017-08-12", "time": "19:51:44", "tweet": "Tesla ($60B market cap) sells $1.8B in eight-year unsecured bonds; yield is 5.3 pe... via @launchticker  https://t.co/lTyNcSvJUb", "likes_count": 0, "replies_count": 0, "retweets_count": 0, "hashtags": []}
{"id": 896519591777767426, "date": "2017-08-12", "time": "19:51:41", "tweet": "عند طي الصف الثاني يتحرك المقعد الأمامي أيضا لتوفير مساحة مناسبة للدخول. #تسلا موديل إكس #Tesla #ModelX  https://t.co/p2P8J9ZEGt", "likes_count": 2, "replies_count": 0, "retweets_count": 1, "hashtags": ["تسلا", "tesla", "modelx"]}
