{"id": 843250655489941504, "date": "2017-03-18", "time": "19:59:57", "tweet": "Excited to have Tesla exhibiting at YORBusiness.  https://t.co/ZlCEXs1kj5  https://t.co/8OHFssLCG2 #tesla #networking #yorkshire #marketing  https://t.co/0UsUxaGq4w", "likes_count": 1, "replies_count": 0, "retweets_count": 1, "hashtags": ["tesla", "networking", "yorkshire", "marketing"]}
{"id": 843250503429570561, "date": "2017-03-18", "time": "19:59:21", "tweet": "Tesla The Race to Zero Point Free Energy  https://t.co/cIcrk77P2t via @YouTube", "likes_count": 0, "replies_count": 0, "retweets_count": 0, "hashtags": []}
{"id": 843250440397447169, "date": "2017-03-18", "time": "19:59:06", "tweet": "Tesla Model S 60 quietly discontinued  https://t.co/S66BLBXo62", "likes_count": 0, "replies_count": 0, "retweets_count": 0, "hashtags": []}
{"id": 843250406276956164, "date": "2017-03-18", "time": "19:58:58", "tweet": "Mi è piaciuto un video di @YouTube:  https://t.co/jy00DKx1XY The Tesla Valve", "likes_count": 0, "replies_count": 0, "retweets_count": 0, "hashtags": []}
{"id": 843250364942110720, "date": "2017-03-18", "time": "19:58:48", "tweet": "#SpringBreak is over..we're back like snow @mineolahs today @CodeMakeOwn Java, JavaScript,Python,game dev,Tesla towers &amp; wireless power #OYO  https://t.co/EjMWM26hBG", "likes_count": 10, "replies_count": 0, "retweets_count": 0, "hashtags": ["springbreak", "oyo"]}
{"id": 843250274085027841, "date": "2017-03-18", "time": "19:58:26", "tweet": "I added a video to a @YouTube playlist  https://t.co/rIsRb3Zwye Tesla - What You Give", "likes_count": 0, "replies_count": 0, "retweets_count": 0, "hashtags": []}
{"id": 843250195311869954, "date": "2017-03-18", "time": "19:58:08", "tweet": "@AngelCorraliza pues que a partir de esa fecha no se va a vender el Tesla Model S 60 kWh, sino que el más bajo será el Model S 75 kWh", "likes_count": 0, "replies_count": 0, "retweets_count": 0, "hashtags": []}
{"id": 843250046544023554, "date": "2017-03-18", "time": "19:57:32", "tweet": "We saw a newer Tesla...so pretty.  https://t.co/5VJbuOvJ7J", "likes_count": 0, "replies_count": 0, "retweets_count": 0, "hashtags": []}
{"id": 843249855497568256, "date": "2017-03-18", "time": "19:56:47", "tweet": "There's a Nikola Tesla statue in Silicon Valley and it's equipped with free Wi-Fi signal.", "likes_count": 0, "replies_count": 0, "retweets_count": 0, "hashtags": []}
{"id": 843249798853660672, "date": "2017-03-18", "time": "19:56:33", "tweet": "Tesla's massive batteries are powering everything from exotic islands to breweries   https://t.co/Z3x26UJ54S", "likes_count": 0, "replies_count": 0, "retweets_count": 0, "hashtags": []}
{"id": 843249765357932544, "date": "2017-03-18", "time": "19:56:25", "tweet": "Tesla's Energy Storage Business Accelerating:   https://t.co/72BJG5wpEh  https://t.co/wCg89twJjk", "likes_count": 0, "replies_count": 0, "retweets_count": 0, "hashtags": []}
{"id": 843249718226534401, "date": "2017-03-18", "time": "19:56:14", "tweet": "@KenYeBlessed need what? The Tesla?", "likes_count": 0, "replies_count": 2, "retweets_count": 0, "hashtags": []}
{"id": 843249678388936705, "date": "2017-03-18", "time": "19:56:04", "tweet": "Tesla haalt meer kapitaal op dan gedacht  https://t.co/rGkagQ7o3s", "likes_count": 0, "replies_count": 0, "retweets_count": 0, "hashtags": []}
{"id": 843249535098925056, "date": "2017-03-18", "time": "19:55:30", "tweet": "bumpin #MoreLife in the Tesla &gt;", "likes_count": 185, "replies_count": 0, "retweets_count": 37, "hashtags": ["morelife"]}
{"id": 843249491381813248, "date": "2017-03-18", "time": "19:55:20", "tweet": "An Ex-#Tesla Exec’s $4.2 Billion #Battery Battle With Musk  https://t.co/ImPNWtLoRd", "likes_count": 0, "replies_count": 0, "retweets_count": 0, "hashtags": ["tesla", "battery"]}
{"id": 843249426948935680, "date": "2017-03-18", "time": "19:55:04", "tweet": "Model S 60 Discontinuation: Tesla Displaying Concerns With Margins? $TSLA $GM $F $HMC $TM $VLKAY $FCAU  https://t.co/1jrmoaS3z6", "likes_count": 1, "replies_count": 0, "retweets_count": 0, "hashtags": []}
{"id": 843249425250099200, "date": "2017-03-18", "time": "19:55:04", "tweet": "Tesla намерена сократить время продажи машины до 5 минут", "likes_count": 0, "replies_count": 0, "retweets_count": 0, "hashtags": []}
{"id": 843248909539512321, "date": "2017-03-18", "time": "19:53:01", "tweet": "Tesla's Power Play:   https://t.co/9OxniL2kgD  https://t.co/LPmgvJwoMy", "likes_count": 0, "replies_count": 0, "retweets_count": 0, "hashtags": []}
{"id": 843248892854460416, "date": "2017-03-18", "time": "19:52:57", "tweet": "Mi gata, Tesla tuvo gatitos. Más comida para mis serpientes. ;)  https://t.co/DEr1tGxmY4", "likes_count": 0, "replies_count": 0, "retweets_count": 0, "hashtags": []}
{"id": 843248836403482627, "date": "2017-03-18", "time": "19:52:44", "tweet": "@tesla_maple We couldn't come up with anything else, so we'll see how long she makes it. I give her under 2 hours for her 1st slip.", "likes_count": 0, "replies_count": 0, "retweets_count": 0, "hashtags": []}
{"id": 843248414477484040, "date": "2017-03-18", "time": "19:51:03", "tweet": "@Nik0la__Tesla not sleeping today bro", "likes_count": 0, "replies_count": 0, "retweets_count": 0, "hashtags": []}
{"id": 843248197992665088, "date": "2017-03-18", "time": "19:50:11", "tweet": "@Nik0la__Tesla whole album on Apple Music now.", "likes_count": 1, "replies_count": 1, "retweets_count": 0, "hashtags": []}
{"id": 843248082787717121, "date": "2017-03-18", "time": "19:49:44", "tweet": "Tesla co-founder and CTO JB Straubel explains its new solar storage facility  https://t.co/DwyYk2nhq4 by #TechCrunch", "likes_count": 1, "replies_count": 0, "retweets_count": 0, "hashtags": ["techcrunch"]}
{"id": 843247831091761152, "date": "2017-03-18", "time": "19:48:44", "tweet": "@NeutralizYT Oui, sur des engins pro. Avec de Titan X et des Tesla, qui sont optis avec le CUDA. Sur du PP, c'est le CPU qui est pompé", "likes_count": 0, "replies_count": 0, "retweets_count": 0, "hashtags": []}
{"id": 843247661457137664, "date": "2017-03-18", "time": "19:48:03", "tweet": "#автомобили Tesla намерена сократить время продажи машины до 5 минут  https://t.co/mBhU2Xm9u0  https://t.co/P7MGywQnpT", "likes_count": 0, "replies_count": 0, "retweets_count": 0, "hashtags": ["автомобили"]}
{"id": 843247390396203008, "date": "2017-03-18", "time": "19:46:59", "tweet": "Tesla could eventually become the next Apple or Amazon, AllianceBernstein predicts  https://t.co/XeuixkIQ53  https://t.co/JunfGbrVsc", "likes_count": 0, "replies_count": 0, "retweets_count": 0, "hashtags": []}
{"id": 843247209328066561, "date": "2017-03-18", "time": "19:46:16", "tweet": "@vincente Yep, ook in Montreal hebben ze Tesla's als taxi. Zie  https://t.co/3ipyJaVGV4.  https://t.co/PlofkOJWFU", "likes_count": 0, "replies_count": 0, "retweets_count": 1, "hashtags": []}
{"id": 843247189212192768, "date": "2017-03-18", "time": "19:46:11", "tweet": "I liked a @YouTube video  https://t.co/xRcJ9FfmE2 House of The Rising Sun - Musical Tesla Coils", "likes_count": 0, "replies_count": 0, "retweets_count": 0, "hashtags": []}
{"id": 843247125211365377, "date": "2017-03-18", "time": "19:45:56", "tweet": "Tesla Model S 60 quietly discontinued  https://t.co/gIhpHGifbe #EV #electriccar", "likes_count": 0, "replies_count": 0, "retweets_count": 0, "hashtags": ["ev", "electriccar"]}
{"id": 843247122317164544, "date": "2017-03-18", "time": "19:45:55", "tweet": "Tesla Model S Prices Are About to Go Up -- The Motley Fool  https://t.co/Wj7d4losrd", "likes_count": 0, "replies_count": 0, "retweets_count": 0, "hashtags": []}
{"id": 843247092428619778, "date": "2017-03-18", "time": "19:45:48", "tweet": "Nikola Tesla ganando la carrera de inventores. Después de muchos achaques terminó con la máquina tal como empezó pero campeón!!!  https://t.co/HpmGyyFvho", "likes_count": 12, "replies_count": 0, "retweets_count": 3, "hashtags": []}
{"id": 843247022991904768, "date": "2017-03-18", "time": "19:45:31", "tweet": "@ValaAfshar Nikola Tesla use to do the same Ref.\"The Strange Life of Nikola Tesla\". So I guess you are kinda the same.", "likes_count": 0, "replies_count": 0, "retweets_count": 0, "hashtags": []}
{"id": 843246980574928896, "date": "2017-03-18", "time": "19:45:21", "tweet": "Tesla kills its relatively affordable 60kWh Model S options  https://t.co/HUqERe8QM0 #Technology #technews #puledo_tech_update", "likes_count": 0, "replies_count": 0, "retweets_count": 0, "hashtags": ["technology", "technews", "puledo_tech_update"]}
{"id": 843246937419661312, "date": "2017-03-18", "time": "19:45:11", "tweet": "#blueskies #tesla #supercharger #sanjuancapistrano #models #ev #archduke #evhang #hookup #weekend #saturday #amongstfriends #beautifulday  https://t.co/nTrczO32zw", "likes_count": 0, "replies_count": 0, "retweets_count": 0, "hashtags": ["blueskies", "tesla", "supercharger", "sanjuancapistrano", "models", "ev", "archduke", "evhang", "hookup", "weekend", "saturday", "amongstfriends", "beautifulday"]}
{"id": 843246914053332992, "date": "2017-03-18", "time": "19:45:05", "tweet": "Marie Curie queda en segunda posición detrás del señor Tesla en steampunk rally  con @Juegos221B @Raulferuiz @PirrakasIPL q carrera!! 🏁  https://t.co/W1ZsIE1Dlx", "likes_count": 11, "replies_count": 1, "retweets_count": 3, "hashtags": []}
{"id": 843246772289986560, "date": "2017-03-18", "time": "19:44:31", "tweet": "Tesla’s $169 Million Battery Play Is Just the Beginning - Bloomberg  https://t.co/2EZj2m4ejV", "likes_count": 0, "replies_count": 0, "retweets_count": 0, "hashtags": []}
{"id": 843246729302626305, "date": "2017-03-18", "time": "19:44:21", "tweet": "I'm at Tesla in Budapest  https://t.co/JpXKZQEuAR", "likes_count": 0, "replies_count": 0, "retweets_count": 0, "hashtags": []}
{"id": 843246608162738177, "date": "2017-03-18", "time": "19:43:52", "tweet": "G+: Tesla's massive batteries are powering everything from exotic islands to breweries  https://t.co/29vdmXOcLG", "likes_count": 0, "replies_count": 0, "retweets_count": 0, "hashtags": []}
{"id": 843246600977862656, "date": "2017-03-18", "time": "19:43:51", "tweet": "@SJTank elle tient une rôtisserie quand elle chasse pas des tesla ?  https://t.co/VmebpwAQ8D", "likes_count": 1, "replies_count": 0, "retweets_count": 0, "hashtags": []}
{"id": 843246571722625024, "date": "2017-03-18", "time": "19:43:44", "tweet": "#Tesla's massive batteries are powering everything from exotic islands to breweries   https://t.co/I0P1SH0smm", "likes_count": 0, "replies_count": 0, "retweets_count": 0, "hashtags": ["tesla"]}
