{"id": 947255827190157312, "date": "2017-12-30", "time": "18:59:23", "tweet": "I think there are now, as of today, exactly as many “a company bought some @Tesla semi trucks” articles as the internet needs.", "likes_count": 21, "replies_count": 0, "retweets_count": 2, "hashtags": []}
{"id": 947255784072732677, "date": "2017-12-30", "time": "18:59:12", "tweet": "@dennis_p @Tesla That is a beautiful blue. Wow. Congrats!", "likes_count": 1, "replies_count": 1, "retweets_count": 0, "hashtags": []}
{"id": 947255733564952578, "date": "2017-12-30", "time": "18:59:00", "tweet": "Canadian grocery chain Loblaw says has ordered 25 Tesla electric trucks #investorseurope #technology   https://t.co/aXqoSvauFx", "likes_count": 0, "replies_count": 0, "retweets_count": 0, "hashtags": ["investorseurope", "technology"]}
{"id": 947255713637601280, "date": "2017-12-30", "time": "18:58:55", "tweet": "The @Tesla #ModelS #Model3 and #ModelX SEX  https://t.co/Ai6MqMpPXz", "likes_count": 63, "replies_count": 4, "retweets_count": 7, "hashtags": ["models", "model3", "modelx"]}
{"id": 947255688245284864, "date": "2017-12-30", "time": "18:58:49", "tweet": "Pues acabo de leer de genios como Egdar Allan Poe y Nikola Tesla y debería sentirme inspirada por su gran trabajo, pero no, me siento inservible y una mancha inútil en el universo.", "likes_count": 1, "replies_count": 0, "retweets_count": 1, "hashtags": []}
{"id": 947255686928453632, "date": "2017-12-30", "time": "18:58:49", "tweet": "I liked a @YouTube video  https://t.co/GLsZSNsrPr Sleeping in Tesla Model X in -17°C/1°F", "likes_count": 0, "replies_count": 0, "retweets_count": 0, "hashtags": []}
{"id": 947255634373857280, "date": "2017-12-30", "time": "18:58:37", "tweet": "Tonite I’m gonna bounce from Tesla charger to Tesla charger racking up bar tabs. Than I’m gonna use autopilot to get me home 😂😂😂", "likes_count": 4, "replies_count": 1, "retweets_count": 1, "hashtags": []}
{"id": 947255542409584641, "date": "2017-12-30", "time": "18:58:15", "tweet": "@MYMALK4PON3 Pq cuando el Tesla :v", "likes_count": 0, "replies_count": 0, "retweets_count": 0, "hashtags": []}
{"id": 947255532338888704, "date": "2017-12-30", "time": "18:58:12", "tweet": "$TSLA The Technical Indicator That Works in Tesla  https://t.co/zxduVMTiIU via @CMLviz", "likes_count": 2, "replies_count": 0, "retweets_count": 0, "hashtags": []}
{"id": 947255231686963201, "date": "2017-12-30", "time": "18:57:01", "tweet": "she couldn’t drive it, she took a tesla", "likes_count": 0, "replies_count": 0, "retweets_count": 0, "hashtags": []}
{"id": 947255175990820864, "date": "2017-12-30", "time": "18:56:47", "tweet": "Tesla's enormous battery in Australia is responding to outages in record time  https://t.co/PS28U8fD28  #auspol", "likes_count": 1, "replies_count": 0, "retweets_count": 0, "hashtags": ["auspol"]}
{"id": 947255157439455232, "date": "2017-12-30", "time": "18:56:43", "tweet": "@OekoKetzer @mm13_as @buffulutu @focusonline Sehe ich anders, bei Tesla gehts teilweise gut bergauf, aber es muss halt in den ersten Jahren auch massiv investiert werden. Technisch sind die zig Jahre vor der Konkurrenz, sehe zumindest aktuell noch nichts vergleichbares auf dem Markt.", "likes_count": 0, "replies_count": 1, "retweets_count": 0, "hashtags": []}
{"id": 947255079966474240, "date": "2017-12-30", "time": "18:56:24", "tweet": "@FernandoSued1 Se paso de rabioso ese #Tesla", "likes_count": 1, "replies_count": 0, "retweets_count": 0, "hashtags": ["tesla"]}
{"id": 947255008952836106, "date": "2017-12-30", "time": "18:56:07", "tweet": "@Illogicalzen it gets even worse when you consider that out of all the tesla's sold to this very day, they still have yet to break even. They are at a loss.", "likes_count": 0, "replies_count": 0, "retweets_count": 0, "hashtags": []}
{"id": 947254967861161985, "date": "2017-12-30", "time": "18:55:58", "tweet": "Will Smith’s son filming his entire music video for a song that’s actually good in front of a Tesla with its falcon doors wide open basically sums up 2017", "likes_count": 6, "replies_count": 0, "retweets_count": 0, "hashtags": []}
{"id": 947254871207669761, "date": "2017-12-30", "time": "18:55:35", "tweet": "@dennis_p @Model3Owners @Tesla My color!! Congrats man :)", "likes_count": 1, "replies_count": 1, "retweets_count": 0, "hashtags": []}
{"id": 947254857492320256, "date": "2017-12-30", "time": "18:55:31", "tweet": "I liked a @YouTube video  https://t.co/BSpQKaA8HO I got a Tesla for Christmas! (Unboxing)", "likes_count": 0, "replies_count": 0, "retweets_count": 0, "hashtags": []}
{"id": 947254836126294016, "date": "2017-12-30", "time": "18:55:26", "tweet": "@dennis_p @Tesla good stuff!", "likes_count": 1, "replies_count": 1, "retweets_count": 0, "hashtags": []}
{"id": 947254669675581440, "date": "2017-12-30", "time": "18:54:47", "tweet": "Now that is an impressive charging rate!  65 miles added in just 10 minutes! Last supercharge of The trip.  Lenny endured all kinds of crazy on this trip. Thank you @Tesla for building such an amazing road trip car.  https://t.co/Q9Ab3m6OY0", "likes_count": 5, "replies_count": 1, "retweets_count": 0, "hashtags": []}
{"id": 947254655909851137, "date": "2017-12-30", "time": "18:54:43", "tweet": "@MYMALK4PON3 Yo solo digo que te falta menos para el Tesla 😂", "likes_count": 0, "replies_count": 0, "retweets_count": 0, "hashtags": []}
{"id": 947254653795921920, "date": "2017-12-30", "time": "18:54:43", "tweet": "I added a video to a @YouTube playlist  https://t.co/jE9dhLMZwE WW2 zombies getting to tesla gun/PaP", "likes_count": 0, "replies_count": 0, "retweets_count": 0, "hashtags": []}
{"id": 947254405870448640, "date": "2017-12-30", "time": "18:53:44", "tweet": "@dennis_p @Tesla Wow! So happy for you buddy! Enjoy your third Tesla 👍🏻😁", "likes_count": 17, "replies_count": 3, "retweets_count": 0, "hashtags": []}
{"id": 947254371829600256, "date": "2017-12-30", "time": "18:53:36", "tweet": "@ClubTeslaES @elonmusk @Tesla @pasa_electrico @jorgemilburn @raqueldura @electromaps @abc_motor @autofacil @joseluisportela @DGTes Ya, pero luego algunos no funcionan. Foto: ECI de Sanchinarro  https://t.co/16Y4kX1GRg", "likes_count": 2, "replies_count": 2, "retweets_count": 0, "hashtags": []}
{"id": 947254166254125058, "date": "2017-12-30", "time": "18:52:47", "tweet": "She couldn’t drive it she took a Tesla", "likes_count": 2, "replies_count": 0, "retweets_count": 0, "hashtags": []}
{"id": 947254146033315840, "date": "2017-12-30", "time": "18:52:42", "tweet": "@dennis_p @Tesla Congrats Dennis!  https://t.co/4iYXCwxlbr", "likes_count": 3, "replies_count": 2, "retweets_count": 0, "hashtags": []}
{"id": 947253948460740609, "date": "2017-12-30", "time": "18:51:55", "tweet": "#ElonMusk   Have you got any of your clever people looking at health/heart rate monitors and Tesla Cars. This could be an interesting for safety. Also Face ID for limiting the car if needed (Teenagers etc)", "likes_count": 0, "replies_count": 0, "retweets_count": 0, "hashtags": ["elonmusk"]}
{"id": 947253913320853504, "date": "2017-12-30", "time": "18:51:46", "tweet": "Donald Trump was gifted with the knowledge of Nikola Tesla through his uncle John Trump. What was the gift? What is this timeline? Qauntum entanglement?  #FolllowTheWhiteRabbit   #TimeTravel  #2018goals   #MAGA  #Tesla  https://t.co/XUcZkubqN2", "likes_count": 5, "replies_count": 4, "retweets_count": 5, "hashtags": ["folllowthewhiterabbit", "timetravel", "2018goals", "maga", "tesla"]}
{"id": 947253760065236993, "date": "2017-12-30", "time": "18:51:10", "tweet": "Marquei como visto The Big Bang Theory - 11x8 - The Tesla Recoil  https://t.co/pxwnIlZMCN #bancodeseries", "likes_count": 0, "replies_count": 0, "retweets_count": 0, "hashtags": ["bancodeseries"]}
{"id": 947253758576037888, "date": "2017-12-30", "time": "18:51:09", "tweet": "Yeah she couldn't drive it, she took a Tesla", "likes_count": 1, "replies_count": 1, "retweets_count": 0, "hashtags": []}
{"id": 947253740721135616, "date": "2017-12-30", "time": "18:51:05", "tweet": "@dennis_p @Tesla congrats! Hopefully I’ll get mine sometime this year when EU deliveries start.", "likes_count": 3, "replies_count": 1, "retweets_count": 0, "hashtags": []}
{"id": 947253546377928704, "date": "2017-12-30", "time": "18:50:19", "tweet": "@jeffkrenn @vmnick0 @Tesla @WeatherTech Flip them over... 😁", "likes_count": 0, "replies_count": 1, "retweets_count": 0, "hashtags": []}
{"id": 947253530091327488, "date": "2017-12-30", "time": "18:50:15", "tweet": "So... this happened today. @tesla #Model3  https://t.co/cJiDcOlAxQ", "likes_count": 560, "replies_count": 57, "retweets_count": 42, "hashtags": ["model3"]}
{"id": 947253527029669888, "date": "2017-12-30", "time": "18:50:14", "tweet": "#Tesla #News: Best look yet at Tesla Model 3 handling snowy conditions on standard tires | Teslarati:  https://t.co/chujkS9EHo  https://t.co/DkNULopra2", "likes_count": 0, "replies_count": 0, "retweets_count": 0, "hashtags": ["tesla", "news"]}
{"id": 947253439372955648, "date": "2017-12-30", "time": "18:49:53", "tweet": "@HelgeBruhn @mm13_as @buffulutu @focusonline bei Tesla werden jeden tag 12Mio$ verzockt, den Vorsprung wird sicher  niemand aufholen (wollen). und damit hat sichs auch mit Vorsprung, technisch gibts keinen", "likes_count": 0, "replies_count": 1, "retweets_count": 0, "hashtags": []}
{"id": 947253396767199232, "date": "2017-12-30", "time": "18:49:43", "tweet": "Wishing you a Green new year ! @Tesla  https://t.co/m7pqQlKuMh", "likes_count": 1, "replies_count": 0, "retweets_count": 0, "hashtags": []}
{"id": 947253286851268608, "date": "2017-12-30", "time": "18:49:17", "tweet": "were you going fast son? yessir, it was that autopilot on the tesla.", "likes_count": 1, "replies_count": 0, "retweets_count": 0, "hashtags": []}
{"id": 947253230785974273, "date": "2017-12-30", "time": "18:49:03", "tweet": "👏🏻👏🏻 Cada día con más ganas de un  Tesla !!  https://t.co/H2eFbfH2lY", "likes_count": 1, "replies_count": 0, "retweets_count": 0, "hashtags": []}
{"id": 947253041882738688, "date": "2017-12-30", "time": "18:48:18", "tweet": "@KieraGorden This looks like a Tesla press release, lightly edited. Doesn't mean it's not good tech, but let's wait for some independent reporting, hmmm?", "likes_count": 1, "replies_count": 0, "retweets_count": 0, "hashtags": []}
{"id": 947252998824218625, "date": "2017-12-30", "time": "18:48:08", "tweet": "@CllrKarenShore @steveedmondson @ShitChester Great to see @Go_CheshireWest making decisions to improve air quality  in #Chester and future proof transport infrastructure in the historic city with Electric Vehicle charge points. @elonmusk @Tesla", "likes_count": 0, "replies_count": 0, "retweets_count": 0, "hashtags": ["chester"]}
{"id": 947252678475898885, "date": "2017-12-30", "time": "18:46:52", "tweet": "First I didn't wake up to a Tesla from @elonmusk on Chistmas. Then another bajillionaire, Shad Khan, snatched @TheBandBeEasy so now my #NYE2018 plans are 👎🏾. #selfpity #RichPeopleAreMean    Disclaimer: May everyone a happy, healthy, &amp; prosperous 2018! 😚  https://t.co/5eujOdYmR2", "likes_count": 0, "replies_count": 0, "retweets_count": 0, "hashtags": ["nye2018", "selfpity", "richpeoplearemean"]}
