{"id": 893984956996767744, "date": "2017-08-05", "time": "19:59:57", "tweet": "With the Texas Tesla, I guess you can say...USC found another fast Carr 😎  https://t.co/HlpvdXaC3Z", "likes_count": 0, "replies_count": 0, "retweets_count": 0, "hashtags": []}
{"id": 893984925514215424, "date": "2017-08-05", "time": "19:59:50", "tweet": "After seeing a Tesla parked across the street and a Maserati speed past my house this AM, I believe I'm now officially priced out of #PDX", "likes_count": 6, "replies_count": 0, "retweets_count": 0, "hashtags": ["pdx"]}
{"id": 893984924646166534, "date": "2017-08-05", "time": "19:59:50", "tweet": "Beginilah tampilan mobil listrik Tesla Model 3: interiornya anti-mainstream!  https://t.co/xFmX901cCY", "likes_count": 0, "replies_count": 0, "retweets_count": 0, "hashtags": []}
{"id": 893984847953264640, "date": "2017-08-05", "time": "19:59:31", "tweet": "Tesla Model 3 starts at $35k  That’s dope", "likes_count": 3, "replies_count": 0, "retweets_count": 0, "hashtags": []}
{"id": 893984566859497474, "date": "2017-08-05", "time": "19:58:24", "tweet": "Tesla Model 3 launch, 2018 Leaf, CAFE debate, Porsche fas...  https://t.co/8ihVB2krhA #Features", "likes_count": 0, "replies_count": 0, "retweets_count": 0, "hashtags": ["features"]}
{"id": 893984502359437316, "date": "2017-08-05", "time": "19:58:09", "tweet": "En medio de la pobreza y el olvido, así fueron los últimos días de Nikola Tesla #Ciencia  https://t.co/07Dw8ILKIE", "likes_count": 1, "replies_count": 0, "retweets_count": 1, "hashtags": ["ciencia"]}
{"id": 893984491680804864, "date": "2017-08-05", "time": "19:58:06", "tweet": "Tesla range #record...but with catch - #cars #topgear #onlymotors  https://t.co/ByaXqe1iM8 #Electric #models #plug-in #rangeanxiety #tesla", "likes_count": 1, "replies_count": 0, "retweets_count": 0, "hashtags": ["record", "cars", "topgear", "onlymotors", "electric", "models", "plug", "rangeanxiety", "tesla"]}
{"id": 893984436475367424, "date": "2017-08-05", "time": "19:57:53", "tweet": "Tesla lowers price of Model X, saying margins improved - Fox #Business  https://t.co/vjzSV1Ka46 UK business", "likes_count": 0, "replies_count": 0, "retweets_count": 0, "hashtags": ["business"]}
{"id": 893984435745554432, "date": "2017-08-05", "time": "19:57:53", "tweet": "Tesla lowers Model X base price due to improved margins - Yahoo News  https://t.co/eSniuYKe10 UK business #business", "likes_count": 0, "replies_count": 0, "retweets_count": 0, "hashtags": ["business"]}
{"id": 893984391814410240, "date": "2017-08-05", "time": "19:57:43", "tweet": "Mercedes-AMG E63s vs Tesla Model S P100D! VLOG #109  https://t.co/vMp8SW7B8Y  https://t.co/2GieVD53In", "likes_count": 0, "replies_count": 0, "retweets_count": 0, "hashtags": []}
{"id": 893984230732173312, "date": "2017-08-05", "time": "19:57:04", "tweet": "Tesla releases its must affordable car yet but few can buy it - Independent.ie  https://t.co/SVuvB0D3rM  https://t.co/cShTdKd1Bx", "likes_count": 0, "replies_count": 0, "retweets_count": 0, "hashtags": []}
{"id": 893984032001839104, "date": "2017-08-05", "time": "19:56:17", "tweet": "En medio de la pobreza y el olvido, así fueron los últimos días de Nikola Tesla #ciencia  https://t.co/vUbCKkibJS", "likes_count": 0, "replies_count": 0, "retweets_count": 2, "hashtags": ["ciencia"]}
{"id": 893983940897382400, "date": "2017-08-05", "time": "19:55:55", "tweet": "Elon Musk's First Tesla Solar Roof Is Here, and It Looks Amazing  https://t.co/2zuzKPrj8u", "likes_count": 0, "replies_count": 0, "retweets_count": 0, "hashtags": []}
{"id": 893983855690084354, "date": "2017-08-05", "time": "19:55:35", "tweet": "elonmusk: TomDines Like I said ... #elonmusk #spacex #tesla", "likes_count": 0, "replies_count": 0, "retweets_count": 0, "hashtags": ["elonmusk", "spacex", "tesla"]}
{"id": 893983853098000384, "date": "2017-08-05", "time": "19:55:34", "tweet": "elonmusk: bonnienorman It gets really dark #elonmusk #spacex #tesla", "likes_count": 0, "replies_count": 0, "retweets_count": 0, "hashtags": ["elonmusk", "spacex", "tesla"]}
{"id": 893983782461722626, "date": "2017-08-05", "time": "19:55:17", "tweet": "@elonmusk Complain: require Tesla wireless charging in a garage--just park and it is on!", "likes_count": 0, "replies_count": 0, "retweets_count": 0, "hashtags": []}
{"id": 893983686953242624, "date": "2017-08-05", "time": "19:54:55", "tweet": "2017 Tesla Model S P100D new record  0-60 MPH (0-96km/h) in 2.28 seconds  https://t.co/vO1Ro9IuKu", "likes_count": 0, "replies_count": 0, "retweets_count": 0, "hashtags": []}
{"id": 893983672793092096, "date": "2017-08-05", "time": "19:54:51", "tweet": "Tesla lowers price of Model X, saying margins improved -  https://t.co/mtITcwi7Cu", "likes_count": 0, "replies_count": 0, "retweets_count": 0, "hashtags": []}
{"id": 893983628123934720, "date": "2017-08-05", "time": "19:54:41", "tweet": "@mcjawsh Maybe @elonmusk will loan us a Tesla", "likes_count": 1, "replies_count": 1, "retweets_count": 1, "hashtags": []}
{"id": 893983616895766529, "date": "2017-08-05", "time": "19:54:38", "tweet": "IKEA takes on Tesla by launching its own home battery  https://t.co/XuYVtYWVPA", "likes_count": 0, "replies_count": 0, "retweets_count": 0, "hashtags": []}
{"id": 893983553167425538, "date": "2017-08-05", "time": "19:54:23", "tweet": "Und während wir noch über Diesel streiten baut Tesla Elektro Autos mit 1000km Reichweite l..  https://t.co/ZDYlliIxXV", "likes_count": 0, "replies_count": 0, "retweets_count": 0, "hashtags": []}
{"id": 893983492555640832, "date": "2017-08-05", "time": "19:54:08", "tweet": "Tesla saw about 63,000 cancellations of Model 3 preorders  https://t.co/wB2KE3fjAE", "likes_count": 0, "replies_count": 0, "retweets_count": 0, "hashtags": []}
{"id": 893983460574064640, "date": "2017-08-05", "time": "19:54:01", "tweet": "Tesla reports more losses but says it is getting 1,800 Model 3 orders a day. #futurist  https://t.co/UnXPBIiEs4", "likes_count": 0, "replies_count": 0, "retweets_count": 0, "hashtags": ["futurist"]}
{"id": 893983422858842113, "date": "2017-08-05", "time": "19:53:52", "tweet": "Tesla Lowers Starting Price of Model X  https://t.co/HO5HXJ2ypB", "likes_count": 0, "replies_count": 0, "retweets_count": 0, "hashtags": []}
{"id": 893983397516857344, "date": "2017-08-05", "time": "19:53:46", "tweet": "Tesla สามารถผลิตยานยนต์ไฟฟ้าแบบแมสได้สำเร็จ จะส่งผลกระเทือนต่อค่ายรถหรูเป็นอันดับแรก  https://t.co/YhLtUZpEPK", "likes_count": 0, "replies_count": 0, "retweets_count": 0, "hashtags": []}
{"id": 893983386854936577, "date": "2017-08-05", "time": "19:53:43", "tweet": "Tambok, tumatambok, tatambok🐽  #tesla #asianboy #vibram #trainsmart #baywatch #baybay…  https://t.co/UAaXElvuPr", "likes_count": 0, "replies_count": 0, "retweets_count": 0, "hashtags": ["tesla", "asianboy", "vibram", "trainsmart", "baywatch", "baybay"]}
{"id": 893983357243191296, "date": "2017-08-05", "time": "19:53:36", "tweet": "@elonmusk Have surveyed decent sample of UK Tesla owners. All willing to pay £500 for a native @waze OTA update. What are our chances? 😏", "likes_count": 2, "replies_count": 0, "retweets_count": 0, "hashtags": []}
{"id": 893983349588361218, "date": "2017-08-05", "time": "19:53:34", "tweet": "@dbrand when are you gonna start making Tesla skins??", "likes_count": 0, "replies_count": 0, "retweets_count": 0, "hashtags": []}
{"id": 893983307721039872, "date": "2017-08-05", "time": "19:53:24", "tweet": "Tesla’s Cash Could Burn in Production ‘Hell’  https://t.co/iMKJx4Jx0d  https://t.co/93oz1qR7cC", "likes_count": 0, "replies_count": 0, "retweets_count": 0, "hashtags": []}
{"id": 893983298011136002, "date": "2017-08-05", "time": "19:53:22", "tweet": "@TsundereMangas Descendant de Tesla et ouais B)  https://t.co/KipyZ7admM", "likes_count": 1, "replies_count": 0, "retweets_count": 0, "hashtags": []}
{"id": 893983181946408961, "date": "2017-08-05", "time": "19:52:54", "tweet": "I liked a @YouTube video  https://t.co/7bHCWNlmsc Jake Paul Washes His Bloodshark Tesla While Chance Sutton, Erika Costell &amp; Uncle Kade", "likes_count": 0, "replies_count": 0, "retweets_count": 0, "hashtags": []}
{"id": 893983097108144128, "date": "2017-08-05", "time": "19:52:34", "tweet": "@Femto_Tesla とてもギルティ、だがそれがいい", "likes_count": 0, "replies_count": 0, "retweets_count": 0, "hashtags": []}
{"id": 893982961003089920, "date": "2017-08-05", "time": "19:52:01", "tweet": "@PoyntingCEO @elonmusk You should see how far a Tesla goes on 100kg of electricity", "likes_count": 0, "replies_count": 0, "retweets_count": 0, "hashtags": []}
{"id": 893982935744790528, "date": "2017-08-05", "time": "19:51:55", "tweet": "Join Me &amp; Possibly Win A 2016 Tesla For FREE!  Wow! This is amazing! You have to check this out!  https://t.co/KmUcdv27Ob", "likes_count": 0, "replies_count": 0, "retweets_count": 0, "hashtags": []}
{"id": 893982929159835648, "date": "2017-08-05", "time": "19:51:54", "tweet": "When your client tries to stunt sayin he got a tesla today n he's gonna take me out in it n let me drive ... like ya my dad has one 🙄", "likes_count": 2, "replies_count": 0, "retweets_count": 0, "hashtags": []}
{"id": 893982583310229509, "date": "2017-08-05", "time": "19:50:31", "tweet": "elonmusk: WaywardPlane True, there are frequent complaint expansion packs #elonmusk #spacex #tesla", "likes_count": 0, "replies_count": 0, "retweets_count": 0, "hashtags": ["elonmusk", "spacex", "tesla"]}
{"id": 893982542495457280, "date": "2017-08-05", "time": "19:50:22", "tweet": "Elon Musk had a hilarious response to over 60,000 people canceling their Tesla orders  https://t.co/yEO54JIvlk", "likes_count": 0, "replies_count": 0, "retweets_count": 0, "hashtags": []}
{"id": 893982494881665025, "date": "2017-08-05", "time": "19:50:10", "tweet": "Nikola Tesla Hakkında Muhtemelen Duymadığınız 11 İlginç Bilgi  https://t.co/80BxeOzWtG", "likes_count": 0, "replies_count": 0, "retweets_count": 0, "hashtags": []}
{"id": 893982473104887808, "date": "2017-08-05", "time": "19:50:05", "tweet": "#California and #Tesla —a love story:  https://t.co/6xEkYpDOa8 #ElectricVehicle #EV", "likes_count": 0, "replies_count": 0, "retweets_count": 0, "hashtags": ["california", "tesla", "electricvehicle", "ev"]}
{"id": 893982463113838592, "date": "2017-08-05", "time": "19:50:03", "tweet": "Germany to Take on Tesla With Gigafactory Rival  https://t.co/r8VfdeQf3W", "likes_count": 0, "replies_count": 0, "retweets_count": 0, "hashtags": []}
{"id": 893982322655186944, "date": "2017-08-05", "time": "19:49:29", "tweet": "@elonmusk Tesla expansion in Latin America?", "likes_count": 0, "replies_count": 0, "retweets_count": 0, "hashtags": []}
{"id": 893982300500672512, "date": "2017-08-05", "time": "19:49:24", "tweet": "@business Per consumer reports: Average cost to install+Tesla power wall 2K sq house = about 38K; ROI might take 30+ yrs.By then roof will be obsolete", "likes_count": 0, "replies_count": 0, "retweets_count": 0, "hashtags": []}
{"id": 893982183060365312, "date": "2017-08-05", "time": "19:48:56", "tweet": "Tesla’s Model 3 isn’t a luxury car, but it’s priced like one  https://t.co/tTVVvVhHcH vía @Verge #tesla #luxury #cars", "likes_count": 1, "replies_count": 0, "retweets_count": 0, "hashtags": ["tesla", "luxury", "cars"]}
{"id": 893982089896493056, "date": "2017-08-05", "time": "19:48:34", "tweet": "(Tesla lowers Model X base price due to improved margins) published on Community Empowerment Online -  https://t.co/3t1Hl4rKEz  https://t.co/WL8l2WL18m", "likes_count": 0, "replies_count": 0, "retweets_count": 0, "hashtags": []}
{"id": 893982055607918595, "date": "2017-08-05", "time": "19:48:26", "tweet": "@michaelbay @elonmusk My son 15 &amp; 13 would like for there to be a @transformers made of the Tesla Model S, 3, X, Y!!", "likes_count": 0, "replies_count": 1, "retweets_count": 0, "hashtags": []}
{"id": 893981562940919809, "date": "2017-08-05", "time": "19:46:28", "tweet": "I liked a @YouTube video  https://t.co/kDwpTkQEqZ Tesla Model Y: Musk's Mistake", "likes_count": 0, "replies_count": 0, "retweets_count": 0, "hashtags": []}
{"id": 893981354794332160, "date": "2017-08-05", "time": "19:45:39", "tweet": "Is this good or bad for #Elonmusk, #Tesla and #SpaceX?  https://t.co/UAyy0mRVfK", "likes_count": 0, "replies_count": 0, "retweets_count": 0, "hashtags": ["elonmusk", "tesla", "spacex"]}
{"id": 893981243242577920, "date": "2017-08-05", "time": "19:45:12", "tweet": " https://t.co/KogcJUsBX3 Inventos Censurados de Tesla  https://t.co/gyEvaXQQtd", "likes_count": 0, "replies_count": 0, "retweets_count": 0, "hashtags": []}
{"id": 893981126703939584, "date": "2017-08-05", "time": "19:44:44", "tweet": "@realDonaldTrump You never answered my question about whether I should get a Tesla.", "likes_count": 1, "replies_count": 0, "retweets_count": 0, "hashtags": []}
{"id": 893981100162371584, "date": "2017-08-05", "time": "19:44:38", "tweet": "Ok but i really want a Tesla....", "likes_count": 0, "replies_count": 0, "retweets_count": 0, "hashtags": []}
{"id": 893981098782412801, "date": "2017-08-05", "time": "19:44:37", "tweet": "Tesla 3 produzione aumentata: il Patron Elon Musk “1.800 vetture ordinate ogni giorno” (Web Magazine 24)  https://t.co/mxExEzLcXH  https://t.co/WdQk5bR8w7", "likes_count": 0, "replies_count": 0, "retweets_count": 0, "hashtags": []}
{"id": 893980908616916992, "date": "2017-08-05", "time": "19:43:52", "tweet": "Tesla: the iPhone of cars?  https://t.co/JkAP8ptyak", "likes_count": 0, "replies_count": 0, "retweets_count": 0, "hashtags": []}
{"id": 893980887016013824, "date": "2017-08-05", "time": "19:43:47", "tweet": "@SmallTimeVC Glad to see your an 'iPhone' user  (Tesla owner)", "likes_count": 1, "replies_count": 1, "retweets_count": 0, "hashtags": []}
{"id": 893980782380888065, "date": "2017-08-05", "time": "19:43:22", "tweet": "@JonyIveParody Just to remind you... never gonna be an apple car like the Tesla.", "likes_count": 1, "replies_count": 0, "retweets_count": 0, "hashtags": []}
{"id": 893980746800562176, "date": "2017-08-05", "time": "19:43:14", "tweet": "@NightTimePod @vanillaice I am Tesla \"Five Man Acoustical Jam\" old.", "likes_count": 3, "replies_count": 0, "retweets_count": 0, "hashtags": []}
{"id": 893980702521212928, "date": "2017-08-05", "time": "19:43:03", "tweet": "Tesla: The Life and Times of an Electric Messiah, Cawthorne, Nigel  https://t.co/CcOWyio4dT", "likes_count": 0, "replies_count": 0, "retweets_count": 0, "hashtags": []}
{"id": 893980625912315905, "date": "2017-08-05", "time": "19:42:45", "tweet": "@Thomas1774Paine @Tesla_X @kpcb @khoslaventures Hey TeslaX ask Doerr how much Bloom Blew through in creating millions of pounds of hazmat with Pg, As, Cr, and C6H6 @johndoerr @algore @nrdc", "likes_count": 0, "replies_count": 2, "retweets_count": 0, "hashtags": []}
{"id": 893980308118401024, "date": "2017-08-05", "time": "19:41:29", "tweet": "@Elenilson_sv Lo de  Tesla es historia también, te contradices a lo que opinas de la historia", "likes_count": 0, "replies_count": 2, "retweets_count": 0, "hashtags": []}
{"id": 893980226551545856, "date": "2017-08-05", "time": "19:41:10", "tweet": "The present is theirs. The future, dor which I really worked, is mine ㅡNikola Tesla", "likes_count": 0, "replies_count": 0, "retweets_count": 0, "hashtags": []}
{"id": 893980219295531008, "date": "2017-08-05", "time": "19:41:08", "tweet": "Nikola Tesla's Anti-Social Quote Youth T Shirt Nerd Girl Tees, Geek Chic, kids  https://t.co/7qDirZAhgS #books #reading #tshirt #trendy", "likes_count": 0, "replies_count": 0, "retweets_count": 0, "hashtags": ["books", "reading", "tshirt", "trendy"]}
{"id": 893980177172242433, "date": "2017-08-05", "time": "19:40:58", "tweet": "La Bolt EV de GM, rivale directe de la future Tesla Model 3 #Usain Bolt  https://t.co/7lXfALKjbF  https://t.co/owhMQzX83t", "likes_count": 0, "replies_count": 0, "retweets_count": 0, "hashtags": ["usain"]}
{"id": 893980155126919168, "date": "2017-08-05", "time": "19:40:52", "tweet": "The Dark Side Of Tesla's Technology  https://t.co/GEH4P0k406", "likes_count": 0, "replies_count": 0, "retweets_count": 0, "hashtags": []}
{"id": 893979991309942785, "date": "2017-08-05", "time": "19:40:13", "tweet": "@elonmusk I own a Tesla Model S P100D and even if I try I can't drive much more than 300km unless I'm driving really slow. That's still a big problem.", "likes_count": 0, "replies_count": 0, "retweets_count": 0, "hashtags": []}
{"id": 893979972108517379, "date": "2017-08-05", "time": "19:40:09", "tweet": "I'm in love with the Tesla! 👍🏻😎  https://t.co/M2EEJKyW3L", "likes_count": 0, "replies_count": 0, "retweets_count": 0, "hashtags": []}
{"id": 893979933596405760, "date": "2017-08-05", "time": "19:40:00", "tweet": "j'aimerais bien bosser chez Tesla pour avoir une Model S pas chère et des panneaux solaires gratos sur mon toit", "likes_count": 0, "replies_count": 0, "retweets_count": 0, "hashtags": []}
{"id": 893979825865674752, "date": "2017-08-05", "time": "19:39:34", "tweet": "i just found out this dude in my neighborhood has a tesla like @ImNotScottySire", "likes_count": 2, "replies_count": 0, "retweets_count": 0, "hashtags": []}
{"id": 893979775177568258, "date": "2017-08-05", "time": "19:39:22", "tweet": "Farmers &amp; Merchants Investments Inc. Has $119000 Position in Tesla Inc. (TSLA) - The Cerbat Gem #Business #News #T…  https://t.co/oQ46kXXiiB", "likes_count": 0, "replies_count": 0, "retweets_count": 0, "hashtags": ["business", "news", "t"]}
{"id": 893979757045583872, "date": "2017-08-05", "time": "19:39:18", "tweet": "Elon Musk had a hilarious response to over 60,000 people canceling their Tesla orders  https://t.co/ohK80f6cK4 &lt;  https://t.co/MMaczU7VxV &gt;", "likes_count": 0, "replies_count": 0, "retweets_count": 0, "hashtags": []}
{"id": 893979740998033409, "date": "2017-08-05", "time": "19:39:14", "tweet": "@Thomas1774Paine @Tesla_X soon half of the VCs in Silly Con Valley will be convicted in the Bloom Energy Scam @kpcb @khoslaventures    https://t.co/Yw5tOUQDSF", "likes_count": 0, "replies_count": 1, "retweets_count": 0, "hashtags": []}
{"id": 893979694671962112, "date": "2017-08-05", "time": "19:39:03", "tweet": "한번 충전으로 1000km 넘게 달릴 수 있다니...👍 #Tesla", "likes_count": 0, "replies_count": 0, "retweets_count": 0, "hashtags": ["tesla"]}
{"id": 893979686363123712, "date": "2017-08-05", "time": "19:39:01", "tweet": "Tesla Model X falcon wing doors at tight parking:  https://t.co/jDN9I02ksG via @YouTube", "likes_count": 20, "replies_count": 1, "retweets_count": 2, "hashtags": []}
{"id": 893979619170373632, "date": "2017-08-05", "time": "19:38:45", "tweet": "@RichartRoss Great job on fastmoney.  I thought Tesla formed a head and shoulders top...whoops...do you see it now breaking out to new highs", "likes_count": 0, "replies_count": 0, "retweets_count": 0, "hashtags": []}
{"id": 893979476484276224, "date": "2017-08-05", "time": "19:38:11", "tweet": "Just got a job at tesla to clean floors", "likes_count": 3, "replies_count": 0, "retweets_count": 0, "hashtags": []}
{"id": 893979439486337025, "date": "2017-08-05", "time": "19:38:02", "tweet": "Tesla поможет в постройке крупнейшей в мире ветроэлектростанции -  https://t.co/1rcAHVknFU Tesla, авто, Будущее, Ветряные ...  https://t.co/E52zmeiKaB", "likes_count": 0, "replies_count": 0, "retweets_count": 0, "hashtags": []}
{"id": 893979417990631425, "date": "2017-08-05", "time": "19:37:57", "tweet": "@Alex10Godoy Y quien me garantiza q lo que está escrito en la historia es lo correcto?? Tesla invento la bombilla y Edison se lleva el crédito, en peq ej", "likes_count": 0, "replies_count": 1, "retweets_count": 0, "hashtags": []}
{"id": 893979351611392000, "date": "2017-08-05", "time": "19:37:41", "tweet": "@RRapier @Reuters @Nasdaq @katiefehren @greentechmedia @Greenpeace @EcoWatch @Earthjustice Folks like @kpcb @khoslaventures owned Obama but it is over now and their Bloom Energy fraud is fully exposed @Tesla_X enjoy the moment", "likes_count": 0, "replies_count": 0, "retweets_count": 0, "hashtags": []}
{"id": 893979305474183168, "date": "2017-08-05", "time": "19:37:30", "tweet": "Zodat mensen hem als \"voorbeeld zien\".. Maar rijd toch rond in een dikke Tesla... lol", "likes_count": 0, "replies_count": 0, "retweets_count": 0, "hashtags": []}
{"id": 893979305302257664, "date": "2017-08-05", "time": "19:37:30", "tweet": "Tesla начала устанавливать солнечные крыши своим сотрудникам Обычным клиентам придётся нем  https://t.co/3TGvhkIrZd", "likes_count": 0, "replies_count": 0, "retweets_count": 0, "hashtags": []}
{"id": 893979274075672580, "date": "2017-08-05", "time": "19:37:22", "tweet": "I liked a @YouTube video  https://t.co/dj4JPVUky5 Tesla Model 3 Impressions!", "likes_count": 0, "replies_count": 0, "retweets_count": 0, "hashtags": []}
{"id": 893979213526585344, "date": "2017-08-05", "time": "19:37:08", "tweet": "Elon Musk had a hilarious response to over 60,000 people canceling their Tesla orders @justinjbariso  https://t.co/hf8BGclNYD via @Inc", "likes_count": 0, "replies_count": 0, "retweets_count": 0, "hashtags": []}
