{"id": 939645792352198656, "date": "2017-12-09", "time": "18:59:49", "tweet": "@VandalOnline Tesla seran los primeros en catarla.", "likes_count": 0, "replies_count": 0, "retweets_count": 0, "hashtags": []}
{"id": 939645661624045570, "date": "2017-12-09", "time": "18:59:18", "tweet": "If one more Tarantino puts a dildo on mars I am gonna shit on a Tesla  https://t.co/p3guaqW2CN", "likes_count": 0, "replies_count": 0, "retweets_count": 0, "hashtags": []}
{"id": 939645660508418048, "date": "2017-12-09", "time": "18:59:17", "tweet": "@WallacePJW So Lambo, SVR (of some kind) and God knows the electric car, Tesla maybe", "likes_count": 0, "replies_count": 0, "retweets_count": 0, "hashtags": []}
{"id": 939645603214217222, "date": "2017-12-09", "time": "18:59:04", "tweet": "Apple Co-Founder Is Skeptical of Tesla's Promises on Autopilot  https://t.co/lNcsNH2oBc  https://t.co/6KFjwmqxc9", "likes_count": 0, "replies_count": 0, "retweets_count": 0, "hashtags": []}
{"id": 939645592493535237, "date": "2017-12-09", "time": "18:59:01", "tweet": "Tweedle Dee &amp; Tweedle Dum, The Hatter &amp; Hare, Ken &amp; Dennis, Richard &amp; Linus, Hewlett &amp; Packard, Orville &amp; Wilbur, die Brüder Grimm, the Coen Bros, Chris &amp; Martin; PARTNERS IN CRIME are way more effective than loners. No man is an Island… except maybe Tesla, Turing and Dumpling.  https://t.co/DfyObeubB3", "likes_count": 0, "replies_count": 0, "retweets_count": 1, "hashtags": []}
{"id": 939645540349878272, "date": "2017-12-09", "time": "18:58:49", "tweet": "@TrashMcOiltrash @PaulCamire @MikeD_Twenty7 @ChevroletCanada @elonmusk @Tesla What target is that? To build the best car on planet earth in perpetuity?  They’ll build them all. The competition are so far behind.", "likes_count": 0, "replies_count": 1, "retweets_count": 0, "hashtags": []}
{"id": 939645414575308800, "date": "2017-12-09", "time": "18:58:19", "tweet": "I added a video to a @YouTube playlist  https://t.co/FhpLeeMCXF Tesla Boy - Dream Machine (Silent Gloves Remix)", "likes_count": 0, "replies_count": 0, "retweets_count": 0, "hashtags": []}
{"id": 939645407193436161, "date": "2017-12-09", "time": "18:58:17", "tweet": "@mattmars @Tesla Oh really, didn't know that! A quick companies house stalk suggests it's this chap:  https://t.co/1DxCxFWklF", "likes_count": 1, "replies_count": 1, "retweets_count": 0, "hashtags": []}
{"id": 939645394086256645, "date": "2017-12-09", "time": "18:58:14", "tweet": "@dennis_p @Tesla Red color and aerocaps for shore. City without it", "likes_count": 2, "replies_count": 0, "retweets_count": 0, "hashtags": []}
{"id": 939645377950765058, "date": "2017-12-09", "time": "18:58:10", "tweet": "@KaatVanseer Omschakeling autoindustrie dankzij Tesla dankzij subsidies komt uiteindelijk ten goede aan brede laag bevolking.", "likes_count": 0, "replies_count": 2, "retweets_count": 0, "hashtags": []}
{"id": 939645373550944256, "date": "2017-12-09", "time": "18:58:09", "tweet": "@Smallcarguy @HabsyP @Tesla   https://t.co/bWTGwN6jRZ", "likes_count": 0, "replies_count": 0, "retweets_count": 0, "hashtags": []}
{"id": 939645371420200960, "date": "2017-12-09", "time": "18:58:08", "tweet": "21-Inch Silver Tesla Turbine Wheels/Tires in Excellent Condition  - Set of 4  https://t.co/f2XiHjO3I9", "likes_count": 0, "replies_count": 0, "retweets_count": 0, "hashtags": []}
{"id": 939645336754315264, "date": "2017-12-09", "time": "18:58:00", "tweet": "Ocean Sciences Article of the Day - Tesla and Sunrun Among Winners of Massachusetts Storage Grants (Bloomberg)   https://t.co/AbTtR1lJZG", "likes_count": 0, "replies_count": 0, "retweets_count": 0, "hashtags": []}
{"id": 939645287668252672, "date": "2017-12-09", "time": "18:57:49", "tweet": "@KahvTaehyung é q tem uns vídeos nos shows q tem letras a mais, as letras correspondem à 3 6 e 9 (3+6=9), esses números são chamados de \"a chave do universo\" por Nikola Tesla  é uma brisa muito loka", "likes_count": 0, "replies_count": 1, "retweets_count": 0, "hashtags": []}
{"id": 939644914454990848, "date": "2017-12-09", "time": "18:56:20", "tweet": "Scientists Channel Tesla &amp; Einstein To Invent New Double-Glazed Solar Panel  https://t.co/oXFQVqMQGy  https://t.co/mvxjtmzXUM", "likes_count": 1, "replies_count": 0, "retweets_count": 0, "hashtags": []}
{"id": 939644909807718400, "date": "2017-12-09", "time": "18:56:18", "tweet": "Augmented Reality smartglasses will replace the smartphone #virtualreality #tesla #vision #future #time  https://t.co/YHdLsnIfII #giveaway", "likes_count": 0, "replies_count": 0, "retweets_count": 0, "hashtags": ["virtualreality", "tesla", "vision", "future", "time", "giveaway"]}
{"id": 939644881982468097, "date": "2017-12-09", "time": "18:56:12", "tweet": "Oh man i just saw a tesla for the first they're pretty sick.  Then the person had a license plate that said innovator....now im mad", "likes_count": 0, "replies_count": 0, "retweets_count": 0, "hashtags": []}
{"id": 939644745671835648, "date": "2017-12-09", "time": "18:55:39", "tweet": "Sorry @dodge, I don’t think so.   @Tesla.  #notthequickest #falseadvertising  https://t.co/3vBsRc9DG7", "likes_count": 0, "replies_count": 0, "retweets_count": 0, "hashtags": ["notthequickest", "falseadvertising"]}
{"id": 939644685622108161, "date": "2017-12-09", "time": "18:55:25", "tweet": "@elonmusk  I'd like to help translate the Tesla Menus to Spanish, I would love to be able to use my MS in my native language. I don't need anything, I want to help make Tesla better in my own way. :)   PM me if you are interested!", "likes_count": 0, "replies_count": 0, "retweets_count": 0, "hashtags": []}
{"id": 939644679024394240, "date": "2017-12-09", "time": "18:55:23", "tweet": "@Aeropyornis @ElectrekCo \"counting with the exponential development of battery technology\"  you are assuming the technology is not here today and that Tesla Semi is impossible today!? WHY?", "likes_count": 0, "replies_count": 1, "retweets_count": 0, "hashtags": []}
{"id": 939644574363987968, "date": "2017-12-09", "time": "18:54:58", "tweet": ".@Tesla @elonmusk - I expected better.   https://t.co/lEfnqQ6tWu", "likes_count": 0, "replies_count": 0, "retweets_count": 0, "hashtags": []}
{"id": 939644539370987520, "date": "2017-12-09", "time": "18:54:50", "tweet": "I liked a @YouTube video  https://t.co/yJWK8qjGRV OMG LEGENDARY! Hog Bait Tesla Deck LIVE Ladder Gameplay - Clash Royale", "likes_count": 0, "replies_count": 0, "retweets_count": 0, "hashtags": []}
{"id": 939644531573645312, "date": "2017-12-09", "time": "18:54:48", "tweet": "Tesla reservation holders may get Model 3 deliveries next week  https://t.co/jM9R1jJ479  https://t.co/i7mpW2pRdB", "likes_count": 0, "replies_count": 0, "retweets_count": 0, "hashtags": []}
{"id": 939644516717547520, "date": "2017-12-09", "time": "18:54:45", "tweet": "@AJMCampbell @Tesla Doesn’t some 1970s band drummer live there?", "likes_count": 0, "replies_count": 1, "retweets_count": 0, "hashtags": []}
{"id": 939644356008353792, "date": "2017-12-09", "time": "18:54:06", "tweet": "Scientists Channel Tesla &amp; Einstein To Invent New Double-Glazed Solar Panel  https://t.co/qNs0an1FBN #CleanTechnica #eco  https://t.co/wwBmJzQqUV", "likes_count": 0, "replies_count": 0, "retweets_count": 0, "hashtags": ["cleantechnica", "eco"]}
{"id": 939644342339284993, "date": "2017-12-09", "time": "18:54:03", "tweet": "Lista de deseos si me toca la lotería(o si alguien se siente generoso):  -Un @Tesla  -Un dron @DJIGlobal  -Cuenta de @NetflixES vitalicia  -Una cámara de fotos @leica_camera @CanonEspana @NikonUSA @LumixUSA @polaroidorignls  -Y mas cosas que se me vayan ocurriendo....", "likes_count": 1, "replies_count": 0, "retweets_count": 0, "hashtags": []}
{"id": 939644332738514949, "date": "2017-12-09", "time": "18:54:01", "tweet": "Startups like Booster Fuels, WeFuel, Filld and InstaFuel deliver gasoline to customers, but  when will startups offer these type of unstationed electricity ports for @Tesla owners?  https://t.co/h9D20Gdunv  https://t.co/0nHrDqyk9H", "likes_count": 0, "replies_count": 0, "retweets_count": 0, "hashtags": []}
{"id": 939644219702038529, "date": "2017-12-09", "time": "18:53:34", "tweet": "@mattmars @Tesla Pahaha brilliant, looks like Hulgrave Hall. Will have to go and have a laugh tomorrow if it's still there... wonder if it electrocuted the fish?", "likes_count": 2, "replies_count": 1, "retweets_count": 0, "hashtags": []}
{"id": 939644167491325957, "date": "2017-12-09", "time": "18:53:21", "tweet": "Model 3 Secret: What Tesla Isn't Telling Us  https://t.co/oLwfJqsIgo", "likes_count": 0, "replies_count": 0, "retweets_count": 0, "hashtags": []}
{"id": 939644157987115009, "date": "2017-12-09", "time": "18:53:19", "tweet": "Scientists Channel Tesla &amp; Einstein To Invent New Double-Glazed Solar Panel  https://t.co/EYGOwUTNvP", "likes_count": 0, "replies_count": 0, "retweets_count": 0, "hashtags": []}
{"id": 939644132703662080, "date": "2017-12-09", "time": "18:53:13", "tweet": "Jesus, a guy is triggerd just because i said there 's only 4 tesla cars...", "likes_count": 0, "replies_count": 0, "retweets_count": 0, "hashtags": []}
{"id": 939643918781681669, "date": "2017-12-09", "time": "18:52:22", "tweet": "@AJMCampbell @Tesla I’ve drawn you a handy diagram. (Near Tiverton).  https://t.co/PrWnQaw7sL", "likes_count": 0, "replies_count": 1, "retweets_count": 0, "hashtags": []}
{"id": 939643752112578560, "date": "2017-12-09", "time": "18:51:42", "tweet": "@NODEfather @CashApp @venmo @Uber @lyft @Tesla @TeslaSemi @solarcity @HyperloopOne @boringcompany @Gigafactory1 @lvmonorail Good ideas!  #vegasbaby", "likes_count": 3, "replies_count": 0, "retweets_count": 1, "hashtags": ["vegasbaby"]}
{"id": 939643713600462848, "date": "2017-12-09", "time": "18:51:33", "tweet": "@MKBHD I love tesla", "likes_count": 0, "replies_count": 0, "retweets_count": 0, "hashtags": []}
{"id": 939643628233871360, "date": "2017-12-09", "time": "18:51:13", "tweet": "I liked a @YouTube video  https://t.co/ogVDN1bBVd Tesla P100D VS Superbike!", "likes_count": 0, "replies_count": 0, "retweets_count": 0, "hashtags": []}
{"id": 939643565570801664, "date": "2017-12-09", "time": "18:50:58", "tweet": "@Mike30290380 Fan boy of Tesla? am just a fan boy of VS, did i say that i was a fanboy of tesla?..", "likes_count": 0, "replies_count": 1, "retweets_count": 0, "hashtags": []}
{"id": 939643382653005825, "date": "2017-12-09", "time": "18:50:14", "tweet": "@VAPEJP 【GIVEAWAY】Joyetech Exceed D19、AURA RDA、Tesla Touch TC MODが当たる！ https://t.co/j7Eevm2jh6【HeavenGifts】#HeavenGifts #HG #天国 #Giveaway", "likes_count": 0, "replies_count": 0, "retweets_count": 0, "hashtags": ["heavengifts", "hg", "天国", "giveaway"]}
{"id": 939643341381275648, "date": "2017-12-09", "time": "18:50:04", "tweet": "Barclays: Buy GM for its 'first-mover advantage' in autonomous vehicles over Tesla, others  https://t.co/iZX94i3Jeu #Tesla #selfdriving #autonomous #GM  https://t.co/yinWvFBao0", "likes_count": 0, "replies_count": 0, "retweets_count": 0, "hashtags": ["tesla", "selfdriving", "autonomous", "gm"]}
{"id": 939643276352729088, "date": "2017-12-09", "time": "18:49:49", "tweet": "Budweiser Just Ordered 40 #Tesla Electric Trucks  https://t.co/k3OJUwZhGt via @VinePair", "likes_count": 0, "replies_count": 0, "retweets_count": 0, "hashtags": ["tesla"]}
{"id": 939643229225537537, "date": "2017-12-09", "time": "18:49:38", "tweet": "Augmented Reality smartglasses will replace the smartphone #virtualreality #tesla #vision #future #time  https://t.co/qiPcu9NAM9 #giveaway", "likes_count": 0, "replies_count": 0, "retweets_count": 0, "hashtags": ["virtualreality", "tesla", "vision", "future", "time", "giveaway"]}
