{"id": 1008137132542529536, "date": "2018-06-16", "time": "19:59:57", "tweet": "@marycmccormack @Tesla @arashfarin", "likes_count": 0, "replies_count": 0, "retweets_count": 0, "hashtags": []}
{"id": 1008137114846879744, "date": "2018-06-16", "time": "19:59:53", "tweet": "Tesla is now making 3,500 Model 3 cars per week  https://t.co/WvK92D092l  https://t.co/Q2zfIWWKHR", "likes_count": 0, "replies_count": 0, "retweets_count": 0, "hashtags": []}
{"id": 1008137028930850817, "date": "2018-06-16", "time": "19:59:32", "tweet": "Elon Musk plans to sell ‘major’ stake in Tesla in ‘about 20 years’ to finance SpaceX’s Mars plans  https://t.co/4KOVrncIDA", "likes_count": 0, "replies_count": 0, "retweets_count": 0, "hashtags": []}
{"id": 1008136993392418817, "date": "2018-06-16", "time": "19:59:24", "tweet": "Yeah, and I'm sure firing 700 Tesla employees was for their greatest good... Lots of things make people \"unproductive\" - poverty, racism, sexism, bigotry, social inequality, lack of access to resources. That's why we shift resources to them. You, sir, are no socialist.  https://t.co/58zC4IgtZw", "likes_count": 6, "replies_count": 0, "retweets_count": 2, "hashtags": []}
{"id": 1008136987956654085, "date": "2018-06-16", "time": "19:59:22", "tweet": "@geoliberal he regularly gets a kicking on ftalphaville for the tesla circus", "likes_count": 0, "replies_count": 1, "retweets_count": 0, "hashtags": []}
{"id": 1008136914090672128, "date": "2018-06-16", "time": "19:59:05", "tweet": "@Shinracapital @marycmccormack @Tesla CARS LIVES MATTER!", "likes_count": 0, "replies_count": 0, "retweets_count": 0, "hashtags": []}
{"id": 1008136875201081345, "date": "2018-06-16", "time": "19:58:55", "tweet": "@marycmccormack @Tesla Care to comment @elonmusk ? #shittytesla", "likes_count": 1, "replies_count": 0, "retweets_count": 0, "hashtags": ["shittytesla"]}
{"id": 1008136843404234753, "date": "2018-06-16", "time": "19:58:48", "tweet": "@Tesla como compro acciones de esta compañía que va ser el futuro del mundo ahora están haciendo motos eléctricas luego del éxito con los vehículos más veloces que a gasolina sin ruido sin contaminación, pronto vendrán nuevos proyectos, tealca el futuro del mundo", "likes_count": 1, "replies_count": 0, "retweets_count": 1, "hashtags": []}
{"id": 1008136829558812672, "date": "2018-06-16", "time": "19:58:45", "tweet": "Tesla Belonging To Mary McCormack Husband Spontaneously Combusts In LA Street  https://t.co/8uDh6EXB92", "likes_count": 0, "replies_count": 0, "retweets_count": 0, "hashtags": []}
{"id": 1008136792032399360, "date": "2018-06-16", "time": "19:58:36", "tweet": "Actor says husband's Tesla car shot #flames in traffic - Jun 16 @ 7:58 PM ET   https://t.co/7uHqczrJ8C", "likes_count": 0, "replies_count": 0, "retweets_count": 0, "hashtags": ["flames"]}
{"id": 1008136785329676288, "date": "2018-06-16", "time": "19:58:34", "tweet": "@Femto_Tesla にゃん～♪(ｽﾘｽﾘ", "likes_count": 0, "replies_count": 0, "retweets_count": 0, "hashtags": []}
{"id": 1008136777528270848, "date": "2018-06-16", "time": "19:58:32", "tweet": "@elonmusk Congratulations to you and the entire @Tesla team! Amazing!", "likes_count": 0, "replies_count": 0, "retweets_count": 0, "hashtags": []}
{"id": 1008136772662919169, "date": "2018-06-16", "time": "19:58:31", "tweet": "@marycmccormack @Tesla LOVE THOSE BATTERIES LOL", "likes_count": 0, "replies_count": 0, "retweets_count": 0, "hashtags": []}
{"id": 1008136740610236416, "date": "2018-06-16", "time": "19:58:23", "tweet": "'Thank god my three little girls weren’t in the car': West Wing star Mary McCormack claims her husband's Tesla Model S spontaneously burst into flames while he was driving in traffic in Los Angeles, prompting more concerns over safety  https://t.co/Yo0TDNq97U", "likes_count": 1, "replies_count": 0, "retweets_count": 0, "hashtags": []}
{"id": 1008136688202338304, "date": "2018-06-16", "time": "19:58:11", "tweet": "@AlunEphraim @Aelkus If he could make cars like he could make outrage, Tesla might actually come close to hitting its production goals", "likes_count": 1, "replies_count": 0, "retweets_count": 0, "hashtags": []}
{"id": 1008136675434696704, "date": "2018-06-16", "time": "19:58:08", "tweet": "@marycmccormack @Tesla Where the hell is @RalphNader and the @NTSB?!! Any other mfg would be under investigation rn.", "likes_count": 0, "replies_count": 0, "retweets_count": 0, "hashtags": []}
{"id": 1008136663480991744, "date": "2018-06-16", "time": "19:58:05", "tweet": "Tesla is now making 3,500 Model 3 cars per week  https://t.co/SQamsDKtXT  https://t.co/v0daM9WWVX", "likes_count": 0, "replies_count": 0, "retweets_count": 0, "hashtags": []}
{"id": 1008136581419417600, "date": "2018-06-16", "time": "19:57:45", "tweet": "@Femto_Tesla 列形成並ばないと売り切れが怖い", "likes_count": 0, "replies_count": 0, "retweets_count": 0, "hashtags": []}
{"id": 1008136579720925186, "date": "2018-06-16", "time": "19:57:45", "tweet": "@chelseahandler @Tesla @elonmusk damn just our luck", "likes_count": 0, "replies_count": 0, "retweets_count": 0, "hashtags": []}
{"id": 1008136578345160704, "date": "2018-06-16", "time": "19:57:45", "tweet": "Tesla*  https://t.co/gaNBtMz6R1", "likes_count": 2, "replies_count": 0, "retweets_count": 0, "hashtags": []}
{"id": 1008136539359064065, "date": "2018-06-16", "time": "19:57:35", "tweet": "Tesla TM-MTS04-NEY_X-Large Men’s HyperDri Short Sleeve T-Shirt Athletic Cool Running Top MTS04  https://t.co/MbmQ947dsh  https://t.co/WlLKWjVCka", "likes_count": 0, "replies_count": 0, "retweets_count": 0, "hashtags": []}
{"id": 1008136502008688640, "date": "2018-06-16", "time": "19:57:27", "tweet": "Boring Company video shows a Tesla hurtling through one of its tunnels   https://t.co/7BQOr2iHnz", "likes_count": 0, "replies_count": 0, "retweets_count": 0, "hashtags": []}
{"id": 1008136378792570880, "date": "2018-06-16", "time": "19:56:57", "tweet": "@Tesla @elonmusk @teslaownersau Not using the EAC/east Australian current, but electricity current.😜", "likes_count": 0, "replies_count": 0, "retweets_count": 0, "hashtags": []}
{"id": 1008136294608916481, "date": "2018-06-16", "time": "19:56:37", "tweet": "Us #tesla @ San Tan…  https://t.co/5F6u7liqIh", "likes_count": 0, "replies_count": 0, "retweets_count": 0, "hashtags": ["tesla"]}
{"id": 1008136279396007936, "date": "2018-06-16", "time": "19:56:33", "tweet": "@spaxx7 @SullivanMonty @marycmccormack @EricHaywood @Tesla Meanwhile  5000% more died in an ICE  vehicle today...", "likes_count": 0, "replies_count": 0, "retweets_count": 0, "hashtags": []}
{"id": 1008136246865158144, "date": "2018-06-16", "time": "19:56:26", "tweet": "Actor says husband's #Tesla car shot #flames in traffic  https://t.co/Tq97xXl7x0", "likes_count": 0, "replies_count": 0, "retweets_count": 0, "hashtags": ["tesla", "flames"]}
{"id": 1008136119718903810, "date": "2018-06-16", "time": "19:55:55", "tweet": "@a_medium_lord I always get attacked when I bring that up  They don't understand how tax credits undergird Musk's business model and incentivizes him to sell far fewer cars than he actually could  Tesla is a house of cards. Let it fall. Maybe a good electronic car innovator will take its place.", "likes_count": 1, "replies_count": 1, "retweets_count": 0, "hashtags": []}
{"id": 1008136095576424448, "date": "2018-06-16", "time": "19:55:50", "tweet": "First dual-motor Tesla Model 3 rolls off new line at Fremont factory  https://t.co/YlSgnaTdKH  https://t.co/YEkLym5A1b", "likes_count": 0, "replies_count": 0, "retweets_count": 0, "hashtags": []}
{"id": 1008136056598773761, "date": "2018-06-16", "time": "19:55:40", "tweet": "Need .... Tesla ....", "likes_count": 2, "replies_count": 0, "retweets_count": 0, "hashtags": []}
{"id": 1008135968753377289, "date": "2018-06-16", "time": "19:55:19", "tweet": "@DavidDobrik I feel like David should surprise Liza with a Tesla or something and set it up like that video when he surprised her with Ceaser salad at target in the parking lot. Idk. Love them both!❤️", "likes_count": 0, "replies_count": 0, "retweets_count": 0, "hashtags": []}
{"id": 1008135911828172800, "date": "2018-06-16", "time": "19:55:06", "tweet": "【男子用】 (テスラ)TESLA メンズ HyperDri メッシュ ランニング ショーツ [UVカット・吸汗速乾] ドライフィット フィットネス パンツ MBS02 TESLA(テスラ) (197) 新品： ￥ 999 - ￥ 1,690…  https://t.co/zgZ1J3aYd7", "likes_count": 0, "replies_count": 0, "retweets_count": 0, "hashtags": []}
{"id": 1008135909689004032, "date": "2018-06-16", "time": "19:55:05", "tweet": "VIDEO: Another Tesla Model S Goes Up In Smoke, This Time The Owner Is A Hollywood Actress’ Husband  https://t.co/DRYsz7HIlN Automotive", "likes_count": 0, "replies_count": 0, "retweets_count": 0, "hashtags": []}
{"id": 1008135884947034112, "date": "2018-06-16", "time": "19:54:59", "tweet": "@possiblyunbound @elonmusk I guess it depends on who you ask. I would be careful with trusting articles like these, though. Lots of fake news and hate towards Tesla from these sources.", "likes_count": 0, "replies_count": 0, "retweets_count": 0, "hashtags": []}
{"id": 1008135718269530112, "date": "2018-06-16", "time": "19:54:20", "tweet": "#Tesla #TeslaModel3 #eMobility  https://t.co/lc039bzA6P", "likes_count": 0, "replies_count": 0, "retweets_count": 0, "hashtags": ["tesla", "teslamodel3", "emobility"]}
{"id": 1008135631480983552, "date": "2018-06-16", "time": "19:53:59", "tweet": "@marycmccormack @Tesla What is causing that to act like a blowtorch? That's crazy.", "likes_count": 0, "replies_count": 0, "retweets_count": 0, "hashtags": []}
{"id": 1008135592440418304, "date": "2018-06-16", "time": "19:53:50", "tweet": "Young son: What would you do if there was a big scorpion coming at you, and all you had was a Tesla?  Me: can we include Elon’s Boring Company in this scenario?", "likes_count": 0, "replies_count": 0, "retweets_count": 0, "hashtags": []}
{"id": 1008135587998588928, "date": "2018-06-16", "time": "19:53:49", "tweet": "@mcjamez @evmeerkat @Tesla Now if only the media would report on such a tragic non life saving event!  #tesla #saveslives", "likes_count": 2, "replies_count": 0, "retweets_count": 0, "hashtags": ["tesla", "saveslives"]}
{"id": 1008135579299704832, "date": "2018-06-16", "time": "19:53:47", "tweet": "@Ceakin23 @StrongBadToo @greta @Tesla I do not intend to defend that. I am tired of seeing Boards of Directors rewarding CEOs who  are terrible at their job. I know nonsensical, but it seems like what should be a variable has become a constant. 🧐", "likes_count": 0, "replies_count": 0, "retweets_count": 0, "hashtags": []}
{"id": 1008135401234558977, "date": "2018-06-16", "time": "19:53:04", "tweet": "Tesla is now making 3,500 Model 3 cars per week  https://t.co/sgzVjFoBUT  https://t.co/k54kdqetAm", "likes_count": 0, "replies_count": 0, "retweets_count": 0, "hashtags": []}
{"id": 1008135278173872129, "date": "2018-06-16", "time": "19:52:35", "tweet": "@HeroinMorning Tesla inventó la electricidad... es Dios.", "likes_count": 0, "replies_count": 0, "retweets_count": 0, "hashtags": []}
{"id": 1008135264169086976, "date": "2018-06-16", "time": "19:52:31", "tweet": "So just saw a family pull up in a Tesla and I was impressed because of the fold up doors that were automatic ... until I looked up and the family was in the store and that door hasn’t shut still...  https://t.co/1nwIvn0ACw", "likes_count": 0, "replies_count": 0, "retweets_count": 0, "hashtags": []}
{"id": 1008135247001726977, "date": "2018-06-16", "time": "19:52:27", "tweet": "@greta @Tesla @elonmusk A service technician for Tesla should be fine, worried about the Soybean farmers who often rely on SNAP benefits because of poor growing seasons...compound that with the fear of fallout from the reckless tariff war and I'm afraid for many peoples jobs.", "likes_count": 0, "replies_count": 0, "retweets_count": 0, "hashtags": []}
{"id": 1008135190114422785, "date": "2018-06-16", "time": "19:52:14", "tweet": "@Shinracapital @Will_Ferland @HengDave @marycmccormack @Tesla All cars are killing machines 🙄", "likes_count": 1, "replies_count": 0, "retweets_count": 0, "hashtags": []}
{"id": 1008135183768391680, "date": "2018-06-16", "time": "19:52:12", "tweet": "VIDEO: Another #Tesla #ModelS Goes Up In Smoke, This Time The Owner Is A #Hollywood #Actress' Husband  https://t.co/HfY1rk2Hfg #tsla #models #carfire #fire #model3 #modelx  https://t.co/u8hrAosXjR", "likes_count": 0, "replies_count": 0, "retweets_count": 0, "hashtags": ["tesla", "models", "hollywood", "actress", "tsla", "models", "carfire", "fire", "model3", "modelx"]}
{"id": 1008135151602130945, "date": "2018-06-16", "time": "19:52:05", "tweet": "Tesla is now making 3,500 Model 3 cars per week  https://t.co/gnyV6NE5C8  https://t.co/StIWfBamad", "likes_count": 0, "replies_count": 0, "retweets_count": 0, "hashtags": []}
{"id": 1008135145373630464, "date": "2018-06-16", "time": "19:52:03", "tweet": "#Tesla is now making 3,500 Model 3 cars per week  https://t.co/LMAqaDGhQc", "likes_count": 0, "replies_count": 0, "retweets_count": 0, "hashtags": ["tesla"]}
{"id": 1008135145121988608, "date": "2018-06-16", "time": "19:52:03", "tweet": "#Tesla is now making 3,500 Model 3 cars per week  https://t.co/97I7ex1dI4", "likes_count": 0, "replies_count": 0, "retweets_count": 0, "hashtags": ["tesla"]}
{"id": 1008135144954187776, "date": "2018-06-16", "time": "19:52:03", "tweet": "Tesla is now making 3,500 Model 3 cars per week  https://t.co/bKm0FEtxX7  https://t.co/mOMgE8H0IR", "likes_count": 0, "replies_count": 0, "retweets_count": 0, "hashtags": []}
{"id": 1008135144610279425, "date": "2018-06-16", "time": "19:52:03", "tweet": "VIDEO: Another Tesla Model S Goes Up In Smoke, This Time The Owner Is A Hollywood Actress' Husband  https://t.co/pKL3icFsre Car Autos News", "likes_count": 0, "replies_count": 0, "retweets_count": 0, "hashtags": []}
{"id": 1008135049336762373, "date": "2018-06-16", "time": "19:51:40", "tweet": "@boosted_alfa @Tesla Please elaborate.", "likes_count": 0, "replies_count": 0, "retweets_count": 0, "hashtags": []}
{"id": 1008135027547410433, "date": "2018-06-16", "time": "19:51:35", "tweet": "Elon Musk tells Tesla employees that 'radical improvements' are needed to hit quarterly targets - CNBC  https://t.co/Ug2VSWh6UA", "likes_count": 0, "replies_count": 0, "retweets_count": 0, "hashtags": []}
{"id": 1008134974913024000, "date": "2018-06-16", "time": "19:51:22", "tweet": "@TeslaCharts Sorry, couldn't wait. Already bought solar &amp; so will many. It's what it is. Only about 5 million new roofs every year in the US alone. Lots of potential there. I assume many will be like me and buy EVs and solar to fuel them.  It will often be solar roofs or #Tesla panels. $tsla", "likes_count": 3, "replies_count": 3, "retweets_count": 0, "hashtags": ["tesla"]}
{"id": 1008134932257009664, "date": "2018-06-16", "time": "19:51:12", "tweet": "Actor Mary McCormack has shared video of her husband's Tesla car shooting flames   https://t.co/fSMC3hB293", "likes_count": 0, "replies_count": 0, "retweets_count": 0, "hashtags": []}
{"id": 1008134900875255809, "date": "2018-06-16", "time": "19:51:05", "tweet": "@jakebackpack @ezop2011 tesla was a natural communist!", "likes_count": 0, "replies_count": 0, "retweets_count": 0, "hashtags": []}
{"id": 1008134827416084480, "date": "2018-06-16", "time": "19:50:47", "tweet": "farts in a Tesla", "likes_count": 0, "replies_count": 0, "retweets_count": 0, "hashtags": []}
{"id": 1008134785628295169, "date": "2018-06-16", "time": "19:50:37", "tweet": "@youyouxue @elonmusk @Tesla Have you contacted the @NHTSAgov and the @NTSB ? Your experience matters", "likes_count": 12, "replies_count": 0, "retweets_count": 0, "hashtags": []}
{"id": 1008134713624682497, "date": "2018-06-16", "time": "19:50:20", "tweet": "@Keidi_Keating Good blues rock! Tesla, @rivalsons @GretaVanFleet @wolfmother ....", "likes_count": 0, "replies_count": 0, "retweets_count": 0, "hashtags": []}
{"id": 1008134672231084038, "date": "2018-06-16", "time": "19:50:10", "tweet": "\"Actor says husband's Tesla car shot flames in traffic\"  AP    https://t.co/DCWSr7EHru", "likes_count": 0, "replies_count": 0, "retweets_count": 0, "hashtags": []}
{"id": 1008134647887249408, "date": "2018-06-16", "time": "19:50:04", "tweet": "@jacob_leyba @marycmccormack @Tesla 🔥🔥", "likes_count": 0, "replies_count": 0, "retweets_count": 0, "hashtags": []}
{"id": 1008134637053304833, "date": "2018-06-16", "time": "19:50:02", "tweet": "(テスラ)TESLA レディース タンクトップ スポーツシャツ [UVカット・吸汗速乾] コンプレッションウェア パワーストレッチ アンダーウェア FUN74 / FUV06 TESLA(テスラ) (10) 新品： ￥ 999 - ￥ 1,390…  https://t.co/LMkVfNgwjn", "likes_count": 0, "replies_count": 0, "retweets_count": 0, "hashtags": []}
