{"id": 1000526958038482945, "date": "2018-05-26", "time": "19:59:50", "tweet": " https://t.co/eOrqUHfy3H New Brudne Gadki #BrudneGadki #DirtyTalk #TalkShow #Podcast #SoundCloud #NationalWineDay #Aliens #Tesla #Jaguar #Syria #JustinTrudeau #Canada #Canadian #Alphamale #Silverback #GranchDressing #GrantStys #YouTube  https://t.co/mAjS5uF04z  https://t.co/5ltikUeHeB", "likes_count": 0, "replies_count": 0, "retweets_count": 0, "hashtags": ["brudnegadki", "dirtytalk", "talkshow", "podcast", "soundcloud", "nationalwineday", "aliens", "tesla", "jaguar", "syria", "justintrudeau", "canada", "canadian", "alphamale", "silverback", "granchdressing", "grantstys", "youtube"]}
{"id": 1000526927839531009, "date": "2018-05-26", "time": "19:59:43", "tweet": "I feel like every convo I have with Stephon is convincing him not to get a Tesla 🤦🏾‍♀️", "likes_count": 1, "replies_count": 1, "retweets_count": 0, "hashtags": []}
{"id": 1000526833908092928, "date": "2018-05-26", "time": "19:59:20", "tweet": "@Louisbotelho17 @Jason @BretStephensNYT @Tesla Can we call it the Short Gazzette?", "likes_count": 1, "replies_count": 0, "retweets_count": 0, "hashtags": []}
{"id": 1000526788878110721, "date": "2018-05-26", "time": "19:59:10", "tweet": "elonmusk: AJemaineClement I was #elonmusk #spacex #tesla", "likes_count": 0, "replies_count": 0, "retweets_count": 0, "hashtags": ["elonmusk", "spacex", "tesla"]}
{"id": 1000526709496729601, "date": "2018-05-26", "time": "19:58:51", "tweet": "Tesla Agrees to Settle Class Action Suit Over 'Essentially Unusable' Autopilot Feature [Updated]  https://t.co/QgEdMK0Gbx via @gizmodo", "likes_count": 0, "replies_count": 0, "retweets_count": 0, "hashtags": []}
{"id": 1000526700478976003, "date": "2018-05-26", "time": "19:58:48", "tweet": "@elonmusk @AJemaineClement @Tesla 35k$ = 35k€?🤔", "likes_count": 0, "replies_count": 0, "retweets_count": 0, "hashtags": []}
{"id": 1000526655352340480, "date": "2018-05-26", "time": "19:58:38", "tweet": "🔹 En medio de la pobreza y el olvido, así fueron los últimos días de Nikola Tesla #Celebridades  https://t.co/99K2d75ONQ", "likes_count": 0, "replies_count": 1, "retweets_count": 0, "hashtags": ["celebridades"]}
{"id": 1000526635865661445, "date": "2018-05-26", "time": "19:58:33", "tweet": "Today's \"Paper-Clips : Staple News\" is out  https://t.co/FvmCRdWqbr #tesla #gigafactory", "likes_count": 0, "replies_count": 0, "retweets_count": 0, "hashtags": ["tesla", "gigafactory"]}
{"id": 1000526635865649153, "date": "2018-05-26", "time": "19:58:33", "tweet": "@shepkevin @JohnSmith_256 @elonmusk @omcintyre @CrampedEyes @SpaceX @Tesla @upulie Also. That is just messed up and... I cannot even start.", "likes_count": 2, "replies_count": 1, "retweets_count": 0, "hashtags": []}
{"id": 1000526489568366593, "date": "2018-05-26", "time": "19:57:58", "tweet": "@elonmusk @AJemaineClement When will you add „femtotechnologist“ to your twitter profile @elonmusk   By the way..when will @tesla announce the european prices in € for the #model3?🤔🇪🇺€", "likes_count": 3, "replies_count": 1, "retweets_count": 0, "hashtags": ["model3"]}
{"id": 1000526304129830912, "date": "2018-05-26", "time": "19:57:14", "tweet": "@elonmusk When will you add „femtotechnologist“ to your twitter profile @elonmusk   By the way..when will @tesla announce the european prices in € for the #model3?🤔🇪🇺€", "likes_count": 0, "replies_count": 0, "retweets_count": 0, "hashtags": ["model3"]}
{"id": 1000526300665270273, "date": "2018-05-26", "time": "19:57:13", "tweet": "I liked a @YouTube video  https://t.co/cTghpUwwqE FOUND $100,000 ABANDONED TESLA (Treasure Hunt Adventure Challenge)", "likes_count": 0, "replies_count": 0, "retweets_count": 0, "hashtags": []}
{"id": 1000526210600972289, "date": "2018-05-26", "time": "19:56:52", "tweet": "@teslanomicsco Now if we could only get to that video about how many moving parts there are in a Tesla that'd be awesome", "likes_count": 0, "replies_count": 0, "retweets_count": 0, "hashtags": []}
{"id": 1000526197741314048, "date": "2018-05-26", "time": "19:56:49", "tweet": "@shepkevin @JohnSmith_256 @elonmusk @omcintyre @CrampedEyes @SpaceX @Tesla @upulie He said... bullshit. So. I think I read pretty well what he said.", "likes_count": 1, "replies_count": 1, "retweets_count": 0, "hashtags": []}
{"id": 1000526117533466624, "date": "2018-05-26", "time": "19:56:29", "tweet": "@shepkevin @lavienoire @JohnSmith_256 @elonmusk @omcintyre @CrampedEyes @SpaceX @Tesla @upulie merchant.", "likes_count": 0, "replies_count": 0, "retweets_count": 0, "hashtags": []}
{"id": 1000525950839242752, "date": "2018-05-26", "time": "19:55:50", "tweet": "@DaveRamsey This guy also drives a Tesla, lives in a nice house in an expensive part of Utah, and has an Instagram devoted to lavish snowboarding and hiking trips...crazy! And I’m a #debtfree dentist that graduated the same year.  https://t.co/vb7StzjVZa", "likes_count": 1, "replies_count": 0, "retweets_count": 0, "hashtags": ["debtfree"]}
{"id": 1000525821512167429, "date": "2018-05-26", "time": "19:55:19", "tweet": "Mira, @epriani. Doy fe de que el Cúmulo de Tesla hace cosas magníficas.  https://t.co/E4qlCY4b1p", "likes_count": 7, "replies_count": 1, "retweets_count": 0, "hashtags": []}
{"id": 1000525747730173952, "date": "2018-05-26", "time": "19:55:01", "tweet": "I added a video to a @YouTube playlist  https://t.co/kJ7wPipOe7 Nikola Tesla &amp; The Great Pyramid of Giza - Lost Ancient Technology &amp;  https://t.co/kJ7wPipOe7", "likes_count": 1, "replies_count": 0, "retweets_count": 0, "hashtags": []}
{"id": 1000525742784966657, "date": "2018-05-26", "time": "19:55:00", "tweet": "@petit_elefant There's a girl named Tesla in my niece's kindergarten class.", "likes_count": 51, "replies_count": 5, "retweets_count": 3, "hashtags": []}
{"id": 1000525544776060928, "date": "2018-05-26", "time": "19:54:13", "tweet": "Tesla or Hellcat? 🤔🤫", "likes_count": 0, "replies_count": 0, "retweets_count": 0, "hashtags": []}
{"id": 1000525533145387009, "date": "2018-05-26", "time": "19:54:10", "tweet": "@lavienoire @JohnSmith_256 @elonmusk @omcintyre @CrampedEyes @SpaceX @Tesla @upulie Wrong again. He is merely making a joke about how nanotechnology is a broad term thats overused to make products andresearch look better to VCs and government grant offices.", "likes_count": 1, "replies_count": 3, "retweets_count": 0, "hashtags": []}
{"id": 1000525507736231936, "date": "2018-05-26", "time": "19:54:04", "tweet": "I'm not a huge fan of tesla but I changed my mind @HayloYT @AyeTylerYT I just found the perfect car I think I'm in love it's self driven too 💜💜💜and it's purple I need this  https://t.co/gPQKj73T8O", "likes_count": 0, "replies_count": 0, "retweets_count": 0, "hashtags": []}
{"id": 1000525276453814273, "date": "2018-05-26", "time": "19:53:09", "tweet": "Performance EVs “Tesla Duel-Motor Model 3”  https://t.co/7x5ryU1IRJ  https://t.co/iGhDmcmruN", "likes_count": 1, "replies_count": 0, "retweets_count": 0, "hashtags": []}
{"id": 1000525270053543936, "date": "2018-05-26", "time": "19:53:07", "tweet": "Ping @elonmusk Autopilot on @Tesla is working x% it can be &gt; X% when we learn more about automation and IMO it can be even more convenient if we change the way we build our roads and have proper standards for them to make them more autopilot friendly.", "likes_count": 2, "replies_count": 0, "retweets_count": 0, "hashtags": []}
{"id": 1000525157956546560, "date": "2018-05-26", "time": "19:52:41", "tweet": "So out of 269 million registered #vehicles in the US it is @Tesla that grabs the headlines about it's assisted-driving Autopilot which #Elon clearly states it is not #autonomousdriving Making this hinder the UPCOMING trend to move towards this #technology in ALL #vehicles  https://t.co/VumIBTuq3U", "likes_count": 0, "replies_count": 1, "retweets_count": 0, "hashtags": ["vehicles", "elon", "autonomousdriving", "technology", "vehicles"]}
{"id": 1000525139740684299, "date": "2018-05-26", "time": "19:52:36", "tweet": "@vaegalovesyou My favorite Vampire character would have to be Nikola Tesla from Sanctuary.  https://t.co/IG5VkkEFHI", "likes_count": 1, "replies_count": 0, "retweets_count": 0, "hashtags": []}
{"id": 1000525090809724928, "date": "2018-05-26", "time": "19:52:25", "tweet": "@elonmusk When recharging a Tesla vehicle, is there a way to see how many kws is drawn from the grid? Eg I arrive at my friend's house, I use his power for a recharge, and I can give him cash for the kws I used for a charge,  plus a few extra$ for the convenience.", "likes_count": 0, "replies_count": 0, "retweets_count": 0, "hashtags": []}
{"id": 1000525019833872384, "date": "2018-05-26", "time": "19:52:08", "tweet": "Tesla updates plans Supercharger locations for 2018-2019 expansion | Electrek  https://t.co/Vxwn17fH4L", "likes_count": 0, "replies_count": 0, "retweets_count": 0, "hashtags": []}
{"id": 1000524726261964802, "date": "2018-05-26", "time": "19:50:58", "tweet": "Tesla in Autopilot mode sped up before crashing - CTV News  https://t.co/WRAYVS3iC9", "likes_count": 0, "replies_count": 0, "retweets_count": 0, "hashtags": []}
{"id": 1000524686504153094, "date": "2018-05-26", "time": "19:50:48", "tweet": "Tesla Agrees to Settle Class Action Suit Over 'Essentially Unusable' Autopilot Feature [Updated]  https://t.co/fpfogcJsgQ", "likes_count": 0, "replies_count": 0, "retweets_count": 0, "hashtags": []}
{"id": 1000524624294240256, "date": "2018-05-26", "time": "19:50:33", "tweet": "@GreatAwakening0 @ElPolloDelSol @RacingCommander @teslainventory @Tesla @elonmusk It is for the reason of SCIENCE.", "likes_count": 0, "replies_count": 0, "retweets_count": 0, "hashtags": []}
{"id": 1000524549904109573, "date": "2018-05-26", "time": "19:50:16", "tweet": "My dream car is a Tesla.", "likes_count": 0, "replies_count": 0, "retweets_count": 0, "hashtags": []}
{"id": 1000524475824332800, "date": "2018-05-26", "time": "19:49:58", "tweet": "@lolitalilu @Tesla @Teslarati @elonmusk @foofighters I want one :( I wish I were you right now :( and I want Elon to notice me.. one day, one day I will make it! He will like, answer, or retweet my tweet!", "likes_count": 0, "replies_count": 0, "retweets_count": 0, "hashtags": []}
{"id": 1000524466055794690, "date": "2018-05-26", "time": "19:49:56", "tweet": "#ModelS #Tesla  https://t.co/y46G3UefMx", "likes_count": 0, "replies_count": 0, "retweets_count": 0, "hashtags": ["models", "tesla"]}
{"id": 1000524430118932480, "date": "2018-05-26", "time": "19:49:47", "tweet": "Disclaimer, lover of all things Nikola Tesla. That said, I couldn't remember who invented photography.  Did aGooglesearch and found 3 people in less than 10 min. This guys is one, in 1826 by Joseph Nicéphore Niépce, however there areothers.  WTH?!?", "likes_count": 0, "replies_count": 0, "retweets_count": 0, "hashtags": []}
{"id": 1000524419729625093, "date": "2018-05-26", "time": "19:49:45", "tweet": "@elonmusk has the right to question any reports that come out about his companys. This man risked a lot. People forget that they told him he couldn’t pay back money for @Tesla he did n some they said that he couldnt succeed with @SpaceX He did. Tell me again he can’t. 💯they mad", "likes_count": 1, "replies_count": 0, "retweets_count": 1, "hashtags": []}
{"id": 1000524410212806661, "date": "2018-05-26", "time": "19:49:42", "tweet": "@pwwojcik @teslainventory @Tesla @elonmusk If it is something hill, then the consumption will be negative due to regen. Something you cannot do in a fossil. 😋", "likes_count": 0, "replies_count": 0, "retweets_count": 0, "hashtags": []}
{"id": 1000524345108844545, "date": "2018-05-26", "time": "19:49:27", "tweet": "@Kempert_ @Klassh @elonmusk @TKhopshanosov @SaxMike71 @ebol94 @teslainventory @Tesla I can confirm that it works very well in under -25C. Have an Model x in Norway.", "likes_count": 3, "replies_count": 1, "retweets_count": 0, "hashtags": []}
{"id": 1000524227139723264, "date": "2018-05-26", "time": "19:48:59", "tweet": "@elonmusk I just received my Model 3 but it was a cluster in many ways.  Can I provide you feedback in a private email?  About to get Tesla solar and I’m hoping it goes better.", "likes_count": 0, "replies_count": 0, "retweets_count": 0, "hashtags": []}
{"id": 1000524179173765121, "date": "2018-05-26", "time": "19:48:47", "tweet": "@omcintyre @elonmusk @CrampedEyes @SpaceX @Tesla @upulie Do you have any specific examples of @elonmusk treating women badly?", "likes_count": 0, "replies_count": 0, "retweets_count": 0, "hashtags": []}
{"id": 1000524015729979392, "date": "2018-05-26", "time": "19:48:08", "tweet": "Elon Musk says Tesla will offer a unique news service with all statements of fact vetted personally by Musk.  https://t.co/NpfeJkp9v6", "likes_count": 1, "replies_count": 1, "retweets_count": 0, "hashtags": []}
{"id": 1000524008465543171, "date": "2018-05-26", "time": "19:48:07", "tweet": "@shepkevin @JohnSmith_256 @elonmusk @omcintyre @CrampedEyes @SpaceX @Tesla @upulie Well, he has obvious problems with basic principles and. Molecular biology. Apparently.", "likes_count": 4, "replies_count": 1, "retweets_count": 0, "hashtags": []}
{"id": 1000523979013079041, "date": "2018-05-26", "time": "19:48:00", "tweet": "@v_g_fischer @Tesla @Teslarati @elonmusk @foofighters I bought him the supercharger phone charger about a month ago knowing I was going to give it to him when he got the car. He got the mini Tesla at the dealership when he signed the paperwork.", "likes_count": 1, "replies_count": 1, "retweets_count": 0, "hashtags": []}
{"id": 1000523951032930309, "date": "2018-05-26", "time": "19:47:53", "tweet": "@Klassh @elonmusk @TKhopshanosov @SaxMike71 @ebol94 @teslainventory @Tesla The colder, the longer the battery life but lower performance. Thermal management will warm up the pack to make sure it delivers best performance when driving. You do lose little bit range but no more than 20%(better than gas cars).", "likes_count": 0, "replies_count": 0, "retweets_count": 0, "hashtags": []}
{"id": 1000523877452271616, "date": "2018-05-26", "time": "19:47:35", "tweet": "I’m looking forward to seeing th RedPill Tesla on the roads in 2019  https://t.co/l0VKh082EP", "likes_count": 18, "replies_count": 2, "retweets_count": 3, "hashtags": []}
{"id": 1000523860909817856, "date": "2018-05-26", "time": "19:47:31", "tweet": "If she don't ride better than a tesla she a thöt brother -HH", "likes_count": 0, "replies_count": 0, "retweets_count": 0, "hashtags": []}
{"id": 1000523803280265216, "date": "2018-05-26", "time": "19:47:18", "tweet": "Wait until you hear about the Young Tesla Pioneers  https://t.co/LSTsKpBSuA", "likes_count": 0, "replies_count": 0, "retweets_count": 0, "hashtags": []}
{"id": 1000523801346674688, "date": "2018-05-26", "time": "19:47:17", "tweet": "@elonmusk feature request: please add a buffered / dash cam security camera feature to Tesla’s so that we can use the cameras the car already has to catch these people smashing windows.", "likes_count": 0, "replies_count": 0, "retweets_count": 0, "hashtags": []}
{"id": 1000523720744550401, "date": "2018-05-26", "time": "19:46:58", "tweet": "@FabioRusso1986 @upulie @elonmusk @omcintyre @CrampedEyes @SpaceX @Tesla Shut up. She takes herself appropriately seriously", "likes_count": 2, "replies_count": 0, "retweets_count": 0, "hashtags": []}
{"id": 1000523686137552898, "date": "2018-05-26", "time": "19:46:50", "tweet": "Bicho um Tesla Model S custa 74,5 mil dólares. Aqui no Brasil o mesmo carro custa 745 MIL REAIS. Brasileiro é tudo otário mesmo tem que faltar comida no ceasa mesmo", "likes_count": 0, "replies_count": 0, "retweets_count": 1, "hashtags": []}
{"id": 1000523683918761984, "date": "2018-05-26", "time": "19:46:49", "tweet": "@MitchClarkeMMA @Tesla @jeremypiven We ran the numbers, if you can get one 2 years old, you can make those payments and not have a gas bill and not have much vehicle maintenance at all-and you can #SuperCharge it for free. 👍 Bonus Points if you have a “friend” that goes to the local auto auction!", "likes_count": 0, "replies_count": 0, "retweets_count": 0, "hashtags": ["supercharge"]}
{"id": 1000523618475020288, "date": "2018-05-26", "time": "19:46:34", "tweet": "@lavienoire @JohnSmith_256 @elonmusk @omcintyre @CrampedEyes @SpaceX @Tesla @upulie Musk IS a real scientist. Physics, engineering and battery science IS science. He is also part of the royal society. You couldn’t be more wrong.", "likes_count": 2, "replies_count": 2, "retweets_count": 0, "hashtags": []}
{"id": 1000523590855479297, "date": "2018-05-26", "time": "19:46:27", "tweet": "Here's what you get when you buy Tesla's $35000 Model 3  https://t.co/du7CEPp2Tx", "likes_count": 0, "replies_count": 0, "retweets_count": 0, "hashtags": []}
{"id": 1000523577949597696, "date": "2018-05-26", "time": "19:46:24", "tweet": "o Pokémon grimer evolui para o Pokémon muk a cantora grimes está namorando o ceo da tesla elon musk... coincidência? acho que não...  https://t.co/keO4Z4xT6m", "likes_count": 6, "replies_count": 1, "retweets_count": 0, "hashtags": []}
{"id": 1000523366661611521, "date": "2018-05-26", "time": "19:45:34", "tweet": "Nazım'ın Piraye'ye yaptıklarını, Edison'un Tesla'ya attığı kazığı ve senin bana yaşattıklarını unutamıyorum.", "likes_count": 10, "replies_count": 0, "retweets_count": 1, "hashtags": []}
{"id": 1000523285384384515, "date": "2018-05-26", "time": "19:45:14", "tweet": "@lolitalilu @Tesla @Teslarati @elonmusk @foofighters I want one, but they are sold out!", "likes_count": 0, "replies_count": 1, "retweets_count": 0, "hashtags": []}
{"id": 1000523256774975488, "date": "2018-05-26", "time": "19:45:07", "tweet": "Elon Musk says Tesla will offer a dual all-wheel-drive option for the Model 3  https://t.co/GwYlUVl4GV", "likes_count": 3, "replies_count": 2, "retweets_count": 0, "hashtags": []}
{"id": 1000523224013144064, "date": "2018-05-26", "time": "19:45:00", "tweet": "@CatChillout @upulie @elonmusk @omcintyre @CrampedEyes @SpaceX @Tesla A new world of excitement awaits you on Spud Prime", "likes_count": 0, "replies_count": 0, "retweets_count": 0, "hashtags": []}
{"id": 1000523219105824773, "date": "2018-05-26", "time": "19:44:58", "tweet": "СМИ узнали подробности ДТП с участием электромобиля Tesla на автопилоте", "likes_count": 0, "replies_count": 0, "retweets_count": 0, "hashtags": []}
{"id": 1000523188088926209, "date": "2018-05-26", "time": "19:44:51", "tweet": "@upulie @FabioRusso1986 @elonmusk @omcintyre @CrampedEyes @SpaceX @Tesla I'll be ok. Don't give up on your dreams. 🎪", "likes_count": 1, "replies_count": 0, "retweets_count": 0, "hashtags": []}
