{"id": 995453351180484608, "date": "2018-05-12", "time": "19:59:08", "tweet": "@elonmusk Up here in Humboldt County Eureka, CA we have expensive transport and our businesses suffer higher costs because of it. We need your @Tesla semi's to lower costs and influence more businesses to sell here. I believe this problem is common throughout America and Earth.", "likes_count": 0, "replies_count": 0, "retweets_count": 0, "hashtags": []}
{"id": 995453317978337280, "date": "2018-05-12", "time": "19:59:00", "tweet": "via @engadget Tesla's key safety contact leaves for Waymo  https://t.co/GmlTGlSDri", "likes_count": 0, "replies_count": 0, "retweets_count": 0, "hashtags": []}
{"id": 995453268124950529, "date": "2018-05-12", "time": "19:58:48", "tweet": "@cfleming34 @rodneygiles @mwenn1 @ElectrekCo @Tesla @FredericLambert Couldn't agree more C. Andrew. I know their not going under but I see Ford going after them. Looks like they are preparing to do so....and they are the furthest behing. Ignore these closed minded short sellers?", "likes_count": 0, "replies_count": 1, "retweets_count": 0, "hashtags": []}
{"id": 995453171576332289, "date": "2018-05-12", "time": "19:58:25", "tweet": "@GuideLive @Tesla @shakeshack @sugarfina @TrueFoodKitch @Frontgate @LegacyFoodHall @sblaskovich ❤️", "likes_count": 0, "replies_count": 0, "retweets_count": 0, "hashtags": []}
{"id": 995452843535544320, "date": "2018-05-12", "time": "19:57:07", "tweet": "En medio de la pobreza y el olvido, así fueron los últimos días de Nikola Tesla    https://t.co/5vKFEcuMqY", "likes_count": 0, "replies_count": 0, "retweets_count": 0, "hashtags": []}
{"id": 995452821066665984, "date": "2018-05-12", "time": "19:57:01", "tweet": "Tesla with Autopilot slams into truck stopped at red light  https://t.co/gaTdwjap2S", "likes_count": 0, "replies_count": 1, "retweets_count": 0, "hashtags": []}
{"id": 995452805874900992, "date": "2018-05-12", "time": "19:56:58", "tweet": "@slinkyjohnny não é preguiça de ouvir ou assistir algo e entender, mas sim de fã pedante muita gente que zuava de qi e de rick &amp; morty gostava da série mas zuava pq os fãs eram chatos e achavam que tinham a inteligência do tesla", "likes_count": 0, "replies_count": 0, "retweets_count": 0, "hashtags": []}
{"id": 995452750120017921, "date": "2018-05-12", "time": "19:56:44", "tweet": "@BenedictEvans @stevesi @Jonwestenberg Well I guess Tesla's big differentiator is that it's a religion. They sell dollars for 70 cents. I'd like to see Ford getting away with that.", "likes_count": 0, "replies_count": 0, "retweets_count": 0, "hashtags": []}
{"id": 995452735662239748, "date": "2018-05-12", "time": "19:56:41", "tweet": "@rodneygiles @ElectrekCo @Tesla @FredericLambert Sad to read all these comments of jeliousy. Can't see past your own nose....pathetic.", "likes_count": 0, "replies_count": 0, "retweets_count": 0, "hashtags": []}
{"id": 995452725201686532, "date": "2018-05-12", "time": "19:56:38", "tweet": "2016: the year that people found out that Tesla teleportation had been achieved 50 years ago by DARPA and classified ever since ...", "likes_count": 0, "replies_count": 0, "retweets_count": 0, "hashtags": []}
{"id": 995452702984466433, "date": "2018-05-12", "time": "19:56:33", "tweet": "AND GUYS IT GETS WORSE!  6 months after his death, the Supreme Court ruled that patents to Marconi's wireless devi've didn't belong to him, they belonged to Tesla!! 😭😭😭😭", "likes_count": 1, "replies_count": 0, "retweets_count": 0, "hashtags": []}
{"id": 995452693102645248, "date": "2018-05-12", "time": "19:56:31", "tweet": "Tesla Executive Leaves for Rival Waymo: Matthew Schwall, the director of field performance…  https://t.co/IKklcXx7Ub", "likes_count": 0, "replies_count": 0, "retweets_count": 0, "hashtags": []}
{"id": 995452690049232901, "date": "2018-05-12", "time": "19:56:30", "tweet": "Tesla's key safety contact leaves for Waymo: Tesla's executive team isn't done with turmoil…  https://t.co/xwcf1lSgJj", "likes_count": 0, "replies_count": 0, "retweets_count": 0, "hashtags": []}
{"id": 995452678573576192, "date": "2018-05-12", "time": "19:56:27", "tweet": "1 tesla = 1 weber / meter^2 = 1 newton / (ampere * meter)", "likes_count": 0, "replies_count": 0, "retweets_count": 0, "hashtags": []}
{"id": 995452626790580224, "date": "2018-05-12", "time": "19:56:15", "tweet": "Tesla Executive Leaves for Rival Waymo  https://t.co/Ps0p95qu51  https://t.co/xXXT97jZwt", "likes_count": 0, "replies_count": 0, "retweets_count": 0, "hashtags": []}
{"id": 995452585548111875, "date": "2018-05-12", "time": "19:56:05", "tweet": "My Tesla model 3 will be delivered on May 22nd. I can’t wait to drive it. My dream car in on the way!!!!", "likes_count": 0, "replies_count": 0, "retweets_count": 0, "hashtags": []}
{"id": 995452427703742464, "date": "2018-05-12", "time": "19:55:28", "tweet": "@elonmusk @RitaJKing By Moore's law the bizarre will double next year.  We might be worshiping an orbiting Tesla.", "likes_count": 1, "replies_count": 0, "retweets_count": 0, "hashtags": []}
{"id": 995452411891331073, "date": "2018-05-12", "time": "19:55:24", "tweet": "Tesla Govt Leaves for Alphabet Self-Driving-Automobile Unit Waymo  https://t.co/b8GsVFmXSX", "likes_count": 0, "replies_count": 0, "retweets_count": 0, "hashtags": []}
{"id": 995452387287445504, "date": "2018-05-12", "time": "19:55:18", "tweet": "Tesla Executive Leaves for Rival Waymo  https://t.co/oU6X2WaCKP  https://t.co/fa0PzRwYG5", "likes_count": 0, "replies_count": 0, "retweets_count": 0, "hashtags": []}
{"id": 995452378529845249, "date": "2018-05-12", "time": "19:55:16", "tweet": "@ByronVegaCh ¡Mi tesla está ahí! Me lo paso muy bien jugando contigo 😘", "likes_count": 1, "replies_count": 1, "retweets_count": 0, "hashtags": []}
{"id": 995452323605504000, "date": "2018-05-12", "time": "19:55:03", "tweet": "\"Panasonic executives reportedly cautious about future Tesla commitments\"  https://t.co/F5vofIFLTi #EV #batteries #partnership #strategy #market", "likes_count": 2, "replies_count": 0, "retweets_count": 0, "hashtags": ["ev", "batteries", "partnership", "strategy", "market"]}
{"id": 995452321076162560, "date": "2018-05-12", "time": "19:55:02", "tweet": "Reddit: Tesla with Autopilot slams into truck stopped at red light  https://t.co/COPjWBVNQt  https://t.co/hc9xtLpvTs", "likes_count": 0, "replies_count": 0, "retweets_count": 0, "hashtags": []}
{"id": 995452283532992512, "date": "2018-05-12", "time": "19:54:53", "tweet": "Tesla Supercharger network grows at record pace in 2018 as competition heats up  https://t.co/oSo1Lf3oBi", "likes_count": 0, "replies_count": 0, "retweets_count": 0, "hashtags": []}
{"id": 995452150208782338, "date": "2018-05-12", "time": "19:54:21", "tweet": "Salwan Georges/The Washington Post via Getty Images  Tesla's executive team isn't done with turmoil following the loss of its Autopilot chief and its engineering lead's sabbatical.  The electric car...  https://t.co/QTVuaznlga", "likes_count": 0, "replies_count": 0, "retweets_count": 0, "hashtags": []}
{"id": 995452145095888896, "date": "2018-05-12", "time": "19:54:20", "tweet": "@TomFawkes Hold it. You getting a Tesla car!? Cool. I actually forgot you needed a new one.", "likes_count": 0, "replies_count": 0, "retweets_count": 0, "hashtags": []}
{"id": 995452144177373186, "date": "2018-05-12", "time": "19:54:20", "tweet": "@Nadir12544116 @elonmusk Ok du coup, laisse moi faire ma Tesla model Cardboard", "likes_count": 0, "replies_count": 2, "retweets_count": 0, "hashtags": []}
{"id": 995452133439885312, "date": "2018-05-12", "time": "19:54:17", "tweet": "Tesla's key safety contact leaves for Waymo  https://t.co/ZIseuLlzNB", "likes_count": 0, "replies_count": 0, "retweets_count": 0, "hashtags": []}
{"id": 995452097960132608, "date": "2018-05-12", "time": "19:54:09", "tweet": "I love how @elonmusk gets crap from analysts, so in retaliation purchases another $9.85m of @Tesla Stock #LikeABoss", "likes_count": 0, "replies_count": 0, "retweets_count": 0, "hashtags": ["likeaboss"]}
{"id": 995452096840282113, "date": "2018-05-12", "time": "19:54:09", "tweet": "The stunning numbers behind success of Tesla big battery : RenewEconomy  https://t.co/zpR1H7RUio", "likes_count": 0, "replies_count": 0, "retweets_count": 0, "hashtags": []}
{"id": 995452067480252418, "date": "2018-05-12", "time": "19:54:02", "tweet": "Tesla with Autopilot slams into truck stopped at red light  https://t.co/b7SsbFE8dY", "likes_count": 5, "replies_count": 2, "retweets_count": 9, "hashtags": []}
{"id": 995452016653725697, "date": "2018-05-12", "time": "19:53:50", "tweet": "Член руководства Tesla перешел к конкурентам после ДТП с электрокаром | Новости | Известия | 13.05.2018  https://t.co/jCi5Yf8Ca0", "likes_count": 0, "replies_count": 0, "retweets_count": 0, "hashtags": []}
{"id": 995451854388695040, "date": "2018-05-12", "time": "19:53:11", "tweet": "Tesla Solar Roof: 8 Things You Don't Realize Until You Own One  https://t.co/tnWnpyOZm7", "likes_count": 0, "replies_count": 0, "retweets_count": 0, "hashtags": []}
{"id": 995451779641901056, "date": "2018-05-12", "time": "19:52:53", "tweet": "So. Nikola Tesla's last days were hella fecking sad &amp; yep, a documentary just made me cry.  He had no family, no friends, he literally just went to the park to feed pigeons as an old man, and not long after his favorite pigeon died, he died alone in his hotel room at 86.😭😭😭😭", "likes_count": 4, "replies_count": 3, "retweets_count": 0, "hashtags": []}
{"id": 995451670686588928, "date": "2018-05-12", "time": "19:52:27", "tweet": "Член руководства Tesla перешел  https://t.co/06n0jBTmHi  https://t.co/OBldQcpace", "likes_count": 0, "replies_count": 0, "retweets_count": 0, "hashtags": []}
{"id": 995451657931681792, "date": "2018-05-12", "time": "19:52:24", "tweet": "Tesla's key safety contact leaves for Waymo  https://t.co/kP2c9qh78F #technology", "likes_count": 0, "replies_count": 0, "retweets_count": 0, "hashtags": ["technology"]}
{"id": 995451647886315520, "date": "2018-05-12", "time": "19:52:22", "tweet": "Salwan Georges/The Washington Post via Getty Images  Tesla's executive team isn't done with turmoil following the loss of its Autopilot chief and its engineering lead's sabbatical.  The electric car...  https://t.co/fOKRISNM82", "likes_count": 0, "replies_count": 0, "retweets_count": 0, "hashtags": []}
{"id": 995451389584334848, "date": "2018-05-12", "time": "19:51:20", "tweet": "Tesla makes me happy", "likes_count": 0, "replies_count": 0, "retweets_count": 0, "hashtags": []}
{"id": 995451350233305093, "date": "2018-05-12", "time": "19:51:11", "tweet": "Tesla's key safety contact leaves for Waymo  https://t.co/MFagVfsbEG", "likes_count": 0, "replies_count": 0, "retweets_count": 0, "hashtags": []}
{"id": 995451337763688448, "date": "2018-05-12", "time": "19:51:08", "tweet": "Tesla's key safety contact leaves for Waymo  https://t.co/eJ2YeiAUFy via Engadget", "likes_count": 0, "replies_count": 0, "retweets_count": 0, "hashtags": []}
{"id": 995451317085659136, "date": "2018-05-12", "time": "19:51:03", "tweet": "Tesla's key safety contact leaves for Waymo  https://t.co/rh8ITtYQdd", "likes_count": 0, "replies_count": 0, "retweets_count": 0, "hashtags": []}
{"id": 995451315097554944, "date": "2018-05-12", "time": "19:51:02", "tweet": "Tesla with Autopilot slams into truck stopped at red light  https://t.co/rtM7dAiBRV  https://t.co/Pnxa5CMDEE", "likes_count": 0, "replies_count": 0, "retweets_count": 1, "hashtags": []}
{"id": 995451310966108160, "date": "2018-05-12", "time": "19:51:01", "tweet": "Tesla's key safety contact leaves for Waymo  https://t.co/PdLwHAhQae", "likes_count": 0, "replies_count": 0, "retweets_count": 0, "hashtags": []}
{"id": 995451310223769600, "date": "2018-05-12", "time": "19:51:01", "tweet": "Tesla's key safety contact leaves for Waymo  https://t.co/QSf0d81yVK", "likes_count": 0, "replies_count": 0, "retweets_count": 0, "hashtags": []}
{"id": 995451309691027457, "date": "2018-05-12", "time": "19:51:01", "tweet": "Tesla's key safety contact leaves for Waymo  https://t.co/9ZhlCCBdlh", "likes_count": 0, "replies_count": 0, "retweets_count": 0, "hashtags": []}
{"id": 995451309238054913, "date": "2018-05-12", "time": "19:51:01", "tweet": "Tesla's key safety contact leaves for Waymo  https://t.co/uYR1xfRlde", "likes_count": 0, "replies_count": 0, "retweets_count": 0, "hashtags": []}
{"id": 995451195123740673, "date": "2018-05-12", "time": "19:50:34", "tweet": "Tesla Executive Leaves for Rival Waymo  https://t.co/UE9CDrFpT8", "likes_count": 0, "replies_count": 0, "retweets_count": 0, "hashtags": []}
{"id": 995451169324617728, "date": "2018-05-12", "time": "19:50:28", "tweet": "@Ed_TechSource Tesla", "likes_count": 0, "replies_count": 0, "retweets_count": 0, "hashtags": []}
{"id": 995451136185393153, "date": "2018-05-12", "time": "19:50:20", "tweet": "Tesla Govt Leaves for Alphabet Self-Driving-Automobile Unit Waymo  https://t.co/FFBYuoxTwy", "likes_count": 0, "replies_count": 0, "retweets_count": 0, "hashtags": []}
{"id": 995451119555022848, "date": "2018-05-12", "time": "19:50:16", "tweet": "Tesla’s key safety contact leaves for Waymo  https://t.co/TORU9F9WXv  https://t.co/mZXZ0BjgDI", "likes_count": 0, "replies_count": 0, "retweets_count": 0, "hashtags": []}
{"id": 995451055512137728, "date": "2018-05-12", "time": "19:50:00", "tweet": "It's unclear whether the Autopilot feature was engaged on the Tesla Model S  https://t.co/VrMWf78qv4", "likes_count": 8, "replies_count": 0, "retweets_count": 5, "hashtags": []}
{"id": 995451051779153920, "date": "2018-05-12", "time": "19:49:59", "tweet": "#Tesla's key safety contact leaves for Waymo  https://t.co/55vjE8N8PH  https://t.co/08Afl8i5tj", "likes_count": 0, "replies_count": 0, "retweets_count": 0, "hashtags": ["tesla"]}
{"id": 995451050156085248, "date": "2018-05-12", "time": "19:49:59", "tweet": "US Army could have self-driving vehicles on battlefield long before Tesla and U...  https://t.co/KQhw6E6OLl #autonomousCar #selfDrivingCar", "likes_count": 0, "replies_count": 0, "retweets_count": 1, "hashtags": ["autonomouscar", "selfdrivingcar"]}
{"id": 995451008309342208, "date": "2018-05-12", "time": "19:49:49", "tweet": "IM LOOKING AT YOU JEANNE, JALTER, NERO BRIDE, BRYN, TESLA, AND NOW KINTOKI", "likes_count": 0, "replies_count": 1, "retweets_count": 0, "hashtags": []}
{"id": 995450967008169984, "date": "2018-05-12", "time": "19:49:39", "tweet": "#FFD365 #Aktuell - Feuer in Batterie des „Model S“ von Tesla tötet zwei Teenager  https://t.co/4F4o1wkb9B", "likes_count": 0, "replies_count": 0, "retweets_count": 0, "hashtags": ["ffd365", "aktuell"]}
{"id": 995450960687370241, "date": "2018-05-12", "time": "19:49:38", "tweet": "Tesla Executive Leaves for Alphabet Self-Driving-Car Unit Waymo (by dcgudeman)  https://t.co/zqpo70BYiV", "likes_count": 0, "replies_count": 0, "retweets_count": 0, "hashtags": []}
{"id": 995450874909614080, "date": "2018-05-12", "time": "19:49:17", "tweet": "Tesla Executive Leaves for Rival Waymo  https://t.co/8h0VMpQo3M", "likes_count": 0, "replies_count": 0, "retweets_count": 0, "hashtags": []}
{"id": 995450870383955968, "date": "2018-05-12", "time": "19:49:16", "tweet": "“Introducing the Tesla model 4. Our brand new lithium fused battery is designed for long lasting durability. Also, it comes in two designs, black, and white with Pete wentz’s face across the hood and driver side door.”", "likes_count": 2, "replies_count": 0, "retweets_count": 0, "hashtags": []}
{"id": 995450831448272896, "date": "2018-05-12", "time": "19:49:07", "tweet": "Tesla with Autopilot slams into truck stopped at red light  https://t.co/TjF0pKsAfv", "likes_count": 0, "replies_count": 0, "retweets_count": 0, "hashtags": []}
{"id": 995450815425867776, "date": "2018-05-12", "time": "19:49:03", "tweet": "Tesla with Autopilot slams into truck stopped at red light  https://t.co/vIXTsE8LOZ", "likes_count": 0, "replies_count": 0, "retweets_count": 0, "hashtags": []}
{"id": 995450794987077637, "date": "2018-05-12", "time": "19:48:58", "tweet": "Tesla's Chief of Engineering team is taking a leave of absence at a crucial moment for the company   https://t.co/Ne7xpCYZ6S", "likes_count": 1, "replies_count": 0, "retweets_count": 0, "hashtags": []}
{"id": 995450770681102336, "date": "2018-05-12", "time": "19:48:52", "tweet": "@ularocketman @free_return @daniel332333 @SpaceX @elonmusk @Tesla I swear the industry consensus was that the stage wouldn’t be able to survive reentry and would break apart? It’s easy to say the engineering is easy when ULA nor any other entity apart from space x has recovered and reused an orbital class booster", "likes_count": 0, "replies_count": 1, "retweets_count": 0, "hashtags": []}
{"id": 995450732684939265, "date": "2018-05-12", "time": "19:48:43", "tweet": "I liked a @YouTube video  https://t.co/ZsVgAIgwVG Tesla 2018", "likes_count": 0, "replies_count": 0, "retweets_count": 0, "hashtags": []}
{"id": 995450663600558081, "date": "2018-05-12", "time": "19:48:27", "tweet": "Il 1953 è buono per la storia La realtà è che molti non sanno che Mattarella sia il presidente della Repubblica. Gli imbecillotti 2.0 se ne fottono di Einaudi e pensano più a Tesla .  https://t.co/piTTQlbQau", "likes_count": 0, "replies_count": 0, "retweets_count": 0, "hashtags": []}
{"id": 995450657208487936, "date": "2018-05-12", "time": "19:48:25", "tweet": "Tesla Executive Leaves for Alphabet Self-Driving-Car Unit Waymo  https://t.co/kQ4CBgUn2a", "likes_count": 0, "replies_count": 0, "retweets_count": 0, "hashtags": []}
{"id": 995450642821939201, "date": "2018-05-12", "time": "19:48:22", "tweet": "Tesla Engineering Chief Takes Break After Elon Musk Brushed Him Aside  https://t.co/mYL9Gc1irh", "likes_count": 0, "replies_count": 0, "retweets_count": 0, "hashtags": []}
{"id": 995450627672215552, "date": "2018-05-12", "time": "19:48:18", "tweet": "Tesla 2018  https://t.co/NRBCon34wu vía @YouTube", "likes_count": 0, "replies_count": 0, "retweets_count": 0, "hashtags": []}
{"id": 995450581530632192, "date": "2018-05-12", "time": "19:48:07", "tweet": "Good version of the greatest song ever.   TESLA | \"Signs\" | Live at The Loop  https://t.co/k49auJ7lUL via @YouTube  #onpoli", "likes_count": 0, "replies_count": 0, "retweets_count": 1, "hashtags": ["onpoli"]}
{"id": 995450473422483462, "date": "2018-05-12", "time": "19:47:42", "tweet": "@jalenramsey Tesla time", "likes_count": 0, "replies_count": 0, "retweets_count": 0, "hashtags": []}
{"id": 995450354241277952, "date": "2018-05-12", "time": "19:47:13", "tweet": "Tesla Executive Leaves for Alphabet Self-Driving-Car Unit Waymo - Wall Street Journal", "likes_count": 0, "replies_count": 0, "retweets_count": 0, "hashtags": []}
{"id": 995450339896778752, "date": "2018-05-12", "time": "19:47:10", "tweet": "Tesla's key safety contact leaves for Waymo  https://t.co/Vi6uEsYcZb", "likes_count": 0, "replies_count": 0, "retweets_count": 0, "hashtags": []}
{"id": 995450336847585282, "date": "2018-05-12", "time": "19:47:09", "tweet": "Tesla's key safety contact leaves for Waymo: Tesla's executive team isn't done with turmoil following the loss of its Autopilot chief and its engineering lead's...  https://t.co/raqDAw6fPe", "likes_count": 0, "replies_count": 0, "retweets_count": 0, "hashtags": []}
{"id": 995450332930068480, "date": "2018-05-12", "time": "19:47:08", "tweet": "Tesla's key safety contact leaves for Waymo Tesla's executive team isn't done with turmoil following the loss of its Autopilot chief and its engineering lead's sabbatical. The electric car maker's \"primary technical contact\" with American safety regulato…  https://t.co/DamlQpbpn6", "likes_count": 0, "replies_count": 0, "retweets_count": 0, "hashtags": []}
{"id": 995450326198243328, "date": "2018-05-12", "time": "19:47:06", "tweet": "Tesla's key safety contact leaves for Waymo  https://t.co/paEroHLkn9", "likes_count": 0, "replies_count": 0, "retweets_count": 0, "hashtags": []}
{"id": 995450323874566145, "date": "2018-05-12", "time": "19:47:06", "tweet": "@Tesla engineering chief Doug Field takes leave of absence at pivotal moment, according to @WSJ.  Will Tesla meet its lofty production goals?  https://t.co/tmVr0kXPzv", "likes_count": 0, "replies_count": 0, "retweets_count": 0, "hashtags": []}
{"id": 995450298888957952, "date": "2018-05-12", "time": "19:47:00", "tweet": "Tesla's key safety contact leaves for Waymo  https://t.co/jIGdCKP6qG  https://t.co/rQ5YKR0XGI", "likes_count": 0, "replies_count": 0, "retweets_count": 0, "hashtags": []}
{"id": 995450298108805120, "date": "2018-05-12", "time": "19:47:00", "tweet": "#Video Así quedó el auto marca Tesla del joven venezolano que murió en Florida-  https://t.co/CBidMeipSn  https://t.co/9s6Fo0b2ZA", "likes_count": 0, "replies_count": 0, "retweets_count": 4, "hashtags": ["video"]}
{"id": 995450289804066816, "date": "2018-05-12", "time": "19:46:58", "tweet": "Tesla's key safety contact leaves for Waymo  https://t.co/W13cujmCEU  https://t.co/fH8WtWEQIf", "likes_count": 0, "replies_count": 0, "retweets_count": 0, "hashtags": []}
{"id": 995450288076013568, "date": "2018-05-12", "time": "19:46:57", "tweet": "Tesla's key safety contact leaves for Waymo  https://t.co/AwLW4TUpMc  https://t.co/bttxBNRFFe", "likes_count": 0, "replies_count": 0, "retweets_count": 0, "hashtags": []}
{"id": 995450279704150016, "date": "2018-05-12", "time": "19:46:55", "tweet": "Tesla's key safety contact leaves for Waymo  https://t.co/i2O2E0W5zL  https://t.co/G9XhrWBm2N", "likes_count": 0, "replies_count": 0, "retweets_count": 0, "hashtags": []}
{"id": 995450256035790848, "date": "2018-05-12", "time": "19:46:50", "tweet": "Tesla's key safety contact leaves for Waymo  https://t.co/rCHlMDzl6c  https://t.co/zu7b3krWTi", "likes_count": 0, "replies_count": 0, "retweets_count": 0, "hashtags": []}
{"id": 995450166357446656, "date": "2018-05-12", "time": "19:46:28", "tweet": "Has Tesla Gone Too Far?  https://t.co/6jvAtERarA vía @YouTube", "likes_count": 0, "replies_count": 0, "retweets_count": 0, "hashtags": []}
{"id": 995450157478043648, "date": "2018-05-12", "time": "19:46:26", "tweet": "\"Mr. Schwall began at Waymo last Monday, where he joined the company’s safety team led by former National Highway Traffic Safety Administration Deputy Administrator Ron Medford\"  Tesla Executive Leaves for Rival Waymo $TSLA  https://t.co/eWKCVeFM8o", "likes_count": 4, "replies_count": 2, "retweets_count": 0, "hashtags": []}
{"id": 995450130714234880, "date": "2018-05-12", "time": "19:46:20", "tweet": "Tesla's key safety contact leaves for Waymo Tesla's executive team isn't done with turmoil following the loss of its Autopilot chief and its engineering lead's sabbatical. The electric car maker's...  https://t.co/4HZf79NBT5", "likes_count": 0, "replies_count": 0, "retweets_count": 0, "hashtags": []}
{"id": 995450130617847809, "date": "2018-05-12", "time": "19:46:20", "tweet": "Tesla's key safety contact leaves for Waymo  https://t.co/JT9IeJHRwc Tesla's executive team isn't done with turmoil following the loss of its Autopilot chief and its engineering lead's sabbatical. The electric car maker's \"primary technical contact\" with American safety regulato…  https://t.co/1e7RBX9aa8", "likes_count": 0, "replies_count": 0, "retweets_count": 0, "hashtags": []}
{"id": 995450115677720576, "date": "2018-05-12", "time": "19:46:16", "tweet": "Tesla's key safety contact leaves for Waymo  https://t.co/JT9IeJHRwc                         Salwan Georges/The Washington Post via Getty Images  Tesla's executive team isn't done with turmoil following the loss of its Autopilot chief and its engineering lead's sabbatical.  The …  https://t.co/HhNh4GrwVd", "likes_count": 0, "replies_count": 0, "retweets_count": 0, "hashtags": []}
{"id": 995450113836253184, "date": "2018-05-12", "time": "19:46:16", "tweet": "Tesla in fatal crash was altered to limit its top speed, victim's aunt says  https://t.co/uwbC0xnOSr", "likes_count": 0, "replies_count": 0, "retweets_count": 0, "hashtags": []}
{"id": 995450058240749568, "date": "2018-05-12", "time": "19:46:03", "tweet": "Tesla's key safety contact leaves for Waymo  https://t.co/QaaqX8HQNp  https://t.co/sMrhO8dNLA", "likes_count": 0, "replies_count": 0, "retweets_count": 0, "hashtags": []}
{"id": 995450055610925056, "date": "2018-05-12", "time": "19:46:02", "tweet": "Tesla Executive Leaves for Alphabet Self-Driving-Car Unit Waymo - Wall Street Journal  https://t.co/mvaaoyvcyD", "likes_count": 0, "replies_count": 0, "retweets_count": 0, "hashtags": []}
{"id": 995450053325078528, "date": "2018-05-12", "time": "19:46:01", "tweet": "Tesla Executive Leaves for Alphabet Self-Driving-Car Unit Waymo - WSJ  https://t.co/dno9iY7wzM  https://t.co/1ngVZqbXHk", "likes_count": 0, "replies_count": 0, "retweets_count": 0, "hashtags": []}
{"id": 995450046056402945, "date": "2018-05-12", "time": "19:46:00", "tweet": "@GabeHoff Waymo is just as bad as Tesla even those financhally it may be doing better.  Please note, in order for driverless cars to replace humans they must be able to understand human gestures and values along with human cognative thinking.  Given that, companies such as google &amp; (1/2)", "likes_count": 0, "replies_count": 1, "retweets_count": 0, "hashtags": []}
{"id": 995450027282747392, "date": "2018-05-12", "time": "19:45:55", "tweet": "Tesla's key safety contact leaves for Waymo  https://t.co/iUyMtota6w via @engadget", "likes_count": 0, "replies_count": 0, "retweets_count": 1, "hashtags": []}
{"id": 995449956763865088, "date": "2018-05-12", "time": "19:45:38", "tweet": "Tesla's key safety contact leaves for Waymo  https://t.co/GZF6HmMWDv", "likes_count": 0, "replies_count": 0, "retweets_count": 0, "hashtags": []}
{"id": 995449935121219584, "date": "2018-05-12", "time": "19:45:33", "tweet": "Tesla Executive Leaves for Alphabet Self-Driving-Car Unit Waymo - Wall Street Journal  https://t.co/HANTSphoMQ", "likes_count": 0, "replies_count": 0, "retweets_count": 0, "hashtags": []}
{"id": 995449886786162688, "date": "2018-05-12", "time": "19:45:22", "tweet": "Tesla Executive Leaves for Alphabet Self-Driving-Car Unit Waymo  https://t.co/i6KPCjmqgf", "likes_count": 0, "replies_count": 0, "retweets_count": 0, "hashtags": []}
{"id": 995449885561417729, "date": "2018-05-12", "time": "19:45:21", "tweet": "Tesla's key safety contact leaves for Waymo  https://t.co/Xwz4CMb3Z8 via @engadget", "likes_count": 0, "replies_count": 0, "retweets_count": 0, "hashtags": []}
{"id": 995449843148578816, "date": "2018-05-12", "time": "19:45:11", "tweet": "Tesla's key safety contact leaves for Waymo  https://t.co/HOXCtzyHCX", "likes_count": 0, "replies_count": 0, "retweets_count": 0, "hashtags": []}
{"id": 995449840569118725, "date": "2018-05-12", "time": "19:45:11", "tweet": "These Six Companies May Well #ChangeTheWorld. ⚡️  https://t.co/scBdf6WmED #Affirm #Grail #Tesla #honor #altschool #LTSE", "likes_count": 0, "replies_count": 0, "retweets_count": 0, "hashtags": ["changetheworld", "affirm", "grail", "tesla", "honor", "altschool", "ltse"]}
{"id": 995449836387254273, "date": "2018-05-12", "time": "19:45:10", "tweet": "@rodneygiles @ElectrekCo @Tesla @FredericLambert What an ignorant fool.", "likes_count": 0, "replies_count": 0, "retweets_count": 0, "hashtags": []}
{"id": 995449813385732096, "date": "2018-05-12", "time": "19:45:04", "tweet": "New post: Tesla’s key safety contact leaves for Waymo  https://t.co/GUBU4OouqR", "likes_count": 0, "replies_count": 0, "retweets_count": 0, "hashtags": []}
{"id": 995449812941078528, "date": "2018-05-12", "time": "19:45:04", "tweet": "Tesla's key safety contact leaves for Waymo  https://t.co/MyFXuB68Nd  https://t.co/1EG2IROTTZ", "likes_count": 0, "replies_count": 0, "retweets_count": 0, "hashtags": []}
{"id": 995449804359634944, "date": "2018-05-12", "time": "19:45:02", "tweet": "Tesla Executive Leaves for Alphabet Self-Driving-Car Unit Waymo  https://t.co/gVAscXaXfg ( https://t.co/T4jXz4bQUE)", "likes_count": 0, "replies_count": 0, "retweets_count": 0, "hashtags": []}
{"id": 995449777184804865, "date": "2018-05-12", "time": "19:44:56", "tweet": "@bichomaluenda @BMWEspana Que el tesla Model S, en una acceleracion de 0-100 se come con patatas ese vehiculo termico", "likes_count": 0, "replies_count": 2, "retweets_count": 0, "hashtags": []}
{"id": 995449762575941632, "date": "2018-05-12", "time": "19:44:52", "tweet": "@syltonic dereck cooper constructeur de tesla en cartons depuis 2006", "likes_count": 2, "replies_count": 1, "retweets_count": 0, "hashtags": []}
{"id": 995449675858759685, "date": "2018-05-12", "time": "19:44:31", "tweet": "@jason_varga @Tesla Self driving and charging with an app to cut the lawn.", "likes_count": 1, "replies_count": 0, "retweets_count": 0, "hashtags": []}
{"id": 995449659832356864, "date": "2018-05-12", "time": "19:44:28", "tweet": "Tesla's key safety contact leaves for Waymo  https://t.co/2gFDSA7vdE #engadget #tomgadget", "likes_count": 0, "replies_count": 0, "retweets_count": 0, "hashtags": ["engadget", "tomgadget"]}
{"id": 995449597433712641, "date": "2018-05-12", "time": "19:44:13", "tweet": "New post from Engadget RSS Feed: \"Tesla's key safety contact leaves for Waymo\"  https://t.co/vuWOnh1V7h", "likes_count": 0, "replies_count": 0, "retweets_count": 0, "hashtags": []}
{"id": 995449541087383552, "date": "2018-05-12", "time": "19:43:59", "tweet": "@Nadir12544116 Et je me construit une Tesla avec", "likes_count": 0, "replies_count": 1, "retweets_count": 0, "hashtags": []}
{"id": 995449507121778694, "date": "2018-05-12", "time": "19:43:51", "tweet": "Tesla’s are fire truck seeking missiles 🚀😂 #anotherone #crash #everyday #dangerous #recall #NTSB $TSLA #safetyhazard  https://t.co/ersNa4LCqo", "likes_count": 0, "replies_count": 0, "retweets_count": 0, "hashtags": ["anotherone", "crash", "everyday", "dangerous", "recall", "ntsb", "safetyhazard"]}
{"id": 995449473936609280, "date": "2018-05-12", "time": "19:43:43", "tweet": "Tesla’s key safety contact leaves for Waymo  https://t.co/kzuO4lP8sq Sponsored by:  https://t.co/cV96W5WSDK", "likes_count": 0, "replies_count": 0, "retweets_count": 0, "hashtags": []}
{"id": 995449456622522369, "date": "2018-05-12", "time": "19:43:39", "tweet": "I liked a @YouTube video  https://t.co/7E9wPNwRfc Tesla 2018", "likes_count": 0, "replies_count": 0, "retweets_count": 0, "hashtags": []}
{"id": 995449437093801985, "date": "2018-05-12", "time": "19:43:35", "tweet": "Alert: Tesla with Autopilot slams into truck stopped at red light:  https://t.co/EQWOs2OATx qua @YouTube", "likes_count": 0, "replies_count": 0, "retweets_count": 0, "hashtags": []}
{"id": 995449425291087872, "date": "2018-05-12", "time": "19:43:32", "tweet": "Tôi đã thêm video vào danh sách phát  https://t.co/EQWOs2OATx Alert: Tesla with Autopilot slams into truck stopped at red light", "likes_count": 0, "replies_count": 0, "retweets_count": 0, "hashtags": []}
{"id": 995449406777446401, "date": "2018-05-12", "time": "19:43:27", "tweet": "@elonmusk @RitaJKing Are you talking about recent executive departures at Tesla ? $TSLA", "likes_count": 5, "replies_count": 0, "retweets_count": 0, "hashtags": []}
{"id": 995449399051419649, "date": "2018-05-12", "time": "19:43:25", "tweet": "Tesla's key safety contact leaves for Waymo  https://t.co/AS3eek8nPu", "likes_count": 0, "replies_count": 0, "retweets_count": 0, "hashtags": []}
{"id": 995449344798150657, "date": "2018-05-12", "time": "19:43:13", "tweet": "@chigrl Have you experienced “launch mode” with a Tesla? To me that’s innovation👀, been called a tree hugger and all that. I see solar panels and windmills EVERYWHERE sooner than later⚡️👍🕺🏼🤪👩‍🎓", "likes_count": 0, "replies_count": 0, "retweets_count": 0, "hashtags": []}
{"id": 995449329992327168, "date": "2018-05-12", "time": "19:43:09", "tweet": "Nikola Tesla Book Purse - Tesla Book Clutch - Inventor Collector Gift - Tesla Book Cover Handbag - Electrical Engineer Gift  https://t.co/AmqFsdbwar ##bookpurse #EpiconEtsy #Etsymntt #BookishGift  https://t.co/N7X8AP9ga8", "likes_count": 1, "replies_count": 0, "retweets_count": 0, "hashtags": ["bookpurse", "epiconetsy", "etsymntt", "bookishgift"]}
{"id": 995449318906753024, "date": "2018-05-12", "time": "19:43:06", "tweet": "Engadget:\"Tesla's key safety contact leaves for Waymo\" Tesla's executive team isn't done with turmoil following the loss of its Autopilot chief and its engineering lead's sabbatical. The electric car maker's \"primary technical contact\" with American safe…  https://t.co/d3WXKL6Gob", "likes_count": 0, "replies_count": 0, "retweets_count": 0, "hashtags": []}
{"id": 995449310648057856, "date": "2018-05-12", "time": "19:43:04", "tweet": "Tesla's key safety contact leaves for Waymo  https://t.co/l8QwJt5lJw  https://t.co/inqAyhJljC", "likes_count": 0, "replies_count": 0, "retweets_count": 0, "hashtags": []}
{"id": 995449307997196289, "date": "2018-05-12", "time": "19:43:04", "tweet": "📲  Tesla's key safety contact leaves for Waymo  https://t.co/kdQsZ9Rk4k  https://t.co/rMkbxHIV7N", "likes_count": 0, "replies_count": 0, "retweets_count": 0, "hashtags": []}
{"id": 995449306109874176, "date": "2018-05-12", "time": "19:43:03", "tweet": "Trouble in paradise? #Tesla  https://t.co/MKNrUsANHY", "likes_count": 0, "replies_count": 0, "retweets_count": 0, "hashtags": ["tesla"]}
