{"id": 1036041008373477376, "date": "2018-09-01", "time": "19:59:59", "tweet": "3, 6 e 9: O Segredo da Energia Infinita do Universo  https://t.co/IzesYNTTL2 #geometriasagrada #energialivre #deus #tesla #natureza #nature #naturaleza #dios #god #energialibre #freeenergy #sacredgeometry #matematica #mathematics #matematicas #nikolatesla #universo #universe ☯️  https://t.co/FhxXkNhZJs", "likes_count": 0, "replies_count": 1, "retweets_count": 0, "hashtags": ["geometriasagrada", "energialivre", "deus", "tesla", "natureza", "nature", "naturaleza", "dios", "god", "energialibre", "freeenergy", "sacredgeometry", "matematica", "mathematics", "matematicas", "nikolatesla", "universo", "universe"]}
{"id": 1036040978682011649, "date": "2018-09-01", "time": "19:59:52", "tweet": "@ValueAnalyst1 Tesla Tesla Tesla !!!!!!!!!!", "likes_count": 5, "replies_count": 0, "retweets_count": 0, "hashtags": []}
{"id": 1036040871689564160, "date": "2018-09-01", "time": "19:59:27", "tweet": "@officialmcafee Shit I have bought a camera in 10+ years. Crazy how technology is advancing. Even crazy how Nikola Tesla predicted it all too. Have a great weekend brotha.", "likes_count": 0, "replies_count": 0, "retweets_count": 0, "hashtags": []}
{"id": 1036040759626162176, "date": "2018-09-01", "time": "19:59:00", "tweet": "#ICEhole gone and we came back to #Tesla charging buddies!  https://t.co/N4xfeg1nef", "likes_count": 19, "replies_count": 0, "retweets_count": 1, "hashtags": ["icehole", "tesla"]}
{"id": 1036040488296411137, "date": "2018-09-01", "time": "19:57:55", "tweet": "I liked a @YouTube video  https://t.co/3WgAB2QkZU JEEPS OR A TESLA?!! (ft. Nickmercs, DrLupo &amp; SypherPK) | Fortnite Battle Royale", "likes_count": 0, "replies_count": 0, "retweets_count": 0, "hashtags": []}
{"id": 1036040435519680512, "date": "2018-09-01", "time": "19:57:43", "tweet": "For clarity, I'm an auto worker at a non-union facility and I know not everyone is pro-union, but they are prominent in the auto industry for a reason. They tend to pay well to excuse working their employees to the point of crippling them for life. Tesla especially.", "likes_count": 0, "replies_count": 0, "retweets_count": 0, "hashtags": []}
{"id": 1036040396516864001, "date": "2018-09-01", "time": "19:57:33", "tweet": "Elon Musk reportedly became angry and headbutted a car at Tesla's factory because the assembly li...  https://t.co/xCew2D7Zsv", "likes_count": 0, "replies_count": 0, "retweets_count": 0, "hashtags": []}
{"id": 1036040298659540992, "date": "2018-09-01", "time": "19:57:10", "tweet": "@athenaandreadis Tesla Autopilot  https://t.co/fBHgsZWQTO", "likes_count": 1, "replies_count": 0, "retweets_count": 0, "hashtags": []}
{"id": 1036040229617000449, "date": "2018-09-01", "time": "19:56:54", "tweet": "@CNNEE @Tesla @esteban_162 en la Mana jajajaja", "likes_count": 0, "replies_count": 1, "retweets_count": 0, "hashtags": []}
{"id": 1036040146947321856, "date": "2018-09-01", "time": "19:56:34", "tweet": "My Indian neighbor bought a Range today and just got a Tesla in June..what u do Jack?", "likes_count": 1, "replies_count": 0, "retweets_count": 0, "hashtags": []}
{"id": 1036039906982674434, "date": "2018-09-01", "time": "19:55:37", "tweet": "Why Tesla's Autopilot Can't See a Stopped Firetruck  https://t.co/3brNl21xac", "likes_count": 27, "replies_count": 6, "retweets_count": 11, "hashtags": []}
{"id": 1036039884505415681, "date": "2018-09-01", "time": "19:55:31", "tweet": "Tesla’s Stepdaughters – A sci-fi rock-n-roll detective adventure – ebooks @ Smashwords – 99 cents - #Scifi #AlternateHistory -  https://t.co/n6aRPCjQmm  https://t.co/cgILo9gejc", "likes_count": 1, "replies_count": 0, "retweets_count": 1, "hashtags": ["scifi", "alternatehistory"]}
{"id": 1036039877547053056, "date": "2018-09-01", "time": "19:55:30", "tweet": "@Bobiwithani You need the \"the trim your Tesla is crooked\" bumper sticker and then pull in front of it.", "likes_count": 1, "replies_count": 0, "retweets_count": 0, "hashtags": []}
{"id": 1036039875118620672, "date": "2018-09-01", "time": "19:55:29", "tweet": "It's a Tesla... That says \"PIKAA\" on it...  This is glorious!  https://t.co/jm3VBIqSch", "likes_count": 14, "replies_count": 1, "retweets_count": 3, "hashtags": []}
{"id": 1036039749293682689, "date": "2018-09-01", "time": "19:54:59", "tweet": "@Biggy1883 @simonahac @Banshee2030 @murpharoo @TimWilsonMP @ScottMorrisonMP @AngusTaylorMP @FinancialReview Tesla or anyone else many players in the market now  Sonnen (also plyaing in wholesale market with residential systems)  https://t.co/YWQFniIafY Enphase IQ   https://t.co/wSckLoZZly Critical part of future grid  https://t.co/c9JkoVbXgi", "likes_count": 1, "replies_count": 1, "retweets_count": 0, "hashtags": []}
{"id": 1036039730482372608, "date": "2018-09-01", "time": "19:54:55", "tweet": "@LinusTech Just saw your new ride and heard the announcement ab consumer pov car reviews. Not gonna tell you how to do your job, but I would advise you to research tesla before you review them. They're known for abusing their workers and busting unions.", "likes_count": 0, "replies_count": 1, "retweets_count": 0, "hashtags": []}
{"id": 1036039527201234945, "date": "2018-09-01", "time": "19:54:06", "tweet": "Маск влаштував екскурсію по заводу Tesla  https://t.co/6gV97kAlDj  https://t.co/IK4xlhSTk4", "likes_count": 0, "replies_count": 0, "retweets_count": 0, "hashtags": []}
{"id": 1036039401065861120, "date": "2018-09-01", "time": "19:53:36", "tweet": "The Black Tesla is nice, whipping hard", "likes_count": 0, "replies_count": 0, "retweets_count": 0, "hashtags": []}
{"id": 1036039353208922113, "date": "2018-09-01", "time": "19:53:25", "tweet": "Tesla Wye 200W, 200.000 inf 3057015500  https://t.co/JzbAJPNG6L", "likes_count": 0, "replies_count": 0, "retweets_count": 0, "hashtags": []}
{"id": 1036039243141767169, "date": "2018-09-01", "time": "19:52:58", "tweet": "I liked a @YouTube video  https://t.co/nr6crVrBp6 Tesla Model 3 Performance at Cars and Coffee", "likes_count": 0, "replies_count": 0, "retweets_count": 0, "hashtags": []}
{"id": 1036038990632235008, "date": "2018-09-01", "time": "19:51:58", "tweet": "@donnyosmond  Remember I told you the other day I broke my Tesla watch. Here's what happened to it.  https://t.co/R2puNfgMPL", "likes_count": 0, "replies_count": 0, "retweets_count": 0, "hashtags": []}
{"id": 1036038985666187264, "date": "2018-09-01", "time": "19:51:57", "tweet": "Our Uber is a Tesla", "likes_count": 13, "replies_count": 2, "retweets_count": 0, "hashtags": []}
{"id": 1036038967148175360, "date": "2018-09-01", "time": "19:51:53", "tweet": "@themotleyfool I wanna know when he thinks it’s time to get outta Tesla.", "likes_count": 0, "replies_count": 0, "retweets_count": 0, "hashtags": []}
{"id": 1036038897812299776, "date": "2018-09-01", "time": "19:51:36", "tweet": "@FikeMartin @AirshipRenegade Heading to the brief Martin, make sure the Tesla’s are configured to double as space heaters. I’ve got a feeling.", "likes_count": 1, "replies_count": 3, "retweets_count": 0, "hashtags": []}
{"id": 1036038896277061632, "date": "2018-09-01", "time": "19:51:36", "tweet": "@Tweetermeyer @TeslaCharts @timkhiggins Woah TC is only since Feb? Impressive growth. My join date is way ago but I only started using Twitter maybe this April. Assumed he'd been making Tesla Charts for years", "likes_count": 2, "replies_count": 0, "retweets_count": 0, "hashtags": []}
{"id": 1036038789041475584, "date": "2018-09-01", "time": "19:51:10", "tweet": "Was Nikola Tesla be killed because he discovered the secrets of making gold and antigravity  https://t.co/kYMNDSWJS9", "likes_count": 0, "replies_count": 0, "retweets_count": 0, "hashtags": []}
{"id": 1036038780615122944, "date": "2018-09-01", "time": "19:51:08", "tweet": "@markbspiegel @mattylp @Tesla For nearly the same price as the Model X? I'd also wait for the Model Y if the Model X was too big.", "likes_count": 0, "replies_count": 0, "retweets_count": 0, "hashtags": []}
{"id": 1036038637723574274, "date": "2018-09-01", "time": "19:50:34", "tweet": "Tesla Blanchard Def making her family proud. She's a powerhouse #ALLIN", "likes_count": 0, "replies_count": 0, "retweets_count": 0, "hashtags": ["allin"]}
{"id": 1036038516797399041, "date": "2018-09-01", "time": "19:50:05", "tweet": "Hey Fool..both are my companies...Founded ~Sole Ownership...Tesla is part of General Motors..the best electric automobile company in the Global Market..an American First...IP in play I am and will remain so..The Only Owner I do not need the obligation of response or resposibility", "likes_count": 0, "replies_count": 0, "retweets_count": 0, "hashtags": []}
{"id": 1036038490356690944, "date": "2018-09-01", "time": "19:49:59", "tweet": "@tjohnwez @plugshare @PluginCarsNews maybe, but who drives 56? god knows i don'tlol,i leave my car on % insted of range, i got a Tesla so the numbers won't be as friendly, since theres are are over powered, but when i had it on range it would use 42 miles of range driving 26 actual miles.", "likes_count": 0, "replies_count": 0, "retweets_count": 0, "hashtags": []}
{"id": 1036038297599074304, "date": "2018-09-01", "time": "19:49:13", "tweet": "@electricaeignis \"I won't accept any money from you sweetheart.\"  He leaded her to his car, a new sharp looking Tesla.", "likes_count": 0, "replies_count": 0, "retweets_count": 0, "hashtags": []}
{"id": 1036038157723164673, "date": "2018-09-01", "time": "19:48:40", "tweet": "@RichardKeppler1 Several sold model Xs, Tesla doesn't keep inventory, they build to order S/X. With the exception of demo cars.", "likes_count": 1, "replies_count": 0, "retweets_count": 0, "hashtags": []}
{"id": 1036038080929701898, "date": "2018-09-01", "time": "19:48:21", "tweet": "@Jacquekourouss If he is he can afford to buy me a Tesla too.", "likes_count": 1, "replies_count": 2, "retweets_count": 0, "hashtags": []}
{"id": 1036037954047696896, "date": "2018-09-01", "time": "19:47:51", "tweet": "LA - there are more Tesla Model X’s here than Prius’s. Seriously.", "likes_count": 0, "replies_count": 0, "retweets_count": 0, "hashtags": []}
{"id": 1036037901983903749, "date": "2018-09-01", "time": "19:47:39", "tweet": "Tesla crew. P, 3 and X  https://t.co/ntPHcdyh8o  https://t.co/wCLkEK72bV", "likes_count": 0, "replies_count": 0, "retweets_count": 0, "hashtags": []}
{"id": 1036037774166638592, "date": "2018-09-01", "time": "19:47:08", "tweet": "uma pessoa nao pode ir pesquisar carros eletricos sem ter de ler a palavra \"Tesla\" e querer morrer um bocadinho lmao", "likes_count": 0, "replies_count": 0, "retweets_count": 0, "hashtags": []}
{"id": 1036037669585866752, "date": "2018-09-01", "time": "19:46:43", "tweet": "@SnazzyQ I do think the internals are far superior to the tesla though. for me (model 3 mostly) the interior looks... cheap? (a lot because of the steering wheel as well)", "likes_count": 15, "replies_count": 1, "retweets_count": 0, "hashtags": []}
{"id": 1036037660219822081, "date": "2018-09-01", "time": "19:46:41", "tweet": "@stevesi @BenedictEvans Mostly good points. #1 is meaningful, but surpsising hiring 4 guys from Ford can’t fix #2 and #3 are deeper and more interesting #4 has already been won by #Tesla, the brand", "likes_count": 0, "replies_count": 0, "retweets_count": 0, "hashtags": ["tesla"]}
{"id": 1036037443990876160, "date": "2018-09-01", "time": "19:45:49", "tweet": "@InvResDynamics A Tesla bull-parody or bull-bot.", "likes_count": 2, "replies_count": 0, "retweets_count": 0, "hashtags": []}
{"id": 1036037319986438144, "date": "2018-09-01", "time": "19:45:20", "tweet": "Sorry bro, not news, not a #Tesla. @lorakolodny busy chasing down $tsla customer support issues. I guess someone has a loose bolt and she needs answers, because you know someone my get freaked out when the seat moves.", "likes_count": 3, "replies_count": 1, "retweets_count": 0, "hashtags": ["tesla"]}
