{"id": 957402773242433537, "date": "2018-01-27", "time": "18:59:43", "tweet": "Los documentos que prueban que René Ramírez y otros de sus funcionarios montaron el cuento de Tesla en Yachay porque eran mitómanos: léalo en 4P.  https://t.co/uVYVbivIOM  https://t.co/QkaM1fbY0G", "likes_count": 81, "replies_count": 20, "retweets_count": 105, "hashtags": []}
{"id": 957402706515292161, "date": "2018-01-27", "time": "18:59:27", "tweet": "@Nik0la__Tesla Right!!!!", "likes_count": 0, "replies_count": 0, "retweets_count": 0, "hashtags": []}
{"id": 957402653432205313, "date": "2018-01-27", "time": "18:59:14", "tweet": "รู้จัก Mary Barra ซีอีโอหญิงแกร่งแห่ง GM ผู้ที่อาจมาโค่น Elon Musk แห่ง Tesla  https://t.co/AsFPWXSGrN", "likes_count": 16, "replies_count": 0, "retweets_count": 12, "hashtags": []}
{"id": 957402538772434944, "date": "2018-01-27", "time": "18:58:47", "tweet": "Мне понравилось видео \"Запуск SpaceX Falcon Heavy (Tesla Roadster) LIVE\" ( https://t.co/pOvyLAdJAT) на", "likes_count": 0, "replies_count": 0, "retweets_count": 0, "hashtags": []}
{"id": 957402460611579905, "date": "2018-01-27", "time": "18:58:28", "tweet": "@Nik0la__Tesla Lol I need to find these rich people..apartment in GA doesn’t even cost that much unless it’s some super high class exclusive neighborhood type thing", "likes_count": 0, "replies_count": 1, "retweets_count": 0, "hashtags": []}
{"id": 957402368106143744, "date": "2018-01-27", "time": "18:58:06", "tweet": "Tesla Cars Are Great - Their Ecosystem Strategy Not So Much  https://t.co/HRIeOUQa2L  https://t.co/8Mi4gQ1uNl", "likes_count": 0, "replies_count": 0, "retweets_count": 0, "hashtags": []}
{"id": 957402343380791296, "date": "2018-01-27", "time": "18:58:00", "tweet": "Tesla built its largest Supercharger station in China—for the third time  https://t.co/DCxMtGJ9Cg", "likes_count": 2, "replies_count": 0, "retweets_count": 1, "hashtags": []}
{"id": 957402269368180736, "date": "2018-01-27", "time": "18:57:43", "tweet": "Happy Tax is giving away a 3 Year lease on a Tesla S. Enter and share to win.  https://t.co/LSV37Teafz", "likes_count": 0, "replies_count": 0, "retweets_count": 0, "hashtags": []}
{"id": 957402134470971393, "date": "2018-01-27", "time": "18:57:11", "tweet": "My 200,000th #LinkedIn Follower arrived today! Thankyou Rosa Smith at #FleetPride from North Carolina - and all the other 199,999 individuals who want to know more about EV’s #fullycharged #FormulaE #Tesla #Nio  https://t.co/203Uu3xAdz", "likes_count": 5, "replies_count": 1, "retweets_count": 0, "hashtags": ["linkedin", "fleetpride", "fullycharged", "formulae", "tesla", "nio"]}
{"id": 957401993156464641, "date": "2018-01-27", "time": "18:56:37", "tweet": "@Nik0la__Tesla Wow!", "likes_count": 0, "replies_count": 1, "retweets_count": 0, "hashtags": []}
{"id": 957401912491454465, "date": "2018-01-27", "time": "18:56:18", "tweet": "Me waiting for the @Tesla #Model3  https://t.co/l3E9TUt2NM", "likes_count": 3, "replies_count": 0, "retweets_count": 1, "hashtags": ["model3"]}
{"id": 957401865632780289, "date": "2018-01-27", "time": "18:56:07", "tweet": "Tesla's Making Model 3 Batteries By Hand Amid More Gigafactory Problems: Report - Jalopnik  https://t.co/6Y5beaJAfl", "likes_count": 0, "replies_count": 0, "retweets_count": 0, "hashtags": []}
{"id": 957401861107011585, "date": "2018-01-27", "time": "18:56:06", "tweet": "Tesla Cars Are Great - Their Ecosystem Strategy Not So Much  https://t.co/ptPcFx2ptS  https://t.co/vosiztoyed", "likes_count": 1, "replies_count": 0, "retweets_count": 0, "hashtags": []}
{"id": 957401813384179712, "date": "2018-01-27", "time": "18:55:54", "tweet": "Tesla Cars Are Great - Their Ecosystem Strategy Not So Much  https://t.co/66EpkmaQpC  https://t.co/Gw1HmGCQUH", "likes_count": 0, "replies_count": 0, "retweets_count": 0, "hashtags": []}
{"id": 957401718018531328, "date": "2018-01-27", "time": "18:55:31", "tweet": "Tesla Crashes Into Fire Truck While Reportedly on Autopilot  https://t.co/2ZlwswWWws via @RoadandTrack", "likes_count": 0, "replies_count": 0, "retweets_count": 0, "hashtags": []}
{"id": 957401689241391106, "date": "2018-01-27", "time": "18:55:25", "tweet": "I liked a @YouTube video  https://t.co/h6F8KUNZGK 1 Month with My Tesla Model S 100D", "likes_count": 0, "replies_count": 0, "retweets_count": 0, "hashtags": []}
{"id": 957401663312101376, "date": "2018-01-27", "time": "18:55:18", "tweet": "Los documentos que prueban que la inversión supuesta de $3000 millones, por parte de Tesla en Yachay, fue montado por verdaderos mitómanos. Léalo en 4P.  https://t.co/H3FbZc0MR3  https://t.co/7AmhTeBFG2", "likes_count": 135, "replies_count": 17, "retweets_count": 213, "hashtags": []}
{"id": 957401662368468992, "date": "2018-01-27", "time": "18:55:18", "tweet": "Los documentos que prueban que la inversión supuesta de $3000 millones, por parte de Tesla en Yachay, fue montado por verdaderos mitómanos. Léalo en 4P.  https://t.co/2dts0y0vEt  https://t.co/G702zJ2G7L", "likes_count": 63, "replies_count": 4, "retweets_count": 116, "hashtags": []}
{"id": 957401501604990976, "date": "2018-01-27", "time": "18:54:40", "tweet": "Watch as the Tesla Semi Silently Cruises By While Testing #Tesla #trucks #Teslatruck  https://t.co/FCRJ1HDP3w  https://t.co/hWjpfNHlzo", "likes_count": 0, "replies_count": 0, "retweets_count": 0, "hashtags": ["tesla", "trucks", "teslatruck"]}
{"id": 957401439944441856, "date": "2018-01-27", "time": "18:54:25", "tweet": "Ended up behind a Tesla on the way home today. Very impressive. I didn’t know there were any in Jonesboro. #tesla", "likes_count": 1, "replies_count": 0, "retweets_count": 0, "hashtags": ["tesla"]}
{"id": 957401340858322950, "date": "2018-01-27", "time": "18:54:01", "tweet": "@Nik0la__Tesla Lol ah people in Gh have that much to pay every month???", "likes_count": 0, "replies_count": 1, "retweets_count": 0, "hashtags": []}
{"id": 957401259845279745, "date": "2018-01-27", "time": "18:53:42", "tweet": "( https://t.co/eOsQVakj6c):#Tesla #Cars Are Great - Their Ecosystem Strategy Not So Much : Tesla is an..  https://t.co/lpdTSRfg0a  https://t.co/O8cWMpYnBn", "likes_count": 0, "replies_count": 0, "retweets_count": 0, "hashtags": ["tesla", "cars"]}
{"id": 957401186063171584, "date": "2018-01-27", "time": "18:53:25", "tweet": "Tesla’s Journey: From IPO to Passing Ford in Value, in Just 7 Years ! https://t.co/YmUiLNZxUk", "likes_count": 1, "replies_count": 0, "retweets_count": 0, "hashtags": []}
{"id": 957401147756687360, "date": "2018-01-27", "time": "18:53:15", "tweet": "Happy Tax is giving away a 3 Year lease on a Tesla S. All clients of Happy Tax will get 100 bonus entries to the sweepstakes.  https://t.co/2q4psVMnca", "likes_count": 0, "replies_count": 0, "retweets_count": 0, "hashtags": []}
{"id": 957401109626347520, "date": "2018-01-27", "time": "18:53:06", "tweet": "I liked a @YouTube video  https://t.co/7xLM5VdwrV 1 Month with My Tesla Model S 100D", "likes_count": 0, "replies_count": 0, "retweets_count": 0, "hashtags": []}
{"id": 957401047760326656, "date": "2018-01-27", "time": "18:52:52", "tweet": "Happy Tax is giving away a 3 Year lease on a Tesla S. All clients of Happy Tax will get 100 boentries for sharing with your friends. Happy Tax offers affordable and convenient concierge CPA prepared tax returns anytime.  https://t.co/lbiECUMz2S", "likes_count": 0, "replies_count": 0, "retweets_count": 0, "hashtags": []}
{"id": 957400990541582338, "date": "2018-01-27", "time": "18:52:38", "tweet": "\"Most persons are so absorbed in the contemplation of the outside world that they are wholly oblivious to what is passing on within themselves.\"~Nikola Tesla,My Inventions:The Autobiography of Nikola Tesla Find out why this quote fits perfect with the brilliant film @TinkerMovie  https://t.co/q1mUzFdgKC", "likes_count": 14, "replies_count": 1, "retweets_count": 6, "hashtags": []}
{"id": 957400970488672256, "date": "2018-01-27", "time": "18:52:33", "tweet": "THE highlight of 2018 - Feb 6th: Launch and landing of SpaceX's Falcon Heavy. It will either go boom with spectacular fireworks in lift-off OR blast a cherry-red Tesla car playing Space Oddity to Mars orbit and land 3 rockets back on Earth. Not kidding. Either way, EPIC.  https://t.co/u4hjPD7MQ5", "likes_count": 1, "replies_count": 0, "retweets_count": 0, "hashtags": []}
{"id": 957400950540562432, "date": "2018-01-27", "time": "18:52:28", "tweet": "Nikola Tesla: My Inventions What is the Death Ray?  https://t.co/j6aB3GBDaj  https://t.co/YjxGyiwH0M", "likes_count": 0, "replies_count": 0, "retweets_count": 0, "hashtags": []}
{"id": 957400949554851841, "date": "2018-01-27", "time": "18:52:28", "tweet": "Tesla's Model 3 — one of the most anticipated debuts ever — lives up to the hype  https://t.co/bX6FqmdioS -via Flynx", "likes_count": 0, "replies_count": 0, "retweets_count": 0, "hashtags": []}
{"id": 957400933968896000, "date": "2018-01-27", "time": "18:52:24", "tweet": "I added a video to a @YouTube playlist  https://t.co/r8AKWR8ufv How to make a mini Tesla coil", "likes_count": 0, "replies_count": 0, "retweets_count": 0, "hashtags": []}
{"id": 957400906613522433, "date": "2018-01-27", "time": "18:52:18", "tweet": "What can the founders of Tesla, Facebook, and Netflix teach us about leadership and workplace culture?  https://t.co/4q1AUDDI6b via @Inc", "likes_count": 0, "replies_count": 0, "retweets_count": 0, "hashtags": []}
{"id": 957400886850084864, "date": "2018-01-27", "time": "18:52:13", "tweet": "Not gonna lie. I've definitely had &lt;$11.96 in my bank account. Not recently.  I'm counting on coding to get me my Tesla lol", "likes_count": 3, "replies_count": 0, "retweets_count": 0, "hashtags": []}
{"id": 957400870186045440, "date": "2018-01-27", "time": "18:52:09", "tweet": "รู้จัก Mary Barra ซีอีโอหญิงแกร่งแห่ง GM ผู้ที่อาจมาโค่น Elon Musk แห่ง Tesla  https://t.co/s8bbZGlEQB #gmxtra", "likes_count": 0, "replies_count": 0, "retweets_count": 0, "hashtags": ["gmxtra"]}
{"id": 957400786857639936, "date": "2018-01-27", "time": "18:51:49", "tweet": "#Apple buying #Tesla doesn't sound like a #crazyidea anymore — here's why  https://t.co/880rHXRMiO #technology #acquisitions #BusinessStrategies", "likes_count": 0, "replies_count": 0, "retweets_count": 0, "hashtags": ["apple", "tesla", "crazyidea", "technology", "acquisitions", "businessstrategies"]}
{"id": 957400719815880704, "date": "2018-01-27", "time": "18:51:33", "tweet": "Tesla Surges, But Renault Zoe Coasts To #1 In 2017 Europe Electric Car Sales - CleanTechnica  https://t.co/dClt5R9DX0", "likes_count": 0, "replies_count": 0, "retweets_count": 0, "hashtags": []}
{"id": 957400714145234944, "date": "2018-01-27", "time": "18:51:32", "tweet": "Elon Musk to forgo pay and bonuses until Tesla passes its milestones If Tesla hits that mark and Mr Musk achieves all his targets, vesting all stock options, his remuneration will add up to $78 billion excerpt    https://t.co/od4n2tCF4n via @TheNationalUAE", "likes_count": 4, "replies_count": 1, "retweets_count": 1, "hashtags": []}
{"id": 957400672198168578, "date": "2018-01-27", "time": "18:51:22", "tweet": "Turns out the Tesla coils were removed from Amalie Arena this weekend due to the addition of so many TV cameras that aren't normally here #NHLAllStarWeekend #NHLAllStarSkills", "likes_count": 1, "replies_count": 0, "retweets_count": 0, "hashtags": ["nhlallstarweekend", "nhlallstarskills"]}
{"id": 957400592330182656, "date": "2018-01-27", "time": "18:51:03", "tweet": "我顶了一个 @YouTube 视频  https://t.co/yevV1m1UfI Rebuttal: Don't Tell Me To Shut Up About My Tesla", "likes_count": 0, "replies_count": 0, "retweets_count": 0, "hashtags": []}
{"id": 957400534608154624, "date": "2018-01-27", "time": "18:50:49", "tweet": "Tesla employees say to expect more Model 3 delays, citing inexperienced workers, manual assembly of batteries  https://t.co/pzReugSBCz  https://t.co/vqrs9NLnlv", "likes_count": 0, "replies_count": 0, "retweets_count": 0, "hashtags": []}
