{"id": 997990181130178560, "date": "2018-05-19", "time": "19:59:35", "tweet": "Current favorites: Tesla, Alfa Romeo, Maserati, &amp; Mercedez Benz.", "likes_count": 0, "replies_count": 0, "retweets_count": 0, "hashtags": []}
{"id": 997990074896801795, "date": "2018-05-19", "time": "19:59:10", "tweet": "Supporting the environment AND the economy! #tesla #renewableenergy #ElectricVehicles #california   https://t.co/84N4dbGU7g", "likes_count": 0, "replies_count": 0, "retweets_count": 0, "hashtags": ["tesla", "renewableenergy", "electricvehicles", "california"]}
{"id": 997989949990424577, "date": "2018-05-19", "time": "19:58:40", "tweet": "@WilliamViruss @JH3_7 Pull up on the Tesla", "likes_count": 0, "replies_count": 0, "retweets_count": 0, "hashtags": []}
{"id": 997989947004145664, "date": "2018-05-19", "time": "19:58:39", "tweet": "rode in a Tesla model S yesterday, and oh my god, yes", "likes_count": 4, "replies_count": 0, "retweets_count": 0, "hashtags": []}
{"id": 997989935604011008, "date": "2018-05-19", "time": "19:58:37", "tweet": "@Kyle_OD Yes I like Stapleton and No I have zero desire for a Tesla.", "likes_count": 1, "replies_count": 0, "retweets_count": 0, "hashtags": []}
{"id": 997989921687326720, "date": "2018-05-19", "time": "19:58:33", "tweet": "Tesla.yo quiero un tesla.", "likes_count": 0, "replies_count": 2, "retweets_count": 0, "hashtags": []}
{"id": 997989836970655744, "date": "2018-05-19", "time": "19:58:13", "tweet": "@SwooshMcDuck \"where should we park our 4th Tesla?\"", "likes_count": 3, "replies_count": 1, "retweets_count": 0, "hashtags": []}
{"id": 997989829525823488, "date": "2018-05-19", "time": "19:58:11", "tweet": "Got to see a few #tesla today #teslamodel3 #teslamodels #teslamodelx #teslamodelsp100d #thewhippaparazzi #WhipPaparazzi #miamibeach #miami  https://t.co/zxfmJ8pVK1", "likes_count": 0, "replies_count": 0, "retweets_count": 0, "hashtags": ["tesla", "teslamodel3", "teslamodels", "teslamodelx", "teslamodelsp100d", "thewhippaparazzi", "whippaparazzi", "miamibeach", "miami"]}
{"id": 997989611849814016, "date": "2018-05-19", "time": "19:57:19", "tweet": "LMAO, Tesla getting towed because OTA Update failed.   Is this why Teslemmings like OTA updates? because it bricks their car?  $TSLA $TSLAQ @markbspiegel  https://t.co/Z7jkRnRFAa", "likes_count": 9, "replies_count": 3, "retweets_count": 2, "hashtags": []}
{"id": 997989544745230336, "date": "2018-05-19", "time": "19:57:03", "tweet": "When you in club tesla but you want to dance alone ._.  https://t.co/ABeDrJbRWs", "likes_count": 0, "replies_count": 0, "retweets_count": 0, "hashtags": []}
{"id": 997989488059146240, "date": "2018-05-19", "time": "19:56:50", "tweet": ".@ElonMusk teases new specifications for @Tesla's embattled #Model3, calling it 'amazing'.  https://t.co/jS5EaR42hS  https://t.co/xhXOSwnAmN", "likes_count": 2, "replies_count": 0, "retweets_count": 1, "hashtags": ["model3"]}
{"id": 997989464336224261, "date": "2018-05-19", "time": "19:56:44", "tweet": "@pwrhungry @nuclear94 @nypost @Tesla @elonmusk That doesn’t make Tesla or renewable energy a side show.", "likes_count": 1, "replies_count": 0, "retweets_count": 0, "hashtags": []}
{"id": 997989320043651072, "date": "2018-05-19", "time": "19:56:10", "tweet": "Checking my #Tesla account for #Model3 AWD like...  https://t.co/FpBDw8d0yn", "likes_count": 4, "replies_count": 0, "retweets_count": 0, "hashtags": ["tesla", "model3"]}
{"id": 997989313492279298, "date": "2018-05-19", "time": "19:56:08", "tweet": "Let me tell you something Frequencies of sound resonate I feel that there are secrets with sound that we really need tesla 3 6 9 is 432 hertz With the right frequencies we can levitate or remove disease", "likes_count": 3, "replies_count": 0, "retweets_count": 0, "hashtags": []}
{"id": 997989056507142144, "date": "2018-05-19", "time": "19:55:07", "tweet": "@AlexJayBrady hey! things are good, currently at a Tesla dealership with Aaron haha. yes getting warmer here too, belive it or not la has some seasons, right now is a good time to take the top of the miata before it gets too hot 🔥🔥🔥  https://t.co/VArwmbBHlQ", "likes_count": 0, "replies_count": 1, "retweets_count": 0, "hashtags": []}
{"id": 997989055370424320, "date": "2018-05-19", "time": "19:55:07", "tweet": "petition for elon musk to gift loona a tesla", "likes_count": 6, "replies_count": 0, "retweets_count": 0, "hashtags": []}
{"id": 997988999284318208, "date": "2018-05-19", "time": "19:54:53", "tweet": "El Model X de Tesla registra un nuevo récord al remolcar un Boeing de más de 130 toneladas  https://t.co/X1x4wdstmu", "likes_count": 0, "replies_count": 0, "retweets_count": 0, "hashtags": []}
{"id": 997988941897740288, "date": "2018-05-19", "time": "19:54:40", "tweet": "@Imperator_Deus lol millionaire and benz? Why not tesla x man?", "likes_count": 0, "replies_count": 1, "retweets_count": 0, "hashtags": []}
{"id": 997988828311830530, "date": "2018-05-19", "time": "19:54:13", "tweet": "@scottwww @ElementC9 @griff_golf @elonmusk Seeing this makes me want to work harder for one, I want a Tesla so bad and Im determined to get it.", "likes_count": 19, "replies_count": 0, "retweets_count": 0, "hashtags": []}
{"id": 997988735357767680, "date": "2018-05-19", "time": "19:53:50", "tweet": "El Model X de Tesla registra un nuevo récord al remolcar un Boeing de más de 130 toneladas  https://t.co/my3Zclr0Dm", "likes_count": 0, "replies_count": 1, "retweets_count": 1, "hashtags": []}
