{"id": 1079165112701804544, "date": "2018-12-29", "time": "18:59:47", "tweet": "@SantanaShelbi @Knifewear The Tesla fund thanks you. With all the driving I’ll need some gas soon.", "likes_count": 4, "replies_count": 0, "retweets_count": 0, "hashtags": []}
{"id": 1079165030460018690, "date": "2018-12-29", "time": "18:59:27", "tweet": "Watch Tesla Mannequin three Slide Round On Snow In New Zealand  https://t.co/httPDjLzh5 #electriccars #ev #greencars  https://t.co/z5AWM9OhNt", "likes_count": 0, "replies_count": 0, "retweets_count": 0, "hashtags": ["electriccars", "ev", "greencars"]}
{"id": 1079164958238220288, "date": "2018-12-29", "time": "18:59:10", "tweet": "@ArianaKiska @elonmusk Tesla's balance sheet is such that they cannot afford to install additional chargers.  Other than that you should be good.  Welcome to the REAL Tesla family, not the one promised you by a car salesman named Musk.", "likes_count": 1, "replies_count": 0, "retweets_count": 0, "hashtags": []}
{"id": 1079164894853746688, "date": "2018-12-29", "time": "18:58:55", "tweet": "Tesla😍", "likes_count": 0, "replies_count": 0, "retweets_count": 0, "hashtags": []}
{"id": 1079164892983250944, "date": "2018-12-29", "time": "18:58:55", "tweet": "@sascha_p @Badger24 @falafeldiaper1 @ConsumerReports Question:  If Tesla improves reliability, do we think this would make them MORE or LESS competitive on overall satisfaction?...", "likes_count": 0, "replies_count": 0, "retweets_count": 0, "hashtags": []}
{"id": 1079164849572249600, "date": "2018-12-29", "time": "18:58:44", "tweet": "Tesla Names Two New Directors to Board as Part of SEC Settlement With Elon Musk  https://t.co/HNRGVDmaI2 #cars #feedly", "likes_count": 0, "replies_count": 0, "retweets_count": 0, "hashtags": ["cars", "feedly"]}
{"id": 1079164798162685957, "date": "2018-12-29", "time": "18:58:32", "tweet": "Tesla expands employee testing of its upgraded Autopilot hardware  https://t.co/X5LMLIdWmn #cars #feedly", "likes_count": 0, "replies_count": 0, "retweets_count": 0, "hashtags": ["cars", "feedly"]}
{"id": 1079164729661231104, "date": "2018-12-29", "time": "18:58:16", "tweet": "@nkolakowski @Tesla Love that scene.", "likes_count": 0, "replies_count": 0, "retweets_count": 0, "hashtags": []}
{"id": 1079164713282334720, "date": "2018-12-29", "time": "18:58:12", "tweet": "@EnerTuition @Tesla Might it be they've given people time off for the holidays?", "likes_count": 0, "replies_count": 1, "retweets_count": 0, "hashtags": []}
{"id": 1079164676527742977, "date": "2018-12-29", "time": "18:58:03", "tweet": "@DpadEdward @Tesla @elonmusk On this roadtrip? 2,174 lbs. (gas Subaru) - 489 lbs. (electric #Model3) = 1,685 lbs. of greenhouse gases saved —a 78% reduction! Why do you ask?", "likes_count": 16, "replies_count": 2, "retweets_count": 1, "hashtags": ["model3"]}
{"id": 1079164668101328896, "date": "2018-12-29", "time": "18:58:01", "tweet": "Congrats Tesla...    https://t.co/eLCxCNt6JE", "likes_count": 0, "replies_count": 0, "retweets_count": 0, "hashtags": []}
{"id": 1079164652431368192, "date": "2018-12-29", "time": "18:57:57", "tweet": "@ErrorJustin @Tesla ....also full disclosure, I’m a Tesla employee.", "likes_count": 2, "replies_count": 0, "retweets_count": 0, "hashtags": []}
{"id": 1079164637688545280, "date": "2018-12-29", "time": "18:57:54", "tweet": "Tesla Model3 Bestellzahlen für Europa (nicht verifizierte Quelle) #Model3 #Tesla", "likes_count": 2, "replies_count": 1, "retweets_count": 0, "hashtags": ["model3", "tesla"]}
{"id": 1079164610249441286, "date": "2018-12-29", "time": "18:57:47", "tweet": "Etienne looked like a Tesla in Insane Mode right there 🔥🔥🔥  #CottonBowl2018 #CFBPlayoff #CFBPlayoffs #CottonBowl #NDvsCLEM", "likes_count": 0, "replies_count": 0, "retweets_count": 0, "hashtags": ["cottonbowl2018", "cfbplayoff", "cfbplayoffs", "cottonbowl", "ndvsclem"]}
{"id": 1079164599260327936, "date": "2018-12-29", "time": "18:57:45", "tweet": "Me ha gustado un vídeo de @YouTube ( https://t.co/CQJtVJoN1R - Tesla - Paradise + Lyrics (Unplugged)).", "likes_count": 0, "replies_count": 0, "retweets_count": 0, "hashtags": []}
{"id": 1079164563457822720, "date": "2018-12-29", "time": "18:57:36", "tweet": "#Tesla Shorts can do their best to move the price down, but at the end what have to happen will happen  #TSLA   https://t.co/QtBTvIEJ4D", "likes_count": 1, "replies_count": 0, "retweets_count": 0, "hashtags": ["tesla", "tsla"]}
{"id": 1079164555685703680, "date": "2018-12-29", "time": "18:57:34", "tweet": "✔️ Tesla charging stations to cover all of Europe in 2019    https://t.co/zjy4hPK0Mc    Originally Shared on December 27, 2018@3:04pm #yahoo", "likes_count": 0, "replies_count": 0, "retweets_count": 0, "hashtags": ["yahoo"]}
{"id": 1079164531715309569, "date": "2018-12-29", "time": "18:57:28", "tweet": "@sascha_p @Badger24 @falafeldiaper1 @ConsumerReports Yes...like Consumer Reports. Apologies - I couldn't scroll down far enough to capture Mercedes Benz on the same screen as Tesla.  https://t.co/tz5uo9zSAs", "likes_count": 0, "replies_count": 1, "retweets_count": 0, "hashtags": []}
{"id": 1079164467756204038, "date": "2018-12-29", "time": "18:57:13", "tweet": "I want an orange Tesla  https://t.co/rpcvMDGKKV", "likes_count": 1, "replies_count": 0, "retweets_count": 0, "hashtags": []}
{"id": 1079164450282893312, "date": "2018-12-29", "time": "18:57:09", "tweet": "@TeslaOpinion @Tesla Love all the cracking windshields and sunroofs from all that body flex. Eliminate 300 welds, thats what you get", "likes_count": 1, "replies_count": 0, "retweets_count": 0, "hashtags": []}
{"id": 1079164267688009728, "date": "2018-12-29", "time": "18:56:25", "tweet": "Tesla Delivered The Wrong Car For Christmas....  https://t.co/h6eb9pCdfL via @YouTube @Tesla @elonmusk", "likes_count": 0, "replies_count": 0, "retweets_count": 0, "hashtags": []}
{"id": 1079164260503207936, "date": "2018-12-29", "time": "18:56:24", "tweet": "Friend describing a Tinder date: “He drives a Tesla, so you know, there are SOME redeeming qualities”", "likes_count": 0, "replies_count": 0, "retweets_count": 0, "hashtags": []}
{"id": 1079164120455213056, "date": "2018-12-29", "time": "18:55:50", "tweet": "@chrislhayes My Tesla Model 3. Fun, safe, Autopilot, 0 emissions", "likes_count": 0, "replies_count": 0, "retweets_count": 0, "hashtags": []}
{"id": 1079164011793518599, "date": "2018-12-29", "time": "18:55:24", "tweet": "@markiplier @Tesla Mark 2702 use it wisely", "likes_count": 0, "replies_count": 0, "retweets_count": 0, "hashtags": []}
{"id": 1079163987466612736, "date": "2018-12-29", "time": "18:55:19", "tweet": "First test of the large Tesla coil at SAMSAT.   https://t.co/mw6BwF75V8", "likes_count": 1, "replies_count": 0, "retweets_count": 0, "hashtags": []}
{"id": 1079163983666438144, "date": "2018-12-29", "time": "18:55:18", "tweet": "@rblejeru @InsideEVs Tesla provides a loaner car for service that takes more than a few hours or needs to be in their SC overnight or for a few days.", "likes_count": 3, "replies_count": 0, "retweets_count": 0, "hashtags": []}
{"id": 1079163914879942657, "date": "2018-12-29", "time": "18:55:01", "tweet": "Cofundador de Tesla pide a juez rechazar la demanda contra él por difamación  #29Dic #FelizSabado  https://t.co/pl5xmiJJMm  https://t.co/R4iZdamZSv", "likes_count": 0, "replies_count": 0, "retweets_count": 0, "hashtags": ["29dic", "felizsabado"]}
{"id": 1079163911360909313, "date": "2018-12-29", "time": "18:55:01", "tweet": "“AirPods are the Tesla of headphones”", "likes_count": 0, "replies_count": 0, "retweets_count": 0, "hashtags": []}
{"id": 1079163887948390406, "date": "2018-12-29", "time": "18:54:55", "tweet": "@BirGun_Gazetesi ee çocuk siken dindarlar için nediceniz bak Tesla uzaya yolculuk falan başlatıyor la siktirin gidinbe", "likes_count": 0, "replies_count": 0, "retweets_count": 0, "hashtags": []}
{"id": 1079163751712972800, "date": "2018-12-29", "time": "18:54:22", "tweet": "Just another day at the Qualcomm Supercharger... #Tesla #waiting  https://t.co/LAceOBzLym", "likes_count": 2, "replies_count": 1, "retweets_count": 0, "hashtags": ["tesla", "waiting"]}
{"id": 1079163723183521792, "date": "2018-12-29", "time": "18:54:16", "tweet": "New post: \" https://t.co/XNuwZwvJeM – Tesla zveřejnila videa, které zobrazují výrobu Tesla Model 3 od začátku do konce\"  https://t.co/JRIUshsJyC", "likes_count": 0, "replies_count": 0, "retweets_count": 0, "hashtags": []}
{"id": 1079163633190473728, "date": "2018-12-29", "time": "18:53:54", "tweet": "@AlterViggo @Tesla Lol they are not dealer plates.", "likes_count": 0, "replies_count": 1, "retweets_count": 0, "hashtags": []}
{"id": 1079163588038873088, "date": "2018-12-29", "time": "18:53:43", "tweet": "Ellison Says He Sees 'a Lot of Upside' to Tesla During Oracle Analyst Me...  https://t.co/QzV2QHmT3s via @YouTube", "likes_count": 0, "replies_count": 0, "retweets_count": 0, "hashtags": []}
{"id": 1079163561614618624, "date": "2018-12-29", "time": "18:53:37", "tweet": "Triggered Trucktards are blocking Tesla Superchargers in 'ICE-ing' protests  'cuz they fraid of the fu-ture (TSLA)  https://t.co/uMAGZanpYG via @SFGate", "likes_count": 0, "replies_count": 0, "retweets_count": 0, "hashtags": []}
{"id": 1079163464730464257, "date": "2018-12-29", "time": "18:53:14", "tweet": "@vincent_hawks @Tesla No, there is still a mechanical linkage.", "likes_count": 0, "replies_count": 1, "retweets_count": 0, "hashtags": []}
{"id": 1079163389891424256, "date": "2018-12-29", "time": "18:52:56", "tweet": "Pick me, pick me! I ♥️ neural networks! 😁  Tesla expands employee testing of its upgraded Autopilot hardware  https://t.co/Jokpy4qQBy via @engadget", "likes_count": 18, "replies_count": 0, "retweets_count": 2, "hashtags": []}
{"id": 1079163377811947520, "date": "2018-12-29", "time": "18:52:53", "tweet": "You can be sure my mom is not buying a @Tesla .", "likes_count": 2, "replies_count": 0, "retweets_count": 0, "hashtags": []}
{"id": 1079163377388204032, "date": "2018-12-29", "time": "18:52:53", "tweet": "@TeslaOpinion @Tesla At Toyota takt time is 55 seconds or less. 90 minutes and 40 steps is 135 seconds.", "likes_count": 6, "replies_count": 1, "retweets_count": 0, "hashtags": []}
{"id": 1079163333910106112, "date": "2018-12-29", "time": "18:52:43", "tweet": "I liked a @YouTube video  https://t.co/jA0rbBGkdn TRUE Cost of a Tesla Model 3 (After 10,000 Miles)", "likes_count": 1, "replies_count": 0, "retweets_count": 0, "hashtags": []}
{"id": 1079163260086169602, "date": "2018-12-29", "time": "18:52:25", "tweet": "@ShariqShamimMD @elonmusk @Tesla @MercedesBenz Then sell that car to someone who cares and go back driving a Mercedes. You don't deserve modern technology.", "likes_count": 0, "replies_count": 0, "retweets_count": 0, "hashtags": []}
