{"id": 990380069003677697, "date": "2018-04-28", "time": "19:59:43", "tweet": "Crashed the McLaren, bought me a Tesla", "likes_count": 3, "replies_count": 0, "retweets_count": 0, "hashtags": []}
{"id": 990380025097654272, "date": "2018-04-28", "time": "19:59:33", "tweet": "#Cars in the #News- Tesla driver banned from road for leaving his seat while on Autopilot  https://t.co/ju0ATuNLiN", "likes_count": 0, "replies_count": 0, "retweets_count": 0, "hashtags": ["cars", "news"]}
{"id": 990379768381149184, "date": "2018-04-28", "time": "19:58:31", "tweet": "@librab103 @investorTTT @tsrandall The thing is, here are two things wrong with my statement. 1) no one has ever done it. Tesla will be the first. And 2) Tesla has one of he most powerful allies in it's corner. A small company called Tencent. Bet against Elon at your own risk.", "likes_count": 0, "replies_count": 1, "retweets_count": 0, "hashtags": []}
{"id": 990379725150457857, "date": "2018-04-28", "time": "19:58:21", "tweet": "UK:  'Autopilot driver' who sat in passenger seat while Tesla travelled on M1 banned  https://t.co/YZjWfidsvm", "likes_count": 0, "replies_count": 0, "retweets_count": 0, "hashtags": []}
{"id": 990379649762058240, "date": "2018-04-28", "time": "19:58:03", "tweet": "Dibs on the name “Dark Helmet” for my #Model3. @Tesla @Model3Owners #Spaceballs", "likes_count": 0, "replies_count": 0, "retweets_count": 0, "hashtags": ["model3", "spaceballs"]}
{"id": 990379638911356928, "date": "2018-04-28", "time": "19:58:00", "tweet": "#Tesla's #ElonMusk could be replaced as board chairman  https://t.co/Q0FzKrT7aC #TechNews #CarNews #Transportation  https://t.co/3Ia69YVheg", "likes_count": 0, "replies_count": 0, "retweets_count": 0, "hashtags": ["tesla", "elonmusk", "technews", "carnews", "transportation"]}
{"id": 990379391279497216, "date": "2018-04-28", "time": "19:57:01", "tweet": "Tesla driver banned from road for leaving his seat while on Autopilot  https://t.co/z8BdKFWFY5  https://t.co/Y8G4n3iTnN", "likes_count": 0, "replies_count": 0, "retweets_count": 0, "hashtags": []}
{"id": 990379390692306944, "date": "2018-04-28", "time": "19:57:01", "tweet": "Tesla driver banned from road for leaving his seat while on Autopilot: Filed under: Weird Car News,Tesla,Safety,Technology,Sedan,Electric,Luxury A Tesla owner in England has been banned from driving for 18 months after activating…  https://t.co/zvAStjgyhc Car Autos News  https://t.co/Ic8r6wov72", "likes_count": 0, "replies_count": 0, "retweets_count": 0, "hashtags": []}
{"id": 990379386426744833, "date": "2018-04-28", "time": "19:57:00", "tweet": "Tesla driver banned from road for leaving his seat while on Autopilot  https://t.co/6tfUTLHYnF  https://t.co/99fy9VapPO", "likes_count": 0, "replies_count": 0, "retweets_count": 1, "hashtags": []}
{"id": 990379385994690560, "date": "2018-04-28", "time": "19:57:00", "tweet": "Tesla driver banned from road for leaving his seat while on Autopilot  https://t.co/jGhkj4i3rq  https://t.co/Z1TCyXT96O", "likes_count": 0, "replies_count": 0, "retweets_count": 0, "hashtags": []}
{"id": 990379337500291072, "date": "2018-04-28", "time": "19:56:49", "tweet": "WATCH: Tesla Driver Banned From Highway After Being Caught In The Passenger Seat  https://t.co/kz7Reavq4I", "likes_count": 0, "replies_count": 0, "retweets_count": 0, "hashtags": []}
{"id": 990379047287959552, "date": "2018-04-28", "time": "19:55:39", "tweet": "@Simbuilder @SIaNXHouK @rbx_belzebass Tesla cars nitro doesn't recharge and crashing into things doesn't give you any money", "likes_count": 0, "replies_count": 0, "retweets_count": 0, "hashtags": []}
{"id": 990379025875927041, "date": "2018-04-28", "time": "19:55:34", "tweet": "Hi from India @elonmusk , when are u planning to launch your business in India. I really want to buy the Tesla car (although I can't really afford it right now). Have read a lot about your cars , I think it will be worth repaying the debt for 10 years. #ElonMuskInIndia @Modiarmy", "likes_count": 1, "replies_count": 0, "retweets_count": 0, "hashtags": ["elonmuskinindia"]}
{"id": 990378953138475008, "date": "2018-04-28", "time": "19:55:17", "tweet": "TRAILER FOR BORICUA TESLA:  https://t.co/hJcYdgpCMb via @YouTube", "likes_count": 0, "replies_count": 0, "retweets_count": 0, "hashtags": []}
{"id": 990378865913720832, "date": "2018-04-28", "time": "19:54:56", "tweet": "@librab103 @investorTTT @tsrandall You are absolutely right. The last company that entered the Chinese car market alone had a lot of issues. I'm sure we can use that and apply it to Tesla.", "likes_count": 0, "replies_count": 1, "retweets_count": 0, "hashtags": []}
{"id": 990378815196020736, "date": "2018-04-28", "time": "19:54:44", "tweet": "Tesla Model S P85  https://t.co/mTwWATIlPh #carreviews", "likes_count": 0, "replies_count": 0, "retweets_count": 0, "hashtags": ["carreviews"]}
{"id": 990378775698399232, "date": "2018-04-28", "time": "19:54:35", "tweet": "Tesla driver banned from road for leaving his seat while on Autopilot  https://t.co/nZXRrpVBrR  https://t.co/ieSd7CovqX", "likes_count": 0, "replies_count": 0, "retweets_count": 0, "hashtags": []}
{"id": 990378731393908736, "date": "2018-04-28", "time": "19:54:24", "tweet": "@Uluen @livegk Hei hei hei, nå må vi tenkte på Tesla eieren her og ikke artisten som jobber iherdig hver kveld med melodi, tekst og produksjon...", "likes_count": 0, "replies_count": 1, "retweets_count": 0, "hashtags": []}
{"id": 990378528339349505, "date": "2018-04-28", "time": "19:53:36", "tweet": "Agregué un video a una lista de reproducción de @YouTube  https://t.co/fk2zJiNdHO Matt Ox - Tesla", "likes_count": 0, "replies_count": 0, "retweets_count": 0, "hashtags": []}
{"id": 990378434957324288, "date": "2018-04-28", "time": "19:53:13", "tweet": "@dennis_p @Tesla Now if Tesla would just preserve their early prototype vehicles.  A couple very early alpha and beta Model S's we're last seen languishing in a storage lot and in sad shape.", "likes_count": 1, "replies_count": 0, "retweets_count": 0, "hashtags": []}
