{"id": 982769981304786944, "date": "2018-04-07", "time": "19:59:57", "tweet": "@lexiheft Still waiting on my first sighting. Going to see one on Tuesday at Tesla in Columbus, Ohio.", "likes_count": 2, "replies_count": 1, "retweets_count": 0, "hashtags": []}
{"id": 982769925889519616, "date": "2018-04-07", "time": "19:59:43", "tweet": "Is it bad I laugh whenever I see a Tesla on the shoulder? Like in my head I imagine a brogrammer yelling that Elon said it was the best car ever.", "likes_count": 1, "replies_count": 0, "retweets_count": 0, "hashtags": []}
{"id": 982769731873587201, "date": "2018-04-07", "time": "19:58:57", "tweet": "Tesla diz que Model X estava em modo semiautônomo durante acidente fatal  https://t.co/MBjor1cZFM", "likes_count": 0, "replies_count": 0, "retweets_count": 0, "hashtags": []}
{"id": 982769403682009088, "date": "2018-04-07", "time": "19:57:39", "tweet": "First volunteer opportunity for this year: thank you to BAE, and Chris Beck and his fellow students, plus our fabulous regulars. You are so generous to give your time to Tesla Science Center at Wardenclyffe. This promises to be an exciting year!", "likes_count": 15, "replies_count": 0, "retweets_count": 3, "hashtags": []}
{"id": 982769384631386112, "date": "2018-04-07", "time": "19:57:34", "tweet": "Just lookin for a man with a tesla yennoe", "likes_count": 1, "replies_count": 0, "retweets_count": 0, "hashtags": []}
{"id": 982769366025424897, "date": "2018-04-07", "time": "19:57:30", "tweet": "Lawsuit Over SolarCity Buyout a Distraction Tesla Doesn't Need  https://t.co/uTCzL3LhBC", "likes_count": 0, "replies_count": 0, "retweets_count": 0, "hashtags": []}
{"id": 982769364708438021, "date": "2018-04-07", "time": "19:57:30", "tweet": "Tesla could run out of cash before the end of the year — here's how Elon Musk could change that ...  https://t.co/0PRljWExxH", "likes_count": 0, "replies_count": 0, "retweets_count": 0, "hashtags": []}
{"id": 982769363345293313, "date": "2018-04-07", "time": "19:57:29", "tweet": "Tesla has a problem - and it's not the Model 3  https://t.co/sPLiN9n35N", "likes_count": 0, "replies_count": 0, "retweets_count": 0, "hashtags": []}
{"id": 982769361961205760, "date": "2018-04-07", "time": "19:57:29", "tweet": "Tesla's SolarCity headache  https://t.co/O4gsZZVtls", "likes_count": 0, "replies_count": 0, "retweets_count": 0, "hashtags": []}
{"id": 982769360711303168, "date": "2018-04-07", "time": "19:57:29", "tweet": "Hidden by Model 3 mess, Tesla's debt problem about to emerge  https://t.co/QCY9H0CYGA", "likes_count": 0, "replies_count": 0, "retweets_count": 0, "hashtags": []}
{"id": 982769320269758464, "date": "2018-04-07", "time": "19:57:19", "tweet": "Tesla// #tesla // teslaband // #florida @floridatheatre #igersjax. #classic…  https://t.co/78OtzvBrXh", "likes_count": 0, "replies_count": 0, "retweets_count": 0, "hashtags": ["tesla", "florida", "igersjax", "classic"]}
{"id": 982769291564015616, "date": "2018-04-07", "time": "19:57:12", "tweet": "tesla has not cured me", "likes_count": 0, "replies_count": 0, "retweets_count": 0, "hashtags": []}
{"id": 982769157379895296, "date": "2018-04-07", "time": "19:56:40", "tweet": "Tesla could run out of cash before the end of the year — here's how Elon Musk could change that  https://t.co/uuvMAxMPlF #currentaffairs", "likes_count": 0, "replies_count": 0, "retweets_count": 0, "hashtags": ["currentaffairs"]}
{"id": 982768990387888128, "date": "2018-04-07", "time": "19:56:00", "tweet": "@InGottesAuftrag @kuuraudo @schonwiederda @elliotttender wie z.B Elon Musk, er hat am 1. April geschrieben das Tesla bankrott geht.", "likes_count": 0, "replies_count": 0, "retweets_count": 0, "hashtags": []}
{"id": 982768958146162688, "date": "2018-04-07", "time": "19:55:53", "tweet": "@TheSlyWolfy It's no joke. You care to explain how Trumpzilla is going to pass clean car regulations and force major auto makers to make clean cars? Tesla and Nissan are it. Mirai is great but nobody will make hydrogen filling stations. Musk pays his employees well, and they are willing....", "likes_count": 0, "replies_count": 0, "retweets_count": 0, "hashtags": []}
{"id": 982768875275243521, "date": "2018-04-07", "time": "19:55:33", "tweet": "10-Pack MR CONDITIONAL Tesla Label MRI Conditional Vinyl Sticker for Radiology 2 x 2 inch Waterproof Disinfectable  https://t.co/YrCYMwiVjE", "likes_count": 0, "replies_count": 0, "retweets_count": 0, "hashtags": []}
{"id": 982768766252613632, "date": "2018-04-07", "time": "19:55:07", "tweet": "@Brujilla_Tesla @RamirezClaudia_ Si, me consta que te sigue desde hace tiempo jajajaja Hola Tesla jajajaja", "likes_count": 1, "replies_count": 1, "retweets_count": 0, "hashtags": []}
{"id": 982768748145856513, "date": "2018-04-07", "time": "19:55:03", "tweet": "@Tesla continues to impress us! Check out their new Urban Supercharger:  https://t.co/PtpMC2lUT3 #Tesla #city", "likes_count": 1, "replies_count": 0, "retweets_count": 1, "hashtags": ["tesla", "city"]}
{"id": 982768496995160065, "date": "2018-04-07", "time": "19:54:03", "tweet": "Tesla Confirms That Autopilot Was Active in Fatal Model X Crash  https://t.co/yrb8QxeGS7 #ThePosting", "likes_count": 0, "replies_count": 0, "retweets_count": 0, "hashtags": ["theposting"]}
{"id": 982768442125234177, "date": "2018-04-07", "time": "19:53:50", "tweet": "en vrai nn, ils se feront bouffer par tesla  https://t.co/FkRJFApTwM", "likes_count": 1, "replies_count": 1, "retweets_count": 0, "hashtags": []}
{"id": 982768262504165376, "date": "2018-04-07", "time": "19:53:07", "tweet": "I just drove the Tesla with both eyes closed", "likes_count": 1, "replies_count": 0, "retweets_count": 0, "hashtags": []}
{"id": 982767967682334720, "date": "2018-04-07", "time": "19:51:57", "tweet": "Tesla svolává 123 000 elektromobilů Model S kvůli rezavějícím šroubům  https://t.co/lPWJCHNwru", "likes_count": 0, "replies_count": 0, "retweets_count": 0, "hashtags": []}
{"id": 982767903983505408, "date": "2018-04-07", "time": "19:51:41", "tweet": "@BuyMeKH TESLA ABOVE ALL", "likes_count": 1, "replies_count": 0, "retweets_count": 0, "hashtags": []}
{"id": 982767867228717056, "date": "2018-04-07", "time": "19:51:33", "tweet": "How is Tesla stock..  https://t.co/sxc7bnjhgq", "likes_count": 0, "replies_count": 0, "retweets_count": 0, "hashtags": []}
{"id": 982767632393777152, "date": "2018-04-07", "time": "19:50:37", "tweet": "Ich mag das @YouTube-Video:  https://t.co/VOx4sZNf1N RS7 vs Lambo vs Porsche vs Tesla | Ksfreakwhatelse | Dragrace!", "likes_count": 0, "replies_count": 0, "retweets_count": 0, "hashtags": []}
{"id": 982767594829762560, "date": "2018-04-07", "time": "19:50:28", "tweet": "@BuyMeKH i have them both does this mean i should feed edison to tesla", "likes_count": 1, "replies_count": 1, "retweets_count": 0, "hashtags": []}
{"id": 982767573329727488, "date": "2018-04-07", "time": "19:50:23", "tweet": "9 coisas que você precisa saber sobre Nikola Tesla  https://t.co/1hJvr93XZn", "likes_count": 0, "replies_count": 0, "retweets_count": 0, "hashtags": []}
{"id": 982767492052471808, "date": "2018-04-07", "time": "19:50:03", "tweet": "Video muestra cómo falla el piloto automático de Tesla en el mismo lugar del accidente fatal  https://t.co/MYIrjl2nuM", "likes_count": 0, "replies_count": 0, "retweets_count": 0, "hashtags": []}
{"id": 982767423383273472, "date": "2018-04-07", "time": "19:49:47", "tweet": "PUBLISHERS NOTE/ +100  #BloombergModel3BuildTracker     04.07.18  @Tesla, #Automotive #Division #TeslaModel3 #Model3 #ElectricFueledVehicle: #EV #ZEV #ElectricCar  Thirteen Thousand, Seven Hundred And Twenty Three    13,723+ Total Cars  / 1,294+ Wk   https://t.co/sHVfSha4Vs  $TSLA  https://t.co/KnJn9spG11", "likes_count": 1, "replies_count": 0, "retweets_count": 1, "hashtags": ["bloombergmodel3buildtracker", "automotive", "division", "teslamodel3", "model3", "electricfueledvehicle", "ev", "zev", "electriccar"]}
{"id": 982767027596165120, "date": "2018-04-07", "time": "19:48:12", "tweet": "Someone left their Tesla trunk up. And wide open. No worries though. It’s chestnut hill lol", "likes_count": 0, "replies_count": 0, "retweets_count": 0, "hashtags": []}
{"id": 982767012605607936, "date": "2018-04-07", "time": "19:48:09", "tweet": "Dejaré esto por aquí, para que no digan que el amargado soy yo.  Mi opinión sobre TESLA... ¿nos ENGAÑAN?  https://t.co/0EP8n50PyV", "likes_count": 0, "replies_count": 0, "retweets_count": 0, "hashtags": []}
{"id": 982766968708071425, "date": "2018-04-07", "time": "19:47:58", "tweet": "Nikola Motors To Refund All Semi Deposits In Swipe At Tesla - InsideEVs  https://t.co/6FHUuwyKr3", "likes_count": 0, "replies_count": 0, "retweets_count": 0, "hashtags": []}
{"id": 982766890853396481, "date": "2018-04-07", "time": "19:47:40", "tweet": "#SolarPower: Tesla Powerwall is chosen for a virtual power plant in Lebanon but Sunrun wants in ...  https://t.co/vkhq7B4uc4", "likes_count": 0, "replies_count": 0, "retweets_count": 0, "hashtags": ["solarpower"]}
{"id": 982766772876201985, "date": "2018-04-07", "time": "19:47:12", "tweet": " https://t.co/jBfsqJUyHZ #MindControl #Magnetic #Wireless #Radio From remote powered lamps, Nerve and Muscle cells, Magnetic field of the earth I could have also thought you a technology design to harness power from Magnetic field of the earth (not just principle) @Tesla", "likes_count": 0, "replies_count": 0, "retweets_count": 0, "hashtags": ["mindcontrol", "magnetic", "wireless", "radio"]}
{"id": 982766771584356352, "date": "2018-04-07", "time": "19:47:11", "tweet": " https://t.co/ogkNuVEJdO #MindControl #Magnetic #Wireless #Radio From remote powered lamps, Nerve and Muscle cells, Magnetic field of the earth I could have also thought you a technology design to harness power from Magnetic field of the earth (not just principle) @Tesla", "likes_count": 0, "replies_count": 0, "retweets_count": 0, "hashtags": ["mindcontrol", "magnetic", "wireless", "radio"]}
{"id": 982766770233671680, "date": "2018-04-07", "time": "19:47:11", "tweet": " https://t.co/m7L70QvHc7 #MindControl #Magnetic #Wireless #Radio From remote powered lamps, Nerve and Muscle cells, Magnetic field of the earth I could have also thought you a technology design to harness power from Magnetic field of the earth (not just principle) @Tesla", "likes_count": 0, "replies_count": 0, "retweets_count": 0, "hashtags": ["mindcontrol", "magnetic", "wireless", "radio"]}
{"id": 982766769000669185, "date": "2018-04-07", "time": "19:47:11", "tweet": " https://t.co/NEhMlztahU #MindControl #Magnetic #Wireless #Radio From remote powered lamps, Nerve and Muscle cells, Magnetic field of the earth I could have also thought you a technology design to harness power from Magnetic field of the earth (not just principle) @Tesla", "likes_count": 0, "replies_count": 0, "retweets_count": 0, "hashtags": ["mindcontrol", "magnetic", "wireless", "radio"]}
{"id": 982766763451527168, "date": "2018-04-07", "time": "19:47:09", "tweet": " https://t.co/hwTAxCMWOy #MindControl #Magnetic #Wireless #Radio From remote powered lamps, Nerve and Muscle cells, Magnetic field of the earth I could have also thought you a technology design to harness power from Magnetic field of the earth (not just principle) @Tesla", "likes_count": 0, "replies_count": 0, "retweets_count": 0, "hashtags": ["mindcontrol", "magnetic", "wireless", "radio"]}
{"id": 982766762004570112, "date": "2018-04-07", "time": "19:47:09", "tweet": " https://t.co/Zbkx1eLG4Z #MindControl #Magnetic #Wireless #Radio From remote powered lamps, Nerve and Muscle cells, Magnetic field of the earth I could have also thought you a technology design to harness power from Magnetic field of the earth (not just principle) @Tesla", "likes_count": 0, "replies_count": 0, "retweets_count": 0, "hashtags": ["mindcontrol", "magnetic", "wireless", "radio"]}
{"id": 982766760679149570, "date": "2018-04-07", "time": "19:47:09", "tweet": " https://t.co/w9GfCSeqXR #MindControl #Magnetic #Wireless #Radio From remote powered lamps, Nerve and Muscle cells, Magnetic field of the earth I could have also thought you a technology design to harness power from Magnetic field of the earth (not just principle) @Tesla", "likes_count": 0, "replies_count": 0, "retweets_count": 0, "hashtags": ["mindcontrol", "magnetic", "wireless", "radio"]}
