{"id": 1069018190125170690, "date": "2018-12-01", "time": "18:59:32", "tweet": "One of the faithful getting \"suspicious\"...  \"One poster on this forum rejected 5 automobiles before accepting the 6th. Tesla didn't scrap those 5.\"  Has anyone come across TMC posts by someone about rejecting 5 cars?  $TSLA  https://t.co/UgOPLZDnI4", "likes_count": 10, "replies_count": 2, "retweets_count": 0, "hashtags": []}
{"id": 1069018087024930817, "date": "2018-12-01", "time": "18:59:07", "tweet": "Stole my cuz favorite Tesla for a while with @ShimmerEvil ,  @flashevil1  and @carlos23324560  sorry cuz @tmntandmlpappl1  had too", "likes_count": 0, "replies_count": 0, "retweets_count": 0, "hashtags": []}
{"id": 1069018050064773120, "date": "2018-12-01", "time": "18:58:59", "tweet": "@JimneyCredit @RandyVegetables @VickiSalvador @cazin678 @sbalatan @Tesla Financial fraud investigation? Any concrete inside information?", "likes_count": 1, "replies_count": 2, "retweets_count": 0, "hashtags": []}
{"id": 1069018033988009986, "date": "2018-12-01", "time": "18:58:55", "tweet": "Police in the San Francisco Bay Area took an unusual approach to stop a Tesla operating on Autopilot as a drunk driver slept behind the wheel  https://t.co/g8HGtmdkcn", "likes_count": 1, "replies_count": 0, "retweets_count": 0, "hashtags": []}
{"id": 1069017998575300608, "date": "2018-12-01", "time": "18:58:46", "tweet": "Looking at the safety standards of Tesla and the recent experiences of customers, I have decided that my first new car in North America would be a Tesla! @nikesharora @elonmusk @Tesla", "likes_count": 0, "replies_count": 0, "retweets_count": 0, "hashtags": []}
{"id": 1069017982959927297, "date": "2018-12-01", "time": "18:58:43", "tweet": "ele nunca vai dar o tesla na minha mão", "likes_count": 0, "replies_count": 1, "retweets_count": 0, "hashtags": []}
{"id": 1069017976840564737, "date": "2018-12-01", "time": "18:58:41", "tweet": "@dajiru2011 @HappyTorrentt @nikesharora @elonmusk @Tesla They did surgery on a grape", "likes_count": 0, "replies_count": 1, "retweets_count": 0, "hashtags": []}
{"id": 1069017915033296897, "date": "2018-12-01", "time": "18:58:26", "tweet": "@Luke_Morrison_ @elonmusk @Tesla Isn’t this an episode from Silicon Valley", "likes_count": 2, "replies_count": 0, "retweets_count": 0, "hashtags": []}
{"id": 1069017894061834240, "date": "2018-12-01", "time": "18:58:21", "tweet": "I liked a @YouTube video  https://t.co/lRC6UIbZRz Nikola Tesla Discovered The Black Knight Satellite", "likes_count": 0, "replies_count": 0, "retweets_count": 0, "hashtags": []}
{"id": 1069017873211748353, "date": "2018-12-01", "time": "18:58:17", "tweet": "@ValueAnalyst1 @pprstrtspcmpy @VGrinshpun @Aceinmysleeve1 As I recall, the deferred revenue is because the resale guarantee forced Tesla to use lease accounting, whereby they had to take revenue and associated margins gradually over time for cars with the resale guarantee as well as true leases.", "likes_count": 0, "replies_count": 1, "retweets_count": 0, "hashtags": []}
{"id": 1069017856635891714, "date": "2018-12-01", "time": "18:58:13", "tweet": "@jenbaaxter Buy a Tesla it can drive you MAGINE", "likes_count": 1, "replies_count": 1, "retweets_count": 0, "hashtags": []}
{"id": 1069017805176143872, "date": "2018-12-01", "time": "18:58:00", "tweet": "@elonmusk I have one quick question regarding co2A Tesla runs on solar energy, which is stored in lithium-ion batterys, which is produced by solar panels. Alone the production of an average solarpannel produces 2.5x co2 compared to gasenergy. Why don't you focus on reducing that?", "likes_count": 0, "replies_count": 0, "retweets_count": 0, "hashtags": []}
{"id": 1069017759802187776, "date": "2018-12-01", "time": "18:57:49", "tweet": "@tesla_25 @tadeumgbh54 @JosuGomes4 @Estadao @EstadaoEconomia Henrique.. ensinou como se faz uma análise de economia. Q não é ser a primeira ou a décima economia do mundo p achar que a economia é ou está boa. Que bela desesquerdizada! 🤣", "likes_count": 0, "replies_count": 0, "retweets_count": 0, "hashtags": []}
{"id": 1069017733482905600, "date": "2018-12-01", "time": "18:57:43", "tweet": "@Howlenator @elonmusk @nikesharora @Tesla Yah lol... did you know that Amazon’s facial recognition system can actually only accurately categorize people who have had strokes? They designed the system around Jeff’s face apparently", "likes_count": 1, "replies_count": 0, "retweets_count": 0, "hashtags": []}
{"id": 1069017723211001856, "date": "2018-12-01", "time": "18:57:41", "tweet": "@elonmusk @nikesharora @Tesla Glad you're okay", "likes_count": 0, "replies_count": 0, "retweets_count": 0, "hashtags": []}
{"id": 1069017689845391361, "date": "2018-12-01", "time": "18:57:33", "tweet": "@Ares1X @DMC_Ryan @Model3Owners @Tesla I’ve had that 3 times — usually corrects itself the next time I get in. Do check the sensors to make sure they are clean though", "likes_count": 4, "replies_count": 3, "retweets_count": 0, "hashtags": []}
{"id": 1069017623873105920, "date": "2018-12-01", "time": "18:57:17", "tweet": "@nytimesbusiness: Drawn to Tesla’s car factory by prospects of a bright future, many black workers say they instead encountered racism on the job  https://t.co/bxrzMiXUN6…  https://t.co/CT7ndAuBqZ", "likes_count": 0, "replies_count": 0, "retweets_count": 0, "hashtags": []}
{"id": 1069017621880807426, "date": "2018-12-01", "time": "18:57:17", "tweet": "El Tesla Model 3 se estrena en Madrid - Cinco Días  https://t.co/qkpQNoeykR", "likes_count": 0, "replies_count": 0, "retweets_count": 0, "hashtags": []}
{"id": 1069017588259123200, "date": "2018-12-01", "time": "18:57:09", "tweet": "@InsideEVs @Tesla @Rivian I think @Rivian are the first true competitors. No other brand really comes close... Though IF Lucid make it... Maybe.", "likes_count": 1, "replies_count": 0, "retweets_count": 0, "hashtags": []}
{"id": 1069017541971009537, "date": "2018-12-01", "time": "18:56:58", "tweet": "@elonmusk @tesla any plans for 1-2 tesla \"RaceChargers\"/superchargers right outside of racetracks (if superchargers are not within 20mins of track)with a premium 4-5x supercharging kwh rate. Or are you going to leave it up to the tracks to implement charging at their own pace?", "likes_count": 0, "replies_count": 0, "retweets_count": 0, "hashtags": []}
