{"id": 992916790329069568, "date": "2018-05-05", "time": "19:59:44", "tweet": "@TrashBoat3015 @Tesla @elonmusk @Model3Owners @TheTeslaShow @DMC_Ryan #teslaforteachers, they should give teachers a special price and finances.. support heroes", "likes_count": 1, "replies_count": 0, "retweets_count": 0, "hashtags": ["teslaforteachers"]}
{"id": 992916759211593728, "date": "2018-05-05", "time": "19:59:37", "tweet": "@BenedictEvans Maybe I'm totally mistaken but I thought the whole point of the Gigafactories was to make batteries. And eventually make batteries for other car companies. That, along with the innovations like solar roofs makes Tesla more than just a car company.", "likes_count": 0, "replies_count": 1, "retweets_count": 0, "hashtags": []}
{"id": 992916747098337281, "date": "2018-05-05", "time": "19:59:34", "tweet": "Tykkäsin @YouTube-videosta  https://t.co/KNaQSFrHLi Q&amp;A with my Girlfriend! | Tesla Model X POV Style Drive, Sort of! (IRL)", "likes_count": 0, "replies_count": 0, "retweets_count": 0, "hashtags": []}
{"id": 992916725627699201, "date": "2018-05-05", "time": "19:59:29", "tweet": "Elon Musk’s Bizarre Behavior Is Costing Tesla Billions  https://t.co/jR3pkB1peK", "likes_count": 1, "replies_count": 0, "retweets_count": 0, "hashtags": []}
{"id": 992916696745816065, "date": "2018-05-05", "time": "19:59:22", "tweet": "We are approaching a world with unlimited solar energy that is usable and storable. Watch what Tesla is doing?", "likes_count": 0, "replies_count": 0, "retweets_count": 0, "hashtags": []}
{"id": 992916601472106496, "date": "2018-05-05", "time": "19:58:59", "tweet": "(テスラ)TESLA メンズ タンクトップ [UVカット・吸汗速乾]コンプレッションウェア パワーストレッチ アンダーウェア N15 / MUN04 TESLA(テスラ) (63) 新品： ￥ 1,390 - ￥ 63,256 ￥ 899 - ￥ 1,297…  https://t.co/Fczq6n3RUZ", "likes_count": 0, "replies_count": 0, "retweets_count": 0, "hashtags": []}
{"id": 992916568563597313, "date": "2018-05-05", "time": "19:58:52", "tweet": "Tesla's Musk calls Wall Street snub 'foolish' but defends his behavior  https://t.co/tbO9T5Dj4T", "likes_count": 0, "replies_count": 0, "retweets_count": 0, "hashtags": []}
{"id": 992916515413549056, "date": "2018-05-05", "time": "19:58:39", "tweet": "En @elconfidencial: Los Tesla chinos de bajo coste que quieren conquistar el mundo  https://t.co/qsLAoqUFrB", "likes_count": 0, "replies_count": 0, "retweets_count": 0, "hashtags": []}
{"id": 992916495725293568, "date": "2018-05-05", "time": "19:58:34", "tweet": "@CryptOrca Doing what he can to distract from the dumpster fire that is Tesla", "likes_count": 1, "replies_count": 0, "retweets_count": 0, "hashtags": []}
{"id": 992916425735057408, "date": "2018-05-05", "time": "19:58:18", "tweet": "Shabazz - Tesla", "likes_count": 0, "replies_count": 0, "retweets_count": 0, "hashtags": []}
{"id": 992916412720144384, "date": "2018-05-05", "time": "19:58:14", "tweet": "@elonmusk Elon! I just talked with folks who own one of your cars. Gull wings, 3 rows of seating, like an suv - I don’t know the model - but these people rave about your car and it was amazing hearing and seeing all the features. Viva la Tesla in SW Florida!", "likes_count": 0, "replies_count": 0, "retweets_count": 0, "hashtags": []}
{"id": 992916384760958976, "date": "2018-05-05", "time": "19:58:08", "tweet": "Dat Tesla got  me stuck", "likes_count": 0, "replies_count": 0, "retweets_count": 0, "hashtags": []}
{"id": 992916341232406529, "date": "2018-05-05", "time": "19:57:57", "tweet": "Bazen şu özgürlüğün, keyfiliğin tadını merak ediyorum. Adam, parası olan Tesla(bilimci olan) gibi. Her kahvaltıdan önce bir şey icat ediyor, ama bunun parası var ve malum;milenyum pici. CandyCompany ne, şapka, lav silahı ne... Ps: her şey paradır:(  https://t.co/wiH5x71cZW", "likes_count": 0, "replies_count": 0, "retweets_count": 0, "hashtags": []}
{"id": 992916320302776320, "date": "2018-05-05", "time": "19:57:52", "tweet": "@elonmusk spacefoodsticks2.0 BFR gummies. Pretzel SpaceX Engineers. You're welcome sir! #candy #tesla #spacex", "likes_count": 0, "replies_count": 0, "retweets_count": 0, "hashtags": ["candy", "tesla", "spacex"]}
{"id": 992916305056583680, "date": "2018-05-05", "time": "19:57:49", "tweet": "Pitágoras, Platón, Newton, Da Vinci, Tesla, Einstein, Edison, Darwin, Voltaire, Porfirio, Ovidio, Ghandi, Buda, de Asís, Thoreau, Rousseau... TODOS VEGETARIANOS", "likes_count": 0, "replies_count": 0, "retweets_count": 0, "hashtags": []}
{"id": 992916271913226240, "date": "2018-05-05", "time": "19:57:41", "tweet": "@Radio_Films Čitam da 450.000 kupaca čeka na jedan od modela \"Tesla\". Moram reći da se Nemačko pravosuđe obrukala sa \"dizelašima\".", "likes_count": 0, "replies_count": 1, "retweets_count": 0, "hashtags": []}
{"id": 992916025153867776, "date": "2018-05-05", "time": "19:56:42", "tweet": "@ElleOhHell This is all a diversion to bring in some Oompa-Loompas to speed up Tesla production.", "likes_count": 1, "replies_count": 0, "retweets_count": 0, "hashtags": []}
{"id": 992915992014737408, "date": "2018-05-05", "time": "19:56:34", "tweet": "Nothing like driving in a Tesla  https://t.co/aXPpSaBUBn", "likes_count": 0, "replies_count": 0, "retweets_count": 0, "hashtags": []}
{"id": 992915767061463042, "date": "2018-05-05", "time": "19:55:41", "tweet": "@elonmusk Please don't. We have 3 Tesla's &amp; we Love them. Just stay focused on what you are already good at.", "likes_count": 0, "replies_count": 0, "retweets_count": 0, "hashtags": []}
{"id": 992915666620399616, "date": "2018-05-05", "time": "19:55:17", "tweet": "@tesla_admiral えっそうなの", "likes_count": 0, "replies_count": 1, "retweets_count": 0, "hashtags": []}
