{"id": 1023357422465949701, "date": "2018-07-28", "time": "19:59:57", "tweet": "@nimietas @Charlie_Luso @little1er @mistahx420 @PaulStorost @JensHibbeler @elonmusk @Tesla IEEE Spectrum are well known for promulgating pro H2 fuel cell stuff. Tells you all you need to know about the countless anti EV articles. They got blown apart some time ago. Check out the threads on various EV forums. Goodnight!", "likes_count": 0, "replies_count": 0, "retweets_count": 0, "hashtags": []}
{"id": 1023357337908781058, "date": "2018-07-28", "time": "19:59:37", "tweet": "@cloakzy Tesla", "likes_count": 2, "replies_count": 0, "retweets_count": 0, "hashtags": []}
{"id": 1023357198800498688, "date": "2018-07-28", "time": "19:59:03", "tweet": "His winning bet during the financial crisis garnered him fame—now, he’s betting against Tesla   https://t.co/hKSejbyStq #Shorts #Tesla #TimeForShortSellers #TeslaShorts", "likes_count": 0, "replies_count": 0, "retweets_count": 0, "hashtags": ["shorts", "tesla", "timeforshortsellers", "teslashorts"]}
{"id": 1023357179468886017, "date": "2018-07-28", "time": "19:58:59", "tweet": "In my SANS ICS410 Industrial Control System Security class I offer a thousand in cash featuring Nicola Tesla (father of AC power)  for excellent answers to questions.  The students seem to like it; wonder what the TSA will think of my suitcase?  #SANS #ICS410 #Pittsburgh  https://t.co/OMBBvhZX0L", "likes_count": 9, "replies_count": 2, "retweets_count": 2, "hashtags": ["sans", "ics410", "pittsburgh"]}
{"id": 1023356992012931074, "date": "2018-07-28", "time": "19:58:14", "tweet": "Tesla is making a $1500… surfboard? -  https://t.co/ote9cAqUVk", "likes_count": 0, "replies_count": 0, "retweets_count": 0, "hashtags": []}
{"id": 1023356957850251264, "date": "2018-07-28", "time": "19:58:06", "tweet": "@alexiaraye @cloakzy Tesla sound= 0% r8 sound= 💯 % .....", "likes_count": 3, "replies_count": 0, "retweets_count": 0, "hashtags": []}
{"id": 1023356862975156224, "date": "2018-07-28", "time": "19:57:43", "tweet": "@sullivat1 @Tesla and you are clearly lying but thats ok, we know you need to lie for Lord Elon. The cult demands it !", "likes_count": 0, "replies_count": 0, "retweets_count": 0, "hashtags": []}
{"id": 1023356860743598080, "date": "2018-07-28", "time": "19:57:43", "tweet": "@PaulStorost @elonmusk @Tesla So cotton candy grapes, cause those are great", "likes_count": 0, "replies_count": 0, "retweets_count": 0, "hashtags": []}
{"id": 1023356850455162885, "date": "2018-07-28", "time": "19:57:40", "tweet": "Spoke to a Tesla salesmen in Toronto today and the Model 3 starts at the equivalent of £27k WITHOUT gov sub. So if we paid the same in the UK with the sub we should be paying £22k!?? @bobbyllew what do you think we'll pay?", "likes_count": 0, "replies_count": 0, "retweets_count": 0, "hashtags": []}
{"id": 1023356835690999808, "date": "2018-07-28", "time": "19:57:37", "tweet": "Tesla is making a $1500… surfboard?  https://t.co/dnVArToSyQ  https://t.co/IOq3OTafZ4", "likes_count": 0, "replies_count": 0, "retweets_count": 0, "hashtags": []}
{"id": 1023356834344660992, "date": "2018-07-28", "time": "19:57:37", "tweet": "Tesla is making a $1500… surfboard?  https://t.co/Ymstrd8PRU via @TechCrunch  https://t.co/FkC7ixk1YC", "likes_count": 0, "replies_count": 0, "retweets_count": 0, "hashtags": []}
{"id": 1023356832775987200, "date": "2018-07-28", "time": "19:57:36", "tweet": "Tesla is making a $1500… surfboard?  https://t.co/W4yUi00CdE  https://t.co/BNDAZYIuBk", "likes_count": 0, "replies_count": 0, "retweets_count": 0, "hashtags": []}
{"id": 1023356830884323328, "date": "2018-07-28", "time": "19:57:36", "tweet": "Tesla is making a $1500… surfboard?  https://t.co/apr45aK5x2  https://t.co/LuUtsGQviS", "likes_count": 0, "replies_count": 0, "retweets_count": 1, "hashtags": []}
{"id": 1023356829403832320, "date": "2018-07-28", "time": "19:57:35", "tweet": "Tesla is making a $1500… surfboard?  https://t.co/lUPIRxD04N  https://t.co/eXovFSqzEZ", "likes_count": 0, "replies_count": 0, "retweets_count": 0, "hashtags": []}
{"id": 1023356828938264576, "date": "2018-07-28", "time": "19:57:35", "tweet": "Tesla is making a $1500… surfboard?  https://t.co/XHvu81YMPP  https://t.co/WJOv0XYjq7", "likes_count": 0, "replies_count": 0, "retweets_count": 0, "hashtags": []}
{"id": 1023356828141244416, "date": "2018-07-28", "time": "19:57:35", "tweet": "Tesla is making a $1500… surfboard?  https://t.co/mwQTIOdjCa in @TechCrunch  https://t.co/jy2n7u0gkd", "likes_count": 14, "replies_count": 0, "retweets_count": 12, "hashtags": []}
{"id": 1023356828107735041, "date": "2018-07-28", "time": "19:57:35", "tweet": "Tesla is making a $1500… surfboard?  https://t.co/myng94WYxX  https://t.co/sp16Dg6DU7", "likes_count": 0, "replies_count": 0, "retweets_count": 0, "hashtags": []}
{"id": 1023356827814121472, "date": "2018-07-28", "time": "19:57:35", "tweet": "Tesla is making a $1500… surfboard?  https://t.co/p65GdZSrdf  https://t.co/fNOSA1mpXL", "likes_count": 0, "replies_count": 0, "retweets_count": 0, "hashtags": []}
{"id": 1023356823590457344, "date": "2018-07-28", "time": "19:57:34", "tweet": "#Tesla is making a $1500… surfboard?  https://t.co/VqFUZ6TbEV  https://t.co/6IYwLin0Uq", "likes_count": 0, "replies_count": 0, "retweets_count": 0, "hashtags": ["tesla"]}
{"id": 1023356823552716800, "date": "2018-07-28", "time": "19:57:34", "tweet": "Tesla is making a $1500… surfboard?  https://t.co/vzhAvcdThE  https://t.co/tOKgNdZ6sn", "likes_count": 0, "replies_count": 0, "retweets_count": 0, "hashtags": []}
{"id": 1023356823162650625, "date": "2018-07-28", "time": "19:57:34", "tweet": "Tesla is making a $1500… surfboard?  https://t.co/HjdzASyWWL  https://t.co/VzhomoGKRw", "likes_count": 0, "replies_count": 0, "retweets_count": 0, "hashtags": []}
{"id": 1023356823045165056, "date": "2018-07-28", "time": "19:57:34", "tweet": "Tesla is making a $1500… surfboard?  https://t.co/8esjGc8UvQ  https://t.co/mTYvJGfDr8", "likes_count": 0, "replies_count": 0, "retweets_count": 0, "hashtags": []}
{"id": 1023356822478938112, "date": "2018-07-28", "time": "19:57:34", "tweet": "Tesla is making a $1500… surfboard?  https://t.co/GcfpavM3Td  https://t.co/N2xEvC8UsT  https://t.co/EexTPa3TSY", "likes_count": 0, "replies_count": 0, "retweets_count": 0, "hashtags": []}
{"id": 1023356822030147585, "date": "2018-07-28", "time": "19:57:34", "tweet": "Tesla is making a $1500… surfboard?  https://t.co/ekSm3wsnsl  https://t.co/H4xdesZim8", "likes_count": 0, "replies_count": 0, "retweets_count": 0, "hashtags": []}
{"id": 1023356821728182272, "date": "2018-07-28", "time": "19:57:34", "tweet": "Tesla is making a $1500… surfboard?  https://t.co/5CohT2RYsT  https://t.co/Mszzsj7jtV", "likes_count": 0, "replies_count": 0, "retweets_count": 0, "hashtags": []}
{"id": 1023356820025311232, "date": "2018-07-28", "time": "19:57:33", "tweet": "Tesla is making a $1500… surfboard?  https://t.co/8EFVWB2EWO  https://t.co/OLmNMM4WXc", "likes_count": 0, "replies_count": 0, "retweets_count": 0, "hashtags": []}
{"id": 1023356819144466434, "date": "2018-07-28", "time": "19:57:33", "tweet": "Tesla is making a $1500… surfboard?  https://t.co/vqCTSX1g9l  https://t.co/nyPaoQ3ijx", "likes_count": 0, "replies_count": 0, "retweets_count": 0, "hashtags": []}
{"id": 1023356789000167425, "date": "2018-07-28", "time": "19:57:26", "tweet": "@cloakzy Neither get a Tesla", "likes_count": 0, "replies_count": 0, "retweets_count": 0, "hashtags": []}
{"id": 1023356757425278976, "date": "2018-07-28", "time": "19:57:18", "tweet": "Dear @Tesla , Today I feel almost as happy as the days my kids were born. Thank you for making such a beautiful car and it is well worth the wait . The drive is unlike any other car I have driven before. #model3  https://t.co/IBxUQaF7AL", "likes_count": 6, "replies_count": 0, "retweets_count": 0, "hashtags": ["model3"]}
{"id": 1023356722461724673, "date": "2018-07-28", "time": "19:57:10", "tweet": "I liked a @YouTube video  https://t.co/lhvS7t6mCX The Rogue Tesla Mechanic Resurrecting Salvaged Cars", "likes_count": 0, "replies_count": 0, "retweets_count": 0, "hashtags": []}
{"id": 1023356705315479552, "date": "2018-07-28", "time": "19:57:06", "tweet": "@cloakzy tesla", "likes_count": 590, "replies_count": 13, "retweets_count": 9, "hashtags": []}
{"id": 1023356541766918144, "date": "2018-07-28", "time": "19:56:27", "tweet": "@cloakzy Tesla", "likes_count": 0, "replies_count": 0, "retweets_count": 0, "hashtags": []}
{"id": 1023356538734428161, "date": "2018-07-28", "time": "19:56:26", "tweet": "@PaulStorost @elonmusk @Tesla They're just too bloody expensive.", "likes_count": 0, "replies_count": 0, "retweets_count": 0, "hashtags": []}
{"id": 1023356443901288448, "date": "2018-07-28", "time": "19:56:03", "tweet": "@EnronCapital @Tesla Learn to read, I was talking about last service visit.   Why am I even replying to you?  You are clearly lonely...", "likes_count": 0, "replies_count": 1, "retweets_count": 0, "hashtags": []}
{"id": 1023356302540587008, "date": "2018-07-28", "time": "19:55:30", "tweet": "@FatKidDeals @Tesla @CaseyNeistat", "likes_count": 0, "replies_count": 0, "retweets_count": 0, "hashtags": []}
{"id": 1023356223695990784, "date": "2018-07-28", "time": "19:55:11", "tweet": "@little1er @mistahx420 @PaulStorost @JensHibbeler @elonmusk @Tesla Decrement EV efficiency too? 80%(coal=&gt;steam=&gt;turbine) x 80%(magnito=&gt;transmitted electricity into home) x 80%(battery charge, storage, &amp; leakage) x 80%(discharge electricity=&gt;mechanical wheels). 40.96% is great, except coal has 2x co2/kwh of gasoline? +NiCad mining &amp; disposal...", "likes_count": 1, "replies_count": 0, "retweets_count": 0, "hashtags": []}
{"id": 1023356171191812097, "date": "2018-07-28", "time": "19:54:58", "tweet": "@cloakzy If you go i8 you’ll end up getting a Tesla. Ask @Nadeshot", "likes_count": 6, "replies_count": 0, "retweets_count": 0, "hashtags": []}
{"id": 1023356159414218752, "date": "2018-07-28", "time": "19:54:56", "tweet": "@phil_hellmuth @elonmusk @Tesla And he deserves bean jokes once in awhile.", "likes_count": 0, "replies_count": 0, "retweets_count": 0, "hashtags": []}
{"id": 1023356134021685248, "date": "2018-07-28", "time": "19:54:50", "tweet": "@stavvybaby The battery for the Tesla roadster comes from John Vorster’s vibrator", "likes_count": 0, "replies_count": 0, "retweets_count": 0, "hashtags": []}
{"id": 1023356113121492992, "date": "2018-07-28", "time": "19:54:45", "tweet": "@Bethink_RBX Cereal and eggs. Chicken nuggets and fries. Fish. Chicken. Toyota, Bugatti, lambo, Tesla roster", "likes_count": 1, "replies_count": 0, "retweets_count": 0, "hashtags": []}
{"id": 1023356045454979073, "date": "2018-07-28", "time": "19:54:28", "tweet": "@PaulStorost @elonmusk @Tesla Those shorts should be illegal lol", "likes_count": 0, "replies_count": 0, "retweets_count": 0, "hashtags": []}
{"id": 1023355722246107136, "date": "2018-07-28", "time": "19:53:11", "tweet": "gerald_bader : Tesla is making a $1500… surfboard? via Greg Kumparak  https://t.co/PVucJJlNB4 #Bot #ML #AI #Analytics #RPA #Blockchain  https://t.co/NtSN7q7bfN (via Twitter  https://t.co/OKgjvg0Jca)  https://t.co/cvjhVTPk8N", "likes_count": 0, "replies_count": 0, "retweets_count": 0, "hashtags": ["bot", "ml", "ai", "analytics", "rpa", "blockchain"]}
{"id": 1023355720341835776, "date": "2018-07-28", "time": "19:53:11", "tweet": "@SamCarbo_18 @hydroquebec Juste comme sa c'est quoi le rapport entre Tesla qui fait que mettre des bornes,se connect sur le réseau électricite et laisse les propriétaires de Tesla se charger gratuit(Tesla paye la factur) et hydro qui est un producteur et distributeur d'électricité....", "likes_count": 1, "replies_count": 0, "retweets_count": 0, "hashtags": []}
{"id": 1023355711290597376, "date": "2018-07-28", "time": "19:53:09", "tweet": "@Neilh111 @teslaology @Tesla @karpathy @elonmusk @teslainventory @LikeTeslaKim @InElonWeTrust_ Nah I use the @Tesla Nav, since it's been updated it's much much better. I've been in new @MercedesBenz and @BMW I still don't understand why their Nav is so ancient looking! It's like 2005 software, have none of the designers ever used @Google maps? Just weird...", "likes_count": 3, "replies_count": 0, "retweets_count": 2, "hashtags": []}
{"id": 1023355694819360768, "date": "2018-07-28", "time": "19:53:05", "tweet": "#Tesla is making a $1500… surfboard?: #Tesla is no stranger to branded merch. Its got the standard company swag — the hats, the shirts, and the mugs. It’s got quirkier stuff, like miniature Teslas for kids and USB chargers shaped like the Superchargers…  https://t.co/kl84mvPTZn  https://t.co/n9RufLG5pP", "likes_count": 0, "replies_count": 0, "retweets_count": 0, "hashtags": ["tesla", "tesla"]}
{"id": 1023355679963115520, "date": "2018-07-28", "time": "19:53:01", "tweet": "@taidi_ji @CathieDWood Lots of naive people... BS OOZING OUT FROM  them WITH ABSOLUTELY NO EVIDENCE.. not doing their homework.. Tesla is the king of EV AND WILL LEAD IN AUTONOMOUS..THE FACTS PROVE IT #tesla #Model3 #tsla  https://t.co/nhf8L95FC2", "likes_count": 0, "replies_count": 0, "retweets_count": 0, "hashtags": ["tesla", "model3", "tsla"]}
{"id": 1023355674044952581, "date": "2018-07-28", "time": "19:53:00", "tweet": "Tesla launches a new product: a surfboard  https://t.co/vzpiGrGjmt via @FredericLambert", "likes_count": 0, "replies_count": 0, "retweets_count": 0, "hashtags": []}
{"id": 1023355647906246656, "date": "2018-07-28", "time": "19:52:54", "tweet": "@BigOrangeHill @phonedrone64 @LauraLMonroe33 @DegenerateVol @elonmusk Imagine being Elon Musk designing a new SpaceX Rocket or Tesla model, and checking your notifications.  I think it’s time to tag @BarackObama just to add more", "likes_count": 1, "replies_count": 2, "retweets_count": 1, "hashtags": []}
{"id": 1023355630944485377, "date": "2018-07-28", "time": "19:52:50", "tweet": "What a Tesla Bankruptcy Can Teach You About Personal Finance  https://t.co/o8UCjIfwWY  https://t.co/D73t93xV1z", "likes_count": 1, "replies_count": 0, "retweets_count": 0, "hashtags": []}
{"id": 1023355622413283328, "date": "2018-07-28", "time": "19:52:48", "tweet": "@gwestr New Short thesis- \"Tesla has so many cars in inventory, they're crushing the front ends to pack them in more tightly.\"", "likes_count": 4, "replies_count": 1, "retweets_count": 0, "hashtags": []}
{"id": 1023355618797805568, "date": "2018-07-28", "time": "19:52:47", "tweet": "Tesla is making a $1500… surfboard?  https://t.co/VwfJisx7Dv  https://t.co/uweWASQ4Sf", "likes_count": 0, "replies_count": 0, "retweets_count": 0, "hashtags": []}
{"id": 1023355558567534593, "date": "2018-07-28", "time": "19:52:32", "tweet": "I liked a @YouTube video  https://t.co/bUxxr787dq Kikawa SLAMS His Tesla Model 3 and Sh*ts All Over The Internet!", "likes_count": 0, "replies_count": 0, "retweets_count": 0, "hashtags": []}
{"id": 1023355548941643783, "date": "2018-07-28", "time": "19:52:30", "tweet": "@sullivat1 @Tesla you posted the pic at 6:32 and were asking for estimated price  and now you are telling us you already got a loaner.  So I assume you already went to service center in the interim, so why did you ask about price of replacement?  $TSLA", "likes_count": 0, "replies_count": 1, "retweets_count": 0, "hashtags": []}
{"id": 1023355525293981697, "date": "2018-07-28", "time": "19:52:24", "tweet": "@GeniusInv Tesla will pepper the seas with offshore charging platforms!", "likes_count": 1, "replies_count": 0, "retweets_count": 0, "hashtags": []}
{"id": 1023355375968505857, "date": "2018-07-28", "time": "19:51:49", "tweet": "Tesla launches a new product: a surfboard | Electrek  https://t.co/82Tx7JKKtT", "likes_count": 1, "replies_count": 0, "retweets_count": 0, "hashtags": []}
{"id": 1023355330913361921, "date": "2018-07-28", "time": "19:51:38", "tweet": "Ni la máquina de hacer rayos de Tesla.", "likes_count": 0, "replies_count": 0, "retweets_count": 0, "hashtags": []}
{"id": 1023355285312876544, "date": "2018-07-28", "time": "19:51:27", "tweet": "@phil_hellmuth @elonmusk @Tesla can't wait to see what kind of home storage batteries @Tesla and @elonmusk comes up with the next couple of years.. thank you for raising the bar !", "likes_count": 1, "replies_count": 0, "retweets_count": 0, "hashtags": []}
{"id": 1023355192127811584, "date": "2018-07-28", "time": "19:51:05", "tweet": "#Tesla is making a $1500… surfboard?  https://t.co/44nJx1ICa3  https://t.co/t53q6t9vND", "likes_count": 0, "replies_count": 0, "retweets_count": 0, "hashtags": ["tesla"]}
{"id": 1023355102365671424, "date": "2018-07-28", "time": "19:50:44", "tweet": "I make submarine to get to my lair under sea of okhosk...I mean to rescue cave boys so they can work in tesla factory.", "likes_count": 3, "replies_count": 0, "retweets_count": 2, "hashtags": []}
{"id": 1023355043217518592, "date": "2018-07-28", "time": "19:50:29", "tweet": "Tesla Model 3 on Autopilot avoids crash in near-miss caught on dashcam  https://t.co/R3DirCfrHR via @FredericLambert", "likes_count": 0, "replies_count": 0, "retweets_count": 0, "hashtags": []}
{"id": 1023355033394597888, "date": "2018-07-28", "time": "19:50:27", "tweet": "@Tesla_cwb Sim. Antes eu passava raiva, agora fico rindo. Jkkkkk", "likes_count": 0, "replies_count": 0, "retweets_count": 0, "hashtags": []}
{"id": 1023355025886769152, "date": "2018-07-28", "time": "19:50:25", "tweet": "Tesla is making a $1500… surfboard?  https://t.co/wGLRqeD6Hm", "likes_count": 0, "replies_count": 0, "retweets_count": 0, "hashtags": []}
{"id": 1023354990042251264, "date": "2018-07-28", "time": "19:50:17", "tweet": "Aight I want a fat ass bank account, a big ass crib, stupendous success, a husband with act right so I can give Carter the sibling he wants and a blacked out Tesla Model X ..", "likes_count": 4, "replies_count": 0, "retweets_count": 1, "hashtags": []}
{"id": 1023354972879167488, "date": "2018-07-28", "time": "19:50:13", "tweet": "Tesla is not normal  https://t.co/UzLcnV6o4J", "likes_count": 0, "replies_count": 0, "retweets_count": 1, "hashtags": []}
{"id": 1023354970559655936, "date": "2018-07-28", "time": "19:50:12", "tweet": "I liked a @YouTube video  https://t.co/Gk812i0Pb2 PRANK gaat nu ECHT FOUT! Anna VRIJGEZEL! Dylan een TESLA? #KingAlert", "likes_count": 0, "replies_count": 0, "retweets_count": 1, "hashtags": ["kingalert"]}
{"id": 1023354964511518725, "date": "2018-07-28", "time": "19:50:11", "tweet": "#tesla is making a $1500… surfboard?  https://t.co/RMXoNoOyRZ  https://t.co/t8rvdwUUO8", "likes_count": 0, "replies_count": 0, "retweets_count": 0, "hashtags": ["tesla"]}
{"id": 1023354949525286919, "date": "2018-07-28", "time": "19:50:07", "tweet": "@EnronCapital @Tesla couldn’t get the alignment perfect during the service visit and order and replaced a couple parts to ensure it was fixed right.  No charge, and all parts arrived within 24 hrs.  Had an awesome loaner too.", "likes_count": 0, "replies_count": 1, "retweets_count": 0, "hashtags": []}
{"id": 1023354947713171456, "date": "2018-07-28", "time": "19:50:07", "tweet": "Tesla is making a $1500… surfboard?  https://t.co/egRJX2neGJ  https://t.co/zacewepsoP", "likes_count": 0, "replies_count": 0, "retweets_count": 0, "hashtags": []}
{"id": 1023354947155324928, "date": "2018-07-28", "time": "19:50:07", "tweet": "Tesla is making a $1500… surfboard?  https://t.co/HEcM4Dvlwb  https://t.co/f2Y3GVzsa6", "likes_count": 0, "replies_count": 0, "retweets_count": 0, "hashtags": []}
{"id": 1023354946211598336, "date": "2018-07-28", "time": "19:50:06", "tweet": "Tesla is making a $1500… surfboard?  https://t.co/rVRsWWImIW via @TechCrunch  https://t.co/EIdEy2IOir", "likes_count": 0, "replies_count": 0, "retweets_count": 0, "hashtags": []}
{"id": 1023354944663867392, "date": "2018-07-28", "time": "19:50:06", "tweet": "Tesla is making a $1500… surfboard?  https://t.co/rjwocz0pYL  https://t.co/Ax0stGW2oK", "likes_count": 0, "replies_count": 0, "retweets_count": 1, "hashtags": []}
{"id": 1023354944273838080, "date": "2018-07-28", "time": "19:50:06", "tweet": "Tesla is making a $1500… surfboard?  https://t.co/3ZQUBH0hqF  https://t.co/xPtoE8b9xw", "likes_count": 0, "replies_count": 0, "retweets_count": 0, "hashtags": []}
{"id": 1023354942050852866, "date": "2018-07-28", "time": "19:50:05", "tweet": "Tesla is making a $1500… surfboard?  https://t.co/4HoNxlaoVC", "likes_count": 0, "replies_count": 0, "retweets_count": 0, "hashtags": []}
{"id": 1023354941212000257, "date": "2018-07-28", "time": "19:50:05", "tweet": "#Tesla is making a $1500… surfboard?  https://t.co/eVvIyj1Ksp  https://t.co/hgH5jONhKW", "likes_count": 0, "replies_count": 0, "retweets_count": 0, "hashtags": ["tesla"]}
{"id": 1023354940775747584, "date": "2018-07-28", "time": "19:50:05", "tweet": "Tesla is making a $1500… surfboard?  https://t.co/lRd7ZAmJxr  https://t.co/Pide2gyYvR", "likes_count": 0, "replies_count": 0, "retweets_count": 0, "hashtags": []}
{"id": 1023354918873128960, "date": "2018-07-28", "time": "19:50:00", "tweet": "I wish A @Tesla was affordable in Australia. @elonmusk hit us up with a free one and I’ll post everyday to my 100 Instagram followers about it", "likes_count": 0, "replies_count": 0, "retweets_count": 0, "hashtags": []}
{"id": 1023354904063238144, "date": "2018-07-28", "time": "19:49:56", "tweet": "@sullivat1 @Tesla ok and did they also send you the map to find Santa Claus?   Current wait time for parts is 6 months and $TSLA forums are full of posts with people talking about it. You can find them in my feed too.", "likes_count": 0, "replies_count": 0, "retweets_count": 0, "hashtags": []}
{"id": 1023354858575777793, "date": "2018-07-28", "time": "19:49:45", "tweet": "So when Elon makes waves, you can ride them...  #Tesla @elonmusk   https://t.co/2VFd2zjqXY", "likes_count": 0, "replies_count": 0, "retweets_count": 0, "hashtags": ["tesla"]}
{"id": 1023354593340792832, "date": "2018-07-28", "time": "19:48:42", "tweet": "@ElonMuskNewsOrg Atleast once in life Oil could have get big potention &amp; visionarly competitor on the market \" Tesla in fact\" congs, congs again Elon Musk.", "likes_count": 0, "replies_count": 0, "retweets_count": 0, "hashtags": []}
{"id": 1023354568208474112, "date": "2018-07-28", "time": "19:48:36", "tweet": "\"… yo he sido el primero en escuchar los saludos de un planeta al otro…\" (Tesla). \"Guglielmo Marconi afirma que -las estaciones radiotelegráficas a menudo reciben señales de radio… pero no excluye que estas señales de radio provengan de otros planetas o del sol…\"", "likes_count": 0, "replies_count": 0, "retweets_count": 0, "hashtags": []}
