{"id": 954866028546265089, "date": "2018-01-20", "time": "18:59:36", "tweet": "Happy Tax is giving away a 3 Year lease on a Tesla S. Enter and share to win.  https://t.co/RHbdaTu5HA", "likes_count": 0, "replies_count": 0, "retweets_count": 0, "hashtags": []}
{"id": 954865918349332480, "date": "2018-01-20", "time": "18:59:10", "tweet": "Elon Musk will make driverless cars a reality sooner than you think  https://t.co/rWNSSk4bB1 #driverless #selfdriving #AV #transport #highways #technology #Tesla #ElonMusk", "likes_count": 0, "replies_count": 0, "retweets_count": 1, "hashtags": ["driverless", "selfdriving", "av", "transport", "highways", "technology", "tesla", "elonmusk"]}
{"id": 954865623279992832, "date": "2018-01-20", "time": "18:57:59", "tweet": "Pixars Cars universe is when Tesla takes over and finds humans are ultimately unneeded for their vehicles.", "likes_count": 1, "replies_count": 0, "retweets_count": 0, "hashtags": []}
{"id": 954865304307421184, "date": "2018-01-20", "time": "18:56:43", "tweet": "Me ha gustado un vídeo de @YouTube ( https://t.co/KEdg65KVXH - Hackean el AUTOPILOT de TESLA ¡con una naranja!).", "likes_count": 0, "replies_count": 0, "retweets_count": 0, "hashtags": []}
{"id": 954865230332522496, "date": "2018-01-20", "time": "18:56:26", "tweet": "Грузовик Tesla показался на видео без камуфляжа", "likes_count": 0, "replies_count": 0, "retweets_count": 0, "hashtags": []}
{"id": 954865155052982272, "date": "2018-01-20", "time": "18:56:08", "tweet": "@Jalopnik Bob who?  Oh, the guy that made millions $ selling ICE trucks, SUVs &amp; cars?  That might have something to do with h why he’s a Tesla skeptic.", "likes_count": 0, "replies_count": 0, "retweets_count": 0, "hashtags": []}
{"id": 954865119569301506, "date": "2018-01-20", "time": "18:55:59", "tweet": "Mi papá hablando de la anacrusa... *Lo corrijo* Mi papá hablando de Federico (Nikola) Tesla... *Lo corrijo* Lo corrijo una vez más... *Me echan de la casa*", "likes_count": 2, "replies_count": 0, "retweets_count": 0, "hashtags": []}
{"id": 954865084953538560, "date": "2018-01-20", "time": "18:55:51", "tweet": "Happy Tax is giving away a 3 Year lease on a Tesla S. All their clients will get 100 bonus entries to the sweepstakes. Plus you can earn additional entries for sharing.. Happy Tax offers affordable &amp; convenient concierge CPA prepared tax returns anytime.  https://t.co/Utq3vpzeO0", "likes_count": 0, "replies_count": 0, "retweets_count": 0, "hashtags": []}
{"id": 954864667947687936, "date": "2018-01-20", "time": "18:54:12", "tweet": "#SupportIndieMusic #fillfoodbanks   #NowPlaying Edison's Medicine by Tesla  https://t.co/qmPB2dL17i   https://t.co/fj4sXUUrrR Psychotic Supper  https://t.co/KEPoAvH5gZ", "likes_count": 0, "replies_count": 0, "retweets_count": 0, "hashtags": ["supportindiemusic", "fillfoodbanks", "nowplaying"]}
{"id": 954864562238521344, "date": "2018-01-20", "time": "18:53:46", "tweet": "Jalopnik | Tesla as a company hasn’t had very many...  https://t.co/uhE2FTtI3o  https://t.co/SK2w3XOhLx", "likes_count": 0, "replies_count": 0, "retweets_count": 0, "hashtags": []}
{"id": 954864510225010688, "date": "2018-01-20", "time": "18:53:34", "tweet": "اصطفاف الجماهير لمشاهدة #تسلا موديل 3 في معرض ميامي صباح اليوم وذلك عند عرضها للمرة الأولى في صالة العرض. #Tesla #model3  https://t.co/qPAhYO6p5H", "likes_count": 2, "replies_count": 1, "retweets_count": 3, "hashtags": ["تسلا", "tesla", "model3"]}
{"id": 954864496115269632, "date": "2018-01-20", "time": "18:53:31", "tweet": "@elonmusk @Tesla How do you feel about people turning new Model 3s over at a premium? I feel like much better people could have those vehicles and they should be blacklisted from buying new Teslas", "likes_count": 0, "replies_count": 0, "retweets_count": 0, "hashtags": []}
{"id": 954864407972057088, "date": "2018-01-20", "time": "18:53:10", "tweet": "@gjvu GJ, kom op, feiten, feiten:  \"The sudden outage of the Loy Yang B unit is the 13th failure of a major coal unit this summer.\" \"Tesla battery races to save Australia grid from coal plant crash – injecting 7MW in milliseconds\"  https://t.co/f1rO0DndbF  https://t.co/nTtmF0Vomt  https://t.co/bQ4TPzcTZH", "likes_count": 0, "replies_count": 1, "retweets_count": 0, "hashtags": []}
{"id": 954864356944154624, "date": "2018-01-20", "time": "18:52:57", "tweet": "@ConfidencialHN Y el muro de la muerte de Tesla,?", "likes_count": 0, "replies_count": 0, "retweets_count": 0, "hashtags": []}
{"id": 954864329224019968, "date": "2018-01-20", "time": "18:52:51", "tweet": "Top story: Tesla Semi Rolls Through Sunnyvale, Tesla Model 3 Rolls Into East Co…  https://t.co/C2br9y4vSR, see more  https://t.co/T6jxIvEylg", "likes_count": 0, "replies_count": 0, "retweets_count": 0, "hashtags": []}
{"id": 954864037669449728, "date": "2018-01-20", "time": "18:51:41", "tweet": "@patrick_oshag It seems Tesla does all those. What's the difference then - simply profitability (perhaps due to industry chosen)?", "likes_count": 1, "replies_count": 1, "retweets_count": 0, "hashtags": []}
{"id": 954863942731378688, "date": "2018-01-20", "time": "18:51:19", "tweet": "@WeDietitians @DrDuaneRD @barefootdiet @DrCarrieRuxton @JHNDEditor @PMcArdleRD @ProfTimNoakes @FructoseNo You wouldn't expect Kellogg's to endorse a cereal free diet so why would you expect their marketing department (dietitians) to do it? That's like expecting Big Oil to support Tesla.", "likes_count": 11, "replies_count": 2, "retweets_count": 3, "hashtags": []}
{"id": 954863932669419521, "date": "2018-01-20", "time": "18:51:16", "tweet": "Tesla  https://t.co/8nlW7Qxn5M", "likes_count": 0, "replies_count": 0, "retweets_count": 0, "hashtags": []}
{"id": 954863784191029248, "date": "2018-01-20", "time": "18:50:41", "tweet": "Nikola Tesla", "likes_count": 0, "replies_count": 0, "retweets_count": 0, "hashtags": []}
{"id": 954863743124557824, "date": "2018-01-20", "time": "18:50:31", "tweet": "CA Patrol jokes, Tesla “didn’t drive itself to the tow yard” after DUI arrest -  https://t.co/FME1B8Zkgb", "likes_count": 0, "replies_count": 0, "retweets_count": 0, "hashtags": []}
{"id": 954863706277638146, "date": "2018-01-20", "time": "18:50:22", "tweet": "Tesla Model S selected by Millennials as their ‘dream car’ -  https://t.co/M15QZC27Qt", "likes_count": 0, "replies_count": 0, "retweets_count": 0, "hashtags": []}
{"id": 954863672391864324, "date": "2018-01-20", "time": "18:50:14", "tweet": "Tesla Model 3 makes its way to East Coast showrooms in NY, Boston and Miami -  https://t.co/0GguWMN12S", "likes_count": 1, "replies_count": 0, "retweets_count": 0, "hashtags": []}
{"id": 954863587738226688, "date": "2018-01-20", "time": "18:49:54", "tweet": "Tesla Model 3 Aero vs Non-Aero wheels real-world efficiency test -  https://t.co/lyl5OR2MOZ", "likes_count": 0, "replies_count": 0, "retweets_count": 0, "hashtags": []}
{"id": 954863542527766530, "date": "2018-01-20", "time": "18:49:43", "tweet": "@TitoBujos ti si ispred svoga vremena ka nikola tesla, ti si zapravo nikolina teslica", "likes_count": 4, "replies_count": 1, "retweets_count": 0, "hashtags": []}
{"id": 954863539809812481, "date": "2018-01-20", "time": "18:49:43", "tweet": "Tesla placed dead last in self-driving race by Navigant, GM and Waymo top list -  https://t.co/eNnaGjmius", "likes_count": 0, "replies_count": 1, "retweets_count": 0, "hashtags": []}
{"id": 954863504061812738, "date": "2018-01-20", "time": "18:49:34", "tweet": "Tesla Semi spotted on public streets between Fremont factory and HQ -  https://t.co/9Cxs0S4pTV", "likes_count": 0, "replies_count": 0, "retweets_count": 0, "hashtags": []}
{"id": 954863490006765570, "date": "2018-01-20", "time": "18:49:31", "tweet": "TOP 10 PREDICCIONES DE NIKOLA TESLA  https://t.co/v4zNDNEIyK vía @YouTube", "likes_count": 0, "replies_count": 0, "retweets_count": 0, "hashtags": []}
{"id": 954863409757065217, "date": "2018-01-20", "time": "18:49:12", "tweet": "I liked a @YouTube video  https://t.co/xK4pfoQmrU Tesla Autopilot Trick", "likes_count": 0, "replies_count": 0, "retweets_count": 0, "hashtags": []}
{"id": 954863328215666688, "date": "2018-01-20", "time": "18:48:52", "tweet": "@Samiam3187 Pretty much how he can afford to bank roll SpaceX and Tesla", "likes_count": 0, "replies_count": 1, "retweets_count": 0, "hashtags": []}
{"id": 954863242123382785, "date": "2018-01-20", "time": "18:48:32", "tweet": "I liked a @YouTube video  https://t.co/FBWB0vO7tk 97 Year Old in a Tesla", "likes_count": 0, "replies_count": 0, "retweets_count": 0, "hashtags": []}
{"id": 954863137261461504, "date": "2018-01-20", "time": "18:48:07", "tweet": "#ecig #vapecommunity #vapeon #vapefam Review Tesla Invader 3 Indonesia: video ini ada lah review vaporizer variable voltage regulated box mod tesla invader 3 240 watt...mohon maaf suaranya rada gangguan, lupa matiin wifi kamera..semoga…  https://t.co/h8fHW2W0fh #Vape #vapingtrain  https://t.co/1awJsMIGWw", "likes_count": 0, "replies_count": 0, "retweets_count": 0, "hashtags": ["ecig", "vapecommunity", "vapeon", "vapefam", "vape", "vapingtrain"]}
{"id": 954863133788585984, "date": "2018-01-20", "time": "18:48:06", "tweet": "#vapeon #vapefam Review Tesla Invader 3 Indonesia: video ini ada lah review vaporizer variable voltage regulated box mod tesla invader 3 240 watt...mohon maaf suaranya rada gangguan, lupa matiin wifi kamera..semoga bermanfaat, silahkan like , comment dan…  https://t.co/v712V7zmvU  https://t.co/v30ZMT9dzB", "likes_count": 0, "replies_count": 0, "retweets_count": 0, "hashtags": ["vapeon", "vapefam"]}
{"id": 954863126943617025, "date": "2018-01-20", "time": "18:48:04", "tweet": "Gostei de um vídeo @YouTube  https://t.co/RrAgrrl5zI TESLA COIL GUN at 28,000fps - Smarter Every Day 162", "likes_count": 1, "replies_count": 0, "retweets_count": 1, "hashtags": []}
{"id": 954862917786025984, "date": "2018-01-20", "time": "18:47:14", "tweet": "Bob Lutz Thinks The Model S Will Be Collectable After Tesla ‘Went Broke’  https://t.co/aPc1JAXGKy  https://t.co/46CmL8RwLX", "likes_count": 0, "replies_count": 0, "retweets_count": 0, "hashtags": []}
{"id": 954862903429095424, "date": "2018-01-20", "time": "18:47:11", "tweet": "@GMcanada Wishing #GM would actually sell #BoltEV im Ontario...ive seen one in Markham...meanwhile I see 5 #Tesla daily...electric vehicles are the latest and greatest technology!", "likes_count": 0, "replies_count": 0, "retweets_count": 0, "hashtags": ["gm", "boltev", "tesla"]}
{"id": 954862758389891072, "date": "2018-01-20", "time": "18:46:36", "tweet": "At the Tesla store in NewYork 🇺🇸. Waiting for my turn to have a look at the Model 3, inside and outside! #tesla #model3 #dubai #teslamodel3  https://t.co/PjJm2ClPYP", "likes_count": 6, "replies_count": 1, "retweets_count": 2, "hashtags": ["tesla", "model3", "dubai", "teslamodel3"]}
{"id": 954862538700804097, "date": "2018-01-20", "time": "18:45:44", "tweet": "Bob Lutz Thinks The Model S Will Be Collectable After Tesla 'Went Broke': “The acceleration…  https://t.co/t31acR1ory", "likes_count": 0, "replies_count": 0, "retweets_count": 0, "hashtags": []}
{"id": 954862537085943810, "date": "2018-01-20", "time": "18:45:43", "tweet": "How a Tesla Semi Prototype Looks and Sounds on the Road: Tesla founder Elon Musk has…  https://t.co/OPOLQLjJN9", "likes_count": 0, "replies_count": 0, "retweets_count": 0, "hashtags": []}
{"id": 954861791661690881, "date": "2018-01-20", "time": "18:42:46", "tweet": "@schneebs @jay_coulombe @supswamp @realDonaldTrump @CNN Can't be sure if Obama had the power to stop UFO flights since no one  ever explains them The topic raises its ugly head  every now and then to  show how uninformed we are and national security run by CIA FED KGB and  Putin control the all free energy Nikola Tesla flying machines", "likes_count": 0, "replies_count": 1, "retweets_count": 0, "hashtags": []}
{"id": 954861670433685506, "date": "2018-01-20", "time": "18:42:17", "tweet": "#tesla #supercharger in Livonia, MI, USA is now open  https://t.co/tzUc8fQ4zd", "likes_count": 4, "replies_count": 0, "retweets_count": 0, "hashtags": ["tesla", "supercharger"]}
{"id": 954861669720698881, "date": "2018-01-20", "time": "18:42:17", "tweet": "The @Tesla touch screen display is so clean.  https://t.co/BBEjLiWrBk", "likes_count": 1, "replies_count": 0, "retweets_count": 0, "hashtags": []}
{"id": 954861377767780352, "date": "2018-01-20", "time": "18:41:07", "tweet": "#Tesla Model 3 Go To Used Market In Impressive Numbers, but Doesn’t Find Many Takers With High Premiums 📻 #techradio   https://t.co/zIxpoOaSxP", "likes_count": 9, "replies_count": 1, "retweets_count": 8, "hashtags": ["tesla", "techradio"]}
{"id": 954861376320823297, "date": "2018-01-20", "time": "18:41:07", "tweet": "Tesla - What You Give  https://t.co/T8gdz3zHkF #nowplaying #radiowithroots", "likes_count": 0, "replies_count": 0, "retweets_count": 0, "hashtags": ["nowplaying", "radiowithroots"]}
{"id": 954861069176098816, "date": "2018-01-20", "time": "18:39:54", "tweet": "Hai detto Tesla??  https://t.co/Q0FFZYk0X1", "likes_count": 0, "replies_count": 0, "retweets_count": 0, "hashtags": []}
{"id": 954860913974226944, "date": "2018-01-20", "time": "18:39:17", "tweet": "Engadget:\"Audi smart home battery grid creates a 'virtual power plant'\" Audi isn't going to let rival automakers like BMW and Tesla corner the market on home batteries. The German badge is testing a Smart Energy Network where solar-powered batteries not …  https://t.co/lQHGUADWCf", "likes_count": 0, "replies_count": 0, "retweets_count": 0, "hashtags": []}
{"id": 954860846626299904, "date": "2018-01-20", "time": "18:39:00", "tweet": "The @Tesla 'Summon' feature — where the car 🚗 comes and picks you up  via @techinsider #video #technology #auto #selfdriving   https://t.co/0zWssUbV5n", "likes_count": 0, "replies_count": 0, "retweets_count": 0, "hashtags": ["video", "technology", "auto", "selfdriving"]}
{"id": 954860818256023554, "date": "2018-01-20", "time": "18:38:54", "tweet": "Será verdad lo que dice del tesla?  https://t.co/z8QzwcRYTC", "likes_count": 0, "replies_count": 0, "retweets_count": 0, "hashtags": []}
{"id": 954860796995137537, "date": "2018-01-20", "time": "18:38:49", "tweet": "Je veux une tesla 😭", "likes_count": 1, "replies_count": 0, "retweets_count": 0, "hashtags": []}
{"id": 954860472708116480, "date": "2018-01-20", "time": "18:37:31", "tweet": "Picked up my @Tesla Model 3 today and holy smokes, it truly is a car for the masses. It’s awesome.", "likes_count": 17, "replies_count": 6, "retweets_count": 0, "hashtags": []}
{"id": 954860214557163520, "date": "2018-01-20", "time": "18:36:30", "tweet": "@toshiki_tesla 「基礎的な技術？　専門家なんだろ　基礎的な技術なんか判っていて当然だろ！」と言われかねないこともあります（涙）", "likes_count": 1, "replies_count": 1, "retweets_count": 0, "hashtags": []}
{"id": 954860199868882945, "date": "2018-01-20", "time": "18:36:26", "tweet": "Tesla's Fishnet Fantasy *OLD FILM* #1920sPORN #clips4sale  https://t.co/evUyCvlpNS via @clips4sale", "likes_count": 0, "replies_count": 0, "retweets_count": 0, "hashtags": ["1920sporn", "clips4sale"]}
{"id": 954860150866751488, "date": "2018-01-20", "time": "18:36:15", "tweet": "En medio de la pobreza y el olvido, así fueron los últimos días de Nikola Tesla #ciencia  https://t.co/YH7W5AiFro", "likes_count": 0, "replies_count": 0, "retweets_count": 0, "hashtags": ["ciencia"]}
{"id": 954860115777261569, "date": "2018-01-20", "time": "18:36:06", "tweet": "Dear @elonmusk , could you please create a social network with coolness == coolness of Tesla and Falcons? Thanks in advance", "likes_count": 0, "replies_count": 0, "retweets_count": 0, "hashtags": []}
{"id": 954860013373284352, "date": "2018-01-20", "time": "18:35:42", "tweet": "Me ha gustado un vídeo de @YouTube ( https://t.co/elD5dwRfMt - Hackean el AUTOPILOT de TESLA ¡con una naranja!).", "likes_count": 0, "replies_count": 0, "retweets_count": 0, "hashtags": []}
{"id": 954859964866154496, "date": "2018-01-20", "time": "18:35:30", "tweet": "I liked a @YouTube video  https://t.co/ojCtrY6Cog Tesla Model S Jahresinspektion - Tesla Service Center Überfordert?", "likes_count": 0, "replies_count": 0, "retweets_count": 0, "hashtags": []}
{"id": 954859957312135168, "date": "2018-01-20", "time": "18:35:28", "tweet": "But also, like, am I being secretly stalked and followed by a rich mogul corporation who uses White Tesla’s as their getaway cars?", "likes_count": 0, "replies_count": 1, "retweets_count": 0, "hashtags": []}
{"id": 954859842073710594, "date": "2018-01-20", "time": "18:35:01", "tweet": "BMW claims its coming Tesla rival will have almost double the range of a Model 3  https://t.co/Wo6RCf5qo7", "likes_count": 0, "replies_count": 0, "retweets_count": 0, "hashtags": []}
{"id": 954859758393192449, "date": "2018-01-20", "time": "18:34:41", "tweet": "A Tesla Semi Prototype Spotted in California is Swift, Sleek, and Silent  https://t.co/UElrWX44fB", "likes_count": 0, "replies_count": 0, "retweets_count": 0, "hashtags": []}
{"id": 954859699886809088, "date": "2018-01-20", "time": "18:34:27", "tweet": "#vid • @YouTube 《  https://t.co/81hLqt4jMO 》 Tesla Semi 2018 : #HyperLink @dbMayaHyperLink #dbLabs : #MayaLink+ @dbalieiroNET", "likes_count": 0, "replies_count": 0, "retweets_count": 0, "hashtags": ["vid", "hyperlink", "dblabs", "mayalink"]}
{"id": 954859697881968640, "date": "2018-01-20", "time": "18:34:27", "tweet": "#vid • @YouTube 《  https://t.co/BgYWxZ6OHp 》 Tesla Semi &amp; Roadster Unveil : #HyperLink @dbMayaHyperLink #dbLabs : #MayaLink+ @dbalieiroNET", "likes_count": 0, "replies_count": 0, "retweets_count": 0, "hashtags": ["vid", "hyperlink", "dblabs", "mayalink"]}
