{"id": 972622972526702592, "date": "2018-03-10", "time": "18:59:21", "tweet": "My next vehicle will definitely be a Tesla. Love my @ChevyCustCare but really tired of the same issues. 16-18 still CarPlay issues that NEVER happen in my wife’s @Nissan even the iOS app STILL has t been updates. Wished car companies realized they were also tech companies", "likes_count": 0, "replies_count": 2, "retweets_count": 0, "hashtags": []}
{"id": 972622608037330949, "date": "2018-03-10", "time": "18:57:54", "tweet": "all i want is a tesla is that too much to ask? i love elon", "likes_count": 0, "replies_count": 0, "retweets_count": 0, "hashtags": []}
{"id": 972622445709443072, "date": "2018-03-10", "time": "18:57:16", "tweet": "@elonmusk have you ever given a thougt to making a tesla motorcycle model?", "likes_count": 0, "replies_count": 0, "retweets_count": 0, "hashtags": []}
{"id": 972622298573361152, "date": "2018-03-10", "time": "18:56:41", "tweet": "Tesla vs. Lovecraft 100%, super fun game from @10tonsLtd   #teslavslovecraft #videogames #xbox #hplovecraft  https://t.co/aNo3MM3Tg2", "likes_count": 3, "replies_count": 0, "retweets_count": 1, "hashtags": ["teslavslovecraft", "videogames", "xbox", "hplovecraft"]}
{"id": 972622272925184000, "date": "2018-03-10", "time": "18:56:34", "tweet": "Tesla’s toughest competition ever was on display in Geneva #tesla #electric #GenevaMotorShow  https://t.co/Bgflj44MON", "likes_count": 0, "replies_count": 0, "retweets_count": 0, "hashtags": ["tesla", "electric", "genevamotorshow"]}
{"id": 972622166196936705, "date": "2018-03-10", "time": "18:56:09", "tweet": "Tesla is the future", "likes_count": 4, "replies_count": 0, "retweets_count": 0, "hashtags": []}
{"id": 972622123263959040, "date": "2018-03-10", "time": "18:55:59", "tweet": "@CNBCFastMoney Tired of Hearing About #Tesla! #invest #investing #finance  https://t.co/TheXLfo07h  https://t.co/MjVTM4QVuW", "likes_count": 0, "replies_count": 0, "retweets_count": 0, "hashtags": ["tesla", "invest", "investing", "finance"]}
{"id": 972622070029811713, "date": "2018-03-10", "time": "18:55:46", "tweet": "Tesla releases new updates adding convenience feature as it completes Model 3 software - Electrek  https://t.co/XTbOiuFIU8", "likes_count": 0, "replies_count": 0, "retweets_count": 0, "hashtags": []}
{"id": 972622048131518466, "date": "2018-03-10", "time": "18:55:41", "tweet": "Let's Talk About Tesla Roadster 2020!  https://t.co/6cmAZnPbqQ", "likes_count": 0, "replies_count": 0, "retweets_count": 0, "hashtags": []}
{"id": 972622017219497986, "date": "2018-03-10", "time": "18:55:34", "tweet": "@Evanbear1Twitch @Tesla omg", "likes_count": 1, "replies_count": 0, "retweets_count": 0, "hashtags": []}
{"id": 972621919399940097, "date": "2018-03-10", "time": "18:55:10", "tweet": "I've always been interested in Elon Musk ever since I first heard about Tesla Cars but now he's doing things that are absolutely amazing. SpaceX and Hyperloop among many other things I'm sure", "likes_count": 0, "replies_count": 0, "retweets_count": 0, "hashtags": []}
{"id": 972621906498158597, "date": "2018-03-10", "time": "18:55:07", "tweet": "@elonmusk will @Tesla be making a pick up truck, under $40k, in the next two years?", "likes_count": 1, "replies_count": 0, "retweets_count": 0, "hashtags": []}
{"id": 972621873719726080, "date": "2018-03-10", "time": "18:54:59", "tweet": "@CNBC How 2018 could be the Year of Tesla:  https://t.co/FGoAu9NJxO", "likes_count": 0, "replies_count": 0, "retweets_count": 0, "hashtags": []}
{"id": 972621816412934149, "date": "2018-03-10", "time": "18:54:46", "tweet": "@JB_iPhone5 @thatdudeinblue Can my boy @thatdudeinblue hook a brother up with some product to try at Tesla here in KC?", "likes_count": 0, "replies_count": 0, "retweets_count": 0, "hashtags": []}
{"id": 972621809425309696, "date": "2018-03-10", "time": "18:54:44", "tweet": "Woah, driving down the road and I look up from my phone and see this in front of us. 😮  The Tesla Model X is literally my dream car. I recognized it immediately. 😂  https://t.co/2H0FfbnvW1", "likes_count": 29, "replies_count": 12, "retweets_count": 0, "hashtags": []}
{"id": 972621796548624384, "date": "2018-03-10", "time": "18:54:41", "tweet": ".@Tesla is in the house! #TMSAnnualMeeting @TMSSociety  https://t.co/24W5QD6qLO", "likes_count": 2, "replies_count": 0, "retweets_count": 0, "hashtags": ["tmsannualmeeting"]}
{"id": 972621708187205634, "date": "2018-03-10", "time": "18:54:20", "tweet": "@Jessica_Pearson @NissanUSA @Tesla I am. Put down my #Tesla deposit the first hour of pre-sales in 2016. But the delivery date has been pushed back (again) to sometime in 2019. So am rethinking...", "likes_count": 1, "replies_count": 0, "retweets_count": 0, "hashtags": ["tesla"]}
{"id": 972621629586132992, "date": "2018-03-10", "time": "18:54:01", "tweet": "@Teslarati Why 2018 is the Year of Tesla:  https://t.co/FGoAu9NJxO", "likes_count": 0, "replies_count": 0, "retweets_count": 0, "hashtags": []}
{"id": 972621512434954242, "date": "2018-03-10", "time": "18:53:33", "tweet": "@poseidon2727 @vicefantasy @Gabriel13CR @yisuszgz @enzojean @KdeQueso_ @RoyalePeke Mis click tesla xd jajajaja", "likes_count": 4, "replies_count": 1, "retweets_count": 0, "hashtags": []}
{"id": 972621498858049537, "date": "2018-03-10", "time": "18:53:30", "tweet": "Elon Musk es el nuevo Nikola Tesla", "likes_count": 0, "replies_count": 0, "retweets_count": 0, "hashtags": []}
