{"id": 985306664176762880, "date": "2018-04-14", "time": "19:59:49", "tweet": "@Yyy56593405 @CGrantWSJ @TitoElBandito @TeslaCharts @john__rosevear @elonmusk @Fidelity @TRowePrice @ARKInvest @danahull I trust you on this one, b0t, thanks.  Can I ask, how many Tesla people are doing this on a Saturday? Hope you're not sitting there all alone. One more thing - please be kind to Dana. I've come to appreciate her work very much", "likes_count": 0, "replies_count": 1, "retweets_count": 0, "hashtags": []}
{"id": 985306456810389504, "date": "2018-04-14", "time": "19:59:00", "tweet": "@omglazerkittens When am I puttin' you in a Tesla?", "likes_count": 0, "replies_count": 1, "retweets_count": 0, "hashtags": []}
{"id": 985306278045126656, "date": "2018-04-14", "time": "19:58:17", "tweet": "Hoje vi um Tesla X.", "likes_count": 0, "replies_count": 0, "retweets_count": 0, "hashtags": []}
{"id": 985306195647873024, "date": "2018-04-14", "time": "19:57:57", "tweet": "Tesla engineering car leaked picture shows what Autopilot sees live with settings for ‘Full Self-Driving’ | Electrek  https://t.co/BO2rCoHtig", "likes_count": 0, "replies_count": 0, "retweets_count": 0, "hashtags": []}
{"id": 985306134373269504, "date": "2018-04-14", "time": "19:57:43", "tweet": "Breakfast conversation with friends staying over; discussing movies as ever and why there isn't a biopic on Harriet Tubman (there is), Mark Twain (I'm sure there is...) or Thomas Edison and Tesla?  Me:  https://t.co/va6EFDD1dP", "likes_count": 25, "replies_count": 2, "retweets_count": 1, "hashtags": []}
{"id": 985305999723577344, "date": "2018-04-14", "time": "19:57:11", "tweet": "@thiccuu I could see you in one of those new Corvettes or a Tesla", "likes_count": 0, "replies_count": 1, "retweets_count": 0, "hashtags": []}
{"id": 985305932073701376, "date": "2018-04-14", "time": "19:56:54", "tweet": "@elonmusk When Sears goes bankrupt, the Sears at the Greenwood Park Mall near Indy would be a great place for a Tesla store and an indoor Tesla gokart track (they have an Auto Center too, for repairs).", "likes_count": 0, "replies_count": 0, "retweets_count": 0, "hashtags": []}
{"id": 985305815740493824, "date": "2018-04-14", "time": "19:56:27", "tweet": "@SmokeXII I'll just give you a lifetime free doctor;D My 180k in student loans will be enough for a tesla..", "likes_count": 0, "replies_count": 1, "retweets_count": 0, "hashtags": []}
{"id": 985305750388883456, "date": "2018-04-14", "time": "19:56:11", "tweet": "Tesla can’t keep this one quiet...  Tesla Workers Claim Racial Bias and Abuse at Electric Car Factory - Bloomberg  https://t.co/0x5b3ZsiWW", "likes_count": 0, "replies_count": 0, "retweets_count": 0, "hashtags": []}
{"id": 985305713730904064, "date": "2018-04-14", "time": "19:56:02", "tweet": "Kultur: Tesla CEO Elon Musk, stressed but \"optimistic,\" predicts big increase in Model 3…  https://t.co/8sWACTup39", "likes_count": 0, "replies_count": 0, "retweets_count": 0, "hashtags": []}
{"id": 985305670022025216, "date": "2018-04-14", "time": "19:55:52", "tweet": "Kultur: Tesla CEO Elon Musk, stressed but \"optimistic,\" predicts big increase in Model 3…  https://t.co/GY8PTI2BQ0", "likes_count": 0, "replies_count": 0, "retweets_count": 0, "hashtags": []}
{"id": 985305567056027648, "date": "2018-04-14", "time": "19:55:27", "tweet": ":) #musk #automation #tesla #elonmusk  https://t.co/1L22OxofO8", "likes_count": 0, "replies_count": 0, "retweets_count": 0, "hashtags": ["musk", "automation", "tesla", "elonmusk"]}
{"id": 985305495123656705, "date": "2018-04-14", "time": "19:55:10", "tweet": "@robinivski @CGrantWSJ @TitoElBandito @TeslaCharts @john__rosevear @elonmusk @Fidelity @TRowePrice @ARKInvest @danahull Dana doesn't always write hit pieces on Tesla, so betting on her writing one here is not a certainty. But you're right: she does like to stir up drama. We shall see. (me is a b0t.)", "likes_count": 0, "replies_count": 1, "retweets_count": 0, "hashtags": []}
{"id": 985305452484485121, "date": "2018-04-14", "time": "19:55:00", "tweet": "meu amigo comprou um Tesla usando o Apple Pay no iPhone X", "likes_count": 1, "replies_count": 1, "retweets_count": 0, "hashtags": []}
{"id": 985305410713407489, "date": "2018-04-14", "time": "19:54:50", "tweet": "Who the hell got a Tesla in the city", "likes_count": 0, "replies_count": 0, "retweets_count": 0, "hashtags": []}
{"id": 985305384259760128, "date": "2018-04-14", "time": "19:54:44", "tweet": "NTSB Says It’s `Unhappy’ Tesla Disclosed Details of Fatal Crash  https://t.co/LCUTnkZ0Ga  https://t.co/cJ2khe4n7I", "likes_count": 0, "replies_count": 0, "retweets_count": 0, "hashtags": []}
{"id": 985305375019679744, "date": "2018-04-14", "time": "19:54:42", "tweet": "Tesla's Massive Battery in South Australia is Outperforming Conventional Generators  https://t.co/jOJ3PNu0H3", "likes_count": 0, "replies_count": 0, "retweets_count": 0, "hashtags": []}
{"id": 985305204001263617, "date": "2018-04-14", "time": "19:54:01", "tweet": "This week in the war on workers: Tesla workers sue over racial abuse  https://t.co/W9yARXTsqT via @dailykos  https://t.co/Pe2ih8uUrY", "likes_count": 0, "replies_count": 0, "retweets_count": 0, "hashtags": []}
{"id": 985305173194084353, "date": "2018-04-14", "time": "19:53:54", "tweet": "Weekend Rewind April 9, 2018@8:24pm    NTSB chairman, Tesla CEO talk after fatal 'Autopilot' crash  ║  https://t.co/LEHUnShiUI    🏛️#Wall St.", "likes_count": 0, "replies_count": 0, "retweets_count": 0, "hashtags": ["wall"]}
{"id": 985305170451025920, "date": "2018-04-14", "time": "19:53:53", "tweet": "Elon Musk Says ‘humans Are Underrated,’ Calls Tesla’s ‘excessive Automation’ A ‘mistake’  https://t.co/TEXsKuOM9z  https://t.co/FoqKBw5iJ0", "likes_count": 0, "replies_count": 0, "retweets_count": 0, "hashtags": []}
