{"id": 1005600403994677249, "date": "2018-06-09", "time": "19:59:54", "tweet": "Boy would I hate to be the Tesla CEO this month. I would've expected more testing from them before they released a car with such a revolutionary concept such autopilot. Something tells me their semi-truck ideas are going to be put om hold for a little while.", "likes_count": 1, "replies_count": 0, "retweets_count": 0, "hashtags": []}
{"id": 1005600344611663872, "date": "2018-06-09", "time": "19:59:39", "tweet": "@elonmusk I was wondering when we would get the Doc Brown package at Tesla. Really wanting a flux capacitor, time circuits, Mr.fusion and ready to fly hover tires in mine.", "likes_count": 1, "replies_count": 0, "retweets_count": 0, "hashtags": []}
{"id": 1005600156375449603, "date": "2018-06-09", "time": "19:58:55", "tweet": "@Tesla oddała już do użytku 10 tys. #Supercharger  https://t.co/7oLG4JQ1mz", "likes_count": 1, "replies_count": 0, "retweets_count": 0, "hashtags": ["supercharger"]}
{"id": 1005600130743975936, "date": "2018-06-09", "time": "19:58:48", "tweet": "(テスラ) TESLA HyperDri ドライフィット スポーツ シャツ [UVカット・吸汗速乾] MTS03/MTS04 TESLA(テスラ) (230) 新品： ￥ 1,590 ￥ 999 - ￥ 1,190 (この商品の現在のランクに関する正式な情報については、ランニングのベストセラーリストをご覧ください。)  https://t.co/cWgKTkiRnn", "likes_count": 0, "replies_count": 0, "retweets_count": 0, "hashtags": []}
{"id": 1005600125681532934, "date": "2018-06-09", "time": "19:58:47", "tweet": "Inside Tesla's Model 3 Factory: A \"Galaxy Of Problems\" That Could Make-Or-Break Musk  https://t.co/r7mvLhAvS3", "likes_count": 0, "replies_count": 0, "retweets_count": 0, "hashtags": []}
{"id": 1005600055892631552, "date": "2018-06-09", "time": "19:58:31", "tweet": "Elon Musk says Tesla next-gen Roadster’s ‘SpaceX package’ will include rocket thrusters  https://t.co/Xk87kVvQxy by fredericlambert  https://t.co/QgMDKwtJQy  —  https://t.co/nhI7yJI1ZN (ElectrekCo) June 9, 2018", "likes_count": 0, "replies_count": 0, "retweets_count": 0, "hashtags": []}
{"id": 1005600003950247936, "date": "2018-06-09", "time": "19:58:18", "tweet": "2016: the year that people found out that Tesla teleportation had been achieved 50 years ago by DARPA and classified ever since .....", "likes_count": 0, "replies_count": 0, "retweets_count": 0, "hashtags": []}
{"id": 1005599989261914113, "date": "2018-06-09", "time": "19:58:15", "tweet": "@2peterharris increase in the availability/accessibility of tech &gt; fast growing asymmetry of information &gt; higher chances for disruption from the periphery. nature's way to limit the growth of dinosaurs like Tesla &amp; Facebook. high asymmetry of info = higher chances for being caught off guard.", "likes_count": 0, "replies_count": 1, "retweets_count": 0, "hashtags": []}
{"id": 1005599884609835008, "date": "2018-06-09", "time": "19:57:50", "tweet": "@austin_probasco @Isaiah_Fabs @elonmusk I wouldn’t be to sure about around a track. The NIO EP9 set a 6:45.9 lap around Nurburgring. If they can do it, I reckon Tesla will be able to get it around a track as quick. Especially with their reputation riding on it.", "likes_count": 1, "replies_count": 0, "retweets_count": 0, "hashtags": []}
{"id": 1005599772130988032, "date": "2018-06-09", "time": "19:57:23", "tweet": "TESLA HAS A MF RAINBOW FLAG NEXT TO THE AMERICAN FLAG 🤩🤩🤩", "likes_count": 0, "replies_count": 0, "retweets_count": 0, "hashtags": []}
{"id": 1005599714023235584, "date": "2018-06-09", "time": "19:57:09", "tweet": "Elon Musk says Tesla next-gen Roadster’s  ‘SpaceX package’ will include rocket thrusters #tesla #eCar  https://t.co/sbAi24D9Zw", "likes_count": 0, "replies_count": 0, "retweets_count": 0, "hashtags": ["tesla", "ecar"]}
{"id": 1005599688274464768, "date": "2018-06-09", "time": "19:57:03", "tweet": "Tesla anuncia una bajada histórica en el precio de las baterías que sería el principio del fin de los motores convencionales  https://t.co/fihcHYypbh", "likes_count": 0, "replies_count": 0, "retweets_count": 0, "hashtags": []}
{"id": 1005599669764882432, "date": "2018-06-09", "time": "19:56:59", "tweet": "Another former Tesla employee has developed his own cure for hangovers from FDA-approved ingredients  https://t.co/gWzDwPs3Uq", "likes_count": 0, "replies_count": 0, "retweets_count": 0, "hashtags": []}
{"id": 1005599481520369666, "date": "2018-06-09", "time": "19:56:14", "tweet": "Goal. Own a Tesla", "likes_count": 2, "replies_count": 0, "retweets_count": 1, "hashtags": []}
{"id": 1005599428177039360, "date": "2018-06-09", "time": "19:56:01", "tweet": "Elon Musk says Tesla next-gen Roadster's 'SpaceX package' will include rocket thrusters - Electrek  https://t.co/z08eflkowr  https://t.co/J9K4WKDtws", "likes_count": 0, "replies_count": 0, "retweets_count": 0, "hashtags": []}
{"id": 1005599422523179008, "date": "2018-06-09", "time": "19:56:00", "tweet": "Tesla ökar farten på Model 3 BILAR Bilar Det är \"ganska troligt\" att Tesla uppnår målet att bygga 5 000 exemplar i veckan av Model 3 vid kvartalsskiftet. Och den tänkta folkbilen säljer redan ... Upsala Nya Tidning för 3 dagar sedan  https://t.co/WcxrTIiCJu", "likes_count": 0, "replies_count": 0, "retweets_count": 0, "hashtags": []}
{"id": 1005599371008737280, "date": "2018-06-09", "time": "19:55:47", "tweet": "Shareholder suit attacks Musk's pay, seeks to overhaul Tesla board  https://t.co/R57nAwlQmr #automotive #news #wheeldeals", "likes_count": 0, "replies_count": 0, "retweets_count": 0, "hashtags": ["automotive", "news", "wheeldeals"]}
{"id": 1005599250846244864, "date": "2018-06-09", "time": "19:55:19", "tweet": "@Evil_D81 @normmcgillivray @elonmusk Tesla has gone plaid!", "likes_count": 40, "replies_count": 1, "retweets_count": 1, "hashtags": []}
{"id": 1005599250514874368, "date": "2018-06-09", "time": "19:55:19", "tweet": "When yah momma takes the keys to yah Tesla so her and yah granny can go hit the town while you watch yah little cousins  https://t.co/DMYJ2M8FN2", "likes_count": 0, "replies_count": 0, "retweets_count": 0, "hashtags": []}
{"id": 1005599249449570309, "date": "2018-06-09", "time": "19:55:18", "tweet": "We Take a Deep Dive Into the Tesla Model 3 —  https://t.co/X42uXSbEBZ  https://t.co/Mc9sqSk1Vk", "likes_count": 0, "replies_count": 0, "retweets_count": 0, "hashtags": []}
{"id": 1005599174883147776, "date": "2018-06-09", "time": "19:55:01", "tweet": "Josh Jabs, VP of PKI &amp; IoT, advises on the three lessons others can learn from the Tesla hack #ioT #connectedcars   https://t.co/s6tL5C1tsL", "likes_count": 0, "replies_count": 0, "retweets_count": 2, "hashtags": ["iot", "connectedcars"]}
{"id": 1005599146190000129, "date": "2018-06-09", "time": "19:54:54", "tweet": "Elon Musk says Tesla next-gen Roadster’s ‘SpaceX package’ will include rocket thrusters  https://t.co/S1felb4jaS  https://t.co/KGAolW2O3k", "likes_count": 0, "replies_count": 0, "retweets_count": 0, "hashtags": []}
{"id": 1005599141949526017, "date": "2018-06-09", "time": "19:54:53", "tweet": "@Tesla Please for the love of god use commas....", "likes_count": 0, "replies_count": 0, "retweets_count": 0, "hashtags": []}
{"id": 1005598927939399681, "date": "2018-06-09", "time": "19:54:02", "tweet": "I have now reevaluated my desire to have a Tesla  https://t.co/VEIxZKLJpo", "likes_count": 1, "replies_count": 0, "retweets_count": 0, "hashtags": []}
{"id": 1005598890853388289, "date": "2018-06-09", "time": "19:53:53", "tweet": "@Tesla Thank you Elon!!", "likes_count": 0, "replies_count": 0, "retweets_count": 0, "hashtags": []}
{"id": 1005598775166095361, "date": "2018-06-09", "time": "19:53:25", "tweet": "@notabigdeal111 @Tesla @elonmusk Yup, electrification is the future, and the bankruptcy bidders for $TSLAQ assets will play a big part in it.  Current $TSLA equity holders will not, unfortunately.", "likes_count": 1, "replies_count": 0, "retweets_count": 0, "hashtags": []}
{"id": 1005598757860335616, "date": "2018-06-09", "time": "19:53:21", "tweet": "Almost a quarter of Tesla Model 3 orders refunded, according to report  https://t.co/y8XUWqQsAd  https://t.co/d0PByzYcHx", "likes_count": 0, "replies_count": 0, "retweets_count": 0, "hashtags": []}
{"id": 1005598757281521664, "date": "2018-06-09", "time": "19:53:21", "tweet": "Despite the optimism and hope from fans for the success of the Tesla Model 3, it seems even some of its potential customers weren’t happy with the issues the company’s been having with the EV’s launch. According to Recode, another production...  https://t.co/y8XUWqQsAd", "likes_count": 0, "replies_count": 0, "retweets_count": 0, "hashtags": []}
{"id": 1005598609902129152, "date": "2018-06-09", "time": "19:52:46", "tweet": "@OJeveryday Hi, I was testing building aggro ranges inspired by your video, and I found this : depending on the side you play, the way you place the Tesla is changed. Finger on top left square in one case, bottom right in another. Do you know of any other blue/red inconsistency ?", "likes_count": 0, "replies_count": 0, "retweets_count": 0, "hashtags": []}
{"id": 1005598503316414468, "date": "2018-06-09", "time": "19:52:20", "tweet": "Tecnología #TuWifi :Sí, también tu coche va a funcionar usando ‘blockchain’  El coche autónomo es el niño bonito de la innovación en la industria del automóvil. Impulsado por empresas tan llamativas como Tesla,...  https://t.co/36Bo4tOqrY", "likes_count": 0, "replies_count": 0, "retweets_count": 0, "hashtags": ["tuwifi"]}
{"id": 1005598477009600512, "date": "2018-06-09", "time": "19:52:14", "tweet": "Awesome prom pics with an even better car. Thank you @elonmusk and @Tesla for such a beautiful car.  https://t.co/yLq7FFRezp", "likes_count": 19, "replies_count": 3, "retweets_count": 6, "hashtags": []}
{"id": 1005598273858490369, "date": "2018-06-09", "time": "19:51:26", "tweet": "@ElectrekCo @FredericLambert .     $100 per kWh cells by end of 2018     $100 per kWh packs by end of 2020     I  a m  t o t a l l y  s p e e c h l e s s       L O V E  Y O U  @tesla  T E A M !            F O R  K I L L I N G  I C E !   https://t.co/SX5i4YwADG", "likes_count": 0, "replies_count": 0, "retweets_count": 0, "hashtags": []}
{"id": 1005598270503124993, "date": "2018-06-09", "time": "19:51:25", "tweet": "@TechnoidFR @davidmtp34 @OtaXou @malaky95 @UlrichRozier @OmarBelkaab On va faire une analogie simple que même toi tu pourras peut-être comprendre : - les voitures d'aujourd'hui marchent bien - l'électrique c'est le futur - une Tesla X coûte cher - en vendre a permis à Tesla de faire la modèle 3, accessible à tous", "likes_count": 0, "replies_count": 2, "retweets_count": 0, "hashtags": []}
{"id": 1005598266677977088, "date": "2018-06-09", "time": "19:51:24", "tweet": "@elonmusk I m buying one but instead of giving Tesla 50k interest free deposit I put it into Tesla stock and let it appreciate over next 2-3 years (short burn of the century) and I ll have 125-150k hopefully and then add little more and get one. But I m getting one for sure! Go Elon!  https://t.co/9WnJplNqPV", "likes_count": 0, "replies_count": 0, "retweets_count": 0, "hashtags": []}
{"id": 1005598192778371072, "date": "2018-06-09", "time": "19:51:06", "tweet": "Tesla's CEO \"Not Cool\" Since He Just Bit The Hand Of The Capital Market Which Keep Tesla Alive  https://t.co/MfgYgyIdtW  https://t.co/79V7kMlORl", "likes_count": 0, "replies_count": 0, "retweets_count": 0, "hashtags": []}
{"id": 1005598134154747904, "date": "2018-06-09", "time": "19:50:52", "tweet": "@elonmusk What do you think of Nikola Tesla?", "likes_count": 0, "replies_count": 1, "retweets_count": 0, "hashtags": []}
{"id": 1005598084494233601, "date": "2018-06-09", "time": "19:50:41", "tweet": "@SirYefer @elonmusk @FIAFormulaE EDITORS NOTE/ Check Out @FIA @EGTChampionship With Modified @Tesla, #Automotive Division, #P100DL's! #AgeOfLight  #eMotorSports  #MotorSport  #AutoSport   #BurnRubberNotGas   Site, Via | EGT Championship   https://t.co/qgy6R6pXe8  https://t.co/IztvI73KFt", "likes_count": 3, "replies_count": 0, "retweets_count": 1, "hashtags": ["automotive", "p100dl", "ageoflight", "emotorsports", "motorsport", "autosport", "burnrubbernotgas"]}
{"id": 1005597996220932096, "date": "2018-06-09", "time": "19:50:20", "tweet": "Another date night with my bride watching Tesla,…  https://t.co/L3PaB7h37u", "likes_count": 0, "replies_count": 0, "retweets_count": 0, "hashtags": []}
{"id": 1005597972707438592, "date": "2018-06-09", "time": "19:50:14", "tweet": "#Fgointro i didn't have my tablet pen with me rn so i just want to drop this here   💎Started in October 2016 💎Altera is my first 5* (and my first gold saber) 💎Never played this game seriously until May 2017 💎Where the fuck is Nikola Tesla 💎Tesla i love you please come home  https://t.co/HMXFOXKhmw", "likes_count": 1, "replies_count": 1, "retweets_count": 0, "hashtags": ["fgointro"]}
{"id": 1005597969318588416, "date": "2018-06-09", "time": "19:50:13", "tweet": "@EVAccessoriesUK @DrIndianaPWNS @Tesla @elonmusk Btw your opinion on anything electric car is tainted by the fact you sell electric car stuff .. you are pedalling the cr%p you sell. Your company was incorporated on the 28tg March 2018 ! Hardly well established reputation", "likes_count": 0, "replies_count": 0, "retweets_count": 0, "hashtags": []}
