{"id": 1013210516787851264, "date": "2018-06-30", "time": "19:59:46", "tweet": "Tesla inverter failure -Elon help! System installed in April and has not worked properly yet!!  https://t.co/Yx6SLgEOxB", "likes_count": 0, "replies_count": 0, "retweets_count": 0, "hashtags": []}
{"id": 1013210495900270592, "date": "2018-06-30", "time": "19:59:41", "tweet": "@bentllama @HosFross Tesla pickup truck has already been discussed.", "likes_count": 0, "replies_count": 0, "retweets_count": 0, "hashtags": []}
{"id": 1013210466884182018, "date": "2018-06-30", "time": "19:59:34", "tweet": "I liked a @YouTube video  https://t.co/yw4zOgVLZP Owning a Used Tesla - 2 Year Cost Breakdown", "likes_count": 0, "replies_count": 0, "retweets_count": 0, "hashtags": []}
{"id": 1013210460001189889, "date": "2018-06-30", "time": "19:59:32", "tweet": "@vijayasankarv @rwang0 @Tesla Some people say the same thing about software.", "likes_count": 1, "replies_count": 1, "retweets_count": 1, "hashtags": []}
{"id": 1013210452652937221, "date": "2018-06-30", "time": "19:59:31", "tweet": "@magaliamountain Them buggers , profited from tesla's discoveries. Tesla intended it for free.", "likes_count": 0, "replies_count": 1, "retweets_count": 0, "hashtags": []}
{"id": 1013210418012147712, "date": "2018-06-30", "time": "19:59:22", "tweet": "@joanjett @NorthwellJBT At Hersey Giant Center rocking to Tesla, Styx, and JOAN JETT AND THE BLACK HEARTS!!!! I’ve been waiting for this concert since I was 5 and I’m finally seeing Joan live!!!!", "likes_count": 0, "replies_count": 0, "retweets_count": 0, "hashtags": []}
{"id": 1013210402359005184, "date": "2018-06-30", "time": "19:59:19", "tweet": "Tesla's Vehicle Deliveries Update: What to Watch  https://t.co/F2qsLOzTZS", "likes_count": 0, "replies_count": 0, "retweets_count": 0, "hashtags": []}
{"id": 1013210398055690241, "date": "2018-06-30", "time": "19:59:18", "tweet": "🎧 On your podcast for Sun 01 July 2018  ⚡ 8 Analysts Say @Tesla Model 3 MISS 5,000/wk ⚡ Elon Says They’re In For Rude Awakening ⚡ BMW Billion Dollar Batteries  Listen 🎧  https://t.co/20GKCSuIqK", "likes_count": 5, "replies_count": 2, "retweets_count": 2, "hashtags": []}
{"id": 1013210345714933760, "date": "2018-06-30", "time": "19:59:05", "tweet": "Tesla’s Chief Information Officer leaves the automaker as part of reorganization | Electrek  https://t.co/fUuo4Nh0Xy", "likes_count": 0, "replies_count": 0, "retweets_count": 0, "hashtags": []}
{"id": 1013210266652364800, "date": "2018-06-30", "time": "19:58:46", "tweet": "@Tesla They have been on overdrive the last couple of weeks. I can feel their fear and honestly it's just embarrassing.", "likes_count": 0, "replies_count": 0, "retweets_count": 0, "hashtags": []}
{"id": 1013210233303269376, "date": "2018-06-30", "time": "19:58:38", "tweet": "Tour de Coop, coming to a town near you?  These chickens rule the roost.  And you thought owning a Tesla was a sign of environmental consciousness :)  https://t.co/lXxlkGTpb3", "likes_count": 0, "replies_count": 0, "retweets_count": 0, "hashtags": []}
{"id": 1013210051064942592, "date": "2018-06-30", "time": "19:57:55", "tweet": "Banyak yang mengira Thomas Edison adalah penemu terhebat, namun kebanyakan ide Edison berasal dari Nikola Tesla.", "likes_count": 0, "replies_count": 0, "retweets_count": 0, "hashtags": []}
{"id": 1013209981632557058, "date": "2018-06-30", "time": "19:57:38", "tweet": "I just saw my dream Tesla and the license plate said Area 51 🧐👽", "likes_count": 0, "replies_count": 0, "retweets_count": 0, "hashtags": []}
{"id": 1013209895687114753, "date": "2018-06-30", "time": "19:57:18", "tweet": "@lifeasyoshi @verge @elonmusk Yup. This article isn't bad really but they have been beating on Tesla for a while now. Kinda annoying since I like the verge. I just don't understand why anyone wants the most American car company to fail. What's the point?U all really wanna drive shit Fords and Chevy's forever?", "likes_count": 0, "replies_count": 0, "retweets_count": 0, "hashtags": []}
{"id": 1013209873918590977, "date": "2018-06-30", "time": "19:57:13", "tweet": "I liked a @YouTube video  https://t.co/kOJeSqSYy2 TESLA TRAILER -  https://t.co/R0ll6YQWDd", "likes_count": 0, "replies_count": 0, "retweets_count": 0, "hashtags": []}
{"id": 1013209655525478400, "date": "2018-06-30", "time": "19:56:21", "tweet": "#80sMetal #NP: Tesla - Heaven's Trail (No Way Out) LISTEN NOW  https://t.co/9j0FoOtY4w", "likes_count": 0, "replies_count": 0, "retweets_count": 0, "hashtags": ["80smetal", "np"]}
{"id": 1013209569743564801, "date": "2018-06-30", "time": "19:56:00", "tweet": "@elonmusk @tesla can we figure something out here? #model3  https://t.co/Ufh8KdmliV", "likes_count": 0, "replies_count": 0, "retweets_count": 0, "hashtags": ["model3"]}
{"id": 1013209456023400449, "date": "2018-06-30", "time": "19:55:33", "tweet": "@TheTeslaLife @entrpz @Model3Owners @elonmusk @Tesla @TeslaFanGirl 5225", "likes_count": 0, "replies_count": 0, "retweets_count": 0, "hashtags": []}
{"id": 1013209368966225920, "date": "2018-06-30", "time": "19:55:12", "tweet": "Tesla's Vehicle Deliveries Update: What to Watch  https://t.co/Gams0Iip0E  https://t.co/95aLjdfhxZ", "likes_count": 0, "replies_count": 0, "retweets_count": 0, "hashtags": []}
{"id": 1013209334883512320, "date": "2018-06-30", "time": "19:55:04", "tweet": "Taxpayer money...gone! Tesla to close a dozen solar facilities in nine states  https://t.co/ZGDYuDfo3z #tcot #tlot #climatechange #solar", "likes_count": 0, "replies_count": 0, "retweets_count": 0, "hashtags": ["tcot", "tlot", "climatechange", "solar"]}
