{"id": 962476208763019264, "date": "2018-02-10", "time": "18:59:44", "tweet": "Tesla releases updated mobile app with cold weather convenience features  https://t.co/lckPOtfEgZ  https://t.co/jDXKMDUVsw", "likes_count": 30, "replies_count": 0, "retweets_count": 2, "hashtags": []}
{"id": 962476144342822913, "date": "2018-02-10", "time": "18:59:29", "tweet": "NASA is keeping tabs on Elon Musk's Tesla roadster   https://t.co/A5kKLdUTrS via @CNNMoney", "likes_count": 0, "replies_count": 0, "retweets_count": 0, "hashtags": []}
{"id": 962476108024352769, "date": "2018-02-10", "time": "18:59:20", "tweet": "“Constitutional Conservative with an MIT Pedigree” Congressman Thomas Massie (R-Ky.) posted a YouTube video over the weekend illustrating how he recently experimented with powering his entire home off of a used Tesla car battery.  https://t.co/Nhwre5SKw7", "likes_count": 0, "replies_count": 0, "retweets_count": 0, "hashtags": []}
{"id": 962475927597850624, "date": "2018-02-10", "time": "18:58:37", "tweet": "NASA is keeping tabs on Elon Musk's Tesla roadster   - CNNMoney #spacejunk   https://t.co/1UB5VoOheD", "likes_count": 0, "replies_count": 0, "retweets_count": 0, "hashtags": ["spacejunk"]}
{"id": 962475845683240961, "date": "2018-02-10", "time": "18:58:18", "tweet": "テスラの電気トラック「Tesla Semi」が公道で目撃される！！について  https://t.co/A4J1UnEWC6  https://t.co/llYzNix6iz", "likes_count": 0, "replies_count": 0, "retweets_count": 0, "hashtags": []}
{"id": 962475839647617025, "date": "2018-02-10", "time": "18:58:16", "tweet": "O Tesla da SpaceX vai acabar só o pó, mas será roubado antes.  https://t.co/lP197u8AIN", "likes_count": 1, "replies_count": 0, "retweets_count": 0, "hashtags": []}
{"id": 962475815022858240, "date": "2018-02-10", "time": "18:58:10", "tweet": "i want a tesla x  it’s so hard  https://t.co/7vgQrwGUBA", "likes_count": 0, "replies_count": 1, "retweets_count": 0, "hashtags": []}
{"id": 962475589994209280, "date": "2018-02-10", "time": "18:57:17", "tweet": "Nikola Tesla: The Guy Who DIDN'T \"Invent Radio\"ExcitingAds ! | ExcitingAds !  https://t.co/kZ8gZ7nvYb", "likes_count": 0, "replies_count": 0, "retweets_count": 0, "hashtags": []}
{"id": 962475541071884288, "date": "2018-02-10", "time": "18:57:05", "tweet": "St. Elon. @elonmusk (06.02)🙏🏼 @Tesla @SpaceX  https://t.co/1tXrJBs5Bt", "likes_count": 1, "replies_count": 0, "retweets_count": 0, "hashtags": []}
{"id": 962475511619387395, "date": "2018-02-10", "time": "18:56:58", "tweet": "@Tesla @SpaceX 🤯  https://t.co/9rXoEBAWta", "likes_count": 0, "replies_count": 0, "retweets_count": 0, "hashtags": []}
{"id": 962475412210163712, "date": "2018-02-10", "time": "18:56:34", "tweet": ".@ElonMusk 'I Don't Give A Damn About Your Degree'  https://t.co/InXB9IMFhJ via @YouTube @Tesla @SpaceX @PayPal @solarcity @neuralink #ElonMusk  https://t.co/5Y2glto6tk", "likes_count": 0, "replies_count": 0, "retweets_count": 0, "hashtags": ["elonmusk"]}
{"id": 962475384267780096, "date": "2018-02-10", "time": "18:56:28", "tweet": "Refurnishing flesh: \"A Tesla employee who builds robots told us why production hell is actually a good thing - Business Insider\"  https://t.co/Z6GroxnkYt", "likes_count": 0, "replies_count": 0, "retweets_count": 0, "hashtags": []}
{"id": 962475381503811590, "date": "2018-02-10", "time": "18:56:27", "tweet": "We are approaching a world with unlimited solar energy that is usable and storable. Watch what Tesla is doing?", "likes_count": 1, "replies_count": 0, "retweets_count": 1, "hashtags": []}
{"id": 962475372796350464, "date": "2018-02-10", "time": "18:56:25", "tweet": "Happy Tax is giving away a 3 Year lease on a Tesla S. Enter and share to win.  https://t.co/Ibmhz7WG1F", "likes_count": 0, "replies_count": 0, "retweets_count": 0, "hashtags": []}
{"id": 962475332967247873, "date": "2018-02-10", "time": "18:56:15", "tweet": "Ja, ist ja gut, ein Tesla kreist um die Sonne. Aber hey, unsere Schulen bekommen jetzt Internet (vielleicht). Cool, oder?", "likes_count": 6, "replies_count": 0, "retweets_count": 1, "hashtags": []}
{"id": 962475177656438790, "date": "2018-02-10", "time": "18:55:38", "tweet": "Tesla would be proud  https://t.co/rCuoDOtvgP", "likes_count": 0, "replies_count": 0, "retweets_count": 0, "hashtags": []}
{"id": 962475148468158467, "date": "2018-02-10", "time": "18:55:31", "tweet": "NASA is keeping tabs on Elon Musk's Tesla roadster   https://t.co/2ax0z4Yuch via @CNNMoney", "likes_count": 0, "replies_count": 0, "retweets_count": 0, "hashtags": []}
{"id": 962475075575472128, "date": "2018-02-10", "time": "18:55:14", "tweet": "Другие новости: Tesla в космосе, снежный катаклизм в Москве и новый рекорд Инстаграма  https://t.co/tZ6jKHuHsm", "likes_count": 0, "replies_count": 0, "retweets_count": 0, "hashtags": []}
{"id": 962475031623360512, "date": "2018-02-10", "time": "18:55:04", "tweet": "Wat gaat er nu gebeuren met de Tesla van Elon Musk in de ruimte?  https://t.co/4FJW0sxzG4 via @nieuwsblad_be", "likes_count": 0, "replies_count": 0, "retweets_count": 0, "hashtags": []}
{"id": 962475018910359553, "date": "2018-02-10", "time": "18:55:01", "tweet": "Parking for the discriminating VIX trader looking for a space adjacent to the CBOE for his Tesla or Benz.   https://t.co/m5Engl8iWN", "likes_count": 9, "replies_count": 1, "retweets_count": 0, "hashtags": []}
