{"id": 965012909540630533, "date": "2018-02-17", "time": "18:59:41", "tweet": "My first tour of the Tesla Model 3...  https://t.co/CyFANfTMp0", "likes_count": 1, "replies_count": 0, "retweets_count": 0, "hashtags": []}
{"id": 965012806373265408, "date": "2018-02-17", "time": "18:59:16", "tweet": "@Jazzyxthree @MikalPSP Isn't that the creator of Club Tesla?", "likes_count": 0, "replies_count": 2, "retweets_count": 0, "hashtags": []}
{"id": 965012785254957056, "date": "2018-02-17", "time": "18:59:11", "tweet": "Bloomberg built its own Tesla Model 3 Production Tracker.   https://t.co/4qVhKPyG2k", "likes_count": 0, "replies_count": 0, "retweets_count": 0, "hashtags": []}
{"id": 965012755857240064, "date": "2018-02-17", "time": "18:59:04", "tweet": "Vou te dar um skate da supreme, um tesla e as coleções da golf wang e da gucci nos anos espero que gostes — Casava me contg  https://t.co/qm5X0y5tSp", "likes_count": 0, "replies_count": 0, "retweets_count": 0, "hashtags": []}
{"id": 965012712462979072, "date": "2018-02-17", "time": "18:58:54", "tweet": "@samabuelsamid @Boston_Auto So I found a few details out about when the Tesla model 3 will be available in Canada. Turns out the first car will be delivered in 12 to 18 months. The Tesla rep has no comment when you say now if you only knew how to build a car.", "likes_count": 2, "replies_count": 1, "retweets_count": 0, "hashtags": []}
{"id": 965012642136981505, "date": "2018-02-17", "time": "18:58:37", "tweet": "Happy Tax is giving away a 3 Year lease on a Tesla S. Enter and share to win.  https://t.co/Nq6Ua27ddt", "likes_count": 0, "replies_count": 0, "retweets_count": 0, "hashtags": []}
{"id": 965012626106445825, "date": "2018-02-17", "time": "18:58:33", "tweet": "Dormir je vais colle faire des beaux rêves avec ma tesla model X", "likes_count": 0, "replies_count": 0, "retweets_count": 0, "hashtags": []}
{"id": 965012494749233157, "date": "2018-02-17", "time": "18:58:02", "tweet": "Everything You Need To Know About Buying A Tesla In Dubai  https://t.co/tksfOnSaNW", "likes_count": 0, "replies_count": 0, "retweets_count": 1, "hashtags": []}
{"id": 965012441091493888, "date": "2018-02-17", "time": "18:57:49", "tweet": "@vicenews With or without a Tesla? Government scientists should be the arbiters using scientific priorities to gather information that will benefit public. Decision-makers should not be private enterprise individuals or billionaires with personal whims.", "likes_count": 0, "replies_count": 0, "retweets_count": 0, "hashtags": []}
{"id": 965012430324613121, "date": "2018-02-17", "time": "18:57:47", "tweet": "Check out: Chevy Bolt sales benefit as Tesla Model 3 reservation holders switch - Autoblog  https://t.co/AuMP1GptcT via @therealautoblog", "likes_count": 0, "replies_count": 0, "retweets_count": 0, "hashtags": []}
{"id": 965012425908084736, "date": "2018-02-17", "time": "18:57:46", "tweet": "@radiotigman @wpdhfm What's up Tigman. It's Amy in Monroe and I would like to hear Love Song by Tesla 2night please and thank you my friend. U ROCK", "likes_count": 1, "replies_count": 0, "retweets_count": 0, "hashtags": []}
{"id": 965012350121148416, "date": "2018-02-17", "time": "18:57:27", "tweet": "Starman and Tesla Roadster on Mars!!!  #Space  https://t.co/DwNPpiZg3q", "likes_count": 0, "replies_count": 0, "retweets_count": 1, "hashtags": ["space"]}
{"id": 965012334459670534, "date": "2018-02-17", "time": "18:57:24", "tweet": "Tesla’s electric Semi truck starts at $150,000, reservations now live   https://t.co/vbR8FEGdCI", "likes_count": 0, "replies_count": 0, "retweets_count": 0, "hashtags": []}
{"id": 965012313358073857, "date": "2018-02-17", "time": "18:57:19", "tweet": "@ValaAfshar Tesla", "likes_count": 0, "replies_count": 0, "retweets_count": 0, "hashtags": []}
{"id": 965012099167670272, "date": "2018-02-17", "time": "18:56:28", "tweet": "Ik vind een @YouTube-video leuk:  https://t.co/PJ37KzyMLo DE TESLA IS HELEMAAL KAPOT!!", "likes_count": 0, "replies_count": 0, "retweets_count": 0, "hashtags": []}
{"id": 965011927146614784, "date": "2018-02-17", "time": "18:55:47", "tweet": "Where is Starman? Track Elon Musk's Tesla Roadster's Current Location.  https://t.co/JXVpk500pT", "likes_count": 0, "replies_count": 0, "retweets_count": 0, "hashtags": []}
{"id": 965011885174153216, "date": "2018-02-17", "time": "18:55:37", "tweet": "@cesarcvz @elonmusk Unfortunately there is no Tesla Motors near here so have not had the chance to test drive one of those but I’ll find my way heh", "likes_count": 0, "replies_count": 0, "retweets_count": 0, "hashtags": []}
{"id": 965011799933243392, "date": "2018-02-17", "time": "18:55:16", "tweet": "#tesla #davidbowie  https://t.co/TJIIH8JTz1", "likes_count": 2, "replies_count": 0, "retweets_count": 0, "hashtags": ["tesla", "davidbowie"]}
{"id": 965011762394386432, "date": "2018-02-17", "time": "18:55:07", "tweet": "Gostei de um vídeo @YouTube  https://t.co/ksVf2bYqM4 Secreta Foi Enviada para o Espaço Junto com o Tesla pela SpaceX (#716 - N.", "likes_count": 0, "replies_count": 0, "retweets_count": 0, "hashtags": []}
{"id": 965011749895397376, "date": "2018-02-17", "time": "18:55:04", "tweet": "Mercedes Benz G55 AMG in the shop for some fresh films. . . . . . . . #mercedesbenz #amg #benz #mercedes #films #3m #3mauto #gwagon #rangerover #rr #amgg55 #g55 #gts #audi #lexus #German #tesla #canon #tinted #clean #rolex #bands #gucci #lv 📷: @ashadeabovefilms  https://t.co/4MuaW7wdSq", "likes_count": 2, "replies_count": 0, "retweets_count": 0, "hashtags": ["mercedesbenz", "amg", "benz", "mercedes", "films", "3m", "3mauto", "gwagon", "rangerover", "rr", "amgg55", "g55", "gts", "audi", "lexus", "german", "tesla", "canon", "tinted", "clean", "rolex", "bands", "gucci", "lv"]}
