{"id": 1160339992322772992, "date": "2019-08-10", "time": "19:59:46", "tweet": "@RamLover69 @Tesla Nope I sold my dodge with a recall every other year for my faster tesla.", "likes_count": 1, "replies_count": 0, "retweets_count": 0, "hashtags": []}
{"id": 1160339895262621697, "date": "2019-08-10", "time": "19:59:23", "tweet": "@TheDotP Elon co-founded PayPal, earned $170 million when eBay bought the company. Then invested roughly half into Tesla and SpaceX: Tesla valued at $42 billion currently, SpaceX currently valued at $33.3 billion privately. More examples I could give. He's proven he knows what he's doing.", "likes_count": 0, "replies_count": 0, "retweets_count": 0, "hashtags": []}
{"id": 1160339834940141570, "date": "2019-08-10", "time": "19:59:09", "tweet": "@Blackgirls4yang No one would buy a Tesla if it was that expensive though", "likes_count": 0, "replies_count": 0, "retweets_count": 0, "hashtags": []}
{"id": 1160339798281740288, "date": "2019-08-10", "time": "19:59:00", "tweet": "@Schlomoguy @conorporter @Twirdbirdler @PollsTesla @TeslaTested The reference for how much cobalt Tesla uses is Benchmark Minerals, hardly a Tesla Fanboy Club.   https://t.co/9WZCLC7h4L", "likes_count": 0, "replies_count": 0, "retweets_count": 0, "hashtags": []}
{"id": 1160339709702238210, "date": "2019-08-10", "time": "19:58:39", "tweet": "@TLCTesla @teslataxisea @TeslaMiles @Tesla @elonmusk Mini has a cool solution where the front part of the roof retracts to make a huge sunroof but you keep the rest of the top up", "likes_count": 0, "replies_count": 0, "retweets_count": 0, "hashtags": []}
{"id": 1160339694728732679, "date": "2019-08-10", "time": "19:58:35", "tweet": ".@elonmusk Please add pause and rewind features to the live radio app #tesla", "likes_count": 0, "replies_count": 0, "retweets_count": 0, "hashtags": ["tesla"]}
{"id": 1160339654748594176, "date": "2019-08-10", "time": "19:58:26", "tweet": "@Tesla Oh hell yeah", "likes_count": 0, "replies_count": 0, "retweets_count": 0, "hashtags": []}
{"id": 1160339647609942016, "date": "2019-08-10", "time": "19:58:24", "tweet": "@WpgMootz @Tesla Too late", "likes_count": 2, "replies_count": 0, "retweets_count": 0, "hashtags": []}
{"id": 1160339646095618048, "date": "2019-08-10", "time": "19:58:24", "tweet": "@saurabhd04 @teslaownersSV @Tesla @elonmusk @sirushti I live in the Bay Area. I see Tesla almost every where", "likes_count": 2, "replies_count": 1, "retweets_count": 0, "hashtags": []}
{"id": 1160339644128514048, "date": "2019-08-10", "time": "19:58:23", "tweet": "@tesla_door 朝5時起きw7時半に会場行ったけどめっちゃ人いたので駅近くのマックに避難してます", "likes_count": 0, "replies_count": 0, "retweets_count": 0, "hashtags": []}
{"id": 1160339618400821250, "date": "2019-08-10", "time": "19:58:17", "tweet": "@SteveHamel16 @tesla_truth @TESLAcharts My dislike of some $TSLAQ members does not improve company fundamentals. I don't position based on what I would like to have happen, rather what I think will happen.", "likes_count": 2, "replies_count": 1, "retweets_count": 0, "hashtags": []}
{"id": 1160339554672533505, "date": "2019-08-10", "time": "19:58:02", "tweet": "Tesla knows me.", "likes_count": 1, "replies_count": 0, "retweets_count": 0, "hashtags": []}
{"id": 1160339551467892736, "date": "2019-08-10", "time": "19:58:01", "tweet": "@TeslaPravduh @dream_tesla 👽", "likes_count": 1, "replies_count": 1, "retweets_count": 0, "hashtags": []}
{"id": 1160339540449615873, "date": "2019-08-10", "time": "19:57:59", "tweet": "@tesla_truth Good point", "likes_count": 0, "replies_count": 0, "retweets_count": 0, "hashtags": []}
{"id": 1160339472027922434, "date": "2019-08-10", "time": "19:57:42", "tweet": "@SVida90 @Model3Owners @teslaownersSV @Tesla @elonmusk Haven’t had that issue since the very early days (Feb/Mar 2018) and it’s definitely back sometimes in 28.2", "likes_count": 1, "replies_count": 0, "retweets_count": 0, "hashtags": []}
{"id": 1160339452322930689, "date": "2019-08-10", "time": "19:57:38", "tweet": "@MrSushiFN @Tesla @elonmusk Not me", "likes_count": 1, "replies_count": 0, "retweets_count": 0, "hashtags": []}
{"id": 1160339421054537728, "date": "2019-08-10", "time": "19:57:30", "tweet": "@kai101497 So a Tesla will cost what $250,000 then?", "likes_count": 0, "replies_count": 1, "retweets_count": 0, "hashtags": []}
{"id": 1160339371007983616, "date": "2019-08-10", "time": "19:57:18", "tweet": "@teslaownersSV @tesla_truth In Silicon Valley the same house would cost $40 million lol", "likes_count": 1, "replies_count": 1, "retweets_count": 0, "hashtags": []}
{"id": 1160339324849627136, "date": "2019-08-10", "time": "19:57:07", "tweet": "just saw a guy in a tesla parallel park without touching the wheel, this is innovation", "likes_count": 2, "replies_count": 0, "retweets_count": 0, "hashtags": []}
{"id": 1160339226459824130, "date": "2019-08-10", "time": "19:56:44", "tweet": "@VolvoWillxc But we would have stock in tesla", "likes_count": 0, "replies_count": 1, "retweets_count": 0, "hashtags": []}
