{"id": 1101995592249688064, "date": "2019-03-02", "time": "18:59:57", "tweet": "11/ My point is: Wouldn’t be unthinkable  that more taxpayer money gets wasted on Tesla, and the current strategy ensures a high number of victims: voters who can’t afford a high price car, but maybe $35K.", "likes_count": 4, "replies_count": 1, "retweets_count": 0, "hashtags": []}
{"id": 1101995590689476608, "date": "2019-03-02", "time": "18:59:57", "tweet": "10/ who would sit on stranded assets, retail shareholders who lose a lot, creditors who lose their investment. American green energy engineering ingenuity icon (🤔). Pride of Silicon Valley. Tesla traditionally close to subsidies.", "likes_count": 2, "replies_count": 1, "retweets_count": 0, "hashtags": []}
{"id": 1101995576084873216, "date": "2019-03-02", "time": "18:59:54", "tweet": "1/ Quick take about the recent developments in $tsla / $tslaq / #tesla.  A friend of mine worked as management consultant in restructuring. They always said:  “Cash is king. But equity is King Kong.”", "likes_count": 20, "replies_count": 2, "retweets_count": 3, "hashtags": ["tesla"]}
{"id": 1101995554777772032, "date": "2019-03-02", "time": "18:59:49", "tweet": " https://t.co/F3RzNu5QlP   Second federal agency to probe fatal Florida Tesla crash", "likes_count": 0, "replies_count": 0, "retweets_count": 0, "hashtags": []}
{"id": 1101995465413935106, "date": "2019-03-02", "time": "18:59:27", "tweet": "@jml6 @Tesla @TeslaSupport ok, and no response, right?", "likes_count": 0, "replies_count": 1, "retweets_count": 0, "hashtags": []}
{"id": 1101995443133792256, "date": "2019-03-02", "time": "18:59:22", "tweet": "The National Highway Traffic Safety Administration (NHTSA) said it is investigating a fatal Tesla Inc Model S crash in Davie, Florida last Sunday that killed the driver and resulted in a massive vehicle fire, the second fatal crash this week the agency i…  https://t.co/I5lmtJnMll", "likes_count": 0, "replies_count": 0, "retweets_count": 0, "hashtags": []}
{"id": 1101995434866823174, "date": "2019-03-02", "time": "18:59:20", "tweet": "@DoucetSt @yimboz @nico_rosberg @elonmusk @Tesla Yep! After I got my Model 3 I sold my Porsche of 19.5 years. Still love Porsche, but Tesla more. Hoping Porsche catches up soon.", "likes_count": 0, "replies_count": 0, "retweets_count": 0, "hashtags": []}
{"id": 1101995404261015552, "date": "2019-03-02", "time": "18:59:13", "tweet": "@zaoyang One of the main point is off the table. I am referring to the $920m in debt that was due. It has been paid. Let's see how 2019 shapes up for Tesla. I think the company will be fine! I may be wrong but I doubt it!", "likes_count": 0, "replies_count": 1, "retweets_count": 0, "hashtags": []}
{"id": 1101995368055599104, "date": "2019-03-02", "time": "18:59:04", "tweet": "Two fatal Tesla crashes prompt investigation  https://t.co/9xPV6Urqg8  https://t.co/Lrf4MyMEsK", "likes_count": 0, "replies_count": 0, "retweets_count": 0, "hashtags": []}
{"id": 1101995365132201984, "date": "2019-03-02", "time": "18:59:03", "tweet": "BREAKING Two fatal Tesla crashes prompt investigation  https://t.co/h9Py4cnEol  https://t.co/foU5YVplxe", "likes_count": 5, "replies_count": 0, "retweets_count": 3, "hashtags": []}
{"id": 1101995361059520512, "date": "2019-03-02", "time": "18:59:02", "tweet": "Tesla slashes retail employee compensation, seemingly pushing them out instead of layoffs - Electrek  https://t.co/dg2JYCHNmR", "likes_count": 0, "replies_count": 0, "retweets_count": 0, "hashtags": []}
{"id": 1101995305682124801, "date": "2019-03-02", "time": "18:58:49", "tweet": "@eddiemac3356 @ex_Tesla @2170cell @elonmusk Monthly $50s will be sub 10 cents every month.  Divide total planner short into 48 parts. Buy 1/48th every month.  When the fbi raid for shutting down fraud comes the $45 unfilled gap will fill. You’ll make millions on a small trade. Low risk high return. Click buy- kick back 👍🏼", "likes_count": 0, "replies_count": 0, "retweets_count": 0, "hashtags": []}
{"id": 1101995271473582082, "date": "2019-03-02", "time": "18:58:41", "tweet": "Has anyone at Tesla considered the army of betrayed hate-spewers this love will create?   This business case is going to be the best, ever.", "likes_count": 1, "replies_count": 0, "retweets_count": 0, "hashtags": []}
{"id": 1101995240230010880, "date": "2019-03-02", "time": "18:58:34", "tweet": "Tesla Premiere New Track 'California Summer Song'  https://t.co/8I11i7IUp3  https://t.co/QCTf6vrPgT", "likes_count": 0, "replies_count": 0, "retweets_count": 0, "hashtags": []}
{"id": 1101995221892648961, "date": "2019-03-02", "time": "18:58:29", "tweet": "\"Second Federal Agency to Probe Fatal Florida Tesla Crash\" by THE ASSOCIATED PRESS via NYT  https://t.co/FLwpFKQ1WU", "likes_count": 0, "replies_count": 0, "retweets_count": 0, "hashtags": []}
{"id": 1101995212631670786, "date": "2019-03-02", "time": "18:58:27", "tweet": "opste poznato da je nikola tesla bosanac iz drevne bosnjanske porodice", "likes_count": 1, "replies_count": 0, "retweets_count": 0, "hashtags": []}
{"id": 1101995191634939904, "date": "2019-03-02", "time": "18:58:22", "tweet": "@tesla_raj Curious to see your results! 👍😁 #watchforrocks", "likes_count": 1, "replies_count": 0, "retweets_count": 0, "hashtags": ["watchforrocks"]}
{"id": 1101995179802873866, "date": "2019-03-02", "time": "18:58:19", "tweet": "@eddiemac3356 @ex_Tesla @2170cell @elonmusk Same here Jan 2020 is where the gold is at.", "likes_count": 12, "replies_count": 2, "retweets_count": 1, "hashtags": []}
{"id": 1101995177743433729, "date": "2019-03-02", "time": "18:58:19", "tweet": "#Tesla veut copier les méthodes d'Amazon pour vendre ses voitures  https://t.co/4WrFNskT9A via @LesEchos", "likes_count": 0, "replies_count": 0, "retweets_count": 2, "hashtags": ["tesla"]}
{"id": 1101995172517371904, "date": "2019-03-02", "time": "18:58:17", "tweet": "Bodes well for the first Tesla Supercharger unveiling event set for 4:43pm ET.", "likes_count": 0, "replies_count": 0, "retweets_count": 0, "hashtags": []}
