{"id": 1140046247362871297, "date": "2019-06-15", "time": "19:59:41", "tweet": "Tesla's June Rebound Hits a Speed Bump via @Entrepreneur   https://t.co/N9YLjmVJoy", "likes_count": 0, "replies_count": 0, "retweets_count": 0, "hashtags": []}
{"id": 1140046237493866496, "date": "2019-06-15", "time": "19:59:38", "tweet": "@elonmusk Nier Automata for Tesla? Hahaha", "likes_count": 0, "replies_count": 0, "retweets_count": 0, "hashtags": []}
{"id": 1140046218485260288, "date": "2019-06-15", "time": "19:59:34", "tweet": "@vijaygovindan17 @Tesla @elonmusk Count me in!", "likes_count": 0, "replies_count": 0, "retweets_count": 0, "hashtags": []}
{"id": 1140046187355082752, "date": "2019-06-15", "time": "19:59:26", "tweet": "@Teslatunity @TeslaV6 @CarolineGee8 @Tesla @elonmusk @vincent13031925 @GerberKawasaki @MFrunker @evmom111 Sweet! FREE trips for us to @WaltDisneyWorld &amp; @UniversalORL when we go... which is about every weekend lol! I'm still on my 6 months free from a referral code until July 28th though!", "likes_count": 3, "replies_count": 1, "retweets_count": 0, "hashtags": []}
{"id": 1140046167419621376, "date": "2019-06-15", "time": "19:59:22", "tweet": "I know I post about Tesla and probably seem a little liberal... but this is some fucked up stuff... My sister posted this, and I think it's important to reflect on it, reflect on where does the value of a human life start and end... because those lines are becoming ever blurrier.  https://t.co/oewJxBgCEx", "likes_count": 2, "replies_count": 1, "retweets_count": 1, "hashtags": []}
{"id": 1140046151229378561, "date": "2019-06-15", "time": "19:59:18", "tweet": "@cleantechnica @azeem @ray4tesla And here we’ve been told only Tesla’s catch fire. Who knew? 😉 @elonmusk", "likes_count": 6, "replies_count": 0, "retweets_count": 0, "hashtags": []}
{"id": 1140046146917658624, "date": "2019-06-15", "time": "19:59:17", "tweet": "@Xubin_Chen @tesla_truth They promised Level 5", "likes_count": 0, "replies_count": 0, "retweets_count": 0, "hashtags": []}
{"id": 1140046136952131585, "date": "2019-06-15", "time": "19:59:14", "tweet": "Meet TezLab, the Fitbit for Tesla vehicles  https://t.co/sdsqXkpP7A #tech #marketing #technews  https://t.co/MqJYelug35", "likes_count": 1, "replies_count": 0, "retweets_count": 0, "hashtags": ["tech", "marketing", "technews"]}
{"id": 1140046064956923905, "date": "2019-06-15", "time": "19:58:57", "tweet": "@tesla_truth So man, why the f*ck haven't we taken Tesla private yet? Tesla's probably one of the biggest cases against IPOs by the way...", "likes_count": 0, "replies_count": 1, "retweets_count": 0, "hashtags": []}
{"id": 1140045961668059136, "date": "2019-06-15", "time": "19:58:32", "tweet": "@TonyWuGZ @elonmusk @Tesla TonyWuHZ...  https://t.co/lx7K1TmX6T", "likes_count": 0, "replies_count": 0, "retweets_count": 0, "hashtags": []}
{"id": 1140045911483023360, "date": "2019-06-15", "time": "19:58:20", "tweet": "安い。(^^)/ (テスラ)TESLA オールシーズン ロング スポーツタイツ [UVカット・吸汗速乾] コンプレッションウェア パワーストレ… ￥1,349 (送料ポイント込み最安値) [LOTUS trading]  https://t.co/yYW5JuE5SX #TESLA #オールシーズン #服  https://t.co/cVg0ubPglw", "likes_count": 0, "replies_count": 0, "retweets_count": 0, "hashtags": ["tesla", "オールシーズン", "服"]}
{"id": 1140045895800508416, "date": "2019-06-15", "time": "19:58:17", "tweet": "@TonyWuGZ @elonmusk @Tesla Seems like he’s trolling and can’t afford it anyway, if he isn’t he seems like such an idiot he would manage to hurt himself in one of the worlds safest cars. This is a customer you don’t need @elonmusk", "likes_count": 0, "replies_count": 0, "retweets_count": 0, "hashtags": []}
{"id": 1140045888292712448, "date": "2019-06-15", "time": "19:58:15", "tweet": "@IllinoiNemo @EVAutonomy @Tesla @elonmusk @vincent13031925 @vijaygovindan17 @R0T3X @fredsa @Inelonwetrust__ I just checked Carmax in our area.  They have ZERO vehicles for $5,000.", "likes_count": 0, "replies_count": 2, "retweets_count": 0, "hashtags": []}
{"id": 1140045815051767808, "date": "2019-06-15", "time": "19:57:57", "tweet": "@Teslatunity Every time! Our house is a bus too! Haha @tesla", "likes_count": 1, "replies_count": 0, "retweets_count": 0, "hashtags": []}
{"id": 1140045705421049856, "date": "2019-06-15", "time": "19:57:31", "tweet": "@BFNagy @elonmusk @Tesla @CodyRenshaw @ValueAnalyst1 Love the little model for child that comes with it", "likes_count": 1, "replies_count": 0, "retweets_count": 0, "hashtags": []}
{"id": 1140045645342007296, "date": "2019-06-15", "time": "19:57:17", "tweet": "@hoofhrtd1254 @TeslaV6 @CarolineGee8 @Tesla @elonmusk @vincent13031925 @GerberKawasaki @MFrunker @evmom111 I’m not sure if there is an end date on it", "likes_count": 2, "replies_count": 1, "retweets_count": 0, "hashtags": []}
{"id": 1140045641948827648, "date": "2019-06-15", "time": "19:57:16", "tweet": "@jjhanna2 @tesla_truth Thanks", "likes_count": 1, "replies_count": 0, "retweets_count": 0, "hashtags": []}
{"id": 1140045579340271617, "date": "2019-06-15", "time": "19:57:01", "tweet": "@elonmusk wanna send me a Tesla?", "likes_count": 0, "replies_count": 0, "retweets_count": 0, "hashtags": []}
{"id": 1140045578342150150, "date": "2019-06-15", "time": "19:57:01", "tweet": "I wanted a Tesla to save the environment and because they look cool and all, but my new reason to have one is so I can fuck while it’s on autopilot", "likes_count": 4, "replies_count": 0, "retweets_count": 1, "hashtags": []}
{"id": 1140045543395119104, "date": "2019-06-15", "time": "19:56:53", "tweet": "@evJames2069 @tesla_truth @Tesla @elonmusk Totally agreed. So much potentials. Maybe @elonmusk is waiting once they sell over 500K a year, which will be next year? Lol.", "likes_count": 0, "replies_count": 0, "retweets_count": 0, "hashtags": []}
{"id": 1140045542086627329, "date": "2019-06-15", "time": "19:56:52", "tweet": "@CityLondonAlan @elonmusk Tesla is missing...", "likes_count": 0, "replies_count": 0, "retweets_count": 0, "hashtags": []}
{"id": 1140045492774146049, "date": "2019-06-15", "time": "19:56:41", "tweet": "@travelalot2018 @tesla_truth 24.  1,000/day.", "likes_count": 1, "replies_count": 1, "retweets_count": 0, "hashtags": []}
{"id": 1140045474134708225, "date": "2019-06-15", "time": "19:56:36", "tweet": "@EvPorsche @mortchad @Tesla Nah my friend those cars? Well my car taste is complicated", "likes_count": 0, "replies_count": 0, "retweets_count": 0, "hashtags": []}
{"id": 1140045432325902336, "date": "2019-06-15", "time": "19:56:26", "tweet": "@Casey You’re home! Great following along with your Tesla adventure. Now go and sleep.", "likes_count": 7, "replies_count": 0, "retweets_count": 0, "hashtags": []}
{"id": 1140045418073448448, "date": "2019-06-15", "time": "19:56:23", "tweet": "@loganthefirst @elonmusk @AhAAn20 @TonyWuGZ @Tesla @PolestarCars DONT QUESTION ELON!", "likes_count": 1, "replies_count": 0, "retweets_count": 0, "hashtags": []}
{"id": 1140045319759024128, "date": "2019-06-15", "time": "19:55:59", "tweet": "Driving a Tesla Model S in ASPHALT AIRBORNE 8 game.  Top acceleration speed, ridiculously easy control.  Always nailing champions 🏆  $tsla #Tesla #Models  https://t.co/CoEMh5f2Jt", "likes_count": 92, "replies_count": 4, "retweets_count": 18, "hashtags": ["tesla", "models"]}
{"id": 1140045229073952769, "date": "2019-06-15", "time": "19:55:38", "tweet": "@coolgrey Damn that Tesla's trim is crooked too.", "likes_count": 0, "replies_count": 0, "retweets_count": 0, "hashtags": []}
{"id": 1140045157389070336, "date": "2019-06-15", "time": "19:55:21", "tweet": "@mitchellbwright @Tesla Yeah, decent chance this person and people like this do stuff like this and don’t even notice.", "likes_count": 1, "replies_count": 1, "retweets_count": 0, "hashtags": []}
{"id": 1140045104859602944, "date": "2019-06-15", "time": "19:55:08", "tweet": "@tuhsuki The toll it takes on the environment to manufacture a Tesla and its batteries end up being worse for the environmental then fossil fuels 🤧   You’re not saving the planet driving a Tesla you’re killing it just like everyone else but looking better while doing it 🤠", "likes_count": 1, "replies_count": 1, "retweets_count": 0, "hashtags": []}
{"id": 1140045074811838464, "date": "2019-06-15", "time": "19:55:01", "tweet": "🌵 Tesla dei Canales: Primeros barcos portacontenedores eléctricos...  https://t.co/v5xAgC3DLh", "likes_count": 0, "replies_count": 0, "retweets_count": 0, "hashtags": []}
{"id": 1140045054091751424, "date": "2019-06-15", "time": "19:54:56", "tweet": "BMW owners, please read this article and trade in your cars for Tesla.", "likes_count": 0, "replies_count": 0, "retweets_count": 0, "hashtags": []}
{"id": 1140045050191237120, "date": "2019-06-15", "time": "19:54:55", "tweet": "@andreasaccomani @ex_Tesla @elonmusk @TonyWuGZ @Tesla What's the point of this video?", "likes_count": 0, "replies_count": 0, "retweets_count": 0, "hashtags": []}
{"id": 1140045038451249152, "date": "2019-06-15", "time": "19:54:52", "tweet": "@tesla_truth @jjhanna2 Is that 24 hours or 12 hrs or 8 hrs a day? Thanks", "likes_count": 1, "replies_count": 1, "retweets_count": 0, "hashtags": []}
{"id": 1140045021699280899, "date": "2019-06-15", "time": "19:54:48", "tweet": "@TeslaOwnersNEUS @tammyharrington And Tesla needs to provide Model 3 adapters for all those chargers especially CCS", "likes_count": 2, "replies_count": 0, "retweets_count": 0, "hashtags": []}
{"id": 1140045019816038401, "date": "2019-06-15", "time": "19:54:48", "tweet": "@DeshpandeKar @elonmusk @AhAAn20 @TonyWuGZ @Tesla @PolestarCars I think you’re jumping to conclusions there — I have used Apple CarPlay previously and it’s no great shakes. I think Tesla has a great experience. They can continue improve things without jumping out to Apple or Google", "likes_count": 1, "replies_count": 0, "retweets_count": 0, "hashtags": []}
{"id": 1140044831458091008, "date": "2019-06-15", "time": "19:54:03", "tweet": "Was following a #InfinitiQ60 in Red with Utah plate of \"SHESQIK\" on the way home from #samsclub. Well, had to test this statement with our #Tesla #ModelS85D. All I can say is She's NOT Qik with our #Tesla. 😊😊😊", "likes_count": 0, "replies_count": 0, "retweets_count": 0, "hashtags": ["infinitiq60", "samsclub", "tesla", "models85d", "tesla"]}
{"id": 1140044775858434049, "date": "2019-06-15", "time": "19:53:50", "tweet": "@tesla_truth We were at a SoCal Porches show this morning, some Porches owners also have @Tesla. As we started talking about Tesla, everyone loves it. And their friends who have Tesla also never have a complaints. Amazing experience!", "likes_count": 0, "replies_count": 0, "retweets_count": 0, "hashtags": []}
{"id": 1140044649110917125, "date": "2019-06-15", "time": "19:53:20", "tweet": "@AlterViggo @Tesla But please don't encourage Hybrids.", "likes_count": 0, "replies_count": 1, "retweets_count": 0, "hashtags": []}
{"id": 1140044648808964103, "date": "2019-06-15", "time": "19:53:19", "tweet": "@adamquinton @Rivian @Tesla We love our @tesla too but also excited to support another #US auto manufacturer and #EV builder.", "likes_count": 2, "replies_count": 0, "retweets_count": 0, "hashtags": ["us", "ev"]}
{"id": 1140044596426285056, "date": "2019-06-15", "time": "19:53:07", "tweet": "Bikin varian tesla 2b dong :voss  https://t.co/oWJ3Iq2nV4", "likes_count": 0, "replies_count": 0, "retweets_count": 0, "hashtags": []}
{"id": 1140044548758003712, "date": "2019-06-15", "time": "19:52:56", "tweet": "I'm a big Tesla fan but more of a big outdoor guy and just found my next truck...   https://t.co/JykM6qvcCj", "likes_count": 0, "replies_count": 1, "retweets_count": 0, "hashtags": []}
{"id": 1140044523827077125, "date": "2019-06-15", "time": "19:52:50", "tweet": "@elonmusk @TonyWuGZ @Tesla Don't listen to this guy, the interior is great!", "likes_count": 0, "replies_count": 0, "retweets_count": 0, "hashtags": []}
{"id": 1140044495167340545, "date": "2019-06-15", "time": "19:52:43", "tweet": "@mymodl3 @EVAutonomy @Tesla @elonmusk @vincent13031925 @vijaygovindan17 @R0T3X @fredsa @Inelonwetrust__ Exchange that for a chevy cruze same years, same", "likes_count": 0, "replies_count": 1, "retweets_count": 0, "hashtags": []}
{"id": 1140044443791216640, "date": "2019-06-15", "time": "19:52:31", "tweet": "@Connor_Huck @TonyWuGZ @elonmusk @Tesla I though the same thing at first, it’s Chinese Yuan, not the yen. Works out to be about 90k", "likes_count": 0, "replies_count": 1, "retweets_count": 0, "hashtags": []}
{"id": 1140044440188461056, "date": "2019-06-15", "time": "19:52:30", "tweet": "[Job] Process Engineer | Company: Tesla Motors | Location: Fremont California  United States | #Fremont #Chemical #Engineering #Jobs | More info at   https://t.co/aREcbhxeWc", "likes_count": 0, "replies_count": 0, "retweets_count": 0, "hashtags": ["fremont", "chemical", "engineering", "jobs"]}
{"id": 1140044427819454464, "date": "2019-06-15", "time": "19:52:27", "tweet": "@surgmax @ahmedkayssi @DanHan @VascularSVS @BradleyThomas @westleyohman @conwayvascular @ColemanDM_vasc @ReidRavin @BillBeckerman @sternvascular @khalilqatoMD @jmills1955 @UofTVascular It's not just @VascularSVS, @surgmax. Dogma is a reflection of the past. We are a current version of that past. To get to the future we want, we need to grow. That's bound to make some uncomfortable, but who cares. Einstein, Ford, Carnegie, Tesla, Dotter, etc didn't care at all.", "likes_count": 12, "replies_count": 1, "retweets_count": 2, "hashtags": []}
{"id": 1140044386027393026, "date": "2019-06-15", "time": "19:52:17", "tweet": "@pupipuro @elonmusk Elon, please source the art so the artist can become famous and rich and buy the best Tesla :)", "likes_count": 26, "replies_count": 2, "retweets_count": 0, "hashtags": []}
{"id": 1140044374962843654, "date": "2019-06-15", "time": "19:52:14", "tweet": "@ashleyblewis @45surf @markbspiegel @elonmusk @Tesla That's not true. They're not as safe as other cars in their class. More accidents, more deaths (by far)", "likes_count": 4, "replies_count": 3, "retweets_count": 0, "hashtags": []}
{"id": 1140044368386187264, "date": "2019-06-15", "time": "19:52:13", "tweet": "@tesla_truth @sascha_p @Daimler Awwww not @sascha_p , his toupee's is about to fall off 🤣", "likes_count": 1, "replies_count": 0, "retweets_count": 0, "hashtags": []}
{"id": 1140044357044711424, "date": "2019-06-15", "time": "19:52:10", "tweet": "@elonmusk @rstar346 @elonmusknt @Phil343thomas @TonyWuGZ @Tesla @elonmusk  1000%.  https://t.co/DyxmCapBFy", "likes_count": 0, "replies_count": 0, "retweets_count": 0, "hashtags": []}
{"id": 1140044319434399744, "date": "2019-06-15", "time": "19:52:01", "tweet": "Tesla Turns Power Back On At Children's Hospital In Puerto Rico  https://t.co/XbiXJsYTA6", "likes_count": 0, "replies_count": 0, "retweets_count": 0, "hashtags": []}
{"id": 1140044232033361920, "date": "2019-06-15", "time": "19:51:40", "tweet": "@elonmusk Tesla conversion into YoRHa confirmed.", "likes_count": 0, "replies_count": 0, "retweets_count": 0, "hashtags": []}
{"id": 1140044218196344834, "date": "2019-06-15", "time": "19:51:37", "tweet": "@teslaownersSV @tesla_raj @Teslatunity @Model3Owners @teslabros @elonmusk @Tesla I wouldn’t, There was a lot of other M3 owners there too asking me if I was charging at more then 100Kw, I was only getting 110kw and I started at 19 percent battery remaining, I also have the LR RWD M3 which is supposed to work", "likes_count": 1, "replies_count": 1, "retweets_count": 0, "hashtags": []}
{"id": 1140044170913972229, "date": "2019-06-15", "time": "19:51:25", "tweet": "Were they always driving Tesla’s on #HandmaidsTale", "likes_count": 1, "replies_count": 0, "retweets_count": 0, "hashtags": ["handmaidstale"]}
{"id": 1140044079167705088, "date": "2019-06-15", "time": "19:51:04", "tweet": "Strange Tesla vehicle spotted near design studio, could it be a refresh prototype?  https://t.co/rYkOfVI4sq  https://t.co/VJqroOnV9r", "likes_count": 0, "replies_count": 0, "retweets_count": 0, "hashtags": []}
{"id": 1140044049421918208, "date": "2019-06-15", "time": "19:50:57", "tweet": "@TonyWuGZ @elonmusk @Tesla Yeah I test drove on yesterday. The seats are as good if not better than my chargers seats", "likes_count": 0, "replies_count": 0, "retweets_count": 0, "hashtags": []}
{"id": 1140044041863737344, "date": "2019-06-15", "time": "19:50:55", "tweet": "@pimpao_03 @pedro15pardal Fico a espera que me convides para ir dar uma volta de Tesla!", "likes_count": 2, "replies_count": 0, "retweets_count": 0, "hashtags": []}
{"id": 1140043973412524033, "date": "2019-06-15", "time": "19:50:38", "tweet": "@elonmusk @Tesla from India, Saving little by little, one day will buy Tesla Models S DAY= 3 months 3 days.", "likes_count": 0, "replies_count": 0, "retweets_count": 0, "hashtags": []}
{"id": 1140043952990621696, "date": "2019-06-15", "time": "19:50:34", "tweet": "@MichellBasler @Inelonwetrust__ @vincent13031925 @Android @tesla_truth @StatsTeslaApp @tesla_unplugged @randyho1979 Interesting enough, why would people still extend the memory (storage) of their phones - it gets depleted soon after anyway, and again and again. Also, why would you risk having *anything* stored on the most threaten device one might own?!?!  For the same money, cloud st &amp; stream", "likes_count": 3, "replies_count": 2, "retweets_count": 0, "hashtags": []}
{"id": 1140043910175064064, "date": "2019-06-15", "time": "19:50:23", "tweet": "@Hollowman7717 @tesla_raj @Teslatunity @Model3Owners @teslabros @elonmusk @Tesla Should I not go?", "likes_count": 0, "replies_count": 1, "retweets_count": 0, "hashtags": []}
