{"id": 1175560316320546818, "date": "2019-09-21", "time": "19:59:54", "tweet": "Sitting here waiting for my new #Tesla 3 and was thinking how cool it would be to get the video of the car being built from cameras on the robots and factory. I would pay extra @elonmusk.", "likes_count": 0, "replies_count": 0, "retweets_count": 0, "hashtags": ["tesla"]}
{"id": 1175560296934457344, "date": "2019-09-21", "time": "19:59:50", "tweet": "i automatically assume that anyone who drives a tesla is a cis white man unless proven otherwise", "likes_count": 0, "replies_count": 0, "retweets_count": 0, "hashtags": []}
{"id": 1175560240533823488, "date": "2019-09-21", "time": "19:59:36", "tweet": "@PTBarnu88732123 @Tesla You still think Tesla’s Q3 &amp; Q4 revenue will decline vs. Q2?  https://t.co/z5kur9dExN", "likes_count": 2, "replies_count": 1, "retweets_count": 0, "hashtags": []}
{"id": 1175560118940790786, "date": "2019-09-21", "time": "19:59:07", "tweet": "@m4s1w7 @Tesla Why? I drive on sunshine.  Bye, TROLL!  https://t.co/2yLxtQ7Tbk", "likes_count": 0, "replies_count": 0, "retweets_count": 0, "hashtags": []}
{"id": 1175560068328124416, "date": "2019-09-21", "time": "19:58:55", "tweet": "@mark_phelan “On the other hand, lane departure assist and lane centering features remain a sore spot for many vehicles.” Try a Tesla. Why is it not even on this list?", "likes_count": 0, "replies_count": 0, "retweets_count": 0, "hashtags": []}
{"id": 1175559958609485824, "date": "2019-09-21", "time": "19:58:29", "tweet": "Tell us about your :  - she's cute :)  - yikes dawg - Doctor - taken  - Tesla Model S  - Alfredo/Pizza/Lasagna - LMFAO irdk football??? Sleeping??? - Lying - Italy (soon? Irdk)  Comment an emoji for the questions", "likes_count": 5, "replies_count": 5, "retweets_count": 0, "hashtags": []}
{"id": 1175559940490092544, "date": "2019-09-21", "time": "19:58:25", "tweet": "@Tesla have yall made college referees yet", "likes_count": 0, "replies_count": 0, "retweets_count": 0, "hashtags": []}
{"id": 1175559890288463872, "date": "2019-09-21", "time": "19:58:13", "tweet": "This is Big news and very important to the Tesla G3ramp in China.", "likes_count": 3, "replies_count": 0, "retweets_count": 1, "hashtags": []}
{"id": 1175559843748306944, "date": "2019-09-21", "time": "19:58:02", "tweet": "Dropped pin Near Tulalip Reservation, Tulalip Bay, WA  https://t.co/ODfdzA0v6d  @Tesla This would be a perfect location for a 50 or more stall super charging station. There is plenty of space for a batteries and solar as well 👌.", "likes_count": 1, "replies_count": 0, "retweets_count": 0, "hashtags": []}
{"id": 1175559805257187329, "date": "2019-09-21", "time": "19:57:53", "tweet": "Delaware judge says Tesla board must face trial over Musk's mega-pay package -  https://t.co/NvnEOgcYfn", "likes_count": 0, "replies_count": 0, "retweets_count": 0, "hashtags": []}
{"id": 1175559797686571015, "date": "2019-09-21", "time": "19:57:51", "tweet": "Best gender reveal idea ever! @elonmusk @Tesla  https://t.co/11yUYw4c2q", "likes_count": 18, "replies_count": 1, "retweets_count": 1, "hashtags": []}
{"id": 1175559785678163968, "date": "2019-09-21", "time": "19:57:48", "tweet": "@olgakhazan Don’t know what awards they earned, but Tesla and Steinbeck... 😍", "likes_count": 0, "replies_count": 0, "retweets_count": 0, "hashtags": []}
{"id": 1175559767634300928, "date": "2019-09-21", "time": "19:57:44", "tweet": "Bay Area Police Department Training Run w/ a #Tesla     https://t.co/h84y7q8a8B", "likes_count": 9, "replies_count": 0, "retweets_count": 1, "hashtags": ["tesla"]}
{"id": 1175559689125400576, "date": "2019-09-21", "time": "19:57:25", "tweet": "@byRovi23 @AkimAguilar @Tesla Felicidades pero asi como te tomo tiempo en conseguirlo lo mismo pasara cuando se dañe una piesa", "likes_count": 0, "replies_count": 0, "retweets_count": 0, "hashtags": []}
{"id": 1175559679000358913, "date": "2019-09-21", "time": "19:57:22", "tweet": "@thechrisws Nikola Tesla was pretty dreamy, too. 😉", "likes_count": 0, "replies_count": 0, "retweets_count": 0, "hashtags": []}
{"id": 1175559635455086600, "date": "2019-09-21", "time": "19:57:12", "tweet": "Tesla Model 3 is #1 best selling vehicle In Norway 🚘🇳🇴 $TSLA @cleantechnica  https://t.co/Th1j0ktXzk", "likes_count": 5, "replies_count": 0, "retweets_count": 3, "hashtags": []}
{"id": 1175559591536603136, "date": "2019-09-21", "time": "19:57:02", "tweet": "@Bfklin @tesla_truth It is fantastic when processed with powerful mobile mapping software and paired with machine learning algorithms. We have LIDAR mapped roadway for our clients that have provided them with 3 months worth of field data in one day. Just bad in variable conditions like dust, snow ect", "likes_count": 1, "replies_count": 1, "retweets_count": 1, "hashtags": []}
{"id": 1175559585148493824, "date": "2019-09-21", "time": "19:57:00", "tweet": "My Uber was a Tesla! That’s a sign! Haha", "likes_count": 0, "replies_count": 0, "retweets_count": 0, "hashtags": []}
{"id": 1175559565599027202, "date": "2019-09-21", "time": "19:56:55", "tweet": "Tesla Club Social event at the Drive-In  https://t.co/1ETY4ur74k", "likes_count": 20, "replies_count": 1, "retweets_count": 2, "hashtags": []}
{"id": 1175559565125062657, "date": "2019-09-21", "time": "19:56:55", "tweet": "@yanquetino @Tesla Don’t forget, next time you should walk to work", "likes_count": 0, "replies_count": 1, "retweets_count": 0, "hashtags": []}
{"id": 1175559493939281921, "date": "2019-09-21", "time": "19:56:38", "tweet": "Tesla Wolves Electric / Ing Eléctrico Darwin Lapo.   Ofrece:  Instalaciones domiciliarias y comerciales Iluminación  Domótica Control y Automatización  Seguridad Mantenimiento en general Cálculo  Diseño y mucho más…  https://t.co/aLN9sYlk0W", "likes_count": 1, "replies_count": 0, "retweets_count": 0, "hashtags": []}
{"id": 1175559327157039104, "date": "2019-09-21", "time": "19:55:59", "tweet": "@elonmusk took delivery of new 2019 Tesla Model S 100D in June. I had a dent in rear bumber, scratch on hood and driver door. Fog light not working and driver inside door pillar not attached. Still waiting on fog light and door pillar to be fixed.", "likes_count": 6, "replies_count": 3, "retweets_count": 3, "hashtags": []}
{"id": 1175559256491188224, "date": "2019-09-21", "time": "19:55:42", "tweet": "@QLDPyrrhonist @Jalopnik @Tesla @Porsche @AmazingChevVolt @CARandDRIVER @RoadandTrack @MotorTrend @autocar @handelsblatt @SZ @FT @TheEconomist TX for UR ringing endorsement. U obviously were there. That's GR8. Look forward to hearing about what you observed?  TX.", "likes_count": 0, "replies_count": 0, "retweets_count": 0, "hashtags": []}
{"id": 1175559125037699072, "date": "2019-09-21", "time": "19:55:10", "tweet": "Way over due - finally the recognition that @elonmusk deserves and now the world knows it. We have only seen the beginning of what is to come next. @Tesla @SpaceX   https://t.co/LWouOM767q", "likes_count": 42, "replies_count": 2, "retweets_count": 9, "hashtags": []}
{"id": 1175559084738695169, "date": "2019-09-21", "time": "19:55:01", "tweet": "@tesla_truth @Tweetermeyer Ok. To each his own.", "likes_count": 0, "replies_count": 0, "retweets_count": 0, "hashtags": []}
{"id": 1175559078086619136, "date": "2019-09-21", "time": "19:54:59", "tweet": "@HogDexter @tesla_truth @ElonsBrain @vivivandeerlin @MFrunker @elonmusk  https://t.co/uzAogaKo7W", "likes_count": 4, "replies_count": 0, "retweets_count": 0, "hashtags": []}
{"id": 1175558929155264512, "date": "2019-09-21", "time": "19:54:24", "tweet": "@thor_benson After that tweet and processing.  I want to clarify and add.  We can take shorter showers.  Eat green, drive Tesla, give up plastic straws.  It won’t matter how much we control what we do if we never put a stop to those doing the most harm.   The real destroyers.", "likes_count": 0, "replies_count": 0, "retweets_count": 0, "hashtags": []}
{"id": 1175558866651607040, "date": "2019-09-21", "time": "19:54:09", "tweet": "@3L3C70 Especially true in Australia where we rely on coal power. Unless you have solar panels at home, Tesla drivers claiming to be eco-friendly are hypocrites!  https://t.co/Qyq77X8qTk", "likes_count": 1, "replies_count": 0, "retweets_count": 0, "hashtags": []}
{"id": 1175558834959671296, "date": "2019-09-21", "time": "19:54:01", "tweet": "Le clos is uUne Porsche Taycan passe devant une Tesla en panne sur la Nordschleife  https://t.co/KO8u0xDmR8 via @Turbo.fr", "likes_count": 0, "replies_count": 0, "retweets_count": 0, "hashtags": []}
{"id": 1175558811383488520, "date": "2019-09-21", "time": "19:53:56", "tweet": "Please take this woman @tesla away @elonmusk and give it to me @Grimezsz", "likes_count": 2, "replies_count": 0, "retweets_count": 2, "hashtags": []}
{"id": 1175558731636981760, "date": "2019-09-21", "time": "19:53:37", "tweet": "@Karo_G_K @InvestorSwan @Tesla @elonmusk This is very odd. I’ve never had a bad experience with service.", "likes_count": 1, "replies_count": 1, "retweets_count": 0, "hashtags": []}
{"id": 1175558667091009536, "date": "2019-09-21", "time": "19:53:21", "tweet": "@stylistic_seven @luongray @tesla_truth Answering them could be quite lucrative. For comparison, the is is a manufacturer of \"long range lidar\" products. The depth map is less dense than those estimated via nn fro photos in the previously provided example  https://t.co/ceauYIUxSC", "likes_count": 0, "replies_count": 1, "retweets_count": 0, "hashtags": []}
{"id": 1175558568482889730, "date": "2019-09-21", "time": "19:52:58", "tweet": "@TeSLa_TC @dedreviil Mod de nono* gracias", "likes_count": 31, "replies_count": 1, "retweets_count": 0, "hashtags": []}
{"id": 1175558568298393600, "date": "2019-09-21", "time": "19:52:58", "tweet": "Local Tesla owners representin’ at the Sarasota “Drive Electric Day” event. Viva rEVolution! 😎 • @Tesla @elonmusk  https://t.co/kOPYPIIOmq", "likes_count": 41, "replies_count": 0, "retweets_count": 5, "hashtags": []}
{"id": 1175558366527184896, "date": "2019-09-21", "time": "19:52:10", "tweet": "@bfitzinAR @nowthisnews @ValueAnalyst1 @GretaThunberg The EV and PV tech wasn’t quite there yet until recently, but it is here now.  With a 10k tax credit, cost of ownership of a Tesla model 3 would be much less than an accord.  The economics of EV could be made similarly attractive", "likes_count": 1, "replies_count": 1, "retweets_count": 0, "hashtags": []}
{"id": 1175558333463453696, "date": "2019-09-21", "time": "19:52:02", "tweet": "I'm seeing all of these fan-made Tesla adverts and I'm now dying to make my own, I need a Tesla asap.", "likes_count": 0, "replies_count": 0, "retweets_count": 0, "hashtags": []}
{"id": 1175558314488487936, "date": "2019-09-21", "time": "19:51:57", "tweet": "@Jason @blokable @Tesla @Uber This is an amazing and ambitious project. I wish good luck for @blokable team!", "likes_count": 0, "replies_count": 0, "retweets_count": 0, "hashtags": []}
{"id": 1175558306364100611, "date": "2019-09-21", "time": "19:51:55", "tweet": "Meu marido ganhou uma olhadinha agora saindo do supercharge da Tesla 😂  https://t.co/mVLzfLtLFs", "likes_count": 0, "replies_count": 0, "retweets_count": 0, "hashtags": []}
{"id": 1175558260298014720, "date": "2019-09-21", "time": "19:51:44", "tweet": "luv the tesla", "likes_count": 1, "replies_count": 0, "retweets_count": 0, "hashtags": []}
{"id": 1175558242790862849, "date": "2019-09-21", "time": "19:51:40", "tweet": "Available #Domain FOR SALE!   https://t.co/dgQXkkRKvn  Recyclates .com $1.5 Million  #Environment #Ecology #peld #UK #Germany #USA #China #Google #recyclates #ldpe #centexbel #hdpe #plastic #eco #plastprocessing #plants  #waste #Tesla #Sweden #recycle #Business #Tech #Domaining  https://t.co/MrJBmbbtcG", "likes_count": 0, "replies_count": 0, "retweets_count": 0, "hashtags": ["domain", "environment", "ecology", "peld", "uk", "germany", "usa", "china", "google", "recyclates", "ldpe", "centexbel", "hdpe", "plastic", "eco", "plastprocessing", "plants", "waste", "tesla", "sweden", "recycle", "business", "tech", "domaining"]}
{"id": 1175558230350675968, "date": "2019-09-21", "time": "19:51:37", "tweet": "Tesla board must face trial over Musk's mega-pay package, Delaware judge says  https://t.co/p9H3n5byba", "likes_count": 0, "replies_count": 0, "retweets_count": 0, "hashtags": []}
{"id": 1175558189875679233, "date": "2019-09-21", "time": "19:51:27", "tweet": "Tell us about your:   - They’re the schweetest - toxic  - world domination  - 🦢  - Jeep defender/ Tesla  - Pasta  - baking/ gaming/  - humans as a collective  - New York ✨   I’m not sending this to anyone.", "likes_count": 4, "replies_count": 0, "retweets_count": 0, "hashtags": []}
{"id": 1175558145290252288, "date": "2019-09-21", "time": "19:51:17", "tweet": "India’s structural changes to promote electric cars is paying off. Well done. Well done India.   Number of Tesla vehicle deliveries in USA each year, Amazing to see almost zilch sales from 2004-14, but such a massive progress after 2014.   2018: 245,240 2017: 103,097 2016:  …", "likes_count": 0, "replies_count": 0, "retweets_count": 0, "hashtags": []}
{"id": 1175558125979488256, "date": "2019-09-21", "time": "19:51:12", "tweet": "@tesla_truth Read the book. It’s a good book and balanced, especially considering the author.  @Tweetermeyer makes no allusions as to his bias, but he approaches with backing for why he sees it his way.  You know my bias and I don’t agree with him , it won’t dissuade folks from their own view", "likes_count": 2, "replies_count": 1, "retweets_count": 0, "hashtags": []}
{"id": 1175558107025629189, "date": "2019-09-21", "time": "19:51:08", "tweet": "@ScottishTesla @AskDrStupid @Tesla @elonmusk It gets better with updates", "likes_count": 8, "replies_count": 0, "retweets_count": 0, "hashtags": []}
{"id": 1175558089962975232, "date": "2019-09-21", "time": "19:51:04", "tweet": "@Yephery @elonmusk @Tesla @TeslaSupport Well, it's working, but slowly.  https://t.co/llnHg786sw", "likes_count": 0, "replies_count": 0, "retweets_count": 0, "hashtags": []}
{"id": 1175558077040549890, "date": "2019-09-21", "time": "19:51:01", "tweet": "@tesla_truth Did a video on this after autonomy day:  https://t.co/MYvNYcopf5", "likes_count": 1, "replies_count": 0, "retweets_count": 0, "hashtags": []}
{"id": 1175558024632532992, "date": "2019-09-21", "time": "19:50:48", "tweet": "@dogsoftesla @Tesla Thank you @dogsoftesla!! ❤️🐰🥰😘", "likes_count": 1, "replies_count": 0, "retweets_count": 0, "hashtags": []}
{"id": 1175558017934381056, "date": "2019-09-21", "time": "19:50:46", "tweet": "@JoelDeteves @Tesla @elonmusk @BillGates He’s not that smart", "likes_count": 1, "replies_count": 0, "retweets_count": 0, "hashtags": []}
{"id": 1175557964398284800, "date": "2019-09-21", "time": "19:50:34", "tweet": "I found this letter on my kid’s desk last night.😂❤️ Elon Musk inspires him really bad lol as he wants his dad to know that he loves SpaceX more than Nasa 🤷🏻‍♀️ @elonmusk  @SpaceX @Tesla  https://t.co/cbP5gNeuoi", "likes_count": 1, "replies_count": 0, "retweets_count": 0, "hashtags": []}
{"id": 1175557888980455429, "date": "2019-09-21", "time": "19:50:16", "tweet": "Ordered Tesla Solar Rental 9/7 installed on 9/21 • from /r/teslamotors  https://t.co/lt7RbmFeBx", "likes_count": 0, "replies_count": 0, "retweets_count": 0, "hashtags": []}
{"id": 1175557842826387456, "date": "2019-09-21", "time": "19:50:05", "tweet": "@tesla_truth Why? I say it's a human thing to classify similar things. It's not just Tesla haters, but many of the bulk that simply deny climate change, and similar things. They spread lies because since she is supporting some ideals, they see her as part of those who threaten their income.", "likes_count": 0, "replies_count": 0, "retweets_count": 0, "hashtags": []}
{"id": 1175557781060911104, "date": "2019-09-21", "time": "19:49:50", "tweet": "@ElectricBun @Tesla Happy Belated Bday! 🎉💕", "likes_count": 1, "replies_count": 1, "retweets_count": 0, "hashtags": []}
{"id": 1175557756121747457, "date": "2019-09-21", "time": "19:49:44", "tweet": "@Bmeeks88 From my Tesla friends on Twitter and Facebook 😃", "likes_count": 0, "replies_count": 0, "retweets_count": 0, "hashtags": []}
{"id": 1175557722093342721, "date": "2019-09-21", "time": "19:49:36", "tweet": "Ordered Tesla Solar Rental 9/7 installed on 9/21 • from /r/teslamotors  https://t.co/fXCK2SO7ZU", "likes_count": 0, "replies_count": 0, "retweets_count": 0, "hashtags": []}
{"id": 1175557712228339712, "date": "2019-09-21", "time": "19:49:34", "tweet": "💧 Vídeo: Prueba del Tesla Model 3 #Coches  https://t.co/GifdO2je5k", "likes_count": 0, "replies_count": 0, "retweets_count": 0, "hashtags": ["coches"]}
{"id": 1175557678569054209, "date": "2019-09-21", "time": "19:49:26", "tweet": "@stylistic_seven @luongray @tesla_truth Example: cool application of in sensor fusion. Not included in the challenges: observing and tracing other road users. Which yo want to do from as great a distance as possible, wit a camera (they emit heat or light or both, usually) as it can see further  https://t.co/JxG7i28LAT", "likes_count": 0, "replies_count": 0, "retweets_count": 0, "hashtags": []}
{"id": 1175557661464489984, "date": "2019-09-21", "time": "19:49:21", "tweet": "Hey @elonmusk @Tesla.  Ordered my model 3 with incentives of 2 free upgrades if delivery taken before end of month and now being told not included only 2 years of supercharging. What is this a #baitandswitch ? why should I not just cancel my order??? #makeitright", "likes_count": 19, "replies_count": 15, "retweets_count": 2, "hashtags": ["baitandswitch", "makeitright"]}
{"id": 1175557558611787776, "date": "2019-09-21", "time": "19:48:57", "tweet": "@tesla_truth How about we donate to resurrection technology.  I would think youd like that better.", "likes_count": 0, "replies_count": 0, "retweets_count": 0, "hashtags": []}
{"id": 1175557537418096640, "date": "2019-09-21", "time": "19:48:52", "tweet": "Sleeping With Tesla Autopilot May Explain Some Of Tesla's Safety Numbers  https://t.co/doXt0V8k0V  #Tesla #Autopilot #Sleeping #safetyFirst #security #technology #TechnologyNews", "likes_count": 0, "replies_count": 0, "retweets_count": 0, "hashtags": ["tesla", "autopilot", "sleeping", "safetyfirst", "security", "technology", "technologynews"]}
{"id": 1175557536092741633, "date": "2019-09-21", "time": "19:48:52", "tweet": "I jus drove the Tesla w both eyes closed , made a hunned thousand off the one I stole", "likes_count": 0, "replies_count": 0, "retweets_count": 0, "hashtags": []}
{"id": 1175557525560791040, "date": "2019-09-21", "time": "19:48:49", "tweet": "@JaneCastor Start  buying Tesla model three for the police department", "likes_count": 0, "replies_count": 0, "retweets_count": 0, "hashtags": []}
{"id": 1175557522649796608, "date": "2019-09-21", "time": "19:48:48", "tweet": "#ElectricCar: Ludicrous Is The Tesla Book To Be ...  https://t.co/Lhgkwd9yK4", "likes_count": 0, "replies_count": 0, "retweets_count": 0, "hashtags": ["electriccar"]}
{"id": 1175557463514521600, "date": "2019-09-21", "time": "19:48:34", "tweet": "🎥🎬🎭 #vegan #veganathlete #filming #oscar #tesla #redcamera #gts #brasil #blacmagic #calistenia #calisthenics #movies #dop #porsche #freetibet #blackmagic #fit #fitness #gym #game #pictureoftheday #barstarzz…  https://t.co/9eFU396hGl", "likes_count": 0, "replies_count": 0, "retweets_count": 0, "hashtags": ["vegan", "veganathlete", "filming", "oscar", "tesla", "redcamera", "gts", "brasil", "blacmagic", "calistenia", "calisthenics", "movies", "dop", "porsche", "freetibet", "blackmagic", "fit", "fitness", "gym", "game", "pictureoftheday", "barstarzz"]}
{"id": 1175557430366720000, "date": "2019-09-21", "time": "19:48:26", "tweet": "@elonmusk @Tesla LOVE my TM3! Know what would be great? If when searching for a place (i.e. Target, BevMo, etc.) it'd show distance + address #helpful #Tesla #navigation #exploring", "likes_count": 0, "replies_count": 0, "retweets_count": 0, "hashtags": ["helpful", "tesla", "navigation", "exploring"]}
{"id": 1175557427107745792, "date": "2019-09-21", "time": "19:48:26", "tweet": "@tesla_truth  https://t.co/Lr3uJO7euM", "likes_count": 0, "replies_count": 0, "retweets_count": 0, "hashtags": []}
{"id": 1175557364075945985, "date": "2019-09-21", "time": "19:48:11", "tweet": "@Tesla @elonmusk I hope to be able to charge my M3P here for some hot 🚙💨 \"Green Hell\" rounds in the future.  https://t.co/PAEeX6hklH", "likes_count": 0, "replies_count": 0, "retweets_count": 0, "hashtags": []}
{"id": 1175557308044038145, "date": "2019-09-21", "time": "19:47:57", "tweet": "@Jason @blokable @Tesla @Uber Does @blokable cover automating and accelerating things like permits, inspections processes etc.?", "likes_count": 0, "replies_count": 0, "retweets_count": 0, "hashtags": []}
{"id": 1175557241430257669, "date": "2019-09-21", "time": "19:47:41", "tweet": "@OpTicMaNiaC @Cadillac Get a @Tesla it’s a way better car.", "likes_count": 0, "replies_count": 0, "retweets_count": 0, "hashtags": []}
{"id": 1175557225810542593, "date": "2019-09-21", "time": "19:47:38", "tweet": "They have a glaring miss at #1 by leaving Tesla off the list.", "likes_count": 5, "replies_count": 1, "retweets_count": 0, "hashtags": []}
{"id": 1175557206802128904, "date": "2019-09-21", "time": "19:47:33", "tweet": "@Tesla @elonmusk Better world is safer world. I think Tesla can surprise us a lot of years. I love when the things are doing well. And you're doing, don't stop in your improving. Thanks.🙂", "likes_count": 0, "replies_count": 0, "retweets_count": 0, "hashtags": []}
{"id": 1175557181527060481, "date": "2019-09-21", "time": "19:47:27", "tweet": "@CarolineGee8 @Tesla Sweet! I wish mine would get that upgrade. I wish even more than @Tesla would EXPLAIN why some have got it (like you), and others haven't (like me).  I'm starting to suspect… I'll never see it. But I would sure like to know why. Something different about my pack…?", "likes_count": 1, "replies_count": 2, "retweets_count": 0, "hashtags": []}
{"id": 1175557049649967111, "date": "2019-09-21", "time": "19:46:56", "tweet": "@dollarn9ne @tesla_truth @teslaownersSV @Model3Owners @sfteslaclub Why would a tow be required for a flat?", "likes_count": 0, "replies_count": 0, "retweets_count": 0, "hashtags": []}
{"id": 1175556959317176320, "date": "2019-09-21", "time": "19:46:34", "tweet": "💧 Prueba del Tesla Model 3 [VÍDEO]  https://t.co/1x3E9zXrcn", "likes_count": 0, "replies_count": 0, "retweets_count": 0, "hashtags": []}
{"id": 1175556957731639301, "date": "2019-09-21", "time": "19:46:34", "tweet": "@AfghanVet2012 @BarkMSmeagol @Tesla Whats your beef with #tsla ? Did you own a car or trade the stock?", "likes_count": 0, "replies_count": 0, "retweets_count": 0, "hashtags": ["tsla"]}
{"id": 1175556940858101760, "date": "2019-09-21", "time": "19:46:30", "tweet": "@Tesla All true and yet we still cant get the real energy behind each beam of ray.", "likes_count": 0, "replies_count": 0, "retweets_count": 0, "hashtags": []}
{"id": 1175556850575642627, "date": "2019-09-21", "time": "19:46:08", "tweet": "@mytesladream @TeslaUnofficial @tesla_truth Great let's hope so.", "likes_count": 0, "replies_count": 0, "retweets_count": 0, "hashtags": []}
{"id": 1175556847912329216, "date": "2019-09-21", "time": "19:46:07", "tweet": "Tesla conferma il record della Model S, ma finisce in panne al Nurburgring  https://t.co/98zVhtNvmd #digitalinvasion", "likes_count": 0, "replies_count": 0, "retweets_count": 0, "hashtags": ["digitalinvasion"]}
{"id": 1175556789888327680, "date": "2019-09-21", "time": "19:45:54", "tweet": "Tesla’s a Game Changer When It Comes to Windshield Wipers  https://t.co/LWPqiaqKWz", "likes_count": 0, "replies_count": 0, "retweets_count": 0, "hashtags": []}
{"id": 1175556771643105280, "date": "2019-09-21", "time": "19:45:49", "tweet": "via barronsonline: What Oracle's Larry Ellison has to say about Uber, Tesla, autonomous driving, and more  https://t.co/2yL9BAQHKL $tsla", "likes_count": 0, "replies_count": 0, "retweets_count": 0, "hashtags": []}
{"id": 1175556685613715458, "date": "2019-09-21", "time": "19:45:29", "tweet": "Can’t wait till me &amp; my boo are whippin  in our McLaren &amp; Tesla", "likes_count": 1, "replies_count": 0, "retweets_count": 0, "hashtags": []}
{"id": 1175556650222182401, "date": "2019-09-21", "time": "19:45:20", "tweet": "What Oracle's Larry Ellison has to say about Uber, Tesla, autonomous driving, and more  https://t.co/IZXGo3r95F", "likes_count": 5, "replies_count": 0, "retweets_count": 0, "hashtags": []}
{"id": 1175556638662508544, "date": "2019-09-21", "time": "19:45:18", "tweet": "@AfghanVet2012 @BarkMSmeagol @Tesla lol. looks like i am. Good luck Mr Vet. Thanks for your Service.", "likes_count": 0, "replies_count": 1, "retweets_count": 0, "hashtags": []}
{"id": 1175556590625284096, "date": "2019-09-21", "time": "19:45:06", "tweet": "@justpaulinelol @elonmusk @Tesla @karikrummi", "likes_count": 1, "replies_count": 0, "retweets_count": 0, "hashtags": []}
{"id": 1175556519015768064, "date": "2019-09-21", "time": "19:44:49", "tweet": "@Tesla Like Greta said, that’s not good enough, let’s shoot for 2025. If we can ramp this beast up to fight fascism in only a couple years, imagine how we can make her Humm to save all of our lives from Climate fascism.", "likes_count": 0, "replies_count": 0, "retweets_count": 0, "hashtags": []}
{"id": 1175556502926446593, "date": "2019-09-21", "time": "19:44:45", "tweet": "@mortchad @Tesla I use it all the time", "likes_count": 0, "replies_count": 1, "retweets_count": 0, "hashtags": []}
{"id": 1175556441463316482, "date": "2019-09-21", "time": "19:44:31", "tweet": "Porsche welcomes challenge from Tesla as it adapts to the EV world  https://t.co/wfb6Gn1l83 Technology Recently, the high-end EV world has become a Nurburgring arms race with Porsche and Tesla vying for the best lap at the famed circuit. The Taycan set a record and Tesla CEO Elo…", "likes_count": 1, "replies_count": 0, "retweets_count": 0, "hashtags": []}
{"id": 1175556415144046592, "date": "2019-09-21", "time": "19:44:24", "tweet": "@OphirGottlieb This sounds remarkably like Tesla Fan Fury. Sometimes even the most convincing narrative jumps the rails.  Especially if there is no indestructible moat in place.  So it goes. Investing is an endless test of how well one adapts to change and \"What Is\"", "likes_count": 0, "replies_count": 0, "retweets_count": 0, "hashtags": []}
{"id": 1175556330523975680, "date": "2019-09-21", "time": "19:44:04", "tweet": "Tesla is gearing up to officially challenge Porsche at the legendary Nürburgring race track. These are the cars the Model S would have to beat to set the all-time record. (TSLA)  https://t.co/6MZAQ2VPUL  https://t.co/AeJdRlZUwH", "likes_count": 0, "replies_count": 0, "retweets_count": 0, "hashtags": []}
{"id": 1175556310017945606, "date": "2019-09-21", "time": "19:43:59", "tweet": "@tesla_truth Unless you’re in the city", "likes_count": 0, "replies_count": 0, "retweets_count": 0, "hashtags": []}
{"id": 1175556281031176198, "date": "2019-09-21", "time": "19:43:52", "tweet": "@MiguelColom @tesla_truth It can’t recognize anything. Lidar will know something’s there, but don’t think you can use it to recognize what. The plastic bag problem you want to ignore.", "likes_count": 1, "replies_count": 1, "retweets_count": 0, "hashtags": []}
{"id": 1175556213729312769, "date": "2019-09-21", "time": "19:43:36", "tweet": "@BlueSensation3 @TeslaUnofficial @tesla_truth As I read on Facebook, when they upgrade HW2.0 to HW3 (FSD) your sentry mod will work. If you purchased the FSD package and take it as a grain of salt. So how knows...", "likes_count": 1, "replies_count": 1, "retweets_count": 1, "hashtags": []}
{"id": 1175556184247611399, "date": "2019-09-21", "time": "19:43:29", "tweet": "@ksgsometimes @wild_gat Edison a enventer l’ampoule c’est tesla qui a inventer l’électricité", "likes_count": 0, "replies_count": 0, "retweets_count": 0, "hashtags": []}
{"id": 1175556102882234369, "date": "2019-09-21", "time": "19:43:10", "tweet": "@Tesla and the competition for the best #electricvehicle battery. They have the lead now. Can they keep it?   https://t.co/GHdLLuViEI", "likes_count": 0, "replies_count": 0, "retweets_count": 0, "hashtags": ["electricvehicle"]}
{"id": 1175556075468283904, "date": "2019-09-21", "time": "19:43:03", "tweet": "LRT they always have some fantastic props, Tesla's armor looks awesome. Plus, you know, LITTLE EDISON! 💙", "likes_count": 2, "replies_count": 0, "retweets_count": 0, "hashtags": []}
{"id": 1175556073434034177, "date": "2019-09-21", "time": "19:43:03", "tweet": "@tesla_truth My namesake was also involved with the truth about cars and the death watch. Predictions are hard of course but not many people are held to account.", "likes_count": 0, "replies_count": 0, "retweets_count": 0, "hashtags": []}
{"id": 1175556058531561474, "date": "2019-09-21", "time": "19:42:59", "tweet": "@Sandy91844051 @edougherty92 @AOC For now, Tesla Motors makes the most sense.  Get the electrons from solar panels to store in a powerwall to use locally, or to recharge your car while you sleep.  And with wireless charging available, all the absent-minded owner has to do is make sure to park on the right spot.", "likes_count": 0, "replies_count": 0, "retweets_count": 0, "hashtags": []}
{"id": 1175556036083634176, "date": "2019-09-21", "time": "19:42:54", "tweet": "@Tesla @elonmusk Disappointed with our 3 series delivery today. Did not accept the car due to loud rattling sound from AC.  Hoping to get a replacement without the noise? Delivery manager was not helpful and continued insisting it is normal instead of making an attempt to help address the noise.", "likes_count": 4, "replies_count": 3, "retweets_count": 2, "hashtags": []}
{"id": 1175555962792534016, "date": "2019-09-21", "time": "19:42:36", "tweet": "@MelaynaLokosky @Benshooter @tesla_truth @omarqazi @Tesla @options12722258 @TheJusticeDept @FBI No it’s the same tune as before just saying the taxes angle is a bad one", "likes_count": 1, "replies_count": 1, "retweets_count": 0, "hashtags": []}
{"id": 1175555890285547520, "date": "2019-09-21", "time": "19:42:19", "tweet": "👍 on @YouTube: Tesla v10 Software Update | New User Interface |2019.32.2.11| With Autopilot Test!  https://t.co/0bmBogb3tu", "likes_count": 0, "replies_count": 0, "retweets_count": 0, "hashtags": []}
