{"id": 1213611058851647488, "date": "2020-01-04", "time": "18:59:58", "tweet": "@benjmnr @ricburton @elonmusk @Tesla @kerooke The incident occurred while the car was on cruise control, not autopilot, as @ricburton has corrected me.   This is odd as cruise control is not new nor complicated technology.", "likes_count": 0, "replies_count": 0, "retweets_count": 0, "hashtags": []}
{"id": 1213611043403943936, "date": "2020-01-04", "time": "18:59:55", "tweet": "Great cars these #Tesla $TSLAQ $TSLA", "likes_count": 2, "replies_count": 0, "retweets_count": 0, "hashtags": ["tesla"]}
{"id": 1213611007660064768, "date": "2020-01-04", "time": "18:59:46", "tweet": "@pbdatlanta @BillM_HB @MachineSharkeys @PlugInFUD Keep telling yourself that. You must not have driven a Tesla and compared to these great OEM jaguars, Mercedes, Audi, BMW and VW options. Oh and I forgot that supposed Tesla Killer the Chevy Bolt! 🤣🤣🤣🤣", "likes_count": 3, "replies_count": 1, "retweets_count": 0, "hashtags": []}
{"id": 1213610985572970497, "date": "2020-01-04", "time": "18:59:41", "tweet": "@ricburton @ShortingIsFun @Ivshti @elonmusk @Tesla I completely agree, Richard. Look up #TeslaAutopilotIssues. People have literally died using Tesla's software and there have been numerous close calls.", "likes_count": 4, "replies_count": 1, "retweets_count": 0, "hashtags": ["teslaautopilotissues"]}
{"id": 1213610976085364736, "date": "2020-01-04", "time": "18:59:39", "tweet": "Best car ever!!😍Thanks @tesla and @elonmusk  https://t.co/wKu5WXB2wH", "likes_count": 1, "replies_count": 0, "retweets_count": 0, "hashtags": []}
{"id": 1213610878941253632, "date": "2020-01-04", "time": "18:59:15", "tweet": "@TomthunkitsMind Have you ever seen the welds on a Tesla?  I can't see them ever passing inspection! I'm talking high school vocational class inspection!!", "likes_count": 0, "replies_count": 0, "retweets_count": 0, "hashtags": []}
{"id": 1213610857520697346, "date": "2020-01-04", "time": "18:59:10", "tweet": "@ricburton @Foobazzler @elonmusk @Tesla The data from the incident should have been fed back to tesla via the car network. Incidents are flagged where the driver has to override AP. So I would think they would pick it up.", "likes_count": 1, "replies_count": 0, "retweets_count": 0, "hashtags": []}
{"id": 1213610837530812416, "date": "2020-01-04", "time": "18:59:06", "tweet": "@NuovaRealta @Tesla @elonmusk Did you read he has 7 children. He fucked his brains out literally.", "likes_count": 0, "replies_count": 0, "retweets_count": 0, "hashtags": []}
{"id": 1213610836792664069, "date": "2020-01-04", "time": "18:59:05", "tweet": "I refound the loft I'm going to save up to rent. So my big goals this year are to get my new bike, save up for my loft to move by October, and also get my credit right for my Tesla next year.", "likes_count": 1, "replies_count": 0, "retweets_count": 0, "hashtags": []}
{"id": 1213610802370007040, "date": "2020-01-04", "time": "18:58:57", "tweet": "\"Tesla Killer\" Rivian Wins $1.3 Billion Investment – The Motley Fool  https://t.co/alJj5jJpqA", "likes_count": 0, "replies_count": 0, "retweets_count": 0, "hashtags": []}
{"id": 1213610783726350343, "date": "2020-01-04", "time": "18:58:53", "tweet": "@ChTechnium Tesla v100 with 16gb memory on aws. Really annoying that DeepFaceLabs can't support training on multiple gpus, even running on cloud doesn't help that much.", "likes_count": 0, "replies_count": 1, "retweets_count": 0, "hashtags": []}
{"id": 1213610781637586946, "date": "2020-01-04", "time": "18:58:52", "tweet": "@amygbui @Tesla @elonmusk  https://t.co/ekvx2Ongi8", "likes_count": 7, "replies_count": 1, "retweets_count": 0, "hashtags": []}
{"id": 1213610749265940481, "date": "2020-01-04", "time": "18:58:45", "tweet": "@ricburton I really encourage you to read my pinned thread by a guy who has since left Twitter. This behavior isn’t something software can fix. There’s a fundamental limit being reached with Tesla’s approach in general.", "likes_count": 7, "replies_count": 1, "retweets_count": 0, "hashtags": []}
{"id": 1213610594449817600, "date": "2020-01-04", "time": "18:58:08", "tweet": "@shredmami I give it 7 years til every house is renovated with a Tesla in every driveway and 300% rent increase", "likes_count": 1, "replies_count": 1, "retweets_count": 0, "hashtags": []}
{"id": 1213610479815249920, "date": "2020-01-04", "time": "18:57:40", "tweet": "@luis_ganhao @Tesla @Porsche Mode 3 is a good car! It’s not a sports car - so you cannot drive it around corners and expect it to hug the road", "likes_count": 1, "replies_count": 0, "retweets_count": 0, "hashtags": []}
{"id": 1213610460336967681, "date": "2020-01-04", "time": "18:57:36", "tweet": "I just saw a Leaf with Tesla badges. FRONT AND BACK!", "likes_count": 2, "replies_count": 2, "retweets_count": 0, "hashtags": []}
{"id": 1213610434231586817, "date": "2020-01-04", "time": "18:57:29", "tweet": "@angel_huc @Tesla_Miracles @julioastillero Al tiempo.", "likes_count": 0, "replies_count": 0, "retweets_count": 0, "hashtags": []}
{"id": 1213610423213268993, "date": "2020-01-04", "time": "18:57:27", "tweet": "@millepun @MMike2016 @realGeorgeHotz @lexfridman But isn't the issue of weather conditions something Tesla also has to think about? Again, Waymo uses an additional system, so in my opinion it can't be less safe. Whereby I ask myself which system will be in charge.", "likes_count": 0, "replies_count": 2, "retweets_count": 0, "hashtags": []}
{"id": 1213610418427584512, "date": "2020-01-04", "time": "18:57:26", "tweet": "@LeilaniMunter @Tesla @Apple Meanwhile I am happily long on both and 2019 sure was great!!", "likes_count": 2, "replies_count": 0, "retweets_count": 0, "hashtags": []}
{"id": 1213610415613235201, "date": "2020-01-04", "time": "18:57:25", "tweet": "What do you think of Greta Thunberg's plastic garbage filled Tesla? | Ke...  https://t.co/rZUuBS6cOL via @YouTube", "likes_count": 0, "replies_count": 0, "retweets_count": 0, "hashtags": []}
{"id": 1213610397678424064, "date": "2020-01-04", "time": "18:57:21", "tweet": "@sziehr @teslabros @Tesla Those kinds of incentives will only come back when a democratic president is elected.", "likes_count": 0, "replies_count": 1, "retweets_count": 0, "hashtags": []}
{"id": 1213610353218609153, "date": "2020-01-04", "time": "18:57:10", "tweet": "@Lenny2you @CaldeiraEntert @ElectrekCo @BradBerman Yeah, this person is full of it. We also own a Bolt and a Tesla. 0-60 in ~6 seconds isn’t a race car, but it’s not remotely underpowered. And for a comparable price, M3 isn’t getting under 5.3s. No FSD for comparable $, either.", "likes_count": 0, "replies_count": 0, "retweets_count": 0, "hashtags": []}
{"id": 1213610198448906240, "date": "2020-01-04", "time": "18:56:33", "tweet": "@TheEllenShow @GretaThunberg I hope you are driving a Tesla @TheEllenShow", "likes_count": 0, "replies_count": 0, "retweets_count": 0, "hashtags": []}
{"id": 1213610195235983360, "date": "2020-01-04", "time": "18:56:32", "tweet": "Tesla’s market cap is now double Ford’s, after being eclipsed by it eight months ago  https://t.co/ZLT4yJlAXQ", "likes_count": 7, "replies_count": 0, "retweets_count": 5, "hashtags": []}
{"id": 1213610177468993536, "date": "2020-01-04", "time": "18:56:28", "tweet": "@JoycaOff Tesla aura pris possession de la terre et space fox de mars", "likes_count": 0, "replies_count": 0, "retweets_count": 0, "hashtags": []}
{"id": 1213610016877338624, "date": "2020-01-04", "time": "18:55:50", "tweet": "@businessinsider @SklyarYuriy ,@KiwiMrDee ,-the Electric truck I was expecting the Tesla version to be!  Way to go Rivian-I appreciate the lines.", "likes_count": 0, "replies_count": 0, "retweets_count": 0, "hashtags": []}
{"id": 1213610011815030785, "date": "2020-01-04", "time": "18:55:49", "tweet": "@MMike2016 @realGeorgeHotz @lexfridman Right! That's something I'll fully confirm 'if' Tesla actually gets to the target without lidar. I'm looking at the videos of Lex Fridman right now. I wish I had more technical understanding on this particular subject to be able to make a judgment.", "likes_count": 0, "replies_count": 0, "retweets_count": 0, "hashtags": []}
{"id": 1213609947122020352, "date": "2020-01-04", "time": "18:55:33", "tweet": "Tesla Model 3’s Honk-to-Record Dashcam Catches Hammer Flyi..  MotorTrend - News - Noticias - Twitter - Blockchain - Bitcoin - @1jl4com - @bitcoinincoins - @Health14Fitness - @Marketing_1jl4 - @InvestCrypForex - @News_1jl4 &gt;  https://t.co/WphEl77h8M", "likes_count": 0, "replies_count": 0, "retweets_count": 0, "hashtags": []}
{"id": 1213609913269784576, "date": "2020-01-04", "time": "18:55:25", "tweet": "@28delayslater @ValueAnalyst1 @Tesla @elonmusk  https://t.co/KJEZF4rQgT", "likes_count": 3, "replies_count": 0, "retweets_count": 0, "hashtags": []}
{"id": 1213609811671240704, "date": "2020-01-04", "time": "18:55:01", "tweet": "Tesla’s (TSLA) win streak charges on, hitting new $450 high with whopping $81B value   https://t.co/oAAj0CnsTq", "likes_count": 47, "replies_count": 2, "retweets_count": 13, "hashtags": []}
{"id": 1213609810496614400, "date": "2020-01-04", "time": "18:55:01", "tweet": "@teslaphotografr @overclockthis @elonmusk @Tesla Not normal.  Mine has never ever done this.", "likes_count": 1, "replies_count": 0, "retweets_count": 0, "hashtags": []}
{"id": 1213609798140334085, "date": "2020-01-04", "time": "18:54:58", "tweet": "Some thoughts on $TSLA 💡market cap vs BMW &amp; Daimler 📌IMO, the numbers just don’t quite add up #tesla #stocks #bonds #investing #investments", "likes_count": 1, "replies_count": 0, "retweets_count": 0, "hashtags": ["tesla", "stocks", "bonds", "investing", "investments"]}
{"id": 1213609787306303490, "date": "2020-01-04", "time": "18:54:55", "tweet": "@elonmusk ... love what you are doing with Tesla. Is it possible to have an update to the child lock, so that we can select which door to lock? Thank you!", "likes_count": 0, "replies_count": 0, "retweets_count": 0, "hashtags": []}
{"id": 1213609757069602816, "date": "2020-01-04", "time": "18:54:48", "tweet": "@Femto_Tesla よっ", "likes_count": 0, "replies_count": 0, "retweets_count": 0, "hashtags": []}
{"id": 1213609701025419267, "date": "2020-01-04", "time": "18:54:35", "tweet": "@TeslaNY @elonmusk @ToddBertram1 Would like to hear from the ppl who do some banal  felony only to get a free trip in a Tesla.", "likes_count": 2, "replies_count": 0, "retweets_count": 0, "hashtags": []}
{"id": 1213609678665658368, "date": "2020-01-04", "time": "18:54:29", "tweet": "Did you catch the lineup for this year's @M3RockFestival?   https://t.co/2DXI4LQ9yZ #m3rockfestival #kix #miketramp #slaughter #tesla #accept #YandT #fasterpussycat #doro #laguns #ratt #nightranger #stryper #stevenadler #steelheart #bangtango #dangeroustoys #littlecaesar", "likes_count": 0, "replies_count": 0, "retweets_count": 0, "hashtags": ["m3rockfestival", "kix", "miketramp", "slaughter", "tesla", "accept", "yandt", "fasterpussycat", "doro", "laguns", "ratt", "nightranger", "stryper", "stevenadler", "steelheart", "bangtango", "dangeroustoys", "littlecaesar"]}
{"id": 1213609529692213248, "date": "2020-01-04", "time": "18:53:54", "tweet": "i thought about how Mike Tyson probably pronounces Tesla and haha’d in my head", "likes_count": 8, "replies_count": 1, "retweets_count": 1, "hashtags": []}
{"id": 1213609500067946500, "date": "2020-01-04", "time": "18:53:47", "tweet": "@QueVuelvaLaCCCP Buahaha ponte a leer 50 cromosomas , Tecnología automotriz Tesla y todavía creyendo en petróleo y Santa", "likes_count": 0, "replies_count": 0, "retweets_count": 0, "hashtags": []}
{"id": 1213609461119537152, "date": "2020-01-04", "time": "18:53:37", "tweet": "@crox10 @Tesla_Miracles @julioastillero Creo que es lo que está pasando", "likes_count": 0, "replies_count": 0, "retweets_count": 0, "hashtags": []}
{"id": 1213609431465971712, "date": "2020-01-04", "time": "18:53:30", "tweet": "@ricburton @elonmusk @Tesla Elon seriously doesn't care.", "likes_count": 19, "replies_count": 0, "retweets_count": 1, "hashtags": []}
{"id": 1213609426168496134, "date": "2020-01-04", "time": "18:53:29", "tweet": "Algunas Frasesde Tesla que no conocias  https://t.co/TfzF7pqDAu", "likes_count": 0, "replies_count": 0, "retweets_count": 0, "hashtags": []}
{"id": 1213609415984566272, "date": "2020-01-04", "time": "18:53:27", "tweet": "@ricburton @elonmusk @Tesla It probably had one of those final destination moments where it thought it was about to avoid a crash that was about to happen. This is the other side of that coin. Glad everyone is safe though!", "likes_count": 4, "replies_count": 0, "retweets_count": 0, "hashtags": []}
{"id": 1213609347831365632, "date": "2020-01-04", "time": "18:53:10", "tweet": "@RBIPodcast I nominate these stocks for \"5 Stocks that bring us joy\".  (1) $DIS since it is the \"Happiest place on Earth\" 🤪 (2) $ETSY Because it's the go-to place for more unique gifts these days (3) $TSLA because I have yet to meet a Tesla owner who doesn't love his/her car", "likes_count": 1, "replies_count": 0, "retweets_count": 0, "hashtags": []}
{"id": 1213609156130852866, "date": "2020-01-04", "time": "18:52:25", "tweet": "CES 2020 EV Roundup: Nissan Ariya Concept, Fisker Ocean, plug-in Jeeps, and wild concepts #tesla #eCar  https://t.co/JBHw6T42n0", "likes_count": 0, "replies_count": 0, "retweets_count": 0, "hashtags": ["tesla", "ecar"]}
{"id": 1213609086022864896, "date": "2020-01-04", "time": "18:52:08", "tweet": "@BramucciMatteo @CARandDRIVER @Tesla &amp; what are the growth rates for each? Gas car sales have been shrinking for the past 3 yrs. EV sales have grown exponentially  That’s why Merc stopped investing in all combustion engines. It’s why every automaker on earth has a plan for the majority of their cars to be EVs", "likes_count": 0, "replies_count": 1, "retweets_count": 0, "hashtags": []}
{"id": 1213609033480818688, "date": "2020-01-04", "time": "18:51:56", "tweet": "Tesla Shares Get Boost From Record Deliveries, China Plant Outlook; @elonmusk's Net Worth Hits $27.5B ... via @forbes  https://t.co/XNgpJnWaoA", "likes_count": 2, "replies_count": 0, "retweets_count": 0, "hashtags": []}
{"id": 1213608970730037248, "date": "2020-01-04", "time": "18:51:41", "tweet": "@MMike2016 @realGeorgeHotz To be fair: They are not solar tiles. But in my opinion the concept of Tesla is not convincing. The tiles are too expensive compared to normal solar panels.", "likes_count": 1, "replies_count": 1, "retweets_count": 0, "hashtags": []}
{"id": 1213608851057983488, "date": "2020-01-04", "time": "18:51:12", "tweet": "@elonmusk @hot_rod_co @Tesla Also many people at certain companies like @Tesla put their heart &amp; soul into the products they make.    So when people share the love they have for the tech, they are also sharing the love they have for the people who helped make it.", "likes_count": 0, "replies_count": 0, "retweets_count": 0, "hashtags": []}
{"id": 1213608847199354885, "date": "2020-01-04", "time": "18:51:11", "tweet": "MAJOR FAIL: Well that's awkward — watch this steel ball break two windows of Tesla's 'bulletproof' Cybertruck  https://t.co/8YLEaKG4Yj", "likes_count": 0, "replies_count": 1, "retweets_count": 0, "hashtags": []}
{"id": 1213608819906867200, "date": "2020-01-04", "time": "18:51:05", "tweet": "@bathybius @tanthallas @PlugInFUD People keep forecasting the demand cliff like no one out there buys cars. Our comments are just trying to relay what we’ve seen happening. Tesla occupies a very small fraction of new cars sold still. Some people just don’t see how Tesla keeps taking sales from other car makers.", "likes_count": 0, "replies_count": 1, "retweets_count": 0, "hashtags": []}
{"id": 1213608810721337346, "date": "2020-01-04", "time": "18:51:02", "tweet": "@28delayslater No kidding. Those of us who have had many Tesla cars over the last number of years understand this first hand. Once you drive one you will never drive another vehicle. I would guess that that is true for 99% of us who have", "likes_count": 0, "replies_count": 0, "retweets_count": 0, "hashtags": []}
{"id": 1213608798461583361, "date": "2020-01-04", "time": "18:50:59", "tweet": "Hey @elonmusk after years of going to autoshows especially the one in Houston, why don't I ever see any Tesla's? I would love to sit in one and drive or ride in one but don't know anyone who owns one.", "likes_count": 0, "replies_count": 0, "retweets_count": 0, "hashtags": []}
{"id": 1213608786377789440, "date": "2020-01-04", "time": "18:50:57", "tweet": "@elonmusk save me from my gallon Drinking Toyota Tundra please! Patiently waiting for that beast @Tesla truck 🤣", "likes_count": 0, "replies_count": 0, "retweets_count": 0, "hashtags": []}
{"id": 1213608785639563273, "date": "2020-01-04", "time": "18:50:56", "tweet": "@samsteiner @vincent13031925 Yes, my knowledge of English requires improvement. But, despite the fact that I don't own it at a high level, my goal is to disseminate truthful and relevant information about Tesla. Language can be improved, the most important thing is that I have a passion for what I do", "likes_count": 9, "replies_count": 1, "retweets_count": 0, "hashtags": []}
{"id": 1213608774210117634, "date": "2020-01-04", "time": "18:50:54", "tweet": "Tesla supera Ford e General Motors em valor de mercado  https://t.co/Smhfug9dpT", "likes_count": 0, "replies_count": 0, "retweets_count": 0, "hashtags": []}
{"id": 1213608691921907713, "date": "2020-01-04", "time": "18:50:34", "tweet": "@NASCARonNBC Why you mess up such a fine piece of machinery such as a TESLA with all this ugly paraphernalia garbage.", "likes_count": 0, "replies_count": 0, "retweets_count": 0, "hashtags": []}
{"id": 1213608685454278656, "date": "2020-01-04", "time": "18:50:33", "tweet": "Tesla Model 3 police car is so effective, people getting pulled over love it  https://t.co/5tghnNycUy  https://t.co/DXzqGbQSo0", "likes_count": 0, "replies_count": 0, "retweets_count": 0, "hashtags": []}
{"id": 1213608673357905920, "date": "2020-01-04", "time": "18:50:30", "tweet": "@2170cell @elonmusk I see Skoda has been controlled by Volkswagen since 2000, and VW is too big for $tsla to swallow. So back to Hyundai or some small ICE maker who can be persuaded Tesla is the tech key they need (it isn’t.) Musk hands keys to real mgmt team, cashes in, declares victory -&gt; Mars!", "likes_count": 1, "replies_count": 1, "retweets_count": 0, "hashtags": []}
{"id": 1213608565891633154, "date": "2020-01-04", "time": "18:50:04", "tweet": "@Jaystirr That Tesla Model X", "likes_count": 1, "replies_count": 0, "retweets_count": 0, "hashtags": []}
{"id": 1213608562200662016, "date": "2020-01-04", "time": "18:50:03", "tweet": "Elon Musk Defies Sceptics, Meets Tesla Delivery Goal  https://t.co/3szeicUcsw  https://t.co/PfZQchx9W3", "likes_count": 0, "replies_count": 0, "retweets_count": 0, "hashtags": []}
