{"id": 1132436177410232320, "date": "2019-05-25", "time": "19:59:58", "tweet": "Sentry mode seem super sensitive after the update.. @elonmusk @Tesla #Tesla  https://t.co/CgQmkhEIJz", "likes_count": 0, "replies_count": 0, "retweets_count": 0, "hashtags": ["tesla"]}
{"id": 1132436127372185602, "date": "2019-05-25", "time": "19:59:47", "tweet": "🔴 Vídeo: Prueba del Tesla Model 3 #Coches  https://t.co/eO2QJyW5hk", "likes_count": 0, "replies_count": 0, "retweets_count": 0, "hashtags": ["coches"]}
{"id": 1132436020375490560, "date": "2019-05-25", "time": "19:59:21", "tweet": "Consumer Reports: Tesla's New Automatic Lane-Changing Is Much Worse Than a Human Driver  https://t.co/PklNsQihLq", "likes_count": 0, "replies_count": 0, "retweets_count": 0, "hashtags": []}
{"id": 1132435991313223681, "date": "2019-05-25", "time": "19:59:14", "tweet": "One of my life goals is to fuck my future wife in a self driving Tesla", "likes_count": 3, "replies_count": 0, "retweets_count": 0, "hashtags": []}
{"id": 1132435893468442624, "date": "2019-05-25", "time": "19:58:51", "tweet": "@elonmusk @alharding @ex_Tesla @El_Timbo @heikki_anttila Amazing. So if a car breaks down they will be stranded in the darkness tens of meter below the surface. Genius.", "likes_count": 0, "replies_count": 0, "retweets_count": 0, "hashtags": []}
{"id": 1132435873595875334, "date": "2019-05-25", "time": "19:58:46", "tweet": "@openionated @elonmusk @MikeJohnMyers @SpaceX @Tesla @boringcompany Mads Mikkelsen", "likes_count": 0, "replies_count": 0, "retweets_count": 0, "hashtags": []}
{"id": 1132435866360655874, "date": "2019-05-25", "time": "19:58:44", "tweet": "@ILuvAmp @PTBarnu88732123 @kerooke @elonmusk @Tesla Fine? Did you not see the Musk mail about them surviving 10 months if they don’t cut costs to the extreme?", "likes_count": 0, "replies_count": 1, "retweets_count": 0, "hashtags": []}
{"id": 1132435850069831680, "date": "2019-05-25", "time": "19:58:40", "tweet": "@elonmusk @Tesla from India, Saving little by little, one day will buy Tesla Models S DAY 73.", "likes_count": 0, "replies_count": 0, "retweets_count": 0, "hashtags": []}
{"id": 1132435806033829888, "date": "2019-05-25", "time": "19:58:30", "tweet": "@NYModel3Fan1 @Tesla Wow mode doesn't go away. Even after a year. 👍", "likes_count": 4, "replies_count": 0, "retweets_count": 0, "hashtags": []}
{"id": 1132435762106945536, "date": "2019-05-25", "time": "19:58:19", "tweet": "@Kapleka @Tesla If you have an accident you can find out which one is faulty", "likes_count": 0, "replies_count": 0, "retweets_count": 0, "hashtags": []}
{"id": 1132435718314385409, "date": "2019-05-25", "time": "19:58:09", "tweet": "@ClarkDennisM Probably only hope for passing a Tesla in that slow a** Porsche is if we park. 😆😂🤣😅", "likes_count": 0, "replies_count": 0, "retweets_count": 0, "hashtags": []}
{"id": 1132435699054129152, "date": "2019-05-25", "time": "19:58:04", "tweet": "@NicolasPavolini Niko Tesla Roll : AWP and SG 553 👌", "likes_count": 3, "replies_count": 0, "retweets_count": 1, "hashtags": []}
{"id": 1132435661410242561, "date": "2019-05-25", "time": "19:57:55", "tweet": "⚡️New Video⚡️ Why Tesla bought Maxwell for $235,000,000  https://t.co/Ef1r0exHsZ", "likes_count": 2, "replies_count": 1, "retweets_count": 1, "hashtags": []}
{"id": 1132435661091246081, "date": "2019-05-25", "time": "19:57:55", "tweet": "2017 Tesla Model X FAB Design Virium  https://t.co/eL8MSMYF1o", "likes_count": 0, "replies_count": 0, "retweets_count": 0, "hashtags": []}
{"id": 1132435660147609600, "date": "2019-05-25", "time": "19:57:55", "tweet": "@bgreene Nice car, is it faster than light? @elonmusk @Tesla", "likes_count": 0, "replies_count": 0, "retweets_count": 0, "hashtags": []}
{"id": 1132435655428993024, "date": "2019-05-25", "time": "19:57:54", "tweet": "@MikeDPete A Tesla, clearly", "likes_count": 0, "replies_count": 1, "retweets_count": 0, "hashtags": []}
{"id": 1132435626094080000, "date": "2019-05-25", "time": "19:57:47", "tweet": " https://t.co/svRr5y4SNT &lt;- A Tesla is 2.5 tons of Silicon Valley hubris barreling down on you at 70 MPH. Drive safe.", "likes_count": 0, "replies_count": 0, "retweets_count": 0, "hashtags": []}
{"id": 1132435568120479744, "date": "2019-05-25", "time": "19:57:33", "tweet": "@Tesla @elonmusk If I fly out to Fremont to buy my model 3 could I see it come off the production line and then drive it back to South Carolina?  Only waiting for my daughter to finish school so we can go together.", "likes_count": 0, "replies_count": 0, "retweets_count": 0, "hashtags": []}
{"id": 1132435564781887489, "date": "2019-05-25", "time": "19:57:32", "tweet": "@FordCanada @bellcanada Thanks but I already have that included in my @Tesla", "likes_count": 0, "replies_count": 1, "retweets_count": 0, "hashtags": []}
{"id": 1132435475627692038, "date": "2019-05-25", "time": "19:57:11", "tweet": "Smh 🤦🏻‍♂️..... Need the dumbo 🐘 ears up on a Tesla to recover.  That’s a bad whip son.", "likes_count": 0, "replies_count": 0, "retweets_count": 0, "hashtags": []}
{"id": 1132435430903832576, "date": "2019-05-25", "time": "19:57:01", "tweet": "@chrvvst Fucking the Jeep marrying the Tesla and easily killing the Prius.", "likes_count": 1, "replies_count": 0, "retweets_count": 0, "hashtags": []}
{"id": 1132435386532163584, "date": "2019-05-25", "time": "19:56:50", "tweet": "@teslainvernon @Tesla @elonmusk ohh thats cool then", "likes_count": 1, "replies_count": 0, "retweets_count": 0, "hashtags": []}
{"id": 1132435159024717824, "date": "2019-05-25", "time": "19:55:56", "tweet": "I might just say fuck it and invest all my mony on @Tesla and see were life takes me there fuck it", "likes_count": 1, "replies_count": 0, "retweets_count": 0, "hashtags": []}
{"id": 1132434912034770944, "date": "2019-05-25", "time": "19:54:57", "tweet": "@jeffalawless @JPUConn @Tesla @elonmusk Crowdsourced software . . . very precious when done right", "likes_count": 2, "replies_count": 0, "retweets_count": 0, "hashtags": []}
{"id": 1132434849556508676, "date": "2019-05-25", "time": "19:54:42", "tweet": "@francoislegault Le Québec doit dévelloper la physio-électricité comme Tesla avec la tour Wardenclyffe.  https://t.co/n35YStPdnL", "likes_count": 2, "replies_count": 0, "retweets_count": 1, "hashtags": []}
{"id": 1132434849489276929, "date": "2019-05-25", "time": "19:54:42", "tweet": "Scared to wrap your Tesla Model 3 centre console?  I was but I love it and I hope my results give you the confidence to do the same! 😀🙌🍻 FREE Supercharging with code  TOM90076  https://t.co/uqlmaRmtLM Video also on YouTube   https://t.co/h6wfZwqOsb  @Abstract_Ocean Matte Black  https://t.co/ty3Xn3DQHH", "likes_count": 7, "replies_count": 1, "retweets_count": 0, "hashtags": []}
{"id": 1132434784985198593, "date": "2019-05-25", "time": "19:54:27", "tweet": "Tesla got beat up this week in the markets, but the cars and the batteries are still way way way better than the competition, right?", "likes_count": 3, "replies_count": 0, "retweets_count": 0, "hashtags": []}
{"id": 1132434750528937984, "date": "2019-05-25", "time": "19:54:18", "tweet": "@Swacer_516 @teslaownersSV @Tesla @elonmusk A digital chauffeur.", "likes_count": 0, "replies_count": 0, "retweets_count": 0, "hashtags": []}
{"id": 1132434609982070784, "date": "2019-05-25", "time": "19:53:45", "tweet": "What's the long-term cost of owning a Tesla EV? #ev #evcars #tesla  https://t.co/1t9ke2bGjW  https://t.co/ziXdiUyFjR", "likes_count": 0, "replies_count": 0, "retweets_count": 0, "hashtags": ["ev", "evcars", "tesla"]}
{"id": 1132434608195293184, "date": "2019-05-25", "time": "19:53:44", "tweet": "@elonmusk any chance you can help a brother out? I will one day drive a tesla and use it for lyft work but as a regular vehicle, not a luxury. Everyone should get to experience it. Until then  https://t.co/AMOWOxjLdV", "likes_count": 0, "replies_count": 0, "retweets_count": 0, "hashtags": []}
{"id": 1132434563333070850, "date": "2019-05-25", "time": "19:53:34", "tweet": " https://t.co/NXpqu10ivO #elonmusk  #tesla  https://t.co/ka2sPK3L92", "likes_count": 0, "replies_count": 0, "retweets_count": 0, "hashtags": ["elonmusk", "tesla"]}
{"id": 1132434536204136448, "date": "2019-05-25", "time": "19:53:27", "tweet": "@TeslaLisa @xenomorpher1 @bgrahamdisciple @vincent13031925 @VGrinshpun @28delayslater @josefcalvino @SteveHamel16 @_jameshatfield_ @EcoHeliGuy @M_xalher @SiberianOdyssey @IxAMx4AM @BarkMSmeagol @quietbyday @BullTesla @ReflexFunds @kimpaquette @bonnienorman @Model3Owners @EricSteiman @TslaTimeCapsule @1mantruthsquad @teslaevangelist @tesla_truth Collateral damage", "likes_count": 1, "replies_count": 0, "retweets_count": 0, "hashtags": []}
{"id": 1132434535063457796, "date": "2019-05-25", "time": "19:53:27", "tweet": "TESLA uuuhhhhh  QUE IMPACTANTEEE", "likes_count": 10, "replies_count": 2, "retweets_count": 3, "hashtags": []}
{"id": 1132434459540824064, "date": "2019-05-25", "time": "19:53:09", "tweet": "A Twitter exchange with Elon Musk about a sheep lands a British man a job at Tesla  https://t.co/V6wE8tKmS4 #SaturdayThoughts #SaturdayMotivation #Saturday #careerchange #ElonMusk #Jobs #business #humanresources", "likes_count": 1, "replies_count": 0, "retweets_count": 1, "hashtags": ["saturdaythoughts", "saturdaymotivation", "saturday", "careerchange", "elonmusk", "jobs", "business", "humanresources"]}
{"id": 1132434454646018049, "date": "2019-05-25", "time": "19:53:08", "tweet": "@Inelonwetrust__ @teslaownersSV @Tesla Yeah... Compensating for our lack of emissions... 🤦‍♂️", "likes_count": 3, "replies_count": 0, "retweets_count": 0, "hashtags": []}
{"id": 1132434448794947585, "date": "2019-05-25", "time": "19:53:06", "tweet": "🔴 Prueba del Tesla Model 3 [VÍDEO]  https://t.co/kD6PuLe34x", "likes_count": 0, "replies_count": 0, "retweets_count": 0, "hashtags": []}
{"id": 1132434448337780737, "date": "2019-05-25", "time": "19:53:06", "tweet": "It’s a good (bad) kinda pizza night. #Tesla #Model3 #Frunk means no in car smell! #Winning  https://t.co/xcpoJQW3o6", "likes_count": 99, "replies_count": 21, "retweets_count": 2, "hashtags": ["tesla", "model3", "frunk", "winning"]}
{"id": 1132434304217362432, "date": "2019-05-25", "time": "19:52:32", "tweet": "@Latrilife @xenomorpher1 @bgrahamdisciple @vincent13031925 @VGrinshpun @28delayslater @josefcalvino @SteveHamel16 @_jameshatfield_ @EcoHeliGuy @M_xalher @SiberianOdyssey @IxAMx4AM @BarkMSmeagol @quietbyday @BullTesla @ReflexFunds @kimpaquette @bonnienorman @Model3Owners @EricSteiman @TslaTimeCapsule @1mantruthsquad @teslaevangelist @tesla_truth 'I' did not.", "likes_count": 2, "replies_count": 2, "retweets_count": 0, "hashtags": []}
{"id": 1132434303542079488, "date": "2019-05-25", "time": "19:52:32", "tweet": "@DriveElectricNC @pluginamerica  @timprior72  @Tesla  looks like our Drive Electric Northern Colorado rally from a couple years ago for last day of National Drive Electric Week.  #driveelectric #tesla", "likes_count": 0, "replies_count": 0, "retweets_count": 0, "hashtags": ["driveelectric", "tesla"]}
{"id": 1132434242955165696, "date": "2019-05-25", "time": "19:52:17", "tweet": "Tesla's end numbers are better the the end of Game of Thrones. #Tesla #GameofThrones", "likes_count": 2, "replies_count": 0, "retweets_count": 0, "hashtags": ["tesla", "gameofthrones"]}
{"id": 1132434235459948544, "date": "2019-05-25", "time": "19:52:16", "tweet": "@teslamodel3fan @tesla_truth He makes lots of positive forecasts. He needs to hit the numbers for real. I’m a big fan and believe he will and is improving in that department", "likes_count": 2, "replies_count": 0, "retweets_count": 0, "hashtags": []}
{"id": 1132434177419292673, "date": "2019-05-25", "time": "19:52:02", "tweet": "One of my favorite #Tesla pictures. @tesla @evmeerkat @plugshare #bot  https://t.co/VZgBgZYmlV", "likes_count": 0, "replies_count": 0, "retweets_count": 0, "hashtags": ["tesla", "bot"]}
{"id": 1132434123799162881, "date": "2019-05-25", "time": "19:51:49", "tweet": "@tesla_truth @andrewhockings And when you're not vertically integrated, LG can jerk you around.   https://t.co/YK4FH2rqxo", "likes_count": 13, "replies_count": 1, "retweets_count": 1, "hashtags": []}
{"id": 1132434106497851392, "date": "2019-05-25", "time": "19:51:45", "tweet": "@crazyhank @tesla_truth Henry, I suggest you take a step back and look at the situation. There is a huge attack against Tesla going on. Don’t be a part of it. The company is SUPPLY CONSTRAINED (see Elon’s email). They will advertise if there is sustained a demand problem. Right now is not the time.", "likes_count": 1, "replies_count": 0, "retweets_count": 0, "hashtags": []}
{"id": 1132434038906658819, "date": "2019-05-25", "time": "19:51:29", "tweet": "@GabrielRiley14 @JohnRoehsler @chriserichsen @Lexus ^ the Tesla. The Tesla won't catch on fire because it doesn't need hundreds of timed explosions inside of it in order to move, along with a tank full of extremely flammable liquid 🙄", "likes_count": 0, "replies_count": 1, "retweets_count": 0, "hashtags": []}
{"id": 1132434000117686273, "date": "2019-05-25", "time": "19:51:19", "tweet": "@Audi I can afford a Tesla... Please send me a free one ;)", "likes_count": 0, "replies_count": 0, "retweets_count": 0, "hashtags": []}
{"id": 1132433919457021952, "date": "2019-05-25", "time": "19:51:00", "tweet": "@elonmusk @Tesla  👏Make👏A👏TESLA👏PICK-UP👏", "likes_count": 0, "replies_count": 0, "retweets_count": 0, "hashtags": []}
{"id": 1132433865576894464, "date": "2019-05-25", "time": "19:50:47", "tweet": "@Feelings_Parade @BubbsLuvsRams @CNBCFastMoney @CathieDWood When the average person holds a us dollar they don’t worry about federal debt, when the average person is thinking about Tesla they are thinking about the tech not outstanding debt... that is my only point.", "likes_count": 0, "replies_count": 1, "retweets_count": 0, "hashtags": []}
{"id": 1132433859763687425, "date": "2019-05-25", "time": "19:50:46", "tweet": "@Michaelsully @tesla_truth Elon's email leaked with positive delivery outlook and stock price still went down Fri.", "likes_count": 0, "replies_count": 1, "retweets_count": 0, "hashtags": []}
{"id": 1132433841543700480, "date": "2019-05-25", "time": "19:50:42", "tweet": "@vincent13031925 @TeslaModel3ATL @tesla_truth On a side note when I used to follow Apple Electrek was trying to push android and Samsung to appear objective. Reality is that facts and science should dictate news not clicks. Until we put incentives that are not related to clicks real news will be tough to find.", "likes_count": 0, "replies_count": 0, "retweets_count": 0, "hashtags": []}
{"id": 1132433647510859778, "date": "2019-05-25", "time": "19:49:55", "tweet": "@cpufreak101 @tom97gsx @MotorTrend @Tesla @BMWUSA @GenesisUSA I set the max 5 mph over the limit, and then let the car follow whoever is in front", "likes_count": 0, "replies_count": 0, "retweets_count": 0, "hashtags": []}
{"id": 1132433529982341121, "date": "2019-05-25", "time": "19:49:27", "tweet": "My Quest For Net Zero &amp; Beyond With Tesla Model 3 — Part 1 | CleanTechnica #belugasolar  https://t.co/FNHtNCqx0M", "likes_count": 0, "replies_count": 0, "retweets_count": 0, "hashtags": ["belugasolar"]}
{"id": 1132433487531847683, "date": "2019-05-25", "time": "19:49:17", "tweet": "Skyrocketing Tesla Sales Force Mercedes Dealer In Norway To Face A Kodak Moment | CleanTechnica #belugasolar  https://t.co/uqX1tFlNil", "likes_count": 2, "replies_count": 0, "retweets_count": 0, "hashtags": ["belugasolar"]}
{"id": 1132433476114763776, "date": "2019-05-25", "time": "19:49:14", "tweet": "#Tesla Perma-Bull Digs in Heels on Stock Price Prediction of at Least $560  https://t.co/yqa8vbe7gm  https://t.co/tcKAfh8w2v", "likes_count": 0, "replies_count": 0, "retweets_count": 0, "hashtags": ["tesla"]}
{"id": 1132433456779149313, "date": "2019-05-25", "time": "19:49:10", "tweet": "The Cost Of Owning A Tesla After 200,000 Miles | CleanTechnica #belugasolar  https://t.co/l7k0vBLO0T", "likes_count": 0, "replies_count": 0, "retweets_count": 0, "hashtags": ["belugasolar"]}
{"id": 1132433454350577664, "date": "2019-05-25", "time": "19:49:09", "tweet": "@Tweetermeyer A real \"Tesla Killer\" wouldn't be selling in the 3 digits per month like BMW's.", "likes_count": 0, "replies_count": 0, "retweets_count": 0, "hashtags": []}
{"id": 1132433415045652482, "date": "2019-05-25", "time": "19:49:00", "tweet": "@PTBarnu88732123 That's bs. The difference is the timeframe of the analysis. I believe in Tesla because I believe in the most American of all car companies. Plus I look to the future not the past.", "likes_count": 2, "replies_count": 1, "retweets_count": 0, "hashtags": []}
{"id": 1132433407395258368, "date": "2019-05-25", "time": "19:48:58", "tweet": "@teslaownersSV @Tesla @elonmusk Cult.", "likes_count": 1, "replies_count": 0, "retweets_count": 0, "hashtags": []}
{"id": 1132433312666939392, "date": "2019-05-25", "time": "19:48:35", "tweet": "@The_Amish_Tesla Elmo definitely needs some hugs.", "likes_count": 0, "replies_count": 0, "retweets_count": 0, "hashtags": []}
{"id": 1132433281868345344, "date": "2019-05-25", "time": "19:48:28", "tweet": "@teslaownersSV @Tesla @elonmusk So so so so much fun!  Don't ya need an event like that in DC? Or... Colorado?    Meditate on that, @Tesla .  I mean, after coffee.  https://t.co/PHMtcmIeKK", "likes_count": 9, "replies_count": 0, "retweets_count": 1, "hashtags": []}
