{"id": 1180633754773180420, "date": "2019-10-05", "time": "19:59:56", "tweet": "@tesla_truth @elonmusk It's backwards!", "likes_count": 0, "replies_count": 0, "retweets_count": 0, "hashtags": []}
{"id": 1180633617397092352, "date": "2019-10-05", "time": "19:59:24", "tweet": "@elonmusk dreams, wakes up, hires great talent, mentors, sets up great teams, plans, demands, executes, innovates, disrupts, wins. Rinses and repeats. i.e. @Tesla @SpaceX @neuralink, etc. All, while having to deal with the haters and still winning. @slye @Model3Owners @i1Tesla  https://t.co/3Em2FMh0cU", "likes_count": 14, "replies_count": 0, "retweets_count": 0, "hashtags": []}
{"id": 1180633584836628481, "date": "2019-10-05", "time": "19:59:16", "tweet": "@IheartTesla @Tesla BLUE", "likes_count": 1, "replies_count": 0, "retweets_count": 0, "hashtags": []}
{"id": 1180633574623465472, "date": "2019-10-05", "time": "19:59:13", "tweet": "@AlexRoy144 @tesla_truth Electric car expert  https://t.co/H0I8UxNXAx", "likes_count": 3, "replies_count": 1, "retweets_count": 0, "hashtags": []}
{"id": 1180633552129413120, "date": "2019-10-05", "time": "19:59:08", "tweet": "@whywudntya @tesla_truth @netflix @Tesla @elonmusk Who would have thought tech would come so far that we would buy a car because of the TV inside 🙃", "likes_count": 2, "replies_count": 0, "retweets_count": 0, "hashtags": []}
{"id": 1180633515035172865, "date": "2019-10-05", "time": "19:58:59", "tweet": "The US Highways Administration noted that Tesla Inc has noticed a possible error that could result in battery-induced fires and is trying to fix it with a software update. In this case, more than 2000 Tesla vehicles can be recalled.  #ElonMusk #Tesla  https://t.co/DTzjc7BOjM  https://t.co/NCbEiZ058i", "likes_count": 1, "replies_count": 0, "retweets_count": 0, "hashtags": ["elonmusk", "tesla"]}
{"id": 1180633456537149440, "date": "2019-10-05", "time": "19:58:45", "tweet": "Bon anniversaire @Lockl34r le boss des boss mon pote (hâte de voir la Tesla en rose)", "likes_count": 0, "replies_count": 0, "retweets_count": 0, "hashtags": []}
{"id": 1180633300001607687, "date": "2019-10-05", "time": "19:58:08", "tweet": "@ESCapitalResea1 @meamZ_MZ @profgalloway I am old enough to remember when there was no #Tesla, and the public thought of electric vehicles as golf carts.", "likes_count": 0, "replies_count": 0, "retweets_count": 0, "hashtags": ["tesla"]}
{"id": 1180633259744608257, "date": "2019-10-05", "time": "19:57:58", "tweet": "@mortchad @EvaFoxU @Kristennetten @CodingMark @MikeyNog @gus_posey @silly_emily3 @mammasmurph @BluZar @watergirl60 @KCBrickley @Dangela2004 @casquita_ @painting_tlc @GordonShumway66 @DumboOctopus4 @liliknits @DaveMunrosCat @Kahil @OattsLisa @GreatScott1991 @lapointe67 @jchybow @RealAssTalkNow @Dutchwouter777 @CuriousZelda @Tesla @rmattila74 @SmileSimplify @LaurenRow5 @RationalEtienne @Insertnameplea @NinjaRose420 @justpaulinelol @m7797114115 @motterstedt33 @AlvinShen @CarolineGee8 @wadeanderson @megangale @rick_scinta Are we related? You don't even know my obsession with sushi", "likes_count": 6, "replies_count": 1, "retweets_count": 0, "hashtags": []}
{"id": 1180633217675620354, "date": "2019-10-05", "time": "19:57:48", "tweet": "@alittlegordie Yes. Tesla’s set of features is far larger than all other cars that I have ever had combined. What it doesn’t hav, it adds with software updates OTA free of charge. Not being a fanboy; just my observation so far.", "likes_count": 0, "replies_count": 0, "retweets_count": 0, "hashtags": []}
{"id": 1180633171999756288, "date": "2019-10-05", "time": "19:57:37", "tweet": "@GlobalEcoGuy No electric car or any car can compete with the #Model3 for the money- not even close- #Tesla is so far ahead of the competition", "likes_count": 2, "replies_count": 1, "retweets_count": 0, "hashtags": ["model3", "tesla"]}
{"id": 1180633005494341633, "date": "2019-10-05", "time": "19:56:58", "tweet": "@eejay @ERMusk @Tesla Tesla is bankrupt, they just haven't filed yet.", "likes_count": 0, "replies_count": 0, "retweets_count": 0, "hashtags": []}
{"id": 1180632840897216512, "date": "2019-10-05", "time": "19:56:19", "tweet": "i will work at tesla", "likes_count": 1, "replies_count": 0, "retweets_count": 0, "hashtags": []}
{"id": 1180632840091951104, "date": "2019-10-05", "time": "19:56:18", "tweet": "@ESCapitalResea1 @meamZ_MZ @profgalloway Some people call them incentives 😀#Tesla", "likes_count": 0, "replies_count": 1, "retweets_count": 0, "hashtags": ["tesla"]}
{"id": 1180632784999718914, "date": "2019-10-05", "time": "19:56:05", "tweet": "Great info to know. All, well most @tesla owners.", "likes_count": 2, "replies_count": 0, "retweets_count": 0, "hashtags": []}
{"id": 1180632765752119296, "date": "2019-10-05", "time": "19:56:01", "tweet": "@SpotifyCares Tesla model 3 web browser.  on a pc it works fine. But in the car it does not", "likes_count": 0, "replies_count": 1, "retweets_count": 0, "hashtags": []}
{"id": 1180632763256295425, "date": "2019-10-05", "time": "19:56:00", "tweet": "@ElonsWorld Hell no... tesla invests millions in their charging infrastructure and let other companies use it? While they don't invest anything into helping to increase the network and get profit from selling EVs? They can build or invest same equal amount and inly thenTesla should let them", "likes_count": 2, "replies_count": 0, "retweets_count": 0, "hashtags": []}
{"id": 1180632758521077760, "date": "2019-10-05", "time": "19:55:59", "tweet": "The longer trip time on the web site made me delay my @Tesla purchase longer than I would have with the accurate time. Looking forward to my first trip with a car that had Dog Mode.", "likes_count": 1, "replies_count": 0, "retweets_count": 0, "hashtags": []}
{"id": 1180632720306651136, "date": "2019-10-05", "time": "19:55:50", "tweet": "Shea Tesla!", "likes_count": 0, "replies_count": 0, "retweets_count": 0, "hashtags": []}
{"id": 1180632631995781120, "date": "2019-10-05", "time": "19:55:29", "tweet": "@ElliePharmakeia Nikola Tesla’s legacy deserved better.", "likes_count": 1, "replies_count": 0, "retweets_count": 0, "hashtags": []}
{"id": 1180632625678938113, "date": "2019-10-05", "time": "19:55:27", "tweet": "EVBatteryTechnology. com “News Links” Tesla acquires Canadian battery specialist, Hibar Systems  https://t.co/7Z1DMczjaZ via @ElectricAutonmy", "likes_count": 0, "replies_count": 0, "retweets_count": 0, "hashtags": []}
{"id": 1180632625150451712, "date": "2019-10-05", "time": "19:55:27", "tweet": "@AAPLTree Isn’t that a Tesla Semi?", "likes_count": 0, "replies_count": 0, "retweets_count": 0, "hashtags": []}
{"id": 1180632621736431617, "date": "2019-10-05", "time": "19:55:26", "tweet": "This child had the audacity to sadly look at me through the window of her parents Tesla like wtf", "likes_count": 2, "replies_count": 0, "retweets_count": 0, "hashtags": []}
{"id": 1180632596587438080, "date": "2019-10-05", "time": "19:55:20", "tweet": "@LivioFilice @xecretcode @Tesla  https://t.co/GN4XVuDxLq", "likes_count": 16, "replies_count": 2, "retweets_count": 5, "hashtags": []}
{"id": 1180632492459601921, "date": "2019-10-05", "time": "19:54:55", "tweet": "@QueueShort @sukhimukhi @JacksonStewal @profgalloway What is the rate of percentage growth for #Tesla relative to its competitors over the last 10 years?", "likes_count": 0, "replies_count": 0, "retweets_count": 0, "hashtags": ["tesla"]}
{"id": 1180632456774520832, "date": "2019-10-05", "time": "19:54:47", "tweet": "Getting my #chargepoint #chademo charge on!!!! I need to top up for tomorrow’s early morning Chrome delete with @MFrunker @TeslaMilton!!! #tesla #model3  https://t.co/2wmDKBybjD", "likes_count": 12, "replies_count": 1, "retweets_count": 0, "hashtags": ["chargepoint", "chademo", "tesla", "model3"]}
{"id": 1180632412591669249, "date": "2019-10-05", "time": "19:54:36", "tweet": "@Teslarati When did @Tesla release V10 update with Smart Summon?", "likes_count": 0, "replies_count": 0, "retweets_count": 0, "hashtags": []}
{"id": 1180632392064786432, "date": "2019-10-05", "time": "19:54:32", "tweet": "Cannabis Could Be Worth More Than Tesla - Here’s How to Invest  https://t.co/hONjQbbMoO{{ https://t.co/d8SThYLqtf}}&amp;autoplay=false&amp;exitpop=false", "likes_count": 0, "replies_count": 0, "retweets_count": 0, "hashtags": []}
{"id": 1180632269104373760, "date": "2019-10-05", "time": "19:54:02", "tweet": "Burning Tesla neutralized in 11 ton water container https://tirol.orf.at/stories/3015765/", "likes_count": 0, "replies_count": 0, "retweets_count": 0, "hashtags": []}
{"id": 1180632222262611968, "date": "2019-10-05", "time": "19:53:51", "tweet": "@mortchad @EvaFoxU @Kristennetten @CodingMark @MikeyNog @gus_posey @silly_emily3 @mammasmurph @BluZar @watergirl60 @KCBrickley @Dangela2004 @casquita_ @painting_tlc @GordonShumway66 @DumboOctopus4 @liliknits @DaveMunrosCat @Kahil @OattsLisa @GreatScott1991 @lapointe67 @MFrunker @jchybow @RealAssTalkNow @Dutchwouter777 @CuriousZelda @Tesla @rmattila74 @SmileSimplify @LaurenRow5 @Insertnameplea @NinjaRose420 @justpaulinelol @m7797114115 @motterstedt33 @AlvinShen @CarolineGee8 @wadeanderson @megangale @rick_scinta 1. My girl 2. My girlfriend 3. The Tesla cult 4. Tango dancing 5. Lifting weights 6. Elon \"humble God\" Musk  @LaurenRow5 @MemesOfMars @SteveHamel16 @breizh_72 @Masterplan2018 @NuovaRealta", "likes_count": 10, "replies_count": 1, "retweets_count": 1, "hashtags": []}
{"id": 1180632207485886464, "date": "2019-10-05", "time": "19:53:48", "tweet": "Tesla, Musk And The EV Revolution: Part 2 - Why Electric Beats Gas  https://t.co/XaRI0G2b3l via @insideevs.com", "likes_count": 0, "replies_count": 0, "retweets_count": 0, "hashtags": []}
{"id": 1180632194273992709, "date": "2019-10-05", "time": "19:53:44", "tweet": "@AIHammer @theponzifactor @GregHruza @profgalloway Indeed, if the right other ingredients are in place.  With Tesla and the executive departures sans Elon, combined with JB Straubel, Brad Buss, &amp; Antonio Gracias sales, I STRONGLY doubt the other ingredients are in place.   I do NOT see the massive incoming positive FCF/profits.", "likes_count": 1, "replies_count": 0, "retweets_count": 0, "hashtags": []}
{"id": 1180632152213512192, "date": "2019-10-05", "time": "19:53:34", "tweet": "@Tesla  https://t.co/iKlqwgWkgv", "likes_count": 6, "replies_count": 0, "retweets_count": 0, "hashtags": []}
{"id": 1180632076233641984, "date": "2019-10-05", "time": "19:53:16", "tweet": "@AlanStern This color reminds me something... Please keep this Tesla on Earth and don't send it anywhere 🚀 😆", "likes_count": 2, "replies_count": 0, "retweets_count": 0, "hashtags": []}
{"id": 1180632057443229698, "date": "2019-10-05", "time": "19:53:12", "tweet": "@theponzifactor @tslaqpodcast @GregHruza @profgalloway #Tesla has not gone bankrupt and I don’t expect it to. Do you consider every company which has ever gone bankrupt to be a ponzu scheme??", "likes_count": 0, "replies_count": 1, "retweets_count": 0, "hashtags": ["tesla"]}
{"id": 1180631721907294208, "date": "2019-10-05", "time": "19:51:52", "tweet": "@GS_CapSF @markbspiegel @JacksonStewal @profgalloway Elon Musk alone is worth many multiples of that. Do you agree? #Tesla", "likes_count": 0, "replies_count": 0, "retweets_count": 0, "hashtags": ["tesla"]}
{"id": 1180631713518473216, "date": "2019-10-05", "time": "19:51:50", "tweet": "@gwestr The Zeros seem pretty mature. Most advanced, perhaps? Are they the Tesla of motorbikes?", "likes_count": 0, "replies_count": 0, "retweets_count": 0, "hashtags": []}
{"id": 1180631703674486784, "date": "2019-10-05", "time": "19:51:47", "tweet": "Mom having a hay day today 😂#tesla #thedream #teslasponsorme  https://t.co/c0x1FzcoMq", "likes_count": 30, "replies_count": 4, "retweets_count": 2, "hashtags": ["tesla", "thedream", "teslasponsorme"]}
{"id": 1180631693847343106, "date": "2019-10-05", "time": "19:51:45", "tweet": "@thorstenster @elonmusk That’s actually the worst advice possible. If everyone waited a year Tesla would be out of business...", "likes_count": 1, "replies_count": 1, "retweets_count": 0, "hashtags": []}
{"id": 1180631619260076033, "date": "2019-10-05", "time": "19:51:27", "tweet": "@spotted_model They have all been left in the dust by Tesla. And they deserve it.", "likes_count": 1, "replies_count": 0, "retweets_count": 0, "hashtags": []}
