{"id": 1099458845838053376, "date": "2019-02-23", "time": "18:59:50", "tweet": "@Zvezdichko @spacecom @SafeNotAnOption @jabe8 And Tesla is doing just fine, objectively.", "likes_count": 1, "replies_count": 1, "retweets_count": 0, "hashtags": []}
{"id": 1099458785633058816, "date": "2019-02-23", "time": "18:59:36", "tweet": "@yoshi_sudarso @Tesla Congrats on the new car!", "likes_count": 0, "replies_count": 0, "retweets_count": 0, "hashtags": []}
{"id": 1099458727244120064, "date": "2019-02-23", "time": "18:59:22", "tweet": "Tesla builds an energy product offering that covers everything from energy production, with its solar products, to energy storage, with its Powerwall, to energy consumption, with its electric vehicles.  A perfect customer for the company would own all of those products", "likes_count": 0, "replies_count": 0, "retweets_count": 1, "hashtags": []}
{"id": 1099458654451974144, "date": "2019-02-23", "time": "18:59:04", "tweet": "@The_Amish_Tesla The world may never know", "likes_count": 0, "replies_count": 0, "retweets_count": 0, "hashtags": []}
{"id": 1099458636550754304, "date": "2019-02-23", "time": "18:59:00", "tweet": "@drjohnlane @Titeuf24Michel @JETH0MASCUOUS @EjOpperman @45_lies @NathanMcDowel16 @amairanymc_ @juste1etudiant @cmclymer @AOC @elonmusk @Tesla Just trying to have a real dialogue but I appreciate you 😂🙏🏼", "likes_count": 1, "replies_count": 0, "retweets_count": 0, "hashtags": []}
{"id": 1099458630896631808, "date": "2019-02-23", "time": "18:58:59", "tweet": "@mfurniss @Tesla @AGBecerra Also feel free to DM me to discuss", "likes_count": 6, "replies_count": 0, "retweets_count": 0, "hashtags": []}
{"id": 1099458619874177024, "date": "2019-02-23", "time": "18:58:56", "tweet": "@CGasparino @carney I check your post for your comedy and your Insight. To be honest, my eyes glaze over when you mention Fannie Mae or Tesla or GSA or whatever you're droning on about lately.", "likes_count": 1, "replies_count": 0, "retweets_count": 0, "hashtags": []}
{"id": 1099458555457892352, "date": "2019-02-23", "time": "18:58:41", "tweet": "Musk says the tech is 'mind-bogglingly stupid,' but hydrogen cars may test Tesla @CNBC   https://t.co/GfzcwEF41k", "likes_count": 0, "replies_count": 0, "retweets_count": 0, "hashtags": []}
{"id": 1099458534809501703, "date": "2019-02-23", "time": "18:58:36", "tweet": "@drjohnlane @Titeuf24Michel @JETH0MASCUOUS @EjOpperman @45_lies @NathanMcDowel16 @amairanymc_ @juste1etudiant @cmclymer @AOC @elonmusk @Tesla Can you explain? I’m not sure how it allowed them to invest more but maybe I’m missing something. Seems counter intuitive considering they had to take those costs on to keep their cars closer to affordable", "likes_count": 0, "replies_count": 1, "retweets_count": 0, "hashtags": []}
{"id": 1099458498608463873, "date": "2019-02-23", "time": "18:58:27", "tweet": "@The_Amish_Tesla Sounds like she's right up my alley", "likes_count": 0, "replies_count": 0, "retweets_count": 0, "hashtags": []}
{"id": 1099458486461702144, "date": "2019-02-23", "time": "18:58:24", "tweet": "@elonmusk @Tesla could define a media API for playback control, browsing and discovery.  Then @AppleMusic, @Spotify, @TIDAL would implement it, and users could activate whatever service they prefer.  Maybe existing @Sonos APIs could be reused with a different client key", "likes_count": 2, "replies_count": 0, "retweets_count": 0, "hashtags": []}
{"id": 1099458485870309378, "date": "2019-02-23", "time": "18:58:24", "tweet": "an Insta food-influencer I follow is on a road trip, rented a Tesla and has been struggling with charging. Finding working chargers, had to charge using regular chargers to get to a supercharger. Hours at a Subway etc. Their struggle gave me anxiety.", "likes_count": 1, "replies_count": 0, "retweets_count": 0, "hashtags": []}
{"id": 1099458480258244608, "date": "2019-02-23", "time": "18:58:23", "tweet": "Cheapest Tesla with the most tuned up modification is about $55k", "likes_count": 0, "replies_count": 0, "retweets_count": 0, "hashtags": []}
{"id": 1099458468891803654, "date": "2019-02-23", "time": "18:58:20", "tweet": "only 4 EV Charging Stations at Epcot Center. @waltdisneyworld Where are the Superchargers @teslamotors Elon...help! @elonmusk These parks see a lot of Tesla Owners everyday. #tesla #teslasupercharger #teslaowner #epcot #waltdisneyworld #teslamotors #teslamodel3  https://t.co/NNajv2uJ2p", "likes_count": 7, "replies_count": 1, "retweets_count": 0, "hashtags": ["tesla", "teslasupercharger", "teslaowner", "epcot", "waltdisneyworld", "teslamotors", "teslamodel3"]}
{"id": 1099458465339195392, "date": "2019-02-23", "time": "18:58:19", "tweet": "Thoroughly enjoyed the first of hopefully many thousand miles with my new #model3 today, despite the let-down of the handover experience, @elonmusk. I know  @tesla can do better, because it did for my #ModelS previously.", "likes_count": 1, "replies_count": 1, "retweets_count": 0, "hashtags": ["model3", "models"]}
{"id": 1099458436331388928, "date": "2019-02-23", "time": "18:58:12", "tweet": "@HristinaHris @hanaadrovic Bila Srbija spremna ili ne, vashe vreme dolazi! Podseticu da je veliki Tesla sve vec davno predvideo!  https://t.co/6EbnWsodQt", "likes_count": 0, "replies_count": 0, "retweets_count": 0, "hashtags": []}
{"id": 1099458408225230848, "date": "2019-02-23", "time": "18:58:06", "tweet": "@joiner_charlie @Tesla @teslaownersSV I heard you are a Tesler owner!", "likes_count": 0, "replies_count": 0, "retweets_count": 0, "hashtags": []}
{"id": 1099458382602354688, "date": "2019-02-23", "time": "18:58:00", "tweet": "@Tesla But what if I want a GLaDOS instant of a HAL", "likes_count": 0, "replies_count": 0, "retweets_count": 0, "hashtags": []}
{"id": 1099458329913380864, "date": "2019-02-23", "time": "18:57:47", "tweet": "Great new Tesla app by @SohrabYaghoubi that adds easy voice commands via iOS shortcuts. I've been testing it for a bit 👍🏼  https://t.co/v3JttIDNhf", "likes_count": 25, "replies_count": 6, "retweets_count": 3, "hashtags": []}
{"id": 1099458284178812929, "date": "2019-02-23", "time": "18:57:36", "tweet": "#Tesla #Model3 Was Top Selling Car In California In 2nd Half Of 2018 🚗🔋🏆  https://t.co/ZxtGUfyzj7 $TSLA #EV #ElectricVehicle  https://t.co/9tvH7HfwPq", "likes_count": 10, "replies_count": 0, "retweets_count": 3, "hashtags": ["tesla", "model3", "ev", "electricvehicle"]}
