{"id": 1190780612656824320, "date": "2019-11-02", "time": "19:59:56", "tweet": "@LukeMiani “How can you afford a Tesla with only 600K subs?”", "likes_count": 21, "replies_count": 1, "retweets_count": 0, "hashtags": []}
{"id": 1190780510886232064, "date": "2019-11-02", "time": "19:59:32", "tweet": "Federal safety agency wants answers on Tesla battery fires  https://t.co/xRa8KjcSrV", "likes_count": 0, "replies_count": 0, "retweets_count": 0, "hashtags": []}
{"id": 1190780509200117760, "date": "2019-11-02", "time": "19:59:31", "tweet": "@BabyDashie1 @Tesla @turo That is definitely an option but I was trying to not spend $$ on that", "likes_count": 1, "replies_count": 1, "retweets_count": 0, "hashtags": []}
{"id": 1190780427583180800, "date": "2019-11-02", "time": "19:59:12", "tweet": "Tucked in with the winter 18's. 21's look better but I still ❤ her. Bring on the snow. #Tesla  https://t.co/IIN6y7eYMZ", "likes_count": 12, "replies_count": 1, "retweets_count": 0, "hashtags": ["tesla"]}
{"id": 1190780309018685440, "date": "2019-11-02", "time": "19:58:43", "tweet": "@SanderK54317391 @jpr007 There is no certainty about Tesla, other than its desire to innovate and progress", "likes_count": 2, "replies_count": 0, "retweets_count": 0, "hashtags": []}
{"id": 1190780296163053568, "date": "2019-11-02", "time": "19:58:40", "tweet": "@Model3Owners Average on my P3D with tesla aero 18s  https://t.co/24KwgGhhRw", "likes_count": 2, "replies_count": 0, "retweets_count": 0, "hashtags": []}
{"id": 1190780258452045825, "date": "2019-11-02", "time": "19:58:31", "tweet": "@tesletter @Tesla You can rent one on @turo", "likes_count": 1, "replies_count": 1, "retweets_count": 0, "hashtags": []}
{"id": 1190780256602341376, "date": "2019-11-02", "time": "19:58:31", "tweet": "Elon Musk gave Model 3 Tesla 5% more power, now will beat any Porsche out there  https://t.co/cO8DhAqCsF", "likes_count": 0, "replies_count": 1, "retweets_count": 0, "hashtags": []}
{"id": 1190780236176220160, "date": "2019-11-02", "time": "19:58:26", "tweet": "@electriccarsite Tesla model X still better, more efficiency", "likes_count": 1, "replies_count": 0, "retweets_count": 0, "hashtags": []}
{"id": 1190780223136108545, "date": "2019-11-02", "time": "19:58:23", "tweet": "@W4RCRlMES tesla !!", "likes_count": 0, "replies_count": 0, "retweets_count": 0, "hashtags": []}
{"id": 1190780178752057344, "date": "2019-11-02", "time": "19:58:12", "tweet": "@tesla_up1 A heated steering wheel on a cold day is just magical 🔥", "likes_count": 0, "replies_count": 0, "retweets_count": 0, "hashtags": []}
{"id": 1190780140894089216, "date": "2019-11-02", "time": "19:58:03", "tweet": "@Cre8iveRedone @Franktmcveety Less than half an Olympic pool.  No oil spill is ever a good thing. But their monitoring caught it, there was a rapid response and it will be cleaned up.  Unlike the lithium toxic lakes springing up worldwide to put non-recyclable batteries in the Tesla that Arnold lent her!", "likes_count": 3, "replies_count": 2, "retweets_count": 1, "hashtags": []}
{"id": 1190780100473573376, "date": "2019-11-02", "time": "19:57:54", "tweet": "@Ahadify @sahxra_  @ahadify wow, this reminds me of that time you donated your second tesla to charity for disabled kids in sudan!", "likes_count": 2, "replies_count": 0, "retweets_count": 0, "hashtags": []}
{"id": 1190780079992819712, "date": "2019-11-02", "time": "19:57:49", "tweet": "@M3P_Stealth @teslamotorsjp @Tesla @elonmusk おめでとうございました㊗️  19歳でテスラオーナーかっこいいです👍", "likes_count": 3, "replies_count": 1, "retweets_count": 0, "hashtags": []}
{"id": 1190780049508773888, "date": "2019-11-02", "time": "19:57:42", "tweet": "@PromoYourApp did you try t4u for #tesla ?", "likes_count": 0, "replies_count": 0, "retweets_count": 0, "hashtags": ["tesla"]}
{"id": 1190779857497677825, "date": "2019-11-02", "time": "19:56:56", "tweet": "@elonmusk fait un pas de plus vers les #voituresautonomes.  @Tesla vient de s’offrir la start-up californienne @DeepScale_, qui développe une #IA permettant aux voitures de mieux prendre en compte ce qui les entoure.  https://t.co/9ZgGzl5VHV #MBADMB #Digital @ArnaultChatel", "likes_count": 0, "replies_count": 0, "retweets_count": 0, "hashtags": ["voituresautonomes", "ia", "mbadmb", "digital"]}
{"id": 1190779834504318976, "date": "2019-11-02", "time": "19:56:50", "tweet": "Saturday Selections .   Just Discovered this live @TeslaBand album, playing their debut in its entirety via @Spotify .    #Tesla  https://t.co/jbi3RHnHdu", "likes_count": 0, "replies_count": 0, "retweets_count": 0, "hashtags": ["tesla"]}
{"id": 1190779708922875906, "date": "2019-11-02", "time": "19:56:20", "tweet": "@kanq_tesla かんきゅー さん おはようございます。Google Chrome がご利用中にフリーズした際は、こちらのヘルプの内容をお試しください。 https://t.co/L4aeRtF5pr その後、いかがでしょうか？", "likes_count": 1, "replies_count": 0, "retweets_count": 0, "hashtags": []}
{"id": 1190779668120719361, "date": "2019-11-02", "time": "19:56:11", "tweet": "@lathrop_don @InsideEVs Nothing wrong with his post. If there is an issue with the packs they should be replaced. If the government finds Tesla's fix works, even better.", "likes_count": 0, "replies_count": 0, "retweets_count": 0, "hashtags": []}
{"id": 1190779644984745984, "date": "2019-11-02", "time": "19:56:05", "tweet": "@Cre8iveRedone 30 min each stop... for a coffee? 500 km / charge on Tesla.", "likes_count": 0, "replies_count": 1, "retweets_count": 0, "hashtags": []}
{"id": 1190779607097716736, "date": "2019-11-02", "time": "19:55:56", "tweet": "New post (Weekend roundup: Where to retire on $5 million, outside California | Tesla’s surprise | A Nobel Prize and biotech stocks) has been published on FUNDSWIFT -  https://t.co/1hhKFVlxfc", "likes_count": 0, "replies_count": 0, "retweets_count": 0, "hashtags": []}
{"id": 1190779588336590848, "date": "2019-11-02", "time": "19:55:52", "tweet": "Retired Spurs player Matt Bonner teaches investing: ‘Tesla is killing it’ in his portfolio  https://t.co/uoJWaD9RCD  https://t.co/Lb5JkJ7Fep", "likes_count": 0, "replies_count": 0, "retweets_count": 0, "hashtags": []}
{"id": 1190779554954194944, "date": "2019-11-02", "time": "19:55:44", "tweet": "@mortchad @Tesla @atj721 This is going to be so amazing, I can't wait for my update.  https://t.co/IpV2ADAW0E", "likes_count": 4, "replies_count": 0, "retweets_count": 0, "hashtags": []}
{"id": 1190779534041325568, "date": "2019-11-02", "time": "19:55:39", "tweet": "@LikeTeslaKim @tesla_raj 👆Your next project. Soft closing.", "likes_count": 2, "replies_count": 0, "retweets_count": 0, "hashtags": []}
{"id": 1190779525187002368, "date": "2019-11-02", "time": "19:55:37", "tweet": "Tesla 💞💞💞", "likes_count": 0, "replies_count": 0, "retweets_count": 0, "hashtags": []}
{"id": 1190779426914684930, "date": "2019-11-02", "time": "19:55:13", "tweet": "@gwestr Anything that makes a @Tesla safer and better is always worth it. ❤️⚡️🔋🚗❤️", "likes_count": 1, "replies_count": 0, "retweets_count": 0, "hashtags": []}
{"id": 1190779397424472064, "date": "2019-11-02", "time": "19:55:06", "tweet": "@SanderK54317391 @jpr007 No I’m not talking about Tesla, just new comers that aren’t wedded to old ways of doing things. If I didn’t change at work all the time, I’d have been out of work years ago. And the old ICE dinosaurs should as well", "likes_count": 2, "replies_count": 2, "retweets_count": 0, "hashtags": []}
{"id": 1190779362599198720, "date": "2019-11-02", "time": "19:54:58", "tweet": "@parador08 @Eurekablog Amado líder? Un Pánfilo que envía un Tesla al espacio... Un líder?", "likes_count": 1, "replies_count": 3, "retweets_count": 0, "hashtags": []}
{"id": 1190779296761040896, "date": "2019-11-02", "time": "19:54:42", "tweet": "@trevlan006 @EV_Resource @Tesla Evil. Goliath would be another one. Kids didn't get the reference so we went with Ted instead.  https://t.co/OdpRa4O7gv", "likes_count": 1, "replies_count": 0, "retweets_count": 0, "hashtags": []}
{"id": 1190779215135813632, "date": "2019-11-02", "time": "19:54:23", "tweet": "@dramafarma01 @Menace_Bunny @newscomauHQ @TraceyLPiriz05 That was the same for people when the combustion engine was first made...only the rich could afford one...  Tell tesla that the world wants 1 billion of his cars tomorrow...give elon a blank cheque to increase his production abilities...and the price per vehicle halves", "likes_count": 0, "replies_count": 0, "retweets_count": 0, "hashtags": []}
{"id": 1190779202972397569, "date": "2019-11-02", "time": "19:54:20", "tweet": "Top Gear doubles down on #Tesla vs #Porsche race, claims Model S' actual results are worse -  https://t.co/Pi4gEI3RMX", "likes_count": 0, "replies_count": 0, "retweets_count": 0, "hashtags": ["tesla", "porsche"]}
{"id": 1190779174027452416, "date": "2019-11-02", "time": "19:54:13", "tweet": "Congrats to the Lady Robo-Rangers FTC#13523 for finishing with a 5-0 record at the Tesla LM1. Great job to our #STEMSQUAD for showing your #GIRLPower &amp; representing #WomenInSTEM. @FIRSTweets @FIRSTRGV  @firstlikeagirl @FIRSTinTexas @FTCTeams #WeAreFIRST #OMGROBOTS 💯💪💜🤖👏⚡👍  https://t.co/ZCfl37yGne", "likes_count": 17, "replies_count": 2, "retweets_count": 4, "hashtags": ["stemsquad", "girlpower", "womeninstem", "wearefirst", "omgrobots"]}
{"id": 1190779149935210496, "date": "2019-11-02", "time": "19:54:07", "tweet": "@InsideEVs \"Total - 9,178 YTD (compared to 6,062 in full 2018)\"  Should the story really be, \"Large SUV EV segment grows 50% YoY\"?  That would be the more positive, less \"click-baity\" heading.  The FUD battle goes on.  @28delayslater @BridieEV @tesla_truth (RIP)", "likes_count": 1, "replies_count": 0, "retweets_count": 0, "hashtags": []}
{"id": 1190779135838343169, "date": "2019-11-02", "time": "19:54:04", "tweet": "Twitter, Inc: FREE TESLA_TRUTH - Sign the Petition!  https://t.co/muqgETMEwC via @Change", "likes_count": 0, "replies_count": 0, "retweets_count": 0, "hashtags": []}
{"id": 1190779098764697600, "date": "2019-11-02", "time": "19:53:55", "tweet": "@the_scown @lancewiggs BMW M850i: 0-100 in 3.8 seconds for $250k Tesla S Performance: 0-100 in 2.6 seconds for $180k  The battle's already lost.", "likes_count": 1, "replies_count": 0, "retweets_count": 0, "hashtags": []}
{"id": 1190779078397304833, "date": "2019-11-02", "time": "19:53:50", "tweet": "@John50140083 @techAU @elonmusk @Tesla One of the most compelling things about how they architect their systems is if they make it \"end to end\". Where musk said video input in-&gt;controls out. Lets see how far they can get in developing a method that is mostly neural networks that trains automatically and is safe.", "likes_count": 1, "replies_count": 0, "retweets_count": 0, "hashtags": []}
{"id": 1190778978887458816, "date": "2019-11-02", "time": "19:53:26", "tweet": "@itsjusstjohn @Cernovich &amp; so was Tesla!!", "likes_count": 0, "replies_count": 0, "retweets_count": 0, "hashtags": []}
{"id": 1190778968699523074, "date": "2019-11-02", "time": "19:53:24", "tweet": "@TeslaStars @Bordeaux @Tesla You won at horse carriage 😂", "likes_count": 1, "replies_count": 0, "retweets_count": 0, "hashtags": []}
{"id": 1190778904774135808, "date": "2019-11-02", "time": "19:53:09", "tweet": "E este  dia que vi 2 coisas incríveis?  A Ana e um Táxi que era um Tesla 😂", "likes_count": 1, "replies_count": 0, "retweets_count": 0, "hashtags": []}
{"id": 1190778825636032514, "date": "2019-11-02", "time": "19:52:50", "tweet": "@TeslaStars @Bordeaux @Tesla Were those made for bikes or just not much space so everything were made small?", "likes_count": 1, "replies_count": 1, "retweets_count": 0, "hashtags": []}
{"id": 1190778823895343105, "date": "2019-11-02", "time": "19:52:49", "tweet": "📌 Prueba del Tesla Model 3 [VÍDEO]  https://t.co/wH7rovlQlu", "likes_count": 0, "replies_count": 0, "retweets_count": 0, "hashtags": []}
{"id": 1190778814126788615, "date": "2019-11-02", "time": "19:52:47", "tweet": "@teslaownersSV I'd wave to you. I pass a woman sometimes after work in red Tesla and she always ignores me. So weird. #Model3", "likes_count": 5, "replies_count": 2, "retweets_count": 0, "hashtags": ["model3"]}
{"id": 1190778716747636736, "date": "2019-11-02", "time": "19:52:24", "tweet": "I don’t know how you guys feel watching tv ads with fossil cars but to me it feels offensive. Even more when it says self charging or the future of transport. It’s a full blown lie! Full electric is the only viable way with current technology #ev #sustainable @tesla", "likes_count": 4, "replies_count": 0, "retweets_count": 1, "hashtags": ["ev", "sustainable"]}
{"id": 1190778566239309827, "date": "2019-11-02", "time": "19:51:48", "tweet": "Just once in 2019 I’d like to wake up on Christmas morning to a @Tesla with a big red bow on top", "likes_count": 1, "replies_count": 1, "retweets_count": 0, "hashtags": []}
{"id": 1190778476246249472, "date": "2019-11-02", "time": "19:51:26", "tweet": "@JohnFetterman @Tesla Awesome. I have never seen one here. Many Priuses but not Teslas.", "likes_count": 1, "replies_count": 0, "retweets_count": 0, "hashtags": []}
{"id": 1190778462249869314, "date": "2019-11-02", "time": "19:51:23", "tweet": "Tesla license plate: Z3RO MPG. Noooooooo", "likes_count": 2, "replies_count": 0, "retweets_count": 0, "hashtags": []}
{"id": 1190778280103817219, "date": "2019-11-02", "time": "19:50:40", "tweet": "@John50140083 @techAU @elonmusk @Tesla That would be cool use of the chips. I'm really looking forward to watching FSD develop. Stop signs and stop lights public release will be a big step.", "likes_count": 1, "replies_count": 1, "retweets_count": 0, "hashtags": []}
{"id": 1190778261116207104, "date": "2019-11-02", "time": "19:50:35", "tweet": "@4xRevenue Here's another example, though maybe a bit less explicit.   What exactly is the implication here with respect to Tesla autonomy?   https://t.co/AU5efip1yB", "likes_count": 3, "replies_count": 0, "retweets_count": 0, "hashtags": []}
{"id": 1190778258696101888, "date": "2019-11-02", "time": "19:50:35", "tweet": "@rghardy3 @RealEyeTheSpy @TS_SCI_MAJIC12 Where is FLOTUS from compared to Tesla?", "likes_count": 1, "replies_count": 0, "retweets_count": 0, "hashtags": []}
{"id": 1190778256108208128, "date": "2019-11-02", "time": "19:50:34", "tweet": "Ex-NBAer Matt Bonner teaches daughter investing: 'Tesla is killing it' -  https://t.co/dUr2Q5tQ59  https://t.co/z9I6yTdxJF", "likes_count": 0, "replies_count": 0, "retweets_count": 0, "hashtags": []}
{"id": 1190778246960500736, "date": "2019-11-02", "time": "19:50:32", "tweet": "I spent the day cleaning my @Tesla  with @chemicalguys stuff... prepped my paint and did multiple layers of Hydroslick and Hydrocharge...  My first time using it and I’m amazed by this stuff!    Finished just in time for the sunset.  https://t.co/enfGSIauLw", "likes_count": 1, "replies_count": 1, "retweets_count": 0, "hashtags": []}
{"id": 1190778239637164032, "date": "2019-11-02", "time": "19:50:30", "tweet": "@tesla_unplugged Lol, why do people do anything that they do 🤷‍♂️  https://t.co/vVCaRwZWq0", "likes_count": 9, "replies_count": 1, "retweets_count": 2, "hashtags": []}
{"id": 1190778231571378181, "date": "2019-11-02", "time": "19:50:28", "tweet": "Elon Musk \"walks back\" Tesla Full Self Driving claims or was he met with #ForcedAccountability while under DOJ criminal investigation?  #FalseClaims #Deceptive #Branding   #NHTSA #FTC  $TSLA  #TwitterFlounce  #TheSociopathicBusinessModel #FraudFormula    https://t.co/jS0P8sazE7", "likes_count": 5, "replies_count": 0, "retweets_count": 1, "hashtags": ["forcedaccountability", "falseclaims", "deceptive", "branding", "nhtsa", "ftc", "twitterflounce", "thesociopathicbusinessmodel", "fraudformula"]}
{"id": 1190778177322442753, "date": "2019-11-02", "time": "19:50:15", "tweet": "@andrea1j @elonmusk @Tesla @Teslarati Really want @Tesla to blow the horn long and hard when another vehicle is backing into my car when using advanced summon.", "likes_count": 0, "replies_count": 1, "retweets_count": 0, "hashtags": []}
{"id": 1190778133454024705, "date": "2019-11-02", "time": "19:50:05", "tweet": "I won't stop waving at other Tesla owners even if they don't ever wave back.  https://t.co/e53KQEIzJu", "likes_count": 387, "replies_count": 64, "retweets_count": 17, "hashtags": []}
{"id": 1190778081851662336, "date": "2019-11-02", "time": "19:49:52", "tweet": "@Insertnameplea @elonmusk @Tesla @Kristennetten @HogDexter @lexfridman @BoredElonMusk @ElonsWorld @ShadowCatTrash @OutMusk @SteveHamel16 @TheElonMasked @ToscaMusk @mayemusk @StephenAtHome @cbra92 @DonchoGunchev @Hein_The_Slayer @Everman @4thFromOurStar @v_g_fischer", "likes_count": 3, "replies_count": 0, "retweets_count": 0, "hashtags": []}
{"id": 1190777997307056128, "date": "2019-11-02", "time": "19:49:32", "tweet": "@glenntongue Norman Tesla Bates", "likes_count": 4, "replies_count": 0, "retweets_count": 0, "hashtags": []}
{"id": 1190777992756244480, "date": "2019-11-02", "time": "19:49:31", "tweet": "@LincolnMotorCo You have no idea, go @Tesla !", "likes_count": 0, "replies_count": 0, "retweets_count": 0, "hashtags": []}
{"id": 1190777970123632641, "date": "2019-11-02", "time": "19:49:26", "tweet": "Hey Alberta. I drove a V8 ‘67 Mustang today. Not my solar powered Tesla or my human powered bicycle.  https://t.co/3fOGRiaEI5", "likes_count": 100, "replies_count": 19, "retweets_count": 1, "hashtags": []}
{"id": 1190777924284227584, "date": "2019-11-02", "time": "19:49:15", "tweet": "Tesla Driving Visualization gets another improvement featuring traffic cone rendering  https://t.co/IPY9wT72pV", "likes_count": 7, "replies_count": 0, "retweets_count": 0, "hashtags": []}
{"id": 1190777903337881602, "date": "2019-11-02", "time": "19:49:10", "tweet": "@asnsasn tesla varken mercedes almak...", "likes_count": 0, "replies_count": 0, "retweets_count": 0, "hashtags": []}
{"id": 1190777673930477569, "date": "2019-11-02", "time": "19:48:15", "tweet": "@EmilioR07320344 @Tesla  https://t.co/9gQEovSqFJ", "likes_count": 0, "replies_count": 0, "retweets_count": 0, "hashtags": []}
{"id": 1190777623850307585, "date": "2019-11-02", "time": "19:48:03", "tweet": "@tesla_vin In general not getting the some of the new stuff, not sure I will do it, just wondering", "likes_count": 1, "replies_count": 0, "retweets_count": 0, "hashtags": []}
{"id": 1190777509450698753, "date": "2019-11-02", "time": "19:47:36", "tweet": "@tesla_addicted Great !!! Big Scale and Macro Mind !!! Thank you !!! I am getting enlightenment.", "likes_count": 2, "replies_count": 0, "retweets_count": 0, "hashtags": []}
{"id": 1190777470154358787, "date": "2019-11-02", "time": "19:47:27", "tweet": "@tesla_up1 @TeslaRiders  https://t.co/8jDFHLWO3Y", "likes_count": 0, "replies_count": 0, "retweets_count": 0, "hashtags": []}
{"id": 1190777411715190784, "date": "2019-11-02", "time": "19:47:13", "tweet": "@Tesla what if you made a sled driving Tesla that has a solar panel so people don’t have to charge it and have to spend a lot of money", "likes_count": 0, "replies_count": 1, "retweets_count": 0, "hashtags": []}
{"id": 1190777391561543681, "date": "2019-11-02", "time": "19:47:08", "tweet": "Tesla or Nintendo", "likes_count": 0, "replies_count": 0, "retweets_count": 0, "hashtags": []}
{"id": 1190777284455804928, "date": "2019-11-02", "time": "19:46:42", "tweet": "@_mandilynn_ Tesla Model S :(", "likes_count": 0, "replies_count": 0, "retweets_count": 0, "hashtags": []}
{"id": 1190777231087304704, "date": "2019-11-02", "time": "19:46:30", "tweet": "If you need a SIGN from #HEAVEN that your #ANGELS are real - read Tesla from Angel On Board - Real Life Stories  https://t.co/OARtL1Omsy  https://t.co/DjlvHc36ev You'll be a believer! #amazon", "likes_count": 0, "replies_count": 0, "retweets_count": 0, "hashtags": ["heaven", "angels", "amazon"]}
{"id": 1190777147373375488, "date": "2019-11-02", "time": "19:46:10", "tweet": "@Insertnameplea @elonmusk @Tesla @Kristennetten @HogDexter @elonmusk @lexfridman @BoredElonMusk @ElonsWorld @ShadowCatTrash @OutMusk @SteveHamel16 @TheElonMasked @ToscaMusk @mayemusk @StephenAtHome @cbra92 @DonchoGunchev @Hein_The_Slayer @Everman @4thFromOurStar", "likes_count": 3, "replies_count": 1, "retweets_count": 0, "hashtags": []}
{"id": 1190777109192552449, "date": "2019-11-02", "time": "19:46:01", "tweet": "Audi e-tron, Jaguar I-PACE Are Outselling Tesla Model X In Norway  https://t.co/wb1TFQ3ocg", "likes_count": 4, "replies_count": 4, "retweets_count": 0, "hashtags": []}
{"id": 1190777015017910272, "date": "2019-11-02", "time": "19:45:38", "tweet": "Elon Musk, le patron de Tesla, a quitté Twitter  https://t.co/Hdi1CsDGxC", "likes_count": 0, "replies_count": 0, "retweets_count": 0, "hashtags": []}
{"id": 1190776867470610432, "date": "2019-11-02", "time": "19:45:03", "tweet": "#Energias La nueva generación de tejas solares de Tesla podrían revolucionar el mercado solar doméstico  https://t.co/bw2RjTau9P", "likes_count": 1, "replies_count": 0, "retweets_count": 1, "hashtags": ["energias"]}
{"id": 1190776837779050496, "date": "2019-11-02", "time": "19:44:56", "tweet": "@codekoenig @EV_Resource Never had that as an issue, could be related to the neutering from EU regs? Maybe Tesla don't roll out new AI there because it takes too long for approval?", "likes_count": 0, "replies_count": 1, "retweets_count": 0, "hashtags": []}
{"id": 1190776778849181697, "date": "2019-11-02", "time": "19:44:42", "tweet": "Tesla Batteries Investigated for Possible Defects- NY Times  Teslas bursting into flames. About those EVs/batteries that rely on electricity generated by fossil energy/nuclear power, and rare-earth elements, emit CO2 during manufacture. Environmental?   https://t.co/1TbHkHjPgO", "likes_count": 5, "replies_count": 0, "retweets_count": 3, "hashtags": []}
{"id": 1190776654475382784, "date": "2019-11-02", "time": "19:44:12", "tweet": "Tesla Company website is a fraud. Had a look at it and it appears the people behind these fraud websites has covered all their bases. Code fellow operations in Seattle, part of the problem?", "likes_count": 0, "replies_count": 0, "retweets_count": 0, "hashtags": []}
{"id": 1190776625773891584, "date": "2019-11-02", "time": "19:44:05", "tweet": "@TilmanWinkler @mortchad @Tesla @atj721 Wishful thinking! But hey ho lets see what they do..", "likes_count": 1, "replies_count": 0, "retweets_count": 0, "hashtags": []}
{"id": 1190776609768431616, "date": "2019-11-02", "time": "19:44:01", "tweet": "A purring Tesla  https://t.co/g2NEewCIdY", "likes_count": 19, "replies_count": 0, "retweets_count": 1, "hashtags": []}
{"id": 1190776549303185408, "date": "2019-11-02", "time": "19:43:47", "tweet": "@SukeGar おはようございます。 どうでしたかTeslaでの長距離は？でもこれからが本番ですね(笑)レッツエンジョイ♫", "likes_count": 2, "replies_count": 1, "retweets_count": 0, "hashtags": []}
{"id": 1190776521700429824, "date": "2019-11-02", "time": "19:43:40", "tweet": "@Chris_Villain @Tesla HA!!! We’re in agreement. I drive Ashley crazy with it too 😂😂😂", "likes_count": 1, "replies_count": 0, "retweets_count": 0, "hashtags": []}
{"id": 1190776512473157633, "date": "2019-11-02", "time": "19:43:38", "tweet": "@ULTRASLUT @samelpan TESLA", "likes_count": 0, "replies_count": 0, "retweets_count": 0, "hashtags": []}
{"id": 1190776447998128129, "date": "2019-11-02", "time": "19:43:23", "tweet": "Working on cars is fucking stupid, and if you enjoy it I guess you're stupid too. I can't wait to have enough money to get a Tesla and just forget about all of my problems", "likes_count": 2, "replies_count": 1, "retweets_count": 0, "hashtags": []}
{"id": 1190776412287983617, "date": "2019-11-02", "time": "19:43:14", "tweet": "@lafundacionsol @Mauro_Gonzlez Q wea los dueños de facebook, amazon , uber , Microsoft, airbnb, tesla , viven en Chile? Pq de no ser así, tu estudio esta más sesgado q la cresta. Muestra los datos.", "likes_count": 0, "replies_count": 1, "retweets_count": 0, "hashtags": []}
{"id": 1190776335947325440, "date": "2019-11-02", "time": "19:42:56", "tweet": "I’m trying for @tesla to lend us a Model 3 for a weekend, so far they have said they only do that on weekdays", "likes_count": 10, "replies_count": 3, "retweets_count": 0, "hashtags": []}
{"id": 1190776293266083840, "date": "2019-11-02", "time": "19:42:46", "tweet": "Y’all flexin with the Tesla until the power go out again😂", "likes_count": 4, "replies_count": 0, "retweets_count": 0, "hashtags": []}
{"id": 1190776259711770624, "date": "2019-11-02", "time": "19:42:38", "tweet": "@TommyCarbon Buy a Tesla. Tesla’s are powered by:  64% of electricity generation was from fossil fuels (coal, natural gas, petroleum, and other gases) 19% was from nuclear energy, and about 17% was from renewable energy sources.  https://t.co/T0tls5s1V4", "likes_count": 3, "replies_count": 0, "retweets_count": 0, "hashtags": []}
{"id": 1190776222399242245, "date": "2019-11-02", "time": "19:42:29", "tweet": "@LoiraNoob Alugou qual modelo? Amo os carros da Tesla 😍", "likes_count": 0, "replies_count": 0, "retweets_count": 0, "hashtags": []}
{"id": 1190776159497334784, "date": "2019-11-02", "time": "19:42:14", "tweet": "Elon Musk’s Fortune Surges $2 Billion After Tesla Reports Surprise Profits  https://t.co/REdUbEgiPF", "likes_count": 25, "replies_count": 1, "retweets_count": 2, "hashtags": []}
{"id": 1190776138097922048, "date": "2019-11-02", "time": "19:42:09", "tweet": "DS X E-Tense, Rep AOC &amp; Tesla Solar Roof | Fully Charged News  https://t.co/bnezdJtKjF via @YouTube", "likes_count": 0, "replies_count": 0, "retweets_count": 0, "hashtags": []}
{"id": 1190776114572075009, "date": "2019-11-02", "time": "19:42:03", "tweet": "I got to ride in a Tesla today so that was fun", "likes_count": 5, "replies_count": 0, "retweets_count": 0, "hashtags": []}
{"id": 1190776074155593728, "date": "2019-11-02", "time": "19:41:54", "tweet": "When some rando posts a really shitty or malicious reply, I like to play the game where I guess if they’re either really into bitcoin or obsessed with Elon Musk/Tesla. Then check the profile for which topic they’ve retweeted 30 times in the last hour to their 8 followers.", "likes_count": 0, "replies_count": 0, "retweets_count": 1, "hashtags": []}
{"id": 1190776000310890502, "date": "2019-11-02", "time": "19:41:36", "tweet": "@flagspotting2 @TESLAcharts @4xRevenue No it is not.  TSLA took that description down over a year ago.    Still, its impossible to look at it and interpret it as anything other than a promise of full vehicle autonomy and there were Tesla buyers who paid the listed amount anticipating getting it.", "likes_count": 2, "replies_count": 1, "retweets_count": 0, "hashtags": []}
{"id": 1190775977028120576, "date": "2019-11-02", "time": "19:41:31", "tweet": "@trips_tesla True that", "likes_count": 1, "replies_count": 0, "retweets_count": 0, "hashtags": []}
{"id": 1190775927611023361, "date": "2019-11-02", "time": "19:41:19", "tweet": "@elonmusk Would Tesla ever donate a vehicle to help a family that travels 2 1/2 hours each way to a hospital for their 4yr old sons chemotherapy? Lincoln was diagnosed with brain cancer. The cost of gas and all the travel it's making things difficult financially.  https://t.co/5QMXuwQmbB", "likes_count": 0, "replies_count": 0, "retweets_count": 0, "hashtags": []}
{"id": 1190775913883086849, "date": "2019-11-02", "time": "19:41:16", "tweet": "@nickyboy71 @mortchad @Tesla @atj721 I’m only trying to convince you guys to stay in the #EU! 😉", "likes_count": 2, "replies_count": 1, "retweets_count": 0, "hashtags": ["eu"]}
{"id": 1190775910267576320, "date": "2019-11-02", "time": "19:41:15", "tweet": "@Nik0la__Tesla Lol you and these snow bunnies", "likes_count": 0, "replies_count": 1, "retweets_count": 0, "hashtags": []}
{"id": 1190775809562284033, "date": "2019-11-02", "time": "19:40:51", "tweet": "@autonomyEV @techAU @elonmusk @Tesla It's all the old fsd chips collected after the swap out to hw3 built into a giant super computer", "likes_count": 1, "replies_count": 1, "retweets_count": 0, "hashtags": []}
{"id": 1190775759599628288, "date": "2019-11-02", "time": "19:40:39", "tweet": "Yoga in LA: where your teacher uses traffic as a spiritual metaphor but really it’s just an excuse for her to humblebrag about her Tesla.", "likes_count": 3, "replies_count": 0, "retweets_count": 0, "hashtags": []}
{"id": 1190775429738778624, "date": "2019-11-02", "time": "19:39:20", "tweet": "@ChrisMartini19 ...for $1000-$2000. By emergency, I mean they will contract out to a random person someone in the area.   The reason you have to take these steps is because if you do not go through Tesla your warranty will be void.", "likes_count": 0, "replies_count": 1, "retweets_count": 0, "hashtags": []}
{"id": 1190775407152443392, "date": "2019-11-02", "time": "19:39:15", "tweet": "Hey, @elonmusk! You should go on the @answerswithjoe show! Like, I’ve seen you on all kinds of awesome stuff...except his. Joe is awesome, super informative, and a really great guy. He also bought your car and is the reason I want a #Tesla now. Seriously.  https://t.co/TqmH35piSz", "likes_count": 0, "replies_count": 0, "retweets_count": 0, "hashtags": ["tesla"]}
{"id": 1190775379818090496, "date": "2019-11-02", "time": "19:39:08", "tweet": "😺✏ — Viajar + Comprar um tesla  https://t.co/rFbSPq434c", "likes_count": 0, "replies_count": 0, "retweets_count": 0, "hashtags": []}
{"id": 1190775360067194880, "date": "2019-11-02", "time": "19:39:04", "tweet": "Warning fellow Rockaway #Tesla owners, there's a truck trying to intimidate around AMC Rockaway, New Jersey !", "likes_count": 0, "replies_count": 0, "retweets_count": 0, "hashtags": ["tesla"]}
{"id": 1190775189392498689, "date": "2019-11-02", "time": "19:38:23", "tweet": "@ChrisMartini19 You’re best bet is to find someone certified with Tesla that has the proper tools (every solar panel company uses different kits). You are going to pay a few thousand dollars for remove and reinstall though.   If you pressure Tesla enough, they will send a “emergency” crew out..", "likes_count": 0, "replies_count": 1, "retweets_count": 0, "hashtags": []}
{"id": 1190775155976527872, "date": "2019-11-02", "time": "19:38:15", "tweet": "@_muskian Ouuuu esse é o momento que vc mostra os lindos elogios pra ela, vai que ela trás alguma coisa pra mim, tipo um tesla sabe... Ksksksk", "likes_count": 0, "replies_count": 1, "retweets_count": 0, "hashtags": []}
{"id": 1190775151543160833, "date": "2019-11-02", "time": "19:38:14", "tweet": "@TilmanWinkler @mortchad @Tesla @atj721 Hay, I asked first! 😉", "likes_count": 1, "replies_count": 1, "retweets_count": 0, "hashtags": []}
{"id": 1190775085549809666, "date": "2019-11-02", "time": "19:37:58", "tweet": "Thanks @elonmusk and @Tesla for giving my children endless joy 😂 💨  https://t.co/uIutgJnNKi", "likes_count": 8, "replies_count": 0, "retweets_count": 0, "hashtags": []}
{"id": 1190775002439831554, "date": "2019-11-02", "time": "19:37:38", "tweet": "@Insertnameplea @elonmusk @Tesla Wow! Are you a lawyer, Piggy? Nice work!", "likes_count": 1, "replies_count": 0, "retweets_count": 0, "hashtags": []}
{"id": 1190774882281435136, "date": "2019-11-02", "time": "19:37:10", "tweet": "@nickyboy71 @mortchad @Tesla @atj721 Do the EU first 😂", "likes_count": 1, "replies_count": 1, "retweets_count": 0, "hashtags": []}
{"id": 1190774838522261504, "date": "2019-11-02", "time": "19:36:59", "tweet": "Yeni tesla model-hizmet", "likes_count": 0, "replies_count": 0, "retweets_count": 0, "hashtags": []}
{"id": 1190774768649351172, "date": "2019-11-02", "time": "19:36:43", "tweet": "@LuckyPenny73 @Jbriggsy_14 @Justin_Hicks04 Apparently I never realized that it’ll drive itself like a Tesla", "likes_count": 0, "replies_count": 0, "retweets_count": 0, "hashtags": []}
{"id": 1190774695198486529, "date": "2019-11-02", "time": "19:36:25", "tweet": "#Google #Tesla #solar", "likes_count": 1, "replies_count": 0, "retweets_count": 0, "hashtags": ["google", "tesla", "solar"]}
{"id": 1190774512863846400, "date": "2019-11-02", "time": "19:35:42", "tweet": "@_muskian Fiiiii xuliana é uma guerreira trabalhadora que tem que te aturar, pq enquanto ela trabalha pra te sustentar vc enche o saco dela perguntando se ela já comprou um tesla pra vc sksksk", "likes_count": 1, "replies_count": 1, "retweets_count": 0, "hashtags": []}
{"id": 1190774373692497920, "date": "2019-11-02", "time": "19:35:08", "tweet": "@AfMusk @28delayslater Ford should just ask Tesla for a hand. They probably wouldn’t say no.", "likes_count": 3, "replies_count": 0, "retweets_count": 0, "hashtags": []}
{"id": 1190774274807783424, "date": "2019-11-02", "time": "19:34:45", "tweet": "I can't be the only one that's noticed that the Tesla logo looks like an IUD right?", "likes_count": 4, "replies_count": 0, "retweets_count": 0, "hashtags": []}
{"id": 1190774146936004608, "date": "2019-11-02", "time": "19:34:14", "tweet": "$tsla why is everything involved with Tesla seem to be a lie?  https://t.co/XRUGvX3mHx", "likes_count": 55, "replies_count": 13, "retweets_count": 7, "hashtags": []}
{"id": 1190774105621983232, "date": "2019-11-02", "time": "19:34:04", "tweet": "Tesla Model Y Prototype Spotted, NHTSA Looking Into Tesla Battery Fires As Trolls Swarm  https://t.co/QmyvV6DxQB  https://t.co/d5eUgIEpz6", "likes_count": 0, "replies_count": 0, "retweets_count": 1, "hashtags": []}
{"id": 1190774052283129858, "date": "2019-11-02", "time": "19:33:52", "tweet": "@Teslatunity @Tesla Same...  https://t.co/FX0vkpWM5n", "likes_count": 3, "replies_count": 1, "retweets_count": 0, "hashtags": []}
{"id": 1190774038286798854, "date": "2019-11-02", "time": "19:33:48", "tweet": "@Gazzerg23 @jpr007 Care to think about why they are still there. 🤔 There where newcomers coming leaving the market 😉 Despite of Tesla, of which are you talking.", "likes_count": 1, "replies_count": 1, "retweets_count": 0, "hashtags": []}
{"id": 1190773979516002304, "date": "2019-11-02", "time": "19:33:34", "tweet": "The Excitement On Tesla Stock Is Gone? $TSLA  https://t.co/8pVerRddNV", "likes_count": 0, "replies_count": 0, "retweets_count": 0, "hashtags": []}
{"id": 1190773866995560448, "date": "2019-11-02", "time": "19:33:08", "tweet": "@Alandbru @Tesla @mayemusk @elonmusk @TOC_Fremont Fácil, sencillo y barato. Aunque siempre hay que tener en cuenta que hay que tener una buena tierra (algo muy necesario no solo para cargar un VE) y controlar lo que conectamos a la línea donde está el coche para que no salte el automático", "likes_count": 2, "replies_count": 1, "retweets_count": 0, "hashtags": []}
