{"id": 1109605676714729473, "date": "2019-03-23", "time": "19:59:43", "tweet": "@Tesla Your welcome, now can we get better service and reliability so they can make it another billion? Constantly being told “we don’t see it”, “it’s normal”, or “that’s within spec” is getting old at this point. Things like dead zones in the defrost are not normal, neither is buzzing.", "likes_count": 0, "replies_count": 0, "retweets_count": 0, "hashtags": []}
{"id": 1109605626953564165, "date": "2019-03-23", "time": "19:59:31", "tweet": "Tesla’s definitely hit pretty good lol", "likes_count": 0, "replies_count": 2, "retweets_count": 0, "hashtags": []}
{"id": 1109605551342784513, "date": "2019-03-23", "time": "19:59:13", "tweet": "@TailoredTycoon Lol them Tesla’s was wild.", "likes_count": 0, "replies_count": 0, "retweets_count": 0, "hashtags": []}
{"id": 1109605517259874304, "date": "2019-03-23", "time": "19:59:05", "tweet": ".@ImAlexCR has won 20 wins challenge on 24/03/2019 06:49:31 SGT [X-Bow,Musketeer,Elixir Collector,Tesla,Barbarians,Giant Snowball,Ice Golem,Barbarian Barrel]  Deck:  https://t.co/B7D4bD8wX6  WinRate:  https://t.co/QAGIlDe7n8  GC Logs:  https://t.co/ghMbhRHRBH  https://t.co/7YTgr8nWOy", "likes_count": 1, "replies_count": 0, "retweets_count": 0, "hashtags": []}
{"id": 1109605516265676801, "date": "2019-03-23", "time": "19:59:05", "tweet": "@Tesla Changed my reservation from Model 3 to #ModelY  Perfect for a family of 6", "likes_count": 0, "replies_count": 0, "retweets_count": 0, "hashtags": ["modely"]}
{"id": 1109605397097340928, "date": "2019-03-23", "time": "19:58:36", "tweet": "@Tesla 1000 of those mile could be yours FREE with my referral link 😏  https://t.co/6Sq1XDxZdJ", "likes_count": 3, "replies_count": 0, "retweets_count": 0, "hashtags": []}
{"id": 1109605358945878018, "date": "2019-03-23", "time": "19:58:27", "tweet": "Nhà sản xuất xe điện Tesla của Mỹ cáo buộc cựu kỹ sư Cao Guangzhi (Tào Quang Trực) liên quan đến đánh cắp hơn 300 nghìn tài liệu và sao chép mã nguồn liên quan đến hệ...  https://t.co/P25ROC4Oa0", "likes_count": 0, "replies_count": 0, "retweets_count": 0, "hashtags": []}
{"id": 1109605334115475456, "date": "2019-03-23", "time": "19:58:21", "tweet": "@EforElectric @InsideEVs @tommolog Pricing in #Australia puts it in #tesla #model3 competition.   Well, against the 3, there is no competition.", "likes_count": 2, "replies_count": 0, "retweets_count": 2, "hashtags": ["australia", "tesla", "model3"]}
{"id": 1109605302159048704, "date": "2019-03-23", "time": "19:58:14", "tweet": "@urdeep @teslectrics @Tesla I stopped reading electrek a few months back after seeing the vitreol, then went back. About a week back saw it again, out of my faves list now. There's a difference between being unbiased and being an entitled dick Fred.", "likes_count": 1, "replies_count": 0, "retweets_count": 0, "hashtags": []}
{"id": 1109605293812576256, "date": "2019-03-23", "time": "19:58:12", "tweet": "@Sustainable2050 What Volkswagen is doing now, pivoting the company, is exactly what Tesla set out to achieve: changing the automobile industry into an EV business. We should all applaud them for finally getting it.", "likes_count": 1, "replies_count": 0, "retweets_count": 0, "hashtags": []}
{"id": 1109605211297980416, "date": "2019-03-23", "time": "19:57:52", "tweet": "@eddiemac3356 @S_Padival @MikeFos88218598 @elonmusk @BarkMSmeagol @PJHORNAK @TradrFloridaFIL @Tesla Ed, @nealboudette is looking for you to test something out with the Model 3", "likes_count": 3, "replies_count": 0, "retweets_count": 0, "hashtags": []}
{"id": 1109605194998919168, "date": "2019-03-23", "time": "19:57:48", "tweet": "@yorun3ko @nissanfrance Oui ça sera normal de tel prix, car actuellement je prend le cas de tesla à part les riches ils ont que eux comme client. Le but d’une entreprise est d’élargir sa cliente.", "likes_count": 0, "replies_count": 1, "retweets_count": 0, "hashtags": []}
{"id": 1109605069874450435, "date": "2019-03-23", "time": "19:57:18", "tweet": "@LeilaniMunter @Tesla Truly impressed  by this commentator’s ignorance.", "likes_count": 1, "replies_count": 0, "retweets_count": 0, "hashtags": []}
{"id": 1109605064707063809, "date": "2019-03-23", "time": "19:57:17", "tweet": "But one still low-key wants the Tesla", "likes_count": 0, "replies_count": 0, "retweets_count": 0, "hashtags": []}
{"id": 1109604955017613318, "date": "2019-03-23", "time": "19:56:51", "tweet": "Just a reminder, you don’t have to be in your car to plan your trip. @tesla  https://t.co/eCsD7yRbZA", "likes_count": 0, "replies_count": 0, "retweets_count": 0, "hashtags": []}
{"id": 1109604910058885120, "date": "2019-03-23", "time": "19:56:40", "tweet": "is now playing 🔊: Oliver Lieb - Tesla (Original Mix)", "likes_count": 0, "replies_count": 0, "retweets_count": 0, "hashtags": []}
{"id": 1109604851036631040, "date": "2019-03-23", "time": "19:56:26", "tweet": "@anonyx10 @nealboudette @kulpability @AlterViggo @Muskie721 @gwestr @AngelNDevil2 @Thereal_ktex @quirkyllama @28delayslater @mysticl @kimpaquette @ValueDissenter @LordAstinus @blairdods @Marshmall0wpeep @InsideEVs @bonnienorman @mayemusk @NuovaRealta @ValueAnalyst1 @CGasparino @danahull @ellec_uk @FredericLambert @GerberKawasaki @tsrandall @temp_worker @Tesla_Twit_PD Prophetic!", "likes_count": 3, "replies_count": 1, "retweets_count": 0, "hashtags": []}
{"id": 1109604832556400641, "date": "2019-03-23", "time": "19:56:22", "tweet": "@StatsTeslaApp @tesla_raj @TeslaMilton @peekaystudio @themodel3guy @TesLatino @TheTeslaLife @Teslatunity I just pulled my USB stick (64GB) out to check Sentry Mode footage. When I did the 4-day test and then turning it on every now and then in the last week, I’ve only had about 6GB space left on that drive. So it does store that much.", "likes_count": 2, "replies_count": 1, "retweets_count": 0, "hashtags": []}
{"id": 1109604752227065856, "date": "2019-03-23", "time": "19:56:03", "tweet": "@MrTommyCampbell @Tesla @elonmusk Road with my daughter today in her Tesla.  She had the \"Fart on blinker/Fart on Demand\" feature on. I've never laughed more in my life!  Elon Musk is a genius 😂💩😂💩😂💩", "likes_count": 4, "replies_count": 1, "retweets_count": 0, "hashtags": []}
{"id": 1109604729187794944, "date": "2019-03-23", "time": "19:55:57", "tweet": "@tesla_unplugged @WadeAndersonPT @MFrunker @28delayslater 😂", "likes_count": 6, "replies_count": 1, "retweets_count": 0, "hashtags": []}
{"id": 1109604681540608005, "date": "2019-03-23", "time": "19:55:46", "tweet": "Seeing some beautiful new @Tesla Model 3's on the road to LA. Your doing a great job @elonmusk keep them coming! 💪 #hardwork #hittingmilestones  https://t.co/3sdmvDp3mz", "likes_count": 548, "replies_count": 3, "retweets_count": 25, "hashtags": ["hardwork", "hittingmilestones"]}
{"id": 1109604630747467776, "date": "2019-03-23", "time": "19:55:34", "tweet": "Новое изображение пикапа Tesla озадачило дизайнеров  https://t.co/a23Qn2bj0e", "likes_count": 0, "replies_count": 0, "retweets_count": 0, "hashtags": []}
{"id": 1109604549520695296, "date": "2019-03-23", "time": "19:55:14", "tweet": "Take that #RedShores! Although it’s not quite enough to buy a Tesla. #winning #horseracing  https://t.co/b3y37O7SK7", "likes_count": 1, "replies_count": 0, "retweets_count": 0, "hashtags": ["redshores", "winning", "horseracing"]}
{"id": 1109604459435315205, "date": "2019-03-23", "time": "19:54:53", "tweet": "@mrcarmack Tesla 8000%", "likes_count": 3, "replies_count": 0, "retweets_count": 0, "hashtags": []}
{"id": 1109604412274679814, "date": "2019-03-23", "time": "19:54:41", "tweet": "2019 Tesla Model 3 review – Exclusive European road test | What Car?  https://t.co/V7jzIE2pWv", "likes_count": 0, "replies_count": 0, "retweets_count": 0, "hashtags": []}
{"id": 1109604384600670213, "date": "2019-03-23", "time": "19:54:35", "tweet": "@teslaownersSV Some people still can’t afford a Tesla js, yes they are more affordable but I still can’t afford one so don’t judge a book by its cover I’m sure they want to own a Tesla if they have that sticker.", "likes_count": 0, "replies_count": 0, "retweets_count": 0, "hashtags": []}
{"id": 1109604353961275392, "date": "2019-03-23", "time": "19:54:28", "tweet": "@StephenHarrisNC @eeotob @rick_scinta @i1Tesla @Teslatunity I use my trunk for my work bag every day. I'm too lazy to make you a video, it's fine with me if you don't believe me. Tesla iterates as they go. Luckily I don't have earliest builds it seems", "likes_count": 2, "replies_count": 2, "retweets_count": 0, "hashtags": []}
{"id": 1109604335250493440, "date": "2019-03-23", "time": "19:54:23", "tweet": "Hackers crack Tesla Model 3 in competition, Tesla gives them the car - Electrek  https://t.co/3csCFVF01x", "likes_count": 1, "replies_count": 0, "retweets_count": 0, "hashtags": []}
{"id": 1109604280346935297, "date": "2019-03-23", "time": "19:54:10", "tweet": "@elonmusk I refuse to update my vehicle to a Tesla until you accept bitcoin  https://t.co/qwTHanX5KE", "likes_count": 1, "replies_count": 0, "retweets_count": 0, "hashtags": []}
{"id": 1109604217751261184, "date": "2019-03-23", "time": "19:53:55", "tweet": "@nealboudette @AlterViggo @Muskie721 @gwestr @AngelNDevil2 @Thereal_ktex @quirkyllama @28delayslater @mysticl @kimpaquette @ValueDissenter @LordAstinus @blairdods @Marshmall0wpeep @anonyx10 @InsideEVs @bonnienorman @mayemusk @NuovaRealta @ValueAnalyst1 @CGasparino @danahull @ellec_uk @FredericLambert @GerberKawasaki @tsrandall @temp_worker @Tesla_Twit_PD Wait for the Model Y. That’s the 2 cello problem solved.", "likes_count": 1, "replies_count": 1, "retweets_count": 0, "hashtags": []}
{"id": 1109604169340448771, "date": "2019-03-23", "time": "19:53:44", "tweet": "I want to drive Tesla! I dream)))) Tesla come to Ukraine!!!!!! Please!!! Wanted//////////", "likes_count": 0, "replies_count": 0, "retweets_count": 0, "hashtags": []}
{"id": 1109604154677387266, "date": "2019-03-23", "time": "19:53:40", "tweet": "Polizei-Tesla geht auf A1 plötzlich der Saft aus  https://t.co/K5FbDt3Ay4", "likes_count": 0, "replies_count": 0, "retweets_count": 0, "hashtags": []}
{"id": 1109604143960870913, "date": "2019-03-23", "time": "19:53:38", "tweet": "Now this is the kind of challenge that a company should have. The open mindedness shows that @Tesla and @elonmusk are working towards a better future!", "likes_count": 2, "replies_count": 1, "retweets_count": 0, "hashtags": []}
{"id": 1109604031075401729, "date": "2019-03-23", "time": "19:53:11", "tweet": "@imskytrash at least it matches up bc how can i marry a tesla pickup  https://t.co/bfDCldVuHa", "likes_count": 0, "replies_count": 0, "retweets_count": 0, "hashtags": []}
{"id": 1109603976624795648, "date": "2019-03-23", "time": "19:52:58", "tweet": "@BR3NDA @sophieodoom There will be a stream of second-hand EV’s coming through as a result of Local body car fleets going EV in the near future - think Nissan Leaf, rather than Prius or Tesla!  It’s a waiting game, eh. I’m a bus user until they come.  https://t.co/1yCS6oGqQm", "likes_count": 0, "replies_count": 0, "retweets_count": 0, "hashtags": []}
{"id": 1109603892050878464, "date": "2019-03-23", "time": "19:52:37", "tweet": "troyes not at the fucking kca can jacob run me over with his tesla and i don’t even mean this in a thirsty way like can jacob LITERALLY hit me with a tesla", "likes_count": 2, "replies_count": 0, "retweets_count": 0, "hashtags": []}
{"id": 1109603872371163136, "date": "2019-03-23", "time": "19:52:33", "tweet": "@Embursidy Thanks for letting me use your Tesla back at your third home in Los Angeles", "likes_count": 1, "replies_count": 1, "retweets_count": 0, "hashtags": []}
{"id": 1109603814896795649, "date": "2019-03-23", "time": "19:52:19", "tweet": "Yeah, I guess Tesla is pretty amazing, but electric cars have been around for almost a century.  #travel #remotework  https://t.co/vvX3aDZ4z1", "likes_count": 1, "replies_count": 0, "retweets_count": 0, "hashtags": ["travel", "remotework"]}
{"id": 1109603721648967687, "date": "2019-03-23", "time": "19:51:57", "tweet": "@peeyush @elonmusk @Tesla CodeAlarm or Viper isn't compatible with Tesla?    My last vehicle without a factory alarm, I immediately took it down to the shop and popped for a $600 alarm.", "likes_count": 0, "replies_count": 0, "retweets_count": 0, "hashtags": []}
{"id": 1109603698697797633, "date": "2019-03-23", "time": "19:51:51", "tweet": "@TheDerekRoseman Drive @tesla it is the ride of your life! 😎", "likes_count": 0, "replies_count": 0, "retweets_count": 0, "hashtags": []}
{"id": 1109603639562137600, "date": "2019-03-23", "time": "19:51:37", "tweet": "@nealboudette @tesla_truth @kulpability @AlterViggo @Muskie721 @gwestr @AngelNDevil2 @Thereal_ktex @quirkyllama @28delayslater @mysticl @kimpaquette @ValueDissenter @LordAstinus @blairdods @Marshmall0wpeep @anonyx10 @InsideEVs @bonnienorman @mayemusk @NuovaRealta @ValueAnalyst1 @CGasparino @danahull @ellec_uk @FredericLambert @GerberKawasaki @tsrandall @temp_worker @Tesla_Twit_PD Which oil lobby pays you again?", "likes_count": 1, "replies_count": 0, "retweets_count": 0, "hashtags": []}
{"id": 1109603628220850176, "date": "2019-03-23", "time": "19:51:35", "tweet": "@Tesla Solar roof site is full of lies and Tesla admits it is wrong when they call me. It still isn't fixed year+ later. Don't show financing when that doesn't exist. Fix the size estimator! @elonmusk all I want is to help the environment but you have killed my solar roof dream.", "likes_count": 0, "replies_count": 4, "retweets_count": 0, "hashtags": []}
{"id": 1109603612223787011, "date": "2019-03-23", "time": "19:51:31", "tweet": "@S_Padival @SteveHamel16 @eddiemac3356 @elonmusk @BarkMSmeagol @PJHORNAK @TradrFloridaFIL @Tesla OMGGG", "likes_count": 1, "replies_count": 0, "retweets_count": 0, "hashtags": []}
{"id": 1109603611066003457, "date": "2019-03-23", "time": "19:51:30", "tweet": "@elonmusk would tesla autopilot swerve to avoid a squirrel?", "likes_count": 0, "replies_count": 0, "retweets_count": 0, "hashtags": []}
{"id": 1109603544347410433, "date": "2019-03-23", "time": "19:51:15", "tweet": "O kadar cahilsiniz ki; dininiz var diye ahlaka ihtiyacınız kalmadığını sanıyorsunuz diyor Tesla, yandan yandan böyle umursamaz bi tebessümle..", "likes_count": 2, "replies_count": 0, "retweets_count": 1, "hashtags": []}
{"id": 1109603540748652544, "date": "2019-03-23", "time": "19:51:14", "tweet": ".@Cristian_CR_MC has won 20 wins challenge on 24/03/2019 07:43:37 SGT [Tesla,Ice Golem,X-Bow,Barbarians,Giant Snowball,Elixir Collector,Musketeer,Barbarian Barrel]  Deck:  https://t.co/VaZjRYbhp1  WinRate:  https://t.co/kxISHhszqr  GC Logs:  https://t.co/M4y8jJOb7h  https://t.co/JB67suvKyN", "likes_count": 3, "replies_count": 1, "retweets_count": 0, "hashtags": []}
{"id": 1109603517537357825, "date": "2019-03-23", "time": "19:51:08", "tweet": "@nealboudette @kulpability @AlterViggo @Muskie721 @gwestr @AngelNDevil2 @Thereal_ktex @quirkyllama @28delayslater @mysticl @kimpaquette @ValueDissenter @LordAstinus @blairdods @Marshmall0wpeep @InsideEVs @bonnienorman @mayemusk @NuovaRealta @ValueAnalyst1 @CGasparino @danahull @ellec_uk @FredericLambert @GerberKawasaki @tsrandall @temp_worker @Tesla_Twit_PD 👆 this tweet aged well. I guess Tesla’s promises as of Q3’18 were pretty spot on.", "likes_count": 9, "replies_count": 1, "retweets_count": 0, "hashtags": []}
{"id": 1109603496309985280, "date": "2019-03-23", "time": "19:51:03", "tweet": "A mere 13k miles belong to me !!! Thank you for making the best evolving car I have ever bought ... now get the Model Y to market quickly please @Tesla", "likes_count": 7, "replies_count": 0, "retweets_count": 2, "hashtags": []}
{"id": 1109603463128907777, "date": "2019-03-23", "time": "19:50:55", "tweet": "@trevlan006 @ccteslaclub @Sofiaan @elonmusk @Tesla Your probably right. I don’t know.  I’m too lazy to research it right now.  In any case, Tesla has me confused about a lot of things these days.", "likes_count": 2, "replies_count": 0, "retweets_count": 0, "hashtags": []}
{"id": 1109603447291023360, "date": "2019-03-23", "time": "19:50:51", "tweet": "Tesla狀告前華裔員工盜竊機密 中國科技進步係偷番嚟嘅  https://t.co/5uYBDPeLZV 來自 @YouTube", "likes_count": 0, "replies_count": 0, "retweets_count": 0, "hashtags": []}
{"id": 1109603337899524096, "date": "2019-03-23", "time": "19:50:25", "tweet": "Fuck faraday fuck ohm fuck Tesla fuck Newton fuck ampere and fuck you all", "likes_count": 0, "replies_count": 1, "retweets_count": 0, "hashtags": []}
{"id": 1109603337152925696, "date": "2019-03-23", "time": "19:50:25", "tweet": "I’m gonna have a Tesla before this year is over", "likes_count": 3, "replies_count": 0, "retweets_count": 0, "hashtags": []}
{"id": 1109603273198186496, "date": "2019-03-23", "time": "19:50:10", "tweet": "I can't wait to see the result performance improvement!! #Tesla", "likes_count": 1, "replies_count": 0, "retweets_count": 1, "hashtags": ["tesla"]}
{"id": 1109603196849160192, "date": "2019-03-23", "time": "19:49:52", "tweet": "@SnoozeThroughF1 @nealboudette Tesla calling the dispatcher  https://t.co/VqzfyspKN8", "likes_count": 0, "replies_count": 0, "retweets_count": 0, "hashtags": []}
{"id": 1109603156772691970, "date": "2019-03-23", "time": "19:49:42", "tweet": "@LeilaniMunter @Tesla No it comes in AWD  There's a difference", "likes_count": 1, "replies_count": 0, "retweets_count": 0, "hashtags": []}
{"id": 1109603093321302016, "date": "2019-03-23", "time": "19:49:27", "tweet": "@tesla_truth @ICannot_Enough It's going to be so weird actually seeing Model 3 on UK roads over the next year or so. Here it's like this mythical thing that we only see via the magic of the Interweb!", "likes_count": 8, "replies_count": 0, "retweets_count": 1, "hashtags": []}
{"id": 1109602992062255104, "date": "2019-03-23", "time": "19:49:03", "tweet": "@tesla_unplugged @WadeAndersonPT @MFrunker @28delayslater 2 points for a Seinfeld reference, inspiration for @teslavus !!!  https://t.co/ljHDcX1KkD", "likes_count": 4, "replies_count": 1, "retweets_count": 0, "hashtags": []}
{"id": 1109602903084269568, "date": "2019-03-23", "time": "19:48:42", "tweet": "Elon Musk y Tesla - La lucha por el futuro del automóvil eléctrico | DW ...  https://t.co/aeidRItHAE vía @YouTube", "likes_count": 0, "replies_count": 0, "retweets_count": 0, "hashtags": []}
{"id": 1109602846742376451, "date": "2019-03-23", "time": "19:48:28", "tweet": "I’m going to get a Tesla this year", "likes_count": 7, "replies_count": 1, "retweets_count": 0, "hashtags": []}
{"id": 1109602764965978113, "date": "2019-03-23", "time": "19:48:09", "tweet": "Hoje um tuga ensinou-me a mexer num Tesla e a meter o carro a carregar.  Amigo, com o meu ordenado dá para comprar um pedaço do vidro do seu Tesla.  Mas foi fixe.", "likes_count": 6, "replies_count": 1, "retweets_count": 2, "hashtags": []}
{"id": 1109602757659508737, "date": "2019-03-23", "time": "19:48:07", "tweet": "@MrBeastYT Wanna spend that time to buy a Tesla?", "likes_count": 82, "replies_count": 1, "retweets_count": 0, "hashtags": []}
{"id": 1109602729301864448, "date": "2019-03-23", "time": "19:48:00", "tweet": "Pwn2Own 2019 Day 3: Experts hacked Tesla 3 browser  https://t.co/iJTAK3ZyuY", "likes_count": 0, "replies_count": 0, "retweets_count": 0, "hashtags": []}
{"id": 1109602709185806336, "date": "2019-03-23", "time": "19:47:55", "tweet": "@outbacktesla @_TeslaTom @elonmusk @Tesla Thanks mate. I’m glad you liked it. We should do more such reaction videos. Further the Aussie cause.", "likes_count": 2, "replies_count": 1, "retweets_count": 0, "hashtags": []}
{"id": 1109602699027402752, "date": "2019-03-23", "time": "19:47:53", "tweet": "[23/3 20:46]: Nem sei quem é tesla 😂 [23/3 20:46] Vittu 💸: PORRA [23/3 20:46] Vittu 💸: a nao mane [23/3 20:47] Vittu 💸: como assim???????? [23/3 20:47] Vittu 💸: Ta achando q tu tem energia por causa de qm minha filha", "likes_count": 0, "replies_count": 0, "retweets_count": 0, "hashtags": []}
{"id": 1109602690525523968, "date": "2019-03-23", "time": "19:47:51", "tweet": "Great to see James tonight and rock out to some Tesla in support of his Rock 4 James cause.  Catch him in studio 4/4 for Everything Local.  https://t.co/BZtfl8RecO", "likes_count": 2, "replies_count": 0, "retweets_count": 0, "hashtags": []}
{"id": 1109602652286083074, "date": "2019-03-23", "time": "19:47:42", "tweet": "@StatsTeslaApp @tesla_raj @TeslaMilton @peekaystudio @themodel3guy @TesLatino @TheTeslaLife @Teslatunity Only limited on Windows. OS X can format properly and utilize all space available (above 32 GB).", "likes_count": 1, "replies_count": 0, "retweets_count": 0, "hashtags": []}
{"id": 1109602634950828032, "date": "2019-03-23", "time": "19:47:38", "tweet": "@mrcarmack Tesla", "likes_count": 0, "replies_count": 0, "retweets_count": 0, "hashtags": []}
{"id": 1109602424321273856, "date": "2019-03-23", "time": "19:46:48", "tweet": "@anonyx10 @nealboudette @kulpability @AlterViggo @Muskie721 @gwestr @AngelNDevil2 @Thereal_ktex @quirkyllama @28delayslater @mysticl @kimpaquette @ValueDissenter @LordAstinus @blairdods @Marshmall0wpeep @InsideEVs @bonnienorman @mayemusk @NuovaRealta @ValueAnalyst1 @CGasparino @danahull @ellec_uk @FredericLambert @GerberKawasaki @tsrandall @temp_worker @Tesla_Twit_PD Nailed it!", "likes_count": 1, "replies_count": 0, "retweets_count": 0, "hashtags": []}
{"id": 1109602421947420674, "date": "2019-03-23", "time": "19:46:47", "tweet": "No sé si leí mal. Pero dice que los Tesla son productos artesanales? 🤔🤔  https://t.co/Yd9CRWTzd7", "likes_count": 0, "replies_count": 0, "retweets_count": 0, "hashtags": []}
{"id": 1109602415689519105, "date": "2019-03-23", "time": "19:46:45", "tweet": "@nealboudette @S_Padival So Tesla might have a hit on it’s hands then? 👌🏻", "likes_count": 2, "replies_count": 0, "retweets_count": 0, "hashtags": []}
{"id": 1109602394344701953, "date": "2019-03-23", "time": "19:46:40", "tweet": "@DavidChancellor @Stryper Def Leppard and Tesla. Seating in the round", "likes_count": 0, "replies_count": 1, "retweets_count": 0, "hashtags": []}
{"id": 1109602364770512896, "date": "2019-03-23", "time": "19:46:33", "tweet": "You better be a good driver if you’re driving a Tesla, idc. Don’t risk the vehicle just because you’re impatient.", "likes_count": 9, "replies_count": 0, "retweets_count": 0, "hashtags": []}
{"id": 1109602356751228928, "date": "2019-03-23", "time": "19:46:31", "tweet": "Hey guys just bought a new car on a whim haha what do you think? Brand new Tesla Model S @ Little Italy, Ohio  https://t.co/ukEtX6kRnY", "likes_count": 0, "replies_count": 0, "retweets_count": 0, "hashtags": []}
{"id": 1109602337788780544, "date": "2019-03-23", "time": "19:46:27", "tweet": "@MrBeastYT already bought the tesla?", "likes_count": 0, "replies_count": 0, "retweets_count": 0, "hashtags": []}
{"id": 1109602294235045888, "date": "2019-03-23", "time": "19:46:17", "tweet": "@dotmariusz @germericanish @SnazzyQ @EposVox I would not believe everything you read. Tesla is the only car company to pay hackers to find vulnerabilities.  I have never seen software quality in a car at any level close to Tesla. No other car company in a week rolls out OTA software update to improve braking w/out issue ...", "likes_count": 0, "replies_count": 2, "retweets_count": 0, "hashtags": []}
{"id": 1109602239960748032, "date": "2019-03-23", "time": "19:46:04", "tweet": "“97 year old rides in a Tesla”", "likes_count": 0, "replies_count": 0, "retweets_count": 0, "hashtags": []}
{"id": 1109602163511169024, "date": "2019-03-23", "time": "19:45:45", "tweet": "@MrTommyCampbell @Tesla @elonmusk Hahaha that’s awesome!!!!", "likes_count": 5, "replies_count": 0, "retweets_count": 0, "hashtags": []}
{"id": 1109602087539630081, "date": "2019-03-23", "time": "19:45:27", "tweet": "@juergenhillmann @vincent13031925 @Tesla That’s how clever Elon is. He knows how to make those unsold cars blend in 😃", "likes_count": 1, "replies_count": 0, "retweets_count": 0, "hashtags": []}
{"id": 1109602074319159298, "date": "2019-03-23", "time": "19:45:24", "tweet": "@sheknowshoney @TeslaBand @Tesla Hahahah", "likes_count": 1, "replies_count": 0, "retweets_count": 0, "hashtags": []}
{"id": 1109602031684251658, "date": "2019-03-23", "time": "19:45:14", "tweet": "@MarieL02016205 @Chas10Buttigieg @firstdogsSB Oh, Tesla, you sweet girl... Hello!", "likes_count": 3, "replies_count": 0, "retweets_count": 0, "hashtags": []}
{"id": 1109602008644882435, "date": "2019-03-23", "time": "19:45:08", "tweet": "@Tesla  Fuel cells have been around longer then batteries &amp; are more efficient, batteries using today and with new metals lighter too! Fuel cells 16-1800's made of rock &amp; metal in rock.NASA used in beginning of space exploration, keep up ships with solar! Why the curse now!", "likes_count": 0, "replies_count": 0, "retweets_count": 0, "hashtags": []}
{"id": 1109601897663606790, "date": "2019-03-23", "time": "19:44:42", "tweet": "Saving up for a @Tesla in hopes it comes with a small explanation video by @elonmusk  May or may not be the #crush talking tho", "likes_count": 0, "replies_count": 0, "retweets_count": 0, "hashtags": ["crush"]}
{"id": 1109601884594012161, "date": "2019-03-23", "time": "19:44:39", "tweet": "Hackers crack Tesla Model 3 in competition, Tesla gives them the car  https://t.co/IJ24KCmrzy", "likes_count": 0, "replies_count": 0, "retweets_count": 0, "hashtags": []}
{"id": 1109601877208035331, "date": "2019-03-23", "time": "19:44:37", "tweet": "@jocabr @Lonso0 @sillas_gdl @zona3noticias @LincolnMexico @Tesla Es lo bueno de tener asesoría... Ya no te hacen wey los vendedores. Me paso con un yaris hb autom 15... Me prometieron 12 en ciudad. Nunca pude tener mas de 10.5.... con este swift, me dijeron que si alcanzaba los 14 en mi ciudad ... Y pos si... ...", "likes_count": 2, "replies_count": 1, "retweets_count": 0, "hashtags": []}
{"id": 1109601858576896000, "date": "2019-03-23", "time": "19:44:33", "tweet": "My unfortunate Florida loss has brought me down to 42nd in the Tesla bracket challenge. It’s not over people!!!", "likes_count": 7, "replies_count": 2, "retweets_count": 0, "hashtags": []}
{"id": 1109601677982617600, "date": "2019-03-23", "time": "19:43:50", "tweet": "Nikola Tesla. @firsthandtattoo", "likes_count": 0, "replies_count": 0, "retweets_count": 0, "hashtags": []}
{"id": 1109601637868470277, "date": "2019-03-23", "time": "19:43:40", "tweet": "@SnazzyQ @elonmusk @Tesla", "likes_count": 1, "replies_count": 0, "retweets_count": 0, "hashtags": []}
{"id": 1109601619555934208, "date": "2019-03-23", "time": "19:43:36", "tweet": "Android Police: Tesla's in-car web browser is switching to Chromium.  https://t.co/2KJH5jCAEh", "likes_count": 0, "replies_count": 0, "retweets_count": 0, "hashtags": []}
{"id": 1109601547824988160, "date": "2019-03-23", "time": "19:43:19", "tweet": "You can use my referral code to get 1,000 miles of free Supercharging on a new Tesla:  https://t.co/3EJqQftPBz", "likes_count": 2, "replies_count": 0, "retweets_count": 0, "hashtags": []}
{"id": 1109601511863140357, "date": "2019-03-23", "time": "19:43:10", "tweet": "@KHancock4TX @StephenPace @bbelding @irishndude4 @Tesla Perhaps The most blatant and arrogant corruption of public service ever seen.", "likes_count": 3, "replies_count": 0, "retweets_count": 0, "hashtags": []}
{"id": 1109601422226669568, "date": "2019-03-23", "time": "19:42:49", "tweet": "@yorun3ko @nissanfrance Je suis d’accord mais c’est trop cher 😢 une tesla qui peux se l’offrir à part un gar qui gagne du 5K€ par mois. Et en EDF pour recharger les batteries, ça revient moins cher que l’essence ?", "likes_count": 0, "replies_count": 2, "retweets_count": 0, "hashtags": []}
{"id": 1109601399963348992, "date": "2019-03-23", "time": "19:42:43", "tweet": "Electrek: Hackers crack #TeslaModel3 in competition, Tesla gives them the car Electrek: Hackers crack Tesla Model 3 in competition, Tesla gives them the car.  https://t.co/k3qIX9OPkT", "likes_count": 0, "replies_count": 0, "retweets_count": 0, "hashtags": ["teslamodel3"]}
{"id": 1109601361807630337, "date": "2019-03-23", "time": "19:42:34", "tweet": "@RodneyJLaFlare @elonmusk  WHERE ARE THE TESLA METAL GEARS!?", "likes_count": 0, "replies_count": 0, "retweets_count": 0, "hashtags": []}
{"id": 1109601360083738624, "date": "2019-03-23", "time": "19:42:34", "tweet": "Tesla's in-car browser will be upgraded to Chromium  https://t.co/rcij1XhRhJ", "likes_count": 0, "replies_count": 0, "retweets_count": 0, "hashtags": []}
{"id": 1109601329348005889, "date": "2019-03-23", "time": "19:42:26", "tweet": "@KHancock4TX @StephenPace @bbelding @irishndude4 @Tesla What kind of representative of the people would do this? Only one paid off by Auto companies, dealers and oil lobby.", "likes_count": 0, "replies_count": 0, "retweets_count": 0, "hashtags": []}
{"id": 1109601239829020673, "date": "2019-03-23", "time": "19:42:05", "tweet": "Hackers crack Tesla Model 3 in competition, Tesla gives them the car - Electrek  https://t.co/t6g0cSD6DT", "likes_count": 0, "replies_count": 0, "retweets_count": 0, "hashtags": []}
{"id": 1109601217821450241, "date": "2019-03-23", "time": "19:42:00", "tweet": "An interesting way to get a Tesla", "likes_count": 1, "replies_count": 0, "retweets_count": 0, "hashtags": []}
{"id": 1109601180257157120, "date": "2019-03-23", "time": "19:41:51", "tweet": "so far ive seen a red tesla model 3 and a matte black model 3 in the same parking spot at the place i eat lunch at every day, i love washington!", "likes_count": 0, "replies_count": 0, "retweets_count": 0, "hashtags": []}
{"id": 1109601019078631431, "date": "2019-03-23", "time": "19:41:12", "tweet": "@sudzam @sudomateo @may_ber00t @elonmusk @Tesla @tesla_unplugged @Teslarati @slye Lol", "likes_count": 1, "replies_count": 0, "retweets_count": 0, "hashtags": []}
{"id": 1109600973624930305, "date": "2019-03-23", "time": "19:41:02", "tweet": "@seanmmitchell @DenverTeslaClub @AveryBrewingCo @Tesla Where can I find out about these ahead of time?  Thanks!", "likes_count": 1, "replies_count": 1, "retweets_count": 0, "hashtags": []}
