{"id": 1203464171247079425, "date": "2019-12-07", "time": "18:59:52", "tweet": "@Teslatunity @KakaroTTo1385 @Tesla @AudiOfficial Did you look at the fake grill up close? It’s very cheap plastic looking", "likes_count": 2, "replies_count": 0, "retweets_count": 0, "hashtags": []}
{"id": 1203464154163695628, "date": "2019-12-07", "time": "18:59:48", "tweet": "@DonStorey42 TBH we Tesla owners/fans are spoiled.  https://t.co/ILTHIHgjOM", "likes_count": 2, "replies_count": 0, "retweets_count": 0, "hashtags": []}
{"id": 1203464150053269504, "date": "2019-12-07", "time": "18:59:47", "tweet": "Tesla me plsss😍", "likes_count": 0, "replies_count": 0, "retweets_count": 0, "hashtags": []}
{"id": 1203464144395091968, "date": "2019-12-07", "time": "18:59:45", "tweet": "@OfficialJlipper @LegitGod @elonmusk In a Tesla we Bettah", "likes_count": 0, "replies_count": 0, "retweets_count": 0, "hashtags": []}
{"id": 1203464104708640774, "date": "2019-12-07", "time": "18:59:36", "tweet": "@geoffvdouden @TeslaArmy @Tesla Denk dat het zo je buurman kan zijn. Zal wel in de buurt wonen.", "likes_count": 1, "replies_count": 0, "retweets_count": 0, "hashtags": []}
{"id": 1203464092444282880, "date": "2019-12-07", "time": "18:59:33", "tweet": "@elonmusk @elonmusk   The amount of memes that came out of this was incredible. Great job to you and everyone at Tesla.", "likes_count": 0, "replies_count": 0, "retweets_count": 0, "hashtags": []}
{"id": 1203464067169439744, "date": "2019-12-07", "time": "18:59:27", "tweet": "@BarkMSmeagol @ABC20180324 @Tesla @danahull @lorakolodny @russ1mitchell Turns out this wasn’t an anti-Tesla attack. Guy vandalized something like 64 cars in the local area then later turned himself in to police according to reports.", "likes_count": 0, "replies_count": 0, "retweets_count": 0, "hashtags": []}
{"id": 1203464065890365440, "date": "2019-12-07", "time": "18:59:27", "tweet": "Aquí en Ecuador también tuvimos una fábrica imaginaria d Tesla, con empleos ficticios y millones d dólares d divisas inmateriales, hace muy poco", "likes_count": 4, "replies_count": 0, "retweets_count": 0, "hashtags": []}
{"id": 1203464055664660480, "date": "2019-12-07", "time": "18:59:24", "tweet": "@teslaownersSV @elonmusk @Real_John_D @Teslarati @tesla_raj We have them here already  quad bikes here not atv", "likes_count": 1, "replies_count": 0, "retweets_count": 0, "hashtags": []}
{"id": 1203464017836150791, "date": "2019-12-07", "time": "18:59:15", "tweet": "@elonmusk Will there ever be a Tesla motorcycle? Electric motorcycles are still expensive and without proper range.", "likes_count": 0, "replies_count": 0, "retweets_count": 0, "hashtags": []}
{"id": 1203464008163971073, "date": "2019-12-07", "time": "18:59:13", "tweet": "@D_Loe @WaltDisneyWorld @GatorsFB @Tesla Oh, hey D... did you watch the game? 😊", "likes_count": 0, "replies_count": 1, "retweets_count": 0, "hashtags": []}
{"id": 1203464003239858176, "date": "2019-12-07", "time": "18:59:12", "tweet": "@elonmusk Congrats on the outcome of your defamation suit. Glad it's over and that you won. Always believed in your intentions nevertheless. Take care and looking forward to good news from Tesla.", "likes_count": 0, "replies_count": 0, "retweets_count": 0, "hashtags": []}
{"id": 1203464001289510912, "date": "2019-12-07", "time": "18:59:11", "tweet": "@MinimalDuck @Tesla 🔥", "likes_count": 4, "replies_count": 0, "retweets_count": 0, "hashtags": []}
{"id": 1203463978392768512, "date": "2019-12-07", "time": "18:59:06", "tweet": "@elonmusk The Japanese-born cryptocurrency @Z502token  project respects Tesla's cyber track. I want you to create a cyber track in collaboration with the Z502 character Zchan.🙏🙏🙏🙏 @elonmusk  @Tesla  @teslamotorsjp  https://t.co/hTFS9SeQul", "likes_count": 7, "replies_count": 1, "retweets_count": 0, "hashtags": []}
{"id": 1203463969102544896, "date": "2019-12-07", "time": "18:59:04", "tweet": "@elonmusk @flcnhvy @Teslarati @tesla_raj I want to drive my beloved cyber truck to work and travel, and I also want to relax and sleep comfortably in the driver's cabin.  So please don't make it smaller, just like model Y is deformed.", "likes_count": 2, "replies_count": 0, "retweets_count": 0, "hashtags": []}
{"id": 1203463957819936769, "date": "2019-12-07", "time": "18:59:01", "tweet": "For #Tesla SR+ #Model3 drivers that want the premium connectivity update to the UI, reboot your system. (Hold down both scroll wheels). Satellite Nav was there when it finished rebooting.", "likes_count": 1, "replies_count": 1, "retweets_count": 0, "hashtags": ["tesla", "model3"]}
{"id": 1203463955752128512, "date": "2019-12-07", "time": "18:59:00", "tweet": "@elonmusk I want a Tesla Phone with an 8K camera.", "likes_count": 2, "replies_count": 0, "retweets_count": 0, "hashtags": []}
{"id": 1203463928795336704, "date": "2019-12-07", "time": "18:58:54", "tweet": "@tesla_raj @elonmusk 👌👌", "likes_count": 1, "replies_count": 0, "retweets_count": 0, "hashtags": []}
{"id": 1203463911770656774, "date": "2019-12-07", "time": "18:58:50", "tweet": "@TecnonautaTV Autos voladores. Nueva tendencia. El Tesla Model McFly.", "likes_count": 0, "replies_count": 0, "retweets_count": 0, "hashtags": []}
{"id": 1203463885161930760, "date": "2019-12-07", "time": "18:58:44", "tweet": "@elonmusk 🙌♥️ Tesla Vision", "likes_count": 0, "replies_count": 0, "retweets_count": 0, "hashtags": []}
