{"id": 1185707139127480321, "date": "2019-10-19", "time": "19:59:45", "tweet": "@tesla_truth It’s sad, if Tesla ever went private, the amount of FUD would drop to 0. It’s all about money for them.", "likes_count": 3, "replies_count": 0, "retweets_count": 0, "hashtags": []}
{"id": 1185707126242590720, "date": "2019-10-19", "time": "19:59:42", "tweet": "@tolbyhunt Open to suggestions. Just keep in mind Tesla doesn't render things correctly. Makes the process difficult.", "likes_count": 0, "replies_count": 1, "retweets_count": 0, "hashtags": []}
{"id": 1185707086648229888, "date": "2019-10-19", "time": "19:59:33", "tweet": "@tesla_truth No one cares bro.  Tesla's are pretty cool.   Its been accepted.   Overton window has moved.  Deal with it If you're only trying to help one group over another?  ... .shame on you.", "likes_count": 0, "replies_count": 1, "retweets_count": 0, "hashtags": []}
{"id": 1185707078649810944, "date": "2019-10-19", "time": "19:59:31", "tweet": "@SherriVonch @MFrunker @Tesla @elonmusk @TeslaMilton I had two choices. I have been through a lot , it takes a big toll on you. But I won’t go through it online here", "likes_count": 3, "replies_count": 0, "retweets_count": 0, "hashtags": []}
{"id": 1185706983082594306, "date": "2019-10-19", "time": "19:59:08", "tweet": "@Richard_Loyen @SolarPowerEU @MarieLineVaiani entrepreneurs et investisseurs (banques et co aussi) sont trop frileux en Europe, là où il faut absolument mettre le paquet ... (des Américains le font, ex Tesla GW Factory) ... produire des cellules et modules solaires n'est rentable qu'à grande échelle", "likes_count": 1, "replies_count": 0, "retweets_count": 0, "hashtags": []}
{"id": 1185706916217053184, "date": "2019-10-19", "time": "19:58:52", "tweet": "@elonmusk Ya son mas de 400 🚘🔌🔋 #Tesla en #PuertoRico @Tesla  https://t.co/djavtt0G8a", "likes_count": 1, "replies_count": 0, "retweets_count": 0, "hashtags": ["tesla", "puertorico"]}
{"id": 1185706915998949377, "date": "2019-10-19", "time": "19:58:52", "tweet": "@TeslaStars @Tesla These are hand built cars", "likes_count": 1, "replies_count": 1, "retweets_count": 0, "hashtags": []}
{"id": 1185706868859199488, "date": "2019-10-19", "time": "19:58:41", "tweet": "Beautiful event in France, notice how this #electriccar shines, doesn't look like a Jag/Tesla/anything expensive at all! #voitureelectrique #ev #franceelectric #charade #franceev  https://t.co/919VvAcVAy", "likes_count": 0, "replies_count": 0, "retweets_count": 0, "hashtags": ["electriccar", "voitureelectrique", "ev", "franceelectric", "charade", "franceev"]}
{"id": 1185706867462430720, "date": "2019-10-19", "time": "19:58:41", "tweet": "💙🖤💙🖤 #telsaowners #tesla #teslamodels #teslamodel3 #miamifl  https://t.co/GWy7FrHVxY", "likes_count": 0, "replies_count": 0, "retweets_count": 0, "hashtags": ["telsaowners", "tesla", "teslamodels", "teslamodel3", "miamifl"]}
{"id": 1185706690462801930, "date": "2019-10-19", "time": "19:57:59", "tweet": "@tesla_truth You think cropping, processing power, or both?", "likes_count": 0, "replies_count": 1, "retweets_count": 0, "hashtags": []}
{"id": 1185706656207949824, "date": "2019-10-19", "time": "19:57:50", "tweet": "#tesla model 3  stuck updating .. any solutions... Tried complete power off?", "likes_count": 3, "replies_count": 6, "retweets_count": 1, "hashtags": ["tesla"]}
{"id": 1185706491967352832, "date": "2019-10-19", "time": "19:57:11", "tweet": "@ECarsReport @FullyChargedShw The dude in that photo hates Tesla so much", "likes_count": 0, "replies_count": 0, "retweets_count": 0, "hashtags": []}
{"id": 1185706424602640384, "date": "2019-10-19", "time": "19:56:55", "tweet": "I ❤️ Midnight Silver in low light, that’s all! #Tesla #Model3 #Xpel  https://t.co/jzJDmd8uP2", "likes_count": 77, "replies_count": 6, "retweets_count": 4, "hashtags": ["tesla", "model3", "xpel"]}
{"id": 1185706342943612928, "date": "2019-10-19", "time": "19:56:36", "tweet": "@ASurmanAdviser @Tesla Yeah Model S and X owners have been able to do it online for ages. Model 3 owners have had to phone up Tesla to process it manually.", "likes_count": 0, "replies_count": 1, "retweets_count": 0, "hashtags": []}
{"id": 1185706314036592640, "date": "2019-10-19", "time": "19:56:29", "tweet": "@FullyChargedDan I'm sick this whole \"Tesla killer\" thing. Plenty of space at every level. The quicker we move away from fossil fuel the better be that EVs that do 80 miles or 400 miles.", "likes_count": 2, "replies_count": 0, "retweets_count": 0, "hashtags": []}
{"id": 1185706245539299329, "date": "2019-10-19", "time": "19:56:12", "tweet": "Who’s trying to get refer to tesla???  You get hired. I get 1k bonus. Hit me up. Hiring event on the 26 of October  https://t.co/Z247QfnLIw", "likes_count": 0, "replies_count": 2, "retweets_count": 0, "hashtags": []}
{"id": 1185706136248508416, "date": "2019-10-19", "time": "19:55:46", "tweet": "@tesla_truth Just remeber when these idiots come out of the woodwork with their legal opinions, ask them for proof of their law degree to support their legal analysis and conclusions.  Opinions are like assholes, they all stink, but smell worse when they are unqualified legal opinions. 😂😂", "likes_count": 2, "replies_count": 0, "retweets_count": 0, "hashtags": []}
{"id": 1185706131533914114, "date": "2019-10-19", "time": "19:55:45", "tweet": "@tesla_truth @teslahaterhater Holy shit they actually took it that far", "likes_count": 1, "replies_count": 0, "retweets_count": 0, "hashtags": []}
{"id": 1185706015439933443, "date": "2019-10-19", "time": "19:55:18", "tweet": "@ScienceNotDogma @DuTeach @vincent13031925 @tesla_truth And I’m not sure about BC specifically, but generally speaking, Tesla delivers new cars to the owners’ front door now (in some cases, w/in a few days)", "likes_count": 2, "replies_count": 1, "retweets_count": 0, "hashtags": []}
{"id": 1185706002324316160, "date": "2019-10-19", "time": "19:55:14", "tweet": "Dogs love Teslas 🐶 #teslamodels #tesla #pets  https://t.co/pqAhp3GhS5", "likes_count": 1, "replies_count": 0, "retweets_count": 0, "hashtags": ["teslamodels", "tesla", "pets"]}
{"id": 1185705963237457920, "date": "2019-10-19", "time": "19:55:05", "tweet": "@tesla_truth How do owners check if they have v3?", "likes_count": 0, "replies_count": 0, "retweets_count": 0, "hashtags": []}
{"id": 1185705807020584960, "date": "2019-10-19", "time": "19:54:28", "tweet": "@BertelSchmitt @fortunemag @ToyotaMotorCorp The dream is soon to become a nightmare if this is the kind of answer Toyota has up its sleeve to #Tesla  https://t.co/SJ42EwjoIY", "likes_count": 0, "replies_count": 0, "retweets_count": 0, "hashtags": ["tesla"]}
{"id": 1185705768902975489, "date": "2019-10-19", "time": "19:54:19", "tweet": "$TSLA TESLA, a pedido de @josue_correa  Semanal. Por primera vez sobre la EMA de 30 en casi 1 año. Ahora está en zona de resistencia, pero si supera $270 es para ir long. Si ya estás comprado me quedaría pero ojo que no pierda la directiz alcista ($230).  https://t.co/nLjZDuujsK", "likes_count": 6, "replies_count": 0, "retweets_count": 0, "hashtags": []}
{"id": 1185705746371092481, "date": "2019-10-19", "time": "19:54:13", "tweet": "After getting my Q50 I’ve lost the focus on getting a Tesla. Now I want more boost", "likes_count": 10, "replies_count": 1, "retweets_count": 0, "hashtags": []}
{"id": 1185705613873106944, "date": "2019-10-19", "time": "19:53:42", "tweet": "@ScienceNotDogma @DuTeach @vincent13031925 @tesla_truth Are you an owner? Easiest way would be to drive home on holiday in your Tesla &amp; show it to them on a relaxed schedule!", "likes_count": 2, "replies_count": 1, "retweets_count": 0, "hashtags": []}
{"id": 1185705507497086976, "date": "2019-10-19", "time": "19:53:16", "tweet": "Car buyers warned about Tesla's Model 3 yo-yo pricing  MailOnline - Twitter - News - Noticias - Bitcoin - CryptoCurrency - @InvestCrypForex - @1jl4com - @Health14Fitness - @Marketing_1jl4 - @News_1jl4 &gt;  https://t.co/GayvNFTKCm", "likes_count": 0, "replies_count": 0, "retweets_count": 0, "hashtags": []}
{"id": 1185705353918500864, "date": "2019-10-19", "time": "19:52:40", "tweet": "Now that I’m a proud Tesla owner, I see them EVERYWHERE I go", "likes_count": 0, "replies_count": 0, "retweets_count": 0, "hashtags": []}
{"id": 1185705347207462912, "date": "2019-10-19", "time": "19:52:38", "tweet": "Nurburgring here we cometh! #plaid @Tesla #ev", "likes_count": 0, "replies_count": 0, "retweets_count": 0, "hashtags": ["plaid", "ev"]}
{"id": 1185705317553848320, "date": "2019-10-19", "time": "19:52:31", "tweet": "Tesla has always struggled to build cars. Now that critical fundamental is really hurting its business. | Business Insider  https://t.co/7nYernsUdm", "likes_count": 0, "replies_count": 0, "retweets_count": 0, "hashtags": []}
{"id": 1185705301908967427, "date": "2019-10-19", "time": "19:52:27", "tweet": "@TeslaStraya @Tesla I was able to purchase FSD for my 2017 model s yesterday.....", "likes_count": 1, "replies_count": 1, "retweets_count": 0, "hashtags": []}
{"id": 1185705244451393536, "date": "2019-10-19", "time": "19:52:14", "tweet": "I am obsessed with this and I need it asap lol #elonmusk #tesla  https://t.co/9D1d86g5SV", "likes_count": 0, "replies_count": 0, "retweets_count": 0, "hashtags": ["elonmusk", "tesla"]}
{"id": 1185705224494698496, "date": "2019-10-19", "time": "19:52:09", "tweet": "@drisalys Go get yo tesla and move up here, they have charging stations in front of the union", "likes_count": 0, "replies_count": 0, "retweets_count": 0, "hashtags": []}
{"id": 1185705177598349312, "date": "2019-10-19", "time": "19:51:58", "tweet": "@Teslarati @elonmusk if Elon is readying this, It worked. I'm ready to work for Tesla as Engineer, so when is my flight? 😂 @elonmusk  #MakeMyDreamReal", "likes_count": 0, "replies_count": 0, "retweets_count": 0, "hashtags": ["makemydreamreal"]}
{"id": 1185705116386713600, "date": "2019-10-19", "time": "19:51:43", "tweet": "@nemesis_75 @Kekher Stragrande maggioranza di miei compaesani sono come Nikola Tesla, gente intelligente onesta e gente che non ha paura di tirarsi su le maniche e lavorare, è sono orgoglioso di essere nato nello stesso paese! Lui è considerato in Serbia, come Leonardo DaVinci in Italia!", "likes_count": 1, "replies_count": 1, "retweets_count": 0, "hashtags": []}
{"id": 1185705096535072770, "date": "2019-10-19", "time": "19:51:39", "tweet": "@ElonAccessories @mortchad @Tesla Improved security features in iOS 13, not from Tesla.", "likes_count": 2, "replies_count": 0, "retweets_count": 0, "hashtags": []}
{"id": 1185705008614035456, "date": "2019-10-19", "time": "19:51:18", "tweet": "Fun morning at Tesla Cars &amp; Coffee ❤️ #teslacarsncoffee #teslamodels #tesla  https://t.co/oET5mgp24G", "likes_count": 1, "replies_count": 0, "retweets_count": 0, "hashtags": ["teslacarsncoffee", "teslamodels", "tesla"]}
{"id": 1185704968491167745, "date": "2019-10-19", "time": "19:51:08", "tweet": "@jchybow @DuTeach @vincent13031925 @tesla_truth Well, that'd be a job, as the nearest Tesla dealer is a long, LONG drive away from where I am here in BC.🤔  That's okay though: by the time they're ready to buy, I'm pretty sure there will be one within an hour's drive or less.👍  Road trips with seniors are somewhat trying.😅🚗", "likes_count": 2, "replies_count": 2, "retweets_count": 0, "hashtags": []}
{"id": 1185704857853972481, "date": "2019-10-19", "time": "19:50:42", "tweet": "Join me on Aspiration - a financial firm with a conscience! Sign up with my link and we both will get $25 cash and $25 to donate, plus 5 chances to win a Tesla Model 3! Terms and conditions apply.  https://t.co/e3hzVgrSvX", "likes_count": 0, "replies_count": 1, "retweets_count": 0, "hashtags": []}
{"id": 1185704798999449600, "date": "2019-10-19", "time": "19:50:28", "tweet": "Guglielmo Marconi ve Nikola Tesla  abilerim radyoyu icat ettiğiniz için teşekkürler.. #noksanlarkenti", "likes_count": 7, "replies_count": 0, "retweets_count": 1, "hashtags": ["noksanlarkenti"]}
{"id": 1185704786227879936, "date": "2019-10-19", "time": "19:50:25", "tweet": "@tesla_truth Can you share how we can check whether someone had filed such fake reports under our names?", "likes_count": 4, "replies_count": 0, "retweets_count": 0, "hashtags": []}
