{"id": 1193317243989442560, "date": "2019-11-09", "time": "18:59:36", "tweet": "imagine watching David Dobrik’s vlogs in a Tesla 🤩@DavidDobrik  https://t.co/nN7xtOpuoC", "likes_count": 1, "replies_count": 0, "retweets_count": 0, "hashtags": []}
{"id": 1193317228491542528, "date": "2019-11-09", "time": "18:59:32", "tweet": "#nowplaying Tesla - 04 Heaven Nine Eleven | streaming on  https://t.co/ATcQ8xDamG |", "likes_count": 0, "replies_count": 0, "retweets_count": 0, "hashtags": ["nowplaying"]}
{"id": 1193317225194590208, "date": "2019-11-09", "time": "18:59:31", "tweet": "@agusnox @lklundin Tesla is an aspirational brand, especially in China. Big time. And ten cent is big investor. They RULE china. But alright - there’s no convincing you. No judgement. We will see for sure.. one way or the other.", "likes_count": 1, "replies_count": 0, "retweets_count": 0, "hashtags": []}
{"id": 1193317182219988992, "date": "2019-11-09", "time": "18:59:21", "tweet": "@DonutShorts @tomi @Paul91701736 Was it not Tesla that has already paid back loans from the US early with interest?   https://t.co/ipTWAA5thA", "likes_count": 1, "replies_count": 1, "retweets_count": 0, "hashtags": []}
{"id": 1193317149042860032, "date": "2019-11-09", "time": "18:59:13", "tweet": "Terrible service from @Tesla in Fremont. Chaotic, unprofessional. Car was supposed to be fixed in a day. It's been 4, and no way for me to reach them over the phone. The address &amp; phone number on work order are WRONG! @elonmusk, seriously, how do you run such a shoddy company?", "likes_count": 10, "replies_count": 5, "retweets_count": 6, "hashtags": []}
{"id": 1193317131619880960, "date": "2019-11-09", "time": "18:59:09", "tweet": "@twinngoo @TeslaParaTodos @JCDAtrasto @Cesar20nudos @slcuervo @DomoElectra @Tesla @ClubTeslaES @taxiteslamad Claro , pero el ayuntamiento no le parece bien , 😔 estamos muy limitados", "likes_count": 1, "replies_count": 0, "retweets_count": 0, "hashtags": []}
{"id": 1193317070915522561, "date": "2019-11-09", "time": "18:58:55", "tweet": "I found it very interesting in China, most of other  cars fans like to meantion tesla while Tesla fans never mention other brands. all in calls 330, 350 398 11/29 $tsla", "likes_count": 1, "replies_count": 0, "retweets_count": 0, "hashtags": []}
{"id": 1193317032512458752, "date": "2019-11-09", "time": "18:58:45", "tweet": "@AsmanIlal @SupirPete2 @Tesla @elonmusk Beli pete2?", "likes_count": 0, "replies_count": 0, "retweets_count": 0, "hashtags": []}
{"id": 1193316900530319360, "date": "2019-11-09", "time": "18:58:14", "tweet": "@MATTP1949 @NatalCicuto @GillesnFio @eric84701331 @Stredni_trida @TexCIS @glinch72 @ShubertEugene @dense_evi @ThomasBeyer @MichaelMaus6 @erskinedaniel @FriendsOScience @NicholasRennie2 @GreyTash @puremoneylife @AlbertStienstra @TJ_TomJ @SylviaD32911201 @CattMaxx @TallPhilosopher @BerniceRinas @ttyEngland @DawnTJ90 @EcoSenseNow @XRLondon @DrWonko42 @angry_bystander @gogetsmarthome @JWSpry @JaggerMickOZ @drwaheeduddin @Climatearticles @VoisinSt @craigthomler @SlagKogel @Gladfly1 @TheClimateHawk @ammocrypta @Carbongate @Ceist8 @kimbetech @LGcommaI @Sou_HotWhopper @pt40fathoms @riatsila501 @ClimatismBlog @Chris_Hickman @CocoBails @Tesla  https://t.co/NLujaKJbCh", "likes_count": 0, "replies_count": 0, "retweets_count": 0, "hashtags": []}
{"id": 1193316884579573761, "date": "2019-11-09", "time": "18:58:10", "tweet": "@djmac_real @vincent13031925 @elonmusk @Tesla @EvaFoxU The demand cliff goes the opposite way than what the bears think.  https://t.co/ZdXIoRbtHw", "likes_count": 1, "replies_count": 1, "retweets_count": 0, "hashtags": []}
{"id": 1193316765855633408, "date": "2019-11-09", "time": "18:57:42", "tweet": "Tesla Semi prototype shows up at potentially critical customer; trucking giant J.B. Hunt #trucking #truckerwall  https://t.co/QIeYQ4mUTj via @FredericLambert", "likes_count": 1, "replies_count": 0, "retweets_count": 1, "hashtags": ["trucking", "truckerwall"]}
{"id": 1193316701686898688, "date": "2019-11-09", "time": "18:57:27", "tweet": "@vincent13031925 @elonmusk @Tesla @EvaFoxU Yes good question. What would number one spot look like..? Any data on this and a likely time line .?", "likes_count": 4, "replies_count": 1, "retweets_count": 0, "hashtags": []}
{"id": 1193316583474712576, "date": "2019-11-09", "time": "18:56:58", "tweet": "@jchybow @elonmusk I agree.   I bought FSD three years ago,  and also have referrals for early software access, and am getting software from @Tesla much later than many are.", "likes_count": 1, "replies_count": 0, "retweets_count": 0, "hashtags": []}
{"id": 1193316577388761094, "date": "2019-11-09", "time": "18:56:57", "tweet": "@vincent13031925 @elonmusk @Tesla @EvaFoxU Vincent Give ME some advice. Buy a large position in stock now or wait. I’m a long time believer and investor in Tesla. I believe with gf3, truck announcement and Europe factory announcement this stock is going to blow up.", "likes_count": 6, "replies_count": 2, "retweets_count": 0, "hashtags": []}
{"id": 1193316558757605377, "date": "2019-11-09", "time": "18:56:53", "tweet": "@thegranturismo the best sounding car, followed by the tesla model s", "likes_count": 0, "replies_count": 0, "retweets_count": 0, "hashtags": []}
{"id": 1193316501186580485, "date": "2019-11-09", "time": "18:56:39", "tweet": "@BrynhildrSobs -Ah, a connection! Fran gives a big, bright smile.-  Uuu... so curiosity got to you too, huh..? If you can maintain things.. you can invent things..!  Just.. don't talk to Edison or Tesla... they'll just bicker with each other... eheh", "likes_count": 1, "replies_count": 1, "retweets_count": 0, "hashtags": []}
{"id": 1193316473369874432, "date": "2019-11-09", "time": "18:56:32", "tweet": "Check out this next gen Tesla    https://t.co/fGIjeUoS8P", "likes_count": 0, "replies_count": 0, "retweets_count": 0, "hashtags": []}
{"id": 1193316455384616965, "date": "2019-11-09", "time": "18:56:28", "tweet": "@MATTP1949 @NatalCicuto @GillesnFio @eric84701331 @Stredni_trida @TexCIS @glinch72 @ShubertEugene @dense_evi @ThomasBeyer @MichaelMaus6 @erskinedaniel @FriendsOScience @NicholasRennie2 @GreyTash @puremoneylife @AlbertStienstra @TJ_TomJ @SylviaD32911201 @CattMaxx @TallPhilosopher @BerniceRinas @ttyEngland @DawnTJ90 @EcoSenseNow @XRLondon @DrWonko42 @angry_bystander @gogetsmarthome @JWSpry @JaggerMickOZ @drwaheeduddin @Climatearticles @VoisinSt @craigthomler @SlagKogel @Gladfly1 @TheClimateHawk @ammocrypta @Carbongate @Ceist8 @kimbetech @LGcommaI @Sou_HotWhopper @pt40fathoms @riatsila501 @ClimatismBlog @Chris_Hickman @CocoBails @Tesla Go research it ... it's not exactly a secret.", "likes_count": 0, "replies_count": 0, "retweets_count": 0, "hashtags": []}
{"id": 1193316455326134272, "date": "2019-11-09", "time": "18:56:28", "tweet": "@HumbleTeej We still got LSU on tap and the over. Tesla’s don’t die they just recharge", "likes_count": 0, "replies_count": 1, "retweets_count": 0, "hashtags": []}
{"id": 1193316282273337344, "date": "2019-11-09", "time": "18:55:47", "tweet": "@carinalarsen76 @EvaFoxU @Tesla @elonmusk @TeslaClubNorway  https://t.co/3GjA9XKIxD", "likes_count": 2, "replies_count": 1, "retweets_count": 0, "hashtags": []}
{"id": 1193316256335699969, "date": "2019-11-09", "time": "18:55:40", "tweet": "@seriouswhip @lklundin There's a lot of bad signs. $NIO is essentially BK selling lower priced cars, Chinese govt reducing incentives, high cost of Tesla.", "likes_count": 0, "replies_count": 2, "retweets_count": 0, "hashtags": []}
{"id": 1193316180771168257, "date": "2019-11-09", "time": "18:55:22", "tweet": "One day I’m gonna have a Tesla like @DavidDobrik !!!! That car looks so beautiful and amazing!!! One day", "likes_count": 0, "replies_count": 0, "retweets_count": 0, "hashtags": []}
{"id": 1193315984217722880, "date": "2019-11-09", "time": "18:54:36", "tweet": "Tesla squad  https://t.co/hv5V8jH4FO", "likes_count": 0, "replies_count": 1, "retweets_count": 0, "hashtags": []}
{"id": 1193315979704487943, "date": "2019-11-09", "time": "18:54:34", "tweet": "@Glenn37910792 @arikring @TXsharon @TheRealNumber6 @RisePDX @Jackthelad1947 @seth_leitman @debraruh @charluv2011 @TimGuinee @wernerkeil @pegb_ @SaleemulHuq @raduede @Tecgale @MarianSmedley @kirillklip @MLCzone @NPSusa @iwantmynbn @enricomolinari @Hal_Good @lalitapetila @sddphoto @AdamRogers2030 @lillith6 @luribea68 @climateguyw @markburgerenerg @AmandaRay02 @StopAdaniCairns @ClayEngberg @suzlette333 @ken_crichlow @ProfStrachan @01000011CS @MarcVegan @BjornKHaugland @ristori20 @ChristineMilne @THEnergyNet @devindthorpe @cberrl @Falconlady7 @ene3112 @Cattra922 @elonmusk @Tesla @HansLak @stracma not even sure what you mean by that ...", "likes_count": 0, "replies_count": 0, "retweets_count": 0, "hashtags": []}
{"id": 1193315939384610816, "date": "2019-11-09", "time": "18:54:25", "tweet": "@Eaglekeeper0048 @Tesla @elonmusk I thought I saw a few renders on twitter", "likes_count": 0, "replies_count": 0, "retweets_count": 0, "hashtags": []}
{"id": 1193315915644854272, "date": "2019-11-09", "time": "18:54:19", "tweet": "@agusnox @lklundin It’s true China’s EV market is crowded and for many - a bad business. But EV adoption is not a question there. It’s going to happen. Which brands will thrive is the question. And if you research Tesla’s position (aspirational brand #1) .. don’t bet against.", "likes_count": 0, "replies_count": 1, "retweets_count": 0, "hashtags": []}
{"id": 1193315852436660224, "date": "2019-11-09", "time": "18:54:04", "tweet": "@AndyRichter was probs a Tesla owner?", "likes_count": 0, "replies_count": 0, "retweets_count": 0, "hashtags": []}
{"id": 1193315731800244224, "date": "2019-11-09", "time": "18:53:35", "tweet": "Tesla, Inc. (TSLA) surprised the market with Q2 result. Credit Suisse changed the rating to Buy, as Tesla, Inc. (TSLA)  seems stronger than that of its USA sector peers.", "likes_count": 0, "replies_count": 0, "retweets_count": 0, "hashtags": []}
{"id": 1193315682219438082, "date": "2019-11-09", "time": "18:53:24", "tweet": "@elonmusk me da um tesla", "likes_count": 0, "replies_count": 0, "retweets_count": 0, "hashtags": []}
{"id": 1193315598983421952, "date": "2019-11-09", "time": "18:53:04", "tweet": "Was going through my brothers Halloween candy and found a green Tesla in his skittles...   where did this come from and how much for more?", "likes_count": 2, "replies_count": 0, "retweets_count": 0, "hashtags": []}
{"id": 1193315572877914112, "date": "2019-11-09", "time": "18:52:57", "tweet": "the guy i had a fat crush on last year literally has a tesla................", "likes_count": 2, "replies_count": 0, "retweets_count": 0, "hashtags": []}
{"id": 1193315560672464896, "date": "2019-11-09", "time": "18:52:55", "tweet": "Creativity points? @tesla community! Worked really hard on this one all night. I used some clips from @seanmmitchell @DirtyTesla @BenSullins and mentioned @HyperChangeTV @NYKChannel @TeslaJoy and @i1Tesla. Hope that was okay.  https://t.co/bPWDlgNr05  https://t.co/7aovN0O8Bo", "likes_count": 30, "replies_count": 6, "retweets_count": 6, "hashtags": []}
{"id": 1193315554074824704, "date": "2019-11-09", "time": "18:52:53", "tweet": "It’s crazy every where I go in Moraga there’s a Tesla", "likes_count": 0, "replies_count": 0, "retweets_count": 0, "hashtags": []}
{"id": 1193315543152873472, "date": "2019-11-09", "time": "18:52:50", "tweet": "@agusnox @lklundin Well.. China market is 25 million cars a year. Tesla can only make lets say 100k cars at GF3 next year. Or 200k even. That’s tiny. They will sell every car they can make in China. And honestly - China LOVES tesla. The worship Elon. Don’t discount the brand strength", "likes_count": 1, "replies_count": 0, "retweets_count": 0, "hashtags": []}
{"id": 1193315437485805569, "date": "2019-11-09", "time": "18:52:25", "tweet": "By only reading some useless spreadsheets created by 🐻 analysts won’t give you a true picture of Tesla’s demand in 🇨🇳, the purchasing power of the citizens. Bottom line is they don’t understand the cultural differences, 99% of them never been to China. And now they r analyzing🤷🏻‍♂️", "likes_count": 177, "replies_count": 17, "retweets_count": 17, "hashtags": []}
{"id": 1193315337573408769, "date": "2019-11-09", "time": "18:52:01", "tweet": "@seriouswhip @lklundin I just checked Tesla's website. Standard Range Plus is 39,490.  Long range is 48k.", "likes_count": 0, "replies_count": 1, "retweets_count": 0, "hashtags": []}
{"id": 1193315278039310336, "date": "2019-11-09", "time": "18:51:47", "tweet": "Half upgraded Tesla model 3 or This LV Mink Coat  https://t.co/znAjiB2Khd", "likes_count": 10, "replies_count": 2, "retweets_count": 0, "hashtags": []}
{"id": 1193315271190237190, "date": "2019-11-09", "time": "18:51:46", "tweet": "@AnthonBa31 @djimmy_fr @DEVIALET Une Tesla model 3 ou Y je demande pas plus 😅", "likes_count": 0, "replies_count": 0, "retweets_count": 0, "hashtags": []}
{"id": 1193315138448658432, "date": "2019-11-09", "time": "18:51:14", "tweet": "@AfMusk @elonmusk Don't talk about it. Talk about the cars. That is why love Tesla. Nothing to do with climate.", "likes_count": 0, "replies_count": 0, "retweets_count": 0, "hashtags": []}
{"id": 1193314945808699392, "date": "2019-11-09", "time": "18:50:28", "tweet": "🔴 Vídeo: Prueba del Tesla Model 3 #Coches  https://t.co/kfNFVuBoD2", "likes_count": 0, "replies_count": 0, "retweets_count": 0, "hashtags": ["coches"]}
