{"id": 1145119729800994816, "date": "2019-06-29", "time": "19:59:53", "tweet": "Tesla Air?", "likes_count": 0, "replies_count": 0, "retweets_count": 0, "hashtags": []}
{"id": 1145119725850001408, "date": "2019-06-29", "time": "19:59:52", "tweet": "@IlovebeinBlack Thought a Tesla crashed and was on fire for a second.", "likes_count": 0, "replies_count": 0, "retweets_count": 0, "hashtags": []}
{"id": 1145119709442052099, "date": "2019-06-29", "time": "19:59:48", "tweet": "\"El lugar q ocupan hoy las marcas es mucho mayor que el de hace 50 años. Si no, pregúntale a un joven si cree más en el PP que en Amazon, en Tesla que en Podemos, en Apple que en Ciudadanos. Ante la ausencia de líderes, ese espacio lo ocuparon las marcas\"   https://t.co/F2Do8YaR02", "likes_count": 3, "replies_count": 0, "retweets_count": 3, "hashtags": []}
{"id": 1145119702596947970, "date": "2019-06-29", "time": "19:59:47", "tweet": "Now that we have charging stations then @Tesla should start rope innah the country  🇯🇲 @elonmusk", "likes_count": 0, "replies_count": 0, "retweets_count": 1, "hashtags": []}
{"id": 1145119694418001920, "date": "2019-06-29", "time": "19:59:45", "tweet": "@flaviogarage Chupa Elon Musk kkkk Suck Tesla", "likes_count": 0, "replies_count": 0, "retweets_count": 0, "hashtags": []}
{"id": 1145119651090894848, "date": "2019-06-29", "time": "19:59:34", "tweet": "@BobyBobCAL @BMWUSA @JonathanAdler @Tesla Don’t worry. I’m sure @elonmusk supports the LGBT community as well.", "likes_count": 0, "replies_count": 0, "retweets_count": 0, "hashtags": []}
{"id": 1145119628814888961, "date": "2019-06-29", "time": "19:59:29", "tweet": "@WhatsupFranks @wizard2416 @elonmusk @Tesla also, give suggestions in the subreddit and @Model3Owners etc. to see if others' agree/think it's a good idea, otherwise it's anarchy (and will only get worse with more drivers)", "likes_count": 1, "replies_count": 1, "retweets_count": 0, "hashtags": []}
{"id": 1145119612335546368, "date": "2019-06-29", "time": "19:59:25", "tweet": "@TeslaCakma adını genç tesla yapmışsın AC den tırsıyorsun bu nasıl ironi yav geçin bu ayakları kardeşim adamlar uzaya çıktı", "likes_count": 2, "replies_count": 2, "retweets_count": 0, "hashtags": []}
{"id": 1145119604144070658, "date": "2019-06-29", "time": "19:59:23", "tweet": "@elonmusk @Ninja like if we got the best/cheapest batteries then Tesla should be first to bring an economically viable long-range plane or jet to market, right?", "likes_count": 99, "replies_count": 14, "retweets_count": 7, "hashtags": []}
{"id": 1145119593817657344, "date": "2019-06-29", "time": "19:59:21", "tweet": "@Gfilche @elonmusk @Ninja Tesla to complete with airbus and Boeing - I’m sure investors are", "likes_count": 1, "replies_count": 0, "retweets_count": 0, "hashtags": []}
{"id": 1145119584988516352, "date": "2019-06-29", "time": "19:59:19", "tweet": "@elonmusk  can you get Rocket League to put a Tesla roadster in the game? 😂 This is level one priority.", "likes_count": 1, "replies_count": 0, "retweets_count": 0, "hashtags": []}
{"id": 1145119559944298496, "date": "2019-06-29", "time": "19:59:13", "tweet": "@GPaid4 @MartinWoolleyUK @TeslaOwnersUK @teslaownersSV @Tesla #TeslaServiceIssues", "likes_count": 1, "replies_count": 0, "retweets_count": 0, "hashtags": ["teslaserviceissues"]}
{"id": 1145119513861644296, "date": "2019-06-29", "time": "19:59:02", "tweet": "@sixtus @moyall1 @emmy_sharing 1. Ich habe den Tesla-Troll geblockt. 2. Ohne massive Einschränkungen für MIV wird es nicht gehen. Die Spielzeuge sind nur Ablenkungsmanöver.", "likes_count": 6, "replies_count": 1, "retweets_count": 0, "hashtags": []}
{"id": 1145119407028482049, "date": "2019-06-29", "time": "19:58:36", "tweet": "@Ninja I worked on helicopters and I’ll say this.. they use 300 times as much of higher test fuel than a car to fly. Knowing that Tesla’s (#1 electronic car) gets about 300miles on its betteries if you drive like a grandma would lead me to believe probably no @Ninja", "likes_count": 0, "replies_count": 0, "retweets_count": 0, "hashtags": []}
{"id": 1145119388539871232, "date": "2019-06-29", "time": "19:58:32", "tweet": "@CarlGookins @SimoneGiertz @Erdayastronaut @Tesla I want one at the end of my bed", "likes_count": 0, "replies_count": 0, "retweets_count": 0, "hashtags": []}
{"id": 1145119366163382272, "date": "2019-06-29", "time": "19:58:26", "tweet": "@WhatsupFranks @wizard2416 @elonmusk I'm a fan of this as an option (except I wouldn't put the blinking for the right turn all the way to the right, just right side of the 'left panel' with the car... but also they get so many requests and are doing so much... patience also, you should @Tesla not just Elon imo", "likes_count": 2, "replies_count": 1, "retweets_count": 1, "hashtags": []}
{"id": 1145119334030893057, "date": "2019-06-29", "time": "19:58:19", "tweet": "Controversies that have plagued Tesla: Autopilot, Elon Musk tweets - Business Insider #BusinessExecution   https://t.co/1Mkh5wgjO5", "likes_count": 1, "replies_count": 0, "retweets_count": 1, "hashtags": ["businessexecution"]}
{"id": 1145119325566754818, "date": "2019-06-29", "time": "19:58:17", "tweet": "@elonmusk I would love to be a Tesla supporter but my budget doesn’t support a new car", "likes_count": 0, "replies_count": 0, "retweets_count": 0, "hashtags": []}
{"id": 1145119320311287808, "date": "2019-06-29", "time": "19:58:15", "tweet": "🔵 Prueba del Tesla Model 3 [VÍDEO]  https://t.co/e3P2cE8oZB", "likes_count": 0, "replies_count": 0, "retweets_count": 0, "hashtags": []}
{"id": 1145119260634750976, "date": "2019-06-29", "time": "19:58:01", "tweet": "@elonmusk @Ninja will Tesla ever sell a commercial electric plane or your VTOL jet idea? long term investors are all Vcurious. of course it will be a while ... but is it on the roadmap?? ⚡️✈️", "likes_count": 80, "replies_count": 6, "retweets_count": 5, "hashtags": []}
