{"id": 1200927422318874624, "date": "2019-11-30", "time": "18:59:44", "tweet": "Pull up in a Tesla truck shitting on mf’s", "likes_count": 0, "replies_count": 0, "retweets_count": 0, "hashtags": []}
{"id": 1200927383722831872, "date": "2019-11-30", "time": "18:59:35", "tweet": "Say she can’t drive so she called a Tesla", "likes_count": 1, "replies_count": 0, "retweets_count": 1, "hashtags": []}
{"id": 1200927349090291714, "date": "2019-11-30", "time": "18:59:26", "tweet": "@jackwmc4 Get a Tesla. No negotiations.", "likes_count": 0, "replies_count": 1, "retweets_count": 0, "hashtags": []}
{"id": 1200927342161469442, "date": "2019-11-30", "time": "18:59:25", "tweet": "I Have A Very Nagging Sensation In My Skull That I Am Forgetting A Lot Of Things.  I Attempted To Look Into A File Labeled \"Master\" And \"Tesla\"  I Have Locked That File Away.   Who Filled My File Cabinet With P-", "likes_count": 1, "replies_count": 0, "retweets_count": 0, "hashtags": []}
{"id": 1200927279347576832, "date": "2019-11-30", "time": "18:59:10", "tweet": "@don_blitzen @Lucy2300090 @klhparker @lissasno1fan @GraSocephyie529 @EnragedApostate @10903 @Communist_Dog @Cigarvolante @KennRWeeks @American_hero @karenbuc1 @Ontly @daveycrokett @FredHonaker1 @WizarDave @Kybelle195739 @Tesla @Ford @cspanwj @chevrolet What’s this jackass know about American history? Honestly? I will give him a chance. How does Trumpism parallel with traditional GOP values and positions. The floor is yours Don. Explain 2 everybody how Trump is great R.", "likes_count": 0, "replies_count": 1, "retweets_count": 0, "hashtags": []}
{"id": 1200927245784604672, "date": "2019-11-30", "time": "18:59:02", "tweet": "Issue 3: October 2019 Highlights: Lupita looks amazing in voluminous couture (as if we didn’t know!) and Tesla is not doing that great (but I totally want a solar roof thanks to the article!)", "likes_count": 0, "replies_count": 1, "retweets_count": 0, "hashtags": []}
{"id": 1200927195385876483, "date": "2019-11-30", "time": "18:58:50", "tweet": "@BarelyStreetabl @scidood @GerberKawasaki Tesla NEVER has enough cells.  The other automakers are even more supply constrained. Eventually supply will be met, but that will require factories. Lots of factories.", "likes_count": 0, "replies_count": 0, "retweets_count": 0, "hashtags": []}
{"id": 1200927169951744004, "date": "2019-11-30", "time": "18:58:44", "tweet": "Tesla CyberTruck, as of last Wednesday: 250,000 orders.   $37.5m in deposits...", "likes_count": 0, "replies_count": 0, "retweets_count": 0, "hashtags": []}
{"id": 1200927131330662402, "date": "2019-11-30", "time": "18:58:34", "tweet": "@ValueAnalyst1 @TilmanWinkler @Tesla @elonmusk Why i found with an easy search even some Model 3 performance for roughly a bit over 40k?", "likes_count": 2, "replies_count": 1, "retweets_count": 0, "hashtags": []}
{"id": 1200927125085114371, "date": "2019-11-30", "time": "18:58:33", "tweet": "Cybertruck´Tesla patrullarán en ciudad mexicana   https://t.co/tUErNZ87xK  https://t.co/Zq7LUG0IJ3", "likes_count": 0, "replies_count": 1, "retweets_count": 0, "hashtags": []}
{"id": 1200927069066158086, "date": "2019-11-30", "time": "18:58:20", "tweet": "@igorzismo É o novo cavalo da tesla motors", "likes_count": 1, "replies_count": 0, "retweets_count": 0, "hashtags": []}
{"id": 1200927050510536711, "date": "2019-11-30", "time": "18:58:15", "tweet": "ok no but the fact that that joaquin crashed his tesla into a emt vehicle and then that pic of him on public transport comes out...the progression of events is truly comical  https://t.co/Cls2gIDKGZ", "likes_count": 9, "replies_count": 0, "retweets_count": 2, "hashtags": []}
{"id": 1200926986551668738, "date": "2019-11-30", "time": "18:58:00", "tweet": "Jupiter Global Absolute Return backade 1,5 procent i oktober - kortpositionen i Tesla tyngde avkastningen  https://t.co/PZcQrhgpAy #mutualfunds", "likes_count": 0, "replies_count": 0, "retweets_count": 1, "hashtags": ["mutualfunds"]}
{"id": 1200926956599951360, "date": "2019-11-30", "time": "18:57:53", "tweet": "Here&amp;#39;s The Main Problem With Tesla&amp;#39;s Supercharger Network  https://t.co/wuoPX9MUnX via @jalopnik", "likes_count": 0, "replies_count": 1, "retweets_count": 0, "hashtags": []}
{"id": 1200926944155635713, "date": "2019-11-30", "time": "18:57:50", "tweet": "@TeslaratiApp @Teslarati @Tesla I let a mclaren pass me earlier today... could’ve toasted em. Eh I got better mileage. :) I just roll my eyes.", "likes_count": 7, "replies_count": 0, "retweets_count": 0, "hashtags": []}
{"id": 1200926888702730240, "date": "2019-11-30", "time": "18:57:37", "tweet": "@CARandDRIVER @Tesla Nothing", "likes_count": 0, "replies_count": 0, "retweets_count": 0, "hashtags": []}
{"id": 1200926855454441472, "date": "2019-11-30", "time": "18:57:29", "tweet": "One drunk bitch with her head on the steering wheel car on at the gas station the other dumb fuck passenger of another car smoking while pumping gas...I’m so glad i don’t have to deal with gas stations anymore! @Tesla", "likes_count": 1, "replies_count": 0, "retweets_count": 0, "hashtags": []}
{"id": 1200926835791613952, "date": "2019-11-30", "time": "18:57:24", "tweet": "@JayinShanghai @Tesla I’m printing them and doing them tonight!!!", "likes_count": 5, "replies_count": 1, "retweets_count": 0, "hashtags": []}
{"id": 1200926822436872192, "date": "2019-11-30", "time": "18:57:21", "tweet": "George P. Bush-Oh he's Jeb's son-Looks like a little worm-like a little Spaghetti Noodle-just like Beto O'rourke!My final recommendation;get out and stay out of politics! Take your money &amp; Run! Keep your dynasty;keep making as much off petrol as U can!I'm building Tesla's Towers!", "likes_count": 0, "replies_count": 0, "retweets_count": 0, "hashtags": []}
{"id": 1200926808901869573, "date": "2019-11-30", "time": "18:57:18", "tweet": "@mayemusk @Tesla @elonmusk @POTUS  https://t.co/AWBgG9vSFH", "likes_count": 1, "replies_count": 0, "retweets_count": 0, "hashtags": []}
