{"id": 1218684490027094016, "date": "2020-01-18", "time": "18:59:59", "tweet": "$TSLA - Tesla bouncing customer checks is mind boggling.  Why is this happening?   Cash can’t be that bad if Elon can take burn fossil fuel on a trip to China on his private jet.  They also have plenty of cash to knock down a Berlin Forest of thousands of trees.", "likes_count": 14, "replies_count": 5, "retweets_count": 3, "hashtags": []}
{"id": 1218684471135870978, "date": "2020-01-18", "time": "18:59:54", "tweet": "@ClarkDennisM @LarrySabin1 @GreatPaulSmith @Bfklin @elonmusk @TESLAcharts @GerberKawasaki I saw the article you're referring to. This is in addition to the fact germans are already protesting this .  This isn't going too well for Tesla  Besides, who wants to pay $4.4B for a factory producing a $ losing product to a market that will have competition?", "likes_count": 0, "replies_count": 0, "retweets_count": 0, "hashtags": []}
{"id": 1218684420795895809, "date": "2020-01-18", "time": "18:59:42", "tweet": "@mithunoorath @TitoElBandito Point is tesla's are not performance cars but are marketed as if they are.", "likes_count": 0, "replies_count": 2, "retweets_count": 0, "hashtags": []}
{"id": 1218684411149017091, "date": "2020-01-18", "time": "18:59:40", "tweet": "@ThemeTeamWP @greentheonly @JackBauer321 @gwestr @AlexRoy144 @NHTSA @NTSB GM's technology looks better than Tesla's (and waymo's far better than that) but they're both taking a safer, cautious approach that doesn't put people in danger like AP does.  Of that list, only autopilot has killed people. (1/2)", "likes_count": 1, "replies_count": 2, "retweets_count": 0, "hashtags": []}
{"id": 1218684394816274432, "date": "2020-01-18", "time": "18:59:36", "tweet": "@elonmusk Now...some poor soul looking out his tesla windshield.", "likes_count": 0, "replies_count": 0, "retweets_count": 0, "hashtags": []}
{"id": 1218684284229357568, "date": "2020-01-18", "time": "18:59:10", "tweet": "Posting a photo of @elonmusk photoshopped onto Mikasa Ackerman’s body every day until he gives me a Tesla- Day 215  https://t.co/UgcAnGBssv", "likes_count": 5, "replies_count": 1, "retweets_count": 0, "hashtags": []}
{"id": 1218684274808893441, "date": "2020-01-18", "time": "18:59:07", "tweet": "@the_fishr_king Nouveau record pour Tesla à venir 😂", "likes_count": 1, "replies_count": 1, "retweets_count": 0, "hashtags": []}
{"id": 1218684210983997440, "date": "2020-01-18", "time": "18:58:52", "tweet": "@DirtyTesla @Tesla What a jerk! 😡", "likes_count": 0, "replies_count": 0, "retweets_count": 0, "hashtags": []}
{"id": 1218684144655446017, "date": "2020-01-18", "time": "18:58:36", "tweet": "@extinctsymbol @XR_Belgium @Kia_Motors @Jaguar @Tesla @Nissan @Audi @BMW @rickygervais @Ford @Hyundai_Global @SubaruNewsRoom", "likes_count": 0, "replies_count": 0, "retweets_count": 0, "hashtags": []}
{"id": 1218684121930596353, "date": "2020-01-18", "time": "18:58:31", "tweet": "@DylanMcD8 @MSAppleIX @kindredcashew98 No you would probably buy a Tesla lmao", "likes_count": 1, "replies_count": 0, "retweets_count": 0, "hashtags": []}
{"id": 1218684121469288448, "date": "2020-01-18", "time": "18:58:31", "tweet": "@GigaCharlatan @Stevebility @AlanZavari @Tesla @ElectrekCo @elonmusk Oh, well in that case should be mandatory on all cars because millions of miles are driven on it every day *without incident* despite everyone constantly misusing it!  Thank you for validating the remarkable safety enhancement provided by #Tesla #Autopilot! 😘😁😆😂🤣", "likes_count": 1, "replies_count": 1, "retweets_count": 0, "hashtags": ["tesla", "autopilot"]}
{"id": 1218684117115723777, "date": "2020-01-18", "time": "18:58:30", "tweet": "To summarize - your statements and assumptions are based on nothing but Tesla marketing and have no grounding in facts. Enjoy your car. I will await your \"I love my Tesla but\" tweet  $tslaq", "likes_count": 13, "replies_count": 1, "retweets_count": 1, "hashtags": []}
{"id": 1218684116306202631, "date": "2020-01-18", "time": "18:58:30", "tweet": "Tesla also is losing money on every single vehicle, which is why they opted to push all the sales to the Netherlands, despite having higher costs of shipping to Europe. Not including NL, a one time event, Tesla sales in Europe are down majorly", "likes_count": 11, "replies_count": 1, "retweets_count": 1, "hashtags": []}
{"id": 1218684114720694272, "date": "2020-01-18", "time": "18:58:29", "tweet": "Your video also states that \"Tesla has succeeded in their master plan\"  But that's not true. Because having build the Model 3, it is neither mass market (the 35k version can only be sold if you say a magic incantation at their store and even then you'll be upsold SR+)", "likes_count": 6, "replies_count": 1, "retweets_count": 0, "hashtags": []}
{"id": 1218684113768656896, "date": "2020-01-18", "time": "18:58:29", "tweet": "Again you state that Tesla is \"the future\", yet, The EV market is basically 2% of all vehicles sold and Tesla has a piece of that, not everything. I think you will agree that 2% is not massive disruption on an iPhone level", "likes_count": 10, "replies_count": 1, "retweets_count": 1, "hashtags": []}
{"id": 1218684112816484353, "date": "2020-01-18", "time": "18:58:29", "tweet": "You also say that a weekend with a Tesla gets you hooked. Apparently they missed me, because I drove a Model 3 and went happily to an ICE. Waiting to charge 50 mins every couple of days is not an attractive proposition", "likes_count": 10, "replies_count": 1, "retweets_count": 1, "hashtags": []}
{"id": 1218684111763726336, "date": "2020-01-18", "time": "18:58:28", "tweet": "Another claim you make is that Tesla Model 3 is an affordable vehicle. However, its standard configurations are $40k+, and it has had great success in one particular  market segment - the Luxury Sedan market   https://t.co/v5HMTcF39j", "likes_count": 9, "replies_count": 2, "retweets_count": 0, "hashtags": []}
{"id": 1218684110329339905, "date": "2020-01-18", "time": "18:58:28", "tweet": "Further, you claim that \"Tesla doesn't spend any money on advertising\". That's also funny, because Tesla in its own filings states that for 2018, it incurred 70M in \"marketing, promotional and advertising\".  If 70M is $0, I would happily accept this amount from you  https://t.co/E3GMVv9Oe4", "likes_count": 9, "replies_count": 3, "retweets_count": 0, "hashtags": []}
{"id": 1218684105203863552, "date": "2020-01-18", "time": "18:58:27", "tweet": "You state that \"They can't figure how to make them fast enough\".  Well, that's funny. Because Fremont has capacity of production of around 428k vehicles (NUMMI), yet Tesla produced only 367k in 2019. So you're right, they can't match Toyota because they're worse", "likes_count": 8, "replies_count": 1, "retweets_count": 0, "hashtags": []}
{"id": 1218684103937200129, "date": "2020-01-18", "time": "18:58:27", "tweet": "1) You claim that Tesla demand is insane. Here is US Model 3 sales. You may noticed a significant drop in 2019 and stagnation.  https://t.co/4ISXO5uU9s", "likes_count": 10, "replies_count": 3, "retweets_count": 1, "hashtags": []}
{"id": 1218684096261607425, "date": "2020-01-18", "time": "18:58:25", "tweet": "Hi @TailosiveEV, just watched your latest video about Tesla and it's highly inaccurate. Let me correct the many errors you make in your video:  $tsla $tslaq", "likes_count": 17, "replies_count": 2, "retweets_count": 2, "hashtags": []}
{"id": 1218684095234002949, "date": "2020-01-18", "time": "18:58:25", "tweet": "Electric burn: Those who bet against Elon Musk and Tesla are paying a big price - NPR  https://t.co/ScTdprS2O0", "likes_count": 0, "replies_count": 0, "retweets_count": 0, "hashtags": []}
{"id": 1218683943198822401, "date": "2020-01-18", "time": "18:57:48", "tweet": "@moez Usually #tesla employees are pretty good at not leaking info like that. What did you have to do to get that out of him 😅", "likes_count": 23, "replies_count": 1, "retweets_count": 0, "hashtags": ["tesla"]}
{"id": 1218683897287856128, "date": "2020-01-18", "time": "18:57:37", "tweet": "@jaqme @elonmusk @Tesla Every building is a result of cleared land. Go sleep in the forest.", "likes_count": 2, "replies_count": 0, "retweets_count": 0, "hashtags": []}
{"id": 1218683892993011713, "date": "2020-01-18", "time": "18:57:36", "tweet": "@AlanZavari @Tesla @ElectrekCo @elonmusk So.....you couldn't have used the pedal called a brake to stop it?", "likes_count": 0, "replies_count": 0, "retweets_count": 0, "hashtags": []}
{"id": 1218683883924836352, "date": "2020-01-18", "time": "18:57:34", "tweet": "@tesla_unplugged @JohnPConnell  https://t.co/q1PYF4ZcuP", "likes_count": 2, "replies_count": 1, "retweets_count": 0, "hashtags": []}
{"id": 1218683853243670528, "date": "2020-01-18", "time": "18:57:27", "tweet": "@ThemeTeamWP @DeeJ722 @gwestr @imispgh @BrandonLive @Bfklin @solarb10 @telanon @JosephKellyCSC @italianmaster @AlexRoy144 @KO_Sulli @dennyc444 @yang_yi_cn @Waymo @elonmusk @Tesla @NHTSA @NTSB @autopilot well, I guess you have never seen autopilot trying to hit an oncoming truck at 70mph head-on to say that.", "likes_count": 1, "replies_count": 0, "retweets_count": 0, "hashtags": []}
{"id": 1218683800323911680, "date": "2020-01-18", "time": "18:57:14", "tweet": "@xenosecurity @Gulag_CP Tesla is about 90, but SpaceX is 33 billion. SpaceX will probably be 90 before the end of next yr.", "likes_count": 1, "replies_count": 1, "retweets_count": 0, "hashtags": []}
{"id": 1218683798742863872, "date": "2020-01-18", "time": "18:57:14", "tweet": "@wadeanderson @Kristennetten Future demand is going to be crazy. Most of our kids friends talk about Tesla constantly. They have already decided it will be their first car. Tesla may need an extra Gigafactory or two to keep up in 5 to 10 years.", "likes_count": 1, "replies_count": 0, "retweets_count": 0, "hashtags": []}
{"id": 1218683780241584129, "date": "2020-01-18", "time": "18:57:09", "tweet": "@Kasa_Tesla 深いですね😊 補聴器を通して音を聞いているので、音はすべて嘘偽りだと私も思います。 手話は目に見える言語。見えるという点で本当の言語。でも、手話がわからない人にとっては、見えるけど聞こえない(内容がわからない)言語。 私も手話を極めたいです。", "likes_count": 2, "replies_count": 1, "retweets_count": 0, "hashtags": []}
{"id": 1218683765058306048, "date": "2020-01-18", "time": "18:57:06", "tweet": "Tesla employees are organizing for a fair wage. Sign their @teamcoworker petition now and tell @elonmusk it's time for a raise.   https://t.co/wEab4W7z58 via @teamcoworker", "likes_count": 0, "replies_count": 0, "retweets_count": 0, "hashtags": []}
{"id": 1218683747807244293, "date": "2020-01-18", "time": "18:57:02", "tweet": "@InvestorSwan @calanmcdonald @nntaleb @elonmusk @Tesla @PwC @PwCUS Tela shorters are tedious.", "likes_count": 0, "replies_count": 0, "retweets_count": 0, "hashtags": []}
{"id": 1218683689728708608, "date": "2020-01-18", "time": "18:56:48", "tweet": "@JackBauer321 @j_stroik @ThemeTeamWP @imispgh @BrandonLive @Bfklin @solarb10 @telanon @JosephKellyCSC @italianmaster @gwestr @AlexRoy144 @KO_Sulli @dennyc444 @yang_yi_cn @Waymo @elonmusk @Tesla @NHTSA @NTSB @autopilot The car is good (the X, that's it, I don't like the S nor the 3), but it's an expensive car so... I doubt just the car alone will make Tesla to own entire market (granted I doubt there's anything that would lead to this outcome)", "likes_count": 0, "replies_count": 1, "retweets_count": 0, "hashtags": []}
{"id": 1218683651476611073, "date": "2020-01-18", "time": "18:56:39", "tweet": "For the first time, Tesla Inc’s stock market value has eclipsed the combined values of General Motors Co and Ford Motor Co. #tesla  https://t.co/vprMSB6jzQ  https://t.co/Xd0cI10Ebt", "likes_count": 0, "replies_count": 0, "retweets_count": 0, "hashtags": ["tesla"]}
{"id": 1218683605918060545, "date": "2020-01-18", "time": "18:56:28", "tweet": "@UltraLinx @Tesla @elonmusk Oh man...  your making me go get a quote.   That looks amazing.", "likes_count": 0, "replies_count": 0, "retweets_count": 0, "hashtags": []}
{"id": 1218683599802773510, "date": "2020-01-18", "time": "18:56:26", "tweet": "@extinctsymbol @XR_Belgium If there was a #EV company brave enough to actually do this publicly it would \"clean up\"! [#cough coz fumes &amp; pollution &amp; eh sheds of money yeah!\" channeling my inner 90s Gervais] :P  @Kia_Motors @Jaguar @Tesla @Nissan @Audi @BMW @rickygervais @Ford @Hyundai_Global @Ford others..", "likes_count": 0, "replies_count": 1, "retweets_count": 0, "hashtags": ["ev", "cough"]}
{"id": 1218683573416402945, "date": "2020-01-18", "time": "18:56:20", "tweet": "Electric burn: Those who bet against Elon Musk and Tesla are paying a big price  https://t.co/0RzDoZEnA5", "likes_count": 0, "replies_count": 0, "retweets_count": 0, "hashtags": []}
{"id": 1218683559449432065, "date": "2020-01-18", "time": "18:56:17", "tweet": "@SantiagoAuFund You forgot TESLA bears.", "likes_count": 3, "replies_count": 0, "retweets_count": 0, "hashtags": []}
{"id": 1218683530076659718, "date": "2020-01-18", "time": "18:56:10", "tweet": "@TeslaHistorian @Tesla How pathetic it is to announce a book, and a poll and get just 42 votes ... @tesla $TSLA #TSLA", "likes_count": 2, "replies_count": 1, "retweets_count": 0, "hashtags": ["tsla"]}
{"id": 1218683487160537090, "date": "2020-01-18", "time": "18:56:00", "tweet": "Feds looking into complaints of unintended acceleration in some Tesla ca...  https://t.co/1IRX0ayhI6 via @YouTube", "likes_count": 0, "replies_count": 0, "retweets_count": 0, "hashtags": []}
{"id": 1218683447402729473, "date": "2020-01-18", "time": "18:55:50", "tweet": "It's always interesting when the more people know about something, the less they believe in it. All the smartest people I know think Tesla's Financial's are quasi criminal and yet the stock market......📈", "likes_count": 17, "replies_count": 3, "retweets_count": 4, "hashtags": []}
{"id": 1218683423017132032, "date": "2020-01-18", "time": "18:55:44", "tweet": "@TheLucidAir @28delayslater How much does EA charge per kwh?  I might consider not buying a Tesla if you can beat their price, or at least be in the ball park.  And what EV does EA sell that I can buy  instead if a Tesla?", "likes_count": 0, "replies_count": 0, "retweets_count": 0, "hashtags": []}
{"id": 1218683375499694080, "date": "2020-01-18", "time": "18:55:33", "tweet": "\"You're stealing our water\": Germans protest against Tesla gigafactory  https://t.co/0lAuVmCZn0 #SmartNews", "likes_count": 0, "replies_count": 0, "retweets_count": 0, "hashtags": ["smartnews"]}
{"id": 1218683360723324928, "date": "2020-01-18", "time": "18:55:29", "tweet": "@thirdrowtesla And now look how responsive the totally outdated screen of a classic #Tesla Roadster is:   https://t.co/EMNo4v8kj0", "likes_count": 7, "replies_count": 2, "retweets_count": 0, "hashtags": ["tesla"]}
{"id": 1218683354079485953, "date": "2020-01-18", "time": "18:55:28", "tweet": "@nntaleb @elonmusk I'm with Tesla customer service... Last year I accidentally payed a contractor to build an entire addition on my house.  PayPal butt payment for 100k. I didn't realize until he built the whole thing and I asked for a refund.", "likes_count": 1, "replies_count": 1, "retweets_count": 0, "hashtags": []}
{"id": 1218683339772530688, "date": "2020-01-18", "time": "18:55:24", "tweet": "@tesla_unplugged @TeslaTested For the record, I'm not claiming that an adult can go in there comfortable for a long trip but as you said this is probably with the second row all the way back", "likes_count": 2, "replies_count": 1, "retweets_count": 0, "hashtags": []}
{"id": 1218683318880829440, "date": "2020-01-18", "time": "18:55:19", "tweet": "\"Tesla, perhaps the most famous electric vehicle company in the world, has had a tumultuous last 12 months on the public #markets. The company is worth $507. 28 per share at the moment, valuing #Tesla at $91. 38 billion according to #Google #Finance…  https://t.co/yURqmKD8GA", "likes_count": 1, "replies_count": 0, "retweets_count": 0, "hashtags": ["markets", "tesla", "google", "finance"]}
{"id": 1218683299431964672, "date": "2020-01-18", "time": "18:55:15", "tweet": "Pictures surface of Tesla Model Y third-row seats, and they don’t look large  https://t.co/B7l35xovSB #TeslaMotors", "likes_count": 0, "replies_count": 0, "retweets_count": 0, "hashtags": ["teslamotors"]}
{"id": 1218683298026795008, "date": "2020-01-18", "time": "18:55:14", "tweet": "@elonmusk @EvaFoxU Can I please have a Tesla", "likes_count": 0, "replies_count": 0, "retweets_count": 0, "hashtags": []}
{"id": 1218683255295078401, "date": "2020-01-18", "time": "18:55:04", "tweet": "@canadiantesla1 @elonmusk @Tesla Fyi the location will soon be moving", "likes_count": 0, "replies_count": 1, "retweets_count": 0, "hashtags": []}
{"id": 1218683250190712832, "date": "2020-01-18", "time": "18:55:03", "tweet": "Pictures surface of Tesla Model Y third-row seats, and they don’t look large   https://t.co/g0GVIlkOwn", "likes_count": 13, "replies_count": 2, "retweets_count": 4, "hashtags": []}
{"id": 1218683245027627008, "date": "2020-01-18", "time": "18:55:02", "tweet": "#Hummer resucitará para competir con #Tesla fabricando #SUV Y #Pickups eléctricos  https://t.co/Y9EZcFBu9M", "likes_count": 0, "replies_count": 0, "retweets_count": 0, "hashtags": ["hummer", "tesla", "suv", "pickups"]}
{"id": 1218683210332286976, "date": "2020-01-18", "time": "18:54:54", "tweet": "@brvandewalle Porsche, Audi en andere aangesloten merken hebben hun eigen tarieven. Ik las dat bij de Taycan het laden het eerste jaar volledig gratis is. Het zijn dus de concurrenten (Tesla,Kia, Hyundai etc) die fors betalen voor supersnel laden, niet de eigen „leden@", "likes_count": 0, "replies_count": 0, "retweets_count": 0, "hashtags": []}
{"id": 1218683204829356033, "date": "2020-01-18", "time": "18:54:52", "tweet": "@ThemeTeamWP @j_stroik @JackBauer321 @imispgh @BrandonLive @Bfklin @solarb10 @telanon @JosephKellyCSC @italianmaster @gwestr @AlexRoy144 @KO_Sulli @dennyc444 @yang_yi_cn @Waymo @elonmusk @Tesla @NHTSA @NTSB @autopilot Why do you hate on Tesla so much? They might be forced to do geofencing because the technology is subpar, but at least they have a honorable mission? 🙃", "likes_count": 2, "replies_count": 0, "retweets_count": 0, "hashtags": []}
{"id": 1218683153663041536, "date": "2020-01-18", "time": "18:54:40", "tweet": "Who you gonna call when your Tesla breaks down on your way to your indentured servitude at the Gigawatt factory?   SEPTUPLE A!   https://t.co/p5nGqZnBIW", "likes_count": 2, "replies_count": 1, "retweets_count": 0, "hashtags": []}
{"id": 1218683125305229314, "date": "2020-01-18", "time": "18:54:33", "tweet": "Dangerous near miss in the Hunter Valley yesterday with @electricfuture5 . My indicator was on well before slowing down to turn right. Slowed down to spot the entrance. Autopilot was off. Car did not accelerate to avoid, would we want that in this situation?  #Model3AU #Tesla  https://t.co/B3DrMo0Dzc", "likes_count": 7, "replies_count": 1, "retweets_count": 1, "hashtags": ["model3au", "tesla"]}
{"id": 1218683120129413120, "date": "2020-01-18", "time": "18:54:32", "tweet": "Experimento muestra cómo se ejecutó con éxito un nodo completo de Bitcoin en un automóvil eléctrico Tesla  https://t.co/TkCiicmeZD  https://t.co/mn64vAGQK6", "likes_count": 0, "replies_count": 0, "retweets_count": 0, "hashtags": []}
{"id": 1218683084318629888, "date": "2020-01-18", "time": "18:54:23", "tweet": "LEGO Ideas Tesla Cybertruck Achieves 10,000 Supporters  https://t.co/hrqsy8Qlbd", "likes_count": 0, "replies_count": 0, "retweets_count": 0, "hashtags": []}
{"id": 1218683065058385920, "date": "2020-01-18", "time": "18:54:19", "tweet": "@fly4dat A rickshaw was sold 10000:1 in India against a tesla! The only markets that matter are the US and China! All others make a single percentage point difference", "likes_count": 0, "replies_count": 0, "retweets_count": 0, "hashtags": []}
{"id": 1218683064223698946, "date": "2020-01-18", "time": "18:54:19", "tweet": "Just saw a couple in a Tesla have a tickle fight while on the freeway. 👀👍🏼", "likes_count": 0, "replies_count": 0, "retweets_count": 0, "hashtags": []}
