{"id": 1307469507972280320, "date": "2020-09-19", "time": "19:59:56", "tweet": "@Teslatunity @TeslaFSD @MarkGabbs @michael_rounds @TeslaOwnersofNH @Gwgans Hey Michael, I hear your name come up all the time, thanks for sharing that fun pic! (museum at the top is closed for now). A few of my pics &amp; stats from Sep 5th 2020:  https://t.co/sUV5LVfxKB with the rest of my Tesla stuff at:  https://t.co/bWZpb6SSJK  https://t.co/BcVhqgGPNm", "likes_count": 1, "replies_count": 1, "retweets_count": 0, "hashtags": []}
{"id": 1307469496127500289, "date": "2020-09-19", "time": "19:59:54", "tweet": "@markbspiegel @TESLAcharts *But but.. its not an auto company..  To me all the back of the envelop calculations are beside the point. What happens when tesla cant sell reg. credits any more. that's the question people need to ask..", "likes_count": 1, "replies_count": 1, "retweets_count": 0, "hashtags": []}
{"id": 1307469446492180482, "date": "2020-09-19", "time": "19:59:42", "tweet": "@elonmusk @teslaownersSV @Model3Owners @TrungTPhan Dear Elon, Consider luxemourg for any new project:) i will quit my job and work for you in a well-organized and in competent way. I hate inefficiency. Any chance to work for Tesla Lu as a part time job? Need to raise my kids. And as always; thanks for trying to save us. A human.", "likes_count": 0, "replies_count": 0, "retweets_count": 0, "hashtags": []}
{"id": 1307469422605541377, "date": "2020-09-19", "time": "19:59:36", "tweet": "Made a drop at the US Postal Office  for my family and friends.  Cards are off. @jamesbuchanan27 @AustinTeslaClub @jeremyjudkins @AdamHoov @nick_kean @kmundis @HogDexter @CodingMark @serenity64160 @motogunslinger @MarkJam93765764 @_jeffreyr @tesla  https://t.co/d8TvkIHWrY", "likes_count": 10, "replies_count": 2, "retweets_count": 1, "hashtags": []}
{"id": 1307469419489062912, "date": "2020-09-19", "time": "19:59:35", "tweet": "@marcus_ In a tesla", "likes_count": 1, "replies_count": 0, "retweets_count": 0, "hashtags": []}
{"id": 1307469327839494145, "date": "2020-09-19", "time": "19:59:14", "tweet": "@nikolatrevor Mr. Milton \"This is really a real truck really. Its real you can change the temperature and like they said I couldn't do it but its really real truck really. We really have real batteries that are better than Tesla really.", "likes_count": 3, "replies_count": 0, "retweets_count": 0, "hashtags": []}
{"id": 1307469307136311304, "date": "2020-09-19", "time": "19:59:09", "tweet": "@MrBeastYT i think thats enough to buy a tesla.... right?", "likes_count": 0, "replies_count": 0, "retweets_count": 0, "hashtags": []}
{"id": 1307469255588425728, "date": "2020-09-19", "time": "19:58:56", "tweet": "@abranezeiza todos queremos, pero yo tambien quiero que un tesla meneje por mi", "likes_count": 0, "replies_count": 1, "retweets_count": 0, "hashtags": []}
{"id": 1307469249229717504, "date": "2020-09-19", "time": "19:58:55", "tweet": "@RosannaPansino @Husky @YouTube @Tesla That was too much fun! Loved the parking test. Almost slid home! Thanks for the laughs 😄😅😄😄🤪🤪🤪", "likes_count": 0, "replies_count": 0, "retweets_count": 0, "hashtags": []}
{"id": 1307469223648727040, "date": "2020-09-19", "time": "19:58:49", "tweet": "Sources3 But Bears Landing The Punches; Tesla Battery Day Key #fakeheadlinebot #learntocode #makeatwitterbot #javascript", "likes_count": 0, "replies_count": 0, "retweets_count": 2, "hashtags": ["fakeheadlinebot", "learntocode", "makeatwitterbot", "javascript"]}
{"id": 1307469194812940288, "date": "2020-09-19", "time": "19:58:42", "tweet": "@MrBeastYT Will I get a tesla if I sub and unsub to be your 44 mil subscriber", "likes_count": 0, "replies_count": 0, "retweets_count": 0, "hashtags": []}
{"id": 1307469107739189250, "date": "2020-09-19", "time": "19:58:21", "tweet": "Tesla reintroduces ‘Enhanced Autopilot’ – offering cheaper alternative to ‘Full Self-Driving’  https://t.co/IoEYenvBf8", "likes_count": 0, "replies_count": 0, "retweets_count": 0, "hashtags": []}
{"id": 1307469103674916864, "date": "2020-09-19", "time": "19:58:20", "tweet": "@PascuOnFire Tampoco son tan caros los Tesla  https://t.co/N1kbM8AjT4", "likes_count": 1, "replies_count": 0, "retweets_count": 0, "hashtags": []}
{"id": 1307469076655112193, "date": "2020-09-19", "time": "19:58:14", "tweet": "@tesla_raj @Teslatunity @jkparvadia @elonmusk Thank you sir.", "likes_count": 1, "replies_count": 0, "retweets_count": 0, "hashtags": []}
{"id": 1307469067910086657, "date": "2020-09-19", "time": "19:58:12", "tweet": "New post: \"Goldman Sachs Made $100 Million Off Tesla Trades This Year\"  https://t.co/Vri2EWpPrq", "likes_count": 0, "replies_count": 0, "retweets_count": 0, "hashtags": []}
{"id": 1307469065678540800, "date": "2020-09-19", "time": "19:58:11", "tweet": "@WholeMarsBlog @elonmusk Everytime Tesla sells an $8k FSD it’s equivalent to more than:  114 years of Disney + 67 years of Amazon Prime 51 years of Netflix  Billed upfront, 100% margin.", "likes_count": 189, "replies_count": 8, "retweets_count": 21, "hashtags": []}
{"id": 1307469030027034624, "date": "2020-09-19", "time": "19:58:03", "tweet": "@ICannot_Enough @elonmusk Hey as a German (Tesla investor) I always wonder why as in this example often US sales are mentioned. But global is more humble and relevant Do you have these numbers too? 🍒 Picking is for shortsellers 😉 Btw the recent podcast on @HyperChangeTV  was incredibly credible.", "likes_count": 10, "replies_count": 3, "retweets_count": 0, "hashtags": []}
{"id": 1307468983390666757, "date": "2020-09-19", "time": "19:57:51", "tweet": "@fmontez2 @RealCandaceO The day science begins to study non-physical phenomena, it will make more progress in one decade than in all the previous centuries of its existence. Nikola Tesla. I rather listen to him than to some pseudoscientist like yourself 🤔🤔🤔", "likes_count": 0, "replies_count": 1, "retweets_count": 0, "hashtags": []}
{"id": 1307468930039062529, "date": "2020-09-19", "time": "19:57:39", "tweet": "Quiero manejar un Tesla", "likes_count": 6, "replies_count": 3, "retweets_count": 1, "hashtags": []}
{"id": 1307468811906543616, "date": "2020-09-19", "time": "19:57:11", "tweet": "Goldman Sachs Made $100 Million Off Tesla Trades This Year  https://t.co/qnMhAlrgaZ", "likes_count": 0, "replies_count": 0, "retweets_count": 0, "hashtags": []}
