{"id": 1226294615528984576, "date": "2020-02-08", "time": "18:59:54", "tweet": "@elonmusk under the hood of a tesla  https://t.co/a1ylu8hRtL  I should have known!", "likes_count": 0, "replies_count": 0, "retweets_count": 0, "hashtags": []}
{"id": 1226294599590858754, "date": "2020-02-08", "time": "18:59:50", "tweet": "@amlivemon @BaldingsWorld @DukeMarcude Interestingly reports say Foxconn denied permission to open factory but Tesla receiving state help to ramp production", "likes_count": 1, "replies_count": 1, "retweets_count": 0, "hashtags": []}
{"id": 1226294580632358912, "date": "2020-02-08", "time": "18:59:46", "tweet": "@SeanMRyan149 Heard your interview call-in on the radio, thanks for your support of our clean future with Tesla leading the way!", "likes_count": 5, "replies_count": 0, "retweets_count": 0, "hashtags": []}
{"id": 1226294455621255173, "date": "2020-02-08", "time": "18:59:16", "tweet": "EMERGENCY RESPONSE TO THE TESLA SOLAR ROOF  https://t.co/zrNE6oPxBK via @YouTube", "likes_count": 0, "replies_count": 0, "retweets_count": 0, "hashtags": []}
{"id": 1226294399438487552, "date": "2020-02-08", "time": "18:59:02", "tweet": "@JUANCARLOSARANA @tuffiare Fasil compras acciones de tesla motors y xspace y listo jajajaja naaaaaaa mejor haces abasteces al aeropuerto de Chimore o bien trabajas en camc", "likes_count": 3, "replies_count": 0, "retweets_count": 0, "hashtags": []}
{"id": 1226294375564509185, "date": "2020-02-08", "time": "18:58:57", "tweet": "@elonmusk I have a question!  What if @Tesla made a boat? What would it look like?   This is what I believe the #TeslaBoat might look! 🤠  https://t.co/S6T7uGkbf1", "likes_count": 0, "replies_count": 0, "retweets_count": 0, "hashtags": ["teslaboat"]}
{"id": 1226294351359365120, "date": "2020-02-08", "time": "18:58:51", "tweet": "Scelgo decisamente la Tesla. #Sanremo70", "likes_count": 0, "replies_count": 0, "retweets_count": 0, "hashtags": ["sanremo70"]}
{"id": 1226294339749285888, "date": "2020-02-08", "time": "18:58:48", "tweet": "Tesla is in the lead and... other auto manufacturers are in trouble: Tes...  https://t.co/lv2ner4k86 via @YouTube", "likes_count": 0, "replies_count": 0, "retweets_count": 0, "hashtags": []}
{"id": 1226294309651144707, "date": "2020-02-08", "time": "18:58:41", "tweet": "Connor wants a Tesla should I let him get it", "likes_count": 4, "replies_count": 1, "retweets_count": 0, "hashtags": []}
{"id": 1226294297655496705, "date": "2020-02-08", "time": "18:58:38", "tweet": "@inyaki1980 @teslavlogs @TeslaParaTodos @slcuervo @Tesla @ClubTeslaES @TeslaM3Spain @elonmusk Es un taller especializado en carrocerías. El Service center de Tesla en Madrid está situado en la nave contigua a VUSA  https://t.co/fZquwQypuY", "likes_count": 1, "replies_count": 1, "retweets_count": 0, "hashtags": []}
{"id": 1226294297466634242, "date": "2020-02-08", "time": "18:58:38", "tweet": "@TESLAcharts $TSLA is not concerned about liability because Musk has the ability to put a Tesla cultist trial lawyer on the jury. You sue, you lose. Rule of law? Are you kidding? Did you see he wear a CIA shirt?", "likes_count": 1, "replies_count": 0, "retweets_count": 0, "hashtags": []}
{"id": 1226294219834372099, "date": "2020-02-08", "time": "18:58:20", "tweet": "My son made a sweet Lego Tesla Truck @elonmusk @Tesla @TesIaTruck  https://t.co/SuAF00lyTj", "likes_count": 0, "replies_count": 0, "retweets_count": 0, "hashtags": []}
{"id": 1226294204424474624, "date": "2020-02-08", "time": "18:58:16", "tweet": "@Tesla3Tray @Apple @Tesla They need to sell the new iphone", "likes_count": 1, "replies_count": 0, "retweets_count": 0, "hashtags": []}
{"id": 1226294189295464448, "date": "2020-02-08", "time": "18:58:12", "tweet": "@jeremyjudkins @Tesla @elonmusk Just for you @jeremyjudkins. Wifi secured.  https://t.co/kGl0T7PgWs", "likes_count": 0, "replies_count": 0, "retweets_count": 0, "hashtags": []}
{"id": 1226294156856877056, "date": "2020-02-08", "time": "18:58:05", "tweet": "@chuchotes59 Quel con il aurait pu acheter 2-3 Tesla il a acheté un vieux sac claqué au sol on dirait le truc tu le trouve dans une buanderie a tourcoing", "likes_count": 0, "replies_count": 0, "retweets_count": 0, "hashtags": []}
{"id": 1226294132685123584, "date": "2020-02-08", "time": "18:57:59", "tweet": "@jdiddymac @CARandDRIVER @Porsche @Tesla I really wish all the journalists would just stop. The EPA is the best in the world at EV efficiency and range evaluation. They do it in a highly controlled environment all the way to zero", "likes_count": 1, "replies_count": 0, "retweets_count": 0, "hashtags": []}
{"id": 1226294118663454725, "date": "2020-02-08", "time": "18:57:55", "tweet": "@LandrydubP @TraegerGrills Couldn’t agree more. Customer Service reps have been quoted saying “it’s not a big deal”...if I buy a Tesla, you better believe I expect it to drive itself. I don’t think it’s too much to ask that my WiFi continue to work when it hasn’t been an issue for over a year.", "likes_count": 5, "replies_count": 2, "retweets_count": 0, "hashtags": []}
{"id": 1226294071913844736, "date": "2020-02-08", "time": "18:57:44", "tweet": "1 share of Tesla at $250 would be 3% of an $8,334 portfolio. This hypothetical trader would have to sell their only share of Tesla in order to “diversify”. A portfolio with 8% in 1 share of Tesla is fine, lol.", "likes_count": 1, "replies_count": 0, "retweets_count": 0, "hashtags": []}
{"id": 1226294057778892800, "date": "2020-02-08", "time": "18:57:41", "tweet": "@Richardshouse @outbacktesla @Tesla Very good question. I have a Model 3 and don’t carry a spare. Most of my driving whilst long is pretty urban so I’d use roadside if needed. If rural there are spare options you can buy as a kit that have everything needed which I’d recommend for a Model 3.", "likes_count": 1, "replies_count": 1, "retweets_count": 0, "hashtags": []}
{"id": 1226293959149981696, "date": "2020-02-08", "time": "18:57:17", "tweet": "Tesla a pulvérisé tous les records en 2019  https://t.co/4dXmBHHpzO", "likes_count": 0, "replies_count": 0, "retweets_count": 0, "hashtags": []}
