{"id": 1345520243377111047, "date": "2021-01-02", "time": "18:59:59", "tweet": "@stats_feed @Tesla Congratulations👏", "likes_count": 0, "replies_count": 0, "retweets_count": 0, "hashtags": []}
{"id": 1345520191590051846, "date": "2021-01-02", "time": "18:59:46", "tweet": "@NotM_oo @rihannawhit10 thank you for lending me the keys to your tesla model x and looking after my nan that one time. also those puppies that u rescused with ur bare hands are doing great all very healthy", "likes_count": 7, "replies_count": 1, "retweets_count": 0, "hashtags": []}
{"id": 1345520179313332226, "date": "2021-01-02", "time": "18:59:43", "tweet": "\"Nio has great technology in place with their extensive battery charging and power swap facility network. New EV models have been reported and are being introduced. When they start selling to Europe and the USA, they will be over $200.\" $NIO $Tesla #NioDay", "likes_count": 4, "replies_count": 0, "retweets_count": 0, "hashtags": ["nioday"]}
{"id": 1345520167363764224, "date": "2021-01-02", "time": "18:59:41", "tweet": "@elonmusk explain me this. How does Tesla Financial (AKA @WellsFargo) decline a loan for a car I already have for almost 2 months? #tesla #wellsfargo", "likes_count": 0, "replies_count": 0, "retweets_count": 0, "hashtags": ["tesla", "wellsfargo"]}
{"id": 1345520165719580674, "date": "2021-01-02", "time": "18:59:40", "tweet": "@GerberKawasaki @elonmusk @Tesla I will be having one of the 1,000,000 delivered in 2021.", "likes_count": 2, "replies_count": 0, "retweets_count": 0, "hashtags": []}
{"id": 1345520111139041282, "date": "2021-01-02", "time": "18:59:27", "tweet": "@Tesla Far too much cobalt in those batteries.", "likes_count": 0, "replies_count": 0, "retweets_count": 0, "hashtags": []}
{"id": 1345520101769048064, "date": "2021-01-02", "time": "18:59:25", "tweet": "@zikyre Tesla over titties😌", "likes_count": 1, "replies_count": 0, "retweets_count": 1, "hashtags": []}
{"id": 1345520085239267328, "date": "2021-01-02", "time": "18:59:21", "tweet": "@BabymarioRBLX Love that Model 3! Thought about getting a Nissan Leaf, because there's no Tesla Dealerships around me, and Nissan Leaf's use typical parts in case something breaks. It's also fairly cheap and easy to fix them. If there was a Tesla Dealership, you better bet I'm getting one!", "likes_count": 1, "replies_count": 1, "retweets_count": 0, "hashtags": []}
{"id": 1345520068113809408, "date": "2021-01-02", "time": "18:59:17", "tweet": "@FroZn @SuitingRex I don't touch Crypto personally. Stocks are my way to go. I currently have investment in: - Tesla - Disney - Plug Power - Apple - NIO  I'd recommend watching some videos, and researching about companies you'd want to invest in.", "likes_count": 1, "replies_count": 1, "retweets_count": 0, "hashtags": []}
{"id": 1345520049478483968, "date": "2021-01-02", "time": "18:59:13", "tweet": "@north_tesla DeathYo", "likes_count": 2, "replies_count": 0, "retweets_count": 0, "hashtags": []}
{"id": 1345520024950173697, "date": "2021-01-02", "time": "18:59:07", "tweet": "@WhipLash347 Quantum energy the power of 3 6 9 Tesla is bringing this to the world!", "likes_count": 8, "replies_count": 0, "retweets_count": 0, "hashtags": []}
{"id": 1345519959443709954, "date": "2021-01-02", "time": "18:58:51", "tweet": "@love2learn50 @Adntwt @business Oh, alright...maybe putting “Tesla’s March lows” would’ve helped with the confusion lol...", "likes_count": 0, "replies_count": 0, "retweets_count": 0, "hashtags": []}
{"id": 1345519918498918402, "date": "2021-01-02", "time": "18:58:41", "tweet": "@michaelmalice @elonmusk I thought about too.I’d like it however I can’t help but think I’d bore him with information he already knows lol. SpaceX , Tesla, . But yea it would be pretty awesome.", "likes_count": 0, "replies_count": 1, "retweets_count": 0, "hashtags": []}
{"id": 1345519889109270528, "date": "2021-01-02", "time": "18:58:34", "tweet": "Elon Musk: Tesla self-driving is safer for all  https://t.co/BEKuvYNKcz  https://t.co/EBsOvwDOBH", "likes_count": 0, "replies_count": 0, "retweets_count": 0, "hashtags": []}
{"id": 1345519866338488321, "date": "2021-01-02", "time": "18:58:29", "tweet": "There were 2821 registered Tesla Model 3 (jan-nov 2020) in sweden. How many do tesla own? I guess hundreds, takes time to manually go through the list (will do later) . But I guess 200-300?! . Is this how they boost \"sales\"? Cc @PlainSite", "likes_count": 15, "replies_count": 5, "retweets_count": 0, "hashtags": []}
{"id": 1345519864975417346, "date": "2021-01-02", "time": "18:58:29", "tweet": "What is Tesla going to do man 😭😭😭😭  https://t.co/Wl2i6uqQW9", "likes_count": 5, "replies_count": 2, "retweets_count": 0, "hashtags": []}
{"id": 1345519833324998656, "date": "2021-01-02", "time": "18:58:21", "tweet": "@elonmusk This is great!  I have had our Model 3 for 18 months as of today.  We were first day reservation holders.  Our's was the first in our rural Arizona county.  Now I know of three others in our town of 12,000.  We see another Tesla almost everyday!  Slowly, we'll change the world !!", "likes_count": 0, "replies_count": 0, "retweets_count": 0, "hashtags": []}
{"id": 1345519782607646720, "date": "2021-01-02", "time": "18:58:09", "tweet": "Like #oilandgas and gasoline automobile manufacturers are afraid and thanks to #tesla #nio and other up and coming #EVs, they will not be around for too much longer", "likes_count": 2, "replies_count": 1, "retweets_count": 0, "hashtags": ["oilandgas", "tesla", "nio", "evs"]}
{"id": 1345519704094375936, "date": "2021-01-02", "time": "18:57:50", "tweet": "@SGivensIV @tesla_master It’s a North Carolina thing :)", "likes_count": 1, "replies_count": 0, "retweets_count": 0, "hashtags": []}
{"id": 1345519692539191297, "date": "2021-01-02", "time": "18:57:47", "tweet": "The bottom line; in 2021 Tesla’s yy delivery growth rates will likely be closer 40%, which means the company will grow deliveries 4x faster than most auto companies.", "likes_count": 244, "replies_count": 26, "retweets_count": 12, "hashtags": []}
