{"id": 1254198351186231302, "date": "2020-04-25", "time": "19:59:23", "tweet": "@dunyabilim1 Nikola tesla tabiki ☺", "likes_count": 0, "replies_count": 1, "retweets_count": 0, "hashtags": []}
{"id": 1254198325416427521, "date": "2020-04-25", "time": "19:59:17", "tweet": "@orcinus @ex_Tesla There isn't a difference  Other than  We have had (always but lately an increasing amount) of crony capitalism here but everyone is brainwashed into thinking it's awesome  Vs being brainwashed into vilifying the other side of the exact same coin", "likes_count": 4, "replies_count": 0, "retweets_count": 0, "hashtags": []}
{"id": 1254198254520147969, "date": "2020-04-25", "time": "19:59:00", "tweet": "@lopez__tony so proud of you🥺 now you can sneak out to play games in your Tesla instead of Thomas’ lmaooo", "likes_count": 1, "replies_count": 0, "retweets_count": 0, "hashtags": []}
{"id": 1254198234567700480, "date": "2020-04-25", "time": "19:58:55", "tweet": "Fascinating info! The Vital Light of Nikola Tesla: Healing Power of Ultraviolet Rays  https://t.co/jyHCLsidvj", "likes_count": 0, "replies_count": 0, "retweets_count": 0, "hashtags": []}
{"id": 1254198233095602176, "date": "2020-04-25", "time": "19:58:55", "tweet": "Dear Tesla:  https://t.co/tL3cMUriHW", "likes_count": 3, "replies_count": 1, "retweets_count": 0, "hashtags": []}
{"id": 1254198141160574976, "date": "2020-04-25", "time": "19:58:33", "tweet": "Tesla rolls out Autopilot navigation for traffic lights and stop signs  https://t.co/Vb47abc276  https://t.co/nN7hw5lM4z", "likes_count": 0, "replies_count": 0, "retweets_count": 0, "hashtags": []}
{"id": 1254198134256828416, "date": "2020-04-25", "time": "19:58:31", "tweet": "@lopez__tony ooo yay now you don’t have to “break” into thomas’s tesla😂", "likes_count": 0, "replies_count": 0, "retweets_count": 0, "hashtags": []}
{"id": 1254198113608167425, "date": "2020-04-25", "time": "19:58:26", "tweet": "TESLA TRUMP &amp; THE TIME CAPSULE! DARK JOURNALIST X SERIES IV  https://t.co/jlxL8nx0kn via @YouTube", "likes_count": 0, "replies_count": 0, "retweets_count": 0, "hashtags": []}
{"id": 1254198034230996992, "date": "2020-04-25", "time": "19:58:07", "tweet": "When Tesla was resisting calls to idle factory in March, Fremont officials sought clarification from Alameda County as to whether the company was an essential business. Erica Pan, the county’s health officer, considered the plant to be a public health risk  https://t.co/K4HKEXCWVH", "likes_count": 9, "replies_count": 1, "retweets_count": 5, "hashtags": []}
{"id": 1254198000039219202, "date": "2020-04-25", "time": "19:57:59", "tweet": "@lopez__tony TESLA", "likes_count": 0, "replies_count": 0, "retweets_count": 0, "hashtags": []}
{"id": 1254197988412362752, "date": "2020-04-25", "time": "19:57:56", "tweet": "#tesla gets recalled due to corrosion, everyone gets nuts and stupid shorts start sharing it everywhere and blaming tesla Ford recalls for life threatening issue, everyone just calm... why?", "likes_count": 0, "replies_count": 0, "retweets_count": 0, "hashtags": ["tesla"]}
{"id": 1254197857478901762, "date": "2020-04-25", "time": "19:57:25", "tweet": "@bombero1394 @omg_tesla @ryanshawtech 4runners are amazing, we actually traded in a 2003 for our Model Y, but we have a Tundra for camping and towing.", "likes_count": 1, "replies_count": 1, "retweets_count": 0, "hashtags": []}
{"id": 1254197800847491074, "date": "2020-04-25", "time": "19:57:12", "tweet": "@ex_Tesla @PlugInFUD Crony capitalism is the exact same thing as crony communism. Change my mind.", "likes_count": 2, "replies_count": 1, "retweets_count": 0, "hashtags": []}
{"id": 1254197798125416448, "date": "2020-04-25", "time": "19:57:11", "tweet": "Tesla continua sendo sensacional demaaaaaaais", "likes_count": 0, "replies_count": 0, "retweets_count": 0, "hashtags": []}
{"id": 1254197734967586817, "date": "2020-04-25", "time": "19:56:56", "tweet": "@mbc48 @cyberpyro1 @Met416561 @BrandonBeckham_ @ChuckCallesto @realDonaldTrump @RichforGA @FoxNews Yeah, Trump not so crazy to mention such a possibility, though.  Gotta be careful with internal UV so as not to cause blindness. It'll be interesting to follow progress.   Nikola Tesla had done some work in this arena in times past.", "likes_count": 0, "replies_count": 1, "retweets_count": 0, "hashtags": []}
{"id": 1254197730282557440, "date": "2020-04-25", "time": "19:56:55", "tweet": "@lopez__tony is it a Tesla", "likes_count": 0, "replies_count": 0, "retweets_count": 0, "hashtags": []}
{"id": 1254197703753465862, "date": "2020-04-25", "time": "19:56:49", "tweet": "@elonmusk Elon probably sitting with a core i15 in his pc with a tesla tower that is wirelessly powered", "likes_count": 0, "replies_count": 0, "retweets_count": 0, "hashtags": []}
{"id": 1254197593866977284, "date": "2020-04-25", "time": "19:56:22", "tweet": "@wusDApassword @Tesla @elonmusk Just a Model X 😂 I got him a @Tesla @Hot_Wheels", "likes_count": 3, "replies_count": 2, "retweets_count": 0, "hashtags": []}
{"id": 1254197491253248008, "date": "2020-04-25", "time": "19:55:58", "tweet": "@vgr Kind of agree with this, with the profileration of AI vision, robotics ... the labour advantage that China has will diminished. US with Tesla and Amazon possibly leading this new era of factory full of robots ... to the new age AI factories in the US.", "likes_count": 0, "replies_count": 0, "retweets_count": 0, "hashtags": []}
{"id": 1254197451562586113, "date": "2020-04-25", "time": "19:55:48", "tweet": "@lopez__tony Did you get a Tesla?", "likes_count": 0, "replies_count": 0, "retweets_count": 0, "hashtags": []}
