{"id": 1294785900325621763, "date": "2020-08-15", "time": "19:59:49", "tweet": "Tesla in Austin! #ATX #TechNews", "likes_count": 1, "replies_count": 0, "retweets_count": 0, "hashtags": ["atx", "technews"]}
{"id": 1294785880251682820, "date": "2020-08-15", "time": "19:59:44", "tweet": "@tesla_utah @jeremyjudkins @jeremyjudkins is unpredictable, you gotta watch out what you say around him 😂", "likes_count": 0, "replies_count": 0, "retweets_count": 0, "hashtags": []}
{"id": 1294785844436512768, "date": "2020-08-15", "time": "19:59:35", "tweet": "@ProfDemirtas Tesla Nikolaoglu", "likes_count": 0, "replies_count": 0, "retweets_count": 0, "hashtags": []}
{"id": 1294785818310123520, "date": "2020-08-15", "time": "19:59:29", "tweet": "Tesla is noted for its electric cars but the most significant development may be in energy storage.  This will impact electric energy producers, oil producers and coal producers. Storing renewable energy has been the missing link.", "likes_count": 1, "replies_count": 0, "retweets_count": 1, "hashtags": []}
{"id": 1294785812584898566, "date": "2020-08-15", "time": "19:59:28", "tweet": "Please go ahead and strengthen your IT guys and servers for the August 31st split of Tesla and Apple. I don’t need y’all crashing in the clutch again @AskRobinhood @RobinhoodApp @RobinHoodNYC", "likes_count": 0, "replies_count": 1, "retweets_count": 0, "hashtags": []}
{"id": 1294785767013789696, "date": "2020-08-15", "time": "19:59:17", "tweet": "@vincent13031925 @elonmusk @flcnhvy @ICannot_Enough @Tesla Nevada 🤔", "likes_count": 0, "replies_count": 0, "retweets_count": 0, "hashtags": []}
{"id": 1294785755181535232, "date": "2020-08-15", "time": "19:59:14", "tweet": "@TicTocTick If he was the only one bullish, Tesla and S&amp;P would not be up.. you need more buyers than sellers for price to move up", "likes_count": 0, "replies_count": 0, "retweets_count": 0, "hashtags": []}
{"id": 1294785732645724160, "date": "2020-08-15", "time": "19:59:09", "tweet": "i bet you never hot wired a tesla", "likes_count": 0, "replies_count": 0, "retweets_count": 0, "hashtags": []}
{"id": 1294785726756855808, "date": "2020-08-15", "time": "19:59:07", "tweet": "Texans are dying, sick, unemployed, hungry, but Tesla.", "likes_count": 19, "replies_count": 3, "retweets_count": 5, "hashtags": []}
{"id": 1294785723615326208, "date": "2020-08-15", "time": "19:59:07", "tweet": "In-cro-yable Nouvelle Tesla ! (tellement rapide, c'est fou)  https://t.co/e7gCXe4j4l via @YouTube", "likes_count": 0, "replies_count": 0, "retweets_count": 0, "hashtags": []}
{"id": 1294785635698573313, "date": "2020-08-15", "time": "19:58:46", "tweet": "I'm at Tesla Supercharger Station in Menlo Park, CA  https://t.co/iViG13lPmI", "likes_count": 1, "replies_count": 0, "retweets_count": 1, "hashtags": []}
{"id": 1294785625845977088, "date": "2020-08-15", "time": "19:58:43", "tweet": "@CorpGo @Doggie_wumpus @BrockTheFree @democracyworx @GerberKawasaki @elonmusk Funny you asked.  @Tesla has a battery day coming up on 9/22.", "likes_count": 2, "replies_count": 1, "retweets_count": 0, "hashtags": []}
{"id": 1294785621525803009, "date": "2020-08-15", "time": "19:58:42", "tweet": "@EvaFoxU @elonmusk I dream of the day when Tesla's Solar and Energy products will become available all over the world!", "likes_count": 1, "replies_count": 0, "retweets_count": 0, "hashtags": []}
{"id": 1294785615586832384, "date": "2020-08-15", "time": "19:58:41", "tweet": "@GregAbbott_TX @Tesla Yes. You know why he’s coming here? Because he thinks we are a free state. He doesn’t know that you are fearful of the liberals....you don’t have the courage to do what is right no matter what they say. Open our state. Let us live free and LET US determine our fate.", "likes_count": 4, "replies_count": 0, "retweets_count": 0, "hashtags": []}
{"id": 1294785607248433152, "date": "2020-08-15", "time": "19:58:39", "tweet": "@n3ckf @teslaownersSV @Tesla This ^^^", "likes_count": 0, "replies_count": 0, "retweets_count": 0, "hashtags": []}
{"id": 1294785591251361793, "date": "2020-08-15", "time": "19:58:35", "tweet": "@MyEvilTwinMN @johnmoe Yes, Tesla is my other cat. Tofu loves him so much!   https://t.co/ljvaVa9tga", "likes_count": 0, "replies_count": 0, "retweets_count": 0, "hashtags": []}
{"id": 1294785590802763777, "date": "2020-08-15", "time": "19:58:35", "tweet": "@GregAbbott_TX @Tesla Pls tell them we welcome them in Texas but don’t bring their California  Dem politics with them!", "likes_count": 0, "replies_count": 0, "retweets_count": 0, "hashtags": []}
{"id": 1294785565108449280, "date": "2020-08-15", "time": "19:58:29", "tweet": "@Marshmall0wpeep @WallStCynic @JCOviedo6 @TESLAcharts all evidence that Tesla isn't collecting as much data as they claim is out and discussed for a while. It didn't have an impact on the stock until now and I think todays tweets by Elon won't have any influence either.", "likes_count": 1, "replies_count": 0, "retweets_count": 0, "hashtags": []}
{"id": 1294785548230557696, "date": "2020-08-15", "time": "19:58:25", "tweet": "Tesla.  https://t.co/UYeTvxQbIm", "likes_count": 2, "replies_count": 0, "retweets_count": 2, "hashtags": []}
{"id": 1294785537308491778, "date": "2020-08-15", "time": "19:58:22", "tweet": "@TilmanWinkler @realreturns1 @tripp_martin How about „We make the best batteries.“. Even though Tesla has never made a single battery cell.", "likes_count": 1, "replies_count": 0, "retweets_count": 0, "hashtags": []}
{"id": 1294785526290161670, "date": "2020-08-15", "time": "19:58:20", "tweet": "@bytor54 @17Kandles @bccommunion Didn't realise we had BCC in common mate as well as Tesla&amp; Y&amp;T", "likes_count": 2, "replies_count": 1, "retweets_count": 0, "hashtags": []}
{"id": 1294785524310388739, "date": "2020-08-15", "time": "19:58:19", "tweet": "@ProfDemirtas Tesla abimizi Nikola abimizden ayırmaz onun kadar severiz 👍🏻😂😂", "likes_count": 0, "replies_count": 0, "retweets_count": 0, "hashtags": []}
{"id": 1294785450914336770, "date": "2020-08-15", "time": "19:58:02", "tweet": "@GregAbbott_TX @Tesla Unless Democrats get into office and then it all goes to hell!", "likes_count": 2, "replies_count": 2, "retweets_count": 0, "hashtags": []}
{"id": 1294785446434623490, "date": "2020-08-15", "time": "19:58:01", "tweet": "@TradingThomas3 Elon Musk has pledged 54% of his Tesla shares as collateral for bank credit. Bank thinks: I’ll just sell on the way down to cover my loan to Elon. Ok. What if on the way down means within a few microseconds, and then it’s too late to cover?", "likes_count": 1, "replies_count": 0, "retweets_count": 0, "hashtags": []}
{"id": 1294785416382431232, "date": "2020-08-15", "time": "19:57:53", "tweet": "@GregAbbott_TX @Tesla @GavinNewsom  IN TEXAS.  You got that, Newsom?  IN TEXAS.", "likes_count": 1, "replies_count": 1, "retweets_count": 0, "hashtags": []}
{"id": 1294785375093903361, "date": "2020-08-15", "time": "19:57:44", "tweet": "@WIRED who doesn't want to be in the trump train? or buy a tesla?", "likes_count": 0, "replies_count": 0, "retweets_count": 0, "hashtags": []}
{"id": 1294785283708334080, "date": "2020-08-15", "time": "19:57:22", "tweet": "Sacou? Kkkkkkk 😂😂😂 #tesla #gerador em Lógica Automotiva  https://t.co/5LvLHCMq0u", "likes_count": 1, "replies_count": 0, "retweets_count": 0, "hashtags": ["tesla", "gerador"]}
{"id": 1294785259784089600, "date": "2020-08-15", "time": "19:57:16", "tweet": "@ElonAccessories @Erdayastronaut @elonmusk As a Oklahoma electrical contractor we looked at solar when the power wall came out and saw quickly Tesla is not set up for reseller and we have to make money on product... #jmho", "likes_count": 4, "replies_count": 1, "retweets_count": 0, "hashtags": ["jmho"]}
{"id": 1294785219225165824, "date": "2020-08-15", "time": "19:57:06", "tweet": "Tesla Autopilot Innovation Comes From Team Of ~300 Jedi Engineers — Interview With Elon Musk #Innovation   https://t.co/X2JOGRCAHz", "likes_count": 0, "replies_count": 1, "retweets_count": 0, "hashtags": ["innovation"]}
{"id": 1294785187574882305, "date": "2020-08-15", "time": "19:56:59", "tweet": "Energy grids in certain developing countries will skip powerlines like they did landline phones. Only local grids would be needed. Solar, battery storage, and a Starlink connection are all you really need to connect a village to the world. $TSLA @elonmusk #tesla", "likes_count": 3, "replies_count": 0, "retweets_count": 0, "hashtags": ["tesla"]}
{"id": 1294785139948556288, "date": "2020-08-15", "time": "19:56:47", "tweet": "@elonmusk @flcnhvy @ICannot_Enough @Tesla I have two @tesla.  Can you make it so  I simultaneously have the key on for both?", "likes_count": 0, "replies_count": 0, "retweets_count": 0, "hashtags": []}
{"id": 1294785132310732801, "date": "2020-08-15", "time": "19:56:46", "tweet": "@billypenn2380 @GregAbbott_TX @Tesla They'll probably bring everyone from California, and with the Real estate prices will skyrocket again. Im so glad I don't live in that f*** city anymore", "likes_count": 7, "replies_count": 2, "retweets_count": 0, "hashtags": []}
{"id": 1294785091269537793, "date": "2020-08-15", "time": "19:56:36", "tweet": "• ᴀ ᴛᴇsʟᴀ  Quando a tesla chega ela rouba a cena ela é PERFEITA  https://t.co/7wOahyUkPC", "likes_count": 27, "replies_count": 1, "retweets_count": 0, "hashtags": []}
{"id": 1294785086836088835, "date": "2020-08-15", "time": "19:56:35", "tweet": "@GregAbbott_TX @Tesla So when you going to let all Texans work and brag about that?  You're a sellout.", "likes_count": 1, "replies_count": 0, "retweets_count": 0, "hashtags": []}
{"id": 1294785070172053504, "date": "2020-08-15", "time": "19:56:31", "tweet": "@saskevca Just stopped at Regina's Tesla Superchargers and they were turned off.  Anyone know how charging station status is being monitored?", "likes_count": 1, "replies_count": 2, "retweets_count": 0, "hashtags": []}
{"id": 1294785004266913793, "date": "2020-08-15", "time": "19:56:15", "tweet": "@tesla_utah @jeremyjudkins Not my first rodeo. I’m a detailer. It’s not that hard honestly. Even use Adams ceramic spray coating. Takes 1.5 hours.", "likes_count": 2, "replies_count": 0, "retweets_count": 0, "hashtags": []}
{"id": 1294784973266800640, "date": "2020-08-15", "time": "19:56:08", "tweet": "For anyone wondering why Tesla is worth more than GM, Ford, FCA, and the VW Group combined, it was an education in how a negative thesis about a company can steadily fall apart.  https://t.co/2MhwWSmJiu", "likes_count": 1, "replies_count": 0, "retweets_count": 0, "hashtags": []}
{"id": 1294784920645066753, "date": "2020-08-15", "time": "19:55:55", "tweet": "@ArGaMer0 @elonmusk @ICannot_Enough @flcnhvy @Tesla It’s been clear that when Elon Musk said 1M robotaxis by 2020, he meant cars with the necessary hardware to become a robotaxi once the software was available.", "likes_count": 6, "replies_count": 1, "retweets_count": 0, "hashtags": []}
{"id": 1294784892455321602, "date": "2020-08-15", "time": "19:55:48", "tweet": "@fcggyncIson like he wouldn’t have the stark version of a tesla lmao. the us government?? all audis. every car on this motorway? audi. your car at home? sorry did you think you had something else? it’s an audi.", "likes_count": 1, "replies_count": 0, "retweets_count": 0, "hashtags": []}
{"id": 1294784880803373056, "date": "2020-08-15", "time": "19:55:46", "tweet": "@jgrano305 I had something similar the other day from a flickering fluro tube in a carpark 380+.. we need check box delete on SentryCam page...#tesla  https://t.co/mIWyKb8Xh4", "likes_count": 1, "replies_count": 1, "retweets_count": 0, "hashtags": ["tesla"]}
{"id": 1294784878169423873, "date": "2020-08-15", "time": "19:55:45", "tweet": "@GregAbbott_TX @Tesla Great more Democrats running over Texas, sorry can’t celebrate", "likes_count": 0, "replies_count": 0, "retweets_count": 0, "hashtags": []}
{"id": 1294784864160550915, "date": "2020-08-15", "time": "19:55:42", "tweet": "@OfficialABQ @meamZ_MZ @nikolatrevor I mentioned Tesla because like fans like to your they account for what?  75% of the EV's on the road?  And because I looked at your profile...", "likes_count": 0, "replies_count": 1, "retweets_count": 0, "hashtags": []}
{"id": 1294784847844696065, "date": "2020-08-15", "time": "19:55:38", "tweet": "@aerodrom1312 @toni_dimitroff +76 милијарди... алал да му е.  А што се однесува на тоа дека за нив не е криза - па нема причина да биде :D Тоа што луѓето ке немаат пари да купуваат како што купувале претходно, не ги обезвреднува акциите и самата вредност на Amazon, Facebook, Microsoft, Tesla + SpaceX :D", "likes_count": 0, "replies_count": 1, "retweets_count": 0, "hashtags": []}
{"id": 1294784828622151686, "date": "2020-08-15", "time": "19:55:33", "tweet": "Tesla is installing world’s biggest casting machine outside Fremont factory  https://t.co/pcFadkGJfb", "likes_count": 0, "replies_count": 0, "retweets_count": 0, "hashtags": []}
{"id": 1294784759139315712, "date": "2020-08-15", "time": "19:55:17", "tweet": "“If you want to find the secrets of the universe, think in terms of energy, frequency, and vibration.” ― Nikola Tesla #choiceenergy #naturalenergy Connect with us:  https://t.co/6ueAZ8E4NM", "likes_count": 0, "replies_count": 0, "retweets_count": 0, "hashtags": ["choiceenergy", "naturalenergy"]}
{"id": 1294784745855791104, "date": "2020-08-15", "time": "19:55:14", "tweet": "@RupertPumkin2 Dude....dude....charlie freak said they were converting the 5G towers to tesla towers that's what the cargo flights into Melb are bringing in....GESARA is coming holy shit.", "likes_count": 4, "replies_count": 3, "retweets_count": 0, "hashtags": []}
{"id": 1294784743964319745, "date": "2020-08-15", "time": "19:55:13", "tweet": "@GregAbbott_TX @Tesla This is probably going to work out like the Foxtronics deal worked out in Wisconsin. I hope not but still, that is my projection.", "likes_count": 0, "replies_count": 2, "retweets_count": 0, "hashtags": []}
{"id": 1294784721881366529, "date": "2020-08-15", "time": "19:55:08", "tweet": "@Christo49699922 @chasg76 @Erdayastronaut Oh yes I forgot, FH launched Elon's Tesla roadster years ago", "likes_count": 1, "replies_count": 0, "retweets_count": 0, "hashtags": []}
{"id": 1294784669066633222, "date": "2020-08-15", "time": "19:54:55", "tweet": "@atanas_gadjev @WholeMarsBlog @elonmusk Charging overnight (no need for refueling)... Super fast response time, technology is already implemented. Now imagine the potential of police officers using Tesla’s. Agian saving fuel, faster response times, technology, self driving for patrol, etc.", "likes_count": 2, "replies_count": 1, "retweets_count": 0, "hashtags": []}
{"id": 1294784617237680129, "date": "2020-08-15", "time": "19:54:43", "tweet": "@tesla_master @ThrasherDaily No.  No. No.", "likes_count": 0, "replies_count": 0, "retweets_count": 0, "hashtags": []}
{"id": 1294784540007899137, "date": "2020-08-15", "time": "19:54:24", "tweet": "@teslaownersSV @gibbsy_007 @elonmusk @Tesla here's a) - people hired to help at SuC manage queue lines / I don't think it's possible a Kettleman and other hot areas.  I definitely prefer b. Like when you have a code revealed when you show up to the SuC location. I think we should have a visual map of kW potential, status.  https://t.co/PFkkyTezGX", "likes_count": 2, "replies_count": 1, "retweets_count": 0, "hashtags": []}
{"id": 1294784514330370048, "date": "2020-08-15", "time": "19:54:18", "tweet": "@Rick_Ferri You'd think, but not necessarily so. Take iShares ESG MSCI USA ETF--beat R1K Idx by ~2.60% over trailing yr. But its energy, tech stakes were approx same as BM's. Biggest kick came from security selection in cons. cyclical (o/w Tesla, o/w Amazon, u/w GM), financials (u/w Wells).", "likes_count": 2, "replies_count": 0, "retweets_count": 0, "hashtags": []}
{"id": 1294784453018099713, "date": "2020-08-15", "time": "19:54:04", "tweet": "@KlendathuCap With this market, why not? Tesla gained about 18% in a few days for nothing!", "likes_count": 0, "replies_count": 0, "retweets_count": 0, "hashtags": []}
{"id": 1294784439692730368, "date": "2020-08-15", "time": "19:54:01", "tweet": "@Miguel_Boggiano Increíble la repercusión como cantante, las redes nos deleitan con joyas cómo esta. Mucho mejor que los pronósticos de Tesla y Bitcoin", "likes_count": 1, "replies_count": 0, "retweets_count": 0, "hashtags": []}
{"id": 1294784439315304448, "date": "2020-08-15", "time": "19:54:00", "tweet": "Happy with @GovAbbott &amp; @elonmusk for bringing @Tesla to this great State!!", "likes_count": 0, "replies_count": 0, "retweets_count": 0, "hashtags": []}
{"id": 1294784386257190912, "date": "2020-08-15", "time": "19:53:48", "tweet": "@GerberKawasaki @elonmusk Can You Help Treasure Island In SF?  @SFTIDA,@SF_emergency,@sfpublicworks, @SF311, @sfwater @MattHaneySF  need to contact @Tesla @elonmusk  to help solve over 160+ power outages in last 20 years, with 24 in the last year alone!  https://t.co/0OPWGQ1qa6  https://t.co/AGFyLClpiz", "likes_count": 0, "replies_count": 0, "retweets_count": 0, "hashtags": []}
{"id": 1294784359145250816, "date": "2020-08-15", "time": "19:53:41", "tweet": "@elonmusk @Erdayastronaut I would love to be an alpha Tesla on my model 3 in Australia.", "likes_count": 1, "replies_count": 1, "retweets_count": 0, "hashtags": []}
{"id": 1294784358394425345, "date": "2020-08-15", "time": "19:53:41", "tweet": "@elonmusk Can You Help Treasure Island In SF?  @SFTIDA,@SF_emergency,@sfpublicworks, @SF311, @sfwater @MattHaneySF  need to contact @Tesla @elonmusk  to help solve over 160+ power outages in last 20 years, with 24 in the last year alone!  https://t.co/0OPWGQ1qa6  https://t.co/AGFyLClpiz", "likes_count": 0, "replies_count": 0, "retweets_count": 0, "hashtags": []}
{"id": 1294784347862519808, "date": "2020-08-15", "time": "19:53:39", "tweet": "The @Tesla #CyberTruck may not be available yet, but I saw this #Model3 pickup on the freeway near L.A. @elonmusk  https://t.co/j6vODclmmV", "likes_count": 1, "replies_count": 0, "retweets_count": 0, "hashtags": ["cybertruck", "model3"]}
{"id": 1294784331307769861, "date": "2020-08-15", "time": "19:53:35", "tweet": "Ben Tesla istiyorum!", "likes_count": 8, "replies_count": 1, "retweets_count": 0, "hashtags": []}
{"id": 1294784291344396296, "date": "2020-08-15", "time": "19:53:25", "tweet": "@flyerandyp @tesla_master My Tesla model 3 is going to be Blue", "likes_count": 2, "replies_count": 1, "retweets_count": 0, "hashtags": []}
{"id": 1294784290581106690, "date": "2020-08-15", "time": "19:53:25", "tweet": "@TheHaunting237 @elonmusk Yes hes no genius but still hes genius . Not like ainstain or nikola tesla orther kind of genius", "likes_count": 0, "replies_count": 0, "retweets_count": 0, "hashtags": []}
{"id": 1294784286369943552, "date": "2020-08-15", "time": "19:53:24", "tweet": "@tibasyrn mano, eu meto te o tesla pelo cu", "likes_count": 1, "replies_count": 1, "retweets_count": 0, "hashtags": []}
{"id": 1294784139900514304, "date": "2020-08-15", "time": "19:52:49", "tweet": "LITTLE DID I KNOW&gt;&gt;AND I MEAN LITTLE &gt;&gt;LITTLE LITTLE LITTLE&gt;&gt;I MAKE A REGULAR TECHNOPHOBE LOOK LIKE NIKOLA TESLA MAN&gt;&gt; I WAS JUST THE VEHICLE&gt;&gt; THE&gt;&gt;THE&gt;&gt;&gt;THE GREY MATTER &gt;&gt;THE HUMANOID&gt;THEY DROVE AROUND LIKE A MECHANIZED BARBIE DOLL USE TO &gt;TO &gt;TO&gt;&gt;DEAN RADIN CONNECT TO QUANTUM", "likes_count": 0, "replies_count": 1, "retweets_count": 0, "hashtags": []}
{"id": 1294784131956703232, "date": "2020-08-15", "time": "19:52:47", "tweet": "Tesla baut Karosserie um — und stößt damit eine Revolution an, die es laut Autoexperte Dudenhöffer seit gut 50 Jahren nicht mehr gegeben hat  https://t.co/6q5ERrCZJN Tesla ist das beste Auto auf dem Markt und verfügt über Technik die bei der anderen nie zu Verfügung stehen wird!", "likes_count": 0, "replies_count": 0, "retweets_count": 0, "hashtags": []}
{"id": 1294784111509479424, "date": "2020-08-15", "time": "19:52:42", "tweet": "@HHNRumors For me I wouldn't bring a Tesla", "likes_count": 1, "replies_count": 0, "retweets_count": 0, "hashtags": []}
{"id": 1294784061312040960, "date": "2020-08-15", "time": "19:52:30", "tweet": "@JsonGraham @meamZ_MZ @nikolatrevor And it's funny you mention Tesla when I didn't even mention them. I mentioned Lucid instead a BEV company launched the same year as NKLA that have actual viable demo of technology. All we have seen from NKLA is their 2nd truck moving left and right. What happened to ONE?", "likes_count": 0, "replies_count": 3, "retweets_count": 0, "hashtags": []}
{"id": 1294784032656433152, "date": "2020-08-15", "time": "19:52:23", "tweet": "@dixiedamelio Dino nuggets, big mama, Tesla and that’s all I know", "likes_count": 0, "replies_count": 0, "retweets_count": 0, "hashtags": []}
{"id": 1294784000926650370, "date": "2020-08-15", "time": "19:52:16", "tweet": "@GregAbbott_TX @Tesla In the last couple of tweets Texans point out flaws in Abbott’s leadership.   So he swiftly tweets this distraction about Tesla’s gigafactory which is being built in a Democratic liberal city that he constantly criticizes.", "likes_count": 2, "replies_count": 2, "retweets_count": 0, "hashtags": []}
{"id": 1294783962745671681, "date": "2020-08-15", "time": "19:52:07", "tweet": "@28delayslater But Dojo? We need Dojo!  Without Dojo no Robotaxi/FSD.  It is just remarkable that E shared this surprising inside about the super computer being completed in a year or so. By then, Tesla AI May develop the 4D labeling 🤞.  @Mobileye is targeting 2022. Not much time for @Tesla", "likes_count": 1, "replies_count": 0, "retweets_count": 0, "hashtags": []}
{"id": 1294783921352314881, "date": "2020-08-15", "time": "19:51:57", "tweet": "Gorgeous  https://t.co/UwTWQ4iC9k #CleanEnergyWillWin #solar #Tesla #Musk #Elon #Engineering #STEM", "likes_count": 1, "replies_count": 0, "retweets_count": 0, "hashtags": ["cleanenergywillwin", "solar", "tesla", "musk", "elon", "engineering", "stem"]}
{"id": 1294783814565330947, "date": "2020-08-15", "time": "19:51:31", "tweet": "@GregAbbott_TX @Tesla Visited Austin, TX last year! Would be an incredible addition to TX!🤫🤑", "likes_count": 0, "replies_count": 1, "retweets_count": 0, "hashtags": []}
{"id": 1294783794495524864, "date": "2020-08-15", "time": "19:51:27", "tweet": "No hay cosa mas bella que un Tesla blanco", "likes_count": 0, "replies_count": 0, "retweets_count": 0, "hashtags": []}
{"id": 1294783790884110336, "date": "2020-08-15", "time": "19:51:26", "tweet": "@Utsava4 The reptilians are about to lose the war! Turn on the Tesla towers to 432 and make their heads explode", "likes_count": 0, "replies_count": 0, "retweets_count": 0, "hashtags": []}
{"id": 1294783773620318208, "date": "2020-08-15", "time": "19:51:22", "tweet": "7. I think mostly the reason people want to talk about overpopulation is because it's a great excuse to go on like we are.  \"We're fucked anyway, there's too many people. But buy a Tesla!\" It's for sure not because of science. Suppertime.", "likes_count": 7, "replies_count": 0, "retweets_count": 0, "hashtags": []}
{"id": 1294783750514114561, "date": "2020-08-15", "time": "19:51:16", "tweet": "👍 on @YouTube: Missing Out On Tesla Stock: Biggest Mistake You'll Make  https://t.co/iLn45xeddD", "likes_count": 0, "replies_count": 0, "retweets_count": 0, "hashtags": []}
{"id": 1294783738958815233, "date": "2020-08-15", "time": "19:51:13", "tweet": "#NP Mike Real - Tesla Ft. Flame |  https://t.co/7ywm5YEwwG", "likes_count": 0, "replies_count": 0, "retweets_count": 0, "hashtags": ["np"]}
{"id": 1294783736920395780, "date": "2020-08-15", "time": "19:51:13", "tweet": "#NP Mike Real - Tesla Ft. Flame |  https://t.co/IlGD0iUdIC", "likes_count": 0, "replies_count": 0, "retweets_count": 0, "hashtags": ["np"]}
{"id": 1294783704796205058, "date": "2020-08-15", "time": "19:51:05", "tweet": "Now on Naija Reports Elon Musk says ’embarrassingly late’ two-factor is coming to Tesla app  https://t.co/KCWvXMyJIq  https://t.co/4nuKV81pCf", "likes_count": 0, "replies_count": 0, "retweets_count": 0, "hashtags": []}
{"id": 1294783703168688128, "date": "2020-08-15", "time": "19:51:05", "tweet": "@hinata_hisa Tesla載ってるからどちらかというとGPUインスタンスやね。g4dn.16xlargeより上だと思われる", "likes_count": 0, "replies_count": 1, "retweets_count": 0, "hashtags": []}
{"id": 1294783696021663745, "date": "2020-08-15", "time": "19:51:03", "tweet": "@Tesla_Joe Coached?!", "likes_count": 0, "replies_count": 0, "retweets_count": 0, "hashtags": []}
{"id": 1294783689327554560, "date": "2020-08-15", "time": "19:51:02", "tweet": "Our game, Cyber Truck: STG is out now! Someone tell @elonmusk !   🤭♻️🕹️  #gamedev #newgames #mobilegamer #cybertruck #tesla @TeslaCybertruck #FreeGames  https://t.co/rj0zDMxv4g", "likes_count": 1, "replies_count": 0, "retweets_count": 2, "hashtags": ["gamedev", "newgames", "mobilegamer", "cybertruck", "tesla", "freegames"]}
{"id": 1294783680439816193, "date": "2020-08-15", "time": "19:50:59", "tweet": "@Rockin_Life_LLC Adam Ant Beatles Cat Stevens Disturbed Edgar winter group Flotsam &amp; Jetsam Gold finger Hinder Inxs Jackyl Kix La. Gunns Mastodon Nirvana Offspring Pantera Quiet Riot Rusted root Slayer Tesla UFO Vixen WASP Y&amp;T ZZ Top ☮️🤘🤘🤘🤘...", "likes_count": 1, "replies_count": 1, "retweets_count": 0, "hashtags": []}
{"id": 1294783663297761280, "date": "2020-08-15", "time": "19:50:55", "tweet": "@kaitlin_baxley @28delayslater @elonmusk @Tesla @carterhoff She gets this exact Tesla when she turns 16! The car will def last that long", "likes_count": 2, "replies_count": 0, "retweets_count": 0, "hashtags": []}
{"id": 1294783615629504518, "date": "2020-08-15", "time": "19:50:44", "tweet": "@GregAbbott_TX @Tesla Shoulda built in Da Valley not Del Valle", "likes_count": 3, "replies_count": 1, "retweets_count": 0, "hashtags": []}
{"id": 1294783554740785152, "date": "2020-08-15", "time": "19:50:30", "tweet": "Buy stock in Apple, Amazon and Tesla.", "likes_count": 2, "replies_count": 0, "retweets_count": 0, "hashtags": []}
{"id": 1294783534394150918, "date": "2020-08-15", "time": "19:50:25", "tweet": "@Ninjamonkdude @model3_tesla @AndrewYang Oh fuck me sideways! There's nothing fundamentally different between Trump, Biden, or their parties. They're all the same shit. Different sides of a coin. Look at the policies that matter and you'll see this. Get your head out of your ass so you'll stop talking shit.", "likes_count": 3, "replies_count": 0, "retweets_count": 0, "hashtags": []}
{"id": 1294783525925748736, "date": "2020-08-15", "time": "19:50:23", "tweet": "TESLA TRUCK BALLIYEEEEE", "likes_count": 19, "replies_count": 0, "retweets_count": 0, "hashtags": []}
{"id": 1294783520683044864, "date": "2020-08-15", "time": "19:50:21", "tweet": "@TeslaUnofficial @jgrano305 Tesla stock", "likes_count": 9, "replies_count": 1, "retweets_count": 0, "hashtags": []}
{"id": 1294783510897713157, "date": "2020-08-15", "time": "19:50:19", "tweet": "@PeterSchiff Buffet is a dinosaur. Millions of young people will chose #bitcoin You can live in the past when American Airlines, Wells Fargo, Gold... were winners or be a part of the future. Compare Amazon or Tesla with any of the big berkshire companies. Now compare btc with gold.", "likes_count": 1, "replies_count": 0, "retweets_count": 0, "hashtags": ["bitcoin"]}
{"id": 1294783375530549248, "date": "2020-08-15", "time": "19:49:47", "tweet": "Tesla Mode S Performance Raven new record 1/4 mile in 10.42s at 129 mph.  https://t.co/sxyNCoUsup", "likes_count": 26, "replies_count": 3, "retweets_count": 4, "hashtags": []}
{"id": 1294783350343741440, "date": "2020-08-15", "time": "19:49:41", "tweet": "Slowly implanting the idea of getting a Tesla into my dad", "likes_count": 0, "replies_count": 0, "retweets_count": 0, "hashtags": []}
{"id": 1294783222207873024, "date": "2020-08-15", "time": "19:49:10", "tweet": "@DonStorey42 @Tesla ....0r answering the phone, or returning messages. Don’t get me wrong, I’m the world’s biggest fan, owner, shareholder, advocate, but goddamn. I inquired about buying a ModelY, I didn’t even hear back about that.", "likes_count": 1, "replies_count": 0, "retweets_count": 0, "hashtags": []}
{"id": 1294783211302604801, "date": "2020-08-15", "time": "19:49:08", "tweet": "@elonmusk Buying my new Tesla !", "likes_count": 0, "replies_count": 0, "retweets_count": 0, "hashtags": []}
{"id": 1294783194949132294, "date": "2020-08-15", "time": "19:49:04", "tweet": "I rated Tesla (2020) 1/10  #IMDb  https://t.co/fVZUs9i4eN", "likes_count": 0, "replies_count": 0, "retweets_count": 0, "hashtags": ["imdb"]}
{"id": 1294783142713110528, "date": "2020-08-15", "time": "19:48:51", "tweet": "@tesla_blossoms @falnice おはようございますみ！", "likes_count": 0, "replies_count": 1, "retweets_count": 0, "hashtags": []}
{"id": 1294783113541881857, "date": "2020-08-15", "time": "19:48:44", "tweet": "@GregAbbott_TX @Tesla #dontcaliforniamytexas", "likes_count": 1, "replies_count": 0, "retweets_count": 0, "hashtags": ["dontcaliforniamytexas"]}
{"id": 1294783103702097921, "date": "2020-08-15", "time": "19:48:42", "tweet": "@GregAbbott_TX @Tesla So are they hiring Texans or bringing all the Californians and the politics they are trying to escape?", "likes_count": 28, "replies_count": 2, "retweets_count": 0, "hashtags": []}
{"id": 1294783095040868352, "date": "2020-08-15", "time": "19:48:40", "tweet": "@GregAbbott_TX @Tesla Thousand of poverty paying jobs.", "likes_count": 1, "replies_count": 1, "retweets_count": 0, "hashtags": []}
{"id": 1294783088564690944, "date": "2020-08-15", "time": "19:48:38", "tweet": "@DavidMRohde Wow ,  now THAT sounds like one cool drive !        Up the ante,  and attempt it in a Tesla ! Lol .", "likes_count": 0, "replies_count": 0, "retweets_count": 0, "hashtags": []}
