{"id": 1304932776542494720, "date": "2020-09-12", "time": "19:59:53", "tweet": "@tabe_tesla_mgmg 楽園の全員の記憶辿ってるかな…？ 星座盤の真正面に楽園の季節って言う星座があると思うんだけど その星座名の下が ◯/6 になっていたら全員辿れていなくて 0% になっていたら辿れているんだけど…", "likes_count": 0, "replies_count": 0, "retweets_count": 0, "hashtags": []}
{"id": 1304932771672944640, "date": "2020-09-12", "time": "19:59:51", "tweet": "@cpufreak101 @OfficialABQ @christs_chins @Manic_Marge @Tesla @TeslaJoy @UNPLGD3 @dogsoftesla @elonmusk  https://t.co/39WSxgpmEB", "likes_count": 1, "replies_count": 0, "retweets_count": 0, "hashtags": []}
{"id": 1304932770242801666, "date": "2020-09-12", "time": "19:59:51", "tweet": "@fenstermakerd Does Tesla not put out ads? Commercials, print etc?", "likes_count": 0, "replies_count": 1, "retweets_count": 0, "hashtags": []}
{"id": 1304932761384476677, "date": "2020-09-12", "time": "19:59:49", "tweet": "@P1Madsen @HptsStuttgart @kkklawitter @elonmusk Meinst Du wirklich, dass IG Metall sich sowas gefallen ließe? Oder die hunderttausenden Arbeiter und Angestellten, die derzeit von der Stärke dieser Gewerkschaft profitieren und um ihr persönliches Einkommen fürchten müssten, würde IG Metall Tarifflucht bei Tesla tolerieren?", "likes_count": 1, "replies_count": 3, "retweets_count": 0, "hashtags": []}
{"id": 1304932748629544961, "date": "2020-09-12", "time": "19:59:46", "tweet": "@WholeMarsBlog @elonmusk At some point, I am convinced that Tesla will skyrocket Autopilot advances... when that will be is anyone's guess", "likes_count": 1, "replies_count": 2, "retweets_count": 0, "hashtags": []}
{"id": 1304932717793075205, "date": "2020-09-12", "time": "19:59:39", "tweet": "@WholeMarsBlog I think much of the efficiency over Tesla has to do with the car itself. It has a 0.21 drag coefficient vs. Model S at 0.24.", "likes_count": 10, "replies_count": 1, "retweets_count": 0, "hashtags": []}
{"id": 1304932703456948224, "date": "2020-09-12", "time": "19:59:35", "tweet": "@10mill10ar Stemmer i hær og sier at om du har dårlig selvbilde eller selvfølese; les en selvhjelpsbok eller snakk med noen. Du er god nok som du er og trenger ikke en M5 eller Tesla for og skjule din indre tvil! \"Nei takk til dyr bil!\"", "likes_count": 1, "replies_count": 0, "retweets_count": 0, "hashtags": []}
{"id": 1304932682414067712, "date": "2020-09-12", "time": "19:59:30", "tweet": "#Covid is tough. No longer making payments on a car to go down to just wife's car. Imma save up for a #Tesla once life is on track. #Model3", "likes_count": 0, "replies_count": 0, "retweets_count": 0, "hashtags": ["covid", "tesla", "model3"]}
{"id": 1304932653888671744, "date": "2020-09-12", "time": "19:59:23", "tweet": "@jedimarkus77 Stock market is not economy &amp; Tesla is not a car 🚗 company  Going to get a tattoo of that on my forehead soon 🤔", "likes_count": 2, "replies_count": 0, "retweets_count": 0, "hashtags": []}
{"id": 1304932620342407168, "date": "2020-09-12", "time": "19:59:15", "tweet": "@cpufreak101 @OfficialABQ @christs_chins @Manic_Marge @Tesla @TeslaJoy @UNPLGD3 @dogsoftesla @elonmusk Then this thread should be helpful. Ev owners are always happy to provide a first hand perspective and answer questions.", "likes_count": 1, "replies_count": 1, "retweets_count": 0, "hashtags": []}
{"id": 1304932590294503424, "date": "2020-09-12", "time": "19:59:08", "tweet": "@Bb1Kehn @teslaownersSV No!! Tesla is the best at everything and at all times. If you think differently you're sold out to the oil industry! Oh and... Byton!", "likes_count": 1, "replies_count": 4, "retweets_count": 0, "hashtags": []}
{"id": 1304932565544062978, "date": "2020-09-12", "time": "19:59:02", "tweet": "The Tesla of Medical Imaging? 1 of the BEST stocks I've seen in 2020  https://t.co/oAHAD9trPZ via @YouTube", "likes_count": 0, "replies_count": 0, "retweets_count": 0, "hashtags": []}
{"id": 1304932524410494976, "date": "2020-09-12", "time": "19:58:52", "tweet": "@bbm010 @TESLAcharts @Paul91701736 That’s how many Tesla will sale😜", "likes_count": 0, "replies_count": 0, "retweets_count": 0, "hashtags": []}
{"id": 1304932524200783872, "date": "2020-09-12", "time": "19:58:52", "tweet": "@elonmusk Waiting for Tesla stock to hit 420.69 on battery day, dad", "likes_count": 1, "replies_count": 0, "retweets_count": 0, "hashtags": []}
{"id": 1304932491803979777, "date": "2020-09-12", "time": "19:58:45", "tweet": "@gregmaisto @Manic_Marge @Tesla @TeslaJoy @UNPLGD3 @dogsoftesla @elonmusk I bought the Tesla because I’m educated and understand the environmental impact of burning fossil fuels.  The cult is the fossil fuel lovers pushing a cancer causing climate changing ancient technology.", "likes_count": 3, "replies_count": 1, "retweets_count": 1, "hashtags": []}
{"id": 1304932473826979840, "date": "2020-09-12", "time": "19:58:40", "tweet": "@StultusVox @TheTeslaShow @SEC_Enforcement This random person's (as far as I can tell) source is 车市老爷子 which translates to auto market old man?  What is a more accurate translation?? To explain where he is getting this information from?  This was all regurgitated stuff we were speculating in the Tesla community.", "likes_count": 0, "replies_count": 0, "retweets_count": 0, "hashtags": []}
{"id": 1304932470937333766, "date": "2020-09-12", "time": "19:58:40", "tweet": "@shanselman We all laughed at Tesla’s bio weapon defense mode.", "likes_count": 1, "replies_count": 0, "retweets_count": 0, "hashtags": []}
{"id": 1304932455988699136, "date": "2020-09-12", "time": "19:58:36", "tweet": "@MargieDeese @elonmusk @Tesla 🤍", "likes_count": 0, "replies_count": 0, "retweets_count": 0, "hashtags": []}
{"id": 1304932443930017792, "date": "2020-09-12", "time": "19:58:33", "tweet": "(1) “Si quieres encontrar los secretos del Universo, piensa en términos de energía, frecuencia y vibración\" dicen todos que dijo Nikola Tesla.  Pero yo ni siquiera puedo encontrar la fuente completa y confiable que confirme que lo dijo. Y, sin embargo...", "likes_count": 1, "replies_count": 1, "retweets_count": 1, "hashtags": []}
{"id": 1304932411193651205, "date": "2020-09-12", "time": "19:58:25", "tweet": "@elonmusk Can you make Tesla, SpaceX, Boring  company vapes, people from all over the world would whant one. Youll be sold out", "likes_count": 0, "replies_count": 0, "retweets_count": 0, "hashtags": []}
{"id": 1304932384786329607, "date": "2020-09-12", "time": "19:58:19", "tweet": "I want to see a Tesla rocket car in the movie", "likes_count": 0, "replies_count": 0, "retweets_count": 0, "hashtags": []}
{"id": 1304932320496025601, "date": "2020-09-12", "time": "19:58:04", "tweet": "@cs_naomy Vou lembrar quando eu pensar em te dar um Tesla", "likes_count": 0, "replies_count": 1, "retweets_count": 0, "hashtags": []}
{"id": 1304932308819025921, "date": "2020-09-12", "time": "19:58:01", "tweet": "@OfficialABQ @Alex_Kump @christs_chins @Manic_Marge @Tesla @TeslaJoy @UNPLGD3 @dogsoftesla @elonmusk Just remembered knowing batteries have a life expectancy of ~10 years regardless, where as engines are a \"depends how ya care for it\". Just made sense to me but I'll admit to being in the wrong.", "likes_count": 0, "replies_count": 1, "retweets_count": 0, "hashtags": []}
{"id": 1304932308055740417, "date": "2020-09-12", "time": "19:58:01", "tweet": "General Motors and Nikola... Strong alliance threatens Tesla's throne in the electric car industry  https://t.co/E5iSnJgbKV", "likes_count": 0, "replies_count": 0, "retweets_count": 0, "hashtags": []}
{"id": 1304932265517088768, "date": "2020-09-12", "time": "19:57:51", "tweet": "@WholeMarsBlog @elonmusk Training by using other sensors like lidar. Remember that Tesla with Taco Bell like stuff on the top driving around.", "likes_count": 0, "replies_count": 1, "retweets_count": 0, "hashtags": []}
{"id": 1304932251977879555, "date": "2020-09-12", "time": "19:57:47", "tweet": "Ah poor TC, if the media only spent time writing negative stories about Tesla &amp; Elon..  https://t.co/s4dovCDhZf", "likes_count": 5, "replies_count": 1, "retweets_count": 0, "hashtags": []}
{"id": 1304932181320622081, "date": "2020-09-12", "time": "19:57:31", "tweet": "@TESLA_INVENTOR @Tuquesabes8  https://t.co/gZluzpmuxV", "likes_count": 0, "replies_count": 0, "retweets_count": 0, "hashtags": []}
{"id": 1304932107844833280, "date": "2020-09-12", "time": "19:57:13", "tweet": "@Glostermeteor @Telegraph @MatthewPWoods Do you not want the Tesla's of this world to invest in Britain and employ thousands of British workers?", "likes_count": 0, "replies_count": 1, "retweets_count": 0, "hashtags": []}
{"id": 1304932099036770304, "date": "2020-09-12", "time": "19:57:11", "tweet": "Tesla bug allows other electric cars to charge for free at new Superchargers  https://t.co/IYPp5HFRbN  @slcuervo #Tesla", "likes_count": 0, "replies_count": 0, "retweets_count": 0, "hashtags": ["tesla"]}
{"id": 1304932084943814657, "date": "2020-09-12", "time": "19:57:08", "tweet": "@OfficialABQ @Alex_Kump @christs_chins @Manic_Marge @Tesla @TeslaJoy @UNPLGD3 @dogsoftesla @elonmusk I'll admit fault here, wouldn't know what is a fair comparison, as living out in rural NY EV's aren't exactly a super common thing.", "likes_count": 0, "replies_count": 2, "retweets_count": 0, "hashtags": []}
{"id": 1304932033295036417, "date": "2020-09-12", "time": "19:56:55", "tweet": "Democrat politicians delude voters by claiming THEY are the champions of the environment and an altruistic “green new deal”...while simultaneously  harassing a SUCCESSFUL green energy company, Tesla, into leaving a Democrat run state. Pathetic Hypocrisy!", "likes_count": 1, "replies_count": 0, "retweets_count": 0, "hashtags": []}
{"id": 1304932028375158784, "date": "2020-09-12", "time": "19:56:54", "tweet": "@ResearchGuy3 @teslaownersSV Oh, that's what it was. I should have known because a response to a new electric car from Tesla fans is usually.... sarcasm :-)", "likes_count": 0, "replies_count": 2, "retweets_count": 0, "hashtags": []}
{"id": 1304932016283168769, "date": "2020-09-12", "time": "19:56:51", "tweet": "@TheLucidAir I am a Tesla fan and I agree with you. There is no need to poop on each other’s front yard..", "likes_count": 1, "replies_count": 0, "retweets_count": 0, "hashtags": []}
{"id": 1304932011572752384, "date": "2020-09-12", "time": "19:56:50", "tweet": "@manabu_m_tesla あのままでいい派です🙋 楽しかったですよ😃", "likes_count": 1, "replies_count": 0, "retweets_count": 0, "hashtags": []}
{"id": 1304931998469890051, "date": "2020-09-12", "time": "19:56:47", "tweet": "Couple bumps along the way but I’m pretty pumped right now! Now the first drive! #model3performance #newcar #pumped #tesla #teslavancouver @ Tesla Motors  https://t.co/7l7fHJLmWG", "likes_count": 0, "replies_count": 0, "retweets_count": 0, "hashtags": ["model3performance", "newcar", "pumped", "tesla", "teslavancouver"]}
{"id": 1304931995261136896, "date": "2020-09-12", "time": "19:56:46", "tweet": "@Manic_Marge @Tesla @TeslaJoy @UNPLGD3 @dogsoftesla @elonmusk Someday a decent electic car will be available.", "likes_count": 0, "replies_count": 0, "retweets_count": 0, "hashtags": []}
{"id": 1304931995202527238, "date": "2020-09-12", "time": "19:56:46", "tweet": "I have a question, I want Tesla stock to hit 420.69 before I buy, how long will it take? Also, how do you like the name? @elonmusk and @Tesla", "likes_count": 1, "replies_count": 1, "retweets_count": 0, "hashtags": []}
{"id": 1304931979431948290, "date": "2020-09-12", "time": "19:56:43", "tweet": "@Honey0189 @chavez_caty @APACHE_EC @DianaSalazarM2 Respeten a Yachay que tiene convenios con Tesla, HP, la NASA, el padre Almeida, el gallo de la catedral , los extraterrestres,  etc, etc", "likes_count": 2, "replies_count": 1, "retweets_count": 1, "hashtags": []}
{"id": 1304931977775198208, "date": "2020-09-12", "time": "19:56:42", "tweet": "@alleycatallies Tesla  https://t.co/cvu78tx2SD", "likes_count": 0, "replies_count": 0, "retweets_count": 0, "hashtags": []}
{"id": 1304931955188924416, "date": "2020-09-12", "time": "19:56:37", "tweet": "@ManfroiRenato @renoirvieira Faz algum tempo que o mundo prefere comprar ouro, bitcoin, juros negativos, Tesla... a vir para o Brasil. Mesmo depois da reforma da previdência (dentre outras). Alguma hora vamos ter que parar para fazermos autocrítica.", "likes_count": 8, "replies_count": 1, "retweets_count": 0, "hashtags": []}
{"id": 1304931924692041728, "date": "2020-09-12", "time": "19:56:29", "tweet": "@AustinTeslaClub @JoeTegtmeyer @Tesla @elonmusk @co_tesla @JohnEG78 @biogirl09 @jd1980mmo @GrizCalderon Months", "likes_count": 2, "replies_count": 0, "retweets_count": 0, "hashtags": []}
{"id": 1304931902508261377, "date": "2020-09-12", "time": "19:56:24", "tweet": "@cpufreak101 @OfficialABQ @christs_chins @Manic_Marge @Tesla @TeslaJoy @UNPLGD3 @dogsoftesla @elonmusk What the hell is 21k miles? 😀 Btw I said 200,000 MILES not kilometres.", "likes_count": 0, "replies_count": 1, "retweets_count": 0, "hashtags": []}
{"id": 1304931864097042432, "date": "2020-09-12", "time": "19:56:15", "tweet": "@TESLA_INVENTOR 😂😂😂", "likes_count": 0, "replies_count": 0, "retweets_count": 0, "hashtags": []}
{"id": 1304931825542856705, "date": "2020-09-12", "time": "19:56:06", "tweet": "Korea's largest festival for startups: Try Everything will be held during #WKF (Sept.16-18).   Marc Randolph(@mbrandolph), co-founder of Netflix and Jon McNeill(@jonmcneill), former Tesla President and Lyft COO will speak on entrepreneurship in the session titled Startup A to Z.  https://t.co/viqCg14jFP", "likes_count": 6, "replies_count": 0, "retweets_count": 2, "hashtags": ["wkf"]}
{"id": 1304931821134766080, "date": "2020-09-12", "time": "19:56:05", "tweet": "@arifkoray @Leon_Bergmann Was ist das für eine Universität? Das ist erschreckend, denn wenn hier Tesla geannant wird, 1 % Marktanteil, nur wegen der CO2 Zertifikate noch nicht insolvent...dann sehe ich schwarz für die Zukunft in Deutschland. Uni Potsdam, bitte dicht machen", "likes_count": 0, "replies_count": 0, "retweets_count": 0, "hashtags": []}
{"id": 1304931781720911874, "date": "2020-09-12", "time": "19:55:55", "tweet": "@Manic_Marge @Tesla @TeslaJoy @UNPLGD3 @dogsoftesla @elonmusk Okay yeah but where does the electricity come from? Magic? I get it’s less impact but don’t go thinking you’re some saint just buy going electric", "likes_count": 0, "replies_count": 0, "retweets_count": 0, "hashtags": []}
{"id": 1304931765400866817, "date": "2020-09-12", "time": "19:55:51", "tweet": "@pkmnvietnam_bot me at the Tesla factory when it's finally time to eat the rich", "likes_count": 0, "replies_count": 0, "retweets_count": 0, "hashtags": []}
{"id": 1304931765254000640, "date": "2020-09-12", "time": "19:55:51", "tweet": "@StrixWar2 @Manic_Marge @Tesla @TeslaJoy @UNPLGD3 @dogsoftesla @elonmusk That doesn’t change “In order to have clean air in cities, you have to to electric”.  And personally I prefer to hear my music.", "likes_count": 2, "replies_count": 0, "retweets_count": 0, "hashtags": []}
{"id": 1304931742835507206, "date": "2020-09-12", "time": "19:55:46", "tweet": "@OfficialABQ @Alex_Kump @christs_chins @Manic_Marge @Tesla @TeslaJoy @UNPLGD3 @dogsoftesla @elonmusk Which is why I'm only talking car guys here. Of course regular people are idiots with cars. EV's are, in my personal opinion, already the better choice for the average, non-car person.", "likes_count": 0, "replies_count": 0, "retweets_count": 0, "hashtags": []}
{"id": 1304931640838422528, "date": "2020-09-12", "time": "19:55:22", "tweet": "I saw three Range Rover's! A Land Rover! Along with six Dodge Charger's, three Mercedes, three new Chevy Tahoe's, two Kia Telluride's, two Dodge Challenger's, two Tesla's, and a new Chevy Suburban", "likes_count": 0, "replies_count": 1, "retweets_count": 0, "hashtags": []}
{"id": 1304931637159956480, "date": "2020-09-12", "time": "19:55:21", "tweet": "Dubai police are cracking down on hijinks such as the one below (left).  Lest the driver thinks his 'wheels' can our-run the cops, they'll be chasing him in their Tesla Cybertruck (right). If they need backup, officers in an Auston Martin might join the chase.  https://t.co/litPwSEqCE", "likes_count": 1, "replies_count": 0, "retweets_count": 1, "hashtags": []}
{"id": 1304931628079353856, "date": "2020-09-12", "time": "19:55:19", "tweet": "tesla's not even expensive like i thought.. im bouta find me a good job &amp; get one fr😂", "likes_count": 0, "replies_count": 0, "retweets_count": 0, "hashtags": []}
{"id": 1304931577865080833, "date": "2020-09-12", "time": "19:55:07", "tweet": "@Andy8671025 @elonmusk @brandonbernicky @WholeMarsBlog Tesla told me that they do not honor this promise. They went back to say that you only get a „chance“ to be in the beta program, but nothing more. And if you are not included by now you already lost and will get nothing.", "likes_count": 0, "replies_count": 1, "retweets_count": 0, "hashtags": []}
{"id": 1304931467206815744, "date": "2020-09-12", "time": "19:54:40", "tweet": "@cpufreak101 @Alex_Kump @christs_chins @Manic_Marge @Tesla @TeslaJoy @UNPLGD3 @dogsoftesla @elonmusk The problem is the \"properly cared for\" bit. Not everyone is a mechanical engineer and knows the internals of the cars. That is why components that last long and fail less often with little maintenance is what we find appealing.", "likes_count": 0, "replies_count": 1, "retweets_count": 0, "hashtags": []}
{"id": 1304931434709364737, "date": "2020-09-12", "time": "19:54:33", "tweet": "When your kids discover Netflix on Tesla Model Y , movie night in your garage  #modely  # movie night  https://t.co/gfZh5hkHbn", "likes_count": 2, "replies_count": 0, "retweets_count": 1, "hashtags": ["modely"]}
{"id": 1304931421341937670, "date": "2020-09-12", "time": "19:54:29", "tweet": "@Manic_Marge @Tesla @TeslaJoy @UNPLGD3 @dogsoftesla @elonmusk And do you know How much air pollution do battery production creates??? This is just a business ... lithium ion battery production  pollutes air and more than a petrol and diesel engine car production ...@elonmusk", "likes_count": 0, "replies_count": 0, "retweets_count": 0, "hashtags": []}
{"id": 1304931390476042261, "date": "2020-09-12", "time": "19:54:22", "tweet": "Tesla needs batteries! Teslas are worthless! Mercedes Benz needs no batteries for its engines!No electric power batteries for infrastructure change stations! CA has rolling blackouts. The grid is down!", "likes_count": 1, "replies_count": 0, "retweets_count": 1, "hashtags": []}
{"id": 1304931375942955008, "date": "2020-09-12", "time": "19:54:19", "tweet": "Tesla Model Y owners’ photos of ‘cobbled together’ cooling system  https://t.co/OjdoaluvRt", "likes_count": 0, "replies_count": 0, "retweets_count": 0, "hashtags": []}
{"id": 1304931292660858881, "date": "2020-09-12", "time": "19:53:59", "tweet": "@MCarbon @BLKMDL3 I used Goo Gone to get chewing gum off my #Tesla that a hater put on, and it worked perfectly.  https://t.co/bH9AmiosDw", "likes_count": 6, "replies_count": 2, "retweets_count": 0, "hashtags": ["tesla"]}
{"id": 1304931271928434696, "date": "2020-09-12", "time": "19:53:54", "tweet": "@mrkspflr @StrixWar2 @JohnnaCrider0 @Manic_Marge @Tesla @TeslaJoy @UNPLGD3 @dogsoftesla @elonmusk did I ever mention anything about that? While hydrogen itself is carbon Neutral neither is the manufacturing process, but I'd figured you would have ignored this point else EV's are dirty bitches due to the fact their manufacture is far from carbon Neutral, but guess not.", "likes_count": 0, "replies_count": 0, "retweets_count": 0, "hashtags": []}
