{"id": 1266882024687767557, "date": "2020-05-30", "time": "19:59:46", "tweet": "@FranciscoFlora3 Solo los Tesla", "likes_count": 0, "replies_count": 0, "retweets_count": 0, "hashtags": []}
{"id": 1266882013992271872, "date": "2020-05-30", "time": "19:59:44", "tweet": "Why u bringing a damn Tesla to a protest. Man HUH??????", "likes_count": 2, "replies_count": 0, "retweets_count": 0, "hashtags": []}
{"id": 1266881976646217728, "date": "2020-05-30", "time": "19:59:35", "tweet": "She owns a Tesla BUT stole somebody’s donation screenshot?????", "likes_count": 1, "replies_count": 0, "retweets_count": 0, "hashtags": []}
{"id": 1266881841908285445, "date": "2020-05-30", "time": "19:59:03", "tweet": "@elonmusk hey Elon. I don't have the money for a Tesla (yet), buuuut if you give me one (Here in Colombia), I promise to make everyone to buy one in a near future jaja", "likes_count": 3, "replies_count": 0, "retweets_count": 0, "hashtags": []}
{"id": 1266881812904775680, "date": "2020-05-30", "time": "19:58:56", "tweet": "@KotenkoGennady @BellybandoS @rianru 2018 How government policies and taxpayer money have helped Elon Musk and Tesla. 40% of SpaceX`s revenue comes from goverment contracts. 40% доходов SpaceX поступает от государственных контрактов. (тайминг видео 06:35). И снова упс.  https://t.co/viEkQemReh", "likes_count": 0, "replies_count": 1, "retweets_count": 0, "hashtags": []}
{"id": 1266881785566121985, "date": "2020-05-30", "time": "19:58:49", "tweet": "@bobbyllew I believe in the Tesla mission and that's what we should focus on.", "likes_count": 0, "replies_count": 0, "retweets_count": 0, "hashtags": []}
{"id": 1266881747234377729, "date": "2020-05-30", "time": "19:58:40", "tweet": "@llcoolj @lorettaslaught1 Isn't it the 21st century?  We just sent people into space in a fucking flame-shooting Tesla, &amp; we still can't respect basic human rights.", "likes_count": 0, "replies_count": 0, "retweets_count": 0, "hashtags": []}
{"id": 1266881689873252352, "date": "2020-05-30", "time": "19:58:27", "tweet": "Vieron como le adjudican el lanzamiento espacial (de la empresa privada SpaceX de Elon Musk, propietario de Tesla) a Trump y bardean a Alberto? Les gusta consumir lo que les conviene ....", "likes_count": 1, "replies_count": 0, "retweets_count": 0, "hashtags": []}
{"id": 1266881689697038336, "date": "2020-05-30", "time": "19:58:27", "tweet": "Minuto 13 se desprende parte del módulo   Para mi tiene la misma credibilidad que el coche tesla viajando por el espacio.....0.  Eso sí!.fue una bonita campaña de publicidad.  https://t.co/mShEmxSHMf", "likes_count": 4, "replies_count": 1, "retweets_count": 1, "hashtags": []}
{"id": 1266881677051166723, "date": "2020-05-30", "time": "19:58:23", "tweet": "Quando encontro o Tesla em algum jogo ele imediatamente passa a ser perfeito pra mim  https://t.co/vMjOBhBJuj", "likes_count": 0, "replies_count": 0, "retweets_count": 0, "hashtags": []}
{"id": 1266881671330066432, "date": "2020-05-30", "time": "19:58:22", "tweet": "#TESLA is again getting ready to go spacebound @elonmusk @Tesla  #dowjones  https://t.co/QZAGNwb9oy", "likes_count": 6, "replies_count": 0, "retweets_count": 1, "hashtags": ["tesla", "dowjones"]}
{"id": 1266881656423677953, "date": "2020-05-30", "time": "19:58:19", "tweet": "teslamotors Roadster sketch by Franz #tesla #roadster #amazing #cardesigner #cardesign @ Hermosa Beach, California  https://t.co/7s7oPyToC6", "likes_count": 0, "replies_count": 0, "retweets_count": 0, "hashtags": ["tesla", "roadster", "amazing", "cardesigner", "cardesign"]}
{"id": 1266881654489939969, "date": "2020-05-30", "time": "19:58:18", "tweet": "People in space talking to us live from a space Tesla on their way to the orbiting metal lab where Americans, Russians, and people of all nations co-mingle and do science.  https://t.co/syOhd97Z8e", "likes_count": 4, "replies_count": 1, "retweets_count": 0, "hashtags": []}
{"id": 1266881642259451904, "date": "2020-05-30", "time": "19:58:15", "tweet": "Papá está enfurecido con la gente que hizo la marcha anticuarentena y hablando de Elon Musk, la NASA y Tesla...  Creo que he hecho un buen trabajo", "likes_count": 4, "replies_count": 1, "retweets_count": 0, "hashtags": []}
{"id": 1266881623838113792, "date": "2020-05-30", "time": "19:58:11", "tweet": "#spacex did really good today. Good nice feeling of quality and low time preference working out to a fine result.  Smells like future.   I like the way the future smells.  It smells of #Bitcoin #BTC #Tesla #TSLA too.   Inevitability 🤔🚀⏫📈💰  https://t.co/o9gp6IkBuL", "likes_count": 0, "replies_count": 0, "retweets_count": 0, "hashtags": ["spacex", "bitcoin", "btc", "tesla", "tsla"]}
{"id": 1266881568502616064, "date": "2020-05-30", "time": "19:57:58", "tweet": "@TravSR_ everything self driving be crashing fck that lmao i learned from tesla fck ups", "likes_count": 0, "replies_count": 1, "retweets_count": 0, "hashtags": []}
{"id": 1266881496574377984, "date": "2020-05-30", "time": "19:57:40", "tweet": "@BLKMDL3 AY Customs Tesla Model 3 Real Carbon Fiber Mud Flaps - Set of 4 (Gloss)  https://t.co/3UwzP7VPBe", "likes_count": 0, "replies_count": 1, "retweets_count": 0, "hashtags": []}
{"id": 1266881473962893312, "date": "2020-05-30", "time": "19:57:35", "tweet": "@CaoChangqing 老提不是Tesla干嘛。  懂的人都知道是Space X。  老川也是为给特斯拉做广告。  你想都能上天了，车还不好。", "likes_count": 3, "replies_count": 0, "retweets_count": 0, "hashtags": []}
{"id": 1266881453360582657, "date": "2020-05-30", "time": "19:57:30", "tweet": "@gkanders Hey Greg I knew that Spacex would be right up your street 😉 Some mean software going on there! My SIL worked for Tesla here so had to drive one. Silent speed! Any visits planned?", "likes_count": 1, "replies_count": 1, "retweets_count": 0, "hashtags": []}
{"id": 1266881373559816197, "date": "2020-05-30", "time": "19:57:11", "tweet": "Showing homes in Tesla is sooooo great! This car is THE car for a realtor! @ Denton, Texas  https://t.co/2pVCNzmjlj", "likes_count": 0, "replies_count": 0, "retweets_count": 0, "hashtags": []}
{"id": 1266881327871275009, "date": "2020-05-30", "time": "19:57:00", "tweet": "@ex_Tesla @HiImDayve @B_Rock_Ett @brad_polumbo @EWErickson Damn guess MLK and Ghandi didn’t accomplish anything 🤨", "likes_count": 0, "replies_count": 0, "retweets_count": 0, "hashtags": []}
{"id": 1266881307809681411, "date": "2020-05-30", "time": "19:56:55", "tweet": "@ex_Tesla @Public_Citizen Riots and violent protests get tear gassed because both are unlawful", "likes_count": 0, "replies_count": 1, "retweets_count": 0, "hashtags": []}
{"id": 1266881285902999553, "date": "2020-05-30", "time": "19:56:50", "tweet": "@SN_1987_A Pensar que si se hubiese apoyado a Tesla ya estaríamos en la era espacial...", "likes_count": 0, "replies_count": 0, "retweets_count": 0, "hashtags": []}
{"id": 1266881257520144385, "date": "2020-05-30", "time": "19:56:43", "tweet": "When y’all loot the dealerships let me know, I need a new tesla", "likes_count": 0, "replies_count": 0, "retweets_count": 0, "hashtags": []}
{"id": 1266881215547801602, "date": "2020-05-30", "time": "19:56:33", "tweet": "TESLA  -  Gettin- Better  https://t.co/gPi2qGqBlP", "likes_count": 0, "replies_count": 0, "retweets_count": 0, "hashtags": []}
{"id": 1266881209344208900, "date": "2020-05-30", "time": "19:56:32", "tweet": "@tesla_master 악!", "likes_count": 0, "replies_count": 0, "retweets_count": 0, "hashtags": []}
{"id": 1266881174925799425, "date": "2020-05-30", "time": "19:56:24", "tweet": "@nitinm95 @Erdayastronaut @Tesla @NASA @SpaceX @elonmusk Starship will be so epic!", "likes_count": 0, "replies_count": 0, "retweets_count": 0, "hashtags": []}
{"id": 1266881129778462720, "date": "2020-05-30", "time": "19:56:13", "tweet": "wow elon musk, space x and NASA have finally done it! what a breakthrough the first time putting humans on the falcon 9 to outer space. Tesla dreamt it, Elon Musk made it real.", "likes_count": 1, "replies_count": 0, "retweets_count": 0, "hashtags": []}
{"id": 1266881106520887297, "date": "2020-05-30", "time": "19:56:07", "tweet": "@MatchasmMatt The same telemetry control software used to land the booster I think inspired the FSD 3D space model.  :).  That’s why I’m bullish on Tesla FSD early release.", "likes_count": 5, "replies_count": 0, "retweets_count": 0, "hashtags": []}
{"id": 1266881073243447297, "date": "2020-05-30", "time": "19:56:00", "tweet": "Amor que, yo quiero un Tesla.", "likes_count": 2, "replies_count": 0, "retweets_count": 0, "hashtags": []}
{"id": 1266880897963393029, "date": "2020-05-30", "time": "19:55:18", "tweet": "#GlobalBritain ⬇️⬇️⬇️ @Tesla factory in UK?", "likes_count": 0, "replies_count": 0, "retweets_count": 0, "hashtags": ["globalbritain"]}
{"id": 1266880892074471425, "date": "2020-05-30", "time": "19:55:16", "tweet": "Hold my Goyard Tote and my Love Bracelet, I’m gonna protest against AMLO on my Tesla... ay, ya se me hizo tarde para mi clase en Síclo, weeeey. Athleisure", "likes_count": 4, "replies_count": 0, "retweets_count": 0, "hashtags": []}
{"id": 1266880889369374727, "date": "2020-05-30", "time": "19:55:16", "tweet": "@markbspiegel We have seen Teslas, Leafs and (probably) Taycans burning. We lack reliable stats by brand. Journalists' reports I read conclude that Tesla games EPA numbers to the upside but is still among the top in range. We will see how battery degradation plays out in the coming years.", "likes_count": 0, "replies_count": 1, "retweets_count": 0, "hashtags": []}
{"id": 1266880853000351746, "date": "2020-05-30", "time": "19:55:07", "tweet": "@Tesla separate the man and his product. Once is good, the other is the wizard of Oz 🤦‍♂️🤔 The Motley Fool: Elon Musk Has Forgotten Tesla's Market.  https://t.co/uXlRoDtJpf via @GoogleNews", "likes_count": 0, "replies_count": 0, "retweets_count": 0, "hashtags": []}
{"id": 1266880834822221824, "date": "2020-05-30", "time": "19:55:03", "tweet": "Tesla's Stock And SpaceX Launches: Are Traders Looking For A Connection?  Benzinga  https://t.co/8CMTWR19sc", "likes_count": 0, "replies_count": 0, "retweets_count": 0, "hashtags": []}
{"id": 1266880803906170881, "date": "2020-05-30", "time": "19:54:55", "tweet": "@bluehandrje E no inicio da pandemia ele fez os funcionários da Tesla trabalharem, mesmo os em grupo de risco, e cagou e andou pra tudo. Empregados falando em \"apenas outro dia como outro qualquer\" enquanto o COVID matava 2 mil pessoas por dia. E agora ainda falam \"liberdade\".", "likes_count": 2, "replies_count": 1, "retweets_count": 0, "hashtags": []}
{"id": 1266880691909857280, "date": "2020-05-30", "time": "19:54:29", "tweet": "Tras la pérdida de 3 cohetes, Musk llegó al límite de pérdidas en todas sus compañías   Debía decidirse entre salvar Tesla o SpaceX  Expertos en la materia se burlaban de él, diciendo que no podría lograrlo, era tachado de loco.  Y además atravesaba un divorcio. Todo en contra😢  https://t.co/R3njDE9XFQ", "likes_count": 12, "replies_count": 1, "retweets_count": 2, "hashtags": []}
{"id": 1266880642069024770, "date": "2020-05-30", "time": "19:54:17", "tweet": "@Erdayastronaut @Tesla @NASA @SpaceX @elonmusk So cool dude!  Glad you had a fun day!!", "likes_count": 0, "replies_count": 0, "retweets_count": 0, "hashtags": []}
{"id": 1266880634657611777, "date": "2020-05-30", "time": "19:54:15", "tweet": "@MrRedHeads @claudiasalatta @clarincom Tesla", "likes_count": 0, "replies_count": 0, "retweets_count": 0, "hashtags": []}
{"id": 1266880591288504322, "date": "2020-05-30", "time": "19:54:05", "tweet": "Totally awesome. Everyone should watch this video. .@elonmusk .@SpaceX .@Tesla", "likes_count": 0, "replies_count": 0, "retweets_count": 0, "hashtags": []}
