{"id": 1315079606119079936, "date": "2020-10-10", "time": "19:59:45", "tweet": "my brother loves tesla so much cuz their cars “solve” environmental issues...only for them to help the biggest polluter in the world", "likes_count": 0, "replies_count": 1, "retweets_count": 0, "hashtags": []}
{"id": 1315079580282220547, "date": "2020-10-10", "time": "19:59:39", "tweet": "“ If you wish to understand the Universe, think of energy, frequency, and vibration” ― Nikola Tesla.", "likes_count": 22, "replies_count": 1, "retweets_count": 2, "hashtags": []}
{"id": 1315079470814912517, "date": "2020-10-10", "time": "19:59:13", "tweet": "@TroyTeslike @prabhinity Looks like Tesla trying to stack the deck if all these come in to play for Q4 record quarter!  Let's go 500k!", "likes_count": 1, "replies_count": 1, "retweets_count": 0, "hashtags": []}
{"id": 1315079463130918912, "date": "2020-10-10", "time": "19:59:11", "tweet": "Zoshlings aren't my speciality, so I passed Roswell along to scientist Tamara Tesla for further examination. She is doubting their legitimacy.", "likes_count": 0, "replies_count": 0, "retweets_count": 0, "hashtags": []}
{"id": 1315079444114141187, "date": "2020-10-10", "time": "19:59:07", "tweet": "(2/2) massively boost the Tesla adoption rate and long term customer revenues for commuters in GTA if a Nevada style interconnected Boring Tunnel Loop was set up under the 400 series highways. Just saying we want you guys to come here!!! Please! 🙏", "likes_count": 0, "replies_count": 1, "retweets_count": 0, "hashtags": []}
{"id": 1315079431111745537, "date": "2020-10-10", "time": "19:59:04", "tweet": "Nikko Tesla - Judy", "likes_count": 0, "replies_count": 0, "retweets_count": 0, "hashtags": []}
{"id": 1315079406919000064, "date": "2020-10-10", "time": "19:58:58", "tweet": "@TeslaScoop @Cadillac My big issues with Tesla is they are like the people who show up to the party who are smart but not fun. Tesla’s are factually fast but not necessarily something that puts a smile on your face with raw sound or engaging cornering. They will never be truly enjoyable cars.", "likes_count": 0, "replies_count": 4, "retweets_count": 0, "hashtags": []}
{"id": 1315079337759051776, "date": "2020-10-10", "time": "19:58:41", "tweet": "@EliBurton_ @Kristennetten I wonder how does it feel driving a doorless Tesla on the streets. 🤣🤣🤣", "likes_count": 2, "replies_count": 0, "retweets_count": 0, "hashtags": []}
{"id": 1315079243827761152, "date": "2020-10-10", "time": "19:58:19", "tweet": "@ElonsWorld TESLA", "likes_count": 1, "replies_count": 0, "retweets_count": 0, "hashtags": []}
{"id": 1315079239356604419, "date": "2020-10-10", "time": "19:58:18", "tweet": "Interesting to see the legacy auto brands following Tesla’s lead in the Silicon Valley style product launch approach.  https://t.co/tI890R5Kss", "likes_count": 1, "replies_count": 1, "retweets_count": 0, "hashtags": []}
{"id": 1315079210499801090, "date": "2020-10-10", "time": "19:58:11", "tweet": "Benzinga's Bulls And Bears Of The Week: AT&amp;T, Apple, Tesla And More  https://t.co/8iKLl8kJuu via @YahooFinance", "likes_count": 0, "replies_count": 0, "retweets_count": 0, "hashtags": []}
{"id": 1315079085207420928, "date": "2020-10-10", "time": "19:57:41", "tweet": "@A_l_a_n__G Microsoft, Amazon, Tesla", "likes_count": 0, "replies_count": 0, "retweets_count": 0, "hashtags": []}
{"id": 1315079080815947776, "date": "2020-10-10", "time": "19:57:40", "tweet": "So my Tesla is in a coma and has to be taken to the Tesla hospital. I guess I need to drive it more - it may be feeling a bit neglected. #StayHome #NotDriving #PandemicLife", "likes_count": 2, "replies_count": 1, "retweets_count": 0, "hashtags": ["stayhome", "notdriving", "pandemiclife"]}
{"id": 1315079058171011072, "date": "2020-10-10", "time": "19:57:35", "tweet": "@GerberKawasaki @YouTube Love you depiction of 2018-19 as a Tesla investor. Went through the exact same feelings and thought-process. Ty for standing up for Tesla and us, it’s investors, in tough times. GG", "likes_count": 1, "replies_count": 0, "retweets_count": 0, "hashtags": []}
{"id": 1315079023115022337, "date": "2020-10-10", "time": "19:57:26", "tweet": "@samabuelsamid Hasn't lidar gotten a lot less expensive in the last couple years? Amazing that tesla keeps up the lie as the reason for the lie disappears", "likes_count": 2, "replies_count": 0, "retweets_count": 0, "hashtags": []}
{"id": 1315079013094830082, "date": "2020-10-10", "time": "19:57:24", "tweet": "@Ford Thank you for responding. But I will be replacing the part for beer, and then she’s buying a Tesla. She’s using my referral code so don’t get any ideas 😊", "likes_count": 1, "replies_count": 0, "retweets_count": 0, "hashtags": []}
{"id": 1315078978835755013, "date": "2020-10-10", "time": "19:57:16", "tweet": "@A_l_a_n__G Buy Apple, Tesla.", "likes_count": 1, "replies_count": 0, "retweets_count": 0, "hashtags": []}
{"id": 1315078949177823232, "date": "2020-10-10", "time": "19:57:09", "tweet": "@DDTG_Global1 @TraderJ95886811 Charging 1 Tesla truck for 1 hour is using as much energy as 3200 homes during that same period of time.", "likes_count": 0, "replies_count": 1, "retweets_count": 0, "hashtags": []}
{"id": 1315078903845851142, "date": "2020-10-10", "time": "19:56:58", "tweet": "@Kristennetten @elonmusk @karpathy @Tesla  https://t.co/IjQF86zuzb", "likes_count": 4, "replies_count": 0, "retweets_count": 0, "hashtags": []}
{"id": 1315078883457339392, "date": "2020-10-10", "time": "19:56:53", "tweet": "American Interest in EVs Rising During COVID-19 Pandemic -  https://t.co/ldM0RB3ak3 #EVs #ElectricVehicles #Tesla via @FutureCar_Media  https://t.co/Vt8IONUbnK", "likes_count": 1, "replies_count": 0, "retweets_count": 0, "hashtags": ["evs", "electricvehicles", "tesla"]}
