{"id": 1337910069896294401, "date": "2020-12-12", "time": "18:59:52", "tweet": "@rsptn_ @agiiexe @_pace_00 What an idiotic statement to make. I said nothing about supporting any of that. Explains why you support your crazy ideology. (btw nothing like telling someone with a Tesla profile pic on why they support oil companies lmao)", "likes_count": 0, "replies_count": 1, "retweets_count": 0, "hashtags": []}
{"id": 1337910061365145604, "date": "2020-12-12", "time": "18:59:50", "tweet": "@milanyy140799 Com certeza foi Rosa e Nikola Tesla's Night of Terror e o seu??", "likes_count": 0, "replies_count": 1, "retweets_count": 0, "hashtags": []}
{"id": 1337910028288872451, "date": "2020-12-12", "time": "18:59:42", "tweet": "@stevenmarkryan I got an email from @Tesla at 2 a.m. informing they were shipped!", "likes_count": 0, "replies_count": 0, "retweets_count": 0, "hashtags": []}
{"id": 1337910027781332993, "date": "2020-12-12", "time": "18:59:42", "tweet": "@TraderJ95886811 @stousugg See this is why I know you don't understand metrics... Tesla and other vehicle makers have more production capacity at the moment so they can shurn out more cars. Has nothing to do quality. NIO sells every car they make and they are growing faster than all others.  https://t.co/eKgNqdcP1i", "likes_count": 1, "replies_count": 1, "retweets_count": 0, "hashtags": []}
{"id": 1337910025977782273, "date": "2020-12-12", "time": "18:59:42", "tweet": "@tesla_adri @DriveTeslaca Surprise surprise, wait not really 😂", "likes_count": 0, "replies_count": 0, "retweets_count": 0, "hashtags": []}
{"id": 1337909996269391872, "date": "2020-12-12", "time": "18:59:34", "tweet": "Tesla teams to visit Indonesia to check on investment in EV components: government  https://t.co/J9garG0gj5", "likes_count": 0, "replies_count": 0, "retweets_count": 0, "hashtags": []}
{"id": 1337909957765652480, "date": "2020-12-12", "time": "18:59:25", "tweet": "Tesla joining the S&amp;P 500 is 'mother of all' stock-market events - MarketWatch  https://t.co/GQBehdckrD", "likes_count": 2, "replies_count": 0, "retweets_count": 0, "hashtags": []}
{"id": 1337909956817932295, "date": "2020-12-12", "time": "18:59:25", "tweet": "@pksilvia @mick_lebrija @JavierOtero72 @CarlosDG_Tesla @juanrb1 @leoquimpos @CarlosCuezva @Ojimenezro002 @joseenpeco @teslavlogs Sí, puedes comprarlo \"nuevo\" y te viene en tres meses de USA. O lo compras de Stock y te venden los de China este mes. Ambos son nuevos", "likes_count": 3, "replies_count": 0, "retweets_count": 0, "hashtags": []}
{"id": 1337909931706609668, "date": "2020-12-12", "time": "18:59:19", "tweet": "@al_hereford @trooty1kenobi @minky2013 @thekopendmagic @FollowerHpc @Keir_Starmer @BorisJohnson @briansm20193481 Let us see. I personally believe no deal will decimate the German car industry especially as they missed the boat on electrical cars. Tesla are by far the most advanced, Mercedes has only one fully electric car, the ECQ.", "likes_count": 1, "replies_count": 2, "retweets_count": 0, "hashtags": []}
{"id": 1337909930523832321, "date": "2020-12-12", "time": "18:59:19", "tweet": "@WSJ Tesla has about twenty ads up for mba interns.", "likes_count": 2, "replies_count": 0, "retweets_count": 0, "hashtags": []}
{"id": 1337909920574939136, "date": "2020-12-12", "time": "18:59:16", "tweet": "So Elon Musk becomes one of richest men on the planet and is now asking for his Tesla staff to volunteer during forced unpaid leave? No doubt they will and no doubt the stock will pump on reduced labour bill. lol. The man is genius.", "likes_count": 0, "replies_count": 0, "retweets_count": 0, "hashtags": []}
{"id": 1337909861078593536, "date": "2020-12-12", "time": "18:59:02", "tweet": "#roadtrip 2020 first stop ... Euroa to charge the car. And a nice coffee and b&amp;e roll at a cafe. It seems long distance driving in a @Tesla is a slightly more relaxed way to travel", "likes_count": 3, "replies_count": 1, "retweets_count": 0, "hashtags": ["roadtrip"]}
{"id": 1337909824550531074, "date": "2020-12-12", "time": "18:58:53", "tweet": "@AndreiOro @co_tesla @CaptVagabond @elonmusk Exactly", "likes_count": 1, "replies_count": 0, "retweets_count": 0, "hashtags": []}
{"id": 1337909810847690759, "date": "2020-12-12", "time": "18:58:50", "tweet": "@Lesmemesdeperon @bamelnegro salvando la distancia, los Tesla vienen con eso y se maneja desde la app. pero estamos a años luz de esas tecnologias, vos con tu Uno y yo con mi Fiesta.", "likes_count": 15, "replies_count": 2, "retweets_count": 0, "hashtags": []}
{"id": 1337909736654565379, "date": "2020-12-12", "time": "18:58:33", "tweet": "Tesla announces extended Model S/X production shutdown, hinting at design refresh  https://t.co/9J3yURn9yi  https://t.co/r01SurP6cr", "likes_count": 0, "replies_count": 0, "retweets_count": 0, "hashtags": []}
{"id": 1337909735392088064, "date": "2020-12-12", "time": "18:58:32", "tweet": "Tesla announces extended Model S/X production shutdown, hinting at design refresh: Tesla announced that it is going to shut down Model S and Model X production lines for an extended period of time during this holiday season. It’s the latest indication…  https://t.co/E9YCvgLkLF  https://t.co/RWCobnuDyl", "likes_count": 1, "replies_count": 0, "retweets_count": 0, "hashtags": []}
{"id": 1337909733794197505, "date": "2020-12-12", "time": "18:58:32", "tweet": "En cuanto al resto, tanto Serko Fu y Queen Mery, como Taty y Tesla han estado fantásticos. Sobriedad y elegancia en estado puro. En general, una gran velada de todo el equipo. Sónico pudo mejorar alguna instrumental para mí gusto personal. Pero bien.", "likes_count": 0, "replies_count": 0, "retweets_count": 0, "hashtags": []}
{"id": 1337909725854371840, "date": "2020-12-12", "time": "18:58:30", "tweet": "@sarbjeetjohal @JeffFrick @rwang0 @BillMew @dvellante @furrier @tcrawford @Craw @karaswisher @kmclaughlinSF @emilychangtv @jonfortt @EvanKirstel @NatSchooler @dhinchcliffe @Tesla @Oracle 2) Remote learning is getting a big boost from #COVID19 &amp; there is no way to reverse that trend. It is a force of history &amp; was going to change higher ed anyway, albeit on a longer runway.", "likes_count": 2, "replies_count": 0, "retweets_count": 1, "hashtags": ["covid19"]}
{"id": 1337909721211285505, "date": "2020-12-12", "time": "18:58:29", "tweet": "@pksilvia @mick_lebrija @JavierOtero72 @CarlosDG_Tesla @juanrb1 @leoquimpos @CarlosCuezva @Ojimenezro002 @joseenpeco @teslavlogs Este Model 3 tambien es nuevo. Los de Shanghai los venden mas baratos y como Stock ahora.", "likes_count": 4, "replies_count": 0, "retweets_count": 0, "hashtags": []}
