{"id": 1223757802432344065, "date": "2020-02-01", "time": "18:59:31", "tweet": "Yo, Rodents apparently love the Model X and other Tesla vehicles.  And I'm not talking just about the animals  $tslaq", "likes_count": 6, "replies_count": 2, "retweets_count": 0, "hashtags": []}
{"id": 1223757680914915329, "date": "2020-02-01", "time": "18:59:02", "tweet": "@realvision @wolfejosh @profplum99 @Lux_Capital Tesla's autopilot is only level 2.  He is pushing a narrative that autopilot = FSD.  This is super misleading.", "likes_count": 0, "replies_count": 0, "retweets_count": 0, "hashtags": []}
{"id": 1223757583821025280, "date": "2020-02-01", "time": "18:58:38", "tweet": "@Carlos_lantigua @Tesla Yo voy a jugar la lotto porque, mi proximo sera un Tesla, sin duda alguna.", "likes_count": 1, "replies_count": 1, "retweets_count": 0, "hashtags": []}
{"id": 1223757556423823364, "date": "2020-02-01", "time": "18:58:32", "tweet": "@tesla_talks @Model3Owners @teslaincanada @trevlan006 @TeslaOwnersGTA @MFrunker @TeslaCanuck @InsideEVs @CovelloMassimo @J_M_0_N @akidesir 😂  https://t.co/ZiYYQVg99F", "likes_count": 1, "replies_count": 0, "retweets_count": 0, "hashtags": []}
{"id": 1223757529005613056, "date": "2020-02-01", "time": "18:58:25", "tweet": "Update on the Franklin Park, PA supercharger at @sheetz . As of last night 3A is out of order. They said they have notified @Tesla but it still shows working on the map. So just a heads up for anyone traveling through. #Tesla #Supercharger  https://t.co/jW3i0fp9OQ", "likes_count": 0, "replies_count": 0, "retweets_count": 0, "hashtags": ["tesla", "supercharger"]}
{"id": 1223757486953385984, "date": "2020-02-01", "time": "18:58:15", "tweet": "@alvinfoo @Tesla @Paula_Piccard @JeroenBartelse @fogle_shane @realColinMac @Julez_Norton @JoannMoretti @Fabriziobustama @pascal_bornet @vincent13031925 @vm_one1 @JayinShanghai @jaypalter @rtehrani @MikeQuindazzi @jeffkagan I absolutely love the @Tesla Autopilot... It reduces my workload and allows me to pay more attention to any potential threats...definitely increases car safety and reduces driver fatigue... 😍  #TheDigitalCoach #AI #Model3Au  https://t.co/ySUhdEcWYv", "likes_count": 8, "replies_count": 0, "retweets_count": 1, "hashtags": ["thedigitalcoach", "ai", "model3au"]}
{"id": 1223757463863877632, "date": "2020-02-01", "time": "18:58:10", "tweet": "UNSense to develop a 100-home real-life testing environment for the future of housing -  https://t.co/fcBDkmH4w4 #Tesla #ecosystem #green #electricity #harmony #diy #inspiration #nature #energy", "likes_count": 0, "replies_count": 0, "retweets_count": 1, "hashtags": ["tesla", "ecosystem", "green", "electricity", "harmony", "diy", "inspiration", "nature", "energy"]}
{"id": 1223757454619619328, "date": "2020-02-01", "time": "18:58:08", "tweet": "@Carlos_lantigua @Tesla 💪🏻", "likes_count": 0, "replies_count": 0, "retweets_count": 0, "hashtags": []}
{"id": 1223757441457741824, "date": "2020-02-01", "time": "18:58:05", "tweet": "Utah Tesla Owners group meetup! @TeslaOwnersUtah  https://t.co/5PbhO3XaIa", "likes_count": 12, "replies_count": 2, "retweets_count": 2, "hashtags": []}
{"id": 1223757436676276225, "date": "2020-02-01", "time": "18:58:03", "tweet": "@remouherek @phonezawphyo @psidart @vincent13031925 @elonmusk @thirdrowtesla @flcnhvy @Kristennetten @Gfilche @tesla_truth Thanks Remo!🤗", "likes_count": 2, "replies_count": 0, "retweets_count": 0, "hashtags": []}
{"id": 1223757436038930432, "date": "2020-02-01", "time": "18:58:03", "tweet": "@Kristennetten @elonmusk @Tesla But it doesn’t work in europe or i‘m just too dumb to do it right...😂", "likes_count": 2, "replies_count": 1, "retweets_count": 0, "hashtags": []}
{"id": 1223757417860796416, "date": "2020-02-01", "time": "18:57:59", "tweet": "@HaraldLinzmeier @th_sattelberger 5/ Hersteller jemals eine Qualität erreichen werden, die man ohne Sorgen in dem realen Straßenverkehr einsetzen kann. Man sehe die Entwicklung bei Tesla, der Autopilot bietet viel Optimierungspotential.", "likes_count": 0, "replies_count": 0, "retweets_count": 0, "hashtags": []}
{"id": 1223757378224521219, "date": "2020-02-01", "time": "18:57:49", "tweet": "@pcmeijer @erikvos Kobalt verhaal is lang en breed bekend. Alle autofabrikanten proberen dat netjes te sourcen, Tesla heeft kobalt al van 8.9% naar 2.9% van batterij &amp; werkt aan een batterij zonder. Ondertussen, wordt kobalt ook gebruikt voor laptop, telefoon &amp; jaja, raffinage olie. Stop olie?", "likes_count": 6, "replies_count": 1, "retweets_count": 0, "hashtags": []}
{"id": 1223757330111582208, "date": "2020-02-01", "time": "18:57:38", "tweet": "@TheJewbyrd7777 @agusnox @ElonBachman @TESLAcharts Tesla bs their numbers to hoodwink gullible people like you", "likes_count": 1, "replies_count": 1, "retweets_count": 0, "hashtags": []}
{"id": 1223757272708526081, "date": "2020-02-01", "time": "18:57:24", "tweet": "@trader51 @TheJewbyrd7777 @ElonBachman @TESLAcharts \"The Tesla SuperCharger network is one of Tesla's biggest assets\"  Until you can't use it", "likes_count": 1, "replies_count": 7, "retweets_count": 0, "hashtags": []}
{"id": 1223757206404751361, "date": "2020-02-01", "time": "18:57:08", "tweet": "Fremont to place boulders to keep homeless from parking near Tesla  https://t.co/irgbLxQQ2e   @elonmusk some of your employees, even after having a job at Tesla for months, ARE HOMELESS. How do you address the people simply existing near their jobs now being forced to go elsewhere", "likes_count": 0, "replies_count": 0, "retweets_count": 0, "hashtags": []}
{"id": 1223757171986436096, "date": "2020-02-01", "time": "18:57:00", "tweet": "@lovemesomemusk @ChiefCivilEngr @elonmusk @Tesla You gonna love it!", "likes_count": 0, "replies_count": 0, "retweets_count": 0, "hashtags": []}
{"id": 1223757106131562496, "date": "2020-02-01", "time": "18:56:45", "tweet": "@pjrvs @Tesla Not jealous.", "likes_count": 1, "replies_count": 0, "retweets_count": 0, "hashtags": []}
{"id": 1223757091996827649, "date": "2020-02-01", "time": "18:56:41", "tweet": "👍 Vídeo: Prueba del Tesla Model 3 #Coches  https://t.co/e3P2cE8oZB", "likes_count": 0, "replies_count": 0, "retweets_count": 0, "hashtags": ["coches"]}
{"id": 1223757076742254595, "date": "2020-02-01", "time": "18:56:38", "tweet": "@nhparks In their opinion,  99% chance Tesla never drops below $300/share  and  96% chance it delivers 7 million cars by 2024 and never drops below $750/share", "likes_count": 1, "replies_count": 0, "retweets_count": 0, "hashtags": []}
{"id": 1223757070907924480, "date": "2020-02-01", "time": "18:56:36", "tweet": "@rayvilleta @Tesla Aquí tenemos la temperatura ideal de trabajo de las baterías de Iones de Litio, entre 15-35 grados Celsius", "likes_count": 0, "replies_count": 2, "retweets_count": 0, "hashtags": []}
{"id": 1223757059067277312, "date": "2020-02-01", "time": "18:56:33", "tweet": "@nic__carter 😂😀 or what if you say you think grimeszs music is hot trash and your Tesla suddenly combusts 🤷‍♂️🤔", "likes_count": 0, "replies_count": 0, "retweets_count": 0, "hashtags": []}
{"id": 1223757057091719170, "date": "2020-02-01", "time": "18:56:33", "tweet": "@agusnox @TheJewbyrd7777 @ElonBachman @TESLAcharts People buy a Tesla with the full understanding they can use fast charging and charging getting even faster. The argument for range anxiety and why Tesla is supposedly better is reductions in charge time because V3 superchargers. It’s a lie", "likes_count": 1, "replies_count": 2, "retweets_count": 0, "hashtags": []}
{"id": 1223757046543085569, "date": "2020-02-01", "time": "18:56:30", "tweet": "Women's Fencing Goes 3-3 at Eric Sollee Invitational! #RollTech  Highlights: - Epee: Tesla Wells (10-4) - Foil: Stephanie Li (12-6) - Sabre: Kristen Palmer (16-0)  --&gt; Recap:  https://t.co/WknBHuJwOs 📸: @DSPics  https://t.co/VJr1Yot0O1", "likes_count": 2, "replies_count": 0, "retweets_count": 1, "hashtags": ["rolltech"]}
{"id": 1223756947440263168, "date": "2020-02-01", "time": "18:56:07", "tweet": "- Ok, Tesla, busca un punto de carga. - Afirmativo, buscando a Sarah Connors.  https://t.co/AhIBz2GFtA", "likes_count": 2, "replies_count": 0, "retweets_count": 0, "hashtags": []}
{"id": 1223756924082102272, "date": "2020-02-01", "time": "18:56:01", "tweet": "Jim Cramer on Chevron and Exxon declines: 'I'm done with fossil fuels. They're done...This is the other side of Tesla'  https://t.co/h2u5CgG8B9 via @electrekco", "likes_count": 3, "replies_count": 0, "retweets_count": 0, "hashtags": []}
{"id": 1223756920630071297, "date": "2020-02-01", "time": "18:56:00", "tweet": "@TonyTesla4Life @mortchad @Tesla Yes I heard all cameras are going and that data is being sent back to improve the machine learning. Sends info back when it gets something wrong to help it learn. Doesn't send info back when it is right. That's how I understood it.", "likes_count": 2, "replies_count": 2, "retweets_count": 0, "hashtags": []}
{"id": 1223756915731243008, "date": "2020-02-01", "time": "18:55:59", "tweet": "@pjrvs @Tesla Jelly!", "likes_count": 0, "replies_count": 0, "retweets_count": 0, "hashtags": []}
{"id": 1223756915181748225, "date": "2020-02-01", "time": "18:55:59", "tweet": "@elonmusk @MarcelMeijer @Tesla How to break your Tesla - ( don’t do this while driving ) open  https://t.co/uZboti9TVh enter any stock like TSLA let javascripts load - observe dead HV battery, no cruise control no turn signals.. please pass to dev team Elon  https://t.co/qPdpJCXAL5", "likes_count": 2, "replies_count": 1, "retweets_count": 0, "hashtags": []}
{"id": 1223756894961065985, "date": "2020-02-01", "time": "18:55:54", "tweet": "@GreatPaulSmith @ClarkDennisM Let’s see how that factory will turn out to be. So far the focus was to keep Tesla as a car company alive. That’s out of all doubts now. So as an organization more focus would fall in to Buffalo GF next.", "likes_count": 0, "replies_count": 1, "retweets_count": 0, "hashtags": []}
{"id": 1223756771442823168, "date": "2020-02-01", "time": "18:55:25", "tweet": "Tesla temporarily closes Shanghai factory to limit spread of Coronavirus  https://t.co/yzB2RphA1y", "likes_count": 0, "replies_count": 0, "retweets_count": 0, "hashtags": []}
{"id": 1223756732507262976, "date": "2020-02-01", "time": "18:55:15", "tweet": "@pjrvs @Tesla Cool", "likes_count": 0, "replies_count": 0, "retweets_count": 0, "hashtags": []}
{"id": 1223756722445176833, "date": "2020-02-01", "time": "18:55:13", "tweet": "I'll also work on commissions next week, the Nikola Tesla valentine, &amp; writing.  I will get stuff done this month but will ALSO be mindful of my health &amp; take care of my weirdo arm tendons.", "likes_count": 0, "replies_count": 0, "retweets_count": 0, "hashtags": []}
{"id": 1223756594162348032, "date": "2020-02-01", "time": "18:54:43", "tweet": "@DirtyTesla @Tesla @thirdrowtesla @JackMasseyWelsh Any idea if this works in your car? I’m not sure if it’s US only or if it works in the UK too.", "likes_count": 0, "replies_count": 0, "retweets_count": 0, "hashtags": []}
{"id": 1223756542987702272, "date": "2020-02-01", "time": "18:54:30", "tweet": "@TESLAcharts EV global market grew only 9% in 2019 vs 2018, while it grew 63% in 2018 vs 2017. So, there is a clear global EV demand slowdown. With even more EV models in 2020 and a flat/slow growth market, all OEMs, including Tesla, can loose their shirts. $TSLAQ", "likes_count": 4, "replies_count": 0, "retweets_count": 0, "hashtags": []}
{"id": 1223756526826844160, "date": "2020-02-01", "time": "18:54:26", "tweet": "@LosAngelesTesla @Tesla Suck up to Norman  CC: @28delayslater", "likes_count": 0, "replies_count": 1, "retweets_count": 0, "hashtags": []}
{"id": 1223756481897684993, "date": "2020-02-01", "time": "18:54:16", "tweet": "@Carlos_lantigua @Tesla Asi estube leyendo, sobre la nueva gen de batterias. Esperos que si, aunque en RD no sufriremos de ese problema.", "likes_count": 0, "replies_count": 1, "retweets_count": 0, "hashtags": []}
{"id": 1223756480010170368, "date": "2020-02-01", "time": "18:54:15", "tweet": "Jim Cramer: Tesla's success is reminiscent of Amazon and Netflix  https://t.co/h5quG1ThbJ", "likes_count": 0, "replies_count": 0, "retweets_count": 0, "hashtags": []}
{"id": 1223756466747736067, "date": "2020-02-01", "time": "18:54:12", "tweet": "Elon Musk claims it ‘won’t be long’ before Tesla’s Model S can travel 400 miles on a single charge  https://t.co/mLYwOA5b6w  https://t.co/YpWeBZp4o3", "likes_count": 0, "replies_count": 0, "retweets_count": 0, "hashtags": []}
