{"id": 1335373351494295559, "date": "2020-12-05", "time": "18:59:51", "tweet": "@Greyecraft @ElonsWorld @elonmusk @Tesla @SpaceX Tu es en commun ajouter Facebook dès maintenant pour bénéficier des outils de communication et de la semaine prochaine pour un poste de responsable de la semaine prochaine pour un poste de responsable de la semaine prochaine tu as des questions n'hésitez pas à me contacter pour", "likes_count": 0, "replies_count": 0, "retweets_count": 0, "hashtags": []}
{"id": 1335373348818325505, "date": "2020-12-05", "time": "18:59:51", "tweet": "@CapitalistTalk @coskier61 @ajtourville @jaredthetrader @khoee @portlander33 @EVFollower1 @meckimac @LizMilton11 @Tesla @Nikolamotors @Hindenburg @iamtomnash @InsiderNikola @nikolamotor 😂", "likes_count": 1, "replies_count": 0, "retweets_count": 0, "hashtags": []}
{"id": 1335373291247296513, "date": "2020-12-05", "time": "18:59:37", "tweet": "@coskier61 @ajtourville @CapitalistTalk @jaredthetrader @khoee @portlander33 @EVFollower1 @meckimac @LizMilton11 @Tesla @Nikolamotors @Hindenburg @iamtomnash @InsiderNikola @nikolamotor You! 😂", "likes_count": 0, "replies_count": 0, "retweets_count": 0, "hashtags": []}
{"id": 1335373279218032642, "date": "2020-12-05", "time": "18:59:34", "tweet": "@ByeonChansoo @boringcompany @28delayslater @jpr007 No. Elon doesn't want any of his other businesses to be publicly traded. He learned from the TEsla experience.", "likes_count": 3, "replies_count": 1, "retweets_count": 0, "hashtags": []}
{"id": 1335373252785475586, "date": "2020-12-05", "time": "18:59:28", "tweet": "@TilmanWinkler @coskier61 @ajtourville @jaredthetrader @khoee @portlander33 @EVFollower1 @meckimac @LizMilton11 @Tesla @Nikolamotors @Hindenburg @iamtomnash @InsiderNikola @nikolamotor They look like reliable sources btw", "likes_count": 0, "replies_count": 1, "retweets_count": 0, "hashtags": []}
{"id": 1335373232774504449, "date": "2020-12-05", "time": "18:59:23", "tweet": "Mississippi Power Smart Neighborhood Will Feature Tesla Solar Roof &amp; Powerwall  https://t.co/oB8Tw5IRbu", "likes_count": 2, "replies_count": 0, "retweets_count": 0, "hashtags": []}
{"id": 1335373228534018049, "date": "2020-12-05", "time": "18:59:22", "tweet": "Tesla can't be measured by normal financial measures. Tesla is about something that will dramatically change the automotive, energy and space industries.", "likes_count": 0, "replies_count": 0, "retweets_count": 0, "hashtags": []}
{"id": 1335373183864741888, "date": "2020-12-05", "time": "18:59:11", "tweet": "My ★★ review of Tesla (2020) on @letterboxd:  https://t.co/86TOBN02Ye", "likes_count": 0, "replies_count": 0, "retweets_count": 0, "hashtags": []}
{"id": 1335373181851353090, "date": "2020-12-05", "time": "18:59:11", "tweet": "@Tysto2 @Forbes @AlibabaGroup @PwC There's no connection between NIO and LK; anymore than there's a connection between Tesla and Enron.   LK's auditor was Ernst &amp; Young; whereas NIO's is Pricewaterhousecoopers, which is also Alibaba &amp; Tesla's auditor.   Don't fall for the game being played by the shorts/bears.", "likes_count": 0, "replies_count": 0, "retweets_count": 0, "hashtags": []}
{"id": 1335373146753556483, "date": "2020-12-05", "time": "18:59:02", "tweet": "@ufologiste Nikola Tesla's Warning of the Philadelphia Experiment &amp; Time Travel  اخطار نیکولا تسلا درباره آزمایش فیلادلفیا و سفر در زمان  لطفاً  روی لینک زیر کلیک کنید  پایان   https://t.co/YBLp2B1EpV", "likes_count": 1, "replies_count": 0, "retweets_count": 0, "hashtags": []}
{"id": 1335373133956734976, "date": "2020-12-05", "time": "18:58:59", "tweet": "@filbfilb Switched from an Audi to a #Tesla Model S, and I'll never go back!!!", "likes_count": 2, "replies_count": 0, "retweets_count": 0, "hashtags": ["tesla"]}
{"id": 1335373124204806148, "date": "2020-12-05", "time": "18:58:57", "tweet": "@Mateo_Lamuno @TeslaStars @Tesla @JJODRY I kind of like more ... 😍😍😍😍  https://t.co/RTHMm4uCnr", "likes_count": 3, "replies_count": 1, "retweets_count": 0, "hashtags": []}
{"id": 1335373113341726720, "date": "2020-12-05", "time": "18:58:54", "tweet": "Tesla says Black people hold just 4% of its U.S. leadership roles – Latest News  https://t.co/uVtV1gLrMF", "likes_count": 0, "replies_count": 0, "retweets_count": 0, "hashtags": []}
{"id": 1335373049433006081, "date": "2020-12-05", "time": "18:58:39", "tweet": "@khoee @jaredthetrader @TilmanWinkler @CapitalistTalk @portlander33 @meckimac @LizMilton11 @Tesla @Nikolamotors @Hindenburg @ajtourville @iamtomnash @InsiderNikola @nikolamotor They haven't even paid for the hydro stations they promised inbev.  That's a stretch to think they're gonna build a hydrogen network. Or that anyone would even work with them now. Their director of hydrogen infra just left. Which oh, was Trevor's brother who knew nothing of h2.", "likes_count": 2, "replies_count": 1, "retweets_count": 0, "hashtags": []}
{"id": 1335372989655896067, "date": "2020-12-05", "time": "18:58:25", "tweet": "Tesla’s racially diverse workforce is led mostly by white men, internal report shows – TechCrunch  https://t.co/D4FE2OorbE", "likes_count": 0, "replies_count": 0, "retweets_count": 0, "hashtags": []}
{"id": 1335372978461282305, "date": "2020-12-05", "time": "18:58:22", "tweet": "@TilmanWinkler @jaredthetrader @khoee @portlander33 @EVFollower1 @meckimac @LizMilton11 @Tesla @Nikolamotors @Hindenburg @ajtourville @iamtomnash @InsiderNikola @nikolamotor @Nikola_Truth It sounds like the magic 4 of anti- $NKLA team. They fight in defense of $TSLA, and against the green energy future that we all want. Hydrogen is for the future. $NKLA happens to be well positioned to take advantage of that wave.", "likes_count": 0, "replies_count": 0, "retweets_count": 0, "hashtags": []}
{"id": 1335372950460043264, "date": "2020-12-05", "time": "18:58:16", "tweet": "@TonyPosawatz @stevelevine Unless the thesis is that Tesla will proceed to capture the remaining 98.5% market share unopposed as the world transitions to buying EVs over the next 10 years, what other manufacturer besides GM is farther ahead to provide that competition?", "likes_count": 0, "replies_count": 2, "retweets_count": 0, "hashtags": []}
{"id": 1335372929966739457, "date": "2020-12-05", "time": "18:58:11", "tweet": "@Poxenium @russ1mitchell @latimes @Tesla I think Russ's intern took over his Twitter.", "likes_count": 1, "replies_count": 0, "retweets_count": 0, "hashtags": []}
{"id": 1335372876275396609, "date": "2020-12-05", "time": "18:57:58", "tweet": "@Tesla Totally sold! But it's not available in Virginia!", "likes_count": 0, "replies_count": 0, "retweets_count": 0, "hashtags": []}
{"id": 1335372832180723718, "date": "2020-12-05", "time": "18:57:47", "tweet": "Slik stikker Tesla kjepper i hjulene for de andre bilprodusentene | ABC Nyheter  https://t.co/2CNj1tkQes", "likes_count": 0, "replies_count": 0, "retweets_count": 0, "hashtags": []}
{"id": 1335372794599788547, "date": "2020-12-05", "time": "18:57:38", "tweet": "@sethasfishman 1990 - I’m in my dorm room pining over Jeff and playing Tesla. @TeslaBand #TeslaBand    https://t.co/aB0idZyQ9n", "likes_count": 0, "replies_count": 0, "retweets_count": 0, "hashtags": ["teslaband"]}
{"id": 1335372772755742721, "date": "2020-12-05", "time": "18:57:33", "tweet": "@JimmyGooGoo @garyblack00 @truth_tesla 😂this guy. Yeah, buddy. Insurance biz is down the 💩 er   and Buffet has to jump into the most volatile big cap stock in the market. How binary and un-historically educated can you get?", "likes_count": 0, "replies_count": 1, "retweets_count": 0, "hashtags": []}
{"id": 1335372760781033472, "date": "2020-12-05", "time": "18:57:30", "tweet": "@dryke_dz pasa que ahora tesla se esta enfocando en sacar coches familiares, y aun así le hace competencia al lambo, en arranque gana el tesla, pero por la aerodinámica lo alcanza el lambo, no me quiero imaginar cuando tesla saque súper deportivos", "likes_count": 1, "replies_count": 1, "retweets_count": 0, "hashtags": []}
{"id": 1335372738010230785, "date": "2020-12-05", "time": "18:57:25", "tweet": "Michigan bill may end Tesla’s direct-to-customer sales  https://t.co/lrinJLLtyB", "likes_count": 0, "replies_count": 0, "retweets_count": 4, "hashtags": []}
{"id": 1335372712164864002, "date": "2020-12-05", "time": "18:57:19", "tweet": "@_yrbteezy I seen Tesla tequila lol didn’t even know it was dropping till it was already sold out.", "likes_count": 0, "replies_count": 0, "retweets_count": 0, "hashtags": []}
{"id": 1335372663624261632, "date": "2020-12-05", "time": "18:57:07", "tweet": "@CapitalistTalk @TilmanWinkler @jaredthetrader @khoee @portlander33 @EVFollower1 @meckimac @LizMilton11 @Tesla @Nikolamotors Not at all true. Take softbanks investment in WeWork, or the investments in Theranos. Big companies still do bad investments. Also GM is pulling back their deal with Nikola very significantly.", "likes_count": 2, "replies_count": 2, "retweets_count": 0, "hashtags": []}
{"id": 1335372597035298818, "date": "2020-12-05", "time": "18:56:51", "tweet": "This is the first time I will navigate the stock market. Tesla looks primising.  https://t.co/cOB216jFtu", "likes_count": 0, "replies_count": 0, "retweets_count": 0, "hashtags": []}
{"id": 1335372590626508802, "date": "2020-12-05", "time": "18:56:50", "tweet": "@FieraIngenieria Porque no le venden la tecnología a la empresa #Tesla ?", "likes_count": 0, "replies_count": 0, "retweets_count": 0, "hashtags": ["tesla"]}
{"id": 1335372589976399877, "date": "2020-12-05", "time": "18:56:50", "tweet": "Nicola Tesla 5x6 Pencil on Cardastock #artistsoninstagram #artistsoffacebook #artistsontwitter #myart #myartwork #pencil #pencilsketch #pencildrawing #pencilportrait #portrait #portraitdrawing #portraitsketch #portraitsketching #NikolaTesla #nicolatesla #coryknowlesart  https://t.co/oGoZL1y57A", "likes_count": 1, "replies_count": 0, "retweets_count": 0, "hashtags": ["artistsoninstagram", "artistsoffacebook", "artistsontwitter", "myart", "myartwork", "pencil", "pencilsketch", "pencildrawing", "pencilportrait", "portrait", "portraitdrawing", "portraitsketch", "portraitsketching", "nikolatesla", "nicolatesla", "coryknowlesart"]}
{"id": 1335372585450790921, "date": "2020-12-05", "time": "18:56:49", "tweet": "It's surprisingly nothing much leaked from @boringcompany   Other than Elon's tweets. Tesla might just acquire boring company at some point  Love it 😊  @28delayslater @jpr007", "likes_count": 5, "replies_count": 2, "retweets_count": 0, "hashtags": []}
{"id": 1335372571135471616, "date": "2020-12-05", "time": "18:56:45", "tweet": "@klwtts Tesla did with the announcement of the 4860 cel. It will be a few years though before it’s felt but it’s done now. We are just running out the clock", "likes_count": 24, "replies_count": 2, "retweets_count": 1, "hashtags": []}
{"id": 1335372555151048705, "date": "2020-12-05", "time": "18:56:41", "tweet": "@jaredthetrader @TilmanWinkler @CapitalistTalk @portlander33 @EVFollower1 @meckimac @LizMilton11 @Tesla @Nikolamotors @Hindenburg @ajtourville @iamtomnash @InsiderNikola @nikolamotor Ubben has said they IPO’d too early but that they can still execute on their strategy of building a hydrogen network through partnerships.", "likes_count": 0, "replies_count": 1, "retweets_count": 0, "hashtags": []}
{"id": 1335372544451502081, "date": "2020-12-05", "time": "18:56:39", "tweet": "@TeslaStars @Tesla @JJODRY That would be interesting!", "likes_count": 1, "replies_count": 0, "retweets_count": 0, "hashtags": []}
{"id": 1335372541318270978, "date": "2020-12-05", "time": "18:56:38", "tweet": "@WR4NYGov @Tesla  https://t.co/bwoHV6Nvi5", "likes_count": 0, "replies_count": 0, "retweets_count": 0, "hashtags": []}
{"id": 1335372533466603522, "date": "2020-12-05", "time": "18:56:36", "tweet": "@Model3Owners Let them pay what Tesla owners pay at Ionity! 🙊", "likes_count": 0, "replies_count": 0, "retweets_count": 0, "hashtags": []}
{"id": 1335372524830380035, "date": "2020-12-05", "time": "18:56:34", "tweet": "@ChrisDungeon Tesla is the only company that used the credit for what it was intended—to stand up a whole industry that can sustain itself. The rest squandered it on compliance. I’m in favor of tax credit annihilation, come what may. Drive a Tesla or walk. I don’t care.", "likes_count": 0, "replies_count": 1, "retweets_count": 0, "hashtags": []}
{"id": 1335372452059234304, "date": "2020-12-05", "time": "18:56:17", "tweet": "@Aleeejandrodro @salomondrin Jajaja ya quisieras mínimo el Tesla de este cabron 😂", "likes_count": 3, "replies_count": 0, "retweets_count": 0, "hashtags": []}
{"id": 1335372407654191105, "date": "2020-12-05", "time": "18:56:06", "tweet": "@JacobAllan7 @ElonsWorld @elonmusk @Tesla @SpaceX Byron je vous remercie", "likes_count": 0, "replies_count": 0, "retweets_count": 0, "hashtags": []}
{"id": 1335372373562888195, "date": "2020-12-05", "time": "18:55:58", "tweet": "Tesla’s face the moment I discovered her new secret napping spot  https://t.co/OE0NLTxigt", "likes_count": 3, "replies_count": 1, "retweets_count": 0, "hashtags": []}
{"id": 1335372305002708993, "date": "2020-12-05", "time": "18:55:42", "tweet": "@CapitalistTalk @jaredthetrader @TilmanWinkler @khoee @portlander33 @meckimac @LizMilton11 @Tesla @Nikolamotors To get a squeeze you have to have shorts that feel it's going to go up.. shorts in this stock know it's fraud and aren't going to cover when a fraud is still valued at $10B.", "likes_count": 1, "replies_count": 1, "retweets_count": 0, "hashtags": []}
