{"id": 1264345175473688577, "date": "2020-05-23", "time": "19:59:14", "tweet": "Tesla can't be measured by normal financial measures. Tesla is about something that will dramatically change the automotive, energy and space industries.", "likes_count": 0, "replies_count": 0, "retweets_count": 0, "hashtags": []}
{"id": 1264345164455333889, "date": "2020-05-23", "time": "19:59:12", "tweet": "¿Podría Tesla fabricar en la planta de Nissan de zona franca si Nissan se va?", "likes_count": 0, "replies_count": 0, "retweets_count": 0, "hashtags": []}
{"id": 1264345122981863424, "date": "2020-05-23", "time": "19:59:02", "tweet": "Elon Musk: the Tesla Cybertruck isn’t getting any smaller  https://t.co/P55mflsISd #Tech  https://t.co/P8v2qVqRqz", "likes_count": 0, "replies_count": 0, "retweets_count": 0, "hashtags": ["tech"]}
{"id": 1264345119924211717, "date": "2020-05-23", "time": "19:59:01", "tweet": "Tesla's Cybertruck won't get smaller any time soon  https://t.co/nmRTbiYdUJ", "likes_count": 0, "replies_count": 0, "retweets_count": 0, "hashtags": []}
{"id": 1264345046012305409, "date": "2020-05-23", "time": "19:58:44", "tweet": "@XpengMotors Stole all your technology from Tesla and the USA!💀", "likes_count": 0, "replies_count": 0, "retweets_count": 0, "hashtags": []}
{"id": 1264345039876087808, "date": "2020-05-23", "time": "19:58:42", "tweet": "@JohnDiceGrandma Tesla innit", "likes_count": 0, "replies_count": 0, "retweets_count": 0, "hashtags": []}
{"id": 1264344956228927488, "date": "2020-05-23", "time": "19:58:22", "tweet": "Currently buying a 2019 Tesla Model 3 guyssss 😳😍", "likes_count": 8, "replies_count": 0, "retweets_count": 0, "hashtags": []}
{"id": 1264344941120991233, "date": "2020-05-23", "time": "19:58:19", "tweet": "@ex_Tesla Drive it like you stole it", "likes_count": 1, "replies_count": 0, "retweets_count": 0, "hashtags": []}
{"id": 1264344870224715776, "date": "2020-05-23", "time": "19:58:02", "tweet": "Texas Tesla Terafactory Option Shows Up On Tesla Navigation ????????  https://t.co/TD7XG0izEM", "likes_count": 0, "replies_count": 0, "retweets_count": 0, "hashtags": []}
{"id": 1264344757666529285, "date": "2020-05-23", "time": "19:57:35", "tweet": "@FinPlanKaluAja1 @SafdarAlam Not me myself. I be nobody.  I'm referring to ones that have happened.  Elon Musk's tweets and actions have affected the stock price of Tesla. From when he was smoking weed to when he said that he will make Tesla private at $420 and when he said that the stock price was too high.", "likes_count": 0, "replies_count": 1, "retweets_count": 0, "hashtags": []}
{"id": 1264344672434094080, "date": "2020-05-23", "time": "19:57:14", "tweet": "@Kristennetten Btw I love your Tesla tweets!", "likes_count": 0, "replies_count": 0, "retweets_count": 0, "hashtags": []}
{"id": 1264344618558279681, "date": "2020-05-23", "time": "19:57:02", "tweet": "The fight to reopen a Tesla plant reveals how Musk gets what he wants.  https://t.co/V8val7TCju", "likes_count": 11, "replies_count": 6, "retweets_count": 9, "hashtags": []}
{"id": 1264344510710112256, "date": "2020-05-23", "time": "19:56:36", "tweet": "Posso capire se lo twitto io, ma il CEO di un paio di aziende come Tesla e SpaceX... Boh", "likes_count": 0, "replies_count": 0, "retweets_count": 0, "hashtags": []}
{"id": 1264344505601441793, "date": "2020-05-23", "time": "19:56:35", "tweet": "@Jordan_Sather_ @QTheWakeUp Tesla?", "likes_count": 0, "replies_count": 0, "retweets_count": 0, "hashtags": []}
{"id": 1264344491781091328, "date": "2020-05-23", "time": "19:56:31", "tweet": "I’m going to drive a Tesla one day...🤞🏾", "likes_count": 0, "replies_count": 0, "retweets_count": 0, "hashtags": []}
{"id": 1264344442145837057, "date": "2020-05-23", "time": "19:56:20", "tweet": "@TeslaStars @technoise5 @Opel_France @Tesla Small children get older and bigger fast. Most ppl keep their cars for many years if your kid is 5 when you buy the car they can very easily be 10+ when you are done with it and no longer fit in those seats", "likes_count": 2, "replies_count": 1, "retweets_count": 0, "hashtags": []}
{"id": 1264344371341561856, "date": "2020-05-23", "time": "19:56:03", "tweet": "@drivelinebases “I’ll be sending a Tesla on my behalf” would be a great reply to an invite", "likes_count": 3, "replies_count": 0, "retweets_count": 0, "hashtags": []}
{"id": 1264344343374159872, "date": "2020-05-23", "time": "19:55:56", "tweet": "Dollar-a-Day Tesla Challenge - Episode 2  https://t.co/mQPrrEGagT via @YouTube", "likes_count": 0, "replies_count": 0, "retweets_count": 0, "hashtags": []}
{"id": 1264344317952491520, "date": "2020-05-23", "time": "19:55:50", "tweet": "La publicidad que le está haciendo NASA a Tesla a santo de qué viene?", "likes_count": 0, "replies_count": 0, "retweets_count": 0, "hashtags": []}
{"id": 1264344250545651713, "date": "2020-05-23", "time": "19:55:34", "tweet": "@JaggerMickOZ Perhaps one day, we will return to the road of sanity that Nikola Tesla showed and shared with us.  https://t.co/GTGbUl0dis", "likes_count": 0, "replies_count": 0, "retweets_count": 0, "hashtags": []}
{"id": 1264344229649711104, "date": "2020-05-23", "time": "19:55:29", "tweet": "@enn_nafnlaus @elonmusk @flcnhvy @jayleno 😂😏 in all seriousness haven’t been that excited for a Tesla product in a long time. X, 3 and Y are above great, but this... they are no words yet", "likes_count": 1, "replies_count": 0, "retweets_count": 0, "hashtags": []}
{"id": 1264344163824406528, "date": "2020-05-23", "time": "19:55:13", "tweet": "@Millishield This is very interesting. The world is going Green. Even Tesla is rolling out more units. More reason we should intensify our economy diversification to create economic growth. It will take some time but we'll surely get there.", "likes_count": 1, "replies_count": 0, "retweets_count": 0, "hashtags": []}
{"id": 1264344150842867712, "date": "2020-05-23", "time": "19:55:10", "tweet": "tiara tesla", "likes_count": 1, "replies_count": 0, "retweets_count": 1, "hashtags": []}
{"id": 1264344088964300800, "date": "2020-05-23", "time": "19:54:55", "tweet": "But wait, there was a recent pro-Tesla propaganda piece about “3 New Jobs” at Fremont.  Gali published the news first, fwiw.  3 New Jobs.  (Not three jobs. 3 jobs.)  tl;dr: When there is no Tesla news 2 publish, Tesla shills must publish anyway $TSLA  https://t.co/u3s1CJTzGJ", "likes_count": 20, "replies_count": 4, "retweets_count": 1, "hashtags": []}
{"id": 1264344072505790464, "date": "2020-05-23", "time": "19:54:51", "tweet": "Strange Pumps in Tesla Land  I read a twitter headline today claiming Tesla has a brand new electricity business in Shanghai.  Curious to know more, I clicked through.  https://t.co/OskJHkkzug", "likes_count": 26, "replies_count": 2, "retweets_count": 3, "hashtags": []}
{"id": 1264344017011200001, "date": "2020-05-23", "time": "19:54:38", "tweet": "Saw a Tesla Model Y for the first time today, on my way to Orlando. #tesla", "likes_count": 0, "replies_count": 0, "retweets_count": 0, "hashtags": ["tesla"]}
{"id": 1264343958290927620, "date": "2020-05-23", "time": "19:54:24", "tweet": "@gtbynum You are letting news outlets present the Golden Driller as an offering to the great Tesla. Way to sell out our city's heritage. IT WASN'T CONSTRUCTED FOR HIM.  https://t.co/FwrfF5Mfak", "likes_count": 0, "replies_count": 0, "retweets_count": 0, "hashtags": []}
{"id": 1264343953391841280, "date": "2020-05-23", "time": "19:54:23", "tweet": "Looking forward to getting the Tesla meets going again...it's  been along time..  #Tesla #SouthAustralia #TOCA  https://t.co/A3TSqtAWl1", "likes_count": 8, "replies_count": 0, "retweets_count": 0, "hashtags": ["tesla", "southaustralia", "toca"]}
{"id": 1264343934093975555, "date": "2020-05-23", "time": "19:54:18", "tweet": "@ElectricEater \"...Y-You better not be tired, then! Y-You're starving me over here!\"  She happens to glance over at the bush and realizes something - the obese Pikachu she was laying on had took the rest of the berries.  \"H-Hang on a second, y-you need to share some of those with me!\"  Tesla&gt;", "likes_count": 0, "replies_count": 1, "retweets_count": 0, "hashtags": []}
{"id": 1264343912711241728, "date": "2020-05-23", "time": "19:54:13", "tweet": "@FaZe_Rain 😭😭😭😭 “I got rich off playing video games my life’s so hard everyone uses me even tho I lived in a house with 5 other rich people and drive a tesla” 😭😭😭😭😭😭", "likes_count": 0, "replies_count": 0, "retweets_count": 0, "hashtags": []}
{"id": 1264343835716485121, "date": "2020-05-23", "time": "19:53:55", "tweet": "Το πολυτελέστατο ηλεκτρικό που αποκάλεσαν «φονέα του Tesla»  https://t.co/oIY7ye0PTU", "likes_count": 0, "replies_count": 0, "retweets_count": 0, "hashtags": []}
{"id": 1264343828959498240, "date": "2020-05-23", "time": "19:53:53", "tweet": "im raising tesla in fgo and tbh ive always been kinda \"i just think hes neat\" w him ever since i played london. even if he shredded my team that first time. i just think hes a good fella", "likes_count": 0, "replies_count": 0, "retweets_count": 0, "hashtags": []}
{"id": 1264343827164344321, "date": "2020-05-23", "time": "19:53:53", "tweet": "@Tesla how bout a traxxes partnership with there fastest scale car ever the x o 1 combined with body of Tesla sports cars", "likes_count": 0, "replies_count": 0, "retweets_count": 0, "hashtags": []}
{"id": 1264343641826476035, "date": "2020-05-23", "time": "19:53:09", "tweet": "@Jordan_Sather_ Have you ever seen Nigel Stanford? I believe he is totally into the deep Tesla research!! Its awesome!🙏🇺🇸", "likes_count": 0, "replies_count": 0, "retweets_count": 0, "hashtags": []}
{"id": 1264343552546549760, "date": "2020-05-23", "time": "19:52:47", "tweet": "Domain Available @Undeveloped    https://t.co/MnOAJmJv4L  — #Futuristic #EV #Tesla #Cybertruck #AI  https://t.co/olJyZb6iHf", "likes_count": 1, "replies_count": 0, "retweets_count": 2, "hashtags": ["futuristic", "ev", "tesla", "cybertruck", "ai"]}
{"id": 1264343449396019200, "date": "2020-05-23", "time": "19:52:23", "tweet": "@CarlosBeitia7 Mayer te andan buscando, pero no para mandarte a La Picota, es para que vendas los Tesla", "likes_count": 1, "replies_count": 0, "retweets_count": 0, "hashtags": []}
{"id": 1264343386149892096, "date": "2020-05-23", "time": "19:52:08", "tweet": "🤓🤔👍 #knownews #Engadget #EngadgetRSSFeed #tech Tesla’s Cybertruck won’t get smaller any time soon Is Tesla’s C  https://t.co/eHgFvmIwOM", "likes_count": 0, "replies_count": 0, "retweets_count": 0, "hashtags": ["knownews", "engadget", "engadgetrssfeed", "tech"]}
{"id": 1264343346681720832, "date": "2020-05-23", "time": "19:51:58", "tweet": "Nex-Gen Tesla Roadster Unveiled  https://t.co/4uGMaD2hDA  https://t.co/UWj6s91JzO", "likes_count": 0, "replies_count": 0, "retweets_count": 0, "hashtags": []}
{"id": 1264343316918919179, "date": "2020-05-23", "time": "19:51:51", "tweet": "There was a girl on the path who had a Tesla car from Ganymede. She loved it, so much that she wanted to destroy it.", "likes_count": 0, "replies_count": 0, "retweets_count": 0, "hashtags": []}
{"id": 1264343270437482496, "date": "2020-05-23", "time": "19:51:40", "tweet": "Zak Downtown - \"Tesla\"  https://t.co/o6PU4aelhv via @YouTube", "likes_count": 1, "replies_count": 0, "retweets_count": 0, "hashtags": []}
