{"id": 1340446811559882752, "date": "2020-12-19", "time": "18:59:58", "tweet": "@RaoulGMI @ChrisBloomstran I love tesla and huge fan of the revolution Elon started. Fact is EV market is gonna be blood bath next 5-10 years. He needs to focus on better product and cut cost as fast as he can to stay competitive.", "likes_count": 13, "replies_count": 1, "retweets_count": 0, "hashtags": []}
{"id": 1340446804425510912, "date": "2020-12-19", "time": "18:59:57", "tweet": "@wildrover109 @johnemsen @DenverManuel @cv19ht @realDonaldTrump @OANN 1) Yeah I can tell you, coz this happened in Sweden 20 years ago. First they raise corp tax (they say they gonna tax the elite but they can’t coz their money are offshore or hidden), after a while corporations get fee up and move, (like Tesla moved to texas) companies move.", "likes_count": 0, "replies_count": 3, "retweets_count": 0, "hashtags": []}
{"id": 1340446757977640961, "date": "2020-12-19", "time": "18:59:46", "tweet": "@tesla_master @DirtyTesla The only real emojis. (Joking) 🤣  https://t.co/0OyZeLHYcS", "likes_count": 1, "replies_count": 0, "retweets_count": 0, "hashtags": []}
{"id": 1340446752277716994, "date": "2020-12-19", "time": "18:59:44", "tweet": "El que se queda ayer dormido y no alcanza a recomprar Tesla y el lunes entran al S&amp;P 500.  https://t.co/mlfFHewHRB", "likes_count": 0, "replies_count": 0, "retweets_count": 0, "hashtags": []}
{"id": 1340446745646358528, "date": "2020-12-19", "time": "18:59:43", "tweet": "@Post_Market Wait, so you’re telling me Tesla only needs to earn over $67B for current price to be a good deal? Time to load up!", "likes_count": 4, "replies_count": 0, "retweets_count": 0, "hashtags": []}
{"id": 1340446720044322818, "date": "2020-12-19", "time": "18:59:37", "tweet": "My Cybertruck arrived early 😂🤣  Thanks @seanmmitchell for sharing this gem!  Super fun little project. #tesla #vybertruck @FoldUpToys  https://t.co/LsZ6SGCUlm", "likes_count": 6, "replies_count": 2, "retweets_count": 1, "hashtags": ["tesla", "vybertruck"]}
{"id": 1340446675941220354, "date": "2020-12-19", "time": "18:59:26", "tweet": "@hikingskiing 90% Tesla 10% bitcoin", "likes_count": 3, "replies_count": 1, "retweets_count": 0, "hashtags": []}
{"id": 1340446666302828545, "date": "2020-12-19", "time": "18:59:24", "tweet": "@hikingskiing TESLA and BITCOIN", "likes_count": 2, "replies_count": 0, "retweets_count": 0, "hashtags": []}
{"id": 1340446628877131777, "date": "2020-12-19", "time": "18:59:15", "tweet": "@BrianGriffo Have you seen the stock chart?  How can you not make a profit with Tesla?  It goes vertical?", "likes_count": 1, "replies_count": 0, "retweets_count": 0, "hashtags": []}
{"id": 1340446561852149762, "date": "2020-12-19", "time": "18:58:59", "tweet": "we all wonder when @KreekCraft will join the tesla owners club  also another daily reminder that he still has to go skydiving...", "likes_count": 442, "replies_count": 23, "retweets_count": 7, "hashtags": []}
{"id": 1340446497138216963, "date": "2020-12-19", "time": "18:58:43", "tweet": "Tesla's ($TSLA) Stock Price: An Army of Millionaire Retail Traders Hold On - Bloomberg  https://t.co/kW3j4sPtmF", "likes_count": 0, "replies_count": 0, "retweets_count": 0, "hashtags": []}
{"id": 1340446476309282817, "date": "2020-12-19", "time": "18:58:38", "tweet": "@BabyTesla3 @tesla_raj @JohnnaCrider1 @MinimalDuck This 💩 happened to me as well. My previous Twitter account had over 10,000 followers. I was on Twitter since 2008. &amp; out of nowhere a couple of months ago, Twitter blocked me. &amp; it was asking for me to verify my account thru ☎️ verification, but call NEVER came. Verified #", "likes_count": 0, "replies_count": 1, "retweets_count": 0, "hashtags": []}
{"id": 1340446383732486147, "date": "2020-12-19", "time": "18:58:16", "tweet": "@truth_tesla Attention: All BMO ETFs update DAILY. “Dec, 18 2020” This is a small size bm’d fund in terms of AUM.  However", "likes_count": 3, "replies_count": 0, "retweets_count": 0, "hashtags": []}
{"id": 1340446339612741633, "date": "2020-12-19", "time": "18:58:06", "tweet": "@truth_tesla Yes, but major rebalancing was done on 18th.   Should be available Monday morning.", "likes_count": 1, "replies_count": 1, "retweets_count": 0, "hashtags": []}
{"id": 1340446337813364743, "date": "2020-12-19", "time": "18:58:05", "tweet": "@SeathMaze @Pragmatictakes @primalpoly I do think they welcomed tesla and built the factory to get the skills. and Elon wants people to have the skills. another way US falling behind imo. :/ :( he came here bc it was best we need to make sure he doesnt go there", "likes_count": 0, "replies_count": 0, "retweets_count": 0, "hashtags": []}
{"id": 1340446281806704640, "date": "2020-12-19", "time": "18:57:52", "tweet": "@ryan_cpp @on_tesla @lexfridman Beauty is in the eyes of the beholder. I would imagine a city on Mars would be like that. Designed for efficiency.", "likes_count": 6, "replies_count": 0, "retweets_count": 0, "hashtags": []}
{"id": 1340446216270663680, "date": "2020-12-19", "time": "18:57:36", "tweet": "@13arm13arm @_TeslaTom @TeslaStraya @TeslaGong @tesla_raj @Kristennetten @dennis_p @28delayslater @elonmusk @DrSallyL @tesla_pup @bamtheteslaman1 looks like the keep them on crowd is winning..", "likes_count": 1, "replies_count": 0, "retweets_count": 0, "hashtags": []}
{"id": 1340446214949646336, "date": "2020-12-19", "time": "18:57:36", "tweet": "@SawyerMerritt Sorry for all those questions, but are you waiting for the IV to go down or one of the greeks to look better. Based on the calculations I found, if Tesla goes up 100% in a year, the LEAPS would make around 220%. With ARKK the profit would be over 400%. Still trying to find why.", "likes_count": 1, "replies_count": 1, "retweets_count": 0, "hashtags": []}
{"id": 1340446209870340100, "date": "2020-12-19", "time": "18:57:35", "tweet": "@BabyTesla3 @tesla_master @DirtyTesla The holiday season has brought out the toxic trolls.", "likes_count": 3, "replies_count": 1, "retweets_count": 0, "hashtags": []}
{"id": 1340446200139403270, "date": "2020-12-19", "time": "18:57:33", "tweet": "@CharmsYahoo @simonahac Not sure I'd buy a second hand Tesla.  Battery degradation over charging cycles with dendrite growth means significant reduction in charge capacity and greater risk of failure", "likes_count": 2, "replies_count": 3, "retweets_count": 0, "hashtags": []}
{"id": 1340446185396551681, "date": "2020-12-19", "time": "18:57:29", "tweet": "At $655 billion market cap., Tesla's now worth more than Toyota, Volkswagen, BMW, GM and Ford—combined.   At 685% YTD, Tesla dwarfed the S&amp;P (13%) and Nasdaq (40%). Musk is a genius 🤓 @asemota    https://t.co/AaSuDTmc4O", "likes_count": 9, "replies_count": 2, "retweets_count": 4, "hashtags": []}
{"id": 1340446177385443334, "date": "2020-12-19", "time": "18:57:27", "tweet": "@StephanoAlxndr @highlineguitars @Reuters I definitely agree with you on that.  Many companies send and receive information every day. Apple, Samsung, Google, Facebook, Tesla to name a few.  In this case, all I'm talking about is government intelligence and how that's not normally supposed to be divulged.", "likes_count": 0, "replies_count": 2, "retweets_count": 0, "hashtags": []}
{"id": 1340446087241457665, "date": "2020-12-19", "time": "18:57:06", "tweet": "@Richard_Swagner tesla", "likes_count": 2, "replies_count": 1, "retweets_count": 0, "hashtags": []}
{"id": 1340446074079723520, "date": "2020-12-19", "time": "18:57:03", "tweet": "@nomamessbuey @coolrandompers1 @Wealth_habit @TESLA_is_a_TREX @Tesla @Teslarati I only hold Tesla. I’m not comparing myself to them, I’m just saying invest in what you believe in. No point holding 40 companies when you can pick 1-3 that you know will dominate.", "likes_count": 4, "replies_count": 1, "retweets_count": 0, "hashtags": []}
{"id": 1340446068513890305, "date": "2020-12-19", "time": "18:57:01", "tweet": "Crec amb Nicolai Tesla  https://t.co/5cvb8uePZR", "likes_count": 0, "replies_count": 0, "retweets_count": 0, "hashtags": []}
{"id": 1340446043809280000, "date": "2020-12-19", "time": "18:56:55", "tweet": "@yusufhaniel @_TeslaTom @TeslaStraya @TeslaGong @tesla_raj @Kristennetten @dennis_p @28delayslater @elonmusk @DrSallyL @tesla_pup @bamtheteslaman1 supposedly about a 10% increase in efficiency at highway speeds.", "likes_count": 1, "replies_count": 0, "retweets_count": 0, "hashtags": []}
{"id": 1340446037157154817, "date": "2020-12-19", "time": "18:56:54", "tweet": "@gitTesla @LBonjwa @hc93_ @BomsteinRick &amp; @TilmanWinkler  Fair value of Tesla is between 50&amp;90 (my DCF closer to 50 but I don't believe in their growth). Tsla in EU this year went from 35 to 13% of mkt share. COMPETITION now have VIABLE prod. (+Network, factories, cust.base). BIG DEAL.", "likes_count": 0, "replies_count": 2, "retweets_count": 0, "hashtags": []}
{"id": 1340445996782923777, "date": "2020-12-19", "time": "18:56:44", "tweet": "Blocked. He came in hard with Tesla has never made a profit and gets all money from government subsidies, then said I should do my research because I’ve only been investing for 17 years. Hmmm. That one was odd. Kinda miss the real TSLAQ. They were at least good at being chit.", "likes_count": 25, "replies_count": 5, "retweets_count": 0, "hashtags": []}
{"id": 1340445970085990401, "date": "2020-12-19", "time": "18:56:38", "tweet": "@AlainDoiron @truth_tesla Tesla plans to make 300k MIC Model 3s, 100k of which will be exported. So it may be close to Accord in sales but Model 3 will most likely come on top in early 2022. MIC MY production capacity for 2021 is 250k units.", "likes_count": 14, "replies_count": 0, "retweets_count": 1, "hashtags": []}
{"id": 1340445939002089473, "date": "2020-12-19", "time": "18:56:30", "tweet": "@TeslaLondon @_TeslaTom @TeslaStraya @TeslaGong @tesla_raj @Kristennetten @dennis_p @28delayslater @elonmusk @DrSallyL @tesla_pup @bamtheteslaman1 with the new tyres using more energy, leaving them on  helps a litle bit", "likes_count": 3, "replies_count": 0, "retweets_count": 0, "hashtags": []}
{"id": 1340445890083840000, "date": "2020-12-19", "time": "18:56:19", "tweet": "@vincent13031925 I like Steven Mark Ryan's \"the more cars Tesla sells, the more cars Tesla sells.", "likes_count": 1, "replies_count": 0, "retweets_count": 0, "hashtags": []}
{"id": 1340445876427370498, "date": "2020-12-19", "time": "18:56:15", "tweet": "@foxgringoCS @Tesla @elonmusk Vou pedir dinheiro ao @JoseRic96781946 para comprar outro que ele tem mucho 😂😂", "likes_count": 0, "replies_count": 0, "retweets_count": 0, "hashtags": []}
{"id": 1340445867518513152, "date": "2020-12-19", "time": "18:56:13", "tweet": "@tesla_master @DirtyTesla 🤣🤣", "likes_count": 2, "replies_count": 1, "retweets_count": 0, "hashtags": []}
{"id": 1340445855371943936, "date": "2020-12-19", "time": "18:56:10", "tweet": "@on_tesla @lexfridman Then Elon wouldn’t need to have a boring company.", "likes_count": 1, "replies_count": 0, "retweets_count": 0, "hashtags": []}
{"id": 1340445847029465089, "date": "2020-12-19", "time": "18:56:08", "tweet": "@MCastroMusic @elonmusk @Tesla  https://t.co/3aJ5nsJ5Hr", "likes_count": 0, "replies_count": 0, "retweets_count": 0, "hashtags": []}
{"id": 1340445828486348801, "date": "2020-12-19", "time": "18:56:04", "tweet": "Tesla Corsa 13 is tomorrow at Buttonwillow! Come out and say hi or even track your Tesla! It’s such a blast!  https://t.co/u2ZnCzxpmb", "likes_count": 21, "replies_count": 0, "retweets_count": 0, "hashtags": []}
{"id": 1340445827118944258, "date": "2020-12-19", "time": "18:56:04", "tweet": "@tszzl I’m a fan of that as much as anyone else. No ‘investor’ in SV would condone the business practices demonstrated by Tesla.   But yeah *waives hands* SpaceX. SpaceX has a competent COO and the execs don’t leave in droves.", "likes_count": 2, "replies_count": 2, "retweets_count": 0, "hashtags": []}
{"id": 1340445823897907201, "date": "2020-12-19", "time": "18:56:03", "tweet": "@TESLA_is_a_TREX @Tesla @Teslarati Okay... but don’t pretend like you weren’t already rich...obviously.", "likes_count": 9, "replies_count": 0, "retweets_count": 0, "hashtags": []}
{"id": 1340445817665060864, "date": "2020-12-19", "time": "18:56:01", "tweet": "@bamtheteslaman1 @_TeslaTom @TeslaStraya @TeslaGong @tesla_raj @Kristennetten @dennis_p @28delayslater @elonmusk @DrSallyL @tesla_pup agree", "likes_count": 1, "replies_count": 0, "retweets_count": 0, "hashtags": []}
{"id": 1340445774442713088, "date": "2020-12-19", "time": "18:55:51", "tweet": "@dennis_p @_TeslaTom @TeslaStraya @TeslaGong @tesla_raj @Kristennetten @28delayslater @elonmusk @DrSallyL @tesla_pup @bamtheteslaman1 good idea,  but we already have gutter rash on both sides.  :(", "likes_count": 1, "replies_count": 0, "retweets_count": 0, "hashtags": []}
