{"id": 1312542937259995136, "date": "2020-10-03", "time": "19:59:56", "tweet": "One of the features that have evolved during the past five months is the more accurate image of the vehicles around our Tesla Model 3. A motorcycle is much more like a motorcycle it used to be. #tesla #model3 #model3dualmotor #bev #electricvehicle #elektrofahrzeug  https://t.co/5oosItqSlE", "likes_count": 0, "replies_count": 0, "retweets_count": 1, "hashtags": ["tesla", "model3", "model3dualmotor", "bev", "electricvehicle", "elektrofahrzeug"]}
{"id": 1312542814991978498, "date": "2020-10-03", "time": "19:59:27", "tweet": "So I guess I find out tomorrow when my new #Tesla will arrive from @DavidDobrik 🤞🤞", "likes_count": 0, "replies_count": 0, "retweets_count": 0, "hashtags": ["tesla"]}
{"id": 1312542785996808194, "date": "2020-10-03", "time": "19:59:20", "tweet": "@Danorlandop @davidjlac @PPathole @elonmusk @Tesla Siempre les he dicho que tesla debe ser el Ferrari de los eléctricos más no el Ford de los eléctricos; esto da soporte a mi argumento", "likes_count": 0, "replies_count": 0, "retweets_count": 0, "hashtags": []}
{"id": 1312542646770991118, "date": "2020-10-03", "time": "19:58:47", "tweet": "@Nigmachangeling Tesla", "likes_count": 1, "replies_count": 0, "retweets_count": 0, "hashtags": []}
{"id": 1312542566009585664, "date": "2020-10-03", "time": "19:58:28", "tweet": "@tfalcone68 @RadioFlyer @Tesla They need to make one for sure 🤩", "likes_count": 1, "replies_count": 0, "retweets_count": 0, "hashtags": []}
{"id": 1312542535806402562, "date": "2020-10-03", "time": "19:58:21", "tweet": "@Noah_WebbCAN @elonmusk @karpathy One year ago, I was driving back and forth nearly 500 miles each way. Sometimes in my Tesla and sometimes in a small ICE. The pure mental tiredness was so evident when driving the ICE compared to my Tesla with AP.", "likes_count": 0, "replies_count": 1, "retweets_count": 0, "hashtags": []}
{"id": 1312542494144462853, "date": "2020-10-03", "time": "19:58:11", "tweet": "💣 Tesla dei Canales: Primeros barcos portacontenedores eléctricos...  https://t.co/GnW6eeMeX6", "likes_count": 0, "replies_count": 0, "retweets_count": 0, "hashtags": []}
{"id": 1312542489341947904, "date": "2020-10-03", "time": "19:58:09", "tweet": "@ajtourville @elonmusk By the time my dad or neighbor is into it, the stock has had a mad run. I use to tell my neighbor who for years hated on $tsla that “the stock will be shit till you yourself want a Tesla”.  Last week he was asking me if FSD was worth adding and how much the price changes 😂", "likes_count": 7, "replies_count": 1, "retweets_count": 0, "hashtags": []}
{"id": 1312542464952107009, "date": "2020-10-03", "time": "19:58:04", "tweet": "Tesla: Merkel loda progetto a Gruenheide e la sua velocità  https://t.co/TfkdZBHeEl", "likes_count": 0, "replies_count": 0, "retweets_count": 0, "hashtags": []}
{"id": 1312542458757160962, "date": "2020-10-03", "time": "19:58:02", "tweet": "My Tesla is dirty and has a bug.  https://t.co/irkMTbfUEl", "likes_count": 61, "replies_count": 21, "retweets_count": 0, "hashtags": []}
{"id": 1312542457507192832, "date": "2020-10-03", "time": "19:58:02", "tweet": "@brianchoi_tesla 4분기 판매량 폭발하겠는데요?  공급만 따라가 준다면 어마어마하겠네요.  3교대로 24시간 풀가동하니 많은 공급이 예상됩니다. 모델Y도 기대됩니다.😁", "likes_count": 8, "replies_count": 1, "retweets_count": 0, "hashtags": []}
{"id": 1312542448074317829, "date": "2020-10-03", "time": "19:58:00", "tweet": "FBI Document: Nikola Tesla Was an Extraterrestrial From Venus  https://t.co/fBZQzEQm68 via @YouTube", "likes_count": 0, "replies_count": 0, "retweets_count": 0, "hashtags": []}
{"id": 1312542325520953344, "date": "2020-10-03", "time": "19:57:30", "tweet": "@TeslaChillMode @Tesla Been on all seasons since I got my license in 94.  Have had a LR RWD since February 2018 and have seen my share of snow/ice.  I can confidentially say that all seasons are just fine for me.    😁👍🏼", "likes_count": 6, "replies_count": 1, "retweets_count": 0, "hashtags": []}
{"id": 1312542291618271232, "date": "2020-10-03", "time": "19:57:22", "tweet": "not w/ my aunt mad that she had to wait on her Tesla &amp; had to drive her mans Benz....", "likes_count": 4, "replies_count": 0, "retweets_count": 0, "hashtags": []}
{"id": 1312542217039380480, "date": "2020-10-03", "time": "19:57:05", "tweet": "@ralphsheheen @SPEEDSPORT @SprintCarMagz Thats the TESLA model. Lol", "likes_count": 1, "replies_count": 1, "retweets_count": 0, "hashtags": []}
{"id": 1312542162907787264, "date": "2020-10-03", "time": "19:56:52", "tweet": "@DivCultivator So using your $600 a month Tesla car payment,, some are traveling in a nice car that happens to also be their bedroom. They live outside exploring the nation. That's cheap.", "likes_count": 1, "replies_count": 0, "retweets_count": 0, "hashtags": []}
{"id": 1312542078065242116, "date": "2020-10-03", "time": "19:56:31", "tweet": "@AtlasAlphaTrade I disagree. Those are niche very small markets. Glad they like EVs. But easy to explain why Norway has chosen alternatives since they became available. Small market. Lots of Tesla’s.  People want different from everyone else. In a small market this is amplified", "likes_count": 0, "replies_count": 1, "retweets_count": 0, "hashtags": []}
{"id": 1312542046956261376, "date": "2020-10-03", "time": "19:56:24", "tweet": ".@MitoStaysGod has won grand challenge on 04/10/2020 06:48:01 SGT [Archers,Skeletons,Tesla,Fireball,Ice Spirit,Ice Golem,X-Bow,The Log]  Deck:  https://t.co/MjcaEvyAtg  GC Logs:  https://t.co/B4zuOgf24k  Powered by @AMGinfluence  https://t.co/dFAJUOXqNY", "likes_count": 4, "replies_count": 0, "retweets_count": 1, "hashtags": []}
{"id": 1312542002580353025, "date": "2020-10-03", "time": "19:56:13", "tweet": "@sydney_ev This is a non issue given how important safety is for tesla and remember tesla has its own crash lab.  https://t.co/WM1zqMY8da", "likes_count": 0, "replies_count": 0, "retweets_count": 0, "hashtags": []}
{"id": 1312541961992179712, "date": "2020-10-03", "time": "19:56:04", "tweet": "@808Vinny Pandemic = YOLO I'm getting the best vehicle on the market -&gt; it's obviously a #Tesla S or X", "likes_count": 0, "replies_count": 0, "retweets_count": 0, "hashtags": ["tesla"]}
{"id": 1312541936897662981, "date": "2020-10-03", "time": "19:55:58", "tweet": "Frank Hannon, grande guitarrista do Tesla, está completando 54 anos. Relembre a matéria que publicamos sobre o álbum Simplicity.    https://t.co/ytgfl5Micp  #Tesla #ResenhadeAlbum", "likes_count": 0, "replies_count": 0, "retweets_count": 0, "hashtags": ["tesla", "resenhadealbum"]}
{"id": 1312541916001640449, "date": "2020-10-03", "time": "19:55:53", "tweet": "Enter to Win this Tesla Model 3 Here!!   https://t.co/BfnPjXQPgg", "likes_count": 2, "replies_count": 0, "retweets_count": 1, "hashtags": []}
{"id": 1312541870044536832, "date": "2020-10-03", "time": "19:55:42", "tweet": "During September my family &amp; I drove 2860 km in our Tesla Model 3 which used 542 kWh of electricity, of which 200 kWh came from home charging, 111 kWh from Tesla Superchargers, and 231 kWh from free public chargers.  Our total charging costs for the month were $28.06 CAD 1/2  https://t.co/UoWXr3kNfy", "likes_count": 42, "replies_count": 4, "retweets_count": 3, "hashtags": []}
{"id": 1312541810242260998, "date": "2020-10-03", "time": "19:55:28", "tweet": "@MMCrypto And @Tesla will be right behind", "likes_count": 1, "replies_count": 0, "retweets_count": 0, "hashtags": []}
{"id": 1312541793641279488, "date": "2020-10-03", "time": "19:55:24", "tweet": "@_formulaman_ @Teslarati Batteries are heavy and at the bottom so a tesla won't be easy to get laying on its roof. The storage space in the front also makes for a great squish zone. Meaning it can absorb alot of energy by just squishing the metal together and acting like a big shock Absorber", "likes_count": 1, "replies_count": 0, "retweets_count": 0, "hashtags": []}
{"id": 1312541783369289730, "date": "2020-10-03", "time": "19:55:21", "tweet": "@ICannot_Enough How do you arrive at those 2021 Q1 numbers? Tesla, and entire auto market, usually retract from previous Q.", "likes_count": 1, "replies_count": 0, "retweets_count": 0, "hashtags": []}
{"id": 1312541773823119360, "date": "2020-10-03", "time": "19:55:19", "tweet": "@elonmusk I wish tesla will add the new technology in their vehicles. ( add radar system in our vehicles to detect the cops, medical/ Emergency vehicles.) since there are are already different Radar systems in the market . But would love to have this feature to our Tesla.", "likes_count": 0, "replies_count": 0, "retweets_count": 0, "hashtags": []}
{"id": 1312541766222901248, "date": "2020-10-03", "time": "19:55:17", "tweet": "@gabosalazar21 @co_tesla 🤩🥰", "likes_count": 1, "replies_count": 0, "retweets_count": 1, "hashtags": []}
{"id": 1312541713571831808, "date": "2020-10-03", "time": "19:55:05", "tweet": "For all the @Tesla folk in ‘the north’ where it’s snowy!! Do you swap out tires and rims or just the tires in the winter. Or nah - I don’t worry about winter tires.  I’d really like to know for my friend that got MY where it snows a lot.", "likes_count": 30, "replies_count": 49, "retweets_count": 3, "hashtags": []}
{"id": 1312541704382230538, "date": "2020-10-03", "time": "19:55:02", "tweet": "Toxic Tesla folks are hell bent on slandering Nikola Motors.  These toxic Tesla fans own Tesla stock &amp; try to profit by manipulating people on social media. Beware.", "likes_count": 16, "replies_count": 0, "retweets_count": 3, "hashtags": []}
{"id": 1312541680747372545, "date": "2020-10-03", "time": "19:54:57", "tweet": "Waiting in the car while the wife shops.  Can still watch the game easily.  Love my Tesla.  https://t.co/iH2vQkYYwY", "likes_count": 3, "replies_count": 1, "retweets_count": 0, "hashtags": []}
{"id": 1312541647234904070, "date": "2020-10-03", "time": "19:54:49", "tweet": "@may_tesla", "likes_count": 0, "replies_count": 0, "retweets_count": 0, "hashtags": []}
{"id": 1312541603416899589, "date": "2020-10-03", "time": "19:54:38", "tweet": "@rrosenbl @Tesla Hahaha. Where is Tom to say Lainey937 or whatever his number is.", "likes_count": 1, "replies_count": 0, "retweets_count": 0, "hashtags": []}
{"id": 1312541548534329344, "date": "2020-10-03", "time": "19:54:25", "tweet": "@asimo3089 Asimo can you pls add the tesla model x as a 90k vehicle in jailbreak?  https://t.co/wI3mShgsR4", "likes_count": 2, "replies_count": 0, "retweets_count": 0, "hashtags": []}
{"id": 1312541547892740096, "date": "2020-10-03", "time": "19:54:25", "tweet": "Tesla to offer bird’s eye view through Autopilot camera in FSD package - Electrek  https://t.co/1VbHlRCPT6", "likes_count": 0, "replies_count": 0, "retweets_count": 0, "hashtags": []}
{"id": 1312541481933189125, "date": "2020-10-03", "time": "19:54:09", "tweet": "Driving becomes a joy from a chore  How can you beat this? Buy a #Tesla seriously @elonmusk", "likes_count": 2, "replies_count": 1, "retweets_count": 1, "hashtags": ["tesla"]}
{"id": 1312541395442372608, "date": "2020-10-03", "time": "19:53:49", "tweet": "@elonmusk @teslaownersSV @SpaceX Autopilot will soon be more valuable than current price. Is reasonable to assume that more enhancement will be coming to the FSD platform. I see average value and price of Tesla vehicles going up over time.", "likes_count": 1, "replies_count": 0, "retweets_count": 0, "hashtags": []}
{"id": 1312541344758460416, "date": "2020-10-03", "time": "19:53:37", "tweet": "Tesla Leads US EV Sales By Brand from 2012-2019, Who Comes Next  https://t.co/hqGSSYPBjA", "likes_count": 0, "replies_count": 0, "retweets_count": 4, "hashtags": []}
{"id": 1312541316451098625, "date": "2020-10-03", "time": "19:53:30", "tweet": "@pepe_tesla That analogy makes no sense. Anyone can wear a mask with no learning curve, while learning a language well takes a long time. Anyway, you know which answer you want to get to and will do whatever it takes to make the explanation fit, so this is a waste of our time.", "likes_count": 0, "replies_count": 0, "retweets_count": 0, "hashtags": []}
{"id": 1312541293898338304, "date": "2020-10-03", "time": "19:53:24", "tweet": "#CyberTruck will be take the throne of the Ultimate #Tesla from #ModelX IMHO", "likes_count": 2, "replies_count": 0, "retweets_count": 0, "hashtags": ["cybertruck", "tesla", "modelx"]}
