{"id": 1233904707237752832, "date": "2020-02-29", "time": "18:59:41", "tweet": "@markbspiegel @juiceDiem @GeekStanton @AvaGG @Tesla @PR3SIDENT One thing I always find cute on topics like this is the total randos who aren’t following anyone in the convo, just have keyword searches going so they can argue with even more ppl.  😘", "likes_count": 1, "replies_count": 1, "retweets_count": 0, "hashtags": []}
{"id": 1233904671502327810, "date": "2020-02-29", "time": "18:59:33", "tweet": "@PuruJarvi @thetrivke @tanja_henry Ovo ni Tesla i Anštajn zajedno ne bi uspeli da dešifruju.", "likes_count": 1, "replies_count": 0, "retweets_count": 0, "hashtags": []}
{"id": 1233904659359817728, "date": "2020-02-29", "time": "18:59:30", "tweet": "Soy un Tesla Roaster", "likes_count": 0, "replies_count": 1, "retweets_count": 0, "hashtags": []}
{"id": 1233904630607859712, "date": "2020-02-29", "time": "18:59:23", "tweet": "Tesla \"big battery\" in Australia is becoming a bigger nightmare for fossil fuel power generators  https://t.co/qhAsbeapgv", "likes_count": 0, "replies_count": 0, "retweets_count": 0, "hashtags": []}
{"id": 1233904598554775553, "date": "2020-02-29", "time": "18:59:15", "tweet": "@MMike2016 @JaguarUK @Tesla True. But Model Y won’t be in the UK until next year....", "likes_count": 2, "replies_count": 1, "retweets_count": 0, "hashtags": []}
{"id": 1233904566065758209, "date": "2020-02-29", "time": "18:59:08", "tweet": "@CGrantWSJ And you were bearish on Tesla while it went up 300%.", "likes_count": 0, "replies_count": 1, "retweets_count": 0, "hashtags": []}
{"id": 1233904479398957060, "date": "2020-02-29", "time": "18:58:47", "tweet": "@DaveWallsworth @JaguarUK @Tesla @MercedesBenzUK They are startlingly quick the first few times you give them the beans mate. All good with me thanks Dave. Keep us posted with the car choice. 👍👍👍", "likes_count": 2, "replies_count": 1, "retweets_count": 0, "hashtags": []}
{"id": 1233904469277986816, "date": "2020-02-29", "time": "18:58:44", "tweet": "@ValueAnalyst1 TX 4 sharing. An excellent overview of Li-ion cell &amp; #Battery #technology by Jeff Dahn. I have degrees in #chemistry &amp; it was easy listening.  .@AmazingChevVolt .@arikring .@technology .@techreview .@TheEconomist .@FT .@BW   It shows how far ahead .@Tesla is  .@NuovaRealta .@SZ", "likes_count": 5, "replies_count": 0, "retweets_count": 1, "hashtags": ["battery", "technology", "chemistry"]}
{"id": 1233904459530539014, "date": "2020-02-29", "time": "18:58:42", "tweet": "@tesla_george @literlandweb1 Y?", "likes_count": 0, "replies_count": 1, "retweets_count": 0, "hashtags": []}
{"id": 1233904447576838149, "date": "2020-02-29", "time": "18:58:39", "tweet": "Straight stupid Clickbait... $TSLA .....How to buy a Tesla Cybertruck for just $400  https://t.co/z2IE7NObxq", "likes_count": 1, "replies_count": 0, "retweets_count": 0, "hashtags": []}
{"id": 1233904405470236672, "date": "2020-02-29", "time": "18:58:29", "tweet": "¿Alguien más vió esto en el hermoso cielo caraqueño? (Vzla) Busco información!!! Fue genial. Empezó cayendo en cierta dirección y cuando empecé a grabar cambió completamente SpaceX????? @SpaceX_Esp @SpaceX  Is that you my dear Tesla friend? @elonmusk  https://t.co/HpQO0LNBxo", "likes_count": 0, "replies_count": 1, "retweets_count": 1, "hashtags": []}
{"id": 1233904376323796994, "date": "2020-02-29", "time": "18:58:22", "tweet": "@DandikaKM U palanačkim apotekama i u jedinoj apoteci na Aerodromu \"Nikola Tesla\" još pre mesec dana nisam mogao da kupim zaštitnu masku. Rekoše - rasprodato.", "likes_count": 0, "replies_count": 0, "retweets_count": 0, "hashtags": []}
{"id": 1233904353158848515, "date": "2020-02-29", "time": "18:58:17", "tweet": "@ajlastname @subach @ghost_scot @elonmusk @Tesla End of the day, you have to be in control. There is no self driving or autonomous features. Only drive assist. The difference is it is easy to abuse in teslas. Take cars when you use it.", "likes_count": 0, "replies_count": 0, "retweets_count": 0, "hashtags": []}
{"id": 1233904299526303744, "date": "2020-02-29", "time": "18:58:04", "tweet": "We've seen these fake set-ups a dozen times before. We all know Tesla's tricks by now. Just stop it mate", "likes_count": 5, "replies_count": 1, "retweets_count": 0, "hashtags": []}
{"id": 1233904293821857792, "date": "2020-02-29", "time": "18:58:03", "tweet": "Tesla's Cybertruck is growing support in the construction industry.  Why wouldn’t it?  Who wants to drive a diesel or gas truck when a cheaper, clean ~bulletproof rocket tank will do the job SO much better!   https://t.co/IA7qbrMYQD  https://t.co/CpWmuYrFbm", "likes_count": 16, "replies_count": 1, "retweets_count": 4, "hashtags": []}
{"id": 1233904222644645888, "date": "2020-02-29", "time": "18:57:46", "tweet": "@arikring @kirillklip @AmandaRay02 @netsy01 @JukkaPSeppl @Aqualyra @seth_leitman @Jackthelad1947 @jellsmoor @wernerkeil @JMPyper @gazzema @kashthefuturist @KetanJ0 @ChristopherNFox @ReclaimAnglesea @Evidentiary1 @ColorSTREAMedia @gezgintrk @phemale61 @rtoinsider @smartenergy4u @ShiCooks @StopAdaniCairns @research_innova @ineeshadvs @ollivier_yves @johnlundin @ProfStrachan @PAOTZEPG @totalrecovery @rjbluesky @BtzMedina @JGrobicki @09Clive @khtagh @Sustainablehero @Paula_Piccard @autrement_votre @Sufiy @Tesla @HansLak @NancySinatra @juancanavarro @ristori20 +100 #SolarCar  See @MichiganStateU @MSU_Solar W/#Engineering Help From @MSU_Egr_News!  https://t.co/xGzn5nnuvN Multi Passenger Cruiser Div.  https://t.co/gaMURoeOyA Fig1 + For #EV Mass Production: 1) @SonoMotors  https://t.co/DcZpwVekLU  2) @Lightyear_Cars  https://t.co/kuLCv6HTG4  https://t.co/9y7BhiY1Jm", "likes_count": 12, "replies_count": 0, "retweets_count": 8, "hashtags": ["solarcar", "engineering", "ev"]}
{"id": 1233904063550574592, "date": "2020-02-29", "time": "18:57:08", "tweet": "Tesla \"big battery\" in Australia is becoming a bigger nightmare for fossil fuel power generators  https://t.co/pA8739iruo", "likes_count": 0, "replies_count": 0, "retweets_count": 0, "hashtags": []}
{"id": 1233904049453502464, "date": "2020-02-29", "time": "18:57:04", "tweet": "@jayzilla711 @ray4tesla @Tesla Much appreciated share! 👍👍👍", "likes_count": 0, "replies_count": 0, "retweets_count": 0, "hashtags": []}
{"id": 1233904001185390592, "date": "2020-02-29", "time": "18:56:53", "tweet": "Arrived in Copenhagen @KokkedalSlot #tesla #evroadtrip  https://t.co/DlKjGlm1R3", "likes_count": 2, "replies_count": 0, "retweets_count": 0, "hashtags": ["tesla", "evroadtrip"]}
{"id": 1233903987528814594, "date": "2020-02-29", "time": "18:56:50", "tweet": "@Dfnct @Izivia @Tesla @Peugeot The way to go ☺️", "likes_count": 1, "replies_count": 0, "retweets_count": 0, "hashtags": []}
