{"id": 1353130346192093184, "date": "2021-01-23", "time": "18:59:49", "tweet": "during my last year of my undergrad, i maxed out on my fafsa and had no way to cover it. not a single one of my aunts or uncles, who live very comfortably as socialites and tesla owners, donated to my gofundme. fuck family. complete strangers and friends have supported me more.", "likes_count": 10, "replies_count": 2, "retweets_count": 1, "hashtags": []}
{"id": 1353130329641373696, "date": "2021-01-23", "time": "18:59:45", "tweet": "Thinking of selling my Tesla Model 3. With the pandemic we don’t need more that 1 car right now. And I’m planning to grab the Rivian when it comes out.  Any takers? 2018 Mid-range, 8,400 miles on it. White with upgraded white interior, upgraded rims, and enhanced autopilot. $40k.", "likes_count": 7, "replies_count": 5, "retweets_count": 1, "hashtags": []}
{"id": 1353130301464006662, "date": "2021-01-23", "time": "18:59:38", "tweet": "@BigNosedBully The overvaluation of tesla stock isn’t hinging entirely on FSD. Many are looking at it as investing in a company that can secure a decent share of the Chinese and European EV market. In the US, they have 70% of the EV market, which counts for a lot", "likes_count": 0, "replies_count": 1, "retweets_count": 0, "hashtags": []}
{"id": 1353130189459316736, "date": "2021-01-23", "time": "18:59:11", "tweet": "@meryy_tesla الله يسعدك اختي مريم", "likes_count": 2, "replies_count": 1, "retweets_count": 0, "hashtags": []}
{"id": 1353130158937448448, "date": "2021-01-23", "time": "18:59:04", "tweet": "How Volkswagen’s $50 Billion Plan to Beat Tesla Short-Circuited - The Wall Street Journal  https://t.co/rg39VTX4Su  https://t.co/7HiqNDcNas", "likes_count": 0, "replies_count": 0, "retweets_count": 1, "hashtags": []}
{"id": 1353130147931713536, "date": "2021-01-23", "time": "18:59:01", "tweet": "“Financial analysis shows that Abramovs spent the money on purchases of luxury items for himself, including the purchase of a 2020 Bentley, a 2020 Tesla, and two condominiums ...” the criminal complaint noted of the $1,986,737.46 would-be aid money.  https://t.co/Kxw8zDH48G", "likes_count": 10, "replies_count": 3, "retweets_count": 13, "hashtags": []}
{"id": 1353130144966332417, "date": "2021-01-23", "time": "18:59:01", "tweet": "@TesCalendar @Model3Owners @seanmmitchell It looks like that Tesla went back in time! 😂", "likes_count": 0, "replies_count": 0, "retweets_count": 0, "hashtags": []}
{"id": 1353130143221485568, "date": "2021-01-23", "time": "18:59:00", "tweet": "@PPathole @elonmusk @Tesla  https://t.co/sXlaaxICKc", "likes_count": 0, "replies_count": 0, "retweets_count": 0, "hashtags": []}
{"id": 1353130133515853824, "date": "2021-01-23", "time": "18:58:58", "tweet": "@alexadelman As a daily driver, my Tesla. As a fun weekend car ... maybe a Lamborghini Huracan.", "likes_count": 0, "replies_count": 0, "retweets_count": 0, "hashtags": []}
{"id": 1353130131561316353, "date": "2021-01-23", "time": "18:58:57", "tweet": "#ICYMI: A former #Tesla Inc. software engineer was ordered to appear before a judge to face allegations that three days into his job, he started stealing confidential files and transferring them to a personal storage account.   https://t.co/T7sk5ME6sJ", "likes_count": 5, "replies_count": 0, "retweets_count": 4, "hashtags": ["icymi", "tesla"]}
{"id": 1353130113127178240, "date": "2021-01-23", "time": "18:58:53", "tweet": "@souljaboy @UpholdInc.   Don’t listen to the maximalists.  $xrp will take over Swift.  Just remember, Amazon and Tesla were sued by the also.  Look where they are now.", "likes_count": 1, "replies_count": 0, "retweets_count": 0, "hashtags": []}
{"id": 1353130094554984450, "date": "2021-01-23", "time": "18:58:49", "tweet": "@Bob02422153 @UFOS_EXPOSED It could be! Check with Tesla...", "likes_count": 0, "replies_count": 0, "retweets_count": 0, "hashtags": []}
{"id": 1353130060874563584, "date": "2021-01-23", "time": "18:58:41", "tweet": "We renting Tesla’s to go camping now? Lol", "likes_count": 0, "replies_count": 0, "retweets_count": 0, "hashtags": []}
{"id": 1353130059809218560, "date": "2021-01-23", "time": "18:58:40", "tweet": "@elonmusk @Tesla Hi Elon, any way I can get on the FSD beta program please? Can’t wait to test it out. Thanks!", "likes_count": 0, "replies_count": 0, "retweets_count": 0, "hashtags": []}
{"id": 1353130054075736066, "date": "2021-01-23", "time": "18:58:39", "tweet": "@veerons19 LOL I think it would work LOL  And if it did,  MSM (News) would make fun of the Tesla cult but,  \" who cars... Oops meant who  cares\" LOL", "likes_count": 1, "replies_count": 0, "retweets_count": 0, "hashtags": []}
{"id": 1353130038476959744, "date": "2021-01-23", "time": "18:58:35", "tweet": "Someday these clowns are gonna learn Tesla’s are always recording. It was chocolate milk though which is my favorite beverage. Kinda liked it. 😋 @elonmusk #Tesla #chocolatemilkmode #sentrymode #ftcollins  https://t.co/Kr2jjfsTwH", "likes_count": 1, "replies_count": 0, "retweets_count": 0, "hashtags": ["tesla", "chocolatemilkmode", "sentrymode", "ftcollins"]}
{"id": 1353129974199439360, "date": "2021-01-23", "time": "18:58:20", "tweet": "@NealShepperson @EricIdle @elonmusk @Tesla That already happened multiple times.", "likes_count": 0, "replies_count": 0, "retweets_count": 0, "hashtags": []}
{"id": 1353129931010523138, "date": "2021-01-23", "time": "18:58:10", "tweet": "Tesla sues former employee for allegedly stealing software code  https://t.co/qQOsf53bLS", "likes_count": 0, "replies_count": 1, "retweets_count": 0, "hashtags": []}
{"id": 1353129928909328385, "date": "2021-01-23", "time": "18:58:09", "tweet": "walk the plank tesla. i see a selling climax.  https://t.co/mF1mG3WRaS", "likes_count": 7, "replies_count": 1, "retweets_count": 0, "hashtags": []}
{"id": 1353129874429521920, "date": "2021-01-23", "time": "18:57:56", "tweet": "Giga Factory @Tesla @elonmusk  Congratulations Elon, I'm also moving to Austin. See you soon!  https://t.co/nE1em8J42c", "likes_count": 1, "replies_count": 0, "retweets_count": 0, "hashtags": []}
{"id": 1353129849943166976, "date": "2021-01-23", "time": "18:57:50", "tweet": "@mrfallback20 Dude it's not weird 🤦🏾‍♂️ you need electricity to charge a Tesla and obviously Eskom is a problem so it's gonna be loss to him. Think with a business mind not entitlement", "likes_count": 0, "replies_count": 1, "retweets_count": 0, "hashtags": []}
{"id": 1353129849641172993, "date": "2021-01-23", "time": "18:57:50", "tweet": "@GeoffTremble @EricIdle @elonmusk @Tesla The car tells you an update is ready, then you choose when to install. The car is unavailable when installing.", "likes_count": 2, "replies_count": 1, "retweets_count": 0, "hashtags": []}
{"id": 1353129795429814272, "date": "2021-01-23", "time": "18:57:37", "tweet": "@TeslaFruit After I watch it,  I would be interested in what you considered not factual.  But don't bias me by telling me now.  My primary focus of concern with Tesla FSD is safety, not control though they are of course tied together", "likes_count": 1, "replies_count": 1, "retweets_count": 0, "hashtags": []}
{"id": 1353129754623430656, "date": "2021-01-23", "time": "18:57:28", "tweet": "@the_antrik @yagigote @ChrisTweetsLLC @sexy_robotnik @achtung_maybe @beans_n_bops @ChemtrailDenier @RealDylanKnight @make_it_snow @__quack @nice_learning @TheClickPit @a_bonarlaw @raventerp100 @Christie_Malry @phuketamine @forpush @lauraFWG @Starscape14 @velma_fan @darianilian @KetzerN @Wildomar9991 @IBeetman @velma__fan @EGattignolo @ArronRational @2ndTermTweets @hidIive @brandocalriss11 @posting @BobooTobian @abhbaybay @FuTB12 @pacificflows @planklite @TabiMacster @lord_rizzo @thejimmyzshow @andrewnyrda @sakkoira @shasptrip59 @leothotsky69420 @VanKingoff @SitAndthat @agentseanmulder @DegenerateLibe2 @Azihayya @LinusIslamTips @AutisticBut He lies about shit all,the time. Just last spring he slapped a Tesla sticker on cpap machines and called them ventilators", "likes_count": 4, "replies_count": 1, "retweets_count": 0, "hashtags": []}
{"id": 1353129730707488769, "date": "2021-01-23", "time": "18:57:22", "tweet": "@slaz_is_here Buy a Tesla not a house", "likes_count": 0, "replies_count": 1, "retweets_count": 0, "hashtags": []}
{"id": 1353129645005148160, "date": "2021-01-23", "time": "18:57:01", "tweet": "@DeauxschBag @Integrity4mkts @elonmusk @teslascope @Waymo Oh so being locked into a specific area with special maps is (and unavailable to the general public) is “autonomous driving,” right? Fully self driving right? Just can only go certain places... 🤣 Our Tesla—WITHOUT FSD—just drove 30 miles on a random road with no intervention.", "likes_count": 0, "replies_count": 1, "retweets_count": 0, "hashtags": []}
{"id": 1353129612491051008, "date": "2021-01-23", "time": "18:56:54", "tweet": "i hate edison. remember when he said he would give $50,000 to whoever at his company could design 24 types of standard machines and when nikola tesla did he refused to pay and basically called tesla stupid for thinking hed get the money", "likes_count": 6, "replies_count": 2, "retweets_count": 0, "hashtags": []}
{"id": 1353129606568505345, "date": "2021-01-23", "time": "18:56:52", "tweet": "@TeslaTruckClub Really cool that Aptera is using the Tesla connector! This means a Aptera owner in theory, could roll up to a Tesla owner’s house and use their wall connector which is just amazing.", "likes_count": 2, "replies_count": 1, "retweets_count": 0, "hashtags": []}
{"id": 1353129547181383682, "date": "2021-01-23", "time": "18:56:38", "tweet": "Just when I bought mine (not Tesla) and then I saw this..... 😂😂😂😂", "likes_count": 6, "replies_count": 0, "retweets_count": 0, "hashtags": []}
{"id": 1353129523445956608, "date": "2021-01-23", "time": "18:56:32", "tweet": "Hey @elonmusk, would you like to gift me a Tesla by chance? I will send you a pack of german beer!", "likes_count": 1, "replies_count": 0, "retweets_count": 0, "hashtags": []}
{"id": 1353129453124276224, "date": "2021-01-23", "time": "18:56:16", "tweet": "@ItzJustAli @whatsupwithbre thanks for giving me that tesla", "likes_count": 1, "replies_count": 0, "retweets_count": 0, "hashtags": []}
{"id": 1353129388557148171, "date": "2021-01-23", "time": "18:56:00", "tweet": "@The_MJF It took those gas cars to help bring about changes in technology so people like you could have an electric car or hybrid...  By the way, it's going to be a pain getting glass replacement claims done for your Tesla...  They don't work with insurance often....", "likes_count": 0, "replies_count": 0, "retweets_count": 0, "hashtags": []}
{"id": 1353129368789405696, "date": "2021-01-23", "time": "18:55:56", "tweet": "@Jasonstacey13 @HorhayBlanco @Eddyc85 @The_MJF UCF has 1 and is a champion just like people who drive Tesla", "likes_count": 0, "replies_count": 1, "retweets_count": 0, "hashtags": []}
{"id": 1353129365970821120, "date": "2021-01-23", "time": "18:55:55", "tweet": "@kxmren If you’re homeless, how can you afford a Tesla? This is still cool though", "likes_count": 0, "replies_count": 1, "retweets_count": 0, "hashtags": []}
{"id": 1353129349814382597, "date": "2021-01-23", "time": "18:55:51", "tweet": "@Sanderzoveelste Hoezo? Dikke fabriek, werkgelegenheid, op de kaart van Tesla staan. Wat is er zo treurig aan?", "likes_count": 1, "replies_count": 1, "retweets_count": 0, "hashtags": []}
{"id": 1353129333515292672, "date": "2021-01-23", "time": "18:55:47", "tweet": "@kxmren Nice...but who in tf is homeless wit a tesla tho", "likes_count": 0, "replies_count": 0, "retweets_count": 0, "hashtags": []}
{"id": 1353129282344804352, "date": "2021-01-23", "time": "18:55:35", "tweet": "@tesla_utah @Xenius101 Amen! I agree with you wholeheartedly", "likes_count": 0, "replies_count": 0, "retweets_count": 0, "hashtags": []}
{"id": 1353129276510498816, "date": "2021-01-23", "time": "18:55:34", "tweet": "Ahora cuanto vale una tesla t4? Mira y contempla  https://t.co/HhTeZYRMUR", "likes_count": 0, "replies_count": 0, "retweets_count": 0, "hashtags": []}
