{"id": 1457135700713697280, "date": "2021-11-06", "time": "19:59:57", "tweet": "I really don't think Tesla shareholders can complain about Elon's antics not producing shareholder value. Who can argue with stonk go up??", "likes_count": 3, "replies_count": 1, "retweets_count": 0, "hashtags": []}
{"id": 1457135691528343559, "date": "2021-11-06", "time": "19:59:55", "tweet": "I’m 90% confident Elon will use some  his Tesla stock money to purchase #dogecoin…(depending on the poll outcome, of course) 👀🚀", "likes_count": 97, "replies_count": 6, "retweets_count": 13, "hashtags": ["dogecoin"]}
{"id": 1457135689103990785, "date": "2021-11-06", "time": "19:59:55", "tweet": "@TESLA_CREADOR Esa pequeña luz significa falta de gasolina 🤣🤣🤣🤣🤣🤣  https://t.co/MQviw4Z8jp", "likes_count": 1, "replies_count": 0, "retweets_count": 0, "hashtags": []}
{"id": 1457135656237363201, "date": "2021-11-06", "time": "19:59:47", "tweet": "Elon Musk tweets to ask if he should sell some Tesla stock  https://t.co/qNxKg9teIJ", "likes_count": 0, "replies_count": 0, "retweets_count": 0, "hashtags": []}
{"id": 1457135652504580099, "date": "2021-11-06", "time": "19:59:46", "tweet": "Elon Musk tweets to ask if he should sell some Tesla stock – WSVN 7News | Miami News, Weather, Sports  https://t.co/0xbBomZEVM", "likes_count": 0, "replies_count": 0, "retweets_count": 0, "hashtags": []}
{"id": 1457135650902315011, "date": "2021-11-06", "time": "19:59:46", "tweet": "@heydave7 @elonmusk Tesla as a company generate huge amounts of tax opportunities for governments in sales taxes on hundreds of thousands of cars and income tax for tens of thousands of employees", "likes_count": 0, "replies_count": 0, "retweets_count": 0, "hashtags": []}
{"id": 1457135650562457607, "date": "2021-11-06", "time": "19:59:46", "tweet": "@SRuhle Tesla stock knows no fundamentals", "likes_count": 3, "replies_count": 0, "retweets_count": 0, "hashtags": []}
{"id": 1457135647026728962, "date": "2021-11-06", "time": "19:59:45", "tweet": "I’m putting half my portfolio in Tesla if it tanks on Monday from Elon  https://t.co/ugsmwiJJaj", "likes_count": 1, "replies_count": 0, "retweets_count": 0, "hashtags": []}
{"id": 1457135626730369030, "date": "2021-11-06", "time": "19:59:40", "tweet": "@RyanZohoury $TSLA #TESLA #ELON scared for Monday? i'll swap CiRN token for your TESLA stock, 1000 CiRN=US$1.00, so 1,222,000 CiRN per share, up until Monday 2:30am EST, maximum 737,000 shares of Tesla, DM.", "likes_count": 0, "replies_count": 0, "retweets_count": 0, "hashtags": ["tesla", "elon"]}
{"id": 1457135608011247620, "date": "2021-11-06", "time": "19:59:35", "tweet": "Elon Musk asks Twitter followers if he should sell 10% of Tesla stock.   https://t.co/9KwVHI9xeJ  via @GoogleNews", "likes_count": 0, "replies_count": 0, "retweets_count": 0, "hashtags": []}
{"id": 1457135601447280640, "date": "2021-11-06", "time": "19:59:34", "tweet": "@markusdd5 @moritur_et_ride @peterausge Naja, ein Rechner kostet ca. 1000 Euro und ein Tesla &gt; 40.000 Euro. Wenn Geld keine Rolle spielt...", "likes_count": 0, "replies_count": 1, "retweets_count": 0, "hashtags": []}
{"id": 1457135600943857670, "date": "2021-11-06", "time": "19:59:34", "tweet": "@omnihedge @Ravi986 @garyblack00 I’m one of those people. I’ve put my order ‘on hold’ until Dec.30th tbh. I’m not rich…$8k is a lot of money to me. I see no issue in doing this. I’m excited about my new Tesla but not excited enough to take delivery 2 weeks before the credit starts.", "likes_count": 1, "replies_count": 0, "retweets_count": 0, "hashtags": []}
{"id": 1457135596955217926, "date": "2021-11-06", "time": "19:59:33", "tweet": "@elonmusk It’s your money and do whatever it makes sense to you. For the future development of Tesla, I think a more diversified stock owner structure is more healthy for Tesla.", "likes_count": 1, "replies_count": 4, "retweets_count": 0, "hashtags": []}
{"id": 1457135572863029251, "date": "2021-11-06", "time": "19:59:27", "tweet": "@elonmusk I love to support it as “Yes”. But what about the people who are the Tesla share holder they are going to lose a lot on Monday when market will be open.", "likes_count": 1, "replies_count": 6, "retweets_count": 0, "hashtags": []}
{"id": 1457135552818343939, "date": "2021-11-06", "time": "19:59:22", "tweet": "@SRuhle oh boy, hope you're bored 😁 (here come the tesla-bros like white blood cells)", "likes_count": 3, "replies_count": 0, "retweets_count": 0, "hashtags": []}
{"id": 1457135527631593479, "date": "2021-11-06", "time": "19:59:16", "tweet": "@elonmusk Not only is this the right thing to do from an ethical standpoint, but Tesla’s stock stock is also extremely overvalued", "likes_count": 0, "replies_count": 1, "retweets_count": 0, "hashtags": []}
{"id": 1457135508082024455, "date": "2021-11-06", "time": "19:59:12", "tweet": "@WholeMarsBlog Trust me tesla bulls don’t care I just hate to give satisfaction those Tesla shorts who are still shorting", "likes_count": 0, "replies_count": 0, "retweets_count": 0, "hashtags": []}
{"id": 1457135502545592320, "date": "2021-11-06", "time": "19:59:10", "tweet": "@SRuhle Tesla is an overvalued stock so i guess I don't blame him lmao", "likes_count": 6, "replies_count": 0, "retweets_count": 0, "hashtags": []}
{"id": 1457135499919839233, "date": "2021-11-06", "time": "19:59:10", "tweet": "@koolio @elonmusk @WholeMarsBlog @teslafsdbeta @kimpaquette Tesla Owners: My Tesla is pooping #fsdbetatester   Other Car Owners: Where did these people come from?  https://t.co/M9Asx2GukH", "likes_count": 0, "replies_count": 0, "retweets_count": 0, "hashtags": ["fsdbetatester"]}
{"id": 1457135499605204993, "date": "2021-11-06", "time": "19:59:10", "tweet": "@elonmusk Also Tesla is under valued. #long Tesla", "likes_count": 0, "replies_count": 0, "retweets_count": 0, "hashtags": ["long"]}
