{"id": 1365813933299421192, "date": "2021-02-27", "time": "18:59:51", "tweet": "@Tesla_Byte Good", "likes_count": 0, "replies_count": 0, "retweets_count": 0, "hashtags": []}
{"id": 1365813908402012166, "date": "2021-02-27", "time": "18:59:46", "tweet": "@annamasera @disinformatico Tra l'altro in realtà la Tesla ne è uscita bene considerando che non ha preso fuoco, non è esploso alcun serbatoio e chi c'era sopra ne è uscito con solo un codice giallo.", "likes_count": 0, "replies_count": 1, "retweets_count": 0, "hashtags": []}
{"id": 1365813890462941184, "date": "2021-02-27", "time": "18:59:41", "tweet": "@tesla_adri @WholeMarsBlog @KroegerOve @elonmusk @DriveTeslaca @klwtts @28delayslater @teslamag Yeah interesting. Plaid has easter eggs hidden for sure. Tesla wouldn't just vary them without a good reason 🤤", "likes_count": 0, "replies_count": 0, "retweets_count": 0, "hashtags": []}
{"id": 1365813885270298629, "date": "2021-02-27", "time": "18:59:40", "tweet": "@wa1hco @jrange33 Ide do the same shit to this guy im a tesla owner. I hate it when tesla owner go in the passing lane blocking traffic", "likes_count": 7, "replies_count": 6, "retweets_count": 0, "hashtags": []}
{"id": 1365813881352945665, "date": "2021-02-27", "time": "18:59:39", "tweet": "@DiemarRace @wf00757575 Warum zum fick hast du dann bitte einen Taycan? Fahr 19 Zoll für die Reichweite - und du erkennst auch beim Fahrwerk und der Belastung bei wiederholtem Gas keine Unterschiede? Da ist Tesla überall besser? Software, Preis, Alltag? Ja. Auto? Nein.", "likes_count": 0, "replies_count": 1, "retweets_count": 0, "hashtags": []}
{"id": 1365813876848230401, "date": "2021-02-27", "time": "18:59:38", "tweet": "@Giorno_Tesla très bien.", "likes_count": 1, "replies_count": 1, "retweets_count": 0, "hashtags": []}
{"id": 1365813789803876356, "date": "2021-02-27", "time": "18:59:17", "tweet": "How to get a share of $30K worth of $FREE Coin, for free?💰 Join @latokens FREE Coin Airdrop, complete easy social tasks, and earn an assured reward. ⭐KYC not needed if you've installed #LatokenApp. Earn now:  https://t.co/xl3SPvNPqN #cryptocurrency #tesla #bitcoin #LATOKEN", "likes_count": 0, "replies_count": 0, "retweets_count": 0, "hashtags": ["latokenapp", "cryptocurrency", "tesla", "bitcoin", "latoken"]}
{"id": 1365813786205179904, "date": "2021-02-27", "time": "18:59:16", "tweet": "@Sofiaan @Tesla @elonmusk Wtf is you’re idiot friend going so slow in the speed lane?!", "likes_count": 0, "replies_count": 0, "retweets_count": 0, "hashtags": []}
{"id": 1365813778152054789, "date": "2021-02-27", "time": "18:59:14", "tweet": "@MoMgenomics @TESLA_is_a_TREX There you go. I took starting positions in October. Stacked up before it started running. Took out my cost basis at $5 and what I have left are free shares. It's still my  2nd largest position behind $SKLZ. Happy?  https://t.co/QR6ntrpp4i", "likes_count": 3, "replies_count": 1, "retweets_count": 0, "hashtags": []}
{"id": 1365813772837941250, "date": "2021-02-27", "time": "18:59:13", "tweet": "How to get a share of $30K worth of $FREE Coin, for free?💰 Join @latokens FREE Coin Airdrop, complete easy social tasks, and earn an assured reward. ⭐KYC not needed if you've installed #LatokenApp. Earn now:  https://t.co/xl3SPvNPqN #cryptocurrency #tesla #bitcoin #LATOKEN", "likes_count": 0, "replies_count": 0, "retweets_count": 0, "hashtags": ["latokenapp", "cryptocurrency", "tesla", "bitcoin", "latoken"]}
{"id": 1365813764507848704, "date": "2021-02-27", "time": "18:59:11", "tweet": "Last time I saw a wedge this tight was Tesla in November just saying... #bitcoin", "likes_count": 1, "replies_count": 1, "retweets_count": 0, "hashtags": ["bitcoin"]}
{"id": 1365813725228240896, "date": "2021-02-27", "time": "18:59:02", "tweet": "Cazado el nuevo Tesla Model S y su controvertido volante en plena calle  https://t.co/LGGqzuzGpZ  https://t.co/9726AoZvD8", "likes_count": 0, "replies_count": 0, "retweets_count": 0, "hashtags": []}
{"id": 1365813714595766274, "date": "2021-02-27", "time": "18:58:59", "tweet": "@Teslaconomics The fact is there are many great companies tanking in this market. Tesla may have been due for a correction but what’s going on now is not a Tesla-only event.", "likes_count": 3, "replies_count": 0, "retweets_count": 0, "hashtags": []}
{"id": 1365813684161945601, "date": "2021-02-27", "time": "18:58:52", "tweet": "I believe in Dogecoin!!!!! 📈💯🐕🚀 @dogecoin @elonmusk @Tesla @Apple #dogecoin #elonmusk #apple #tesla #cryptocurrency  https://t.co/UZo7kymrfn", "likes_count": 5, "replies_count": 0, "retweets_count": 1, "hashtags": ["dogecoin", "elonmusk", "apple", "tesla", "cryptocurrency"]}
{"id": 1365813667170836482, "date": "2021-02-27", "time": "18:58:48", "tweet": "@Cloudbit_Token @elonmusk @SpaceX @binance @AirdropDig @Tesla @cz_binance @WarrenBuffett @BillClinton @LBank_Exchange good project", "likes_count": 0, "replies_count": 0, "retweets_count": 0, "hashtags": []}
{"id": 1365813666780766215, "date": "2021-02-27", "time": "18:58:48", "tweet": "Além da Tesla, BMW, Fiat Chrysler do Stellantis Group e Valmet estão na lista de empresas beneficiárias. Dados específicos do subsídio estarão disponíveis nas próximas semanas. O projeto ajudará a UE a reduzir sua dependência da China para baterias, que atualmente controla ⬇️", "likes_count": 98, "replies_count": 1, "retweets_count": 24, "hashtags": []}
{"id": 1365813664184496129, "date": "2021-02-27", "time": "18:58:47", "tweet": "incluindo montadoras como Tesla e BMW. É relatado que o governo federal alemão e o estado de Brandenburg (Brandenburg), no nordeste da Alemanha, podem financiar a Tesla com um total de 1 bilhão de euros (US $ 1,2 bilhão). Brandenburg será o local da “Gigafactory 4” da Tesla. ⬇️", "likes_count": 95, "replies_count": 1, "retweets_count": 21, "hashtags": []}
{"id": 1365813659134525440, "date": "2021-02-27", "time": "18:58:46", "tweet": "Em notícias recentes, a Alemanha financiará a Tesla no valor de US $ 1,2 bilhão, que faz parte de um projeto de bateria recentemente aprovado pela União Europeia, quando a Europa reduzirá sua dependência das linhas de produção de baterias chinesas. ⬇️", "likes_count": 124, "replies_count": 2, "retweets_count": 29, "hashtags": []}
{"id": 1365813656345325575, "date": "2021-02-27", "time": "18:58:45", "tweet": "US $ 1,2 bilhão da Alemanha para financiar a fábrica de baterias Tesla e reduzir a dependência da China - A Tesla está se preparando para construir uma fábrica de baterias na Alemanha que deve ser a maior do mundo, de acordo com um relatório do Epoch Times de 20 de fevereiro. ⬇️", "likes_count": 406, "replies_count": 7, "retweets_count": 118, "hashtags": []}
{"id": 1365813642487205888, "date": "2021-02-27", "time": "18:58:42", "tweet": "@JKA82 @Tesla @Tesla_Canada @elonmusk @Model3Owners @TeslaPodcast @TheTeslaLife Welcome! Just make sure you wave back when I see you on the road. 👋", "likes_count": 2, "replies_count": 0, "retweets_count": 0, "hashtags": []}
{"id": 1365813635616890885, "date": "2021-02-27", "time": "18:58:40", "tweet": "Well said ⁦@A_Milewski⁩: “We need low-carbon paradigm's cheerleaders such as @Tesla @Amazon &amp; @Apple to finance low-carbon projects outside of China &amp; enable the growth of a fully integrated North American #battery metals supply chain.” @MetalsNews  https://t.co/SxG5anuJSj", "likes_count": 7, "replies_count": 0, "retweets_count": 1, "hashtags": ["battery"]}
{"id": 1365813611692761088, "date": "2021-02-27", "time": "18:58:35", "tweet": "@Noonwalker4 @_marcklaver @auto_schmidt @Tesla They will see it on comparing the ranges …", "likes_count": 0, "replies_count": 1, "retweets_count": 0, "hashtags": []}
{"id": 1365813608882597890, "date": "2021-02-27", "time": "18:58:34", "tweet": "@Tesla_Byte I like", "likes_count": 0, "replies_count": 0, "retweets_count": 0, "hashtags": []}
{"id": 1365813586585546757, "date": "2021-02-27", "time": "18:58:29", "tweet": "@steevqj @AdrienneLaF @shannonmstirone Sure, the guy who tried to self promote during the rescue of the Thai children trapped in a cave is a real humanitarian. Or who downplayed COVID and disobeyed closing orders in order to keep his Tesla factory open. On and on. He IS a cynical egomaniac.", "likes_count": 2, "replies_count": 1, "retweets_count": 0, "hashtags": []}
{"id": 1365813562439041027, "date": "2021-02-27", "time": "18:58:23", "tweet": "@marvin_palucho @elonmusk @Tesla @carnomaly Thanks!", "likes_count": 0, "replies_count": 0, "retweets_count": 0, "hashtags": []}
{"id": 1365813533963915267, "date": "2021-02-27", "time": "18:58:16", "tweet": "@DinihariStd @elonmusk @Tesla @Teslarati @AustinTeslaClub @teslaownersSV @SpaceX 🧐🤩🤯😍", "likes_count": 1, "replies_count": 0, "retweets_count": 0, "hashtags": []}
{"id": 1365813484861067264, "date": "2021-02-27", "time": "18:58:05", "tweet": "How to get a share of $30K worth of $FREE Coin, for free?💰 Join @latokens FREE Coin Airdrop, complete easy social tasks, and earn an assured reward. ⭐KYC not needed if you've installed #LatokenApp. Earn now:  https://t.co/KNh3fWrSRg #cryptocurrency #tesla #bitcoin #LATOKEN", "likes_count": 0, "replies_count": 0, "retweets_count": 0, "hashtags": ["latokenapp", "cryptocurrency", "tesla", "bitcoin", "latoken"]}
{"id": 1365813470894166019, "date": "2021-02-27", "time": "18:58:01", "tweet": "Ich habe heute einen @Tesla bei mir rumfahren sehen, wo ein älterer Herr drinsaß und mit seinem Handy am Ohr telefoniert hatte. Ich hätte fast heulen können....", "likes_count": 0, "replies_count": 0, "retweets_count": 0, "hashtags": []}
{"id": 1365813446445592580, "date": "2021-02-27", "time": "18:57:55", "tweet": "@StephenNolan Tesla", "likes_count": 1, "replies_count": 0, "retweets_count": 0, "hashtags": []}
{"id": 1365813362139930627, "date": "2021-02-27", "time": "18:57:35", "tweet": "@keith_dorschner @WholeMarsBlog Still upsets me when I think about it. I loved Tesla  https://t.co/AbO3UlrS2h", "likes_count": 3, "replies_count": 2, "retweets_count": 0, "hashtags": []}
{"id": 1365813349330616322, "date": "2021-02-27", "time": "18:57:32", "tweet": "@meryy_tesla ههههههه", "likes_count": 1, "replies_count": 1, "retweets_count": 0, "hashtags": []}
{"id": 1365813339541102592, "date": "2021-02-27", "time": "18:57:30", "tweet": "@tesla_adri @WholeMarsBlog @KroegerOve @elonmusk @DriveTeslaca @klwtts @28delayslater @teslamag Would be awesome to have plaid stitching!", "likes_count": 1, "replies_count": 0, "retweets_count": 0, "hashtags": []}
{"id": 1365813331618009088, "date": "2021-02-27", "time": "18:57:28", "tweet": "JD Power says Lexus is most dependable auto brand, ranks Tesla 30th out of 33  https://t.co/lUOIGrnWJm", "likes_count": 0, "replies_count": 0, "retweets_count": 0, "hashtags": []}
{"id": 1365813303432339460, "date": "2021-02-27", "time": "18:57:21", "tweet": "I’m falling asleep rn but a bitch does not have a Tesla let me start looking at the road. 😂", "likes_count": 0, "replies_count": 0, "retweets_count": 0, "hashtags": []}
{"id": 1365813243982327813, "date": "2021-02-27", "time": "18:57:07", "tweet": "@jonnajarian For everyone in the comments that does not understand. Here is the head of AI (@karpathy) at Tesla, where he explains the whole approach to autonomy.   https://t.co/YrOs3S6uHd", "likes_count": 23, "replies_count": 1, "retweets_count": 2, "hashtags": []}
{"id": 1365813232485732354, "date": "2021-02-27", "time": "18:57:04", "tweet": "@StephenNolan Tesla obviously, Contact Tesla Belfast", "likes_count": 1, "replies_count": 0, "retweets_count": 0, "hashtags": []}
{"id": 1365813184993644546, "date": "2021-02-27", "time": "18:56:53", "tweet": "So newbies doing regular LT indexing, don’t need to know: GameStop; why Tesla dropped 20%; Inflation theories;  what ARK is doing... These are normal type of worries that are eventually forgotten. Eventual wealth is appreciated, long after market noise is forgotten", "likes_count": 3, "replies_count": 0, "retweets_count": 1, "hashtags": []}
{"id": 1365813179339653123, "date": "2021-02-27", "time": "18:56:52", "tweet": "$TSLA Tesla back to $800 by end of week!  https://t.co/ANTYrJcid2", "likes_count": 1, "replies_count": 0, "retweets_count": 0, "hashtags": []}
{"id": 1365813150948470787, "date": "2021-02-27", "time": "18:56:45", "tweet": "@MursAlison @klwtts @Tesla @elonmusk Why the hell wiuld you think that??? The EU stated thst they have no problem with it. And with a Variable Ratio it will be incredible....", "likes_count": 0, "replies_count": 1, "retweets_count": 0, "hashtags": []}
{"id": 1365813146401800200, "date": "2021-02-27", "time": "18:56:44", "tweet": "@truth_tesla @RubyWaves_ Reminds me of the orangutan story from Poe scholars  https://t.co/g3TOYXt4Tz", "likes_count": 3, "replies_count": 0, "retweets_count": 0, "hashtags": []}
