{"id": 1386107661993775107, "date": "2021-04-24", "time": "19:59:53", "tweet": "@TechMigue Fact: Thomas Edison era un explotador que le robó las patentes a Nikola Tesla  👉🏻😎👉🏻", "likes_count": 1, "replies_count": 2, "retweets_count": 0, "hashtags": []}
{"id": 1386107637029343235, "date": "2021-04-24", "time": "19:59:47", "tweet": "@AlJaber @iM7M7 @Tesla ياخي نتمنى يكون لها وكيل  وتنتشر السيارات الكهربائيه عشان نفتك من سالفة العوادم والمكينه والميكانيكا كلها  هذي السيارات بتكون بدون مكينه ولا قير ولا راديتر ولا محركات تشغيليه على الطاقه التقليديه بكبرها ولا اي قطعه من قطع السيارات التقليديه  بتكون صديقه للبيئه وللاستخدام", "likes_count": 1, "replies_count": 0, "retweets_count": 0, "hashtags": []}
{"id": 1386107634131030018, "date": "2021-04-24", "time": "19:59:47", "tweet": "@tesla_archive @safemoon @SafeMoonToMoon @SafeMoonRich @safemooncrypto STFU! Lmao. Okay, now where it says exchange you should see the first box has your current smart change bnb balance on the second box select SafeMoon. Then when you come back hit the word “MAX” and switch all your BnB to SafeMoon.", "likes_count": 0, "replies_count": 1, "retweets_count": 0, "hashtags": []}
{"id": 1386107623456612354, "date": "2021-04-24", "time": "19:59:44", "tweet": "the tesla parking at target is begging me to commit cr!me", "likes_count": 4, "replies_count": 0, "retweets_count": 0, "hashtags": []}
{"id": 1386107616166699014, "date": "2021-04-24", "time": "19:59:42", "tweet": "@elonmusk a tesla in my parking lot &lt;3", "likes_count": 1, "replies_count": 0, "retweets_count": 0, "hashtags": []}
{"id": 1386107603462365194, "date": "2021-04-24", "time": "19:59:39", "tweet": "People dismiss Tesla because his enthusiast focus on free energy.   You won’t convince people.  But if you break down that he invented remote controls and modern electrical distribution, you can convince your friends that he is as important as Newton and Einstein — perhaps more.", "likes_count": 5, "replies_count": 1, "retweets_count": 1, "hashtags": []}
{"id": 1386107586882068484, "date": "2021-04-24", "time": "19:59:36", "tweet": "@PerezHilton Will he give Tesla’s to the audience", "likes_count": 0, "replies_count": 0, "retweets_count": 0, "hashtags": []}
{"id": 1386107562123202562, "date": "2021-04-24", "time": "19:59:30", "tweet": "Ei se o musk conseguir fazer aceitarem doge na tesla essa merda vai pra lua..... (Se não me engano o PH incluiu o doge em seus métodos de pagamento)", "likes_count": 0, "replies_count": 0, "retweets_count": 0, "hashtags": []}
{"id": 1386107560294498313, "date": "2021-04-24", "time": "19:59:29", "tweet": "Tesla CEO Elon Musk to host Saturday Night Live  https://t.co/jkEqUKswwJ  https://t.co/mPl5vwPlLS", "likes_count": 16, "replies_count": 9, "retweets_count": 0, "hashtags": []}
{"id": 1386107528472236032, "date": "2021-04-24", "time": "19:59:22", "tweet": "so if you want to support then you can?? and if you don’t, then don’t?? like tesla sells their tequila for $1.5k but who’s forcing you to buy it? not tesla", "likes_count": 32, "replies_count": 2, "retweets_count": 0, "hashtags": []}
{"id": 1386107459446706180, "date": "2021-04-24", "time": "19:59:05", "tweet": "@Kristennetten Wouldn't completely blame them, MSM seems to be following the \"say something 100 times and some people eventually believe it\" strategy when it comes to Tesla FUD 🤣", "likes_count": 0, "replies_count": 0, "retweets_count": 0, "hashtags": []}
{"id": 1386107447748833283, "date": "2021-04-24", "time": "19:59:02", "tweet": "calum and ashton get in the tesla and record yourselves with this song  https://t.co/Jws2xeTZQl", "likes_count": 3, "replies_count": 0, "retweets_count": 0, "hashtags": []}
{"id": 1386107445727072258, "date": "2021-04-24", "time": "19:59:02", "tweet": "@GrizCalderon @TheBlakeCheck @Tesla That's funny because that actor was the host in the March-e presentation 🤣", "likes_count": 0, "replies_count": 0, "retweets_count": 0, "hashtags": []}
{"id": 1386107443818676226, "date": "2021-04-24", "time": "19:59:01", "tweet": "The Tesla CEO in know for his controversial remarks, including calling a Thai cave rescue diver \"pedo guy\" in 2018:  https://t.co/lSFtHHbH6D", "likes_count": 5, "replies_count": 2, "retweets_count": 2, "hashtags": []}
{"id": 1386107433471266816, "date": "2021-04-24", "time": "19:58:59", "tweet": "@LillyJane916 So Amber was dumb &amp; accidentally locked herself out of her tesla &amp; was crying about it?", "likes_count": 12, "replies_count": 1, "retweets_count": 0, "hashtags": []}
{"id": 1386107408775327744, "date": "2021-04-24", "time": "19:58:53", "tweet": "@UROCKlive1 @B52Malmet So that show is going to crash with a Tesla.   https://t.co/aHVElf2Ty2", "likes_count": 1, "replies_count": 0, "retweets_count": 0, "hashtags": []}
{"id": 1386107388000886787, "date": "2021-04-24", "time": "19:58:48", "tweet": "@TheModelYGuy @Tesla Thank you. I can’t wait to raise and grow the family here.", "likes_count": 0, "replies_count": 1, "retweets_count": 0, "hashtags": []}
{"id": 1386107374696607745, "date": "2021-04-24", "time": "19:58:45", "tweet": "@brophey Nice! Didnt you have a tesla tho? Or was that Bobs???", "likes_count": 0, "replies_count": 1, "retweets_count": 0, "hashtags": []}
{"id": 1386107362872758273, "date": "2021-04-24", "time": "19:58:42", "tweet": "@FutureJurvetson @elonmusk @BaiduResearch @Tesla @Jason @chamath Step up USA.", "likes_count": 2, "replies_count": 0, "retweets_count": 0, "hashtags": []}
{"id": 1386107317435969546, "date": "2021-04-24", "time": "19:58:31", "tweet": "@WR4NYGov @Tesla @ConsumerReports They’re stupid af! 😂 unfortunately this will actually cost some lives by CR lying  https://t.co/G5DIKLifK6", "likes_count": 2, "replies_count": 0, "retweets_count": 0, "hashtags": []}
