{"id": 1439378656028250116, "date": "2021-09-18", "time": "19:59:48", "tweet": "In Qatar, a Tesla owner uses his majlis as a garage for repairs  https://t.co/O3Ld0WUU7D", "likes_count": 0, "replies_count": 0, "retweets_count": 0, "hashtags": []}
{"id": 1439378633081098251, "date": "2021-09-18", "time": "19:59:43", "tweet": "@TwoBitDaVinci @Tesla Don’t like it IMO.", "likes_count": 1, "replies_count": 0, "retweets_count": 0, "hashtags": []}
{"id": 1439378627716517889, "date": "2021-09-18", "time": "19:59:41", "tweet": "Check out this great video by @TravelTeslaDad at our first event today in Santa Clarita!  Was an amazing event! Thank you to all who joined us today.   Keep an eye on this twitter handle for future events and come join the awesome @Tesla owners of Santa Clarita and beyond.  https://t.co/1pew3A8ZzE", "likes_count": 101, "replies_count": 10, "retweets_count": 12, "hashtags": []}
{"id": 1439378621341356038, "date": "2021-09-18", "time": "19:59:40", "tweet": "@Kenny_Tavares @SILENTSAM69 @just1ofyou @rjbarone1 @elonmusk @Tesla Wrong  https://t.co/lHpc9lTQD6", "likes_count": 2, "replies_count": 1, "retweets_count": 0, "hashtags": []}
{"id": 1439378619441336320, "date": "2021-09-18", "time": "19:59:39", "tweet": "@constructx @AustinTeslaClub @Tesla @elonmusk No hell no. Let me choose to do so.", "likes_count": 0, "replies_count": 0, "retweets_count": 0, "hashtags": []}
{"id": 1439378589980430337, "date": "2021-09-18", "time": "19:59:32", "tweet": "Thousands of Tesla cars would be sold, if the Dogecoin rose to $1.25 before the end of this year 🚀  https://t.co/N9AJ05s85k", "likes_count": 1, "replies_count": 0, "retweets_count": 0, "hashtags": []}
{"id": 1439378589829537792, "date": "2021-09-18", "time": "19:59:32", "tweet": "i entered the FREE @BabyDogeCoin Tesla giveaway!   You can enter too at  https://t.co/u0eeZkmFW2  If you like #DogeCoin you'll LOVE #BabyDogeCoin  https://t.co/eGmMD5ZkrE", "likes_count": 1, "replies_count": 0, "retweets_count": 0, "hashtags": ["dogecoin", "babydogecoin"]}
{"id": 1439378573652070400, "date": "2021-09-18", "time": "19:59:28", "tweet": "@BeardedTesla @Tesla You're videos are awesome, I hope you'll keep making them!!", "likes_count": 1, "replies_count": 1, "retweets_count": 0, "hashtags": []}
{"id": 1439378551560564738, "date": "2021-09-18", "time": "19:59:23", "tweet": "@Teslaconomics @elonmusk @Tesla Fuck boy Ben invited ?", "likes_count": 2, "replies_count": 1, "retweets_count": 0, "hashtags": []}
{"id": 1439378525451083777, "date": "2021-09-18", "time": "19:59:17", "tweet": "@letsrebelagain @SixStreetball @AustinTeslaClub @Tesla @elonmusk Have you drove in one or are you just assuming the cars are shitty? Just asking because I haven’t met anyone who has driven in one that doesn’t immediately want one. Or do you always troll on Twitter like you have a stick up your, well, you know?", "likes_count": 0, "replies_count": 2, "retweets_count": 0, "hashtags": []}
{"id": 1439378501899993093, "date": "2021-09-18", "time": "19:59:11", "tweet": "@KamathRaghuram @scottwww @LucidMotors How long you been a Tesla supporter?  I’ve been an investor for nearly 9 years.  Do you have any idea the hatred that has been directed at Tesla during that time?  You can’t blame supporters for wanting a little pay back.", "likes_count": 0, "replies_count": 1, "retweets_count": 0, "hashtags": []}
{"id": 1439378470572740608, "date": "2021-09-18", "time": "19:59:04", "tweet": "@DRGARP123 @TwoBitDaVinci @Tesla @LucidMotors 💯", "likes_count": 0, "replies_count": 0, "retweets_count": 0, "hashtags": []}
{"id": 1439378459969691649, "date": "2021-09-18", "time": "19:59:01", "tweet": "@VCrown1963 @englishrose699 @tesla_johnny @AGoodDa95954430 @QlationSp3 @_Master_Mind_8 @CawthornforNC @Goin_ByTheBook @johngash8 @1971Gator @DarthMano I lived in Manhattan, Ks near for Ft. Riley for a while 😘", "likes_count": 0, "replies_count": 1, "retweets_count": 0, "hashtags": []}
{"id": 1439378321360531461, "date": "2021-09-18", "time": "19:58:28", "tweet": "テスラが開発する人型ロボット「Tesla Bot」と電気自動車の意外な関係 - @DIME  https://t.co/gtumZyCPPE　#ElonMusk #イーロンマスク", "likes_count": 3, "replies_count": 0, "retweets_count": 1, "hashtags": ["elonmusk", "イーロンマスク"]}
{"id": 1439378306491691008, "date": "2021-09-18", "time": "19:58:25", "tweet": "I was low. (@ Tesla Supercharger in Charlotte, NC)  https://t.co/pECatbBVCz", "likes_count": 1, "replies_count": 0, "retweets_count": 0, "hashtags": []}
{"id": 1439378284236705793, "date": "2021-09-18", "time": "19:58:19", "tweet": "@DickWhitman_BTC Market cap and at least an illusion of 4 quarters of profits like Tesla", "likes_count": 2, "replies_count": 0, "retweets_count": 0, "hashtags": []}
