{"id": 1411474804763398147, "date": "2021-07-03", "time": "19:59:52", "tweet": "@Tesla   So bro,  You accept Đoge yet?   #doge #dogearmy  #DogecoinToTheMoon  @elonmusk", "likes_count": 0, "replies_count": 0, "retweets_count": 0, "hashtags": ["doge", "dogearmy", "dogecointothemoon"]}
{"id": 1411474771657871360, "date": "2021-07-03", "time": "19:59:44", "tweet": "@ACain180 I'm so glad you liked it! I'm gonna work on Book 3 today. I hope I wrote Tesla well in the series. ;A;", "likes_count": 1, "replies_count": 0, "retweets_count": 0, "hashtags": []}
{"id": 1411474722471088128, "date": "2021-07-03", "time": "19:59:32", "tweet": "Unsurprisingly, a comment about economic prosperity can be turned into this fracas. 😏   Those who have an issue with what #ElonMusk said don't have to buy the #Tesla(s) that come out of the #Shanghai Giga Factory.", "likes_count": 0, "replies_count": 0, "retweets_count": 0, "hashtags": ["elonmusk", "tesla", "shanghai"]}
{"id": 1411474716687273984, "date": "2021-07-03", "time": "19:59:31", "tweet": "@BTC_Archive @elonmusk Who's stupid enough to trade their precious BTC for a Tesla?  https://t.co/FQGaSNffmT", "likes_count": 1, "replies_count": 0, "retweets_count": 0, "hashtags": []}
{"id": 1411474666317828105, "date": "2021-07-03", "time": "19:59:19", "tweet": "@adamhoov Tesla is the Most American Built car. Is that not enough?", "likes_count": 0, "replies_count": 0, "retweets_count": 0, "hashtags": []}
{"id": 1411474662366666752, "date": "2021-07-03", "time": "19:59:18", "tweet": "@28delayslater You may want to educate yourself on the many different uses for petroleum before tweeting on your smartphone. 😁  While the world is going green, there's a long way to go. Full Disclosure: I live in Alberta and airplanes are my living. Also, love Tesla.   https://t.co/AnlyHBxgCw", "likes_count": 1, "replies_count": 2, "retweets_count": 0, "hashtags": []}
{"id": 1411474635745546240, "date": "2021-07-03", "time": "19:59:11", "tweet": "@MotorTrend @elonmusk @Tesla  https://t.co/PVn4NJAW8V", "likes_count": 0, "replies_count": 0, "retweets_count": 0, "hashtags": []}
{"id": 1411474624391548935, "date": "2021-07-03", "time": "19:59:09", "tweet": "@Mariusulaceaser @elonmusk Used Tesla = double down on being conned", "likes_count": 0, "replies_count": 0, "retweets_count": 0, "hashtags": []}
{"id": 1411474608650285060, "date": "2021-07-03", "time": "19:59:05", "tweet": "When ur known as tesla girl because of one tiktok comment😎", "likes_count": 0, "replies_count": 0, "retweets_count": 0, "hashtags": []}
{"id": 1411474549619576835, "date": "2021-07-03", "time": "19:58:51", "tweet": "@f4rfields tesla employee grief", "likes_count": 2, "replies_count": 0, "retweets_count": 0, "hashtags": []}
{"id": 1411474545865678855, "date": "2021-07-03", "time": "19:58:50", "tweet": "@BLKMDL3 @Tesla @elonmusk 🧢", "likes_count": 0, "replies_count": 1, "retweets_count": 0, "hashtags": []}
{"id": 1411474545588985859, "date": "2021-07-03", "time": "19:58:50", "tweet": "Tesla is being sued over its extremely reasonable Supercharger idle fees  https://t.co/SmgUDxSYoJ", "likes_count": 0, "replies_count": 0, "retweets_count": 0, "hashtags": []}
{"id": 1411474518896373761, "date": "2021-07-03", "time": "19:58:43", "tweet": "Oh, Biden also under control? Who would say. Look at Tesla's logotype. Seems familiar with the letter E, no?  https://t.co/MIkvMWpkIe", "likes_count": 0, "replies_count": 0, "retweets_count": 0, "hashtags": []}
{"id": 1411474486034145284, "date": "2021-07-03", "time": "19:58:36", "tweet": "The @Tesla Model Y remains untouchable in its combination of efficiency, range and performance, but it's not without a few potentially deal-breaking quirks.  Check out our 2021 Model Y review below.   https://t.co/hY1KjyIvE5", "likes_count": 5, "replies_count": 0, "retweets_count": 1, "hashtags": []}
{"id": 1411474457823092737, "date": "2021-07-03", "time": "19:58:29", "tweet": "@tracer_bull_et @elonmusk @Tesla @teslaownersSV @TeslaMotorsClub  https://t.co/qnBiiEB1pr", "likes_count": 34, "replies_count": 1, "retweets_count": 2, "hashtags": []}
{"id": 1411474442211954691, "date": "2021-07-03", "time": "19:58:25", "tweet": "Tesla ABOUT TO Accept Dogecoin &amp; Bitcoin ⚠️  https://t.co/VXV7YE5Y8K via @YouTube", "likes_count": 0, "replies_count": 0, "retweets_count": 0, "hashtags": []}
{"id": 1411474423480258561, "date": "2021-07-03", "time": "19:58:21", "tweet": "Ouai quand t’accélère avec une Tesla vu qu’il y a pas de bruit on dirait tu t’envoles", "likes_count": 0, "replies_count": 0, "retweets_count": 0, "hashtags": []}
{"id": 1411474397072924674, "date": "2021-07-03", "time": "19:58:14", "tweet": "Does @Tesla make mobile phones ?  Imagination running", "likes_count": 0, "replies_count": 0, "retweets_count": 0, "hashtags": []}
{"id": 1411474341028454401, "date": "2021-07-03", "time": "19:58:01", "tweet": "More electric vehicle charging stations installed in Eastern Sierra! Tesla Supercharger &amp; Caltrans charger in Bishop, &amp; non-Tesla Caltrans Superchargers at Hwy 395 rest stops (Division Creek, Coso Junction, and Boron). Read how you can help  https://t.co/PUqMYrwMpu.  https://t.co/dets0O0Hnh", "likes_count": 0, "replies_count": 0, "retweets_count": 0, "hashtags": []}
{"id": 1411474313375539202, "date": "2021-07-03", "time": "19:57:54", "tweet": "@adamhoov Let him get a Mach-E, then every time y’all go somewhere together take him in your Tesla so he has to face what he’s missing.", "likes_count": 0, "replies_count": 0, "retweets_count": 0, "hashtags": []}
