{"id": 1348056916472291330, "date": "2021-01-09", "time": "18:59:49", "tweet": "@elonmusk please build a Tesla phone with it's own OS that respects people's privacy and free speech. Tied into Starlink. Everyone would trash their Apple and Android phones and buy Tesla phones. You would sell billions and I imagine it would be an easy project for you.", "likes_count": 0, "replies_count": 0, "retweets_count": 0, "hashtags": []}
{"id": 1348056884209741824, "date": "2021-01-09", "time": "18:59:41", "tweet": "@SawyerMerritt And then Tesla can announce a split again to overtake Bezos if ever that happens.", "likes_count": 2, "replies_count": 0, "retweets_count": 0, "hashtags": []}
{"id": 1348056859429650432, "date": "2021-01-09", "time": "18:59:35", "tweet": "@Tesla_papa 三└(┐卍^o^)卍ﾆｹﾞﾙｩﾙﾙﾙﾙﾙﾙ", "likes_count": 1, "replies_count": 0, "retweets_count": 0, "hashtags": []}
{"id": 1348056836662956032, "date": "2021-01-09", "time": "18:59:30", "tweet": "My co worker showed me how he has $120k in Tesla stocks and wanted to throw up...  The shit I can do with that money. I can invest that amount and never have to work again.", "likes_count": 3, "replies_count": 0, "retweets_count": 0, "hashtags": []}
{"id": 1348056810972975107, "date": "2021-01-09", "time": "18:59:24", "tweet": "@PlaceboCapital @ShitFund People pretend the guy doing A/B testing at Facebook adds any more value to society than the MS analyst raising Tesla’s price target just before an ATM raise.", "likes_count": 2, "replies_count": 0, "retweets_count": 0, "hashtags": []}
{"id": 1348056778236325890, "date": "2021-01-09", "time": "18:59:16", "tweet": "@elonmusk I agree with your son. So can I please jave one of your Tesla’s. Any model will do. Thank you Sebrina.", "likes_count": 0, "replies_count": 0, "retweets_count": 0, "hashtags": []}
{"id": 1348056767536787459, "date": "2021-01-09", "time": "18:59:13", "tweet": "@Hoss03070438 @realMeetKevin Exactly. Tesla will not be able to do FSD level 5 without LIDAR. NIO is actually now AHEAD of Tesla when it comes to self driving cars.", "likes_count": 6, "replies_count": 1, "retweets_count": 0, "hashtags": []}
{"id": 1348056764227477504, "date": "2021-01-09", "time": "18:59:12", "tweet": "@elonmusk @sean18743005 @Erdayastronaut @SpaceX Give Google and Apple competition and create your own Tesla Phone", "likes_count": 1, "replies_count": 0, "retweets_count": 0, "hashtags": []}
{"id": 1348056737970982913, "date": "2021-01-09", "time": "18:59:06", "tweet": "@Blu3RSX @drivingmzstacey @nicoleamurray @mateosfo @ZaxxonGalaxian @TangoCars @Tesla Forgot to tag this with #TeslaTango for related posts from the past... In the hopes that @Tesla will pick up this idea and use cheaper CyberTruck stainless steel production processes.", "likes_count": 1, "replies_count": 0, "retweets_count": 0, "hashtags": ["teslatango"]}
{"id": 1348056726206091268, "date": "2021-01-09", "time": "18:59:03", "tweet": "Nikola Tesla te queda chiquito a ti en cuanto a temas electricos. Me siento Feliz porque hoy vas amanecer preso. #PulpoElectrico  https://t.co/n07hv9HTHA", "likes_count": 4, "replies_count": 0, "retweets_count": 4, "hashtags": ["pulpoelectrico"]}
{"id": 1348056575538294786, "date": "2021-01-09", "time": "18:58:27", "tweet": "@elonmusk when can I buy a @Tesla with @Bitcoin?", "likes_count": 0, "replies_count": 0, "retweets_count": 0, "hashtags": []}
{"id": 1348056559126016007, "date": "2021-01-09", "time": "18:58:24", "tweet": "@KevinMKruse @GBRosenthal @kirstiealley Slavery is happening in China and Africa right now to mine metals for electric cars. Better use of time and energy to try and stop that. Looks like Tesla is built in the backs of a technology encouraging slavery", "likes_count": 1, "replies_count": 0, "retweets_count": 0, "hashtags": []}
{"id": 1348056543678238720, "date": "2021-01-09", "time": "18:58:20", "tweet": "日本がNIOやTeslaレベルのEV未だに出てこないの、きっと技術だけの 問題じゃない気がする  プライドとかしがらみとか全部捨てて、とりあえずすごいの作ってほしいや…", "likes_count": 2, "replies_count": 0, "retweets_count": 0, "hashtags": []}
{"id": 1348056540964507648, "date": "2021-01-09", "time": "18:58:19", "tweet": "@mymodl3 @TeslaChillMode @Tesla @DirtyTesla @tesletter @BLKMDL3 @MFrunker @CodingMark @carinalarsen76 @dealer_of_happy @TeslaTruckClub  https://t.co/obBzz0E2mk", "likes_count": 3, "replies_count": 0, "retweets_count": 0, "hashtags": []}
{"id": 1348056529119961092, "date": "2021-01-09", "time": "18:58:16", "tweet": "@VRSVirginia @elizableu @Tesla @ncose @elonmusk @MissingKids  https://t.co/aQ9mEXdf1w", "likes_count": 0, "replies_count": 0, "retweets_count": 0, "hashtags": []}
{"id": 1348056498975297536, "date": "2021-01-09", "time": "18:58:09", "tweet": "@arctechinc How do you measure the data going back to Tesla?", "likes_count": 0, "replies_count": 2, "retweets_count": 0, "hashtags": []}
{"id": 1348056489781583874, "date": "2021-01-09", "time": "18:58:07", "tweet": "@LaVanguardia Cuando la reserva Federal y el tesoro dejen de imprimir billones que vayan sacando la pasta de Tesla, porque el adebacle será importante", "likes_count": 0, "replies_count": 0, "retweets_count": 0, "hashtags": []}
{"id": 1348056468457603074, "date": "2021-01-09", "time": "18:58:02", "tweet": "@SiriusBShaman Is that a Tesla free energy device?", "likes_count": 0, "replies_count": 0, "retweets_count": 0, "hashtags": []}
{"id": 1348056418792972288, "date": "2021-01-09", "time": "18:57:50", "tweet": "@TuHanh4 @XvgGee @elonmusk @Tesla  https://t.co/PyIs8tNeM9", "likes_count": 0, "replies_count": 0, "retweets_count": 0, "hashtags": []}
{"id": 1348056416968339457, "date": "2021-01-09", "time": "18:57:50", "tweet": "@kblock43 @ForzaHorizon @ToyoTires @Ford Have it go against  Tesla model S Bugatti Veyron Ferrari anything  Vintage dragster", "likes_count": 0, "replies_count": 0, "retweets_count": 0, "hashtags": []}
{"id": 1348056374429708289, "date": "2021-01-09", "time": "18:57:39", "tweet": "Benzinga's First Bulls And Bears Of 2021: Ford, Mastercard, PepsiCo, 3M, Tesla And More https://www.newszada.com/wp-content/upload...  https://t.co/XMXFThKVRc", "likes_count": 0, "replies_count": 0, "retweets_count": 0, "hashtags": []}
{"id": 1348056354259423233, "date": "2021-01-09", "time": "18:57:35", "tweet": "People going crazy over Tesla and Bitcoin whole I'm making a bag on these other stocks niggas not hip to", "likes_count": 0, "replies_count": 0, "retweets_count": 0, "hashtags": []}
{"id": 1348056338555932674, "date": "2021-01-09", "time": "18:57:31", "tweet": "TESLA tiene una función en sus coches 🚘 para que suenen con cualquier sonido. ¿Adivináis lo que ha hecho la gente?  También hablamos sobre los discos de música electrónica que podemos esperar este año 📀  Ya tienes disponible el podcast de esta semana 📻   https://t.co/BhDob63E4V", "likes_count": 0, "replies_count": 0, "retweets_count": 0, "hashtags": []}
{"id": 1348056333216575490, "date": "2021-01-09", "time": "18:57:30", "tweet": "@ShafferJustin54 @GeorgiaFootball It’s about time. Almost 15,000 days since last one. Carter was President, no cell phones, no Tesla’s, Berlin Wall still standing, Reagan was considered a Conservative and your mom may not have been born yet. I would say there is “unfinished business.”", "likes_count": 0, "replies_count": 0, "retweets_count": 0, "hashtags": []}
{"id": 1348056327009034241, "date": "2021-01-09", "time": "18:57:28", "tweet": "@engineers_feed He actually gave birth to @elonmusk which is why musk named the company Tesla", "likes_count": 0, "replies_count": 0, "retweets_count": 0, "hashtags": []}
{"id": 1348056324123353088, "date": "2021-01-09", "time": "18:57:28", "tweet": "Most people think of the technology @elonmusk will be sending humans to Mars with.  I think the concept that is so much more profound of his dream is giving a human the opportunity to be born an Earthling and to die a Martian.  #SpaceX #Tesla #BitCoin", "likes_count": 0, "replies_count": 0, "retweets_count": 0, "hashtags": ["spacex", "tesla", "bitcoin"]}
{"id": 1348056307299803138, "date": "2021-01-09", "time": "18:57:23", "tweet": "@JosephVVallace @teslaownersSV @Tesla Clean energy and EVs for the WIN! Nice 👍", "likes_count": 2, "replies_count": 0, "retweets_count": 0, "hashtags": []}
{"id": 1348056306037481472, "date": "2021-01-09", "time": "18:57:23", "tweet": "@markusdd5 @TeslaPodcast Nicht desto trotz steckt in Tesla so abartiges Potential. Die Bewertung ist zur Zeit extrem hoch, aber langfristig möglicherweise nichtmal übertrieben. 😎", "likes_count": 1, "replies_count": 0, "retweets_count": 0, "hashtags": []}
{"id": 1348056292280029184, "date": "2021-01-09", "time": "18:57:20", "tweet": "現在の勝利の方程式は アメリカで成功したビジネスモデル  ⇒ 中国で模倣し拡張する タイムマシン経営  Amazon ⇒ Alibaba、JD Google ⇒ Baidu Facebook ⇒ Tencent? Tesla ⇒ NIO NVIDIA ⇒ ？  2023年くらいからは 中国 ⇒ 東南アジア、インド、日本 へのタイムマシン経営が 勝利の方程式かもね‼️", "likes_count": 34, "replies_count": 1, "retweets_count": 0, "hashtags": []}
{"id": 1348056268896956416, "date": "2021-01-09", "time": "18:57:14", "tweet": "Tesla’s sudden accelerations were user error, US government says - The Verge  https://t.co/G400ceQWV8", "likes_count": 0, "replies_count": 0, "retweets_count": 0, "hashtags": []}
{"id": 1348056248227282945, "date": "2021-01-09", "time": "18:57:09", "tweet": "@tesla_raj Yes", "likes_count": 1, "replies_count": 0, "retweets_count": 0, "hashtags": []}
{"id": 1348056215973220353, "date": "2021-01-09", "time": "18:57:02", "tweet": "@BrianIndian63 Poorly worded on my part... The work Tesla did for Edison, that Edison took credit for, made Edison look good...", "likes_count": 0, "replies_count": 1, "retweets_count": 0, "hashtags": []}
{"id": 1348056204883472386, "date": "2021-01-09", "time": "18:56:59", "tweet": "'Big Short' investor Michael Burry predicts Tesla stock will collapse like the housing bubble: 'Enjoy it while it lasts' -   https://t.co/3xuzZh2ZMl", "likes_count": 0, "replies_count": 0, "retweets_count": 0, "hashtags": []}
{"id": 1348056170657959939, "date": "2021-01-09", "time": "18:56:51", "tweet": "People really rocking with \"Scarface Mahogany\" off Lobster Tales In My Tesla!  Check out the 1st two singles NOW on Bandcamp + preorder the \"Lobster Pink Tesla Tape!\" Only 11 are left! #LTT JihaD   https://t.co/wqv1larOeq", "likes_count": 2, "replies_count": 0, "retweets_count": 1, "hashtags": ["ltt"]}
{"id": 1348056163057852421, "date": "2021-01-09", "time": "18:56:49", "tweet": "@Orest80490321 The Tesla Semi will be as big as any of the cars....then the S/X refresh....then the Roadster which will sell out immediately as it becomes the new darling Supercar and with the 25k Tesla and Cybertruck on it’s heels only makes sense TSLA will split soon to let more investors in!", "likes_count": 0, "replies_count": 1, "retweets_count": 0, "hashtags": []}
{"id": 1348056064168755202, "date": "2021-01-09", "time": "18:56:26", "tweet": "@teslaownersSV @Tesla Next week", "likes_count": 1, "replies_count": 0, "retweets_count": 0, "hashtags": []}
{"id": 1348056058686627840, "date": "2021-01-09", "time": "18:56:24", "tweet": "@InvestorSwan @ChrisBloomstran @GEICO @progressive @Allstate @Tesla 10b-5 are scheduled sales, viewed as different from new sales/issuances (obviously somewhat wrong, because you can still cancel the plan)", "likes_count": 0, "replies_count": 0, "retweets_count": 0, "hashtags": []}
{"id": 1348056030580764672, "date": "2021-01-09", "time": "18:56:18", "tweet": "@Elektro_Robin @HendrikLippold Ach so: mach dir keine Sorgen wegen Tesla. Die gehen mit BMW zusammen. Vlt etwas spät für beide. Aber das passt schon ganz gut. Wenn Apple wirklich ernst macht, dann müssen sich wirklich alle bewegen.", "likes_count": 1, "replies_count": 0, "retweets_count": 0, "hashtags": []}
{"id": 1348056019306385409, "date": "2021-01-09", "time": "18:56:15", "tweet": "สิ่งที่เป็นปัญหามายาวนานของการนำพลังงานแสงอาทิตย์มาใช้คือแบตเตอรี่  Lab ทดลองผลิตแบตเตอรี่ของ Tesla โรงแรกอยู่ในประเทศไทย แต่สุดท้ายต้องปิดตัวเพราะทดลองเท่าไหร่ก็ไม่สามารถแก้ปัญหาที่แบตเตอรี่ไม่ถูกกับอากาศร้อนได้ แบตลิเธียมชอบความเย็น  ปหไม่ได้อยู่ที่แผงโซล่าเลย", "likes_count": 22, "replies_count": 1, "retweets_count": 12, "hashtags": []}
{"id": 1348056012717223944, "date": "2021-01-09", "time": "18:56:13", "tweet": "@arctechinc @akidesir I really hope we have the beta far before the border opens back up 😅😂  But getting sushi with Tesla people in the GTA is probably one of the things I’m most looking forward too post COVID!  #FSDBetaCanada", "likes_count": 6, "replies_count": 0, "retweets_count": 0, "hashtags": ["fsdbetacanada"]}
{"id": 1348056012176158721, "date": "2021-01-09", "time": "18:56:13", "tweet": "@sf2invest @samuelbicalho1 @RodrigoZDantas Sergio, acho o extopim desta queda dos mercados será a Tesla. E o US$ vai para lá de 6.....", "likes_count": 1, "replies_count": 1, "retweets_count": 0, "hashtags": []}
{"id": 1348056010968027137, "date": "2021-01-09", "time": "18:56:13", "tweet": "@Inelonwetrust__ @tesla_raj No, sorry heheh", "likes_count": 1, "replies_count": 0, "retweets_count": 0, "hashtags": []}
{"id": 1348055982216253442, "date": "2021-01-09", "time": "18:56:06", "tweet": "@elonmusk @Tesla 2. Instrumentation. I hope the high-performing Plaid S will include lush instrumentation, including a dedicated speedo in front of the driver’s eye. Alternatively, a heads-up display with speed and energy reserve would be awesome! Any hope? Bruce", "likes_count": 0, "replies_count": 0, "retweets_count": 0, "hashtags": []}
{"id": 1348055965107707910, "date": "2021-01-09", "time": "18:56:02", "tweet": "@AustinTeslaClub @Tesla @BabyTesla3 @TailosiveEV @SjvTesla @jgrano305 @Kristennetten @elonmusk @teslaownersSV @thirdrowtesla 💪💪", "likes_count": 2, "replies_count": 0, "retweets_count": 0, "hashtags": []}
{"id": 1348055928885571591, "date": "2021-01-09", "time": "18:55:53", "tweet": "@sydney_ev @Tesla @elonmusk They look disturbing!", "likes_count": 0, "replies_count": 0, "retweets_count": 0, "hashtags": []}
{"id": 1348055918957768704, "date": "2021-01-09", "time": "18:55:51", "tweet": "$NIO  Tesla Vs NIO  https://t.co/fZMihhTLEq", "likes_count": 1, "replies_count": 0, "retweets_count": 0, "hashtags": []}
{"id": 1348055917498130433, "date": "2021-01-09", "time": "18:55:51", "tweet": "@elonmusk @Tesla Pleather doesn’t cut it against, say, a BMW M3, buyable at half the price, which includes nice leather. A cheap plastic interior seems inappropriate here, PETA notwithstanding.", "likes_count": 0, "replies_count": 0, "retweets_count": 0, "hashtags": []}
{"id": 1348055888930725890, "date": "2021-01-09", "time": "18:55:44", "tweet": "@scottmelker I would love to purchase the @Tesla Cyber Truck with #DOGE #dogecoin", "likes_count": 0, "replies_count": 0, "retweets_count": 0, "hashtags": ["doge", "dogecoin"]}
{"id": 1348055888565661696, "date": "2021-01-09", "time": "18:55:44", "tweet": "@WR4NYGov @Tesla @elonmusk @Kristennetten Ohh baby, I can’t wait 🍿", "likes_count": 0, "replies_count": 0, "retweets_count": 0, "hashtags": []}
{"id": 1348055873881395201, "date": "2021-01-09", "time": "18:55:40", "tweet": "Niggas didnt wanna cop the tesla when its 300 some they wanna spend 800 per share lol not smart but make sense", "likes_count": 0, "replies_count": 0, "retweets_count": 0, "hashtags": []}
{"id": 1348055858102607873, "date": "2021-01-09", "time": "18:55:36", "tweet": "@4settings @elonmusk Tesla. Yes, but explain why dogecoin? I already know it foundation.  I like how you left out xrp lol", "likes_count": 0, "replies_count": 1, "retweets_count": 0, "hashtags": []}
{"id": 1348055852595302403, "date": "2021-01-09", "time": "18:55:35", "tweet": "So we can buy Tesla cars by using #bitcoin soon.", "likes_count": 0, "replies_count": 0, "retweets_count": 0, "hashtags": ["bitcoin"]}
{"id": 1348055849277796352, "date": "2021-01-09", "time": "18:55:34", "tweet": "@ViRKL @cleantechnica @Tesla @VW @AmazingChevVolt @MunroAssociates @Autoline @BW @TilmanWinkler @EV_Stevee @bobbyllew @NuovaRealta @alex_avoigt No @VIRKL, .@Tesla doesn't even regard .@VW as a relevant challenger.", "likes_count": 3, "replies_count": 1, "retweets_count": 1, "hashtags": []}
{"id": 1348055830571212802, "date": "2021-01-09", "time": "18:55:30", "tweet": "@300furrybears @YtzJaxpad @JarettVs Nicolae Tesla was born in Croacia not the USA!", "likes_count": 0, "replies_count": 0, "retweets_count": 0, "hashtags": []}
{"id": 1348055825730908160, "date": "2021-01-09", "time": "18:55:29", "tweet": "@SudokuFGC Comin into that tesla money eh. Bettah spread the wealth", "likes_count": 0, "replies_count": 0, "retweets_count": 0, "hashtags": []}
{"id": 1348055810987810816, "date": "2021-01-09", "time": "18:55:25", "tweet": "@ValueAnalyst1 No, will buy a CyberTruck.  I would buy the $25k @aptera_motors though.  And if @Tesla makes a CybrrTruck stainless @TangoCars, which would be about $20k, I would buy that. A #TeslaTango would be a hit globally I believe.", "likes_count": 0, "replies_count": 0, "retweets_count": 0, "hashtags": ["teslatango"]}
{"id": 1348055790096101377, "date": "2021-01-09", "time": "18:55:20", "tweet": "@elonmusk @Tesla Pleather gets butt-blisteringly hot, as Elon will discover when he moves to Texas, and isn’t breatheable. And, at a price point of $150k, people want their creature comforts.", "likes_count": 0, "replies_count": 0, "retweets_count": 0, "hashtags": []}
{"id": 1348055781019676674, "date": "2021-01-09", "time": "18:55:18", "tweet": "my uber arrived and its a Tesla. i feel mad fucking cool. thats all for today folks", "likes_count": 0, "replies_count": 0, "retweets_count": 0, "hashtags": []}
{"id": 1348055753622507522, "date": "2021-01-09", "time": "18:55:11", "tweet": "@Alwinart @Tesla @BabyTesla3 @TailosiveEV @SjvTesla @jgrano305 @Kristennetten @elonmusk @teslaownersSV @thirdrowtesla $TSLA Soufflé", "likes_count": 5, "replies_count": 1, "retweets_count": 0, "hashtags": []}
{"id": 1348055739277971462, "date": "2021-01-09", "time": "18:55:08", "tweet": "Tesla’s Market Capitalization Grows Closer To The Trillion Dollar Mark  https://t.co/SFUVzwXHBm", "likes_count": 0, "replies_count": 0, "retweets_count": 1, "hashtags": []}
{"id": 1348055732642488321, "date": "2021-01-09", "time": "18:55:06", "tweet": "@elonmusk for Santa 2021 spread the word #ElonMusk #tesla #flamethrowerchristmas  https://t.co/RTYMUUjUEP", "likes_count": 0, "replies_count": 0, "retweets_count": 0, "hashtags": ["elonmusk", "tesla", "flamethrowerchristmas"]}
{"id": 1348055730931294217, "date": "2021-01-09", "time": "18:55:06", "tweet": "@business China made EV’s already surpassing the tech of Tesla.", "likes_count": 0, "replies_count": 0, "retweets_count": 0, "hashtags": []}
{"id": 1348055704968581120, "date": "2021-01-09", "time": "18:55:00", "tweet": "@GiselleWalker18 all in tesla hahaha", "likes_count": 0, "replies_count": 0, "retweets_count": 0, "hashtags": []}
{"id": 1348055699159449603, "date": "2021-01-09", "time": "18:54:59", "tweet": "@KiwiEV Amazing to this day people still lie about the dumbest shit.  EVERYTHING is logged on a Tesla. Every input, logged.", "likes_count": 1, "replies_count": 0, "retweets_count": 0, "hashtags": []}
{"id": 1348055694612819974, "date": "2021-01-09", "time": "18:54:57", "tweet": "@photoniktre @Burner555 @wf00757575 Ob Tesla heute etwas mit Netflix verdient spielt keine Rolle. Es werden noch unzählige Online Dienste kommen. FSD als Abo, Payment, Car as a Service, usw.... Bei LKW sind noch ganz andere Dinge denkbar wie Abrechnungen, Anbindung ans ERP, FSD und 1000 andere Sachen.", "likes_count": 0, "replies_count": 0, "retweets_count": 0, "hashtags": []}
{"id": 1348055666280300544, "date": "2021-01-09", "time": "18:54:51", "tweet": "@elonmusk is worth $190 Billion. He could give 1 million to all of the  333million people in the United States and not give a fuck. Might as well give everyone a @Tesla", "likes_count": 0, "replies_count": 0, "retweets_count": 0, "hashtags": []}
{"id": 1348055644281196547, "date": "2021-01-09", "time": "18:54:45", "tweet": "Miss driving on these, can’t wait for winter to be over! #tesla  https://t.co/zj15Sp6XuO", "likes_count": 0, "replies_count": 0, "retweets_count": 0, "hashtags": ["tesla"]}
{"id": 1348055601352421376, "date": "2021-01-09", "time": "18:54:35", "tweet": "@tesla @elonmusk musk Having put my money where my mouth is by taking an RN for a Model S Plaid, I’d like to offer two suggestions: 1. Please offer a leather interior rather than, or in addition to, a plastic one.", "likes_count": 0, "replies_count": 0, "retweets_count": 0, "hashtags": []}
{"id": 1348055541336190978, "date": "2021-01-09", "time": "18:54:21", "tweet": "@Schuldensuehner IF and a big IF I buy a Tesla I won’t be lending it out for others to smoke and do other things in it. Unlike Apple, Amazon market place, Facebook it’s not a winner take all business. Five years from now ex Tesla employees could be working for the competition. Change my mind?", "likes_count": 0, "replies_count": 0, "retweets_count": 0, "hashtags": []}
{"id": 1348055529302745089, "date": "2021-01-09", "time": "18:54:18", "tweet": ".@elonmusk make a @Tesla phone. I would buy one IMMEDIATELY!", "likes_count": 35, "replies_count": 1, "retweets_count": 9, "hashtags": []}
{"id": 1348055518539993088, "date": "2021-01-09", "time": "18:54:15", "tweet": "Tesla Market Value Crosses $800 Billion for the First Time-&amp; supported by $BNs of taxpayers monies spent in name of climate fund/ Taxes!   https://t.co/ruFWe6oSmZ", "likes_count": 0, "replies_count": 0, "retweets_count": 0, "hashtags": []}
{"id": 1348055496754941952, "date": "2021-01-09", "time": "18:54:10", "tweet": "🤢 not in the Tesla", "likes_count": 1, "replies_count": 0, "retweets_count": 0, "hashtags": []}
{"id": 1348055476706144256, "date": "2021-01-09", "time": "18:54:05", "tweet": "@scpwiki @michaelreeves That man could probably fix the Tesla Gates from killing scientists and you’re here dissing him", "likes_count": 5, "replies_count": 1, "retweets_count": 0, "hashtags": []}
{"id": 1348055475158396929, "date": "2021-01-09", "time": "18:54:05", "tweet": "@meryy_tesla وايضا تفعيل مبدأ دستوري ربط المسؤولية بالمحاسبة وبدون ذلك لن يستقيم شيئا في هذا البلد", "likes_count": 1, "replies_count": 0, "retweets_count": 0, "hashtags": []}
{"id": 1348055337333620736, "date": "2021-01-09", "time": "18:53:32", "tweet": "@Elektro_Robin @bbhermann Tesla wird ihren Weg als Software Unternehmen erfolgreich weitergehen. Die sind alles andere als schlecht aufgestellt", "likes_count": 1, "replies_count": 1, "retweets_count": 0, "hashtags": []}
{"id": 1348055323182051335, "date": "2021-01-09", "time": "18:53:29", "tweet": "Of course, I’m investing my savings on TESLA, I’ll be a good year", "likes_count": 0, "replies_count": 0, "retweets_count": 0, "hashtags": []}
{"id": 1348055304961814529, "date": "2021-01-09", "time": "18:53:25", "tweet": "@eDubTwit @DobackhuffCFO @Tesla Well said 😂👍", "likes_count": 0, "replies_count": 0, "retweets_count": 0, "hashtags": []}
{"id": 1348055280660176896, "date": "2021-01-09", "time": "18:53:19", "tweet": "@elonmusk @Ragazaga5 @SpacePadreIsle Speaking of Tesla AI, when will Smart Summon graduate from novel party trick to can’t-live-without-it feature?", "likes_count": 0, "replies_count": 1, "retweets_count": 0, "hashtags": []}
{"id": 1348055273991143424, "date": "2021-01-09", "time": "18:53:17", "tweet": "@caraxnxx he’s gonna run u over with his tesla", "likes_count": 1, "replies_count": 1, "retweets_count": 0, "hashtags": []}
{"id": 1348055248577949697, "date": "2021-01-09", "time": "18:53:11", "tweet": "@J1N_K1NG YOU PROMISED YOUD BE TESLA BUT YOURE JUST ANOTHER EDISON CUZ TESLA BROKE A PATTERN ALL YOU EVER BROKE WERE HEARTS! I CAN BELIEVE YOU BROKE HUMANITY APART WITH THE /VERY SAME/ MACHINES THAT COULD HAVE BEEN OUR BRAND NEW STSRT", "likes_count": 2, "replies_count": 1, "retweets_count": 0, "hashtags": []}
{"id": 1348055234011131908, "date": "2021-01-09", "time": "18:53:08", "tweet": "Pues claro, siendo hijo de Elon Musk, que es lo peor que te puede pasar? Olvidar poner a cargar el Tesla nuevo?", "likes_count": 4, "replies_count": 0, "retweets_count": 0, "hashtags": []}
{"id": 1348055230445862912, "date": "2021-01-09", "time": "18:53:07", "tweet": "@kblock43 Let's see what can be done with a @Tesla @elonmusk  https://t.co/twWAYx8Elg", "likes_count": 0, "replies_count": 0, "retweets_count": 0, "hashtags": []}
{"id": 1348055223391166464, "date": "2021-01-09", "time": "18:53:05", "tweet": "I hate how Tesla’s look, they so ugly to me", "likes_count": 0, "replies_count": 0, "retweets_count": 0, "hashtags": []}
{"id": 1348055197621366784, "date": "2021-01-09", "time": "18:52:59", "tweet": "Hey @elonmusk, me again. Hope this message finds you well. Just though I’d give you a little update. Ya boy still out here struggling, the stimmy still ain’t hit, I got a flat tire, almost ran outta gas too😔. See if you gave me a million I wouldn’t need gas cuz I’d buy a tesla", "likes_count": 0, "replies_count": 0, "retweets_count": 0, "hashtags": []}
{"id": 1348055160828932098, "date": "2021-01-09", "time": "18:52:50", "tweet": "@J1N_K1NG You promised you'd be Tesla, but you're just another Edison", "likes_count": 1, "replies_count": 1, "retweets_count": 0, "hashtags": []}
{"id": 1348055155133059078, "date": "2021-01-09", "time": "18:52:49", "tweet": "@elonmusk @erigganewmoney Sell the two BTC get a Tesla", "likes_count": 0, "replies_count": 0, "retweets_count": 0, "hashtags": []}
{"id": 1348055145498734595, "date": "2021-01-09", "time": "18:52:46", "tweet": "Tesla phone / make in USA!🇺🇸", "likes_count": 0, "replies_count": 0, "retweets_count": 0, "hashtags": []}
{"id": 1348055132269899790, "date": "2021-01-09", "time": "18:52:43", "tweet": "@tesla, @elonmusk,", "likes_count": 0, "replies_count": 0, "retweets_count": 0, "hashtags": []}
{"id": 1348055105958940673, "date": "2021-01-09", "time": "18:52:37", "tweet": "@theartofvalue @WillThrower3 What's the implication? Tesla doesn't have manufacturing capacity to meet demand and sales will skyrocket once they do?  Tesla is claimed to have a huge lead, but has a 8% market share.", "likes_count": 0, "replies_count": 2, "retweets_count": 0, "hashtags": []}
{"id": 1348055105896148993, "date": "2021-01-09", "time": "18:52:37", "tweet": "@elonmusk drives a Tesla.", "likes_count": 0, "replies_count": 0, "retweets_count": 0, "hashtags": []}
{"id": 1348055087420235777, "date": "2021-01-09", "time": "18:52:33", "tweet": "Going to short sell Tesla!!!", "likes_count": 0, "replies_count": 0, "retweets_count": 0, "hashtags": []}
{"id": 1348055079950102528, "date": "2021-01-09", "time": "18:52:31", "tweet": "@Lexus Actually my tesla is a shit load more powerful than this glorified Toyota", "likes_count": 0, "replies_count": 0, "retweets_count": 0, "hashtags": []}
{"id": 1348055065009930240, "date": "2021-01-09", "time": "18:52:27", "tweet": "@gwestr The Macan is Porsches most important car. It’s my number 1 pic for a Tesla alternative.", "likes_count": 2, "replies_count": 0, "retweets_count": 0, "hashtags": []}
{"id": 1348055040716656640, "date": "2021-01-09", "time": "18:52:22", "tweet": "@elonmusk @erigganewmoney Not sure, but I would rather have a solar system off my roof and so would many other people. So when will the Tesla Tracker System hit the market?  https://t.co/ZnbCT72CuX", "likes_count": 7, "replies_count": 0, "retweets_count": 0, "hashtags": []}
{"id": 1348055036195205120, "date": "2021-01-09", "time": "18:52:20", "tweet": "@egewayoflife @__uzay_16589 \"Kiliseye paratoner takıldığında, dinle bilimin çatışması bitmiştir.\" Demişti Tesla...", "likes_count": 21, "replies_count": 1, "retweets_count": 2, "hashtags": []}
{"id": 1348055033837973504, "date": "2021-01-09", "time": "18:52:20", "tweet": "@sungambackwards I believe I was comparing the stock to Tesla saying it was “more affordable.”   To answer your first question that’s not my concern. The stock is going to perform regardless", "likes_count": 1, "replies_count": 1, "retweets_count": 0, "hashtags": []}
{"id": 1348055006851735552, "date": "2021-01-09", "time": "18:52:13", "tweet": "Had a dream where I \"borrowed\" @elonmusk Tesla, used it to book return flights to Dubai on his private jet and then was hunted down by a aggressive all women Tesla vehicle recovery team while Elon emailed me saying he wasn't even mad... Defuq brain.", "likes_count": 5, "replies_count": 2, "retweets_count": 0, "hashtags": []}
{"id": 1348054967198760960, "date": "2021-01-09", "time": "18:52:04", "tweet": "@CodingMark Yes, but I think Tesla is very cognizant of trying to make some features &amp; hardware upgradeable as much as they can. It may be harder with cell-to-pack + unicast body though.   Also, I think the Osborne effect is more pronounced in the Chinese market, e.g the HW2.5 vs HW3 chips", "likes_count": 5, "replies_count": 0, "retweets_count": 0, "hashtags": []}
{"id": 1348054944776138756, "date": "2021-01-09", "time": "18:51:59", "tweet": "@JarettVs Well she would fkn is surprised it was immigrant Tesla who studied it", "likes_count": 0, "replies_count": 0, "retweets_count": 0, "hashtags": []}
{"id": 1348054914778476545, "date": "2021-01-09", "time": "18:51:51", "tweet": "@Tesla, make notes for when your cars start running over certain kinds of people", "likes_count": 0, "replies_count": 0, "retweets_count": 0, "hashtags": []}
{"id": 1348054912593252353, "date": "2021-01-09", "time": "18:51:51", "tweet": "@APompliano @JessieJamerso @elonmusk If Elon Musk puts bitcoin on the balance sheet, everyone that owns bitcoin can afford buy a Tesla with their profits from the spike.", "likes_count": 0, "replies_count": 0, "retweets_count": 0, "hashtags": []}
{"id": 1348054890782797824, "date": "2021-01-09", "time": "18:51:46", "tweet": "@enorton1903 Ortada tesla mı yok nasıl yani? Valla tüm İskandinav ülkelerinde satış rekorları kırıyor. Müthiş arabalar. Audi olsun, Volvo, Nissan, BMW, Mercedes ve daha bir çokları çok güzel elektrikli arabalar çıkardılar ve onlar da çok satıyor ama Tesla tartışmasız hepsinden çok önde", "likes_count": 2, "replies_count": 1, "retweets_count": 0, "hashtags": []}
{"id": 1348054883937775620, "date": "2021-01-09", "time": "18:51:44", "tweet": "@APompliano @elonmusk Let’s pledge all bitcoiners to buy a #Tesla car, a Tesla roof (SolarCity) &amp; Tesla Powerwalls (energy storage) for our homes if they do that. We’ll buy $TSLA thru the “solar” roof. CC: Tesla CFO @ZKirkhorn, CEO @elonmusk and CAO Vaibhav Taneja.", "likes_count": 1, "replies_count": 0, "retweets_count": 0, "hashtags": ["tesla"]}
{"id": 1348054845731856386, "date": "2021-01-09", "time": "18:51:35", "tweet": "@bbhermann @HendrikLippold Wenn wir das Gedankenspiel zuende spielen, ist Tesla in 10 Jahren Pleite und der Automarkt teilt sich auf Apple-Hyundai und Google mit VW, Toyota und Co. als Unterbau auf. Interessanter Gedanke, ernsthaft.", "likes_count": 1, "replies_count": 3, "retweets_count": 0, "hashtags": []}
{"id": 1348054842460286977, "date": "2021-01-09", "time": "18:51:34", "tweet": "@SpenceRogers @TheRightMelissa @elonmusk @elonmusk you’re a business man. 75 million times $1,000 is worth the investment to develope an awesome smart phone. I ll def buy a shit ton on Tesla stock!", "likes_count": 0, "replies_count": 0, "retweets_count": 0, "hashtags": []}
{"id": 1348054836286132224, "date": "2021-01-09", "time": "18:51:33", "tweet": "@tesla_archive @xDreamCoding @p_ferragu Debt.  Tesla has unlimited access to cheap debt. DILUTION IS NOT THE SOLUTION!", "likes_count": 1, "replies_count": 1, "retweets_count": 0, "hashtags": []}
{"id": 1348054832737902592, "date": "2021-01-09", "time": "18:51:32", "tweet": "@makinbacon @raptvcom he got a camery so he can tell the internet he don’t care about money nomore a real person would’ve got a way better car for the money like a Tesla or a hellcat not a wack ass camery it’s for show", "likes_count": 0, "replies_count": 2, "retweets_count": 0, "hashtags": []}
{"id": 1348054832142311435, "date": "2021-01-09", "time": "18:51:32", "tweet": "@_tho_ @cooliopenguin @Elektro_Robin Ich könnte mir auch vorstellen, dass Tesla autonome urbane Kleinstfahrzeuge auf den Markt bringt, kurz bevor die Leute dafür bereit sind. Dann wären Teslas PKW-Konzept plötzlich Oldschool. Aber es wäre trotzdem noch ein langer Weg.", "likes_count": 1, "replies_count": 1, "retweets_count": 0, "hashtags": []}
{"id": 1348054817827127308, "date": "2021-01-09", "time": "18:51:28", "tweet": "@elonmusk @SpacePadreIsle Tesla La Tesla.", "likes_count": 0, "replies_count": 0, "retweets_count": 0, "hashtags": []}
{"id": 1348054796104818690, "date": "2021-01-09", "time": "18:51:23", "tweet": "@HendrikLippold @Elektro_Robin Und was beliebt sind so ein paar Jungs sie bis dahin 30 sind, sich den iCar 3 anschauen und sagen: \"mein Tesla konnte das damals alles auch schon.\" Interessiert dann aber keinen. Ihr seid dann alt.:)", "likes_count": 1, "replies_count": 1, "retweets_count": 0, "hashtags": []}
{"id": 1348054732980551685, "date": "2021-01-09", "time": "18:51:08", "tweet": "I'd deadass get a Tesla phone, make it happen", "likes_count": 0, "replies_count": 0, "retweets_count": 0, "hashtags": []}
{"id": 1348054702928371719, "date": "2021-01-09", "time": "18:51:01", "tweet": "@CLE_CLCFan I think you mean dumb. There’s stuff Tesla came up with that we still don’t know how he did it.", "likes_count": 0, "replies_count": 1, "retweets_count": 0, "hashtags": []}
{"id": 1348054700881539072, "date": "2021-01-09", "time": "18:51:00", "tweet": "@henrikfisker Call me crazy but I want Tesla software in my Fisker Ocean... $TSLA", "likes_count": 1, "replies_count": 0, "retweets_count": 1, "hashtags": []}
{"id": 1348054653028737028, "date": "2021-01-09", "time": "18:50:49", "tweet": "@tesla_raj @janusPrime Pretty cool... But no, thanks.", "likes_count": 0, "replies_count": 0, "retweets_count": 0, "hashtags": []}
{"id": 1348054636226232320, "date": "2021-01-09", "time": "18:50:45", "tweet": "@TwoBitDaVinci @Tesla Welcome to the family", "likes_count": 0, "replies_count": 1, "retweets_count": 0, "hashtags": []}
{"id": 1348054610636808192, "date": "2021-01-09", "time": "18:50:39", "tweet": "@teslaownersSV @Tesla Always put your $$ (fiat) ahead of plans.   https://t.co/eEhPSTMHuV", "likes_count": 1, "replies_count": 0, "retweets_count": 0, "hashtags": []}
{"id": 1348054575182331905, "date": "2021-01-09", "time": "18:50:31", "tweet": "Reasons for success of Elon. #ElonMusk #Tesla #SpaceX   https://t.co/KUZE8gkLZ4", "likes_count": 0, "replies_count": 0, "retweets_count": 0, "hashtags": ["elonmusk", "tesla", "spacex"]}
{"id": 1348054571072057344, "date": "2021-01-09", "time": "18:50:30", "tweet": "@SarcasticWonder Dueling magicians, plus David Bowie as Tesla.", "likes_count": 0, "replies_count": 0, "retweets_count": 0, "hashtags": []}
{"id": 1348054566168887298, "date": "2021-01-09", "time": "18:50:28", "tweet": "@Ragazaga5 @elonmusk @SpacePadreIsle @Tesla @SpaceX @neuralink @boringcompany You’re doing really great, RZ!! 😃Congrats 👏🏽 Hope you’re able to conciliate everything with your studies. 😉✨ @jpr007", "likes_count": 1, "replies_count": 1, "retweets_count": 0, "hashtags": []}
