{"id": 1363277228822454276, "date": "2021-02-20", "time": "18:59:54", "tweet": "@indichaters @MattMillerCubed @DiMartinoBooth @business farsnworth or tesla or sergei simonov or others never enjoyed a stupid investment machine as large as the excess of today..running out of room to put dollars is not an admission of great ingenuity and a mighty fall from grace will ensue.", "likes_count": 1, "replies_count": 0, "retweets_count": 0, "hashtags": []}
{"id": 1363277213026693124, "date": "2021-02-20", "time": "18:59:50", "tweet": "@PeterSchiff @elonmusk Bitcoin is a piece of garbage. What surprises me is the rules around corporate governance..can a CEO gamble with public money? Tesla is a public company and Elon has a fiduciary responsibility.", "likes_count": 0, "replies_count": 0, "retweets_count": 0, "hashtags": []}
{"id": 1363277203480453125, "date": "2021-02-20", "time": "18:59:48", "tweet": "Tesla chute lourdement dans le classement des véhicules les plus fiables  https://t.co/6ZhQscOOqB", "likes_count": 0, "replies_count": 0, "retweets_count": 0, "hashtags": []}
{"id": 1363277190637387776, "date": "2021-02-20", "time": "18:59:45", "tweet": "@internetofshit High tech cars suck. Literally and metaphorically. @Tesla is the only exception.", "likes_count": 0, "replies_count": 1, "retweets_count": 0, "hashtags": []}
{"id": 1363277188003360768, "date": "2021-02-20", "time": "18:59:44", "tweet": "@CawthornforNC You are a conservative, probably support trump, so you don't really have a leg to stand on here. You LOVED trump's entire family grifting for 4 years.  You supported having an ex-CEO of Halliburton as vice president, lol.  And smart people buy Tesla shares, that is nothing new.", "likes_count": 0, "replies_count": 0, "retweets_count": 0, "hashtags": []}
{"id": 1363277173746991106, "date": "2021-02-20", "time": "18:59:41", "tweet": "¿Paypal? ¿Tesla? ¿SpaceX? No, la mejor inversión que ha hecho Elon Musk fue en implantes capilares.  https://t.co/tzlEuiOB7C", "likes_count": 4, "replies_count": 0, "retweets_count": 0, "hashtags": []}
{"id": 1363277143409635331, "date": "2021-02-20", "time": "18:59:34", "tweet": "@Frandroid Le principal frein c'est qu'il faut mettre 100K euros pour avoir une voiture avec une batterie de 90-100kwh.  Ensuite, le réseau Ionity n'est pas assez étendus (les superchargers Tesla sont en dehors des autoroutes donc c'est non). En ville, aucunes recharges rapide. Max DC50.", "likes_count": 1, "replies_count": 0, "retweets_count": 0, "hashtags": []}
{"id": 1363277053877833731, "date": "2021-02-20", "time": "18:59:12", "tweet": "@Tesla @elonmusk Hi Elon, when will you start making electric ferries?", "likes_count": 0, "replies_count": 0, "retweets_count": 0, "hashtags": []}
{"id": 1363277031748882437, "date": "2021-02-20", "time": "18:59:07", "tweet": "Testamos a VÁLVULA DE TESLA até o LIMITE!  https://t.co/boTG9oFTiw", "likes_count": 0, "replies_count": 0, "retweets_count": 0, "hashtags": []}
{"id": 1363277030280863751, "date": "2021-02-20", "time": "18:59:07", "tweet": "@craigrthompson @deltasierrapapa @NaeimKhanjani @elonmusk @Tesla @TheTeslaLife @teslaownersSV british cars are right hand drive, charles is sat in shotgun. source: am british", "likes_count": 3, "replies_count": 0, "retweets_count": 0, "hashtags": []}
{"id": 1363277008558567424, "date": "2021-02-20", "time": "18:59:01", "tweet": "Elon Musk has always put everything behind whatever he works on.  PayPal, Tesla, SpaceX, Boring.... even Shorts Short.  #YOLO $BNGO will outperform $TSLA this year.", "likes_count": 29, "replies_count": 5, "retweets_count": 1, "hashtags": ["yolo"]}
{"id": 1363277004351696896, "date": "2021-02-20", "time": "18:59:00", "tweet": "@craigrthompson @deltasierrapapa @NaeimKhanjani @elonmusk @Tesla @TheTeslaLife @teslaownersSV He wishes it was driving itself #FSDBeta", "likes_count": 0, "replies_count": 0, "retweets_count": 0, "hashtags": ["fsdbeta"]}
{"id": 1363276919467356160, "date": "2021-02-20", "time": "18:58:40", "tweet": "@GIFsOnly4 @XdoominatorX @CarlbergElena @nypost @tedcruz @elonmusk @Tesla  https://t.co/nJQ1rNXLcM", "likes_count": 0, "replies_count": 1, "retweets_count": 0, "hashtags": []}
{"id": 1363276906292936707, "date": "2021-02-20", "time": "18:58:37", "tweet": "😲he got a tesla?? Awww❤❤❤  https://t.co/REoWvfMWaW", "likes_count": 0, "replies_count": 0, "retweets_count": 0, "hashtags": []}
