{"id": 1446988819635613700, "date": "2021-10-09", "time": "19:59:53", "tweet": "Elon Musk Suggests One Mean Tweet Prompted Tesla’s Move to Texas  https://t.co/AePpQNZhgT via @thedailybeast", "likes_count": 0, "replies_count": 0, "retweets_count": 0, "hashtags": []}
{"id": 1446988800710914054, "date": "2021-10-09", "time": "19:59:48", "tweet": "@Lee11167763 @balaskolaci @Tesla  https://t.co/fUrsdvYDg2", "likes_count": 2, "replies_count": 0, "retweets_count": 0, "hashtags": []}
{"id": 1446988781761056774, "date": "2021-10-09", "time": "19:59:43", "tweet": "@GenghisJon1 @SawyerMerritt @AustinTeslaClub @elonmusk There’s the hard part. Tesla doesn’t give too much advance notice.", "likes_count": 1, "replies_count": 0, "retweets_count": 0, "hashtags": []}
{"id": 1446988779353526274, "date": "2021-10-09", "time": "19:59:43", "tweet": "Costa Rica/ GUANACASTE es el lugar ideal para TESLA @Tesla @SpaceX @elonmusk", "likes_count": 0, "replies_count": 0, "retweets_count": 1, "hashtags": []}
{"id": 1446988763427590146, "date": "2021-10-09", "time": "19:59:39", "tweet": "@thewarontesla @MaritimeJared @TheSmokingTire Tesla is a public company, literally do a little googling and you'll find what Jared is referring to.   And no, I won't do the research for you. It's so easy, you can do it yourself.", "likes_count": 1, "replies_count": 0, "retweets_count": 0, "hashtags": []}
{"id": 1446988752577044489, "date": "2021-10-09", "time": "19:59:37", "tweet": "Black &amp; White #mache #tesla  https://t.co/F9jcTdypho", "likes_count": 2, "replies_count": 0, "retweets_count": 0, "hashtags": ["mache", "tesla"]}
{"id": 1446988734487011339, "date": "2021-10-09", "time": "19:59:32", "tweet": "@JohnCollins_KP WGAF about Tesla? Oh wait.  I do.  I had a car on order and I cancelled it when I heard about the move", "likes_count": 2, "replies_count": 2, "retweets_count": 0, "hashtags": []}
{"id": 1446988733249507329, "date": "2021-10-09", "time": "19:59:32", "tweet": "@elonmusk @SawyerMerritt @AustinTeslaClub Biggest Tesla owners haha fuck so much wrong", "likes_count": 0, "replies_count": 0, "retweets_count": 0, "hashtags": []}
{"id": 1446988727775940613, "date": "2021-10-09", "time": "19:59:31", "tweet": "@shibaa_token @elonmusk maybe he meant that tesla considers accepting payments with @shib  https://t.co/ReLdjLIoO1", "likes_count": 82, "replies_count": 8, "retweets_count": 9, "hashtags": []}
{"id": 1446988658268061698, "date": "2021-10-09", "time": "19:59:14", "tweet": "Why did Egyptian Ankn and Nikola Tesla Oscillator both had the  similar design???  https://t.co/XbQaNf8HKM", "likes_count": 457, "replies_count": 27, "retweets_count": 142, "hashtags": []}
{"id": 1446988622666813450, "date": "2021-10-09", "time": "19:59:06", "tweet": "getting rid of this bmw and getting a Tesla", "likes_count": 1, "replies_count": 0, "retweets_count": 0, "hashtags": []}
{"id": 1446988620318060544, "date": "2021-10-09", "time": "19:59:05", "tweet": "@Bb1Kehn @elonmusk @Tesla @adamhoov @TeslaTruckClub @Inelonwetrust__ @DimaZeniuk @ajtourville @TravelTeslaDad @Manic_Marge @Model3Owners Same", "likes_count": 2, "replies_count": 0, "retweets_count": 0, "hashtags": []}
{"id": 1446988597769428999, "date": "2021-10-09", "time": "19:59:00", "tweet": "Tesla, Quidel, Chubb and more  https://t.co/CB8BncLt1Y", "likes_count": 0, "replies_count": 0, "retweets_count": 0, "hashtags": []}
{"id": 1446988585702354947, "date": "2021-10-09", "time": "19:58:57", "tweet": "@flcnhvy It appears Nikola Tesla was the inspiration for Tesla, Inc. And well he should be. He was responsible for the alternating current electric grid we rely on. Thomas Edison, America's most prolific inventor, who founded General Electric, wanted to use direct current.", "likes_count": 3, "replies_count": 0, "retweets_count": 0, "hashtags": []}
{"id": 1446988556002488322, "date": "2021-10-09", "time": "19:58:50", "tweet": "Musk says Tesla hopes to build up to 10,000 vehicles a week at Berlin plant  https://t.co/LryeEhfrop", "likes_count": 0, "replies_count": 0, "retweets_count": 0, "hashtags": []}
{"id": 1446988538340249602, "date": "2021-10-09", "time": "19:58:45", "tweet": "@Real_Futurist @Tesla That sucks, but not surprising. So much disruption and good news for Tesla, the FUD funders are paying overtime.", "likes_count": 1, "replies_count": 0, "retweets_count": 0, "hashtags": []}
{"id": 1446988528223723524, "date": "2021-10-09", "time": "19:58:43", "tweet": "Industrialization will become independent with the speed &amp; growth of @Tesla theyre working from the inside-out very beloved that team", "likes_count": 0, "replies_count": 0, "retweets_count": 0, "hashtags": []}
{"id": 1446988502734761987, "date": "2021-10-09", "time": "19:58:37", "tweet": "@chicago_glenn @elonmusk @Tesla @adamhoov @TeslaTruckClub @Inelonwetrust__ @DimaZeniuk @ajtourville @TravelTeslaDad @Manic_Marge @Model3Owners I want to drive it already LOL", "likes_count": 2, "replies_count": 1, "retweets_count": 0, "hashtags": []}
{"id": 1446988500918734850, "date": "2021-10-09", "time": "19:58:37", "tweet": "maybe tesla cars are okay afterall…", "likes_count": 16, "replies_count": 0, "retweets_count": 0, "hashtags": []}
{"id": 1446988479188119554, "date": "2021-10-09", "time": "19:58:31", "tweet": "Thank God he is doing that.  But here is a problem that follows.  Travis County thinks they can Jack the appraisals of all properties near the Tesla Electric Truck plant now.  Why you might ask?  Appraisals have doubled.  Because they are near that plant?", "likes_count": 0, "replies_count": 0, "retweets_count": 0, "hashtags": []}
