{"id": 1429231843208044547, "date": "2021-08-21", "time": "19:59:59", "tweet": "@meryy_tesla 😂", "likes_count": 1, "replies_count": 1, "retweets_count": 0, "hashtags": []}
{"id": 1429231838845816833, "date": "2021-08-21", "time": "19:59:58", "tweet": "Returns since March 2020 lows:  Tesla: +690% Etsy: +477% Roku: +299% Nvidia: +275% Shopify: +245% Docusign: +243% PayPal: +226% Nike: +174% Apple: +169% Google: +162% Twitter: +158% Facebook: +148% Zoom: +120% Microsoft: +117% Disney: +108% Starbucks: +107%  S&amp;P 500: +100%", "likes_count": 0, "replies_count": 0, "retweets_count": 0, "hashtags": []}
{"id": 1429231824631443462, "date": "2021-08-21", "time": "19:59:55", "tweet": "@BERQlN Atlas takla atıyor şu anda. Bakalım Tesla Bot kaç kez ertelenecek.", "likes_count": 0, "replies_count": 0, "retweets_count": 0, "hashtags": []}
{"id": 1429231815550771208, "date": "2021-08-21", "time": "19:59:53", "tweet": "@meryy_tesla كاين.شي.ترحيب.ولا.نبشي.نعس", "likes_count": 0, "replies_count": 0, "retweets_count": 0, "hashtags": []}
{"id": 1429231811515887617, "date": "2021-08-21", "time": "19:59:52", "tweet": "@StellaCryptt @___jta @harsimranbansal @MLopice @PhysInHistory It's all a competition. All of it. Haven't you read Tesla's race to the filing of his patent? Tesla had the intelligence for the breakthroughs he gave us.", "likes_count": 1, "replies_count": 3, "retweets_count": 0, "hashtags": []}
{"id": 1429231799574548486, "date": "2021-08-21", "time": "19:59:49", "tweet": "@SHIBOVERLORD Depends. If shib gets to join Jeff basoz then it will move forward real fast. If dogecoin gets accepted by Tesla it will also move forward fast. Maybe be a tad more expensive than doge!. Give it a few years . Both will get their day just like Bitcoin, Tesla , litecoin. Time 👌🏻🙌🏻", "likes_count": 14, "replies_count": 0, "retweets_count": 2, "hashtags": []}
{"id": 1429231796189753347, "date": "2021-08-21", "time": "19:59:48", "tweet": "@ChristianMahler @truth_tesla @BotJunkie @elonmusk Inexplicable amnesia re Dennis Hong  ...who just weeks prior sent the first detailed Tesla AI day invite Tweet...", "likes_count": 1, "replies_count": 0, "retweets_count": 0, "hashtags": []}
{"id": 1429231764053106688, "date": "2021-08-21", "time": "19:59:41", "tweet": "@DominicGiambo @WholeMarsBlog @elonmusk Google has wayyyyy more AI expertise. Perhaps you can share where your stats are that Tesla has more \"AI\" experience because those have left the company has said they are clueless. In fact Tesla didn't even sign up this year to be on California's FSD list lol. What a moron.", "likes_count": 0, "replies_count": 0, "retweets_count": 0, "hashtags": []}
{"id": 1429231737419157507, "date": "2021-08-21", "time": "19:59:34", "tweet": "@CryptoGodJohn Buy a Tesla Powerwall bro, you’d still get electricity from them in case of power outages.", "likes_count": 3, "replies_count": 1, "retweets_count": 0, "hashtags": []}
{"id": 1429231724467261440, "date": "2021-08-21", "time": "19:59:31", "tweet": "@alex_avoigt Tesla's second half of 2021 is going to be mind-blowing. 2022 will be insane!", "likes_count": 13, "replies_count": 0, "retweets_count": 0, "hashtags": []}
{"id": 1429231677163909125, "date": "2021-08-21", "time": "19:59:20", "tweet": "@boringcompany Can anyone tell me, what is Tesla going to dig in Texas with Prufrock-2? Thank you.", "likes_count": 4, "replies_count": 5, "retweets_count": 1, "hashtags": []}
{"id": 1429231550395207683, "date": "2021-08-21", "time": "19:58:50", "tweet": "@Teslarati @KlenderJoey I am furious my delivery date changed 15 times as of this writing for my Tesla Model Y Long Range, oops 16 times now.  If Elon does not personally deliver it I will NOT cancel my order but continue to wait until it’s my turn.  😊 There is no better vehicle out there!!!", "likes_count": 3, "replies_count": 5, "retweets_count": 0, "hashtags": []}
{"id": 1429231546997698560, "date": "2021-08-21", "time": "19:58:49", "tweet": "@jeremyjudkins @28delayslater So as alternatives appeared they wanted to cover those too expanding from just Tesla and that's an issue? 🤷‍♂️", "likes_count": 0, "replies_count": 1, "retweets_count": 0, "hashtags": []}
{"id": 1429231526760304640, "date": "2021-08-21", "time": "19:58:44", "tweet": "@aahmad5394 @ranig @MatthewLennig @TroyTeslike  https://t.co/QkrN98YI4e Tesla gains 11B???? I don't think..... Shut up &amp; take a look to a real carmaker", "likes_count": 0, "replies_count": 1, "retweets_count": 0, "hashtags": []}
{"id": 1429231518963191812, "date": "2021-08-21", "time": "19:58:42", "tweet": "@ThatEricAlper Signs by Tesla", "likes_count": 0, "replies_count": 0, "retweets_count": 0, "hashtags": []}
{"id": 1429231469357064196, "date": "2021-08-21", "time": "19:58:30", "tweet": "@Tesla @elonmusk Could play the baby doge game on Tesla cars 🙏❤️🚀 @BabyDogeCoin", "likes_count": 0, "replies_count": 0, "retweets_count": 0, "hashtags": []}
{"id": 1429231427984531462, "date": "2021-08-21", "time": "19:58:20", "tweet": "@WholeMarsBlog Tesla has 8 eyes and never gets distracted. Humans have 2 eyes and constantly distracted. 🤷‍♂️", "likes_count": 2, "replies_count": 0, "retweets_count": 0, "hashtags": []}
{"id": 1429231423232245765, "date": "2021-08-21", "time": "19:58:19", "tweet": "Returns in the past year:  Dogecoin: +8,978% GameStop: +3,195% Binance Coin: +1,828% Cardano: +1,612% Ethereum: +633% AMC: +540% Moderna: +474% XRP: +293% Bitcoin: +284% GoPro: +263% Crocs: +254% Snapchat: +231% Roku: +137% BlackBerry: +96% Tesla: +80% Square: +72% Twitter: +65%", "likes_count": 0, "replies_count": 5, "retweets_count": 0, "hashtags": []}
{"id": 1429231402952937478, "date": "2021-08-21", "time": "19:58:14", "tweet": "@CardanoFeed @Tesla @elonmusk Hell ya", "likes_count": 0, "replies_count": 0, "retweets_count": 0, "hashtags": []}
{"id": 1429231384145563651, "date": "2021-08-21", "time": "19:58:10", "tweet": "@TeslaAIBot @WagnerMoll @Forbes @Tesla So what?", "likes_count": 0, "replies_count": 0, "retweets_count": 0, "hashtags": []}
