{"id": 1373424046168244228, "date": "2021-03-20", "time": "19:59:44", "tweet": "@NickHexum @pnut @elonmusk Nikola Tesla was printed on Serbian currency last I remember; also he's a cancer ♋️", "likes_count": 1, "replies_count": 0, "retweets_count": 0, "hashtags": []}
{"id": 1373424032238821378, "date": "2021-03-20", "time": "19:59:40", "tweet": "@Hotancold @Tesla You deserve it brotherrrr. Proud of you", "likes_count": 1, "replies_count": 0, "retweets_count": 0, "hashtags": []}
{"id": 1373423985430511624, "date": "2021-03-20", "time": "19:59:29", "tweet": "@farmer_average Not much of a bug guy but would love to have one of these. Right hand drive, Tesla power.                                                         https://t.co/WyRlq9FwWY", "likes_count": 2, "replies_count": 0, "retweets_count": 0, "hashtags": []}
{"id": 1373423928287195136, "date": "2021-03-20", "time": "19:59:16", "tweet": "@AndreasDagasan @daniburgz Tesla delivers their cars in the last half of the quarter so any kind of comparison based on January and February numbers is meaningless.  https://t.co/JJ3JX6fv34", "likes_count": 1, "replies_count": 2, "retweets_count": 0, "hashtags": []}
{"id": 1373423926668365827, "date": "2021-03-20", "time": "19:59:15", "tweet": "Will Elon Musk's Innovation Engine Keep The Party Going At #Tesla?  https://t.co/ICcW9EVkLR by @InsideEVs", "likes_count": 0, "replies_count": 0, "retweets_count": 0, "hashtags": ["tesla"]}
{"id": 1373423926093746176, "date": "2021-03-20", "time": "19:59:15", "tweet": "@GinoG01328427 @GerberKawasaki #tesla giga shanghai began making in december 2019, so it sent $tsla high in 2020. there are at least two more giga coming up, so $tslaq go figure for 2021 and 2022.", "likes_count": 0, "replies_count": 0, "retweets_count": 0, "hashtags": ["tesla"]}
{"id": 1373423924835418114, "date": "2021-03-20", "time": "19:59:15", "tweet": "If i had a dollar everytime I explained to someone that it wasn’t me they were talking to on jackd I could buy a  Tesla", "likes_count": 5, "replies_count": 1, "retweets_count": 0, "hashtags": []}
{"id": 1373423920427139075, "date": "2021-03-20", "time": "19:59:14", "tweet": "@bgalbs Ask whats the purpose of life! I need to know!! Are we living in a simulation? Should I buy gme? tesla? If not string theory then what???!!! Whats a Roth IRA??!! So many questions Id ask a wise teenageer If I had one around!!!", "likes_count": 1, "replies_count": 1, "retweets_count": 0, "hashtags": []}
{"id": 1373423898117701632, "date": "2021-03-20", "time": "19:59:08", "tweet": "@Tesla Dogecoin is the people’s currency. Please accept #Dogecoin as a payment method! #DoOnlyGoodEveryday", "likes_count": 1, "replies_count": 0, "retweets_count": 0, "hashtags": ["dogecoin", "doonlygoodeveryday"]}
{"id": 1373423876718227458, "date": "2021-03-20", "time": "19:59:03", "tweet": "@Yendar32 @NFTunion @withFND @elonmusk @NftBastards @SpaceX @Tesla @dogecoin Its Amazing 👌❤ I Would like to introduce my NFT \"HALLUCINATIONS\" on Foundation too. @NFTunion  ❤  https://t.co/mvi1jpWr4v  https://t.co/ma7I5IYxWh", "likes_count": 0, "replies_count": 0, "retweets_count": 0, "hashtags": []}
{"id": 1373423874847735816, "date": "2021-03-20", "time": "19:59:03", "tweet": "Tesla Secures Order For World's First 8,000-Ton Casting Machine!!!!!! 😀 🚗 🛠️ ⚙️ 🏗️ 🚙 🏭 ⚡️ 💰  https://t.co/MZvDxtZF7X  #Tesla #CyberTruck #ElonMusk", "likes_count": 0, "replies_count": 0, "retweets_count": 0, "hashtags": ["tesla", "cybertruck", "elonmusk"]}
{"id": 1373423872087781376, "date": "2021-03-20", "time": "19:59:02", "tweet": "Cathie Wood, Ark Funds Lay Out New $3,000 Price Target For Tesla Shares: What Investors Should Know  https://t.co/DPeduNIdgq", "likes_count": 0, "replies_count": 0, "retweets_count": 0, "hashtags": []}
{"id": 1373423810481844227, "date": "2021-03-20", "time": "19:58:48", "tweet": "@flyerandyp NHTSA only cares about Tesla LOL", "likes_count": 8, "replies_count": 0, "retweets_count": 0, "hashtags": []}
{"id": 1373423793608228869, "date": "2021-03-20", "time": "19:58:44", "tweet": "@chicago_glenn @elonmusk @Tesla I might be biased...  https://t.co/NoqKoHabkw", "likes_count": 3, "replies_count": 1, "retweets_count": 0, "hashtags": []}
{"id": 1373423736368603139, "date": "2021-03-20", "time": "19:58:30", "tweet": "Elon Musk denies Tesla cars are used for spying in China - The electric carmaker boss addresses reports of security concerns raised by China's military.  https://t.co/E1XTUOjNEl #Cheshire  https://t.co/Na4YS0aTyi", "likes_count": 0, "replies_count": 0, "retweets_count": 0, "hashtags": ["cheshire"]}
{"id": 1373423735609434115, "date": "2021-03-20", "time": "19:58:30", "tweet": "@AmbassadeChine Que pensez-vous de là Tesla Model 3?", "likes_count": 0, "replies_count": 0, "retweets_count": 0, "hashtags": []}
{"id": 1373423728474812418, "date": "2021-03-20", "time": "19:58:28", "tweet": "Breaking!!! @elonmusk TESLA MODEL P  https://t.co/wzzzPR5NZw", "likes_count": 0, "replies_count": 0, "retweets_count": 0, "hashtags": []}
{"id": 1373423710045155329, "date": "2021-03-20", "time": "19:58:24", "tweet": "@XpogchampX @ZainS180 @on_tesla @WholeMarsBlog Things Entitled pieces of shit say?", "likes_count": 0, "replies_count": 1, "retweets_count": 0, "hashtags": []}
{"id": 1373423699630690305, "date": "2021-03-20", "time": "19:58:21", "tweet": "MODERN-DAY-COWBOY-TESLA  https://t.co/d7YxZi4QYD", "likes_count": 0, "replies_count": 0, "retweets_count": 0, "hashtags": []}
{"id": 1373423665069580294, "date": "2021-03-20", "time": "19:58:13", "tweet": "@JustinC37516397 @Reuters Tesla has never been profitable except to cash in government energy credits.", "likes_count": 0, "replies_count": 0, "retweets_count": 0, "hashtags": []}
{"id": 1373423654361575427, "date": "2021-03-20", "time": "19:58:10", "tweet": "I'm discussing “⚡️TESLA 长线投资者漫聊” with @chen13gang, @cechentang, @hsumacher, @bigdragonbird, Daniel Ch, @xumba, @leixing77, Nick Li, Song Han, @bennywu45, and Tesla Universe. Today, Mar 20 at 21:00 EDT on @joinclubhouse. Join us!  https://t.co/ah94gA8CGQ", "likes_count": 0, "replies_count": 0, "retweets_count": 0, "hashtags": []}
{"id": 1373423651555573760, "date": "2021-03-20", "time": "19:58:10", "tweet": "@RebornCaz I didn't know about a tesla case??", "likes_count": 1, "replies_count": 2, "retweets_count": 0, "hashtags": []}
{"id": 1373423639320666113, "date": "2021-03-20", "time": "19:58:07", "tweet": "Pit toilet bear attack, Tesla spies, the world's worst professor, and when to not trend garbage. All on this week's show.  https://t.co/tMyfUKeT0G", "likes_count": 2, "replies_count": 0, "retweets_count": 0, "hashtags": []}
{"id": 1373423633545097217, "date": "2021-03-20", "time": "19:58:05", "tweet": "Why is it always the people in Tesla’s or nice cars that almost hit me, every time?", "likes_count": 1, "replies_count": 0, "retweets_count": 0, "hashtags": []}
{"id": 1373423605565026309, "date": "2021-03-20", "time": "19:57:59", "tweet": "@Keubiko Agree, and if we step back..... The original reason Tesla was getting into insurance was traditional insurers were raising premiums and it was becoming a negative with regard to TCO (total cost of ownership)", "likes_count": 0, "replies_count": 0, "retweets_count": 0, "hashtags": []}
{"id": 1373423564137902081, "date": "2021-03-20", "time": "19:57:49", "tweet": "This tiny car beat Tesla’s Model 3 as the best-selling EV in the world for January and February  https://t.co/1cEAtFJJ7l", "likes_count": 0, "replies_count": 0, "retweets_count": 0, "hashtags": []}
{"id": 1373423562321620992, "date": "2021-03-20", "time": "19:57:48", "tweet": "Elon Musk Denies Tesla Vehicles Used for Spying in China  https://t.co/XXD1qWjP2g  https://t.co/NPytVRGTe3", "likes_count": 0, "replies_count": 0, "retweets_count": 0, "hashtags": []}
{"id": 1373423462367199234, "date": "2021-03-20", "time": "19:57:25", "tweet": "@oide_oide_oides @NizmoMike @CrankGameplays You can call Tesla I beliehe and they’ll bring a car over and save u", "likes_count": 0, "replies_count": 1, "retweets_count": 0, "hashtags": []}
{"id": 1373423448266051592, "date": "2021-03-20", "time": "19:57:21", "tweet": "@LosNJ Mmm like a Tesla", "likes_count": 0, "replies_count": 1, "retweets_count": 0, "hashtags": []}
{"id": 1373423431836909570, "date": "2021-03-20", "time": "19:57:17", "tweet": "I want a Tesla", "likes_count": 0, "replies_count": 0, "retweets_count": 0, "hashtags": []}
{"id": 1373423402896125957, "date": "2021-03-20", "time": "19:57:10", "tweet": "@Hotancold @Tesla Now you can drive back to the house and turn off the oven", "likes_count": 26, "replies_count": 1, "retweets_count": 0, "hashtags": []}
{"id": 1373423401579257857, "date": "2021-03-20", "time": "19:57:10", "tweet": "Just jumped in front of a Tesla to see if it stopped on its own", "likes_count": 1, "replies_count": 0, "retweets_count": 0, "hashtags": []}
{"id": 1373423394310393857, "date": "2021-03-20", "time": "19:57:08", "tweet": "@kaptynmobility @LasVegasLocally Unless you are handicapped. Nothing Tesla or Tube is rigged for handicapped/disabled people.", "likes_count": 0, "replies_count": 1, "retweets_count": 0, "hashtags": []}
{"id": 1373423389587689475, "date": "2021-03-20", "time": "19:57:07", "tweet": "Russian Man Pleads Guilty in Thwarted Tesla Hack #Cybersecurity #security #ui   https://t.co/L3F1hLjgZG", "likes_count": 0, "replies_count": 0, "retweets_count": 0, "hashtags": ["cybersecurity", "security", "ui"]}
{"id": 1373423382297931778, "date": "2021-03-20", "time": "19:57:05", "tweet": "You have two other arterials to use: Fairfield and Pandora. Kids should have a safe bike route to school and you can tolerate a 30sec longer Tesla ride downtown.", "likes_count": 3, "replies_count": 1, "retweets_count": 0, "hashtags": []}
{"id": 1373423377856225284, "date": "2021-03-20", "time": "19:57:04", "tweet": "@Meter_IO TESLA?  Are you kidding me?  Why not Coke a Cola or maybe Apple?  Unbelievable.  What happens when we can harness and store electricity?  Does meter lose enormous value?  Watts and other coins and tokens tied to electricity were around.  Lost big bucks on Giga watt!", "likes_count": 0, "replies_count": 0, "retweets_count": 0, "hashtags": []}
{"id": 1373423350010191873, "date": "2021-03-20", "time": "19:56:58", "tweet": "I am really hoping that Tesla will cross $750 this week.", "likes_count": 0, "replies_count": 0, "retweets_count": 0, "hashtags": []}
{"id": 1373423339612426240, "date": "2021-03-20", "time": "19:56:55", "tweet": "@WR4NYGov @JimmyGooGoo @cakegrab @garyblack00 @Tesla The ARK model is based on widespread worldwide adoption (20% chance by their own bullish estimate in ‘25). A few states in America is nowhere near that or you’d be bullish on Waymo too, Warren. Love to be wrong on this but reg changes move slowly.", "likes_count": 0, "replies_count": 0, "retweets_count": 0, "hashtags": []}
{"id": 1373423326291443713, "date": "2021-03-20", "time": "19:56:52", "tweet": "@jjkilleentcu @RyWoodyMorrison @Tesla Does @maxhoma23 have your phone or something?", "likes_count": 0, "replies_count": 0, "retweets_count": 0, "hashtags": []}
{"id": 1373423312647434246, "date": "2021-03-20", "time": "19:56:49", "tweet": "i got a white tesla x for my bday  https://t.co/D5SdKgLsMy", "likes_count": 1, "replies_count": 1, "retweets_count": 0, "hashtags": []}
