{"id": 1388644377661214720, "date": "2021-05-01", "time": "19:59:54", "tweet": "@elonmusk @Tesla @NASA_Marshall 🤣🤣🤣🤣  https://t.co/ZDkUPyLMDf", "likes_count": 0, "replies_count": 0, "retweets_count": 0, "hashtags": []}
{"id": 1388644364864397314, "date": "2021-05-01", "time": "19:59:51", "tweet": "@elonmusk  I find the blinker too easily switches sides when just trying to switch it off. Can that sensitivity be modified in software? @Tesla", "likes_count": 1, "replies_count": 0, "retweets_count": 0, "hashtags": []}
{"id": 1388644310279667726, "date": "2021-05-01", "time": "19:59:37", "tweet": "@xblackdanx #quemestascontando que para que tu Tesla corra, tienes que hacer una actualización de 2000$ de software de mierda?  Acceso Root al sistema de Tesla YA! Jailbreak to Tesla", "likes_count": 0, "replies_count": 0, "retweets_count": 0, "hashtags": ["quemestascontando"]}
{"id": 1388644281586524161, "date": "2021-05-01", "time": "19:59:31", "tweet": "@_bennettm_ @elonmusk @Tesla Space ships for earth 🛸⚡️", "likes_count": 1, "replies_count": 0, "retweets_count": 0, "hashtags": []}
{"id": 1388644264238850052, "date": "2021-05-01", "time": "19:59:27", "tweet": "@CathieDWood All the talks on Autonomous Driving by the media and legacy automakers in the past were about LIDAR and Radar. Now articles from scientific/engineering magazines and research institutions are about Computer Vision for AD that Tesla is pioneering. FSD wins.", "likes_count": 15, "replies_count": 3, "retweets_count": 0, "hashtags": []}
{"id": 1388644254289911809, "date": "2021-05-01", "time": "19:59:24", "tweet": "@JohnnyTexasOG @ECFontana @egs2123 @Tesla That’s really nice", "likes_count": 0, "replies_count": 0, "retweets_count": 0, "hashtags": []}
{"id": 1388644246324867073, "date": "2021-05-01", "time": "19:59:22", "tweet": "@rymankoly @MinimalDuck @russ1mitchell He's obviously getting paid by Tesla in some way/form, just like Omar and the dozens of other 'we don't pay for marketing' influencers", "likes_count": 0, "replies_count": 0, "retweets_count": 0, "hashtags": []}
{"id": 1388644246010441730, "date": "2021-05-01", "time": "19:59:22", "tweet": "lmao bruh them tesla’s no joke.", "likes_count": 5, "replies_count": 0, "retweets_count": 0, "hashtags": []}
{"id": 1388644242277519363, "date": "2021-05-01", "time": "19:59:21", "tweet": "@lukaszwojtyca Tesla Model X", "likes_count": 0, "replies_count": 0, "retweets_count": 0, "hashtags": []}
{"id": 1388644232425054212, "date": "2021-05-01", "time": "19:59:19", "tweet": "Tesla goes   beyond the  usual understanding of decentralization.94440", "likes_count": 0, "replies_count": 0, "retweets_count": 0, "hashtags": []}
{"id": 1388644230600577024, "date": "2021-05-01", "time": "19:59:18", "tweet": "Tesla goes   beyond the  usual understanding of decentralization.94605", "likes_count": 0, "replies_count": 2, "retweets_count": 0, "hashtags": []}
{"id": 1388644228683780103, "date": "2021-05-01", "time": "19:59:18", "tweet": "Tesla goes   beyond the  usual understanding of decentralization.94724", "likes_count": 0, "replies_count": 0, "retweets_count": 0, "hashtags": []}
{"id": 1388644192188989440, "date": "2021-05-01", "time": "19:59:09", "tweet": "@elonmusk Saying predictions on #dogecoin.  ~Price worth &gt;$50 ~Real currency on the earth for the mankind ~well planned to accept #DOGE to buy #Tesla  🚀🚀🚀🚀🚀🚀🚀🚀🚀🚀🚀 #dogecoin  #DOGE #Dogefather #DogecoinToTheMoon  #dogearmy  #dogeusdt  #ElonMusk  https://t.co/XvsThtJrDb", "likes_count": 5, "replies_count": 0, "retweets_count": 1, "hashtags": ["dogecoin", "doge", "tesla", "dogecoin", "doge", "dogefather", "dogecointothemoon", "dogearmy", "dogeusdt", "elonmusk"]}
{"id": 1388644190561751040, "date": "2021-05-01", "time": "19:59:09", "tweet": "@elonmusk Tesla vs. Toyota!", "likes_count": 0, "replies_count": 0, "retweets_count": 0, "hashtags": []}
{"id": 1388644177995616263, "date": "2021-05-01", "time": "19:59:06", "tweet": "@elonmusk Maybe do an actual Tesla reveal in a skit just to throw people for a loop.", "likes_count": 0, "replies_count": 0, "retweets_count": 0, "hashtags": []}
{"id": 1388644139135291394, "date": "2021-05-01", "time": "19:58:57", "tweet": "@tesla_master You tried. Thats worth it!", "likes_count": 0, "replies_count": 0, "retweets_count": 0, "hashtags": []}
{"id": 1388644119996551169, "date": "2021-05-01", "time": "19:58:52", "tweet": "@FredWick7 @Ethprofit Time in the market beats timing the market. Imagine selling Amazon, Apple or Tesla too early..... You have one of the best assets available today. Unless you REALLY need the money I would just hodl.", "likes_count": 1, "replies_count": 0, "retweets_count": 0, "hashtags": []}
{"id": 1388644102963597312, "date": "2021-05-01", "time": "19:58:48", "tweet": "@elonmusk Self driving Tesla skit", "likes_count": 0, "replies_count": 0, "retweets_count": 0, "hashtags": []}
{"id": 1388644093828517895, "date": "2021-05-01", "time": "19:58:46", "tweet": "@elonmusk Simulating one of your tesla's spontaneously combusting", "likes_count": 0, "replies_count": 0, "retweets_count": 0, "hashtags": []}
{"id": 1388644090128965635, "date": "2021-05-01", "time": "19:58:45", "tweet": "@Adamklotz_ @elonmusk @Tesla it’s a literal space ship.", "likes_count": 1, "replies_count": 1, "retweets_count": 0, "hashtags": []}
