{"id": 1441915406948737026, "date": "2021-09-25", "time": "19:59:57", "tweet": "@MinimalDuck @elonmusk @Tesla Hard braking 42.0? Riiight 😂", "likes_count": 0, "replies_count": 0, "retweets_count": 0, "hashtags": []}
{"id": 1441915399210209284, "date": "2021-09-25", "time": "19:59:55", "tweet": "@Timepersonoftb1 @AustinTeslaClub @elonmusk @Tesla My thought too", "likes_count": 0, "replies_count": 1, "retweets_count": 0, "hashtags": []}
{"id": 1441915363143217152, "date": "2021-09-25", "time": "19:59:46", "tweet": "Hey Tesla peeps, where in the app is the driver rating section? I can't seem to locate it and Google play says I have the latest version with last update Sept 8", "likes_count": 14, "replies_count": 7, "retweets_count": 0, "hashtags": []}
{"id": 1441915315571486725, "date": "2021-09-25", "time": "19:59:35", "tweet": "Tesla drivers can now request Full Self-Driving Beta with the press of a button, despite safety concerns @CNBC.               Did ⁦⁦@elonmusk⁩ ever say if he himself used the driverless feature ?  https://t.co/p9cUy66PX6", "likes_count": 0, "replies_count": 0, "retweets_count": 0, "hashtags": []}
{"id": 1441915308059463685, "date": "2021-09-25", "time": "19:59:33", "tweet": "@kurt_nagl @Tesla @dethomecoming The most sensible statement I've heard from FOMOCO", "likes_count": 8, "replies_count": 0, "retweets_count": 0, "hashtags": []}
{"id": 1441915293928984583, "date": "2021-09-25", "time": "19:59:30", "tweet": "I think this Tesla company - what with its supply chain revolving around the Chinese Communist Party - might pose certain threats 🤔", "likes_count": 401, "replies_count": 24, "retweets_count": 145, "hashtags": []}
{"id": 1441915276321304579, "date": "2021-09-25", "time": "19:59:26", "tweet": "The struggle is real but worth the pain to get the Tesla FSD Beta button. 🥺🐢🚗❤️🖥️⏬  #Tesla #FSDBeta #FSD", "likes_count": 2, "replies_count": 0, "retweets_count": 0, "hashtags": ["tesla", "fsdbeta", "fsd"]}
{"id": 1441915272101834754, "date": "2021-09-25", "time": "19:59:25", "tweet": "Tesla builds an energy product offering that covers everything from energy production, with its solar products, to energy storage, with its Powerwall, to energy consumption, with its electric vehicles.  A perfect customer for the company would own all of those products", "likes_count": 1, "replies_count": 0, "retweets_count": 0, "hashtags": []}
{"id": 1441915212609638400, "date": "2021-09-25", "time": "19:59:10", "tweet": "MTG lies again, falsely claiming that Biden wants to make us slaves to Chinese communists because buying an electric car makes us dependent on Chinese batteries. She's so far us Trump's ass she hasn't read about the 5.5 MILLION sq ft Tesla electric battery GIGAPLANT near Reno NV.  https://t.co/CJliHk8Zb2", "likes_count": 0, "replies_count": 0, "retweets_count": 0, "hashtags": []}
{"id": 1441915195048087566, "date": "2021-09-25", "time": "19:59:06", "tweet": "Phone Super Scientist Tamara Tesla, quick!", "likes_count": 0, "replies_count": 0, "retweets_count": 0, "hashtags": []}
{"id": 1441915190686089218, "date": "2021-09-25", "time": "19:59:05", "tweet": "@elonmusk @SawyerMerritt @Tesla Elon please contact me. I have a gift for you. It will change the world. I have a patent. I don’t care about money.!", "likes_count": 0, "replies_count": 0, "retweets_count": 0, "hashtags": []}
{"id": 1441915181009752064, "date": "2021-09-25", "time": "19:59:03", "tweet": "@UnpluggedTesla @truth_tesla Waiting for this 🔥", "likes_count": 2, "replies_count": 0, "retweets_count": 0, "hashtags": []}
{"id": 1441915169639178242, "date": "2021-09-25", "time": "19:59:00", "tweet": "Tesla lived lands in the 1980s. ツكوِبّوِنٌـ‘ـُツ نمشــــىのnam141の_ سـيّـفـىْのPP79の فؤغـآ فؤقآ كـلؤسيتのDQOの نـونْのna5の ツخُصًمٌツツكؤد‘ـُツ PGNXAL", "likes_count": 0, "replies_count": 0, "retweets_count": 0, "hashtags": []}
{"id": 1441915165402882050, "date": "2021-09-25", "time": "19:58:59", "tweet": "@elonmusk @SawyerMerritt @Tesla #PEC 生态链 #Phoenix-Chain去中心化智能公链.可以支撑高性能交易（把ETH的TPS性能从底层性能上提高20-50倍）更快的基础上实现智能合约的兼容.PEC生态链原生数字资产为PEC.用来支付链上交易gas.据PEC生态链目前公布的路线2021.Q3阶段可以让开发者低成本开发.用户低门槛参与.将更大规模的商业应用与落地  https://t.co/8t8w8w60Ho", "likes_count": 4, "replies_count": 0, "retweets_count": 3, "hashtags": ["pec", "phoenix"]}
{"id": 1441915107265683456, "date": "2021-09-25", "time": "19:58:45", "tweet": "@AustinTeslaClub @elonmusk @Tesla A great way to unevenly wear out your tires", "likes_count": 0, "replies_count": 0, "retweets_count": 0, "hashtags": []}
{"id": 1441915084473724931, "date": "2021-09-25", "time": "19:58:40", "tweet": "Volk talking like he’s Tesla I love it lol  https://t.co/OhQzSJ15j7", "likes_count": 0, "replies_count": 0, "retweets_count": 0, "hashtags": []}
{"id": 1441915083328671747, "date": "2021-09-25", "time": "19:58:40", "tweet": "@YellowTesla @TesLatino @Tesla @TeslaClubSoFla Nice name! I named mine Tanngrisnir.  “Tanngrisnir and Tanngnjóstr are the goats who pull the god Thor's chariot in Norse mythology.”  https://t.co/XFu6iHvXL4", "likes_count": 1, "replies_count": 1, "retweets_count": 0, "hashtags": []}
{"id": 1441915068787019781, "date": "2021-09-25", "time": "19:58:36", "tweet": "Tesla owners driving safer than they ever have before because of the button. @elonmusk", "likes_count": 440, "replies_count": 25, "retweets_count": 20, "hashtags": []}
{"id": 1441915010049982470, "date": "2021-09-25", "time": "19:58:22", "tweet": "@elonmusk @SawyerMerritt @Tesla Any word on when we will get Starlink in Florida? Really need a high speed internet option.", "likes_count": 0, "replies_count": 0, "retweets_count": 0, "hashtags": []}
{"id": 1441915008326197253, "date": "2021-09-25", "time": "19:58:22", "tweet": "@MelisAslan__ Ne işi var Teknofestte Tayyip ve kopeklerinin organize ettigini bilmiyormusunuz? O zaman gelicek haftada ibo show'a da katilsin. Bilim adami Toplumu adinlatir ve asla bildiginden geri donmez. İktidar yalakaligi bakmaz. Bknz. Aleber Einstain ve Nicola Tesla", "likes_count": 0, "replies_count": 5, "retweets_count": 0, "hashtags": []}
