{"id": 1419084973999632388, "date": "2021-07-24", "time": "19:59:57", "tweet": "@EveryElonReply #Tesla @elonmusk everybody’s dream in the 70’s : you made it literally possible to mass produce.. *mic drop* epic sir ! 👍  https://t.co/aK4tB1AD6u", "likes_count": 2, "replies_count": 0, "retweets_count": 0, "hashtags": ["tesla"]}
{"id": 1419084964767977475, "date": "2021-07-24", "time": "19:59:55", "tweet": "Bach - Toccata, but with Tesla Coils  https://t.co/Eletxnno6V via @YouTube", "likes_count": 5, "replies_count": 0, "retweets_count": 2, "hashtags": []}
{"id": 1419084931054116868, "date": "2021-07-24", "time": "19:59:47", "tweet": "@shanmulligan @bobkallio @PedigerousH @ewarren In the entrepreneurship world, yep. You're utterly brainwashed by Twitter bs.   Once again. If we raise $250k, $500k, $750k, $1M for you, will you build the next Amazon, Facebook, Apple, Tesla, Oracle, LVMH, KFC, Starbucks, etc?", "likes_count": 0, "replies_count": 1, "retweets_count": 0, "hashtags": []}
{"id": 1419084879598391301, "date": "2021-07-24", "time": "19:59:35", "tweet": "@AdrianoinJapan @DogeArmy @elonmusk If Tesla accepts #Doge  can it wait until #Doge is past $2 a coin so then I can use a nice portion of my account to buy a Tesla and still have a nice wallet size after :)", "likes_count": 1, "replies_count": 0, "retweets_count": 0, "hashtags": ["doge", "doge"]}
{"id": 1419084831200264192, "date": "2021-07-24", "time": "19:59:23", "tweet": "@ICannot_Enough Compared to legacy OEMs, Tesla is a mature EV company.", "likes_count": 1, "replies_count": 3, "retweets_count": 0, "hashtags": []}
{"id": 1419084830877356034, "date": "2021-07-24", "time": "19:59:23", "tweet": "@recina790 \"Tesla je jedan od onih simbola...koji je doprinio izgradnji slobode hrvatskog i srpskog naroda u Austrougarskoj\" Srbija nije bila dio Austro-ugarske. I na kraju je Austro-ugarska zaratila sa tom Srbijom. A sad ispada da su Srbi bili ponosni stanovnici te države.", "likes_count": 1, "replies_count": 0, "retweets_count": 0, "hashtags": []}
{"id": 1419084800242208768, "date": "2021-07-24", "time": "19:59:16", "tweet": "Drag Race! Tesla Model Y vs. Shelby GT500 | EV vs. Muscle | 0-60 Performance &amp;amp More -  https://t.co/LQAMRcMg9z", "likes_count": 0, "replies_count": 0, "retweets_count": 0, "hashtags": []}
{"id": 1419084788137349120, "date": "2021-07-24", "time": "19:59:13", "tweet": "@jonasali @toresbe Her er det verken 240 eller Tesla 😂 men ingen mobbing av min kjære sitron picasso takk! 😋😂(har nok med kompisen min som har døpt den \"romskipet...\") 😂", "likes_count": 4, "replies_count": 0, "retweets_count": 0, "hashtags": []}
{"id": 1419084775109709824, "date": "2021-07-24", "time": "19:59:10", "tweet": "@TesLatino @Tesla @elonmusk They would need 5 more factories. 🚀", "likes_count": 1, "replies_count": 0, "retweets_count": 0, "hashtags": []}
{"id": 1419084741144240128, "date": "2021-07-24", "time": "19:59:02", "tweet": "Phone Super Scientist Tamara Tesla, quick!", "likes_count": 0, "replies_count": 0, "retweets_count": 0, "hashtags": []}
{"id": 1419084740674551808, "date": "2021-07-24", "time": "19:59:02", "tweet": "It costs $148 to replace the little power seat switch in a Tesla if your oversized teenager breaks it off.  He felt bad and offered to pay for it which means his dad paid for it. 😂  https://t.co/ZonAIoMniw", "likes_count": 5, "replies_count": 1, "retweets_count": 1, "hashtags": []}
{"id": 1419084739038703616, "date": "2021-07-24", "time": "19:59:01", "tweet": "@icarusfactor @Astroguyz @TaviGreiner @Tesla The question still boils down to how green is the electricity powering all those EV. Replacing internal combustion cars with EV that are powered with electricity made by, say, burning carbon is not much progress. Hopefully, that side of the equation is being worked on.", "likes_count": 1, "replies_count": 2, "retweets_count": 0, "hashtags": []}
{"id": 1419084726363643906, "date": "2021-07-24", "time": "19:58:58", "tweet": "@JEDI_Rose8 @caitoz @elonmusk @Tesla Yep. After being viewed as fantasy, suddenly TSLA is an existential threat to the mfgs. And they're retooling their own fleets to BEVs.   Whoever was 1st to market with a credible BEV was going to be a billionaire. So if there wasn't Elon to hate on, it would be somebody else.", "likes_count": 2, "replies_count": 0, "retweets_count": 0, "hashtags": []}
{"id": 1419084719086477312, "date": "2021-07-24", "time": "19:58:57", "tweet": "#tesla #teslamodel3 #recoveroo  https://t.co/t7f1kBrppe", "likes_count": 0, "replies_count": 0, "retweets_count": 0, "hashtags": ["tesla", "teslamodel3", "recoveroo"]}
{"id": 1419084712409059328, "date": "2021-07-24", "time": "19:58:55", "tweet": "@SentryOf @MarsmanQuansun @MustangMachE3 Much of the Tesla Twitter crowd when he was praising the Mach-E over the MY. You could hear their whiplash from here. 😁", "likes_count": 0, "replies_count": 0, "retweets_count": 0, "hashtags": []}
{"id": 1419084583325290497, "date": "2021-07-24", "time": "19:58:24", "tweet": "@Hartmut44054796 @pirandot Na ja, das alles sind Supercharger (grau = im Bau). Tesla bezieht, soweit ich weiß, keine Subventionen für Ladesäulen, so wie die meisten anderen Anbieter auch. Lediglich Ionity greift da richtig zu, die ironischerweise auch die höchsten kWh-Preise haben  https://t.co/dUZLnJUAh1", "likes_count": 0, "replies_count": 0, "retweets_count": 0, "hashtags": []}
{"id": 1419084531789860868, "date": "2021-07-24", "time": "19:58:12", "tweet": "@hamids @Tesla @elonmusk What Keith said!", "likes_count": 0, "replies_count": 0, "retweets_count": 0, "hashtags": []}
{"id": 1419084526706376705, "date": "2021-07-24", "time": "19:58:11", "tweet": "thank you george not for for giving me a tesla", "likes_count": 1, "replies_count": 0, "retweets_count": 0, "hashtags": []}
{"id": 1419084467516420096, "date": "2021-07-24", "time": "19:57:57", "tweet": "@BabyDogeCoin #BabyDogeCoin #ElonMusk #Tesla #BabyDogeArmy amazing 👏", "likes_count": 1, "replies_count": 1, "retweets_count": 1, "hashtags": ["babydogecoin", "elonmusk", "tesla", "babydogearmy"]}
{"id": 1419084424218484743, "date": "2021-07-24", "time": "19:57:46", "tweet": "@52kskew Elon Musk thanking his stars Tesla doesn't have to take an L on those earnings report Monday.", "likes_count": 1, "replies_count": 0, "retweets_count": 0, "hashtags": []}
