{"id": 1393717827358576640, "date": "2021-05-15", "time": "19:59:58", "tweet": "To me, this prediction is the best way to look at $TSLA. Go line by line and think at an atomic level and ask if it is possible for rocket man, Elon Musk and the Team Tesla to accomplish this by 2030? It projects $29,166 per share by 12/31/2030. Invest at your own risk.  https://t.co/fpXoqRyJBc", "likes_count": 71, "replies_count": 9, "retweets_count": 10, "hashtags": []}
{"id": 1393717824963502082, "date": "2021-05-15", "time": "19:59:58", "tweet": "@Kargo701 @shivering_moon @ericrihlmann @Tesla Lmao", "likes_count": 0, "replies_count": 0, "retweets_count": 0, "hashtags": []}
{"id": 1393717772476207107, "date": "2021-05-15", "time": "19:59:45", "tweet": "Deixar registrado que um diria terei um tesla", "likes_count": 0, "replies_count": 0, "retweets_count": 0, "hashtags": []}
{"id": 1393717765920280578, "date": "2021-05-15", "time": "19:59:44", "tweet": "@TheBlakeCheck @Tesla Flipped the rims out already. Looks dope", "likes_count": 1, "replies_count": 1, "retweets_count": 0, "hashtags": []}
{"id": 1393717744101593088, "date": "2021-05-15", "time": "19:59:38", "tweet": "@elonmusk No.  Tesla should accept ethereum payments instead", "likes_count": 0, "replies_count": 0, "retweets_count": 0, "hashtags": []}
{"id": 1393717699738574852, "date": "2021-05-15", "time": "19:59:28", "tweet": "@stateofbrandon @SeasonalYeti @DanPriceSeattle Maybe the real question is how to prevent the corruption of people that understand this; then prevent others from bringing superior ideas to market?  I.E. Tesla?  Not the @elonmusk kind.", "likes_count": 0, "replies_count": 0, "retweets_count": 0, "hashtags": []}
{"id": 1393717664925720578, "date": "2021-05-15", "time": "19:59:19", "tweet": "Can American dad, 2020 Tesla give the key to his son?  Is justice there?  From Endo", "likes_count": 1, "replies_count": 0, "retweets_count": 0, "hashtags": []}
{"id": 1393717649817980932, "date": "2021-05-15", "time": "19:59:16", "tweet": "@SpaceX TESLA SHOULD ACCEPT DOGE", "likes_count": 5, "replies_count": 0, "retweets_count": 0, "hashtags": []}
{"id": 1393717645015404545, "date": "2021-05-15", "time": "19:59:15", "tweet": "@ClaireMusk @JCOviedo6 Isn't this Omar who shits on anything not Tesla?", "likes_count": 0, "replies_count": 0, "retweets_count": 0, "hashtags": []}
{"id": 1393717633946578944, "date": "2021-05-15", "time": "19:59:12", "tweet": "@cr2fted Tesla", "likes_count": 0, "replies_count": 0, "retweets_count": 0, "hashtags": []}
{"id": 1393717614963306508, "date": "2021-05-15", "time": "19:59:08", "tweet": "Tesla #acceptdoge", "likes_count": 0, "replies_count": 0, "retweets_count": 0, "hashtags": ["acceptdoge"]}
{"id": 1393717536106024960, "date": "2021-05-15", "time": "19:58:49", "tweet": "@tesla_stock_ @ariake 님이나 사이버불링을 멈춰주세요...  갓한민국 서울수도권에 사는 고소득층 재벌갑부 장인목수에 비해 좆본 지방 촌동네 산구석에 있는 좆소 공장에서 땀흘려가며 하루하루 살아가는 2등신민 부모님 억장 무너지는 소리가 현해탄 너머에까지 들리는 무경력 신졸입니다", "likes_count": 0, "replies_count": 0, "retweets_count": 0, "hashtags": []}
{"id": 1393717529344765955, "date": "2021-05-15", "time": "19:58:47", "tweet": "@abrahamcrypt0 You clearly have no moral compass, if you can't tell the difference between BTC and ETH on the one hand, and between Tesla and Toyota on the other.", "likes_count": 0, "replies_count": 1, "retweets_count": 0, "hashtags": []}
{"id": 1393717528883564548, "date": "2021-05-15", "time": "19:58:47", "tweet": "@SQLBrethen Go for Tesla", "likes_count": 0, "replies_count": 0, "retweets_count": 0, "hashtags": []}
{"id": 1393717507274461184, "date": "2021-05-15", "time": "19:58:42", "tweet": "What a fun week it's been...  For signals and serious advice, join the discord -  https://t.co/GedcKNKAdn  #bitcoin #btc #ethereum #eth #dogecoin #doge  #cryptocurrency #ElonMusk #ADA #CryptoNews #Binance #Coinbase #Tesla #ShibaCoin #MeddlingMusk  https://t.co/emEhVH5eLK", "likes_count": 2, "replies_count": 0, "retweets_count": 1, "hashtags": ["bitcoin", "btc", "ethereum", "eth", "dogecoin", "doge", "cryptocurrency", "elonmusk", "ada", "cryptonews", "binance", "coinbase", "tesla", "shibacoin", "meddlingmusk"]}
{"id": 1393717489406816257, "date": "2021-05-15", "time": "19:58:38", "tweet": "@BillyM2k WE SHOULD MAKE A #DOGEWAGON 🚘 LITERALLY.. LETS MAKE IT HAPPEN @Tesla &amp; @elonmusk &amp; @MattWallace888", "likes_count": 4, "replies_count": 0, "retweets_count": 0, "hashtags": ["dogewagon"]}
{"id": 1393717475494092802, "date": "2021-05-15", "time": "19:58:34", "tweet": "Damn do I want a Tesla ?!? 🤔", "likes_count": 0, "replies_count": 0, "retweets_count": 0, "hashtags": []}
{"id": 1393717473292259328, "date": "2021-05-15", "time": "19:58:34", "tweet": "@WOODTV So we need to ban Tesla?  Or is this an assault Tesla?", "likes_count": 0, "replies_count": 0, "retweets_count": 0, "hashtags": []}
{"id": 1393717462957379587, "date": "2021-05-15", "time": "19:58:31", "tweet": "Tesla is bringing new Roadster prototype on rare outing ahead of new release candidate coming - Electrek  https://t.co/VF5En3fJGl #itwillbemine", "likes_count": 0, "replies_count": 0, "retweets_count": 0, "hashtags": ["itwillbemine"]}
{"id": 1393717428564201475, "date": "2021-05-15", "time": "19:58:23", "tweet": "@maxkeiser This was published in 2014😂😂 the desperation to take Tesla down is out of control.", "likes_count": 2, "replies_count": 1, "retweets_count": 0, "hashtags": []}
{"id": 1393717385023168512, "date": "2021-05-15", "time": "19:58:13", "tweet": "Bitcoin Price Drops After Report Binance Under US Probe, Tesla Fallout  https://t.co/iFhqRrrxii", "likes_count": 0, "replies_count": 0, "retweets_count": 0, "hashtags": []}
{"id": 1393717383219621888, "date": "2021-05-15", "time": "19:58:12", "tweet": "@TimerOlde @GoingParabolic @elonmusk @Tesla @michael_saylor Let me be clear. I have no idea what I’m talking about, I just mean from reading from what that tweet says", "likes_count": 0, "replies_count": 0, "retweets_count": 0, "hashtags": []}
{"id": 1393717321424834560, "date": "2021-05-15", "time": "19:57:58", "tweet": "@elonmusk @dogecoin @DogecoinRise @itsALLrisky @nfk_nfk_nfk @Tesla #DoOnlyGoodEveryday Elon, will the Cybertruck/Wolverine be released in Europe? time line?  i want one so bad.  also i need Doge to goto $50 up as i got to start buying doge from scratch again to afford one. thanx", "likes_count": 0, "replies_count": 0, "retweets_count": 0, "hashtags": ["doonlygoodeveryday"]}
{"id": 1393717298037510145, "date": "2021-05-15", "time": "19:57:52", "tweet": "@MinimalDuck @elonmusk @Tesla 🤣", "likes_count": 1, "replies_count": 0, "retweets_count": 0, "hashtags": []}
{"id": 1393717285643329537, "date": "2021-05-15", "time": "19:57:49", "tweet": "Tesla Cybertruck spotted in NYC! 🏎  People are a lot more split on this car than I though - Do you love it or hate it? 🤔  https://t.co/b1vYkEd9VK", "likes_count": 1030, "replies_count": 46, "retweets_count": 25, "hashtags": []}
{"id": 1393717269306527750, "date": "2021-05-15", "time": "19:57:45", "tweet": "@SawyerMerritt Sounds like tesla is faster than audi. 7 months and waiting. You could grow a human in that time.", "likes_count": 0, "replies_count": 0, "retweets_count": 0, "hashtags": []}
{"id": 1393717265162391556, "date": "2021-05-15", "time": "19:57:44", "tweet": "@MinimalDuck @elonmusk @Tesla So Emeryville huh!", "likes_count": 1, "replies_count": 0, "retweets_count": 0, "hashtags": []}
{"id": 1393717262104899588, "date": "2021-05-15", "time": "19:57:43", "tweet": "Y asi @elonmusk #ElonMusk @Tesla hablan del impacto que tiene #Bitcoin sobre el calentamiento global. #NoAsiNo   https://t.co/vhJ3Bh8D1c  https://t.co/MFz6et4RMi", "likes_count": 0, "replies_count": 0, "retweets_count": 0, "hashtags": ["elonmusk", "bitcoin", "noasino"]}
{"id": 1393717261173760004, "date": "2021-05-15", "time": "19:57:43", "tweet": "When Elon announces you can purchase Tesla’s with doge, how many here thinks this will rocket to over 2$? #AcceptDOGE", "likes_count": 0, "replies_count": 0, "retweets_count": 0, "hashtags": ["acceptdoge"]}
{"id": 1393717237672935424, "date": "2021-05-15", "time": "19:57:38", "tweet": "Question to @elonmusk  #tesla will no longer accept #Bitcoin that you said in the tweet was it probably because soon @Tesla will accept #dogecoin? #AcceptDOGE #Doge4Tesla  #crypto #DogecoinToTheMoon  #dogearmy $DOGE", "likes_count": 2, "replies_count": 0, "retweets_count": 0, "hashtags": ["tesla", "bitcoin", "dogecoin", "acceptdoge", "doge4tesla", "crypto", "dogecointothemoon", "dogearmy"]}
{"id": 1393717235043082240, "date": "2021-05-15", "time": "19:57:37", "tweet": "@DanielBleakley @sir_alex52 @Tesla Amazing work Dan. Hope people understand how they’ve been succeeded.", "likes_count": 2, "replies_count": 1, "retweets_count": 0, "hashtags": []}
{"id": 1393717228059594752, "date": "2021-05-15", "time": "19:57:35", "tweet": "@stevenmarkryan It wasn’t a well-planned poll, tbh. A Tesla coin would have different impacts on different types of existing projects. Some may be unaffected and others devastated.", "likes_count": 1, "replies_count": 0, "retweets_count": 0, "hashtags": []}
{"id": 1393717227468333056, "date": "2021-05-15", "time": "19:57:35", "tweet": "my hot wheels collection probably worth a tesla now, where tf are they", "likes_count": 0, "replies_count": 0, "retweets_count": 0, "hashtags": []}
{"id": 1393717218681057284, "date": "2021-05-15", "time": "19:57:33", "tweet": "@GoHerping Shouldn't have trusted Tesla", "likes_count": 0, "replies_count": 1, "retweets_count": 0, "hashtags": []}
{"id": 1393717196199579648, "date": "2021-05-15", "time": "19:57:28", "tweet": "@Suburbanbella if the payment model would change (n we have to change it) things will be way better. yeah the funds get shifted more towards primary care n the specialists aren't going to like that but it's not like they need their Tesla S... their BMW will have to suffice", "likes_count": 1, "replies_count": 1, "retweets_count": 0, "hashtags": []}
{"id": 1393717168492134407, "date": "2021-05-15", "time": "19:57:21", "tweet": "Not gonna lie to you all. That Tesla truck looking fucking awesome. Lol", "likes_count": 1, "replies_count": 0, "retweets_count": 0, "hashtags": []}
{"id": 1393717166554312705, "date": "2021-05-15", "time": "19:57:21", "tweet": "@TeslaGong @UOW @Tesla @elonmusk @Electric_PC @sdipietr @sydney_ev @TeslaStraya @DrSallyL @_TeslaTom @PhantomLaneFour Haha", "likes_count": 0, "replies_count": 0, "retweets_count": 0, "hashtags": []}
{"id": 1393717119771099139, "date": "2021-05-15", "time": "19:57:10", "tweet": "#AcceptDOGE @elonmusk @amazon @SlimJim @Tesla nows the time! What do you say? We are all here listening!!!!??? We the #dogepeople want to buy with #dogecoin!!  #dogecoin #doge #AcceptDOGE #Dogecoinarmy #dogearmy #dogetothemoon #dogestrong #DogeTesla  https://t.co/xS8KRQGKK1", "likes_count": 3, "replies_count": 0, "retweets_count": 2, "hashtags": ["acceptdoge", "dogepeople", "dogecoin", "dogecoin", "doge", "acceptdoge", "dogecoinarmy", "dogearmy", "dogetothemoon", "dogestrong", "dogetesla"]}
{"id": 1393717104646533128, "date": "2021-05-15", "time": "19:57:06", "tweet": "The driver of a Tesla that was involved in a fatal car crash outside of L.A. reportedly posted videos on social media of him using the Autopilot feature without his hands on the wheel or foot on the pedal according to California highway officials.  https://t.co/s6VJBuy98j", "likes_count": 11, "replies_count": 0, "retweets_count": 6, "hashtags": []}
{"id": 1393717093900689412, "date": "2021-05-15", "time": "19:57:03", "tweet": "@Cointelegraph @Tesla Who cares? I love Elon! Elon is right. Let's go for 100% sustainable energy as soon as possible.", "likes_count": 0, "replies_count": 0, "retweets_count": 0, "hashtags": []}
