{"id": 1368350677131530241, "date": "2021-03-06", "time": "18:59:58", "tweet": "@greentheonly Thanks for the great review. But a car that is only good for driving within your own city seems like the original EV deal-breaker that Tesla had to solve in order to take EVs mainstream.", "likes_count": 1, "replies_count": 1, "retweets_count": 0, "hashtags": []}
{"id": 1368350675344691201, "date": "2021-03-06", "time": "18:59:58", "tweet": "@Jason Because that’s $40k and Tesla’s are a PITA to repair", "likes_count": 0, "replies_count": 0, "retweets_count": 0, "hashtags": []}
{"id": 1368350654192889866, "date": "2021-03-06", "time": "18:59:53", "tweet": "@tesla_raj @teslaownersSV @elonmusk Epic 🙌", "likes_count": 0, "replies_count": 0, "retweets_count": 0, "hashtags": []}
{"id": 1368350652808765442, "date": "2021-03-06", "time": "18:59:53", "tweet": "@elonmusk @westcoastbill I’ll be getting some Tesla stock since it is cheaper now", "likes_count": 0, "replies_count": 1, "retweets_count": 0, "hashtags": []}
{"id": 1368350629073096704, "date": "2021-03-06", "time": "18:59:47", "tweet": "@stevenmarkryan What do you think Tesla's P/E ratio will be in 10-15 years right before Elon leaves CEO position?", "likes_count": 0, "replies_count": 0, "retweets_count": 0, "hashtags": []}
{"id": 1368350611658313728, "date": "2021-03-06", "time": "18:59:43", "tweet": "Tesla、自前SNSを開設　脱炭素へ政治的行動呼びかけ (日本経済新聞) #NewsPicks  https://t.co/dDqFRv3XwQ", "likes_count": 2, "replies_count": 0, "retweets_count": 0, "hashtags": ["newspicks"]}
{"id": 1368350600933613569, "date": "2021-03-06", "time": "18:59:40", "tweet": "I'd never own a tesla cuz u can't straight pipe it", "likes_count": 1, "replies_count": 0, "retweets_count": 0, "hashtags": []}
{"id": 1368350581023121408, "date": "2021-03-06", "time": "18:59:35", "tweet": "@terjeholden @omedyentral @stevenmarkryan @Tesla Sure, lots of great knowledge, which includes some that applies specifically to Teslas.  I'm just saying, ownership in and of itself does not necessarily make someone an expert in anything.  Many I'm sure are enthusiasts &amp; owners &amp; may study up on the underlying tech, YMMV. ;)", "likes_count": 1, "replies_count": 1, "retweets_count": 0, "hashtags": []}
{"id": 1368350576501649414, "date": "2021-03-06", "time": "18:59:34", "tweet": "“The Tesla Inc. chief executive officer lost $27 billion since Monday as shares of the automaker tumbled in the selloff of tech stocks. His $156.9 billion net worth still places him No. 2 on the Bloomberg Billionaires Index, but he’s now almost $20 billion behind Jeff Bezos.”••", "likes_count": 0, "replies_count": 0, "retweets_count": 0, "hashtags": []}
{"id": 1368350560840085509, "date": "2021-03-06", "time": "18:59:31", "tweet": "Tesla市值4周蒸發近1.8萬億　馬斯克身家大縮水  最短癮的首富    https://t.co/SzPCfsEKo2", "likes_count": 0, "replies_count": 0, "retweets_count": 0, "hashtags": []}
{"id": 1368350559728791556, "date": "2021-03-06", "time": "18:59:30", "tweet": "Bitcoin nerves, Tesla told to dump crypto, NFT madness: Hodler’s Digest, Feb. 28–March 6 - Cointelegraph via BTCnews for iOS  https://t.co/wZbxlX6gTZ", "likes_count": 0, "replies_count": 0, "retweets_count": 0, "hashtags": []}
{"id": 1368350553856704517, "date": "2021-03-06", "time": "18:59:29", "tweet": "Tesla Doubling Full Self-Driving (FSD) Beta Testers Now, 10x Increase Soon  https://t.co/CXVGGpzWoe via @insideevs.com", "likes_count": 26, "replies_count": 0, "retweets_count": 5, "hashtags": []}
{"id": 1368350548601274368, "date": "2021-03-06", "time": "18:59:28", "tweet": "@jsnover I don’t think this is that uncommon. My cousins wife did it twelve years ago on the way to the hospital. So agreed a bit silly to credit Tesla in this.", "likes_count": 1, "replies_count": 0, "retweets_count": 0, "hashtags": []}
{"id": 1368350495090356224, "date": "2021-03-06", "time": "18:59:15", "tweet": "@_PineappleJonez Lmao yeo this! I don’t want a minivan ever. I will get that 7 seater Tesla and keep it pushing 😂", "likes_count": 1, "replies_count": 0, "retweets_count": 0, "hashtags": []}
{"id": 1368350446251880449, "date": "2021-03-06", "time": "18:59:03", "tweet": "@mitchell219 @Tesla @elonmusk but did you buy it with Bitcoin?!?", "likes_count": 1, "replies_count": 1, "retweets_count": 0, "hashtags": []}
