{"id": 1078440259732623361, "date": "2018-12-27", "time": "18:59:29", "tweet": "@TatsumakiHokage @KuroganeHammer The point is that it makes something easier that anyone can practice and do consistently, at the expense of making an equally if not more important input impossible. It’s not a matter of opinion, it literally takes away an option", "likes_count": 0, "replies_count": 0, "retweets_count": 0, "hashtags": []}
{"id": 1078440240401010688, "date": "2018-12-27", "time": "18:59:24", "tweet": "@PatMcAfeeShow reading you will be making your broadcasting debut for the Nfl. Congrats to you. Couldn’t be happier to have you be a part of the @packers game. Finally some good input on the game.", "likes_count": 0, "replies_count": 0, "retweets_count": 0, "hashtags": []}
{"id": 1078440142937960450, "date": "2018-12-27", "time": "18:59:01", "tweet": "@bogcandy I used to do the same, but with Tumblr's new crackdown I've been considering moving a lot of shorter pieces to AO3 and changing my posting habits ... which has once again brought me to this conundrum ... Thanks for your input &lt;3", "likes_count": 1, "replies_count": 1, "retweets_count": 0, "hashtags": []}
{"id": 1078439659213123584, "date": "2018-12-27", "time": "18:57:05", "tweet": "The answer is not for Facebook to do a better job at moderating. We need networks that are local to the communities where they are being used and enable input into governance by the people who use  them.", "likes_count": 10, "replies_count": 1, "retweets_count": 6, "hashtags": []}
{"id": 1078439629064417282, "date": "2018-12-27", "time": "18:56:58", "tweet": "@AphexArcade The buffer system sucks for players like me, its like a built in input lag lol", "likes_count": 24, "replies_count": 2, "retweets_count": 0, "hashtags": []}
{"id": 1078439501062561792, "date": "2018-12-27", "time": "18:56:28", "tweet": "Really enjoying the input from @copes9 especially with the mechanics of bowling.....wish they’d stop interrupting with switching back to the live play 😀👍🏼🏏 #AusvInd", "likes_count": 5, "replies_count": 1, "retweets_count": 1, "hashtags": ["ausvind"]}
{"id": 1078439326520872961, "date": "2018-12-27", "time": "18:55:46", "tweet": "@enjin setting focus on search input forces inadvertent page scroll, confusing. iOS 12.1.2 Safari , iPhone X  https://t.co/BIShDrUDGO", "likes_count": 0, "replies_count": 0, "retweets_count": 0, "hashtags": []}
{"id": 1078439154839625730, "date": "2018-12-27", "time": "18:55:05", "tweet": "I liked a @YouTube video  https://t.co/kTCXrRB2iC NEW INPUT SYSTEM in Unity", "likes_count": 0, "replies_count": 0, "retweets_count": 0, "hashtags": []}
{"id": 1078439012141092864, "date": "2018-12-27", "time": "18:54:31", "tweet": "@pzj_1873 It’s not perfect mate, I’m just trying to be rational about it....... I’d say our anger is being directed at wrong person as doubt the slo would have any real say or input into the discussion! It’s just another example of how the clubs various depts are rather shambolic", "likes_count": 0, "replies_count": 1, "retweets_count": 0, "hashtags": []}
{"id": 1078438780376252416, "date": "2018-12-27", "time": "18:53:36", "tweet": "@james_moore44 @julieenaomii Bitch who tf was talking to you????? no one asked for your input. Take ya 2 cents with y’all on the way out my mentions", "likes_count": 9, "replies_count": 0, "retweets_count": 2, "hashtags": []}
{"id": 1078438720146149376, "date": "2018-12-27", "time": "18:53:21", "tweet": "@ruygrocks Heb je nog voorkeuren qua koddige anekdotes? Bepaald thema? Wil graag gerichte input geven, waar je echt iets mee kunt, weetjewel.. 🤡", "likes_count": 1, "replies_count": 0, "retweets_count": 0, "hashtags": []}
{"id": 1078438705046700034, "date": "2018-12-27", "time": "18:53:18", "tweet": "@realJensenSpill I’m not making a decision just getting input from my peers", "likes_count": 4, "replies_count": 1, "retweets_count": 0, "hashtags": []}
{"id": 1078438592270090240, "date": "2018-12-27", "time": "18:52:51", "tweet": "@InspiringU2 Omg. As much as I LOVE and respect them - both - I just can't see it again. I think it's clear what they've done to Hillary, they'll never stop, and sadly Biden is just too old. I'm sure their input would be welcome but can't we have some fresh vision?", "likes_count": 0, "replies_count": 0, "retweets_count": 0, "hashtags": []}
{"id": 1078438539703009280, "date": "2018-12-27", "time": "18:52:38", "tweet": "@aydan @GhostAydansDad I get massive input delay using wired to a PC why????", "likes_count": 0, "replies_count": 0, "retweets_count": 0, "hashtags": []}
{"id": 1078438348753121280, "date": "2018-12-27", "time": "18:51:53", "tweet": "I think I’ve figured out how these transmitters work. I need to re-route the input signals so the transmitter can be accessed remotely, but it’ll take some time.", "likes_count": 11, "replies_count": 1, "retweets_count": 1, "hashtags": []}
{"id": 1078438312426201089, "date": "2018-12-27", "time": "18:51:44", "tweet": "@HazelCricket the window increasing causes a lot of accidental inputs, some of them cant be considered the players fault at all, and the ones that are the players fault are still the fault of the game for teaching them how to input in previous iterations, only for this one to be different", "likes_count": 0, "replies_count": 0, "retweets_count": 0, "hashtags": []}
{"id": 1078438204011737088, "date": "2018-12-27", "time": "18:51:18", "tweet": "Discrete Event Simulation (DES) by BMT    https://t.co/AuzyXyiZTX  Through generous #probono input, Project Thunderbird hit a #turningpoint in 2016.  Watch Aidan Depetro’s #presentation #trailer:  https://t.co/tTaAjEW3Lj  #tr4aa #nopla #pl4aa #hemspressurised #proprotoraeromed", "likes_count": 2, "replies_count": 0, "retweets_count": 2, "hashtags": ["probono", "turningpoint", "presentation", "trailer", "tr4aa", "nopla", "pl4aa", "hemspressurised", "proprotoraeromed"]}
{"id": 1078438191814901761, "date": "2018-12-27", "time": "18:51:15", "tweet": "@KatarinaDerrick @Slater_Hater @_jessnicole24 please put your input", "likes_count": 0, "replies_count": 2, "retweets_count": 0, "hashtags": []}
{"id": 1078437952144007169, "date": "2018-12-27", "time": "18:50:18", "tweet": "@IndieRamblings It's very easy to set up within 10 mins, if you're adding them through OBS then you just make a browser source and input the widget URL, also I have pots and food, I'm good.", "likes_count": 0, "replies_count": 1, "retweets_count": 0, "hashtags": []}
{"id": 1078437547473158144, "date": "2018-12-27", "time": "18:48:42", "tweet": "@CharmaineTT @888Girl @liquorbox_ @solutions_live @ump21 @billshortenmp @AustralianLabor Either do we, our neighbors are the same, it’s ridiculous, thanks for your input, much appreciated,", "likes_count": 0, "replies_count": 1, "retweets_count": 0, "hashtags": []}
{"id": 1078437188566700032, "date": "2018-12-27", "time": "18:47:16", "tweet": "I Have a Great New Project I am working on and looking for input! 2019 live event Industry Podcast.  I am trying to come up with a Show Title. show will revolve around live events/performance Industry in and around St. Louis. live interview with performers and the technical folks", "likes_count": 0, "replies_count": 1, "retweets_count": 0, "hashtags": []}
{"id": 1078436814636179456, "date": "2018-12-27", "time": "18:45:47", "tweet": "@__dky Invalid input", "likes_count": 0, "replies_count": 0, "retweets_count": 0, "hashtags": []}
{"id": 1078436672193351682, "date": "2018-12-27", "time": "18:45:13", "tweet": "@CPTSKIM @HeyItsKITAMURA @StarTsurugi think lowering my input volume may have solved it", "likes_count": 0, "replies_count": 1, "retweets_count": 0, "hashtags": []}
{"id": 1078436665826275328, "date": "2018-12-27", "time": "18:45:12", "tweet": "@HazelCricket buffered inputs basically just means when you input an action before it can be performed (like during the endlag of another move) it'll still be performed if you do it close enough to when youd actually be able to do it  that time window was greatly increased in this game", "likes_count": 0, "replies_count": 0, "retweets_count": 0, "hashtags": []}
{"id": 1078436416441409537, "date": "2018-12-27", "time": "18:44:12", "tweet": "@CapehartJ Good decision.  Some may not remember that political parties are private entities and have the right to choose their candidates.  Up until the primary system they put up a candidate completely of their choosing.  Now voters have input.", "likes_count": 21, "replies_count": 0, "retweets_count": 1, "hashtags": []}
{"id": 1078436399064309760, "date": "2018-12-27", "time": "18:44:08", "tweet": "Okay, Joshua's inputs are a lot harder to naturally do for me than Shiki's since only one of his involves tapping actual enemies &amp; even then it's a input style I haven't used much.", "likes_count": 0, "replies_count": 0, "retweets_count": 0, "hashtags": []}
{"id": 1078436370543267846, "date": "2018-12-27", "time": "18:44:01", "tweet": "We're preparing for the upcoming year here at #saskedchat and we would really like your input! Please add to our growing list of topics ideas for upcoming chats!  https://t.co/llmmD3ZgNI  https://t.co/3dsjRllFO0", "likes_count": 0, "replies_count": 0, "retweets_count": 0, "hashtags": ["saskedchat"]}
{"id": 1078436304344408064, "date": "2018-12-27", "time": "18:43:45", "tweet": "@DickieV @WillieOReeFan @sdutPosner @EdZieralski @sdutCanepa Thank you, sir ... appreciate your input for it. Have (another) fun season!", "likes_count": 0, "replies_count": 0, "retweets_count": 0, "hashtags": []}
{"id": 1078436194633998336, "date": "2018-12-27", "time": "18:43:19", "tweet": "I need some input on #GRIS .  My sister is curious about playing it but isn't especially strong at platformers.  What kind of difficulty is she looking at here?", "likes_count": 0, "replies_count": 0, "retweets_count": 0, "hashtags": ["gris"]}
{"id": 1078436024051789825, "date": "2018-12-27", "time": "18:42:39", "tweet": "Well shoutouts to @Pochiilin to finally giving me the major issue; I didn't wanna complain about anything but the input lag on online might be what was frustrating me the most... and I will probably enjoy playing offline more so", "likes_count": 0, "replies_count": 1, "retweets_count": 0, "hashtags": []}
{"id": 1078436024009805825, "date": "2018-12-27", "time": "18:42:39", "tweet": "@episodeLOVER13 hi girl, i'm having issues with my episode but once i fix/figure out the problem i'll read the story and reply☺☺thanks for asking for my input", "likes_count": 1, "replies_count": 0, "retweets_count": 0, "hashtags": []}
{"id": 1078435935283486721, "date": "2018-12-27", "time": "18:42:17", "tweet": "#DescribeYourSpeedgameInAGIF  Bot Vice  especially with how input intensive it is  https://t.co/ce64Z1YJvC", "likes_count": 0, "replies_count": 1, "retweets_count": 0, "hashtags": ["describeyourspeedgameinagif"]}
{"id": 1078435587646996480, "date": "2018-12-27", "time": "18:40:55", "tweet": "@dm032 Ok cool, I follow you. If you want you can definitely send me a DM. We're using NDI already to send the second gaming PCs game/game sound to my PC for streaming. We have scenes in OBS that switch between each gameplay capture and we manually mute/unmute each game sound input.", "likes_count": 0, "replies_count": 1, "retweets_count": 0, "hashtags": []}
{"id": 1078435511390355460, "date": "2018-12-27", "time": "18:40:36", "tweet": "@WarrenSapp you got to put your input in! You’re an Alumni and a Hall of Famer! Get The Church man outta there and get back to the Real U Football!", "likes_count": 0, "replies_count": 0, "retweets_count": 0, "hashtags": []}
{"id": 1078435495804162048, "date": "2018-12-27", "time": "18:40:33", "tweet": "I AM GOING TO MURDER SOMETHING  (Backed up my phone to the computer for an overhaul, deleted and restored all settings, and THEN found out the computer thought it would be a good idea to encrypt the backup without asking me to input a password.)", "likes_count": 1, "replies_count": 1, "retweets_count": 0, "hashtags": []}
{"id": 1078435435280506880, "date": "2018-12-27", "time": "18:40:18", "tweet": "@corri_jayne I love braille screen input, and use it every single day. I think it's one of the best things they put in iOS, and I couldn't imagine being without it now! I like using it in away mode, and use contracted braille.", "likes_count": 0, "replies_count": 1, "retweets_count": 0, "hashtags": []}
{"id": 1078435381006295040, "date": "2018-12-27", "time": "18:40:05", "tweet": "@humanmgn Make sure you go talk to the crestfallen warrior for positive input", "likes_count": 0, "replies_count": 0, "retweets_count": 0, "hashtags": []}
{"id": 1078435372512829440, "date": "2018-12-27", "time": "18:40:03", "tweet": "@haruisdead ITS OK I GOT UR POINT !!!! thank you for your input though ❤️❤️❤️", "likes_count": 0, "replies_count": 0, "retweets_count": 0, "hashtags": []}
{"id": 1078435236487331840, "date": "2018-12-27", "time": "18:39:31", "tweet": "@DWR_N7PNE @trevor8sinclair Thanks for your input numbnuts 👍👍", "likes_count": 0, "replies_count": 1, "retweets_count": 0, "hashtags": []}
{"id": 1078435181298663424, "date": "2018-12-27", "time": "18:39:18", "tweet": "@option_snipper Is this the lower low in 30 min chart which you are talking about ?? Did I spot it right ?? Really appreciate your input..  https://t.co/lsorFlh321", "likes_count": 0, "replies_count": 0, "retweets_count": 0, "hashtags": []}
{"id": 1078435141024808960, "date": "2018-12-27", "time": "18:39:08", "tweet": "I'm playing games on iCashApp and it's so much fun! You can earn money as well playing game. Download it, input the refer code N578X6W get free 5USD.", "likes_count": 0, "replies_count": 0, "retweets_count": 0, "hashtags": []}
{"id": 1078435044279140352, "date": "2018-12-27", "time": "18:38:45", "tweet": "@SketchaHoIic @Basile_Zilba @Evan_McShepherd Thank you for this incredibly helpful input", "likes_count": 3, "replies_count": 0, "retweets_count": 0, "hashtags": []}
{"id": 1078434969662513152, "date": "2018-12-27", "time": "18:38:27", "tweet": "Working on an \"End-of-the-Year #WWE Wishlist for 2019\" for Bleacher Report this weekend and need your input. What you do want to see happen/improved upon in the new year? Can specific (Strowman for world champion) or broad (less emphasis on authority figures). Thanks!", "likes_count": 5, "replies_count": 5, "retweets_count": 1, "hashtags": ["wwe"]}
{"id": 1078434626237091841, "date": "2018-12-27", "time": "18:37:05", "tweet": "@jkmonimoon Thank you!! This is quality input", "likes_count": 0, "replies_count": 0, "retweets_count": 0, "hashtags": []}
{"id": 1078434602878939136, "date": "2018-12-27", "time": "18:37:00", "tweet": "Lithopanspermia – The Terrestrial Input During the Past 550 Million Years  https://t.co/xXVxJo10rU #astrobiology", "likes_count": 8, "replies_count": 0, "retweets_count": 2, "hashtags": ["astrobiology"]}
{"id": 1078434546121490432, "date": "2018-12-27", "time": "18:36:46", "tweet": "@GolfKingYang This is what happens when you get women to make action shows entirely without male input. There must be balance!", "likes_count": 1, "replies_count": 1, "retweets_count": 0, "hashtags": []}
{"id": 1078434538798411777, "date": "2018-12-27", "time": "18:36:45", "tweet": "@jeffinitelyjeff I’ve only got an issue when it’s clear mistreatment with little input from the Japanese creators like DB Evolution   I definitely kneejerk at Your Name adaption cause it came off far more as Live Action is needed bc our society legitimizes it over Animation", "likes_count": 7, "replies_count": 2, "retweets_count": 0, "hashtags": []}
{"id": 1078434209377800192, "date": "2018-12-27", "time": "18:35:26", "tweet": "@t3rrkillinit Boi I wasn’t saying it was a grand slam I just know some people aren’t sure how they feel about it and I was just putting my input in🤣", "likes_count": 0, "replies_count": 1, "retweets_count": 0, "hashtags": []}
{"id": 1078434124979990529, "date": "2018-12-27", "time": "18:35:06", "tweet": "@micahfries @chriswilsonky @hershaelyork @tonymerida @ThabitiAnyabwil @RevKevDeYoung @bellevuepastor @BurkParsons @MattChandler74 @plattdavid @hbcharlesjr @Rgallaty @rayortlund @YanceyArrington @jdgreear Thx for the input! Grateful.", "likes_count": 1, "replies_count": 0, "retweets_count": 0, "hashtags": []}
{"id": 1078434107456143360, "date": "2018-12-27", "time": "18:35:02", "tweet": "#theme_Input #costoftrains / need for #trains", "likes_count": 0, "replies_count": 0, "retweets_count": 1, "hashtags": ["theme_input", "costoftrains", "trains"]}
{"id": 1078434070139465729, "date": "2018-12-27", "time": "18:34:53", "tweet": "@brittca ...You can then use the main mix for balance and input to streaming software. Use discord hotkeys to mute discord, as others have suggested.", "likes_count": 1, "replies_count": 0, "retweets_count": 0, "hashtags": []}
{"id": 1078434002737029120, "date": "2018-12-27", "time": "18:34:37", "tweet": "@brittca If you want to go through the route of a mixer for your mics, any mixer that has two AUX outputs should work. You can assign one mic to each aux and run something like a blue microphones icicle (or more likely a cheaper equivalent) for each input to discord.", "likes_count": 1, "replies_count": 1, "retweets_count": 0, "hashtags": []}
{"id": 1078433974551277574, "date": "2018-12-27", "time": "18:34:30", "tweet": "Im looking for some open ideas from anyone thats willing to put in input .... I want to start holding tounys for older games but im trying to see if the support is there", "likes_count": 1, "replies_count": 0, "retweets_count": 0, "hashtags": []}
{"id": 1078433642760810496, "date": "2018-12-27", "time": "18:33:11", "tweet": "I thank you for your input. I would still very much like that money.", "likes_count": 48, "replies_count": 5, "retweets_count": 39, "hashtags": []}
{"id": 1078433594060742657, "date": "2018-12-27", "time": "18:32:59", "tweet": "@ssylvan @Timewatcher ...though in retrospect, I can see that we didn't have enough outside input.", "likes_count": 1, "replies_count": 1, "retweets_count": 0, "hashtags": []}
{"id": 1078433557159194624, "date": "2018-12-27", "time": "18:32:51", "tweet": "@anggihendayani Bisa melalui aplikasi Mobile JKN. Untuk langkah-langkahnya:  1. Silahkan registrasi dahulu ke menu pendaftaran pengguna mobile,  2. Login dengan input kartu peserta,  3. Pilih menu kartu peserta  4. Pilih gambar amplop,  5. Sertakan email  6. Dan (1/0)", "likes_count": 0, "replies_count": 1, "retweets_count": 0, "hashtags": []}
{"id": 1078433455438991360, "date": "2018-12-27", "time": "18:32:26", "tweet": "I was so in hype  2 watch \"VICE\" Now, reading horrible reviews. Your input ?", "likes_count": 0, "replies_count": 0, "retweets_count": 0, "hashtags": []}
{"id": 1078433382827085825, "date": "2018-12-27", "time": "18:32:09", "tweet": "@TeamKhabib You're comments on women mute any input you having on bashing people", "likes_count": 1, "replies_count": 0, "retweets_count": 0, "hashtags": []}
{"id": 1078433338061348864, "date": "2018-12-27", "time": "18:31:58", "tweet": "@lori_dubbs @jmartNYT @melbournecoal Thanks for your input, Yekaterina.", "likes_count": 14, "replies_count": 0, "retweets_count": 0, "hashtags": []}
{"id": 1078433100902875137, "date": "2018-12-27", "time": "18:31:02", "tweet": "@everyfilmneil Gosh, I feel important!!!!! I've no idea if it's on Netflix, though?? Hope so!   Roma, I really liked.  1 of those films that got me a day after viewing. Also, Mark Kermode's take on it helped me value it even more so. It's a film which benefits from that kinda input 👍👍", "likes_count": 0, "replies_count": 2, "retweets_count": 0, "hashtags": []}
{"id": 1078440259732623361, "date": "2018-12-27", "time": "18:59:29", "tweet": "@TatsumakiHokage @KuroganeHammer The point is that it makes something easier that anyone can practice and do consistently, at the expense of making an equally if not more important input impossible. It’s not a matter of opinion, it literally takes away an option", "likes_count": 0, "replies_count": 0, "retweets_count": 0, "hashtags": []}
{"id": 1078440240401010688, "date": "2018-12-27", "time": "18:59:24", "tweet": "@PatMcAfeeShow reading you will be making your broadcasting debut for the Nfl. Congrats to you. Couldn’t be happier to have you be a part of the @packers game. Finally some good input on the game.", "likes_count": 0, "replies_count": 0, "retweets_count": 0, "hashtags": []}
{"id": 1078440142937960450, "date": "2018-12-27", "time": "18:59:01", "tweet": "@bogcandy I used to do the same, but with Tumblr's new crackdown I've been considering moving a lot of shorter pieces to AO3 and changing my posting habits ... which has once again brought me to this conundrum ... Thanks for your input &lt;3", "likes_count": 1, "replies_count": 1, "retweets_count": 0, "hashtags": []}
{"id": 1078439659213123584, "date": "2018-12-27", "time": "18:57:05", "tweet": "The answer is not for Facebook to do a better job at moderating. We need networks that are local to the communities where they are being used and enable input into governance by the people who use  them.", "likes_count": 10, "replies_count": 1, "retweets_count": 6, "hashtags": []}
{"id": 1078439629064417282, "date": "2018-12-27", "time": "18:56:58", "tweet": "@AphexArcade The buffer system sucks for players like me, its like a built in input lag lol", "likes_count": 24, "replies_count": 2, "retweets_count": 0, "hashtags": []}
{"id": 1078439501062561792, "date": "2018-12-27", "time": "18:56:28", "tweet": "Really enjoying the input from @copes9 especially with the mechanics of bowling.....wish they’d stop interrupting with switching back to the live play 😀👍🏼🏏 #AusvInd", "likes_count": 5, "replies_count": 1, "retweets_count": 1, "hashtags": ["ausvind"]}
{"id": 1078439326520872961, "date": "2018-12-27", "time": "18:55:46", "tweet": "@enjin setting focus on search input forces inadvertent page scroll, confusing. iOS 12.1.2 Safari , iPhone X  https://t.co/BIShDrUDGO", "likes_count": 0, "replies_count": 0, "retweets_count": 0, "hashtags": []}
{"id": 1078439154839625730, "date": "2018-12-27", "time": "18:55:05", "tweet": "I liked a @YouTube video  https://t.co/kTCXrRB2iC NEW INPUT SYSTEM in Unity", "likes_count": 0, "replies_count": 0, "retweets_count": 0, "hashtags": []}
{"id": 1078439012141092864, "date": "2018-12-27", "time": "18:54:31", "tweet": "@pzj_1873 It’s not perfect mate, I’m just trying to be rational about it....... I’d say our anger is being directed at wrong person as doubt the slo would have any real say or input into the discussion! It’s just another example of how the clubs various depts are rather shambolic", "likes_count": 0, "replies_count": 1, "retweets_count": 0, "hashtags": []}
{"id": 1078438780376252416, "date": "2018-12-27", "time": "18:53:36", "tweet": "@james_moore44 @julieenaomii Bitch who tf was talking to you????? no one asked for your input. Take ya 2 cents with y’all on the way out my mentions", "likes_count": 9, "replies_count": 0, "retweets_count": 2, "hashtags": []}
{"id": 1078438720146149376, "date": "2018-12-27", "time": "18:53:21", "tweet": "@ruygrocks Heb je nog voorkeuren qua koddige anekdotes? Bepaald thema? Wil graag gerichte input geven, waar je echt iets mee kunt, weetjewel.. 🤡", "likes_count": 1, "replies_count": 0, "retweets_count": 0, "hashtags": []}
{"id": 1078438705046700034, "date": "2018-12-27", "time": "18:53:18", "tweet": "@realJensenSpill I’m not making a decision just getting input from my peers", "likes_count": 4, "replies_count": 1, "retweets_count": 0, "hashtags": []}
{"id": 1078438592270090240, "date": "2018-12-27", "time": "18:52:51", "tweet": "@InspiringU2 Omg. As much as I LOVE and respect them - both - I just can't see it again. I think it's clear what they've done to Hillary, they'll never stop, and sadly Biden is just too old. I'm sure their input would be welcome but can't we have some fresh vision?", "likes_count": 0, "replies_count": 0, "retweets_count": 0, "hashtags": []}
{"id": 1078438539703009280, "date": "2018-12-27", "time": "18:52:38", "tweet": "@aydan @GhostAydansDad I get massive input delay using wired to a PC why????", "likes_count": 0, "replies_count": 0, "retweets_count": 0, "hashtags": []}
{"id": 1078438348753121280, "date": "2018-12-27", "time": "18:51:53", "tweet": "I think I’ve figured out how these transmitters work. I need to re-route the input signals so the transmitter can be accessed remotely, but it’ll take some time.", "likes_count": 11, "replies_count": 1, "retweets_count": 1, "hashtags": []}
{"id": 1078438312426201089, "date": "2018-12-27", "time": "18:51:44", "tweet": "@HazelCricket the window increasing causes a lot of accidental inputs, some of them cant be considered the players fault at all, and the ones that are the players fault are still the fault of the game for teaching them how to input in previous iterations, only for this one to be different", "likes_count": 0, "replies_count": 0, "retweets_count": 0, "hashtags": []}
{"id": 1078438204011737088, "date": "2018-12-27", "time": "18:51:18", "tweet": "Discrete Event Simulation (DES) by BMT    https://t.co/AuzyXyiZTX  Through generous #probono input, Project Thunderbird hit a #turningpoint in 2016.  Watch Aidan Depetro’s #presentation #trailer:  https://t.co/tTaAjEW3Lj  #tr4aa #nopla #pl4aa #hemspressurised #proprotoraeromed", "likes_count": 2, "replies_count": 0, "retweets_count": 2, "hashtags": ["probono", "turningpoint", "presentation", "trailer", "tr4aa", "nopla", "pl4aa", "hemspressurised", "proprotoraeromed"]}
{"id": 1078438191814901761, "date": "2018-12-27", "time": "18:51:15", "tweet": "@KatarinaDerrick @Slater_Hater @_jessnicole24 please put your input", "likes_count": 0, "replies_count": 2, "retweets_count": 0, "hashtags": []}
{"id": 1078437952144007169, "date": "2018-12-27", "time": "18:50:18", "tweet": "@IndieRamblings It's very easy to set up within 10 mins, if you're adding them through OBS then you just make a browser source and input the widget URL, also I have pots and food, I'm good.", "likes_count": 0, "replies_count": 1, "retweets_count": 0, "hashtags": []}
{"id": 1078437547473158144, "date": "2018-12-27", "time": "18:48:42", "tweet": "@CharmaineTT @888Girl @liquorbox_ @solutions_live @ump21 @billshortenmp @AustralianLabor Either do we, our neighbors are the same, it’s ridiculous, thanks for your input, much appreciated,", "likes_count": 0, "replies_count": 1, "retweets_count": 0, "hashtags": []}
{"id": 1078437188566700032, "date": "2018-12-27", "time": "18:47:16", "tweet": "I Have a Great New Project I am working on and looking for input! 2019 live event Industry Podcast.  I am trying to come up with a Show Title. show will revolve around live events/performance Industry in and around St. Louis. live interview with performers and the technical folks", "likes_count": 0, "replies_count": 1, "retweets_count": 0, "hashtags": []}
{"id": 1078436814636179456, "date": "2018-12-27", "time": "18:45:47", "tweet": "@__dky Invalid input", "likes_count": 0, "replies_count": 0, "retweets_count": 0, "hashtags": []}
{"id": 1078436672193351682, "date": "2018-12-27", "time": "18:45:13", "tweet": "@CPTSKIM @HeyItsKITAMURA @StarTsurugi think lowering my input volume may have solved it", "likes_count": 0, "replies_count": 1, "retweets_count": 0, "hashtags": []}
{"id": 1078436665826275328, "date": "2018-12-27", "time": "18:45:12", "tweet": "@HazelCricket buffered inputs basically just means when you input an action before it can be performed (like during the endlag of another move) it'll still be performed if you do it close enough to when youd actually be able to do it  that time window was greatly increased in this game", "likes_count": 0, "replies_count": 0, "retweets_count": 0, "hashtags": []}
{"id": 1078436416441409537, "date": "2018-12-27", "time": "18:44:12", "tweet": "@CapehartJ Good decision.  Some may not remember that political parties are private entities and have the right to choose their candidates.  Up until the primary system they put up a candidate completely of their choosing.  Now voters have input.", "likes_count": 21, "replies_count": 0, "retweets_count": 1, "hashtags": []}
{"id": 1078436399064309760, "date": "2018-12-27", "time": "18:44:08", "tweet": "Okay, Joshua's inputs are a lot harder to naturally do for me than Shiki's since only one of his involves tapping actual enemies &amp; even then it's a input style I haven't used much.", "likes_count": 0, "replies_count": 0, "retweets_count": 0, "hashtags": []}
{"id": 1078436370543267846, "date": "2018-12-27", "time": "18:44:01", "tweet": "We're preparing for the upcoming year here at #saskedchat and we would really like your input! Please add to our growing list of topics ideas for upcoming chats!  https://t.co/llmmD3ZgNI  https://t.co/3dsjRllFO0", "likes_count": 0, "replies_count": 0, "retweets_count": 0, "hashtags": ["saskedchat"]}
{"id": 1078436304344408064, "date": "2018-12-27", "time": "18:43:45", "tweet": "@DickieV @WillieOReeFan @sdutPosner @EdZieralski @sdutCanepa Thank you, sir ... appreciate your input for it. Have (another) fun season!", "likes_count": 0, "replies_count": 0, "retweets_count": 0, "hashtags": []}
{"id": 1078436194633998336, "date": "2018-12-27", "time": "18:43:19", "tweet": "I need some input on #GRIS .  My sister is curious about playing it but isn't especially strong at platformers.  What kind of difficulty is she looking at here?", "likes_count": 0, "replies_count": 0, "retweets_count": 0, "hashtags": ["gris"]}
{"id": 1078436024051789825, "date": "2018-12-27", "time": "18:42:39", "tweet": "Well shoutouts to @Pochiilin to finally giving me the major issue; I didn't wanna complain about anything but the input lag on online might be what was frustrating me the most... and I will probably enjoy playing offline more so", "likes_count": 0, "replies_count": 1, "retweets_count": 0, "hashtags": []}
{"id": 1078436024009805825, "date": "2018-12-27", "time": "18:42:39", "tweet": "@episodeLOVER13 hi girl, i'm having issues with my episode but once i fix/figure out the problem i'll read the story and reply☺☺thanks for asking for my input", "likes_count": 1, "replies_count": 0, "retweets_count": 0, "hashtags": []}
{"id": 1078435935283486721, "date": "2018-12-27", "time": "18:42:17", "tweet": "#DescribeYourSpeedgameInAGIF  Bot Vice  especially with how input intensive it is  https://t.co/ce64Z1YJvC", "likes_count": 0, "replies_count": 1, "retweets_count": 0, "hashtags": ["describeyourspeedgameinagif"]}
{"id": 1078435587646996480, "date": "2018-12-27", "time": "18:40:55", "tweet": "@dm032 Ok cool, I follow you. If you want you can definitely send me a DM. We're using NDI already to send the second gaming PCs game/game sound to my PC for streaming. We have scenes in OBS that switch between each gameplay capture and we manually mute/unmute each game sound input.", "likes_count": 0, "replies_count": 1, "retweets_count": 0, "hashtags": []}
{"id": 1078435511390355460, "date": "2018-12-27", "time": "18:40:36", "tweet": "@WarrenSapp you got to put your input in! You’re an Alumni and a Hall of Famer! Get The Church man outta there and get back to the Real U Football!", "likes_count": 0, "replies_count": 0, "retweets_count": 0, "hashtags": []}
{"id": 1078435495804162048, "date": "2018-12-27", "time": "18:40:33", "tweet": "I AM GOING TO MURDER SOMETHING  (Backed up my phone to the computer for an overhaul, deleted and restored all settings, and THEN found out the computer thought it would be a good idea to encrypt the backup without asking me to input a password.)", "likes_count": 1, "replies_count": 1, "retweets_count": 0, "hashtags": []}
{"id": 1078435435280506880, "date": "2018-12-27", "time": "18:40:18", "tweet": "@corri_jayne I love braille screen input, and use it every single day. I think it's one of the best things they put in iOS, and I couldn't imagine being without it now! I like using it in away mode, and use contracted braille.", "likes_count": 0, "replies_count": 1, "retweets_count": 0, "hashtags": []}
{"id": 1078435381006295040, "date": "2018-12-27", "time": "18:40:05", "tweet": "@humanmgn Make sure you go talk to the crestfallen warrior for positive input", "likes_count": 0, "replies_count": 0, "retweets_count": 0, "hashtags": []}
{"id": 1078435372512829440, "date": "2018-12-27", "time": "18:40:03", "tweet": "@haruisdead ITS OK I GOT UR POINT !!!! thank you for your input though ❤️❤️❤️", "likes_count": 0, "replies_count": 0, "retweets_count": 0, "hashtags": []}
{"id": 1078435236487331840, "date": "2018-12-27", "time": "18:39:31", "tweet": "@DWR_N7PNE @trevor8sinclair Thanks for your input numbnuts 👍👍", "likes_count": 0, "replies_count": 1, "retweets_count": 0, "hashtags": []}
{"id": 1078435181298663424, "date": "2018-12-27", "time": "18:39:18", "tweet": "@option_snipper Is this the lower low in 30 min chart which you are talking about ?? Did I spot it right ?? Really appreciate your input..  https://t.co/lsorFlh321", "likes_count": 0, "replies_count": 0, "retweets_count": 0, "hashtags": []}
{"id": 1078435141024808960, "date": "2018-12-27", "time": "18:39:08", "tweet": "I'm playing games on iCashApp and it's so much fun! You can earn money as well playing game. Download it, input the refer code N578X6W get free 5USD.", "likes_count": 0, "replies_count": 0, "retweets_count": 0, "hashtags": []}
{"id": 1078435044279140352, "date": "2018-12-27", "time": "18:38:45", "tweet": "@SketchaHoIic @Basile_Zilba @Evan_McShepherd Thank you for this incredibly helpful input", "likes_count": 3, "replies_count": 0, "retweets_count": 0, "hashtags": []}
{"id": 1078434969662513152, "date": "2018-12-27", "time": "18:38:27", "tweet": "Working on an \"End-of-the-Year #WWE Wishlist for 2019\" for Bleacher Report this weekend and need your input. What you do want to see happen/improved upon in the new year? Can specific (Strowman for world champion) or broad (less emphasis on authority figures). Thanks!", "likes_count": 5, "replies_count": 5, "retweets_count": 1, "hashtags": ["wwe"]}
{"id": 1078434626237091841, "date": "2018-12-27", "time": "18:37:05", "tweet": "@jkmonimoon Thank you!! This is quality input", "likes_count": 0, "replies_count": 0, "retweets_count": 0, "hashtags": []}
{"id": 1078434602878939136, "date": "2018-12-27", "time": "18:37:00", "tweet": "Lithopanspermia – The Terrestrial Input During the Past 550 Million Years  https://t.co/xXVxJo10rU #astrobiology", "likes_count": 8, "replies_count": 0, "retweets_count": 2, "hashtags": ["astrobiology"]}
{"id": 1078434546121490432, "date": "2018-12-27", "time": "18:36:46", "tweet": "@GolfKingYang This is what happens when you get women to make action shows entirely without male input. There must be balance!", "likes_count": 1, "replies_count": 1, "retweets_count": 0, "hashtags": []}
{"id": 1078434538798411777, "date": "2018-12-27", "time": "18:36:45", "tweet": "@jeffinitelyjeff I’ve only got an issue when it’s clear mistreatment with little input from the Japanese creators like DB Evolution   I definitely kneejerk at Your Name adaption cause it came off far more as Live Action is needed bc our society legitimizes it over Animation", "likes_count": 7, "replies_count": 2, "retweets_count": 0, "hashtags": []}
{"id": 1078434209377800192, "date": "2018-12-27", "time": "18:35:26", "tweet": "@t3rrkillinit Boi I wasn’t saying it was a grand slam I just know some people aren’t sure how they feel about it and I was just putting my input in🤣", "likes_count": 0, "replies_count": 1, "retweets_count": 0, "hashtags": []}
{"id": 1078434124979990529, "date": "2018-12-27", "time": "18:35:06", "tweet": "@micahfries @chriswilsonky @hershaelyork @tonymerida @ThabitiAnyabwil @RevKevDeYoung @bellevuepastor @BurkParsons @MattChandler74 @plattdavid @hbcharlesjr @Rgallaty @rayortlund @YanceyArrington @jdgreear Thx for the input! Grateful.", "likes_count": 1, "replies_count": 0, "retweets_count": 0, "hashtags": []}
{"id": 1078434107456143360, "date": "2018-12-27", "time": "18:35:02", "tweet": "#theme_Input #costoftrains / need for #trains", "likes_count": 0, "replies_count": 0, "retweets_count": 1, "hashtags": ["theme_input", "costoftrains", "trains"]}
{"id": 1078434070139465729, "date": "2018-12-27", "time": "18:34:53", "tweet": "@brittca ...You can then use the main mix for balance and input to streaming software. Use discord hotkeys to mute discord, as others have suggested.", "likes_count": 1, "replies_count": 0, "retweets_count": 0, "hashtags": []}
{"id": 1078434002737029120, "date": "2018-12-27", "time": "18:34:37", "tweet": "@brittca If you want to go through the route of a mixer for your mics, any mixer that has two AUX outputs should work. You can assign one mic to each aux and run something like a blue microphones icicle (or more likely a cheaper equivalent) for each input to discord.", "likes_count": 1, "replies_count": 1, "retweets_count": 0, "hashtags": []}
{"id": 1078433974551277574, "date": "2018-12-27", "time": "18:34:30", "tweet": "Im looking for some open ideas from anyone thats willing to put in input .... I want to start holding tounys for older games but im trying to see if the support is there", "likes_count": 1, "replies_count": 0, "retweets_count": 0, "hashtags": []}
{"id": 1078433642760810496, "date": "2018-12-27", "time": "18:33:11", "tweet": "I thank you for your input. I would still very much like that money.", "likes_count": 48, "replies_count": 5, "retweets_count": 39, "hashtags": []}
{"id": 1078433594060742657, "date": "2018-12-27", "time": "18:32:59", "tweet": "@ssylvan @Timewatcher ...though in retrospect, I can see that we didn't have enough outside input.", "likes_count": 1, "replies_count": 1, "retweets_count": 0, "hashtags": []}
{"id": 1078433557159194624, "date": "2018-12-27", "time": "18:32:51", "tweet": "@anggihendayani Bisa melalui aplikasi Mobile JKN. Untuk langkah-langkahnya:  1. Silahkan registrasi dahulu ke menu pendaftaran pengguna mobile,  2. Login dengan input kartu peserta,  3. Pilih menu kartu peserta  4. Pilih gambar amplop,  5. Sertakan email  6. Dan (1/0)", "likes_count": 0, "replies_count": 1, "retweets_count": 0, "hashtags": []}
{"id": 1078433455438991360, "date": "2018-12-27", "time": "18:32:26", "tweet": "I was so in hype  2 watch \"VICE\" Now, reading horrible reviews. Your input ?", "likes_count": 0, "replies_count": 0, "retweets_count": 0, "hashtags": []}
{"id": 1078433382827085825, "date": "2018-12-27", "time": "18:32:09", "tweet": "@TeamKhabib You're comments on women mute any input you having on bashing people", "likes_count": 1, "replies_count": 0, "retweets_count": 0, "hashtags": []}
{"id": 1078433338061348864, "date": "2018-12-27", "time": "18:31:58", "tweet": "@lori_dubbs @jmartNYT @melbournecoal Thanks for your input, Yekaterina.", "likes_count": 14, "replies_count": 0, "retweets_count": 0, "hashtags": []}
{"id": 1078433100902875137, "date": "2018-12-27", "time": "18:31:02", "tweet": "@everyfilmneil Gosh, I feel important!!!!! I've no idea if it's on Netflix, though?? Hope so!   Roma, I really liked.  1 of those films that got me a day after viewing. Also, Mark Kermode's take on it helped me value it even more so. It's a film which benefits from that kinda input 👍👍", "likes_count": 0, "replies_count": 2, "retweets_count": 0, "hashtags": []}
