{"id": 1076990627898974209, "date": "2018-12-23", "time": "18:59:09", "tweet": "When considering what seed to choose for next season, consider crop rotation and willingness to spray fungicide. Learn more about input considerations relative to lower commodity prices in this #AgAdvice.  https://t.co/1WSFr82NxU  https://t.co/72viosRfp0", "likes_count": 3, "replies_count": 0, "retweets_count": 1, "hashtags": ["agadvice"]}
{"id": 1076990612778508288, "date": "2018-12-23", "time": "18:59:06", "tweet": "My friend said “It’s been two weeks since I cheated on my girl and I’ve been good since then”  How y’all feel about this? Still a king or no? Need your input", "likes_count": 5, "replies_count": 5, "retweets_count": 0, "hashtags": []}
{"id": 1076990525906079744, "date": "2018-12-23", "time": "18:58:45", "tweet": "@OfficialCND Do what ever you want but being a man means being able to acknowledge the hate and become better from it and not push away but that's just my input do what u want ur ur own person God bless", "likes_count": 0, "replies_count": 0, "retweets_count": 0, "hashtags": []}
{"id": 1076990486894718976, "date": "2018-12-23", "time": "18:58:36", "tweet": "Xbox recently enabled mouse and keyboard support to give more ways for people to play. Games, like Fortnite, decide how they want to support this input. I deeply respect the  platform team that does this work and the balances they maintain.", "likes_count": 3, "replies_count": 1, "retweets_count": 0, "hashtags": []}
{"id": 1076990485233754113, "date": "2018-12-23", "time": "18:58:35", "tweet": "On Xbox One &amp; Windows 10 the XAC is a controller, one created to give gamers with limited mobility options for making input devices they need. We couldn’t think of every way it would be used, but we tried to create a easy to use, simple to connect base that people can build from.", "likes_count": 2, "replies_count": 1, "retweets_count": 0, "hashtags": []}
{"id": 1076990483811815424, "date": "2018-12-23", "time": "18:58:35", "tweet": "I’d love it if you could use your wheelchair joystick with the #xboxadaptivecontroller. We need to limit input for a few reasons, but it should be possible. #XAC thread. //cc @Matt_Machowiak @SimonSbarnett @get_tecla @sqr_m @the_3 @Limbitless3D @milador", "likes_count": 15, "replies_count": 7, "retweets_count": 4, "hashtags": ["xboxadaptivecontroller", "xac"]}
{"id": 1076990246561013761, "date": "2018-12-23", "time": "18:57:38", "tweet": "@antilachargers @beardedbeastco Thank you for your input. Have a great day and a wonderful holiday season.", "likes_count": 0, "replies_count": 0, "retweets_count": 0, "hashtags": []}
{"id": 1076989933687132161, "date": "2018-12-23", "time": "18:56:24", "tweet": "@castillojenn2 Thank you for taking the time to research all of our options!! Your participation and input will enable us to make the best decision for our students!!", "likes_count": 1, "replies_count": 0, "retweets_count": 0, "hashtags": []}
{"id": 1076989838329491456, "date": "2018-12-23", "time": "18:56:01", "tweet": "Both activities are output signals for angle input signals.", "likes_count": 0, "replies_count": 0, "retweets_count": 0, "hashtags": []}
{"id": 1076989464067694593, "date": "2018-12-23", "time": "18:54:32", "tweet": "@AzadehMoaveni @BazziNYU @magsmitchell In those cases, PR people, staff etc are working for the same outfit as the author, whose affiliation is identified. It's different if the person who is providing advice and input is working for a government-affiliated organization and that is not disclosed.", "likes_count": 20, "replies_count": 4, "retweets_count": 5, "hashtags": []}
{"id": 1076989229542998017, "date": "2018-12-23", "time": "18:53:36", "tweet": "@FortniteGame can’t read my mouse input?", "likes_count": 0, "replies_count": 0, "retweets_count": 0, "hashtags": []}
{"id": 1076988958918279168, "date": "2018-12-23", "time": "18:52:31", "tweet": "@ARD1one @Labour4EU You think many people voted for the difference betw a gross and net figure on a bus??? Project fear had nothing to do with it??? Cameron’s £9m leaflet??? Get real, without the sustained Govt and foreign leader input, a free vote would have seen 70-30 Leave", "likes_count": 0, "replies_count": 0, "retweets_count": 0, "hashtags": []}
{"id": 1076988957802577920, "date": "2018-12-23", "time": "18:52:31", "tweet": "@Vrijheidsvogel @andrevanwanrooy @HenkKrol manier om tot beleid te komen, of dat beleid uiteindelijk ook doorgevoerd wordt is natuurlijk gewoon aan de volksvertegenwoordiging, dat wordt ook gewoon via een wet geregeld. Akkoord had tot input uit hele samenleving moeten leiden, maar grote bedrijven zijn bepalend, helaas 2/2", "likes_count": 1, "replies_count": 0, "retweets_count": 0, "hashtags": []}
{"id": 1076988878853046272, "date": "2018-12-23", "time": "18:52:12", "tweet": "Alur berfikir Anomali itu nggak berubah.. Output-nya beragam tergantung Input. mesin dan komputer di otaknya sama... 🤪🤣👽", "likes_count": 0, "replies_count": 0, "retweets_count": 0, "hashtags": []}
{"id": 1076988711143964672, "date": "2018-12-23", "time": "18:51:32", "tweet": "To 'ALL' Hunger Games Players &amp; 'ALL' Grosvenor Poker Hull customers  *Just click the link or type ' https://t.co/PQzQnjjQSI'   * Input your membership number  Found on the back of your Grosvenor Membership Card   * Simply follow the on-screen questions and give us your feedback  https://t.co/xmnmF9W7RE", "likes_count": 1, "replies_count": 0, "retweets_count": 0, "hashtags": []}
{"id": 1076988654151700480, "date": "2018-12-23", "time": "18:51:19", "tweet": "@LucifersTulip oh and input lag like every online nintendo game", "likes_count": 0, "replies_count": 0, "retweets_count": 0, "hashtags": []}
{"id": 1076988644081131521, "date": "2018-12-23", "time": "18:51:16", "tweet": "@AfflictedMed Igor has struggled with on the fly game adjustments in terms of rotations. I'm sure everyone has input pre-game in terms of what the standard rotation should look like.", "likes_count": 1, "replies_count": 0, "retweets_count": 0, "hashtags": []}
{"id": 1076988625143951360, "date": "2018-12-23", "time": "18:51:12", "tweet": "Is there possibly a market for remote controls with additional audio input?", "likes_count": 0, "replies_count": 0, "retweets_count": 0, "hashtags": []}
{"id": 1076988594567372800, "date": "2018-12-23", "time": "18:51:05", "tweet": "@mensrightsOZ With zero lobbying or input from you.", "likes_count": 2, "replies_count": 0, "retweets_count": 0, "hashtags": []}
{"id": 1076988503077146624, "date": "2018-12-23", "time": "18:50:43", "tweet": "@ralphharper1965 @MiamiDolphinsUK @Richard67859550 I have a feeling that Gase May stay but they cut the personnel input he has and they hire a DC with past head coaching experience. But couldn’t today understand Y they went away from the 21 &amp; 30 personnel offence that worked so well on the first drive?! 🤷‍♂️", "likes_count": 2, "replies_count": 1, "retweets_count": 1, "hashtags": []}
{"id": 1076988260562411521, "date": "2018-12-23", "time": "18:49:45", "tweet": "@FantasyJimbo I did end up going with Woods. Your input might win me the title this year!", "likes_count": 1, "replies_count": 1, "retweets_count": 0, "hashtags": []}
{"id": 1076987723913715712, "date": "2018-12-23", "time": "18:47:37", "tweet": "FabulousMP3: Multiband Limiter have comparatively faster attack and release time than the input AGC.  https://t.co/EXUyspg5IT", "likes_count": 0, "replies_count": 0, "retweets_count": 0, "hashtags": []}
{"id": 1076987281502810112, "date": "2018-12-23", "time": "18:45:52", "tweet": "@mckeejm I usually do it by hand but I want this stuff automated with fast lane and app center. I do think your input would help though, can I DM you in like 20 mins or so?", "likes_count": 1, "replies_count": 1, "retweets_count": 0, "hashtags": []}
{"id": 1076986769780834304, "date": "2018-12-23", "time": "18:43:50", "tweet": "okay, twitter! I will return to the #cricket vs #wikipedia experiments in the new year. I have many results to explore further, as well as other twitter features to explore, like handles (@wikipedia and @cricket) and 'moments', etc. Thanks for all the great input! Happy holidays!", "likes_count": 0, "replies_count": 0, "retweets_count": 0, "hashtags": ["cricket", "wikipedia"]}
{"id": 1076986765569753089, "date": "2018-12-23", "time": "18:43:49", "tweet": "There has been almost as many appointments wasted as time wasted &amp; problems caused in my personal life all because of the blinders on and the lack of input by the person treated hollidays memories burned hobbys almost non exsistantIt effects my entire family every fucking aspect", "likes_count": 0, "replies_count": 0, "retweets_count": 0, "hashtags": []}
{"id": 1076986554873192449, "date": "2018-12-23", "time": "18:42:58", "tweet": "@realDonaldTrump Its certainly not bringing the soldiers back, that's commendable  But, it was YOUR hissy fit making the decision without your qualified Generals input? Certainly, FAKEGUY,  you still don't really think YOU are smarter then the Generals?", "likes_count": 0, "replies_count": 0, "retweets_count": 0, "hashtags": []}
{"id": 1076986405530857472, "date": "2018-12-23", "time": "18:42:23", "tweet": "@RealNingenHours It's the actual input delay dude. It's harder to react cause you have to react EVEN sooner than usual.", "likes_count": 0, "replies_count": 1, "retweets_count": 0, "hashtags": []}
{"id": 1076986314694774784, "date": "2018-12-23", "time": "18:42:01", "tweet": "#AskingAutistics Thank you to everyone to participated and shared their input on my last poll. It’s been pointed out that I’m asking two questions at once, so I’ve split the poll into two.  Poll 1: Do you feee that your parents or guardians understood your needs growing up?", "likes_count": 3, "replies_count": 6, "retweets_count": 2, "hashtags": ["askingautistics"]}
{"id": 1076986242846388224, "date": "2018-12-23", "time": "18:41:44", "tweet": "@GetColorGames Pretty sure any keyboard/mouse input will cancel the timer, and apps can also tell the OS to not run a screensaver, like media players and games.  I've had Linux distros screensaver activate while watching a movie because they didn't listen to that command", "likes_count": 1, "replies_count": 0, "retweets_count": 0, "hashtags": []}
{"id": 1076986154875060224, "date": "2018-12-23", "time": "18:41:23", "tweet": "so witch time has enough end lag for chrom to whiff an entire up smash and still ftilt bayo before she can input anything", "likes_count": 0, "replies_count": 1, "retweets_count": 0, "hashtags": []}
{"id": 1076986154791112704, "date": "2018-12-23", "time": "18:41:23", "tweet": "Thanks to fellow #OakIslandCursers @cleabrooks &amp; @toooldtobehook for input on today's @CurseOfOak column. Looking forward to more tweets w/Oak Island theories &amp; lore. @HISTORY @vindicator  https://t.co/WGCw612Hvd", "likes_count": 11, "replies_count": 1, "retweets_count": 4, "hashtags": ["oakislandcursers"]}
{"id": 1076985991582367746, "date": "2018-12-23", "time": "18:40:44", "tweet": "@BarhorstMike @CoachKoch12 There are other questions UM needs to answer before he gives his input on this subject.", "likes_count": 0, "replies_count": 2, "retweets_count": 0, "hashtags": []}
{"id": 1076985974763053056, "date": "2018-12-23", "time": "18:40:40", "tweet": "@Cynderstone @CubeApril @PleasantKenobi @TolarianCollege @SaffronOlive Thank you all for the input. Going to look into these options and hopefully secure a good plan. Happy holidays everyone!", "likes_count": 2, "replies_count": 0, "retweets_count": 0, "hashtags": []}
{"id": 1076985956874371074, "date": "2018-12-23", "time": "18:40:36", "tweet": "The Joy of finally finding the bug in my neural network code. All the code I checked was fine. Then I finally checked the input normalization function... Total world domination, here I come!", "likes_count": 7, "replies_count": 1, "retweets_count": 0, "hashtags": []}
{"id": 1076985886913359872, "date": "2018-12-23", "time": "18:40:19", "tweet": "@MilhouseSports @freestyles33 @bet365 @PinnacleSports Shit haha. Well lets hope it goes over 👀🙏. Thanks for the great input", "likes_count": 1, "replies_count": 0, "retweets_count": 0, "hashtags": []}
{"id": 1076985784245334017, "date": "2018-12-23", "time": "18:39:55", "tweet": "Gostei de um vídeo @YouTube  https://t.co/sAgQoceDnC corrigir Erro Unexpected end of JSON input no Youtube - ERRO na hora de", "likes_count": 0, "replies_count": 0, "retweets_count": 0, "hashtags": []}
{"id": 1076985605379317760, "date": "2018-12-23", "time": "18:39:12", "tweet": "Not only mine, it’s a few of us getting input from the community, and hoping for more feedback!", "likes_count": 5, "replies_count": 2, "retweets_count": 3, "hashtags": []}
{"id": 1076985597951205377, "date": "2018-12-23", "time": "18:39:10", "tweet": "@DJ_Unreal @cqg7rpg Might be one to wait for M0 to tx on. Not sure how low we can turn the wick down on this one!  All the power ratings are power plate input of around 220W on SSB, 60W AM and 150W CW. Have to work that out in output. Some nasty voltages in the gear up to 750V", "likes_count": 0, "replies_count": 1, "retweets_count": 0, "hashtags": []}
{"id": 1076985515436638208, "date": "2018-12-23", "time": "18:38:50", "tweet": "@bispectral i feel like astro folks can be actively dismissive of other fields that can have *extremely* important input for their work. chemists and earth scientists immediately jump to mind", "likes_count": 26, "replies_count": 2, "retweets_count": 0, "hashtags": []}
{"id": 1076985388655407104, "date": "2018-12-23", "time": "18:38:20", "tweet": "@NepetaDev @Jakeashacks @FCE365 @even_dev @notdanieldev Okay, thank you for your input, everyone involved", "likes_count": 1, "replies_count": 0, "retweets_count": 0, "hashtags": []}
{"id": 1076990627898974209, "date": "2018-12-23", "time": "18:59:09", "tweet": "When considering what seed to choose for next season, consider crop rotation and willingness to spray fungicide. Learn more about input considerations relative to lower commodity prices in this #AgAdvice.  https://t.co/1WSFr82NxU  https://t.co/72viosRfp0", "likes_count": 3, "replies_count": 0, "retweets_count": 1, "hashtags": ["agadvice"]}
{"id": 1076990612778508288, "date": "2018-12-23", "time": "18:59:06", "tweet": "My friend said “It’s been two weeks since I cheated on my girl and I’ve been good since then”  How y’all feel about this? Still a king or no? Need your input", "likes_count": 5, "replies_count": 5, "retweets_count": 0, "hashtags": []}
{"id": 1076990525906079744, "date": "2018-12-23", "time": "18:58:45", "tweet": "@OfficialCND Do what ever you want but being a man means being able to acknowledge the hate and become better from it and not push away but that's just my input do what u want ur ur own person God bless", "likes_count": 0, "replies_count": 0, "retweets_count": 0, "hashtags": []}
{"id": 1076990486894718976, "date": "2018-12-23", "time": "18:58:36", "tweet": "Xbox recently enabled mouse and keyboard support to give more ways for people to play. Games, like Fortnite, decide how they want to support this input. I deeply respect the  platform team that does this work and the balances they maintain.", "likes_count": 3, "replies_count": 1, "retweets_count": 0, "hashtags": []}
{"id": 1076990485233754113, "date": "2018-12-23", "time": "18:58:35", "tweet": "On Xbox One &amp; Windows 10 the XAC is a controller, one created to give gamers with limited mobility options for making input devices they need. We couldn’t think of every way it would be used, but we tried to create a easy to use, simple to connect base that people can build from.", "likes_count": 2, "replies_count": 1, "retweets_count": 0, "hashtags": []}
{"id": 1076990483811815424, "date": "2018-12-23", "time": "18:58:35", "tweet": "I’d love it if you could use your wheelchair joystick with the #xboxadaptivecontroller. We need to limit input for a few reasons, but it should be possible. #XAC thread. //cc @Matt_Machowiak @SimonSbarnett @get_tecla @sqr_m @the_3 @Limbitless3D @milador", "likes_count": 15, "replies_count": 7, "retweets_count": 4, "hashtags": ["xboxadaptivecontroller", "xac"]}
{"id": 1076990246561013761, "date": "2018-12-23", "time": "18:57:38", "tweet": "@antilachargers @beardedbeastco Thank you for your input. Have a great day and a wonderful holiday season.", "likes_count": 0, "replies_count": 0, "retweets_count": 0, "hashtags": []}
{"id": 1076989933687132161, "date": "2018-12-23", "time": "18:56:24", "tweet": "@castillojenn2 Thank you for taking the time to research all of our options!! Your participation and input will enable us to make the best decision for our students!!", "likes_count": 1, "replies_count": 0, "retweets_count": 0, "hashtags": []}
{"id": 1076989838329491456, "date": "2018-12-23", "time": "18:56:01", "tweet": "Both activities are output signals for angle input signals.", "likes_count": 0, "replies_count": 0, "retweets_count": 0, "hashtags": []}
{"id": 1076989464067694593, "date": "2018-12-23", "time": "18:54:32", "tweet": "@AzadehMoaveni @BazziNYU @magsmitchell In those cases, PR people, staff etc are working for the same outfit as the author, whose affiliation is identified. It's different if the person who is providing advice and input is working for a government-affiliated organization and that is not disclosed.", "likes_count": 20, "replies_count": 4, "retweets_count": 5, "hashtags": []}
{"id": 1076989229542998017, "date": "2018-12-23", "time": "18:53:36", "tweet": "@FortniteGame can’t read my mouse input?", "likes_count": 0, "replies_count": 0, "retweets_count": 0, "hashtags": []}
{"id": 1076988958918279168, "date": "2018-12-23", "time": "18:52:31", "tweet": "@ARD1one @Labour4EU You think many people voted for the difference betw a gross and net figure on a bus??? Project fear had nothing to do with it??? Cameron’s £9m leaflet??? Get real, without the sustained Govt and foreign leader input, a free vote would have seen 70-30 Leave", "likes_count": 0, "replies_count": 0, "retweets_count": 0, "hashtags": []}
{"id": 1076988957802577920, "date": "2018-12-23", "time": "18:52:31", "tweet": "@Vrijheidsvogel @andrevanwanrooy @HenkKrol manier om tot beleid te komen, of dat beleid uiteindelijk ook doorgevoerd wordt is natuurlijk gewoon aan de volksvertegenwoordiging, dat wordt ook gewoon via een wet geregeld. Akkoord had tot input uit hele samenleving moeten leiden, maar grote bedrijven zijn bepalend, helaas 2/2", "likes_count": 1, "replies_count": 0, "retweets_count": 0, "hashtags": []}
{"id": 1076988878853046272, "date": "2018-12-23", "time": "18:52:12", "tweet": "Alur berfikir Anomali itu nggak berubah.. Output-nya beragam tergantung Input. mesin dan komputer di otaknya sama... 🤪🤣👽", "likes_count": 0, "replies_count": 0, "retweets_count": 0, "hashtags": []}
{"id": 1076988711143964672, "date": "2018-12-23", "time": "18:51:32", "tweet": "To 'ALL' Hunger Games Players &amp; 'ALL' Grosvenor Poker Hull customers  *Just click the link or type ' https://t.co/PQzQnjjQSI'   * Input your membership number  Found on the back of your Grosvenor Membership Card   * Simply follow the on-screen questions and give us your feedback  https://t.co/xmnmF9W7RE", "likes_count": 1, "replies_count": 0, "retweets_count": 0, "hashtags": []}
{"id": 1076988654151700480, "date": "2018-12-23", "time": "18:51:19", "tweet": "@LucifersTulip oh and input lag like every online nintendo game", "likes_count": 0, "replies_count": 0, "retweets_count": 0, "hashtags": []}
{"id": 1076988644081131521, "date": "2018-12-23", "time": "18:51:16", "tweet": "@AfflictedMed Igor has struggled with on the fly game adjustments in terms of rotations. I'm sure everyone has input pre-game in terms of what the standard rotation should look like.", "likes_count": 1, "replies_count": 0, "retweets_count": 0, "hashtags": []}
{"id": 1076988625143951360, "date": "2018-12-23", "time": "18:51:12", "tweet": "Is there possibly a market for remote controls with additional audio input?", "likes_count": 0, "replies_count": 0, "retweets_count": 0, "hashtags": []}
{"id": 1076988594567372800, "date": "2018-12-23", "time": "18:51:05", "tweet": "@mensrightsOZ With zero lobbying or input from you.", "likes_count": 2, "replies_count": 0, "retweets_count": 0, "hashtags": []}
{"id": 1076988503077146624, "date": "2018-12-23", "time": "18:50:43", "tweet": "@ralphharper1965 @MiamiDolphinsUK @Richard67859550 I have a feeling that Gase May stay but they cut the personnel input he has and they hire a DC with past head coaching experience. But couldn’t today understand Y they went away from the 21 &amp; 30 personnel offence that worked so well on the first drive?! 🤷‍♂️", "likes_count": 2, "replies_count": 1, "retweets_count": 1, "hashtags": []}
{"id": 1076988260562411521, "date": "2018-12-23", "time": "18:49:45", "tweet": "@FantasyJimbo I did end up going with Woods. Your input might win me the title this year!", "likes_count": 1, "replies_count": 1, "retweets_count": 0, "hashtags": []}
{"id": 1076987723913715712, "date": "2018-12-23", "time": "18:47:37", "tweet": "FabulousMP3: Multiband Limiter have comparatively faster attack and release time than the input AGC.  https://t.co/EXUyspg5IT", "likes_count": 0, "replies_count": 0, "retweets_count": 0, "hashtags": []}
{"id": 1076987281502810112, "date": "2018-12-23", "time": "18:45:52", "tweet": "@mckeejm I usually do it by hand but I want this stuff automated with fast lane and app center. I do think your input would help though, can I DM you in like 20 mins or so?", "likes_count": 1, "replies_count": 1, "retweets_count": 0, "hashtags": []}
{"id": 1076986769780834304, "date": "2018-12-23", "time": "18:43:50", "tweet": "okay, twitter! I will return to the #cricket vs #wikipedia experiments in the new year. I have many results to explore further, as well as other twitter features to explore, like handles (@wikipedia and @cricket) and 'moments', etc. Thanks for all the great input! Happy holidays!", "likes_count": 0, "replies_count": 0, "retweets_count": 0, "hashtags": ["cricket", "wikipedia"]}
{"id": 1076986765569753089, "date": "2018-12-23", "time": "18:43:49", "tweet": "There has been almost as many appointments wasted as time wasted &amp; problems caused in my personal life all because of the blinders on and the lack of input by the person treated hollidays memories burned hobbys almost non exsistantIt effects my entire family every fucking aspect", "likes_count": 0, "replies_count": 0, "retweets_count": 0, "hashtags": []}
{"id": 1076986554873192449, "date": "2018-12-23", "time": "18:42:58", "tweet": "@realDonaldTrump Its certainly not bringing the soldiers back, that's commendable  But, it was YOUR hissy fit making the decision without your qualified Generals input? Certainly, FAKEGUY,  you still don't really think YOU are smarter then the Generals?", "likes_count": 0, "replies_count": 0, "retweets_count": 0, "hashtags": []}
{"id": 1076986405530857472, "date": "2018-12-23", "time": "18:42:23", "tweet": "@RealNingenHours It's the actual input delay dude. It's harder to react cause you have to react EVEN sooner than usual.", "likes_count": 0, "replies_count": 1, "retweets_count": 0, "hashtags": []}
{"id": 1076986314694774784, "date": "2018-12-23", "time": "18:42:01", "tweet": "#AskingAutistics Thank you to everyone to participated and shared their input on my last poll. It’s been pointed out that I’m asking two questions at once, so I’ve split the poll into two.  Poll 1: Do you feee that your parents or guardians understood your needs growing up?", "likes_count": 3, "replies_count": 6, "retweets_count": 2, "hashtags": ["askingautistics"]}
{"id": 1076986242846388224, "date": "2018-12-23", "time": "18:41:44", "tweet": "@GetColorGames Pretty sure any keyboard/mouse input will cancel the timer, and apps can also tell the OS to not run a screensaver, like media players and games.  I've had Linux distros screensaver activate while watching a movie because they didn't listen to that command", "likes_count": 1, "replies_count": 0, "retweets_count": 0, "hashtags": []}
{"id": 1076986154875060224, "date": "2018-12-23", "time": "18:41:23", "tweet": "so witch time has enough end lag for chrom to whiff an entire up smash and still ftilt bayo before she can input anything", "likes_count": 0, "replies_count": 1, "retweets_count": 0, "hashtags": []}
{"id": 1076986154791112704, "date": "2018-12-23", "time": "18:41:23", "tweet": "Thanks to fellow #OakIslandCursers @cleabrooks &amp; @toooldtobehook for input on today's @CurseOfOak column. Looking forward to more tweets w/Oak Island theories &amp; lore. @HISTORY @vindicator  https://t.co/WGCw612Hvd", "likes_count": 11, "replies_count": 1, "retweets_count": 4, "hashtags": ["oakislandcursers"]}
{"id": 1076985991582367746, "date": "2018-12-23", "time": "18:40:44", "tweet": "@BarhorstMike @CoachKoch12 There are other questions UM needs to answer before he gives his input on this subject.", "likes_count": 0, "replies_count": 2, "retweets_count": 0, "hashtags": []}
{"id": 1076985974763053056, "date": "2018-12-23", "time": "18:40:40", "tweet": "@Cynderstone @CubeApril @PleasantKenobi @TolarianCollege @SaffronOlive Thank you all for the input. Going to look into these options and hopefully secure a good plan. Happy holidays everyone!", "likes_count": 2, "replies_count": 0, "retweets_count": 0, "hashtags": []}
{"id": 1076985956874371074, "date": "2018-12-23", "time": "18:40:36", "tweet": "The Joy of finally finding the bug in my neural network code. All the code I checked was fine. Then I finally checked the input normalization function... Total world domination, here I come!", "likes_count": 7, "replies_count": 1, "retweets_count": 0, "hashtags": []}
{"id": 1076985886913359872, "date": "2018-12-23", "time": "18:40:19", "tweet": "@MilhouseSports @freestyles33 @bet365 @PinnacleSports Shit haha. Well lets hope it goes over 👀🙏. Thanks for the great input", "likes_count": 1, "replies_count": 0, "retweets_count": 0, "hashtags": []}
{"id": 1076985784245334017, "date": "2018-12-23", "time": "18:39:55", "tweet": "Gostei de um vídeo @YouTube  https://t.co/sAgQoceDnC corrigir Erro Unexpected end of JSON input no Youtube - ERRO na hora de", "likes_count": 0, "replies_count": 0, "retweets_count": 0, "hashtags": []}
{"id": 1076985605379317760, "date": "2018-12-23", "time": "18:39:12", "tweet": "Not only mine, it’s a few of us getting input from the community, and hoping for more feedback!", "likes_count": 5, "replies_count": 2, "retweets_count": 3, "hashtags": []}
{"id": 1076985597951205377, "date": "2018-12-23", "time": "18:39:10", "tweet": "@DJ_Unreal @cqg7rpg Might be one to wait for M0 to tx on. Not sure how low we can turn the wick down on this one!  All the power ratings are power plate input of around 220W on SSB, 60W AM and 150W CW. Have to work that out in output. Some nasty voltages in the gear up to 750V", "likes_count": 0, "replies_count": 1, "retweets_count": 0, "hashtags": []}
{"id": 1076985515436638208, "date": "2018-12-23", "time": "18:38:50", "tweet": "@bispectral i feel like astro folks can be actively dismissive of other fields that can have *extremely* important input for their work. chemists and earth scientists immediately jump to mind", "likes_count": 26, "replies_count": 2, "retweets_count": 0, "hashtags": []}
{"id": 1076985388655407104, "date": "2018-12-23", "time": "18:38:20", "tweet": "@NepetaDev @Jakeashacks @FCE365 @even_dev @notdanieldev Okay, thank you for your input, everyone involved", "likes_count": 1, "replies_count": 0, "retweets_count": 0, "hashtags": []}
{"id": 1076985335219920896, "date": "2018-12-23", "time": "18:38:07", "tweet": "@henrikinvest Tack för din input! Revshare inom betting, CPA inom casino blir en enkel förenkling. I vart fall så ju större kundbolaget är, på en reglerad marknad, hellre rev share. Särskilt oligopolmarknader tänker jag.", "likes_count": 0, "replies_count": 0, "retweets_count": 0, "hashtags": []}
{"id": 1076985321450020866, "date": "2018-12-23", "time": "18:38:04", "tweet": "@G2Kantoraketti Turn off Raw Input if you have it on &amp; if you're using Nvidia card try out the 416.16 or 416.34 drivers from early October. All newer drivers act weird in my 1080Ti and Siege", "likes_count": 3, "replies_count": 0, "retweets_count": 0, "hashtags": []}
{"id": 1076985058475548673, "date": "2018-12-23", "time": "18:37:02", "tweet": "#StarWarsJediKnightIIJediOutcast score dropped by 6.09 points yesterday to 91.4 due to gamer input....  https://t.co/j0o6DWpyb0", "likes_count": 0, "replies_count": 0, "retweets_count": 0, "hashtags": ["starwarsjediknightiijedioutcast"]}
{"id": 1076984835112136704, "date": "2018-12-23", "time": "18:36:08", "tweet": "@thenudeclassik Thank you for your input. We will all be sure to disregard it immediately.", "likes_count": 0, "replies_count": 1, "retweets_count": 0, "hashtags": []}
{"id": 1076984656162107394, "date": "2018-12-23", "time": "18:35:26", "tweet": "@DavidGator4Life Did i ask for your input??", "likes_count": 0, "replies_count": 1, "retweets_count": 0, "hashtags": []}
{"id": 1076984611576659975, "date": "2018-12-23", "time": "18:35:15", "tweet": "Min pappa ska operera knät och hans ”vän” ska ”förbereda” honom. Får man kommentera ”HÅLLKÄFTEN OCH SLUTA SKRÄM MIN PAPPA H*RU*GE” eller blir de för mycket?? Input: pappa har fobi för allt med sjukhus att göra  https://t.co/7Uzueij7Z8", "likes_count": 1, "replies_count": 1, "retweets_count": 0, "hashtags": []}
{"id": 1076984574624841729, "date": "2018-12-23", "time": "18:35:06", "tweet": "@courtsidedad check out Sam's latest blog for @tennisbrothers_    https://t.co/bMCNHJzYJI  Will be good to do one with a parent's input soon, give me a shout if you are interested?", "likes_count": 0, "replies_count": 0, "retweets_count": 0, "hashtags": []}
{"id": 1076984456244854785, "date": "2018-12-23", "time": "18:34:38", "tweet": "@vicsinghb @AndersaurWHU @_AnimalAdvocate @Ivy_Middleton @VenkyViswanath1 @MC19023 @GrahamCD62 @Protect_Wldlife @PeterEgan6 @Animal_Watch @The_Animal_Team @thelittleidiot @Animals1st @AmyRoseKathryn You would improve your intellectual input if you employed a new Ventriloquist.", "likes_count": 2, "replies_count": 0, "retweets_count": 0, "hashtags": []}
{"id": 1076984440159682560, "date": "2018-12-23", "time": "18:34:34", "tweet": "@DutchYrina @matthaig1 Matt appreciates your input", "likes_count": 0, "replies_count": 0, "retweets_count": 0, "hashtags": []}
{"id": 1076984137838354432, "date": "2018-12-23", "time": "18:33:22", "tweet": "@CapsLockKeyon @helicongaming Out of curiosity do you currently have a USB mic with a headphone out (like a Blue Yeti)? If so, you can connect that phones out to the GoXLR 3.5mm mic input and use your current mic. You can then Go XLR in the more literal sense a bit later when finances allow.", "likes_count": 1, "replies_count": 1, "retweets_count": 0, "hashtags": []}
{"id": 1076984085183164416, "date": "2018-12-23", "time": "18:33:09", "tweet": "@gaylilbihhh I don’t know why people feel like they can give they input when you didn’t fcking ask", "likes_count": 0, "replies_count": 1, "retweets_count": 0, "hashtags": []}
{"id": 1076983903154368513, "date": "2018-12-23", "time": "18:32:26", "tweet": "All materials input and output transactions are fully  https://t.co/yLnKiGZCXy automated due to the seamless integration with other associated modules within the system.", "likes_count": 0, "replies_count": 0, "retweets_count": 0, "hashtags": []}
{"id": 1076983769263939585, "date": "2018-12-23", "time": "18:31:54", "tweet": "Nainggolan, input Marotta. Cambio Inter, i tempi di ritardo e stop - CorSera -  https://t.co/WyeDtoz6At - #inter #FCIM #amala", "likes_count": 1, "replies_count": 0, "retweets_count": 0, "hashtags": ["inter", "fcim", "amala"]}
{"id": 1076983557858291712, "date": "2018-12-23", "time": "18:31:04", "tweet": "Not able to compare string entered from Input Dialog with a different string in Groovy  https://t.co/VIigaYER16", "likes_count": 0, "replies_count": 0, "retweets_count": 0, "hashtags": []}
{"id": 1076983475880767490, "date": "2018-12-23", "time": "18:30:44", "tweet": "Jobs that ask for my resume and then make me input every single past work experience and work title manually into their application got me fucked up", "likes_count": 2, "replies_count": 0, "retweets_count": 0, "hashtags": []}
{"id": 1076983449729331200, "date": "2018-12-23", "time": "18:30:38", "tweet": "CVE-2018-20405 BigTree 4.3 allows full path disclosure via authenticated admin/news/ input that triggers a syntax error.   https://t.co/t4uedbJUw9", "likes_count": 0, "replies_count": 0, "retweets_count": 0, "hashtags": []}
{"id": 1076983422524878848, "date": "2018-12-23", "time": "18:30:31", "tweet": "CVE-2018-20405 BigTree 4.3 allows full path disclosure via authenticated admin/news/ input that triggers a syntax error.   https://t.co/4cu47okxbS", "likes_count": 0, "replies_count": 0, "retweets_count": 0, "hashtags": []}
{"id": 1076983219453652994, "date": "2018-12-23", "time": "18:29:43", "tweet": "@squnto Here’s my one funny input  https://t.co/OEuBUS6rTg", "likes_count": 0, "replies_count": 0, "retweets_count": 0, "hashtags": []}
{"id": 1076983199169941504, "date": "2018-12-23", "time": "18:29:38", "tweet": "EA, how about not building your storefront around MASSIVE images, it's clunky as hell to use &amp; eats screen estate like crazy.   Also, try not having a shit interface that responds to user input at best 70% of the time and then treats it as more of a suggestion than command. 😑", "likes_count": 0, "replies_count": 0, "retweets_count": 0, "hashtags": []}
{"id": 1076983177623805953, "date": "2018-12-23", "time": "18:29:33", "tweet": "@GiGi58751497 @snowmanomics @jonallendc @aseitzwald Thank you for you input GiGi58751497", "likes_count": 0, "replies_count": 0, "retweets_count": 0, "hashtags": []}
