{"id": 1067931004478853120, "date": "2018-11-28", "time": "18:59:27", "tweet": "Hi #WritersCommunity, I have a question for you!  Do you keep an online portfolio of your work? If so, how do you organize it?  Feel free to link yours. For one because I'm looking for inspiration and input, and also because I'd like to read your stuff! 📖", "likes_count": 1, "replies_count": 0, "retweets_count": 0, "hashtags": ["writerscommunity"]}
{"id": 1067930659413463040, "date": "2018-11-28", "time": "18:58:05", "tweet": "We are meeting with @StephenLloydEBN over the weekend to discuss this situation. Stephen is a long-standing supporter of Lammas so we welcome his input", "likes_count": 14, "replies_count": 2, "retweets_count": 2, "hashtags": []}
{"id": 1067930643776987136, "date": "2018-11-28", "time": "18:58:01", "tweet": "世界最高齢83歳プログラマーが現役のワケ（東洋経済オンライン） - Yahoo!ニュース  https://t.co/m6A8VLHG65 @YahooNewsTopics #アウトプットは最大のインプット #output.is.the.maximum.input", "likes_count": 0, "replies_count": 0, "retweets_count": 0, "hashtags": ["アウトプットは最大のインプット", "output"]}
{"id": 1067930482023809024, "date": "2018-11-28", "time": "18:57:22", "tweet": "Hey #ygk here is your opportunity to provide input.", "likes_count": 1, "replies_count": 0, "retweets_count": 1, "hashtags": ["ygk"]}
{"id": 1067930174144995329, "date": "2018-11-28", "time": "18:56:09", "tweet": "@ASpittel Here's an ES6 one-liner. It's definitely not best practice because it'll ruin your input array, but at least it's concise!  https://t.co/V7MSYlMkDd", "likes_count": 1, "replies_count": 0, "retweets_count": 0, "hashtags": []}
{"id": 1067930125344432128, "date": "2018-11-28", "time": "18:55:57", "tweet": "Dr. Russell: In the end, it is our Board that is tasked with making any sort of decision regarding South's facility needs. Your input, your voice is really important.", "likes_count": 0, "replies_count": 0, "retweets_count": 0, "hashtags": []}
{"id": 1067930119367344128, "date": "2018-11-28", "time": "18:55:56", "tweet": "@happeemaiee @IndayGlobalista Syempre, it matters kung saan galing yung diploma, sabi lang ni Daddy yun haha. But in this case, I will not have an input kasi medyo delicate subject given that the person objecting is sick.😁 1. You're a grown up, you can decide what you want to do.....", "likes_count": 0, "replies_count": 2, "retweets_count": 0, "hashtags": []}
{"id": 1067930078351372289, "date": "2018-11-28", "time": "18:55:46", "tweet": "Full house tonight to hear an update on the Columbia Climate Action and Adaptation Plan and provide community input.  #comoclimateaction #actonclimate  https://t.co/d5r06CArxX", "likes_count": 4, "replies_count": 0, "retweets_count": 0, "hashtags": ["comoclimateaction", "actonclimate"]}
{"id": 1067930043618222080, "date": "2018-11-28", "time": "18:55:38", "tweet": "@SupremeLBJ Thanks for the input", "likes_count": 1, "replies_count": 0, "retweets_count": 0, "hashtags": []}
{"id": 1067929986634371073, "date": "2018-11-28", "time": "18:55:24", "tweet": "Please do this questionnaire by December 21! Your input is necessary. If there’s a different way you’d like to have your say, let me know.", "likes_count": 3, "replies_count": 1, "retweets_count": 2, "hashtags": []}
{"id": 1067929968959791104, "date": "2018-11-28", "time": "18:55:20", "tweet": "We’re conducting a #community open house and meeting to get your input on the future of our Price Hill Branch! #cincylibrary  https://t.co/5aM84wsDTF", "likes_count": 4, "replies_count": 10, "retweets_count": 2, "hashtags": ["community", "cincylibrary"]}
{"id": 1067929949502357505, "date": "2018-11-28", "time": "18:55:15", "tweet": "Dr. Russell: The purpose of tonight is to give you a voice and to afford you an opportunity to provide some input. We're looking forward to recording some of your opinions/thoughts.", "likes_count": 1, "replies_count": 0, "retweets_count": 0, "hashtags": []}
{"id": 1067929920414699520, "date": "2018-11-28", "time": "18:55:08", "tweet": "this graph's legend mysteriously breaks when I modify its input data in a very specific way, despite the arguments to the plot function being identical otherwise", "likes_count": 0, "replies_count": 0, "retweets_count": 0, "hashtags": []}
{"id": 1067929900147974144, "date": "2018-11-28", "time": "18:55:04", "tweet": "@joepie91 @Nikolo_z @Cloudflare Hi Sven! Nikolo volunteered to test the product and provide feedback. Wave 1 is underway and we'll be opening up Wave 2 and 3 in the next couple days. If you'd also like to try it out and provide input, please send me an email! srhea at cloudflare", "likes_count": 0, "replies_count": 1, "retweets_count": 0, "hashtags": []}
{"id": 1067929811870347264, "date": "2018-11-28", "time": "18:54:42", "tweet": "PURR...fect day to Pimp my #book &amp; #Twitter share Intimate input by 8 #women, research, &amp; storytelling \"The further in the book you get the more blatantly real it gets\" \"Written with raw honesty\" A couples drama Online sex addiction #read #Kindle #Amazon  https://t.co/gfUKHwVLuJ  https://t.co/0XaqPohWOE", "likes_count": 0, "replies_count": 0, "retweets_count": 0, "hashtags": ["book", "twitter", "women", "read", "kindle", "amazon"]}
{"id": 1067929682295713792, "date": "2018-11-28", "time": "18:54:12", "tweet": "I’m just tired of trying to have a normal conversation and upsetting people with my input 😕", "likes_count": 0, "replies_count": 0, "retweets_count": 0, "hashtags": []}
{"id": 1067929651715002368, "date": "2018-11-28", "time": "18:54:04", "tweet": "🇯🇵 Input-Output Price Index of the Manufacturing Industry by Sector (Oct.)  https://t.co/xExKLuHV5F BANK of JAPAN", "likes_count": 0, "replies_count": 0, "retweets_count": 0, "hashtags": []}
{"id": 1067929618689155072, "date": "2018-11-28", "time": "18:53:56", "tweet": "@dekillsage An input has me not enjoying chars i like lolol powerful", "likes_count": 3, "replies_count": 0, "retweets_count": 0, "hashtags": []}
{"id": 1067929431501529088, "date": "2018-11-28", "time": "18:53:12", "tweet": "Please join us for a public forum for #MontanaState's American Indian Hall November 29 from 3:30-5 PM! We are looking for student input, so please stop by.  https://t.co/1bczWVDsdy", "likes_count": 9, "replies_count": 0, "retweets_count": 5, "hashtags": ["montanastate"]}
{"id": 1067929426497871872, "date": "2018-11-28", "time": "18:53:11", "tweet": "S/O to @eveewing for giving RiRi some personality in the first issue. It’s wild how it wasn’t done before now and how natural it was to input in a single issue.", "likes_count": 0, "replies_count": 0, "retweets_count": 0, "hashtags": []}
{"id": 1067929296109486080, "date": "2018-11-28", "time": "18:52:40", "tweet": "Rami Malek explains Queen's input on Freddie Mercury's private life in 'Bohemian Rhapsody'  https://t.co/2jtueeCDLq", "likes_count": 0, "replies_count": 0, "retweets_count": 0, "hashtags": []}
{"id": 1067929196486365185, "date": "2018-11-28", "time": "18:52:16", "tweet": "@tps_sports dont forget to input boys and girls hoop boxscores on  https://t.co/AOBZc5AhYO or email me at lmonaco@njadvancemedia.com", "likes_count": 0, "replies_count": 0, "retweets_count": 0, "hashtags": []}
{"id": 1067929173816033281, "date": "2018-11-28", "time": "18:52:10", "tweet": "1hour 7days 240minutes  が重要とのこと。  何の数字かと言いますと、 input に 1hour thinking に 7days output に 240minutes を最低限しないと自分のものにならないということ  最初の1時間で満足してることあるから気をつけないと、、", "likes_count": 2, "replies_count": 0, "retweets_count": 0, "hashtags": []}
{"id": 1067929111149064192, "date": "2018-11-28", "time": "18:51:55", "tweet": "@LarryChoateIII Hi, Larry - we value your input on our project. We intend to preserve many elements in the design. Please email us at info@martinselig.com if you want to weigh in on the process.", "likes_count": 0, "replies_count": 1, "retweets_count": 0, "hashtags": []}
{"id": 1067929088181055488, "date": "2018-11-28", "time": "18:51:50", "tweet": "@chrissyfarr There are a few VC funded contemporary EHRs that will cause smaller practices to switch. These EHRs will also serve as (humane) input interfaces to Epic, Amazon, etc. The inflexible legacy systems will come under pressure.", "likes_count": 0, "replies_count": 0, "retweets_count": 0, "hashtags": []}
{"id": 1067929015586078729, "date": "2018-11-28", "time": "18:51:33", "tweet": "@WebberMS @lschachet We love having their input!", "likes_count": 2, "replies_count": 0, "retweets_count": 0, "hashtags": []}
{"id": 1067928931259613185, "date": "2018-11-28", "time": "18:51:13", "tweet": "Para todos los que estáis interesados en el rendimiento de Nvidia Geforce Now, Actualmente han mejorado los servidores y tiene menos input lag. En cuanto a conexión recomiendo mínimo 50 megas con un cable 5e en adelante  https://t.co/IY2NJvg90j", "likes_count": 1, "replies_count": 0, "retweets_count": 0, "hashtags": []}
{"id": 1067928882987261952, "date": "2018-11-28", "time": "18:51:01", "tweet": "Sudoku Puzzle Game for iPhone:By putting in \"flick input mode\" that enables players to put digits 1 from 9 easily! https://t.co/fwivhr7IcX", "likes_count": 0, "replies_count": 0, "retweets_count": 0, "hashtags": []}
{"id": 1067928823692431361, "date": "2018-11-28", "time": "18:50:47", "tweet": "@mickdobson @LeveringJames @FLOTUS @LibertyU Don’t address me. I wasn’t addressing U. If I wanted your input I would have addressed u from the beginning.", "likes_count": 0, "replies_count": 0, "retweets_count": 0, "hashtags": []}
{"id": 1067928674597449728, "date": "2018-11-28", "time": "18:50:11", "tweet": "Input-Output Price Index of the Manufacturing Industry by Sector (Oct.)  https://t.co/st6A3hogMD", "likes_count": 1, "replies_count": 0, "retweets_count": 0, "hashtags": []}
{"id": 1067928515117531136, "date": "2018-11-28", "time": "18:49:33", "tweet": "And it's very possible to find the light, even in something you think is awful. A good idea that's poorly executed is an example. Give input", "likes_count": 0, "replies_count": 0, "retweets_count": 0, "hashtags": []}
{"id": 1067928436960841728, "date": "2018-11-28", "time": "18:49:15", "tweet": "@sixpencetv @WatchMixer Ok, your advice will be put into the pile of things I should be doing 👍thanks for your input", "likes_count": 0, "replies_count": 0, "retweets_count": 0, "hashtags": []}
{"id": 1067928363409518593, "date": "2018-11-28", "time": "18:48:57", "tweet": "@TheEnbyperor I have stacks of MiniDiscs, an MZ-R30 (portable recording MiniDisc player with digital optical input) and an MDS-JB940 full size Hi-Fi unit in the roof somewhere.", "likes_count": 1, "replies_count": 1, "retweets_count": 0, "hashtags": []}
{"id": 1067928230408175617, "date": "2018-11-28", "time": "18:48:25", "tweet": "In most of #Africa, a major pivot of #Agricultural #policy is increasing smallholder farmer's access to modern #farm input as a means to enhancing productivity. However, in this #policy brief, I show via evidence that, to sustainab… https://t.co/c01HXl2OvX  https://t.co/UPEgxKGuEB", "likes_count": 1, "replies_count": 0, "retweets_count": 1, "hashtags": ["africa", "agricultural", "policy", "farm", "policy"]}
{"id": 1067928229472808961, "date": "2018-11-28", "time": "18:48:25", "tweet": "@castlesburning @cnalive The boy’s mother said he’s non-verbal + has Autism. My boys are ‘on the spectrum’ + we know several families with non-verbal kids.  Some mistake ‘mute’ to mean deaf. People with Autism are highly sensitive to sensory input, especially sound; many wear noise-canceling headphones.  https://t.co/7KZpf7jwEl", "likes_count": 2, "replies_count": 0, "retweets_count": 0, "hashtags": []}
{"id": 1067928102490259459, "date": "2018-11-28", "time": "18:47:55", "tweet": "“So far this agenda has been informed by community experiences but we are inviting ALL TRANS COMMUNITY MEMBERS to provide input about the immediate needs of the trans community in Los...  https://t.co/k8aQ7LKTQq", "likes_count": 0, "replies_count": 0, "retweets_count": 0, "hashtags": []}
{"id": 1067928069233463296, "date": "2018-11-28", "time": "18:47:47", "tweet": "Xxxを作る際の入力の型  XxxCreatingInput CreatingXxxInput InputCretingXxx  どれにするかだけで10分溶かす。 （結局1個目『 xxx-creating input』 にした。） ※ そもそも、わざわざ型作る必要あるのかにも悩む", "likes_count": 1, "replies_count": 1, "retweets_count": 0, "hashtags": []}
{"id": 1067928044856176640, "date": "2018-11-28", "time": "18:47:41", "tweet": "@IvankaTrump @SenBobCorker @ChrisCoons @SenatorCardin @SenatorMenendez @JohnBoozman @SenatorIsakson @marcorubio @SenCoryGardner @SenatorShaheen WOW fast Can't be ANYTHING good You are not QUALIFIED to make ANY input in to this subject  The only thing you are qualified for is being a Criminal  https://t.co/FwLdNXNxWU", "likes_count": 1, "replies_count": 0, "retweets_count": 0, "hashtags": []}
{"id": 1067928013856301057, "date": "2018-11-28", "time": "18:47:34", "tweet": "@dw_harvey This is a good piece of advice. It's one idea I'm working on. Thank you for your input!😁👍❤🙏💖💜", "likes_count": 1, "replies_count": 0, "retweets_count": 0, "hashtags": []}
{"id": 1067927959233802240, "date": "2018-11-28", "time": "18:47:21", "tweet": "Some friends from @eventideproject introduced me to @PlantUML. Love this! @GFunk911 has even demonstrated a prototype activity diagram generator that takes the contents of the message store as the input. ❤️  https://t.co/hx4yN31UQD", "likes_count": 3, "replies_count": 0, "retweets_count": 1, "hashtags": []}
{"id": 1067927865470128128, "date": "2018-11-28", "time": "18:46:58", "tweet": "@subhitaha_ Also, lowkey would love your input on my writing...I’d love to publish one day but have no idea how to go about it 🙈😅", "likes_count": 0, "replies_count": 0, "retweets_count": 0, "hashtags": []}
{"id": 1067927858050412546, "date": "2018-11-28", "time": "18:46:57", "tweet": "@edglasgow59 Is that the sum total of your meaningful input Ed ?", "likes_count": 0, "replies_count": 0, "retweets_count": 0, "hashtags": []}
{"id": 1067927790320664576, "date": "2018-11-28", "time": "18:46:41", "tweet": "Decred is a cryptocurrency project with a strong focus on community input, open governance and sustainable funding. @decredproject uses a hybrid PoW and PoS mining system to ensure bad actors cannot take control of the blockchain.  For more information:  https://t.co/Cotu7zCgUX  https://t.co/GbvW6NV6jM", "likes_count": 64, "replies_count": 3, "retweets_count": 14, "hashtags": []}
{"id": 1067927690978635776, "date": "2018-11-28", "time": "18:46:17", "tweet": "@SPORTSTRASH2k18 Thanks for the input", "likes_count": 1, "replies_count": 0, "retweets_count": 0, "hashtags": []}
{"id": 1067927651405320192, "date": "2018-11-28", "time": "18:46:07", "tweet": "@Lakers___Tweets Thanks for the input", "likes_count": 0, "replies_count": 0, "retweets_count": 0, "hashtags": []}
{"id": 1067927579573792768, "date": "2018-11-28", "time": "18:45:50", "tweet": "Curry's on Kenmore, input required via /r/Buffalo  Havent been to curry's for....maybe 15yrs. I remember it being a great place, quieter place to dine. Is that still the scene there?", "likes_count": 0, "replies_count": 0, "retweets_count": 0, "hashtags": []}
{"id": 1067927489362739200, "date": "2018-11-28", "time": "18:45:29", "tweet": "@KoekjeHebbe Hey did you ever figure out how to get rid of that slight input lag from cloning screens to an Elgato HD60 Pro PCIe card? I saw your post from like a year ago", "likes_count": 0, "replies_count": 0, "retweets_count": 0, "hashtags": []}
{"id": 1067927479015391232, "date": "2018-11-28", "time": "18:45:26", "tweet": "YES!!! #Jamboard was designed for #collaboration. It's game-changing for that. At the same time, it's a great #sketchnotes tool! So many different ways to input content and an embedded web browser! #GoogleEDU", "likes_count": 7, "replies_count": 0, "retweets_count": 0, "hashtags": ["jamboard", "collaboration", "sketchnotes", "googleedu"]}
{"id": 1067927412086730753, "date": "2018-11-28", "time": "18:45:10", "tweet": "@brad_frost Um...being on a design systems team, evolving to design ops, and just getting good input on how to do so.", "likes_count": 1, "replies_count": 0, "retweets_count": 0, "hashtags": []}
{"id": 1067927356436897792, "date": "2018-11-28", "time": "18:44:57", "tweet": "It nuh mek sense but I make certain tweets that are NOT intended for ppl to respond to or make an input on. Like somedays jus scroll n lowe me pls😂😂", "likes_count": 3, "replies_count": 0, "retweets_count": 0, "hashtags": []}
{"id": 1067927218360184833, "date": "2018-11-28", "time": "18:44:24", "tweet": "@audreymdmph @thedailybeast Thank you, Dr. Provenzano. Writers cannot create headlines at news sites; the managers/editors write the heads. As a freelancer I have no input into that process. And yes, the 'misuser' v. 'addict' debate is ongoing among journalism policy-setters, for the reasons you state.", "likes_count": 1, "replies_count": 1, "retweets_count": 0, "hashtags": []}
{"id": 1067927205962031104, "date": "2018-11-28", "time": "18:44:21", "tweet": "#qtlabs \"Handwriting, the essential input method for a successful User Experience\"  https://t.co/IWjxCuo8yS", "likes_count": 0, "replies_count": 0, "retweets_count": 0, "hashtags": ["qtlabs"]}
{"id": 1067927157400231937, "date": "2018-11-28", "time": "18:44:10", "tweet": "中の人の飛蚊症が入力作業で悪化しそうです。  NAKA-NO-HITO's myodesopsia is likely to deteriorate by this input operation. (適当)", "likes_count": 0, "replies_count": 0, "retweets_count": 0, "hashtags": []}
{"id": 1067927121341886464, "date": "2018-11-28", "time": "18:44:01", "tweet": "@raihan_ boby @AeonShaker figured out what actually sucks is the audio input through instagram if you record through the native camera app it's pretty good and can even take in some really heavy bass", "likes_count": 2, "replies_count": 1, "retweets_count": 0, "hashtags": []}
{"id": 1067927086940205057, "date": "2018-11-28", "time": "18:43:53", "tweet": "@MikePenceVP @realDonaldTrump The danger here Mike is too many 3rd graders having input on soo many grown up issues! Please do what yiu can ro keep the uneducated in grade school until they are ready for 2019", "likes_count": 0, "replies_count": 0, "retweets_count": 0, "hashtags": []}
{"id": 1067927061673652224, "date": "2018-11-28", "time": "18:43:47", "tweet": "@ScottAttula And yet I never said I wanted to build one myself. I was asking for a friend who knows nothing about these kind of things. So your answer does me little good. I still appreciate your input though.", "likes_count": 0, "replies_count": 1, "retweets_count": 0, "hashtags": []}
{"id": 1067926923353956353, "date": "2018-11-28", "time": "18:43:14", "tweet": "Cory bookmasterbater  apparently thinks the Constitution lacks sufficient checks and balances. The founders sorely missed his input i am sure.", "likes_count": 0, "replies_count": 0, "retweets_count": 0, "hashtags": []}
{"id": 1067926913933590529, "date": "2018-11-28", "time": "18:43:12", "tweet": "@TACTCare @mummytiger1 @PboroAdoption Great you have had support - unfortunately, as kinship carers, nothing of the sort is in place and we just have to get on with it without any professional input whatsoever! ☹️ not even aware of this group until a  few weeks ago. #upset", "likes_count": 0, "replies_count": 0, "retweets_count": 0, "hashtags": ["upset"]}
{"id": 1067926857797042176, "date": "2018-11-28", "time": "18:42:58", "tweet": "@marianan You are entitled to your view. I am entitled to mine. We can agree to disagree. I appreciate your input about slut shaming. I will continue to post what I think is appropriate. Feel free to unfollow me.", "likes_count": 0, "replies_count": 1, "retweets_count": 0, "hashtags": []}
{"id": 1067926792114237441, "date": "2018-11-28", "time": "18:42:43", "tweet": "Our #Ravens attendance poll question at #DMD is poppin' off the charts!   Please vote and tell us how many games you've attended in the last two seasons at  https://t.co/DlzvpDBfQ0  We're starting a month-long look/discussion about #Ravens attendance. Need your input. Please vote!", "likes_count": 0, "replies_count": 0, "retweets_count": 0, "hashtags": ["ravens", "dmd", "ravens"]}
