{"id": 1051985828992507905, "date": "2018-10-15", "time": "19:59:01", "tweet": "YALL PLEASE TELL RICO TO HMU. PROJECT PERIOD WOULD BE 10X MORE FLY WITH HER INPUT!!!!!! LETS GOOOO @Rico_nastyy", "likes_count": 8, "replies_count": 0, "retweets_count": 3, "hashtags": []}
{"id": 1051985719596597248, "date": "2018-10-15", "time": "19:58:35", "tweet": "I am just going to kick on the stream so I can get some input from people am in solos atm.", "likes_count": 4, "replies_count": 0, "retweets_count": 1, "hashtags": []}
{"id": 1051985688374194176, "date": "2018-10-15", "time": "19:58:27", "tweet": "@ChrisRuckerShow @CPBuff22 @BellaTwins You're welcome for the input, \"bruh\".", "likes_count": 0, "replies_count": 0, "retweets_count": 0, "hashtags": []}
{"id": 1051985671869542400, "date": "2018-10-15", "time": "19:58:23", "tweet": "#MondayMotivation #read the story Couples love drama Research, storytelling &amp; Intimate input by 8 #women Online sex #addiction \"Written with raw honesty\" \"Wow didn't think I would like this one but wow it blew me away! This book is... pretty heavy\" #Amazon  https://t.co/gfUKHwVLuJ  https://t.co/zmMLlhUtgs", "likes_count": 1, "replies_count": 0, "retweets_count": 3, "hashtags": ["mondaymotivation", "read", "women", "addiction", "amazon"]}
{"id": 1051985659362193408, "date": "2018-10-15", "time": "19:58:20", "tweet": "@cjohnston1196 @HailVarsity Thanks. Our football coach gave us some input on new uniforms in HS and probably regretted it. But I had fun.", "likes_count": 1, "replies_count": 0, "retweets_count": 0, "hashtags": []}
{"id": 1051985403635531776, "date": "2018-10-15", "time": "19:57:19", "tweet": "The HTML for zip codes in an form input is not as straightforward as you might think.  https://t.co/lbd427Ign4  https://t.co/NfIuF38x9K", "likes_count": 98, "replies_count": 3, "retweets_count": 27, "hashtags": []}
{"id": 1051985277772795906, "date": "2018-10-15", "time": "19:56:49", "tweet": "@FSLNlearning I believe if grit is the leader's personal core value, it would manifest itself in her/his every day work through their action plans, communication skills, flexibility, reception of others ideas/input, collaborative effort,  perspective, and daily reflection.", "likes_count": 2, "replies_count": 0, "retweets_count": 0, "hashtags": []}
{"id": 1051985214162030594, "date": "2018-10-15", "time": "19:56:34", "tweet": "Q: How can the city ensure zoning restrictions and real estate  developments deals don’t move forward without community input?  A: Back door meetings about land use is not the way our city should operate. Communities must have a say in every part of the conversation.", "likes_count": 10, "replies_count": 5, "retweets_count": 1, "hashtags": []}
{"id": 1051984931541450753, "date": "2018-10-15", "time": "19:55:27", "tweet": "If you ask me something about the next person that has nothing to do with me, you won’t get my input on it", "likes_count": 0, "replies_count": 0, "retweets_count": 0, "hashtags": []}
{"id": 1051984746262093826, "date": "2018-10-15", "time": "19:54:43", "tweet": "Not only do librarians (or others) need to standardize #metadata for #machinelearning in order to input the #data, we'll also need to be able to normalize that info over time.   #DLFforum", "likes_count": 1, "replies_count": 0, "retweets_count": 1, "hashtags": ["metadata", "machinelearning", "data", "dlfforum"]}
{"id": 1051984515332222977, "date": "2018-10-15", "time": "19:53:48", "tweet": "@michelemeiners @kencen Thanks for the input! I appreciate it! I just can’t wait for all my tickets, ya know?! 🤪", "likes_count": 0, "replies_count": 0, "retweets_count": 0, "hashtags": []}
{"id": 1051984476438319104, "date": "2018-10-15", "time": "19:53:38", "tweet": "@CorKinetic @PTMensah @DerekGriffin86 @BlaiseDoran @PBlite29 Multiple sites of peripheral input for example OA is often be present in multiple joints knee, hip, facet jts etc", "likes_count": 1, "replies_count": 1, "retweets_count": 0, "hashtags": []}
{"id": 1051984475847106560, "date": "2018-10-15", "time": "19:53:38", "tweet": "@DoctorChristian Do youbhave any contacts that could highlight the dangerous MMS/industrial bleach \"cure\" for #autism (and apparently cancer(!)) to the autism bodies.  Each time I flag it to @Autism @autismspeaks @AutismSociety there's no response. They must have an input.  @fionapettit71", "likes_count": 2, "replies_count": 2, "retweets_count": 1, "hashtags": ["autism"]}
{"id": 1051984468129415168, "date": "2018-10-15", "time": "19:53:36", "tweet": "@Kehlani giiiiiirl I know you are a 35mm photographer too, and being from Oakland I’d LOVE your input on this.", "likes_count": 0, "replies_count": 0, "retweets_count": 0, "hashtags": []}
{"id": 1051984104592273408, "date": "2018-10-15", "time": "19:52:10", "tweet": "@CorKinetic @PTMensah @DerekGriffin86 @BlaiseDoran @PBlite29 Yes and we need to recognise that both peripheral and central mechanisms are necessary for pain. Some push the concept that pain can exist without peripheral input", "likes_count": 2, "replies_count": 0, "retweets_count": 0, "hashtags": []}
{"id": 1051984085743271936, "date": "2018-10-15", "time": "19:52:05", "tweet": "Well we got mixed answers but webshow it is!! Unless we are actually gaming or doing a craft at the same time :) thanks for the input.", "likes_count": 6, "replies_count": 0, "retweets_count": 0, "hashtags": []}
{"id": 1051983878754168832, "date": "2018-10-15", "time": "19:51:16", "tweet": "@lejihundary belum d input sm JnT nyaaa brrti win", "likes_count": 0, "replies_count": 1, "retweets_count": 0, "hashtags": []}
{"id": 1051983864720166916, "date": "2018-10-15", "time": "19:51:12", "tweet": "Expectations that far exceed their input I.e. doing the bare minimum and expecting me to put all my effort into it.", "likes_count": 0, "replies_count": 0, "retweets_count": 0, "hashtags": []}
{"id": 1051983774030934016, "date": "2018-10-15", "time": "19:50:51", "tweet": "Physed community question? I need input on a short throw projector that’s bright enough for a gym &amp; still give me a 10 ft screen from 6ft away. My current short throw just isn’t bright enough. Thanks #physed community.", "likes_count": 0, "replies_count": 1, "retweets_count": 1, "hashtags": ["physed"]}
{"id": 1051983771438903301, "date": "2018-10-15", "time": "19:50:50", "tweet": "Strategic Plan Community Input  https://t.co/l04N0tf3Dk", "likes_count": 0, "replies_count": 0, "retweets_count": 0, "hashtags": []}
