{"id": 1059233817154740234, "date": "2018-11-04", "time": "18:59:56", "tweet": "Alright just one input", "likes_count": 0, "replies_count": 0, "retweets_count": 0, "hashtags": []}
{"id": 1059233749076979712, "date": "2018-11-04", "time": "18:59:40", "tweet": "Gus helping me fill out a job application. His input was invaluable 😂 #longhairedweimaraner #weimaraner #dogsofinstagram  https://t.co/v6sarkedJt", "likes_count": 1, "replies_count": 1, "retweets_count": 0, "hashtags": ["longhairedweimaraner", "weimaraner", "dogsofinstagram"]}
{"id": 1059233313997627395, "date": "2018-11-04", "time": "18:57:56", "tweet": "I added a video to a @YouTube playlist  https://t.co/s56hgFxRGq Input Fields - Property Development - Validation Feasibility", "likes_count": 0, "replies_count": 0, "retweets_count": 0, "hashtags": []}
{"id": 1059233264013955072, "date": "2018-11-04", "time": "18:57:44", "tweet": "@robreiner No he hasn't. Propaganda from democrats and global celebs has but thanks for your lying input meathead 😂", "likes_count": 0, "replies_count": 0, "retweets_count": 0, "hashtags": []}
{"id": 1059233202349527046, "date": "2018-11-04", "time": "18:57:29", "tweet": "@zCenturionn thanks for your input zcent", "likes_count": 0, "replies_count": 1, "retweets_count": 0, "hashtags": []}
{"id": 1059233084502106112, "date": "2018-11-04", "time": "18:57:01", "tweet": "#NURS646 M11 Using CDSS in NICU could alert RNs and residents for emerging NEC in babies, by using data input from RN as well as extracting lab results and risk factors to provide alert for risk. NEC order sets ensure consistent care provided once diagnosed", "likes_count": 1, "replies_count": 0, "retweets_count": 0, "hashtags": ["nurs646"]}
{"id": 1059232951173562374, "date": "2018-11-04", "time": "18:56:29", "tweet": "@Whoswhittaker Chibnall was in the writers room when it was being made... he had his input", "likes_count": 0, "replies_count": 1, "retweets_count": 0, "hashtags": []}
{"id": 1059232849692377088, "date": "2018-11-04", "time": "18:56:05", "tweet": "Media Co-op website redesign: call for input - Featured Posts  https://t.co/2zZmbl7A8S", "likes_count": 0, "replies_count": 0, "retweets_count": 0, "hashtags": []}
{"id": 1059232829932888064, "date": "2018-11-04", "time": "18:56:00", "tweet": "'We know Hwy. 65 is bad': @MnDOTnews seeks input for improving safety, congestion.  https://t.co/Mr6pkf9NJF  https://t.co/0FOw771BrQ", "likes_count": 2, "replies_count": 2, "retweets_count": 0, "hashtags": []}
{"id": 1059232674588573706, "date": "2018-11-04", "time": "18:55:23", "tweet": "Input Fields - Property Development - Validation Feasibility:  https://t.co/s56hgFxRGq via @YouTube", "likes_count": 0, "replies_count": 0, "retweets_count": 0, "hashtags": []}
{"id": 1059232654145536002, "date": "2018-11-04", "time": "18:55:18", "tweet": "v3.4.0 is out! ✨ ⚛️ Fix some React 16.6.0 warnings in StrictMode 💅 Improve the customization of the outlined input 💄 And much more  https://t.co/smUHlqe9qa", "likes_count": 37, "replies_count": 2, "retweets_count": 8, "hashtags": []}
{"id": 1059232631060086785, "date": "2018-11-04", "time": "18:55:13", "tweet": "@theferocity We'll miss your input tonight!", "likes_count": 0, "replies_count": 0, "retweets_count": 0, "hashtags": []}
{"id": 1059232583899181056, "date": "2018-11-04", "time": "18:55:02", "tweet": "@AlbeertaStan @Tzeporah You'd have a net energy input going from CO2 to hydrocarbons to plastics. So in an era when most of our energy still comes from fossil fuels, we'd have to create more CO2 to sequester the CO2 we've created earlier.\"", "likes_count": 0, "replies_count": 0, "retweets_count": 0, "hashtags": []}
{"id": 1059232169212739584, "date": "2018-11-04", "time": "18:53:23", "tweet": "GE FANUC IC693MDL655J INPUT MODULE * USED *  https://t.co/DyhKGSBaVR  https://t.co/HsSLdYdcZP", "likes_count": 0, "replies_count": 0, "retweets_count": 0, "hashtags": []}
{"id": 1059231903050543105, "date": "2018-11-04", "time": "18:52:19", "tweet": "@Maple_Pucks I had a blast at @NekoCon , would love to come talk time travel and Cthulhu again! You guys were a great audience with Cool input!", "likes_count": 3, "replies_count": 0, "retweets_count": 0, "hashtags": []}
{"id": 1059231669066977280, "date": "2018-11-04", "time": "18:51:24", "tweet": "@mystman12 @winebaldi @mystman12 P.S. -I also won’t be using any assets created by you in the game! That’s all your property and I can respect that. I’ll be recreating them through my own artwork of course!  This comic will be having my creative input only whilst showing your characters &amp; ideas. C:", "likes_count": 0, "replies_count": 1, "retweets_count": 0, "hashtags": []}
{"id": 1059231649689419776, "date": "2018-11-04", "time": "18:51:19", "tweet": "Thinking of making an intro for my @CLPC_Official videos. How long should I make it? An old one I have is a 60 second one, more of a mini montage if anything. But your input would be great.", "likes_count": 1, "replies_count": 0, "retweets_count": 0, "hashtags": []}
{"id": 1059231333635960832, "date": "2018-11-04", "time": "18:50:04", "tweet": "Getting input from a lot of people in a short amount of time is tough. Here's how we did it.  How to Facilitate a Community Meeting  https://t.co/yPI2U2istn  https://t.co/fLLtThFxbZ", "likes_count": 0, "replies_count": 0, "retweets_count": 0, "hashtags": []}
{"id": 1059231291764142080, "date": "2018-11-04", "time": "18:49:54", "tweet": "@jp_bse hell yeah. i love doing this with mixes in particular. because mixes aren't that hard to make, but they involve real creative input on your part. so it's real satisfying. link me to your mix if you're open to it!", "likes_count": 1, "replies_count": 1, "retweets_count": 0, "hashtags": []}
{"id": 1059231220364533760, "date": "2018-11-04", "time": "18:49:37", "tweet": "If you’re here in San Diego and want to give input to the #BRAINInitiative, come to the Town Hall in the San Diego Ballroom, North Tower, Marriott Marquis at 6:30. @NINDSdirector and I will moderate a panel including members of the BRAIN 2.0 workgroup.", "likes_count": 3, "replies_count": 1, "retweets_count": 2, "hashtags": ["braininitiative"]}
