{"id": 1060320887331794946, "date": "2018-11-07", "time": "18:59:34", "tweet": "Please provide your input!  https://t.co/Sfzm0nMMPy", "likes_count": 0, "replies_count": 0, "retweets_count": 0, "hashtags": []}
{"id": 1060320865588535296, "date": "2018-11-07", "time": "18:59:28", "tweet": "Siemens 6ES7331-7SF00-0AB0 6ES7 331-7SF00-0AB0 SIMATIC S7-300 TC/RTD Input  https://t.co/aKoNr42X0N", "likes_count": 0, "replies_count": 0, "retweets_count": 0, "hashtags": []}
{"id": 1060320705978368000, "date": "2018-11-07", "time": "18:58:50", "tweet": "PG points received. Download PhotoGrid and input my invite code to get more!  https://t.co/Nz6v50MxQx", "likes_count": 0, "replies_count": 0, "retweets_count": 0, "hashtags": []}
{"id": 1060320631026278406, "date": "2018-11-07", "time": "18:58:32", "tweet": "@KiriCallaghan Am I the only one super anxious with that truck riding your ass the whole way down the freeway  🙈  Totally underrated point though - bring those side characters to life if only in your head, it'll translate into whatever input they have", "likes_count": 0, "replies_count": 1, "retweets_count": 0, "hashtags": []}
{"id": 1060320457411436545, "date": "2018-11-07", "time": "18:57:51", "tweet": "If you're better informed than I am, or you have input, give me some discourse on it. I'd really like to be able to wrap my mind around the level of \"wrong\" this is", "likes_count": 0, "replies_count": 0, "retweets_count": 0, "hashtags": []}
{"id": 1060320449555509249, "date": "2018-11-07", "time": "18:57:49", "tweet": "When you call @ADP after 5 pm, you get to input prompts and codes for almost three minutes before you learn that they are closed. It's fun.", "likes_count": 1, "replies_count": 1, "retweets_count": 0, "hashtags": []}
{"id": 1060320434950795264, "date": "2018-11-07", "time": "18:57:46", "tweet": "anyway that’s my input for the day that no one asked for but i still kindly gave!", "likes_count": 0, "replies_count": 0, "retweets_count": 0, "hashtags": []}
{"id": 1060320277458911232, "date": "2018-11-07", "time": "18:57:08", "tweet": "I’m writing my dreadful paper about love now,,,, if any of y’all want to input or send me quotes about love, that would be greatly appreciated. otherwise, she’s going to be a real cynical paper 🙄", "likes_count": 2, "replies_count": 1, "retweets_count": 0, "hashtags": []}
{"id": 1060320129676988416, "date": "2018-11-07", "time": "18:56:33", "tweet": "There is so much focus on teaching women how to succeed in a man’s world. Why don’t we focus more on teaching men to change some of their behavior and some of the cultural and societal norms they’ve created that could be improved with the input of women.", "likes_count": 102, "replies_count": 4, "retweets_count": 16, "hashtags": []}
{"id": 1060320114225102848, "date": "2018-11-07", "time": "18:56:29", "tweet": "Jual Discman Sony D-NF400 - Body ada baret penggunaan - Fungsi normal - Lcd terbaca - Power batre AA 2X - Ada input adaptor juga - Minus engsel nutup kurang rapet (foto terakhir) Harga 175K (blm ongkir) Info &amp;...  https://t.co/OlzL53hCNx", "likes_count": 0, "replies_count": 0, "retweets_count": 0, "hashtags": []}
{"id": 1060319929507946498, "date": "2018-11-07", "time": "18:55:45", "tweet": "Jual Discman Sony D-NF400 - Body ada baret penggunaan - Fungsi normal - Lcd terbaca - Power batre AA 2X - Ada input adaptor juga - Minus engsel nutup kurang rapet (foto terakhir) Harga…  https://t.co/Fhh81L1rVa", "likes_count": 0, "replies_count": 0, "retweets_count": 0, "hashtags": []}
{"id": 1060319927188434944, "date": "2018-11-07", "time": "18:55:45", "tweet": "TuMz v7: hierarchical error control for multiple-input pigment.", "likes_count": 0, "replies_count": 0, "retweets_count": 0, "hashtags": []}
{"id": 1060319890438057986, "date": "2018-11-07", "time": "18:55:36", "tweet": "Input = output . Don’t expect to receive more than you give .", "likes_count": 0, "replies_count": 0, "retweets_count": 0, "hashtags": []}
{"id": 1060319752487350272, "date": "2018-11-07", "time": "18:55:03", "tweet": "The @CarolinaChamber wants your input for which community heroes deserve recognition this year. Nominations close on Friday!  https://t.co/55m89NZ3mh", "likes_count": 1, "replies_count": 0, "retweets_count": 0, "hashtags": []}
{"id": 1060319719557750784, "date": "2018-11-07", "time": "18:54:55", "tweet": "The visual image interfered with the auditory input.", "likes_count": 0, "replies_count": 0, "retweets_count": 0, "hashtags": []}
{"id": 1060319591455440896, "date": "2018-11-07", "time": "18:54:25", "tweet": "@abcdlabReading @TheHandLab Yes, TCS and TMS do share some (not all) issues regarding sensory co-stimulation. Somatosensory input is a confound for both, auditory only for TMS. Anyway, sham is not a sufficient control in either one unless it is sufficiently realistic. See also:  https://t.co/15TiMOLNHa", "likes_count": 3, "replies_count": 1, "retweets_count": 0, "hashtags": []}
{"id": 1060319514452246533, "date": "2018-11-07", "time": "18:54:06", "tweet": "@CoolWhip135 Double check that you've input your code correctly:  https://t.co/dlGRcYgxDH and if that does not resolve the issue, please open a support ticket with us here:  https://t.co/ks7YAP9LMr", "likes_count": 0, "replies_count": 2, "retweets_count": 0, "hashtags": []}
{"id": 1060319481946300416, "date": "2018-11-07", "time": "18:53:58", "tweet": "Three #chapters left to #edit. I will make a series of #customersurveys to both get input on the content and get some attention. And I need to get my #booksales page ready.", "likes_count": 0, "replies_count": 0, "retweets_count": 0, "hashtags": ["chapters", "edit", "customersurveys", "booksales"]}
{"id": 1060319318813171712, "date": "2018-11-07", "time": "18:53:20", "tweet": "Guessing this would also involve the ability to input what qualifies as \"explicit\" in certain contexts, since that's likely subjective.  Maybe v1 is just actual songs already marked \"explicit\" and can build customization from there?", "likes_count": 1, "replies_count": 0, "retweets_count": 0, "hashtags": []}
{"id": 1060319227033407488, "date": "2018-11-07", "time": "18:52:58", "tweet": "Go to  https://t.co/I99bffZXxq on your iPhone/iPod Safari, input my code c11971736.  https://t.co/smJg6WR3f5", "likes_count": 0, "replies_count": 0, "retweets_count": 0, "hashtags": []}
{"id": 1060319212579762178, "date": "2018-11-07", "time": "18:52:54", "tweet": "Surely the Sterling penalty call tonight just further backs up the urgent need for VAR and in the process @UEFA need to bin off the officials behind the goal. What’s the point in them exactly? Can’t remember them ever having any valuable input at all. Absolutely pointless. #UCL", "likes_count": 0, "replies_count": 0, "retweets_count": 0, "hashtags": ["ucl"]}
{"id": 1060319178605895680, "date": "2018-11-07", "time": "18:52:46", "tweet": "@rachellllmaya Nah just tell them nicely with constructive criticism. Definitely give compliments where deserved but don’t rob them of your informed input", "likes_count": 1, "replies_count": 1, "retweets_count": 0, "hashtags": []}
{"id": 1060319109320183808, "date": "2018-11-07", "time": "18:52:30", "tweet": "@realcubsinsider They let Maddon choose his people &amp; are now revisiting those liberties b/c of results &amp; probably player input. Theo had a heavy hand on the rudder until 2018 &amp; it worked out okay. He wants more trophies. So do I.", "likes_count": 0, "replies_count": 0, "retweets_count": 0, "hashtags": []}
{"id": 1060319043641462784, "date": "2018-11-07", "time": "18:52:14", "tweet": "Are the PFs→DMS and VPs→DLS projections two unexpected links between the #thalamus and the #striatum? How is the thalamic input involved in the temporal scaling of action sequences? What is the role of the thalamus in the hierarchical control of action?  https://t.co/XkroeR1x22", "likes_count": 1, "replies_count": 1, "retweets_count": 0, "hashtags": ["thalamus", "striatum"]}
{"id": 1060318972887752704, "date": "2018-11-07", "time": "18:51:57", "tweet": "@PattenPending oooo i could do a google doc that could format the input into a pie chart. so if everyone lists appx how many slices of each kind of pie they are bringing, this dream could come true!", "likes_count": 0, "replies_count": 1, "retweets_count": 0, "hashtags": []}
{"id": 1060318736794693632, "date": "2018-11-07", "time": "18:51:01", "tweet": ".....that are the illness itself you can identify what illness a person, animal or plant life has. With that you can input the radio waves or block the unwanted radio waves.   It all comes down to manipulation.   https://t.co/Qvwb7du5iX", "likes_count": 0, "replies_count": 0, "retweets_count": 0, "hashtags": []}
{"id": 1060318689835266053, "date": "2018-11-07", "time": "18:50:50", "tweet": "Maybe this fixes the input lag that happens when wired? Someone test please?", "likes_count": 1, "replies_count": 0, "retweets_count": 0, "hashtags": []}
{"id": 1060318669002149888, "date": "2018-11-07", "time": "18:50:45", "tweet": "Do you HONESTLY think that trauma surgeons, ED docs, NPs and trauma nurses need input from YOU on the consequences of gun violence??? How fucking stupid are you people?", "likes_count": 15, "replies_count": 1, "retweets_count": 4, "hashtags": []}
{"id": 1060318543030435840, "date": "2018-11-07", "time": "18:50:15", "tweet": "City Manager Mike Herr: I took responsibility of going ahead and paying that. I don't want the City Commission to think I disregarded your input. I hoped that you would trust my judgement. #Polk", "likes_count": 0, "replies_count": 0, "retweets_count": 0, "hashtags": ["polk"]}
{"id": 1060318481596342272, "date": "2018-11-07", "time": "18:50:00", "tweet": "@MiracleJanet @bennyjohnson Analytical input may come off as rambling to those away from digesting .... Suggest you practice analytical thought by playing chess or reviewing some algebra. Your brain will pound at 1st. Insults indicate immaturity. U might want to work on that. FakeItUntilYouMakeIt 😂😂😂👋", "likes_count": 0, "replies_count": 2, "retweets_count": 0, "hashtags": []}
{"id": 1060318413430476800, "date": "2018-11-07", "time": "18:49:44", "tweet": "Give MS your input in our customer focus groups! See the list at bottom of:  https://t.co/7WNDtxMnb7", "likes_count": 1, "replies_count": 0, "retweets_count": 0, "hashtags": []}
{"id": 1060318329766785024, "date": "2018-11-07", "time": "18:49:24", "tweet": "HP Newest 27\" Widescreen IPS LED Full HD (1920 x 1080) #Monitor, 10,000,000:1 Contrast Ratio, 5 ms Response Time, FreeSync, 2X HDMI and 1x VGA Input, 178° View Angle, 75Hz Refresh Rate, Natural Silver #Amazon #deal #deals Link For Product:   https://t.co/1Mz4lrqEj8  https://t.co/W5VT37GkCz", "likes_count": 0, "replies_count": 0, "retweets_count": 0, "hashtags": ["monitor", "amazon", "deal", "deals"]}
{"id": 1060317935716036608, "date": "2018-11-07", "time": "18:47:50", "tweet": "仕事があって途中参加途中退席でしたが、沢山のinputがありました。私は、技術進化の速さを活用して顧客のペインを解決できる架け橋のような存在でありたいし、そういうプロダクトを顧客に提供していきたいと思いました。頑張ります！ありがとうございました。 #pmconfjp", "likes_count": 2, "replies_count": 0, "retweets_count": 0, "hashtags": ["pmconfjp"]}
{"id": 1060317876727541762, "date": "2018-11-07", "time": "18:47:36", "tweet": "@EnelradSedir @WDFW The violation here would be that there was not enough public input after the Wolf Advisory Group established protocol and that this us in violation of the public's rights. 2/", "likes_count": 0, "replies_count": 1, "retweets_count": 0, "hashtags": []}
{"id": 1060317721177546753, "date": "2018-11-07", "time": "18:46:59", "tweet": "Next up we’re hearing from SafePCSP at our Budget 2019 Consultation meeting tonight.  There are still chances to provide your input. Details at the link below:   https://t.co/Zd4FUWlwuI  https://t.co/118JdYpDlX", "likes_count": 3, "replies_count": 0, "retweets_count": 2, "hashtags": []}
{"id": 1060317700092682241, "date": "2018-11-07", "time": "18:46:54", "tweet": "because an error will stop evaluation, every individual error test case needs its own entire directory with its own input file and expected output file", "likes_count": 0, "replies_count": 1, "retweets_count": 0, "hashtags": []}
{"id": 1060317667834449921, "date": "2018-11-07", "time": "18:46:46", "tweet": "Thank you for your input...  https://t.co/u32Pdaa5xz", "likes_count": 0, "replies_count": 1, "retweets_count": 0, "hashtags": []}
{"id": 1060317580278333441, "date": "2018-11-07", "time": "18:46:25", "tweet": "I liked a @YouTube video  https://t.co/tr2y8X7lB9 PS/2 Vs USB Mouse - Input Lag - Still a VIABLE Option for PC GAMERS in 2018...?!", "likes_count": 0, "replies_count": 0, "retweets_count": 0, "hashtags": []}
{"id": 1060317529028083713, "date": "2018-11-07", "time": "18:46:13", "tweet": "@J_Leap @Stonekettle Thanx for the input, hope you understand why i can't like this tweet", "likes_count": 1, "replies_count": 1, "retweets_count": 0, "hashtags": []}
{"id": 1060317416826257409, "date": "2018-11-07", "time": "18:45:46", "tweet": "@MichaelRHAMEL1 @cookiemutt I appreciate the input, ty", "likes_count": 0, "replies_count": 0, "retweets_count": 0, "hashtags": []}
{"id": 1060317343312560128, "date": "2018-11-07", "time": "18:45:29", "tweet": "@ryanflorence Pretty darned slick! I do get a flash of the list appearing when I clear the input though. I am sure that's already on your todo list. Keep up the good work I am going to need this component when its ready.", "likes_count": 1, "replies_count": 0, "retweets_count": 0, "hashtags": []}
{"id": 1060317254011752453, "date": "2018-11-07", "time": "18:45:07", "tweet": "If it's anything like NC, the Wisconsin GOP could try to remove as much executive branch appointment power as they can &amp; Dem input on election admin. Walker's GOP already replaced the respected nonpartisan election admin system with a more partisan system  https://t.co/jB8DbZFieV", "likes_count": 33, "replies_count": 1, "retweets_count": 15, "hashtags": []}
{"id": 1060317185569103872, "date": "2018-11-07", "time": "18:44:51", "tweet": "@mcamposquinn @kieranjol @digitensions I agree with you in case of complex frameworks like MoviePy, but ffmpy is just doing input/output management..but yes, one could propably replace ffmpy with direct subprocess.Popen() calls directly. but why when it does the job you'd need to do anyway and comes with unit tests ?", "likes_count": 0, "replies_count": 0, "retweets_count": 0, "hashtags": []}
{"id": 1060317031130644480, "date": "2018-11-07", "time": "18:44:14", "tweet": "imagine ending a speedgame at final input  this post made by the jrta gang", "likes_count": 0, "replies_count": 0, "retweets_count": 0, "hashtags": []}
{"id": 1060316978580058112, "date": "2018-11-07", "time": "18:44:02", "tweet": "@chaunti2turnt Hell yeah I was waiting for you input", "likes_count": 0, "replies_count": 1, "retweets_count": 0, "hashtags": []}
{"id": 1060316969939791872, "date": "2018-11-07", "time": "18:44:00", "tweet": "Andrew Fredericks demonstrates the power of iNPUT-ACE to a full house for training one of two, on Day 3 at the 2018 LEVA Symposium in San Antonio, TX. Couldn’t get a seat for either session today? there are still a few training opportunities left for 2018.  https://t.co/sZG66xfxO5  https://t.co/BEKVcgS6je", "likes_count": 0, "replies_count": 0, "retweets_count": 1, "hashtags": []}
{"id": 1060316956115591168, "date": "2018-11-07", "time": "18:43:56", "tweet": "@MohlerBeth So great to seek valuable input from students!", "likes_count": 1, "replies_count": 0, "retweets_count": 0, "hashtags": []}
{"id": 1060316927221026816, "date": "2018-11-07", "time": "18:43:49", "tweet": "@SubDeliveryZone Get a good lawyer. They hold the property in resulting trust. You do have a right on the property as long as you paid for it all and she made no input in the finance.", "likes_count": 1, "replies_count": 0, "retweets_count": 0, "hashtags": []}
{"id": 1060316604712476672, "date": "2018-11-07", "time": "18:42:32", "tweet": "@deherle True! I've pretty much adopted that over the last few years. Most of these bookmarks are from ages ago. Mostly irrelevant now, I suppose. Good input, thanks!", "likes_count": 0, "replies_count": 0, "retweets_count": 0, "hashtags": []}
{"id": 1060316508591718401, "date": "2018-11-07", "time": "18:42:10", "tweet": "@yrfatfriend Do I know the ppl well enough to understand some of what they go through as a fat person. And would they welcome my input?", "likes_count": 0, "replies_count": 0, "retweets_count": 0, "hashtags": []}
{"id": 1060316474840150017, "date": "2018-11-07", "time": "18:42:01", "tweet": "@sentosumosaba I bet if calculators were recorded for input 589 X ?= would be the sum most calculated this year 😱😱", "likes_count": 0, "replies_count": 0, "retweets_count": 0, "hashtags": []}
{"id": 1060316456896745472, "date": "2018-11-07", "time": "18:41:57", "tweet": "Going Input-Free or How to Stay Creative and Sane  https://t.co/7bAnzdKq4q", "likes_count": 1, "replies_count": 0, "retweets_count": 0, "hashtags": []}
{"id": 1060316388307349504, "date": "2018-11-07", "time": "18:41:41", "tweet": "@Onogork yeah even some good roblox games have this problem. Some do change it based on last input though", "likes_count": 3, "replies_count": 0, "retweets_count": 0, "hashtags": []}
{"id": 1060316270950801409, "date": "2018-11-07", "time": "18:41:13", "tweet": "@LtCmdShelby2017 @realDonaldTrump Thank for your insignificant input.", "likes_count": 0, "replies_count": 0, "retweets_count": 0, "hashtags": []}
{"id": 1060316129145446401, "date": "2018-11-07", "time": "18:40:39", "tweet": "Beer Me BC survey is now open. Take 5 minutes to give your input. Who knows, you might win some swag!", "likes_count": 1, "replies_count": 0, "retweets_count": 0, "hashtags": []}
{"id": 1060315979614445568, "date": "2018-11-07", "time": "18:40:03", "tweet": "@NYFarmer @waiterich @sarahbridle Hi @NYFarmer thanks for the input. In the graphic we are actually talking about emissions related to food consumption &amp; purchase, not where/how it is farmed. I totally agree good farming can help, but that's another topic :)", "likes_count": 2, "replies_count": 1, "retweets_count": 0, "hashtags": []}
{"id": 1060315951537635331, "date": "2018-11-07", "time": "18:39:57", "tweet": "I'm playing games on iCashApp and it's so much fun! You can earn money as well playing game. Download it, input the refer code 64RTY2B get free 5USD. #iCash  https://t.co/nJNiyMWBaa", "likes_count": 0, "replies_count": 0, "retweets_count": 0, "hashtags": ["icash"]}
{"id": 1060315947255451649, "date": "2018-11-07", "time": "18:39:56", "tweet": "... Those moments of feeling and experiencing biological sensory input even involve filosophical gravity to every sole individual. #oops #forgottotweet #ishouldstoptweetingdrunk #2ndpart #check", "likes_count": 0, "replies_count": 0, "retweets_count": 0, "hashtags": ["oops", "forgottotweet", "ishouldstoptweetingdrunk", "2ndpart", "check"]}
{"id": 1060315730661396480, "date": "2018-11-07", "time": "18:39:04", "tweet": "@beddari Yes, we have a board and a set of objectives.  Not clear as they should be yet, but we are working with Universities, establishing relationships with swedsoft, and others to fill in those missing parts.  Shouldn't need to add -&gt; your input wanted!", "likes_count": 0, "replies_count": 0, "retweets_count": 0, "hashtags": []}
{"id": 1060315693877485570, "date": "2018-11-07", "time": "18:38:55", "tweet": "User input can be obtained using the following statement and storing it into  https://t.co/nHLJX24VUo", "likes_count": 0, "replies_count": 0, "retweets_count": 0, "hashtags": []}
