{"id": 1078077990364274689, "date": "2018-12-26", "time": "18:59:57", "tweet": "Bergerak alias melakukan tindakan sdh pasti ada hasil. Bukankah input yg diberikan sangat menentukan hasil yg akan di dapat?. Nah, mau hasil mau tdk mau harus action. Action bertubi2 mendptkn hsl yg luar biasa. Mau hasil luar biasa?. Actionnya jg hrs luar biasa Gan.. Iya gak?.", "likes_count": 0, "replies_count": 0, "retweets_count": 0, "hashtags": []}
{"id": 1078077832452919296, "date": "2018-12-26", "time": "18:59:19", "tweet": "パースが正確すぎて、今の時代だとＣＧに見える・・・昔見たらどう思ってたのかな？？ＣＧがここまで一般化していない曇りなき眼でみたい", "likes_count": 1867, "replies_count": 4, "retweets_count": 973, "hashtags": []}
{"id": 1078077801243332609, "date": "2018-12-26", "time": "18:59:12", "tweet": "@JaySekulow Bladensburg Cross is NOT on federal land! It was private land that was grandfathered into Maryland state land via imminent domain due to its location. Federal taxpayers are not funding the upkeep of that cross. Humanists are out of D.C. They pay no Maryand state taxes = No input!", "likes_count": 0, "replies_count": 0, "retweets_count": 0, "hashtags": []}
{"id": 1078077782524071937, "date": "2018-12-26", "time": "18:59:07", "tweet": "This who I am. Nobody said you had to like it. Your input is irrelevant.", "likes_count": 1, "replies_count": 1, "retweets_count": 1, "hashtags": []}
{"id": 1078077749112250369, "date": "2018-12-26", "time": "18:58:59", "tweet": "The U.K. needs Scotland’s resources not its input .  https://t.co/qikzBS2fvv", "likes_count": 1, "replies_count": 0, "retweets_count": 0, "hashtags": []}
{"id": 1078077585756692480, "date": "2018-12-26", "time": "18:58:20", "tweet": "Thousands of convictions occur without input from an attorney  https://t.co/mfeoRqW6Zw", "likes_count": 0, "replies_count": 0, "retweets_count": 0, "hashtags": []}
{"id": 1078077471348719616, "date": "2018-12-26", "time": "18:57:53", "tweet": "@JCaporoso Full control? No. He can coach the team and obviously have input", "likes_count": 0, "replies_count": 0, "retweets_count": 0, "hashtags": []}
{"id": 1078077465795411968, "date": "2018-12-26", "time": "18:57:52", "tweet": "In 2019 I’m going to refrain from telling my friends what’s wrong with me or how I’m feeling about certain situations and trying to get their input", "likes_count": 0, "replies_count": 0, "retweets_count": 0, "hashtags": []}
{"id": 1078077352922501120, "date": "2018-12-26", "time": "18:57:25", "tweet": "Honda unveils autonomous construction robot, wants your input on what to do with it  https://t.co/Eyb0o9q9sW", "likes_count": 0, "replies_count": 0, "retweets_count": 0, "hashtags": []}
{"id": 1078077244143067136, "date": "2018-12-26", "time": "18:56:59", "tweet": "@Model3Owners @Teslatunity @Tesla @teslamodel3fan @elonmusk Space?  Perhaps the sub-routines while the car is in park and using the steering wheel as input is only active in new MCU?  Either way, it's a good reason to buy a new Tesla (and I may have a referral code for folks that might need one! ;-) )", "likes_count": 5, "replies_count": 0, "retweets_count": 0, "hashtags": []}
{"id": 1078076827719983104, "date": "2018-12-26", "time": "18:55:20", "tweet": "@c_k_shiikei inputに対するoutputの法則がわからん（理系", "likes_count": 0, "replies_count": 1, "retweets_count": 0, "hashtags": []}
{"id": 1078076792286539776, "date": "2018-12-26", "time": "18:55:11", "tweet": "@rlthingy cb liat ke bag akademiknya. kadang2 bisa salah input nilai", "likes_count": 0, "replies_count": 0, "retweets_count": 0, "hashtags": []}
{"id": 1078076765908553728, "date": "2018-12-26", "time": "18:55:05", "tweet": "Masalah sendiri pun dah cukup banyak untuk difikirkan. Apatah lagi nak input masalah orang lain dalam system otak ni. So, let it go. 😊", "likes_count": 0, "replies_count": 0, "retweets_count": 0, "hashtags": []}
{"id": 1078076764075773952, "date": "2018-12-26", "time": "18:55:04", "tweet": "#msnbc #cnbc #NBR #FoxNews  #tech  Words Matter Markets driven by algorithms &amp; high-frequency Technology is here to stay It amplifies the move  Momentums jump on  Algorithms are pre-programmed with input data They have to respond  Quans became king of Wall Street #PositiveNews", "likes_count": 0, "replies_count": 0, "retweets_count": 0, "hashtags": ["msnbc", "cnbc", "nbr", "foxnews", "tech", "positivenews"]}
{"id": 1078076485498474496, "date": "2018-12-26", "time": "18:53:58", "tweet": "@t00thyPeg @TheRickyDavila Do you know where in PR she goes? Does she have any recommendations? I plan to do some research, but would appreciate any input. We travel with no set schedule and just do and see whatever catches our fancy. Spontaneous is the key for our travels. Thanks", "likes_count": 1, "replies_count": 1, "retweets_count": 0, "hashtags": []}
{"id": 1078076481614561280, "date": "2018-12-26", "time": "18:53:57", "tweet": "@garyvee Hey Gary - I'm finalizing details for the conference I'm launching bringing artists x techies x activists together to collaborate. Would love to get your input and discuss having you as a speaker. Holla!", "likes_count": 2, "replies_count": 0, "retweets_count": 0, "hashtags": []}
{"id": 1078076327075373056, "date": "2018-12-26", "time": "18:53:20", "tweet": " https://t.co/kcraZkcbHy", "likes_count": 1, "replies_count": 1, "retweets_count": 0, "hashtags": []}
{"id": 1078076153993330688, "date": "2018-12-26", "time": "18:52:39", "tweet": "Thought bubble: Me making a video that rates popular atheist channels based on presentation, philosophical input, and argumentation", "likes_count": 0, "replies_count": 1, "retweets_count": 0, "hashtags": []}
{"id": 1078076046933716993, "date": "2018-12-26", "time": "18:52:13", "tweet": "Planet Audio 2018 DVD Touchscreen Bluetooth Camera Input Car Stereo Receiver  https://t.co/LOmkQfdyGl", "likes_count": 0, "replies_count": 0, "retweets_count": 0, "hashtags": []}
{"id": 1078075659656736769, "date": "2018-12-26", "time": "18:50:41", "tweet": "🇯🇵 Input-Output Price Index of the Manufacturing Industry by Sector (Nov.)  https://t.co/eBvjeQyCEV BANK of JAPAN", "likes_count": 0, "replies_count": 0, "retweets_count": 0, "hashtags": []}
{"id": 1078077990364274689, "date": "2018-12-26", "time": "18:59:57", "tweet": "Bergerak alias melakukan tindakan sdh pasti ada hasil. Bukankah input yg diberikan sangat menentukan hasil yg akan di dapat?. Nah, mau hasil mau tdk mau harus action. Action bertubi2 mendptkn hsl yg luar biasa. Mau hasil luar biasa?. Actionnya jg hrs luar biasa Gan.. Iya gak?.", "likes_count": 0, "replies_count": 0, "retweets_count": 0, "hashtags": []}
{"id": 1078077832452919296, "date": "2018-12-26", "time": "18:59:19", "tweet": "パースが正確すぎて、今の時代だとＣＧに見える・・・昔見たらどう思ってたのかな？？ＣＧがここまで一般化していない曇りなき眼でみたい", "likes_count": 1867, "replies_count": 4, "retweets_count": 973, "hashtags": []}
{"id": 1078077801243332609, "date": "2018-12-26", "time": "18:59:12", "tweet": "@JaySekulow Bladensburg Cross is NOT on federal land! It was private land that was grandfathered into Maryland state land via imminent domain due to its location. Federal taxpayers are not funding the upkeep of that cross. Humanists are out of D.C. They pay no Maryand state taxes = No input!", "likes_count": 0, "replies_count": 0, "retweets_count": 0, "hashtags": []}
{"id": 1078077782524071937, "date": "2018-12-26", "time": "18:59:07", "tweet": "This who I am. Nobody said you had to like it. Your input is irrelevant.", "likes_count": 1, "replies_count": 1, "retweets_count": 1, "hashtags": []}
{"id": 1078077749112250369, "date": "2018-12-26", "time": "18:58:59", "tweet": "The U.K. needs Scotland’s resources not its input .  https://t.co/qikzBS2fvv", "likes_count": 1, "replies_count": 0, "retweets_count": 0, "hashtags": []}
{"id": 1078077585756692480, "date": "2018-12-26", "time": "18:58:20", "tweet": "Thousands of convictions occur without input from an attorney  https://t.co/mfeoRqW6Zw", "likes_count": 0, "replies_count": 0, "retweets_count": 0, "hashtags": []}
{"id": 1078077471348719616, "date": "2018-12-26", "time": "18:57:53", "tweet": "@JCaporoso Full control? No. He can coach the team and obviously have input", "likes_count": 0, "replies_count": 0, "retweets_count": 0, "hashtags": []}
{"id": 1078077465795411968, "date": "2018-12-26", "time": "18:57:52", "tweet": "In 2019 I’m going to refrain from telling my friends what’s wrong with me or how I’m feeling about certain situations and trying to get their input", "likes_count": 0, "replies_count": 0, "retweets_count": 0, "hashtags": []}
{"id": 1078077352922501120, "date": "2018-12-26", "time": "18:57:25", "tweet": "Honda unveils autonomous construction robot, wants your input on what to do with it  https://t.co/Eyb0o9q9sW", "likes_count": 0, "replies_count": 0, "retweets_count": 0, "hashtags": []}
{"id": 1078077244143067136, "date": "2018-12-26", "time": "18:56:59", "tweet": "@Model3Owners @Teslatunity @Tesla @teslamodel3fan @elonmusk Space?  Perhaps the sub-routines while the car is in park and using the steering wheel as input is only active in new MCU?  Either way, it's a good reason to buy a new Tesla (and I may have a referral code for folks that might need one! ;-) )", "likes_count": 5, "replies_count": 0, "retweets_count": 0, "hashtags": []}
{"id": 1078076827719983104, "date": "2018-12-26", "time": "18:55:20", "tweet": "@c_k_shiikei inputに対するoutputの法則がわからん（理系", "likes_count": 0, "replies_count": 1, "retweets_count": 0, "hashtags": []}
{"id": 1078076792286539776, "date": "2018-12-26", "time": "18:55:11", "tweet": "@rlthingy cb liat ke bag akademiknya. kadang2 bisa salah input nilai", "likes_count": 0, "replies_count": 0, "retweets_count": 0, "hashtags": []}
{"id": 1078076765908553728, "date": "2018-12-26", "time": "18:55:05", "tweet": "Masalah sendiri pun dah cukup banyak untuk difikirkan. Apatah lagi nak input masalah orang lain dalam system otak ni. So, let it go. 😊", "likes_count": 0, "replies_count": 0, "retweets_count": 0, "hashtags": []}
{"id": 1078076764075773952, "date": "2018-12-26", "time": "18:55:04", "tweet": "#msnbc #cnbc #NBR #FoxNews  #tech  Words Matter Markets driven by algorithms &amp; high-frequency Technology is here to stay It amplifies the move  Momentums jump on  Algorithms are pre-programmed with input data They have to respond  Quans became king of Wall Street #PositiveNews", "likes_count": 0, "replies_count": 0, "retweets_count": 0, "hashtags": ["msnbc", "cnbc", "nbr", "foxnews", "tech", "positivenews"]}
{"id": 1078076485498474496, "date": "2018-12-26", "time": "18:53:58", "tweet": "@t00thyPeg @TheRickyDavila Do you know where in PR she goes? Does she have any recommendations? I plan to do some research, but would appreciate any input. We travel with no set schedule and just do and see whatever catches our fancy. Spontaneous is the key for our travels. Thanks", "likes_count": 1, "replies_count": 1, "retweets_count": 0, "hashtags": []}
{"id": 1078076481614561280, "date": "2018-12-26", "time": "18:53:57", "tweet": "@garyvee Hey Gary - I'm finalizing details for the conference I'm launching bringing artists x techies x activists together to collaborate. Would love to get your input and discuss having you as a speaker. Holla!", "likes_count": 2, "replies_count": 0, "retweets_count": 0, "hashtags": []}
{"id": 1078076327075373056, "date": "2018-12-26", "time": "18:53:20", "tweet": " https://t.co/kcraZkcbHy", "likes_count": 1, "replies_count": 1, "retweets_count": 0, "hashtags": []}
{"id": 1078076153993330688, "date": "2018-12-26", "time": "18:52:39", "tweet": "Thought bubble: Me making a video that rates popular atheist channels based on presentation, philosophical input, and argumentation", "likes_count": 0, "replies_count": 1, "retweets_count": 0, "hashtags": []}
{"id": 1078076046933716993, "date": "2018-12-26", "time": "18:52:13", "tweet": "Planet Audio 2018 DVD Touchscreen Bluetooth Camera Input Car Stereo Receiver  https://t.co/LOmkQfdyGl", "likes_count": 0, "replies_count": 0, "retweets_count": 0, "hashtags": []}
{"id": 1078075659656736769, "date": "2018-12-26", "time": "18:50:41", "tweet": "🇯🇵 Input-Output Price Index of the Manufacturing Industry by Sector (Nov.)  https://t.co/eBvjeQyCEV BANK of JAPAN", "likes_count": 0, "replies_count": 0, "retweets_count": 0, "hashtags": []}
{"id": 1078075659300286464, "date": "2018-12-26", "time": "18:50:41", "tweet": "But I'll just have to restore those numbers by making more (and better) videos  So yeah I'm leaning more towards deleting them but I could use some input from my fans, so.....  @CryvernShau @CryvernShau @CryvernShau HELP HELP HELP", "likes_count": 2, "replies_count": 2, "retweets_count": 0, "hashtags": []}
{"id": 1078075532896391170, "date": "2018-12-26", "time": "18:50:11", "tweet": "Input-Output Price Index of the Manufacturing Industry by Sector (Nov.)  https://t.co/ZD7FBN4oXE", "likes_count": 0, "replies_count": 0, "retweets_count": 0, "hashtags": []}
{"id": 1078075526986620928, "date": "2018-12-26", "time": "18:50:09", "tweet": "[BOJ] Input-Output Price Index of the Manufacturing Industry by Sector (Nov.)  https://t.co/kISpXV4pWd", "likes_count": 0, "replies_count": 0, "retweets_count": 0, "hashtags": []}
{"id": 1078075268584165376, "date": "2018-12-26", "time": "18:49:08", "tweet": "@Buchanan_615 @FUT_Economist My teams 84 ovr didn't make 1 chance players felt they was running wherever they wanted no response to the control input 2 bs penalties while not getting a clear one myself and losing 3-0  game before which i won low rated gold team 56 chem hung on to a 1-0 win to much randomness", "likes_count": 0, "replies_count": 0, "retweets_count": 0, "hashtags": []}
{"id": 1078075250829492226, "date": "2018-12-26", "time": "18:49:04", "tweet": "USED Allen Bradley 1746-NI4/A SLC 500 Analog Input  https://t.co/6WCJqKXTQF  https://t.co/gBhWpQFNK7", "likes_count": 0, "replies_count": 0, "retweets_count": 0, "hashtags": []}
{"id": 1078074993467187202, "date": "2018-12-26", "time": "18:48:02", "tweet": "@huprice @neil_ndbress @6esm @aguy18310792 @SuggittPaul @tan123 @CrimsonBoomer You refer interested observers to well-known partisan and biased sources. Your models are only accurate if the observer is willing to allow post-hoc input adjustment. The models have uniformly predicted higher warming than occurred. You have a non-falsifiable theory. Not science.", "likes_count": 3, "replies_count": 0, "retweets_count": 0, "hashtags": []}
{"id": 1078074830379876352, "date": "2018-12-26", "time": "18:47:23", "tweet": "本当に。なんで独自でやろうとするんだろね？１つの専門をみんなでバックアップして運用した方が色々便利だろうに  独自でやった結果・・・微妙・・・って今まで散々見てきた流れ  なんでもやろうとするの本当に良くないよね　By じぇねらりすと", "likes_count": 2, "replies_count": 1, "retweets_count": 1, "hashtags": []}
{"id": 1078074802777280521, "date": "2018-12-26", "time": "18:47:17", "tweet": "Initial survey responses include thoughts on including denser housing in select locations, a trail around Timnath Reservoir, and expanded public transit and transportation connections to the region.   Share your input today on how we can make the Compreh…  https://t.co/jaONwMV4i0", "likes_count": 0, "replies_count": 0, "retweets_count": 0, "hashtags": []}
{"id": 1078074527257522177, "date": "2018-12-26", "time": "18:46:11", "tweet": "@needybih and who asked for your input?  https://t.co/y4uLGsrAgN", "likes_count": 1, "replies_count": 0, "retweets_count": 0, "hashtags": []}
{"id": 1078074471733354496, "date": "2018-12-26", "time": "18:45:58", "tweet": "Q. 数字・記号・ひらがな・カタカナ・漢字が入力できない… A. 日本語入力にはJapanese Inputを使用してください。  https://t.co/NuxJi61paV 記号入力にはSelectorを使用してください。 https://t.co/6VfeCRUhl7", "likes_count": 0, "replies_count": 0, "retweets_count": 0, "hashtags": []}
{"id": 1078074397423034369, "date": "2018-12-26", "time": "18:45:40", "tweet": "I fucking love to talk about sex with my partner, their fantasies, what they would like to do, what feels good, how I should do things. And on the receiving end, being asked for consent/input makes me super happy.", "likes_count": 2, "replies_count": 0, "retweets_count": 0, "hashtags": []}
{"id": 1078074375398715395, "date": "2018-12-26", "time": "18:45:35", "tweet": "@Realdamann92 @streamlabs Well right on! Thank you so much for sharing your thoughts and input on it 😊 I like stream labs too! :)", "likes_count": 1, "replies_count": 1, "retweets_count": 0, "hashtags": []}
{"id": 1078074293311889408, "date": "2018-12-26", "time": "18:45:15", "tweet": "@wdavison10 @PeteNorth303 Well, over the next four years when the UK will effectively still be in the EU but the only democratic input required of the people is a vote via the dodgy FPTP system in 2022, I imagine minds will be more focused on the real issues.", "likes_count": 1, "replies_count": 1, "retweets_count": 0, "hashtags": []}
{"id": 1078074126051487744, "date": "2018-12-26", "time": "18:44:35", "tweet": "@EthanMFTN Probs not won’t be any good anyway because if plugged into console input delay", "likes_count": 0, "replies_count": 0, "retweets_count": 0, "hashtags": []}
{"id": 1078073966668009472, "date": "2018-12-26", "time": "18:43:57", "tweet": "@Hesfivefootfour @Flannyballs True. Hope Sven has one or two in his notebook. Not sure Emery has no input but likely to get an unknown or a flop with a ceiling elsewhere.", "likes_count": 0, "replies_count": 0, "retweets_count": 0, "hashtags": []}
{"id": 1078073825030361088, "date": "2018-12-26", "time": "18:43:24", "tweet": "my mama gave me a weighted blanket that she bought but which ended up being too heavy for her. I've slept with it for two nights, and what I've noticed is that (1) it feels amazing and (2) when I wake up, instead of my nerves being all jangled about the time &amp; sensory input, +", "likes_count": 21, "replies_count": 1, "retweets_count": 1, "hashtags": []}
{"id": 1078073701311012864, "date": "2018-12-26", "time": "18:42:54", "tweet": "@perepereden Quick pull of that ruleset is that those TOs might be allowed in this time for their input. And with the polls, it shouldn't be the end all be all. It just felt pointless to have it simply because what was seen by the people who voted wasn't reflected at the end. (2)", "likes_count": 0, "replies_count": 0, "retweets_count": 0, "hashtags": []}
{"id": 1078073698828066816, "date": "2018-12-26", "time": "18:42:54", "tweet": "What is the best wireless NES Classic controller? I hear it is 8bitdo but I want to get some other input. Let me know! #Nintendo #RetroGaming", "likes_count": 0, "replies_count": 0, "retweets_count": 0, "hashtags": ["nintendo", "retrogaming"]}
{"id": 1078073617055969280, "date": "2018-12-26", "time": "18:42:34", "tweet": "I be wanting to put my input on shit but I just mind my business I ain’t with the back and forth shit", "likes_count": 0, "replies_count": 0, "retweets_count": 0, "hashtags": []}
{"id": 1078073329913757697, "date": "2018-12-26", "time": "18:41:26", "tweet": "乳頭打微 #あなたの性欲を漢字四文字で", "likes_count": 0, "replies_count": 0, "retweets_count": 0, "hashtags": ["あなたの性欲を漢字四文字で"]}
