{"id": 1048361979725991936, "date": "2018-10-05", "time": "19:59:08", "tweet": "@Uber_Support Hi support, your navigation is sending drivers to the wrong location when it has my home address input. What do I do?", "likes_count": 0, "replies_count": 0, "retweets_count": 0, "hashtags": []}
{"id": 1048361927745982465, "date": "2018-10-05", "time": "19:58:55", "tweet": "@SidAlpha Console version is seriously unpolished, the in-game store is a flat out insult and my omega edition bonuses (it was the same price as standard) were activated without any input from me (so a 2h xp boost just activated itself)", "likes_count": 0, "replies_count": 0, "retweets_count": 0, "hashtags": []}
{"id": 1048361611616899072, "date": "2018-10-05", "time": "19:57:40", "tweet": "Unicode Hex Input ⊁⊃⊀⊉⊄⊂", "likes_count": 0, "replies_count": 0, "retweets_count": 0, "hashtags": []}
{"id": 1048361525642125312, "date": "2018-10-05", "time": "19:57:19", "tweet": "AVerMedia AVerTV Hybrid TVBox 13, HD Video On Your Monitor or TV, Muitiple Input / Output, TV Tuner, Video Hub, Remote Control (A200P)   https://t.co/eBXp3GpGyW  https://t.co/moctjEcUf8", "likes_count": 0, "replies_count": 0, "retweets_count": 0, "hashtags": []}
{"id": 1048361369622302720, "date": "2018-10-05", "time": "19:56:42", "tweet": "@mrocklin @davidbrochart Yes. That’s basically it. A model may be run on model elements that are polygons but the input and/or output data may be on a taster grid.", "likes_count": 0, "replies_count": 1, "retweets_count": 0, "hashtags": []}
{"id": 1048361077405356032, "date": "2018-10-05", "time": "19:55:33", "tweet": "@Celticmariah I appreciate the input. I wanna know how best to support M", "likes_count": 0, "replies_count": 1, "retweets_count": 0, "hashtags": []}
{"id": 1048360713054564352, "date": "2018-10-05", "time": "19:54:06", "tweet": "@David_Gergen @OutFrontCNN No thanks to @CNN and your input! I am a Woman and I believe in #DueProcess I don’t want women without proof pointing their finger at my Son &amp; Husband and just Because she is a woman he is Guilty without evidence especially after 36 yrs and you should know that !This is not 1692", "likes_count": 4, "replies_count": 1, "retweets_count": 0, "hashtags": ["dueprocess"]}
{"id": 1048360527452430336, "date": "2018-10-05", "time": "19:53:21", "tweet": "Souli hoop collection is now live! ✨You chimed in and we listened. Thank you so much for your input! 😘 For a limited time we’ll have both top and middle up on the site, so get the ones you…  https://t.co/zWfj98qX0o", "likes_count": 0, "replies_count": 0, "retweets_count": 0, "hashtags": []}
{"id": 1048360421869027330, "date": "2018-10-05", "time": "19:52:56", "tweet": "And either way she isn’t actually interested in your input.", "likes_count": 0, "replies_count": 0, "retweets_count": 0, "hashtags": []}
{"id": 1048360252729708545, "date": "2018-10-05", "time": "19:52:16", "tweet": "@zenzele Watched 58 mins of the documentary, there are two  missing groups, the soldiers, explaining how they were trained, how they felt, they will most likely only be recorded with their faces covered, but their input is vital,&amp; their statistics. Also the dissidents themselves.", "likes_count": 0, "replies_count": 1, "retweets_count": 0, "hashtags": []}
{"id": 1048360180885479425, "date": "2018-10-05", "time": "19:51:59", "tweet": "#kcap  Sommigen bhvers hebben het al in de naam. Dat behoeft geen verdere input danwel uitleg. Sondevdtiet", "likes_count": 0, "replies_count": 0, "retweets_count": 0, "hashtags": ["kcap"]}
{"id": 1048360163613143041, "date": "2018-10-05", "time": "19:51:55", "tweet": "Throwing Items  Drop items by pressing the grab button. Input a direction when you drop an item to throw the item in that direction.", "likes_count": 0, "replies_count": 0, "retweets_count": 0, "hashtags": []}
{"id": 1048360077256622082, "date": "2018-10-05", "time": "19:51:34", "tweet": "@mypwis1234 @LongBeachCity @dongho_chang @NACTO Also, please send this and any other comments regarding e-scooters to LongBeachCallCenter@willdan.com. This is the best way to ensure your input is included the City's post-pilot analysis of the program. Thank you!! (2/2)", "likes_count": 0, "replies_count": 0, "retweets_count": 0, "hashtags": []}
{"id": 1048359939314343936, "date": "2018-10-05", "time": "19:51:01", "tweet": "Sudoku Puzzle Game for iPhone is the world's first Sudoku application equipped with \"flick input mode\".    https://t.co/fwivhr7IcX", "likes_count": 0, "replies_count": 0, "retweets_count": 0, "hashtags": []}
{"id": 1048359800663289856, "date": "2018-10-05", "time": "19:50:28", "tweet": "@GridironSchol91 I know. Thank you. Just seems that each time I drop someone, they go off. But started 0-2, felt I needed to make some aggressive moves. Thanks for your input/advice.", "likes_count": 1, "replies_count": 0, "retweets_count": 0, "hashtags": []}
{"id": 1048359766416752640, "date": "2018-10-05", "time": "19:50:20", "tweet": "@uwu_bun oooh interesting!! thanks for your input! do you own this printer yourself? if so, do you have any sample pics of the quality of prints? :o", "likes_count": 1, "replies_count": 1, "retweets_count": 0, "hashtags": []}
{"id": 1048359738268901376, "date": "2018-10-05", "time": "19:50:13", "tweet": "If you have graphics/input issues running kvm clients try switching from Wayland to X at host login.", "likes_count": 0, "replies_count": 0, "retweets_count": 0, "hashtags": []}
{"id": 1048359556731031552, "date": "2018-10-05", "time": "19:49:30", "tweet": "@helvetica85 @rtingsdotcom @Sony Dont know why I didnt see this before but it’s amazing. Great input lag response time and terrific HDR.", "likes_count": 1, "replies_count": 0, "retweets_count": 0, "hashtags": []}
{"id": 1048359518432706560, "date": "2018-10-05", "time": "19:49:21", "tweet": "Should Public Have More Input On Legislature’s Sexual Harassment Policies?   https://t.co/AWU1T3R1bF", "likes_count": 0, "replies_count": 0, "retweets_count": 0, "hashtags": []}
{"id": 1048359497423626240, "date": "2018-10-05", "time": "19:49:16", "tweet": "@pieceofjh HHH u got me There that track’s full of dun duns. the one i heard is more melodical? thank you for this input though hh &lt;3", "likes_count": 0, "replies_count": 0, "retweets_count": 0, "hashtags": []}
{"id": 1048359415454322688, "date": "2018-10-05", "time": "19:48:56", "tweet": "@elegantcoretta @JoyceWhiteVance It's not a job interview. That's a misleading talking point that doesn't accurately describe the advice &amp; consent power. A more apt description is the board of directors giving input into a C-Level hire. Every pertinent witness was interviewed in the Blasey Ford case.", "likes_count": 0, "replies_count": 0, "retweets_count": 0, "hashtags": []}
{"id": 1048359413499613184, "date": "2018-10-05", "time": "19:48:56", "tweet": "Ok.I'll take back what I said last time about Darna.But pls @StarCinema,hayaan nyo naman ang creative input ng bagong direktor.Wag nyong sayangin ang film na to para lang wag masapawan ang paborito nyo.Goodluck sa new director ng Darna. Lipad Darna,lipad. #LizaSoberano  #LizQuen", "likes_count": 0, "replies_count": 0, "retweets_count": 1, "hashtags": ["lizasoberano", "lizquen"]}
{"id": 1048359179310780417, "date": "2018-10-05", "time": "19:48:00", "tweet": "Office of the U.S. Intellectual Property Enforcement Coordinator invites public input and participation in shaping the Administration's intellectual property enforcement strategy.   https://t.co/eTE4vYL4Hv", "likes_count": 1, "replies_count": 0, "retweets_count": 0, "hashtags": []}
{"id": 1048359178656514049, "date": "2018-10-05", "time": "19:48:00", "tweet": "@kayhizzle i’m sure it won’t last long. (my input on BOTH “relationships”) 🐸☕️", "likes_count": 1, "replies_count": 0, "retweets_count": 0, "hashtags": []}
{"id": 1048359119130951680, "date": "2018-10-05", "time": "19:47:46", "tweet": "@MoonLiteWolfPro @Nvad3 @Restreamio Yea I'm gonna give it a try. Wouldn't do any harm. I could use more platforms now anyway to try and get my name out there. I appreciate your input..", "likes_count": 0, "replies_count": 0, "retweets_count": 0, "hashtags": []}
{"id": 1048359103154642945, "date": "2018-10-05", "time": "19:47:42", "tweet": "@SethAbramson @Debc55129 I thinks he’s lied about a lot more under oath. And then there are his lies just to lie...i.e., when he said, “No president has ever consulted more widely, or talked with more people from more backgrounds, to seek input about a Supreme Court nomination.”", "likes_count": 2, "replies_count": 0, "retweets_count": 0, "hashtags": []}
{"id": 1048359095466708995, "date": "2018-10-05", "time": "19:47:40", "tweet": "@bosa187 Thank you for your input. We are a new and learning team. All positive criticism and feedback is welcome.", "likes_count": 0, "replies_count": 2, "retweets_count": 0, "hashtags": []}
{"id": 1048359029578379265, "date": "2018-10-05", "time": "19:47:24", "tweet": "@ProfMJCleveland Margot! What a great Twitter find you’ve been the last few weeks. Thanks for all your input!", "likes_count": 1, "replies_count": 1, "retweets_count": 0, "hashtags": []}
{"id": 1048358918739648512, "date": "2018-10-05", "time": "19:46:58", "tweet": "Gostei de um vídeo @YouTube  https://t.co/LuwNgCtOfa Advantage - Input Devices", "likes_count": 0, "replies_count": 0, "retweets_count": 0, "hashtags": []}
{"id": 1048358872044457984, "date": "2018-10-05", "time": "19:46:47", "tweet": "@D0nut7125 It’s cuz you’re a metal/fast drummer. Feel like those things aren’t built with a stupid large and precise input buffer", "likes_count": 1, "replies_count": 0, "retweets_count": 0, "hashtags": []}
{"id": 1048358833381240837, "date": "2018-10-05", "time": "19:46:38", "tweet": "#Read the story #FridayThoughts Secrets A couples drama Research, storytelling &amp; Intimate input by 8 #women \"Wow didn't think I would like this one but wow it blew me away! This book is... pretty heavy\" \"Written with raw honesty\" #Twitter share #Amazon  https://t.co/gfUKHwVLuJ  https://t.co/L9AhEHdISj", "likes_count": 0, "replies_count": 0, "retweets_count": 0, "hashtags": ["read", "fridaythoughts", "women", "twitter", "amazon"]}
{"id": 1048358832190246913, "date": "2018-10-05", "time": "19:46:37", "tweet": "I have no input on how to talk to white women who don’t believe survivors I have only pain, questions, and more pain", "likes_count": 0, "replies_count": 2, "retweets_count": 0, "hashtags": []}
{"id": 1048358659858878464, "date": "2018-10-05", "time": "19:45:56", "tweet": "@TheFlopFish I’ve had shot input lag a few times. Won’t make a huge stink about it but it’s happened. Just letting you know.", "likes_count": 3, "replies_count": 0, "retweets_count": 0, "hashtags": []}
{"id": 1048358567709794304, "date": "2018-10-05", "time": "19:45:34", "tweet": "@ElisaNavalia @virusperang @Baristajun1 @hanumrais Jadi gini ya virus perang, namamu aja udah besalahan, udah virus, perang lagi,  Politik itu tentang policy, ada input yang menghasilkan output capaian2. Dan utk menjalankan input itu ada yang namanya tantangan/hambatan yg salah satunya bisa jadi orang2 yg kerjanya ribut mulu. 🙂", "likes_count": 1, "replies_count": 0, "retweets_count": 0, "hashtags": []}
{"id": 1048358532553330688, "date": "2018-10-05", "time": "19:45:26", "tweet": "PG points received. Download PhotoGrid and input my invite code to get more!  https://t.co/WqCUZvOKsn", "likes_count": 0, "replies_count": 0, "retweets_count": 0, "hashtags": []}
{"id": 1048358302764212224, "date": "2018-10-05", "time": "19:44:31", "tweet": "HONEYWELL INPUT MODULE 621-1101RC (AS PICTURED) *USED*  https://t.co/Unz0CQjHQ2", "likes_count": 0, "replies_count": 0, "retweets_count": 0, "hashtags": []}
{"id": 1048357998714736640, "date": "2018-10-05", "time": "19:43:19", "tweet": "@electjustus @SandraLindquis6 This acount has me blocked, so I tend to look askance @ whatever its input is... 🙄", "likes_count": 0, "replies_count": 0, "retweets_count": 0, "hashtags": []}
{"id": 1048357840589447168, "date": "2018-10-05", "time": "19:42:41", "tweet": "And if your staffers want to wear low-heeled shoes or flats, they can... with zero input from you.", "likes_count": 0, "replies_count": 0, "retweets_count": 0, "hashtags": []}
{"id": 1048357317354315776, "date": "2018-10-05", "time": "19:40:36", "tweet": "@jeb_  I think analog redstone needs some love. What do you feel about adding a new redstone lamp variant called the “analog redstone lamp” that outputs a different colored lamp effect based on the value of the input. Having one color for each of the colors of glass.", "likes_count": 0, "replies_count": 0, "retweets_count": 0, "hashtags": []}
{"id": 1048357313671847938, "date": "2018-10-05", "time": "19:40:35", "tweet": "#VirtualMonuments are coming to Philly thanks to @_madsquirrel  - virtual reality in partnership with public input!  https://t.co/8DmIkXOtiv", "likes_count": 1, "replies_count": 0, "retweets_count": 0, "hashtags": ["virtualmonuments"]}
