{"id": 1074816311996309504, "date": "2018-12-17", "time": "18:59:12", "tweet": "I shared a cool #snippet on @bootsnipp  Restricted Content + Input Validator :  https://t.co/rwPOHwz1NL", "likes_count": 0, "replies_count": 0, "retweets_count": 0, "hashtags": ["snippet"]}
{"id": 1074816274105032704, "date": "2018-12-17", "time": "18:59:03", "tweet": "@astraeanovaX ok just checking! thanks for your input Jeremy. I'll send your feedback over to HR", "likes_count": 0, "replies_count": 1, "retweets_count": 0, "hashtags": []}
{"id": 1074815926204334080, "date": "2018-12-17", "time": "18:57:40", "tweet": "@SLMumby1 Sometimes I'm not even aware of who might be following me until I click their profile.  The easiest way to gain followers though is to follow others first and actively participate in conversations and add valuable input that flows with the thread.", "likes_count": 1, "replies_count": 1, "retweets_count": 0, "hashtags": []}
{"id": 1074815923306029061, "date": "2018-12-17", "time": "18:57:39", "tweet": "@Longg_ @TrickFN That doesn’t matter I have input lag and get in pc servers", "likes_count": 0, "replies_count": 0, "retweets_count": 0, "hashtags": []}
{"id": 1074815900056879104, "date": "2018-12-17", "time": "18:57:34", "tweet": "But there're long-standing prog./init. incl. @AEASPmsu, AEA Mentoring Prog. #AEAsmpc, DITE, @NEAEcon, &amp; @ASHE_ASSA. There's also more input from coalit. like Fed Up. cc: @drlisadcook @Marietmora @SandyDarity @DarrickHamilton @gbenga_ajilore @econ_garcia.  https://t.co/b5mC069Kjz", "likes_count": 10, "replies_count": 0, "retweets_count": 6, "hashtags": ["aeasmpc"]}
{"id": 1074815824337272833, "date": "2018-12-17", "time": "18:57:16", "tweet": "@3dprinterr @version hahigh = max (h, max(haopen,haclose)) halow = min (l, min(haopen,haclose))  len2=input(10) o2=ema(haopen, len2) c2=ema(haclose, len2) h2=ema(hahigh, len2) l2=ema(halow, len2)  col=o2&gt;c2 ? red : lime plotcandle(o2, h2, l2, c2, title=\"heikin smoothed\", color=col)", "likes_count": 1, "replies_count": 0, "retweets_count": 1, "hashtags": []}
{"id": 1074815791424512000, "date": "2018-12-17", "time": "18:57:08", "tweet": "@3dprinterr //@version=2 study(title = \"Smoothed Heiken Ashi Candles\", shorttitle=\"Smoothed Ha Candles\", overlay=true)  len=input(10) o=ema(open,len) c=ema(close,len) h=ema(high,len) l=ema(low,len)  haclose = (o+h+l+c)/4 haopen = na(haopen[1]) ? (o + c)/2 : (haopen[1] + haclose[1]) / 2", "likes_count": 1, "replies_count": 1, "retweets_count": 1, "hashtags": []}
{"id": 1074815768951484417, "date": "2018-12-17", "time": "18:57:03", "tweet": "why on Cernunnos' green Earth do &lt;input type=\"number\" /&gt; elements let you key whatever the fuck you want to in the text area even after setting a min/max value? You're saying I either have to force my users to increment one at a time or use some hacky `onchange` JS?", "likes_count": 0, "replies_count": 1, "retweets_count": 0, "hashtags": []}
{"id": 1074815696280776704, "date": "2018-12-17", "time": "18:56:45", "tweet": "@mjb2kmn @rustlang (In particular: the input to a macro doesn't have to be well formed Rust code at all, much less well typed. It's just a list of \"stuff that comes out of the lexer, with bracket-balancing\". Can be a completely non-rust notation. And output can be multiple source artifacts.)", "likes_count": 9, "replies_count": 0, "retweets_count": 0, "hashtags": []}
{"id": 1074815634297446403, "date": "2018-12-17", "time": "18:56:30", "tweet": "@AB_Otter Hurray! Super glad to see they’re listening to your input. Looks like following them and their move was a good move ^_^", "likes_count": 2, "replies_count": 1, "retweets_count": 0, "hashtags": []}
{"id": 1074815569298374656, "date": "2018-12-17", "time": "18:56:15", "tweet": "@AndrewTait67 @andrew_lilico The point you fail to understand is we the voting public don’t have any input anymore - the politicians are the ones deciding the way forward, bearing in mind the majority who voted, voted to leave the EU.", "likes_count": 0, "replies_count": 0, "retweets_count": 0, "hashtags": []}
{"id": 1074815531667066880, "date": "2018-12-17", "time": "18:56:06", "tweet": "@nypost To the transphobes in the comments:  Your “input” is garbage and your accomplishments won’t be anywhere near this level.  This coming from an underachieving gaming blob of a guy with an anime avatar.  Thank you, and good night.  https://t.co/7oSyBOJB83", "likes_count": 3, "replies_count": 1, "retweets_count": 0, "hashtags": []}
{"id": 1074815242344062976, "date": "2018-12-17", "time": "18:54:57", "tweet": "Department of Labor Seeks Input In Establishing Prevailing Wage Rates For Federal Construction Projects  https://t.co/fffgy3OkMO", "likes_count": 0, "replies_count": 0, "retweets_count": 0, "hashtags": []}
{"id": 1074815135364075521, "date": "2018-12-17", "time": "18:54:32", "tweet": "@writelearndream @KyraMNelson It's maybe a bit more ominous than intended, but all the other options were misleadingly cheerful. 🤣 Turns out if you input Green Blade Rises, you get cartoons or... that and there's some stabbing and slashing involved in the story so here we are!", "likes_count": 1, "replies_count": 0, "retweets_count": 0, "hashtags": []}
{"id": 1074815073091112961, "date": "2018-12-17", "time": "18:54:17", "tweet": "@mommy97giraffe @cmclymer @ImpyMarsh No they aren't. If you believe they are, that is okay. I admire your input. Let's hope one of us succeed, aye  Have a nice day.", "likes_count": 0, "replies_count": 0, "retweets_count": 0, "hashtags": []}
{"id": 1074815068615991296, "date": "2018-12-17", "time": "18:54:16", "tweet": "Has your audio ever sounded too low? Did you check your audio input setting in your audio device properties before adjusting OBS settings?  Yours may initially be set low every time you connect/disconnect the USB  #twitch #streaming #live #gaming #streamers #SupportSmallStreams  https://t.co/9cOtwGfvEx", "likes_count": 4, "replies_count": 0, "retweets_count": 0, "hashtags": ["twitch", "streaming", "live", "gaming", "streamers", "supportsmallstreams"]}
{"id": 1074815022956605441, "date": "2018-12-17", "time": "18:54:05", "tweet": "@FusionRancher @EverLopezTv you make a good point man, this is something I struggle with everyday. I appreciate your input.", "likes_count": 0, "replies_count": 0, "retweets_count": 0, "hashtags": []}
{"id": 1074815014228451329, "date": "2018-12-17", "time": "18:54:03", "tweet": "@jrajra Please stand for public disclosure on any pension bill put up.   Having a special session a week before Christmas,the same week that JCPS is having finals, feels like the sewer bill all over again.   Teachers deserve to have there input considered.", "likes_count": 0, "replies_count": 0, "retweets_count": 0, "hashtags": []}
{"id": 1074814777669640192, "date": "2018-12-17", "time": "18:53:06", "tweet": "@reeveoli @majornelson @Razer developers have to opt in to allow mouse and keyboard support in their games, fortnite does this and separates people who use different input devices into separate games", "likes_count": 0, "replies_count": 0, "retweets_count": 0, "hashtags": []}
{"id": 1074814721004433408, "date": "2018-12-17", "time": "18:52:53", "tweet": "@HRhorribles So many groups nowadays take offense on behalf of others without even getting their input.", "likes_count": 0, "replies_count": 0, "retweets_count": 0, "hashtags": []}
{"id": 1074814644949262338, "date": "2018-12-17", "time": "18:52:35", "tweet": "@JannLee_TheDane That's what I am doing now! My alerts and tips are Streamlabs but my bot is Elements. Thanks for the input, Jannie!", "likes_count": 0, "replies_count": 1, "retweets_count": 0, "hashtags": []}
{"id": 1074814631116460032, "date": "2018-12-17", "time": "18:52:31", "tweet": "When you look at Raquel’s eyes when she talking or attempting to give input you can totally tell there’s nothing going on in there. That girl is SERIOUSLY dumb as dirt 😣😣 #pumprules #vanderpumprules", "likes_count": 6, "replies_count": 0, "retweets_count": 0, "hashtags": ["pumprules", "vanderpumprules"]}
{"id": 1074814600439324672, "date": "2018-12-17", "time": "18:52:24", "tweet": "Department of Labor Seeks Input In Establishing Prevailing Wage Rates For Federal Construction Projects  https://t.co/gyPLyJ5ppm", "likes_count": 2, "replies_count": 0, "retweets_count": 0, "hashtags": []}
{"id": 1074814582525476865, "date": "2018-12-17", "time": "18:52:20", "tweet": "@dascott66 @hendopolis eh? He tweeted tomorrow's front page and repeated the main headline. That's it. There's no personal input.  You owe him an apology.", "likes_count": 0, "replies_count": 0, "retweets_count": 0, "hashtags": []}
{"id": 1074814547691757568, "date": "2018-12-17", "time": "18:52:11", "tweet": "@FusionptCapital so what exactly does this imply...trying to understand where $spy is heading...appreciate your input.", "likes_count": 0, "replies_count": 1, "retweets_count": 0, "hashtags": []}
{"id": 1074814504154877952, "date": "2018-12-17", "time": "18:52:01", "tweet": "@DrWarsh @alandrummond2 @TorontoStar Do you remember ANY premier or prime minister in Canada who had anything other than a political grasp of #CDNhealth?I’m encouraged that the only commitment for #onhealth Ford made was to ask frontline workers for input.I’m waiting to see longer term results", "likes_count": 4, "replies_count": 1, "retweets_count": 0, "hashtags": ["cdnhealth", "onhealth"]}
{"id": 1074814366187438081, "date": "2018-12-17", "time": "18:51:28", "tweet": "Can anyone explain how I input grab and got a grounded up b wtf", "likes_count": 0, "replies_count": 0, "retweets_count": 0, "hashtags": []}
{"id": 1074814343445913605, "date": "2018-12-17", "time": "18:51:23", "tweet": "Seriously, what do Ganon players want in Ultimate?!  \"HURR, I PRESS INPUT WHEN I LURN U DO SUMTHIN AND KILL AT 50, BUT NOT GOOD ENUFF. NO RESPEK\"  At least K-rool's have to plan setups...", "likes_count": 0, "replies_count": 1, "retweets_count": 0, "hashtags": []}
{"id": 1074814214613528577, "date": "2018-12-17", "time": "18:50:52", "tweet": "* vehicle producer.  because fo the impact of the flood, hard disk input decreased by at least 11 percent worlwide and the lack of food were felt as far as in japan which imports chicken, shrimp and food packaging materials from thailand ... \" \" to conclude we need to provide ...", "likes_count": 0, "replies_count": 1, "retweets_count": 0, "hashtags": []}
{"id": 1074814213862887424, "date": "2018-12-17", "time": "18:50:52", "tweet": "@AndyBurnhamGM Thank you so much for the input and support to the campaign started locally to remember Pete in his home town. As a member of his family, your support means a lot  https://t.co/8f8kr68gLY", "likes_count": 2, "replies_count": 0, "retweets_count": 1, "hashtags": []}
{"id": 1074814114701037568, "date": "2018-12-17", "time": "18:50:28", "tweet": "@S_Arcsin 前世の致命傷", "likes_count": 0, "replies_count": 0, "retweets_count": 0, "hashtags": []}
{"id": 1074813925307363328, "date": "2018-12-17", "time": "18:49:43", "tweet": "MKX has one of the worst input systems i've ever seen. You will literally just not get buttons you press at all. At least in Injustice you might not get what you wanted but at least you get SOMETHING AT ALL", "likes_count": 1, "replies_count": 3, "retweets_count": 0, "hashtags": []}
{"id": 1074813883112509440, "date": "2018-12-17", "time": "18:49:33", "tweet": "@MinovskyArticle With the story taking a broader focus, moving away from the central characters, more cracks in the plot and setting begin to form. The plot feels mostly like a checklist with very little input from characters actions effecting it, even the big players. The setting makes no sense.", "likes_count": 0, "replies_count": 2, "retweets_count": 0, "hashtags": []}
{"id": 1074813804670869504, "date": "2018-12-17", "time": "18:49:14", "tweet": "Check out Sony ZS-E5 CD Player AM/FM Portable Radio Blue Boombox Aux Input - Tested #Sony  https://t.co/82jhD0h33x via @eBay", "likes_count": 0, "replies_count": 0, "retweets_count": 0, "hashtags": ["sony"]}
{"id": 1074813664841121792, "date": "2018-12-17", "time": "18:48:41", "tweet": "@MooMooStrats So the input is jump -&gt; immediately hold down -&gt; immediately flick back on the C stick -&gt; immediately let go of down -&gt; repeat", "likes_count": 0, "replies_count": 1, "retweets_count": 0, "hashtags": []}
{"id": 1074813441783648256, "date": "2018-12-17", "time": "18:47:48", "tweet": "夜に雷が光った瞬間ってまるで街が照らされたように見える気がすると思うんですが、実際のところどうなんだろう、と思って雷が鳴る中動画を撮りながら歩いて撮影に成功した画像 イメージセンサーのデータ処理の関係（たぶん）で生じる微妙な時間差がこのような画像を生み出した  https://t.co/pZH2BJwC4H", "likes_count": 0, "replies_count": 0, "retweets_count": 0, "hashtags": []}
{"id": 1074813255242006528, "date": "2018-12-17", "time": "18:47:03", "tweet": "A job site asked me to input my \"spirit animal.\"   This is the moment I've prepared for my entire life.  https://t.co/759WnkENDc", "likes_count": 13, "replies_count": 8, "retweets_count": 0, "hashtags": []}
{"id": 1074813160421437440, "date": "2018-12-17", "time": "18:46:41", "tweet": "@martin_casado @a16z @Apple The entropy is dependent on the medium and resolution of biometric input. The information in the real world is sufficient for high entropy identification, it’s just a matter of designing systems around it. The tech now is just a bridge to getting there.", "likes_count": 1, "replies_count": 0, "retweets_count": 0, "hashtags": []}
{"id": 1074813106600067072, "date": "2018-12-17", "time": "18:46:28", "tweet": "@theadoptedhero mag pa raffle ta ug ngalan. naa mi input tanan dayun bunot2 😂", "likes_count": 0, "replies_count": 1, "retweets_count": 0, "hashtags": []}
{"id": 1074812986634702849, "date": "2018-12-17", "time": "18:45:59", "tweet": "@Kellylayne10 @provocateur412 @davidhogg111 Um, that wouldn’t stop the next one but thanks for that semi coherent input.", "likes_count": 0, "replies_count": 2, "retweets_count": 0, "hashtags": []}
{"id": 1074812965143134210, "date": "2018-12-17", "time": "18:45:54", "tweet": "@ajarivas72 Government continues to decide who to deal with, and where our money goes, all without input from the taxpayers who support them!", "likes_count": 0, "replies_count": 0, "retweets_count": 0, "hashtags": []}
{"id": 1074812713086406657, "date": "2018-12-17", "time": "18:44:54", "tweet": "Selwyn Township @SelwynTownship seeks public input on allowing cannabis retail outlets:  https://t.co/XwSQqoKZxP #cannabis #pot #Selwyn", "likes_count": 0, "replies_count": 0, "retweets_count": 1, "hashtags": ["cannabis", "pot", "selwyn"]}
{"id": 1074812551148367874, "date": "2018-12-17", "time": "18:44:15", "tweet": "DPS Board is discussing the motion to approve Susanna Cordova as Superintendent. They say they are relying heavily on input from 12 community meetings with Cordova over the past two weeks  https://t.co/N2BqgFXtHW", "likes_count": 0, "replies_count": 0, "retweets_count": 1, "hashtags": []}
{"id": 1074812526251126789, "date": "2018-12-17", "time": "18:44:09", "tweet": "@Bdion99 @perrybellegarde @jimkyte @CdnChamberofCom My trucks and heavy equipment run on diesel. There is no reasonable alternative to that currently. The technology currently available for emissions reduction is costly and completely unreliable. Fuel is our 2nd biggest input cost. Guess it's pay pay pay.", "likes_count": 1, "replies_count": 2, "retweets_count": 0, "hashtags": []}
{"id": 1074812415877951488, "date": "2018-12-17", "time": "18:43:43", "tweet": "not a team, if only one input matters.", "likes_count": 1, "replies_count": 0, "retweets_count": 0, "hashtags": []}
{"id": 1074812338958684162, "date": "2018-12-17", "time": "18:43:25", "tweet": "@senatemajldr @SenAlexander Sorry I can't say that about you. You no longer work to protect the American people but to harm them. You no doubt are thrilled that many Americans have their healthcare at risk. I assume that is due to large input to your campaign by insurance companies. Retire", "likes_count": 0, "replies_count": 0, "retweets_count": 0, "hashtags": []}
{"id": 1074812067670966277, "date": "2018-12-17", "time": "18:42:20", "tweet": "Wondering what the @PierceTransit Tacoma to Spanaway Bus Rapid Transit project is all about? Visit this virtual open house to learn more and offer your input.  https://t.co/I0lKOrlQEW. #BRT #PierceCo  https://t.co/xhdJnYmIOn", "likes_count": 5, "replies_count": 2, "retweets_count": 1, "hashtags": ["brt", "pierceco"]}
{"id": 1074812057336328192, "date": "2018-12-17", "time": "18:42:18", "tweet": "The Bulls office has received criticism that fall of deaf ears because ownership has dictated it that way and his input must stamped in important matters pertaining to business. Don't fool yourself for all the talk because change will only comes when ownership says so.", "likes_count": 1, "replies_count": 0, "retweets_count": 0, "hashtags": []}
{"id": 1074812053389479937, "date": "2018-12-17", "time": "18:42:17", "tweet": "@Blaq_Kocaine Lol true that. Thanks for your input", "likes_count": 0, "replies_count": 0, "retweets_count": 0, "hashtags": []}
{"id": 1074811987580850176, "date": "2018-12-17", "time": "18:42:01", "tweet": "Now on the Scott Radley Show - @radleyatthespec wants your input on anger that many people in Western Canada, particularly Alberta, over what they see as preferential treatment other provinces are receiving. 905-645-3221 or *9900 on your cell  Listen -  https://t.co/pL3ZUTRzgm", "likes_count": 0, "replies_count": 0, "retweets_count": 0, "hashtags": []}
{"id": 1074811863358234624, "date": "2018-12-17", "time": "18:41:31", "tweet": "Thank you for your input. I have ordered pho.", "likes_count": 9, "replies_count": 1, "retweets_count": 0, "hashtags": []}
{"id": 1074811830474891269, "date": "2018-12-17", "time": "18:41:24", "tweet": "@JeffRatcliffe listen to ur show daily....heading towards superbowl...I won last year and doing my best this year...so, thank you for your input!", "likes_count": 0, "replies_count": 0, "retweets_count": 0, "hashtags": []}
{"id": 1074811705950171137, "date": "2018-12-17", "time": "18:40:54", "tweet": "@mesamuelson @huckleberry_iam @_tarrvis @ACMESalesRep @Ocasio2018 Exodus 21, 22-25  Never said it stated it's \"ok\" ...What it does say is that if you kill a pregnant woman and she dies you get the death penalty.  If you cause the fetus to die, you get fined by the judge after input from the husband.I'm no biblical scholar but that's where it is", "likes_count": 0, "replies_count": 0, "retweets_count": 0, "hashtags": []}
{"id": 1074811489972879360, "date": "2018-12-17", "time": "18:40:02", "tweet": "@henryfraser0 Hi @henryfraser0 I’m a student speech therapist and was wondering if you had any SLT input following your accident? We’re doing an event at my uni for #swallowaware2019 - would love to talk to you about how you found eating/drinking in hospital to help raise awareness! 😊", "likes_count": 2, "replies_count": 0, "retweets_count": 0, "hashtags": ["swallowaware2019"]}
{"id": 1074811459622854659, "date": "2018-12-17", "time": "18:39:55", "tweet": "i asked for group input on what specialty flavor of potato chips would be at a 7/11 in yharnam. they said rust and wet dog and irony so i'm gonna use one of those in this sephiroth starter i think", "likes_count": 5, "replies_count": 1, "retweets_count": 0, "hashtags": []}
{"id": 1074811417503555584, "date": "2018-12-17", "time": "18:39:45", "tweet": "@334toriniku B is usually done on most Zelda Movies on TASVideos since it needs the input and there isn't an alternative file created. (Example:  https://t.co/pKHuahdtdj)  But. If it automatically plays out then do final hit. (Example:  https://t.co/hTx4Y79w8j)", "likes_count": 0, "replies_count": 0, "retweets_count": 0, "hashtags": []}
{"id": 1074811303049523200, "date": "2018-12-17", "time": "18:39:18", "tweet": "@EdBuckLC Lmaoooooooooo he def had to put that input in there to make sure 😂😂😂😂😂😂", "likes_count": 0, "replies_count": 1, "retweets_count": 0, "hashtags": []}
{"id": 1074811195234926594, "date": "2018-12-17", "time": "18:38:52", "tweet": "I'm playing games on iCashApp and it's so much fun! You can earn money as well playing game. Download it, input the refer code QJEZ7CN get free 5USD. #iCash  https://t.co/i0TeqjQBp8", "likes_count": 0, "replies_count": 0, "retweets_count": 0, "hashtags": ["icash"]}
{"id": 1074811177115500545, "date": "2018-12-17", "time": "18:38:48", "tweet": "I love my friend @marccold and I understand where she's coming from. When cataloging expertise has been undermined, as it has been for decades, yeah, of course we want to yell about it. But closing ourselves off to input from users only does harm to our ultimate goal.", "likes_count": 5, "replies_count": 2, "retweets_count": 0, "hashtags": []}
{"id": 1074811173307121664, "date": "2018-12-17", "time": "18:38:47", "tweet": "-again not that i've used it much lately, but i made some major incredible upgrades to my stream equipment and everything and i'm still super pleased about it  -i didn't die this year bitches!!!!!!! you're stuck with me another year and that's probably the best thing i could ask", "likes_count": 2, "replies_count": 1, "retweets_count": 0, "hashtags": []}
{"id": 1074811125961711616, "date": "2018-12-17", "time": "18:38:36", "tweet": "I'm playing games on iCashApp and it's so much fun! You can earn money as well playing game. Download it, input the refer code DUHKPH5 get free 5USD. #iCash  https://t.co/wa4rzTEXE8", "likes_count": 0, "replies_count": 0, "retweets_count": 0, "hashtags": ["icash"]}
{"id": 1074811075579863041, "date": "2018-12-17", "time": "18:38:24", "tweet": "@Sweet_PeaBelle @jeffc1959 The McCain family never spoke for me, @MeghanMcCain, her husband and the rest of the family need to understand they are not a monarchy AND no one wants their input, traitor/songbird McCain was one too many.", "likes_count": 0, "replies_count": 0, "retweets_count": 0, "hashtags": []}
{"id": 1074811054897664000, "date": "2018-12-17", "time": "18:38:19", "tweet": "@IndivisiblJtown @darcy365 @TheTweetOfGod WAITING FOR NEW INPUT BLEEP BLEEP KRRRRR BLEEP", "likes_count": 0, "replies_count": 1, "retweets_count": 0, "hashtags": []}
{"id": 1074810957132492800, "date": "2018-12-17", "time": "18:37:55", "tweet": "🔢 Input-Output Tables for Function Rules  💡Math PLIX of the Week!  https://t.co/VisLk0clxw  ✏️  Can you think of a function that has a limited domain or range?  🔎 Explore the PLIX &amp; share your answer!  https://t.co/Cm5gYnYYUU  #PLIX #OER #mathed #STEM  https://t.co/lK1k2rRAYq", "likes_count": 2, "replies_count": 0, "retweets_count": 1, "hashtags": ["plix", "oer", "mathed", "stem"]}
{"id": 1074810935922036736, "date": "2018-12-17", "time": "18:37:50", "tweet": "@TLSPanthers That’s all I’m sayin man lol HES THE HC, HE HAS INPUT.", "likes_count": 0, "replies_count": 0, "retweets_count": 0, "hashtags": []}
{"id": 1074810884848058370, "date": "2018-12-17", "time": "18:37:38", "tweet": "deleted data input file directory. Then, renamed and created a new data input directory. Ran Search but no results found - Question | Splunk Answers  https://t.co/UUYblNrIxG", "likes_count": 0, "replies_count": 0, "retweets_count": 0, "hashtags": []}
{"id": 1074810814610243590, "date": "2018-12-17", "time": "18:37:21", "tweet": "Today's personal best 🔝 of 🛰️ @PWSat2 frame 💾 catching 1⃣3⃣5⃣6⃣❗️❗️❗️ Plus screen of my #PWSat2 Ground Station software audio input window with parameters ⬇️  https://t.co/lxK9m1ivnD", "likes_count": 11, "replies_count": 2, "retweets_count": 0, "hashtags": ["pwsat2"]}
{"id": 1074810766325235712, "date": "2018-12-17", "time": "18:37:10", "tweet": "脱社畜サロンのinputした分のoutputをコメント以外で、どうしているのかメンバーに聞いてみたい。  やっぱoutputしないとポロポロ抜け落ちちゃう。 #脱社畜サロン", "likes_count": 1, "replies_count": 0, "retweets_count": 0, "hashtags": ["脱社畜サロン"]}
{"id": 1074810725024059392, "date": "2018-12-17", "time": "18:37:00", "tweet": "@GoldGloveTV basically it's   Game PC &gt; Arctis 7 hub (via USB) Stream PC &gt; Shure MVi (via USB) Shure MVi Monitor Out &gt; Arctis 7 Line In (via 3.5mm)  Allows hearing Game &amp; Stream, PLUS lets me hear mic sidetone from the XLR input (thru the MVi) which I prefer as well.", "likes_count": 1, "replies_count": 1, "retweets_count": 0, "hashtags": []}
{"id": 1074810689615773697, "date": "2018-12-17", "time": "18:36:52", "tweet": "@EmmmPee Yea and you watch love island I don’t think I’ll be taking your advice thank you for the input XOXOXO", "likes_count": 0, "replies_count": 1, "retweets_count": 0, "hashtags": []}
{"id": 1074810396039675904, "date": "2018-12-17", "time": "18:35:42", "tweet": "@WisDems @GovElectEvers A Governor who cares what we think and welcomes input...how unusual and wonderful!", "likes_count": 1, "replies_count": 0, "retweets_count": 0, "hashtags": []}
{"id": 1074810307413868544, "date": "2018-12-17", "time": "18:35:20", "tweet": "@ShaunaGee I don’t know about home schooling but as a parent you have a right to refuse certain curriculum activities at school. Children need to interact and see the good as well as the bad. It will help with decision making. Just my input 💁🏻‍♀️", "likes_count": 1, "replies_count": 0, "retweets_count": 0, "hashtags": []}
{"id": 1074810299746787328, "date": "2018-12-17", "time": "18:35:19", "tweet": "@GoldGloveTV haha it's a setup that works well specifically with a USB audio interface we use (Shure MVi) and the Arctis 7, since the hub allows for simultaneous line-in input w/ the USB input. Worked for years for us on multiple computers/setups", "likes_count": 1, "replies_count": 1, "retweets_count": 0, "hashtags": []}
{"id": 1074810101037449216, "date": "2018-12-17", "time": "18:34:31", "tweet": "@1IronMan2018 @CapRogers2018 Thank God Although you're not the real Tony Stark I still forward your messages because they are real and pertinent. Thanks for your input", "likes_count": 0, "replies_count": 0, "retweets_count": 0, "hashtags": []}
{"id": 1074810080741244928, "date": "2018-12-17", "time": "18:34:26", "tweet": "-we're one year closer to the end of the current presidency and another election cycle so that's something to look forward to  -i made a bunch of friends that make kickass music it's actually incredible, again thanks sgdq", "likes_count": 1, "replies_count": 1, "retweets_count": 0, "hashtags": []}
{"id": 1074810044632436737, "date": "2018-12-17", "time": "18:34:18", "tweet": "👍 iOliteLabs Finally Makes Your Dreams Come True with an #AI Combined with #BlockchainThat Can Take Any Input &amp; Write Software For You   https://t.co/WX4y4I7oEi   wwwAIblog  #MachineLearning #SmartContracts #DigitalTransformation  https://t.co/x8I7Wucvky via ipfconline1", "likes_count": 0, "replies_count": 0, "retweets_count": 0, "hashtags": ["ai", "blockchainthat", "machinelearning", "smartcontracts", "digitaltransformation"]}
{"id": 1074809943465684992, "date": "2018-12-17", "time": "18:33:54", "tweet": "@Charbrevolution I would like your input on my latest chapter of my #dossier  I want to know the opinion of a likely #lizard on the topic of #vaccination   note that this is merely a preview  https://t.co/l8fTJ8pgph", "likes_count": 1, "replies_count": 0, "retweets_count": 0, "hashtags": ["dossier", "lizard", "vaccination"]}
{"id": 1074809895323545600, "date": "2018-12-17", "time": "18:33:42", "tweet": "@Polar_Bair_ I mean with the current setup it's not possible to implement a fullhop buffer, but 3 frame jumpsquat makes the manual input quick and easy imo.  Also I accidentally deleted the other tweet lol", "likes_count": 1, "replies_count": 0, "retweets_count": 0, "hashtags": []}
{"id": 1074809859764338689, "date": "2018-12-17", "time": "18:33:34", "tweet": "@DAMNITSAMDAVID Understood.  I know I can work on my bars lol.  I appreciate your input.  I made the beat too ❤️", "likes_count": 1, "replies_count": 0, "retweets_count": 0, "hashtags": []}
{"id": 1074809768399626240, "date": "2018-12-17", "time": "18:33:12", "tweet": "@robdansie Hi Rob. We still looking into this and as we're constantly striving to improve Fitbit products and services, and we appreciate all of the input we receive from our customers, we suggest you to vote for this request through this page:  https://t.co/1Pp8Xxq9yF. See you there!", "likes_count": 0, "replies_count": 1, "retweets_count": 0, "hashtags": []}
{"id": 1074809720261664769, "date": "2018-12-17", "time": "18:33:00", "tweet": "@3DPrinting_Mag In order for the popularity of the promising technology, how do we make sure we use ecofriendly material such as corn-based biodegradable plastic instead of other, how do we design a perfect recycling cycle fro production to final product and maximum the output with minimal input", "likes_count": 0, "replies_count": 0, "retweets_count": 0, "hashtags": []}
{"id": 1074809683641278466, "date": "2018-12-17", "time": "18:32:52", "tweet": "@OmegaNova_Storm What night would be good for you? be great to get your input again, great fun last time", "likes_count": 0, "replies_count": 1, "retweets_count": 0, "hashtags": []}
{"id": 1074809643975802880, "date": "2018-12-17", "time": "18:32:42", "tweet": "CVE-2018-18556  A privilege escalation issue was discovered in VyOS 1.1.8. The default configuration also allows operator users to execute the pppd binary with elevated (sudo) permissions. Certain input parameters a...   https://t.co/oszKvFKfDD", "likes_count": 0, "replies_count": 0, "retweets_count": 0, "hashtags": []}
{"id": 1074809614363910147, "date": "2018-12-17", "time": "18:32:35", "tweet": "@Polar_Bair_ I mean with the current setup it's not possible to implement a fullhop buffer, but 3 frame jumpsquat makes the manual input quick and easy imo.", "likes_count": 0, "replies_count": 0, "retweets_count": 0, "hashtags": []}
{"id": 1074809536798699520, "date": "2018-12-17", "time": "18:32:17", "tweet": "-my friends are all amazing both new and old if you were a friend in 2018 i love you  -i technically did hold a job this year for a bit lmao, despite my misgivings it at least taught me a lot, both skill-wise and about myself, and that was good.", "likes_count": 0, "replies_count": 1, "retweets_count": 0, "hashtags": []}
{"id": 1074809408713080833, "date": "2018-12-17", "time": "18:31:46", "tweet": "Jquery Sum Total [Votes: 1] #jquery #input #output  https://t.co/lhR5yVSF4s", "likes_count": 0, "replies_count": 0, "retweets_count": 0, "hashtags": ["jquery", "input", "output"]}
{"id": 1074809397761769472, "date": "2018-12-17", "time": "18:31:44", "tweet": "@MaRkdAtheist @Josh_Dohme @shivittyshiv @Battlefield Dude.. you’re taking a video game WAY too seriously.. I just provided my input on the matter. Thank you for coming into my mentions trying to tell me over and over why I’m wrong. I understand your side and I hear you, but in the long run, I still don’t care. I won’t respond again", "likes_count": 0, "replies_count": 0, "retweets_count": 0, "hashtags": []}
{"id": 1074809395878326272, "date": "2018-12-17", "time": "18:31:43", "tweet": "If I was very rich there are some meta-chart formats I'd fund the creation of in d3  One of them would be chart where itcan show - actual data - selected experts predictions - user can input their predictions - aggregated predictions of users  We need format separated from view", "likes_count": 8, "replies_count": 1, "retweets_count": 0, "hashtags": []}
{"id": 1074809325670019073, "date": "2018-12-17", "time": "18:31:26", "tweet": "Positive win loss. 2 losses due to input jank. -200 k from where i started.... soooooo..... fuck this game?  https://t.co/rdWIPobVbH", "likes_count": 4, "replies_count": 1, "retweets_count": 0, "hashtags": []}
{"id": 1074809264571506691, "date": "2018-12-17", "time": "18:31:12", "tweet": "@dreyarellano @uniquedamian @Aaanngelll he’s just giving his input", "likes_count": 1, "replies_count": 1, "retweets_count": 0, "hashtags": []}
{"id": 1074809180312256512, "date": "2018-12-17", "time": "18:30:52", "tweet": "East Texas agriculture officials look for input on Farm Bill 2019:  https://t.co/wPzMHQQnP9  https://t.co/3QDgpF6NGO", "likes_count": 0, "replies_count": 0, "retweets_count": 0, "hashtags": []}
{"id": 1074809099655806978, "date": "2018-12-17", "time": "18:30:33", "tweet": "@BritIceHockey I was hoping Seth Bennett might have had some input .", "likes_count": 0, "replies_count": 0, "retweets_count": 0, "hashtags": []}
{"id": 1074809000917721088, "date": "2018-12-17", "time": "18:30:09", "tweet": "👍 @iOliteLabs Finally Makes Your Dreams Come True with an #AI Combined with #BlockchainThat Can Take Any Input &amp; Write Software For You   https://t.co/Y69kaBG2MJ   @wwwAIblog  #MachineLearning #SmartContracts #DigitalTransformation  https://t.co/6TmJ51gGDG", "likes_count": 1, "replies_count": 0, "retweets_count": 10, "hashtags": ["ai", "blockchainthat", "machinelearning", "smartcontracts", "digitaltransformation"]}
{"id": 1074808994336784384, "date": "2018-12-17", "time": "18:30:07", "tweet": "East Texas agriculture officials look for input on Farm Bill 2019:  https://t.co/7l0H4wlgN8  https://t.co/C6HKk4A6dB", "likes_count": 0, "replies_count": 0, "retweets_count": 0, "hashtags": []}
{"id": 1074808985222504448, "date": "2018-12-17", "time": "18:30:05", "tweet": "Validation of a next-generation sequencing oncology panel optimized for low input DNA.  https://t.co/SHXBI2jSCv", "likes_count": 0, "replies_count": 0, "retweets_count": 0, "hashtags": []}
{"id": 1074808870168596480, "date": "2018-12-17", "time": "18:29:38", "tweet": "Tonight’s #WellingtonFl Town Center Public Input Meeting is just minutes away. Don't miss your chance to take part and make your voice heard. Details:  https://t.co/NsNkeWpVQJ  https://t.co/WIxvKHh0wo", "likes_count": 0, "replies_count": 0, "retweets_count": 0, "hashtags": ["wellingtonfl"]}
{"id": 1074808786060079104, "date": "2018-12-17", "time": "18:29:18", "tweet": "@ghaxos Stable notes input? Not sure if I understand ;3;", "likes_count": 0, "replies_count": 1, "retweets_count": 0, "hashtags": []}
{"id": 1074808773540237312, "date": "2018-12-17", "time": "18:29:15", "tweet": "Business Digest: City Ventures seeks input on Scotts Valley project  https://t.co/X2rloa4x7I", "likes_count": 0, "replies_count": 0, "retweets_count": 0, "hashtags": []}
{"id": 1074808759908790272, "date": "2018-12-17", "time": "18:29:12", "tweet": "@BlessedNjugush @MasokoKe How do you input the code? @BlessedNjugush @MasokoKe", "likes_count": 0, "replies_count": 0, "retweets_count": 0, "hashtags": []}
{"id": 1074808750593200128, "date": "2018-12-17", "time": "18:29:09", "tweet": "@MasKpls Ultimate perfectly balance speed, pacing, and timing so that you can clearly witness who can do the craziest shit in like a fkin 2 second button input window idk specifics tho lol", "likes_count": 1, "replies_count": 0, "retweets_count": 0, "hashtags": []}
