{"id": 1057784238928486400, "date": "2018-10-31", "time": "19:59:49", "tweet": "I'm playing games on iCashApp and it's so much fun! You can earn money as well playing game. Download it, input the refer code WTXAN36 get free 5USD. #iCash  https://t.co/fwgkRbS39V", "likes_count": 0, "replies_count": 0, "retweets_count": 0, "hashtags": ["icash"]}
{"id": 1057784192879206400, "date": "2018-10-31", "time": "19:59:38", "tweet": "@beelynmcdizzle Here’s the link! You input your salary and adjust the metrics    https://t.co/qtX80LdhWP", "likes_count": 2, "replies_count": 1, "retweets_count": 0, "hashtags": []}
{"id": 1057784169756090369, "date": "2018-10-31", "time": "19:59:33", "tweet": "@RedFredis @FBAwayDays @Tomchalkerwhu Never going down but thanks for your input.", "likes_count": 0, "replies_count": 0, "retweets_count": 0, "hashtags": []}
{"id": 1057784078513123328, "date": "2018-10-31", "time": "19:59:11", "tweet": "@saywallahbruhh Make sure you have the elgato software installed. You can change a setting called EDID to Display, and it will allow you to use the refresh rates preferred by said display. BUT iirc some monitors dont have HDMI 2.0 input ports, which might prohibit higher refresh rates.", "likes_count": 9, "replies_count": 3, "retweets_count": 0, "hashtags": []}
{"id": 1057784048079134721, "date": "2018-10-31", "time": "19:59:04", "tweet": "Terburu2 karena takut didenda telat lapor yang berakibat fatal: bayar PPN DN masa September salah input kode jadi PPH 21 masa September. Jadi ribet musti pengajuan pemindahan buku dan tetap bayar denda telat lapornya 500rb. 😞😂 @DitjenPajakRI", "likes_count": 0, "replies_count": 1, "retweets_count": 0, "hashtags": []}
{"id": 1057783976214122496, "date": "2018-10-31", "time": "19:58:47", "tweet": "@AaronPerryRSB @thudson_42 @UKIP @jordanbpeterson @CountDankulaTV No tbf you’re right we’re really not. I meant ‘without your input’ rather than just in general. In general we’re fucked", "likes_count": 0, "replies_count": 0, "retweets_count": 0, "hashtags": []}
{"id": 1057783903430369280, "date": "2018-10-31", "time": "19:58:29", "tweet": "@TCyrusLisle202 Telling a story more than just reading a book is engaging, fun and is a way to provide comprehensible input to EL Learners. @TCyrusLisle202 thank you for allowing me to share this tradition with your students!", "likes_count": 0, "replies_count": 0, "retweets_count": 0, "hashtags": []}
{"id": 1057783873197826049, "date": "2018-10-31", "time": "19:58:22", "tweet": "Prime example of males giving input on things they can’t relate to", "likes_count": 0, "replies_count": 0, "retweets_count": 0, "hashtags": []}
{"id": 1057783715907227649, "date": "2018-10-31", "time": "19:57:45", "tweet": "@johnnliu @SuzanneHunt76 great point! - looping in @joshcarlisle for any input 😀", "likes_count": 1, "replies_count": 2, "retweets_count": 0, "hashtags": []}
{"id": 1057783684110184450, "date": "2018-10-31", "time": "19:57:37", "tweet": "Oh boy... lots of input in this thread.", "likes_count": 3, "replies_count": 0, "retweets_count": 0, "hashtags": []}
{"id": 1057783483941249024, "date": "2018-10-31", "time": "19:56:49", "tweet": "@GoldyChoke you and your input is fantastic", "likes_count": 0, "replies_count": 0, "retweets_count": 0, "hashtags": []}
{"id": 1057783331818037248, "date": "2018-10-31", "time": "19:56:13", "tweet": "@Parkerlawyer Mine has nagged her friends to vote and even offered to fill out the ballot for them (with their input, I promise). Moms for the win!", "likes_count": 0, "replies_count": 0, "retweets_count": 0, "hashtags": []}
{"id": 1057783284157972480, "date": "2018-10-31", "time": "19:56:02", "tweet": "@renemjclarke Good luck with whatever it is you’re up to while away. As always, your input will be missed!  Merry Xmas and have a wonderful New Year!", "likes_count": 1, "replies_count": 1, "retweets_count": 1, "hashtags": []}
{"id": 1057783079295606784, "date": "2018-10-31", "time": "19:55:13", "tweet": "@flyscoot I have dietary restrictions. I have paid for Scoot Biz. I selected my meals on 14 Aug (day of booking) carefully because of my dietary restrictions. And now they've been changed without any input from myself.", "likes_count": 0, "replies_count": 0, "retweets_count": 0, "hashtags": []}
{"id": 1057782820796596224, "date": "2018-10-31", "time": "19:54:11", "tweet": "@Fuzzy301 I’m gonna have a 2080 and an I9 9900K but like, idk what determines input lag yknow", "likes_count": 3, "replies_count": 0, "retweets_count": 0, "hashtags": []}
{"id": 1057782656627363841, "date": "2018-10-31", "time": "19:53:32", "tweet": "@DrAmarMOH Thanks Amar for your input. Much appreciated!", "likes_count": 1, "replies_count": 0, "retweets_count": 0, "hashtags": []}
{"id": 1057782629611782146, "date": "2018-10-31", "time": "19:53:26", "tweet": "PG points received. Download PhotoGrid and input my invite code to get more!  https://t.co/7f884JsmtM", "likes_count": 1, "replies_count": 0, "retweets_count": 0, "hashtags": []}
{"id": 1057782503350693888, "date": "2018-10-31", "time": "19:52:56", "tweet": "@rachaelphillips I'm still fighting predictive input. Every time I begrudgingly accept a suggestion I bristle with \"Yeah, don't think you know me! You don't know OK\"... My relationship with my tech gets quite tense. :)", "likes_count": 0, "replies_count": 1, "retweets_count": 0, "hashtags": []}
{"id": 1057782476796502016, "date": "2018-10-31", "time": "19:52:49", "tweet": "@goblinJoel @hankgreen Very interesting topic. Thanks for the input.", "likes_count": 0, "replies_count": 0, "retweets_count": 0, "hashtags": []}
{"id": 1057782470278402050, "date": "2018-10-31", "time": "19:52:48", "tweet": "@tobyfox the y-axis is inverted when i use a dualshock 3 or dualshock 4 for deltarune on mac. is there some way that i could fix this? i've already tried input mapper apps and nothing has worked properly", "likes_count": 1, "replies_count": 1, "retweets_count": 0, "hashtags": []}
{"id": 1057782400820887553, "date": "2018-10-31", "time": "19:52:31", "tweet": "Hundreds of well-paid, union jobs to go in the midlands as a result of Bord na Mona cuts and the only strong political input comes from...Fianna Fáil.   I hear there are parties which represent working class communities even outside Dublin. I’ve yet to see one.", "likes_count": 9, "replies_count": 2, "retweets_count": 0, "hashtags": []}
{"id": 1057782229428920320, "date": "2018-10-31", "time": "19:51:50", "tweet": "@SpeakerRyan Paul, seriously, why do you always go against your party publicly. I appreciate your input but talk to the president in person and not publicly. Maybe retirement is well needed", "likes_count": 0, "replies_count": 0, "retweets_count": 0, "hashtags": []}
{"id": 1057782226782425088, "date": "2018-10-31", "time": "19:51:50", "tweet": "@sqL_handLe @codandn @DBArgenis As always, appreciate your input Lonnie", "likes_count": 1, "replies_count": 1, "retweets_count": 0, "hashtags": []}
{"id": 1057782225549320192, "date": "2018-10-31", "time": "19:51:49", "tweet": "@LanghartCohen Why are you complaining about The 1st Lady going to Africa? Maybe her next trip IS GA! We need ppl to stop looking for fault in everything. That's easy to do. Takes away from your own self and goodwill. Add positive input. Get positive results. If ya not help'n, shut up.", "likes_count": 0, "replies_count": 0, "retweets_count": 0, "hashtags": []}
{"id": 1057782144725118977, "date": "2018-10-31", "time": "19:51:30", "tweet": "@SoundRemedy Rewire would be a way, it would accept midi input and you can route the audio of the FL Rewire back into Ableton, only thing that rewire cant seem to do is receive audio input from the host", "likes_count": 0, "replies_count": 0, "retweets_count": 0, "hashtags": []}
{"id": 1057781998377295872, "date": "2018-10-31", "time": "19:50:55", "tweet": "And the lawn sign is up!  Thank you #yyccc for letting #yyc have their input on Nov 13! #calgary2026 @yescalgary2026 Info here:  https://t.co/URblVLzADB  https://t.co/bSZLPh42kd", "likes_count": 10, "replies_count": 3, "retweets_count": 3, "hashtags": ["yyccc", "yyc", "calgary2026"]}
{"id": 1057781822656933888, "date": "2018-10-31", "time": "19:50:13", "tweet": "input type=\"file\"のボタンでは、ドラッグ＆ドロップが有効だって知らなかった！ いつからだろう。 #safari #chrome", "likes_count": 0, "replies_count": 0, "retweets_count": 0, "hashtags": ["safari", "chrome"]}
{"id": 1057781767980154880, "date": "2018-10-31", "time": "19:50:00", "tweet": "@C9Criz ive never noticed input lag tbh", "likes_count": 1, "replies_count": 1, "retweets_count": 0, "hashtags": []}
{"id": 1057781509849985024, "date": "2018-10-31", "time": "19:48:59", "tweet": "@apkurt @StravaSupport @GarminFitness @Strava Final bit of input; similar situation w/ longer repeats following a route created on the desktop version of @Strava, @GarminFitness file and how it loaded to Strava. Why is it ~3k ft. diff. than Garmin &amp; ~2.5k ft. diff. than Strava Route Builder?  https://t.co/maFjyG1zmF", "likes_count": 0, "replies_count": 0, "retweets_count": 0, "hashtags": []}
{"id": 1057781497137127425, "date": "2018-10-31", "time": "19:48:56", "tweet": "Does anyone stream Fortnite with 1 PC and notice input lag ? Debating on whether or not to try a Dual PC setup, or just stick to 1 PC with my new setup.", "likes_count": 13, "replies_count": 8, "retweets_count": 0, "hashtags": []}
{"id": 1057780773649031168, "date": "2018-10-31", "time": "19:46:03", "tweet": "I'm sorry but jungkook doesnt need your input into what he has to do with HIS own work. If he decided and WANTED to film Jimin, it's not your place to say otherwise", "likes_count": 0, "replies_count": 0, "retweets_count": 0, "hashtags": []}
{"id": 1057780538147201024, "date": "2018-10-31", "time": "19:45:07", "tweet": "Provider, insurer task force urges greater consumer input in health plan design  https://t.co/c5kumFQ3zQ  https://t.co/RSLHOcygLv", "likes_count": 0, "replies_count": 0, "retweets_count": 0, "hashtags": []}
{"id": 1057780490923659264, "date": "2018-10-31", "time": "19:44:56", "tweet": "@marybusk @MrsJacksonSarah @1adass @CQCpressoffice @DHSCgovuk @cj_dinenage @educationgovuk @LGAcomms @LGOmbudsman @PHSOmbudsman @Ofstednews @NHSEngland @NHSImprovement @rayjjames @psychjoh @CBFdn @bustogether @IPenfold @VODGmembership Having parents siblings and experts by living experience is vital necessary and the only way to change if you are unhappy angry frustrated with what is happening engage to evolve to change together we can don’t delay get on with it today it matters lives count have your input", "likes_count": 6, "replies_count": 0, "retweets_count": 3, "hashtags": []}
{"id": 1057780460359729152, "date": "2018-10-31", "time": "19:44:49", "tweet": "People grieve differently. Another persons input on how they think you should act/feel after losing someone is irrelevant", "likes_count": 3, "replies_count": 0, "retweets_count": 0, "hashtags": []}
{"id": 1057780344085131264, "date": "2018-10-31", "time": "19:44:21", "tweet": "#unionfs  Re: [PATCH v4 02/11] VFS: copy_file_range check validity of input source offset  https://t.co/pOfSaWnHB0", "likes_count": 0, "replies_count": 0, "retweets_count": 0, "hashtags": ["unionfs"]}
{"id": 1057780189978132480, "date": "2018-10-31", "time": "19:43:44", "tweet": "@ph1 Applying your post to a good source explaining partial application as input could be a good example of partial application indeed. Wikipedia isn't a good source, it could break referential transparency. 😉", "likes_count": 0, "replies_count": 0, "retweets_count": 0, "hashtags": []}
{"id": 1057780165848252416, "date": "2018-10-31", "time": "19:43:38", "tweet": "#GutCheck #BlackAsICanBe #BlackLoveIsOurCure #GetDownOrLayDown #AllInTogetherNow   Your success is based on your effort and input into each other. Without it…  https://t.co/CoM5JRrp0z", "likes_count": 0, "replies_count": 0, "retweets_count": 0, "hashtags": ["gutcheck", "blackasicanbe", "blackloveisourcure", "getdownorlaydown", "allintogethernow"]}
{"id": 1057780128183390208, "date": "2018-10-31", "time": "19:43:29", "tweet": "@_RaggedyDan_ @PyrerealmGaming Not to mention the fact that he was complaining about things being difficult like the camera being slow to keep up with the input which I believe was intentional to give some weight to gunfights insteas of them being so easy like GTA V. A feature I like.", "likes_count": 0, "replies_count": 0, "retweets_count": 0, "hashtags": []}
{"id": 1057780024525418504, "date": "2018-10-31", "time": "19:43:05", "tweet": "@oldmansaid @The_FSF Great to have your input to our group as well and thank you 👍", "likes_count": 2, "replies_count": 0, "retweets_count": 0, "hashtags": []}
{"id": 1057779768970616832, "date": "2018-10-31", "time": "19:42:04", "tweet": "@Stampseeds @saskpride @FPGenetics Nice.  The new varieties crush it in the plots.  I suspect they shine in the higher input situations #140N", "likes_count": 2, "replies_count": 1, "retweets_count": 0, "hashtags": ["140n"]}
