{"id": 1079527422654144513, "date": "2018-12-30", "time": "18:59:28", "tweet": "@mooose59 You'll do far better without my input", "likes_count": 2, "replies_count": 0, "retweets_count": 0, "hashtags": []}
{"id": 1079527326076018688, "date": "2018-12-30", "time": "18:59:05", "tweet": "@DwainReid @LudovicHuraux @weareshapr Hi Dwain! We actually have some London events in the works for 2019. I would love to connect to learn more about how you'd like to help out and get your input! Can you send an email my way? mandy@shapr.co", "likes_count": 0, "replies_count": 1, "retweets_count": 0, "hashtags": []}
{"id": 1079527165962510336, "date": "2018-12-30", "time": "18:58:27", "tweet": "@forcacorca Not if it's shitty movies. Your input there would be much appreciated.", "likes_count": 0, "replies_count": 0, "retweets_count": 0, "hashtags": []}
{"id": 1079526871241506817, "date": "2018-12-30", "time": "18:57:17", "tweet": "@walsha Thanks for the input coach", "likes_count": 0, "replies_count": 0, "retweets_count": 0, "hashtags": []}
{"id": 1079526756590198784, "date": "2018-12-30", "time": "18:56:50", "tweet": "@cannaworldsite @RobbinsGroupLLC @EmeraldZoo @Leafly @WeedEssence @HIGH_TIMES_Mag Thanks for your input - everyone! (insert suppository/input joke here) (and the insert joke goes here).  So much to learn, love it! -Herb", "likes_count": 2, "replies_count": 1, "retweets_count": 0, "hashtags": []}
{"id": 1079526696804601856, "date": "2018-12-30", "time": "18:56:35", "tweet": "@realDonaldTrump You are not and will not get your vanity wall. Come Jan. 3rd government will reopen soon without your input. You are now irrelevant. You are meaningless. You are going to prison. Your family name ruined. Your kids are going to prison.", "likes_count": 1, "replies_count": 0, "retweets_count": 0, "hashtags": []}
{"id": 1079526682736889857, "date": "2018-12-30", "time": "18:56:32", "tweet": "He rejected input from “his” generals.  He knew and he understood.", "likes_count": 1, "replies_count": 0, "retweets_count": 0, "hashtags": []}
{"id": 1079526423835172864, "date": "2018-12-30", "time": "18:55:30", "tweet": "GPIO high input voltage? #Uncle_Ollie #RetroGaming #Blockchain #RaspberryPi #Maker #Tinkering #HappyCamper  https://t.co/8aK4PH0aG6", "likes_count": 0, "replies_count": 0, "retweets_count": 0, "hashtags": ["uncle_ollie", "retrogaming", "blockchain", "raspberrypi", "maker", "tinkering", "happycamper"]}
{"id": 1079526053670981634, "date": "2018-12-30", "time": "18:54:02", "tweet": "@unfortunatalie I’ve stayed in plenty, but never alone. I worry It’ll stir up weird shit. Thanks for the input though.xx", "likes_count": 0, "replies_count": 0, "retweets_count": 0, "hashtags": []}
{"id": 1079526018166202368, "date": "2018-12-30", "time": "18:53:54", "tweet": "@LawrenceHendry1 Where in ma tweet did a ask for ur input ya sosij", "likes_count": 5, "replies_count": 0, "retweets_count": 0, "hashtags": []}
{"id": 1079525991330893824, "date": "2018-12-30", "time": "18:53:47", "tweet": "@cgytradecentral I don’t think. He’s been injured and was just sitting him imo to get others playing  And if anything I don’t think Peters would do that without Brads input", "likes_count": 0, "replies_count": 1, "retweets_count": 0, "hashtags": []}
{"id": 1079525967259783168, "date": "2018-12-30", "time": "18:53:41", "tweet": "@Kickass_seabass @rickygervais All of your points are inaccurate and clearly just your opinion. Thanks for your input.", "likes_count": 0, "replies_count": 0, "retweets_count": 0, "hashtags": []}
{"id": 1079525955708903429, "date": "2018-12-30", "time": "18:53:39", "tweet": "@triggertractor @Jonywalker56 @hw_jabroni @JakobDWebster @ebruenig If that is true. Not. Why didn’t he come over &amp; examine the baby earlier? Nobody would have stopped him. In fact, GOH would welcomed his input. Why should a terminally ill baby be put through the trauma of being flown thousands of miles based on a, “maybe it’ll work “.", "likes_count": 2, "replies_count": 1, "retweets_count": 0, "hashtags": []}
{"id": 1079525938503868417, "date": "2018-12-30", "time": "18:53:35", "tweet": "I've not posted any #PiWars robot photo or video updates since my first test drive just before Christmas as I've been working on the software. Learning how to detect mouse input and render graphics in pygame. Also designing graphics for my touch screen robot control menus.", "likes_count": 6, "replies_count": 1, "retweets_count": 0, "hashtags": ["piwars"]}
{"id": 1079525744055910406, "date": "2018-12-30", "time": "18:52:48", "tweet": "I think behind the scenes Mike Phelan and Sir Alex have had an input", "likes_count": 1, "replies_count": 0, "retweets_count": 0, "hashtags": []}
{"id": 1079525464043966464, "date": "2018-12-30", "time": "18:51:41", "tweet": "@bugwannostra Thanks for all your input. I’ve enjoyed your tweets. Happy New Year 🎊🎈", "likes_count": 1, "replies_count": 1, "retweets_count": 0, "hashtags": []}
{"id": 1079525458482552832, "date": "2018-12-30", "time": "18:51:40", "tweet": "@K8brannen @PrincessBravato You also have to ask what advice and/or input did the professionals (the secret service) have in this decision?", "likes_count": 0, "replies_count": 0, "retweets_count": 0, "hashtags": []}
{"id": 1079525324851945474, "date": "2018-12-30", "time": "18:51:08", "tweet": "@rey_nobody Well, it’s up to you. But I’ve given my input.", "likes_count": 2, "replies_count": 1, "retweets_count": 0, "hashtags": []}
{"id": 1079525247672553472, "date": "2018-12-30", "time": "18:50:50", "tweet": "@AHungryBuffalo We definitely hear you! We're always working to better your Hulu experience with the help of our viewers' feedback. With that in mind, we'll be sure to forward your additional input to the appropriate teams here!", "likes_count": 0, "replies_count": 0, "retweets_count": 0, "hashtags": []}
{"id": 1079525194413203456, "date": "2018-12-30", "time": "18:50:37", "tweet": "@SirCrest @elgatogaming Tried updating drivers as well, I know it can't be a faulty connection in the GPU input as it will pick up a second monitor when tested", "likes_count": 0, "replies_count": 1, "retweets_count": 0, "hashtags": []}
{"id": 1079525187769561088, "date": "2018-12-30", "time": "18:50:36", "tweet": "@P_Henriksson Medhåll. Bra input, det hade höjt det.", "likes_count": 0, "replies_count": 0, "retweets_count": 0, "hashtags": []}
{"id": 1079525123013644289, "date": "2018-12-30", "time": "18:50:20", "tweet": "(I forgot I made this thing heh) Thanks for the input everyone. I was worried my chat posts were annoying or uninteresting but this eased my mind a little.😊", "likes_count": 2, "replies_count": 0, "retweets_count": 0, "hashtags": []}
{"id": 1079524898970599424, "date": "2018-12-30", "time": "18:49:27", "tweet": "@rzkxldny I don't think you have any input in this equation", "likes_count": 0, "replies_count": 1, "retweets_count": 0, "hashtags": []}
{"id": 1079524880348000256, "date": "2018-12-30", "time": "18:49:22", "tweet": "@maniwentsoIo Are you? I see a lot of people tweet/post about how they don’t want their boyfriend/girlfriend to like the opposite sex’s photos, so I thought I’d get some input. Thanks :)", "likes_count": 0, "replies_count": 0, "retweets_count": 0, "hashtags": []}
{"id": 1079524838795034624, "date": "2018-12-30", "time": "18:49:12", "tweet": "@nullvoxpopuli ❤ Rubocop! Not the same though: - `autocorrect` not supported by all cops - Not as deterministic as the others (they dump input style, reprint from AST) - Too configurable (Prettier, Black, and others only very mildly)  - Not focused on code format: also looks for mistakes, etc", "likes_count": 0, "replies_count": 0, "retweets_count": 0, "hashtags": []}
{"id": 1079524821350928384, "date": "2018-12-30", "time": "18:49:08", "tweet": "@CRPierce39 @bostonborn66 No. Don’t have loads of time. What I know to be true, too many people tried that and look at the results. Moron in charge. At this point, I’ll thank you for your input, but I’ll handle her how I feel necessary. People like Patty ignore facts. Thanks, but no thanks!", "likes_count": 0, "replies_count": 1, "retweets_count": 0, "hashtags": []}
{"id": 1079524819970846720, "date": "2018-12-30", "time": "18:49:08", "tweet": "I added a video to a @YouTube playlist  https://t.co/RqKpMUSSLP Cristian Varela playing his PHOENIX @ INPUT Club-BCN", "likes_count": 0, "replies_count": 0, "retweets_count": 0, "hashtags": []}
{"id": 1079524782134185984, "date": "2018-12-30", "time": "18:48:59", "tweet": "@ronnieamofa I didn't even get the chance to make an input.", "likes_count": 0, "replies_count": 1, "retweets_count": 0, "hashtags": []}
{"id": 1079524730560892928, "date": "2018-12-30", "time": "18:48:47", "tweet": "@catmsilverman Lots of veterans I might get input from, but just because McD can play,  he should be asked to do just that.", "likes_count": 0, "replies_count": 1, "retweets_count": 0, "hashtags": []}
{"id": 1079524723296530432, "date": "2018-12-30", "time": "18:48:45", "tweet": "@PortugueseLW Cheers for the input boss", "likes_count": 0, "replies_count": 1, "retweets_count": 0, "hashtags": []}
{"id": 1079524640115081221, "date": "2018-12-30", "time": "18:48:25", "tweet": "@UKLabour @HackneyAbbott I'm given to believe Tony Bliar had some input in privatising our beloved NHS. Happy to be corrected  (honestly).", "likes_count": 0, "replies_count": 0, "retweets_count": 0, "hashtags": []}
{"id": 1079524337756065794, "date": "2018-12-30", "time": "18:47:13", "tweet": "@Vretz2121 That's a game plan thing, so it's collaborative, between head coach, OC and probably even some input from position coaches.", "likes_count": 0, "replies_count": 1, "retweets_count": 0, "hashtags": []}
{"id": 1079524310396649472, "date": "2018-12-30", "time": "18:47:06", "tweet": "@Reg28th @Faalboot @ChaddLast @stillgray Sure, there could be civic leaders, that's not incompatible with communism at all. It's probably a very direct democracy, with lots of input from the citizens", "likes_count": 0, "replies_count": 0, "retweets_count": 0, "hashtags": []}
{"id": 1079524300955308037, "date": "2018-12-30", "time": "18:47:04", "tweet": "i dont expect my tweets to be relevant or verified. I just have to SCREAM &amp; protest DJT &amp; digest input from others. Thankful to all mentors. Give us guidance with a path to Constitutional normalcy.", "likes_count": 0, "replies_count": 0, "retweets_count": 0, "hashtags": []}
{"id": 1079524231719706627, "date": "2018-12-30", "time": "18:46:48", "tweet": "@BTC_y_tho Just remember to take my analysis with a grain of salt, I am no guru.  I have seemed to have found a good system of my own making with many many months of trial and Error, I am still improving it and testing it. I welcome input and appreciate the discourse. Cheers  https://t.co/hUaDzidKeq", "likes_count": 0, "replies_count": 1, "retweets_count": 0, "hashtags": []}
{"id": 1079524142393618432, "date": "2018-12-30", "time": "18:46:26", "tweet": "@AllanLichtman Thanks @AllanLichtman for your input on @MSNBC today. Happy New Year to you and your family. ALOHA!", "likes_count": 1, "replies_count": 0, "retweets_count": 0, "hashtags": []}
{"id": 1079523875673833472, "date": "2018-12-30", "time": "18:45:23", "tweet": "@c_e_mazur WW never stay in their lane. They think every conversation needs their input. It amazes me to have that kind of audacity.", "likes_count": 1, "replies_count": 0, "retweets_count": 0, "hashtags": []}
{"id": 1079523841322422274, "date": "2018-12-30", "time": "18:45:15", "tweet": "@AvianAviator @StarLupus *His brows furrowed at Falco’s input. He did have a point.*  Okay, how about this as the main plan?   I go in by myself, ready for the trade off while you two scope out the scene from a distance. He doesn’t know I have my team here, so if his goons /do/ show up, that’s when I -", "likes_count": 0, "replies_count": 1, "retweets_count": 0, "hashtags": []}
{"id": 1079523787538944001, "date": "2018-12-30", "time": "18:45:02", "tweet": "@motoringguruUK Thank you VERY much for your input... but having just played that song I might not include it. It’s not that I don’t like it... actually, it’s exactly that. Sorry!", "likes_count": 2, "replies_count": 1, "retweets_count": 0, "hashtags": []}
{"id": 1079523773223747584, "date": "2018-12-30", "time": "18:44:58", "tweet": "i'm trying to figure out good combos and i saw the tilt angle funny and i just realized that the side tilt has slight up and down input", "likes_count": 0, "replies_count": 0, "retweets_count": 0, "hashtags": []}
