{"id": 1070105372352962561, "date": "2018-12-04", "time": "18:59:37", "tweet": "banning porn on tumblr is the first step in a multi step plan to make everyone become never nudes", "likes_count": 6, "replies_count": 0, "retweets_count": 2, "hashtags": []}
{"id": 1070105354871103488, "date": "2018-12-04", "time": "18:59:32", "tweet": "Aku x mkn breakfast lagi boss dh msg tambah input dlm slide. Arghhhhh...stress. x smpai opis lgi dh stress", "likes_count": 0, "replies_count": 0, "retweets_count": 0, "hashtags": []}
{"id": 1070105330644905984, "date": "2018-12-04", "time": "18:59:27", "tweet": "The never ending discussion on the n-word is still never ending...with a lot more input by the Latinos this time around...", "likes_count": 1, "replies_count": 1, "retweets_count": 0, "hashtags": []}
{"id": 1070105189187633154, "date": "2018-12-04", "time": "18:58:53", "tweet": "@8BITRio I know from what I heard that just having a shield button on x/y was much easier to execute then l or R  Other then that idk what use it's for besides a closer/faster input. Guess it rly depends on the person.", "likes_count": 1, "replies_count": 0, "retweets_count": 0, "hashtags": []}
{"id": 1070105183944753152, "date": "2018-12-04", "time": "18:58:52", "tweet": "Please offer your input!", "likes_count": 1, "replies_count": 1, "retweets_count": 0, "hashtags": []}
{"id": 1070104846190239744, "date": "2018-12-04", "time": "18:57:31", "tweet": "EPA seeks input from North Dakota oil, coal industries  https://t.co/a45qxtEMAt  https://t.co/5sEJooaUV5", "likes_count": 0, "replies_count": 0, "retweets_count": 0, "hashtags": []}
{"id": 1070104768545206283, "date": "2018-12-04", "time": "18:57:13", "tweet": "@2KSupport You fixed the servers that are causing lag and serious input delay issues for the vast majority of players that aren’t using ps4 pros? No? Then you haven’t really fixed anything. Please do something about it in future releases. Don’t hide from high priority issues. Bad business..", "likes_count": 0, "replies_count": 1, "retweets_count": 0, "hashtags": []}
{"id": 1070104759301038080, "date": "2018-12-04", "time": "18:57:10", "tweet": "ALLEN BRADLEY 1720-L012 SER. C 2 INPUT SEALED ANDS *USED*  https://t.co/LwKhxYDZ5O", "likes_count": 0, "replies_count": 0, "retweets_count": 0, "hashtags": []}
{"id": 1070104749343563776, "date": "2018-12-04", "time": "18:57:08", "tweet": "Students seem to have had some input in the interview process of the new VP Students.  Did any faculty have any input?  https://t.co/sQpCw9NYPl  https://t.co/EjrIaZkHTx", "likes_count": 0, "replies_count": 2, "retweets_count": 0, "hashtags": []}
{"id": 1070104704598794240, "date": "2018-12-04", "time": "18:56:57", "tweet": "@digg @pankisseskafka @Longreads Although it has some logic to it she fails to give first person accounts and sociology scholars input here", "likes_count": 0, "replies_count": 0, "retweets_count": 0, "hashtags": []}
{"id": 1070104583844687872, "date": "2018-12-04", "time": "18:56:29", "tweet": "making a paste out of sand and glue sticks as a sustainable alternative to paper", "likes_count": 2, "replies_count": 0, "retweets_count": 0, "hashtags": []}
{"id": 1070104436129837056, "date": "2018-12-04", "time": "18:55:53", "tweet": "@taIkingtos @jeongraejepsen @talkintothatsun Thank you for your input", "likes_count": 0, "replies_count": 1, "retweets_count": 0, "hashtags": []}
{"id": 1070104249487499265, "date": "2018-12-04", "time": "18:55:09", "tweet": "GE FANUC IC693ALG220F INPUT ANALOG 4PT VOLTAGE *USED*  https://t.co/EupCqOjxDT  https://t.co/MgShgZ52pf", "likes_count": 0, "replies_count": 0, "retweets_count": 0, "hashtags": []}
{"id": 1070104065999286272, "date": "2018-12-04", "time": "18:54:25", "tweet": "@StephenGutowski 'I love dogs\" -150k retweets  Edited: \"Heil Hitler\" -150k retweets  I remember how well naming a flavor of Mountain Dew went with the internets input, can't trust anyone.", "likes_count": 0, "replies_count": 1, "retweets_count": 0, "hashtags": []}
{"id": 1070104039701049350, "date": "2018-12-04", "time": "18:54:19", "tweet": "@BarrowsBOY Awesome, thanks for the input man", "likes_count": 1, "replies_count": 0, "retweets_count": 0, "hashtags": []}
{"id": 1070103975121305600, "date": "2018-12-04", "time": "18:54:03", "tweet": "I just bought: 'SGEYR 6x1 HDMI Switch, 1.4v Switcher 6 port HDMI Switch 6 input 1 output with Audio... via @AmazonUK  https://t.co/4zqk0v0n22", "likes_count": 0, "replies_count": 0, "retweets_count": 0, "hashtags": []}
{"id": 1070103846133760000, "date": "2018-12-04", "time": "18:53:33", "tweet": "#WeatherPrediction  I don't understand the difference between the two functions: calculate_labels and calculate_difference. The code is similar and you're using the mean temperatures as an input to both functions.  #ML #questionsanswered on @udemy  https://t.co/FoCs36yVuq", "likes_count": 0, "replies_count": 0, "retweets_count": 0, "hashtags": ["weatherprediction", "ml", "questionsanswered"]}
{"id": 1070103823413272576, "date": "2018-12-04", "time": "18:53:27", "tweet": "Money Cube - An APP which will help you get MONEY for free. Input my invite code ❤2PCI7❤ after installation, and you will get 1000 Clicks. Download link:  https://t.co/hQgWpjV0TJ  https://t.co/3l79lhY0pI", "likes_count": 0, "replies_count": 0, "retweets_count": 0, "hashtags": []}
{"id": 1070103814617784320, "date": "2018-12-04", "time": "18:53:25", "tweet": "DHRM Jeff Gregg showing us all how to input an HDE lead! Now you have to buy those! @CourtneyMKorkow @BlankenshipSB @ORANGEoregonian  https://t.co/lDNMWPl7mC", "likes_count": 34, "replies_count": 1, "retweets_count": 2, "hashtags": []}
{"id": 1070103779209469952, "date": "2018-12-04", "time": "18:53:17", "tweet": "@Ocasio2018 They pay market prices for every other input. Or are you pushing for price floors elsewhere as well? (Though I guess if you're really a socialist, you favor abolishing private ownership of the means of production, which makes price controls seem wise by comparison.)", "likes_count": 0, "replies_count": 0, "retweets_count": 0, "hashtags": []}
{"id": 1070103775317127168, "date": "2018-12-04", "time": "18:53:16", "tweet": "It works! Free distributed content publishing! \\o/ ✅ Stateless Smart Contract via PiiNG + IPFS ✅ Transaction Filter Input Decoding  TODO: 🔲 Batch signed PiiNGs 🔲 Automated publishing interval 🔲 Central API Endpoint for pre-published access 🔲 Open multi-stream design pattern  https://t.co/TendAuFNlM", "likes_count": 0, "replies_count": 0, "retweets_count": 0, "hashtags": []}
{"id": 1070103740756230145, "date": "2018-12-04", "time": "18:53:08", "tweet": "@haimeh_ugarte That's what I've been thinking! Thanks so much for the input! 👍", "likes_count": 1, "replies_count": 0, "retweets_count": 0, "hashtags": []}
{"id": 1070103579787169792, "date": "2018-12-04", "time": "18:52:29", "tweet": "@GladysSteptoe @GavinCurnow Minister for culture. We are holding a seance for Harry’s input.", "likes_count": 0, "replies_count": 1, "retweets_count": 0, "hashtags": []}
{"id": 1070103515224109056, "date": "2018-12-04", "time": "18:52:14", "tweet": "No blooper reel? I swear Actor/Comedian Lawrence E Thomas and I are serious on this week’s great podcast of “Schindler’s List” on the Mazan Movie Club. Listen below or iTunes.   With great reviews/input from...  https://t.co/a4nT0VkKvJ", "likes_count": 0, "replies_count": 0, "retweets_count": 0, "hashtags": []}
{"id": 1070103491513892864, "date": "2018-12-04", "time": "18:52:08", "tweet": "@Betracingnation RUK should be free for a month to attract newbies and get their input on what improvements they would make!", "likes_count": 0, "replies_count": 0, "retweets_count": 0, "hashtags": []}
{"id": 1070103423805059079, "date": "2018-12-04", "time": "18:51:52", "tweet": "And thanks for your input @chrisw!", "likes_count": 1, "replies_count": 0, "retweets_count": 0, "hashtags": []}
{"id": 1070103321480818688, "date": "2018-12-04", "time": "18:51:28", "tweet": "今までのfctixとは別パッケージにするのか。 - ITP: fcitx5 -- Next generation of Fcitx Input Method Framework  https://t.co/wWDdNeOoWY", "likes_count": 0, "replies_count": 0, "retweets_count": 0, "hashtags": []}
{"id": 1070103129448837121, "date": "2018-12-04", "time": "18:50:42", "tweet": "anyone else want to input their unwanted opinion on my life?", "likes_count": 0, "replies_count": 0, "retweets_count": 0, "hashtags": []}
{"id": 1070102923231735808, "date": "2018-12-04", "time": "18:49:53", "tweet": "@happeehour @amjustasma @aestaengtic_ Inang can we input more than 1 ticket number ? What if I have acquaintance to go with ?? And we want to stand next to each other ??? We are 5 in total . @happeehour @Vernon_Go 🤔💞", "likes_count": 0, "replies_count": 1, "retweets_count": 0, "hashtags": []}
{"id": 1070102890369437703, "date": "2018-12-04", "time": "18:49:45", "tweet": "@cptn_funky We definitely hear you! The amount of ads vary from show to show, network to network. That being said, we'll certainly pass along your input to the respective teams here. If you'd like a commercial free experience, check out our No Commercials plan:  https://t.co/cZHqrcmWQY!", "likes_count": 0, "replies_count": 0, "retweets_count": 0, "hashtags": []}
{"id": 1070102863764832256, "date": "2018-12-04", "time": "18:49:38", "tweet": "account will be restored to full functionality in: 23 hours and 59 minutes. The countdown will begin once you continue to Twitter. &lt;input type=\"hidden\" name=\"nsi\" value=\"1\"&gt;", "likes_count": 0, "replies_count": 0, "retweets_count": 0, "hashtags": []}
{"id": 1070102516619198466, "date": "2018-12-04", "time": "18:48:16", "tweet": "@5u6l1m8 @PiggyShitCock @FunnyJill @Outdoorgirl612 @mariabamfoo @MichaelPhelps @Oprah @RaeRaeBradley @TitusNation @benroy00 Hey guys! Thanks for all of your interest and input. Our data is housed here in America.  My brother and I worked very hard on our app and we want to do our best to protect our user’s data. We welcome any technical suggestions you have (bc let’s face it, I’m 16 and Charlie is 13)", "likes_count": 2, "replies_count": 1, "retweets_count": 0, "hashtags": []}
{"id": 1070102460918841344, "date": "2018-12-04", "time": "18:48:02", "tweet": "@kilpatrickaudio Assumption, haven’t read docs. Affect whatever the input gain stage so the verb will ring out regardless of the trem level at the time ;3", "likes_count": 0, "replies_count": 1, "retweets_count": 0, "hashtags": []}
{"id": 1070102410729807872, "date": "2018-12-04", "time": "18:47:50", "tweet": "City Manager Don Saling said Monday that the council will not hold a work session before taking action on the ordinance at their Dec. 11 meeting — their final regular meeting of the year.  That doesn't mean the city won't be seeking any more input,...  https://t.co/IoduQuUqdu", "likes_count": 0, "replies_count": 0, "retweets_count": 0, "hashtags": []}
{"id": 1070102370732949504, "date": "2018-12-04", "time": "18:47:41", "tweet": "I wonder who your Top 10 NHL Cappers are??? In no order, just 10. Good or Bad. Feel free to input. Not gonna care whether or not. Always wanted to know, just a shower thought.", "likes_count": 1, "replies_count": 5, "retweets_count": 0, "hashtags": []}
{"id": 1070102108026929153, "date": "2018-12-04", "time": "18:46:38", "tweet": "What color blue are we? What is the official ‘N’? Does our Eagle face left or right? Your input is needed! The district invites you to share your thoughts to help improve and be more consistent with our brand.  https://t.co/g3m48ctSKS", "likes_count": 1, "replies_count": 0, "retweets_count": 1, "hashtags": []}
{"id": 1070102033380859904, "date": "2018-12-04", "time": "18:46:20", "tweet": "Den sesion di intercambio di informacion importante tocante e proceso cu ta encaminando pa bin cu plan di desaroyo di teritorio aki na Aruba.   Brindando comunidad (barionan) oportunidad pa haci pregunta duna nan input/opinion den esaki!", "likes_count": 0, "replies_count": 0, "retweets_count": 0, "hashtags": []}
{"id": 1070101987033780225, "date": "2018-12-04", "time": "18:46:09", "tweet": "@AriMelber regarding Trump's ignorance (of law) if I break law, I'm told ignorance of law is no defense. Trump has lots of lawyers and advisors. His fault if he rejects input of tossed who rely on more than their gut.", "likes_count": 0, "replies_count": 0, "retweets_count": 0, "hashtags": []}
{"id": 1070101915764060161, "date": "2018-12-04", "time": "18:45:52", "tweet": "PARENTS! We need your input! Please take a moment and complete this survey.   https://t.co/Z4MOTtBVqT", "likes_count": 0, "replies_count": 0, "retweets_count": 0, "hashtags": []}
{"id": 1070101847812333568, "date": "2018-12-04", "time": "18:45:36", "tweet": "GE FANUC INPUT ANALOG IC693ALG220J *AS IS*  https://t.co/RgpYR5RaTz  https://t.co/idvRCt83SF", "likes_count": 0, "replies_count": 0, "retweets_count": 0, "hashtags": []}
