{"id": 1076628360674099200, "date": "2018-12-22", "time": "18:59:38", "tweet": "Love this @MariahCarey 🎄 Merry Christmas 🎄 ⛄️ ❄️ to everyone, hope everyone gets a well deserved break. Fibroids Network, Enjoyed sharing knowlege &amp; hearing great input. Hope for ⬆️ Health &amp; ⭐️Love for everyone Counting down to the New Year🍾. 🥂 All things are possible! 🇬🇧", "likes_count": 1, "replies_count": 0, "retweets_count": 1, "hashtags": []}
{"id": 1076628265861705728, "date": "2018-12-22", "time": "18:59:16", "tweet": "@BlackMarker5 Hai, kami telah update dan input resi transaksi kamu ya silakan cek kembali", "likes_count": 0, "replies_count": 0, "retweets_count": 0, "hashtags": []}
{"id": 1076628248388403200, "date": "2018-12-22", "time": "18:59:11", "tweet": "@SoldierLuka No the buffer+input lag is super weird and clunky. Once you get used to it it’s not bad", "likes_count": 1, "replies_count": 1, "retweets_count": 0, "hashtags": []}
{"id": 1076628063012691968, "date": "2018-12-22", "time": "18:58:27", "tweet": "@nostalnerd @RetroBoyJon @BloggosPow @GtoTheNextLevel @ColonelFalcon @SteadySphere @swooper_d @SNUKgaming @sincespacies He is with me now. I gave him a bath ( input Sonic drowning music here) He is now drying off.", "likes_count": 3, "replies_count": 0, "retweets_count": 0, "hashtags": []}
{"id": 1076627956385148928, "date": "2018-12-22", "time": "18:58:02", "tweet": "So today was terrible and it included the death of my Sega Genesis. 😢  Tried to re-solder the DC Input jack, but... it just broke after I took it out. Ordered a new one, and waiting for it's arrival.    No NHL 94 gaming for Christmas this year. Womp womp.  https://t.co/2BMgvLf7Bp", "likes_count": 0, "replies_count": 0, "retweets_count": 0, "hashtags": []}
{"id": 1076627862046851072, "date": "2018-12-22", "time": "18:57:39", "tweet": "Money Cube - An APP which will help you get MONEY for free. Input my invite code ❤BY2SW❤ after installation, and you will get 1000 Clicks. Download link:  https://t.co/8e0tDZF0j4  https://t.co/uPeW77X0Xm", "likes_count": 0, "replies_count": 0, "retweets_count": 0, "hashtags": []}
{"id": 1076627747634663425, "date": "2018-12-22", "time": "18:57:12", "tweet": "Poor &amp; unscrupulous business leaders require yes men.  Conversely, strong business leaders demand educated, experienced input for analysis, and strong political leaders understand the value of debate.  Instead of either, we have a wannabe king who demands servile sycophants.", "likes_count": 2, "replies_count": 0, "retweets_count": 2, "hashtags": []}
{"id": 1076627687081500672, "date": "2018-12-22", "time": "18:56:58", "tweet": "@RealGangsta2U @realDonaldTrump I would like to say u are an ass however u are the first lib i have heard with a non hate actual statement. Good job. Thank you my friend for your input.", "likes_count": 0, "replies_count": 0, "retweets_count": 0, "hashtags": []}
{"id": 1076627543229263873, "date": "2018-12-22", "time": "18:56:23", "tweet": "I'm playing games on iCashApp and it's so much fun! You can earn money as well playing game. Download it, input the refer code 5589MUJ get free 5USD.", "likes_count": 0, "replies_count": 0, "retweets_count": 0, "hashtags": []}
{"id": 1076627311926145024, "date": "2018-12-22", "time": "18:55:28", "tweet": "@HelsEyebrow @dontlookbacktax @SpillerOfTea @RuffEstateDate Thanks for the input there.", "likes_count": 0, "replies_count": 0, "retweets_count": 0, "hashtags": []}
{"id": 1076627273770586112, "date": "2018-12-22", "time": "18:55:19", "tweet": "Adventure Text Game problems with moving arround with Directions  I have problems moving arround my map in haskell. If the players input is e.g. BackOff I need to change the current location to the new one but i also need to check if there is a location.…  https://t.co/VCHE4qHytw", "likes_count": 0, "replies_count": 0, "retweets_count": 0, "hashtags": []}
{"id": 1076627062427807744, "date": "2018-12-22", "time": "18:54:29", "tweet": "@SInow @alliseeisgold Thank JB for speaking to this happening. As a wrestling Mom, I particularly appreciate your input !", "likes_count": 0, "replies_count": 0, "retweets_count": 0, "hashtags": []}
{"id": 1076626716368326656, "date": "2018-12-22", "time": "18:53:06", "tweet": "Great input in the morning ! Dedicating this input to any gal/boi, my newly married friends 🎆 &amp; myself. New experience &amp; knowledge. TQ. Assalamualaikum 😉  https://t.co/dRkCwJ0XcL", "likes_count": 0, "replies_count": 0, "retweets_count": 0, "hashtags": []}
{"id": 1076626688568631296, "date": "2018-12-22", "time": "18:52:59", "tweet": "@GeorgeTakei I don't know what's worse, the fact this \"issue\" was \"important\" enough to require the input of an expert, or the fact such an expert was ACTUALLY FOUND.", "likes_count": 6, "replies_count": 0, "retweets_count": 0, "hashtags": []}
{"id": 1076626640548048897, "date": "2018-12-22", "time": "18:52:48", "tweet": "Christmas shopping procrastination may be in full swing, but my new years resolution is here: no more of the 'liking, loving, laughing' responding to text messages cause why not just text the person back and contributing your own input.", "likes_count": 1, "replies_count": 0, "retweets_count": 0, "hashtags": []}
{"id": 1076626310875828224, "date": "2018-12-22", "time": "18:51:29", "tweet": "@IlhanMN The crimes in city is getting bad. What are your input or agenda's on those important issue...", "likes_count": 0, "replies_count": 0, "retweets_count": 0, "hashtags": []}
{"id": 1076626237110382592, "date": "2018-12-22", "time": "18:51:12", "tweet": "@lialayeu @COMODOS7 @BKNgoid Liat dari sisi lain bu.. kita kemarin kn melaksnakan secara Online n kita input sendiri datanya serta berkas hanya discan saja, nah mungkin disitu dimanfaatkan beberapa orang untuk melakukan kecurangan dengan menginput data dan upload data scan tidak sesuai dengan kenyataannya.", "likes_count": 0, "replies_count": 0, "retweets_count": 0, "hashtags": []}
{"id": 1076626203317014528, "date": "2018-12-22", "time": "18:51:04", "tweet": "Dynasty Input: Help decide my NCAA Sanctions  https://t.co/CfVt8NHaGj", "likes_count": 0, "replies_count": 0, "retweets_count": 0, "hashtags": []}
{"id": 1076626193485582336, "date": "2018-12-22", "time": "18:51:01", "tweet": "Sudoku Puzzle Game for iPhone is the world's first Sudoku application equipped with \"flick input mode\".    https://t.co/fwivhrpjBx", "likes_count": 0, "replies_count": 0, "retweets_count": 0, "hashtags": []}
{"id": 1076625898097434624, "date": "2018-12-22", "time": "18:49:51", "tweet": "@Solreth Pretty sure I retweeted something already explaining how this works but could I get a refresher on what to input for this?", "likes_count": 0, "replies_count": 1, "retweets_count": 0, "hashtags": []}
{"id": 1076625811334197249, "date": "2018-12-22", "time": "18:49:30", "tweet": "@StedeBonnet_ @ProperOpinion @TheCalCoconut I would be honored to have my input considered.", "likes_count": 0, "replies_count": 1, "retweets_count": 0, "hashtags": []}
{"id": 1076625654261731329, "date": "2018-12-22", "time": "18:48:53", "tweet": "Out at 25th/139. Last game last stock lost against an Inkling. A slight input mistake cost me that last game! &lt;3 we still Gucci though.", "likes_count": 1, "replies_count": 0, "retweets_count": 0, "hashtags": []}
{"id": 1076625437286191105, "date": "2018-12-22", "time": "18:48:01", "tweet": "additional thoughts: finale chord input is driving me crazy", "likes_count": 6, "replies_count": 1, "retweets_count": 0, "hashtags": []}
{"id": 1076625369887895552, "date": "2018-12-22", "time": "18:47:45", "tweet": "@ziggiedogg @RodAllen1968 @Dan_Burns_ @Txshorty76 @SenWarren @realDonaldTrump I can tell he is still replying. Please screenshot it so he does not escape my input.", "likes_count": 1, "replies_count": 1, "retweets_count": 0, "hashtags": []}
{"id": 1076625236316119040, "date": "2018-12-22", "time": "18:47:13", "tweet": "Well, I think the ASIO driver for my interface is just unrecoverable at this point... basic input/output is, terrifyingly, working with Microsoft's automatic drivers, I guess... I can live without ASIO for awhile.", "likes_count": 0, "replies_count": 0, "retweets_count": 0, "hashtags": []}
{"id": 1076625168615653376, "date": "2018-12-22", "time": "18:46:57", "tweet": "@NZWolf1980 @iansmith_adl @ABCthedrum @ScottMorrisonMP @JoshFrydenberg @AngusTaylorMP Well I did because it was added onto everything. My local lunch stop was looking at a massive cost of gassing the fridge. I live in a world where corporations pass on their input costs. Like #AGL wracked a 40% surcharge on just marketing energy. What planet do u live on?", "likes_count": 0, "replies_count": 1, "retweets_count": 0, "hashtags": ["agl"]}
{"id": 1076625157161172992, "date": "2018-12-22", "time": "18:46:54", "tweet": "@icaz_ Wonka lanjutkan jawab ya, mohon maaf atas ketidaknyamanannya. Perihal kendala Kakak mohon untuk menunggu terlebih dahulu 1x24 jam sejak penjual input resi terlebih dahulu ya Kak--", "likes_count": 0, "replies_count": 0, "retweets_count": 0, "hashtags": []}
{"id": 1076625133131821056, "date": "2018-12-22", "time": "18:46:49", "tweet": "@YaBoiCakeyC Actually, it was when I played MvC3 (around its original release) was when I learned that I can just do the Hadouken directional input + any attack button to try and figure out moves. Fighting games just made that much more sense to me after that point lol. MvC1 is my childhood!", "likes_count": 1, "replies_count": 0, "retweets_count": 0, "hashtags": []}
{"id": 1076625000113889281, "date": "2018-12-22", "time": "18:46:17", "tweet": "@TheiiIsSiilent @ScrubQuotesX As a Shulk player I gotta say the massive input delay is a nice buff to Shulk lmao", "likes_count": 30, "replies_count": 1, "retweets_count": 0, "hashtags": []}
{"id": 1076624875769524224, "date": "2018-12-22", "time": "18:45:47", "tweet": "@Alejand88747964 Hi Alejandro! Nothing to announce yet, but we appreciate your input and will pass it along to the team!", "likes_count": 2, "replies_count": 0, "retweets_count": 0, "hashtags": []}
{"id": 1076624583585861632, "date": "2018-12-22", "time": "18:44:38", "tweet": "@maggieNYT \"White House spokespeople did not respond to repeated efforts for input or comment.\"  Thanks, Maggie, good to know!  You pushed this piece 8 times. WTF was this tweet for?", "likes_count": 0, "replies_count": 0, "retweets_count": 0, "hashtags": []}
{"id": 1076624514153209858, "date": "2018-12-22", "time": "18:44:21", "tweet": "@munin @SwiftOnSecurity @msuiche How can you query against under input without passing user input to the query? That advice will confuse many devs. You have to feed the query user input, so... you either escape it (doable but slippery slope) or parameterize it (and trust the parameterization driver).", "likes_count": 0, "replies_count": 0, "retweets_count": 0, "hashtags": []}
{"id": 1076624454766215168, "date": "2018-12-22", "time": "18:44:07", "tweet": "@C3_Nik @CryptoAmb I had to post this because you got quoted and this is how I learn. Thank you for your input. This is why I LOVE the #xrpcommmunity ♥️", "likes_count": 2, "replies_count": 1, "retweets_count": 0, "hashtags": ["xrpcommmunity"]}
{"id": 1076624447958904832, "date": "2018-12-22", "time": "18:44:05", "tweet": "i dead had a convo where i didn’t give my input &amp; was on my phone and she KEPT. FUCKING. TALKING.", "likes_count": 0, "replies_count": 1, "retweets_count": 0, "hashtags": []}
{"id": 1076624178818670592, "date": "2018-12-22", "time": "18:43:01", "tweet": "@kontakBRI Sy tidak melakukan kesalahan input dan sudah baca term ib.bri. Kejadian ini sudah ber-kali2 begitu login langsung terblokir. Sekedar saran utk pengembangan web ebanking, harap tampilkan KETERANGAN SPESIFIK setiap error, bkn hanya kode kesalahan semacam BBR00Q2 yg blm spesifik.", "likes_count": 0, "replies_count": 1, "retweets_count": 0, "hashtags": []}
{"id": 1076624145188827136, "date": "2018-12-22", "time": "18:42:53", "tweet": "@chelleryn99 To think this can be remedied by preventing the input of cash at the bottom end whilst allowing increasingly ridiculous amounts to be taken out at the top is madness when the whole system relies on profits and taxes produced by earnings &amp; spending moving up from below.", "likes_count": 0, "replies_count": 1, "retweets_count": 0, "hashtags": []}
{"id": 1076623976804294657, "date": "2018-12-22", "time": "18:42:13", "tweet": "@kwakdonut @Love_non_league I meant no disrespect fella, if anything I value your input but that term is biased and dare I say \"pundit friendly\"... some serious meetings at MFC as to where they want us to finish this year bearing in mind the good news", "likes_count": 0, "replies_count": 1, "retweets_count": 0, "hashtags": []}
{"id": 1076623965609553925, "date": "2018-12-22", "time": "18:42:10", "tweet": "売ってinput資金に！メルカリを始めてみよう #2｜みやもと　まなぶ @m_rifle_captain｜note（ノート）  https://t.co/vyZNhpMIxt", "likes_count": 0, "replies_count": 0, "retweets_count": 0, "hashtags": []}
{"id": 1076623395238883329, "date": "2018-12-22", "time": "18:39:54", "tweet": "@hasufl I mean that there’s no reason to imagine if we can measure! Data cap is spelled out in contract with ISP, so user would have to find that out and manually input for measurement", "likes_count": 0, "replies_count": 0, "retweets_count": 0, "hashtags": []}
{"id": 1076623244097138688, "date": "2018-12-22", "time": "18:39:18", "tweet": "@CathyMcG2 @LelenaPeacock I have an issue bc I didn’t/don’t see Senator Wyden worrying about COIs regarding the implementation of the CDC guidelines and input from PROP - where J Ballantyne has/had documented COIs re: giving paid expert testimony against pharma industry/opioids.  Not genuine concern IMO.", "likes_count": 0, "replies_count": 1, "retweets_count": 0, "hashtags": []}
{"id": 1076623190753984513, "date": "2018-12-22", "time": "18:39:06", "tweet": "@Solreth Yeah i kinda figured it would maximize damage, idk how i keep messing up the input but ill get it down eventually so i can pull this off consistently", "likes_count": 0, "replies_count": 0, "retweets_count": 0, "hashtags": []}
{"id": 1076623099418869760, "date": "2018-12-22", "time": "18:38:44", "tweet": "@christo85766536 @mikefreemanNFL Ok technical partner ship no, but there’s no reason owners shouldn’t be willing to allow and accept player input", "likes_count": 0, "replies_count": 0, "retweets_count": 0, "hashtags": []}
{"id": 1076622928018661377, "date": "2018-12-22", "time": "18:38:03", "tweet": "@GolazoDan I prefer to learn at my own pace and in the manner I choose. That's worked for me, and I learned lots today, too. Thanks for the input!", "likes_count": 3, "replies_count": 1, "retweets_count": 0, "hashtags": []}
{"id": 1076622855826219009, "date": "2018-12-22", "time": "18:37:46", "tweet": "@Gus_the_Weim @FPVaughanIII @MaximeBernier It would drastically reduce the required size of the CRA to manage all of the current complexity. It eliminates the need for a carbon tax. So many good points to this from a policy perspective. Use existing HST with much higher rates and probably eliminate input tax credits.", "likes_count": 0, "replies_count": 1, "retweets_count": 0, "hashtags": []}
{"id": 1076622728159997958, "date": "2018-12-22", "time": "18:37:15", "tweet": "@yukichan_snow el input lag que yo le noto suele ser de 0,2 ~ 0,4 segundos como mucho. El de 1 segundo, rara vez me ha pasado, es insufrible, pero menos mal que no suele ser xD", "likes_count": 0, "replies_count": 1, "retweets_count": 0, "hashtags": []}
{"id": 1076622511683428352, "date": "2018-12-22", "time": "18:36:24", "tweet": "@kmerian @amanda_pompili @mcfunny @erikwilson1975 @VeritasEver @doritmi @carlsmythe @Oddytee77 @EmmaGPaley @kidoctr @Plasticdoe @notcolloquial @what_if_007 @GeoffSchuler @steffieschiltz @SpectrumomYeah @StopVaxxedLies @Hi_IQ_Trump @mmelgar09 @Ordnance_Corner @ChrisJohnsonMD @MsTrixter @janestaller @SalCross @chrisvcsefalvay @MissNeminly @AkathisiaRx @ADonatiMD Thanks kmerian, for your balanced and courteous input. I've heard that Texan's have a reputation for being polite, you've done a lot to confirm that reputation.", "likes_count": 0, "replies_count": 1, "retweets_count": 0, "hashtags": []}
{"id": 1076622383530811392, "date": "2018-12-22", "time": "18:35:53", "tweet": "@tarapalmeri @lad_lew @benyc Thanks for that input. trump is some negotiator", "likes_count": 1, "replies_count": 1, "retweets_count": 0, "hashtags": []}
{"id": 1076622347984162817, "date": "2018-12-22", "time": "18:35:45", "tweet": "@PixelThinks Yo that Smashbox input tho feels TIGHT, see my Roy/yoshi with that shit.  Poor incineroar gains almost nothing off of it :( just a slightly faster bair", "likes_count": 0, "replies_count": 0, "retweets_count": 0, "hashtags": []}
{"id": 1076622269596790785, "date": "2018-12-22", "time": "18:35:26", "tweet": "Dear Nintendo....plz plz plz address the 6-7f OFFLINE input delay in #SuperSmashBrosUItimate. It really is that bad...", "likes_count": 12, "replies_count": 2, "retweets_count": 0, "hashtags": ["supersmashbrosuitimate"]}
{"id": 1076622266471981057, "date": "2018-12-22", "time": "18:35:25", "tweet": "@DrystanDW the input is incredibly consistent, and it is better by both damage and extension options. The nair nair still has a place as it combos at slightly earlier percents, but the reality is you ira nairing the first shot anytime regardless because it just grants more. Not rar. ira.", "likes_count": 1, "replies_count": 1, "retweets_count": 0, "hashtags": []}
{"id": 1076622238235934724, "date": "2018-12-22", "time": "18:35:18", "tweet": "@AppleSupport could you please add an age calculator to the calendar app so when I input birthdays it also notifies me of their age? Thanks 😭", "likes_count": 0, "replies_count": 0, "retweets_count": 0, "hashtags": []}
{"id": 1076622199534931968, "date": "2018-12-22", "time": "18:35:09", "tweet": "@Alacran_bnha We don’t know that or maybe Monoma has some input to it? Ochako and the others were found briefly after Monoma confronted Deku. 🤔🤔🤔🤔", "likes_count": 0, "replies_count": 1, "retweets_count": 0, "hashtags": []}
{"id": 1076622084220977152, "date": "2018-12-22", "time": "18:34:42", "tweet": "@munin @SwiftOnSecurity @msuiche SQLi is the same thing as a buffer overflow or XSS: lack of native boundary between data and function allows data to become function. It is best defeated by ensuring input is passed to SQL queries as parameters at query runtime vs dynamically building the query FROM tainted data.", "likes_count": 0, "replies_count": 1, "retweets_count": 0, "hashtags": []}
{"id": 1076622062037450753, "date": "2018-12-22", "time": "18:34:36", "tweet": "@Sonicblueknight Ya, hay gente que le va bien, pero tiene una de input lag... Acongojante. Retardo de 1 segundo me lleva ._.", "likes_count": 0, "replies_count": 1, "retweets_count": 0, "hashtags": []}
{"id": 1076622052893880320, "date": "2018-12-22", "time": "18:34:34", "tweet": "@sickdooger You're probably right, but lord knows I don't have anyone locally to practice with, and I didn't want to have to worry about input delay with online", "likes_count": 1, "replies_count": 0, "retweets_count": 0, "hashtags": []}
{"id": 1076621936501891072, "date": "2018-12-22", "time": "18:34:06", "tweet": "Money Cube - An APP which will help you get MONEY for free. Input my invite code ❤F5RCZ❤ after installation, and you will get 1000 Clicks. Download link:  https://t.co/KKy1sWdLgq", "likes_count": 0, "replies_count": 0, "retweets_count": 0, "hashtags": []}
{"id": 1076621822601383936, "date": "2018-12-22", "time": "18:33:39", "tweet": "Not for nothing, but my biggest football* skepticism of Briles as an OC is that all of his jobs have been under offensive coaches with established track records of success independent of his input. It’s what has made me question his value beyond off the field stigma.", "likes_count": 22, "replies_count": 7, "retweets_count": 3, "hashtags": []}
{"id": 1076621753961586688, "date": "2018-12-22", "time": "18:33:23", "tweet": "@Nick_HBS the clip on Negative Legends vlog where he filmed a chat about promoting the brand and them giving input on how to make things better is so darn cool. And love the fact that they made a simple &amp; advance game with a MTG Pro tour player designing the game, just WOW", "likes_count": 1, "replies_count": 1, "retweets_count": 0, "hashtags": []}
{"id": 1076621607748202497, "date": "2018-12-22", "time": "18:32:48", "tweet": "Heyy Guys, it's Bala here.🤗🤗 This #drawing that I'd done, which I'd love to get your input when you can, is a simple #testament to our #innerchild within ourselves. Life after all is…  https://t.co/767ZQOKuIC", "likes_count": 1, "replies_count": 0, "retweets_count": 0, "hashtags": ["drawing", "testament", "innerchild"]}
{"id": 1076621478890737664, "date": "2018-12-22", "time": "18:32:17", "tweet": "The most important part about being a friend is knowing when to give “advice” and when to just stfu and LISTEN. Sometimes people just want a shoulder to cry on, your input isn’t always warranted or wanted", "likes_count": 2, "replies_count": 0, "retweets_count": 0, "hashtags": []}
