{"id": 1054885106635231232, "date": "2018-10-23", "time": "19:59:42", "tweet": "Ask; 1) Affirm plan, 2)  Staff, w/ EPSAC (NOT community) input write the plan, 3) (what they really want) hire our friend for sustainability coordinator.", "likes_count": 0, "replies_count": 1, "retweets_count": 0, "hashtags": []}
{"id": 1054885071965040640, "date": "2018-10-23", "time": "19:59:34", "tweet": "SFV AE * LIVE NOW! / No Input Lag Edition!:  https://t.co/rrhy78At2V via @YouTube", "likes_count": 0, "replies_count": 0, "retweets_count": 0, "hashtags": []}
{"id": 1054885026784034816, "date": "2018-10-23", "time": "19:59:23", "tweet": "Summit County, towns seek public input on indoor sports fieldhouse  https://t.co/XG6TQsL7xd", "likes_count": 1, "replies_count": 0, "retweets_count": 1, "hashtags": []}
{"id": 1054884883254849537, "date": "2018-10-23", "time": "19:58:49", "tweet": "#NowListening 102218 Episode 4 LeBron a Lakette from The MiB TWiB Podcast on @CastBox_FM  https://t.co/YsggtrsZHu If you got any input, please respond here or check out our Facebook page, The MiB TWiB Podcast for all news, updates, &amp; shownotes for this and every other episode.  https://t.co/TDimP1d9J1", "likes_count": 0, "replies_count": 0, "retweets_count": 0, "hashtags": ["nowlistening"]}
{"id": 1054884798571921409, "date": "2018-10-23", "time": "19:58:29", "tweet": "@Shamiellah Output is always less than input", "likes_count": 0, "replies_count": 0, "retweets_count": 0, "hashtags": []}
{"id": 1054884672423915520, "date": "2018-10-23", "time": "19:57:59", "tweet": "SDN Bugis Sudah Input Data Siswa Miskin, tapi yang Mampu Masih dapat -  https://t.co/Kz8744N7HU #bimanews", "likes_count": 0, "replies_count": 0, "retweets_count": 0, "hashtags": ["bimanews"]}
{"id": 1054884596079153152, "date": "2018-10-23", "time": "19:57:41", "tweet": "President Tumblr: (Is a website and therefore is incapable of running a country let alone doing anything beyond displaying certain information based on user input)", "likes_count": 0, "replies_count": 0, "retweets_count": 0, "hashtags": []}
{"id": 1054884360762089472, "date": "2018-10-23", "time": "19:56:45", "tweet": "Been trying everything to fix the input lag from my PS4 controller to the console. Read up on every little thing that can cause it but the one that sticks out is the external hard drive as that's the thing that has changed over the last month. @AskPS_UK any thoughts?", "likes_count": 1, "replies_count": 0, "retweets_count": 0, "hashtags": []}
{"id": 1054884352172154880, "date": "2018-10-23", "time": "19:56:43", "tweet": "@hbarzilai @AssangeMrs @semper29ify I don't want anybody to get me wrong I'm just asking the questions so that I can understand exactly what the concern is. I imagine there are no easy days for Mother or Son and pray that they will get somewhere with this whole mess soon. Thanks for the input", "likes_count": 0, "replies_count": 0, "retweets_count": 0, "hashtags": []}
{"id": 1054884320446300160, "date": "2018-10-23", "time": "19:56:35", "tweet": "Seeking input from people who swipe on straight men on tinder/bumble: what are the equivalents of \"looking for the Jim to my Pam\" \"I love tacos\" \"traveller\" \"venmo me $5\" that you see all the time", "likes_count": 3, "replies_count": 3, "retweets_count": 0, "hashtags": []}
{"id": 1054884274644619265, "date": "2018-10-23", "time": "19:56:24", "tweet": "@MikeWehner what if this very important part of the development process didn't suck? Is that an option? I don't recall being asked for my input but I'd be willing to consider a different version.", "likes_count": 0, "replies_count": 0, "retweets_count": 0, "hashtags": []}
{"id": 1054884248832724993, "date": "2018-10-23", "time": "19:56:18", "tweet": "@DenikaKarim But I think they will count themselves lucky to have your valuable input!", "likes_count": 0, "replies_count": 0, "retweets_count": 0, "hashtags": []}
{"id": 1054884037616119809, "date": "2018-10-23", "time": "19:55:28", "tweet": "@Dvyne40 @mel4nie80 It wasn't a personal one Diane, That was pretty help full input I was winging it a bit to be fair but now I have professional back up I feel more confident.", "likes_count": 0, "replies_count": 0, "retweets_count": 0, "hashtags": []}
{"id": 1054883956229840896, "date": "2018-10-23", "time": "19:55:08", "tweet": "That’s easier said than done of course, especially if you’re just starting out.  One of things I like to do is just think out loud, be open and engaging. That seems to attract a following that values your input and will ultimately support you.", "likes_count": 0, "replies_count": 0, "retweets_count": 0, "hashtags": []}
{"id": 1054883803838050304, "date": "2018-10-23", "time": "19:54:32", "tweet": " https://t.co/6CM0bt4i05", "likes_count": 0, "replies_count": 1, "retweets_count": 0, "hashtags": []}
{"id": 1054883799467806725, "date": "2018-10-23", "time": "19:54:31", "tweet": "Money Cube - An APP which will help you get MONEY for free. Input my invite code ❤I5DNJ❤ after installation, and you will get 1000 Clicks. Download link:  https://t.co/rRTwFAIvVQ  https://t.co/pcIZ9udMXT", "likes_count": 0, "replies_count": 0, "retweets_count": 0, "hashtags": []}
{"id": 1054883798981242880, "date": "2018-10-23", "time": "19:54:31", "tweet": "Really enjoyable evening with Tom sharing his vast experience and knowledge with us. Fantastic input.", "likes_count": 6, "replies_count": 0, "retweets_count": 0, "hashtags": []}
{"id": 1054883645654265857, "date": "2018-10-23", "time": "19:53:54", "tweet": "Today everyone is praising SFV input lag reduction.  What I cant wait for is when you're still losing what will be the excuse?  How many of you guys are actually honest with yourselves?  Or are you unable to see where your deficiencies are?  Interesting times.", "likes_count": 1, "replies_count": 0, "retweets_count": 0, "hashtags": []}
{"id": 1054883469770125312, "date": "2018-10-23", "time": "19:53:12", "tweet": "@HBJohnXuandou I know about plinking. I don't think it's an equivalent example. Perhaps a better one would be to borrow the trick counter strike players use to bunnyhop by binding a scroll wheel to buttons, so you can rapidly scroll the wheel to spam an input.", "likes_count": 0, "replies_count": 2, "retweets_count": 0, "hashtags": []}
{"id": 1054883425642049537, "date": "2018-10-23", "time": "19:53:02", "tweet": "@GlennThrush Glenn, journalist from Georgia here! I really appreciated reading your article, and wanted to send along a story we did on my show about Georgia farmers Randy and Mark. If you wanted some input about the story, I'd be happy to forward you their info.  https://t.co/9xLOcQH8Yi", "likes_count": 6, "replies_count": 0, "retweets_count": 3, "hashtags": []}
{"id": 1054883099627143169, "date": "2018-10-23", "time": "19:51:44", "tweet": "Since this tweet got a decent amount of attention, I just wanted to add a few more ways to make your #podcast / #audiodrama accessible! First off thank you to @splott2 for your input, and for the input I've gathered from others along the way!", "likes_count": 3, "replies_count": 1, "retweets_count": 0, "hashtags": ["podcast", "audiodrama"]}
{"id": 1054883050025312256, "date": "2018-10-23", "time": "19:51:32", "tweet": "Thanks for modeling the Narrative Input Chart strategy for us today, @maestracarrera! @MaestraAlbarran @MrsIvnikHIA #bettertogether #hiawathapride #d100inspires  https://t.co/lBQ1ql2Cng", "likes_count": 14, "replies_count": 3, "retweets_count": 2, "hashtags": ["bettertogether", "hiawathapride", "d100inspires"]}
{"id": 1054882999978913792, "date": "2018-10-23", "time": "19:51:20", "tweet": "@Kisel17 @brianklaas You’re batting a zero Eric.  Why can you not simply find something constructive to say? You offer no actionable input ever. Stop making noise", "likes_count": 0, "replies_count": 1, "retweets_count": 0, "hashtags": []}
{"id": 1054882921503383554, "date": "2018-10-23", "time": "19:51:01", "tweet": "Sudoku Puzzle Game for iPhone is the world's first Sudoku application equipped with \"flick input mode\".    https://t.co/fwivhr7IcX", "likes_count": 0, "replies_count": 0, "retweets_count": 0, "hashtags": []}
{"id": 1054882915111329793, "date": "2018-10-23", "time": "19:51:00", "tweet": "#Physician group looking to weigh in on future #ValueBasedCare models. Always good to get input from many angles. How about #patient?  https://t.co/hO2ENKMxmb  https://t.co/atKICfc8F5", "likes_count": 0, "replies_count": 0, "retweets_count": 0, "hashtags": ["physician", "valuebasedcare", "patient"]}
{"id": 1054882824740892673, "date": "2018-10-23", "time": "19:50:38", "tweet": "Happy Tip Tuesday!!! Here are a few tips I learned earlier at a business class: Write your business plan, have a face to face interview with potential clients to gain input for customer…  https://t.co/TAGdUCJHac", "likes_count": 0, "replies_count": 0, "retweets_count": 0, "hashtags": []}
{"id": 1054882782885773313, "date": "2018-10-23", "time": "19:50:28", "tweet": "@Race__Realist any input!", "likes_count": 0, "replies_count": 0, "retweets_count": 0, "hashtags": []}
{"id": 1054882659527221248, "date": "2018-10-23", "time": "19:49:59", "tweet": "@cjsosmooth Cause mfs think they know every damn thing based off of what they see on the internet so they just put their input on everything", "likes_count": 2, "replies_count": 0, "retweets_count": 0, "hashtags": []}
{"id": 1054882538957742085, "date": "2018-10-23", "time": "19:49:30", "tweet": "@FailWhale94 This could possibly also save chars like Ike from counters when spaced right...  Or not getting put into a combo from a bayo up b....  Or not dying to a true input shoryu under stage ..  This is such good information", "likes_count": 3, "replies_count": 0, "retweets_count": 0, "hashtags": []}
{"id": 1054882510075846656, "date": "2018-10-23", "time": "19:49:23", "tweet": "I need some input people! Who has switched from iPhone to Samsung? Thinking about trading in my 6s for a note 9. Ive been an iPhone user for many years so this is a big decision for me. It’s just not standing up to my standards anymore. #Note9 #iphone", "likes_count": 3, "replies_count": 5, "retweets_count": 0, "hashtags": ["note9", "iphone"]}
{"id": 1054882441511534592, "date": "2018-10-23", "time": "19:49:07", "tweet": "I'm gonna go over how the input delay changes may effect Balrog. Common tactics and matchups. Be on in a bit.   https://t.co/RRSXf9TlZ6", "likes_count": 5, "replies_count": 0, "retweets_count": 1, "hashtags": []}
{"id": 1054882437782745088, "date": "2018-10-23", "time": "19:49:06", "tweet": "@KellyStanze bonus points if you use google sheets so you can efficiently share and receive input.", "likes_count": 2, "replies_count": 1, "retweets_count": 0, "hashtags": []}
{"id": 1054882429037535238, "date": "2018-10-23", "time": "19:49:04", "tweet": "@dylanorchard @BBCWorld It’s tempting to want to punch Richard Spencer but people like him deserve to be verbally beat down by everyone, it’s so important that ideas win!   And thank you for the constructive input", "likes_count": 0, "replies_count": 1, "retweets_count": 0, "hashtags": []}
{"id": 1054882313757110272, "date": "2018-10-23", "time": "19:48:37", "tweet": "@Iris007Gill Thanks! The policies in NOLA are a work in progress, but board members often have private nonprofit board experience, which doesn’t always translate to an outlook that sees education as a public good, where public input is valuable.", "likes_count": 3, "replies_count": 0, "retweets_count": 1, "hashtags": []}
{"id": 1054882237131509760, "date": "2018-10-23", "time": "19:48:18", "tweet": "Following the ideas in Data Science: #Attack  #Detection and Attribution book. I tried to make a script ( https://t.co/F5C79RuB2G) Dynamic Api calls based similarity. Fig-2 presents the result on #GandCrab V5 (only 5.0.2 &amp; 5.0.1 with high similarity) Fig-3 input files  https://t.co/dJQtgfUeiq", "likes_count": 6, "replies_count": 1, "retweets_count": 4, "hashtags": ["attack", "detection", "gandcrab"]}
{"id": 1054882213525893120, "date": "2018-10-23", "time": "19:48:13", "tweet": "@OpTicFlamesword what’s your input on TRX? Looking for something to do in minimal time due to a bad work schedule.", "likes_count": 0, "replies_count": 0, "retweets_count": 0, "hashtags": []}
{"id": 1054882124270985216, "date": "2018-10-23", "time": "19:47:51", "tweet": "Saudara sekalian aku kasih tau .. Jangan bikin aku pulang jam 8 cuma buat posting 1 motor plisss .. Input pk pagi\" biar jam 4 status sudah kirim dan cair .. Tolong 🙏🙏 .. Pada\" golet nafkah sing mandan sinergi ya..", "likes_count": 0, "replies_count": 0, "retweets_count": 0, "hashtags": []}
{"id": 1054882066125414400, "date": "2018-10-23", "time": "19:47:37", "tweet": "@ProAmericaOnly I dont believe in those polls. We did go Red with Pataki once.. but no way will we win with our vote split. I dont blame Trump for ignoring NY due to Molinaro not even voting for him.. but hell, Lindsey Graham was a never trumper once and look at him now!! Trumps input would help", "likes_count": 1, "replies_count": 1, "retweets_count": 0, "hashtags": []}
{"id": 1054882001793114112, "date": "2018-10-23", "time": "19:47:22", "tweet": "@johngardenier Good input!!", "likes_count": 0, "replies_count": 0, "retweets_count": 0, "hashtags": []}
{"id": 1054881344159916032, "date": "2018-10-23", "time": "19:44:45", "tweet": "It's been mere hours since we lost 1 frame of input lag on SFV and i'm already blocking every overhead.  Watch out. I'm now unbeatable.", "likes_count": 4, "replies_count": 0, "retweets_count": 0, "hashtags": []}
{"id": 1054881315122802689, "date": "2018-10-23", "time": "19:44:38", "tweet": "@Iam_P45 @AJTheManChild @HateMgr @Woodshed_1914 @BidnessSquare @Trace_AVP @shamiek7 @goknickstape @Nykterryandtray @2ForgetUs @Freekeith @lukehenderson00 @stalling_e @RTaylor2283 @TruePG718 @JerrelXL @khaleel728 @knickanator @rahmmagick @KTAB_NYC @Kingboney721 @netteKnows @p_diazNY @BronxLegend @DonaldP47082631 @nyktakedat4data @TMal761 @FahimInsurance @BigFreezie @KnicksFanTv @DaEntertainah85 @JonLAddison58 @aab102009 @BullScripted @BillsLykBuffalo @StanGF150 @Btruetolife @Delblogo @dimsuite @DanielM2k2020 @_IamTrueHate @adv034 @CityofKnicks @shwinnypooh @NY_Sports_Dork @Ant4418 @BlitzTre @DidiGoatorious @NZWench29 @BHuggy_10 Facts when player A got hot and carried the team for a quarter they said how well player A plays with Frank meanwhile Frank had no input on what player A did", "likes_count": 2, "replies_count": 1, "retweets_count": 0, "hashtags": []}
{"id": 1054881051561156611, "date": "2018-10-23", "time": "19:43:36", "tweet": "@john_alot @WarwickLeaveEU Because he believes, it’s a faith, it excludes thinking and automatically rejects input that doesn’t reinforce his beliefs  Then #Brexit bites them all on the ass, by which time it’s way too late, for all of us  Bar the v v rich #Brexiters who just get richer", "likes_count": 1, "replies_count": 0, "retweets_count": 1, "hashtags": ["brexit", "brexiters"]}
{"id": 1054880955045998592, "date": "2018-10-23", "time": "19:43:13", "tweet": "@ABP1115 Soul Calibur 6's input lag is still embarrassing though, like its not not a problem because moves are slower", "likes_count": 0, "replies_count": 2, "retweets_count": 0, "hashtags": []}
{"id": 1054880952621690881, "date": "2018-10-23", "time": "19:43:12", "tweet": "@xcurtis_12x Thank you for your input", "likes_count": 5, "replies_count": 1, "retweets_count": 0, "hashtags": []}
{"id": 1054880928013651974, "date": "2018-10-23", "time": "19:43:06", "tweet": "@RichardWinz Grim Step is like a manual qcf input but after some strings it could just be forward", "likes_count": 1, "replies_count": 0, "retweets_count": 0, "hashtags": []}
{"id": 1054880908505964544, "date": "2018-10-23", "time": "19:43:01", "tweet": "Worden: Members of the DDA will \"have a time period\" for public input. Proud of their effort. Goals/priorities for council included what they're going to do w/ that property. \"It's such an opportune place in a location downtown. Really, what is the potential cost going to be?\"", "likes_count": 0, "replies_count": 1, "retweets_count": 0, "hashtags": []}
{"id": 1054880723746807808, "date": "2018-10-23", "time": "19:42:17", "tweet": "@volatilitysmile @lizzie363 No idea. Check the input-outpat table.", "likes_count": 2, "replies_count": 0, "retweets_count": 0, "hashtags": []}
{"id": 1054880698799140865, "date": "2018-10-23", "time": "19:42:11", "tweet": "@jjohnsonbook @menteepeeps Come visit anytime!!!  Glad to have you.....and your input with the tech questions!", "likes_count": 0, "replies_count": 0, "retweets_count": 0, "hashtags": []}
{"id": 1054880687394865152, "date": "2018-10-23", "time": "19:42:09", "tweet": "Thanks for the input David!", "likes_count": 3, "replies_count": 0, "retweets_count": 0, "hashtags": []}
{"id": 1054880649000169478, "date": "2018-10-23", "time": "19:42:00", "tweet": "@MsDBZbabe ok i need you dad's input for my damn leg, i'll even accept wizardry at this point 😭", "likes_count": 0, "replies_count": 0, "retweets_count": 0, "hashtags": []}
{"id": 1054880640049524736, "date": "2018-10-23", "time": "19:41:57", "tweet": "@NVD_veggeySF - Still significant input lag and stability differences between PC and PS4. The tournament standard remains a gimped version of the game.", "likes_count": 1, "replies_count": 0, "retweets_count": 0, "hashtags": []}
{"id": 1054880601331978240, "date": "2018-10-23", "time": "19:41:48", "tweet": "A review of post-secondary education in this province has been announced by @GovNL, and it is asking for CNA feedback. Now, we want to hear from you! Submit your input to finalize the draft Terms of Reference. To learn more, visit  https://t.co/YBTXDx9pOb #psereview  https://t.co/BsCIpw6SkW", "likes_count": 2, "replies_count": 0, "retweets_count": 2, "hashtags": ["psereview"]}
{"id": 1054880509459873792, "date": "2018-10-23", "time": "19:41:26", "tweet": "@SetQurzs Hey there! Please leave all feedback/suggestions here:  https://t.co/2OKCm0d4gq All serious suggestions are greatly appreciated, and changes have been implemented based on valuable community input like yours. ^MB", "likes_count": 0, "replies_count": 0, "retweets_count": 0, "hashtags": []}
{"id": 1054880439934930944, "date": "2018-10-23", "time": "19:41:10", "tweet": "Sabinさんの配信が始まりました！(10/24 8:41～) 「House Stream - Testing Input …」  https://t.co/gwkQglgLoo", "likes_count": 0, "replies_count": 0, "retweets_count": 0, "hashtags": []}
{"id": 1054880225991901184, "date": "2018-10-23", "time": "19:40:19", "tweet": "Update: I ended up getting pissed and exiting the program. I came back to it and input my same answers and it passed me. Literally wtf.", "likes_count": 0, "replies_count": 0, "retweets_count": 0, "hashtags": []}
{"id": 1054880093905002496, "date": "2018-10-23", "time": "19:39:47", "tweet": "@alex10060343 Hey there! Please leave all feedback/suggestions here:  https://t.co/2OKCm0d4gq All serious suggestions are greatly appreciated, and changes have been implemented based on valuable community input like yours. ^MB", "likes_count": 0, "replies_count": 0, "retweets_count": 0, "hashtags": []}
{"id": 1054879897905258496, "date": "2018-10-23", "time": "19:39:01", "tweet": "Come share your input and ideas for events you'd like to see or people/groups we should collaborate with!  We'll need artists, musicians, activists, drag artists, speakers, and support from allies to make next year even more impactful.", "likes_count": 2, "replies_count": 0, "retweets_count": 0, "hashtags": []}
{"id": 1054879834319376384, "date": "2018-10-23", "time": "19:38:45", "tweet": "@GX_Hiryu It has been shown, that this game also contains variable input lag. Maybe that's the problem?", "likes_count": 1, "replies_count": 1, "retweets_count": 0, "hashtags": []}
{"id": 1054879827612753920, "date": "2018-10-23", "time": "19:38:44", "tweet": "@WhiteHouse What’s lawful must battle with what’s compassionate in the minds of the men &amp; women elected to serve Americans. If there were an easy fix, there would not be such polarization about how to resolve this issue. Bipartisan work &amp; input from tech &amp; thought leaders is needed now.  https://t.co/g2RPHgs3mY", "likes_count": 0, "replies_count": 1, "retweets_count": 0, "hashtags": []}
{"id": 1054879776702222336, "date": "2018-10-23", "time": "19:38:32", "tweet": "Playing SFV Input Lag patch  https://t.co/y1h1Ddkg5F", "likes_count": 5, "replies_count": 1, "retweets_count": 1, "hashtags": []}
{"id": 1054885106635231232, "date": "2018-10-23", "time": "19:59:42", "tweet": "Ask; 1) Affirm plan, 2)  Staff, w/ EPSAC (NOT community) input write the plan, 3) (what they really want) hire our friend for sustainability coordinator.", "likes_count": 0, "replies_count": 1, "retweets_count": 0, "hashtags": []}
{"id": 1054885071965040640, "date": "2018-10-23", "time": "19:59:34", "tweet": "SFV AE * LIVE NOW! / No Input Lag Edition!:  https://t.co/rrhy78At2V via @YouTube", "likes_count": 0, "replies_count": 0, "retweets_count": 0, "hashtags": []}
{"id": 1054885026784034816, "date": "2018-10-23", "time": "19:59:23", "tweet": "Summit County, towns seek public input on indoor sports fieldhouse  https://t.co/XG6TQsL7xd", "likes_count": 1, "replies_count": 0, "retweets_count": 1, "hashtags": []}
{"id": 1054884883254849537, "date": "2018-10-23", "time": "19:58:49", "tweet": "#NowListening 102218 Episode 4 LeBron a Lakette from The MiB TWiB Podcast on @CastBox_FM  https://t.co/YsggtrsZHu If you got any input, please respond here or check out our Facebook page, The MiB TWiB Podcast for all news, updates, &amp; shownotes for this and every other episode.  https://t.co/TDimP1d9J1", "likes_count": 0, "replies_count": 0, "retweets_count": 0, "hashtags": ["nowlistening"]}
{"id": 1054884798571921409, "date": "2018-10-23", "time": "19:58:29", "tweet": "@Shamiellah Output is always less than input", "likes_count": 0, "replies_count": 0, "retweets_count": 0, "hashtags": []}
{"id": 1054884672423915520, "date": "2018-10-23", "time": "19:57:59", "tweet": "SDN Bugis Sudah Input Data Siswa Miskin, tapi yang Mampu Masih dapat -  https://t.co/Kz8744N7HU #bimanews", "likes_count": 0, "replies_count": 0, "retweets_count": 0, "hashtags": ["bimanews"]}
{"id": 1054884596079153152, "date": "2018-10-23", "time": "19:57:41", "tweet": "President Tumblr: (Is a website and therefore is incapable of running a country let alone doing anything beyond displaying certain information based on user input)", "likes_count": 0, "replies_count": 0, "retweets_count": 0, "hashtags": []}
{"id": 1054884360762089472, "date": "2018-10-23", "time": "19:56:45", "tweet": "Been trying everything to fix the input lag from my PS4 controller to the console. Read up on every little thing that can cause it but the one that sticks out is the external hard drive as that's the thing that has changed over the last month. @AskPS_UK any thoughts?", "likes_count": 1, "replies_count": 0, "retweets_count": 0, "hashtags": []}
{"id": 1054884352172154880, "date": "2018-10-23", "time": "19:56:43", "tweet": "@hbarzilai @AssangeMrs @semper29ify I don't want anybody to get me wrong I'm just asking the questions so that I can understand exactly what the concern is. I imagine there are no easy days for Mother or Son and pray that they will get somewhere with this whole mess soon. Thanks for the input", "likes_count": 0, "replies_count": 0, "retweets_count": 0, "hashtags": []}
{"id": 1054884320446300160, "date": "2018-10-23", "time": "19:56:35", "tweet": "Seeking input from people who swipe on straight men on tinder/bumble: what are the equivalents of \"looking for the Jim to my Pam\" \"I love tacos\" \"traveller\" \"venmo me $5\" that you see all the time", "likes_count": 3, "replies_count": 3, "retweets_count": 0, "hashtags": []}
{"id": 1054884274644619265, "date": "2018-10-23", "time": "19:56:24", "tweet": "@MikeWehner what if this very important part of the development process didn't suck? Is that an option? I don't recall being asked for my input but I'd be willing to consider a different version.", "likes_count": 0, "replies_count": 0, "retweets_count": 0, "hashtags": []}
{"id": 1054884248832724993, "date": "2018-10-23", "time": "19:56:18", "tweet": "@DenikaKarim But I think they will count themselves lucky to have your valuable input!", "likes_count": 0, "replies_count": 0, "retweets_count": 0, "hashtags": []}
{"id": 1054884037616119809, "date": "2018-10-23", "time": "19:55:28", "tweet": "@Dvyne40 @mel4nie80 It wasn't a personal one Diane, That was pretty help full input I was winging it a bit to be fair but now I have professional back up I feel more confident.", "likes_count": 0, "replies_count": 0, "retweets_count": 0, "hashtags": []}
{"id": 1054883956229840896, "date": "2018-10-23", "time": "19:55:08", "tweet": "That’s easier said than done of course, especially if you’re just starting out.  One of things I like to do is just think out loud, be open and engaging. That seems to attract a following that values your input and will ultimately support you.", "likes_count": 0, "replies_count": 0, "retweets_count": 0, "hashtags": []}
{"id": 1054883803838050304, "date": "2018-10-23", "time": "19:54:32", "tweet": " https://t.co/6CM0bt4i05", "likes_count": 0, "replies_count": 1, "retweets_count": 0, "hashtags": []}
{"id": 1054883799467806725, "date": "2018-10-23", "time": "19:54:31", "tweet": "Money Cube - An APP which will help you get MONEY for free. Input my invite code ❤I5DNJ❤ after installation, and you will get 1000 Clicks. Download link:  https://t.co/rRTwFAIvVQ  https://t.co/pcIZ9udMXT", "likes_count": 0, "replies_count": 0, "retweets_count": 0, "hashtags": []}
{"id": 1054883798981242880, "date": "2018-10-23", "time": "19:54:31", "tweet": "Really enjoyable evening with Tom sharing his vast experience and knowledge with us. Fantastic input.", "likes_count": 6, "replies_count": 0, "retweets_count": 0, "hashtags": []}
{"id": 1054883645654265857, "date": "2018-10-23", "time": "19:53:54", "tweet": "Today everyone is praising SFV input lag reduction.  What I cant wait for is when you're still losing what will be the excuse?  How many of you guys are actually honest with yourselves?  Or are you unable to see where your deficiencies are?  Interesting times.", "likes_count": 1, "replies_count": 0, "retweets_count": 0, "hashtags": []}
{"id": 1054883469770125312, "date": "2018-10-23", "time": "19:53:12", "tweet": "@HBJohnXuandou I know about plinking. I don't think it's an equivalent example. Perhaps a better one would be to borrow the trick counter strike players use to bunnyhop by binding a scroll wheel to buttons, so you can rapidly scroll the wheel to spam an input.", "likes_count": 0, "replies_count": 2, "retweets_count": 0, "hashtags": []}
{"id": 1054883425642049537, "date": "2018-10-23", "time": "19:53:02", "tweet": "@GlennThrush Glenn, journalist from Georgia here! I really appreciated reading your article, and wanted to send along a story we did on my show about Georgia farmers Randy and Mark. If you wanted some input about the story, I'd be happy to forward you their info.  https://t.co/9xLOcQH8Yi", "likes_count": 6, "replies_count": 0, "retweets_count": 3, "hashtags": []}
