{"id": 1047637411096932353, "date": "2018-10-03", "time": "19:59:57", "tweet": "@FoxNews Comey has no input in the FBI anymore. None of his business.", "likes_count": 0, "replies_count": 0, "retweets_count": 0, "hashtags": []}
{"id": 1047637319434559489, "date": "2018-10-03", "time": "19:59:35", "tweet": "@CulbertsonRob @quakes99 He seems a bit salty to me, as far as input I think this is really above his paygrade. If I'm wrong on this please let me know Doug, I just get the impression his knowledge is a bit dated on newer mining technologies.", "likes_count": 0, "replies_count": 0, "retweets_count": 0, "hashtags": []}
{"id": 1047637295388663809, "date": "2018-10-03", "time": "19:59:30", "tweet": "@SoilsforLife You should be real careful ... the next thing you know, someone will be suggesting a biologically balanced system will help balance ph’s and lower input expenses also", "likes_count": 3, "replies_count": 0, "retweets_count": 0, "hashtags": []}
{"id": 1047637143697248257, "date": "2018-10-03", "time": "19:58:53", "tweet": "@beeman_nl @input @output @eggheadio Thanks for the recommendation!", "likes_count": 1, "replies_count": 1, "retweets_count": 0, "hashtags": []}
{"id": 1047637120515366912, "date": "2018-10-03", "time": "19:58:48", "tweet": "@GeorgWebb I was raised in SF, I was there when all those city boys would test vidya games, I heard about some shindigs. Now, your input, has made me reassess a lot. Saw this, thought you might be interested.#Kompromat #SiliconValley  https://t.co/N8omY8JGYk", "likes_count": 0, "replies_count": 0, "retweets_count": 0, "hashtags": ["kompromat", "siliconvalley"]}
{"id": 1047637054836731904, "date": "2018-10-03", "time": "19:58:32", "tweet": "My boss is asking my input on how to redo our office. You bet your ass I’m making this a whole ass episode of “pimp my office”", "likes_count": 1, "replies_count": 0, "retweets_count": 0, "hashtags": []}
{"id": 1047636923320348672, "date": "2018-10-03", "time": "19:58:01", "tweet": "Ultra-Low-Iq Wide-Input Low-Dropout (LDO) Regulator With Reverse Current Protection @TXInstruments   https://t.co/5CWpQDGsiv  https://t.co/ExOFfixpTE", "likes_count": 1, "replies_count": 0, "retweets_count": 0, "hashtags": []}
{"id": 1047636847701188608, "date": "2018-10-03", "time": "19:57:43", "tweet": "@YahooNoise Sounds good, thanks for input, 13-10-1 vs spread nfl right now, hope it keeps going, looking forward to ncaa hoops", "likes_count": 0, "replies_count": 0, "retweets_count": 0, "hashtags": []}
{"id": 1047636814318592000, "date": "2018-10-03", "time": "19:57:35", "tweet": "@Cwardle11 Love your input. So true", "likes_count": 1, "replies_count": 0, "retweets_count": 0, "hashtags": []}
{"id": 1047636503533408262, "date": "2018-10-03", "time": "19:56:21", "tweet": "@paras_atashnak congrats on winning #BBCAN6 I think I said it on the bbcan feed. Lol. Hope all is well and successful with you. Looking forward to your input on the new season. All the best!!!! You played an excellent game!", "likes_count": 2, "replies_count": 0, "retweets_count": 1, "hashtags": ["bbcan6"]}
{"id": 1047636296280096769, "date": "2018-10-03", "time": "19:55:31", "tweet": "@EggZodus @Twitch @YouTube Yeah YouTube needs to be very trendy to grow which is why I am looking into making some changes. Wanted to know what everyone else thought thanks for the input :)", "likes_count": 0, "replies_count": 0, "retweets_count": 0, "hashtags": []}
{"id": 1047636224301846528, "date": "2018-10-03", "time": "19:55:14", "tweet": "@bigdog2126 @TrumpNation74 They're all part of the same group being PAID by Rich Liberals &amp; Anti-Trump/America that travel around ready to attack anyone anytime anywhere they're instructed to! They already have FAKE Allegations ready so, at a moments notice they only input the name(s) of the Accused!!!", "likes_count": 0, "replies_count": 0, "retweets_count": 0, "hashtags": []}
{"id": 1047636119502839808, "date": "2018-10-03", "time": "19:54:49", "tweet": "@Topp33 @TheBenchMobNBA @WisconsinHerd @CoachWetzel @KaaNBA_MTD It is very clear @CoachWetzel is attentive to his players needs and is skilled at tying those back to the common team goals. In my opinion, his approach and attitude of serving others humbly, no matter who they are, invites other to trust him and value his input.", "likes_count": 5, "replies_count": 0, "retweets_count": 3, "hashtags": []}
{"id": 1047635965232132097, "date": "2018-10-03", "time": "19:54:12", "tweet": "@gonsan_NIT 僕の眼鏡めっちゃ度がきつくて目の大きさかなり変わるんだけど、それでちゃんと認識するからすごい", "likes_count": 0, "replies_count": 0, "retweets_count": 0, "hashtags": []}
{"id": 1047635851742732288, "date": "2018-10-03", "time": "19:53:45", "tweet": "@TechWallStreet I restrict my processes to allow others similar results from marketing various ways. I restrict knowledge freely given; so as to allow others input about Crypto, and how to profit from it in various ways. I aim to help learn, I wouldn't say I'am a lion though; Certainly no sheep.", "likes_count": 2, "replies_count": 0, "retweets_count": 1, "hashtags": []}
{"id": 1047635705197989889, "date": "2018-10-03", "time": "19:53:10", "tweet": "@thehill @senatorPerdueGA I can assure you that I am not a paid activist.  I am your constituent and I vote!   If you check your records, you can see I contact your office frequently to give my input.  https://t.co/dgWjvN6OU6", "likes_count": 0, "replies_count": 0, "retweets_count": 0, "hashtags": []}
{"id": 1047635660323131393, "date": "2018-10-03", "time": "19:53:00", "tweet": "Akeel’s input on the name is no longer needed. Just sign the birth certificate.", "likes_count": 0, "replies_count": 0, "retweets_count": 0, "hashtags": []}
{"id": 1047635596733120512, "date": "2018-10-03", "time": "19:52:45", "tweet": "@SUNNYLAND24 What did I do? The filing sat there for two weeks providing opportunities from .75-$1.00. For 100% gain with some patience. If you wanted some input on $VYST I would point to the SG&amp;A which shows insiders taking huge salaries compares to last year.  https://t.co/EyNGKKpSRS", "likes_count": 2, "replies_count": 0, "retweets_count": 0, "hashtags": []}
{"id": 1047635570757967872, "date": "2018-10-03", "time": "19:52:38", "tweet": "Canada’s Copyright Act is up for review and the government wants your input. Have your say today!  https://t.co/WeIDiiqMdb #LetsTalkCopyright #cdnpoli", "likes_count": 0, "replies_count": 0, "retweets_count": 0, "hashtags": ["letstalkcopyright", "cdnpoli"]}
{"id": 1047635544933580800, "date": "2018-10-03", "time": "19:52:32", "tweet": "@GOLDDREAMS I actually have a question about Nintendo Switch Online - when you input the code from the membership card did it demand your card info or can you still turn off auto renewal before the code goes through?", "likes_count": 2, "replies_count": 1, "retweets_count": 0, "hashtags": []}
{"id": 1047635508837285888, "date": "2018-10-03", "time": "19:52:24", "tweet": "@gonsan_NIT 眼鏡あるなしで差は感じない", "likes_count": 0, "replies_count": 1, "retweets_count": 0, "hashtags": []}
{"id": 1047635500285157377, "date": "2018-10-03", "time": "19:52:22", "tweet": "@LivvIdd1 Yeah... and sometimes they decide they don’t want to pay for those higher wage inputs because of ompetition, input costs... so guess what they cut back on? Pretty much, it’s always labour (hours, staff, etc) _ a variable they can that  control.", "likes_count": 0, "replies_count": 0, "retweets_count": 0, "hashtags": []}
{"id": 1047635443641020416, "date": "2018-10-03", "time": "19:52:08", "tweet": "@michellemalkin @IngrahamAngle Perhaps now they will change the rules to set a deadline for any input to the confirmation process.  Anything beyond that set period would not be heard, discussed, nor acted upon...", "likes_count": 0, "replies_count": 0, "retweets_count": 0, "hashtags": []}
{"id": 1047635415468036096, "date": "2018-10-03", "time": "19:52:01", "tweet": "STOK READY DAN STOK BERJALAN. (BUKAN BARANG PO) Chat untuk stok LINE @dyj0603c / WA 08979527289  BARANG DIKIRIM 1-2HARI KERJA.  INPUT RESI H+3 SETELAH PENGIRIMAN.  KAMI BUTUH WAKTU INPUT…  https://t.co/ngH0cXhFhR", "likes_count": 0, "replies_count": 0, "retweets_count": 0, "hashtags": []}
{"id": 1047635172814991363, "date": "2018-10-03", "time": "19:51:03", "tweet": "@VintageHleb2 @FelicansPan @dattebayo31000 @FishkieOvSWales @JohnMacken21 @AussieApe @Niall070115 @arielhelwani Haha exactly, some comical input here from some of the heads on this thread", "likes_count": 0, "replies_count": 0, "retweets_count": 0, "hashtags": []}
{"id": 1047634919986540544, "date": "2018-10-03", "time": "19:50:03", "tweet": "@GottfridSjodahl @CoyneoftheRealm My question for you Gottfrid is why is patient input so appreciated seemingly in EVERY OTHER disease EXCEPT this one? Why is it always the voices of patients with ME that are discredited and silenced? E.g.  https://t.co/lRwe9daBe0", "likes_count": 0, "replies_count": 0, "retweets_count": 0, "hashtags": []}
{"id": 1047634907546234880, "date": "2018-10-03", "time": "19:50:00", "tweet": "arxivへの投稿で少し困った。bibtexが使えない場合があるのね。 bblファイルをinputすることにしたら、問題なくアップロードできた。", "likes_count": 1, "replies_count": 0, "retweets_count": 0, "hashtags": []}
{"id": 1047634876126527488, "date": "2018-10-03", "time": "19:49:53", "tweet": "@Cor3ntin @TitusWinters That doesn't sound like how I understand it.  One needs to control the branching I thought and that requires an input of some sort in the broadest sense.  Am I wrong?", "likes_count": 0, "replies_count": 0, "retweets_count": 0, "hashtags": []}
{"id": 1047634831197319173, "date": "2018-10-03", "time": "19:49:42", "tweet": "FHFA Seeks Input on Fannie’s Underserved Markets Plans  https://t.co/J62LgrSQz6  https://t.co/KzuPPf8T07", "likes_count": 0, "replies_count": 0, "retweets_count": 0, "hashtags": []}
{"id": 1047634576921649152, "date": "2018-10-03", "time": "19:48:41", "tweet": "@AstorAaron @EWErickson Church of Christ. Apparently we didn’t get the memo or get to have our input.", "likes_count": 0, "replies_count": 1, "retweets_count": 0, "hashtags": []}
{"id": 1047634401952186369, "date": "2018-10-03", "time": "19:48:00", "tweet": "Canada’s Copyright Act is up for review and the government wants your input. Have your say today!  https://t.co/ytfkV3qCf0 #LetsTalkCopyright #cdnpoli", "likes_count": 0, "replies_count": 0, "retweets_count": 0, "hashtags": ["letstalkcopyright", "cdnpoli"]}
{"id": 1047634272172081153, "date": "2018-10-03", "time": "19:47:29", "tweet": "Found the ø button on playstation text input. No more zeroes! #SOULCALIBURVI", "likes_count": 0, "replies_count": 0, "retweets_count": 0, "hashtags": ["soulcaliburvi"]}
{"id": 1047634116492120064, "date": "2018-10-03", "time": "19:46:52", "tweet": "YARN", "likes_count": 1, "replies_count": 0, "retweets_count": 0, "hashtags": []}
{"id": 1047634061080969216, "date": "2018-10-03", "time": "19:46:38", "tweet": "I don't know why anyone would prefer unprofessional charting input in place of qualified instruction. #LearnToCHART", "likes_count": 0, "replies_count": 0, "retweets_count": 0, "hashtags": ["learntochart"]}
{"id": 1047634021352521728, "date": "2018-10-03", "time": "19:46:29", "tweet": "The best takeaway I have so far, a permeating thought that @hotpinksun helped put into words, is the ability for Creators in particular to be able to \"flag\" videos for issues (like being problematic). Maybe a flag and input box during voting?", "likes_count": 3, "replies_count": 0, "retweets_count": 0, "hashtags": []}
{"id": 1047633839261069312, "date": "2018-10-03", "time": "19:45:46", "tweet": "The development of proper specifications requires constant design input and interaction, yet many firms treat specifiers like a commodity they purchase rather than a service they provide. #WE28 #CONSTRUCT", "likes_count": 1, "replies_count": 0, "retweets_count": 0, "hashtags": ["we28", "construct"]}
{"id": 1047633733417881600, "date": "2018-10-03", "time": "19:45:20", "tweet": "@Shel_Tucker u know I respect your opinion and can admit when I'm wrong I have a question for u and yes its foxnews but other sites are reporting this . Your opinion and I'm not calling u out i respect ure opinion but want your input.   https://t.co/mheMc5Fjpm", "likes_count": 0, "replies_count": 2, "retweets_count": 0, "hashtags": []}
{"id": 1047633606338904064, "date": "2018-10-03", "time": "19:44:50", "tweet": "@mrs703 @Ingenieux @JeevesPT Thanks for the input 😘", "likes_count": 0, "replies_count": 0, "retweets_count": 0, "hashtags": []}
{"id": 1047633600508841985, "date": "2018-10-03", "time": "19:44:49", "tweet": "@GeorgeJFraser Thank George very much appreciated.  fast and effect treatment and input by all involved, He was a brave boy tonight, my heart goes out to him. can't stop thinking about him. X", "likes_count": 10, "replies_count": 0, "retweets_count": 0, "hashtags": []}
{"id": 1047633410594885632, "date": "2018-10-03", "time": "19:44:03", "tweet": "Retweet too please. I want to get a lot of input.", "likes_count": 0, "replies_count": 0, "retweets_count": 0, "hashtags": []}
