{"id": 1069018302578679808, "date": "2018-12-01", "time": "18:59:59", "tweet": "@Andrew_Heaton @Edge_Hill @StephenEvans75 @RHFineWines If it works it works though.  Steak is an example of boss food which can be utterly ruined by a bad cook.  Cheers for the input.", "likes_count": 0, "replies_count": 0, "retweets_count": 0, "hashtags": []}
{"id": 1069018058503507968, "date": "2018-12-01", "time": "18:59:01", "tweet": "Australia, Bangadesh, France, and Germany, form their own draft resolution, refuse to talk to other nations nor allow them access to the draft resolution, say that others can have an input after introduction of the DR, and they say they're not a bloc? #sydmun2018", "likes_count": 0, "replies_count": 0, "retweets_count": 0, "hashtags": ["sydmun2018"]}
{"id": 1069017810725068800, "date": "2018-12-01", "time": "18:58:02", "tweet": "My main character is 11. And I definitely don't feel comfortable soliciting a sensitivity read from an 11 year old, nor do I believe most parents would be comfortable with such an arrangement. I try to do the best I can based on my own memories of that age and others' input.", "likes_count": 0, "replies_count": 0, "retweets_count": 0, "hashtags": []}
{"id": 1069017797894828032, "date": "2018-12-01", "time": "18:57:59", "tweet": "@pobguy Agree with @pobguy here that bat speed is only important (in-game) for its impact on exit velocity.   If it is tracked as part of a training regimen, that is a different story, but bat speed is simply an input for creating EV. Increased EV generally improves results.", "likes_count": 1, "replies_count": 0, "retweets_count": 0, "hashtags": []}
{"id": 1069017331639115776, "date": "2018-12-01", "time": "18:56:07", "tweet": "@DramaGojek Proses aktif nya akun gojek bisa sampai 2 jam tergantung proses input data dari agent ke DSU.", "likes_count": 1, "replies_count": 0, "retweets_count": 0, "hashtags": []}
{"id": 1069017284797059072, "date": "2018-12-01", "time": "18:55:56", "tweet": "@Lillkill1 @PanicButtonGame @PlayWarframe @DigitalExtremes 6. Archwing stuck every where in PoE 7. Enemies dint appear during bounty mission on PoE 8. cannot enter PoE when you set the NS system with Chinese (Simplified/Traditional) 9. Not Chinese input keyboard in all chat when you set the NS system with Chinese (Simplified/Traditional)", "likes_count": 0, "replies_count": 0, "retweets_count": 0, "hashtags": []}
{"id": 1069017280741163009, "date": "2018-12-01", "time": "18:55:55", "tweet": "[ai847] An Android exclusive Valkyrie Crusade invite code. Input to receive a special promotion!  https://t.co/m7tch1HQVO #Valkyrie Crusade", "likes_count": 0, "replies_count": 0, "retweets_count": 0, "hashtags": ["valkyrie"]}
{"id": 1069017189506781185, "date": "2018-12-01", "time": "18:55:34", "tweet": "@Sexymind2011 Thanks for your input! Expanding one's consciousness IS shifting how you feel to the cosmic side of things, in a conscious manner with conscious intention my experience Denise. It's easy to do if you know to do it. #discernment", "likes_count": 1, "replies_count": 0, "retweets_count": 0, "hashtags": ["discernment"]}
{"id": 1069016938771296259, "date": "2018-12-01", "time": "18:54:34", "tweet": "@davidmrsn @colinmernagh @EamonRyan •Reducing input dependency and corporate control over food chains, increasing farmer autonomy How? Food chains are incredibly complex nowadays. Anything other than an evolution of the current system is likely to lead to disaster somewhere along the line.", "likes_count": 0, "replies_count": 1, "retweets_count": 0, "hashtags": []}
{"id": 1069016859536760832, "date": "2018-12-01", "time": "18:54:15", "tweet": "#DoGoodDecember #KindnessAtChristmas #growthmindset You can subscribe to monthly #kindness #calendars at  https://t.co/7FJTap7dMZ and have these input directly into your e-calendars. Might be worth a think... Thanks for believing in #better, @actionhappiness!", "likes_count": 1, "replies_count": 0, "retweets_count": 0, "hashtags": ["dogooddecember", "kindnessatchristmas", "growthmindset", "kindness", "calendars", "better"]}
{"id": 1069016853383663617, "date": "2018-12-01", "time": "18:54:13", "tweet": "Whether I am a Witch, a Conservative or a Conservative Socialist I believe in something. It’s a people protected with the odd input, educational, capital with your right to have a house and remortgage. I piss on Islington because they have to be kept down.", "likes_count": 0, "replies_count": 0, "retweets_count": 0, "hashtags": []}
{"id": 1069016838040743936, "date": "2018-12-01", "time": "18:54:10", "tweet": "I messed up my input smh #SF30th #NintendoSwitch  https://t.co/QiPsznvhoQ", "likes_count": 0, "replies_count": 0, "retweets_count": 0, "hashtags": ["sf30th", "nintendoswitch"]}
{"id": 1069016825927733248, "date": "2018-12-01", "time": "18:54:07", "tweet": "@DanielFenner I have a external one just for macros -- I never use the numpad for actual data input.", "likes_count": 1, "replies_count": 1, "retweets_count": 0, "hashtags": []}
{"id": 1069016773377191936, "date": "2018-12-01", "time": "18:53:54", "tweet": "@psherman42__ Our Chaweini was on the street for 5 years so she has a lot of issues, one of them being a small form of PTSD. We have a poll going on in our feed and we would love it if you could give your input! Have a great day!!", "likes_count": 0, "replies_count": 0, "retweets_count": 0, "hashtags": []}
{"id": 1069016642221367296, "date": "2018-12-01", "time": "18:53:23", "tweet": "@TooGrownToParty @Purpliser @ConjureBlk @nubianiles2 @BeanNellerBean @TillerySan @TalibKweli @QuadLeonard @SnottieDrippen @schizrade Im okay with it- though I do appreciate your input 😉", "likes_count": 0, "replies_count": 1, "retweets_count": 0, "hashtags": []}
{"id": 1069016606280343552, "date": "2018-12-01", "time": "18:53:14", "tweet": "Those who participating on the current 212 reunion mostly dislike President Jokowi either his political policy or personal identity. Consider it as constructive input or critical insights.", "likes_count": 0, "replies_count": 0, "retweets_count": 0, "hashtags": []}
{"id": 1069016266608967680, "date": "2018-12-01", "time": "18:51:53", "tweet": "@Andrew_Heaton @Edge_Hill @StephenEvans75 I probably rely on input from @RHFineWines  more than the butcher!", "likes_count": 0, "replies_count": 1, "retweets_count": 0, "hashtags": []}
{"id": 1069016151005569024, "date": "2018-12-01", "time": "18:51:26", "tweet": "@fitzpatrick_j 😱  print(lines(input) |&gt; map(int) |&gt; sum)  It does feel like cheating! Haha Great stuff!", "likes_count": 1, "replies_count": 0, "retweets_count": 0, "hashtags": []}
{"id": 1069016145645264896, "date": "2018-12-01", "time": "18:51:25", "tweet": "@CarnivalCruise @Barclays going on a cruise 12/9. Using Carnival Fun Points for on-board credit. Wrong Booking # input so hasn’t been applied to trip!  Both Carbival &amp; Barclays just keep sending me to the other with no resolution!🛳", "likes_count": 1, "replies_count": 1, "retweets_count": 0, "hashtags": []}
{"id": 1069015337180585984, "date": "2018-12-01", "time": "18:48:12", "tweet": "@tlnewskayla Lool she was doing unnecessary input", "likes_count": 0, "replies_count": 0, "retweets_count": 0, "hashtags": []}
{"id": 1069014983487348736, "date": "2018-12-01", "time": "18:46:48", "tweet": "@InfoSuperIndo kemarin sy melakukan pembelanjaan di superindo jl langsep kota Malang.Dan saya baru sadar ternyata pembelanjaan telur sy di input 2x oleh kasir. bukankah 1 barcode hny bs di input 1x???!!!  https://t.co/gLXoKhTqMz", "likes_count": 1, "replies_count": 0, "retweets_count": 0, "hashtags": []}
{"id": 1069014946061737990, "date": "2018-12-01", "time": "18:46:39", "tweet": "We heard that Shah also put input in writing hence we feel that being Dev he got all of the romantic words 2pour his reel or real love life dialogue.He is killing his scenes as Salim but we would love 2 see Salim real life story not only their romance or made up&amp;modified scenes😀", "likes_count": 1, "replies_count": 0, "retweets_count": 0, "hashtags": []}
{"id": 1069014889858035712, "date": "2018-12-01", "time": "18:46:25", "tweet": "@Graham_Lister Surely it needs the input of an architect", "likes_count": 0, "replies_count": 0, "retweets_count": 0, "hashtags": []}
{"id": 1069014605500948480, "date": "2018-12-01", "time": "18:45:17", "tweet": "@MarcDWyz No hard feelings, @MarcDWyz . If I came out a bit nervous, it's just because I'm tired and fixing this bug in a record time of 30min has punched my brain out of my skull. Point is that in order to change things now, i would have to review the full architecture of my input (1/2)", "likes_count": 0, "replies_count": 1, "retweets_count": 0, "hashtags": []}
{"id": 1069014527172403200, "date": "2018-12-01", "time": "18:44:59", "tweet": "Amazing charity stream, so now Mike and I can stream Smash Brothers Wii U without bitching about input delay", "likes_count": 0, "replies_count": 0, "retweets_count": 0, "hashtags": []}
{"id": 1069014318153379840, "date": "2018-12-01", "time": "18:44:09", "tweet": "@cucumberssb Someone typed up what happened in the comments, but you can desync nana after any throw with an input, so he rolled with her", "likes_count": 0, "replies_count": 1, "retweets_count": 0, "hashtags": []}
{"id": 1069014164176138240, "date": "2018-12-01", "time": "18:43:32", "tweet": "@NepheneeFGC It's a 1 frame input. You press a and then jump.", "likes_count": 0, "replies_count": 1, "retweets_count": 0, "hashtags": []}
{"id": 1069014033540501506, "date": "2018-12-01", "time": "18:43:01", "tweet": "@AtrociousMayor — plans were. I asked you to go house shopping with me because I wanted to get your input and then once we found one, I was going to ask you to move in with us. [She manages to hold a small smile that masked her uncertainty on what her girlfriend's response was going to be.]", "likes_count": 0, "replies_count": 1, "retweets_count": 0, "hashtags": []}
{"id": 1069013988422238209, "date": "2018-12-01", "time": "18:42:50", "tweet": "@SeanBradbery @DaveSharma @ScottMorrisonMP Still more grist for the cross-bench mill dilutes Pauline Hanson's input. Got to love the prospect of the independents becoming a party.", "likes_count": 1, "replies_count": 0, "retweets_count": 0, "hashtags": []}
{"id": 1069013948421169152, "date": "2018-12-01", "time": "18:42:41", "tweet": "ここで言う「絶対音感的」が何を指すか微妙だが，結局やっていることは階名感覚と変わらないのではないか。ピッチの違いを「聴いている間」どころか，ピッチが変わった(転均した)瞬間に新たな均を脳内に整えてその尺度で解釈しなおす(input)のが階名感覚である。", "likes_count": 5, "replies_count": 0, "retweets_count": 2, "hashtags": []}
{"id": 1069013932403294208, "date": "2018-12-01", "time": "18:42:37", "tweet": "Check out Portable AM/FM Radio with Digital Clock and Line Input (Black)  #GPX  https://t.co/GBzOamnItM via @eBay", "likes_count": 0, "replies_count": 0, "retweets_count": 0, "hashtags": ["gpx"]}
{"id": 1069013641465348096, "date": "2018-12-01", "time": "18:41:28", "tweet": "@usa_satcom Looks really great Joe! I notice that the VXtrack radiobutton in XHRPT is active. Is that just to fool the enemy, or does UltraTrack take input from VXtrack?", "likes_count": 2, "replies_count": 1, "retweets_count": 0, "hashtags": []}
{"id": 1069013460191715328, "date": "2018-12-01", "time": "18:40:44", "tweet": "@ricantotheright @GeorgeFoulkes @IanMurrayMP You got me all wrong. I am just as rude in real life.  TBH it's nothing to do with you so I've no idea as to why you feel the need to input.", "likes_count": 0, "replies_count": 0, "retweets_count": 0, "hashtags": []}
{"id": 1069013421344079872, "date": "2018-12-01", "time": "18:40:35", "tweet": "Basic Input and Output(入出力の基本) | Alteryx Predictive Tools 道場 Advent Calendar #01  https://t.co/UI92qgEJOZ", "likes_count": 0, "replies_count": 0, "retweets_count": 0, "hashtags": []}
{"id": 1069013323100893184, "date": "2018-12-01", "time": "18:40:12", "tweet": "@JadeMasterMath Hey well again, tysm for your input; I’ll try my best to apply it in the ensuing semesters", "likes_count": 1, "replies_count": 0, "retweets_count": 0, "hashtags": []}
{"id": 1069013288229445632, "date": "2018-12-01", "time": "18:40:03", "tweet": "Community associations-independent groups that are guided under the Societies Act-are comprised of local area residents who can provide valuable input to council + staff on items of interest such as land use + planning proposals. See the list in #Saanich  https://t.co/vvapKVkrtz  https://t.co/xQyaiUNZGL", "likes_count": 0, "replies_count": 0, "retweets_count": 1, "hashtags": ["saanich"]}
{"id": 1069013180624629761, "date": "2018-12-01", "time": "18:39:38", "tweet": "We also hope that our event exceeded your expectations and if it did not, we would love to hear your input!  Please feel free to send us a DM or email, with any suggestions/advice that you may have for YDSA and our organizing for the Spring 2019   In Solidarity, YDSA FIU 🌹  https://t.co/iAg4TQVmy1", "likes_count": 1, "replies_count": 0, "retweets_count": 0, "hashtags": []}
{"id": 1069012977007935488, "date": "2018-12-01", "time": "18:38:49", "tweet": "I really like the new blog, tried something different with it. Also got some new features.  Just need the managers input please (had5/13 today) and then it's good to publish.", "likes_count": 0, "replies_count": 0, "retweets_count": 0, "hashtags": []}
{"id": 1069012920745553920, "date": "2018-12-01", "time": "18:38:36", "tweet": "@realThomasMoss2 Honestly who cares? And I doubt any of the leaders have much input on where they stand for these pictures.", "likes_count": 0, "replies_count": 0, "retweets_count": 0, "hashtags": []}
{"id": 1069012864386650112, "date": "2018-12-01", "time": "18:38:22", "tweet": "@MarcDWyz Uhm. I see your point, but I'm still on my idea, sorry. This time I have to disagree, maybe I'm accustomed to some recent games using the Xbox XInput controller as the \"standard input method\" even on PC. Besides, I'm not gonna change the system just one month before release :')", "likes_count": 0, "replies_count": 1, "retweets_count": 0, "hashtags": []}
{"id": 1069012853343031297, "date": "2018-12-01", "time": "18:38:20", "tweet": "Erica Synths Pico Input – Eurorack Module – Used  https://t.co/lvvnTnVqeA  https://t.co/DKhgDNiPKg", "likes_count": 0, "replies_count": 0, "retweets_count": 0, "hashtags": []}
{"id": 1069012841758216192, "date": "2018-12-01", "time": "18:38:17", "tweet": "@New_preloved Namanya apa ya? Mau googling tapi gapaham cara input pictnya --\"", "likes_count": 0, "replies_count": 1, "retweets_count": 0, "hashtags": []}
{"id": 1069012395388010496, "date": "2018-12-01", "time": "18:36:31", "tweet": "@nixodixo appreciate your input nix, very cool", "likes_count": 0, "replies_count": 1, "retweets_count": 0, "hashtags": []}
{"id": 1069012283119071232, "date": "2018-12-01", "time": "18:36:04", "tweet": "Attention parents of teens in Southeast Michigan: The Ralph C. Wilson, Jr. Foundation is seeking input from teenagers and adults in southeast Michigan and western New York.  Teens Opinions Count, the latest...  https://t.co/WBV0hiuc8Z", "likes_count": 0, "replies_count": 0, "retweets_count": 0, "hashtags": []}
{"id": 1069012173324775430, "date": "2018-12-01", "time": "18:35:38", "tweet": "@SamiSuzie @Serenity_Jayne @BellesOfLiberty But your input is valuable, even if it breaks up....!", "likes_count": 1, "replies_count": 0, "retweets_count": 0, "hashtags": []}
{"id": 1069012169008865280, "date": "2018-12-01", "time": "18:35:37", "tweet": "Telltale's Minecraft: Story Mode Launches on Netflix - all decisions come down to choices for the viewer/player, and can be input using any remote or computer with directional and select functions.  https://t.co/O3RwhcY7aM  https://t.co/N4nuTA4vOh", "likes_count": 0, "replies_count": 0, "retweets_count": 0, "hashtags": []}
{"id": 1069012091233804289, "date": "2018-12-01", "time": "18:35:18", "tweet": "@rufflemuffin @operanomad @LouiseDowne @_AndyYoung @gerrycircus @BenHolliday @worddoodles_EP @mattedgar @curiousc @CassieRobinson @chrisferg @MikePress @HazeloneWhite @Redjotter @dominiccampbell @Hilaryonline @ShantiMMathew I recently started keeping a record of things we *stopped* doing, or didn't start as a result of SD input- I've come to realise that it's where a lot of my value in a project is. It's not as sexy to talk about as the big innovations, but it's more reflective of the day to day.", "likes_count": 9, "replies_count": 1, "retweets_count": 0, "hashtags": []}
{"id": 1069011855245549568, "date": "2018-12-01", "time": "18:34:22", "tweet": "Maryland Ave. from North Clark St. to Edgerton St. in @cityofsaintpaul is scheduled for reconstruction in 2020.  Attend an open house next Tuesday to share your input on safety improvements along this stretch of Maryland.  https://t.co/SXQ9DVDc8S", "likes_count": 0, "replies_count": 0, "retweets_count": 0, "hashtags": []}
{"id": 1069011355737485312, "date": "2018-12-01", "time": "18:32:23", "tweet": "@MarcDWyz Accept, Confirm etc. can all be remapped in the game options. There is no single input that cannot be remapped.", "likes_count": 0, "replies_count": 0, "retweets_count": 0, "hashtags": []}
{"id": 1069011330684858370, "date": "2018-12-01", "time": "18:32:17", "tweet": "@harri_etty cat input.txt | paste -s -d \"\\0\" - | sed 's/^\\+\\(.*\\)/\\1/' | bc", "likes_count": 1, "replies_count": 0, "retweets_count": 0, "hashtags": []}
{"id": 1069011327459487749, "date": "2018-12-01", "time": "18:32:16", "tweet": "@enelya_P Selfless input. Hi! I make all small parts, heads are usually by premade because I'm still figuring them out.  https://t.co/fPyah2eb2q", "likes_count": 4, "replies_count": 1, "retweets_count": 0, "hashtags": []}
{"id": 1069011277731614720, "date": "2018-12-01", "time": "18:32:04", "tweet": "Great input at our Metro public meeting in Venice this morning - and we got to play with blocks while discussing! #communities #benefits #tradeoffs  https://t.co/ADXYMy7M5R", "likes_count": 1, "replies_count": 0, "retweets_count": 0, "hashtags": ["communities", "benefits", "tradeoffs"]}
{"id": 1069011202146209794, "date": "2018-12-01", "time": "18:31:46", "tweet": "A short input before i go to sleep", "likes_count": 0, "replies_count": 0, "retweets_count": 0, "hashtags": []}
{"id": 1069011083963158528, "date": "2018-12-01", "time": "18:31:18", "tweet": "I'm playing games on iCashApp and it's so much fun! Download it, input the refer code 2LMEN48 get coins. #iCash  https://t.co/kqc7ZVmrfU", "likes_count": 0, "replies_count": 0, "retweets_count": 0, "hashtags": ["icash"]}
{"id": 1069010960013246466, "date": "2018-12-01", "time": "18:30:48", "tweet": "Thanx for all y'all feedback &amp; input on the \"JDT SZN 2\" project. It's only been out for a few days, but overall everyone seems to enjoy it &amp; \"Diamonds from Dubai\" seems to be everybody's favorite record. Shout out to...  https://t.co/6zTzfDu9iI", "likes_count": 0, "replies_count": 0, "retweets_count": 0, "hashtags": []}
{"id": 1069010930325950464, "date": "2018-12-01", "time": "18:30:41", "tweet": "\"Read The age of voice assistance and a new input paradigm\" by Eric Enge with @sengineland here  https://t.co/Y4oBmFvKXU  https://t.co/WsqVUBsAxn", "likes_count": 0, "replies_count": 0, "retweets_count": 0, "hashtags": []}
{"id": 1069010837816397824, "date": "2018-12-01", "time": "18:30:19", "tweet": "@QueenNoelleS @claresiobhan Not saying any of that. I’m just saying we have to much going on and Clare needed ideas about storylines so I gave my input which I made sure it follows the following Realism  For other sims  To make room for others Interesting Different from other sims", "likes_count": 0, "replies_count": 1, "retweets_count": 0, "hashtags": []}
{"id": 1069010748112859136, "date": "2018-12-01", "time": "18:29:58", "tweet": "@britin17k @MaddieBarry8 The most important thing about this is that Pres Obama probably wrote this himself or, at the very least, had input and final say over the message. We all know that's not true with #MoronInChief", "likes_count": 2, "replies_count": 1, "retweets_count": 1, "hashtags": ["moroninchief"]}
{"id": 1069010641913036812, "date": "2018-12-01", "time": "18:29:32", "tweet": "Alright everyone I need your input. #RoughandRowdy7 is Super Bowl weekend in Atlanta and I need to know... SHOULD THE VANILLA GORILLA GO FOR 2-0?????", "likes_count": 0, "replies_count": 0, "retweets_count": 2, "hashtags": ["roughandrowdy7"]}
{"id": 1069010640457646080, "date": "2018-12-01", "time": "18:29:32", "tweet": "@carlleo123 Thanks to you to , for your input and sharing lived experiences. 👍", "likes_count": 1, "replies_count": 0, "retweets_count": 0, "hashtags": []}
