{"id": 1069380624710959105, "date": "2018-12-02", "time": "18:59:43", "tweet": "@bataille_chris @KenCaldeira Yes the only exogenous input into a #circulareconomy is renewable energy. Like natural systems, that energy is used to overcome entropy to recover and recirculate matter. The goal is 100% effective recirculation in manufacturing or biological systems without waste accumulation.", "likes_count": 1, "replies_count": 0, "retweets_count": 0, "hashtags": ["circulareconomy"]}
{"id": 1069380170719612928, "date": "2018-12-02", "time": "18:57:55", "tweet": "Just realized that I never got to measure the input lag of my CPS2 😅. Same kind of results as 2X but this time I have a result without any turbo on.  As a recall, Alpha 3 on Anniversary Collection has 4.61 frames of lag (normal speed) therefore +2 frames compared to arcade", "likes_count": 5, "replies_count": 1, "retweets_count": 3, "hashtags": []}
{"id": 1069380168723152896, "date": "2018-12-02", "time": "18:57:55", "tweet": "Street Fighter Zero 3 CPS2 Hardware - Cammy LP  Input Lag: 2.60f Normal / 2.53f Turbo 1 / 2.51f Turbo 2 Stability is perfect unless turbo is activated (and that's normal)  https://t.co/Q6p22gNXaR", "likes_count": 21, "replies_count": 2, "retweets_count": 13, "hashtags": []}
{"id": 1069380167213162496, "date": "2018-12-02", "time": "18:57:54", "tweet": "Money Cube - An APP which will help you get MONEY for free. Input my invite code ❤U4BA8❤ after installation, and you will get 1000 Clicks. Download link:  https://t.co/s0biKSEtrN", "likes_count": 0, "replies_count": 0, "retweets_count": 0, "hashtags": []}
{"id": 1069380078839177216, "date": "2018-12-02", "time": "18:57:33", "tweet": "Arguably the BEST #oldies #mashup I’ve ever heard.   Do your ears a favor a take a listen.   Interested to get the input of @RodMorgan5 ....music extraordinaire.    https://t.co/9sM1zGsgrh", "likes_count": 0, "replies_count": 0, "retweets_count": 0, "hashtags": ["oldies", "mashup"]}
{"id": 1069379982676451333, "date": "2018-12-02", "time": "18:57:10", "tweet": "This is just my thought ... I have had friends on facebook and in real life that are bright and some not so .... Most of my friends and acquaintances are fairly intelligent as I personally thrive for input...  https://t.co/FFB7gAqUBx", "likes_count": 0, "replies_count": 0, "retweets_count": 0, "hashtags": []}
{"id": 1069379912182640642, "date": "2018-12-02", "time": "18:56:53", "tweet": "@EddieTrunk @TheStruts @GretaVanFleet @thebandGHOST He's part of a pop-music monster that sucked all life ($$$) out of the music industry &amp; distrubuted it amongst a few dozen indistinguishable performers. One of the only ways artists can innovate now is with minimal human input. Try producing a rock band on no budget. Not easy.", "likes_count": 0, "replies_count": 0, "retweets_count": 0, "hashtags": []}
{"id": 1069379442684899328, "date": "2018-12-02", "time": "18:55:01", "tweet": "@ikusabai soft fluffy but volatile blondes that my characters kiss but also definitely seconding characters just wrecked by their emotions you put a lot of heart into them and they’re fictional characters but they’re almost close to people with how much you input", "likes_count": 1, "replies_count": 1, "retweets_count": 0, "hashtags": []}
{"id": 1069379361181073408, "date": "2018-12-02", "time": "18:54:42", "tweet": "@TomiLahren You're considered a tourist at this point. Stay a few more years and we might consider you a transplant. Regardless, tourist or transplant, you're input means absolutely nothing. You need to put in your time first, Timmi the Dog Kicker.  Signed, A #NativeCalifornian #1502ForLife", "likes_count": 8, "replies_count": 0, "retweets_count": 0, "hashtags": ["nativecalifornian", "1502forlife"]}
{"id": 1069379279765495808, "date": "2018-12-02", "time": "18:54:23", "tweet": "&lt;input type=\"file\" /&gt;で複数のファイルを選択する - わびさびサンプルソース  https://t.co/kZnBxcCGpg", "likes_count": 0, "replies_count": 0, "retweets_count": 0, "hashtags": []}
{"id": 1069378876743266304, "date": "2018-12-02", "time": "18:52:46", "tweet": "@Atseawall @marcorubio We are a Rubio cult,  according to some.. I've been called a Rubio rah rah. 🙄They're mad because he doesn't attack POTUS. He does but supposedly not enough.  If @marcorubio did more, Trump would no longer call him for foreign policy input.  At least now he has some influence.", "likes_count": 2, "replies_count": 0, "retweets_count": 0, "hashtags": []}
{"id": 1069378820766081029, "date": "2018-12-02", "time": "18:52:33", "tweet": "Hats off Mr. Brando!!  Same flaws in the selection process for the NCAA Tournament.  Until the \"REAL\" experts provide their input, this process will remain flawed.  Georgia with 2 losses would be favored over 3 of these teams.  Please stop saying these are the best 4 teams!!", "likes_count": 0, "replies_count": 0, "retweets_count": 0, "hashtags": []}
{"id": 1069378313645223936, "date": "2018-12-02", "time": "18:50:32", "tweet": "We value the input of our audience and would like to learn how we can make better email newsletters for you. Take this short survey here:  https://t.co/s8f5ZNBcRZ", "likes_count": 0, "replies_count": 0, "retweets_count": 0, "hashtags": []}
{"id": 1069378025521901574, "date": "2018-12-02", "time": "18:49:24", "tweet": "Interaction Design for 3D User Interfaces: The World of Modern Input Devices for  https://t.co/eQrDz0AP9n", "likes_count": 0, "replies_count": 0, "retweets_count": 0, "hashtags": []}
{"id": 1069377737440272384, "date": "2018-12-02", "time": "18:48:15", "tweet": "@Educhatter @MorningHeraId When I started, I was a \"teacher.\" Over the year the \"teaching\" part of my day has slowly been eroded by, data input, preparing alternate assignments for capable, yet non performing students, who have been social passed, responding to the needs of special needs students 1/2", "likes_count": 1, "replies_count": 1, "retweets_count": 1, "hashtags": []}
{"id": 1069377492824326145, "date": "2018-12-02", "time": "18:47:17", "tweet": "The City of Redlands is redesigning its website and we want your input by Dec. 6.  This brief survey is your opportunity to help us understand how this redesign can make the city’s website work better for our community....  https://t.co/9xJjOKk06h", "likes_count": 3, "replies_count": 0, "retweets_count": 0, "hashtags": []}
{"id": 1069377472284651520, "date": "2018-12-02", "time": "18:47:12", "tweet": "Excited to be moving from prototyping to selling Geopowr games following another round of constructive input @kefconvention in #YEG where board games rule.", "likes_count": 4, "replies_count": 0, "retweets_count": 1, "hashtags": ["yeg"]}
{"id": 1069377248006823936, "date": "2018-12-02", "time": "18:46:18", "tweet": "the fact that you can run up and input tilts it gonna be groundbreaking in Smash. any character with a down tilt confirm is gonna be so strong", "likes_count": 0, "replies_count": 0, "retweets_count": 0, "hashtags": []}
{"id": 1069377213676511232, "date": "2018-12-02", "time": "18:46:10", "tweet": "@theoldmkwvet @YouTube love how you added your input/experience on N64 BC, makes these videos even more interesting :)", "likes_count": 1, "replies_count": 0, "retweets_count": 0, "hashtags": []}
{"id": 1069377080083841029, "date": "2018-12-02", "time": "18:45:38", "tweet": "I like people that have input and share it in a conversation.. granted sometimes people’s input irritates me but it’s better than being a fkin mannequin and not saying shit that annoys me so much wow", "likes_count": 1, "replies_count": 1, "retweets_count": 0, "hashtags": []}
