{"id": 1064669592985976832, "date": "2018-11-19", "time": "18:59:46", "tweet": "When students, experience input that feels controlling or puts pressure on them to think or act in a specific way, the result is lower levels of self-determination that can negatively impact motivation.   https://t.co/rBODaM4hcx via @Catlin_Tucker", "likes_count": 5, "replies_count": 0, "retweets_count": 1, "hashtags": []}
{"id": 1064669300009635840, "date": "2018-11-19", "time": "18:58:36", "tweet": "@GalvaniRenan @officialpes Pq a equipa da konami nem responde aos fãs? Principalmente pelo online instavel e input delay? Todos os dias a EA e sua equipa responde e dá justificaçoes, incluindo agora que estao numa fase em que os servidores estao com problemas", "likes_count": 1, "replies_count": 1, "retweets_count": 0, "hashtags": []}
{"id": 1064669297992183814, "date": "2018-11-19", "time": "18:58:35", "tweet": "@HeadshotSpecial @sadgief is thinking about Battle lounge tomorrow, but needs to figure out time. Input would be sweet. ROFL", "likes_count": 1, "replies_count": 1, "retweets_count": 0, "hashtags": []}
{"id": 1064669072632283137, "date": "2018-11-19", "time": "18:57:42", "tweet": "@hkalodner @maltemoeser It took 2 weeks on a RAID5 array on a desktop with 64 GB of RAM and under a day on a 32 GB of RAM desktop that had the input and output folders each on separate SATA SSDs.  There's definitely some badness going on with HDDs. (The 32 GB desktop was taking 2+ weeks before SSDs.)", "likes_count": 0, "replies_count": 1, "retweets_count": 0, "hashtags": []}
{"id": 1064669064159580160, "date": "2018-11-19", "time": "18:57:40", "tweet": "President Tumblr: (Is a website and therefore is incapable of running a country let alone doing anything beyond displaying certain information based on user input)", "likes_count": 0, "replies_count": 0, "retweets_count": 0, "hashtags": []}
{"id": 1064669034099236864, "date": "2018-11-19", "time": "18:57:32", "tweet": "Those who act fast without getting input and thinking things through can be difficult.  Buy-in over compliance is always my goal as a leader.  Initiatives hit full potential only through buy-in in my opinion. #TSINILI", "likes_count": 1, "replies_count": 0, "retweets_count": 0, "hashtags": ["tsinili"]}
{"id": 1064668957184049153, "date": "2018-11-19", "time": "18:57:14", "tweet": "@breenikki Same! Yay I’m not cuckoo lol. But with the help of Heather’s input, I’ve decided to reserve it strictly for self talk, or people I know personally. I hate to think I’ve made someone feel worse when I was genuinely just trying to help 😬", "likes_count": 1, "replies_count": 2, "retweets_count": 0, "hashtags": []}
{"id": 1064668915928834054, "date": "2018-11-19", "time": "18:57:04", "tweet": " https://t.co/AqjgfnPeQg [paroj] RTSS: TriplanarTexturing - correctly resolve input params  now works with per pixel lighting", "likes_count": 0, "replies_count": 0, "retweets_count": 0, "hashtags": []}
{"id": 1064668911092858882, "date": "2018-11-19", "time": "18:57:03", "tweet": " https://t.co/xG6k0tBbqr [paroj] RTSS: allow resolving input parameters by ParameterPtr", "likes_count": 0, "replies_count": 0, "retweets_count": 0, "hashtags": []}
{"id": 1064668907582226433, "date": "2018-11-19", "time": "18:57:02", "tweet": " https://t.co/YMnBM2Dn5X [paroj] RTSS: add resolve{Input,Output}Parameter by content only overload", "likes_count": 0, "replies_count": 0, "retweets_count": 0, "hashtags": []}
{"id": 1064668688106762241, "date": "2018-11-19", "time": "18:56:10", "tweet": "@thrid001 @jacobsoboroff @GilCisnerosCA It always amazes me that when discussing things with people that have no real input that they devolve into name calling and social bullying… you are unworthy to speak to we are done… try to look inside and be a better person.", "likes_count": 0, "replies_count": 1, "retweets_count": 0, "hashtags": []}
{"id": 1064668616224837633, "date": "2018-11-19", "time": "18:55:53", "tweet": "Do you have a loved one that constantly #chews on their clothing and is seeking #sensory input? Read this post on Becca's GravityBread post. Becca is a speech language pathologist and author. Pierrette d'Entremont-Crimmins and I th… https://t.co/6a6pN7p1Yy  https://t.co/9eKUOyxcbY", "likes_count": 1, "replies_count": 0, "retweets_count": 0, "hashtags": ["chews", "sensory"]}
{"id": 1064668466970537984, "date": "2018-11-19", "time": "18:55:17", "tweet": "I'm playing games on iCashApp and it's so much fun! Download it, input the refer code 68X7XNC get coins. #iCash  https://t.co/8zR9WMmu84", "likes_count": 0, "replies_count": 0, "retweets_count": 0, "hashtags": ["icash"]}
{"id": 1064668293393514496, "date": "2018-11-19", "time": "18:54:36", "tweet": "I’m having municipality envy.   Check out this fun budget tool where you can toggle different expenditures and revenues to balance the budget as a means to collect community input early on in the budget process. #RVACouncil 🧜🏻‍♀️", "likes_count": 10, "replies_count": 1, "retweets_count": 4, "hashtags": ["rvacouncil"]}
{"id": 1064668274733056003, "date": "2018-11-19", "time": "18:54:31", "tweet": "Do you have a loved one that constantly #chews on their clothing and is seeking #sensory input? Read this post on Becca's...  https://t.co/7HPpsyCK1D", "likes_count": 0, "replies_count": 0, "retweets_count": 0, "hashtags": ["chews", "sensory"]}
{"id": 1064668209851305984, "date": "2018-11-19", "time": "18:54:16", "tweet": "Every time #NXTTakeover comes around, the quality and energy of the show dwarfs the following big #WWE PPV. What is it that makes Takeover shows so special? It's reminiscent of #ECW. @bullyray5150 input?", "likes_count": 0, "replies_count": 0, "retweets_count": 0, "hashtags": ["nxttakeover", "wwe", "ecw"]}
{"id": 1064668181015470080, "date": "2018-11-19", "time": "18:54:09", "tweet": "We are seeking input from families. Quick survey on PALS.  https://t.co/98wPzqsQ15 #saydyslexia #dyslexia #education #addressDyslexia #reading #literacy #school #saydyslexia", "likes_count": 0, "replies_count": 0, "retweets_count": 0, "hashtags": ["saydyslexia", "dyslexia", "education", "addressdyslexia", "reading", "literacy", "school", "saydyslexia"]}
{"id": 1064668163714048006, "date": "2018-11-19", "time": "18:54:05", "tweet": "@BigAlFishes @ralphDrussoAP I'm sure there are already some presidents who have tossed the idea quietly up for input...", "likes_count": 0, "replies_count": 1, "retweets_count": 0, "hashtags": []}
{"id": 1064668158106058752, "date": "2018-11-19", "time": "18:54:04", "tweet": "HDTV Deal #8: SANSUI TV LED Televisions 32\" 720p TV with Flat Screen TV, HDMI PCA Input High Definition and Widescreen Monitor Display 2 HDMI (2018 Model)  https://t.co/lmSFoeE5ow  https://t.co/ThFpLsXScx", "likes_count": 0, "replies_count": 0, "retweets_count": 0, "hashtags": []}
{"id": 1064668120751792129, "date": "2018-11-19", "time": "18:53:55", "tweet": "Gregory, paraphrased: St. Mary’s was asked to provide input on changes to ambulance ordinance in August and they didn’t ask once to remove process for license.", "likes_count": 0, "replies_count": 0, "retweets_count": 0, "hashtags": []}
