{"id": 1054160371970392064, "date": "2018-10-21", "time": "19:59:52", "tweet": "@Skate_KI Exactly. Idk why we decide to keep using a inferior console for the fgc. Overheats due to too many controllers on Bluetooth. The input lag, making sure streams have a ps4 pro because slim cant output audio to 2 different places etc. its stupid", "likes_count": 0, "replies_count": 0, "retweets_count": 0, "hashtags": []}
{"id": 1054160297894862854, "date": "2018-10-21", "time": "19:59:35", "tweet": "I'd really appreciate some input on this conversation on had with someone yesterday who lives in Ireland.  I felt I didn't have the knowledge to defend everything I was trying to say. If anyone has any thoughts it would be great to add to the discussion.", "likes_count": 0, "replies_count": 0, "retweets_count": 0, "hashtags": []}
{"id": 1054160181125275648, "date": "2018-10-21", "time": "19:59:07", "tweet": "Referee could’ve called drop ball on Fornaroli foul, as A-League boss admits the call was wrong while clarifying VAR input writes @davutovic  https://t.co/pK5R3cvkxY  https://t.co/P4BDBiyEXm", "likes_count": 6, "replies_count": 3, "retweets_count": 3, "hashtags": []}
{"id": 1054159914195537920, "date": "2018-10-21", "time": "19:58:03", "tweet": "This is an excellent definition.  Thank you for your input.", "likes_count": 1, "replies_count": 0, "retweets_count": 0, "hashtags": []}
{"id": 1054159863906033669, "date": "2018-10-21", "time": "19:57:51", "tweet": "@angelamarie420 @saorsa_k @limImagination @D0wJ0nEs @cosplaydarkarts @Manchester_Babe Thanks Lina!  Thank you for your input.", "likes_count": 1, "replies_count": 0, "retweets_count": 0, "hashtags": []}
{"id": 1054159847472668672, "date": "2018-10-21", "time": "19:57:47", "tweet": "@thedailybeast @LizMair Dear God, Liz. Is your resume anything like hers? Extremely doubtful . What qualifies you to tell a woman of Hillary’s accomplishments—-which many recognize and value — to just go away? Especially now , we need the input of this brilliant , experienced  public servant .", "likes_count": 3, "replies_count": 0, "retweets_count": 0, "hashtags": []}
{"id": 1054159790547615744, "date": "2018-10-21", "time": "19:57:34", "tweet": "@mark_giacchi Ok cool thanks for your input", "likes_count": 0, "replies_count": 1, "retweets_count": 0, "hashtags": []}
{"id": 1054159409704620033, "date": "2018-10-21", "time": "19:56:03", "tweet": "Both activities are output signals for angle input signals.", "likes_count": 0, "replies_count": 0, "retweets_count": 0, "hashtags": []}
{"id": 1054159226375794689, "date": "2018-10-21", "time": "19:55:19", "tweet": "Lagi jadi anak nakal dulu. Harusnya hari ini berangkat presentasi ke wwf, tapi cancel bilang sakit. Emang sakit sih, sakit soale belum beres input data. Maafkeun bapake. Nanti nyusul aja aku ke malaysia wkwk", "likes_count": 0, "replies_count": 1, "retweets_count": 0, "hashtags": []}
{"id": 1054159199763095552, "date": "2018-10-21", "time": "19:55:13", "tweet": "@EcologyOrDie Yes, sort of. If you enter bad input you will get a random selection, and Always Coming Home is one of the possibilities there.", "likes_count": 0, "replies_count": 1, "retweets_count": 0, "hashtags": []}
{"id": 1054159097006903296, "date": "2018-10-21", "time": "19:54:48", "tweet": "@Fxlipe115 @nejididntdie Começa botando as input e daí pergunta pro grefo", "likes_count": 1, "replies_count": 0, "retweets_count": 0, "hashtags": []}
{"id": 1054159035069595648, "date": "2018-10-21", "time": "19:54:33", "tweet": "A4 Start before school starts. Cultivate an open relationship. Be willing to listen and ask their input as well. #bookcampPD", "likes_count": 3, "replies_count": 0, "retweets_count": 0, "hashtags": ["bookcamppd"]}
{"id": 1054158929880596481, "date": "2018-10-21", "time": "19:54:08", "tweet": "eh my input on the brother nature shit is pretty neutral", "likes_count": 0, "replies_count": 0, "retweets_count": 0, "hashtags": []}
{"id": 1054158889921449984, "date": "2018-10-21", "time": "19:53:59", "tweet": "Biohacking continuous breathing lessons intended for trumpeteers to exponentially grow vape input", "likes_count": 3, "replies_count": 0, "retweets_count": 0, "hashtags": []}
{"id": 1054158641572519937, "date": "2018-10-21", "time": "19:53:00", "tweet": "@switch_d It's committing every 1M tweets and the input files are chunked into 32GB pieces, so I should be able to resume in case something interrupts it. Tested on an individual 32GB file or two, and it seems to work fine.", "likes_count": 0, "replies_count": 1, "retweets_count": 0, "hashtags": []}
{"id": 1054158541764943872, "date": "2018-10-21", "time": "19:52:36", "tweet": "the response was overwhelmingly 'top' but i put the damaged cake on the bottom layer and it worked out well, thank u all for the input tho", "likes_count": 5, "replies_count": 0, "retweets_count": 0, "hashtags": []}
{"id": 1054158417093386241, "date": "2018-10-21", "time": "19:52:06", "tweet": "Cabell County Schools seeks input on calendars  https://t.co/UEeWecHeUD", "likes_count": 0, "replies_count": 0, "retweets_count": 2, "hashtags": []}
{"id": 1054158265720815616, "date": "2018-10-21", "time": "19:51:30", "tweet": "@k3r0s3ne This is as depressed as it can get, I know wanting to listen to this kind of song trying to make connection when you're losing all the other feelings, but I hope this doesn't give negative input to you, if you want to get away from your thought, my dm is open :)", "likes_count": 1, "replies_count": 0, "retweets_count": 0, "hashtags": []}
{"id": 1054158216005935104, "date": "2018-10-21", "time": "19:51:18", "tweet": "Good Evening #myasu ! We’re updating our logo and want your input. Comment 1,2 or 3 to tell us what you think 💭 Also give it a share so we can have more feedback #asu #bama #students  https://t.co/fngoNLfafI", "likes_count": 1, "replies_count": 1, "retweets_count": 1, "hashtags": ["myasu", "asu", "bama", "students"]}
{"id": 1054157833065848832, "date": "2018-10-21", "time": "19:49:47", "tweet": "Two thoughts, first getting public input is universally difficult and 2, walleye anglers are universally whiners. Upper Missouri Reservoir draft plan rescinded by FWP Commission  https://t.co/XS7uNWeyoQ", "likes_count": 2, "replies_count": 0, "retweets_count": 0, "hashtags": []}
