{"id": 1047274965832290304, "date": "2018-10-02", "time": "19:59:43", "tweet": "#functionswhatdoiremember @PDroletLEARN A function relates an input to an output", "likes_count": 0, "replies_count": 0, "retweets_count": 0, "hashtags": ["functionswhatdoiremember"]}
{"id": 1047274897297223680, "date": "2018-10-02", "time": "19:59:27", "tweet": "@InPut_Bancho そうですか？ 良い方を選択出来るオプションがあるなら試してみる価値あるかな？と", "likes_count": 1, "replies_count": 1, "retweets_count": 0, "hashtags": []}
{"id": 1047274846651125762, "date": "2018-10-02", "time": "19:59:15", "tweet": "@kmerian Crazy thing is, there are innumerable sources that contradict your claim vaccines reduced incidence/mortality. like older, published, referenced papers, books, historical documents and more. Data can be tortured, I'll review their sources for input.  https://t.co/muiiGY6QRD", "likes_count": 0, "replies_count": 1, "retweets_count": 0, "hashtags": []}
{"id": 1047274771925352448, "date": "2018-10-02", "time": "19:58:57", "tweet": "The fact that Forza Horizon just knows your name without any input is super creepy.", "likes_count": 0, "replies_count": 0, "retweets_count": 0, "hashtags": []}
{"id": 1047274750253441024, "date": "2018-10-02", "time": "19:58:52", "tweet": "@J_W_Cunningham I'll have to see how that looks...Thanks for the input 😎", "likes_count": 0, "replies_count": 0, "retweets_count": 0, "hashtags": []}
{"id": 1047274664165163008, "date": "2018-10-02", "time": "19:58:32", "tweet": "Fixed a small UX bug today: When 'Add new task' is selected, set focus to textfield input so user can just start typing without having to click in box first. Check it out!  #ux #usability #UserExperience #uidesign #userinterface", "likes_count": 3, "replies_count": 0, "retweets_count": 0, "hashtags": ["ux", "usability", "userexperience", "uidesign", "userinterface"]}
{"id": 1047274483759730688, "date": "2018-10-02", "time": "19:57:49", "tweet": "@hal555 あ、いや、ニート居るなら必要ないですよ", "likes_count": 0, "replies_count": 2, "retweets_count": 0, "hashtags": []}
{"id": 1047274390226960384, "date": "2018-10-02", "time": "19:57:26", "tweet": "Decisions kept at the bedside! When was the last time you let a bedside nurse have any input to the staffing ratios?", "likes_count": 1, "replies_count": 0, "retweets_count": 0, "hashtags": []}
{"id": 1047274362250776578, "date": "2018-10-02", "time": "19:57:20", "tweet": "テニス、フェデラー。とくに意味はないです  おはようございます", "likes_count": 0, "replies_count": 1, "retweets_count": 0, "hashtags": []}
{"id": 1047274101449154560, "date": "2018-10-02", "time": "19:56:17", "tweet": "A couple of years before Tom Petty died, Warren Zanes wrote an excellent biography(with Tom's permission, input &amp; help). here, he talks about Tom being gone &amp; tells a cool story that didn't make the book. it's about Tom &amp; coffee &amp; everything.  https://t.co/seF3BaJRzF", "likes_count": 0, "replies_count": 0, "retweets_count": 0, "hashtags": []}
{"id": 1047274018603225088, "date": "2018-10-02", "time": "19:55:58", "tweet": "Join @LudlowSup for his Coffee with the Community tomorrow 9-10am at Wynner's Cup Cafe. He hosts this the first Wednesday of every month.  Hear about projects and programs going on in our schools. He values your input, feedback, and questions, and would love for you to join him!  https://t.co/Aq3BmbEc8h", "likes_count": 2, "replies_count": 0, "retweets_count": 1, "hashtags": []}
{"id": 1047273600821186560, "date": "2018-10-02", "time": "19:54:18", "tweet": "@FoxNews @FBI Are they attempting to interfere with an FBI investigation? I am sure that if the FBI needs you and your input, they will reach out to you, and find you, and get what they need.", "likes_count": 0, "replies_count": 0, "retweets_count": 0, "hashtags": []}
{"id": 1047273588133253120, "date": "2018-10-02", "time": "19:54:15", "tweet": "@FOG_E you need to accept that output is not necessarily equal to input across the board. There will always be people who put in less time than you that are better and more time that are worse. You are as good as you are right now, always. Be mindful and move forward regardless.", "likes_count": 1, "replies_count": 0, "retweets_count": 0, "hashtags": []}
{"id": 1047273355232129024, "date": "2018-10-02", "time": "19:53:19", "tweet": "@hawk_as_weapon @steveowen91 @jordanreyn0lds1 @FriedgeHNIC Thanks for your input boy", "likes_count": 0, "replies_count": 1, "retweets_count": 0, "hashtags": []}
{"id": 1047273196905480192, "date": "2018-10-02", "time": "19:52:42", "tweet": "@TheRealJoeChad @MLS I mean it's relevant to any team losing internationals but thanks for your valuable, objective input👍", "likes_count": 0, "replies_count": 0, "retweets_count": 0, "hashtags": []}
{"id": 1047273195693375488, "date": "2018-10-02", "time": "19:52:41", "tweet": "@Ron_Nirenberg @georgepbush To govern without real citizen input is a travesty of epic proportions and will be dealt with in the voting booth. Citizens will be taking their power back. Goodbye Nirenberg and Bush. San Antonians will be voting YES, YES, and YES on all three propositions.", "likes_count": 0, "replies_count": 0, "retweets_count": 0, "hashtags": []}
{"id": 1047272878155190277, "date": "2018-10-02", "time": "19:51:26", "tweet": "The City of Regina is asking for the public’s input on deciding property tax exemptions for non-profit organizations.  https://t.co/4WTHcFJrEI", "likes_count": 0, "replies_count": 0, "retweets_count": 0, "hashtags": []}
{"id": 1047272791865614336, "date": "2018-10-02", "time": "19:51:05", "tweet": "@PaulSPurvis @NBCTheVoice @Twitter @brithume @ByronYork @BillOReilly To clarify: the liberal papers I read are @nytimes and @washingtonpost I thoroughly enjoy them as I do the more conservative @Twitter input. I usually disagree somewhat with all of them, but life would be boring otherwise. I always learn from all of them, therein lies the key!", "likes_count": 0, "replies_count": 0, "retweets_count": 0, "hashtags": []}
{"id": 1047272776413769728, "date": "2018-10-02", "time": "19:51:01", "tweet": "We need your help to tackle climate change in @LongBeachCity! Your input is important as we prepare the City's Climate Action and Adaptation Plan. Tell us which of the following extreme weather events you are most concerned about.👇#CAAPLB", "likes_count": 3, "replies_count": 0, "retweets_count": 2, "hashtags": ["caaplb"]}
{"id": 1047272775994433536, "date": "2018-10-02", "time": "19:51:01", "tweet": "Sudoku Puzzle Game for iPhone is the world's first Sudoku application equipped with \"flick input mode\".    https://t.co/fwivhr7IcX", "likes_count": 0, "replies_count": 0, "retweets_count": 0, "hashtags": []}
{"id": 1047274965832290304, "date": "2018-10-02", "time": "19:59:43", "tweet": "#functionswhatdoiremember @PDroletLEARN A function relates an input to an output", "likes_count": 0, "replies_count": 0, "retweets_count": 0, "hashtags": ["functionswhatdoiremember"]}
{"id": 1047274897297223680, "date": "2018-10-02", "time": "19:59:27", "tweet": "@InPut_Bancho そうですか？ 良い方を選択出来るオプションがあるなら試してみる価値あるかな？と", "likes_count": 1, "replies_count": 1, "retweets_count": 0, "hashtags": []}
{"id": 1047274846651125762, "date": "2018-10-02", "time": "19:59:15", "tweet": "@kmerian Crazy thing is, there are innumerable sources that contradict your claim vaccines reduced incidence/mortality. like older, published, referenced papers, books, historical documents and more. Data can be tortured, I'll review their sources for input.  https://t.co/muiiGY6QRD", "likes_count": 0, "replies_count": 1, "retweets_count": 0, "hashtags": []}
{"id": 1047274771925352448, "date": "2018-10-02", "time": "19:58:57", "tweet": "The fact that Forza Horizon just knows your name without any input is super creepy.", "likes_count": 0, "replies_count": 0, "retweets_count": 0, "hashtags": []}
{"id": 1047274750253441024, "date": "2018-10-02", "time": "19:58:52", "tweet": "@J_W_Cunningham I'll have to see how that looks...Thanks for the input 😎", "likes_count": 0, "replies_count": 0, "retweets_count": 0, "hashtags": []}
{"id": 1047274664165163008, "date": "2018-10-02", "time": "19:58:32", "tweet": "Fixed a small UX bug today: When 'Add new task' is selected, set focus to textfield input so user can just start typing without having to click in box first. Check it out!  #ux #usability #UserExperience #uidesign #userinterface", "likes_count": 3, "replies_count": 0, "retweets_count": 0, "hashtags": ["ux", "usability", "userexperience", "uidesign", "userinterface"]}
{"id": 1047274483759730688, "date": "2018-10-02", "time": "19:57:49", "tweet": "@hal555 あ、いや、ニート居るなら必要ないですよ", "likes_count": 0, "replies_count": 2, "retweets_count": 0, "hashtags": []}
{"id": 1047274390226960384, "date": "2018-10-02", "time": "19:57:26", "tweet": "Decisions kept at the bedside! When was the last time you let a bedside nurse have any input to the staffing ratios?", "likes_count": 1, "replies_count": 0, "retweets_count": 0, "hashtags": []}
{"id": 1047274362250776578, "date": "2018-10-02", "time": "19:57:20", "tweet": "テニス、フェデラー。とくに意味はないです  おはようございます", "likes_count": 0, "replies_count": 1, "retweets_count": 0, "hashtags": []}
{"id": 1047274101449154560, "date": "2018-10-02", "time": "19:56:17", "tweet": "A couple of years before Tom Petty died, Warren Zanes wrote an excellent biography(with Tom's permission, input &amp; help). here, he talks about Tom being gone &amp; tells a cool story that didn't make the book. it's about Tom &amp; coffee &amp; everything.  https://t.co/seF3BaJRzF", "likes_count": 0, "replies_count": 0, "retweets_count": 0, "hashtags": []}
{"id": 1047274018603225088, "date": "2018-10-02", "time": "19:55:58", "tweet": "Join @LudlowSup for his Coffee with the Community tomorrow 9-10am at Wynner's Cup Cafe. He hosts this the first Wednesday of every month.  Hear about projects and programs going on in our schools. He values your input, feedback, and questions, and would love for you to join him!  https://t.co/Aq3BmbEc8h", "likes_count": 2, "replies_count": 0, "retweets_count": 1, "hashtags": []}
{"id": 1047273600821186560, "date": "2018-10-02", "time": "19:54:18", "tweet": "@FoxNews @FBI Are they attempting to interfere with an FBI investigation? I am sure that if the FBI needs you and your input, they will reach out to you, and find you, and get what they need.", "likes_count": 0, "replies_count": 0, "retweets_count": 0, "hashtags": []}
{"id": 1047273588133253120, "date": "2018-10-02", "time": "19:54:15", "tweet": "@FOG_E you need to accept that output is not necessarily equal to input across the board. There will always be people who put in less time than you that are better and more time that are worse. You are as good as you are right now, always. Be mindful and move forward regardless.", "likes_count": 1, "replies_count": 0, "retweets_count": 0, "hashtags": []}
{"id": 1047273355232129024, "date": "2018-10-02", "time": "19:53:19", "tweet": "@hawk_as_weapon @steveowen91 @jordanreyn0lds1 @FriedgeHNIC Thanks for your input boy", "likes_count": 0, "replies_count": 1, "retweets_count": 0, "hashtags": []}
{"id": 1047273196905480192, "date": "2018-10-02", "time": "19:52:42", "tweet": "@TheRealJoeChad @MLS I mean it's relevant to any team losing internationals but thanks for your valuable, objective input👍", "likes_count": 0, "replies_count": 0, "retweets_count": 0, "hashtags": []}
{"id": 1047273195693375488, "date": "2018-10-02", "time": "19:52:41", "tweet": "@Ron_Nirenberg @georgepbush To govern without real citizen input is a travesty of epic proportions and will be dealt with in the voting booth. Citizens will be taking their power back. Goodbye Nirenberg and Bush. San Antonians will be voting YES, YES, and YES on all three propositions.", "likes_count": 0, "replies_count": 0, "retweets_count": 0, "hashtags": []}
{"id": 1047272878155190277, "date": "2018-10-02", "time": "19:51:26", "tweet": "The City of Regina is asking for the public’s input on deciding property tax exemptions for non-profit organizations.  https://t.co/4WTHcFJrEI", "likes_count": 0, "replies_count": 0, "retweets_count": 0, "hashtags": []}
{"id": 1047272791865614336, "date": "2018-10-02", "time": "19:51:05", "tweet": "@PaulSPurvis @NBCTheVoice @Twitter @brithume @ByronYork @BillOReilly To clarify: the liberal papers I read are @nytimes and @washingtonpost I thoroughly enjoy them as I do the more conservative @Twitter input. I usually disagree somewhat with all of them, but life would be boring otherwise. I always learn from all of them, therein lies the key!", "likes_count": 0, "replies_count": 0, "retweets_count": 0, "hashtags": []}
{"id": 1047272776413769728, "date": "2018-10-02", "time": "19:51:01", "tweet": "We need your help to tackle climate change in @LongBeachCity! Your input is important as we prepare the City's Climate Action and Adaptation Plan. Tell us which of the following extreme weather events you are most concerned about.👇#CAAPLB", "likes_count": 3, "replies_count": 0, "retweets_count": 2, "hashtags": ["caaplb"]}
{"id": 1047272775994433536, "date": "2018-10-02", "time": "19:51:01", "tweet": "Sudoku Puzzle Game for iPhone is the world's first Sudoku application equipped with \"flick input mode\".    https://t.co/fwivhr7IcX", "likes_count": 0, "replies_count": 0, "retweets_count": 0, "hashtags": []}
{"id": 1047272693765214208, "date": "2018-10-02", "time": "19:50:42", "tweet": "@nascar_opinion Best case scenario it manufactures closer racing but I fear it’ll be full throttle the whole time with little driver input needed, worst case scenario we have a weekly xfinity series at pocono parade", "likes_count": 1, "replies_count": 0, "retweets_count": 0, "hashtags": []}
{"id": 1047272559136440320, "date": "2018-10-02", "time": "19:50:10", "tweet": "@JacobyWells_ Great suggestion, we'll definitely look into it, thanks for the input!", "likes_count": 0, "replies_count": 0, "retweets_count": 0, "hashtags": []}
{"id": 1047272438189490178, "date": "2018-10-02", "time": "19:49:41", "tweet": "just finished manaic, is ozark good, need some input", "likes_count": 1, "replies_count": 2, "retweets_count": 0, "hashtags": []}
{"id": 1047272433068265472, "date": "2018-10-02", "time": "19:49:40", "tweet": "Your input will be critical: Please share in your networks📆 The district is planning more space in its middle schools to handle increased enrollment, and to…  https://t.co/sF3wIFxvmr", "likes_count": 0, "replies_count": 0, "retweets_count": 0, "hashtags": []}
{"id": 1047272430589206530, "date": "2018-10-02", "time": "19:49:39", "tweet": "Yung mga managers na free rider at walang input sa engagement 😠😡🤬", "likes_count": 0, "replies_count": 0, "retweets_count": 0, "hashtags": []}
{"id": 1047272345084317697, "date": "2018-10-02", "time": "19:49:19", "tweet": ".@LugertM says it's a good idea to hire an independent consultant to review bus route changes. Says community should have input on proposed changes before they happen. Councillors should stand up against negative changes. #ottvote", "likes_count": 1, "replies_count": 1, "retweets_count": 0, "hashtags": ["ottvote"]}
{"id": 1047272298259079169, "date": "2018-10-02", "time": "19:49:07", "tweet": "@katejchristie Well as the author, you’d definitely have some input. I’m an Honor Thespian in the International Thesipian Society 💁‍♀️ and I play soccer...c’mon lol", "likes_count": 1, "replies_count": 1, "retweets_count": 0, "hashtags": []}
{"id": 1047272270052450305, "date": "2018-10-02", "time": "19:49:01", "tweet": "@megynkelly Thanks for your input.   So true.", "likes_count": 0, "replies_count": 0, "retweets_count": 0, "hashtags": []}
{"id": 1047272157053636609, "date": "2018-10-02", "time": "19:48:34", "tweet": "I’m having trouble deciding on a dress/corset pairing for #Keyleth! I like them all but I’m partial to one more than the others but want some input! The Poll is in the thread!!!!  #CriticalRoleCosplay #CriticalRole  https://t.co/3llC4FtBVA", "likes_count": 32, "replies_count": 1, "retweets_count": 3, "hashtags": ["keyleth", "criticalrolecosplay", "criticalrole"]}
{"id": 1047272089437143040, "date": "2018-10-02", "time": "19:48:18", "tweet": "@cdbaby Thank you for the input and link to your blog!", "likes_count": 0, "replies_count": 0, "retweets_count": 0, "hashtags": []}
{"id": 1047272015055343616, "date": "2018-10-02", "time": "19:48:00", "tweet": "“The world nuclear industry cannot develop without China’s input,” said Jade Huang, Vice-Secretary General of the International Forum for Clean Energy, at the unveiling of the World Nuclear Industry Status Report 2018.  https://t.co/MT22MzXW04  https://t.co/dawpqmuUjj", "likes_count": 1, "replies_count": 0, "retweets_count": 4, "hashtags": []}
{"id": 1047271944603815936, "date": "2018-10-02", "time": "19:47:43", "tweet": "@shanedawson YESSS I wanna see what you made without anyone else’s input on your art man. GIVE ME THE DAMN TEA 🍵", "likes_count": 0, "replies_count": 0, "retweets_count": 0, "hashtags": []}
{"id": 1047271871765516288, "date": "2018-10-02", "time": "19:47:26", "tweet": "Google-fu is an art, but Google's input is small.  Mostly, it's knowing those terms that are likely to turn up in your source document *and* aren't likely to turn up elsewhere.  So, don't search for 'crypto'.", "likes_count": 0, "replies_count": 0, "retweets_count": 0, "hashtags": []}
{"id": 1047271740513161216, "date": "2018-10-02", "time": "19:46:54", "tweet": "@beth_elacqua @RaySchaak Thanks, Beth! Great to have your input!", "likes_count": 1, "replies_count": 1, "retweets_count": 0, "hashtags": []}
{"id": 1047271713103368192, "date": "2018-10-02", "time": "19:46:48", "tweet": "@option_snipper Any input on $nvda?", "likes_count": 1, "replies_count": 0, "retweets_count": 0, "hashtags": []}
{"id": 1047271591485161472, "date": "2018-10-02", "time": "19:46:19", "tweet": "mitkayem de'an robinson completed the quest All in the Cards!  https://t.co/POozPIbusR  https://t.co/fKPNwuWnhb", "likes_count": 0, "replies_count": 0, "retweets_count": 0, "hashtags": []}
{"id": 1047271335229939712, "date": "2018-10-02", "time": "19:45:18", "tweet": "Mimpi ketemu input lagi dan seseneng itu rasanya. Apakabar itu anak...", "likes_count": 0, "replies_count": 1, "retweets_count": 0, "hashtags": []}
{"id": 1047271278590283778, "date": "2018-10-02", "time": "19:45:04", "tweet": "Glamorous cover, high profile thanks to a viral buzz track &amp; the input of a hot producer. @MariahCarey's new single has everything going for it:  https://t.co/t9rxE4ENIQ  https://t.co/8ePeHtIzlE", "likes_count": 9, "replies_count": 0, "retweets_count": 2, "hashtags": []}
{"id": 1047271235154038784, "date": "2018-10-02", "time": "19:44:54", "tweet": "Thanks for your input Brian. 🤷🏻‍♀️", "likes_count": 0, "replies_count": 0, "retweets_count": 0, "hashtags": []}
{"id": 1047271115805143041, "date": "2018-10-02", "time": "19:44:26", "tweet": "Have fielded questions &amp; concerns from Hempfield residents RE: the Attendance Area Realignment. Refined the proposal &amp; it will continue to be refined as we field input from the community. #HSDschoolboard", "likes_count": 0, "replies_count": 0, "retweets_count": 0, "hashtags": ["hsdschoolboard"]}
