{"id": 1055247503841509379, "date": "2018-10-24", "time": "19:59:45", "tweet": "@MidwestHedgie An auto manufacturer cutting GM by 17% in 1 quarter, is like going on a diet for a week and claiming to have lost 17% of your body weight.  Doing it while commodity and other input costs are going up across the market is like making the same claim while eating a chocolate cake.", "likes_count": 9, "replies_count": 1, "retweets_count": 0, "hashtags": []}
{"id": 1055247502927114241, "date": "2018-10-24", "time": "19:59:44", "tweet": "@SirCumsalot71 @marceelias @ACLU Thanks for your input, Cums. Please share with me your other valuable opinions on who should and shouldn't vote.", "likes_count": 1, "replies_count": 0, "retweets_count": 0, "hashtags": []}
{"id": 1055247162945105920, "date": "2018-10-24", "time": "19:58:23", "tweet": "@SeanBeeson i'm curious, when composing music for video games, is there a unique lingo used for different types of cues/cuts/stings/fx etc. that are different from what is used in tv/film? i'd love to have your input.", "likes_count": 0, "replies_count": 0, "retweets_count": 0, "hashtags": []}
{"id": 1055247057643028480, "date": "2018-10-24", "time": "19:57:58", "tweet": "@gregweatherdon @RSMorrison @THINK_Lyndon @Jade_A_Consult @GDM456 @BrainBlenderTec Great info is right! Thanks for all your valuable input Greg! #SBSchat", "likes_count": 2, "replies_count": 0, "retweets_count": 2, "hashtags": ["sbschat"]}
{"id": 1055246923127492613, "date": "2018-10-24", "time": "19:57:26", "tweet": "@HitBox_Sora Feels like the kind of game where setups and tech rule over everything. It wouldn't feel as bad if the defensive options were better (GI is meterless and covers all options, but the input handling makes it hardly ever come out, or come out delayed). I can't really play neutral...", "likes_count": 0, "replies_count": 1, "retweets_count": 0, "hashtags": []}
{"id": 1055246635226333190, "date": "2018-10-24", "time": "19:56:18", "tweet": "@PixelatedAngelz didn’t start nothing, your input with saying your opinion about someone started it", "likes_count": 0, "replies_count": 0, "retweets_count": 0, "hashtags": []}
{"id": 1055246605840863232, "date": "2018-10-24", "time": "19:56:11", "tweet": "@kalm004 @awscloud Yup, agreed. We have a PR to update the documentation to outline how to use an input parameter and will merge it shortly:  https://t.co/524eGsKdXI", "likes_count": 2, "replies_count": 0, "retweets_count": 0, "hashtags": []}
{"id": 1055246599276781568, "date": "2018-10-24", "time": "19:56:09", "tweet": "@Fallout I'm actually really upset about these limited play sessions. I just pre ordered fallout 76 expecting to go home and try the beta only to learn now I have to wait 3 days because I missed the first session. The sessions should be every day to maximiz input from the people.", "likes_count": 0, "replies_count": 0, "retweets_count": 0, "hashtags": []}
{"id": 1055246522416283648, "date": "2018-10-24", "time": "19:55:51", "tweet": "@UofTBlockchain @VitalikButerin Thanks for the input :)", "likes_count": 0, "replies_count": 0, "retweets_count": 0, "hashtags": []}
{"id": 1055246508294111232, "date": "2018-10-24", "time": "19:55:47", "tweet": "@billmaher We should not give military grade arms to Saudi government or Israel. We need to stop being the gun factory.  Focus on moving towards advanced robotics, green energy and new methods of construction with the advanced robotics. I see huge robots able to build with human input.", "likes_count": 0, "replies_count": 0, "retweets_count": 0, "hashtags": []}
{"id": 1055246368992870401, "date": "2018-10-24", "time": "19:55:14", "tweet": "Hi Twitter, I need your input!   In your opinion, what are some “headline events” (widely known and/or impactful events, good or bad) that have occurred over the last 25 years?", "likes_count": 0, "replies_count": 2, "retweets_count": 0, "hashtags": []}
{"id": 1055246268954537984, "date": "2018-10-24", "time": "19:54:50", "tweet": "@EXT0PD0LL Input delay reduction.", "likes_count": 0, "replies_count": 0, "retweets_count": 0, "hashtags": []}
{"id": 1055246214881366016, "date": "2018-10-24", "time": "19:54:37", "tweet": "@charles_hancock @SirSocks I support the UK. But we will be subject to rules/standards (international or other countries) when we trade with them post-brexit, as mid-size power we will have little if any say. Our trade terms will be made in Beijing, DC, Brussels without our input.", "likes_count": 0, "replies_count": 0, "retweets_count": 0, "hashtags": []}
{"id": 1055246083708739584, "date": "2018-10-24", "time": "19:54:06", "tweet": "Exchange 2500 Points for $15 Paypal Cash or Amazon, GooglePlay, iTunes or Other Gift Cards. Please Input My Invitation Code dqsssfaa after installation, and you will get an extra 70 Credits From Me! You can Download it from Google Play here   https://t.co/jgK4xHt9tu", "likes_count": 0, "replies_count": 0, "retweets_count": 0, "hashtags": []}
{"id": 1055246026481848320, "date": "2018-10-24", "time": "19:53:52", "tweet": "STOK READY DAN STOK BERJALAN. (BUKAN BARANG PO) Chat untuk stok WA 08979527289  BARANG DIKIRIM 1-2HARI KERJA. (senin-jumat)  INPUT RESI H+3 SETELAH PENGIRIMAN.  KAMI BUTUH WAKTU INPUT…  https://t.co/M7SpEIdIiY", "likes_count": 0, "replies_count": 0, "retweets_count": 0, "hashtags": []}
{"id": 1055245874274725888, "date": "2018-10-24", "time": "19:53:16", "tweet": "Could not be more proud of these 3.  Great presentation from Scott and Justin and of course Cheryl had wonderful input during D291 Lead In. @Paul_Haitsch @geraldrmullins @dlynam_lynam  https://t.co/jCB8eXouDm", "likes_count": 22, "replies_count": 1, "retweets_count": 2, "hashtags": []}
{"id": 1055245705135185921, "date": "2018-10-24", "time": "19:52:36", "tweet": "Looking for input  https://t.co/eJzFZiZiHs", "likes_count": 0, "replies_count": 0, "retweets_count": 0, "hashtags": []}
{"id": 1055245690870345730, "date": "2018-10-24", "time": "19:52:32", "tweet": "@shaneschick And we need the audience input!", "likes_count": 0, "replies_count": 0, "retweets_count": 0, "hashtags": []}
{"id": 1055245668728619008, "date": "2018-10-24", "time": "19:52:27", "tweet": "Nice having an svideo input again.  https://t.co/DqPhidS7qs", "likes_count": 0, "replies_count": 0, "retweets_count": 0, "hashtags": []}
{"id": 1055245641637617670, "date": "2018-10-24", "time": "19:52:21", "tweet": "@AudreyKitching And we are very grateful for your input, wisdom and love. Thank you so much for all that you share!", "likes_count": 0, "replies_count": 0, "retweets_count": 0, "hashtags": []}
{"id": 1055247503841509379, "date": "2018-10-24", "time": "19:59:45", "tweet": "@MidwestHedgie An auto manufacturer cutting GM by 17% in 1 quarter, is like going on a diet for a week and claiming to have lost 17% of your body weight.  Doing it while commodity and other input costs are going up across the market is like making the same claim while eating a chocolate cake.", "likes_count": 9, "replies_count": 1, "retweets_count": 0, "hashtags": []}
{"id": 1055247502927114241, "date": "2018-10-24", "time": "19:59:44", "tweet": "@SirCumsalot71 @marceelias @ACLU Thanks for your input, Cums. Please share with me your other valuable opinions on who should and shouldn't vote.", "likes_count": 1, "replies_count": 0, "retweets_count": 0, "hashtags": []}
{"id": 1055247162945105920, "date": "2018-10-24", "time": "19:58:23", "tweet": "@SeanBeeson i'm curious, when composing music for video games, is there a unique lingo used for different types of cues/cuts/stings/fx etc. that are different from what is used in tv/film? i'd love to have your input.", "likes_count": 0, "replies_count": 0, "retweets_count": 0, "hashtags": []}
{"id": 1055247057643028480, "date": "2018-10-24", "time": "19:57:58", "tweet": "@gregweatherdon @RSMorrison @THINK_Lyndon @Jade_A_Consult @GDM456 @BrainBlenderTec Great info is right! Thanks for all your valuable input Greg! #SBSchat", "likes_count": 2, "replies_count": 0, "retweets_count": 2, "hashtags": ["sbschat"]}
{"id": 1055246923127492613, "date": "2018-10-24", "time": "19:57:26", "tweet": "@HitBox_Sora Feels like the kind of game where setups and tech rule over everything. It wouldn't feel as bad if the defensive options were better (GI is meterless and covers all options, but the input handling makes it hardly ever come out, or come out delayed). I can't really play neutral...", "likes_count": 0, "replies_count": 1, "retweets_count": 0, "hashtags": []}
{"id": 1055246635226333190, "date": "2018-10-24", "time": "19:56:18", "tweet": "@PixelatedAngelz didn’t start nothing, your input with saying your opinion about someone started it", "likes_count": 0, "replies_count": 0, "retweets_count": 0, "hashtags": []}
{"id": 1055246605840863232, "date": "2018-10-24", "time": "19:56:11", "tweet": "@kalm004 @awscloud Yup, agreed. We have a PR to update the documentation to outline how to use an input parameter and will merge it shortly:  https://t.co/524eGsKdXI", "likes_count": 2, "replies_count": 0, "retweets_count": 0, "hashtags": []}
{"id": 1055246599276781568, "date": "2018-10-24", "time": "19:56:09", "tweet": "@Fallout I'm actually really upset about these limited play sessions. I just pre ordered fallout 76 expecting to go home and try the beta only to learn now I have to wait 3 days because I missed the first session. The sessions should be every day to maximiz input from the people.", "likes_count": 0, "replies_count": 0, "retweets_count": 0, "hashtags": []}
{"id": 1055246522416283648, "date": "2018-10-24", "time": "19:55:51", "tweet": "@UofTBlockchain @VitalikButerin Thanks for the input :)", "likes_count": 0, "replies_count": 0, "retweets_count": 0, "hashtags": []}
{"id": 1055246508294111232, "date": "2018-10-24", "time": "19:55:47", "tweet": "@billmaher We should not give military grade arms to Saudi government or Israel. We need to stop being the gun factory.  Focus on moving towards advanced robotics, green energy and new methods of construction with the advanced robotics. I see huge robots able to build with human input.", "likes_count": 0, "replies_count": 0, "retweets_count": 0, "hashtags": []}
{"id": 1055246368992870401, "date": "2018-10-24", "time": "19:55:14", "tweet": "Hi Twitter, I need your input!   In your opinion, what are some “headline events” (widely known and/or impactful events, good or bad) that have occurred over the last 25 years?", "likes_count": 0, "replies_count": 2, "retweets_count": 0, "hashtags": []}
{"id": 1055246268954537984, "date": "2018-10-24", "time": "19:54:50", "tweet": "@EXT0PD0LL Input delay reduction.", "likes_count": 0, "replies_count": 0, "retweets_count": 0, "hashtags": []}
{"id": 1055246214881366016, "date": "2018-10-24", "time": "19:54:37", "tweet": "@charles_hancock @SirSocks I support the UK. But we will be subject to rules/standards (international or other countries) when we trade with them post-brexit, as mid-size power we will have little if any say. Our trade terms will be made in Beijing, DC, Brussels without our input.", "likes_count": 0, "replies_count": 0, "retweets_count": 0, "hashtags": []}
{"id": 1055246083708739584, "date": "2018-10-24", "time": "19:54:06", "tweet": "Exchange 2500 Points for $15 Paypal Cash or Amazon, GooglePlay, iTunes or Other Gift Cards. Please Input My Invitation Code dqsssfaa after installation, and you will get an extra 70 Credits From Me! You can Download it from Google Play here   https://t.co/jgK4xHt9tu", "likes_count": 0, "replies_count": 0, "retweets_count": 0, "hashtags": []}
{"id": 1055246026481848320, "date": "2018-10-24", "time": "19:53:52", "tweet": "STOK READY DAN STOK BERJALAN. (BUKAN BARANG PO) Chat untuk stok WA 08979527289  BARANG DIKIRIM 1-2HARI KERJA. (senin-jumat)  INPUT RESI H+3 SETELAH PENGIRIMAN.  KAMI BUTUH WAKTU INPUT…  https://t.co/M7SpEIdIiY", "likes_count": 0, "replies_count": 0, "retweets_count": 0, "hashtags": []}
{"id": 1055245874274725888, "date": "2018-10-24", "time": "19:53:16", "tweet": "Could not be more proud of these 3.  Great presentation from Scott and Justin and of course Cheryl had wonderful input during D291 Lead In. @Paul_Haitsch @geraldrmullins @dlynam_lynam  https://t.co/jCB8eXouDm", "likes_count": 22, "replies_count": 1, "retweets_count": 2, "hashtags": []}
{"id": 1055245705135185921, "date": "2018-10-24", "time": "19:52:36", "tweet": "Looking for input  https://t.co/eJzFZiZiHs", "likes_count": 0, "replies_count": 0, "retweets_count": 0, "hashtags": []}
{"id": 1055245690870345730, "date": "2018-10-24", "time": "19:52:32", "tweet": "@shaneschick And we need the audience input!", "likes_count": 0, "replies_count": 0, "retweets_count": 0, "hashtags": []}
{"id": 1055245668728619008, "date": "2018-10-24", "time": "19:52:27", "tweet": "Nice having an svideo input again.  https://t.co/DqPhidS7qs", "likes_count": 0, "replies_count": 0, "retweets_count": 0, "hashtags": []}
{"id": 1055245641637617670, "date": "2018-10-24", "time": "19:52:21", "tweet": "@AudreyKitching And we are very grateful for your input, wisdom and love. Thank you so much for all that you share!", "likes_count": 0, "replies_count": 0, "retweets_count": 0, "hashtags": []}
