{"id": 1055609934719672321, "date": "2018-10-25", "time": "19:59:55", "tweet": "Money Cube - An APP which will help you get MONEY for free. Input my invite code ❤8645B❤ after installation, and you will get 1000 Clicks. Download link:  https://t.co/5XD5m4ImVh  https://t.co/XqUcg55otM", "likes_count": 0, "replies_count": 0, "retweets_count": 0, "hashtags": []}
{"id": 1055609924238098435, "date": "2018-10-25", "time": "19:59:52", "tweet": "Tampa Area Builder Friends, please share this: For those of you who couldn’t attend the Professional Women in Building event earlier this week, we still wanted an opportunity to hear from you to get your valuable input on whether t… https://t.co/nTb2OJsx7G  https://t.co/ekSjnZ1YVF", "likes_count": 0, "replies_count": 0, "retweets_count": 0, "hashtags": []}
{"id": 1055609672571342848, "date": "2018-10-25", "time": "19:58:52", "tweet": "Seriously tho I can’t believe that it’s getting so close to the end!! I have honestly loved this game so much!! Everyone out there that wants input on the future of #TheArcanaGame better do this suevey!!", "likes_count": 1, "replies_count": 0, "retweets_count": 0, "hashtags": ["thearcanagame"]}
{"id": 1055609583790710784, "date": "2018-10-25", "time": "19:58:31", "tweet": "@Tinaleigh777 You're OK with the Chiefs and Arrowhead but not someone dressing up like Michael Jackson on Halloween. Thanks for your input Chief", "likes_count": 0, "replies_count": 0, "retweets_count": 0, "hashtags": []}
{"id": 1055609511300481025, "date": "2018-10-25", "time": "19:58:14", "tweet": "@sleevedraw is it like you have to input a lot of data? if you set up commissions with google forms, i think it can add in the data into a sheet for you?", "likes_count": 0, "replies_count": 0, "retweets_count": 0, "hashtags": []}
{"id": 1055609496272334849, "date": "2018-10-25", "time": "19:58:10", "tweet": " https://t.co/8mvvBpvAlL  The decision has been made! Thanks for your input  From Black Cat Collective Tattoo and Piercing Perkasie  https://t.co/kHlWEKpKLA  https://t.co/wyey5IdmM3", "likes_count": 0, "replies_count": 0, "retweets_count": 0, "hashtags": []}
{"id": 1055609217929830400, "date": "2018-10-25", "time": "19:57:04", "tweet": "@Catchtwo2 Appreciate your input", "likes_count": 0, "replies_count": 0, "retweets_count": 0, "hashtags": []}
{"id": 1055609138884104194, "date": "2018-10-25", "time": "19:56:45", "tweet": "Oop, think I found something.  Thank you guys for the input, though!", "likes_count": 8, "replies_count": 1, "retweets_count": 0, "hashtags": []}
{"id": 1055609000794836992, "date": "2018-10-25", "time": "19:56:12", "tweet": "@CorrieB Hey Corey &amp; #futurefocused learners. Yup big questions, but also liberating. So good to help students know the skills 2 invent their OWN futures 🙌🏼😊 &gt; love people’s input on framework too (latest version here  https://t.co/4kf2SbX9cp) AND do they want to help w' student version?!", "likes_count": 0, "replies_count": 1, "retweets_count": 0, "hashtags": ["futurefocused"]}
{"id": 1055608757764337665, "date": "2018-10-25", "time": "19:55:14", "tweet": "when did everyone decide to be alex jones and was it a close vote because i have some input", "likes_count": 5, "replies_count": 1, "retweets_count": 0, "hashtags": []}
{"id": 1055608630190452736, "date": "2018-10-25", "time": "19:54:44", "tweet": "@Tam__Jardine @RosefieldMills We are doing the same event the following day in Galashiels - perhaps a chance to try the new Borders railway? ;)  but really appreciate your input so if you can’t make meetings email ideas to Amanda@sra.scot :)", "likes_count": 1, "replies_count": 1, "retweets_count": 0, "hashtags": []}
{"id": 1055608547302653957, "date": "2018-10-25", "time": "19:54:24", "tweet": "STOK READY DAN STOK BERJALAN. (BUKAN BARANG PO) Chat untuk stok WA 08979527289  BARANG DIKIRIM 1-2HARI KERJA. (senin-jumat)  INPUT RESI H+3 SETELAH PENGIRIMAN.  KAMI BUTUH WAKTU INPUT…  https://t.co/bLpjOvnrxB", "likes_count": 0, "replies_count": 0, "retweets_count": 0, "hashtags": []}
{"id": 1055608534396817408, "date": "2018-10-25", "time": "19:54:21", "tweet": "@jodyheavener Probably the cable. Try another? Otherwise grounding issues in the guitar or input jack on the audio interface.", "likes_count": 0, "replies_count": 1, "retweets_count": 0, "hashtags": []}
{"id": 1055608329203040256, "date": "2018-10-25", "time": "19:53:32", "tweet": "@ExtremeGamer I appreciate the input!", "likes_count": 0, "replies_count": 1, "retweets_count": 0, "hashtags": []}
{"id": 1055608291965968385, "date": "2018-10-25", "time": "19:53:23", "tweet": "Anyone have input on whole 30?", "likes_count": 0, "replies_count": 1, "retweets_count": 0, "hashtags": []}
{"id": 1055608147375665152, "date": "2018-10-25", "time": "19:52:49", "tweet": "@susiesmom63 @CNNPR It's always been that way (Mark Twain, Will Rogers, etc.) The viewer decides whether to listen to just the news, to just the commentary, or to both. Who are you to tell others that they should not give input?", "likes_count": 1, "replies_count": 0, "retweets_count": 0, "hashtags": []}
{"id": 1055608109639573506, "date": "2018-10-25", "time": "19:52:40", "tweet": "Berkeley Tower tenants (1770 Davie) appeal for urgent action to prevent renoviction: Oct 29 (Mon) deadline for public input  https://t.co/ILRWDER77J", "likes_count": 0, "replies_count": 0, "retweets_count": 0, "hashtags": []}
{"id": 1055607991980998657, "date": "2018-10-25", "time": "19:52:12", "tweet": "@YsahKH Funny, but a lot of that is aimed at myself and I suddenly have a feeling I may have to input some work into one of my daughters because she’s very similar to me in that way!", "likes_count": 0, "replies_count": 0, "retweets_count": 0, "hashtags": []}
{"id": 1055607980496809984, "date": "2018-10-25", "time": "19:52:09", "tweet": "@TPhillips_DPT @OneGun45 @drivelinebases Gotcha. Thanks for your input Terry! @TPhillips_DPT", "likes_count": 1, "replies_count": 1, "retweets_count": 0, "hashtags": []}
{"id": 1055607971290394624, "date": "2018-10-25", "time": "19:52:07", "tweet": "Yes, I do remember too, Dr @imokman .  I trust differences in opinion is healthy... help to generate the much needed value-added input.  Your speech was succinctly delivered. 👍  Once again,  congrats YB.", "likes_count": 0, "replies_count": 0, "retweets_count": 0, "hashtags": []}
