{"id": 1060683273729437698, "date": "2018-11-08", "time": "18:59:33", "tweet": "When flakey people start trying to make am input about the plans at hand  https://t.co/p80aub10u0", "likes_count": 2, "replies_count": 0, "retweets_count": 0, "hashtags": []}
{"id": 1060683249209360384, "date": "2018-11-08", "time": "18:59:27", "tweet": "PG points received. Download PhotoGrid and input my invite code to get more!  https://t.co/eC1p4Ock1u", "likes_count": 0, "replies_count": 0, "retweets_count": 0, "hashtags": []}
{"id": 1060683170981515269, "date": "2018-11-08", "time": "18:59:09", "tweet": "New Sealed Siemens 6ES7331-7KF02-0AB0 Pkg 2016 6ES7 331-7KF02-0AB0 SM 331 Input  https://t.co/sJgebrf0Nt", "likes_count": 0, "replies_count": 0, "retweets_count": 0, "hashtags": []}
{"id": 1060683150886649858, "date": "2018-11-08", "time": "18:59:04", "tweet": "Thanks, @accessnow and @astepanovich especially for letting me come nerd out and write about #AI and #humanrights. Also shout out to @dmmitnick and @NathanielDWhite for given excellent input and being great sounding boards. 🙏", "likes_count": 5, "replies_count": 0, "retweets_count": 1, "hashtags": ["ai", "humanrights"]}
{"id": 1060683149766729728, "date": "2018-11-08", "time": "18:59:04", "tweet": "@The_Artless_ Thank youf or the input!", "likes_count": 1, "replies_count": 0, "retweets_count": 0, "hashtags": []}
{"id": 1060683107655794690, "date": "2018-11-08", "time": "18:58:54", "tweet": "@DaveMilbo TwoTubes is the new system for gamers, by gamers. Just like a computer, you have both an input and an output. TwoTubes allows you to network your body to a system which takes care of your every need. Just hook yourself up at either end, get comfy, and start your favourite game.", "likes_count": 1, "replies_count": 1, "retweets_count": 0, "hashtags": []}
{"id": 1060683093764321280, "date": "2018-11-08", "time": "18:58:50", "tweet": "I've provided my input, but the Jepunis think they know better. Keep asking to do things that definitely won't work, and don't want to do things that work but cost money. I'm sick and tired of this nonsense!", "likes_count": 0, "replies_count": 0, "retweets_count": 0, "hashtags": []}
{"id": 1060683092040601600, "date": "2018-11-08", "time": "18:58:50", "tweet": "Only today have all of my conversations started with “I just did a thing and I need your input on if it was the right thing knowing that it’s too late and I already did it.”", "likes_count": 2, "replies_count": 0, "retweets_count": 0, "hashtags": []}
{"id": 1060682911828099072, "date": "2018-11-08", "time": "18:58:07", "tweet": "@WickyNilliams Yeah, perhaps a more built-in alternative to input=\"color\"!", "likes_count": 0, "replies_count": 0, "retweets_count": 0, "hashtags": []}
{"id": 1060682688816795648, "date": "2018-11-08", "time": "18:57:14", "tweet": "@mariokart Believe me. I'm disappointed with myself. The frame rate is all over the place and even when it is at a solid 30fps the input lag feels like its running at 15fps. It's a joke. I hope the ps4 version is better but I'm waiting to see what digital foundry says. Not holding my breath", "likes_count": 0, "replies_count": 0, "retweets_count": 0, "hashtags": []}
{"id": 1060682673004265472, "date": "2018-11-08", "time": "18:57:10", "tweet": "@OwnTheFloat Thanks for your input on US plays but I kinda got my hands full with the Cannucks. It's all I can do to keep track of them 🤓", "likes_count": 1, "replies_count": 1, "retweets_count": 0, "hashtags": []}
{"id": 1060682645359616001, "date": "2018-11-08", "time": "18:57:03", "tweet": "I hate it so much when I greet people on drive through and they just say nothing while they decide what they want. A simple \"just one sec\" is all I need but they treat me like a machine waiting for their input rather than a person who has other shit to do", "likes_count": 0, "replies_count": 0, "retweets_count": 0, "hashtags": []}
{"id": 1060682607711698944, "date": "2018-11-08", "time": "18:56:54", "tweet": "I asked @tribelaw this question but no reply... Anybody have input?  If a court found serious irregularities in the Georgia elections, and/or evidence of widespread vote rigging/voter suppression, does the Constitution allow for an invalidation, with a new election to be held?", "likes_count": 1, "replies_count": 0, "retweets_count": 1, "hashtags": []}
{"id": 1060682580993957888, "date": "2018-11-08", "time": "18:56:48", "tweet": "Great input from Steve Miller from @PRCA_UK on the benefits of membership via an interpretive performance of Sweet Caroline in #apcommoke. @apcomm999 #apcom #APComm18 #apcomm2018  https://t.co/CvEesnNWP6", "likes_count": 2, "replies_count": 1, "retweets_count": 0, "hashtags": ["apcommoke", "apcom", "apcomm18", "apcomm2018"]}
{"id": 1060682561758920706, "date": "2018-11-08", "time": "18:56:43", "tweet": "*NEW INVENTORY* 2011 Chevrolet Traverse FWD LS 50,221 Miles $12,995  Comes equipped with Cloth Interior, AM FM CD Player, Aux Input, XM Satellite Radio, Third Row Seating, Automatic Headlamps, On Star,...  https://t.co/jbuHUTGaiI", "likes_count": 0, "replies_count": 0, "retweets_count": 0, "hashtags": []}
{"id": 1060682546135089153, "date": "2018-11-08", "time": "18:56:40", "tweet": "@enjoySomethings Danke, David, es ist schon wieder ok. Zuviel Input heute. Ich hoffe dass es dir auch besser geht. ❤️", "likes_count": 3, "replies_count": 1, "retweets_count": 0, "hashtags": []}
{"id": 1060682384788545536, "date": "2018-11-08", "time": "18:56:01", "tweet": "Both activities are output signals for angle input signals.", "likes_count": 0, "replies_count": 0, "retweets_count": 0, "hashtags": []}
{"id": 1060682200683868161, "date": "2018-11-08", "time": "18:55:17", "tweet": "@CinciExplorer @CallitaSwanson Stay out of this Brigger. 😂 (but I do appreciate the input)", "likes_count": 1, "replies_count": 0, "retweets_count": 0, "hashtags": []}
{"id": 1060682139619024897, "date": "2018-11-08", "time": "18:55:03", "tweet": "@veautifulnight Omgg yes the camera! My aunt has it and I took those pics of me in the blue dress (if you rmb LOL) on it and I was shooook 😂 I'm looking at Koodo rn and the price seems okay but I'll do more research hehe thank u for ur input!! &lt;3", "likes_count": 0, "replies_count": 0, "retweets_count": 0, "hashtags": []}
{"id": 1060682093993308160, "date": "2018-11-08", "time": "18:54:52", "tweet": "@bbcquestiontime @lucyfrown @jordanbpeterson Good input from Peterson. The haters must be a bit confused", "likes_count": 6, "replies_count": 0, "retweets_count": 0, "hashtags": []}
