{"id": 1059958546379399168, "date": "2018-11-06", "time": "18:59:45", "tweet": "@LexxBabess_ @Jehsee182 yes. its called freedom of speech. just as you are doing now. thanks for your input, its been valued and appreciated🙌🏽", "likes_count": 0, "replies_count": 0, "retweets_count": 0, "hashtags": []}
{"id": 1059958443350454272, "date": "2018-11-06", "time": "18:59:20", "tweet": "@_Spenjo_ @Wasspix2 @FollDrops @DrKirby322 @Stonepa11 you right, i just wanted to give my input.", "likes_count": 0, "replies_count": 1, "retweets_count": 0, "hashtags": []}
{"id": 1059958434869710849, "date": "2018-11-06", "time": "18:59:18", "tweet": "I'm playing games on iCashApp and it's so much fun! You can earn money as well playing game. Download it, input the refer code HU3DSR7 get free 5USD. #iCash  https://t.co/Q2rfmqaXav", "likes_count": 0, "replies_count": 0, "retweets_count": 0, "hashtags": ["icash"]}
{"id": 1059958420781125632, "date": "2018-11-06", "time": "18:59:15", "tweet": "\"As a responsible citizen of the United States, it's my duty to give my input about the influence of the leadership of our nation.\"  - Colten Moss, senior in Finance  #ILLelect  https://t.co/YihCfshEnN", "likes_count": 0, "replies_count": 0, "retweets_count": 0, "hashtags": ["illelect"]}
{"id": 1059958367144304641, "date": "2018-11-06", "time": "18:59:02", "tweet": "@Norizgroove コイツら何者ですか？？", "likes_count": 0, "replies_count": 1, "retweets_count": 0, "hashtags": []}
{"id": 1059958318880485377, "date": "2018-11-06", "time": "18:58:50", "tweet": "((Consider I see a lot of commotion about them already placing their votes in, I already input my votes in but I am still out and about.  I don't thinnk I will make it home till late at night so, responses tomorrow if muse strikes!", "likes_count": 4, "replies_count": 0, "retweets_count": 0, "hashtags": []}
{"id": 1059958166899884032, "date": "2018-11-06", "time": "18:58:14", "tweet": "your input was the most valuable, @JoanneKenen !", "likes_count": 5, "replies_count": 0, "retweets_count": 1, "hashtags": []}
{"id": 1059958120942837760, "date": "2018-11-06", "time": "18:58:03", "tweet": "NEED READER INPUT  https://t.co/9lRipwRlVV", "likes_count": 0, "replies_count": 0, "retweets_count": 0, "hashtags": []}
{"id": 1059958036079538176, "date": "2018-11-06", "time": "18:57:43", "tweet": "@InPut_Bancho ヒゲちゃうわ！", "likes_count": 0, "replies_count": 1, "retweets_count": 0, "hashtags": []}
{"id": 1059957739101794306, "date": "2018-11-06", "time": "18:56:32", "tweet": "@Norizgroove ヒゲちゃんと剃りましょうね！！", "likes_count": 0, "replies_count": 1, "retweets_count": 0, "hashtags": []}
{"id": 1059957731480756225, "date": "2018-11-06", "time": "18:56:30", "tweet": "And for summer I want like a whole Friday the 13th 70/80’s camp counselor/B movie horror film slasher starlet lookbook (I’m doing it regardless of the votes but I like input)", "likes_count": 0, "replies_count": 0, "retweets_count": 0, "hashtags": []}
{"id": 1059957708563144704, "date": "2018-11-06", "time": "18:56:25", "tweet": "@jesusvr_ Our roads are awful, public transportation needs more funding so less people use the freeway and bridges are essential. Am I wrong? Or what’s your input?", "likes_count": 0, "replies_count": 0, "retweets_count": 0, "hashtags": []}
{"id": 1059957681224671234, "date": "2018-11-06", "time": "18:56:18", "tweet": "@boniaopsi Baik, untuk HDMI apakah sudah dipastikan terhubung dengan kencang dan pilihan input sudah sesuai dipilih HDMI di TV? Thanks :) ^dru", "likes_count": 0, "replies_count": 1, "retweets_count": 0, "hashtags": []}
{"id": 1059957593521770498, "date": "2018-11-06", "time": "18:55:58", "tweet": "ここ最近、20-30年の出来事じゃないかと？？  凄い人沢山見るけど、デミリットしかないのかほとんど発信してないなぁと。発信されて評価される世の中になって欲しく", "likes_count": 0, "replies_count": 0, "retweets_count": 0, "hashtags": []}
{"id": 1059957588689870850, "date": "2018-11-06", "time": "18:55:56", "tweet": "Looking for some crowdsourced input from my #HITMC tribe. What has been your experience (pro or con) w/ reg. required white papers for lead gen? Demonstrating ROI of content marketing? What is your preferred distribution method? Thanks! #InquiringMinds  https://t.co/oA0ToQfIcs", "likes_count": 1, "replies_count": 1, "retweets_count": 0, "hashtags": ["hitmc", "inquiringminds"]}
{"id": 1059957571212242945, "date": "2018-11-06", "time": "18:55:52", "tweet": "@coachmac24 I think it's ridiculous when employees don't get an input on a direct supervisors evaluation when said supervisor is required to know day to day duties his/her underlings and doesn't.", "likes_count": 1, "replies_count": 1, "retweets_count": 0, "hashtags": []}
{"id": 1059957554082652161, "date": "2018-11-06", "time": "18:55:48", "tweet": "@kash_tz Well you got a whole lot of input this evening with my tweets 🙃", "likes_count": 0, "replies_count": 1, "retweets_count": 0, "hashtags": []}
{"id": 1059957525615804416, "date": "2018-11-06", "time": "18:55:41", "tweet": "感性のinputを増やすアタッチメントはどこで売ってますか!!!!", "likes_count": 1, "replies_count": 0, "retweets_count": 0, "hashtags": []}
{"id": 1059957516090642432, "date": "2018-11-06", "time": "18:55:39", "tweet": "We are listening . Any suggestions how ? How about inmate input ? Worker input ? How peoples  life's were destroyed . Lots of data there who will expose it ??", "likes_count": 0, "replies_count": 0, "retweets_count": 0, "hashtags": []}
{"id": 1059957465352204288, "date": "2018-11-06", "time": "18:55:27", "tweet": "Another great night with tonbridge @KentVPC. Really fantastic input from CID showing the cadets what @kent_police control strategy looks like and how we all work hard to fight crime in Kent. Fantastic marching skills too 🙌 #999family #TonbridgeVPC", "likes_count": 2, "replies_count": 0, "retweets_count": 0, "hashtags": ["999family", "tonbridgevpc"]}
{"id": 1059957417746817024, "date": "2018-11-06", "time": "18:55:16", "tweet": "@Fitz_FF As always thanks for your input Fitz!", "likes_count": 1, "replies_count": 1, "retweets_count": 0, "hashtags": []}
{"id": 1059957274276491264, "date": "2018-11-06", "time": "18:54:41", "tweet": "I hate when people ask me to give my input but then argue with me about a suggestion. What was the point of asking then?", "likes_count": 0, "replies_count": 0, "retweets_count": 0, "hashtags": []}
{"id": 1059957257117536257, "date": "2018-11-06", "time": "18:54:37", "tweet": "SECOND PSA: The instant media reaction to results is important, but just one input. The real “meaning” of the election comes from how political actors, elected and unelected, behave in response to it. That’s a public sphere alchemy much more complicated.   https://t.co/d6hJXMUkWp", "likes_count": 4, "replies_count": 0, "retweets_count": 0, "hashtags": []}
{"id": 1059957254139465729, "date": "2018-11-06", "time": "18:54:37", "tweet": "Kids you can #SayHowYouPlay too and have your input captured in the parks, recreation and culture master plan.  Check out our YouthVoice app or draw us a colorful picture!  @Spark_Niagara #LincolnON  https://t.co/nRu8XylGep", "likes_count": 1, "replies_count": 0, "retweets_count": 0, "hashtags": ["sayhowyouplay", "lincolnon"]}
{"id": 1059957163416805376, "date": "2018-11-06", "time": "18:54:15", "tweet": "@andywightman @ReviveCoalition A team effort, Andy, with input &amp; advice from many others, too, working quietly behind the scenes.", "likes_count": 6, "replies_count": 0, "retweets_count": 0, "hashtags": []}
{"id": 1059957155397197824, "date": "2018-11-06", "time": "18:54:13", "tweet": "出る杭打たれる文化、僻む文化はあまりなかったように感じる。物心ついた頃の著名人はみな結果出した人達だった気がする。多分そいつらがクソすぎたんでしょうね。僻み、嫉妬、出る杭打つ  いや、なんで成功者が発信しやすい世の中になってないんだと思って。昔は違ったような…と", "likes_count": 0, "replies_count": 1, "retweets_count": 0, "hashtags": []}
{"id": 1059957114561589249, "date": "2018-11-06", "time": "18:54:03", "tweet": "@cnchlw Appreciate your input. I stand by my statement", "likes_count": 0, "replies_count": 0, "retweets_count": 0, "hashtags": []}
{"id": 1059957071926317061, "date": "2018-11-06", "time": "18:53:53", "tweet": "@Invernessbrian Thanks for your erudite input. Nobody knows, least of all the SNP, what the outcome might be. It won’t be any worse than an independent Scotland car crash led by inadequate xenophobes.", "likes_count": 1, "replies_count": 1, "retweets_count": 0, "hashtags": []}
{"id": 1059957038464278531, "date": "2018-11-06", "time": "18:53:45", "tweet": "NCGOP subjected to negotiating with Democratic Party input?....  The horror!😲😲😲", "likes_count": 0, "replies_count": 1, "retweets_count": 0, "hashtags": []}
{"id": 1059956886580158466, "date": "2018-11-06", "time": "18:53:09", "tweet": "The CBCE is asking for Stakeholder input as it relates to Rule 15. The next Stakeholder meeting will be Wednesday, November 14th from 11:00 am - 1:00pm at Civic Center Plaza, 1560 Broadway, Conference Room 1250B,...  https://t.co/49cL6UKT5Z", "likes_count": 0, "replies_count": 0, "retweets_count": 0, "hashtags": []}
{"id": 1059956795375009795, "date": "2018-11-06", "time": "18:52:47", "tweet": "Hey #DECAAdvisor friends, I’m pre planning some topics to speak about at #DECAICDC and DECA Amped in 2019. I want your input on things you would be interested in seeing.", "likes_count": 3, "replies_count": 1, "retweets_count": 0, "hashtags": ["decaadvisor", "decaicdc"]}
{"id": 1059956731277643776, "date": "2018-11-06", "time": "18:52:32", "tweet": "@InPut_Bancho  https://t.co/4KEwkTGPCT", "likes_count": 0, "replies_count": 1, "retweets_count": 0, "hashtags": []}
{"id": 1059956721765023744, "date": "2018-11-06", "time": "18:52:30", "tweet": "! You can earn money as well playing game. Download it, input the refer code LZ8C3EB get free 5USD. #iCash  https://t.co/XI15JXmM8o", "likes_count": 0, "replies_count": 0, "retweets_count": 0, "hashtags": ["icash"]}
{"id": 1059956716404527104, "date": "2018-11-06", "time": "18:52:28", "tweet": "If you know me, you know I love my healthy green smoothies! Been thinking how input affects output. Just like you nourish your body with healthy, clean food, be healthy and clean with your finances and reap the rewards! Focus on being in the state of love and gratitude for your $  https://t.co/mLMw3gJKEq", "likes_count": 7, "replies_count": 0, "retweets_count": 1, "hashtags": []}
{"id": 1059956714039099392, "date": "2018-11-06", "time": "18:52:28", "tweet": "@_bre_thejewel If you need any designer input on the cards, logo, dm us  https://t.co/2OY3vHbhzu", "likes_count": 0, "replies_count": 0, "retweets_count": 0, "hashtags": []}
{"id": 1059956626394939393, "date": "2018-11-06", "time": "18:52:07", "tweet": "@heybeckerj @AzureDevOps Jaco - this is great input, thanks! Would you be willing to jump on a quick (15-/30-minute call) to explore some of these ideas in more detail?", "likes_count": 0, "replies_count": 0, "retweets_count": 0, "hashtags": []}
{"id": 1059956550846971904, "date": "2018-11-06", "time": "18:51:49", "tweet": "@Norizgroove やーい、さなだむしー", "likes_count": 0, "replies_count": 1, "retweets_count": 0, "hashtags": []}
{"id": 1059956543699984390, "date": "2018-11-06", "time": "18:51:47", "tweet": "An opportunity for input #taylorevanseagles", "likes_count": 1, "replies_count": 0, "retweets_count": 0, "hashtags": ["taylorevanseagles"]}
{"id": 1059956496312627200, "date": "2018-11-06", "time": "18:51:36", "tweet": "@PHXAllstar71 @WeAdoreVeronica so what you are rally saying is you have no experience at all in paying deposits, so basically your POV is irrelevant to this discussion?    ok, thanks for yr input", "likes_count": 3, "replies_count": 0, "retweets_count": 0, "hashtags": []}
{"id": 1059956481561227264, "date": "2018-11-06", "time": "18:51:32", "tweet": "@hal555 「ワタシ、ニホンゴ、スコシ、ハナセル」", "likes_count": 0, "replies_count": 0, "retweets_count": 0, "hashtags": []}
{"id": 1059956473483198466, "date": "2018-11-06", "time": "18:51:30", "tweet": "@TheYoungJI Na, you just need to design a controller that will override every single pilot input", "likes_count": 0, "replies_count": 0, "retweets_count": 0, "hashtags": []}
{"id": 1059956295929802753, "date": "2018-11-06", "time": "18:50:48", "tweet": "@hal555 それ、何も申告してませんよね？笑", "likes_count": 0, "replies_count": 3, "retweets_count": 0, "hashtags": []}
{"id": 1059956269568663552, "date": "2018-11-06", "time": "18:50:42", "tweet": "@InPut_Bancho 出身地だから！", "likes_count": 0, "replies_count": 1, "retweets_count": 0, "hashtags": []}
{"id": 1059956212496773123, "date": "2018-11-06", "time": "18:50:28", "tweet": "@BBonblast @lightupvm @arisacox Yes I know, I was just hoping Arisa has some sway to help input what the fans want because Arisa is constantly in touch with the fandom. She is their ambassador after all.", "likes_count": 0, "replies_count": 1, "retweets_count": 0, "hashtags": []}
{"id": 1059956194494820353, "date": "2018-11-06", "time": "18:50:24", "tweet": "You just made my week. I focus on anti-passive aggressiveness in team situations &amp; a more shot-caller centric style with a full team. -ask for input for the team then decide &amp;stick to the plan. 🤩🥴  My pmc playstyle is slow + violence of action  https://t.co/3dO6ggBieh", "likes_count": 1, "replies_count": 0, "retweets_count": 0, "hashtags": []}
{"id": 1059956092837351424, "date": "2018-11-06", "time": "18:50:00", "tweet": "@Norizgroove まず、ミタだと思ってました…サナダムシみたいな名前の街ですね。何故、そこをピックアップされたのですか？", "likes_count": 0, "replies_count": 1, "retweets_count": 0, "hashtags": []}
{"id": 1059955978404270080, "date": "2018-11-06", "time": "18:49:32", "tweet": "@Bhaal_Spawn @SNUKgaming To add, I think whoever handled the port compensated for gamepad use, rather than matching the PC AI.  I didn't feel like my hand was being held or that I was given false superiority, and the level of challenge was maintained.  Dune 2 is a simple game, and they bridged input.", "likes_count": 1, "replies_count": 0, "retweets_count": 0, "hashtags": []}
{"id": 1059955959458492419, "date": "2018-11-06", "time": "18:49:28", "tweet": "なんかiPhone6にかかってきた電話をiPhoneXSでとって通話できたんだけど マジでSIMカード1個で良いのな", "likes_count": 0, "replies_count": 0, "retweets_count": 0, "hashtags": []}
{"id": 1059955940865331200, "date": "2018-11-06", "time": "18:49:23", "tweet": "@Jess2AM I helped with the Input!!! Okay that’s a lie...", "likes_count": 1, "replies_count": 1, "retweets_count": 0, "hashtags": []}
{"id": 1059955906425905152, "date": "2018-11-06", "time": "18:49:15", "tweet": "@SurferDaveMedia @ChickiesTendies Awesome! I will have to check them out and join in on the fun! Thank you for the input 😎", "likes_count": 2, "replies_count": 1, "retweets_count": 0, "hashtags": []}
{"id": 1059955781464920064, "date": "2018-11-06", "time": "18:48:45", "tweet": "@thugIyfe *Honest curiosity* (input here ?) 😂😂", "likes_count": 1, "replies_count": 0, "retweets_count": 0, "hashtags": []}
{"id": 1059955750754123776, "date": "2018-11-06", "time": "18:48:38", "tweet": "I'm playing games on iCashApp and it's so much fun! You can earn money as well playing game. Download it, input the refer code 8KRAS6Z get free 5USD. #iCash  https://t.co/7NYa1mepiS", "likes_count": 0, "replies_count": 0, "retweets_count": 0, "hashtags": ["icash"]}
{"id": 1059955730445426688, "date": "2018-11-06", "time": "18:48:33", "tweet": "I liked a @YouTube video  https://t.co/mKRceHU8jE VJmachine Tutorial Sound Input Sources Setup", "likes_count": 0, "replies_count": 0, "retweets_count": 0, "hashtags": []}
{"id": 1059955724216885248, "date": "2018-11-06", "time": "18:48:32", "tweet": "@IsabelOakeshott I'm sure you'll ignore it albeit hurtful. I miss your input on (the sadly defunct) Sunday Politics as was", "likes_count": 0, "replies_count": 0, "retweets_count": 0, "hashtags": []}
{"id": 1059955655857979392, "date": "2018-11-06", "time": "18:48:16", "tweet": "@InPut_Bancho ちなみに、ホノルル時代は経費とかより毎年日本語の話せる安い税理士を紹介してもらう…というよく分からない確定申告してました。", "likes_count": 0, "replies_count": 1, "retweets_count": 0, "hashtags": []}
{"id": 1059955648270688256, "date": "2018-11-06", "time": "18:48:14", "tweet": "Any added input delay on a device that is wired but can be used as bluetooth?  I was planning on buying a non-display tablet for drawing and testing it out for OSU, I came across the Wacom Intuos Medium With Bluetooth which can be connected using either cable or bluetooth. T…", "likes_count": 0, "replies_count": 0, "retweets_count": 0, "hashtags": []}
{"id": 1059955587256074240, "date": "2018-11-06", "time": "18:47:59", "tweet": "@sleeepyzee @M0rgna this girl literally made one of the dumbest tweets i have ever read like hell yeah bitch thanks for your neurotypical input, i’m fuckin cured from my depression and anxiety. didn’t know it was that easy 🙄", "likes_count": 2, "replies_count": 0, "retweets_count": 0, "hashtags": []}
{"id": 1059955327184048133, "date": "2018-11-06", "time": "18:46:57", "tweet": "@PauliesSleepers It’s all good mein still appreciate the input", "likes_count": 1, "replies_count": 0, "retweets_count": 0, "hashtags": []}
{"id": 1059955294845972481, "date": "2018-11-06", "time": "18:46:49", "tweet": "@KieranOCarroll Thank you for your input Kieran! Thank you for taking initiative! Happy voting!", "likes_count": 0, "replies_count": 0, "retweets_count": 0, "hashtags": []}
{"id": 1059955284360261633, "date": "2018-11-06", "time": "18:46:47", "tweet": "@InPut_Bancho  https://t.co/adn3adfIAi", "likes_count": 0, "replies_count": 0, "retweets_count": 0, "hashtags": []}
{"id": 1059958546379399168, "date": "2018-11-06", "time": "18:59:45", "tweet": "@LexxBabess_ @Jehsee182 yes. its called freedom of speech. just as you are doing now. thanks for your input, its been valued and appreciated🙌🏽", "likes_count": 0, "replies_count": 0, "retweets_count": 0, "hashtags": []}
{"id": 1059958443350454272, "date": "2018-11-06", "time": "18:59:20", "tweet": "@_Spenjo_ @Wasspix2 @FollDrops @DrKirby322 @Stonepa11 you right, i just wanted to give my input.", "likes_count": 0, "replies_count": 1, "retweets_count": 0, "hashtags": []}
{"id": 1059958434869710849, "date": "2018-11-06", "time": "18:59:18", "tweet": "I'm playing games on iCashApp and it's so much fun! You can earn money as well playing game. Download it, input the refer code HU3DSR7 get free 5USD. #iCash  https://t.co/Q2rfmqaXav", "likes_count": 0, "replies_count": 0, "retweets_count": 0, "hashtags": ["icash"]}
{"id": 1059958420781125632, "date": "2018-11-06", "time": "18:59:15", "tweet": "\"As a responsible citizen of the United States, it's my duty to give my input about the influence of the leadership of our nation.\"  - Colten Moss, senior in Finance  #ILLelect  https://t.co/YihCfshEnN", "likes_count": 0, "replies_count": 0, "retweets_count": 0, "hashtags": ["illelect"]}
{"id": 1059958367144304641, "date": "2018-11-06", "time": "18:59:02", "tweet": "@Norizgroove コイツら何者ですか？？", "likes_count": 0, "replies_count": 1, "retweets_count": 0, "hashtags": []}
{"id": 1059958318880485377, "date": "2018-11-06", "time": "18:58:50", "tweet": "((Consider I see a lot of commotion about them already placing their votes in, I already input my votes in but I am still out and about.  I don't thinnk I will make it home till late at night so, responses tomorrow if muse strikes!", "likes_count": 4, "replies_count": 0, "retweets_count": 0, "hashtags": []}
{"id": 1059958166899884032, "date": "2018-11-06", "time": "18:58:14", "tweet": "your input was the most valuable, @JoanneKenen !", "likes_count": 5, "replies_count": 0, "retweets_count": 1, "hashtags": []}
{"id": 1059958120942837760, "date": "2018-11-06", "time": "18:58:03", "tweet": "NEED READER INPUT  https://t.co/9lRipwRlVV", "likes_count": 0, "replies_count": 0, "retweets_count": 0, "hashtags": []}
{"id": 1059958036079538176, "date": "2018-11-06", "time": "18:57:43", "tweet": "@InPut_Bancho ヒゲちゃうわ！", "likes_count": 0, "replies_count": 1, "retweets_count": 0, "hashtags": []}
{"id": 1059957739101794306, "date": "2018-11-06", "time": "18:56:32", "tweet": "@Norizgroove ヒゲちゃんと剃りましょうね！！", "likes_count": 0, "replies_count": 1, "retweets_count": 0, "hashtags": []}
{"id": 1059957731480756225, "date": "2018-11-06", "time": "18:56:30", "tweet": "And for summer I want like a whole Friday the 13th 70/80’s camp counselor/B movie horror film slasher starlet lookbook (I’m doing it regardless of the votes but I like input)", "likes_count": 0, "replies_count": 0, "retweets_count": 0, "hashtags": []}
{"id": 1059957708563144704, "date": "2018-11-06", "time": "18:56:25", "tweet": "@jesusvr_ Our roads are awful, public transportation needs more funding so less people use the freeway and bridges are essential. Am I wrong? Or what’s your input?", "likes_count": 0, "replies_count": 0, "retweets_count": 0, "hashtags": []}
{"id": 1059957681224671234, "date": "2018-11-06", "time": "18:56:18", "tweet": "@boniaopsi Baik, untuk HDMI apakah sudah dipastikan terhubung dengan kencang dan pilihan input sudah sesuai dipilih HDMI di TV? Thanks :) ^dru", "likes_count": 0, "replies_count": 1, "retweets_count": 0, "hashtags": []}
{"id": 1059957593521770498, "date": "2018-11-06", "time": "18:55:58", "tweet": "ここ最近、20-30年の出来事じゃないかと？？  凄い人沢山見るけど、デミリットしかないのかほとんど発信してないなぁと。発信されて評価される世の中になって欲しく", "likes_count": 0, "replies_count": 0, "retweets_count": 0, "hashtags": []}
{"id": 1059957588689870850, "date": "2018-11-06", "time": "18:55:56", "tweet": "Looking for some crowdsourced input from my #HITMC tribe. What has been your experience (pro or con) w/ reg. required white papers for lead gen? Demonstrating ROI of content marketing? What is your preferred distribution method? Thanks! #InquiringMinds  https://t.co/oA0ToQfIcs", "likes_count": 1, "replies_count": 1, "retweets_count": 0, "hashtags": ["hitmc", "inquiringminds"]}
{"id": 1059957571212242945, "date": "2018-11-06", "time": "18:55:52", "tweet": "@coachmac24 I think it's ridiculous when employees don't get an input on a direct supervisors evaluation when said supervisor is required to know day to day duties his/her underlings and doesn't.", "likes_count": 1, "replies_count": 1, "retweets_count": 0, "hashtags": []}
{"id": 1059957554082652161, "date": "2018-11-06", "time": "18:55:48", "tweet": "@kash_tz Well you got a whole lot of input this evening with my tweets 🙃", "likes_count": 0, "replies_count": 1, "retweets_count": 0, "hashtags": []}
{"id": 1059957525615804416, "date": "2018-11-06", "time": "18:55:41", "tweet": "感性のinputを増やすアタッチメントはどこで売ってますか!!!!", "likes_count": 1, "replies_count": 0, "retweets_count": 0, "hashtags": []}
{"id": 1059957516090642432, "date": "2018-11-06", "time": "18:55:39", "tweet": "We are listening . Any suggestions how ? How about inmate input ? Worker input ? How peoples  life's were destroyed . Lots of data there who will expose it ??", "likes_count": 0, "replies_count": 0, "retweets_count": 0, "hashtags": []}
{"id": 1059957465352204288, "date": "2018-11-06", "time": "18:55:27", "tweet": "Another great night with tonbridge @KentVPC. Really fantastic input from CID showing the cadets what @kent_police control strategy looks like and how we all work hard to fight crime in Kent. Fantastic marching skills too 🙌 #999family #TonbridgeVPC", "likes_count": 2, "replies_count": 0, "retweets_count": 0, "hashtags": ["999family", "tonbridgevpc"]}
{"id": 1059957417746817024, "date": "2018-11-06", "time": "18:55:16", "tweet": "@Fitz_FF As always thanks for your input Fitz!", "likes_count": 1, "replies_count": 1, "retweets_count": 0, "hashtags": []}
{"id": 1059957274276491264, "date": "2018-11-06", "time": "18:54:41", "tweet": "I hate when people ask me to give my input but then argue with me about a suggestion. What was the point of asking then?", "likes_count": 0, "replies_count": 0, "retweets_count": 0, "hashtags": []}
{"id": 1059957257117536257, "date": "2018-11-06", "time": "18:54:37", "tweet": "SECOND PSA: The instant media reaction to results is important, but just one input. The real “meaning” of the election comes from how political actors, elected and unelected, behave in response to it. That’s a public sphere alchemy much more complicated.   https://t.co/d6hJXMUkWp", "likes_count": 4, "replies_count": 0, "retweets_count": 0, "hashtags": []}
{"id": 1059957254139465729, "date": "2018-11-06", "time": "18:54:37", "tweet": "Kids you can #SayHowYouPlay too and have your input captured in the parks, recreation and culture master plan.  Check out our YouthVoice app or draw us a colorful picture!  @Spark_Niagara #LincolnON  https://t.co/nRu8XylGep", "likes_count": 1, "replies_count": 0, "retweets_count": 0, "hashtags": ["sayhowyouplay", "lincolnon"]}
{"id": 1059957163416805376, "date": "2018-11-06", "time": "18:54:15", "tweet": "@andywightman @ReviveCoalition A team effort, Andy, with input &amp; advice from many others, too, working quietly behind the scenes.", "likes_count": 6, "replies_count": 0, "retweets_count": 0, "hashtags": []}
{"id": 1059957155397197824, "date": "2018-11-06", "time": "18:54:13", "tweet": "出る杭打たれる文化、僻む文化はあまりなかったように感じる。物心ついた頃の著名人はみな結果出した人達だった気がする。多分そいつらがクソすぎたんでしょうね。僻み、嫉妬、出る杭打つ  いや、なんで成功者が発信しやすい世の中になってないんだと思って。昔は違ったような…と", "likes_count": 0, "replies_count": 1, "retweets_count": 0, "hashtags": []}
{"id": 1059957114561589249, "date": "2018-11-06", "time": "18:54:03", "tweet": "@cnchlw Appreciate your input. I stand by my statement", "likes_count": 0, "replies_count": 0, "retweets_count": 0, "hashtags": []}
{"id": 1059957071926317061, "date": "2018-11-06", "time": "18:53:53", "tweet": "@Invernessbrian Thanks for your erudite input. Nobody knows, least of all the SNP, what the outcome might be. It won’t be any worse than an independent Scotland car crash led by inadequate xenophobes.", "likes_count": 1, "replies_count": 1, "retweets_count": 0, "hashtags": []}
{"id": 1059957038464278531, "date": "2018-11-06", "time": "18:53:45", "tweet": "NCGOP subjected to negotiating with Democratic Party input?....  The horror!😲😲😲", "likes_count": 0, "replies_count": 1, "retweets_count": 0, "hashtags": []}
{"id": 1059956886580158466, "date": "2018-11-06", "time": "18:53:09", "tweet": "The CBCE is asking for Stakeholder input as it relates to Rule 15. The next Stakeholder meeting will be Wednesday, November 14th from 11:00 am - 1:00pm at Civic Center Plaza, 1560 Broadway, Conference Room 1250B,...  https://t.co/49cL6UKT5Z", "likes_count": 0, "replies_count": 0, "retweets_count": 0, "hashtags": []}
{"id": 1059956795375009795, "date": "2018-11-06", "time": "18:52:47", "tweet": "Hey #DECAAdvisor friends, I’m pre planning some topics to speak about at #DECAICDC and DECA Amped in 2019. I want your input on things you would be interested in seeing.", "likes_count": 3, "replies_count": 1, "retweets_count": 0, "hashtags": ["decaadvisor", "decaicdc"]}
{"id": 1059956731277643776, "date": "2018-11-06", "time": "18:52:32", "tweet": "@InPut_Bancho  https://t.co/4KEwkTGPCT", "likes_count": 0, "replies_count": 1, "retweets_count": 0, "hashtags": []}
{"id": 1059956721765023744, "date": "2018-11-06", "time": "18:52:30", "tweet": "! You can earn money as well playing game. Download it, input the refer code LZ8C3EB get free 5USD. #iCash  https://t.co/XI15JXmM8o", "likes_count": 0, "replies_count": 0, "retweets_count": 0, "hashtags": ["icash"]}
{"id": 1059956716404527104, "date": "2018-11-06", "time": "18:52:28", "tweet": "If you know me, you know I love my healthy green smoothies! Been thinking how input affects output. Just like you nourish your body with healthy, clean food, be healthy and clean with your finances and reap the rewards! Focus on being in the state of love and gratitude for your $  https://t.co/mLMw3gJKEq", "likes_count": 7, "replies_count": 0, "retweets_count": 1, "hashtags": []}
{"id": 1059956714039099392, "date": "2018-11-06", "time": "18:52:28", "tweet": "@_bre_thejewel If you need any designer input on the cards, logo, dm us  https://t.co/2OY3vHbhzu", "likes_count": 0, "replies_count": 0, "retweets_count": 0, "hashtags": []}
{"id": 1059956626394939393, "date": "2018-11-06", "time": "18:52:07", "tweet": "@heybeckerj @AzureDevOps Jaco - this is great input, thanks! Would you be willing to jump on a quick (15-/30-minute call) to explore some of these ideas in more detail?", "likes_count": 0, "replies_count": 0, "retweets_count": 0, "hashtags": []}
{"id": 1059956550846971904, "date": "2018-11-06", "time": "18:51:49", "tweet": "@Norizgroove やーい、さなだむしー", "likes_count": 0, "replies_count": 1, "retweets_count": 0, "hashtags": []}
{"id": 1059956543699984390, "date": "2018-11-06", "time": "18:51:47", "tweet": "An opportunity for input #taylorevanseagles", "likes_count": 1, "replies_count": 0, "retweets_count": 0, "hashtags": ["taylorevanseagles"]}
{"id": 1059956496312627200, "date": "2018-11-06", "time": "18:51:36", "tweet": "@PHXAllstar71 @WeAdoreVeronica so what you are rally saying is you have no experience at all in paying deposits, so basically your POV is irrelevant to this discussion?    ok, thanks for yr input", "likes_count": 3, "replies_count": 0, "retweets_count": 0, "hashtags": []}
{"id": 1059956481561227264, "date": "2018-11-06", "time": "18:51:32", "tweet": "@hal555 「ワタシ、ニホンゴ、スコシ、ハナセル」", "likes_count": 0, "replies_count": 0, "retweets_count": 0, "hashtags": []}
