{"id": 1065394291374260229, "date": "2018-11-21", "time": "18:59:27", "tweet": "@iamcinnamom @SeanSteinSmith @RecoveringCPA @LStevensonCPA @CalebLJenkins @BlakeTOliver @TaxLadyErin @ChrisHooper87 @JimBourke @DavidBergstein @b_runsdc Thank everyone for the input!  Stay tuned we should be ready to announce the full young Cpa leadership conference details and speakers in early January. #staytuned", "likes_count": 4, "replies_count": 0, "retweets_count": 0, "hashtags": ["staytuned"]}
{"id": 1065394182469165057, "date": "2018-11-21", "time": "18:59:01", "tweet": "@KROWN_ROYAL16 @IHuskyDog @PlayStation @AskPlayStation When you get your account unbanned next time dont input no more giveaway codes for a while", "likes_count": 0, "replies_count": 0, "retweets_count": 0, "hashtags": []}
{"id": 1065394167663087616, "date": "2018-11-21", "time": "18:58:58", "tweet": "I'm playing games on iCashApp and it's so much fun! Download it, input the refer code WMQ8JA9 get coins.", "likes_count": 1, "replies_count": 0, "retweets_count": 0, "hashtags": []}
{"id": 1065394098629038080, "date": "2018-11-21", "time": "18:58:41", "tweet": "Live music...can't live without that creative input", "likes_count": 0, "replies_count": 0, "retweets_count": 0, "hashtags": []}
{"id": 1065394091180154880, "date": "2018-11-21", "time": "18:58:40", "tweet": "Updated, with Morneau, more economic reaction, opposition input: Feds focus on boosting competitiveness, deficit rising to $19.6B in 2019-20  https://t.co/zU0rO5ygRt #cdnpoli", "likes_count": 1, "replies_count": 2, "retweets_count": 0, "hashtags": ["cdnpoli"]}
{"id": 1065393784232435712, "date": "2018-11-21", "time": "18:57:26", "tweet": "@JustSomeGoat1 @JustCaustic @IllmacTV @MRDIZASTER @GeechiGotti @DirtbagDan408   Redoing the blog later tonight will have more structure on talking points hope you guys join me later to give your input on things.", "likes_count": 0, "replies_count": 0, "retweets_count": 0, "hashtags": []}
{"id": 1065393732223033345, "date": "2018-11-21", "time": "18:57:14", "tweet": "@FL2Na kan seller harus input nomor resi gitu kak, gimana?", "likes_count": 0, "replies_count": 1, "retweets_count": 0, "hashtags": []}
{"id": 1065393512299053057, "date": "2018-11-21", "time": "18:56:22", "tweet": "@overtaxed1000 @fordnation Oh thanks for the input Gavin.", "likes_count": 0, "replies_count": 1, "retweets_count": 0, "hashtags": []}
{"id": 1065393489330941952, "date": "2018-11-21", "time": "18:56:16", "tweet": "Self Advocate Damian Paterson and @VALID_Inc staff attending the Community Discussion Forum to give input on @AmbulanceVic accessibility action plan  https://t.co/XlPD4NJPLF", "likes_count": 5, "replies_count": 0, "retweets_count": 2, "hashtags": []}
{"id": 1065393367213895683, "date": "2018-11-21", "time": "18:55:47", "tweet": "The real crappy outcome to this is reduced trust, or even engagement, on future city projects that need input and ideas. @CityofEdmonton has a new public engagement strategy: use the damn thing. #yegcc #yegbudget #yegengage  https://t.co/gikqexhUQb", "likes_count": 11, "replies_count": 4, "retweets_count": 2, "hashtags": ["yegcc", "yegbudget", "yegengage"]}
{"id": 1065393365582135296, "date": "2018-11-21", "time": "18:55:47", "tweet": "Hey I’m doing a class project if you guys can put your input I will appreciate it !   https://t.co/Al9smY02jq", "likes_count": 0, "replies_count": 0, "retweets_count": 0, "hashtags": []}
{"id": 1065393334544293888, "date": "2018-11-21", "time": "18:55:39", "tweet": "@Dataracer117 Initial scripts get changed so much by the time they shoot a film, all at the request of the director/studio.  Writers do write the story, but they don't do it without a lot of input from the studio.  It's not as black and white as you think.", "likes_count": 0, "replies_count": 0, "retweets_count": 0, "hashtags": []}
{"id": 1065393324884922368, "date": "2018-11-21", "time": "18:55:37", "tweet": "@HFord2 miss hearing your input or seeing you on MSNBC, sir", "likes_count": 0, "replies_count": 0, "retweets_count": 0, "hashtags": []}
{"id": 1065393042625048576, "date": "2018-11-21", "time": "18:54:30", "tweet": "@xBrBx I see, I suppose that's better than one chicken per person from the grocery store, thanks for your input!", "likes_count": 1, "replies_count": 0, "retweets_count": 0, "hashtags": []}
{"id": 1065393021733281797, "date": "2018-11-21", "time": "18:54:25", "tweet": "I'm playing games on iCashApp and it's so much fun! Download it, input the refer code 9E96XCM get coins. #iCash  https://t.co/VKxVnJpq2t", "likes_count": 0, "replies_count": 0, "retweets_count": 0, "hashtags": ["icash"]}
{"id": 1065393017891110912, "date": "2018-11-21", "time": "18:54:24", "tweet": "@protecttheinlet i bet the #NEB has their fax machine set up so it prints all our comments directly into the paper shredder 😏... might as well given the nil regard they have for public input. Can NEB be extinguished on account of their inadequecy yet? #cdnpoli #NoTMX #BigOil #corruption", "likes_count": 3, "replies_count": 0, "retweets_count": 1, "hashtags": ["neb", "cdnpoli", "notmx", "bigoil", "corruption"]}
{"id": 1065392958692839424, "date": "2018-11-21", "time": "18:54:10", "tweet": "@KingThies Even with blockchain, you would need human input to scan the package. If human doesn’t scan, the chain is broken and there is still no traceability.", "likes_count": 1, "replies_count": 1, "retweets_count": 0, "hashtags": []}
{"id": 1065392930582614017, "date": "2018-11-21", "time": "18:54:03", "tweet": "@iFotus @Artist_Uno @ESLMortalKombat This also sounds vague though lol. Reduce input leniency as in making it easier or making it stricter?", "likes_count": 1, "replies_count": 1, "retweets_count": 0, "hashtags": []}
{"id": 1065392621269471232, "date": "2018-11-21", "time": "18:52:49", "tweet": "@samwhals very hard to explain but im running my mic as desktop audio instead of a seperate input cause for whatever reason nothing will pick it up unless i do that, so i couldnt adjust my audio levels properly, think i know how to sort them out now tho", "likes_count": 1, "replies_count": 0, "retweets_count": 0, "hashtags": []}
{"id": 1065392548158541824, "date": "2018-11-21", "time": "18:52:32", "tweet": "Sheldon Police NHT &amp; community active citizens continued with the @StTomMore road safety week input. School children have taken part with parents and local police. The Sheldon active citizen group (STAG) also completed a speed operation. #WMNow #WMP  https://t.co/N7jdkcEw0j", "likes_count": 4, "replies_count": 0, "retweets_count": 1, "hashtags": ["wmnow", "wmp"]}
{"id": 1065392523084992512, "date": "2018-11-21", "time": "18:52:26", "tweet": "@JuddLegum @Aetna @mtbert @Aetna as someone with input on choosing employee benefit providers, why should my Fortune 500 company choose you when you clearly don’t live up to your own core values?", "likes_count": 4, "replies_count": 1, "retweets_count": 1, "hashtags": []}
{"id": 1065392303060262912, "date": "2018-11-21", "time": "18:51:33", "tweet": "@dustbury if it was that new input-less version of Google captcha it might be okay", "likes_count": 1, "replies_count": 0, "retweets_count": 0, "hashtags": []}
{"id": 1065392236400136192, "date": "2018-11-21", "time": "18:51:17", "tweet": "@MZHemingway Watching now and enjoy your thoughtful input on the panel. Nice red outfit!", "likes_count": 0, "replies_count": 0, "retweets_count": 0, "hashtags": []}
{"id": 1065392180179755009, "date": "2018-11-21", "time": "18:51:04", "tweet": "@JRodgers11 You're a nobody bud, just like the rest of us, stop trying to light a match, you'll never get out of that shadow... Get over it.. Let the man make his decisions and live with them, just like everyone else.. Nobody wants your input on family drama, grow up", "likes_count": 0, "replies_count": 0, "retweets_count": 0, "hashtags": []}
{"id": 1065392176803340288, "date": "2018-11-21", "time": "18:51:03", "tweet": "We read quotations about getting better at this, that, and the other.  They have a place, but remember that working on your own “calmness and train of thought” is the way to get ahead for yourself without needing magic formula or input from others.", "likes_count": 64, "replies_count": 1, "retweets_count": 20, "hashtags": []}
{"id": 1065392104405385216, "date": "2018-11-21", "time": "18:50:46", "tweet": "@JohnArnoldFndtn @LJA_Foundation Perhaps the shadow GOVT of 1.5MM non profits should not exist at all. Taxoayers are by proxy funding all sorts of ventures without any input. Its taxation without representation by proxy.", "likes_count": 11, "replies_count": 1, "retweets_count": 0, "hashtags": []}
{"id": 1065391929712627712, "date": "2018-11-21", "time": "18:50:04", "tweet": "It crawled a long way to get to you and now that our Chirps Cricket Protein Powder Blend is almost here we need your input! Would you answer four easy yet helpful questions for us?  We are making this for you, so your participation is really appreciated", "likes_count": 1, "replies_count": 0, "retweets_count": 0, "hashtags": []}
{"id": 1065391929712615429, "date": "2018-11-21", "time": "18:50:04", "tweet": "Whether it's film, music, sculpture, comedy or literature, the public's input does influence artists and their creations. But should it dictate what artists create and how they execute it?  https://t.co/mqoGNfm0zf #creativefreedom #CriticismOrControl #creativecontrol #amwriting", "likes_count": 0, "replies_count": 0, "retweets_count": 0, "hashtags": ["creativefreedom", "criticismorcontrol", "creativecontrol", "amwriting"]}
{"id": 1065391875748753408, "date": "2018-11-21", "time": "18:49:51", "tweet": "I can’t stand the texture of mashed potatoes!!! and that’s my input on this swiftie debate... you guys are already going wild and tour Just ended", "likes_count": 0, "replies_count": 0, "retweets_count": 0, "hashtags": []}
{"id": 1065391824661962752, "date": "2018-11-21", "time": "18:49:39", "tweet": "Office for the Ageing is seeking input from people about how the new Adult Safeguarding Unit can keep the rights of vulnerable adults at the centre of the way it works. See the flyer for more information and for details on the upcoming workshop.  https://t.co/7kv9yqCFN0", "likes_count": 11, "replies_count": 1, "retweets_count": 10, "hashtags": []}
{"id": 1065391812066500608, "date": "2018-11-21", "time": "18:49:36", "tweet": "We talked about politics, GDP and legislation in her country. She used simple words to explain these heavy stuffs, often missing words and I still can grasp her input and understand it perfectly.  So keep talking even if your English is broken, grammatically incorrect.", "likes_count": 6, "replies_count": 0, "retweets_count": 3, "hashtags": []}
{"id": 1065391761948762112, "date": "2018-11-21", "time": "18:49:24", "tweet": "@VanityWasted The thing is, some people just might because they feel they can and that it's right. Not everyone thinks the same things when it comes to right and wrong. People see right and wrong differently all the time. I'm only giving input btw. I'm not arguing, I promise 👌😁", "likes_count": 0, "replies_count": 1, "retweets_count": 0, "hashtags": []}
{"id": 1065391733624762374, "date": "2018-11-21", "time": "18:49:17", "tweet": "@Mistaken1702 It’s about giving her good cheer. She loved everybody singing. But thanks so much for your input", "likes_count": 1, "replies_count": 1, "retweets_count": 0, "hashtags": []}
{"id": 1065391725584228352, "date": "2018-11-21", "time": "18:49:16", "tweet": "Norwalk Public Library makes final push for input with 12-question survey  https://t.co/WqmDquUfRw", "likes_count": 0, "replies_count": 0, "retweets_count": 0, "hashtags": []}
{"id": 1065391669258768384, "date": "2018-11-21", "time": "18:49:02", "tweet": "@TyK_Factus I see you're living good I still game on a 40 inch Samsung flatscreen with an immense amount of input delay lol", "likes_count": 1, "replies_count": 0, "retweets_count": 0, "hashtags": []}
{"id": 1065391627940843520, "date": "2018-11-21", "time": "18:48:52", "tweet": "@RWPUSA THANK YOU FOR YOUR INPUT, I  ALWAYS LOOK FOR IT IN TWEETS AND ON MSNBC,TAKE CARE AND STAY SAFE PLEASE.", "likes_count": 0, "replies_count": 0, "retweets_count": 0, "hashtags": []}
{"id": 1065391582591873024, "date": "2018-11-21", "time": "18:48:41", "tweet": "I'm working on a little something but would like some more input so let me know yours - Thanks! #afltraining #afl #aflw #aflwomens #AFLDraft #coaching  https://t.co/JrtivX5mhP", "likes_count": 0, "replies_count": 0, "retweets_count": 0, "hashtags": ["afltraining", "afl", "aflw", "aflwomens", "afldraft", "coaching"]}
{"id": 1065391521174822912, "date": "2018-11-21", "time": "18:48:27", "tweet": "@MTashed V-sync practically triples your input lag.  Get a g-sync/free-sync monitor; has the benefits of v-sync without the delay.", "likes_count": 0, "replies_count": 0, "retweets_count": 0, "hashtags": []}
{"id": 1065391299484942336, "date": "2018-11-21", "time": "18:47:34", "tweet": "Merge:Multi Image text input Twitter.  https://t.co/HEmRuYEVJk", "likes_count": 0, "replies_count": 0, "retweets_count": 0, "hashtags": []}
{"id": 1065391226227236864, "date": "2018-11-21", "time": "18:47:17", "tweet": "@shanselman Other day i was buying a plane ticket for my dad...chrome autofill overwrote my dad's name with my name (name input)..hence the ticket was invalid. Had to call customer support back n forth to get it resolved.", "likes_count": 0, "replies_count": 0, "retweets_count": 0, "hashtags": []}
{"id": 1065390961046548480, "date": "2018-11-21", "time": "18:46:13", "tweet": "Huge thank you to Chris Baker @Gavia_Env for coming in to speak to the Higher classes today. Your input about Hydrology and Hydrographs was brilliant.  #DYW #floodriskmanagement #bringinghydrographstolife  https://t.co/We9TcEBssi", "likes_count": 7, "replies_count": 0, "retweets_count": 1, "hashtags": ["dyw", "floodriskmanagement", "bringinghydrographstolife"]}
{"id": 1065390960039710721, "date": "2018-11-21", "time": "18:46:13", "tweet": "@_lindamilie it rlly doesnt matter but people always gotta put an input /: but thank you so much! 💞", "likes_count": 1, "replies_count": 0, "retweets_count": 0, "hashtags": []}
{"id": 1065390924644143104, "date": "2018-11-21", "time": "18:46:05", "tweet": "@HilariousCow Just checked, and there’s a Run in Edit button on the Rewired Input Manager in 2018!", "likes_count": 1, "replies_count": 0, "retweets_count": 0, "hashtags": []}
{"id": 1065390842326720517, "date": "2018-11-21", "time": "18:45:45", "tweet": "Norwalk Public Library makes final push for input with 12-question survey  https://t.co/xssuFEZT3J", "likes_count": 0, "replies_count": 0, "retweets_count": 0, "hashtags": []}
{"id": 1065390820633669634, "date": "2018-11-21", "time": "18:45:40", "tweet": "@C0rpVultra @HydrogenNGU He blocked a lot of ppl...PS4 scene is dead LOL just little offline bs here or there, other than that I don't see progress being shown, just showing off for fame is what ppl r into these days...but I've got to say thank you for your input @C0rpVultra", "likes_count": 1, "replies_count": 0, "retweets_count": 0, "hashtags": []}
{"id": 1065390777528999939, "date": "2018-11-21", "time": "18:45:30", "tweet": "@jackie_yanish @amiiboAlerts Thanks for ur input though.", "likes_count": 0, "replies_count": 0, "retweets_count": 0, "hashtags": []}
{"id": 1065390581910781953, "date": "2018-11-21", "time": "18:44:43", "tweet": "Neurons in the brain's cortex are of different sizes, and have distinct properties, based on where they are. This allows the brain to assess the environment via sensory input, and yet employ other ways to monitor situations when needed to help animals to…  https://t.co/umyxpwLeLj  https://t.co/tvGvaZv3Pi", "likes_count": 0, "replies_count": 0, "retweets_count": 0, "hashtags": []}
{"id": 1065390562981797888, "date": "2018-11-21", "time": "18:44:38", "tweet": "Only quibble is that \"Goodhart's Law\" hasn't quite been disproven. The alternative \"measure nothing\" isn't better than the risk of some people tweaking inputs to focus on an input.", "likes_count": 0, "replies_count": 2, "retweets_count": 0, "hashtags": []}
{"id": 1065390276368318466, "date": "2018-11-21", "time": "18:43:30", "tweet": "@shpendrashitii @flxryvn i apologize for the inconvenience of my ironic use of poor grammar and the fact that i am “flexing” my use of two cellular devices. thank you for your input sir!", "likes_count": 0, "replies_count": 0, "retweets_count": 0, "hashtags": []}
{"id": 1065390161129865216, "date": "2018-11-21", "time": "18:43:03", "tweet": "@JohnCleese It's interesting that judges are fairer in, say, Canada. We've preserved a sense of fair play. Since the judges are appointed, we try to make sure the system isn't put to shame and we seek input from the legal and judicial community.", "likes_count": 0, "replies_count": 0, "retweets_count": 0, "hashtags": []}
{"id": 1065390119841132544, "date": "2018-11-21", "time": "18:42:53", "tweet": "Lookout residents offer input on park development  https://t.co/mKqxzex5a1  https://t.co/3go6NHLiU2", "likes_count": 0, "replies_count": 0, "retweets_count": 0, "hashtags": []}
{"id": 1065390069228261376, "date": "2018-11-21", "time": "18:42:41", "tweet": "I would also like some input from @amazon.. do people actually buy amazon gift cards for celebrities “management teams”??!! If not, you should be as concerned as @prattprattpratt. I love both Amazon and Chris Pratt and truly hope this can be fixed.💔🤞", "likes_count": 0, "replies_count": 1, "retweets_count": 0, "hashtags": []}
{"id": 1065390060881805317, "date": "2018-11-21", "time": "18:42:39", "tweet": "@AttachMax Maximum input, maximum effect! #fanbloodytastic", "likes_count": 0, "replies_count": 0, "retweets_count": 0, "hashtags": ["fanbloodytastic"]}
{"id": 1065389951024422912, "date": "2018-11-21", "time": "18:42:12", "tweet": "@goddesymars @UnitedFlowArts I’m sorry for your negative experience :( I’ve already withdrawn my submission &amp; I have some other opportunities that may work out for me! Thank you for your input girl❤️", "likes_count": 0, "replies_count": 0, "retweets_count": 0, "hashtags": []}
{"id": 1065389945311813634, "date": "2018-11-21", "time": "18:42:11", "tweet": "@MarcLitner @LeVeonBell Would love to see him with the bucs, he loves Florida.", "likes_count": 1, "replies_count": 0, "retweets_count": 0, "hashtags": []}
{"id": 1065389794228883457, "date": "2018-11-21", "time": "18:41:35", "tweet": "Glassdoor is great! So far it's found the following perfect matches for me - Mechanical Engineer, Refrigeration Engineer, Junior Data Input Operator, plus no end of jobs at my own company.", "likes_count": 0, "replies_count": 1, "retweets_count": 0, "hashtags": []}
{"id": 1065389780987465729, "date": "2018-11-21", "time": "18:41:32", "tweet": "@FNRetweetDeals @qtClaw @OhhiTsJupiter @VF_InpuT @OfficialAquaaa", "likes_count": 0, "replies_count": 0, "retweets_count": 0, "hashtags": []}
{"id": 1065389394683543552, "date": "2018-11-21", "time": "18:40:00", "tweet": "Friendly reminder, public comment period is still open for the #DeerSprings Livable Center study. Please visit  https://t.co/4padWtibTs for more information and to provide your input. #StayLocalGoNorth #NLVProud #RTCSNV", "likes_count": 0, "replies_count": 1, "retweets_count": 0, "hashtags": ["deersprings", "staylocalgonorth", "nlvproud", "rtcsnv"]}
{"id": 1065389333690179584, "date": "2018-11-21", "time": "18:39:45", "tweet": "@MelanieRPieper They didn’t ask me for my input on this. Just sayin", "likes_count": 8, "replies_count": 2, "retweets_count": 0, "hashtags": []}
{"id": 1065389274139381760, "date": "2018-11-21", "time": "18:39:31", "tweet": "just ordered secret breakfast, thank u for ur input", "likes_count": 5, "replies_count": 1, "retweets_count": 0, "hashtags": []}
{"id": 1065389255168573441, "date": "2018-11-21", "time": "18:39:27", "tweet": "@kwami_kafui Thanks for your input! I haven’t forgotten that. It helped a lot.", "likes_count": 1, "replies_count": 1, "retweets_count": 0, "hashtags": []}
{"id": 1065389046896181248, "date": "2018-11-21", "time": "18:38:37", "tweet": "Receive the on demand financial report with quality  feedback and input for small business.  . #starpark #sbservices", "likes_count": 0, "replies_count": 0, "retweets_count": 0, "hashtags": ["starpark", "sbservices"]}
{"id": 1065388748722958336, "date": "2018-11-21", "time": "18:37:26", "tweet": "@retepger @danpfeiffer @jonfavs @brhodes Well, you can say (and both Obama and Kevin McCarthy have) that deficits were reduced at the fastest rates in history under Obama, but Trump has doubled it with little Democratic input. Dems spend more, but tax to pay for it. Since W Bush, the GOP spends more while cutting taxes.", "likes_count": 0, "replies_count": 0, "retweets_count": 0, "hashtags": []}
{"id": 1065388714522746880, "date": "2018-11-21", "time": "18:37:18", "tweet": "Ooooo! Tell me what type(s) I would be if I was a Pokémon! I already have an idea of what I would be (thank @LancePuns for that) but I want to hear everyone’s input!  https://t.co/plAHT6dNp6", "likes_count": 1, "replies_count": 2, "retweets_count": 0, "hashtags": []}
{"id": 1065388598034423808, "date": "2018-11-21", "time": "18:36:50", "tweet": "@innerideas2017 Hello, Summoner! We'll make sure the team sees your feedback! Keep in mind that there are many features we'd love to add into The Contest in the future, but all may not be immediately added. Thanks for the input. ^CM", "likes_count": 0, "replies_count": 0, "retweets_count": 0, "hashtags": []}
{"id": 1065388545030963201, "date": "2018-11-21", "time": "18:36:37", "tweet": "@bigbankhank75 @MyFantasyLeague @krich1532 @ChrisMangano @JR_Reynolds17 @GeoffLambert77 @DynastyOuthouse @YourFFQuestions @realffadvisor @Fantasyfollow1 @DynastyTradesHQ @FFDynastyTrades @FFDynastyPolls @DynastyTrades No I appreciate it the input. I’m torn. A lot of draft day trades to make the team the way it is.", "likes_count": 0, "replies_count": 1, "retweets_count": 0, "hashtags": []}
{"id": 1065388430803243009, "date": "2018-11-21", "time": "18:36:10", "tweet": "@disneyonfilm @sexonfilm @eyerolI You weren’t, but I put my input in anyway considering this whole situation is about me being ‘unoriginal’. Have a nice night, babe!!", "likes_count": 0, "replies_count": 0, "retweets_count": 0, "hashtags": []}
{"id": 1065388386511253504, "date": "2018-11-21", "time": "18:35:59", "tweet": "@CrimFerret Oh No!  This might sound super glass is half full, but try and think about the process as “which journal will give me the best set of reviews and most needed input.”  Totally corny but it can/should be true. Hang in there.", "likes_count": 2, "replies_count": 0, "retweets_count": 0, "hashtags": []}
{"id": 1065388210086264832, "date": "2018-11-21", "time": "18:35:17", "tweet": "@txbfanatic You should input password 1234567890 to do WiFi connection in your phone WAN setting before open the app, and also give it a try when without a memory card plugging in the camera.", "likes_count": 0, "replies_count": 0, "retweets_count": 0, "hashtags": []}
{"id": 1065388047728963585, "date": "2018-11-21", "time": "18:34:39", "tweet": "@MeetThePress @danielsgoldman Didn’t see the program but always enjoy your input. On this quote - don’t understand what you mean.", "likes_count": 2, "replies_count": 0, "retweets_count": 0, "hashtags": []}
{"id": 1065387645499518976, "date": "2018-11-21", "time": "18:33:03", "tweet": "@Southern_Server @Driversnote No input. It tracks drives. Then classify them. And if go to same place for business repeatedly can set it to classify automatically", "likes_count": 1, "replies_count": 1, "retweets_count": 0, "hashtags": []}
{"id": 1065387499449511936, "date": "2018-11-21", "time": "18:32:28", "tweet": "10 input ofuton$=“ニャンコ” 20 print “ぬくぬく” 30 print ofuton$ 40 goto 10", "likes_count": 1, "replies_count": 0, "retweets_count": 0, "hashtags": []}
{"id": 1065387455111725056, "date": "2018-11-21", "time": "18:32:17", "tweet": "@Malletpauline2 @gofundme Hi thanks for your input. Morale is kinda low these days. You helped.", "likes_count": 0, "replies_count": 0, "retweets_count": 0, "hashtags": []}
{"id": 1065387436178591744, "date": "2018-11-21", "time": "18:32:13", "tweet": "@Besafe_Online Thanks for your input Jonathan", "likes_count": 1, "replies_count": 0, "retweets_count": 0, "hashtags": []}
{"id": 1065387419451695105, "date": "2018-11-21", "time": "18:32:09", "tweet": "@Yank @hugo__df @Cloudflare @CloudflareHelp This happened to me a few days ago. I wasn’t on a mobile device but using FireFox on a Mac. I think it was due to the form input field type?", "likes_count": 0, "replies_count": 0, "retweets_count": 0, "hashtags": []}
{"id": 1065387386690068480, "date": "2018-11-21", "time": "18:32:01", "tweet": "I'm playing games on iCashApp and it's so much fun! Download it, input the refer code C7MTQKN get coins.", "likes_count": 0, "replies_count": 0, "retweets_count": 0, "hashtags": []}
{"id": 1065387029507264513, "date": "2018-11-21", "time": "18:30:36", "tweet": "Building autocomplete input with React and reenhance-components  #javascript #components #es6 #rxjs #interactive #react #100daysofcode #webdev #webdevelopment  https://t.co/Ci74KJWzEF", "likes_count": 1, "replies_count": 0, "retweets_count": 1, "hashtags": ["javascript", "components", "es6", "rxjs", "interactive", "react", "100daysofcode", "webdev", "webdevelopment"]}
{"id": 1065387007831085056, "date": "2018-11-21", "time": "18:30:31", "tweet": "@ryanxcharles Yes!!! Cashaddy sucks, most services didn't implement it properly, often you can't even see the whole address when you paste it in, the input boxes are often too short for it, truncating then end.", "likes_count": 5, "replies_count": 0, "retweets_count": 0, "hashtags": []}
{"id": 1065386734777716736, "date": "2018-11-21", "time": "18:29:26", "tweet": "Interesting perspective ... will the same biases on #DiversityandInclusion creep into AI as the input will carry the same legacy ? #ArtificialIntelligence #Bias", "likes_count": 1, "replies_count": 1, "retweets_count": 2, "hashtags": ["diversityandinclusion", "artificialintelligence", "bias"]}
{"id": 1065386509161787393, "date": "2018-11-21", "time": "18:28:32", "tweet": "Since I'm still writing, I can still use input! If there's a book for men about emotions, relationships, sex, and consent, what do you hope is in it? With gratitude in advance, -Eric-", "likes_count": 0, "replies_count": 1, "retweets_count": 0, "hashtags": []}
