{"id": 1058509034297401345, "date": "2018-11-02", "time": "19:59:54", "tweet": "@nichtloR6 Hey there! Thank you very much for your feedback, we sincerely appreciate input from fans of our games, especially Siege! We hope you'll also keep an eye on the forums for game updates and discussion with other players. Let us know if you have any other thoughts or questions!", "likes_count": 0, "replies_count": 0, "retweets_count": 0, "hashtags": []}
{"id": 1058508981105156096, "date": "2018-11-02", "time": "19:59:41", "tweet": "The AirTV-1.25 with 10bit input, and up to 12bit. Screen resolution 3,840x2,160; Size: 4.8mx2.7m. It’s the ideal choice for life-size displays in architectural and automotive design. Boardrooms, conference room, theme parks, museums, broadcast studios, corporate lobbies, showroom  https://t.co/x6eUpCsFyR", "likes_count": 0, "replies_count": 0, "retweets_count": 0, "hashtags": []}
{"id": 1058508960150446081, "date": "2018-11-02", "time": "19:59:36", "tweet": "@adamchahl Earplugs would be useless when \"gunshot\" noises are right outside bedroom windows. Re your concerns, I suggest that you provide @CityofVancouver with that input as it develops the 2019 budget and also report issues to VanConnect or call 311. #vanpoli", "likes_count": 0, "replies_count": 0, "retweets_count": 0, "hashtags": ["vanpoli"]}
{"id": 1058508798371885057, "date": "2018-11-02", "time": "19:58:58", "tweet": "@HubSpotSupport @HubSpot Hi! Sorry I never had time to call this week, but I'm super excited to see that you've fixed the problem and gone back to the original way of putting in URLs. Never had this issue when this was the input method, so that solves everything!", "likes_count": 1, "replies_count": 1, "retweets_count": 0, "hashtags": []}
{"id": 1058508176432058368, "date": "2018-11-02", "time": "19:56:30", "tweet": "Anybody using Ready Math or Illustrative math - results, thoughts, etc?  What about Go Math?  Looking for input on this and/or HMH and Pearson for 9-12...  Thanks #Mathematics #math #mathchat", "likes_count": 1, "replies_count": 0, "retweets_count": 0, "hashtags": ["mathematics", "math", "mathchat"]}
{"id": 1058508161605353473, "date": "2018-11-02", "time": "19:56:26", "tweet": "@zackaintwhack So it tossed me out when inputting high school information, said FAFSA had encountered an error. When logging back in, it had me input my save key, then said I'd started but not submitted, then again with save key...That's the loop.  I tried another browser and it let me finish.", "likes_count": 0, "replies_count": 0, "retweets_count": 0, "hashtags": []}
{"id": 1058508069162967041, "date": "2018-11-02", "time": "19:56:04", "tweet": "@narkspud @escinsider @listenoutsiders Thanks for your input Eric, I had a lot of fun writing it and I've not said anything I want to take back.", "likes_count": 0, "replies_count": 1, "retweets_count": 0, "hashtags": []}
{"id": 1058508063278276608, "date": "2018-11-02", "time": "19:56:03", "tweet": "The AirTV-1.25 with 10bit input, and up to 12bit. Screen resolution 3,840x2,160; Screen size: 4.8mx2.7m.  Brilliant, sparkling whites and deep blacks. It’s the ideal choice for life-size…  https://t.co/K4cs3McEHK", "likes_count": 0, "replies_count": 0, "retweets_count": 0, "hashtags": []}
{"id": 1058507991509397505, "date": "2018-11-02", "time": "19:55:45", "tweet": "@cassie_complex Hearing lots of input - and learning lots of shit - from lots of people who I wouldn't normally get a chance interact with is the thing that keeps me here.", "likes_count": 0, "replies_count": 1, "retweets_count": 0, "hashtags": []}
{"id": 1058507886383558660, "date": "2018-11-02", "time": "19:55:20", "tweet": "@FleetSuperior Thanks for the input. I did like playing base Samus when we played n64 smash at my birthday", "likes_count": 0, "replies_count": 0, "retweets_count": 0, "hashtags": []}
{"id": 1058507772382240769, "date": "2018-11-02", "time": "19:54:53", "tweet": "設定のinputが完了していません。再開するには1を押してください", "likes_count": 0, "replies_count": 0, "retweets_count": 0, "hashtags": []}
{"id": 1058507748311228416, "date": "2018-11-02", "time": "19:54:47", "tweet": "@jarmstrong1919 it’s a tweet. Thanks for the input.", "likes_count": 8, "replies_count": 0, "retweets_count": 0, "hashtags": []}
{"id": 1058507645487865867, "date": "2018-11-02", "time": "19:54:23", "tweet": "@AckerleyMark @Studio_Bim @solamour @ThatBIMthing Noticed a possible error if you input a parameter on its own when it isn't a list, so i have updated it for use.    Also uploaded the code to dynamoPython github repo for use  https://t.co/vuN2freUq0  https://t.co/DWCcM1sksQ", "likes_count": 3, "replies_count": 0, "retweets_count": 0, "hashtags": []}
{"id": 1058507611652284422, "date": "2018-11-02", "time": "19:54:15", "tweet": "@Tyscahya Hi, terimakasih sudah menghubungi kami. Mohon maaf atas ketidaknyamanannya, kami cek pada transaksi kamu sudah terdapat nomor resi di nomor JB0009905206  namun dikhawatirkan resi kamu belum di input ke website pihak jas..  https://t.co/HLlxcDDJcG", "likes_count": 0, "replies_count": 1, "retweets_count": 0, "hashtags": []}
{"id": 1058507440126214145, "date": "2018-11-02", "time": "19:53:34", "tweet": "@PaulKuharskyNFL in normal people jobs, when an employee is struggling usually management talks to them and gets their input on what is working and what is not.  Do NFL players have a say as well? Like D. Henry, would he state his case as to why he isn’t getting yards? #pkmail", "likes_count": 0, "replies_count": 0, "retweets_count": 0, "hashtags": ["pkmail"]}
{"id": 1058507290792341504, "date": "2018-11-02", "time": "19:52:58", "tweet": "Appreciate @BLM_CO thoughtful decision to listen to Coloradans &amp; defer parcels from Dec oil &amp; gas lease sale. @GovofCO &amp; I worked in lockstep to put local input at center of process. We’ll keep working to balance responsible energy development w/other natural resource priorities.", "likes_count": 94, "replies_count": 9, "retweets_count": 18, "hashtags": []}
{"id": 1058507239462526977, "date": "2018-11-02", "time": "19:52:46", "tweet": "immature.  No one in our country should tamper with the news! Report only the facts. Do not add your two senses in. Your input is not needed. Obama takes the credit for our economy! What a joke!! He didn't give us anything, no raises, increases in health care every year,", "likes_count": 0, "replies_count": 0, "retweets_count": 0, "hashtags": []}
{"id": 1058507202342862854, "date": "2018-11-02", "time": "19:52:37", "tweet": "@christa42 @DonnaHinojos7 So what is the verdict?!  Thinking we should tell Phil about this idea on his next Q&amp;A and ask him for his input!🤷‍♀️", "likes_count": 1, "replies_count": 1, "retweets_count": 0, "hashtags": []}
{"id": 1058507167467212801, "date": "2018-11-02", "time": "19:52:29", "tweet": "@Soul_Gardening Did you know our bodies also contain lithium? I wonder if it contributes to keeping us charged up in some minor way. Maybe it's like the CMOS battery in computers that hold the charge to launch the basic input/output on waking.", "likes_count": 0, "replies_count": 0, "retweets_count": 0, "hashtags": []}
{"id": 1058507138874531840, "date": "2018-11-02", "time": "19:52:22", "tweet": "@SteveLloyd001 @Rob_Fleming Hmm...didn't consultation and collaboration with the front line happen as per professional best practices? I would expect that input from the front line service providers would inform and influence all related decision-making. Am I misunderstanding something here?  #bcpoli #bced", "likes_count": 1, "replies_count": 1, "retweets_count": 0, "hashtags": ["bcpoli", "bced"]}
{"id": 1058506841989308418, "date": "2018-11-02", "time": "19:51:11", "tweet": "This has made me giggle for a while.   The AAC app I use to communicate when I can’t speak supports dictation as an input. It’s part of the standard iOS keyboard so has a dedicated button.  Perhaps the least used button in any app ever!  Cc @AssistiveWare  https://t.co/sKv8hgugyT", "likes_count": 18, "replies_count": 3, "retweets_count": 5, "hashtags": []}
{"id": 1058506710791290880, "date": "2018-11-02", "time": "19:50:40", "tweet": "Thanks also to @sharanjit for input!", "likes_count": 2, "replies_count": 0, "retweets_count": 0, "hashtags": []}
{"id": 1058506608177831936, "date": "2018-11-02", "time": "19:50:16", "tweet": "@moniquedhooghe I’m actually a product design student designing ways to make wheelchairs more accessible and I found you on twitter :) Would you be willing to give me your input on these ideas? The questionnaire is super short and fun! If you do, thanks so much! &lt;3   https://t.co/ivmiBLlRUM", "likes_count": 4, "replies_count": 1, "retweets_count": 2, "hashtags": []}
{"id": 1058506047055388673, "date": "2018-11-02", "time": "19:48:02", "tweet": "@rpm1475 I would love to free weight bench but my gym only provides Smith machines for the benching. I've been using the Smith for sometime now so I'm pretty used to it with the stress on the shoulders. Thanks for the input!", "likes_count": 0, "replies_count": 1, "retweets_count": 0, "hashtags": []}
{"id": 1058506027736416260, "date": "2018-11-02", "time": "19:47:57", "tweet": "Had one hell of an inspiring band workshop today with some most loveable and creative people. There was pizza, laughter and a lot of productive criticism and thoughts. Will need to sort out all the input and ideas. Can say that much: a lot of cool things about to happen soon 🖤🤩", "likes_count": 1, "replies_count": 0, "retweets_count": 0, "hashtags": []}
{"id": 1058505701624934400, "date": "2018-11-02", "time": "19:46:40", "tweet": "Whites Crk is a low order stream (no upstream confluences) so most of primary productivity is riparian input. There may be low amounts algae but since there’s low nutrient input, leaves are the main source of food for 2 functional feeding groups: shredders &amp; collectors.  https://t.co/5sWJNgDgtj", "likes_count": 20, "replies_count": 1, "retweets_count": 1, "hashtags": []}
{"id": 1058505533739675649, "date": "2018-11-02", "time": "19:45:59", "tweet": "@v_input_output I'd be interested in saying some things that piss off some people there...", "likes_count": 1, "replies_count": 0, "retweets_count": 0, "hashtags": []}
{"id": 1058505389992480768, "date": "2018-11-02", "time": "19:45:25", "tweet": "@twitchyspoonie Hey! I'm actually a product design student designing ways to make wheelchairs more accessible and I found you on twitter :) Would you be willing to give me your input on these ideas? The questionnaire is super short and fun! If you do, thanks so much! &lt;3   https://t.co/ivmiBLlRUM", "likes_count": 0, "replies_count": 1, "retweets_count": 0, "hashtags": []}
{"id": 1058505339962843139, "date": "2018-11-02", "time": "19:45:13", "tweet": "@rking7066 Thank you for the input. It confirms to me that I was correct as to the strengths of both. It is just about making a decision at this point!", "likes_count": 0, "replies_count": 1, "retweets_count": 0, "hashtags": []}
{"id": 1058505333679816706, "date": "2018-11-02", "time": "19:45:12", "tweet": "@inpredict Very cool.  So it uses historical closing odds as the only input?", "likes_count": 0, "replies_count": 1, "retweets_count": 0, "hashtags": []}
{"id": 1058505283805294592, "date": "2018-11-02", "time": "19:45:00", "tweet": "The age of voice assistance and a new input paradigm by @stonetemple  https://t.co/NIjNKIz8Hx", "likes_count": 0, "replies_count": 0, "retweets_count": 0, "hashtags": []}
{"id": 1058505196626677760, "date": "2018-11-02", "time": "19:44:39", "tweet": "@V3rifiedAlts i bought a optifine account and when i input the details it says that it is the wrong combination", "likes_count": 0, "replies_count": 0, "retweets_count": 0, "hashtags": []}
{"id": 1058505111780114432, "date": "2018-11-02", "time": "19:44:19", "tweet": "@davidhartshorne True - I have to admit I have not used polls much but thinking of inviting everyone to have an input - such as joint project dances - I think a balance should be kept if I am reading that right - cheers, food for thought :)", "likes_count": 1, "replies_count": 0, "retweets_count": 0, "hashtags": []}
{"id": 1058505005756567552, "date": "2018-11-02", "time": "19:43:54", "tweet": "@chrislhayes @matthewjsinger Foxconn has been promised a vast amount of water necessary for this business also. Signing away water doesn't only affect Walker's state, it shouldn't have been granted without  input of everyone depending on the Great Lakes.", "likes_count": 13, "replies_count": 0, "retweets_count": 3, "hashtags": []}
{"id": 1058504993093824513, "date": "2018-11-02", "time": "19:43:51", "tweet": "@georgeludwig I've been missing your input George! Hope you are well and good. I'm up N in Sonoma County and hope to meet up one if these days.Getting to be an old tired shit and invite engagement with like minded musicians and music lovers. All the best!", "likes_count": 0, "replies_count": 0, "retweets_count": 0, "hashtags": []}
{"id": 1058504844166582272, "date": "2018-11-02", "time": "19:43:15", "tweet": "The Town of Los Gatos, in partnership with Safe Routes to School, is soliciting input on what improvements will be beneficial to school students who walk and bike to school. This survey takes about 1 minute to complete and does not ask personal info.  https://t.co/QthHXEAJeR", "likes_count": 0, "replies_count": 0, "retweets_count": 0, "hashtags": []}
{"id": 1058504667066449926, "date": "2018-11-02", "time": "19:42:33", "tweet": "@KentBrockman13 Remember Obama's terse comment to Paul Ryan during the \"bipartisan\" discussions about Republican input on Obamacare. \"I won.\"", "likes_count": 0, "replies_count": 0, "retweets_count": 0, "hashtags": []}
{"id": 1058504628147572742, "date": "2018-11-02", "time": "19:42:24", "tweet": "there’s such a hilariously clear degree of separation between singles/friend groups and couples here   it’s like nothing i’ve ever seen lmao", "likes_count": 0, "replies_count": 1, "retweets_count": 0, "hashtags": []}
{"id": 1058504545637097473, "date": "2018-11-02", "time": "19:42:04", "tweet": "@robdel12 If you have some input on how you'd like to solve the problem, there is an open PR by @pshrmn that adds a &lt;Focus&gt; component to react-router-dom. Check it out!  https://t.co/FOWgontO5p", "likes_count": 5, "replies_count": 1, "retweets_count": 1, "hashtags": []}
{"id": 1058504469950930944, "date": "2018-11-02", "time": "19:41:46", "tweet": "@NelsonForSenate @ScottforFlorida So Scott invests in companies that do business with the state while he’s governor, he makes millions, he claims his “blind trust” made the investments w/o his input? And voters don’t see that he’s used his office for personal gain?", "likes_count": 7, "replies_count": 0, "retweets_count": 3, "hashtags": []}
{"id": 1058504468780724226, "date": "2018-11-02", "time": "19:41:46", "tweet": "@StephenFarryMLA @naomi_long Does this backstop involve checks on Asda delivers to Northern Ireland? Does it also involve Northern Ireland accepting trade rules without any input by Northern Ireland MLAs &amp; MPs?", "likes_count": 0, "replies_count": 0, "retweets_count": 0, "hashtags": []}
{"id": 1058504417572462593, "date": "2018-11-02", "time": "19:41:33", "tweet": "The president doesn't have input to the budget though. Next. #latelate", "likes_count": 1, "replies_count": 0, "retweets_count": 0, "hashtags": ["latelate"]}
{"id": 1058504384290660353, "date": "2018-11-02", "time": "19:41:25", "tweet": "@MithrieMenethil @NvidiaGFN This is the exact opposite of my experience with @NvidiaGFN  Huge input lag, massive stuttering and obvious skipped frames. Playing on a 970gtx should be way better than that.", "likes_count": 1, "replies_count": 1, "retweets_count": 0, "hashtags": []}
{"id": 1058504328313475073, "date": "2018-11-02", "time": "19:41:12", "tweet": "#linux #media  [PATCH] Input: Add missing event codes for common IR remote buttons  https://t.co/qXmhqOCYxM", "likes_count": 0, "replies_count": 0, "retweets_count": 0, "hashtags": ["linux", "media"]}
{"id": 1058504114588540929, "date": "2018-11-02", "time": "19:40:21", "tweet": "I'm playing games on iCashApp and it's so much fun! You can earn money as well playing game. Download it, input the refer code T9DJ36B get free 5USD.", "likes_count": 0, "replies_count": 0, "retweets_count": 0, "hashtags": []}
{"id": 1058504053808918533, "date": "2018-11-02", "time": "19:40:07", "tweet": "@Emdiane871 Noted. Thanks for your input. 💜", "likes_count": 1, "replies_count": 0, "retweets_count": 0, "hashtags": []}
{"id": 1058504034976448513, "date": "2018-11-02", "time": "19:40:02", "tweet": "@urmysweetener @keepbreathhin no one asked for ur input", "likes_count": 2, "replies_count": 3, "retweets_count": 0, "hashtags": []}
{"id": 1058503811617247232, "date": "2018-11-02", "time": "19:39:09", "tweet": "@bethanyschembri Hey Bethany, I'm a product design student designing ways to make wheelchairs more accessible and I found you on twitter :) Would you be willing to give me your input on a few ideas? The questionnaire is super short and fun! If you do, thanks so much! &lt;3   https://t.co/ivmiBLlRUM", "likes_count": 0, "replies_count": 1, "retweets_count": 0, "hashtags": []}
{"id": 1058503774904315905, "date": "2018-11-02", "time": "19:39:00", "tweet": "โซล่าเซลล์ dc to dc boost converter input 24-300 vdc 10 amps output max 400 vdc การดู 7,758 ครั้ง  19  2  แชร์  บันทึก  Sompong Tungmepol เผยแพร่เมื่อ 26 มี.ค. 2013...  https://t.co/2DZ0DlDtuN", "likes_count": 0, "replies_count": 0, "retweets_count": 0, "hashtags": []}
{"id": 1058503598156455936, "date": "2018-11-02", "time": "19:38:18", "tweet": "Clap for the truth.   I had to take a break from listening to Dare To Lead,  last week I was having a hard time processing auditory input. That said, I picked it back up today, in the middle of Brene describing what...  https://t.co/tqvtafUZiN", "likes_count": 0, "replies_count": 0, "retweets_count": 0, "hashtags": []}
{"id": 1058503589843230720, "date": "2018-11-02", "time": "19:38:16", "tweet": "You are invited to share your ideas and provide input on what YOU want Loveland's #Highway402Corridor to look like in the future. The Open House/Community Discussion is set for 5:30-7 p.m. on Wed., Nov. 14. Details:  https://t.co/QlEIFyqmOS  https://t.co/TT3Kzqos6t", "likes_count": 0, "replies_count": 0, "retweets_count": 1, "hashtags": ["highway402corridor"]}
{"id": 1058503579668017154, "date": "2018-11-02", "time": "19:38:14", "tweet": "@wiz_ardpc @Arron_banks @ElectoralCommUK @carolecadwalla @Channel4News Good input, worthwhile, thanks.", "likes_count": 0, "replies_count": 2, "retweets_count": 0, "hashtags": []}
{"id": 1058503574185959424, "date": "2018-11-02", "time": "19:38:12", "tweet": "I was honoured to participate in an Indigenous Inclusion panel at the @YoungMsEnergy Young Women in Energy (YWE) summit with a thought provoking discussion and input from Anne Harding, Annie Korver and Deborah Green.Thank you, YWE, you and your team have done a superb job!  https://t.co/GOVic2IK2Q", "likes_count": 2, "replies_count": 0, "retweets_count": 1, "hashtags": []}
{"id": 1058503466551635968, "date": "2018-11-02", "time": "19:37:47", "tweet": "@TheyBeLikeSWAG @YESProp11 I’m putting in my input because I will soon be applying to work for AMR since it’s the 911 EMS provider in my county, and it will therefore affect me as well as all other current and future EMS professionals.", "likes_count": 0, "replies_count": 0, "retweets_count": 0, "hashtags": []}
{"id": 1058503396720807942, "date": "2018-11-02", "time": "19:37:30", "tweet": "@WillJPowers @Gaohmee @cb_interactive_ Phones have technical limitations from input hardware to gpu power. Genres like Fps or action rpgs that rely on comfortable movement or control of a camera or insane graphics are probably not going to render well on this platform. That's not toxicity it's just facts", "likes_count": 170, "replies_count": 2, "retweets_count": 1, "hashtags": []}
{"id": 1058503238968848384, "date": "2018-11-02", "time": "19:36:52", "tweet": "@Fallout @DudeRabbi friend input via website, it redeem successful", "likes_count": 0, "replies_count": 0, "retweets_count": 0, "hashtags": []}
{"id": 1058503226545172480, "date": "2018-11-02", "time": "19:36:49", "tweet": "sensory input 感覚入力", "likes_count": 0, "replies_count": 0, "retweets_count": 0, "hashtags": []}
{"id": 1058503044848107527, "date": "2018-11-02", "time": "19:36:06", "tweet": "@ObaSpirit input lag/20", "likes_count": 0, "replies_count": 1, "retweets_count": 0, "hashtags": []}
{"id": 1058503028662300672, "date": "2018-11-02", "time": "19:36:02", "tweet": "@BadSpeedruns @v_input_output @vetos_ He’s so good.", "likes_count": 0, "replies_count": 0, "retweets_count": 0, "hashtags": []}
{"id": 1058502586930790402, "date": "2018-11-02", "time": "19:34:17", "tweet": "And then that leads into game design eventually, but everyone has such great input on all sorts of subjects that are fresh and interesting", "likes_count": 4, "replies_count": 1, "retweets_count": 0, "hashtags": []}
{"id": 1058502512670621697, "date": "2018-11-02", "time": "19:33:59", "tweet": "@futurepaul @reckless @backlon I don’t know how you’d use the new iPad Pro for music production anymore. w/o 🎧 jack, you’d need to plug a dongle into a dongle just to have an input device and a playback device.", "likes_count": 0, "replies_count": 0, "retweets_count": 0, "hashtags": []}
{"id": 1058502415408869376, "date": "2018-11-02", "time": "19:33:36", "tweet": "@SpudSlingsby @OOOfarmer @trout253 @CallumAgric My aim here is low input but maintain high output.  It’s worked before with just glyphosate post drilling &amp; that’s how I will approach 90% of our area this year.  Just 10% I’m going to push it further on and try without the glypho, we need to get the r&amp;d  in so we are prepared", "likes_count": 2, "replies_count": 1, "retweets_count": 0, "hashtags": []}
{"id": 1058502191529508870, "date": "2018-11-02", "time": "19:32:43", "tweet": "@Landy_Griff I think I need to go and have a look and see if it’s as nice as it appears. Thanks for the input 😀", "likes_count": 1, "replies_count": 0, "retweets_count": 0, "hashtags": []}
{"id": 1058502012008984576, "date": "2018-11-02", "time": "19:32:00", "tweet": "Are you a leader, or responsible for human resources, at a small organization (fewer than 500 employees)? If you are, Cornell University needs your input! To take the survey:  https://t.co/UYgxoN90FS  https://t.co/WPRfWVgj8V", "likes_count": 0, "replies_count": 0, "retweets_count": 0, "hashtags": []}
{"id": 1058501778474438656, "date": "2018-11-02", "time": "19:31:04", "tweet": "I'm playing games on iCashApp and it's so much fun! You can earn money as well playing game. Download it, input the refer code WKCQ4MD get free 5USD.", "likes_count": 1, "replies_count": 0, "retweets_count": 0, "hashtags": []}
{"id": 1058501738368512000, "date": "2018-11-02", "time": "19:30:55", "tweet": "@OGdaddyALAN what the fuck is your problem? like you seem like you really got one . so express it🤔. you decided to put you some input in when i posted my money earlier . by saying it wasn’t long . SO if you can say that you gotta be a baller or something with WAY more money than me right?", "likes_count": 0, "replies_count": 1, "retweets_count": 0, "hashtags": []}
{"id": 1058501657607241733, "date": "2018-11-02", "time": "19:30:35", "tweet": "@JerikoRns Give me your input, thoughts, and concerns. Go to college and make ur free time busy with classes to study for because you clearly have nothing productive to do or say. Thank you sir. Now hop off my thread.", "likes_count": 0, "replies_count": 0, "retweets_count": 0, "hashtags": []}
{"id": 1058501624770031616, "date": "2018-11-02", "time": "19:30:28", "tweet": "@ChristosArgyrop @venkmurthy @barttels2 @RossNesbit @drjohnm @RogueRad @adamcifu Have you made your comment on the CMS site that’s seeking input on ABPM reimbursement? Do it soon (public comment closes Nov 8)   https://t.co/ud7b3Hliim", "likes_count": 5, "replies_count": 1, "retweets_count": 0, "hashtags": []}
{"id": 1058501587327315968, "date": "2018-11-02", "time": "19:30:19", "tweet": "@Spearrz @katiehebreo", "likes_count": 0, "replies_count": 0, "retweets_count": 0, "hashtags": []}
{"id": 1058501447258501121, "date": "2018-11-02", "time": "19:29:45", "tweet": "@jaketapper @MichaelCohen212 I don’t need Cohen’s input to know Trump is a racist asshat. I also know he’s now “tainted.” People will just believe he’s saying stuff out of spite", "likes_count": 0, "replies_count": 0, "retweets_count": 0, "hashtags": []}
{"id": 1058501395274522624, "date": "2018-11-02", "time": "19:29:33", "tweet": "@Baba9773 @sunhawk02 @MichaelENewton1 @unseen1_unseen @athein1 @athein1 is another of my favorite bookmarks! Yes, been following his input on NV and FL closely.", "likes_count": 2, "replies_count": 0, "retweets_count": 0, "hashtags": []}
{"id": 1058501359102681089, "date": "2018-11-02", "time": "19:29:24", "tweet": "I'm playing games on iCashApp and it's so much fun! You can earn money as well playing game. Download it, input the refer code 3G83BXE get free 5USD.", "likes_count": 0, "replies_count": 0, "retweets_count": 0, "hashtags": []}
{"id": 1058501323732086784, "date": "2018-11-02", "time": "19:29:16", "tweet": "@US_FDA Seeks Public Input on Research, Strategies to Help Addicted Kids Quit Using #Ecigs.  https://t.co/9nbL56vYfv", "likes_count": 0, "replies_count": 0, "retweets_count": 0, "hashtags": ["ecigs"]}
{"id": 1058501320951431169, "date": "2018-11-02", "time": "19:29:15", "tweet": "Huge thanks to our cashier Cindy for pushing metrics on the Front End. She input 2 leads and 15 credit apps this week. #livingourvalues  https://t.co/wkMvDrns4E", "likes_count": 9, "replies_count": 2, "retweets_count": 0, "hashtags": ["livingourvalues"]}
{"id": 1058501307877732352, "date": "2018-11-02", "time": "19:29:12", "tweet": "@totalcards7 Gotcha. Sorry for any trouble along the way! We've passed along your feedback on this to our team for review. We appreciate your input!", "likes_count": 0, "replies_count": 0, "retweets_count": 0, "hashtags": []}
{"id": 1058501222108356609, "date": "2018-11-02", "time": "19:28:52", "tweet": "@nikkimedina_ Condom head is a lifestyle not a choice", "likes_count": 0, "replies_count": 0, "retweets_count": 0, "hashtags": []}
{"id": 1058501211161223168, "date": "2018-11-02", "time": "19:28:49", "tweet": "I am voting in a state where they make it really easy to vote. It should be like this everywhere. But more importantly, here in CA, you have little excuse not to vote, and there are big issues (beyond candidates) that deserve your input.", "likes_count": 0, "replies_count": 0, "retweets_count": 0, "hashtags": []}
{"id": 1058500869434552320, "date": "2018-11-02", "time": "19:27:27", "tweet": "#linux #clock  Re: [PATCH 6/8] Input: olpc_apsp: check FIFO status on open(), not probe()  https://t.co/zNCpplomUu", "likes_count": 0, "replies_count": 0, "retweets_count": 0, "hashtags": ["linux", "clock"]}
{"id": 1058500730531790848, "date": "2018-11-02", "time": "19:26:54", "tweet": "How many times a day do you consciously relax your body and pause from all your stressors ? 🤔🤔 • • By pushing your palms together and holding for 5 to 10 seconds, you give your body “proprioceptive input” which lets your body know where it is in space🧘🏽‍♀️🤲🏽☮️ • • Yogetree w…  https://t.co/PEiEn4MLyP", "likes_count": 0, "replies_count": 0, "retweets_count": 0, "hashtags": []}
{"id": 1058500711292399616, "date": "2018-11-02", "time": "19:26:50", "tweet": "@OkiDingo @heidiheilig Mr. Dingdong clearly you grew up mexican in a small idaho town. Oh no? Our taters dont want your #salty #racist input  #NativeIdahoan", "likes_count": 0, "replies_count": 0, "retweets_count": 1, "hashtags": ["salty", "racist", "nativeidahoan"]}
{"id": 1058509034297401345, "date": "2018-11-02", "time": "19:59:54", "tweet": "@nichtloR6 Hey there! Thank you very much for your feedback, we sincerely appreciate input from fans of our games, especially Siege! We hope you'll also keep an eye on the forums for game updates and discussion with other players. Let us know if you have any other thoughts or questions!", "likes_count": 0, "replies_count": 0, "retweets_count": 0, "hashtags": []}
{"id": 1058508981105156096, "date": "2018-11-02", "time": "19:59:41", "tweet": "The AirTV-1.25 with 10bit input, and up to 12bit. Screen resolution 3,840x2,160; Size: 4.8mx2.7m. It’s the ideal choice for life-size displays in architectural and automotive design. Boardrooms, conference room, theme parks, museums, broadcast studios, corporate lobbies, showroom  https://t.co/x6eUpCsFyR", "likes_count": 0, "replies_count": 0, "retweets_count": 0, "hashtags": []}
{"id": 1058508960150446081, "date": "2018-11-02", "time": "19:59:36", "tweet": "@adamchahl Earplugs would be useless when \"gunshot\" noises are right outside bedroom windows. Re your concerns, I suggest that you provide @CityofVancouver with that input as it develops the 2019 budget and also report issues to VanConnect or call 311. #vanpoli", "likes_count": 0, "replies_count": 0, "retweets_count": 0, "hashtags": ["vanpoli"]}
{"id": 1058508798371885057, "date": "2018-11-02", "time": "19:58:58", "tweet": "@HubSpotSupport @HubSpot Hi! Sorry I never had time to call this week, but I'm super excited to see that you've fixed the problem and gone back to the original way of putting in URLs. Never had this issue when this was the input method, so that solves everything!", "likes_count": 1, "replies_count": 1, "retweets_count": 0, "hashtags": []}
{"id": 1058508176432058368, "date": "2018-11-02", "time": "19:56:30", "tweet": "Anybody using Ready Math or Illustrative math - results, thoughts, etc?  What about Go Math?  Looking for input on this and/or HMH and Pearson for 9-12...  Thanks #Mathematics #math #mathchat", "likes_count": 1, "replies_count": 0, "retweets_count": 0, "hashtags": ["mathematics", "math", "mathchat"]}
{"id": 1058508161605353473, "date": "2018-11-02", "time": "19:56:26", "tweet": "@zackaintwhack So it tossed me out when inputting high school information, said FAFSA had encountered an error. When logging back in, it had me input my save key, then said I'd started but not submitted, then again with save key...That's the loop.  I tried another browser and it let me finish.", "likes_count": 0, "replies_count": 0, "retweets_count": 0, "hashtags": []}
{"id": 1058508069162967041, "date": "2018-11-02", "time": "19:56:04", "tweet": "@narkspud @escinsider @listenoutsiders Thanks for your input Eric, I had a lot of fun writing it and I've not said anything I want to take back.", "likes_count": 0, "replies_count": 1, "retweets_count": 0, "hashtags": []}
{"id": 1058508063278276608, "date": "2018-11-02", "time": "19:56:03", "tweet": "The AirTV-1.25 with 10bit input, and up to 12bit. Screen resolution 3,840x2,160; Screen size: 4.8mx2.7m.  Brilliant, sparkling whites and deep blacks. It’s the ideal choice for life-size…  https://t.co/K4cs3McEHK", "likes_count": 0, "replies_count": 0, "retweets_count": 0, "hashtags": []}
{"id": 1058507991509397505, "date": "2018-11-02", "time": "19:55:45", "tweet": "@cassie_complex Hearing lots of input - and learning lots of shit - from lots of people who I wouldn't normally get a chance interact with is the thing that keeps me here.", "likes_count": 0, "replies_count": 1, "retweets_count": 0, "hashtags": []}
{"id": 1058507886383558660, "date": "2018-11-02", "time": "19:55:20", "tweet": "@FleetSuperior Thanks for the input. I did like playing base Samus when we played n64 smash at my birthday", "likes_count": 0, "replies_count": 0, "retweets_count": 0, "hashtags": []}
{"id": 1058507772382240769, "date": "2018-11-02", "time": "19:54:53", "tweet": "設定のinputが完了していません。再開するには1を押してください", "likes_count": 0, "replies_count": 0, "retweets_count": 0, "hashtags": []}
{"id": 1058507748311228416, "date": "2018-11-02", "time": "19:54:47", "tweet": "@jarmstrong1919 it’s a tweet. Thanks for the input.", "likes_count": 8, "replies_count": 0, "retweets_count": 0, "hashtags": []}
{"id": 1058507645487865867, "date": "2018-11-02", "time": "19:54:23", "tweet": "@AckerleyMark @Studio_Bim @solamour @ThatBIMthing Noticed a possible error if you input a parameter on its own when it isn't a list, so i have updated it for use.    Also uploaded the code to dynamoPython github repo for use  https://t.co/vuN2freUq0  https://t.co/DWCcM1sksQ", "likes_count": 3, "replies_count": 0, "retweets_count": 0, "hashtags": []}
{"id": 1058507611652284422, "date": "2018-11-02", "time": "19:54:15", "tweet": "@Tyscahya Hi, terimakasih sudah menghubungi kami. Mohon maaf atas ketidaknyamanannya, kami cek pada transaksi kamu sudah terdapat nomor resi di nomor JB0009905206  namun dikhawatirkan resi kamu belum di input ke website pihak jas..  https://t.co/HLlxcDDJcG", "likes_count": 0, "replies_count": 1, "retweets_count": 0, "hashtags": []}
{"id": 1058507440126214145, "date": "2018-11-02", "time": "19:53:34", "tweet": "@PaulKuharskyNFL in normal people jobs, when an employee is struggling usually management talks to them and gets their input on what is working and what is not.  Do NFL players have a say as well? Like D. Henry, would he state his case as to why he isn’t getting yards? #pkmail", "likes_count": 0, "replies_count": 0, "retweets_count": 0, "hashtags": ["pkmail"]}
{"id": 1058507290792341504, "date": "2018-11-02", "time": "19:52:58", "tweet": "Appreciate @BLM_CO thoughtful decision to listen to Coloradans &amp; defer parcels from Dec oil &amp; gas lease sale. @GovofCO &amp; I worked in lockstep to put local input at center of process. We’ll keep working to balance responsible energy development w/other natural resource priorities.", "likes_count": 94, "replies_count": 9, "retweets_count": 18, "hashtags": []}
{"id": 1058507239462526977, "date": "2018-11-02", "time": "19:52:46", "tweet": "immature.  No one in our country should tamper with the news! Report only the facts. Do not add your two senses in. Your input is not needed. Obama takes the credit for our economy! What a joke!! He didn't give us anything, no raises, increases in health care every year,", "likes_count": 0, "replies_count": 0, "retweets_count": 0, "hashtags": []}
{"id": 1058507202342862854, "date": "2018-11-02", "time": "19:52:37", "tweet": "@christa42 @DonnaHinojos7 So what is the verdict?!  Thinking we should tell Phil about this idea on his next Q&amp;A and ask him for his input!🤷‍♀️", "likes_count": 1, "replies_count": 1, "retweets_count": 0, "hashtags": []}
{"id": 1058507167467212801, "date": "2018-11-02", "time": "19:52:29", "tweet": "@Soul_Gardening Did you know our bodies also contain lithium? I wonder if it contributes to keeping us charged up in some minor way. Maybe it's like the CMOS battery in computers that hold the charge to launch the basic input/output on waking.", "likes_count": 0, "replies_count": 0, "retweets_count": 0, "hashtags": []}
{"id": 1058507138874531840, "date": "2018-11-02", "time": "19:52:22", "tweet": "@SteveLloyd001 @Rob_Fleming Hmm...didn't consultation and collaboration with the front line happen as per professional best practices? I would expect that input from the front line service providers would inform and influence all related decision-making. Am I misunderstanding something here?  #bcpoli #bced", "likes_count": 1, "replies_count": 1, "retweets_count": 0, "hashtags": ["bcpoli", "bced"]}
{"id": 1058506841989308418, "date": "2018-11-02", "time": "19:51:11", "tweet": "This has made me giggle for a while.   The AAC app I use to communicate when I can’t speak supports dictation as an input. It’s part of the standard iOS keyboard so has a dedicated button.  Perhaps the least used button in any app ever!  Cc @AssistiveWare  https://t.co/sKv8hgugyT", "likes_count": 18, "replies_count": 3, "retweets_count": 5, "hashtags": []}
{"id": 1058506710791290880, "date": "2018-11-02", "time": "19:50:40", "tweet": "Thanks also to @sharanjit for input!", "likes_count": 2, "replies_count": 0, "retweets_count": 0, "hashtags": []}
{"id": 1058506608177831936, "date": "2018-11-02", "time": "19:50:16", "tweet": "@moniquedhooghe I’m actually a product design student designing ways to make wheelchairs more accessible and I found you on twitter :) Would you be willing to give me your input on these ideas? The questionnaire is super short and fun! If you do, thanks so much! &lt;3   https://t.co/ivmiBLlRUM", "likes_count": 4, "replies_count": 1, "retweets_count": 2, "hashtags": []}
{"id": 1058506047055388673, "date": "2018-11-02", "time": "19:48:02", "tweet": "@rpm1475 I would love to free weight bench but my gym only provides Smith machines for the benching. I've been using the Smith for sometime now so I'm pretty used to it with the stress on the shoulders. Thanks for the input!", "likes_count": 0, "replies_count": 1, "retweets_count": 0, "hashtags": []}
{"id": 1058506027736416260, "date": "2018-11-02", "time": "19:47:57", "tweet": "Had one hell of an inspiring band workshop today with some most loveable and creative people. There was pizza, laughter and a lot of productive criticism and thoughts. Will need to sort out all the input and ideas. Can say that much: a lot of cool things about to happen soon 🖤🤩", "likes_count": 1, "replies_count": 0, "retweets_count": 0, "hashtags": []}
{"id": 1058505701624934400, "date": "2018-11-02", "time": "19:46:40", "tweet": "Whites Crk is a low order stream (no upstream confluences) so most of primary productivity is riparian input. There may be low amounts algae but since there’s low nutrient input, leaves are the main source of food for 2 functional feeding groups: shredders &amp; collectors.  https://t.co/5sWJNgDgtj", "likes_count": 20, "replies_count": 1, "retweets_count": 1, "hashtags": []}
{"id": 1058505533739675649, "date": "2018-11-02", "time": "19:45:59", "tweet": "@v_input_output I'd be interested in saying some things that piss off some people there...", "likes_count": 1, "replies_count": 0, "retweets_count": 0, "hashtags": []}
{"id": 1058505389992480768, "date": "2018-11-02", "time": "19:45:25", "tweet": "@twitchyspoonie Hey! I'm actually a product design student designing ways to make wheelchairs more accessible and I found you on twitter :) Would you be willing to give me your input on these ideas? The questionnaire is super short and fun! If you do, thanks so much! &lt;3   https://t.co/ivmiBLlRUM", "likes_count": 0, "replies_count": 1, "retweets_count": 0, "hashtags": []}
{"id": 1058505339962843139, "date": "2018-11-02", "time": "19:45:13", "tweet": "@rking7066 Thank you for the input. It confirms to me that I was correct as to the strengths of both. It is just about making a decision at this point!", "likes_count": 0, "replies_count": 1, "retweets_count": 0, "hashtags": []}
{"id": 1058505333679816706, "date": "2018-11-02", "time": "19:45:12", "tweet": "@inpredict Very cool.  So it uses historical closing odds as the only input?", "likes_count": 0, "replies_count": 1, "retweets_count": 0, "hashtags": []}
{"id": 1058505283805294592, "date": "2018-11-02", "time": "19:45:00", "tweet": "The age of voice assistance and a new input paradigm by @stonetemple  https://t.co/NIjNKIz8Hx", "likes_count": 0, "replies_count": 0, "retweets_count": 0, "hashtags": []}
{"id": 1058505196626677760, "date": "2018-11-02", "time": "19:44:39", "tweet": "@V3rifiedAlts i bought a optifine account and when i input the details it says that it is the wrong combination", "likes_count": 0, "replies_count": 0, "retweets_count": 0, "hashtags": []}
{"id": 1058505111780114432, "date": "2018-11-02", "time": "19:44:19", "tweet": "@davidhartshorne True - I have to admit I have not used polls much but thinking of inviting everyone to have an input - such as joint project dances - I think a balance should be kept if I am reading that right - cheers, food for thought :)", "likes_count": 1, "replies_count": 0, "retweets_count": 0, "hashtags": []}
{"id": 1058505005756567552, "date": "2018-11-02", "time": "19:43:54", "tweet": "@chrislhayes @matthewjsinger Foxconn has been promised a vast amount of water necessary for this business also. Signing away water doesn't only affect Walker's state, it shouldn't have been granted without  input of everyone depending on the Great Lakes.", "likes_count": 13, "replies_count": 0, "retweets_count": 3, "hashtags": []}
{"id": 1058504993093824513, "date": "2018-11-02", "time": "19:43:51", "tweet": "@georgeludwig I've been missing your input George! Hope you are well and good. I'm up N in Sonoma County and hope to meet up one if these days.Getting to be an old tired shit and invite engagement with like minded musicians and music lovers. All the best!", "likes_count": 0, "replies_count": 0, "retweets_count": 0, "hashtags": []}
{"id": 1058504844166582272, "date": "2018-11-02", "time": "19:43:15", "tweet": "The Town of Los Gatos, in partnership with Safe Routes to School, is soliciting input on what improvements will be beneficial to school students who walk and bike to school. This survey takes about 1 minute to complete and does not ask personal info.  https://t.co/QthHXEAJeR", "likes_count": 0, "replies_count": 0, "retweets_count": 0, "hashtags": []}
{"id": 1058504667066449926, "date": "2018-11-02", "time": "19:42:33", "tweet": "@KentBrockman13 Remember Obama's terse comment to Paul Ryan during the \"bipartisan\" discussions about Republican input on Obamacare. \"I won.\"", "likes_count": 0, "replies_count": 0, "retweets_count": 0, "hashtags": []}
{"id": 1058504628147572742, "date": "2018-11-02", "time": "19:42:24", "tweet": "there’s such a hilariously clear degree of separation between singles/friend groups and couples here   it’s like nothing i’ve ever seen lmao", "likes_count": 0, "replies_count": 1, "retweets_count": 0, "hashtags": []}
{"id": 1058504545637097473, "date": "2018-11-02", "time": "19:42:04", "tweet": "@robdel12 If you have some input on how you'd like to solve the problem, there is an open PR by @pshrmn that adds a &lt;Focus&gt; component to react-router-dom. Check it out!  https://t.co/FOWgontO5p", "likes_count": 5, "replies_count": 1, "retweets_count": 1, "hashtags": []}
{"id": 1058504469950930944, "date": "2018-11-02", "time": "19:41:46", "tweet": "@NelsonForSenate @ScottforFlorida So Scott invests in companies that do business with the state while he’s governor, he makes millions, he claims his “blind trust” made the investments w/o his input? And voters don’t see that he’s used his office for personal gain?", "likes_count": 7, "replies_count": 0, "retweets_count": 3, "hashtags": []}
