{"id": 1046912635675926529, "date": "2018-10-01", "time": "19:59:57", "tweet": "@BKNgoid Pagi min, jika sudah masuk ke helpdesk dan sudah memasukan data yang diminta. Lalu proses input / perbaikan tersebutdari bkn brp lama ya? @BKNgoid", "likes_count": 0, "replies_count": 0, "retweets_count": 0, "hashtags": []}
{"id": 1046912588401930240, "date": "2018-10-01", "time": "19:59:46", "tweet": "Hoes on twitter swear I follow them for their Poli-Socio input", "likes_count": 0, "replies_count": 0, "retweets_count": 0, "hashtags": []}
{"id": 1046912470101708802, "date": "2018-10-01", "time": "19:59:18", "tweet": "@NFortmeyer Thank you for the input, Nina! I appreciate it!", "likes_count": 0, "replies_count": 0, "retweets_count": 0, "hashtags": []}
{"id": 1046912221698244609, "date": "2018-10-01", "time": "19:58:18", "tweet": "Looking for input on lighting and electrical for our build  https://t.co/PzXppVg1oV", "likes_count": 0, "replies_count": 0, "retweets_count": 0, "hashtags": []}
{"id": 1046912195819450368, "date": "2018-10-01", "time": "19:58:12", "tweet": "3) \"The composite created by this process is malleable &amp; evolves over time as additional input is received. In fact, a leading proponent of this theory has written that memory is 'being continually remade [and] reconstructed in the interest of the present.'\" #ChristineBlaseyFord", "likes_count": 4, "replies_count": 1, "retweets_count": 3, "hashtags": ["christineblaseyford"]}
{"id": 1046911955422912513, "date": "2018-10-01", "time": "19:57:15", "tweet": "ok, need some input here. what should my spoopy name be? can't escape from crossing fate.", "likes_count": 1, "replies_count": 2, "retweets_count": 0, "hashtags": []}
{"id": 1046911947688611841, "date": "2018-10-01", "time": "19:57:13", "tweet": "@PlussInspires Thanks for your support. As part of this shirt film we aim to get to the bottom of this stigma and change the perception once and for all. Message me directly if you wish to have an input in this epic film production.  🎧THE SOUNDTRACK  https://t.co/H7k0u2srgb", "likes_count": 0, "replies_count": 0, "retweets_count": 0, "hashtags": []}
{"id": 1046911808114778112, "date": "2018-10-01", "time": "19:56:40", "tweet": "@SPS5E @classcraftgame Oh wow, that's magic! Have you used it for in class things as well? mostly I'm worried it's going to be too much teacher input/time to be practical", "likes_count": 1, "replies_count": 2, "retweets_count": 0, "hashtags": []}
{"id": 1046911564652015617, "date": "2018-10-01", "time": "19:55:42", "tweet": "i wanna use utau again but goD its just such a pain in the ass having to input every single phoneme instead of just putting a note and then typing in the entire syllable and it uses the correct phonemes n shit.......vocaloid is so much easier but im a broke ass bitch :(", "likes_count": 1, "replies_count": 1, "retweets_count": 0, "hashtags": []}
{"id": 1046911448213991424, "date": "2018-10-01", "time": "19:55:14", "tweet": "@zacharyg023 he is also a student who is my age lol and he took the advice from the guys in my group but basically ignored me when i put in my input", "likes_count": 0, "replies_count": 1, "retweets_count": 0, "hashtags": []}
{"id": 1046911408305139712, "date": "2018-10-01", "time": "19:55:05", "tweet": "@SakumiZen @GameXplain Thanks! That may have to do with your setup as well. I can’t say that Mega Man 11 definitely doesn’t have any input lag, but I can for sure say I didn’t have any issue at all with the Switch version’s controls or their accuracy/immediacy.", "likes_count": 1, "replies_count": 1, "retweets_count": 0, "hashtags": []}
{"id": 1046911366353891328, "date": "2018-10-01", "time": "19:54:55", "tweet": "@CallieKhouri @joshtpm Thanks for your input and expertise on all things tirades, #verifiednobody...🤟  @Sayachi2010 @MarkFanPatriot @onehotcorona @lindarutter @lindaangel707 @CobraTheCure  https://t.co/c2R85CDLyq", "likes_count": 5, "replies_count": 1, "retweets_count": 0, "hashtags": ["verifiednobody"]}
{"id": 1046911211646984193, "date": "2018-10-01", "time": "19:54:18", "tweet": "For those of you who don’t know, the ACLU doesn’t give input on issues like this. It’s happened 4 times in their nearly 100 year history. This is important.", "likes_count": 0, "replies_count": 0, "retweets_count": 0, "hashtags": []}
{"id": 1046911162296614912, "date": "2018-10-01", "time": "19:54:06", "tweet": "@taIkbackboy @DomMcLennon ye I’ve got the same problem @DomMcLennon any input?", "likes_count": 0, "replies_count": 3, "retweets_count": 0, "hashtags": []}
{"id": 1046910937699999746, "date": "2018-10-01", "time": "19:53:12", "tweet": "and no FIR was taken. attched photo of cab/driver/address/phone number and request logging FIR against erring driver. Dear @sspnoida Sir, I was in police station for almost 1 hour but did not get any help. 100 was non functional. Pls let me know if I can provide any more input  https://t.co/nVryS5wL6W", "likes_count": 0, "replies_count": 0, "retweets_count": 0, "hashtags": []}
{"id": 1046910927000489984, "date": "2018-10-01", "time": "19:53:10", "tweet": "@RWaterworks178 @DawnButlerBrent Hey Rich, as part of this film we are hoping to get to the bottom of this stigma and change the perception once and for all. Message me directly if you want to have an input in this epic film production #BlackHistoryMonth   🎧THE SOUNDTRACK  https://t.co/H7k0u2srgb", "likes_count": 1, "replies_count": 2, "retweets_count": 1, "hashtags": ["blackhistorymonth"]}
{"id": 1046910888291098624, "date": "2018-10-01", "time": "19:53:01", "tweet": "@cln01040809 @FoxNews @JesseBWatters @JoeBiden @BarackObama @HillaryClinton @SenSanders Thanks for the input Carol Bot 2.0", "likes_count": 0, "replies_count": 0, "retweets_count": 0, "hashtags": []}
{"id": 1046910885447589888, "date": "2018-10-01", "time": "19:53:00", "tweet": "The vinyl tiles on the ground were designed by Artist Brittany Baldwin in collaboration with Jamaica BID. The colorful arrows were created with input from community members.  https://t.co/ZH4eh89aw6", "likes_count": 1, "replies_count": 0, "retweets_count": 0, "hashtags": []}
{"id": 1046910840497168384, "date": "2018-10-01", "time": "19:52:49", "tweet": "Does anyone know how I can fix input latency from my xbox 360 wireless controller (charge cable plugged in) to PC?", "likes_count": 0, "replies_count": 1, "retweets_count": 0, "hashtags": []}
{"id": 1046910779541225473, "date": "2018-10-01", "time": "19:52:35", "tweet": "@Acosta Meanwhile illegal immigrants are protected as a necessary labor input for Iowa dairy farms....   https://t.co/T5jXOQhrHB", "likes_count": 16, "replies_count": 1, "retweets_count": 4, "hashtags": []}
