{"id": 1067206224209420288, "date": "2018-11-26", "time": "18:59:26", "tweet": "@BlameHush @Kruzer That right there is why I quit destiny 2 after I saw no balance in anything. I’ve played destiny since year one and know the ups and downs but this has reached a new level. It’s sad that they still don’t listen to experienced players input.", "likes_count": 0, "replies_count": 0, "retweets_count": 0, "hashtags": []}
{"id": 1067206090335543297, "date": "2018-11-26", "time": "18:58:54", "tweet": "@KellyAlspals @GrainGrowersLtd @FinancialReview @afsnsw Insurance products will be taken up by those that chose to invest but these products need to stand on their own 2 feet. Government appears unlikely to support with input insurance only available for grains industry only at this time.", "likes_count": 1, "replies_count": 0, "retweets_count": 1, "hashtags": []}
{"id": 1067205700500172800, "date": "2018-11-26", "time": "18:57:21", "tweet": "I'm alive for not getting anyone else's money, permission, or input in order to make something. I'm also distinctly clear this is not a good career choice.  Nothing will come from it other than making the most of the time I have.  Fuck career.", "likes_count": 10, "replies_count": 1, "retweets_count": 0, "hashtags": []}
{"id": 1067205690840690689, "date": "2018-11-26", "time": "18:57:19", "tweet": "Does someone want to help me out a little bit and give me some input on a serious situation I have going on regarding work? That would be greatly appreciated:)", "likes_count": 1, "replies_count": 0, "retweets_count": 0, "hashtags": []}
{"id": 1067205638579675136, "date": "2018-11-26", "time": "18:57:06", "tweet": "SANTA ANA THE CALIFORNIA ENDOWMENT SEEKS INPUT FROM PARTNERS FOR FUTURE OF PROGRAM  https://t.co/UksMIzACVR", "likes_count": 2, "replies_count": 0, "retweets_count": 0, "hashtags": []}
{"id": 1067205572351717376, "date": "2018-11-26", "time": "18:56:50", "tweet": "Anonymous said: i love how skam spain let the actors have their input on character and edit the scripts...  https://t.co/M1oMesvWEv", "likes_count": 0, "replies_count": 0, "retweets_count": 0, "hashtags": []}
{"id": 1067205475157139456, "date": "2018-11-26", "time": "18:56:27", "tweet": "@NancyE88191729 Amen! Thanks for the input!", "likes_count": 0, "replies_count": 0, "retweets_count": 0, "hashtags": []}
{"id": 1067205368495796224, "date": "2018-11-26", "time": "18:56:02", "tweet": "Both activities are output signals for angle input signals.", "likes_count": 0, "replies_count": 0, "retweets_count": 0, "hashtags": []}
{"id": 1067205308374810625, "date": "2018-11-26", "time": "18:55:47", "tweet": "@dbongino @DLoesch @MrColionNoir @CamEdwards In general, I’d prefer to write a story (with your input preferably), not become part of it. But I appreciate that you’re willing to acknowledge this thread. If you’re open to having me on in the future, I’m happy to consider it.", "likes_count": 1, "replies_count": 2, "retweets_count": 0, "hashtags": []}
{"id": 1067205187176144896, "date": "2018-11-26", "time": "18:55:18", "tweet": "I'm playing games on iCashApp and it's so much fun! You can earn money as well playing game. Download it, input the refer code 3MGLHAH get free 5USD.", "likes_count": 0, "replies_count": 0, "retweets_count": 0, "hashtags": []}
{"id": 1067205086043090950, "date": "2018-11-26", "time": "18:54:54", "tweet": "@Djtechlive For gaming 27 inch 1440 with 144-165 refresh rate and 4ms or less input lag is the best to get right now", "likes_count": 0, "replies_count": 0, "retweets_count": 0, "hashtags": []}
{"id": 1067205032586678273, "date": "2018-11-26", "time": "18:54:42", "tweet": "@VenomVlog Yeah they got a bit of creative input as well as (I think) bits of info on past events and Downey's Iron Man but the majority was all them. Did a solid job", "likes_count": 0, "replies_count": 0, "retweets_count": 0, "hashtags": []}
{"id": 1067204974168469504, "date": "2018-11-26", "time": "18:54:28", "tweet": "@nathanewest (ref:  https://t.co/GnnyYxx0aS) and of course, the automatic type conversions are better than \"stupid type casts\" because who needs input validation in a web language?", "likes_count": 0, "replies_count": 1, "retweets_count": 0, "hashtags": []}
{"id": 1067204835089543168, "date": "2018-11-26", "time": "18:53:55", "tweet": "@Devindra @slashfilm Different strokes for different folks, I suppose. I have no idea when I was last in a car that only had aux input.", "likes_count": 1, "replies_count": 0, "retweets_count": 0, "hashtags": []}
{"id": 1067204595057868800, "date": "2018-11-26", "time": "18:52:57", "tweet": "How are we doing so far? Come out to hear what we have done and what we have in store. The Student Government Association Senate invites all students to ACB 107 to watch the judicial committee conduct Mid Term Evaluations. Input and questions from the students will be encouraged.  https://t.co/95pNMzmUVV", "likes_count": 0, "replies_count": 0, "retweets_count": 0, "hashtags": []}
{"id": 1067204407815589888, "date": "2018-11-26", "time": "18:52:13", "tweet": "@KentishZombie @Twitch @TwitchSupport @SunfyreTV Easy to say when it's not you. I have a family to protect. This person was ignored but kept making accounts over and over to harass us. Thanks for you input but it didn't work in this instance.", "likes_count": 1, "replies_count": 0, "retweets_count": 0, "hashtags": []}
{"id": 1067204376635179008, "date": "2018-11-26", "time": "18:52:05", "tweet": "Computer Techs - Expert Input Needed  https://t.co/ApkbzCbkCE", "likes_count": 0, "replies_count": 0, "retweets_count": 0, "hashtags": []}
{"id": 1067204329533259781, "date": "2018-11-26", "time": "18:51:54", "tweet": "@TSA hi, I’m traveling home for the holidays and wanted to know if I could bring a metal cookie cutter in my carry on with me! I’d like to make some OSU cookies 🤗 I’d appreciate input as to if I can or not.", "likes_count": 0, "replies_count": 1, "retweets_count": 0, "hashtags": []}
{"id": 1067204274759835649, "date": "2018-11-26", "time": "18:51:41", "tweet": "To the two McGill students/alumni who mistook me for Collin the TA, then asked for my input on whether or not to attend a faculty party in place (and at the suggestion) of their amazing professor who just won an award, I hope y'all have an epic night.", "likes_count": 1, "replies_count": 0, "retweets_count": 0, "hashtags": []}
{"id": 1067204264672546816, "date": "2018-11-26", "time": "18:51:39", "tweet": "@DavidAdeDC @ElissaSlotkin @wilxTV Her constituents aren't in Lansing. This isn't helpful. Also, she needs to rethink her Pelosi position based on constituent input rather than Republican ads.", "likes_count": 1, "replies_count": 0, "retweets_count": 0, "hashtags": []}
