{"id": 1075541237854130176, "date": "2018-12-19", "time": "18:59:48", "tweet": "@Flannyballs @ArsenalColumn We don’t know what, if any, input he had on Ramsey situ. He’s only the ‘head coach’ these days. Secondly, on Ozil, he prob has half, if not more, of fan base agreeing. So not that much of a big deal.", "likes_count": 0, "replies_count": 0, "retweets_count": 0, "hashtags": []}
{"id": 1075541118203424768, "date": "2018-12-19", "time": "18:59:19", "tweet": "@charlotteapaige Absolutely! Also getting the input of those who have to facilitate the programs is a good way to gauge. Do they feel burn out? Do they not like the programs themselves? 🤷🏿‍♂️", "likes_count": 0, "replies_count": 0, "retweets_count": 0, "hashtags": []}
{"id": 1075541054156226560, "date": "2018-12-19", "time": "18:59:04", "tweet": "@AdamFrendo Thanks for your input man. Back to backs don’t hurt teams as much as you’d think; but yeah, if you were capping the bulls you’d definitely talk about a big win by the Nets at home, now on the road, in 2 nights.", "likes_count": 0, "replies_count": 0, "retweets_count": 0, "hashtags": []}
{"id": 1075540951052021760, "date": "2018-12-19", "time": "18:58:39", "tweet": "@CNNSitRoom @SenWhitehouse Comrade Donald @realDonaldTrump believes he doesn’t need anyone’s input on certain decisions, because the Republican led House and Senate have failed to exercise the responsibilities of checks &amp; balances, while Comrade Donald runs the Country as if it were his own private company", "likes_count": 0, "replies_count": 1, "retweets_count": 0, "hashtags": []}
{"id": 1075540854973046784, "date": "2018-12-19", "time": "18:58:17", "tweet": "Now through Jan 7: The Presidential Advisory Council on Combating Antibiotic-Resistant Bacteria (PACCARB) requests input into the 2020-2025 National Action Plan for Antibiotic Resistance  https://t.co/trN2gPozYc @hhsgov", "likes_count": 0, "replies_count": 0, "retweets_count": 0, "hashtags": []}
{"id": 1075540675184246784, "date": "2018-12-19", "time": "18:57:34", "tweet": "@CNN He really does have a difficult time listening to advisors who disagree with him. Most people welcome input &amp; perspectives from a variety of sources in order to make INFORMED DECISIONS. And the country will continue to suffer as this decision will not end well.", "likes_count": 0, "replies_count": 0, "retweets_count": 0, "hashtags": []}
{"id": 1075540529973211143, "date": "2018-12-19", "time": "18:56:59", "tweet": "@Deejay_Quest @Pestily @EsperSKS @ErokticGaming @bstategames I have to agree here that Esper's input is wanted, at least by me, even if I disagree with many of the core points in her video. I've been wrong many times before and have changed positions as a result, almost always when NOT excluded from conversations is when I learned the most", "likes_count": 6, "replies_count": 2, "retweets_count": 0, "hashtags": []}
{"id": 1075540333641981952, "date": "2018-12-19", "time": "18:56:12", "tweet": "@Thirtytricks @latimesopinion @JonahNRO That's not what Goldberg was saying, nor I, either. Thanks for your input.", "likes_count": 0, "replies_count": 0, "retweets_count": 0, "hashtags": []}
{"id": 1075540254692646913, "date": "2018-12-19", "time": "18:55:53", "tweet": "@PrincessAjaa_ @jt_moves @SupportJeremiah Nah I just wanted to give my pointless input like these two", "likes_count": 1, "replies_count": 1, "retweets_count": 0, "hashtags": []}
{"id": 1075540240109105153, "date": "2018-12-19", "time": "18:55:50", "tweet": "I am against the Jail Plan but I support a comprehensive plan with community input to address the overcrowding in our Justice Center. We need to invest in our future in a responsible way that includes rehabilitation programs, restorative justice, &amp; harm reduction measures.  https://t.co/ELoTEPFl2o", "likes_count": 11, "replies_count": 0, "retweets_count": 1, "hashtags": []}
{"id": 1075540018444337152, "date": "2018-12-19", "time": "18:54:57", "tweet": "@MasonTBecker @WiStateJournal Since Act 10, this is common practice from your side.  Why would any sane person listen to the input of folks relying on swearing, threatening and intimidation?", "likes_count": 0, "replies_count": 0, "retweets_count": 0, "hashtags": []}
{"id": 1075539869768802306, "date": "2018-12-19", "time": "18:54:22", "tweet": "@Tony4WI addresses the crowd, thanking everyone for their input  https://t.co/0UClGM6XPR", "likes_count": 1, "replies_count": 0, "retweets_count": 0, "hashtags": []}
{"id": 1075539656064802816, "date": "2018-12-19", "time": "18:53:31", "tweet": "@edwardzzzz9 @inviolinable @borland @elonmusk @bob_burrough @GarethDennis Let's just wait until he demonstrates it or not... Doing math is cool but how correct your result is depends heavily on the input data and the assumptions you make. I can't check if either of these two are correct...", "likes_count": 0, "replies_count": 2, "retweets_count": 0, "hashtags": []}
{"id": 1075539625727279104, "date": "2018-12-19", "time": "18:53:23", "tweet": "@Norizgroove @InPut_Bancho ソニーは何かしらの転機の時にビリージョエルを引っ張り出す印象… おはようございます。", "likes_count": 0, "replies_count": 1, "retweets_count": 0, "hashtags": []}
{"id": 1075539515115225088, "date": "2018-12-19", "time": "18:52:57", "tweet": "@RinkooBarpaga Thanks for your input. Interesting you still see it differently from me. This is a bit like the blue/gold dress drama few years ago. Ah well...", "likes_count": 1, "replies_count": 1, "retweets_count": 0, "hashtags": []}
{"id": 1075539480029872128, "date": "2018-12-19", "time": "18:52:49", "tweet": "@mitchellreports Is this within his power to do without Cingressional input, @mitchellreports ?", "likes_count": 0, "replies_count": 0, "retweets_count": 0, "hashtags": []}
{"id": 1075539416062550018, "date": "2018-12-19", "time": "18:52:34", "tweet": "@doug_snavely Goals and timelines for renewable energy are still in progress. Two community meetings will be held in early 2019 for public input, and the final plan will be finished in May 2019.", "likes_count": 0, "replies_count": 0, "retweets_count": 0, "hashtags": []}
{"id": 1075539327717797890, "date": "2018-12-19", "time": "18:52:12", "tweet": "@marcorubio It’s your continued enabling of @realDonaldTrump that has created this major crisis. He has not looked at a briefing report in almost 2 yrs and makes this irrational tweet without ANY input from the DoD, CIA or any other govt arm. This is on YOU!", "likes_count": 0, "replies_count": 0, "retweets_count": 0, "hashtags": []}
{"id": 1075539172813885440, "date": "2018-12-19", "time": "18:51:36", "tweet": "@thefuckitdiet Thank you!! Love the input from some great RDs!", "likes_count": 0, "replies_count": 0, "retweets_count": 0, "hashtags": []}
{"id": 1075539028638720001, "date": "2018-12-19", "time": "18:51:01", "tweet": "Sudoku Puzzle Game for iPhone is the world's first Sudoku application equipped with \"flick input mode\".    https://t.co/fwivhr7IcX", "likes_count": 0, "replies_count": 0, "retweets_count": 0, "hashtags": []}
{"id": 1075538814540558337, "date": "2018-12-19", "time": "18:50:10", "tweet": "@amandaalvaro @PnPCBC @kathleenmonk @VassyKapelos @EricGrenierCBC @powerstim @tylerbuist @narams @AmyCastlecbc Always enjoy your input Amanda! ❤️👏🏻", "likes_count": 0, "replies_count": 0, "retweets_count": 0, "hashtags": []}
{"id": 1075538581144272896, "date": "2018-12-19", "time": "18:49:14", "tweet": "@krassenstein and doesn't it seem less than coincidence that Trump pulls troops from Syria, without the knowledge of the Pentagon? Not only is it a distraction from what is going on now but it is most dangerous that he is acting on his own w/o the input of the military. Ego-driven behavior.", "likes_count": 0, "replies_count": 0, "retweets_count": 0, "hashtags": []}
{"id": 1075538517130919937, "date": "2018-12-19", "time": "18:48:59", "tweet": "@AJGuglielmi @Chicago_Police How much input does the family of an officer have in planning their funeral?", "likes_count": 0, "replies_count": 1, "retweets_count": 0, "hashtags": []}
{"id": 1075538477360472064, "date": "2018-12-19", "time": "18:48:50", "tweet": "@Ghost_IHI Thanks for your input.", "likes_count": 0, "replies_count": 1, "retweets_count": 0, "hashtags": []}
{"id": 1075538101882228736, "date": "2018-12-19", "time": "18:47:20", "tweet": "@FierceOfValor @dcwastaken Input lag is higher? I havent heard that", "likes_count": 0, "replies_count": 0, "retweets_count": 0, "hashtags": []}
{"id": 1075538040825761792, "date": "2018-12-19", "time": "18:47:06", "tweet": "Free:Multi Image text input Twitter.  https://t.co/wDNC0lzNnH", "likes_count": 0, "replies_count": 0, "retweets_count": 0, "hashtags": []}
{"id": 1075537943912218625, "date": "2018-12-19", "time": "18:46:43", "tweet": "My online experience has been pretty swell. Hasn't been lagging and I haven't felt the input delay. But everyone else is complaining so. Fix it.", "likes_count": 5, "replies_count": 0, "retweets_count": 1, "hashtags": []}
{"id": 1075537860399292416, "date": "2018-12-19", "time": "18:46:23", "tweet": "@coveofmarin But thank you for the input! I'll definitely do more research into that next time, and I really appreciate the compliments too! And again thank you so much for convincing me to finish it at all. ^_^", "likes_count": 1, "replies_count": 0, "retweets_count": 0, "hashtags": []}
{"id": 1075537784457310210, "date": "2018-12-19", "time": "18:46:04", "tweet": "QSC's CP Series CP12 offers their legendary sound quality in a compact, lightweight powered speaker. It has a 3-channel input mixer, onboard digital signal processing, and 1000-watt amplifier.  https://t.co/Cw4h1yl7cY  https://t.co/E7j4zCVgQO", "likes_count": 1, "replies_count": 0, "retweets_count": 0, "hashtags": []}
{"id": 1075537591817158656, "date": "2018-12-19", "time": "18:45:19", "tweet": "Why the Amazon Echo Input is the best $35 you’ll ever spend on your hi-fi  https://t.co/VFeZofYvVU", "likes_count": 0, "replies_count": 0, "retweets_count": 0, "hashtags": []}
{"id": 1075537555246997504, "date": "2018-12-19", "time": "18:45:10", "tweet": "4 reasons you should buy the Amazon Echo Input  https://t.co/VFeZofYvVU via @DigitalTrends", "likes_count": 0, "replies_count": 0, "retweets_count": 0, "hashtags": []}
{"id": 1075537543121301504, "date": "2018-12-19", "time": "18:45:07", "tweet": "B.C. government seeks public input about potential Chinese Canadian museum  https://t.co/acOWuDX9Hf #Chinese #Vancouver #BC #BCpoli #vanpoli #museum #yvrarts #history  https://t.co/DaC1FTb6y7", "likes_count": 1, "replies_count": 1, "retweets_count": 1, "hashtags": ["chinese", "vancouver", "bc", "bcpoli", "vanpoli", "museum", "yvrarts", "history"]}
{"id": 1075537515552100352, "date": "2018-12-19", "time": "18:45:00", "tweet": "Creating a #digitalworkplace strategy without input from key stakeholders typically results in falling short of #employeeengagement goals.  https://t.co/LnYhAXtkd9 #hrtech #intranet", "likes_count": 1, "replies_count": 0, "retweets_count": 0, "hashtags": ["digitalworkplace", "employeeengagement", "hrtech", "intranet"]}
{"id": 1075537364980764672, "date": "2018-12-19", "time": "18:44:24", "tweet": "Safari on Mojave completely blocking all input into an autofilled new password field is rage inducingly horrible UX.  When Safari guesses the password requirements wrong and the website refuses to accept the new password I have no option to correct it.", "likes_count": 0, "replies_count": 1, "retweets_count": 0, "hashtags": []}
{"id": 1075537026248785922, "date": "2018-12-19", "time": "18:43:04", "tweet": "@FF_DomPedri I felt like the Andy Reid of this league.  Have lost in the semis every year, and finally got over the hump, lol. Thanks for the input. I really appreciate it!", "likes_count": 0, "replies_count": 1, "retweets_count": 0, "hashtags": []}
{"id": 1075537022117277697, "date": "2018-12-19", "time": "18:43:03", "tweet": "De-Novo-Designed Translational Repressors for Multi-Input Cellular Logic  https://t.co/y0847my3Fi", "likes_count": 0, "replies_count": 0, "retweets_count": 0, "hashtags": []}
{"id": 1075537007747715072, "date": "2018-12-19", "time": "18:42:59", "tweet": "Free:Multi Image text input Twitter.  https://t.co/2xEEiTSFEw", "likes_count": 0, "replies_count": 0, "retweets_count": 0, "hashtags": []}
{"id": 1075536988516823040, "date": "2018-12-19", "time": "18:42:55", "tweet": "i’ve been trying to get this sword for so long gbf made me input a captcha to make sure i wasnt a bot im DYING HERE,", "likes_count": 1, "replies_count": 0, "retweets_count": 0, "hashtags": []}
{"id": 1075536898804862978, "date": "2018-12-19", "time": "18:42:33", "tweet": "Anyone here have experience in changing out H3 and H4 bulbs with LED bulbs on farm equipment?  Do they shine out ok?  Looking to drop power requirements on the M series swather and improve the lighting on older equipment. Thanks for any input.", "likes_count": 1, "replies_count": 8, "retweets_count": 1, "hashtags": []}
{"id": 1075536874528235520, "date": "2018-12-19", "time": "18:42:28", "tweet": "@KristinBTate We need more of you on FNC!!!   Miss your input on RedEye!", "likes_count": 0, "replies_count": 0, "retweets_count": 0, "hashtags": []}
