{"id": 1076266011660349445, "date": "2018-12-21", "time": "18:59:47", "tweet": "#Forsythdems @YDForsyth We MUST hear your voices in 2019 and 2020. We need your support in every campaign and election.  We need your input and skills.  The opportunities are endless. You are our future!  We shall Keep Fighting!", "likes_count": 0, "replies_count": 0, "retweets_count": 0, "hashtags": ["forsythdems"]}
{"id": 1076265704968474625, "date": "2018-12-21", "time": "18:58:34", "tweet": "@C6H12O2daddy Your mind will probably change once you hear your future man’s input", "likes_count": 0, "replies_count": 1, "retweets_count": 0, "hashtags": []}
{"id": 1076265371466899456, "date": "2018-12-21", "time": "18:57:15", "tweet": "'Provide the Right Input (fix the code) and Get Your Desired Output'", "likes_count": 0, "replies_count": 0, "retweets_count": 0, "hashtags": []}
{"id": 1076265307495452674, "date": "2018-12-21", "time": "18:57:00", "tweet": "@shadowthecat35 @_DoodleTJ Leave him alone. Stop hiding behind your screen to bully a transgender man. He can live his life the way he wants, and he doesn't need your input. Stop fucking thinking you're better just because you're a mysagonist cisgendered male. Fuck you.", "likes_count": 1, "replies_count": 0, "retweets_count": 0, "hashtags": []}
{"id": 1076265077089669121, "date": "2018-12-21", "time": "18:56:05", "tweet": "@aliyahjooy You don’t even know who I’m talking about 😒 i don’t think no one does but thanks for your input and trust me Ik she don’t", "likes_count": 2, "replies_count": 0, "retweets_count": 0, "hashtags": []}
{"id": 1076265018348302337, "date": "2018-12-21", "time": "18:55:51", "tweet": "in the end, aren't all electronics just boxes of wires????", "likes_count": 1, "replies_count": 1, "retweets_count": 0, "hashtags": []}
{"id": 1076264941785538560, "date": "2018-12-21", "time": "18:55:32", "tweet": "@JNECare tolong cekin ini dong, dapet resi itu di kirim tgl 20 des 18. Tapi pas di tracking munculnya data resi tgl 22 okt 18.  Ini salah input atau gimana yaa? Keduanya pake JTR  https://t.co/qC2pVyjM2T", "likes_count": 0, "replies_count": 1, "retweets_count": 0, "hashtags": []}
{"id": 1076264872919425025, "date": "2018-12-21", "time": "18:55:16", "tweet": "'If the output isn’t what you want, you go back and fix the input – you fine tune your code.'", "likes_count": 0, "replies_count": 0, "retweets_count": 0, "hashtags": []}
{"id": 1076264865017167873, "date": "2018-12-21", "time": "18:55:14", "tweet": "going to spend $600 on box of wires", "likes_count": 1, "replies_count": 1, "retweets_count": 0, "hashtags": []}
{"id": 1076264860760137729, "date": "2018-12-21", "time": "18:55:13", "tweet": "@OctoshotHavoc [DM] It is often seen as 'cool' instead of 'cute' depending on the colour. Red accents, most warm colours maybe, will give an 'edgy' feeling. So you should get your friend's input.", "likes_count": 0, "replies_count": 1, "retweets_count": 0, "hashtags": []}
{"id": 1076264708867612672, "date": "2018-12-21", "time": "18:54:37", "tweet": "Benefits of Brainstorming 💭🧠⁣ -⁣ Brainstorming can help you generate radical solutions to problems. ⁣ It can also encourage people to commit to solutions, because they have provided input…  https://t.co/GNAaqhcRDp", "likes_count": 0, "replies_count": 0, "retweets_count": 0, "hashtags": []}
{"id": 1076264609919553536, "date": "2018-12-21", "time": "18:54:13", "tweet": "Plays online as King K.Rool: Gets matches with very little lag against opponents with low GSP. Plays online as Wolf: Gets matches with a second of input lag against people with GSP much higher than me. What the fuck? #SuperSmashBros", "likes_count": 0, "replies_count": 0, "retweets_count": 0, "hashtags": ["supersmashbros"]}
{"id": 1076264508732116997, "date": "2018-12-21", "time": "18:53:49", "tweet": "@MetEireann Does this mean  https://t.co/wWLjObw7KR have more input into the forecasts!!?", "likes_count": 1, "replies_count": 0, "retweets_count": 0, "hashtags": []}
{"id": 1076264196528959489, "date": "2018-12-21", "time": "18:52:35", "tweet": "little bit better  the majority of my deaths are just dumb input errors like expecting to move at lock-on speed vs regular speed etc but im getting better at using a joystick for these types of inputs, feels like the best way to play shmups  https://t.co/sASaw83bOn", "likes_count": 0, "replies_count": 0, "retweets_count": 0, "hashtags": []}
{"id": 1076264179097571329, "date": "2018-12-21", "time": "18:52:30", "tweet": "@LivEchoLFC Liverpool under Klops great input have become such a force to be reckoned with again. True Augen 👀 Schmaus. 👌🏽", "likes_count": 1, "replies_count": 0, "retweets_count": 0, "hashtags": []}
{"id": 1076264167894585344, "date": "2018-12-21", "time": "18:52:28", "tweet": "@JoeyColeman Extremely basic survey and no option for input.  Useless but I really didn’t expect much anyhow.", "likes_count": 2, "replies_count": 0, "retweets_count": 0, "hashtags": []}
{"id": 1076264150349819904, "date": "2018-12-21", "time": "18:52:24", "tweet": "Thank you for your input Mr...uh..*Checks notes* disgraced fired sexual predator", "likes_count": 0, "replies_count": 0, "retweets_count": 0, "hashtags": []}
{"id": 1076264027834253313, "date": "2018-12-21", "time": "18:51:54", "tweet": "@gibbo889 @paulrey99 @danieljohnsalt @UxbEconomist07 PAUL/STEVEN: Thanks for your input, both of you!   PAUL: Re: “winning big”, is this where @Dyson comes in, wanting a “looser” market, where innovation is championed (as opposed to being stymied)?  With driverless cars/electric motors, this surely follows what he’s said, right?", "likes_count": 0, "replies_count": 1, "retweets_count": 1, "hashtags": []}
{"id": 1076263820257939458, "date": "2018-12-21", "time": "18:51:05", "tweet": "@davidfrum Undoubtedly Trump's buddy Vlad had some input re: his *Impaler* fence design. #PutinsPuppet   Our cards make great last-minute holiday gifts! #KnowYourDeplorables   https://t.co/tKvaRSaUbU", "likes_count": 0, "replies_count": 0, "retweets_count": 0, "hashtags": ["putinspuppet", "knowyourdeplorables"]}
{"id": 1076263651777105921, "date": "2018-12-21", "time": "18:50:25", "tweet": "@GBASPGamer @Crownjo Or any zoner basically cause of the onlines input delay.", "likes_count": 1, "replies_count": 1, "retweets_count": 0, "hashtags": []}
{"id": 1076263457245315072, "date": "2018-12-21", "time": "18:49:38", "tweet": "@JamesOBrains @Brexitbonus1 @daveonhols2003 @Amandajeyanam With Regulations all the legwork, agreeing, drafting, debating, tweaking, redrafting, etc is done in advance and agreed by every head of state, who also input into the process through their govt departments and negotiators.", "likes_count": 0, "replies_count": 2, "retweets_count": 0, "hashtags": []}
{"id": 1076263437758595072, "date": "2018-12-21", "time": "18:49:34", "tweet": "Sami Zayn Defends #WWE Writers And Talks Why It Is Difficult Offering Creative Input  https://t.co/yiBO2MoPm6 via @sportsdailyblog", "likes_count": 0, "replies_count": 0, "retweets_count": 0, "hashtags": ["wwe"]}
{"id": 1076263241834266624, "date": "2018-12-21", "time": "18:48:47", "tweet": "@GlcMD I appreciate your confidence and your input on PLX. Let’s hope for a reversal soon, and let it be a strong one!!!!", "likes_count": 0, "replies_count": 0, "retweets_count": 0, "hashtags": []}
{"id": 1076263164667400192, "date": "2018-12-21", "time": "18:48:29", "tweet": "I'm going to set up a google submission form of some kind so you can input your contact information if you want one 🤔 I'll let you know when that's ready!! I'd be willing to mail up to 45 because I need to keep one for myself, Taya, and some personal penpal friends lol", "likes_count": 19, "replies_count": 3, "retweets_count": 0, "hashtags": []}
{"id": 1076262774832054272, "date": "2018-12-21", "time": "18:46:56", "tweet": "@dillondevoe @paulmac708 YouTube search the other bands then forget that the 1975 ever existed. Here is my input. Not saying they are the best band by any means (Manchester though?) and my usual stuff is 70's punk but it floats my boat.  https://t.co/2IHA3Qqz2X", "likes_count": 0, "replies_count": 0, "retweets_count": 0, "hashtags": []}
{"id": 1076262680388952066, "date": "2018-12-21", "time": "18:46:33", "tweet": "@ArmadaUGS I didn't rly know wht people were talking ab until last night I got put in a match where there was about 1.5 seconds of input lag and most of the time 1 second on the timer took about 5 irl seconds", "likes_count": 0, "replies_count": 0, "retweets_count": 0, "hashtags": []}
{"id": 1076262645907349504, "date": "2018-12-21", "time": "18:46:25", "tweet": "Thank you everyone for your support, feedback, and suggestions about #FilmoraPro and #Filmora9! We value your input and are committed to further improving our products. We are reviewing your feedback and suggestions and will address your questions/concerns as best we can! 😀", "likes_count": 12, "replies_count": 7, "retweets_count": 1, "hashtags": ["filmorapro", "filmora9"]}
{"id": 1076262617394618368, "date": "2018-12-21", "time": "18:46:18", "tweet": "@55true4u @olystubbies44 When will companies and entertainers learn that we want their product NOT their political input. Stick to your product and stay out of politics as a company/entertainer. Doing so forces us to pick sides and ultimately works towards division.", "likes_count": 0, "replies_count": 0, "retweets_count": 0, "hashtags": []}
{"id": 1076262477661421569, "date": "2018-12-21", "time": "18:45:45", "tweet": "@jimmyneutronfic  https://t.co/tqFAoPXkkS  Yeah sure, I could do that! I'm not the best writer, but I can definitely give you my input tho!", "likes_count": 1, "replies_count": 1, "retweets_count": 0, "hashtags": []}
{"id": 1076262461135835136, "date": "2018-12-21", "time": "18:45:41", "tweet": "Mila would never look your way — ok thank you for your input  https://t.co/DYDvXWI4Tl", "likes_count": 0, "replies_count": 0, "retweets_count": 0, "hashtags": []}
{"id": 1076262212136771584, "date": "2018-12-21", "time": "18:44:42", "tweet": "@treyradel Np. Just wanted to give input. I didn’t get to hear the immediate follow-up segments but am listening now. Shocking.", "likes_count": 0, "replies_count": 0, "retweets_count": 0, "hashtags": []}
{"id": 1076262163977781248, "date": "2018-12-21", "time": "18:44:30", "tweet": "من اهم مميزات ضعف النظر اللي مش عارف ليه الناس بتتكلم عن عيوبه و بس اني لما بحب اقلل الinput اللي داخل دماغي بقوم قالع النضارة، حاجة زي لما تقلل الresolution فتستهلك نت قليل كدة و حقيقي شئ لطيف جداً بالذات ان النظر والسمع والفهم والادراك و حرفياً كل حاجة بتقل مع قلع النضارة، 😌", "likes_count": 1, "replies_count": 0, "retweets_count": 0, "hashtags": []}
{"id": 1076262138195398656, "date": "2018-12-21", "time": "18:44:24", "tweet": "And for those wondering, I got:  Input  Context Woo Communicator  Learner", "likes_count": 4, "replies_count": 0, "retweets_count": 0, "hashtags": []}
{"id": 1076262099146412037, "date": "2018-12-21", "time": "18:44:15", "tweet": "@LindquistLord @IdMjones @TerryFlewersTFT @FlexUTD Just like to say this is nothing to do with me. Had no input or knowledge. I gave up getting involved in this stuff along ti me ago", "likes_count": 0, "replies_count": 4, "retweets_count": 0, "hashtags": []}
{"id": 1076262068574212097, "date": "2018-12-21", "time": "18:44:07", "tweet": "@curseoffeeling .@ChrisTapsell thanks for your input", "likes_count": 1, "replies_count": 1, "retweets_count": 0, "hashtags": []}
{"id": 1076262020251557890, "date": "2018-12-21", "time": "18:43:56", "tweet": "@tel3564 @Jacob_Rees_Mogg Have you even checked the link? Have you checked the UK legislation page? Find me an example of EU imposed law where the UK had no input and which the government didn't want. Where is your proof?", "likes_count": 0, "replies_count": 1, "retweets_count": 0, "hashtags": []}
{"id": 1076261992430587904, "date": "2018-12-21", "time": "18:43:49", "tweet": "@jane08069965 @Arizonagoing @ohmnightclubla Thanks for your input Jane. It’s much appreciated. Just so you’re aware, it wasn’t my home keys that I lost. And truthfully when you have a platform and you tweet at a company they tend to answer faster. And they did. Enjoy your day.", "likes_count": 11, "replies_count": 5, "retweets_count": 0, "hashtags": []}
{"id": 1076261985636044800, "date": "2018-12-21", "time": "18:43:48", "tweet": "@NicksOdyssey It may be a possibility in the future! I'll forward your input to the team for consideration!", "likes_count": 0, "replies_count": 0, "retweets_count": 0, "hashtags": []}
{"id": 1076261907051544576, "date": "2018-12-21", "time": "18:43:29", "tweet": "@Michael_Fabiano I trust rankings but there is more to this question. Do I risk waiting on the Gurley GTD or just start Jamaal or Sony in his place. I picked up CJ, but I don't think he's better than these two. Appreciate any input.", "likes_count": 0, "replies_count": 0, "retweets_count": 0, "hashtags": []}
{"id": 1076261890953830406, "date": "2018-12-21", "time": "18:43:25", "tweet": "Mental health and Christmas don't often go together, al lot like Alies and a Santa Hat - not to be flippant but Christmas can be difficult for all kinds of reasons #mentalhealth #christmas #wellbeing #Alien #santahat @TimSinclair1961 Kind thanks for your input, buddy  https://t.co/Uod4MN9QAu", "likes_count": 0, "replies_count": 0, "retweets_count": 0, "hashtags": ["mentalhealth", "christmas", "wellbeing", "alien", "santahat"]}
