{"id": 1071192492249411586, "date": "2018-12-07", "time": "18:59:26", "tweet": "Wow, only 99 likes to the 10,000 mark! Thank you so much for all your input.", "likes_count": 4, "replies_count": 0, "retweets_count": 0, "hashtags": []}
{"id": 1071192386196258816, "date": "2018-12-07", "time": "18:59:01", "tweet": "Today, I'm using R. Invariably, that means spending the day crawling around in the bowels of uncommented, undocumented code just to figure out what datatype type this function actually wants as input.  https://t.co/Wd2KVLLmCL", "likes_count": 5, "replies_count": 0, "retweets_count": 0, "hashtags": []}
{"id": 1071192152049356800, "date": "2018-12-07", "time": "18:58:05", "tweet": "Merge:Multi Image text input Twitter.  https://t.co/ug5XgCBX0k", "likes_count": 0, "replies_count": 0, "retweets_count": 0, "hashtags": []}
{"id": 1071192123175784451, "date": "2018-12-07", "time": "18:57:58", "tweet": "Grt to have your engagm’t and input. I personally, along with Head of Leadership &amp; Talent and the team, have been out to the front line (PC/DC’s &amp; PS/DS) to get opinions on future of DPSLM &amp; Promo. We are determined to build you the BEST possible processes. #WeAreListening", "likes_count": 10, "replies_count": 2, "retweets_count": 0, "hashtags": ["wearelistening"]}
{"id": 1071191996629426177, "date": "2018-12-07", "time": "18:57:28", "tweet": "@Shaunelious @KuldeshJohal @BarryHearn @nr147 @Paul_Ellis147 @hitmanholt @pistol147 @ronnieo147 @kendoherty1997 @Magician147 @markjesterselby @KyrenWilson @markwil147 @joegentlemanjoe @TheHawk147 Thanks for your input but I think you missed my point.", "likes_count": 0, "replies_count": 0, "retweets_count": 0, "hashtags": []}
{"id": 1071191995098509317, "date": "2018-12-07", "time": "18:57:28", "tweet": "@harrysadzard U definitely aren't ❤❤❤ it was sposed to be for both of u and u got no input or anything , that's disappointing", "likes_count": 3, "replies_count": 0, "retweets_count": 0, "hashtags": []}
{"id": 1071191908943310848, "date": "2018-12-07", "time": "18:57:07", "tweet": "Object-oriented programming (OOP) is a programming language model organized around objects rather than \"actions\" and data rather than logic. Historically, a program has been viewed as a logical procedure that takes input data, processes it, and produces output data.", "likes_count": 1, "replies_count": 0, "retweets_count": 0, "hashtags": []}
{"id": 1071191887715938306, "date": "2018-12-07", "time": "18:57:02", "tweet": "Job titles and descriptions will change, but only because the stakes of skilled human input have been raised.  A.I. Metals Mining, What Does the Future Hold?  Davey Bickford  Premium blasting solutions | Productivity | Safety  https://t.co/2XM9AR5xyu  https://t.co/HiLgpK3RSi", "likes_count": 0, "replies_count": 0, "retweets_count": 0, "hashtags": []}
{"id": 1071191883018313734, "date": "2018-12-07", "time": "18:57:01", "tweet": "@TheKostos @OddsShark Nick any input on the big spreads LA /PITT/NO", "likes_count": 0, "replies_count": 0, "retweets_count": 0, "hashtags": []}
{"id": 1071191863112024064, "date": "2018-12-07", "time": "18:56:56", "tweet": "@FiendBas10 Better offensive input and control. Literally manipulated defenses", "likes_count": 0, "replies_count": 0, "retweets_count": 0, "hashtags": []}
{"id": 1071191803263631361, "date": "2018-12-07", "time": "18:56:42", "tweet": "@geowhateverist @eruptionsblog @Volcanologist @volcan01010 @HTuffen @inthevolcano Actually, surely nobody would be unhappy with volcanic systems occasionally having melt-dominated conditions occasionally? Such as during times of unusually high thermal input. 'Flare ups’ for example....", "likes_count": 0, "replies_count": 0, "retweets_count": 0, "hashtags": []}
{"id": 1071191700167626752, "date": "2018-12-07", "time": "18:56:17", "tweet": "@Patrickfjohnson @tfhurstauthor They do have good input. Grist.", "likes_count": 1, "replies_count": 0, "retweets_count": 0, "hashtags": []}
{"id": 1071191505845538816, "date": "2018-12-07", "time": "18:55:31", "tweet": "@realDonaldTrump Reform so your son-in-laws dad has input on reform for when u and your family go to prison.", "likes_count": 0, "replies_count": 0, "retweets_count": 0, "hashtags": []}
{"id": 1071191396101558273, "date": "2018-12-07", "time": "18:55:05", "tweet": "@Zeromomentaii Been hearing there's something going on with it's input latency", "likes_count": 1, "replies_count": 1, "retweets_count": 0, "hashtags": []}
{"id": 1071191308776157184, "date": "2018-12-07", "time": "18:54:44", "tweet": "[GitHub-Dark]  https://t.co/4hmzI5OXab Brian Surowiec - Testing out simpler input styling", "likes_count": 0, "replies_count": 0, "retweets_count": 0, "hashtags": []}
{"id": 1071191166287261696, "date": "2018-12-07", "time": "18:54:10", "tweet": "Thanks for the input, Dylan", "likes_count": 1, "replies_count": 0, "retweets_count": 0, "hashtags": []}
{"id": 1071191164752199681, "date": "2018-12-07", "time": "18:54:10", "tweet": "@vvictorianicxle Hoy input besos bripi", "likes_count": 1, "replies_count": 1, "retweets_count": 0, "hashtags": []}
{"id": 1071191152861331459, "date": "2018-12-07", "time": "18:54:07", "tweet": "@_lola_bee Hey....  People like me  want more input..😒", "likes_count": 1, "replies_count": 0, "retweets_count": 0, "hashtags": []}
{"id": 1071191127192162310, "date": "2018-12-07", "time": "18:54:01", "tweet": "PropertyHive &lt;= 1.4.25 - Unvalidated Input to do_action()  https://t.co/psGJWabwjC", "likes_count": 0, "replies_count": 0, "retweets_count": 0, "hashtags": []}
{"id": 1071191110863732736, "date": "2018-12-07", "time": "18:53:57", "tweet": "@ddasser @JPolov @Michael_D_Crow @Tony_Purc @kmpClimate @redforged42 @NoelTurner194 @StormSignalSA @sueytonius @SapiensCato @scotpolitik @priscian @BradSchrag @Tangomitteckel @SturmLLiouville @DenierBot @bobathon @craigthomler @Zerilos @caerbannog666 @GaryMullennix @NikolovScience @CycleJunkie88 @brandonrgates @EthonRaptor @LindsayyuleS @Gladfly1 @1_TMF_ @wildweatherdan @Calimer0c0mplex @dianesbaker1 @enzoilragu @KiryeNet @swcrisis @bjjuhl58 @KatyinIndy @GillesnFio @AtomsksSanakan @geoffmprice @OWStarr @RealElyBritt @marcmcgaugh1975 @JaggerMickOZ @Tokyo_Tom @CaseyParksIt @NovaShpakova @RisetoClimate @icarus62 @steve_anluan @climatefrauds Retain heat a lil longer=buildup. A little bias in output v input can make a huge dif. All matter in the universe may be just the remnants of a slight excess of matter vs anti-matter,so that when most annihilated each other, the relatively little left is everything still existent", "likes_count": 1, "replies_count": 1, "retweets_count": 1, "hashtags": []}
{"id": 1071192492249411586, "date": "2018-12-07", "time": "18:59:26", "tweet": "Wow, only 99 likes to the 10,000 mark! Thank you so much for all your input.", "likes_count": 4, "replies_count": 0, "retweets_count": 0, "hashtags": []}
{"id": 1071192386196258816, "date": "2018-12-07", "time": "18:59:01", "tweet": "Today, I'm using R. Invariably, that means spending the day crawling around in the bowels of uncommented, undocumented code just to figure out what datatype type this function actually wants as input.  https://t.co/Wd2KVLLmCL", "likes_count": 5, "replies_count": 0, "retweets_count": 0, "hashtags": []}
{"id": 1071192152049356800, "date": "2018-12-07", "time": "18:58:05", "tweet": "Merge:Multi Image text input Twitter.  https://t.co/ug5XgCBX0k", "likes_count": 0, "replies_count": 0, "retweets_count": 0, "hashtags": []}
{"id": 1071192123175784451, "date": "2018-12-07", "time": "18:57:58", "tweet": "Grt to have your engagm’t and input. I personally, along with Head of Leadership &amp; Talent and the team, have been out to the front line (PC/DC’s &amp; PS/DS) to get opinions on future of DPSLM &amp; Promo. We are determined to build you the BEST possible processes. #WeAreListening", "likes_count": 10, "replies_count": 2, "retweets_count": 0, "hashtags": ["wearelistening"]}
{"id": 1071191996629426177, "date": "2018-12-07", "time": "18:57:28", "tweet": "@Shaunelious @KuldeshJohal @BarryHearn @nr147 @Paul_Ellis147 @hitmanholt @pistol147 @ronnieo147 @kendoherty1997 @Magician147 @markjesterselby @KyrenWilson @markwil147 @joegentlemanjoe @TheHawk147 Thanks for your input but I think you missed my point.", "likes_count": 0, "replies_count": 0, "retweets_count": 0, "hashtags": []}
{"id": 1071191995098509317, "date": "2018-12-07", "time": "18:57:28", "tweet": "@harrysadzard U definitely aren't ❤❤❤ it was sposed to be for both of u and u got no input or anything , that's disappointing", "likes_count": 3, "replies_count": 0, "retweets_count": 0, "hashtags": []}
{"id": 1071191908943310848, "date": "2018-12-07", "time": "18:57:07", "tweet": "Object-oriented programming (OOP) is a programming language model organized around objects rather than \"actions\" and data rather than logic. Historically, a program has been viewed as a logical procedure that takes input data, processes it, and produces output data.", "likes_count": 1, "replies_count": 0, "retweets_count": 0, "hashtags": []}
{"id": 1071191887715938306, "date": "2018-12-07", "time": "18:57:02", "tweet": "Job titles and descriptions will change, but only because the stakes of skilled human input have been raised.  A.I. Metals Mining, What Does the Future Hold?  Davey Bickford  Premium blasting solutions | Productivity | Safety  https://t.co/2XM9AR5xyu  https://t.co/HiLgpK3RSi", "likes_count": 0, "replies_count": 0, "retweets_count": 0, "hashtags": []}
{"id": 1071191883018313734, "date": "2018-12-07", "time": "18:57:01", "tweet": "@TheKostos @OddsShark Nick any input on the big spreads LA /PITT/NO", "likes_count": 0, "replies_count": 0, "retweets_count": 0, "hashtags": []}
{"id": 1071191863112024064, "date": "2018-12-07", "time": "18:56:56", "tweet": "@FiendBas10 Better offensive input and control. Literally manipulated defenses", "likes_count": 0, "replies_count": 0, "retweets_count": 0, "hashtags": []}
{"id": 1071191803263631361, "date": "2018-12-07", "time": "18:56:42", "tweet": "@geowhateverist @eruptionsblog @Volcanologist @volcan01010 @HTuffen @inthevolcano Actually, surely nobody would be unhappy with volcanic systems occasionally having melt-dominated conditions occasionally? Such as during times of unusually high thermal input. 'Flare ups’ for example....", "likes_count": 0, "replies_count": 0, "retweets_count": 0, "hashtags": []}
{"id": 1071191700167626752, "date": "2018-12-07", "time": "18:56:17", "tweet": "@Patrickfjohnson @tfhurstauthor They do have good input. Grist.", "likes_count": 1, "replies_count": 0, "retweets_count": 0, "hashtags": []}
{"id": 1071191505845538816, "date": "2018-12-07", "time": "18:55:31", "tweet": "@realDonaldTrump Reform so your son-in-laws dad has input on reform for when u and your family go to prison.", "likes_count": 0, "replies_count": 0, "retweets_count": 0, "hashtags": []}
{"id": 1071191396101558273, "date": "2018-12-07", "time": "18:55:05", "tweet": "@Zeromomentaii Been hearing there's something going on with it's input latency", "likes_count": 1, "replies_count": 1, "retweets_count": 0, "hashtags": []}
{"id": 1071191308776157184, "date": "2018-12-07", "time": "18:54:44", "tweet": "[GitHub-Dark]  https://t.co/4hmzI5OXab Brian Surowiec - Testing out simpler input styling", "likes_count": 0, "replies_count": 0, "retweets_count": 0, "hashtags": []}
{"id": 1071191166287261696, "date": "2018-12-07", "time": "18:54:10", "tweet": "Thanks for the input, Dylan", "likes_count": 1, "replies_count": 0, "retweets_count": 0, "hashtags": []}
{"id": 1071191164752199681, "date": "2018-12-07", "time": "18:54:10", "tweet": "@vvictorianicxle Hoy input besos bripi", "likes_count": 1, "replies_count": 1, "retweets_count": 0, "hashtags": []}
{"id": 1071191152861331459, "date": "2018-12-07", "time": "18:54:07", "tweet": "@_lola_bee Hey....  People like me  want more input..😒", "likes_count": 1, "replies_count": 0, "retweets_count": 0, "hashtags": []}
{"id": 1071191127192162310, "date": "2018-12-07", "time": "18:54:01", "tweet": "PropertyHive &lt;= 1.4.25 - Unvalidated Input to do_action()  https://t.co/psGJWabwjC", "likes_count": 0, "replies_count": 0, "retweets_count": 0, "hashtags": []}
{"id": 1071191110863732736, "date": "2018-12-07", "time": "18:53:57", "tweet": "@ddasser @JPolov @Michael_D_Crow @Tony_Purc @kmpClimate @redforged42 @NoelTurner194 @StormSignalSA @sueytonius @SapiensCato @scotpolitik @priscian @BradSchrag @Tangomitteckel @SturmLLiouville @DenierBot @bobathon @craigthomler @Zerilos @caerbannog666 @GaryMullennix @NikolovScience @CycleJunkie88 @brandonrgates @EthonRaptor @LindsayyuleS @Gladfly1 @1_TMF_ @wildweatherdan @Calimer0c0mplex @dianesbaker1 @enzoilragu @KiryeNet @swcrisis @bjjuhl58 @KatyinIndy @GillesnFio @AtomsksSanakan @geoffmprice @OWStarr @RealElyBritt @marcmcgaugh1975 @JaggerMickOZ @Tokyo_Tom @CaseyParksIt @NovaShpakova @RisetoClimate @icarus62 @steve_anluan @climatefrauds Retain heat a lil longer=buildup. A little bias in output v input can make a huge dif. All matter in the universe may be just the remnants of a slight excess of matter vs anti-matter,so that when most annihilated each other, the relatively little left is everything still existent", "likes_count": 1, "replies_count": 1, "retweets_count": 1, "hashtags": []}
