{"id": 1071917110975057920, "date": "2018-12-09", "time": "18:58:49", "tweet": "Money Cube - An APP which will help you get MONEY for free. Input my invite code ❤A95UN❤ after installation, and you will get 1000 Clicks. Download link:  https://t.co/zFIwwyId3H", "likes_count": 0, "replies_count": 0, "retweets_count": 0, "hashtags": []}
{"id": 1071917050015055872, "date": "2018-12-09", "time": "18:58:34", "tweet": "For a person with autism, every day has the sensory stimulation of a party. These poor little babies have been thrust into a P-P-P-PARTY E'RY DAY! scenario, without even being asked if that was ok.   Add to the normal daily sensory input an autistic person has to cope with (3/?)", "likes_count": 1, "replies_count": 1, "retweets_count": 0, "hashtags": []}
{"id": 1071917038895910913, "date": "2018-12-09", "time": "18:58:31", "tweet": "@hatsonfgc I tried to recreate it, I wanna believe its a dropped input though, I'm 50/50 on that thought #PS4share  https://t.co/GkIfNEinjT", "likes_count": 0, "replies_count": 0, "retweets_count": 0, "hashtags": ["ps4share"]}
{"id": 1071916983107514368, "date": "2018-12-09", "time": "18:58:18", "tweet": "@jessicaverdi Any input on what you would like me to get for your ork army?", "likes_count": 2, "replies_count": 1, "retweets_count": 0, "hashtags": []}
{"id": 1071916909497593856, "date": "2018-12-09", "time": "18:58:01", "tweet": "Money Cube - An APP which will help you get MONEY for free. Input my invite code ❤A95UN❤ after installation, and you will get 1000 Clicks. Download link:  https://t.co/gAtWGe6HWS", "likes_count": 0, "replies_count": 0, "retweets_count": 0, "hashtags": []}
{"id": 1071916841247752192, "date": "2018-12-09", "time": "18:57:44", "tweet": "いい膝裏", "likes_count": 0, "replies_count": 0, "retweets_count": 0, "hashtags": []}
{"id": 1071916819626123264, "date": "2018-12-09", "time": "18:57:39", "tweet": "President Tumblr: (Is a website and therefore is incapable of running a country let alone doing anything beyond displaying certain information based on user input)", "likes_count": 0, "replies_count": 0, "retweets_count": 0, "hashtags": []}
{"id": 1071916814525902848, "date": "2018-12-09", "time": "18:57:38", "tweet": "@_Varkeer very tight. thanks for the input.", "likes_count": 0, "replies_count": 0, "retweets_count": 0, "hashtags": []}
{"id": 1071916728429543429, "date": "2018-12-09", "time": "18:57:17", "tweet": "@Lauren_Southern Nah in this country we believe in science so we know reducing carbon emissions is important. Thanks for the input though.", "likes_count": 0, "replies_count": 9, "retweets_count": 0, "hashtags": []}
{"id": 1071916439924133888, "date": "2018-12-09", "time": "18:56:09", "tweet": "What input can Feige possibly give", "likes_count": 5, "replies_count": 1, "retweets_count": 0, "hashtags": []}
{"id": 1071916298773426176, "date": "2018-12-09", "time": "18:55:35", "tweet": "Input from transplant patients is an important part of the transplant policy development process. Learn more at  https://t.co/q4VU4jKGMb  https://t.co/p8IWJaBFfC", "likes_count": 0, "replies_count": 0, "retweets_count": 0, "hashtags": []}
{"id": 1071916143974195201, "date": "2018-12-09", "time": "18:54:58", "tweet": "@jackratcliffe45 @Femi_Sorry Of course they have input, that's what they are there for. Leaving the E.U takes away that representation, and takes away the fund. Without the support of the E.U the deprived areas of the UK would be left at the mercy of those who only care about the south of England.", "likes_count": 0, "replies_count": 1, "retweets_count": 0, "hashtags": []}
{"id": 1071916070976528389, "date": "2018-12-09", "time": "18:54:41", "tweet": "Went 1-2 in my first tourney. I feel like my pika has a lot of potential but still have a lot to learn. Could’ve won my losers match but lost game 1 cause of a miss input and then got bodied when I switched to snake. Prolly gunna go all pika till my snake is ready.", "likes_count": 0, "replies_count": 0, "retweets_count": 0, "hashtags": []}
{"id": 1071916063716073472, "date": "2018-12-09", "time": "18:54:39", "tweet": "@AheriAnuar Beza kuning dan putih. Kuning lebih materialistik. Kuning ada input memohon keredhaan Allah. Kuning tidur. Putih solat. Allahuakbar. Mungkin Hijau boleh di beri peluang memerintah sepenggal selepas PH ni.", "likes_count": 4, "replies_count": 0, "retweets_count": 0, "hashtags": []}
{"id": 1071915917288759298, "date": "2018-12-09", "time": "18:54:04", "tweet": "@unklescooty Next time I’ll @ u if I need ur input homes. Lol", "likes_count": 0, "replies_count": 0, "retweets_count": 0, "hashtags": []}
{"id": 1071915901694418946, "date": "2018-12-09", "time": "18:54:00", "tweet": "@chatta_girl @Bikingisfun2 @CherylCrannick @gondor259 I didn't read this entire thread but the more info you know the better the results. (Input in link #1, the Steve Morse link)", "likes_count": 0, "replies_count": 0, "retweets_count": 0, "hashtags": []}
{"id": 1071915555442036738, "date": "2018-12-09", "time": "18:52:38", "tweet": "@Michaelato That is a great idea! We appreciate the input. We will definitely consider this as we move forward and look for ways to continue to improve your experience. ~Chu", "likes_count": 0, "replies_count": 0, "retweets_count": 0, "hashtags": []}
{"id": 1071915455013634053, "date": "2018-12-09", "time": "18:52:14", "tweet": "A change for the better always has a double impact. With it you take away your negative input as well as generate a positive contribution.", "likes_count": 2, "replies_count": 0, "retweets_count": 0, "hashtags": []}
{"id": 1071915400714178560, "date": "2018-12-09", "time": "18:52:01", "tweet": "Looking for crew shirt input Velocita-USA for ministry and partnership representation at the track in 2019. Wobbling Strong Missions and Motorsports with Motor Racing Outreach,  https://t.co/YOxhhuX7Jr,  Rob Skipper Motorsports, Show-Me-Synthetics, and  https://t.co/S6lGiVYPBI.", "likes_count": 0, "replies_count": 0, "retweets_count": 0, "hashtags": []}
{"id": 1071915128042504192, "date": "2018-12-09", "time": "18:50:56", "tweet": "To the moaners then I say if it was a let down &amp; it could’ve been better then get involved next year with your critical input ! 🖕🏻", "likes_count": 1, "replies_count": 0, "retweets_count": 0, "hashtags": []}
