{"id": 1068293337558306817, "date": "2018-11-29", "time": "18:59:14", "tweet": "At age 16 I bought Sonic Foundry's ACID software (a kind of beginner DAW), plugged the family's old Casio directly into the mic input of my PC and started making stuff. I had no idea what I was doing, but I learned a lot just by trying to make something that sounded good.", "likes_count": 18, "replies_count": 1, "retweets_count": 1, "hashtags": []}
{"id": 1068293299595816961, "date": "2018-11-29", "time": "18:59:05", "tweet": "Surprising success of today - Duolingo warm up in Sp3. I guess we hadn’t done it since Sp1 🤷🏻‍♀️ It was a great way to focus on accuracy after multiple years of heavy input. Some generally unengaged students continued to compete against each other in homeroom #langchat", "likes_count": 11, "replies_count": 1, "retweets_count": 0, "hashtags": ["langchat"]}
{"id": 1068293222508695552, "date": "2018-11-29", "time": "18:58:46", "tweet": "@tathompsonKS What kid uses PDFs? @mrst_bears, any input?  https://t.co/MsLzBZcgDU", "likes_count": 2, "replies_count": 0, "retweets_count": 0, "hashtags": []}
{"id": 1068293150760792065, "date": "2018-11-29", "time": "18:58:29", "tweet": "『INPUT安衛法』 1時間4分 2コマ  https://t.co/tcxqPzE7Ec #studyplus", "likes_count": 0, "replies_count": 0, "retweets_count": 0, "hashtags": ["studyplus"]}
{"id": 1068293048566771713, "date": "2018-11-29", "time": "18:58:05", "tweet": "(Me, after I get Elgato turned on, gets no sound input)  https://t.co/cwBArWAKRI", "likes_count": 0, "replies_count": 0, "retweets_count": 0, "hashtags": []}
{"id": 1068293025430814720, "date": "2018-11-29", "time": "18:57:59", "tweet": "Have a meeting at the kid’s school in an hour and I just spent 3 minutes looking for my glasses that were on my face. I’m thinking my input may be light tonight.", "likes_count": 6, "replies_count": 1, "retweets_count": 0, "hashtags": []}
{"id": 1068293015142363136, "date": "2018-11-29", "time": "18:57:57", "tweet": "@dottieallen14 Tell Josh, that I really appreciate his input..he is very encouraging.", "likes_count": 1, "replies_count": 1, "retweets_count": 0, "hashtags": []}
{"id": 1068292970754056192, "date": "2018-11-29", "time": "18:57:46", "tweet": "@ShawnMenard1 @frpaul1 @cfulgham @ottawacity I went to the first two. At the second one it was clear that the contractors had ignored the public’s input (which overwhelmingly favoured sustainable options) in favour of parking and four-lane roadway. Left more feedback, was ignored again, and gave up.", "likes_count": 2, "replies_count": 1, "retweets_count": 0, "hashtags": []}
{"id": 1068292933126930432, "date": "2018-11-29", "time": "18:57:37", "tweet": "Great turn out so far for the public meeting on @SomersetCntyNJ 's Walk, Bike, Hike study. We're here until 8 pm. Come learn about the study and provide input!  https://t.co/7ZEBtboOHb  https://t.co/9VsqZEF0qK", "likes_count": 2, "replies_count": 0, "retweets_count": 2, "hashtags": []}
{"id": 1068292841225502721, "date": "2018-11-29", "time": "18:57:15", "tweet": "every year the \"input your current total bank account\" section on my fafsa gets more and more depressing", "likes_count": 6, "replies_count": 0, "retweets_count": 0, "hashtags": []}
{"id": 1068292838490890240, "date": "2018-11-29", "time": "18:57:15", "tweet": "@Ontarioku @nowvoicethis @SentaiFilmworks I was waiting for my Canadian friends to give their input XD", "likes_count": 2, "replies_count": 0, "retweets_count": 0, "hashtags": []}
{"id": 1068292827077955584, "date": "2018-11-29", "time": "18:57:12", "tweet": "@TheEhTrader @brave @googlechrome @LastPass but how do I use it on @brave? I logged in and it has my creds stored for FB // Twitter // etc, but there are some sites my creds aren't saved and I have to copy/paste from @LastPass to the input fields manually", "likes_count": 0, "replies_count": 1, "retweets_count": 0, "hashtags": []}
{"id": 1068292678369058816, "date": "2018-11-29", "time": "18:56:37", "tweet": "#BOSCouncil hearing on city-owned land at Frontage Rd. @Wutrain: Will Walsh admin agree to public process before soliciting developer proposals? Admin: There's already \"a great framework,\" Imagine 2030, w/ public input. Wu: \"When was the last of those meetings?\" Admin: 2017.", "likes_count": 2, "replies_count": 0, "retweets_count": 0, "hashtags": ["boscouncil"]}
{"id": 1068292643250216960, "date": "2018-11-29", "time": "18:56:28", "tweet": "@pintocomics @SoWizardPodcast @mobilehc666 @TheDorkening we’d love to have your input   If you were to remove one Gremlin Rule what would it be?", "likes_count": 1, "replies_count": 1, "retweets_count": 0, "hashtags": []}
{"id": 1068292373174804480, "date": "2018-11-29", "time": "18:55:24", "tweet": "@BrookeLeia No way @BrookeLeia we love the input!! 🙌 I fwded the info to ellen in case she ever wants to do something with her life 😂😂😂", "likes_count": 1, "replies_count": 0, "retweets_count": 0, "hashtags": []}
{"id": 1068292317826564096, "date": "2018-11-29", "time": "18:55:11", "tweet": "Stoked for all that solar!! Added 3 more solar panels, and more than doubled our solar input, all fresh wiring from the janky wiring there before. #Solarpower (Check out Discount Solar in Quartszite!)", "likes_count": 0, "replies_count": 0, "retweets_count": 0, "hashtags": ["solarpower"]}
{"id": 1068292278576402432, "date": "2018-11-29", "time": "18:55:01", "tweet": "Twitter village: server at my regular pub is wearing a new lipstick. She’s not my regular server but it’s a good fit.  Question: is it weird or creepy to say “hey that new colour is nice!”  A/ I know it’s harmless but  B/ its unsolicited commentary on her appearance.  Input?", "likes_count": 0, "replies_count": 4, "retweets_count": 0, "hashtags": []}
{"id": 1068292185634656256, "date": "2018-11-29", "time": "18:54:39", "tweet": "@MichaelSolberg @HandmaidAlberta Ah, bless your conservative heart, Michael. Whatever would we handmaidens do without your input?", "likes_count": 0, "replies_count": 0, "retweets_count": 0, "hashtags": []}
{"id": 1068292077593735169, "date": "2018-11-29", "time": "18:54:13", "tweet": "PD: Es input. Para todos les q van los sbdos a hacerse los piolas porque es exclusive", "likes_count": 1, "replies_count": 0, "retweets_count": 0, "hashtags": []}
{"id": 1068292061567299584, "date": "2018-11-29", "time": "18:54:10", "tweet": "Great input on the discussion from Benjamin Zephaniah tonight, especially about the impact on fishing #bbcqt  https://t.co/uCjdEWLcjZ", "likes_count": 0, "replies_count": 0, "retweets_count": 0, "hashtags": ["bbcqt"]}
