{"id": 1062495246771257345, "date": "2018-11-13", "time": "18:59:41", "tweet": "@rogue_gal My team and I are in the final project of the Full Sail Software Development degree building a writer's toolkit. We would appreciate any input, especially a professional's. :D Are you available this week?", "likes_count": 0, "replies_count": 0, "retweets_count": 0, "hashtags": []}
{"id": 1062495130609889280, "date": "2018-11-13", "time": "18:59:13", "tweet": "\"When I was in primary school I was harassed by some young boys who thought it was funny to lift up my uniform, punch me in the arm, etc, when I reacted…\"  https://t.co/NWboloeRJ4 Great input here from @FPsych on @KoparaFallsKid piece and I'm sure many of us will relate as well.", "likes_count": 12, "replies_count": 2, "retweets_count": 6, "hashtags": []}
{"id": 1062495062284742656, "date": "2018-11-13", "time": "18:58:57", "tweet": "ID specialist input improves outcomes for  outpatient parenteral antimicrobial therapy  https://t.co/aUv7fdudBE via @IDSAInfo @EurekAlert", "likes_count": 0, "replies_count": 0, "retweets_count": 0, "hashtags": []}
{"id": 1062494961663270912, "date": "2018-11-13", "time": "18:58:33", "tweet": "Don’t forget to give us your input in this important #poll for @BrightSideKandJ ! #podcast #comedy", "likes_count": 1, "replies_count": 0, "retweets_count": 0, "hashtags": ["poll", "podcast", "comedy"]}
{"id": 1062494957347450880, "date": "2018-11-13", "time": "18:58:32", "tweet": "With a gentle focus on what you can see, hear, taste, touch or smell, you free your mind from chains of input and regain your elastic sense of wonder. No permission is required to visit the unknown.#wonder Dreams #intuition  https://t.co/oCOkzgV0Ko", "likes_count": 0, "replies_count": 0, "retweets_count": 0, "hashtags": ["wonder", "intuition"]}
{"id": 1062494907733028864, "date": "2018-11-13", "time": "18:58:20", "tweet": "Iowa City Metro friends - don’t miss the chance to provide your input on this!", "likes_count": 0, "replies_count": 0, "retweets_count": 2, "hashtags": []}
{"id": 1062494871049637888, "date": "2018-11-13", "time": "18:58:12", "tweet": "@hanson933_ssb The space within the deadzone circle itself, that's just dead space where the game isn't registering input, whereas if you go outside of the ESS circle, that would be the ESS circle &gt; full range of input. This basically causes link to go from no movement &gt; shuffling &gt; walk &gt; run.", "likes_count": 1, "replies_count": 1, "retweets_count": 0, "hashtags": []}
{"id": 1062494812077621248, "date": "2018-11-13", "time": "18:57:58", "tweet": "@matthewjames307 At least in art and architecture right now new technology is allow us the ability for parametric design based on data input. It completely opens the doors for new forms and systems. Interesting what could happen later", "likes_count": 1, "replies_count": 1, "retweets_count": 0, "hashtags": []}
{"id": 1062494745417670657, "date": "2018-11-13", "time": "18:57:42", "tweet": "@Randy_Head Great to have you here today. Your input was valuable. Thanks for coming. 😁👍", "likes_count": 1, "replies_count": 0, "retweets_count": 0, "hashtags": []}
{"id": 1062494620414730240, "date": "2018-11-13", "time": "18:57:12", "tweet": "@FPsych @KoparaFallsKid Excellent, thank you very much. A lot to break down there and really appreciate the input. 😊", "likes_count": 2, "replies_count": 1, "retweets_count": 0, "hashtags": []}
{"id": 1062494547496837120, "date": "2018-11-13", "time": "18:56:54", "tweet": "@ItsShake4ndbake The input does not equal the output.", "likes_count": 0, "replies_count": 0, "retweets_count": 0, "hashtags": []}
{"id": 1062494497672781824, "date": "2018-11-13", "time": "18:56:43", "tweet": "@TriniJax Medical data goes into the National Highway Transportation Safety Board’s guidelines on car safety standards. But we’re not going to listen to input doctors picking bullets out of people on gun safety as a public health issue?", "likes_count": 1, "replies_count": 0, "retweets_count": 0, "hashtags": []}
{"id": 1062494383424061440, "date": "2018-11-13", "time": "18:56:15", "tweet": "@u2gigs Thank you for your input into #U2ieTour during 2018. Like with every tour great clips, pics and info", "likes_count": 0, "replies_count": 0, "retweets_count": 0, "hashtags": ["u2ietour"]}
{"id": 1062494310803877888, "date": "2018-11-13", "time": "18:55:58", "tweet": "I appreciate your input @ShadowNinjaMoto. I took into consideration about illustrations today.. I think 🤔 I have it halfway figured out. Thank you @ Gulfport, Mississippi  https://t.co/SKeVIuqim9", "likes_count": 0, "replies_count": 0, "retweets_count": 0, "hashtags": []}
{"id": 1062494289933074432, "date": "2018-11-13", "time": "18:55:53", "tweet": "@ZoiePalmer Zoie, I understand your need to walk away, but just so you know - I absolutely need to know your input on this subject.  https://t.co/OfdCCFo07g", "likes_count": 19, "replies_count": 0, "retweets_count": 1, "hashtags": []}
{"id": 1062494203366780929, "date": "2018-11-13", "time": "18:55:32", "tweet": "Quality Inspector - Valencia, California - Advanced Input Systems #ajn,#aviation,#jobnet,#aerospace,#jobs  https://t.co/GVoqxwX2sD", "likes_count": 0, "replies_count": 0, "retweets_count": 0, "hashtags": ["ajn", "aviation", "jobnet", "aerospace", "jobs"]}
{"id": 1062494188640526336, "date": "2018-11-13", "time": "18:55:29", "tweet": "@BukaBantuan min saya pelapak , transaksi 181371546642 buyer salah input nama penerima yg diinput malah angka, status resi sudah delivered tp tdk tervalidasi otomatis mohon bantuannya", "likes_count": 0, "replies_count": 1, "retweets_count": 0, "hashtags": []}
{"id": 1062494032620871680, "date": "2018-11-13", "time": "18:54:52", "tweet": "no one ever calls you by the name you input at the start apart from asriel and the first child (if I recall correctly) because the character you play as' name is Frisk", "likes_count": 1, "replies_count": 1, "retweets_count": 0, "hashtags": []}
{"id": 1062493855382102016, "date": "2018-11-13", "time": "18:54:09", "tweet": "@rebshloima @MEActNet @MeAction Disappointed MEAction informed patients of opportunity to submit input just one hour before deadline.   Deadline was known for two months.  #MEisNotSEID #MyalgicE #MyalgicEncephalomyelitis", "likes_count": 9, "replies_count": 0, "retweets_count": 5, "hashtags": ["meisnotseid", "myalgice", "myalgicencephalomyelitis"]}
{"id": 1062493762780364800, "date": "2018-11-13", "time": "18:53:47", "tweet": "@Yo_se_tu @daschmidt883 Your statements reflects the attitudes of that 94% of Americans. The NRA is in the minority of gun owners. But they have deep pockets loud mouths.   Thank you for your input. It is quite balanced and sensible. 😊❤️🤗", "likes_count": 1, "replies_count": 1, "retweets_count": 0, "hashtags": []}
