{"id": 1189331012599406592, "date": "2019-10-29", "time": "19:59:44", "tweet": "Min goblok, itu masih usulan anggaran, belum di ketok, ada kesalahan input dan pasti direvisi...", "likes_count": 0, "replies_count": 0, "retweets_count": 1, "hashtags": []}
{"id": 1189330964599787522, "date": "2019-10-29", "time": "19:59:33", "tweet": "@comm_hs if I were the organization involved, I would let it go, because it was such a horrific event for so many people that the distasteful ad will get enough negative attention without my organizations input.", "likes_count": 0, "replies_count": 0, "retweets_count": 0, "hashtags": []}
{"id": 1189330833133449216, "date": "2019-10-29", "time": "19:59:01", "tweet": "@gavh1978 Nice one thanks for your input but who am I Gona listen to Shaun who’s gig it was or you lad . Ps who cut your hair lad", "likes_count": 2, "replies_count": 0, "retweets_count": 0, "hashtags": []}
{"id": 1189330737201319936, "date": "2019-10-29", "time": "19:58:39", "tweet": "@PhantomDeadline I did get better numbers for the bandwidth on the 2nd prototype. With an accurately calibrated timebase and the input path improvements, I get 7.25 GHz with 10-90% and 8.25 GHz with 20-80% using the SY58051AU step. I tried 1000 times and these were the means.", "likes_count": 2, "replies_count": 2, "retweets_count": 0, "hashtags": []}
{"id": 1189330466173837312, "date": "2019-10-29", "time": "19:57:34", "tweet": "そういう神話生物とかアンドロイドとかいう設定でやってるんならまだ分かるけどさ、普通の人間設定なんやろ？ どういう趣味なんだよ", "likes_count": 0, "replies_count": 0, "retweets_count": 0, "hashtags": []}
{"id": 1189330396112195584, "date": "2019-10-29", "time": "19:57:17", "tweet": "Hey #writingcommmunity I’m looking for #help with my #blog #logo - any input would be appreciated!  https://t.co/Bs0FYZfjkU", "likes_count": 0, "replies_count": 1, "retweets_count": 0, "hashtags": ["writingcommmunity", "help", "blog", "logo"]}
{"id": 1189330311206883328, "date": "2019-10-29", "time": "19:56:57", "tweet": "@datuakrajoangek Tentu aja salah ketik. Mana mungkin orang korupsi sebego itu.  Dan memang itu tujuannya di upload, supaya bisa sama2 periksa. Namanya juga input barang manual.   *Kecuali kalo kena hack kayak mentri yg itu.", "likes_count": 0, "replies_count": 1, "retweets_count": 0, "hashtags": []}
{"id": 1189330287009902592, "date": "2019-10-29", "time": "19:56:51", "tweet": "Kinder scholars @CleggCubs use a GLAD narrative input chart to ask and answer questions about Emma Dodd’s story “I Love Bugs”.  They use the details from the story to describe bugs and write about them.  Such a pleasure co-teaching this lesson with Mrs. Kresge!  https://t.co/OUmUTTUPP1", "likes_count": 3, "replies_count": 0, "retweets_count": 1, "hashtags": []}
{"id": 1189330170638929920, "date": "2019-10-29", "time": "19:56:24", "tweet": "@dalaimamaa @Leandro8209 Hello and ty for the valuable input!! I’m working on  https://t.co/6nWqg7BtFC like a discovery engine for articles regarding Native American history, news, organizations, and will have a take action page w/ list of org that serve native communities. Any recs on this?", "likes_count": 1, "replies_count": 1, "retweets_count": 0, "hashtags": []}
{"id": 1189330073326895104, "date": "2019-10-29", "time": "19:56:00", "tweet": "Both activities are output signals for angle input signals.", "likes_count": 0, "replies_count": 0, "retweets_count": 0, "hashtags": []}
{"id": 1189330055459147776, "date": "2019-10-29", "time": "19:55:56", "tweet": "もうそこまで行ったら胸が本体なんだろうし、乳房だけの生物とかデザインしたらいいんじゃね？（侮辱）", "likes_count": 0, "replies_count": 0, "retweets_count": 0, "hashtags": []}
{"id": 1189330016204705798, "date": "2019-10-29", "time": "19:55:47", "tweet": "Input-Output Price Index of the Manufacturing Industry by Sector (Sept.) -  https://t.co/oAlvF15wkO #Agenparl #Iopi1909 #Release #Statistics #AgenparlEnglish #Economia #SocialNetwork", "likes_count": 0, "replies_count": 0, "retweets_count": 0, "hashtags": ["agenparl", "iopi1909", "release", "statistics", "agenparlenglish", "economia", "socialnetwork"]}
{"id": 1189330007010807808, "date": "2019-10-29", "time": "19:55:45", "tweet": "@MichaelGoros @PamelaWilmoth4 @TheDemocrats @donnabrazile They r old n sick 😷 because after lying for as long as they have combined have destroyed countries multiple times with there input.  They really r bad people. Power by any means. Destroy everything so a new world can begin.", "likes_count": 0, "replies_count": 0, "retweets_count": 0, "hashtags": []}
{"id": 1189329997250662400, "date": "2019-10-29", "time": "19:55:42", "tweet": "@TeamPulte Yes, please do include input from autistic people. Doesn't have to be me, there's plenty of others, @NeuroRebel is really great.", "likes_count": 3, "replies_count": 4, "retweets_count": 0, "hashtags": []}
{"id": 1189329996575363073, "date": "2019-10-29", "time": "19:55:42", "tweet": "Future of Delhi and the Remke property.  Residents and businesses coming out to discuss with Jeff Stec facilitating.  Thanks to everyone who came out!  Love the community input. #delhiprogress  https://t.co/Gkf4byDjmH", "likes_count": 0, "replies_count": 0, "retweets_count": 2, "hashtags": ["delhiprogress"]}
{"id": 1189329953990594560, "date": "2019-10-29", "time": "19:55:32", "tweet": "🇯🇵 Input-Output Price Index of the Manufacturing Industry by Sector (Sept.)  https://t.co/XlOeNsKfCq BANK of JAPAN", "likes_count": 0, "replies_count": 0, "retweets_count": 0, "hashtags": []}
{"id": 1189329846775799808, "date": "2019-10-29", "time": "19:55:06", "tweet": "いやでも「お前胸にビーチボール詰まってんのかよ」みたいな絵見たら笑ってしまうやろ 顔の何倍あるんやそれ", "likes_count": 0, "replies_count": 0, "retweets_count": 0, "hashtags": []}
{"id": 1189329675937562631, "date": "2019-10-29", "time": "19:54:26", "tweet": "Was so surprised and happy to watch Bill Maher and see @HardcoreHistory Dan Carlin on the panel. Should of steamrolled over the others just a little bit more but still loved your input and reserve. 🤘🤘🤘🤘 Need to find the next level of platform for you. Your voice is needed now", "likes_count": 0, "replies_count": 0, "retweets_count": 0, "hashtags": []}
{"id": 1189329531162759170, "date": "2019-10-29", "time": "19:53:51", "tweet": "@djswizzler Thanks for the input, I really really want to watch the movies because I love crossovers so I'll eventually watch from the beginning.", "likes_count": 0, "replies_count": 0, "retweets_count": 0, "hashtags": []}
{"id": 1189329503501242368, "date": "2019-10-29", "time": "19:53:44", "tweet": "Trump attacks on Vindman trigger backlash  https://t.co/qwoJJ6SfPD By @mchalfant16 with input from @FordOConnell @thehill", "likes_count": 1, "replies_count": 0, "retweets_count": 0, "hashtags": []}
{"id": 1189329452871901184, "date": "2019-10-29", "time": "19:53:32", "tweet": "@stockx  I ipdeted the app. And input all my info and Ive heard back from customer service and whatever they r doing didnt help. Im still waiting. What am i supposed to do now? Just wait. I had no issues before like this", "likes_count": 0, "replies_count": 0, "retweets_count": 0, "hashtags": []}
{"id": 1189329447780007939, "date": "2019-10-29", "time": "19:53:31", "tweet": "500 seriesのtube mic preだとLaChapelleがずば抜けて良かったんだけど、それが$945。DI inputついてないとはいえ、$200近く安くでRETROが参入となると、否が応でも気になる！   https://t.co/uuwJlOVhc5", "likes_count": 0, "replies_count": 0, "retweets_count": 0, "hashtags": []}
{"id": 1189329425931878406, "date": "2019-10-29", "time": "19:53:26", "tweet": "たぶん爆乳の絵が目に入ると無意識に鼻で笑ってしまうの良くない 巨乳が好きなコンシューマはたくさんいるはずなので、大きい乳を受け入れて自分のものにしていかなければ", "likes_count": 0, "replies_count": 0, "retweets_count": 0, "hashtags": []}
{"id": 1189329373394096131, "date": "2019-10-29", "time": "19:53:13", "tweet": "@Lesh27 @luckyluc381 @ESPNMilwaukee @jasonjwilde @PatelESPN @gneitzel16 @1057FMTheFan Thanks for input.  Hopefully we will provide something so good..you will pay.  That's how I view The Athletic.", "likes_count": 0, "replies_count": 1, "retweets_count": 0, "hashtags": []}
{"id": 1189329373297598464, "date": "2019-10-29", "time": "19:53:13", "tweet": "@HmfaqihA Jd inget wkt ad yg Mentri kmaren.. Kan salah input jg katanya.. Masa kebetulan setiap ad dia..ad salah inputnya? Ap ini modus baru ya? Kalau ketauan ya salah input.. Kalau nggak ketauan.. Ya salah sendiri nggak d periksa..🤦🤦🤦", "likes_count": 0, "replies_count": 0, "retweets_count": 0, "hashtags": []}
{"id": 1189329361884909573, "date": "2019-10-29", "time": "19:53:11", "tweet": "[BOJ] Input-Output Price Index of the Manufacturing Industry by Sector (Sept.)  https://t.co/2de4drZIln", "likes_count": 0, "replies_count": 0, "retweets_count": 0, "hashtags": []}
{"id": 1189329155579666432, "date": "2019-10-29", "time": "19:52:22", "tweet": "@Gwennndolynn Thanks for the input 😂💓", "likes_count": 0, "replies_count": 0, "retweets_count": 0, "hashtags": []}
{"id": 1189329040223670274, "date": "2019-10-29", "time": "19:51:54", "tweet": "@DYKEPHOBlC LOL and her fillers are getting worse. If u don’t like my input, ignore it 🤷🏻‍♀️", "likes_count": 0, "replies_count": 1, "retweets_count": 0, "hashtags": []}
{"id": 1189329009945071618, "date": "2019-10-29", "time": "19:51:47", "tweet": "Nothing in my reading program that I am creating for my son is written in stone.  I have added this Before You Begin section at the start, and I am going to add more homophones to the start.  Any input appreciated!  https://t.co/1IDjIsj36z", "likes_count": 2, "replies_count": 1, "retweets_count": 0, "hashtags": []}
{"id": 1189328800057835521, "date": "2019-10-29", "time": "19:50:57", "tweet": "A new report from @SeaGrant and @NASEM_Gulf highlights local level recommendations on how to better prepare and respond to oil spills. Input was provided through a series of regional workshops hosted by five Sea Grant programs, including @USCSeaGrant.", "likes_count": 2, "replies_count": 0, "retweets_count": 2, "hashtags": []}
{"id": 1189328797792911361, "date": "2019-10-29", "time": "19:50:56", "tweet": "Input-Output Price Index of the Manufacturing Industry by Sector (Sept.)  https://t.co/LlaURHsCFS", "likes_count": 0, "replies_count": 0, "retweets_count": 0, "hashtags": []}
{"id": 1189328792143257603, "date": "2019-10-29", "time": "19:50:55", "tweet": "@TomiLahren @seanspicer Any input about the overwhelming boos at the World Series game? Sean Spicer is still there for the \"Let's see how much we can laugh at him\" factor. Y'all are a joke. Advertisers, any comment?", "likes_count": 0, "replies_count": 0, "retweets_count": 0, "hashtags": []}
{"id": 1189328711293820929, "date": "2019-10-29", "time": "19:50:36", "tweet": "Lem lu ributin.....? Salah ketik ..udah biasa yg kemarin salah input juga biasa ...walau dampaknya luarbiasa, Kalau gak nyebong gak paham dah...🐸🐸  https://t.co/mXqAMcjHJx", "likes_count": 0, "replies_count": 0, "retweets_count": 0, "hashtags": []}
{"id": 1189328615734960128, "date": "2019-10-29", "time": "19:50:13", "tweet": "hahaha salah input bs sampe puluhan milyar", "likes_count": 0, "replies_count": 0, "retweets_count": 0, "hashtags": []}
{"id": 1189328596260872194, "date": "2019-10-29", "time": "19:50:08", "tweet": "@SobreMuitaCoisa @Variety I am, hes apparently just a producer and not giving any creative input. Just like Doom Patrol, which he’s a producer of but not involved creatively", "likes_count": 0, "replies_count": 1, "retweets_count": 0, "hashtags": []}
{"id": 1189328589499633664, "date": "2019-10-29", "time": "19:50:07", "tweet": "@ObtainingBliss There’s something amazing brewing in our #Guac labs, but it’s not complete without your input. Head here to be part of our biggest project yet 🥑:  https://t.co/5Pf6jAbZ3Z", "likes_count": 0, "replies_count": 0, "retweets_count": 0, "hashtags": ["guac"]}
{"id": 1189328489859682304, "date": "2019-10-29", "time": "19:49:43", "tweet": "AirPodsProほしい", "likes_count": 0, "replies_count": 0, "retweets_count": 0, "hashtags": []}
{"id": 1189328444812906496, "date": "2019-10-29", "time": "19:49:32", "tweet": "New designs for Neff/Purcell intersection needs your input. @CityofBend open house is NOW 5p - 6:30p at Pilot Butte MS Cafeteria. These are the two designs under consideration. If you can't make it, email comments to sburr@bendoregon.gov.  https://t.co/NmM4pUzwIa", "likes_count": 10, "replies_count": 3, "retweets_count": 1, "hashtags": []}
{"id": 1189328396372840448, "date": "2019-10-29", "time": "19:49:21", "tweet": "I worded that last tweet a bit shitty so let me try again. \"Have yall noticed a trend where military couples get married quickly? If so, do yall think it's for any sort of financial gain?\" Much appreciated for y'alls input.", "likes_count": 1, "replies_count": 3, "retweets_count": 0, "hashtags": []}
{"id": 1189328380149325825, "date": "2019-10-29", "time": "19:49:17", "tweet": "焼きそば食ってたらイヤホンのコードガチ噛みしてしまった", "likes_count": 0, "replies_count": 0, "retweets_count": 0, "hashtags": []}
{"id": 1189328364076748801, "date": "2019-10-29", "time": "19:49:13", "tweet": "Has anyone in the Twitterverse installed a @DeLavalCanada P500 parlour? Asking for a friend .... but seriously, I'm asking for a client ...  they are looking to build and they would like some feedback ... any input would be greatly appreciated!", "likes_count": 4, "replies_count": 2, "retweets_count": 2, "hashtags": []}
{"id": 1189328203032256512, "date": "2019-10-29", "time": "19:48:34", "tweet": "@shumbamutasa Who in Zim sit on the fiscal or budget meetings in U.S when they plan for their annual monetary anything? Who gets a call from the feds asking for their input as to anything regarding the US$? Zim MUST have her own asset backed fiat currency that’s intlly. recognised &amp; tradable.  https://t.co/wT46uvRLNx", "likes_count": 6, "replies_count": 2, "retweets_count": 2, "hashtags": []}
{"id": 1189328120337387520, "date": "2019-10-29", "time": "19:48:15", "tweet": "@ademiposi_01 @solosteel29 @AfobajeII @Makolicious3 @AishaYesufu Let me help with a different example since you stated that you supply farm inputs. Every farm input imported into Nigeria has one form of custom waiver or another. That is a type of subsidy.And it’s deliberately so cos of the lean profitability n inherent risks of the business", "likes_count": 0, "replies_count": 1, "retweets_count": 1, "hashtags": []}
{"id": 1189327950811930624, "date": "2019-10-29", "time": "19:47:34", "tweet": "Anyone need some glitch 16? Got 3 extra codes, sorry about late response , input delay  https://t.co/NtCtEJdmvf", "likes_count": 2, "replies_count": 0, "retweets_count": 0, "hashtags": []}
{"id": 1189327813410775042, "date": "2019-10-29", "time": "19:47:02", "tweet": "@SammyGuichelaar Any switch mode power supply leaks roughly half the input voltage on the casing due to filters inside. You just need to use a grounded charger to make that go away.", "likes_count": 0, "replies_count": 0, "retweets_count": 0, "hashtags": []}
{"id": 1189327794859401217, "date": "2019-10-29", "time": "19:46:57", "tweet": "@APfeifer24 would you trade Mike Thomas for Odell and Leveon if your roster looked like this? I’m looking for input from someone I listen to daily 👍🏼  https://t.co/J8xqRZsTdn", "likes_count": 0, "replies_count": 2, "retweets_count": 0, "hashtags": []}
{"id": 1189327772235239430, "date": "2019-10-29", "time": "19:46:52", "tweet": "junge was das willst cs spielen hat alles ne sekunde input delay hrns spiel", "likes_count": 2, "replies_count": 0, "retweets_count": 0, "hashtags": []}
{"id": 1189327625669545984, "date": "2019-10-29", "time": "19:46:17", "tweet": "@_YvonneBurton @ChanelRion @dcexaminer @OANN No? Okay. Thanks for your input.", "likes_count": 0, "replies_count": 0, "retweets_count": 0, "hashtags": []}
{"id": 1189327437664010240, "date": "2019-10-29", "time": "19:45:32", "tweet": "Hey @Jupiter3Ni since this is your favorite werewolf movie why don't you give us your input.", "likes_count": 1, "replies_count": 0, "retweets_count": 0, "hashtags": []}
{"id": 1189327418596773888, "date": "2019-10-29", "time": "19:45:27", "tweet": "@WhoopiGoldberg Thank you for your input today on the View. You keep the Ladies in line to what the program is about. There is a reason the ratings are going up! I record the program so I can hear everyone’s View! Ha! Thank you. Debra", "likes_count": 0, "replies_count": 0, "retweets_count": 0, "hashtags": []}
{"id": 1189327315114909696, "date": "2019-10-29", "time": "19:45:03", "tweet": "@RyanIkeComposer if I could pick 2 it's trackers and live input, since I use Renoise which can do both", "likes_count": 1, "replies_count": 0, "retweets_count": 0, "hashtags": []}
{"id": 1189327274547527680, "date": "2019-10-29", "time": "19:44:53", "tweet": "It doesn't hurt to ask the input of the people that are IN it. Living IN it. Whatever IT is. I don't know. Just a wild guess.", "likes_count": 0, "replies_count": 0, "retweets_count": 0, "hashtags": []}
{"id": 1189327193693999104, "date": "2019-10-29", "time": "19:44:34", "tweet": "@SremmusBread I think you can still tilt stick nair in ult with a certain attack cancel/jump cancel input but I can't imagine how you could consistently do that with a special ANGLED input, when grounded half the time", "likes_count": 0, "replies_count": 0, "retweets_count": 0, "hashtags": []}
{"id": 1189327193341616128, "date": "2019-10-29", "time": "19:44:34", "tweet": "Woodbridge developers seek resident input on future of Hancock School, other neighborhood projects  https://t.co/InQqZYQ6VX", "likes_count": 0, "replies_count": 0, "retweets_count": 0, "hashtags": []}
{"id": 1189327166615502851, "date": "2019-10-29", "time": "19:44:27", "tweet": "Stop cutting them down to build subdivisions.   \"How do we improve forests in St. John's? Deputy mayor wants input from MUN\"  https://t.co/qhumVaLRgO", "likes_count": 5, "replies_count": 1, "retweets_count": 0, "hashtags": []}
{"id": 1189327026714546178, "date": "2019-10-29", "time": "19:43:54", "tweet": "@vasilikix0 Thank u for your input", "likes_count": 0, "replies_count": 0, "retweets_count": 0, "hashtags": []}
{"id": 1189326916223950848, "date": "2019-10-29", "time": "19:43:28", "tweet": "Council listening to testimony from residents on the Racial Equity &amp; Social Justice Act spearheaded by Council President @nancy_navarro. You can provide your input using #EquityMattersInMoCo . View the bill at   https://t.co/nobTEImURI . The GO Committee meets Nov. 4 at 2 p.m.  https://t.co/dGw7WhGPDV", "likes_count": 3, "replies_count": 0, "retweets_count": 1, "hashtags": ["equitymattersinmoco"]}
{"id": 1189326788243181568, "date": "2019-10-29", "time": "19:42:57", "tweet": "@tedyapo Well, it's input/output then", "likes_count": 2, "replies_count": 1, "retweets_count": 0, "hashtags": []}
{"id": 1189326699265216519, "date": "2019-10-29", "time": "19:42:36", "tweet": "@BusteadTravelAU Thank you so much for your input!!!!", "likes_count": 1, "replies_count": 1, "retweets_count": 0, "hashtags": []}
{"id": 1189326626036879367, "date": "2019-10-29", "time": "19:42:18", "tweet": "@duolingo With the latest iOS update, the app no longer switches keyboards automatically during lessons according to what language the app wants you to input in. Kind of annoying! Is a fix coming?", "likes_count": 0, "replies_count": 0, "retweets_count": 0, "hashtags": []}
