{"id": 1170849294007644162, "date": "2019-09-08", "time": "19:59:59", "tweet": "@TheAmyCode In high school, my 11th grade computer teacher told me “90% of programming is input, data transforms and output.” The rest.... well, I’ll figure it out eventually.", "likes_count": 1, "replies_count": 1, "retweets_count": 0, "hashtags": []}
{"id": 1170849188315377672, "date": "2019-09-08", "time": "19:59:34", "tweet": "@MickWest @LFCforumCo @AE911Truth Mick, you have no input data for this FEA yet, and you don't understand what the difference between a linear and dynamic analysis is, because you claimed that a linear static analysis was wrong for core DCR, and EVERY expert, me, published articles says that you are 100% wrong.", "likes_count": 0, "replies_count": 0, "retweets_count": 0, "hashtags": []}
{"id": 1170849174373273600, "date": "2019-09-08", "time": "19:59:31", "tweet": "知識のinputにはQB！知識のoutputにもQB！！！！", "likes_count": 0, "replies_count": 0, "retweets_count": 0, "hashtags": []}
{"id": 1170849167842975747, "date": "2019-09-08", "time": "19:59:29", "tweet": "i dont mind writing stuff alone, im quite jealous of my ideas haha, but... when it comes to roleplay or things like that i absolutely love doing. the thrill of waiting for their input and ideas and everything... and dasher...", "likes_count": 0, "replies_count": 1, "retweets_count": 0, "hashtags": []}
{"id": 1170849120216670208, "date": "2019-09-08", "time": "19:59:18", "tweet": "I wanna pick up Skullgirls since I have it for the PS4, but I forget that I know nothing about fightan gaems and idk how to have fun with them because I think too much about my input ;w;", "likes_count": 4, "replies_count": 2, "retweets_count": 0, "hashtags": []}
{"id": 1170849118333353990, "date": "2019-09-08", "time": "19:59:17", "tweet": "We Need Your Input - 2020 Executive Board - Please Cast Your Vote Now -  https://t.co/euzf3XbZgU  https://t.co/ie2zpIVy4Y", "likes_count": 1, "replies_count": 0, "retweets_count": 0, "hashtags": []}
{"id": 1170848886170226688, "date": "2019-09-08", "time": "19:58:22", "tweet": "@cinsoundradio Yeah but frankly the more you as the filmmaker need to input a creative vision for your client's video, the worse they are their job.  You shouldn't have to look at their product &amp; say \"I think this needs a light, breezy atmosphere and these are the values I'd promote\" &gt;", "likes_count": 0, "replies_count": 2, "retweets_count": 0, "hashtags": []}
{"id": 1170848294685163521, "date": "2019-09-08", "time": "19:56:01", "tweet": "Both activities are output signals for angle input signals.", "likes_count": 0, "replies_count": 0, "retweets_count": 0, "hashtags": []}
{"id": 1170848170647130112, "date": "2019-09-08", "time": "19:55:31", "tweet": "Some sound testing with the new guitar. This is straight into my 5e3 normal channel low input. Volume at 9 o’clock tone at noon. Pickups are gfs surf 90s for now. Strings are flat wound 12’s. #handmade #redsparkle…  https://t.co/P9zbIGQ7Ir", "likes_count": 0, "replies_count": 0, "retweets_count": 1, "hashtags": ["handmade", "redsparkle"]}
{"id": 1170848137478586368, "date": "2019-09-08", "time": "19:55:23", "tweet": "When is it better for YOU to tune into my weekend Request Show?  Saturday night 6 to 10 PM or Sunday night 6 to 10 PM?  When do you actually have time to listen more so?  Thanks for your input.", "likes_count": 3, "replies_count": 1, "retweets_count": 0, "hashtags": []}
{"id": 1170848133082963968, "date": "2019-09-08", "time": "19:55:22", "tweet": "TensorFlow Datasets also recently added an “in_memory” flag to the load method. If you have existing code with TFDS (and you haven’t tuned your input pipeline, used caching, etc) try this for an easy speed up.   https://t.co/gs6N9t8dvi", "likes_count": 55, "replies_count": 1, "retweets_count": 11, "hashtags": []}
{"id": 1170848099985543169, "date": "2019-09-08", "time": "19:55:14", "tweet": ".@Super_GGuerrero, according to DOE website, the SSA timeline calls for community input/engagement BY October. Haven’t seen any info yet inviting participation. What’s the plan? Please reply. @PPSConnect @oregonpta", "likes_count": 1, "replies_count": 2, "retweets_count": 0, "hashtags": []}
{"id": 1170847879268884480, "date": "2019-09-08", "time": "19:54:22", "tweet": "Tasks, where the solution is built up over steps towards a final well-defined goal, can often be done more easily with a single developer. When the task can use input from different people with different backgrounds, it is better suited to a team.", "likes_count": 0, "replies_count": 1, "retweets_count": 0, "hashtags": []}
{"id": 1170847866019024896, "date": "2019-09-08", "time": "19:54:19", "tweet": "@eevee Do you have  ‘Ignore touch input when I’m using my pen’ disabled?", "likes_count": 0, "replies_count": 0, "retweets_count": 0, "hashtags": []}
{"id": 1170847807101554688, "date": "2019-09-08", "time": "19:54:05", "tweet": "@million_input 奥は届かないね", "likes_count": 0, "replies_count": 1, "retweets_count": 0, "hashtags": []}
{"id": 1170847790752247808, "date": "2019-09-08", "time": "19:54:01", "tweet": "The power of this model is two-fold:   1. It isn't prescriptive about how you do design. Use whatever mindset you deem appropriate for the needs of the product.  2. It celebrates experience, as an input for choosing the right mindset.", "likes_count": 4, "replies_count": 1, "retweets_count": 0, "hashtags": []}
{"id": 1170847786696237057, "date": "2019-09-08", "time": "19:54:00", "tweet": "Our youth spoke about wanting more usable park space. Because of your years of engagement and design input, our youth has succeeded! We can’t wait to celebrate the first BMX park in Southwest Fresno with you on September 11th from 11am-1pm at the Mary Ella Brown Community Center!  https://t.co/0f3uC78XPl", "likes_count": 2, "replies_count": 0, "retweets_count": 2, "hashtags": []}
{"id": 1170847666772877312, "date": "2019-09-08", "time": "19:53:31", "tweet": "@TheSparklySkye @SatoshiXsato Joguei Super Mario Kart e Kirby's Dream Course e deu 0 lags/input lags/delays", "likes_count": 0, "replies_count": 0, "retweets_count": 0, "hashtags": []}
{"id": 1170847601119219712, "date": "2019-09-08", "time": "19:53:16", "tweet": "@Spammyjazzhands @fungumchum @ByYourLogic @Joi @willmenaker Okay Dersh, thanks for your input.", "likes_count": 0, "replies_count": 2, "retweets_count": 0, "hashtags": []}
{"id": 1170847547893723136, "date": "2019-09-08", "time": "19:53:03", "tweet": "@taetotay also you can say for the difference y= one that it's an equation since y is a variable and theres one input that fits in the equation and f(x)= is a function and will give you outputs for each input if that makes sense,,", "likes_count": 1, "replies_count": 1, "retweets_count": 0, "hashtags": []}
