{"id": 1207087855610290177, "date": "2019-12-17", "time": "18:59:06", "tweet": "@AshaRangappa_ Thanks for the input.  I have been using way too many exclamation points when I have been venting.", "likes_count": 0, "replies_count": 0, "retweets_count": 0, "hashtags": []}
{"id": 1207087826938056704, "date": "2019-12-17", "time": "18:58:59", "tweet": "@rrrage_input @thedevka Купила свою самую любимую дурацкую шапку на рынке в Кишиневе за 2 рубля (1 лейчик) и ни о чем не жалею 💫", "likes_count": 1, "replies_count": 0, "retweets_count": 0, "hashtags": []}
{"id": 1207087784193929216, "date": "2019-12-17", "time": "18:58:49", "tweet": "My creative input #ImpeachmentEve #ImpeachAndRemove  https://t.co/H1hGn1xmeq", "likes_count": 2, "replies_count": 0, "retweets_count": 3, "hashtags": ["impeachmenteve", "impeachandremove"]}
{"id": 1207087765608968193, "date": "2019-12-17", "time": "18:58:44", "tweet": "@jmweber9 @webbsfarm @CarmineSabia @BullyJDean @peterdaou The problem with the latter role is that those that own the company tend to undervalue the value of input vs profit (wealth hoarding)", "likes_count": 0, "replies_count": 0, "retweets_count": 0, "hashtags": []}
{"id": 1207087730053853184, "date": "2019-12-17", "time": "18:58:36", "tweet": "@Delafina777 I've loved this explanation ever since I heard about it because it proves that the human brain is a weird, *weird* thing and the right input can make us go \"oh crap, the disembodied souls of the dead are amongst us!\"", "likes_count": 2, "replies_count": 0, "retweets_count": 0, "hashtags": []}
{"id": 1207087667852251141, "date": "2019-12-17", "time": "18:58:21", "tweet": "@realDonaldTrump No more input.  You got a full day tomorrow. Let the professionals do there job", "likes_count": 0, "replies_count": 0, "retweets_count": 0, "hashtags": []}
{"id": 1207087626135597056, "date": "2019-12-17", "time": "18:58:11", "tweet": "Metro has a survey out for input on the planned North Hollywood to Pasadena Bus Rapid Transit. The survey has issues (thread) but overall it's Metro looking for input on what kind of BRT to build. People who breathe in the region should take the survey.  https://t.co/3lbLvN1hXx", "likes_count": 16, "replies_count": 2, "retweets_count": 15, "hashtags": []}
{"id": 1207087595454390272, "date": "2019-12-17", "time": "18:58:04", "tweet": "13 Love TLC Cuzzos. I am willing to start a TLC transportation service for Th Cuzzos and I wanted to know if anyone is already in the works before I commence with business plans.   Your input is greatly appreciated so please feel free to share your thoughts   13 Love", "likes_count": 26, "replies_count": 2, "retweets_count": 20, "hashtags": []}
{"id": 1207087578106732544, "date": "2019-12-17", "time": "18:57:59", "tweet": "Terry's input are so lenient it's actually crazy.", "likes_count": 3, "replies_count": 1, "retweets_count": 0, "hashtags": []}
{"id": 1207087469252005891, "date": "2019-12-17", "time": "18:57:33", "tweet": "@BerkeleyRox You don't get how assigning things works, do you? If you could have input that'd be an agreement not an assignment, wouldn't it", "likes_count": 0, "replies_count": 0, "retweets_count": 0, "hashtags": []}
{"id": 1207087418941288448, "date": "2019-12-17", "time": "18:57:21", "tweet": "@RenDireWolf @ShannonFreshour But the talking points are bizarre so he had enough input to “keep it real”.", "likes_count": 3, "replies_count": 0, "retweets_count": 1, "hashtags": []}
{"id": 1207087403799699456, "date": "2019-12-17", "time": "18:57:18", "tweet": "@Lthammari Thanks, appreciate your input.  She’s wrapping up finals this week so something to look forward to.", "likes_count": 1, "replies_count": 0, "retweets_count": 0, "hashtags": []}
{"id": 1207087353895849984, "date": "2019-12-17", "time": "18:57:06", "tweet": "@russ1mitchell It drives *itself* dude, without any user input. The input required on the steering wheel every few seconds is to make sure that the driver is paying attention. The input isn't required to navigate the car. I hope you understand the difference.", "likes_count": 0, "replies_count": 0, "retweets_count": 0, "hashtags": []}
{"id": 1207087306449932289, "date": "2019-12-17", "time": "18:56:55", "tweet": "Man.. not gonna lie, trying to come up with a new logo design isn't easy.  I had an idea in mind but some of these things are just not panning out how I hoped they would be.  When I get some done I may have to go ahead and ask for input.", "likes_count": 2, "replies_count": 0, "retweets_count": 0, "hashtags": []}
{"id": 1207087279983878144, "date": "2019-12-17", "time": "18:56:48", "tweet": "@TheOneFortyPlus Appreciate your input!", "likes_count": 0, "replies_count": 1, "retweets_count": 0, "hashtags": []}
{"id": 1207087173901664256, "date": "2019-12-17", "time": "18:56:23", "tweet": "@rrrage_input А кинь ссылку, захотелось посмотреть после такого клевого описания", "likes_count": 0, "replies_count": 1, "retweets_count": 0, "hashtags": []}
{"id": 1207087110316077057, "date": "2019-12-17", "time": "18:56:08", "tweet": "@aliciaandrz so so so wonderful to see this. To see how your pedagogy and mentoring is impacting students, how you take seriously their responses and input, how to continue to transform the work you do with them.", "likes_count": 0, "replies_count": 0, "retweets_count": 0, "hashtags": []}
{"id": 1207086967109890048, "date": "2019-12-17", "time": "18:55:34", "tweet": "@jckdnh @kosh_1 @Moderate_Rebels I would welcome your input. But: I'm shocked that as many Labour voters left to \"remain\" parties. Also: right or wrong, Corbyn seems to have been too unpopular -- enough to impact the election.", "likes_count": 0, "replies_count": 0, "retweets_count": 0, "hashtags": []}
{"id": 1207086842652303362, "date": "2019-12-17", "time": "18:55:04", "tweet": "@Joyfulflower1 Thank you for bringing this to our attention! We rely on input such as this to make us aware of things that can be done better. We’ll be happy to relay this feedback to our Packaging department for review. ^CH", "likes_count": 0, "replies_count": 0, "retweets_count": 0, "hashtags": []}
{"id": 1207086784900788224, "date": "2019-12-17", "time": "18:54:50", "tweet": "Dumas indicates that the fire victims committee is okay with supporting the PG&amp;E plan because they trust that the @californiapuc review, with input from Gov Newsom, will get the blueprint to a point where it complies w/ AB1054 and can be confirmed", "likes_count": 3, "replies_count": 2, "retweets_count": 0, "hashtags": []}
{"id": 1207086693020577793, "date": "2019-12-17", "time": "18:54:28", "tweet": "@thehill It’s important to consider that, while he had input, Trump did write this letter!", "likes_count": 0, "replies_count": 0, "retweets_count": 0, "hashtags": []}
{"id": 1207086687886688257, "date": "2019-12-17", "time": "18:54:27", "tweet": "@XboxP3 hi Phil!  Will Xbox Series X have OneGuide and HDMI input?", "likes_count": 1, "replies_count": 0, "retweets_count": 0, "hashtags": []}
{"id": 1207086686523527168, "date": "2019-12-17", "time": "18:54:27", "tweet": "@AllNightShow @timlt4 @scamp246 @CmreddingDoodle @DediShannon @RoxybooMagic @TeamSalBrian @DeezaNeeza @pamelarobin @bob_kitt @LegatoTia @SharonG40210896 @WRosskopf @RattleDemBonez @SkellyIce @GhosthuntingCPI Hi Kevin and everyone!  We still burn wood in our 🔥 fireplace. Our neighbors had the gas input inserted in their 🔥 fireplace. We are considering having it done. 😃", "likes_count": 4, "replies_count": 2, "retweets_count": 0, "hashtags": []}
{"id": 1207086621553676288, "date": "2019-12-17", "time": "18:54:11", "tweet": "@charliekirk11 These are our tax dollars and have zero input- outrageous!!", "likes_count": 3, "replies_count": 0, "retweets_count": 0, "hashtags": []}
{"id": 1207086553534738437, "date": "2019-12-17", "time": "18:53:55", "tweet": "@NotJohnBrown1 @CallMeCarsonYT id like to see your input", "likes_count": 2, "replies_count": 1, "retweets_count": 0, "hashtags": []}
{"id": 1207086541362872326, "date": "2019-12-17", "time": "18:53:52", "tweet": "@jackieaina We need them!  I buy them and never have time to do my makeup but appreciate the knowledge and input", "likes_count": 0, "replies_count": 0, "retweets_count": 0, "hashtags": []}
{"id": 1207086534156963845, "date": "2019-12-17", "time": "18:53:50", "tweet": "@underthefan113 Sometimes just making a good movie for the sake of making a good movie regardless of fan input or attempts at rocking the boat is preferable.", "likes_count": 1, "replies_count": 0, "retweets_count": 0, "hashtags": []}
{"id": 1207086454389628928, "date": "2019-12-17", "time": "18:53:31", "tweet": "長くやってる経験値はとても貴重だけど、それによる先入観が時に邪魔したり。感覚にまで落とし込まれてしまっているものもあるし", "likes_count": 0, "replies_count": 0, "retweets_count": 0, "hashtags": []}
{"id": 1207086368494702592, "date": "2019-12-17", "time": "18:53:11", "tweet": "@EByner @rdew925 @Browns Exactly right EB!  Thanks for your input!", "likes_count": 0, "replies_count": 0, "retweets_count": 0, "hashtags": []}
{"id": 1207086363746504704, "date": "2019-12-17", "time": "18:53:10", "tweet": "@ThatWarriorDude @LGamblor 👍 thanks for the input man...good luck :)", "likes_count": 0, "replies_count": 0, "retweets_count": 0, "hashtags": []}
{"id": 1207086215029305352, "date": "2019-12-17", "time": "18:52:34", "tweet": "Lidt input fra au pairerne selv:  https://t.co/98ufKMMAdT #aupair", "likes_count": 1, "replies_count": 0, "retweets_count": 0, "hashtags": ["aupair"]}
{"id": 1207086190316244992, "date": "2019-12-17", "time": "18:52:29", "tweet": "@AChez @InhellJourney @GOP In Trump's defense; he didn't write it. Probably hasn't read it. Just ordered it written. Told them to put in all the good stuff he thinks he's done.   It's Stephen Miller's handiwork with some Kellyanne and maybe Gresham input.", "likes_count": 3, "replies_count": 0, "retweets_count": 0, "hashtags": []}
{"id": 1207086164349468672, "date": "2019-12-17", "time": "18:52:22", "tweet": "@DanielCollins85 @coconutlulz @nickdowdall @MimiVonPeach The gene pool s so mixed today. It's estimated that from 2% to 12% of the population of England has Saxon genetic influence, for example (depending on location). However, Saxon cultural influence far exceeds the genetic input. Today one might as well ask the same Q about USA-ians", "likes_count": 0, "replies_count": 1, "retweets_count": 0, "hashtags": []}
{"id": 1207086079033139200, "date": "2019-12-17", "time": "18:52:02", "tweet": "@Grape_juice13 @Kevinwhitesoxf1 @JonHeyman I think a team will give up a top 20 org prospect for sure for him. Top 10? Maybe too much of a reach. Thanks for your input though I do like hearing from Rays fans.", "likes_count": 0, "replies_count": 0, "retweets_count": 0, "hashtags": []}
{"id": 1207085968974438400, "date": "2019-12-17", "time": "18:51:36", "tweet": "@iam_DanaScott @azcsports @azc_preps @azcentral Sabino did not lose to Pueblo! The score was input incorrectly and has since been fixed. Sabino is 11-0.", "likes_count": 0, "replies_count": 1, "retweets_count": 0, "hashtags": []}
{"id": 1207085868936310784, "date": "2019-12-17", "time": "18:51:12", "tweet": "@raimonick @myenergiuk @JordeeGee @ecoplugg @zappibenelux @RZOC @renault_uk @GroupeRenaultEV @RenaultUKPR Should your grid input energy be showing 21.1kW (plus workplace), have you 3 phases on your Harvi or CT?", "likes_count": 0, "replies_count": 1, "retweets_count": 0, "hashtags": []}
{"id": 1207085834786279424, "date": "2019-12-17", "time": "18:51:04", "tweet": "Takes a while but worthwhile to input technical thoughts", "likes_count": 0, "replies_count": 0, "retweets_count": 0, "hashtags": []}
{"id": 1207085650131988486, "date": "2019-12-17", "time": "18:50:20", "tweet": "@bignutfn @gi1bertx @frjacobbb Legacy and exponential have an exponential input curve. Example: a 10 x, y sensitivity doesn’t reach 10 until the joystick is maxed out. With linear. As soon as you move the joystick it would be 10 sensitivity", "likes_count": 1, "replies_count": 0, "retweets_count": 0, "hashtags": []}
{"id": 1207085614966984705, "date": "2019-12-17", "time": "18:50:11", "tweet": "@alexislrogers19 I would say PS4 right now because they’re the only system that offers professional baseball game series which was one of the reasoning that I switched from Xbox to PlayStation and ever sense 2012 Xbox hasn’t had a professional baseball game series so there is my input on it", "likes_count": 1, "replies_count": 1, "retweets_count": 0, "hashtags": []}
{"id": 1207085550395691008, "date": "2019-12-17", "time": "18:49:56", "tweet": "@HavokRose I'm sensing a general uptick in Pikachu but otherwise can't spot the difference.  Congrats Miranda. 5 years is a wonderful milestone.  I remember back when you were a regular in the Unlocked FB group and have found your input valuable from then all the way to current.  Gratz!", "likes_count": 0, "replies_count": 0, "retweets_count": 0, "hashtags": []}
{"id": 1207085531932311553, "date": "2019-12-17", "time": "18:49:52", "tweet": "@zfmxda So you do not have an argument. Thank you for your respectful input. Have a nice day.", "likes_count": 0, "replies_count": 2, "retweets_count": 0, "hashtags": []}
{"id": 1207085459089682433, "date": "2019-12-17", "time": "18:49:34", "tweet": "若い人の発想力と柔軟さが羨ましく思えるお年頃に", "likes_count": 0, "replies_count": 1, "retweets_count": 0, "hashtags": []}
{"id": 1207085444136984576, "date": "2019-12-17", "time": "18:49:31", "tweet": "Q: How do you assess the level of rigor in your classroom?   Please retweet so I can get as much input as possible.", "likes_count": 0, "replies_count": 0, "retweets_count": 0, "hashtags": []}
{"id": 1207085337370980352, "date": "2019-12-17", "time": "18:49:05", "tweet": "The City of Perris is launching a new website in fall 2020. We need your input on how to make a great site for residents and stakeholders. Please click the link below to take our website survey!    https://t.co/pppQU0zNJD  https://t.co/YzRUHEnWZ8", "likes_count": 0, "replies_count": 0, "retweets_count": 2, "hashtags": []}
{"id": 1207085331331321856, "date": "2019-12-17", "time": "18:49:04", "tweet": "Multi Image text input Twitter.  https://t.co/1Swbsuqw8T", "likes_count": 0, "replies_count": 0, "retweets_count": 0, "hashtags": []}
{"id": 1207085323424894976, "date": "2019-12-17", "time": "18:49:02", "tweet": "\"Yes, well...thank you for your input.\" #LockBot", "likes_count": 0, "replies_count": 0, "retweets_count": 0, "hashtags": ["lockbot"]}
{"id": 1207085299949436928, "date": "2019-12-17", "time": "18:48:56", "tweet": "The @LAPD Police Commission decided to receive more input before implementing new policies related to the use of deadly force. A state law, AB 392, that goes into effect at the start of the new year mandates the changes. #LosAngeles  https://t.co/BcTO7BzToQ", "likes_count": 0, "replies_count": 0, "retweets_count": 0, "hashtags": ["losangeles"]}
{"id": 1207085292852662272, "date": "2019-12-17", "time": "18:48:55", "tweet": "@JJ_XIII Thank you for your informing us about this, JJ_XIII! Your input will help us in our ongoing investigation regarding this issue. 😀.", "likes_count": 1, "replies_count": 0, "retweets_count": 0, "hashtags": []}
{"id": 1207085235168534528, "date": "2019-12-17", "time": "18:48:41", "tweet": "@iamtoshi @Spacer93171887 @GameAnim @garretty It doesnt matter mp or sp if the service has input lag and looks worse compared to a ps4 pro performance  btw the guy of the thread blocked me because i have reason and facts and he has nothing but fanboy rage lmao", "likes_count": 0, "replies_count": 0, "retweets_count": 0, "hashtags": []}
{"id": 1207085173910708225, "date": "2019-12-17", "time": "18:48:26", "tweet": "We need all the input we can get.  https://t.co/4OnRnioZPt", "likes_count": 0, "replies_count": 0, "retweets_count": 0, "hashtags": []}
{"id": 1207085173491126272, "date": "2019-12-17", "time": "18:48:26", "tweet": "教育の場に居ると学生が新しいテクノロジーに出会って新しい事にチャレンジしてる場に結構合う。20年も昔に今で言うデジタル作画で作品作ってた学生とかもいた。それらは成就する事はほとんど無く消えてく。いつも勿体無いと思う。早すぎるのかな？", "likes_count": 3, "replies_count": 1, "retweets_count": 1, "hashtags": []}
{"id": 1207085153031524358, "date": "2019-12-17", "time": "18:48:21", "tweet": "@DebrithaDewi -- pastiin Kakak bisa mengirimkan pesanan sebelum batas waktu input resi berakhir ya. Thanks", "likes_count": 0, "replies_count": 0, "retweets_count": 0, "hashtags": []}
{"id": 1207085149545848832, "date": "2019-12-17", "time": "18:48:20", "tweet": "@kirstiealley You had a good go at it.. thanks for your input", "likes_count": 3, "replies_count": 0, "retweets_count": 0, "hashtags": []}
{"id": 1207085135079903232, "date": "2019-12-17", "time": "18:48:17", "tweet": "@bsvking \"Loop indefinitely\" is short for \"never halt\" and \"halt\" has a very specific meaning in this context. Given appropriate input every real world Turing-complete system has the potential to enter a state from which it will never halt.", "likes_count": 0, "replies_count": 1, "retweets_count": 0, "hashtags": []}
{"id": 1207085052233863168, "date": "2019-12-17", "time": "18:47:57", "tweet": "@Durghan Yes, just math-based music. You program your waveform using operators and inputs and use the sequencer &amp; synchroniser to make melodies using piano-roll style note input. 8 melodic channels and 8 noise channels total, each with the ability to be programmed with a single pattern.", "likes_count": 2, "replies_count": 0, "retweets_count": 0, "hashtags": []}
{"id": 1207085025373696000, "date": "2019-12-17", "time": "18:47:51", "tweet": "Can we have a list of brands that DON’T: - force children/women into labour - pay low wages - put their workers at risk in terms of health and safety - negatively impact the environment - torture animals  @Fash_Rev, any input? 😩", "likes_count": 2, "replies_count": 0, "retweets_count": 0, "hashtags": []}
{"id": 1207084926555885568, "date": "2019-12-17", "time": "18:47:27", "tweet": "@ebruenig To quote Kirstie Alley herself, thanks for your input.", "likes_count": 1, "replies_count": 0, "retweets_count": 0, "hashtags": []}
{"id": 1207084835598143488, "date": "2019-12-17", "time": "18:47:06", "tweet": "@AndrewSand6 Thanks for your input stranger", "likes_count": 0, "replies_count": 0, "retweets_count": 0, "hashtags": []}
{"id": 1207084808750284800, "date": "2019-12-17", "time": "18:46:59", "tweet": "@Carson1491 @DrSalt_PhD Sorry I thought you might appreciate some input from someone old enough to have appreciated Lebron at his peak 😊", "likes_count": 1, "replies_count": 1, "retweets_count": 0, "hashtags": []}
{"id": 1207084727900893185, "date": "2019-12-17", "time": "18:46:40", "tweet": "An interesting blog series on efforts to monitor for cruel, inhuman &amp; degrading treatment in closed environments in Australia. A new 'national preventive mechanism' is imminent. Check out @CaruanaSteven's take on the essential role of strong public input.  https://t.co/VwvSchHGsH", "likes_count": 18, "replies_count": 0, "retweets_count": 12, "hashtags": []}
{"id": 1207084711983452160, "date": "2019-12-17", "time": "18:46:36", "tweet": "Amazing process where it seems politicians considered the input and evidence of their community and, seemingly, were willing to change their minds.", "likes_count": 4, "replies_count": 0, "retweets_count": 0, "hashtags": []}
{"id": 1207084685978980353, "date": "2019-12-17", "time": "18:46:30", "tweet": "I got a big thing against people not using their brains cuz more time they be having the most input or reactions with no real knowledge. Wtf you going off for man? Ughh", "likes_count": 0, "replies_count": 0, "retweets_count": 0, "hashtags": []}
{"id": 1207084663799533575, "date": "2019-12-17", "time": "18:46:25", "tweet": "@AspieDeLaZouch @TerryCulkin1 @elly_chapple @ReachoutASC @peaponderer @welshkate @Claire_R123 @_LisaCherry @MikeArmiger @PCamhs @CandiceLloyd20 @morgan_adele @2tubies @MsJoBillington @lizziejamieson7 Thanks. We had the private psych report finalised today just in time and forms the bulk of our input. I’m assuming there’ll be Tribunal for an interesting but necessary part", "likes_count": 5, "replies_count": 1, "retweets_count": 0, "hashtags": []}
{"id": 1207084638176337920, "date": "2019-12-17", "time": "18:46:18", "tweet": "@BaffledByFoxes Thank you for giving your input.", "likes_count": 0, "replies_count": 0, "retweets_count": 0, "hashtags": []}
{"id": 1207084599991570433, "date": "2019-12-17", "time": "18:46:09", "tweet": "@FFmpeg can you setup a mosaic video with RTSP video input stream or does it have to be a local file? Looking at displaying multiple IP-Cameras on one mosaic template...", "likes_count": 0, "replies_count": 1, "retweets_count": 0, "hashtags": []}
{"id": 1207084447893467136, "date": "2019-12-17", "time": "18:45:33", "tweet": "@Skookytwt @OutletAlt @MeleeMech @4myeyezownly @IntrovertSuga As I showed earlier, I put in the equation shown on the original post: 8 / 2(2+2) and got 16 as the answer. I input another equation similar to that, 8 / [2(2+2)], and got 1 as the answer. I'm pretty sure the calculator knows PEMDAS.", "likes_count": 0, "replies_count": 0, "retweets_count": 0, "hashtags": []}
{"id": 1207084422006067200, "date": "2019-12-17", "time": "18:45:27", "tweet": " https://t.co/ySqrrTPpEW", "likes_count": 7, "replies_count": 1, "retweets_count": 3, "hashtags": []}
{"id": 1207084308520935424, "date": "2019-12-17", "time": "18:45:00", "tweet": "@gav_clayton Yeah, I thought I'd first let you know about it to see what you think, as naturally, as the main person behind this, I'd naturally want your input... I would want to make it clear that it's not officially supported by yourself, that it's just a way of making it a bit easier to...", "likes_count": 0, "replies_count": 1, "retweets_count": 0, "hashtags": []}
{"id": 1207084161321725954, "date": "2019-12-17", "time": "18:44:25", "tweet": "maaf aja mas, rizki baru sibuk input nilai PAS mat wajib", "likes_count": 0, "replies_count": 1, "retweets_count": 0, "hashtags": []}
{"id": 1207084148638269440, "date": "2019-12-17", "time": "18:44:22", "tweet": "@Y4nduu @ZoleFN Just input te map", "likes_count": 0, "replies_count": 0, "retweets_count": 0, "hashtags": []}
{"id": 1207084031604592640, "date": "2019-12-17", "time": "18:43:54", "tweet": "@concit1USA @Brucesask @Pontifex what do you think of this please. Would love to have your input 🙏🏼 #PopeFrancis please address this.", "likes_count": 1, "replies_count": 0, "retweets_count": 0, "hashtags": ["popefrancis"]}
{"id": 1207084010133807104, "date": "2019-12-17", "time": "18:43:49", "tweet": "銃撃シーンの登場はネタが無くなったからだったのかな？？", "likes_count": 0, "replies_count": 0, "retweets_count": 0, "hashtags": []}
{"id": 1207083878600495104, "date": "2019-12-17", "time": "18:43:17", "tweet": "本気であるかどうかか？その制約の中で本気で表現と向き合って生まれる産物。ハイポリだって本気であれば素晴らしいものも生まれるとは思うけど、本気じゃなくてもそこそこのものが出来てしまうのかな？  踊る大捜査線は刑事物なのに銃撃シーン描かない事に決めてたたらしい", "likes_count": 0, "replies_count": 1, "retweets_count": 1, "hashtags": []}
{"id": 1207083863421276160, "date": "2019-12-17", "time": "18:43:14", "tweet": "We'd love input from our #nonprofit community! How can we improve @Box to better enable you?! Share feedback, submit an idea, vote on other submissions via Box Pulse. Be a part of prioritizing our product roadmap! #feedbackisagift #moregoodtogether #tech4good", "likes_count": 10, "replies_count": 0, "retweets_count": 2, "hashtags": ["nonprofit", "feedbackisagift", "moregoodtogether", "tech4good"]}
{"id": 1207083674958778368, "date": "2019-12-17", "time": "18:42:29", "tweet": "@cannaworldsite @ganjapreneur Thanks for your input and insight. Doesn't it seem that there should be a heck of a lot more transparency when it comes to where our tax dollars are spent? Sounds like it would require a lot of research to even get a basic idea lol. Thanks  again! 🙂✌🙏", "likes_count": 1, "replies_count": 1, "retweets_count": 0, "hashtags": []}
{"id": 1207083670915420161, "date": "2019-12-17", "time": "18:42:28", "tweet": "@ForceTheIssue @leeb @__xuorig__ There are various opinions on it. Some think expected errors should not exist and in theory you could validate every input before you submit a form. Then GraphQL errors are fine. I think having a field or union for expected errors on mutations are useful, but need to validate it.", "likes_count": 0, "replies_count": 1, "retweets_count": 0, "hashtags": []}
{"id": 1207083576715444224, "date": "2019-12-17", "time": "18:42:05", "tweet": "@msvespa Thx.  I was hoping it wasn't another medical issue w/Nadler himself, even tho a fam emerg sucks.  Appreciate the input. Raskin strikes me as being very bright.", "likes_count": 3, "replies_count": 1, "retweets_count": 0, "hashtags": []}
{"id": 1207083527562334208, "date": "2019-12-17", "time": "18:41:54", "tweet": "@pkilts11b @NFLFantasy @GrahamBarfield Tell me about it! Thank for the input man!", "likes_count": 0, "replies_count": 0, "retweets_count": 0, "hashtags": []}
{"id": 1207083498550501376, "date": "2019-12-17", "time": "18:41:47", "tweet": "@Bible_Salesman Hehe, glad to hear that! ;3  Also FASCINATING! You always collect a sh*t ton of amazing information about Overwatch which is 1. great help for people who need input on the story, 2. amazing sources for content creators! ;3", "likes_count": 1, "replies_count": 0, "retweets_count": 0, "hashtags": []}
{"id": 1207083463238701057, "date": "2019-12-17", "time": "18:41:38", "tweet": "Het heeft gelukkig tóch zin gehad om,  samen met de Bomenridders Groningen,  onze input te geven aan de rekenkamercommissie. Nu hard aan het werk om ervoor te zorgen dat de...  https://t.co/x51PZvDFct", "likes_count": 12, "replies_count": 2, "retweets_count": 7, "hashtags": []}
