{"id": 1206725654965899264, "date": "2019-12-16", "time": "18:59:50", "tweet": "@JonahDispatch Please don't block POTUS.  He may need your input.", "likes_count": 0, "replies_count": 0, "retweets_count": 0, "hashtags": []}
{"id": 1206725610384633856, "date": "2019-12-16", "time": "18:59:40", "tweet": "@justsaygoPE Hey Sarah! I’d love to talk with you more about your work! We have a project going on right now focused on principal socialization as well and would love your input! @ckindo9", "likes_count": 3, "replies_count": 1, "retweets_count": 0, "hashtags": []}
{"id": 1206725521611952128, "date": "2019-12-16", "time": "18:59:18", "tweet": "Harvard, Kinsley- Dow Chemical  Have you EVER consulted JNJ Ethicon on medical device litigations, particularly petroleum derived resin polypropylene plastic implants? How about input on man-made #OpioidCrisis hatched at Harvard?  @ewarren @PeteButtigieg   https://t.co/FQWaTsKlt0", "likes_count": 5, "replies_count": 1, "retweets_count": 1, "hashtags": ["opioidcrisis"]}
{"id": 1206725454998245377, "date": "2019-12-16", "time": "18:59:03", "tweet": "@heald_j @trefeca @SamuelMarcLowe All three are in a position to deem any aspect of the negotiation as relevant to their interests and force reviews or feed in input in ways that could ice up the process. Cyprus and Ireland will act responsibly. A lot more engagement is needed to scope out how far Madrid will go", "likes_count": 2, "replies_count": 2, "retweets_count": 0, "hashtags": []}
{"id": 1206725396575608832, "date": "2019-12-16", "time": "18:58:49", "tweet": "@mrgan I would add a button which acts as an input modifier while it is held down. (Similar to how the shift/option keys affect mouse input). Use would be contextual.", "likes_count": 5, "replies_count": 1, "retweets_count": 0, "hashtags": []}
{"id": 1206725385033043969, "date": "2019-12-16", "time": "18:58:46", "tweet": "There’s an extended opportunity to review the #CompPlan and provide community input. Please share with neighbors and civic leaders.   #Fairshot", "likes_count": 0, "replies_count": 0, "retweets_count": 0, "hashtags": ["compplan", "fairshot"]}
{"id": 1206725357438672896, "date": "2019-12-16", "time": "18:58:39", "tweet": "@HackedOffHugh I think the trolls may be bots and not real people. You might need to speak programming 10 input #twitterfeed 20 print 'i will treat people with respect, truth and authenticity from now on'  30 goto 20", "likes_count": 0, "replies_count": 0, "retweets_count": 0, "hashtags": ["twitterfeed"]}
{"id": 1206725189020606464, "date": "2019-12-16", "time": "18:57:59", "tweet": "@DanClasgens Thanks Dan. I appreciate the input", "likes_count": 0, "replies_count": 1, "retweets_count": 0, "hashtags": []}
{"id": 1206725133756272640, "date": "2019-12-16", "time": "18:57:46", "tweet": "@joindontdie @PpollingNumbers @MorningConsult Good Input. Who out of everyone?", "likes_count": 0, "replies_count": 1, "retweets_count": 0, "hashtags": []}
{"id": 1206725124893765633, "date": "2019-12-16", "time": "18:57:44", "tweet": "@rufIections Depends! Sometimes an artist will come to us with a full show concept, and from there it will take a few months to route, book, and plan all the logistics before we can confidently launch it! Sometimes we will have more input on show material and creating the marketing (1/2)", "likes_count": 2, "replies_count": 1, "retweets_count": 0, "hashtags": []}
{"id": 1206725115779510272, "date": "2019-12-16", "time": "18:57:42", "tweet": "@divynes_ If you have an Audio Mixer; Set Skype up on a separate input audio.   Have it muted til they pick up  And then write a list of \"Why are you calling my ____\" replies. Record content accordingly.", "likes_count": 1, "replies_count": 0, "retweets_count": 0, "hashtags": []}
{"id": 1206725022225764352, "date": "2019-12-16", "time": "18:57:19", "tweet": "@KindOfIce test it! someone told me after posting this that if they buffer anything after the roll it will input immediately when they’re off ledge. footstool might not be viable but surely snake can do something off of it", "likes_count": 0, "replies_count": 0, "retweets_count": 0, "hashtags": []}
{"id": 1206725002470608897, "date": "2019-12-16", "time": "18:57:15", "tweet": "I appreciate all the input!! I’m leaning towards the clear ones and the last ones, which come in clear so 🤔🤔🤔", "likes_count": 6, "replies_count": 6, "retweets_count": 0, "hashtags": []}
{"id": 1206724861781053441, "date": "2019-12-16", "time": "18:56:41", "tweet": "@realDonaldTrump can you make an input as a christian on the disgraceful movie that is currently airing on @Netflix mocking Jesus Christ !", "likes_count": 0, "replies_count": 0, "retweets_count": 0, "hashtags": []}
{"id": 1206724810677641217, "date": "2019-12-16", "time": "18:56:29", "tweet": "@Calibro35 @Spotify @t_allenafrobeat @Sampa_The_Great @SonsOfKemet For me, Medesky, Martin &amp; Wood, one of my few evergreens. Thanks for some nice input, especially for Sons of Kemet! If it was my list, I perhaps might add Clutchy Hopkins \"3:25\" or Polyrythmics \"Lord of the fries\". But they all are no Calibro35 ☝️", "likes_count": 0, "replies_count": 0, "retweets_count": 0, "hashtags": []}
{"id": 1206724769338535937, "date": "2019-12-16", "time": "18:56:19", "tweet": "@JMooreSalford @thatginamiller @remainunited I’m afraid Nigel Farage’s input was greater by a country mile!", "likes_count": 0, "replies_count": 0, "retweets_count": 0, "hashtags": []}
{"id": 1206724699436339203, "date": "2019-12-16", "time": "18:56:02", "tweet": "@ShadowArts9 Hey! Well, I don't know exactly what your code is but there's a Input.GetKeyUp function that makes an action when a certain key is unpressed!  https://t.co/GWS2KqcRly", "likes_count": 3, "replies_count": 1, "retweets_count": 0, "hashtags": []}
{"id": 1206724698001858560, "date": "2019-12-16", "time": "18:56:02", "tweet": "@clee_bio can we invite bruce to our journal club? really like his input, especially since brian is on probation from crazy ideas", "likes_count": 0, "replies_count": 1, "retweets_count": 0, "hashtags": []}
{"id": 1206724650471960578, "date": "2019-12-16", "time": "18:55:51", "tweet": "@eseennayr @noobde Fan input never mattered for shit when it came to MK9 and MKX DLC... think MK11 will be any different?  If we're lucky we might get 1-2 stages, but it will likely take them 2 damn years from release to add 'em, and as far as fighters... count on them being the least requested.", "likes_count": 4, "replies_count": 1, "retweets_count": 0, "hashtags": []}
{"id": 1206724383873519616, "date": "2019-12-16", "time": "18:54:47", "tweet": "Smash? More like crash.  Now Skyrim on the Tamagotchi? THAT’S a real game. Don’t mind me, just a passerby giving his input.  What even happened to that Todd Howard guy and his 8 pack anyway? Nobody talks about him or his shredded body anymore.  https://t.co/rHqHNnt2RY", "likes_count": 35, "replies_count": 6, "retweets_count": 7, "hashtags": []}
{"id": 1206724351040475136, "date": "2019-12-16", "time": "18:54:39", "tweet": "@Crash1000000 @Trail_txt I do too. It's the only usable option really. I just think the setup is awkward and the default settings are a pain to reconfigure. They don't even let you change XInput bindings because they didn't feel like copy pasting the binding code for Direct Input.", "likes_count": 1, "replies_count": 1, "retweets_count": 0, "hashtags": []}
{"id": 1206724128230658049, "date": "2019-12-16", "time": "18:53:46", "tweet": "@_mollieanderson Lmao parallel lives. However max would not offer tree input because it’s “Your culture”", "likes_count": 1, "replies_count": 1, "retweets_count": 0, "hashtags": []}
{"id": 1206724061780463618, "date": "2019-12-16", "time": "18:53:30", "tweet": "@habsfan1955 @OCMillionaire Hey Bobby, we know that.  Trying to clear the air here and bringing the truth.  The AS was not \"recently raised to 3 billion.  Thanks for your input Bobby.", "likes_count": 4, "replies_count": 0, "retweets_count": 0, "hashtags": []}
{"id": 1206724048127848450, "date": "2019-12-16", "time": "18:53:27", "tweet": "lai i have the morning free can people input their birthdays i wanna be that friend who rmbrs it 🤧🤡🥳🤪", "likes_count": 0, "replies_count": 1, "retweets_count": 0, "hashtags": []}
{"id": 1206724016800616448, "date": "2019-12-16", "time": "18:53:20", "tweet": "@MrRoda1 @UniswapExchange You can input the $FAME token address on the uniswap website if you’d like:  0x06f65b8cfcb13a9fe37d836fe9708da38ecb29b2", "likes_count": 0, "replies_count": 1, "retweets_count": 0, "hashtags": []}
{"id": 1206723977974099969, "date": "2019-12-16", "time": "18:53:10", "tweet": "@iampresremo Lol nope. I don’t have roommates anymore/ school is far in the rear view. My future hubby has zero say in the living room and kitchen. Other areas of the house/ he can add input 😉", "likes_count": 0, "replies_count": 0, "retweets_count": 0, "hashtags": []}
{"id": 1206723929664045057, "date": "2019-12-16", "time": "18:52:59", "tweet": "An extended public review period for the #CompPlan means @ANC1B's Task Force has more time to gather community input. Stay tuned for additional opportunities to provide your comments. (And check out our survey!  https://t.co/3ARxsGz3ZC)", "likes_count": 2, "replies_count": 0, "retweets_count": 0, "hashtags": ["compplan"]}
{"id": 1206723894280888320, "date": "2019-12-16", "time": "18:52:50", "tweet": "@tjracing11 @KLSpeedway Thank you very much for your input Thomas 👌", "likes_count": 3, "replies_count": 0, "retweets_count": 0, "hashtags": []}
{"id": 1206723717771993090, "date": "2019-12-16", "time": "18:52:08", "tweet": ".@PeteButtigieg is the only candidate with a comprehensive plan for the Latino community — with input from incredible Latinos. We’ll keep putting in the work to earn every vote 🗳", "likes_count": 668, "replies_count": 104, "retweets_count": 134, "hashtags": []}
{"id": 1206723681562415104, "date": "2019-12-16", "time": "18:52:00", "tweet": "@ZacharyWhitten 100% looking into it when I'm back at PC! Ty for input! 🙏  https://t.co/U0pVkHsWr4", "likes_count": 0, "replies_count": 0, "retweets_count": 0, "hashtags": []}
{"id": 1206723626843529217, "date": "2019-12-16", "time": "18:51:47", "tweet": "@Ravenswood2016 @revmagdalen @_thunderspank @LaskyJoan @kath2060 @tribelaw @SenSchumer @tomudall @SenKamalaHarris You have false information about Tribe. He is a respected constitutional law scholar and his input is invaluable in navigating these uncertain times.", "likes_count": 8, "replies_count": 3, "retweets_count": 1, "hashtags": []}
{"id": 1206723595524878336, "date": "2019-12-16", "time": "18:51:39", "tweet": "Thank you to @sterlinblu and @chrisrobonline. My light won’t ever shine as bright without your input and collaboration. #backToWork #2020goals #watchThisSpace #soulfulhouse", "likes_count": 3, "replies_count": 1, "retweets_count": 1, "hashtags": ["backtowork", "2020goals", "watchthisspace", "soulfulhouse"]}
{"id": 1206723566240026625, "date": "2019-12-16", "time": "18:51:32", "tweet": "Save the date! The Squeeze @TheSqueeze_LL  Would love to have your input on topics for 2020. We will definitely be talking about healthcare more as that seems to be the hot topic. #thesqueeze #healthcare #LiveStreaming", "likes_count": 0, "replies_count": 0, "retweets_count": 0, "hashtags": ["thesqueeze", "healthcare", "livestreaming"]}
{"id": 1206723541758033920, "date": "2019-12-16", "time": "18:51:26", "tweet": "@jkennyamdg @EuropeansY Joe, what are you basing point 1 on? Having staffers doesn't mean he hires people to do his leg work without direct input or signing off. You've been following Yang for this long, it totally misses me how you'd assert something like that?", "likes_count": 1, "replies_count": 0, "retweets_count": 0, "hashtags": []}
{"id": 1206723534250237953, "date": "2019-12-16", "time": "18:51:25", "tweet": "@RyanAFournier @RepSlotkin I thought she was going to decide with input from those she represents😂", "likes_count": 1, "replies_count": 0, "retweets_count": 0, "hashtags": []}
{"id": 1206723522380197888, "date": "2019-12-16", "time": "18:51:22", "tweet": "Input Capital Corp. announces intention to make normal course issuer bid  https://t.co/CbhrLLbOWl", "likes_count": 0, "replies_count": 0, "retweets_count": 0, "hashtags": []}
{"id": 1206723256251830280, "date": "2019-12-16", "time": "18:50:18", "tweet": " https://t.co/msV4W0NbgJ we still want your input on this developing collection ⁦@Mabutho_X56⁩ ⁦⁦@pac_youth⁩ ⁦@EcAzapo⁩ ⁦@1CONTRALESA⁩", "likes_count": 12, "replies_count": 0, "retweets_count": 9, "hashtags": []}
{"id": 1206723242775515136, "date": "2019-12-16", "time": "18:50:15", "tweet": "Daosheng Mu  -  Unregister input report callback when removing Cocoa gamepads. r=baku -  https://t.co/fOcyW9lTiM...  https://t.co/OXymJz6EAq", "likes_count": 0, "replies_count": 0, "retweets_count": 0, "hashtags": []}
{"id": 1206723240359596032, "date": "2019-12-16", "time": "18:50:14", "tweet": "@EposVox There are bad apples in every bunch, but I don't think overall that PC people are anti-console, we're the group in gaming that practically champions the idea of \"play however you want\", be it visuals or input devices.", "likes_count": 1, "replies_count": 1, "retweets_count": 0, "hashtags": []}
{"id": 1206723199779528704, "date": "2019-12-16", "time": "18:50:05", "tweet": "No🤣.. gay or not what someone else does or doesnt do shouldnt be the business of loud mouth inconsiderate insecure punk, since their input isnt worth trash😬  https://t.co/hpQk6eJnHX", "likes_count": 0, "replies_count": 0, "retweets_count": 0, "hashtags": []}
