{"id": 1099821236622905349, "date": "2019-02-24", "time": "18:59:51", "tweet": "@DaphneyPhillip Likewise! As reference, this site summarizes the work I've done in this arena and I would welcome your candid input:  https://t.co/i25KmYBHze. Thanks, Daphney!", "likes_count": 0, "replies_count": 0, "retweets_count": 0, "hashtags": []}
{"id": 1099821227802279937, "date": "2019-02-24", "time": "18:59:49", "tweet": "Plug into the machine input my code into the mainframe", "likes_count": 0, "replies_count": 0, "retweets_count": 0, "hashtags": []}
{"id": 1099821211243200512, "date": "2019-02-24", "time": "18:59:45", "tweet": "@JasonEndfield Iv come across this &amp; aghast at what this is implying. #RSPB had input too👊But the suggestion that #Songbirds in demand for #Export &amp; #NaturalEngland selling our Wild birds ~ BIG money⁉️  Or am I going crazy. It makes complete sense in WHY 170,000.  The PLOT SUCKS", "likes_count": 0, "replies_count": 1, "retweets_count": 0, "hashtags": ["rspb", "songbirds", "export", "naturalengland"]}
{"id": 1099820497112653824, "date": "2019-02-24", "time": "18:56:54", "tweet": "Money Cube - An APP which will help you get MONEY for free. Input my invite code ❤RZWPB❤ after installation, and you will get 1000 Clicks. Download link:  https://t.co/lvxgBR306H", "likes_count": 0, "replies_count": 0, "retweets_count": 0, "hashtags": []}
{"id": 1099820493115400193, "date": "2019-02-24", "time": "18:56:53", "tweet": "@deannaallain You are exercising your democratic right to voice your opinion and input on city hall decisions. You want to be informed and have the public consulted. Politicians is annoyed because they are part of the corruption &amp; status quo that keeps everything secret.Don't want to be caught", "likes_count": 1, "replies_count": 0, "retweets_count": 0, "hashtags": []}
{"id": 1099820476757655552, "date": "2019-02-24", "time": "18:56:49", "tweet": "@Team_Penske @keselowski Mark did so much with so little compared to today’s available R/D. His engineering Input was invaluable. Congrats to Brad. Never forget Mark Donahue", "likes_count": 1, "replies_count": 0, "retweets_count": 0, "hashtags": []}
{"id": 1099820400882696192, "date": "2019-02-24", "time": "18:56:31", "tweet": "@JAguirreGhiso Hey guys. What would you consider to be the earliest seminal paper on dormancy? I find works in the 90's, some simulations by Demicheli. Input appreciated.", "likes_count": 0, "replies_count": 1, "retweets_count": 0, "hashtags": []}
{"id": 1099820368406237184, "date": "2019-02-24", "time": "18:56:24", "tweet": "@MargotLJParker I would like to delay his breathing for 12 months , it’s noting to do with him after the mess they left us in last time around why would anyone want his input , best thing he could do is stay  where he is and shut up.😡", "likes_count": 3, "replies_count": 0, "retweets_count": 1, "hashtags": []}
{"id": 1099820289829957632, "date": "2019-02-24", "time": "18:56:05", "tweet": "@IanJEllsworth @ssbm_zero @ScarTophShow damn, that's wacky. pretty sure you'd have to play on a boxx in order to every try to do that perfectly since analog sticks would have to pass through the center after each input. but I'm ready for that top tier doc future lol", "likes_count": 3, "replies_count": 1, "retweets_count": 0, "hashtags": []}
{"id": 1099820272138371072, "date": "2019-02-24", "time": "18:56:01", "tweet": "Both activities are output signals for angle input signals.", "likes_count": 0, "replies_count": 0, "retweets_count": 0, "hashtags": []}
{"id": 1099820270154645504, "date": "2019-02-24", "time": "18:56:00", "tweet": "@AmazonHelp Hi. Can I use a One4All voucher on the UK site? If so, how do I input the details with a Cardholder name?", "likes_count": 0, "replies_count": 1, "retweets_count": 0, "hashtags": []}
{"id": 1099820265893257217, "date": "2019-02-24", "time": "18:55:59", "tweet": "we get it, hereditary and first reformed were the only good movies this year. thanks for the very original input", "likes_count": 1, "replies_count": 0, "retweets_count": 0, "hashtags": []}
{"id": 1099820256002895872, "date": "2019-02-24", "time": "18:55:57", "tweet": "Alright, that concludes this discussion, thanks Eric and Demar for your input. #letmebreatheca", "likes_count": 0, "replies_count": 0, "retweets_count": 0, "hashtags": ["letmebreatheca"]}
{"id": 1099820120816472064, "date": "2019-02-24", "time": "18:55:25", "tweet": "I'm seeking input for how this scenarios plays out for AK and HI. Both OVER-represented in the Senate. 2 Hawaiian Senators represent 1.4 million people while 2 Californian Senators represent 40 million. 2 Alaskans represent 730,000 while 2 Texans represent 28 million.", "likes_count": 0, "replies_count": 1, "retweets_count": 1, "hashtags": []}
{"id": 1099820092580347911, "date": "2019-02-24", "time": "18:55:18", "tweet": "I didn't watch the #NASCAR race today, but I saw a clip of the last two laps. Again, I didn't watch the race so I don't know rhe rest of the day went, but this is my first impression of the clip that I saw. Any input from anyone who DID watch?  https://t.co/5jleWhkpx7", "likes_count": 1, "replies_count": 6, "retweets_count": 0, "hashtags": ["nascar"]}
{"id": 1099820009386176512, "date": "2019-02-24", "time": "18:54:58", "tweet": "@minitronftw11 @KingEphemera Furthermore, any input to a discussion you have will be less meaningful if you don't have a personal connection to any of the arcs or whatever. Who's gonna bother speaking to somebody who only knows a story for academic reasons and not personal reasons?", "likes_count": 1, "replies_count": 1, "retweets_count": 1, "hashtags": []}
{"id": 1099819971054583808, "date": "2019-02-24", "time": "18:54:49", "tweet": "@charliekirk11 The most important lessons are to listen and observe before opening one's mouth. A lot is learned in silence. Then your input is based on ideas that might include another idea other than yours. Wow! That would be a new revelation for many students.", "likes_count": 0, "replies_count": 0, "retweets_count": 0, "hashtags": []}
{"id": 1099819965429952513, "date": "2019-02-24", "time": "18:54:48", "tweet": "\"follow me\"でウィンドウ持ってきたり、手首にUIある感じがメインじゃないけどめちゃくちゃ気になった  HoloLens 2 Reveal Demo – Hand-tracking, Voice Input, and More - YouTube  https://t.co/45YJKjtd76", "likes_count": 0, "replies_count": 0, "retweets_count": 0, "hashtags": []}
{"id": 1099819911239454720, "date": "2019-02-24", "time": "18:54:35", "tweet": "@RyanSimpson242 @KristiRossX @Tony_BATtista I’m wondering the same! Hoping I can input summary numbers only, not individual transactions", "likes_count": 1, "replies_count": 2, "retweets_count": 0, "hashtags": []}
{"id": 1099819887671869440, "date": "2019-02-24", "time": "18:54:29", "tweet": "STM32 receive input from geiger counter [Votes: 2] #c #stm32  https://t.co/3FonmsY7zj", "likes_count": 0, "replies_count": 0, "retweets_count": 0, "hashtags": ["c", "stm32"]}
