{"id": 1128812200070660097, "date": "2019-05-15", "time": "19:59:35", "tweet": "wow, i really need some input right now.", "likes_count": 0, "replies_count": 0, "retweets_count": 0, "hashtags": []}
{"id": 1128812169821413378, "date": "2019-05-15", "time": "19:59:28", "tweet": "To all the females out there fighting to make abortion legal and using the excuse that males shouldn’t have a say is bull shit. Whether it’s natural or unnatural development of a child how tf would y’all have them without our input. The decision is shared.", "likes_count": 2, "replies_count": 0, "retweets_count": 0, "hashtags": []}
{"id": 1128812151886344192, "date": "2019-05-15", "time": "19:59:23", "tweet": "I'm playing games on iCashApp and it's so much fun! You can earn money as well playing game. Download it, input the refer code Q32ZXVJ get free 5USD.", "likes_count": 0, "replies_count": 0, "retweets_count": 0, "hashtags": []}
{"id": 1128812040129114112, "date": "2019-05-15", "time": "19:58:57", "tweet": "@SparksZilla @gauravvohra1 @gauravvohra1 can you give me an example of the input and resulting output? I am confused what you mean.", "likes_count": 2, "replies_count": 1, "retweets_count": 0, "hashtags": []}
{"id": 1128811972588318720, "date": "2019-05-15", "time": "19:58:41", "tweet": "@abdulrachim18 @eliya_mkom @KPU_ID Busettt masih ada?, kirain sudah pada insyaf, dasar yg input genderuwo, salah ko biasa.", "likes_count": 1, "replies_count": 0, "retweets_count": 0, "hashtags": []}
{"id": 1128811964354797568, "date": "2019-05-15", "time": "19:58:39", "tweet": "(5/5) @MONSTAnyc supports Input by Club Restricted Promo: Cool groove!", "likes_count": 0, "replies_count": 0, "retweets_count": 0, "hashtags": []}
{"id": 1128811890249879553, "date": "2019-05-15", "time": "19:58:21", "tweet": "@Dr_Xiang_Li @DavidBurt8 I'm going to USyd. I hope you figure out a way to make your IsoSeq work! I've heard rumours about low input library prep options coming out :)", "likes_count": 1, "replies_count": 0, "retweets_count": 0, "hashtags": []}
{"id": 1128811640315678720, "date": "2019-05-15", "time": "19:57:22", "tweet": "1. Why does Gase have input on price tags? 2. How do we think our top free agents feel now that their coach publically said their worth less.   #Jets", "likes_count": 1, "replies_count": 1, "retweets_count": 0, "hashtags": ["jets"]}
{"id": 1128811487991140352, "date": "2019-05-15", "time": "19:56:45", "tweet": "@leo46568466 @DontBeFurious @7Pusher Einfach scp usen für 0 input lag ps4 controller 🤠", "likes_count": 0, "replies_count": 1, "retweets_count": 0, "hashtags": []}
{"id": 1128811452406652929, "date": "2019-05-15", "time": "19:56:37", "tweet": "@LonelyGoomba @lryebreadl That would be extra dumb dumb from nintendo because online multiplayer would acually be longer to develop than couch multiplayer? I mean, the already have the multiplayer engine so they would only have to take the input from the controller connected to switch instead?", "likes_count": 2, "replies_count": 1, "retweets_count": 0, "hashtags": []}
{"id": 1128811394374066176, "date": "2019-05-15", "time": "19:56:23", "tweet": "@DaylanFell I’m not stupid but you don’t know the whole story. This is why i hate posting shit on Twitter because everyone always gotta have their own input 🤷🏽‍♀️", "likes_count": 1, "replies_count": 1, "retweets_count": 0, "hashtags": []}
{"id": 1128811231505133571, "date": "2019-05-15", "time": "19:55:44", "tweet": "Mestinya @KPU_ID bisa melakukan hal serupa dgn membuka seluasnya  proses situng yg sdg dilakukan utk menghilangkan keraguan publik atas salah input data &amp; berbagai kejanggalan yg masyrkt temukan.  https://t.co/ZRXNjr1lwz", "likes_count": 68, "replies_count": 0, "retweets_count": 44, "hashtags": []}
{"id": 1128811161426829312, "date": "2019-05-15", "time": "19:55:27", "tweet": "@SpankyST @crazypostman @StarTrek @CBSAllAccess @SpaceChannel @CraveCanada @startrekcbs @primevideouk @netflix @hulu @PrimeVideo So true...I can’t wait for the merger to be done. Shari Redstone said she will return Trek to Paramount and restore the crown jewel. I do prey that Patrick had enough input to put those idiot writers in the correct direction. Still not paying for All Access. Too many streamers.", "likes_count": 1, "replies_count": 1, "retweets_count": 0, "hashtags": []}
{"id": 1128811057294667777, "date": "2019-05-15", "time": "19:55:03", "tweet": "Inverex 1.2 KW Inverter Input Output Detailed Video (Solar sy Kitny Watt Leta Hy) -  https://t.co/8qD2jzBYf1  https://t.co/smHPOXRE6O", "likes_count": 0, "replies_count": 0, "retweets_count": 0, "hashtags": []}
{"id": 1128811021395812352, "date": "2019-05-15", "time": "19:54:54", "tweet": "@IdahoHello @MeepinSnek @JPaginino @WorstSaladBar Should probably be regulated to some degree, specifically once the fetus has become viable, to require medical input. Can't ban entirely though because you need to consider situations where it's dangerous to the mother's health.", "likes_count": 1, "replies_count": 0, "retweets_count": 0, "hashtags": []}
{"id": 1128811019374080000, "date": "2019-05-15", "time": "19:54:53", "tweet": "Thank you assisted passing, ignore my player and the direction input, I really wanted to pass to my opponent #Fifa19  https://t.co/0LoFfkdLn2", "likes_count": 0, "replies_count": 0, "retweets_count": 0, "hashtags": ["fifa19"]}
{"id": 1128811011698331648, "date": "2019-05-15", "time": "19:54:52", "tweet": "@remotesimmie No. I have no input to that world.  I thought there was a CLOAK &amp; DAGGER TV show, though.", "likes_count": 0, "replies_count": 1, "retweets_count": 0, "hashtags": []}
{"id": 1128810999312658433, "date": "2019-05-15", "time": "19:54:49", "tweet": "昨日は日本Androidの会 5月定例会にて、先週行ってきた「Google I/O報告 ～変わるAndroid」の登壇をしました。申込はキャンセル待ちになるほどに大変盛況! ありがとうございます。Googie I/OのI/OはInputとOutput。このあと月内はOutputを様々な場所で続けます。 #jag1905 #io19jp  https://t.co/GQHI0Tfypi", "likes_count": 6, "replies_count": 0, "retweets_count": 4, "hashtags": ["jag1905", "io19jp"]}
{"id": 1128810919079940099, "date": "2019-05-15", "time": "19:54:30", "tweet": "@RickyRichLFC @ftbladxm Didn’t ask for your input you support Liverpool of course your gonna hate", "likes_count": 0, "replies_count": 1, "retweets_count": 0, "hashtags": []}
{"id": 1128810912310321153, "date": "2019-05-15", "time": "19:54:28", "tweet": "why does my mom always have to try saying something to me loudly while i'm on the phone talking to someone ( like she tries to offer input )  i can't hear the other person when you do this, mom!!!", "likes_count": 0, "replies_count": 0, "retweets_count": 0, "hashtags": []}
{"id": 1128810839291703298, "date": "2019-05-15", "time": "19:54:11", "tweet": "@StreetsblogUSA @schmangee The DOT staff person @AndyBarb3r @KYTC who built this interchange featured in your article is about to spend $180M on @IMoveKY to widen interstates in Louisville. To date, there has been no public input process on the @IMoveKY plan. The waste and destruction continues.", "likes_count": 6, "replies_count": 1, "retweets_count": 2, "hashtags": []}
{"id": 1128810601751490561, "date": "2019-05-15", "time": "19:53:14", "tweet": "@ksfortier @ThePhightins33 @crumpymd @Raiderfrank65 @ThebostonGary @Flyerfan2815 @devo_dz @JameyBaskow @gpylou @NateElder @jpcowboys @Bennett_CK @dsilver88 @Craig68005756 @flyer4life @Storm_City @GutterTheGreat @AWIII75 I can't contribute much, except my Phantoms/Flyers input.💜", "likes_count": 5, "replies_count": 2, "retweets_count": 0, "hashtags": []}
{"id": 1128810394896572416, "date": "2019-05-15", "time": "19:52:25", "tweet": "@davecraige @calebpike USB-C input so you can attach a compatible microphone.", "likes_count": 2, "replies_count": 1, "retweets_count": 0, "hashtags": []}
{"id": 1128810314206781441, "date": "2019-05-15", "time": "19:52:05", "tweet": "But the thing that bothers me the most is that while several reviews were quick to whine about nanotrite abilities being mapped to ctrl by default, no reviews bother to mention the brightness or input delay issues", "likes_count": 0, "replies_count": 0, "retweets_count": 0, "hashtags": []}
{"id": 1128810288138952704, "date": "2019-05-15", "time": "19:51:59", "tweet": "@ULHospitals @WalshDara @FutureMedFest is grateful for the help and backing of many and in particular the @ULHospitals Group whose input was paramount in the realisation of this event!", "likes_count": 5, "replies_count": 0, "retweets_count": 1, "hashtags": []}
{"id": 1128810221667790849, "date": "2019-05-15", "time": "19:51:43", "tweet": "@Long_Away_ @13luvr So a husband shouldnt have any input on his wife having an abortion? I understand and agree it's her body and no one should be allowed to tell you what you can and can't do with you're own body.", "likes_count": 1, "replies_count": 1, "retweets_count": 0, "hashtags": []}
{"id": 1128810195654709248, "date": "2019-05-15", "time": "19:51:37", "tweet": "Last valid input: 2019-05-16 08:51:30.275642 Temperature: 28.00 C Humidity: 46.00 %", "likes_count": 0, "replies_count": 0, "retweets_count": 0, "hashtags": []}
{"id": 1128810116063649793, "date": "2019-05-15", "time": "19:51:18", "tweet": "@elizabeth_malm @kpomerleau @morganrscarboro Lots of mansplaining going on here. @NKaeding #taxtwitter awaits your input!", "likes_count": 0, "replies_count": 1, "retweets_count": 0, "hashtags": ["taxtwitter"]}
{"id": 1128809856742379521, "date": "2019-05-15", "time": "19:50:16", "tweet": "Se voi continuate a dargli l'input #Michael non chiuderà mai il discorso  #GF16", "likes_count": 5, "replies_count": 0, "retweets_count": 0, "hashtags": ["michael", "gf16"]}
{"id": 1128809594162155520, "date": "2019-05-15", "time": "19:49:14", "tweet": "After taking another look I realized that the first input area is actually to RESUBSCRIBE which then forwards you to a donation page you can’t navigate away from", "likes_count": 0, "replies_count": 1, "retweets_count": 0, "hashtags": []}
{"id": 1128809580979318784, "date": "2019-05-15", "time": "19:49:11", "tweet": "@JeLovelock Hi James, I am a concerned Industrial Chemist with the release of HFC134a from blast bags in mining. I have viewed your input in the lead up to The Montreal Protocol in 'How we saved the Planet' . My email address is koolkapmike@yahoo.com. May we converse?", "likes_count": 0, "replies_count": 0, "retweets_count": 0, "hashtags": []}
{"id": 1128809548293312513, "date": "2019-05-15", "time": "19:49:03", "tweet": "@TheMotherRunner what are your thoughts about starting a fund raiser for the girls run 2 group in Djibouti?  I’m happy to maybe put it together with input from our fellow mother runner in Djibouti to see what they need/how best to help.  And start a gofundme", "likes_count": 0, "replies_count": 0, "retweets_count": 0, "hashtags": []}
{"id": 1128809416428466181, "date": "2019-05-15", "time": "19:48:31", "tweet": "@everett_brogen you alwYs have good input", "likes_count": 1, "replies_count": 1, "retweets_count": 0, "hashtags": []}
{"id": 1128809388829859840, "date": "2019-05-15", "time": "19:48:25", "tweet": "@coal_carter @ConradGoodwin @slabbxo @chem_toth @NickelCarbon @ProfArno @TEAS_Actinides @KnopeLab @edelmannlab You two are definitely the experts, over this lowly analytical chemist/teacher. I'm LOVING all of the input, though!", "likes_count": 0, "replies_count": 1, "retweets_count": 0, "hashtags": []}
{"id": 1128809370643554304, "date": "2019-05-15", "time": "19:48:20", "tweet": "Watch, this gamemode will have next to no lag  Input or connection, it doesn't matter", "likes_count": 1, "replies_count": 0, "retweets_count": 0, "hashtags": []}
{"id": 1128809337751687169, "date": "2019-05-15", "time": "19:48:13", "tweet": "Working on some notes for Oathbreaker mini techs and need some input: Taking in Both Lore and Gameplay who is the biggest bummer. Please retweet so I can get more data The plan is to make a control/prison Style build with some flair!  https://t.co/Dng8319JjY", "likes_count": 6, "replies_count": 6, "retweets_count": 3, "hashtags": []}
{"id": 1128809286786641920, "date": "2019-05-15", "time": "19:48:00", "tweet": "Youth can provide input on the County's budget too. Join Supervisor Fletcher Saturday afternoon.  https://t.co/ttCpYxqxSV", "likes_count": 3, "replies_count": 0, "retweets_count": 2, "hashtags": []}
{"id": 1128809242406920192, "date": "2019-05-15", "time": "19:47:50", "tweet": "Rage 2 is a pretty decent game but I honestly can’t believe that despite being a AAA game it lacks: • Any brightness settings • Any input delay whatsoever when transitioning between gameplay and menus. Clicking resume game registers as a trigger pull", "likes_count": 8, "replies_count": 3, "retweets_count": 0, "hashtags": []}
{"id": 1128809054535467009, "date": "2019-05-15", "time": "19:47:05", "tweet": "P0327 SATURN - Knock Sensor Circuit Low Input  https://t.co/htWiO2xEIt #autocodes", "likes_count": 0, "replies_count": 0, "retweets_count": 0, "hashtags": ["autocodes"]}
{"id": 1128809042657210368, "date": "2019-05-15", "time": "19:47:02", "tweet": "P1845 SATURN - 2-3 Shift Solenoid Circuit Low Input Voltage  https://t.co/ItpWKvJ25h #autocodes", "likes_count": 0, "replies_count": 0, "retweets_count": 0, "hashtags": ["autocodes"]}
{"id": 1128808879742230531, "date": "2019-05-15", "time": "19:46:23", "tweet": "Went back to ledgedash practice but I just remembered a bit of general advice- if it's an issue for you, work on relaxing your controller grip when playing. It could help out a ton both avoiding injury, and fixing input flubs", "likes_count": 0, "replies_count": 1, "retweets_count": 0, "hashtags": []}
{"id": 1128808816483622912, "date": "2019-05-15", "time": "19:46:08", "tweet": "A PLACE THAT SPECIALIZES IN THE SCIENCE OF IT??? like that's awesome!!! and my mom seemed to be supportive of it, giving her input here and there, acting totally fine. we constantly fight but for once she seemed open to it. or so I thought!!!", "likes_count": 0, "replies_count": 1, "retweets_count": 0, "hashtags": []}
{"id": 1128808529010352128, "date": "2019-05-15", "time": "19:45:00", "tweet": "@telepastor @thomstern @patagonia He didn’t craft the bill, have any input or anything.", "likes_count": 0, "replies_count": 0, "retweets_count": 0, "hashtags": []}
{"id": 1128808498400247811, "date": "2019-05-15", "time": "19:44:52", "tweet": "my new thing I like to do is instead of going to sleep I like to lay down with my eyes closed and almost be asleep and then randomly think of the Kirstie Alley \"thank you for your input\" tweet &amp; crack up and have to start over", "likes_count": 17, "replies_count": 1, "retweets_count": 1, "hashtags": []}
{"id": 1128808437624840192, "date": "2019-05-15", "time": "19:44:38", "tweet": "@sciforfuture, @VQuaschning @wozukunft Wann kommt von uns ein starker input zum Thema?", "likes_count": 0, "replies_count": 0, "retweets_count": 0, "hashtags": []}
{"id": 1128808021713477632, "date": "2019-05-15", "time": "19:42:59", "tweet": "@vandergoog I can't change the input format -- it's whatever `git rev-list` emits -- I just know it's always 40 chars of object ID, optionally followed by a space and a pathname", "likes_count": 0, "replies_count": 1, "retweets_count": 0, "hashtags": []}
{"id": 1128807898069340160, "date": "2019-05-15", "time": "19:42:29", "tweet": "@MrDRamdani1 @Fasih09 @asfan_iliadi @Gerindra Dipublik agar semua bisa saling mengawasi dan melakukan koreksi, kesalahan input itu manusiawi terbukti 01 dan 02 bisa diuntungkan, kau teriak2 audit forensik apanya yg mau diaudit? Mekanismenya gimana? Kau mengira pintar dgn mereplika ocehan gerung pdhal keliatan tambah goblog", "likes_count": 0, "replies_count": 0, "retweets_count": 0, "hashtags": []}
{"id": 1128807851487420416, "date": "2019-05-15", "time": "19:42:18", "tweet": "@FiersaBesari Input ekonomi melemah", "likes_count": 0, "replies_count": 0, "retweets_count": 0, "hashtags": []}
{"id": 1128807849864376320, "date": "2019-05-15", "time": "19:42:18", "tweet": "@ESYudkowsky I'm looking at a direct narrow solution to computational overhangs using self-play based directly on machine code. Matched functionality in minimized CPU time. Brainstorming for proof of concept, something like calculating prime numbers, so input can be random.", "likes_count": 0, "replies_count": 1, "retweets_count": 0, "hashtags": []}
{"id": 1128807813218627584, "date": "2019-05-15", "time": "19:42:09", "tweet": "Input on @oregonmetro 2020 transportation funding measure is needed! Complete this survey by June 30th!    https://t.co/ovrM97f4x7", "likes_count": 4, "replies_count": 0, "retweets_count": 2, "hashtags": []}
{"id": 1128807674907435008, "date": "2019-05-15", "time": "19:41:36", "tweet": "Trying to get back into drawing daily, so here's the first input into my new pocket drawing journal- a homage to my favourite character from my favourite show #bettercallsaul Thanks @mrbobodenkirk and all involved for the endless inspiration and wonderful characters.  https://t.co/mRdIe9kXuo", "likes_count": 5, "replies_count": 0, "retweets_count": 0, "hashtags": ["bettercallsaul"]}
{"id": 1128807575099707392, "date": "2019-05-15", "time": "19:41:12", "tweet": "@birdlegscass works out of the box and has a switch for xbox controller input vs raw generic input, plus a button that switches the functions of the left stick and left pad.", "likes_count": 1, "replies_count": 0, "retweets_count": 0, "hashtags": []}
{"id": 1128807522515611649, "date": "2019-05-15", "time": "19:41:00", "tweet": "Hey #museums! Wondering how to get your visitors' input without annoying them with a survey? We've got you covered. Creative Ways to Solicit Stakeholder Feedback shows you how.  https://t.co/PwsiDTZ9hN  https://t.co/QYfP11wPDj", "likes_count": 2, "replies_count": 0, "retweets_count": 1, "hashtags": ["museums"]}
{"id": 1128807464248303616, "date": "2019-05-15", "time": "19:40:46", "tweet": "@sugueigo_com インプット×アウトプット大事ですよね(^｡^)  私も心がけてます！  ところですぐるさん、ネイティブはこういう意味合いでinputやoutputって使わないんですよねー？意外でした。  DMM英会話の講師と話していてOutput? I don’t understand...みたいな感じになって気づきました(&gt;_&lt;)", "likes_count": 1, "replies_count": 0, "retweets_count": 0, "hashtags": []}
{"id": 1128807370404970496, "date": "2019-05-15", "time": "19:40:23", "tweet": "@m_ozbek_au @heyracheddie @theage Obesity problem not solved with broken escalators.  More about food input than one or 2 sets of stairs a day. Easy for slim people to say fat people are just lazy.", "likes_count": 0, "replies_count": 0, "retweets_count": 0, "hashtags": []}
{"id": 1128807299768889346, "date": "2019-05-15", "time": "19:40:07", "tweet": "Here's another option folks for my new cover. Honest input would be greatly appreciated.  https://t.co/rPtdppJJEC", "likes_count": 1, "replies_count": 0, "retweets_count": 1, "hashtags": []}
{"id": 1128807160908066820, "date": "2019-05-15", "time": "19:39:34", "tweet": "The Great World Language Debate du Jour: Grammar vs. Communication | Edutopia COMPLETELY ON POINT except step 5 of planning a unit. Don’t waste a second teaching grammar! Focus on more input!! Happy to see this in reputable education journal! #langchat   https://t.co/oaRB6QuUEc", "likes_count": 6, "replies_count": 0, "retweets_count": 0, "hashtags": ["langchat"]}
{"id": 1128807118256123905, "date": "2019-05-15", "time": "19:39:23", "tweet": "@WariowareGold ty zonic i was awaiting ur input", "likes_count": 0, "replies_count": 1, "retweets_count": 0, "hashtags": []}
{"id": 1128807033799622658, "date": "2019-05-15", "time": "19:39:03", "tweet": "@ZomBmu @MisoSoup_FGC @papermarkis For delay based netcode all the same rules apply. Smash has to be synced up perfectly or it chugs. For rollback its much harder, because smash has much more minute elements such as analog input and aerial drifting.", "likes_count": 0, "replies_count": 0, "retweets_count": 0, "hashtags": []}
{"id": 1128806724662702081, "date": "2019-05-15", "time": "19:37:50", "tweet": "Lmao I to the point where it’s whatever ya say playa 🤷🏾‍♂️ I ain’t correcting or having a input on nothing", "likes_count": 0, "replies_count": 0, "retweets_count": 1, "hashtags": []}
{"id": 1128812200070660097, "date": "2019-05-15", "time": "19:59:35", "tweet": "wow, i really need some input right now.", "likes_count": 0, "replies_count": 0, "retweets_count": 0, "hashtags": []}
{"id": 1128812169821413378, "date": "2019-05-15", "time": "19:59:28", "tweet": "To all the females out there fighting to make abortion legal and using the excuse that males shouldn’t have a say is bull shit. Whether it’s natural or unnatural development of a child how tf would y’all have them without our input. The decision is shared.", "likes_count": 2, "replies_count": 0, "retweets_count": 0, "hashtags": []}
{"id": 1128812151886344192, "date": "2019-05-15", "time": "19:59:23", "tweet": "I'm playing games on iCashApp and it's so much fun! You can earn money as well playing game. Download it, input the refer code Q32ZXVJ get free 5USD.", "likes_count": 0, "replies_count": 0, "retweets_count": 0, "hashtags": []}
{"id": 1128812040129114112, "date": "2019-05-15", "time": "19:58:57", "tweet": "@SparksZilla @gauravvohra1 @gauravvohra1 can you give me an example of the input and resulting output? I am confused what you mean.", "likes_count": 2, "replies_count": 1, "retweets_count": 0, "hashtags": []}
{"id": 1128811972588318720, "date": "2019-05-15", "time": "19:58:41", "tweet": "@abdulrachim18 @eliya_mkom @KPU_ID Busettt masih ada?, kirain sudah pada insyaf, dasar yg input genderuwo, salah ko biasa.", "likes_count": 1, "replies_count": 0, "retweets_count": 0, "hashtags": []}
{"id": 1128811964354797568, "date": "2019-05-15", "time": "19:58:39", "tweet": "(5/5) @MONSTAnyc supports Input by Club Restricted Promo: Cool groove!", "likes_count": 0, "replies_count": 0, "retweets_count": 0, "hashtags": []}
{"id": 1128811890249879553, "date": "2019-05-15", "time": "19:58:21", "tweet": "@Dr_Xiang_Li @DavidBurt8 I'm going to USyd. I hope you figure out a way to make your IsoSeq work! I've heard rumours about low input library prep options coming out :)", "likes_count": 1, "replies_count": 0, "retweets_count": 0, "hashtags": []}
{"id": 1128811640315678720, "date": "2019-05-15", "time": "19:57:22", "tweet": "1. Why does Gase have input on price tags? 2. How do we think our top free agents feel now that their coach publically said their worth less.   #Jets", "likes_count": 1, "replies_count": 1, "retweets_count": 0, "hashtags": ["jets"]}
{"id": 1128811487991140352, "date": "2019-05-15", "time": "19:56:45", "tweet": "@leo46568466 @DontBeFurious @7Pusher Einfach scp usen für 0 input lag ps4 controller 🤠", "likes_count": 0, "replies_count": 1, "retweets_count": 0, "hashtags": []}
{"id": 1128811452406652929, "date": "2019-05-15", "time": "19:56:37", "tweet": "@LonelyGoomba @lryebreadl That would be extra dumb dumb from nintendo because online multiplayer would acually be longer to develop than couch multiplayer? I mean, the already have the multiplayer engine so they would only have to take the input from the controller connected to switch instead?", "likes_count": 2, "replies_count": 1, "retweets_count": 0, "hashtags": []}
{"id": 1128811394374066176, "date": "2019-05-15", "time": "19:56:23", "tweet": "@DaylanFell I’m not stupid but you don’t know the whole story. This is why i hate posting shit on Twitter because everyone always gotta have their own input 🤷🏽‍♀️", "likes_count": 1, "replies_count": 1, "retweets_count": 0, "hashtags": []}
{"id": 1128811231505133571, "date": "2019-05-15", "time": "19:55:44", "tweet": "Mestinya @KPU_ID bisa melakukan hal serupa dgn membuka seluasnya  proses situng yg sdg dilakukan utk menghilangkan keraguan publik atas salah input data &amp; berbagai kejanggalan yg masyrkt temukan.  https://t.co/ZRXNjr1lwz", "likes_count": 68, "replies_count": 0, "retweets_count": 44, "hashtags": []}
{"id": 1128811161426829312, "date": "2019-05-15", "time": "19:55:27", "tweet": "@SpankyST @crazypostman @StarTrek @CBSAllAccess @SpaceChannel @CraveCanada @startrekcbs @primevideouk @netflix @hulu @PrimeVideo So true...I can’t wait for the merger to be done. Shari Redstone said she will return Trek to Paramount and restore the crown jewel. I do prey that Patrick had enough input to put those idiot writers in the correct direction. Still not paying for All Access. Too many streamers.", "likes_count": 1, "replies_count": 1, "retweets_count": 0, "hashtags": []}
{"id": 1128811057294667777, "date": "2019-05-15", "time": "19:55:03", "tweet": "Inverex 1.2 KW Inverter Input Output Detailed Video (Solar sy Kitny Watt Leta Hy) -  https://t.co/8qD2jzBYf1  https://t.co/smHPOXRE6O", "likes_count": 0, "replies_count": 0, "retweets_count": 0, "hashtags": []}
{"id": 1128811021395812352, "date": "2019-05-15", "time": "19:54:54", "tweet": "@IdahoHello @MeepinSnek @JPaginino @WorstSaladBar Should probably be regulated to some degree, specifically once the fetus has become viable, to require medical input. Can't ban entirely though because you need to consider situations where it's dangerous to the mother's health.", "likes_count": 1, "replies_count": 0, "retweets_count": 0, "hashtags": []}
{"id": 1128811019374080000, "date": "2019-05-15", "time": "19:54:53", "tweet": "Thank you assisted passing, ignore my player and the direction input, I really wanted to pass to my opponent #Fifa19  https://t.co/0LoFfkdLn2", "likes_count": 0, "replies_count": 0, "retweets_count": 0, "hashtags": ["fifa19"]}
{"id": 1128811011698331648, "date": "2019-05-15", "time": "19:54:52", "tweet": "@remotesimmie No. I have no input to that world.  I thought there was a CLOAK &amp; DAGGER TV show, though.", "likes_count": 0, "replies_count": 1, "retweets_count": 0, "hashtags": []}
{"id": 1128810999312658433, "date": "2019-05-15", "time": "19:54:49", "tweet": "昨日は日本Androidの会 5月定例会にて、先週行ってきた「Google I/O報告 ～変わるAndroid」の登壇をしました。申込はキャンセル待ちになるほどに大変盛況! ありがとうございます。Googie I/OのI/OはInputとOutput。このあと月内はOutputを様々な場所で続けます。 #jag1905 #io19jp  https://t.co/GQHI0Tfypi", "likes_count": 6, "replies_count": 0, "retweets_count": 4, "hashtags": ["jag1905", "io19jp"]}
{"id": 1128810919079940099, "date": "2019-05-15", "time": "19:54:30", "tweet": "@RickyRichLFC @ftbladxm Didn’t ask for your input you support Liverpool of course your gonna hate", "likes_count": 0, "replies_count": 1, "retweets_count": 0, "hashtags": []}
{"id": 1128810912310321153, "date": "2019-05-15", "time": "19:54:28", "tweet": "why does my mom always have to try saying something to me loudly while i'm on the phone talking to someone ( like she tries to offer input )  i can't hear the other person when you do this, mom!!!", "likes_count": 0, "replies_count": 0, "retweets_count": 0, "hashtags": []}
{"id": 1128810839291703298, "date": "2019-05-15", "time": "19:54:11", "tweet": "@StreetsblogUSA @schmangee The DOT staff person @AndyBarb3r @KYTC who built this interchange featured in your article is about to spend $180M on @IMoveKY to widen interstates in Louisville. To date, there has been no public input process on the @IMoveKY plan. The waste and destruction continues.", "likes_count": 6, "replies_count": 1, "retweets_count": 2, "hashtags": []}
{"id": 1128810601751490561, "date": "2019-05-15", "time": "19:53:14", "tweet": "@ksfortier @ThePhightins33 @crumpymd @Raiderfrank65 @ThebostonGary @Flyerfan2815 @devo_dz @JameyBaskow @gpylou @NateElder @jpcowboys @Bennett_CK @dsilver88 @Craig68005756 @flyer4life @Storm_City @GutterTheGreat @AWIII75 I can't contribute much, except my Phantoms/Flyers input.💜", "likes_count": 5, "replies_count": 2, "retweets_count": 0, "hashtags": []}
{"id": 1128810394896572416, "date": "2019-05-15", "time": "19:52:25", "tweet": "@davecraige @calebpike USB-C input so you can attach a compatible microphone.", "likes_count": 2, "replies_count": 1, "retweets_count": 0, "hashtags": []}
{"id": 1128810314206781441, "date": "2019-05-15", "time": "19:52:05", "tweet": "But the thing that bothers me the most is that while several reviews were quick to whine about nanotrite abilities being mapped to ctrl by default, no reviews bother to mention the brightness or input delay issues", "likes_count": 0, "replies_count": 0, "retweets_count": 0, "hashtags": []}
{"id": 1128810288138952704, "date": "2019-05-15", "time": "19:51:59", "tweet": "@ULHospitals @WalshDara @FutureMedFest is grateful for the help and backing of many and in particular the @ULHospitals Group whose input was paramount in the realisation of this event!", "likes_count": 5, "replies_count": 0, "retweets_count": 1, "hashtags": []}
{"id": 1128810221667790849, "date": "2019-05-15", "time": "19:51:43", "tweet": "@Long_Away_ @13luvr So a husband shouldnt have any input on his wife having an abortion? I understand and agree it's her body and no one should be allowed to tell you what you can and can't do with you're own body.", "likes_count": 1, "replies_count": 1, "retweets_count": 0, "hashtags": []}
{"id": 1128810195654709248, "date": "2019-05-15", "time": "19:51:37", "tweet": "Last valid input: 2019-05-16 08:51:30.275642 Temperature: 28.00 C Humidity: 46.00 %", "likes_count": 0, "replies_count": 0, "retweets_count": 0, "hashtags": []}
{"id": 1128810116063649793, "date": "2019-05-15", "time": "19:51:18", "tweet": "@elizabeth_malm @kpomerleau @morganrscarboro Lots of mansplaining going on here. @NKaeding #taxtwitter awaits your input!", "likes_count": 0, "replies_count": 1, "retweets_count": 0, "hashtags": ["taxtwitter"]}
{"id": 1128809856742379521, "date": "2019-05-15", "time": "19:50:16", "tweet": "Se voi continuate a dargli l'input #Michael non chiuderà mai il discorso  #GF16", "likes_count": 5, "replies_count": 0, "retweets_count": 0, "hashtags": ["michael", "gf16"]}
{"id": 1128809594162155520, "date": "2019-05-15", "time": "19:49:14", "tweet": "After taking another look I realized that the first input area is actually to RESUBSCRIBE which then forwards you to a donation page you can’t navigate away from", "likes_count": 0, "replies_count": 1, "retweets_count": 0, "hashtags": []}
{"id": 1128809580979318784, "date": "2019-05-15", "time": "19:49:11", "tweet": "@JeLovelock Hi James, I am a concerned Industrial Chemist with the release of HFC134a from blast bags in mining. I have viewed your input in the lead up to The Montreal Protocol in 'How we saved the Planet' . My email address is koolkapmike@yahoo.com. May we converse?", "likes_count": 0, "replies_count": 0, "retweets_count": 0, "hashtags": []}
{"id": 1128809548293312513, "date": "2019-05-15", "time": "19:49:03", "tweet": "@TheMotherRunner what are your thoughts about starting a fund raiser for the girls run 2 group in Djibouti?  I’m happy to maybe put it together with input from our fellow mother runner in Djibouti to see what they need/how best to help.  And start a gofundme", "likes_count": 0, "replies_count": 0, "retweets_count": 0, "hashtags": []}
{"id": 1128809416428466181, "date": "2019-05-15", "time": "19:48:31", "tweet": "@everett_brogen you alwYs have good input", "likes_count": 1, "replies_count": 1, "retweets_count": 0, "hashtags": []}
{"id": 1128809388829859840, "date": "2019-05-15", "time": "19:48:25", "tweet": "@coal_carter @ConradGoodwin @slabbxo @chem_toth @NickelCarbon @ProfArno @TEAS_Actinides @KnopeLab @edelmannlab You two are definitely the experts, over this lowly analytical chemist/teacher. I'm LOVING all of the input, though!", "likes_count": 0, "replies_count": 1, "retweets_count": 0, "hashtags": []}
{"id": 1128809370643554304, "date": "2019-05-15", "time": "19:48:20", "tweet": "Watch, this gamemode will have next to no lag  Input or connection, it doesn't matter", "likes_count": 1, "replies_count": 0, "retweets_count": 0, "hashtags": []}
{"id": 1128809337751687169, "date": "2019-05-15", "time": "19:48:13", "tweet": "Working on some notes for Oathbreaker mini techs and need some input: Taking in Both Lore and Gameplay who is the biggest bummer. Please retweet so I can get more data The plan is to make a control/prison Style build with some flair!  https://t.co/Dng8319JjY", "likes_count": 6, "replies_count": 6, "retweets_count": 3, "hashtags": []}
{"id": 1128809286786641920, "date": "2019-05-15", "time": "19:48:00", "tweet": "Youth can provide input on the County's budget too. Join Supervisor Fletcher Saturday afternoon.  https://t.co/ttCpYxqxSV", "likes_count": 3, "replies_count": 0, "retweets_count": 2, "hashtags": []}
{"id": 1128809242406920192, "date": "2019-05-15", "time": "19:47:50", "tweet": "Rage 2 is a pretty decent game but I honestly can’t believe that despite being a AAA game it lacks: • Any brightness settings • Any input delay whatsoever when transitioning between gameplay and menus. Clicking resume game registers as a trigger pull", "likes_count": 8, "replies_count": 3, "retweets_count": 0, "hashtags": []}
{"id": 1128809054535467009, "date": "2019-05-15", "time": "19:47:05", "tweet": "P0327 SATURN - Knock Sensor Circuit Low Input  https://t.co/htWiO2xEIt #autocodes", "likes_count": 0, "replies_count": 0, "retweets_count": 0, "hashtags": ["autocodes"]}
{"id": 1128809042657210368, "date": "2019-05-15", "time": "19:47:02", "tweet": "P1845 SATURN - 2-3 Shift Solenoid Circuit Low Input Voltage  https://t.co/ItpWKvJ25h #autocodes", "likes_count": 0, "replies_count": 0, "retweets_count": 0, "hashtags": ["autocodes"]}
{"id": 1128808879742230531, "date": "2019-05-15", "time": "19:46:23", "tweet": "Went back to ledgedash practice but I just remembered a bit of general advice- if it's an issue for you, work on relaxing your controller grip when playing. It could help out a ton both avoiding injury, and fixing input flubs", "likes_count": 0, "replies_count": 1, "retweets_count": 0, "hashtags": []}
{"id": 1128808816483622912, "date": "2019-05-15", "time": "19:46:08", "tweet": "A PLACE THAT SPECIALIZES IN THE SCIENCE OF IT??? like that's awesome!!! and my mom seemed to be supportive of it, giving her input here and there, acting totally fine. we constantly fight but for once she seemed open to it. or so I thought!!!", "likes_count": 0, "replies_count": 1, "retweets_count": 0, "hashtags": []}
{"id": 1128808529010352128, "date": "2019-05-15", "time": "19:45:00", "tweet": "@telepastor @thomstern @patagonia He didn’t craft the bill, have any input or anything.", "likes_count": 0, "replies_count": 0, "retweets_count": 0, "hashtags": []}
{"id": 1128808498400247811, "date": "2019-05-15", "time": "19:44:52", "tweet": "my new thing I like to do is instead of going to sleep I like to lay down with my eyes closed and almost be asleep and then randomly think of the Kirstie Alley \"thank you for your input\" tweet &amp; crack up and have to start over", "likes_count": 17, "replies_count": 1, "retweets_count": 1, "hashtags": []}
{"id": 1128808437624840192, "date": "2019-05-15", "time": "19:44:38", "tweet": "@sciforfuture, @VQuaschning @wozukunft Wann kommt von uns ein starker input zum Thema?", "likes_count": 0, "replies_count": 0, "retweets_count": 0, "hashtags": []}
{"id": 1128808021713477632, "date": "2019-05-15", "time": "19:42:59", "tweet": "@vandergoog I can't change the input format -- it's whatever `git rev-list` emits -- I just know it's always 40 chars of object ID, optionally followed by a space and a pathname", "likes_count": 0, "replies_count": 1, "retweets_count": 0, "hashtags": []}
{"id": 1128807898069340160, "date": "2019-05-15", "time": "19:42:29", "tweet": "@MrDRamdani1 @Fasih09 @asfan_iliadi @Gerindra Dipublik agar semua bisa saling mengawasi dan melakukan koreksi, kesalahan input itu manusiawi terbukti 01 dan 02 bisa diuntungkan, kau teriak2 audit forensik apanya yg mau diaudit? Mekanismenya gimana? Kau mengira pintar dgn mereplika ocehan gerung pdhal keliatan tambah goblog", "likes_count": 0, "replies_count": 0, "retweets_count": 0, "hashtags": []}
{"id": 1128807851487420416, "date": "2019-05-15", "time": "19:42:18", "tweet": "@FiersaBesari Input ekonomi melemah", "likes_count": 0, "replies_count": 0, "retweets_count": 0, "hashtags": []}
{"id": 1128807849864376320, "date": "2019-05-15", "time": "19:42:18", "tweet": "@ESYudkowsky I'm looking at a direct narrow solution to computational overhangs using self-play based directly on machine code. Matched functionality in minimized CPU time. Brainstorming for proof of concept, something like calculating prime numbers, so input can be random.", "likes_count": 0, "replies_count": 1, "retweets_count": 0, "hashtags": []}
{"id": 1128807813218627584, "date": "2019-05-15", "time": "19:42:09", "tweet": "Input on @oregonmetro 2020 transportation funding measure is needed! Complete this survey by June 30th!    https://t.co/ovrM97f4x7", "likes_count": 4, "replies_count": 0, "retweets_count": 2, "hashtags": []}
{"id": 1128807674907435008, "date": "2019-05-15", "time": "19:41:36", "tweet": "Trying to get back into drawing daily, so here's the first input into my new pocket drawing journal- a homage to my favourite character from my favourite show #bettercallsaul Thanks @mrbobodenkirk and all involved for the endless inspiration and wonderful characters.  https://t.co/mRdIe9kXuo", "likes_count": 5, "replies_count": 0, "retweets_count": 0, "hashtags": ["bettercallsaul"]}
{"id": 1128807575099707392, "date": "2019-05-15", "time": "19:41:12", "tweet": "@birdlegscass works out of the box and has a switch for xbox controller input vs raw generic input, plus a button that switches the functions of the left stick and left pad.", "likes_count": 1, "replies_count": 0, "retweets_count": 0, "hashtags": []}
{"id": 1128807522515611649, "date": "2019-05-15", "time": "19:41:00", "tweet": "Hey #museums! Wondering how to get your visitors' input without annoying them with a survey? We've got you covered. Creative Ways to Solicit Stakeholder Feedback shows you how.  https://t.co/PwsiDTZ9hN  https://t.co/QYfP11wPDj", "likes_count": 2, "replies_count": 0, "retweets_count": 1, "hashtags": ["museums"]}
{"id": 1128807464248303616, "date": "2019-05-15", "time": "19:40:46", "tweet": "@sugueigo_com インプット×アウトプット大事ですよね(^｡^)  私も心がけてます！  ところですぐるさん、ネイティブはこういう意味合いでinputやoutputって使わないんですよねー？意外でした。  DMM英会話の講師と話していてOutput? I don’t understand...みたいな感じになって気づきました(&gt;_&lt;)", "likes_count": 1, "replies_count": 0, "retweets_count": 0, "hashtags": []}
{"id": 1128807370404970496, "date": "2019-05-15", "time": "19:40:23", "tweet": "@m_ozbek_au @heyracheddie @theage Obesity problem not solved with broken escalators.  More about food input than one or 2 sets of stairs a day. Easy for slim people to say fat people are just lazy.", "likes_count": 0, "replies_count": 0, "retweets_count": 0, "hashtags": []}
{"id": 1128807299768889346, "date": "2019-05-15", "time": "19:40:07", "tweet": "Here's another option folks for my new cover. Honest input would be greatly appreciated.  https://t.co/rPtdppJJEC", "likes_count": 1, "replies_count": 0, "retweets_count": 1, "hashtags": []}
{"id": 1128807160908066820, "date": "2019-05-15", "time": "19:39:34", "tweet": "The Great World Language Debate du Jour: Grammar vs. Communication | Edutopia COMPLETELY ON POINT except step 5 of planning a unit. Don’t waste a second teaching grammar! Focus on more input!! Happy to see this in reputable education journal! #langchat   https://t.co/oaRB6QuUEc", "likes_count": 6, "replies_count": 0, "retweets_count": 0, "hashtags": ["langchat"]}
{"id": 1128807118256123905, "date": "2019-05-15", "time": "19:39:23", "tweet": "@WariowareGold ty zonic i was awaiting ur input", "likes_count": 0, "replies_count": 1, "retweets_count": 0, "hashtags": []}
{"id": 1128807033799622658, "date": "2019-05-15", "time": "19:39:03", "tweet": "@ZomBmu @MisoSoup_FGC @papermarkis For delay based netcode all the same rules apply. Smash has to be synced up perfectly or it chugs. For rollback its much harder, because smash has much more minute elements such as analog input and aerial drifting.", "likes_count": 0, "replies_count": 0, "retweets_count": 0, "hashtags": []}
{"id": 1128806724662702081, "date": "2019-05-15", "time": "19:37:50", "tweet": "Lmao I to the point where it’s whatever ya say playa 🤷🏾‍♂️ I ain’t correcting or having a input on nothing", "likes_count": 0, "replies_count": 0, "retweets_count": 1, "hashtags": []}
