{"id": 1173748369400979461, "date": "2019-09-16", "time": "19:59:53", "tweet": "@GaylordFapberg @JakeBevan17 @Tony_Rios805 @drdisrespect @shroud Lmao...stop please and just type in Google - \"INPUT LAG ON PS4\".", "likes_count": 0, "replies_count": 1, "retweets_count": 0, "hashtags": []}
{"id": 1173748363403022336, "date": "2019-09-16", "time": "19:59:51", "tweet": "教育とは、勉強したいという「きっかけ」を作ってあげることだな。  今、英語を勉強している。中学生レベルのを。でも、勉強したいと思っているから、楽しい。 中学時代は全く楽しくなかったのに。  学びたいという意識があるかないかで、inputの量が圧倒的に違うのよね。", "likes_count": 0, "replies_count": 0, "retweets_count": 0, "hashtags": []}
{"id": 1173748248156221440, "date": "2019-09-16", "time": "19:59:24", "tweet": "Input for subscriber emote designs are welcomed | Bloodstained: Ritual of the Night | Kickstarter backer  https://t.co/5wPjmjoauC", "likes_count": 2, "replies_count": 0, "retweets_count": 2, "hashtags": []}
{"id": 1173748209123938304, "date": "2019-09-16", "time": "19:59:14", "tweet": "@KnucklesNilan30 Hey @KnucklesNilan30   Any input on the article in the Gazette that the #Habs don't let the alumni get close to current team?", "likes_count": 0, "replies_count": 0, "retweets_count": 0, "hashtags": ["habs"]}
{"id": 1173748049635659776, "date": "2019-09-16", "time": "19:58:36", "tweet": "@HannieBald There is like 3 or 4 fights rn im just streaming and sayin some input but God...💀", "likes_count": 1, "replies_count": 1, "retweets_count": 0, "hashtags": []}
{"id": 1173748007990435840, "date": "2019-09-16", "time": "19:58:26", "tweet": "@StewartalsopIII Send the AI researchers to a local elementary school for a few weeks. If they reverse everything they see teachers and administrators doing to discourage childlike thought and action, that should give them pretty robust input for their algorithms.", "likes_count": 2, "replies_count": 1, "retweets_count": 0, "hashtags": []}
{"id": 1173747941485494272, "date": "2019-09-16", "time": "19:58:11", "tweet": "@discoque5 @1AccountRhodes @tra_day901 @AlGaldi Behind Jay's back? A HC doesn't make those decisions, that is what a GM does. Ideally a good GM would communicate with the team, and Bruce isn't a good GM, but ts for Jay that is the life of a HC sometimes. This isn't a Shanny or Gibbs deal where they also had GM input.", "likes_count": 0, "replies_count": 1, "retweets_count": 0, "hashtags": []}
{"id": 1173747936934715393, "date": "2019-09-16", "time": "19:58:10", "tweet": "@jisunct g(x)= -x^2, g(x)= √x-3, g(x)= 1.5x it dont give me an input i have to identify the parent function for g", "likes_count": 0, "replies_count": 0, "retweets_count": 0, "hashtags": []}
{"id": 1173747881418907653, "date": "2019-09-16", "time": "19:57:56", "tweet": "#linux #kernel  Re: [PATCH V4 2/5] input: keyboard: imx_sc: Add  https://t.co/Ui9QqbtRIN system controller key…  https://t.co/IC8rRN0qmm", "likes_count": 0, "replies_count": 0, "retweets_count": 0, "hashtags": ["linux", "kernel"]}
{"id": 1173747794789560320, "date": "2019-09-16", "time": "19:57:36", "tweet": "@Megmedlol I only really thought about ordering top tier though, and even then I didn’t want to state it as fact, but thanks for the input", "likes_count": 0, "replies_count": 1, "retweets_count": 0, "hashtags": []}
{"id": 1173747791631400960, "date": "2019-09-16", "time": "19:57:35", "tweet": "Citizens Forums will be held this Tue, Wed, &amp; Thurs, in Springville, Lackawanna, &amp; Depew. Give input on #development in your #community, including projects for low/moderate-income residents, #elderly, &amp; those w/ #disabilities.  Locations, times, details:  https://t.co/PEBEjLNxUW  https://t.co/CWQdbMOWnP", "likes_count": 1, "replies_count": 0, "retweets_count": 2, "hashtags": ["development", "community", "elderly", "disabilities"]}
{"id": 1173747705786638336, "date": "2019-09-16", "time": "19:57:14", "tweet": "@Drift0r Wouldn't SBMM in games like AW make sense due to the \"reverse boosting bans\" they had. I'd really like your input since you put a lot of time into cod and other games that follow different algorithms and you tend to make really good sense out of them. 2/2 I thought I needed 3 😅", "likes_count": 0, "replies_count": 0, "retweets_count": 0, "hashtags": []}
{"id": 1173747636475613184, "date": "2019-09-16", "time": "19:56:58", "tweet": "#ARM #kernel  Re: [PATCH V4 2/5] input: keyboard: imx_sc: Add  https://t.co/QTK2XgsCnv system controller key…  https://t.co/DVcyIFua3L", "likes_count": 0, "replies_count": 0, "retweets_count": 0, "hashtags": ["arm", "kernel"]}
{"id": 1173747515402964992, "date": "2019-09-16", "time": "19:56:29", "tweet": "Last valid input: 2019-09-17 08:56:27.064859 Temperature: 31.00 C Humidity: 68.00 %", "likes_count": 0, "replies_count": 0, "retweets_count": 0, "hashtags": []}
{"id": 1173747473866735617, "date": "2019-09-16", "time": "19:56:19", "tweet": "How Data Brokers Make Money Off Your Medical Records - Who owns  the patient health history data, medication list, labs, photos and tests  that physicians pay EHR companies to input and EHR companies sell to everyone? @SeemaCMS @ePatientDave @epflcswccm   https://t.co/t4jAlRpOu2", "likes_count": 15, "replies_count": 1, "retweets_count": 14, "hashtags": []}
{"id": 1173747342253744128, "date": "2019-09-16", "time": "19:55:48", "tweet": "@NotEnoughInfo_ thank you for your input", "likes_count": 0, "replies_count": 1, "retweets_count": 0, "hashtags": []}
{"id": 1173747141077942272, "date": "2019-09-16", "time": "19:55:00", "tweet": "“When you have an idea, test the market, get input, put it out there, learn and fix as you go. The value is in creating something shaped by your market.”  https://t.co/7iPAzy4lMR #MondayMotivation #marketing #AfricaTweetChat featuring @Mpho_Mashita @AfricaTweetChat @CapricornFM", "likes_count": 1, "replies_count": 0, "retweets_count": 1, "hashtags": ["mondaymotivation", "marketing", "africatweetchat"]}
{"id": 1173747092264759296, "date": "2019-09-16", "time": "19:54:48", "tweet": "Serious question. I want to hear your input. With future YCHs, what themes and things would you guys want more of? Please leave your comments. I REALLY want to hear.", "likes_count": 2, "replies_count": 2, "retweets_count": 0, "hashtags": []}
{"id": 1173747015249027072, "date": "2019-09-16", "time": "19:54:30", "tweet": "@andrewheiss you can extend it to show how important it is to check input formats, e.g. Warning! leave_house() should not be applied because get_dressed() has NULL value", "likes_count": 5, "replies_count": 1, "retweets_count": 0, "hashtags": []}
{"id": 1173746984714407942, "date": "2019-09-16", "time": "19:54:22", "tweet": "👋 @KatieNovakUDL we would love input once our book club gets started!", "likes_count": 4, "replies_count": 0, "retweets_count": 0, "hashtags": []}
{"id": 1173746961201025024, "date": "2019-09-16", "time": "19:54:17", "tweet": "@SophistsAwake I believe that will start being promoted by the Dems after they settle down from 2020 elections. Or before.  They are beginning the attack on Christian schools for more state input &amp; we know what that means!  I've been grateful my 8 yr old granddaughter is in a Christian school.", "likes_count": 0, "replies_count": 0, "retweets_count": 0, "hashtags": []}
{"id": 1173746841856274432, "date": "2019-09-16", "time": "19:53:48", "tweet": "@Gayosaurus @Richard48929126 @calgarytransit The people with no profile pictures always have the best input eh? Haha", "likes_count": 3, "replies_count": 0, "retweets_count": 0, "hashtags": []}
{"id": 1173746832545124353, "date": "2019-09-16", "time": "19:53:46", "tweet": "So @SportingKC fans....how do you cope with losses like this? What helps you get over it? If not one of these please comment with your ways to cope. Working on my next @BlueTestamentKC piece and need your input.", "likes_count": 1, "replies_count": 4, "retweets_count": 0, "hashtags": []}
{"id": 1173746822726078464, "date": "2019-09-16", "time": "19:53:44", "tweet": "@zouqu High sens will be worse for your aim trust use a lower deadzone it pretty much reduces time for the input to register so quick adjustments are better", "likes_count": 0, "replies_count": 1, "retweets_count": 0, "hashtags": []}
{"id": 1173746786420310018, "date": "2019-09-16", "time": "19:53:35", "tweet": "@RedTRaccoon I follow you regularly and trust your input. I know there are some ways to service connect illnesses due to burn pits. Is your experience that it doesn’t work as written, is too burdensome or that VA doesn’t do it correctly? I know it is not the same ease as AO exposure", "likes_count": 0, "replies_count": 0, "retweets_count": 0, "hashtags": []}
{"id": 1173746689112457216, "date": "2019-09-16", "time": "19:53:12", "tweet": "@JayonaiseV @vrgeta3201 @Sir_Chicky @isacthestarally Thank you for the input. Anti dexers often tell BBND to shut up because we’ll buy it anyway among other things when it’s just not true and that’s completely disrespectful and immature. We are allowed to voice our critiques", "likes_count": 0, "replies_count": 1, "retweets_count": 0, "hashtags": []}
{"id": 1173746687631876097, "date": "2019-09-16", "time": "19:53:12", "tweet": "@Xavier_Bettel @BorisJohnson @gouv_lu Thanks for your input Xavier...... GLOVES!", "likes_count": 0, "replies_count": 0, "retweets_count": 0, "hashtags": []}
{"id": 1173746455414280194, "date": "2019-09-16", "time": "19:52:16", "tweet": "How does @OliveOils_Spain have such political clout in US? Wild number of House Reps are lobbying to exempt olive oil from retaliation list over @Airbus. The \"sell\" is about health effects of consuming @OliveOils_Spain, not US businesses needing it as input.", "likes_count": 0, "replies_count": 0, "retweets_count": 0, "hashtags": []}
{"id": 1173746449793859590, "date": "2019-09-16", "time": "19:52:15", "tweet": "#javascript tips: 🧙‍♂️🧙‍♀️: Multi condition checking!  if input is '✂️', '📋', or '👍', call doSomething function then you can use a nice shorthand 👍  #javascript30 #typescript #angular #vue #react #100DaysOfCode #CodeNewbie #developers #programming  https://t.co/B7p1WnVrl5", "likes_count": 153, "replies_count": 13, "retweets_count": 78, "hashtags": ["javascript", "javascript30", "typescript", "angular", "vue", "react", "100daysofcode", "codenewbie", "developers", "programming"]}
{"id": 1173746267559792641, "date": "2019-09-16", "time": "19:51:31", "tweet": "Public Workshop for the Parks, Trails, Open Space, and Recreation Master Plan Update - Monday, September 23, 2019 - 6:00pm  Dougherty Station Community Center - 17011 Bollinger Canyon Rd. Citizen input is crucial!  More information:  https://t.co/M8WBf1ZzMa  https://t.co/UnGHsDZeDn", "likes_count": 1, "replies_count": 0, "retweets_count": 0, "hashtags": []}
{"id": 1173746121283461125, "date": "2019-09-16", "time": "19:50:57", "tweet": "....and even give input via the survey.  And, as always, you can check out the agendas of upcoming meetings, read the minutes of past meetings, and listen to the audio recordings of Council meetings. An informed and involved community is important, and we want you to be both.  https://t.co/ULgwfzsreT", "likes_count": 1, "replies_count": 1, "retweets_count": 0, "hashtags": []}
{"id": 1173745953943089152, "date": "2019-09-16", "time": "19:50:17", "tweet": "[POLL BELOW] I’m planning on choosing a new pfp (all from the NG smash collab) and I’d like input from you guys. Choose which Wahoo will become my new pfp.  https://t.co/G782kJy9R5", "likes_count": 2, "replies_count": 1, "retweets_count": 0, "hashtags": []}
{"id": 1173745894874865679, "date": "2019-09-16", "time": "19:50:03", "tweet": "Authentic input for the 11-12 and higher education Italian language lesson. Click on the link in the profile to visit and shop for these and more at the #objects2inspire #tpt store. #StartFreshBTS  https://t.co/6ByMVntS4j", "likes_count": 0, "replies_count": 0, "retweets_count": 0, "hashtags": ["objects2inspire", "tpt", "startfreshbts"]}
{"id": 1173745792269651969, "date": "2019-09-16", "time": "19:49:38", "tweet": "It’s the Finals of the Great Designer Search! And we need your input. Below are the Mythic Puzzles from our finalist. We have also have linked all their prev puzzles in case you can’t decide based on just their last puzzles.    https://t.co/1JwAmYU1aO  #Mtgpuzzles", "likes_count": 7, "replies_count": 1, "retweets_count": 24, "hashtags": ["mtgpuzzles"]}
{"id": 1173745789417353216, "date": "2019-09-16", "time": "19:49:37", "tweet": "@StevenLayne I am an avid follower of your read aloud book. I need support for why to read the whole book, as my administration feels snippets are enough and the read aloud book should teach a skill. I believe kids love the experience of the whole book. Your input please.", "likes_count": 0, "replies_count": 0, "retweets_count": 0, "hashtags": []}
{"id": 1173745734304325632, "date": "2019-09-16", "time": "19:49:24", "tweet": "@IlhanMN No. We do not want your input on how America is shaped. Go back to where you came from. Shape them.", "likes_count": 1, "replies_count": 0, "retweets_count": 0, "hashtags": []}
{"id": 1173745601579757570, "date": "2019-09-16", "time": "19:48:53", "tweet": "@ISyndicate11 @TheSMonroeShow thanks for your input~", "likes_count": 0, "replies_count": 0, "retweets_count": 0, "hashtags": []}
{"id": 1173745496487104512, "date": "2019-09-16", "time": "19:48:28", "tweet": "@marvindanig @aardrian @gidztech @Apple @AppStore Supporting `touch-action` is the standards approach all browser vendors are taking in this area. Using CSS means the browser can have better touch and scroll performance and not ask JavaScript all the time for touch input (120 times a second on modern iPhones).", "likes_count": 1, "replies_count": 1, "retweets_count": 1, "hashtags": []}
{"id": 1173745240894689280, "date": "2019-09-16", "time": "19:47:27", "tweet": "how much do you want to bet that 95% of these apps were developed with no input from women  https://t.co/soCQyCJRr0", "likes_count": 2, "replies_count": 0, "retweets_count": 3, "hashtags": []}
{"id": 1173745123814977536, "date": "2019-09-16", "time": "19:46:59", "tweet": "A poll for my followers and anyone else who might wish to have input -   Of the following, who do you think did the best job as President of the United States:", "likes_count": 0, "replies_count": 0, "retweets_count": 0, "hashtags": []}
{"id": 1173744857753341952, "date": "2019-09-16", "time": "19:45:55", "tweet": "@BarkInEarnest ty for ur input that i nevr asked for", "likes_count": 0, "replies_count": 1, "retweets_count": 0, "hashtags": []}
{"id": 1173744784801980416, "date": "2019-09-16", "time": "19:45:38", "tweet": "@a7_FIN_SWE @get_it_maggie Appreciate her input, I'm sure.", "likes_count": 2, "replies_count": 1, "retweets_count": 0, "hashtags": []}
{"id": 1173744732092022784, "date": "2019-09-16", "time": "19:45:25", "tweet": "Anytime I post a picture of my dog in her little sweaters or her Halloween costume people have something to say. She is fine. She is happy. She is very loved. She actually enjoys sweaters &amp; doesn’t need your input.", "likes_count": 6, "replies_count": 3, "retweets_count": 0, "hashtags": []}
{"id": 1173744618535415808, "date": "2019-09-16", "time": "19:44:58", "tweet": "@chrissyfarr 2(2) = Multiple potential priorities &amp; tradeoffs and the best investors in my mind wouldn't be \"reacting\" to every random input. They would be carefully considering the lens of the scenario with accurate frame of source. That's how u help by reducing noise. At least in deep tech", "likes_count": 0, "replies_count": 0, "retweets_count": 0, "hashtags": []}
{"id": 1173744555373551620, "date": "2019-09-16", "time": "19:44:43", "tweet": "@helen_poppet @CobhamSaint @Sillyshib Um. So you want to be in Guy Verhofstadt's Empire. While having little or no input to it's policies for ever? 'Absolutely at least they aren't f'ing Tory scum' I concede who could argue with anything so perfectly balanced. So this Empire is going to be good? The GB Empire evil ?", "likes_count": 0, "replies_count": 0, "retweets_count": 0, "hashtags": []}
{"id": 1173744514650890241, "date": "2019-09-16", "time": "19:44:34", "tweet": "@HJCJN9902 Ah.. email.. not phone number? Are u input your phone number too?", "likes_count": 0, "replies_count": 0, "retweets_count": 0, "hashtags": []}
{"id": 1173744308991778817, "date": "2019-09-16", "time": "19:43:45", "tweet": "A4: Some pros of a twitter chat are you can discuss more than one topic, you can do it at home, everyone can participate, and you get input from Ts outside your school.  #USCVINSONCHAT", "likes_count": 1, "replies_count": 0, "retweets_count": 0, "hashtags": ["uscvinsonchat"]}
{"id": 1173744023888179200, "date": "2019-09-16", "time": "19:42:37", "tweet": "Retweet for more input", "likes_count": 0, "replies_count": 0, "retweets_count": 0, "hashtags": []}
{"id": 1173743988819386368, "date": "2019-09-16", "time": "19:42:28", "tweet": "@NYCACC @NYPressClub Since you never answer the question, I'm making it easy for you @NYCACC . Multiple choice: 1. Yes! We'll be announcing ways to receive citizen input soon. 2. No. We are an animal control facility. We kill whatever we want. Go away. Oh, the suspense...cc: @TamarLapin  @NYPressClub", "likes_count": 2, "replies_count": 0, "retweets_count": 2, "hashtags": []}
{"id": 1173743898382012419, "date": "2019-09-16", "time": "19:42:07", "tweet": "From @leemonbaird  The council defines what the roadmap is. But the input to it, comes from the community. So, you the community, tell us what you want. Tell us your priorities.", "likes_count": 21, "replies_count": 3, "retweets_count": 1, "hashtags": []}
{"id": 1173743879876751360, "date": "2019-09-16", "time": "19:42:02", "tweet": "\"Excuse me, I was trying to change the input on the TV. Do I need a separate-\" \"You can't do that here. You only have the cable box.\"  C'mon @Marriott. It's 2019. You already have my money. Just let me change the input to stream stuff from my laptop.", "likes_count": 0, "replies_count": 0, "retweets_count": 0, "hashtags": []}
{"id": 1173743845441454083, "date": "2019-09-16", "time": "19:41:54", "tweet": "#linux #kernel  Re: [PATCH v3] input: keyboard: snvs_pwrkey: Send key events for i.MX6 S…  https://t.co/ZcnyfFG9SC", "likes_count": 0, "replies_count": 0, "retweets_count": 0, "hashtags": ["linux", "kernel"]}
{"id": 1173743700754817025, "date": "2019-09-16", "time": "19:41:20", "tweet": "Exclusive: Edward Snowden discusses Trump and privacy in the digital age  https://t.co/2ABf7cWmcN Thanks for your input.  Its is all about perception.  Do a good thing but others who hate Donald will take the other side.  Hi Mom.", "likes_count": 0, "replies_count": 0, "retweets_count": 0, "hashtags": []}
{"id": 1173743599244234753, "date": "2019-09-16", "time": "19:40:55", "tweet": "#ARM #kernel  Re: [PATCH v3] input: keyboard: snvs_pwrkey: Send key events for i.MX6 S, DL…  https://t.co/Wqz419vGDS", "likes_count": 0, "replies_count": 0, "retweets_count": 0, "hashtags": ["arm", "kernel"]}
{"id": 1173743390388674561, "date": "2019-09-16", "time": "19:40:06", "tweet": "@SoundTransit is planning a drop-in session on Sept. 19 to get commuter input on expand parking at Kent Station.  https://t.co/b0UdcLwcaN  https://t.co/9Om5T7tkIZ", "likes_count": 3, "replies_count": 0, "retweets_count": 1, "hashtags": []}
{"id": 1173743363243352064, "date": "2019-09-16", "time": "19:39:59", "tweet": "@MOShFN @OverLordZyy @xMarleyFN Vou mudar p rato e teclado só ha espaço p um controller god 😂😂 vou ser o best dual input PT", "likes_count": 0, "replies_count": 0, "retweets_count": 0, "hashtags": []}
{"id": 1173743136226643968, "date": "2019-09-16", "time": "19:39:05", "tweet": "@lavey_shantay Input verdrängt. mehr input verdrängt mehr. ob der sinnvoll ist oder nicht, man gewöhnt sich ?", "likes_count": 1, "replies_count": 1, "retweets_count": 0, "hashtags": []}
{"id": 1173743132325883917, "date": "2019-09-16", "time": "19:39:04", "tweet": "Im going to use my Xbox controller at tournaments because of this. Xbox input delay is more akin to PC than PS4.", "likes_count": 0, "replies_count": 0, "retweets_count": 0, "hashtags": []}
{"id": 1173742997105590272, "date": "2019-09-16", "time": "19:38:32", "tweet": "@ZetijnotFN @CuzzyFN @BotBurnZ1 @vjackzbtw Thanks for the input man really helps", "likes_count": 0, "replies_count": 1, "retweets_count": 0, "hashtags": []}
{"id": 1173742980588613632, "date": "2019-09-16", "time": "19:38:28", "tweet": "Why does this girl insert herself into EVERY conversation as the authority on EVERYTHING. She literally just tried to give input about my sister’s friend who this girl has never met 💀", "likes_count": 1, "replies_count": 0, "retweets_count": 0, "hashtags": []}
