{"id": 1108518549071368192, "date": "2019-03-20", "time": "19:59:52", "tweet": "After some help on NMEA strings from FM1000 to #Case Pro600 screen &amp; input setting on Pro600. Which one is wrong?  https://t.co/3va4gbDu5B", "likes_count": 0, "replies_count": 10, "retweets_count": 1, "hashtags": ["case"]}
{"id": 1108518511133913088, "date": "2019-03-20", "time": "19:59:42", "tweet": "Me trying to input all my memeory into this pathophysiology exam  https://t.co/YkuYSfFGb3", "likes_count": 4, "replies_count": 0, "retweets_count": 1, "hashtags": []}
{"id": 1108518470013063169, "date": "2019-03-20", "time": "19:59:33", "tweet": "@danosegoviano @akirareiko pero no del hardware. Posiblemente es buffering de input generalizado entonces (no he analizado el engine de SF). JAMMA es sólo un conector eléctrico...  Y sí, debe ser buffering del juego. Pero no de frames,", "likes_count": 0, "replies_count": 0, "retweets_count": 0, "hashtags": []}
{"id": 1108518456557752320, "date": "2019-03-20", "time": "19:59:29", "tweet": "@CohhCarnage @Google Anyone who plays console games on a older LCD TV knows how much a difference input lag can make, compared to the same console and a computer monitor.  Having that input lag go over my internet *as well*? Nuh-uh. Not gonna happen.", "likes_count": 0, "replies_count": 0, "retweets_count": 0, "hashtags": []}
{"id": 1108518339566100487, "date": "2019-03-20", "time": "19:59:02", "tweet": "@KevinLubeck @TSM_Myth @DaRealAipha That's not the point, but thanks for your input", "likes_count": 0, "replies_count": 0, "retweets_count": 0, "hashtags": []}
{"id": 1108518298923294726, "date": "2019-03-20", "time": "19:58:52", "tweet": "Doom On Stadia's Input Lag Is Noticeable But Not Ruinous  https://t.co/Cw6DZPWeZH", "likes_count": 0, "replies_count": 0, "retweets_count": 0, "hashtags": []}
{"id": 1108518290295418881, "date": "2019-03-20", "time": "19:58:50", "tweet": "Trustee French asks what general letter will say and when will it be written? Chair Ruttan indicates there needs to be process for writing the letter with equal input from all Trustees. #LDSBmtg", "likes_count": 0, "replies_count": 1, "retweets_count": 0, "hashtags": ["ldsbmtg"]}
{"id": 1108518142907764738, "date": "2019-03-20", "time": "19:58:15", "tweet": "@ASTsupportAAli Peer visits and the dialogue afterwards are some of the best learning experiences I have. Love having colleagues in our class too and getting input from a fresh pair of eyes. In some cases we've started enquiry projects around an area that emerged from the post visit discussion.", "likes_count": 2, "replies_count": 0, "retweets_count": 0, "hashtags": []}
{"id": 1108518110619787264, "date": "2019-03-20", "time": "19:58:07", "tweet": "Tray 1 is jammed. Please open door 3, then pull out slide B and clear item from input.", "likes_count": 2, "replies_count": 1, "retweets_count": 0, "hashtags": []}
{"id": 1108518090109706240, "date": "2019-03-20", "time": "19:58:02", "tweet": "hei, help me out with tokyo seventh sisters! input NjeQlQY in the referral campaign section!!! thanks a lot ♡ #t7s", "likes_count": 0, "replies_count": 0, "retweets_count": 0, "hashtags": ["t7s"]}
{"id": 1108518073571725313, "date": "2019-03-20", "time": "19:57:58", "tweet": "Back to when I use parsec for gaming in my town, input lag was and still is the biggest issue... Of course, it was cool to game on the office's pc from my house... AS LONG AS IT WAS \"LOCAL\". otherwise, lag was the killer.", "likes_count": 0, "replies_count": 0, "retweets_count": 0, "hashtags": []}
{"id": 1108517999202299904, "date": "2019-03-20", "time": "19:57:40", "tweet": "@realDonaldTrump Scale it to set a factual structure of visual structure to have visual download to step in furthering leverage in the platform of complete exposure,  people take input in differant downloading to have it acceptable of agreement verbal and physical.. complete the structure", "likes_count": 0, "replies_count": 0, "retweets_count": 0, "hashtags": []}
{"id": 1108517992328032256, "date": "2019-03-20", "time": "19:57:39", "tweet": "@blakeshelton #TheVoice   Watch who you pair together. Everyone thinks you have the best team. Tune out Kelly and text Gwen for input. Good luck,  Big Florida fan🌴😁", "likes_count": 0, "replies_count": 0, "retweets_count": 0, "hashtags": ["thevoice"]}
{"id": 1108517984539013120, "date": "2019-03-20", "time": "19:57:37", "tweet": "@richgel999 An MMORPG wouldn't be a bad fit.  Input latency isn't nearly as much of an issue there as with other 3D games.  I suspect EQ, WoW, FFXIV, etc. could all run on fine on it. Imagine the visual fidelity upgrades they could do...", "likes_count": 4, "replies_count": 0, "retweets_count": 0, "hashtags": []}
{"id": 1108517865441947649, "date": "2019-03-20", "time": "19:57:09", "tweet": "I'm hoping for your input...", "likes_count": 1, "replies_count": 0, "retweets_count": 0, "hashtags": []}
{"id": 1108517819052888065, "date": "2019-03-20", "time": "19:56:57", "tweet": "@Artemio @akirareiko pero esta midiendo el Low Punch de cammy, solo apreta un botón. Entiendo que esta el buffer para realizar movimientos como el hadouken y lo que dices de la memoria se ve en el cartucho de SNES del Turbo con 20MB. Pero si el lag no proviene del input jamma entonces del juego.", "likes_count": 0, "replies_count": 3, "retweets_count": 0, "hashtags": []}
{"id": 1108517779710324738, "date": "2019-03-20", "time": "19:56:48", "tweet": "@afferent_input @IChotiner @donnabrazile @JaneMayerNYer It was only useful if printed on toilet paper.", "likes_count": 0, "replies_count": 0, "retweets_count": 0, "hashtags": []}
{"id": 1108517661875552256, "date": "2019-03-20", "time": "19:56:20", "tweet": "My first (second) podcast. First one wasn’t published two weeks ago due to time constraints. Was tired for this one but hopefully my input made sense lol. Thanks @SeattleHoo and Val for carrying the show.", "likes_count": 2, "replies_count": 1, "retweets_count": 0, "hashtags": []}
{"id": 1108517566756970496, "date": "2019-03-20", "time": "19:55:57", "tweet": "@cgarrido Thanks Claire!   We need your input.  #GoBeach", "likes_count": 1, "replies_count": 0, "retweets_count": 0, "hashtags": ["gobeach"]}
{"id": 1108517557915566080, "date": "2019-03-20", "time": "19:55:55", "tweet": "@gameinformer @DOOM Shooter with good amounts of input lag. Hard pass", "likes_count": 0, "replies_count": 0, "retweets_count": 0, "hashtags": []}
