{"id": 1156353586864873473, "date": "2019-07-30", "time": "19:59:13", "tweet": "サルワカさんの記事を参考に、要素の表示・非表示できるようになったのですが…  AMP ページで実装できなくて、いろいろ試行錯誤中です。  AMPページで「input」「label」以下が、表示されない…汗   https://t.co/HlBd0KVXwY", "likes_count": 0, "replies_count": 0, "retweets_count": 0, "hashtags": []}
{"id": 1156353518460125184, "date": "2019-07-30", "time": "19:58:57", "tweet": "@Ilhaaanie fab! thank you for your input 💖", "likes_count": 0, "replies_count": 0, "retweets_count": 0, "hashtags": []}
{"id": 1156353294224232450, "date": "2019-07-30", "time": "19:58:04", "tweet": "@shonuffharlem Hi again! We're always making improvements to our app based on the feedback we receive from our viewers so we certainly appreciate your honest input. You may be interested in joining our Community ( https://t.co/un7K1iFWic) — where you can submit more ideas to help us improve!", "likes_count": 1, "replies_count": 0, "retweets_count": 0, "hashtags": []}
{"id": 1156353203849457664, "date": "2019-07-30", "time": "19:57:42", "tweet": "@hiroga_cc CloudFrontやECSみたいにJSON投入が不可避なサービスもあるので、input-yamlオプションがあればCFnで頑張る理由が無くなる人はたしかに多そうです。 #jawsug", "likes_count": 2, "replies_count": 0, "retweets_count": 0, "hashtags": ["jawsug"]}
{"id": 1156353149055225856, "date": "2019-07-30", "time": "19:57:29", "tweet": "My boss wants to talk to me while I order. He wants to get input on reviews for my dept. 😫 doesnt he know i schedule my ordering on Tuesday’s so I can watch #eotb wth i need to see @Marie_TBD come out of the ocean!", "likes_count": 2, "replies_count": 1, "retweets_count": 0, "hashtags": ["eotb"]}
{"id": 1156353127123050496, "date": "2019-07-30", "time": "19:57:24", "tweet": "wow I can really use the output into basically my base image painting for environment concept art. Basically the left one is the input and the right one is the output. #SIGGRAPH2019, #GauGAN @NVIDIADesign  https://t.co/LuWaaqkrRC", "likes_count": 1, "replies_count": 0, "retweets_count": 1, "hashtags": ["siggraph2019", "gaugan"]}
{"id": 1156353016225837057, "date": "2019-07-30", "time": "19:56:57", "tweet": "@EricCross04 Yeah I keep going back and forth. Thanks for the input.", "likes_count": 1, "replies_count": 0, "retweets_count": 0, "hashtags": []}
{"id": 1156352896549543937, "date": "2019-07-30", "time": "19:56:29", "tweet": "Additionally, if you have quicksilver on in the settings, this configuration of macros means that you can use all styles normally, and you will only get quicksilver if you input royal guard twice (like dark slayer style in DMC 4 but only on royal guard.) Doppelganger is L3 + R3.", "likes_count": 1, "replies_count": 0, "retweets_count": 0, "hashtags": []}
{"id": 1156352842707324928, "date": "2019-07-30", "time": "19:56:16", "tweet": "Donald Trump's 'America First' Speech Got UAE, Saudi Arabia Input  https://t.co/7ylsDCa2RH", "likes_count": 0, "replies_count": 0, "retweets_count": 0, "hashtags": []}
{"id": 1156352728664281089, "date": "2019-07-30", "time": "19:55:49", "tweet": "Here are some of the next steps: receive community input between now and Aug. 20. Then based on the feedback, a report will be sent to the three ward councillors in September 2019. Mattamy then plans to file Phase 16  with the city on or after Sept. 16. #ottnews", "likes_count": 0, "replies_count": 0, "retweets_count": 0, "hashtags": ["ottnews"]}
{"id": 1156352578910920705, "date": "2019-07-30", "time": "19:55:13", "tweet": "@sisterevil @itsbeeslife Yes I am. Maybe she will see the tweet and add some input. 💕thank you! @itsbeeslife I have questions! 😊", "likes_count": 0, "replies_count": 1, "retweets_count": 0, "hashtags": []}
{"id": 1156352569209311232, "date": "2019-07-30", "time": "19:55:11", "tweet": "I also use the styleswitcher cancel feature set to RG, then I have a DS4windows profile that taps RG before any style input, essentially making all styles have the cancel feature, allowing you to make any move cancellable on style input.  https://t.co/UqkaEdpSZs", "likes_count": 3, "replies_count": 1, "retweets_count": 0, "hashtags": []}
{"id": 1156352566638366720, "date": "2019-07-30", "time": "19:55:10", "tweet": "@mfeathers ...the input code against all the items until it matches, at which point the code save the fullname in the result...  ...and keeps searching. It checks every input against the entire couple-hundred item list, every time.🙇  (No, timing attacks are not a concern.)", "likes_count": 2, "replies_count": 0, "retweets_count": 0, "hashtags": []}
{"id": 1156352536976117761, "date": "2019-07-30", "time": "19:55:03", "tweet": "@hal555 @Norizgroove 背景がどんどんリッチになってく奴！！僕も大好きです❤️", "likes_count": 0, "replies_count": 0, "retweets_count": 0, "hashtags": []}
{"id": 1156352505749467136, "date": "2019-07-30", "time": "19:54:56", "tweet": "Dear @AskFrontier internet has been down since 9AM in Temecula, CA. Your online Input phone number is useless and hold times are over an hour. You guys go out of business?", "likes_count": 1, "replies_count": 3, "retweets_count": 0, "hashtags": []}
{"id": 1156352401592528902, "date": "2019-07-30", "time": "19:54:31", "tweet": "You spoke. We listened.  Thank you Knox Co. Chamber for your input on #PortraitofaGraduate  This school year teachers, leaders, and you - the community - will be engaged in discussion and implementation as we prepare the future workforce!  Thanks @BereaPartners for facilitating!  https://t.co/SWTfxSjKKU", "likes_count": 2, "replies_count": 0, "retweets_count": 1, "hashtags": ["portraitofagraduate"]}
{"id": 1156352368465739777, "date": "2019-07-30", "time": "19:54:23", "tweet": "Siera’s input on my car shopping has me dying 😂  https://t.co/w8aXapVQKN", "likes_count": 1, "replies_count": 0, "retweets_count": 1, "hashtags": []}
{"id": 1156352343048220672, "date": "2019-07-30", "time": "19:54:17", "tweet": "@InPut_Bancho @Norizgroove 僕はこのシリーズが好き  https://t.co/EWU3d0y5Gl", "likes_count": 2, "replies_count": 1, "retweets_count": 1, "hashtags": []}
{"id": 1156352174940729344, "date": "2019-07-30", "time": "19:53:37", "tweet": "@VPP__ hi I was told you did stuff for gamepad displayers/input and was wondering how much it costs?", "likes_count": 0, "replies_count": 0, "retweets_count": 0, "hashtags": []}
{"id": 1156352147551850502, "date": "2019-07-30", "time": "19:53:30", "tweet": "I don’t like putting my input on these types of stuff but cmon now like I don’t have a heart and I see something wrong with this smh 🤦🏾‍♂️ this is so sad", "likes_count": 0, "replies_count": 0, "retweets_count": 0, "hashtags": []}
