{"id": 1141133404148121600, "date": "2019-06-18", "time": "19:59:39", "tweet": "@budihidayat20 Terlalu banyak salah input..  Jan ditiru pak @budihidayat20 beko malam2 salah input kamar pulo, ta input ka kamar mintuo pulo 🤣🤣", "likes_count": 0, "replies_count": 1, "retweets_count": 0, "hashtags": []}
{"id": 1141133361764691968, "date": "2019-06-18", "time": "19:59:29", "tweet": "Mau tanya pak @KPK_RI kalo ada seorang pejabat koruptor harta pribadinya mencurigakan, lalu pakai alasan salah input juga bisa aman ya ? @PDI_Perjuangan @KPU_ID @bawaslu_RI @KejaksaanRI @Yusrilihza_Mhd @mohmahfudmd  https://t.co/ArEq48vQOi", "likes_count": 0, "replies_count": 0, "retweets_count": 0, "hashtags": []}
{"id": 1141133289643622401, "date": "2019-06-18", "time": "19:59:12", "tweet": "@TemennyaAzazil Tangio mas, krs mu durung ke input", "likes_count": 0, "replies_count": 1, "retweets_count": 0, "hashtags": []}
{"id": 1141133275999563777, "date": "2019-06-18", "time": "19:59:08", "tweet": "Lagi dan lagi. \"SALAH INPUT\" kalau salah input dijadikan dalih kelar sudah negeri ini.", "likes_count": 0, "replies_count": 0, "retweets_count": 0, "hashtags": []}
{"id": 1141133259457175648, "date": "2019-06-18", "time": "19:59:04", "tweet": "salah input sdh tdk bisa dimaafkan... pidana #KeutuhanRI_DitanganMK #KeutuhanRI_DitanganMK", "likes_count": 0, "replies_count": 0, "retweets_count": 0, "hashtags": ["keutuhanri_ditanganmk", "keutuhanri_ditanganmk"]}
{"id": 1141133214691426306, "date": "2019-06-18", "time": "19:58:54", "tweet": "@RyanLeVier @teddybearisms @PlanetDann Your input is always welcome. 😂", "likes_count": 1, "replies_count": 0, "retweets_count": 0, "hashtags": []}
{"id": 1141133202070941698, "date": "2019-06-18", "time": "19:58:51", "tweet": "thanks for your input ralph", "likes_count": 3, "replies_count": 1, "retweets_count": 0, "hashtags": []}
{"id": 1141133193870864384, "date": "2019-06-18", "time": "19:58:49", "tweet": "KOPLAK..!! Soal Dana Kampanye 19 M, Kuasa Hukum Jokowi: Tidak Ada Dana Fiktif, Hanya Salah Input  https://t.co/yZAJ9NOgdU", "likes_count": 0, "replies_count": 0, "retweets_count": 0, "hashtags": []}
{"id": 1141133137700892672, "date": "2019-06-18", "time": "19:58:35", "tweet": "@gimmesomeloki @KojoNyameama @againstsodomy @NoScienceDenial @PolyRhuagh @AnthonyT2_Mufc @AprilLigeia @rjmx @TerryExSci @IngridIngwah @TheGod_Particle @A_3rdWay @artisticdream79 @imkimaaron @Schmoop0521 @ThinkyTexan @mirandadied4u @nico_manocchio @WWorld74 @michellmybell1 @StandBackUp2 @jools6691 @Catheri77148739 @DaviesHyland @KerridwinR @CAnimatus @TanaSWilliams4 @Mwforhr @NierAdam1 @JulieAMcLean @Unlockthedoor77 @TJMair @ThelastDragan_3 @deepinsights19 @RockyMonotheist @BlackPanther963 @GlennB10809975 @Glynda89568307 @Dylon59556561 @TiSeven2 @RTheatheist @mostly_monkey @Megavolt1 @debbiepalm44 @djangounchaine8 @PanicClown Me too. And I’ve had discussions with other atheists where they’ve changed their mind about something and appreciated my input.", "likes_count": 1, "replies_count": 0, "retweets_count": 0, "hashtags": []}
{"id": 1141133057811816448, "date": "2019-06-18", "time": "19:58:16", "tweet": "@CoryBMorgan The only First Nations that should have any input into this additional line are those bordering it.  I believe it's 100% of them that support it....who cares what some distant member wants to pretend could happen?", "likes_count": 3, "replies_count": 0, "retweets_count": 0, "hashtags": []}
{"id": 1141132858129604609, "date": "2019-06-18", "time": "19:57:29", "tweet": "@TomTorreD20 Least it said LIFE &amp; not a terrible auto input of Wife 😂😂😂", "likes_count": 2, "replies_count": 1, "retweets_count": 0, "hashtags": []}
{"id": 1141132840639193089, "date": "2019-06-18", "time": "19:57:25", "tweet": "@Bow_Chrome And I thank you for your well reasoned input. Lovely to hear from you.", "likes_count": 0, "replies_count": 1, "retweets_count": 0, "hashtags": []}
{"id": 1141132825875193856, "date": "2019-06-18", "time": "19:57:21", "tweet": "@FullTimeFluency @KevinAbroad1 @skrashen @Olly_IWTYAL and (4.) that the language acquisition process is based on comprehensible input and interest in the subject matter in the foreign language, and that doesn't change based on other factors that enter in. Krashen isn't necessarily right, but he follows L1/L2 research closely.", "likes_count": 1, "replies_count": 1, "retweets_count": 0, "hashtags": []}
{"id": 1141132815142203394, "date": "2019-06-18", "time": "19:57:19", "tweet": " https://t.co/g1CSeueWaK  https://t.co/6eYJnqNoDw Everything else requires kernel features we've always disabled, and/or local user access. Except for CVE-2019-11479. For that one, `iptables -I INPUT -p tcp --tcp-flags SYN SYN -m tcpmss --mss 1:500 -j DROP`", "likes_count": 5, "replies_count": 0, "retweets_count": 2, "hashtags": []}
{"id": 1141132794870976512, "date": "2019-06-18", "time": "19:57:14", "tweet": "@Dahnilanzar Gua jadi heran apakah orang yg salah input ini kerja di TKN dan juga di KPU?", "likes_count": 0, "replies_count": 0, "retweets_count": 0, "hashtags": []}
{"id": 1141132792622981121, "date": "2019-06-18", "time": "19:57:13", "tweet": "@familyunequal @realDonaldTrump Says the one who's Scared,ignorant,hateful,and heartless. Thanks for your input guy with Blue check!", "likes_count": 0, "replies_count": 0, "retweets_count": 0, "hashtags": []}
{"id": 1141132758015565824, "date": "2019-06-18", "time": "19:57:05", "tweet": "@LucidSoundAudio what if your headset is broken and your input invert's the directional audio", "likes_count": 0, "replies_count": 0, "retweets_count": 0, "hashtags": []}
{"id": 1141132744136843266, "date": "2019-06-18", "time": "19:57:02", "tweet": "@schuelkecorn Throw a generic insecticide in with your fungicide pass. Still has potential for much lower input $ than traited if managed correctly. Looking at those options here also.", "likes_count": 0, "replies_count": 0, "retweets_count": 0, "hashtags": []}
{"id": 1141132742677032960, "date": "2019-06-18", "time": "19:57:01", "tweet": "@mohmahfudmd Jika salah input dijadikan dalil unt membenarkan kesalahan jgn kaget suatu saat ada anak sekolah memprotes gurunya yg menyalahkan pilihan jawabannya dgn alasan salah input.", "likes_count": 0, "replies_count": 0, "retweets_count": 0, "hashtags": []}
{"id": 1141132700025335809, "date": "2019-06-18", "time": "19:56:51", "tweet": "So many great things happening at our PreK/K Summer School. I 💕 seeing our kiddos engaged and enjoying learning! Spotted some GLAD chants and pictorial input charts. #MISDexcELLs #mymisd @Bilingual_ESL  https://t.co/dLxBlZYp0W", "likes_count": 6, "replies_count": 0, "retweets_count": 0, "hashtags": ["misdexcells", "mymisd"]}
{"id": 1141132642298896384, "date": "2019-06-18", "time": "19:56:37", "tweet": "ooo salah input....heehee #MK_SelamatkanRakyatDariPenjajahan #MK_SelamatkanRakyatDariPenjajahan", "likes_count": 0, "replies_count": 0, "retweets_count": 0, "hashtags": ["mk_selamatkanrakyatdaripenjajahan", "mk_selamatkanrakyatdaripenjajahan"]}
{"id": 1141132636624080896, "date": "2019-06-18", "time": "19:56:36", "tweet": "@ustadtengkuzul Gua jadi heran apakah orang yg salah input ini kerja di TKN dan juga di KPU?", "likes_count": 1, "replies_count": 0, "retweets_count": 0, "hashtags": []}
{"id": 1141132524426584066, "date": "2019-06-18", "time": "19:56:09", "tweet": "@jamesdalby @Undoomed Not saying it failed cause of that just saying her input wouldn't help a failing game and a good looking game doesnt need it at all", "likes_count": 0, "replies_count": 0, "retweets_count": 0, "hashtags": []}
{"id": 1141132465664188419, "date": "2019-06-18", "time": "19:55:55", "tweet": "Mungkin kemenangannya juga salah input tuh", "likes_count": 0, "replies_count": 0, "retweets_count": 0, "hashtags": []}
{"id": 1141132438103457792, "date": "2019-06-18", "time": "19:55:49", "tweet": "SALAH INPUT", "likes_count": 0, "replies_count": 0, "retweets_count": 0, "hashtags": []}
{"id": 1141132425042358273, "date": "2019-06-18", "time": "19:55:46", "tweet": "@HBJohnXuandou yeah just hit the reduce input latency button", "likes_count": 5, "replies_count": 1, "retweets_count": 1, "hashtags": []}
{"id": 1141132424618754048, "date": "2019-06-18", "time": "19:55:45", "tweet": "salah input = salah menang  sekali berbohong, maka akan diikuti dengan kebohongan2 berikutnya", "likes_count": 0, "replies_count": 0, "retweets_count": 0, "hashtags": []}
{"id": 1141132286575824896, "date": "2019-06-18", "time": "19:55:12", "tweet": "Word? Reduce input latency? It's like that?  https://t.co/masld3UB6D", "likes_count": 17, "replies_count": 4, "retweets_count": 1, "hashtags": []}
{"id": 1141132283606253570, "date": "2019-06-18", "time": "19:55:12", "tweet": "@Dahnilanzar @prabowo juga salah input, anaknya kayak sekarang deh... #yukcyinn", "likes_count": 0, "replies_count": 0, "retweets_count": 0, "hashtags": ["yukcyinn"]}
{"id": 1141132209782325248, "date": "2019-06-18", "time": "19:54:54", "tweet": "NEGARA KAYA, LISTRIK NAIK! MUDAH MUDAHAN SALAH INPUT.😁😁🤓😂😎  https://t.co/3t8eFAYD1c", "likes_count": 1, "replies_count": 1, "retweets_count": 1, "hashtags": []}
{"id": 1141132178832543744, "date": "2019-06-18", "time": "19:54:47", "tweet": "Kampanye Itu Penting  Sekali.  Bagaimana Jika Sudah Berkuasa? Bagaimana Bisa Dipercaya Mengelola Duit Negara Ribuan Triyun? Bisa Bisa SALAH INPUT Juga Nanti... Hehehe... (2/2)", "likes_count": 0, "replies_count": 0, "retweets_count": 0, "hashtags": []}
{"id": 1141132051875110912, "date": "2019-06-18", "time": "19:54:17", "tweet": "@Dahnilanzar Salah input data......rupanya kalkulatornya made in KPU... Sama' salah input data.....🤣🤣🤣🤣", "likes_count": 0, "replies_count": 0, "retweets_count": 0, "hashtags": []}
{"id": 1141132008841551872, "date": "2019-06-18", "time": "19:54:06", "tweet": "@rmol_id Kalo rakyat salah 1 huruf aja di perbankan ngak bisa diterima,  lah ini 19.5 M salah input kok lancar2 baeee....?", "likes_count": 0, "replies_count": 0, "retweets_count": 0, "hashtags": []}
{"id": 1141131962888753154, "date": "2019-06-18", "time": "19:53:55", "tweet": "Jangan salahkan anak kalo ga lulus ujian, mungkin dia cuma SALAH INPUT...", "likes_count": 0, "replies_count": 0, "retweets_count": 0, "hashtags": []}
{"id": 1141131940378005504, "date": "2019-06-18", "time": "19:53:50", "tweet": "@OPSkins They didnt even send code on the number we input. lol.", "likes_count": 0, "replies_count": 0, "retweets_count": 0, "hashtags": []}
{"id": 1141131866759548928, "date": "2019-06-18", "time": "19:53:32", "tweet": "Alasan salah Input data tujuannya adalah utk Membodohi tp yg klhtn malah Kebodohan yg terstruktur, sistematis dan masif.", "likes_count": 10, "replies_count": 0, "retweets_count": 3, "hashtags": []}
{"id": 1141131770953392130, "date": "2019-06-18", "time": "19:53:10", "tweet": "I maaaaaaaay have had a little input on the latest from @obvious_shirts.   Get it here:  https://t.co/TlvZv1Eeim  https://t.co/1exYs2KCbq", "likes_count": 101, "replies_count": 3, "retweets_count": 9, "hashtags": []}
{"id": 1141131750187270150, "date": "2019-06-18", "time": "19:53:05", "tweet": "@renggasanti Wkwkwk salah input alamat makanya gk nyampe2 rumah mbak eheeyy 😂😂😂😭😭😭😭😭😭😭😭😭😭", "likes_count": 0, "replies_count": 1, "retweets_count": 0, "hashtags": []}
{"id": 1141131661997854720, "date": "2019-06-18", "time": "19:52:44", "tweet": "@jstephens2482 @rudyglove27 You’re entitled to your opinion, it was worth it to him to offer $15 and i had no problem going down 20.. thanks for your input tho 👍", "likes_count": 0, "replies_count": 0, "retweets_count": 0, "hashtags": []}
{"id": 1141131501192527873, "date": "2019-06-18", "time": "19:52:05", "tweet": "@shiralazar @WhatsTrending Lack of input processing", "likes_count": 0, "replies_count": 0, "retweets_count": 0, "hashtags": []}
{"id": 1141131489414909953, "date": "2019-06-18", "time": "19:52:02", "tweet": "\"You can't build something without the input of your community. The more perspectives you have, the better the program will become. You walk in the door at WCH and you see representation.\" - Kiera Howe  https://t.co/8r2ObhWDTk", "likes_count": 0, "replies_count": 0, "retweets_count": 1, "hashtags": []}
{"id": 1141131473384120321, "date": "2019-06-18", "time": "19:51:59", "tweet": "@sootyjaredo @sapphic_kitty @Sapphic_Menace Yes, she is currently in therapy. It’s not that I disagree, but that I believe she has been misled to think it’s all “better” on the other side of transition. When it isn’t. I appreciate your input and wish you the best with your life. None of this is easy.", "likes_count": 0, "replies_count": 1, "retweets_count": 0, "hashtags": []}
{"id": 1141131432569593860, "date": "2019-06-18", "time": "19:51:49", "tweet": "@TheCryptoLark @cz_binance Also don’t forget to input your opinion   https://t.co/5SFxEEjQh7", "likes_count": 1, "replies_count": 0, "retweets_count": 0, "hashtags": []}
{"id": 1141131387900219393, "date": "2019-06-18", "time": "19:51:38", "tweet": "@TheStalwart Already?  It’s almost as if the tariffs dont work if your labor and input costs are higher than the competitions and you need a certain price level to be profitable.    Oh well, management got paid I’m sure.", "likes_count": 0, "replies_count": 1, "retweets_count": 0, "hashtags": []}
{"id": 1141131363027865600, "date": "2019-06-18", "time": "19:51:32", "tweet": "@Dahnilanzar Ternyata yg salah input bkn angkanya..tapi otaknya 😆😆😆", "likes_count": 0, "replies_count": 0, "retweets_count": 1, "hashtags": []}
{"id": 1141131349354582017, "date": "2019-06-18", "time": "19:51:29", "tweet": "Whenever you design anything you need to get the input of the person using it. Whether it’s a software or a surgical program. You walk in the door here [@wchospital] and you see representation. You’re safe here. - Kiera Howe, WCH community member and patient advisor", "likes_count": 9, "replies_count": 0, "retweets_count": 3, "hashtags": []}
{"id": 1141131161231486976, "date": "2019-06-18", "time": "19:50:44", "tweet": "@imasrini02 Padahal kan bisa foto si kerudungnya aja, g usah selfie pas dia pake. Yg lebih ga paham lagi, ada yg input foto wajah petugas deliverynya 🤣🤣🤣  https://t.co/N6KxxmlssP", "likes_count": 0, "replies_count": 0, "retweets_count": 0, "hashtags": []}
{"id": 1141131104843378689, "date": "2019-06-18", "time": "19:50:31", "tweet": "@Saburgs No prob.   Thanks for your input!!", "likes_count": 0, "replies_count": 0, "retweets_count": 0, "hashtags": []}
{"id": 1141131082089320451, "date": "2019-06-18", "time": "19:50:25", "tweet": "Need some fitter input - what do you charge for an iron fitting for someone who is upfront about taking the data and buying used or off eBay?", "likes_count": 1, "replies_count": 6, "retweets_count": 0, "hashtags": []}
{"id": 1141131068663144448, "date": "2019-06-18", "time": "19:50:22", "tweet": "Mana ada salah input..itu aneh namanya", "likes_count": 0, "replies_count": 0, "retweets_count": 0, "hashtags": []}
{"id": 1141131060387799040, "date": "2019-06-18", "time": "19:50:20", "tweet": "Waktu adalah modalmu yang paling berharga. aMasa depanmu tergantung pada dimana kamu meng-INVESTASIKAN-kan waktumu. Spend your time for sosmed, sleep, work, study or growing your skill. jangan sampai SALAH INPUT spending time. Umur tidak pernah berjalan mundur. Selamat pagi.....", "likes_count": 0, "replies_count": 0, "retweets_count": 0, "hashtags": []}
{"id": 1141131041278578688, "date": "2019-06-18", "time": "19:50:16", "tweet": "@Dahnilanzar Alasan paling bodat, 'Salah Input'... Dikira ini lawak2,", "likes_count": 0, "replies_count": 0, "retweets_count": 0, "hashtags": []}
{"id": 1141130896524943361, "date": "2019-06-18", "time": "19:49:41", "tweet": "@Lowes Why ask for me to input my phone number to accelerate returns and then when I want to return something, my phone number doesn’t appear? Now I have to go home to dig through receipts for a measly $10+change. NO I DON’T WANT A GIFT CARD!", "likes_count": 0, "replies_count": 2, "retweets_count": 0, "hashtags": []}
{"id": 1141130894125780992, "date": "2019-06-18", "time": "19:49:41", "tweet": "@2KSupport Got an error code putting in the code and now it won't let me input again. Please fix", "likes_count": 0, "replies_count": 1, "retweets_count": 0, "hashtags": []}
{"id": 1141130842825084929, "date": "2019-06-18", "time": "19:49:28", "tweet": "@JeffreyLeonards @EmmaVigeland Thanks, Jeff. I appreciate your input.", "likes_count": 1, "replies_count": 0, "retweets_count": 0, "hashtags": []}
{"id": 1141130815251898378, "date": "2019-06-18", "time": "19:49:22", "tweet": "@couillardf Algorithms are only as good as data input &amp; professionals who make use of the output. As @DrGeoffCurrie says - AI can augment our practice through decision support &amp; novel insights from obscure patterns, &amp;  may require us 2 change how we practice, but no driverless healthcare.", "likes_count": 4, "replies_count": 0, "retweets_count": 3, "hashtags": []}
{"id": 1141130806380728320, "date": "2019-06-18", "time": "19:49:20", "tweet": "@UtuhWibowo @sosmedbw @andre_rosiade @Dahnilanzar @msaid_didu Jangan remehkan salah input data, 19,5m hilang angka 1 saja= hilang 10 milyar", "likes_count": 0, "replies_count": 0, "retweets_count": 0, "hashtags": []}
{"id": 1141130788097757185, "date": "2019-06-18", "time": "19:49:15", "tweet": "Forgot to mention @bmooreintheloop for your input.  The fishbone went so smoothly thanks in large part to you.", "likes_count": 6, "replies_count": 1, "retweets_count": 1, "hashtags": []}
{"id": 1141130783521771522, "date": "2019-06-18", "time": "19:49:14", "tweet": "おはようございます。  input update output  https://t.co/LUDl4aMSf4", "likes_count": 2, "replies_count": 0, "retweets_count": 0, "hashtags": []}
{"id": 1141130710884839424, "date": "2019-06-18", "time": "19:48:57", "tweet": "Serba salah input", "likes_count": 0, "replies_count": 0, "retweets_count": 0, "hashtags": []}
{"id": 1141130613669261312, "date": "2019-06-18", "time": "19:48:34", "tweet": "@ShopeeCare nomor pesanan 19061601125USB9 kok blm di konfirmasi jg ya resinya? Saya sdh input resi dr kemarin", "likes_count": 0, "replies_count": 1, "retweets_count": 0, "hashtags": []}
{"id": 1141130430906654720, "date": "2019-06-18", "time": "19:47:50", "tweet": "@Zulkifllubis71 Ko salah.  Hasil suara juga salah input, Ki bisa salah semua", "likes_count": 0, "replies_count": 0, "retweets_count": 0, "hashtags": []}
{"id": 1141130316662358016, "date": "2019-06-18", "time": "19:47:23", "tweet": "@speshulted @Viking_Sec Thanks for the input. Tons of cool laptops on the market so I appreciate personal insights", "likes_count": 0, "replies_count": 1, "retweets_count": 0, "hashtags": []}
{"id": 1141130293996380161, "date": "2019-06-18", "time": "19:47:17", "tweet": "@Liz_Cheney @AOC @Liz_Cheney pls no need for your input at that this time! Thxs", "likes_count": 1, "replies_count": 0, "retweets_count": 0, "hashtags": []}
{"id": 1141130236094009346, "date": "2019-06-18", "time": "19:47:04", "tweet": "friends, since we are really, honestly about to reach Knights of the Old Republic and its sequel, The Sith Lords, we want to know what you want us to cover outside the main story? we would love to have your input about why these games are so beloved, favorite missions, etc", "likes_count": 18, "replies_count": 12, "retweets_count": 2, "hashtags": []}
{"id": 1141130230079217669, "date": "2019-06-18", "time": "19:47:02", "tweet": "Bagus juga kalo pas gajian terjadi SALAH INPUT gaji. Dari 3 juta menjadi 300 juta", "likes_count": 1, "replies_count": 0, "retweets_count": 0, "hashtags": []}
{"id": 1141130193462935552, "date": "2019-06-18", "time": "19:46:53", "tweet": "@BangPino__ @TeddyJatiArrum2 Intinya sebenarnya TDK pernah ada kecurangan ..yang ada cuma salah data input aja ...🤭😀🙏👆👉", "likes_count": 3, "replies_count": 0, "retweets_count": 0, "hashtags": []}
{"id": 1141130180636753920, "date": "2019-06-18", "time": "19:46:50", "tweet": "Hikayat negeri salah input yang dilematis.", "likes_count": 1, "replies_count": 0, "retweets_count": 0, "hashtags": []}
{"id": 1141130179064074241, "date": "2019-06-18", "time": "19:46:50", "tweet": "@DexitStop But how do you know they don’t belong?? Do you have ANY actual information about the region itself or the Pokémon that should be input throughout it? Or are you just basing your information off what YOUR perfect Pokémon game is?", "likes_count": 0, "replies_count": 1, "retweets_count": 0, "hashtags": []}
{"id": 1141130177012883456, "date": "2019-06-18", "time": "19:46:50", "tweet": "@jvdas_iskariot Yg doyan nonton salah input ketawanya bahagia banget 😂", "likes_count": 0, "replies_count": 0, "retweets_count": 0, "hashtags": []}
{"id": 1141129971634622464, "date": "2019-06-18", "time": "19:46:01", "tweet": "@educationfess sesuai yang kamu input di awal", "likes_count": 0, "replies_count": 0, "retweets_count": 0, "hashtags": []}
{"id": 1141129884342747137, "date": "2019-06-18", "time": "19:45:40", "tweet": "@MSApunya Salah input 19,5 M,coba masuk rekening gue....", "likes_count": 1, "replies_count": 0, "retweets_count": 0, "hashtags": []}
{"id": 1141129825995952130, "date": "2019-06-18", "time": "19:45:26", "tweet": "@lilshitcoin @BunchuBets @NickMurphy197 @BeaxyExchange @cz_binance Ha ha.. agree..no research.. as  there is no big history for this project/exchange team is yet to gain trust among mass users  exchange token @BeaxyExchange is yet to prove its worth  so as such a long way to go.. and price point looks way overbought..Share if you have any input", "likes_count": 0, "replies_count": 0, "retweets_count": 0, "hashtags": []}
{"id": 1141129816504074240, "date": "2019-06-18", "time": "19:45:24", "tweet": "@DrPieterPeach @NoobieMatt @aldondelport @peppermp any input?", "likes_count": 1, "replies_count": 1, "retweets_count": 0, "hashtags": []}
{"id": 1141129797977948160, "date": "2019-06-18", "time": "19:45:19", "tweet": "How bad is crime in Rockford? Local leaders want your input on survey  https://t.co/xpwb481FvV", "likes_count": 0, "replies_count": 0, "retweets_count": 0, "hashtags": []}
{"id": 1141129790612578305, "date": "2019-06-18", "time": "19:45:17", "tweet": "@RightsRideshare @rkgwork @ssmith_calabor Cool, thanks for your input", "likes_count": 0, "replies_count": 0, "retweets_count": 0, "hashtags": []}
{"id": 1141129785994706944, "date": "2019-06-18", "time": "19:45:16", "tweet": "Itu sdh ada warning akan di utak atik laporan dana kampanye nya. Kan yg buat kantor akuntan publik, kemudian hasilnya diserahkan ke kpu. Yg tadinya atas nama Capres 01, krn salah input bisa di ubah jd sumbangan TKN atau atas nama org lain. Kalau bisa tim BPN segera cari hsl audit", "likes_count": 0, "replies_count": 0, "retweets_count": 0, "hashtags": []}
{"id": 1141129668986200065, "date": "2019-06-18", "time": "19:44:48", "tweet": "@ustadtengkuzul @hnurwahid Jangan² suara di pasangan 01 juga salah input.", "likes_count": 0, "replies_count": 0, "retweets_count": 0, "hashtags": []}
{"id": 1141129646617972736, "date": "2019-06-18", "time": "19:44:43", "tweet": "Semoga hutang negara yang ada saat ini adalah salah input...Aamiin.", "likes_count": 0, "replies_count": 0, "retweets_count": 0, "hashtags": []}
{"id": 1141129604435828737, "date": "2019-06-18", "time": "19:44:33", "tweet": "@teguhsunaryonew @AT_AbdillahToha @Dahnilanzar @prabowo @sandiuno @ReflyHZ @AdhieMassardi @AmienRais_ Yg salah input itu @KPU_ID bukan capres!!", "likes_count": 2, "replies_count": 1, "retweets_count": 0, "hashtags": []}
{"id": 1141129566951358464, "date": "2019-06-18", "time": "19:44:24", "tweet": "@rmol_id Alasan dari Dulu kok SALAH INPUT, begitu juga kpu,, wkwwkkw", "likes_count": 0, "replies_count": 0, "retweets_count": 0, "hashtags": []}
{"id": 1141129531350298624, "date": "2019-06-18", "time": "19:44:16", "tweet": "@_Ryan_Smyth_ @janephilpott Long term grid outage at the wrong time of the year is a disaster for household resilience. That's why we have a 2.8 kW generator and a house mounted external input port on our Xantrex 4048 inverter. The gen is a trifuel generator; natural gas, propane and petrol are fuels.", "likes_count": 0, "replies_count": 0, "retweets_count": 0, "hashtags": []}
{"id": 1141129519874490368, "date": "2019-06-18", "time": "19:44:13", "tweet": "@Ishikawa_Sachi Ah input, thank you.", "likes_count": 1, "replies_count": 0, "retweets_count": 0, "hashtags": []}
{"id": 1141129494859636736, "date": "2019-06-18", "time": "19:44:07", "tweet": " https://t.co/8aGN1Vaf75", "likes_count": 0, "replies_count": 1, "retweets_count": 0, "hashtags": []}
{"id": 1141129364333105152, "date": "2019-06-18", "time": "19:43:36", "tweet": "The Extra Costs of Living on the Waterfront  https://t.co/KMfD3C8jrB thank you @ShivaniVora for featuring my input! 🛥 🌊 🏠", "likes_count": 2, "replies_count": 0, "retweets_count": 0, "hashtags": []}
{"id": 1141129344238022657, "date": "2019-06-18", "time": "19:43:31", "tweet": "@ustadtengkuzul @hnurwahid Huahaha... ada satu kolam yg bernama \"salah input\". Ternyata yg nyemplung ke situ makin bertambah..", "likes_count": 0, "replies_count": 0, "retweets_count": 0, "hashtags": []}
{"id": 1141129274293927937, "date": "2019-06-18", "time": "19:43:14", "tweet": "Calgary seeks public input on residential street parking changes  https://t.co/DZZK7B1cmq", "likes_count": 0, "replies_count": 0, "retweets_count": 0, "hashtags": []}
{"id": 1141129196292362240, "date": "2019-06-18", "time": "19:42:56", "tweet": "@UyokR3born Hahahahaha masih aja salah input, jangan2 situng juga salah tuh inputnya", "likes_count": 0, "replies_count": 0, "retweets_count": 0, "hashtags": []}
{"id": 1141129182610673666, "date": "2019-06-18", "time": "19:42:52", "tweet": "@JerryDunleavy @AOC Thanks for your input on proper camp terminology, Mr. Guantanamo Bay Selfie.", "likes_count": 1, "replies_count": 0, "retweets_count": 0, "hashtags": []}
{"id": 1141129140264828929, "date": "2019-06-18", "time": "19:42:42", "tweet": "@avimitrani Absolutely.  BoTorch works with any input tensor, and you can code up any custom model/acquisition function/acquisition function optimizer for that. Whether or not there is an out-of-the-box solution for your problem is a different question. I can answer in more detail on Github.", "likes_count": 0, "replies_count": 0, "retweets_count": 0, "hashtags": []}
{"id": 1141129096530989056, "date": "2019-06-18", "time": "19:42:32", "tweet": "@bocchibelle thanks for the input :)", "likes_count": 1, "replies_count": 0, "retweets_count": 0, "hashtags": []}
{"id": 1141129029786804224, "date": "2019-06-18", "time": "19:42:16", "tweet": "Bamgun tidur liat trending diawali dengan siskaeee dan salah input. Gue mulai bertanya sebenernya mereka itu mahkluk dari planet mana ya ?  #siskaeee #salahinput", "likes_count": 0, "replies_count": 0, "retweets_count": 0, "hashtags": ["siskaeee", "salahinput"]}
{"id": 1141128979216306176, "date": "2019-06-18", "time": "19:42:04", "tweet": "I was trying to change pixel size to 1600 and accidentally input 16007 and now my computer is freaking out sigh", "likes_count": 0, "replies_count": 0, "retweets_count": 0, "hashtags": []}
{"id": 1141128825838768128, "date": "2019-06-18", "time": "19:41:27", "tweet": "@benyoung171 @GlobalEcoGuy Our economics is screwed up by cheap fossil fuel and cheap fertilizer, doesn't include externalities.  How do you measure yield? How about energy input vs output? Corn is barely profitable in this sense. Solar PV has like 100x higher energy yield per acre.  https://t.co/G8ByaCljM5", "likes_count": 1, "replies_count": 3, "retweets_count": 1, "hashtags": []}
{"id": 1141128752937615362, "date": "2019-06-18", "time": "19:41:10", "tweet": "7. #7daysofmylife in #blackandwhite @bwphotosofmyli1 I was challenged to post one BW pic of my life for 7days by @ZFXtrading  No humans no explanations no input of emotions and to challenge one person each day  That is the rules  Today I challenge @SetagayaGirl  Use above tags  https://t.co/zGYKDOwAfi", "likes_count": 7, "replies_count": 1, "retweets_count": 1, "hashtags": ["7daysofmylife", "blackandwhite"]}
{"id": 1141128691839315969, "date": "2019-06-18", "time": "19:40:55", "tweet": "We need more black women in corporate spaces, our input is so important!", "likes_count": 0, "replies_count": 0, "retweets_count": 1, "hashtags": []}
{"id": 1141128625221251073, "date": "2019-06-18", "time": "19:40:40", "tweet": "@oddjjongs @bumkeysgucci @kkrystalmarie I’m curious as to your thirst input 🧐😂😂😂", "likes_count": 0, "replies_count": 0, "retweets_count": 0, "hashtags": []}
{"id": 1141128624969379846, "date": "2019-06-18", "time": "19:40:39", "tweet": "@actuallyangelaa I have no idea how I missed your response, but I love your input on this! Thank you!", "likes_count": 1, "replies_count": 0, "retweets_count": 0, "hashtags": []}
{"id": 1141128503435284481, "date": "2019-06-18", "time": "19:40:11", "tweet": "@ashwatlathifa Dari salah input sumbangan sampai salah input hasil pilpres. How amazingly this nation", "likes_count": 0, "replies_count": 0, "retweets_count": 0, "hashtags": []}
{"id": 1141128500662829056, "date": "2019-06-18", "time": "19:40:10", "tweet": "@w_runturambi Hebaaaatt,saat2 finally br bilang salah input  https://t.co/DjEM1bYAKx", "likes_count": 0, "replies_count": 0, "retweets_count": 0, "hashtags": []}
