{"id": 1137147203347050496, "date": "2019-06-07", "time": "19:59:55", "tweet": "I just got done giving a presentation to a large audience when the usual line of people formed to ask questions or give their input to the talk. Then I noticed the desperate face of a desperate man. Read more:  https://t.co/KtvgEhDWOS", "likes_count": 1, "replies_count": 0, "retweets_count": 0, "hashtags": []}
{"id": 1137147134950739968, "date": "2019-06-07", "time": "19:59:38", "tweet": "Do you have a suggestion that could benefit the AWI? Maybe you have a specific area of knowledge that isn't currently being adequately addressed?  Volunteer with us! We are always open to input into the governance and delivery of our services.   https://t.co/RTMrZHBBdG", "likes_count": 0, "replies_count": 0, "retweets_count": 0, "hashtags": []}
{"id": 1137147040222339072, "date": "2019-06-07", "time": "19:59:16", "tweet": "FDA Considering Changes to Regulation of CBD Products - Agency Holds Public Hearing on Cannabis to Gather Input from Stakeholders, Consumers  https://t.co/j8OntD08Jo | by @Holland_Knight", "likes_count": 0, "replies_count": 0, "retweets_count": 0, "hashtags": []}
{"id": 1137146992449052679, "date": "2019-06-07", "time": "19:59:04", "tweet": "Speciality Doctor - Palliative Care: Our client who specialises in palliative care is currently looking for a Speciality Doctor whose primary focus will be to provide specialist palliative medical input to the In-Patient Unit. The role is typically…  https://t.co/c0Deg2kxyN", "likes_count": 0, "replies_count": 0, "retweets_count": 0, "hashtags": []}
{"id": 1137146932411981824, "date": "2019-06-07", "time": "19:58:50", "tweet": "@iqwitmusic @KALEBMITCHELL Unless there is input latency I 👏🏼 DELIVERED 👏🏼 IT 👏🏼 THAT 👏🏼 WAY 👏🏼 FOR 👏🏼 A 👏🏼 REASON 😂", "likes_count": 3, "replies_count": 0, "retweets_count": 0, "hashtags": []}
{"id": 1137146762320330752, "date": "2019-06-07", "time": "19:58:09", "tweet": "@HappyManor @Massanthrope @gypsyglutton Energy input", "likes_count": 1, "replies_count": 2, "retweets_count": 0, "hashtags": []}
{"id": 1137146721568346112, "date": "2019-06-07", "time": "19:58:00", "tweet": "FMCSA seeks input about truck drivers' detention time   https://t.co/VhoxBrYLHn  #Trucking #Wages #Shippers #HoursOfService #Safety  @FMCSA  @OOIDA  @Todd2Spencer  https://t.co/OfN1WuC68W", "likes_count": 14, "replies_count": 7, "retweets_count": 2, "hashtags": ["trucking", "wages", "shippers", "hoursofservice", "safety"]}
{"id": 1137146467527856128, "date": "2019-06-07", "time": "19:56:59", "tweet": "could you vote for you favorite please? and also reply if you have anything you want to say/add/suggest please i'm open to hearing any input!", "likes_count": 2, "replies_count": 2, "retweets_count": 1, "hashtags": []}
{"id": 1137146414432231424, "date": "2019-06-07", "time": "19:56:47", "tweet": "@IAF_MCC @isro  @PMOIndia @AmitShah @rajnathsingh  I can see all branches are working hard to locate missing plane AN32 with our defense personnel. Have checked with Indian Space Research Organization if any thing on satellite imagining. Also, input from Intel from Israel, US,etc. Help..", "likes_count": 0, "replies_count": 2, "retweets_count": 2, "hashtags": []}
{"id": 1137146300175196160, "date": "2019-06-07", "time": "19:56:19", "tweet": "STREAM LAYOUTS STARTING TO LOOK FINEEEE (this is for the PS2 games if I do go on to play more. Or any game of this resolution that can be played thru emulator! I'm still working on creating one with keyboard input visibility for games like TJAplayer3)  https://t.co/H19DLxm8Ou", "likes_count": 1, "replies_count": 1, "retweets_count": 0, "hashtags": []}
{"id": 1137146289336987648, "date": "2019-06-07", "time": "19:56:17", "tweet": "Echo Input – Bring Alexa to your own speaker- Black  https://t.co/W51v1bL1En", "likes_count": 0, "replies_count": 0, "retweets_count": 0, "hashtags": []}
{"id": 1137145810670575616, "date": "2019-06-07", "time": "19:54:23", "tweet": "@Cryyo__ @DntPeek Did you not formidably ask for your input on the geographical situation?", "likes_count": 1, "replies_count": 0, "retweets_count": 0, "hashtags": []}
{"id": 1137145584610041856, "date": "2019-06-07", "time": "19:53:29", "tweet": "@reason This is very California. The referendum process, which is supposed to give the voters direct input, has become characterized by manipulative ballot wording and complete lack of accountability by state officials to carry out the most likely  interpretation of voter wishes.", "likes_count": 1, "replies_count": 0, "retweets_count": 0, "hashtags": []}
{"id": 1137145533485727744, "date": "2019-06-07", "time": "19:53:16", "tweet": "FDA Considering Changes to Regulation of CBD Products - Agency Holds Public Hearing on Cannabis to Gather Input from Stakeholders, Consumers  https://t.co/60juYkeQjs | by @Holland_Knight", "likes_count": 0, "replies_count": 0, "retweets_count": 0, "hashtags": []}
{"id": 1137145414136688640, "date": "2019-06-07", "time": "19:52:48", "tweet": "@llogansux Nah he’s wack. I only fuck with one music review streamer and that’s @bornherobeats because he HAS CO HOSTS sometimes and doesn’t flame people. Gives real input. Isn’t a fucking chode.", "likes_count": 1, "replies_count": 1, "retweets_count": 0, "hashtags": []}
{"id": 1137145401470083072, "date": "2019-06-07", "time": "19:52:45", "tweet": "Our First Ever Match Review is now LIVE🔥🔥 All we can say is that this match was a wild one and special shout-out to @flameboy84 for his input👌🏻Click that link in our bio to watch📺  https://t.co/1TWaX3t7pe", "likes_count": 1, "replies_count": 0, "retweets_count": 0, "hashtags": []}
{"id": 1137145276412628992, "date": "2019-06-07", "time": "19:52:15", "tweet": "@andysignore @ahdontron @PopcornedPlanet @ronin_lord @GodzillaMovie @GodzillaMovies It was great. Visuals - brilliant, plot and humans input - just enough, music - superb. Think of it like an opera with humans as narrator to tell us back story. Music and spectacle tells the rest.", "likes_count": 1, "replies_count": 1, "retweets_count": 0, "hashtags": []}
{"id": 1137145242006593537, "date": "2019-06-07", "time": "19:52:07", "tweet": "Loket dibuka pukul 07.30, datang jam 5.30, antrian sudah no 50. Jumlah tiket ada 600, tapi waktu input tiket hanya 3 jam. Jadi...banyak yang tidak kebagian tiket kembali lagi esok hari.  @PRFMnews  #MudikBalikPRFM2019", "likes_count": 2, "replies_count": 1, "retweets_count": 0, "hashtags": ["mudikbalikprfm2019"]}
{"id": 1137145181269049345, "date": "2019-06-07", "time": "19:51:53", "tweet": "@IanColdwater ok,  I will throw some at it later.  Also if you can get it hooked up under a 501c3 of some sort some corps will match donations, I know mine will (eventually).  Maybe not feasible this year but maybe for next year.  Double the input y'know.", "likes_count": 3, "replies_count": 1, "retweets_count": 0, "hashtags": []}
{"id": 1137145125937799168, "date": "2019-06-07", "time": "19:51:39", "tweet": "How did we do??? Thank you for all the input!  https://t.co/3cHZX5b0yq", "likes_count": 0, "replies_count": 0, "retweets_count": 0, "hashtags": []}
{"id": 1137145071189540866, "date": "2019-06-07", "time": "19:51:26", "tweet": "@sskalsi13 Despite him not getting any input on decisions, you are saying he’s responsible for those decisions? Huh? Lol", "likes_count": 0, "replies_count": 1, "retweets_count": 0, "hashtags": []}
{"id": 1137144959554002944, "date": "2019-06-07", "time": "19:51:00", "tweet": "@pennydouph @NavygirlLaura Out of all of the 20 plus which candidate are you leaning towards.  I know all of them &amp; familiar with them. I wanted your input. I was a Democrat until they went to far left. No one on your side ever says anything  they only talk about the President in a negative way.", "likes_count": 0, "replies_count": 1, "retweets_count": 0, "hashtags": []}
{"id": 1137144959377772545, "date": "2019-06-07", "time": "19:51:00", "tweet": "Last valid input: 2019-06-08 08:50:51.294687 Temperature: 29.00 C Humidity: 57.00 %", "likes_count": 0, "replies_count": 0, "retweets_count": 0, "hashtags": []}
{"id": 1137144774840864769, "date": "2019-06-07", "time": "19:50:16", "tweet": "@Michael31146154 @BillOReilly Situation in the first place. ACA could/should have been rolled out better. We need tort reform, interstate policies and doctor/nurse input, including results based compensation for Congress and the industry. Big pharma contributed heavily to the opiate crisis.", "likes_count": 0, "replies_count": 0, "retweets_count": 0, "hashtags": []}
{"id": 1137144621723717632, "date": "2019-06-07", "time": "19:49:39", "tweet": "FDA Considering Changes to Regulation of CBD Products - Agency Holds Public Hearing on Cannabis to Gather Input from Stakeholders, Consumers  https://t.co/D78wudvAak", "likes_count": 0, "replies_count": 0, "retweets_count": 0, "hashtags": []}
{"id": 1137144371961356288, "date": "2019-06-07", "time": "19:48:40", "tweet": "@brothermanifest A cashier one told me their system would only let them input the numbers if a swipe failed, but I have no idea if they were lying or not", "likes_count": 1, "replies_count": 1, "retweets_count": 0, "hashtags": []}
{"id": 1137144338348011520, "date": "2019-06-07", "time": "19:48:32", "tweet": "Got some cool shots using the WIP SA2B camera. Special thanks to @SPEEPSHighway for this input! #SonicTheHedgehog  https://t.co/XM6DO2X1Cz", "likes_count": 26, "replies_count": 3, "retweets_count": 4, "hashtags": ["sonicthehedgehog"]}
{"id": 1137143905441525760, "date": "2019-06-07", "time": "19:46:48", "tweet": "The audio is bad, but, it is one of my absolute favorites. I bookmarked it back when I couldn’t get enough JP material and would search in the morning each day for more input like Johnny 5 from short circuit. Not sure when he will release it on his podcast. Enjoy!", "likes_count": 0, "replies_count": 1, "retweets_count": 0, "hashtags": []}
{"id": 1137143752290701313, "date": "2019-06-07", "time": "19:46:12", "tweet": "@WhosEgo thanks for your input", "likes_count": 1, "replies_count": 1, "retweets_count": 0, "hashtags": []}
{"id": 1137143702260862976, "date": "2019-06-07", "time": "19:46:00", "tweet": "@LxthuL I remember reading on Blur Busters about how the 240hz monitors could potentially add input lag for console gaming due to it's 60hz limits, so I literally just switch between monitors. Take that with a grain of salt.", "likes_count": 1, "replies_count": 0, "retweets_count": 0, "hashtags": []}
{"id": 1137143640395042819, "date": "2019-06-07", "time": "19:45:45", "tweet": "@spagsmario with audience input completing ⁦@fordnation⁩ report card. An epic FAIL! Take a break ⁦@fordnation⁩, we will not back down. ⁦@GreatEssexETFO⁩ #fordisfailing  https://t.co/bFQVCD6z4t", "likes_count": 2, "replies_count": 0, "retweets_count": 0, "hashtags": ["fordisfailing"]}
{"id": 1137143552989958144, "date": "2019-06-07", "time": "19:45:24", "tweet": "I quit search for shadow BK skip setup with crouchstab. I find it too hard to do. The stab is 1 frame B press (nut too) but if press late, it also blows up the chu. The hardest thing is you have like 3-4 frames to switch your analog input from up to down-right. Simply not fun :/", "likes_count": 1, "replies_count": 0, "retweets_count": 0, "hashtags": []}
{"id": 1137143168661692416, "date": "2019-06-07", "time": "19:43:53", "tweet": "I need some input", "likes_count": 0, "replies_count": 0, "retweets_count": 0, "hashtags": []}
{"id": 1137142804570869760, "date": "2019-06-07", "time": "19:42:26", "tweet": "I’m a day late - but caught up with Questio Time on the BBC tonight - and despite my despair at some of the audience input, the one question that stays with me over and over is ... why the hell does Piers Morgan have a platform? Why?", "likes_count": 0, "replies_count": 0, "retweets_count": 0, "hashtags": []}
{"id": 1137142634919747585, "date": "2019-06-07", "time": "19:41:45", "tweet": "Crash Fever: panel-busting RPG action!【Invite Code】461620208 Go to \"Friends\" &gt; \"Enter Invitation Code\" and input Invite ID to get a gift!  https://t.co/FKTzb0RQxH", "likes_count": 1, "replies_count": 0, "retweets_count": 1, "hashtags": []}
{"id": 1137142552988135426, "date": "2019-06-07", "time": "19:41:26", "tweet": "Thank y'all for your input on my last tweet!  I've just made @spicyrecipehs for all my more explicit nsfw art so please feel free to give it a follow! (nothing there yet but I have things in the works!)", "likes_count": 15, "replies_count": 7, "retweets_count": 0, "hashtags": []}
{"id": 1137142517940543488, "date": "2019-06-07", "time": "19:41:18", "tweet": "+1 very inspiring  Just like Albert Einstein, his star started to shine because of 100% first wife's input Mileva Einstein-Maric  #womenintech #TechPlayers #TechNews #IoT #Tech4Good", "likes_count": 2, "replies_count": 0, "retweets_count": 2, "hashtags": ["womenintech", "techplayers", "technews", "iot", "tech4good"]}
{"id": 1137142470674984960, "date": "2019-06-07", "time": "19:41:06", "tweet": "If you're coming to #NACDA19 @iupui_sii could use your input on a quick &amp; anonymous survey for IUPUI's new Sports Innovation Journal. Learn more here and click button at top of page to take the survey. Thanks!  https://t.co/sm8Fmz0lSV", "likes_count": 3, "replies_count": 0, "retweets_count": 2, "hashtags": ["nacda19"]}
{"id": 1137142427691737088, "date": "2019-06-07", "time": "19:40:56", "tweet": "Ok Real Talk . What Is A Good Way To Stop Drinking Alcohol.  Like good ways to not drink and or replace it with something like soda ? Need yalls input.  Thanks 💙", "likes_count": 0, "replies_count": 0, "retweets_count": 0, "hashtags": []}
{"id": 1137142399820619776, "date": "2019-06-07", "time": "19:40:49", "tweet": "@NewYorkPhotoGal @Acosta @Morning_Joe First, anybody can read off a teleprompter. But he doesnt normally read anything, and it shows. Second, no way in hell he even had a word of input in that speech. And last, just the sound of his voice reading words that had zero meaning to him, is just nauseating. #Draftdodger...", "likes_count": 1, "replies_count": 0, "retweets_count": 0, "hashtags": ["draftdodger"]}
