{"id": 1115041381905391616, "date": "2019-04-07", "time": "19:59:16", "tweet": "@LarrySchweikart @JackPosobiec @SERD1983 During Trump's Border Patrol Roundtable in Calexico on Friday, Nielsen had very little input during the meeting and was virtually ignored. The handwriting was on The Wall for her.", "likes_count": 2, "replies_count": 1, "retweets_count": 0, "hashtags": []}
{"id": 1115041344974540800, "date": "2019-04-07", "time": "19:59:07", "tweet": "@Lolo611 @WilDonnelly @realDonaldTrump HAHAHAHAHAHAHA!  Thanks for your old input, Ivan.", "likes_count": 0, "replies_count": 0, "retweets_count": 0, "hashtags": []}
{"id": 1115041287831347200, "date": "2019-04-07", "time": "19:58:54", "tweet": "@FrecklesXX20 @tirednurseok Thank you. Appreciate the input. We feel this important and if they choose a different path later in life that is up to them. We just want to give them different perspectives", "likes_count": 2, "replies_count": 1, "retweets_count": 0, "hashtags": []}
{"id": 1115041271133999110, "date": "2019-04-07", "time": "19:58:50", "tweet": "@DennisDill Please use Q1 Q2 so people can respond to your input.....#SOBTC", "likes_count": 0, "replies_count": 0, "retweets_count": 0, "hashtags": ["sobtc"]}
{"id": 1115041124991864833, "date": "2019-04-07", "time": "19:58:15", "tweet": "On Flint: \"it seems that so many in the academic, scientific and engineering communities do not seem interested in the input of the communities they are talking about, planning for and claiming credit for the successes in the communities…won by the community.”", "likes_count": 10, "replies_count": 0, "retweets_count": 7, "hashtags": []}
{"id": 1115041050937180161, "date": "2019-04-07", "time": "19:57:57", "tweet": "@sigiloso1776 @JeffKasky @BrowardTeachers blocked me. I'm a #Parkland parent and I was blocked because I didn't think it was appropriate for the union to back a political candidate. I'm far from being part of the male anatomy. Thanks for your input Jeff don't be a well you know.", "likes_count": 1, "replies_count": 0, "retweets_count": 0, "hashtags": ["parkland"]}
{"id": 1115041004980187137, "date": "2019-04-07", "time": "19:57:46", "tweet": "A8: Capitalize on the fact that not all disabled people agree on which approach is best ... and generate disability-relevant input to ALL approaches. #CripTheVote", "likes_count": 3, "replies_count": 0, "retweets_count": 3, "hashtags": ["cripthevote"]}
{"id": 1115040974797828096, "date": "2019-04-07", "time": "19:57:39", "tweet": "@JulieRindt @jnarls @carolterentiak @realDonaldTrump Oh Julie! You're silly little comments mean nothing to me... But thanks for you greatly needed input!", "likes_count": 0, "replies_count": 1, "retweets_count": 0, "hashtags": []}
{"id": 1115040908414787584, "date": "2019-04-07", "time": "19:57:23", "tweet": "@Jamesknowstango @madzec @TheQuartering No malware is malicious software. Examples of this is.    Memes virus, epic store front, and botnets.    Being online requires you to put in some input that in itself is not malicious. For instance posting something up on Twitter it’s not data mining you you did that yourself.", "likes_count": 0, "replies_count": 0, "retweets_count": 0, "hashtags": []}
{"id": 1115040770132594688, "date": "2019-04-07", "time": "19:56:50", "tweet": "@MarcSettle Hey Marc, you can't use both the inbuilt mic and mic input at the same time, sorry! The GO uses the new Series III transmission which means it isn't compatible with the Newsshooter Kit, sorry!", "likes_count": 0, "replies_count": 0, "retweets_count": 0, "hashtags": []}
{"id": 1115040702289805410, "date": "2019-04-07", "time": "19:56:34", "tweet": "@MdFacep @CaverStem Thank You Doctor for all your input... Pills = Ills...", "likes_count": 0, "replies_count": 0, "retweets_count": 0, "hashtags": []}
{"id": 1115040693779611648, "date": "2019-04-07", "time": "19:56:32", "tweet": "@docsquiddy @Kiyajh Also, Adafruit has some really good kits, mainly for the test &amp; debug instructions and assembly order. You often build one functional block of a device at a time (power regulation, input, \"brains\", output, etc.", "likes_count": 1, "replies_count": 1, "retweets_count": 0, "hashtags": []}
{"id": 1115040573985976320, "date": "2019-04-07", "time": "19:56:03", "tweet": "P0123 2012 NISSAN ROGUE - Throttle Position Sensor/Switch '1' Circuit High Input  https://t.co/uoTpdALbTu #autocodes  https://t.co/QiodX53SWb", "likes_count": 0, "replies_count": 0, "retweets_count": 0, "hashtags": ["autocodes"]}
{"id": 1115039861315129344, "date": "2019-04-07", "time": "19:53:14", "tweet": "Only the people in states bordering Mexico should have input on the border issue! NO ONE ELSE!", "likes_count": 0, "replies_count": 0, "retweets_count": 0, "hashtags": []}
{"id": 1115039801198223363, "date": "2019-04-07", "time": "19:52:59", "tweet": "#linux #kernel  [PATCH v2] Input: i8042 - disable KBD port on Razer Blade Stealth V2 (2017…  https://t.co/HlmaGghemC", "likes_count": 0, "replies_count": 0, "retweets_count": 0, "hashtags": ["linux", "kernel"]}
{"id": 1115039782764273667, "date": "2019-04-07", "time": "19:52:55", "tweet": "PG points received. Download PhotoGrid and input my invite code to get more!  https://t.co/SmoWD7zAZ7", "likes_count": 0, "replies_count": 0, "retweets_count": 0, "hashtags": []}
{"id": 1115039582968602625, "date": "2019-04-07", "time": "19:52:07", "tweet": "@mamasgotkids I was totally going to hit you up about setting up Scrivener as chapters not scenes but didn't want to bug you. 😂 I think I figured it out. Thanks for your input. I appreciate it.", "likes_count": 1, "replies_count": 2, "retweets_count": 0, "hashtags": []}
{"id": 1115039532909379584, "date": "2019-04-07", "time": "19:51:55", "tweet": "Please fill out the form in triplicate and  ____________  it to the front office.  A.enter B.input C.renew D.submit  答え.D  TOEICのスコアが上がらない就活生のために 『TOEICスコアUPブートキャンプ』 を実施しています！詳しくはこちら  https://t.co/UKONqzkmG5", "likes_count": 0, "replies_count": 0, "retweets_count": 0, "hashtags": []}
{"id": 1115039367704104960, "date": "2019-04-07", "time": "19:51:16", "tweet": "A2: In regards to getting feedback: I used to think colleague's feedback was all I had access to but now I think I need to give student input/feedback more value. #Cohort21", "likes_count": 7, "replies_count": 1, "retweets_count": 0, "hashtags": ["cohort21"]}
{"id": 1115039319578873856, "date": "2019-04-07", "time": "19:51:04", "tweet": "@kokoronis Fun fact: if you tried to input any of the Earth 2150 cheats into its sequel, Earth 2150: The Moon Project, it would flip the screen upside down and not change back until you exited the game", "likes_count": 0, "replies_count": 1, "retweets_count": 0, "hashtags": []}
{"id": 1115039305347489792, "date": "2019-04-07", "time": "19:51:01", "tweet": "Sudoku Puzzle Game for iPhone is the world's first Sudoku application equipped with \"flick input mode\".    https://t.co/fwivhr7IcX", "likes_count": 0, "replies_count": 0, "retweets_count": 0, "hashtags": []}
{"id": 1115039183175860224, "date": "2019-04-07", "time": "19:50:32", "tweet": "I was educated on Google Forms, so I have posted another tweet w/a link to it. If you already provided answers via email to me, please do not complete this. I will input your answers. TY", "likes_count": 5, "replies_count": 1, "retweets_count": 0, "hashtags": []}
{"id": 1115038957266300928, "date": "2019-04-07", "time": "19:49:38", "tweet": "@Satcom_Guru As is usually the case, many links in the accident chain of events. Final MCAS trim input may have been the last one, but crew actions/inactions appear to have forged many of the other links that got them there.", "likes_count": 2, "replies_count": 1, "retweets_count": 0, "hashtags": []}
{"id": 1115038888433737728, "date": "2019-04-07", "time": "19:49:22", "tweet": "Make input type of file settable using JavaScript [Votes: 2] #javascript #html  https://t.co/UbUFNXSdzE", "likes_count": 0, "replies_count": 0, "retweets_count": 0, "hashtags": ["javascript", "html"]}
{"id": 1115038867189641217, "date": "2019-04-07", "time": "19:49:17", "tweet": "@steph93065 Allow me to give them input. Support border defense, tax cuts, strong military, and free enterprise Oppose abortion, sanctuary cities, tax increases, pay increases for elected officials, raising minimum wage jihadist infiltration, universal healthcare, &amp; Pelosi.", "likes_count": 0, "replies_count": 0, "retweets_count": 0, "hashtags": []}
{"id": 1115038703368404993, "date": "2019-04-07", "time": "19:48:37", "tweet": "@RosaCtrl @vamchale Agreed. I can't speak for other hardware manufacturers, but if you buy a Lenovo notebook, plan on also buying a decent keyboard (and mouse!), because the built-in input hardware is barely usable.", "likes_count": 2, "replies_count": 0, "retweets_count": 0, "hashtags": []}
{"id": 1115038698138001408, "date": "2019-04-07", "time": "19:48:36", "tweet": "Ummm, do the folks at @CoxComm or @CoxHelp might have input on this? Screenshot of popup on my phone… #cox #coxbusiness  https://t.co/uar1jFqmhk", "likes_count": 0, "replies_count": 1, "retweets_count": 0, "hashtags": ["cox", "coxbusiness"]}
{"id": 1115038670707404800, "date": "2019-04-07", "time": "19:48:30", "tweet": "@balao_mo Thank you for taking the time to share your feedback. We’re always working to improve the Impossible Burger, and we really value input from our fellow burger lovers. We would love to hear back when you get the chance to give it a try in the future:  https://t.co/a816dH0UKv 👍", "likes_count": 0, "replies_count": 0, "retweets_count": 0, "hashtags": []}
{"id": 1115038641334751232, "date": "2019-04-07", "time": "19:48:23", "tweet": "@JJJ When we handle input data in web development, we must assume nefarious intent on the part of submitters. The same critical screening process ought to be applied to company and community inputs.", "likes_count": 0, "replies_count": 0, "retweets_count": 0, "hashtags": []}
{"id": 1115038461218578432, "date": "2019-04-07", "time": "19:47:40", "tweet": "Jadi manfaatkan weekend itu dengan benar2 baik.. soalnya pagi gini belom nyampe kantor udah kudu input njeeeeng....", "likes_count": 0, "replies_count": 0, "retweets_count": 0, "hashtags": []}
{"id": 1115038457494159360, "date": "2019-04-07", "time": "19:47:39", "tweet": "1x08: “When I want input on my choice of sperm donor, I’ll let you know.”  https://t.co/VNT9yTwesA", "likes_count": 27, "replies_count": 1, "retweets_count": 2, "hashtags": []}
{"id": 1115038383087214592, "date": "2019-04-07", "time": "19:47:21", "tweet": "@Kathy_E_J Full input rebinding is a near must for me.", "likes_count": 1, "replies_count": 0, "retweets_count": 0, "hashtags": []}
{"id": 1115038234407526401, "date": "2019-04-07", "time": "19:46:46", "tweet": "I'm sick of people telling me not to listen to other people's opinions on my life if they are going to put their input on it anyways 🙄", "likes_count": 0, "replies_count": 0, "retweets_count": 0, "hashtags": []}
{"id": 1115038223049183232, "date": "2019-04-07", "time": "19:46:43", "tweet": "@TonkaTruck1 @MJsChildrenUnit @Randomacc531 @Selenasg1212 @Lucy37910249 @theoriedescord1 @CWainwr12898562 @AltConservative @JTIME14 @AntonTerry85 @jaseantics @sarafaissol @TyVdUvxOMRwMz9x @CandyPinNow @Trump_guilty @Synphamy @zacmacme @0pinion8d @ncanarchist @krosodgo @uhhlysh @akaurer @HeaviNettel @venis_77 @FoxingAbout @BeLiVeMJ @Bemorefox @Naturej7 @KellyBu77326182 @tarikremila @Barkha55887874 @_MJBeLike @dash4442 @betrayed_bitch @finehats1 @LeavingMj @Cougarchic @you_wiII_knovv @LilMissK111 @anthonyking1 @danreed1000 @michaeljackson @TwitterSupport The term “documentary” implies a basis in fact. There is no evidence presented, no fact checking, no input from other sources who would’ve been present, some of what is said has now been proven to be false. That film is a joke, not a documentary.", "likes_count": 0, "replies_count": 0, "retweets_count": 0, "hashtags": []}
{"id": 1115038179776765954, "date": "2019-04-07", "time": "19:46:33", "tweet": "“ATF should be brought under GST to provide level playing field to airlines: Prabhu” - excellent suggestion. Will help the sector immensely through input credits and cost predictably", "likes_count": 2, "replies_count": 0, "retweets_count": 1, "hashtags": []}
{"id": 1115038098147168259, "date": "2019-04-07", "time": "19:46:13", "tweet": "@brookewinters33 I love that my library subscribes to an app called Hoopla; you input your library card number after choosing your library from a drop-down menu and u can borrow e-books and other digital downloads. Only 9 a month though.", "likes_count": 2, "replies_count": 0, "retweets_count": 0, "hashtags": []}
{"id": 1115038081067945985, "date": "2019-04-07", "time": "19:46:09", "tweet": "@soulcalibur We got input configuration on character select screen, can we get replays in offline mode ? Replays are already in the game ! Ditto for quick rematches in lobbies.", "likes_count": 0, "replies_count": 0, "retweets_count": 0, "hashtags": []}
{"id": 1115038017234694145, "date": "2019-04-07", "time": "19:45:54", "tweet": "@jayrayner1 @OborneTweets Glad you're here to tell us about your infallible and razor sharp mind, Jay. Perhaps you could also tell us why it's a good thing to ignore huge democratic votes - would it be better to reduce suffrage amongst the working class so you don't have to suffer the input of plebs?", "likes_count": 0, "replies_count": 0, "retweets_count": 0, "hashtags": []}
{"id": 1115037926205939714, "date": "2019-04-07", "time": "19:45:32", "tweet": "@DeandreSorrell Nah bro . Niggas only say shit like that cause they know they girl not gon respect their input on it .", "likes_count": 1, "replies_count": 1, "retweets_count": 0, "hashtags": []}
{"id": 1115037656675749889, "date": "2019-04-07", "time": "19:44:28", "tweet": "The more algorithmic the transmission of their input data the more chaotic speech.", "likes_count": 0, "replies_count": 0, "retweets_count": 0, "hashtags": []}
{"id": 1115037593677324288, "date": "2019-04-07", "time": "19:44:13", "tweet": "@RobElkin1 @Lead1225 @YouTube You underestimate yourself. You have a perspective that absolutely no one has personally experienced in the history of the human race. That by itself is sufficient for your capacity for valuable input.", "likes_count": 0, "replies_count": 0, "retweets_count": 0, "hashtags": []}
{"id": 1115037585661816832, "date": "2019-04-07", "time": "19:44:11", "tweet": "@rlthingy Mangats sender gpp nanti juga keadaan membaik, aku dulu pernah nekat uas dan baru bisa bayaran H+1 tp dosen gaada yg mau input nilai krn baru bayaran after ujian dan akhirnya ngulang 2mk tp ya gpp namanya jg hidup:)", "likes_count": 1, "replies_count": 0, "retweets_count": 0, "hashtags": []}
{"id": 1115037582021230592, "date": "2019-04-07", "time": "19:44:10", "tweet": "1) Did you know when you close your eyes you reduce the sensory input to your brain by as much as 80%? That's a huge amount of info, data, garbage, and programming you bypass by simply closing your eyes.  2) When you close your eyes there is a light in ...  https://t.co/H9hbCN8Iqq  https://t.co/DRB7oOFWpk", "likes_count": 0, "replies_count": 0, "retweets_count": 0, "hashtags": []}
{"id": 1115037371517374465, "date": "2019-04-07", "time": "19:43:20", "tweet": "@Doctor_Harves Sweet! Thanks for the input!!!", "likes_count": 0, "replies_count": 0, "retweets_count": 0, "hashtags": []}
{"id": 1115037358024527872, "date": "2019-04-07", "time": "19:43:17", "tweet": "Actually it seems like AB is the one that is mad. Someone replied to him with the Team MVP picture and it triggered him so I showed him his mistakes he made on the field when he was young. Thanks for the input though", "likes_count": 5, "replies_count": 0, "retweets_count": 0, "hashtags": []}
{"id": 1115037132769226752, "date": "2019-04-07", "time": "19:42:23", "tweet": "For Christians only. Here's a prediction for the record.  Each cortical column at the bottom or entry layer of the human cortex receives up to 71 inputs from the thalamus. Each has a single master input and 70 slave inputs. These form 10 sub-columns of 7 inputs each. (cont)", "likes_count": 0, "replies_count": 1, "retweets_count": 0, "hashtags": []}
{"id": 1115037105099542530, "date": "2019-04-07", "time": "19:42:16", "tweet": "\"Close to three-quarters of restaurants in New York City have cut labor input since the minimum wage was raised to $15 per hour.\"    https://t.co/rlPEeYMCP5", "likes_count": 1, "replies_count": 0, "retweets_count": 1, "hashtags": []}
{"id": 1115037066797244416, "date": "2019-04-07", "time": "19:42:07", "tweet": "I Just Wrote this! Trying to get some real Feed back! It’s not finished but let Let me know what you think! All input is appreciate!  Kyle Anthony - Just go home  #newmusic #music #fresh #coldoutside #homesweethome #home #song #newsong  #songwriter #love #real #deep #sunday #nice  https://t.co/2supRtmR7I", "likes_count": 3, "replies_count": 1, "retweets_count": 1, "hashtags": ["newmusic", "music", "fresh", "coldoutside", "homesweethome", "home", "song", "newsong", "songwriter", "love", "real", "deep", "sunday", "nice"]}
{"id": 1115036796612685824, "date": "2019-04-07", "time": "19:41:03", "tweet": "@tayisnotokay Only famous people can be role models? Geez guess I gotta go tell my friends they aren't my role models anymore. Like honestly, that's dumb. And also they are very rude and no one asked for them to add their input.", "likes_count": 4, "replies_count": 1, "retweets_count": 0, "hashtags": []}
{"id": 1115036779898388485, "date": "2019-04-07", "time": "19:40:59", "tweet": "@DisVisibility A6: I want to see supporters of #MedicareForAll plans stay open to input from disabled people, and not hostile to / suspicious of our questions. #CripTheVote", "likes_count": 8, "replies_count": 0, "retweets_count": 3, "hashtags": ["medicareforall", "cripthevote"]}
{"id": 1115036714261778432, "date": "2019-04-07", "time": "19:40:43", "tweet": "@DisVisibility A6 there’s only one plan that I know of where input from people with disabilities was sought so all others fail in my eyes #CripTheVote #MedicareForAll", "likes_count": 2, "replies_count": 1, "retweets_count": 2, "hashtags": ["cripthevote", "medicareforall"]}
{"id": 1115036698889469953, "date": "2019-04-07", "time": "19:40:40", "tweet": "先月読んだ本。［備忘録］ #読書 #books #reading #input  https://t.co/HFHu2sOJ9D", "likes_count": 1, "replies_count": 0, "retweets_count": 0, "hashtags": ["読書", "books", "reading", "input"]}
{"id": 1115036627703877633, "date": "2019-04-07", "time": "19:40:23", "tweet": "@geofflangdale @stevecheckoway I agree with the sentiment, but just \"being in P\" doesn't make it tractable. If it turns out that the exponent varies with the backref count k, like say O(n^2k), things get ugly pretty quick: n^6 isn't very tractable for even moderate input sizes: try this on a puny 1 MB file...", "likes_count": 0, "replies_count": 1, "retweets_count": 0, "hashtags": []}
{"id": 1115036557700997123, "date": "2019-04-07", "time": "19:40:06", "tweet": "@realDonaldTrump It can be neither powerful or common sense if the dumpster had any input", "likes_count": 0, "replies_count": 0, "retweets_count": 0, "hashtags": []}
{"id": 1115036514864500736, "date": "2019-04-07", "time": "19:39:56", "tweet": "My husband is trying to kill me with his special chicken wings tonight 💀 #tryingtocashinlifeinsurance #hotterthancrawfish Swamp Dragon Hot Sauce I blame you 🤣logans input is “sad Brock” and finds it funny that daddy...  https://t.co/qsC4ThtIvG", "likes_count": 0, "replies_count": 0, "retweets_count": 0, "hashtags": ["tryingtocashinlifeinsurance", "hotterthancrawfish"]}
{"id": 1115036404193595394, "date": "2019-04-07", "time": "19:39:29", "tweet": "\"Acting Secretary\" is an appropriate description of Trump's Cabinet. They're all acting like they have authority &amp; input but they're just seat warmers &amp; scapegoats for the 'Mad King'. #KirstjenNielsen", "likes_count": 1, "replies_count": 0, "retweets_count": 0, "hashtags": ["kirstjennielsen"]}
{"id": 1115036345926324226, "date": "2019-04-07", "time": "19:39:15", "tweet": "先週はいいペースで読めた。 今週はこの辺りを。 #読書 #books #reading #input  https://t.co/BGiR0Hfg3I", "likes_count": 1, "replies_count": 0, "retweets_count": 0, "hashtags": ["読書", "books", "reading", "input"]}
{"id": 1115036337688797186, "date": "2019-04-07", "time": "19:39:13", "tweet": "@PeterDyakowski Wearing a CFLPA jacket makes it seem like your leveraging a previous role, please provide your input on this.", "likes_count": 1, "replies_count": 0, "retweets_count": 0, "hashtags": []}
{"id": 1115036141739102209, "date": "2019-04-07", "time": "19:38:27", "tweet": "@_daemons That sounds simple, my pvm is only scart or an old Sony plug. Maybe I can just get some kind of adapter for multiple input.", "likes_count": 0, "replies_count": 1, "retweets_count": 0, "hashtags": []}
{"id": 1115036117793935361, "date": "2019-04-07", "time": "19:38:21", "tweet": "Just about done with the gradient picker. Any input on the design is welcome  https://t.co/EYk7utNoBz", "likes_count": 13, "replies_count": 0, "retweets_count": 2, "hashtags": []}
{"id": 1115036089310482432, "date": "2019-04-07", "time": "19:38:14", "tweet": "@joaompfp @GoncaloPCruz é complexo. Alguns Inverters aceitam dual input. Rede+FV. E usas FV 1st, complementando com Rede. Será isso qe iremos fazer, para simplifiacr o sistema. Com baterias .. honestamente não vejo a economia da coisa pois baterias são consumives. + Eco Footprint", "likes_count": 1, "replies_count": 1, "retweets_count": 0, "hashtags": []}
{"id": 1115036055244296192, "date": "2019-04-07", "time": "19:38:06", "tweet": "@MarkForRasslin @WrestleFeatures You know Brock is only a guy looking out for his family. He doesn‘t have any input into storylines. I don‘t think he liked the low blow. I respect Brock for what he truly is, a family man who‘d to overcome a difficult illness and earns a lot of money.", "likes_count": 0, "replies_count": 0, "retweets_count": 0, "hashtags": []}
{"id": 1115035723441295360, "date": "2019-04-07", "time": "19:36:47", "tweet": "@DomLeotti @FredericLambert @elonmusk @TeslaMilton @IanPavelko Yeah that's why i was asking originally for the button input.", "likes_count": 3, "replies_count": 1, "retweets_count": 0, "hashtags": []}
{"id": 1115035704021504000, "date": "2019-04-07", "time": "19:36:42", "tweet": "sensory input 感覚入力", "likes_count": 0, "replies_count": 0, "retweets_count": 0, "hashtags": []}
{"id": 1115035646257766400, "date": "2019-04-07", "time": "19:36:29", "tweet": "@metamarcdw @6102bitcoin @xavierfiechter @malgorithms The challenge is retired but it stood for 2 years and we published the input password right after we drained the wallet. I think many attempted to crack it.", "likes_count": 1, "replies_count": 1, "retweets_count": 0, "hashtags": []}
{"id": 1115035536740233216, "date": "2019-04-07", "time": "19:36:02", "tweet": "@MeowtainDeww_ I'd like to look into it!! :O  They're just taking forever to actually read certain directions, and in some cases it doesn't input at all. I'll be on a map and tilt the joystick up 5 times and on the 6th time it'll finally move my character.", "likes_count": 2, "replies_count": 2, "retweets_count": 0, "hashtags": []}
{"id": 1115035496579600385, "date": "2019-04-07", "time": "19:35:53", "tweet": "Those of you using @Flipgrid regularly, do you use it more often on iPad (app) or using chromebooks? Which do you prefer? Looking to use it more often and looking for input. Thanks! #FlipgridFever #flipgrid", "likes_count": 11, "replies_count": 17, "retweets_count": 0, "hashtags": ["flipgridfever", "flipgrid"]}
{"id": 1115035467601158144, "date": "2019-04-07", "time": "19:35:46", "tweet": "👋 I'm looking for help in figuring out how to get react-beautiful-dnd working with virtual lists  If you have experience developing or working with virtual lists it would be great to get your input!   https://t.co/uopfWkFlrP", "likes_count": 4, "replies_count": 0, "retweets_count": 0, "hashtags": []}
{"id": 1115035412521787392, "date": "2019-04-07", "time": "19:35:33", "tweet": "Great having you on today!  Insightful input and conversations.", "likes_count": 0, "replies_count": 0, "retweets_count": 0, "hashtags": []}
{"id": 1115035341952569345, "date": "2019-04-07", "time": "19:35:16", "tweet": "annerajb TeslaMilton IanPavelko Any user input counts", "likes_count": 0, "replies_count": 0, "retweets_count": 0, "hashtags": []}
{"id": 1115035298595987456, "date": "2019-04-07", "time": "19:35:06", "tweet": "@Butchfaerie42 yeah, my synesthesia basically turns audio and visual input into textures  though your icon just sorta has two lines of vague pressure moving through my torso", "likes_count": 0, "replies_count": 1, "retweets_count": 0, "hashtags": []}
{"id": 1115035172980658176, "date": "2019-04-07", "time": "19:34:36", "tweet": "@evahenisusanti @medcom_id @Metro_TV Mba, 2000T banyak mba,  udh bisa bangun 20.000 pabrik kelapa sawit atau 2000 tower 20 lantai .. sangat2 kelihatan nilainya, estimator engginering nya bukan asal2 mba, auditnya bkn asal2 mba.. Jgn mudah dapt input gak bener, kasihan bs kemakan isu beginian.. 🤣😂", "likes_count": 1, "replies_count": 0, "retweets_count": 0, "hashtags": []}
{"id": 1115034745103114240, "date": "2019-04-07", "time": "19:32:54", "tweet": "I ADORE serving with my AP’s @debbie_mcduffie and @darrickmcneill3! They are true servant leaders! I value them and their input daily as we serve the West View Elementary community! #M3 #ALLWEDOISWIN HAPPY AP WEEK!! 🥰🥰🥰🥰  https://t.co/bgC1xwCm9t", "likes_count": 13, "replies_count": 0, "retweets_count": 1, "hashtags": ["m3", "allwedoiswin"]}
{"id": 1115034704548438016, "date": "2019-04-07", "time": "19:32:44", "tweet": "I started a Ko-Fi goal to get new Joy-Cons!! My current ones are going out, the input lag is starting to get unplayable...  If you're feeling generous and want to help me play my Switch again, I'd really very much appreciate it! ❤💚  https://t.co/s02JIgqjYg  https://t.co/KHaXi1njnR", "likes_count": 337, "replies_count": 11, "retweets_count": 29, "hashtags": []}
{"id": 1115034681685233664, "date": "2019-04-07", "time": "19:32:39", "tweet": "DecaTxt exists because the world needs new input solutions to evolve technology! #futurism  https://t.co/rfAnp5byuT", "likes_count": 0, "replies_count": 0, "retweets_count": 0, "hashtags": ["futurism"]}
{"id": 1115034661837778946, "date": "2019-04-07", "time": "19:32:34", "tweet": "Money Cube - An APP which will help you get MONEY for free. Input my invite code ❤RVAJ3❤ after installation, and you will get 1000 Clicks. Download link:  https://t.co/yhvLjKuzCM  https://t.co/YKD5IlH3cP", "likes_count": 0, "replies_count": 0, "retweets_count": 0, "hashtags": []}
{"id": 1115034579721699328, "date": "2019-04-07", "time": "19:32:14", "tweet": "@lizziee_louisee Okay Lizzie thanks for your input", "likes_count": 0, "replies_count": 0, "retweets_count": 0, "hashtags": []}
{"id": 1115034545148055552, "date": "2019-04-07", "time": "19:32:06", "tweet": "@zlebmada Fair, thanks for the input. Let's hope both guys show us they should have been included with solid play going forward", "likes_count": 0, "replies_count": 0, "retweets_count": 0, "hashtags": []}
{"id": 1115034518719684608, "date": "2019-04-07", "time": "19:32:00", "tweet": "Demand our input be heard and #HumaneProcessing for the new processing center that @CBP &amp; @USGSA will build in our city by signing our petition:  https://t.co/anBdY1bb3d #BetterPlanEP", "likes_count": 6, "replies_count": 1, "retweets_count": 4, "hashtags": ["humaneprocessing", "betterplanep"]}
{"id": 1115034416810737665, "date": "2019-04-07", "time": "19:31:35", "tweet": "@BeckyHop13 It pretty much escalated after the co-creator of Sn/tgirl got called out for giving input for a friend’s incest fanart and her reaction to being called out made this even worse and now her friends are coming to her defense with this “fiction doesn’t affect reality” nonsense", "likes_count": 0, "replies_count": 1, "retweets_count": 0, "hashtags": []}
{"id": 1115034404894777344, "date": "2019-04-07", "time": "19:31:33", "tweet": "annerajb TeslaMilton IanPavelko Any user input counts", "likes_count": 0, "replies_count": 0, "retweets_count": 0, "hashtags": []}
{"id": 1115034342311514112, "date": "2019-04-07", "time": "19:31:18", "tweet": "@DTW_Gulo Thank you for the input! We know what to possible be prepared for or even ask from the vet. Yeah, the UTI almost got to her kidneys, so yeah, it was that bad. And of course, I love cats, and my kitty even more, and now that she's out of an awful situation I'll do anything for her", "likes_count": 0, "replies_count": 1, "retweets_count": 0, "hashtags": []}
{"id": 1115034278616870912, "date": "2019-04-07", "time": "19:31:03", "tweet": "@geofflangdale The duplication happens non-dynamically up front and depends on the length of the input only. For 1 backref and input size n you create an n * n copies of the base DFA. n * n is enough to store any start and any stop position (50% waste actually since start &lt;= stop).", "likes_count": 0, "replies_count": 1, "retweets_count": 0, "hashtags": []}
{"id": 1115034263114543105, "date": "2019-04-07", "time": "19:30:59", "tweet": "looks like my car is named benjamin, thank you all for your input", "likes_count": 24, "replies_count": 3, "retweets_count": 0, "hashtags": []}
{"id": 1115034137453318144, "date": "2019-04-07", "time": "19:30:29", "tweet": "Can we get your feedback? We created an introductory product and would love your input. Please click on the link and review our product, a Math Skills Maintenance Book. #LI #FB  https://t.co/GY49eYDBUo  https://t.co/RtBfKJ7pF0", "likes_count": 0, "replies_count": 0, "retweets_count": 0, "hashtags": ["li", "fb"]}
{"id": 1115034074576510977, "date": "2019-04-07", "time": "19:30:14", "tweet": "This Tuesday, we want our community to share their input about how the City of Minneapolis invests in livability and safety in Powderhorn! Learn more and join us Tuesday, 4/9 at 6 pm at the Salvation Army (1604 E Lake St.)   https://t.co/6e3dzfB5BR  https://t.co/9WNssvKciD", "likes_count": 1, "replies_count": 0, "retweets_count": 0, "hashtags": []}
{"id": 1115033921794772993, "date": "2019-04-07", "time": "19:29:37", "tweet": "@elonmusk @annerajb @TeslaMilton @IanPavelko How long do you think it will take people to see that your team with thousands of owners input are creating the best tech/car/product in history? No one can match this. the benefit of what you do on Twitter is greatly undervalued", "likes_count": 9, "replies_count": 1, "retweets_count": 1, "hashtags": []}
{"id": 1115033862919221248, "date": "2019-04-07", "time": "19:29:23", "tweet": "@elonmusk @annerajb @TeslaMilton @IanPavelko Voice input, has KITT arrived?", "likes_count": 9, "replies_count": 0, "retweets_count": 0, "hashtags": []}
{"id": 1115033843403247616, "date": "2019-04-07", "time": "19:29:19", "tweet": "annerajb TeslaMilton IanPavelko Any user input counts", "likes_count": 0, "replies_count": 0, "retweets_count": 0, "hashtags": []}
{"id": 1115033837615161345, "date": "2019-04-07", "time": "19:29:17", "tweet": "annerajb TeslaMilton IanPavelko Any user input counts", "likes_count": 0, "replies_count": 0, "retweets_count": 0, "hashtags": []}
{"id": 1115033813736984577, "date": "2019-04-07", "time": "19:29:12", "tweet": "@InAbsentiaDei @ReduceRight Guitar and bass, mainly. One or two inputs would be fine. No mics, except for vocals. Looking for direct input.", "likes_count": 0, "replies_count": 0, "retweets_count": 0, "hashtags": []}
{"id": 1115033808670265350, "date": "2019-04-07", "time": "19:29:10", "tweet": ".@geniewh Thanks GenieWH for letting me interview you about the gaming industry! Go check him out he had a lot of good input about the gaming industry,  https://t.co/IO2fmCfAE6", "likes_count": 4, "replies_count": 1, "retweets_count": 0, "hashtags": []}
{"id": 1115033804228517895, "date": "2019-04-07", "time": "19:29:09", "tweet": "opinions of streaming services to watch soccer. gimmie some input, please.", "likes_count": 0, "replies_count": 6, "retweets_count": 0, "hashtags": []}
{"id": 1115033758674116608, "date": "2019-04-07", "time": "19:28:59", "tweet": "@sheep_pez @Tankie_Viciedo I redid the image with your input in mind &amp; as an effort to make it more inclusive. Let me know if you like it better. ❤️  https://t.co/QBYjoIkA3D", "likes_count": 3, "replies_count": 2, "retweets_count": 2, "hashtags": []}
{"id": 1115033752508329985, "date": "2019-04-07", "time": "19:28:57", "tweet": "Top tip: If your customer advisory board asks me to review, in detail, 3 different advertising campaigns aimed at C-levels I am going to be so brutally honest by the end of the 3rd one you may consider removing me from your CAB. Sorry to whoever reviews the latest @CDWCorp input", "likes_count": 0, "replies_count": 1, "retweets_count": 0, "hashtags": []}
{"id": 1115033748150468608, "date": "2019-04-07", "time": "19:28:56", "tweet": "The Govt will review its decision to exclude natural therapies from private health insurance policies, which took effect at the start of April. The review will be undertaken by chief medical officer Brendan Murphy, who will receive input from an advisory panel that includes...", "likes_count": 2, "replies_count": 1, "retweets_count": 0, "hashtags": []}
{"id": 1115033645058678784, "date": "2019-04-07", "time": "19:28:31", "tweet": "@HoarseWisperer Yes!  They asked for input from Dems in the state and I put my two cents in.   I attended the last caucus and found it to be undemocratic and told them so.  I know others who did the same. Glad they listened.", "likes_count": 32, "replies_count": 1, "retweets_count": 2, "hashtags": []}
{"id": 1115033627794886656, "date": "2019-04-07", "time": "19:28:27", "tweet": "@AmyOztan LOL!! Why, thank you! I've been getting a good amount of unsolicited input lately and it's getting on my nerves. I'm capable of taking care of myself and if unsure, I can ask.", "likes_count": 1, "replies_count": 1, "retweets_count": 0, "hashtags": []}
{"id": 1115033414594375680, "date": "2019-04-07", "time": "19:27:37", "tweet": "annerajb TeslaMilton IanPavelko Any user input counts", "likes_count": 0, "replies_count": 0, "retweets_count": 0, "hashtags": []}
{"id": 1115033352556306433, "date": "2019-04-07", "time": "19:27:22", "tweet": "1 touch Calculator Lite -simple &amp; free- Free calculator. Easy input of Billion, Million, and Thousand.  https://t.co/cBUjTvKACd", "likes_count": 0, "replies_count": 0, "retweets_count": 0, "hashtags": []}
{"id": 1115032849554509824, "date": "2019-04-07", "time": "19:25:22", "tweet": "annerajb TeslaMilton IanPavelko Any user input counts", "likes_count": 0, "replies_count": 0, "retweets_count": 0, "hashtags": []}
{"id": 1115032828939575297, "date": "2019-04-07", "time": "19:25:17", "tweet": "annerajb TeslaMilton IanPavelko Any user input counts", "likes_count": 0, "replies_count": 0, "retweets_count": 0, "hashtags": []}
{"id": 1115032789122813954, "date": "2019-04-07", "time": "19:25:07", "tweet": "@annerajb @TeslaMilton @IanPavelko Any user input counts", "likes_count": 657, "replies_count": 48, "retweets_count": 20, "hashtags": []}
{"id": 1115032645086400513, "date": "2019-04-07", "time": "19:24:33", "tweet": "@elonmusk @TeslaMilton Ahhh, I always have at least one hand torquing it just slightly, so to me it feels like there’s no additional input required. Thanks for the details!", "likes_count": 43, "replies_count": 4, "retweets_count": 1, "hashtags": []}
{"id": 1115032565700861953, "date": "2019-04-07", "time": "19:24:14", "tweet": "@CoachJasonWitt I agree that soft skills are important but 14 and under is unrealistic. Most 14 year olds don’t know what they are doing or experiencing without input. It’s their prime puberty time.", "likes_count": 1, "replies_count": 0, "retweets_count": 0, "hashtags": []}
{"id": 1115032367641632768, "date": "2019-04-07", "time": "19:23:27", "tweet": "“I want something light..... like a steak.” - my dad’s dinner input", "likes_count": 3, "replies_count": 0, "retweets_count": 0, "hashtags": []}
{"id": 1115032364458160129, "date": "2019-04-07", "time": "19:23:26", "tweet": "@Mike_InIllinois @NorthShoreNine Well Mike im sure the other Mike would've stated he wished to be credited or compensated when I showed him the design much like others have done in the past but thanks for your input without all the information its been fun.", "likes_count": 0, "replies_count": 0, "retweets_count": 0, "hashtags": []}
{"id": 1115032198741155841, "date": "2019-04-07", "time": "19:22:47", "tweet": "@ProfGuyHarrison We definitely hear you! We're always working to improve your Hulu streaming experience — rest assured we'll share your input with appropriate teams. As for buffering, what device is in use? Try:  https://t.co/iorTVpPB8m. If no luck, also try:  https://t.co/eq306YDWNf. Any better?", "likes_count": 1, "replies_count": 1, "retweets_count": 0, "hashtags": []}
{"id": 1115032183570194432, "date": "2019-04-07", "time": "19:22:43", "tweet": "I’m for bikes in the #BCGov Active Transportation Strategy (ATS). BC is asking more input for the ATS which will inform policy for bikes for years to come. Be heard on the 3rd and final question so that investment in cycling gets into the #BCGov ATS  https://t.co/XEyN3mi2eN", "likes_count": 1, "replies_count": 0, "retweets_count": 0, "hashtags": ["bcgov", "bcgov"]}
{"id": 1115031962228387840, "date": "2019-04-07", "time": "19:21:50", "tweet": "@trav_downs The thing that still worries me is that the duplication of nodes to account for start/stop positions seems dynamic in the input, e.g. that /(\\w+)\\1/ example can match \"abcdefgfg\" or \"abcdefgabcdefg\". This is tractable if there is no way of stacking such non-determinism ...", "likes_count": 0, "replies_count": 2, "retweets_count": 0, "hashtags": []}
{"id": 1115031732435267584, "date": "2019-04-07", "time": "19:20:55", "tweet": "@RaiderCody_ @DC4LCustomTees @NorthShoreNine Nah chief. It’s a Sunday night. But thanks for your input.", "likes_count": 1, "replies_count": 0, "retweets_count": 0, "hashtags": []}
{"id": 1115031648884674562, "date": "2019-04-07", "time": "19:20:36", "tweet": "@MVD731 I was bad at 4 and still bad at ult but I just prefer how 4 played and the concept behind its playstyle. Ult is right on the edge of being really good imo but I can't get over the shitty input delay/buffer and the fact that button mashing one safe move is even more viable now", "likes_count": 0, "replies_count": 0, "retweets_count": 0, "hashtags": []}
{"id": 1115030983252815873, "date": "2019-04-07", "time": "19:17:57", "tweet": "🌃😼 en ZEF - Input  https://t.co/01bzKidjO3", "likes_count": 0, "replies_count": 0, "retweets_count": 0, "hashtags": []}
{"id": 1115030979427463168, "date": "2019-04-07", "time": "19:17:56", "tweet": "Does a person’s body type really require this much input from the peanut gallery? Don’t you people have better things to do?", "likes_count": 5, "replies_count": 0, "retweets_count": 0, "hashtags": []}
{"id": 1115030919776280576, "date": "2019-04-07", "time": "19:17:42", "tweet": "@TtalgiT thank u for your input talgi", "likes_count": 0, "replies_count": 0, "retweets_count": 0, "hashtags": []}
{"id": 1115030906698444802, "date": "2019-04-07", "time": "19:17:39", "tweet": "It has been a busy two days.  I needed today to recuperate.  I still have the wheels churning about Forever Bling.  Any suggestions or input is greatly appreciated.  Love you all.", "likes_count": 0, "replies_count": 0, "retweets_count": 0, "hashtags": []}
{"id": 1115030894018850817, "date": "2019-04-07", "time": "19:17:36", "tweet": "@Catorrina @FoldableHuman Every time I input “it is a good day to die” in Warcraft Two I made another horcrux.", "likes_count": 0, "replies_count": 0, "retweets_count": 0, "hashtags": []}
{"id": 1115030833465888768, "date": "2019-04-07", "time": "19:17:21", "tweet": "@AbsMcFabs @MIMIB_artibits @jack_sommers Your parents never called you a girl until you decided you were one? Lucky you. Unfortunately, most people in our society are called \"girl\" or \"boy\" before they even say their first word, so they get no input on that decision.", "likes_count": 0, "replies_count": 1, "retweets_count": 0, "hashtags": []}
{"id": 1115030645326131201, "date": "2019-04-07", "time": "19:16:36", "tweet": "@geofflangdale I find the non-determinism is what makes this easy: we already know how to simulate an NFA with m nodes over a input length n. So if you can construct an NFA (or NFA-like) that whose states definitely encode everything, then the complexity bound pops out of the size of the NFA.", "likes_count": 0, "replies_count": 1, "retweets_count": 0, "hashtags": []}
{"id": 1115030577999171584, "date": "2019-04-07", "time": "19:16:20", "tweet": "Hello Kitty® Bluetooth® Speaker System with Charging Port &amp; 3.5 mm Aux Input Best Seller $59.00  https://t.co/ednGRE2Rcx", "likes_count": 0, "replies_count": 0, "retweets_count": 0, "hashtags": []}
{"id": 1115030504418553856, "date": "2019-04-07", "time": "19:16:03", "tweet": "@MercurialAcuity - thought. It'd only irritate him more to have her chatter at him without his input.  \"You're a little young to be a teacher.\"", "likes_count": 0, "replies_count": 0, "retweets_count": 0, "hashtags": []}
{"id": 1115030440883126274, "date": "2019-04-07", "time": "19:15:48", "tweet": "How many Native Americans were killed by the European colonization? (This site is interesting because Multiple people give input)   https://t.co/G4tkYthwBW", "likes_count": 0, "replies_count": 0, "retweets_count": 0, "hashtags": []}
{"id": 1115030423363575808, "date": "2019-04-07", "time": "19:15:43", "tweet": "My brain when hungry never has any intelligent input to anything other than HONGRY", "likes_count": 0, "replies_count": 0, "retweets_count": 0, "hashtags": []}
{"id": 1115030284225994757, "date": "2019-04-07", "time": "19:15:10", "tweet": "yeah, i'm gonna make this a poll bc i genuinely need input bc i am the most indecisive human being ever so please help me decide what to do with nyssa ship-wise in this \"arrow ladies join the legends\" fic. i've gone back and forth so many times now.", "likes_count": 0, "replies_count": 1, "retweets_count": 1, "hashtags": []}
{"id": 1115030219168124930, "date": "2019-04-07", "time": "19:14:55", "tweet": "What do we expect from every #FSHS Graduate? Join us for an important event on Tuesday, April 23rd for a CommunityForum on the FS Profile of a Graduate. We need your input and feedback! 6 PM in the #FSHS Cafeteria! #WeAreFS  https://t.co/9uNPFv7HfM", "likes_count": 10, "replies_count": 0, "retweets_count": 3, "hashtags": ["fshs", "fshs", "wearefs"]}
{"id": 1115030170501402624, "date": "2019-04-07", "time": "19:14:43", "tweet": "@AidenBrennan10 @timothycjames @zalisteggall @TonyAbbottMHR He’s ok with women as long as they’re subservient !   His 1 woman in cabinet just another example of how much he values women’s input . ❌  “Gillard won’t lay down &amp; Die” Tony Abbott May 29, 2012❌  “Abortion is the easy way out”Tony Abbott March 16, 2004", "likes_count": 0, "replies_count": 1, "retweets_count": 0, "hashtags": []}
{"id": 1115030099357655040, "date": "2019-04-07", "time": "19:14:26", "tweet": "@Boeing @FAANews @NTSB 2 wks have passed since my earlier tweets&amp;I still can't accept the fact that the top Airplane Co used a SINGLE AoA input for a critical system on 737 Max8 violating FAR 25-1309. This is a no-no, no matter how reliable the input is &amp; AoAs are clearly ....1/3", "likes_count": 0, "replies_count": 1, "retweets_count": 0, "hashtags": []}
{"id": 1115030064117223424, "date": "2019-04-07", "time": "19:14:18", "tweet": "Ethiopian PM Abiy Ahmed is awaiting a European Union input to boost reconciliation initiative between #Somalia and #Somaliland.  The PM has vowed to install peace throughout the Horn of Africa with a focus on the Somali-Somaliland conflict. #Source: ADV  https://t.co/f6LlckgF9X", "likes_count": 0, "replies_count": 0, "retweets_count": 0, "hashtags": ["somalia", "somaliland", "source"]}
{"id": 1115029861607911425, "date": "2019-04-07", "time": "19:13:29", "tweet": "@MissSharpe4 @PrimaryIdeas Bit late, I know. Went well. Was my first lesson with a Y6 class after moving from Y3. Thanks for your input.", "likes_count": 1, "replies_count": 0, "retweets_count": 0, "hashtags": []}
{"id": 1115029844730023936, "date": "2019-04-07", "time": "19:13:25", "tweet": "Hey, Twitter friends! Looking for some creative input. If anyone is creative, likes DIY stuff, into crafting/decorating, etc., please let me know! I’d love to pick your mind on something", "likes_count": 1, "replies_count": 0, "retweets_count": 0, "hashtags": []}
{"id": 1115029840279871489, "date": "2019-04-07", "time": "19:13:24", "tweet": "@Frost599 Nice! I need TRS input!!", "likes_count": 0, "replies_count": 0, "retweets_count": 0, "hashtags": []}
{"id": 1115029812270239744, "date": "2019-04-07", "time": "19:13:18", "tweet": "@PrincessPoppet4 @Sussexroyal Where is your proof? Do you really think she actually had any input? Stop with your lies or show your proof.", "likes_count": 0, "replies_count": 0, "retweets_count": 0, "hashtags": []}
{"id": 1115029731097948160, "date": "2019-04-07", "time": "19:12:58", "tweet": "@Bobbyboy01 @ByMHarrington I disagree that Botterill knows the development process:they rarely put young players in a position to succeed.Should Thompson be skating with Larsson or Sobotka? Never! Same with Smith.Finally got it right with Olafsson &amp; he did well.Can’t blame it all on Wowie. GM has input", "likes_count": 0, "replies_count": 2, "retweets_count": 0, "hashtags": []}
{"id": 1115029712479371264, "date": "2019-04-07", "time": "19:12:54", "tweet": "@plyons45 Was absolutely fabulous Paul and your input made it even better!!😌😌", "likes_count": 1, "replies_count": 1, "retweets_count": 0, "hashtags": []}
{"id": 1115029569583570944, "date": "2019-04-07", "time": "19:12:20", "tweet": "also, while jughead is canonically a Libra, I don’t feel that that suits him (in the show nor the story I’m writing) so if anyone has any input on that I’d love to discuss!", "likes_count": 0, "replies_count": 0, "retweets_count": 0, "hashtags": []}
{"id": 1115029544606621696, "date": "2019-04-07", "time": "19:12:14", "tweet": "@TimothyScarlett A call for the committee was sent out earlier this semester. We're reporting back at the next faculty meeting, so there may yet be some work to do -- I will send you a link to what I've drafted and value your input. Thank you!", "likes_count": 1, "replies_count": 0, "retweets_count": 0, "hashtags": []}
{"id": 1115029463585005568, "date": "2019-04-07", "time": "19:11:55", "tweet": "@Anisian We're currently taking public input on  https://t.co/jUaoXpc4Hu if you want to chime in!", "likes_count": 1, "replies_count": 0, "retweets_count": 0, "hashtags": []}
{"id": 1115029407792386048, "date": "2019-04-07", "time": "19:11:41", "tweet": "@StonefieldsSch we all fit like pieces of a puzzle. Everybody’s input and their journeys and where they’ve been help put that puzzle together. It’s always the small pieces that make the big picture x  https://t.co/Orhu75dodx", "likes_count": 5, "replies_count": 0, "retweets_count": 2, "hashtags": []}
{"id": 1115029327043801088, "date": "2019-04-07", "time": "19:11:22", "tweet": "@lesliehung I feel like if you truly unknowingly supported it, it would be fine but instead you had INPUT on the fanart. We all know you knew what it was, but your reaction to it was a little disappointing.", "likes_count": 3, "replies_count": 0, "retweets_count": 0, "hashtags": []}
{"id": 1115028830132084738, "date": "2019-04-07", "time": "19:09:23", "tweet": "24 - AFK sex. I'm not sure what to call this exactly. Just the idea that my own characters aren't just mine, and that anyone can do what they want with them entirely without my own input, and they're off getting fucked or whatever on their own time without me knowing about it!", "likes_count": 2, "replies_count": 1, "retweets_count": 0, "hashtags": []}
