{"id": 1204913733908103170, "date": "2019-12-11", "time": "18:59:55", "tweet": "Next on @cofieldandco, @stevecofield and @meJVT are joined by @thedirtjohnson, to get his input on @coacharroyoTheO and #CFB!  https://t.co/08PNfm2iup", "likes_count": 2, "replies_count": 0, "retweets_count": 1, "hashtags": ["cfb"]}
{"id": 1204913568635858944, "date": "2019-12-11", "time": "18:59:15", "tweet": "@mayorseidel If you want to assert a theory and ask me for my input, you can just do that. You don't need to ask a bunch of bad-faith questions in response to a totally unrelated tweet, asserting that I'm saying things you know that I'm not, and then asking me to confirm", "likes_count": 0, "replies_count": 1, "retweets_count": 0, "hashtags": []}
{"id": 1204913565347590149, "date": "2019-12-11", "time": "18:59:14", "tweet": "@annewitha_e @0604Arb1320 @BjCruickshank @theSNP But then again so is her 'serious' political input. You lose some, you lose some.", "likes_count": 0, "replies_count": 0, "retweets_count": 0, "hashtags": []}
{"id": 1204913564579962885, "date": "2019-12-11", "time": "18:59:14", "tweet": "#Microsoft releases #Teams for #Linux! Firefox gets picture-in-picture, Disney dials back DRM on the desktop, and Canonical wold like your input on #Ubuntu 20.04 LTS. Notes&amp;Podcast  https://t.co/XpIE1otkXu   https://t.co/mDZyQmbkEr", "likes_count": 7, "replies_count": 0, "retweets_count": 8, "hashtags": ["microsoft", "teams", "linux", "ubuntu"]}
{"id": 1204913425924509698, "date": "2019-12-11", "time": "18:58:41", "tweet": "#NEW Raspberry PI Input/Output HAT  https://t.co/0LbRK0QelY #RaspberryPi", "likes_count": 4, "replies_count": 0, "retweets_count": 1, "hashtags": ["new", "raspberrypi"]}
{"id": 1204913347453259776, "date": "2019-12-11", "time": "18:58:22", "tweet": "i keep harping on about this because i personally USED TO BELIEVE THE SAME THING until people actually discussed it without gossip and bullying and with the input of actual non-cishet people and we all realised it was stupid. i just wish everyone could have the same opportunity", "likes_count": 0, "replies_count": 1, "retweets_count": 0, "hashtags": []}
{"id": 1204913240590798849, "date": "2019-12-11", "time": "18:57:57", "tweet": "@rzRitz You have good points.  I did manage to save up a bunch working much more over summer.  Most of what was left of that is going to Raj and I'm already panicking out about the costs I have yet to incur (food, Uber, etc).  I appreciate your input!", "likes_count": 0, "replies_count": 1, "retweets_count": 0, "hashtags": []}
{"id": 1204913214703783937, "date": "2019-12-11", "time": "18:57:51", "tweet": "@LettingGoSays @zkwmi Yes they can lose in the futures but they wouldn’t care, because then their input cost would be less overall. They are just using it as insurance. If they are not fully hedged they are happier if it goes down.", "likes_count": 0, "replies_count": 0, "retweets_count": 0, "hashtags": []}
{"id": 1204913198727606272, "date": "2019-12-11", "time": "18:57:47", "tweet": "@mykeryu My final point here is where would the franchise be at now without the fans' input on the game? How would you balance it? How would you keep it fresh and compelling for the players? Think about that before acting out that much on what's necessary for the series to grow.", "likes_count": 0, "replies_count": 0, "retweets_count": 0, "hashtags": []}
{"id": 1204913196433195008, "date": "2019-12-11", "time": "18:57:46", "tweet": "“Collecting feedback via digital listening channels   offers customers the freedom to provide input on their own time-frame,  while experiences are fresh in their minds   and through the channels they are increasingly accustomed to using”   says Medallia   https://t.co/rm3ZGXtqBF", "likes_count": 0, "replies_count": 0, "retweets_count": 0, "hashtags": []}
{"id": 1204913145447215104, "date": "2019-12-11", "time": "18:57:34", "tweet": "Ummmm this IS a democracy - seems the commissioner forgot.  Commissioner acts without input  https://t.co/ko4sXqDsrG #abq via @abqjournal", "likes_count": 0, "replies_count": 0, "retweets_count": 0, "hashtags": ["abq"]}
{"id": 1204913137901875200, "date": "2019-12-11", "time": "18:57:32", "tweet": "@MarieChadders It will happen organically. I will have no input whatsoever ;)", "likes_count": 0, "replies_count": 0, "retweets_count": 0, "hashtags": []}
{"id": 1204913088522260481, "date": "2019-12-11", "time": "18:57:21", "tweet": "@Momorsa Eu fiquei feliz demais com esses input rolando aí que coisa linda amigos artista", "likes_count": 2, "replies_count": 0, "retweets_count": 0, "hashtags": []}
{"id": 1204913068632924161, "date": "2019-12-11", "time": "18:57:16", "tweet": "@Andrew9Boswell @Transcendental1 @catherinerowett @VictoriaRance @sianberry @doctorpallavi @WNGreens @NorwichXr @NorwichGreens @martinschmierer @GreenRupertRead Thanks for the input, Andrew! And sorry if we haven't been in touch already re- suggested amends. We will be!", "likes_count": 3, "replies_count": 1, "retweets_count": 1, "hashtags": []}
{"id": 1204912982070878209, "date": "2019-12-11", "time": "18:56:55", "tweet": "@DPS_Goose I mean i've been using my PC just fine as I stream on it daily and talk via discord. My output and input are both my mixamp/headset. Also i'm going back to just team chat because I could hear them when it was on team but once I switched to all I couldn't.", "likes_count": 0, "replies_count": 0, "retweets_count": 0, "hashtags": []}
{"id": 1204912859198693384, "date": "2019-12-11", "time": "18:56:26", "tweet": "@JackieDP Stop #BrexitLexitLies Inst of Fiscal Studies, UK membership of the EU is worth 4% more in GDP = £1.9 billion. It means a UK net gain of over £1.6 billion a week. No Euro Full input. Freedom to live/work EU27 claim benefits/healthcare #RevokeA50 Vote @LibDems to #RemainEU", "likes_count": 0, "replies_count": 0, "retweets_count": 0, "hashtags": ["brexitlexitlies", "revokea50", "remaineu"]}
{"id": 1204912804525957120, "date": "2019-12-11", "time": "18:56:13", "tweet": "CM @Delishia4D29 presses Crumbo on why this plan was submitted to the comptroller today, ahead of the planned meeting when there was no specific deadline. Perhaps it could have looked different with input from council members, she says. Asks for transparency.", "likes_count": 3, "replies_count": 2, "retweets_count": 2, "hashtags": []}
{"id": 1204912779175583745, "date": "2019-12-11", "time": "18:56:07", "tweet": "Any one can work hard. The mission has to be aligned to the  input energy. When it's not,  people grinding to the bone blame themselves for not “succeeding” and feeling like failures. Persistence with out course correction is like a rearview mirror that you refuse to use.", "likes_count": 2, "replies_count": 1, "retweets_count": 1, "hashtags": []}
