{"id": 1180996069016117248, "date": "2019-10-06", "time": "19:59:39", "tweet": "@johnmerro1 @ShoeyEFC1234 Of course, as always! He may have some input but I seriously doubt it will be of any significance", "likes_count": 0, "replies_count": 0, "retweets_count": 0, "hashtags": []}
{"id": 1180996036661133312, "date": "2019-10-06", "time": "19:59:31", "tweet": "@ImGawdTTV @fishcpc @xEzziii Creates input lag", "likes_count": 2, "replies_count": 0, "retweets_count": 0, "hashtags": []}
{"id": 1180995881518145537, "date": "2019-10-06", "time": "19:58:54", "tweet": "Thanks for your input. Now go back and watch the show! #DowntonAbbey #DowntonAbbeyFilm  https://t.co/02eWieMDT3", "likes_count": 0, "replies_count": 0, "retweets_count": 0, "hashtags": ["downtonabbey", "downtonabbeyfilm"]}
{"id": 1180995736281985025, "date": "2019-10-06", "time": "19:58:20", "tweet": "@FutSpy Been playing futchamps since it was first released, (FUT founder) this weekend was the first time I didn’t finish all my games. Connection, rebounds, button input delay were awful. The game feels heavy, unfinished and needs fixing ASAP.", "likes_count": 1, "replies_count": 1, "retweets_count": 0, "hashtags": []}
{"id": 1180995679432450048, "date": "2019-10-06", "time": "19:58:06", "tweet": "@gmbutts I hate bearing bad news; it's a Federal Election. 🤡 Since the no's show input $'s is up,  (and not enough time has passed), I would say the children's grammar was already bad. *we have +100k less enrolled children and the bill went up 4B, the ? should be where's the money", "likes_count": 0, "replies_count": 0, "retweets_count": 0, "hashtags": []}
{"id": 1180995497466703872, "date": "2019-10-06", "time": "19:57:23", "tweet": "@_KatieeM thank you for your input", "likes_count": 0, "replies_count": 1, "retweets_count": 0, "hashtags": []}
{"id": 1180995386682429441, "date": "2019-10-06", "time": "19:56:56", "tweet": "@MaineTrendTeam @mainedcm Input in into #MaineMendoza #MaineCarloOnTWBATonight", "likes_count": 0, "replies_count": 0, "retweets_count": 1, "hashtags": ["mainemendoza", "mainecarloontwbatonight"]}
{"id": 1180995336405504001, "date": "2019-10-06", "time": "19:56:44", "tweet": "Help us name the new park! The City of Batesville is seeking input from the community to name our new park on Six Pine Road. Visit  https://t.co/Me1WeJAd95 to submit your idea! The new name will be unveiled in Spring 2020.  https://t.co/zYylH1E7OS", "likes_count": 9, "replies_count": 2, "retweets_count": 2, "hashtags": []}
{"id": 1180995136014168065, "date": "2019-10-06", "time": "19:55:56", "tweet": "Still looking for input on this, by the way.  https://t.co/nWfQcgB7Tr", "likes_count": 2, "replies_count": 0, "retweets_count": 1, "hashtags": []}
{"id": 1180995123884285952, "date": "2019-10-06", "time": "19:55:54", "tweet": "Coaster fans of Twitter, can you reply below or DM me? I have an idea for merch and want your input", "likes_count": 1, "replies_count": 1, "retweets_count": 1, "hashtags": []}
{"id": 1180994740893806592, "date": "2019-10-06", "time": "19:54:22", "tweet": "May initial value, Nag add input sa value Gin modify ang value Gin revert ang value  Wala pulos ang input. Kakasa na lang ang line 3.", "likes_count": 0, "replies_count": 0, "retweets_count": 0, "hashtags": []}
{"id": 1180994738989625344, "date": "2019-10-06", "time": "19:54:22", "tweet": "#Xbox turning on without any input #XboxOne  https://t.co/l4LxDivHXl", "likes_count": 0, "replies_count": 0, "retweets_count": 0, "hashtags": ["xbox", "xboxone"]}
{"id": 1180994528645455872, "date": "2019-10-06", "time": "19:53:32", "tweet": "@aaronliveco So glad to see you getting back to the roots! Been watching you and the gang for a while. Could you hit me with a follow so I can shoot you a DM? I want to get some input from an experienced content creator.", "likes_count": 0, "replies_count": 1, "retweets_count": 0, "hashtags": []}
{"id": 1180994446927826946, "date": "2019-10-06", "time": "19:53:12", "tweet": "@ChocolateeTpot This is awesome input.  Do you believe there is a double edged sword here?  If so, what do you think the opposing edges are?", "likes_count": 1, "replies_count": 1, "retweets_count": 0, "hashtags": []}
{"id": 1180994165108285440, "date": "2019-10-06", "time": "19:52:05", "tweet": "Them: How can we change the education system?   Me: Stop promoting the unqualified. Invest in professional development. Create policies based on educators input. Address inequities by naming the people behind the. Give schools the money and resources that they need.", "likes_count": 42, "replies_count": 3, "retweets_count": 10, "hashtags": []}
{"id": 1180994123496644608, "date": "2019-10-06", "time": "19:51:55", "tweet": "@60Minutes Hope the gps satellite never go offline. It’s hard to plant without a row marker and speed input.", "likes_count": 2, "replies_count": 0, "retweets_count": 0, "hashtags": []}
{"id": 1180993964553302017, "date": "2019-10-06", "time": "19:51:17", "tweet": "@DVpit_ @GoodwinVianna This is a good conversation and I appreciate everyone's input. And no one is jumping down my neck for HAVING an opinion. :) Thanks! ❤️", "likes_count": 4, "replies_count": 1, "retweets_count": 0, "hashtags": []}
{"id": 1180993904465702913, "date": "2019-10-06", "time": "19:51:03", "tweet": "@roycaloca1 Ha ha... thanks for the input Roy. I can't stand Joe Buck, so having the two of them is really painful.", "likes_count": 1, "replies_count": 1, "retweets_count": 0, "hashtags": []}
{"id": 1180993567344529408, "date": "2019-10-06", "time": "19:49:42", "tweet": "@TheStarKenya Which generation follow this old man who only input is poverty", "likes_count": 1, "replies_count": 1, "retweets_count": 0, "hashtags": []}
{"id": 1180993267405598721, "date": "2019-10-06", "time": "19:48:31", "tweet": "@The_C_H_A_D @ebruenig A brave and unique input to the discourse of being an asshole. Congratulations.", "likes_count": 0, "replies_count": 0, "retweets_count": 0, "hashtags": []}
{"id": 1180993165353840640, "date": "2019-10-06", "time": "19:48:07", "tweet": "Estilizar o input e button da tela de partidos  https://t.co/oiJ84b3inm #github #JavaScript #CSS #HTML", "likes_count": 0, "replies_count": 0, "retweets_count": 0, "hashtags": ["github", "javascript", "css", "html"]}
{"id": 1180992851989143552, "date": "2019-10-06", "time": "19:46:52", "tweet": "@ETSshow @ccardyDNP @ShreyaTrivediMD @gradydoctor @DrPoorman @abbyCCim @arghavan_salles @Ndouthit @tony_breu @Uppieup @SonjaRaaum @kidney_boy @PaulBerglMD @PaulSaxMD @meggerber @MKIttlesonMD @DrEricStrong @EricTopol @karynbaum @RJmdphilly @ZackBergerMDPhD @VPrasadMDMPH @WhiteCoatDiary @ShannonOMac @DrJRMarcelin @KellyCawcuttMD @KellyMDoran @DrQuinnCapers4 @AvrahamCooperMD @emily_fri @WomenSurgeons @WomenofImpact4 @Wickersham_Eliz @ClinicalPearl @ThatClinical @kristinadzara @sargsyanz @UrmimalaSarkar @choo_ek @theblondeMD @MedEdChat @FutureDocs @LaraVarpio @pedsmd2b @subhaairan @aoglasser @IDdocAdi @laxswamy @rheum_cat Yes this is superb point.  There are students/trainees that effectively share their in process learning - see @RishiKTrivedi asking 4 pyoderma gangrenosum schema input today.  Also in terms of environs and #burnout, there are #meded civic minded brave tweeps that keep us focused", "likes_count": 8, "replies_count": 0, "retweets_count": 0, "hashtags": ["burnout", "meded"]}
{"id": 1180992740491841537, "date": "2019-10-06", "time": "19:46:25", "tweet": "we are dealing with an affront to democracy in technology via a communist sales tactic for allocated entertainment  the network distribution is an output surplus so it can sequence or market the ongoing input  that's our bias bot tryna curtail a pity party unless it's profitable", "likes_count": 0, "replies_count": 0, "retweets_count": 0, "hashtags": []}
{"id": 1180992707298283522, "date": "2019-10-06", "time": "19:46:17", "tweet": "[13/100] #100DaysOfCode  El Question sólo es una pregunta con un input de type number. La gracia es como cargamos un componente condicionalmente.  Si pasa el - ? - cargamos el &lt;Form /&gt;.  React hace súper fácil las vistas condicionales😄  https://t.co/Hn3sgy9hmL", "likes_count": 4, "replies_count": 1, "retweets_count": 3, "hashtags": ["100daysofcode"]}
{"id": 1180992652663250945, "date": "2019-10-06", "time": "19:46:04", "tweet": "@PalomaStovall @SenRonJohnson Chuck is just tired of the bull-shit that these Republicans don't want to answer the questions.  All we can do is vote on every election, especially Nov. 2020 and call your US Representative &amp; Senator.   And give them your input.", "likes_count": 0, "replies_count": 0, "retweets_count": 0, "hashtags": []}
{"id": 1180992586015821824, "date": "2019-10-06", "time": "19:45:48", "tweet": "NooElec NESDR Nano 3 – Premium Tiny RTL-SDR w/ Aluminum Enclosure, 0.5PPM TCXO, SMA &amp; MCX Input &amp; Custom Heatsink. RTL2832U &amp; R820T2-Based Software Defined Radio  https://t.co/NyCk93DwON", "likes_count": 0, "replies_count": 0, "retweets_count": 0, "hashtags": []}
{"id": 1180992563957903361, "date": "2019-10-06", "time": "19:45:43", "tweet": "@BootlegFantasy @FantasySits I think I agree with you. Probably gonna put McCoy in there.. Thank you for your input!", "likes_count": 0, "replies_count": 0, "retweets_count": 0, "hashtags": []}
{"id": 1180992429727633408, "date": "2019-10-06", "time": "19:45:11", "tweet": "@MelodySHolt1 Me too! I totally understood where she was coming from. She’s his wife and should have been in “the know” yet she hears it after he made the decision without her input smh...", "likes_count": 0, "replies_count": 1, "retweets_count": 0, "hashtags": []}
{"id": 1180992221258100736, "date": "2019-10-06", "time": "19:44:21", "tweet": "@kylepetty Imagine ignoring a 7 time cup champion’s input", "likes_count": 1, "replies_count": 0, "retweets_count": 0, "hashtags": []}
{"id": 1180992210415673344, "date": "2019-10-06", "time": "19:44:19", "tweet": "iOS there any indication as to why @Jchawes and @grantswilson aren’t working together anymore?  I’ve seen #GhostHunters and am looking forward to #ghostnation.  Just seems weird, based on what I’ve heard that they aren’t back together.  Appreciate any input.", "likes_count": 0, "replies_count": 0, "retweets_count": 0, "hashtags": ["ghosthunters", "ghostnation"]}
{"id": 1180992131093147649, "date": "2019-10-06", "time": "19:44:00", "tweet": "Advisory panels provide significant input to decision making | OurAuckland  https://t.co/Q1hPOkohor", "likes_count": 3, "replies_count": 0, "retweets_count": 0, "hashtags": []}
{"id": 1180992027300896769, "date": "2019-10-06", "time": "19:43:35", "tweet": "@defrizon_indra Ini contoh kegagalan berpikir \"system thinking\", sama seperti kata Cak Nun di sini  https://t.co/bm6BIa822U  Nggak terbiasa mikir yg lengkap, sebab-akibat, input-output. Ngeributin segala yg diributkan, muter2 ditempat, seakan2 kerja2 tapi nggak mikir melihat 'big picture'!", "likes_count": 4, "replies_count": 1, "retweets_count": 2, "hashtags": []}
{"id": 1180991987924627456, "date": "2019-10-06", "time": "19:43:26", "tweet": "@Unblockzippity I’ve been thinking along those same lines...doing all I can right now to help new players not get slaughtered to the point of never wanting to play again. I’ll definitely be suggesting something along these lines. Thanks for the input! 😉👍🏻", "likes_count": 4, "replies_count": 0, "retweets_count": 0, "hashtags": []}
{"id": 1180991724270825472, "date": "2019-10-06", "time": "19:42:23", "tweet": "@BlakeyMeghan @sandymoller These are great points. Always great to hear from an expert in the field when we are discussing topics like this. Thanks for your input.", "likes_count": 0, "replies_count": 0, "retweets_count": 0, "hashtags": []}
{"id": 1180991503293808640, "date": "2019-10-06", "time": "19:41:30", "tweet": "@sportswithfacts Thanks for the input appreciated", "likes_count": 1, "replies_count": 0, "retweets_count": 0, "hashtags": []}
{"id": 1180991491642216448, "date": "2019-10-06", "time": "19:41:28", "tweet": "Why don’t recommendation systems typically have explicit keyword or semantic input systems from users. (e.g. Why can’t I tell YouTube that I don’t care about the Jets?)", "likes_count": 0, "replies_count": 2, "retweets_count": 0, "hashtags": []}
{"id": 1180991165358907393, "date": "2019-10-06", "time": "19:40:10", "tweet": "@Karuana @lauriepottmeyer Oauu this sounds really great. Maybe we can arrange a #O365Champions meetup also in Munich, Germany. I am hosting the meetup there and the community is really happy to get input regarding this topic.", "likes_count": 2, "replies_count": 1, "retweets_count": 0, "hashtags": ["o365champions"]}
{"id": 1180990803017109511, "date": "2019-10-06", "time": "19:38:43", "tweet": "@pdainko @LifeNewsHQ @realDonaldTrump But it is about the teen's role. If she's old enough to get pregnant, she should be old enough to have some input in her sexual health, including birth control. The whole \"offense\" is that she asked for BC through the on school health clinic rather than getting parent permission.", "likes_count": 0, "replies_count": 1, "retweets_count": 0, "hashtags": []}
{"id": 1180990797442736129, "date": "2019-10-06", "time": "19:38:42", "tweet": "@FjeldernBR I’ll give that a try because I’ve tried so much. It’s impossible to play with this much input lag", "likes_count": 0, "replies_count": 0, "retweets_count": 0, "hashtags": []}
{"id": 1180990772813946881, "date": "2019-10-06", "time": "19:38:36", "tweet": "@Hotdogcat4 I watched a lot of his reviews! Thanks so much for all the input 😁", "likes_count": 0, "replies_count": 0, "retweets_count": 0, "hashtags": []}
