{"id": 1205638352851963904, "date": "2019-12-13", "time": "18:59:17", "tweet": "@BukaBantuan Maaf min Tolong dibantu input resi transaksi ini juga. - Transaksi 192597210425 no resi 000605297842 - transaksi 192597328555 no resi 000363817086 - transaksi 192597436500 No resi 000363816175 - transaksi 192598176200 No resi 000363825734 TERIMA KASIH Min", "likes_count": 0, "replies_count": 1, "retweets_count": 0, "hashtags": []}
{"id": 1205638338927091712, "date": "2019-12-13", "time": "18:59:14", "tweet": "What’s the best input in ultimate", "likes_count": 0, "replies_count": 0, "retweets_count": 0, "hashtags": []}
{"id": 1205638330240700416, "date": "2019-12-13", "time": "18:59:12", "tweet": "@AMPARADOXXX Her sister’s. Leave your input out of people’s relationships &amp; don’t assume unless you know.", "likes_count": 0, "replies_count": 0, "retweets_count": 0, "hashtags": []}
{"id": 1205638059808690181, "date": "2019-12-13", "time": "18:58:07", "tweet": "Thank you for everyone’s input. Stay tuned for episode 1.", "likes_count": 5, "replies_count": 0, "retweets_count": 0, "hashtags": []}
{"id": 1205637956196679680, "date": "2019-12-13", "time": "18:57:43", "tweet": "Paint it Out!!!! &lt;&lt; INPUT ∝ OUTPUT :: KNOCK OUT MONKEY #NowPlaying", "likes_count": 0, "replies_count": 0, "retweets_count": 0, "hashtags": ["nowplaying"]}
{"id": 1205637941306937345, "date": "2019-12-13", "time": "18:57:39", "tweet": "@br4kshow i know it is. i’m saying i’ll delete it. i never said you told me to delete. i said i will delete it. no big deal. i asked for your input, you gave it to me, and i decided to delete it anyway, because i realized it was wrong.", "likes_count": 0, "replies_count": 1, "retweets_count": 0, "hashtags": []}
{"id": 1205637848633925634, "date": "2019-12-13", "time": "18:57:17", "tweet": "@_RL_W @errybodymad4 @QueenCobra_Z @adamcbest So in a system of distributing costs, there's input(money gen) and output(spend). Warren has said the output for care provided for M4A will basically be Bernie's. She provided the input end so both of those taken together is her  overall end state proposal. What is Bernie's?", "likes_count": 2, "replies_count": 1, "retweets_count": 0, "hashtags": []}
{"id": 1205637809266032640, "date": "2019-12-13", "time": "18:57:08", "tweet": "@spekulation @AndyBCampbell I'm not tagging someone to put a burden on them &amp; I promise I won't tag you.  Beyond that, I don't think your point is baseless, however you don't get to dictate how I interact with the platform. I appreciate your input &amp; concern.", "likes_count": 0, "replies_count": 2, "retweets_count": 0, "hashtags": []}
{"id": 1205637787162206214, "date": "2019-12-13", "time": "18:57:02", "tweet": "@roygbivmage @sloblesbian @gravesights @nonagesimus bout to strike you down for being a fool right now you lovable dingus  Personally I've never once found you annoying or aggravating, I love talking to you and on the odd occasions I talk about ocs I value your input!", "likes_count": 2, "replies_count": 1, "retweets_count": 0, "hashtags": []}
{"id": 1205637732212649987, "date": "2019-12-13", "time": "18:56:49", "tweet": "@MingisFIower Well thanks for your input 🤪", "likes_count": 0, "replies_count": 0, "retweets_count": 0, "hashtags": []}
{"id": 1205637649773580288, "date": "2019-12-13", "time": "18:56:30", "tweet": "@ Tina please give your input on this situation yours is the only opinion that truly matters", "likes_count": 3, "replies_count": 0, "retweets_count": 0, "hashtags": []}
{"id": 1205637571113627649, "date": "2019-12-13", "time": "18:56:11", "tweet": "@BringHalo @Nawtep 1) take a look at other PC games where the controller is a viable input.  Let’s use Apex, Fortnite, and CoD:MW as an example.  Would you say controller players in these games on PC are in the majority or minority of players?", "likes_count": 0, "replies_count": 2, "retweets_count": 0, "hashtags": []}
{"id": 1205637502352187397, "date": "2019-12-13", "time": "18:55:54", "tweet": "@cluckeryDuckery Thanks for the input,  I didn't want to be morbid or pushy about it. I will do this.", "likes_count": 0, "replies_count": 0, "retweets_count": 0, "hashtags": []}
{"id": 1205637481976057856, "date": "2019-12-13", "time": "18:55:50", "tweet": "“As a founder, seek input, but ultimately you’re in charge”. Really enjoyed speaking with ⁦@glennsolomon⁩ on #FounderRealTalk. He is a great interviewer! Thanks so much for having me. The full interview is here.   https://t.co/MgEA0YrVGw", "likes_count": 22, "replies_count": 1, "retweets_count": 2, "hashtags": ["founderrealtalk"]}
{"id": 1205637396286492672, "date": "2019-12-13", "time": "18:55:29", "tweet": "Proverbs says, “Plans fail for lack of counsel, but with many advisers they succeed.” (Proverbs 15:22)  The point is that the more input and wisdom you have into a decision, the more likely it is to succeed. This is...  https://t.co/VtPfMQX4N6", "likes_count": 0, "replies_count": 0, "retweets_count": 0, "hashtags": []}
{"id": 1205637384764887040, "date": "2019-12-13", "time": "18:55:26", "tweet": "Tips on speeding up #dnd combat?  I find #dnd5e is an awesome system with loads of options, buthat can increase input lag.  Sometimes it cuts into the vibe of high speed violence.  https://t.co/YYNokMJNVL", "likes_count": 11, "replies_count": 9, "retweets_count": 1, "hashtags": ["dnd", "dnd5e"]}
{"id": 1205637308260765696, "date": "2019-12-13", "time": "18:55:08", "tweet": "@TiavioliGaming En Discord y Reddit hay centenares de personas jugando, y NADIE se está quejando del input lag. De los gráficos, del catálogo de juegos, de los precios, etc... pero del input lag nadie. Yo estoy jugando al Assassin's Creed y ni me acuerdo de que es un streaming.", "likes_count": 1, "replies_count": 1, "retweets_count": 0, "hashtags": []}
{"id": 1205637230481596417, "date": "2019-12-13", "time": "18:54:50", "tweet": "#git  [PATCH v2 13/14] git-p4: use python3's input() everywhere  https://t.co/EINpFYGtAq", "likes_count": 0, "replies_count": 0, "retweets_count": 0, "hashtags": ["git"]}
{"id": 1205637207924641794, "date": "2019-12-13", "time": "18:54:44", "tweet": "this list is definitive, no additional input is needed at this time", "likes_count": 0, "replies_count": 1, "retweets_count": 0, "hashtags": []}
{"id": 1205637205198176256, "date": "2019-12-13", "time": "18:54:44", "tweet": "@pheauteau Apologies for the delayed response. Thank you for your feedback. We're constantly striving to improve Fitbit products and services, and we very much appreciate all of the input we receive from our customers.", "likes_count": 0, "replies_count": 0, "retweets_count": 0, "hashtags": []}
