{"id": 1183532758666272772, "date": "2019-10-13", "time": "19:59:33", "tweet": "@telawhorn The price is hard to swallow. I'd have to wait until there's a HUGE sale before I can justify it, but even then...  thank you for the input!!", "likes_count": 1, "replies_count": 1, "retweets_count": 0, "hashtags": []}
{"id": 1183532689284063234, "date": "2019-10-13", "time": "19:59:16", "tweet": "Am I the only one that doesn't watch Power after Before I Self Destruct @50cent  taught me not to trust his input....", "likes_count": 0, "replies_count": 0, "retweets_count": 0, "hashtags": []}
{"id": 1183532636452671491, "date": "2019-10-13", "time": "19:59:04", "tweet": "@LemonTea_Leaf @FullyChargedDan @EVNewsDaily @EVRevShow @KateFantom @ecocars1 @She_sElectric @pluginadventure @transportevolve @HomeEnergyScot @EVA_Scotland Is this annual input ?", "likes_count": 0, "replies_count": 1, "retweets_count": 0, "hashtags": []}
{"id": 1183532344889827328, "date": "2019-10-13", "time": "19:57:54", "tweet": ".@Gitarre3 hast du ne Ahnung, warum mein TS bei Audio input und output crasht? (Linux ZorinOS Core x64)", "likes_count": 0, "replies_count": 1, "retweets_count": 0, "hashtags": []}
{"id": 1183532331665113093, "date": "2019-10-13", "time": "19:57:51", "tweet": "@PyroTheReaper It's the end of season 10 and the developers only planned up to season 10, so currently the only thing people can do is watch the black hole or input the Konami code and play a old style galactic shooter, also codes are involved so someone is probobly working on cracking them  https://t.co/4x3Wfn0uKf", "likes_count": 1, "replies_count": 1, "retweets_count": 0, "hashtags": []}
{"id": 1183532228082466816, "date": "2019-10-13", "time": "19:57:26", "tweet": "people need to stop putting their input on shit that isn’t their business", "likes_count": 0, "replies_count": 0, "retweets_count": 0, "hashtags": []}
{"id": 1183532167374295041, "date": "2019-10-13", "time": "19:57:12", "tweet": "@ChrisJNFL I don't place the blame solely at Garrett's door, but he's part of the process. Unless you think the HC has 0 input in roster management and roster churn? If so then you mustn't follow some very smart people.  I thought that was one of JG's best attributes? Team/culture building?", "likes_count": 0, "replies_count": 1, "retweets_count": 0, "hashtags": []}
{"id": 1183532127394172930, "date": "2019-10-13", "time": "19:57:02", "tweet": "Me to the first TV maker that puts an LED light on the input/outputs panel that you can turn on to see when you’re connecting things, instead of blindly flipping/moving cables around 638,000 times  https://t.co/vlbXB7PtOw", "likes_count": 3, "replies_count": 0, "retweets_count": 0, "hashtags": []}
{"id": 1183532088152285184, "date": "2019-10-13", "time": "19:56:53", "tweet": "@CapturingChrist Yeeeeaaah, only your first assertion is entirely baseless. In logic, we call that “garbage in, garbage out”. You can build the most perfect logic machine, but if your input is trash, your conclusion will also be trash.", "likes_count": 0, "replies_count": 0, "retweets_count": 0, "hashtags": []}
{"id": 1183531872577556480, "date": "2019-10-13", "time": "19:56:02", "tweet": "@AudreyJSParker Sounds like a good starting point! I'd suggest talking to leaders of the existing volunteer groups. I'm happy to provide input on informal basis, but I do work for MARTA now, and the core/strategic convo should really happen independent of the agencies.", "likes_count": 0, "replies_count": 0, "retweets_count": 0, "hashtags": []}
{"id": 1183531764532137986, "date": "2019-10-13", "time": "19:55:36", "tweet": "@HueManBean Thanks for the suggestions. I am still contemplating your input. I am not judgemental, nor, do I need everyone to believe as I chose to, but I am all about respect.", "likes_count": 0, "replies_count": 0, "retweets_count": 0, "hashtags": []}
{"id": 1183531551939874817, "date": "2019-10-13", "time": "19:54:45", "tweet": "So I heard October is Domestic Violence Awareness month.. And growing up as a kid being exposed to domestic violence, I just want to put in my personal input...   Abuse comes in many different forms, sometimes it's physical, sometimes it's verbal, sometimes it's mental...", "likes_count": 4, "replies_count": 1, "retweets_count": 1, "hashtags": []}
{"id": 1183531550203207680, "date": "2019-10-13", "time": "19:54:45", "tweet": "Supreme court appointees, foreign affairs and immigration, are three subjects that Ottawa resents input from the minions.   #cdnpoli #bcpoli #vanre #CCP #China #TiananmenSquareMassacre #HongKongProtests #moneylaundering #housingcrisis #unitedfront     https://t.co/onG41HUu1w", "likes_count": 0, "replies_count": 0, "retweets_count": 0, "hashtags": ["cdnpoli", "bcpoli", "vanre", "ccp", "china", "tiananmensquaremassacre", "hongkongprotests", "moneylaundering", "housingcrisis", "unitedfront"]}
{"id": 1183531491629977602, "date": "2019-10-13", "time": "19:54:31", "tweet": "Input Required", "likes_count": 0, "replies_count": 0, "retweets_count": 0, "hashtags": []}
{"id": 1183531455001104385, "date": "2019-10-13", "time": "19:54:22", "tweet": "@TS8841 I saw a picture shows the MTR input a new CCTV with record system inside the carriage, it’s black on top and look like a speaker. Not fact check yet . Hope it’s not true", "likes_count": 1, "replies_count": 1, "retweets_count": 0, "hashtags": []}
{"id": 1183531206438047744, "date": "2019-10-13", "time": "19:53:23", "tweet": "@pinklady_ktown @ReallyEW Omgosh, we need input on songs for new playlists/songs!! We’ll add this one. Any other suggestions? 😃   https://t.co/SF3JUBizm8", "likes_count": 0, "replies_count": 1, "retweets_count": 0, "hashtags": []}
{"id": 1183531183684096001, "date": "2019-10-13", "time": "19:53:17", "tweet": "Go back where you were! Your input is not needed or wanted.", "likes_count": 0, "replies_count": 0, "retweets_count": 0, "hashtags": []}
{"id": 1183531174624481280, "date": "2019-10-13", "time": "19:53:15", "tweet": "Your heart the clock ,don't let your computer get turned off before all ya credentials been input into the paperwork💡", "likes_count": 0, "replies_count": 0, "retweets_count": 0, "hashtags": []}
{"id": 1183530952946905089, "date": "2019-10-13", "time": "19:52:22", "tweet": "@jeniushelp halo kak mau tanya. Aplikasi jenius lg perbaikan kah? Kok sy mau login ga bisa ya? Padahal sy sdh input password ataupun fingerprint. Trims", "likes_count": 0, "replies_count": 1, "retweets_count": 0, "hashtags": []}
{"id": 1183530742258655233, "date": "2019-10-13", "time": "19:51:32", "tweet": "@JimmyPenland @richardmarx Well then, thanks for your input there, Mr. Happy....", "likes_count": 0, "replies_count": 0, "retweets_count": 0, "hashtags": []}
