{"id": 1083151302912143361, "date": "2019-01-09", "time": "18:59:29", "tweet": "@NunzioSignore @108_Performance @KanzlerThinks @ZachDechant @Tywhite27 @dadams1a @drsosterer @tavisbruce @_joeycunha @PfaffSC I think you bring up an important point, but it is a slippery slope in my mind.    The 'increased stability compensating for excessive mobility loop' doesn't end well.  When-how we input is topic for another day, but is where many get lost in their overly-confident predictions", "likes_count": 1, "replies_count": 1, "retweets_count": 0, "hashtags": []}
{"id": 1083151161870508032, "date": "2019-01-09", "time": "18:58:55", "tweet": "@LeonaReq Amazing input as always from you - thank you 😊 Xxx", "likes_count": 2, "replies_count": 0, "retweets_count": 0, "hashtags": []}
{"id": 1083151101468258309, "date": "2019-01-09", "time": "18:58:41", "tweet": "@marinamaral2 My Bluetooth Bose Sound link speaker kept drifting in and out of the signal. Gave up and plugged a lead into laptop headphone socket and other end to Bose aux input. Works!", "likes_count": 0, "replies_count": 0, "retweets_count": 0, "hashtags": []}
{"id": 1083151044178149376, "date": "2019-01-09", "time": "18:58:27", "tweet": "I'm playing games on iCashApp and it's so much fun! Download it, input the refer code WJZN9LE get coins.", "likes_count": 0, "replies_count": 0, "retweets_count": 0, "hashtags": []}
{"id": 1083150824635809792, "date": "2019-01-09", "time": "18:57:35", "tweet": "to whoever has been using fake numbers to text me, the father of my child and my dad: YOU CAN STOP. idk why you're so obsessed w my life but I promise I'm doing fine w out your input. please go be miserable elsewhere.", "likes_count": 8, "replies_count": 4, "retweets_count": 0, "hashtags": []}
{"id": 1083150802972233728, "date": "2019-01-09", "time": "18:57:30", "tweet": "⚡️ “This portable monitor can run off a USB input”   https://t.co/9x8XbfEM6l", "likes_count": 0, "replies_count": 0, "retweets_count": 0, "hashtags": []}
{"id": 1083150693865644032, "date": "2019-01-09", "time": "18:57:04", "tweet": "@lazygamereviews There’s equipment for this - you might be able to find a video card or something to go in between that and cry that can take an input clock and synchronize the blanking with your cameras", "likes_count": 0, "replies_count": 0, "retweets_count": 0, "hashtags": []}
{"id": 1083150512906747910, "date": "2019-01-09", "time": "18:56:20", "tweet": "&gt; Prendre une stock sur un miss input de l'adversaire &gt; Prendre une stock sur un combo mytho &gt; prendre une stock sur un gimp &gt; gagner 3-0 &gt; winquit", "likes_count": 0, "replies_count": 1, "retweets_count": 0, "hashtags": []}
{"id": 1083150416341131264, "date": "2019-01-09", "time": "18:55:57", "tweet": "We want your input! We're reaching out to residents to find out what matters most to you. Take the community survey TODAY!  https://t.co/TcCyj1VoGn #REimagineGovernment #YourOpinionMatters  https://t.co/lN5emK35SE", "likes_count": 2, "replies_count": 0, "retweets_count": 2, "hashtags": ["reimaginegovernment", "youropinionmatters"]}
{"id": 1083150228805611526, "date": "2019-01-09", "time": "18:55:13", "tweet": "@CookieCyboid Spookiness accepted please input prime directive", "likes_count": 1, "replies_count": 1, "retweets_count": 0, "hashtags": []}
{"id": 1083150015424618498, "date": "2019-01-09", "time": "18:54:22", "tweet": "@FordNation &amp; our gov’t are keeping our promise to put drivers 1st. We are launching consultations to seek input on how to make our auto insurance system work for you. Have your say on how we can help #Ontario drivers at  https://t.co/ZQq0FGNG4M #OakvilleNorth-#BurlON #onpoli", "likes_count": 1, "replies_count": 0, "retweets_count": 0, "hashtags": ["ontario", "oakvillenorth", "burlon", "onpoli"]}
{"id": 1083149932004065280, "date": "2019-01-09", "time": "18:54:02", "tweet": "🎀🎀🎀🎁🌎 New Product GIVEAWAY 🎁🌎 🎀🎀  Free！ 🎁:  Ten  Prizes —— 5000mAh Portable Charger (2.4A Output &amp; 2A Input) ) 👨‍👨‍👧‍👧:  Make sure to  Retweet  👇: CLICK TO ENTER #WIN #giveaway #Free 👇👇👇Click Click Click, Know more about 💝💝#win#charger  https://t.co/mAczn8Jf8d", "likes_count": 0, "replies_count": 0, "retweets_count": 0, "hashtags": ["win", "giveaway", "free"]}
{"id": 1083149890832592896, "date": "2019-01-09", "time": "18:53:52", "tweet": "@educationfess kalo sekolahku si semua input data tp gatau dah", "likes_count": 0, "replies_count": 0, "retweets_count": 0, "hashtags": []}
{"id": 1083149720917368833, "date": "2019-01-09", "time": "18:53:12", "tweet": "Please share your input: I am compiling a list of meaningless risk management terms, starting with \"risk appetite\". Please add your favorites in the comments.", "likes_count": 4, "replies_count": 4, "retweets_count": 1, "hashtags": []}
{"id": 1083149545645752322, "date": "2019-01-09", "time": "18:52:30", "tweet": "@karenfinerman @CNBCFastMoney @MelissaLeeCNBC @GuyAdami @timseymour @RiskReversal @BKBrianKelly @petenajarian @SteveGrassoCNBC I ❤️ anything from Karen.  Always appreciate her input on the show also", "likes_count": 0, "replies_count": 0, "retweets_count": 0, "hashtags": []}
{"id": 1083149537366167553, "date": "2019-01-09", "time": "18:52:28", "tweet": "ILL HAVE TO INPUT THIS INTO MY JOURNAL AS A REMINDER DAILY...", "likes_count": 1, "replies_count": 0, "retweets_count": 0, "hashtags": []}
{"id": 1083149419032313856, "date": "2019-01-09", "time": "18:52:00", "tweet": "Guys.... Loaded must be either clueless to the difference between input and output or he lives in a magicsl fairy land.  The game runs at 864p on the x1 and x1s  https://t.co/LE7dRH1OJQ", "likes_count": 5, "replies_count": 0, "retweets_count": 1, "hashtags": []}
{"id": 1083149411742568454, "date": "2019-01-09", "time": "18:51:58", "tweet": "If i don't ask for your input, don't give it to me.", "likes_count": 1, "replies_count": 0, "retweets_count": 0, "hashtags": []}
{"id": 1083149384592678913, "date": "2019-01-09", "time": "18:51:51", "tweet": "#SmartCity? #SmartCitiesCanada?  How many .@FCM_online municipalities are actively engaged online in discussions with their residents and businesses? If not, why not? Do you start over with each consultation? If so, why? Do you want ongoing input from your taxpayers? If not, why?", "likes_count": 0, "replies_count": 0, "retweets_count": 0, "hashtags": ["smartcity", "smartcitiescanada"]}
{"id": 1083149287050145792, "date": "2019-01-09", "time": "18:51:28", "tweet": "@Sullivanandkids @Grandma_Bates @CongressmanHice @SpeakerPelosi @SenSchumer @POTUS @realDonaldTrump It also assured no citizenship until after the wall was built which the dems were for. We’re not talking about what republicans wouldn’t vote for we’re talking about what dems voted for but I appreciate your input it brings light.", "likes_count": 0, "replies_count": 1, "retweets_count": 0, "hashtags": []}
{"id": 1083149271493312513, "date": "2019-01-09", "time": "18:51:24", "tweet": "@MrMeeseeks86 @ShareMyPair Oh. Operator Input Error (me)...I didn't see the triangle, so just thought it was screenshot...lol I do know better than this, but...you know it's one of those days...😜🤪-Tammy", "likes_count": 1, "replies_count": 0, "retweets_count": 0, "hashtags": []}
{"id": 1083149252354666497, "date": "2019-01-09", "time": "18:51:20", "tweet": "This portable monitor can run off a USB input   https://t.co/Sl3Cridqh4", "likes_count": 1, "replies_count": 0, "retweets_count": 0, "hashtags": []}
{"id": 1083149241852284928, "date": "2019-01-09", "time": "18:51:17", "tweet": "FreeSync vs G-Sync Input Lag Comparison  https://t.co/za7MyB7TRI via @YouTube", "likes_count": 0, "replies_count": 0, "retweets_count": 0, "hashtags": []}
{"id": 1083149237179813889, "date": "2019-01-09", "time": "18:51:16", "tweet": "@yvanbyeajee @SandeepGade_ How did you comeback? #COMEBACKKID! Thanks for your input!", "likes_count": 0, "replies_count": 0, "retweets_count": 0, "hashtags": ["comebackkid"]}
{"id": 1083149219081277440, "date": "2019-01-09", "time": "18:51:12", "tweet": "@Alea_Starym Oh Alea you're right!   That's my point of asking though. I tend to raid the same people periodically and part of me is thinking maybe I should start trying something new. Thanks for your input you gosh darn LEG-END!", "likes_count": 2, "replies_count": 0, "retweets_count": 0, "hashtags": []}
{"id": 1083149046641053697, "date": "2019-01-09", "time": "18:50:31", "tweet": "@_Kizzzzaaaaaa @TheRealiestB Excuse you, our input is the best part 😂", "likes_count": 0, "replies_count": 1, "retweets_count": 0, "hashtags": []}
{"id": 1083148997303377921, "date": "2019-01-09", "time": "18:50:19", "tweet": "Mind Mapping rotation review for the first day back! Reg kids rocked it! ✊🏻#biology #collaboration @ExpoMarkers #neonexpo #scsbpln #science The different colors represent the input of other groups.  https://t.co/bZ1MrnXXq3", "likes_count": 2, "replies_count": 0, "retweets_count": 0, "hashtags": ["biology", "collaboration", "neonexpo", "scsbpln", "science"]}
{"id": 1083148931394162688, "date": "2019-01-09", "time": "18:50:03", "tweet": "📣CALLING ALL PARENTS: A new website is headed our way, and we want your input! Join us on January 15th from 9-10:30 am OR 10:30-12 pm for a parent focus group. All attendees will be automatically entered to win a $25 gift card raffle at each session!  https://t.co/Z2NU0RFqTS", "likes_count": 3, "replies_count": 0, "retweets_count": 0, "hashtags": []}
{"id": 1083148864146804738, "date": "2019-01-09", "time": "18:49:47", "tweet": "🎀🎀🎀🎁🌎 New Product GIVEAWAY 🎁🌎 🎀🎀  Free！ 🎁:  Ten  Prizes —— 5000mAh Portable Charger (2.4A Output &amp; 2A Input) ) 👨‍👨‍👧‍👧:  Make sure to  Retweet  👇: CLICK TO ENTER #WIN #giveaway #Free 👇👇👇Click Click Click, Know more about 💝💝#win#charger  https://t.co/O3XUxgNTMH", "likes_count": 0, "replies_count": 0, "retweets_count": 0, "hashtags": ["win", "giveaway", "free"]}
{"id": 1083148825622208513, "date": "2019-01-09", "time": "18:49:38", "tweet": "A big thank you to Mr. Larry Wilson for his dedication and helpful advice in our Healthcare Scholar Group Sessions! His input has given me insight into the medical world and has furthered my passion to pursue a career in the healthcare field! 💜 #REACHMemphis #ThankYourMentor", "likes_count": 2, "replies_count": 0, "retweets_count": 1, "hashtags": ["reachmemphis", "thankyourmentor"]}
{"id": 1083148744139464704, "date": "2019-01-09", "time": "18:49:19", "tweet": "Vintage doorbell / bell bell business input bell by Vintage4Moms  https://t.co/pgGcOu1M9l via  https://t.co/ES6VcX3L4u", "likes_count": 0, "replies_count": 0, "retweets_count": 0, "hashtags": []}
{"id": 1083148644776316929, "date": "2019-01-09", "time": "18:48:55", "tweet": "@simonrug I guess but thin end of the Wedge . No doubt they’ll want Some Input . Like NO Relegation !", "likes_count": 0, "replies_count": 1, "retweets_count": 0, "hashtags": []}
{"id": 1083148315099750400, "date": "2019-01-09", "time": "18:47:36", "tweet": "FabulousMP3: Multiband Limiter have comparatively faster attack and release time than the input AGC.  https://t.co/EXUyspg5IT", "likes_count": 0, "replies_count": 0, "retweets_count": 0, "hashtags": []}
{"id": 1083148229510922247, "date": "2019-01-09", "time": "18:47:16", "tweet": "Public Input Needed for Possible Bridge Replacement on Highway 92 in Adair County  https://t.co/K54HxCFmkT", "likes_count": 0, "replies_count": 0, "retweets_count": 0, "hashtags": []}
{"id": 1083148199039328256, "date": "2019-01-09", "time": "18:47:09", "tweet": "@summerduckz @PubicDefender @AutobotCoOp @thehousered National just put out a uniform agenda with 0 input, for pre conventions no one asked for, and is spending a fuckload of money on it (28k per convention). All of this has been done largely in coordination with the momentum faction of the NPC. Sounds like a clique to me.", "likes_count": 0, "replies_count": 0, "retweets_count": 0, "hashtags": []}
{"id": 1083148129309020160, "date": "2019-01-09", "time": "18:46:52", "tweet": "If you're a jazz &amp; blues fan here in PEI, come to our AGM Thursday 8pm @BabasLounge downtown and provide input for the ongoing development of the festival this coming season and beyond.  After the AGM stay for @IslandJazzPEI at 8pm feat Emmanuelle LeBlanc and Ken Fornetran  https://t.co/KthFgd5VpR", "likes_count": 2, "replies_count": 0, "retweets_count": 1, "hashtags": []}
{"id": 1083148107410481152, "date": "2019-01-09", "time": "18:46:47", "tweet": "@PanchoBilla1 @buffalobills @newerafield Would be great if they would get the game day employees input, as I have suggestions!!", "likes_count": 2, "replies_count": 0, "retweets_count": 0, "hashtags": []}
{"id": 1083148014707974144, "date": "2019-01-09", "time": "18:46:25", "tweet": "@reallylolo @cg_birch @nottinghilldady @RobinsoMartina @thebusypapa @BryonyAshaw @DaddyPoppinsBlg @bgeorgena0 @ForTheLifeOf_Me @SussexStomach @OMGitsagirl2015 @Pickinguptoys @CaptainNutNut @npklip @TracyPereira20 @moderndadpages @HooksandDragons @CuddleFairy Ok, I was here earlier and saw pic in question. So my answer....   Def naked. Not just an arm. Not sure the emoji was even placed carefully enough tbh hahaha 😉  Amount of flesh:  NHD vs Christy pic - draw  Nakedness: NHD  Tattoos: Christy   Ok, my input done lol 😉😁😂", "likes_count": 7, "replies_count": 4, "retweets_count": 0, "hashtags": []}
{"id": 1083147993795026944, "date": "2019-01-09", "time": "18:46:20", "tweet": "Tod Leiweke, @NHLSeattle_ CEO, says in about 60 days expansion team will establish a portal through which season-ticket depositors will get inside look at team/arena plans, be able to provide input on team name, more. \"If I have my way their fingerprints will be all over this\"", "likes_count": 15, "replies_count": 3, "retweets_count": 3, "hashtags": []}
{"id": 1083147993530929157, "date": "2019-01-09", "time": "18:46:20", "tweet": "@TheRealiestB @sundusreshid I can never retweet nothing w/o y’all input 😂😂😂😂", "likes_count": 1, "replies_count": 1, "retweets_count": 0, "hashtags": []}
{"id": 1083147935100096519, "date": "2019-01-09", "time": "18:46:06", "tweet": "@the_gris Thanks for the input. I had one on my last iPad, but wasn't using the Apple Pencil.", "likes_count": 1, "replies_count": 1, "retweets_count": 0, "hashtags": []}
{"id": 1083147729575047170, "date": "2019-01-09", "time": "18:45:17", "tweet": "Cool thing I discovered today - a site of HTML5 input regex pattern validations!  https://t.co/k3ElrwEGGp #ThreeCheersForRegex", "likes_count": 1, "replies_count": 1, "retweets_count": 0, "hashtags": ["threecheersforregex"]}
{"id": 1083147573651755009, "date": "2019-01-09", "time": "18:44:40", "tweet": "This portable monitor can run off a USB input   https://t.co/BAZCoJyyQt", "likes_count": 0, "replies_count": 0, "retweets_count": 0, "hashtags": []}
{"id": 1083147530446065664, "date": "2019-01-09", "time": "18:44:29", "tweet": "Translation: excuse me – Pronunciation: gav mo leshæl Y'all, if I'm spelling anything wrong or putting down the wrong phonetic pronunciation don't hesitate to correct me. I'm more than grateful for the help and input. Thanks Dave PS: @littlemy081 mòran taing airson co-ionann Manx", "likes_count": 0, "replies_count": 0, "retweets_count": 0, "hashtags": []}
{"id": 1083147500091920384, "date": "2019-01-09", "time": "18:44:22", "tweet": "@gabem602 @Buccaneers Thank you for the input", "likes_count": 0, "replies_count": 0, "retweets_count": 0, "hashtags": []}
{"id": 1083147456521605120, "date": "2019-01-09", "time": "18:44:12", "tweet": "@jointmedias Thanks for testing this. It looks like our engineering team as fixed this. You can try setting your Creative Cloud desktop app back to your normal settings and test. Thank you so much for your input and testing on this issue. ^SV", "likes_count": 0, "replies_count": 0, "retweets_count": 0, "hashtags": []}
{"id": 1083147413672677376, "date": "2019-01-09", "time": "18:44:01", "tweet": "@junglereds @HankPRyan It was just the usual with my iPhone. It does consistently accept input to blogs. 🙄 I can type but the comment doesn’t publish.", "likes_count": 0, "replies_count": 1, "retweets_count": 0, "hashtags": []}
{"id": 1083147296144060420, "date": "2019-01-09", "time": "18:43:33", "tweet": "Yes!  This portable monitor can run off a USB input   https://t.co/mawkGTVoiB", "likes_count": 1, "replies_count": 0, "retweets_count": 0, "hashtags": []}
{"id": 1083147280167956481, "date": "2019-01-09", "time": "18:43:30", "tweet": "If Unionists refuse to even discuss a New Ireland how can they expect to have any input?? Brexit, especially the type they are pushing for, will only hurt everyone here. Maybe they should starting thinking about their part in a New Ireland?", "likes_count": 14, "replies_count": 0, "retweets_count": 2, "hashtags": []}
{"id": 1083147110990663680, "date": "2019-01-09", "time": "18:42:49", "tweet": "@ACTBrigitte You are a wonderful example of how to go through the process.  We appreciate you, your sacrifices and your input into America.", "likes_count": 20, "replies_count": 0, "retweets_count": 2, "hashtags": []}
{"id": 1083147066451333121, "date": "2019-01-09", "time": "18:42:39", "tweet": "ha, haha  it is literally impossible to change your controller input because the QUIT button quits the game without saving and there is no button on this keyboard or controller that takes me back to the previous menu  https://t.co/L1V8jLd6vT", "likes_count": 0, "replies_count": 1, "retweets_count": 0, "hashtags": []}
{"id": 1083146983391543296, "date": "2019-01-09", "time": "18:42:19", "tweet": "@lbibbyslt Reminds me of man I worked with in London years ago..had sustained brain injury not long before crimes committed, didn't get any rehab at time..SLT &amp; I had a lot of work to get needs taken into a/c going back to prison. Good this man now has your input, better late than never😊", "likes_count": 1, "replies_count": 0, "retweets_count": 0, "hashtags": []}
{"id": 1083146857134653441, "date": "2019-01-09", "time": "18:41:49", "tweet": "Hi Folks, always looking for your input into who we should invite as guest speakers! If you have a suggestion please let us know.", "likes_count": 0, "replies_count": 0, "retweets_count": 0, "hashtags": []}
{"id": 1083146813673275397, "date": "2019-01-09", "time": "18:41:38", "tweet": "@MelKiperESPN  hi was wondering how you project the Syracuse university quarterback in the upcoming draft ? Eric Dungy has great size but not a real pocket precense? Like your input and and analysis please and thanks", "likes_count": 0, "replies_count": 0, "retweets_count": 0, "hashtags": []}
{"id": 1083146600493473792, "date": "2019-01-09", "time": "18:40:48", "tweet": "“Province looking for input on how to make car insurance more affordable  https://t.co/rlqSf6r7UF info Via @DurhamRadioNews” #CarInsurance  https://t.co/QVDtcZqLgE", "likes_count": 0, "replies_count": 0, "retweets_count": 0, "hashtags": ["carinsurance"]}
{"id": 1083146598585196544, "date": "2019-01-09", "time": "18:40:47", "tweet": "@DeniseEJunker Early bird is no cancel. But I decided I don’t want to deal with hotelapocalypse.  Got friends with horror stories LOL. Mission Valley is fine with me. Thanks for the input.", "likes_count": 1, "replies_count": 0, "retweets_count": 0, "hashtags": []}
{"id": 1083146554750361602, "date": "2019-01-09", "time": "18:40:37", "tweet": "Prayut seeks CDC input on poll date  #FFS, you either want to hold an election or you don’t. Total #BS General Scared to-stand (Ret)   https://t.co/U4y33YSyrP", "likes_count": 1, "replies_count": 0, "retweets_count": 0, "hashtags": ["ffs", "bs"]}
{"id": 1083146545040629760, "date": "2019-01-09", "time": "18:40:34", "tweet": "@TheAsset180 @TheBattler180 @Chris180Mason @JohnRawling @wolfiedarts I think your input is excellent Paul. You can't please everyone.", "likes_count": 1, "replies_count": 0, "retweets_count": 0, "hashtags": []}
{"id": 1083146474911862784, "date": "2019-01-09", "time": "18:40:18", "tweet": "@TommieCB No one cares about her input on topics. It’s annoying.", "likes_count": 0, "replies_count": 0, "retweets_count": 0, "hashtags": []}
{"id": 1083146338815090689, "date": "2019-01-09", "time": "18:39:45", "tweet": "@NateMing It's like the conclusion to the Blood C tv series Shiotani would have made if he had any input. I don't think I've ever quite seen a continuation that almost felt embarrassed to be associated with its source material like The Last Dark did", "likes_count": 1, "replies_count": 0, "retweets_count": 0, "hashtags": []}
