{"id": 1175197575001059328, "date": "2019-09-20", "time": "19:58:30", "tweet": "@JoeBrunoWSOC9 Is the NCDOT more secretive than the KGB?  Why is public input not allowed or ignored?", "likes_count": 0, "replies_count": 0, "retweets_count": 0, "hashtags": []}
{"id": 1175197507544080384, "date": "2019-09-20", "time": "19:58:14", "tweet": "@FanLashley @24_7Title @CruiserweightCh @HardcoreChampi3 Nobody asked for your input", "likes_count": 0, "replies_count": 0, "retweets_count": 0, "hashtags": []}
{"id": 1175197481229049856, "date": "2019-09-20", "time": "19:58:08", "tweet": "@Smobo1 @v_input_output yes!!", "likes_count": 0, "replies_count": 0, "retweets_count": 0, "hashtags": []}
{"id": 1175197431925022720, "date": "2019-09-20", "time": "19:57:56", "tweet": "Last valid input: 2019-09-21 08:57:53.750664 Temperature: 30.00 C Humidity: 61.00 %", "likes_count": 0, "replies_count": 0, "retweets_count": 0, "hashtags": []}
{"id": 1175197376031731712, "date": "2019-09-20", "time": "19:57:43", "tweet": "@v_input_output appreciation tweet: you're fuckin rad and I'm glad to know you", "likes_count": 2, "replies_count": 2, "retweets_count": 0, "hashtags": []}
{"id": 1175197355907305473, "date": "2019-09-20", "time": "19:57:38", "tweet": "President Tumblr: (Is a website and therefore is incapable of running a country let alone doing anything beyond displaying certain information based on user input)", "likes_count": 0, "replies_count": 0, "retweets_count": 0, "hashtags": []}
{"id": 1175197211312807937, "date": "2019-09-20", "time": "19:57:03", "tweet": "自分が不幸だと思ってることは他人はそう思わないかもしれない。誰でもいつからでも人は変われる✨今をどう生きて未来にどう繋げていくか。これからの生き方を考えさせられる映画。今すぐ旅がしたくなった✈️ #最高の人生見つけた", "likes_count": 0, "replies_count": 0, "retweets_count": 0, "hashtags": ["最高の人生見つけた"]}
{"id": 1175197196083519489, "date": "2019-09-20", "time": "19:57:00", "tweet": "@witmer damn thanks for the honest input, I have all my shit on hold for pickup at micro center and originally put the asus one in but for the different of 40 bucks it sounds like the BENQ is the better route", "likes_count": 2, "replies_count": 0, "retweets_count": 0, "hashtags": []}
{"id": 1175197178475794432, "date": "2019-09-20", "time": "19:56:56", "tweet": "@discobetaa Thats very interesting thank you for your input sir", "likes_count": 1, "replies_count": 0, "retweets_count": 0, "hashtags": []}
{"id": 1175197097634582529, "date": "2019-09-20", "time": "19:56:36", "tweet": "@AndrewDumont @nikillinit Amazon has gotten clever over the years asking Sellers to input their vendor info “for business to better keep track of replenishment”. The true motive: to manufacture copies of hot sellers.", "likes_count": 0, "replies_count": 0, "retweets_count": 0, "hashtags": []}
{"id": 1175196722240327682, "date": "2019-09-20", "time": "19:55:07", "tweet": "spacing characters inside input equally over it's entire width  https://t.co/PseTECIE7l  https://t.co/Gj5zWGmAZb", "likes_count": 0, "replies_count": 0, "retweets_count": 0, "hashtags": []}
{"id": 1175196721661366273, "date": "2019-09-20", "time": "19:55:07", "tweet": "I'm a very smart man but getting things to look the way you want them to is not in my bag without input from others. So, obviously this requires a LOT of patience and motivation. I am not a visual artists so idk, I guess try something and ask friends to see what they think.", "likes_count": 0, "replies_count": 0, "retweets_count": 0, "hashtags": []}
{"id": 1175196381092429824, "date": "2019-09-20", "time": "19:53:46", "tweet": "😺✏ — Di pa po kasi ako nag uupdate uli ng sheet 😅 pero mag input na po TN once nasulat ko na manually  https://t.co/IDbVrEz1m6", "likes_count": 0, "replies_count": 0, "retweets_count": 0, "hashtags": []}
{"id": 1175196159909908480, "date": "2019-09-20", "time": "19:52:53", "tweet": "@retrotink2 I am almost 100% sure it uses the composite video input, AFAIK that’s the only way it could support SNES and GC without additional footprint/switches Is there a good way to test this you know of? -GG", "likes_count": 1, "replies_count": 1, "retweets_count": 0, "hashtags": []}
{"id": 1175196015114276865, "date": "2019-09-20", "time": "19:52:18", "tweet": "@ThatTransJayne Also I'm positive that Vegeta had zero input on the naming process of his children, which is why they take after Bulma's naming convention.", "likes_count": 0, "replies_count": 0, "retweets_count": 0, "hashtags": []}
{"id": 1175195956616163328, "date": "2019-09-20", "time": "19:52:04", "tweet": "@NephroP @khaycock2 @EMNerd_ @ThinkingCC @AlvaroGomezcoe1 @iceman_ex @ArgaizR @ICUnephroSuarez Great point.  Bioavailability better, but i wonder if gut absorption would be equally impacted?  Dunno.  Anyway, many thanks for the input.", "likes_count": 5, "replies_count": 1, "retweets_count": 0, "hashtags": []}
{"id": 1175195753406488576, "date": "2019-09-20", "time": "19:51:16", "tweet": "Hasta ahora no hay input de nada...", "likes_count": 0, "replies_count": 0, "retweets_count": 0, "hashtags": []}
{"id": 1175195616693014528, "date": "2019-09-20", "time": "19:50:43", "tweet": "@aye_Deno @CosmicCrouton Yes but those are PC players playing with a controller. The game matchmakes crossplay by input not by platform. If you swap to m&amp;k mid game it's supposed to remove you from the match. Controller on pc gets matchmade against other controller users. And the same for m&amp;k", "likes_count": 0, "replies_count": 1, "retweets_count": 0, "hashtags": []}
{"id": 1175195412187078656, "date": "2019-09-20", "time": "19:49:54", "tweet": "Visit our pop-up input stations for the West Las Positas bike/ped improvement project - we want to hear from you! Sat. 9/21 from 8 a.m.-noon @ #Pleasanton Farmer's Market &amp; 1-5 p.m. @ Creekside Park (5601 WLP Blvd.). More info:  https://t.co/C7CcfPUM3r. @PleasantonNews  https://t.co/HNYwh4iol1", "likes_count": 0, "replies_count": 0, "retweets_count": 0, "hashtags": ["pleasanton"]}
{"id": 1175195315147825154, "date": "2019-09-20", "time": "19:49:31", "tweet": "@jamesqquick @_100DaysOfCode @reactjs its from a udemy course but its an indecision app. picking a random task based on some input options.", "likes_count": 1, "replies_count": 1, "retweets_count": 0, "hashtags": []}
{"id": 1175194991595085824, "date": "2019-09-20", "time": "19:48:14", "tweet": "In our opinion, the breakout hit of @Knotts #ScaryFarm 2019 is Henson’s @PuppetUp show in the Charles M Shultz theater! Hilariously funny, totally irreverent, completely unpredictable, and the show is DIFFERENT EVERY TIME due to audience input. GO SEE TH…  https://t.co/NLBfyIgtQu  https://t.co/Se4Bq7zq0B", "likes_count": 13, "replies_count": 0, "retweets_count": 3, "hashtags": ["scaryfarm"]}
{"id": 1175194890696704001, "date": "2019-09-20", "time": "19:47:50", "tweet": "@_Dollydagger22 Thanks for your unsolicited input. Goodbye 👋", "likes_count": 1, "replies_count": 1, "retweets_count": 0, "hashtags": []}
{"id": 1175194732034703365, "date": "2019-09-20", "time": "19:47:12", "tweet": "The Best Mobile Game. Free Cash Rewards, just on fruit! Then Download and Input My Referral Code: EMLRRUM to Win Cash! https://t.co/HGChFLVSFf", "likes_count": 0, "replies_count": 0, "retweets_count": 0, "hashtags": []}
{"id": 1175194671464636417, "date": "2019-09-20", "time": "19:46:58", "tweet": "I see no difference in the input files. So why the system repacking my models? And why the heck one of the variable is uninitialised in my script? Tulah. Tutorial kemain lancar je hidup kau bila buat sendiri kelaut semuanya.", "likes_count": 0, "replies_count": 1, "retweets_count": 0, "hashtags": []}
{"id": 1175194419441688576, "date": "2019-09-20", "time": "19:45:58", "tweet": "@mangarone23 Thanks for the input! What I had seen was Amphotericin was used more in disseminated Cryptococcus disease, and that itraconazole was considered second line for Aspergillus. I can update the figure", "likes_count": 1, "replies_count": 0, "retweets_count": 0, "hashtags": []}
{"id": 1175194204999421953, "date": "2019-09-20", "time": "19:45:07", "tweet": "#SanAntonio: Join us at 6 PM on 9/23 or 9/25 to learn about proposed changes to the paid sick leave ordinance and share your input! Learn more at  https://t.co/NeJIYPWir1  https://t.co/b7sLS0m3oZ", "likes_count": 4, "replies_count": 0, "retweets_count": 2, "hashtags": ["sanantonio"]}
{"id": 1175194167376523264, "date": "2019-09-20", "time": "19:44:58", "tweet": "KIRKSVILLE, Mo. — The City of Kirksville is looking toward the future, and asking for your input. The city is launching the \"Think Kirksville 2040\" plan.  https://t.co/bnH1BPkvcr", "likes_count": 0, "replies_count": 0, "retweets_count": 0, "hashtags": []}
{"id": 1175194148825178113, "date": "2019-09-20", "time": "19:44:53", "tweet": "I thought they was an input system so you can't come up against pc players with keyboard and mouse 🤔 more than half my lobby right now is #ModernWafare", "likes_count": 0, "replies_count": 1, "retweets_count": 0, "hashtags": ["modernwafare"]}
{"id": 1175194136762376192, "date": "2019-09-20", "time": "19:44:50", "tweet": "@SidAlpha @UE_UpperEchelon Warframe recognizes the input, but does not provide tools to edit sensitivity or button mapping (that I could see). remote play might be different.  Console players vocally consider m&amp;kb \"cheating\" for the precision it provides over a controller. It's like a \"league\"", "likes_count": 1, "replies_count": 1, "retweets_count": 0, "hashtags": []}
{"id": 1175194062636273664, "date": "2019-09-20", "time": "19:44:33", "tweet": "Sick, some new 'secure input' update broke Synergy-style applications and you can't turn it off. There really is no option other than buying a fucking KVM", "likes_count": 1, "replies_count": 3, "retweets_count": 0, "hashtags": []}
{"id": 1175194038221381632, "date": "2019-09-20", "time": "19:44:27", "tweet": "@IndivisibleTeam so not Congressional vote or input? Were they even alerted to his decision? This sucks.", "likes_count": 0, "replies_count": 0, "retweets_count": 0, "hashtags": []}
{"id": 1175193911842803712, "date": "2019-09-20", "time": "19:43:57", "tweet": "@schweizercomics @lesmcclaine I wonder if there's any hesitation about doing it without Cooke's input, or if this reprint is in advance of collecting the next two.", "likes_count": 1, "replies_count": 1, "retweets_count": 0, "hashtags": []}
{"id": 1175193679058755584, "date": "2019-09-20", "time": "19:43:01", "tweet": "[dblif] An Android exclusive Valkyrie Crusade invite code. Input to receive a special promotion!  https://t.co/1AOREOyLWG #Valkyrie Crusade", "likes_count": 0, "replies_count": 0, "retweets_count": 0, "hashtags": ["valkyrie"]}
{"id": 1175193642119680002, "date": "2019-09-20", "time": "19:42:52", "tweet": "@heychristofur Or it's a massive input for all the utilities that are going to come into the building through the central transportation core.", "likes_count": 1, "replies_count": 0, "retweets_count": 0, "hashtags": []}
{"id": 1175193515032117249, "date": "2019-09-20", "time": "19:42:22", "tweet": "We're looking for input from current/prospective students on this Basic Needs survey at:  https://t.co/At5znDcAf7. Thank you.  https://t.co/rpVhIi5HmF", "likes_count": 0, "replies_count": 0, "retweets_count": 0, "hashtags": []}
{"id": 1175193441149607936, "date": "2019-09-20", "time": "19:42:05", "tweet": "Huh, so that last senses input showed me an extra scene", "likes_count": 1, "replies_count": 1, "retweets_count": 0, "hashtags": []}
{"id": 1175193311474257923, "date": "2019-09-20", "time": "19:41:34", "tweet": "@DudeIsThat @ossieWWW @DaleDukk He was literally playing Project Diva at this year’s NASA while everyone else in the room got drunk and he cared enough about his performance to adjust the game’s input delay to compensate for the latency on the hotel’s awful flatscreen", "likes_count": 0, "replies_count": 1, "retweets_count": 0, "hashtags": []}
{"id": 1175193202841804800, "date": "2019-09-20", "time": "19:41:08", "tweet": "@YahooNoise I have an extra spot on my roster is rolls Royce worth that spot? I know you love him but do you seriously think he's starting to take over this backfield in Denver? It's PPR. Just wanted your input, thanks.", "likes_count": 0, "replies_count": 0, "retweets_count": 0, "hashtags": []}
{"id": 1175193178296766464, "date": "2019-09-20", "time": "19:41:02", "tweet": "@cantaskforce @CMAJ @NICEComms 5/ @cantaskforce dismisses breast density &amp; associated risks, and the importance for women to know their density. They should care about what their guidelines will do to countless women. They should care about expert input and patient testimony. But they don’t.", "likes_count": 0, "replies_count": 1, "retweets_count": 0, "hashtags": []}
{"id": 1175193055210553344, "date": "2019-09-20", "time": "19:40:33", "tweet": "19/ travelling via public transport is problematic because it can trigger a migraine in other fun ways. Flashing lights are a trigger &amp; light coming through trees, between buildings etc is basically a strobe when you move at speed. So sensory input -sight, sound, smell, movement", "likes_count": 1, "replies_count": 1, "retweets_count": 0, "hashtags": []}
{"id": 1175192938462285824, "date": "2019-09-20", "time": "19:40:05", "tweet": "@art4ngeIs @bustedwe @blackspicegurl Ok Twitter user art4angels thx for the input queen", "likes_count": 0, "replies_count": 0, "retweets_count": 0, "hashtags": []}
{"id": 1175192753380052992, "date": "2019-09-20", "time": "19:39:21", "tweet": "@McFaul I very much appreciate your input.", "likes_count": 1, "replies_count": 0, "retweets_count": 0, "hashtags": []}
{"id": 1175192705334435840, "date": "2019-09-20", "time": "19:39:09", "tweet": "@EmelugoO @SkySportsPL A coked out Paul Merson would have a better input.", "likes_count": 0, "replies_count": 0, "retweets_count": 0, "hashtags": []}
{"id": 1175192652716879872, "date": "2019-09-20", "time": "19:38:57", "tweet": "@astrallum aaaa tysm for input!! 💖💕 i'm startin to think i'll combine the two huhuhu 🍰", "likes_count": 1, "replies_count": 1, "retweets_count": 0, "hashtags": []}
{"id": 1175192602871648256, "date": "2019-09-20", "time": "19:38:45", "tweet": "@kiyokospeaks Yea definitely. I also agree with you though lol like I’m def not defending cis people I just wanted to input when I have thought about it but that’s mainly because I’m queer", "likes_count": 0, "replies_count": 1, "retweets_count": 0, "hashtags": []}
{"id": 1175192588078460928, "date": "2019-09-20", "time": "19:38:41", "tweet": "[c6ck2] An Android exclusive Valkyrie Crusade invite code. Input to receive a special promotion!  https://t.co/2XmpAsmTDy #Valkyrie Crusade", "likes_count": 0, "replies_count": 0, "retweets_count": 0, "hashtags": ["valkyrie"]}
{"id": 1175192415193292801, "date": "2019-09-20", "time": "19:38:00", "tweet": "@OjoDelToro Thanks for your input.", "likes_count": 0, "replies_count": 0, "retweets_count": 0, "hashtags": []}
{"id": 1175192406645530625, "date": "2019-09-20", "time": "19:37:58", "tweet": "Last valid input: 2019-09-21 08:37:50.980770 Temperature: 30.00 C Humidity: 61.00 %", "likes_count": 0, "replies_count": 0, "retweets_count": 0, "hashtags": []}
{"id": 1175192339716833281, "date": "2019-09-20", "time": "19:37:42", "tweet": "The public comment period is open for @oregonmetro Regional Flexible Funds  You can provide your input on which transportation projects should get funding", "likes_count": 2, "replies_count": 0, "retweets_count": 1, "hashtags": []}
{"id": 1175192034392596481, "date": "2019-09-20", "time": "19:36:29", "tweet": "@UE_UpperEchelon Absolutely.  I've seen ones that organize by input device (controller are matchmaked with controllers), but I'm not sure on the number that do this.", "likes_count": 0, "replies_count": 0, "retweets_count": 0, "hashtags": []}
{"id": 1175191957418606593, "date": "2019-09-20", "time": "19:36:11", "tweet": "President @jokowi:  Observing input from various groups regarding the Criminal Code Bill there are still a number of materials that need consideration. There are approximately 14 articles that we still need to review. The gov [will] delay .. passage ..  https://t.co/dW8ArFymCV", "likes_count": 2, "replies_count": 1, "retweets_count": 1, "hashtags": []}
{"id": 1175191660948594688, "date": "2019-09-20", "time": "19:35:00", "tweet": "trying to create a discord bot but whenever i run it i get an unexpected end of input this is the most recent code ive added  https://t.co/VOLE8TTsKI  https://t.co/z3jvAmEHzD", "likes_count": 0, "replies_count": 0, "retweets_count": 0, "hashtags": []}
{"id": 1175191643697422337, "date": "2019-09-20", "time": "19:34:56", "tweet": "\"The quality of your output is highly dependent on the quality of your input\"", "likes_count": 0, "replies_count": 0, "retweets_count": 0, "hashtags": []}
{"id": 1175191585820160001, "date": "2019-09-20", "time": "19:34:42", "tweet": "@SugarStorm01 This is Twitter everyone can put an input in. Why are you so mad over the truth?", "likes_count": 0, "replies_count": 0, "retweets_count": 0, "hashtags": []}
{"id": 1175191523933089792, "date": "2019-09-20", "time": "19:34:27", "tweet": "Attention all Americans: We are now taking orders from Saudi Arabia. That is, when we’re not taking orders from Putin &amp; Russia...who probably had some input here, as well!", "likes_count": 0, "replies_count": 0, "retweets_count": 0, "hashtags": []}
{"id": 1175191503498465280, "date": "2019-09-20", "time": "19:34:23", "tweet": "@seanhannity Sean, under President Yang the economy &amp; workplace would view you as a human first and an economic input second. This would mean less stress and likely more time to do research so you don’t make embarrass errors like this. Kudos on getting Yang’s first name right. D+ journalism", "likes_count": 14, "replies_count": 1, "retweets_count": 0, "hashtags": []}
{"id": 1175191499035725825, "date": "2019-09-20", "time": "19:34:22", "tweet": "こちらこそくらいは送ってまうくね？ ナンパという行為自体が普通ではないって言われたらそこまでなんやけど", "likes_count": 0, "replies_count": 0, "retweets_count": 0, "hashtags": []}
{"id": 1175191415619502080, "date": "2019-09-20", "time": "19:34:02", "tweet": "CHANGING DATE OF 2020 WINTER MISSION INTENSIVE - NEED YOUR INPUT!!  Hello friends, I've messaged many of you, but might have missed a few. We are thinking of changing the dates for the Winter Missions...  https://t.co/UmpfrrSJ1U", "likes_count": 0, "replies_count": 0, "retweets_count": 0, "hashtags": []}
{"id": 1175191168965103617, "date": "2019-09-20", "time": "19:33:03", "tweet": "@hullboydan Why does he think he gets a say? If she’s an adult, she doesn’t need his input.", "likes_count": 0, "replies_count": 0, "retweets_count": 0, "hashtags": []}
{"id": 1175191162719801346, "date": "2019-09-20", "time": "19:33:01", "tweet": "@Zusukifu Thank you for your apt but honest input. =)", "likes_count": 1, "replies_count": 0, "retweets_count": 0, "hashtags": []}
{"id": 1175191146978373635, "date": "2019-09-20", "time": "19:32:58", "tweet": "やりとりが会話がキモくて死番とか、なんかやりとりがしつこくて死番とか、やりとりが必死過ぎて死番とか そういうのは分かる でも、やりとりに発展すらせえへんのは違う どこかがおかしいのでは だって普通、さっきはありがとうとか、昨日はありがとうとかそういうの来たら、", "likes_count": 0, "replies_count": 1, "retweets_count": 0, "hashtags": []}
{"id": 1175191015826718721, "date": "2019-09-20", "time": "19:32:26", "tweet": "@davidofbuderim Inertia is of limited value and decays linearly without active power input. Synthetic inertia from modern power electronics can be non-linear and far more responsive.  https://t.co/qx0hf59lzm this talk from Kate Summers explains this, among other aspects of frequency control", "likes_count": 0, "replies_count": 0, "retweets_count": 0, "hashtags": []}
{"id": 1175191003730501632, "date": "2019-09-20", "time": "19:32:23", "tweet": "@TalkinHawkey exactly. he was upset. doesn’t mean he’s correct or it “says a lot about the organization”. your other statements weren’t correct. just thought I’d add my input. half the canes are former checkers, so they’re not afraid to call guys up, and they’re given a shot when it’s deserved", "likes_count": 0, "replies_count": 1, "retweets_count": 0, "hashtags": []}
{"id": 1175190957458939904, "date": "2019-09-20", "time": "19:32:12", "tweet": "@DrConradWorrill @marwilliamson @tonetalks @JudgeJoeBrownTV @tariqnasheed #sheisntAfrodescendant #WeDecide Williamson makes a fatal mistake of insulting Afrodescendant people by suggesting she has any input in how reparations should be received or used by Afrodescendant people.", "likes_count": 0, "replies_count": 0, "retweets_count": 0, "hashtags": ["sheisntafrodescendant", "wedecide"]}
{"id": 1175190850575335425, "date": "2019-09-20", "time": "19:31:47", "tweet": "@xWhiteyx814 Super helpful input", "likes_count": 0, "replies_count": 1, "retweets_count": 0, "hashtags": []}
{"id": 1175190775816228865, "date": "2019-09-20", "time": "19:31:29", "tweet": "I'd really love to stream some Half-Life 1/2.  Would love to see what people think.  #YouTube #Streaming #HalfLife #Input #Twitch #Mixer", "likes_count": 1, "replies_count": 1, "retweets_count": 0, "hashtags": ["youtube", "streaming", "halflife", "input", "twitch", "mixer"]}
{"id": 1175190772515266561, "date": "2019-09-20", "time": "19:31:28", "tweet": "@fire__exit I think it's that unpatterned input is discarded unless you put your brain into a low focus state.", "likes_count": 1, "replies_count": 0, "retweets_count": 0, "hashtags": []}
{"id": 1175190617120370690, "date": "2019-09-20", "time": "19:30:51", "tweet": "#SmashBros #SmashBrosUltimate #NintendoSwitch aqui jugando con un input lag de un segundo en el modo online  https://t.co/cCMY2LWSeh", "likes_count": 1, "replies_count": 0, "retweets_count": 0, "hashtags": ["smashbros", "smashbrosultimate", "nintendoswitch"]}
{"id": 1175190503953821696, "date": "2019-09-20", "time": "19:30:24", "tweet": "ちょっと初心にかえるか", "likes_count": 0, "replies_count": 0, "retweets_count": 0, "hashtags": []}
{"id": 1175190487843688453, "date": "2019-09-20", "time": "19:30:20", "tweet": "Sat, Sept 21 - Nationwide Coastal Cleanup Day. - Annual Fall Seed Swap: First Presbyterian Church, Santa Clara. 11 a.m. – 3 p.m. - Charter Review Committee Public Input Session: Northside Branch Library. 12 – 2 p.m. - Oktoberfest: Triton Museum. 1 – 4 p.m.  https://t.co/F2xltJGL5d", "likes_count": 1, "replies_count": 0, "retweets_count": 0, "hashtags": []}
{"id": 1175190473318653952, "date": "2019-09-20", "time": "19:30:17", "tweet": "Got out the AWE64, then realized that I'd like to route the mobo's PC speaker out to it. Unfortunately Creative Labs makes you create your own cable, because the mobo uses the outer 2 pins of a 4 pin header, while their sound cards' input is just a 2 pin header.", "likes_count": 1, "replies_count": 1, "retweets_count": 0, "hashtags": []}
{"id": 1175190468285685765, "date": "2019-09-20", "time": "19:30:16", "tweet": "Attention Resident Insurance Licensees, check your email box next week for a survey asking for input based on your experience as an insurance licensee.  https://t.co/SHdHrdA23H  https://t.co/KpibsPfYWg", "likes_count": 0, "replies_count": 0, "retweets_count": 0, "hashtags": []}
{"id": 1175190463877435392, "date": "2019-09-20", "time": "19:30:15", "tweet": "@IRANisays Thank you for your input. We continue to review our sustainability programs and will keep this in consideration. We work on sustainable packaging initiatives, waste and energy reduction on an ongoing basis. Have a nice day. -Vanessa.", "likes_count": 0, "replies_count": 0, "retweets_count": 0, "hashtags": []}
{"id": 1175190408512622593, "date": "2019-09-20", "time": "19:30:02", "tweet": "A book about input: Brain Art by Anton Nijholt (2019)  https://t.co/ezuvxzOg3W", "likes_count": 0, "replies_count": 0, "retweets_count": 0, "hashtags": []}
{"id": 1175190291076276229, "date": "2019-09-20", "time": "19:29:34", "tweet": "@InfinityWard @eColiEspresso I thought crossplay was input based? Why am I playing against people on pc with mouses?", "likes_count": 0, "replies_count": 0, "retweets_count": 0, "hashtags": []}
{"id": 1175190154891452417, "date": "2019-09-20", "time": "19:29:01", "tweet": "Job titles and descriptions will change, but only because the stakes of skilled human input have been raised.  A.I. Metals Mining, What Does the Future Hold?   ☞  https://t.co/2XM9AR5xyu  #Premiumblastingsolutions #Productivity #Safety  https://t.co/KbqlB4Y0fp", "likes_count": 3, "replies_count": 0, "retweets_count": 0, "hashtags": ["premiumblastingsolutions", "productivity", "safety"]}
{"id": 1175190098268344320, "date": "2019-09-20", "time": "19:28:48", "tweet": "Think I’ll roll with Hollywood Brown now. Thanks for the input guys.", "likes_count": 5, "replies_count": 0, "retweets_count": 0, "hashtags": []}
{"id": 1175190025757003776, "date": "2019-09-20", "time": "19:28:30", "tweet": "I think it's easy to argue that a Russian citizen using Gmail is far more secure, not one person had any input on this.", "likes_count": 0, "replies_count": 0, "retweets_count": 0, "hashtags": []}
{"id": 1175189927404769280, "date": "2019-09-20", "time": "19:28:07", "tweet": "@gyugeum @dinaptry_ @flawlaah @gojekindonesia @GrabID Memang gabisa mba, kalo driver sudah input foto struk belanjaan, orderan gabisa di cancel kok. Makanya sempet bingung pas baca ceritanya. Mungkin bapanya lupa input foto kalo yaa", "likes_count": 7, "replies_count": 1, "retweets_count": 0, "hashtags": []}
{"id": 1175189865861918721, "date": "2019-09-20", "time": "19:27:52", "tweet": "@jchervinsky @CoinOfPower @BankXRP Thanks Jake for all the info you provide. I was waiting for your input on this. In your PERSONAL and NOT PROFESSIONAL , OPINION, what do you think XRP is, or better yet, how likely do you think Ripple will win the case if it isnt resolved by dismissal or settlement?! DM me", "likes_count": 0, "replies_count": 0, "retweets_count": 0, "hashtags": []}
{"id": 1175189717375021056, "date": "2019-09-20", "time": "19:27:17", "tweet": "thanks everybodie for ur input", "likes_count": 0, "replies_count": 0, "retweets_count": 0, "hashtags": []}
{"id": 1175189586517155843, "date": "2019-09-20", "time": "19:26:46", "tweet": "@funboymoy @GiveUsTheNight Solid input.", "likes_count": 0, "replies_count": 0, "retweets_count": 0, "hashtags": []}
{"id": 1175189543642812416, "date": "2019-09-20", "time": "19:26:35", "tweet": "@MatthewBerryTMR need your help sir. Brady or Ryan? I have Julio on my team so I’m leaning with Ryan. Your input would be greatly appreciated", "likes_count": 0, "replies_count": 0, "retweets_count": 0, "hashtags": []}
{"id": 1175189501414526976, "date": "2019-09-20", "time": "19:26:25", "tweet": "@DeidreLOlsen sorry if my enjoyment of a movie you didn't like offends, and thanks for your thoughtful input", "likes_count": 15, "replies_count": 0, "retweets_count": 0, "hashtags": []}
{"id": 1175189412021440524, "date": "2019-09-20", "time": "19:26:04", "tweet": "Friends and followers, tell me: what is your favorite movie? Why? Your favorite genre? I’m studying rn and want to hear your input too.", "likes_count": 5, "replies_count": 6, "retweets_count": 1, "hashtags": []}
{"id": 1175189248011591680, "date": "2019-09-20", "time": "19:25:25", "tweet": "Our sports editor @DParkOK gives his input on who he believes to be the Core Four for college football. To read, click the link here.  https://t.co/Z9DlR1VEVD", "likes_count": 4, "replies_count": 0, "retweets_count": 2, "hashtags": []}
{"id": 1175189139874099200, "date": "2019-09-20", "time": "19:24:59", "tweet": "@burelandon644 Thanks, but this is an auto-generated message, with the input being \"Guys, I have an announcement about TribeEleven.\"  https://t.co/RA7t82OtCY The video is going alright as of right now.", "likes_count": 0, "replies_count": 0, "retweets_count": 0, "hashtags": []}
{"id": 1175189109981233152, "date": "2019-09-20", "time": "19:24:52", "tweet": "@nickiville_ Like men fantasize about specific women because they find them attractive. How doesn’t it make sense??? And you possibly get an input on the content you want to see.", "likes_count": 1, "replies_count": 0, "retweets_count": 0, "hashtags": []}
{"id": 1175188946797694976, "date": "2019-09-20", "time": "19:24:13", "tweet": "@GoonerProf And now for the more important part: advancing the implementation of the report’s recommendations. Everyone’s input matters.", "likes_count": 10, "replies_count": 0, "retweets_count": 2, "hashtags": []}
{"id": 1175188845932863488, "date": "2019-09-20", "time": "19:23:49", "tweet": "@jacksfilms What was your input?", "likes_count": 11, "replies_count": 0, "retweets_count": 0, "hashtags": []}
{"id": 1175188787510427649, "date": "2019-09-20", "time": "19:23:35", "tweet": "tryna play a chart  shitmisses twice cuz of input drops  haha funny lets try that again  it happens again but in a different spot  okay for real this time  it happens again  and again  and again  and again  AND AGAIN  AND AGAIN AND AGAIN AND AGAIN  1 hour later: i give up", "likes_count": 6, "replies_count": 2, "retweets_count": 0, "hashtags": []}
{"id": 1175188722607886339, "date": "2019-09-20", "time": "19:23:20", "tweet": "@SirDimetrious Does kbm not recognize WD as dual input so you can't do this?", "likes_count": 0, "replies_count": 0, "retweets_count": 0, "hashtags": []}
{"id": 1175188208616763392, "date": "2019-09-20", "time": "19:21:17", "tweet": "@CosmicCrouton That moment when the matchmaking pairs you by input not by platform.  https://t.co/fbvOb0FR0j", "likes_count": 0, "replies_count": 1, "retweets_count": 0, "hashtags": []}
{"id": 1175188182377230336, "date": "2019-09-20", "time": "19:21:11", "tweet": "@kwonjisoos @dinaptry_ Sebenernya gaada yang salah sistemnya. Setau saya gini.  Orderan bisa di cancel kalo misalkan driver belum belanja (tampilan apk driver masih menunjukan alamat resto) (Customer / Driver bisa Cancel Orderan)  Tapi kalo udah belanja, Driver harus input foto struk belanjaan, dan..", "likes_count": 0, "replies_count": 1, "retweets_count": 0, "hashtags": []}
{"id": 1175188105915060224, "date": "2019-09-20", "time": "19:20:53", "tweet": "@evans3962 Upon further reading, I saw what you are talking about. I agree, we need to be skeptical, but it still is cool to me. Thanks for your input.", "likes_count": 0, "replies_count": 0, "retweets_count": 0, "hashtags": []}
{"id": 1175187844899508224, "date": "2019-09-20", "time": "19:19:50", "tweet": "I think I might get a Genesis Mini on the way home from work tonight. I want to see this double input issue for myself.", "likes_count": 0, "replies_count": 0, "retweets_count": 0, "hashtags": []}
{"id": 1175187800179773445, "date": "2019-09-20", "time": "19:19:40", "tweet": "@chadhutchins182 Hi, we're sorry to hear that you're having some trouble. Can you please DM us and let us know if you're attempting to input an address for a food order on the site or for a business page? Please also provide the address that you're attempting to use and a screenshot if possible.", "likes_count": 0, "replies_count": 0, "retweets_count": 0, "hashtags": []}
{"id": 1175187558764077056, "date": "2019-09-20", "time": "19:18:42", "tweet": "There is a time for negotiations and group input and there is a time for a leadership decision. Know the difference. #Leadership #HR #CEO", "likes_count": 0, "replies_count": 0, "retweets_count": 0, "hashtags": ["leadership", "hr", "ceo"]}
{"id": 1175187344275726337, "date": "2019-09-20", "time": "19:17:51", "tweet": "@rstoneham77 I have a couple of those.  I'm a pressure input person, and I love them except that I have to get completely undressed to pee.", "likes_count": 1, "replies_count": 0, "retweets_count": 0, "hashtags": []}
{"id": 1175187140201857025, "date": "2019-09-20", "time": "19:17:02", "tweet": "Me when people puts their Input on what I post  https://t.co/GyibU7oUQj", "likes_count": 20, "replies_count": 0, "retweets_count": 14, "hashtags": []}
{"id": 1175197575001059328, "date": "2019-09-20", "time": "19:58:30", "tweet": "@JoeBrunoWSOC9 Is the NCDOT more secretive than the KGB?  Why is public input not allowed or ignored?", "likes_count": 0, "replies_count": 0, "retweets_count": 0, "hashtags": []}
{"id": 1175197507544080384, "date": "2019-09-20", "time": "19:58:14", "tweet": "@FanLashley @24_7Title @CruiserweightCh @HardcoreChampi3 Nobody asked for your input", "likes_count": 0, "replies_count": 0, "retweets_count": 0, "hashtags": []}
{"id": 1175197481229049856, "date": "2019-09-20", "time": "19:58:08", "tweet": "@Smobo1 @v_input_output yes!!", "likes_count": 0, "replies_count": 0, "retweets_count": 0, "hashtags": []}
{"id": 1175197431925022720, "date": "2019-09-20", "time": "19:57:56", "tweet": "Last valid input: 2019-09-21 08:57:53.750664 Temperature: 30.00 C Humidity: 61.00 %", "likes_count": 0, "replies_count": 0, "retweets_count": 0, "hashtags": []}
{"id": 1175197376031731712, "date": "2019-09-20", "time": "19:57:43", "tweet": "@v_input_output appreciation tweet: you're fuckin rad and I'm glad to know you", "likes_count": 2, "replies_count": 2, "retweets_count": 0, "hashtags": []}
{"id": 1175197355907305473, "date": "2019-09-20", "time": "19:57:38", "tweet": "President Tumblr: (Is a website and therefore is incapable of running a country let alone doing anything beyond displaying certain information based on user input)", "likes_count": 0, "replies_count": 0, "retweets_count": 0, "hashtags": []}
{"id": 1175197211312807937, "date": "2019-09-20", "time": "19:57:03", "tweet": "自分が不幸だと思ってることは他人はそう思わないかもしれない。誰でもいつからでも人は変われる✨今をどう生きて未来にどう繋げていくか。これからの生き方を考えさせられる映画。今すぐ旅がしたくなった✈️ #最高の人生見つけた", "likes_count": 0, "replies_count": 0, "retweets_count": 0, "hashtags": ["最高の人生見つけた"]}
{"id": 1175197196083519489, "date": "2019-09-20", "time": "19:57:00", "tweet": "@witmer damn thanks for the honest input, I have all my shit on hold for pickup at micro center and originally put the asus one in but for the different of 40 bucks it sounds like the BENQ is the better route", "likes_count": 2, "replies_count": 0, "retweets_count": 0, "hashtags": []}
{"id": 1175197178475794432, "date": "2019-09-20", "time": "19:56:56", "tweet": "@discobetaa Thats very interesting thank you for your input sir", "likes_count": 1, "replies_count": 0, "retweets_count": 0, "hashtags": []}
{"id": 1175197097634582529, "date": "2019-09-20", "time": "19:56:36", "tweet": "@AndrewDumont @nikillinit Amazon has gotten clever over the years asking Sellers to input their vendor info “for business to better keep track of replenishment”. The true motive: to manufacture copies of hot sellers.", "likes_count": 0, "replies_count": 0, "retweets_count": 0, "hashtags": []}
{"id": 1175196722240327682, "date": "2019-09-20", "time": "19:55:07", "tweet": "spacing characters inside input equally over it's entire width  https://t.co/PseTECIE7l  https://t.co/Gj5zWGmAZb", "likes_count": 0, "replies_count": 0, "retweets_count": 0, "hashtags": []}
{"id": 1175196721661366273, "date": "2019-09-20", "time": "19:55:07", "tweet": "I'm a very smart man but getting things to look the way you want them to is not in my bag without input from others. So, obviously this requires a LOT of patience and motivation. I am not a visual artists so idk, I guess try something and ask friends to see what they think.", "likes_count": 0, "replies_count": 0, "retweets_count": 0, "hashtags": []}
{"id": 1175196381092429824, "date": "2019-09-20", "time": "19:53:46", "tweet": "😺✏ — Di pa po kasi ako nag uupdate uli ng sheet 😅 pero mag input na po TN once nasulat ko na manually  https://t.co/IDbVrEz1m6", "likes_count": 0, "replies_count": 0, "retweets_count": 0, "hashtags": []}
{"id": 1175196159909908480, "date": "2019-09-20", "time": "19:52:53", "tweet": "@retrotink2 I am almost 100% sure it uses the composite video input, AFAIK that’s the only way it could support SNES and GC without additional footprint/switches Is there a good way to test this you know of? -GG", "likes_count": 1, "replies_count": 1, "retweets_count": 0, "hashtags": []}
{"id": 1175196015114276865, "date": "2019-09-20", "time": "19:52:18", "tweet": "@ThatTransJayne Also I'm positive that Vegeta had zero input on the naming process of his children, which is why they take after Bulma's naming convention.", "likes_count": 0, "replies_count": 0, "retweets_count": 0, "hashtags": []}
{"id": 1175195956616163328, "date": "2019-09-20", "time": "19:52:04", "tweet": "@NephroP @khaycock2 @EMNerd_ @ThinkingCC @AlvaroGomezcoe1 @iceman_ex @ArgaizR @ICUnephroSuarez Great point.  Bioavailability better, but i wonder if gut absorption would be equally impacted?  Dunno.  Anyway, many thanks for the input.", "likes_count": 5, "replies_count": 1, "retweets_count": 0, "hashtags": []}
{"id": 1175195753406488576, "date": "2019-09-20", "time": "19:51:16", "tweet": "Hasta ahora no hay input de nada...", "likes_count": 0, "replies_count": 0, "retweets_count": 0, "hashtags": []}
{"id": 1175195616693014528, "date": "2019-09-20", "time": "19:50:43", "tweet": "@aye_Deno @CosmicCrouton Yes but those are PC players playing with a controller. The game matchmakes crossplay by input not by platform. If you swap to m&amp;k mid game it's supposed to remove you from the match. Controller on pc gets matchmade against other controller users. And the same for m&amp;k", "likes_count": 0, "replies_count": 1, "retweets_count": 0, "hashtags": []}
{"id": 1175195412187078656, "date": "2019-09-20", "time": "19:49:54", "tweet": "Visit our pop-up input stations for the West Las Positas bike/ped improvement project - we want to hear from you! Sat. 9/21 from 8 a.m.-noon @ #Pleasanton Farmer's Market &amp; 1-5 p.m. @ Creekside Park (5601 WLP Blvd.). More info:  https://t.co/C7CcfPUM3r. @PleasantonNews  https://t.co/HNYwh4iol1", "likes_count": 0, "replies_count": 0, "retweets_count": 0, "hashtags": ["pleasanton"]}
{"id": 1175195315147825154, "date": "2019-09-20", "time": "19:49:31", "tweet": "@jamesqquick @_100DaysOfCode @reactjs its from a udemy course but its an indecision app. picking a random task based on some input options.", "likes_count": 1, "replies_count": 1, "retweets_count": 0, "hashtags": []}
