{"id": 1111417566721765376, "date": "2019-03-28", "time": "19:59:31", "tweet": "Search Bar input \" from:@RatioScientiae since:2009-02-01 until:2019-03-31 -filter:retweets\" Thanks for the follow. I am going to enjoy reading your tweets... I've already responded to some.  https://t.co/uIq9gox3iZ", "likes_count": 1, "replies_count": 0, "retweets_count": 0, "hashtags": []}
{"id": 1111417455090384899, "date": "2019-03-28", "time": "19:59:05", "tweet": "takbest ah fawwaz takde nanti :( dia banyak bagi input menarik. seronok membawang dgn dia ni. lepasni sorang sorang je ah inspect.", "likes_count": 0, "replies_count": 1, "retweets_count": 0, "hashtags": []}
{"id": 1111417155940081670, "date": "2019-03-28", "time": "19:57:53", "tweet": "We have approximately 40 residents at tonight’s Town Hall meeting. Come on down to the Senior Center to hear about the City budget and provide input on what you would like to see in next year’s budget.  https://t.co/0poBpd59d0", "likes_count": 2, "replies_count": 0, "retweets_count": 0, "hashtags": []}
{"id": 1111417062008643584, "date": "2019-03-28", "time": "19:57:31", "tweet": "@archerm2 @tssmn @AATSJournals @annalsthorsurg Going to be a terrific chat evaluating various approaches to esophagectomy.  Hoping for your input! #tssmn  @Daniela_Molena @vlitlemd @ShandaBlackmon @Cerf_MD @SethBKrantz @BrianMitzman @BrianLouie4 @LisaBrownMD @ErinGillaspie @EADavidMD @jdoningtonmd @DavidDOdell @sgworrell", "likes_count": 2, "replies_count": 0, "retweets_count": 0, "hashtags": ["tssmn"]}
{"id": 1111417045109755909, "date": "2019-03-28", "time": "19:57:27", "tweet": "24/#100DaysOfCode   Finally finished the #AEM overhaul! Also squashed a bug on a form that was throwing an #XML error, and learned that on a credit card form, you can't use #number as the #input #type because it deletes leading '0's. What is this, #Excel?!  Love.", "likes_count": 6, "replies_count": 0, "retweets_count": 2, "hashtags": ["100daysofcode", "aem", "xml", "number", "input", "type", "excel"]}
{"id": 1111417001400889344, "date": "2019-03-28", "time": "19:57:16", "tweet": "Amazon、スピーカー非搭載で「Echo Dot」と比べ半額の「 Echo Input」を日本でも発売　 -  https://t.co/pScObRABhT  https://t.co/Vns0ktU1tB", "likes_count": 0, "replies_count": 0, "retweets_count": 0, "hashtags": []}
{"id": 1111416998796247045, "date": "2019-03-28", "time": "19:57:16", "tweet": "@LulaaCavs Cuando te decidas entre label e Input querida", "likes_count": 1, "replies_count": 0, "retweets_count": 0, "hashtags": []}
{"id": 1111416856802295809, "date": "2019-03-28", "time": "19:56:42", "tweet": "@gordons169 @Jim_Cornelius @RichardAshMEP 2 good ones to follow on Twitter are @CharlesTannock (conservative) and @MollyMEP (green). Both hardworking, productive, positive MEPs who bother to turn up, work on legislation, have positive input and represent their constituents. Farage and Hannan are ranked next to bottom", "likes_count": 1, "replies_count": 0, "retweets_count": 0, "hashtags": []}
{"id": 1111416745133129733, "date": "2019-03-28", "time": "19:56:15", "tweet": "@Wb_juann Nigga what ? For the longest since we been following each other , every once in a while you had to comment and put your two cents in. Whether you’re correcting someone’s grammar or just commenting on my shit with your unwanted input.", "likes_count": 0, "replies_count": 0, "retweets_count": 0, "hashtags": []}
{"id": 1111416742184513536, "date": "2019-03-28", "time": "19:56:15", "tweet": "AI Can Hate With No Human Input  https://t.co/9Seg6WRPJC", "likes_count": 0, "replies_count": 0, "retweets_count": 0, "hashtags": []}
{"id": 1111416620499394562, "date": "2019-03-28", "time": "19:55:46", "tweet": "Twijfel je of je naar 't 100waard-gesprek van @Molenlanden_Gem in jouw dorp/stad gaat? Eerste keer was in #NieuwLekkerland met pubquiz, vijf pitches over lokale onderwerpen en bespreking in groepen. Input wordt opgehaald voor het samenlevingsprogramma (to-do-lijst). Een aanrader!  https://t.co/xjuYDGjcNv", "likes_count": 4, "replies_count": 0, "retweets_count": 1, "hashtags": ["nieuwlekkerland"]}
{"id": 1111416603218829312, "date": "2019-03-28", "time": "19:55:41", "tweet": "PAX East has a console challenge for getting the High Score for Sonic Adventure 2’s City Escape.... but it’s the demo disc version... with a monitor with input delay. In the lead with 21.3k+. No power ups. I pray no one knows how to score attack.", "likes_count": 47, "replies_count": 3, "retweets_count": 0, "hashtags": []}
{"id": 1111416462894223360, "date": "2019-03-28", "time": "19:55:08", "tweet": "Hort Innovation is holding a Strategy Consultation Workshop in Mildura this Monday, April 1. New CEO Matt Brand will be there. @Hort_Au is seeking grower input for its new Strategic Plan, to be launched mid-2019. You can also provide your ideas here:  https://t.co/TNjLglFwOr …  https://t.co/BBKHm3OZoD", "likes_count": 8, "replies_count": 0, "retweets_count": 4, "hashtags": []}
{"id": 1111416455826821121, "date": "2019-03-28", "time": "19:55:06", "tweet": "@Pagerduty @PagerDutyHelp Why did you massively degrade your iOS app's UX? You now require a swipe and a tap to ack/resolve alerts, rather than just a swipe, literally doubling the amount of user input required. I am very upset.", "likes_count": 0, "replies_count": 0, "retweets_count": 0, "hashtags": []}
{"id": 1111416180080705536, "date": "2019-03-28", "time": "19:54:01", "tweet": "Deeply committed Music Commissioners sharing knowledge and seeking input at last night's Mixer at KEXP. Love these people!  https://t.co/iA4BjBWGgZ", "likes_count": 3, "replies_count": 0, "retweets_count": 1, "hashtags": []}
{"id": 1111416123080114176, "date": "2019-03-28", "time": "19:53:47", "tweet": "@DaisyVicEdwards It’s hard not to feel that way because you think to yourself that they don’t really know or understand what you’re going through. I guess the trick is making those changes and knowing within yourself that those changes are good for you regardless of the input of others.", "likes_count": 1, "replies_count": 1, "retweets_count": 0, "hashtags": []}
{"id": 1111416094546227200, "date": "2019-03-28", "time": "19:53:40", "tweet": "avprtwi invited you to use [CashPop]! You can get free Gold by using phone only. Download [CashPop] now. Input Friend's ID: [avprtwi] to get extra 10,000 Gold!!!  https://t.co/z3s257rZLY", "likes_count": 0, "replies_count": 0, "retweets_count": 0, "hashtags": []}
{"id": 1111416004007976971, "date": "2019-03-28", "time": "19:53:19", "tweet": "@Vjostar what tablet do you use for computer input?", "likes_count": 0, "replies_count": 0, "retweets_count": 0, "hashtags": []}
{"id": 1111415778627051522, "date": "2019-03-28", "time": "19:52:25", "tweet": "@ara_preciouus puta hindi talaga pwedeng simpleng retweet lang? bakit ba lahat kayo may input? 😤🤣", "likes_count": 0, "replies_count": 1, "retweets_count": 0, "hashtags": []}
{"id": 1111415704836669442, "date": "2019-03-28", "time": "19:52:07", "tweet": "Great leaders are never threatened by serious questions and input from their best employees. Also, great employees know where the line is and when to stop. There comes a moment to be quiet and respect leadership’s decision.", "likes_count": 78, "replies_count": 1, "retweets_count": 17, "hashtags": []}
{"id": 1111417566721765376, "date": "2019-03-28", "time": "19:59:31", "tweet": "Search Bar input \" from:@RatioScientiae since:2009-02-01 until:2019-03-31 -filter:retweets\" Thanks for the follow. I am going to enjoy reading your tweets... I've already responded to some.  https://t.co/uIq9gox3iZ", "likes_count": 1, "replies_count": 0, "retweets_count": 0, "hashtags": []}
{"id": 1111417455090384899, "date": "2019-03-28", "time": "19:59:05", "tweet": "takbest ah fawwaz takde nanti :( dia banyak bagi input menarik. seronok membawang dgn dia ni. lepasni sorang sorang je ah inspect.", "likes_count": 0, "replies_count": 1, "retweets_count": 0, "hashtags": []}
{"id": 1111417155940081670, "date": "2019-03-28", "time": "19:57:53", "tweet": "We have approximately 40 residents at tonight’s Town Hall meeting. Come on down to the Senior Center to hear about the City budget and provide input on what you would like to see in next year’s budget.  https://t.co/0poBpd59d0", "likes_count": 2, "replies_count": 0, "retweets_count": 0, "hashtags": []}
{"id": 1111417062008643584, "date": "2019-03-28", "time": "19:57:31", "tweet": "@archerm2 @tssmn @AATSJournals @annalsthorsurg Going to be a terrific chat evaluating various approaches to esophagectomy.  Hoping for your input! #tssmn  @Daniela_Molena @vlitlemd @ShandaBlackmon @Cerf_MD @SethBKrantz @BrianMitzman @BrianLouie4 @LisaBrownMD @ErinGillaspie @EADavidMD @jdoningtonmd @DavidDOdell @sgworrell", "likes_count": 2, "replies_count": 0, "retweets_count": 0, "hashtags": ["tssmn"]}
{"id": 1111417045109755909, "date": "2019-03-28", "time": "19:57:27", "tweet": "24/#100DaysOfCode   Finally finished the #AEM overhaul! Also squashed a bug on a form that was throwing an #XML error, and learned that on a credit card form, you can't use #number as the #input #type because it deletes leading '0's. What is this, #Excel?!  Love.", "likes_count": 6, "replies_count": 0, "retweets_count": 2, "hashtags": ["100daysofcode", "aem", "xml", "number", "input", "type", "excel"]}
{"id": 1111417001400889344, "date": "2019-03-28", "time": "19:57:16", "tweet": "Amazon、スピーカー非搭載で「Echo Dot」と比べ半額の「 Echo Input」を日本でも発売　 -  https://t.co/pScObRABhT  https://t.co/Vns0ktU1tB", "likes_count": 0, "replies_count": 0, "retweets_count": 0, "hashtags": []}
{"id": 1111416998796247045, "date": "2019-03-28", "time": "19:57:16", "tweet": "@LulaaCavs Cuando te decidas entre label e Input querida", "likes_count": 1, "replies_count": 0, "retweets_count": 0, "hashtags": []}
{"id": 1111416856802295809, "date": "2019-03-28", "time": "19:56:42", "tweet": "@gordons169 @Jim_Cornelius @RichardAshMEP 2 good ones to follow on Twitter are @CharlesTannock (conservative) and @MollyMEP (green). Both hardworking, productive, positive MEPs who bother to turn up, work on legislation, have positive input and represent their constituents. Farage and Hannan are ranked next to bottom", "likes_count": 1, "replies_count": 0, "retweets_count": 0, "hashtags": []}
{"id": 1111416745133129733, "date": "2019-03-28", "time": "19:56:15", "tweet": "@Wb_juann Nigga what ? For the longest since we been following each other , every once in a while you had to comment and put your two cents in. Whether you’re correcting someone’s grammar or just commenting on my shit with your unwanted input.", "likes_count": 0, "replies_count": 0, "retweets_count": 0, "hashtags": []}
{"id": 1111416742184513536, "date": "2019-03-28", "time": "19:56:15", "tweet": "AI Can Hate With No Human Input  https://t.co/9Seg6WRPJC", "likes_count": 0, "replies_count": 0, "retweets_count": 0, "hashtags": []}
{"id": 1111416620499394562, "date": "2019-03-28", "time": "19:55:46", "tweet": "Twijfel je of je naar 't 100waard-gesprek van @Molenlanden_Gem in jouw dorp/stad gaat? Eerste keer was in #NieuwLekkerland met pubquiz, vijf pitches over lokale onderwerpen en bespreking in groepen. Input wordt opgehaald voor het samenlevingsprogramma (to-do-lijst). Een aanrader!  https://t.co/xjuYDGjcNv", "likes_count": 4, "replies_count": 0, "retweets_count": 1, "hashtags": ["nieuwlekkerland"]}
{"id": 1111416603218829312, "date": "2019-03-28", "time": "19:55:41", "tweet": "PAX East has a console challenge for getting the High Score for Sonic Adventure 2’s City Escape.... but it’s the demo disc version... with a monitor with input delay. In the lead with 21.3k+. No power ups. I pray no one knows how to score attack.", "likes_count": 47, "replies_count": 3, "retweets_count": 0, "hashtags": []}
{"id": 1111416462894223360, "date": "2019-03-28", "time": "19:55:08", "tweet": "Hort Innovation is holding a Strategy Consultation Workshop in Mildura this Monday, April 1. New CEO Matt Brand will be there. @Hort_Au is seeking grower input for its new Strategic Plan, to be launched mid-2019. You can also provide your ideas here:  https://t.co/TNjLglFwOr …  https://t.co/BBKHm3OZoD", "likes_count": 8, "replies_count": 0, "retweets_count": 4, "hashtags": []}
{"id": 1111416455826821121, "date": "2019-03-28", "time": "19:55:06", "tweet": "@Pagerduty @PagerDutyHelp Why did you massively degrade your iOS app's UX? You now require a swipe and a tap to ack/resolve alerts, rather than just a swipe, literally doubling the amount of user input required. I am very upset.", "likes_count": 0, "replies_count": 0, "retweets_count": 0, "hashtags": []}
{"id": 1111416180080705536, "date": "2019-03-28", "time": "19:54:01", "tweet": "Deeply committed Music Commissioners sharing knowledge and seeking input at last night's Mixer at KEXP. Love these people!  https://t.co/iA4BjBWGgZ", "likes_count": 3, "replies_count": 0, "retweets_count": 1, "hashtags": []}
{"id": 1111416123080114176, "date": "2019-03-28", "time": "19:53:47", "tweet": "@DaisyVicEdwards It’s hard not to feel that way because you think to yourself that they don’t really know or understand what you’re going through. I guess the trick is making those changes and knowing within yourself that those changes are good for you regardless of the input of others.", "likes_count": 1, "replies_count": 1, "retweets_count": 0, "hashtags": []}
{"id": 1111416094546227200, "date": "2019-03-28", "time": "19:53:40", "tweet": "avprtwi invited you to use [CashPop]! You can get free Gold by using phone only. Download [CashPop] now. Input Friend's ID: [avprtwi] to get extra 10,000 Gold!!!  https://t.co/z3s257rZLY", "likes_count": 0, "replies_count": 0, "retweets_count": 0, "hashtags": []}
{"id": 1111416004007976971, "date": "2019-03-28", "time": "19:53:19", "tweet": "@Vjostar what tablet do you use for computer input?", "likes_count": 0, "replies_count": 0, "retweets_count": 0, "hashtags": []}
{"id": 1111415778627051522, "date": "2019-03-28", "time": "19:52:25", "tweet": "@ara_preciouus puta hindi talaga pwedeng simpleng retweet lang? bakit ba lahat kayo may input? 😤🤣", "likes_count": 0, "replies_count": 1, "retweets_count": 0, "hashtags": []}
{"id": 1111415704836669442, "date": "2019-03-28", "time": "19:52:07", "tweet": "Great leaders are never threatened by serious questions and input from their best employees. Also, great employees know where the line is and when to stop. There comes a moment to be quiet and respect leadership’s decision.", "likes_count": 78, "replies_count": 1, "retweets_count": 17, "hashtags": []}
