{"id": 1182445518863118336, "date": "2019-10-10", "time": "19:59:15", "tweet": "@solsukut @buzz_commander @EscapingAtheism @BiggestChimp @AStratelates @tmeister1234 @dunstan99 If you would probably provide any intellectual input you would receive such but that's the thing with theists, they claim to have intellectual input and then keep failing on delivering it.", "likes_count": 0, "replies_count": 1, "retweets_count": 0, "hashtags": []}
{"id": 1182445420703694848, "date": "2019-10-10", "time": "19:58:51", "tweet": "If only @agounardes had asked his #PuppetMaster @JustinBrannan to do the same thing during the year the 34 Yr $1.5 #Billion #NYCACC contract was negotiated without #Citizen involvement or input. #Corrupt #Hypocrites #Panderers #Patronizing #FireRisa #NoKIll #DeadPigSwinger  https://t.co/bn6rReH5oI", "likes_count": 0, "replies_count": 0, "retweets_count": 2, "hashtags": ["puppetmaster", "billion", "nycacc", "citizen", "corrupt", "hypocrites", "panderers", "patronizing", "firerisa", "nokill", "deadpigswinger"]}
{"id": 1182445027718336512, "date": "2019-10-10", "time": "19:57:18", "tweet": "@VanStreetDog @anothermikew @ArthurAtkinson0 @patrickj6 To a point, yes. However, if the long range plan involved environmental protections/federal parks/long term planning for a switch from the pipeline to green energy with input from the concerned communities, it would probably help.", "likes_count": 0, "replies_count": 1, "retweets_count": 0, "hashtags": []}
{"id": 1182444967001645057, "date": "2019-10-10", "time": "19:57:03", "tweet": "City of MLT seeks input on ADA transition plan  https://t.co/iTdXOdsDwq", "likes_count": 0, "replies_count": 0, "retweets_count": 0, "hashtags": []}
{"id": 1182444913230639104, "date": "2019-10-10", "time": "19:56:50", "tweet": "@TroubleTruck would love to hear your input and anyone else's who might want to chime in :D", "likes_count": 0, "replies_count": 0, "retweets_count": 0, "hashtags": []}
{"id": 1182444772948004864, "date": "2019-10-10", "time": "19:56:17", "tweet": "Lucky Money have fun. What are you waiting for? Download it, input the refer code JZWT5WE to get reward. https://t.co/pzhea8XlLM", "likes_count": 0, "replies_count": 0, "retweets_count": 0, "hashtags": []}
{"id": 1182444701615394817, "date": "2019-10-10", "time": "19:56:00", "tweet": "Great answers everyone! We appreciate everyone's input #TEARtalk #WorldMentalHeathDay", "likes_count": 1, "replies_count": 0, "retweets_count": 0, "hashtags": ["teartalk", "worldmentalheathday"]}
{"id": 1182444686809583616, "date": "2019-10-10", "time": "19:55:56", "tweet": "You know this is a question I would love to hear input from all sides.  Which is better?  Fast growth w/ no mods and a toxic community.  Or  Slow growth w/ chat moderation and a community that doesn't just want to comment, demand you do stuff and judge you for everything u do?", "likes_count": 4, "replies_count": 2, "retweets_count": 1, "hashtags": []}
{"id": 1182444617171496961, "date": "2019-10-10", "time": "19:55:40", "tweet": "@ws1560234564016 まず、buttonタグはクリックされるとページが再読み込みされてしまうので、onclickが動作しません。 input type=\"button\"をつかうといいと思います。   https://t.co/HIFSXp9fss  あと、このswich文ですが、正常に動作してないので処理を見直してみましょう！", "likes_count": 0, "replies_count": 1, "retweets_count": 0, "hashtags": []}
{"id": 1182444570270781441, "date": "2019-10-10", "time": "19:55:28", "tweet": "IM BACK BITCHES!!!!", "likes_count": 7, "replies_count": 1, "retweets_count": 0, "hashtags": []}
{"id": 1182444564541513728, "date": "2019-10-10", "time": "19:55:27", "tweet": "Important Announcement!  OVHS Class of 2018 Graduates 🎓🎓🎓🎓🎓🎓🎓🎓🎓🎓🎓 An important post-graduation survey will be mailed to you in the next week.  A self-addressed, stamped envelope will be provided for your convenience.  Your input is appreciated! #socsowen  https://t.co/FCp2ItKNFY", "likes_count": 2, "replies_count": 0, "retweets_count": 4, "hashtags": ["socsowen"]}
{"id": 1182444144926642178, "date": "2019-10-10", "time": "19:53:47", "tweet": "Multi Image text input Twitter.  https://t.co/31xRTR7dqW", "likes_count": 0, "replies_count": 0, "retweets_count": 0, "hashtags": []}
{"id": 1182444104581636096, "date": "2019-10-10", "time": "19:53:37", "tweet": "A2: I try to stay away from SimCom if I can. Either no voice sign or use an interpreter (I'm hearing) so my students get full language input  #DeafEd", "likes_count": 4, "replies_count": 0, "retweets_count": 0, "hashtags": ["deafed"]}
{"id": 1182444076710412288, "date": "2019-10-10", "time": "19:53:31", "tweet": "@crnidge Yet, you have an input on it even though you admittedly don’t know what you’re talking about.", "likes_count": 0, "replies_count": 1, "retweets_count": 0, "hashtags": []}
{"id": 1182444018740817920, "date": "2019-10-10", "time": "19:53:17", "tweet": "@ElARMY6 @pln_123 Wah ini saya juga ngalamin hal yg sama.semalam mau ngisi token listrik tapi nomor meter yang biasa di isi ulang tiba2 gk ada di sistem.di coba pakai no IDpel baru bisa ngisi....tapi pas begitu kode token nya di input ke KWH...gagal terus sampai sekarang.gimana ini Min @pln_123", "likes_count": 0, "replies_count": 2, "retweets_count": 0, "hashtags": []}
{"id": 1182443980212056065, "date": "2019-10-10", "time": "19:53:08", "tweet": "Trump orders agencies to require public input in key ‘guidance documents’  https://t.co/kdI9ePLPMM #politics", "likes_count": 0, "replies_count": 0, "retweets_count": 0, "hashtags": ["politics"]}
{"id": 1182443724229545984, "date": "2019-10-10", "time": "19:52:07", "tweet": "The last community input meeting is taking place at Bedicheck MS. Next,  district officials will look over feedback they’ve heard for the past three weeks. #schoolchanges2019 #schoolclosures  https://t.co/mU9JtIWwQ1", "likes_count": 4, "replies_count": 1, "retweets_count": 0, "hashtags": ["schoolchanges2019", "schoolclosures"]}
{"id": 1182443709628964864, "date": "2019-10-10", "time": "19:52:03", "tweet": "@FarbsMcFarbs @StegerGames oh its cause all these streaming platforms are trying to do machine learning \"input prediction\" to hide latency now.", "likes_count": 1, "replies_count": 1, "retweets_count": 0, "hashtags": []}
{"id": 1182443627185922048, "date": "2019-10-10", "time": "19:51:44", "tweet": "PHEELZ is too creative 🔥🔥🔥🔥🔥🔥🔥  His input on Teni's Billionaire and Nowo is superb 🔥🔥🔥🔥  @Pheelzonthebeat @TeniEntertainer", "likes_count": 13, "replies_count": 0, "retweets_count": 4, "hashtags": []}
{"id": 1182443623377334275, "date": "2019-10-10", "time": "19:51:43", "tweet": "I'm also intrigued by @focalsbynorth - clever ring input control, slick AI to generate context-appropriate canned responses, Alexa baked-in. Very chic design. Decent app integration (but no developer program at the moment).  https://t.co/zTFQOpa00p", "likes_count": 0, "replies_count": 1, "retweets_count": 0, "hashtags": []}
{"id": 1182443615911587840, "date": "2019-10-10", "time": "19:51:41", "tweet": "Just uploaded 'What lurks beneath Fairhill' for my $1/month and up patrons. love that this adventure seed was based on the creative input of my patrons :) #solorpg #ttrpg #dnd  https://t.co/rgVWS8K3au", "likes_count": 3, "replies_count": 0, "retweets_count": 1, "hashtags": ["solorpg", "ttrpg", "dnd"]}
{"id": 1182443591051837440, "date": "2019-10-10", "time": "19:51:35", "tweet": "I know every body is different but I’d still appreciate any input!", "likes_count": 0, "replies_count": 0, "retweets_count": 0, "hashtags": []}
{"id": 1182443455827628032, "date": "2019-10-10", "time": "19:51:03", "tweet": "Product Description With added input capacity of 550-sheet and media flexibility, this accessory supports greater productivity and less printer management. Have different print media ready in the printer when you need it and print up to 900-pages without reloading. What is in th", "likes_count": 0, "replies_count": 0, "retweets_count": 0, "hashtags": []}
{"id": 1182443383920267264, "date": "2019-10-10", "time": "19:50:46", "tweet": "@twitgera Graphics cards are helpful.   I also enjoy mice. They are pretty cool input devices.", "likes_count": 0, "replies_count": 0, "retweets_count": 0, "hashtags": []}
{"id": 1182443307181494272, "date": "2019-10-10", "time": "19:50:27", "tweet": "New website on the way, and I need your input  https://t.co/xEW3Hhc3lN", "likes_count": 0, "replies_count": 0, "retweets_count": 0, "hashtags": []}
{"id": 1182443273295716352, "date": "2019-10-10", "time": "19:50:19", "tweet": "New website on the way, and I need your input  https://t.co/TzaVhWfUJH  https://t.co/3HTp3tom17", "likes_count": 0, "replies_count": 0, "retweets_count": 0, "hashtags": []}
{"id": 1182443138188632064, "date": "2019-10-10", "time": "19:49:47", "tweet": "Here’s my input.  Arizona doesn’t need another trump sycophant in Congress.  You are going to lose to @ShuttleCDRKelly if you continue your campaign.  Save yourself some money and embarrassment and embrace another career choice.  Maybe cleaning up roadkill from the highway.", "likes_count": 1, "replies_count": 0, "retweets_count": 0, "hashtags": []}
{"id": 1182443128235724800, "date": "2019-10-10", "time": "19:49:45", "tweet": "@Akamatomaro @chudlogic @RationalDis Thank you for your input, Jon Office.", "likes_count": 0, "replies_count": 0, "retweets_count": 0, "hashtags": []}
{"id": 1182443113689899010, "date": "2019-10-10", "time": "19:49:41", "tweet": "Has oomf seen the show Ozark on Netflix? (Its very good if you haven't seen it) I was wondering about getting some input from anyone who's also seen the show.", "likes_count": 0, "replies_count": 0, "retweets_count": 0, "hashtags": []}
{"id": 1182443065065246720, "date": "2019-10-10", "time": "19:49:30", "tweet": "Community Choice Energy gives local governments a way to make decisions about their own sources of energy - WITH input from those directly impacted.", "likes_count": 0, "replies_count": 1, "retweets_count": 0, "hashtags": []}
{"id": 1182442767013822465, "date": "2019-10-10", "time": "19:48:19", "tweet": "@Travis_Waldron It's a fair question: in current climate, the sausage out the other end is impossible to predict. Moreover, it shifts the debate to a forum which, in current setting, substantially excludes player interests. (R control, but also LEAD1 lobbying now for years, w no player input.)", "likes_count": 1, "replies_count": 0, "retweets_count": 0, "hashtags": []}
{"id": 1182442761624141826, "date": "2019-10-10", "time": "19:48:17", "tweet": "@PatEnfedaque @Bobby_Anguelov @dubejf We thought the same while discussing this during lunch 😋. Galaxy brain : store every frames of every players and index by input vector. Then at some point you don't even have to run the game!", "likes_count": 1, "replies_count": 1, "retweets_count": 0, "hashtags": []}
{"id": 1182442660960714752, "date": "2019-10-10", "time": "19:47:53", "tweet": "@KatMurti Can’t. Damn it I hate text input on a small screen.", "likes_count": 0, "replies_count": 0, "retweets_count": 0, "hashtags": []}
{"id": 1182442638034817032, "date": "2019-10-10", "time": "19:47:48", "tweet": "@CashNastyGaming If you a lockdown you shouldn't need to spam to get a steal it should take less button input and more skill to steal you basically saying just because you a lockdown if you spam steal you should be rewarded you still gotta defend this not live bud it's 2k", "likes_count": 0, "replies_count": 0, "retweets_count": 0, "hashtags": []}
{"id": 1182442276682903552, "date": "2019-10-10", "time": "19:46:22", "tweet": "if I ask you for advice or input on my nails, please give it to me 🥺", "likes_count": 1, "replies_count": 0, "retweets_count": 0, "hashtags": []}
{"id": 1182442224753111042, "date": "2019-10-10", "time": "19:46:09", "tweet": "@ChrisMZiegler In other words, Warren/Gillum is a winning ticket. Thanks for the input", "likes_count": 26, "replies_count": 1, "retweets_count": 0, "hashtags": []}
{"id": 1182442171754074113, "date": "2019-10-10", "time": "19:45:57", "tweet": "@LenaPejgan @SapphoScribe @PDArebellion @evelyn1334 @Lady_Nerdly @sianj247 @notCursedE @Missyma48409709 @charlie_sci @AdrianHarrop @NinaKillen I think if you have to ask that, you're severely lacking in the knowledge required to provide any relevant input.", "likes_count": 7, "replies_count": 0, "retweets_count": 0, "hashtags": []}
{"id": 1182442142255460352, "date": "2019-10-10", "time": "19:45:50", "tweet": "@GrimKim I follow for your metal journalistic input", "likes_count": 0, "replies_count": 0, "retweets_count": 0, "hashtags": []}
{"id": 1182441953461440517, "date": "2019-10-10", "time": "19:45:05", "tweet": "Increased input (labour, fertiliser, pesticide) for replanting land amounts to a higher production cost. It cannot be adjusted by price setting. Cocoa producers have no control over price. So higher production costs reduces the profit made by cocoa farmers  https://t.co/YJwd94HHSY", "likes_count": 0, "replies_count": 0, "retweets_count": 0, "hashtags": []}
{"id": 1182441775455031296, "date": "2019-10-10", "time": "19:44:22", "tweet": "@Prudential omfg just sanitize your input  https://t.co/8GI0o7bg0L", "likes_count": 1, "replies_count": 1, "retweets_count": 0, "hashtags": []}
{"id": 1182441666537545728, "date": "2019-10-10", "time": "19:43:56", "tweet": "@JaqAtk @fast_roxy @YvonneBurdett3 @maddy_mad194 Roll on November 1st when all things being well the EU will no longer have any input into how the UK operates and all you Remainer half wits will be crying into your latte’s. Let’s see who’s laughing when ‘the peoples voice’ is acted upon and Boris finally gets us out of the EU", "likes_count": 0, "replies_count": 1, "retweets_count": 0, "hashtags": []}
{"id": 1182441574946488320, "date": "2019-10-10", "time": "19:43:34", "tweet": "Money Cube - An APP which will help you get MONEY for free. Input my invite code ❤KZDE4❤ after installation, and you will get 1000 Clicks. Download link:  https://t.co/auGUqQ5u6R", "likes_count": 0, "replies_count": 0, "retweets_count": 0, "hashtags": []}
{"id": 1182441439323656198, "date": "2019-10-10", "time": "19:43:02", "tweet": "Sound out for #UKIE calling all UK Devs - The UK Games Industry Diversity Census needs your input -  https://t.co/QKPhXQ8BHa  https://t.co/QKPhXQ8BHa", "likes_count": 0, "replies_count": 0, "retweets_count": 0, "hashtags": ["ukie"]}
{"id": 1182441404666134529, "date": "2019-10-10", "time": "19:42:54", "tweet": "@Padt Input is basically charge down, neutral st lk, then up lk.", "likes_count": 0, "replies_count": 1, "retweets_count": 0, "hashtags": []}
{"id": 1182441393744162817, "date": "2019-10-10", "time": "19:42:51", "tweet": "@BSA19741 @TESLAcharts @NHTSAgov I’m old enough to remember when a navigation system wouldn’t allow input without the car in park, and European cars with TVs would disable that feature in the U.S. So glad that Elon has people singing karaoke while they’re supposed to be paying attention, driving near me.", "likes_count": 1, "replies_count": 0, "retweets_count": 0, "hashtags": []}
{"id": 1182441315360890880, "date": "2019-10-10", "time": "19:42:32", "tweet": "@steipete Was true with my iPad Pro 1st gen at least. Only touch input allowed was pencil .", "likes_count": 1, "replies_count": 0, "retweets_count": 0, "hashtags": []}
{"id": 1182441292631924738, "date": "2019-10-10", "time": "19:42:27", "tweet": "@CAGOP Do you guys know about the big earthquake waiting to strike in California. What would input and proposals be to prepare for the earthquake and prevent citizens from becoming homeless and financially devastated in the aftermath. I'm quite worried about it.", "likes_count": 0, "replies_count": 0, "retweets_count": 0, "hashtags": []}
{"id": 1182441193927516160, "date": "2019-10-10", "time": "19:42:03", "tweet": "@JohnArchibald How much input would churches have a say in politics then? As if they don’t now but, would he so much worse than now. And these idiots here would buy into it", "likes_count": 0, "replies_count": 0, "retweets_count": 0, "hashtags": []}
{"id": 1182441089736826880, "date": "2019-10-10", "time": "19:41:39", "tweet": "I can’t believe the poll is so close omg ? Yah me too y’all the choice is -difficult- lmao,, I really appreciate everyone’s input !! Hearing what you think is fun!  I’ll try picking the final pallette tomorrow and perhaps indulge in some self indulgent family doodles,,,, sweats", "likes_count": 7, "replies_count": 1, "retweets_count": 0, "hashtags": []}
{"id": 1182441082161942528, "date": "2019-10-10", "time": "19:41:37", "tweet": "@S_isForSandra You can still input password ☺️", "likes_count": 1, "replies_count": 0, "retweets_count": 0, "hashtags": []}
{"id": 1182441008371392512, "date": "2019-10-10", "time": "19:41:19", "tweet": "昼間の気温が分からずシーズン始めての長袖を着たところクソ暑い", "likes_count": 0, "replies_count": 0, "retweets_count": 0, "hashtags": []}
{"id": 1182440996942032896, "date": "2019-10-10", "time": "19:41:17", "tweet": "funny when people think they can put their input into YOUR life when they’re clearly not even apart of it anymore cause THEY did u wrong lmao", "likes_count": 4, "replies_count": 0, "retweets_count": 1, "hashtags": []}
{"id": 1182440979720265728, "date": "2019-10-10", "time": "19:41:12", "tweet": "@CherylR8386 @RaulM956 Coax from box to tv least desirable. Last tv I bought didn’t even have a coax input I believe. If you have a tv with a rotary channel selector yu very seriously need to upgrade", "likes_count": 0, "replies_count": 0, "retweets_count": 0, "hashtags": []}
{"id": 1182440951723237377, "date": "2019-10-10", "time": "19:41:06", "tweet": "Today one of my professors asked for my input on her nutrition &amp; it felt so good to give her answers &amp; have her tell me “Thank you so much I will definitely do this &amp; get back to you &amp; how it goes”  Gave me a feeling of importance &amp; reliability. Can’t wait to get my degree😎😂🙏🏾", "likes_count": 14, "replies_count": 0, "retweets_count": 1, "hashtags": []}
{"id": 1182440845183766530, "date": "2019-10-10", "time": "19:40:40", "tweet": "@RivaloWolf \"Selling your soul\"...  Humm, I like that.  Thank you for your input ^^", "likes_count": 0, "replies_count": 0, "retweets_count": 0, "hashtags": []}
{"id": 1182440733984227328, "date": "2019-10-10", "time": "19:40:14", "tweet": "@TechLinkedYT  https://t.co/SM8L5KrwXs  Maybe I could of phrased it a bit better 😅  What google is doing here is definitely a different flavour to what I'm describing, but predicting user input is pretty common. Platformers have been doing it for years to combat input delay when jumping.", "likes_count": 10, "replies_count": 2, "retweets_count": 0, "hashtags": []}
{"id": 1182440528081764354, "date": "2019-10-10", "time": "19:39:25", "tweet": "@esnykatie @Harry_Styles You can have Lisa input - do your homework IN your car!", "likes_count": 0, "replies_count": 0, "retweets_count": 0, "hashtags": []}
{"id": 1182440433055490048, "date": "2019-10-10", "time": "19:39:02", "tweet": "@Luisaladbar no one asked 4 ur input  https://t.co/OZ3tqQegAY", "likes_count": 1, "replies_count": 0, "retweets_count": 0, "hashtags": []}
{"id": 1182440343188529158, "date": "2019-10-10", "time": "19:38:41", "tweet": "@krstnclark @IPSY from your actual tone. You can also give us your feedback on shades through product reviews on  https://t.co/NtY6tNhtY7. We'll use your input to help us pick the best future bag combos for you. Hope this helps! ❀st", "likes_count": 0, "replies_count": 0, "retweets_count": 0, "hashtags": []}
{"id": 1182440341426921472, "date": "2019-10-10", "time": "19:38:40", "tweet": "Multi Image text input Twitter.  https://t.co/jCr6pyQaUi", "likes_count": 0, "replies_count": 0, "retweets_count": 0, "hashtags": []}
{"id": 1182440320258187264, "date": "2019-10-10", "time": "19:38:35", "tweet": "@Harry_Styles can i have your input? should i sit in my car until midnight bc u may release it earlier or go do my hw and then come back to my car at 11? hmm", "likes_count": 19, "replies_count": 1, "retweets_count": 0, "hashtags": []}
{"id": 1182440314964975622, "date": "2019-10-10", "time": "19:38:34", "tweet": "@ChilliusB What game was it? :o I expected tons of input lag and it surprised me how non-existent it seems to be! It's incredibly comfortable!", "likes_count": 0, "replies_count": 1, "retweets_count": 0, "hashtags": []}
{"id": 1182440017953771523, "date": "2019-10-10", "time": "19:37:23", "tweet": "@fannarthors Ekkert input? Ég er alveg að fara umpólast og rífast við sjálfan mig", "likes_count": 0, "replies_count": 1, "retweets_count": 0, "hashtags": []}
{"id": 1182439985938685953, "date": "2019-10-10", "time": "19:37:15", "tweet": "@KateDahls Hope to get committee input Sat and their approval to start the research.", "likes_count": 0, "replies_count": 0, "retweets_count": 0, "hashtags": []}
{"id": 1182439943588548608, "date": "2019-10-10", "time": "19:37:05", "tweet": "Ruby input= https://t.co/gcJisPqaiu_i car=car[input] If car (該当する配列要素がある場合) (Nul ならばfalse扱い) else (該当無しの場合)", "likes_count": 0, "replies_count": 0, "retweets_count": 0, "hashtags": []}
{"id": 1182439943328665601, "date": "2019-10-10", "time": "19:37:05", "tweet": "Here’s one alternative account of democracy I’ve seen given in political science: even though the public has no real input, it at least leads to stable succession. Okay, but then democratic rhetoric is propaganda and stable succession without the propaganda would be better.", "likes_count": 10, "replies_count": 2, "retweets_count": 3, "hashtags": []}
{"id": 1182439901721219073, "date": "2019-10-10", "time": "19:36:55", "tweet": "I have now almost died in Bioshock several times while looking for musical cues and observing how they relate to the environment and player input. It’s an interesting twist on jazz noir film in a dystopian setting but it’s difficult at times to observe under gunfire. #thesis", "likes_count": 5, "replies_count": 0, "retweets_count": 0, "hashtags": ["thesis"]}
{"id": 1182439841268555776, "date": "2019-10-10", "time": "19:36:41", "tweet": "雨戸閉めれば良いだけ定期", "likes_count": 0, "replies_count": 1, "retweets_count": 0, "hashtags": []}
{"id": 1182439796033146884, "date": "2019-10-10", "time": "19:36:30", "tweet": "@AROD Game time! Use the word \"Flamboyant\" In your next opportunity to give input during the game. #comeon", "likes_count": 0, "replies_count": 0, "retweets_count": 0, "hashtags": ["comeon"]}
{"id": 1182439729507254274, "date": "2019-10-10", "time": "19:36:14", "tweet": "@TTStraw2 Ok, you don't like that term.  What term do you want to use for a mathematical function, where we input X and Y, and some mutant 1/2X and 1/2Y comes out?", "likes_count": 0, "replies_count": 0, "retweets_count": 0, "hashtags": []}
{"id": 1182439718451138561, "date": "2019-10-10", "time": "19:36:12", "tweet": "@NAK3DDesigns @chrisriley3d Its the downside of a pump.  My suggestion, frame damper + input and output damper can reduce sound by over 20+ db. Doesnt reduce output much either.  Only downside is a nozzle failure can potentially snap the tube. Best to make it easy to replace JIC", "likes_count": 3, "replies_count": 0, "retweets_count": 0, "hashtags": []}
{"id": 1182439646585864192, "date": "2019-10-10", "time": "19:35:55", "tweet": "@grhayes My apologies for the delay, we are here and glad to listen and pass along any feedback. Please send us a DM with your name, the complete service address (including the city, state, and ZIP code), and account number and any input you'd like to let us know about. -GT", "likes_count": 0, "replies_count": 0, "retweets_count": 0, "hashtags": []}
{"id": 1182439646384414721, "date": "2019-10-10", "time": "19:35:55", "tweet": "@ryanfb @cneudecker @MuhSabry @Open_ITI @icdar2019 Update on kraken and Persian: I tried out the model linked there and the results were \"basically jibberish\" on pretty clean input files that got about 80% accuracy with the Tesseract Persian model.", "likes_count": 2, "replies_count": 1, "retweets_count": 0, "hashtags": []}
{"id": 1182439597369970688, "date": "2019-10-10", "time": "19:35:43", "tweet": "TYC Dock Maintenance Plan Input Survey  https://t.co/oOZpn7kVz9", "likes_count": 0, "replies_count": 0, "retweets_count": 0, "hashtags": []}
{"id": 1182439584283496448, "date": "2019-10-10", "time": "19:35:40", "tweet": "Fieldwork for Economic Survey  SCDP E41 Session 2019  Date : 9 October 2019 Time : 8.30 am - 5.30 pm Place : Ipoh, Perak  Input : 1) Exposure to questionnaires use in the survey.  https://t.co/0KyVhkLGbW", "likes_count": 1, "replies_count": 0, "retweets_count": 1, "hashtags": []}
{"id": 1182439577627353093, "date": "2019-10-10", "time": "19:35:38", "tweet": "🍵🐸...........................  Either your response is..  A) If it ain't broke... B) I'm tired of... C) I'm tired of it but it also boost KPIs D) I do my own thing  Thoughts? Tag some marketing, SEO, sales, social, &amp; content peeps to get their input!", "likes_count": 5, "replies_count": 0, "retweets_count": 0, "hashtags": []}
{"id": 1182439391265902592, "date": "2019-10-10", "time": "19:34:54", "tweet": "どう行くのが近いんだ？", "likes_count": 0, "replies_count": 0, "retweets_count": 0, "hashtags": []}
{"id": 1182439378423074816, "date": "2019-10-10", "time": "19:34:51", "tweet": "@MVPOFTHENC There’s something amazing brewing in our #Guac labs, but it’s not complete without your input. Head here to be part of our biggest project yet 🥑:  https://t.co/5Pf6jAbZ3Z", "likes_count": 0, "replies_count": 0, "retweets_count": 0, "hashtags": ["guac"]}
{"id": 1182439193336791040, "date": "2019-10-10", "time": "19:34:07", "tweet": "If it still doesn't work, open the game properties (i.e. right click it in the library), and in the General tab, change \"Steam Input Per-Game Setting\" to \"Forced On\"", "likes_count": 0, "replies_count": 1, "retweets_count": 0, "hashtags": []}
{"id": 1182439172633759744, "date": "2019-10-10", "time": "19:34:02", "tweet": "@dijoni I'd be super interested to see the energy input vs the water output on an hour to hour basis as well as the cost of the components overall.", "likes_count": 0, "replies_count": 0, "retweets_count": 0, "hashtags": []}
{"id": 1182438851232428034, "date": "2019-10-10", "time": "19:32:45", "tweet": "Have you ever had a leader that instead of making decisions on their own they seek input from everyone else on how to proceed? Don't be led by your employees, but take charge and lead.  Listen to input but make the…  https://t.co/RsuBw7vFOb", "likes_count": 0, "replies_count": 0, "retweets_count": 0, "hashtags": []}
{"id": 1182438767531102209, "date": "2019-10-10", "time": "19:32:25", "tweet": "@crimsonwolf911 You can have fun building your PC from scratch. My point is, don't talk shit to someone on another platform when it's to expensive for some to build their own PC. Thanks for the input though.", "likes_count": 0, "replies_count": 0, "retweets_count": 0, "hashtags": []}
{"id": 1182438662300024833, "date": "2019-10-10", "time": "19:32:00", "tweet": "Hey #amwriting #WritingCommunity folks! I’m toying with the idea of being a children’s lit librarian and need your input. If you’re a librarian, what degree did you get/how did you get there? Was it easy/hard to find a job?   Please and thank you!   #writerslife #librarians", "likes_count": 3, "replies_count": 6, "retweets_count": 2, "hashtags": ["amwriting", "writingcommunity", "writerslife", "librarians"]}
{"id": 1182438629836242944, "date": "2019-10-10", "time": "19:31:52", "tweet": "@commonsensejack @FF_XIV_EN I truly can't remember that, I'll have to search for it  Thanks for the input :D", "likes_count": 0, "replies_count": 1, "retweets_count": 0, "hashtags": []}
{"id": 1182438604804673538, "date": "2019-10-10", "time": "19:31:46", "tweet": "@robcraig77 There’s something amazing brewing in our #Guac labs, but it’s not complete without your input. Head here to be part of our biggest project yet 🥑:  https://t.co/5Pf6jAbZ3Z", "likes_count": 0, "replies_count": 0, "retweets_count": 0, "hashtags": ["guac"]}
{"id": 1182438201572675586, "date": "2019-10-10", "time": "19:30:10", "tweet": "As we continue to work through our strategic initiatives together, we value your input and want to keep the lines of communication open. Our Church Engagement Survey is a tool to help us gather your feedback - please take a moment to complete our survey!   https://t.co/ZKEBRkp3Yu  https://t.co/UQbpILR1Cb", "likes_count": 1, "replies_count": 0, "retweets_count": 0, "hashtags": []}
{"id": 1182437954246963200, "date": "2019-10-10", "time": "19:29:11", "tweet": "#Thisweek #uvuba followed  Trish Barry @MastermindTB  Amanda Nielsen @amanda_nielsen Jeff Haden @jeff_haden Wes Bos @wesbos Kate Efimova @kefimochi Ben Haynes @benhaynes Dan Lok @DanLokofficial Chanya @chanyatang2  Claudia Tavani  @Claudioula ♫ Thanks all for quality input 👍  https://t.co/optUA1kIT3", "likes_count": 1, "replies_count": 0, "retweets_count": 0, "hashtags": ["thisweek", "uvuba"]}
{"id": 1182437944503742465, "date": "2019-10-10", "time": "19:29:09", "tweet": "@RyanneStoffel This is about the extent of my input, but I always enjoy our Thursday chats! 😁", "likes_count": 1, "replies_count": 1, "retweets_count": 0, "hashtags": []}
{"id": 1182437892523577344, "date": "2019-10-10", "time": "19:28:56", "tweet": "@99freemind Further input required...Whose hate will not win?", "likes_count": 0, "replies_count": 0, "retweets_count": 0, "hashtags": []}
{"id": 1182437809195569153, "date": "2019-10-10", "time": "19:28:37", "tweet": "@wccftechdotcom \"which will make battles play almost as they did in the original game, with players getting as much time as they want to input any action.\"  Have you ever even looked at Final Fantasy 7 gameplay? Sure, you've got wait mode, but even then, it still doesn't work that way.", "likes_count": 0, "replies_count": 1, "retweets_count": 0, "hashtags": []}
{"id": 1182437755940245504, "date": "2019-10-10", "time": "19:28:24", "tweet": "@Shiawase1107 Hmmm two items lang naman sa akin, total of 3 discs. Sana nga it'll take that long or less sa akin. Thanks for the input!", "likes_count": 1, "replies_count": 0, "retweets_count": 0, "hashtags": []}
{"id": 1182437544975319041, "date": "2019-10-10", "time": "19:27:34", "tweet": "5x5 of the fucking input lag", "likes_count": 0, "replies_count": 0, "retweets_count": 0, "hashtags": []}
{"id": 1182437395175743488, "date": "2019-10-10", "time": "19:26:58", "tweet": "@THErealmikebray @Bryon__Smith @thecodyjackson2 @RyanwattsIII Nah.. thanks for your input tho.  https://t.co/XxfQUkiTO6", "likes_count": 0, "replies_count": 1, "retweets_count": 0, "hashtags": []}
{"id": 1182437112932720646, "date": "2019-10-10", "time": "19:25:50", "tweet": "🐝#FocusOnThe5th Won’t benefit Richmond. Lynch is a NO as it stands. No community input, a lot of distrust and distress. We all want to revitalize downtown, we want to generate revenue but not this way. McCoy supports Econ dev but not this project. Concerns about", "likes_count": 1, "replies_count": 1, "retweets_count": 0, "hashtags": ["focusonthe5th"]}
{"id": 1182437110810337280, "date": "2019-10-10", "time": "19:25:50", "tweet": "🐝#FocusOnThe5th do you support #NoBro #NHDistrict project? @DaSilvaRVA fraught project since beginning. It’s been rammed down everyone’s throat. Almost no community input. We have not seen any other options and they make it sound like not accepting this will be disastrous.", "likes_count": 1, "replies_count": 1, "retweets_count": 0, "hashtags": ["focusonthe5th", "nobro", "nhdistrict"]}
{"id": 1182437051737759745, "date": "2019-10-10", "time": "19:25:36", "tweet": "i need to get a gamecube controlelr input viewer eventually but 40 bucks is a bit much", "likes_count": 0, "replies_count": 0, "retweets_count": 0, "hashtags": []}
{"id": 1182436883877519361, "date": "2019-10-10", "time": "19:24:56", "tweet": "@DarkChocoLoli He start getting out the eggs and the batter to make the waffles until he heard her extra input on the sausages he froze...then could only give her that demonic smirk she just loves  \"Glad to see you're still hungry.. however..I'd like to eat my dessert after my meal.\"~ 🎵  https://t.co/lTZKidd5aW", "likes_count": 0, "replies_count": 0, "retweets_count": 0, "hashtags": []}
{"id": 1182436868668788736, "date": "2019-10-10", "time": "19:24:52", "tweet": "Saturday: how do I make my upcoming monthly/weekly tournaments more inviting to and safer for new players and traditionally excluded players  Today: If you negative edge under Stadia negative input lag does it become positive edging", "likes_count": 17, "replies_count": 0, "retweets_count": 2, "hashtags": []}
{"id": 1182436728642125827, "date": "2019-10-10", "time": "19:24:19", "tweet": "Input e RDKK pupuk untuk petani kecamatan imogiri  https://t.co/ilWx815M5d via KEC.IMOGIRI", "likes_count": 0, "replies_count": 0, "retweets_count": 0, "hashtags": []}
{"id": 1182436708891140096, "date": "2019-10-10", "time": "19:24:14", "tweet": "Been working on this combo all week.  The second input is the command sequence.  https://t.co/bOFBtLfcB8", "likes_count": 1, "replies_count": 1, "retweets_count": 0, "hashtags": []}
{"id": 1182445518863118336, "date": "2019-10-10", "time": "19:59:15", "tweet": "@solsukut @buzz_commander @EscapingAtheism @BiggestChimp @AStratelates @tmeister1234 @dunstan99 If you would probably provide any intellectual input you would receive such but that's the thing with theists, they claim to have intellectual input and then keep failing on delivering it.", "likes_count": 0, "replies_count": 1, "retweets_count": 0, "hashtags": []}
{"id": 1182445420703694848, "date": "2019-10-10", "time": "19:58:51", "tweet": "If only @agounardes had asked his #PuppetMaster @JustinBrannan to do the same thing during the year the 34 Yr $1.5 #Billion #NYCACC contract was negotiated without #Citizen involvement or input. #Corrupt #Hypocrites #Panderers #Patronizing #FireRisa #NoKIll #DeadPigSwinger  https://t.co/bn6rReH5oI", "likes_count": 0, "replies_count": 0, "retweets_count": 2, "hashtags": ["puppetmaster", "billion", "nycacc", "citizen", "corrupt", "hypocrites", "panderers", "patronizing", "firerisa", "nokill", "deadpigswinger"]}
{"id": 1182445027718336512, "date": "2019-10-10", "time": "19:57:18", "tweet": "@VanStreetDog @anothermikew @ArthurAtkinson0 @patrickj6 To a point, yes. However, if the long range plan involved environmental protections/federal parks/long term planning for a switch from the pipeline to green energy with input from the concerned communities, it would probably help.", "likes_count": 0, "replies_count": 1, "retweets_count": 0, "hashtags": []}
{"id": 1182444967001645057, "date": "2019-10-10", "time": "19:57:03", "tweet": "City of MLT seeks input on ADA transition plan  https://t.co/iTdXOdsDwq", "likes_count": 0, "replies_count": 0, "retweets_count": 0, "hashtags": []}
{"id": 1182444913230639104, "date": "2019-10-10", "time": "19:56:50", "tweet": "@TroubleTruck would love to hear your input and anyone else's who might want to chime in :D", "likes_count": 0, "replies_count": 0, "retweets_count": 0, "hashtags": []}
{"id": 1182444772948004864, "date": "2019-10-10", "time": "19:56:17", "tweet": "Lucky Money have fun. What are you waiting for? Download it, input the refer code JZWT5WE to get reward. https://t.co/pzhea8XlLM", "likes_count": 0, "replies_count": 0, "retweets_count": 0, "hashtags": []}
{"id": 1182444701615394817, "date": "2019-10-10", "time": "19:56:00", "tweet": "Great answers everyone! We appreciate everyone's input #TEARtalk #WorldMentalHeathDay", "likes_count": 1, "replies_count": 0, "retweets_count": 0, "hashtags": ["teartalk", "worldmentalheathday"]}
{"id": 1182444686809583616, "date": "2019-10-10", "time": "19:55:56", "tweet": "You know this is a question I would love to hear input from all sides.  Which is better?  Fast growth w/ no mods and a toxic community.  Or  Slow growth w/ chat moderation and a community that doesn't just want to comment, demand you do stuff and judge you for everything u do?", "likes_count": 4, "replies_count": 2, "retweets_count": 1, "hashtags": []}
{"id": 1182444617171496961, "date": "2019-10-10", "time": "19:55:40", "tweet": "@ws1560234564016 まず、buttonタグはクリックされるとページが再読み込みされてしまうので、onclickが動作しません。 input type=\"button\"をつかうといいと思います。   https://t.co/HIFSXp9fss  あと、このswich文ですが、正常に動作してないので処理を見直してみましょう！", "likes_count": 0, "replies_count": 1, "retweets_count": 0, "hashtags": []}
{"id": 1182444570270781441, "date": "2019-10-10", "time": "19:55:28", "tweet": "IM BACK BITCHES!!!!", "likes_count": 7, "replies_count": 1, "retweets_count": 0, "hashtags": []}
{"id": 1182444564541513728, "date": "2019-10-10", "time": "19:55:27", "tweet": "Important Announcement!  OVHS Class of 2018 Graduates 🎓🎓🎓🎓🎓🎓🎓🎓🎓🎓🎓 An important post-graduation survey will be mailed to you in the next week.  A self-addressed, stamped envelope will be provided for your convenience.  Your input is appreciated! #socsowen  https://t.co/FCp2ItKNFY", "likes_count": 2, "replies_count": 0, "retweets_count": 4, "hashtags": ["socsowen"]}
{"id": 1182444144926642178, "date": "2019-10-10", "time": "19:53:47", "tweet": "Multi Image text input Twitter.  https://t.co/31xRTR7dqW", "likes_count": 0, "replies_count": 0, "retweets_count": 0, "hashtags": []}
{"id": 1182444104581636096, "date": "2019-10-10", "time": "19:53:37", "tweet": "A2: I try to stay away from SimCom if I can. Either no voice sign or use an interpreter (I'm hearing) so my students get full language input  #DeafEd", "likes_count": 4, "replies_count": 0, "retweets_count": 0, "hashtags": ["deafed"]}
{"id": 1182444076710412288, "date": "2019-10-10", "time": "19:53:31", "tweet": "@crnidge Yet, you have an input on it even though you admittedly don’t know what you’re talking about.", "likes_count": 0, "replies_count": 1, "retweets_count": 0, "hashtags": []}
{"id": 1182444018740817920, "date": "2019-10-10", "time": "19:53:17", "tweet": "@ElARMY6 @pln_123 Wah ini saya juga ngalamin hal yg sama.semalam mau ngisi token listrik tapi nomor meter yang biasa di isi ulang tiba2 gk ada di sistem.di coba pakai no IDpel baru bisa ngisi....tapi pas begitu kode token nya di input ke KWH...gagal terus sampai sekarang.gimana ini Min @pln_123", "likes_count": 0, "replies_count": 2, "retweets_count": 0, "hashtags": []}
{"id": 1182443980212056065, "date": "2019-10-10", "time": "19:53:08", "tweet": "Trump orders agencies to require public input in key ‘guidance documents’  https://t.co/kdI9ePLPMM #politics", "likes_count": 0, "replies_count": 0, "retweets_count": 0, "hashtags": ["politics"]}
{"id": 1182443724229545984, "date": "2019-10-10", "time": "19:52:07", "tweet": "The last community input meeting is taking place at Bedicheck MS. Next,  district officials will look over feedback they’ve heard for the past three weeks. #schoolchanges2019 #schoolclosures  https://t.co/mU9JtIWwQ1", "likes_count": 4, "replies_count": 1, "retweets_count": 0, "hashtags": ["schoolchanges2019", "schoolclosures"]}
{"id": 1182443709628964864, "date": "2019-10-10", "time": "19:52:03", "tweet": "@FarbsMcFarbs @StegerGames oh its cause all these streaming platforms are trying to do machine learning \"input prediction\" to hide latency now.", "likes_count": 1, "replies_count": 1, "retweets_count": 0, "hashtags": []}
{"id": 1182443627185922048, "date": "2019-10-10", "time": "19:51:44", "tweet": "PHEELZ is too creative 🔥🔥🔥🔥🔥🔥🔥  His input on Teni's Billionaire and Nowo is superb 🔥🔥🔥🔥  @Pheelzonthebeat @TeniEntertainer", "likes_count": 13, "replies_count": 0, "retweets_count": 4, "hashtags": []}
{"id": 1182443623377334275, "date": "2019-10-10", "time": "19:51:43", "tweet": "I'm also intrigued by @focalsbynorth - clever ring input control, slick AI to generate context-appropriate canned responses, Alexa baked-in. Very chic design. Decent app integration (but no developer program at the moment).  https://t.co/zTFQOpa00p", "likes_count": 0, "replies_count": 1, "retweets_count": 0, "hashtags": []}
