{"id": 1122289256272154626, "date": "2019-04-27", "time": "19:59:44", "tweet": "@CiaranBlair2140 the man himself is 2 goals off being the record goalscorer but is retiring he has 3 games to go so I suggest we go to all remaining games no matter the input of parents pitch invade pass it to dougie and he scores 😂  https://t.co/9pVrgArstO", "likes_count": 0, "replies_count": 0, "retweets_count": 0, "hashtags": []}
{"id": 1122289220251529216, "date": "2019-04-27", "time": "19:59:35", "tweet": "Share your opinion on VBCPS schools start times Virginia Beach City Public Schools wants your input.  https://t.co/nQeHRoL1CT", "likes_count": 5, "replies_count": 0, "retweets_count": 4, "hashtags": []}
{"id": 1122289151401807872, "date": "2019-04-27", "time": "19:59:19", "tweet": "@kompascom @yunartowijaya Yg salah input terus itu, klo tidak diviralkan di robah tidak? #cumannanya", "likes_count": 0, "replies_count": 0, "retweets_count": 0, "hashtags": ["cumannanya"]}
{"id": 1122289125560741888, "date": "2019-04-27", "time": "19:59:13", "tweet": "Thanks for your input guys, I feel better about my teabagging preference now 🤗", "likes_count": 2, "replies_count": 0, "retweets_count": 0, "hashtags": []}
{"id": 1122289099769909249, "date": "2019-04-27", "time": "19:59:07", "tweet": "@kamal__1988 @dulatips Oh ya kemarin dia juga salah input tanggal. Apa penyakit salah input itu begitu begitu menular atau dia sudah tua", "likes_count": 0, "replies_count": 0, "retweets_count": 0, "hashtags": []}
{"id": 1122288949509017601, "date": "2019-04-27", "time": "19:58:31", "tweet": "@msaid_didu @mohmahfudmd Dari awal sudah bikin fitnah jkowi itu anti islam, kriminalisasi ulama, PKI, antek asing aseng, IQ rendah dan banyak lagi ini semua kecurangan pemilu 02 pra Pilpres, saat Pilpres 01 dn KPU dituduh curang secara masif tstruktur brutal krn adanya input data C1 merugikan prabowo", "likes_count": 0, "replies_count": 0, "retweets_count": 0, "hashtags": []}
{"id": 1122288881066565633, "date": "2019-04-27", "time": "19:58:15", "tweet": "The game engine on mk11 feels different from mkx. no running, the input commands have to be executed perfectly and timed exactly. Not too many juggle opportunities either but ive only had it for a day", "likes_count": 0, "replies_count": 0, "retweets_count": 0, "hashtags": []}
{"id": 1122288644914442240, "date": "2019-04-27", "time": "19:57:18", "tweet": "@IanCarterWA Debate MUST include the #LivedExperience to seriously understand the immediate problems. Without their input, anything else is just waffle.", "likes_count": 1, "replies_count": 1, "retweets_count": 0, "hashtags": ["livedexperience"]}
{"id": 1122288631174115329, "date": "2019-04-27", "time": "19:57:15", "tweet": "@TheDailyCowman @BryanBoock @jhansman @NorthStarAg2 And part of being efficient is minimizing your input cost/unit of production, if you have lots of owned land, your cost of land is lower, so you can afford to pad someone’s else’s pockets to a certain extent, if you don’t.....you better be getting $1.20 for every $1 you spend", "likes_count": 1, "replies_count": 2, "retweets_count": 0, "hashtags": []}
{"id": 1122288588027072512, "date": "2019-04-27", "time": "19:57:05", "tweet": "@asli_kuli @w_Djie @Garuda501 @BangPino_ @CakKhum @Gerindra @HeraLoebs @KPU_ID Tolong di koreksi! Tolong klo mo input, di verifikasi dulu. Masa c1 editan gitu lolos verifikasi. Bekerjalah yg jujur klo ga mau dibilang curang!", "likes_count": 0, "replies_count": 0, "retweets_count": 0, "hashtags": []}
{"id": 1122288486499753984, "date": "2019-04-27", "time": "19:56:40", "tweet": "1 touch Calculator Lite -simple &amp; free- Free calculator. Easy input of Billion, Million, and Thousand.  https://t.co/cBUjTvKACd", "likes_count": 0, "replies_count": 0, "retweets_count": 0, "hashtags": []}
{"id": 1122288453075394560, "date": "2019-04-27", "time": "19:56:32", "tweet": "@EvaLovelac3 Not a myth... you’re right in that anything crashed by nmap was already in bad shape. Some DoS is trivial. I once had VA scope incl some old stuff that’d fall over with unexpected input on a specific very vanilla tcp port. Found by scanning, repro’d w/ 100% reliability manually.", "likes_count": 0, "replies_count": 0, "retweets_count": 0, "hashtags": []}
{"id": 1122288425132904449, "date": "2019-04-27", "time": "19:56:26", "tweet": "@republikaonline Hasil salah input kali yaaaa", "likes_count": 1, "replies_count": 0, "retweets_count": 0, "hashtags": []}
{"id": 1122288412445138944, "date": "2019-04-27", "time": "19:56:23", "tweet": "Kalau kesalahan semacam ini ga ada sangsinya enak bener ? Ini bukan lagi salah input. 😜 #JanganCurangiSuaraRakyat", "likes_count": 0, "replies_count": 0, "retweets_count": 1, "hashtags": ["jangancurangisuararakyat"]}
{"id": 1122288278374273025, "date": "2019-04-27", "time": "19:55:51", "tweet": "@vascoruseimy @CakKhum Tapi kalau pie chart diagram nya memang di set mirip qc gimana bang? kondisi logic nya memang dibuat bagaimanapun input nya, posisinya harus begitu..bagaimana pendapat abang?", "likes_count": 7, "replies_count": 0, "retweets_count": 2, "hashtags": []}
{"id": 1122288129803636736, "date": "2019-04-27", "time": "19:55:15", "tweet": "@budianto_s11 @HukumDan @Mr5P21S 10 yg saya kumpulin salah input dan tdk menggelembungkan 02 itu saya muter2, dan yakin ada lagi. itu jg seuprit, krn KPU kan bilang ada 100an yang mereka audit internal. Malas juga dicek, saya mending masak 🤣", "likes_count": 0, "replies_count": 0, "retweets_count": 0, "hashtags": []}
{"id": 1122287695022186496, "date": "2019-04-27", "time": "19:53:32", "tweet": "@TrueBel63773421 @nytimes msm ...Its the output, not the input", "likes_count": 0, "replies_count": 1, "retweets_count": 0, "hashtags": []}
{"id": 1122287694338334720, "date": "2019-04-27", "time": "19:53:32", "tweet": "@budianto_s11 @HukumDan @Mr5P21S Butuh upload yh mana? Angka 01 yg salah input, krn saya punya yg 02 gelembung ya hanya 3, itu dah ta kasih. Butuh yg 01 salah input? Ada 10.   Upload buat anda? For what 😂klo cm jadi bahan banyak2an, cr siapa yg paling menderita. Maaf bukan saya bgt 😅", "likes_count": 0, "replies_count": 1, "retweets_count": 0, "hashtags": []}
{"id": 1122287683693236224, "date": "2019-04-27", "time": "19:53:29", "tweet": "@Sanyari_Bumi @MpugandrungM @schrani76 @mohmahfudmd Sampai salah input tanggal, di bilang biasa. Apa sudah ketularan, sekarang salah inpus seperti penyakit menular.", "likes_count": 0, "replies_count": 0, "retweets_count": 0, "hashtags": []}
{"id": 1122287553292300288, "date": "2019-04-27", "time": "19:52:58", "tweet": "Percayalah, insya Allah suara 02 naik signifikan. Mari kita lawan \"suara siluman\" yg selalu disebut \"salah input\", kita kawal 24 jam web situng KPU.   Analis Statistik: Minggu Depan Kita Lihat Perubahan Signifikan di Situng KPU, 02 Akan Unggul  https://t.co/wBTRkrabue", "likes_count": 2, "replies_count": 0, "retweets_count": 0, "hashtags": []}
{"id": 1122287492210790402, "date": "2019-04-27", "time": "19:52:43", "tweet": "Lagi Kesalahan Input, di TPS Magelang Perolehan Jokowi-Maruf Kelebihan 1000 Suara -  https://t.co/EzvWujmLgO  https://t.co/HhyzTVZhmj", "likes_count": 11, "replies_count": 0, "retweets_count": 12, "hashtags": []}
{"id": 1122287490092675073, "date": "2019-04-27", "time": "19:52:43", "tweet": "@STEEZO_THE_GOD Also defense would be easier for everyone if 2k could figure out a way to reduce the input delay and fix the servers so people aren't playing on 100+ ping no matter how good their internet is.", "likes_count": 4, "replies_count": 0, "retweets_count": 0, "hashtags": []}
{"id": 1122287375898406913, "date": "2019-04-27", "time": "19:52:16", "tweet": "Ended up at Red Mesa Cantina. Wife’s choice. Delicious!! Thank you guys for the input. Definitely next time. Need to come down here more often!", "likes_count": 1, "replies_count": 0, "retweets_count": 0, "hashtags": []}
{"id": 1122287282101178368, "date": "2019-04-27", "time": "19:51:53", "tweet": "Laporan nih @KPU_ID, semoga niat tidak curang nya benar ya 😉   Mau update aja, masih banyak nih salah input yang belum direvisi. Tolong dibantulah @mas_abudiman  Jangan sampai #SitungKPUrasaQuickCount ya  Cc. @Fahrihamzah @fadlizon @sudirmansaid @saididu @mohmahfudmd  https://t.co/zUaMpsszi9", "likes_count": 29, "replies_count": 7, "retweets_count": 17, "hashtags": ["situngkpurasaquickcount"]}
{"id": 1122286950730227712, "date": "2019-04-27", "time": "19:50:34", "tweet": "P0717 ACURA - Input Shaft Speed Sensor Circuit No Signal  https://t.co/ImjMcD18ll #autocodes", "likes_count": 0, "replies_count": 0, "retweets_count": 0, "hashtags": ["autocodes"]}
{"id": 1122286936880664576, "date": "2019-04-27", "time": "19:50:31", "tweet": "Waspadai input data dr TPS2 siluman...!! Periksa scan C1 dg seksama dan konfirmasi ke kpd KPPS yg bersangkutan..  #pemilujujur", "likes_count": 1, "replies_count": 0, "retweets_count": 1, "hashtags": ["pemilujujur"]}
{"id": 1122286916475297792, "date": "2019-04-27", "time": "19:50:26", "tweet": "@k83_the @DedehKu95290849 Jangan kata BPN ato TKN,orang yg berpendidikan tinggi dan banyak ahli IT... Aku aja orang awam tau masalah input data KPU,ada kejanggalan. Setujuhkah diadakan TPF...?", "likes_count": 0, "replies_count": 0, "retweets_count": 0, "hashtags": []}
{"id": 1122286811559149568, "date": "2019-04-27", "time": "19:50:01", "tweet": "@BrowofJustice It’s a great idea.  You would qualify for a service dog.  My service dog is amazing and goes everywhere with me.  He calms my anxiety. He helps ground me by licking me or just the proprioceptive input I get by holding him.  https://t.co/G9nuWOHPiy", "likes_count": 5, "replies_count": 0, "retweets_count": 0, "hashtags": []}
{"id": 1122286595044831232, "date": "2019-04-27", "time": "19:49:09", "tweet": "@IreneViena KPU input data suara Jateng sebagian tanpa dilengkapi C1 Plano. Bisa diasumsikan ada niat tersembunyi seperti yg anda sebut.", "likes_count": 0, "replies_count": 0, "retweets_count": 0, "hashtags": []}
{"id": 1122286486181699584, "date": "2019-04-27", "time": "19:48:44", "tweet": "@JoeWongJaVa @CNNIndonesia @enda_gz @KPU_ID @bawaslu_RI @fadlizon @Fahrihamzah Dengerin ahhh.... Kok ga jelas siapa yg input...tp sdh sujud syukur jilid 2... Kenthir menular, sistematis, dramatis, terstruktur, masif dan brutal  https://t.co/ARqeSEcrHK", "likes_count": 0, "replies_count": 1, "retweets_count": 0, "hashtags": []}
{"id": 1122286458750951425, "date": "2019-04-27", "time": "19:48:37", "tweet": "@MichelAdamNew #SitungKPURasaQuickCount   TPS salah ngitung aj di input di komputer PPS dn PPK udh langsung ktauan masa di tingkat pusat komputernya nurut ikut curang.  https://t.co/Oj68FFIZJy", "likes_count": 5, "replies_count": 0, "retweets_count": 6, "hashtags": ["situngkpurasaquickcount"]}
{"id": 1122286438295302144, "date": "2019-04-27", "time": "19:48:32", "tweet": "@BIGDaddio29 @the911account @captainmarvel @Disney @YouTube Sorry on the misspelling, voice input fucks it up quite a bit 😅", "likes_count": 0, "replies_count": 1, "retweets_count": 0, "hashtags": []}
{"id": 1122286434545573889, "date": "2019-04-27", "time": "19:48:31", "tweet": "Anggap Biasa Kesalahan Input C1, Mahfud MD Disebut Warganet Cocok Jadi Jubir KPU -  https://t.co/EzvWuj59Se  https://t.co/3tNRIlAbDE", "likes_count": 9, "replies_count": 1, "retweets_count": 6, "hashtags": []}
{"id": 1122286344565223424, "date": "2019-04-27", "time": "19:48:10", "tweet": "@vascoruseimy Dan anehnya, angka selisih namun bs di upload, jd ada orang dlm @KPU_ID yg membuka sendiri system aplikasinya supaya data yg tdk valid bs terupload. Disana kuncinya, krn jk tidak, mk data2 yg salah input dan masih selisih, tdk dpt diupload, mrk akn membuat c1 palsu", "likes_count": 0, "replies_count": 0, "retweets_count": 0, "hashtags": []}
{"id": 1122286289485815808, "date": "2019-04-27", "time": "19:47:57", "tweet": "@avryn_j See jokes normalize and popularize the issues they surround. Jealousy, especially jealousy for no reason, is extremely toxic and the basis for psychological abuse which I do not take as a joke. Thanks for the input however, I value healthy relationships", "likes_count": 1, "replies_count": 0, "retweets_count": 0, "hashtags": []}
{"id": 1122286251955060737, "date": "2019-04-27", "time": "19:47:48", "tweet": "@WildBillWellman @fincherism yo i appreciate your input but this is really just a stan twitter battle stay woke tho man", "likes_count": 0, "replies_count": 0, "retweets_count": 0, "hashtags": []}
{"id": 1122286216668303360, "date": "2019-04-27", "time": "19:47:39", "tweet": "@muidmarpaung @msaid_didu @KPU_ID @Fahrihamzah Masih aja salah input kok bisa ya padahal sdh berulang2 dikoreksi dan diawasi masyarakat banyak !", "likes_count": 0, "replies_count": 0, "retweets_count": 0, "hashtags": []}
{"id": 1122286096224636928, "date": "2019-04-27", "time": "19:47:11", "tweet": "1/2 mile from my house! Makes one wonder what is happening in our country. First input was a 19 year old shooter - what's happening to our youth? No it's not the gun. It's the misguided youth!", "likes_count": 0, "replies_count": 0, "retweets_count": 0, "hashtags": []}
{"id": 1122286079363747841, "date": "2019-04-27", "time": "19:47:07", "tweet": "@SeparatistWatch @joannaccherry @YouGov @thetimesscot @theSNP Thanks old man/woman/random bot.. no need to patronise. I am educated enough and politically aware enough to have formed my own opinions. Thanks for your valued input. 😘", "likes_count": 0, "replies_count": 1, "retweets_count": 0, "hashtags": []}
{"id": 1122286075353939969, "date": "2019-04-27", "time": "19:47:06", "tweet": "@Budhe_bonbon @RelawanProSandi @KPU_ID Mestinya kalau capek input gantian saja sama pegawai konter pulsa atau kasir mini market dijamin cepat dan sangat minim kesalahan mendekati 0% kesalahan inputnya.", "likes_count": 0, "replies_count": 0, "retweets_count": 0, "hashtags": []}
{"id": 1122285976473100288, "date": "2019-04-27", "time": "19:46:42", "tweet": "@mahadirga891 @asdizalmasdar @mohmahfudmd Mantul bro, harusnya kalau sdh digaji rakyat kerjanya hrs profesional, jgn rakyat yg siang malam cek dan ricek data yg disajikan, dan sll salah input dg merugikan  oposisi, dan alasannya salah input melulu", "likes_count": 3, "replies_count": 1, "retweets_count": 0, "hashtags": []}
{"id": 1122285909259505665, "date": "2019-04-27", "time": "19:46:26", "tweet": "@AbeShinzo Well done PM Abe ! 10 hours of such rigorous activity, advance preparation is positive input. The world craves for peaceful coexistence.", "likes_count": 7, "replies_count": 0, "retweets_count": 0, "hashtags": []}
{"id": 1122285898714861569, "date": "2019-04-27", "time": "19:46:23", "tweet": "@jbf1755 I ran a lab on binary addition. Each student built an analog transistor switch and acted as a node, 2 as IO. 2 Input bits were read, then all the nodes went on&amp;off, back&amp;forth, cuz their inputs kept switching. I told them they had just discovered the reason a chip needs a clock.", "likes_count": 0, "replies_count": 0, "retweets_count": 0, "hashtags": []}
{"id": 1122285850698452992, "date": "2019-04-27", "time": "19:46:12", "tweet": "Mau di buka mau di sembunyikan rakyat sdh pintar utk mengetahuinya, pakai nalar yg cerdas, input salah selalu untungkan 01, bahkan ada yg sampai ribuan, jauh diatas DPT yg ada, ini bukan salah input tapi coba2 berhadiah, ketahuan dirubah jk tdk tetap lanjut, INSYAFLAH  @KPU_ID", "likes_count": 1, "replies_count": 0, "retweets_count": 0, "hashtags": []}
{"id": 1122285730854649856, "date": "2019-04-27", "time": "19:45:43", "tweet": "@MichelAdamNew @AyangCakep Salah infus....ee input.. #SitungKPURasaQuickCount", "likes_count": 0, "replies_count": 0, "retweets_count": 1, "hashtags": ["situngkpurasaquickcount"]}
{"id": 1122285712739532801, "date": "2019-04-27", "time": "19:45:39", "tweet": "Our DecaTxt 10-key input technology works and can help people who lack vision or movement #wearable #assistivetechnology  https://t.co/jT53HKiO93", "likes_count": 1, "replies_count": 0, "retweets_count": 0, "hashtags": ["wearable", "assistivetechnology"]}
{"id": 1122285710763913216, "date": "2019-04-27", "time": "19:45:39", "tweet": "@sambomac84 @CamGreg1 Problem with 6pm Friday is that the for the Country venues to fund the game costs all up they want Saturday games, as this then has big input to boosting the crowd numbers, those that will then travel, local tourism and local economy for a full weekend.", "likes_count": 0, "replies_count": 1, "retweets_count": 0, "hashtags": []}
{"id": 1122285617201799170, "date": "2019-04-27", "time": "19:45:16", "tweet": "@inkskratch Manga survives because of train travel. Particularly the disposability of weekly publications. I think @ZackDavisson might have more input.", "likes_count": 1, "replies_count": 1, "retweets_count": 0, "hashtags": []}
{"id": 1122285615377047552, "date": "2019-04-27", "time": "19:45:16", "tweet": "Kebanyakan Comment Daripada Memberikan Input Nama Calon Untuk Pilkada Beltim 2021-2026", "likes_count": 0, "replies_count": 0, "retweets_count": 0, "hashtags": []}
{"id": 1122285543356809216, "date": "2019-04-27", "time": "19:44:59", "tweet": "@Tikka65x55S @Lumberist @DoellElmer1 @karenmccrimmon @telfordk @JustinTrudeau @PeeweeWcw Thanks for your very insightful input. It really helps to clarify things.", "likes_count": 0, "replies_count": 0, "retweets_count": 0, "hashtags": []}
{"id": 1122285361781194753, "date": "2019-04-27", "time": "19:44:15", "tweet": "Institute for Economic Affairs input who also have a free market axe to grind. Tories have own stooges on the BBC board so should they be sacked? Would not think Corbyn believes BBC is at all biased to him and Labour.", "likes_count": 0, "replies_count": 0, "retweets_count": 0, "hashtags": []}
{"id": 1122285297809518593, "date": "2019-04-27", "time": "19:44:00", "tweet": "Bagaimana dengan yang  input data? Apakah bukan robot? Kok bisa atur data? Atau manusia dikloning jadi robot? #FisipolUGMngawur", "likes_count": 0, "replies_count": 0, "retweets_count": 0, "hashtags": ["fisipolugmngawur"]}
{"id": 1122285236065316864, "date": "2019-04-27", "time": "19:43:45", "tweet": "@MattBruenig @The__Casey Let me put it this way: absolute ‘rational’ decision making without any human review or input gives you zero tolerance rules and minimum sentences and shit.  I get that humans alone can have problematic biases that give room for unsafe workplaces, but don’t oversell algos.", "likes_count": 0, "replies_count": 0, "retweets_count": 0, "hashtags": []}
{"id": 1122285228784070656, "date": "2019-04-27", "time": "19:43:44", "tweet": "@DaGreek27 why would taika literally contradict everything in his version of thor if he was allowed any kind of input? make it make sense", "likes_count": 1, "replies_count": 1, "retweets_count": 0, "hashtags": []}
{"id": 1122285153047343104, "date": "2019-04-27", "time": "19:43:26", "tweet": "Though agree Labor could be much stronger in the language they use regarding #Adani - why not ask us @AustralianLabor @Shorten_Suite ? #auspol  #insiders Sometimes you need input from those outside the inner circle 🤔", "likes_count": 14, "replies_count": 1, "retweets_count": 5, "hashtags": ["adani", "auspol", "insiders"]}
{"id": 1122285148165349376, "date": "2019-04-27", "time": "19:43:25", "tweet": "Worked on a new Substance material during a mentorship with @bigred3d Was great to get your input and can't wait to use all that new knowledge for future projects!  https://t.co/oAEiKz4HJF #gameart #substanceDesigner #madewithsubstance @Allegorithmic  https://t.co/kDkE5WhT9t", "likes_count": 217, "replies_count": 7, "retweets_count": 23, "hashtags": ["gameart", "substancedesigner", "madewithsubstance"]}
{"id": 1122285016212316162, "date": "2019-04-27", "time": "19:42:53", "tweet": "Kita tunggu koreksi C1 nya banyak yg salah input @KPU_ID", "likes_count": 0, "replies_count": 0, "retweets_count": 0, "hashtags": []}
{"id": 1122284870640775168, "date": "2019-04-27", "time": "19:42:18", "tweet": "remembering when Guncho was our savior testing every single mettaton essay input they could", "likes_count": 1, "replies_count": 0, "retweets_count": 0, "hashtags": []}
{"id": 1122284680038862849, "date": "2019-04-27", "time": "19:41:33", "tweet": "@yusuf_dumdum @prabowo Biar lebih jelas input c1 dimana ,nanya aja sm boby, meong. . . .", "likes_count": 0, "replies_count": 0, "retweets_count": 0, "hashtags": []}
{"id": 1122284537935990789, "date": "2019-04-27", "time": "19:40:59", "tweet": "@kevteljeur I cycled today, on a bike with an aero frame. It was like getting a backer from somebody else, as I had no input in where I was heading at all. 😁", "likes_count": 1, "replies_count": 1, "retweets_count": 0, "hashtags": []}
{"id": 1122289256272154626, "date": "2019-04-27", "time": "19:59:44", "tweet": "@CiaranBlair2140 the man himself is 2 goals off being the record goalscorer but is retiring he has 3 games to go so I suggest we go to all remaining games no matter the input of parents pitch invade pass it to dougie and he scores 😂  https://t.co/9pVrgArstO", "likes_count": 0, "replies_count": 0, "retweets_count": 0, "hashtags": []}
{"id": 1122289220251529216, "date": "2019-04-27", "time": "19:59:35", "tweet": "Share your opinion on VBCPS schools start times Virginia Beach City Public Schools wants your input.  https://t.co/nQeHRoL1CT", "likes_count": 5, "replies_count": 0, "retweets_count": 4, "hashtags": []}
{"id": 1122289151401807872, "date": "2019-04-27", "time": "19:59:19", "tweet": "@kompascom @yunartowijaya Yg salah input terus itu, klo tidak diviralkan di robah tidak? #cumannanya", "likes_count": 0, "replies_count": 0, "retweets_count": 0, "hashtags": ["cumannanya"]}
{"id": 1122289125560741888, "date": "2019-04-27", "time": "19:59:13", "tweet": "Thanks for your input guys, I feel better about my teabagging preference now 🤗", "likes_count": 2, "replies_count": 0, "retweets_count": 0, "hashtags": []}
{"id": 1122289099769909249, "date": "2019-04-27", "time": "19:59:07", "tweet": "@kamal__1988 @dulatips Oh ya kemarin dia juga salah input tanggal. Apa penyakit salah input itu begitu begitu menular atau dia sudah tua", "likes_count": 0, "replies_count": 0, "retweets_count": 0, "hashtags": []}
{"id": 1122288949509017601, "date": "2019-04-27", "time": "19:58:31", "tweet": "@msaid_didu @mohmahfudmd Dari awal sudah bikin fitnah jkowi itu anti islam, kriminalisasi ulama, PKI, antek asing aseng, IQ rendah dan banyak lagi ini semua kecurangan pemilu 02 pra Pilpres, saat Pilpres 01 dn KPU dituduh curang secara masif tstruktur brutal krn adanya input data C1 merugikan prabowo", "likes_count": 0, "replies_count": 0, "retweets_count": 0, "hashtags": []}
{"id": 1122288881066565633, "date": "2019-04-27", "time": "19:58:15", "tweet": "The game engine on mk11 feels different from mkx. no running, the input commands have to be executed perfectly and timed exactly. Not too many juggle opportunities either but ive only had it for a day", "likes_count": 0, "replies_count": 0, "retweets_count": 0, "hashtags": []}
{"id": 1122288644914442240, "date": "2019-04-27", "time": "19:57:18", "tweet": "@IanCarterWA Debate MUST include the #LivedExperience to seriously understand the immediate problems. Without their input, anything else is just waffle.", "likes_count": 1, "replies_count": 1, "retweets_count": 0, "hashtags": ["livedexperience"]}
{"id": 1122288631174115329, "date": "2019-04-27", "time": "19:57:15", "tweet": "@TheDailyCowman @BryanBoock @jhansman @NorthStarAg2 And part of being efficient is minimizing your input cost/unit of production, if you have lots of owned land, your cost of land is lower, so you can afford to pad someone’s else’s pockets to a certain extent, if you don’t.....you better be getting $1.20 for every $1 you spend", "likes_count": 1, "replies_count": 2, "retweets_count": 0, "hashtags": []}
{"id": 1122288588027072512, "date": "2019-04-27", "time": "19:57:05", "tweet": "@asli_kuli @w_Djie @Garuda501 @BangPino_ @CakKhum @Gerindra @HeraLoebs @KPU_ID Tolong di koreksi! Tolong klo mo input, di verifikasi dulu. Masa c1 editan gitu lolos verifikasi. Bekerjalah yg jujur klo ga mau dibilang curang!", "likes_count": 0, "replies_count": 0, "retweets_count": 0, "hashtags": []}
{"id": 1122288486499753984, "date": "2019-04-27", "time": "19:56:40", "tweet": "1 touch Calculator Lite -simple &amp; free- Free calculator. Easy input of Billion, Million, and Thousand.  https://t.co/cBUjTvKACd", "likes_count": 0, "replies_count": 0, "retweets_count": 0, "hashtags": []}
{"id": 1122288453075394560, "date": "2019-04-27", "time": "19:56:32", "tweet": "@EvaLovelac3 Not a myth... you’re right in that anything crashed by nmap was already in bad shape. Some DoS is trivial. I once had VA scope incl some old stuff that’d fall over with unexpected input on a specific very vanilla tcp port. Found by scanning, repro’d w/ 100% reliability manually.", "likes_count": 0, "replies_count": 0, "retweets_count": 0, "hashtags": []}
{"id": 1122288425132904449, "date": "2019-04-27", "time": "19:56:26", "tweet": "@republikaonline Hasil salah input kali yaaaa", "likes_count": 1, "replies_count": 0, "retweets_count": 0, "hashtags": []}
{"id": 1122288412445138944, "date": "2019-04-27", "time": "19:56:23", "tweet": "Kalau kesalahan semacam ini ga ada sangsinya enak bener ? Ini bukan lagi salah input. 😜 #JanganCurangiSuaraRakyat", "likes_count": 0, "replies_count": 0, "retweets_count": 1, "hashtags": ["jangancurangisuararakyat"]}
{"id": 1122288278374273025, "date": "2019-04-27", "time": "19:55:51", "tweet": "@vascoruseimy @CakKhum Tapi kalau pie chart diagram nya memang di set mirip qc gimana bang? kondisi logic nya memang dibuat bagaimanapun input nya, posisinya harus begitu..bagaimana pendapat abang?", "likes_count": 7, "replies_count": 0, "retweets_count": 2, "hashtags": []}
{"id": 1122288129803636736, "date": "2019-04-27", "time": "19:55:15", "tweet": "@budianto_s11 @HukumDan @Mr5P21S 10 yg saya kumpulin salah input dan tdk menggelembungkan 02 itu saya muter2, dan yakin ada lagi. itu jg seuprit, krn KPU kan bilang ada 100an yang mereka audit internal. Malas juga dicek, saya mending masak 🤣", "likes_count": 0, "replies_count": 0, "retweets_count": 0, "hashtags": []}
{"id": 1122287695022186496, "date": "2019-04-27", "time": "19:53:32", "tweet": "@TrueBel63773421 @nytimes msm ...Its the output, not the input", "likes_count": 0, "replies_count": 1, "retweets_count": 0, "hashtags": []}
{"id": 1122287694338334720, "date": "2019-04-27", "time": "19:53:32", "tweet": "@budianto_s11 @HukumDan @Mr5P21S Butuh upload yh mana? Angka 01 yg salah input, krn saya punya yg 02 gelembung ya hanya 3, itu dah ta kasih. Butuh yg 01 salah input? Ada 10.   Upload buat anda? For what 😂klo cm jadi bahan banyak2an, cr siapa yg paling menderita. Maaf bukan saya bgt 😅", "likes_count": 0, "replies_count": 1, "retweets_count": 0, "hashtags": []}
{"id": 1122287683693236224, "date": "2019-04-27", "time": "19:53:29", "tweet": "@Sanyari_Bumi @MpugandrungM @schrani76 @mohmahfudmd Sampai salah input tanggal, di bilang biasa. Apa sudah ketularan, sekarang salah inpus seperti penyakit menular.", "likes_count": 0, "replies_count": 0, "retweets_count": 0, "hashtags": []}
{"id": 1122287553292300288, "date": "2019-04-27", "time": "19:52:58", "tweet": "Percayalah, insya Allah suara 02 naik signifikan. Mari kita lawan \"suara siluman\" yg selalu disebut \"salah input\", kita kawal 24 jam web situng KPU.   Analis Statistik: Minggu Depan Kita Lihat Perubahan Signifikan di Situng KPU, 02 Akan Unggul  https://t.co/wBTRkrabue", "likes_count": 2, "replies_count": 0, "retweets_count": 0, "hashtags": []}
