{"id": 1126637439588675585, "date": "2019-05-09", "time": "19:57:52", "tweet": "@JohnSmi52411366 @snookeremporium @thecarolemalone @bbcquestiontime @Nigel_Farage @brexitparty_uk Good input there. Farage had said we would be better off, he said a trade deal would be easy. All complete nonsense and like I stated, undeliverable. Now he’s back to blame it on everybody else whilst sponging from the very people he claims to represent.", "likes_count": 1, "replies_count": 1, "retweets_count": 0, "hashtags": []}
{"id": 1126637166954729472, "date": "2019-05-09", "time": "19:56:47", "tweet": "@emiliaclarke can I get your input?  https://t.co/m6hfbinnnJ", "likes_count": 0, "replies_count": 0, "retweets_count": 0, "hashtags": []}
{"id": 1126636829158125568, "date": "2019-05-09", "time": "19:55:26", "tweet": "Need more input please! Which title looks the most interesting to you?", "likes_count": 2, "replies_count": 0, "retweets_count": 0, "hashtags": []}
{"id": 1126636556897226752, "date": "2019-05-09", "time": "19:54:21", "tweet": "scanf標準入力 (standard input) から書式文字列に従ってデータを読込む", "likes_count": 0, "replies_count": 0, "retweets_count": 0, "hashtags": []}
{"id": 1126636197764190208, "date": "2019-05-09", "time": "19:52:56", "tweet": "@DrJasonJohnson Thank Jason for sharing I look forward to get your input on the important issues your are my second favorite political commentator Next to Glenn Kirschner..", "likes_count": 0, "replies_count": 0, "retweets_count": 0, "hashtags": []}
{"id": 1126636144790253568, "date": "2019-05-09", "time": "19:52:43", "tweet": "A May 9, open house at the Delta Hotel by Marriott in Utica gave community members an opportunity to provide input on proposed Downtown Revitalization Initiative boundaries and possible projects to be included within the final application. See video here:  https://t.co/q7bWtBsvh0", "likes_count": 1, "replies_count": 0, "retweets_count": 1, "hashtags": []}
{"id": 1126635999583449088, "date": "2019-05-09", "time": "19:52:08", "tweet": "@Dana_Ress @RubinReport Germany has a very similar system and it works really well. But they're a bunch of dirty socialists that hate freedom, like paying 400% APR at a payday loan.", "likes_count": 28, "replies_count": 1, "retweets_count": 1, "hashtags": []}
{"id": 1126635977726808064, "date": "2019-05-09", "time": "19:52:03", "tweet": "@billshortenmp I think we should discuss Outcomes that has to be positive for the nation, then discuss how to achieve it, meaning what Input(measures)  need to be taken. if you give the voters the whole picture, they will just focus on one of your policies.", "likes_count": 0, "replies_count": 0, "retweets_count": 0, "hashtags": []}
{"id": 1126635786672189440, "date": "2019-05-09", "time": "19:51:18", "tweet": "@CityofRegina - this seems like a great option for reducing input into the landfill  https://t.co/LWREucqMwM", "likes_count": 0, "replies_count": 0, "retweets_count": 0, "hashtags": []}
{"id": 1126635737678532608, "date": "2019-05-09", "time": "19:51:06", "tweet": "@RichardBurr_DN @ZachGorchow True. By and large though, Oakland County's votes have been consistent, R or D. Our office has received tons of input, and our residents value - and don't want to lose - the coverage. As Brooks has said, don't throw the baby out with the bathwater on no-fault.", "likes_count": 2, "replies_count": 1, "retweets_count": 0, "hashtags": []}
{"id": 1126635684511379456, "date": "2019-05-09", "time": "19:50:53", "tweet": "@FelipeMilanoJr @laurenduca When you can have babies, maybe I'll take your advice. In the meantime, you've got soooome nerve, don't you think? In what world is it okay for someone i don't know get input in to how I handle things attached to/inside of me", "likes_count": 0, "replies_count": 1, "retweets_count": 0, "hashtags": []}
{"id": 1126635425269993473, "date": "2019-05-09", "time": "19:49:51", "tweet": "@jennay58210 @DLoesch Except in the Art of the Deal case, Schwartz wrote the entire book. Due to Trump’s lack of attention span, Schwartz got little input. Trump takes all the credit.", "likes_count": 0, "replies_count": 0, "retweets_count": 0, "hashtags": []}
{"id": 1126635410447319040, "date": "2019-05-09", "time": "19:49:48", "tweet": "@sunnylarue17 Thanks! It will be out later this month! There are also more polls coming so would love to get your input into them! 😊", "likes_count": 2, "replies_count": 1, "retweets_count": 0, "hashtags": []}
{"id": 1126635379241648132, "date": "2019-05-09", "time": "19:49:40", "tweet": "@angelsaves I'll think it sometimes (esp if it's like, celebrity a like being called out for something, listening and apologising) but why do they think the conversation needs their input!!", "likes_count": 0, "replies_count": 1, "retweets_count": 0, "hashtags": []}
{"id": 1126635209569345536, "date": "2019-05-09", "time": "19:49:00", "tweet": "@Minang__Raya @FerdinandHaean2 klo salah input ya perbaiki... #GituAjaKoDemo", "likes_count": 0, "replies_count": 0, "retweets_count": 0, "hashtags": ["gituajakodemo"]}
{"id": 1126635077322993664, "date": "2019-05-09", "time": "19:48:28", "tweet": "@iswan214 Hedeeehh.. Ada kecurangan pemilu itu Baik. Ada 500 lebih nyawa anggota kpps melayang itu Baik. Ada salah input di kpu itu baik. DLL     TANDA.......??????     DULU SEKOLAHMU DIMANA.", "likes_count": 1, "replies_count": 0, "retweets_count": 0, "hashtags": []}
{"id": 1126634979180654592, "date": "2019-05-09", "time": "19:48:05", "tweet": "Great discussion in Alexandria  today on water reuse and recycling in ag to provide input to @WateReuseAssoci in developing recommendations to @EPAwater for a National Water Reuse Action Plan  https://t.co/luhvn4646P", "likes_count": 13, "replies_count": 2, "retweets_count": 2, "hashtags": []}
{"id": 1126634914579976192, "date": "2019-05-09", "time": "19:47:50", "tweet": "Merge:Multi Image text input Twitter.  https://t.co/xskJJExvjz", "likes_count": 0, "replies_count": 0, "retweets_count": 0, "hashtags": []}
{"id": 1126634813752930304, "date": "2019-05-09", "time": "19:47:26", "tweet": "@Shadowlynk17 @Nintendo This was three seconds into the game. 😒  Thank you so much for the input!  I'll try that.  🤜🏼🎮🤛🏻", "likes_count": 0, "replies_count": 1, "retweets_count": 0, "hashtags": []}
{"id": 1126634491848454145, "date": "2019-05-09", "time": "19:46:09", "tweet": "😎This is exactly why I teach with Comprehensible Input.  Check out my YouTube channel, HitChinese to discover more:  https://t.co/RDqULGk6s1  #ComprehensibleInput #LearnChinese #TPRS  https://t.co/G2Awf0dfmo", "likes_count": 5, "replies_count": 0, "retweets_count": 1, "hashtags": ["comprehensibleinput", "learnchinese", "tprs"]}
