{"id": 1101633156560633861, "date": "2019-03-01", "time": "18:59:46", "tweet": "“It won’t be in June. It will be before that so students won’t be gone for the summer and they can put in their input”", "likes_count": 5, "replies_count": 0, "retweets_count": 0, "hashtags": []}
{"id": 1101633140404166656, "date": "2019-03-01", "time": "18:59:42", "tweet": "@BiebersLahme Thank u for ur input", "likes_count": 2, "replies_count": 1, "retweets_count": 0, "hashtags": []}
{"id": 1101632975312244736, "date": "2019-03-01", "time": "18:59:03", "tweet": "Speeding: Huron Rd, Mannheim, Woodridge, and Queen.  Audience member asks why there is pushback from the region about township speed signs. Councillor Hallman mentions new township safety committee, which will give opportunity for community to offer input.  https://t.co/Skru4Y95No", "likes_count": 1, "replies_count": 1, "retweets_count": 0, "hashtags": []}
{"id": 1101632966839730177, "date": "2019-03-01", "time": "18:59:01", "tweet": "@EASPORTSFIFA WTF is with the delay right now. I won this game but I'm livid. State of the things that happen when your input is delayed is pathetic. I feel like stabbing my toe  https://t.co/VuclZVX7BG", "likes_count": 107, "replies_count": 12, "retweets_count": 2, "hashtags": []}
{"id": 1101632766347698176, "date": "2019-03-01", "time": "18:58:13", "tweet": "@YouTube Your \"most recent actions\" are always the same, regardless of circumstance. You input a set of words into your bullshit algorithm, and let the computers do the work without a QC team to check whats flagged. A lot of your problems would be solved if you had a dedicated QC team.", "likes_count": 0, "replies_count": 0, "retweets_count": 0, "hashtags": []}
{"id": 1101632727474995200, "date": "2019-03-01", "time": "18:58:04", "tweet": "@itsallariddle @quollhorreur @RadFemme74 @WesthaverEmily @EdenOfEast @transmaiden @MistressBAudrey @RightfullyChic @dev_deets @BluescreenLTD @TheWolfSpirit1 @notCursedE @ShoujoWitch @TastyCa60374227 Thanks for the input...", "likes_count": 0, "replies_count": 2, "retweets_count": 0, "hashtags": []}
{"id": 1101632470351572998, "date": "2019-03-01", "time": "18:57:02", "tweet": "@MarketWatch input and the best song will be released. It's not a by the sales dep. dictated piece, but an organically grown song. Their company constantely stresses (it's even their slogan) that the most important part of their work is to bring others peace in their life with the (cont.)", "likes_count": 0, "replies_count": 1, "retweets_count": 0, "hashtags": []}
{"id": 1101632299106553856, "date": "2019-03-01", "time": "18:56:22", "tweet": "Efficient classical simulation of Clifford circuits with nonstabilizer input states  https://t.co/mn4kag3Rd4", "likes_count": 0, "replies_count": 0, "retweets_count": 0, "hashtags": []}
{"id": 1101632234430390272, "date": "2019-03-01", "time": "18:56:06", "tweet": "@Dustefjert Ekke' fancy(aka erfaren) nok til å finne rett GIF(eller bare for jævla pirkete?;), men setter jaffal stor pris på dine input i feed'n. Dustefjertende, skitdrita tenketank..konsept ass':)", "likes_count": 2, "replies_count": 1, "retweets_count": 1, "hashtags": []}
{"id": 1101632159691862016, "date": "2019-03-01", "time": "18:55:48", "tweet": "@DeadlineAccount @VirginRadioYYC Thanks for the input. I'll try to hate less &amp; love more. Also, thanks for properly using you're &amp; your in the same sentence in this thread. I know you're a Flames fan but most Oiler fans who come here to argue cannot differentiate between the two, so well done. It's refreshing.", "likes_count": 0, "replies_count": 0, "retweets_count": 0, "hashtags": []}
{"id": 1101632107233923078, "date": "2019-03-01", "time": "18:55:36", "tweet": " https://t.co/DADdwUgznx Efficient classical simulation of Clifford circuits with nonstabilizer input states", "likes_count": 0, "replies_count": 0, "retweets_count": 0, "hashtags": []}
{"id": 1101632017337339904, "date": "2019-03-01", "time": "18:55:14", "tweet": "@v_input_output it's me repellent", "likes_count": 0, "replies_count": 1, "retweets_count": 0, "hashtags": []}
{"id": 1101632015248617477, "date": "2019-03-01", "time": "18:55:14", "tweet": "@v_input_output like unscrewed and askew or completely removed?", "likes_count": 0, "replies_count": 1, "retweets_count": 0, "hashtags": []}
{"id": 1101631999997956097, "date": "2019-03-01", "time": "18:55:10", "tweet": "@Tim_Mitchell @AndyLeonard So, I see an input line, data gets scrubbed aka ETL, then it goes back on the output line.  Got it.  https://t.co/jqcRCtVDSO", "likes_count": 1, "replies_count": 1, "retweets_count": 0, "hashtags": []}
{"id": 1101631994138644480, "date": "2019-03-01", "time": "18:55:09", "tweet": "What a great example of encouraging children to provide input in their learning experiences! #112leads", "likes_count": 4, "replies_count": 0, "retweets_count": 0, "hashtags": ["112leads"]}
{"id": 1101631970415730688, "date": "2019-03-01", "time": "18:55:03", "tweet": "NRCS Seeks Input on Conservation Priorities for California  https://t.co/Vj7a879MDS", "likes_count": 0, "replies_count": 0, "retweets_count": 0, "hashtags": []}
{"id": 1101631925570158592, "date": "2019-03-01", "time": "18:54:53", "tweet": "@WazkaliaT Honestly my thoughts are chaotic. Probably. Slap dash a bunch of non-earth languages plus a bunch of different earth ones. On top of all the sensory input and shapeshifting and my mind is about as messy as my ship.", "likes_count": 0, "replies_count": 0, "retweets_count": 0, "hashtags": []}
{"id": 1101631859291754496, "date": "2019-03-01", "time": "18:54:37", "tweet": "NRCS Seeks Input on Conservation Priorities for California  https://t.co/IC8mR5sqza", "likes_count": 0, "replies_count": 0, "retweets_count": 0, "hashtags": []}
{"id": 1101631848633950208, "date": "2019-03-01", "time": "18:54:34", "tweet": "This is what it looks like when you’re using the display   It functions similar to a smart watch, where display is off until a notification or user input. It’s an overlay in the center of your vision which felt comfortable (unlike GGlass where it was in the corner)  https://t.co/kgkOuHVZLB", "likes_count": 6, "replies_count": 1, "retweets_count": 0, "hashtags": []}
{"id": 1101631562062262272, "date": "2019-03-01", "time": "18:53:26", "tweet": "@m0rb No no I appreciate ur input never feel like u have to censor urself on my page !", "likes_count": 0, "replies_count": 0, "retweets_count": 0, "hashtags": []}
