{"id": 1134248071582273538, "date": "2019-05-30", "time": "19:59:48", "tweet": "hello - and thanks for you input @ak_pennington @JimboStanford @PeetzDavid @AnthonyForsyt10 #ausunions #auspol", "likes_count": 4, "replies_count": 0, "retweets_count": 3, "hashtags": ["ausunions", "auspol"]}
{"id": 1134247934139101184, "date": "2019-05-30", "time": "19:59:15", "tweet": "@Cotton_Wife @James_Stacey_ Didnt say charity, need sensibility. If the input cost to grow your cotton or wheat trebled, you wont plant. Cant switch livestock off till inputs drop. With the amount of dairies that have closed and livestock breeders gone, you may find your F1/F2 has little value in future.", "likes_count": 0, "replies_count": 1, "retweets_count": 0, "hashtags": []}
{"id": 1134247794548596738, "date": "2019-05-30", "time": "19:58:42", "tweet": "Input process and output is the basic formula for system Theory. Social systems theory does find its way in this description of organizational engineering on  https://t.co/UQH7y0FbLI  https://t.co/Uf4X2Ftwuq", "likes_count": 0, "replies_count": 0, "retweets_count": 0, "hashtags": []}
{"id": 1134247762462203909, "date": "2019-05-30", "time": "19:58:34", "tweet": "banger of a first question hopefully they give useful input on it :)  https://t.co/9laPxUMLUN", "likes_count": 0, "replies_count": 0, "retweets_count": 0, "hashtags": []}
{"id": 1134247716882718720, "date": "2019-05-30", "time": "19:58:23", "tweet": "@johnrrymer @bubble_group, @appsheet, I would love to get your input on this article?", "likes_count": 1, "replies_count": 0, "retweets_count": 0, "hashtags": []}
{"id": 1134247687501406208, "date": "2019-05-30", "time": "19:58:16", "tweet": "@Vodkoa no doubt they will, they seem like they're really making this a community friendly game with input from everybody just look at the season pass being removed etc", "likes_count": 0, "replies_count": 0, "retweets_count": 0, "hashtags": []}
{"id": 1134247621470674950, "date": "2019-05-30", "time": "19:58:00", "tweet": "@MissJerichoY2J @ReverendSmiley @AhmadAlMarri3 His name is Alex Pawlowski. Same with Reverend I usually like his input but this over sensitive racist angle that some of these guys cough up is really too much.", "likes_count": 1, "replies_count": 0, "retweets_count": 0, "hashtags": []}
{"id": 1134247522170527750, "date": "2019-05-30", "time": "19:57:37", "tweet": "@foxof42 Sorry for the probably silly questions x_x I've only ever really understood charge partitioning at the level of \"if you do this input, this happens\" but it's something I'm curious about. I couldn't find real details when messing with it in 3S", "likes_count": 1, "replies_count": 1, "retweets_count": 0, "hashtags": []}
{"id": 1134247469716574216, "date": "2019-05-30", "time": "19:57:24", "tweet": "@Timcast I'd like your input on this issue.", "likes_count": 0, "replies_count": 0, "retweets_count": 0, "hashtags": []}
{"id": 1134247307753320449, "date": "2019-05-30", "time": "19:56:46", "tweet": "@flying_badger I just want one of the monster imac pros to also include a KVM, so I can use it as an input/output station when it gets a little old.", "likes_count": 0, "replies_count": 1, "retweets_count": 0, "hashtags": []}
{"id": 1134247235779215370, "date": "2019-05-30", "time": "19:56:28", "tweet": "@kzoss213 I'm just using what I have that'll match up to the GM setup I'm using. Thanks for the input tho ^^", "likes_count": 0, "replies_count": 0, "retweets_count": 0, "hashtags": []}
{"id": 1134247047903744001, "date": "2019-05-30", "time": "19:55:44", "tweet": "@j_lieb Sorry for any ad-related frustration! By including ads in our streaming library, we're able to provide more current &amp; exciting shows/movies to our viewers:  https://t.co/VPqAKXFj9Y. That said, we certainly understand where you're coming from — we'll be sure to share your input!", "likes_count": 0, "replies_count": 0, "retweets_count": 0, "hashtags": []}
{"id": 1134247034226061312, "date": "2019-05-30", "time": "19:55:40", "tweet": "@Saints_Dragons @MSMWatchdog2013 Yup. If you’ve got money, banks will lend you more and the govt will give you a start up grant for any new business you care for or input into your current business or give you a govt contract. Easy to get further ahead if you start off ahead", "likes_count": 0, "replies_count": 0, "retweets_count": 0, "hashtags": []}
{"id": 1134246958132940800, "date": "2019-05-30", "time": "19:55:22", "tweet": "If we want tax reform done the right way, it's our responsibility to speak up. Give your input when you can!", "likes_count": 0, "replies_count": 0, "retweets_count": 0, "hashtags": []}
{"id": 1134246726683025408, "date": "2019-05-30", "time": "19:54:27", "tweet": "City seeks input on proposed changes to Albuquerque zoning rules  https://t.co/09btJIN3GH", "likes_count": 0, "replies_count": 0, "retweets_count": 0, "hashtags": []}
{"id": 1134246648111095813, "date": "2019-05-30", "time": "19:54:08", "tweet": "@JamesShortt1 @RTE_PrimeTime Massive input for charge points and longer range required on the cars themselves doable if they get their fingers out.", "likes_count": 1, "replies_count": 0, "retweets_count": 0, "hashtags": []}
{"id": 1134246622483759104, "date": "2019-05-30", "time": "19:54:02", "tweet": "mouse input feels atrocious but then somehow they fucked up driving with joystick, if you're playing with pad they bound reload to L3 for some reason but then on kbm the phone menu is set to mouse3 by default??", "likes_count": 0, "replies_count": 0, "retweets_count": 0, "hashtags": []}
{"id": 1134246539524804608, "date": "2019-05-30", "time": "19:53:42", "tweet": "@ScottIrwinUI I appreciate your input as always.", "likes_count": 0, "replies_count": 1, "retweets_count": 0, "hashtags": []}
{"id": 1134246376852905984, "date": "2019-05-30", "time": "19:53:04", "tweet": "@DashonteJ @asianwolfhound Don't think about food, energy or oil when we talk about natural resources.   You say we'll be saved by technologies. Technologies require rare metals and other much rarer stuff that's harder to acquire.  The input costs will be so high or impossible to meet, that we get no gain", "likes_count": 2, "replies_count": 1, "retweets_count": 0, "hashtags": []}
{"id": 1134246262520201216, "date": "2019-05-30", "time": "19:52:36", "tweet": "デスストランディングの敵が「見えない」の、マジで同じものを見ているんだなって分かる アプローチが真逆なのも面白い ゲームはそうあるべきだわ", "likes_count": 0, "replies_count": 0, "retweets_count": 0, "hashtags": []}
