{"id": 1150555510825000960, "date": "2019-07-14", "time": "19:59:44", "tweet": "Siempre bien hermano 🥂👏 @santihezze en INPUT BA  https://t.co/hlp4n8pm7M", "likes_count": 2, "replies_count": 1, "retweets_count": 0, "hashtags": []}
{"id": 1150555366050226176, "date": "2019-07-14", "time": "19:59:10", "tweet": "Guys please read articles before giving “educated” input. There is not a single piece of circumstantial evidence that the 007 franchise will be headed by a black, fem 007 from this point onward. There’s reports based on hearsay about a scene that may or may not mean anything.", "likes_count": 4, "replies_count": 2, "retweets_count": 0, "hashtags": []}
{"id": 1150555353731534848, "date": "2019-07-14", "time": "19:59:07", "tweet": "@SMCampbell10 @ashleymeaster @XianJaneway Your voice matters and your input is needed...plus, remember, there are Gen Xers recently married that may have received this info. I am so sorry you were taught negative, unhealthy messages!  Congrats on finding your own way with your spouse &amp; rescripting your truth!!!", "likes_count": 3, "replies_count": 0, "retweets_count": 0, "hashtags": []}
{"id": 1150555161246539780, "date": "2019-07-14", "time": "19:58:21", "tweet": "@SaiyanRota Basically same except I won't attack after their combos unless I'm just throwing in a Ki blast super or Additional Input Savage Strike  Something like that to boost the damage of their combo", "likes_count": 0, "replies_count": 1, "retweets_count": 0, "hashtags": []}
{"id": 1150555158582943744, "date": "2019-07-14", "time": "19:58:20", "tweet": "@million_input 千里はいらんなぁ", "likes_count": 1, "replies_count": 1, "retweets_count": 0, "hashtags": []}
{"id": 1150555134365184000, "date": "2019-07-14", "time": "19:58:14", "tweet": "@C9Mang0 Just don't input forward 100% of the time uwu", "likes_count": 7, "replies_count": 0, "retweets_count": 0, "hashtags": []}
{"id": 1150555001216995335, "date": "2019-07-14", "time": "19:57:43", "tweet": "Lucky Fishing have fun. What are you waiting for? Download it, input the refer code 3JBSVE5 to get reward.", "likes_count": 0, "replies_count": 0, "retweets_count": 0, "hashtags": []}
{"id": 1150554961144688642, "date": "2019-07-14", "time": "19:57:33", "tweet": "I love when an athlete I know posts a video of them training or competing only to have people I have never heard of that follow them tell them what they are doing wrong.  I’m fairly sure they and their coach have a set plan and don’t need input from GOTphan316 or whomever you are", "likes_count": 1, "replies_count": 0, "retweets_count": 0, "hashtags": []}
{"id": 1150554915787251712, "date": "2019-07-14", "time": "19:57:22", "tweet": "@HernandezAdam I don’t need to understand why your president is locking children and familes away, putting up a muslim ban, and banning transgender people from joining the army, etc!! thx for ur input tho", "likes_count": 10, "replies_count": 0, "retweets_count": 0, "hashtags": []}
{"id": 1150554873777336323, "date": "2019-07-14", "time": "19:57:12", "tweet": "@VP @CBP @HHSGov Thanks for the input Heinrich Himmler, I mean Mr. Pence.   https://t.co/kM8VfP9qWF", "likes_count": 0, "replies_count": 0, "retweets_count": 0, "hashtags": []}
{"id": 1150554718785196033, "date": "2019-07-14", "time": "19:56:35", "tweet": "Last valid input: 2019-07-15 08:56:28.717363 Temperature: 29.00 C Humidity: 75.00 %", "likes_count": 0, "replies_count": 0, "retweets_count": 0, "hashtags": []}
{"id": 1150554613071917061, "date": "2019-07-14", "time": "19:56:10", "tweet": "Go to  https://t.co/sg0fMjjJFX on your iPhone/iPod Safari, input my code c22149067.  https://t.co/PFWCvWwD42", "likes_count": 0, "replies_count": 0, "retweets_count": 0, "hashtags": []}
{"id": 1150554396159348736, "date": "2019-07-14", "time": "19:55:18", "tweet": "You might want to make sure your comment code runs before includes, or vice versa. There are similar swelling patterns in writing files, generating packets of update data for network entities, handling player input in games, UI animations and other user feedback.", "likes_count": 0, "replies_count": 0, "retweets_count": 0, "hashtags": []}
{"id": 1150554378102890497, "date": "2019-07-14", "time": "19:55:14", "tweet": "@westsiderag @TransAlt @rich1 @CB7Manhattan Great, please let me know if I can provide more input. I’ve seen some near misses. Cyclist collisions are especially more likely, because some of them can easily get up those hills but many cannot, resulting in riders of wildly varying speeds going up the hills.", "likes_count": 0, "replies_count": 1, "retweets_count": 0, "hashtags": []}
{"id": 1150554314643050502, "date": "2019-07-14", "time": "19:54:59", "tweet": "The Chomping-your-lines pattern is about trimming input lines of unnecessary whitespace. Once you make it a pattern, you can consider keeping the change so writing back with no change is still possible.", "likes_count": 0, "replies_count": 1, "retweets_count": 0, "hashtags": []}
{"id": 1150554314177466374, "date": "2019-07-14", "time": "19:54:59", "tweet": "(NETCORE_ENGINEERING_TELEMETRY=InitializeToolset) Exception calling \".ctor\" with \"1\" argument(s): \"Input string was not in a correct format.\" ????????????????????????????????????????????????????????????????????????", "likes_count": 0, "replies_count": 0, "retweets_count": 0, "hashtags": []}
{"id": 1150554305570754561, "date": "2019-07-14", "time": "19:54:57", "tweet": "This is low memory and can be a good pattern for situations where you cannot load all your data in one go, or you care about latency enough that you must offer a way to be nearly done when the final input is provided.", "likes_count": 0, "replies_count": 1, "retweets_count": 0, "hashtags": []}
{"id": 1150554297555456000, "date": "2019-07-14", "time": "19:54:55", "tweet": "@HeidiRichards @ShedtheBitch Thank you so much @HeidiRichards    I greatly appreciate your input and share!!!!", "likes_count": 1, "replies_count": 0, "retweets_count": 0, "hashtags": []}
{"id": 1150553829408149504, "date": "2019-07-14", "time": "19:53:03", "tweet": "Input Meets SWING at Go Beach Club  https://t.co/1t2WchSeDj en #Barcelona #music #dj", "likes_count": 1, "replies_count": 0, "retweets_count": 0, "hashtags": ["barcelona", "music", "dj"]}
{"id": 1150553802573058051, "date": "2019-07-14", "time": "19:52:57", "tweet": "@captscorch @mozz44 @forthemasses @try_thinking @keigh_see @gluino78 @badibulgator @earther_the @hugh_bothwell @NothingSirius @flatearthboy @DanielB59756947 @geoff_wales @hollyhaygood @WeAreWakinUp @KeighseeToo @danielmhenry @ColdDimSum @Rokro15 @Fr1nk3 @thatfrootybri @NonsenseFlat @maxsec @LogicalReterg @BrookerA69 @siirii @jbrownridge @kmtildsley @OzScorch @FLATHORIZON @UnCastellsMes @AitorCM2018 @mistymoonlite88 @Kompromat9 @flerfrates @Captainswoop1 @itsallflat @EmptyGreenPants @bernhollow @GDiFulgo @TakeThatGravity @earthisaglobe @debiacharya1969 @CallMeEOnly @CobraElDiablo @CavemanOoga @USMCNoggin @e_cronrath @manamiangry The G command would be the on that you manually input the X for each pass with the G command. You picking each depth of cut. But changing the starting Z or delay to shift the Z to do these funny things.", "likes_count": 0, "replies_count": 1, "retweets_count": 0, "hashtags": []}
{"id": 1150553726295445506, "date": "2019-07-14", "time": "19:52:39", "tweet": "@acelinrey @ToTalIy_ why are you even getting yourself involved?? your only input is pointing out the colour of my skin which is irrelevant 🤡 i’m not hiding behind a celeb or an anime girl profile pic, it’s well noticed that i’m white LMFAO", "likes_count": 0, "replies_count": 0, "retweets_count": 0, "hashtags": []}
{"id": 1150553530043781120, "date": "2019-07-14", "time": "19:51:52", "tweet": "would like more input and opinions :3", "likes_count": 0, "replies_count": 0, "retweets_count": 0, "hashtags": []}
{"id": 1150553480014290944, "date": "2019-07-14", "time": "19:51:40", "tweet": "im sure my boyfriend greatly values my unique perspective and input while watching this such as identifying which wrestlers absolutely will fuck their fans", "likes_count": 7, "replies_count": 5, "retweets_count": 0, "hashtags": []}
{"id": 1150553408685989889, "date": "2019-07-14", "time": "19:51:23", "tweet": "Octopus Arms Are Capable of Making Decisions Without Input From Their Brains  https://t.co/pyi6LAuWl5", "likes_count": 0, "replies_count": 0, "retweets_count": 0, "hashtags": []}
{"id": 1150553310975447040, "date": "2019-07-14", "time": "19:51:00", "tweet": "OK, home automation and A/V folks - any recommendations for a multi-input single-output HDMI switch?  Looking to hook several devices (cable box, gaming devices, laptop) into a single HDMI port on TV.", "likes_count": 0, "replies_count": 2, "retweets_count": 0, "hashtags": []}
{"id": 1150553235977097217, "date": "2019-07-14", "time": "19:50:42", "tweet": "@its_lindz @realDonaldTrump Thank you for your input Lindz.", "likes_count": 1, "replies_count": 0, "retweets_count": 0, "hashtags": []}
{"id": 1150553227261337601, "date": "2019-07-14", "time": "19:50:40", "tweet": "@SenSanders could we please have your input regarding the situation Puerto Rico is facing. The people are asking for the governor to resign but he refuses to do so. It has been 4 days of demonstrations after chat leaks, FBI arrests.", "likes_count": 0, "replies_count": 0, "retweets_count": 0, "hashtags": []}
{"id": 1150553093509021697, "date": "2019-07-14", "time": "19:50:08", "tweet": "@imTalon Nigga your input is the most irrelevant 😂", "likes_count": 0, "replies_count": 1, "retweets_count": 0, "hashtags": []}
{"id": 1150552937271320582, "date": "2019-07-14", "time": "19:49:31", "tweet": "Public input sought for Four Creeks Preserve  https://t.co/4fGo96jN3c", "likes_count": 0, "replies_count": 0, "retweets_count": 0, "hashtags": []}
{"id": 1150552928836575233, "date": "2019-07-14", "time": "19:49:29", "tweet": "@plutofucker ooh i think i'll go with the blue one then and use the same blue as his eyes to save money  thank you for your input! i tried on tumblr too but got no response haha OTL", "likes_count": 0, "replies_count": 1, "retweets_count": 0, "hashtags": []}
{"id": 1150552791561265152, "date": "2019-07-14", "time": "19:48:56", "tweet": "when bms be on here arguing you never see the bd put his input in or try to stop it 🤣", "likes_count": 1, "replies_count": 0, "retweets_count": 0, "hashtags": []}
{"id": 1150552600762298369, "date": "2019-07-14", "time": "19:48:10", "tweet": "@torrapusuta Did ask for your input, goodbye", "likes_count": 0, "replies_count": 0, "retweets_count": 0, "hashtags": []}
{"id": 1150552560530612225, "date": "2019-07-14", "time": "19:48:01", "tweet": "A formal request has been submitted to #CityofTO's Parks, Forestry &amp; Recreation to rename Birchmount Stadium (75 Birchmount Road) to \"Bill D. Stephens Stadium\". We would like your input.   Complete the survey:  https://t.co/SNL1Igm3VU   Share your ideas by Aug 1, 2019.  #Toronto  https://t.co/iCgP7NUASl", "likes_count": 0, "replies_count": 0, "retweets_count": 0, "hashtags": ["cityofto", "toronto"]}
{"id": 1150552258884583425, "date": "2019-07-14", "time": "19:46:49", "tweet": "If I had a nickel for every random, unexplained, accidental screenshot in my gallery, I might have a couple bucks by now. I swear this phone takes at least 3 a day without any input.", "likes_count": 0, "replies_count": 0, "retweets_count": 0, "hashtags": []}
{"id": 1150552207726645250, "date": "2019-07-14", "time": "19:46:37", "tweet": "@Fpsoxfan Thank you for your input joe don baker", "likes_count": 0, "replies_count": 0, "retweets_count": 0, "hashtags": []}
{"id": 1150552099454894081, "date": "2019-07-14", "time": "19:46:11", "tweet": "@RonaldKlain @Lawrence @VP Hmmm.  Wonder if any other judges where offered input on their replacement if they resigned.", "likes_count": 2, "replies_count": 0, "retweets_count": 1, "hashtags": []}
{"id": 1150551903098552320, "date": "2019-07-14", "time": "19:45:24", "tweet": "@kmugova @BrianMatonsi Check your figures again. The GMB price is not fair if you factor in input costs", "likes_count": 0, "replies_count": 1, "retweets_count": 0, "hashtags": []}
{"id": 1150551378625908737, "date": "2019-07-14", "time": "19:43:19", "tweet": "@million_input あげたい 湊友希那くれ", "likes_count": 1, "replies_count": 1, "retweets_count": 0, "hashtags": []}
{"id": 1150551254822793216, "date": "2019-07-14", "time": "19:42:50", "tweet": "@theOriginalOWL Exactly!  And thank you for the follow up &amp; input.  I agree.  It’s weird all around.  I’m on the fence with both of them.", "likes_count": 0, "replies_count": 1, "retweets_count": 0, "hashtags": []}
{"id": 1150550969245061120, "date": "2019-07-14", "time": "19:41:41", "tweet": "I just filled out an entire job application, hit submit, AND IT DIDNT GO THROUGH AND ERASED EVERYTHING I INPUT I FUCKING CANT RIDBSKSUD", "likes_count": 15, "replies_count": 2, "retweets_count": 0, "hashtags": []}
{"id": 1150550904501702656, "date": "2019-07-14", "time": "19:41:26", "tweet": "Someday I'm gonna get a jelly bean jar full of adderall and learn the necessary skills to do this list of things I want to do. Also be cool if there was an input reader that would print your inputs to a window and (using the ime) display finished motions with timing numbers.", "likes_count": 0, "replies_count": 0, "retweets_count": 0, "hashtags": []}
{"id": 1150550746485551104, "date": "2019-07-14", "time": "19:40:48", "tweet": "@Julie15675790 @EJinAction @citizensclimate  https://t.co/IxUQpUDUY2 Here’s my input.", "likes_count": 0, "replies_count": 0, "retweets_count": 0, "hashtags": []}
{"id": 1150550716899086336, "date": "2019-07-14", "time": "19:40:41", "tweet": "@TXinCA11 Thanks for your input.. My monitor is a old as me…", "likes_count": 2, "replies_count": 1, "retweets_count": 0, "hashtags": []}
{"id": 1150550682354757633, "date": "2019-07-14", "time": "19:40:33", "tweet": "@officialmcafee I have nothing but respect for you always keeping it real one day at a time. Do you have any input on @reddcoin Please and Thank You.", "likes_count": 0, "replies_count": 0, "retweets_count": 0, "hashtags": []}
{"id": 1150550635864920065, "date": "2019-07-14", "time": "19:40:22", "tweet": "@p2son @EJinAction  https://t.co/IxUQpUDUY2 Here’s my input:", "likes_count": 0, "replies_count": 0, "retweets_count": 0, "hashtags": []}
{"id": 1150550551635156992, "date": "2019-07-14", "time": "19:40:02", "tweet": "@AmazonHelp Yes. It leads me to the page where I input my info. Once my info is in and I click to submit it, that is the error message that I receive. Reminder: I have to use the skip logon option because I am locked out of my account; that is the issue for which I originally reached out,", "likes_count": 0, "replies_count": 1, "retweets_count": 0, "hashtags": []}
{"id": 1150550151846645760, "date": "2019-07-14", "time": "19:38:27", "tweet": "Thanks for the input, everyone. It is delicious.  https://t.co/vfzuWmotJT", "likes_count": 1, "replies_count": 2, "retweets_count": 0, "hashtags": []}
{"id": 1150550131994963970, "date": "2019-07-14", "time": "19:38:22", "tweet": "@MarvinsCorridor .  You know, I always do appreciate your input x", "likes_count": 0, "replies_count": 1, "retweets_count": 0, "hashtags": []}
{"id": 1150549872900108288, "date": "2019-07-14", "time": "19:37:20", "tweet": "oomfs i Need ur input", "likes_count": 0, "replies_count": 0, "retweets_count": 0, "hashtags": []}
{"id": 1150549822728024066, "date": "2019-07-14", "time": "19:37:08", "tweet": "@palmtreeshhhh Well I’d rather be the former. Thanks for your insignificant input", "likes_count": 0, "replies_count": 0, "retweets_count": 0, "hashtags": []}
{"id": 1150549805153837057, "date": "2019-07-14", "time": "19:37:04", "tweet": "#linux #kernel  Re: [PATCH v4 5/5] Input: hv: Remove dependencies on PAGE_SIZE for ring…  https://t.co/6lvsfuz51x", "likes_count": 0, "replies_count": 0, "retweets_count": 0, "hashtags": ["linux", "kernel"]}
{"id": 1150549801177669633, "date": "2019-07-14", "time": "19:37:03", "tweet": "@Gucci_Ochocinco @seanpcoyle @Gucci_Ochocinco any idea where @seanpcoyle is? Could really use ur input @seanpcoyle", "likes_count": 1, "replies_count": 1, "retweets_count": 0, "hashtags": []}
{"id": 1150549656109293568, "date": "2019-07-14", "time": "19:36:28", "tweet": "Last valid input: 2019-07-15 08:36:25.930596 Temperature: 29.00 C Humidity: 75.00 %", "likes_count": 0, "replies_count": 0, "retweets_count": 0, "hashtags": []}
{"id": 1150549631937286144, "date": "2019-07-14", "time": "19:36:23", "tweet": "@corifornication thanks for the input! a lot of this is super useful, especially because you were one of the people who initially helped me realize wtf my brain was up to in the first place, haha. i take wellbutrin + adderall, so basically \"oops! all norepinephrine.\"", "likes_count": 1, "replies_count": 1, "retweets_count": 0, "hashtags": []}
{"id": 1150549409320456192, "date": "2019-07-14", "time": "19:35:30", "tweet": "@QAGreenways Was there outreach for public input on this project? Or did Expedia just decide on the design?  Regardless I am looking forward to the reopening of the trail.", "likes_count": 3, "replies_count": 1, "retweets_count": 0, "hashtags": []}
{"id": 1150549275538935808, "date": "2019-07-14", "time": "19:34:58", "tweet": "@SoewarnoDiah @bangjuned_02neo @riani_212 @P0P3Y3_S @asepardhan2 @_arlyanti2_ @5_0_N_6_0_K_U @dilalfa_III @Qonstantiniyye @FeryFarikhin19 @bangagoeng96 @HajrahDouboegis @Dody_Lukas__ @n0esche @emak_militan88 @ArdiwisastraN @vioLinRakki @RPS_SULSEL @AliyahIsmail4 @NurdinRahman92 @ayu___lah @riani_2122 @F41ryP1nk @fariomeda @k83_the @rustamifara @Nawaabdullah1 @tuty_2nd @Lo0kManMadona @Cte_cute @Noor_IngatALLAH @amsalri @SingaGosokGigi @PutriAi15784229 @Viera_Mitha Ikut2 yg salah input 😄  #0p0sisiTanpaRek0nsiliasi #0p0sisiTanpaRek0nsiliasi E W A K O", "likes_count": 2, "replies_count": 1, "retweets_count": 1, "hashtags": ["0p0sisitanparek0nsiliasi", "0p0sisitanparek0nsiliasi"]}
{"id": 1150549244937408512, "date": "2019-07-14", "time": "19:34:50", "tweet": "@LindseyGrahamSC We don’t want your input faggy Lindsey.", "likes_count": 0, "replies_count": 0, "retweets_count": 0, "hashtags": []}
{"id": 1150549224821600262, "date": "2019-07-14", "time": "19:34:46", "tweet": "@MoveOn @ICEgov  https://t.co/hKfW5utSlE", "likes_count": 1, "replies_count": 0, "retweets_count": 1, "hashtags": []}
{"id": 1150549122241273856, "date": "2019-07-14", "time": "19:34:21", "tweet": ".@PhillyD Have you ever done a deep dive into Immigrant economic input vs output. I see a lot of misinformation about receiving benefits vs taxes paid, people who think income tax is the only tax or talking about SS and Medicaid benefits that can't be claimed.", "likes_count": 0, "replies_count": 0, "retweets_count": 0, "hashtags": []}
{"id": 1150549091723513857, "date": "2019-07-14", "time": "19:34:14", "tweet": "@MadSciDM This is low-level-enthusiast-grade stuff (and I think you’re looking for something more powerful) but I use @StarWalk 2’s “Time Machine” feature for this. Input a time/date, scrub by any increment, see what is in the sky from any given location. Search by object. Track horizon.  https://t.co/XLYeeSDlBe", "likes_count": 4, "replies_count": 1, "retweets_count": 0, "hashtags": []}
{"id": 1150549041408663557, "date": "2019-07-14", "time": "19:34:02", "tweet": "Betabound: The product allows users to record their music as it’s automatically processed for immediate playback.  If this sounds like something you'd be interested in, please use the link below to apply and input my referral code: Lawful cow.  https://t.co/i1YqstrMVo", "likes_count": 0, "replies_count": 0, "retweets_count": 0, "hashtags": []}
{"id": 1150548868179877888, "date": "2019-07-14", "time": "19:33:20", "tweet": "Is there a way to change an HTML image url to text entered in an input field WITHOUT using Javascript? [Votes: 1] #html #css  https://t.co/AHdbJlwJbH", "likes_count": 0, "replies_count": 0, "retweets_count": 0, "hashtags": ["html", "css"]}
{"id": 1150548752400183297, "date": "2019-07-14", "time": "19:32:53", "tweet": "@brianwatts20 @sardire @RhondaJonesLevy @purplesgem @nazani14 @atrupar The polls were right, they didn’t include Putin’s input. Had it been up to the American people alone, without malfunctioning voting machines, registered voters being turned away and Russian involvement, trump would have lost by a landslide.", "likes_count": 0, "replies_count": 1, "retweets_count": 0, "hashtags": []}
{"id": 1150548749569204224, "date": "2019-07-14", "time": "19:32:52", "tweet": "@LeeTWimberly @wolfgar77 @PainesReason @hugh_bothwell @spikeinthemidge @jools6691 @NoScienceDenial @umfpt @JaTapps @DoubleDoubleJon @rkdoctr @BenefactrChurch @SplinterReality @crypt_oguru @1pckt @malo_j @Van_Vagabond @TakeThatGravity @NuckChorris16 @AprilLigeia @2Cor10_4_6 @firefighter5511 @TakeThatStraw @Dcoronata @guy_JustaGuy @geraldpayne25 @andyguy @Dwyertd @randy_o1970 @ScientiaPercept @TJimjones @hauxton @carlsmythe @AGTCnews @GardenerN21 @wiguy45 @Shadowzerg @TheWestonMike @jcvampuk @EBatterson @DB_Grimwalker @R0samond @Mwforhr @rockytech @DaviesHyland @JulieAMcLean @Rmns58 @CrispyCurry @EvanLHarris2 @Enjoyastogie Poppet. You really should let the NAS know. I'm sure Francis Collins will be delighted to receive your input  https://t.co/8Op8aE8DGS", "likes_count": 7, "replies_count": 1, "retweets_count": 3, "hashtags": []}
{"id": 1150548552961155073, "date": "2019-07-14", "time": "19:32:05", "tweet": "@not_Ejacob8 @ChefJTaylor @MovieGamingTV @Pitching_rebel @Cardinalbird5 Idk bro.  They swear that user input is rewarded way more now than it ever has been, but we all know it’s not the case. There’s no way to change their mind either. It’s not recency bias. They can give us MLB16 with new content right now, and 80% of the complaints disappear.", "likes_count": 0, "replies_count": 1, "retweets_count": 0, "hashtags": []}
{"id": 1150548526348132352, "date": "2019-07-14", "time": "19:31:59", "tweet": "@SolomonKurz Yes. Like @aidangcw said, it's a trade of prestige for work. It helps with promotion and tenure.  It's just not what I thought it'd be: no chances for input to the AEs or EIC.", "likes_count": 2, "replies_count": 2, "retweets_count": 0, "hashtags": []}
{"id": 1150548473281961984, "date": "2019-07-14", "time": "19:31:46", "tweet": "@DozaEric @jerodmcdaniel @rockormiston2 @jakramer42 @OnTargetAg @ajw545 @PfzFarms @Michael72540562 Unfortunately I’ve this happen also but we figure out what went wrong &amp; fix it. Sometimes hybrids don’t respond like they should on certain situations. Our philosophy is always a higher ROI and not necessarily higher yields. Lower input cost could lead to higher ROI.", "likes_count": 3, "replies_count": 1, "retweets_count": 0, "hashtags": []}
{"id": 1150548444907528192, "date": "2019-07-14", "time": "19:31:40", "tweet": "I guess I’m pet car magnet guy. The Roomate buying this without my input but it stays  https://t.co/LLe85j1Hok", "likes_count": 3, "replies_count": 1, "retweets_count": 0, "hashtags": []}
{"id": 1150548385642045442, "date": "2019-07-14", "time": "19:31:25", "tweet": "Thank you, beautiful humans, for all the input..wonderful stories.. vulnerability.. all of it.. and so quickly, too.   Y’all the best.", "likes_count": 8, "replies_count": 4, "retweets_count": 1, "hashtags": []}
{"id": 1150548146533097472, "date": "2019-07-14", "time": "19:30:28", "tweet": "@Ophelia_BDSM Manchmal will ich etwas schreiben/antworten. Sitze dann da und bin von dem Input etwas \"voll\", sodass da keine der vielen Worte raus kommen wollen.", "likes_count": 2, "replies_count": 0, "retweets_count": 0, "hashtags": []}
{"id": 1150548010381824000, "date": "2019-07-14", "time": "19:29:56", "tweet": "#hyperv  Re: [PATCH v4 5/5] Input: hv: Remove dependencies on PAGE_SIZE for ring buffer  https://t.co/g0EyPqFXD2", "likes_count": 0, "replies_count": 0, "retweets_count": 0, "hashtags": ["hyperv"]}
{"id": 1150547960993681409, "date": "2019-07-14", "time": "19:29:44", "tweet": "@chinglishtv @Asmongold @TaliesinEvitel @rileyreidx3 that is a fair assement on the situation ching thanks for your brilliant input as always XD", "likes_count": 1, "replies_count": 0, "retweets_count": 0, "hashtags": []}
{"id": 1150547919512186880, "date": "2019-07-14", "time": "19:29:34", "tweet": "@stephsmithio @spectryumco Thanks for the input!!!!", "likes_count": 0, "replies_count": 0, "retweets_count": 0, "hashtags": []}
{"id": 1150547644386664451, "date": "2019-07-14", "time": "19:28:29", "tweet": "Have an option to lock input method as controller (on pc) so that controller players on pc can play in controller lobbies. via /r/FortNiteBR  https://t.co/SZaumKAqNB  https://t.co/xlOS9ksM3P", "likes_count": 0, "replies_count": 0, "retweets_count": 0, "hashtags": []}
{"id": 1150547587818242048, "date": "2019-07-14", "time": "19:28:15", "tweet": "@DiscoCola I've yet to do input-latency tests on any of these controllers. It's a thing i should get into sometime.", "likes_count": 0, "replies_count": 1, "retweets_count": 0, "hashtags": []}
{"id": 1150547553676681218, "date": "2019-07-14", "time": "19:28:07", "tweet": "@LifeOfEltana •Kindly  select the country and language  •You would be require to input your telephone number •Select card details, you would have to input the 16digits numbers in front of your card and your atm pin", "likes_count": 0, "replies_count": 0, "retweets_count": 0, "hashtags": []}
{"id": 1150547392770519045, "date": "2019-07-14", "time": "19:27:29", "tweet": "An Example Of An Autosuggest Request  An Example Of An Autosuggest Request  Suggester - a flexible \"autocomplete\" component. A common need in search applications is suggesting query terms or phrases based on incomplete user input. These completions may c…  https://t.co/uyGNtC1EyY", "likes_count": 0, "replies_count": 0, "retweets_count": 0, "hashtags": []}
{"id": 1150547382419034112, "date": "2019-07-14", "time": "19:27:26", "tweet": "assuming that the characters in anything r cis unless explicitly stated otherwise is frustrating too. not everything has to b abt creator’s input n people can identify w stories but that isn’t the issue here", "likes_count": 3, "replies_count": 1, "retweets_count": 0, "hashtags": []}
{"id": 1150547372285415424, "date": "2019-07-14", "time": "19:27:24", "tweet": "@BearOfGold @NikkiHaley THANK YOU MATT WITH TWO FOLLOWERS FOR YOUR INPUT", "likes_count": 1, "replies_count": 1, "retweets_count": 0, "hashtags": []}
{"id": 1150547342745100289, "date": "2019-07-14", "time": "19:27:17", "tweet": "@ShoyoJames ...mainly because you can't do those input whilst doing dair, but you can out of regular fast fall you can where it would make you double jump or airdodge. MAINLY it just looks distracting to the opponent and could bait dumb options??", "likes_count": 0, "replies_count": 0, "retweets_count": 0, "hashtags": []}
{"id": 1150547254572437505, "date": "2019-07-14", "time": "19:26:56", "tweet": "@VP @CBP @HHSGov The comparison is on YOU and the failed policies of the administration you are part of, not on the men and women of CBP who are forced to follow your failed policies without input.", "likes_count": 0, "replies_count": 0, "retweets_count": 0, "hashtags": []}
{"id": 1150547150260121600, "date": "2019-07-14", "time": "19:26:31", "tweet": "@KarenAttiah @AOC @RashidaTlaib @RepPressley Hey, this tweet isn't helping. Thanks for your input tho", "likes_count": 0, "replies_count": 0, "retweets_count": 0, "hashtags": []}
{"id": 1150547120866201600, "date": "2019-07-14", "time": "19:26:24", "tweet": "@BlossumsC I figured that would be the ultimate answer. Hard to decide if you enjoy something without trying it first. Nonetheless input is appreciated.", "likes_count": 1, "replies_count": 0, "retweets_count": 0, "hashtags": []}
{"id": 1150547117397696512, "date": "2019-07-14", "time": "19:26:23", "tweet": "@tweekth Thank you so much for this input 🙏🏼", "likes_count": 0, "replies_count": 0, "retweets_count": 0, "hashtags": []}
{"id": 1150547047390547970, "date": "2019-07-14", "time": "19:26:06", "tweet": "@PietSmiet sag mal hast du mit den ganzen HDMI Switched und Splitter usw gar keine Verzögerung? Null Input lag?", "likes_count": 0, "replies_count": 1, "retweets_count": 0, "hashtags": []}
{"id": 1150546997461618688, "date": "2019-07-14", "time": "19:25:54", "tweet": "@NoraReed twitter brought me to a screen that said \"list some things youre interested in so we can recommend follows!\" and gave me an input box and in that moment i knew what to do", "likes_count": 0, "replies_count": 1, "retweets_count": 0, "hashtags": []}
{"id": 1150546872743972865, "date": "2019-07-14", "time": "19:25:25", "tweet": "@arionesbee You’re definitely going through some difficult transitions in your love life right now, and the best advice from these cards is to hold on and also get help from others, specifically friends or siblings. With a bit of help and input from them, you’ll be reaching your goal in love  https://t.co/edLciP34Ea", "likes_count": 1, "replies_count": 1, "retweets_count": 0, "hashtags": []}
{"id": 1150546872374722560, "date": "2019-07-14", "time": "19:25:25", "tweet": "@Aqarius_girl @cath_cambridge Why don’t Kate fans stick with Kate? Leave Meghan alone. Go post about how wonderful Kate is. Meghan doesn’t need your input.", "likes_count": 8, "replies_count": 1, "retweets_count": 0, "hashtags": []}
{"id": 1150546457654714370, "date": "2019-07-14", "time": "19:23:46", "tweet": "as an example, at the second part of the combos listed, you are tasked with doing 236B-&gt;421A-&gt;D you have to input D as quickly as possible to get out of stance to link into dash C, but you shouldnt combine A+D", "likes_count": 0, "replies_count": 1, "retweets_count": 0, "hashtags": []}
{"id": 1150545768723419136, "date": "2019-07-14", "time": "19:21:02", "tweet": "@marty_wares We love your input Mr. Hunter.", "likes_count": 0, "replies_count": 0, "retweets_count": 0, "hashtags": []}
{"id": 1150545734309167105, "date": "2019-07-14", "time": "19:20:53", "tweet": "@TomCommentator @RangersTV @RangersFC Great input from Ian today very knowledgeable as you say and Rangers daft a good combination", "likes_count": 1, "replies_count": 1, "retweets_count": 0, "hashtags": []}
{"id": 1150545703057469440, "date": "2019-07-14", "time": "19:20:46", "tweet": "@RMindipity @mygshadows + release. Resulting in some people’s ideas or input not being used in the song.", "likes_count": 0, "replies_count": 0, "retweets_count": 0, "hashtags": []}
{"id": 1150545665891733505, "date": "2019-07-14", "time": "19:20:37", "tweet": "@BradLundblade @LoganCarter87 Brad, when Tread and were giving thanks for this journey Logan’s on, we both were mindful of your and @CoachGregPrice input which helped make the decision for Logan to play for OSU. #Grateful", "likes_count": 5, "replies_count": 1, "retweets_count": 0, "hashtags": ["grateful"]}
{"id": 1150545397326196736, "date": "2019-07-14", "time": "19:19:33", "tweet": "@LutonCommNHS @AChinakid3 @NHSEngland community profiles like I did for my uni, every nurse to join DN service should have half a day to look around their area of work look at the housing, amenities, community input. Also looking at GP profiles, JSNA. They can then get a picture of the health needs of that community", "likes_count": 1, "replies_count": 0, "retweets_count": 1, "hashtags": []}
{"id": 1150545300957716481, "date": "2019-07-14", "time": "19:19:10", "tweet": "Alright guys. Time for your input. After I’m done with Wesker Mode, which would you guys prefer to see. Keep in mind, at this juncture I only plan on doing Claire both scenarios NG+ on 60. This is obviously subject to change if I really enjoy RE2 Remake.", "likes_count": 2, "replies_count": 0, "retweets_count": 1, "hashtags": []}
{"id": 1150545282935005184, "date": "2019-07-14", "time": "19:19:06", "tweet": "ok pussies thank u for the input", "likes_count": 0, "replies_count": 0, "retweets_count": 0, "hashtags": []}
{"id": 1150545073454682117, "date": "2019-07-14", "time": "19:18:16", "tweet": "People grow up in towns with 2 black people and think we wanna hear their input on social justice", "likes_count": 22, "replies_count": 1, "retweets_count": 3, "hashtags": []}
{"id": 1150545047596650498, "date": "2019-07-14", "time": "19:18:10", "tweet": "P0552 2010 FORD FUSION - Power Steering Pressure Sensor Circuit Low Input  https://t.co/HyXWqErFO3 #autocodes  https://t.co/tDP4BPlpqO", "likes_count": 0, "replies_count": 0, "retweets_count": 0, "hashtags": ["autocodes"]}
{"id": 1150544998233804800, "date": "2019-07-14", "time": "19:17:58", "tweet": "@SStewart500 @LindseyGrahamSC @realDonaldTrump @RandPaul @sendavidperdue Thanks for your input, have a nice day", "likes_count": 0, "replies_count": 0, "retweets_count": 0, "hashtags": []}
{"id": 1150544959315030016, "date": "2019-07-14", "time": "19:17:49", "tweet": "Thinking about building a PC. Trying to stay around $800. Here's what I'm thinking: Ryzen 5 2600X B450 Aorus M Corsair Vengeance 16GB 3000mhz 1TB HDD 500GB M.2 SSD GTX 1660 500W PS Any input on parts is appreciated", "likes_count": 1, "replies_count": 1, "retweets_count": 0, "hashtags": []}
{"id": 1150544927849406468, "date": "2019-07-14", "time": "19:17:41", "tweet": "【成長のサイクル】 input output feedback", "likes_count": 0, "replies_count": 0, "retweets_count": 0, "hashtags": []}
{"id": 1150544898497613825, "date": "2019-07-14", "time": "19:17:34", "tweet": "@EliBomBeliGames Not every tweet will garner a response.  And the algorithm can bury them sometimes and other times they will go crazy.  Can't let a few dead tweets get to you.  Also, sometimes people get busy mid conversation or just run out of good input.  Just how Twitter is sometimes.", "likes_count": 1, "replies_count": 1, "retweets_count": 0, "hashtags": []}
{"id": 1150544759393570818, "date": "2019-07-14", "time": "19:17:01", "tweet": "@Elenainspires Thank you .. I appreciate your input.", "likes_count": 1, "replies_count": 0, "retweets_count": 0, "hashtags": []}
{"id": 1150544661813125120, "date": "2019-07-14", "time": "19:16:38", "tweet": "@broganbyrne4 It’s that kind of morbid fascination and voyeurism that gives appeal to those type of reality shows, plus having input into who stays/goes and that weird interest in other peoples love lives. I think that’s kinda the basis, coming from someone who hates big brother but watches LI", "likes_count": 1, "replies_count": 1, "retweets_count": 0, "hashtags": []}
{"id": 1150544637754585093, "date": "2019-07-14", "time": "19:16:32", "tweet": "Last valid input: 2019-07-15 08:16:23.342820 Temperature: 29.00 C Humidity: 75.00 %", "likes_count": 0, "replies_count": 0, "retweets_count": 0, "hashtags": []}
{"id": 1150544469223063552, "date": "2019-07-14", "time": "19:15:52", "tweet": "Lucky Master have fun. What are you waiting for? Download it, input the refer code DYM4KDX to get reward.", "likes_count": 0, "replies_count": 0, "retweets_count": 0, "hashtags": []}
{"id": 1150544468812206085, "date": "2019-07-14", "time": "19:15:52", "tweet": "@Rigel037 Thank you.. I appreciate your input", "likes_count": 1, "replies_count": 0, "retweets_count": 0, "hashtags": []}
{"id": 1150544449505759234, "date": "2019-07-14", "time": "19:15:47", "tweet": "Most exceptional outcomes have input and contribution from  unrecognized people behind the scenes. #highperformance  A national effort: Apollo 11 moon landing was made possible by 400,000 workers  https://t.co/XY3YMNECfI via ⁦@USATODAY⁩", "likes_count": 1, "replies_count": 0, "retweets_count": 0, "hashtags": ["highperformance"]}
{"id": 1150544289308401664, "date": "2019-07-14", "time": "19:15:09", "tweet": "@kompasiana @kompascom Jadi salah input", "likes_count": 0, "replies_count": 0, "retweets_count": 0, "hashtags": []}
{"id": 1150544064598740999, "date": "2019-07-14", "time": "19:14:15", "tweet": "@rtbbobcatnation @Airbnb @VisitBendOR @DeschutesBeer @DowntownBend @oldmilldistrict @cruxbrew Great info about Crux. They were on the radar, but sounds like it's the place to be for sunset! I appreciate the input. Guide books are great, but they cannot replace local knowledge.", "likes_count": 1, "replies_count": 0, "retweets_count": 0, "hashtags": []}
{"id": 1150544049495052288, "date": "2019-07-14", "time": "19:14:12", "tweet": "BREAKING: A category 1 hurricane has formed during hurricane season in areas prone to hurricanes.  \"cLImAte cHaNGe OMG\"🎠🎪🌀", "likes_count": 1, "replies_count": 0, "retweets_count": 0, "hashtags": []}
{"id": 1150543766333341696, "date": "2019-07-14", "time": "19:13:04", "tweet": "@SiKo279 @chris_sainty Sure, there are many ways to handle state changes without involving the UI. In the demo in my 1st post, the buttons and the text input handle their own UI and update an injected state that other components share - the parent page/component never calls StateHasChanged", "likes_count": 2, "replies_count": 0, "retweets_count": 0, "hashtags": []}
{"id": 1150543633600397315, "date": "2019-07-14", "time": "19:12:32", "tweet": "It’s official! We are returning to our roots and adopting the colours of the Philadelphia Flyers! Thank you to the members of the rebranding committee who all brought valid opinions and input into the process. The…  https://t.co/M4xzmzbSqS", "likes_count": 0, "replies_count": 0, "retweets_count": 0, "hashtags": []}
{"id": 1150543623265628160, "date": "2019-07-14", "time": "19:12:30", "tweet": "@SonicFox5000 @MTLJer guys could you help me fill some of the tier list? I'm a coder so a created a software that draws tier list for the game based on input (all matchups). I need data to feed this beast tho!  https://t.co/ZUgpl71VMZ", "likes_count": 0, "replies_count": 0, "retweets_count": 0, "hashtags": []}
{"id": 1150543615090921472, "date": "2019-07-14", "time": "19:12:28", "tweet": "@GavinNewsom OMG those damned Finns and their climate denier scientists!!! *circus music plays*  https://t.co/Gja8f1PoCT", "likes_count": 0, "replies_count": 0, "retweets_count": 0, "hashtags": []}
{"id": 1150543380600037377, "date": "2019-07-14", "time": "19:11:32", "tweet": "@DrewBaye @BradSchoenfeld @mackinprof @DrHorwitz @woodchuck412 @Mangan150 Multiple sets  &gt; single setd so minimum two sets due to the benefits of multiple vs single  I should try doing 2 sets to failure instead of 3-4 sets😍 thanks for your input", "likes_count": 0, "replies_count": 1, "retweets_count": 0, "hashtags": []}
{"id": 1150543333229551617, "date": "2019-07-14", "time": "19:11:21", "tweet": "Here's your evening netcode update (though it's morning over here).  This change shows how you can send input history in each packet to cover frames which may have been lost from packet drops.  https://t.co/1i6NrrAEZe", "likes_count": 2, "replies_count": 0, "retweets_count": 0, "hashtags": []}
{"id": 1150543247728680961, "date": "2019-07-14", "time": "19:11:00", "tweet": "One thing I learned earlier this week was that even if you set your input element’s type to number you can still type “e”. Reason being is because it’s Euler’s number and allows for exponents. To prevent that, just call `e.preventdefault()` for the onkeydown event callback #html", "likes_count": 4, "replies_count": 1, "retweets_count": 1, "hashtags": ["html"]}
{"id": 1150543202690244608, "date": "2019-07-14", "time": "19:10:50", "tweet": "@ajitnewyork @DanRather @Nievenegro He was replying to their hateful rhetoric toward our country. What he told them was to go back to their crappy country that they or their parents escaped from and make a difference there. Then come back here and give your input to how our nation could be better.", "likes_count": 1, "replies_count": 0, "retweets_count": 0, "hashtags": []}
{"id": 1150543131772743680, "date": "2019-07-14", "time": "19:10:33", "tweet": "7月下旬ですね。 □知識のinputとoutput(8:2) □心と身体を軽くする □女性を楽しむ", "likes_count": 2, "replies_count": 0, "retweets_count": 0, "hashtags": []}
{"id": 1150543101758509056, "date": "2019-07-14", "time": "19:10:26", "tweet": "@GeraldoRivera @realDonaldTrump @AOC @RashidaTlaib @AyannaPressley @Ilhan @POTUS Your input is meaningless and your opinion worthless. I notice that you love to criticize honesty and direct, unfiltered truth. I happen to appreciate it.", "likes_count": 0, "replies_count": 0, "retweets_count": 0, "hashtags": []}
{"id": 1150543059169480704, "date": "2019-07-14", "time": "19:10:16", "tweet": "@kthorjensen @GeraldoRivera @realDonaldTrump @AOC @RashidaTlaib @AyannaPressley @Ilhan @POTUS Thank you for your intellectual input this evening, #verifiednobody...👍  @Sayachi2010 @onehotcorona @CobraTheCure @njuarez1217 @lindaangel707  https://t.co/h7h8Vw20Jo", "likes_count": 4, "replies_count": 1, "retweets_count": 0, "hashtags": ["verifiednobody"]}
{"id": 1150542983068078080, "date": "2019-07-14", "time": "19:09:57", "tweet": "@Jannier_a @Genius @Wikipedia I appreciate your input. I’ll stick with it being a pre-chorus. A bridge to me is at the end of a song. Usually (but not always) a change of progression leading to a big or emotional ending.", "likes_count": 0, "replies_count": 1, "retweets_count": 0, "hashtags": []}
{"id": 1150542679496953856, "date": "2019-07-14", "time": "19:08:45", "tweet": "@BedoyaBenardo @CheriJacobus trump directed this to American citizens &amp; duly elected congress, who under constitution have input how govt runs, so unless his comments are a self own, it’s racist. His dog whistle comments to fix “their countries” are therefore only b/c they differ from him in race/skin color.", "likes_count": 0, "replies_count": 1, "retweets_count": 0, "hashtags": []}
{"id": 1150542555324583936, "date": "2019-07-14", "time": "19:08:15", "tweet": "@KurosakiCarlos2 @Clutch23DE Preocupante va a ser esto como que no haya un buen online sin input lag.", "likes_count": 1, "replies_count": 0, "retweets_count": 0, "hashtags": []}
{"id": 1150542328337223681, "date": "2019-07-14", "time": "19:07:21", "tweet": "The best way you can design a video game is by rewarding good user input and punishing bad user input with a clear establishment of what good user input is. Go look throughout video game history and all of the best games are designed this way.", "likes_count": 58, "replies_count": 3, "retweets_count": 7, "hashtags": []}
{"id": 1150542187182137349, "date": "2019-07-14", "time": "19:06:48", "tweet": "The Rock isn’t even a comedian &amp; neither is Terry Crews tbh. Not the kind Eddie is anyway. Like they don’t do stand up. They’re just in “funny” roles. Roles that are more than likely written without their help or input whatsoever.", "likes_count": 2, "replies_count": 0, "retweets_count": 0, "hashtags": []}
{"id": 1150542145066921985, "date": "2019-07-14", "time": "19:06:38", "tweet": "@willbdoubtful it wasn't mansplainy at all lol i was asking if something specific was up, you gave your input and clarified your position, you're all good man it's all cash money", "likes_count": 1, "replies_count": 1, "retweets_count": 0, "hashtags": []}
{"id": 1150542041266479104, "date": "2019-07-14", "time": "19:06:13", "tweet": "@riquestark Não tem condições jogar com input lag de 1 segundo, principalmente o recovery do ness", "likes_count": 0, "replies_count": 0, "retweets_count": 0, "hashtags": []}
{"id": 1150541821728006144, "date": "2019-07-14", "time": "19:05:20", "tweet": "Elle your opinions are shared.    Thank for your input.", "likes_count": 0, "replies_count": 0, "retweets_count": 0, "hashtags": []}
{"id": 1150541721685700608, "date": "2019-07-14", "time": "19:04:57", "tweet": "@AMomentsNotice_ For-profit air ambulances like @AMomentsNotice_ are destroying entire lifetimes with the scams of necessity, out-of-network and balance-billing. Read the nightmare stories, and pray you never need them. #SurpriseBilling #HealthcareReform  @realDonaldTrump @POTUS", "likes_count": 2, "replies_count": 0, "retweets_count": 0, "hashtags": ["surprisebilling", "healthcarereform"]}
{"id": 1150541587379838987, "date": "2019-07-14", "time": "19:04:25", "tweet": "@SykesCharlie They won't Charlie. They wont because they are afraid, they are unamerican, and value their position (political or otherwise) more than the values that we uphold in this country.  Btw, thank you sir for being outspoken as you are. I value your effort and input!", "likes_count": 0, "replies_count": 0, "retweets_count": 0, "hashtags": []}
{"id": 1150541534602891264, "date": "2019-07-14", "time": "19:04:12", "tweet": "@dalehay If your happy and you know it, invalid input string 😍", "likes_count": 2, "replies_count": 0, "retweets_count": 1, "hashtags": []}
{"id": 1150541414691987457, "date": "2019-07-14", "time": "19:03:43", "tweet": "@Rebelgawd_ @ANGELCUCCl  https://t.co/XnmaJcDPer I just googled around but I just tried out this site and it’s accurate! Just input your birth info", "likes_count": 2, "replies_count": 0, "retweets_count": 0, "hashtags": []}
{"id": 1150541264800092160, "date": "2019-07-14", "time": "19:03:08", "tweet": "♥️ en Input Boliche Palermo  https://t.co/auT0acoyGm", "likes_count": 0, "replies_count": 1, "retweets_count": 0, "hashtags": []}
{"id": 1150541259808768000, "date": "2019-07-14", "time": "19:03:07", "tweet": "@BestStephen @jdouglaslittle Good, I’m sure it’ll let us know. That’s a key input we must monitor, along with emerging technologies and what other countries are doing.", "likes_count": 0, "replies_count": 0, "retweets_count": 0, "hashtags": []}
{"id": 1150541101947850753, "date": "2019-07-14", "time": "19:02:29", "tweet": "Michigan Seeks Input On Adopting Duty of Technology Competence  https://t.co/8JvLJluhll", "likes_count": 0, "replies_count": 0, "retweets_count": 0, "hashtags": []}
{"id": 1150540791053344768, "date": "2019-07-14", "time": "19:01:15", "tweet": "@hippierunner 100% this. Metro bus study &amp; community input that happen too close to work/commute hrs are tough to get to. They say you can write in, but who has time?", "likes_count": 2, "replies_count": 0, "retweets_count": 0, "hashtags": []}
{"id": 1150540668743421954, "date": "2019-07-14", "time": "19:00:46", "tweet": "Take yo input n make an impact 💯#HNM🏁", "likes_count": 0, "replies_count": 0, "retweets_count": 0, "hashtags": ["hnm"]}
{"id": 1150540548312317954, "date": "2019-07-14", "time": "19:00:17", "tweet": "[Prime] Assistant vocal Amazon Echo Input - Noir 19.99€ au lieu de 39.99€ soit 50% d'économie, à saisir vite! Retour de cet excellent prix, avec toujours -1€ en livraison lente, donc 18,99 &amp;lt…   https://t.co/mqjhmUmbXp  https://t.co/S68ZQhGaaQ", "likes_count": 0, "replies_count": 0, "retweets_count": 0, "hashtags": []}
{"id": 1150540539600801792, "date": "2019-07-14", "time": "19:00:15", "tweet": "Trying to make future plans with lb is so annoying 🙄! Everything I say she just goes along with it and says what ever you want baby😑😑😑 🗣🗣 I need input!", "likes_count": 0, "replies_count": 0, "retweets_count": 0, "hashtags": []}
{"id": 1150540489143271431, "date": "2019-07-14", "time": "19:00:03", "tweet": "Online survey seeks input on state-wide walking, biking plan  https://t.co/WYdtqt0CfN", "likes_count": 1, "replies_count": 1, "retweets_count": 7, "hashtags": []}
{"id": 1150540453063905280, "date": "2019-07-14", "time": "18:59:54", "tweet": "@AnthonyBowenMON For sure.  It is i13 though. You have one input frame for the step then you let it go.", "likes_count": 1, "replies_count": 0, "retweets_count": 0, "hashtags": []}
{"id": 1150540279314833408, "date": "2019-07-14", "time": "18:59:13", "tweet": "@jsebastianzm @CPSolvers Thank you so much for your input!", "likes_count": 2, "replies_count": 0, "retweets_count": 0, "hashtags": []}
{"id": 1150540163812122624, "date": "2019-07-14", "time": "18:58:45", "tweet": "@Hands0nDeck I’d rather not... but thanks for your input, it’s greatly appreciated 😉", "likes_count": 0, "replies_count": 1, "retweets_count": 0, "hashtags": []}
{"id": 1150539943233691648, "date": "2019-07-14", "time": "18:57:53", "tweet": "@andrewkiimm @KreigerKyle @KyleKreiger @kylekreiger1 Thank you for this valuable input", "likes_count": 2, "replies_count": 0, "retweets_count": 0, "hashtags": []}
{"id": 1150539599267225603, "date": "2019-07-14", "time": "18:56:31", "tweet": "You condone lawlessness. I choose now which laws adhere to me. Goid to know. Will you pluease use your platform to tell me how to avoid legal consequences. I feel like stealing a car or maybe breaking and entering. Thanks for your input.", "likes_count": 0, "replies_count": 0, "retweets_count": 0, "hashtags": []}
{"id": 1150539568086736896, "date": "2019-07-14", "time": "18:56:23", "tweet": "Last valid input: 2019-07-15 07:56:20.585401 Temperature: 29.00 C Humidity: 75.00 %", "likes_count": 0, "replies_count": 0, "retweets_count": 0, "hashtags": []}
{"id": 1150539472787972096, "date": "2019-07-14", "time": "18:56:00", "tweet": "@LaCingara @GregoryScott111 @DrBrianMay Ok thanks for your input.  Still doesnt change my opinion.", "likes_count": 0, "replies_count": 0, "retweets_count": 0, "hashtags": []}
{"id": 1150539422506635266, "date": "2019-07-14", "time": "18:55:48", "tweet": "SO, further on #Myst25thAnniversary, I start up #Revelation for the first time.  ...yeah it's already kind of weird, but the severe graphical update has made EVERYTHING slow down to a crawl and yes, still no directional key input.  This game is already exhausting me.  https://t.co/X3YcNBOa74", "likes_count": 0, "replies_count": 1, "retweets_count": 0, "hashtags": ["myst25thanniversary", "revelation"]}
{"id": 1150539393637027840, "date": "2019-07-14", "time": "18:55:42", "tweet": "@BukaBantuan Saya sering gagal resi otomatis, solusinya gimana?cara input resi manualnya? Kan setingamya pengiriman otomatis", "likes_count": 0, "replies_count": 0, "retweets_count": 0, "hashtags": []}
{"id": 1150539184131719168, "date": "2019-07-14", "time": "18:54:52", "tweet": "@PrestonEllis @OlehKosel It’s why Demps was unsuccessful. He didn’t like to receive any input from Loomis. It’s not like Loomis was gonna give him advice on talent cause that’s not even his NFL forte. But his knowledge running and building a roster I’m sure has it’s advantages", "likes_count": 1, "replies_count": 0, "retweets_count": 0, "hashtags": []}
{"id": 1150539066951327748, "date": "2019-07-14", "time": "18:54:24", "tweet": "@NaclynE @Stealth40k @ragnarock4455 settings -&gt; system -&gt; languages and input -&gt; virtual keyboard -&gt; gboard -&gt; preferences -&gt; haptic feedback on touch", "likes_count": 1, "replies_count": 0, "retweets_count": 0, "hashtags": []}
{"id": 1150538910281240586, "date": "2019-07-14", "time": "18:53:46", "tweet": "@EndGameWW3 I could hear you but I couldn’t join the chat.  I don’t know if that was a technical problem or what. My input:  Half hour shows are best because they fit better with other things in my life.", "likes_count": 0, "replies_count": 0, "retweets_count": 0, "hashtags": []}
{"id": 1150538836457299968, "date": "2019-07-14", "time": "18:53:29", "tweet": "On #DatelinePacific - NZ invites Pacific input on Aid inquiry  https://t.co/9Q4rbhEukI", "likes_count": 1, "replies_count": 0, "retweets_count": 0, "hashtags": ["datelinepacific"]}
{"id": 1150538827993407488, "date": "2019-07-14", "time": "18:53:27", "tweet": "@SpacelySprockit Thanks for the input.", "likes_count": 0, "replies_count": 0, "retweets_count": 0, "hashtags": []}
{"id": 1150538656735735817, "date": "2019-07-14", "time": "18:52:46", "tweet": "@RashidaTlaib And what I would like to know is what experience do any of you @AOC loud mouths spewing hate, anger and racism have that positions you to have any input on how the country is ran?", "likes_count": 0, "replies_count": 0, "retweets_count": 0, "hashtags": []}
{"id": 1150538588930678784, "date": "2019-07-14", "time": "18:52:30", "tweet": "@amberagemusic Wot? No input? Other than tone.  And variable volume.  What do you expect it to do?", "likes_count": 0, "replies_count": 1, "retweets_count": 0, "hashtags": []}
{"id": 1150538579883565056, "date": "2019-07-14", "time": "18:52:28", "tweet": "@ta3giweeb As much as we love to see the boys and they want to see army worldwide. BH is a BUSINESS, they purposely go to larger countries with more people and larger stadiums because they want to make the most $. The boys have no input on which countries they visit.", "likes_count": 0, "replies_count": 0, "retweets_count": 0, "hashtags": []}
{"id": 1150538426824871936, "date": "2019-07-14", "time": "18:51:51", "tweet": "Throwing Items  Drop items by pressing the grab button. Input a direction when you drop an item to throw the item in that direction.", "likes_count": 0, "replies_count": 0, "retweets_count": 0, "hashtags": []}
{"id": 1150555510825000960, "date": "2019-07-14", "time": "19:59:44", "tweet": "Siempre bien hermano 🥂👏 @santihezze en INPUT BA  https://t.co/hlp4n8pm7M", "likes_count": 2, "replies_count": 1, "retweets_count": 0, "hashtags": []}
{"id": 1150555366050226176, "date": "2019-07-14", "time": "19:59:10", "tweet": "Guys please read articles before giving “educated” input. There is not a single piece of circumstantial evidence that the 007 franchise will be headed by a black, fem 007 from this point onward. There’s reports based on hearsay about a scene that may or may not mean anything.", "likes_count": 4, "replies_count": 2, "retweets_count": 0, "hashtags": []}
{"id": 1150555353731534848, "date": "2019-07-14", "time": "19:59:07", "tweet": "@SMCampbell10 @ashleymeaster @XianJaneway Your voice matters and your input is needed...plus, remember, there are Gen Xers recently married that may have received this info. I am so sorry you were taught negative, unhealthy messages!  Congrats on finding your own way with your spouse &amp; rescripting your truth!!!", "likes_count": 3, "replies_count": 0, "retweets_count": 0, "hashtags": []}
{"id": 1150555161246539780, "date": "2019-07-14", "time": "19:58:21", "tweet": "@SaiyanRota Basically same except I won't attack after their combos unless I'm just throwing in a Ki blast super or Additional Input Savage Strike  Something like that to boost the damage of their combo", "likes_count": 0, "replies_count": 1, "retweets_count": 0, "hashtags": []}
{"id": 1150555158582943744, "date": "2019-07-14", "time": "19:58:20", "tweet": "@million_input 千里はいらんなぁ", "likes_count": 1, "replies_count": 1, "retweets_count": 0, "hashtags": []}
{"id": 1150555134365184000, "date": "2019-07-14", "time": "19:58:14", "tweet": "@C9Mang0 Just don't input forward 100% of the time uwu", "likes_count": 7, "replies_count": 0, "retweets_count": 0, "hashtags": []}
{"id": 1150555001216995335, "date": "2019-07-14", "time": "19:57:43", "tweet": "Lucky Fishing have fun. What are you waiting for? Download it, input the refer code 3JBSVE5 to get reward.", "likes_count": 0, "replies_count": 0, "retweets_count": 0, "hashtags": []}
{"id": 1150554961144688642, "date": "2019-07-14", "time": "19:57:33", "tweet": "I love when an athlete I know posts a video of them training or competing only to have people I have never heard of that follow them tell them what they are doing wrong.  I’m fairly sure they and their coach have a set plan and don’t need input from GOTphan316 or whomever you are", "likes_count": 1, "replies_count": 0, "retweets_count": 0, "hashtags": []}
{"id": 1150554915787251712, "date": "2019-07-14", "time": "19:57:22", "tweet": "@HernandezAdam I don’t need to understand why your president is locking children and familes away, putting up a muslim ban, and banning transgender people from joining the army, etc!! thx for ur input tho", "likes_count": 10, "replies_count": 0, "retweets_count": 0, "hashtags": []}
{"id": 1150554873777336323, "date": "2019-07-14", "time": "19:57:12", "tweet": "@VP @CBP @HHSGov Thanks for the input Heinrich Himmler, I mean Mr. Pence.   https://t.co/kM8VfP9qWF", "likes_count": 0, "replies_count": 0, "retweets_count": 0, "hashtags": []}
{"id": 1150554718785196033, "date": "2019-07-14", "time": "19:56:35", "tweet": "Last valid input: 2019-07-15 08:56:28.717363 Temperature: 29.00 C Humidity: 75.00 %", "likes_count": 0, "replies_count": 0, "retweets_count": 0, "hashtags": []}
{"id": 1150554613071917061, "date": "2019-07-14", "time": "19:56:10", "tweet": "Go to  https://t.co/sg0fMjjJFX on your iPhone/iPod Safari, input my code c22149067.  https://t.co/PFWCvWwD42", "likes_count": 0, "replies_count": 0, "retweets_count": 0, "hashtags": []}
{"id": 1150554396159348736, "date": "2019-07-14", "time": "19:55:18", "tweet": "You might want to make sure your comment code runs before includes, or vice versa. There are similar swelling patterns in writing files, generating packets of update data for network entities, handling player input in games, UI animations and other user feedback.", "likes_count": 0, "replies_count": 0, "retweets_count": 0, "hashtags": []}
{"id": 1150554378102890497, "date": "2019-07-14", "time": "19:55:14", "tweet": "@westsiderag @TransAlt @rich1 @CB7Manhattan Great, please let me know if I can provide more input. I’ve seen some near misses. Cyclist collisions are especially more likely, because some of them can easily get up those hills but many cannot, resulting in riders of wildly varying speeds going up the hills.", "likes_count": 0, "replies_count": 1, "retweets_count": 0, "hashtags": []}
{"id": 1150554314643050502, "date": "2019-07-14", "time": "19:54:59", "tweet": "The Chomping-your-lines pattern is about trimming input lines of unnecessary whitespace. Once you make it a pattern, you can consider keeping the change so writing back with no change is still possible.", "likes_count": 0, "replies_count": 1, "retweets_count": 0, "hashtags": []}
{"id": 1150554314177466374, "date": "2019-07-14", "time": "19:54:59", "tweet": "(NETCORE_ENGINEERING_TELEMETRY=InitializeToolset) Exception calling \".ctor\" with \"1\" argument(s): \"Input string was not in a correct format.\" ????????????????????????????????????????????????????????????????????????", "likes_count": 0, "replies_count": 0, "retweets_count": 0, "hashtags": []}
{"id": 1150554305570754561, "date": "2019-07-14", "time": "19:54:57", "tweet": "This is low memory and can be a good pattern for situations where you cannot load all your data in one go, or you care about latency enough that you must offer a way to be nearly done when the final input is provided.", "likes_count": 0, "replies_count": 1, "retweets_count": 0, "hashtags": []}
{"id": 1150554297555456000, "date": "2019-07-14", "time": "19:54:55", "tweet": "@HeidiRichards @ShedtheBitch Thank you so much @HeidiRichards    I greatly appreciate your input and share!!!!", "likes_count": 1, "replies_count": 0, "retweets_count": 0, "hashtags": []}
{"id": 1150553829408149504, "date": "2019-07-14", "time": "19:53:03", "tweet": "Input Meets SWING at Go Beach Club  https://t.co/1t2WchSeDj en #Barcelona #music #dj", "likes_count": 1, "replies_count": 0, "retweets_count": 0, "hashtags": ["barcelona", "music", "dj"]}
{"id": 1150553802573058051, "date": "2019-07-14", "time": "19:52:57", "tweet": "@captscorch @mozz44 @forthemasses @try_thinking @keigh_see @gluino78 @badibulgator @earther_the @hugh_bothwell @NothingSirius @flatearthboy @DanielB59756947 @geoff_wales @hollyhaygood @WeAreWakinUp @KeighseeToo @danielmhenry @ColdDimSum @Rokro15 @Fr1nk3 @thatfrootybri @NonsenseFlat @maxsec @LogicalReterg @BrookerA69 @siirii @jbrownridge @kmtildsley @OzScorch @FLATHORIZON @UnCastellsMes @AitorCM2018 @mistymoonlite88 @Kompromat9 @flerfrates @Captainswoop1 @itsallflat @EmptyGreenPants @bernhollow @GDiFulgo @TakeThatGravity @earthisaglobe @debiacharya1969 @CallMeEOnly @CobraElDiablo @CavemanOoga @USMCNoggin @e_cronrath @manamiangry The G command would be the on that you manually input the X for each pass with the G command. You picking each depth of cut. But changing the starting Z or delay to shift the Z to do these funny things.", "likes_count": 0, "replies_count": 1, "retweets_count": 0, "hashtags": []}
