{"id": 1191505356632887296, "date": "2019-11-04", "time": "18:59:48", "tweet": "My favorite thing to do is to input the grades I think I will get and see my grade get higher even though I got no business inputting 100% on every assignment 😂😂", "likes_count": 1, "replies_count": 0, "retweets_count": 0, "hashtags": []}
{"id": 1191505328871034880, "date": "2019-11-04", "time": "18:59:42", "tweet": "Cha Cha hope the end is way off !! We would miss your input and comments !", "likes_count": 1, "replies_count": 0, "retweets_count": 0, "hashtags": []}
{"id": 1191505256502497280, "date": "2019-11-04", "time": "18:59:24", "tweet": "@doylero1 @iamstevenico Ok thanks for your input...much worthless", "likes_count": 2, "replies_count": 2, "retweets_count": 0, "hashtags": []}
{"id": 1191505219575635968, "date": "2019-11-04", "time": "18:59:16", "tweet": "Western Online Retail culture is having arbitrarily short input text boxes because white people who designed the website expected everyone around the world to have short (western-formatted) addresses.", "likes_count": 0, "replies_count": 1, "retweets_count": 0, "hashtags": []}
{"id": 1191505112457310208, "date": "2019-11-04", "time": "18:58:50", "tweet": "Restoration Survey  Now that the new middle school has been built, JSD is in the beginning stages of demolishing the old middle school. This survey is intended to reach out to the Jefferson Community for input on this space.   https://t.co/bWhk4B86nW", "likes_count": 0, "replies_count": 0, "retweets_count": 0, "hashtags": []}
{"id": 1191505094249996296, "date": "2019-11-04", "time": "18:58:46", "tweet": "Adding some narrow band native transmitting modes for pluto firmware : last one is freedv. Audio input comes from network : PC, phone... Could be a good companion to Ethernet-to-the-feed from @f4dav.  https://t.co/swS5gqsNKp", "likes_count": 48, "replies_count": 0, "retweets_count": 15, "hashtags": []}
{"id": 1191505089279746048, "date": "2019-11-04", "time": "18:58:45", "tweet": "@ZiziSulkin @IllusionsSister @joannasams78 Oh that is Sad Zizi, from a community that was so close too. Thanks for your input though. It’s good to talk these feelings out. Good or bad. 😘 night. X", "likes_count": 5, "replies_count": 0, "retweets_count": 0, "hashtags": []}
{"id": 1191505031205285889, "date": "2019-11-04", "time": "18:58:31", "tweet": "@Pixelade Yes! I’ve been telling it so many times! I wish that EA team could include GC more in their game development process too instead of just being an influencer. Though it’s a great WOM marketing tactic,  we need more reliable input into the game development too.", "likes_count": 4, "replies_count": 0, "retweets_count": 0, "hashtags": []}
{"id": 1191504749536768000, "date": "2019-11-04", "time": "18:57:24", "tweet": "Your input always appreciated, before, during, after!", "likes_count": 1, "replies_count": 1, "retweets_count": 0, "hashtags": []}
{"id": 1191504742234521601, "date": "2019-11-04", "time": "18:57:22", "tweet": "Hey Patreon Friends, I've got a question or two up on my patreon page for you to give some input on if poss", "likes_count": 0, "replies_count": 0, "retweets_count": 0, "hashtags": []}
{"id": 1191504439753887744, "date": "2019-11-04", "time": "18:56:10", "tweet": "Server BUMN berbaik hati lah untuk cabang kami :')))  Kami ingin pulang lebih pagi lagi :')))  Kan enak server lancar data di input ke pusat juga lancar", "likes_count": 1, "replies_count": 0, "retweets_count": 0, "hashtags": []}
{"id": 1191504387233009668, "date": "2019-11-04", "time": "18:55:57", "tweet": "Mike Pompeo apparently called Sean Hannity to ask about allegations against ex-Ukraine ambassador Yovanovitch.  State run media is now deciding our foreign policy.  Is there any government official that can run the country without input from Fox News?   https://t.co/uIREEKJpHS", "likes_count": 0, "replies_count": 0, "retweets_count": 0, "hashtags": []}
{"id": 1191504265711357952, "date": "2019-11-04", "time": "18:55:28", "tweet": "@TunnelOfFire updateSelectInput(session, \"input_id_for_var_list\", choices = names(data))", "likes_count": 0, "replies_count": 0, "retweets_count": 0, "hashtags": []}
{"id": 1191504243292700672, "date": "2019-11-04", "time": "18:55:23", "tweet": "Thank you to everyone who attended our first meeting on crime and community safety and provided their input. The next one is tomorrow at 10am at RDC. Full meeting schedule on  https://t.co/2ywBvYVegc #reddeer  https://t.co/AlxZJbY242", "likes_count": 7, "replies_count": 0, "retweets_count": 3, "hashtags": ["reddeer"]}
{"id": 1191504170299412481, "date": "2019-11-04", "time": "18:55:05", "tweet": "@Warding @Cuckwin honestly im perfectly okay with only having 400 pokemon or whatever i just dont want them to treat me like a 4 year old with a 3 hour tutorial that gives you 10 seconds of input at a time in between cutscenes and forced dialogue", "likes_count": 2, "replies_count": 1, "retweets_count": 0, "hashtags": []}
{"id": 1191504161138978818, "date": "2019-11-04", "time": "18:55:03", "tweet": "Tell the U.S. House Select Committee on the Climate Crisis to promote organic agriculture and land care. The Committee is seeking input in the form of responses to 13 questions by November 22.   https://t.co/9oZXEY0yMn  https://t.co/XjIrnbAEMR", "likes_count": 0, "replies_count": 0, "retweets_count": 0, "hashtags": []}
{"id": 1191504140620455936, "date": "2019-11-04", "time": "18:54:58", "tweet": "@Quin_nsfw You should do what you're into. Though if you're still looking for input, i adore your custome Gardes.", "likes_count": 0, "replies_count": 0, "retweets_count": 0, "hashtags": []}
{"id": 1191504111793057794, "date": "2019-11-04", "time": "18:54:51", "tweet": "@HamillHimself  let’s say Luke was a guitarist, do you think his ability would be somewhat affected or no? It’s something I just thought of and would like to know if you have any input, lol.", "likes_count": 0, "replies_count": 0, "retweets_count": 0, "hashtags": []}
{"id": 1191504054435897344, "date": "2019-11-04", "time": "18:54:38", "tweet": "@blu3berr1es I love being mutuals &amp; reading your take on things. I hadn’t been on this account a couple days &amp; just saw your input on the ignorance surrounding DID &amp; schizophrenia. &amp; i- love even more. Also your dragon drawing is *chefs kiss*", "likes_count": 1, "replies_count": 1, "retweets_count": 0, "hashtags": []}
{"id": 1191504038073970688, "date": "2019-11-04", "time": "18:54:34", "tweet": "@Gadgetgirlkylie Precisely, I've noticed that (for some reasons) they can't seem to understand that not everyone plays with a speed run/optimal mindset, but it's so much worse when the player in question is already playing competently which makes their input feel condescending and irritating.", "likes_count": 1, "replies_count": 1, "retweets_count": 0, "hashtags": []}
{"id": 1191504033401454592, "date": "2019-11-04", "time": "18:54:33", "tweet": "@nancynavarrete The way I should have brought my computer to input grades 🤦🏻‍♀️", "likes_count": 0, "replies_count": 1, "retweets_count": 0, "hashtags": []}
{"id": 1191504027827261441, "date": "2019-11-04", "time": "18:54:31", "tweet": "@LindseyGrahamSC You really are grasping at straws.  The impeachment \"trial phase\" is the senate. The \"indictment \" is articles of impeachment (which are not written yet).  in a criminal case the suspect has NO INPUT on the indictment. His day in court will come #LeningradLindsey STFU", "likes_count": 1, "replies_count": 0, "retweets_count": 0, "hashtags": ["leningradlindsey"]}
{"id": 1191504022470971392, "date": "2019-11-04", "time": "18:54:30", "tweet": "recently, i've been at least looking at them and having them in the back of my mind while i eat. thought this was gonna be a unanimous win for \"no\"  also, thank you to the people who vote on my polls. i'm just really curious and getting input, even if anonymous, eases my brain", "likes_count": 0, "replies_count": 0, "retweets_count": 0, "hashtags": []}
{"id": 1191504016938807297, "date": "2019-11-04", "time": "18:54:29", "tweet": "This meeting has wrapped up. Next step is a public input session to be held Nov. 9 at the Libro Centre at 1pm. @Aburg_TownHall council will start budget deliberations the week of Nov. 18 with a goal of approving the final budget in early Dec. #cklw @AM800News  https://t.co/ars545reE3", "likes_count": 1, "replies_count": 0, "retweets_count": 3, "hashtags": ["cklw"]}
{"id": 1191503907568140288, "date": "2019-11-04", "time": "18:54:03", "tweet": "And he won't let Gabriel shittalk him again! He will SO tell Gabriel to fuck off and where exactly he could stick his opinion  thank you very much for your input Gabriel, but the door is over there, good bye!", "likes_count": 0, "replies_count": 0, "retweets_count": 0, "hashtags": []}
{"id": 1191503812349112320, "date": "2019-11-04", "time": "18:53:40", "tweet": "@JaysonL56 The Jets have not gotten any good input on drafting since Eric Mangini.", "likes_count": 1, "replies_count": 1, "retweets_count": 0, "hashtags": []}
{"id": 1191503790010249218, "date": "2019-11-04", "time": "18:53:35", "tweet": "VBA: How can my function work with two input of row or column vector?  https://t.co/j7iahims5L  https://t.co/kabNYEMQqE", "likes_count": 1, "replies_count": 0, "retweets_count": 1, "hashtags": []}
{"id": 1191503711044034560, "date": "2019-11-04", "time": "18:53:16", "tweet": "If you on my team and you die 1,000 times I’m coming to wherever you are and breaking your input device (controller, kB+m, etc)", "likes_count": 0, "replies_count": 0, "retweets_count": 0, "hashtags": []}
{"id": 1191503628034400256, "date": "2019-11-04", "time": "18:52:56", "tweet": "@glonjess Thanks for the input😇", "likes_count": 1, "replies_count": 0, "retweets_count": 0, "hashtags": []}
{"id": 1191503616881942529, "date": "2019-11-04", "time": "18:52:53", "tweet": "@TTVCenafn54 I used that, input mapper, and the regular steam input and I had the same issue. So the problem may be with the drivers.", "likes_count": 0, "replies_count": 2, "retweets_count": 0, "hashtags": []}
{"id": 1191503550968287232, "date": "2019-11-04", "time": "18:52:38", "tweet": "Saat membuka Google Spreadsheet yang dilakukan adalah:  Input data ❌ Ngerjain perhitungan dana ❌ Chatting sama yang lagi online juga di spreadsheet ✔  https://t.co/9KWIyZbLmo", "likes_count": 2, "replies_count": 0, "retweets_count": 0, "hashtags": []}
{"id": 1191503145093853184, "date": "2019-11-04", "time": "18:51:01", "tweet": "@RBReich And Amazon input $1 million buckaroos to the Seattle City Council race. To get rid of liberals he doesn't like.", "likes_count": 0, "replies_count": 0, "retweets_count": 0, "hashtags": []}
{"id": 1191503114697920512, "date": "2019-11-04", "time": "18:50:54", "tweet": "@tammy Most of my cable problems stem from the source or input area. If you click that button on the remote, you’ll probably find tv again.", "likes_count": 0, "replies_count": 2, "retweets_count": 0, "hashtags": []}
{"id": 1191502869758918656, "date": "2019-11-04", "time": "18:49:55", "tweet": "@Ayriath Haha, thanks for the input, I just gotta be more careful when I set things up 😂", "likes_count": 0, "replies_count": 0, "retweets_count": 0, "hashtags": []}
{"id": 1191502852696313858, "date": "2019-11-04", "time": "18:49:51", "tweet": "@al_exs_ Streaming and Gaming PCs both output via SPDIF to DAC boxes to RCA-&gt;1/4\" TRS to Mackie 802VLZ4 mixer where mixed together w/ mic, routed from mixer back in through Scarlett 2i4 into streaming PC which only has OBS listening to its input to avoid looping.", "likes_count": 20, "replies_count": 1, "retweets_count": 2, "hashtags": []}
{"id": 1191502831301414913, "date": "2019-11-04", "time": "18:49:46", "tweet": "Frank Lampard: ‘Attitude, Preparation and Input Must Stay the Same’ Ahead of Ajax Champions... Read The Full Article Here:  https://t.co/Td8fhCpoAP   #FootyNews #FootballNews #SoccerNews", "likes_count": 0, "replies_count": 0, "retweets_count": 0, "hashtags": ["footynews", "footballnews", "soccernews"]}
{"id": 1191502814771654657, "date": "2019-11-04", "time": "18:49:42", "tweet": "@eunseoeoeoeoeo Haha maybe it’s cause on one end of the spectrum I’m hyper but I also just wanna do my own thing instead of doing what I should do 🤔😂 Thanks for giving me your input~  https://t.co/vpX0kkVsdl", "likes_count": 0, "replies_count": 0, "retweets_count": 0, "hashtags": []}
{"id": 1191502791342264320, "date": "2019-11-04", "time": "18:49:37", "tweet": "@AWSSupport Thank you. My input is actually pretty simple, myself and as I imagine most of your users want to see what was the exception via CloudW. This includes error message, and dozens of line around that massage for debugging. We can literally do hundreds of things, except that.", "likes_count": 0, "replies_count": 1, "retweets_count": 0, "hashtags": []}
{"id": 1191502738867146753, "date": "2019-11-04", "time": "18:49:24", "tweet": "@MikeOlbinski @AppleTV It stays dim if you use appletv prior to changing input settings? Have you tried playing a show to see if it lights up? I agree it seems like a buggy power standby. My other thought is the receiver always on? Have you changed volume to see if it lights up?", "likes_count": 0, "replies_count": 0, "retweets_count": 0, "hashtags": []}
{"id": 1191502674912407553, "date": "2019-11-04", "time": "18:49:09", "tweet": "@dawn_rainbow @_LususNaturae_ we would love to hear input on ways we can improve and make the con better. please send an email to feedback@pacanthro.org ^_^", "likes_count": 0, "replies_count": 0, "retweets_count": 0, "hashtags": []}
{"id": 1191502529277898758, "date": "2019-11-04", "time": "18:48:34", "tweet": "@Viss If you assume that the 'data' is only alphanumeric characters, and you don't mind a little wait: sed -e 's/[A-Za-z0-9]//g' input.txt|sort -u", "likes_count": 3, "replies_count": 0, "retweets_count": 0, "hashtags": []}
{"id": 1191502319424352257, "date": "2019-11-04", "time": "18:47:44", "tweet": "@uwunium My input only hurt you. I shouldn't have said anything. I'll leave before I make this any worse.", "likes_count": 0, "replies_count": 0, "retweets_count": 0, "hashtags": []}
{"id": 1191502225887125506, "date": "2019-11-04", "time": "18:47:22", "tweet": "@BitmapBureau Thanks, it's a Commodore 1084 Monitor with a modified Euroscart input that I usually use with my A500. Waiting for the physical copy now. Congratulations 👍", "likes_count": 2, "replies_count": 0, "retweets_count": 0, "hashtags": []}
{"id": 1191502198863216640, "date": "2019-11-04", "time": "18:47:15", "tweet": "They didn’t ban treasure cruise so I’m playing flap flaps but ty for your input 😂", "likes_count": 13, "replies_count": 1, "retweets_count": 0, "hashtags": []}
{"id": 1191501922437492737, "date": "2019-11-04", "time": "18:46:10", "tweet": "Equity Residential EVP Chief Information Officer: $1.18m  https://t.co/1zLvtGGTuB  O'Reily Automotive, Inc Exec Vice COB: $21.15m  https://t.co/W3h5v5V1dz Op ex/sale, input $2.75m  O'Reily Automotive, Inc Chairman of Board: $11.7m  https://t.co/wlIt1OdfXF Op ex/sale, input $204k  https://t.co/8Gv8Pd0GyC", "likes_count": 0, "replies_count": 0, "retweets_count": 0, "hashtags": []}
{"id": 1191501524586893312, "date": "2019-11-04", "time": "18:44:35", "tweet": "@Alices_Gifts Thank You Alice. I totally agree with you. When he 1st told me it went right over my head. Like he spoke gibberish. Out of all the thoughts I think daily that one was Unreal. I had to manually input this info. In my brain &amp; remind myself verbally. My husband doesn’t have any Pain", "likes_count": 0, "replies_count": 0, "retweets_count": 0, "hashtags": []}
{"id": 1191501379640053760, "date": "2019-11-04", "time": "18:44:00", "tweet": "@Green_Star42 I really like this suggestion man! I'll look into this! Thank you for your input.", "likes_count": 0, "replies_count": 0, "retweets_count": 0, "hashtags": []}
{"id": 1191501375206637568, "date": "2019-11-04", "time": "18:43:59", "tweet": "@Ken_Deep I think the game subtly did a lot of things to make it beginner-friendly, like reducing pushback from normals and command normals for easier confirm, increasing input buffer for special moves, reducing the amount of proximity normals, etc. I'm just glad that it's my first FG.", "likes_count": 1, "replies_count": 0, "retweets_count": 0, "hashtags": []}
{"id": 1191501217224175616, "date": "2019-11-04", "time": "18:43:21", "tweet": "so on destiny console dosnt support mnk (without a xim ofc) but your aloud use a controller on pc I just don't get it never thought id complain about a controller because mnk is just the better input but  weapons such as snipers and chaperone are just broken on controllers pc", "likes_count": 3, "replies_count": 2, "retweets_count": 0, "hashtags": []}
{"id": 1191501184747606016, "date": "2019-11-04", "time": "18:43:14", "tweet": "New Sealed Allen Bradley 1756-IT6I /A ControlLogix Thermocouple/mV Input 6-Pt  https://t.co/YJIxMVkK4I  $799.00 End Date: Wednesday Dec-4-2019 15:32:24 PST Buy It Now for only: $799.00 Buy It Now | Add to watch list", "likes_count": 0, "replies_count": 0, "retweets_count": 0, "hashtags": []}
{"id": 1191501183355179008, "date": "2019-11-04", "time": "18:43:13", "tweet": "New Sealed Allen Bradley 1756-IF16 Series /A ControlLogix Current/Volt Input  https://t.co/DLOm5tmE6x  $919.00 End Date: Wednesday Dec-4-2019 15:36:19 PST Buy It Now for only: $919.00 Buy It Now | Add to watch list", "likes_count": 0, "replies_count": 0, "retweets_count": 0, "hashtags": []}
{"id": 1191501182105079810, "date": "2019-11-04", "time": "18:43:13", "tweet": "🦃 Pre-Owned 2018 Hyundai Accent SE   - ONLY $175  A MONTH!  🍂Back-Up Camera  🍂Bluetooth  🍂USB and MP3 auxiliary input jack   More info:  https://t.co/DjJcg7LFW3   🏃‍♂️🏃‍♀️ Drop by for a free test drive at 6139 Bandera Rd, San Antonio, TX 78238📍  ☎️ 210-960-3157  https://t.co/5zlSbuZtur", "likes_count": 0, "replies_count": 0, "retweets_count": 0, "hashtags": []}
{"id": 1191501049070268416, "date": "2019-11-04", "time": "18:42:41", "tweet": "@ShockwaveOcto Your input does not matter, Tailasy-Kun. Even if my identity is revealed you'll still be punished.", "likes_count": 0, "replies_count": 0, "retweets_count": 0, "hashtags": []}
{"id": 1191500945256960000, "date": "2019-11-04", "time": "18:42:17", "tweet": "@Vogel_Liebe @LitaTweets Yeah I can’t stand that either. It’s nonsense. They may have a different approach on some things but that doesn’t make things right or wrong. It just makes if different. At some point someone needs to just be better. Easy for me to say I guess. I love your thoughtful input though", "likes_count": 1, "replies_count": 0, "retweets_count": 0, "hashtags": []}
{"id": 1191500903997747200, "date": "2019-11-04", "time": "18:42:07", "tweet": "@daddy_conqueror @mvnuthoughts Thanks for your input! I’m currently meeting with students one on one to gain insight. In the spring, I will be arranging small group sessions to discuss this very thing. That data will inform the content and shape of spiritual formation at Mvnu going ahead. Lunch next week?", "likes_count": 6, "replies_count": 1, "retweets_count": 0, "hashtags": []}
{"id": 1191500736850538497, "date": "2019-11-04", "time": "18:41:27", "tweet": "@shaunking @NYCMayor \"Get input from the city...\"  Who of the 8+ million people is \"the city\". The loudest voices?  \"The protection racket don didn't ask ME who the next underboss should be....waahhh!\"  Your outrage is kind of funny to those of us who recognize the master/slave relationship in gov.", "likes_count": 0, "replies_count": 0, "retweets_count": 0, "hashtags": []}
{"id": 1191500666700750849, "date": "2019-11-04", "time": "18:41:10", "tweet": "@DrContextMKII @roebruh @CorBond_ so maybe its a new build just a thought  although theres one situation where it could potentially happen afaik grounded shoryuken in the 4th slot of the move queue can replicate it of course dont know if its an input one or what", "likes_count": 0, "replies_count": 1, "retweets_count": 0, "hashtags": []}
{"id": 1191500663512895488, "date": "2019-11-04", "time": "18:41:09", "tweet": "@BlueIndigo11 @oracleofliberty @ronnissance @JoeNBC Exactly how would you apply the scientific method? Limiting variables is notoriously difficult in dealing with human social interactions and we ate only at the stage of acquiring input not evaluating alternatives.", "likes_count": 1, "replies_count": 0, "retweets_count": 0, "hashtags": []}
{"id": 1191500630516535296, "date": "2019-11-04", "time": "18:41:01", "tweet": "#linux #kernel  Re: [PATCH 2/2] Input: ili210x - add ILI2117 support  https://t.co/9hK4uyxTN5", "likes_count": 0, "replies_count": 0, "retweets_count": 0, "hashtags": ["linux", "kernel"]}
{"id": 1191500508273483776, "date": "2019-11-04", "time": "18:40:32", "tweet": "Vote please, I want your input.", "likes_count": 1, "replies_count": 0, "retweets_count": 0, "hashtags": []}
{"id": 1191500398126870528, "date": "2019-11-04", "time": "18:40:06", "tweet": "Your INPUT is needed! We want to hear what YOUR most problematic insect pests were in 2019:  https://t.co/zavxv1OeMX #WhatAteMyBushels.  https://t.co/GYVDfWJzuD", "likes_count": 1, "replies_count": 0, "retweets_count": 8, "hashtags": ["whatatemybushels"]}
{"id": 1191500353545625602, "date": "2019-11-04", "time": "18:39:55", "tweet": "And frankly, between a manager, bench coach, gm and Mr. Met having input, the only thing that will really happen is even more disagreement and too many alternatives views . Both in game and pre game.", "likes_count": 0, "replies_count": 0, "retweets_count": 0, "hashtags": []}
{"id": 1191500345790337024, "date": "2019-11-04", "time": "18:39:54", "tweet": "@TedLpd Hi Ted. Thanks for the input. I appreciate your thoughts", "likes_count": 0, "replies_count": 1, "retweets_count": 0, "hashtags": []}
{"id": 1191500319957639168, "date": "2019-11-04", "time": "18:39:47", "tweet": "@AnotherSFwriter @Generalyeo I think VP would be good as he is young.  It would be especially good if one of septuagenarians picked him. He might be P a whole lot quicker if they do 1 term or gets ill, etc.  I think Biden would be open to input from Beto on a lot of areas.", "likes_count": 0, "replies_count": 0, "retweets_count": 0, "hashtags": []}
{"id": 1191500284331220992, "date": "2019-11-04", "time": "18:39:39", "tweet": "Materialiaizing Syllables, Adjectives, Verbs, Organically Inspired Explanations DO YOU READ ME? Is ThIs Thing on?  Try chAnging The input.   SORRY just Trying tO keep Thinking Its been a long monday 🐢🦅  https://t.co/CIXudOxrvm", "likes_count": 0, "replies_count": 0, "retweets_count": 0, "hashtags": []}
{"id": 1191500260570488837, "date": "2019-11-04", "time": "18:39:33", "tweet": "@FWordsPod @TitansTape That is disturbing to say the least. So let me get this straight; we got a 1st time OC taking gameplan strategy input from a Defensive minded HC. Based on his supposedly insight of how to attack a defense. No wonder our offensive gameplan stinks. That combo won't produce pts🤦🤷", "likes_count": 0, "replies_count": 1, "retweets_count": 0, "hashtags": []}
{"id": 1191500201858609153, "date": "2019-11-04", "time": "18:39:19", "tweet": "@JWilliamHarris1 @DropTheDie Also, what is Front Story? Because all I see when I look it up is a way a single writer can create a solo stort with no input from anyone else.", "likes_count": 0, "replies_count": 1, "retweets_count": 0, "hashtags": []}
{"id": 1191500149018812418, "date": "2019-11-04", "time": "18:39:07", "tweet": "@SarcasticSadOne Yes! I KNOW I HAVE TO INPUT MY... oh shit, I did it wrong", "likes_count": 1, "replies_count": 0, "retweets_count": 0, "hashtags": []}
{"id": 1191499868071768066, "date": "2019-11-04", "time": "18:38:00", "tweet": "Auburn is looking for community input on distributing federal community development grant funds from HUD over the next 5 years.  Please fill out the survey and provide feedback on which programs you think would best help City of Auburn residents.  https://t.co/BiEXg0SJAp", "likes_count": 0, "replies_count": 0, "retweets_count": 0, "hashtags": []}
{"id": 1191499831795011585, "date": "2019-11-04", "time": "18:37:51", "tweet": "A real gamer uses a DualShock controller as a MIDI input device! 🎹🤘😄🎸 #PlayStation4 #MusicMonday  https://t.co/gbv5GTKdeF", "likes_count": 6, "replies_count": 0, "retweets_count": 2, "hashtags": ["playstation4", "musicmonday"]}
{"id": 1191499824316551168, "date": "2019-11-04", "time": "18:37:49", "tweet": "Students have 2 weeks b4 session starts on DiscussionBoard with no lecturer input gives them time to introduce themselves #2019SoLTSymp @SCUonline @SueGregory", "likes_count": 1, "replies_count": 0, "retweets_count": 0, "hashtags": ["2019soltsymp"]}
{"id": 1191499743513452544, "date": "2019-11-04", "time": "18:37:30", "tweet": "@RepLoisFrankel Please support HR 3225—an important step to stop the aggressive sell-off of our lands to fossil fuel companies. This bill would improve protections for national parks and restore opportunities for public input.  https://t.co/RtiLhRWpVE", "likes_count": 0, "replies_count": 0, "retweets_count": 0, "hashtags": []}
{"id": 1191499686731034625, "date": "2019-11-04", "time": "18:37:16", "tweet": "Thinking abut video recording sermons,  not sure about live broadcast, but I’d love anyone’s input into a cost efficient way to get into it.   We are dealing with 75 year old deacons that don’t even use Facebook, so I need to start slow.", "likes_count": 2, "replies_count": 1, "retweets_count": 0, "hashtags": []}
{"id": 1191499679386787853, "date": "2019-11-04", "time": "18:37:15", "tweet": "This is coming from the iPhone 11 with braille screen input!!!! what an amazing thing!!!", "likes_count": 1, "replies_count": 1, "retweets_count": 0, "hashtags": []}
{"id": 1191499481935560704, "date": "2019-11-04", "time": "18:36:28", "tweet": "The solid state relay also can control that contactor and takes its input from the DB9 on the back. Throw some DC on and it should trip - I haven't tested this.  https://t.co/GAFcMd1vKl", "likes_count": 1, "replies_count": 1, "retweets_count": 0, "hashtags": []}
{"id": 1191499461056442368, "date": "2019-11-04", "time": "18:36:23", "tweet": "Tell the U.S. House Select Committee on the Climate Crisis to promote organic agriculture and land care. The Committee is seeking input in the form of responses to 13 questions by November 22.   https://t.co/spQYj7WRSq!", "likes_count": 0, "replies_count": 0, "retweets_count": 0, "hashtags": []}
{"id": 1191499305200209920, "date": "2019-11-04", "time": "18:35:46", "tweet": "Two standard 15A 120V cords. It's 120/208 3 phase input so this is most certainly not correct.  https://t.co/DKeszGI1V8", "likes_count": 1, "replies_count": 1, "retweets_count": 0, "hashtags": []}
{"id": 1191499299177291777, "date": "2019-11-04", "time": "18:35:44", "tweet": "@ibedawn already got one in mind but just wanted to hear some outside input. thanks tho!", "likes_count": 0, "replies_count": 0, "retweets_count": 0, "hashtags": []}
{"id": 1191499108659453955, "date": "2019-11-04", "time": "18:34:59", "tweet": "@EnzoEdmonton We can have a discussion without disparagement. Yes, I agree. However, #ClimateModels depend on data input that can be biased for a desired result. Especially in this over politicized environment.  https://t.co/3dmIJOqTTX", "likes_count": 0, "replies_count": 2, "retweets_count": 0, "hashtags": ["climatemodels"]}
{"id": 1191499053592449024, "date": "2019-11-04", "time": "18:34:46", "tweet": "@matthewjdowd Yeah,this fear of cultural change is getting so tiring, isn’t it? America is thriving because of all the multicultural input in music, dance, the theatre, cuisine, business, engineering, the sciences, humanities, government, astronauts, you name it. Get with it people!", "likes_count": 4, "replies_count": 1, "retweets_count": 0, "hashtags": []}
{"id": 1191498877062569987, "date": "2019-11-04", "time": "18:34:03", "tweet": "@Nash076 I always want these to reframe around how goofball the rotary was as an input system", "likes_count": 4, "replies_count": 2, "retweets_count": 0, "hashtags": []}
{"id": 1191498779553173505, "date": "2019-11-04", "time": "18:33:40", "tweet": "@neonarcadez It sounds like it too. Thanks for your input!", "likes_count": 0, "replies_count": 0, "retweets_count": 0, "hashtags": []}
{"id": 1191498722523394049, "date": "2019-11-04", "time": "18:33:27", "tweet": "@NiqueBlanton @79illwill Ok. Honestly, I think he’s the best Bears GM since Jim Finks. He built a playoff team in just a few years. His biggest disappointment to me has been the lack of importance placed on the OL, but that’s equally on the coaches evaluations and input on team needs.", "likes_count": 0, "replies_count": 0, "retweets_count": 0, "hashtags": []}
{"id": 1191498664495046656, "date": "2019-11-04", "time": "18:33:13", "tweet": "@NAJohnson Great! Thank you for your input, big help!", "likes_count": 1, "replies_count": 0, "retweets_count": 0, "hashtags": []}
{"id": 1191498586309087232, "date": "2019-11-04", "time": "18:32:54", "tweet": "You have one more chance to share your input for our new playground design at JDM Park! We’d love your input on how to make this new park more inclusive &amp; fun.🎢🏞️  Nov. 7 6:00-8:00PM Orchard City Banquet Hall  For more info on the project, visit:   https://t.co/6kVY0ph8lE  https://t.co/xGjNZEnuAS", "likes_count": 2, "replies_count": 0, "retweets_count": 0, "hashtags": []}
{"id": 1191498565417238528, "date": "2019-11-04", "time": "18:32:49", "tweet": "I can’t see myself getting this because the first gen elite is so good it’ll likely last me a decade. Like a mouse (mX master), I never thought I’d feel justified in such an expensive input device but elite controller is awesome.", "likes_count": 25, "replies_count": 2, "retweets_count": 0, "hashtags": []}
{"id": 1191498445435092992, "date": "2019-11-04", "time": "18:32:21", "tweet": "Met input van onze collega @sara_geven.", "likes_count": 4, "replies_count": 0, "retweets_count": 0, "hashtags": []}
{"id": 1191498411683352576, "date": "2019-11-04", "time": "18:32:12", "tweet": "@homo_demon A Mamma Mia is the act of doing a True Shoryuken input with Ryu on wake up in Super Smash Bros. Originating from Smash 4, Mamma Mias are great options to take your opponents by surpise! Fast and hard hitting, the opponent will never see Mamma Mias coming and is a great strategy", "likes_count": 2, "replies_count": 1, "retweets_count": 0, "hashtags": []}
{"id": 1191498408277749764, "date": "2019-11-04", "time": "18:32:12", "tweet": "Well I got fired today. No real input as to why. Guess I'll have more time for streaming lol", "likes_count": 0, "replies_count": 1, "retweets_count": 0, "hashtags": []}
{"id": 1191498364841529346, "date": "2019-11-04", "time": "18:32:01", "tweet": "@Dooch2009 Well for one Strasburg is coming off a WS MVP. Has been the better starter for a longer length of time and has better stuff. And for quick input also can lead younger pitchers to help grow and lead a locker room. Instead of Cole who hasn’t shown that ability yet", "likes_count": 0, "replies_count": 2, "retweets_count": 0, "hashtags": []}
{"id": 1191498318993448960, "date": "2019-11-04", "time": "18:31:50", "tweet": "A new emergency rule has been drafted to address how licensed/certified #medicalmarijuana facilities should pay any taxes, fees and penalties due to MO state governmental entities. Public input due Nov. 12 to MMPublicComment@health.mo.gov.  https://t.co/W9WCQSDvuh", "likes_count": 0, "replies_count": 0, "retweets_count": 0, "hashtags": ["medicalmarijuana"]}
{"id": 1191498264987590656, "date": "2019-11-04", "time": "18:31:37", "tweet": "@marian42_ Cool! They are dense surface clouds. Thanks for you input. I should probably stop pestering you and finish reading the paper myself! Out of curiosity, would you have any interest in collaboration on a project with biologists?", "likes_count": 1, "replies_count": 1, "retweets_count": 0, "hashtags": []}
{"id": 1191498222918946817, "date": "2019-11-04", "time": "18:31:27", "tweet": "@Nick28T Zaro probably doesn’t even know he’s been hacked with all the input delay over at EA 😂😂", "likes_count": 104, "replies_count": 0, "retweets_count": 3, "hashtags": []}
{"id": 1191498192120102912, "date": "2019-11-04", "time": "18:31:20", "tweet": "for animation you need to have collaboration and the other staff have to give their input, this is just a gut feeling of mine but it feels like the hazbin hotel pilot didn't allow other staff to give their input and just wanted the staff to do the work they where assigned to", "likes_count": 4, "replies_count": 0, "retweets_count": 0, "hashtags": []}
{"id": 1191498130493247488, "date": "2019-11-04", "time": "18:31:05", "tweet": "In two days, I have gotten 3 votes.  All that would cheer for Trump (the % is great!), but I am shadow banned because only 3 people saw it and took the time to give their input.", "likes_count": 0, "replies_count": 0, "retweets_count": 0, "hashtags": []}
{"id": 1191498069658890240, "date": "2019-11-04", "time": "18:30:51", "tweet": "“So if your daughter was raped you’d make her keep the baby???” (Gotta love horrid hypotheticals)  No. Ideally, I would raise her in such a way that abortion would simply not be an option for her in the first place so there would be no need to give my input.", "likes_count": 91, "replies_count": 23, "retweets_count": 9, "hashtags": []}
{"id": 1191498050461749255, "date": "2019-11-04", "time": "18:30:46", "tweet": "one of the speakers on my record player hasnt been working so we assumed it was wiring but both speakers still work w the radio so then we assumed it was the cartridge or the needles but only one speaker works when i play music through the aux input so i dunno whats wrong anymore", "likes_count": 0, "replies_count": 0, "retweets_count": 0, "hashtags": []}
{"id": 1191497994664677376, "date": "2019-11-04", "time": "18:30:33", "tweet": "Niat malingnya sdh ada ya brrti, bkn sekedar salah ketik atau salah input ya 😩😩  https://t.co/aYpI3ARwYP", "likes_count": 0, "replies_count": 0, "retweets_count": 0, "hashtags": []}
{"id": 1191497886363607040, "date": "2019-11-04", "time": "18:30:07", "tweet": "@homo_demon @homo_demon A Mamma Mia is the act of doing a True Shoryuken input with Ryu on wake up in Super Smash Bros. Originating from Smash 4, Mamma Mias are great options to take your opponents by surpise! Fast and hard hitting, the opponent will never see Mamma Mias coming and is a grea", "likes_count": 3, "replies_count": 1, "retweets_count": 0, "hashtags": []}
{"id": 1191497840796684288, "date": "2019-11-04", "time": "18:29:56", "tweet": "Presenting a terrible option alongside another bad option isn't allowing for users to input their voice well.", "likes_count": 0, "replies_count": 0, "retweets_count": 0, "hashtags": []}
{"id": 1191497826532036608, "date": "2019-11-04", "time": "18:29:53", "tweet": "@LibedinskyLab I would say that paper is in the right direction, though obviously only a very tiny way along. I think AGI does require a single integrated agent that can perform many different tasks flexibly through many different effectors &amp; via many different input modalities.", "likes_count": 0, "replies_count": 1, "retweets_count": 0, "hashtags": []}
{"id": 1191497807384973312, "date": "2019-11-04", "time": "18:29:48", "tweet": "‘So much science’! Gavin Newsom dismisses Trump’s input on California wildfires because of what he does NOT ‘believe in’  https://t.co/bnZ5uwzs58 via @twitchyteam", "likes_count": 0, "replies_count": 0, "retweets_count": 0, "hashtags": []}
{"id": 1191497720437051392, "date": "2019-11-04", "time": "18:29:28", "tweet": "Only a few days left to take part in the Gatehouse’s State of the Sector 2020 survey. We’d love to get your input!  https://t.co/VSvFyxwDzK #stateofthesector  https://t.co/NmibLVTrsd", "likes_count": 0, "replies_count": 0, "retweets_count": 0, "hashtags": ["stateofthesector"]}
{"id": 1191497718343946240, "date": "2019-11-04", "time": "18:29:27", "tweet": "To ensure everyone is paying their fair share toward roadway maintenance, the City is reviewing the Transportation Utility Fee (TUF) and proposing a fee adjustment.  Learn more and share your input by visiting  https://t.co/KmjSfm8sny  https://t.co/MSQDQvzvwF", "likes_count": 3, "replies_count": 0, "retweets_count": 0, "hashtags": []}
{"id": 1191497706147106816, "date": "2019-11-04", "time": "18:29:24", "tweet": "@johndodwyer @SunnyZhia @moneillsf @johnfinucane @CaralNiChuilin @GerryAdamsSF @PaulMaskeyMP @belfastsinnfein @AlexMaskeySF @M_AndersonSF @sinnfeinireland @NiallSF @ChrisHazzardSF @Think32_ No I don't believe you can call it an army council. More of a dynamic interest group. Who may have been around before the ceasefire. They still have an input as would others and as you say of loyalism, can't be ignored.", "likes_count": 0, "replies_count": 1, "retweets_count": 0, "hashtags": []}
{"id": 1191497660387201025, "date": "2019-11-04", "time": "18:29:13", "tweet": "@TheWoodenMan @Journojulz @Danieljfranklin @BestForBritain There is nothing in Steve’s letter to say why the recommendation was changed. Who knows? Could be an input error or a judgement call.", "likes_count": 0, "replies_count": 2, "retweets_count": 0, "hashtags": []}
{"id": 1191497615101374465, "date": "2019-11-04", "time": "18:29:03", "tweet": "#linux #kernel  Re: [PATCH 2/2] Input: ili210x - add ILI2117 support  https://t.co/8FkgMFHhnZ", "likes_count": 0, "replies_count": 0, "retweets_count": 0, "hashtags": ["linux", "kernel"]}
{"id": 1191497356652535808, "date": "2019-11-04", "time": "18:28:01", "tweet": "@andybudd @devinhalladay @clearleft @joulee @lara_hogan @RMBanfield @kimballscott @peterme @bettay Thanks for the input Andy!", "likes_count": 1, "replies_count": 2, "retweets_count": 0, "hashtags": []}
{"id": 1191497355369074689, "date": "2019-11-04", "time": "18:28:01", "tweet": "Opportunities will be available for the public to provide input for the Rick Oden Park Master Plan and the future Skate Park at the upcoming Garland Parks Board meeting and meetings of the Garland City Council (3 dates - see attached).  https://t.co/89MnUByWwn", "likes_count": 1, "replies_count": 0, "retweets_count": 1, "hashtags": []}
{"id": 1191497277900251136, "date": "2019-11-04", "time": "18:27:42", "tweet": "@daniels04841932 @whatajokerlol @SeanGreaves6 @ScotiaroxSmith @amandarosss_ @Cassiiee1997 Ok Dugg who asked for your input", "likes_count": 1, "replies_count": 0, "retweets_count": 0, "hashtags": []}
{"id": 1191497242848452609, "date": "2019-11-04", "time": "18:27:34", "tweet": "@scale_one Interesting... I definitely don’t want that. Might hold off for now... appreciate your input though bro", "likes_count": 1, "replies_count": 1, "retweets_count": 0, "hashtags": []}
{"id": 1191497179086483456, "date": "2019-11-04", "time": "18:27:19", "tweet": "@katrinajax @tashalharrison @Lovebird_Monroe @BGWW_ sorry to butt in but while i have no time let me know if you guys want any input from a bookseller and someone who promos through WOCINR.", "likes_count": 3, "replies_count": 1, "retweets_count": 0, "hashtags": []}
{"id": 1191496988870815744, "date": "2019-11-04", "time": "18:26:33", "tweet": "@alyssakeiko Has @darth because the winter hibernation? Because I need Darth's input on the innocence or guilt of this pup.", "likes_count": 0, "replies_count": 0, "retweets_count": 0, "hashtags": []}
{"id": 1191496952925413378, "date": "2019-11-04", "time": "18:26:25", "tweet": "@EdmontonRtb @CapturingChrist Well here's an example - I'm supposed to find credible a book that (with omniscient input apparently) includes documents that claim to be written by X famous person and aren't.", "likes_count": 0, "replies_count": 1, "retweets_count": 0, "hashtags": []}
{"id": 1191496794640986112, "date": "2019-11-04", "time": "18:25:47", "tweet": "@Aj31012040 Who asked for the 0 follower troll’s input?", "likes_count": 3, "replies_count": 1, "retweets_count": 0, "hashtags": []}
{"id": 1191496602109825025, "date": "2019-11-04", "time": "18:25:01", "tweet": "Give us your feedback on the Retirement Villages Act 1986. Your input is vital to ensure effective consumer protection and continued growth and innovation in the sector. Comment on the issues paper closes 6 December 2019 #EngageVictoria @justice_vic  https://t.co/HAwr5mvlmj  https://t.co/7nHpupDpkW", "likes_count": 0, "replies_count": 0, "retweets_count": 0, "hashtags": ["engagevictoria"]}
{"id": 1191496596501843970, "date": "2019-11-04", "time": "18:25:00", "tweet": "C21Q1 (Cont'd): Create a enrichment schedule that is embedded into the school day!!! Allow Ss to give their input. What clubs, classes do they want to have or participate in? #IISDKidsDeserveIt @PDdesignteam", "likes_count": 2, "replies_count": 0, "retweets_count": 0, "hashtags": ["iisdkidsdeserveit"]}
{"id": 1191496577191419909, "date": "2019-11-04", "time": "18:24:55", "tweet": "O'Rourke asks if this could include something like people with lived experience with addiction and mental health, who may not want to disclose their issues publicly. Clark says yes, and they often seek the input of people with lived experience.", "likes_count": 0, "replies_count": 1, "retweets_count": 0, "hashtags": []}
{"id": 1191496385050431490, "date": "2019-11-04", "time": "18:24:09", "tweet": "@Geezz_Di @ShannonOMac @GilmerHealthLaw @marganina @mattbc @AdyBarkan @MKIttlesonMD *I don’t think my input is generally welcome...", "likes_count": 1, "replies_count": 0, "retweets_count": 0, "hashtags": []}
