{"id": 1182083277768810496, "date": "2019-10-09", "time": "19:59:50", "tweet": "@SeagullSSB rivals already exists tho and it has original characters, fun gimmicks, and no ridiculous input delay", "likes_count": 0, "replies_count": 1, "retweets_count": 0, "hashtags": []}
{"id": 1182083187167510529, "date": "2019-10-09", "time": "19:59:28", "tweet": "@GrizzlyNoaB I need fast, energetic music, without constant input my brain’s gonna lose attention pretty quick", "likes_count": 1, "replies_count": 1, "retweets_count": 0, "hashtags": []}
{"id": 1182083125523947520, "date": "2019-10-09", "time": "19:59:13", "tweet": "@1Madsam @EricDavidStrang @NicolleDWallace You plug one end of an hdmi cable into your cable box or tuner.  The other end of the hdmi cable gets plugged into the input on the splitter.  Then take another hdmi cable and plug one end into one of the outputs on the splitter. The other end goes into your television.  https://t.co/oyixutG1bf", "likes_count": 1, "replies_count": 0, "retweets_count": 0, "hashtags": []}
{"id": 1182083118095712256, "date": "2019-10-09", "time": "19:59:12", "tweet": "@CalleenPetersen That makes a great deal of sense. Thanks for your input. 💚", "likes_count": 0, "replies_count": 0, "retweets_count": 0, "hashtags": []}
{"id": 1182082980044558336, "date": "2019-10-09", "time": "19:58:39", "tweet": "@JibbSmart A controller that can be used just as comfortable on the couch as a gamepad, but still being a mouse / a mouse-style input would change a lot for me - as long as the game is suited/optimized for this kind of controls. I mean, using like 3 btns at once sounds difficult on a mouse", "likes_count": 1, "replies_count": 1, "retweets_count": 0, "hashtags": []}
{"id": 1182082957239930880, "date": "2019-10-09", "time": "19:58:33", "tweet": "@andrehenry I have a high fact finder which means I never take one persons input or view as anything but that: their perspective. Once I’ve read enough to “get it” then I start to get my bearings. Thanks for the convo", "likes_count": 0, "replies_count": 0, "retweets_count": 0, "hashtags": []}
{"id": 1182082873089777665, "date": "2019-10-09", "time": "19:58:13", "tweet": "@LadyLovesTaft Fine thanks for your input. I’m a misogynist. Stick up for the girl who started shit with me. I guess that makes you a illiterate. But what do I know. My entire self esteem isn’t built around feedback from random Twitter followers.", "likes_count": 0, "replies_count": 1, "retweets_count": 0, "hashtags": []}
{"id": 1182082670727053312, "date": "2019-10-09", "time": "19:57:25", "tweet": "@allison_rants From a program standpoint - lots of value in having multiple data points, MMI, resident input etc. this is highly dependent on having the candidates come to the centre to interview here. Is this possible via VC - maybe. Not sure it is as good.", "likes_count": 1, "replies_count": 1, "retweets_count": 0, "hashtags": []}
{"id": 1182082573670834176, "date": "2019-10-09", "time": "19:57:02", "tweet": "Washington State Seeking Stakeholder Input on WAC 296-46B  https://t.co/gEBMvPDKZy  https://t.co/WA3ZEhaWly", "likes_count": 0, "replies_count": 0, "retweets_count": 0, "hashtags": []}
{"id": 1182082566490247168, "date": "2019-10-09", "time": "19:57:00", "tweet": "@mrkpyp @LauraGilchrist4 @drlangraad @jahardman @TechNinjaTodd @pattersonaubrey @kalebrashad @tjvari @tvanderark @AdamKulaas @YongZhaoEd @zpostedu @AdamHillEDU @MrErdoganEDU Chat happens every other week. Can't wait to have your input for the next one on Tuesday morning, October 22nd.", "likes_count": 2, "replies_count": 0, "retweets_count": 0, "hashtags": []}
{"id": 1182082506281099266, "date": "2019-10-09", "time": "19:56:46", "tweet": "@ananavarro Which Republicans are speaking out against Trump?  I see a lot of them speaking out against Turkey and their actions, but seemingly Turkey’s decision to begin massacring the Kurds just happened without any input or approval from Trump.", "likes_count": 0, "replies_count": 0, "retweets_count": 0, "hashtags": []}
{"id": 1182082457367134209, "date": "2019-10-09", "time": "19:56:34", "tweet": "@ktrader07 @religulous That's because you don't know what scholarly support is. What you deem as support doesn't work in the field that you invited yourself into. So your input means zero", "likes_count": 0, "replies_count": 1, "retweets_count": 0, "hashtags": []}
{"id": 1182082412492161024, "date": "2019-10-09", "time": "19:56:23", "tweet": "City Seeks Input on Housing, Community Development  https://t.co/MvSstKTbLg  https://t.co/yvSAJ9RyYd", "likes_count": 0, "replies_count": 0, "retweets_count": 0, "hashtags": []}
{"id": 1182082402396639235, "date": "2019-10-09", "time": "19:56:21", "tweet": "@maryannminnich1 Mary Ann, what was posted are the \"highlights \".  The full report will be released soon.  However, if you live in Michigan I would love to have your input!  Please share.", "likes_count": 1, "replies_count": 1, "retweets_count": 0, "hashtags": []}
{"id": 1182082356330545152, "date": "2019-10-09", "time": "19:56:10", "tweet": "@QueenGuillotine @SlickBoy_Mikey I agree with you both. Thanks for the input", "likes_count": 1, "replies_count": 0, "retweets_count": 0, "hashtags": []}
{"id": 1182082267050590209, "date": "2019-10-09", "time": "19:55:49", "tweet": "@steventberry @ThomasPHI2 What do you think of the argument that Walmart entry  (which likely lowered output prices as suggested by @ThomasPHI2) reduces wages in input market?", "likes_count": 1, "replies_count": 2, "retweets_count": 1, "hashtags": []}
{"id": 1182082186138267648, "date": "2019-10-09", "time": "19:55:29", "tweet": "This 6 frames of lag scenario is still not the whole story, as modern game engines like Unreal 4 tend to have their own inherent input lag. I'd say 6 frames on average among games. So now you are dealing with 12 total frames of input lag on a Stadia game with predictive input.", "likes_count": 0, "replies_count": 1, "retweets_count": 0, "hashtags": []}
{"id": 1182082125413179397, "date": "2019-10-09", "time": "19:55:15", "tweet": "@Dart_Adams I mean yeah, the hell with lists all together, but looking at some of those other picks, your input was desperately needed.", "likes_count": 0, "replies_count": 0, "retweets_count": 0, "hashtags": []}
{"id": 1182081797917745152, "date": "2019-10-09", "time": "19:53:57", "tweet": "maybe you have a product owner but you've never met anyone who would actually use your software. maybe you have sprints but you keep getting handed elaborate wireframes with no input. maybe you're being told you can't fix things that stop you from getting \"actual\" work done", "likes_count": 0, "replies_count": 2, "retweets_count": 0, "hashtags": []}
{"id": 1182081696482709511, "date": "2019-10-09", "time": "19:53:33", "tweet": "Art output is annoying so time for some input via video games", "likes_count": 2, "replies_count": 0, "retweets_count": 0, "hashtags": []}
{"id": 1182081692712001536, "date": "2019-10-09", "time": "19:53:32", "tweet": "SCREENWRITERS, INPUT NEEDED!  I had a young client share with me today three different film concepts that he’s written, one of which I firmly believe, if well done, has Oscar caliber potential written all over...  https://t.co/DZkxmfwEPP", "likes_count": 0, "replies_count": 0, "retweets_count": 0, "hashtags": []}
{"id": 1182081617214558208, "date": "2019-10-09", "time": "19:53:14", "tweet": "@Nintendoubt815 @BrainBleachBot1 @cully4299 OMG, what a weird way to find out Twitter has a brain bleach Bot. This definitely requires the input of @infinite_scream", "likes_count": 2, "replies_count": 1, "retweets_count": 0, "hashtags": []}
{"id": 1182081571257569281, "date": "2019-10-09", "time": "19:53:03", "tweet": "@AngriestPat \"It will input your combo before you have the chance to enter it\"", "likes_count": 0, "replies_count": 1, "retweets_count": 0, "hashtags": []}
{"id": 1182081553167458304, "date": "2019-10-09", "time": "19:52:58", "tweet": "I need help picking a dress, I need someone's input", "likes_count": 0, "replies_count": 0, "retweets_count": 0, "hashtags": []}
{"id": 1182081513439010816, "date": "2019-10-09", "time": "19:52:49", "tweet": "In a theoretical perfect world of &lt;1ms connection latency, this system could work fine, and your biggest problem is still three frames of input lag (render, encode, transmit/display). But say your ping is 50ms (3 frames) then you have 6 total frames of lag to deal with. Messy.", "likes_count": 0, "replies_count": 1, "retweets_count": 0, "hashtags": []}
{"id": 1182081478072647680, "date": "2019-10-09", "time": "19:52:41", "tweet": "@JessicaBodin1 @davalos I feel more like a citizen at UW than a \"subject\" because it is possible to challenge authority here if need be, and I think it's popular to have knowledge and be opinionated about the school's actions, &amp; they often ask for student's opinions/input. #DIS313 #UWJ201", "likes_count": 0, "replies_count": 0, "retweets_count": 0, "hashtags": ["dis313", "uwj201"]}
{"id": 1182081475673391104, "date": "2019-10-09", "time": "19:52:40", "tweet": "@maryzorn @MsTwstd @WXLyfe That's an interesting idea! I'll have to experiment with that. Luckily that's something I thought about myself lol thanks for your input! It's just ashame that we even have to worry about potential work arounds you know? :/", "likes_count": 2, "replies_count": 1, "retweets_count": 0, "hashtags": []}
{"id": 1182081447126958080, "date": "2019-10-09", "time": "19:52:33", "tweet": "Gaze-based input is a bad lowest common form of input in mobile VR. It demands an accurate range of motion and rotation of the head. The timed trigger is either too slow or too fast, depending on the users' age, health, physical location... - @rolanddubois  https://t.co/tr30JZ7qMh", "likes_count": 3, "replies_count": 0, "retweets_count": 2, "hashtags": []}
{"id": 1182081385080774656, "date": "2019-10-09", "time": "19:52:18", "tweet": "It is misconduct when his country is in negotiations and one of which he has no input , he has overstepped his position once again", "likes_count": 0, "replies_count": 0, "retweets_count": 0, "hashtags": []}
{"id": 1182081273285824512, "date": "2019-10-09", "time": "19:51:52", "tweet": "its rollback. like in fighting games. they have an instance of the game wherein you pressed a button rendered alongside the direct input and if u hit that button it switches over to that instance, accounting for the time between predicted and received input to feel seamless", "likes_count": 0, "replies_count": 1, "retweets_count": 0, "hashtags": []}
{"id": 1182081196500631555, "date": "2019-10-09", "time": "19:51:33", "tweet": "Loving google and tools- read and write! I would love anyone's input on what to use in the school with small groups in the room on student's ears- personal amplification systems to hear the speaker and talk in a loud room full of kids! #ATUDL", "likes_count": 2, "replies_count": 0, "retweets_count": 0, "hashtags": ["atudl"]}
{"id": 1182081113881104384, "date": "2019-10-09", "time": "19:51:14", "tweet": "@OldManSin Good point. It's possible that Stadia as a platform could handle all of that at the input layer? That would make it way more attractive to devs at least.", "likes_count": 0, "replies_count": 0, "retweets_count": 0, "hashtags": []}
{"id": 1182080977100779520, "date": "2019-10-09", "time": "19:50:41", "tweet": "Trump has redesigned the presidency into an autocratic dictatorship, where he makes all the decisions without input from our experts, allies or institutions.   Do you think Trump will go gracefully? It is time for all our former presidents to speak out. We are in a crisis, folks.", "likes_count": 0, "replies_count": 0, "retweets_count": 0, "hashtags": []}
{"id": 1182080959610376193, "date": "2019-10-09", "time": "19:50:37", "tweet": "Trump orders agencies to require public input in key 'guidance documents' Basically Trump is trying everything he can to attack regulations that keep ordinary Americans safe and our air, food and water clean.  Trump putting business profit over people.  https://t.co/kWFj8tx8QA", "likes_count": 0, "replies_count": 0, "retweets_count": 0, "hashtags": []}
{"id": 1182080940673249280, "date": "2019-10-09", "time": "19:50:32", "tweet": "@JBoss293 @XcloudTimdog So basically, the game is going to play itself and hope that the local player makes the predicted input?   What fun is that?  https://t.co/BalhomHq0p", "likes_count": 1, "replies_count": 1, "retweets_count": 0, "hashtags": []}
{"id": 1182080904061181952, "date": "2019-10-09", "time": "19:50:24", "tweet": "@terathiel I mean, there's one way they could potentially \"achieve\" that goal, which is to go into *actual* blind prediction and send back the results of input you have yet to send, but at that point you get into some significant problems unless your blind prediction is amazing, of course", "likes_count": 1, "replies_count": 0, "retweets_count": 0, "hashtags": []}
{"id": 1182080767465119744, "date": "2019-10-09", "time": "19:49:51", "tweet": "@coffee_nomimasu 検索のinput自体は文字です！ そして画像のタブに切り替える。  今回の様に商品名がパーフェクトにある場合はこの方法が精度高いやで👴", "likes_count": 1, "replies_count": 1, "retweets_count": 0, "hashtags": []}
{"id": 1182080680001359872, "date": "2019-10-09", "time": "19:49:30", "tweet": "BOSSのRC-30、古いからノイズが凄いと思っていたら中を開けてもきれいで、原因はMICのINPUTがマックスだった。  Kazunori Uekawa - OSAKA / LIVE BEATMAKING &amp; GUITAR LOOPING #9  https://t.co/O65vN0MpTz @YouTubeより", "likes_count": 0, "replies_count": 0, "retweets_count": 0, "hashtags": []}
{"id": 1182080663169536001, "date": "2019-10-09", "time": "19:49:26", "tweet": "Public can give input on proposed Hwy. N/Hwy. Z intersection design at Open House on Oct. 30:  https://t.co/JFbaRV8uOF", "likes_count": 0, "replies_count": 0, "retweets_count": 0, "hashtags": []}
{"id": 1182080612129218560, "date": "2019-10-09", "time": "19:49:14", "tweet": "@SaveTheWorldDE @DIE_GDI @Nick_Nuttall @lahengst @NBramkamp @mail83101169 Thanks for the great input to kick-off our workshop on #art and the #2030Agenda with @DIE_GDI‘s MGG Academy and postgraduate course. I found it truely inspiring! #mggnetwork", "likes_count": 1, "replies_count": 0, "retweets_count": 0, "hashtags": ["art", "2030agenda", "mggnetwork"]}
