{"id": 1207450387667509249, "date": "2019-12-18", "time": "18:59:40", "tweet": "This might sound absurd, but my Mom wants a French rolling pin for Xmax, but there's two options I'm down to: 1.5 inch thick or 1.75 inch thick. ANY INPUT!?", "likes_count": 0, "replies_count": 2, "retweets_count": 0, "hashtags": []}
{"id": 1207450362900369408, "date": "2019-12-18", "time": "18:59:34", "tweet": "4 Administration Officers Jobs in Kenya -  https://t.co/hI6JChp44c  JOB GROUP J- 4 POSITIONS  Responsibilities  Facilitating logistics for conferences and other special events Collecting and collating data on development projects Providing input in the monitoring and eval...", "likes_count": 0, "replies_count": 0, "retweets_count": 1, "hashtags": []}
{"id": 1207450338858536960, "date": "2019-12-18", "time": "18:59:28", "tweet": "@adrianturner01 @willsworldview @jane34312896 @lrochellebeck @faithdefender @FredMacManus @PerfectHolyGod @RobertBrownie @RossGilroy @triggerman1976 @Wolfpak561 @oohglobbits5 @JohnKrahn2 @yourmomspants1 @SBuddie1877 @R0samond @Thohi @Phoenix42505497 @PrinceOfAtheism @Cleisthenes5 @Karlarei2003 @AislygnEliyan @BlunderMark @remnantofisr53 @hauxton @Rev11_5 @geraldpayne25 @magnetronmagne1 @Squawkatoo2 @TimSteppingOut @Foreign_Dude @NotLordByron @adored_2 @lightofthecross @LisaWinslow @CindyJC007 @antallan @Jayy83x @JohnJotink @ToddW29538160 @LindaEver4 @Ghazzalistic @chercher_ai @SaqibMeerOnline @CH88keys @davestewart4444 @wilfredah77 @JoeMDodd85 @kyl_el_hussein And re-read verses 50 and 51; the men in the story decided for her that she would marry her cousin(Isaac).  58 wasn’t the men asking for her input over whether to get married; they were asking if she’d go with the servant that day, or a few days later.  Also, not a rape victim.", "likes_count": 1, "replies_count": 0, "retweets_count": 0, "hashtags": []}
{"id": 1207450138794512389, "date": "2019-12-18", "time": "18:58:41", "tweet": "@graciebaron ‘Thanks for your input’", "likes_count": 0, "replies_count": 0, "retweets_count": 0, "hashtags": []}
{"id": 1207450136189767682, "date": "2019-12-18", "time": "18:58:40", "tweet": "@bbclaurak Sorry but you really should feck off I don’t want any of your input, I did want to swear but it is Christmas week so I will try and refine myself, so just get lost for all your treachery", "likes_count": 2, "replies_count": 0, "retweets_count": 0, "hashtags": []}
{"id": 1207450134373707782, "date": "2019-12-18", "time": "18:58:40", "tweet": "@rebecca_x_t @svechkins I wasn't even thinking about what I was wearing ljfkashdflkha also thank u for the input", "likes_count": 2, "replies_count": 0, "retweets_count": 0, "hashtags": []}
{"id": 1207450063024394240, "date": "2019-12-18", "time": "18:58:23", "tweet": "@heidwella I am doing this!! With my Kindle books! I have 98 input so far, with 700+ left to go, and not even started on books I didn't purchase through Amazon... lol", "likes_count": 0, "replies_count": 0, "retweets_count": 0, "hashtags": []}
{"id": 1207450023241211904, "date": "2019-12-18", "time": "18:58:13", "tweet": "@ekww11 Wow Elissa  Thanks x you input and effort  My background says \"action steps\" but no idea what they would be", "likes_count": 0, "replies_count": 0, "retweets_count": 0, "hashtags": []}
{"id": 1207449929012002818, "date": "2019-12-18", "time": "18:57:51", "tweet": "@AdamSerwer The term can certainly be meaningless to some, as can other terms like honesty, kindness, decency, compassion: you have to have the neurons to be able to receive the input.", "likes_count": 0, "replies_count": 0, "retweets_count": 0, "hashtags": []}
{"id": 1207449917553283072, "date": "2019-12-18", "time": "18:57:48", "tweet": "@ProgressingD Copy bro.  I hear you.  Anyways whatever decisions you make.  Thanks for the input.", "likes_count": 0, "replies_count": 0, "retweets_count": 0, "hashtags": []}
{"id": 1207449896590155777, "date": "2019-12-18", "time": "18:57:43", "tweet": "@Dulenheim This is also fairly new to me (D&amp;D and streaming non-video game content) so there would be a significant learning curve.    Thanks for the input!", "likes_count": 0, "replies_count": 0, "retweets_count": 0, "hashtags": []}
{"id": 1207449802016878595, "date": "2019-12-18", "time": "18:57:20", "tweet": "@kaoudis ah right, there's an invisible `+ K` constant inside of each of those... maybe the operation takes K=4 seconds regardless of input size, i seem to remember this", "likes_count": 0, "replies_count": 1, "retweets_count": 0, "hashtags": []}
{"id": 1207449746433961984, "date": "2019-12-18", "time": "18:57:07", "tweet": "@DukeMarcude The division sown by those compelled to dismiss others, calling them names, and cancel any politically incorrect input, is damaging democracy around the world.  Trump is both a symptom &amp; carrier of the disease, but he is by no means alone. It takes 2 to tango always and forever.", "likes_count": 1, "replies_count": 2, "retweets_count": 0, "hashtags": []}
{"id": 1207449744986886144, "date": "2019-12-18", "time": "18:57:07", "tweet": "@Tollis_ Custom controls in ALC are so nice. Looks like you cranked up the yaw speed at max input?", "likes_count": 2, "replies_count": 0, "retweets_count": 0, "hashtags": []}
{"id": 1207449713252937729, "date": "2019-12-18", "time": "18:56:59", "tweet": "@KristySwansonXO If you’re looking for any further input, you can find Kristy at her weekly Mensa meeting.   👍", "likes_count": 1, "replies_count": 0, "retweets_count": 0, "hashtags": []}
{"id": 1207449712191660032, "date": "2019-12-18", "time": "18:56:59", "tweet": "個人的には今現在だと VIVE Input Utility が使いやすい感じがします。 Unity自体がツールキットを出してくれるのはありがたいし、どんな感じになるのか気になりますね。", "likes_count": 1, "replies_count": 0, "retweets_count": 0, "hashtags": []}
{"id": 1207449622681178112, "date": "2019-12-18", "time": "18:56:38", "tweet": "Dealing with Social Services......  Thank you all for your input, kind words, and all your experiences with this situation. It has been a very challenging day to say the least. My sister and I have been taking...  https://t.co/aeUh0q82Kw", "likes_count": 1, "replies_count": 0, "retweets_count": 0, "hashtags": []}
{"id": 1207449518079270912, "date": "2019-12-18", "time": "18:56:13", "tweet": "@pCYSl5EDgo 結論だけ書くとUnityで OpenVR.Input を単独で使おうとして無理でしたって話なんですが、 SteamVR を使うか PackageManager を使うかで掴むdllが変わるし PlayerSettings の VRSupported が何をやってるのか追えなかったというね", "likes_count": 1, "replies_count": 0, "retweets_count": 0, "hashtags": []}
{"id": 1207449387397459973, "date": "2019-12-18", "time": "18:55:41", "tweet": "@Jakewim if your franchise QB that you have $100M invested in got hurt in the offseason, would you want him going to just any Dr and having surgery? Or would you want your team Dr or medical team to perform the surgery or at least have input on it. I understand the Jags side", "likes_count": 1, "replies_count": 0, "retweets_count": 0, "hashtags": []}
{"id": 1207449271970066432, "date": "2019-12-18", "time": "18:55:14", "tweet": "@Goss30Goss He had input, but clearly he doesn't know 25-30% of what these words mean.", "likes_count": 0, "replies_count": 0, "retweets_count": 0, "hashtags": []}
{"id": 1207449235320381441, "date": "2019-12-18", "time": "18:55:05", "tweet": "@ShagaiyaAyuba @France24_en Thanks for your input", "likes_count": 0, "replies_count": 0, "retweets_count": 0, "hashtags": []}
{"id": 1207449232258535424, "date": "2019-12-18", "time": "18:55:04", "tweet": "Thank you for your input.", "likes_count": 0, "replies_count": 0, "retweets_count": 0, "hashtags": []}
{"id": 1207448991870390272, "date": "2019-12-18", "time": "18:54:07", "tweet": "CVE-2019-11104  Insufficient input validation in MEInfo software for Intel(R) CSME before versions 11.8.70, 11.11.70, 11.22.70, 12.0.45, 13.0.10 and 14.0.10; Intel(R) TXE before versions 3.1.70 and 4.0.20 may allow ...   https://t.co/AUyBxXNAPb", "likes_count": 0, "replies_count": 0, "retweets_count": 0, "hashtags": []}
{"id": 1207448874396389376, "date": "2019-12-18", "time": "18:53:39", "tweet": "@mwbzness @war_io @AveFouriezos I told you. I believe them.  Also, why wouldn't you consider their input? 99% are happy and 97% like who they are. I doubt you find that in most groups of people", "likes_count": 1, "replies_count": 1, "retweets_count": 0, "hashtags": []}
{"id": 1207448813549555712, "date": "2019-12-18", "time": "18:53:25", "tweet": "@NickWolfinger @SelinaDavis73 @ExerciseIn @adamckolasinski @JeremyPhilosoph @ConceptualJames @DurinnM One reason--among many-- why your pov is valued is that u provide necessary ballast. I ALWAYS listen to your input.  And sometimes, what looks like sky-is-falling hyperbole is actually just a frustrated reaction to years of folks denying the problems or grossly minimizing them.", "likes_count": 3, "replies_count": 0, "retweets_count": 0, "hashtags": []}
{"id": 1207448787310002176, "date": "2019-12-18", "time": "18:53:18", "tweet": "This is an incredibly important piece of work which will feed into a more cohesive tertiary education system and support clearer more consistent FET-HE transitions - please input if you can #FutureFET", "likes_count": 14, "replies_count": 0, "retweets_count": 4, "hashtags": ["futurefet"]}
{"id": 1207448724080906241, "date": "2019-12-18", "time": "18:53:03", "tweet": "This isn’t just a labor a love for me but for others and I’ve been lucky enough to have some really dope people to help out and provide their creative input. If you aren’t already following @venusselenite @cuntymeme @raanibegum or @so_treu you should and check out their work", "likes_count": 6, "replies_count": 1, "retweets_count": 4, "hashtags": []}
{"id": 1207448663351578624, "date": "2019-12-18", "time": "18:52:49", "tweet": "All input is greatly appreciated", "likes_count": 1, "replies_count": 0, "retweets_count": 0, "hashtags": []}
{"id": 1207448554681307145, "date": "2019-12-18", "time": "18:52:23", "tweet": "Actually today I just learned that constant time doesn’t always mean constant time O(1), it can mean “the time taken to act on a bad input should be indistinguishable from the time taken to act on a good input”.   Maybe one day I’ll know enough jargon and things will make sense.", "likes_count": 5, "replies_count": 2, "retweets_count": 0, "hashtags": []}
{"id": 1207448468958007296, "date": "2019-12-18", "time": "18:52:02", "tweet": "個人情報の対象となる値をGoogleアナリティクスで計測しないように要注意な GTMで送信されたFormからinputの値を取得する方法 | アユダンテ株式会社  https://t.co/p7VnB1vZnB", "likes_count": 12, "replies_count": 0, "retweets_count": 4, "hashtags": []}
{"id": 1207448311621410817, "date": "2019-12-18", "time": "18:51:25", "tweet": "@DynamicFlashy @topsponsor So you are an expert in all areas, and need no input whatsoever to judge the veracity of various information.  Sure dude, I totally believe in your independence and independent thinking", "likes_count": 1, "replies_count": 0, "retweets_count": 0, "hashtags": []}
{"id": 1207448300594638853, "date": "2019-12-18", "time": "18:51:22", "tweet": "#ImpeachmentDay \"I thank the gentleman for his remarks.\"  Schiff's reply to Nunes.   #ThePresidentIsACrybaby #TrumpImpeachment  https://t.co/61rHwrNmeJ", "likes_count": 3, "replies_count": 0, "retweets_count": 0, "hashtags": ["impeachmentday", "thepresidentisacrybaby", "trumpimpeachment"]}
{"id": 1207448236623106048, "date": "2019-12-18", "time": "18:51:07", "tweet": "CVE-2019-11108  Insufficient input validation in subsystem for Intel(R) CSME before versions 12.0.45 and 13.0.10 may allow a privileged user to potentially enable escalation of privilege via local access.   https://t.co/Yky0kiCkUS", "likes_count": 0, "replies_count": 0, "retweets_count": 0, "hashtags": []}
{"id": 1207448192478003200, "date": "2019-12-18", "time": "18:50:57", "tweet": "@The_Real_BiM @DoubleDoubleJon @TTStraw2 @Christgodtweet @Bootyju18047095 @NoScienceDenial @mirandadied4u @1pckt @Dar42 @brad_feinman @ooohglobbits @HaircutSpock @robertdutch87 @TakeThatEpi @PObdura @Jesus_is_G_d @TheColossis @dogleaps @TakeThatHistory @ScientiaPercept @JerryHelton14 @spikeinthemidge @atheisthusker @hauxton @jon_hill987 @Martin_Riggs22 @Aszneth @NuckChorris16 @AprilLigeia @rkdoctr @protecths @NelsonMKerr @MadManPastor @1972Doc @je_suis_free @kmtildsley @evoisamyth @Ah_Science @Irreligionist_R @HELENO_T_HENZO @PierrotLL @eldrave20 @WoopsWoah @geraldpayne25 @JoeTheAtheist @HELENO_T_HENZO_ @E_conRS @hugh_bothwell @Tachyon100 @ProfTimOB Why don't you give us your input, the double-slit experiment?", "likes_count": 2, "replies_count": 0, "retweets_count": 0, "hashtags": []}
{"id": 1207448041541775361, "date": "2019-12-18", "time": "18:50:21", "tweet": "@belledechocolat @30K I think some of the schools do grow some stuff - but certainly an idea that we could try for more. Thanks for that and for all your input - bed now for me - still a school day tomorrow 😉", "likes_count": 1, "replies_count": 1, "retweets_count": 0, "hashtags": []}
{"id": 1207448040530952193, "date": "2019-12-18", "time": "18:50:20", "tweet": "The whistleblower is like a person who calls 'Crimeline' to report a crime. That person has the right to remain anonymous &amp; the investigation begins without his further input. 𝙏𝙝𝙚 𝙂𝙊𝙋 𝙩𝙝𝙞𝙣𝙠𝙨 𝙩𝙝𝙖𝙩 𝙮𝙤𝙪'𝙧𝙚 𝙩𝙤𝙤 𝙨𝙩𝙪𝙥𝙞𝙙 𝙩𝙤 𝙪𝙣𝙙𝙚𝙧𝙨𝙩𝙖𝙣𝙙 𝙩𝙝𝙞𝙨.", "likes_count": 0, "replies_count": 0, "retweets_count": 0, "hashtags": []}
{"id": 1207447851032358912, "date": "2019-12-18", "time": "18:49:35", "tweet": "I need @teylor_smirl’s input ASAP", "likes_count": 1, "replies_count": 0, "retweets_count": 0, "hashtags": []}
{"id": 1207447816173277184, "date": "2019-12-18", "time": "18:49:27", "tweet": "WONDER WOMAN 👉 ASKS ZAYIN BABY 🍯 👶 🍼 for DATE SHARE(burke;) knowing you got it(work or somephn;) For VERA RÖDER (REASONABLE): a input GREAT WHITE STAG is yes I like and must date all my parts of HEIDI that includes your HISTORY(JOSH LUDLOW IS COLORADO WOLVERINE 🌈 IN PURPLE N", "likes_count": 0, "replies_count": 0, "retweets_count": 0, "hashtags": []}
{"id": 1207447783004729345, "date": "2019-12-18", "time": "18:49:19", "tweet": "@ICsCookBook @Pandarianssb Nah, hard disagree. Input buffering would still be ass cancer. Tight dash dance to buffered air dodge off stage into death still seems like it'd be infuriating ROFL", "likes_count": 2, "replies_count": 1, "retweets_count": 0, "hashtags": []}
{"id": 1207447481145004032, "date": "2019-12-18", "time": "18:48:07", "tweet": "CVE-2019-11088  Insufficient input validation in subsystem in Intel(R) AMT before versions 11.8.70, 11.11.70, 11.22.70 and 12.0.45 may allow an unauthenticated user to potentially enable escalation of privilege via ...   https://t.co/OHAYqcxm05", "likes_count": 0, "replies_count": 0, "retweets_count": 0, "hashtags": []}
