{"id": 1169037349738729473, "date": "2019-09-03", "time": "19:59:58", "tweet": "This what I received from someone speaking for @pulte . Trey Bill asked you to pray, not comment. We don’t need your input, just your like, retweet, and money. Think the work is remarkable...don’t see that you have donated at all. Really?", "likes_count": 0, "replies_count": 0, "retweets_count": 0, "hashtags": []}
{"id": 1169037097254182912, "date": "2019-09-03", "time": "19:58:58", "tweet": "Student council will be entertaining suggestions and ideas for spirit week themes this Wednesday, Thursday, and Friday durning lunch. Staff and students are encouraged to add their input into the suggestion box located in the cafeteria!", "likes_count": 7, "replies_count": 0, "retweets_count": 6, "hashtags": []}
{"id": 1169037037204148225, "date": "2019-09-03", "time": "19:58:43", "tweet": "@BukaBantuan min saya seller 192375089775 sdh kirim barang, tp kepencet kode booking padahal manual. Mohon bantuannya input resi. Resi terlampir  https://t.co/pxz6dWXY6v", "likes_count": 0, "replies_count": 1, "retweets_count": 0, "hashtags": []}
{"id": 1169036933735100416, "date": "2019-09-03", "time": "19:58:19", "tweet": "@DarkNecroDizzy @sonicmega which the Fighters Pass already has 2 of. Not to mention we already have both Ryu and Ken to rep the 2D fighting genre. Most 2D fighters use the same QCF and QCB input commands, so he'd feel very similar to them too. Maybe he'd also have a meter. But that's it.", "likes_count": 0, "replies_count": 1, "retweets_count": 0, "hashtags": []}
{"id": 1169036762431283200, "date": "2019-09-03", "time": "19:57:38", "tweet": "@MauriceLoveIl5 He did? You don’t want my input?  Wow . And you are who? Because if it came from bill I’d believe it more. I was trying to help others from being scammed", "likes_count": 0, "replies_count": 0, "retweets_count": 0, "hashtags": []}
{"id": 1169036752755077121, "date": "2019-09-03", "time": "19:57:36", "tweet": "Merge:Multi Image text input Twitter.  https://t.co/u8j4ABD9zG", "likes_count": 0, "replies_count": 0, "retweets_count": 0, "hashtags": []}
{"id": 1169036719481610240, "date": "2019-09-03", "time": "19:57:28", "tweet": "@KatzCheer @Nature_and_Race If this was a pissing contest I would probably win, has nothing to do with DNA. 😂 I know a bit about amino acids, RNA, and DNA replication. I welcome your input.", "likes_count": 1, "replies_count": 0, "retweets_count": 0, "hashtags": []}
{"id": 1169036675114295296, "date": "2019-09-03", "time": "19:57:17", "tweet": "Last valid input: 2019-09-04 08:57:09.416192 Temperature: 31.00 C Humidity: 72.00 %", "likes_count": 0, "replies_count": 0, "retweets_count": 0, "hashtags": []}
{"id": 1169036600413577216, "date": "2019-09-03", "time": "19:56:59", "tweet": "Setelah bbrp kali input brbagai form giveaway nya femaledaily, akhirnya kecantol 1 juga wkw mayan gretong 5 gincu shade terbaru🤣", "likes_count": 0, "replies_count": 2, "retweets_count": 0, "hashtags": []}
{"id": 1169036574622932992, "date": "2019-09-03", "time": "19:56:53", "tweet": "@de_henne @Jason Make a proveable strategy focused on input outputs", "likes_count": 0, "replies_count": 1, "retweets_count": 0, "hashtags": []}
{"id": 1169036532549701632, "date": "2019-09-03", "time": "19:56:43", "tweet": "今日も input旅帰りの 自撮り千ちゃんを眺め、  １日頑張ろう😆👍💙💙💙", "likes_count": 2, "replies_count": 0, "retweets_count": 0, "hashtags": []}
{"id": 1169036526149349376, "date": "2019-09-03", "time": "19:56:42", "tweet": "Tired: my dog ate my homework Wired: my latex OCR has bugs and didn’t render the input correctly", "likes_count": 15, "replies_count": 1, "retweets_count": 0, "hashtags": []}
{"id": 1169036464497319936, "date": "2019-09-03", "time": "19:56:27", "tweet": "@AQ_icebox Lol I haven’t called anyone! I’m tryna get Carlos’s help and input but we know how that goes lol", "likes_count": 0, "replies_count": 0, "retweets_count": 0, "hashtags": []}
{"id": 1169036131901591553, "date": "2019-09-03", "time": "19:55:08", "tweet": "How to attract more women to tech sector, leadership roles. Technology is meant for everyone and everyone should be giving their input, not just men. #tech #technology #technews #womenintech #diversity  https://t.co/hdyR0h9mZ5", "likes_count": 2, "replies_count": 0, "retweets_count": 1, "hashtags": ["tech", "technology", "technews", "womenintech", "diversity"]}
{"id": 1169035947557580800, "date": "2019-09-03", "time": "19:54:24", "tweet": "@RazeTheOne @AwokeInGeorgia @kejimkelly111 @PamKeithFL Good riddance to the vote-shamer. Glad you finally realized your input was unnecessary. 👍🏻", "likes_count": 0, "replies_count": 1, "retweets_count": 0, "hashtags": []}
{"id": 1169035705118535680, "date": "2019-09-03", "time": "19:53:26", "tweet": "@MLBazFallLeague  any input on this", "likes_count": 0, "replies_count": 0, "retweets_count": 0, "hashtags": []}
{"id": 1169035704405569537, "date": "2019-09-03", "time": "19:53:26", "tweet": "@SaellaWare You’re waiting anyway by waiting for our input", "likes_count": 0, "replies_count": 1, "retweets_count": 0, "hashtags": []}
{"id": 1169035688454447104, "date": "2019-09-03", "time": "19:53:22", "tweet": "You have a very high opinion of yourself and Americans don’t need your input in THEIR lives!", "likes_count": 0, "replies_count": 0, "retweets_count": 0, "hashtags": []}
{"id": 1169035653134397440, "date": "2019-09-03", "time": "19:53:13", "tweet": "New Write-up on InfoSec Write-ups publication : \"SQL injection and XSS: what white hat hackers know about trusting user input\"  https://t.co/649QTMrfFk", "likes_count": 0, "replies_count": 0, "retweets_count": 0, "hashtags": []}
{"id": 1169035371583365120, "date": "2019-09-03", "time": "19:52:06", "tweet": "@MoeGrantHarris @ProfWolandPlays @1DKFA that part, i'm actually inclined to believe as it'd be running in a system enclosed in google servers, and also those are pcs not consoles, so of course as a base they'd have less input lag, it has all to do with how much they can cut down the lag coming from the streaming.", "likes_count": 1, "replies_count": 0, "retweets_count": 0, "hashtags": []}
{"id": 1169035117836275712, "date": "2019-09-03", "time": "19:51:06", "tweet": "@DeborahFW I very much voted remain but I 100% know I would’ve done a better job of securing Brexit. Let people know it would take years. Citizens assemblies, public discussion and information. Input from experts and representatives from industries, affected groups etc.", "likes_count": 1, "replies_count": 0, "retweets_count": 0, "hashtags": []}
{"id": 1169035035007246337, "date": "2019-09-03", "time": "19:50:46", "tweet": "@scoinaldo @membrana_io @INTCHAIN How do you know MBN didn’t bot the #int community to saveguard themselves Incase the got exposed for using bots,cause it’s very obvious they used them,also they have no input in this thread whatsoever isn’t that strange🧐 @scoinaldo?  https://t.co/1wUCZk1tow", "likes_count": 7, "replies_count": 0, "retweets_count": 0, "hashtags": ["int"]}
{"id": 1169035015260463110, "date": "2019-09-03", "time": "19:50:41", "tweet": "“The Subcommittee also is interested in soliciting input from policy analysts, market participants, and other stakeholders on whether legislative action relating to such mergers is needed to ensure digital markets remain competitive”   https://t.co/R95OI5ElxR", "likes_count": 2, "replies_count": 0, "retweets_count": 2, "hashtags": []}
{"id": 1169034926773231618, "date": "2019-09-03", "time": "19:50:20", "tweet": "@MoeGrantHarris @ProfWolandPlays @1DKFA a friend of mine played with even more input lag than that and said that was fine, even though i'm sure that was almost half a second of input lag at his home... i guess some people truly are capable of adapting to a scary level to some things.", "likes_count": 1, "replies_count": 0, "retweets_count": 0, "hashtags": []}
{"id": 1169034890349809664, "date": "2019-09-03", "time": "19:50:12", "tweet": "@MoeGrantHarris @ProfWolandPlays @1DKFA yeah it depended on the tv, on the screen i used in my room(i think i still used a CTR back in the day?) it didn't have problems, but in the hall where we had a 42\", there it gave some ridiculous input lag; then again,", "likes_count": 1, "replies_count": 1, "retweets_count": 0, "hashtags": []}
{"id": 1169034888793808896, "date": "2019-09-03", "time": "19:50:11", "tweet": "Provide your input on the Potential Redwood City Ferry by attending upcoming events like Pub in the Park (9/7), Salsa Festival (9/21) &amp; PortFest (10/5). The first step is to determine feasibility of the service. City staff will be attending to take input.  https://t.co/8h79DcL9fz  https://t.co/227JKorWgr", "likes_count": 5, "replies_count": 0, "retweets_count": 2, "hashtags": []}
{"id": 1169034837803622401, "date": "2019-09-03", "time": "19:49:59", "tweet": "like input lag", "likes_count": 0, "replies_count": 0, "retweets_count": 0, "hashtags": []}
{"id": 1169034799941672963, "date": "2019-09-03", "time": "19:49:50", "tweet": "@JoeBrolly1993 The show would be very dry without your input @JoeBrolly1993  keep up the good work!!!", "likes_count": 5, "replies_count": 2, "retweets_count": 0, "hashtags": []}
{"id": 1169034782149414914, "date": "2019-09-03", "time": "19:49:46", "tweet": "I’m looking for a business partner. You can be silent, but if not you don’t get menu input. I plan on only offering different kinds of rum and pure cocaine. Every Tuesday I’ll sell conch fritters and milkshakes", "likes_count": 0, "replies_count": 0, "retweets_count": 0, "hashtags": []}
{"id": 1169034777091092480, "date": "2019-09-03", "time": "19:49:45", "tweet": "this isn't so much me making fun of them for being into video games, just that the way we interact on the internet, with almost no visual input and having are perceptions of people be based solely on how they type, it can be really easy to misinterpreted their ages.", "likes_count": 0, "replies_count": 1, "retweets_count": 0, "hashtags": []}
{"id": 1169034770522812418, "date": "2019-09-03", "time": "19:49:43", "tweet": "@IanNaihslaw @DavidGauke Thanks for your valuable input Ian.", "likes_count": 1, "replies_count": 1, "retweets_count": 0, "hashtags": []}
{"id": 1169034643775152128, "date": "2019-09-03", "time": "19:49:13", "tweet": "I tend to make things with colors I like and not so much everyone else, so I could use your input! Tell me your favorite color combinations! doesn’t have to be just 2 colors, it could be a bunch! Lemme know ⬇️ you might see your suggestions come to life as a scrap beanie 🌈☺️", "likes_count": 4, "replies_count": 2, "retweets_count": 0, "hashtags": []}
{"id": 1169034641967394816, "date": "2019-09-03", "time": "19:49:12", "tweet": "@clairewillett @brittania_ @speedmouse Luckily, theatre and film school have taught me to get away the “tragedy” and find true emotional states. But I’m always open to getting input when it comes to writing. I’d be happy to hear all you and the others can give.", "likes_count": 2, "replies_count": 1, "retweets_count": 0, "hashtags": []}
{"id": 1169034326228590593, "date": "2019-09-03", "time": "19:47:57", "tweet": "@padresj Can such a system exist and still allow privacy? It seems analogues to requiring encryption back-doors for law enforcement, sounds nice till you think about how it could be exploited. I'm not being snarky, I respect you and really do want your input.", "likes_count": 1, "replies_count": 1, "retweets_count": 0, "hashtags": []}
{"id": 1169034294112784385, "date": "2019-09-03", "time": "19:47:49", "tweet": "@equi_noctis Well I don't buy that...though I am.sure you do. I see you, I know you are here, and I want you to stay. My day wouldn't be complete wo your input  https://t.co/TBTvlRPkbS", "likes_count": 7, "replies_count": 1, "retweets_count": 0, "hashtags": []}
{"id": 1169034265553539072, "date": "2019-09-03", "time": "19:47:43", "tweet": "@myhyunsik They're just dancing. Have a look at their Instagram videos of them dancing in general and they do similar dance moves. Also peniel mentioned that he only had a few days to learn some of the choreo before filming the MV so I doubt he had much input into the dance or direction", "likes_count": 12, "replies_count": 3, "retweets_count": 0, "hashtags": []}
{"id": 1169034129733836801, "date": "2019-09-03", "time": "19:47:10", "tweet": "@neontaster What’s the problem with unelected bureaucrats deciding your fate without your input and without accountability when your democratically elected leaders do the same?", "likes_count": 1, "replies_count": 0, "retweets_count": 1, "hashtags": []}
{"id": 1169034085702021120, "date": "2019-09-03", "time": "19:47:00", "tweet": "Please make sure you RSVP for the Mayor’s Office of Children &amp; Family Success Design Session - they need your input to operate! You can RSVP via the eventbrite link in the below event. Dinner will be provided. Attendance is limited.  https://t.co/dIGNyO82ri  https://t.co/jY4VdXj4d4", "likes_count": 1, "replies_count": 0, "retweets_count": 0, "hashtags": []}
{"id": 1169033769124323331, "date": "2019-09-03", "time": "19:45:44", "tweet": "@justmarisa1 great, thank you again for the input... Be sure to keep your eyes peeled for new artwork coming out in the next week or so :)", "likes_count": 1, "replies_count": 1, "retweets_count": 0, "hashtags": []}
{"id": 1169033662467174400, "date": "2019-09-03", "time": "19:45:19", "tweet": "@nontrianon Gatau pun. Soalnya pas validasi stunting kmrn promk yg input ew.", "likes_count": 0, "replies_count": 1, "retweets_count": 0, "hashtags": []}
