{"id": 1187880958218756096, "date": "2019-10-25", "time": "19:57:44", "tweet": "@cryptoWZRD_ I really wanna buy your platform but I want you to be a little clearer on entry’s and exits...like now do you feel like it’s going back up or back down we need ur input????", "likes_count": 0, "replies_count": 0, "retweets_count": 0, "hashtags": []}
{"id": 1187880874836144128, "date": "2019-10-25", "time": "19:57:24", "tweet": "@EM_RESUS @ICURN_ Yessssiirrr, solicit input from the individual who spends the most time with the patient. Coach and teach and listen and overthank. Your preserved bandwidth for higher order tasks will thank you.", "likes_count": 4, "replies_count": 0, "retweets_count": 0, "hashtags": []}
{"id": 1187880745160851456, "date": "2019-10-25", "time": "19:56:54", "tweet": "@yolarrydabomb AFAIK yes, it does.. :/ but its still better than having massive input delays", "likes_count": 0, "replies_count": 0, "retweets_count": 0, "hashtags": []}
{"id": 1187880725774831622, "date": "2019-10-25", "time": "19:56:49", "tweet": "Lucky PopStar have fun. What are you waiting for? Download it, input the refer code FZ2D77N to get reward. https://t.co/QvKRqviMIL", "likes_count": 0, "replies_count": 0, "retweets_count": 0, "hashtags": []}
{"id": 1187880700466225152, "date": "2019-10-25", "time": "19:56:43", "tweet": "Additionally, you’ve got social platforms with a hierarchy of individuals making decisions without input from their users. Who gets suspended, for what reason, what is considered hate speech or do we even block it? A couple hundred people decide with no input from the millions.  https://t.co/30XRaXtBMZ", "likes_count": 0, "replies_count": 1, "retweets_count": 0, "hashtags": []}
{"id": 1187880436669779969, "date": "2019-10-25", "time": "19:55:40", "tweet": "I helped with this! Two important notes: in terms of input lag, it was as close to 0 as I'm equipped to notice. The video freezing up was a thing, but I never felt any input lag.  Also it's Nova Scotia. Newfoundland is a timezone 30 minutes ahead of even me. Figure THAT one out.", "likes_count": 0, "replies_count": 1, "retweets_count": 0, "hashtags": []}
{"id": 1187880182910050304, "date": "2019-10-25", "time": "19:54:40", "tweet": "@bitethismind The half circle forward input was actually a red Fireball for select Street Fighter games", "likes_count": 1, "replies_count": 1, "retweets_count": 0, "hashtags": []}
{"id": 1187880133509730304, "date": "2019-10-25", "time": "19:54:28", "tweet": "@robertjeffress @realDonaldTrump @LouDobbs @FoxBusiness Ask Pat Robertson for input.", "likes_count": 0, "replies_count": 0, "retweets_count": 0, "hashtags": []}
{"id": 1187880024164188160, "date": "2019-10-25", "time": "19:54:02", "tweet": "“Ever since the first newspaper, the Daily Courant, in the 1600s, it’s been an editorial decision without much input. Now we’ve got input for the first time. So I hope there’s some good in that. I’m an optimist: Fingers crossed.”", "likes_count": 0, "replies_count": 0, "retweets_count": 0, "hashtags": []}
{"id": 1187879996804620288, "date": "2019-10-25", "time": "19:53:55", "tweet": "@TurnbullVanessa @teelareid Great comment...\"I'm not political\" also means that you're prepared to take what's given out without thought or input (much like non-union workplace people taking pay rises &amp; conditions from union negotiations) - that makes you a leaner...", "likes_count": 4, "replies_count": 0, "retweets_count": 1, "hashtags": []}
{"id": 1187879625474674688, "date": "2019-10-25", "time": "19:52:27", "tweet": "I just started a new venture and would appreciate the girlies support.✨  I just opened up an instagram boutique in which I sell clothes. It’s on Instagram as the_doll_shop_. Your support and input would be much appreciated. It’s still a baby under serious construction.  https://t.co/5qKHazCrDh", "likes_count": 72, "replies_count": 1, "retweets_count": 57, "hashtags": []}
{"id": 1187879622634901504, "date": "2019-10-25", "time": "19:52:26", "tweet": "*White male adult gives his input you totally asked for about Star Wars.* Welcome to my Ted Talk that could be used for other things but unfortunately is toward something I’ve always loved okay the end k thanks bye", "likes_count": 1, "replies_count": 1, "retweets_count": 0, "hashtags": []}
{"id": 1187879606671630336, "date": "2019-10-25", "time": "19:52:22", "tweet": "@TheDonCoogi Appreciate your input though", "likes_count": 0, "replies_count": 0, "retweets_count": 1, "hashtags": []}
{"id": 1187879544331669504, "date": "2019-10-25", "time": "19:52:07", "tweet": "@Raven_is_Raw 5HP and cl.5HP are two different normals. 5HP is the far range one, and cl.5HP only works up close. i don’t think there’s any characters in the game that have any close crouching normals, but the “5” just indicates you don’t have to input any direction, just neutral", "likes_count": 2, "replies_count": 1, "retweets_count": 0, "hashtags": []}
{"id": 1187879457438093312, "date": "2019-10-25", "time": "19:51:47", "tweet": "input  https://t.co/Ox1x7Ld3iU", "likes_count": 14, "replies_count": 1, "retweets_count": 1, "hashtags": []}
{"id": 1187879286516011009, "date": "2019-10-25", "time": "19:51:06", "tweet": "@PurpleRainPearl I’m gonna pretend “Fallout 76” secretly means “Fallout New Vegas” 😂 but thanks for your input!", "likes_count": 1, "replies_count": 1, "retweets_count": 0, "hashtags": []}
{"id": 1187879241976832000, "date": "2019-10-25", "time": "19:50:55", "tweet": "@LynnerzLynnerz My heart is both saddened and angered by this. I am currently building my salon to accommodate everyone and that includes special needs. I would love to get input from you wonderful mommas on things I can do and have in my salon that would be helpful and beneficial.", "likes_count": 1, "replies_count": 2, "retweets_count": 0, "hashtags": []}
{"id": 1187879196812439552, "date": "2019-10-25", "time": "19:50:44", "tweet": "@SiraitX You may also be interested in the lovr-keyboard and lovr-mouse libraries that provide keyboard and mouse input.", "likes_count": 0, "replies_count": 1, "retweets_count": 0, "hashtags": []}
{"id": 1187879094853222401, "date": "2019-10-25", "time": "19:50:20", "tweet": "Man ... f*** auto correct 😕   It should have been \"I've just SEEN\" and NOT \"den\" ... I don't get it why this thing is sooo buggy and can't check the input in context", "likes_count": 1, "replies_count": 0, "retweets_count": 0, "hashtags": []}
{"id": 1187878972836716544, "date": "2019-10-25", "time": "19:49:51", "tweet": "Chris SE has posted Denis Well my assumption was based on the quot I presently have quot rather than perhaps quot we have quot not that I don't suppose it changes any technical input so far Just for clarification  https://t.co/WvPX6cxWs8 @", "likes_count": 0, "replies_count": 0, "retweets_count": 0, "hashtags": []}
