{"id": 1136784696715726848, "date": "2019-06-06", "time": "19:59:26", "tweet": "WHAT SHOULD I NAME IT!? WHO SHOULD I SEND IT TO!? Your input matters 🙏🏻🎯🎯🎯  https://t.co/mNaFm0mi2v", "likes_count": 46, "replies_count": 20, "retweets_count": 5, "hashtags": []}
{"id": 1136784655145787392, "date": "2019-06-06", "time": "19:59:16", "tweet": "Feel like sketching a bit .. Would love some input.", "likes_count": 4, "replies_count": 2, "retweets_count": 0, "hashtags": []}
{"id": 1136784532236132353, "date": "2019-06-06", "time": "19:58:47", "tweet": "so i’m trying to compile a list of books I would like to read this summer and would love input! pls reply with one or two books you recommend! i’m looking for your must reads here people!", "likes_count": 3, "replies_count": 7, "retweets_count": 0, "hashtags": []}
{"id": 1136784455937298433, "date": "2019-06-06", "time": "19:58:29", "tweet": "@kulmagus Hey! If you use either the SC6 or SC6-L  you will be able to monitor the audio via the headphone input! You'll need to grab a SC7 to connect the Wireless GO to the SC6/L though!", "likes_count": 0, "replies_count": 0, "retweets_count": 0, "hashtags": []}
{"id": 1136784397670146048, "date": "2019-06-06", "time": "19:58:15", "tweet": "This is my first ever tweet. Never thought I would do one....But I just have to give some input about  President Trump. He has NONE of the following going for him: Humanity Empathy Charity Decency Compassion Dignity Reverence Honor Appreciation Tact Sensitivity   EGO he has  https://t.co/N9NbCj7Tng", "likes_count": 2, "replies_count": 0, "retweets_count": 0, "hashtags": []}
{"id": 1136784337091739648, "date": "2019-06-06", "time": "19:58:01", "tweet": "@garethbamber38 @ekp So if I have an opinion I deserve what Uber is doing to their drivers? Got it. Thanks for your thoughtful input.", "likes_count": 0, "replies_count": 1, "retweets_count": 0, "hashtags": []}
{"id": 1136784224894234630, "date": "2019-06-06", "time": "19:57:34", "tweet": "I can't overs how people go so hard for sports teams either cause they have no input whatsoever.", "likes_count": 0, "replies_count": 0, "retweets_count": 0, "hashtags": []}
{"id": 1136784168417763328, "date": "2019-06-06", "time": "19:57:20", "tweet": "@PerilousPeanut Internet speeds are shitty in a lot of places in the country do to the monopolies internet providers have over different areas. Streaming is not going to work unless that gets fixed.  Even then, I don't like input lag and not actually owning my games.", "likes_count": 0, "replies_count": 0, "retweets_count": 0, "hashtags": []}
{"id": 1136784158552973317, "date": "2019-06-06", "time": "19:57:18", "tweet": "@Cash_Flow @bigBIOboom sounds reasonable.  Makes sense. Would love to partner 106, and get some $$ to carry us over. We shall see. Holding my shares much longer for this story.  Thanks for your input", "likes_count": 0, "replies_count": 0, "retweets_count": 0, "hashtags": []}
{"id": 1136784150566920192, "date": "2019-06-06", "time": "19:57:16", "tweet": "聴き終わりました🎉  最近は、 Amazon さんが、 Audible という、本の朗読データを提供してくれるサービスをやっております。 活字を読むほどの熱意を持てないけど、うっすら興味あることの input におすすめです！😍  Amazon Audible →   https://t.co/kplkozRWQo  https://t.co/WlaBlqMrQY", "likes_count": 3, "replies_count": 0, "retweets_count": 0, "hashtags": []}
{"id": 1136784123597660161, "date": "2019-06-06", "time": "19:57:10", "tweet": "ion need nobody help to get where i wanna be let’s get that straight ! but if i ask it’s because i wanted ya input of creativity but I DONT NEED YOU !", "likes_count": 9, "replies_count": 0, "retweets_count": 2, "hashtags": []}
{"id": 1136784015392854016, "date": "2019-06-06", "time": "19:56:44", "tweet": "@RizviAbul Participation is at record highs in Australia currently - a lack of capital investment a more likely primary concern at the moment from an input perspective", "likes_count": 2, "replies_count": 1, "retweets_count": 1, "hashtags": []}
{"id": 1136783882794049537, "date": "2019-06-06", "time": "19:56:12", "tweet": "へえ、今のツイッターってのはアカウント単位でリツイートを表示しないようにする事ができるのか。", "likes_count": 0, "replies_count": 0, "retweets_count": 0, "hashtags": []}
{"id": 1136783843711602688, "date": "2019-06-06", "time": "19:56:03", "tweet": "@i_h_3 Because it’s KD. His presence alone on the court can change an outcome, regardless of his input. He draws attention, ball in his hand or not.", "likes_count": 2, "replies_count": 2, "retweets_count": 0, "hashtags": []}
{"id": 1136783792604139522, "date": "2019-06-06", "time": "19:55:51", "tweet": "@Nintoonist I'm puzzled too, thank u for ur input", "likes_count": 0, "replies_count": 1, "retweets_count": 0, "hashtags": []}
{"id": 1136783645094567936, "date": "2019-06-06", "time": "19:55:16", "tweet": "@richfear @JohnLegere I am glad we could work together today. We appreciate your input. Please reach out to us in DM if you have other concerns. ^KyleVesely", "likes_count": 0, "replies_count": 1, "retweets_count": 0, "hashtags": []}
{"id": 1136783455436492801, "date": "2019-06-06", "time": "19:54:30", "tweet": "@JonasMaki Det är vad jag har hört, i synnerhet eftersom det är interaktivt så kan det inte buffra på samma sätt som med musik och film, och dessutom ha snabba input.", "likes_count": 1, "replies_count": 0, "retweets_count": 0, "hashtags": []}
{"id": 1136783442035666944, "date": "2019-06-06", "time": "19:54:27", "tweet": "@spottedgeckgo Maybe?? Im sort of excited that they have a wardrobe person and will be using a color palette!  So I can actually get input on clothes, hair etc!! I was thinking Grunge?", "likes_count": 1, "replies_count": 0, "retweets_count": 0, "hashtags": []}
{"id": 1136783281138077697, "date": "2019-06-06", "time": "19:53:49", "tweet": "neither of us could survive without the input from the other parts. we had been severed for so long for so long and we had forgotten that we weren't whole, that this way to share information and send each other tasks and requests and results wasn't how we'd started out, once", "likes_count": 1, "replies_count": 1, "retweets_count": 0, "hashtags": []}
{"id": 1136783270937387008, "date": "2019-06-06", "time": "19:53:46", "tweet": "Call for patient input on upadacitinib for moderate to severe active rheumatoid arthritis  https://t.co/vFDYwqBaHD @HealthyCdns @CherylKoehn @PhysioKTBroker @ArthritisSoc @cath_back @womenbiznetwork @spencerobrien @steveston_gal @shanonmc @ProulxLaurie @CAFsociety @Arthritis_ARC  https://t.co/lC1jxSM4cP", "likes_count": 2, "replies_count": 0, "retweets_count": 3, "hashtags": []}
