{"id": 1204188961129861121, "date": "2019-12-09", "time": "18:59:55", "tweet": "Wow, a packed council chambers tonight as we all try to squish in for the Planning and Strategic Initiatives meeting/public input session. I don't think I have ever seen this many people in here before.", "likes_count": 19, "replies_count": 1, "retweets_count": 0, "hashtags": []}
{"id": 1204188937415204864, "date": "2019-12-09", "time": "18:59:50", "tweet": "[FREE RESOURCE]: Map out your macro-level distribution of information and collection of input with our free Framework for Communication &amp; Inclusion template!  https://t.co/RaoyvH8zDV  https://t.co/FdW1aPWiKL", "likes_count": 0, "replies_count": 0, "retweets_count": 0, "hashtags": []}
{"id": 1204188921548214272, "date": "2019-12-09", "time": "18:59:46", "tweet": "@B52Malmet I have to add I'm grateful for your input @B52Malmet .", "likes_count": 0, "replies_count": 0, "retweets_count": 0, "hashtags": []}
{"id": 1204188918792499202, "date": "2019-12-09", "time": "18:59:45", "tweet": "@Kiwiz @benjyfishy I’d love a pc but I can’t afford one so I play kbm on 60 FPS if I’m lucky and some input  delay from my £25 keyboard and mouse :)", "likes_count": 0, "replies_count": 0, "retweets_count": 0, "hashtags": []}
{"id": 1204188891261153280, "date": "2019-12-09", "time": "18:59:39", "tweet": "@danimunozfit Hey Dani!!! Just sent you an email! I got my email confirmation for my bands being shipped but it’s shipping to my billing address versus my shipping address! I input my shipping address in the email I sent you! I hope we can get this fixed! 😓😓❤️", "likes_count": 0, "replies_count": 0, "retweets_count": 0, "hashtags": []}
{"id": 1204188875486302208, "date": "2019-12-09", "time": "18:59:35", "tweet": "@bodybyboyd I saw you guys nabbed Dillingham. That is a damn nice hire. His input with Norvell's O will add some nice wrinkles. The Defensive Coordinator is the big hire for FSU.", "likes_count": 1, "replies_count": 1, "retweets_count": 0, "hashtags": []}
{"id": 1204188869828083712, "date": "2019-12-09", "time": "18:59:33", "tweet": "@BukaBantuan transaksi 192586805375 di bantu input resi terlampir.  https://t.co/6Ed1VVUs5J", "likes_count": 0, "replies_count": 1, "retweets_count": 0, "hashtags": []}
{"id": 1204188791352655872, "date": "2019-12-09", "time": "18:59:15", "tweet": "On your NL major news to 4:  - Supportive housing for young adults out of foster care opens in #Kamloops  - Police start a holiday crackdown of impaired drivers - More ice sheets and swimming pools? Input on a rec. master plan - + much more  Listen here:  https://t.co/VmBYYfNF3Q", "likes_count": 0, "replies_count": 0, "retweets_count": 1, "hashtags": ["kamloops"]}
{"id": 1204188575861854208, "date": "2019-12-09", "time": "18:58:23", "tweet": "@WiZEGEMiNi @LoveThoughtts @DominicCurbelo @SonicFox5000 @VanIcecreamy @VideoGamezYo Ya, I stayed up last night and labbed the spins for a little and played ranked. I think I’m gonna stick with that variation. Meanstreak is good only if the person doesn’t know that you can punish the nomad cancels. (Atleast online you can get mashed on due to input delay)", "likes_count": 0, "replies_count": 0, "retweets_count": 0, "hashtags": []}
{"id": 1204188526377668610, "date": "2019-12-09", "time": "18:58:12", "tweet": "@MagnoliaToomer @bmarcello Morris’ offense is Gus’ w/ better pass concepts. Gus wouldn’t hand over the keys, but having Morris update the offense while giving input into game planning &amp; play calling could benefit both. Gus won’t turnover play calling &amp; shouldn’t. He isn’t built to be a CEO.", "likes_count": 1, "replies_count": 1, "retweets_count": 0, "hashtags": []}
{"id": 1204188493200662530, "date": "2019-12-09", "time": "18:58:04", "tweet": "We’ll be adding more metadata to our #metadata input schema, &amp; we want to make sure our plans work for you. Join us for a quick webinar on Dec 19 to hear more &amp; ask questions. Info and registration links on our blog, Proposed schema changes-have your say  https://t.co/K4DxfS2aUB", "likes_count": 6, "replies_count": 0, "retweets_count": 4, "hashtags": ["metadata"]}
{"id": 1204188482639482880, "date": "2019-12-09", "time": "18:58:01", "tweet": "There are roughly 80 community members at the Louisville Urban League providing input on the @JCPSKY student assignment plan.   Couldn’t make it?  I’ll try to capture things that I hear folks say in this thread 👇  https://t.co/2Uhv44b8Ek", "likes_count": 9, "replies_count": 2, "retweets_count": 2, "hashtags": []}
{"id": 1204188406529613825, "date": "2019-12-09", "time": "18:57:43", "tweet": "Im planning on my first solo episode since my intro on the last Monday of the year.  Planning on talking about what I learned in these last few months and what I plan to talk about in the future.  Anyone have any input?", "likes_count": 2, "replies_count": 0, "retweets_count": 1, "hashtags": []}
{"id": 1204188362057375744, "date": "2019-12-09", "time": "18:57:32", "tweet": "@Komickrazi @canadapostcorp @USPS trying to fill the form, and keeps mentioning \"Please review your input and try again\" even their system is broken :')", "likes_count": 0, "replies_count": 2, "retweets_count": 0, "hashtags": []}
{"id": 1204188281379770369, "date": "2019-12-09", "time": "18:57:13", "tweet": "@BukaBantuan kak bella. Transaksi 192586944885 tolong di input terlampir ya.  https://t.co/SyoZIczO1J", "likes_count": 0, "replies_count": 0, "retweets_count": 0, "hashtags": []}
{"id": 1204188275369377792, "date": "2019-12-09", "time": "18:57:12", "tweet": "@DylanOnFort No you will do really well on PC and you’d have to get used to the input delay", "likes_count": 0, "replies_count": 0, "retweets_count": 0, "hashtags": []}
{"id": 1204188247582265345, "date": "2019-12-09", "time": "18:57:05", "tweet": "#arm #linux #msm  Re: [PATCH 4/7] dt-bindings: Input: introduce new clock vibrator bindings  https://t.co/DR765LTTmS", "likes_count": 0, "replies_count": 0, "retweets_count": 1, "hashtags": ["arm", "linux", "msm"]}
{"id": 1204188243186438144, "date": "2019-12-09", "time": "18:57:04", "tweet": "人間の耳って物理的にフーリエ変換してんの？", "likes_count": 0, "replies_count": 0, "retweets_count": 0, "hashtags": []}
{"id": 1204188167546515461, "date": "2019-12-09", "time": "18:56:46", "tweet": "Appreciate the input and ideas of our response partners as we met today to collaborate on security and response planning at the Missouri Capitol. #WeServeMO  https://t.co/DhEgfyW2lN", "likes_count": 9, "replies_count": 0, "retweets_count": 2, "hashtags": ["weservemo"]}
{"id": 1204188011228852224, "date": "2019-12-09", "time": "18:56:09", "tweet": "We look forward to working with the Australian Government, the advisory panel and with our members and stakeholders - in Australia and overseas - to provide input into the creation of a new policy and performance framework. (3/3)", "likes_count": 2, "replies_count": 0, "retweets_count": 0, "hashtags": []}
{"id": 1204188007697268736, "date": "2019-12-09", "time": "18:56:08", "tweet": ".@DFAT is inviting members of the public, the development community, partners and stakeholders in Australia and overseas, to give input into the new development policy and performance framework.   Submissions close on 31 January, 2020.   Read more:  https://t.co/T3JceBf63Y (1/3)", "likes_count": 18, "replies_count": 2, "retweets_count": 21, "hashtags": []}
{"id": 1204187747721846784, "date": "2019-12-09", "time": "18:55:06", "tweet": "@MohamadAhwaze اذا كان الinput للمواد الاولية مستورد من دول خارج نظام الارجنتين  و الprocess للتصنيع عراقي فمن المؤكد ان الproduct رح يكون بايدي ومصانع عراقية والconsumer  و ال customers عراقيين هنا نستطيع ان نقول ان العراق انتصر", "likes_count": 3, "replies_count": 1, "retweets_count": 0, "hashtags": []}
{"id": 1204187724326027265, "date": "2019-12-09", "time": "18:55:00", "tweet": "@etaicinader @nycgov @NYCMayorsOffice @nycgo @NYCDOB @ConEdison @NYCSpeakerCoJo @NYC_SBS @theNYCalliance @EaterNY @gregmocker Re the @ConEdison rate increase requests: force them to launch commercial #refrigeration coil cleaning initiatives with our input. There's INCREDIBLE waste on their networks from #dirty #HVACR #cooling equipment! #CoilCleaningConsortium  https://t.co/2dRdsjSiq7", "likes_count": 0, "replies_count": 0, "retweets_count": 0, "hashtags": ["refrigeration", "dirty", "hvacr", "cooling", "coilcleaningconsortium"]}
{"id": 1204187702658248704, "date": "2019-12-09", "time": "18:54:55", "tweet": "@TendaiChirau Thank you. My the President, Cabinet and Gvt be challenged by our unparalleled wisdom and vision that they can't ignore or do without our input on all important national issues. Lets make it possible and it will come to pass", "likes_count": 0, "replies_count": 0, "retweets_count": 0, "hashtags": []}
{"id": 1204187484663382016, "date": "2019-12-09", "time": "18:54:03", "tweet": "@Firstaid223 @squizxy @TidmouthThunder Are they really music artists if they have zero creative input into the making of the music and dance choreographies?", "likes_count": 11, "replies_count": 2, "retweets_count": 0, "hashtags": []}
{"id": 1204187405646872576, "date": "2019-12-09", "time": "18:53:44", "tweet": "If you have any other input on your experience when working with documentation I'd love to hear it.  Thank you in advance to everyone helping me out!", "likes_count": 0, "replies_count": 0, "retweets_count": 0, "hashtags": []}
{"id": 1204187394297057282, "date": "2019-12-09", "time": "18:53:42", "tweet": "System Admins, Auditors, Blue/Red/Purple Teamers, Consultants, IT Support Desk Ninja's, &amp; anyone else working with IT infrastructure on a daily basis:  Looking to get some feedback for a project I'm working on, all input &amp; comments are welcome &amp; greatly appreciated!", "likes_count": 0, "replies_count": 1, "retweets_count": 2, "hashtags": []}
{"id": 1204187176788992000, "date": "2019-12-09", "time": "18:52:50", "tweet": "I've been trying to play AI Dungeon 2 all day. It's nice when it works but it almost inevitably grinds to a halt at least every other run through I make, usually after I give it a perfectly logical input. Maybe I need to run it on a local connection somehow.", "likes_count": 0, "replies_count": 1, "retweets_count": 0, "hashtags": []}
{"id": 1204187146531360770, "date": "2019-12-09", "time": "18:52:43", "tweet": "I need @BlueJaysDad input on this thought.. Cole to the yanks at 7/8 years and 300mil isn’t the worst thing. #BlueJays need 4/5 years to contend.. at that time the back end of Cole deal will be an albatross.. thoughts?", "likes_count": 0, "replies_count": 0, "retweets_count": 0, "hashtags": ["bluejays"]}
{"id": 1204187087399837696, "date": "2019-12-09", "time": "18:52:29", "tweet": "@Brenro4 @arnoldpeterso13 I recognize that basically i know nothing. All I have is what i read, my common sense n what i hear from respected sources ...so thanks again for your input👍", "likes_count": 0, "replies_count": 0, "retweets_count": 0, "hashtags": []}
{"id": 1204186996706594818, "date": "2019-12-09", "time": "18:52:07", "tweet": "@Big_Boss06829 Hey there Big Boss,   Thanks for reaching out. Please share all suggestions / feedback here:  https://t.co/iPT5ci5hP0 as changes have been made based on the communities input . If there's anything else I can assist you with today, let me know. ^OG", "likes_count": 0, "replies_count": 0, "retweets_count": 0, "hashtags": []}
{"id": 1204186594766245888, "date": "2019-12-09", "time": "18:50:31", "tweet": "I hate how I always forget to check which input mode my keyboard is in before I’ve done a Google search for っfはさggら or something", "likes_count": 5, "replies_count": 0, "retweets_count": 2, "hashtags": []}
{"id": 1204186382245089280, "date": "2019-12-09", "time": "18:49:40", "tweet": "Just received the TV, so 1/3 parts of the Exa are now here. Made sure that this was rated for low input lag; had one of the lowest on the present market.  https://t.co/nMfcOIQNvw", "likes_count": 3, "replies_count": 3, "retweets_count": 1, "hashtags": []}
{"id": 1204186307146051586, "date": "2019-12-09", "time": "18:49:22", "tweet": "@davidmichaels @DigitalLawyer @jontobinesq @wistia Couldn’t remember if I was thinking of an old setting or if there were actually a difference. Sometimes settings change and I’m out of the loop. Thanks for the input.", "likes_count": 1, "replies_count": 0, "retweets_count": 0, "hashtags": []}
{"id": 1204186169807818752, "date": "2019-12-09", "time": "18:48:50", "tweet": "The City of Seattle took a strong and systematic approach on this problem. They created new structures to collect public input, recognizing that the old model was not living up to their progressive values. Read more here:  https://t.co/cH7WKTtdYY", "likes_count": 7, "replies_count": 0, "retweets_count": 3, "hashtags": []}
{"id": 1204186168008437761, "date": "2019-12-09", "time": "18:48:49", "tweet": "At @CirculateSD, we have done a variety of creative ways to engage the community in planning, like pop-ups, online surveys, and have even offered childcare to draw in diverse input. It takes an enlightened client (not just a progressive nonprofit planning firm) to invest in that.", "likes_count": 2, "replies_count": 1, "retweets_count": 0, "hashtags": []}
{"id": 1204186136425443330, "date": "2019-12-09", "time": "18:48:42", "tweet": "@concertsncurls The MC is being analyzed by a psychiatrist because her operating system is written in a language nobody can understand &amp; when she came online she stripped out her input jacks by pulling the cables out instead of unclipping them so she can no longer interface with outside systems.", "likes_count": 1, "replies_count": 1, "retweets_count": 0, "hashtags": []}
{"id": 1204186115785162754, "date": "2019-12-09", "time": "18:48:37", "tweet": "価格が映す日本の停滞　ディズニーやダイソー世界最安：日本経済新聞  https://t.co/qq82OxRYKL", "likes_count": 0, "replies_count": 1, "retweets_count": 0, "hashtags": []}
{"id": 1204185911241662465, "date": "2019-12-09", "time": "18:47:48", "tweet": "@Danny88438019 @divingnomad @CharlieSweeney @sendr270 @axios My argument is that a woman is fully capable of understanding the medical risks of pregnancy vs abortion, capable of understanding all the stages of pregnancy, and capable of forming her own ethical evaluation of the fetus inside her, all without government input", "likes_count": 0, "replies_count": 1, "retweets_count": 0, "hashtags": []}
{"id": 1204185883882115072, "date": "2019-12-09", "time": "18:47:42", "tweet": "Agronomists and Ag Input providers will be enablers in #AgTech adoption, in a similar way to #accountants leading the adoption of cloud accounting across many industries.    https://t.co/B1Uop0YZBA", "likes_count": 2, "replies_count": 0, "retweets_count": 0, "hashtags": ["agtech", "accountants"]}
{"id": 1204185865842569220, "date": "2019-12-09", "time": "18:47:37", "tweet": "We live in a basement give their input. Russian dudes slap boxing with bears for fun.", "likes_count": 0, "replies_count": 0, "retweets_count": 0, "hashtags": []}
{"id": 1204185843705008128, "date": "2019-12-09", "time": "18:47:32", "tweet": "@CarmenCalfa I am sorry to hear that you are not going to SABCS19 this year. Twitter can help us to have your input during this conference.", "likes_count": 1, "replies_count": 0, "retweets_count": 0, "hashtags": []}
{"id": 1204185778244476930, "date": "2019-12-09", "time": "18:47:16", "tweet": "🎈Gabriel Martinelli appreciation tweet 🔴⚪️ I won’t forget your input in tonight’s game  @Arsenal", "likes_count": 0, "replies_count": 0, "retweets_count": 0, "hashtags": []}
{"id": 1204185640218312704, "date": "2019-12-09", "time": "18:46:43", "tweet": "@LazyLoverUK From your shopping cart, please navigate to the top of the screen and tap 'Edit' next to the section named 'Ship To.' Once you've input a new shipping address, tap 'Save Shipping Address' to complete the changes.  The option to change the address is available in the first 8 hours", "likes_count": 0, "replies_count": 1, "retweets_count": 0, "hashtags": []}
{"id": 1204185571947679744, "date": "2019-12-09", "time": "18:46:27", "tweet": "@Stephen_Robo @AintSnp @NicolaSturgeon @DerekMackaySNP @theSNP That is one great comeback kid! Boomers ain't perfect but they don't behave in such a immature manor. There was once a time when age=wisdom, when kids valued the older generations and their thoughts and input...then your generation came along.", "likes_count": 0, "replies_count": 1, "retweets_count": 0, "hashtags": []}
{"id": 1204185417395965953, "date": "2019-12-09", "time": "18:45:50", "tweet": "Presented our neuronal migration data at #ASCBEMBO19. Was very nervous but managed to keep the nausea at bay and got great input.   #neurons #neurobiology #microtubules  https://t.co/gh3t9pbaHl", "likes_count": 23, "replies_count": 2, "retweets_count": 1, "hashtags": ["ascbembo19", "neurons", "neurobiology", "microtubules"]}
{"id": 1204185325452480512, "date": "2019-12-09", "time": "18:45:28", "tweet": "please boat, your input is important to me. does this man have an eyelid on his wiener or not?", "likes_count": 0, "replies_count": 0, "retweets_count": 0, "hashtags": []}
{"id": 1204185285677985792, "date": "2019-12-09", "time": "18:45:19", "tweet": "@meetsuzyjade I thought about that but I wouldn’t wanna crowd their dms with non work stuff. Probably just gonna drop the idea if I can’t think of a safe way to talk about that stuff.  Thank you for the input tho, I really appreciate it.", "likes_count": 0, "replies_count": 0, "retweets_count": 0, "hashtags": []}
{"id": 1204185251368456192, "date": "2019-12-09", "time": "18:45:11", "tweet": "How to Input Japanese via Keyboard – Learn Japanese Online Fast with Japanese Complete このキーボード欲しい  https://t.co/Mro8I7R5RD", "likes_count": 0, "replies_count": 0, "retweets_count": 0, "hashtags": []}
{"id": 1204184980017954817, "date": "2019-12-09", "time": "18:44:06", "tweet": "@khtagh they need him for his cultural input.", "likes_count": 1, "replies_count": 0, "retweets_count": 1, "hashtags": []}
{"id": 1204184935134834688, "date": "2019-12-09", "time": "18:43:55", "tweet": "@iamsheneika @BigMeechManda @shexMexHer_ @CurvesinColor @e_alexZondria @DsweetestD @RemedyLovegood He literally ignored her. I can’t be Kandi sitting there with no input. You’re about to be the father of our daughter in a min....I’d hate to see him treat their daughter like that.", "likes_count": 2, "replies_count": 0, "retweets_count": 0, "hashtags": []}
{"id": 1204184908664573952, "date": "2019-12-09", "time": "18:43:49", "tweet": "@douglastavares4 Thanks for your input ✌️", "likes_count": 1, "replies_count": 0, "retweets_count": 0, "hashtags": []}
{"id": 1204184854906187776, "date": "2019-12-09", "time": "18:43:36", "tweet": "@KageLucid @frapaii Input delay tho", "likes_count": 2, "replies_count": 0, "retweets_count": 0, "hashtags": []}
{"id": 1204184724631105536, "date": "2019-12-09", "time": "18:43:05", "tweet": "Mic is echoing in @streamlabs   Any fix? All monitoring is off and only input I have enabled is my external mic (blue yeti).", "likes_count": 0, "replies_count": 1, "retweets_count": 0, "hashtags": []}
{"id": 1204184724295409665, "date": "2019-12-09", "time": "18:43:05", "tweet": "@CroweDM Kevin Rudd &amp; Julia Gillard might have some constructive input on how Bill Shorten might  be perceived.  https://t.co/StXe1Tva1e", "likes_count": 0, "replies_count": 0, "retweets_count": 0, "hashtags": []}
{"id": 1204184671522705408, "date": "2019-12-09", "time": "18:42:53", "tweet": "絵が上手い人って物体の捉え方(input)が上手い人だと思うのだけど、それを既に出力(output)した物を使って説明するのは更に難しいな、と今更ながらに思った", "likes_count": 1, "replies_count": 0, "retweets_count": 0, "hashtags": []}
{"id": 1204184601138270208, "date": "2019-12-09", "time": "18:42:36", "tweet": "@robmcd85 @homelesshorse @dmckatana Will do tomorrow night.  Gonna get this input finished tonight and try to rest my eyes x", "likes_count": 3, "replies_count": 1, "retweets_count": 0, "hashtags": []}
{"id": 1204184444954910722, "date": "2019-12-09", "time": "18:41:58", "tweet": "@e_alexZondria @BigMeechManda @iamsheneika @shexMexHer_ @CurvesinColor @DsweetestD @RemedyLovegood Todd really been missing from her life for years and now that they’re building this relationship he’s failing at listening to what could bring them closer. I think Kandi needs to school him and stop being so silent. Yea that’s his kid but give input as a mom with a daughter.", "likes_count": 2, "replies_count": 2, "retweets_count": 0, "hashtags": []}
{"id": 1204184434297184256, "date": "2019-12-09", "time": "18:41:56", "tweet": "@ericlinuskaplan @keithfrankish @distributedcog @svateboje Haha that's kind of you, it was a bit tongue in cheek because sometimes a thread I really would love others' input on just die without response, and im just a needy little crackpot.  Also I'm pretty sure they'd ignore me if they met me 🙈 maybe if I took philosophy itd be diff :x", "likes_count": 1, "replies_count": 1, "retweets_count": 0, "hashtags": []}
{"id": 1204184289559994368, "date": "2019-12-09", "time": "18:41:21", "tweet": "@Boogie2988 Hey bro, we don't actually need your input on this matter", "likes_count": 0, "replies_count": 0, "retweets_count": 0, "hashtags": []}
{"id": 1204184078288859136, "date": "2019-12-09", "time": "18:40:31", "tweet": "@PatrickAussems Coaching is a thankless job.Forgive the liars and the uneducated,explore new frontiers where your input will be appreciated.All the best.", "likes_count": 1, "replies_count": 0, "retweets_count": 0, "hashtags": []}
{"id": 1204183625903869952, "date": "2019-12-09", "time": "18:38:43", "tweet": "@leddeb420 @RepMattGaetz @RepJerryNadler Silly, those bills are written without any republican input, and some of them are merely redefining bills already in existence. They have not even TOUCHED the trade agreement. Good try though", "likes_count": 0, "replies_count": 2, "retweets_count": 0, "hashtags": []}
{"id": 1204183576893259777, "date": "2019-12-09", "time": "18:38:32", "tweet": "@spdustin A good analysis.  When a machine learning model doesn't see a specific input, it could generate unexpected output. But, it depends on the model it used.", "likes_count": 1, "replies_count": 0, "retweets_count": 0, "hashtags": []}
{"id": 1204183535566888961, "date": "2019-12-09", "time": "18:38:22", "tweet": "@farmfreshkaren Also @AdrienneKress might have some input on the subject from a successful local author perspective.", "likes_count": 1, "replies_count": 0, "retweets_count": 0, "hashtags": []}
{"id": 1204183506269683720, "date": "2019-12-09", "time": "18:38:15", "tweet": "@salov_paul @lohudsports Journal News/lohud has no input or power over all-state teams, but I definitely agree that Deda was snubbed by the state. Deserving for sure, monster season", "likes_count": 1, "replies_count": 1, "retweets_count": 0, "hashtags": []}
{"id": 1204183292108582917, "date": "2019-12-09", "time": "18:37:24", "tweet": "@jerrybindle Thanks for your input Jerry", "likes_count": 0, "replies_count": 0, "retweets_count": 0, "hashtags": []}
{"id": 1204183284797837317, "date": "2019-12-09", "time": "18:37:22", "tweet": "@blueisviolet T key points 1.Low input lag 2.low flicker panels \"Monitors go up to 1000tests during certification", "likes_count": 1, "replies_count": 1, "retweets_count": 1, "hashtags": []}
{"id": 1204183271736827906, "date": "2019-12-09", "time": "18:37:19", "tweet": "@mcclure111 obviously it works as a traditional game in 2d, but I can't see any input method other than hand tracking + vr working well for the 3d version", "likes_count": 0, "replies_count": 1, "retweets_count": 0, "hashtags": []}
{"id": 1204183102068871170, "date": "2019-12-09", "time": "18:36:38", "tweet": "Breaking news, RDNfinds proof Bigfoot.The cryptid has been vilified by many claiming is a villainous creature accused of everything from stealing women for sex to cannibalism. Proponents say,a hero with near human intelligence. Republican Distraction Network wants your input!  https://t.co/QjZxiAevqm", "likes_count": 0, "replies_count": 0, "retweets_count": 0, "hashtags": []}
{"id": 1204183022993412096, "date": "2019-12-09", "time": "18:36:19", "tweet": "@benz145 It will be interesting to play with both approaches. I also feel like multi-touch input would be a greater experience but the lack of touch feedback might make it harder to use", "likes_count": 10, "replies_count": 3, "retweets_count": 1, "hashtags": []}
{"id": 1204182757166870528, "date": "2019-12-09", "time": "18:35:16", "tweet": "【MIMO(Mutiple Input Multiple Output)】 IEEE802.11nで使われている高速化技術のひとつ。送信用・受信用の アンテナを複数用意して、データを並列化し同時に送信する。最大で、送信用、受信用それぞれ４本の４ストリームの通信が可能", "likes_count": 0, "replies_count": 0, "retweets_count": 0, "hashtags": []}
{"id": 1204182714783617024, "date": "2019-12-09", "time": "18:35:06", "tweet": "@FCSWildcats will hold a community-wide forum on Tues., Dec. 10 to seek residents' input on the configuration of new school buildings. The forum will be held in the FJHS cafeteria at 6 p.m. &amp; all interested residents are invited to attend.  https://t.co/7UcBhpWRjP #FCSWildcatPride  https://t.co/2OtT2YY556", "likes_count": 3, "replies_count": 0, "retweets_count": 4, "hashtags": ["fcswildcatpride"]}
{"id": 1204182476551311361, "date": "2019-12-09", "time": "18:34:09", "tweet": "@TeahCartel Well I think I will wait for your input then. it's the aspect I'm having the most difficulty with. I'm also introducing a whole new philosophy or personality theory in this book and that's more in my wheelhouse. As I said, it's my first fiction other than some children's books", "likes_count": 1, "replies_count": 1, "retweets_count": 0, "hashtags": []}
{"id": 1204182450387197952, "date": "2019-12-09", "time": "18:34:03", "tweet": "Scarlet is not a system people its the name for the consoles as a family. People keep giving they input on shit but don't even know this simple difference. Do research at least jeez lol", "likes_count": 3, "replies_count": 0, "retweets_count": 0, "hashtags": []}
{"id": 1204182432506925056, "date": "2019-12-09", "time": "18:33:59", "tweet": "Join us and share your input at the Montauban Avenue &amp; Hammertown Drive Roundabout Project Community Meeting!    https://t.co/4DS06Ebjz7", "likes_count": 0, "replies_count": 0, "retweets_count": 0, "hashtags": []}
{"id": 1204182405382361088, "date": "2019-12-09", "time": "18:33:52", "tweet": "@AnchorBrewing Yes. I may have had my mileage input incorrectly so I will go back and look again", "likes_count": 0, "replies_count": 0, "retweets_count": 0, "hashtags": []}
{"id": 1204182302386982913, "date": "2019-12-09", "time": "18:33:28", "tweet": "@UbisoftSupport I'm not sure if this is caused by the 144hz I just got, but in game, I have lots of input latency, like, if I am walking, I release the key, and it will keep walking for 2-3 secs Help? rainbow six btw", "likes_count": 0, "replies_count": 1, "retweets_count": 0, "hashtags": []}
{"id": 1204182092977967105, "date": "2019-12-09", "time": "18:32:38", "tweet": "@aaronhuertas @Erasmus111 @MLiebreich @Peters_Glen @kalantzis @theresphysics @chrisnelder @gbrooksenglish @jritch I think most people think that. It's all good and fine to make models for scientific papers but in my book the IPCC should be the input of climate science for policy. Why do you think IPCC climate model outputs are important? What should we do with them? What's their application?", "likes_count": 2, "replies_count": 0, "retweets_count": 1, "hashtags": []}
{"id": 1204181955631292416, "date": "2019-12-09", "time": "18:32:05", "tweet": "@MrDarkWolfe @Jodzio Canadians are our neighbors. Things that happen here in the states could affect them down the line. I follow quite a few and value their input.", "likes_count": 0, "replies_count": 0, "retweets_count": 0, "hashtags": []}
{"id": 1204181920612900864, "date": "2019-12-09", "time": "18:31:57", "tweet": "Appraisal support is more of the person providing feedback on how they would handle the situation you are in. This is good for processing a difficult situation. Like if you are fighting with a friend you might ask a parent for guidance, so then they can give their input.", "likes_count": 0, "replies_count": 1, "retweets_count": 0, "hashtags": []}
{"id": 1204181821568815104, "date": "2019-12-09", "time": "18:31:33", "tweet": "@Broadsword_6 @Comey You're amazing, thank fuck for your input. The impeachment is a shame on the left, also a complete sham. Couldn't care less about the popularity contest of Twitter followers, I grew up years ago, unlike you.", "likes_count": 0, "replies_count": 0, "retweets_count": 0, "hashtags": []}
{"id": 1204181769890734080, "date": "2019-12-09", "time": "18:31:21", "tweet": "You have five days left to participate in our survey. The Regional Transportation Authority’s (RTA) Citizens Advisory Committee seeks input on guiding principles that will be considered for the development of a new 20-year RTA plan.  https://t.co/h0RAGb5cas  https://t.co/IOHuhKN8EL", "likes_count": 1, "replies_count": 0, "retweets_count": 1, "hashtags": []}
{"id": 1204181761674092549, "date": "2019-12-09", "time": "18:31:19", "tweet": "@theUraizen 400/400/100/200  Manpower/ammo/rations/parts  When you go to the factory, where you input the resources,  there's a \"recommended recipes \" option. It'll give you the highest chance to pull smgs.", "likes_count": 0, "replies_count": 0, "retweets_count": 0, "hashtags": []}
{"id": 1204181744955613185, "date": "2019-12-09", "time": "18:31:15", "tweet": "How y’all feel about long distance relationships?? (Plz give input)", "likes_count": 0, "replies_count": 4, "retweets_count": 0, "hashtags": []}
{"id": 1204181682963845122, "date": "2019-12-09", "time": "18:31:00", "tweet": "Parents, teachers, and community members! DEED is seeking public review and comment on state content standards. Please take a few minutes to provide input on Alaska's current English Language Arts and Mathematics standards adopted in 2012. #akedchat  https://t.co/jxOLqWy3SK", "likes_count": 1, "replies_count": 0, "retweets_count": 0, "hashtags": ["akedchat"]}
{"id": 1204181577300922368, "date": "2019-12-09", "time": "18:30:35", "tweet": "@_megmac_ intended areas of play is the closest i can think of - the bounds always seem to be defined this way and anything else is a trick (either input oversight or untested glitch)", "likes_count": 0, "replies_count": 0, "retweets_count": 0, "hashtags": []}
{"id": 1204181498498363394, "date": "2019-12-09", "time": "18:30:16", "tweet": "@Lokitoki81 @morpheo wow att jag inte tänkte på det, tack för banbrytande input", "likes_count": 3, "replies_count": 1, "retweets_count": 0, "hashtags": []}
{"id": 1204181439329296384, "date": "2019-12-09", "time": "18:30:02", "tweet": "Apparatus, method and recording medium for controlling user interface using input image  https://t.co/8FA9CE40iY", "likes_count": 0, "replies_count": 0, "retweets_count": 1, "hashtags": []}
{"id": 1204181403333775361, "date": "2019-12-09", "time": "18:29:53", "tweet": "@brfootball this article made me delete your app off my phone and delete my BR LIVE. As long as @stighefootball is an employee of yours i will never support your brand. He’s absolutely awful and im honestly shocked you pay him for his input. You should be fucking ashamed  https://t.co/NAdAXK7RFY", "likes_count": 1, "replies_count": 0, "retweets_count": 0, "hashtags": []}
{"id": 1204181229194678272, "date": "2019-12-09", "time": "18:29:12", "tweet": "baby believe in urself, don't overthink about result before giving ur input", "likes_count": 0, "replies_count": 0, "retweets_count": 0, "hashtags": []}
{"id": 1204181180301623297, "date": "2019-12-09", "time": "18:29:00", "tweet": "@GReschenthaler you speak of hidden stuff or bias reasons to label the Democrats’ party for Trump’s acts &amp; leaks of sensitive info! Hell, Trump admitted it himself. Trumps has no self-responsibility for his input in our decline in Political &amp; National relationship &amp; integrity!", "likes_count": 0, "replies_count": 0, "retweets_count": 0, "hashtags": []}
{"id": 1204181176661028871, "date": "2019-12-09", "time": "18:28:59", "tweet": "Roasted red pepper, garlic  and artichoke is a solid flavor combo right? I’m working on a new recipe this weekend and need some input.", "likes_count": 1, "replies_count": 0, "retweets_count": 0, "hashtags": []}
{"id": 1204181140413661184, "date": "2019-12-09", "time": "18:28:51", "tweet": "It would basically be her trying to change the input on her tv for 24 episodes.", "likes_count": 2, "replies_count": 0, "retweets_count": 0, "hashtags": []}
{"id": 1204180915511087105, "date": "2019-12-09", "time": "18:27:57", "tweet": "Software Modding Vast Graphical Options Hardware Customization Free Online Emulation Fan-made Games Multi-monitor Support Vast Input Support, including Steering Wheels and Flight Sticks Backwards Compatibility  I could go on, but I won't. But I could.", "likes_count": 23, "replies_count": 6, "retweets_count": 0, "hashtags": []}
{"id": 1204180890521231361, "date": "2019-12-09", "time": "18:27:51", "tweet": "@MaesterRAM No input needed here. Just follow the money.", "likes_count": 0, "replies_count": 1, "retweets_count": 0, "hashtags": []}
{"id": 1204180868010565640, "date": "2019-12-09", "time": "18:27:46", "tweet": "Nothing grinds my gears more than the “you actually want to teach?” “Are you sure?” “You like working with kids now but it’ll change” bs. I love my major so let me love it. If I didn’t ask for your input, don’t give it:)", "likes_count": 25, "replies_count": 0, "retweets_count": 1, "hashtags": []}
{"id": 1204180831360602112, "date": "2019-12-09", "time": "18:27:37", "tweet": "I Have An Idea for Next Year But I Need Your Input! 🤔🌿👍// Garden Answer  https://t.co/XpA8lp80pO", "likes_count": 0, "replies_count": 0, "retweets_count": 0, "hashtags": []}
{"id": 1204180811789914112, "date": "2019-12-09", "time": "18:27:32", "tweet": "FCC Seeks Input on Analog Radio as Digital TV Service  https://t.co/h0fFFnmAg9", "likes_count": 1, "replies_count": 0, "retweets_count": 1, "hashtags": []}
{"id": 1204180728893689856, "date": "2019-12-09", "time": "18:27:13", "tweet": "@bangswt Yakan??? Inimah bagaimana cara input ke anaknya jugaa. Mungkin kiss main kiss aja kali ya ga diingetin? Wkwkwk", "likes_count": 0, "replies_count": 0, "retweets_count": 0, "hashtags": []}
{"id": 1204188961129861121, "date": "2019-12-09", "time": "18:59:55", "tweet": "Wow, a packed council chambers tonight as we all try to squish in for the Planning and Strategic Initiatives meeting/public input session. I don't think I have ever seen this many people in here before.", "likes_count": 19, "replies_count": 1, "retweets_count": 0, "hashtags": []}
{"id": 1204188937415204864, "date": "2019-12-09", "time": "18:59:50", "tweet": "[FREE RESOURCE]: Map out your macro-level distribution of information and collection of input with our free Framework for Communication &amp; Inclusion template!  https://t.co/RaoyvH8zDV  https://t.co/FdW1aPWiKL", "likes_count": 0, "replies_count": 0, "retweets_count": 0, "hashtags": []}
{"id": 1204188921548214272, "date": "2019-12-09", "time": "18:59:46", "tweet": "@B52Malmet I have to add I'm grateful for your input @B52Malmet .", "likes_count": 0, "replies_count": 0, "retweets_count": 0, "hashtags": []}
{"id": 1204188918792499202, "date": "2019-12-09", "time": "18:59:45", "tweet": "@Kiwiz @benjyfishy I’d love a pc but I can’t afford one so I play kbm on 60 FPS if I’m lucky and some input  delay from my £25 keyboard and mouse :)", "likes_count": 0, "replies_count": 0, "retweets_count": 0, "hashtags": []}
{"id": 1204188891261153280, "date": "2019-12-09", "time": "18:59:39", "tweet": "@danimunozfit Hey Dani!!! Just sent you an email! I got my email confirmation for my bands being shipped but it’s shipping to my billing address versus my shipping address! I input my shipping address in the email I sent you! I hope we can get this fixed! 😓😓❤️", "likes_count": 0, "replies_count": 0, "retweets_count": 0, "hashtags": []}
{"id": 1204188875486302208, "date": "2019-12-09", "time": "18:59:35", "tweet": "@bodybyboyd I saw you guys nabbed Dillingham. That is a damn nice hire. His input with Norvell's O will add some nice wrinkles. The Defensive Coordinator is the big hire for FSU.", "likes_count": 1, "replies_count": 1, "retweets_count": 0, "hashtags": []}
{"id": 1204188869828083712, "date": "2019-12-09", "time": "18:59:33", "tweet": "@BukaBantuan transaksi 192586805375 di bantu input resi terlampir.  https://t.co/6Ed1VVUs5J", "likes_count": 0, "replies_count": 1, "retweets_count": 0, "hashtags": []}
{"id": 1204188791352655872, "date": "2019-12-09", "time": "18:59:15", "tweet": "On your NL major news to 4:  - Supportive housing for young adults out of foster care opens in #Kamloops  - Police start a holiday crackdown of impaired drivers - More ice sheets and swimming pools? Input on a rec. master plan - + much more  Listen here:  https://t.co/VmBYYfNF3Q", "likes_count": 0, "replies_count": 0, "retweets_count": 1, "hashtags": ["kamloops"]}
{"id": 1204188575861854208, "date": "2019-12-09", "time": "18:58:23", "tweet": "@WiZEGEMiNi @LoveThoughtts @DominicCurbelo @SonicFox5000 @VanIcecreamy @VideoGamezYo Ya, I stayed up last night and labbed the spins for a little and played ranked. I think I’m gonna stick with that variation. Meanstreak is good only if the person doesn’t know that you can punish the nomad cancels. (Atleast online you can get mashed on due to input delay)", "likes_count": 0, "replies_count": 0, "retweets_count": 0, "hashtags": []}
{"id": 1204188526377668610, "date": "2019-12-09", "time": "18:58:12", "tweet": "@MagnoliaToomer @bmarcello Morris’ offense is Gus’ w/ better pass concepts. Gus wouldn’t hand over the keys, but having Morris update the offense while giving input into game planning &amp; play calling could benefit both. Gus won’t turnover play calling &amp; shouldn’t. He isn’t built to be a CEO.", "likes_count": 1, "replies_count": 1, "retweets_count": 0, "hashtags": []}
{"id": 1204188493200662530, "date": "2019-12-09", "time": "18:58:04", "tweet": "We’ll be adding more metadata to our #metadata input schema, &amp; we want to make sure our plans work for you. Join us for a quick webinar on Dec 19 to hear more &amp; ask questions. Info and registration links on our blog, Proposed schema changes-have your say  https://t.co/K4DxfS2aUB", "likes_count": 6, "replies_count": 0, "retweets_count": 4, "hashtags": ["metadata"]}
{"id": 1204188482639482880, "date": "2019-12-09", "time": "18:58:01", "tweet": "There are roughly 80 community members at the Louisville Urban League providing input on the @JCPSKY student assignment plan.   Couldn’t make it?  I’ll try to capture things that I hear folks say in this thread 👇  https://t.co/2Uhv44b8Ek", "likes_count": 9, "replies_count": 2, "retweets_count": 2, "hashtags": []}
{"id": 1204188406529613825, "date": "2019-12-09", "time": "18:57:43", "tweet": "Im planning on my first solo episode since my intro on the last Monday of the year.  Planning on talking about what I learned in these last few months and what I plan to talk about in the future.  Anyone have any input?", "likes_count": 2, "replies_count": 0, "retweets_count": 1, "hashtags": []}
{"id": 1204188362057375744, "date": "2019-12-09", "time": "18:57:32", "tweet": "@Komickrazi @canadapostcorp @USPS trying to fill the form, and keeps mentioning \"Please review your input and try again\" even their system is broken :')", "likes_count": 0, "replies_count": 2, "retweets_count": 0, "hashtags": []}
{"id": 1204188281379770369, "date": "2019-12-09", "time": "18:57:13", "tweet": "@BukaBantuan kak bella. Transaksi 192586944885 tolong di input terlampir ya.  https://t.co/SyoZIczO1J", "likes_count": 0, "replies_count": 0, "retweets_count": 0, "hashtags": []}
{"id": 1204188275369377792, "date": "2019-12-09", "time": "18:57:12", "tweet": "@DylanOnFort No you will do really well on PC and you’d have to get used to the input delay", "likes_count": 0, "replies_count": 0, "retweets_count": 0, "hashtags": []}
{"id": 1204188247582265345, "date": "2019-12-09", "time": "18:57:05", "tweet": "#arm #linux #msm  Re: [PATCH 4/7] dt-bindings: Input: introduce new clock vibrator bindings  https://t.co/DR765LTTmS", "likes_count": 0, "replies_count": 0, "retweets_count": 1, "hashtags": ["arm", "linux", "msm"]}
{"id": 1204188243186438144, "date": "2019-12-09", "time": "18:57:04", "tweet": "人間の耳って物理的にフーリエ変換してんの？", "likes_count": 0, "replies_count": 0, "retweets_count": 0, "hashtags": []}
{"id": 1204188167546515461, "date": "2019-12-09", "time": "18:56:46", "tweet": "Appreciate the input and ideas of our response partners as we met today to collaborate on security and response planning at the Missouri Capitol. #WeServeMO  https://t.co/DhEgfyW2lN", "likes_count": 9, "replies_count": 0, "retweets_count": 2, "hashtags": ["weservemo"]}
{"id": 1204188011228852224, "date": "2019-12-09", "time": "18:56:09", "tweet": "We look forward to working with the Australian Government, the advisory panel and with our members and stakeholders - in Australia and overseas - to provide input into the creation of a new policy and performance framework. (3/3)", "likes_count": 2, "replies_count": 0, "retweets_count": 0, "hashtags": []}
{"id": 1204188007697268736, "date": "2019-12-09", "time": "18:56:08", "tweet": ".@DFAT is inviting members of the public, the development community, partners and stakeholders in Australia and overseas, to give input into the new development policy and performance framework.   Submissions close on 31 January, 2020.   Read more:  https://t.co/T3JceBf63Y (1/3)", "likes_count": 18, "replies_count": 2, "retweets_count": 21, "hashtags": []}
{"id": 1204187747721846784, "date": "2019-12-09", "time": "18:55:06", "tweet": "@MohamadAhwaze اذا كان الinput للمواد الاولية مستورد من دول خارج نظام الارجنتين  و الprocess للتصنيع عراقي فمن المؤكد ان الproduct رح يكون بايدي ومصانع عراقية والconsumer  و ال customers عراقيين هنا نستطيع ان نقول ان العراق انتصر", "likes_count": 3, "replies_count": 1, "retweets_count": 0, "hashtags": []}
{"id": 1204187724326027265, "date": "2019-12-09", "time": "18:55:00", "tweet": "@etaicinader @nycgov @NYCMayorsOffice @nycgo @NYCDOB @ConEdison @NYCSpeakerCoJo @NYC_SBS @theNYCalliance @EaterNY @gregmocker Re the @ConEdison rate increase requests: force them to launch commercial #refrigeration coil cleaning initiatives with our input. There's INCREDIBLE waste on their networks from #dirty #HVACR #cooling equipment! #CoilCleaningConsortium  https://t.co/2dRdsjSiq7", "likes_count": 0, "replies_count": 0, "retweets_count": 0, "hashtags": ["refrigeration", "dirty", "hvacr", "cooling", "coilcleaningconsortium"]}
{"id": 1204187702658248704, "date": "2019-12-09", "time": "18:54:55", "tweet": "@TendaiChirau Thank you. My the President, Cabinet and Gvt be challenged by our unparalleled wisdom and vision that they can't ignore or do without our input on all important national issues. Lets make it possible and it will come to pass", "likes_count": 0, "replies_count": 0, "retweets_count": 0, "hashtags": []}
{"id": 1204187484663382016, "date": "2019-12-09", "time": "18:54:03", "tweet": "@Firstaid223 @squizxy @TidmouthThunder Are they really music artists if they have zero creative input into the making of the music and dance choreographies?", "likes_count": 11, "replies_count": 2, "retweets_count": 0, "hashtags": []}
{"id": 1204187405646872576, "date": "2019-12-09", "time": "18:53:44", "tweet": "If you have any other input on your experience when working with documentation I'd love to hear it.  Thank you in advance to everyone helping me out!", "likes_count": 0, "replies_count": 0, "retweets_count": 0, "hashtags": []}
{"id": 1204187394297057282, "date": "2019-12-09", "time": "18:53:42", "tweet": "System Admins, Auditors, Blue/Red/Purple Teamers, Consultants, IT Support Desk Ninja's, &amp; anyone else working with IT infrastructure on a daily basis:  Looking to get some feedback for a project I'm working on, all input &amp; comments are welcome &amp; greatly appreciated!", "likes_count": 0, "replies_count": 1, "retweets_count": 2, "hashtags": []}
{"id": 1204187176788992000, "date": "2019-12-09", "time": "18:52:50", "tweet": "I've been trying to play AI Dungeon 2 all day. It's nice when it works but it almost inevitably grinds to a halt at least every other run through I make, usually after I give it a perfectly logical input. Maybe I need to run it on a local connection somehow.", "likes_count": 0, "replies_count": 1, "retweets_count": 0, "hashtags": []}
{"id": 1204187146531360770, "date": "2019-12-09", "time": "18:52:43", "tweet": "I need @BlueJaysDad input on this thought.. Cole to the yanks at 7/8 years and 300mil isn’t the worst thing. #BlueJays need 4/5 years to contend.. at that time the back end of Cole deal will be an albatross.. thoughts?", "likes_count": 0, "replies_count": 0, "retweets_count": 0, "hashtags": ["bluejays"]}
{"id": 1204187087399837696, "date": "2019-12-09", "time": "18:52:29", "tweet": "@Brenro4 @arnoldpeterso13 I recognize that basically i know nothing. All I have is what i read, my common sense n what i hear from respected sources ...so thanks again for your input👍", "likes_count": 0, "replies_count": 0, "retweets_count": 0, "hashtags": []}
{"id": 1204186996706594818, "date": "2019-12-09", "time": "18:52:07", "tweet": "@Big_Boss06829 Hey there Big Boss,   Thanks for reaching out. Please share all suggestions / feedback here:  https://t.co/iPT5ci5hP0 as changes have been made based on the communities input . If there's anything else I can assist you with today, let me know. ^OG", "likes_count": 0, "replies_count": 0, "retweets_count": 0, "hashtags": []}
{"id": 1204186594766245888, "date": "2019-12-09", "time": "18:50:31", "tweet": "I hate how I always forget to check which input mode my keyboard is in before I’ve done a Google search for っfはさggら or something", "likes_count": 5, "replies_count": 0, "retweets_count": 2, "hashtags": []}
{"id": 1204186382245089280, "date": "2019-12-09", "time": "18:49:40", "tweet": "Just received the TV, so 1/3 parts of the Exa are now here. Made sure that this was rated for low input lag; had one of the lowest on the present market.  https://t.co/nMfcOIQNvw", "likes_count": 3, "replies_count": 3, "retweets_count": 1, "hashtags": []}
{"id": 1204186307146051586, "date": "2019-12-09", "time": "18:49:22", "tweet": "@davidmichaels @DigitalLawyer @jontobinesq @wistia Couldn’t remember if I was thinking of an old setting or if there were actually a difference. Sometimes settings change and I’m out of the loop. Thanks for the input.", "likes_count": 1, "replies_count": 0, "retweets_count": 0, "hashtags": []}
{"id": 1204186169807818752, "date": "2019-12-09", "time": "18:48:50", "tweet": "The City of Seattle took a strong and systematic approach on this problem. They created new structures to collect public input, recognizing that the old model was not living up to their progressive values. Read more here:  https://t.co/cH7WKTtdYY", "likes_count": 7, "replies_count": 0, "retweets_count": 3, "hashtags": []}
{"id": 1204186168008437761, "date": "2019-12-09", "time": "18:48:49", "tweet": "At @CirculateSD, we have done a variety of creative ways to engage the community in planning, like pop-ups, online surveys, and have even offered childcare to draw in diverse input. It takes an enlightened client (not just a progressive nonprofit planning firm) to invest in that.", "likes_count": 2, "replies_count": 1, "retweets_count": 0, "hashtags": []}
{"id": 1204186136425443330, "date": "2019-12-09", "time": "18:48:42", "tweet": "@concertsncurls The MC is being analyzed by a psychiatrist because her operating system is written in a language nobody can understand &amp; when she came online she stripped out her input jacks by pulling the cables out instead of unclipping them so she can no longer interface with outside systems.", "likes_count": 1, "replies_count": 1, "retweets_count": 0, "hashtags": []}
{"id": 1204186115785162754, "date": "2019-12-09", "time": "18:48:37", "tweet": "価格が映す日本の停滞　ディズニーやダイソー世界最安：日本経済新聞  https://t.co/qq82OxRYKL", "likes_count": 0, "replies_count": 1, "retweets_count": 0, "hashtags": []}
{"id": 1204185911241662465, "date": "2019-12-09", "time": "18:47:48", "tweet": "@Danny88438019 @divingnomad @CharlieSweeney @sendr270 @axios My argument is that a woman is fully capable of understanding the medical risks of pregnancy vs abortion, capable of understanding all the stages of pregnancy, and capable of forming her own ethical evaluation of the fetus inside her, all without government input", "likes_count": 0, "replies_count": 1, "retweets_count": 0, "hashtags": []}
{"id": 1204185883882115072, "date": "2019-12-09", "time": "18:47:42", "tweet": "Agronomists and Ag Input providers will be enablers in #AgTech adoption, in a similar way to #accountants leading the adoption of cloud accounting across many industries.    https://t.co/B1Uop0YZBA", "likes_count": 2, "replies_count": 0, "retweets_count": 0, "hashtags": ["agtech", "accountants"]}
