{"id": 1136422358472962048, "date": "2019-06-05", "time": "19:59:38", "tweet": "desde que se me chingo el control que me compre e tenido que jugar al smash con los joycons y vaya que mal e jugado no me salen bien el uso del spacing el joystick sin importar en que sensibilidad lo pongas no es muy preciso batallo mas para hacer los tilts ademas del input lag  https://t.co/XnLv05FcvJ", "likes_count": 2, "replies_count": 0, "retweets_count": 1, "hashtags": []}
{"id": 1136422355784347650, "date": "2019-06-05", "time": "19:59:37", "tweet": "I've also explored forum-based RPGs and online options like roll20 where the party is online at once. Both where people had their own unique characters and with stereotypical avatars that would become unique with input as the game went on. Just not the right place/time combo yet.", "likes_count": 1, "replies_count": 0, "retweets_count": 0, "hashtags": []}
{"id": 1136422255804723200, "date": "2019-06-05", "time": "19:59:14", "tweet": "@7goldenbowls Thank u for your input I will check this out", "likes_count": 0, "replies_count": 0, "retweets_count": 0, "hashtags": []}
{"id": 1136422041500966913, "date": "2019-06-05", "time": "19:58:23", "tweet": "@IBTJ365 @thebibleproject Thank u for your input! I will check it out", "likes_count": 1, "replies_count": 0, "retweets_count": 0, "hashtags": []}
{"id": 1136421937255788545, "date": "2019-06-05", "time": "19:57:58", "tweet": "Changes made to component's string input does not change original string  https://t.co/rdGjHXnyJV  https://t.co/CO7uTtsxLK", "likes_count": 0, "replies_count": 0, "retweets_count": 0, "hashtags": []}
{"id": 1136421919224414208, "date": "2019-06-05", "time": "19:57:53", "tweet": "@delology @ChristianRebe11 @ChrisannDawson Thank you. I think out loud. 😉 I appreciate input.", "likes_count": 2, "replies_count": 0, "retweets_count": 0, "hashtags": []}
{"id": 1136421832804823040, "date": "2019-06-05", "time": "19:57:33", "tweet": "We used different Math websites to input data about the weight of our chicks to create different graphs. Students could see how the data looked different when displayed in a line graph, a pie graph &amp; a bar graph. Students could visually &amp; quickly see different growth patterns.  https://t.co/PITW4eMt1X", "likes_count": 6, "replies_count": 0, "retweets_count": 0, "hashtags": []}
{"id": 1136421713984536576, "date": "2019-06-05", "time": "19:57:04", "tweet": "@TheyTookMyTwit 65 fov, 60hz and input lag just to get in full lobbies 🤢  https://t.co/nkh6gg1J1r", "likes_count": 0, "replies_count": 1, "retweets_count": 0, "hashtags": []}
{"id": 1136421660997890048, "date": "2019-06-05", "time": "19:56:52", "tweet": "A county-wide citizen police review board for Allegheny County? In the wake of the shooting of Antwon Rose, County Councilman Paul Klein and others have proposed legislation to create a board similar to the one in the city. Public input and details on @TheCW at 10 and @KDKA at 11  https://t.co/10btU0RlMH", "likes_count": 7, "replies_count": 2, "retweets_count": 2, "hashtags": []}
{"id": 1136421591947141120, "date": "2019-06-05", "time": "19:56:35", "tweet": "You cannot annoy me!  I had some input on making you!", "likes_count": 0, "replies_count": 0, "retweets_count": 0, "hashtags": []}
{"id": 1136421557608300544, "date": "2019-06-05", "time": "19:56:27", "tweet": "@Diglibertarians @littlebitykitty @JulieBorowski @jamesmackie3310 @KamalaHarris okay? do you have any input on what i was actually saying or do you just need to point out my lack of putting the word “education” behind abstinence?", "likes_count": 1, "replies_count": 1, "retweets_count": 0, "hashtags": []}
{"id": 1136421526755037184, "date": "2019-06-05", "time": "19:56:20", "tweet": "@bryanedwardhill @Sean_G_Murphy Sometimes input can be as important as output.", "likes_count": 6, "replies_count": 1, "retweets_count": 0, "hashtags": []}
{"id": 1136421516826951682, "date": "2019-06-05", "time": "19:56:17", "tweet": "おはようございます😃😃😃  ※写真に深い意味はないです  https://t.co/6HoKGbfBz5", "likes_count": 1, "replies_count": 1, "retweets_count": 0, "hashtags": []}
{"id": 1136421375764287488, "date": "2019-06-05", "time": "19:55:44", "tweet": "@yurricanes @vexwerewolf Is this for connecting to a laptop? Does it need a Thunderbolt or DisplayPort input, or are you using something like HDMI?", "likes_count": 0, "replies_count": 1, "retweets_count": 0, "hashtags": []}
{"id": 1136421249851285504, "date": "2019-06-05", "time": "19:55:14", "tweet": "Last valid input: 2019-06-06 08:55:07.455028 Temperature: 30.00 C Humidity: 54.00 %", "likes_count": 0, "replies_count": 0, "retweets_count": 0, "hashtags": []}
{"id": 1136421175926505473, "date": "2019-06-05", "time": "19:54:56", "tweet": "@SharpNickel @MrHeavyHustle @BovadaOfficial @GDAWG5000 @TheBigGuyBubba @SkeeProfit @whale_capper I play poker and place bets to pay my bills. Going in the hole isn't an option. I feel im a bit too conservative at times though. I really liked this bet but thank you for slowing my role, lets see what happens. Ill let you know what I end up doing. Id like to see more input", "likes_count": 2, "replies_count": 0, "retweets_count": 1, "hashtags": []}
{"id": 1136421019533684739, "date": "2019-06-05", "time": "19:54:19", "tweet": "@BitStreetSheep @Crypto_Minion @confusedcrypto I dont laugh with anyone's opinion to be honest. I listen to it and either reject, keep in mind or adapt. Lets see what he thinks first if he wants to reply anyway. Thanks for your input though!", "likes_count": 1, "replies_count": 0, "retweets_count": 0, "hashtags": []}
{"id": 1136420899618545664, "date": "2019-06-05", "time": "19:53:50", "tweet": "@Becca9941 Could u please tell what is sanitisation and white-listing. I read somewhere on the internet that these bots fill out all form fields so we can keep 1 or 2 input fields as hidden using CSS, as these bots target using HTML tags, check if some value exists in it before saving to DB", "likes_count": 0, "replies_count": 1, "retweets_count": 0, "hashtags": []}
{"id": 1136420842114600960, "date": "2019-06-05", "time": "19:53:37", "tweet": "@RumblewiththeB I feel you on that. That’s why I hate when people ask for input and deep down they know they’re going going to refuse whatever info comes their way", "likes_count": 1, "replies_count": 1, "retweets_count": 0, "hashtags": []}
{"id": 1136420742718009346, "date": "2019-06-05", "time": "19:53:13", "tweet": "I think I am doing my job well when someone is afraid to respond to my critical input on twitter. Excellent.", "likes_count": 0, "replies_count": 0, "retweets_count": 0, "hashtags": []}
{"id": 1136420696051990528, "date": "2019-06-05", "time": "19:53:02", "tweet": "@SyeraMiktayee Next best thing- support organizations who welcome your input! It's still a pipe dream for my type of professional associations to be headed by #actuallyautistic individuals. So, if #actuallyautistic members are valued, that is next best alternative in my book.", "likes_count": 1, "replies_count": 0, "retweets_count": 0, "hashtags": ["actuallyautistic", "actuallyautistic"]}
{"id": 1136420694995210242, "date": "2019-06-05", "time": "19:53:02", "tweet": "@Unlimited_Sin I try not to do both because my computer likes to blast music over my voice despite me trying to find a balance! Thank you for the input~ 💕", "likes_count": 1, "replies_count": 0, "retweets_count": 0, "hashtags": []}
{"id": 1136420553982713864, "date": "2019-06-05", "time": "19:52:28", "tweet": "Put some stank on it (2) by DEECLEF  Yo..! Give me your input on this track..!  Also got this 🔥Album called \"CAROLANTA\"..! 🔥💥Track \"DARKSKIN J-COLE\" is bannas..! Coming 2019, on All digital platforms..!   https://t.co/nVFR2tQFlQ #musicmakerjam", "likes_count": 0, "replies_count": 0, "retweets_count": 0, "hashtags": ["musicmakerjam"]}
{"id": 1136420539654922243, "date": "2019-06-05", "time": "19:52:24", "tweet": "@IntelDankWeb @Hasan_JF @Timcast What's wrong with drinking with a couple of white supremacists? It's not like they're ACTUAL nazis. That's just stupid.", "likes_count": 2, "replies_count": 0, "retweets_count": 0, "hashtags": []}
{"id": 1136420494280970241, "date": "2019-06-05", "time": "19:52:14", "tweet": "@GovWike Your Excellency that is what is called Administrative intelligence in an input ideological prism  Let them see what it takes to lead intelligently congratulations  DG Atiku Agitative Initiative group", "likes_count": 0, "replies_count": 0, "retweets_count": 0, "hashtags": []}
{"id": 1136420395203137546, "date": "2019-06-05", "time": "19:51:50", "tweet": "I want my W.I.P to become an animated series on a big network and I have at least 50% creative input", "likes_count": 0, "replies_count": 0, "retweets_count": 0, "hashtags": []}
{"id": 1136420266001674242, "date": "2019-06-05", "time": "19:51:19", "tweet": "@million_input だよね〜ふと気になって夜も寝れなかった、ありがとう！ 高校でパワポ使う人いるマジか(笑）", "likes_count": 1, "replies_count": 0, "retweets_count": 0, "hashtags": []}
{"id": 1136419968256499718, "date": "2019-06-05", "time": "19:50:08", "tweet": "@S1ckboy21 Exactly!!! I was just curious from a viewers standpoint because it doesn't bother me when i watch people but i dont really pay attention to it either. Thanks for the input!", "likes_count": 1, "replies_count": 1, "retweets_count": 0, "hashtags": []}
{"id": 1136419956520837120, "date": "2019-06-05", "time": "19:50:05", "tweet": "@jimmymacgers @Dotsy1978 Thanks for your input. Next time try it again without the boring alkie patter.", "likes_count": 0, "replies_count": 0, "retweets_count": 0, "hashtags": []}
{"id": 1136419933523521539, "date": "2019-06-05", "time": "19:50:00", "tweet": "@novakltm @markpelzel @SenSanders Tariffs are always meant to be temporary. When imported input goods become more expensive, US companies reliant on global supply chains become less competitive in world markets, hurting consumers and causing layoffs.", "likes_count": 0, "replies_count": 0, "retweets_count": 0, "hashtags": []}
{"id": 1136419903307542528, "date": "2019-06-05", "time": "19:49:53", "tweet": "@thankyourem The input head.", "likes_count": 0, "replies_count": 0, "retweets_count": 0, "hashtags": []}
{"id": 1136419817349627905, "date": "2019-06-05", "time": "19:49:32", "tweet": "When u commit mistakes in critical positions and they lead to goals against your team, u are statistically taking back your input from the team  Granit needs to do better tbh", "likes_count": 0, "replies_count": 0, "retweets_count": 0, "hashtags": []}
{"id": 1136419171091267587, "date": "2019-06-05", "time": "19:46:58", "tweet": "@BetteMidler You should expand your input.  One video showed maybe 10,000 protesters (with a lot of communist hammer &amp; sicle flags), and another showed 20-30,000 supporters.", "likes_count": 0, "replies_count": 0, "retweets_count": 0, "hashtags": []}
{"id": 1136419144344190976, "date": "2019-06-05", "time": "19:46:52", "tweet": "Now the poll is approaching what I perceive out there. None need fear another man or women's perception of reality. All input is constructive. I am not an Atheist. I am not Religious. The being that man calls \"God\" is real to me in this moment continually.", "likes_count": 1, "replies_count": 1, "retweets_count": 1, "hashtags": []}
{"id": 1136419115906654209, "date": "2019-06-05", "time": "19:46:45", "tweet": "inputを増やせばoutput が良くなる訳ではない", "likes_count": 0, "replies_count": 0, "retweets_count": 0, "hashtags": []}
{"id": 1136419055886381056, "date": "2019-06-05", "time": "19:46:31", "tweet": "@IdeaGov Thanks! I always value your input.", "likes_count": 1, "replies_count": 0, "retweets_count": 0, "hashtags": []}
{"id": 1136418990597611520, "date": "2019-06-05", "time": "19:46:15", "tweet": "Who wants to be special and give me their input on 7 Nights Yoongis story before I post it??", "likes_count": 4, "replies_count": 1, "retweets_count": 0, "hashtags": []}
{"id": 1136418953180278784, "date": "2019-06-05", "time": "19:46:06", "tweet": "@GiveLuckyBack @KeithOlbermann If the #NYCACC leadership had ANY potential to change, it would take input to heart. Instead, it just ups the smoke and mirrors. I covered the good, bad, and ugly. This is the ugly.", "likes_count": 1, "replies_count": 0, "retweets_count": 1, "hashtags": ["nycacc"]}
{"id": 1136418736783732741, "date": "2019-06-05", "time": "19:45:15", "tweet": "@_kelsology Thanks man preciate ya input", "likes_count": 0, "replies_count": 0, "retweets_count": 0, "hashtags": []}
{"id": 1136418719498997760, "date": "2019-06-05", "time": "19:45:11", "tweet": "@AcademicMindset Are you saying I can't defend myself? Hahah . Thanks for the input. Always love hearing your thoughts", "likes_count": 3, "replies_count": 1, "retweets_count": 0, "hashtags": []}
{"id": 1136422358472962048, "date": "2019-06-05", "time": "19:59:38", "tweet": "desde que se me chingo el control que me compre e tenido que jugar al smash con los joycons y vaya que mal e jugado no me salen bien el uso del spacing el joystick sin importar en que sensibilidad lo pongas no es muy preciso batallo mas para hacer los tilts ademas del input lag  https://t.co/XnLv05FcvJ", "likes_count": 2, "replies_count": 0, "retweets_count": 1, "hashtags": []}
{"id": 1136422355784347650, "date": "2019-06-05", "time": "19:59:37", "tweet": "I've also explored forum-based RPGs and online options like roll20 where the party is online at once. Both where people had their own unique characters and with stereotypical avatars that would become unique with input as the game went on. Just not the right place/time combo yet.", "likes_count": 1, "replies_count": 0, "retweets_count": 0, "hashtags": []}
{"id": 1136422255804723200, "date": "2019-06-05", "time": "19:59:14", "tweet": "@7goldenbowls Thank u for your input I will check this out", "likes_count": 0, "replies_count": 0, "retweets_count": 0, "hashtags": []}
{"id": 1136422041500966913, "date": "2019-06-05", "time": "19:58:23", "tweet": "@IBTJ365 @thebibleproject Thank u for your input! I will check it out", "likes_count": 1, "replies_count": 0, "retweets_count": 0, "hashtags": []}
{"id": 1136421937255788545, "date": "2019-06-05", "time": "19:57:58", "tweet": "Changes made to component's string input does not change original string  https://t.co/rdGjHXnyJV  https://t.co/CO7uTtsxLK", "likes_count": 0, "replies_count": 0, "retweets_count": 0, "hashtags": []}
{"id": 1136421919224414208, "date": "2019-06-05", "time": "19:57:53", "tweet": "@delology @ChristianRebe11 @ChrisannDawson Thank you. I think out loud. 😉 I appreciate input.", "likes_count": 2, "replies_count": 0, "retweets_count": 0, "hashtags": []}
{"id": 1136421832804823040, "date": "2019-06-05", "time": "19:57:33", "tweet": "We used different Math websites to input data about the weight of our chicks to create different graphs. Students could see how the data looked different when displayed in a line graph, a pie graph &amp; a bar graph. Students could visually &amp; quickly see different growth patterns.  https://t.co/PITW4eMt1X", "likes_count": 6, "replies_count": 0, "retweets_count": 0, "hashtags": []}
{"id": 1136421713984536576, "date": "2019-06-05", "time": "19:57:04", "tweet": "@TheyTookMyTwit 65 fov, 60hz and input lag just to get in full lobbies 🤢  https://t.co/nkh6gg1J1r", "likes_count": 0, "replies_count": 1, "retweets_count": 0, "hashtags": []}
{"id": 1136421660997890048, "date": "2019-06-05", "time": "19:56:52", "tweet": "A county-wide citizen police review board for Allegheny County? In the wake of the shooting of Antwon Rose, County Councilman Paul Klein and others have proposed legislation to create a board similar to the one in the city. Public input and details on @TheCW at 10 and @KDKA at 11  https://t.co/10btU0RlMH", "likes_count": 7, "replies_count": 2, "retweets_count": 2, "hashtags": []}
{"id": 1136421591947141120, "date": "2019-06-05", "time": "19:56:35", "tweet": "You cannot annoy me!  I had some input on making you!", "likes_count": 0, "replies_count": 0, "retweets_count": 0, "hashtags": []}
{"id": 1136421557608300544, "date": "2019-06-05", "time": "19:56:27", "tweet": "@Diglibertarians @littlebitykitty @JulieBorowski @jamesmackie3310 @KamalaHarris okay? do you have any input on what i was actually saying or do you just need to point out my lack of putting the word “education” behind abstinence?", "likes_count": 1, "replies_count": 1, "retweets_count": 0, "hashtags": []}
{"id": 1136421526755037184, "date": "2019-06-05", "time": "19:56:20", "tweet": "@bryanedwardhill @Sean_G_Murphy Sometimes input can be as important as output.", "likes_count": 6, "replies_count": 1, "retweets_count": 0, "hashtags": []}
{"id": 1136421516826951682, "date": "2019-06-05", "time": "19:56:17", "tweet": "おはようございます😃😃😃  ※写真に深い意味はないです  https://t.co/6HoKGbfBz5", "likes_count": 1, "replies_count": 1, "retweets_count": 0, "hashtags": []}
{"id": 1136421375764287488, "date": "2019-06-05", "time": "19:55:44", "tweet": "@yurricanes @vexwerewolf Is this for connecting to a laptop? Does it need a Thunderbolt or DisplayPort input, or are you using something like HDMI?", "likes_count": 0, "replies_count": 1, "retweets_count": 0, "hashtags": []}
{"id": 1136421249851285504, "date": "2019-06-05", "time": "19:55:14", "tweet": "Last valid input: 2019-06-06 08:55:07.455028 Temperature: 30.00 C Humidity: 54.00 %", "likes_count": 0, "replies_count": 0, "retweets_count": 0, "hashtags": []}
{"id": 1136421175926505473, "date": "2019-06-05", "time": "19:54:56", "tweet": "@SharpNickel @MrHeavyHustle @BovadaOfficial @GDAWG5000 @TheBigGuyBubba @SkeeProfit @whale_capper I play poker and place bets to pay my bills. Going in the hole isn't an option. I feel im a bit too conservative at times though. I really liked this bet but thank you for slowing my role, lets see what happens. Ill let you know what I end up doing. Id like to see more input", "likes_count": 2, "replies_count": 0, "retweets_count": 1, "hashtags": []}
{"id": 1136421019533684739, "date": "2019-06-05", "time": "19:54:19", "tweet": "@BitStreetSheep @Crypto_Minion @confusedcrypto I dont laugh with anyone's opinion to be honest. I listen to it and either reject, keep in mind or adapt. Lets see what he thinks first if he wants to reply anyway. Thanks for your input though!", "likes_count": 1, "replies_count": 0, "retweets_count": 0, "hashtags": []}
{"id": 1136420899618545664, "date": "2019-06-05", "time": "19:53:50", "tweet": "@Becca9941 Could u please tell what is sanitisation and white-listing. I read somewhere on the internet that these bots fill out all form fields so we can keep 1 or 2 input fields as hidden using CSS, as these bots target using HTML tags, check if some value exists in it before saving to DB", "likes_count": 0, "replies_count": 1, "retweets_count": 0, "hashtags": []}
{"id": 1136420842114600960, "date": "2019-06-05", "time": "19:53:37", "tweet": "@RumblewiththeB I feel you on that. That’s why I hate when people ask for input and deep down they know they’re going going to refuse whatever info comes their way", "likes_count": 1, "replies_count": 1, "retweets_count": 0, "hashtags": []}
{"id": 1136420742718009346, "date": "2019-06-05", "time": "19:53:13", "tweet": "I think I am doing my job well when someone is afraid to respond to my critical input on twitter. Excellent.", "likes_count": 0, "replies_count": 0, "retweets_count": 0, "hashtags": []}
{"id": 1136420696051990528, "date": "2019-06-05", "time": "19:53:02", "tweet": "@SyeraMiktayee Next best thing- support organizations who welcome your input! It's still a pipe dream for my type of professional associations to be headed by #actuallyautistic individuals. So, if #actuallyautistic members are valued, that is next best alternative in my book.", "likes_count": 1, "replies_count": 0, "retweets_count": 0, "hashtags": ["actuallyautistic", "actuallyautistic"]}
{"id": 1136420694995210242, "date": "2019-06-05", "time": "19:53:02", "tweet": "@Unlimited_Sin I try not to do both because my computer likes to blast music over my voice despite me trying to find a balance! Thank you for the input~ 💕", "likes_count": 1, "replies_count": 0, "retweets_count": 0, "hashtags": []}
{"id": 1136420553982713864, "date": "2019-06-05", "time": "19:52:28", "tweet": "Put some stank on it (2) by DEECLEF  Yo..! Give me your input on this track..!  Also got this 🔥Album called \"CAROLANTA\"..! 🔥💥Track \"DARKSKIN J-COLE\" is bannas..! Coming 2019, on All digital platforms..!   https://t.co/nVFR2tQFlQ #musicmakerjam", "likes_count": 0, "replies_count": 0, "retweets_count": 0, "hashtags": ["musicmakerjam"]}
{"id": 1136420539654922243, "date": "2019-06-05", "time": "19:52:24", "tweet": "@IntelDankWeb @Hasan_JF @Timcast What's wrong with drinking with a couple of white supremacists? It's not like they're ACTUAL nazis. That's just stupid.", "likes_count": 2, "replies_count": 0, "retweets_count": 0, "hashtags": []}
{"id": 1136420494280970241, "date": "2019-06-05", "time": "19:52:14", "tweet": "@GovWike Your Excellency that is what is called Administrative intelligence in an input ideological prism  Let them see what it takes to lead intelligently congratulations  DG Atiku Agitative Initiative group", "likes_count": 0, "replies_count": 0, "retweets_count": 0, "hashtags": []}
{"id": 1136420395203137546, "date": "2019-06-05", "time": "19:51:50", "tweet": "I want my W.I.P to become an animated series on a big network and I have at least 50% creative input", "likes_count": 0, "replies_count": 0, "retweets_count": 0, "hashtags": []}
{"id": 1136420266001674242, "date": "2019-06-05", "time": "19:51:19", "tweet": "@million_input だよね〜ふと気になって夜も寝れなかった、ありがとう！ 高校でパワポ使う人いるマジか(笑）", "likes_count": 1, "replies_count": 0, "retweets_count": 0, "hashtags": []}
{"id": 1136419968256499718, "date": "2019-06-05", "time": "19:50:08", "tweet": "@S1ckboy21 Exactly!!! I was just curious from a viewers standpoint because it doesn't bother me when i watch people but i dont really pay attention to it either. Thanks for the input!", "likes_count": 1, "replies_count": 1, "retweets_count": 0, "hashtags": []}
{"id": 1136419956520837120, "date": "2019-06-05", "time": "19:50:05", "tweet": "@jimmymacgers @Dotsy1978 Thanks for your input. Next time try it again without the boring alkie patter.", "likes_count": 0, "replies_count": 0, "retweets_count": 0, "hashtags": []}
{"id": 1136419933523521539, "date": "2019-06-05", "time": "19:50:00", "tweet": "@novakltm @markpelzel @SenSanders Tariffs are always meant to be temporary. When imported input goods become more expensive, US companies reliant on global supply chains become less competitive in world markets, hurting consumers and causing layoffs.", "likes_count": 0, "replies_count": 0, "retweets_count": 0, "hashtags": []}
{"id": 1136419903307542528, "date": "2019-06-05", "time": "19:49:53", "tweet": "@thankyourem The input head.", "likes_count": 0, "replies_count": 0, "retweets_count": 0, "hashtags": []}
{"id": 1136419817349627905, "date": "2019-06-05", "time": "19:49:32", "tweet": "When u commit mistakes in critical positions and they lead to goals against your team, u are statistically taking back your input from the team  Granit needs to do better tbh", "likes_count": 0, "replies_count": 0, "retweets_count": 0, "hashtags": []}
{"id": 1136419171091267587, "date": "2019-06-05", "time": "19:46:58", "tweet": "@BetteMidler You should expand your input.  One video showed maybe 10,000 protesters (with a lot of communist hammer &amp; sicle flags), and another showed 20-30,000 supporters.", "likes_count": 0, "replies_count": 0, "retweets_count": 0, "hashtags": []}
{"id": 1136419144344190976, "date": "2019-06-05", "time": "19:46:52", "tweet": "Now the poll is approaching what I perceive out there. None need fear another man or women's perception of reality. All input is constructive. I am not an Atheist. I am not Religious. The being that man calls \"God\" is real to me in this moment continually.", "likes_count": 1, "replies_count": 1, "retweets_count": 1, "hashtags": []}
{"id": 1136419115906654209, "date": "2019-06-05", "time": "19:46:45", "tweet": "inputを増やせばoutput が良くなる訳ではない", "likes_count": 0, "replies_count": 0, "retweets_count": 0, "hashtags": []}
{"id": 1136419055886381056, "date": "2019-06-05", "time": "19:46:31", "tweet": "@IdeaGov Thanks! I always value your input.", "likes_count": 1, "replies_count": 0, "retweets_count": 0, "hashtags": []}
{"id": 1136418990597611520, "date": "2019-06-05", "time": "19:46:15", "tweet": "Who wants to be special and give me their input on 7 Nights Yoongis story before I post it??", "likes_count": 4, "replies_count": 1, "retweets_count": 0, "hashtags": []}
{"id": 1136418953180278784, "date": "2019-06-05", "time": "19:46:06", "tweet": "@GiveLuckyBack @KeithOlbermann If the #NYCACC leadership had ANY potential to change, it would take input to heart. Instead, it just ups the smoke and mirrors. I covered the good, bad, and ugly. This is the ugly.", "likes_count": 1, "replies_count": 0, "retweets_count": 1, "hashtags": ["nycacc"]}
{"id": 1136418736783732741, "date": "2019-06-05", "time": "19:45:15", "tweet": "@_kelsology Thanks man preciate ya input", "likes_count": 0, "replies_count": 0, "retweets_count": 0, "hashtags": []}
{"id": 1136418719498997760, "date": "2019-06-05", "time": "19:45:11", "tweet": "@AcademicMindset Are you saying I can't defend myself? Hahah . Thanks for the input. Always love hearing your thoughts", "likes_count": 3, "replies_count": 1, "retweets_count": 0, "hashtags": []}
{"id": 1136418689333563397, "date": "2019-06-05", "time": "19:45:03", "tweet": "News Digest: @ACFair opens next week, @DUSD4kids election results, Livermore Rodeo, Foothill alum advances on @ninjawarrior ,  Rally for Love, Rao in top 50 at @ScrippsBee &amp; Dublin town square input session  https://t.co/9U2uUeQf8x", "likes_count": 2, "replies_count": 0, "retweets_count": 1, "hashtags": []}
{"id": 1136418569913348097, "date": "2019-06-05", "time": "19:44:35", "tweet": "@nubank @BrOrlandi Imagina, e na tela de vocês de escrever o motivo de não saber do que se trata x valor da fatura, tem um campo que parece ser textarea, mas depois de escrever uma linha, ele fica com estilização de input :( e fica tudo na horizontal, usabilidade fica horrível pra ler o que escrevi", "likes_count": 0, "replies_count": 0, "retweets_count": 0, "hashtags": []}
{"id": 1136418568503930881, "date": "2019-06-05", "time": "19:44:35", "tweet": "We're working on a promotional video for library resources aimed at the deaf community and we needed his input.  I imagine he as some stories to tell, both good and bad about his childhood.", "likes_count": 1, "replies_count": 0, "retweets_count": 0, "hashtags": []}
{"id": 1136418428305268736, "date": "2019-06-05", "time": "19:44:01", "tweet": "Study Input Informs NASA Course for a Vibrant Future Commercial Space Economy  https://t.co/zHmzBLcENY", "likes_count": 0, "replies_count": 0, "retweets_count": 0, "hashtags": []}
{"id": 1136418418272419841, "date": "2019-06-05", "time": "19:43:59", "tweet": "@SourPatches2077 @drdina1 @PeachesJenkins3 @Peachyoghurt_YT @will_malone @MLaidlawMD I’m not well versed in the medical side,but have a degenerative neurological thing( that won’t end well) I spending time researching how to avoid unnecessary medicalisation. So far 4 years remission and no pharma input. That’s another reason I find this baffling &amp; cruel", "likes_count": 9, "replies_count": 0, "retweets_count": 0, "hashtags": []}
{"id": 1136418402245992449, "date": "2019-06-05", "time": "19:43:55", "tweet": "Money Cube -  help you get MONEY for free. Input my invite code❤VSCXA❤ after installation, and you will get 1000 Clicks. Download link:Money Cube - An APP which will help you get MONEY f Input my invite code ❤VSCXA❤ after installation, and you will   https://t.co/UGMBUKejC8  https://t.co/nGE1eKswCD", "likes_count": 0, "replies_count": 0, "retweets_count": 0, "hashtags": []}
{"id": 1136418377621213186, "date": "2019-06-05", "time": "19:43:49", "tweet": "@jmatonak and if youre still in contact with orig players you could get different input from each to create several separate timelines of changed history", "likes_count": 0, "replies_count": 1, "retweets_count": 0, "hashtags": []}
{"id": 1136418312101875713, "date": "2019-06-05", "time": "19:43:33", "tweet": "@BWildeGlobal Was waiting for your input and opinion on this Brian 😀 I think there's a better chance they sign Duchene considering they've been linked to him before. Can't see both signing but MB does pull rabbits out of his hat sometimes", "likes_count": 1, "replies_count": 0, "retweets_count": 0, "hashtags": []}
{"id": 1136418245940981760, "date": "2019-06-05", "time": "19:43:18", "tweet": "Do I value my voice, or student input? How much time do I spend talking at students instead if having them work - that type of action is a symbol. #EduTECHAU  https://t.co/QHZZxMFhga", "likes_count": 4, "replies_count": 1, "retweets_count": 1, "hashtags": ["edutechau"]}
{"id": 1136418111039479808, "date": "2019-06-05", "time": "19:42:45", "tweet": "本腰入れてコーチングを深めるようになったら、傾聴力と質問力も比例してるのを実感してる。良いoutputは良いinputから。 そのスピードと質は人によって様々だから、異なるタイプがお互いを理解し合っているチームは最高だな。", "likes_count": 0, "replies_count": 0, "retweets_count": 0, "hashtags": []}
{"id": 1136418058740805632, "date": "2019-06-05", "time": "19:42:33", "tweet": "This week, the community came together to provide input on a new design for the rehabilitation of Richmond’s Boorman Park.  https://t.co/K8DwkTQaEy", "likes_count": 3, "replies_count": 0, "retweets_count": 0, "hashtags": []}
{"id": 1136417905170702337, "date": "2019-06-05", "time": "19:41:56", "tweet": "Or are there newer ones on the market now? We macro is really cheap at the moment, but others I've spoken to have said I should save and buy one of the others due to them being better and having better controllers and software.  Any input would be much appreciated.", "likes_count": 0, "replies_count": 0, "retweets_count": 0, "hashtags": []}
{"id": 1136417885742612480, "date": "2019-06-05", "time": "19:41:52", "tweet": "@6icra Input Delay", "likes_count": 0, "replies_count": 0, "retweets_count": 0, "hashtags": []}
{"id": 1136417796680642561, "date": "2019-06-05", "time": "19:41:31", "tweet": "The next iPad pro should have native video input hardware to eliminate the remaining lags and quirks. But I'm afraid what kind of money Apple would charge dor that capability.", "likes_count": 0, "replies_count": 0, "retweets_count": 0, "hashtags": []}
{"id": 1136417791517446146, "date": "2019-06-05", "time": "19:41:29", "tweet": "If your hardcore audience gets angry at the idea that people playing with different input methods \"might\" have an \"unfair\" advantage. Then your hardcore audience is garbage and toxic af.", "likes_count": 2, "replies_count": 1, "retweets_count": 0, "hashtags": []}
{"id": 1136417744138723328, "date": "2019-06-05", "time": "19:41:18", "tweet": "Money Cube - An APP which will help you get MONEY for free. Input my invite code ❤QEW2F❤ after installation, and you will get 1000 Clicks. Download link:  https://t.co/mhsgl88lgY", "likes_count": 0, "replies_count": 0, "retweets_count": 0, "hashtags": []}
{"id": 1136417719035678720, "date": "2019-06-05", "time": "19:41:12", "tweet": "Read while in moving car+hearing song=zero input what you’re reading. Sumpah acah", "likes_count": 0, "replies_count": 0, "retweets_count": 1, "hashtags": []}
{"id": 1136417622939987969, "date": "2019-06-05", "time": "19:40:49", "tweet": "Students need agency. We need to build school culture where student agency is accounted for. Includes setting goals, inviting student input, ownership in our school communities. #EduTechAU", "likes_count": 1, "replies_count": 0, "retweets_count": 0, "hashtags": ["edutechau"]}
{"id": 1136417563682910209, "date": "2019-06-05", "time": "19:40:35", "tweet": "@Aphelia Michelle, we deeply apologize for this experience. We absolutely value your input and are thankful you have brought this to our attention. I will be sending a screenshot of this over to corporate. Again we are sorry a Delivery driver made you feel unsafe.", "likes_count": 1, "replies_count": 0, "retweets_count": 0, "hashtags": []}
{"id": 1136417563368402944, "date": "2019-06-05", "time": "19:40:35", "tweet": "@onlynekya I didnt but thank you for your input that was not needed or wanted! ☺️ All I am saying is this is not a month for straights and we shouldn’t be walking around showing straight pride when we should be supporting lgbtq for showing their pride. But anyways have a nice day!", "likes_count": 0, "replies_count": 0, "retweets_count": 0, "hashtags": []}
