{"id": 1144756896743608320, "date": "2019-06-28", "time": "19:58:07", "tweet": "Read from input instead of hardcoded to file  https://t.co/VIxe8FAo3L #github", "likes_count": 0, "replies_count": 0, "retweets_count": 0, "hashtags": ["github"]}
{"id": 1144756573237104641, "date": "2019-06-28", "time": "19:56:50", "tweet": "@BeatemupsWood YHC-LHV-YRF would appreciate your input if you have the time my man! First level, still working out everything ❤️", "likes_count": 0, "replies_count": 0, "retweets_count": 0, "hashtags": []}
{"id": 1144756413044002817, "date": "2019-06-28", "time": "19:56:12", "tweet": "Join the conversation on supportive housing at the forum held on Thursday, July 18 from 2-5 PM at Contra Costa College (classroom GE 225) located 2600 Mission Bell Drive San Pablo, CA 94806. Input gathered will be…  https://t.co/qd3cSGHtQq", "likes_count": 0, "replies_count": 0, "retweets_count": 0, "hashtags": []}
{"id": 1144756365568557056, "date": "2019-06-28", "time": "19:56:00", "tweet": "@bundodina @indragunawanRKT @jokowi @Arah_ku Bukan bagian DPT siluman, surat suara di coblos, salah input SITUNG, dan gak ada korelasi dengan MK .", "likes_count": 0, "replies_count": 0, "retweets_count": 0, "hashtags": []}
{"id": 1144756353463795712, "date": "2019-06-28", "time": "19:55:57", "tweet": "@furkyourwurk I'm sorry to hear that. Are you certain that they didn't enjoy your input? If they didn't, maybe this was just a learning experience to find out who deserves your wisdom and enthusiasm.   Or maybe you can just start making voodoo dolls.", "likes_count": 1, "replies_count": 1, "retweets_count": 0, "hashtags": []}
{"id": 1144756220374474753, "date": "2019-06-28", "time": "19:55:26", "tweet": "@KDNJ613 @njpd2015 @NJSenatePres Much appreciate your interest and input.  Don’t tell anyone that I admitted this, but we legislator’s actually don’t know everything!  Your perspective helped me reach my position. How gov’t supposed to work!  Thanks again.", "likes_count": 2, "replies_count": 0, "retweets_count": 1, "hashtags": []}
{"id": 1144756190922100736, "date": "2019-06-28", "time": "19:55:19", "tweet": "Detroit has been using one of the most pervasive facial-recognition technologies in the nation without input from the public. Should the city have held a public hearing to determine whether residents want the technology?", "likes_count": 11, "replies_count": 5, "retweets_count": 18, "hashtags": []}
{"id": 1144756051268513792, "date": "2019-06-28", "time": "19:54:45", "tweet": "For example - my professor was trying to shit on abortion by saying there's brain activity when there's a heartbeat and his next slide said that nervous system input not required for heartbeat. He skipped that slide REAL QUICK. lmao", "likes_count": 2, "replies_count": 1, "retweets_count": 0, "hashtags": []}
{"id": 1144755979419934720, "date": "2019-06-28", "time": "19:54:28", "tweet": "People on here claiming that Caribbean people had no input in hip hop and reggae? How does an education system fail some people so badly?", "likes_count": 5, "replies_count": 1, "retweets_count": 1, "hashtags": []}
{"id": 1144755959597871104, "date": "2019-06-28", "time": "19:54:23", "tweet": "@NurlelySiregar @prabowo @sandiuno @Dahnilanzar Kalo inget lagi waktu setelah pemungutan suara, video kecurangan dimana2, KPPS meninggal dunia, carut marut penghitungan suara, salah data, salah input dll. Nyesek hati kami melihatnya. Masih gak rela. Tapi dgn sombongnya mrk klaim menang di atas kecurangan. Allaaahuu Akbarr.", "likes_count": 0, "replies_count": 0, "retweets_count": 0, "hashtags": []}
{"id": 1144755946876473344, "date": "2019-06-28", "time": "19:54:20", "tweet": "@ScammerRevolts Hey man! I am a big fan, but I have a problem with TeamViewer. I can’t seem to be able to use ”disable remote input” because I have the free version. Then I wonder, how do You do it?", "likes_count": 0, "replies_count": 0, "retweets_count": 0, "hashtags": []}
{"id": 1144755940530372608, "date": "2019-06-28", "time": "19:54:19", "tweet": "Very interesting. Thank you all for your input.", "likes_count": 0, "replies_count": 0, "retweets_count": 0, "hashtags": []}
{"id": 1144755791968329730, "date": "2019-06-28", "time": "19:53:43", "tweet": "@warmatters @stuarthammond14 I do find this v interesting. I tend to think of these arguments as the ‘output’ bit of the ‘input’-‘output’-‘outcome’ spectrum. (And that’s what the defence review papers I was reading were talking about.) The ‘outcome’ bit feels just as difficult, but for different reasons!", "likes_count": 3, "replies_count": 1, "retweets_count": 0, "hashtags": []}
{"id": 1144755746824839169, "date": "2019-06-28", "time": "19:53:33", "tweet": "Tolong lah mr editing gc input nilainya.", "likes_count": 0, "replies_count": 0, "retweets_count": 0, "hashtags": []}
{"id": 1144755619158609920, "date": "2019-06-28", "time": "19:53:02", "tweet": "@Biggletron Hello, thank you for reporting. We are really sorry to hear about the pass-up. We will submit a report for follow-up. For future reference, you are also welcome to provide input at  https://t.co/Xkbjc0bO17", "likes_count": 0, "replies_count": 1, "retweets_count": 0, "hashtags": []}
{"id": 1144755608916152320, "date": "2019-06-28", "time": "19:53:00", "tweet": "@issmmaellv2 @pcgamer Lag input High ping/ping spike depends on ur connection U can hv high ping too in singleplayer Can't play singleplayer game when ur internet is down If they fail all ur game is gone forever Indeed future game", "likes_count": 1, "replies_count": 0, "retweets_count": 0, "hashtags": []}
{"id": 1144755497007865856, "date": "2019-06-28", "time": "19:52:33", "tweet": "박항서 \"재계약 금액 논의는 아직 일러…서두르지 않을 것\" https://t.co/unNaemG4l9녀iew/AKR20190628103100007?input=tw", "likes_count": 0, "replies_count": 0, "retweets_count": 0, "hashtags": []}
{"id": 1144755446730743808, "date": "2019-06-28", "time": "19:52:21", "tweet": "Sabar mba' itu salah input", "likes_count": 0, "replies_count": 0, "retweets_count": 1, "hashtags": []}
{"id": 1144755347221032960, "date": "2019-06-28", "time": "19:51:57", "tweet": "Does anybody have any input on the design of my Minecraft house?", "likes_count": 5, "replies_count": 3, "retweets_count": 0, "hashtags": []}
{"id": 1144755196255301632, "date": "2019-06-28", "time": "19:51:21", "tweet": "Does anyone get this weird delay in SFV netplay at the start of a round where you can't input anything and then you get King Crimsoned with a fireball to the face", "likes_count": 1, "replies_count": 0, "retweets_count": 0, "hashtags": []}
{"id": 1144756896743608320, "date": "2019-06-28", "time": "19:58:07", "tweet": "Read from input instead of hardcoded to file  https://t.co/VIxe8FAo3L #github", "likes_count": 0, "replies_count": 0, "retweets_count": 0, "hashtags": ["github"]}
{"id": 1144756573237104641, "date": "2019-06-28", "time": "19:56:50", "tweet": "@BeatemupsWood YHC-LHV-YRF would appreciate your input if you have the time my man! First level, still working out everything ❤️", "likes_count": 0, "replies_count": 0, "retweets_count": 0, "hashtags": []}
{"id": 1144756413044002817, "date": "2019-06-28", "time": "19:56:12", "tweet": "Join the conversation on supportive housing at the forum held on Thursday, July 18 from 2-5 PM at Contra Costa College (classroom GE 225) located 2600 Mission Bell Drive San Pablo, CA 94806. Input gathered will be…  https://t.co/qd3cSGHtQq", "likes_count": 0, "replies_count": 0, "retweets_count": 0, "hashtags": []}
{"id": 1144756365568557056, "date": "2019-06-28", "time": "19:56:00", "tweet": "@bundodina @indragunawanRKT @jokowi @Arah_ku Bukan bagian DPT siluman, surat suara di coblos, salah input SITUNG, dan gak ada korelasi dengan MK .", "likes_count": 0, "replies_count": 0, "retweets_count": 0, "hashtags": []}
{"id": 1144756353463795712, "date": "2019-06-28", "time": "19:55:57", "tweet": "@furkyourwurk I'm sorry to hear that. Are you certain that they didn't enjoy your input? If they didn't, maybe this was just a learning experience to find out who deserves your wisdom and enthusiasm.   Or maybe you can just start making voodoo dolls.", "likes_count": 1, "replies_count": 1, "retweets_count": 0, "hashtags": []}
{"id": 1144756220374474753, "date": "2019-06-28", "time": "19:55:26", "tweet": "@KDNJ613 @njpd2015 @NJSenatePres Much appreciate your interest and input.  Don’t tell anyone that I admitted this, but we legislator’s actually don’t know everything!  Your perspective helped me reach my position. How gov’t supposed to work!  Thanks again.", "likes_count": 2, "replies_count": 0, "retweets_count": 1, "hashtags": []}
{"id": 1144756190922100736, "date": "2019-06-28", "time": "19:55:19", "tweet": "Detroit has been using one of the most pervasive facial-recognition technologies in the nation without input from the public. Should the city have held a public hearing to determine whether residents want the technology?", "likes_count": 11, "replies_count": 5, "retweets_count": 18, "hashtags": []}
{"id": 1144756051268513792, "date": "2019-06-28", "time": "19:54:45", "tweet": "For example - my professor was trying to shit on abortion by saying there's brain activity when there's a heartbeat and his next slide said that nervous system input not required for heartbeat. He skipped that slide REAL QUICK. lmao", "likes_count": 2, "replies_count": 1, "retweets_count": 0, "hashtags": []}
{"id": 1144755979419934720, "date": "2019-06-28", "time": "19:54:28", "tweet": "People on here claiming that Caribbean people had no input in hip hop and reggae? How does an education system fail some people so badly?", "likes_count": 5, "replies_count": 1, "retweets_count": 1, "hashtags": []}
{"id": 1144755959597871104, "date": "2019-06-28", "time": "19:54:23", "tweet": "@NurlelySiregar @prabowo @sandiuno @Dahnilanzar Kalo inget lagi waktu setelah pemungutan suara, video kecurangan dimana2, KPPS meninggal dunia, carut marut penghitungan suara, salah data, salah input dll. Nyesek hati kami melihatnya. Masih gak rela. Tapi dgn sombongnya mrk klaim menang di atas kecurangan. Allaaahuu Akbarr.", "likes_count": 0, "replies_count": 0, "retweets_count": 0, "hashtags": []}
{"id": 1144755946876473344, "date": "2019-06-28", "time": "19:54:20", "tweet": "@ScammerRevolts Hey man! I am a big fan, but I have a problem with TeamViewer. I can’t seem to be able to use ”disable remote input” because I have the free version. Then I wonder, how do You do it?", "likes_count": 0, "replies_count": 0, "retweets_count": 0, "hashtags": []}
{"id": 1144755940530372608, "date": "2019-06-28", "time": "19:54:19", "tweet": "Very interesting. Thank you all for your input.", "likes_count": 0, "replies_count": 0, "retweets_count": 0, "hashtags": []}
{"id": 1144755791968329730, "date": "2019-06-28", "time": "19:53:43", "tweet": "@warmatters @stuarthammond14 I do find this v interesting. I tend to think of these arguments as the ‘output’ bit of the ‘input’-‘output’-‘outcome’ spectrum. (And that’s what the defence review papers I was reading were talking about.) The ‘outcome’ bit feels just as difficult, but for different reasons!", "likes_count": 3, "replies_count": 1, "retweets_count": 0, "hashtags": []}
{"id": 1144755746824839169, "date": "2019-06-28", "time": "19:53:33", "tweet": "Tolong lah mr editing gc input nilainya.", "likes_count": 0, "replies_count": 0, "retweets_count": 0, "hashtags": []}
{"id": 1144755619158609920, "date": "2019-06-28", "time": "19:53:02", "tweet": "@Biggletron Hello, thank you for reporting. We are really sorry to hear about the pass-up. We will submit a report for follow-up. For future reference, you are also welcome to provide input at  https://t.co/Xkbjc0bO17", "likes_count": 0, "replies_count": 1, "retweets_count": 0, "hashtags": []}
{"id": 1144755608916152320, "date": "2019-06-28", "time": "19:53:00", "tweet": "@issmmaellv2 @pcgamer Lag input High ping/ping spike depends on ur connection U can hv high ping too in singleplayer Can't play singleplayer game when ur internet is down If they fail all ur game is gone forever Indeed future game", "likes_count": 1, "replies_count": 0, "retweets_count": 0, "hashtags": []}
{"id": 1144755497007865856, "date": "2019-06-28", "time": "19:52:33", "tweet": "박항서 \"재계약 금액 논의는 아직 일러…서두르지 않을 것\" https://t.co/unNaemG4l9녀iew/AKR20190628103100007?input=tw", "likes_count": 0, "replies_count": 0, "retweets_count": 0, "hashtags": []}
{"id": 1144755446730743808, "date": "2019-06-28", "time": "19:52:21", "tweet": "Sabar mba' itu salah input", "likes_count": 0, "replies_count": 0, "retweets_count": 1, "hashtags": []}
{"id": 1144755347221032960, "date": "2019-06-28", "time": "19:51:57", "tweet": "Does anybody have any input on the design of my Minecraft house?", "likes_count": 5, "replies_count": 3, "retweets_count": 0, "hashtags": []}
{"id": 1144755196255301632, "date": "2019-06-28", "time": "19:51:21", "tweet": "Does anyone get this weird delay in SFV netplay at the start of a round where you can't input anything and then you get King Crimsoned with a fireball to the face", "likes_count": 1, "replies_count": 0, "retweets_count": 0, "hashtags": []}
{"id": 1144755131654856705, "date": "2019-06-28", "time": "19:51:06", "tweet": "Update: apparently the controller is a dud. No buttons input anything... Except A, which inputs all the things. Going to see if World9 can help.", "likes_count": 0, "replies_count": 1, "retweets_count": 0, "hashtags": []}
{"id": 1144755037538848768, "date": "2019-06-28", "time": "19:50:44", "tweet": "@RandiFoorDalton There’s a local playground with a toy teepee and I wonder if anyone bothered asking local NAs for their input or if teepees were even used in this area...", "likes_count": 32, "replies_count": 1, "retweets_count": 0, "hashtags": []}
{"id": 1144755015648591872, "date": "2019-06-28", "time": "19:50:38", "tweet": "Thank you Evan for your input. I mixed up the Pacific and Eastern Standard time and missed the first debate. Peace and health to you. Enjoy your summer.", "likes_count": 1, "replies_count": 0, "retweets_count": 0, "hashtags": []}
{"id": 1144754899240067073, "date": "2019-06-28", "time": "19:50:11", "tweet": "Getting ready to start something new and exciting... hoping for a little input. What #science topics (past and present) in the news are most misunderstood/misrepresented? #SciComm #STEM", "likes_count": 1, "replies_count": 3, "retweets_count": 0, "hashtags": ["science", "scicomm", "stem"]}
{"id": 1144754592019865602, "date": "2019-06-28", "time": "19:48:57", "tweet": "I do aim to try out cel shading once I have some finished lineart to play with, and maybe my color theory? I'm just unsure what to work at next, and I would appreciate input/critique? Outside my wobbly limbed stuff, that I like", "likes_count": 1, "replies_count": 3, "retweets_count": 0, "hashtags": []}
{"id": 1144754556431212544, "date": "2019-06-28", "time": "19:48:49", "tweet": "@VollmerHeinrich @eschiAktuell @Ardvark74 Kommt immer auf den Input an.  Antworten willst du ja offensichtlich weder lesen, noch gar versteh.  Lass gut sein.", "likes_count": 0, "replies_count": 0, "retweets_count": 0, "hashtags": []}
{"id": 1144754383130955776, "date": "2019-06-28", "time": "19:48:08", "tweet": "@Triiiclops_013 @Majinbryan1 If it was an actual input over a button press then you couldnt just throw them out willy nilly", "likes_count": 0, "replies_count": 1, "retweets_count": 0, "hashtags": []}
{"id": 1144754356086030336, "date": "2019-06-28", "time": "19:48:01", "tweet": "A formal request has been submitted to #CityofTO's Parks, Forestry &amp; Recreation to rename Birchmount Stadium (75 Birchmount Road) to \"Bill D. Stephens Stadium\". We would like your input.   Complete the survey:  https://t.co/SNL1Igm3VU   Share your ideas by Aug 1, 2019.  #Toronto  https://t.co/xY7JA4P6y7", "likes_count": 0, "replies_count": 0, "retweets_count": 0, "hashtags": ["cityofto", "toronto"]}
{"id": 1144754105434480642, "date": "2019-06-28", "time": "19:47:01", "tweet": "@B0mbQveen @Zaibabyy def not that hair store but thanks for yall input ❤️ have a blessed day cuties", "likes_count": 1, "replies_count": 0, "retweets_count": 0, "hashtags": []}
{"id": 1144753759479689216, "date": "2019-06-28", "time": "19:45:39", "tweet": "@WolfgangBremer This is also a big problem with input methods in VR. Any precision requires a ton of neuromuscular activity.", "likes_count": 1, "replies_count": 0, "retweets_count": 0, "hashtags": []}
{"id": 1144753756971708416, "date": "2019-06-28", "time": "19:45:38", "tweet": "@eternaIescapism Hey girl thank you so much for your input! ❤️ That’s what I’m trying to tell myself, it was totally unprofessional and at least he won’t make us uncomfortable again!", "likes_count": 1, "replies_count": 0, "retweets_count": 0, "hashtags": []}
{"id": 1144753741423362048, "date": "2019-06-28", "time": "19:45:35", "tweet": "@StealthDashPow Splitting the stream in half is a really good idea. Thanks for your input. 😊", "likes_count": 0, "replies_count": 0, "retweets_count": 0, "hashtags": []}
{"id": 1144753677028274176, "date": "2019-06-28", "time": "19:45:19", "tweet": "@purehollywood That's the lesson here. Hire sensitivity workers. Get input from the communities you're representing. Don't reinforce bad behavior. Don't let your fans love your show and characters more than you do.", "likes_count": 3, "replies_count": 0, "retweets_count": 0, "hashtags": []}
{"id": 1144753581914021888, "date": "2019-06-28", "time": "19:44:57", "tweet": "@Good_Lukk_Chuck @KingAtDa1st Any other input beside that?", "likes_count": 0, "replies_count": 1, "retweets_count": 0, "hashtags": []}
{"id": 1144753538129637377, "date": "2019-06-28", "time": "19:44:46", "tweet": "@AOC The house sent a DOA bill to undermine the rule of law at the border &amp; now you want more input. Holding this up was not an option.  Your stealth DINO has the pulse of the people every blue moon. Que verguenza nina perdiste otra vez", "likes_count": 0, "replies_count": 0, "retweets_count": 0, "hashtags": []}
{"id": 1144753508362739713, "date": "2019-06-28", "time": "19:44:39", "tweet": "Thanks for your input I have finished another evening of 7 pbem for this series :)", "likes_count": 0, "replies_count": 0, "retweets_count": 0, "hashtags": []}
{"id": 1144753498258460672, "date": "2019-06-28", "time": "19:44:37", "tweet": "PUBLIC DISCUSSION: Happening at 6 tonight at the Mesa Convention Center - Mesa Police Association and Fraternal Order of Police want public input on issues including their opinion on Chief Ramon Batista. The two unions have united to remove him from office. #fox10phoenix  https://t.co/OgftDYBSfT", "likes_count": 3, "replies_count": 8, "retweets_count": 2, "hashtags": ["fox10phoenix"]}
{"id": 1144753363323633664, "date": "2019-06-28", "time": "19:44:04", "tweet": "Come join us and let's try to come up with some ideas. Looking for input from everyone.  Members of the media are invited. RSVP here on Twitter  https://t.co/4Z2LvKon5U", "likes_count": 0, "replies_count": 0, "retweets_count": 0, "hashtags": []}
{"id": 1144753115696173057, "date": "2019-06-28", "time": "19:43:05", "tweet": "They also thinks it’s sketchy that she walks into a room and just listens to the conversation and doesn’t input everything, in a game like big brother where everyone is paranoid people are gonna think ur being sketchy #bb21", "likes_count": 0, "replies_count": 1, "retweets_count": 0, "hashtags": ["bb21"]}
{"id": 1144753107487924224, "date": "2019-06-28", "time": "19:43:03", "tweet": "Have you completed the Ken Reid Conservation Area Master Plan yet? It only takes a minute and your input is invaluable.  https://t.co/bxZPb63XLE", "likes_count": 1, "replies_count": 0, "retweets_count": 1, "hashtags": []}
{"id": 1144753070166949889, "date": "2019-06-28", "time": "19:42:55", "tweet": "@momentoftru Gotcha..thanks for your input 🙂", "likes_count": 0, "replies_count": 0, "retweets_count": 0, "hashtags": []}
{"id": 1144753003305558018, "date": "2019-06-28", "time": "19:42:39", "tweet": "#ExtinctionRebellion  How many ppl in the DFW are familiar with the city of Dallas Climate Action Plan and who gets to have input into it's development?   https://t.co/FV3LbvtdRe  https://t.co/vOyzNqf2ys", "likes_count": 4, "replies_count": 0, "retweets_count": 0, "hashtags": ["extinctionrebellion"]}
{"id": 1144752951505883137, "date": "2019-06-28", "time": "19:42:26", "tweet": "@andreperryedu Data is input by Humans. If the data is not input correctly it can be completely off ( Refer to Zillow (your basis) and other sites that have incorrect data) therefore if one is to site data as their basis the data must be accurate &amp; analyzed correctly in order for it to be valid", "likes_count": 2, "replies_count": 0, "retweets_count": 0, "hashtags": []}
{"id": 1144752805510561792, "date": "2019-06-28", "time": "19:41:51", "tweet": "@Saysithowitis1 @AndrewMcleay @guardian @guardiannews @BBCNews @BBCWorld @bbclaurak @MetroUK @standardnews @EveningStandard Says it how it is: input = doesn’t read anything &gt; or be aware &gt; or think = output.", "likes_count": 0, "replies_count": 1, "retweets_count": 0, "hashtags": []}
{"id": 1144752763139743749, "date": "2019-06-28", "time": "19:41:41", "tweet": "@GoogleStadia ok, 1 question, what will be the lag input rate of the servers? (milliseconds)", "likes_count": 0, "replies_count": 0, "retweets_count": 0, "hashtags": []}
{"id": 1144752741551656960, "date": "2019-06-28", "time": "19:41:36", "tweet": "@CP0spandam @HolyOmniscience And yet the input was put in anyway  Funny how that happens", "likes_count": 1, "replies_count": 1, "retweets_count": 0, "hashtags": []}
{"id": 1144752731841843201, "date": "2019-06-28", "time": "19:41:34", "tweet": "@MAGA2ARIGHTS MarieAnne my wife and I truly appreciate the connections that all of you have provided. You folks have been a blessing helping us share and receive input! 4930", "likes_count": 9, "replies_count": 3, "retweets_count": 12, "hashtags": []}
{"id": 1144752527851868162, "date": "2019-06-28", "time": "19:40:45", "tweet": "All of em...I need full input", "likes_count": 1, "replies_count": 0, "retweets_count": 0, "hashtags": []}
{"id": 1144752511380856838, "date": "2019-06-28", "time": "19:40:41", "tweet": "Last valid input: 2019-06-29 08:40:38.630536 Temperature: 30.00 C Humidity: 67.00 %", "likes_count": 0, "replies_count": 0, "retweets_count": 0, "hashtags": []}
{"id": 1144752474332512256, "date": "2019-06-28", "time": "19:40:33", "tweet": "Madison Parks Division asks for community input on dog-friendly parks  https://t.co/5pEA22cLVn", "likes_count": 2, "replies_count": 0, "retweets_count": 0, "hashtags": []}
{"id": 1144752316215676928, "date": "2019-06-28", "time": "19:39:55", "tweet": "@xoxomyseries I LOVE HOW YOURE HERE GIVING VALUABLE INPUT ON SPORTS POLITICS AND I’M JUST Girls", "likes_count": 0, "replies_count": 1, "retweets_count": 0, "hashtags": []}
{"id": 1144752206882791424, "date": "2019-06-28", "time": "19:39:29", "tweet": "@tslaqpodcast @pac_watson @Jo_electron @FedsDead @JTSEO9 @markbspiegel You’re asking @markbspiegel for input......he started shorting $TSLA at $90 a share.....I wonder how that’s worked out, especially after all the trade costs and interest over the last 6 years.", "likes_count": 2, "replies_count": 1, "retweets_count": 0, "hashtags": []}
{"id": 1144752185613271040, "date": "2019-06-28", "time": "19:39:24", "tweet": "So apropos of diverse input, I loved this post @austinkleon shared of author Richard Wright, most famously known for the novel Native Son, but I never knew he wrote haiku. What a nice discovery.  https://t.co/3zqnFIyDJS", "likes_count": 0, "replies_count": 0, "retweets_count": 0, "hashtags": []}
{"id": 1144752180286693376, "date": "2019-06-28", "time": "19:39:22", "tweet": "@AndrewGillum   There are many of us in twitter who live in Florida   This is an illegal/ unconstitutional tax  Do you have any input or ideas on how we can assist these people? Are you involved with this segment in terms of encouraging them to register to vote?  Need direction", "likes_count": 0, "replies_count": 0, "retweets_count": 0, "hashtags": []}
{"id": 1144752138339246080, "date": "2019-06-28", "time": "19:39:12", "tweet": "@Iona_RoseFGC It's because of the change of input from 5B+K 6B+K", "likes_count": 1, "replies_count": 1, "retweets_count": 0, "hashtags": []}
{"id": 1144751644157943809, "date": "2019-06-28", "time": "19:37:15", "tweet": "My Mom won’t answer or text back and I need her input on shorts that match a shirt.....  https://t.co/rnkAw8kuUC", "likes_count": 5, "replies_count": 0, "retweets_count": 0, "hashtags": []}
{"id": 1144751589661519872, "date": "2019-06-28", "time": "19:37:02", "tweet": "@getnickwright NICK!!!! We need your input on the kk news", "likes_count": 0, "replies_count": 0, "retweets_count": 0, "hashtags": []}
{"id": 1144751502860271616, "date": "2019-06-28", "time": "19:36:41", "tweet": "@GEGus23 @BetoORourke Input already did that but no hate I’m paying my debt by busting ass", "likes_count": 0, "replies_count": 1, "retweets_count": 0, "hashtags": []}
{"id": 1144751476851400704, "date": "2019-06-28", "time": "19:36:35", "tweet": "I've been thinking about @austinkleon's recent post on \"no input, no output,\" pointing out that we have to take things in to think interesting thoughts worthy of sharing. I try to keep the input diverse.  https://t.co/Pswxx4m4jE", "likes_count": 1, "replies_count": 1, "retweets_count": 1, "hashtags": []}
{"id": 1144751429011329024, "date": "2019-06-28", "time": "19:36:23", "tweet": "@MTG_Arena hey! Just bought a core20 planeswalker deck (paper) and it came with a code for Arena. Can I input it today, or do I need to wait until core20 releases on Arena?", "likes_count": 1, "replies_count": 0, "retweets_count": 0, "hashtags": []}
{"id": 1144751238434697222, "date": "2019-06-28", "time": "19:35:38", "tweet": "Thanks for the input, Participant Flake  https://t.co/pfuBCBPjcO", "likes_count": 0, "replies_count": 0, "retweets_count": 0, "hashtags": []}
{"id": 1144751148282204160, "date": "2019-06-28", "time": "19:35:16", "tweet": "This is a key input. Bottom line takeaway: US needs to be part of TWN defense AND TWN needs to implement ODC.", "likes_count": 10, "replies_count": 0, "retweets_count": 2, "hashtags": []}
{"id": 1144751132457283584, "date": "2019-06-28", "time": "19:35:13", "tweet": "@macm24 @TonyDIndy @1070thefan @Twitter I agree.  We miss our Tony “fix” every day!!  I like how he had great input every day.", "likes_count": 1, "replies_count": 0, "retweets_count": 0, "hashtags": []}
{"id": 1144751096809705472, "date": "2019-06-28", "time": "19:35:04", "tweet": "@facebook @GooglePixels @github Your web interface is unfriendly towards people who need to use dictation.  You expect keyboard key input.  Take a note from @SlackHQ @Google I literally have to dictate into Google Keep and then copy and paste.", "likes_count": 0, "replies_count": 0, "retweets_count": 0, "hashtags": []}
{"id": 1144751062839992320, "date": "2019-06-28", "time": "19:34:56", "tweet": "@LizAnnSonders @WSJ Have a Wonderful Weekend Liz Ann... Thank you for all your brilliant input This Week 💃", "likes_count": 0, "replies_count": 0, "retweets_count": 0, "hashtags": []}
{"id": 1144750973853851648, "date": "2019-06-28", "time": "19:34:35", "tweet": "@therealcorpsy Didn't need ur input", "likes_count": 0, "replies_count": 1, "retweets_count": 0, "hashtags": []}
{"id": 1144750837584896001, "date": "2019-06-28", "time": "19:34:02", "tweet": "Offer your leave-behinds. Follow up with a BRIEF email a week after the con, thanking them for their time &amp; input. Your 1st few won't get you work. You’ll get feedback and you get on their radar. Hang in there. Keep making new comics.", "likes_count": 14, "replies_count": 2, "retweets_count": 2, "hashtags": []}
{"id": 1144750773831688192, "date": "2019-06-28", "time": "19:33:47", "tweet": "@BrianWincherauk @TheBenRob2016 @RosieBarton Thanks for the input, Comrade.", "likes_count": 0, "replies_count": 0, "retweets_count": 0, "hashtags": []}
{"id": 1144750654788898818, "date": "2019-06-28", "time": "19:33:19", "tweet": "Question for all 76 (!) of my followers: what should I buy during the Criterion sale? I'll actually need input from all 76 of you. Even the bots.", "likes_count": 0, "replies_count": 1, "retweets_count": 0, "hashtags": []}
{"id": 1144750454737264640, "date": "2019-06-28", "time": "19:32:31", "tweet": "people analytics tokyo #1に参加してきました。 - INPUTしたらOUTPUT!  https://t.co/CXReX3NtXH", "likes_count": 0, "replies_count": 0, "retweets_count": 0, "hashtags": ["1に参加してきました"]}
{"id": 1144750414283386880, "date": "2019-06-28", "time": "19:32:21", "tweet": "@spatial_anomaly That's three votes to not cancel Jimmy Caret. I rescind my statement. Thanks to everyone for your input.", "likes_count": 0, "replies_count": 0, "retweets_count": 0, "hashtags": []}
{"id": 1144750366216658944, "date": "2019-06-28", "time": "19:32:10", "tweet": "@christi90608804 @GOP If there were Medicare for all the employers would drop their insurance benefits with no input from govt. just like so many did with pensions when 401k came out. 401k was intended to be employee funded retirement in addition to pension but employers decided it would replace it.", "likes_count": 0, "replies_count": 1, "retweets_count": 0, "hashtags": []}
{"id": 1144750359862218752, "date": "2019-06-28", "time": "19:32:08", "tweet": "I just want to thank @ChrissiexMarie and @ngfreshh who have both contributed to  https://t.co/1WwOaoeenh in it's time. Their input has been greatly appreciated and while all of us, myself included, have very different styles we all speak from a place of passion for wrestling.", "likes_count": 4, "replies_count": 2, "retweets_count": 2, "hashtags": []}
{"id": 1144750257282211847, "date": "2019-06-28", "time": "19:31:44", "tweet": "@NanWalton4 Chill, Pete.  Rapinoe represents herself and her beliefs and her sport.  Of course she doesn't you, or me.  She makes her own decisions without input from me or you.", "likes_count": 3, "replies_count": 0, "retweets_count": 1, "hashtags": []}
{"id": 1144750120854048768, "date": "2019-06-28", "time": "19:31:11", "tweet": "@UnsafeonHit what's the input?", "likes_count": 0, "replies_count": 1, "retweets_count": 0, "hashtags": []}
{"id": 1144749934702419973, "date": "2019-06-28", "time": "19:30:27", "tweet": "@SweetMonia Yeah it is nice getting someone else's input on anime and hearing their opinion on it to. 😃", "likes_count": 0, "replies_count": 1, "retweets_count": 0, "hashtags": []}
{"id": 1144749898576748544, "date": "2019-06-28", "time": "19:30:18", "tweet": "3rd day interseeding corn. Gut tells me this week or next week will be the best timing. I think it’s around V6? (Not a corn guy so input would be appreciated!)  https://t.co/SohHxAzKXQ", "likes_count": 51, "replies_count": 7, "retweets_count": 3, "hashtags": []}
{"id": 1144749816058187783, "date": "2019-06-28", "time": "19:29:59", "tweet": "@daabbot I wonder who you would use the most. I’d likely say diamond just because he’s likely better and so many amethysts are available in the auction. Hit me up in DM if you need more input.", "likes_count": 1, "replies_count": 0, "retweets_count": 0, "hashtags": []}
{"id": 1144749553876422662, "date": "2019-06-28", "time": "19:28:56", "tweet": "people make mistakes all the time. they need to realize that their mistakes are wrong on their own and see how to fix themselves. they don't always need outside input, or they won't learn self realization.", "likes_count": 1, "replies_count": 1, "retweets_count": 0, "hashtags": []}
{"id": 1144749288435716096, "date": "2019-06-28", "time": "19:27:53", "tweet": "Don’t forget about the public hearing that will be held Tuesday, July 2 beginning at 6:30 at the high school. We will discuss our plans for the Centerpoint Academy of Agriculture &amp; Skilled Trades.   We need lots of input, so please join us!  https://t.co/XTPiEg0wN3", "likes_count": 3, "replies_count": 1, "retweets_count": 2, "hashtags": []}
