{"id": 1135335051359662082, "date": "2019-06-02", "time": "19:59:04", "tweet": "@IFRCAfrica At last an effective input. Bravo", "likes_count": 0, "replies_count": 0, "retweets_count": 0, "hashtags": []}
{"id": 1135334959462395904, "date": "2019-06-02", "time": "19:58:42", "tweet": "@DWolfsonKSTP To what extent does Wes Johnson have different kind of input (if any) than other MLB pitching coaches might have given his familiarity with college game and innovations in development college game provides?", "likes_count": 1, "replies_count": 1, "retweets_count": 0, "hashtags": []}
{"id": 1135334670827184130, "date": "2019-06-02", "time": "19:57:33", "tweet": "@akgerber @MarketUrbanism @alon_levy Property owners have a vested interest in maintaining the housing shortage because it artificially increases the value of their property, increases the return on their capital, and reduces the labor input required to generate profits.", "likes_count": 0, "replies_count": 1, "retweets_count": 0, "hashtags": []}
{"id": 1135334630075371520, "date": "2019-06-02", "time": "19:57:23", "tweet": "\"The Gulf summit statement talked about a unified Gulf, but where is it amid the continuation of Qatar's blockade?\" Qatar’s foreign minister @ MBA_AlThani_ said. Qatar also claimed that the summit’s final statement was made without its input.  https://t.co/ihc2TQJ8tS", "likes_count": 0, "replies_count": 0, "retweets_count": 0, "hashtags": []}
{"id": 1135334463787765760, "date": "2019-06-02", "time": "19:56:44", "tweet": "@UN /input ‘routine’ Q: ‘should’ ‘humans’ ‘have’ ‘rights’? 'Yes' or 'No'?  IF yes retain IF no discard BUT can retain ‘memory copy’ IF uncertain WILL input into ‘moral research folder’ 😊", "likes_count": 0, "replies_count": 0, "retweets_count": 0, "hashtags": []}
{"id": 1135334437993029635, "date": "2019-06-02", "time": "19:56:38", "tweet": "@realDonaldTrump I’m sure they’re all monitoring twitter intently right now. So thanks for the thoughtful input.", "likes_count": 0, "replies_count": 0, "retweets_count": 0, "hashtags": []}
{"id": 1135334400487563264, "date": "2019-06-02", "time": "19:56:29", "tweet": "Really awesome, we always have good thread talks and I like it when u give ur input on art and stuff. Another cool mutual ✨✨", "likes_count": 1, "replies_count": 0, "retweets_count": 0, "hashtags": []}
{"id": 1135334399464136704, "date": "2019-06-02", "time": "19:56:28", "tweet": "@Mabelinnncxx @faritaa_ No one asked for you to put your input. Dismissed", "likes_count": 0, "replies_count": 1, "retweets_count": 0, "hashtags": []}
{"id": 1135334271416037377, "date": "2019-06-02", "time": "19:55:58", "tweet": "@paulgp This should work in felm  felm(outcome ~ t + I(t^2) + W + t*W + I(t^2)*W  | FEs  | 0 | clustering, data = data_input,              weights = sqrt(data_input$population))", "likes_count": 2, "replies_count": 0, "retweets_count": 0, "hashtags": []}
{"id": 1135334138062487552, "date": "2019-06-02", "time": "19:55:26", "tweet": "Lost due to a lost input. Joycon gang feeling sadder by the day", "likes_count": 0, "replies_count": 1, "retweets_count": 0, "hashtags": []}
{"id": 1135334093762306050, "date": "2019-06-02", "time": "19:55:16", "tweet": "@nanas_favourite @eggenthusiast In all future votes the contestants will be unknown, moving to a number system thanks to your input", "likes_count": 2, "replies_count": 0, "retweets_count": 0, "hashtags": []}
{"id": 1135334068474830849, "date": "2019-06-02", "time": "19:55:10", "tweet": "@Amanda_Dlamini9 Hey Amanda, I'm asking for your input, I am doing a FIFA research project on Life after football. Please follow follow back so we can DM. I would really appreciate your valued input 🙂", "likes_count": 1, "replies_count": 0, "retweets_count": 0, "hashtags": []}
{"id": 1135333993509838848, "date": "2019-06-02", "time": "19:54:52", "tweet": "@TDanger19 @thehill Excellent question, thank you. 1. There was never enough input from the industry: financiers, analysts, actuaries, underwriting assn's.  2. Forcing everyone to make the leap immediately and penalizing them for not complying was simple-minded, one-dimensional and ham-handed. 1/", "likes_count": 0, "replies_count": 1, "retweets_count": 0, "hashtags": []}
{"id": 1135333929685323776, "date": "2019-06-02", "time": "19:54:36", "tweet": "@kleidi8 @ericekoja @AbdulFlacko listen, until you actually SHOW me evidence that white people are the victims of racism, and not some whitewashed ‘opinions’ then your input is really irrelevant.", "likes_count": 1, "replies_count": 0, "retweets_count": 0, "hashtags": []}
{"id": 1135333874597289984, "date": "2019-06-02", "time": "19:54:23", "tweet": "@DrOliverLewis @CareQualityComm Who gets to label those in *acute* distress ?  Many distressed because of human rights violations subjected to , well capable of communicating with inspectors properly trained (includ input fm lived experience coercion/neglect) .", "likes_count": 0, "replies_count": 0, "retweets_count": 0, "hashtags": []}
{"id": 1135333860907126786, "date": "2019-06-02", "time": "19:54:20", "tweet": "@NickFMackay @KipHenley @oraclerio @z_blair That’s the camp I’m in. Thanks for the input, man. He’s playing out of Cyprian Keyes right now, you ever go there when you were up in Massachusetts?", "likes_count": 1, "replies_count": 1, "retweets_count": 0, "hashtags": []}
{"id": 1135333841877553152, "date": "2019-06-02", "time": "19:54:16", "tweet": "@Shapiro_WTHS Also, asking for their input and suggestions has been incredibly helpful. When parents have seen my humility and grace in that I am running out of ideas it empowers them and makes them feel apart of the process and their students education", "likes_count": 0, "replies_count": 0, "retweets_count": 0, "hashtags": []}
{"id": 1135333825255485440, "date": "2019-06-02", "time": "19:54:12", "tweet": "A lesson that always needs repeating: politicians are actually pretty dumb and without an available talking point at hand will tend to respond like a computer program that has been poorly coded and gets unexpected input.", "likes_count": 0, "replies_count": 0, "retweets_count": 0, "hashtags": []}
{"id": 1135333776882618368, "date": "2019-06-02", "time": "19:54:00", "tweet": "Are you a same sex couple wondering where you can get legal input? Watch the video now!  https://t.co/XR06tuQuun", "likes_count": 1, "replies_count": 0, "retweets_count": 0, "hashtags": []}
{"id": 1135333726857191424, "date": "2019-06-02", "time": "19:53:48", "tweet": "@nationalexpress I have struggled for a few days, now, to get your site to show me available coaches. Regardless of destination/date input I always get this when it comes to looking for tickets. I have cleared my cache/cookies and run all usual device checks. 🤷🏻‍♀️  https://t.co/fsVymO6h9J", "likes_count": 0, "replies_count": 1, "retweets_count": 0, "hashtags": []}
{"id": 1135335051359662082, "date": "2019-06-02", "time": "19:59:04", "tweet": "@IFRCAfrica At last an effective input. Bravo", "likes_count": 0, "replies_count": 0, "retweets_count": 0, "hashtags": []}
{"id": 1135334959462395904, "date": "2019-06-02", "time": "19:58:42", "tweet": "@DWolfsonKSTP To what extent does Wes Johnson have different kind of input (if any) than other MLB pitching coaches might have given his familiarity with college game and innovations in development college game provides?", "likes_count": 1, "replies_count": 1, "retweets_count": 0, "hashtags": []}
{"id": 1135334670827184130, "date": "2019-06-02", "time": "19:57:33", "tweet": "@akgerber @MarketUrbanism @alon_levy Property owners have a vested interest in maintaining the housing shortage because it artificially increases the value of their property, increases the return on their capital, and reduces the labor input required to generate profits.", "likes_count": 0, "replies_count": 1, "retweets_count": 0, "hashtags": []}
{"id": 1135334630075371520, "date": "2019-06-02", "time": "19:57:23", "tweet": "\"The Gulf summit statement talked about a unified Gulf, but where is it amid the continuation of Qatar's blockade?\" Qatar’s foreign minister @ MBA_AlThani_ said. Qatar also claimed that the summit’s final statement was made without its input.  https://t.co/ihc2TQJ8tS", "likes_count": 0, "replies_count": 0, "retweets_count": 0, "hashtags": []}
{"id": 1135334463787765760, "date": "2019-06-02", "time": "19:56:44", "tweet": "@UN /input ‘routine’ Q: ‘should’ ‘humans’ ‘have’ ‘rights’? 'Yes' or 'No'?  IF yes retain IF no discard BUT can retain ‘memory copy’ IF uncertain WILL input into ‘moral research folder’ 😊", "likes_count": 0, "replies_count": 0, "retweets_count": 0, "hashtags": []}
{"id": 1135334437993029635, "date": "2019-06-02", "time": "19:56:38", "tweet": "@realDonaldTrump I’m sure they’re all monitoring twitter intently right now. So thanks for the thoughtful input.", "likes_count": 0, "replies_count": 0, "retweets_count": 0, "hashtags": []}
{"id": 1135334400487563264, "date": "2019-06-02", "time": "19:56:29", "tweet": "Really awesome, we always have good thread talks and I like it when u give ur input on art and stuff. Another cool mutual ✨✨", "likes_count": 1, "replies_count": 0, "retweets_count": 0, "hashtags": []}
{"id": 1135334399464136704, "date": "2019-06-02", "time": "19:56:28", "tweet": "@Mabelinnncxx @faritaa_ No one asked for you to put your input. Dismissed", "likes_count": 0, "replies_count": 1, "retweets_count": 0, "hashtags": []}
{"id": 1135334271416037377, "date": "2019-06-02", "time": "19:55:58", "tweet": "@paulgp This should work in felm  felm(outcome ~ t + I(t^2) + W + t*W + I(t^2)*W  | FEs  | 0 | clustering, data = data_input,              weights = sqrt(data_input$population))", "likes_count": 2, "replies_count": 0, "retweets_count": 0, "hashtags": []}
{"id": 1135334138062487552, "date": "2019-06-02", "time": "19:55:26", "tweet": "Lost due to a lost input. Joycon gang feeling sadder by the day", "likes_count": 0, "replies_count": 1, "retweets_count": 0, "hashtags": []}
{"id": 1135334093762306050, "date": "2019-06-02", "time": "19:55:16", "tweet": "@nanas_favourite @eggenthusiast In all future votes the contestants will be unknown, moving to a number system thanks to your input", "likes_count": 2, "replies_count": 0, "retweets_count": 0, "hashtags": []}
{"id": 1135334068474830849, "date": "2019-06-02", "time": "19:55:10", "tweet": "@Amanda_Dlamini9 Hey Amanda, I'm asking for your input, I am doing a FIFA research project on Life after football. Please follow follow back so we can DM. I would really appreciate your valued input 🙂", "likes_count": 1, "replies_count": 0, "retweets_count": 0, "hashtags": []}
{"id": 1135333993509838848, "date": "2019-06-02", "time": "19:54:52", "tweet": "@TDanger19 @thehill Excellent question, thank you. 1. There was never enough input from the industry: financiers, analysts, actuaries, underwriting assn's.  2. Forcing everyone to make the leap immediately and penalizing them for not complying was simple-minded, one-dimensional and ham-handed. 1/", "likes_count": 0, "replies_count": 1, "retweets_count": 0, "hashtags": []}
{"id": 1135333929685323776, "date": "2019-06-02", "time": "19:54:36", "tweet": "@kleidi8 @ericekoja @AbdulFlacko listen, until you actually SHOW me evidence that white people are the victims of racism, and not some whitewashed ‘opinions’ then your input is really irrelevant.", "likes_count": 1, "replies_count": 0, "retweets_count": 0, "hashtags": []}
{"id": 1135333874597289984, "date": "2019-06-02", "time": "19:54:23", "tweet": "@DrOliverLewis @CareQualityComm Who gets to label those in *acute* distress ?  Many distressed because of human rights violations subjected to , well capable of communicating with inspectors properly trained (includ input fm lived experience coercion/neglect) .", "likes_count": 0, "replies_count": 0, "retweets_count": 0, "hashtags": []}
{"id": 1135333860907126786, "date": "2019-06-02", "time": "19:54:20", "tweet": "@NickFMackay @KipHenley @oraclerio @z_blair That’s the camp I’m in. Thanks for the input, man. He’s playing out of Cyprian Keyes right now, you ever go there when you were up in Massachusetts?", "likes_count": 1, "replies_count": 1, "retweets_count": 0, "hashtags": []}
{"id": 1135333841877553152, "date": "2019-06-02", "time": "19:54:16", "tweet": "@Shapiro_WTHS Also, asking for their input and suggestions has been incredibly helpful. When parents have seen my humility and grace in that I am running out of ideas it empowers them and makes them feel apart of the process and their students education", "likes_count": 0, "replies_count": 0, "retweets_count": 0, "hashtags": []}
{"id": 1135333825255485440, "date": "2019-06-02", "time": "19:54:12", "tweet": "A lesson that always needs repeating: politicians are actually pretty dumb and without an available talking point at hand will tend to respond like a computer program that has been poorly coded and gets unexpected input.", "likes_count": 0, "replies_count": 0, "retweets_count": 0, "hashtags": []}
{"id": 1135333776882618368, "date": "2019-06-02", "time": "19:54:00", "tweet": "Are you a same sex couple wondering where you can get legal input? Watch the video now!  https://t.co/XR06tuQuun", "likes_count": 1, "replies_count": 0, "retweets_count": 0, "hashtags": []}
{"id": 1135333726857191424, "date": "2019-06-02", "time": "19:53:48", "tweet": "@nationalexpress I have struggled for a few days, now, to get your site to show me available coaches. Regardless of destination/date input I always get this when it comes to looking for tickets. I have cleared my cache/cookies and run all usual device checks. 🤷🏻‍♀️  https://t.co/fsVymO6h9J", "likes_count": 0, "replies_count": 1, "retweets_count": 0, "hashtags": []}
