{"id": 1187519000697344004, "date": "2019-10-24", "time": "19:59:27", "tweet": "@FNMATT75 I think you have the right name...TRASH!!!! Go cheer on Alabama, we don't need your input here... You boo JG, and they could lose recruits. These kids won't wanna play on a team thatll boo their own players. How old are you anyways? I've heard better arguments from preschoolers", "likes_count": 0, "replies_count": 0, "retweets_count": 0, "hashtags": []}
{"id": 1187518550287835137, "date": "2019-10-24", "time": "19:57:40", "tweet": "@Frankiie23 @_SalmanGhareeb @lotlance13 @Justin_Gaethje @TheNotoriousMMA Thanks for that genius input.  Yes.  He still won.  Using a style that is not AT ALL reflective of Conor’s.   That was the point.  Both of those men had to grind.  Conor is not a grinder and tends to quit when the adversity increases.  Conor starches him early or gets melted.", "likes_count": 2, "replies_count": 3, "retweets_count": 0, "hashtags": []}
{"id": 1187518512748584960, "date": "2019-10-24", "time": "19:57:31", "tweet": "@1o1p1w1q This would be tractable if I had at least one solid coder.  I code for shit at this stage and by brain is rather preoccupied with the design/theory stuff, and there's no money for a developer at this point.  Input appreciated, though.", "likes_count": 0, "replies_count": 1, "retweets_count": 0, "hashtags": []}
{"id": 1187518252546580480, "date": "2019-10-24", "time": "19:56:29", "tweet": "@EthanaterGamer @maskedRea I wasn't talking about this instance though I am more so talking about the more extreme stuff though I do find the thing of itself annoying you were just giving your input from a logical standpoint it is not like when my mum walks by and is like what the hell are you doing", "likes_count": 1, "replies_count": 0, "retweets_count": 0, "hashtags": []}
{"id": 1187518235454754816, "date": "2019-10-24", "time": "19:56:25", "tweet": "@PatrickwasGG @CloneKorp Instead, I suggest you work on your stuff offline, compile a few things you want input on, &amp; dedicate a day/time to polish your terds live", "likes_count": 1, "replies_count": 0, "retweets_count": 0, "hashtags": []}
{"id": 1187518055976296449, "date": "2019-10-24", "time": "19:55:42", "tweet": "@Jack_Kotarba @hawksrule317 @BryceCarson2 Thank you all for your input 😇😂", "likes_count": 2, "replies_count": 0, "retweets_count": 0, "hashtags": []}
{"id": 1187517919909076992, "date": "2019-10-24", "time": "19:55:09", "tweet": "@dan_abramov @reactjs I'm not a Relay user so maybe that's the cause for my confusion. We create the \"resources\" object which seems to me that its shape is a contract (\"read\" method etc..). So lets say i want to fetch data on user input but i don't want to override the data but add items as they come", "likes_count": 0, "replies_count": 2, "retweets_count": 0, "hashtags": []}
{"id": 1187517894306881536, "date": "2019-10-24", "time": "19:55:03", "tweet": "@jinoreacts @AndyOT7 Yup I'm one of them. But to each his own and I respect your input. I think you listen to more of the literal sound of it, what instrument and how they used it vs how the sound makes you feel. That song has so much emotion behind it and hits right at home for a lot of us. 👍🏼💜🤘", "likes_count": 11, "replies_count": 2, "retweets_count": 0, "hashtags": []}
{"id": 1187517869560479744, "date": "2019-10-24", "time": "19:54:57", "tweet": "@PatrickwasGG @CloneKorp Don't stream production...  I understand that it's nice to have input, &amp; people do enjoy seeing behind the scenes content but it'll slow you down too much &amp; you need time where you're not streaming as well!  Burnouts a bad thing yes but not being live also gives perspective.  1/2", "likes_count": 2, "replies_count": 1, "retweets_count": 0, "hashtags": []}
{"id": 1187517843149115393, "date": "2019-10-24", "time": "19:54:51", "tweet": "why do ppl think i care abt their unwanted input!!!!! i don’t bitch!!!!!!", "likes_count": 0, "replies_count": 1, "retweets_count": 0, "hashtags": []}
{"id": 1187517842645667841, "date": "2019-10-24", "time": "19:54:51", "tweet": "NADO GROUP - BRING A STABLE &amp; STABLE BUSINESS OPPORTUNITY FOR A STRONG GROWTH FOR STRATEGIC PARTNER SUPPLYING INPUT GOODS.  https://t.co/lh4qcAHedz", "likes_count": 0, "replies_count": 0, "retweets_count": 0, "hashtags": []}
{"id": 1187517814078349313, "date": "2019-10-24", "time": "19:54:44", "tweet": "@embrey_matthew He didn’t even say he would be vp, he just said he would work with him. He should! Any input he could have is a GOOD thing.", "likes_count": 1, "replies_count": 0, "retweets_count": 0, "hashtags": []}
{"id": 1187517694171668480, "date": "2019-10-24", "time": "19:54:15", "tweet": "I’m going to prepare us dinner, does anybody have any input? I figured it would be nice to eat something before working on room arrangements and unpacking.", "likes_count": 0, "replies_count": 1, "retweets_count": 0, "hashtags": []}
{"id": 1187517643701571584, "date": "2019-10-24", "time": "19:54:03", "tweet": "Monday night is going to be a collaborative between #passthescopeEdu , #ISTEten and @mbfxc on #DigCit . Join us and share your input.  https://t.co/lYBrLARkg9  https://t.co/OPaDwqXnS5", "likes_count": 1, "replies_count": 0, "retweets_count": 0, "hashtags": ["passthescopeedu", "isteten", "digcit"]}
{"id": 1187517620951515136, "date": "2019-10-24", "time": "19:53:58", "tweet": "Happy birthday charlesmeyer and thanks for your input on today’s amazing caffepanna Key Lime Pie and Concord Grape &amp; Lime Curd Sundae 🍦👌🏽👌🏽👌🏽 #caffepanna @ Caffè Panna  https://t.co/mRHshFpcku", "likes_count": 1, "replies_count": 0, "retweets_count": 0, "hashtags": ["caffepanna"]}
{"id": 1187517565297463296, "date": "2019-10-24", "time": "19:53:45", "tweet": "@breannapjackson My mom and sister doing it but I have my input", "likes_count": 0, "replies_count": 0, "retweets_count": 0, "hashtags": []}
{"id": 1187517522582499328, "date": "2019-10-24", "time": "19:53:35", "tweet": "@DeanPreston &lt;sarcasm&gt;But that's in such contrast to all those other occasions where @VallieBrownD5 welcomed input from renters before they were put on the street! &lt;/sarcasm&gt;", "likes_count": 0, "replies_count": 0, "retweets_count": 0, "hashtags": []}
{"id": 1187517517713031168, "date": "2019-10-24", "time": "19:53:33", "tweet": "@senrobportman A good way for constituents to voice their opinions and provide meaningful input is to attend the town halls their representatives hold. But you don't know what a town hall is do you Rob?", "likes_count": 3, "replies_count": 0, "retweets_count": 0, "hashtags": []}
{"id": 1187517393117024256, "date": "2019-10-24", "time": "19:53:04", "tweet": "@ossia Thank you! I appreciate your input very much🙏", "likes_count": 1, "replies_count": 0, "retweets_count": 0, "hashtags": []}
{"id": 1187517348657483776, "date": "2019-10-24", "time": "19:52:53", "tweet": "@Auen_Ed_Tech @teacher2teacher @jonbergmann @chemicalsams We use @screencasto to creat videos to input into @edpuzzle for our flipped classrooms", "likes_count": 4, "replies_count": 1, "retweets_count": 0, "hashtags": []}
{"id": 1187517309822361600, "date": "2019-10-24", "time": "19:52:44", "tweet": "@OBJukes I made a team on team ladder and was prompted to input my gamertag of choice and activision ID, to be honest I haven’t been on shift yet if we changed that up, I’m fairly confident it’s still input your own.", "likes_count": 0, "replies_count": 1, "retweets_count": 0, "hashtags": []}
{"id": 1187517222614233088, "date": "2019-10-24", "time": "19:52:23", "tweet": "@tage_rai @m_sendhil @oziadias @sciencemagazine Similar:  https://t.co/3nXuv6gHyi - Amazon's recruiting helper tool didn't take gender as input but learnt to infer it from CVs/text.", "likes_count": 3, "replies_count": 0, "retweets_count": 1, "hashtags": []}
{"id": 1187517208588632064, "date": "2019-10-24", "time": "19:52:20", "tweet": "If you are on the fence about @dms_guild read this response. I don't ask abstract questions - I am always seeking insight and input from the community. I'm sold.  #DnD #DungeonsAndDragons #DnD5e #TTRPG #TTRPGCommunity #tabletop #gaming #DungeonMaster #tabletopgaming #DMsGuild", "likes_count": 5, "replies_count": 0, "retweets_count": 1, "hashtags": ["dnd", "dungeonsanddragons", "dnd5e", "ttrpg", "ttrpgcommunity", "tabletop", "gaming", "dungeonmaster", "tabletopgaming", "dmsguild"]}
{"id": 1187517103919812608, "date": "2019-10-24", "time": "19:51:55", "tweet": "When conversating with me I prefer someone to give me input and elaborate on a topic versus consistently asking questions to keep it going. It is one of my pet peeves.", "likes_count": 0, "replies_count": 0, "retweets_count": 0, "hashtags": []}
{"id": 1187517028745261057, "date": "2019-10-24", "time": "19:51:37", "tweet": "@SkrillJ @barbarajordan1 @DennisCMoss Resolution comes back to next TAF committee, Nov 14. In the meantime, some clarification: this resolution is/was *not* for ridership. It was right down the middle, 100% in line w. community input, prioritizing coverage in UMSA.   @DennisCMoss @barbarajordan1", "likes_count": 1, "replies_count": 0, "retweets_count": 0, "hashtags": []}
{"id": 1187517015046709248, "date": "2019-10-24", "time": "19:51:34", "tweet": "I also don’t really give any opinion or input analyzing the images because I was curious to see what people thought  https://t.co/KVrG9AdHH7", "likes_count": 1, "replies_count": 2, "retweets_count": 0, "hashtags": []}
{"id": 1187517012869648385, "date": "2019-10-24", "time": "19:51:33", "tweet": "Moving to a subscription model allows Adobe to talk more openly about its next innovations and get its user community's input. Doing that in a traditional product approach would hurt current sales, Narayen says.", "likes_count": 0, "replies_count": 1, "retweets_count": 0, "hashtags": []}
{"id": 1187516924814479360, "date": "2019-10-24", "time": "19:51:12", "tweet": "@Jeromobot Had the pleasure of attending a Q&amp;A via skype about the Elena Ferrante documentary. Hosted by her English publisher and includes Anne Goldstein’s  input.", "likes_count": 2, "replies_count": 0, "retweets_count": 0, "hashtags": []}
{"id": 1187516633574600704, "date": "2019-10-24", "time": "19:50:03", "tweet": "@MeterRs hey man, mind taking a look at this and telling me what you think? I'm trying to get some input from pkers and not getting much. Thanks!", "likes_count": 0, "replies_count": 0, "retweets_count": 0, "hashtags": []}
{"id": 1187516602507509760, "date": "2019-10-24", "time": "19:49:55", "tweet": "I don’t know what it is about the podcast medium that makes me go absolutely feral. I think it’s the intimacy of it— it’s intended for headphones, for one. It’s also collaborative, giving you the auditory input you need while trusting you to fill in the images yourself", "likes_count": 2, "replies_count": 0, "retweets_count": 0, "hashtags": []}
{"id": 1187516579770261504, "date": "2019-10-24", "time": "19:49:50", "tweet": "@DetegoDetectum @MedPierre @SarahBCalif @DrDinD @gtconway3d No it is not what she said, but I input what I thought.  Didn't know it was a private party.  Will butt out and I am not even a GOP house member.  Haaa", "likes_count": 2, "replies_count": 0, "retweets_count": 0, "hashtags": []}
{"id": 1187516566872776709, "date": "2019-10-24", "time": "19:49:47", "tweet": "Delighted to see these in print! Truly a team effort w input from bright and dedicated clinicians, researchers, and families. Hoping we've struck the right balance to ensure access to quality, compassionate care for children with ASD &amp; their families @CanPaedSociety", "likes_count": 30, "replies_count": 2, "retweets_count": 4, "hashtags": []}
{"id": 1187516541224357888, "date": "2019-10-24", "time": "19:49:41", "tweet": "@collegemenfess belom input pemasukan lainnya wkwk  https://t.co/OEhthF2rAX", "likes_count": 0, "replies_count": 0, "retweets_count": 0, "hashtags": []}
{"id": 1187516360743518209, "date": "2019-10-24", "time": "19:48:58", "tweet": "I get looked at funny but I been saying it’s the superior input method. It fits every style of input since you can map freely.", "likes_count": 1, "replies_count": 0, "retweets_count": 0, "hashtags": []}
{"id": 1187516281471356933, "date": "2019-10-24", "time": "19:48:39", "tweet": "\"It Was More Than That but thank you for you input Cipher #6.\"", "likes_count": 0, "replies_count": 0, "retweets_count": 0, "hashtags": []}
{"id": 1187516122494623746, "date": "2019-10-24", "time": "19:48:01", "tweet": "@Vicehland @yayDrem Yar you was probably playing on like 50HZ 200MS input lag ahah", "likes_count": 0, "replies_count": 1, "retweets_count": 0, "hashtags": []}
{"id": 1187516042517463041, "date": "2019-10-24", "time": "19:47:42", "tweet": "Lol I know I’m being a hater, but it was not a time to input your week 4 MUA career or your “i only know one style” nail designs into my quince 😩😩🙁🙁🙁", "likes_count": 0, "replies_count": 1, "retweets_count": 0, "hashtags": []}
{"id": 1187515942949019648, "date": "2019-10-24", "time": "19:47:18", "tweet": "@StarWarrior642 elite mode just gives all your units paragon lol you have to input a code", "likes_count": 1, "replies_count": 2, "retweets_count": 0, "hashtags": []}
{"id": 1187515856982564881, "date": "2019-10-24", "time": "19:46:57", "tweet": "@realkaypius Fine. Accepted but why spoil such valuable input by being so harsh on the initial poster? I mean your perspective is unique not everyone knows what you know.", "likes_count": 7, "replies_count": 0, "retweets_count": 0, "hashtags": []}
{"id": 1187515842319147008, "date": "2019-10-24", "time": "19:46:54", "tweet": "@KAreYouSerious Why is it a bad idea, KAre.  I would love your input.", "likes_count": 0, "replies_count": 0, "retweets_count": 0, "hashtags": []}
{"id": 1187515834681495553, "date": "2019-10-24", "time": "19:46:52", "tweet": "Lots of strategizing and team input  https://t.co/J1bqI6n8mY", "likes_count": 1, "replies_count": 0, "retweets_count": 0, "hashtags": []}
{"id": 1187515787780730881, "date": "2019-10-24", "time": "19:46:41", "tweet": "@Mayumi_Joutougu This game has difficulties?? Is it like gaiden easy mode that makes input the damn konami code", "likes_count": 1, "replies_count": 1, "retweets_count": 0, "hashtags": []}
{"id": 1187515785960402946, "date": "2019-10-24", "time": "19:46:41", "tweet": "@respec1D @Merr_iAMB @zaynfanashia @killthislwt -also were racist/islamophobic towards him &amp; controlled him. He had NO input in what he was doing, none of his songs were accepted while the others were. He was forced into a PR relationship to make simons other group famous. He even had 1d fans with islamophobic signs at the -", "likes_count": 2, "replies_count": 1, "retweets_count": 0, "hashtags": []}
{"id": 1187515580137562113, "date": "2019-10-24", "time": "19:45:51", "tweet": "@ameto You can just test boot it and go into input options without modifying the data if you have both dongles. From there you can check lights, input etc. You can plug into a standard american outlet. I've never had an issue doing that.", "likes_count": 0, "replies_count": 0, "retweets_count": 0, "hashtags": []}
{"id": 1187515510554087424, "date": "2019-10-24", "time": "19:45:35", "tweet": "@InspiringU2 Nancy and House Dems are holding a very important process and don’t really need the input of random people on Twitter.   Let the process play out as it needs to.", "likes_count": 3, "replies_count": 0, "retweets_count": 0, "hashtags": []}
{"id": 1187515483588722688, "date": "2019-10-24", "time": "19:45:28", "tweet": "@TrentOster Maybe this guy should have been asked for his input. Given his, you know, VC and tech background   https://t.co/IWWwiiJIkP", "likes_count": 0, "replies_count": 1, "retweets_count": 0, "hashtags": []}
{"id": 1187515408053669888, "date": "2019-10-24", "time": "19:45:10", "tweet": "@j1nosta I wish I could relate it's happened on other games but not this, maybe have something to do with input resolution but I'm not even sure", "likes_count": 1, "replies_count": 1, "retweets_count": 0, "hashtags": []}
{"id": 1187515372930506753, "date": "2019-10-24", "time": "19:45:02", "tweet": "Information input unit  https://t.co/69PQzhXJbO", "likes_count": 0, "replies_count": 0, "retweets_count": 0, "hashtags": []}
{"id": 1187515198208270337, "date": "2019-10-24", "time": "19:44:20", "tweet": "Several times I tried to input my ideas to make the performance a little more spicy but I was shut down. Oh well🤷🏾‍♂️", "likes_count": 1, "replies_count": 0, "retweets_count": 0, "hashtags": []}
{"id": 1187515118109769728, "date": "2019-10-24", "time": "19:44:01", "tweet": "@nadiabakhtiari Yes we have a cycling and pedestrian master plan, have recently opened major segments of the system. Currently, we are developing a new active transportation master plan, we're looking for public input. Visit  https://t.co/Eyg6zOhnOb for both. #AskScarpitti", "likes_count": 0, "replies_count": 0, "retweets_count": 0, "hashtags": ["askscarpitti"]}
{"id": 1187514978829590528, "date": "2019-10-24", "time": "19:43:28", "tweet": "I just posted \"INPUT NEEDED (via DCCC)\" on Reddit   https://t.co/E6Ygqu5Xs0", "likes_count": 0, "replies_count": 0, "retweets_count": 0, "hashtags": []}
{"id": 1187514958889803777, "date": "2019-10-24", "time": "19:43:23", "tweet": "@JARyker @forlath Lol, no worries, I appreciate the input. At no point have I considered completely going either of the V words. I couldn’t live without cheese for starters. Just trying to vary things and tofu has been ok for 2000 years, without the ridiculous mass farming there is now.", "likes_count": 1, "replies_count": 0, "retweets_count": 0, "hashtags": []}
{"id": 1187514889805455361, "date": "2019-10-24", "time": "19:43:07", "tweet": "@GSUEdLead A5: Sitting next to the person you are delivering feedback to drops walls and anxiety so both people feel more relaxed and can have a conversation. This helps for the person listening to take the input and the person delivering to be more conversational. #GSUEdLead", "likes_count": 4, "replies_count": 3, "retweets_count": 0, "hashtags": ["gsuedlead"]}
{"id": 1187514880666099714, "date": "2019-10-24", "time": "19:43:05", "tweet": "Appreciated input from @ottawahealth staff on health risks of vaping especially on youth.", "likes_count": 7, "replies_count": 0, "retweets_count": 0, "hashtags": []}
{"id": 1187514864144510976, "date": "2019-10-24", "time": "19:43:01", "tweet": "@askmenfess Jadi ketika gak diladeni, usaha supaya agar bisa diladeni atau diperhatiin. Begitu juga dengan modem wifi. Kalau dicuekin sama modem, paksa modem utk perhatiin kamu dengan cara minta ip address sendiri. Ubah ke DHCP lalu input ip address sendiri ex: 192.168.1.33", "likes_count": 1, "replies_count": 0, "retweets_count": 0, "hashtags": []}
{"id": 1187514812172914689, "date": "2019-10-24", "time": "19:42:48", "tweet": "@Ninja Hey Ninja, I have a streaming idea, I would like your input. Can you please DM me?", "likes_count": 0, "replies_count": 0, "retweets_count": 0, "hashtags": []}
{"id": 1187514789674803206, "date": "2019-10-24", "time": "19:42:43", "tweet": "@PerKurowski At least nothing helpful, because risk-weights require lawyers and accountants to figure out how to implement them, and in the end everyone else winds up paying for their input.", "likes_count": 0, "replies_count": 0, "retweets_count": 0, "hashtags": []}
{"id": 1187514769424703488, "date": "2019-10-24", "time": "19:42:38", "tweet": "Talking to a principal this week about that, Dr. Sauers...what to do with the different sorts of feedback/input.#GSUEdLead", "likes_count": 0, "replies_count": 0, "retweets_count": 0, "hashtags": ["gsuedlead"]}
{"id": 1187514699367227393, "date": "2019-10-24", "time": "19:42:21", "tweet": "RTC seeks input on Highway 1 expansion projects  https://t.co/C96x9v9T3j", "likes_count": 1, "replies_count": 0, "retweets_count": 0, "hashtags": []}
{"id": 1187514638755422211, "date": "2019-10-24", "time": "19:42:07", "tweet": "@AgainstAntichr1 @LarryHumphries1 @FemFoxx @americanism34 @Lmchristi1 @magamaga45 @realDonaldTrump Implemented for their input? What input does Congress have in the electoral college? Where is it found in Article I?", "likes_count": 1, "replies_count": 0, "retweets_count": 0, "hashtags": []}
{"id": 1187514594723586056, "date": "2019-10-24", "time": "19:41:56", "tweet": "@WalkingForEU @BBC Indeed - deffo did not need her brainless input - believe the word 'think' can be scrubbed from the term think tank in her case. Re financiers @bbcquestiontime has a lot to answer for in that case", "likes_count": 0, "replies_count": 0, "retweets_count": 0, "hashtags": []}
{"id": 1187514525618233346, "date": "2019-10-24", "time": "19:41:40", "tweet": "@defragovuk are calling for public input on 'Welfare of primates as pets in England: call for evidence'. View the consulation at:  https://t.co/HlFlJ2a3sB.  https://t.co/kbvk4AdyVE #consultation #stayinformed #parallelparliament", "likes_count": 0, "replies_count": 0, "retweets_count": 0, "hashtags": ["consultation", "stayinformed", "parallelparliament"]}
{"id": 1187514338791297025, "date": "2019-10-24", "time": "19:40:55", "tweet": "@ashnikko Thank you for your input", "likes_count": 0, "replies_count": 0, "retweets_count": 0, "hashtags": []}
{"id": 1187514290011402240, "date": "2019-10-24", "time": "19:40:44", "tweet": "VFF membership is an essential farming business input | Stock &amp; Land  https://t.co/KmerLdUrm4 via @skinnergj", "likes_count": 0, "replies_count": 0, "retweets_count": 0, "hashtags": []}
{"id": 1187514112223465474, "date": "2019-10-24", "time": "19:40:01", "tweet": "@Donny_B26 @LegacyKillaHD Thank you for your input, however there are so many taking abuse for simply liking the game. My messages are full of fans angry because of the name calling and etc. so that’s what the post is about. Let them play. I don’t mind standing up for them", "likes_count": 0, "replies_count": 2, "retweets_count": 0, "hashtags": []}
{"id": 1187514094829494272, "date": "2019-10-24", "time": "19:39:57", "tweet": "Feedback for the new CA Arts Framework is now being collected. Join us Mon, Nov 4th for dinner &amp; feedback to give public input. This is our guiding doc for years to come. @PizzaMyHeart  DTSJ Register -  https://t.co/VwboEbp43u  #ArtsEd #Music #Dance #Theater #MediaArts #SanJose  https://t.co/wPePHSN2tQ", "likes_count": 5, "replies_count": 0, "retweets_count": 1, "hashtags": ["artsed", "music", "dance", "theater", "mediaarts", "sanjose"]}
{"id": 1187514088009560064, "date": "2019-10-24", "time": "19:39:56", "tweet": "My guy just ridin his bike, Karen always gotta put her input on things, stupid bitch", "likes_count": 0, "replies_count": 0, "retweets_count": 0, "hashtags": []}
{"id": 1187514066232893441, "date": "2019-10-24", "time": "19:39:50", "tweet": "@KlatuBaradaNiko @nbpatrick Thanks for your input, Martin❣️ I, personally feel differently... But 🇺🇲 allows us to have a choice. Perhaps we can... \"Agree to disagree\"? 🌎🤝💕   Respectfully CC 🌊💙🌊", "likes_count": 0, "replies_count": 0, "retweets_count": 0, "hashtags": []}
{"id": 1187514021341061120, "date": "2019-10-24", "time": "19:39:40", "tweet": "So: cheat sheet. Did the name explain what it's testing? When can it fail, is this the party we care about? Is it testing only one thing? What's the input data, is it obvious to a reader of the code?  Bring the tester superpowers to the code discussion! @AgileGeoff #testbash", "likes_count": 10, "replies_count": 0, "retweets_count": 6, "hashtags": ["testbash"]}
{"id": 1187514015397765120, "date": "2019-10-24", "time": "19:39:38", "tweet": "Hey guys ! Gonna stream tonight 🤗 also if any of you know how to fix duplicate voices on audio input or output let me know ASAP! Having issues :/ Have a chill day ✨ #streamer #twitch #comingback #fortnite #fun #videogames #girl #overwatch #RainbowSixSiege #PlayStation4", "likes_count": 2, "replies_count": 0, "retweets_count": 0, "hashtags": ["streamer", "twitch", "comingback", "fortnite", "fun", "videogames", "girl", "overwatch", "rainbowsixsiege", "playstation4"]}
{"id": 1187513981172404226, "date": "2019-10-24", "time": "19:39:30", "tweet": "@KirbyLewd I'm  furry main so my input is invalid. But I love spiking people with Wolf's side b. I go for it even if I'm at a stock disadvantage, just because I love how it looks Zelda's spike is also fun to hit (but I don't main her)  Other than that I main Roy (my boy) and Jiggs (#restOP)", "likes_count": 0, "replies_count": 0, "retweets_count": 0, "hashtags": ["restop"]}
{"id": 1187513979213635584, "date": "2019-10-24", "time": "19:39:30", "tweet": "@n64thstreetgifs Don't care for Capcom, if it was Rareware vs. Rareware (a fighting game of the N64-era Rare characters), then I'd be totally down. But with Microsoft's input, it would just be terrible... lol", "likes_count": 0, "replies_count": 0, "retweets_count": 0, "hashtags": []}
{"id": 1187513944874852352, "date": "2019-10-24", "time": "19:39:22", "tweet": "@Pherseo @PlayStationES @Xbox_Spain @XboxP3 @pandillaxbox @GeneracionXbox @xboxamongus El lag del uncharted no es nativo, es a causa de tu invento. Además te sale mejor tener una play, que total ya le estás pagando a Sony el os now y por tener los juegos a menor calidad. O simplemente jugar en el PC y ya y te ahorras el input lag...", "likes_count": 0, "replies_count": 0, "retweets_count": 0, "hashtags": []}
{"id": 1187513800112558080, "date": "2019-10-24", "time": "19:38:47", "tweet": "So, to erase my topic data, I just changed the name a of the topics:   - \"data-input\" -&gt; \"data-input-0\"   - \"int-state\"     -&gt; \"int-state-0\"   - \"res-output\" -&gt; \"res-output-0\"  So now I can relaunch my program with some brand new, empty topics: second crash of the program!  🤔", "likes_count": 0, "replies_count": 1, "retweets_count": 0, "hashtags": []}
{"id": 1187513731410022401, "date": "2019-10-24", "time": "19:38:31", "tweet": "Judson Almeida can read from an input stream.", "likes_count": 0, "replies_count": 0, "retweets_count": 0, "hashtags": []}
{"id": 1187513636266209280, "date": "2019-10-24", "time": "19:38:08", "tweet": "@C_Hussle_ Fans know more Charlie, all 9 million of them at Dove Valley daily with input and participating in practices.  Of course they know more...duh.  Fans know every detail and have complete access.", "likes_count": 0, "replies_count": 0, "retweets_count": 0, "hashtags": []}
{"id": 1187513466216747008, "date": "2019-10-24", "time": "19:37:27", "tweet": "Thinking about how Lucasfilm seems to offer so much more freedom than Marvel with all the news about how little input marvel producers have had. Atleast if SW hires quality people it will be reflected in the actual movies.", "likes_count": 4, "replies_count": 3, "retweets_count": 0, "hashtags": []}
{"id": 1187513310222209024, "date": "2019-10-24", "time": "19:36:50", "tweet": "I forgot how much of a creative person I was up until recently and it’s sooo refreshing. Can’t believe I spent a solid 5 years of my life depressed asf at a job where I had no creative input into anything apart from how many lime slices I could put in a G&amp;T.", "likes_count": 32, "replies_count": 4, "retweets_count": 0, "hashtags": []}
{"id": 1187513200448720896, "date": "2019-10-24", "time": "19:36:24", "tweet": "Grand Round @thewomens today 12.30-1.30pm  Dr Nam Le. Spinal &amp; epidural morphine for pain relief after caesarean with input from pain team nurses &amp; midwifery.   All welcome. Ping @MACHAustralia @unimelb @CritCareUniMelb @PeterMacCC @ANZCA @ASA_Australia @ranzcog @MidwivesACM  https://t.co/g9kGbogVdS", "likes_count": 12, "replies_count": 1, "retweets_count": 2, "hashtags": []}
{"id": 1187513167737479168, "date": "2019-10-24", "time": "19:36:16", "tweet": "@dgiroo @RepAndyBiggsAZ @maddad0921 If you have a constructive comment to make, please do. If you are just here to kibitz, which is all you have done so far, I can do without your input.", "likes_count": 0, "replies_count": 2, "retweets_count": 0, "hashtags": []}
{"id": 1187513058312089600, "date": "2019-10-24", "time": "19:35:50", "tweet": "First the standard interaction chain: 1. apk talks to either:  a) register a input plugin (ala music apps)  b)  MotionSenseBridgeService (games like pokemon wave) 2. Behind that is the OsloService interface / binder / IPC 3. From there that service fetches data from a NanoApp 2/n", "likes_count": 0, "replies_count": 1, "retweets_count": 0, "hashtags": []}
{"id": 1187512989429227521, "date": "2019-10-24", "time": "19:35:34", "tweet": "@HelenGoodmanMP Can we have your input on the subject of prison officers pension age please?", "likes_count": 0, "replies_count": 0, "retweets_count": 0, "hashtags": []}
{"id": 1187512784277458944, "date": "2019-10-24", "time": "19:34:45", "tweet": "@jimmymcbride1 It's a dilemma for sure.. 1 he dont wanna be there... 2 his input is very erratic to say the least.. 3 he probably wont be missed.. 4 hes probably still our most talented player.. 5 the £100million+ we get for him will obviously go straight into the leeches pockets.. #GlazersOut", "likes_count": 0, "replies_count": 0, "retweets_count": 0, "hashtags": ["glazersout"]}
{"id": 1187512702555557888, "date": "2019-10-24", "time": "19:34:25", "tweet": "@Pondersleuth It’s worth it, all or most of the Top Players are on that platform. It also reduces bad habits when playing caused my heavy input delay in Console’s case. Ivy &amp; Azwel are def more reactable on there. You can’t really get away with as much BS as Console Netcode imo.", "likes_count": 1, "replies_count": 0, "retweets_count": 0, "hashtags": []}
{"id": 1187512626651320324, "date": "2019-10-24", "time": "19:34:07", "tweet": "Razer’s new Tartarus Pro uses analog input like a console controller  https://t.co/tMPz2AwdaP", "likes_count": 0, "replies_count": 0, "retweets_count": 0, "hashtags": []}
{"id": 1187512512826269696, "date": "2019-10-24", "time": "19:33:40", "tweet": "OPS Student Ambassadors come together tonight to discuss important district core values. The dialogue and their input and feeback was so impressive. #studentleaders #OPSProud  https://t.co/VK3eux5h7A", "likes_count": 20, "replies_count": 1, "retweets_count": 1, "hashtags": ["studentleaders", "opsproud"]}
{"id": 1187512417850294272, "date": "2019-10-24", "time": "19:33:17", "tweet": "@followTachyon thank u for your input as always!🤠", "likes_count": 1, "replies_count": 1, "retweets_count": 0, "hashtags": []}
{"id": 1187512370064740359, "date": "2019-10-24", "time": "19:33:06", "tweet": "@GSUEdLead A3: “...we have to have some level of knowledge of awareness before we can get curious.” (174) As a leader, I have to actively engage in what is happening.  It isn’t enough to just sit back and delegate or rely on the input of others, I must actively seek new knowledge.#GSUEdLead", "likes_count": 0, "replies_count": 0, "retweets_count": 0, "hashtags": ["gsuedlead"]}
{"id": 1187512266826096640, "date": "2019-10-24", "time": "19:32:41", "tweet": "@GOP @VP Pence is a liar, a Soviet style propagandist.  #MoscowMitch McConnell refused input from economists on #GOPTaxScam because economists said it will be disastrous, &amp; many of their predictions are bearing out:   https://t.co/1PwH7Ipe2J", "likes_count": 17, "replies_count": 0, "retweets_count": 3, "hashtags": ["moscowmitch", "goptaxscam"]}
{"id": 1187512152170680321, "date": "2019-10-24", "time": "19:32:14", "tweet": "@revan619 It's like 2 months since the release? They still haven't added raw mouse input feature so your sensitivity wouldn't be affected by frickin fps drops. Imagine to overflick just because you dropped 30 frames in badly optimized spot.", "likes_count": 0, "replies_count": 0, "retweets_count": 0, "hashtags": []}
{"id": 1187512048806055936, "date": "2019-10-24", "time": "19:31:49", "tweet": "@JSchritte game is too rng, need to input more skill and less luck", "likes_count": 1, "replies_count": 0, "retweets_count": 0, "hashtags": []}
{"id": 1187511957538201601, "date": "2019-10-24", "time": "19:31:28", "tweet": "@accessbank_help am having trouble assessing my DYA simply because I forgot my pin.....i need you to help me reset my pin so I can input a new one", "likes_count": 0, "replies_count": 1, "retweets_count": 0, "hashtags": []}
{"id": 1187511909760811008, "date": "2019-10-24", "time": "19:31:16", "tweet": "Ich brauch echt mal Input: Ich überlege seit Tagen ob es richtig ist Menschen keine Chance zu geben sich nochmals mit einem auseinander zu setzen nur um seinen eigenen Safespace zu nutzen.  Wie geht ihr mit Streitigkeiten um? Verdammt ihr Menschen grundsätzlich?  #nachdenklich  https://t.co/UqJprfFBQK", "likes_count": 4, "replies_count": 5, "retweets_count": 0, "hashtags": ["nachdenklich"]}
{"id": 1187511858988814336, "date": "2019-10-24", "time": "19:31:04", "tweet": "When you're classmates invite you to a last minute study session for a test but you're familiar with the material so you just end up writing Fanfiction while offering occasional input.", "likes_count": 0, "replies_count": 0, "retweets_count": 0, "hashtags": []}
{"id": 1187511840886022145, "date": "2019-10-24", "time": "19:31:00", "tweet": "@usernamebot1980 Thanks for the condescending input 👍🏻", "likes_count": 0, "replies_count": 1, "retweets_count": 0, "hashtags": []}
{"id": 1187511823941226496, "date": "2019-10-24", "time": "19:30:56", "tweet": "@DiamondandSilk Thanks ladies for that input!  https://t.co/rvnprKzI9u", "likes_count": 0, "replies_count": 0, "retweets_count": 0, "hashtags": []}
{"id": 1187511768769150976, "date": "2019-10-24", "time": "19:30:43", "tweet": "Last 3 days to nominate Actor Doh Kyungsoo for Blue Dragon Awards - Best Actor award💪💪  For those who struggle to search the hangul for SwingKids, it’s 2nd above P・MC🙈 Rmb to input 도경수 for Popular Star too~!!  Multiple voting possible w VPN😉👌  #도경수 #디오 #DohKyungsoo  https://t.co/LfnfZHnt5t", "likes_count": 70, "replies_count": 0, "retweets_count": 83, "hashtags": ["도경수", "디오", "dohkyungsoo"]}
{"id": 1187511697139011585, "date": "2019-10-24", "time": "19:30:26", "tweet": "Thanks for the input, I’ll have to try them out", "likes_count": 3, "replies_count": 1, "retweets_count": 1, "hashtags": []}
{"id": 1187511678176509952, "date": "2019-10-24", "time": "19:30:21", "tweet": "Hey #WritingCommunity i could use a favor from all of you out there. Help from editors would also be appreciated. I am sharing my handwritten manuscript. Well chapter one anyway and I am hoping to get your input on it! Okay? Just tell me the truth in the comments!  https://t.co/AubAljHjKU", "likes_count": 0, "replies_count": 0, "retweets_count": 0, "hashtags": ["writingcommunity"]}
{"id": 1187511559586811905, "date": "2019-10-24", "time": "19:29:53", "tweet": "@KalkinTrivedi @jondelarroz Unless self-published, authors rarely have any say or input when it comes to a book's cover.", "likes_count": 0, "replies_count": 0, "retweets_count": 0, "hashtags": []}
{"id": 1187511382498930689, "date": "2019-10-24", "time": "19:29:11", "tweet": "@RGAME2 More input from the man who stands alone as Canada’s worst and most incompetent Premier in the last 75 years.  An irrelevant fool, who’s knowledge of Alberta is almost non-existent and who’s opinion matters even less.", "likes_count": 1, "replies_count": 0, "retweets_count": 0, "hashtags": []}
{"id": 1187511316019339264, "date": "2019-10-24", "time": "19:28:55", "tweet": "@Thesorrynotsor1 @Kathleen_Wynne @fordnation I mean regardless of what you say, she is not the leader of the OLP. As a former premier, she will always have input. And I mean...\"She'll be gone\" Gone from..? She is Don Valley West's MPP until June 2, 2022 and the only person who has any say in whether that changes is herself.", "likes_count": 0, "replies_count": 1, "retweets_count": 0, "hashtags": []}
{"id": 1187511259727613953, "date": "2019-10-24", "time": "19:28:41", "tweet": "@OstertagDylan @DontSnitchB Nahhhh. Since the lobbies are input based any console players you run up against are going to be using kB+m", "likes_count": 1, "replies_count": 1, "retweets_count": 0, "hashtags": []}
{"id": 1187511123052027906, "date": "2019-10-24", "time": "19:28:09", "tweet": "Bluenose's Equips Narratives Genuineness Heist's Accusations Zoological Input  #benghazi #tcot", "likes_count": 0, "replies_count": 0, "retweets_count": 0, "hashtags": ["benghazi", "tcot"]}
{"id": 1187511065120256000, "date": "2019-10-24", "time": "19:27:55", "tweet": "@brholley @GSUEdLead Questioning could also lead to the discovery of unknowns. For instance those staff members who have great ideas to share but are never asked for their input.  They remain Qui eat thinking their input is not needed. #GSUEdLead", "likes_count": 1, "replies_count": 0, "retweets_count": 0, "hashtags": ["gsuedlead"]}
{"id": 1187511022686310400, "date": "2019-10-24", "time": "19:27:45", "tweet": "@BayAreaNiner @Simitachi @Dhdavis05 @RapSheet I actually enjoyed watching Lamar. He for sure is a generational talent and I was rooting for him since his Louisville days. But thank you for your input sir, my Sunday was actually great.", "likes_count": 0, "replies_count": 0, "retweets_count": 0, "hashtags": []}
{"id": 1187510853177876481, "date": "2019-10-24", "time": "19:27:04", "tweet": "@Pherseo @PlayStationES @Xbox_Spain @XboxP3 @pandillaxbox @GeneracionXbox @xboxamongus El input lag al momento de las batallas,.. Suerte con eso campeón.", "likes_count": 0, "replies_count": 0, "retweets_count": 0, "hashtags": []}
{"id": 1187510751050817543, "date": "2019-10-24", "time": "19:26:40", "tweet": "@Scott13NY @jo_herms @g_estabrooks @thehazelmae @stephapstein @astros Thanks for you input, Scott13NY", "likes_count": 22, "replies_count": 1, "retweets_count": 0, "hashtags": []}
{"id": 1187510681018535936, "date": "2019-10-24", "time": "19:26:23", "tweet": "@DhTekKz Chain of elastico move and how you’re able to accurate predict the angle on your right stick analog controller despite how quickly the player continues to move from previous elastico input.", "likes_count": 0, "replies_count": 0, "retweets_count": 0, "hashtags": []}
{"id": 1187510596020920321, "date": "2019-10-24", "time": "19:26:03", "tweet": "@TRACIE35779624 @EWdeVlieger @DrLuisLeal1 @AOC Thanks for the input, bot", "likes_count": 0, "replies_count": 0, "retweets_count": 0, "hashtags": []}
{"id": 1187510543046922240, "date": "2019-10-24", "time": "19:25:50", "tweet": "@JenMsft Most of the problems relate to Skype for business.  Screen share opens an empty window border killing chat.  My dragon dictate only with Skype locks input and results in 15 minutes of partial input and \"not responding\", even the mouse locks up.", "likes_count": 0, "replies_count": 0, "retweets_count": 0, "hashtags": []}
{"id": 1187510526521335809, "date": "2019-10-24", "time": "19:25:47", "tweet": "More input on superintendent search, this time @APSBolton. Thanks for your thoughtful, honest, creative comments! @nappsus @BOEAPS @apsupdate  https://t.co/SUrVSWXXvb", "likes_count": 5, "replies_count": 1, "retweets_count": 0, "hashtags": []}
{"id": 1187510353942450177, "date": "2019-10-24", "time": "19:25:05", "tweet": "@munakadri @fordnation @Sflecce It’s a shame this Gov. is not listening and do not want to listen to public input !", "likes_count": 2, "replies_count": 0, "retweets_count": 0, "hashtags": []}
{"id": 1187510343410552832, "date": "2019-10-24", "time": "19:25:03", "tweet": "Is your company giving employees a holiday bonus, gift or other perk this year? We're compiling information for an article to be released in a few weeks and we need your input! Please take this brief survey:   https://t.co/cSYnhZ50F3  https://t.co/cvP23Yk7g3", "likes_count": 0, "replies_count": 0, "retweets_count": 0, "hashtags": []}
{"id": 1187510336095752193, "date": "2019-10-24", "time": "19:25:01", "tweet": "OOh, nice turn about! Thanks for the input.", "likes_count": 0, "replies_count": 0, "retweets_count": 0, "hashtags": []}
{"id": 1187510193564930048, "date": "2019-10-24", "time": "19:24:27", "tweet": "@_ShirleyWhirley @bbcquestiontime @Conservatives 2) so working on that basis that there was a concerted effort to manipulate the result. Look at Bojo’s (and Gove’s) face when the result was announced. They were stunned! It was all about Bojo’s career. Now research the hedge fund managers input...", "likes_count": 0, "replies_count": 0, "retweets_count": 0, "hashtags": []}
{"id": 1187510103974567937, "date": "2019-10-24", "time": "19:24:06", "tweet": "@BigBlueVCR Hey bud check your mail... Operation \"Missing games on tape\" is almost in full swing. Need your input what to do. Sash", "likes_count": 0, "replies_count": 0, "retweets_count": 0, "hashtags": []}
{"id": 1187510044000227328, "date": "2019-10-24", "time": "19:23:52", "tweet": "Do you make something delicious? Here is an opportunity to sell your idea and gain valuable input.", "likes_count": 2, "replies_count": 0, "retweets_count": 0, "hashtags": []}
{"id": 1187510010722435072, "date": "2019-10-24", "time": "19:23:44", "tweet": "a quantum computer has q bits that are super positions that are both 1&amp;0s or 0&amp;1s (input/outputs) they can also be whatever they want til they are observed, they also can become entangled, in other words these CPUs are fucking fast and capable of instant problem solving.", "likes_count": 0, "replies_count": 0, "retweets_count": 0, "hashtags": []}
{"id": 1187509928329498625, "date": "2019-10-24", "time": "19:23:24", "tweet": "@bigshirley1979 @TheMightyER0CK @EagleSessions @CLeeOaktonVa @_ClassicJeff Thanks for the input guys! I figured center city was the best option but just wanted some advice. Can’t wait to tailgate with you guys again! #FlyEaglesFly", "likes_count": 1, "replies_count": 0, "retweets_count": 0, "hashtags": ["flyeaglesfly"]}
{"id": 1187509816798916609, "date": "2019-10-24", "time": "19:22:57", "tweet": "Motorola Moto E6 Play: a single camera and Android 9.0 Pie with hardly any customization to conquer the input range  https://t.co/IdH8j5fThi  https://t.co/fCGZjCXCok", "likes_count": 0, "replies_count": 1, "retweets_count": 0, "hashtags": []}
{"id": 1187509802991149056, "date": "2019-10-24", "time": "19:22:54", "tweet": "@maxwellius_ @Outlaws @Ultimate thanks for ur input", "likes_count": 3, "replies_count": 1, "retweets_count": 0, "hashtags": []}
{"id": 1187509737006305280, "date": "2019-10-24", "time": "19:22:38", "tweet": "@kfury Yes, same here. I also turn never turn on “Hey Siri”. I don’t want any device that’s always listening for voice input.", "likes_count": 0, "replies_count": 0, "retweets_count": 0, "hashtags": []}
{"id": 1187509570333052929, "date": "2019-10-24", "time": "19:21:59", "tweet": "Many NLP tasks can be represented as a uniform text-to-text problem, (even the task specification is just a prefix of the input), and many techniques and ideas can be compared directly.  Combining the findings, they achieved new SOTA on many tasks.   https://t.co/UFwHmtmNx1", "likes_count": 16, "replies_count": 0, "retweets_count": 2, "hashtags": []}
{"id": 1187509454155026433, "date": "2019-10-24", "time": "19:21:31", "tweet": "@TwitchKupo @Razer Nope. Do you have any other input devices plugged in?", "likes_count": 0, "replies_count": 0, "retweets_count": 0, "hashtags": []}
{"id": 1187509158112911362, "date": "2019-10-24", "time": "19:20:20", "tweet": "@QuinnDunki We only have enough memory to store coordinates of every 8th pixel — so, every other row of one quadrant. The other 7 are calculated via lookup tables. Also, two quadrants are plotting the input data forward and the other two backwards. Good times.", "likes_count": 7, "replies_count": 1, "retweets_count": 0, "hashtags": []}
{"id": 1187509102387314692, "date": "2019-10-24", "time": "19:20:07", "tweet": "@PaolaJohnsonTS Thank you for your tips! 🤩 I will try to go there and I will give my input. Some consideration that I should have before I visit Niagara Falls?", "likes_count": 1, "replies_count": 0, "retweets_count": 0, "hashtags": []}
{"id": 1187509099312943104, "date": "2019-10-24", "time": "19:20:06", "tweet": "@Kyle_Teasdale Thank you for your wonderful input", "likes_count": 0, "replies_count": 0, "retweets_count": 0, "hashtags": []}
{"id": 1187509098461270017, "date": "2019-10-24", "time": "19:20:06", "tweet": "Lucky Fishing have fun. What are you waiting for? Download it, input the refer code 3SRSZM8 to get reward. https://t.co/UnkswGbDLH", "likes_count": 0, "replies_count": 0, "retweets_count": 0, "hashtags": []}
{"id": 1187508977996894208, "date": "2019-10-24", "time": "19:19:37", "tweet": "Parents,   Would you please take a few minutes to complete this survey?  This is from the Arkansas Department of Education's initiative on High Reliability Schools.  Your input is greatly appreciated.  Thanks,   https://t.co/O71ZSusoNo", "likes_count": 0, "replies_count": 0, "retweets_count": 0, "hashtags": []}
{"id": 1187508937697968128, "date": "2019-10-24", "time": "19:19:28", "tweet": "@david_darmofal @joanwalsh @MrWalterShapiro \"To plan a black media roundtable without any input from black media is just like developing a plan that seeks to uplift and empower black Americans without getting input from our black leaders and organizations, it really shows the audacity of white privilege.”", "likes_count": 109, "replies_count": 3, "retweets_count": 35, "hashtags": []}
{"id": 1187508906408345600, "date": "2019-10-24", "time": "19:19:20", "tweet": "@hogotheforsaken I'm trying to report them, but their friends in Twitter IT won't let me input AllianceLGB as the account they're impersonating.", "likes_count": 3, "replies_count": 2, "retweets_count": 0, "hashtags": []}
{"id": 1187508870324731905, "date": "2019-10-24", "time": "19:19:12", "tweet": "Identification and characterization of Ptf1a spinal inhibitory interneurons that gate incoming self-generated mechanosensory input into the dorsal horn. Cool paper by @Augusto_ER and Rudiger Klein!", "likes_count": 8, "replies_count": 0, "retweets_count": 0, "hashtags": []}
{"id": 1187508854134902785, "date": "2019-10-24", "time": "19:19:08", "tweet": "@TeamActionShow @benbatemanmedia @AndrewGhai Production suggestion... Cut the clip little shorter to not bleed into the next section of the Joker review... One person's input... Nice first launch of the new segment!", "likes_count": 1, "replies_count": 1, "retweets_count": 0, "hashtags": []}
{"id": 1187508774032068608, "date": "2019-10-24", "time": "19:18:49", "tweet": "@_tashasimpson Sampson notes that she has recently been elected as the UVSS representative on the Presidential Search Committee and will be seeking input from students for what they want to see in a university president.", "likes_count": 0, "replies_count": 1, "retweets_count": 0, "hashtags": []}
{"id": 1187508599444164609, "date": "2019-10-24", "time": "19:18:07", "tweet": "I am probably more right wing than @YvetteCooperMP in fact I’m far more right wing and I declare one thing, if I am to support her she has to have low price input into companies and ensure jobs. Her Labour will increase workers and rights.", "likes_count": 0, "replies_count": 0, "retweets_count": 0, "hashtags": []}
{"id": 1187508461606600705, "date": "2019-10-24", "time": "19:17:34", "tweet": "@SaanichPolice Att Bell media CFAX moto was all opinions welcome I called in to give input to marks show after being on hold for over 30 minutes I was abruptly hung up on", "likes_count": 0, "replies_count": 0, "retweets_count": 0, "hashtags": []}
{"id": 1187508371269791744, "date": "2019-10-24", "time": "19:17:13", "tweet": "The bitcoin program justasks for an input which when inputted into the hash function will result in the first several digits being zeros. The program automatically adjusts the required number of zeroes depending on the average amount of time it takes to solve the proof of work.", "likes_count": 0, "replies_count": 0, "retweets_count": 0, "hashtags": []}
{"id": 1187508329691656193, "date": "2019-10-24", "time": "19:17:03", "tweet": "killed the stream. Clip and xsplit fight too much over my ram, so it causes a ton of lag in the pen input. Gonna keep working off stream", "likes_count": 7, "replies_count": 0, "retweets_count": 0, "hashtags": []}
{"id": 1187508324217933824, "date": "2019-10-24", "time": "19:17:01", "tweet": "Hundreds give input on #EnderbyBC/Splatsin highway improvement options  https://t.co/isQrLFesX1", "likes_count": 0, "replies_count": 0, "retweets_count": 0, "hashtags": ["enderbybc"]}
