{"id": 1120114933734096897, "date": "2019-04-21", "time": "19:59:45", "tweet": "KENAPA JURU REKAP TOGEL BISA LEBIH PROFESIONAL DARI TUKANG INPUT DATA KPK ? #MataGaruda", "likes_count": 1, "replies_count": 0, "retweets_count": 0, "hashtags": ["matagaruda"]}
{"id": 1120114893191958528, "date": "2019-04-21", "time": "19:59:35", "tweet": "@mohmahfudmd @AksesorisN Ada yang cek pakai input ke Excel jumlah total data yg masuk. Katanya diagramx salah.", "likes_count": 0, "replies_count": 0, "retweets_count": 0, "hashtags": []}
{"id": 1120114882739720192, "date": "2019-04-21", "time": "19:59:33", "tweet": "@PowerOfReceh @ade_massa @KPU_ID Kok beda nya jauh sekali ya? Apa petugas nya pada rabun, salah input terlalu ..... #BPNKawalSuaraKami   #BPNKawalSuaraKami", "likes_count": 1, "replies_count": 0, "retweets_count": 0, "hashtags": ["bpnkawalsuarakami", "bpnkawalsuarakami"]}
{"id": 1120114874506342400, "date": "2019-04-21", "time": "19:59:31", "tweet": "Demi menjaga stabilitas bangsa akan kesalahan input KPU , sebaiknya DKPP segera  mengganti sementara semua komisioner dengan putra-putri bangsa akademikatau  lembaga independen. #BPNKawalSuaraKami", "likes_count": 1, "replies_count": 0, "retweets_count": 0, "hashtags": ["bpnkawalsuarakami"]}
{"id": 1120114873705299969, "date": "2019-04-21", "time": "19:59:31", "tweet": "@Kenbele0722 @Daveybear1 @R0ykeane @utdreport But he could surely work alongside mike and build a team that fits how ole wants to play. He surely has a lot of input at Ajax on what happens with transfers", "likes_count": 0, "replies_count": 0, "retweets_count": 0, "hashtags": []}
{"id": 1120114867275350016, "date": "2019-04-21", "time": "19:59:29", "tweet": "@Yusuf_Mansur saya masih ingat di cermah2 ustadz @Yusuf_Mansur. MODALNYA JUJUR, terus apa tindakan tuan guru krka melihat kecurangan yg begitu massive baik di lapangan ataupun  ktk input data di KPU?? apa tdk ada tanggung jawab moral untk memperbaikinya. katanya kita hrs perangi kecurangan.", "likes_count": 0, "replies_count": 0, "retweets_count": 0, "hashtags": []}
{"id": 1120114850548465665, "date": "2019-04-21", "time": "19:59:25", "tweet": "Salah input lagi, kali ini suara yg di jauh berbeda dr scan c1, dan merugikan 02", "likes_count": 0, "replies_count": 0, "retweets_count": 0, "hashtags": []}
{"id": 1120114808622206981, "date": "2019-04-21", "time": "19:59:15", "tweet": "Alasan salah SALAH INPUT DATA @KPU_ID masih rangkaian dari sikap PENCURI yang tertangkap tangan", "likes_count": 0, "replies_count": 0, "retweets_count": 0, "hashtags": []}
{"id": 1120114764166778880, "date": "2019-04-21", "time": "19:59:05", "tweet": "@AntonHardi3 @SetiaAdy_p @bobolidos @Midjan_La @Daunkiss @Bams20538606 @ThanthowiRosi @veraagustian_ @Remix85052742 @LebahBorneo @KuloNomer01 @himawan1978 @mazbaguzjogja @KingTukijan @swarnadiva6 @AdiahmadAdi5 @MohammadKhafi11 @TigerRoarrrr @PetualangRio @RizieqAsu @x1_charlie @Winsontrotz1 @OVercely @DesirAnginP @kafawafa @HalloMaman @JokSusi2019 @NediSetiadi @Eko16673276 @BitingCah @anak_emass @Sigit_7uli @hardi_anton @SukmarasaHarri @sabiyakono @smart40640715 @LukitoAmin @ASapardan @cahn9apak @juventini_3rwin @mokinishinaide @Ningsetiagmail1 @Anak_Perantau_ @_imamprasetyo @Jaklana2 @hendriabidin2 @Ahlanjegol @212ThePowerOff1 Klw masalah salah input data , sy rasa sama saja bro , banyak juga salah input data yg buat 01,, kita serahkan sj ke KPUnya buat perbaiki inputnya sekaligus upload c1 nya", "likes_count": 2, "replies_count": 1, "retweets_count": 0, "hashtags": []}
{"id": 1120114755799097344, "date": "2019-04-21", "time": "19:59:03", "tweet": "Kesalahan input data itu terjadi di TPS 18, Kelurahan Malakasari, Kecamatan Baleendah, Kabupaten Bandung, Jawa Barat.  https://t.co/WuA9YjPonS", "likes_count": 572, "replies_count": 84, "retweets_count": 474, "hashtags": []}
{"id": 1120114755321106432, "date": "2019-04-21", "time": "19:59:03", "tweet": "the rest of this time this comes up it's people feeling sorry for us and using us to further their own agenda. 100% w/o asking for input by disabled ppl's orgs or people in the community. making the \"change the nordic laws on sex work bc disabled people!\" a hollow cry", "likes_count": 8, "replies_count": 1, "retweets_count": 0, "hashtags": []}
{"id": 1120114675474022400, "date": "2019-04-21", "time": "19:58:44", "tweet": "@kompascom Barusan kali ini ada kesahan input.", "likes_count": 0, "replies_count": 0, "retweets_count": 0, "hashtags": []}
{"id": 1120114649557397504, "date": "2019-04-21", "time": "19:58:37", "tweet": "@JamalDeveloper @ices_tea @KPU_ID Sdh jls2 bgtu, ntar jwbnya enteng bgt... SALAH INPUT khan Jancok itu namanya", "likes_count": 0, "replies_count": 0, "retweets_count": 0, "hashtags": []}
{"id": 1120114617223667712, "date": "2019-04-21", "time": "19:58:30", "tweet": "Help me get more points for my Amazon gift card! Download this app  https://t.co/X1rC4FjSed on your Android and input my invitation code m9660020", "likes_count": 0, "replies_count": 0, "retweets_count": 0, "hashtags": []}
{"id": 1120114604825354241, "date": "2019-04-21", "time": "19:58:27", "tweet": "@MiCBarin Okay, appreciate your input.", "likes_count": 1, "replies_count": 2, "retweets_count": 0, "hashtags": []}
{"id": 1120114597904576512, "date": "2019-04-21", "time": "19:58:25", "tweet": "@tempodotco Makanya jangan salah input mulu", "likes_count": 0, "replies_count": 0, "retweets_count": 0, "hashtags": []}
{"id": 1120114525485666304, "date": "2019-04-21", "time": "19:58:08", "tweet": "@IDhappypop per 21 Apr 2019 06:30:03 Progress: 63.691 dari 813.350 TPS (7.83070%)  perhari ini 22 Apr 2019 06:45:03 Progress: 110.711 dari 813.350 TPS (13.61173%)  ada yg aneh ga ? dalam sehari lancar input 50rb lebih TPS pdhl 63rb tps ditempuh 4 ok juga kecepatan inputnya 🤔🤔", "likes_count": 0, "replies_count": 0, "retweets_count": 0, "hashtags": []}
{"id": 1120114507882299393, "date": "2019-04-21", "time": "19:58:04", "tweet": "@DNshur @Jeggit So best to leave it to those who know better, and we 'people who menstruate' don't have any input into the debate? No chance, and many women have made that clear. I don't care about other's sexuality, but when I am re-labelled as 'another' I have a right of input into changes.", "likes_count": 1, "replies_count": 1, "retweets_count": 1, "hashtags": []}
{"id": 1120114375715475456, "date": "2019-04-21", "time": "19:57:32", "tweet": "@detikHealth Gak akan ribut kalo KPU nya gak banyak salah input data.", "likes_count": 0, "replies_count": 0, "retweets_count": 0, "hashtags": []}
{"id": 1120114359999447040, "date": "2019-04-21", "time": "19:57:28", "tweet": "@mohmahfudmd DELEGITIMADI KPU OLEH ORANG ORANG YANG TIDAK PAHAM ARTI INPUT MANUAL. SELAMA MANUSIA INPUTERNYA BISA SALAH DAN BISA DIKOREKSI. YANG DIRIBUTIN APA YA KOQ KAYAK KURANG KERJAAN, ATAU SENGAJA MAU BIKIN RIBU NKRI.", "likes_count": 0, "replies_count": 0, "retweets_count": 0, "hashtags": []}
{"id": 1120114354873982976, "date": "2019-04-21", "time": "19:57:27", "tweet": "@KingPurwa @KPU_ID Suara yg di input wilayah2 kantong 01 dulu,untuk menggiring opini sama dgn hasil QC di tv, selanjutnya membuat relawan 02 down.", "likes_count": 5, "replies_count": 1, "retweets_count": 0, "hashtags": []}
{"id": 1120114304705908736, "date": "2019-04-21", "time": "19:57:15", "tweet": "Data masuk per jam ini : KPU : 21 juta KawalPemilu : 19,5 juta AyoJagaTPS : 6,8 juta  Semoga para petugas dan relawan input data diberikan kesehatan, kecermatan dan ketelitian. Aamiin", "likes_count": 0, "replies_count": 0, "retweets_count": 0, "hashtags": []}
{"id": 1120114304638836736, "date": "2019-04-21", "time": "19:57:15", "tweet": "Saran buat @kpu_id: 1.  Hentikan sementara input 2.  Istirahatkan petugas input 3.  Rekrut kasir alfa/indo utk part-time sbg petugas input 4.  Komisioner taubat nashuha 5.  Komisioner Bawaslu berlibur saja #IndonesiaFraudElection  #BPNKawalSuaraKami", "likes_count": 237, "replies_count": 17, "retweets_count": 111, "hashtags": ["indonesiafraudelection", "bpnkawalsuarakami"]}
{"id": 1120114289174401024, "date": "2019-04-21", "time": "19:57:11", "tweet": "@CakKhum @BangPino_ @KPU_ID yg kita saksikan salah input terus menerus untuk 02, jelah tidak bisa disebut human eror klw o1 yg salah input jadi kurang suaranya pasti mereka tidak akan terima juga", "likes_count": 0, "replies_count": 0, "retweets_count": 0, "hashtags": []}
{"id": 1120114231247032320, "date": "2019-04-21", "time": "19:56:58", "tweet": "Amazon should have been came out with this echo input...", "likes_count": 0, "replies_count": 0, "retweets_count": 0, "hashtags": []}
{"id": 1120114227044184065, "date": "2019-04-21", "time": "19:56:57", "tweet": "Please @KPU_ID di lapangan &amp; di medsos sdh banyak viral kecurangan dalam input data C1, dan itu selalu merugikan kubu 02, polanya pun sama, ini salah input atau bgmn? Kasihan loh petugas KPPS ada yg meninggal mengawal proses TPS awal tp klo inputnya brantakan  @DPR_RI @fadlizon", "likes_count": 0, "replies_count": 0, "retweets_count": 0, "hashtags": []}
{"id": 1120114217552506881, "date": "2019-04-21", "time": "19:56:54", "tweet": "@mohmahfudmd @KPU_ID Termasuk salah input data pun mengalami peningkatan ada yang 500 suara per TPS, bahkan ada yang 700 suara. Suatu hil yang mustahal. Bagaimana pak cara mengingatkan nya. Agar Di betulkan dan tidak terulang lagi.", "likes_count": 47, "replies_count": 33, "retweets_count": 6, "hashtags": []}
{"id": 1120114204634038272, "date": "2019-04-21", "time": "19:56:51", "tweet": "Gmn klo KPU input data bareng perwakilan BPN dan TKN diawasi Bawaslu dan direkam CCTV online yg dilihat rakyat.. Berani ???", "likes_count": 0, "replies_count": 0, "retweets_count": 0, "hashtags": []}
{"id": 1120114175903035393, "date": "2019-04-21", "time": "19:56:44", "tweet": "@mohmahfudmd @AksesorisN Jangan pilih lagi komisioner lama untuk kpu yg akan datang... cukup ini pengalaman buruk lamban dan salah input sangat beresiko...", "likes_count": 0, "replies_count": 0, "retweets_count": 0, "hashtags": []}
{"id": 1120114169397878784, "date": "2019-04-21", "time": "19:56:43", "tweet": "@Rtreatwilliams Please sort it out! When you flew me in your helicopter, back in the 80's, you completely knew what every control input did! Or we'd have been plastered on a rock wall somewhere in the Simi Valley... This flight is such a wonderful testament! Be safe!", "likes_count": 0, "replies_count": 0, "retweets_count": 0, "hashtags": []}
{"id": 1120114124136960000, "date": "2019-04-21", "time": "19:56:32", "tweet": "@yunartowijaya Gmn klo KPU input data bareng perwakilan BPN dan TKN diawasi Bawaslu dan direkam CCTV online yg dilihat rakyat.. Berani ???", "likes_count": 0, "replies_count": 0, "retweets_count": 0, "hashtags": []}
{"id": 1120113989197996034, "date": "2019-04-21", "time": "19:56:00", "tweet": "Hororr anjriit kesalahan input atau kesalahan otak wkwk  https://t.co/thf9Sgyr0c", "likes_count": 0, "replies_count": 0, "retweets_count": 0, "hashtags": []}
{"id": 1120113945128214529, "date": "2019-04-21", "time": "19:55:49", "tweet": "@Restcayah @KPU_ID Mending kpu buka lowongan buat input data c1 dari KEDUA kubu.. Dengan konsekuensi kalo tdk jujur akan kena pasal,siapatau input data langsung jd cepat dan akurat..", "likes_count": 3, "replies_count": 0, "retweets_count": 0, "hashtags": []}
{"id": 1120113906817458176, "date": "2019-04-21", "time": "19:55:40", "tweet": "@KingPurwa @KPU_ID Pasti, input data aja sengaja dibesarkan agar di koreksi. #MauMenangKokMainCurang", "likes_count": 3, "replies_count": 1, "retweets_count": 0, "hashtags": ["maumenangkokmaincurang"]}
{"id": 1120113814064623616, "date": "2019-04-21", "time": "19:55:18", "tweet": "@VIVAcoid Dibuka ntr nyontek😏 klaim 62% situ ngikut jg. 02 ngk asal klaim smua pake data. Katanya menang tp sewottt🙄 sewotin input gih... 🧐😒", "likes_count": 0, "replies_count": 0, "retweets_count": 0, "hashtags": []}
{"id": 1120113780350840832, "date": "2019-04-21", "time": "19:55:10", "tweet": "@nephilaxmus @agusetiawanpone Bisa disimpulkan pasti ada yang salah input. Karena sekarang lagi mainstream.", "likes_count": 2, "replies_count": 0, "retweets_count": 1, "hashtags": []}
{"id": 1120113729746558976, "date": "2019-04-21", "time": "19:54:58", "tweet": "@denirisman @panca66 @KPU_ID @prabowo @sandiuno Tuh kan pasti ngelesnya salah input 😂😂😂😂😂", "likes_count": 0, "replies_count": 0, "retweets_count": 0, "hashtags": []}
{"id": 1120113675627454469, "date": "2019-04-21", "time": "19:54:45", "tweet": "Pagi coy. 12 jam aku dah gak buka fb. Begitu buka kok beranda isinya kpu salah input terus. Salah input kok doyan ya. Dan salah input kok nguntungkan satu pihak aja ya .  #AdaApaDenganNegeriKu #KpuJanganCurang #PemiluTerburuk", "likes_count": 0, "replies_count": 0, "retweets_count": 0, "hashtags": ["adaapadengannegeriku", "kpujangancurang", "pemiluterburuk"]}
{"id": 1120113641502707714, "date": "2019-04-21", "time": "19:54:37", "tweet": "TIL Although there is no specialized sensory organ for time, our perception of time nevertheless depends on the rate of change in different sensory modalities. In the absence of sensory input, e.g. under anaesthesia, the sense of time is often lost or im…  https://t.co/8ceFQLYwsz", "likes_count": 0, "replies_count": 0, "retweets_count": 0, "hashtags": []}
{"id": 1120113596950704130, "date": "2019-04-21", "time": "19:54:26", "tweet": "@zarazettirazr @RasyidBakar @KPU_ID @mas_abudiman @hsym_asyari @viryanazis @novida_evi @masws1533 @PramonoUtan @arifhakim66 @K_Setyawan @bawaslu_RI Tapi ternyata banyak input data yg tidak sesuai dengan C1, dan semua cenderung mengurangi suara paslon02 dan menambah suara paslon01 #dataentry_kok_harus_diaudit", "likes_count": 0, "replies_count": 0, "retweets_count": 0, "hashtags": ["dataentry_kok_harus_diaudit"]}
{"id": 1120114933734096897, "date": "2019-04-21", "time": "19:59:45", "tweet": "KENAPA JURU REKAP TOGEL BISA LEBIH PROFESIONAL DARI TUKANG INPUT DATA KPK ? #MataGaruda", "likes_count": 1, "replies_count": 0, "retweets_count": 0, "hashtags": ["matagaruda"]}
{"id": 1120114893191958528, "date": "2019-04-21", "time": "19:59:35", "tweet": "@mohmahfudmd @AksesorisN Ada yang cek pakai input ke Excel jumlah total data yg masuk. Katanya diagramx salah.", "likes_count": 0, "replies_count": 0, "retweets_count": 0, "hashtags": []}
{"id": 1120114882739720192, "date": "2019-04-21", "time": "19:59:33", "tweet": "@PowerOfReceh @ade_massa @KPU_ID Kok beda nya jauh sekali ya? Apa petugas nya pada rabun, salah input terlalu ..... #BPNKawalSuaraKami   #BPNKawalSuaraKami", "likes_count": 1, "replies_count": 0, "retweets_count": 0, "hashtags": ["bpnkawalsuarakami", "bpnkawalsuarakami"]}
{"id": 1120114874506342400, "date": "2019-04-21", "time": "19:59:31", "tweet": "Demi menjaga stabilitas bangsa akan kesalahan input KPU , sebaiknya DKPP segera  mengganti sementara semua komisioner dengan putra-putri bangsa akademikatau  lembaga independen. #BPNKawalSuaraKami", "likes_count": 1, "replies_count": 0, "retweets_count": 0, "hashtags": ["bpnkawalsuarakami"]}
{"id": 1120114873705299969, "date": "2019-04-21", "time": "19:59:31", "tweet": "@Kenbele0722 @Daveybear1 @R0ykeane @utdreport But he could surely work alongside mike and build a team that fits how ole wants to play. He surely has a lot of input at Ajax on what happens with transfers", "likes_count": 0, "replies_count": 0, "retweets_count": 0, "hashtags": []}
{"id": 1120114867275350016, "date": "2019-04-21", "time": "19:59:29", "tweet": "@Yusuf_Mansur saya masih ingat di cermah2 ustadz @Yusuf_Mansur. MODALNYA JUJUR, terus apa tindakan tuan guru krka melihat kecurangan yg begitu massive baik di lapangan ataupun  ktk input data di KPU?? apa tdk ada tanggung jawab moral untk memperbaikinya. katanya kita hrs perangi kecurangan.", "likes_count": 0, "replies_count": 0, "retweets_count": 0, "hashtags": []}
{"id": 1120114850548465665, "date": "2019-04-21", "time": "19:59:25", "tweet": "Salah input lagi, kali ini suara yg di jauh berbeda dr scan c1, dan merugikan 02", "likes_count": 0, "replies_count": 0, "retweets_count": 0, "hashtags": []}
{"id": 1120114808622206981, "date": "2019-04-21", "time": "19:59:15", "tweet": "Alasan salah SALAH INPUT DATA @KPU_ID masih rangkaian dari sikap PENCURI yang tertangkap tangan", "likes_count": 0, "replies_count": 0, "retweets_count": 0, "hashtags": []}
{"id": 1120114764166778880, "date": "2019-04-21", "time": "19:59:05", "tweet": "@AntonHardi3 @SetiaAdy_p @bobolidos @Midjan_La @Daunkiss @Bams20538606 @ThanthowiRosi @veraagustian_ @Remix85052742 @LebahBorneo @KuloNomer01 @himawan1978 @mazbaguzjogja @KingTukijan @swarnadiva6 @AdiahmadAdi5 @MohammadKhafi11 @TigerRoarrrr @PetualangRio @RizieqAsu @x1_charlie @Winsontrotz1 @OVercely @DesirAnginP @kafawafa @HalloMaman @JokSusi2019 @NediSetiadi @Eko16673276 @BitingCah @anak_emass @Sigit_7uli @hardi_anton @SukmarasaHarri @sabiyakono @smart40640715 @LukitoAmin @ASapardan @cahn9apak @juventini_3rwin @mokinishinaide @Ningsetiagmail1 @Anak_Perantau_ @_imamprasetyo @Jaklana2 @hendriabidin2 @Ahlanjegol @212ThePowerOff1 Klw masalah salah input data , sy rasa sama saja bro , banyak juga salah input data yg buat 01,, kita serahkan sj ke KPUnya buat perbaiki inputnya sekaligus upload c1 nya", "likes_count": 2, "replies_count": 1, "retweets_count": 0, "hashtags": []}
{"id": 1120114755799097344, "date": "2019-04-21", "time": "19:59:03", "tweet": "Kesalahan input data itu terjadi di TPS 18, Kelurahan Malakasari, Kecamatan Baleendah, Kabupaten Bandung, Jawa Barat.  https://t.co/WuA9YjPonS", "likes_count": 572, "replies_count": 84, "retweets_count": 474, "hashtags": []}
{"id": 1120114755321106432, "date": "2019-04-21", "time": "19:59:03", "tweet": "the rest of this time this comes up it's people feeling sorry for us and using us to further their own agenda. 100% w/o asking for input by disabled ppl's orgs or people in the community. making the \"change the nordic laws on sex work bc disabled people!\" a hollow cry", "likes_count": 8, "replies_count": 1, "retweets_count": 0, "hashtags": []}
{"id": 1120114675474022400, "date": "2019-04-21", "time": "19:58:44", "tweet": "@kompascom Barusan kali ini ada kesahan input.", "likes_count": 0, "replies_count": 0, "retweets_count": 0, "hashtags": []}
{"id": 1120114649557397504, "date": "2019-04-21", "time": "19:58:37", "tweet": "@JamalDeveloper @ices_tea @KPU_ID Sdh jls2 bgtu, ntar jwbnya enteng bgt... SALAH INPUT khan Jancok itu namanya", "likes_count": 0, "replies_count": 0, "retweets_count": 0, "hashtags": []}
{"id": 1120114617223667712, "date": "2019-04-21", "time": "19:58:30", "tweet": "Help me get more points for my Amazon gift card! Download this app  https://t.co/X1rC4FjSed on your Android and input my invitation code m9660020", "likes_count": 0, "replies_count": 0, "retweets_count": 0, "hashtags": []}
{"id": 1120114604825354241, "date": "2019-04-21", "time": "19:58:27", "tweet": "@MiCBarin Okay, appreciate your input.", "likes_count": 1, "replies_count": 2, "retweets_count": 0, "hashtags": []}
{"id": 1120114597904576512, "date": "2019-04-21", "time": "19:58:25", "tweet": "@tempodotco Makanya jangan salah input mulu", "likes_count": 0, "replies_count": 0, "retweets_count": 0, "hashtags": []}
{"id": 1120114525485666304, "date": "2019-04-21", "time": "19:58:08", "tweet": "@IDhappypop per 21 Apr 2019 06:30:03 Progress: 63.691 dari 813.350 TPS (7.83070%)  perhari ini 22 Apr 2019 06:45:03 Progress: 110.711 dari 813.350 TPS (13.61173%)  ada yg aneh ga ? dalam sehari lancar input 50rb lebih TPS pdhl 63rb tps ditempuh 4 ok juga kecepatan inputnya 🤔🤔", "likes_count": 0, "replies_count": 0, "retweets_count": 0, "hashtags": []}
{"id": 1120114507882299393, "date": "2019-04-21", "time": "19:58:04", "tweet": "@DNshur @Jeggit So best to leave it to those who know better, and we 'people who menstruate' don't have any input into the debate? No chance, and many women have made that clear. I don't care about other's sexuality, but when I am re-labelled as 'another' I have a right of input into changes.", "likes_count": 1, "replies_count": 1, "retweets_count": 1, "hashtags": []}
{"id": 1120114375715475456, "date": "2019-04-21", "time": "19:57:32", "tweet": "@detikHealth Gak akan ribut kalo KPU nya gak banyak salah input data.", "likes_count": 0, "replies_count": 0, "retweets_count": 0, "hashtags": []}
{"id": 1120114359999447040, "date": "2019-04-21", "time": "19:57:28", "tweet": "@mohmahfudmd DELEGITIMADI KPU OLEH ORANG ORANG YANG TIDAK PAHAM ARTI INPUT MANUAL. SELAMA MANUSIA INPUTERNYA BISA SALAH DAN BISA DIKOREKSI. YANG DIRIBUTIN APA YA KOQ KAYAK KURANG KERJAAN, ATAU SENGAJA MAU BIKIN RIBU NKRI.", "likes_count": 0, "replies_count": 0, "retweets_count": 0, "hashtags": []}
