{"id": 1127725057881436161, "date": "2019-05-12", "time": "19:59:40", "tweet": "hm....Thanks for the input but I wont change for the market if its related to my privacy and safety.. :)", "likes_count": 5, "replies_count": 4, "retweets_count": 1, "hashtags": []}
{"id": 1127724987736121345, "date": "2019-05-12", "time": "19:59:23", "tweet": "@sandrasanchez @davidaxelrod @PeteButtigieg @JulianCastro not at all!  I appreciate your input a lot.", "likes_count": 1, "replies_count": 0, "retweets_count": 0, "hashtags": []}
{"id": 1127724815601864705, "date": "2019-05-12", "time": "19:58:42", "tweet": "If y’all don’t shut the fuck up and let people do what the fuck they want to do that’s what’s wrong with white people always thinking someone need y’all damn input and concerns. SHUT THE FUCK UP DAMN .", "likes_count": 2, "replies_count": 0, "retweets_count": 1, "hashtags": []}
{"id": 1127724263249563648, "date": "2019-05-12", "time": "19:56:31", "tweet": "@gpbfinance @Dalberini A China ganha essa guerra da forma q está sendo disputado infelizmente. Tem low input/labor costs, command economy e essas tarifas trarão inflação aos 🇺🇸", "likes_count": 7, "replies_count": 1, "retweets_count": 0, "hashtags": []}
{"id": 1127724170618527744, "date": "2019-05-12", "time": "19:56:09", "tweet": "Acaba de publicar una foto en INPUT BA  https://t.co/B8e2yz66VF", "likes_count": 0, "replies_count": 0, "retweets_count": 0, "hashtags": []}
{"id": 1127724038988500992, "date": "2019-05-12", "time": "19:55:37", "tweet": "@mitchellvii No. Ive been stuck in the 8500 area of over 6 months. Same ole same ole. Twitter is afraid of my input. As I ask people to think for themselves. Point out items.", "likes_count": 1, "replies_count": 1, "retweets_count": 0, "hashtags": []}
{"id": 1127723756582068224, "date": "2019-05-12", "time": "19:54:30", "tweet": "ATTN LADIES: I'm planning a book launch and would love your input. Pls take the survey titled \"FFbook launch--planning\".  Your feedback is important!  https://t.co/nMpeyuBmuM", "likes_count": 0, "replies_count": 0, "retweets_count": 0, "hashtags": []}
{"id": 1127723667830525953, "date": "2019-05-12", "time": "19:54:09", "tweet": "@TexasEDMFamily Love how he got the original members input in the making of this track", "likes_count": 1, "replies_count": 0, "retweets_count": 0, "hashtags": []}
{"id": 1127723661325209601, "date": "2019-05-12", "time": "19:54:07", "tweet": "@GaryLineker I’m afraid you’ve lowered the MotD ‘Goal of the season’ to little more than a sideline joke between 3 chatty pundits. BBC shouldn’t waste viewers time in future if this is the standard of your input. It should be decided on the vote itself as you 3 aren’t capable.", "likes_count": 0, "replies_count": 0, "retweets_count": 0, "hashtags": []}
{"id": 1127723654068961281, "date": "2019-05-12", "time": "19:54:05", "tweet": "@AqueleCaraYT @GabrielMP_19 Resolvido então! Valeu pelo input :)", "likes_count": 0, "replies_count": 0, "retweets_count": 0, "hashtags": []}
{"id": 1127723553900638210, "date": "2019-05-12", "time": "19:53:41", "tweet": "*At the Smash character design table*  Sakurai: “We need move ideas for this fighter. New guy, any input?”  New guy: “Uh....what if they did a spin for nair”  Sakurai: “Give this man a promotion”", "likes_count": 2021, "replies_count": 25, "retweets_count": 149, "hashtags": []}
{"id": 1127723548875939840, "date": "2019-05-12", "time": "19:53:40", "tweet": "Trump's business survived his terrible decision making with foreign money. Trump's Campaign survived through foreign input. Now his admin pursues his financial interests with those of foreign elites  https://t.co/Zlxhx5XnRH", "likes_count": 0, "replies_count": 0, "retweets_count": 0, "hashtags": []}
{"id": 1127723429858291712, "date": "2019-05-12", "time": "19:53:12", "tweet": "This is what it might look like for a mentor to view an order they need to fulfill.  They can see all required information including the item sold, price, and address and can input a…  https://t.co/sjplgRMTFe", "likes_count": 0, "replies_count": 0, "retweets_count": 0, "hashtags": []}
{"id": 1127723359389638656, "date": "2019-05-12", "time": "19:52:55", "tweet": "@lapittenger @paleomexicano Kind of non sequitur on this thread but thanks for your input. Love your passion!", "likes_count": 0, "replies_count": 0, "retweets_count": 0, "hashtags": []}
{"id": 1127722977255026688, "date": "2019-05-12", "time": "19:51:24", "tweet": "@jcarrollosen I agree they both deserve respect. Good input thank you", "likes_count": 0, "replies_count": 0, "retweets_count": 0, "hashtags": []}
{"id": 1127722912247578628, "date": "2019-05-12", "time": "19:51:09", "tweet": "@albz_marocchino @Protohedgehog @Nordiko01 @noisource Thanks for the input. If you feel like there are some comments you’d like to give, you can do so publicly on the website :-).", "likes_count": 1, "replies_count": 0, "retweets_count": 0, "hashtags": []}
{"id": 1127722749361655809, "date": "2019-05-12", "time": "19:50:30", "tweet": "@adhi_milanisti @ruyhprojo @pakaipeci @andez832 Yang banyak ketangkep OTT Koruptor khan pihak mereka, berarti lebih busuk dunk?... Yang janji tdk import mereka tp eh tetep import pas panen raya, banyak temuan C1 tdk sesuai yg input di situng, mark up mpe ratusan ribuan konon sering konsisten ke 01, siapa yg busuk ya??", "likes_count": 0, "replies_count": 1, "retweets_count": 0, "hashtags": []}
{"id": 1127722658060275718, "date": "2019-05-12", "time": "19:50:08", "tweet": "Any #T1D peeps out there who have a medical marijuana card? I’m curious to know how it’s helped you with numbers/insulin sensitivity/or any other t1d related issues you may have. Also accepting input from endocrinologists of course", "likes_count": 0, "replies_count": 0, "retweets_count": 0, "hashtags": ["t1d"]}
{"id": 1127722618914840576, "date": "2019-05-12", "time": "19:49:59", "tweet": "@madebygoogle Hey guys, I'm having problems with my Google Pixel 3. The charging port won't recognize either a charging cable or any audio input. It won't charge via wireless charger either. Right now I can't even use the phone because it has no battery and I can't charge it.", "likes_count": 0, "replies_count": 1, "retweets_count": 0, "hashtags": []}
{"id": 1127722589156147203, "date": "2019-05-12", "time": "19:49:51", "tweet": "Seattle’s NHL franchise is looking for fan input on several aspects of the coming team, including the sound that should celebrate goals. This is not a drill.  Vote espresso machine and vote often.  https://t.co/2EAS9byhT9", "likes_count": 7, "replies_count": 0, "retweets_count": 0, "hashtags": []}
{"id": 1127722239791595521, "date": "2019-05-12", "time": "19:48:28", "tweet": "@shaun_jen is this not the norm these days? I find like all episodic media to be extremely influenced by fan input", "likes_count": 0, "replies_count": 0, "retweets_count": 0, "hashtags": []}
{"id": 1127722236415070209, "date": "2019-05-12", "time": "19:48:27", "tweet": "@Innayaputri72 Salah input 🤣🤣", "likes_count": 0, "replies_count": 0, "retweets_count": 0, "hashtags": []}
{"id": 1127722126788612096, "date": "2019-05-12", "time": "19:48:01", "tweet": "【原孝至・基礎講座2019年春生】 試験に使える形で知識を習得「OUTPUTから始めるINPUT」で法律知識ゼロから予備試験短期合格！  5月からのスタートでも追いつけます! 5/31(金)までの割引お申込受付中です!  https://t.co/WonzJpov7t  https://t.co/Uc3d63futq", "likes_count": 0, "replies_count": 0, "retweets_count": 2, "hashtags": []}
{"id": 1127721718477479936, "date": "2019-05-12", "time": "19:46:24", "tweet": "@MinimattReviews Very cook! I know you got friends who liked it but if you want more input, I've 100% both versions! I love love love talking about XII!! (Since zodiac was on ps4 first)", "likes_count": 1, "replies_count": 1, "retweets_count": 0, "hashtags": []}
{"id": 1127721705147777024, "date": "2019-05-12", "time": "19:46:21", "tweet": "please add your input", "likes_count": 0, "replies_count": 0, "retweets_count": 0, "hashtags": []}
{"id": 1127721500428066816, "date": "2019-05-12", "time": "19:45:32", "tweet": "中の人の飛蚊症が入力作業で悪化しそうです。  NAKA-NO-HITO's myodesopsia is likely to deteriorate by this input operation. (適当)", "likes_count": 0, "replies_count": 0, "retweets_count": 0, "hashtags": []}
{"id": 1127721491754303498, "date": "2019-05-12", "time": "19:45:30", "tweet": "@shaun_jen Impossible. They’ve so thoroughly lost the plot, there’s no way the fan input has any sway.", "likes_count": 1, "replies_count": 1, "retweets_count": 0, "hashtags": []}
{"id": 1127721478802296833, "date": "2019-05-12", "time": "19:45:27", "tweet": "@tssznews Well, I think that callout is kind of needed since they never clarify why Sonic Team is like \"I won't have any input in the movie\" all the time instead of maybe \"I can't have any input in the movie\". After the redesign, Iizuka should've tried contacting them again and help out.", "likes_count": 0, "replies_count": 1, "retweets_count": 0, "hashtags": []}
{"id": 1127721315098513408, "date": "2019-05-12", "time": "19:44:48", "tweet": "@tjeezyyy Thanks for you input @tjeezyyy", "likes_count": 2, "replies_count": 0, "retweets_count": 0, "hashtags": []}
{"id": 1127721248975355904, "date": "2019-05-12", "time": "19:44:32", "tweet": "@SoaRRedd @Winchester1776 @BrianKempGA So just so you know what happened in Georgia has everything to do with women’s rights! A federal and state government should have no input into what a “person” does with their bodies. SMH that you don’t see that!", "likes_count": 0, "replies_count": 1, "retweets_count": 0, "hashtags": []}
{"id": 1127721220370239493, "date": "2019-05-12", "time": "19:44:25", "tweet": "@Linda_A_Bailey @matthewsamuda @IMFNews @Vision2030_Ja 🤣🤣🤣 You woulda must notice dat!  The Jamaican Diaspora has people that would HAPPILY help to find IF it was done transparently AND user input from educational professionals in the diaspora.  A transparent and well-managed education trust, not a bond, can work.", "likes_count": 1, "replies_count": 2, "retweets_count": 0, "hashtags": []}
{"id": 1127721205824479239, "date": "2019-05-12", "time": "19:44:22", "tweet": "@truongasm He's so powerful he made the text input longer", "likes_count": 0, "replies_count": 0, "retweets_count": 0, "hashtags": []}
{"id": 1127721176787083264, "date": "2019-05-12", "time": "19:44:15", "tweet": "@Ayaniulva @BangPino_ Ketika kecurangan terjadi ini bukan karena 01/02 tapi suara rakyat yg dikhianati, siapa yg paling bertanggung jawab KPU, karena indikasi 57000 salah input data dan banyak c1 palsu.  Dan ketika kami teriak #PeoplePowerBukanMakar kalian tuduh makar, ulama ditangkapi kalian waras...", "likes_count": 0, "replies_count": 0, "retweets_count": 0, "hashtags": ["peoplepowerbukanmakar"]}
{"id": 1127721053084704771, "date": "2019-05-12", "time": "19:43:45", "tweet": "@BSTforBTS I forget which interview it was but Yoongi said this, and it always stuck with me. \"We're a team that understands the importance of teamwork.\" He goes on to talk about how they make musical decisions together and how everyone gives their input.", "likes_count": 8, "replies_count": 0, "retweets_count": 2, "hashtags": []}
{"id": 1127720825497575424, "date": "2019-05-12", "time": "19:42:51", "tweet": "Last valid input: 2019-05-13 08:42:44.376136 Temperature: 28.00 C Humidity: 39.00 %", "likes_count": 0, "replies_count": 0, "retweets_count": 0, "hashtags": []}
{"id": 1127720821840072704, "date": "2019-05-12", "time": "19:42:50", "tweet": "@KingJames 3-6 na don’t need your input", "likes_count": 0, "replies_count": 0, "retweets_count": 0, "hashtags": []}
{"id": 1127720669909790720, "date": "2019-05-12", "time": "19:42:14", "tweet": "@Tomorrows__ Ahhh bnb has a lot to memorize for optimal damage, but that can be done and Fox has reliable combos anyways if IDK what's optimal for %.  Attack canceling, I know how it's done, I just can't do it consistently for the life of me despite how simple the input actually is.", "likes_count": 0, "replies_count": 0, "retweets_count": 0, "hashtags": []}
{"id": 1127720458441220096, "date": "2019-05-12", "time": "19:41:23", "tweet": "Hi guys, should the date input box below say 'date of birth' next to it? It didn't display on android or the desktop version of the site on my tablet. #hth love the idea! @blueorigin @clubforfuture  https://t.co/1g0QY7TdDh", "likes_count": 0, "replies_count": 0, "retweets_count": 0, "hashtags": ["hth"]}
{"id": 1127720398076956672, "date": "2019-05-12", "time": "19:41:09", "tweet": "Why these niggas always feel like their input on how a woman feels about herself is needed? Because YOU think she’s fine means she can’t have anything she’s self conscious about? Fuck outta here", "likes_count": 5, "replies_count": 1, "retweets_count": 2, "hashtags": []}
{"id": 1127720397896548352, "date": "2019-05-12", "time": "19:41:09", "tweet": "... effective. You sometimes watch people like Zarby and Issa just get the perfect ratio of manual input and Aim Assist right so that the reticle perfectly tracks the opponent. My solution would be the \"anti\" to this because repeatedly spamming ADS would be less effective.. (2/3)", "likes_count": 0, "replies_count": 1, "retweets_count": 0, "hashtags": []}
{"id": 1127720139770814466, "date": "2019-05-12", "time": "19:40:08", "tweet": "Money Cube - An APP which will help you get MONEY for free. Input my invite code ❤3KT6W❤ after installation, and you will get 1000 Clicks. Download link:  https://t.co/ZBJd0I2Mkq  https://t.co/10Bmno7Okw", "likes_count": 0, "replies_count": 0, "retweets_count": 0, "hashtags": []}
{"id": 1127720112478457862, "date": "2019-05-12", "time": "19:40:01", "tweet": "@TVsBen @OrangeDonut @This234c @SEGA @RetroGameLovers Comix zone takes a 6 button input. It's pretty hard to play without it.", "likes_count": 1, "replies_count": 0, "retweets_count": 0, "hashtags": []}
{"id": 1127719860031643649, "date": "2019-05-12", "time": "19:39:01", "tweet": "@ProductionAadar @WaqarEY @umar8528 I disagree on certain aspects. Cant have a lengthy debate here. Anyways thanks for ur input. Salam.", "likes_count": 0, "replies_count": 0, "retweets_count": 0, "hashtags": []}
{"id": 1127719847763369984, "date": "2019-05-12", "time": "19:38:58", "tweet": "So my boyfriend was saying if we had a child my child have to have his last name no matter what... ladies what’s your input", "likes_count": 0, "replies_count": 0, "retweets_count": 0, "hashtags": []}
{"id": 1127719763000680448, "date": "2019-05-12", "time": "19:38:38", "tweet": "@AskPlayStation It insists my card number was input incorrectly  https://t.co/ictllKbC4s", "likes_count": 0, "replies_count": 1, "retweets_count": 0, "hashtags": []}
{"id": 1127719716422860800, "date": "2019-05-12", "time": "19:38:27", "tweet": "@khaosbob i'm sorry to let u down khaos i promise the 40 bomb days will come again input lag is rough these days", "likes_count": 7, "replies_count": 1, "retweets_count": 0, "hashtags": []}
{"id": 1127719639742668801, "date": "2019-05-12", "time": "19:38:08", "tweet": "@KilljoysBTW just a question. last time I downloaded it I got a controller delay where the input was just really terrible. is this something that you experience at all when connecting a controller?", "likes_count": 0, "replies_count": 1, "retweets_count": 0, "hashtags": []}
{"id": 1127719564987359232, "date": "2019-05-12", "time": "19:37:50", "tweet": "@garyvee Definitely. Control the input, and the output will change as well!", "likes_count": 2, "replies_count": 0, "retweets_count": 0, "hashtags": []}
{"id": 1127719354924036096, "date": "2019-05-12", "time": "19:37:00", "tweet": "@Thesixler @AJentleson I'm a Canadian foreign observer, but I'm really curious of your thoughts on senator Harris? She seems like a fantastically intelligent and driven candidate with great idea. Being from your state is there any input on your end?", "likes_count": 3, "replies_count": 0, "retweets_count": 0, "hashtags": []}
{"id": 1127719275496497152, "date": "2019-05-12", "time": "19:36:41", "tweet": "2年半使用したAnkerのモバイルバッテリーAstro E7のInput端子がお亡くなりに…😨  普通に充電しててmicroUSBケーブル抜いたら端子ごと抜けたという…😓  #astroe7 #Anker #モバイルバッテリー  https://t.co/ob0IWkXRWP", "likes_count": 0, "replies_count": 0, "retweets_count": 0, "hashtags": ["astroe7", "anker", "モバイルバッテリー"]}
{"id": 1127719167979814913, "date": "2019-05-12", "time": "19:36:16", "tweet": "@ihavenomanas @Spotify But I agree with you on the fact that spotify's algorithm is very bad, specially around electronic music (my daily mixes are all a mess). Maybe a broader section called \"you may also like\" that contains artist's input as well as listen data?", "likes_count": 0, "replies_count": 1, "retweets_count": 0, "hashtags": []}
{"id": 1127719149860315136, "date": "2019-05-12", "time": "19:36:11", "tweet": "@RaySheeo @SGM63 @AustralianLabor @LiberalAus Yes - it’s income and expenses banks assess against when working out serviceability.   But deposit size lowers loan size and this is an input too", "likes_count": 1, "replies_count": 0, "retweets_count": 0, "hashtags": []}
{"id": 1127719093149360128, "date": "2019-05-12", "time": "19:35:58", "tweet": "@jerrysaltz Also wondering why when a painting is damaged nobody says let's remake the damaged areas with input from a contemporary painter but with architecture, it's all too common.", "likes_count": 5, "replies_count": 1, "retweets_count": 2, "hashtags": []}
{"id": 1127719079383588865, "date": "2019-05-12", "time": "19:35:55", "tweet": "@DTonPirates That's a pretty poor regression with contrived input, so it's not that surprising based on the graphic provided alone.", "likes_count": 0, "replies_count": 0, "retweets_count": 0, "hashtags": []}
{"id": 1127719000245514247, "date": "2019-05-12", "time": "19:35:36", "tweet": "I guess what I'm saying is, de-integrate the throttle and power steering from the shifting modes, with the previously mentioned adjustments. Let people establish a consistent, and static, setting for the input controls, so they can expect a consistent result.", "likes_count": 0, "replies_count": 0, "retweets_count": 0, "hashtags": []}
{"id": 1127718978153922560, "date": "2019-05-12", "time": "19:35:31", "tweet": "@AustinSiloh @Xerrtz Doesn’t the slim not have a optical input ?", "likes_count": 0, "replies_count": 1, "retweets_count": 0, "hashtags": []}
{"id": 1127718931827814400, "date": "2019-05-12", "time": "19:35:20", "tweet": "@BramJbi @tawajkt @YouTube Alhamdulillah , sebuah presentasi bagi NKRI tercinta dari seorang alumni @itbofficial yg dgn mesin robot buatanya bs melacak bnyknya \"salah input\" di situng nya @KPU_ID , monggo pak @jokowi ikut nonton YouTube nya monggo 🙏 cc @KPK_RI @DKPP_RI @JimlyAs @akipagi_tvone @fadlizon", "likes_count": 1, "replies_count": 0, "retweets_count": 0, "hashtags": []}
{"id": 1127718862710091779, "date": "2019-05-12", "time": "19:35:03", "tweet": "People tend to confuse sharing with seeking advice. In an attempt to solicit kudos from someone they are close to, they make the mistake of asking for input. And cognitive bias can prevent us from fairly evaluating the critical feedback that could help us   https://t.co/oQGBOnMxPf", "likes_count": 0, "replies_count": 0, "retweets_count": 0, "hashtags": []}
{"id": 1127718820078993408, "date": "2019-05-12", "time": "19:34:53", "tweet": "@pathingy Minta di set atau ngga? Kalo ngga ya pembeli bayar, kamu kirim brgnya kalo jne input resi sendiri jd nombok dulu, kalo jnt udh dikasih jd gausah byr, kalo diset freeong sisa uangnya kamu masukin ke paket. Yaudah entar dananya lengkap masuk shopeepay km", "likes_count": 0, "replies_count": 0, "retweets_count": 0, "hashtags": []}
{"id": 1127718576121614336, "date": "2019-05-12", "time": "19:33:55", "tweet": "#linux #kernel  Re: linux-next: manual merge of the input tree with the arm-soc tree  https://t.co/dGY4t5Xhar", "likes_count": 0, "replies_count": 0, "retweets_count": 0, "hashtags": ["linux", "kernel"]}
