{"id": 1165050995224842240, "date": "2019-08-23", "time": "19:59:37", "tweet": "So I have 2 switchers currently - a 4 input and a 3 input. Lucky me I have mainly been interested in stuff with AV cables, which in case you’re unaware, are these - easy for a young kid to know where to go because color coding on the ends and receivers (4/16)  https://t.co/hZE6sHYnDo", "likes_count": 1, "replies_count": 1, "retweets_count": 0, "hashtags": []}
{"id": 1165050960768458752, "date": "2019-08-23", "time": "19:59:29", "tweet": "@Jerrypleasure he needs a ball that go beep beep. they make noisy balls for dogs that like the extra sensory input but for blind dogs it'd help him find it o:", "likes_count": 0, "replies_count": 0, "retweets_count": 0, "hashtags": []}
{"id": 1165050879520559105, "date": "2019-08-23", "time": "19:59:09", "tweet": "@Mortdog Please stream! I'd love to watch and see what your input is.", "likes_count": 0, "replies_count": 0, "retweets_count": 0, "hashtags": []}
{"id": 1165050846985564162, "date": "2019-08-23", "time": "19:59:02", "tweet": "Not long left to put your opinion forward about Mental Health training for the Police. Doing some research so would be great to get your input.", "likes_count": 1, "replies_count": 0, "retweets_count": 0, "hashtags": []}
{"id": 1165050841654542344, "date": "2019-08-23", "time": "19:59:00", "tweet": "I’m working on a top secret project and I would really love all of your input. This will certainly help guide the direction of said project. Focusing on clothing... What does sexiness mean to you?  What makes you...  https://t.co/59un0OyQGy", "likes_count": 2, "replies_count": 0, "retweets_count": 0, "hashtags": []}
{"id": 1165050782120652800, "date": "2019-08-23", "time": "19:58:46", "tweet": "@Khoaalude Nobody needs your input", "likes_count": 0, "replies_count": 0, "retweets_count": 0, "hashtags": []}
{"id": 1165050760649773056, "date": "2019-08-23", "time": "19:58:41", "tweet": "Yes it is. It’s not just the processing time, but also the manual signing and data input that makes it no contest.", "likes_count": 1, "replies_count": 0, "retweets_count": 0, "hashtags": []}
{"id": 1165050691422810112, "date": "2019-08-23", "time": "19:58:25", "tweet": "@BLANKFACE85 Chief Keef or Kid Cudi can’t say they had an Input in Frank Oceans Blonde", "likes_count": 0, "replies_count": 0, "retweets_count": 0, "hashtags": []}
{"id": 1165050603782975488, "date": "2019-08-23", "time": "19:58:04", "tweet": "@GoogleStadia Do you have an input/output lag solution for folks living in the UK?", "likes_count": 0, "replies_count": 0, "retweets_count": 0, "hashtags": []}
{"id": 1165050470412386304, "date": "2019-08-23", "time": "19:57:32", "tweet": "@mindcaviar @NoCultKoolAid JamieJoy, thanks for sharing. Feel free to block/mute me. Btw, I do agree women don't always need to have hair &amp; make up done. However, when someone  body shames me for being trans, I sometimes do analyses of their body/hair/face. Thanks for your input. 🥳", "likes_count": 1, "replies_count": 1, "retweets_count": 0, "hashtags": []}
{"id": 1165050444827303937, "date": "2019-08-23", "time": "19:57:26", "tweet": "I just refollowed @ScottAdamsSays again Twitter had unfollow Scott without my input.", "likes_count": 0, "replies_count": 0, "retweets_count": 0, "hashtags": []}
{"id": 1165050432969789448, "date": "2019-08-23", "time": "19:57:23", "tweet": "Hooookeydoke,  I have officially changed my handle thinger here to @FrankTodaroVO .  Thanks for the input, gang!!", "likes_count": 6, "replies_count": 0, "retweets_count": 1, "hashtags": []}
{"id": 1165050405182509057, "date": "2019-08-23", "time": "19:57:16", "tweet": "@danheld It is faster, and that’s not including the signing in-store or data input online.  https://t.co/clKXHDjziy", "likes_count": 6, "replies_count": 1, "retweets_count": 0, "hashtags": []}
{"id": 1165050362606301184, "date": "2019-08-23", "time": "19:57:06", "tweet": "@virgilabloh e, I respect you and you’re designs incredibly, but now you’re prolly more focused on lv, which I definitely get. But I just don’t understand why y’all (you and Nike) went the path y’all did. I’m definitely open to theory or input if y’all have any ideas?", "likes_count": 0, "replies_count": 0, "retweets_count": 0, "hashtags": []}
{"id": 1165050278439215105, "date": "2019-08-23", "time": "19:56:46", "tweet": "Merge:Multi Image text input Twitter.  https://t.co/5UYhL41fxf", "likes_count": 0, "replies_count": 0, "retweets_count": 0, "hashtags": []}
{"id": 1165050249385263104, "date": "2019-08-23", "time": "19:56:39", "tweet": "@jpaceDC ...with input from a “chief of staff” who couldn’t figure out his nanny tax:  https://t.co/DXLP5X0UQL", "likes_count": 0, "replies_count": 0, "retweets_count": 0, "hashtags": []}
{"id": 1165050190383996929, "date": "2019-08-23", "time": "19:56:25", "tweet": "Merge:Multi Image text input Twitter.  https://t.co/QqQtrVL1zi", "likes_count": 0, "replies_count": 0, "retweets_count": 0, "hashtags": []}
{"id": 1165050122029477888, "date": "2019-08-23", "time": "19:56:09", "tweet": "@peebanjay Thank u for your input, i will keep juulin for the time being. Thats the big upside to juuls -no one else has to suffer for my dumb choices lol", "likes_count": 1, "replies_count": 1, "retweets_count": 0, "hashtags": []}
{"id": 1165049856177520640, "date": "2019-08-23", "time": "19:55:05", "tweet": "Statistical testing:A test design technique in which a model of the statistical distribution of the input is used to construct", "likes_count": 0, "replies_count": 2, "retweets_count": 0, "hashtags": []}
{"id": 1165049762095280128, "date": "2019-08-23", "time": "19:54:43", "tweet": "Last valid input: 2019-08-24 08:54:40.625406 Temperature: 32.00 C Humidity: 70.00 %", "likes_count": 0, "replies_count": 0, "retweets_count": 0, "hashtags": []}
{"id": 1165050995224842240, "date": "2019-08-23", "time": "19:59:37", "tweet": "So I have 2 switchers currently - a 4 input and a 3 input. Lucky me I have mainly been interested in stuff with AV cables, which in case you’re unaware, are these - easy for a young kid to know where to go because color coding on the ends and receivers (4/16)  https://t.co/hZE6sHYnDo", "likes_count": 1, "replies_count": 1, "retweets_count": 0, "hashtags": []}
{"id": 1165050960768458752, "date": "2019-08-23", "time": "19:59:29", "tweet": "@Jerrypleasure he needs a ball that go beep beep. they make noisy balls for dogs that like the extra sensory input but for blind dogs it'd help him find it o:", "likes_count": 0, "replies_count": 0, "retweets_count": 0, "hashtags": []}
{"id": 1165050879520559105, "date": "2019-08-23", "time": "19:59:09", "tweet": "@Mortdog Please stream! I'd love to watch and see what your input is.", "likes_count": 0, "replies_count": 0, "retweets_count": 0, "hashtags": []}
{"id": 1165050846985564162, "date": "2019-08-23", "time": "19:59:02", "tweet": "Not long left to put your opinion forward about Mental Health training for the Police. Doing some research so would be great to get your input.", "likes_count": 1, "replies_count": 0, "retweets_count": 0, "hashtags": []}
{"id": 1165050841654542344, "date": "2019-08-23", "time": "19:59:00", "tweet": "I’m working on a top secret project and I would really love all of your input. This will certainly help guide the direction of said project. Focusing on clothing... What does sexiness mean to you?  What makes you...  https://t.co/59un0OyQGy", "likes_count": 2, "replies_count": 0, "retweets_count": 0, "hashtags": []}
{"id": 1165050782120652800, "date": "2019-08-23", "time": "19:58:46", "tweet": "@Khoaalude Nobody needs your input", "likes_count": 0, "replies_count": 0, "retweets_count": 0, "hashtags": []}
{"id": 1165050760649773056, "date": "2019-08-23", "time": "19:58:41", "tweet": "Yes it is. It’s not just the processing time, but also the manual signing and data input that makes it no contest.", "likes_count": 1, "replies_count": 0, "retweets_count": 0, "hashtags": []}
{"id": 1165050691422810112, "date": "2019-08-23", "time": "19:58:25", "tweet": "@BLANKFACE85 Chief Keef or Kid Cudi can’t say they had an Input in Frank Oceans Blonde", "likes_count": 0, "replies_count": 0, "retweets_count": 0, "hashtags": []}
{"id": 1165050603782975488, "date": "2019-08-23", "time": "19:58:04", "tweet": "@GoogleStadia Do you have an input/output lag solution for folks living in the UK?", "likes_count": 0, "replies_count": 0, "retweets_count": 0, "hashtags": []}
{"id": 1165050470412386304, "date": "2019-08-23", "time": "19:57:32", "tweet": "@mindcaviar @NoCultKoolAid JamieJoy, thanks for sharing. Feel free to block/mute me. Btw, I do agree women don't always need to have hair &amp; make up done. However, when someone  body shames me for being trans, I sometimes do analyses of their body/hair/face. Thanks for your input. 🥳", "likes_count": 1, "replies_count": 1, "retweets_count": 0, "hashtags": []}
{"id": 1165050444827303937, "date": "2019-08-23", "time": "19:57:26", "tweet": "I just refollowed @ScottAdamsSays again Twitter had unfollow Scott without my input.", "likes_count": 0, "replies_count": 0, "retweets_count": 0, "hashtags": []}
{"id": 1165050432969789448, "date": "2019-08-23", "time": "19:57:23", "tweet": "Hooookeydoke,  I have officially changed my handle thinger here to @FrankTodaroVO .  Thanks for the input, gang!!", "likes_count": 6, "replies_count": 0, "retweets_count": 1, "hashtags": []}
{"id": 1165050405182509057, "date": "2019-08-23", "time": "19:57:16", "tweet": "@danheld It is faster, and that’s not including the signing in-store or data input online.  https://t.co/clKXHDjziy", "likes_count": 6, "replies_count": 1, "retweets_count": 0, "hashtags": []}
{"id": 1165050362606301184, "date": "2019-08-23", "time": "19:57:06", "tweet": "@virgilabloh e, I respect you and you’re designs incredibly, but now you’re prolly more focused on lv, which I definitely get. But I just don’t understand why y’all (you and Nike) went the path y’all did. I’m definitely open to theory or input if y’all have any ideas?", "likes_count": 0, "replies_count": 0, "retweets_count": 0, "hashtags": []}
{"id": 1165050278439215105, "date": "2019-08-23", "time": "19:56:46", "tweet": "Merge:Multi Image text input Twitter.  https://t.co/5UYhL41fxf", "likes_count": 0, "replies_count": 0, "retweets_count": 0, "hashtags": []}
{"id": 1165050249385263104, "date": "2019-08-23", "time": "19:56:39", "tweet": "@jpaceDC ...with input from a “chief of staff” who couldn’t figure out his nanny tax:  https://t.co/DXLP5X0UQL", "likes_count": 0, "replies_count": 0, "retweets_count": 0, "hashtags": []}
{"id": 1165050190383996929, "date": "2019-08-23", "time": "19:56:25", "tweet": "Merge:Multi Image text input Twitter.  https://t.co/QqQtrVL1zi", "likes_count": 0, "replies_count": 0, "retweets_count": 0, "hashtags": []}
{"id": 1165050122029477888, "date": "2019-08-23", "time": "19:56:09", "tweet": "@peebanjay Thank u for your input, i will keep juulin for the time being. Thats the big upside to juuls -no one else has to suffer for my dumb choices lol", "likes_count": 1, "replies_count": 1, "retweets_count": 0, "hashtags": []}
{"id": 1165049856177520640, "date": "2019-08-23", "time": "19:55:05", "tweet": "Statistical testing:A test design technique in which a model of the statistical distribution of the input is used to construct", "likes_count": 0, "replies_count": 2, "retweets_count": 0, "hashtags": []}
{"id": 1165049762095280128, "date": "2019-08-23", "time": "19:54:43", "tweet": "Last valid input: 2019-08-24 08:54:40.625406 Temperature: 32.00 C Humidity: 70.00 %", "likes_count": 0, "replies_count": 0, "retweets_count": 0, "hashtags": []}
