{"id": 1124825828951502848, "date": "2019-05-04", "time": "19:59:10", "tweet": "A busy and wonderful Day Two of @Chupacabra_Con !   Our 'Ruined Castle' set has been SO well received! Thank you for your input, ideas and enthusiasm!  And yes, we do customs! Playmats for your game, swag for your #Kickstarter or promo #merch for your company - we can do it!  https://t.co/8QIsjgqYSS", "likes_count": 2, "replies_count": 0, "retweets_count": 1, "hashtags": ["kickstarter", "merch"]}
{"id": 1124825797158522880, "date": "2019-05-04", "time": "19:59:02", "tweet": "@PriyoBudiS @joked2019 @RamliRizal Pasti setuju sekali.  Enak banget kemenangan ditentukan KPU yang didasarkan dengan Kedok Salah Input Data KPU. #Pasal532KecuranganPemilu kita tuntut KPU KPUD, krn menghilangkan suara 02", "likes_count": 0, "replies_count": 0, "retweets_count": 0, "hashtags": ["pasal532kecuranganpemilu"]}
{"id": 1124825721317281793, "date": "2019-05-04", "time": "19:58:44", "tweet": "Excellent; looks like a great &amp; well deserved evening. George Walton has served with professionalism &amp; dedication as Councillor for @AlderleyNeth &amp; the other Parishes in his Ward. We shall miss him &amp; his input to the .@manairport Consultative Committee too. Happy retirement😃.", "likes_count": 2, "replies_count": 0, "retweets_count": 0, "hashtags": []}
{"id": 1124825542472097793, "date": "2019-05-04", "time": "19:58:02", "tweet": "Rakyat melalui BPN hrs segera ultimatum @KPU_ID dlm waktu 3x24 jam sdh sampaikan semua temuan salah hitung, salah input, pemalsuan, manipulasi &amp; segala pelanggaran/kejahatan pemilu se Indonesia yg merugikan 02  Tindaklanjut proses hukum semua pelaku &amp; koreksi kesalahan oleh KPU", "likes_count": 0, "replies_count": 0, "retweets_count": 0, "hashtags": []}
{"id": 1124825484972515334, "date": "2019-05-04", "time": "19:57:48", "tweet": "@_glacey It’s the same input it’s just that, just like in Smash 4, the speed of the input is based on a lot of factors, a ton of which changed from Smash 4 to Ult. So you have to practice a whole new “speed” for the input.", "likes_count": 1, "replies_count": 1, "retweets_count": 0, "hashtags": []}
{"id": 1124825475266703360, "date": "2019-05-04", "time": "19:57:46", "tweet": "What type of cannabis do you prefer? We’d love your input friends! #cannabis #weekendvibes #SaturdayThoughts #cannabis #cannabiscanada #travel #cbd", "likes_count": 0, "replies_count": 0, "retweets_count": 0, "hashtags": ["cannabis", "weekendvibes", "saturdaythoughts", "cannabis", "cannabiscanada", "travel", "cbd"]}
{"id": 1124825459718488064, "date": "2019-05-04", "time": "19:57:42", "tweet": "@HeyJuBu @Yoyo75 !  Appreciate your input.  The National Park Service has many requests for permits &amp; we actually started our request in 2018.   This date was mostly determined by NPS availability.  🙂", "likes_count": 1, "replies_count": 1, "retweets_count": 0, "hashtags": []}
{"id": 1124825137218347008, "date": "2019-05-04", "time": "19:56:25", "tweet": "@janforney1 @KimTompkins12 @SMC3141 @mikefarb1 @lovetogive2 @counterchekist @melaniesrestall @M1Catalyst @karolcummins @TheNewTiresias @LouiseMensch @pammsugg @POTUSBumblephuq @funder @BarackObama @rubenkmajor There is no question that electronics can be highly reliable. That is necessary for validity but does not guarantee it. What they cannot be is fully inspected, understood, and presumed to be static or what is actually running. The input &amp; tallying devices used become the target.", "likes_count": 0, "replies_count": 0, "retweets_count": 0, "hashtags": []}
{"id": 1124824883073114117, "date": "2019-05-04", "time": "19:55:25", "tweet": "Using Paste to get the input data from the checkboxGroupInput aggregated and seperated by comma  https://t.co/5BuCjcRlSR", "likes_count": 0, "replies_count": 0, "retweets_count": 0, "hashtags": []}
{"id": 1124824671306825729, "date": "2019-05-04", "time": "19:54:34", "tweet": "@D_resists Well 45 had to get input from his boss.", "likes_count": 2, "replies_count": 0, "retweets_count": 0, "hashtags": []}
{"id": 1124824646757564417, "date": "2019-05-04", "time": "19:54:28", "tweet": "@foolishdude That's literally any fighting game. And Mortal Kombat's combos are one of the least egregious I've seen of being overly complicated. At most, you use a different directional input at different moments in a combo.", "likes_count": 1, "replies_count": 0, "retweets_count": 0, "hashtags": []}
{"id": 1124824643821502464, "date": "2019-05-04", "time": "19:54:27", "tweet": "Perdí el vuelo a Ibiza. Me saqué para mañana y me vine a Input que toca Maceo Plex. 🤭🎉", "likes_count": 5, "replies_count": 0, "retweets_count": 0, "hashtags": []}
{"id": 1124824631825666048, "date": "2019-05-04", "time": "19:54:25", "tweet": "Semoga terungkap aktor intelektual dibalik salah input Situng @KPU_ID menurut pakar IT ITB situng KPU dikendalikan Intruder.  #IndonesiaFraudElection #massivefraudelection   https://t.co/5WpjayENb9", "likes_count": 0, "replies_count": 0, "retweets_count": 0, "hashtags": ["indonesiafraudelection", "massivefraudelection"]}
{"id": 1124824576515379201, "date": "2019-05-04", "time": "19:54:11", "tweet": "@DeadDinoTuber @Reece_Lively As a heterosexual male, I have no input.", "likes_count": 0, "replies_count": 0, "retweets_count": 0, "hashtags": []}
{"id": 1124824519607144449, "date": "2019-05-04", "time": "19:53:58", "tweet": "Kalo gak tau ngitung stopin aj.... Zaman now ÷×+/ salah input = hal biasa dan di anggap tdk curang, di biarin gak di koreksi &amp; pd akhirnya...negara api raja api ozai namun di gagalkan oleh avatar dan gbungan elemen air, angin dan tanah..ayo bersatu lawan negara api #StopSitungKPU", "likes_count": 0, "replies_count": 0, "retweets_count": 0, "hashtags": ["stopsitungkpu"]}
{"id": 1124824503803154432, "date": "2019-05-04", "time": "19:53:54", "tweet": "Fellas...is it a turn off when a woman uses the word “bruh”? I’m tryna see something 🤔  Ladies, I’d love your input as well", "likes_count": 1, "replies_count": 1, "retweets_count": 0, "hashtags": []}
{"id": 1124824502162968576, "date": "2019-05-04", "time": "19:53:54", "tweet": "@dr_koko28 Bismillah..  Yakin Azab akan datang kepada Oknum oknum situng KPU yg Jahat dlm input data @siap_siapmenikmati", "likes_count": 0, "replies_count": 0, "retweets_count": 0, "hashtags": []}
{"id": 1124824424148942848, "date": "2019-05-04", "time": "19:53:35", "tweet": "@Ronnie_Rusli Pakar tidak befungsi dizamannya si Ngaciro, artinya orang pintar BISA dibikin goblok. Orang yg tadinya jujur BISA dibikin tidak jujur, dll. Mngenai postingan ini, kita berhitung sebanar apapun, setepat apapun, TETAP kapeu akan input salah. That's the problem!", "likes_count": 0, "replies_count": 0, "retweets_count": 0, "hashtags": []}
{"id": 1124824229365600256, "date": "2019-05-04", "time": "19:52:49", "tweet": "@kcfan4ever84 @KSNNews Thanks for sharing your input!", "likes_count": 0, "replies_count": 0, "retweets_count": 0, "hashtags": []}
{"id": 1124824221371195392, "date": "2019-05-04", "time": "19:52:47", "tweet": "@vfong @millanpatterson @GavinNewsom And didn’t you have a plan that would deal with our crumbling infrastructure without raising gas taxes, Assemblyman Fong? If only #CaLeg would listen to input from smart @CAGOP legislators.   #CaDeservesBetter", "likes_count": 2, "replies_count": 0, "retweets_count": 1, "hashtags": ["caleg", "cadeservesbetter"]}
