{"id": 1211436523280748544, "date": "2019-12-29", "time": "18:59:09", "tweet": "@Frootcakee @senkosex rage wants to make a video about me, shouldnt i have some input?", "likes_count": 0, "replies_count": 0, "retweets_count": 0, "hashtags": []}
{"id": 1211436510630862848, "date": "2019-12-29", "time": "18:59:06", "tweet": "@solarbearsucks Practicing the \"Open Twitch\" input as we speak", "likes_count": 1, "replies_count": 1, "retweets_count": 0, "hashtags": []}
{"id": 1211436489227284487, "date": "2019-12-29", "time": "18:59:01", "tweet": "Input errors give me the worst headache man", "likes_count": 4, "replies_count": 0, "retweets_count": 0, "hashtags": []}
{"id": 1211436433128460290, "date": "2019-12-29", "time": "18:58:47", "tweet": "@justin_kuhnn thanks for the input of me being stupid. my in game iq is 500", "likes_count": 0, "replies_count": 0, "retweets_count": 0, "hashtags": []}
{"id": 1211436382549413889, "date": "2019-12-29", "time": "18:58:35", "tweet": "@shartzilla They should welcome any input to make it better for you and it's definitely not you're fault thats just silly! Women fake organisms just to make their lover feel like they are doing a great job, but thats ridiculous too! Kinda like cutting your own nose Off to spite your face😂", "likes_count": 1, "replies_count": 1, "retweets_count": 0, "hashtags": []}
{"id": 1211436333425733634, "date": "2019-12-29", "time": "18:58:23", "tweet": "@JulianCastro You aren’t taking our guns Julian. Move to a state that will embrace your liberal ideology on guns.  We are doing just fine without your input", "likes_count": 1, "replies_count": 0, "retweets_count": 0, "hashtags": []}
{"id": 1211436330439323649, "date": "2019-12-29", "time": "18:58:23", "tweet": "I've decided to try something new tonight! Some viewer input games! Should be simple and silly fun here! Let's do it!  https://t.co/2n7NkeqQAX", "likes_count": 3, "replies_count": 0, "retweets_count": 1, "hashtags": []}
{"id": 1211436228329005057, "date": "2019-12-29", "time": "18:57:58", "tweet": "@ItsThatAndyGuy it's a VERY tight input window", "likes_count": 1, "replies_count": 1, "retweets_count": 0, "hashtags": []}
{"id": 1211436156769968129, "date": "2019-12-29", "time": "18:57:41", "tweet": "@TK4692 @justkelly_ok @TheRealKerryG @corinaknoll You @'d me first ijs wasn't asking for nor require your input slash engagement in fact I would rather be doing anything but", "likes_count": 0, "replies_count": 0, "retweets_count": 0, "hashtags": []}
{"id": 1211436113354772484, "date": "2019-12-29", "time": "18:57:31", "tweet": "@Zlicky I play with input delay", "likes_count": 0, "replies_count": 0, "retweets_count": 0, "hashtags": []}
{"id": 1211436047617404929, "date": "2019-12-29", "time": "18:57:15", "tweet": "I hope new defence coach Steve Tandy gets input into selection of the 6N squad. He can assess all candidates based on the systems he wants to implement not reputation or previous form. Yeah, am banging on about centres again... #announcescott", "likes_count": 38, "replies_count": 2, "retweets_count": 2, "hashtags": ["announcescott"]}
{"id": 1211435930462105602, "date": "2019-12-29", "time": "18:56:47", "tweet": "@ObliterateSmite this is a TN panel as well, so the colors/viewing angles etc aren't as good as a nice IPS, but it has very low input latency etc. it literally feels snappier and more responsive in games compared to my previous 144hz monitor", "likes_count": 1, "replies_count": 0, "retweets_count": 0, "hashtags": []}
{"id": 1211435753206513665, "date": "2019-12-29", "time": "18:56:05", "tweet": "@BRamseyJr I’ve learned of folks I taught next to at “that” institute had this same criticism of “liberal” Christian education. I‘m angered by Christian educators who baby adults, from omitting student input into curriculum choices to dismissing valid theological transformations.", "likes_count": 1, "replies_count": 0, "retweets_count": 0, "hashtags": []}
{"id": 1211435713901686786, "date": "2019-12-29", "time": "18:55:56", "tweet": "@stewie55uk Wouldn't have had the year I had without your input mate!!! Looking forward to all the mischief we get up to next year!!", "likes_count": 3, "replies_count": 1, "retweets_count": 0, "hashtags": []}
{"id": 1211435709170626560, "date": "2019-12-29", "time": "18:55:55", "tweet": "We're not amateur hobbyists dabbling at serious careers over here. There are very good reasons to want to wrest resources away from bigots and to want to burn the whole place down.  Your uninformed input is not required while we vigorously debate the least damaging path forward.", "likes_count": 176, "replies_count": 1, "retweets_count": 8, "hashtags": []}
{"id": 1211435682213711873, "date": "2019-12-29", "time": "18:55:48", "tweet": "@Aweglib The first input of the run is Left+Right ROFL", "likes_count": 26, "replies_count": 0, "retweets_count": 0, "hashtags": []}
{"id": 1211435565368926208, "date": "2019-12-29", "time": "18:55:20", "tweet": "@ViaCheri @69barnabus69 @AngelaInKy502 @MikeForKY @senatemajldr Join the team of people on this thread. They will welcome your input. No one is oppo.  Not a single person here.", "likes_count": 1, "replies_count": 1, "retweets_count": 0, "hashtags": []}
{"id": 1211435504975126528, "date": "2019-12-29", "time": "18:55:06", "tweet": "@GaryLineker funny thing is I'm COMPLETELY FOR VAR. I love evolution, I love when justice is served,  right is right, shame VAR has human input", "likes_count": 0, "replies_count": 0, "retweets_count": 0, "hashtags": []}
{"id": 1211435407755362306, "date": "2019-12-29", "time": "18:54:43", "tweet": "@patrickkettner @ericlaw @marcosc There is already a bug:  https://t.co/5MclpfTpL0 however no concrete proposal to how the browser would implement this. I suspect we could check for a clipboard paste whilst an input is selected and prevent the event from being cancelled.", "likes_count": 1, "replies_count": 1, "retweets_count": 0, "hashtags": []}
{"id": 1211435209884721152, "date": "2019-12-29", "time": "18:53:56", "tweet": "@simonahac @murpharoo @samanthamaiden @JacquelineMaley @MichaelPascoe01 Thanks for your valuable input. The panel has regrettably agreed that it should b dishonoured as it did not fully satisfy the criteria.                      The Fossil Fuel Corporates &amp; 2 a lesser extent Coal Miners et al had their futures jeopardised by its introduction. Go Well", "likes_count": 1, "replies_count": 0, "retweets_count": 0, "hashtags": []}
{"id": 1211436523280748544, "date": "2019-12-29", "time": "18:59:09", "tweet": "@Frootcakee @senkosex rage wants to make a video about me, shouldnt i have some input?", "likes_count": 0, "replies_count": 0, "retweets_count": 0, "hashtags": []}
{"id": 1211436510630862848, "date": "2019-12-29", "time": "18:59:06", "tweet": "@solarbearsucks Practicing the \"Open Twitch\" input as we speak", "likes_count": 1, "replies_count": 1, "retweets_count": 0, "hashtags": []}
{"id": 1211436489227284487, "date": "2019-12-29", "time": "18:59:01", "tweet": "Input errors give me the worst headache man", "likes_count": 4, "replies_count": 0, "retweets_count": 0, "hashtags": []}
{"id": 1211436433128460290, "date": "2019-12-29", "time": "18:58:47", "tweet": "@justin_kuhnn thanks for the input of me being stupid. my in game iq is 500", "likes_count": 0, "replies_count": 0, "retweets_count": 0, "hashtags": []}
{"id": 1211436382549413889, "date": "2019-12-29", "time": "18:58:35", "tweet": "@shartzilla They should welcome any input to make it better for you and it's definitely not you're fault thats just silly! Women fake organisms just to make their lover feel like they are doing a great job, but thats ridiculous too! Kinda like cutting your own nose Off to spite your face😂", "likes_count": 1, "replies_count": 1, "retweets_count": 0, "hashtags": []}
{"id": 1211436333425733634, "date": "2019-12-29", "time": "18:58:23", "tweet": "@JulianCastro You aren’t taking our guns Julian. Move to a state that will embrace your liberal ideology on guns.  We are doing just fine without your input", "likes_count": 1, "replies_count": 0, "retweets_count": 0, "hashtags": []}
{"id": 1211436330439323649, "date": "2019-12-29", "time": "18:58:23", "tweet": "I've decided to try something new tonight! Some viewer input games! Should be simple and silly fun here! Let's do it!  https://t.co/2n7NkeqQAX", "likes_count": 3, "replies_count": 0, "retweets_count": 1, "hashtags": []}
{"id": 1211436228329005057, "date": "2019-12-29", "time": "18:57:58", "tweet": "@ItsThatAndyGuy it's a VERY tight input window", "likes_count": 1, "replies_count": 1, "retweets_count": 0, "hashtags": []}
{"id": 1211436156769968129, "date": "2019-12-29", "time": "18:57:41", "tweet": "@TK4692 @justkelly_ok @TheRealKerryG @corinaknoll You @'d me first ijs wasn't asking for nor require your input slash engagement in fact I would rather be doing anything but", "likes_count": 0, "replies_count": 0, "retweets_count": 0, "hashtags": []}
{"id": 1211436113354772484, "date": "2019-12-29", "time": "18:57:31", "tweet": "@Zlicky I play with input delay", "likes_count": 0, "replies_count": 0, "retweets_count": 0, "hashtags": []}
{"id": 1211436047617404929, "date": "2019-12-29", "time": "18:57:15", "tweet": "I hope new defence coach Steve Tandy gets input into selection of the 6N squad. He can assess all candidates based on the systems he wants to implement not reputation or previous form. Yeah, am banging on about centres again... #announcescott", "likes_count": 38, "replies_count": 2, "retweets_count": 2, "hashtags": ["announcescott"]}
{"id": 1211435930462105602, "date": "2019-12-29", "time": "18:56:47", "tweet": "@ObliterateSmite this is a TN panel as well, so the colors/viewing angles etc aren't as good as a nice IPS, but it has very low input latency etc. it literally feels snappier and more responsive in games compared to my previous 144hz monitor", "likes_count": 1, "replies_count": 0, "retweets_count": 0, "hashtags": []}
{"id": 1211435753206513665, "date": "2019-12-29", "time": "18:56:05", "tweet": "@BRamseyJr I’ve learned of folks I taught next to at “that” institute had this same criticism of “liberal” Christian education. I‘m angered by Christian educators who baby adults, from omitting student input into curriculum choices to dismissing valid theological transformations.", "likes_count": 1, "replies_count": 0, "retweets_count": 0, "hashtags": []}
{"id": 1211435713901686786, "date": "2019-12-29", "time": "18:55:56", "tweet": "@stewie55uk Wouldn't have had the year I had without your input mate!!! Looking forward to all the mischief we get up to next year!!", "likes_count": 3, "replies_count": 1, "retweets_count": 0, "hashtags": []}
{"id": 1211435709170626560, "date": "2019-12-29", "time": "18:55:55", "tweet": "We're not amateur hobbyists dabbling at serious careers over here. There are very good reasons to want to wrest resources away from bigots and to want to burn the whole place down.  Your uninformed input is not required while we vigorously debate the least damaging path forward.", "likes_count": 176, "replies_count": 1, "retweets_count": 8, "hashtags": []}
{"id": 1211435682213711873, "date": "2019-12-29", "time": "18:55:48", "tweet": "@Aweglib The first input of the run is Left+Right ROFL", "likes_count": 26, "replies_count": 0, "retweets_count": 0, "hashtags": []}
{"id": 1211435565368926208, "date": "2019-12-29", "time": "18:55:20", "tweet": "@ViaCheri @69barnabus69 @AngelaInKy502 @MikeForKY @senatemajldr Join the team of people on this thread. They will welcome your input. No one is oppo.  Not a single person here.", "likes_count": 1, "replies_count": 1, "retweets_count": 0, "hashtags": []}
{"id": 1211435504975126528, "date": "2019-12-29", "time": "18:55:06", "tweet": "@GaryLineker funny thing is I'm COMPLETELY FOR VAR. I love evolution, I love when justice is served,  right is right, shame VAR has human input", "likes_count": 0, "replies_count": 0, "retweets_count": 0, "hashtags": []}
{"id": 1211435407755362306, "date": "2019-12-29", "time": "18:54:43", "tweet": "@patrickkettner @ericlaw @marcosc There is already a bug:  https://t.co/5MclpfTpL0 however no concrete proposal to how the browser would implement this. I suspect we could check for a clipboard paste whilst an input is selected and prevent the event from being cancelled.", "likes_count": 1, "replies_count": 1, "retweets_count": 0, "hashtags": []}
{"id": 1211435209884721152, "date": "2019-12-29", "time": "18:53:56", "tweet": "@simonahac @murpharoo @samanthamaiden @JacquelineMaley @MichaelPascoe01 Thanks for your valuable input. The panel has regrettably agreed that it should b dishonoured as it did not fully satisfy the criteria.                      The Fossil Fuel Corporates &amp; 2 a lesser extent Coal Miners et al had their futures jeopardised by its introduction. Go Well", "likes_count": 1, "replies_count": 0, "retweets_count": 0, "hashtags": []}
{"id": 1211434904967417856, "date": "2019-12-29", "time": "18:52:43", "tweet": "@TheSiobhanZoe So true. You input determines your output.", "likes_count": 1, "replies_count": 1, "retweets_count": 0, "hashtags": []}
{"id": 1211434747454459905, "date": "2019-12-29", "time": "18:52:05", "tweet": "I’m a different bitch than I was a year ago so if someone that barely has any input in my life says they know me they fucking lying...", "likes_count": 0, "replies_count": 0, "retweets_count": 0, "hashtags": []}
{"id": 1211434642735321090, "date": "2019-12-29", "time": "18:51:40", "tweet": "@peterkay_co_uk The programme  may not have had you input but I laughed  so much and I needed a good laugh so much. Life is hard at the moment your comedy is the best pick me up  thank you", "likes_count": 0, "replies_count": 0, "retweets_count": 0, "hashtags": []}
{"id": 1211434462417952770, "date": "2019-12-29", "time": "18:50:57", "tweet": "@TK4692 @matttbastard @TheRealKerryG @corinaknoll She didn't ask to die. This is not a story where someone with a terrible illness wanted to make that decision. The entire fucking point is that someone ELSE decided to violently take her life. She had no input. Comparing the two is dangerous.  How are people this fucking dense???", "likes_count": 4, "replies_count": 1, "retweets_count": 0, "hashtags": []}
{"id": 1211434454637518848, "date": "2019-12-29", "time": "18:50:56", "tweet": "Final from Raleigh, with @PackMensBball beating @AppStateMBB 72-60. Big input, literally, for State from DJ Funderburk inside.  https://t.co/J1dlBQqe0S", "likes_count": 1, "replies_count": 0, "retweets_count": 1, "hashtags": []}
{"id": 1211434389801963520, "date": "2019-12-29", "time": "18:50:40", "tweet": "@GhostTrumps I don’t care what your sex life’s about, not my place too judge! Your input &amp; comments are interesting!!😊", "likes_count": 1, "replies_count": 1, "retweets_count": 0, "hashtags": []}
{"id": 1211434376577396736, "date": "2019-12-29", "time": "18:50:37", "tweet": "@alsovalerie @FansiteRS @LauLovesLondon @lifetimetv @RufusSewellIT @meditate12 @chelahhorsdal @FredrikSewell @TheTrueDJC @Patty770 @__willamb Thanks for the input. Food for thought.", "likes_count": 0, "replies_count": 0, "retweets_count": 0, "hashtags": []}
{"id": 1211434337972957186, "date": "2019-12-29", "time": "18:50:28", "tweet": "@Danrichetteards @MairavZ @AlwaysThinkHow What statistics? All she has to do is stay off Twitter for a day, let people grieve and be angry without her input and voila! She won't get \"attacked\". So: she has indeed done this to herself.", "likes_count": 0, "replies_count": 1, "retweets_count": 0, "hashtags": []}
{"id": 1211434337574543362, "date": "2019-12-29", "time": "18:50:28", "tweet": "@ierocults Omg thank you so much for your input!! I’m really leaning more towards the first one with a long coat yeah!!", "likes_count": 1, "replies_count": 0, "retweets_count": 0, "hashtags": []}
{"id": 1211434263914196993, "date": "2019-12-29", "time": "18:50:10", "tweet": "@englandwldfall Robert Hewitt Wolf of Deep Space Nine and Elementary has joined the writing staff of Prodigal Son so I look forward to his input!", "likes_count": 1, "replies_count": 0, "retweets_count": 0, "hashtags": []}
{"id": 1211434248927940609, "date": "2019-12-29", "time": "18:50:06", "tweet": "@ofishermosillo Es cierto, y tu input fue vital en esta importante decisión  https://t.co/LNWGSKTLOM", "likes_count": 0, "replies_count": 1, "retweets_count": 0, "hashtags": []}
{"id": 1211434207009882112, "date": "2019-12-29", "time": "18:49:56", "tweet": "@tebenge @realHeathSmith @KevinMott4 @WeGettinItDone @TheCompanyLDR I would drill down on PLs who didn't pull their SLs in the TLP process. I don't know where they get the idea that the PL is the sole planner w/in the PLT. The most inexperienced guy is supposed to develop plans w/out input? The Army is smarter than that. They do it to themselves.", "likes_count": 1, "replies_count": 2, "retweets_count": 0, "hashtags": []}
{"id": 1211434139800309765, "date": "2019-12-29", "time": "18:49:40", "tweet": "I have to do it now and don't have the patience to input every santa emoji, so principle of function stands.", "likes_count": 1, "replies_count": 2, "retweets_count": 0, "hashtags": []}
{"id": 1211433723159351296, "date": "2019-12-29", "time": "18:48:01", "tweet": "@GThiccington @zacharygordon93 @ninsoup @Pokemon alright george thanks for ur input, im sure we all care here", "likes_count": 0, "replies_count": 1, "retweets_count": 0, "hashtags": []}
{"id": 1211433721145901058, "date": "2019-12-29", "time": "18:48:01", "tweet": "pagi pagi udah diributin di grup, cabang Mimika minta tolong dibantu input data.  aku baru nyadar, di Mimika udah Pagi agak siang dan aku disini masih rebahan di tempat tidur 😂", "likes_count": 0, "replies_count": 0, "retweets_count": 0, "hashtags": []}
{"id": 1211433665231753218, "date": "2019-12-29", "time": "18:47:47", "tweet": "@ColetteBalmain This is why, while I may not like other fandoms all that much, I do feel for the groups themselves. I believe most of these young men and women have very little input into the direction of their careers or what they can/cannot participate in. It makes you appreciate BH.", "likes_count": 1, "replies_count": 0, "retweets_count": 0, "hashtags": []}
{"id": 1211433653022142465, "date": "2019-12-29", "time": "18:47:44", "tweet": "i dont even feel like ive seen this guy on fgo ces or anything. who are you. what the fuck. why did nasu get kojimas input for your name", "likes_count": 0, "replies_count": 2, "retweets_count": 0, "hashtags": []}
{"id": 1211433359492046849, "date": "2019-12-29", "time": "18:46:34", "tweet": "@rom_the_weird The timeline is set... Thank you for your input.", "likes_count": 1, "replies_count": 0, "retweets_count": 0, "hashtags": []}
{"id": 1211433190994239489, "date": "2019-12-29", "time": "18:45:54", "tweet": "@Marsyadiah  Selamat Pagi First People, mohon maaf atas ketidaknyamananya. Saat ini silahkan unplug kabel powernya dan pastikan posisi kabel Coaxial pada port input STB (1/2) ^klf", "likes_count": 0, "replies_count": 0, "retweets_count": 0, "hashtags": []}
{"id": 1211433186820947968, "date": "2019-12-29", "time": "18:45:53", "tweet": "Lucky Fishing have fun. What are you waiting for? Download it, input the refer code T8KTS9K to get reward. https://t.co/oGUipGULVe", "likes_count": 2, "replies_count": 0, "retweets_count": 0, "hashtags": []}
