{"id": 1112142413823397888, "date": "2019-03-30", "time": "19:59:48", "tweet": "Great hockey fans on Twitter, we want to develop the @Buccigross drinking game and/or bingo game.  Looking for crowdsourced input on what to include.  And...go...  @5HoleBrett", "likes_count": 5, "replies_count": 3, "retweets_count": 1, "hashtags": []}
{"id": 1112142245258362880, "date": "2019-03-30", "time": "19:59:08", "tweet": "Sepertinya saya butuh tubing. Teriak bergerak di air. Setelah lelah bekerja. Atau renang gitu. Asyik neh... Tapi sorean aja masih belum kelar neh kerjaan. Wawancara n input data.  Request work from home @FifthHarmony dooong Biar semangat kerjae. Terima kasih", "likes_count": 0, "replies_count": 0, "retweets_count": 0, "hashtags": []}
{"id": 1112142049036435456, "date": "2019-03-30", "time": "19:58:21", "tweet": "@DanDee1948 @AOC @dccc Oh look at the troll posting right wing propaganda charts. Very valuable input for someone who couldn't care less.", "likes_count": 0, "replies_count": 2, "retweets_count": 0, "hashtags": []}
{"id": 1112141864520638464, "date": "2019-03-30", "time": "19:57:37", "tweet": "@Dantio12 @josh_staples19 Here comes Dante to add random input", "likes_count": 0, "replies_count": 1, "retweets_count": 0, "hashtags": []}
{"id": 1112141853258706944, "date": "2019-03-30", "time": "19:57:35", "tweet": "@BoilingPointLTC @CoinDeskMarkets It would be great to see, definitely. Thanks for your input @BoilingPointLTC", "likes_count": 1, "replies_count": 0, "retweets_count": 0, "hashtags": []}
{"id": 1112141805888389120, "date": "2019-03-30", "time": "19:57:23", "tweet": "My littlest and husband both have the same bites or whatever it is on the leg. We already been to doctors and were given antibiotics for it, but not even the doctors know what it is. I wanna post pics to get input,  because this isn't first time, but the pics are gross lol", "likes_count": 0, "replies_count": 0, "retweets_count": 0, "hashtags": []}
{"id": 1112141552388706304, "date": "2019-03-30", "time": "19:56:23", "tweet": "@MikePerryavatar I agree with you. Right on the money. Thank you for your input.", "likes_count": 1, "replies_count": 0, "retweets_count": 0, "hashtags": []}
{"id": 1112141498764673025, "date": "2019-03-30", "time": "19:56:10", "tweet": "Via barbiesway Love★Marriage★Family Based on 8 #women's input PORTRAIT OF OUR MARRIAGE  https://t.co/CIUR6rOyCA   https://t.co/60I1wTBRDd", "likes_count": 0, "replies_count": 0, "retweets_count": 0, "hashtags": ["women"]}
{"id": 1112141353041825792, "date": "2019-03-30", "time": "19:55:35", "tweet": "@OfSats Sorry you feel that way mate, let me know where I went wrong. My hope is to continue improving while engaging in a robust discussion re: alternative opinions. Keen for your input @OfSats.", "likes_count": 0, "replies_count": 0, "retweets_count": 0, "hashtags": []}
{"id": 1112141256660934657, "date": "2019-03-30", "time": "19:55:12", "tweet": "@reflect_ion @noornet The red pill was actually a sci fi tracker that targeted his input output carrier signals so they could find him in the human zoo. Sci fi to thr maximus. 😎", "likes_count": 0, "replies_count": 0, "retweets_count": 0, "hashtags": []}
{"id": 1112141122422431745, "date": "2019-03-30", "time": "19:54:40", "tweet": "@jsjoeio @JulianHysi Okay, I shall give it a try, at least that will help me answer this question in the future. Thanks for your input guys!", "likes_count": 2, "replies_count": 0, "retweets_count": 0, "hashtags": []}
{"id": 1112141089660637184, "date": "2019-03-30", "time": "19:54:33", "tweet": "@TomKibasi @MorrisseyHelena Beginning wonder why do we need #Parliament #MPs input on #Brexit if all they do is re-run the debates of the referendum redlines. Are we really paying #RogueRemainMPs salaries funded by taxpayers to thwart Brexit", "likes_count": 8, "replies_count": 2, "retweets_count": 1, "hashtags": ["parliament", "mps", "brexit", "rogueremainmps"]}
{"id": 1112140987642662912, "date": "2019-03-30", "time": "19:54:08", "tweet": "@SpiroKGaming I hook up my astros to my PS4 and then I put the mix amp in PC mode and have my input set to the blue snowball and output set to “TV/AV” and then I typically just use standard earbuds that I put under my astros for voice chat.", "likes_count": 0, "replies_count": 0, "retweets_count": 0, "hashtags": []}
{"id": 1112140922689646592, "date": "2019-03-30", "time": "19:53:53", "tweet": "No @DamianGreen We, the little people will have our input and you, the 'big people' WILL LISTEN! Either listen, lead, follow or get out of the way!", "likes_count": 0, "replies_count": 0, "retweets_count": 0, "hashtags": []}
{"id": 1112140479666311169, "date": "2019-03-30", "time": "19:52:07", "tweet": "@bengoodfella Bryce Harper is pretty good looking tho.  That is my input of today’s game.", "likes_count": 0, "replies_count": 1, "retweets_count": 0, "hashtags": []}
{"id": 1112140404822962176, "date": "2019-03-30", "time": "19:51:49", "tweet": "Reminder: algorithms can be biased on variables that are not a part of the dataset.  Ex: Race is not an input variable to  COMPAS recidivism algorithm, yet the results are racially biased.  YouTube doesn't use extremism as a variable, but its results are biased towards extremism.", "likes_count": 2582, "replies_count": 29, "retweets_count": 911, "hashtags": []}
{"id": 1112140347704897536, "date": "2019-03-30", "time": "19:51:36", "tweet": "@khajj @ProfBeardz Thank you for all your input. You’ve given me a lot to process. I’ll try to come up with questions and get back to you.  Do you have your own site or do you go through Amazon, Etsy, or eBay?", "likes_count": 1, "replies_count": 1, "retweets_count": 0, "hashtags": []}
{"id": 1112140332794155008, "date": "2019-03-30", "time": "19:51:32", "tweet": "@leb_crypto @cryptdano @CoinMarketCap Volume levels are definitely meant to be taken with a grain of salt, given the current manipulative climate. Thanks for your input @leb_crypto", "likes_count": 1, "replies_count": 0, "retweets_count": 0, "hashtags": []}
{"id": 1112140185930747905, "date": "2019-03-30", "time": "19:50:57", "tweet": "All I'm saying is: the fawning national media attention to Buttigieg has not paid much attention to race and ethnic issues in South Bend. I want to hear from SB's black and Hispanic citizens about Mayor Pete. Did he address their problems using their input? Should be asked. /fin", "likes_count": 67, "replies_count": 2, "retweets_count": 19, "hashtags": []}
{"id": 1112140154964070406, "date": "2019-03-30", "time": "19:50:50", "tweet": "@johnfein A lot depends on personality type and experience. Of course no one wants to be micromanaged, but personally I find a key trait of founder/CEO to be great judgement,  relies heavily on weighing external input/advice/feedback from employees/investors/customers.", "likes_count": 3, "replies_count": 1, "retweets_count": 0, "hashtags": []}
