{"id": 1091848508515237890, "date": "2019-02-02", "time": "18:59:04", "tweet": "@marshmellomusic So awesome! I'm glad I didn't miss it. Question though, how much input did you have into it all? The stage? Effects? Dances? Having the players be weightless, fly? I'd LOVE to get some BTS on the dev process.", "likes_count": 1, "replies_count": 0, "retweets_count": 0, "hashtags": []}
{"id": 1091848234220376064, "date": "2019-02-02", "time": "18:57:59", "tweet": "* it’s not 1 to 1 input output", "likes_count": 0, "replies_count": 0, "retweets_count": 0, "hashtags": []}
{"id": 1091848140695564288, "date": "2019-02-02", "time": "18:57:36", "tweet": "Here is your chance to give the City Council some input on their meeting times.  https://t.co/A88s1NX19z", "likes_count": 2, "replies_count": 0, "retweets_count": 0, "hashtags": []}
{"id": 1091848120680570880, "date": "2019-02-02", "time": "18:57:32", "tweet": "We encourage women scientists and pod members to write op-eds. Read through the materials linked below, get inspired, and get started! We've assembled an Editorial Board to provide editing support, so contact us for input on your piece.  https://t.co/I1JQV0SYeo", "likes_count": 36, "replies_count": 0, "retweets_count": 31, "hashtags": []}
{"id": 1091848103097917441, "date": "2019-02-02", "time": "18:57:27", "tweet": "I lead with @CliftonStrengths Top5: Context, Input, Individualization, Responsibility, Ideation.  https://t.co/www3d6wdJG", "likes_count": 0, "replies_count": 0, "retweets_count": 0, "hashtags": []}
{"id": 1091848000555479040, "date": "2019-02-02", "time": "18:57:03", "tweet": "@just4decency @cathymcmorris @foxandfriends How about you put your energies into explaining to women this thing called #Nature, and how to avoid pregnancy in its entirety if they eish not to become pregnant? And if the #feminist dogma allowed for men to have any input into the creation of their offspring, to men as well.", "likes_count": 0, "replies_count": 3, "retweets_count": 0, "hashtags": ["nature", "feminist"]}
{"id": 1091847953671585792, "date": "2019-02-02", "time": "18:56:52", "tweet": "@BPJSTKinfo Mas saya baru kemarin mau daftar via web, kan klo awal input email utk pengiriman OTP tp sampe skrg gak masuk2 di email", "likes_count": 0, "replies_count": 1, "retweets_count": 0, "hashtags": []}
{"id": 1091847900395655170, "date": "2019-02-02", "time": "18:56:39", "tweet": "@UREssien @AliRaja_MD Appreciate your practical input! Especially on \"deep work\" days, I delete the app too and use screentime on iphone to lock me out but my thumb inevitability hits the \"ignore 15 min\" b4 my brain can act with discipline.", "likes_count": 2, "replies_count": 0, "retweets_count": 0, "hashtags": []}
{"id": 1091847863380951040, "date": "2019-02-02", "time": "18:56:30", "tweet": "my Tim Kelly presser questions :   1) what exactly is a Tim Kelly style offense?  2) does your system call for different blocking scheme? if so what do you look for in an OL ?  3) how much input will you have in the draft process and free agency", "likes_count": 3, "replies_count": 0, "retweets_count": 0, "hashtags": []}
{"id": 1091847857588629505, "date": "2019-02-02", "time": "18:56:29", "tweet": "@am_melom its not input its a threat (meme)", "likes_count": 0, "replies_count": 0, "retweets_count": 0, "hashtags": []}
{"id": 1091847691905028096, "date": "2019-02-02", "time": "18:55:49", "tweet": "@LSue23 Thank you Sue! Do you love @Flipboard? Want join our Facebook community? We’d love to have your input!  https://t.co/gHxAU6By4o", "likes_count": 1, "replies_count": 0, "retweets_count": 0, "hashtags": []}
{"id": 1091847259698987008, "date": "2019-02-02", "time": "18:54:06", "tweet": "@LCF_Admin @JDhelpteam I am more than happy to wait. I merely wanted a refund on the extra fee I paid for next day delivery, which was sorted out. I would never want someone to be put in danger. As a healthcare professional, I can wait a few days happily. Thanks for input.", "likes_count": 0, "replies_count": 0, "retweets_count": 0, "hashtags": []}
{"id": 1091847209304420352, "date": "2019-02-02", "time": "18:53:54", "tweet": "Congress needs your input (but don’t call it crowdsourcing) -  https://t.co/hebLDCAP0N  https://t.co/rA3BLk8nZ5", "likes_count": 0, "replies_count": 0, "retweets_count": 0, "hashtags": []}
{"id": 1091847165926883328, "date": "2019-02-02", "time": "18:53:44", "tweet": "The platform is nice in that it helps narrow down what is interesting, ideally (but this fails a lot).   The cost is they serve you ads, can create detailed macro/micro populations, sell access, the data, so on.. In the end it makes something that requires little employee input.", "likes_count": 0, "replies_count": 1, "retweets_count": 0, "hashtags": []}
{"id": 1091847064374464512, "date": "2019-02-02", "time": "18:53:20", "tweet": "I'm playing games on iCashApp and it's so much fun! Download it, input the refer code LVMCS3R get coins. #iCashPro  https://t.co/ToWoS7XpPC", "likes_count": 0, "replies_count": 0, "retweets_count": 0, "hashtags": ["icashpro"]}
{"id": 1091847033202360320, "date": "2019-02-02", "time": "18:53:12", "tweet": "how do you feel about making circles with an analog stick as an input? like one complete circle = one serotonin?", "likes_count": 3, "replies_count": 3, "retweets_count": 0, "hashtags": []}
{"id": 1091846870450794496, "date": "2019-02-02", "time": "18:52:34", "tweet": "\"Ill let you focus on the past and justify your own demons as i move with mine into the future\"  Ill be asking your input on a one of a kind item later this week so stay…  https://t.co/33GGG5wPRw", "likes_count": 6, "replies_count": 0, "retweets_count": 0, "hashtags": []}
{"id": 1091846779346259968, "date": "2019-02-02", "time": "18:52:12", "tweet": "A few more days to take the family out to dinner during Winterlicious. Based on input from our own foodie kids and parents, here is our Top 10 list for families.  @BangkokGardenTO @LisbonByNightTO @thechefshouse   https://t.co/ylE8l5Rci7", "likes_count": 1, "replies_count": 0, "retweets_count": 1, "hashtags": []}
{"id": 1091846740897087488, "date": "2019-02-02", "time": "18:52:03", "tweet": "@RedArmband Discussion done now. Your input matters not.", "likes_count": 2, "replies_count": 1, "retweets_count": 0, "hashtags": []}
{"id": 1091846557945741312, "date": "2019-02-02", "time": "18:51:19", "tweet": "Could it be that the reason this is happening to me is because too many dumb people have too much of a say? Why people with IQ's below 130 think their input into the world of scientific achievements is necessary is beyond me.........", "likes_count": 0, "replies_count": 0, "retweets_count": 0, "hashtags": []}
{"id": 1091846497136562176, "date": "2019-02-02", "time": "18:51:05", "tweet": "Bitch I asked you a question concerning me not you. I didn’t ask about you.   I needed input dumbass.", "likes_count": 2, "replies_count": 0, "retweets_count": 0, "hashtags": []}
{"id": 1091846477800968197, "date": "2019-02-02", "time": "18:51:00", "tweet": "@fromthespike @ikthetalksalot Aslında kendisini \"sikip, sikemeyeceğime\" hangi parametreleri kullanıp karar verdiği önemli olan. Üstünde herhangi bir input için arayüz filan olmadığı için tahmin ediyorum ki random olarak hayır ve evet seçeneklerinden birisini seçecek.", "likes_count": 1, "replies_count": 1, "retweets_count": 0, "hashtags": []}
{"id": 1091846341242716161, "date": "2019-02-02", "time": "18:50:27", "tweet": "So! been a month since i got this @GameFactorMx Opto-Mechanical keyboard and i must say it feels pretty awesome for the price, the input is instant, and for a mech kb is pretty light, so it's great if you wanna type for long periods of time  https://t.co/lSRvVxuDm2", "likes_count": 9, "replies_count": 2, "retweets_count": 0, "hashtags": []}
{"id": 1091846331809914882, "date": "2019-02-02", "time": "18:50:25", "tweet": "@lTSMEMARlO Haha I have some input in on this supposed relationship.", "likes_count": 0, "replies_count": 0, "retweets_count": 0, "hashtags": []}
{"id": 1091846252252356610, "date": "2019-02-02", "time": "18:50:06", "tweet": "Hey here are a couple tips for fledging and experienced product designers alike: don’t ever take control of my scroll position or input focus. That is all. Thank you.", "likes_count": 1, "replies_count": 0, "retweets_count": 0, "hashtags": []}
{"id": 1091846198334509056, "date": "2019-02-02", "time": "18:49:53", "tweet": "ASYIKNYA BONUS MSI ITU.....  🤑 Sekali input 50.000 🤑 2x input 120.000 🤑 Gimana kalo 10x input ??? Duit semua tuh di Rekening kita 🤑🤑🤑  😍 Bonus Sponsor 50.000 😍 Bonus pasangan…  https://t.co/5IGLon48FZ", "likes_count": 0, "replies_count": 0, "retweets_count": 0, "hashtags": []}
{"id": 1091846144114741248, "date": "2019-02-02", "time": "18:49:40", "tweet": "@bpatel515 @SLight20 @postrestinst Right...breathing and pelvis is the input...lumbar position/mechanics is the resultant output", "likes_count": 5, "replies_count": 1, "retweets_count": 0, "hashtags": []}
{"id": 1091846136246296577, "date": "2019-02-02", "time": "18:49:39", "tweet": "@virustotal I would like your input on the matter. Thank you! :)", "likes_count": 0, "replies_count": 0, "retweets_count": 0, "hashtags": []}
{"id": 1091845718678089730, "date": "2019-02-02", "time": "18:47:59", "tweet": "15. Not a true or false but wanted you guys input: What draft prospect at the moment do you want the Eagles to draft at 25?", "likes_count": 0, "replies_count": 0, "retweets_count": 0, "hashtags": []}
{"id": 1091845697081462785, "date": "2019-02-02", "time": "18:47:54", "tweet": "@million_input 聞いてみたい？← まあ広島市方面行く時はそっち通る必要ないもんなあ、", "likes_count": 1, "replies_count": 1, "retweets_count": 0, "hashtags": []}
{"id": 1091845630224285698, "date": "2019-02-02", "time": "18:47:38", "tweet": "Always beware arbitrary user input!", "likes_count": 0, "replies_count": 0, "retweets_count": 0, "hashtags": []}
{"id": 1091845476910067712, "date": "2019-02-02", "time": "18:47:01", "tweet": "@YappaPodcast @owari_da_juice Thanks for the input, Pronouns McGee.", "likes_count": 0, "replies_count": 0, "retweets_count": 0, "hashtags": []}
{"id": 1091845475752337408, "date": "2019-02-02", "time": "18:47:01", "tweet": "Here is your chance to give the Escondido City Council some input on their meeting times.  https://t.co/sjrFHbPofj", "likes_count": 1, "replies_count": 0, "retweets_count": 0, "hashtags": []}
{"id": 1091845422287511553, "date": "2019-02-02", "time": "18:46:48", "tweet": "@Nyaprincesa Finally had gotten it figured out girl thank you! 🙏🏻 the amount they had on my account wasn’t matching with what they were refunding and then they finally explained how I have to reapply each semester 😪 thanks for your input girl! 💕", "likes_count": 0, "replies_count": 0, "retweets_count": 0, "hashtags": []}
{"id": 1091845387277676544, "date": "2019-02-02", "time": "18:46:40", "tweet": "@million_input たぶん聞いたらびっくりするとはおもう() でもなんだろう、食べても太らない体質とは違う気がするんだよね🤔 足かー、なんか運動系の部活入ってたっけ", "likes_count": 1, "replies_count": 1, "retweets_count": 0, "hashtags": []}
{"id": 1091845210345275392, "date": "2019-02-02", "time": "18:45:58", "tweet": "@barstoolsports we need professional input on this to settle the argument.  https://t.co/4jB8Ww5tVJ", "likes_count": 0, "replies_count": 0, "retweets_count": 0, "hashtags": []}
{"id": 1091844896007237632, "date": "2019-02-02", "time": "18:44:43", "tweet": "中の人の飛蚊症が入力作業で悪化しそうです。  NAKA-NO-HITO's myodesopsia is likely to deteriorate by this input operation. (適当)", "likes_count": 0, "replies_count": 0, "retweets_count": 0, "hashtags": []}
{"id": 1091844850272620544, "date": "2019-02-02", "time": "18:44:32", "tweet": "@TheGoodJodAbove Takes sexual assault for someone to understand consent. Thanks for the new input for NPC.txt", "likes_count": 0, "replies_count": 0, "retweets_count": 0, "hashtags": []}
{"id": 1091844745712754688, "date": "2019-02-02", "time": "18:44:07", "tweet": "@titudeadjust Not sure really, I mean backprop will fail when the gradient is zero which will happen e.g. when a RELU gets a negative input. So negative weights for RELU can be tricky and special initialization or leaky RELU can be used. But otherwise I'm not sure...", "likes_count": 0, "replies_count": 1, "retweets_count": 0, "hashtags": []}
{"id": 1091844622853332992, "date": "2019-02-02", "time": "18:43:38", "tweet": "@LenLowther27 @theboyjai Pension rates are entirely the decision of the 28 sovereign national governments that are EU members. Brussels has absolutely no input in such domestic decisions ?", "likes_count": 0, "replies_count": 1, "retweets_count": 0, "hashtags": []}
{"id": 1091848508515237890, "date": "2019-02-02", "time": "18:59:04", "tweet": "@marshmellomusic So awesome! I'm glad I didn't miss it. Question though, how much input did you have into it all? The stage? Effects? Dances? Having the players be weightless, fly? I'd LOVE to get some BTS on the dev process.", "likes_count": 1, "replies_count": 0, "retweets_count": 0, "hashtags": []}
{"id": 1091848234220376064, "date": "2019-02-02", "time": "18:57:59", "tweet": "* it’s not 1 to 1 input output", "likes_count": 0, "replies_count": 0, "retweets_count": 0, "hashtags": []}
{"id": 1091848140695564288, "date": "2019-02-02", "time": "18:57:36", "tweet": "Here is your chance to give the City Council some input on their meeting times.  https://t.co/A88s1NX19z", "likes_count": 2, "replies_count": 0, "retweets_count": 0, "hashtags": []}
{"id": 1091848120680570880, "date": "2019-02-02", "time": "18:57:32", "tweet": "We encourage women scientists and pod members to write op-eds. Read through the materials linked below, get inspired, and get started! We've assembled an Editorial Board to provide editing support, so contact us for input on your piece.  https://t.co/I1JQV0SYeo", "likes_count": 36, "replies_count": 0, "retweets_count": 31, "hashtags": []}
{"id": 1091848103097917441, "date": "2019-02-02", "time": "18:57:27", "tweet": "I lead with @CliftonStrengths Top5: Context, Input, Individualization, Responsibility, Ideation.  https://t.co/www3d6wdJG", "likes_count": 0, "replies_count": 0, "retweets_count": 0, "hashtags": []}
{"id": 1091848000555479040, "date": "2019-02-02", "time": "18:57:03", "tweet": "@just4decency @cathymcmorris @foxandfriends How about you put your energies into explaining to women this thing called #Nature, and how to avoid pregnancy in its entirety if they eish not to become pregnant? And if the #feminist dogma allowed for men to have any input into the creation of their offspring, to men as well.", "likes_count": 0, "replies_count": 3, "retweets_count": 0, "hashtags": ["nature", "feminist"]}
{"id": 1091847953671585792, "date": "2019-02-02", "time": "18:56:52", "tweet": "@BPJSTKinfo Mas saya baru kemarin mau daftar via web, kan klo awal input email utk pengiriman OTP tp sampe skrg gak masuk2 di email", "likes_count": 0, "replies_count": 1, "retweets_count": 0, "hashtags": []}
{"id": 1091847900395655170, "date": "2019-02-02", "time": "18:56:39", "tweet": "@UREssien @AliRaja_MD Appreciate your practical input! Especially on \"deep work\" days, I delete the app too and use screentime on iphone to lock me out but my thumb inevitability hits the \"ignore 15 min\" b4 my brain can act with discipline.", "likes_count": 2, "replies_count": 0, "retweets_count": 0, "hashtags": []}
{"id": 1091847863380951040, "date": "2019-02-02", "time": "18:56:30", "tweet": "my Tim Kelly presser questions :   1) what exactly is a Tim Kelly style offense?  2) does your system call for different blocking scheme? if so what do you look for in an OL ?  3) how much input will you have in the draft process and free agency", "likes_count": 3, "replies_count": 0, "retweets_count": 0, "hashtags": []}
{"id": 1091847857588629505, "date": "2019-02-02", "time": "18:56:29", "tweet": "@am_melom its not input its a threat (meme)", "likes_count": 0, "replies_count": 0, "retweets_count": 0, "hashtags": []}
{"id": 1091847691905028096, "date": "2019-02-02", "time": "18:55:49", "tweet": "@LSue23 Thank you Sue! Do you love @Flipboard? Want join our Facebook community? We’d love to have your input!  https://t.co/gHxAU6By4o", "likes_count": 1, "replies_count": 0, "retweets_count": 0, "hashtags": []}
{"id": 1091847259698987008, "date": "2019-02-02", "time": "18:54:06", "tweet": "@LCF_Admin @JDhelpteam I am more than happy to wait. I merely wanted a refund on the extra fee I paid for next day delivery, which was sorted out. I would never want someone to be put in danger. As a healthcare professional, I can wait a few days happily. Thanks for input.", "likes_count": 0, "replies_count": 0, "retweets_count": 0, "hashtags": []}
{"id": 1091847209304420352, "date": "2019-02-02", "time": "18:53:54", "tweet": "Congress needs your input (but don’t call it crowdsourcing) -  https://t.co/hebLDCAP0N  https://t.co/rA3BLk8nZ5", "likes_count": 0, "replies_count": 0, "retweets_count": 0, "hashtags": []}
{"id": 1091847165926883328, "date": "2019-02-02", "time": "18:53:44", "tweet": "The platform is nice in that it helps narrow down what is interesting, ideally (but this fails a lot).   The cost is they serve you ads, can create detailed macro/micro populations, sell access, the data, so on.. In the end it makes something that requires little employee input.", "likes_count": 0, "replies_count": 1, "retweets_count": 0, "hashtags": []}
{"id": 1091847064374464512, "date": "2019-02-02", "time": "18:53:20", "tweet": "I'm playing games on iCashApp and it's so much fun! Download it, input the refer code LVMCS3R get coins. #iCashPro  https://t.co/ToWoS7XpPC", "likes_count": 0, "replies_count": 0, "retweets_count": 0, "hashtags": ["icashpro"]}
{"id": 1091847033202360320, "date": "2019-02-02", "time": "18:53:12", "tweet": "how do you feel about making circles with an analog stick as an input? like one complete circle = one serotonin?", "likes_count": 3, "replies_count": 3, "retweets_count": 0, "hashtags": []}
{"id": 1091846870450794496, "date": "2019-02-02", "time": "18:52:34", "tweet": "\"Ill let you focus on the past and justify your own demons as i move with mine into the future\"  Ill be asking your input on a one of a kind item later this week so stay…  https://t.co/33GGG5wPRw", "likes_count": 6, "replies_count": 0, "retweets_count": 0, "hashtags": []}
{"id": 1091846779346259968, "date": "2019-02-02", "time": "18:52:12", "tweet": "A few more days to take the family out to dinner during Winterlicious. Based on input from our own foodie kids and parents, here is our Top 10 list for families.  @BangkokGardenTO @LisbonByNightTO @thechefshouse   https://t.co/ylE8l5Rci7", "likes_count": 1, "replies_count": 0, "retweets_count": 1, "hashtags": []}
{"id": 1091846740897087488, "date": "2019-02-02", "time": "18:52:03", "tweet": "@RedArmband Discussion done now. Your input matters not.", "likes_count": 2, "replies_count": 1, "retweets_count": 0, "hashtags": []}
{"id": 1091846557945741312, "date": "2019-02-02", "time": "18:51:19", "tweet": "Could it be that the reason this is happening to me is because too many dumb people have too much of a say? Why people with IQ's below 130 think their input into the world of scientific achievements is necessary is beyond me.........", "likes_count": 0, "replies_count": 0, "retweets_count": 0, "hashtags": []}
