{"id": 1094022889659981827, "date": "2019-02-08", "time": "18:59:17", "tweet": "I'm playing games on iCashApp and it's so much fun! Download it, input the refer code HGZ9QXB get coins.", "likes_count": 1, "replies_count": 0, "retweets_count": 1, "hashtags": []}
{"id": 1094022841853493248, "date": "2019-02-08", "time": "18:59:06", "tweet": "@RodAllen1968 @DeniseDowhower @ShawnConvery1 @johncardillo @Jaimeesue I'm apolitical and no one asked for your input. Move along.", "likes_count": 0, "replies_count": 1, "retweets_count": 0, "hashtags": []}
{"id": 1094022571031490560, "date": "2019-02-08", "time": "18:58:01", "tweet": "@airmaxanhoodies @kepla4787 @LeRoiThomas @ILoveBeinBlack Which was the motivation behind my original post. I didn't mean to make it seem like I was clowning her. Maybe I could've worded it better. Thanks for the input. I'll use that next time.", "likes_count": 0, "replies_count": 1, "retweets_count": 0, "hashtags": []}
{"id": 1094022332840988672, "date": "2019-02-08", "time": "18:57:04", "tweet": "This secret input ending is supposed to be serious, but the gunshot-like sound effect that made them turn their backs on each other awkwardly... hoo boy. 😏  Since people think Maxi was responsible for said gunshot I can't help but laugh 😅  https://t.co/xrvVkqgY0D", "likes_count": 4, "replies_count": 2, "retweets_count": 0, "hashtags": []}
{"id": 1094022331515789313, "date": "2019-02-08", "time": "18:57:04", "tweet": "@NewRockstars For the Throne is the promo phrase, @eavoss got any input on what the deeper meaning is? (Bc like is the throne important while an ice apocalypse is coming)", "likes_count": 0, "replies_count": 0, "retweets_count": 0, "hashtags": []}
{"id": 1094022091949703174, "date": "2019-02-08", "time": "18:56:07", "tweet": "@televisionjam Basic Input/Output System", "likes_count": 0, "replies_count": 0, "retweets_count": 0, "hashtags": []}
{"id": 1094021951532748800, "date": "2019-02-08", "time": "18:55:33", "tweet": "The pace of the world feels out of control sometimes.  While I appreciate technology, it's causing people to live with a constant need for input. This is why we so desperately need #museums, #libraries, #art, and #literature.  https://t.co/obXwvBsdxx", "likes_count": 0, "replies_count": 0, "retweets_count": 0, "hashtags": ["museums", "libraries", "art", "literature"]}
{"id": 1094021925989429248, "date": "2019-02-08", "time": "18:55:27", "tweet": "@s1nisteh Input lag and frame drops is because of my main and not the peer to peer matchmaking 🤔🤔🤔🤔🤔🤔🤔🤔🤔🤔🤔🤔", "likes_count": 0, "replies_count": 1, "retweets_count": 0, "hashtags": []}
{"id": 1094021374509809665, "date": "2019-02-08", "time": "18:53:16", "tweet": "He has been seeking employment I’m assuming but wasn’t successful at my workplace for the International account. However, he was encouraged to try again for one of our local clients.   We chopped it up about had I known the input I could have had considering my ties to HR etc", "likes_count": 0, "replies_count": 1, "retweets_count": 0, "hashtags": []}
{"id": 1094021328984834048, "date": "2019-02-08", "time": "18:53:05", "tweet": "Clean out the unwanted input to make sure you are only receiving the input that encourages and inspires you. @BeccaLoryCAS #Activate4Autism #ActuallyAutistic -  https://t.co/VQHtLxByVS  https://t.co/s3JGyVompF", "likes_count": 1, "replies_count": 0, "retweets_count": 2, "hashtags": ["activate4autism", "actuallyautistic"]}
{"id": 1094021322999353345, "date": "2019-02-08", "time": "18:53:03", "tweet": "Amazon's deals for Valentine's include the cheap $20 Echo Input, $70 2nd gen Echo, and $100 Spot  https://t.co/ZbRWcVP4Zg  https://t.co/oS8KWXlBOG", "likes_count": 0, "replies_count": 0, "retweets_count": 0, "hashtags": []}
{"id": 1094021231865675779, "date": "2019-02-08", "time": "18:52:42", "tweet": "@sheepfilms @molly_marchetti @lizzie_devlam @meininininger I need ur input", "likes_count": 0, "replies_count": 1, "retweets_count": 0, "hashtags": []}
{"id": 1094021084964257792, "date": "2019-02-08", "time": "18:52:07", "tweet": "@JensenClan88 PLEASE talk about Joe Rogan and Alex Jones next week! I listen to joe but I don’t listen to the nut job and would love your input. Thanks Jensen!", "likes_count": 0, "replies_count": 0, "retweets_count": 0, "hashtags": []}
{"id": 1094021041515577345, "date": "2019-02-08", "time": "18:51:56", "tweet": "@tr1umphantgames I genuinely appreciate the input though!", "likes_count": 1, "replies_count": 0, "retweets_count": 0, "hashtags": []}
{"id": 1094020944920748033, "date": "2019-02-08", "time": "18:51:33", "tweet": "@discreetsecure @hermit_hacker @TinkerSec @gdbassett If the overall speed exceeds, say, 10 characters per second (~120 WPM), send up a flag. I haven't played with this new one yet (I don't have an appropriate wireless keyboard), but I imagine it's generally being used to input much faster than that.", "likes_count": 0, "replies_count": 1, "retweets_count": 0, "hashtags": []}
{"id": 1094020846211997696, "date": "2019-02-08", "time": "18:51:10", "tweet": "@starrchildddddd   Would like your input too, William.", "likes_count": 0, "replies_count": 2, "retweets_count": 0, "hashtags": []}
{"id": 1094020810015207424, "date": "2019-02-08", "time": "18:51:01", "tweet": "@nino_gotta @samschwemm Except it’s not fake, people treat women like this even outside the game. What’s the point of treating someone like that in the first place. And you’re name calling shows you’re immature and shouldn’t even have input in this conversation in the first place", "likes_count": 4, "replies_count": 0, "retweets_count": 0, "hashtags": []}
{"id": 1094020774040666112, "date": "2019-02-08", "time": "18:50:53", "tweet": "@emwatson_xo Also, children who have experienced developmental trauma and didn't get the sensory input they needed in early childhood. Sensory processing is fascinating.", "likes_count": 0, "replies_count": 0, "retweets_count": 0, "hashtags": []}
{"id": 1094020766054731781, "date": "2019-02-08", "time": "18:50:51", "tweet": "i really like talking about nothing yknow, giving my input on things, my thoughts, my beliefs, what upsets me, yknow, the typical things people talk about, i just haven’t talked to someone who makes me comfortable enough to talk about those things in a while :/", "likes_count": 1, "replies_count": 1, "retweets_count": 0, "hashtags": []}
{"id": 1094020736849768448, "date": "2019-02-08", "time": "18:50:44", "tweet": "@cmtbasecamp Sure, ok, and what if school community members were allowed to change the narrative about how their school is perceived without input from the school administration?", "likes_count": 0, "replies_count": 0, "retweets_count": 0, "hashtags": []}
{"id": 1094020689022062592, "date": "2019-02-08", "time": "18:50:32", "tweet": "i put dynamic follow buttons on my stream Want one of thous buttons to be yours for a stream. whisper me on twitch or message me on twitter your twitch id user name so i may input it. you will appear and maybe youll gain some followers... #streamersconnect  https://t.co/0XFeJ30meJ", "likes_count": 1, "replies_count": 0, "retweets_count": 0, "hashtags": ["streamersconnect"]}
{"id": 1094020382422638592, "date": "2019-02-08", "time": "18:49:19", "tweet": "We're creating new classes and would like your input!  https://t.co/wf2QjJei0q", "likes_count": 0, "replies_count": 0, "retweets_count": 0, "hashtags": []}
{"id": 1094020349069414400, "date": "2019-02-08", "time": "18:49:11", "tweet": "@input_key 「」", "likes_count": 0, "replies_count": 0, "retweets_count": 0, "hashtags": []}
{"id": 1094020244526505984, "date": "2019-02-08", "time": "18:48:46", "tweet": "@PoGoKieng Thank you for the input and sharing! 🤝 GL in your Twilight Cup.", "likes_count": 8, "replies_count": 1, "retweets_count": 0, "hashtags": []}
{"id": 1094020183797219328, "date": "2019-02-08", "time": "18:48:32", "tweet": "@demandcliff @patrikpoli Steam Methane Reforming creates both carbon monoxide and carbon dioxide as significant byproducts and wastes a significant proportion of the energy input. Would love to see any figures supporting your claim?  https://t.co/Q4y8Iykbln", "likes_count": 0, "replies_count": 0, "retweets_count": 0, "hashtags": []}
{"id": 1094020162582429698, "date": "2019-02-08", "time": "18:48:27", "tweet": "@GreekGodOfHops @MLB All good points. Maybe MLB league office will hire you.  They could use input from former players.", "likes_count": 0, "replies_count": 0, "retweets_count": 0, "hashtags": []}
{"id": 1094020066528628736, "date": "2019-02-08", "time": "18:48:04", "tweet": "@aaronsnell @CNN The issue is real and hopefully your Congress person will have input to future tax cuts.  I will write them as well.  I think they spend too much, and the taxes are too high for all.  I say 10 percent across the board.  No loopholes.   Accountants would lose work though.", "likes_count": 1, "replies_count": 0, "retweets_count": 0, "hashtags": []}
{"id": 1094020042893787137, "date": "2019-02-08", "time": "18:47:58", "tweet": "Money Cube - An APP which will help you get MONEY for free. Input my invite code ❤IRHKD❤ after installation, and you will get 1000 Clicks. Download link:  https://t.co/luqtqDiUE7", "likes_count": 0, "replies_count": 0, "retweets_count": 0, "hashtags": []}
{"id": 1094020021507055617, "date": "2019-02-08", "time": "18:47:53", "tweet": "To all of our wonderful customer; we are thinking of adding a second night for delivery dinners and would like your input. What night other than Thursday would you be willing to order? Monday,Tuesday,Wednesday,  Friday, Saturday, Sunday? Your opinion is greatly appreciated. TY  https://t.co/wNmMOfNMYS", "likes_count": 0, "replies_count": 0, "retweets_count": 0, "hashtags": []}
{"id": 1094019798579568640, "date": "2019-02-08", "time": "18:47:00", "tweet": "Seriously. IF I AM TYPING THAT TAKES PRECEDENCE  do NOT do anything that takes resources AWAY from TYPING.  input is the most important thing on a computer, and I feel @Windows just ignores that. the user is secondary to shuffling bits around. You can do BOTH, you know.", "likes_count": 0, "replies_count": 3, "retweets_count": 0, "hashtags": []}
{"id": 1094019700424654848, "date": "2019-02-08", "time": "18:46:37", "tweet": "#Jets front office: We want input on the coaching staff  Ummmm.....  https://t.co/JnYvRoCdn8", "likes_count": 0, "replies_count": 1, "retweets_count": 0, "hashtags": ["jets"]}
{"id": 1094019500826087429, "date": "2019-02-08", "time": "18:45:49", "tweet": "it will always amaze me when politically engaged people try to bring some sort of hitler comparison in with their point as if they have any positive original input on nazis", "likes_count": 1, "replies_count": 0, "retweets_count": 0, "hashtags": []}
{"id": 1094019487777488897, "date": "2019-02-08", "time": "18:45:46", "tweet": "@Nemesis3561uk Your recording software may not recognize both he audio and video coming from the device. I would say try adding the audio input manually and see if something comes up", "likes_count": 0, "replies_count": 0, "retweets_count": 0, "hashtags": []}
{"id": 1094019337218863105, "date": "2019-02-08", "time": "18:45:10", "tweet": "@ImTwi_ @Shadox6788 Just a friendly input 😪", "likes_count": 0, "replies_count": 0, "retweets_count": 0, "hashtags": []}
{"id": 1094019204343316481, "date": "2019-02-08", "time": "18:44:38", "tweet": "@KBowen1070 , @HolderStephen , @AWalkerColts , @JakeArthurNFL , @JulieNoted_PFG , @TheColtsBrew , @4theShoe , any input about past free agent deals you do not think Ballard had done?  Successful or not.", "likes_count": 0, "replies_count": 1, "retweets_count": 0, "hashtags": []}
{"id": 1094019178011549696, "date": "2019-02-08", "time": "18:44:32", "tweet": "@LeTempsViendra_ @A4587GA @DanielD75173186 @newleafforum @CelticCara @AndyKeenDowns @PFHelpline @paularosenber12 @hmpps @prisonadvice @srefil Goodnight thanks for your input", "likes_count": 1, "replies_count": 0, "retweets_count": 0, "hashtags": []}
{"id": 1094019126652215302, "date": "2019-02-08", "time": "18:44:20", "tweet": "\"Input would be appreciated\"  Bay Missus: Put it in den", "likes_count": 2, "replies_count": 0, "retweets_count": 0, "hashtags": []}
{"id": 1094019102203695104, "date": "2019-02-08", "time": "18:44:14", "tweet": "Living with SpA &amp; Psoriasis - We need your input -  https://t.co/NjlBLXq9pr #AS&amp;Psoriasis #PsA&amp;Psoriasis", "likes_count": 0, "replies_count": 0, "retweets_count": 0, "hashtags": ["as", "psa"]}
{"id": 1094019060499546112, "date": "2019-02-08", "time": "18:44:04", "tweet": " https://t.co/5AOUoRmF1C", "likes_count": 0, "replies_count": 1, "retweets_count": 0, "hashtags": []}
{"id": 1094018768592879617, "date": "2019-02-08", "time": "18:42:54", "tweet": "@meesterplus @felipezaid you have no idea what you're talking about and clearly no clue as to how games companies work if you think they have no input into the game and decisions around loot boxes etc... how to monetise the game, the list is endless, they may have nothing to do with coding, (1/2)", "likes_count": 1, "replies_count": 0, "retweets_count": 0, "hashtags": []}
{"id": 1094018551755620353, "date": "2019-02-08", "time": "18:42:03", "tweet": "Amazon's deals for Valentine's include the cheap $20 Echo Input, $70 2nd gen Echo, and $100 Spot  https://t.co/KBRFdulul6  https://t.co/rKedV3MgH3", "likes_count": 0, "replies_count": 0, "retweets_count": 0, "hashtags": []}
{"id": 1094018390866513921, "date": "2019-02-08", "time": "18:41:24", "tweet": "@HiariFfs Basically capture the hdmi/vga out of your PC, tunnel it back into your USB and hdmi/VGA in, them stream the input signal. You'll also have a Video file on your hdd to upload or edit later.  Kind of a hack, but it works lol", "likes_count": 0, "replies_count": 1, "retweets_count": 0, "hashtags": []}
{"id": 1094018327654121472, "date": "2019-02-08", "time": "18:41:09", "tweet": "Massively short notice of an event: Seeking your input for Migrant Help new advice contract consultation – 13th February  https://t.co/zxmnnkFOPR", "likes_count": 0, "replies_count": 0, "retweets_count": 0, "hashtags": []}
{"id": 1094018327377108992, "date": "2019-02-08", "time": "18:41:09", "tweet": "I'm playing games on iCashApp and it's so much fun! Download it, input the refer code BMZMVMC get coins. #iCashPro  https://t.co/a5e4iX7y72", "likes_count": 0, "replies_count": 0, "retweets_count": 0, "hashtags": ["icashpro"]}
{"id": 1094018077627363328, "date": "2019-02-08", "time": "18:40:10", "tweet": "@leslieaj The project team greatly appreciated all of your input and feedback, @leslieaj. Many, many thanks for your perspective, time, and support! 🙌🏼", "likes_count": 2, "replies_count": 0, "retweets_count": 0, "hashtags": []}
{"id": 1094018042172862464, "date": "2019-02-08", "time": "18:40:01", "tweet": "@billbeardaz 1. The Grant Rd project was in planning for several years &amp; public input was included in the determination of all deliverables. So if his pullouts was important to the majority of people whom gave input they’d be there.  2. Stop taking Grant.", "likes_count": 0, "replies_count": 0, "retweets_count": 0, "hashtags": []}
{"id": 1094018032417017858, "date": "2019-02-08", "time": "18:39:59", "tweet": "Chrome browser version 72.0.3626.96 bug triggering &lt;input type=\"file\"&gt; click (file select dialog) from javascript function [Votes: 1] #javascript #jquery #html  https://t.co/LQWVKvlvF1", "likes_count": 0, "replies_count": 0, "retweets_count": 0, "hashtags": ["javascript", "jquery", "html"]}
{"id": 1094017918000656384, "date": "2019-02-08", "time": "18:39:32", "tweet": "@YGTUT Glad you letting your fans give their input! 👍🏾", "likes_count": 1, "replies_count": 0, "retweets_count": 0, "hashtags": []}
{"id": 1094017859141976064, "date": "2019-02-08", "time": "18:39:18", "tweet": "I’ve always asked my Ss for input into their learning. This week they filled out a Google Form asking about their learning and evaluating me as a teacher. The data from the 1st question is eye opening. I can’t wait to go through the rest! #stuvoice #theirlearning #teachergoals  https://t.co/L0K44Bj6uW", "likes_count": 9, "replies_count": 1, "retweets_count": 0, "hashtags": ["stuvoice", "theirlearning", "teachergoals"]}
{"id": 1094017496129175552, "date": "2019-02-08", "time": "18:37:51", "tweet": "@edpmorrissey Thank you so much, that's some valuable input. Do you mind providing some links?", "likes_count": 0, "replies_count": 0, "retweets_count": 0, "hashtags": []}
{"id": 1094017392756383749, "date": "2019-02-08", "time": "18:37:26", "tweet": "@ChrisRobyn get a scarlett my man, best and easiest to set up audio interface without shilling out the big bucks. and they sound fantastic. for monitors, get at least 2 1/4\" cables, if youre getting a sub grab 2 XLR/1/4\" cables depending on the input of the sub. for a mic: SM57", "likes_count": 1, "replies_count": 0, "retweets_count": 0, "hashtags": []}
{"id": 1094017382740185088, "date": "2019-02-08", "time": "18:37:24", "tweet": "[#SVTCaratsUpdate] We have to input our requests after the links are live again, so will try our best with re-ordering, but no guarantees &gt;&lt; !", "likes_count": 2, "replies_count": 1, "retweets_count": 0, "hashtags": ["svtcaratsupdate"]}
{"id": 1094017310094848000, "date": "2019-02-08", "time": "18:37:07", "tweet": "With much appreciated input from @ChasingTreeDOff team and additional co-authors @mcdietze and @rachelgallerys", "likes_count": 1, "replies_count": 0, "retweets_count": 0, "hashtags": []}
{"id": 1094017207187599360, "date": "2019-02-08", "time": "18:36:42", "tweet": "@BrashPop Pretty sure it was my first RPG and I slightly regret it because nothing was ever close to matching it. Loved the input action commands part of it to keep it fresh. Hope you keep enjoying it!", "likes_count": 0, "replies_count": 0, "retweets_count": 0, "hashtags": []}
{"id": 1094017163558555648, "date": "2019-02-08", "time": "18:36:32", "tweet": "Money Cube - An APP which will help you get MONEY for free. Input my invite code ❤96V4B❤ after installation, and you will get 1000 Clicks. Download link:  https://t.co/2E0qUCpXBt  https://t.co/wfnaqrT48w", "likes_count": 0, "replies_count": 0, "retweets_count": 0, "hashtags": []}
{"id": 1094017048420569088, "date": "2019-02-08", "time": "18:36:04", "tweet": "The City will host a City North Vision Workshop on Feb. 25 at the Council Chambers from 6-8 p.m. to provide an opportunity for the public to provide input on the process and identify key issues for Freedom Circle and Patrick Henry Specific Plans.  https://t.co/IrhNhuzvmV  https://t.co/gxMHHKV9P4", "likes_count": 0, "replies_count": 0, "retweets_count": 0, "hashtags": []}
{"id": 1094017040430579712, "date": "2019-02-08", "time": "18:36:02", "tweet": "ok...  good or bad.  i need input..  why am i so scared to FULLY PUSH, TO SEEK MY DREAM..  SCARED OF FAILURE ? i have LOW self asteem anyway, most of you know me.  AND GOOOO, with comments", "likes_count": 0, "replies_count": 0, "retweets_count": 0, "hashtags": []}
{"id": 1094016949699399681, "date": "2019-02-08", "time": "18:35:41", "tweet": "Money Cube - An APP which will help you get MONEY for free. Input my invite code ❤96V4B❤ after installation, and you will get 1000 Clicks. Download link:  https://t.co/2E0qUCpXBt  https://t.co/MXMlRhqbjg", "likes_count": 0, "replies_count": 0, "retweets_count": 0, "hashtags": []}
{"id": 1094016907076788224, "date": "2019-02-08", "time": "18:35:31", "tweet": "We really enjoy all your input on the shows, I think you guys &amp; gal are the best around.... and of course Las Vegas has you.", "likes_count": 0, "replies_count": 0, "retweets_count": 0, "hashtags": []}
{"id": 1094016852605485056, "date": "2019-02-08", "time": "18:35:18", "tweet": "The sad part is they only got $1.98 worth of input.", "likes_count": 5, "replies_count": 0, "retweets_count": 1, "hashtags": []}
