{"id": 1124101230048026624, "date": "2019-05-02", "time": "19:59:52", "tweet": "Viral Video Suara 01 Lebih 3000 dan 02 Kurang 4000, KPU Lebak: Salah Input, Sudah Diperbaiki -  https://t.co/opOQYL4Zlv", "likes_count": 0, "replies_count": 0, "retweets_count": 0, "hashtags": []}
{"id": 1124101027937050624, "date": "2019-05-02", "time": "19:59:04", "tweet": "Next week in the e-Conveyancing Community, @Westpac is hosting a feedback session, asking for your input to improve the settlement experience and to discuss the issues important to the industry.  https://t.co/G65joKR8Qv", "likes_count": 3, "replies_count": 1, "retweets_count": 0, "hashtags": []}
{"id": 1124101004268646400, "date": "2019-05-02", "time": "19:58:58", "tweet": "@EndangPRS Rayuan,agar Demokrat dukg 01 krn kl nt 01 menang ADA JATAH MENTERI TERSEDIA apalg sekrg ada menterti y dicopot krn memg kebnyakn orang2 REZIM ini KORUP. 02 gk akan terima kalah jk hasil Pemilu tdk JUJUR Pura2nya Human Error dan Salah input #CurangItuHina #PemiluCurangItuKejahatan", "likes_count": 0, "replies_count": 0, "retweets_count": 0, "hashtags": ["curangituhina", "pemilucurangitukejahatan"]}
{"id": 1124100980260388866, "date": "2019-05-02", "time": "19:58:53", "tweet": "@Faeles_ @Wraithyn1 @HiRezAjax Oh yes more specific region selection would be nice. I'm pretty sure it's already being done but some way to give input would be convenient. Not a high priority though b/c I'm sure would-be extremely difficult", "likes_count": 0, "replies_count": 1, "retweets_count": 0, "hashtags": []}
{"id": 1124100906004430848, "date": "2019-05-02", "time": "19:58:35", "tweet": "@KPU_ID Membiarkan petugas input melakukan penginputan asal2an juga ada implikasi hukumnya..... kalian membiarkan petugas input terjerat hukum.....rakyat sedang mengawasi kalian pak....bekerjalah benar2 profesional bukan hanya lips service.....", "likes_count": 1, "replies_count": 1, "retweets_count": 0, "hashtags": []}
{"id": 1124100900056911875, "date": "2019-05-02", "time": "19:58:34", "tweet": "Kalau gk curang namanya apa coba? Salah input di kedua kubu ? Iya sih salah input, tapi salah input 01 angka naik dan 02 angka turun \"tidak pernah berubah\" itu namanya salah input apa curang? Dan tidak hanya satu dua tapi sangat banyak entah ada berapa jummlah \"khilaf\" inputnya", "likes_count": 0, "replies_count": 0, "retweets_count": 0, "hashtags": []}
{"id": 1124100895208243205, "date": "2019-05-02", "time": "19:58:32", "tweet": "@KPU_ID @SupirPete2 Undang-undang yg mana membolehkan kesalahan input di situng pak...terus ada muncul di sosmed,,,apakah itu semua rekayasa...", "likes_count": 0, "replies_count": 0, "retweets_count": 0, "hashtags": []}
{"id": 1124100817294974977, "date": "2019-05-02", "time": "19:58:14", "tweet": "@EndangPRS Masih terus salah input sampai nanti tgl 22 Mei😤🙄", "likes_count": 0, "replies_count": 0, "retweets_count": 0, "hashtags": []}
{"id": 1124100780900933632, "date": "2019-05-02", "time": "19:58:05", "tweet": "@CNNIndonesia \"salah\" input ? Pake lampiran C1 gak itu ?", "likes_count": 0, "replies_count": 0, "retweets_count": 0, "hashtags": []}
{"id": 1124100601812537345, "date": "2019-05-02", "time": "19:57:22", "tweet": "@ustadtengkuzul Gaji dihitung rutin oleh bendahara atau juru bayar yg memang telah profesional mengerjakannya. Bahkan utk ASN dan instansi swasta tertentu sudah ada aplikasi Gaji yg jalau salah input akan tertolak otomatis pengajuan gajinya hingga benar2 tepat baru bisa jalan aplikasinya", "likes_count": 0, "replies_count": 0, "retweets_count": 0, "hashtags": []}
{"id": 1124100479045255169, "date": "2019-05-02", "time": "19:56:53", "tweet": "@ustadtengkuzul Kalau anda MANUSIA Pasti anda bisa memahami keadaan itu cobalah posisikan diri Anda jadi petugas KPU yang input data TAPI Ya sudah lah  ANDA KAN BUKAN MANUSIA jadi susah ngomong. Sama ANDA DAN KAMPRET", "likes_count": 0, "replies_count": 0, "retweets_count": 0, "hashtags": []}
{"id": 1124100469016662017, "date": "2019-05-02", "time": "19:56:51", "tweet": "@_jamesoloughlin @ID_R_McGregor That's all been deprecated and no longer works as of 4.21. Has always returned 0s for all floats.  I have the SteamVR Input plugin now which is what Valve has moved everything over into and I'm having a bit more luck with it.  (But thanks!)", "likes_count": 1, "replies_count": 0, "retweets_count": 0, "hashtags": []}
{"id": 1124100465174765568, "date": "2019-05-02", "time": "19:56:50", "tweet": "@licutis It may not be simply public safety but civic safety.  At any given time in the last 40 years roughly 10% of the voting population has been excluded from having the right to have a say who taxes them, or input into laws and their representatives or simply be part of a jury.", "likes_count": 1, "replies_count": 0, "retweets_count": 0, "hashtags": []}
{"id": 1124100406739648512, "date": "2019-05-02", "time": "19:56:36", "tweet": "Check Yourself!: How Language Input and Wait Time Can Make or Break Instruction For English Learners  https://t.co/EdCwQBUYMO", "likes_count": 0, "replies_count": 0, "retweets_count": 0, "hashtags": []}
{"id": 1124100395943571457, "date": "2019-05-02", "time": "19:56:33", "tweet": "Lah yg buat itu sapo. Asli. Makmano nian salah input antatara surat suara sah tdk sah dak balance dg yg d input ke dua calon. Hrus tertolak kalau melebihi makmano nian uji kamu kamu yg pintar tu . Uji web itu...  https://t.co/DIUhkRwdWX", "likes_count": 0, "replies_count": 0, "retweets_count": 0, "hashtags": []}
{"id": 1124100353228705792, "date": "2019-05-02", "time": "19:56:23", "tweet": "KPU Akui Potensi Kecurangan Petugas Input Data Situng  https://t.co/qr4bLmgtHv", "likes_count": 0, "replies_count": 0, "retweets_count": 0, "hashtags": []}
{"id": 1124100324015390720, "date": "2019-05-02", "time": "19:56:16", "tweet": "Interesting story here...  I’d like to hear the Twitterverse input on this. Both are genetic traits that have competitive advantages so is this fair?  https://t.co/4Vmvjo5Z45", "likes_count": 1, "replies_count": 0, "retweets_count": 0, "hashtags": []}
{"id": 1124100259989401600, "date": "2019-05-02", "time": "19:56:01", "tweet": "Last valid input: 2019-05-03 08:55:54.605768 Temperature: 26.00 C Humidity: 47.00 %", "likes_count": 0, "replies_count": 0, "retweets_count": 0, "hashtags": []}
{"id": 1124100226124537859, "date": "2019-05-02", "time": "19:55:53", "tweet": "@MommasBeanScene @wizards_magic @eBay Well, your input has been unhelpful and uncalled for. Thanks.", "likes_count": 0, "replies_count": 1, "retweets_count": 0, "hashtags": []}
{"id": 1124100215282262022, "date": "2019-05-02", "time": "19:55:50", "tweet": "@olatheschools board member Rick Scher attempted to say that change would be necessary at some point. Parents are speaking up and interrupting with input. School board responds at times. Ignores at times.", "likes_count": 0, "replies_count": 0, "retweets_count": 0, "hashtags": []}
