{"id": 1177009876234625025, "date": "2019-09-25", "time": "19:59:56", "tweet": "@frostyZK The knew controller settings, you want  to keep those on regardless of input you are using, if you turn it off your ads fov lowers, try it for your self", "likes_count": 0, "replies_count": 1, "retweets_count": 0, "hashtags": []}
{"id": 1177009857750130691, "date": "2019-09-25", "time": "19:59:52", "tweet": "@peterduncan01 Happy to have the input, Peter. Hard to leave the all time greatest try scorer and point scorer out of the team. Feel free to select your own side and put it out there. We'd love to have a look", "likes_count": 0, "replies_count": 0, "retweets_count": 0, "hashtags": []}
{"id": 1177009834199277570, "date": "2019-09-25", "time": "19:59:46", "tweet": "Your input is critical.   Which is more likely to get me asked to return to #JuryDuty?:", "likes_count": 0, "replies_count": 1, "retweets_count": 0, "hashtags": ["juryduty"]}
{"id": 1177009831888244736, "date": "2019-09-25", "time": "19:59:46", "tweet": "5th grade students are using talking chips to ensure everyone has equal input into their group discussions. #kaganaded #excellence #bobcatlife weareboonecounty  https://t.co/6POpQoUTU0", "likes_count": 2, "replies_count": 0, "retweets_count": 0, "hashtags": ["kaganaded", "excellence", "bobcatlife"]}
{"id": 1177009791291613185, "date": "2019-09-25", "time": "19:59:36", "tweet": "Akhirnya ada yang mau kamu Nak dibeli sama Orang Sby 😜👌 Tipe Lama sih ini tapi Baru Fresh dan Mana ada lagi Xdj R1 yang bisa input CD &amp; Usb Flashdisk cuman 12 jt sekian ya udh di sikat dongggg . Ayoks Para Dj…  https://t.co/FeyonDhIEj", "likes_count": 0, "replies_count": 0, "retweets_count": 0, "hashtags": []}
{"id": 1177009786522460160, "date": "2019-09-25", "time": "19:59:35", "tweet": "@cnnphilippines Even without a bug, I deleted 3rd party keyboard app. I like @Google Gboard but most features won't work if you do not allow full access (anything you type). That is why when you input passwords and CreditCards using iPhone @Apple, the native keyboard will automatically activate.", "likes_count": 0, "replies_count": 0, "retweets_count": 0, "hashtags": []}
{"id": 1177009680859717632, "date": "2019-09-25", "time": "19:59:10", "tweet": "then there’s always somebody saying don’t let that bring you down blah blah. if it was anybody else it wouldn’t. so if you haven’t been thru what i’ve been thru then i don’t really care about your input 😐", "likes_count": 1, "replies_count": 1, "retweets_count": 0, "hashtags": []}
{"id": 1177009635716411392, "date": "2019-09-25", "time": "19:58:59", "tweet": "The Ballots Have Been Counted. The Twitter Likes, YouTube Likes, and Subscriptions have been tallied. And....Chester has been selected for a #RosieTV, Realistically Rosie Interview. Thank you to EVERYONE for replying! We are so grateful to you for your input and help!  https://t.co/PXX0CxK2BV", "likes_count": 4, "replies_count": 0, "retweets_count": 0, "hashtags": ["rosietv"]}
{"id": 1177009361303900160, "date": "2019-09-25", "time": "19:57:54", "tweet": "Lucky Gunner have fun. What are you waiting for? Download it, input the refer code 2U93LW4 to get reward. https://t.co/BcF8fhVkdI", "likes_count": 0, "replies_count": 0, "retweets_count": 0, "hashtags": []}
{"id": 1177009343948034048, "date": "2019-09-25", "time": "19:57:50", "tweet": "Is it true that they barely listened to George’s input bc that makes me really mad", "likes_count": 0, "replies_count": 1, "retweets_count": 0, "hashtags": []}
{"id": 1177009289736507392, "date": "2019-09-25", "time": "19:57:37", "tweet": "@spaceaboveandb1 Is the film for sure gone? It was a while ago, but I remember Glen Morgan saying in an interview on a Millenium podcast that he was upset when the DVDs were made without his input because he had access to the 16x9 version, plus a ton of extras.", "likes_count": 0, "replies_count": 2, "retweets_count": 0, "hashtags": []}
{"id": 1177009174389100544, "date": "2019-09-25", "time": "19:57:09", "tweet": "if my dad could fall me for once without complaining or degrading me for something for once, that would be great! Why call me if all you’re going to do is tell me how awful every decision I make is? Because honestly, your input is not needed. K, thanks.", "likes_count": 5, "replies_count": 0, "retweets_count": 0, "hashtags": []}
{"id": 1177009050879311873, "date": "2019-09-25", "time": "19:56:40", "tweet": "@ExspiravitScrip “Oh?” With raised eyebrows and an amused tweak on his lips, the hyena lets the youngling tug him along, to hell knows where.   Oh, well. Any input is a good input and the little lady looks trustworthy. “An’ what d’ya have in mind? Somethin’ cute? Somethin’ small? Big? Fluffy?”", "likes_count": 0, "replies_count": 0, "retweets_count": 0, "hashtags": []}
{"id": 1177009044835446787, "date": "2019-09-25", "time": "19:56:38", "tweet": "@tds_Chris @tds_amadeus225 Amadeus, hey, chris said your the tds HH expert. I'm a HGB main but I really like the idea of switching it up and playing the HH. There is almost no HH info out there. I'm looking to play more support than pure dps. Here is what I came up with. Any input would be awesome. Thx!  https://t.co/JsdldLPKr8", "likes_count": 0, "replies_count": 1, "retweets_count": 0, "hashtags": []}
{"id": 1177008886240268290, "date": "2019-09-25", "time": "19:56:00", "tweet": "@TheGamesCage I got it on both Switch and Steam simply because I really love the Senran series and I’ve played their games on Steam. I wanted it on Steam because on Switch I couldn’t use the Pro-Con. Steam Input allowed me to finally use the Pro-Con even if at first... there was no rumble.", "likes_count": 0, "replies_count": 0, "retweets_count": 0, "hashtags": []}
{"id": 1177008748189011968, "date": "2019-09-25", "time": "19:55:27", "tweet": "10月30日までAudio Input FX LEは無料ダウンロード配布されてるっぽい  「Audio Input FX LE」最強無料ボイチェンの使い方！ニコニコ無料配布中。OBS Studio/Discord/skypeにも - Vtuberの雑学メモ帳  https://t.co/BTJuSXYZBf", "likes_count": 0, "replies_count": 0, "retweets_count": 0, "hashtags": []}
{"id": 1177008746079412225, "date": "2019-09-25", "time": "19:55:27", "tweet": "I love all of you, I appreciate the people that regularly like and give their input on things that they may not be as passionate about as I am. It's good to see different perspectives.", "likes_count": 4, "replies_count": 0, "retweets_count": 0, "hashtags": []}
{"id": 1177008744728793089, "date": "2019-09-25", "time": "19:55:27", "tweet": "A full room for tonight’s #STAR Shadeland Turn ARound Meeting tonight of area citizens &amp; business owners. Working together to keep our neighborhoods &amp; businesses moving in the right direction @IndyCouncil @INLawrenceCOC @IndyChamber @VisitIndy Thanks for everyone’s input tonight!  https://t.co/NWF92L1eXO", "likes_count": 4, "replies_count": 0, "retweets_count": 1, "hashtags": ["star"]}
{"id": 1177007823873429504, "date": "2019-09-25", "time": "19:51:47", "tweet": "@meshachweber Agreed. I'll be sure to gather that idea into a Feedback Report and submit it to our Development Team. I genuinely appreciate your input, and wish you a fantastic rest of your week. ^ML", "likes_count": 1, "replies_count": 1, "retweets_count": 0, "hashtags": []}
{"id": 1177007793615847429, "date": "2019-09-25", "time": "19:51:40", "tweet": "@waddell92 @DanMatt2409 Ali has had his input, its official", "likes_count": 0, "replies_count": 0, "retweets_count": 0, "hashtags": []}
{"id": 1177009876234625025, "date": "2019-09-25", "time": "19:59:56", "tweet": "@frostyZK The knew controller settings, you want  to keep those on regardless of input you are using, if you turn it off your ads fov lowers, try it for your self", "likes_count": 0, "replies_count": 1, "retweets_count": 0, "hashtags": []}
{"id": 1177009857750130691, "date": "2019-09-25", "time": "19:59:52", "tweet": "@peterduncan01 Happy to have the input, Peter. Hard to leave the all time greatest try scorer and point scorer out of the team. Feel free to select your own side and put it out there. We'd love to have a look", "likes_count": 0, "replies_count": 0, "retweets_count": 0, "hashtags": []}
{"id": 1177009834199277570, "date": "2019-09-25", "time": "19:59:46", "tweet": "Your input is critical.   Which is more likely to get me asked to return to #JuryDuty?:", "likes_count": 0, "replies_count": 1, "retweets_count": 0, "hashtags": ["juryduty"]}
{"id": 1177009831888244736, "date": "2019-09-25", "time": "19:59:46", "tweet": "5th grade students are using talking chips to ensure everyone has equal input into their group discussions. #kaganaded #excellence #bobcatlife weareboonecounty  https://t.co/6POpQoUTU0", "likes_count": 2, "replies_count": 0, "retweets_count": 0, "hashtags": ["kaganaded", "excellence", "bobcatlife"]}
{"id": 1177009791291613185, "date": "2019-09-25", "time": "19:59:36", "tweet": "Akhirnya ada yang mau kamu Nak dibeli sama Orang Sby 😜👌 Tipe Lama sih ini tapi Baru Fresh dan Mana ada lagi Xdj R1 yang bisa input CD &amp; Usb Flashdisk cuman 12 jt sekian ya udh di sikat dongggg . Ayoks Para Dj…  https://t.co/FeyonDhIEj", "likes_count": 0, "replies_count": 0, "retweets_count": 0, "hashtags": []}
{"id": 1177009786522460160, "date": "2019-09-25", "time": "19:59:35", "tweet": "@cnnphilippines Even without a bug, I deleted 3rd party keyboard app. I like @Google Gboard but most features won't work if you do not allow full access (anything you type). That is why when you input passwords and CreditCards using iPhone @Apple, the native keyboard will automatically activate.", "likes_count": 0, "replies_count": 0, "retweets_count": 0, "hashtags": []}
{"id": 1177009680859717632, "date": "2019-09-25", "time": "19:59:10", "tweet": "then there’s always somebody saying don’t let that bring you down blah blah. if it was anybody else it wouldn’t. so if you haven’t been thru what i’ve been thru then i don’t really care about your input 😐", "likes_count": 1, "replies_count": 1, "retweets_count": 0, "hashtags": []}
{"id": 1177009635716411392, "date": "2019-09-25", "time": "19:58:59", "tweet": "The Ballots Have Been Counted. The Twitter Likes, YouTube Likes, and Subscriptions have been tallied. And....Chester has been selected for a #RosieTV, Realistically Rosie Interview. Thank you to EVERYONE for replying! We are so grateful to you for your input and help!  https://t.co/PXX0CxK2BV", "likes_count": 4, "replies_count": 0, "retweets_count": 0, "hashtags": ["rosietv"]}
{"id": 1177009361303900160, "date": "2019-09-25", "time": "19:57:54", "tweet": "Lucky Gunner have fun. What are you waiting for? Download it, input the refer code 2U93LW4 to get reward. https://t.co/BcF8fhVkdI", "likes_count": 0, "replies_count": 0, "retweets_count": 0, "hashtags": []}
{"id": 1177009343948034048, "date": "2019-09-25", "time": "19:57:50", "tweet": "Is it true that they barely listened to George’s input bc that makes me really mad", "likes_count": 0, "replies_count": 1, "retweets_count": 0, "hashtags": []}
{"id": 1177009289736507392, "date": "2019-09-25", "time": "19:57:37", "tweet": "@spaceaboveandb1 Is the film for sure gone? It was a while ago, but I remember Glen Morgan saying in an interview on a Millenium podcast that he was upset when the DVDs were made without his input because he had access to the 16x9 version, plus a ton of extras.", "likes_count": 0, "replies_count": 2, "retweets_count": 0, "hashtags": []}
{"id": 1177009174389100544, "date": "2019-09-25", "time": "19:57:09", "tweet": "if my dad could fall me for once without complaining or degrading me for something for once, that would be great! Why call me if all you’re going to do is tell me how awful every decision I make is? Because honestly, your input is not needed. K, thanks.", "likes_count": 5, "replies_count": 0, "retweets_count": 0, "hashtags": []}
{"id": 1177009050879311873, "date": "2019-09-25", "time": "19:56:40", "tweet": "@ExspiravitScrip “Oh?” With raised eyebrows and an amused tweak on his lips, the hyena lets the youngling tug him along, to hell knows where.   Oh, well. Any input is a good input and the little lady looks trustworthy. “An’ what d’ya have in mind? Somethin’ cute? Somethin’ small? Big? Fluffy?”", "likes_count": 0, "replies_count": 0, "retweets_count": 0, "hashtags": []}
{"id": 1177009044835446787, "date": "2019-09-25", "time": "19:56:38", "tweet": "@tds_Chris @tds_amadeus225 Amadeus, hey, chris said your the tds HH expert. I'm a HGB main but I really like the idea of switching it up and playing the HH. There is almost no HH info out there. I'm looking to play more support than pure dps. Here is what I came up with. Any input would be awesome. Thx!  https://t.co/JsdldLPKr8", "likes_count": 0, "replies_count": 1, "retweets_count": 0, "hashtags": []}
{"id": 1177008886240268290, "date": "2019-09-25", "time": "19:56:00", "tweet": "@TheGamesCage I got it on both Switch and Steam simply because I really love the Senran series and I’ve played their games on Steam. I wanted it on Steam because on Switch I couldn’t use the Pro-Con. Steam Input allowed me to finally use the Pro-Con even if at first... there was no rumble.", "likes_count": 0, "replies_count": 0, "retweets_count": 0, "hashtags": []}
{"id": 1177008748189011968, "date": "2019-09-25", "time": "19:55:27", "tweet": "10月30日までAudio Input FX LEは無料ダウンロード配布されてるっぽい  「Audio Input FX LE」最強無料ボイチェンの使い方！ニコニコ無料配布中。OBS Studio/Discord/skypeにも - Vtuberの雑学メモ帳  https://t.co/BTJuSXYZBf", "likes_count": 0, "replies_count": 0, "retweets_count": 0, "hashtags": []}
{"id": 1177008746079412225, "date": "2019-09-25", "time": "19:55:27", "tweet": "I love all of you, I appreciate the people that regularly like and give their input on things that they may not be as passionate about as I am. It's good to see different perspectives.", "likes_count": 4, "replies_count": 0, "retweets_count": 0, "hashtags": []}
{"id": 1177008744728793089, "date": "2019-09-25", "time": "19:55:27", "tweet": "A full room for tonight’s #STAR Shadeland Turn ARound Meeting tonight of area citizens &amp; business owners. Working together to keep our neighborhoods &amp; businesses moving in the right direction @IndyCouncil @INLawrenceCOC @IndyChamber @VisitIndy Thanks for everyone’s input tonight!  https://t.co/NWF92L1eXO", "likes_count": 4, "replies_count": 0, "retweets_count": 1, "hashtags": ["star"]}
{"id": 1177007823873429504, "date": "2019-09-25", "time": "19:51:47", "tweet": "@meshachweber Agreed. I'll be sure to gather that idea into a Feedback Report and submit it to our Development Team. I genuinely appreciate your input, and wish you a fantastic rest of your week. ^ML", "likes_count": 1, "replies_count": 1, "retweets_count": 0, "hashtags": []}
{"id": 1177007793615847429, "date": "2019-09-25", "time": "19:51:40", "tweet": "@waddell92 @DanMatt2409 Ali has had his input, its official", "likes_count": 0, "replies_count": 0, "retweets_count": 0, "hashtags": []}
{"id": 1177007766864576512, "date": "2019-09-25", "time": "19:51:34", "tweet": "@SenTinaSmith @GovTimWalz Once again, Democratic leaders acting in their own accord, without the input of their constituents.  They believe in it, so it MUST be what everyone wants, right????", "likes_count": 0, "replies_count": 0, "retweets_count": 0, "hashtags": []}
{"id": 1177007704382017538, "date": "2019-09-25", "time": "19:51:19", "tweet": "This is freaking ridiculous. You can’t even put it a simple code for @playstation PS Plus without it being a problem. Now it says I don’t have PA Plus and he codes been used. DUH I JUST INPUT IT!", "likes_count": 0, "replies_count": 0, "retweets_count": 0, "hashtags": []}
{"id": 1177007674497609733, "date": "2019-09-25", "time": "19:51:12", "tweet": "@astrand130 So basically when the game creates the input layout it puts in dummy Vector3 entries with an offset of 0 just so those shaders don't break (even though they'll obviously be getting incorrect data...?).", "likes_count": 0, "replies_count": 0, "retweets_count": 0, "hashtags": []}
{"id": 1177007659565879296, "date": "2019-09-25", "time": "19:51:08", "tweet": "Interesting input on the climate of the Hill from @costareports w @ASCO #ASCOadvocacysummit  https://t.co/ZkMyVI7min", "likes_count": 8, "replies_count": 0, "retweets_count": 0, "hashtags": ["ascoadvocacysummit"]}
{"id": 1177007636744679424, "date": "2019-09-25", "time": "19:51:03", "tweet": "@Narufinal @Cereal00Killer Awesome! It's super comfortable to hold, very lightweight and the dpad is so good. Plus, the buttons feel \"smoother\" and overall seem to have a better input. It's kinda hard to explain unless you do a side by side with the Lite and a Joy Con.", "likes_count": 1, "replies_count": 1, "retweets_count": 0, "hashtags": []}
{"id": 1177007598287097856, "date": "2019-09-25", "time": "19:50:53", "tweet": "@nsquaredcrypto Always enjoy your input because your comments are well thought out and on target. I’m a fan.", "likes_count": 2, "replies_count": 0, "retweets_count": 0, "hashtags": []}
{"id": 1177007492225732608, "date": "2019-09-25", "time": "19:50:28", "tweet": "Great info here on #CCaaS trends with input from @AppSmart_com, @TBImasteragent, @451Research and more.  https://t.co/9Rr4zBqW8C", "likes_count": 2, "replies_count": 0, "retweets_count": 0, "hashtags": ["ccaas"]}
{"id": 1177007489797296129, "date": "2019-09-25", "time": "19:50:27", "tweet": "Live in 10 minutes with Whatever Wednesday on day two of the new schedule.   Talking conversations at work, #OneHitWonderDay, Amazon announcements, checking out the Fortnite update. It's whatever, but I'd love your input.   https://t.co/Hel1JbrKZ2  https://t.co/C8B23PPuNZ", "likes_count": 1, "replies_count": 0, "retweets_count": 0, "hashtags": ["onehitwonderday"]}
{"id": 1177007482763395073, "date": "2019-09-25", "time": "19:50:26", "tweet": "Learn to be content in your own silence. Not every situation requires your input.  Proverbs 17:28 - Even a fool is seen as wise when withholding his foolish thoughts", "likes_count": 0, "replies_count": 0, "retweets_count": 0, "hashtags": []}
{"id": 1177007396058648577, "date": "2019-09-25", "time": "19:50:05", "tweet": "@CoachCue Appreciate the input! I’ll have to check it out!", "likes_count": 0, "replies_count": 1, "retweets_count": 0, "hashtags": []}
{"id": 1177007319491784704, "date": "2019-09-25", "time": "19:49:47", "tweet": "@Boju85 @holyroodmandy @MalcolmChishol1 @theSNP @Maxwellsnp We revised  SMC. and improved it for rarer conditions and eg cancer drugs. More patient and public input...not perfect but best in class copied by many.  And costs or running are low", "likes_count": 0, "replies_count": 1, "retweets_count": 0, "hashtags": []}
{"id": 1177007129053417472, "date": "2019-09-25", "time": "19:49:01", "tweet": "\"Yes, well...thank you for your input.\" #LockBot", "likes_count": 0, "replies_count": 0, "retweets_count": 0, "hashtags": ["lockbot"]}
{"id": 1177007040746536961, "date": "2019-09-25", "time": "19:48:40", "tweet": "@jlmxx0 @CoolBeanSaidy Thank you so much for your Input! I’m really just trying to weigh my options and this helps a lot!!!", "likes_count": 2, "replies_count": 1, "retweets_count": 0, "hashtags": []}
{"id": 1177006792469110784, "date": "2019-09-25", "time": "19:47:41", "tweet": "Once again, another great meeting with @RedHatUXD on the OpenShift developer experience. We had opinions from various campus users and a very productive session with input on how we viewed the UI/UX of OpenShift 4.x", "likes_count": 6, "replies_count": 0, "retweets_count": 2, "hashtags": []}
{"id": 1177006778518790144, "date": "2019-09-25", "time": "19:47:38", "tweet": "@KrunnkyTTV Thanks dude, I really appreciate the support. It's been a struggle to choose between doing this or not honestly, so I really appreciate the input!", "likes_count": 1, "replies_count": 0, "retweets_count": 0, "hashtags": []}
{"id": 1177006710478778368, "date": "2019-09-25", "time": "19:47:22", "tweet": "Progress reports was due today 🥴 they’ll see them on Monday cause all these grades take too long to input.", "likes_count": 0, "replies_count": 0, "retweets_count": 0, "hashtags": []}
{"id": 1177006514340384768, "date": "2019-09-25", "time": "19:46:35", "tweet": "@UppercutEd I believe there are specific bodies you can engage with who either a) provide input on attracting a broader range of applicants or b) actively seek applicants from a particularly group/community?   https://t.co/4ORkep7IkL could be a good start.", "likes_count": 1, "replies_count": 0, "retweets_count": 0, "hashtags": []}
{"id": 1177006379078492162, "date": "2019-09-25", "time": "19:46:03", "tweet": "@SaGe_908 There’s definitely an OS then lmao, something stupid like 236S &gt; delay vanish input that only comes out on block or hit lol", "likes_count": 0, "replies_count": 0, "retweets_count": 0, "hashtags": []}
{"id": 1177006336367837184, "date": "2019-09-25", "time": "19:45:52", "tweet": "Making a black plush dragon for our mascot, don't have a name yet but we need help with the design so we want your input. What do you all think?", "likes_count": 4, "replies_count": 3, "retweets_count": 3, "hashtags": []}
{"id": 1177006331053559809, "date": "2019-09-25", "time": "19:45:51", "tweet": "@AnAngryOpossum @4photic And our input system doesn’t allow for specifics all the time so we have to tell the bar, and when it’s busy sometimes they forget and we all get customer abuse. It’s abhorrent.", "likes_count": 2, "replies_count": 0, "retweets_count": 0, "hashtags": []}
{"id": 1177006175537127424, "date": "2019-09-25", "time": "19:45:14", "tweet": "@bimanprasad @Angry_Kpra @FijiNfp @fijiparliament I’m not an expert on parliamentary procedure, but it seems utterly uncontroversial that a government should seek public input on a draft bill.   We regularly access and report on bills before they’ve been tabled.   Am I missing something obvious?", "likes_count": 1, "replies_count": 0, "retweets_count": 0, "hashtags": []}
{"id": 1177006168545382400, "date": "2019-09-25", "time": "19:45:12", "tweet": "@glwatermi @wdet @CitizenDetroit @Plyuccdetroit @GordieHoweBrg McCormick: over 170 hours of staff time for input in the plan. This is a living document updated at least every 5 years. Next steps will include improvement initiatives, including IT, enterprise management. GLWA will embrace asset management as a part of how the org thinks.", "likes_count": 0, "replies_count": 1, "retweets_count": 0, "hashtags": []}
{"id": 1177006150547435520, "date": "2019-09-25", "time": "19:45:08", "tweet": "good morning! i appreciate any kind of input as it would help me decide which charms to make first 🤗", "likes_count": 1, "replies_count": 0, "retweets_count": 0, "hashtags": []}
{"id": 1177005882250543104, "date": "2019-09-25", "time": "19:44:04", "tweet": "@derek_debus Yeah, Trump does seem inclined to impose his will without any input or consideration for those impacted.", "likes_count": 0, "replies_count": 0, "retweets_count": 0, "hashtags": []}
{"id": 1177005750398287873, "date": "2019-09-25", "time": "19:43:33", "tweet": "@LEGO_Group @DCComics @DCBatman Bit late but still gonna give my input. Thanks to the Lego video games I'm used to the second one. The modern grey batsuit. That's my Lego Batman :) Though that last one is really cool looking!", "likes_count": 0, "replies_count": 0, "retweets_count": 0, "hashtags": []}
{"id": 1177005621805232129, "date": "2019-09-25", "time": "19:43:02", "tweet": "Like, these folks have doctorate level degrees and have been in the field 20+ years. And they wanted my input on future decisions. Chileee. 😭 My heart just so full man.", "likes_count": 4, "replies_count": 2, "retweets_count": 0, "hashtags": []}
{"id": 1177005502305320960, "date": "2019-09-25", "time": "19:42:34", "tweet": "Thanks to public input, the City of Toledo has drafted a plan for the future of downtown streets  https://t.co/VKL5WzJdVd", "likes_count": 6, "replies_count": 2, "retweets_count": 1, "hashtags": []}
{"id": 1177005481174413312, "date": "2019-09-25", "time": "19:42:29", "tweet": "@FAANews @FlyingWithSara @afa_cwa @SunnyMabrey @AmyKremer @AshleyPCollins @WeAreALPA @CWAUnion @APFAunity @AirlinesDotOrg How about public input for Toxic Uniform Illness to customers and employees?", "likes_count": 7, "replies_count": 0, "retweets_count": 1, "hashtags": []}
{"id": 1177005457623388161, "date": "2019-09-25", "time": "19:42:23", "tweet": "Thanks everyone for your input. I'll tweet in a day or so, when we can unpick the reasons.  Suffice to say she was disappointed with the service and has come away feeling hopeless, not listened to, still ill and £35 poorer (potentially)!", "likes_count": 3, "replies_count": 2, "retweets_count": 1, "hashtags": []}
{"id": 1177005373384986624, "date": "2019-09-25", "time": "19:42:03", "tweet": "@evansilva I know it’s close, my other WR is Ridley so not struggling. Appreciate the input and best of luck moving forward with #establishit", "likes_count": 0, "replies_count": 0, "retweets_count": 0, "hashtags": ["establishit"]}
{"id": 1177005368721006593, "date": "2019-09-25", "time": "19:42:02", "tweet": "When I  called the White House I also told this person the representatives needed to have a conversation  with vape community leaders and make decisions based on the input from the vape industry. My victory  was when this person thanked me stating they had learned something.", "likes_count": 0, "replies_count": 0, "retweets_count": 0, "hashtags": []}
{"id": 1177005276555296774, "date": "2019-09-25", "time": "19:41:40", "tweet": "For all of y’all on controller who want to be cracked on these new settings... Linear Input Curve &gt; Exponential Input Curve.", "likes_count": 9, "replies_count": 2, "retweets_count": 3, "hashtags": []}
{"id": 1177005199631757313, "date": "2019-09-25", "time": "19:41:21", "tweet": "The survey is now closed!  Thank you to the 1570 Guardians who gave their input!  Due to the sheer volume and heavy interest in the final results I'll be going straight to collating, then building the SQL database in my own time  Tomorrow morning I'll release the results!  https://t.co/nuKxvqMzZt", "likes_count": 70, "replies_count": 6, "retweets_count": 0, "hashtags": []}
{"id": 1177005109638615040, "date": "2019-09-25", "time": "19:41:00", "tweet": "@WajahatAli @jaketapper I always enjoy your thoughtful input on CNN and am so happy for you! Wonderful news! ❤️❤️", "likes_count": 0, "replies_count": 0, "retweets_count": 0, "hashtags": []}
{"id": 1177005069310615552, "date": "2019-09-25", "time": "19:40:50", "tweet": "Google Sheets App: document will open as \"Read Only\" --&gt; Tap any cell --&gt; Tap \"Comment\" --&gt; Input info. 👍🏻  https://t.co/ANuiyvDcCD", "likes_count": 0, "replies_count": 1, "retweets_count": 0, "hashtags": []}
{"id": 1177005004395298820, "date": "2019-09-25", "time": "19:40:35", "tweet": "@JP_Books Love to be able to give input", "likes_count": 0, "replies_count": 0, "retweets_count": 0, "hashtags": []}
{"id": 1177004996757508096, "date": "2019-09-25", "time": "19:40:33", "tweet": "@PoorBoyOnline Input lag my biggest pet peeve", "likes_count": 0, "replies_count": 0, "retweets_count": 0, "hashtags": []}
{"id": 1177004806105391106, "date": "2019-09-25", "time": "19:39:48", "tweet": "@ancientgoinon @MoDollassssss @javrrivera i didn't ask but thank you for your input, have a wonderful night", "likes_count": 0, "replies_count": 0, "retweets_count": 0, "hashtags": []}
{"id": 1177004659896012800, "date": "2019-09-25", "time": "19:39:13", "tweet": "@atkin_courtney Thanks for your input and engagement! So glad you #TeachInDavis!", "likes_count": 0, "replies_count": 0, "retweets_count": 0, "hashtags": ["teachindavis"]}
{"id": 1177004593416478721, "date": "2019-09-25", "time": "19:38:57", "tweet": "@RachelTESOL A6: One of my current favs for teachers is the weekly second language acquisition podcast: Talkin' L2 with BVP (Bill Van Patten). It’s in a new season. Every Wednesday at 6 PM Eastern!They get into comprehensible input, grammar, and more.  https://t.co/eEj5SBb4EZ #mdtesolchat", "likes_count": 0, "replies_count": 1, "retweets_count": 0, "hashtags": ["mdtesolchat"]}
{"id": 1177004480115675136, "date": "2019-09-25", "time": "19:38:30", "tweet": "@BG_Borderwar I won’t disagree there. Nice input.", "likes_count": 0, "replies_count": 0, "retweets_count": 0, "hashtags": []}
{"id": 1177004434414612486, "date": "2019-09-25", "time": "19:38:19", "tweet": "@RuslanMasinjila @fermatslibrary Hmm, I tried this, but then it asks for a password... I thought a Quine is supposed to take no input? 🤔", "likes_count": 1, "replies_count": 0, "retweets_count": 0, "hashtags": []}
{"id": 1177004429494685696, "date": "2019-09-25", "time": "19:38:18", "tweet": "Currently the site of businesses like Cosmic Cantina and Johnny T-Shirt, Merklein said the location would draw visitors downtown. Merklein said the University will take input from community members and is committed to preserving local businesses.", "likes_count": 1, "replies_count": 1, "retweets_count": 0, "hashtags": []}
{"id": 1177004419763900416, "date": "2019-09-25", "time": "19:38:16", "tweet": "@sheetz @penguins I love the Twix shake! Maybe @RockStarTragedy and @stevenspohn have an input on this one.", "likes_count": 2, "replies_count": 0, "retweets_count": 0, "hashtags": []}
{"id": 1177004403552735232, "date": "2019-09-25", "time": "19:38:12", "tweet": "@OMGItsBirdman per Reddit, “IE. \"We chose use an inferior input device and therefore we don't do well in competitive events, however, since it is inferior we should be allowed to have skill-less mechanic to reconcile the fact we chose an inferior input device to use in competitive events.”", "likes_count": 6, "replies_count": 2, "retweets_count": 0, "hashtags": []}
{"id": 1177004286561181696, "date": "2019-09-25", "time": "19:37:44", "tweet": "@itss_briiannaa @queennaija aw that’s cute  i didn’t ask for your opinion or input.", "likes_count": 0, "replies_count": 1, "retweets_count": 0, "hashtags": []}
{"id": 1177004277350457348, "date": "2019-09-25", "time": "19:37:42", "tweet": "@EluxTroxl @thehill Thanks for the input, Vlad", "likes_count": 0, "replies_count": 0, "retweets_count": 0, "hashtags": []}
{"id": 1177004058734997504, "date": "2019-09-25", "time": "19:36:49", "tweet": "all of my settings seem to have remained as they should. I don't like that you don't seem to be able to select American english Braille instead of UEB in Braille Screen input now, but I'll get used to that, I suppose.", "likes_count": 0, "replies_count": 2, "retweets_count": 0, "hashtags": []}
{"id": 1177004054129586178, "date": "2019-09-25", "time": "19:36:48", "tweet": "🐝 #rvacouncil Mamie-everyone needs greater access. Seniors and disabled shouldn’t have to walk. Nick- rode bus last week! He has a stop near his house. We need more community input and implementation on recommendations. Holistic plan for residents to access city w/out cars", "likes_count": 0, "replies_count": 1, "retweets_count": 0, "hashtags": ["rvacouncil"]}
{"id": 1177003973234089985, "date": "2019-09-25", "time": "19:36:29", "tweet": "@Comey Hey thanks for your late and irrelevant input. Don’t you have a cocktail party to ruin somewhere?", "likes_count": 0, "replies_count": 0, "retweets_count": 0, "hashtags": []}
{"id": 1177003967340896256, "date": "2019-09-25", "time": "19:36:28", "tweet": "@Bitvhitsjesus do you know the ID number? I can only input numbers ): mine is  623394066882", "likes_count": 1, "replies_count": 1, "retweets_count": 0, "hashtags": []}
{"id": 1177003889867911169, "date": "2019-09-25", "time": "19:36:09", "tweet": "Finished my talking skull for Halloween. Circuit-design, programming, decoration. Just have to hide some junk, and we have ourselves a skull talking via Bluetooth input. #halloween2019 #Robotics #art  https://t.co/IIA3guydwK", "likes_count": 0, "replies_count": 0, "retweets_count": 0, "hashtags": ["halloween2019", "robotics", "art"]}
{"id": 1177003811744993280, "date": "2019-09-25", "time": "19:35:51", "tweet": "BREAKING : #Medievil est à chier. Gameplay, camera, input lag, c'est de la merde (ps : oui j'ai joué a l'original) #ps4 . Ah si, c'est passable graphiquement.", "likes_count": 1, "replies_count": 1, "retweets_count": 0, "hashtags": ["medievil", "ps4"]}
{"id": 1177003728596955136, "date": "2019-09-25", "time": "19:35:31", "tweet": "@lotusflowerom At current rates of inflation, correcting for this administration’s economic policy and the trade restrictions, allowing for new conditions of input supply, technological change and levels of carbon in the atmosphere, it’s the $67.72 question.", "likes_count": 1, "replies_count": 1, "retweets_count": 0, "hashtags": []}
{"id": 1177003726839717889, "date": "2019-09-25", "time": "19:35:30", "tweet": "@ahhensel @HODINKEE Isn’t this more a commentary on LTV rather than CAC, given that revenue isn’t an input into the latter?  Regardless, @HODINKEE has done content and commerce brilliantly — hands down one of my favorite sites over the past decade!", "likes_count": 1, "replies_count": 0, "retweets_count": 0, "hashtags": []}
{"id": 1177003675530735618, "date": "2019-09-25", "time": "19:35:18", "tweet": "Well done team and thanks to Tim Sparks and @epfnc for their input as TTLs - sterling work for keeping it all together...!", "likes_count": 3, "replies_count": 0, "retweets_count": 1, "hashtags": []}
{"id": 1177003629032747008, "date": "2019-09-25", "time": "19:35:07", "tweet": "Powerful input by @PresidentIRL Michael D. Higgins at the @UN #UNGA74    Addressing issues of #ClimateEmergency #YouthEmpowerment #YouthLeadership #ClimateAction #FutureGenerations #SDGs #SIDs #UNGA   ✊🕊️🙌🇮🇪🌍🌎🌏🇺🇳  https://t.co/pX4JBJaFbO", "likes_count": 6, "replies_count": 0, "retweets_count": 5, "hashtags": ["unga74", "climateemergency", "youthempowerment", "youthleadership", "climateaction", "futuregenerations", "sdgs", "sids", "unga"]}
{"id": 1177003588591054849, "date": "2019-09-25", "time": "19:34:57", "tweet": "Me: \"I think I'll have a burrito today.\" Dan Simmons: \"THAT'S ENOUGH, KID. I DIDN'T WRITE A BUNCH SO THAT PEOPLE LIKE -YOU- COULD DECIDE TO EAT A BURRITO WITHOUT MY INPUT.\"", "likes_count": 198, "replies_count": 3, "retweets_count": 12, "hashtags": []}
{"id": 1177003516717686786, "date": "2019-09-25", "time": "19:34:40", "tweet": "@BigJackFN @HecksNawBro @alexandra__cari Thanks for the input Jack.", "likes_count": 0, "replies_count": 1, "retweets_count": 0, "hashtags": []}
{"id": 1177003512078700544, "date": "2019-09-25", "time": "19:34:39", "tweet": "Senior Manager Global Regulatory Affairs CMC – Biotech – Bayer – Berkeley, CA: Provides active input into GRTs for assigned projects to ensure timely submission and strive for first cycle ... #BayArea #Biotech  https://t.co/UVs7doZJUE", "likes_count": 0, "replies_count": 0, "retweets_count": 0, "hashtags": ["bayarea", "biotech"]}
{"id": 1177003492222939136, "date": "2019-09-25", "time": "19:34:34", "tweet": "@hyunbortion As soon as ot12 debuted they completely forgot how to take fan input it's ridiculous", "likes_count": 2, "replies_count": 0, "retweets_count": 0, "hashtags": []}
{"id": 1177003412468064256, "date": "2019-09-25", "time": "19:34:15", "tweet": "@Mr_Lurch Don't think it supports controller input", "likes_count": 0, "replies_count": 1, "retweets_count": 0, "hashtags": []}
{"id": 1177003296541696000, "date": "2019-09-25", "time": "19:33:48", "tweet": "Lucky Fishing have fun. What are you waiting for? Download it, input the refer code LVCC4RP to get reward. https://t.co/kvFBG88bwY", "likes_count": 0, "replies_count": 0, "retweets_count": 0, "hashtags": []}
{"id": 1177003284273475584, "date": "2019-09-25", "time": "19:33:45", "tweet": "I need @notaIobster and @DocWhatever input on this", "likes_count": 0, "replies_count": 2, "retweets_count": 0, "hashtags": []}
{"id": 1177003271103365121, "date": "2019-09-25", "time": "19:33:42", "tweet": "@MickWest @Oswald1160 @AE911Truth @uafairbanks @richardgage I don't think they will be.  Would be interesting to see their input on the specifics but the problem is we all have seen what happens when you are presented with data that contradicts your stance.  You misrepresent it as if it supports you. I look forward to their input via you.", "likes_count": 0, "replies_count": 0, "retweets_count": 0, "hashtags": []}
{"id": 1177003225708466176, "date": "2019-09-25", "time": "19:33:31", "tweet": "@nycki96 The one thing I'm really bummed about is that in Braille screen input it doesn't look like you have any choice now but to use it in UEB. I'm so disappointed over that, but I'll get over it.", "likes_count": 0, "replies_count": 3, "retweets_count": 0, "hashtags": []}
{"id": 1177003159253704704, "date": "2019-09-25", "time": "19:33:15", "tweet": "...created a Patreon account today. Has anyone got one? What are your thoughts, positive or negative? Thanks in advance for your input! Support Gun Totin Barbie Streams  https://t.co/4m9SqCz1nq", "likes_count": 2, "replies_count": 0, "retweets_count": 0, "hashtags": []}
{"id": 1177003157001560064, "date": "2019-09-25", "time": "19:33:14", "tweet": "@KekZodiac @IfNotPike Correct, if you are using constants the chance is high the compiler links them to the same pointer. If you use some user input it will not work unless you compile with C++.  Don't mind the stone-age text concat in the example. :-)  https://t.co/DG0Co9YDmF", "likes_count": 1, "replies_count": 0, "retweets_count": 0, "hashtags": []}
{"id": 1177003110461583361, "date": "2019-09-25", "time": "19:33:03", "tweet": "Answer: Is there any way to change input type=“date” format?  https://t.co/dHBblmiLaT", "likes_count": 0, "replies_count": 0, "retweets_count": 0, "hashtags": []}
{"id": 1177003031419740160, "date": "2019-09-25", "time": "19:32:45", "tweet": "Now where is the understanding in this system? It takes Chinese as input(...)and it gives Chinese as output. (J.Searle, &lt;MB&amp;P&gt;)", "likes_count": 0, "replies_count": 0, "retweets_count": 0, "hashtags": []}
{"id": 1177002989221031936, "date": "2019-09-25", "time": "19:32:34", "tweet": "You’ve got to be before you can do. You’ve got to do before you can have.   Your input determines your outlook. Your outlook determines your output. Your output determines your future. -Zig Ziglar", "likes_count": 0, "replies_count": 0, "retweets_count": 0, "hashtags": []}
{"id": 1177002904097443840, "date": "2019-09-25", "time": "19:32:14", "tweet": "my autistic brain trying to deal with any input while I’m overloading:  https://t.co/228ECUmO4o", "likes_count": 8, "replies_count": 0, "retweets_count": 2, "hashtags": []}
{"id": 1177002740632809473, "date": "2019-09-25", "time": "19:31:35", "tweet": "P0462 2007 NISSAN PATHFINDER - Fuel Level Sensor Circuit Low Input  https://t.co/VJ1lGmpZXA #autocodes  https://t.co/BrfRuLTkjl", "likes_count": 0, "replies_count": 0, "retweets_count": 0, "hashtags": ["autocodes"]}
{"id": 1177002718919045120, "date": "2019-09-25", "time": "19:31:30", "tweet": "So we won’t let 16 year olds drink, smoke, enlist, vote, live on their own, rent a car, file taxes separately, drive without restriction, open bank account, serve a jury, or buy tickets to a Rated R movie  But we trust their input on the complex ideal of climate change", "likes_count": 7, "replies_count": 3, "retweets_count": 1, "hashtags": []}
{"id": 1177002642133979137, "date": "2019-09-25", "time": "19:31:12", "tweet": "@Kld725 Thank you for your input. Just downloaded the app.", "likes_count": 0, "replies_count": 0, "retweets_count": 0, "hashtags": []}
{"id": 1177002536110383104, "date": "2019-09-25", "time": "19:30:46", "tweet": "@RoryStewartUK @MichaelLovegro1 That's because Parliament is full of people who are trying to ignore the Referendum and our courts are now staffed by mostly PC leftists because, over the years, their system of internal appointments with minor input from laity. Our Constitution has been distorted by Bercow.", "likes_count": 0, "replies_count": 0, "retweets_count": 0, "hashtags": []}
{"id": 1177002408238600194, "date": "2019-09-25", "time": "19:30:16", "tweet": "Tim Nguyen  - Replace XUL textboxes with HTML input in browser/base/content/popup-notifications.inc. r=bgrins -  https://t.co/8uDacHQ8Sl...  https://t.co/UK70Mtk2Wd", "likes_count": 0, "replies_count": 0, "retweets_count": 0, "hashtags": []}
{"id": 1177002359651741696, "date": "2019-09-25", "time": "19:30:04", "tweet": "@Dorothy_Kaze @shipsnavigator ...and I'm dead.  🤣  I guess you can input saved pics?", "likes_count": 2, "replies_count": 1, "retweets_count": 0, "hashtags": []}
{"id": 1177002002242592768, "date": "2019-09-25", "time": "19:28:39", "tweet": "As always, thank you for your input, Mr. Howard", "likes_count": 0, "replies_count": 0, "retweets_count": 0, "hashtags": []}
{"id": 1177001981984071681, "date": "2019-09-25", "time": "19:28:34", "tweet": "@Trumpet1984 Trump will get impeached for everything thing correct input", "likes_count": 2, "replies_count": 1, "retweets_count": 0, "hashtags": []}
{"id": 1177001862823927808, "date": "2019-09-25", "time": "19:28:06", "tweet": "@mrblonde220 @ronology_ @BleacherReport @RapSheet Thanks for the input Gee yoo", "likes_count": 0, "replies_count": 0, "retweets_count": 0, "hashtags": []}
{"id": 1177001843756433409, "date": "2019-09-25", "time": "19:28:01", "tweet": "千ちゃんのinput旅の自撮り写真を しばらく壁紙にしていました。  今週も熊が出たぞーの爆弾写真も投下されて度肝を抜かれました。  ただ、あんな美しい顔で見つめられるのには耐えられず…😅  私程度の人間では、スイッチの時の 黒スーツ千ちゃんが性に合っていました💙  #千賀健永 #Sengaism", "likes_count": 4, "replies_count": 1, "retweets_count": 0, "hashtags": ["千賀健永", "sengaism"]}
{"id": 1177001795542863872, "date": "2019-09-25", "time": "19:27:50", "tweet": "@NotionHQ Dark mode keyboard is fixed, but the input accessory bar (with the “Done” button) is still light-themed. Also, when Notion is loading (with the splash screen), it’s white and jarring. Makes it not usable at night!", "likes_count": 2, "replies_count": 1, "retweets_count": 0, "hashtags": []}
{"id": 1177001666484346880, "date": "2019-09-25", "time": "19:27:19", "tweet": "@obijacqueline I don't know why input a question mark after that lol", "likes_count": 1, "replies_count": 1, "retweets_count": 0, "hashtags": []}
{"id": 1177001523685068802, "date": "2019-09-25", "time": "19:26:45", "tweet": "Multi Image text input Twitter.  https://t.co/l75Eep27bY", "likes_count": 0, "replies_count": 0, "retweets_count": 0, "hashtags": []}
{"id": 1177001503946694658, "date": "2019-09-25", "time": "19:26:40", "tweet": "@mcclure111 It still requires pressing a button, or double tapping, which is in the realm of hand coordination. I'm not into speech input either so it's just not that magical for me.", "likes_count": 0, "replies_count": 0, "retweets_count": 0, "hashtags": []}
{"id": 1177001492865310720, "date": "2019-09-25", "time": "19:26:38", "tweet": "@auniquemoniker @CrackingAAces @BarstoolNate @TomScibelli @RonnieBardah Yeah my bad for voicing an opinion...it’s not like podcasts ever take input from their listeners.", "likes_count": 0, "replies_count": 0, "retweets_count": 0, "hashtags": []}
{"id": 1177001455586201604, "date": "2019-09-25", "time": "19:26:29", "tweet": "@toby_net 各ニューロンが、どんな刺激を受けた時どんな反応を返すかは過去の経験で変化します。新しいinputに対しては敏感に反応し、慣れが生じてくるとoutputを返す閾値が上がり反応が鈍くなったり、inputの一部を受け取っただけで過去に返した全部の信号を返したりします(耐性や逆耐性)", "likes_count": 1, "replies_count": 1, "retweets_count": 0, "hashtags": []}
{"id": 1177001441908744192, "date": "2019-09-25", "time": "19:26:26", "tweet": "@SpookySSB @Dusty_CarpetSSB Switching to jump art when recovering is so fucking annoying. You have to hold down the dial a little bit longer than usual so it comes out with the input lag.", "likes_count": 1, "replies_count": 0, "retweets_count": 0, "hashtags": []}
{"id": 1177001288116113410, "date": "2019-09-25", "time": "19:25:49", "tweet": "What a great idea to have a call with 100k+ fellow Tennessees!We encourage you to stand up n block controversial #HR1044 #S386 tmw! We want input of American citizens like what you did last night. You will be appreciated by millions of fellow Americans! #NoS386 #NoHR1044  https://t.co/Tr1uwqAAfz", "likes_count": 6, "replies_count": 0, "retweets_count": 0, "hashtags": ["hr1044", "s386", "nos386", "nohr1044"]}
{"id": 1177001209716183040, "date": "2019-09-25", "time": "19:25:30", "tweet": "@Kianna_duh Its ppl i know that studies forex for yrs &amp; it came natural to them &amp; it worked out well for them that was almost 4 yrs ago but now they have scanner systems that can trade for you for a price. The path you take in currency trading depends on what outcome you want &amp; the ⏰ input", "likes_count": 0, "replies_count": 0, "retweets_count": 0, "hashtags": []}
{"id": 1177001207237423105, "date": "2019-09-25", "time": "19:25:30", "tweet": "@goos57 @HP_Community @heatherpeace Sounds like my kind of place.  I hate the heat.  Had a heat stroke in my early 30's, so I am afraid of it.  I am gonna enjoy it there.  Thank you for the input.", "likes_count": 0, "replies_count": 0, "retweets_count": 0, "hashtags": []}
{"id": 1177001169140539393, "date": "2019-09-25", "time": "19:25:21", "tweet": "@Moite_Squib @Julia_CaSsian Julia your input is always good. You give the viewers take and it's something I appreciate you give so freely for streamers like myself to see.  I think the term \"influencer\" is the worst word attached to describe steamers honest.  It sounds like someone meant to be a walking ad.", "likes_count": 1, "replies_count": 0, "retweets_count": 0, "hashtags": []}
{"id": 1177001159229411328, "date": "2019-09-25", "time": "19:25:18", "tweet": "@MarshaBlackburn What a great idea to have a call with 100k+ fellow Tennessees!We encourage you to stand up n block controversial #HR1044 #S386 tmw! We want input of American citizens like what you did last night. You will be appreciated by millions of fellow Americans! #NoS386 #NoHR1044  https://t.co/e87rcTPcDV", "likes_count": 1, "replies_count": 0, "retweets_count": 1, "hashtags": ["hr1044", "s386", "nos386", "nohr1044"]}
{"id": 1177001124563279872, "date": "2019-09-25", "time": "19:25:10", "tweet": "@RampCapitalLLC @StockBoardAsset @Hipster_Trader @onepeloton @elonmusk input?", "likes_count": 1, "replies_count": 0, "retweets_count": 0, "hashtags": []}
{"id": 1177000926814625793, "date": "2019-09-25", "time": "19:24:23", "tweet": "thanks for the input albert einstein of shitty memes  https://t.co/O9cYUWwwci", "likes_count": 1, "replies_count": 1, "retweets_count": 0, "hashtags": []}
{"id": 1177000899392069632, "date": "2019-09-25", "time": "19:24:16", "tweet": "Python基本構文の備忘録 ファイルから文字列を読み出し with open('input.txt', 'r', encoding='utf-8') as fp:  tmp_list = fp.readlines()  out_list = []  for line in tmp_list:   out_list.append(line)  return out_list #プログラミング #Python", "likes_count": 1, "replies_count": 0, "retweets_count": 0, "hashtags": ["プログラミング", "python"]}
{"id": 1177000796816400388, "date": "2019-09-25", "time": "19:23:52", "tweet": "@MVrydaghsWHIO We will always be grateful for your coverage along with Dontae Jones input and Cheryl McHenrys calming voice.", "likes_count": 2, "replies_count": 0, "retweets_count": 0, "hashtags": []}
{"id": 1177000741015363584, "date": "2019-09-25", "time": "19:23:38", "tweet": "AND THEN one dude is like you carry you weight well? Implying people my size tend to struggle? OH BOY I didn’t ask for your input on me or my weight sir!", "likes_count": 1, "replies_count": 0, "retweets_count": 0, "hashtags": []}
{"id": 1177000664116936705, "date": "2019-09-25", "time": "19:23:20", "tweet": "Disclaimer I love CritRole and especially Taliesin but not every purple Tiefling needs a comment that says \"Looks like Molly\" and to do so is incredibly rude unless the artist's input is \"my inspiration was Molly!\"", "likes_count": 2, "replies_count": 0, "retweets_count": 0, "hashtags": []}
