{"id": 1152729841768128513, "date": "2019-07-20", "time": "19:59:45", "tweet": "Thank you to everyone for their input! You convinced me...  https://t.co/80z0HnA2F8", "likes_count": 9, "replies_count": 3, "retweets_count": 0, "hashtags": []}
{"id": 1152729729264316416, "date": "2019-07-20", "time": "19:59:18", "tweet": "Even being given others input, the backlash is so minor. It makes me hopeful, but I get so anxious and thats just due to a forced worldview I'm breaking out of but its still strictly trying to be forced upon me", "likes_count": 0, "replies_count": 0, "retweets_count": 0, "hashtags": []}
{"id": 1152729614067949571, "date": "2019-07-20", "time": "19:58:51", "tweet": "Hoy estaba haciendo un ejercicio en Hacker Rank y me patearon el trasero con un input de 230.000 elementos.", "likes_count": 1, "replies_count": 0, "retweets_count": 0, "hashtags": []}
{"id": 1152729427127734274, "date": "2019-07-20", "time": "19:58:06", "tweet": "@fawlen wait could you play m&amp;k or was input blocked?", "likes_count": 0, "replies_count": 1, "retweets_count": 0, "hashtags": []}
{"id": 1152729420957794305, "date": "2019-07-20", "time": "19:58:05", "tweet": "@_atico_ Touch screen, USD-C powered, built in speakers, and has HDMI input =D", "likes_count": 0, "replies_count": 0, "retweets_count": 0, "hashtags": []}
{"id": 1152729378578526211, "date": "2019-07-20", "time": "19:57:55", "tweet": "Surround yourself with positive people and input good things into your mind.", "likes_count": 10, "replies_count": 0, "retweets_count": 3, "hashtags": []}
{"id": 1152729356206141442, "date": "2019-07-20", "time": "19:57:49", "tweet": "Ill never understand why people feel the need to give you their input on choices you are making for YOUR child.", "likes_count": 3, "replies_count": 1, "retweets_count": 0, "hashtags": []}
{"id": 1152729187922432001, "date": "2019-07-20", "time": "19:57:09", "tweet": "We have major awareness gap re #OHTs. Ppl don’t know how their care or communities will be impacted. Most ppl know nothing about what an OHT is. Let’s remember that although we’ve been immersed in OHT evolution most Ontarians are in the dark &amp; need to have input &amp; info #ONhealth", "likes_count": 28, "replies_count": 0, "retweets_count": 3, "hashtags": ["ohts", "onhealth"]}
{"id": 1152729114601775106, "date": "2019-07-20", "time": "19:56:52", "tweet": "@MalyndaHale @itsericathomas Even the people tweeting \"support\" know ths sht did NOT happen. 😂", "likes_count": 1, "replies_count": 0, "retweets_count": 0, "hashtags": []}
{"id": 1152729081084932096, "date": "2019-07-20", "time": "19:56:44", "tweet": "@nurulfauzi28_ @hellodoxy @jinniusgurl @tubbirfess pertama tetep input nilai rapor nilai sem 1-6 sma. tapi dia buat kedepannya syaratnya ip minima 3 kok. ada yang 2.75. cmiiw", "likes_count": 0, "replies_count": 1, "retweets_count": 0, "hashtags": []}
{"id": 1152728896070213635, "date": "2019-07-20", "time": "19:56:00", "tweet": "@DogOnTheRoof @robynkanner Well bless your heart and thank you for your input.", "likes_count": 0, "replies_count": 0, "retweets_count": 0, "hashtags": []}
{"id": 1152728894228901894, "date": "2019-07-20", "time": "19:55:59", "tweet": "@realDonaldTrump @SwedishPM @Jack_Miller12 please let me know what u think about this. I love your political input x", "likes_count": 0, "replies_count": 0, "retweets_count": 0, "hashtags": []}
{"id": 1152728662359150593, "date": "2019-07-20", "time": "19:55:04", "tweet": "@jeffsguardian @4248 When I look at self-proclaimed “godly people”, I see people whose “influence and input” is best completely ignored. Often, the best course of action is to do the opposite.", "likes_count": 1, "replies_count": 0, "retweets_count": 0, "hashtags": []}
{"id": 1152728562593673216, "date": "2019-07-20", "time": "19:54:40", "tweet": "Looking for Input on Zojirushi Rice Maker via /r/Cooking  https://t.co/C30xYMsacy", "likes_count": 0, "replies_count": 0, "retweets_count": 0, "hashtags": []}
{"id": 1152728390924939265, "date": "2019-07-20", "time": "19:53:59", "tweet": "@4248 Christianity is about worshiping God and being good.  You are just attempting to elevate yourself w/ your \"the influence and input of godly people\" BS.  Hopefully those around you see you for the fraud you are. #FakeChristian", "likes_count": 5, "replies_count": 0, "retweets_count": 0, "hashtags": ["fakechristian"]}
{"id": 1152728387858964480, "date": "2019-07-20", "time": "19:53:58", "tweet": "Last valid input: 2019-07-21 08:53:50.955301 Temperature: 30.00 C Humidity: 80.00 %", "likes_count": 0, "replies_count": 0, "retweets_count": 0, "hashtags": []}
{"id": 1152728333316059136, "date": "2019-07-20", "time": "19:53:45", "tweet": "「SKK Japanese Input」あったので試してみる。   https://t.co/EzHzGhn58I", "likes_count": 0, "replies_count": 1, "retweets_count": 0, "hashtags": []}
{"id": 1152728281742839809, "date": "2019-07-20", "time": "19:53:33", "tweet": "@nurulfauzi28_ @hellodoxy @jinniusgurl @tubbirfess iya soalnya bidikmisi buat yang bener2 butuh gitu. jadi nanti kamu input foto rumah, penghasilan orangtua, trus rumah kamu bakalan disurvey juga, layak ndak dapet bidikmisi. begituu", "likes_count": 1, "replies_count": 3, "retweets_count": 0, "hashtags": []}
{"id": 1152728273240985600, "date": "2019-07-20", "time": "19:53:31", "tweet": "@edcfess ini kamu nanya nya apa ? lebih spesifik nya gmn ? script nya atau input output ?", "likes_count": 0, "replies_count": 0, "retweets_count": 0, "hashtags": []}
{"id": 1152728211056472064, "date": "2019-07-20", "time": "19:53:16", "tweet": "I’ll likely make a questionnaire or form to send around and gather input anonymously so I can try and get a handle of this phenomena", "likes_count": 0, "replies_count": 0, "retweets_count": 0, "hashtags": []}
{"id": 1152729841768128513, "date": "2019-07-20", "time": "19:59:45", "tweet": "Thank you to everyone for their input! You convinced me...  https://t.co/80z0HnA2F8", "likes_count": 9, "replies_count": 3, "retweets_count": 0, "hashtags": []}
{"id": 1152729729264316416, "date": "2019-07-20", "time": "19:59:18", "tweet": "Even being given others input, the backlash is so minor. It makes me hopeful, but I get so anxious and thats just due to a forced worldview I'm breaking out of but its still strictly trying to be forced upon me", "likes_count": 0, "replies_count": 0, "retweets_count": 0, "hashtags": []}
{"id": 1152729614067949571, "date": "2019-07-20", "time": "19:58:51", "tweet": "Hoy estaba haciendo un ejercicio en Hacker Rank y me patearon el trasero con un input de 230.000 elementos.", "likes_count": 1, "replies_count": 0, "retweets_count": 0, "hashtags": []}
{"id": 1152729427127734274, "date": "2019-07-20", "time": "19:58:06", "tweet": "@fawlen wait could you play m&amp;k or was input blocked?", "likes_count": 0, "replies_count": 1, "retweets_count": 0, "hashtags": []}
{"id": 1152729420957794305, "date": "2019-07-20", "time": "19:58:05", "tweet": "@_atico_ Touch screen, USD-C powered, built in speakers, and has HDMI input =D", "likes_count": 0, "replies_count": 0, "retweets_count": 0, "hashtags": []}
{"id": 1152729378578526211, "date": "2019-07-20", "time": "19:57:55", "tweet": "Surround yourself with positive people and input good things into your mind.", "likes_count": 10, "replies_count": 0, "retweets_count": 3, "hashtags": []}
{"id": 1152729356206141442, "date": "2019-07-20", "time": "19:57:49", "tweet": "Ill never understand why people feel the need to give you their input on choices you are making for YOUR child.", "likes_count": 3, "replies_count": 1, "retweets_count": 0, "hashtags": []}
{"id": 1152729187922432001, "date": "2019-07-20", "time": "19:57:09", "tweet": "We have major awareness gap re #OHTs. Ppl don’t know how their care or communities will be impacted. Most ppl know nothing about what an OHT is. Let’s remember that although we’ve been immersed in OHT evolution most Ontarians are in the dark &amp; need to have input &amp; info #ONhealth", "likes_count": 28, "replies_count": 0, "retweets_count": 3, "hashtags": ["ohts", "onhealth"]}
{"id": 1152729114601775106, "date": "2019-07-20", "time": "19:56:52", "tweet": "@MalyndaHale @itsericathomas Even the people tweeting \"support\" know ths sht did NOT happen. 😂", "likes_count": 1, "replies_count": 0, "retweets_count": 0, "hashtags": []}
{"id": 1152729081084932096, "date": "2019-07-20", "time": "19:56:44", "tweet": "@nurulfauzi28_ @hellodoxy @jinniusgurl @tubbirfess pertama tetep input nilai rapor nilai sem 1-6 sma. tapi dia buat kedepannya syaratnya ip minima 3 kok. ada yang 2.75. cmiiw", "likes_count": 0, "replies_count": 1, "retweets_count": 0, "hashtags": []}
{"id": 1152728896070213635, "date": "2019-07-20", "time": "19:56:00", "tweet": "@DogOnTheRoof @robynkanner Well bless your heart and thank you for your input.", "likes_count": 0, "replies_count": 0, "retweets_count": 0, "hashtags": []}
{"id": 1152728894228901894, "date": "2019-07-20", "time": "19:55:59", "tweet": "@realDonaldTrump @SwedishPM @Jack_Miller12 please let me know what u think about this. I love your political input x", "likes_count": 0, "replies_count": 0, "retweets_count": 0, "hashtags": []}
{"id": 1152728662359150593, "date": "2019-07-20", "time": "19:55:04", "tweet": "@jeffsguardian @4248 When I look at self-proclaimed “godly people”, I see people whose “influence and input” is best completely ignored. Often, the best course of action is to do the opposite.", "likes_count": 1, "replies_count": 0, "retweets_count": 0, "hashtags": []}
{"id": 1152728562593673216, "date": "2019-07-20", "time": "19:54:40", "tweet": "Looking for Input on Zojirushi Rice Maker via /r/Cooking  https://t.co/C30xYMsacy", "likes_count": 0, "replies_count": 0, "retweets_count": 0, "hashtags": []}
{"id": 1152728390924939265, "date": "2019-07-20", "time": "19:53:59", "tweet": "@4248 Christianity is about worshiping God and being good.  You are just attempting to elevate yourself w/ your \"the influence and input of godly people\" BS.  Hopefully those around you see you for the fraud you are. #FakeChristian", "likes_count": 5, "replies_count": 0, "retweets_count": 0, "hashtags": ["fakechristian"]}
{"id": 1152728387858964480, "date": "2019-07-20", "time": "19:53:58", "tweet": "Last valid input: 2019-07-21 08:53:50.955301 Temperature: 30.00 C Humidity: 80.00 %", "likes_count": 0, "replies_count": 0, "retweets_count": 0, "hashtags": []}
{"id": 1152728333316059136, "date": "2019-07-20", "time": "19:53:45", "tweet": "「SKK Japanese Input」あったので試してみる。   https://t.co/EzHzGhn58I", "likes_count": 0, "replies_count": 1, "retweets_count": 0, "hashtags": []}
{"id": 1152728281742839809, "date": "2019-07-20", "time": "19:53:33", "tweet": "@nurulfauzi28_ @hellodoxy @jinniusgurl @tubbirfess iya soalnya bidikmisi buat yang bener2 butuh gitu. jadi nanti kamu input foto rumah, penghasilan orangtua, trus rumah kamu bakalan disurvey juga, layak ndak dapet bidikmisi. begituu", "likes_count": 1, "replies_count": 3, "retweets_count": 0, "hashtags": []}
{"id": 1152728273240985600, "date": "2019-07-20", "time": "19:53:31", "tweet": "@edcfess ini kamu nanya nya apa ? lebih spesifik nya gmn ? script nya atau input output ?", "likes_count": 0, "replies_count": 0, "retweets_count": 0, "hashtags": []}
{"id": 1152728211056472064, "date": "2019-07-20", "time": "19:53:16", "tweet": "I’ll likely make a questionnaire or form to send around and gather input anonymously so I can try and get a handle of this phenomena", "likes_count": 0, "replies_count": 0, "retweets_count": 0, "hashtags": []}
{"id": 1152728096249806848, "date": "2019-07-20", "time": "19:52:49", "tweet": "@lucierobson I hope you got some input from Sam Elliot on this?", "likes_count": 0, "replies_count": 0, "retweets_count": 0, "hashtags": []}
{"id": 1152728033993867266, "date": "2019-07-20", "time": "19:52:34", "tweet": "#Supervised #Learning is #ML/#AI task of learning a #function that #maps an #input to an #output - based on #example input-output pairs. It #infers a function from #labeled #training #data consisting of a set of training examples  https://t.co/1yS1qXyZuT  https://t.co/lxFknWmJlz", "likes_count": 0, "replies_count": 0, "retweets_count": 0, "hashtags": ["supervised", "learning", "ml", "ai", "function", "maps", "input", "output", "example", "infers", "labeled", "training", "data"]}
{"id": 1152727928553140224, "date": "2019-07-20", "time": "19:52:09", "tweet": "@4248 When I look at and listen to a Trump rally full of self-described “godly people”, I want to barf and am thankful that there are not more of them.  The influence and input of your so-called “godly people” is very ungodly!", "likes_count": 1, "replies_count": 0, "retweets_count": 0, "hashtags": []}
{"id": 1152727890947137537, "date": "2019-07-20", "time": "19:52:00", "tweet": "@olaoluwa_14 Zero input. Na to only insult.", "likes_count": 0, "replies_count": 1, "retweets_count": 0, "hashtags": []}
{"id": 1152727856914583553, "date": "2019-07-20", "time": "19:51:52", "tweet": "@TRBLLGHTFLMS No need to apologize your input is always welcome.", "likes_count": 2, "replies_count": 1, "retweets_count": 0, "hashtags": []}
{"id": 1152727818146480128, "date": "2019-07-20", "time": "19:51:43", "tweet": "yours97 invited you to use [CashPop]! You can get free Gold by using phone only. Download [CashPop] now. Input Friend's ID: [yours97] to get extra 10,000 Gold!!!  https://t.co/PDZlAagqFr", "likes_count": 0, "replies_count": 0, "retweets_count": 0, "hashtags": []}
{"id": 1152727776417464320, "date": "2019-07-20", "time": "19:51:33", "tweet": "@egrette @itsericathomas Lol hmmmm doesnt that throw any red flags in your brain? It should- because its not true. 😂", "likes_count": 3, "replies_count": 0, "retweets_count": 0, "hashtags": []}
{"id": 1152727627444211713, "date": "2019-07-20", "time": "19:50:57", "tweet": "1/ It’s often noted that your phone has more computing power than Apollo’s Command and Lunar Modules, but folks forget that something similar is true for their computers’ input &amp; display. Here’s a look inside the Lunar Module (LM). Seen Panel 4? #Apollo50th  https://t.co/YUykGqB7pS", "likes_count": 7, "replies_count": 1, "retweets_count": 3, "hashtags": ["apollo50th"]}
{"id": 1152727412179947520, "date": "2019-07-20", "time": "19:50:06", "tweet": "\"Another [refreshing #FoodGuide] change was Health Canada’s refusal to meet privately with food industry groups during the development process...previous guides included too much input from the food industry.\" #health #cdnpoli", "likes_count": 6, "replies_count": 0, "retweets_count": 0, "hashtags": ["foodguide", "health", "cdnpoli"]}
{"id": 1152727382970834944, "date": "2019-07-20", "time": "19:49:59", "tweet": "@BetaEtaDelota Focusrite makes great, relatively affordable interfaces-they have a single-input model that works well if you don't think you'll ever be using two mics simultaneously.  A lot of my steamer friends use Audio-Technica mics, though I don't recall exactly which model!", "likes_count": 0, "replies_count": 0, "retweets_count": 0, "hashtags": []}
{"id": 1152727278260051968, "date": "2019-07-20", "time": "19:49:34", "tweet": "@vivaaji I don’t know if have got the new twiter interface yet, but google input chrome extension is still working ok so far", "likes_count": 0, "replies_count": 1, "retweets_count": 0, "hashtags": []}
{"id": 1152727092922146816, "date": "2019-07-20", "time": "19:48:50", "tweet": "@evstok @JonahNRO Cocaine Mitch had some input into that.", "likes_count": 0, "replies_count": 0, "retweets_count": 0, "hashtags": []}
{"id": 1152727080427089920, "date": "2019-07-20", "time": "19:48:47", "tweet": "@BeatemupsWood I would get one purely so I can capture N64 footage through HDMI as my Elgato only has that input... for normal playing with friends I’m not fussed", "likes_count": 5, "replies_count": 1, "retweets_count": 0, "hashtags": []}
{"id": 1152727059166138368, "date": "2019-07-20", "time": "19:48:42", "tweet": "@thegypsycircus_ @consequence @TheAndrewBlog @veronicamars @hulu @pattonoswalt @RobThomas @HiRyanHansen No, it is a TV show. But we really appreciate you following Patton and giving your input.", "likes_count": 0, "replies_count": 0, "retweets_count": 0, "hashtags": []}
{"id": 1152726998994677760, "date": "2019-07-20", "time": "19:48:27", "tweet": "i drew a picture of my cat today and my friend tried to tell me my cat wasnt that fluffy... thanks for your input??", "likes_count": 5, "replies_count": 0, "retweets_count": 0, "hashtags": []}
{"id": 1152726976458678272, "date": "2019-07-20", "time": "19:48:22", "tweet": "@hyuckxfullsun i think i may try to get into the other units later but i really don’t hate the other units hhh,,, i will look more into the other units but for now i think i’ll start with wayv thank you for your input, i’m just gonna take my time with the units💞", "likes_count": 1, "replies_count": 1, "retweets_count": 0, "hashtags": []}
{"id": 1152726926890557441, "date": "2019-07-20", "time": "19:48:10", "tweet": "@4248 If your ilk are the example of “godly”, then I’m good without their input. I’m capable of thinking for myself and don’t need to read a storybook to remind myself not to be a flaming asshole to others.", "likes_count": 0, "replies_count": 0, "retweets_count": 0, "hashtags": []}
{"id": 1152726926504681473, "date": "2019-07-20", "time": "19:48:10", "tweet": "@iLuv_LadyRay It wasn't even the fault of the actual restaurants/food trucks. It was definitely an organizational error. After I made my post, an organizer commented (ignoring the 8 people who posted before me) saying they were going to use my input to improve the event for next time. 🤦🏽‍♀️", "likes_count": 0, "replies_count": 1, "retweets_count": 0, "hashtags": []}
{"id": 1152726817821736960, "date": "2019-07-20", "time": "19:47:44", "tweet": "@Deslack @aimi4s1 Okay. Thanks for your input.", "likes_count": 0, "replies_count": 0, "retweets_count": 0, "hashtags": []}
{"id": 1152726608991535105, "date": "2019-07-20", "time": "19:46:54", "tweet": "@BarbMcQuade @LeslieKofoed @MSNBC Nice Barb. Always nice to hear your input, however painful it may be at the time.", "likes_count": 0, "replies_count": 0, "retweets_count": 0, "hashtags": []}
