{"id": 1095110132663549955, "date": "2019-02-11", "time": "18:59:36", "tweet": "As a fairly experienced observer of #RVA politics, I feel pretty confident asserting that when folks give \"Not enough transparent community input and engagement!\" as a reason to oppose something, they usually mean something else entirely. #RVACouncil #ArthurAsheBoulevard", "likes_count": 17, "replies_count": 0, "retweets_count": 1, "hashtags": ["rva", "rvacouncil", "arthurasheboulevard"]}
{"id": 1095110014853922818, "date": "2019-02-11", "time": "18:59:08", "tweet": "Master planning meeting taking place right now. @CharlesSmialek sharing our vision and is looking for public input.  Great turnout!  https://t.co/O0kjegiJzL", "likes_count": 6, "replies_count": 0, "retweets_count": 0, "hashtags": []}
{"id": 1095110013763416064, "date": "2019-02-11", "time": "18:59:08", "tweet": "@LudoCallTheRox If she tolerates sedation well, might be worth asking your vet about that (getting a sterile urine sample via cystocentesis and then culturing it). Your vet could also try posting the case to VIN to ask for input, there are some great bunny vets on there! Good luck! 🥕🐰", "likes_count": 1, "replies_count": 0, "retweets_count": 0, "hashtags": []}
{"id": 1095109964601782272, "date": "2019-02-11", "time": "18:58:56", "tweet": "@benshapiro I’d say you should take up your ideas about where DNA came from and what was first protein or DNA with new research into RNA and the evolution of DNA. I haven’t read the book so maybe he touches on it and I’m just being an ass. Thanks for ur input and viewpoints.", "likes_count": 0, "replies_count": 1, "retweets_count": 0, "hashtags": []}
{"id": 1095109892300431360, "date": "2019-02-11", "time": "18:58:39", "tweet": "We have never had any input on the merch. I wouldn’t read into this ...unless that’s your thing.", "likes_count": 7, "replies_count": 4, "retweets_count": 2, "hashtags": []}
{"id": 1095109844263157762, "date": "2019-02-11", "time": "18:58:27", "tweet": "@TheAJayII @7riungs @kalebtweets_ Lol please just delete your account now because Input mean absolutely nothing", "likes_count": 0, "replies_count": 0, "retweets_count": 0, "hashtags": []}
{"id": 1095109756774162433, "date": "2019-02-11", "time": "18:58:06", "tweet": "@nellaworldpeace Ooo thank you for this input... I'm going to meditate on it.", "likes_count": 1, "replies_count": 0, "retweets_count": 0, "hashtags": []}
{"id": 1095109747194372098, "date": "2019-02-11", "time": "18:58:04", "tweet": "@Mimirocah1 @hardball I’ll be watching! So value your input @Mimirocah1 !", "likes_count": 1, "replies_count": 0, "retweets_count": 0, "hashtags": []}
{"id": 1095109707130269696, "date": "2019-02-11", "time": "18:57:54", "tweet": "@Jessicasquared9 @slol59 @GeroldMcPherso1 @Anythingpork @GubbaRum @Jay_Rombach @llfftt @TANK_lifts47 @molson_merlin @WorkingOutWithB @bacoon12 @StephenRamos101 @BentonLeodagr @MichaelSDoyle @ChristopherB070 @bdckool @Mr_GuyWise @mfarca @AlanSemsar @BryanTaafe @DemiCassiani @SteveHammActor @MardyKing1 Thank you, Jess. While I think you are foxy 😍 without any input from me or anyone, I appreciate the #MCM love, and hope you had a wonderful day. 💕", "likes_count": 3, "replies_count": 1, "retweets_count": 1, "hashtags": ["mcm"]}
{"id": 1095109696090984448, "date": "2019-02-11", "time": "18:57:52", "tweet": "why I'm a huge dork: will not stop being amused by programs acting as their own input  https://t.co/lXHr4KK1Mu", "likes_count": 8, "replies_count": 0, "retweets_count": 0, "hashtags": []}
{"id": 1095109686833991680, "date": "2019-02-11", "time": "18:57:50", "tweet": "Money Cube - An APP which will help you get MONEY for free. Input my invite code ❤HVTNM❤ after installation, and you will get 1000 Clicks. Download link:  https://t.co/qoVypKRyba  https://t.co/aGkTsOERZU", "likes_count": 0, "replies_count": 0, "retweets_count": 0, "hashtags": []}
{"id": 1095109614754979840, "date": "2019-02-11", "time": "18:57:32", "tweet": "3) javascript:\"/*'/*`/*--&gt;&lt;/noscript&gt;&lt;/title&gt;&lt;/textarea&gt;&lt;/style&gt;&lt;/template&gt;&lt;/noembed&gt;&lt;/script&gt;&lt;html \\\" onmouseover=/*&amp;lt;svg/*/onload=alert()//&gt;  4) &lt;input onfocus=\"alert(0);\" autofocus&gt;  Obfuscated payload. It bypasses lots of WAF.", "likes_count": 3, "replies_count": 1, "retweets_count": 3, "hashtags": []}
{"id": 1095109497989648384, "date": "2019-02-11", "time": "18:57:05", "tweet": "Help Health Canada to Regulate Software as Medical Devices (SaMD): Health Canada has written a guide for regulating software as medical devices (SaMD). They are now asking for input on their regulations by healthcare professionals,…  https://t.co/A5jSz7ygnj @medgadget @medtech  https://t.co/8HHGyp2wXq", "likes_count": 0, "replies_count": 0, "retweets_count": 0, "hashtags": []}
{"id": 1095109455795179531, "date": "2019-02-11", "time": "18:56:55", "tweet": "@SIFTDgames @michaelpachter Q: Can fan input ruin games? A: Tribes 2", "likes_count": 1, "replies_count": 0, "retweets_count": 0, "hashtags": []}
{"id": 1095109332327456768, "date": "2019-02-11", "time": "18:56:25", "tweet": "Alright #PowerShell fam, Tell me if it's possible await input from Read-Host/ReadKey() without blocking a loop to Write-Progress/echo/Write-Host? I have a \"workaround\" that involves me invoking Windows.Forms, but don't wanna GUI. I could also make a  console app, but don't wanna", "likes_count": 1, "replies_count": 2, "retweets_count": 2, "hashtags": ["powershell"]}
{"id": 1095109238530150400, "date": "2019-02-11", "time": "18:56:03", "tweet": "That’s a wrap on all class meetings! We’ll get back to you on which trip won shortly! Have to figure out some minor details before we announce 💙 thanks for all input and participation they went very well!", "likes_count": 3, "replies_count": 0, "retweets_count": 1, "hashtags": []}
{"id": 1095109008187285504, "date": "2019-02-11", "time": "18:55:08", "tweet": "racing, on avg across all forms, relies more on financial input from families or individuals than sponsors, including manufacturers. So the first stop in applying \"market relevance\" should be \"is it what the competitor base wants, &amp; is it attainable\"? Second, &amp; of almost", "likes_count": 1, "replies_count": 1, "retweets_count": 0, "hashtags": []}
{"id": 1095108963186737152, "date": "2019-02-11", "time": "18:54:57", "tweet": "Me: What’s the best place to hear input on Smash from pros?  Smash players: check out twitter!  Me: Cool! Where can I find my local competitive scene?  Smash twitter: check out their Facebook group  Me:  https://t.co/X5UxVa2Cl3", "likes_count": 1, "replies_count": 0, "retweets_count": 0, "hashtags": []}
{"id": 1095108953263034368, "date": "2019-02-11", "time": "18:54:55", "tweet": "@BetsyBG @tribelaw Not pedantic at all. I very much appreciate what you brought to the discussion. In fact, your input made it a discussion instead of just venting outrage.", "likes_count": 1, "replies_count": 1, "retweets_count": 0, "hashtags": []}
{"id": 1095108922296299520, "date": "2019-02-11", "time": "18:54:47", "tweet": "The world spins without our input", "likes_count": 2, "replies_count": 1, "retweets_count": 0, "hashtags": []}
{"id": 1095110132663549955, "date": "2019-02-11", "time": "18:59:36", "tweet": "As a fairly experienced observer of #RVA politics, I feel pretty confident asserting that when folks give \"Not enough transparent community input and engagement!\" as a reason to oppose something, they usually mean something else entirely. #RVACouncil #ArthurAsheBoulevard", "likes_count": 17, "replies_count": 0, "retweets_count": 1, "hashtags": ["rva", "rvacouncil", "arthurasheboulevard"]}
{"id": 1095110014853922818, "date": "2019-02-11", "time": "18:59:08", "tweet": "Master planning meeting taking place right now. @CharlesSmialek sharing our vision and is looking for public input.  Great turnout!  https://t.co/O0kjegiJzL", "likes_count": 6, "replies_count": 0, "retweets_count": 0, "hashtags": []}
{"id": 1095110013763416064, "date": "2019-02-11", "time": "18:59:08", "tweet": "@LudoCallTheRox If she tolerates sedation well, might be worth asking your vet about that (getting a sterile urine sample via cystocentesis and then culturing it). Your vet could also try posting the case to VIN to ask for input, there are some great bunny vets on there! Good luck! 🥕🐰", "likes_count": 1, "replies_count": 0, "retweets_count": 0, "hashtags": []}
{"id": 1095109964601782272, "date": "2019-02-11", "time": "18:58:56", "tweet": "@benshapiro I’d say you should take up your ideas about where DNA came from and what was first protein or DNA with new research into RNA and the evolution of DNA. I haven’t read the book so maybe he touches on it and I’m just being an ass. Thanks for ur input and viewpoints.", "likes_count": 0, "replies_count": 1, "retweets_count": 0, "hashtags": []}
{"id": 1095109892300431360, "date": "2019-02-11", "time": "18:58:39", "tweet": "We have never had any input on the merch. I wouldn’t read into this ...unless that’s your thing.", "likes_count": 7, "replies_count": 4, "retweets_count": 2, "hashtags": []}
{"id": 1095109844263157762, "date": "2019-02-11", "time": "18:58:27", "tweet": "@TheAJayII @7riungs @kalebtweets_ Lol please just delete your account now because Input mean absolutely nothing", "likes_count": 0, "replies_count": 0, "retweets_count": 0, "hashtags": []}
{"id": 1095109756774162433, "date": "2019-02-11", "time": "18:58:06", "tweet": "@nellaworldpeace Ooo thank you for this input... I'm going to meditate on it.", "likes_count": 1, "replies_count": 0, "retweets_count": 0, "hashtags": []}
{"id": 1095109747194372098, "date": "2019-02-11", "time": "18:58:04", "tweet": "@Mimirocah1 @hardball I’ll be watching! So value your input @Mimirocah1 !", "likes_count": 1, "replies_count": 0, "retweets_count": 0, "hashtags": []}
{"id": 1095109707130269696, "date": "2019-02-11", "time": "18:57:54", "tweet": "@Jessicasquared9 @slol59 @GeroldMcPherso1 @Anythingpork @GubbaRum @Jay_Rombach @llfftt @TANK_lifts47 @molson_merlin @WorkingOutWithB @bacoon12 @StephenRamos101 @BentonLeodagr @MichaelSDoyle @ChristopherB070 @bdckool @Mr_GuyWise @mfarca @AlanSemsar @BryanTaafe @DemiCassiani @SteveHammActor @MardyKing1 Thank you, Jess. While I think you are foxy 😍 without any input from me or anyone, I appreciate the #MCM love, and hope you had a wonderful day. 💕", "likes_count": 3, "replies_count": 1, "retweets_count": 1, "hashtags": ["mcm"]}
{"id": 1095109696090984448, "date": "2019-02-11", "time": "18:57:52", "tweet": "why I'm a huge dork: will not stop being amused by programs acting as their own input  https://t.co/lXHr4KK1Mu", "likes_count": 8, "replies_count": 0, "retweets_count": 0, "hashtags": []}
{"id": 1095109686833991680, "date": "2019-02-11", "time": "18:57:50", "tweet": "Money Cube - An APP which will help you get MONEY for free. Input my invite code ❤HVTNM❤ after installation, and you will get 1000 Clicks. Download link:  https://t.co/qoVypKRyba  https://t.co/aGkTsOERZU", "likes_count": 0, "replies_count": 0, "retweets_count": 0, "hashtags": []}
{"id": 1095109614754979840, "date": "2019-02-11", "time": "18:57:32", "tweet": "3) javascript:\"/*'/*`/*--&gt;&lt;/noscript&gt;&lt;/title&gt;&lt;/textarea&gt;&lt;/style&gt;&lt;/template&gt;&lt;/noembed&gt;&lt;/script&gt;&lt;html \\\" onmouseover=/*&amp;lt;svg/*/onload=alert()//&gt;  4) &lt;input onfocus=\"alert(0);\" autofocus&gt;  Obfuscated payload. It bypasses lots of WAF.", "likes_count": 3, "replies_count": 1, "retweets_count": 3, "hashtags": []}
{"id": 1095109497989648384, "date": "2019-02-11", "time": "18:57:05", "tweet": "Help Health Canada to Regulate Software as Medical Devices (SaMD): Health Canada has written a guide for regulating software as medical devices (SaMD). They are now asking for input on their regulations by healthcare professionals,…  https://t.co/A5jSz7ygnj @medgadget @medtech  https://t.co/8HHGyp2wXq", "likes_count": 0, "replies_count": 0, "retweets_count": 0, "hashtags": []}
{"id": 1095109455795179531, "date": "2019-02-11", "time": "18:56:55", "tweet": "@SIFTDgames @michaelpachter Q: Can fan input ruin games? A: Tribes 2", "likes_count": 1, "replies_count": 0, "retweets_count": 0, "hashtags": []}
{"id": 1095109332327456768, "date": "2019-02-11", "time": "18:56:25", "tweet": "Alright #PowerShell fam, Tell me if it's possible await input from Read-Host/ReadKey() without blocking a loop to Write-Progress/echo/Write-Host? I have a \"workaround\" that involves me invoking Windows.Forms, but don't wanna GUI. I could also make a  console app, but don't wanna", "likes_count": 1, "replies_count": 2, "retweets_count": 2, "hashtags": ["powershell"]}
{"id": 1095109238530150400, "date": "2019-02-11", "time": "18:56:03", "tweet": "That’s a wrap on all class meetings! We’ll get back to you on which trip won shortly! Have to figure out some minor details before we announce 💙 thanks for all input and participation they went very well!", "likes_count": 3, "replies_count": 0, "retweets_count": 1, "hashtags": []}
{"id": 1095109008187285504, "date": "2019-02-11", "time": "18:55:08", "tweet": "racing, on avg across all forms, relies more on financial input from families or individuals than sponsors, including manufacturers. So the first stop in applying \"market relevance\" should be \"is it what the competitor base wants, &amp; is it attainable\"? Second, &amp; of almost", "likes_count": 1, "replies_count": 1, "retweets_count": 0, "hashtags": []}
{"id": 1095108963186737152, "date": "2019-02-11", "time": "18:54:57", "tweet": "Me: What’s the best place to hear input on Smash from pros?  Smash players: check out twitter!  Me: Cool! Where can I find my local competitive scene?  Smash twitter: check out their Facebook group  Me:  https://t.co/X5UxVa2Cl3", "likes_count": 1, "replies_count": 0, "retweets_count": 0, "hashtags": []}
{"id": 1095108953263034368, "date": "2019-02-11", "time": "18:54:55", "tweet": "@BetsyBG @tribelaw Not pedantic at all. I very much appreciate what you brought to the discussion. In fact, your input made it a discussion instead of just venting outrage.", "likes_count": 1, "replies_count": 1, "retweets_count": 0, "hashtags": []}
{"id": 1095108922296299520, "date": "2019-02-11", "time": "18:54:47", "tweet": "The world spins without our input", "likes_count": 2, "replies_count": 1, "retweets_count": 0, "hashtags": []}
{"id": 1095108757305114629, "date": "2019-02-11", "time": "18:54:08", "tweet": "We have been informed that several event aggregate sites have been posting false information about our admission policies for certain events, leaving people confused and ticketless at the door. We have no input in these sites as they are not affiliated with the library.", "likes_count": 0, "replies_count": 1, "retweets_count": 0, "hashtags": []}
{"id": 1095108743333842944, "date": "2019-02-11", "time": "18:54:05", "tweet": "@AlaskaSeadog Oh, I can't do that. I have to try them on. Maybe 40 yrs ago I could do that but not now. Thanks for all your input though. I found a boot today.", "likes_count": 0, "replies_count": 2, "retweets_count": 0, "hashtags": []}
{"id": 1095108718092537858, "date": "2019-02-11", "time": "18:53:59", "tweet": "Do you need more CI for your lesson on Possessive Adjectives? What’s better comprehensible input than conversation with a native speaker? Videos of native speakers with Spanish subtitles AND overlaid visuals and animation to aid in comprehension. In this…  https://t.co/A9F4BtrVXd  https://t.co/qrAe24Is1d", "likes_count": 0, "replies_count": 0, "retweets_count": 0, "hashtags": []}
{"id": 1095108675205775361, "date": "2019-02-11", "time": "18:53:48", "tweet": "The Boulevard Coalition is in opposition to renaming Boulevard to “Arthur Ashe Boulevard.” They want more input from other areas of Richmond, including: Jackson Ward, Oregon Hill and Southside. #RVACouncil", "likes_count": 0, "replies_count": 1, "retweets_count": 0, "hashtags": ["rvacouncil"]}
{"id": 1095108645149335552, "date": "2019-02-11", "time": "18:53:41", "tweet": "I'm playing games on KK Cash and it's so much fun! You can earn money as well playing game. Download it, input the refer code 5GZQ3T5 get free 5USD. #KKCash  https://t.co/FYSK0S4hHk", "likes_count": 0, "replies_count": 0, "retweets_count": 0, "hashtags": ["kkcash"]}
{"id": 1095108503855816705, "date": "2019-02-11", "time": "18:53:08", "tweet": "Thanks @RenzaS and @grumpy_pumper for your input and driving the #SpareARose campaign!", "likes_count": 3, "replies_count": 1, "retweets_count": 0, "hashtags": ["sparearose"]}
{"id": 1095108317817393152, "date": "2019-02-11", "time": "18:52:23", "tweet": "Pachter Factor 134 with @michaelpachter is free on YouTube! Will Sony dominate again with PlayStation 5? Does Nintendo’s handheld bent secure its future? Can fan input ruin games? All this and much more!  https://t.co/KtEJ5MYxyx  https://t.co/BAyN7m6mMC", "likes_count": 4, "replies_count": 1, "retweets_count": 4, "hashtags": []}
{"id": 1095108129170149376, "date": "2019-02-11", "time": "18:51:38", "tweet": "@dkswozl Same reason they removed the aux input /headphone plug on the phones 😂😂 cause they know we’d need it", "likes_count": 0, "replies_count": 0, "retweets_count": 0, "hashtags": []}
{"id": 1095108090637271040, "date": "2019-02-11", "time": "18:51:29", "tweet": "there’s an important lesson to learn as an adult in the Internet era regarding takes on identity-related discourse:  unless you are 1. very well educated on the specific topic or 2. are a member of the group in question, your input is not required, and is in fact often unhelpful", "likes_count": 10, "replies_count": 1, "retweets_count": 2, "hashtags": []}
{"id": 1095108013155864577, "date": "2019-02-11", "time": "18:51:11", "tweet": "@ChelseaClinton @elivalley @IlhanMN Have you considered minding your own business? No one asked for your input.", "likes_count": 3, "replies_count": 0, "retweets_count": 0, "hashtags": []}
{"id": 1095107766425915392, "date": "2019-02-11", "time": "18:50:12", "tweet": "@ShukenFlash That's super helpful! Thanks so much for the input, I really appreciate it &lt;3", "likes_count": 0, "replies_count": 0, "retweets_count": 0, "hashtags": []}
{"id": 1095107699778322432, "date": "2019-02-11", "time": "18:49:56", "tweet": ".@MichiganEGLE holding a public hearing tonight @kvcc taking questions and public input on solutions to the flooding on Crooked and Eagle Lakes.  @Brady_Gillum wraps it up on @WOODTV tonight at 10/11  https://t.co/O20AZlTLYz", "likes_count": 0, "replies_count": 1, "retweets_count": 0, "hashtags": []}
{"id": 1095107699770097670, "date": "2019-02-11", "time": "18:49:56", "tweet": "@parscale Yes, go straight to the people and get their input to share to the MSM. They can't deny the voice of the people there on the ground.", "likes_count": 0, "replies_count": 0, "retweets_count": 0, "hashtags": []}
{"id": 1095107642421334016, "date": "2019-02-11", "time": "18:49:42", "tweet": "@SapphicMica okay well if you can’t you can always call me i have some bra decisions to make and i would love your input", "likes_count": 1, "replies_count": 1, "retweets_count": 0, "hashtags": []}
{"id": 1095107477530701825, "date": "2019-02-11", "time": "18:49:03", "tweet": "We need your input to help make the final phase of the Mission Blvd. Project a success. Join us to discuss improvements to Mission Blvd from A Street to the north city limit at Rose St. Wednesday, Feb. 20 at 7:00 p.m. Details:  https://t.co/6Y3WYROZZ3  https://t.co/UtTYqDtBl6", "likes_count": 0, "replies_count": 0, "retweets_count": 0, "hashtags": []}
{"id": 1095107087653392384, "date": "2019-02-11", "time": "18:47:30", "tweet": "Oh baby I forgot about this input lag...", "likes_count": 0, "replies_count": 0, "retweets_count": 0, "hashtags": []}
{"id": 1095107073778507776, "date": "2019-02-11", "time": "18:47:27", "tweet": "@bgardner @cjkoepke Great points, thanks for the input!", "likes_count": 0, "replies_count": 0, "retweets_count": 0, "hashtags": []}
{"id": 1095107058368696321, "date": "2019-02-11", "time": "18:47:23", "tweet": "🧜🏻‍♀️#RVACouncil I zoned out on the list of public input options until Gray said that she reached out to United Daughters of the Confederacy several times on the proposal.  https://t.co/V5k76AO0Q3", "likes_count": 7, "replies_count": 1, "retweets_count": 0, "hashtags": ["rvacouncil"]}
{"id": 1095106627751993345, "date": "2019-02-11", "time": "18:45:40", "tweet": "Tax increase of $68 for the year proposed in the 2019 budget @WestKelownaCity. Council is hosting an open house Feb. 20 to get your input. Join us 4 to 7 p.m. at Westbank Lions Community Centre.  https://t.co/5VTXTqDaq6  https://t.co/doqGGW9Ozj", "likes_count": 0, "replies_count": 0, "retweets_count": 1, "hashtags": []}
{"id": 1095106506687737862, "date": "2019-02-11", "time": "18:45:11", "tweet": "@JATCE_ you could input into clips or use session view", "likes_count": 0, "replies_count": 1, "retweets_count": 0, "hashtags": []}
