{"id": 1194404470072856577, "date": "2019-11-12", "time": "18:59:51", "tweet": "@anarkyah Thank you for your input", "likes_count": 0, "replies_count": 1, "retweets_count": 0, "hashtags": []}
{"id": 1194404232180445184, "date": "2019-11-12", "time": "18:58:54", "tweet": "Well I HAVE KNOWLEDGE so I know that entire statement is pure shit!  Considering due diligence and input from   $FUNN  https://t.co/dmCG1aYMbf", "likes_count": 0, "replies_count": 0, "retweets_count": 0, "hashtags": []}
{"id": 1194404089704042496, "date": "2019-11-12", "time": "18:58:20", "tweet": "Right now on @cofieldandco, we check in with @calebherring_ and get his input on #UNLVFB plus their upcoming game with Hawaii on Saturday!  https://t.co/QYizxRigoS", "likes_count": 2, "replies_count": 1, "retweets_count": 1, "hashtags": ["unlvfb"]}
{"id": 1194404002068357120, "date": "2019-11-12", "time": "18:57:59", "tweet": "@MarkAGriffin @emilyrichett @ChadLivengood @GovWhitmer True. And they are not hers.  Yet they gave her a \"take it or leave it\" budget and gave her no input, so she worked around them to remind them it's a two-party government now.  So, until Shirkey comes back from his hunting vacation &amp; gets serious, here we sit.", "likes_count": 0, "replies_count": 0, "retweets_count": 0, "hashtags": []}
{"id": 1194404001699098624, "date": "2019-11-12", "time": "18:57:59", "tweet": "Mormon and Mormon-ish pals: I could use some input. I’ve lived in this ward about 6 months. I don’t actually remember if I said yes or no to ministering assignments when I first met the RS presidency, but I just got some.", "likes_count": 5, "replies_count": 2, "retweets_count": 0, "hashtags": []}
{"id": 1194403899651829765, "date": "2019-11-12", "time": "18:57:35", "tweet": "Multi Image text input Twitter.  https://t.co/V8zkGiBgP3", "likes_count": 0, "replies_count": 0, "retweets_count": 0, "hashtags": []}
{"id": 1194403897839734784, "date": "2019-11-12", "time": "18:57:34", "tweet": "Emails that begin with \"Our system shows\" are my favorite.  A human at the bottom of a gigantic mechanical and technological Apparatus has been informed of information, and now needs to input different information back into the Apparatus for further processing.", "likes_count": 0, "replies_count": 1, "retweets_count": 0, "hashtags": []}
{"id": 1194403872388849664, "date": "2019-11-12", "time": "18:57:28", "tweet": "Multi Image text input Twitter.  https://t.co/6BOcwNklRt", "likes_count": 0, "replies_count": 0, "retweets_count": 0, "hashtags": []}
{"id": 1194403770089779200, "date": "2019-11-12", "time": "18:57:04", "tweet": "#linux #kernel  Re: [PATCH v1 1/3] Input: ili210x - do not retrieve/print chip firmware…  https://t.co/zetIqtEmcf", "likes_count": 0, "replies_count": 0, "retweets_count": 0, "hashtags": ["linux", "kernel"]}
{"id": 1194403769016094726, "date": "2019-11-12", "time": "18:57:04", "tweet": "#linux #kernel  Re: [PATCH v2 1/2] Input: ili210x - add resolution to chip operations…  https://t.co/wqw8KKgGoz", "likes_count": 0, "replies_count": 0, "retweets_count": 0, "hashtags": ["linux", "kernel"]}
{"id": 1194403767011225600, "date": "2019-11-12", "time": "18:57:03", "tweet": "#linux #kernel  Re: [PATCH v2 2/2] Input: ili210x - optionally show calibrate sysfs…  https://t.co/ZwyrMF7VEm", "likes_count": 0, "replies_count": 0, "retweets_count": 0, "hashtags": ["linux", "kernel"]}
{"id": 1194403760904101888, "date": "2019-11-12", "time": "18:57:02", "tweet": "Defendants in opioid case say politico's input not needed  https://t.co/lKuaxWK38H  https://t.co/mYsTbHdYd9", "likes_count": 0, "replies_count": 0, "retweets_count": 0, "hashtags": []}
{"id": 1194403750645030912, "date": "2019-11-12", "time": "18:56:59", "tweet": "@RepMarkMeadows @realDonaldTrump Ok, Mark.  Let’s let this play out in the hearings.  Thanks for your unsolicited input, though.", "likes_count": 0, "replies_count": 0, "retweets_count": 0, "hashtags": []}
{"id": 1194403636555767809, "date": "2019-11-12", "time": "18:56:32", "tweet": "Multi Image text input Twitter.  https://t.co/BirkuNfAQ3", "likes_count": 0, "replies_count": 0, "retweets_count": 0, "hashtags": []}
{"id": 1194403580779749377, "date": "2019-11-12", "time": "18:56:19", "tweet": "Slides for my talk at UCSD's Center for Research in Language, \"The learnability of syntactic generalizations from linguistic input: insights from deep learning\", can be found at  https://t.co/5sNy380gFv", "likes_count": 43, "replies_count": 0, "retweets_count": 12, "hashtags": []}
{"id": 1194403553814564867, "date": "2019-11-12", "time": "18:56:12", "tweet": "@Andy_Budiman_ @willsarana 2 kadis mengundurkan diri terkait APBD bodong Jkt. Pertanda memang ada kesalahan (sengaja/tdk sengaja) dlm input data RAPBD.  #KawalUangRakyat", "likes_count": 0, "replies_count": 0, "retweets_count": 0, "hashtags": ["kawaluangrakyat"]}
{"id": 1194403539662983168, "date": "2019-11-12", "time": "18:56:09", "tweet": "yes we need more #Greens input and less National Party diatribe venom from #Barnaby in #auspol2019", "likes_count": 1, "replies_count": 0, "retweets_count": 0, "hashtags": ["greens", "barnaby", "auspol2019"]}
{"id": 1194403026762682368, "date": "2019-11-12", "time": "18:54:07", "tweet": "@perfectopat Lmao no no thank you still! I appreciate all your input 😂😂💛", "likes_count": 0, "replies_count": 0, "retweets_count": 0, "hashtags": []}
{"id": 1194402896642740225, "date": "2019-11-12", "time": "18:53:36", "tweet": "@dramata1 Any idea on how much input SNK has on All Stars? The story is changed to the \"They're Orochi operatives that care more about Orochi than the tournament\" version in that.", "likes_count": 0, "replies_count": 1, "retweets_count": 0, "hashtags": []}
{"id": 1194402881555894273, "date": "2019-11-12", "time": "18:53:32", "tweet": "\"Defendants in Opioid Case Say Politico's Input Not Needed\" by The Associated Press via NYT  https://t.co/1RDlrYE6GK", "likes_count": 0, "replies_count": 0, "retweets_count": 0, "hashtags": []}
{"id": 1194402779416158216, "date": "2019-11-12", "time": "18:53:08", "tweet": "@MLBRandomStats I love everyone that come in here like “they’re still cheating” and implying that he’s saying their not. He doesn’t give input, he just gives the facts. We can make ideas from them.", "likes_count": 0, "replies_count": 0, "retweets_count": 0, "hashtags": []}
{"id": 1194402772420091910, "date": "2019-11-12", "time": "18:53:06", "tweet": "@LosBjornOs @Arkthus @themandalorian Wow thanks for your input except it ain’t useful to what the man said as he clearly doesn’t live in NL.", "likes_count": 0, "replies_count": 0, "retweets_count": 0, "hashtags": []}
{"id": 1194402652911570944, "date": "2019-11-12", "time": "18:52:38", "tweet": "@obtaincapital @ChrstianRicardo @techsaleslatino Thanks for sharing your insightful input for everyone! Appreciate it!!", "likes_count": 0, "replies_count": 1, "retweets_count": 0, "hashtags": []}
{"id": 1194402595638521859, "date": "2019-11-12", "time": "18:52:24", "tweet": "@KoreaStampSoc @deb07 @ExploringStamps @APS_stamps @GaryLoew @ArtStamped The current ratio is not important. What’s important is moving forward as champions of all collectors and celebrating their love of the hobby. Something we are working on everyday at @APS_stamps and welcome input on how it's done.  https://t.co/f1Nczdm1Yk", "likes_count": 8, "replies_count": 2, "retweets_count": 3, "hashtags": []}
{"id": 1194402463643815939, "date": "2019-11-12", "time": "18:51:52", "tweet": "@kyledcheney Under what theory could he now state he doesn't need to comply with a lawfully executes subpoena? Any challenge that's unique from Bolton's would still need judicial input because there's nothing that currently allows him to not respond as a matter of settled law.", "likes_count": 0, "replies_count": 0, "retweets_count": 0, "hashtags": []}
{"id": 1194402410950737920, "date": "2019-11-12", "time": "18:51:40", "tweet": "\"Defendants in Opioid Case Say Politico's Input Not Needed\" by The Associated Press via NYT  https://t.co/hsjDdw8sNL", "likes_count": 0, "replies_count": 0, "retweets_count": 0, "hashtags": []}
{"id": 1194402371415216129, "date": "2019-11-12", "time": "18:51:30", "tweet": "@killemannen We value your feedback and would appreciate the opportunity to learn more about your Geofencing experience. You can tell us more about your Geofencing setup by completing this survey:  https://t.co/Js7pXXAdhR. Your input will help us troubleshoot and improve your experience. ^RM", "likes_count": 1, "replies_count": 1, "retweets_count": 0, "hashtags": []}
{"id": 1194402299256418305, "date": "2019-11-12", "time": "18:51:13", "tweet": "@Muzzy_is_it @LewisCumming Thanks for your Input Percy   4 home league games only can be shown per stadium per season!  https://t.co/BZnbOXf6oT", "likes_count": 1, "replies_count": 2, "retweets_count": 0, "hashtags": []}
{"id": 1194402283204816896, "date": "2019-11-12", "time": "18:51:09", "tweet": "Voice Input’s Effect on Social Norms #UX #vui #voicedesign via  https://t.co/KDUhFaFE1M  https://t.co/Iw90FzyFXn", "likes_count": 0, "replies_count": 0, "retweets_count": 0, "hashtags": ["ux", "vui", "voicedesign"]}
{"id": 1194402267694170112, "date": "2019-11-12", "time": "18:51:06", "tweet": "@scleroplex I’d like to see that. They are now defendants in a major federal case.  We need your input", "likes_count": 3, "replies_count": 1, "retweets_count": 0, "hashtags": []}
{"id": 1194401916958257152, "date": "2019-11-12", "time": "18:49:42", "tweet": "@JHMarble @johnrobison @kat_blaque @edgar_a_bitch @cherryrae @AspieGirl83 maybe y’all have some input about: what is #accessibility generally or specifically. Examples? All voices are welcome!", "likes_count": 1, "replies_count": 1, "retweets_count": 0, "hashtags": ["accessibility"]}
{"id": 1194401798070636544, "date": "2019-11-12", "time": "18:49:14", "tweet": "@DustinShadbolt @woot My Echo Input arrived already &amp; is now installed in my office at work", "likes_count": 2, "replies_count": 0, "retweets_count": 0, "hashtags": []}
{"id": 1194401704537554944, "date": "2019-11-12", "time": "18:48:51", "tweet": "@Bill_Cimbrelo If it has an HDMI input go get a roku stick with wifi connection. Or a chromecast dongle.  Practice casting to your tv. Doing same thing at Mom's should be easy.  The Roku will get DemocracyNow!'s daily program (1 hr). It will also log into YouTube.  I save stuff to watch_later", "likes_count": 0, "replies_count": 0, "retweets_count": 1, "hashtags": []}
{"id": 1194401651831894016, "date": "2019-11-12", "time": "18:48:39", "tweet": "new office has a “smart elevator” where you punch in the number of the floor on a digital side pad outside and it’s taking all my self control to not input 69 in front of my new boss", "likes_count": 2, "replies_count": 1, "retweets_count": 0, "hashtags": []}
{"id": 1194401649860599808, "date": "2019-11-12", "time": "18:48:38", "tweet": "@BKNgoid Min.. nanya dong.  Kasusnya kayak gini; Tempat lahir di KTP dan di Ijazah itu beda. Tapi, pas input tempat lahir yang sesuai dengan Ijazah itu ga ada disistem. Karena tempat lahirku yang di Ijazah itu nama kecamatan, bukan nama kab/kota.  Tolong min, solusinya apa? Terima kasih.", "likes_count": 0, "replies_count": 1, "retweets_count": 0, "hashtags": []}
{"id": 1194401627458818049, "date": "2019-11-12", "time": "18:48:33", "tweet": "Journey into the mobile web user experience! 📲  Learn how to build engaging experiences for your users that span surfaces and input modalities in @dgogate #ChromeDevSummit session.   Watch it live →  https://t.co/amrYJHfmjX  https://t.co/Im4bdzBnq2", "likes_count": 22, "replies_count": 0, "retweets_count": 6, "hashtags": ["chromedevsummit"]}
{"id": 1194401586283343872, "date": "2019-11-12", "time": "18:48:23", "tweet": "Who’d have thought that sonic would be our third most viewed video! 64k in under 12 hours...geez. Thanks for the positive words and input peeps!", "likes_count": 7, "replies_count": 0, "retweets_count": 0, "hashtags": []}
{"id": 1194401311321739264, "date": "2019-11-12", "time": "18:47:18", "tweet": "In the terminal, I can input the number of minutes after the hour for @blinkstickrgb Square to blink until I press CTRL-c.   Of course, I had to lose my mind for an hour cuz I was using a broken micro usb cable &amp; nothing worked. tsk.   #WomenWhoCode  #womenintech  #WomenInSTEM  https://t.co/DriTyDRNAR", "likes_count": 0, "replies_count": 0, "retweets_count": 1, "hashtags": ["womenwhocode", "womenintech", "womeninstem"]}
{"id": 1194401281843978240, "date": "2019-11-12", "time": "18:47:11", "tweet": "Untuk Input  https://t.co/RNzh0KoMkk  https://t.co/Egf3fTSyQH", "likes_count": 0, "replies_count": 0, "retweets_count": 0, "hashtags": []}
{"id": 1194401202215280640, "date": "2019-11-12", "time": "18:46:52", "tweet": "So if you’re interested in learning more about the sportsplex, the Oct. 23 committee of the whole meeting is the one to attend. (Also, there is a public input session at the end of committee of the whole meetings so people can speak to council directly.)", "likes_count": 1, "replies_count": 0, "retweets_count": 0, "hashtags": []}
{"id": 1194404470072856577, "date": "2019-11-12", "time": "18:59:51", "tweet": "@anarkyah Thank you for your input", "likes_count": 0, "replies_count": 1, "retweets_count": 0, "hashtags": []}
{"id": 1194404232180445184, "date": "2019-11-12", "time": "18:58:54", "tweet": "Well I HAVE KNOWLEDGE so I know that entire statement is pure shit!  Considering due diligence and input from   $FUNN  https://t.co/dmCG1aYMbf", "likes_count": 0, "replies_count": 0, "retweets_count": 0, "hashtags": []}
{"id": 1194404089704042496, "date": "2019-11-12", "time": "18:58:20", "tweet": "Right now on @cofieldandco, we check in with @calebherring_ and get his input on #UNLVFB plus their upcoming game with Hawaii on Saturday!  https://t.co/QYizxRigoS", "likes_count": 2, "replies_count": 1, "retweets_count": 1, "hashtags": ["unlvfb"]}
{"id": 1194404002068357120, "date": "2019-11-12", "time": "18:57:59", "tweet": "@MarkAGriffin @emilyrichett @ChadLivengood @GovWhitmer True. And they are not hers.  Yet they gave her a \"take it or leave it\" budget and gave her no input, so she worked around them to remind them it's a two-party government now.  So, until Shirkey comes back from his hunting vacation &amp; gets serious, here we sit.", "likes_count": 0, "replies_count": 0, "retweets_count": 0, "hashtags": []}
{"id": 1194404001699098624, "date": "2019-11-12", "time": "18:57:59", "tweet": "Mormon and Mormon-ish pals: I could use some input. I’ve lived in this ward about 6 months. I don’t actually remember if I said yes or no to ministering assignments when I first met the RS presidency, but I just got some.", "likes_count": 5, "replies_count": 2, "retweets_count": 0, "hashtags": []}
{"id": 1194403899651829765, "date": "2019-11-12", "time": "18:57:35", "tweet": "Multi Image text input Twitter.  https://t.co/V8zkGiBgP3", "likes_count": 0, "replies_count": 0, "retweets_count": 0, "hashtags": []}
{"id": 1194403897839734784, "date": "2019-11-12", "time": "18:57:34", "tweet": "Emails that begin with \"Our system shows\" are my favorite.  A human at the bottom of a gigantic mechanical and technological Apparatus has been informed of information, and now needs to input different information back into the Apparatus for further processing.", "likes_count": 0, "replies_count": 1, "retweets_count": 0, "hashtags": []}
{"id": 1194403872388849664, "date": "2019-11-12", "time": "18:57:28", "tweet": "Multi Image text input Twitter.  https://t.co/6BOcwNklRt", "likes_count": 0, "replies_count": 0, "retweets_count": 0, "hashtags": []}
{"id": 1194403770089779200, "date": "2019-11-12", "time": "18:57:04", "tweet": "#linux #kernel  Re: [PATCH v1 1/3] Input: ili210x - do not retrieve/print chip firmware…  https://t.co/zetIqtEmcf", "likes_count": 0, "replies_count": 0, "retweets_count": 0, "hashtags": ["linux", "kernel"]}
{"id": 1194403769016094726, "date": "2019-11-12", "time": "18:57:04", "tweet": "#linux #kernel  Re: [PATCH v2 1/2] Input: ili210x - add resolution to chip operations…  https://t.co/wqw8KKgGoz", "likes_count": 0, "replies_count": 0, "retweets_count": 0, "hashtags": ["linux", "kernel"]}
{"id": 1194403767011225600, "date": "2019-11-12", "time": "18:57:03", "tweet": "#linux #kernel  Re: [PATCH v2 2/2] Input: ili210x - optionally show calibrate sysfs…  https://t.co/ZwyrMF7VEm", "likes_count": 0, "replies_count": 0, "retweets_count": 0, "hashtags": ["linux", "kernel"]}
{"id": 1194403760904101888, "date": "2019-11-12", "time": "18:57:02", "tweet": "Defendants in opioid case say politico's input not needed  https://t.co/lKuaxWK38H  https://t.co/mYsTbHdYd9", "likes_count": 0, "replies_count": 0, "retweets_count": 0, "hashtags": []}
{"id": 1194403750645030912, "date": "2019-11-12", "time": "18:56:59", "tweet": "@RepMarkMeadows @realDonaldTrump Ok, Mark.  Let’s let this play out in the hearings.  Thanks for your unsolicited input, though.", "likes_count": 0, "replies_count": 0, "retweets_count": 0, "hashtags": []}
{"id": 1194403636555767809, "date": "2019-11-12", "time": "18:56:32", "tweet": "Multi Image text input Twitter.  https://t.co/BirkuNfAQ3", "likes_count": 0, "replies_count": 0, "retweets_count": 0, "hashtags": []}
{"id": 1194403580779749377, "date": "2019-11-12", "time": "18:56:19", "tweet": "Slides for my talk at UCSD's Center for Research in Language, \"The learnability of syntactic generalizations from linguistic input: insights from deep learning\", can be found at  https://t.co/5sNy380gFv", "likes_count": 43, "replies_count": 0, "retweets_count": 12, "hashtags": []}
{"id": 1194403553814564867, "date": "2019-11-12", "time": "18:56:12", "tweet": "@Andy_Budiman_ @willsarana 2 kadis mengundurkan diri terkait APBD bodong Jkt. Pertanda memang ada kesalahan (sengaja/tdk sengaja) dlm input data RAPBD.  #KawalUangRakyat", "likes_count": 0, "replies_count": 0, "retweets_count": 0, "hashtags": ["kawaluangrakyat"]}
{"id": 1194403539662983168, "date": "2019-11-12", "time": "18:56:09", "tweet": "yes we need more #Greens input and less National Party diatribe venom from #Barnaby in #auspol2019", "likes_count": 1, "replies_count": 0, "retweets_count": 0, "hashtags": ["greens", "barnaby", "auspol2019"]}
{"id": 1194403026762682368, "date": "2019-11-12", "time": "18:54:07", "tweet": "@perfectopat Lmao no no thank you still! I appreciate all your input 😂😂💛", "likes_count": 0, "replies_count": 0, "retweets_count": 0, "hashtags": []}
{"id": 1194402896642740225, "date": "2019-11-12", "time": "18:53:36", "tweet": "@dramata1 Any idea on how much input SNK has on All Stars? The story is changed to the \"They're Orochi operatives that care more about Orochi than the tournament\" version in that.", "likes_count": 0, "replies_count": 1, "retweets_count": 0, "hashtags": []}
{"id": 1194402881555894273, "date": "2019-11-12", "time": "18:53:32", "tweet": "\"Defendants in Opioid Case Say Politico's Input Not Needed\" by The Associated Press via NYT  https://t.co/1RDlrYE6GK", "likes_count": 0, "replies_count": 0, "retweets_count": 0, "hashtags": []}
{"id": 1194402779416158216, "date": "2019-11-12", "time": "18:53:08", "tweet": "@MLBRandomStats I love everyone that come in here like “they’re still cheating” and implying that he’s saying their not. He doesn’t give input, he just gives the facts. We can make ideas from them.", "likes_count": 0, "replies_count": 0, "retweets_count": 0, "hashtags": []}
{"id": 1194402772420091910, "date": "2019-11-12", "time": "18:53:06", "tweet": "@LosBjornOs @Arkthus @themandalorian Wow thanks for your input except it ain’t useful to what the man said as he clearly doesn’t live in NL.", "likes_count": 0, "replies_count": 0, "retweets_count": 0, "hashtags": []}
{"id": 1194402652911570944, "date": "2019-11-12", "time": "18:52:38", "tweet": "@obtaincapital @ChrstianRicardo @techsaleslatino Thanks for sharing your insightful input for everyone! Appreciate it!!", "likes_count": 0, "replies_count": 1, "retweets_count": 0, "hashtags": []}
{"id": 1194402595638521859, "date": "2019-11-12", "time": "18:52:24", "tweet": "@KoreaStampSoc @deb07 @ExploringStamps @APS_stamps @GaryLoew @ArtStamped The current ratio is not important. What’s important is moving forward as champions of all collectors and celebrating their love of the hobby. Something we are working on everyday at @APS_stamps and welcome input on how it's done.  https://t.co/f1Nczdm1Yk", "likes_count": 8, "replies_count": 2, "retweets_count": 3, "hashtags": []}
{"id": 1194402463643815939, "date": "2019-11-12", "time": "18:51:52", "tweet": "@kyledcheney Under what theory could he now state he doesn't need to comply with a lawfully executes subpoena? Any challenge that's unique from Bolton's would still need judicial input because there's nothing that currently allows him to not respond as a matter of settled law.", "likes_count": 0, "replies_count": 0, "retweets_count": 0, "hashtags": []}
{"id": 1194402410950737920, "date": "2019-11-12", "time": "18:51:40", "tweet": "\"Defendants in Opioid Case Say Politico's Input Not Needed\" by The Associated Press via NYT  https://t.co/hsjDdw8sNL", "likes_count": 0, "replies_count": 0, "retweets_count": 0, "hashtags": []}
{"id": 1194402371415216129, "date": "2019-11-12", "time": "18:51:30", "tweet": "@killemannen We value your feedback and would appreciate the opportunity to learn more about your Geofencing experience. You can tell us more about your Geofencing setup by completing this survey:  https://t.co/Js7pXXAdhR. Your input will help us troubleshoot and improve your experience. ^RM", "likes_count": 1, "replies_count": 1, "retweets_count": 0, "hashtags": []}
{"id": 1194402299256418305, "date": "2019-11-12", "time": "18:51:13", "tweet": "@Muzzy_is_it @LewisCumming Thanks for your Input Percy   4 home league games only can be shown per stadium per season!  https://t.co/BZnbOXf6oT", "likes_count": 1, "replies_count": 2, "retweets_count": 0, "hashtags": []}
{"id": 1194402283204816896, "date": "2019-11-12", "time": "18:51:09", "tweet": "Voice Input’s Effect on Social Norms #UX #vui #voicedesign via  https://t.co/KDUhFaFE1M  https://t.co/Iw90FzyFXn", "likes_count": 0, "replies_count": 0, "retweets_count": 0, "hashtags": ["ux", "vui", "voicedesign"]}
{"id": 1194402267694170112, "date": "2019-11-12", "time": "18:51:06", "tweet": "@scleroplex I’d like to see that. They are now defendants in a major federal case.  We need your input", "likes_count": 3, "replies_count": 1, "retweets_count": 0, "hashtags": []}
{"id": 1194401916958257152, "date": "2019-11-12", "time": "18:49:42", "tweet": "@JHMarble @johnrobison @kat_blaque @edgar_a_bitch @cherryrae @AspieGirl83 maybe y’all have some input about: what is #accessibility generally or specifically. Examples? All voices are welcome!", "likes_count": 1, "replies_count": 1, "retweets_count": 0, "hashtags": ["accessibility"]}
{"id": 1194401798070636544, "date": "2019-11-12", "time": "18:49:14", "tweet": "@DustinShadbolt @woot My Echo Input arrived already &amp; is now installed in my office at work", "likes_count": 2, "replies_count": 0, "retweets_count": 0, "hashtags": []}
{"id": 1194401704537554944, "date": "2019-11-12", "time": "18:48:51", "tweet": "@Bill_Cimbrelo If it has an HDMI input go get a roku stick with wifi connection. Or a chromecast dongle.  Practice casting to your tv. Doing same thing at Mom's should be easy.  The Roku will get DemocracyNow!'s daily program (1 hr). It will also log into YouTube.  I save stuff to watch_later", "likes_count": 0, "replies_count": 0, "retweets_count": 1, "hashtags": []}
{"id": 1194401651831894016, "date": "2019-11-12", "time": "18:48:39", "tweet": "new office has a “smart elevator” where you punch in the number of the floor on a digital side pad outside and it’s taking all my self control to not input 69 in front of my new boss", "likes_count": 2, "replies_count": 1, "retweets_count": 0, "hashtags": []}
{"id": 1194401649860599808, "date": "2019-11-12", "time": "18:48:38", "tweet": "@BKNgoid Min.. nanya dong.  Kasusnya kayak gini; Tempat lahir di KTP dan di Ijazah itu beda. Tapi, pas input tempat lahir yang sesuai dengan Ijazah itu ga ada disistem. Karena tempat lahirku yang di Ijazah itu nama kecamatan, bukan nama kab/kota.  Tolong min, solusinya apa? Terima kasih.", "likes_count": 0, "replies_count": 1, "retweets_count": 0, "hashtags": []}
{"id": 1194401627458818049, "date": "2019-11-12", "time": "18:48:33", "tweet": "Journey into the mobile web user experience! 📲  Learn how to build engaging experiences for your users that span surfaces and input modalities in @dgogate #ChromeDevSummit session.   Watch it live →  https://t.co/amrYJHfmjX  https://t.co/Im4bdzBnq2", "likes_count": 22, "replies_count": 0, "retweets_count": 6, "hashtags": ["chromedevsummit"]}
{"id": 1194401586283343872, "date": "2019-11-12", "time": "18:48:23", "tweet": "Who’d have thought that sonic would be our third most viewed video! 64k in under 12 hours...geez. Thanks for the positive words and input peeps!", "likes_count": 7, "replies_count": 0, "retweets_count": 0, "hashtags": []}
{"id": 1194401311321739264, "date": "2019-11-12", "time": "18:47:18", "tweet": "In the terminal, I can input the number of minutes after the hour for @blinkstickrgb Square to blink until I press CTRL-c.   Of course, I had to lose my mind for an hour cuz I was using a broken micro usb cable &amp; nothing worked. tsk.   #WomenWhoCode  #womenintech  #WomenInSTEM  https://t.co/DriTyDRNAR", "likes_count": 0, "replies_count": 0, "retweets_count": 1, "hashtags": ["womenwhocode", "womenintech", "womeninstem"]}
{"id": 1194401281843978240, "date": "2019-11-12", "time": "18:47:11", "tweet": "Untuk Input  https://t.co/RNzh0KoMkk  https://t.co/Egf3fTSyQH", "likes_count": 0, "replies_count": 0, "retweets_count": 0, "hashtags": []}
{"id": 1194401202215280640, "date": "2019-11-12", "time": "18:46:52", "tweet": "So if you’re interested in learning more about the sportsplex, the Oct. 23 committee of the whole meeting is the one to attend. (Also, there is a public input session at the end of committee of the whole meetings so people can speak to council directly.)", "likes_count": 1, "replies_count": 0, "retweets_count": 0, "hashtags": []}
{"id": 1194401198360666112, "date": "2019-11-12", "time": "18:46:51", "tweet": "@wavylox This code is a one-time use code. It must be input online at checkout, not in the rewards section of the app in order to be redeemed.", "likes_count": 1, "replies_count": 1, "retweets_count": 0, "hashtags": []}
{"id": 1194401122879975429, "date": "2019-11-12", "time": "18:46:33", "tweet": "@mlife0 does Mixer pick up user-input audio or just teammates?", "likes_count": 1, "replies_count": 1, "retweets_count": 0, "hashtags": []}
{"id": 1194401098553012224, "date": "2019-11-12", "time": "18:46:27", "tweet": "🙋🏽‍♂️Looking at the Note 10 + phone upgrade, any input?  Good or bad? Friends?😁  Haters?🙄 Somebody? 😀", "likes_count": 0, "replies_count": 0, "retweets_count": 0, "hashtags": []}
{"id": 1194400799008468994, "date": "2019-11-12", "time": "18:45:16", "tweet": "@SandwichInsider @subwayluvr_ Yeah I don’t care but thanks for the input Border Town Ladder Salesman", "likes_count": 0, "replies_count": 0, "retweets_count": 0, "hashtags": []}
{"id": 1194400771544141824, "date": "2019-11-12", "time": "18:45:09", "tweet": "#CFAs - Your input needed! #CFAI is building out a competency framework for investment practitioners - make sure you are represented:  https://t.co/zdWVyIjSbT  https://t.co/Q0FK2BVNS8", "likes_count": 0, "replies_count": 0, "retweets_count": 0, "hashtags": ["cfas", "cfai"]}
{"id": 1194400632163184641, "date": "2019-11-12", "time": "18:44:36", "tweet": "@KingRicann @omar_199x Watch them all and give me your input I’m the biggest fucking Star Wars fan dawg", "likes_count": 1, "replies_count": 0, "retweets_count": 0, "hashtags": []}
{"id": 1194400612332556288, "date": "2019-11-12", "time": "18:44:31", "tweet": "WHY IS CROSS PLATFORM QUEUING A THING. Im on ps4, 60 fps, 62 ping ON EAST SERVERS + Input delay. ffs its ANNOYING! 😡", "likes_count": 3, "replies_count": 1, "retweets_count": 0, "hashtags": []}
{"id": 1194400409500213248, "date": "2019-11-12", "time": "18:43:43", "tweet": "Bit like getting a burglar to look after your house whilst on holiday. Don't you think for a second Oakervee would be just a tad biased? Even his Deputy refuses to have his name attached to the CRAP that Oakervee produced without input from the #hs2 Review Group.", "likes_count": 0, "replies_count": 0, "retweets_count": 0, "hashtags": ["hs2"]}
{"id": 1194400393868070914, "date": "2019-11-12", "time": "18:43:39", "tweet": "AI will always require human input and expertise — technical and otherwise — to operate at its full potential in a way that's ethical, responsible and safe.  https://t.co/Jan4qjZ569", "likes_count": 1, "replies_count": 0, "retweets_count": 0, "hashtags": []}
{"id": 1194400378021974016, "date": "2019-11-12", "time": "18:43:35", "tweet": "@KimKalunian Your discomfort boils down to spending too much time on the screen. Your brain is conditioned to expect that input. Lock it in a box for a day or two and your brain will thank you. Fair warning though, it will feel totally weird in the beginning.", "likes_count": 2, "replies_count": 0, "retweets_count": 1, "hashtags": []}
{"id": 1194400354101710850, "date": "2019-11-12", "time": "18:43:29", "tweet": "@supercars @SeanSeamer Hats off to Sean and the team in giving the fans a voice and input into the sport we all love Since Sean’s appointment he and the team have made some good decisions to move our sport forward", "likes_count": 2, "replies_count": 0, "retweets_count": 0, "hashtags": []}
{"id": 1194400323118518273, "date": "2019-11-12", "time": "18:43:22", "tweet": "Hey @VerizonSupport, I can’t login to my Verizon Wireless account so I tried to change my password. After I input  new password, I can’t tap “Continue.” What gives?", "likes_count": 0, "replies_count": 1, "retweets_count": 0, "hashtags": []}
{"id": 1194400315405025280, "date": "2019-11-12", "time": "18:43:20", "tweet": "Thanks, Brigitte! I added your knowledge into the discussion. You helped me illustrate a big point about input sentiment versus target culture.", "likes_count": 1, "replies_count": 0, "retweets_count": 0, "hashtags": []}
{"id": 1194400195603156992, "date": "2019-11-12", "time": "18:42:52", "tweet": "Looking Glass 8K  &gt; 2 x DisplayPort input  やば", "likes_count": 0, "replies_count": 0, "retweets_count": 0, "hashtags": []}
{"id": 1194400100967170048, "date": "2019-11-12", "time": "18:42:29", "tweet": "@glennkirschner2 I always look forward to ur input. But yea, ur energy is crazy. Give me some 🤣", "likes_count": 2, "replies_count": 0, "retweets_count": 0, "hashtags": []}
{"id": 1194400077894189057, "date": "2019-11-12", "time": "18:42:24", "tweet": "@HanZana92 kannnn sebab tu i asked actually 😂😂😂 i thought that girl would have some input hahaha", "likes_count": 0, "replies_count": 1, "retweets_count": 0, "hashtags": []}
{"id": 1194399986500489217, "date": "2019-11-12", "time": "18:42:02", "tweet": "INTRODUCTION EPISODE!  Hello everyone, click the link below to check out our first episode. It will be the only episode we release until January.   Please be patient with us as we grow in our knowledge of podcasting. We'd love your input as we grow!! :)   https://t.co/QXYvsAHB15  https://t.co/kRhnBMbzHh", "likes_count": 0, "replies_count": 0, "retweets_count": 0, "hashtags": []}
{"id": 1194399951930966016, "date": "2019-11-12", "time": "18:41:54", "tweet": "@Stinsonddog Our app developers continue to work on adding features based on customer input. For now, you may obtain weekly usage at our desktop site by adjusting calendar dates &amp; clicking \"create report.” Feel free to send any other  suggestions to APSMobileDEV@apsc.com, thanks!", "likes_count": 0, "replies_count": 0, "retweets_count": 0, "hashtags": []}
{"id": 1194399758779080705, "date": "2019-11-12", "time": "18:41:08", "tweet": "Conventionally, the cold fusion reaction produces heat. The authors have sought a different approach, wherein the device has no input energy, relying on the energy produced by cold fusion in the device.", "likes_count": 0, "replies_count": 1, "retweets_count": 0, "hashtags": []}
{"id": 1194399666726744064, "date": "2019-11-12", "time": "18:40:46", "tweet": "@NeedMore_Input @GuidoMotorz @everydaytrucker Half the “drivers” out here aren’t.", "likes_count": 1, "replies_count": 0, "retweets_count": 0, "hashtags": []}
{"id": 1194399354276073473, "date": "2019-11-12", "time": "18:39:31", "tweet": "*Complete Simple Task And Earn*  *Refer Your Friends And Earn*  *Earn Free Paytm Cash*  Input Referral Code : *544*  *Join Now*   https://t.co/wR19BAe953", "likes_count": 0, "replies_count": 0, "retweets_count": 0, "hashtags": []}
{"id": 1194399241147420672, "date": "2019-11-12", "time": "18:39:04", "tweet": "There are urgent issues facing Wisconsin, and Democrats have introduced serious proposals to address these issues. At the very least, we should be having hearings so people can provide their input and feedback on critical issues, like #MedicaidExpansion &amp; the #DarkStore Loophole.", "likes_count": 0, "replies_count": 1, "retweets_count": 0, "hashtags": ["medicaidexpansion", "darkstore"]}
{"id": 1194399205734993922, "date": "2019-11-12", "time": "18:38:56", "tweet": "Don't try to give me some kind of crooked life lesson on the road. I didn't pay for your hairbrained input. You don't have shit to say to me out there.", "likes_count": 0, "replies_count": 0, "retweets_count": 0, "hashtags": []}
{"id": 1194399052609118209, "date": "2019-11-12", "time": "18:38:19", "tweet": "@Lvl100Guppy @ESkelettt @WhiteCatOsu I switch from having raw input turned on or off time to time. It doesn’t really effect your game at all tbh.", "likes_count": 1, "replies_count": 0, "retweets_count": 0, "hashtags": []}
{"id": 1194399003783368709, "date": "2019-11-12", "time": "18:38:08", "tweet": "Model Builder Updates Now Available for ML .NET - Image classification scenario – locally train image classification models with your own images - Try your model – make predictions on sample input data right in the UI  https://t.co/pWpJ991ukS", "likes_count": 0, "replies_count": 0, "retweets_count": 0, "hashtags": []}
{"id": 1194398904915091456, "date": "2019-11-12", "time": "18:37:44", "tweet": "SamTrans wants your input to Reimagine SamTrans service. Take the survey, join an event, or submit a comment and make your voice heard! Whether you take the bus, drive, walk, bike or other share your vision for a future SamTrans network. Visit  https://t.co/4eBz5tVSNf @SamTrans", "likes_count": 3, "replies_count": 1, "retweets_count": 1, "hashtags": []}
{"id": 1194398805925326848, "date": "2019-11-12", "time": "18:37:20", "tweet": "Roundhouse on a simple side b input would be SO good", "likes_count": 5, "replies_count": 0, "retweets_count": 0, "hashtags": []}
{"id": 1194398792365334536, "date": "2019-11-12", "time": "18:37:17", "tweet": "Lmao. I mean input I’m such a dweeb", "likes_count": 0, "replies_count": 0, "retweets_count": 0, "hashtags": []}
{"id": 1194398739001200640, "date": "2019-11-12", "time": "18:37:04", "tweet": "#linux #kernel  Re: [PATCH v1 1/3] Input: ili210x - do not retrieve/print chip firmware…  https://t.co/LAa91MrwMj", "likes_count": 0, "replies_count": 0, "retweets_count": 0, "hashtags": ["linux", "kernel"]}
{"id": 1194398688551956480, "date": "2019-11-12", "time": "18:36:52", "tweet": "Hey all!  So I've been really itching to stream an RPG for awhile, and now with my SD2SNES, I have a few options available! I would love some input on what yall would like to see first, so here's a handy poll :)", "likes_count": 2, "replies_count": 2, "retweets_count": 1, "hashtags": []}
{"id": 1194398652028084224, "date": "2019-11-12", "time": "18:36:44", "tweet": "@jenidelao We appreciate your input, Jeni! We'll be sharing your thoughts with our team. Thanks!", "likes_count": 0, "replies_count": 0, "retweets_count": 0, "hashtags": []}
{"id": 1194398580032901120, "date": "2019-11-12", "time": "18:36:26", "tweet": "Oh are we READY for this.  #Fans Input   LOVE THIS!! 😏😉😉  https://t.co/S3aU7DAOlU", "likes_count": 0, "replies_count": 0, "retweets_count": 0, "hashtags": ["fans"]}
{"id": 1194398452358103040, "date": "2019-11-12", "time": "18:35:56", "tweet": "@BKNgoid Sobat² smua, sblum mndftr lebih baik byak membca dlu,phami dlu pa yg disurh,jgn lgsung isi tergesa². Kwan sy dtg² ngis ma sy akibat slh input data, mau bgaimana sy jg gk tau, apa ada solusi mi²n &amp; kwan².", "likes_count": 0, "replies_count": 0, "retweets_count": 0, "hashtags": []}
{"id": 1194398397349937154, "date": "2019-11-12", "time": "18:35:43", "tweet": "@sarahfmorgan Broadly and specifically. I welcome any form of input (info dumping is cool as well)!", "likes_count": 0, "replies_count": 1, "retweets_count": 0, "hashtags": []}
{"id": 1194398304412545024, "date": "2019-11-12", "time": "18:35:21", "tweet": "Multi Image text input Twitter.  https://t.co/p8IqFhnl55", "likes_count": 0, "replies_count": 0, "retweets_count": 0, "hashtags": []}
{"id": 1194398227279360001, "date": "2019-11-12", "time": "18:35:02", "tweet": "@tyson_hesse It's very comforting when a fan of a series is able to have a substantial input on an official project to correct the problem(s) that big businesses would've let slide...", "likes_count": 0, "replies_count": 0, "retweets_count": 0, "hashtags": []}
{"id": 1194398183847342080, "date": "2019-11-12", "time": "18:34:52", "tweet": "EDITORIAL: “The change in the Delaware’s physical landscape reflects a change in the landscape of how things have worked in this city, from a time of backroom deals with no public input, and virtually no dialogue about the common good.”  https://t.co/3YQCLATBBn @sandyshea", "likes_count": 0, "replies_count": 0, "retweets_count": 1, "hashtags": []}
{"id": 1194398098619023361, "date": "2019-11-12", "time": "18:34:32", "tweet": "@Ilovecucks2 @tylergarret2 @im2b @rcarlosnyc @Tzipshmil Thanks, Ilovecucks, for the input. I agree that losing an election in a lean red state during a republican wave year is dreadful. Lmao", "likes_count": 3, "replies_count": 1, "retweets_count": 0, "hashtags": []}
{"id": 1194398070244548610, "date": "2019-11-12", "time": "18:34:25", "tweet": "@FrankiesTooLoud I see the input.  Imagine the output.", "likes_count": 0, "replies_count": 0, "retweets_count": 0, "hashtags": []}
{"id": 1194398036052414465, "date": "2019-11-12", "time": "18:34:17", "tweet": "@kwyn0ra Thank you for your input, and yes he would stab you if provoked, also if you happened to be one (1) Prince of the Pentarchy", "likes_count": 1, "replies_count": 0, "retweets_count": 0, "hashtags": []}
