{"id": 1145844408115273728, "date": "2019-07-01", "time": "19:59:30", "tweet": "知識のinputにはQB！知識のoutputにもQB！！！！", "likes_count": 0, "replies_count": 0, "retweets_count": 0, "hashtags": []}
{"id": 1145844362171035648, "date": "2019-07-01", "time": "19:59:19", "tweet": "Last valid input: 2019-07-02 08:59:16.640551 Temperature: 30.00 C Humidity: 71.00 %", "likes_count": 0, "replies_count": 0, "retweets_count": 0, "hashtags": []}
{"id": 1145844283213266952, "date": "2019-07-01", "time": "19:59:00", "tweet": "The way Jack is acting now really is making him hotter by the second. Like how he’s listening to everyone, giving his input respectfully. This is what we shoulda SAW, my coochie would be on HARD. #BB21", "likes_count": 1, "replies_count": 1, "retweets_count": 0, "hashtags": ["bb21"]}
{"id": 1145844255811932162, "date": "2019-07-01", "time": "19:58:53", "tweet": "everything feels wrong i've felt like i'm crawling out of my skin and i don't have input in the choices i've made for weeks", "likes_count": 0, "replies_count": 0, "retweets_count": 0, "hashtags": []}
{"id": 1145844211587174402, "date": "2019-07-01", "time": "19:58:43", "tweet": "@CEOJebailey Something that may or may not be addressable is the power source:station ratio. I dont know how many other people were experiencing the same problems I was, but at the CF table, even with just 8 stations, input lag became a huge problem even during casual matches.", "likes_count": 0, "replies_count": 0, "retweets_count": 0, "hashtags": []}
{"id": 1145844209242402816, "date": "2019-07-01", "time": "19:58:42", "tweet": "Has anyone noticed that white people (racist or biased whites) always have something to input on a topic like they don’t ever just mind they business and keep scrolling; always have to push their practices onto people", "likes_count": 3, "replies_count": 1, "retweets_count": 1, "hashtags": []}
{"id": 1145844117944987648, "date": "2019-07-01", "time": "19:58:21", "tweet": "@Andreas_MWG You didn't ask for input, so ignore this if it please you, but I like the left cover better. They're both pretty cool, though. I ought to play HLD.", "likes_count": 1, "replies_count": 0, "retweets_count": 0, "hashtags": []}
{"id": 1145843913380335617, "date": "2019-07-01", "time": "19:57:32", "tweet": "KiwiBuild is broken! No news flash there. But how can we fix it? Read my Linkedin post  https://t.co/SKGArenAH8 to read my ideas. Thanks to @paulswiftyswift and @FliphouseN for their input. #KiwiBuild @comunitalife  https://t.co/5KlfEVA2pG", "likes_count": 3, "replies_count": 0, "retweets_count": 2, "hashtags": ["kiwibuild"]}
{"id": 1145843857285758977, "date": "2019-07-01", "time": "19:57:18", "tweet": "thank u for your input I will be continuing episodes of Evangelion", "likes_count": 3, "replies_count": 1, "retweets_count": 0, "hashtags": []}
{"id": 1145843799849078784, "date": "2019-07-01", "time": "19:57:05", "tweet": "la pasé cheto en input pero como me gusta la polleraaaaa 😂", "likes_count": 1, "replies_count": 0, "retweets_count": 0, "hashtags": []}
{"id": 1145843778793742341, "date": "2019-07-01", "time": "19:57:00", "tweet": "Worth every penny the @BBCSport pays for her input - an amazing hypothetical scenario so that she can invalidate trans people and homosexuality. What if one of your hypothetical heterosexuals was infertile @sharrond62? Who is gonna save humanity then?!?", "likes_count": 0, "replies_count": 2, "retweets_count": 0, "hashtags": []}
{"id": 1145843695406604289, "date": "2019-07-01", "time": "19:56:40", "tweet": "@katiessummerss @MelissaBuntcake I wasn’t sure @katiessummerss was a Taylor fan. She’s never mentioned it in the past, strange she should have input here.", "likes_count": 1, "replies_count": 1, "retweets_count": 0, "hashtags": []}
{"id": 1145843277716951040, "date": "2019-07-01", "time": "19:55:00", "tweet": "@mtynior  You've got quite a diverse profile, especially as an iOS consultant; our background as well. So, we are building a tool to help aspiring contractors to grow their practices; would love your input to get this right. Up for a brief chat? DMs are open. Thx in advance!", "likes_count": 0, "replies_count": 0, "retweets_count": 0, "hashtags": []}
{"id": 1145843111924576256, "date": "2019-07-01", "time": "19:54:21", "tweet": "➡Credit ➡Debit  :➡Credit  \"Please input your pin.\"  : Fuck you", "likes_count": 7, "replies_count": 0, "retweets_count": 0, "hashtags": []}
{"id": 1145843081624735744, "date": "2019-07-01", "time": "19:54:14", "tweet": "@n3jn3j9597 Basaha  pag hatag input. Hahahah!", "likes_count": 0, "replies_count": 0, "retweets_count": 0, "hashtags": []}
{"id": 1145843043695644672, "date": "2019-07-01", "time": "19:54:05", "tweet": "@Jaredsawyer For reference, I have friends and family in SEC country. Without my input, they refer to Oregon as \"Nike U.\" The branding is real and Adidas doesn't really bring it on the same level.", "likes_count": 1, "replies_count": 0, "retweets_count": 0, "hashtags": []}
{"id": 1145843018219569152, "date": "2019-07-01", "time": "19:53:58", "tweet": "Very exciting phone call. Taking on a larger role on this show that will involve being read in on scripts and a few production meetings per episode with creative input.", "likes_count": 1, "replies_count": 0, "retweets_count": 0, "hashtags": []}
{"id": 1145842925269594113, "date": "2019-07-01", "time": "19:53:36", "tweet": "@Dachsjaeger @dark1x Fully deserved, I can't image DF anymore without your input Alex. John already improved the output ever since he joined and now you've added to that significantly as well. You're the best German thing in gaming since Crytek :D", "likes_count": 1, "replies_count": 1, "retweets_count": 0, "hashtags": []}
{"id": 1145842787511873536, "date": "2019-07-01", "time": "19:53:03", "tweet": "Always a great practice to gauge your residents input and thoughts with quality of life assets @VisitQuadCities", "likes_count": 3, "replies_count": 0, "retweets_count": 2, "hashtags": []}
{"id": 1145842696411480065, "date": "2019-07-01", "time": "19:52:42", "tweet": "@marick That may get into UX territory. One of Alan Cooper's bits of advice was to accept and store invalid states as user input, to be pressed for resolution only when needed for a given operation (with some context as to what is valid).", "likes_count": 7, "replies_count": 0, "retweets_count": 2, "hashtags": []}
{"id": 1145844408115273728, "date": "2019-07-01", "time": "19:59:30", "tweet": "知識のinputにはQB！知識のoutputにもQB！！！！", "likes_count": 0, "replies_count": 0, "retweets_count": 0, "hashtags": []}
{"id": 1145844362171035648, "date": "2019-07-01", "time": "19:59:19", "tweet": "Last valid input: 2019-07-02 08:59:16.640551 Temperature: 30.00 C Humidity: 71.00 %", "likes_count": 0, "replies_count": 0, "retweets_count": 0, "hashtags": []}
{"id": 1145844283213266952, "date": "2019-07-01", "time": "19:59:00", "tweet": "The way Jack is acting now really is making him hotter by the second. Like how he’s listening to everyone, giving his input respectfully. This is what we shoulda SAW, my coochie would be on HARD. #BB21", "likes_count": 1, "replies_count": 1, "retweets_count": 0, "hashtags": ["bb21"]}
{"id": 1145844255811932162, "date": "2019-07-01", "time": "19:58:53", "tweet": "everything feels wrong i've felt like i'm crawling out of my skin and i don't have input in the choices i've made for weeks", "likes_count": 0, "replies_count": 0, "retweets_count": 0, "hashtags": []}
{"id": 1145844211587174402, "date": "2019-07-01", "time": "19:58:43", "tweet": "@CEOJebailey Something that may or may not be addressable is the power source:station ratio. I dont know how many other people were experiencing the same problems I was, but at the CF table, even with just 8 stations, input lag became a huge problem even during casual matches.", "likes_count": 0, "replies_count": 0, "retweets_count": 0, "hashtags": []}
{"id": 1145844209242402816, "date": "2019-07-01", "time": "19:58:42", "tweet": "Has anyone noticed that white people (racist or biased whites) always have something to input on a topic like they don’t ever just mind they business and keep scrolling; always have to push their practices onto people", "likes_count": 3, "replies_count": 1, "retweets_count": 1, "hashtags": []}
{"id": 1145844117944987648, "date": "2019-07-01", "time": "19:58:21", "tweet": "@Andreas_MWG You didn't ask for input, so ignore this if it please you, but I like the left cover better. They're both pretty cool, though. I ought to play HLD.", "likes_count": 1, "replies_count": 0, "retweets_count": 0, "hashtags": []}
{"id": 1145843913380335617, "date": "2019-07-01", "time": "19:57:32", "tweet": "KiwiBuild is broken! No news flash there. But how can we fix it? Read my Linkedin post  https://t.co/SKGArenAH8 to read my ideas. Thanks to @paulswiftyswift and @FliphouseN for their input. #KiwiBuild @comunitalife  https://t.co/5KlfEVA2pG", "likes_count": 3, "replies_count": 0, "retweets_count": 2, "hashtags": ["kiwibuild"]}
{"id": 1145843857285758977, "date": "2019-07-01", "time": "19:57:18", "tweet": "thank u for your input I will be continuing episodes of Evangelion", "likes_count": 3, "replies_count": 1, "retweets_count": 0, "hashtags": []}
{"id": 1145843799849078784, "date": "2019-07-01", "time": "19:57:05", "tweet": "la pasé cheto en input pero como me gusta la polleraaaaa 😂", "likes_count": 1, "replies_count": 0, "retweets_count": 0, "hashtags": []}
{"id": 1145843778793742341, "date": "2019-07-01", "time": "19:57:00", "tweet": "Worth every penny the @BBCSport pays for her input - an amazing hypothetical scenario so that she can invalidate trans people and homosexuality. What if one of your hypothetical heterosexuals was infertile @sharrond62? Who is gonna save humanity then?!?", "likes_count": 0, "replies_count": 2, "retweets_count": 0, "hashtags": []}
{"id": 1145843695406604289, "date": "2019-07-01", "time": "19:56:40", "tweet": "@katiessummerss @MelissaBuntcake I wasn’t sure @katiessummerss was a Taylor fan. She’s never mentioned it in the past, strange she should have input here.", "likes_count": 1, "replies_count": 1, "retweets_count": 0, "hashtags": []}
{"id": 1145843277716951040, "date": "2019-07-01", "time": "19:55:00", "tweet": "@mtynior  You've got quite a diverse profile, especially as an iOS consultant; our background as well. So, we are building a tool to help aspiring contractors to grow their practices; would love your input to get this right. Up for a brief chat? DMs are open. Thx in advance!", "likes_count": 0, "replies_count": 0, "retweets_count": 0, "hashtags": []}
{"id": 1145843111924576256, "date": "2019-07-01", "time": "19:54:21", "tweet": "➡Credit ➡Debit  :➡Credit  \"Please input your pin.\"  : Fuck you", "likes_count": 7, "replies_count": 0, "retweets_count": 0, "hashtags": []}
{"id": 1145843081624735744, "date": "2019-07-01", "time": "19:54:14", "tweet": "@n3jn3j9597 Basaha  pag hatag input. Hahahah!", "likes_count": 0, "replies_count": 0, "retweets_count": 0, "hashtags": []}
{"id": 1145843043695644672, "date": "2019-07-01", "time": "19:54:05", "tweet": "@Jaredsawyer For reference, I have friends and family in SEC country. Without my input, they refer to Oregon as \"Nike U.\" The branding is real and Adidas doesn't really bring it on the same level.", "likes_count": 1, "replies_count": 0, "retweets_count": 0, "hashtags": []}
{"id": 1145843018219569152, "date": "2019-07-01", "time": "19:53:58", "tweet": "Very exciting phone call. Taking on a larger role on this show that will involve being read in on scripts and a few production meetings per episode with creative input.", "likes_count": 1, "replies_count": 0, "retweets_count": 0, "hashtags": []}
{"id": 1145842925269594113, "date": "2019-07-01", "time": "19:53:36", "tweet": "@Dachsjaeger @dark1x Fully deserved, I can't image DF anymore without your input Alex. John already improved the output ever since he joined and now you've added to that significantly as well. You're the best German thing in gaming since Crytek :D", "likes_count": 1, "replies_count": 1, "retweets_count": 0, "hashtags": []}
{"id": 1145842787511873536, "date": "2019-07-01", "time": "19:53:03", "tweet": "Always a great practice to gauge your residents input and thoughts with quality of life assets @VisitQuadCities", "likes_count": 3, "replies_count": 0, "retweets_count": 2, "hashtags": []}
{"id": 1145842696411480065, "date": "2019-07-01", "time": "19:52:42", "tweet": "@marick That may get into UX territory. One of Alan Cooper's bits of advice was to accept and store invalid states as user input, to be pressed for resolution only when needed for a given operation (with some context as to what is valid).", "likes_count": 7, "replies_count": 0, "retweets_count": 2, "hashtags": []}
