{"id": 1159252717728124933, "date": "2019-08-07", "time": "19:59:20", "tweet": "Wowwwww. That was truly the BEST episode of #PoseFX all season long!!!  I mean, parts of the Candy death episode were good too. But. “Revelations” takes the cake!  &amp; Mariah’s “Love Takes Time” was a PERFECT input at the perfect time.    Thank you! @janetmock @PoseOnFX", "likes_count": 0, "replies_count": 0, "retweets_count": 0, "hashtags": ["posefx"]}
{"id": 1159252570117771264, "date": "2019-08-07", "time": "19:58:45", "tweet": "The Best part is you can Exchange 2500 Points for $15 Paypal Cash or Amazon, GooglePlay, iTunes Please Input My Invitation Code rctmppxq after installation, and you will get an extra 70 Credits From Me! You can Download it from Google Play here   https://t.co/98EzE8klfo", "likes_count": 0, "replies_count": 0, "retweets_count": 0, "hashtags": []}
{"id": 1159252512588779520, "date": "2019-08-07", "time": "19:58:31", "tweet": "@RonaldVermeij @mushroompanda I agree that there should be weighted customer input. But the binary 100% secure or else argument doesn't seem real world to me.  We live with risk. We drive cars. We do stuff. Stuff has risks.  For clarity, can we center on a particular use case or type of information set?", "likes_count": 0, "replies_count": 0, "retweets_count": 0, "hashtags": []}
{"id": 1159252386977910784, "date": "2019-08-07", "time": "19:58:01", "tweet": "@Snxgodd @NadeGrinds Slight delay but depending on your tv the input lag might not be too bad", "likes_count": 1, "replies_count": 1, "retweets_count": 0, "hashtags": []}
{"id": 1159252323635552262, "date": "2019-08-07", "time": "19:57:46", "tweet": "Merge:Multi Image text input Twitter.  https://t.co/2YIR5CLfUp", "likes_count": 0, "replies_count": 0, "retweets_count": 0, "hashtags": []}
{"id": 1159252305700687872, "date": "2019-08-07", "time": "19:57:42", "tweet": "Serious question. This is not a joke, but an educational question.  So if you have informative input (not racist input) please help me understand.   Why is this not considered racist?  https://t.co/xDsYaqc2PC", "likes_count": 0, "replies_count": 0, "retweets_count": 0, "hashtags": []}
{"id": 1159252192328585216, "date": "2019-08-07", "time": "19:57:15", "tweet": "Merge:Multi Image text input Twitter.  https://t.co/qUPuMlxOpT", "likes_count": 0, "replies_count": 0, "retweets_count": 0, "hashtags": []}
{"id": 1159251742787346433, "date": "2019-08-07", "time": "19:55:27", "tweet": "Just completed my first doctoral consortium @giesbusiness organized by the @JournalPIM and @PDMAIntl, and what an experience it was. Great feedback and input from senior and junior faculty, amazing tours and a 3D printed mini-me included  https://t.co/DlcdGZkeYr", "likes_count": 6, "replies_count": 0, "retweets_count": 2, "hashtags": []}
{"id": 1159251728270708736, "date": "2019-08-07", "time": "19:55:24", "tweet": "人生なんてざっくり言ってしまえばセックスして死ぬだけ。その他は死ぬまでの暇つぶしみたいなもんでしょ。  適当に楽しんだらいいよ", "likes_count": 10, "replies_count": 0, "retweets_count": 1, "hashtags": []}
{"id": 1159251664492224513, "date": "2019-08-07", "time": "19:55:09", "tweet": "@LASERDISC420 @pc98jr I always remember Virtua Fighter 4 on PS2 having nearly unplayable input lag", "likes_count": 1, "replies_count": 1, "retweets_count": 0, "hashtags": []}
{"id": 1159251663787573248, "date": "2019-08-07", "time": "19:55:09", "tweet": "@theshanellsmith Thank you for your input! 😍", "likes_count": 2, "replies_count": 0, "retweets_count": 0, "hashtags": []}
{"id": 1159251654824173568, "date": "2019-08-07", "time": "19:55:07", "tweet": "#AigoChain is designed for a flexible payment chain and encourages external input from developers. This motivation is inspired by the modular architecture of the chain. $AIGO #blockchain #ethereum #bitcoin #ico #tokensale #ripple #stellar #airdrop #cryptocurrency", "likes_count": 0, "replies_count": 0, "retweets_count": 0, "hashtags": ["aigochain", "blockchain", "ethereum", "bitcoin", "ico", "tokensale", "ripple", "stellar", "airdrop", "cryptocurrency"]}
{"id": 1159251645022257153, "date": "2019-08-07", "time": "19:55:04", "tweet": "Riveting input from the age group still putting aluminum foil in microwaves and burning popcorn.", "likes_count": 2, "replies_count": 0, "retweets_count": 0, "hashtags": []}
{"id": 1159251628454809603, "date": "2019-08-07", "time": "19:55:00", "tweet": "Clay County commissioners are considering purchasing a new building while restorations are taking place on the historic county courthouse and have reached out to the public for their input.  https://t.co/pEeETtBZSE", "likes_count": 0, "replies_count": 0, "retweets_count": 0, "hashtags": []}
{"id": 1159251487148654593, "date": "2019-08-07", "time": "19:54:27", "tweet": "@Syphilicious_ Thank you for your input soldier", "likes_count": 1, "replies_count": 1, "retweets_count": 0, "hashtags": []}
{"id": 1159251456110653440, "date": "2019-08-07", "time": "19:54:19", "tweet": "I’ve been personally working on letting people have their opinion without my input, but y’all been wildin", "likes_count": 0, "replies_count": 0, "retweets_count": 0, "hashtags": []}
{"id": 1159251416562561024, "date": "2019-08-07", "time": "19:54:10", "tweet": "@KingJB_1776 @USATODAY Says the Controversial conservative white  man...thank you for your input...unpatriotic 😂😂😂", "likes_count": 0, "replies_count": 1, "retweets_count": 0, "hashtags": []}
{"id": 1159251407549001730, "date": "2019-08-07", "time": "19:54:08", "tweet": "Canada Seeks Input on New Members for the CPTPP Agreement  https://t.co/lOufNZuJv7 | by @BennettJonesLaw", "likes_count": 0, "replies_count": 0, "retweets_count": 0, "hashtags": []}
{"id": 1159251251156180994, "date": "2019-08-07", "time": "19:53:30", "tweet": "@itAston I’m glad this isn’t serious cause some of the takes I’ve been reading have me glad I’m on console lol Seems like a decent amount of PC community toxic over something stupid like input devices", "likes_count": 1, "replies_count": 1, "retweets_count": 0, "hashtags": []}
{"id": 1159251144922693632, "date": "2019-08-07", "time": "19:53:05", "tweet": "@MachineStopper @georgeprbenson What I have come to recognize over the course of this discussion is that you don't actually pay attention to what the other person says.   You have a fixed idea in your head and don't let little things like input change those fixed perceptions.", "likes_count": 1, "replies_count": 1, "retweets_count": 0, "hashtags": []}
{"id": 1159251119522144256, "date": "2019-08-07", "time": "19:52:59", "tweet": "@rantastic85 @smashwrestling @Idris_Abraham @Erik_WWE @Ivar_WWE @ProWrestlingPST Thanks for your input. The wrong picture was posted to the news article by mistake and unfortunately carried over to the tweet. However if you go to the linked article you’ll see the picture has been corrected.", "likes_count": 0, "replies_count": 0, "retweets_count": 0, "hashtags": []}
{"id": 1159250741007126528, "date": "2019-08-07", "time": "19:51:29", "tweet": "@binarybits @arstechnica  This article a dumpster fire. It's based on a false premise that cameras only are replacing lidar.  The Model 3 has radar and 12 ultrasonic sensors for data input to 3 dim point map.   https://t.co/rbs9TrUiFh   https://t.co/3mn0ZqSqdD", "likes_count": 0, "replies_count": 1, "retweets_count": 0, "hashtags": []}
{"id": 1159250674917531648, "date": "2019-08-07", "time": "19:51:13", "tweet": "Detailed Parameters:  Material Acrylic+Plastics Product Standard QI Input 5V/2A output 5V/1A Model Color White,Black Product Size 100*100*9.5mm Net Weight 55g Logo Method customized logo Minimum Order Qty 10pcs, the…  https://t.co/FZk1xyjltf", "likes_count": 0, "replies_count": 0, "retweets_count": 0, "hashtags": []}
{"id": 1159250376119353344, "date": "2019-08-07", "time": "19:50:02", "tweet": "Canada Seeks Input on New Members for the CPTPP Agreement  https://t.co/FyQbxXw3JC | by @BennettJonesLaw", "likes_count": 0, "replies_count": 0, "retweets_count": 0, "hashtags": []}
{"id": 1159250351964315648, "date": "2019-08-07", "time": "19:49:56", "tweet": "@pln_123 Pagi admin. Sy beli token stroom hari senin pagi. Lalu setelah selesai di input, kwh tidak bertambah. Sy ulang berkali2 ttp gak nambah. Sampai selasa siang masih gak bs. Rabu pagi di coba lg baru bisa. Tks.", "likes_count": 0, "replies_count": 0, "retweets_count": 0, "hashtags": []}
{"id": 1159250350114844672, "date": "2019-08-07", "time": "19:49:55", "tweet": "Tonight both my sister and my mum repeatedly requested ME! To be put on (quite aggressively) without my input AND THEN my brother put on The Archer without me even asking or mentioning it. Then other people complemented her artistry. I’m so proud of my family 💕 taught them well", "likes_count": 0, "replies_count": 0, "retweets_count": 0, "hashtags": []}
{"id": 1159250338420944897, "date": "2019-08-07", "time": "19:49:53", "tweet": "業務を構成する3要素 IPOを抑えてから開始する  Input…何を使ってその仕事をやるのか.必要な情報や関係者など Process…どのような手順や工数でその仕事をやるか.締め切りや完成前のチェックなどもを含む Output…どのような成果物を出せばいいのか.どんな仕上がり状態でいつまでに実現すればいいのか", "likes_count": 24, "replies_count": 1, "retweets_count": 4, "hashtags": []}
{"id": 1159250294305431553, "date": "2019-08-07", "time": "19:49:42", "tweet": "@adchempages Awesome! Thanks for your input Adrian!", "likes_count": 0, "replies_count": 1, "retweets_count": 0, "hashtags": []}
{"id": 1159250178735595520, "date": "2019-08-07", "time": "19:49:15", "tweet": "@Donalds2012 I believe it is more apt to be an inbalance of minerals. The pain description is different- no pulling or back issues. I thank you for your input, and care!", "likes_count": 0, "replies_count": 0, "retweets_count": 0, "hashtags": []}
{"id": 1159250081918443520, "date": "2019-08-07", "time": "19:48:52", "tweet": "@liam98wilson Thanks for the input, Liam.", "likes_count": 0, "replies_count": 1, "retweets_count": 0, "hashtags": []}
{"id": 1159250078516883456, "date": "2019-08-07", "time": "19:48:51", "tweet": "Cool so if you want to have input you have to host a bunch of people in your own home. What’s he afraid of?  https://t.co/gL1wIUzBV9", "likes_count": 6, "replies_count": 2, "retweets_count": 1, "hashtags": []}
{"id": 1159249958085832704, "date": "2019-08-07", "time": "19:48:22", "tweet": "@Lori32198263 @VickyDamota2 @CraigSMonroe @JohnBrennan I have and I do. Having business interests doesn't mean putting self over the country, like having spoken to someone from Russia doesn't make you a traitor. You may be saying a businessman can never be President. Thank you for your input.", "likes_count": 1, "replies_count": 2, "retweets_count": 0, "hashtags": []}
{"id": 1159249944060006401, "date": "2019-08-07", "time": "19:48:19", "tweet": "@Sagwakiyago @ngendapatrick We are very depend on foreign expertise to set and execute public policy. Pick any policy and assess it you will find that our input is still very small. It is very patriotic to raise this because it means we can spend real money and acquire our own capabilities. (3)", "likes_count": 1, "replies_count": 0, "retweets_count": 0, "hashtags": []}
{"id": 1159249789466415107, "date": "2019-08-07", "time": "19:47:42", "tweet": "Attention all Rutland City families- please fill out this survey to provide input on the schools.  https://t.co/C0E5IK1oFW", "likes_count": 3, "replies_count": 0, "retweets_count": 0, "hashtags": []}
{"id": 1159249704401563648, "date": "2019-08-07", "time": "19:47:22", "tweet": "@wcxd83 @AutoMattock Just like Chun’s 6HP into CA. This makes it real easy to do, feels like you have days to get that p input.", "likes_count": 0, "replies_count": 0, "retweets_count": 0, "hashtags": []}
{"id": 1159249505952206848, "date": "2019-08-07", "time": "19:46:34", "tweet": "@man_rat_ @sgtcurrypants The PS/4 port is a modern (circa 2016)  6-pin mini-DIN connector for input devices such as keyboards and mice. It has a much faster bus speed and lower latency than USB 3.0, though some enthusiasts say USB-C might barely edge it out in terms of functionality.", "likes_count": 1, "replies_count": 2, "retweets_count": 0, "hashtags": []}
{"id": 1159249498570416129, "date": "2019-08-07", "time": "19:46:32", "tweet": "Everybody I see giving there 2 cents on controller vs MnK always starts with “I don’t care what input you use” and always ends with “well you’d be better if you used controller/MnK” lmao get over yourselves y’all ALL probably suck who cares what somebody uses? 😂 #Destiny2", "likes_count": 1, "replies_count": 0, "retweets_count": 0, "hashtags": ["destiny2"]}
{"id": 1159249442610012166, "date": "2019-08-07", "time": "19:46:19", "tweet": "Footnote: my hours were not intended to guilt/shame anyone. Everyone’s max input is different &amp; contextual. This was simply me acknowledging that I’ve hit my max amt &amp; I’m proud of myself for what I’ve done even if it does not satisfy some. Do not work more than you can sustain!", "likes_count": 2, "replies_count": 0, "retweets_count": 0, "hashtags": []}
{"id": 1159249160807124992, "date": "2019-08-07", "time": "19:45:12", "tweet": "Canada Seeks Input on New Members for the CPTPP Agreement  https://t.co/tQcWOqq9Wb | by @BennettJonesLaw", "likes_count": 0, "replies_count": 0, "retweets_count": 0, "hashtags": []}
{"id": 1159249025448722433, "date": "2019-08-07", "time": "19:44:40", "tweet": "@cutesexyrobutts Just my input, due to being in nature and having those animal ears, she should've been barefoot, or even cooler, have hooves!", "likes_count": 0, "replies_count": 0, "retweets_count": 0, "hashtags": []}
