{"id": 1119390202676547584, "date": "2019-04-19", "time": "19:59:56", "tweet": "KPU Minta Masyarakat Tak Viralkan Kesalahan Input Data di Situs Resmi Real Count  https://t.co/Dm6Fj0xIXo  https://t.co/YLml4IaTdw", "likes_count": 0, "replies_count": 0, "retweets_count": 0, "hashtags": []}
{"id": 1119390194304602112, "date": "2019-04-19", "time": "19:59:54", "tweet": "Of course they aren't but then with only White men in charge... We need First People Elders to have input and we must have quantifiable results for any monies given out. These children are important and we MUST do everything we can to protect them.", "likes_count": 0, "replies_count": 0, "retweets_count": 0, "hashtags": []}
{"id": 1119390127363514369, "date": "2019-04-19", "time": "19:59:38", "tweet": "@fahd09 @Nashamri Although as you can store input as text in Godot (e.g. \"jump\", \"move_left\" etc.) you could also use json", "likes_count": 0, "replies_count": 1, "retweets_count": 0, "hashtags": []}
{"id": 1119390126717587456, "date": "2019-04-19", "time": "19:59:38", "tweet": "@CNNIndonesia Duh ya pak yai @saidaqil percaya yang mana? Yang salah input itu...", "likes_count": 0, "replies_count": 0, "retweets_count": 0, "hashtags": []}
{"id": 1119390118815703041, "date": "2019-04-19", "time": "19:59:36", "tweet": "Input lag is noticeable on Xbox One during downloading games.", "likes_count": 0, "replies_count": 0, "retweets_count": 0, "hashtags": []}
{"id": 1119390095675510785, "date": "2019-04-19", "time": "19:59:30", "tweet": "@ustadtengkuzul Bkan hnya 02 yg d rugijan tad, 01 juga mengalami ksalahan input data Lgian tuh otak jgn buruk aj yg d pikirin, lbih kn lu ikut main presiden presidenan  https://t.co/RUVgYqFmZy", "likes_count": 1, "replies_count": 0, "retweets_count": 0, "hashtags": []}
{"id": 1119390085110206464, "date": "2019-04-19", "time": "19:59:28", "tweet": "@haegge82 You are a great Mod &amp; an OG viewer dude, never feel pressured to join the stream. I appreciate all the work you do in chat &amp; your input also. IRL comes first", "likes_count": 0, "replies_count": 0, "retweets_count": 0, "hashtags": []}
{"id": 1119390078629896192, "date": "2019-04-19", "time": "19:59:26", "tweet": "@incubetmenn @fadlizon @prabowo @sandiuno Heh astagfirullahalazim. Dosa kamu hina ulama. Yang dilaporkan itu harusnya berbagai kecurangan yang udah nyata nampak, bukan ulama. Urus itu amanah surat suara yang tidak beres dan input data KPU yang terdapat kejanggalan. Hati kalian dimana?", "likes_count": 0, "replies_count": 0, "retweets_count": 0, "hashtags": []}
{"id": 1119390048237973505, "date": "2019-04-19", "time": "19:59:19", "tweet": "Salah input kok terus2an jangan membodohi rakyat wahai penguasa. Ingat siapa menabur dia menuai itu pasti. Doa org terdlolimi itu makbul. #02wintheelection #KpuJanganCurang", "likes_count": 0, "replies_count": 0, "retweets_count": 0, "hashtags": ["02wintheelection", "kpujangancurang"]}
{"id": 1119389968026091526, "date": "2019-04-19", "time": "19:59:00", "tweet": "@msaid_didu @KwikKianGie_ @KPU_ID Udah salah input revisi tanpa BA, apakah kita yakin data itu tak akan diubah lagi?", "likes_count": 0, "replies_count": 0, "retweets_count": 0, "hashtags": []}
{"id": 1119389961789136897, "date": "2019-04-19", "time": "19:58:58", "tweet": "Do you have any @DataCamp-alternative online courses that are worth adding to the list? We'd love your input!", "likes_count": 13, "replies_count": 1, "retweets_count": 3, "hashtags": []}
{"id": 1119389949843742721, "date": "2019-04-19", "time": "19:58:55", "tweet": "@IchalHamzah1 @KPU_ID Emg kurang ajar yg input..", "likes_count": 0, "replies_count": 0, "retweets_count": 0, "hashtags": []}
{"id": 1119389945637015552, "date": "2019-04-19", "time": "19:58:54", "tweet": "@matbury That's why open input is preferable - and easier!", "likes_count": 1, "replies_count": 3, "retweets_count": 0, "hashtags": []}
{"id": 1119389937751617536, "date": "2019-04-19", "time": "19:58:53", "tweet": "@fahd09 @Nashamri Sure, you could do this with most engines. Check the OS class in Godot to get the current time, and the ConfigFile class to easily save and load data like player input", "likes_count": 0, "replies_count": 0, "retweets_count": 0, "hashtags": []}
{"id": 1119389936883589121, "date": "2019-04-19", "time": "19:58:52", "tweet": "As a result data already stored appear as fresh input and the signifier.", "likes_count": 0, "replies_count": 0, "retweets_count": 0, "hashtags": []}
{"id": 1119389936862367744, "date": "2019-04-19", "time": "19:58:52", "tweet": "Salah input itu gak berkali kali... kalau salah Input itu terjadi berulang kali dan menyebar di seluruh wilayah Indonesia itu adalah kesengajaan.... #KpuJanganCurang  #KPUJanganKurangiSuara02  #KPUTidakNetral", "likes_count": 1, "replies_count": 0, "retweets_count": 0, "hashtags": ["kpujangancurang", "kpujangankurangisuara02", "kputidaknetral"]}
{"id": 1119389931778891776, "date": "2019-04-19", "time": "19:58:51", "tweet": "Hei @KPU_ID kalo kesalahan input terjadi secara acak kami maklum human error. Tapi kalo kesalahan input itu terpola itu artinya memang niat...namanya CURANG  #SaveOurDemocracy", "likes_count": 0, "replies_count": 0, "retweets_count": 0, "hashtags": ["saveourdemocracy"]}
{"id": 1119389929111314438, "date": "2019-04-19", "time": "19:58:51", "tweet": "Oi KPU Tidak Ada Salah Input Jika Scan C1 Dahulu, Tinggal Ketik Angka Dari C1. Sesuaikan Sama Bukan Hilang 1 Digit.", "likes_count": 0, "replies_count": 0, "retweets_count": 0, "hashtags": []}
{"id": 1119389907460378625, "date": "2019-04-19", "time": "19:58:45", "tweet": "@amrullah_sk @Yadi_0512 Salah input ko hasil seragam ? Sunati suara 02.  #KPUJanganKurangiSuara02", "likes_count": 1, "replies_count": 0, "retweets_count": 0, "hashtags": ["kpujangankurangisuara02"]}
{"id": 1119389903312211969, "date": "2019-04-19", "time": "19:58:44", "tweet": "@Fahrihamzah Om @Fahrihamzah Lombok juga sudah kena,salah input lgi Suruh @KPU_ID  belajar input data sama kasir Alfamart Indomaret aja om  https://t.co/nBkoPTaZaI", "likes_count": 9, "replies_count": 1, "retweets_count": 6, "hashtags": []}
