{"id": 1181720853966397440, "date": "2019-10-08", "time": "19:59:41", "tweet": "@RHC_consultancy Thankyou for your input Bob", "likes_count": 0, "replies_count": 0, "retweets_count": 0, "hashtags": []}
{"id": 1181720814477033472, "date": "2019-10-08", "time": "19:59:32", "tweet": "@lurka Make sure that Discord has access to the Accessibility permissions in System Preferences &gt; Security &amp; Privacy &gt; Accessibility! Catalina's been asking users to reapprove our access to systemwide keyboard input, so make sure that approval didn't disappear!", "likes_count": 1, "replies_count": 1, "retweets_count": 0, "hashtags": []}
{"id": 1181720777936105472, "date": "2019-10-08", "time": "19:59:23", "tweet": "@kendalllaw @hockeyshot1 @NHL @junior_hockey @TSNHockey Appreciate the input 🙏🏻 not all training has to be done with your head completely up if you’re aware of your surroundings and where you’re at in proximity to other players. When you’re moving it’s dif, when stationary this isn’t always wrong", "likes_count": 2, "replies_count": 0, "retweets_count": 0, "hashtags": []}
{"id": 1181720759904940032, "date": "2019-10-08", "time": "19:59:19", "tweet": "@nevona This would/will be v cool, but as this article points out, \"the archive isn’t extensive.\" Apple Pods also makes it very hard (or impossible?) to input your OPML from another app, and I don't often listen in AP. &amp; it doesn't separate transcript results from episode title results.", "likes_count": 0, "replies_count": 0, "retweets_count": 0, "hashtags": []}
{"id": 1181720744377516032, "date": "2019-10-08", "time": "19:59:15", "tweet": "@Blackmagic_News Please listen to your users! HyperDeck Studio Mini is awesome but it desperately needs: 1) A power switch; 2) An HDMI input; 3) A headphone jack. Thankyou!  https://t.co/DxSW2siBJe", "likes_count": 0, "replies_count": 0, "retweets_count": 0, "hashtags": []}
{"id": 1181720738069450752, "date": "2019-10-08", "time": "19:59:13", "tweet": "@XavierMartini Unless they have significant input on the design and interpretation, then no", "likes_count": 4, "replies_count": 1, "retweets_count": 0, "hashtags": []}
{"id": 1181720709564903425, "date": "2019-10-08", "time": "19:59:07", "tweet": "The APPG had no input into the thousands of 'individual' DWP/PHSO Maladministration Complaints which identified 2 not 1 piece of SP Legislation- Therefore they cant claim to speak on behalf of ALL women-Their Questionnaire + Final Report Rigged + Not Accepted By Those Attending.", "likes_count": 20, "replies_count": 1, "retweets_count": 11, "hashtags": []}
{"id": 1181720559685525504, "date": "2019-10-08", "time": "19:58:31", "tweet": "@ippus Flood it. Say what you need to. This affects so many, and it’s good to spread input on issues like this.", "likes_count": 0, "replies_count": 0, "retweets_count": 0, "hashtags": []}
{"id": 1181720480711151616, "date": "2019-10-08", "time": "19:58:12", "tweet": "@Folarin3D @survivorostorms @Neo12r @ab89 Do you need irony defined or did you just desperately wanna have input here?", "likes_count": 0, "replies_count": 1, "retweets_count": 0, "hashtags": []}
{"id": 1181720473257689088, "date": "2019-10-08", "time": "19:58:10", "tweet": "😺✏ — Payment will only be available via paypal, since it is the safest option! Or i believe you can input your card information manually.  https://t.co/NAWfxSteQk", "likes_count": 0, "replies_count": 0, "retweets_count": 0, "hashtags": []}
{"id": 1181720439803957249, "date": "2019-10-08", "time": "19:58:02", "tweet": "@farty @bgolus @CasualEffects Mine does this too, a normal Logitech optical mouse, tiled stone floors and a fairly solid wooden desk. Yet it seems like I just have to walk across the room for the mouse to feel an input.", "likes_count": 2, "replies_count": 0, "retweets_count": 0, "hashtags": []}
{"id": 1181720355787956225, "date": "2019-10-08", "time": "19:57:42", "tweet": "Your @CitySiouxFalls Council meeting is about to start. Jerry Fogg, Yankton Sioux Tribe, will give the invocation before the room recites the pledge. Light agenda, but public input should be interesting like usual. Ill tweet the highlights.", "likes_count": 1, "replies_count": 0, "retweets_count": 0, "hashtags": []}
{"id": 1181720334996819968, "date": "2019-10-08", "time": "19:57:37", "tweet": "@corvidresearch If this is about relationship/network building in addition to a solution to the question: Person A should reply to both. Person A should thank B for the help, and enthusiastically request input from C.", "likes_count": 0, "replies_count": 0, "retweets_count": 0, "hashtags": []}
{"id": 1181720315455393793, "date": "2019-10-08", "time": "19:57:33", "tweet": "@stroughtonsmith lack of control over the focus system is one of the reasons I stopped trying to make my terminal app work under Catalyst. I couldn't find a way to absorb the tab key and ensure the terminal input view gets focus 100% of the time. not an issue on iOS even with a hardware keyboard", "likes_count": 3, "replies_count": 1, "retweets_count": 0, "hashtags": []}
{"id": 1181720265442676739, "date": "2019-10-08", "time": "19:57:21", "tweet": "@PlayOverwatch If it’s anything like Fortnite on switch don’t even bother, game has input lag like a mf playing tracer, widow, soldier, Hanzo, zenyatta, etc all does characters will be hard to use just because of input lag on the analog sticks. Don’t release a game like that on the switch.", "likes_count": 0, "replies_count": 0, "retweets_count": 0, "hashtags": []}
{"id": 1181720244957507584, "date": "2019-10-08", "time": "19:57:16", "tweet": "@realDonaldTrump You made a mistake and now you’re trying to clean up your own mess.  No thought, no input from experts, just whatever suddenly comes into that little mind", "likes_count": 0, "replies_count": 0, "retweets_count": 0, "hashtags": []}
{"id": 1181720198287638528, "date": "2019-10-08", "time": "19:57:05", "tweet": "@SCailles We would like to address your concerns and help find solutions to ensure satisfaction with Banner Health. Please email us at bhcorpsocialresponseteam@bannerhealth.com with your name and contact information. We value your input.", "likes_count": 1, "replies_count": 0, "retweets_count": 0, "hashtags": []}
{"id": 1181720136295821312, "date": "2019-10-08", "time": "19:56:50", "tweet": "hehe usually i would vent on main but like i want y’alls input so .. permission to vent on main?", "likes_count": 4, "replies_count": 1, "retweets_count": 0, "hashtags": []}
{"id": 1181720075205779456, "date": "2019-10-08", "time": "19:56:35", "tweet": "@hsousa1997 Thanks for the input!", "likes_count": 1, "replies_count": 0, "retweets_count": 0, "hashtags": []}
{"id": 1181720046260772865, "date": "2019-10-08", "time": "19:56:28", "tweet": "The only apporpriate response to emotional abuse is crying and pleading for your dad to not hang something on the wall without your mom’s useless input because she’ll come home and blame you when it’s not perfect for letting him hang it without her", "likes_count": 0, "replies_count": 0, "retweets_count": 0, "hashtags": []}
{"id": 1181719958000144387, "date": "2019-10-08", "time": "19:56:07", "tweet": "Bet the Police welcomed the Transport Secretarys helpful input .......", "likes_count": 0, "replies_count": 0, "retweets_count": 0, "hashtags": []}
{"id": 1181719863397507072, "date": "2019-10-08", "time": "19:55:45", "tweet": "@Shieldlesscap @DeceivedF ok take 2  you see them jumping at you and aren't sure if the aerial will cross up  so you block it and buffer downtilt and then do the ambiguous input and then you win", "likes_count": 1, "replies_count": 0, "retweets_count": 0, "hashtags": []}
{"id": 1181719833513271297, "date": "2019-10-08", "time": "19:55:38", "tweet": "Let's have the women's input on this one, shall we alex?", "likes_count": 0, "replies_count": 0, "retweets_count": 0, "hashtags": []}
{"id": 1181719802794201090, "date": "2019-10-08", "time": "19:55:30", "tweet": "My project manager let some of us engineers vet resumes for potential new hires to the team. Sort of exciting being on the other end 😁. I like being part of the process. I know I'm not the deciding vote but providing input and helping the manager narrow down choices is engaging!", "likes_count": 5, "replies_count": 2, "retweets_count": 0, "hashtags": []}
{"id": 1181719751166513153, "date": "2019-10-08", "time": "19:55:18", "tweet": "@MegaMan Please make sure this doesn't have input delay on the switch", "likes_count": 0, "replies_count": 0, "retweets_count": 0, "hashtags": []}
{"id": 1181719749845233665, "date": "2019-10-08", "time": "19:55:18", "tweet": "@CristCacewx Thanks for the input Crist!", "likes_count": 1, "replies_count": 1, "retweets_count": 0, "hashtags": []}
{"id": 1181719719340056576, "date": "2019-10-08", "time": "19:55:11", "tweet": "I love this even spread. Thank you for your input.", "likes_count": 0, "replies_count": 0, "retweets_count": 0, "hashtags": []}
{"id": 1181719634204135430, "date": "2019-10-08", "time": "19:54:50", "tweet": "@KandUwU Thanks for giving that a try! Just to be sure, do you have output and input set to the specific bluetooth headset you're using in your User Settings &gt; Voice and Video settings?", "likes_count": 0, "replies_count": 2, "retweets_count": 0, "hashtags": []}
{"id": 1181719631674798080, "date": "2019-10-08", "time": "19:54:50", "tweet": "@jmatwood User input in design is so important example 1,532,234,758,928", "likes_count": 2, "replies_count": 0, "retweets_count": 0, "hashtags": []}
{"id": 1181719551056023552, "date": "2019-10-08", "time": "19:54:30", "tweet": "@garagarabola_ GBK dibuat CCTV di setiap sudut, pembelian tiket wajib online dan input data KTP, penonton cuma bisa duduk sesuai bangku yg ditempel tiket pemesan. Kalau kerusuhan, dapat oknum/pelakunya, suspend seumur hidup gak boleh masuk Stadion. Ayo PSSI, profesional lah sedikit.", "likes_count": 0, "replies_count": 3, "retweets_count": 0, "hashtags": []}
{"id": 1181719502091948033, "date": "2019-10-08", "time": "19:54:19", "tweet": "Enjoying or not enjoying @SnatchHQ recently? Your input for the game matters! If you have problems or have suggestions for the future of Snatch then come join our Discord Server and share them with the Snatch Team who will be willing to listen!  https://t.co/zlO0mYsU9L  #SnatchHQ", "likes_count": 2, "replies_count": 1, "retweets_count": 3, "hashtags": ["snatchhq"]}
{"id": 1181719463286018048, "date": "2019-10-08", "time": "19:54:09", "tweet": ".@CityofGP staff and Council will be at the Eastlink Centre until 7 pm to listen to public input on the 2020 budget #gpab  https://t.co/OUPF7B7U0Q", "likes_count": 0, "replies_count": 0, "retweets_count": 1, "hashtags": ["gpab"]}
{"id": 1181719433728819200, "date": "2019-10-08", "time": "19:54:02", "tweet": "@emergency_CNS @MHCC_NSW @NMHC it would be great to get some of your input into this especially around language used and to push towards a framework of support and recovery.", "likes_count": 1, "replies_count": 1, "retweets_count": 1, "hashtags": []}
{"id": 1181719432860585984, "date": "2019-10-08", "time": "19:54:02", "tweet": "@Davgarciathai @DiegoOjeda66 @Eva_Kobe @ddiez79 @JRafaelAngelM @ProfesoresdeELE @skrashen I agree with @DiegoOjeda66 . The importance of comprehensible input as the basis of acquiring language. Keep in mind that to acquiring language Ss need \"comprehensible input +1\". The issue is that nobody knows how much that +1 is. Great conversations are you having @ your school!", "likes_count": 2, "replies_count": 1, "retweets_count": 0, "hashtags": []}
{"id": 1181719347787698176, "date": "2019-10-08", "time": "19:53:42", "tweet": "@MileyCyrus be badass if you would read this and give me your input  https://t.co/ZWtX9yFHaG", "likes_count": 0, "replies_count": 0, "retweets_count": 0, "hashtags": []}
{"id": 1181719344339795969, "date": "2019-10-08", "time": "19:53:41", "tweet": "The .au Domain Administration is seeking community input on proposed changes to the .au licensing rules. There are a number of ways you can have your say 📣 including a series of consultation workshops. Find out more and register today:  https://t.co/5CyncSSTsV  https://t.co/vIONDuRCBf", "likes_count": 2, "replies_count": 0, "retweets_count": 3, "hashtags": []}
{"id": 1181719325138395137, "date": "2019-10-08", "time": "19:53:37", "tweet": "@Coocobean that is fair! ty for the input", "likes_count": 0, "replies_count": 0, "retweets_count": 0, "hashtags": []}
{"id": 1181719220016386048, "date": "2019-10-08", "time": "19:53:11", "tweet": "@KimStrassel I can hardly wait for the findings of an all democratic agenda debate with themselves. Impeachment with no input from an opponent. HYSTERICAL!  https://t.co/Cy3cDwP1jI", "likes_count": 7, "replies_count": 1, "retweets_count": 6, "hashtags": []}
{"id": 1181719154069397504, "date": "2019-10-08", "time": "19:52:56", "tweet": "As I write my 100th GraphQL output&lt;=&gt;input data reshaping function and 1,000th `useCallback` dependency value this week, I just want to say: I really, really miss Ruby on Rails.", "likes_count": 28, "replies_count": 3, "retweets_count": 1, "hashtags": []}
{"id": 1181718849172967424, "date": "2019-10-08", "time": "19:51:43", "tweet": "In case you’re interested in a Purdue ECE faculty member’s input on #fakevideo #PurdueEngineers #PurdueECE", "likes_count": 0, "replies_count": 0, "retweets_count": 0, "hashtags": ["fakevideo", "purdueengineers", "purdueece"]}
