{"id": 1098733931623563270, "date": "2019-02-21", "time": "18:59:17", "tweet": "@SNEAKYoSNEAKY @lethaleva @MuzzyTV this man muzzy said his community could beat all of our communities in any game I told him he's lying please what's your input on this nonsense 😭🤗", "likes_count": 1, "replies_count": 1, "retweets_count": 0, "hashtags": []}
{"id": 1098733929383645184, "date": "2019-02-21", "time": "18:59:16", "tweet": "Guys time ang kalaban tuwing tix selling so kung pwede pakiusapan yung nasa harap nyong pila na isabay nalang yung sainyo para mas masave yung time para sa iba kasi ang dami pang na input kapag isa isang bumibili nakakain yung oras. #LANYINMNL2019DAY2", "likes_count": 1, "replies_count": 0, "retweets_count": 0, "hashtags": ["lanyinmnl2019day2"]}
{"id": 1098733899574849537, "date": "2019-02-21", "time": "18:59:09", "tweet": "Metro Exodus looks incredible my only issue so far is the aiming (at least on consoles) feels a bit off. Like, sometimes it's a bit floaty like it's got some input lag.", "likes_count": 0, "replies_count": 0, "retweets_count": 0, "hashtags": []}
{"id": 1098733850941931521, "date": "2019-02-21", "time": "18:58:58", "tweet": "@LeonSaysRelax &gt; input from underqualified, inexperienced, careless and shoddy education 'professionals' who were more bothered about enhancing their grade than earning the money it gave them.  It's been a journey.", "likes_count": 0, "replies_count": 1, "retweets_count": 0, "hashtags": []}
{"id": 1098733840363868160, "date": "2019-02-21", "time": "18:58:55", "tweet": "Last of four public input meetings on what people want the new downtown kck grocery store to look like. The UG needs to turn in a recommendation by March 11. We’ll have the story on @41actionnews at 6:05.  https://t.co/sNQLBLZLBb", "likes_count": 3, "replies_count": 0, "retweets_count": 0, "hashtags": []}
{"id": 1098733794662772741, "date": "2019-02-21", "time": "18:58:44", "tweet": "@NotThatGoodYT @GamerGrindCo @PartiallyRoyal HAHA Input the code thats \"NOTTHATGOOD\"  Im sorry I would use that code in an instant", "likes_count": 1, "replies_count": 0, "retweets_count": 0, "hashtags": []}
{"id": 1098733756217729024, "date": "2019-02-21", "time": "18:58:35", "tweet": "@hkleonhart I actually think this is very likely. Everyone loved it in FFXV, and they implemented those selfies in KH3. Maybe it won't be exactly like Prompto, but I loved how he randomly generated photos. It suspended disbelief that someone took photos of your adventure without your input!", "likes_count": 1, "replies_count": 0, "retweets_count": 0, "hashtags": []}
{"id": 1098733752933593089, "date": "2019-02-21", "time": "18:58:34", "tweet": "@MetroVideoGame Input lag on movements and the slow sensitivity on console. Sensitivity is pissing me off since 2033", "likes_count": 2, "replies_count": 0, "retweets_count": 0, "hashtags": []}
{"id": 1098733727621017601, "date": "2019-02-21", "time": "18:58:28", "tweet": "My @Google branded PoS Sony teevee refuses to turn on to the correct input, as if I would spend a fn dime on Google as a result @sundarpichai  Never buy a teevee that has Chromecast or The Goog baked in.", "likes_count": 0, "replies_count": 0, "retweets_count": 1, "hashtags": []}
{"id": 1098733698638331905, "date": "2019-02-21", "time": "18:58:21", "tweet": "You can't just pronounce something wrong, just to get it to rhyme. I mean, unless some people really do pronounce it like that. #Canadians? Any input? #banahnahs", "likes_count": 1, "replies_count": 0, "retweets_count": 0, "hashtags": ["canadians", "banahnahs"]}
{"id": 1098733697518526465, "date": "2019-02-21", "time": "18:58:21", "tweet": "Roy can True combo Usmash out of Jab if the opponent Di's in Input Upsmash immediately out of your initial dash by rolling the stick upwards quickly Useful when in a position where Bair won't kill Kills earlier with rage  Exact % windows needs labbing Tested with friend #ssbu_roy  https://t.co/gpL61pD3op", "likes_count": 10, "replies_count": 3, "retweets_count": 2, "hashtags": ["ssbu_roy"]}
{"id": 1098733595194122240, "date": "2019-02-21", "time": "18:57:57", "tweet": "@DenPublicWorks Here's my input. This new mobility follows wealth. The City should regulate to ensure equal access to all neighborhoods without discrimination.  https://t.co/OgIYG0tvMY", "likes_count": 2, "replies_count": 1, "retweets_count": 0, "hashtags": []}
{"id": 1098733581017513984, "date": "2019-02-21", "time": "18:57:53", "tweet": "How much has the @metrolinx deal cost us, the riders? A substantial drop in service quality, a downgrade in options to pay fare, gates that are costing millions in lost fares and constant repairs, and now a fare hike that ignored all input from riders.", "likes_count": 0, "replies_count": 0, "retweets_count": 0, "hashtags": []}
{"id": 1098733439069507586, "date": "2019-02-21", "time": "18:57:20", "tweet": "@RobSalesforce @MikeGerholdt @pchittum @cfidurauk Hi @RobSalesforce let's talk! @Jgb2a and I are working on the plan for promoting Trailblazer Community Groups. Would love to get your input! DM me and we'll find a time next week!", "likes_count": 5, "replies_count": 0, "retweets_count": 0, "hashtags": []}
{"id": 1098733355590344704, "date": "2019-02-21", "time": "18:57:00", "tweet": "@_Greenhouse_ @ConnectSport Sports field is not stand rock. It's  https://t.co/wq9mJk55jv new  move Past100 years.we used old versions, doing repeated research wasting  https://t.co/TXJPb66CBP,we input AIMEN tech movement science input next gen games start! games Kumar a sports scientist can I present  it?  https://t.co/pbrLDxCJsU", "likes_count": 0, "replies_count": 0, "retweets_count": 0, "hashtags": []}
{"id": 1098733319087366144, "date": "2019-02-21", "time": "18:56:51", "tweet": "@uptop_zim @WhitlockJason Nope I want everyone to get properly compensated but growth of the popularity of the game gets players even more money. Even you no fans players get paid zero. Thanks for your input.", "likes_count": 0, "replies_count": 0, "retweets_count": 0, "hashtags": []}
{"id": 1098733211201560577, "date": "2019-02-21", "time": "18:56:25", "tweet": "#Input does not guarantee the #output. Never take the #journey for granted...  https://t.co/WhXxzQGpVA", "likes_count": 2, "replies_count": 0, "retweets_count": 0, "hashtags": ["input", "output", "journey"]}
{"id": 1098733063809294336, "date": "2019-02-21", "time": "18:55:50", "tweet": "50 Minutes left✨ your input is very important~!", "likes_count": 1, "replies_count": 0, "retweets_count": 0, "hashtags": []}
{"id": 1098732933743931392, "date": "2019-02-21", "time": "18:55:19", "tweet": "@trashbuggy OH absolutely not, esp not me since I don't work directly with the creative side and have no artistic input!! but thank you for asking!!! you should post it (if you want)!!!", "likes_count": 1, "replies_count": 1, "retweets_count": 0, "hashtags": []}
{"id": 1098732555334025218, "date": "2019-02-21", "time": "18:53:49", "tweet": "@duckonjunebug @UnknownSoldier @donna_shelton @Electric_EMS @SenSchumer I can’t speak to who is or is not subsidizing on a state level. That’s a state decision. I should only have input on my own state. States shouldn’t be subsidizing other states though.", "likes_count": 0, "replies_count": 2, "retweets_count": 0, "hashtags": []}
{"id": 1098732517786415104, "date": "2019-02-21", "time": "18:53:40", "tweet": "of ill  patients in  hospitals and at home. Devices embedded in the  environment  track the  physical state of a person for continuous health  diagnosis,  using as  input the data from a network of depth cameras, a  sensing floor,  or  other similar devices. Body-area networks", "likes_count": 0, "replies_count": 0, "retweets_count": 0, "hashtags": []}
{"id": 1098732449230548993, "date": "2019-02-21", "time": "18:53:24", "tweet": "Have you been looking for a way to have input in the Pasco community? Apply for a City board or commission!  https://t.co/v6lzV0I44c #PascoProud #BeAPartofYourCommunity  https://t.co/VXSadX6YWc", "likes_count": 0, "replies_count": 0, "retweets_count": 0, "hashtags": ["pascoproud", "beapartofyourcommunity"]}
{"id": 1098732405253390339, "date": "2019-02-21", "time": "18:53:13", "tweet": "This #biotech #career development program for #PhD #postdoc was a big success in 2018, our inaugural year. This year four trainees from 2018 program are serving on the planning committee. It’s no doubt even better w/ trainee input! Info session tomorrow. See👇🏽@umichFFMI @UM_MICHR", "likes_count": 3, "replies_count": 0, "retweets_count": 2, "hashtags": ["biotech", "career", "phd", "postdoc"]}
{"id": 1098732402585657344, "date": "2019-02-21", "time": "18:53:12", "tweet": "Hi I would appreciate input  @kerinats @onlytofind @Cosmicmilktea  Suffer with me", "likes_count": 0, "replies_count": 2, "retweets_count": 0, "hashtags": []}
{"id": 1098732321291862016, "date": "2019-02-21", "time": "18:52:53", "tweet": "@JoePisapia17 @EricCross04 Don’t you mean Soto?  LOL.  Appreciate the input.", "likes_count": 1, "replies_count": 1, "retweets_count": 0, "hashtags": []}
{"id": 1098732199690596352, "date": "2019-02-21", "time": "18:52:24", "tweet": "@PutItInMyGlass @NHL @MarioLemieuxFdn @NHLFlyers @penguins @nbc @Sportsnet @TVASports thanks for the input! i bet they’ll definitely take it into consideration for you", "likes_count": 6, "replies_count": 1, "retweets_count": 0, "hashtags": []}
{"id": 1098732192082153472, "date": "2019-02-21", "time": "18:52:22", "tweet": "@GuardianMC @Plague_2 @FlashfireSSBLoL @Fons_SSB @RubenZKou7a Just a standard usb, no input lag", "likes_count": 1, "replies_count": 0, "retweets_count": 0, "hashtags": []}
{"id": 1098732125048766464, "date": "2019-02-21", "time": "18:52:06", "tweet": "Allen Bradley 1771-IR/D G02 Rev. B RTD Input Module 1771IR 1771IRD  https://t.co/QTQ1XNA9qF", "likes_count": 0, "replies_count": 0, "retweets_count": 0, "hashtags": []}
{"id": 1098732104316272640, "date": "2019-02-21", "time": "18:52:01", "tweet": "The new robot is called 🍩. Ss voted on Tuesday. I see Donut on the ground. I wonder what number will Ss input then 🍩 output.  A S made their own robot (Butter) at the craft table with their output rule.   A coin matching sheet hidden inside the smoothie bin! Where is the ⭐️?  https://t.co/GCtoBkre8g", "likes_count": 7, "replies_count": 0, "retweets_count": 1, "hashtags": []}
{"id": 1098731975463063552, "date": "2019-02-21", "time": "18:51:31", "tweet": "@Oneoneder Fair point in the long term, although it's not totally unreasonable for the Berliners to want some democratic input into the planning process rather than just open market.", "likes_count": 1, "replies_count": 0, "retweets_count": 0, "hashtags": []}
{"id": 1098731892633792513, "date": "2019-02-21", "time": "18:51:11", "tweet": "@jdrgreen Hi David - Can you outline what the public consultation process will consist of, and where members of the public can sign up to provide feedback/input to the trustees? What is the timeline for board approval of the #LRFP revisions? #bced #vanpoli #vanre #schoolclosures", "likes_count": 0, "replies_count": 0, "retweets_count": 1, "hashtags": ["lrfp", "bced", "vanpoli", "vanre", "schoolclosures"]}
{"id": 1098731874862551043, "date": "2019-02-21", "time": "18:51:07", "tweet": "@JameyEisenberg @AdamAizer  enjoyed the show today. Missed you on the pod @daverichard  and @heathcummingssr.  Looking for some input on a dynasty trade (my first year playing)...do i give up rookie pick 1.3 and 1.11 and TY Hilton to get back Julio?", "likes_count": 1, "replies_count": 2, "retweets_count": 0, "hashtags": []}
{"id": 1098731839269806080, "date": "2019-02-21", "time": "18:50:58", "tweet": "Last chance to share your input! Recreation Market Analysis Online Survey closes February 24, 2019.  https://t.co/jLU0HG0y7H #saanich #yyj  https://t.co/9CmkYlKoZD", "likes_count": 0, "replies_count": 0, "retweets_count": 0, "hashtags": ["saanich", "yyj"]}
{"id": 1098731820449857537, "date": "2019-02-21", "time": "18:50:54", "tweet": "@jennifer_cocom Never said to abandon them, I’m just saying it’s less of a chance of that weirdo wanting to pay money to abuse them. It’s just my input on the subject.", "likes_count": 0, "replies_count": 0, "retweets_count": 0, "hashtags": []}
{"id": 1098731768998518785, "date": "2019-02-21", "time": "18:50:41", "tweet": "@Tonyk3434 @KenWo4LiFe @whitesox We (like he had some input) offered what we felt was the best offer.  I laughed out loud at his response and asked him to not contact me about tickets  any more.  It will be a long while before I head to the ball park again.", "likes_count": 0, "replies_count": 0, "retweets_count": 0, "hashtags": []}
{"id": 1098731260468490240, "date": "2019-02-21", "time": "18:48:40", "tweet": "@ScottHall_101 @samzorz Im not though, but thanks for your input and defense of your brother. I understand your motivation.", "likes_count": 7, "replies_count": 1, "retweets_count": 0, "hashtags": []}
{"id": 1098731232316149761, "date": "2019-02-21", "time": "18:48:33", "tweet": "How much input will @WWE and @VinceMcMahon specifically have in the new Hulk Hogan biopic? Because it’ll be weird if they can’t get clearance to say “WWF”, “Hulkamania” and show all the logos and stuff.", "likes_count": 0, "replies_count": 0, "retweets_count": 0, "hashtags": []}
{"id": 1098731226066808832, "date": "2019-02-21", "time": "18:48:32", "tweet": "@andrea_skirvin Hi, Andrea! While this option isn't currently available, we'll be sure to forward your input to our team. For now, you may be interested in:  https://t.co/gmBW8s6zeC. You'll be able stream without any ad interruptions. To see how to toggle this on, visit:  https://t.co/WQGy7c3JaM!", "likes_count": 0, "replies_count": 0, "retweets_count": 0, "hashtags": []}
{"id": 1098731178440441858, "date": "2019-02-21", "time": "18:48:21", "tweet": "@GovRoyCooper   Perhaps you can have some input here?", "likes_count": 0, "replies_count": 0, "retweets_count": 0, "hashtags": []}
{"id": 1098731067362734080, "date": "2019-02-21", "time": "18:47:54", "tweet": "why do folks have social media accounts if they don’t wanna be social? 🤔 like I comment/put my input in on things and interact with my@followers. Ain’t that what you supposed to do? 😂maybe it’s just me.", "likes_count": 5, "replies_count": 1, "retweets_count": 0, "hashtags": []}
{"id": 1098730919127441408, "date": "2019-02-21", "time": "18:47:19", "tweet": "The ability to have input on and remove things you don’t want to see on your feed is so important.", "likes_count": 0, "replies_count": 0, "retweets_count": 0, "hashtags": []}
{"id": 1098730914904006656, "date": "2019-02-21", "time": "18:47:18", "tweet": "#EarlyVoting starts in NY for the first time this fall. Complete this survey to give your input as to where to locate @BroomeVotes #EarlyVoting poll sites:  https://t.co/kzj9WRwDZ5", "likes_count": 1, "replies_count": 0, "retweets_count": 0, "hashtags": ["earlyvoting", "earlyvoting"]}
{"id": 1098730878145052673, "date": "2019-02-21", "time": "18:47:09", "tweet": "@knaas @goal @espn ESPN/Fox are idiots for not jumping on the #SaveDTheCrew #Crew96 story this season. I wonder how much input Garber had on quashing his embarrassment...", "likes_count": 3, "replies_count": 0, "retweets_count": 0, "hashtags": ["savedthecrew", "crew96"]}
{"id": 1098730866908360704, "date": "2019-02-21", "time": "18:47:06", "tweet": "@bishreksuaI hmmm that's weird that its isolated to just those.......it might not be the touchpad but you could try fiddling with its settings to see if that helps, most computers will have some sort of touchguard/sensitivity setting to help prevent accidental input. Idk what else it might be", "likes_count": 0, "replies_count": 1, "retweets_count": 0, "hashtags": []}
{"id": 1098730817382158337, "date": "2019-02-21", "time": "18:46:54", "tweet": "@KevinRxse Kevin I’m crying he said no I don’t and she said unexpected input let’s try this again but louder", "likes_count": 1, "replies_count": 1, "retweets_count": 0, "hashtags": []}
{"id": 1098730729977118721, "date": "2019-02-21", "time": "18:46:34", "tweet": "@Enishi_Narutaru @guachafito_2 \"Guachadle.\" Done ✔️", "likes_count": 1, "replies_count": 0, "retweets_count": 0, "hashtags": []}
{"id": 1098730682065522688, "date": "2019-02-21", "time": "18:46:22", "tweet": "Hi #BackInTimeForSchool please can we have the track listing for the 80's and '90's? I assume @sarajcox had some input?", "likes_count": 0, "replies_count": 0, "retweets_count": 0, "hashtags": ["backintimeforschool"]}
{"id": 1098730586041143301, "date": "2019-02-21", "time": "18:45:59", "tweet": "Thank u all for ur input, I have made a decision! My decision is that I could not decide, so I will be doing a combo of all of these. Either way, I will be taking an 'undesirable' dog and giving her the best home w/ Yagi thanks and gn!!!!", "likes_count": 3, "replies_count": 0, "retweets_count": 0, "hashtags": []}
{"id": 1098730372630687744, "date": "2019-02-21", "time": "18:45:08", "tweet": "@linkaja Kemarin katanya tinggal update aja, nyatanya sampai dimenu input PIN muter2 teruus, sampai ulang lagi ulang lagi gitu aja terus, kalau belum siap mending jangan dilaunching dulu deh, nyusahin aja", "likes_count": 0, "replies_count": 1, "retweets_count": 0, "hashtags": []}
{"id": 1098730321707786240, "date": "2019-02-21", "time": "18:44:56", "tweet": "@PowPowSmash @Plague_2 @FlashfireSSBLoL @Fons_SSB @RubenZKou7a What adapter is that and how's the input delay?", "likes_count": 0, "replies_count": 1, "retweets_count": 0, "hashtags": []}
{"id": 1098730298404229120, "date": "2019-02-21", "time": "18:44:51", "tweet": "Ah man... This is heartbreaking news. Sometimes you read a writer's work for so long you feel like you know them. This is certainly the case here. His input on the Sox will be greatly missed.", "likes_count": 2, "replies_count": 0, "retweets_count": 0, "hashtags": []}
{"id": 1098730232536690688, "date": "2019-02-21", "time": "18:44:35", "tweet": "@Judgenap Congress has delegated at least 136 distinct statutory emergency powers to the President upon the declaration of an emergency. Only 13 require a declaration from Congress; the remaining 123 are invoked by an executive declaration with no Congressional input.[2]", "likes_count": 0, "replies_count": 0, "retweets_count": 0, "hashtags": []}
{"id": 1098730114177736706, "date": "2019-02-21", "time": "18:44:07", "tweet": "Great see such a good turnout for the Smith-Rocky Branch Greenway public hearing, and thanks to Councilwoman @terracio4rc for her support of the important public input process!  https://t.co/auVSPr7XHb", "likes_count": 1, "replies_count": 0, "retweets_count": 1, "hashtags": []}
{"id": 1098730086675578880, "date": "2019-02-21", "time": "18:44:00", "tweet": "@KamalaHarris You water down the severity of the #JussieSmollet hate crime with your bogus ‘at the same time’ advice. People do not need your input to determine how to respond. It helped your anti-lynching law to pass, didn’t it? Mission accomplished.", "likes_count": 0, "replies_count": 0, "retweets_count": 0, "hashtags": ["jussiesmollet"]}
{"id": 1098730081177034752, "date": "2019-02-21", "time": "18:43:59", "tweet": "@SylviaJonesMPP cc @fordnation @C_Mulroney I fixed your Phil Huck image! Imagine the Liberals asking for input on improving accountability yet concealing that #onpoli police board executive directors/staff aren't subject to Police Services Act! Keep them exempt tho --more \"transparent\" that way.  https://t.co/Vd8N2cpmqy", "likes_count": 0, "replies_count": 0, "retweets_count": 0, "hashtags": ["onpoli"]}
{"id": 1098729937840885760, "date": "2019-02-21", "time": "18:43:25", "tweet": "Come join us for an interactive community meeting at the Elkhorn Fire Protection District at the NEW DATE of March 2nd at 10am to share your input for the 2020 Strategic Plan! Click here for more info:  https://t.co/U3Vh3B17Km  https://t.co/U3Vh3B17Km", "likes_count": 1, "replies_count": 0, "retweets_count": 0, "hashtags": []}
{"id": 1098729900536668162, "date": "2019-02-21", "time": "18:43:16", "tweet": "Thinking about starting a kickstarter for a small book on working at Amazon. Would love some input.  https://t.co/ttcsvB0PGw  https://t.co/8ebBdPaIRU", "likes_count": 0, "replies_count": 0, "retweets_count": 0, "hashtags": []}
{"id": 1098729823160152065, "date": "2019-02-21", "time": "18:42:57", "tweet": "@AbiGailKitKat Absolutely! I look forward to hearing from you. Thanks for the input.", "likes_count": 0, "replies_count": 0, "retweets_count": 0, "hashtags": []}
{"id": 1098729736346324992, "date": "2019-02-21", "time": "18:42:37", "tweet": "she said just to ship the CDs to her house in japan and she'll open em up and input the codes cus roselia lottery is until april omfg", "likes_count": 0, "replies_count": 0, "retweets_count": 0, "hashtags": []}
{"id": 1098729725026095104, "date": "2019-02-21", "time": "18:42:34", "tweet": "ew lmao i just heard “this has nothing to do with me but i’m gonna give my input anways bc this is what u signed up for” skknsd", "likes_count": 0, "replies_count": 0, "retweets_count": 0, "hashtags": []}
