{"id": 1179184198650859526, "date": "2019-10-01", "time": "19:59:55", "tweet": "@Joe63281285 @RepMaxineWaters Thanks for your input bot", "likes_count": 0, "replies_count": 0, "retweets_count": 0, "hashtags": []}
{"id": 1179184170595225600, "date": "2019-10-01", "time": "19:59:49", "tweet": "@TheKanehB @BoyonaTurtle @truthstreamnews Yeah, its why stories of Area 51 call the base Dreamland. The ET's have advanced hologram technology that can focus the holograms over your eyes specifically during sleep and input a type of screen memory or movie while you are in a REM state. Synthetic Telepathy as well.", "likes_count": 1, "replies_count": 1, "retweets_count": 0, "hashtags": []}
{"id": 1179184170209349635, "date": "2019-10-01", "time": "19:59:49", "tweet": "We’re recording our next episode this week, and we are going to discuss astrological prejudice. Can you tell us which signs you have a visceral reaction against and why? Do you feel like it’s fair? We appreciate your input and we can’t wait to include it on our next ep!  https://t.co/8TJGbQQBpc", "likes_count": 22, "replies_count": 10, "retweets_count": 4, "hashtags": []}
{"id": 1179184140568141824, "date": "2019-10-01", "time": "19:59:41", "tweet": "Ask for “#advice” &amp; you get 54% more input than “#feedback”: @HarvardBiz studies The word “feedback” encourages people to think about the past, vs. the future with “advice” provoking more critical &amp; actionable input  https://t.co/icpj9HkADz #Leadership #CareerDevelopment #Mindset", "likes_count": 1, "replies_count": 0, "retweets_count": 0, "hashtags": ["advice", "feedback", "leadership", "careerdevelopment", "mindset"]}
{"id": 1179184083412361219, "date": "2019-10-01", "time": "19:59:28", "tweet": "@blchristiansen Would some of the current ins premium $ shift towards the input Co in this scenario?", "likes_count": 0, "replies_count": 1, "retweets_count": 0, "hashtags": []}
{"id": 1179184052068323329, "date": "2019-10-01", "time": "19:59:20", "tweet": "@realDonaldTrump Some GOP Representatives think they're going to meet secretly over the break and then introduce articles of impeachment crafted without Republican input", "likes_count": 0, "replies_count": 0, "retweets_count": 0, "hashtags": []}
{"id": 1179183985211129857, "date": "2019-10-01", "time": "19:59:04", "tweet": "I can actually sympathize with pseudo-senator Sanders on #SNL about pushing the Input button on the TV remote. ☺  Occasionally that annoying menu seems to come up spontaneously... ☹", "likes_count": 0, "replies_count": 0, "retweets_count": 0, "hashtags": ["snl"]}
{"id": 1179183903984308224, "date": "2019-10-01", "time": "19:58:45", "tweet": "Closed orders and secret societies, whether they be religious or governmental, are the groups that have the hardest time reforming themselves in the face of failure without outside input. ~David Kay  https://t.co/nFHSRr3R3K", "likes_count": 1, "replies_count": 0, "retweets_count": 1, "hashtags": []}
{"id": 1179183774396899328, "date": "2019-10-01", "time": "19:58:14", "tweet": "The single best measure of principal effectiveness is teacher input @ToddWhitaker opening keynote @acelaustralia national conference #visionandvoice", "likes_count": 1, "replies_count": 0, "retweets_count": 0, "hashtags": ["visionandvoice"]}
{"id": 1179183718625234944, "date": "2019-10-01", "time": "19:58:01", "tweet": "“The single best measure of principal effectiveness is teacher input” @ToddWhitaker #visionandvoice  https://t.co/vyJT1Xg3In", "likes_count": 6, "replies_count": 0, "retweets_count": 2, "hashtags": ["visionandvoice"]}
{"id": 1179183689059590145, "date": "2019-10-01", "time": "19:57:54", "tweet": "Single best measure of principal effectiveness: teacher input - Todd Whittaker #visionandvoice @acelaustralia", "likes_count": 1, "replies_count": 0, "retweets_count": 0, "hashtags": ["visionandvoice"]}
{"id": 1179183679345582081, "date": "2019-10-01", "time": "19:57:51", "tweet": "Single most best measure of principal effectiveness – teacher input #visionandvoice @acelaustralia", "likes_count": 0, "replies_count": 0, "retweets_count": 0, "hashtags": ["visionandvoice"]}
{"id": 1179183610861105153, "date": "2019-10-01", "time": "19:57:35", "tweet": "Just took myself out this family committee.. giving my input and everyone older than me is talking over me and ignoring me completely. TF y’all put me in it for? Just so I can do work but y’all not listen? I think not. I’m grown af. Bye.", "likes_count": 0, "replies_count": 0, "retweets_count": 0, "hashtags": []}
{"id": 1179183557924667392, "date": "2019-10-01", "time": "19:57:23", "tweet": "DID YOU KNOW WINDMILLS CAUSE CANCER? CORONAL EJECTIONS FROM THE SUN SEND HARMONICS ACROSS SPACE RESONATING WITH REBAR DEEP IN CONCRETE OVERPASSES CAUSING ELECTRONIC VOTING BOOTHS TO VOTE DEMOCRAT WITHOUT ANY INPUT. THATS WHY MOST METROPOLITAN AREAS ARE BLUE. SEE THE MAP? IT'S RED", "likes_count": 0, "replies_count": 0, "retweets_count": 0, "hashtags": []}
{"id": 1179183508197138432, "date": "2019-10-01", "time": "19:57:11", "tweet": "@Helenreflects I miss your input Helen Thanks for this. I hope things are going OK in the US  Is all the anti immigration stuff from Patel racism, exercising control, elitist or a mixture of all. I find that Patel really seems to enjoy her role and limiting immigration but don’t understand why.", "likes_count": 10, "replies_count": 2, "retweets_count": 2, "hashtags": []}
{"id": 1179183463985008640, "date": "2019-10-01", "time": "19:57:00", "tweet": "@TomMettam (2/2) better through our user's input. See this page for the steps on how to send a report using the in-app report feature:  https://t.co/si9Xnubk3x. Thank you for your patience and understanding.", "likes_count": 0, "replies_count": 1, "retweets_count": 0, "hashtags": []}
{"id": 1179183450416451584, "date": "2019-10-01", "time": "19:56:57", "tweet": "@howardeskin Klentak shouldn’t have any input since he and macphail are the primary issue.", "likes_count": 1, "replies_count": 0, "retweets_count": 0, "hashtags": []}
{"id": 1179183403779973120, "date": "2019-10-01", "time": "19:56:46", "tweet": "@TravisErwin Sounds like my kinda show. Any input on the Henry Winkler show “Barry”?", "likes_count": 0, "replies_count": 1, "retweets_count": 0, "hashtags": []}
{"id": 1179183395882094592, "date": "2019-10-01", "time": "19:56:44", "tweet": "@LucasAHaag Bingo. Both pricing startegies could very well have their place in any given region. My first assumption would be there would be some $ of current ins premiums shifted towards the input Co for Output Based Pricing? Maybe this part of the strategy?", "likes_count": 3, "replies_count": 0, "retweets_count": 0, "hashtags": []}
{"id": 1179183267079213056, "date": "2019-10-01", "time": "19:56:13", "tweet": "@CammiMark @jimenezlynnette @LetM3Beat no one asked for your input cameron", "likes_count": 4, "replies_count": 1, "retweets_count": 0, "hashtags": []}
