{"id": 1092935885048360960, "date": "2019-02-05", "time": "18:59:55", "tweet": "This week's transformation vitamin: \"Clean eating\" The important of what \"input, determines your out\" why is important to put in the right foods to clean your thinking and get you…  https://t.co/j3DqNP1Nu1", "likes_count": 0, "replies_count": 0, "retweets_count": 0, "hashtags": []}
{"id": 1092935730807083009, "date": "2019-02-05", "time": "18:59:18", "tweet": "Commissioner Howell: How were streets determined. Fields: they hired a company to survey each road, what each needs, and costs. Computer generated the list....no human input on the list.  Project was unanimously approved.", "likes_count": 0, "replies_count": 0, "retweets_count": 0, "hashtags": []}
{"id": 1092935728730959872, "date": "2019-02-05", "time": "18:59:18", "tweet": "@ShipLives Oh crap. I forgot she’s one of yours now. I have no input other than sliding a virtual beer across the virtual table 🍺", "likes_count": 2, "replies_count": 0, "retweets_count": 0, "hashtags": []}
{"id": 1092935693624471552, "date": "2019-02-05", "time": "18:59:09", "tweet": "I'm playing games on iCashApp and it's so much fun! Download it, input the refer code R6PX5V9 get coins. #iCashPro  https://t.co/EAUFzuX1Eg", "likes_count": 0, "replies_count": 0, "retweets_count": 0, "hashtags": ["icashpro"]}
{"id": 1092935557251035136, "date": "2019-02-05", "time": "18:58:37", "tweet": "@IanS36599218 @pmdfoster Thanks for your input Ivan.", "likes_count": 0, "replies_count": 2, "retweets_count": 0, "hashtags": []}
{"id": 1092935540985548801, "date": "2019-02-05", "time": "18:58:33", "tweet": "@SendaiMike I’ll make sure to work on my panning in the future. I’m really happy that the mix can translate to mono well but definitely would have liked to incorporate more low end looking back at it. Nonetheless, I appreciate your input and thanks for listening 🙏🏻", "likes_count": 1, "replies_count": 1, "retweets_count": 0, "hashtags": []}
{"id": 1092935479698153472, "date": "2019-02-05", "time": "18:58:18", "tweet": "Thanks, helpful input.", "likes_count": 11, "replies_count": 2, "retweets_count": 1, "hashtags": []}
{"id": 1092935432940277760, "date": "2019-02-05", "time": "18:58:07", "tweet": "@LanceStorm @TNADixie you got any input for this???", "likes_count": 0, "replies_count": 0, "retweets_count": 0, "hashtags": []}
{"id": 1092935244670472192, "date": "2019-02-05", "time": "18:57:22", "tweet": "Congress needs your input (but don’t call it crowdsourcing) -  https://t.co/hebLDCAP0N  https://t.co/3d1Grm1U1A", "likes_count": 0, "replies_count": 0, "retweets_count": 0, "hashtags": []}
{"id": 1092935217118097409, "date": "2019-02-05", "time": "18:57:16", "tweet": "If you play bfv with xim4 on console and aim assist on... I hate you . Just try to get better with regular input devices . I have to do the same when I game FPS on pc", "likes_count": 0, "replies_count": 0, "retweets_count": 0, "hashtags": []}
{"id": 1092935093444698112, "date": "2019-02-05", "time": "18:56:46", "tweet": "Next #gleanerheights update is going to have an even friendlier gamepad input scheme. It's gonna be A W E S O M E !", "likes_count": 3, "replies_count": 0, "retweets_count": 1, "hashtags": ["gleanerheights"]}
{"id": 1092935033608761344, "date": "2019-02-05", "time": "18:56:32", "tweet": "@aim2bgreat @MatthewHootonNZ Those \"Iwi/Kiwi\" signs and the thinking behind them were predicated on the idea that these are opposites. The fact that Brash still steps forward whenever he's given a chance to rail against the use of Te Reo on RNZ or campaign against Māori representation or input into policy...", "likes_count": 0, "replies_count": 1, "retweets_count": 0, "hashtags": []}
{"id": 1092934996585836545, "date": "2019-02-05", "time": "18:56:23", "tweet": "This week's transformation vitamin: \"Clean eating\" The important of what \"input, determines your out\" why is important to put in the right foods to clean your thinking and get you…  https://t.co/tq3jEECc4z", "likes_count": 0, "replies_count": 0, "retweets_count": 0, "hashtags": []}
{"id": 1092934943452418048, "date": "2019-02-05", "time": "18:56:10", "tweet": "@jvhawkins @Mateyush @JorgeCSantos @hiroshi331 But thank you for your input. Yeah I automatically start walking down the stairs.", "likes_count": 1, "replies_count": 0, "retweets_count": 0, "hashtags": []}
{"id": 1092934818646712325, "date": "2019-02-05", "time": "18:55:41", "tweet": "The input we've all been waiting for", "likes_count": 0, "replies_count": 0, "retweets_count": 0, "hashtags": []}
{"id": 1092934739135287296, "date": "2019-02-05", "time": "18:55:22", "tweet": "@ITK_CanadaInuit @ntipresident @gary_srp “Notwithstanding all the rhetoric about ‘co-development’, this bill shows no measurable Inuit input, despite our best efforts to engage as partners,” @ntipresident Kotierk said. “And when I say none, I mean none.”  https://t.co/eaePuua6KU 17/", "likes_count": 1, "replies_count": 1, "retweets_count": 0, "hashtags": []}
{"id": 1092934707178811392, "date": "2019-02-05", "time": "18:55:14", "tweet": "I’m giving frontals one more try.. this might be my fav unit yet... s/o to Zad for his input 😘", "likes_count": 0, "replies_count": 0, "retweets_count": 0, "hashtags": []}
{"id": 1092934688660811776, "date": "2019-02-05", "time": "18:55:10", "tweet": "This week's transformation vitamin: \"Clean eating\"  The important of what \"input, determines your out\" why is important to put in the right foods to clean your thinking and get you…  https://t.co/vT6rapsBTk", "likes_count": 0, "replies_count": 0, "retweets_count": 0, "hashtags": []}
{"id": 1092934662320738304, "date": "2019-02-05", "time": "18:55:03", "tweet": "At Oshawa Environmental Advisory Committee. Next week, February 12, 6-8:30pm, public invited to participate in providing input to the City of Oshawa's Community Greenhouse Gas Reduction Plan - come help shape...  https://t.co/v5asABDC7T", "likes_count": 0, "replies_count": 0, "retweets_count": 0, "hashtags": []}
{"id": 1092934617689141248, "date": "2019-02-05", "time": "18:54:53", "tweet": "@KindFortress @jonpower Totally armchairing, but I wonder if the audience (families?) had anything to do with it. Streamlined for ease of learning/teaching. Input randomness to make the investment \"worth it.\"   I'm curious which other designers. I'd love to try their stuff.", "likes_count": 1, "replies_count": 0, "retweets_count": 0, "hashtags": []}
