{"id": 1186794338392727552, "date": "2019-10-22", "time": "19:59:54", "tweet": "@Ben56542436 @BearingtonTrade Agree. Thank you for all your great input!", "likes_count": 0, "replies_count": 2, "retweets_count": 0, "hashtags": []}
{"id": 1186794298836168705, "date": "2019-10-22", "time": "19:59:45", "tweet": "@JolyonMaugham @DaleVince @joannaccherry Looks like you triggered a pile-on by Brexit dimwits! Haven't seen so many before. Maybe because they \"seen you on the telly\" so you're on their radar. Nevertheless, from me it's thanks (again) for your ever-worthy input.", "likes_count": 3, "replies_count": 0, "retweets_count": 0, "hashtags": []}
{"id": 1186794209090473984, "date": "2019-10-22", "time": "19:59:23", "tweet": "@matthaeus Beyond extending a display and multitasking, there is collaboration, co-consumption, different set ups / rotations that could enable different interactions / scenarios in an app, and there is input/ouput..", "likes_count": 0, "replies_count": 1, "retweets_count": 0, "hashtags": []}
{"id": 1186794150282305536, "date": "2019-10-22", "time": "19:59:09", "tweet": "@TheBattleRifle lol nice Is it actually picked up in the speedrunning scene? I find it odd because if it's the case for melee, then that whole fuss about the input lag actually has a legal solution, but I'm not sure if someone has actually checked to see if the polling is there or not", "likes_count": 0, "replies_count": 1, "retweets_count": 0, "hashtags": []}
{"id": 1186794149736931329, "date": "2019-10-22", "time": "19:59:09", "tweet": "@meredamn happy to help if you still need people’s input!!!!!!", "likes_count": 0, "replies_count": 1, "retweets_count": 0, "hashtags": []}
{"id": 1186794075254591488, "date": "2019-10-22", "time": "19:58:51", "tweet": "@LetsTalkSoaps @Hood318Lahood Yeah, and every time he had an input about something. The \" Logans \" would brush off his response and act like his input didn't matter. Thank goodness I left that FuitLope Fandom. I still think I had Hogan Syndrome 🤢.  https://t.co/VBrIEhjRhs", "likes_count": 6, "replies_count": 1, "retweets_count": 3, "hashtags": []}
{"id": 1186794027842191360, "date": "2019-10-22", "time": "19:58:40", "tweet": "Lucky Fishing have fun. What are you waiting for? Download it, input the refer code 9R8893S to get reward. https://t.co/qVt4WX4sAN", "likes_count": 0, "replies_count": 0, "retweets_count": 0, "hashtags": []}
{"id": 1186793934196039680, "date": "2019-10-22", "time": "19:58:18", "tweet": "@MSTODAYnews IHL has screwed Ole Miss one way or another for years and I’m sick of it! They fired Jones with no input from UM despite him being successful. They then hire Vitter with a shortened search &amp; without input from UM. IHL then hires Boyce with a scam “search” without input from UM.", "likes_count": 0, "replies_count": 0, "retweets_count": 0, "hashtags": []}
{"id": 1186793894576451584, "date": "2019-10-22", "time": "19:58:08", "tweet": "Semoga program yg dijalankan memberi input baru dan berguna kepada Jabatan. @JKRSetiu @MOWorks", "likes_count": 8, "replies_count": 0, "retweets_count": 5, "hashtags": []}
{"id": 1186793873839816704, "date": "2019-10-22", "time": "19:58:03", "tweet": "hei, help me out with tokyo seventh sisters! input NjeQlQY in the referral campaign section!!! thanks a lot ♡ #t7s", "likes_count": 0, "replies_count": 0, "retweets_count": 0, "hashtags": ["t7s"]}
{"id": 1186793843426902017, "date": "2019-10-22", "time": "19:57:56", "tweet": "@futurebird Physical keyboards could be relics within 20-25 years; and we are very good at improving/disrupting/replacing input devices.    Technology may be able to augment, but not replace the fabulousness of hats and scarves though.  Even snakess wear hats &amp; scarves!", "likes_count": 1, "replies_count": 0, "retweets_count": 0, "hashtags": []}
{"id": 1186793787089018882, "date": "2019-10-22", "time": "19:57:43", "tweet": "Inherently and genetically predisposed to being an A hole - thanks for the input Twigsta", "likes_count": 1, "replies_count": 1, "retweets_count": 0, "hashtags": []}
{"id": 1186793753580843009, "date": "2019-10-22", "time": "19:57:35", "tweet": "Took me hours but I finally figured out some more about making player input work. Sure was stressful, but hey, little bit at a time I guess.", "likes_count": 0, "replies_count": 0, "retweets_count": 0, "hashtags": []}
{"id": 1186793737948545024, "date": "2019-10-22", "time": "19:57:31", "tweet": "Really!! 3 year olds! With no adult input! They should publish a paper. Teachers/staff should be sacked.", "likes_count": 0, "replies_count": 0, "retweets_count": 0, "hashtags": []}
{"id": 1186793729262116865, "date": "2019-10-22", "time": "19:57:29", "tweet": "SOFT SKILLS I would require as an employer:  1. Knows how to google. Identifying the appropriate keywords to input in search engines is no common sense. 2. Able to identify fake news 3. Understands satire content 4. Has quality online content (memes and status updates alike)", "likes_count": 4, "replies_count": 1, "retweets_count": 0, "hashtags": []}
{"id": 1186793710710874113, "date": "2019-10-22", "time": "19:57:24", "tweet": "Figured I'd put my input on a cool meta. IMO this would be the coolest meta. Not ordered btw.  https://t.co/FRIWgCxxGb", "likes_count": 2, "replies_count": 1, "retweets_count": 0, "hashtags": []}
{"id": 1186793693245853706, "date": "2019-10-22", "time": "19:57:20", "tweet": "@MURPHAGATOR At RB Houston SFV (this was my first time playing SFV btw), I forgot to bind my medium punch button, forgot how to swap forms as Zeku, and forgot the throw input so I got looped by a Guile. He didn't believe it was my first time playing until after.", "likes_count": 2, "replies_count": 0, "retweets_count": 0, "hashtags": []}
{"id": 1186793599368859648, "date": "2019-10-22", "time": "19:56:58", "tweet": "@kingthie23 @bmerkley8 @FearTheBeard613 Got a lil input there if youd like a special guest", "likes_count": 1, "replies_count": 1, "retweets_count": 0, "hashtags": []}
{"id": 1186793505689161730, "date": "2019-10-22", "time": "19:56:35", "tweet": "@cityswiss Headache is from starving. I was not a coffee drinker at all. Thank you for the input. My wife did get headaches  when she quit coffee though.", "likes_count": 1, "replies_count": 0, "retweets_count": 0, "hashtags": []}
{"id": 1186793407970271233, "date": "2019-10-22", "time": "19:56:12", "tweet": "Multi-layered Google seach -- 2  https://t.co/JdY2VibQqn Hi,  I am looking for a script (preferably python or php) that would let me: 1. Input a zip code 2. And it will find all \"business A\" there - like grocery, hospitals 3. And then take distance as a parameter  4... (Budget: …", "likes_count": 0, "replies_count": 0, "retweets_count": 0, "hashtags": []}
