{"id": 1184619844378992640, "date": "2019-10-16", "time": "19:59:14", "tweet": "@crstanier @simplybastow External to my team but within the organisation (engineering). Different teams work on different parts of the features so an end to end feature cannot be completed without input from other teams. We completed our work but it took another squad 40 days to complete their part.", "likes_count": 0, "replies_count": 0, "retweets_count": 0, "hashtags": []}
{"id": 1184619735310311424, "date": "2019-10-16", "time": "19:58:48", "tweet": "State Board of Education requests accounting rule change, seeks budget input  https://t.co/95Nw4dI4g9", "likes_count": 0, "replies_count": 0, "retweets_count": 0, "hashtags": []}
{"id": 1184619715097968641, "date": "2019-10-16", "time": "19:58:43", "tweet": "State Board of Education requests accounting rule change, seeks budget input  https://t.co/PhdlI95pGc", "likes_count": 0, "replies_count": 0, "retweets_count": 0, "hashtags": []}
{"id": 1184619410289389569, "date": "2019-10-16", "time": "19:57:31", "tweet": "@Mr_RSmash Not sure what the best way is but you can only SDI once per 4 frames, and the first SDI input made during the downtime will be your next SDI input (iirc?)  You're probably better off just focusing on proper DI? Idk", "likes_count": 61, "replies_count": 3, "retweets_count": 0, "hashtags": []}
{"id": 1184619342845087751, "date": "2019-10-16", "time": "19:57:15", "tweet": "@KaraStrick @kytv This marina owner, and others affected by water use, should provide input on the White River Basin Study.  Oct. 29, 6-7:30 p.m. College of the Ozarks,  Keeter Center,  U.S. Bank Foyer,  Point Lookout, MO  https://t.co/5peeIsx2YA", "likes_count": 0, "replies_count": 0, "retweets_count": 0, "hashtags": []}
{"id": 1184619308183277568, "date": "2019-10-16", "time": "19:57:06", "tweet": "would be cool to see a game sequel that knows i’ve played the first, knows my skill level and time spent, and then gives me a “unique” experience based on that input. is this a thing? #gamedev @gamesight", "likes_count": 2, "replies_count": 1, "retweets_count": 0, "hashtags": ["gamedev"]}
{"id": 1184619264877256705, "date": "2019-10-16", "time": "19:56:56", "tweet": "At this week's council meeting, the following items were requested for the draft 2020 Capital Budget based on residents' input - Frankford Rd resurfacing &amp; paved shoulder, Old Hwy 2 Reconstruction, Farnham Road reconstruction &amp; preliminary study of trail connection under Hwy 401.", "likes_count": 0, "replies_count": 0, "retweets_count": 0, "hashtags": []}
{"id": 1184619258694848513, "date": "2019-10-16", "time": "19:56:55", "tweet": "State Board of Education requests accounting rule change, seeks budget input  https://t.co/XVzesx8e7y", "likes_count": 0, "replies_count": 0, "retweets_count": 0, "hashtags": []}
{"id": 1184619248037052417, "date": "2019-10-16", "time": "19:56:52", "tweet": "This is in no way a judgement about this woman, btw. It's a judgement about working somewhere that is willing to hire the first (possibly only) applicant w/out my input &amp; making me make it work. There's only so much I can teach someone who hasn't worked for a decade+ in 2 days...", "likes_count": 10, "replies_count": 0, "retweets_count": 0, "hashtags": []}
{"id": 1184619152339681280, "date": "2019-10-16", "time": "19:56:29", "tweet": "I was trying to figure out why my word counter application wasn't working and then I realized I wasn't giving it input so it was returning 0 because i didn't give it any words to count", "likes_count": 0, "replies_count": 0, "retweets_count": 0, "hashtags": []}
{"id": 1184619060476162050, "date": "2019-10-16", "time": "19:56:07", "tweet": "@SCMPNews Need input...  https://t.co/2yFrNPQSnX", "likes_count": 3, "replies_count": 0, "retweets_count": 0, "hashtags": []}
{"id": 1184619020365910016, "date": "2019-10-16", "time": "19:55:58", "tweet": "@spicyyytea true, american standards might be different then 🤔 but like! yeah if your therapist won't listen to your concerns then they're not a good therapist. you deserve someone who will take your input seriously!", "likes_count": 0, "replies_count": 1, "retweets_count": 0, "hashtags": []}
{"id": 1184618938295914498, "date": "2019-10-16", "time": "19:55:38", "tweet": "@FGCgoomba @ShadeMoneh Your new set ups are godlike and no excuses but yeah left does work 100% so sometimes it randomly stops blocking on the left side and i can't input qc. Also why sometimes i did the rocket air combo into gamora and no groot came out a few times. Lol", "likes_count": 0, "replies_count": 0, "retweets_count": 0, "hashtags": []}
{"id": 1184618887108845569, "date": "2019-10-16", "time": "19:55:26", "tweet": "@FoldableHuman depending on what you want to achieve, you may want to have the ability to just apply a time dilation to animations and such. It's often there somewhere (because it's useful). It's also a solution that ensures player input is still responsive.", "likes_count": 0, "replies_count": 0, "retweets_count": 0, "hashtags": []}
{"id": 1184618774521098240, "date": "2019-10-16", "time": "19:54:59", "tweet": "Share your input! Survey here  https://t.co/No4dINhPa2", "likes_count": 0, "replies_count": 0, "retweets_count": 0, "hashtags": []}
{"id": 1184618724529078272, "date": "2019-10-16", "time": "19:54:47", "tweet": "@galgitron @acegikmo_q @xrpzen2 well said.  Thanks for the input I do appreciate it and the kind tone", "likes_count": 3, "replies_count": 1, "retweets_count": 0, "hashtags": []}
{"id": 1184618650692661248, "date": "2019-10-16", "time": "19:54:30", "tweet": "@mrscienceteach A4: Believe in yourself! You have so much to offer to your students, your teammates, as well as others in the profession. Allow yourself to blossom and be confident in yourself as others are only going to become better with your input to the profession #kfpchat", "likes_count": 8, "replies_count": 0, "retweets_count": 1, "hashtags": ["kfpchat"]}
{"id": 1184618549106466816, "date": "2019-10-16", "time": "19:54:05", "tweet": "@TheSWHpodcast @RobSchneider @realpatriciasch I’m listening to “Should We Move?” so I can give some input 👍🏻", "likes_count": 0, "replies_count": 0, "retweets_count": 0, "hashtags": []}
{"id": 1184618532207771648, "date": "2019-10-16", "time": "19:54:01", "tweet": "@thais_tunon PS4Windows com o Input Mapper, xuxu! ❤️", "likes_count": 1, "replies_count": 1, "retweets_count": 0, "hashtags": []}
{"id": 1184618455980371968, "date": "2019-10-16", "time": "19:53:43", "tweet": "@AllisonAspen @TheAspenTimes @CarolynSack The City has received input from the community regarding road safety issues on Park and Midland. At this point we are still gathering information on the issues. Thank you for your feedback.", "likes_count": 0, "replies_count": 0, "retweets_count": 0, "hashtags": []}
{"id": 1184619844378992640, "date": "2019-10-16", "time": "19:59:14", "tweet": "@crstanier @simplybastow External to my team but within the organisation (engineering). Different teams work on different parts of the features so an end to end feature cannot be completed without input from other teams. We completed our work but it took another squad 40 days to complete their part.", "likes_count": 0, "replies_count": 0, "retweets_count": 0, "hashtags": []}
{"id": 1184619735310311424, "date": "2019-10-16", "time": "19:58:48", "tweet": "State Board of Education requests accounting rule change, seeks budget input  https://t.co/95Nw4dI4g9", "likes_count": 0, "replies_count": 0, "retweets_count": 0, "hashtags": []}
{"id": 1184619715097968641, "date": "2019-10-16", "time": "19:58:43", "tweet": "State Board of Education requests accounting rule change, seeks budget input  https://t.co/PhdlI95pGc", "likes_count": 0, "replies_count": 0, "retweets_count": 0, "hashtags": []}
{"id": 1184619410289389569, "date": "2019-10-16", "time": "19:57:31", "tweet": "@Mr_RSmash Not sure what the best way is but you can only SDI once per 4 frames, and the first SDI input made during the downtime will be your next SDI input (iirc?)  You're probably better off just focusing on proper DI? Idk", "likes_count": 61, "replies_count": 3, "retweets_count": 0, "hashtags": []}
{"id": 1184619342845087751, "date": "2019-10-16", "time": "19:57:15", "tweet": "@KaraStrick @kytv This marina owner, and others affected by water use, should provide input on the White River Basin Study.  Oct. 29, 6-7:30 p.m. College of the Ozarks,  Keeter Center,  U.S. Bank Foyer,  Point Lookout, MO  https://t.co/5peeIsx2YA", "likes_count": 0, "replies_count": 0, "retweets_count": 0, "hashtags": []}
{"id": 1184619308183277568, "date": "2019-10-16", "time": "19:57:06", "tweet": "would be cool to see a game sequel that knows i’ve played the first, knows my skill level and time spent, and then gives me a “unique” experience based on that input. is this a thing? #gamedev @gamesight", "likes_count": 2, "replies_count": 1, "retweets_count": 0, "hashtags": ["gamedev"]}
{"id": 1184619264877256705, "date": "2019-10-16", "time": "19:56:56", "tweet": "At this week's council meeting, the following items were requested for the draft 2020 Capital Budget based on residents' input - Frankford Rd resurfacing &amp; paved shoulder, Old Hwy 2 Reconstruction, Farnham Road reconstruction &amp; preliminary study of trail connection under Hwy 401.", "likes_count": 0, "replies_count": 0, "retweets_count": 0, "hashtags": []}
{"id": 1184619258694848513, "date": "2019-10-16", "time": "19:56:55", "tweet": "State Board of Education requests accounting rule change, seeks budget input  https://t.co/XVzesx8e7y", "likes_count": 0, "replies_count": 0, "retweets_count": 0, "hashtags": []}
{"id": 1184619248037052417, "date": "2019-10-16", "time": "19:56:52", "tweet": "This is in no way a judgement about this woman, btw. It's a judgement about working somewhere that is willing to hire the first (possibly only) applicant w/out my input &amp; making me make it work. There's only so much I can teach someone who hasn't worked for a decade+ in 2 days...", "likes_count": 10, "replies_count": 0, "retweets_count": 0, "hashtags": []}
{"id": 1184619152339681280, "date": "2019-10-16", "time": "19:56:29", "tweet": "I was trying to figure out why my word counter application wasn't working and then I realized I wasn't giving it input so it was returning 0 because i didn't give it any words to count", "likes_count": 0, "replies_count": 0, "retweets_count": 0, "hashtags": []}
{"id": 1184619060476162050, "date": "2019-10-16", "time": "19:56:07", "tweet": "@SCMPNews Need input...  https://t.co/2yFrNPQSnX", "likes_count": 3, "replies_count": 0, "retweets_count": 0, "hashtags": []}
{"id": 1184619020365910016, "date": "2019-10-16", "time": "19:55:58", "tweet": "@spicyyytea true, american standards might be different then 🤔 but like! yeah if your therapist won't listen to your concerns then they're not a good therapist. you deserve someone who will take your input seriously!", "likes_count": 0, "replies_count": 1, "retweets_count": 0, "hashtags": []}
{"id": 1184618938295914498, "date": "2019-10-16", "time": "19:55:38", "tweet": "@FGCgoomba @ShadeMoneh Your new set ups are godlike and no excuses but yeah left does work 100% so sometimes it randomly stops blocking on the left side and i can't input qc. Also why sometimes i did the rocket air combo into gamora and no groot came out a few times. Lol", "likes_count": 0, "replies_count": 0, "retweets_count": 0, "hashtags": []}
{"id": 1184618887108845569, "date": "2019-10-16", "time": "19:55:26", "tweet": "@FoldableHuman depending on what you want to achieve, you may want to have the ability to just apply a time dilation to animations and such. It's often there somewhere (because it's useful). It's also a solution that ensures player input is still responsive.", "likes_count": 0, "replies_count": 0, "retweets_count": 0, "hashtags": []}
{"id": 1184618774521098240, "date": "2019-10-16", "time": "19:54:59", "tweet": "Share your input! Survey here  https://t.co/No4dINhPa2", "likes_count": 0, "replies_count": 0, "retweets_count": 0, "hashtags": []}
{"id": 1184618724529078272, "date": "2019-10-16", "time": "19:54:47", "tweet": "@galgitron @acegikmo_q @xrpzen2 well said.  Thanks for the input I do appreciate it and the kind tone", "likes_count": 3, "replies_count": 1, "retweets_count": 0, "hashtags": []}
{"id": 1184618650692661248, "date": "2019-10-16", "time": "19:54:30", "tweet": "@mrscienceteach A4: Believe in yourself! You have so much to offer to your students, your teammates, as well as others in the profession. Allow yourself to blossom and be confident in yourself as others are only going to become better with your input to the profession #kfpchat", "likes_count": 8, "replies_count": 0, "retweets_count": 1, "hashtags": ["kfpchat"]}
{"id": 1184618549106466816, "date": "2019-10-16", "time": "19:54:05", "tweet": "@TheSWHpodcast @RobSchneider @realpatriciasch I’m listening to “Should We Move?” so I can give some input 👍🏻", "likes_count": 0, "replies_count": 0, "retweets_count": 0, "hashtags": []}
{"id": 1184618532207771648, "date": "2019-10-16", "time": "19:54:01", "tweet": "@thais_tunon PS4Windows com o Input Mapper, xuxu! ❤️", "likes_count": 1, "replies_count": 1, "retweets_count": 0, "hashtags": []}
{"id": 1184618455980371968, "date": "2019-10-16", "time": "19:53:43", "tweet": "@AllisonAspen @TheAspenTimes @CarolynSack The City has received input from the community regarding road safety issues on Park and Midland. At this point we are still gathering information on the issues. Thank you for your feedback.", "likes_count": 0, "replies_count": 0, "retweets_count": 0, "hashtags": []}
{"id": 1184618191923879937, "date": "2019-10-16", "time": "19:52:40", "tweet": "@abbideckeredu You're amazing and we loved getting your input on social media at the student/young professionals PD session! 👑", "likes_count": 6, "replies_count": 1, "retweets_count": 0, "hashtags": []}
{"id": 1184618152010772480, "date": "2019-10-16", "time": "19:52:31", "tweet": "@DigDougXD I agree a lot with what they’re saying here. I didn’t see anything saying graphics were the deal breaker but instead Input lag, server lag, and poor integration of the motions controls. As someone who has played Overwatch for a long time, these are very valid complaints.", "likes_count": 1, "replies_count": 1, "retweets_count": 0, "hashtags": []}
{"id": 1184618114924728320, "date": "2019-10-16", "time": "19:52:22", "tweet": "This @CTTI_Trials webinar will reveal new recommendations for using #RealWorldData to plan patient eligibility and recruitment based on research and collaboration across the #clinicaltrials ecosystem, including input from Syneos Health's David Thompson.  https://t.co/D2GHQHJ7qt  https://t.co/9rAWNWAvYm", "likes_count": 3, "replies_count": 0, "retweets_count": 3, "hashtags": ["realworlddata", "clinicaltrials"]}
{"id": 1184618011027591170, "date": "2019-10-16", "time": "19:51:57", "tweet": "【ゆる募】5〜10万でおすすめのオーディオインターフェース  inputはキャノン一つにフォン一つずつあれば良いです。", "likes_count": 2, "replies_count": 0, "retweets_count": 0, "hashtags": []}
{"id": 1184617918409166849, "date": "2019-10-16", "time": "19:51:35", "tweet": "but like... why are... non-black people putting in their input on the n-word as if y’all can say it,,,,,, just shut the fuck up oh my goodness", "likes_count": 2, "replies_count": 0, "retweets_count": 0, "hashtags": []}
{"id": 1184617917255692288, "date": "2019-10-16", "time": "19:51:35", "tweet": "We need your input! Yes, even yours!", "likes_count": 1, "replies_count": 0, "retweets_count": 1, "hashtags": []}
{"id": 1184617914646831104, "date": "2019-10-16", "time": "19:51:34", "tweet": "@Sozzinski \"A call for evidence\"   I suspect that's code for \"We only want input from the likes of Jo Maugham, Camilla Batmanjellyfish's proteges and groups fronting for the Joseph Rowntree Coffee Morning\"", "likes_count": 1, "replies_count": 0, "retweets_count": 0, "hashtags": []}
{"id": 1184617801950093313, "date": "2019-10-16", "time": "19:51:07", "tweet": "Vanity metrics feel good. Actionable metrics do good.  Examples (vanity / actionable):  Busyness / Productivity Words written / ideas conveyed Income / Net worth Nonfiction read / Concepts retained Fiction read / Stories engaged College degree / Knowledge Input / Output", "likes_count": 8, "replies_count": 1, "retweets_count": 0, "hashtags": []}
{"id": 1184617784719937538, "date": "2019-10-16", "time": "19:51:03", "tweet": "BOURNE: The @USACEHQ recommend the replacement of the Sagamore and Bourne Bridges. Seeking public input at this time. #capecod  https://t.co/poOfavszgG", "likes_count": 6, "replies_count": 1, "retweets_count": 0, "hashtags": ["capecod"]}
{"id": 1184617763576274945, "date": "2019-10-16", "time": "19:50:58", "tweet": "@CHIZMAGA @fliflisky @catturd2   Input Please‼️‼️😎", "likes_count": 0, "replies_count": 0, "retweets_count": 0, "hashtags": []}
{"id": 1184617762393452544, "date": "2019-10-16", "time": "19:50:58", "tweet": "@Nevets1107 @NerdPokerPod @dantelfer @blainecapatch Can’t speak for everyone but happy to hear input on what I’m missing! Some stuff we leave out on purpose (I don’t think I’ve EVER played a campaign with anyone that took components seriously?) but mostly I try to do things by the book so lmk what chapters I seem to have skipped!", "likes_count": 4, "replies_count": 3, "retweets_count": 0, "hashtags": []}
{"id": 1184617462601400320, "date": "2019-10-16", "time": "19:49:46", "tweet": "@ThomasDemichele @BitcoinBullpen Good observation @ThomasDemichele, thanks for your input.", "likes_count": 1, "replies_count": 1, "retweets_count": 0, "hashtags": []}
{"id": 1184617456956051457, "date": "2019-10-16", "time": "19:49:45", "tweet": "Congratulations to Chase Miceli as he is sworn in as the 14th student representative to the Board of Education.  I recommend that any board that hasn't already added one, consider it now.  Their input in awesome.  @SHPantherEye @SweetHomeCSD @ECASBnews  https://t.co/haP9rJQ1tr", "likes_count": 16, "replies_count": 0, "retweets_count": 3, "hashtags": []}
{"id": 1184617427910316032, "date": "2019-10-16", "time": "19:49:38", "tweet": "@MrBenLaw Nothing important: email, text input, battery life.", "likes_count": 7, "replies_count": 1, "retweets_count": 0, "hashtags": []}
{"id": 1184617407819767810, "date": "2019-10-16", "time": "19:49:33", "tweet": "@7amode3389 @FortniteStatus Yes I’m getting horrible input lag on a Xbox controller because of this", "likes_count": 0, "replies_count": 0, "retweets_count": 0, "hashtags": []}
{"id": 1184617393466703872, "date": "2019-10-16", "time": "19:49:30", "tweet": "ドンジュアン観劇後、｢あんな引き出しがあるんだ、刺激をもらった｣ってガヤさんに伝えた千賀くん自身の引き出しもinputの旅でいっぱいになってるよね？", "likes_count": 2, "replies_count": 0, "retweets_count": 0, "hashtags": []}
{"id": 1184617190491688960, "date": "2019-10-16", "time": "19:48:41", "tweet": "デフォルトで以下が有効って、最強ですか？ The following services are enabled by default:  Airplay Analoge input of the DAC+ ADC Bluetooth Logitech Media Server / Squeezebox MPD Spotify Roon", "likes_count": 3, "replies_count": 0, "retweets_count": 0, "hashtags": []}
{"id": 1184617143133863936, "date": "2019-10-16", "time": "19:48:30", "tweet": "@RetroBitGaming @CastleManiaRyan Whahhhhh??????? You guys made a wireless version for the Genesis mini? I didn't know that!? Following you guys now. Is there any input lag on the wireless controllers? Also what's this I heard about dreamcast Controllers? Wireless too? 🧐🤔", "likes_count": 1, "replies_count": 1, "retweets_count": 0, "hashtags": []}
{"id": 1184617102088507392, "date": "2019-10-16", "time": "19:48:20", "tweet": "@NAK3DDesigns @MidknightGiant @RacingStolen @klea283 @projectfdl This is me asking you for input and inviting you to join the madness 😂", "likes_count": 3, "replies_count": 0, "retweets_count": 0, "hashtags": []}
{"id": 1184616989668597766, "date": "2019-10-16", "time": "19:47:54", "tweet": "I have less than two weeks until my next concert and more than likely my last show of 2019 and I’m really sad..  Also, I’m really really REALLY asking input on this - should I start vlogging this shit? 😰", "likes_count": 11, "replies_count": 3, "retweets_count": 0, "hashtags": []}
{"id": 1184616936325484544, "date": "2019-10-16", "time": "19:47:41", "tweet": "@Brady5008 @30STMandmore @30SECONDSTOMARS @Brady5008 who asked for your input? Because it sure wasn’t me.", "likes_count": 0, "replies_count": 1, "retweets_count": 0, "hashtags": []}
{"id": 1184616894705344512, "date": "2019-10-16", "time": "19:47:31", "tweet": "One of the very few trustworthy journalists out there, Ben Swann Breaks Down ABC News Fake Video of Syria Massacre W input from @RonPaulInstitut   #Kurds #KurdishGenocide #KurdsUnderAttack    https://t.co/T5l4A02kB8", "likes_count": 0, "replies_count": 0, "retweets_count": 0, "hashtags": ["kurds", "kurdishgenocide", "kurdsunderattack"]}
{"id": 1184616528202715136, "date": "2019-10-16", "time": "19:46:04", "tweet": "No you obviously need input on the crisis in the White House but obviously are terrified to ask.", "likes_count": 0, "replies_count": 0, "retweets_count": 0, "hashtags": []}
{"id": 1184616503779516417, "date": "2019-10-16", "time": "19:45:58", "tweet": "@SimonWyatt1 @james_j1990nufc @lara_eleanor - the accused as well as the victim. That presupposes both sides to have a say.   That kinda implies that the definition of oppression is a social contract, mostly decided by experts. Of course, there is input from the victims, but it is not the only thing.", "likes_count": 2, "replies_count": 0, "retweets_count": 0, "hashtags": []}
{"id": 1184616503406202881, "date": "2019-10-16", "time": "19:45:58", "tweet": "@JoeGiglioSports I’m not sure that’s the reason. More fear them coming in and just doing it their way and not listening to input from FO once hired", "likes_count": 0, "replies_count": 0, "retweets_count": 0, "hashtags": []}
{"id": 1184616437127663616, "date": "2019-10-16", "time": "19:45:42", "tweet": "lawyers? input?", "likes_count": 2, "replies_count": 0, "retweets_count": 0, "hashtags": []}
{"id": 1184616210572423168, "date": "2019-10-16", "time": "19:44:48", "tweet": "Had a few people reach out to me and got some very needed answers, great input, and much needed guidance. Ty everyone!", "likes_count": 5, "replies_count": 1, "retweets_count": 0, "hashtags": []}
{"id": 1184616202146062336, "date": "2019-10-16", "time": "19:44:46", "tweet": "@Akvvo @itzHydroFN You are right though, I am heckin toxic when I play Fort thanks to my chat LUL. I do enjoy those fights but not with the input lag and FPS drops currently", "likes_count": 13, "replies_count": 1, "retweets_count": 0, "hashtags": []}
{"id": 1184616200904380416, "date": "2019-10-16", "time": "19:44:46", "tweet": "Mr.Leon I think it will take a drop like you metion and continue every qtr.workers by the thousands would loose there jobs,where is the input of money going to come from.Leon Cooperman: The stock market would drop 25% if Warren or Sanders is elected  https://t.co/vFX04amgF0", "likes_count": 0, "replies_count": 0, "retweets_count": 0, "hashtags": []}
{"id": 1184616129727213582, "date": "2019-10-16", "time": "19:44:29", "tweet": "PSA for ML academics. When modeling complex data, training data can leak into validation or test sets in subtle ways. To uncover inadvertent cheating, formulate the _application_ first and clarify input/output you have/want. #lookingatyou graph embedding for link prediction!", "likes_count": 50, "replies_count": 2, "retweets_count": 11, "hashtags": ["lookingatyou"]}
{"id": 1184615993634476032, "date": "2019-10-16", "time": "19:43:56", "tweet": "@LibraProtocol @Chinchillazllla @CUBUNO1 @BernieSanders What market is this? Why do so many people pretend its all some grandly designed process, whereby our wages are fair? Demanding raises is part of \"the market\", you pretend to be all knowing and powerful. So are strikes. So is our governments input.", "likes_count": 3, "replies_count": 0, "retweets_count": 0, "hashtags": []}
{"id": 1184615821823234048, "date": "2019-10-16", "time": "19:43:15", "tweet": "Ko il can't take criticism to how the server runs for a different class of players in NP. It's so simple. have a discussion with the players for their input and then you can easily come up with a solution that has every player type covered.", "likes_count": 0, "replies_count": 0, "retweets_count": 0, "hashtags": []}
{"id": 1184615821341007872, "date": "2019-10-16", "time": "19:43:15", "tweet": "I've said it since day 1, Christian Roldan is not good enough for international soccer, he's shockingly BAD and I don't see a single positive input he provides for the team. Should be Duane Holmes or Freddie Morales in the mid and also Pomykal wrecking shit in the mid", "likes_count": 0, "replies_count": 0, "retweets_count": 0, "hashtags": []}
{"id": 1184615587852537856, "date": "2019-10-16", "time": "19:42:19", "tweet": "@MidknightGiant @Gear3D_Official @RacingStolen @klea283 @projectfdl Well things shouldn’t get too crazy.   I haven’t been asked for input yet.  Ask Mike I’m dangerous.  Lol", "likes_count": 2, "replies_count": 2, "retweets_count": 0, "hashtags": []}
{"id": 1184615547322994688, "date": "2019-10-16", "time": "19:42:10", "tweet": "J. White @ NYJ C. Kirk @ NYG D. Metcalf v BAL A. Lazard v OAK - (Anyone's input would be appreciated. Thank you in advance.) - @NFLFantasy #FixMyFlex", "likes_count": 0, "replies_count": 1, "retweets_count": 0, "hashtags": ["fixmyflex"]}
{"id": 1184615504356532230, "date": "2019-10-16", "time": "19:41:59", "tweet": "@tamiaaaa__ @Mayaken_ @NastiestF @Dalnishaaa Well thank you ladies for the input😇 I’ll definitely try the waxing and see how that compares to the shaving. I don’t usually have any problems with ingrown hairs just because I always exfoliate but interested to see how a different method works 💕", "likes_count": 3, "replies_count": 2, "retweets_count": 0, "hashtags": []}
{"id": 1184615500237758465, "date": "2019-10-16", "time": "19:41:59", "tweet": "The killing of CUNY - made from community input on our Instagram #thekillingofcuny pt.1 #freecuny  https://t.co/LYVqQwfncc", "likes_count": 5, "replies_count": 0, "retweets_count": 0, "hashtags": ["thekillingofcuny", "freecuny"]}
{"id": 1184615363360821248, "date": "2019-10-16", "time": "19:41:26", "tweet": "@twitter I never want “Home” - I only want “Latest Tweets.” Why does your iOS app constantly revert this preference without my input? Seriously, what the fuck?", "likes_count": 0, "replies_count": 0, "retweets_count": 0, "hashtags": []}
{"id": 1184615302694203397, "date": "2019-10-16", "time": "19:41:11", "tweet": "@TalbertSwan @DawnRinehart I consider myself ‘beige’ b/c I don’t want to in the white privilege group, but being white is an accident of my birth.  I cannot ever know how it is for black people except for what I’m told.  Is there any way for me to better understand?  Sir, I’d surely appreciate your input.", "likes_count": 0, "replies_count": 2, "retweets_count": 0, "hashtags": []}
{"id": 1184615281294839808, "date": "2019-10-16", "time": "19:41:06", "tweet": "@FoldableHuman In practice it's more complicated because you might want different multipliers for different parts of the scene. For example you might want everything to be slow except the player or just the player's aim input (for feel reasons). This is still implemented in the same way though.", "likes_count": 25, "replies_count": 0, "retweets_count": 0, "hashtags": []}
