{"id": 1140408680082362368, "date": "2019-06-16", "time": "19:59:51", "tweet": "@SIAPonline min input NIK anak kok keterangannya tidak terdaftar di DUKCAPIL,jelas” uda cek statusnya aktif,mau daftar online ga bisa gagal trus gegara nik", "likes_count": 0, "replies_count": 0, "retweets_count": 0, "hashtags": []}
{"id": 1140408637610840064, "date": "2019-06-16", "time": "19:59:41", "tweet": "Fun talking with friends at Burlingame's Farmers Market today about regional transpo improvements!  On behalf of our County's  Transportation Authority Board, thanks to so many residents for your valued input. @SupDavePine @CStoneBmont @PeninsulaMoves @CaroleSanMateo @DonHorsley  https://t.co/76Gks56nad", "likes_count": 12, "replies_count": 0, "retweets_count": 2, "hashtags": []}
{"id": 1140408531595812864, "date": "2019-06-16", "time": "19:59:16", "tweet": "BPO providers work to automate the data capture process, but the fact is they receive a great deal of input outside of the scope of augmented systems. Now what?   https://t.co/YJDh6nkIYb Learn more here  #digitaltransformation #tech", "likes_count": 0, "replies_count": 0, "retweets_count": 0, "hashtags": ["digitaltransformation", "tech"]}
{"id": 1140408492899098624, "date": "2019-06-16", "time": "19:59:07", "tweet": "I hope in #FF7R I can input the gameshark code that stops AREIS FROM BEING KILLED BY SEPIROTH AT THE END OF DISC 2 AND SHE WAS ACTUALLY CHANNELING A HOLY SPELL TO STOP THE METEOR SEPIROTH SUMMONS FROM ENDING THE WORLD.", "likes_count": 0, "replies_count": 0, "retweets_count": 0, "hashtags": ["ff7r"]}
{"id": 1140408428483022848, "date": "2019-06-16", "time": "19:58:51", "tweet": "@Timaagl ma’am who asked for your input 🙂 IM TRYING", "likes_count": 1, "replies_count": 0, "retweets_count": 0, "hashtags": []}
{"id": 1140408404340596736, "date": "2019-06-16", "time": "19:58:46", "tweet": "@SousLeRadar I am super mad at it. There was no survey or parishioner input on it. We got to vote for the name, I can't believe they didn't do the same with the branding.", "likes_count": 1, "replies_count": 1, "retweets_count": 0, "hashtags": []}
{"id": 1140408378868453376, "date": "2019-06-16", "time": "19:58:39", "tweet": "An excellent discussion of how an autonomous performer (3.3.3) can use intrinsic Feedback (3.6.2) in a Closed-loop control model (3.6.4) – input, executive system, effector system, output and feedback.", "likes_count": 4, "replies_count": 0, "retweets_count": 1, "hashtags": []}
{"id": 1140407989981065218, "date": "2019-06-16", "time": "19:57:07", "tweet": "@jemelehill I spent all morning with my girlfriend talking about what wed do for mothers/fathers day if we had kids. Just to get on here and see folks thinking they can decide that for us-with no other input on how to do better by queer families. But they got lesbian friends so its fine.", "likes_count": 21, "replies_count": 0, "retweets_count": 0, "hashtags": []}
{"id": 1140407949778489344, "date": "2019-06-16", "time": "19:56:57", "tweet": "@Nalianosu Not really a good idea for your future studies/work/life tbh, the game doesn't deserve so much input with few positive output other than being good in the game", "likes_count": 1, "replies_count": 0, "retweets_count": 0, "hashtags": []}
{"id": 1140407924394561536, "date": "2019-06-16", "time": "19:56:51", "tweet": "I honor and thank Pastor Steve Q, Lee Grady, Tom Johnson, Dr. Dexter Low for playing key fathering roles in my life. I value an honor your input for me to become the father I am today. Love you all. #fathersday", "likes_count": 1, "replies_count": 0, "retweets_count": 0, "hashtags": ["fathersday"]}
{"id": 1140407750570258433, "date": "2019-06-16", "time": "19:56:10", "tweet": "Last valid input: 2019-06-17 08:56:07.640498 Temperature: 28.00 C Humidity: 54.00 %", "likes_count": 0, "replies_count": 0, "retweets_count": 0, "hashtags": []}
{"id": 1140407672279199744, "date": "2019-06-16", "time": "19:55:51", "tweet": "Read the 101 local submissions on regional dog rules, now refreshing Infocouncil to see the hearing report to finish off Local Board's draft input to email to my colleagues for feedback. No one asks you about this in candidate meetings.  #BetterWorkStories", "likes_count": 5, "replies_count": 1, "retweets_count": 0, "hashtags": ["betterworkstories"]}
{"id": 1140407600502202369, "date": "2019-06-16", "time": "19:55:34", "tweet": "@rob_yong_ @partypoker do you think the people using solvers in real time are using hh data to input game settings into their solver? there are many far more advanced and harder to detect methods out there", "likes_count": 2, "replies_count": 1, "retweets_count": 0, "hashtags": []}
{"id": 1140407491471298561, "date": "2019-06-16", "time": "19:55:08", "tweet": "@Downeyangel @KayFellowz Well, that's a disgusting way to interpret the situation... Thank you for your input. You are a very twisted person.", "likes_count": 3, "replies_count": 0, "retweets_count": 0, "hashtags": []}
{"id": 1140407406439964672, "date": "2019-06-16", "time": "19:54:48", "tweet": "@ArcGraves @windowbig Using both and maintaining variety will be great. PO 6K being able to pick up a single side roll input is great stuff in this arsenal.", "likes_count": 2, "replies_count": 0, "retweets_count": 0, "hashtags": []}
{"id": 1140407259068899328, "date": "2019-06-16", "time": "19:54:12", "tweet": "Trump is undermining the Supreme Court by treating it like an accessory - as McConnell stuffs the courts w/out any of the PEOPLE'S input  https://t.co/pvG2GHKWgq via @NBCNewsTHINK", "likes_count": 1, "replies_count": 0, "retweets_count": 1, "hashtags": []}
{"id": 1140407146259111936, "date": "2019-06-16", "time": "19:53:46", "tweet": "This poll has been the talk of our weekend haha thank you all for your amaizng input and to @annies_canvas_for creating this amazing chart to explain Corn Dog’s placement 🤣💛💖🤪😘😘    https://t.co/OmUvcXgflO", "likes_count": 4, "replies_count": 0, "retweets_count": 0, "hashtags": []}
{"id": 1140406676035710977, "date": "2019-06-16", "time": "19:51:53", "tweet": "Esta noche recibimos al DJ/Productor FABRICIO PECANHA 🇧🇷 en una nueva edición de ZEF en INPUT BA de formato extendido 😎💣 Los esperamos a todos para bailar sin parar!. . Ingresos SIN CARGO desde las 21hs hasta las…  https://t.co/pAt1VAKTu5", "likes_count": 0, "replies_count": 0, "retweets_count": 0, "hashtags": []}
{"id": 1140406110307983360, "date": "2019-06-16", "time": "19:49:39", "tweet": "@DrJinRussell Go him!!! That’s incredible! Thank you so much for the input. I wish you both the best!!", "likes_count": 1, "replies_count": 0, "retweets_count": 0, "hashtags": []}
{"id": 1140405786721439744, "date": "2019-06-16", "time": "19:48:21", "tweet": "@Cuppies35 Working on making sure everyone in the team is aware of community concerns. Thanks for the input.", "likes_count": 1, "replies_count": 0, "retweets_count": 0, "hashtags": []}
{"id": 1140405567179149313, "date": "2019-06-16", "time": "19:47:29", "tweet": "@SeaJay453 Since physical dp inputs on pad and stick can already hit the literal limit of input speed easily...I think the focus on ease of dash inputs is what really puts hitbox above stick in that regard, but that same thing is possible on pad based on the game", "likes_count": 1, "replies_count": 0, "retweets_count": 1, "hashtags": []}
{"id": 1140405473037967360, "date": "2019-06-16", "time": "19:47:07", "tweet": "What is the best payment processing system to use if I am starting my own jewelry e-commerce business? Stripe v. Adyen v. Braintree v. Others? Any input would be helpful! via /r/smallbusiness  https://t.co/DaycOFn7rV  https://t.co/Qy8YyUGq1U", "likes_count": 0, "replies_count": 0, "retweets_count": 0, "hashtags": []}
{"id": 1140405152202907648, "date": "2019-06-16", "time": "19:45:50", "tweet": "Q. 数字・記号・ひらがな・カタカナ・漢字が入力できない… A. 日本語入力にはJapanese Inputを使用してください。  https://t.co/NuxJi61paV 記号入力にはSelectorを使用してください。 https://t.co/6VfeCRUhl7", "likes_count": 0, "replies_count": 0, "retweets_count": 0, "hashtags": []}
{"id": 1140405140907646982, "date": "2019-06-16", "time": "19:45:47", "tweet": "daijoubu invited you to use [CashPop]! You can get free Gold by using phone only. Download [CashPop] now. Input Friend's ID: [daijoubu] to get extra 10,000 Gold!!!  https://t.co/hu5D6Ny2xi", "likes_count": 0, "replies_count": 0, "retweets_count": 0, "hashtags": []}
{"id": 1140405002046980096, "date": "2019-06-16", "time": "19:45:14", "tweet": "@porpentina2017 I really do appreciate your input and concise way of bringing these issues up with people. Thank you!  Note: Those who vote party lines (Republican) don't quite want to admit it now (\"I've voted for a Dem before\"). Maybe because I'm asking, they won't admit voting for trump 😉", "likes_count": 0, "replies_count": 1, "retweets_count": 0, "hashtags": []}
{"id": 1140404861952860160, "date": "2019-06-16", "time": "19:44:41", "tweet": "@Chriz_Sevenfold Thanks for watching.  This technique can be issued by jumping → second jumping → landing by avoiding 1/16 input behind", "likes_count": 2, "replies_count": 1, "retweets_count": 0, "hashtags": []}
{"id": 1140404686341779462, "date": "2019-06-16", "time": "19:43:59", "tweet": "@NA_Dellsey Music is definitely fun in the classroom and can have a purpose. But if you want to \"connect\" with the kids, just be yourself. If you want to use music in a lesson, and it's not music you already know, don't try to connect: ASK THEM for music input.", "likes_count": 1, "replies_count": 1, "retweets_count": 0, "hashtags": []}
{"id": 1140404601138688000, "date": "2019-06-16", "time": "19:43:39", "tweet": "@JoshuaCorvinus body tracking is a big concern for me, each new input element is an uphill battle.", "likes_count": 0, "replies_count": 1, "retweets_count": 0, "hashtags": []}
{"id": 1140404572856258560, "date": "2019-06-16", "time": "19:43:32", "tweet": "@KennedyKait your voice matters! UNC Charlotte researchers want your input regarding social media responses to the Keith Scott shooting/protest and are offering a 40-dollar gift card to study participants. To check eligibility for this study, visit   https://t.co/hLMwblAOsK", "likes_count": 0, "replies_count": 0, "retweets_count": 0, "hashtags": []}
{"id": 1140404432561217536, "date": "2019-06-16", "time": "19:42:59", "tweet": "@TamaraLChambers Did Ike's input near the end help? Because it def made my day 💕 Also, I feel ya -- sugar-free Monster drinks have been my fuel all month 😭 Stay strong!", "likes_count": 1, "replies_count": 1, "retweets_count": 0, "hashtags": []}
{"id": 1140404418266972160, "date": "2019-06-16", "time": "19:42:55", "tweet": "Echo Input - Bring Alexa to your own speaker-... by Amazon  https://t.co/4frd1xqysy  For more please visit our site  https://t.co/UabSvauONG", "likes_count": 0, "replies_count": 0, "retweets_count": 0, "hashtags": []}
{"id": 1140404301145214977, "date": "2019-06-16", "time": "19:42:27", "tweet": "@tvshowbizmedia I'll wait to see if she even exists and see how she acts in the house before I start supporting anyone but thanks for the input 😊", "likes_count": 0, "replies_count": 0, "retweets_count": 0, "hashtags": []}
{"id": 1140404091916472321, "date": "2019-06-16", "time": "19:41:37", "tweet": "[1l4tb] An Android exclusive Valkyrie Crusade invite code. Input to receive a special promotion!  https://t.co/UnbniPuN1k #Valkyrie Crusade", "likes_count": 0, "replies_count": 0, "retweets_count": 0, "hashtags": ["valkyrie"]}
{"id": 1140403853638029312, "date": "2019-06-16", "time": "19:40:41", "tweet": "Looking for input from the disabled community: I have been approached to gauge interest in a #disability pride style event. A focus on being present. Being counted. Showing ourselves to be a force in the public &amp; political space. What are people's thoughts? Positive and negative", "likes_count": 3, "replies_count": 1, "retweets_count": 1, "hashtags": ["disability"]}
{"id": 1140403821480468482, "date": "2019-06-16", "time": "19:40:33", "tweet": "@maxeri01 @yousefhammad_ @FootyHumour Thanks for your input 👍🏼", "likes_count": 0, "replies_count": 0, "retweets_count": 0, "hashtags": []}
