{"id": 1145119536129163266, "date": "2019-06-29", "time": "19:59:07", "tweet": "Thanks for the input everyone but it rained all night and there was lots of thunder &amp; lightning so even a good playlist couldn’t help me pull off a convincing summer vibe", "likes_count": 0, "replies_count": 0, "retweets_count": 0, "hashtags": []}
{"id": 1145119468219260929, "date": "2019-06-29", "time": "19:58:51", "tweet": "@BBQsnob @CraneBrewing Off-topic question. @BBQsnob. What’s the best BBQ you’ve had in NW Arkansas? I’ve moved here from Dallas and would like your input. Big thanks!", "likes_count": 0, "replies_count": 1, "retweets_count": 0, "hashtags": []}
{"id": 1145119262903848962, "date": "2019-06-29", "time": "19:58:02", "tweet": "2019 National HBCU Week Conference ... The Annual National #HBCUs Week Conference is planned with input from the President’s Board of Advisors on HBCUs. It provides a forum to exchange information and share innovations among and between institutions.   https://t.co/DTdihzjjNh", "likes_count": 1, "replies_count": 0, "retweets_count": 0, "hashtags": ["hbcus"]}
{"id": 1145119181064560641, "date": "2019-06-29", "time": "19:57:42", "tweet": "Fuck the mall LOL  https://t.co/MQIC1jJXVV", "likes_count": 9, "replies_count": 1, "retweets_count": 0, "hashtags": []}
{"id": 1145118924372992002, "date": "2019-06-29", "time": "19:56:41", "tweet": "Ok, this is too much input.  Slow it down Woj.", "likes_count": 0, "replies_count": 0, "retweets_count": 0, "hashtags": []}
{"id": 1145118651303059456, "date": "2019-06-29", "time": "19:55:36", "tweet": "Vulgar lunatic liberal screams at Cuban-American Trump supporters and veterans \"They are fckng ignorant, illiterate idiots!!\"    https://t.co/SLT6O00trN", "likes_count": 0, "replies_count": 0, "retweets_count": 0, "hashtags": []}
{"id": 1145118513977278464, "date": "2019-06-29", "time": "19:55:03", "tweet": "@mayginmcewen @BernalJatleen @katherineOma @Ziggiezaggie @dkmzkt322 @wildchild1162 @Grasshopper2049 @ivyjofreeman @IamMultiversal @Rose52413 @thelindadegnan @NJAInteriors1 @MommaJacy @Ironhorse76 @PolitikMasFina @wickedpissahguy @jamnspoon2 @HippyFranky @lovemyjessica22 @Wipapa5 @RhymesRadical @kodiak149 @Kokomothegreat @djogrolyo @Vickivbreezy @taytaymc925 @RealRandallPink @clairermassey @ReSista_Babs @elder_jodi @adnilxa @D_resists @_MissMelody @NAudrey_ST @Cdubey_Texas @VictoriaLAlbers @LA_Karma1 @chelle_thrasher @calimom209 @SadieTNResist @Eathbound420 @Super_woman2730 @PetraMcCarron2 So they assume I don’t want to hear what they have to say? I love hearing others perspectives &amp; ideas! We’d be nowhere without the diversity &amp; all of the input from it. I’m ALWAYS up for learning new things!", "likes_count": 5, "replies_count": 1, "retweets_count": 1, "hashtags": []}
{"id": 1145118490141048832, "date": "2019-06-29", "time": "19:54:57", "tweet": "@imwren My tweet was on my own feed and some MAGA person shared it - so I've been hearing from people like you all day. It is not combative. It's my opinion and I never asked for your input. So kindly hop out my mentions and go on your merry way sweetheart. 😘", "likes_count": 0, "replies_count": 0, "retweets_count": 0, "hashtags": []}
{"id": 1145118488513699841, "date": "2019-06-29", "time": "19:54:57", "tweet": "Thanks for the input, Kurt. I'm sure you're just helping us defeat Trump, right?  https://t.co/zvdwjBg3Pv", "likes_count": 82, "replies_count": 9, "retweets_count": 3, "hashtags": []}
{"id": 1145118350722420738, "date": "2019-06-29", "time": "19:54:24", "tweet": "@zan1to You can't tell while having UR bar enabled? Also what  the fuck is that 5ms input lag 🧐🧐🧐", "likes_count": 0, "replies_count": 1, "retweets_count": 0, "hashtags": []}
{"id": 1145118251443281920, "date": "2019-06-29", "time": "19:54:01", "tweet": "@BeethovensSpir1 You doing something = your thing &amp; you just did it so it is your thing - my tweet doesn’t need your input &amp; it isn’t thin skin as you came on my profile so take your advice and move on", "likes_count": 0, "replies_count": 1, "retweets_count": 0, "hashtags": []}
{"id": 1145118200482451456, "date": "2019-06-29", "time": "19:53:48", "tweet": "@SuperGirlKels @Jw_Smash That's rough girl. I actually had a case of a terribly made tournament:  -The second round of winners had smash balls for some reason  -In grand finals the game was played on a projector giving the game itself input delay  -We were playing in tourney mode in said grand finals", "likes_count": 0, "replies_count": 1, "retweets_count": 0, "hashtags": []}
{"id": 1145118125492449280, "date": "2019-06-29", "time": "19:53:31", "tweet": "Last valid input: 2019-06-30 08:53:22.430769 Temperature: 30.00 C Humidity: 72.00 %", "likes_count": 0, "replies_count": 0, "retweets_count": 0, "hashtags": []}
{"id": 1145118012481114113, "date": "2019-06-29", "time": "19:53:04", "tweet": "en mantıklısı olum iş ticarette djwnxhjwms  https://t.co/8VZMWA0anN", "likes_count": 6, "replies_count": 0, "retweets_count": 0, "hashtags": []}
{"id": 1145117914317516801, "date": "2019-06-29", "time": "19:52:40", "tweet": "@JumpDashRoll Its entirely up to our publisher I am afraid. They handle the whole process and we don't have any input on it.", "likes_count": 0, "replies_count": 0, "retweets_count": 0, "hashtags": []}
{"id": 1145117758415417344, "date": "2019-06-29", "time": "19:52:03", "tweet": "@RyGar755 Just glad to see someone actually good at golf use it. Thanks for your input on what version to buy!", "likes_count": 1, "replies_count": 0, "retweets_count": 0, "hashtags": []}
{"id": 1145117505633099776, "date": "2019-06-29", "time": "19:51:03", "tweet": "Ağlayacağım zaman yalnız seni dinlerim  https://t.co/gbekx5vTqw", "likes_count": 0, "replies_count": 0, "retweets_count": 0, "hashtags": []}
{"id": 1145117460103913473, "date": "2019-06-29", "time": "19:50:52", "tweet": "Desperate for Advice (PS4 Input Lag Problem) via /r/FortNiteBR  https://t.co/FUQIr4S3Ac  https://t.co/8lMxxjPJML", "likes_count": 0, "replies_count": 0, "retweets_count": 0, "hashtags": []}
{"id": 1145117456479817728, "date": "2019-06-29", "time": "19:50:51", "tweet": "@Jplhmusic We appreciate the feedback. We're constantly striving to improve Fitbit products and services, and we very much appreciate all of the input we receive from our customers. If there's anything else that we can assist you with, just let us know.", "likes_count": 0, "replies_count": 1, "retweets_count": 0, "hashtags": []}
{"id": 1145117413295325185, "date": "2019-06-29", "time": "19:50:41", "tweet": "@johncutlefish @RandyNasson @Pragmaticmkting 3/ point. This can be super helpful input to pricing decisions. Note also that it an helpful in figuring out pricing MODEL as well. Will customer think of this as \"kind of like X, where we pay $Y per month for licenses\" or \"like Z, where we paid on a per use basis\"", "likes_count": 0, "replies_count": 0, "retweets_count": 0, "hashtags": []}
