{"id": 1148018713943318528, "date": "2019-07-07", "time": "19:59:25", "tweet": "undisputed number one best thing to come out of this weekend is this photo, no I will not be accepting criticism or other input at this time  https://t.co/BB8IHXqwRQ", "likes_count": 209, "replies_count": 3, "retweets_count": 28, "hashtags": []}
{"id": 1148018480240717825, "date": "2019-07-07", "time": "19:58:29", "tweet": "@CRSDCrusader Had this issue every offline event and I thought it was just input error form me so, didn't really ask about it until today and got it confirmed", "likes_count": 0, "replies_count": 1, "retweets_count": 0, "hashtags": []}
{"id": 1148018304872640512, "date": "2019-07-07", "time": "19:57:47", "tweet": "ON SALE! Solar Power Bank 25000mAh Portable Charger Battery High Capacity with Digital Display LCD Screen, 3 USB Output &amp; Dual Input, Compatible Smartphone, Tablet and More -  https://t.co/LzxKF0P7Af", "likes_count": 0, "replies_count": 0, "retweets_count": 0, "hashtags": []}
{"id": 1148018219049000960, "date": "2019-07-07", "time": "19:57:27", "tweet": "@thatERguy If you need any input on other styles, lemme know! I have experience with design so I got you 😎", "likes_count": 0, "replies_count": 0, "retweets_count": 0, "hashtags": []}
{"id": 1148018088505253888, "date": "2019-07-07", "time": "19:56:56", "tweet": "@SebastianStoker @mrdruthers @wrychrd You don’t think renters should have the same input into municipal issues?", "likes_count": 0, "replies_count": 1, "retweets_count": 0, "hashtags": []}
{"id": 1148017906342457344, "date": "2019-07-07", "time": "19:56:12", "tweet": "@jtwheat27 @NSCA That's interesting, on the surface, however it's not surprising for q lab coat to be stranded to the lab. That doesn't mean that his scientific contribution was nill. That being said we can all do good by input &amp; not being stubbornly set and rigid in our science", "likes_count": 0, "replies_count": 1, "retweets_count": 0, "hashtags": []}
{"id": 1148017866165424128, "date": "2019-07-07", "time": "19:56:03", "tweet": "Octopus Arms Are Capable of Making Decisions Without Input From Their Brains  https://t.co/2vmmhWnAAM", "likes_count": 0, "replies_count": 0, "retweets_count": 0, "hashtags": []}
{"id": 1148017765120241664, "date": "2019-07-07", "time": "19:55:39", "tweet": "@usmousie @soup_reviews I’m in a gray area where it seems I’m mitigating further losses of information for someone I’m not sure about  Thank you for your input. 🖤💜", "likes_count": 2, "replies_count": 0, "retweets_count": 0, "hashtags": []}
{"id": 1148017745365106688, "date": "2019-07-07", "time": "19:55:34", "tweet": "シス単暗記道場はほんと仕上がってきた😁60分弱で高3なら300語、高1高2でも100語を2周って感じ。効率的な暗記の仕方と集中力を身に着けたければぜひ暗記道場を受講して欲しい。自由な環境下での自習暗記がいかにヌルいか感じると思う。 超速input⇔outputでめちゃ暗記が早く、楽になる。", "likes_count": 2, "replies_count": 0, "retweets_count": 0, "hashtags": []}
{"id": 1148017693901107201, "date": "2019-07-07", "time": "19:55:22", "tweet": "@Janebry24357511 @JordanUhl Thank you for your input totally real person, Janerandomstringofnumbers", "likes_count": 18, "replies_count": 1, "retweets_count": 0, "hashtags": []}
{"id": 1148017215733506048, "date": "2019-07-07", "time": "19:53:28", "tweet": "The #earthquake in #California shook #deep #space #network #observatory resulting in loss of lock with a spacecraft in #Mars. They didn't have a \"earthquake\" as an input category, so it went under \"Weather\" cause :)", "likes_count": 0, "replies_count": 0, "retweets_count": 0, "hashtags": ["earthquake", "california", "deep", "space", "network", "observatory", "mars"]}
{"id": 1148017188915167233, "date": "2019-07-07", "time": "19:53:21", "tweet": "Getting my brother’s expert input to identify as many games shown in this PV for Houkago Saikoro Club as we can.  https://t.co/YUeyKFPbnC", "likes_count": 4, "replies_count": 2, "retweets_count": 1, "hashtags": []}
{"id": 1148017181629620224, "date": "2019-07-07", "time": "19:53:19", "tweet": "A very well written article about attitudes to nuclear power that have really been formed without much input from the facts...", "likes_count": 1, "replies_count": 0, "retweets_count": 2, "hashtags": []}
{"id": 1148017107482927104, "date": "2019-07-07", "time": "19:53:02", "tweet": "that's my input for the day thank u", "likes_count": 0, "replies_count": 0, "retweets_count": 0, "hashtags": []}
{"id": 1148017021839392768, "date": "2019-07-07", "time": "19:52:41", "tweet": "Did some rather big plotting ideas for a big story this evening. Would like some input on it, but not sure who to share it with at this stage!", "likes_count": 2, "replies_count": 1, "retweets_count": 0, "hashtags": []}
{"id": 1148016649615925250, "date": "2019-07-07", "time": "19:51:13", "tweet": "@Chester66666666 @KarenStopHate Your input bears no connection to my comment .", "likes_count": 0, "replies_count": 2, "retweets_count": 0, "hashtags": []}
{"id": 1148016242302824449, "date": "2019-07-07", "time": "19:49:35", "tweet": "@catanauwu thank you for your input .", "likes_count": 1, "replies_count": 0, "retweets_count": 0, "hashtags": []}
{"id": 1148016188200554496, "date": "2019-07-07", "time": "19:49:23", "tweet": "@Tonywray2Tone No my brother. They are thin skinned to anything that remotely sounds like criticism even if it's constructive. They along with the adults around them default to \"you hatin on me!\" instead of taking the input and getting better.", "likes_count": 0, "replies_count": 1, "retweets_count": 1, "hashtags": []}
{"id": 1148016185612615685, "date": "2019-07-07", "time": "19:49:22", "tweet": "@Azuryoka thank you. fpor your input", "likes_count": 4, "replies_count": 0, "retweets_count": 0, "hashtags": []}
{"id": 1148016122857447425, "date": "2019-07-07", "time": "19:49:07", "tweet": "@danielm1954 @NYforSanders @AOC @BernieSanders @KamalaHarris Good Gawd, that's not how socialist countries operate, all monies go to the state... not too many \"Socialist Countries\" in the world , but thanks for your simple input.... in a \"Developed\" country we have \"Social\" programs and facilities, like town halls, roads, healthcare etc.", "likes_count": 0, "replies_count": 1, "retweets_count": 0, "hashtags": []}
