{"id": 1080614697525760002, "date": "2019-01-02", "time": "18:59:55", "tweet": "Rereading to learn - wouldn't it be nice if public institutions can exchange info amongst themselves and are permitted to ask citizens to input information 'only once'!  Lots of opportunities to try in Ontario, starting small  Estonia, the Digital Republic  https://t.co/d0z54BwbCs", "likes_count": 0, "replies_count": 0, "retweets_count": 0, "hashtags": []}
{"id": 1080614671768567808, "date": "2019-01-02", "time": "18:59:49", "tweet": "@therealjamiec Never has a chelsea manager had 100% control.. our board decides everything. This doesnt suprise me. Weve had like 11 managers in 10yrs, we take input but board brings and sells players.", "likes_count": 0, "replies_count": 0, "retweets_count": 0, "hashtags": []}
{"id": 1080614623319977984, "date": "2019-01-02", "time": "18:59:37", "tweet": "@Sumit_Tripathi_ @GCW_69 I agree.  And I’d be happy if Kieth Gretzky took over.  But I’m not one to believe Chiarelli is making any of these decisions without input from the rest of the OBC.  I really doubt he chose Reinhart. He wears it bc he’s GM, but I bet there was a lot of pressure to get him for ex", "likes_count": 0, "replies_count": 1, "retweets_count": 0, "hashtags": []}
{"id": 1080614598124855296, "date": "2019-01-02", "time": "18:59:31", "tweet": "@MrWyattEarpLA If people of the left didn't have politics, they'd have nothing. It's what they live for. They think their lives depend on it &amp; they cannot allow people doing things for themselves without their input. I'm interested intently, too. But, it's because the left won't leave us alone!", "likes_count": 0, "replies_count": 0, "retweets_count": 0, "hashtags": []}
{"id": 1080614466620805121, "date": "2019-01-02", "time": "18:59:00", "tweet": "For programming games on the device I’m going to try to use Kitten or a Joy-like interpreted language; I have some thoughts on how I can make reasonably convenient programming input methods that don’t require a keyboard—lots of contextual autocompletion, mainly.", "likes_count": 4, "replies_count": 2, "retweets_count": 0, "hashtags": []}
{"id": 1080614436061233152, "date": "2019-01-02", "time": "18:58:53", "tweet": "@elonmusk Reddit requires your input on this rocket.   https://t.co/rfTGwdvfHV  https://t.co/wCK5xuwAEj", "likes_count": 0, "replies_count": 0, "retweets_count": 0, "hashtags": []}
{"id": 1080613990210781184, "date": "2019-01-02", "time": "18:57:06", "tweet": "@CNNPolitics Mike Pence looks like a wax figure from Madame Tussauds Museum in this picture  😂😂😂 for all his input he might as well be.", "likes_count": 6, "replies_count": 0, "retweets_count": 0, "hashtags": []}
{"id": 1080613966064185344, "date": "2019-01-02", "time": "18:57:01", "tweet": "It is always a hassle trying to book a flight ticket online as the system never allows me to input my real name. I have a single character surname and whoever designed the system thought it was a good idea to have a validation of \"your surname must be 2 characters or more.\" 1/", "likes_count": 0, "replies_count": 1, "retweets_count": 0, "hashtags": []}
{"id": 1080613897017716736, "date": "2019-01-02", "time": "18:56:44", "tweet": "@tobiasgillen Me2. Thx für den input.", "likes_count": 1, "replies_count": 0, "retweets_count": 0, "hashtags": []}
{"id": 1080613530804633600, "date": "2019-01-02", "time": "18:55:17", "tweet": "@PhelpsieSarah Binge-watched #ABCMurders this evening. Loved it. Even the editorial input of a thousand randomers off the internet couldn’t have improved it, it were that good 😉. Are you doing another Malkoirot? (Or should that be Poirovitch?)", "likes_count": 0, "replies_count": 0, "retweets_count": 0, "hashtags": ["abcmurders"]}
{"id": 1080613415020871680, "date": "2019-01-02", "time": "18:54:49", "tweet": "@alexjivani @afortunetrading @imVkohli Absolutely. Low in confidence. Having played league cricket when much younger for a couple years, so easy to provide an input. Even Pujara could have opened.   Haha! Stocks - different story altogether. Still a sell the rip market.", "likes_count": 1, "replies_count": 0, "retweets_count": 0, "hashtags": []}
{"id": 1080613255675109376, "date": "2019-01-02", "time": "18:54:11", "tweet": "@LucaGras @EugenioCardi @pdnetwork Anche io faccio come te, ma nel contempo cerco di lanciare input,soprattutto sulla comunicazione, cavolo, nn possono star ridotti così..", "likes_count": 1, "replies_count": 1, "retweets_count": 0, "hashtags": []}
{"id": 1080613188385804288, "date": "2019-01-02", "time": "18:53:55", "tweet": "Sean will be making those calls, but I'm sure Daboll will have some input", "likes_count": 0, "replies_count": 1, "retweets_count": 0, "hashtags": []}
{"id": 1080612989634514944, "date": "2019-01-02", "time": "18:53:08", "tweet": "@PaoloDude404 @_SHHedgehog *Does C input in BBtag*", "likes_count": 1, "replies_count": 1, "retweets_count": 0, "hashtags": []}
{"id": 1080612848651386890, "date": "2019-01-02", "time": "18:52:34", "tweet": "#Allelujah @lighthousemedia An Alan Bennett masterpiece - it was uncomfortable yet funny. Nicholas Hytner’s input to the hospital choir was unusual and endearing. The stars were the “elderly” cast. Questioning UK’s hostile environment and rejection of local hospitals. Hmm.", "likes_count": 1, "replies_count": 0, "retweets_count": 0, "hashtags": ["allelujah"]}
{"id": 1080612791873163264, "date": "2019-01-02", "time": "18:52:21", "tweet": "@MayorBowser Yes, thank you my sista &amp; Mayor of my hometown. I send blessing of positive input and I look forward as a 4th generation Washingtonian to continued work with your team, Angie Gates and Maryann Lombardi as we explore new opportunities and ideas 4 DC professional MUSICIANS.", "likes_count": 0, "replies_count": 0, "retweets_count": 0, "hashtags": []}
{"id": 1080612742732623878, "date": "2019-01-02", "time": "18:52:09", "tweet": "@SaiyneSC @MissStoria13 @Red_Lionheart @Ahstounded @IvyScvi @Link1632 I just gotta work on implementing it properly offline, especially if my opponent is sitting next to me. I heard of people looking to see if we’re buffering the input😒😒😒  https://t.co/2LLtmxPijk", "likes_count": 3, "replies_count": 4, "retweets_count": 0, "hashtags": []}
{"id": 1080612571055603713, "date": "2019-01-02", "time": "18:51:28", "tweet": "@PSaberteam @ske7ch @GrimBrotherOne 2) all types of players, and people that are just on the fence about purchasing the game probably won’t pre-order it just to get access to the beta, making it non-inclusive to those players as they won’t get an input into how the game will turn out", "likes_count": 0, "replies_count": 0, "retweets_count": 0, "hashtags": []}
{"id": 1080612504450019328, "date": "2019-01-02", "time": "18:51:12", "tweet": "A ver si alguno de mi TL o algun amiwi se anima a echar unos Smash que quiero probar el \"input delay\" que haya online antes de ir contra guiris xD", "likes_count": 0, "replies_count": 0, "retweets_count": 0, "hashtags": []}
{"id": 1080612459012972544, "date": "2019-01-02", "time": "18:51:01", "tweet": "Sudoku Puzzle Game for iPhone:By putting in \"flick input mode\" that enables players to put digits 1 from 9 easily! https://t.co/fwivhr7IcX", "likes_count": 0, "replies_count": 0, "retweets_count": 0, "hashtags": []}
