{"id": 1107431412712509440, "date": "2019-03-17", "time": "19:59:58", "tweet": "@Im_Valo @RRippr @Professor_Tilt @FreaksterXave @Logical_Spawn I didn’t even have input on 678, but how would everyone know how good your team is when everyone on your team was basically absent from comp/changed roles/not listed as the starter. Straight up if I knew rheny was playing mid I’d have put you as a seed, but I’ve never seen lui", "likes_count": 0, "replies_count": 3, "retweets_count": 0, "hashtags": []}
{"id": 1107431327069102080, "date": "2019-03-17", "time": "19:59:38", "tweet": "Common violations I see for “no component is a singleton”:  * Forms that don’t ensure their input ids are unique (especially if form used more than once) * Components that read/write to location query strings for state.", "likes_count": 0, "replies_count": 0, "retweets_count": 0, "hashtags": []}
{"id": 1107431128791769088, "date": "2019-03-17", "time": "19:58:50", "tweet": "@bensh__ @forestgregg I would push back on the idea that Council is strong in Philadelphia outside of some land-use issues. They have almost no input on the budget, both by design, and seemingly by interest.", "likes_count": 2, "replies_count": 1, "retweets_count": 0, "hashtags": []}
{"id": 1107430921702117376, "date": "2019-03-17", "time": "19:58:01", "tweet": "I have proof that @Cisco switches are no fun!  ws-c2960xr#show fun                               ^ % Invalid input detected at '^' marker.  @amyengineer @how2cloud @FortiJames @Fortinet", "likes_count": 3, "replies_count": 0, "retweets_count": 0, "hashtags": []}
{"id": 1107430858519166976, "date": "2019-03-17", "time": "19:57:46", "tweet": "Money Cube - An APP which will help you get MONEY for free. Input my invite code ❤F9ZQ4❤ after installation, and you will get ١٠٠٠ Clicks. Download link:  https://t.co/eqqRd3mySC  https://t.co/c0wnzReL4H", "likes_count": 0, "replies_count": 0, "retweets_count": 0, "hashtags": []}
{"id": 1107430717393375232, "date": "2019-03-17", "time": "19:57:12", "tweet": "I’m for bicycles in the #BCGov Active Transportation Strategy (ATS). BC is asking for input for the ATS which will inform policy for cyclists for years to come. Be heard so that investment in cycling gets into the #BCGov ATS  https://t.co/2fqXHhFPxz", "likes_count": 0, "replies_count": 0, "retweets_count": 0, "hashtags": ["bcgov", "bcgov"]}
{"id": 1107430676100509696, "date": "2019-03-17", "time": "19:57:02", "tweet": "I hate when security gets uppity and sassy.   You’re security, you have no input on the club", "likes_count": 3, "replies_count": 0, "retweets_count": 0, "hashtags": []}
{"id": 1107430534878253059, "date": "2019-03-17", "time": "19:56:29", "tweet": "@HustlerHabits 💀💀💀 I feel you. thanks for your input!", "likes_count": 0, "replies_count": 0, "retweets_count": 0, "hashtags": []}
{"id": 1107430361603162114, "date": "2019-03-17", "time": "19:55:47", "tweet": "@RidgeOnSunday @jeremycorbyn The penny might eventually start to drop that in order to get a #Deal with the EU that’ll protect jobs &amp; access to that market, we’ll need to take rules from the EU whilst having little input apart from being able to complain. We’re better off in. #Ridge", "likes_count": 0, "replies_count": 0, "retweets_count": 0, "hashtags": ["deal", "ridge"]}
{"id": 1107430272449032192, "date": "2019-03-17", "time": "19:55:26", "tweet": "I think I fixed my audio problems by running a single device audio input through my laptop... quality is where I want it now... followers will come I hope(:  https://t.co/i0GhSaxqFW come by and tell me in chat how the quality is!! Or give advice!!(:  https://t.co/faBqR4Brqd", "likes_count": 0, "replies_count": 0, "retweets_count": 0, "hashtags": []}
{"id": 1107430228668739584, "date": "2019-03-17", "time": "19:55:16", "tweet": "@Gamblor20 I don't align myself with anyone. And id like to think of myself as a free thinker. You may not like my point of view. So be it. But at least we can discuss the issue in a civilised manner. Thanks for your input :)", "likes_count": 1, "replies_count": 1, "retweets_count": 0, "hashtags": []}
{"id": 1107430203574439936, "date": "2019-03-17", "time": "19:55:10", "tweet": "@stumpteacher @KellyCoon106 Can I input my own book here? It's WE HUNT THE FLAME, out in May! :)", "likes_count": 14, "replies_count": 2, "retweets_count": 0, "hashtags": []}
{"id": 1107430201670156289, "date": "2019-03-17", "time": "19:55:09", "tweet": "3) On the note of Morning Project, I've been looking at different hosting platforms for when I do launch! Do you have a favorite site or publisher that you go to for your webcomics? Please please please comment with it, I'd love to hear ya'lls input", "likes_count": 0, "replies_count": 1, "retweets_count": 0, "hashtags": []}
{"id": 1107430152416440321, "date": "2019-03-17", "time": "19:54:58", "tweet": "Input trainee devoted to race", "likes_count": 0, "replies_count": 0, "retweets_count": 0, "hashtags": []}
{"id": 1107430034413891585, "date": "2019-03-17", "time": "19:54:29", "tweet": "@chopsticknitter Girl you play PC games and your opinion is valid!  I will take a look at that model if I can fine it on demo at Canada computers or something.  Thanks for your input! 😊", "likes_count": 1, "replies_count": 1, "retweets_count": 0, "hashtags": []}
{"id": 1107430007494897665, "date": "2019-03-17", "time": "19:54:23", "tweet": "IBM sold a smartphone with a touchscreen display input that could send emails and run third party apps already in 1994.", "likes_count": 0, "replies_count": 0, "retweets_count": 0, "hashtags": []}
{"id": 1107429817366896640, "date": "2019-03-17", "time": "19:53:38", "tweet": "@jenodotco @tweetcloudbot THAT BIG ASS NA JAEMIN IN YOUR CLOUD NEEDS MY INPUT IN THIS CHIEF WDYM", "likes_count": 0, "replies_count": 1, "retweets_count": 0, "hashtags": []}
{"id": 1107429760613834752, "date": "2019-03-17", "time": "19:53:24", "tweet": "Some talk going around TA is indicating an upswing. Would love your input @CryptoEspi 😉👍👍", "likes_count": 1, "replies_count": 0, "retweets_count": 0, "hashtags": []}
{"id": 1107429725344010241, "date": "2019-03-17", "time": "19:53:16", "tweet": "Police Department Report-Your-Neighbor Apps Proliferate Without Oversight or Community Input - Defending Rights &amp; Dissent  https://t.co/WxgFBg7DF5  https://t.co/uGtpTsHNes", "likes_count": 0, "replies_count": 0, "retweets_count": 0, "hashtags": []}
{"id": 1107429716796030976, "date": "2019-03-17", "time": "19:53:14", "tweet": "Acaba de publicar una foto en Input Boliche Palermo  https://t.co/MgbZ1mtmZN", "likes_count": 0, "replies_count": 0, "retweets_count": 0, "hashtags": []}
{"id": 1107429712836612097, "date": "2019-03-17", "time": "19:53:13", "tweet": "@Brycerific I would have likely never looked at that model - thanks for the input! 😊  What in particular do you like about it?", "likes_count": 0, "replies_count": 0, "retweets_count": 0, "hashtags": []}
{"id": 1107429599363903489, "date": "2019-03-17", "time": "19:52:46", "tweet": "the final vid for book 2, Death of Life! Hope everyone enjoyed it as much as I did. And I am asking for input on continuing this reading with book 3, Search for the Wyrdritch, and maybe shortening the time from an...  https://t.co/65dSNyeg9j", "likes_count": 0, "replies_count": 0, "retweets_count": 0, "hashtags": []}
{"id": 1107429570620219392, "date": "2019-03-17", "time": "19:52:39", "tweet": "@FF_DomPedri @shedsports Done! Thanks again for your input on the home stretch this season, btw.", "likes_count": 0, "replies_count": 1, "retweets_count": 0, "hashtags": []}
{"id": 1107429501334679552, "date": "2019-03-17", "time": "19:52:22", "tweet": "@TheOneAndOnly2G Ooh Logitech! I had someone at work recommend a wireless Logitech model...have you owned other brands before? What do you prefer about Logitech?  Thanks so much for your input! 😊", "likes_count": 0, "replies_count": 1, "retweets_count": 0, "hashtags": []}
{"id": 1107429161952374784, "date": "2019-03-17", "time": "19:51:01", "tweet": "Sudoku Puzzle Game for iPhone:By putting in \"flick input mode\" that enables players to put digits 1 from 9 easily! https://t.co/fwivhr7IcX", "likes_count": 0, "replies_count": 0, "retweets_count": 0, "hashtags": []}
{"id": 1107429078695583744, "date": "2019-03-17", "time": "19:50:42", "tweet": "Is condom an input or output device?", "likes_count": 0, "replies_count": 1, "retweets_count": 0, "hashtags": []}
{"id": 1107428962731470848, "date": "2019-03-17", "time": "19:50:14", "tweet": "Check out this Queensland bucket list on Snap Travel Blog  featuring input from lots of lovely bloggers (including me!)   https://t.co/RPIcAo0xkv  https://t.co/RPIcAo0xkv", "likes_count": 0, "replies_count": 0, "retweets_count": 0, "hashtags": []}
{"id": 1107428941252431877, "date": "2019-03-17", "time": "19:50:09", "tweet": "@MnGhosty @Razer Nice! I will give the Mamba a look and try if I can find a demo somewhere local.   Thanks for your input! 😊", "likes_count": 0, "replies_count": 0, "retweets_count": 0, "hashtags": []}
{"id": 1107428883295436800, "date": "2019-03-17", "time": "19:49:55", "tweet": "Mala influencia 🤨 en Input Boliche Palermo  https://t.co/gxxjezNPQF", "likes_count": 0, "replies_count": 0, "retweets_count": 0, "hashtags": []}
{"id": 1107428823132336128, "date": "2019-03-17", "time": "19:49:41", "tweet": "@FrankFigliuzzi1 Grateful for all your input and thought you have shared", "likes_count": 0, "replies_count": 0, "retweets_count": 0, "hashtags": []}
{"id": 1107428814018236419, "date": "2019-03-17", "time": "19:49:38", "tweet": "@pjmarmpithair @functionbts They didn't have any input in it :(", "likes_count": 2, "replies_count": 1, "retweets_count": 0, "hashtags": []}
{"id": 1107428665556717569, "date": "2019-03-17", "time": "19:49:03", "tweet": "@36cupcakeslol @SteelSeries I have large hands and long fingers so I don't have to worry about a mouse being too big. I've been eyeing the rival 500 for a while but can't seem to find one in a store that I can actually feel.  I worry about blindly getting a mouse.  Thanks for your input! 😊", "likes_count": 0, "replies_count": 0, "retweets_count": 0, "hashtags": []}
{"id": 1107428332512182272, "date": "2019-03-17", "time": "19:47:44", "tweet": "If I have an exam to study for or I have homework to do, I will go to Marston Library.  This is a 2 input or gate.  If either input is true, I'll go to the library. #CompOrgInRealLife", "likes_count": 0, "replies_count": 0, "retweets_count": 0, "hashtags": ["comporginreallife"]}
{"id": 1107428072364691457, "date": "2019-03-17", "time": "19:46:42", "tweet": "@RobbySanderson That one looks absolutely insane!!! So many buttons!!! And I definitely like the *idea* of wireless.  Have you had any hiccups with non-wired since you got it? I'm a little worried but feel I'm basing my worry on tech from 2007...  Thanks for your input, much appreciated! 😊", "likes_count": 0, "replies_count": 1, "retweets_count": 0, "hashtags": []}
{"id": 1107428052731154432, "date": "2019-03-17", "time": "19:46:37", "tweet": "...The Devil-Dog's enjoyed some input from 'The Bulldog' this Weekend?!...#BalintawakSunday #MonthlyWorkshop #DevilDogChapter #MasterSillitoe #Bulldog #Nickelstick #Balintawak #Arnis #Eskrima #Filipino #MartialArts #SelfDefence #Suffolk #Norfolk #EastAnglia #VTB #DDC #FMA #UK", "likes_count": 1, "replies_count": 0, "retweets_count": 0, "hashtags": ["balintawaksunday", "monthlyworkshop", "devildogchapter", "mastersillitoe", "bulldog", "nickelstick", "balintawak", "arnis", "eskrima", "filipino", "martialarts", "selfdefence", "suffolk", "norfolk", "eastanglia", "vtb", "ddc", "fma", "uk"]}
{"id": 1107428025803653126, "date": "2019-03-17", "time": "19:46:31", "tweet": "After the latest windows 10 update, my mouse feel weird (like there is bigger input delay or something). My aim is not on point rn :(", "likes_count": 10, "replies_count": 2, "retweets_count": 0, "hashtags": []}
{"id": 1107427897801883651, "date": "2019-03-17", "time": "19:46:00", "tweet": "IBM sold a smartphone with a touchscreen display input that could send emails and run third party apps already in 1994.", "likes_count": 298, "replies_count": 6, "retweets_count": 43, "hashtags": []}
{"id": 1107427837965942784, "date": "2019-03-17", "time": "19:45:46", "tweet": "Thanks @MelodyLehman1 !! Any other input from my favorite Star Wars nerds out there? @PoeHotDameron @TheRileyGuy @blast_points @BrewsAndBlaster @WampasLair @ObsKenobs @IceCreamManatee @elsewhere_pod @TheJediMasters 🙏🏻 🙏🏻 🙏🏻", "likes_count": 2, "replies_count": 3, "retweets_count": 0, "hashtags": []}
{"id": 1107427831083122688, "date": "2019-03-17", "time": "19:45:44", "tweet": "Thanks for your input Bill", "likes_count": 27, "replies_count": 2, "retweets_count": 0, "hashtags": []}
{"id": 1107427819217477637, "date": "2019-03-17", "time": "19:45:41", "tweet": "@davidallengreen I want your brexit input, but given the parliamentary poop you're reporting on, there's probably more certainty in a panda video.", "likes_count": 0, "replies_count": 0, "retweets_count": 0, "hashtags": []}
{"id": 1107427670336421889, "date": "2019-03-17", "time": "19:45:06", "tweet": "#CyberSecurity #Hacker NooElec NESDR SMArTee XTR SDR - Premium RTL-SDR w/ Extended Tuning Range, Aluminum Enclosure, Bias Tee, 0.5PPM TCXO, SMA Input. RTL2832U &amp; E4000-Based Software Defined Radio -  https://t.co/ajNZVdeftd", "likes_count": 0, "replies_count": 0, "retweets_count": 0, "hashtags": ["cybersecurity", "hacker"]}
{"id": 1107427651164258306, "date": "2019-03-17", "time": "19:45:01", "tweet": "@drjanaway Not to Derrida-rail the Morin important Debord going on, but I believe such Sartre-yrical input Kant be all that Camus from all that Readings", "likes_count": 0, "replies_count": 0, "retweets_count": 0, "hashtags": []}
{"id": 1107427648672694272, "date": "2019-03-17", "time": "19:45:01", "tweet": "Ford Government asking for public’s input on Peel Region’s future  https://t.co/cfHHr6rkyd", "likes_count": 0, "replies_count": 0, "retweets_count": 0, "hashtags": []}
{"id": 1107427593987473408, "date": "2019-03-17", "time": "19:44:48", "tweet": "@Jennifer_Hogan @mrronclark_ @janholcomb54 @IvoryL3710 @Johnson_HHS @MrsCarey_HHS @_Mrs_Hawk_ @mrsramireza @DrJStephensVP @DrJimmyShaw @AllysonApsey @jon_wennstrom General rule for language learning too. Input hypothesis shows Ss acquire language best from messages that are slightly beyond their current competence aka : i+1. This is also an example of an equitable practice. #ESOL #equity #LanguageLearning", "likes_count": 2, "replies_count": 0, "retweets_count": 0, "hashtags": ["esol", "equity", "languagelearning"]}
{"id": 1107427345277878272, "date": "2019-03-17", "time": "19:43:48", "tweet": "LVEDC is seeking input from employers about opportunities to partner with regional colleges and universities in securing and retaining talent:  https://t.co/KKNgd2lXAp  https://t.co/0dMMsTuks9", "likes_count": 0, "replies_count": 0, "retweets_count": 0, "hashtags": []}
{"id": 1107427312880910337, "date": "2019-03-17", "time": "19:43:41", "tweet": "We not need a revolution in the current state of affairs it's an #evolution of being that is required for input to get desired outputs from source/higher powers, the #solutions for #FutureOfWork #faith and #stability=TRU.  https://t.co/CeMqlUYxOD", "likes_count": 0, "replies_count": 0, "retweets_count": 0, "hashtags": ["evolution", "solutions", "futureofwork", "faith", "stability"]}
{"id": 1107427297093521408, "date": "2019-03-17", "time": "19:43:37", "tweet": "@xtcfans They had it yesterday. Maybe because the strings are new. But gosh does it sound bad. I'll get a variety and see what's the what. Thanks, Andy. Always appreciate your time and input. ❤️", "likes_count": 0, "replies_count": 0, "retweets_count": 0, "hashtags": []}
{"id": 1107427206693826562, "date": "2019-03-17", "time": "19:43:15", "tweet": "If the weather is nice out and I don't have homework to do, I will go for a walk. This is boolean logic with a 2 input and gate. The weather being nice and me not having homework are the inputs, and whether or not I will go for a walk is the output. #CompOrgInRealLife", "likes_count": 0, "replies_count": 0, "retweets_count": 0, "hashtags": ["comporginreallife"]}
{"id": 1107427195901796352, "date": "2019-03-17", "time": "19:43:13", "tweet": "そもそも \"Use Case Input Port\" と \"Use Case Output Port\" という用語について、ちゃんと知らないから後で見ておかなければ。", "likes_count": 0, "replies_count": 0, "retweets_count": 0, "hashtags": []}
{"id": 1107427185411936257, "date": "2019-03-17", "time": "19:43:10", "tweet": "@SportSourceA @3YearLetterman they need your input", "likes_count": 0, "replies_count": 0, "retweets_count": 0, "hashtags": []}
{"id": 1107427158216056833, "date": "2019-03-17", "time": "19:43:04", "tweet": "@eskindernega We are currently working on a project with the US embassy in Ethiopia to understand how social media plays a role in Ethiopia’s political unrest. We noticed you're one of the key influencers in the political scene and we wanted to get your input on the matter!", "likes_count": 0, "replies_count": 0, "retweets_count": 0, "hashtags": []}
{"id": 1107427089269981184, "date": "2019-03-17", "time": "19:42:47", "tweet": "@hotdogfev Not sure if it’s the power chord or cable input ?? sis", "likes_count": 0, "replies_count": 0, "retweets_count": 0, "hashtags": []}
{"id": 1107427079555960832, "date": "2019-03-17", "time": "19:42:45", "tweet": "I honestly don’t care how you raised your kids, I’m going to raise mine how I want. So I don’t need input. ☺️", "likes_count": 5, "replies_count": 0, "retweets_count": 0, "hashtags": []}
{"id": 1107426970885865473, "date": "2019-03-17", "time": "19:42:19", "tweet": "@kirszche @rosafange ok i don't need input from a serial killer apologist /s", "likes_count": 1, "replies_count": 0, "retweets_count": 0, "hashtags": []}
{"id": 1107426914006941698, "date": "2019-03-17", "time": "19:42:05", "tweet": "@dev_scythe @itchio Glad everyone likes it! We're working really hard on it and your input means a lot!", "likes_count": 1, "replies_count": 0, "retweets_count": 0, "hashtags": []}
{"id": 1107426792590073859, "date": "2019-03-17", "time": "19:41:37", "tweet": "参考:  https://t.co/s3OBBCpJV0 この記事の \"UserCreateInteractor\" (このクラスは \"IUserCreateUseCase\" インターフェースを実装) で言うと、\"Input Port\" は \"IUserCreateUseCase\" に、\"Interactor\" は \"UserCreateInteractor\" にあたる。 じゃあ、\"Output Port\" は?  https://t.co/96ITz7Tzol", "likes_count": 0, "replies_count": 2, "retweets_count": 0, "hashtags": []}
{"id": 1107426753369251841, "date": "2019-03-17", "time": "19:41:27", "tweet": "today been filled with nicki hate, people photoshopping posts to start drama among female rappers (AGAIN), shane dawson being a pedophile/beastiality, a nicki hater buying tickets to a nicki concert and a porn account acting like they can give input on Any discussion at all", "likes_count": 1, "replies_count": 1, "retweets_count": 0, "hashtags": []}
{"id": 1107426684809158656, "date": "2019-03-17", "time": "19:41:11", "tweet": "Money Cube - An APP which will help you get MONEY for free. Input my invite code ❤F76S4❤ after installation, and you will get 1000 Clicks. Download link:  https://t.co/IdnODMy6SK", "likes_count": 0, "replies_count": 0, "retweets_count": 0, "hashtags": []}
{"id": 1107426634691284992, "date": "2019-03-17", "time": "19:40:59", "tweet": "@Mom2six2 A fucking men. Some of them are so god damn annoying and think they know more than anyone else, or that everyone wants their input.  😂", "likes_count": 1, "replies_count": 0, "retweets_count": 0, "hashtags": []}
{"id": 1107426449164783618, "date": "2019-03-17", "time": "19:40:15", "tweet": "@aurich its not cheating because pads are the default input device, so anything that you can do on it is considered legal.", "likes_count": 3, "replies_count": 1, "retweets_count": 0, "hashtags": []}
{"id": 1107426134201978880, "date": "2019-03-17", "time": "19:39:00", "tweet": "@JulianCribb @Dcoronata @EverMama8 @UNEnvironment @MichaelEMann Please understand processes &amp; criteria IPCC use. A consensus is formed with expert consideration &amp; current knowledge by top climate scientists. They examine results based on major field observations by other scientists &amp; take input from hundreds of top scientific establishments.", "likes_count": 0, "replies_count": 0, "retweets_count": 0, "hashtags": []}
{"id": 1107426013863014400, "date": "2019-03-17", "time": "19:38:31", "tweet": "@JarrodB19_ This i can say is something i completely agree with. I just read it all damn day and had enough lol. Thanks for your input. You sir are correct", "likes_count": 1, "replies_count": 1, "retweets_count": 0, "hashtags": []}
{"id": 1107425949396549638, "date": "2019-03-17", "time": "19:38:15", "tweet": "\"Use Case Input Port\" って \"Interactor\" が実装しているようで、\"Interactor\" は具体例では \"〇〇UseCase\" だったから、\"Input Port\" は \"I〇〇UseCase\" でいいのか。 で、\"Output Port\" は \"Interactor\" が関連、つまり、使っているようだけど、具体的に何なんだろ?  https://t.co/Bj0fvhdB4l", "likes_count": 0, "replies_count": 1, "retweets_count": 0, "hashtags": []}
{"id": 1107425914617581570, "date": "2019-03-17", "time": "19:38:07", "tweet": "@xyzxyyzxyz @Muqadaam @jeremycorbyn Thank you Russian bot for your input.", "likes_count": 1, "replies_count": 0, "retweets_count": 0, "hashtags": []}
{"id": 1107425907172696069, "date": "2019-03-17", "time": "19:38:05", "tweet": "@ManOfTheseus I STILL NEED INPUT FROM YOU FRIEND when ya have time", "likes_count": 0, "replies_count": 1, "retweets_count": 0, "hashtags": []}
{"id": 1107425847655493632, "date": "2019-03-17", "time": "19:37:51", "tweet": "Tonight's topic is THE DENIAL OF WHITE MALE TERROR/NEW ZEALAND TERROR ATTACK please join the conversation, like and share  https://t.co/TCbxc1nmZJ   Broadcast at 8:00pm est.    Ps. Thank you for all your support your input is very important please copy and share this message", "likes_count": 0, "replies_count": 0, "retweets_count": 0, "hashtags": []}
{"id": 1107425672811741185, "date": "2019-03-17", "time": "19:37:10", "tweet": "@dreasergracula I shall try that, yes! :0 Thanks for the input! ahhh", "likes_count": 1, "replies_count": 1, "retweets_count": 0, "hashtags": []}
{"id": 1107425227019943937, "date": "2019-03-17", "time": "19:35:23", "tweet": "Outputする場があると、Input頑張ろうと思える。ありがたい。  今夜は関大駅前、リセットケアさんにて、『陸上の視点を取り入れた初速を高めるトレーニング』をお伝えしてきます。", "likes_count": 3, "replies_count": 0, "retweets_count": 0, "hashtags": []}
{"id": 1107424946030936065, "date": "2019-03-17", "time": "19:34:16", "tweet": "Yo de un PATOVA de input toy quemada", "likes_count": 1, "replies_count": 0, "retweets_count": 0, "hashtags": []}
{"id": 1107424899079901184, "date": "2019-03-17", "time": "19:34:05", "tweet": "@WrestleMyBalls The African slavery was NOT the same as European slavery. They had slavic servants. I know all about this and I studied this very topic for many years. From African teachers at an African spiritual center. Thanks for ya input tho. Respect.", "likes_count": 1, "replies_count": 1, "retweets_count": 0, "hashtags": []}
{"id": 1107424895367966720, "date": "2019-03-17", "time": "19:34:04", "tweet": "Interfaz y gestión del input  https://t.co/6r7IngzUzk #github", "likes_count": 0, "replies_count": 0, "retweets_count": 1, "hashtags": ["github"]}
{"id": 1107424743513378816, "date": "2019-03-17", "time": "19:33:28", "tweet": "Almost forgot about this, but I need some help with a few things, all input is super appreciated. :)  https://t.co/MZTfnTqQcM", "likes_count": 1, "replies_count": 1, "retweets_count": 0, "hashtags": []}
{"id": 1107424737930690560, "date": "2019-03-17", "time": "19:33:27", "tweet": "The possibilities that distributed-host operating systems and ‘cryptocurrency’ create is quite impressive...it’s growth and diversity however is problematic. Until clearly stable networks with testable input/output parity emerge with efficient client deli… https://t.co/YpXpcTV3OC", "likes_count": 0, "replies_count": 0, "retweets_count": 0, "hashtags": []}
{"id": 1107424655852228608, "date": "2019-03-17", "time": "19:33:07", "tweet": "@trevorsumner btw wording on the AD says \"..if an erroneously high *single* AOA sensor input is received..\" Your overall analysis is excellent, but word \"single\" caught my eye.Does the spec call for nose-down in response to single sample of bad data input? if not, that might be a software bug", "likes_count": 0, "replies_count": 1, "retweets_count": 0, "hashtags": []}
{"id": 1107424634390147072, "date": "2019-03-17", "time": "19:33:02", "tweet": "@CUnderwoodUK Thank you for sharing your pain. Thank you for your strength. You’re a true inspiration. Please know that many need your knowledge and crave your input.", "likes_count": 1, "replies_count": 0, "retweets_count": 0, "hashtags": []}
{"id": 1107424515347243008, "date": "2019-03-17", "time": "19:32:34", "tweet": "Sauk County seeks input on hazard mitigation plan  https://t.co/0LvLX5oYTg  https://t.co/8o3Dm3bhLO", "likes_count": 0, "replies_count": 0, "retweets_count": 0, "hashtags": []}
{"id": 1107424514932039680, "date": "2019-03-17", "time": "19:32:33", "tweet": "Sauk County seeks input on hazard mitigation plan  https://t.co/RhgoR3NC7C  https://t.co/tg1DhBAnDy", "likes_count": 0, "replies_count": 0, "retweets_count": 0, "hashtags": []}
{"id": 1107424514818793472, "date": "2019-03-17", "time": "19:32:33", "tweet": "Sauk County seeks input on hazard mitigation plan  https://t.co/3pWfzHgGuA  https://t.co/Db3FYO8x8f", "likes_count": 0, "replies_count": 0, "retweets_count": 0, "hashtags": []}
{"id": 1107424239232208896, "date": "2019-03-17", "time": "19:31:28", "tweet": "173269 Old-Stock, GE Fanuc IC693MDL240G Input/Output Module (Broken Hinge Pin)  https://t.co/RihEPAEH43  https://t.co/pOvylGJn40", "likes_count": 0, "replies_count": 0, "retweets_count": 0, "hashtags": []}
{"id": 1107424231439118336, "date": "2019-03-17", "time": "19:31:26", "tweet": "@DinaPomeranz On trends of wellbeing in America and the world, potentially an input to understand populism, check out @cgbrookings work.", "likes_count": 2, "replies_count": 0, "retweets_count": 0, "hashtags": []}
{"id": 1107431412712509440, "date": "2019-03-17", "time": "19:59:58", "tweet": "@Im_Valo @RRippr @Professor_Tilt @FreaksterXave @Logical_Spawn I didn’t even have input on 678, but how would everyone know how good your team is when everyone on your team was basically absent from comp/changed roles/not listed as the starter. Straight up if I knew rheny was playing mid I’d have put you as a seed, but I’ve never seen lui", "likes_count": 0, "replies_count": 3, "retweets_count": 0, "hashtags": []}
{"id": 1107431327069102080, "date": "2019-03-17", "time": "19:59:38", "tweet": "Common violations I see for “no component is a singleton”:  * Forms that don’t ensure their input ids are unique (especially if form used more than once) * Components that read/write to location query strings for state.", "likes_count": 0, "replies_count": 0, "retweets_count": 0, "hashtags": []}
{"id": 1107431128791769088, "date": "2019-03-17", "time": "19:58:50", "tweet": "@bensh__ @forestgregg I would push back on the idea that Council is strong in Philadelphia outside of some land-use issues. They have almost no input on the budget, both by design, and seemingly by interest.", "likes_count": 2, "replies_count": 1, "retweets_count": 0, "hashtags": []}
{"id": 1107430921702117376, "date": "2019-03-17", "time": "19:58:01", "tweet": "I have proof that @Cisco switches are no fun!  ws-c2960xr#show fun                               ^ % Invalid input detected at '^' marker.  @amyengineer @how2cloud @FortiJames @Fortinet", "likes_count": 3, "replies_count": 0, "retweets_count": 0, "hashtags": []}
{"id": 1107430858519166976, "date": "2019-03-17", "time": "19:57:46", "tweet": "Money Cube - An APP which will help you get MONEY for free. Input my invite code ❤F9ZQ4❤ after installation, and you will get ١٠٠٠ Clicks. Download link:  https://t.co/eqqRd3mySC  https://t.co/c0wnzReL4H", "likes_count": 0, "replies_count": 0, "retweets_count": 0, "hashtags": []}
{"id": 1107430717393375232, "date": "2019-03-17", "time": "19:57:12", "tweet": "I’m for bicycles in the #BCGov Active Transportation Strategy (ATS). BC is asking for input for the ATS which will inform policy for cyclists for years to come. Be heard so that investment in cycling gets into the #BCGov ATS  https://t.co/2fqXHhFPxz", "likes_count": 0, "replies_count": 0, "retweets_count": 0, "hashtags": ["bcgov", "bcgov"]}
{"id": 1107430676100509696, "date": "2019-03-17", "time": "19:57:02", "tweet": "I hate when security gets uppity and sassy.   You’re security, you have no input on the club", "likes_count": 3, "replies_count": 0, "retweets_count": 0, "hashtags": []}
{"id": 1107430534878253059, "date": "2019-03-17", "time": "19:56:29", "tweet": "@HustlerHabits 💀💀💀 I feel you. thanks for your input!", "likes_count": 0, "replies_count": 0, "retweets_count": 0, "hashtags": []}
{"id": 1107430361603162114, "date": "2019-03-17", "time": "19:55:47", "tweet": "@RidgeOnSunday @jeremycorbyn The penny might eventually start to drop that in order to get a #Deal with the EU that’ll protect jobs &amp; access to that market, we’ll need to take rules from the EU whilst having little input apart from being able to complain. We’re better off in. #Ridge", "likes_count": 0, "replies_count": 0, "retweets_count": 0, "hashtags": ["deal", "ridge"]}
{"id": 1107430272449032192, "date": "2019-03-17", "time": "19:55:26", "tweet": "I think I fixed my audio problems by running a single device audio input through my laptop... quality is where I want it now... followers will come I hope(:  https://t.co/i0GhSaxqFW come by and tell me in chat how the quality is!! Or give advice!!(:  https://t.co/faBqR4Brqd", "likes_count": 0, "replies_count": 0, "retweets_count": 0, "hashtags": []}
{"id": 1107430228668739584, "date": "2019-03-17", "time": "19:55:16", "tweet": "@Gamblor20 I don't align myself with anyone. And id like to think of myself as a free thinker. You may not like my point of view. So be it. But at least we can discuss the issue in a civilised manner. Thanks for your input :)", "likes_count": 1, "replies_count": 1, "retweets_count": 0, "hashtags": []}
{"id": 1107430203574439936, "date": "2019-03-17", "time": "19:55:10", "tweet": "@stumpteacher @KellyCoon106 Can I input my own book here? It's WE HUNT THE FLAME, out in May! :)", "likes_count": 14, "replies_count": 2, "retweets_count": 0, "hashtags": []}
{"id": 1107430201670156289, "date": "2019-03-17", "time": "19:55:09", "tweet": "3) On the note of Morning Project, I've been looking at different hosting platforms for when I do launch! Do you have a favorite site or publisher that you go to for your webcomics? Please please please comment with it, I'd love to hear ya'lls input", "likes_count": 0, "replies_count": 1, "retweets_count": 0, "hashtags": []}
{"id": 1107430152416440321, "date": "2019-03-17", "time": "19:54:58", "tweet": "Input trainee devoted to race", "likes_count": 0, "replies_count": 0, "retweets_count": 0, "hashtags": []}
{"id": 1107430034413891585, "date": "2019-03-17", "time": "19:54:29", "tweet": "@chopsticknitter Girl you play PC games and your opinion is valid!  I will take a look at that model if I can fine it on demo at Canada computers or something.  Thanks for your input! 😊", "likes_count": 1, "replies_count": 1, "retweets_count": 0, "hashtags": []}
{"id": 1107430007494897665, "date": "2019-03-17", "time": "19:54:23", "tweet": "IBM sold a smartphone with a touchscreen display input that could send emails and run third party apps already in 1994.", "likes_count": 0, "replies_count": 0, "retweets_count": 0, "hashtags": []}
{"id": 1107429817366896640, "date": "2019-03-17", "time": "19:53:38", "tweet": "@jenodotco @tweetcloudbot THAT BIG ASS NA JAEMIN IN YOUR CLOUD NEEDS MY INPUT IN THIS CHIEF WDYM", "likes_count": 0, "replies_count": 1, "retweets_count": 0, "hashtags": []}
{"id": 1107429760613834752, "date": "2019-03-17", "time": "19:53:24", "tweet": "Some talk going around TA is indicating an upswing. Would love your input @CryptoEspi 😉👍👍", "likes_count": 1, "replies_count": 0, "retweets_count": 0, "hashtags": []}
{"id": 1107429725344010241, "date": "2019-03-17", "time": "19:53:16", "tweet": "Police Department Report-Your-Neighbor Apps Proliferate Without Oversight or Community Input - Defending Rights &amp; Dissent  https://t.co/WxgFBg7DF5  https://t.co/uGtpTsHNes", "likes_count": 0, "replies_count": 0, "retweets_count": 0, "hashtags": []}
{"id": 1107429716796030976, "date": "2019-03-17", "time": "19:53:14", "tweet": "Acaba de publicar una foto en Input Boliche Palermo  https://t.co/MgbZ1mtmZN", "likes_count": 0, "replies_count": 0, "retweets_count": 0, "hashtags": []}
{"id": 1107429712836612097, "date": "2019-03-17", "time": "19:53:13", "tweet": "@Brycerific I would have likely never looked at that model - thanks for the input! 😊  What in particular do you like about it?", "likes_count": 0, "replies_count": 0, "retweets_count": 0, "hashtags": []}
{"id": 1107429599363903489, "date": "2019-03-17", "time": "19:52:46", "tweet": "the final vid for book 2, Death of Life! Hope everyone enjoyed it as much as I did. And I am asking for input on continuing this reading with book 3, Search for the Wyrdritch, and maybe shortening the time from an...  https://t.co/65dSNyeg9j", "likes_count": 0, "replies_count": 0, "retweets_count": 0, "hashtags": []}
{"id": 1107429570620219392, "date": "2019-03-17", "time": "19:52:39", "tweet": "@FF_DomPedri @shedsports Done! Thanks again for your input on the home stretch this season, btw.", "likes_count": 0, "replies_count": 1, "retweets_count": 0, "hashtags": []}
{"id": 1107429501334679552, "date": "2019-03-17", "time": "19:52:22", "tweet": "@TheOneAndOnly2G Ooh Logitech! I had someone at work recommend a wireless Logitech model...have you owned other brands before? What do you prefer about Logitech?  Thanks so much for your input! 😊", "likes_count": 0, "replies_count": 1, "retweets_count": 0, "hashtags": []}
{"id": 1107429161952374784, "date": "2019-03-17", "time": "19:51:01", "tweet": "Sudoku Puzzle Game for iPhone:By putting in \"flick input mode\" that enables players to put digits 1 from 9 easily! https://t.co/fwivhr7IcX", "likes_count": 0, "replies_count": 0, "retweets_count": 0, "hashtags": []}
{"id": 1107429078695583744, "date": "2019-03-17", "time": "19:50:42", "tweet": "Is condom an input or output device?", "likes_count": 0, "replies_count": 1, "retweets_count": 0, "hashtags": []}
{"id": 1107428962731470848, "date": "2019-03-17", "time": "19:50:14", "tweet": "Check out this Queensland bucket list on Snap Travel Blog  featuring input from lots of lovely bloggers (including me!)   https://t.co/RPIcAo0xkv  https://t.co/RPIcAo0xkv", "likes_count": 0, "replies_count": 0, "retweets_count": 0, "hashtags": []}
{"id": 1107428941252431877, "date": "2019-03-17", "time": "19:50:09", "tweet": "@MnGhosty @Razer Nice! I will give the Mamba a look and try if I can find a demo somewhere local.   Thanks for your input! 😊", "likes_count": 0, "replies_count": 0, "retweets_count": 0, "hashtags": []}
{"id": 1107428883295436800, "date": "2019-03-17", "time": "19:49:55", "tweet": "Mala influencia 🤨 en Input Boliche Palermo  https://t.co/gxxjezNPQF", "likes_count": 0, "replies_count": 0, "retweets_count": 0, "hashtags": []}
{"id": 1107428823132336128, "date": "2019-03-17", "time": "19:49:41", "tweet": "@FrankFigliuzzi1 Grateful for all your input and thought you have shared", "likes_count": 0, "replies_count": 0, "retweets_count": 0, "hashtags": []}
{"id": 1107428814018236419, "date": "2019-03-17", "time": "19:49:38", "tweet": "@pjmarmpithair @functionbts They didn't have any input in it :(", "likes_count": 2, "replies_count": 1, "retweets_count": 0, "hashtags": []}
{"id": 1107428665556717569, "date": "2019-03-17", "time": "19:49:03", "tweet": "@36cupcakeslol @SteelSeries I have large hands and long fingers so I don't have to worry about a mouse being too big. I've been eyeing the rival 500 for a while but can't seem to find one in a store that I can actually feel.  I worry about blindly getting a mouse.  Thanks for your input! 😊", "likes_count": 0, "replies_count": 0, "retweets_count": 0, "hashtags": []}
{"id": 1107428332512182272, "date": "2019-03-17", "time": "19:47:44", "tweet": "If I have an exam to study for or I have homework to do, I will go to Marston Library.  This is a 2 input or gate.  If either input is true, I'll go to the library. #CompOrgInRealLife", "likes_count": 0, "replies_count": 0, "retweets_count": 0, "hashtags": ["comporginreallife"]}
{"id": 1107428072364691457, "date": "2019-03-17", "time": "19:46:42", "tweet": "@RobbySanderson That one looks absolutely insane!!! So many buttons!!! And I definitely like the *idea* of wireless.  Have you had any hiccups with non-wired since you got it? I'm a little worried but feel I'm basing my worry on tech from 2007...  Thanks for your input, much appreciated! 😊", "likes_count": 0, "replies_count": 1, "retweets_count": 0, "hashtags": []}
{"id": 1107428052731154432, "date": "2019-03-17", "time": "19:46:37", "tweet": "...The Devil-Dog's enjoyed some input from 'The Bulldog' this Weekend?!...#BalintawakSunday #MonthlyWorkshop #DevilDogChapter #MasterSillitoe #Bulldog #Nickelstick #Balintawak #Arnis #Eskrima #Filipino #MartialArts #SelfDefence #Suffolk #Norfolk #EastAnglia #VTB #DDC #FMA #UK", "likes_count": 1, "replies_count": 0, "retweets_count": 0, "hashtags": ["balintawaksunday", "monthlyworkshop", "devildogchapter", "mastersillitoe", "bulldog", "nickelstick", "balintawak", "arnis", "eskrima", "filipino", "martialarts", "selfdefence", "suffolk", "norfolk", "eastanglia", "vtb", "ddc", "fma", "uk"]}
{"id": 1107428025803653126, "date": "2019-03-17", "time": "19:46:31", "tweet": "After the latest windows 10 update, my mouse feel weird (like there is bigger input delay or something). My aim is not on point rn :(", "likes_count": 10, "replies_count": 2, "retweets_count": 0, "hashtags": []}
{"id": 1107427897801883651, "date": "2019-03-17", "time": "19:46:00", "tweet": "IBM sold a smartphone with a touchscreen display input that could send emails and run third party apps already in 1994.", "likes_count": 298, "replies_count": 6, "retweets_count": 43, "hashtags": []}
{"id": 1107427837965942784, "date": "2019-03-17", "time": "19:45:46", "tweet": "Thanks @MelodyLehman1 !! Any other input from my favorite Star Wars nerds out there? @PoeHotDameron @TheRileyGuy @blast_points @BrewsAndBlaster @WampasLair @ObsKenobs @IceCreamManatee @elsewhere_pod @TheJediMasters 🙏🏻 🙏🏻 🙏🏻", "likes_count": 2, "replies_count": 3, "retweets_count": 0, "hashtags": []}
{"id": 1107427831083122688, "date": "2019-03-17", "time": "19:45:44", "tweet": "Thanks for your input Bill", "likes_count": 27, "replies_count": 2, "retweets_count": 0, "hashtags": []}
{"id": 1107427819217477637, "date": "2019-03-17", "time": "19:45:41", "tweet": "@davidallengreen I want your brexit input, but given the parliamentary poop you're reporting on, there's probably more certainty in a panda video.", "likes_count": 0, "replies_count": 0, "retweets_count": 0, "hashtags": []}
