{"id": 1163601525874339840, "date": "2019-08-19", "time": "19:59:57", "tweet": "@realDonaldTrump I am SURE they made your input SEEM very interesting.  Why do I have the feeling this TWEET is mostly word for word the itinerary FOR the call, longer and more stately phrasing than usual...precise wording. Hmm...  Wait!...Got it....Did someone learn to cut and paste today?!", "likes_count": 24, "replies_count": 2, "retweets_count": 0, "hashtags": []}
{"id": 1163601455078445056, "date": "2019-08-19", "time": "19:59:40", "tweet": "Input berkas sebentar, pegel. Giliran ngerjain ttg Muel, berjam2 jg ayok. DASAR AKU.. 😅  https://t.co/G3uwHe70of", "likes_count": 13, "replies_count": 2, "retweets_count": 4, "hashtags": []}
{"id": 1163601450041143296, "date": "2019-08-19", "time": "19:59:39", "tweet": "@aroolee You like him 🤩 I do but that input scares the shit out of me sometimes and I sadly have no reliable way of doing XD   If I may ask why do you like Big boy demon?", "likes_count": 0, "replies_count": 0, "retweets_count": 0, "hashtags": []}
{"id": 1163601429904289792, "date": "2019-08-19", "time": "19:59:34", "tweet": "@ScrubQuotesX Wich is worse? -That weird Input -\"Practice your combos\" in a tweet abou Samurai Shodown", "likes_count": 90, "replies_count": 1, "retweets_count": 2, "hashtags": []}
{"id": 1163601380600418305, "date": "2019-08-19", "time": "19:59:22", "tweet": "We Need Your Input - 2020 Executive Board Nominations OPEN NOW -  https://t.co/SzQgecFexS  https://t.co/WLVwP7nkvk", "likes_count": 0, "replies_count": 0, "retweets_count": 0, "hashtags": []}
{"id": 1163601344097161216, "date": "2019-08-19", "time": "19:59:13", "tweet": "@jatirtd Selamat Pagi First People, mohon maaf bisa cek dengan memastikan posisi kabel Coaxial pada port input STB sudah terpasang dengan baik kemudian unplug kabel powernya. Jika problem masih berlanjut, bisa infokan 3 channel apa saja problem.  Terima kasih ^Ibn", "likes_count": 0, "replies_count": 2, "retweets_count": 0, "hashtags": []}
{"id": 1163601298987483136, "date": "2019-08-19", "time": "19:59:03", "tweet": "@BenLearnsTradin Thanks for the input Ben", "likes_count": 1, "replies_count": 0, "retweets_count": 0, "hashtags": []}
{"id": 1163601268029476864, "date": "2019-08-19", "time": "19:58:55", "tweet": "@tootwistyy Did you ensure the correct country code was input? ~Yadon", "likes_count": 0, "replies_count": 0, "retweets_count": 0, "hashtags": []}
{"id": 1163601019298668544, "date": "2019-08-19", "time": "19:57:56", "tweet": "無理やりinputのフォームにこだわることはないので、スプシかグーグルフォームに入力が早い（運用でカバーの例", "likes_count": 0, "replies_count": 0, "retweets_count": 0, "hashtags": []}
{"id": 1163600959358078981, "date": "2019-08-19", "time": "19:57:42", "tweet": "@realDonaldTrump You have no friends. And they dont need any input from you on Kashmir. You dont know how to run your own country, dont tell others what to do with theirs.", "likes_count": 1, "replies_count": 0, "retweets_count": 0, "hashtags": []}
{"id": 1163600815300304897, "date": "2019-08-19", "time": "19:57:07", "tweet": "@CurlingW I hate to be that guy but didn't somebody find out that f, db, f registers as a DP input in SF4?", "likes_count": 3, "replies_count": 1, "retweets_count": 0, "hashtags": []}
{"id": 1163600801677418496, "date": "2019-08-19", "time": "19:57:04", "tweet": "Thanks to the many neighbors of Highlands area park in North Bethany, who provided their input about the play equipment. Option 3 with towers, platforms, an Oodle swing, and a toddler play set had the most votes!  For more information, visit our website:  https://t.co/s7fEGDmoly  https://t.co/RnmEpnDuvK", "likes_count": 0, "replies_count": 0, "retweets_count": 0, "hashtags": []}
{"id": 1163600774435344385, "date": "2019-08-19", "time": "19:56:57", "tweet": "@JRAMTHAGOAT24 @DynastyCLE Bandwagon fan input...obviously. They don't get it.", "likes_count": 1, "replies_count": 0, "retweets_count": 0, "hashtags": []}
{"id": 1163600680185212931, "date": "2019-08-19", "time": "19:56:35", "tweet": "@PKBlueberry @Tanakasu91 Yeah x to x+r feels the most comfortable to me. I’ve messed around with placing grab on a face button and using just my thumb to input the jump + zair but it never felt right. Probably just comes down to personal preference", "likes_count": 1, "replies_count": 0, "retweets_count": 0, "hashtags": []}
{"id": 1163600585649807360, "date": "2019-08-19", "time": "19:56:12", "tweet": "@bobbyfantasypro Tx a ton for the awesome content you deliver w/Tags w/the FP Podcasts! I was lucky enough to beat Tags in the last live listener mock draft. Need your input for a 12-man std draft, w/pick 12. Assume Gurley/Chubb gone, do I reach for Cook/WR or go stud WR/WR/(TE)?", "likes_count": 0, "replies_count": 0, "retweets_count": 0, "hashtags": []}
{"id": 1163600435439185921, "date": "2019-08-19", "time": "19:55:37", "tweet": "@PlanetFitness Awesome ok! I’ll talk to my local and see what options are! Thanks for the input and the awesome gyms! 💪🏼❤️", "likes_count": 0, "replies_count": 1, "retweets_count": 0, "hashtags": []}
{"id": 1163600375481425921, "date": "2019-08-19", "time": "19:55:22", "tweet": "@GoogleStadia What kind of command is this? You only prove you know nothing of games, and I don't want to play a FG with your input lag", "likes_count": 0, "replies_count": 0, "retweets_count": 0, "hashtags": []}
{"id": 1163600321530273792, "date": "2019-08-19", "time": "19:55:09", "tweet": "Lmaooo let me know! I gave up meat baby sooooooo i have no input", "likes_count": 1, "replies_count": 1, "retweets_count": 0, "hashtags": []}
{"id": 1163600302391648257, "date": "2019-08-19", "time": "19:55:05", "tweet": "Visit the Pioneer Square East West Pedestrian Improvements project online open house to learn about the proposed concept design for east-west streets, share your input on project priorities and hear how public feedback informs the design. Online open house: https://t.co/88rXvPdqKP  https://t.co/tVciKks0Lr", "likes_count": 0, "replies_count": 0, "retweets_count": 2, "hashtags": []}
{"id": 1163600267377557505, "date": "2019-08-19", "time": "19:54:57", "tweet": "Hi yall I need input  Haven't designed the character yet but I'm picking between four names and I cant decide, which one should I choose:  Help me please I'm having a dilemma lmaooo", "likes_count": 0, "replies_count": 0, "retweets_count": 0, "hashtags": []}
{"id": 1163600256682123264, "date": "2019-08-19", "time": "19:54:54", "tweet": "@ScrubQuotesX Fighting games with severe input delay. Sounds lovely.", "likes_count": 38, "replies_count": 0, "retweets_count": 0, "hashtags": []}
{"id": 1163600166252761089, "date": "2019-08-19", "time": "19:54:32", "tweet": "@BukaBantuan min transaksi 192331253463 pengirimannya wajib resi otomatis siCepat, tpi pembeli nya dm sya minta ganti kurir pake J&amp;T, sudah sy kirim tapi mau input resi nya ga bisa. Mohon dibantu  https://t.co/9dPoS0o3sF", "likes_count": 0, "replies_count": 1, "retweets_count": 0, "hashtags": []}
{"id": 1163600145004429312, "date": "2019-08-19", "time": "19:54:27", "tweet": "@CjmFilm Hello, we appreciate your input today. If you need assistance moving forward, we would be happy to assist. ^LT", "likes_count": 0, "replies_count": 0, "retweets_count": 0, "hashtags": []}
{"id": 1163600131117260806, "date": "2019-08-19", "time": "19:54:24", "tweet": "@nikkijumpfly Hi Nikki, that is a great suggestion and I would encourage you to input your idea in our Feature Suggestion Forum:  https://t.co/YVm3oGE0ZT. This allows other users like yourself to vote on ideas to let our engineers know ways to improve our platform. TY for choosing MSFT Ads!^SK  https://t.co/ihgsMVV7yg", "likes_count": 0, "replies_count": 1, "retweets_count": 0, "hashtags": []}
{"id": 1163600099559321600, "date": "2019-08-19", "time": "19:54:17", "tweet": "@sonossupport I can't seem to get groups to work.  No matter how I configure, all that plays is the \"kitchen\" (where my echo dot is a line input).  Unless I  use a \"group\" from the Sonos app.  There must be a way to do this with Alexa", "likes_count": 0, "replies_count": 0, "retweets_count": 0, "hashtags": []}
{"id": 1163600095293653000, "date": "2019-08-19", "time": "19:54:16", "tweet": "Lol what is this input", "likes_count": 0, "replies_count": 0, "retweets_count": 0, "hashtags": []}
{"id": 1163599997503451136, "date": "2019-08-19", "time": "19:53:52", "tweet": "@spoodway Yeah okay, if I'm too broke to get a PS4 or PC, I get Stadia, okay great that means I can play Next Gen crap.  But I will have to shell out more money to play these games with a very fast connection to get a DECENT framerate with no input lag. Nope, not simple.", "likes_count": 1, "replies_count": 0, "retweets_count": 0, "hashtags": []}
{"id": 1163599995792236544, "date": "2019-08-19", "time": "19:53:52", "tweet": "@ItsSkullss @chuuxing It’s not my body that the baby is growing in so why should I give my input unless that person personally asked me? The baby isn’t considered not an embryo until the 3rd month mark", "likes_count": 0, "replies_count": 1, "retweets_count": 0, "hashtags": []}
{"id": 1163599946379091974, "date": "2019-08-19", "time": "19:53:40", "tweet": "@ScrubQuotesX Idk shit about this game but doesn't this input just do nothing LOL", "likes_count": 4, "replies_count": 2, "retweets_count": 0, "hashtags": []}
{"id": 1163599908143882240, "date": "2019-08-19", "time": "19:53:31", "tweet": "@KaymenKova @MichaelRapaport @iamrapaport And @tariqnasheed  have read him for filth time and time again. You would think he would have learned his lesson by now. Go talk to the white community they need your input. We don't.", "likes_count": 3, "replies_count": 0, "retweets_count": 0, "hashtags": []}
{"id": 1163599879488380928, "date": "2019-08-19", "time": "19:53:24", "tweet": "@PG_SamuraiPanda I mean. Maybe it is the old samsho games. The input you do after a certain thing was accomplished and you slices their heads off.", "likes_count": 0, "replies_count": 0, "retweets_count": 0, "hashtags": []}
{"id": 1163599753982222336, "date": "2019-08-19", "time": "19:52:54", "tweet": "@ScrubQuotesX I mean. Maybe it is the old samsho games. The input you do after a certain thing was accomplished and you slices their heads off.", "likes_count": 0, "replies_count": 1, "retweets_count": 0, "hashtags": []}
{"id": 1163599730611511297, "date": "2019-08-19", "time": "19:52:49", "tweet": "Join us in the media center for our annual Title 1 meeting on Tuesday, August 20 @ 4:30.  We value the input our students’ families can provide.  Hope to see you there! #learningatlpe  https://t.co/t1Ed9MBxUc  https://t.co/ymyiKQbM8w", "likes_count": 0, "replies_count": 0, "retweets_count": 0, "hashtags": ["learningatlpe"]}
{"id": 1163599716766105600, "date": "2019-08-19", "time": "19:52:45", "tweet": "To do list: - Find 1 more Referee for Job application - Input 360 footage into VR app - Continue HEA - Record a YouTube video - Clean house for inspection - Prepare for Thursday meetings - Prepare for Insomnia Friday  All go at the moment :/", "likes_count": 0, "replies_count": 0, "retweets_count": 0, "hashtags": []}
{"id": 1163599713230348288, "date": "2019-08-19", "time": "19:52:44", "tweet": "// So I need a vote on which lancer to level next for my FGO team. My current ones are Enkidu, OG Cu, Karna, Fionn, and Diarmuid. If you have any input, would be happy to hear it! :D", "likes_count": 1, "replies_count": 2, "retweets_count": 1, "hashtags": []}
{"id": 1163599617520541696, "date": "2019-08-19", "time": "19:52:22", "tweet": "@ScrubQuotesX Man, at least ➡️↙️➡️ was an actual input... albeit from the wrong game.", "likes_count": 6, "replies_count": 2, "retweets_count": 0, "hashtags": []}
{"id": 1163599523169501184, "date": "2019-08-19", "time": "19:51:59", "tweet": "@ScrubQuotesX We've all missed an input like that, let's be fair. ^_~", "likes_count": 0, "replies_count": 0, "retweets_count": 0, "hashtags": []}
{"id": 1163599465132916742, "date": "2019-08-19", "time": "19:51:45", "tweet": "さっきから必死に音が出ないって言ってるけどそこinputじゃなくでamp ctrlって書いてあるよ？", "likes_count": 0, "replies_count": 0, "retweets_count": 0, "hashtags": []}
{"id": 1163599388180176896, "date": "2019-08-19", "time": "19:51:27", "tweet": "Rust -- How to read line from Stdin safely with max input length?  https://t.co/2ILOMLd79T #rust", "likes_count": 0, "replies_count": 0, "retweets_count": 0, "hashtags": ["rust"]}
{"id": 1163599173926756352, "date": "2019-08-19", "time": "19:50:36", "tweet": "@thorsminer @FORG1VENGRE Could be but Gsync/freesync is bad for competitive gaming cuz of the input delay increase", "likes_count": 0, "replies_count": 0, "retweets_count": 0, "hashtags": []}
{"id": 1163601525874339840, "date": "2019-08-19", "time": "19:59:57", "tweet": "@realDonaldTrump I am SURE they made your input SEEM very interesting.  Why do I have the feeling this TWEET is mostly word for word the itinerary FOR the call, longer and more stately phrasing than usual...precise wording. Hmm...  Wait!...Got it....Did someone learn to cut and paste today?!", "likes_count": 24, "replies_count": 2, "retweets_count": 0, "hashtags": []}
{"id": 1163601455078445056, "date": "2019-08-19", "time": "19:59:40", "tweet": "Input berkas sebentar, pegel. Giliran ngerjain ttg Muel, berjam2 jg ayok. DASAR AKU.. 😅  https://t.co/G3uwHe70of", "likes_count": 13, "replies_count": 2, "retweets_count": 4, "hashtags": []}
{"id": 1163601450041143296, "date": "2019-08-19", "time": "19:59:39", "tweet": "@aroolee You like him 🤩 I do but that input scares the shit out of me sometimes and I sadly have no reliable way of doing XD   If I may ask why do you like Big boy demon?", "likes_count": 0, "replies_count": 0, "retweets_count": 0, "hashtags": []}
{"id": 1163601429904289792, "date": "2019-08-19", "time": "19:59:34", "tweet": "@ScrubQuotesX Wich is worse? -That weird Input -\"Practice your combos\" in a tweet abou Samurai Shodown", "likes_count": 90, "replies_count": 1, "retweets_count": 2, "hashtags": []}
{"id": 1163601380600418305, "date": "2019-08-19", "time": "19:59:22", "tweet": "We Need Your Input - 2020 Executive Board Nominations OPEN NOW -  https://t.co/SzQgecFexS  https://t.co/WLVwP7nkvk", "likes_count": 0, "replies_count": 0, "retweets_count": 0, "hashtags": []}
{"id": 1163601344097161216, "date": "2019-08-19", "time": "19:59:13", "tweet": "@jatirtd Selamat Pagi First People, mohon maaf bisa cek dengan memastikan posisi kabel Coaxial pada port input STB sudah terpasang dengan baik kemudian unplug kabel powernya. Jika problem masih berlanjut, bisa infokan 3 channel apa saja problem.  Terima kasih ^Ibn", "likes_count": 0, "replies_count": 2, "retweets_count": 0, "hashtags": []}
{"id": 1163601298987483136, "date": "2019-08-19", "time": "19:59:03", "tweet": "@BenLearnsTradin Thanks for the input Ben", "likes_count": 1, "replies_count": 0, "retweets_count": 0, "hashtags": []}
{"id": 1163601268029476864, "date": "2019-08-19", "time": "19:58:55", "tweet": "@tootwistyy Did you ensure the correct country code was input? ~Yadon", "likes_count": 0, "replies_count": 0, "retweets_count": 0, "hashtags": []}
{"id": 1163601019298668544, "date": "2019-08-19", "time": "19:57:56", "tweet": "無理やりinputのフォームにこだわることはないので、スプシかグーグルフォームに入力が早い（運用でカバーの例", "likes_count": 0, "replies_count": 0, "retweets_count": 0, "hashtags": []}
{"id": 1163600959358078981, "date": "2019-08-19", "time": "19:57:42", "tweet": "@realDonaldTrump You have no friends. And they dont need any input from you on Kashmir. You dont know how to run your own country, dont tell others what to do with theirs.", "likes_count": 1, "replies_count": 0, "retweets_count": 0, "hashtags": []}
{"id": 1163600815300304897, "date": "2019-08-19", "time": "19:57:07", "tweet": "@CurlingW I hate to be that guy but didn't somebody find out that f, db, f registers as a DP input in SF4?", "likes_count": 3, "replies_count": 1, "retweets_count": 0, "hashtags": []}
{"id": 1163600801677418496, "date": "2019-08-19", "time": "19:57:04", "tweet": "Thanks to the many neighbors of Highlands area park in North Bethany, who provided their input about the play equipment. Option 3 with towers, platforms, an Oodle swing, and a toddler play set had the most votes!  For more information, visit our website:  https://t.co/s7fEGDmoly  https://t.co/RnmEpnDuvK", "likes_count": 0, "replies_count": 0, "retweets_count": 0, "hashtags": []}
{"id": 1163600774435344385, "date": "2019-08-19", "time": "19:56:57", "tweet": "@JRAMTHAGOAT24 @DynastyCLE Bandwagon fan input...obviously. They don't get it.", "likes_count": 1, "replies_count": 0, "retweets_count": 0, "hashtags": []}
{"id": 1163600680185212931, "date": "2019-08-19", "time": "19:56:35", "tweet": "@PKBlueberry @Tanakasu91 Yeah x to x+r feels the most comfortable to me. I’ve messed around with placing grab on a face button and using just my thumb to input the jump + zair but it never felt right. Probably just comes down to personal preference", "likes_count": 1, "replies_count": 0, "retweets_count": 0, "hashtags": []}
{"id": 1163600585649807360, "date": "2019-08-19", "time": "19:56:12", "tweet": "@bobbyfantasypro Tx a ton for the awesome content you deliver w/Tags w/the FP Podcasts! I was lucky enough to beat Tags in the last live listener mock draft. Need your input for a 12-man std draft, w/pick 12. Assume Gurley/Chubb gone, do I reach for Cook/WR or go stud WR/WR/(TE)?", "likes_count": 0, "replies_count": 0, "retweets_count": 0, "hashtags": []}
{"id": 1163600435439185921, "date": "2019-08-19", "time": "19:55:37", "tweet": "@PlanetFitness Awesome ok! I’ll talk to my local and see what options are! Thanks for the input and the awesome gyms! 💪🏼❤️", "likes_count": 0, "replies_count": 1, "retweets_count": 0, "hashtags": []}
{"id": 1163600375481425921, "date": "2019-08-19", "time": "19:55:22", "tweet": "@GoogleStadia What kind of command is this? You only prove you know nothing of games, and I don't want to play a FG with your input lag", "likes_count": 0, "replies_count": 0, "retweets_count": 0, "hashtags": []}
{"id": 1163600321530273792, "date": "2019-08-19", "time": "19:55:09", "tweet": "Lmaooo let me know! I gave up meat baby sooooooo i have no input", "likes_count": 1, "replies_count": 1, "retweets_count": 0, "hashtags": []}
{"id": 1163600302391648257, "date": "2019-08-19", "time": "19:55:05", "tweet": "Visit the Pioneer Square East West Pedestrian Improvements project online open house to learn about the proposed concept design for east-west streets, share your input on project priorities and hear how public feedback informs the design. Online open house: https://t.co/88rXvPdqKP  https://t.co/tVciKks0Lr", "likes_count": 0, "replies_count": 0, "retweets_count": 2, "hashtags": []}
{"id": 1163600267377557505, "date": "2019-08-19", "time": "19:54:57", "tweet": "Hi yall I need input  Haven't designed the character yet but I'm picking between four names and I cant decide, which one should I choose:  Help me please I'm having a dilemma lmaooo", "likes_count": 0, "replies_count": 0, "retweets_count": 0, "hashtags": []}
