{"id": 1201289863171117064, "date": "2019-12-01", "time": "18:59:56", "tweet": "@JoTBizMD How can you input on a topic without relevant research? Without anyone from this industry involved? Like all organizations who claim to know what is best for the poor \"uneducated masses\" you make the rules without ever asking for our input. Feel free to send me your discussions.", "likes_count": 0, "replies_count": 0, "retweets_count": 0, "hashtags": []}
{"id": 1201289672833609728, "date": "2019-12-01", "time": "18:59:11", "tweet": "Do you own an 8-12 year old or know one? Can you do me a favour and ask them what they'd like to learn about conservation, nature, wildlife and what practical skills in those fields they'd be interested in? Working on my curriculum for next year and want young person input. Ta! x", "likes_count": 3, "replies_count": 1, "retweets_count": 4, "hashtags": []}
{"id": 1201289244930715648, "date": "2019-12-01", "time": "18:57:29", "tweet": "1. There will be 2 costume clip releases per week, every week leading up to Christmas, and possibly more depending on how you guys respond. Elves get input on costuming decisions/sneak peeks/first looks.  2. For every costume there will be a corresponding show the day of the...", "likes_count": 2, "replies_count": 1, "retweets_count": 0, "hashtags": []}
{"id": 1201289232305860608, "date": "2019-12-01", "time": "18:57:26", "tweet": "@somto_ob i heard o. but i don’t care for any man’s input about the concept of FEMinism. if you’re not in support, be gone!", "likes_count": 2, "replies_count": 1, "retweets_count": 0, "hashtags": []}
{"id": 1201288964222726144, "date": "2019-12-01", "time": "18:56:22", "tweet": "@cranstonl1972 @HouseGOP @SenateGOP But appreciate you and input!", "likes_count": 0, "replies_count": 0, "retweets_count": 0, "hashtags": []}
{"id": 1201288952671391744, "date": "2019-12-01", "time": "18:56:19", "tweet": "@grimdark_dad mentioned how commonly review requests aren't great, so I want to do an article on writing useful and kind ones! As I'm not a reviewer myself, I would love any input ya'll have.  So, what do you most desire from a review request? (Feel free to DM me if preferred!)", "likes_count": 10, "replies_count": 4, "retweets_count": 3, "hashtags": []}
{"id": 1201288896924901376, "date": "2019-12-01", "time": "18:56:06", "tweet": "Hi @JeniusConnect , mau tanya dong kok aku gak bisa akses app jenius iOS yah? Dibilangnya pin salah padahal aku udah input pin yang bener 🥺 please help! Thank you Jenius!", "likes_count": 0, "replies_count": 1, "retweets_count": 0, "hashtags": []}
{"id": 1201288715445899265, "date": "2019-12-01", "time": "18:55:23", "tweet": "@GoBrav_es The HDMI pass through is an okay feature, in a pinch. I would never want to rely on it as a daily use port for multiple reasons. 1) unnecessary use of running the Xbox just so the pass through port is on, 2) controller input lag if using it for a second game console.", "likes_count": 0, "replies_count": 0, "retweets_count": 0, "hashtags": []}
{"id": 1201288623632592901, "date": "2019-12-01", "time": "18:55:01", "tweet": "@AllSearchN Where is the actual chat input Is it not on mobile? Or am I just an idiot (most likely)", "likes_count": 0, "replies_count": 0, "retweets_count": 0, "hashtags": []}
{"id": 1201288325052686337, "date": "2019-12-01", "time": "18:53:50", "tweet": "Since the house is finally mine all I’ve been doin is looking at sectionals, new appliances and I can’t wait to build my dream kitchen with 0 input from Babyface. 🤩", "likes_count": 1, "replies_count": 2, "retweets_count": 0, "hashtags": []}
{"id": 1201288324280803328, "date": "2019-12-01", "time": "18:53:50", "tweet": "@TomHolland1996 I’d like your input too but we all know spidey is pure", "likes_count": 2, "replies_count": 0, "retweets_count": 0, "hashtags": []}
{"id": 1201288265397145601, "date": "2019-12-01", "time": "18:53:35", "tweet": "@Aaaa87690114 @PeterTitties Thanks for your input soooo useful x", "likes_count": 0, "replies_count": 1, "retweets_count": 0, "hashtags": []}
{"id": 1201288073125990402, "date": "2019-12-01", "time": "18:52:50", "tweet": "If yes,  I'd love input on what to cover", "likes_count": 1, "replies_count": 1, "retweets_count": 0, "hashtags": []}
{"id": 1201287880108314624, "date": "2019-12-01", "time": "18:52:04", "tweet": "@chipgaines @AssistingChip My mom is looking to build a new house this summer in northern Alabama and would've loved to have you and your wife's creative input. If she had a piece of yours to put in their house, she'd cry.", "likes_count": 0, "replies_count": 0, "retweets_count": 0, "hashtags": []}
{"id": 1201287697329000450, "date": "2019-12-01", "time": "18:51:20", "tweet": "Drake’s input on this track will forever be underrated", "likes_count": 1, "replies_count": 1, "retweets_count": 1, "hashtags": []}
{"id": 1201287644300361728, "date": "2019-12-01", "time": "18:51:07", "tweet": "@DrVickyHarris Thank you for bringing this to our attention! We rely on input such as this to make us aware of things that can be done better. We’ll be happy to relay this feedback to our Packaging department for review. ^CH", "likes_count": 0, "replies_count": 0, "retweets_count": 0, "hashtags": []}
{"id": 1201287592869654529, "date": "2019-12-01", "time": "18:50:55", "tweet": "@CenturionElite @JameyEisenberg Nah. 10-2 w/ 1st seed already locked up &amp; 1st in points. Just had an off week. Played the matchup w/ QB. Allen had the toughest matchup. Wentz has been inconsistent. Darnold was rolling &amp; this was a good matchup. Just didn’t work out that way. But thanks for your input.", "likes_count": 0, "replies_count": 0, "retweets_count": 0, "hashtags": []}
{"id": 1201287569180262403, "date": "2019-12-01", "time": "18:50:49", "tweet": "IF  GST can refuse to give input credit to taxpayer BECAUSE vendor didn't pay or file return,,,,,  WHY SHOULDN'T taxpayer refuse to pay BECAUSE GST-Center didn't pay States' dues !?!?", "likes_count": 1, "replies_count": 1, "retweets_count": 1, "hashtags": []}
{"id": 1201287386132549632, "date": "2019-12-01", "time": "18:50:06", "tweet": "Planning for a great 2020? Ask for input from team members. Ask for (and be prepared to hear) radically honesty input.    https://t.co/UX8udyU3D6  https://t.co/uCH0dz8zoY", "likes_count": 2, "replies_count": 0, "retweets_count": 1, "hashtags": []}
{"id": 1201287149888430082, "date": "2019-12-01", "time": "18:49:10", "tweet": "#OleOut with the rest of his coaching crew @Mike_Phelan_1 take note. Your training regime and lack of tactical input has killed the team. Lukaku was sold for dead rubbers like @MarcusRashford @AnthonyMartial who can't score goals. Liverpool has 22 points Man Utd 18 , what a shame", "likes_count": 0, "replies_count": 0, "retweets_count": 0, "hashtags": ["oleout"]}
{"id": 1201287034423402497, "date": "2019-12-01", "time": "18:48:42", "tweet": "@bruce_arthur @JackMehov4 What hate and what propaganda?  They day opinion when opinion but report news when they have stats or proof. And considering you're a glorified 'sports' reporter...you have little input into real journalism anyways.", "likes_count": 1, "replies_count": 1, "retweets_count": 0, "hashtags": []}
{"id": 1201286909693059072, "date": "2019-12-01", "time": "18:48:12", "tweet": "At least, I want to master pinyin input and Cangjie input.", "likes_count": 0, "replies_count": 0, "retweets_count": 0, "hashtags": []}
{"id": 1201286736770416640, "date": "2019-12-01", "time": "18:47:31", "tweet": "@CRAIGRICK57 @PriscoCBS You said we like you have any input who’s being drafted 😂😂", "likes_count": 0, "replies_count": 0, "retweets_count": 0, "hashtags": []}
{"id": 1201286675982356480, "date": "2019-12-01", "time": "18:47:17", "tweet": "My mom was devasted to hear that you guys were walking away from your show 😢. Her and my stepdad are looking to move to northern Alabama and would've loved to have your creative input in their new house. @joannagaines @chipgaines", "likes_count": 0, "replies_count": 0, "retweets_count": 0, "hashtags": []}
{"id": 1201286531526344704, "date": "2019-12-01", "time": "18:46:42", "tweet": "@kingmirsma Hi I need your input on nba to help with my sports bets🥳", "likes_count": 0, "replies_count": 1, "retweets_count": 0, "hashtags": []}
{"id": 1201286508310933504, "date": "2019-12-01", "time": "18:46:37", "tweet": "Bitch i hope you didn’t order it without my input.", "likes_count": 0, "replies_count": 0, "retweets_count": 0, "hashtags": []}
{"id": 1201286448843902976, "date": "2019-12-01", "time": "18:46:22", "tweet": "He probably has input sure. But buck stops with Scangarello right now. He’s there to call plays.", "likes_count": 1, "replies_count": 0, "retweets_count": 0, "hashtags": []}
{"id": 1201286416392581120, "date": "2019-12-01", "time": "18:46:15", "tweet": "zurl provides one of the simplest URL shortening experiences by giving you nothing more than a field to input your long link so you can instantly transform into a shorter one.  https://t.co/l1tHrk6f9S", "likes_count": 0, "replies_count": 0, "retweets_count": 0, "hashtags": []}
{"id": 1201286335262339073, "date": "2019-12-01", "time": "18:45:55", "tweet": "@Discover Hi, I've tried twice today to open a checking account with you, gotten all the way through the process to the end, and then told you are having \"technical difficulties\" and losing all my input. Is this typical? Makes me wonder about wisdom of opening the account.", "likes_count": 0, "replies_count": 2, "retweets_count": 0, "hashtags": []}
{"id": 1201286237824438275, "date": "2019-12-01", "time": "18:45:32", "tweet": "@Rachelagain @C4Dispatches @neilmcrowther We've all been through our own crap. I honestly believe that especially with input from the food bank, a fiver a day is not a bad amount to have to live on. I have fed a family of three on a fiver a week and not moaned or gone to a food bank.", "likes_count": 0, "replies_count": 2, "retweets_count": 0, "hashtags": []}
{"id": 1201286219008753664, "date": "2019-12-01", "time": "18:45:28", "tweet": "@ILGAWORLD and @CWEquality welcomed your input and participation in this very important meeting to set the priories going forward. @Kaleidoscope_T @MsLadyPhyll @KimahliPowell @douglaskerr @alexand_erleon @EC_Equality", "likes_count": 12, "replies_count": 0, "retweets_count": 4, "hashtags": []}
{"id": 1201286102310703104, "date": "2019-12-01", "time": "18:45:00", "tweet": "3 reasons ed tech needs more educator input  https://t.co/RifKaBCFrk via @EdDiveK12", "likes_count": 6, "replies_count": 0, "retweets_count": 2, "hashtags": []}
{"id": 1201285947578556416, "date": "2019-12-01", "time": "18:44:23", "tweet": "@WistIsInTheAir @dvonzumwalt @timpoliti @Deejays34Goff @RWPUSA You said \"Thanks for the input\". You aren't thankful for the input you got. Disingenuous, at best.", "likes_count": 1, "replies_count": 0, "retweets_count": 0, "hashtags": []}
{"id": 1201285941542846465, "date": "2019-12-01", "time": "18:44:21", "tweet": "Yang ditanya input, dijawabnya analisa. Bikin analisa sih kucing gw juga bisa asal ngoceh.   Pertanyaannya kan itu analisa berbasis input apa?   Dan apakah inputnya relevan sebagai indikator utk gejala yg ingin dianalisa?", "likes_count": 1, "replies_count": 1, "retweets_count": 0, "hashtags": []}
{"id": 1201285848374927360, "date": "2019-12-01", "time": "18:43:59", "tweet": "I wanna start giving homies more input on content and not just mindlessly support them. Gonna work on that", "likes_count": 6, "replies_count": 0, "retweets_count": 0, "hashtags": []}
{"id": 1201285781492359168, "date": "2019-12-01", "time": "18:43:43", "tweet": "@CameronParkerPO He said it himself that he has an input in the offensive playcalling", "likes_count": 0, "replies_count": 0, "retweets_count": 0, "hashtags": []}
{"id": 1201285705835532288, "date": "2019-12-01", "time": "18:43:25", "tweet": "@Kurai1321 thing is Kurai, if the OT goes away in favor of some damn reddit version, i have no input on that or knowledge of if that happens", "likes_count": 0, "replies_count": 0, "retweets_count": 0, "hashtags": []}
{"id": 1201285653025185793, "date": "2019-12-01", "time": "18:43:13", "tweet": "AISD Seeking Community Input for 2020-21 Academic Calendar  https://t.co/oYHhv8sfnu", "likes_count": 2, "replies_count": 2, "retweets_count": 1, "hashtags": []}
{"id": 1201285650131177472, "date": "2019-12-01", "time": "18:43:12", "tweet": "@amyslanchik @Starbucks @NewsOn6 Coffee w/ a Cop event? How disgusting. 1st of all, before reporting, maybe understand how Starbucks actually works. The asterisks insinuate the cop had an app he ordered from. That’s what HE input on there. Starbucks has profanity filters just for situations like this. DO BETTER.", "likes_count": 6, "replies_count": 0, "retweets_count": 0, "hashtags": []}
