{"id": 1202014649576755205, "date": "2019-12-03", "time": "18:59:59", "tweet": "Learning spans far outside the learning department. Here's why it pays to have the input of other teams when you're creating your learning strategy  https://t.co/J049cnSw47", "likes_count": 0, "replies_count": 0, "retweets_count": 1, "hashtags": []}
{"id": 1202014569410875392, "date": "2019-12-03", "time": "18:59:40", "tweet": "@BradCatalyst @BelindaJones68 Really? Since we have the means to directly input our vote on every issue thereby instructing politicans that would be true representation. What we have now is politicians do whatever they want.", "likes_count": 3, "replies_count": 2, "retweets_count": 1, "hashtags": []}
{"id": 1202014472967200771, "date": "2019-12-03", "time": "18:59:17", "tweet": "Want to give the District input on dress code? Complete the survey before Friday, December 6th, 2019.   https://t.co/gWjd68UxXo", "likes_count": 1, "replies_count": 0, "retweets_count": 3, "hashtags": []}
{"id": 1202014325105254400, "date": "2019-12-03", "time": "18:58:42", "tweet": "@ThatGuyMervin @librab103 @PpollingNumbers @TaubmanCtr Yeah, I'm actually very aware of what I'm saying. Here's what you're not getting:  A *forecasting model* that takes as it's input isn't a polling methodology that takes a statistical sample of a given population and produces only an observational (mostly non-opinionated) result.", "likes_count": 2, "replies_count": 1, "retweets_count": 0, "hashtags": []}
{"id": 1202014083098103808, "date": "2019-12-03", "time": "18:57:44", "tweet": "@KayFellowz @DrJenGunter @LeahNTorres @GynAndTonic I just responded given my information. Asking for input from experienced practitioners isn’t a bad thing. It’s also why I don’t ask my congress rep or pastor for medical advice.", "likes_count": 0, "replies_count": 0, "retweets_count": 0, "hashtags": []}
{"id": 1202013906589212672, "date": "2019-12-03", "time": "18:57:02", "tweet": "Before the GTPA we have been relied on mentors, and while they have valuable input, there is huge diversity. What the GTPA provides is a set of common expectations, evidence based planning, teaching and assessment -Dr Alison Lugg (RMIT)", "likes_count": 0, "replies_count": 1, "retweets_count": 0, "hashtags": []}
{"id": 1202013887736012800, "date": "2019-12-03", "time": "18:56:57", "tweet": "@unitzain Oh fuck off mate I just became active on this 😭😭 but then again who fucking asked for your input mate nobody so SHUUUUUSH", "likes_count": 0, "replies_count": 0, "retweets_count": 0, "hashtags": []}
{"id": 1202013886121156608, "date": "2019-12-03", "time": "18:56:57", "tweet": "@drock87 @BrasierDalton @UtesAvsfan @JuryReporter @RandPaul Objectively false, thanks for the input.", "likes_count": 1, "replies_count": 0, "retweets_count": 0, "hashtags": []}
{"id": 1202013829149925378, "date": "2019-12-03", "time": "18:56:43", "tweet": "@thebenkizer @TJ_Pittinger Not sayin much there! Thanks for the input ! Do i owe u anything for that great knowledge?", "likes_count": 0, "replies_count": 1, "retweets_count": 0, "hashtags": []}
{"id": 1202013751714689025, "date": "2019-12-03", "time": "18:56:25", "tweet": "Thank you @martinsteelnz &amp; Graeme Kirkwood for all you are, all you carry and your grace and input into @kingdomcity globally over many years &amp; for standing with us since the beginning - your heart &amp; your wisdom is so evident &amp; the humility you display is so powerful. Thank …  https://t.co/PG0KXazN05", "likes_count": 9, "replies_count": 0, "retweets_count": 0, "hashtags": []}
{"id": 1202013507782348805, "date": "2019-12-03", "time": "18:55:27", "tweet": "@EASPORTSFIFA @EAHelp Fifa 20 is the world gameplay ever. Input delay, really slow playing online it is diabolical! Had enough of the game. This needs to be fixing ASAP. Fifa 19 was the best gameplay ever. That game was full of joy and entertainment. Fifa 20...not really! 😡😡😡", "likes_count": 1, "replies_count": 0, "retweets_count": 1, "hashtags": []}
{"id": 1202013473099657217, "date": "2019-12-03", "time": "18:55:18", "tweet": "descobri agora que ele não só liga a TV como muda pro input HDMI que ele tá conectado eu fico maravilhado com a tecnologia moderna", "likes_count": 0, "replies_count": 0, "retweets_count": 0, "hashtags": []}
{"id": 1202013468909588480, "date": "2019-12-03", "time": "18:55:17", "tweet": "@AOC @mehdirhasan Many thanks for your unwanted input but, as Mehdi will tell you, we have no shortage of scaremongers on this side of the Atlantic.  We already have private sector contracts in the NHS, 90% of which were initiated by  .......  a #Labour government!  #fearfactor", "likes_count": 3, "replies_count": 0, "retweets_count": 0, "hashtags": ["labour", "fearfactor"]}
{"id": 1202013435283640320, "date": "2019-12-03", "time": "18:55:09", "tweet": "#hotoffthepresses  This piece started off as just one line and has been sitting stewing since early this year. Now it's finished - with input from my mate David - for which I am grateful.  #truism #micropoetry #poetrycommunity #writingcommunity #amwriting  https://t.co/e3esDw8SYR", "likes_count": 1, "replies_count": 0, "retweets_count": 0, "hashtags": ["hotoffthepresses", "truism", "micropoetry", "poetrycommunity", "writingcommunity", "amwriting"]}
{"id": 1202013408746491904, "date": "2019-12-03", "time": "18:55:03", "tweet": "@bolton_bears Board member Linda Burgess says she loves the process, having input from students and teachers. I don't have the options in front of me, but will get them before I leave. President Wilton Barrios is asking for a later start to school, by a week.", "likes_count": 0, "replies_count": 1, "retweets_count": 0, "hashtags": []}
{"id": 1202013345965953024, "date": "2019-12-03", "time": "18:54:48", "tweet": "@suucchin いや、全く育ててないです笑 元から研究熱心で熱い人でした。出来る人は勝手に育ちます", "likes_count": 2, "replies_count": 0, "retweets_count": 0, "hashtags": []}
{"id": 1202013322809352192, "date": "2019-12-03", "time": "18:54:43", "tweet": "Kinda sad that @Apple has never recognized, or to my knowledge sought any input, from any of the #mojo proponents who were using iPhones to tell stories 10 earlier.  https://t.co/YqNh5QKslD", "likes_count": 8, "replies_count": 1, "retweets_count": 1, "hashtags": ["mojo"]}
{"id": 1202013183147425793, "date": "2019-12-03", "time": "18:54:09", "tweet": "Give @cashflownexus a follow, his charting provides valuable input to the #xrp community! I view charting as a tool in the big picture of investing, and great insight is provided here with good explanations #HODL", "likes_count": 0, "replies_count": 1, "retweets_count": 0, "hashtags": ["xrp", "hodl"]}
{"id": 1202013007351599104, "date": "2019-12-03", "time": "18:53:27", "tweet": "@EvanCull @ErebusMC @JohnoVerity @Sherelle_E_J @Telegraph Climate models...rubbish input --&gt; rubbish output.   If there are any deniers then it's people believing that theoretical models, unable to reproduce the past, will have some predictive value for the future.", "likes_count": 0, "replies_count": 2, "retweets_count": 0, "hashtags": []}
{"id": 1202012886215909379, "date": "2019-12-03", "time": "18:52:59", "tweet": "@Atom_Murray @TomFitton @RudyGiuliani @realDonaldTrump Rudi is not a government employee so the Office Of Management and Budget would have no input.  The subpoenas would not be valid since they would cross the line involving attorney/client privileges and attorney work product protections.  This is a gross violation of rights.", "likes_count": 0, "replies_count": 0, "retweets_count": 0, "hashtags": []}
