{"id": 1151642726074425345, "date": "2019-07-17", "time": "19:59:57", "tweet": "Schedule for construction looks like: July/August 19 - public input meetings September/November- city input  Late 2019/2020 - groundbreaking  Spring 2021 - grand opening", "likes_count": 0, "replies_count": 1, "retweets_count": 0, "hashtags": []}
{"id": 1151642597812817920, "date": "2019-07-17", "time": "19:59:26", "tweet": "@Mitomoro @yitakulxiv oh okay then yeah that should work for sure, just have an audio input with the same midi of the bass notes control an LP for just those instances so it ducks them away", "likes_count": 4, "replies_count": 2, "retweets_count": 0, "hashtags": []}
{"id": 1151642589193355268, "date": "2019-07-17", "time": "19:59:24", "tweet": "社会人の勉強の鍵は、隙間時間。  調査では現代人の隙間時間は大体1日1時間9分らしいが、デート相手がちょっとトイレに席を立った時とかまで含めれば、正直隙間時間だらけ。  そこを有効活用し、ちょっとした英語ボキャビルや隙間読書に充てる。 これを数年単位で継続すれば合計input量が見違えてくる", "likes_count": 147, "replies_count": 0, "retweets_count": 15, "hashtags": []}
{"id": 1151642405227106304, "date": "2019-07-17", "time": "19:58:40", "tweet": "@SandraEBrownAU My thoughts exactly Sandra! Thanks for your input.   - Mike", "likes_count": 0, "replies_count": 0, "retweets_count": 0, "hashtags": []}
{"id": 1151642286524026880, "date": "2019-07-17", "time": "19:58:12", "tweet": "Go to  https://t.co/9MeofBnzUw on your iPhone/iPod Safari, input my code a30089984.  https://t.co/L5MY0YbILc", "likes_count": 0, "replies_count": 0, "retweets_count": 0, "hashtags": []}
{"id": 1151642280517935107, "date": "2019-07-17", "time": "19:58:10", "tweet": "@ChrisJZullo @realDonaldTrump Thank you Social Justice warrior 😂🤣😂. Without your keen input, I wouldn't know my ass from a hole in the ground. Keep spewing your comments. You are only confirming another win for Trump 😘", "likes_count": 0, "replies_count": 0, "retweets_count": 0, "hashtags": []}
{"id": 1151642223382974464, "date": "2019-07-17", "time": "19:57:57", "tweet": "I got the new Twitter layout and it's good, imo. Only thing that sucks is the anti-pattern of making the \"new tweet\" input act like a button that triggers a modal form", "likes_count": 0, "replies_count": 0, "retweets_count": 0, "hashtags": []}
{"id": 1151642175156834304, "date": "2019-07-17", "time": "19:57:45", "tweet": "@NBChristinaGinn All three of those statements have absolutely nothing To do with COLOR  Or really being a woman  Those 4 congress persons talk and act like children  Have no input on immigration reform  Other than Just open the border  And when called out on the stupid things they say RACE CARD", "likes_count": 0, "replies_count": 0, "retweets_count": 0, "hashtags": []}
{"id": 1151642122539323393, "date": "2019-07-17", "time": "19:57:33", "tweet": "so, uh. thanks for all your input, but i got too lazy and decided to just stay home.", "likes_count": 2, "replies_count": 0, "retweets_count": 0, "hashtags": []}
{"id": 1151641955123814401, "date": "2019-07-17", "time": "19:56:53", "tweet": "@TrashHeap64 I think I tried turning it off a long time ago but it never worked lmao. Or at least I input a mute code that was supposed to get rid of it, but it stopped working after a day.", "likes_count": 0, "replies_count": 0, "retweets_count": 0, "hashtags": []}
{"id": 1151641947796205568, "date": "2019-07-17", "time": "19:56:51", "tweet": "@Delta : I took an Air France round trip flight, I input my sky miles nber but looks like miles were only credited for the outbound flight. How do I get miles credited for the inbound flight as well?", "likes_count": 0, "replies_count": 1, "retweets_count": 0, "hashtags": []}
{"id": 1151641801369014274, "date": "2019-07-17", "time": "19:56:16", "tweet": "#TakomaPark council: public commenter addresses tree canopy and ordinance. Wants extra time for committee input on ordinance; mayor notes council consideration no longer scheduled for September.", "likes_count": 0, "replies_count": 0, "retweets_count": 0, "hashtags": ["takomapark"]}
{"id": 1151641767164502016, "date": "2019-07-17", "time": "19:56:08", "tweet": "@mesetatron Multi-line text input is, like, one of the only things I haven't bothered to put into my UI stuff yet. I wonder if the universe is trying to tell me something.", "likes_count": 1, "replies_count": 0, "retweets_count": 0, "hashtags": []}
{"id": 1151641699875217408, "date": "2019-07-17", "time": "19:55:52", "tweet": "@AndrewRudnik Awesome thanks for input! Def have had Ljubljana and Slovenia in general highly recommended to me by a lot of travelers when I was on the road full time. 👊", "likes_count": 1, "replies_count": 1, "retweets_count": 0, "hashtags": []}
{"id": 1151641691532726272, "date": "2019-07-17", "time": "19:55:50", "tweet": "@JudgeMeByMySize Hmmmm... I have conflicting accounts. alright then thanks for your input friend!", "likes_count": 0, "replies_count": 0, "retweets_count": 0, "hashtags": []}
{"id": 1151641652546740225, "date": "2019-07-17", "time": "19:55:41", "tweet": "@GebhartMike @kroger Hmmm... not sure I agree. There are a lot of other businesses who invest a lot in this community. Kroger does a lot of good, but this project has been left hanging with zero response to numerous requests. Thanks for the input!", "likes_count": 0, "replies_count": 0, "retweets_count": 0, "hashtags": []}
{"id": 1151641504605192193, "date": "2019-07-17", "time": "19:55:05", "tweet": "@NeilPenny9 @Mativenko80 @DinasDevil @benhabib6 Nope, you ignore margin shrinkage as the exporters input costs have risen due to weak £ for both component purchases, energy costs and rising labour costs.", "likes_count": 1, "replies_count": 0, "retweets_count": 0, "hashtags": []}
{"id": 1151641467242405888, "date": "2019-07-17", "time": "19:54:56", "tweet": "Alright, ladies... I had a lot of responses for modeling this Sunday for me. Due to the amount of responses I’ll input each of your names into a drawing for a free session with me! With that being said, who would be interested in $80 mini sessions?! 📷", "likes_count": 17, "replies_count": 0, "retweets_count": 0, "hashtags": []}
{"id": 1151641271095742465, "date": "2019-07-17", "time": "19:54:10", "tweet": "Is this #innovation or #scifi? Elon Musk’s Neuralink looks to begin outfitting human brains with faster input and output starting...  https://t.co/aDqHscBvu0", "likes_count": 1, "replies_count": 0, "retweets_count": 0, "hashtags": ["innovation", "scifi"]}
{"id": 1151641205786025984, "date": "2019-07-17", "time": "19:53:54", "tweet": "Phase two (the visuals) of my #Coding for #Designers book is in progress!  2/54 ✅  Ch 1. Breaking Barriers - Input and Output  https://t.co/tvvjb2S0Vp  https://t.co/dnGSPSLfR5", "likes_count": 1, "replies_count": 0, "retweets_count": 0, "hashtags": ["coding", "designers"]}
