{"id": 1197303590924300289, "date": "2019-11-20", "time": "18:59:55", "tweet": "nothing speaks english major love language like ur crush asking u to revise their final draft  + ur input on it :,)", "likes_count": 8, "replies_count": 0, "retweets_count": 0, "hashtags": []}
{"id": 1197303475086004224, "date": "2019-11-20", "time": "18:59:27", "tweet": "@shibuyagato @mrfeelswildride I see that dan as lingering will because he’s held back by the chains of input lag. Just, for the record. Who wields this Dan?", "likes_count": 6, "replies_count": 1, "retweets_count": 1, "hashtags": []}
{"id": 1197303437756645376, "date": "2019-11-20", "time": "18:59:19", "tweet": "@acqu_marina @valy_s @marioerdrago @kitta1979 @nicorst @MPenikas @M5SWeAre99 @steal61 @MarceVann @RaphaelRaduzzi Ma SE è un piccolo satellite che gli va dietro, non dipende da lui. Invece lui c'entra con i primi input, tramite Rinaldi, a Bagnai (che mica si è autoilluminato improvvisamente) e nella preparazione a leader di Giggi. I suoi nemici abbastanza ufficiali sono Draghi e Giorgetti.", "likes_count": 1, "replies_count": 1, "retweets_count": 0, "hashtags": []}
{"id": 1197303352377278464, "date": "2019-11-20", "time": "18:58:58", "tweet": "In every Pokémon game or peripheral where walking counts for something I love to see the hacks people find to make it go by faster with as little human input as possible. It's great. Human innovation!!!!", "likes_count": 3, "replies_count": 0, "retweets_count": 0, "hashtags": []}
{"id": 1197303312980365313, "date": "2019-11-20", "time": "18:58:49", "tweet": "@Powell2014 To play a pc game with a cap of 60 fps and mnk input delay ngl But don’t think it’ll be great", "likes_count": 0, "replies_count": 1, "retweets_count": 0, "hashtags": []}
{"id": 1197303223721365504, "date": "2019-11-20", "time": "18:58:28", "tweet": "@BrandonMaki6 The more I think about it, could you see Seattle being a destination for him? Gives him a bit of time off and he can try and have some input on a new team.", "likes_count": 0, "replies_count": 0, "retweets_count": 0, "hashtags": []}
{"id": 1197303116254851072, "date": "2019-11-20", "time": "18:58:02", "tweet": "@mrfeelswildride @GigaBoots Do I need to make a Repli-Dan who’s not afraid to embrace the darkness of input lag?", "likes_count": 3, "replies_count": 1, "retweets_count": 0, "hashtags": []}
{"id": 1197302781297774592, "date": "2019-11-20", "time": "18:56:42", "tweet": "@iFireMonkey Vrey good  (Btw I spelled good wrong input the second 'o' Infront of the first one)", "likes_count": 1, "replies_count": 0, "retweets_count": 0, "hashtags": []}
{"id": 1197302773529886720, "date": "2019-11-20", "time": "18:56:40", "tweet": "@SchmittyXXIV Capped at 60fps with mnk input delay good possibility", "likes_count": 0, "replies_count": 1, "retweets_count": 0, "hashtags": []}
{"id": 1197302686485491712, "date": "2019-11-20", "time": "18:56:19", "tweet": "@KeiokeioKenai I didn’t know that he had a book out. It’s cool that they let the actors have input on certain aspects of the character they play. The pencil beard and sword necklace are synonymous with $Bill Spencer.", "likes_count": 0, "replies_count": 0, "retweets_count": 0, "hashtags": []}
{"id": 1197302517970817026, "date": "2019-11-20", "time": "18:55:39", "tweet": "@mototingle @DucatiUK Can’t stop staring at the rear brake hose 👎 m/cylinder/banjo/hose needs rejigging so it’s not so obvious. PS I can be free for further “input” especially Italy 🇮🇹", "likes_count": 1, "replies_count": 1, "retweets_count": 0, "hashtags": []}
{"id": 1197302333002125312, "date": "2019-11-20", "time": "18:54:55", "tweet": "@Apexxanadu @RGV_Striker23 @ChillinOf @YoungHabitual @Samsora_ You missed my point entirely but I value your input.", "likes_count": 0, "replies_count": 0, "retweets_count": 0, "hashtags": []}
{"id": 1197302327947882496, "date": "2019-11-20", "time": "18:54:54", "tweet": "elmで&lt;input type=\"datetime-local\"&gt;のバリデーションどうやるのがいいんだろう、正規表現? できればうまい具合にブラウザ側のバリデーター使いたいけど", "likes_count": 0, "replies_count": 0, "retweets_count": 0, "hashtags": []}
{"id": 1197302296570482690, "date": "2019-11-20", "time": "18:54:46", "tweet": "Survey is out, exception reporting summaries requested, analysis session planned, and rota wellbeing groups nearly fully formed and ready to go.  Rotas impact wellbeing so much that getting them right is essential.  Any input from the #MedTwitter community is appreciated!  (2/2)", "likes_count": 0, "replies_count": 0, "retweets_count": 0, "hashtags": ["medtwitter"]}
{"id": 1197302249137020928, "date": "2019-11-20", "time": "18:54:35", "tweet": "@psisk34 @XboxSupport Yes you are able to have two TV connected to your Xbox at one time. Although you do need a HDMI splitter as one of the two HDMI ports is input rather than output.", "likes_count": 0, "replies_count": 0, "retweets_count": 0, "hashtags": []}
{"id": 1197302176021975041, "date": "2019-11-20", "time": "18:54:18", "tweet": "Thanks for all your important input on China!", "likes_count": 0, "replies_count": 0, "retweets_count": 0, "hashtags": []}
{"id": 1197302083453538304, "date": "2019-11-20", "time": "18:53:56", "tweet": "like im serious... look what theyve done to death note adaptation lmao but if the mangaka still has input to the series then it will go well", "likes_count": 0, "replies_count": 0, "retweets_count": 0, "hashtags": []}
{"id": 1197302081364930560, "date": "2019-11-20", "time": "18:53:55", "tweet": "New top story on Hacker News: Slack’s new WYSIWYG input box is terrible  https://t.co/r7Qpi7YsQ6", "likes_count": 0, "replies_count": 0, "retweets_count": 0, "hashtags": []}
{"id": 1197302040361414658, "date": "2019-11-20", "time": "18:53:45", "tweet": "So Billy is replace by Theo at Jabot , Lauren is COO in behind scene i guess ! Btw what happen to the Merge btw Ashley Company and Jabot !! Jack seem to make decision without ashley input !! They are suppose to be equal patern in business ! #YR", "likes_count": 0, "replies_count": 0, "retweets_count": 0, "hashtags": ["yr"]}
{"id": 1197301951869751297, "date": "2019-11-20", "time": "18:53:24", "tweet": "@nvll this studio monitor I got via RMA has \"HDR\" and while it definitely works when I turn it on, it doesn't have the massive dynamic range of a more expensive HDR panel so it's hard to prove it's not just tone mapping the input to 9 bits or something", "likes_count": 0, "replies_count": 0, "retweets_count": 0, "hashtags": []}
{"id": 1197301848966754304, "date": "2019-11-20", "time": "18:53:00", "tweet": "Computer Vision advances the input steps by reading (reporting) information at the same visual level as a person and therefore removing the need for translation into machine language (vice versa). #ComputerVision #data #MachineLearning #annotation   https://t.co/sVRzfa773l  https://t.co/dgmuuj8YrZ", "likes_count": 0, "replies_count": 0, "retweets_count": 0, "hashtags": ["computervision", "data", "machinelearning", "annotation"]}
{"id": 1197301843887439872, "date": "2019-11-20", "time": "18:52:59", "tweet": "@Qld_HIA @harryduke2 ROFL requirements planning industry at the behest of developers wanted &amp; got. So much so the process for community input is still highly manipulative.  Added, local planning scheme much has taken away objection &amp; appeal rights, with no cumulative effect, no CC consideration 1/3", "likes_count": 0, "replies_count": 1, "retweets_count": 0, "hashtags": []}
{"id": 1197301815060004864, "date": "2019-11-20", "time": "18:52:52", "tweet": "Sblm nanti udh kerja. Harus kelarin dulu nih. LPJ organisasi, jurnal, input data GCG🙈", "likes_count": 0, "replies_count": 0, "retweets_count": 0, "hashtags": []}
{"id": 1197301749461028864, "date": "2019-11-20", "time": "18:52:36", "tweet": "first sensible input I've seen all day", "likes_count": 0, "replies_count": 0, "retweets_count": 0, "hashtags": []}
{"id": 1197301747812720641, "date": "2019-11-20", "time": "18:52:36", "tweet": "@FudgeSlapp @BenCady @dakonsciousone @IGN On the move = mainly train trips and holidays/vacation.   It is very slight and definitely playable in terms of latency related to button input and response. My son actually used it last night and it worked fine for him (his room is above router)  FYI - I play more SP", "likes_count": 0, "replies_count": 1, "retweets_count": 0, "hashtags": []}
{"id": 1197301667412217857, "date": "2019-11-20", "time": "18:52:16", "tweet": "@Jim_Jordan Congressman, will the House Republicans ever get an opportunity to call wittinesses or does Chairman Schiff have the power to exclude Republican input?", "likes_count": 0, "replies_count": 0, "retweets_count": 0, "hashtags": []}
{"id": 1197301664434118656, "date": "2019-11-20", "time": "18:52:16", "tweet": "Had an interesting chat recently with a #science #research  #student from a collaborator's lab who was nervous when I said I didn't know what dose of a reagent to use for a new technique, and that we'd have to take an educated guess together, inviting their input. 1/5", "likes_count": 30, "replies_count": 2, "retweets_count": 6, "hashtags": ["science", "research", "student"]}
{"id": 1197301597048647685, "date": "2019-11-20", "time": "18:52:00", "tweet": "CVE-2016-5696  net/ipv4/tcp_input.c in the Linux kernel before 4.7 does not properly determine the rate of challenge ACK segments, which makes it easier for remote attackers to hijack TCP sessions via a blind in-win...   https://t.co/8LgDLFhy9n", "likes_count": 0, "replies_count": 0, "retweets_count": 0, "hashtags": []}
{"id": 1197301449744617473, "date": "2019-11-20", "time": "18:51:25", "tweet": "@SleeperHQ Ability to manually input it. We moved last year, and I made a spreadsheet keeping track of all-time record, championships, etc.", "likes_count": 0, "replies_count": 0, "retweets_count": 0, "hashtags": []}
{"id": 1197301240473894912, "date": "2019-11-20", "time": "18:50:35", "tweet": "Slack’s new WYSIWYG input box is terrible  https://t.co/w1AZBYjO5t", "likes_count": 0, "replies_count": 0, "retweets_count": 0, "hashtags": []}
{"id": 1197301186103259136, "date": "2019-11-20", "time": "18:50:22", "tweet": "thanks for your input guys", "likes_count": 2, "replies_count": 0, "retweets_count": 0, "hashtags": []}
{"id": 1197300969601740806, "date": "2019-11-20", "time": "18:49:30", "tweet": "So let me say this ! Ashley comes back , talk with Theo and Jack , Theo make a decision inform Ashley by Phone i guess she already gone back in Paris , Jack hire Theo and without Ashley input ! Whao writers what a storyline !! #YR", "likes_count": 0, "replies_count": 0, "retweets_count": 0, "hashtags": ["yr"]}
{"id": 1197300745193824261, "date": "2019-11-20", "time": "18:48:37", "tweet": "@rcheek921 Give me the input of a mvp over a random person who’s never played at the level", "likes_count": 1, "replies_count": 0, "retweets_count": 0, "hashtags": []}
{"id": 1197300729733472257, "date": "2019-11-20", "time": "18:48:33", "tweet": "@TovAayla thanks for the input", "likes_count": 0, "replies_count": 0, "retweets_count": 0, "hashtags": []}
{"id": 1197300629942738944, "date": "2019-11-20", "time": "18:48:09", "tweet": "Apple Card issuer Goldman said that its credit algorithm doesn't use gender as an input. That is the problem. \"Imposing willful blindness to something as critical as gender only makes it harder for a company to detect, prevent &amp; reverse bias.\"@willknight   https://t.co/zMRWAdMeRb", "likes_count": 27, "replies_count": 0, "retweets_count": 9, "hashtags": []}
{"id": 1197300628458000385, "date": "2019-11-20", "time": "18:48:09", "tweet": "I hate mobile input delay yo, I try sniping a guy peaking through his window but he snipes me first cuz my gun doesn’t shoot.. #Fortnite", "likes_count": 2, "replies_count": 0, "retweets_count": 0, "hashtags": ["fortnite"]}
{"id": 1197303590924300289, "date": "2019-11-20", "time": "18:59:55", "tweet": "nothing speaks english major love language like ur crush asking u to revise their final draft  + ur input on it :,)", "likes_count": 8, "replies_count": 0, "retweets_count": 0, "hashtags": []}
{"id": 1197303475086004224, "date": "2019-11-20", "time": "18:59:27", "tweet": "@shibuyagato @mrfeelswildride I see that dan as lingering will because he’s held back by the chains of input lag. Just, for the record. Who wields this Dan?", "likes_count": 6, "replies_count": 1, "retweets_count": 1, "hashtags": []}
{"id": 1197303437756645376, "date": "2019-11-20", "time": "18:59:19", "tweet": "@acqu_marina @valy_s @marioerdrago @kitta1979 @nicorst @MPenikas @M5SWeAre99 @steal61 @MarceVann @RaphaelRaduzzi Ma SE è un piccolo satellite che gli va dietro, non dipende da lui. Invece lui c'entra con i primi input, tramite Rinaldi, a Bagnai (che mica si è autoilluminato improvvisamente) e nella preparazione a leader di Giggi. I suoi nemici abbastanza ufficiali sono Draghi e Giorgetti.", "likes_count": 1, "replies_count": 1, "retweets_count": 0, "hashtags": []}
{"id": 1197303352377278464, "date": "2019-11-20", "time": "18:58:58", "tweet": "In every Pokémon game or peripheral where walking counts for something I love to see the hacks people find to make it go by faster with as little human input as possible. It's great. Human innovation!!!!", "likes_count": 3, "replies_count": 0, "retweets_count": 0, "hashtags": []}
{"id": 1197303312980365313, "date": "2019-11-20", "time": "18:58:49", "tweet": "@Powell2014 To play a pc game with a cap of 60 fps and mnk input delay ngl But don’t think it’ll be great", "likes_count": 0, "replies_count": 1, "retweets_count": 0, "hashtags": []}
{"id": 1197303223721365504, "date": "2019-11-20", "time": "18:58:28", "tweet": "@BrandonMaki6 The more I think about it, could you see Seattle being a destination for him? Gives him a bit of time off and he can try and have some input on a new team.", "likes_count": 0, "replies_count": 0, "retweets_count": 0, "hashtags": []}
{"id": 1197303116254851072, "date": "2019-11-20", "time": "18:58:02", "tweet": "@mrfeelswildride @GigaBoots Do I need to make a Repli-Dan who’s not afraid to embrace the darkness of input lag?", "likes_count": 3, "replies_count": 1, "retweets_count": 0, "hashtags": []}
{"id": 1197302781297774592, "date": "2019-11-20", "time": "18:56:42", "tweet": "@iFireMonkey Vrey good  (Btw I spelled good wrong input the second 'o' Infront of the first one)", "likes_count": 1, "replies_count": 0, "retweets_count": 0, "hashtags": []}
{"id": 1197302773529886720, "date": "2019-11-20", "time": "18:56:40", "tweet": "@SchmittyXXIV Capped at 60fps with mnk input delay good possibility", "likes_count": 0, "replies_count": 1, "retweets_count": 0, "hashtags": []}
{"id": 1197302686485491712, "date": "2019-11-20", "time": "18:56:19", "tweet": "@KeiokeioKenai I didn’t know that he had a book out. It’s cool that they let the actors have input on certain aspects of the character they play. The pencil beard and sword necklace are synonymous with $Bill Spencer.", "likes_count": 0, "replies_count": 0, "retweets_count": 0, "hashtags": []}
{"id": 1197302517970817026, "date": "2019-11-20", "time": "18:55:39", "tweet": "@mototingle @DucatiUK Can’t stop staring at the rear brake hose 👎 m/cylinder/banjo/hose needs rejigging so it’s not so obvious. PS I can be free for further “input” especially Italy 🇮🇹", "likes_count": 1, "replies_count": 1, "retweets_count": 0, "hashtags": []}
{"id": 1197302333002125312, "date": "2019-11-20", "time": "18:54:55", "tweet": "@Apexxanadu @RGV_Striker23 @ChillinOf @YoungHabitual @Samsora_ You missed my point entirely but I value your input.", "likes_count": 0, "replies_count": 0, "retweets_count": 0, "hashtags": []}
{"id": 1197302327947882496, "date": "2019-11-20", "time": "18:54:54", "tweet": "elmで&lt;input type=\"datetime-local\"&gt;のバリデーションどうやるのがいいんだろう、正規表現? できればうまい具合にブラウザ側のバリデーター使いたいけど", "likes_count": 0, "replies_count": 0, "retweets_count": 0, "hashtags": []}
{"id": 1197302296570482690, "date": "2019-11-20", "time": "18:54:46", "tweet": "Survey is out, exception reporting summaries requested, analysis session planned, and rota wellbeing groups nearly fully formed and ready to go.  Rotas impact wellbeing so much that getting them right is essential.  Any input from the #MedTwitter community is appreciated!  (2/2)", "likes_count": 0, "replies_count": 0, "retweets_count": 0, "hashtags": ["medtwitter"]}
{"id": 1197302249137020928, "date": "2019-11-20", "time": "18:54:35", "tweet": "@psisk34 @XboxSupport Yes you are able to have two TV connected to your Xbox at one time. Although you do need a HDMI splitter as one of the two HDMI ports is input rather than output.", "likes_count": 0, "replies_count": 0, "retweets_count": 0, "hashtags": []}
{"id": 1197302176021975041, "date": "2019-11-20", "time": "18:54:18", "tweet": "Thanks for all your important input on China!", "likes_count": 0, "replies_count": 0, "retweets_count": 0, "hashtags": []}
{"id": 1197302083453538304, "date": "2019-11-20", "time": "18:53:56", "tweet": "like im serious... look what theyve done to death note adaptation lmao but if the mangaka still has input to the series then it will go well", "likes_count": 0, "replies_count": 0, "retweets_count": 0, "hashtags": []}
{"id": 1197302081364930560, "date": "2019-11-20", "time": "18:53:55", "tweet": "New top story on Hacker News: Slack’s new WYSIWYG input box is terrible  https://t.co/r7Qpi7YsQ6", "likes_count": 0, "replies_count": 0, "retweets_count": 0, "hashtags": []}
{"id": 1197302040361414658, "date": "2019-11-20", "time": "18:53:45", "tweet": "So Billy is replace by Theo at Jabot , Lauren is COO in behind scene i guess ! Btw what happen to the Merge btw Ashley Company and Jabot !! Jack seem to make decision without ashley input !! They are suppose to be equal patern in business ! #YR", "likes_count": 0, "replies_count": 0, "retweets_count": 0, "hashtags": ["yr"]}
{"id": 1197301951869751297, "date": "2019-11-20", "time": "18:53:24", "tweet": "@nvll this studio monitor I got via RMA has \"HDR\" and while it definitely works when I turn it on, it doesn't have the massive dynamic range of a more expensive HDR panel so it's hard to prove it's not just tone mapping the input to 9 bits or something", "likes_count": 0, "replies_count": 0, "retweets_count": 0, "hashtags": []}
