{"id": 1104894581248835584, "date": "2019-03-10", "time": "19:59:30", "tweet": "enough drama, thats all for today, just my input  back to channel 11, buff dudes", "likes_count": 5, "replies_count": 1, "retweets_count": 0, "hashtags": []}
{"id": 1104894428391497729, "date": "2019-03-10", "time": "19:58:54", "tweet": "@BlakeRoseOT I hope input a smile on your face? Xoxo", "likes_count": 0, "replies_count": 0, "retweets_count": 0, "hashtags": []}
{"id": 1104894418233016320, "date": "2019-03-10", "time": "19:58:51", "tweet": "@FIKRI09082000 Gisya infokan kalau Kakak tidak ingin pakai kode booking, Kakak bisa lakukan pengiriman dengan cara manual dan input resi secara manual di menu Sedang Dikirim ya Kak. Thanks", "likes_count": 0, "replies_count": 1, "retweets_count": 0, "hashtags": []}
{"id": 1104894393637588992, "date": "2019-03-10", "time": "19:58:46", "tweet": "They're adults who have security clearances against input from the CIA and FBI. They are making decisions about the country.  Destroy them. @HouseDemocrats", "likes_count": 1, "replies_count": 0, "retweets_count": 0, "hashtags": []}
{"id": 1104894336657965056, "date": "2019-03-10", "time": "19:58:32", "tweet": "@tomstefaniuk Well possibly they want to control the input going into their brain on the daily", "likes_count": 18, "replies_count": 1, "retweets_count": 0, "hashtags": []}
{"id": 1104894278717837313, "date": "2019-03-10", "time": "19:58:18", "tweet": "A3 Our students are a vital part of our community! They give input and deserve to be valued. Getting to know them is the first thing we can do. #TeachPos", "likes_count": 7, "replies_count": 0, "retweets_count": 0, "hashtags": ["teachpos"]}
{"id": 1104894274871742464, "date": "2019-03-10", "time": "19:58:17", "tweet": "Ultimately, I'm still looking forward to seeing more of Carol Danvers - I don't think her debut is any worse than, like, Thor's, but I do think she might need some tweaking and input from other directors to live up to the character's full potential. Just like with Thor!", "likes_count": 1, "replies_count": 1, "retweets_count": 0, "hashtags": []}
{"id": 1104894164238520322, "date": "2019-03-10", "time": "19:57:51", "tweet": "@ValdioMX As per Dode instruction using snes9x Frame advance, input display the proper timer start is -3.2 im letting people know because i need this to verify runs and get this board going easier if you could add this info in the rules that would be great! Everyone is DM me lol.", "likes_count": 3, "replies_count": 1, "retweets_count": 1, "hashtags": []}
{"id": 1104894147067080704, "date": "2019-03-10", "time": "19:57:47", "tweet": "@Capn_Conspiracy Time for watermark dude! Input them in every ARC video I do, just in case.", "likes_count": 2, "replies_count": 1, "retweets_count": 0, "hashtags": []}
{"id": 1104894044012978179, "date": "2019-03-10", "time": "19:57:22", "tweet": "@BungieHelp @Bungie @DestinyTheGame - This seems like this is more of a Windows based issue, but I spent the weekend troubleshooting a weird input lag issue. I just wanted to yell into the void to try and help other guardians. See included link.    https://t.co/DvYlyPTWer", "likes_count": 0, "replies_count": 0, "retweets_count": 0, "hashtags": []}
{"id": 1104893826228015105, "date": "2019-03-10", "time": "19:56:30", "tweet": "I am happy and 100% willing to meet with any individual, group, or organization that has ideas, thoughts, or concerns regarding our campus. STUDENT input is and always will be my top priority! 🚀", "likes_count": 19, "replies_count": 0, "retweets_count": 2, "hashtags": []}
{"id": 1104893438120611840, "date": "2019-03-10", "time": "19:54:58", "tweet": "@KinganiRates Just comes with the territory, like what's the issue spicifically? My shit keeps changing input and output whenever I restart my pc so sometimes it'll use the webcam's built in muc and my tv's speaker. It's minor and quick to fix but it still pisses me off", "likes_count": 1, "replies_count": 1, "retweets_count": 0, "hashtags": []}
{"id": 1104893422069002240, "date": "2019-03-10", "time": "19:54:54", "tweet": "@IndyTash @damekellyholmes @BritGymnastics Firstly, stop appropriating \"assigned at birth\" That is specific to babies born with Differences of Sex Development who need specialist DSD input to determine sex and where diagnosis is uncertain. This is extremely rare (0.001% of people).  Secondly, boys cannot become girls.", "likes_count": 2, "replies_count": 1, "retweets_count": 0, "hashtags": []}
{"id": 1104893243458650112, "date": "2019-03-10", "time": "19:54:11", "tweet": "In terms of story, I think I'm going to have them just *always* feel *any* pain.  Really, there's no reason not to that I can foresee.  If you have any thoughts, still, feel free to leave them here, though!  Thank you so much for your input, everyone!  I really appreciate it!", "likes_count": 0, "replies_count": 0, "retweets_count": 0, "hashtags": []}
{"id": 1104893179583586304, "date": "2019-03-10", "time": "19:53:56", "tweet": "@TremblantLodgin @Wnc096 @IgorEronko @LeafsLunch1050 Sticking your nose into a thread about a Leaf prospect is pretty lame dude. If you are sick of the Leaf BS, simply let it slide by. Your input is not mandatory.", "likes_count": 0, "replies_count": 0, "retweets_count": 0, "hashtags": []}
{"id": 1104892979179937792, "date": "2019-03-10", "time": "19:53:08", "tweet": "@julianor @Ledger Actually Trezor did not recommend anything about it. Very long passphrases would be a countermeasure while they shouldn't be input on the computer!", "likes_count": 0, "replies_count": 2, "retweets_count": 0, "hashtags": []}
{"id": 1104892942290956290, "date": "2019-03-10", "time": "19:53:00", "tweet": "@Mike_Phelan_1 Can ole do this on his own without your input, Do you guys have it in your locker to finish top4, win FA cup and get to the semis of UCL?", "likes_count": 0, "replies_count": 0, "retweets_count": 0, "hashtags": []}
{"id": 1104892819423088640, "date": "2019-03-10", "time": "19:52:30", "tweet": "@AdrianYalland But it’s via diplomatic input, not at committee stages in Commission/Parliament. They comment on completed drafts, rather than shape those drafts. This is woeful for an advanced manufacturing &amp; services economy like UK.", "likes_count": 0, "replies_count": 1, "retweets_count": 0, "hashtags": []}
{"id": 1104892761503879171, "date": "2019-03-10", "time": "19:52:16", "tweet": "@PaulOnBooks @georgegalloway Simple, churnalism rules over journalism. Murdoch's influence even after the NOTW debacle. Just infiltrate the BBC &amp; production comp's.who freelance political input. Funny how their message goes out to hate social media.They can't handle the truth They manipulate truth?", "likes_count": 0, "replies_count": 0, "retweets_count": 0, "hashtags": []}
{"id": 1104892747062767616, "date": "2019-03-10", "time": "19:52:13", "tweet": "@Dutch1968 @ibrake4lemmings @GioviAguilar @mommamia1217 That’s you. I know a lot of 16-year-olds who are extremely informed and those who don’t care about politics, don’t have to vote. Decisions are being made about their future, why not allow them input? Obviously, we need to agree to disagree on this topic.", "likes_count": 0, "replies_count": 1, "retweets_count": 0, "hashtags": []}
{"id": 1104892705275023360, "date": "2019-03-10", "time": "19:52:03", "tweet": "Great turn out to see the #MillGirls &amp; a drama about the 1913 strike at #StoneyholmMill at @GarnockCampus today. Superb input by all! Well done to all the @StoneyholmMill team who worked so hard to pull it all together today. 👏👏👏  https://t.co/zH7eVlLTo2", "likes_count": 8, "replies_count": 0, "retweets_count": 1, "hashtags": ["millgirls", "stoneyholmmill"]}
{"id": 1104892641530007552, "date": "2019-03-10", "time": "19:51:48", "tweet": "@BBallScientistX @william_lou aii boo thanks for the input love you  https://t.co/r9xECDBO0d", "likes_count": 0, "replies_count": 1, "retweets_count": 0, "hashtags": []}
{"id": 1104892621405765633, "date": "2019-03-10", "time": "19:51:43", "tweet": "A2: It starts with ensuring you build relational trust and community in the classroom.  Once that is established, having multiple avenues: written, verbal,class meetings, check ins for the purposes of gathering input. #teachpos", "likes_count": 4, "replies_count": 0, "retweets_count": 0, "hashtags": ["teachpos"]}
{"id": 1104892592678854656, "date": "2019-03-10", "time": "19:51:36", "tweet": "Part 2 of using @MSIntune with AutoPilot in #education now out // thanks @davidkozera  and @Svdbusse for input/ideas. FYI @ryrager @photek187 @dcolvl #MSFTEdu @MicrosoftEDU #edchatnz", "likes_count": 8, "replies_count": 0, "retweets_count": 3, "hashtags": ["education", "msftedu", "edchatnz"]}
{"id": 1104892490161840133, "date": "2019-03-10", "time": "19:51:12", "tweet": "@thriftygamer83 @SalSports Oh yeah why not use the entire draft surplus that took him to build up over the last few years and blow it on a few players. That’s smart thinking 👍 a + input there", "likes_count": 0, "replies_count": 0, "retweets_count": 0, "hashtags": []}
{"id": 1104892486957363202, "date": "2019-03-10", "time": "19:51:11", "tweet": "yo istg when people vent to me i kinda just sit there like,,,, I REALLY DONT KNOW WHAT TO SAY DJDJDKD IM SO AWKWARD AND IDK IF THEY WANT MY INPUT OR JUST WANT ME TO LISTEN LIKE  https://t.co/fB3B1wSCjj", "likes_count": 1, "replies_count": 0, "retweets_count": 0, "hashtags": []}
{"id": 1104892443995004928, "date": "2019-03-10", "time": "19:51:01", "tweet": "Sudoku Puzzle Game for iPhone:By putting in \"flick input mode\" that enables players to put digits 1 from 9 easily! https://t.co/fwivhr7IcX", "likes_count": 0, "replies_count": 0, "retweets_count": 0, "hashtags": []}
{"id": 1104892364563243008, "date": "2019-03-10", "time": "19:50:42", "tweet": "#juliang input |&gt; lowercase |&gt; split(_, \"\") でいけるのかな？", "likes_count": 0, "replies_count": 1, "retweets_count": 0, "hashtags": ["juliang"]}
{"id": 1104892320380403712, "date": "2019-03-10", "time": "19:50:31", "tweet": "@hoiszelam Thank you for sharing your thoughts about the mental health system. We value your feedback and will add it to the input we are seeking through our consultation workshops around NSW. Please consider attending one of our Living Well workshops:  https://t.co/4BkfPgDXDu", "likes_count": 0, "replies_count": 0, "retweets_count": 0, "hashtags": []}
{"id": 1104892190805975040, "date": "2019-03-10", "time": "19:50:00", "tweet": "@tvaneerd @Atrix256 I wrote this palettizer for a software rasterizer. It works by building an octree of the input colors and then removing the least significant node until the color count is 256. It can be tuned for speed by playing around with the max depth of the tree.  https://t.co/v7KwjGlSsQ", "likes_count": 5, "replies_count": 0, "retweets_count": 0, "hashtags": []}
{"id": 1104892004046127109, "date": "2019-03-10", "time": "19:49:16", "tweet": "Not sure if this has any use, but you can shield during a dash, input grab, and it will still dash grab after shield has been up for a frame or two. #SSBU_TECH #SSBU", "likes_count": 3, "replies_count": 0, "retweets_count": 0, "hashtags": ["ssbu_tech", "ssbu"]}
{"id": 1104892002586513410, "date": "2019-03-10", "time": "19:49:15", "tweet": "@fckeveryword Home Run Contest niggas when they miss one input", "likes_count": 5, "replies_count": 0, "retweets_count": 0, "hashtags": []}
{"id": 1104891732628402176, "date": "2019-03-10", "time": "19:48:11", "tweet": "function은 input을 하면 output이 return되는 상자. 코드의 재사용성을 위함. 반복적인 작업에 꼭 필요.", "likes_count": 0, "replies_count": 0, "retweets_count": 0, "hashtags": []}
{"id": 1104891556949983232, "date": "2019-03-10", "time": "19:47:29", "tweet": " https://t.co/rh38suBFOV", "likes_count": 0, "replies_count": 1, "retweets_count": 0, "hashtags": []}
{"id": 1104891490151657473, "date": "2019-03-10", "time": "19:47:13", "tweet": "Money Cube - An APP which will help you get MONEY for free. Input my invite code ❤HEVBY❤ after installation, and you will get 1000 Clicks. Download link:  https://t.co/eM04HWENX5", "likes_count": 0, "replies_count": 0, "retweets_count": 0, "hashtags": []}
{"id": 1104891119240921090, "date": "2019-03-10", "time": "19:45:45", "tweet": "Heroic progression tonight. 3 more subs until we unlock our second emote. 3 more follows until 200. Give me your input on what emote you want to spam in chat.  LIVE NOW!  https://t.co/zr13rgTWXN", "likes_count": 1, "replies_count": 0, "retweets_count": 1, "hashtags": []}
{"id": 1104890986973548549, "date": "2019-03-10", "time": "19:45:13", "tweet": "@planetcamii @plastiquetiara People who doesn't have \"mock\" it can hurt our feelings, especially if it coming from similar heritage people who didn't have to have it by birth. Anyway, thank you for your input. I really appreciate this.", "likes_count": 0, "replies_count": 0, "retweets_count": 0, "hashtags": []}
{"id": 1104890969353347078, "date": "2019-03-10", "time": "19:45:09", "tweet": "#Commodities #aluminum  @wwwcommoditycom   These are the five most important factors that influence #aluminum prices:   Chinese Demand Transportation  Demand Construction  Industry Demand  Input Costs  The US dollar  Read more at:  https://t.co/fQ4VsYh4sC #Commodities #trading", "likes_count": 1, "replies_count": 0, "retweets_count": 1, "hashtags": ["commodities", "aluminum", "aluminum", "commodities", "trading"]}
{"id": 1104890945298808832, "date": "2019-03-10", "time": "19:45:03", "tweet": "@BukaBantuan halo min tolong dibantu min ..barangny sdh kami kirim tapi input resinya tdk ada y  https://t.co/a3UKuRZYBm", "likes_count": 0, "replies_count": 1, "retweets_count": 0, "hashtags": []}
{"id": 1104890884011819009, "date": "2019-03-10", "time": "19:44:49", "tweet": "Bring Alexa to any speaker with the Amazon Echo Input at $20 Prime shipped (Reg. $35)  https://t.co/kvlsDgEXmT  https://t.co/45hg4h3swo", "likes_count": 0, "replies_count": 0, "retweets_count": 0, "hashtags": []}
{"id": 1104890691543392256, "date": "2019-03-10", "time": "19:44:03", "tweet": "@big_blocker That's not the chart of how Bitcoin works... The only input there is \"security.\" It's so much more than that. Wish I were done with my work on my own chart for this. I'd love to be able to share it now. But... Not yet. Soon though.", "likes_count": 1, "replies_count": 1, "retweets_count": 0, "hashtags": []}
{"id": 1104890686644588544, "date": "2019-03-10", "time": "19:44:02", "tweet": "A1:  Validating, acknowledging, listening to and inviting input.  We have to be intentional with not asking if we already have a decision. #teachpos", "likes_count": 11, "replies_count": 2, "retweets_count": 1, "hashtags": ["teachpos"]}
{"id": 1104890609637212163, "date": "2019-03-10", "time": "19:43:43", "tweet": "@FannyStravato L'input è partito da lì infatti :)", "likes_count": 1, "replies_count": 1, "retweets_count": 0, "hashtags": []}
{"id": 1104890525281325057, "date": "2019-03-10", "time": "19:43:23", "tweet": "In the summer of 2017, A new court “restorative justice” court open in the Chicago’s North Lawnadle Neighborhood. The court system wanted to test the idea, by soliciting broader input on how offenders can make amends and stay out of jail", "likes_count": 0, "replies_count": 0, "retweets_count": 0, "hashtags": []}
{"id": 1104890450761187330, "date": "2019-03-10", "time": "19:43:05", "tweet": "@katiemcateerx @nicurran99 If a child’s getting abused at home then that’s wrong, sucks for the parents but I’m talking about the kids and every child deserves better than that, thanks for your input though!", "likes_count": 2, "replies_count": 0, "retweets_count": 0, "hashtags": []}
{"id": 1104890271144255490, "date": "2019-03-10", "time": "19:42:23", "tweet": "@ninderjohal @bclmdirector @ace_national But how do we start to change this... Especially within organisations that hold public money that doesn't allow for that kind of shift. I would appreciate your input on this @bclmdirector especially on ACE'S diversity report? How are you making that change?", "likes_count": 0, "replies_count": 0, "retweets_count": 0, "hashtags": []}
{"id": 1104890089669316608, "date": "2019-03-10", "time": "19:41:39", "tweet": "@SPD2212 @francesweetman @TiggernutJadie @francesbarber13 I'll say what I like when I like sweetie Thanks for your input x", "likes_count": 0, "replies_count": 1, "retweets_count": 0, "hashtags": []}
{"id": 1104889969087262720, "date": "2019-03-10", "time": "19:41:11", "tweet": "When people say that corporate America is better, and that you shouldn't do direct sales or affiliate marketing.  Yeah, okay.....Thanks for your input 😏", "likes_count": 1, "replies_count": 0, "retweets_count": 1, "hashtags": []}
{"id": 1104889873771782145, "date": "2019-03-10", "time": "19:40:48", "tweet": "Thanks to all of the Clara Barton competitors who tried out our VR  #TheRightChoice app in DC today. Your input was very helpful! @icrc @redcross  https://t.co/NDa4TjJa6H", "likes_count": 7, "replies_count": 0, "retweets_count": 2, "hashtags": ["therightchoice"]}
{"id": 1104889703717879810, "date": "2019-03-10", "time": "19:40:07", "tweet": "Interesting question about Politics and Machine Learning.  The president lies a lot. It's fact checked. He also uses purposeful repetition (like \"No Collusion\") when lying.  Can input like this, when linked to successful outcomes(winning elections), cause major problems for ML?", "likes_count": 1, "replies_count": 0, "retweets_count": 2, "hashtags": []}
{"id": 1104889653025562624, "date": "2019-03-10", "time": "19:39:55", "tweet": "@Bungie I am so over your game if stood by you since bets and bought all your dlc blindly but never again you pull streamers in for input but not 1 person who plays your game more then them who does not news flash not everyone loves pvp yet you force it down our throats I'm done.", "likes_count": 0, "replies_count": 1, "retweets_count": 0, "hashtags": []}
{"id": 1104889554824253440, "date": "2019-03-10", "time": "19:39:32", "tweet": "but for some reason everyone always feels the need to give they input and I just ... didn’t .. ask for that ...", "likes_count": 0, "replies_count": 0, "retweets_count": 0, "hashtags": []}
{"id": 1104889499224629248, "date": "2019-03-10", "time": "19:39:19", "tweet": "Interesting input from Cary Cole about the modern music industry's artist development.   https://t.co/3TpokC2Z8O #artistdevelopment #musicindustry #3300Climbing", "likes_count": 1, "replies_count": 0, "retweets_count": 0, "hashtags": ["artistdevelopment", "musicindustry", "3300climbing"]}
{"id": 1104889344760852480, "date": "2019-03-10", "time": "19:38:42", "tweet": "@Dutch1968 @ibrake4lemmings @GioviAguilar @mommamia1217 Many other countries allow 16-year-olds to vote. It’s their future, why shouldn’t they have some input? Geez,  kids only need to be 8 to summon demons with a Ouija board. 🤦‍♀️", "likes_count": 0, "replies_count": 2, "retweets_count": 0, "hashtags": []}
{"id": 1104889233309880320, "date": "2019-03-10", "time": "19:38:15", "tweet": "#writingcommunity thank you for your input on how to make time for writing! I brought my laptop to work and I just got off and am sitting down and getting to work on my writing! #amwriting", "likes_count": 11, "replies_count": 0, "retweets_count": 0, "hashtags": ["writingcommunity", "amwriting"]}
{"id": 1104889084995166208, "date": "2019-03-10", "time": "19:37:40", "tweet": "@thescottbarry @notcapnamerica I have lost what little respect I had for her. But, please avoid the weight input. Would you  make the same comment about Matt Gaetz? Thank you.", "likes_count": 0, "replies_count": 1, "retweets_count": 0, "hashtags": []}
{"id": 1104889080884678656, "date": "2019-03-10", "time": "19:37:39", "tweet": "#hashtag3 Baseus 20000mAh Power Bank LCD Powerbank Protable Charger With 3 Output Input External Battery PD Fast Charging For Mobile Phone  https://t.co/jRWKMiE3vi", "likes_count": 0, "replies_count": 0, "retweets_count": 0, "hashtags": ["hashtag3"]}
{"id": 1104888965012828160, "date": "2019-03-10", "time": "19:37:11", "tweet": "Does your project have the ability to parse / handle input from external sources?  It *must* be tested with fuzz testing. You are not nearly as motivated as the people trying to break your project.   https://t.co/QsHTGyEUqP", "likes_count": 26, "replies_count": 2, "retweets_count": 3, "hashtags": []}
{"id": 1104888880631672832, "date": "2019-03-10", "time": "19:36:51", "tweet": "@RobZacny It also begs the question: with as much control as Alonso is implied to have, both in Grand Prix Driver and in Drive to Survive, was it really in McLaren's best interest to try and kowtow to him so heavily? He may be an incredible driver, but all that input didn't pay off at all.", "likes_count": 0, "replies_count": 1, "retweets_count": 0, "hashtags": []}
{"id": 1104888870674579456, "date": "2019-03-10", "time": "19:36:49", "tweet": "@JoyceWhiteVance @FrankFigliuzzi1 @KasieDC You two are the best, absolutely love your take and input on this circus of a presidency. I try to catch you whenever I hear you’re on. Both looking fabulous this evening by the way.", "likes_count": 1, "replies_count": 0, "retweets_count": 0, "hashtags": []}
{"id": 1104888734191837184, "date": "2019-03-10", "time": "19:36:16", "tweet": "As much as I love @realDonaldTrump, I could do without the input of Ivanka. Too much, Mr. President.  She's too much.", "likes_count": 1, "replies_count": 0, "retweets_count": 0, "hashtags": []}
{"id": 1104888722854678529, "date": "2019-03-10", "time": "19:36:14", "tweet": "Money Cube - An APP which will help you get MONEY for free. Input my invite code ❤N3XVU❤ after installation, and you will get 1000 Clicks. Download link:  https://t.co/ONn08ub2Zh", "likes_count": 0, "replies_count": 0, "retweets_count": 0, "hashtags": []}
{"id": 1104888642395361280, "date": "2019-03-10", "time": "19:35:54", "tweet": "@maria_delrusso hey, just watched your interview on louder with crowder. I've binged a lot of his stuff today cause he popped up on my list. I definitely agree with his camp more than yours but just wanted to say it was refreshing to see/hear your input.", "likes_count": 0, "replies_count": 1, "retweets_count": 0, "hashtags": []}
{"id": 1104888569368399873, "date": "2019-03-10", "time": "19:35:37", "tweet": "Idaho and other states have began to legalize &amp; normalize the eating of #roadkill. Decreasing waste and hazards to drivers, the state of Idaho requires the input of info of the animal to create a database, making the roads safer among other things #NYUFS19  https://t.co/Afkr1HEIEK", "likes_count": 1, "replies_count": 0, "retweets_count": 0, "hashtags": ["roadkill", "nyufs19"]}
{"id": 1104888396323962880, "date": "2019-03-10", "time": "19:34:56", "tweet": "@PacOnIt Aww thank you so much 🤗 I dont expect anyone to choose mine over anyone elses, it was really just for people that didnt have one input. But I really do appreciate it!", "likes_count": 2, "replies_count": 0, "retweets_count": 0, "hashtags": []}
{"id": 1104888301142589441, "date": "2019-03-10", "time": "19:34:33", "tweet": "@hossafy @toomuchcountry @Rockstar_Aimz That said, I’ve also seen many a pinewood derby car that was pretty clearly the parent’s project, without much, if any, input by the scout - especially by the time the cubs reach Bear and WEBELOS rank. I tried hard to express that the child should be the prime mover on the car.", "likes_count": 0, "replies_count": 0, "retweets_count": 0, "hashtags": []}
{"id": 1104888276236742657, "date": "2019-03-10", "time": "19:34:27", "tweet": "@theairinthemor1 @Brightknee91 @aniobrien So much of what you’ve said is wrong. We are group of diverse NZ women. There are a few male allies in our group who provide technical support, they do not speak for us or input into any of our messaging. Our webform asked for and validated NZ electorates before submitting.", "likes_count": 5, "replies_count": 1, "retweets_count": 0, "hashtags": []}
{"id": 1104888205642362880, "date": "2019-03-10", "time": "19:34:10", "tweet": "Honestly if they are not making even near as close to the moves you are making, does not share your thirst for betterment and progression-it is not necessary to disclose your goals, do not give anyone the power to have an Input or opinion", "likes_count": 1, "replies_count": 1, "retweets_count": 0, "hashtags": []}
{"id": 1104888149149249536, "date": "2019-03-10", "time": "19:33:57", "tweet": "Thank you all for voting! After considering your input, I have decided to offer a 2 week money saving challenge. It will consist of 7 emails to include 2 days in each. Thanks for helping me decide!", "likes_count": 2, "replies_count": 0, "retweets_count": 0, "hashtags": []}
{"id": 1104888021055344640, "date": "2019-03-10", "time": "19:33:26", "tweet": "@moritherapy @Safewards @VEWilliams85 @scotsguyinwales @Talk1stNTW @NTWNHS @chrispaps @IndigoDaya Thanks for your input.", "likes_count": 0, "replies_count": 0, "retweets_count": 0, "hashtags": []}
{"id": 1104887997864894464, "date": "2019-03-10", "time": "19:33:21", "tweet": "@ecortens @TeamKevinKoe @TeamBottcher @TeamBradJacobs Ah, ok. So in your earlier forecast you didn't input the presumed game result back into the model.  Good stuff! Would love to see how predictive this is over a full season.", "likes_count": 0, "replies_count": 1, "retweets_count": 0, "hashtags": []}
{"id": 1104887968534282240, "date": "2019-03-10", "time": "19:33:14", "tweet": "@theScottishBloo WHAT INPUT I WAS JUST BEING HORNY  Also you keep encouraging me, cheer for me, you sent me an actual care package including Ferdinand and send me pictures of your cats whenever you think I feel a bit down or just want me to smile YOURE AN ACTUAL ANGEL BLOO THIS IS NOT NEGOTIABLE", "likes_count": 1, "replies_count": 1, "retweets_count": 0, "hashtags": []}
{"id": 1104887947902492674, "date": "2019-03-10", "time": "19:33:09", "tweet": "@gaydragoon me.... i always love your input.... and you....", "likes_count": 0, "replies_count": 0, "retweets_count": 0, "hashtags": []}
{"id": 1104887849747398656, "date": "2019-03-10", "time": "19:32:45", "tweet": "@SlaterXO2 Maybe you have output and input HDMIs switched on capture card?", "likes_count": 0, "replies_count": 0, "retweets_count": 0, "hashtags": []}
{"id": 1104887818654871552, "date": "2019-03-10", "time": "19:32:38", "tweet": "@Anis82998653 Yeah the slider/input/parameters aren't hard to implement, I've done it before on other payloads.", "likes_count": 1, "replies_count": 0, "retweets_count": 0, "hashtags": []}
{"id": 1104887720927744000, "date": "2019-03-10", "time": "19:32:15", "tweet": "Hierarchical Attention Network -  https://t.co/zI5XOLw5eu generates error 'ValueError: Input dimension mis-match'  https://t.co/hwJ0fVUXmE", "likes_count": 2, "replies_count": 0, "retweets_count": 0, "hashtags": []}
{"id": 1104887679945043968, "date": "2019-03-10", "time": "19:32:05", "tweet": "@puppymoth exactly! I think the thing that makes it hard for me as an audience member is that I need a certain density of input information to maintain attention – otherwise I just drift. it’s why I generally can’t get anything out of podcasts", "likes_count": 3, "replies_count": 1, "retweets_count": 0, "hashtags": []}
{"id": 1104887591776735233, "date": "2019-03-10", "time": "19:31:44", "tweet": "@SonomaCrypto @koreanjewcrypto As a server that had to claim \"take out\" as part of my sales, I disagree w/u.  I was still taxed on those transactions,  and typically got fik'd. But thanks 4 ur input.", "likes_count": 0, "replies_count": 1, "retweets_count": 0, "hashtags": []}
{"id": 1104887530128736258, "date": "2019-03-10", "time": "19:31:29", "tweet": "I'm playing games on iCashApp and it's so much fun! You can earn money as well playing game. Download it, input the refer code 9AA3FVU get free 5USD.", "likes_count": 0, "replies_count": 0, "retweets_count": 0, "hashtags": []}
{"id": 1104887443810148368, "date": "2019-03-10", "time": "19:31:09", "tweet": "@TheMobbr There's no good reason to still be complaining about Last Jedi. Even if it was terrible, even if you hated it -- it's a movie. If you're still obsessing over it, I will *absolutely* pigeonhole you with those whose input I'll gladly ignore.  There's more to life. Move on.", "likes_count": 0, "replies_count": 0, "retweets_count": 0, "hashtags": []}
{"id": 1104887234073907201, "date": "2019-03-10", "time": "19:30:19", "tweet": "Can we get your feedback? We created an introductory product and would love your input. Please click on the link and review our product, a Math Skills Maintenance Book. #LI #FB  https://t.co/H1SF5UZDRb  https://t.co/LD7CPYJevv", "likes_count": 0, "replies_count": 0, "retweets_count": 0, "hashtags": ["li", "fb"]}
{"id": 1104887185537413120, "date": "2019-03-10", "time": "19:30:07", "tweet": "Dear, @IndieGoGo,  Remembering my credit card number, but then making me input numbers from my card to verify my identity is more than a little pointless.  Amazon and Kickstarter don't do that.  Love, Frustrated customers who don't always carry their credit cards around.", "likes_count": 0, "replies_count": 0, "retweets_count": 0, "hashtags": []}
{"id": 1104887079480123393, "date": "2019-03-10", "time": "19:29:42", "tweet": "@b_feilhaber22 🙈🤯 literally no one cares about your input", "likes_count": 1, "replies_count": 0, "retweets_count": 0, "hashtags": []}
{"id": 1104886957258100736, "date": "2019-03-10", "time": "19:29:13", "tweet": "「イテレータをアンパックして変数に代入できる」って知れたのがこの週末一番の収穫かもしれない。 x, y, z = map(int, input().split())　みたいな！ 少しかしこくなった！", "likes_count": 0, "replies_count": 0, "retweets_count": 0, "hashtags": []}
{"id": 1104886902090551296, "date": "2019-03-10", "time": "19:28:59", "tweet": "@FiveStripeFinal There’s this tall, lanky, terrible player with blonde dreadlocks playing on the left. Can we just delete that and input something else?", "likes_count": 3, "replies_count": 0, "retweets_count": 0, "hashtags": []}
{"id": 1104886815213871104, "date": "2019-03-10", "time": "19:28:39", "tweet": "I'm playing games on iCashApp and it's so much fun! You can earn money as well playing game. Download it, input the refer code 4BPA2P3 get free 5USD. #iCashPro  https://t.co/7KwIyh5kYr", "likes_count": 0, "replies_count": 0, "retweets_count": 0, "hashtags": ["icashpro"]}
{"id": 1104886796142501896, "date": "2019-03-10", "time": "19:28:34", "tweet": "books and tea are talking about priory by @say_shannon and how its thicc  my only input is: \"do u want me to take a selfie w it, ill break my other wrist for u\"", "likes_count": 14, "replies_count": 1, "retweets_count": 2, "hashtags": []}
{"id": 1104886570329399297, "date": "2019-03-10", "time": "19:27:40", "tweet": "@fitness_input どんな感覚ですかw", "likes_count": 0, "replies_count": 0, "retweets_count": 0, "hashtags": []}
{"id": 1104886554785402880, "date": "2019-03-10", "time": "19:27:37", "tweet": "Waterlooians - do these surveys! Have some more input into your city.", "likes_count": 0, "replies_count": 0, "retweets_count": 0, "hashtags": []}
{"id": 1104886542009618432, "date": "2019-03-10", "time": "19:27:34", "tweet": "@Sjakktrekk I took that today - was waiting for your input", "likes_count": 0, "replies_count": 0, "retweets_count": 0, "hashtags": []}
{"id": 1104886516021522432, "date": "2019-03-10", "time": "19:27:27", "tweet": "@Baby71Bolts @ScoutingTheRefs Great input here. Really constructive.", "likes_count": 4, "replies_count": 1, "retweets_count": 0, "hashtags": []}
{"id": 1104886444651356161, "date": "2019-03-10", "time": "19:27:10", "tweet": "@RoseCityPerkins Kaine this tweet is not for you to give your input 🤦🏾‍♂️ u think I’m racist 🤔", "likes_count": 0, "replies_count": 1, "retweets_count": 0, "hashtags": []}
{"id": 1104886092447272960, "date": "2019-03-10", "time": "19:25:46", "tweet": "@ValiantExalt @SkarfeltSSB @Chris71398 I didn't knew that a two input character was a disrespect character", "likes_count": 0, "replies_count": 1, "retweets_count": 0, "hashtags": []}
{"id": 1104886012210229248, "date": "2019-03-10", "time": "19:25:27", "tweet": " https://t.co/0WyEnr7M6y [processing] Show parameter type in input definition dialog title", "likes_count": 0, "replies_count": 0, "retweets_count": 0, "hashtags": []}
{"id": 1104886007269416962, "date": "2019-03-10", "time": "19:25:26", "tweet": "but like every time my boyfriend and i get into an argument my brain short-circuits a little bit  and then when his response each time doesn't involve harming or abandoning me it sort of short-circuits again like ERROR, INPUT DOES NOT MATCH OUTPUT  but in a good way i guess???", "likes_count": 9, "replies_count": 2, "retweets_count": 0, "hashtags": []}
{"id": 1104885933759963137, "date": "2019-03-10", "time": "19:25:09", "tweet": "@mikan_writings YOU LISTENED TO BE RAMBLE ABOUT MY AUS AND IS THE REASON WHY I AM GONNA TRY TO WRITE THE NOVEL AU  YOUR REACTIONS AND INPUT MADE NOVEL AU EVEN BETTER AND ENCOURAGED ME TO TELL IT IN A STORY FORMAT UNTIL THE END AND I DONT REMEMBER THIS PLOT POINT YOU TALENTED ADORABLE PERSON", "likes_count": 1, "replies_count": 1, "retweets_count": 0, "hashtags": []}
{"id": 1104885859495624705, "date": "2019-03-10", "time": "19:24:51", "tweet": "@pernilleru Thanks for your specialist input.", "likes_count": 1, "replies_count": 0, "retweets_count": 0, "hashtags": []}
{"id": 1104885466669539328, "date": "2019-03-10", "time": "19:23:17", "tweet": " https://t.co/qYUaYkHKTE \"I just think education is vital to this whole discussion on both sides. Talking about the Māori input... their thoughts &amp; feelings on [gene editing], then adding the western element.\" Mercier et al. paper shares Māori perspectives on biotech pest control.", "likes_count": 1, "replies_count": 0, "retweets_count": 0, "hashtags": []}
{"id": 1104885427008344065, "date": "2019-03-10", "time": "19:23:08", "tweet": "@SheepArePeople2 Thanks for the input! I’ve though about staining them before! If you’re interested in it shoot me a message, I could even stain it for ya😜", "likes_count": 0, "replies_count": 0, "retweets_count": 0, "hashtags": []}
{"id": 1104885396218019842, "date": "2019-03-10", "time": "19:23:00", "tweet": "@fewwmin2 @BlondeRach31 @Bilo_Kravo Alright..calm down princess! I very much doubt your pseudo heroic bullshit is needed in this particular instance. If we need your input I’ll give you the special signal....", "likes_count": 0, "replies_count": 0, "retweets_count": 0, "hashtags": []}
{"id": 1104894581248835584, "date": "2019-03-10", "time": "19:59:30", "tweet": "enough drama, thats all for today, just my input  back to channel 11, buff dudes", "likes_count": 5, "replies_count": 1, "retweets_count": 0, "hashtags": []}
{"id": 1104894428391497729, "date": "2019-03-10", "time": "19:58:54", "tweet": "@BlakeRoseOT I hope input a smile on your face? Xoxo", "likes_count": 0, "replies_count": 0, "retweets_count": 0, "hashtags": []}
{"id": 1104894418233016320, "date": "2019-03-10", "time": "19:58:51", "tweet": "@FIKRI09082000 Gisya infokan kalau Kakak tidak ingin pakai kode booking, Kakak bisa lakukan pengiriman dengan cara manual dan input resi secara manual di menu Sedang Dikirim ya Kak. Thanks", "likes_count": 0, "replies_count": 1, "retweets_count": 0, "hashtags": []}
{"id": 1104894393637588992, "date": "2019-03-10", "time": "19:58:46", "tweet": "They're adults who have security clearances against input from the CIA and FBI. They are making decisions about the country.  Destroy them. @HouseDemocrats", "likes_count": 1, "replies_count": 0, "retweets_count": 0, "hashtags": []}
{"id": 1104894336657965056, "date": "2019-03-10", "time": "19:58:32", "tweet": "@tomstefaniuk Well possibly they want to control the input going into their brain on the daily", "likes_count": 18, "replies_count": 1, "retweets_count": 0, "hashtags": []}
{"id": 1104894278717837313, "date": "2019-03-10", "time": "19:58:18", "tweet": "A3 Our students are a vital part of our community! They give input and deserve to be valued. Getting to know them is the first thing we can do. #TeachPos", "likes_count": 7, "replies_count": 0, "retweets_count": 0, "hashtags": ["teachpos"]}
{"id": 1104894274871742464, "date": "2019-03-10", "time": "19:58:17", "tweet": "Ultimately, I'm still looking forward to seeing more of Carol Danvers - I don't think her debut is any worse than, like, Thor's, but I do think she might need some tweaking and input from other directors to live up to the character's full potential. Just like with Thor!", "likes_count": 1, "replies_count": 1, "retweets_count": 0, "hashtags": []}
{"id": 1104894164238520322, "date": "2019-03-10", "time": "19:57:51", "tweet": "@ValdioMX As per Dode instruction using snes9x Frame advance, input display the proper timer start is -3.2 im letting people know because i need this to verify runs and get this board going easier if you could add this info in the rules that would be great! Everyone is DM me lol.", "likes_count": 3, "replies_count": 1, "retweets_count": 1, "hashtags": []}
{"id": 1104894147067080704, "date": "2019-03-10", "time": "19:57:47", "tweet": "@Capn_Conspiracy Time for watermark dude! Input them in every ARC video I do, just in case.", "likes_count": 2, "replies_count": 1, "retweets_count": 0, "hashtags": []}
{"id": 1104894044012978179, "date": "2019-03-10", "time": "19:57:22", "tweet": "@BungieHelp @Bungie @DestinyTheGame - This seems like this is more of a Windows based issue, but I spent the weekend troubleshooting a weird input lag issue. I just wanted to yell into the void to try and help other guardians. See included link.    https://t.co/DvYlyPTWer", "likes_count": 0, "replies_count": 0, "retweets_count": 0, "hashtags": []}
{"id": 1104893826228015105, "date": "2019-03-10", "time": "19:56:30", "tweet": "I am happy and 100% willing to meet with any individual, group, or organization that has ideas, thoughts, or concerns regarding our campus. STUDENT input is and always will be my top priority! 🚀", "likes_count": 19, "replies_count": 0, "retweets_count": 2, "hashtags": []}
{"id": 1104893438120611840, "date": "2019-03-10", "time": "19:54:58", "tweet": "@KinganiRates Just comes with the territory, like what's the issue spicifically? My shit keeps changing input and output whenever I restart my pc so sometimes it'll use the webcam's built in muc and my tv's speaker. It's minor and quick to fix but it still pisses me off", "likes_count": 1, "replies_count": 1, "retweets_count": 0, "hashtags": []}
{"id": 1104893422069002240, "date": "2019-03-10", "time": "19:54:54", "tweet": "@IndyTash @damekellyholmes @BritGymnastics Firstly, stop appropriating \"assigned at birth\" That is specific to babies born with Differences of Sex Development who need specialist DSD input to determine sex and where diagnosis is uncertain. This is extremely rare (0.001% of people).  Secondly, boys cannot become girls.", "likes_count": 2, "replies_count": 1, "retweets_count": 0, "hashtags": []}
{"id": 1104893243458650112, "date": "2019-03-10", "time": "19:54:11", "tweet": "In terms of story, I think I'm going to have them just *always* feel *any* pain.  Really, there's no reason not to that I can foresee.  If you have any thoughts, still, feel free to leave them here, though!  Thank you so much for your input, everyone!  I really appreciate it!", "likes_count": 0, "replies_count": 0, "retweets_count": 0, "hashtags": []}
{"id": 1104893179583586304, "date": "2019-03-10", "time": "19:53:56", "tweet": "@TremblantLodgin @Wnc096 @IgorEronko @LeafsLunch1050 Sticking your nose into a thread about a Leaf prospect is pretty lame dude. If you are sick of the Leaf BS, simply let it slide by. Your input is not mandatory.", "likes_count": 0, "replies_count": 0, "retweets_count": 0, "hashtags": []}
{"id": 1104892979179937792, "date": "2019-03-10", "time": "19:53:08", "tweet": "@julianor @Ledger Actually Trezor did not recommend anything about it. Very long passphrases would be a countermeasure while they shouldn't be input on the computer!", "likes_count": 0, "replies_count": 2, "retweets_count": 0, "hashtags": []}
{"id": 1104892942290956290, "date": "2019-03-10", "time": "19:53:00", "tweet": "@Mike_Phelan_1 Can ole do this on his own without your input, Do you guys have it in your locker to finish top4, win FA cup and get to the semis of UCL?", "likes_count": 0, "replies_count": 0, "retweets_count": 0, "hashtags": []}
{"id": 1104892819423088640, "date": "2019-03-10", "time": "19:52:30", "tweet": "@AdrianYalland But it’s via diplomatic input, not at committee stages in Commission/Parliament. They comment on completed drafts, rather than shape those drafts. This is woeful for an advanced manufacturing &amp; services economy like UK.", "likes_count": 0, "replies_count": 1, "retweets_count": 0, "hashtags": []}
{"id": 1104892761503879171, "date": "2019-03-10", "time": "19:52:16", "tweet": "@PaulOnBooks @georgegalloway Simple, churnalism rules over journalism. Murdoch's influence even after the NOTW debacle. Just infiltrate the BBC &amp; production comp's.who freelance political input. Funny how their message goes out to hate social media.They can't handle the truth They manipulate truth?", "likes_count": 0, "replies_count": 0, "retweets_count": 0, "hashtags": []}
{"id": 1104892747062767616, "date": "2019-03-10", "time": "19:52:13", "tweet": "@Dutch1968 @ibrake4lemmings @GioviAguilar @mommamia1217 That’s you. I know a lot of 16-year-olds who are extremely informed and those who don’t care about politics, don’t have to vote. Decisions are being made about their future, why not allow them input? Obviously, we need to agree to disagree on this topic.", "likes_count": 0, "replies_count": 1, "retweets_count": 0, "hashtags": []}
{"id": 1104892705275023360, "date": "2019-03-10", "time": "19:52:03", "tweet": "Great turn out to see the #MillGirls &amp; a drama about the 1913 strike at #StoneyholmMill at @GarnockCampus today. Superb input by all! Well done to all the @StoneyholmMill team who worked so hard to pull it all together today. 👏👏👏  https://t.co/zH7eVlLTo2", "likes_count": 8, "replies_count": 0, "retweets_count": 1, "hashtags": ["millgirls", "stoneyholmmill"]}
{"id": 1104892641530007552, "date": "2019-03-10", "time": "19:51:48", "tweet": "@BBallScientistX @william_lou aii boo thanks for the input love you  https://t.co/r9xECDBO0d", "likes_count": 0, "replies_count": 1, "retweets_count": 0, "hashtags": []}
{"id": 1104892621405765633, "date": "2019-03-10", "time": "19:51:43", "tweet": "A2: It starts with ensuring you build relational trust and community in the classroom.  Once that is established, having multiple avenues: written, verbal,class meetings, check ins for the purposes of gathering input. #teachpos", "likes_count": 4, "replies_count": 0, "retweets_count": 0, "hashtags": ["teachpos"]}
{"id": 1104892592678854656, "date": "2019-03-10", "time": "19:51:36", "tweet": "Part 2 of using @MSIntune with AutoPilot in #education now out // thanks @davidkozera  and @Svdbusse for input/ideas. FYI @ryrager @photek187 @dcolvl #MSFTEdu @MicrosoftEDU #edchatnz", "likes_count": 8, "replies_count": 0, "retweets_count": 3, "hashtags": ["education", "msftedu", "edchatnz"]}
{"id": 1104892490161840133, "date": "2019-03-10", "time": "19:51:12", "tweet": "@thriftygamer83 @SalSports Oh yeah why not use the entire draft surplus that took him to build up over the last few years and blow it on a few players. That’s smart thinking 👍 a + input there", "likes_count": 0, "replies_count": 0, "retweets_count": 0, "hashtags": []}
{"id": 1104892486957363202, "date": "2019-03-10", "time": "19:51:11", "tweet": "yo istg when people vent to me i kinda just sit there like,,,, I REALLY DONT KNOW WHAT TO SAY DJDJDKD IM SO AWKWARD AND IDK IF THEY WANT MY INPUT OR JUST WANT ME TO LISTEN LIKE  https://t.co/fB3B1wSCjj", "likes_count": 1, "replies_count": 0, "retweets_count": 0, "hashtags": []}
{"id": 1104892443995004928, "date": "2019-03-10", "time": "19:51:01", "tweet": "Sudoku Puzzle Game for iPhone:By putting in \"flick input mode\" that enables players to put digits 1 from 9 easily! https://t.co/fwivhr7IcX", "likes_count": 0, "replies_count": 0, "retweets_count": 0, "hashtags": []}
{"id": 1104892364563243008, "date": "2019-03-10", "time": "19:50:42", "tweet": "#juliang input |&gt; lowercase |&gt; split(_, \"\") でいけるのかな？", "likes_count": 0, "replies_count": 1, "retweets_count": 0, "hashtags": ["juliang"]}
{"id": 1104892320380403712, "date": "2019-03-10", "time": "19:50:31", "tweet": "@hoiszelam Thank you for sharing your thoughts about the mental health system. We value your feedback and will add it to the input we are seeking through our consultation workshops around NSW. Please consider attending one of our Living Well workshops:  https://t.co/4BkfPgDXDu", "likes_count": 0, "replies_count": 0, "retweets_count": 0, "hashtags": []}
{"id": 1104892190805975040, "date": "2019-03-10", "time": "19:50:00", "tweet": "@tvaneerd @Atrix256 I wrote this palettizer for a software rasterizer. It works by building an octree of the input colors and then removing the least significant node until the color count is 256. It can be tuned for speed by playing around with the max depth of the tree.  https://t.co/v7KwjGlSsQ", "likes_count": 5, "replies_count": 0, "retweets_count": 0, "hashtags": []}
{"id": 1104892004046127109, "date": "2019-03-10", "time": "19:49:16", "tweet": "Not sure if this has any use, but you can shield during a dash, input grab, and it will still dash grab after shield has been up for a frame or two. #SSBU_TECH #SSBU", "likes_count": 3, "replies_count": 0, "retweets_count": 0, "hashtags": ["ssbu_tech", "ssbu"]}
{"id": 1104892002586513410, "date": "2019-03-10", "time": "19:49:15", "tweet": "@fckeveryword Home Run Contest niggas when they miss one input", "likes_count": 5, "replies_count": 0, "retweets_count": 0, "hashtags": []}
{"id": 1104891732628402176, "date": "2019-03-10", "time": "19:48:11", "tweet": "function은 input을 하면 output이 return되는 상자. 코드의 재사용성을 위함. 반복적인 작업에 꼭 필요.", "likes_count": 0, "replies_count": 0, "retweets_count": 0, "hashtags": []}
{"id": 1104891556949983232, "date": "2019-03-10", "time": "19:47:29", "tweet": " https://t.co/rh38suBFOV", "likes_count": 0, "replies_count": 1, "retweets_count": 0, "hashtags": []}
{"id": 1104891490151657473, "date": "2019-03-10", "time": "19:47:13", "tweet": "Money Cube - An APP which will help you get MONEY for free. Input my invite code ❤HEVBY❤ after installation, and you will get 1000 Clicks. Download link:  https://t.co/eM04HWENX5", "likes_count": 0, "replies_count": 0, "retweets_count": 0, "hashtags": []}
{"id": 1104891119240921090, "date": "2019-03-10", "time": "19:45:45", "tweet": "Heroic progression tonight. 3 more subs until we unlock our second emote. 3 more follows until 200. Give me your input on what emote you want to spam in chat.  LIVE NOW!  https://t.co/zr13rgTWXN", "likes_count": 1, "replies_count": 0, "retweets_count": 1, "hashtags": []}
{"id": 1104890986973548549, "date": "2019-03-10", "time": "19:45:13", "tweet": "@planetcamii @plastiquetiara People who doesn't have \"mock\" it can hurt our feelings, especially if it coming from similar heritage people who didn't have to have it by birth. Anyway, thank you for your input. I really appreciate this.", "likes_count": 0, "replies_count": 0, "retweets_count": 0, "hashtags": []}
{"id": 1104890969353347078, "date": "2019-03-10", "time": "19:45:09", "tweet": "#Commodities #aluminum  @wwwcommoditycom   These are the five most important factors that influence #aluminum prices:   Chinese Demand Transportation  Demand Construction  Industry Demand  Input Costs  The US dollar  Read more at:  https://t.co/fQ4VsYh4sC #Commodities #trading", "likes_count": 1, "replies_count": 0, "retweets_count": 1, "hashtags": ["commodities", "aluminum", "aluminum", "commodities", "trading"]}
{"id": 1104890945298808832, "date": "2019-03-10", "time": "19:45:03", "tweet": "@BukaBantuan halo min tolong dibantu min ..barangny sdh kami kirim tapi input resinya tdk ada y  https://t.co/a3UKuRZYBm", "likes_count": 0, "replies_count": 1, "retweets_count": 0, "hashtags": []}
{"id": 1104890884011819009, "date": "2019-03-10", "time": "19:44:49", "tweet": "Bring Alexa to any speaker with the Amazon Echo Input at $20 Prime shipped (Reg. $35)  https://t.co/kvlsDgEXmT  https://t.co/45hg4h3swo", "likes_count": 0, "replies_count": 0, "retweets_count": 0, "hashtags": []}
