{"id": 1191142968197046273, "date": "2019-11-03", "time": "18:59:48", "tweet": "Stockley Park officials are patently not good enough to input their decisions and as a result, the technology, no matter how good or useful it may be will never work satisfactorily until competent officials are monitoring it with a view to giving ADVICE to the on field officials", "likes_count": 0, "replies_count": 1, "retweets_count": 0, "hashtags": []}
{"id": 1191142966368374784, "date": "2019-11-03", "time": "18:59:48", "tweet": "..start of the season. Believe me, there will be more and more games like this on a regular basis. Anyone who works in IT, or has to work with CRM or databases daily, will tell you that it is only as good as the people that design it and input to it. Unfortunately, as our...", "likes_count": 0, "replies_count": 1, "retweets_count": 0, "hashtags": []}
{"id": 1191142827813720064, "date": "2019-11-03", "time": "18:59:15", "tweet": "Why the fuck do Japanese people post tech on twitter with the input history off?  I kinda believe it's because they think somebody would learn to do the combo and then not credit them  Which... Yeah, that wouldn't surprise me.", "likes_count": 2, "replies_count": 0, "retweets_count": 0, "hashtags": []}
{"id": 1191142758590795776, "date": "2019-11-03", "time": "18:58:58", "tweet": "@zryanverse Thanks for your input @zryanverse .", "likes_count": 0, "replies_count": 1, "retweets_count": 0, "hashtags": []}
{"id": 1191142693742817281, "date": "2019-11-03", "time": "18:58:43", "tweet": "@InsomnioPuff How 'bout you stop right there. El de los Shoryus asturianos sou eu", "likes_count": 1, "replies_count": 1, "retweets_count": 0, "hashtags": []}
{"id": 1191142619142705152, "date": "2019-11-03", "time": "18:58:25", "tweet": "@brissyraces @NoverreMan @RadioTABAus @stevejoseph69 Also need to hear from @domran ? Never complete analysis without his sage input", "likes_count": 1, "replies_count": 0, "retweets_count": 0, "hashtags": []}
{"id": 1191142465463619590, "date": "2019-11-03", "time": "18:57:48", "tweet": "@TheWolfPeach I could only pick four.  Thank you for input! I like Andrew too.", "likes_count": 1, "replies_count": 0, "retweets_count": 0, "hashtags": []}
{"id": 1191142446278811649, "date": "2019-11-03", "time": "18:57:44", "tweet": "@AngelaRayner Just have a look at what you have just written and hang your head in shame. Your ignorance is outstanding. The thought of you having any input to the education of our children fills me with horror.", "likes_count": 2, "replies_count": 0, "retweets_count": 0, "hashtags": []}
{"id": 1191142345984675840, "date": "2019-11-03", "time": "18:57:20", "tweet": "@_Vs_The_World Welcome to the \"mastrrace\" of  -Free input choice -Free online -Upgrades when YOU feel like , not at a new console release -Backwards compatibility to 1995 CDs (Mostertruck madness2 OG cd still works ) -Keeping your games safe from \"scratches\" -DRM free games from GOG", "likes_count": 7, "replies_count": 0, "retweets_count": 1, "hashtags": []}
{"id": 1191142314158252033, "date": "2019-11-03", "time": "18:57:12", "tweet": "I'm in one of those moods today where if I even smell the whiff of a shitty opinion,my finger starts itching on the @ button and I have to hold myself back SO MUCH.  Dear self, not everything needs your input. It really, really doesn't. Just stop and let people be wrong in peace.", "likes_count": 2, "replies_count": 0, "retweets_count": 0, "hashtags": []}
{"id": 1191142040467365889, "date": "2019-11-03", "time": "18:56:07", "tweet": "@HaarVonHresvelg Solo 2 y luego un chaval con la cara pintada nada más. Bastante extraño la verdad", "likes_count": 0, "replies_count": 0, "retweets_count": 0, "hashtags": []}
{"id": 1191141974394302465, "date": "2019-11-03", "time": "18:55:51", "tweet": "@DanWoikeSports Thanks Dan.  I appreciate the input, although I will miss the game of the week spot.", "likes_count": 0, "replies_count": 0, "retweets_count": 0, "hashtags": []}
{"id": 1191141754076106752, "date": "2019-11-03", "time": "18:54:59", "tweet": "@amit_mavar @WhyAlwaysLukaku My input is if United were top of the league then everybody would love him so why in gods name would they sack him, some day they’ll be top and everybody in Manchester will be dancing on tables till the sun sets #LCFC", "likes_count": 0, "replies_count": 0, "retweets_count": 0, "hashtags": ["lcfc"]}
{"id": 1191141693153656833, "date": "2019-11-03", "time": "18:54:44", "tweet": "@FontesDiego5 @nicksurface Takes a village to create a crest.  Grateful to our partners at @reddoor for bringing together the input of thousands in the community. The final result is something created from the SD community; RDI helped bring their words and input to life. More here:  https://t.co/LClmKSdU1F", "likes_count": 4, "replies_count": 0, "retweets_count": 1, "hashtags": []}
{"id": 1191141563570765826, "date": "2019-11-03", "time": "18:54:13", "tweet": "@ivegotamuon @carolecadwalla Thanks for the comedy input. 😅😅", "likes_count": 1, "replies_count": 0, "retweets_count": 0, "hashtags": []}
{"id": 1191141547028492288, "date": "2019-11-03", "time": "18:54:09", "tweet": "@1dgrn Any reasonable person would, I hope! Thanks for your input. 💕😁❤️", "likes_count": 1, "replies_count": 0, "retweets_count": 0, "hashtags": []}
{"id": 1191141490191286272, "date": "2019-11-03", "time": "18:53:56", "tweet": "山川先生の第３回講義視聴🙂 『INPUT労働者災害補償保険法（山川社労士予備校）』 1時間10分  https://t.co/LK6DlpZu5j #studyplus", "likes_count": 0, "replies_count": 0, "retweets_count": 0, "hashtags": ["studyplus"]}
{"id": 1191141389373001728, "date": "2019-11-03", "time": "18:53:32", "tweet": "@allafarce @michalmigurski @burritojustice secondary problem being, I need some separate input, probably going for mechanical buttons. everything needs to be IP66K/IP68.", "likes_count": 0, "replies_count": 0, "retweets_count": 0, "hashtags": []}
{"id": 1191141333294972928, "date": "2019-11-03", "time": "18:53:18", "tweet": "動画いけるのか", "likes_count": 4, "replies_count": 0, "retweets_count": 0, "hashtags": []}
{"id": 1191141327779450880, "date": "2019-11-03", "time": "18:53:17", "tweet": "@Burnt2acrisp622 @turkyfucker The weapon charms are honest mistakes they said they would fix, the game probably reads it the same input as an attachment, and will need it's own attribute tuning to sort the differences so the game reads it as a visual &amp; not an attachment or something like that.", "likes_count": 0, "replies_count": 0, "retweets_count": 0, "hashtags": []}
