{"id": 1100183563549368322, "date": "2019-02-25", "time": "18:59:36", "tweet": "@AndrewScheer We need recall legislation. We cannot continue to let politicians make decisions without input from Canadians, especially when these decisions were not part of their mandate. Canada is too vulnerable to dictatorship with majority governments. Too much power. #Corruption #canpoli", "likes_count": 2, "replies_count": 0, "retweets_count": 0, "hashtags": ["corruption", "canpoli"]}
{"id": 1100183543416799233, "date": "2019-02-25", "time": "18:59:31", "tweet": "State seeks public input for new time capsule contents  https://t.co/1nW6xpONRA #HNN", "likes_count": 2, "replies_count": 1, "retweets_count": 1, "hashtags": ["hnn"]}
{"id": 1100183414727163904, "date": "2019-02-25", "time": "18:59:01", "tweet": "@SbredOldFriends @JerseyTom @righthind @trotting @GregReinhart @JDHarness My whole point in starting the discussion about combining the 2 more often than every 4 years was that the sport needs more voices, more action, input from the horsemen &amp; breeders. They're not going to make 2 diff trips. Trust me, I avoid Columbus as much as possible.", "likes_count": 0, "replies_count": 0, "retweets_count": 0, "hashtags": []}
{"id": 1100183179464462336, "date": "2019-02-25", "time": "18:58:05", "tweet": "@etcpwd13 Thanks for the input!", "likes_count": 0, "replies_count": 0, "retweets_count": 0, "hashtags": []}
{"id": 1100183160481083395, "date": "2019-02-25", "time": "18:58:00", "tweet": "“seeking your ideas and input into the Victorian Occupation List”  https://t.co/ywQ0Zfpcz3", "likes_count": 0, "replies_count": 0, "retweets_count": 0, "hashtags": []}
{"id": 1100182998526373888, "date": "2019-02-25", "time": "18:57:21", "tweet": "@MelonieMac OK cool because I've only read about 3 maybe 4 chapters into manga 1 but thanks for the input", "likes_count": 0, "replies_count": 0, "retweets_count": 0, "hashtags": []}
{"id": 1100182945745326082, "date": "2019-02-25", "time": "18:57:09", "tweet": "You can't drop boulders into water and get upset when the ripples blur it's focus. If you want to add new things into calm waters you have to keep the input small and concise so that it's focus doesn't dwindle.", "likes_count": 0, "replies_count": 0, "retweets_count": 0, "hashtags": []}
{"id": 1100182847032299521, "date": "2019-02-25", "time": "18:56:45", "tweet": "Oh nah Lebron really has input on this 2 chainz album", "likes_count": 0, "replies_count": 0, "retweets_count": 0, "hashtags": []}
{"id": 1100182846998790150, "date": "2019-02-25", "time": "18:56:45", "tweet": "Tonight's budget presentation is for information only. Council won't vote on it until the March 18 meeting -- this will allow for more public input. You can provide your input at  https://t.co/ohy3qRxD0f", "likes_count": 1, "replies_count": 0, "retweets_count": 2, "hashtags": []}
{"id": 1100182831144288259, "date": "2019-02-25", "time": "18:56:42", "tweet": "I'm playing games on iCashApp and it's so much fun! You can earn money as well playing game. Download it, input the refer code H46CJGC get free 5USD.", "likes_count": 0, "replies_count": 0, "retweets_count": 0, "hashtags": []}
{"id": 1100182796608262144, "date": "2019-02-25", "time": "18:56:33", "tweet": "@AustralianLabor \"phoenix activity\" by developers should also be investigated to protect apartment owners  How is the faulty cladding/leaky building issues becomes the owner corporation responsibility when they had very little input into products selection etc. and developers no longer there?", "likes_count": 0, "replies_count": 0, "retweets_count": 0, "hashtags": []}
{"id": 1100182780997058560, "date": "2019-02-25", "time": "18:56:30", "tweet": "@cloudedbytech Yes it is. Here is some text that starts typing if you open any sort of text input document: \"I DO KNOW HOW TO SURF THE INTERNET and i can type faster than you RESISTANCE IS FUTILE perhaps i'll get some sea monkeys WATER MIGHT NOT BE A GOOD IDEA THOUGH.\" Haha, right? 😡", "likes_count": 0, "replies_count": 1, "retweets_count": 0, "hashtags": []}
{"id": 1100182753788809216, "date": "2019-02-25", "time": "18:56:23", "tweet": "@andyhowellsport @ianapharri @DanielHewittITV @simonrug @itvnews Yes, it was clear in 2016 to anyone who choose to think about it that a vote to leave was a vote to ask the government to set about finding out what leave would look like. Given that the government has got stuck, what's controversial about them coming back to us for more input?", "likes_count": 0, "replies_count": 0, "retweets_count": 0, "hashtags": []}
{"id": 1100182705893974017, "date": "2019-02-25", "time": "18:56:12", "tweet": "@thescript PLEASE try and come to Florida on your next world tour! Is there anything us fans can do to get venues or promoters to book you? How much input do you have on where you go?", "likes_count": 0, "replies_count": 0, "retweets_count": 0, "hashtags": []}
{"id": 1100182561484169216, "date": "2019-02-25", "time": "18:55:37", "tweet": "Definitely a buffered walljump, buffered with the same input to let go of ledge.", "likes_count": 0, "replies_count": 1, "retweets_count": 0, "hashtags": []}
{"id": 1100182474213244930, "date": "2019-02-25", "time": "18:55:16", "tweet": "Download the App FindHello. It is created by the Refugee Center Online and is a great resource tool to help refugees, asylees, and immigrants easily locate resources in cities across the US.  Users can input a city, and filter by categories, such...  https://t.co/fjO9FU0Kc6", "likes_count": 0, "replies_count": 0, "retweets_count": 0, "hashtags": []}
{"id": 1100182468076941313, "date": "2019-02-25", "time": "18:55:15", "tweet": "Hiya! #nativetwitter - an academic looking for input here - @DeadDogLake - I don't remember if this is in your wheelhouse, but I trust your perspective if it is 🙂", "likes_count": 1, "replies_count": 1, "retweets_count": 0, "hashtags": ["nativetwitter"]}
{"id": 1100182464549445632, "date": "2019-02-25", "time": "18:55:14", "tweet": "@MarkovPhone @Bioship1 did I ask for your input  https://t.co/S6x3t3GJmx", "likes_count": 1, "replies_count": 0, "retweets_count": 0, "hashtags": []}
{"id": 1100182424212946945, "date": "2019-02-25", "time": "18:55:04", "tweet": "Clean out the unwanted input to make sure you are only receiving the input that encourages and inspires you. #Activate4Autism #ActuallyAutistic -  https://t.co/VQHtLxByVS  https://t.co/HUJAyxGRke", "likes_count": 2, "replies_count": 0, "retweets_count": 0, "hashtags": ["activate4autism", "actuallyautistic"]}
{"id": 1100182385419784192, "date": "2019-02-25", "time": "18:54:55", "tweet": "Lt. Gov. John Fetterman will be in Blair County Sunday, March 3rd to gather the community's input on legalizing recreational marijuana.  https://t.co/uTXROtICfL  https://t.co/TqC7bKNTcn", "likes_count": 3, "replies_count": 0, "retweets_count": 0, "hashtags": []}
{"id": 1100183563549368322, "date": "2019-02-25", "time": "18:59:36", "tweet": "@AndrewScheer We need recall legislation. We cannot continue to let politicians make decisions without input from Canadians, especially when these decisions were not part of their mandate. Canada is too vulnerable to dictatorship with majority governments. Too much power. #Corruption #canpoli", "likes_count": 2, "replies_count": 0, "retweets_count": 0, "hashtags": ["corruption", "canpoli"]}
{"id": 1100183543416799233, "date": "2019-02-25", "time": "18:59:31", "tweet": "State seeks public input for new time capsule contents  https://t.co/1nW6xpONRA #HNN", "likes_count": 2, "replies_count": 1, "retweets_count": 1, "hashtags": ["hnn"]}
{"id": 1100183414727163904, "date": "2019-02-25", "time": "18:59:01", "tweet": "@SbredOldFriends @JerseyTom @righthind @trotting @GregReinhart @JDHarness My whole point in starting the discussion about combining the 2 more often than every 4 years was that the sport needs more voices, more action, input from the horsemen &amp; breeders. They're not going to make 2 diff trips. Trust me, I avoid Columbus as much as possible.", "likes_count": 0, "replies_count": 0, "retweets_count": 0, "hashtags": []}
{"id": 1100183179464462336, "date": "2019-02-25", "time": "18:58:05", "tweet": "@etcpwd13 Thanks for the input!", "likes_count": 0, "replies_count": 0, "retweets_count": 0, "hashtags": []}
{"id": 1100183160481083395, "date": "2019-02-25", "time": "18:58:00", "tweet": "“seeking your ideas and input into the Victorian Occupation List”  https://t.co/ywQ0Zfpcz3", "likes_count": 0, "replies_count": 0, "retweets_count": 0, "hashtags": []}
{"id": 1100182998526373888, "date": "2019-02-25", "time": "18:57:21", "tweet": "@MelonieMac OK cool because I've only read about 3 maybe 4 chapters into manga 1 but thanks for the input", "likes_count": 0, "replies_count": 0, "retweets_count": 0, "hashtags": []}
{"id": 1100182945745326082, "date": "2019-02-25", "time": "18:57:09", "tweet": "You can't drop boulders into water and get upset when the ripples blur it's focus. If you want to add new things into calm waters you have to keep the input small and concise so that it's focus doesn't dwindle.", "likes_count": 0, "replies_count": 0, "retweets_count": 0, "hashtags": []}
{"id": 1100182847032299521, "date": "2019-02-25", "time": "18:56:45", "tweet": "Oh nah Lebron really has input on this 2 chainz album", "likes_count": 0, "replies_count": 0, "retweets_count": 0, "hashtags": []}
{"id": 1100182846998790150, "date": "2019-02-25", "time": "18:56:45", "tweet": "Tonight's budget presentation is for information only. Council won't vote on it until the March 18 meeting -- this will allow for more public input. You can provide your input at  https://t.co/ohy3qRxD0f", "likes_count": 1, "replies_count": 0, "retweets_count": 2, "hashtags": []}
{"id": 1100182831144288259, "date": "2019-02-25", "time": "18:56:42", "tweet": "I'm playing games on iCashApp and it's so much fun! You can earn money as well playing game. Download it, input the refer code H46CJGC get free 5USD.", "likes_count": 0, "replies_count": 0, "retweets_count": 0, "hashtags": []}
{"id": 1100182796608262144, "date": "2019-02-25", "time": "18:56:33", "tweet": "@AustralianLabor \"phoenix activity\" by developers should also be investigated to protect apartment owners  How is the faulty cladding/leaky building issues becomes the owner corporation responsibility when they had very little input into products selection etc. and developers no longer there?", "likes_count": 0, "replies_count": 0, "retweets_count": 0, "hashtags": []}
{"id": 1100182780997058560, "date": "2019-02-25", "time": "18:56:30", "tweet": "@cloudedbytech Yes it is. Here is some text that starts typing if you open any sort of text input document: \"I DO KNOW HOW TO SURF THE INTERNET and i can type faster than you RESISTANCE IS FUTILE perhaps i'll get some sea monkeys WATER MIGHT NOT BE A GOOD IDEA THOUGH.\" Haha, right? 😡", "likes_count": 0, "replies_count": 1, "retweets_count": 0, "hashtags": []}
{"id": 1100182753788809216, "date": "2019-02-25", "time": "18:56:23", "tweet": "@andyhowellsport @ianapharri @DanielHewittITV @simonrug @itvnews Yes, it was clear in 2016 to anyone who choose to think about it that a vote to leave was a vote to ask the government to set about finding out what leave would look like. Given that the government has got stuck, what's controversial about them coming back to us for more input?", "likes_count": 0, "replies_count": 0, "retweets_count": 0, "hashtags": []}
{"id": 1100182705893974017, "date": "2019-02-25", "time": "18:56:12", "tweet": "@thescript PLEASE try and come to Florida on your next world tour! Is there anything us fans can do to get venues or promoters to book you? How much input do you have on where you go?", "likes_count": 0, "replies_count": 0, "retweets_count": 0, "hashtags": []}
{"id": 1100182561484169216, "date": "2019-02-25", "time": "18:55:37", "tweet": "Definitely a buffered walljump, buffered with the same input to let go of ledge.", "likes_count": 0, "replies_count": 1, "retweets_count": 0, "hashtags": []}
{"id": 1100182474213244930, "date": "2019-02-25", "time": "18:55:16", "tweet": "Download the App FindHello. It is created by the Refugee Center Online and is a great resource tool to help refugees, asylees, and immigrants easily locate resources in cities across the US.  Users can input a city, and filter by categories, such...  https://t.co/fjO9FU0Kc6", "likes_count": 0, "replies_count": 0, "retweets_count": 0, "hashtags": []}
{"id": 1100182468076941313, "date": "2019-02-25", "time": "18:55:15", "tweet": "Hiya! #nativetwitter - an academic looking for input here - @DeadDogLake - I don't remember if this is in your wheelhouse, but I trust your perspective if it is 🙂", "likes_count": 1, "replies_count": 1, "retweets_count": 0, "hashtags": ["nativetwitter"]}
{"id": 1100182464549445632, "date": "2019-02-25", "time": "18:55:14", "tweet": "@MarkovPhone @Bioship1 did I ask for your input  https://t.co/S6x3t3GJmx", "likes_count": 1, "replies_count": 0, "retweets_count": 0, "hashtags": []}
{"id": 1100182424212946945, "date": "2019-02-25", "time": "18:55:04", "tweet": "Clean out the unwanted input to make sure you are only receiving the input that encourages and inspires you. #Activate4Autism #ActuallyAutistic -  https://t.co/VQHtLxByVS  https://t.co/HUJAyxGRke", "likes_count": 2, "replies_count": 0, "retweets_count": 0, "hashtags": ["activate4autism", "actuallyautistic"]}
{"id": 1100182385419784192, "date": "2019-02-25", "time": "18:54:55", "tweet": "Lt. Gov. John Fetterman will be in Blair County Sunday, March 3rd to gather the community's input on legalizing recreational marijuana.  https://t.co/uTXROtICfL  https://t.co/TqC7bKNTcn", "likes_count": 3, "replies_count": 0, "retweets_count": 0, "hashtags": []}
