{"id": 1103445133037654016, "date": "2019-03-06", "time": "18:59:55", "tweet": "@JustFknJai @NewberryCrunch @DrewBerryMunch @OldBerryChew I might not have the leverage to include my input, since I'm an amateur at this - but I've found that including the emotions behind one's actions; whether good or evil, define how I'll end up describing a character. Now, this doesn't apply to every subject, but it mirrors lore.", "likes_count": 0, "replies_count": 1, "retweets_count": 0, "hashtags": []}
{"id": 1103445118982520833, "date": "2019-03-06", "time": "18:59:52", "tweet": "@mkitchin63 @FMCSA The first thing they need to do is change the makeup of the MCSAC when you 2 people who drove and the rest are Safety Group advocates and retired law enforcement how the heck do you expect to get input on today's roads and shippers and Parking limitations ! The system is BROKEN", "likes_count": 0, "replies_count": 2, "retweets_count": 0, "hashtags": []}
{"id": 1103445108001693701, "date": "2019-03-06", "time": "18:59:49", "tweet": "Thank you for the input.", "likes_count": 1, "replies_count": 0, "retweets_count": 1, "hashtags": []}
{"id": 1103445080818442240, "date": "2019-03-06", "time": "18:59:42", "tweet": "原孝至先生 基礎講座2019年春生  ガイダンス　「合格の王道・OUTPUTから始めるINPUT」   [法律入門] [法科大学院] [司法試験] [予備試験]  https://t.co/vcDupyKfkW  詳しい講座案内はこちらから  https://t.co/H60kFdesng", "likes_count": 0, "replies_count": 0, "retweets_count": 2, "hashtags": []}
{"id": 1103445022194757633, "date": "2019-03-06", "time": "18:59:28", "tweet": "@NFLResearch @NFLDraft @Raiders @Browns @Titans @RamsNFL no theyre going to tank one more year", "likes_count": 0, "replies_count": 0, "retweets_count": 0, "hashtags": []}
{"id": 1103444929819348992, "date": "2019-03-06", "time": "18:59:06", "tweet": "@dgeaston @PlexusInstitute Time will tell .. as will feedback on our latest Coggle updates  https://t.co/oflyT7Zixm .. noting the new branch for adaptive processes we just added, based on yesterday’s @plexusinstitute input .. #complexity #orgdev #orgdna", "likes_count": 0, "replies_count": 0, "retweets_count": 0, "hashtags": ["complexity", "orgdev", "orgdna"]}
{"id": 1103444842871427073, "date": "2019-03-06", "time": "18:58:46", "tweet": "@sheryl_monk @jamooreforsc15 @Fanning4Senate *input ... Twitter 🤦‍♂️", "likes_count": 2, "replies_count": 1, "retweets_count": 0, "hashtags": []}
{"id": 1103444789981270016, "date": "2019-03-06", "time": "18:58:33", "tweet": "@GooseDE @Xenogelion I'd been wondering, could we at least get some basic animation scripting input for Captura mode? I'd really like to trigger enemy/AI animations (and even player animations) in a command window so we could time our shots right...", "likes_count": 3, "replies_count": 1, "retweets_count": 0, "hashtags": []}
{"id": 1103444752740036608, "date": "2019-03-06", "time": "18:58:24", "tweet": "@Ghostly_Capser @gladly__ 😂😂 as a matter of fact, It was definitely always input error", "likes_count": 0, "replies_count": 1, "retweets_count": 0, "hashtags": []}
{"id": 1103444676223225857, "date": "2019-03-06", "time": "18:58:06", "tweet": "My Review of February Reporting Season: More macro input than usual, but grand themes still alive, though growth stocks had a hiccup, and large resources shone  https://t.co/SbfpUF6h0o #ausbiz #XJO #equities #investing", "likes_count": 2, "replies_count": 0, "retweets_count": 0, "hashtags": ["ausbiz", "xjo", "equities", "investing"]}
{"id": 1103444630782148608, "date": "2019-03-06", "time": "18:57:55", "tweet": "@BadLayouts Hi everyone, welcome to my seminar “How to Play Punch-Out! With The Most Input Lag Possible”", "likes_count": 3, "replies_count": 0, "retweets_count": 0, "hashtags": []}
{"id": 1103444497214648321, "date": "2019-03-06", "time": "18:57:23", "tweet": "BLAH! the report was clear as day, thorough as all hell &amp; authored by the nation’s top scientists. IT DOESN’T NEED MORE INPUT, IT DOESN’T NEED A REVISION, IT NEEDS DECISION MAKERS TO LISTEN!! *slams head on desk repeatedly*", "likes_count": 6, "replies_count": 0, "retweets_count": 1, "hashtags": []}
{"id": 1103444432504840192, "date": "2019-03-06", "time": "18:57:08", "tweet": "@RedTRaccoon Does she have children? I dunno, just asking… you’d think she’d have some input instead of “because it’s the law” so it’s out of her hands.", "likes_count": 0, "replies_count": 0, "retweets_count": 0, "hashtags": []}
{"id": 1103444405451739136, "date": "2019-03-06", "time": "18:57:01", "tweet": "As an av tech I find this painful to look at. There will be an analog input somewhere. This is misuse of a wireless microph...  https://t.co/RDNAniKNrL", "likes_count": 0, "replies_count": 0, "retweets_count": 0, "hashtags": []}
{"id": 1103444376598921216, "date": "2019-03-06", "time": "18:56:55", "tweet": "It was an honor to participate in the #BlueRibbonCommission on #ECE process that truly embraced parent input.  Look forward to releasing &amp; presenting our “Waiting to be Seen, Demanding to be Heard” recommendations incorporated in the BRC report at the public hearing on March 11!", "likes_count": 10, "replies_count": 0, "retweets_count": 3, "hashtags": ["blueribboncommission", "ece"]}
{"id": 1103444345112297472, "date": "2019-03-06", "time": "18:56:47", "tweet": "@TheBeastcub @Keeatah @beta_Raptor Thank you both for the help and input. You’re both such a pleasure to follow. ^-^", "likes_count": 2, "replies_count": 0, "retweets_count": 0, "hashtags": []}
{"id": 1103444264569266176, "date": "2019-03-06", "time": "18:56:28", "tweet": "@ac_hutchens @Dataracer117 Yeah sure lot of hits but most of those had to do with her work with Zemeckus, Spielberg, Columbus.  None of those hits she was the lone producer How much creative input did she put in those films? In my opinion not much.  I think she understands the business side of things", "likes_count": 1, "replies_count": 0, "retweets_count": 0, "hashtags": []}
{"id": 1103444150970650624, "date": "2019-03-06", "time": "18:56:01", "tweet": "Thanks so much for coming tonight, Anthony, &amp; for your great input to the discussion. #DoYouLoveThisPlanet   https://t.co/U7Gss1TiZp", "likes_count": 2, "replies_count": 1, "retweets_count": 0, "hashtags": ["doyoulovethisplanet"]}
{"id": 1103444144318488576, "date": "2019-03-06", "time": "18:55:59", "tweet": "Money Cube - An APP which will help you get MONEY for free. Input my invite code ❤PI6HM❤ after installation, and you will get 1000 Clicks. Download link:  https://t.co/RwkFTMnv9k  https://t.co/we2viXqFOk", "likes_count": 0, "replies_count": 0, "retweets_count": 0, "hashtags": []}
{"id": 1103444058041655297, "date": "2019-03-06", "time": "18:55:39", "tweet": "New Allen Bradley 1794-IRT8 /A Flex I/O Analog Input 8-Ch Thermocouple/RTD/Mv  https://t.co/4vFGeUOm4h  $795.00 End Date: Friday Apr-5-2019 16:38:49 PDT Buy It Now for only: $795.00 Buy It Now | Add to watch list", "likes_count": 0, "replies_count": 0, "retweets_count": 0, "hashtags": []}
{"id": 1103444040241025024, "date": "2019-03-06", "time": "18:55:34", "tweet": "I try to live life giving my parents complete input in my life. As in I try to involve them in my life as much as I can. The way I see it is, without their blessing nothing is worth it. No one / nothing is worth going against your parents for(as long as it isn’t disobeying Allah)", "likes_count": 0, "replies_count": 0, "retweets_count": 0, "hashtags": []}
{"id": 1103444024713793536, "date": "2019-03-06", "time": "18:55:31", "tweet": "Money Cube - An APP which will help you get MONEY for free. Input my invite code ❤HRNUQ❤ after installation, and you will get 1000 Clicks. Download link:  https://t.co/OA83bqODpF  https://t.co/5JvqgybJUM", "likes_count": 1, "replies_count": 0, "retweets_count": 0, "hashtags": []}
{"id": 1103443985639464960, "date": "2019-03-06", "time": "18:55:21", "tweet": "@gtonthesccoast @cmclymer @AOC change.  The old dictators who only tell you what to do and not allow. input or ideas on how it could be improved. The \"my way or the highway\" authoritarians who won't change.  Get rid of the McConnell's and the Grahams who can't envision a better way.", "likes_count": 1, "replies_count": 1, "retweets_count": 0, "hashtags": []}
{"id": 1103443926344712192, "date": "2019-03-06", "time": "18:55:07", "tweet": "- UNIQUE CURRENCY TRADING STRATEGY  - state of the art neural network software - unique forex trading approach -  https://t.co/WMAECdcE13 - forecasting AUDNZD - daily buy/sell signal - 50 neurals / 200 input factors  - 1 MONTH TRIAL:  https://t.co/x9mmG65ZU5  #trial #signals #fx 12", "likes_count": 0, "replies_count": 0, "retweets_count": 0, "hashtags": ["trial", "signals", "fx"]}
{"id": 1103443779149656065, "date": "2019-03-06", "time": "18:54:32", "tweet": "@Hewso81 @j_swinbanks @DaveMilbo Thanks to all of you for your input. It's appreciated.", "likes_count": 0, "replies_count": 0, "retweets_count": 0, "hashtags": []}
{"id": 1103443742588104704, "date": "2019-03-06", "time": "18:54:23", "tweet": "Alright, give me input. OneDrive or Dropbox?  Currently, I'm paying $100 + tax a year for Dropbox to have 1TB of space. OneDrive, as a 365 subscriber, gives me 1TB for free.  As with the internet purge as it was, OneDrive can ban your account for nudity.", "likes_count": 0, "replies_count": 1, "retweets_count": 0, "hashtags": []}
{"id": 1103443731829661696, "date": "2019-03-06", "time": "18:54:21", "tweet": "Someone ever ask for your advice, but you don’t want to give your full input cause they’re the type that’ll blame you for their stupid actions?", "likes_count": 0, "replies_count": 0, "retweets_count": 0, "hashtags": []}
{"id": 1103443730835607557, "date": "2019-03-06", "time": "18:54:21", "tweet": "Money Cube - An APP which will help you get MONEY for free. Input my invite code ❤PI6HM❤ after installation, and you will get 1000 Clicks. Download link:  https://t.co/RwkFTMnv9k  https://t.co/GXiCCA0dk2", "likes_count": 0, "replies_count": 0, "retweets_count": 0, "hashtags": []}
{"id": 1103443650485223424, "date": "2019-03-06", "time": "18:54:01", "tweet": "@MartonRadkai @Emma4Change Members of Congress treat letters, emails, texts and calls equally seriously – as long as they're from their constituents. I can tell you that because I've talked to their staffs about it on numerous occasions. With any of the above, they'll tally your input.", "likes_count": 1, "replies_count": 1, "retweets_count": 0, "hashtags": []}
{"id": 1103443648346185728, "date": "2019-03-06", "time": "18:54:01", "tweet": "I still don't think we should spend money on freeways, but I could listen to the reasons why someone would want to.  But the data input is bad, the analysis is just  wrong, and the conclusions don't reflect what the data show.  2/3", "likes_count": 0, "replies_count": 1, "retweets_count": 0, "hashtags": []}
{"id": 1103443643724165120, "date": "2019-03-06", "time": "18:54:00", "tweet": "My aux jack got stuck in the input thing who tryna fix that for me or point me to a place that won’t charge a fuck ton for removing it", "likes_count": 0, "replies_count": 0, "retweets_count": 0, "hashtags": []}
{"id": 1103443642427953153, "date": "2019-03-06", "time": "18:54:00", "tweet": "@NaminaForna Care to input?", "likes_count": 0, "replies_count": 1, "retweets_count": 0, "hashtags": []}
{"id": 1103443633594875910, "date": "2019-03-06", "time": "18:53:57", "tweet": "sorting through how to rent a property for my second year of college is REALLY difficult when you have no idea what you’re doing and little input", "likes_count": 1, "replies_count": 0, "retweets_count": 0, "hashtags": []}
{"id": 1103443605522403329, "date": "2019-03-06", "time": "18:53:51", "tweet": "@LisaLaberry615 @TNDemocrats @NC5 @chrisconte When I give / serve thru the Church I do so voluntarily &amp; I have a say (in theory) how the resources are distributed. When the state takes my money it doles out funds without my input, many times with no oversight &amp; often to non deserving recipients.", "likes_count": 0, "replies_count": 1, "retweets_count": 0, "hashtags": []}
{"id": 1103443424664010752, "date": "2019-03-06", "time": "18:53:08", "tweet": "Yeah, this is a darn shame. A little bit of input lag is to be expected, but this is way too much. I might not keep this.", "likes_count": 0, "replies_count": 0, "retweets_count": 0, "hashtags": []}
{"id": 1103443291557617664, "date": "2019-03-06", "time": "18:52:36", "tweet": "@Rich_Harris Absolutely subjective. I use a standard US keyboard layout and \"proper\" keyboard fingering. I find Shift + Minus to input an underscore is uncomfortable and significantly more error prone than typing Shift and an alphabetical character.  https://t.co/Zn7SFW1DQS", "likes_count": 5, "replies_count": 3, "retweets_count": 0, "hashtags": []}
{"id": 1103443280501575681, "date": "2019-03-06", "time": "18:52:33", "tweet": "@IKEAUSA hey i ordered a 6x6 kallax and received a kullen; the customer service number isn't accepting input from my phone when i press \"3\" for \"other issue\". I'm exhausted, i ordered this almost a month ago, and I just want my fucking shelf.", "likes_count": 0, "replies_count": 1, "retweets_count": 0, "hashtags": []}
{"id": 1103443228215463938, "date": "2019-03-06", "time": "18:52:21", "tweet": "@GeekCavePodcast Ok, just saying, to preserve @darrinwright 's mind and to prevent his soul from collapsing, ya gotta limit that Wii shovelware input! I feel for ya man!", "likes_count": 1, "replies_count": 0, "retweets_count": 0, "hashtags": []}
{"id": 1103443194220630017, "date": "2019-03-06", "time": "18:52:13", "tweet": "SHARE YOUR OPINION!! Lakeland Vision, Inc. wants your input on your priorities for the future of Lakeland. Rank your priorities like... 🦢  Have well planned and managed growth.  🦢 Support a quality education for all students.  🦢 Have convenient...  https://t.co/V3fR4lwAN5", "likes_count": 0, "replies_count": 0, "retweets_count": 0, "hashtags": []}
{"id": 1103443166303215616, "date": "2019-03-06", "time": "18:52:06", "tweet": "@InPut_Bancho Arnoldだと別々のGeometryノードに入ってると重なり部分のボクセルが見えるっていうのはありました。ひとつにまとめてMergeするか最悪VDB Combineしてみるとか。", "likes_count": 1, "replies_count": 1, "retweets_count": 0, "hashtags": []}
