{"id": 1198390674233667584, "date": "2019-11-23", "time": "18:59:36", "tweet": "Xaviul gives the best/worst input on art: \"clearly, Lavi has the weird-ass claw hands, because they want to be a Lucid THAT BAD.\" True, horrible, and now canon!  https://t.co/pdRKVx43xK", "likes_count": 3, "replies_count": 0, "retweets_count": 0, "hashtags": []}
{"id": 1198390560287023104, "date": "2019-11-23", "time": "18:59:09", "tweet": "5/5 I have to watch him struggle in ways that are literally impeding on his health while passionately supporting candidates that offer him no hope let alone solutions. He's so convinced he's right and I'm just \"going through a communist phase\" so my input falls on deaf ears.", "likes_count": 0, "replies_count": 1, "retweets_count": 0, "hashtags": []}
{"id": 1198390533917462529, "date": "2019-11-23", "time": "18:59:02", "tweet": "It's almost like @foxsports tells it's sports personalities to slyly put in political input. I've seen that was the case for Marcellus Wiley, he was perfectly netrual on ESPN but when he's on Fox with that dimwit Jason Whitlock it seems he slips in some conservative politics.", "likes_count": 0, "replies_count": 1, "retweets_count": 0, "hashtags": []}
{"id": 1198390381815255040, "date": "2019-11-23", "time": "18:58:26", "tweet": "@Zfinix1 Kindly input a translator so they can understand the messages in the 3 prominent languages.", "likes_count": 1, "replies_count": 1, "retweets_count": 0, "hashtags": []}
{"id": 1198390299749339136, "date": "2019-11-23", "time": "18:58:07", "tweet": "@crisvokx @FlavMass @PeachyPeeps @IGN I’ve seen stadia and it’s not good but I’ve played on xcloud and there definitely isn’t as much input lag plus there isn’t so many loopholes for xcloud", "likes_count": 0, "replies_count": 2, "retweets_count": 0, "hashtags": []}
{"id": 1198390165531774981, "date": "2019-11-23", "time": "18:57:35", "tweet": "@robjeffecology @Kunarian @RealWitan @ShippersUnbound I'd rather hack my left bollock off than vote for Labour, but thanks for your input.", "likes_count": 0, "replies_count": 1, "retweets_count": 0, "hashtags": []}
{"id": 1198390026297413632, "date": "2019-11-23", "time": "18:57:01", "tweet": "I have a friend who is putting together a #vegancookbook specifically designed for people with allergies/food sensitivities. Would you be so kind as to take this brief, anonymous survey to give him some input?   https://t.co/RkqeDZyls4", "likes_count": 7, "replies_count": 3, "retweets_count": 3, "hashtags": ["vegancookbook"]}
{"id": 1198389833221263361, "date": "2019-11-23", "time": "18:56:15", "tweet": "@stanukiss2k19 Dude, I know. It's ridiculous. I seriously for the longest time thought it was about that Dirty Vibe mv by skrillex or something, but I can't say how much input he had in that MV???", "likes_count": 2, "replies_count": 0, "retweets_count": 0, "hashtags": []}
{"id": 1198389563569238017, "date": "2019-11-23", "time": "18:55:11", "tweet": "Once again: \"Sick Day\" fell prey to an unpredictable error that required digits instead of text input! If you were one of the first seven reviewers, please DM or email your feedback for this story! The writer must not be victimized by technology. #Cocktober19", "likes_count": 0, "replies_count": 0, "retweets_count": 0, "hashtags": ["cocktober19"]}
{"id": 1198389406551269376, "date": "2019-11-23", "time": "18:54:34", "tweet": "@lynchbet @johnwynneboy @cotchinsoda @Racing_Away Absolutely. Very positive input from yourself and @dwyerbookmaking re crowd, course setup and betting turnover.", "likes_count": 0, "replies_count": 0, "retweets_count": 0, "hashtags": []}
{"id": 1198389355250892806, "date": "2019-11-23", "time": "18:54:21", "tweet": "Please send me your input on the site.", "likes_count": 0, "replies_count": 0, "retweets_count": 0, "hashtags": []}
{"id": 1198389314016681985, "date": "2019-11-23", "time": "18:54:12", "tweet": "Big thank you to everyone who voted. This really gave me some much needed input. More to come!", "likes_count": 1, "replies_count": 0, "retweets_count": 0, "hashtags": []}
{"id": 1198389298162089984, "date": "2019-11-23", "time": "18:54:08", "tweet": "I spent 15 mins trying to input my answer 0.0961 to 2 decimal places for it to tell me it's 0.09 and not 0.10 🤡🤡", "likes_count": 1, "replies_count": 0, "retweets_count": 0, "hashtags": []}
{"id": 1198389291413454848, "date": "2019-11-23", "time": "18:54:06", "tweet": "@sussexcsquad @byEmilyAndrews Thanks for your input Meghan", "likes_count": 0, "replies_count": 0, "retweets_count": 0, "hashtags": []}
{"id": 1198389226070532099, "date": "2019-11-23", "time": "18:53:51", "tweet": "@aidanreynolds29 @AEHALL1983 @jeremycorbyn Social Credit economics advocate, it advocates balancing unit production input value with prices instead of full employment and economic growth.", "likes_count": 0, "replies_count": 1, "retweets_count": 0, "hashtags": []}
{"id": 1198389147406393344, "date": "2019-11-23", "time": "18:53:32", "tweet": "@girlyGRRRL Genuinely curious, when has Gabbard taken a strong stance against Putin? I just did some looking and couldn't find anything. Not saying it isn't there, but since you mentioned it, you obviously know. Thanks!", "likes_count": 1, "replies_count": 1, "retweets_count": 0, "hashtags": []}
{"id": 1198389111306031104, "date": "2019-11-23", "time": "18:53:23", "tweet": "You know what, I’ll pick my own password but thanks for the input  https://t.co/TJikdpIm8Z", "likes_count": 2, "replies_count": 0, "retweets_count": 0, "hashtags": []}
{"id": 1198389066095423488, "date": "2019-11-23", "time": "18:53:13", "tweet": "input-output-hk / js-chain-libs: chain-libs javascript SDK ★10  https://t.co/sjgmcAyBqi", "likes_count": 2, "replies_count": 0, "retweets_count": 1, "hashtags": []}
{"id": 1198388912068202497, "date": "2019-11-23", "time": "18:52:36", "tweet": "@haru_bebe_ I've had wh as a background pic quite a few times, he's been very convincing in that way 😂 and this one is very similar to one of Hyungwon that I had 🤔  Thanks for your input, I'll see if I change it cause I feel like I might get distracted and just stare at his face 👀😅", "likes_count": 1, "replies_count": 0, "retweets_count": 0, "hashtags": []}
{"id": 1198388640801574913, "date": "2019-11-23", "time": "18:51:31", "tweet": "@4evaAdos @T_Hallthe1st @FreeGameGriff We already figured it out, it’s like the strange things about the Johnson’s but thanks for your input.", "likes_count": 0, "replies_count": 0, "retweets_count": 0, "hashtags": []}
{"id": 1198388209022976000, "date": "2019-11-23", "time": "18:49:48", "tweet": "@Roleplayers_TV Tiny window unit 4a small space is $125 or so you're looking at at least twice that for a portable unit, which will need venting and won't do nearly as good a job for the same input power/cost to operate. RU in a really short-term rental where you expect 2 recover damage deposit?", "likes_count": 0, "replies_count": 0, "retweets_count": 0, "hashtags": []}
{"id": 1198388170070446080, "date": "2019-11-23", "time": "18:49:39", "tweet": "@WWENetwork I’d like to see a feature on streaming devices such as my PS4 where I can go to a website and activate a device with a key code instead of having to input my super long email address and password. Hulu does it. Just a suggestion.", "likes_count": 0, "replies_count": 0, "retweets_count": 0, "hashtags": []}
{"id": 1198388022246555648, "date": "2019-11-23", "time": "18:49:04", "tweet": "@DocStrange_1 @KGreenMD @healthydriven @EEHealth_CEO That’s a shame. Not surprising tho. I’d love to see the conversation where they made that decision with physician input....lol", "likes_count": 2, "replies_count": 1, "retweets_count": 0, "hashtags": []}
{"id": 1198387909625147392, "date": "2019-11-23", "time": "18:48:37", "tweet": "@RokuPlayer  Ever since the last update I am having an issue with my roku tv not accepting input from my DVD player.", "likes_count": 0, "replies_count": 0, "retweets_count": 0, "hashtags": []}
{"id": 1198387779094360064, "date": "2019-11-23", "time": "18:48:06", "tweet": "@rustKuranes Thanks for the input pal :)", "likes_count": 0, "replies_count": 0, "retweets_count": 0, "hashtags": []}
{"id": 1198387756503883776, "date": "2019-11-23", "time": "18:48:00", "tweet": "@MannerIan Hi Mahoni, Thanks for your tweet. You would need to input your full credit card number in the recipient reference field. I hope this helps. Thanks, AH", "likes_count": 0, "replies_count": 1, "retweets_count": 0, "hashtags": []}
{"id": 1198387657828708352, "date": "2019-11-23", "time": "18:47:37", "tweet": "@cnn @maddow @washingtonpost. Not only are the #autopsy findings very atypical, so are the circumstances surrounding his #death. I am not convinced this is a suicide @RollingStone had my input too", "likes_count": 0, "replies_count": 0, "retweets_count": 0, "hashtags": ["autopsy", "death"]}
{"id": 1198387617223651334, "date": "2019-11-23", "time": "18:47:27", "tweet": "@SpadesEnder People thinking Team Yell was ever supposed to be an evil team really need to stop giving input on them.", "likes_count": 3, "replies_count": 0, "retweets_count": 0, "hashtags": []}
{"id": 1198387469701537793, "date": "2019-11-23", "time": "18:46:52", "tweet": "@politi_geek @superincro @McCollumAshley @Lis_Smith @PeteButtigieg Don't get me started on liars when he lied about listing 400 black people endorsing his Black investment plan. Many of them didn't know about, one of them is Bernie's co-chair, the plan had no black input, and half of the list wasn't even black.   https://t.co/yDSEsZHLBs", "likes_count": 0, "replies_count": 1, "retweets_count": 0, "hashtags": []}
{"id": 1198387420422492166, "date": "2019-11-23", "time": "18:46:40", "tweet": "Could not place the document because the current document has an input-only color profile.  Thanks, Adobe.  Maybe it would be nice if your error messages actually told me what action I need to take, instead of some obscure error that I have to Google and parse a dozen forums.", "likes_count": 0, "replies_count": 0, "retweets_count": 0, "hashtags": []}
{"id": 1198387300172017664, "date": "2019-11-23", "time": "18:46:11", "tweet": "@djsales31 Thanks for the input numbnuts.", "likes_count": 2, "replies_count": 1, "retweets_count": 0, "hashtags": []}
{"id": 1198387288029437955, "date": "2019-11-23", "time": "18:46:09", "tweet": "Any time I input a rating on IMDb my brain turns into YMS. I'm giving this onnnnne a sevennnnn out of tennnn I hesitate to give it an eight but it's closer to an eight than a sssiixxxxxx.", "likes_count": 0, "replies_count": 0, "retweets_count": 0, "hashtags": []}
{"id": 1198386913566248960, "date": "2019-11-23", "time": "18:44:39", "tweet": "I’m showing up the day before thanksgiving I have like no proper input for anything we’re making  I just refuse to clean the turkey and that’s my only real opinion", "likes_count": 0, "replies_count": 0, "retweets_count": 0, "hashtags": []}
{"id": 1198386761895989248, "date": "2019-11-23", "time": "18:44:03", "tweet": "Uhhh, Firefox Nightly on Linux has for the past day only responded to mouse input in a smallish square in the very top-left of the window. Help?", "likes_count": 3, "replies_count": 2, "retweets_count": 0, "hashtags": []}
{"id": 1198386701837582336, "date": "2019-11-23", "time": "18:43:49", "tweet": "Interesting review of #psychiatry #mhealth. #Apps w/ 500k+ downloads were developed with #clinician input. More downloads w/ lower price &amp; IAPs. Indicates price &amp; clinical credibility are important, but may also be funding. Google store only.   https://t.co/0bwSlxJmty @jmirpub", "likes_count": 7, "replies_count": 0, "retweets_count": 7, "hashtags": ["psychiatry", "mhealth", "apps", "clinician"]}
{"id": 1198386565304725504, "date": "2019-11-23", "time": "18:43:16", "tweet": "@crybabyKAIJU thank you for your input", "likes_count": 0, "replies_count": 0, "retweets_count": 0, "hashtags": []}
{"id": 1198386234512564225, "date": "2019-11-23", "time": "18:41:57", "tweet": "@matt_t_davis Shows Scotlands input to UK Treasury versus Scots Government budget. Scot Gov budget is always conveyed as a subsidy from the Union and not merely a share of what we contribute.", "likes_count": 0, "replies_count": 0, "retweets_count": 0, "hashtags": []}
{"id": 1198386044556562432, "date": "2019-11-23", "time": "18:41:12", "tweet": "@aander1987 @BethDarnall It probably is. But in my opinion if we don't acknowledge that the brain has input into persistent pain syndromes, it leaves patients assuming it is a peripheral cause (some sort of tissue/damage).", "likes_count": 2, "replies_count": 2, "retweets_count": 0, "hashtags": []}
{"id": 1198385953427148802, "date": "2019-11-23", "time": "18:40:50", "tweet": "@Cavs_Corner Makes perfect sense. Thanks for the input!", "likes_count": 1, "replies_count": 0, "retweets_count": 0, "hashtags": []}
{"id": 1198385665324523520, "date": "2019-11-23", "time": "18:39:42", "tweet": "@kelcystryker Ooh good one... I appreciate your input", "likes_count": 1, "replies_count": 0, "retweets_count": 0, "hashtags": []}
{"id": 1198385366694277120, "date": "2019-11-23", "time": "18:38:31", "tweet": "Also to the nice worker I appreciate your candle input ...but like i’m a candle expert I know the good brands and types back off", "likes_count": 1, "replies_count": 0, "retweets_count": 0, "hashtags": []}
{"id": 1198385304740270080, "date": "2019-11-23", "time": "18:38:16", "tweet": "Ya canjee mi M21 por loguearme hoy! Puede ser que todavía haya un poco de input Lag con el mando en COD Mobile? Estoy usando uno de PS4  https://t.co/CEZ2dv8CAn", "likes_count": 5, "replies_count": 0, "retweets_count": 0, "hashtags": []}
{"id": 1198385244610715649, "date": "2019-11-23", "time": "18:38:01", "tweet": "@GaelVaroquaux @glemaitre58 @AllenDowney @TedPetrou Why should users of sklearn not use the simple imputer for other things, such as kmeans clustering or ICA for exploration or logistic regression for inference of relevant input variables?", "likes_count": 0, "replies_count": 1, "retweets_count": 0, "hashtags": []}
{"id": 1198384960660393985, "date": "2019-11-23", "time": "18:36:54", "tweet": "Try BigCash: The Highest Paying Reward App ever! Make money quickly by downloading apps and games.The Best part is you can Exchange 2500 Points for $15 Paypal Cash or Amazon, GooglePlay, iTunes or Other Gift Cards. Please Input My Invitation Code q4vc1bea after installation...", "likes_count": 0, "replies_count": 0, "retweets_count": 0, "hashtags": []}
{"id": 1198384856805326849, "date": "2019-11-23", "time": "18:36:29", "tweet": "@MaxiSnm @rabiaysustancia Iba a decir que porque es negro pero bueno interesante tu input", "likes_count": 1, "replies_count": 1, "retweets_count": 0, "hashtags": []}
{"id": 1198384846608842752, "date": "2019-11-23", "time": "18:36:27", "tweet": "Oh yeah, we also put up my webcam feedback demo for a minute and became Godzilla-sized. The A/V crew will fix the video input lag for next time 🤓  https://t.co/oajJQbuzjZ", "likes_count": 40, "replies_count": 3, "retweets_count": 3, "hashtags": []}
{"id": 1198384782171934721, "date": "2019-11-23", "time": "18:36:11", "tweet": "@semphisss @PTR_tvCSGO input lag free??? @geechi00 @khaosbob", "likes_count": 2, "replies_count": 1, "retweets_count": 0, "hashtags": []}
{"id": 1198384647765405696, "date": "2019-11-23", "time": "18:35:39", "tweet": "@DrJenGunter The black mules. Trust me. My wife gets my input on all her outfits. It's how I still justify four years of college art classes.", "likes_count": 0, "replies_count": 0, "retweets_count": 0, "hashtags": []}
{"id": 1198384533793587205, "date": "2019-11-23", "time": "18:35:12", "tweet": "#GoogleStadia runs like a dream playing #Destiny2. I've got a wired connection with 200+download speeds. It feels like I'm playing on an actual console, no input lag and no other issues to report, very impressed. Haters gonna hate. #stadiafounder #cloudgaming #destinynoob  https://t.co/u7DxD6GLwG", "likes_count": 2, "replies_count": 0, "retweets_count": 0, "hashtags": ["googlestadia", "destiny2", "stadiafounder", "cloudgaming", "destinynoob"]}
{"id": 1198384335944134657, "date": "2019-11-23", "time": "18:34:25", "tweet": "Happy Scratch have fun. What are you waiting for? Download it, input the refer code FB1T9 to get reward.  https://t.co/qGS4bFo1r3", "likes_count": 0, "replies_count": 0, "retweets_count": 0, "hashtags": []}
{"id": 1198384243728097280, "date": "2019-11-23", "time": "18:34:03", "tweet": "I started adding accessibility features for #GunFencer  The shot and the sword can now be used automatically, with a toggle to switch them on and off. The video shows the input differences between the default settings and the new one. #screenshotsaturday #gamedev #shmup  https://t.co/7Khmku5ZYY", "likes_count": 30, "replies_count": 1, "retweets_count": 12, "hashtags": ["gunfencer", "screenshotsaturday", "gamedev", "shmup"]}
{"id": 1198384214669955073, "date": "2019-11-23", "time": "18:33:56", "tweet": "@MoMontG @CHIMPSINSOCKS Thank-you for your input Mo!", "likes_count": 0, "replies_count": 0, "retweets_count": 0, "hashtags": []}
{"id": 1198383642977984519, "date": "2019-11-23", "time": "18:31:40", "tweet": "@ashtonisVULCAN  Hey,pls make the game run in exclusive fullscreen, normal fullscreen causes input lag.", "likes_count": 1, "replies_count": 0, "retweets_count": 0, "hashtags": []}
{"id": 1198383615475765250, "date": "2019-11-23", "time": "18:31:33", "tweet": "@KingBristal My input would be that there aren't many types of fish we recommend that you put in a 5.5 gallon, at least not responsibly.", "likes_count": 1, "replies_count": 0, "retweets_count": 0, "hashtags": []}
{"id": 1198383507074142208, "date": "2019-11-23", "time": "18:31:07", "tweet": "@ToolboxProApp Possible to use natural language to create new calendar events or required each parameter to be input manually? Also possible for a copy calendar events to another calendar action? ☺️", "likes_count": 0, "replies_count": 1, "retweets_count": 0, "hashtags": []}
{"id": 1198383453089226753, "date": "2019-11-23", "time": "18:30:54", "tweet": "@AchievementHunt @_TrevorC kudos on Death Snail, my only input would be to somehow implement the zombie mechanic except increase the health but lower the damage output per new zombie created somehow. but otherwise, very satisfying content, lol", "likes_count": 0, "replies_count": 0, "retweets_count": 0, "hashtags": []}
{"id": 1198383406205349888, "date": "2019-11-23", "time": "18:30:43", "tweet": "@JestSomeGuy @Iknowverything Oh, I see what she meant. I thought she was saying men’s urge to prolong or delay orgasm was physiological. Thank you for your input and yes, it is definitely physisiogical. And porn helps perpetrate that...", "likes_count": 1, "replies_count": 1, "retweets_count": 0, "hashtags": []}
{"id": 1198383359027793920, "date": "2019-11-23", "time": "18:30:32", "tweet": "My input on the Anita thing is if you don't agree with her you can scroll on by. Like I don't always agree with representation critique on here,but as long as they aren't @-ing me directly i will just ignore it", "likes_count": 2, "replies_count": 1, "retweets_count": 0, "hashtags": []}
{"id": 1198383263309598721, "date": "2019-11-23", "time": "18:30:09", "tweet": "Prepping all the pins. Insert pin in slot, use small tool to push all the way in, rinse, repeat. Only 10 of the 13 pins populated. Missing 12V, Audio Input &amp; an extra ground  https://t.co/efyHUoy9bm", "likes_count": 7, "replies_count": 3, "retweets_count": 2, "hashtags": []}
{"id": 1198383231495819264, "date": "2019-11-23", "time": "18:30:01", "tweet": "Bullshit sham elections here in the UK at the moment. Here's our input✌️☠️✊☮️🎸Listen to DOGGOMUZIK  ------ Monochrome by D O G G O M U Z I K on #SoundCloud  https://t.co/KKFoLUqLMT", "likes_count": 3, "replies_count": 0, "retweets_count": 2, "hashtags": ["soundcloud"]}
{"id": 1198383140391342080, "date": "2019-11-23", "time": "18:29:40", "tweet": "Euro trippin for the next 10 days. Amsterdam, Lille, Paris, and Brussels. Any input on cool stuff to do is appreciated! 🤙🏼🤙🏼", "likes_count": 11, "replies_count": 3, "retweets_count": 0, "hashtags": []}
{"id": 1198383089468289025, "date": "2019-11-23", "time": "18:29:28", "tweet": "@MattTheRake Wildcat is 🚮🚮🚮   Thanks for your input. ✌", "likes_count": 0, "replies_count": 1, "retweets_count": 0, "hashtags": []}
{"id": 1198383041732890630, "date": "2019-11-23", "time": "18:29:16", "tweet": "@RepStefanik Thanks for your spirited and fact based input during the impeachment inquiry circus but is it true that you voted against Trump supported policies 76% of the time?", "likes_count": 0, "replies_count": 0, "retweets_count": 0, "hashtags": []}
{"id": 1198382967124611074, "date": "2019-11-23", "time": "18:28:58", "tweet": "Finally played my first matches of 5SP, the flow of the game is nice but there's a lot of input timing to get used to and my character is weird af. Radical learning experience all around.", "likes_count": 4, "replies_count": 0, "retweets_count": 0, "hashtags": []}
{"id": 1198382933838573569, "date": "2019-11-23", "time": "18:28:50", "tweet": "Thanks Eric. You all had some amazing input. So, glad I was able to learn from you all! JR.", "likes_count": 0, "replies_count": 0, "retweets_count": 0, "hashtags": []}
{"id": 1198382879002234880, "date": "2019-11-23", "time": "18:28:37", "tweet": "STF4.151: When test cases are designed from a state transition tree you should test for the response to ‘wrong’ input, an error message produced from wrong input isn’t the same as a fault in the program code of the software. #softwaretesting  #paulacheampong.com", "likes_count": 0, "replies_count": 0, "retweets_count": 0, "hashtags": ["softwaretesting", "paulacheampong"]}
{"id": 1198382778846523394, "date": "2019-11-23", "time": "18:28:14", "tweet": "@_scanlines @JikissGamer They consider Half Life 3 so daunting to do that it's clear they'd have to do something to shatter expectations. We know they are working on BCI input. That could be what they need in conjunction with VR to take the leap to HL3. They know they won't do well going backwards.", "likes_count": 0, "replies_count": 2, "retweets_count": 0, "hashtags": []}
{"id": 1198382777193947139, "date": "2019-11-23", "time": "18:28:13", "tweet": "@JennyTPgrows Yes, and now he’s tagged on this thread. Looking forward to his input 😐", "likes_count": 4, "replies_count": 2, "retweets_count": 0, "hashtags": []}
{"id": 1198382698433261568, "date": "2019-11-23", "time": "18:27:54", "tweet": "@TonyDanielx2 @gothamtweets @DannyMiki_ @JamesTheFourth I hope you have some input on how Selina’s written, Tony. I know you love her and I trust you implicitly", "likes_count": 3, "replies_count": 0, "retweets_count": 0, "hashtags": []}
{"id": 1198382628338110465, "date": "2019-11-23", "time": "18:27:38", "tweet": "@TheTeamForwood Its was no problem at all man i like your input on the show.", "likes_count": 1, "replies_count": 0, "retweets_count": 0, "hashtags": []}
{"id": 1198382586176786432, "date": "2019-11-23", "time": "18:27:28", "tweet": "Embracing impending old age with my grocery trolley.  I can walk to the grocery store but walking back with a load was beyond me.   My daughter also gave the input labels for the tv sensible names instead of hdmi1…  https://t.co/QcLfA1cPLR", "likes_count": 0, "replies_count": 0, "retweets_count": 0, "hashtags": []}
{"id": 1198382331746119680, "date": "2019-11-23", "time": "18:26:27", "tweet": "@Neokitty69 @UndercoverIndi Cool! Thanks for all the input. I'm digging the black.  https://t.co/zoB71Oqc04", "likes_count": 3, "replies_count": 3, "retweets_count": 1, "hashtags": []}
{"id": 1198382252436135940, "date": "2019-11-23", "time": "18:26:08", "tweet": "@loiane Ola Loiane! To assistindo sua liçao de input customizado vou acabar e tentar com select e vou criar conta no stackblitz e te passo onde cheguei! Brigaduuu!!!", "likes_count": 0, "replies_count": 1, "retweets_count": 0, "hashtags": []}
{"id": 1198382186006798336, "date": "2019-11-23", "time": "18:25:52", "tweet": "@ChrisHawkinsUK the third input here makes an assumption that doesn't hold for me #swot", "likes_count": 0, "replies_count": 0, "retweets_count": 0, "hashtags": ["swot"]}
{"id": 1198381910801518593, "date": "2019-11-23", "time": "18:24:47", "tweet": "@virtuekth thank you for the input. i will.", "likes_count": 0, "replies_count": 0, "retweets_count": 0, "hashtags": []}
{"id": 1198381893726674945, "date": "2019-11-23", "time": "18:24:42", "tweet": "@Virtual_Drifter @mikecloppert @killchain Use a couple of the free resources in the blog I linked you - find a sub field of security you find interesting like network monitoring, and do it on that. In Houston I would suggest HouSecCon as a good conference as well. There network with folks and seek input", "likes_count": 1, "replies_count": 1, "retweets_count": 0, "hashtags": []}
{"id": 1198381532697808896, "date": "2019-11-23", "time": "18:23:16", "tweet": "@SuellaBraverman @Conservatives So what have you done to get better mental health services? I’m the GP lead for mental health commissioning for your constituency. Not aware of your input. At all.", "likes_count": 12, "replies_count": 2, "retweets_count": 3, "hashtags": []}
{"id": 1198381390087278597, "date": "2019-11-23", "time": "18:22:42", "tweet": "@Mainrushun Thank you for your input, Lara.", "likes_count": 2, "replies_count": 1, "retweets_count": 0, "hashtags": []}
{"id": 1198381376816533505, "date": "2019-11-23", "time": "18:22:39", "tweet": "@Donkerwoud @EIsitman Bedankt voor de input. Ik zal 'm proberen toe te voegen @Donkerwoud &lt;3", "likes_count": 1, "replies_count": 1, "retweets_count": 0, "hashtags": []}
{"id": 1198381368214007808, "date": "2019-11-23", "time": "18:22:37", "tweet": "@mlawelshgirl Was being sarcastic...but if Simon Cowell has any input...hope I'm wring", "likes_count": 0, "replies_count": 1, "retweets_count": 0, "hashtags": []}
{"id": 1198381274286694401, "date": "2019-11-23", "time": "18:22:15", "tweet": "@AceMarzh @ActRegion_ @SawVexeh @OxygenTehz @Paarishh Thanks for your input", "likes_count": 0, "replies_count": 1, "retweets_count": 0, "hashtags": []}
{"id": 1198381240950435840, "date": "2019-11-23", "time": "18:22:07", "tweet": "@Ciinnccoo_5 shutup. lmao nobody asked you for your input", "likes_count": 1, "replies_count": 1, "retweets_count": 0, "hashtags": []}
{"id": 1198381225825705984, "date": "2019-11-23", "time": "18:22:03", "tweet": "var f= ()=&gt; {    if (i&lt;l.length) {     l[i].click();     ++i;     setTimeout(f,200);   } };  Defines a lambda function that will, if counter less than the collection length, click the current input item, increment the counter, and start another timer to run the lambda in 200 ms.", "likes_count": 1, "replies_count": 1, "retweets_count": 0, "hashtags": []}
{"id": 1198381223762112512, "date": "2019-11-23", "time": "18:22:03", "tweet": "var l = $$('input[type=\"checkbox\"][checked=\"\"]');  Gets a collection of input elements on the page that have the attributes type=\"checkbox\" and checked=\"\".", "likes_count": 1, "replies_count": 1, "retweets_count": 0, "hashtags": []}
{"id": 1198381197711290369, "date": "2019-11-23", "time": "18:21:57", "tweet": "My new blog post centers on FOIA and the value of choosing knowledge partners who fit our comfort zones.  This is in response to a @Lithub article for which the author interviewed me but quoted from others, instead.  My input included in upload to my blog.  https://t.co/vgA287Fz0E", "likes_count": 1, "replies_count": 1, "retweets_count": 0, "hashtags": []}
{"id": 1198381162093301760, "date": "2019-11-23", "time": "18:21:48", "tweet": "@RLewisReports Loving you on Rajj Royale, It's nice to have a level head with strong input on the show.", "likes_count": 0, "replies_count": 0, "retweets_count": 0, "hashtags": []}
{"id": 1198381030807396357, "date": "2019-11-23", "time": "18:21:17", "tweet": "@CubaMendez2 @AngelaG75892948 @NickFlaks I know what I said. Thanks for the input though.", "likes_count": 0, "replies_count": 0, "retweets_count": 0, "hashtags": []}
{"id": 1198380541910933504, "date": "2019-11-23", "time": "18:19:20", "tweet": "@segunolalive @Media also, pointer and hover only check the *primary* input (which browser/OS decide). you can still have multi-input devices (touchscreen laptop but primary is mouse; tablet with mouse but primary is touchscreen). so don’t assume primary is the only input your users will use", "likes_count": 1, "replies_count": 0, "retweets_count": 0, "hashtags": []}
{"id": 1198380430459899905, "date": "2019-11-23", "time": "18:18:54", "tweet": "@SenatorCollins did the same shady stunt for the tax bill: instead of listening to highly reputable economists she found some and distorted their findings to justify her vote for a tax bill that was prepared in haste, had no markups, had direct input from lobbyists...", "likes_count": 2, "replies_count": 1, "retweets_count": 2, "hashtags": []}
{"id": 1198380412151582720, "date": "2019-11-23", "time": "18:18:49", "tweet": "@brookevitti @Potato_Chip @HowellJollyBody @londyloo @arghavan_salles @WrayCharles @FutureDocs @tony_breu @aoglasser @laxswamy @RanaAwdish @MDaware @ShreyaTrivediMD @medpedshosp @EileenBarrettNM @AllisonRBond @ChrisMoriates @GutGirlMD @abbyCCim @HeartOTXHeartMD @TomVargheseJr @GilmerHealthLaw @mattbc @AG_EM33 V interesting. In CV (in my experience) it's all measured in urine and weight checks, in conjunction with echos. I've certainly heard of measuring input pre-tx tho", "likes_count": 3, "replies_count": 0, "retweets_count": 0, "hashtags": []}
{"id": 1198380402806837248, "date": "2019-11-23", "time": "18:18:47", "tweet": "@Punderstruck incorrect . every input is good and helpful sjgsdgfd thank u ❣️", "likes_count": 1, "replies_count": 0, "retweets_count": 0, "hashtags": []}
{"id": 1198380120328683520, "date": "2019-11-23", "time": "18:17:40", "tweet": "@streetbijj @streetbijj We do sincerely apologize for the inconvenience. We'll have this noted. It will be considered as a vital input to implement measures for improvement. Thank you.", "likes_count": 0, "replies_count": 0, "retweets_count": 0, "hashtags": []}
{"id": 1198380093636132865, "date": "2019-11-23", "time": "18:17:33", "tweet": "@AaronRudroff @yesnicksearcy @Yale You just proved Nick's point. \"Negative liberty\" is a convoluted phrase dreamed up by RETROgressives to fool people into believing that the Founding was BAD, BAD, BAD. But, all it means is WE THE PEOPLE are FREE to pursue LIFE, LIBERTY, and HAPPINESS without RETROgressive input.", "likes_count": 0, "replies_count": 1, "retweets_count": 0, "hashtags": []}
{"id": 1198380075537850369, "date": "2019-11-23", "time": "18:17:29", "tweet": "@AlternatedSam @poetic_gawdess @AChyncia @MeekMill You’re literally still missing the whole point....do you know what a double standard is ? I would assume you do, but it’s evident that you don’t due to your input on the situation . Poor thing 🥺", "likes_count": 0, "replies_count": 0, "retweets_count": 0, "hashtags": []}
{"id": 1198380012828864512, "date": "2019-11-23", "time": "18:17:14", "tweet": "@Punderstruck excellent thank u for this input sparkling grape and apple juice both slap", "likes_count": 0, "replies_count": 1, "retweets_count": 0, "hashtags": []}
{"id": 1198379913583243265, "date": "2019-11-23", "time": "18:16:50", "tweet": "@jonco99 @Liverpool_CFA If only the FA had more input into leagues to avoid having top tier teams that don't know how to condition children against children that have only been playing 1 season or 2 at U12 age group. FA really need to look into this, either internally or externally!!", "likes_count": 0, "replies_count": 0, "retweets_count": 0, "hashtags": []}
{"id": 1198379848495878144, "date": "2019-11-23", "time": "18:16:35", "tweet": "This Founder finally got her @GoogleStadia Founder's pack.  After one afternoon I can say, the setup was one of the best setup experiences I've ever had.  My only game, Destiny 2, looks great, and the input lag is real but just shy of game-ruining.", "likes_count": 2, "replies_count": 2, "retweets_count": 0, "hashtags": []}
{"id": 1198379770234494976, "date": "2019-11-23", "time": "18:16:16", "tweet": "If you're on PC, you can use this in browser console to uncheck all of them:  var l=$$('input[type=\"checkbox\"][checked=\"\"]');var i=0;var f=()=&gt;{if(i&lt;l.length){l[i].click();++i;setTimeout(f,200);}};f();  Only ran on Firefox, but I think it'll work in Chrome too.", "likes_count": 9, "replies_count": 2, "retweets_count": 6, "hashtags": []}
{"id": 1198379486112206848, "date": "2019-11-23", "time": "18:15:08", "tweet": "@zerowondering Ultimate doesn’t reward my “playstyle” the way melee, central fiction, and street fighter do. The wack combo system with input lag is my greatest weakness. It feels all mental, which is fine, but not my style. Its unappealing in every way to me. The others I’ve been able to enjoy", "likes_count": 1, "replies_count": 0, "retweets_count": 0, "hashtags": []}
{"id": 1198379469767098368, "date": "2019-11-23", "time": "18:15:05", "tweet": "My top 5: Input, Ideation, Connectedness, Relator, Learner. Get yours at  https://t.co/VwdXrHot6E #CliftonStrengths", "likes_count": 0, "replies_count": 0, "retweets_count": 0, "hashtags": ["cliftonstrengths"]}
