{"id": 1107793684400140288, "date": "2019-03-18", "time": "19:59:30", "tweet": "Four. They were able to write a lot more and have more input in the music. I remember them saying they couldnt put their creativity in it but in four they could (not sure tho) so i guess thats why i like it better", "likes_count": 0, "replies_count": 0, "retweets_count": 0, "hashtags": []}
{"id": 1107793584625860608, "date": "2019-03-18", "time": "19:59:07", "tweet": "article comparing some early tablet input devices.  https://t.co/JQ6B6kFTP9", "likes_count": 9, "replies_count": 2, "retweets_count": 1, "hashtags": []}
{"id": 1107793576363261952, "date": "2019-03-18", "time": "19:59:05", "tweet": "@CrikMaster @Tomato_Gaming Hey, what are you using to play local co-op games online with tomato? is there much input lag on tomato's side?  also love the streams! :)", "likes_count": 0, "replies_count": 1, "retweets_count": 0, "hashtags": []}
{"id": 1107793442644656128, "date": "2019-03-18", "time": "19:58:33", "tweet": "But who asked for your input?", "likes_count": 1, "replies_count": 0, "retweets_count": 0, "hashtags": []}
{"id": 1107793440631386112, "date": "2019-03-18", "time": "19:58:32", "tweet": "@GaryD02309017 @SavageGrandma2 @mosettastone @amazonnews @AmazonFCDesiree @AmazonFCCindi @AmazonFCCarol Or truth.  Depending on your perspective.  P.S. I've enjoy your input.", "likes_count": 1, "replies_count": 0, "retweets_count": 0, "hashtags": []}
{"id": 1107793350403465219, "date": "2019-03-18", "time": "19:58:11", "tweet": "@jewischer1980 @First_Dog_USA @BetoORourke Bella’s mom here, Bella is bilingual actually; she understands both English and Spanish and she can’t spot a good person when she sees one, unlike a lot of people!...so I it would be a NO for Trump but thanks for your input!", "likes_count": 2, "replies_count": 2, "retweets_count": 0, "hashtags": []}
{"id": 1107793332607115265, "date": "2019-03-18", "time": "19:58:06", "tweet": "Day #77 // Project: Lady Legacy — Draft #3 Revision  Starting WC: 45,752 Ending WC: 46,070  Input: 80 minutes  Output: Revised all of Chapter 25, though I'll give it a quick review tomorrow before moving on. (Also, I had my days off count again. *sigh*)", "likes_count": 4, "replies_count": 1, "retweets_count": 0, "hashtags": []}
{"id": 1107793241951346688, "date": "2019-03-18", "time": "19:57:45", "tweet": "Go to  https://t.co/eukvZOXVWg on your iPhone/iPod Safari, input my code f28281395.  https://t.co/Wkb3zKfm1C", "likes_count": 0, "replies_count": 0, "retweets_count": 0, "hashtags": []}
{"id": 1107793165715529728, "date": "2019-03-18", "time": "19:57:27", "tweet": "fill up the form at  https://t.co/eBH48jIhbR  *when filling up the ‘order/s’ area, put “rs cushion” as the item code. :) **pls input “INTERESTED” in the ‘message/s’ area in the form.   thank you! ❤️", "likes_count": 0, "replies_count": 0, "retweets_count": 0, "hashtags": []}
{"id": 1107793112192163849, "date": "2019-03-18", "time": "19:57:14", "tweet": "@Simplytarantino 100%! Thanks for the input", "likes_count": 1, "replies_count": 1, "retweets_count": 0, "hashtags": []}
{"id": 1107793066868510720, "date": "2019-03-18", "time": "19:57:03", "tweet": "Huge shout out to @ShanaOldner for letting us use your input/output machines!! We had so much fun with these!! #4thgradeMath #blendedlearning  https://t.co/WlLVja35xl", "likes_count": 7, "replies_count": 0, "retweets_count": 0, "hashtags": ["4thgrademath", "blendedlearning"]}
{"id": 1107792983460581378, "date": "2019-03-18", "time": "19:56:43", "tweet": "@arp22494 honestly??? Input at this point is lookin a little iffy but  https://t.co/aQAAyH6SbG", "likes_count": 0, "replies_count": 0, "retweets_count": 0, "hashtags": []}
{"id": 1107792918683836418, "date": "2019-03-18", "time": "19:56:28", "tweet": "NEED INPUT: Next month I'm giving presentations about life in J-School &amp; photojournalism to Illinois high school students who are interested in journalism.  What do you wish you knew in HS about journalism now that I should talk about? Please respond, DM, make this a thread, etc!", "likes_count": 6, "replies_count": 4, "retweets_count": 0, "hashtags": []}
{"id": 1107792891097681920, "date": "2019-03-18", "time": "19:56:21", "tweet": "@jensilvermath @geogebra Luckily, the online @GeoGebra applet still works.   Mysteriously, the language in it has changed: it says Funktion with a k, and Eingabe… in the input bar. Very odd.", "likes_count": 0, "replies_count": 1, "retweets_count": 0, "hashtags": []}
{"id": 1107792883938181120, "date": "2019-03-18", "time": "19:56:19", "tweet": "Planning on going live sometime this week in the evening to share some thoughts on organizational culture and leadership in dealing with input, feedback, and valuing the thoughts of the team. I'll share thoughts from both the business world and church world.", "likes_count": 0, "replies_count": 0, "retweets_count": 0, "hashtags": []}
{"id": 1107792809774456834, "date": "2019-03-18", "time": "19:56:02", "tweet": "@KYTC Secretary Greg Thomas &amp; D5 Chief District Engineer Matt Bullock speak to Spencer Co. Fiscal Court this evening to get input on county’s critical transportation needs as part of statewide listening tour. Also presented rural secondary paving projects for FY 2020.  https://t.co/YpYQesQgRg", "likes_count": 2, "replies_count": 0, "retweets_count": 0, "hashtags": []}
{"id": 1107792776345935872, "date": "2019-03-18", "time": "19:55:54", "tweet": "@WBTV_News @SteveCrumpWBTV The experience Steve Crump brings is more important than the quanity of the input. But we in Charlotte will take all he offers.", "likes_count": 1, "replies_count": 0, "retweets_count": 0, "hashtags": []}
{"id": 1107792753914793984, "date": "2019-03-18", "time": "19:55:48", "tweet": "but then it goes \"make this work for any input/output types\" so I bumbled around and did what the compiler told me, but I kept a Copy requirement on the input/output:", "likes_count": 3, "replies_count": 1, "retweets_count": 0, "hashtags": []}
{"id": 1107792686172372992, "date": "2019-03-18", "time": "19:55:32", "tweet": "@jacktodd46 I would argue that Lebron changed the game.....he ushered in the era of the super team, as well as began the trend of the ultra superstar calling the shots (or at least to the extent he did). Super stars in any sport weren’t  usually de facto GMs no matter thier input.", "likes_count": 0, "replies_count": 0, "retweets_count": 0, "hashtags": []}
{"id": 1107792661057024007, "date": "2019-03-18", "time": "19:55:26", "tweet": "thinking about breaking up with \"sleep\" and dating \"coffee\" instead, anyone got some input on this?", "likes_count": 8, "replies_count": 4, "retweets_count": 0, "hashtags": []}
