{"id": 1089674354248564737, "date": "2019-01-27", "time": "18:59:45", "tweet": "@Charalanahzard This is amazing! How does it control on a movie screen? Noticeable input lag?", "likes_count": 1, "replies_count": 0, "retweets_count": 0, "hashtags": []}
{"id": 1089674332492713984, "date": "2019-01-27", "time": "18:59:40", "tweet": "Money Cube - An APP which will help you get MONEY for free. Input my invite code ❤3TB4S❤ after installation, and you will get 1000 Clicks. Download link:  https://t.co/5jnOx62y2c", "likes_count": 0, "replies_count": 0, "retweets_count": 0, "hashtags": []}
{"id": 1089674198803496961, "date": "2019-01-27", "time": "18:59:08", "tweet": "Bruh the truth is many of these girls dont like who likes them. A woman can date you because both of you look good together for the gram. Input means nothing to them until later on", "likes_count": 0, "replies_count": 0, "retweets_count": 0, "hashtags": []}
{"id": 1089673985250471936, "date": "2019-01-27", "time": "18:58:17", "tweet": "I'm playing games on iCashApp and it's so much fun! You can earn money as well playing game. Download it, input the refer code NENQ33K get free 5USD.", "likes_count": 0, "replies_count": 0, "retweets_count": 0, "hashtags": []}
{"id": 1089673958193090561, "date": "2019-01-27", "time": "18:58:11", "tweet": "Go to  https://t.co/bkKfouDoqL on your iPhone/iPod Safari, input my code r28837192.  https://t.co/JDaTswLMoZ", "likes_count": 0, "replies_count": 0, "retweets_count": 0, "hashtags": []}
{"id": 1089673737903923205, "date": "2019-01-27", "time": "18:57:18", "tweet": "@R0bertaLee Amazing thanks for the input Roberta ☺️❤️", "likes_count": 1, "replies_count": 0, "retweets_count": 0, "hashtags": []}
{"id": 1089673644987506688, "date": "2019-01-27", "time": "18:56:56", "tweet": "Highlight: ♦La -Rana ♦ - [Occasional Player Input Commentary]  https://t.co/4XEmbs6G6G via @YouTube", "likes_count": 0, "replies_count": 0, "retweets_count": 0, "hashtags": []}
{"id": 1089673417316597761, "date": "2019-01-27", "time": "18:56:02", "tweet": "@TheFavoriteFlaw @crwnmegorgeous Thanks for your input. Bye", "likes_count": 0, "replies_count": 1, "retweets_count": 0, "hashtags": []}
{"id": 1089673301641723904, "date": "2019-01-27", "time": "18:55:34", "tweet": "Has anyone got any other voice chat options besides discord? The things fucked and doesnt pick up mic input from a number of soubd cards and mic/headsets", "likes_count": 0, "replies_count": 0, "retweets_count": 1, "hashtags": []}
{"id": 1089673127934734337, "date": "2019-01-27", "time": "18:54:53", "tweet": "@zcorpan @tabatkins @fantasai @rachelandrew @LeaVerou What about a property to ignore the intrinsic dimensions of an element for layout? Would also work with &lt;img&gt; (regardless of width/height attributes), &lt;input&gt; (regardless of size attribute), &lt;textarea&gt; (regardless of cols and rows), etc.", "likes_count": 0, "replies_count": 2, "retweets_count": 0, "hashtags": []}
{"id": 1089673120422813697, "date": "2019-01-27", "time": "18:54:51", "tweet": "My good friend and sometime musical compadre, @gcampbellmusic with a cracker of a new song I had a tiny bit of input to. Go give it a listen and a buy and a stream and whatever else these crazy kids call it.", "likes_count": 5, "replies_count": 1, "retweets_count": 2, "hashtags": []}
{"id": 1089673118090702848, "date": "2019-01-27", "time": "18:54:51", "tweet": "And also create videos about chronic cluster headaches as we also suffer from this along with other things we suffer from between us such as , clinical depression, anxiety, PTSD to name a few would love your input", "likes_count": 2, "replies_count": 0, "retweets_count": 0, "hashtags": []}
{"id": 1089672756025683968, "date": "2019-01-27", "time": "18:53:24", "tweet": "@GooeyRoss thanks for your input.", "likes_count": 0, "replies_count": 1, "retweets_count": 0, "hashtags": []}
{"id": 1089672712669224962, "date": "2019-01-27", "time": "18:53:14", "tweet": "@ralflongwalker thanks for your input.", "likes_count": 0, "replies_count": 0, "retweets_count": 0, "hashtags": []}
{"id": 1089672546721640448, "date": "2019-01-27", "time": "18:52:34", "tweet": "Is it the stroke patient that plateaus or the rehab input post discharge? I believe the latter, especially after seeing the amazing progress many stroke patients have made in our unit with tailored specialist multidisciplinary rehabilitation and time. @ChristchurchGro Woodlands.", "likes_count": 33, "replies_count": 1, "retweets_count": 16, "hashtags": []}
{"id": 1089672536005185536, "date": "2019-01-27", "time": "18:52:32", "tweet": "@_MrDoorey Get yourself to gold 2 that’s the best outcome for a minimal input", "likes_count": 0, "replies_count": 0, "retweets_count": 0, "hashtags": []}
{"id": 1089672522377936896, "date": "2019-01-27", "time": "18:52:29", "tweet": "@MollieKatzen @hels I need your input on this, stat! This matzah ball/ramen thing is knock down, drag-out...", "likes_count": 0, "replies_count": 1, "retweets_count": 0, "hashtags": []}
{"id": 1089672455776600067, "date": "2019-01-27", "time": "18:52:13", "tweet": "@NikkieTutorials @JeffreeStar Love you both! I look forward to everyone’s honest input. It really does affect how I make my purchases. Bring it girl!", "likes_count": 0, "replies_count": 0, "retweets_count": 0, "hashtags": []}
{"id": 1089672397010145285, "date": "2019-01-27", "time": "18:51:59", "tweet": "@delmoi Appreciate your input have a good night.", "likes_count": 0, "replies_count": 0, "retweets_count": 0, "hashtags": []}
{"id": 1089672189530595328, "date": "2019-01-27", "time": "18:51:09", "tweet": "I'm playing games on KK Cash and it's so much fun! Download it, input the refer code XEL96AW get coins.", "likes_count": 0, "replies_count": 0, "retweets_count": 0, "hashtags": []}
{"id": 1089671864648155136, "date": "2019-01-27", "time": "18:49:52", "tweet": "@MrsLevelsArt @Cernovich She's not perfect...none of us are...I appreciate her input...I'm sure she would like to be proven wrong in 3 weeks", "likes_count": 0, "replies_count": 0, "retweets_count": 0, "hashtags": []}
{"id": 1089671764785786880, "date": "2019-01-27", "time": "18:49:28", "tweet": "@awkwardpandahat Thanks Lisa ;A; this is good advice and input and I really appreciate it!!!!", "likes_count": 1, "replies_count": 1, "retweets_count": 0, "hashtags": []}
{"id": 1089671757525471233, "date": "2019-01-27", "time": "18:49:26", "tweet": "@NeilJakubowski @TheChadColby @arcticcat_snow @arcticfxtweet @hmkusa Nothing like a t motion. Biggest thing is it takes very little input to maneuver.  The track just flat out hooks up.  On a flat powder turn you can literally spin it around in a 6ft circle entering it at 10-15 mph.", "likes_count": 1, "replies_count": 1, "retweets_count": 0, "hashtags": []}
{"id": 1089671693277134849, "date": "2019-01-27", "time": "18:49:11", "tweet": "@xxxdanielcd @iamarizonaaa 👀🤭 beg to differ...I love Vegas. Want my input on another story forbyour page you let me know 😎👏🏻😈", "likes_count": 1, "replies_count": 1, "retweets_count": 1, "hashtags": []}
{"id": 1089671689770844160, "date": "2019-01-27", "time": "18:49:10", "tweet": "@GOP Why even tweet this out. Dont give any help to the Democrats. GOP, stop this madness. let the Democrats chose their own people. GOP input might screw everything up.", "likes_count": 0, "replies_count": 0, "retweets_count": 0, "hashtags": []}
{"id": 1089671689544306690, "date": "2019-01-27", "time": "18:49:10", "tweet": "@Charalanahzard @TCL_USA Tell the truth, how bad is the input lag?", "likes_count": 0, "replies_count": 0, "retweets_count": 0, "hashtags": []}
{"id": 1089671510392881152, "date": "2019-01-27", "time": "18:48:27", "tweet": "@Breaking911 No one knows until you try it, but as we've seen with Harris, is she knows all about what doesn't work and has no input on what will work, just more of the same, resist and hate and point fingers at who she wants the people to fear...", "likes_count": 7, "replies_count": 1, "retweets_count": 0, "hashtags": []}
{"id": 1089671498451820544, "date": "2019-01-27", "time": "18:48:25", "tweet": "Money Cube - An APP which will help you get MONEY for free. Input my invite code ❤AKZUD❤ after installation, and you will get 1000 Clicks. Download link:  https://t.co/ov57TQXnAv Si alguien se quiere apuntar ha esta app para ganas dinero....  https://t.co/J7V2hILIZE", "likes_count": 0, "replies_count": 0, "retweets_count": 0, "hashtags": []}
{"id": 1089671468944900098, "date": "2019-01-27", "time": "18:48:17", "tweet": "@Crayette @SGgrc I think JS is the dangerous part but from what I've read the HTML with user input is what makes it dangerous and easy to leak through to your website", "likes_count": 0, "replies_count": 0, "retweets_count": 0, "hashtags": []}
{"id": 1089671367350456325, "date": "2019-01-27", "time": "18:47:53", "tweet": "@SenRonJohnson shut it, Ron; nobody was looking for your input on this", "likes_count": 4, "replies_count": 1, "retweets_count": 1, "hashtags": []}
{"id": 1089671282348699648, "date": "2019-01-27", "time": "18:47:33", "tweet": "@McKellar_Claire Great paper! Congrats! Any idea what the putative downstream neurons triggering each action are? Does aSp22 give direct input to premotor circuits? Or is there another layer of descending neurons as we observed in the larva for stopping-head casting sequence?", "likes_count": 1, "replies_count": 0, "retweets_count": 0, "hashtags": []}
{"id": 1089671193374982145, "date": "2019-01-27", "time": "18:47:12", "tweet": "Be sure to check out our Facebook page to get more info on our podcasts and see the beers that we review. Love your input too!", "likes_count": 0, "replies_count": 0, "retweets_count": 0, "hashtags": []}
{"id": 1089671051653591040, "date": "2019-01-27", "time": "18:46:38", "tweet": "@Charalanahzard @TCL_USA Input lag is probably massive for such a projector, so it's hardly \"heaven\".", "likes_count": 0, "replies_count": 0, "retweets_count": 0, "hashtags": []}
{"id": 1089670807633227776, "date": "2019-01-27", "time": "18:45:40", "tweet": "I'm playing games on iCashApp and it's so much fun! Download it, input the refer code KY9XC4N get coins. #iCashPro  https://t.co/pGLOi41wxv", "likes_count": 1, "replies_count": 0, "retweets_count": 0, "hashtags": ["icashpro"]}
{"id": 1089670531861737472, "date": "2019-01-27", "time": "18:44:34", "tweet": "@welfordwrites I like you input,it makes me think.Thanks mate.", "likes_count": 0, "replies_count": 0, "retweets_count": 0, "hashtags": []}
{"id": 1089670418586353665, "date": "2019-01-27", "time": "18:44:07", "tweet": "If you want the perfect example for how a “competitive” game should be developed, see Overwatch. Gun shoots the same, shield has same energy, etc.. no matter if youre Top 500 or bronze. What matters is YOUR input/game IQ. A full 6 v 6 game of OW is hard to beat and fun in defeat.", "likes_count": 1, "replies_count": 0, "retweets_count": 0, "hashtags": []}
{"id": 1089670359618469889, "date": "2019-01-27", "time": "18:43:53", "tweet": "Lots of folks voted for info about community cats!!  Very exciting :)   Thanks all who took time to give some input.  Will start planning the kitten cast!  Will be in February!", "likes_count": 2, "replies_count": 0, "retweets_count": 0, "hashtags": []}
{"id": 1089670072845692929, "date": "2019-01-27", "time": "18:42:45", "tweet": "@KenLockhart @OH_HUE_MANATEE @IlhanMN I think you do need the input of border patrol agents although some have varying opinions themselves. Some want a wall some want the money spent on more man power and tech support. Most American can't know the border situation like border residents and can easily be lied to.", "likes_count": 0, "replies_count": 0, "retweets_count": 0, "hashtags": []}
{"id": 1089670062598995970, "date": "2019-01-27", "time": "18:42:42", "tweet": "@MrStephenHowson So happy United is with family again &amp;being properly guided and managed. Why spoil Ole's input and Mike Phelan's, by getting miserable Poch in the summer.  Our players will be back to square one until he finds his way around the club.  Give him 2 years and another sacking. #MUFC", "likes_count": 0, "replies_count": 0, "retweets_count": 2, "hashtags": ["mufc"]}
{"id": 1089670050707951616, "date": "2019-01-27", "time": "18:42:39", "tweet": "@MommyofPommies @daveanthony It seems you don’t know how narratives work. But thank you for your input.", "likes_count": 0, "replies_count": 1, "retweets_count": 0, "hashtags": []}
{"id": 1089669420476026880, "date": "2019-01-27", "time": "18:40:09", "tweet": "Jeff Muizelaar  - Bug 1522021. Propagate input size to CreateSimilarDrawTarget for filters. r=mstange -  https://t.co/JdzAkMZ1dC...  https://t.co/Zk8KssDome", "likes_count": 0, "replies_count": 0, "retweets_count": 0, "hashtags": []}
{"id": 1089669345893117953, "date": "2019-01-27", "time": "18:39:51", "tweet": "1/5 Today was another day filled with magic, called session together with @ElspethMurray : coming back to earth, meditation, connecting. Input from people was great, just great. It really touched me deeply:  thank you so much! Happy to have seen @AngelaClerkin again too! #DandD14  https://t.co/sZo6Zlbc89", "likes_count": 4, "replies_count": 1, "retweets_count": 1, "hashtags": ["dandd14"]}
{"id": 1089669157019443201, "date": "2019-01-27", "time": "18:39:06", "tweet": "@NazlEzgizbey1 &lt;form action=\"sonuc.php\" method=\"get\"&gt; &lt;input type=\"text\" name=\"aramasorgusu\" placeholder=\"Aramak istediğiniz kelimeyi yazınız\"&gt;&lt;br&gt; &lt;input type=\"submit\" value=\"Ara\"&gt; &lt;/form&gt;", "likes_count": 0, "replies_count": 0, "retweets_count": 0, "hashtags": []}
{"id": 1089668966430265344, "date": "2019-01-27", "time": "18:38:21", "tweet": "@v_input_output This is good I hope the ramen was worth", "likes_count": 1, "replies_count": 0, "retweets_count": 0, "hashtags": []}
{"id": 1089668849673342978, "date": "2019-01-27", "time": "18:37:53", "tweet": "@_Keewy_ i lived amazingly", "likes_count": 0, "replies_count": 1, "retweets_count": 0, "hashtags": []}
{"id": 1089668724699947008, "date": "2019-01-27", "time": "18:37:23", "tweet": "@UniOfTrials Good luck fella, I'm sure this will happen!  and when Rising is released I'm sure many many people will be very thankful for your input. ✌✊👍", "likes_count": 2, "replies_count": 0, "retweets_count": 0, "hashtags": []}
{"id": 1089668701383729152, "date": "2019-01-27", "time": "18:37:18", "tweet": "@Charalanahzard @TCL_USA I've dreamed of this! But I gotta know, how's the input lag?", "likes_count": 0, "replies_count": 0, "retweets_count": 0, "hashtags": []}
{"id": 1089668233811111938, "date": "2019-01-27", "time": "18:35:26", "tweet": "@v_input_output Are you still stuck in traffic?", "likes_count": 0, "replies_count": 1, "retweets_count": 0, "hashtags": []}
{"id": 1089668207546429440, "date": "2019-01-27", "time": "18:35:20", "tweet": "@RobbieLew16 @HamiltonKiltyBs @WJRCanadians Dont claim to be a news source. It's a podcast to keep you updated on stats and standings. Appreciate your input though. I dont force anyone to listen to the episodes. So if people enjoy the content they know where to tune in. Best of luck with your show!", "likes_count": 0, "replies_count": 1, "retweets_count": 0, "hashtags": []}
{"id": 1089668174423998465, "date": "2019-01-27", "time": "18:35:12", "tweet": "@Patrici97185118 Thanks for your input. I’ve always wondered about having followers from foreign lands whose TL are in foreign languages. I have several from Turkey, too.", "likes_count": 0, "replies_count": 0, "retweets_count": 0, "hashtags": []}
{"id": 1089668156551917568, "date": "2019-01-27", "time": "18:35:08", "tweet": "@UCrewDesign It's not mine.  I take all the computer rankings and mesh them all together and they spit out a magic number.  The computers are half of the formula used by Vegas odds makers.  The other half is the human input (injuries, game location, etc...)  This is usually pretty close.", "likes_count": 1, "replies_count": 1, "retweets_count": 0, "hashtags": []}
{"id": 1089668102273552384, "date": "2019-01-27", "time": "18:34:55", "tweet": "@ThePivotKing Thank you for the reply and input. :) I was just curious. Havent had good fortune with it.", "likes_count": 1, "replies_count": 2, "retweets_count": 0, "hashtags": []}
{"id": 1089667933138149378, "date": "2019-01-27", "time": "18:34:14", "tweet": "I'm playing games on iCashApp and it's so much fun! You can earn money as well playing game. Download it, input the refer code JBPYQ52 get free 5USD.", "likes_count": 0, "replies_count": 0, "retweets_count": 0, "hashtags": []}
{"id": 1089667605688975360, "date": "2019-01-27", "time": "18:32:56", "tweet": "@Unpersuaded112 @ICEgov It all boils down to Sessions,Azar and Nielsen with input from Miller and T. Azar and Nielsen needs to go.", "likes_count": 1, "replies_count": 0, "retweets_count": 0, "hashtags": []}
{"id": 1089667313245343751, "date": "2019-01-27", "time": "18:31:47", "tweet": "@Hyp3rSpeedy @VF_InpuT 👍", "likes_count": 0, "replies_count": 0, "retweets_count": 0, "hashtags": []}
{"id": 1089667261705666562, "date": "2019-01-27", "time": "18:31:34", "tweet": "@0kasu the only time boys remember that the finger is an input device", "likes_count": 0, "replies_count": 0, "retweets_count": 0, "hashtags": []}
{"id": 1089667258178252803, "date": "2019-01-27", "time": "18:31:34", "tweet": "SooOoOooO I see a lot of talk about the ted bundy movie .... let me put my input real quick even tho no one cares", "likes_count": 1, "replies_count": 0, "retweets_count": 0, "hashtags": []}
{"id": 1089667242873237504, "date": "2019-01-27", "time": "18:31:30", "tweet": "@HindleyCharlie So sorry to hear this :( If anything can do to help link up with anyone in NHS system or share input for the trust so this doesnt happen again let me know. We are leading on best practice approach for all Trusts across Greater Manchester at @NCAlliance_NHS on this. Happy to help", "likes_count": 5, "replies_count": 0, "retweets_count": 0, "hashtags": []}
{"id": 1089667113118322688, "date": "2019-01-27", "time": "18:30:59", "tweet": "@reddiewhips @michaelalowicki incorrect answer input", "likes_count": 1, "replies_count": 1, "retweets_count": 0, "hashtags": []}
{"id": 1089666922319360002, "date": "2019-01-27", "time": "18:30:13", "tweet": "@conroyherald yes. he was the incoming gm..n coming from the ott organization. so obviously had lots of input... but doesnt begin to excuse his errors...his handling of the salary cap was just pathetic..", "likes_count": 0, "replies_count": 0, "retweets_count": 0, "hashtags": []}
