{"id": 1145482108250591233, "date": "2019-06-30", "time": "19:59:51", "tweet": "@stephenharper The UK doesn’t need your input to fuck thing up. They are doing that all by themselves.", "likes_count": 0, "replies_count": 0, "retweets_count": 0, "hashtags": []}
{"id": 1145481983608406017, "date": "2019-06-30", "time": "19:59:21", "tweet": "@Pj37212778 @BongBong @BevH111 @GavinNewsom @KamalaHarris Thank you for your input, Russian bot", "likes_count": 0, "replies_count": 0, "retweets_count": 0, "hashtags": []}
{"id": 1145481976222277632, "date": "2019-06-30", "time": "19:59:19", "tweet": "Well, that was a rough one today! We had a solid day going when unfortunately, we had an input shaft break during my stint. After that, all we could do was park the car and get it put back together for CTMP next weekend.....  https://t.co/xFdcCFH2yo", "likes_count": 12, "replies_count": 2, "retweets_count": 1, "hashtags": []}
{"id": 1145481770755715072, "date": "2019-06-30", "time": "19:58:30", "tweet": "Though this is my reality, I challenge everyone to read this as a daily affirmation toward their own happiness.   Input your age, the month of the year, and anything else that you need to add to remind yourself that everyday is an new opportunity to CHOOSE a better life. 💭 🖤💭", "likes_count": 1, "replies_count": 0, "retweets_count": 0, "hashtags": []}
{"id": 1145481549871243264, "date": "2019-06-30", "time": "19:57:38", "tweet": "@_JukeBoxx Girl nobody asked for his input!  https://t.co/R7Inyj8XSy", "likes_count": 0, "replies_count": 1, "retweets_count": 0, "hashtags": []}
{"id": 1145481009527447552, "date": "2019-06-30", "time": "19:55:29", "tweet": "Just to clear up the air, earlier when I posted a picture someone decided to message me off a fake twitter account &amp; give some rude input that wasn’t needed. I’ve learned to not let it bother me anymore. 💜🙏🏻 I love myself &amp; my body no matter what anyone says", "likes_count": 17, "replies_count": 2, "retweets_count": 1, "hashtags": []}
{"id": 1145480835761692674, "date": "2019-06-30", "time": "19:54:47", "tweet": "Waiting for Kanye or Kim's input 💀 ain't no way they're staying quiet", "likes_count": 0, "replies_count": 0, "retweets_count": 0, "hashtags": []}
{"id": 1145480813812699136, "date": "2019-06-30", "time": "19:54:42", "tweet": "@OnllyTierra and like I said, you’re clearly fuckin mad because ain’t nobody ugly and you still replying. we all chillin here bc at the end of the day u look PRESSED. it was HER post, and u decided to put ur input in like anybody gave a fuck what your irrelevant ass had to mf say. if u didn’t", "likes_count": 1, "replies_count": 1, "retweets_count": 0, "hashtags": []}
{"id": 1145480506341044224, "date": "2019-06-30", "time": "19:53:29", "tweet": "41mil a year 😳😳😳 I had to input that twice", "likes_count": 0, "replies_count": 0, "retweets_count": 0, "hashtags": []}
{"id": 1145480503035912192, "date": "2019-06-30", "time": "19:53:28", "tweet": "Okay everyone! I need your help! I am trying to come up with ideas for sub badges and I'm not quite sure where to go with it! I've left a couple of badges I was thinking of but would like your input and ideas on what you guys want, since it is for you in the first place! Thanks✌️  https://t.co/tXjefVCe5k", "likes_count": 2, "replies_count": 1, "retweets_count": 0, "hashtags": []}
{"id": 1145480174433112070, "date": "2019-06-30", "time": "19:52:10", "tweet": "@DIYKitLobotomy @buffsoldier_96 @DIorioNathaniel That is kind of how lots of people in America have felt throughout its entire history. Don’t they get to have any input about that?", "likes_count": 0, "replies_count": 0, "retweets_count": 0, "hashtags": []}
{"id": 1145480158129917953, "date": "2019-06-30", "time": "19:52:06", "tweet": "A3:  Mine was a one of my art teachers, the late Herb Hultgren.  He was an amazing man, with a passion for art.  He was caring, made connections, encouraged our ideas and input. He gave heartfelt feedback and still remembered me 10 years after HS.  Class was carefree #BookCampPD", "likes_count": 1, "replies_count": 0, "retweets_count": 0, "hashtags": ["bookcamppd"]}
{"id": 1145479845104824322, "date": "2019-06-30", "time": "19:50:51", "tweet": "That is regardless of that person being somebody who, even if they ‘didn’t mean it that way’, had some input into your emotional torture and has their ‘high power friends’ to stand up for them.", "likes_count": 0, "replies_count": 1, "retweets_count": 0, "hashtags": []}
{"id": 1145479364668252160, "date": "2019-06-30", "time": "19:48:57", "tweet": "@TheRealDonEast Not sure how much I'll care for any originals they make unless it's something connected to DC. Didn't really care about SJ and sure as hell didn't care about FLCL, I'm in the minority. I have mixed feelings about [as] or Jason/Gil having input on any show that may air on Toonami.", "likes_count": 0, "replies_count": 0, "retweets_count": 0, "hashtags": []}
{"id": 1145479129405542402, "date": "2019-06-30", "time": "19:48:01", "tweet": "A formal request has been submitted to #CityofTO's Parks, Forestry &amp; Recreation to rename Birchmount Stadium (75 Birchmount Road) to \"Bill D. Stephens Stadium\". We would like your input.   Complete the survey:  https://t.co/SNL1Igm3VU   Share your ideas by Aug 1, 2019.  #Toronto  https://t.co/QfqK0gRyMf", "likes_count": 0, "replies_count": 0, "retweets_count": 0, "hashtags": ["cityofto", "toronto"]}
{"id": 1145478855068717057, "date": "2019-06-30", "time": "19:46:55", "tweet": "A2:  Happiness, my personality, a variety of connections for students, their interests and input, my encouragement for what they are working on and how they are doing, questioning them on what we are working on and why it is important  #BookCampPD", "likes_count": 3, "replies_count": 0, "retweets_count": 0, "hashtags": ["bookcamppd"]}
{"id": 1145478751754567680, "date": "2019-06-30", "time": "19:46:31", "tweet": "why does justin bieber feel the need to give his input into everything and be sexist/misogynistic as a result", "likes_count": 0, "replies_count": 1, "retweets_count": 0, "hashtags": []}
{"id": 1145478712177111040, "date": "2019-06-30", "time": "19:46:21", "tweet": "@jiffywild @AnandWrites @JasonDottley @IvankaTrump Hahah she just like her dad, don’t know shit about what ppl are talking about and still give her input", "likes_count": 0, "replies_count": 0, "retweets_count": 0, "hashtags": []}
{"id": 1145478614827376640, "date": "2019-06-30", "time": "19:45:58", "tweet": "The Raven Cycle is on my tbr but I hear that there are white characters who mock an Asian character’s accent &amp; mixed ethnicity. I’ve been reading direct quotes &amp; negative reviews, so I wanted to get input from more readers (preferably Chinese/Korean readers).   #theravencycle", "likes_count": 0, "replies_count": 1, "retweets_count": 0, "hashtags": ["theravencycle"]}
{"id": 1145478331300794368, "date": "2019-06-30", "time": "19:44:50", "tweet": "@NeekaLoren GMO's are a bit better than people give them credit for. Less input intensive (fertilizer, water, sprays), better yields, and improved shelf life (ship well, dont bruise, stay fresh longer, etc). The only real dangers are unintended gene flow, allergy concerns, and biodiversity.", "likes_count": 0, "replies_count": 0, "retweets_count": 0, "hashtags": []}
