{"id": 1140771023509495808, "date": "2019-06-17", "time": "19:59:41", "tweet": "@JLeighSaucedo @SATechBloc @BelenG_SAEDF @DaxMoreno @SanAntonioEDF @jamiebsatx @CWShirleyG Sent my input.", "likes_count": 0, "replies_count": 0, "retweets_count": 0, "hashtags": []}
{"id": 1140770995537633280, "date": "2019-06-17", "time": "19:59:34", "tweet": "@zachujo @CosmosZR Its pretty accurate but it's so hard to do all the math on the fly and even then it's such a tight input window and figuring out the %", "likes_count": 0, "replies_count": 0, "retweets_count": 0, "hashtags": []}
{"id": 1140770821742440450, "date": "2019-06-17", "time": "19:58:53", "tweet": "@hiramboyd You realize he has input but GM and FO make transactions. They also have scouts and player personnel watching him daily. They must see something in his play that warrants him to stay down there. They are the experts", "likes_count": 0, "replies_count": 1, "retweets_count": 0, "hashtags": []}
{"id": 1140770723624968192, "date": "2019-06-17", "time": "19:58:29", "tweet": "@debraj112 @LCHWS @KB805 @MnMarches @SER1897 @AbbieHollowDays @soniagupta504 @PeteButtigieg I don’t want them to be president. Have input to the party platform? Inslee might be good 4 cabinet. I know him better bc I lived in WA until 4 yrs ago. I wish we had the D equiv of TED talks. We need to hear good ideas - even wild ideas - w/o them needing to campaign for pres.", "likes_count": 1, "replies_count": 1, "retweets_count": 0, "hashtags": []}
{"id": 1140770720219144193, "date": "2019-06-17", "time": "19:58:28", "tweet": "From magazines to internet porn obsession A fictional story based on 8 womens input, research &amp; storytelling Marriage•Sex•Family•Conflict•Online Addiction sometimes love just isn't enough! #read the story via #Amazon on #Kindle  https://t.co/gfUKHwVLuJ  https://t.co/zew4Y3kjVY", "likes_count": 0, "replies_count": 0, "retweets_count": 0, "hashtags": ["read", "amazon", "kindle"]}
{"id": 1140770701164650497, "date": "2019-06-17", "time": "19:58:24", "tweet": "@ChronoReyer the game has really bad input problems tbh", "likes_count": 0, "replies_count": 0, "retweets_count": 0, "hashtags": []}
{"id": 1140770616200577025, "date": "2019-06-17", "time": "19:58:04", "tweet": "@Anduxp 🙌🏻 thanks so much man. And thanks for your input. :)", "likes_count": 1, "replies_count": 0, "retweets_count": 0, "hashtags": []}
{"id": 1140770594683621377, "date": "2019-06-17", "time": "19:57:58", "tweet": "hei, help me out with tokyo seventh sisters! input NjeQlQY in the referral campaign section!!! thanks a lot ♡ #t7s", "likes_count": 0, "replies_count": 0, "retweets_count": 0, "hashtags": ["t7s"]}
{"id": 1140770580867637248, "date": "2019-06-17", "time": "19:57:55", "tweet": "@WatchVRV hey, you guys really need to fix your mobile app. I was unable to remove my card from there or add a new payment method. It only let me use what was already input and nothing more even after unsubscribing. I was able to fix on PC thankfully.", "likes_count": 0, "replies_count": 1, "retweets_count": 0, "hashtags": []}
{"id": 1140770478249926657, "date": "2019-06-17", "time": "19:57:31", "tweet": "@MattSpy05 @WilliamShatner I make enough money from my 9-5. I do autographs as a hobby. But thanks for your input.", "likes_count": 0, "replies_count": 1, "retweets_count": 0, "hashtags": []}
{"id": 1140770434759237635, "date": "2019-06-17", "time": "19:57:20", "tweet": "WTH unreal!? When I have the characterBP window open, hit play, I get the wrong axis value for the input. When I close the BP window, hit play, I get the value from the input settings. Problem is, when I build my game it takes the slow ass wrong axis value 😣 bug or BS?", "likes_count": 0, "replies_count": 0, "retweets_count": 0, "hashtags": []}
{"id": 1140770431198212098, "date": "2019-06-17", "time": "19:57:19", "tweet": "@wsandholtz @StataTexBlog @Stata @TeXstudio If you’re willing to manually input the Tex file with file write you can use \\shortstack{} to put it in the same cell.", "likes_count": 3, "replies_count": 0, "retweets_count": 0, "hashtags": []}
{"id": 1140770286259855360, "date": "2019-06-17", "time": "19:56:45", "tweet": "@BullenRoss Plus he has a vision/obsession/thing he learned many years ago and will drag the entire institution to its doom by resisting input, feedback, and science.", "likes_count": 1, "replies_count": 0, "retweets_count": 0, "hashtags": []}
{"id": 1140770284183490560, "date": "2019-06-17", "time": "19:56:44", "tweet": "@loot_grind Thank you for the input! I've been using wondershare filmora 9. Definitely not the best.", "likes_count": 0, "replies_count": 0, "retweets_count": 0, "hashtags": []}
{"id": 1140770139740262400, "date": "2019-06-17", "time": "19:56:10", "tweet": "@Xbox Can the Xbox software on win10 translate One Gamepad input into 360 input for older games.?", "likes_count": 0, "replies_count": 0, "retweets_count": 0, "hashtags": []}
{"id": 1140769943782379520, "date": "2019-06-17", "time": "19:55:23", "tweet": "@miamale_xx Don’t even know why I’m giving my input I don’t even like cereal", "likes_count": 0, "replies_count": 0, "retweets_count": 0, "hashtags": []}
{"id": 1140769877638045702, "date": "2019-06-17", "time": "19:55:07", "tweet": "Gua vs tetangga  Dikiranya tuh yg kerjanya duduk doang depan kompie itu ga capek, ketak ketik doang  Hell woy, semalam gua input 1000an data mata gua jereng woy, tuh anak gua udah powerup guanya masih melayang nyawanya  Semua orang punya beban yg ga sama", "likes_count": 1, "replies_count": 0, "retweets_count": 0, "hashtags": []}
{"id": 1140769730380222465, "date": "2019-06-17", "time": "19:54:32", "tweet": "@stevekornacki @hardball_chris Some day I wld like to see you spend an entire hour only with women giving their input. How abt it?", "likes_count": 0, "replies_count": 0, "retweets_count": 0, "hashtags": []}
{"id": 1140769699397087232, "date": "2019-06-17", "time": "19:54:25", "tweet": "Made a PC builder/upgrader for #PCBuildingSimulator, specifying score &amp; optional parameters like RAM amount, GPU number or preferred manufacturer, allowing one to input requirements from some missions. Extra tools coming down the line!  https://t.co/XhKYp5QHH0 #WorkInProgress", "likes_count": 1, "replies_count": 1, "retweets_count": 0, "hashtags": ["pcbuildingsimulator", "workinprogress"]}
{"id": 1140769578924027904, "date": "2019-06-17", "time": "19:53:56", "tweet": "Also from NYDN’s @SBondyNYDN “In this era of load management and players prioritizing heath, [medical and performance teams] really resonate. Superstars desire a top flight medical staff and the freedom to have their own performance team be present with input.”", "likes_count": 20, "replies_count": 0, "retweets_count": 1, "hashtags": []}
{"id": 1140769520698712066, "date": "2019-06-17", "time": "19:53:42", "tweet": "Lol now apparently he didn’t input the order as pep and put it in as just cheese. Asks if I want a refund or to wait an additional 10 minutes. I’m waiting but this is ridiculously disappointing. It still isn’t 8 pm and they’re not even busy &amp; they STILL don’t have one hot n ready", "likes_count": 1, "replies_count": 1, "retweets_count": 0, "hashtags": []}
{"id": 1140769404776415232, "date": "2019-06-17", "time": "19:53:15", "tweet": "Also if interest to me is the number of men who replied to the post asking for women’s input.", "likes_count": 68, "replies_count": 8, "retweets_count": 0, "hashtags": []}
{"id": 1140769321913860096, "date": "2019-06-17", "time": "19:52:55", "tweet": "Isn't destiny locked to 30fps on console? lol. Sandbox balance has to be related to input devices. I'm sure you'd see the same thing on xbox if bungie enabled mouse support. But then again, why even \"play\" a slideshow?", "likes_count": 1, "replies_count": 0, "retweets_count": 0, "hashtags": []}
{"id": 1140769175364915200, "date": "2019-06-17", "time": "19:52:20", "tweet": "Liquor gives you IRL input lag", "likes_count": 12, "replies_count": 0, "retweets_count": 1, "hashtags": []}
{"id": 1140769170147237889, "date": "2019-06-17", "time": "19:52:19", "tweet": "@slimeyrashod @DogJerod @zachthemyth @Jwade7_NBA @vltrdlcrz @LakeShowYo U say that like I care whether he is or isn't lol great input 👌🏾", "likes_count": 0, "replies_count": 0, "retweets_count": 0, "hashtags": []}
{"id": 1140769019944812546, "date": "2019-06-17", "time": "19:51:43", "tweet": "@qytrain I'm thinking of possibly doing a \"Furiety Show\" with an act or two between DJ sets.  At this point we're looking for interest and ideas.  It would be awesome to make this a huge blowout with lots of creative input.", "likes_count": 4, "replies_count": 0, "retweets_count": 1, "hashtags": []}
{"id": 1140768920715923456, "date": "2019-06-17", "time": "19:51:19", "tweet": "SMNN either takes cluster/cell-type label information as input or infers cell types using scRNA-seq clustering in the absence of such information.", "likes_count": 0, "replies_count": 0, "retweets_count": 0, "hashtags": []}
{"id": 1140768784212357120, "date": "2019-06-17", "time": "19:50:47", "tweet": "@katryo それが気になって通信見てみたんですけど、inputされた文字を分割してpostして、検索してるように見えるのでもしかしたらクエリ側を分割してる説が出てきました！(不確かですが…💦)", "likes_count": 1, "replies_count": 0, "retweets_count": 0, "hashtags": []}
{"id": 1140768513512169473, "date": "2019-06-17", "time": "19:49:42", "tweet": "@DelaneySSaul Hi there! Thank you! Yes! Online anywhere (like BN, Books a Million, Target).  You can also input your zip code here to find indie shops near you that have it. You can also ask any store to order it for you:  https://t.co/o1nujpOFzP  via publisher, too:  https://t.co/irswfOrNZJ &lt;3", "likes_count": 1, "replies_count": 1, "retweets_count": 0, "hashtags": []}
{"id": 1140768504808742913, "date": "2019-06-17", "time": "19:49:40", "tweet": "@cryptonymcolin that's totally a fair take! it's good to hear that kind of feedback, thanks for your input man", "likes_count": 2, "replies_count": 1, "retweets_count": 0, "hashtags": []}
{"id": 1140768397300396032, "date": "2019-06-17", "time": "19:49:15", "tweet": "@kleppnixon Cool, thanks for the input!! :D", "likes_count": 0, "replies_count": 1, "retweets_count": 0, "hashtags": []}
{"id": 1140768355466514434, "date": "2019-06-17", "time": "19:49:05", "tweet": "Last valid input: 2019-06-18 08:48:56.935461 Temperature: 29.00 C Humidity: 52.00 %", "likes_count": 0, "replies_count": 0, "retweets_count": 0, "hashtags": []}
{"id": 1140768218983931904, "date": "2019-06-17", "time": "19:48:32", "tweet": "Money Cube - An APP which will help you get MONEY for free. Input my invite code ❤ZFDS6❤ after installation, and you will get 1000 Clicks. Download link:  https://t.co/A5A5GZ6K0p  https://t.co/Lm6obFhM4f", "likes_count": 0, "replies_count": 0, "retweets_count": 0, "hashtags": []}
{"id": 1140768170178953217, "date": "2019-06-17", "time": "19:48:20", "tweet": "Money Cube - An APP which will help you get MONEY for free. Input my invite code ❤ZFDS6❤ after installation, and you will get 1000 Clicks. Download link:  https://t.co/A5A5GZ6K0p  https://t.co/NwpBO8pedf", "likes_count": 0, "replies_count": 0, "retweets_count": 0, "hashtags": []}
{"id": 1140768158531366912, "date": "2019-06-17", "time": "19:48:18", "tweet": "@HORSETRAUMA @ewnotattractive being rude at all, I appreciate your input very much and that's why I follow you! You're very much valued.", "likes_count": 0, "replies_count": 0, "retweets_count": 0, "hashtags": []}
{"id": 1140768104244551681, "date": "2019-06-17", "time": "19:48:05", "tweet": "Llegué bien hasta winners finals y me clappearon bastante duramente. Quiero tryhardear y encontrar nuevas tramas con mis 2 pjs, porque lo que hago de momento no está bastando. Also parabens a @That_Input_Guy, Ryu ahora da mucho miedo con ese kill confirm a 80%.", "likes_count": 4, "replies_count": 0, "retweets_count": 0, "hashtags": []}
{"id": 1140768070211919875, "date": "2019-06-17", "time": "19:47:57", "tweet": "Phase II of the VW settlement is wide-open!  @MnPCA doesn't have a plan yet!  They are waiting for your input!   @MN350Action @100PercentMN @LungMinnesota  Submit your comments to vwsettlement.pcs@state.mn.us  https://t.co/H6eYFnQGlJ", "likes_count": 5, "replies_count": 0, "retweets_count": 2, "hashtags": []}
{"id": 1140768056869838848, "date": "2019-06-17", "time": "19:47:53", "tweet": "Congratulations on existing on a rock with an atmosphere that supports life that has orbited a star 40 times... even though you had absolutely no input on any of that. BONUS PANEL at  https://t.co/VCOCT53wCK  https://t.co/CDEBIcaMKT", "likes_count": 20, "replies_count": 2, "retweets_count": 13, "hashtags": []}
{"id": 1140768047000457217, "date": "2019-06-17", "time": "19:47:51", "tweet": "@JConnectCEO @kate_fazio @PILnet @DLA_Piper And so interesting once you ask for and receive input!", "likes_count": 0, "replies_count": 0, "retweets_count": 0, "hashtags": []}
{"id": 1140767991623065600, "date": "2019-06-17", "time": "19:47:38", "tweet": "@Trump454545 Never mind the LGBTQ community ... will law enforcement give them a pass?  Because I'm pretty sure if white men did this, the cops would have some severe input for them.", "likes_count": 0, "replies_count": 0, "retweets_count": 0, "hashtags": []}
{"id": 1140767833405759493, "date": "2019-06-17", "time": "19:47:00", "tweet": "@germanrlopez @benshapiro Thanks for your intellectual input on this matter, #verifiednobody... 👍  @Sayachi2010 @onehotcorona @MarkyMarkDC @CobraTheCure @njuarez1217 @lindaangel707  https://t.co/fAglfIcHNd", "likes_count": 1, "replies_count": 1, "retweets_count": 0, "hashtags": ["verifiednobody"]}
{"id": 1140767781949849600, "date": "2019-06-17", "time": "19:46:48", "tweet": "“The amount of data the TSi 2 could capture easily is amazing. You do the initial setup, then after that there’s very little input from the operator – and it saved a fair bit of time.\" Mel Leeds, Bundarra Feedlot, WA  Read the full story here  https://t.co/k5s4X7WG5U  https://t.co/YbRYftazjL", "likes_count": 1, "replies_count": 0, "retweets_count": 0, "hashtags": []}
{"id": 1140767489489559560, "date": "2019-06-17", "time": "19:45:38", "tweet": "3gb with Global Calling and Text-- on the AT&amp;T network $25 -TWENTY FIVE DOLLARS Even have an option to earn discounts by taking surveys or watching some ads. Best decision ive made in 2019! @freeupmobile   https://t.co/47ZhzyrHFT", "likes_count": 0, "replies_count": 2, "retweets_count": 1, "hashtags": []}
{"id": 1140767469516283905, "date": "2019-06-17", "time": "19:45:33", "tweet": "@mickeykoke @Tims_Burner Great input. Let me think about that...", "likes_count": 0, "replies_count": 1, "retweets_count": 0, "hashtags": []}
{"id": 1140767391867199489, "date": "2019-06-17", "time": "19:45:15", "tweet": "venting is not the same thing as asking for advice. giving input where it isn’t solicited is annoying and stress-inducing.", "likes_count": 0, "replies_count": 0, "retweets_count": 0, "hashtags": []}
{"id": 1140767343733366785, "date": "2019-06-17", "time": "19:45:03", "tweet": "Jorg K  - [default]  Follow-up: Attach contextmenu listener to input area, not entire conversation. r=me DONTBUILD -  https://t.co/O90WZLj1ih...  https://t.co/rmFU0OHHLk", "likes_count": 0, "replies_count": 0, "retweets_count": 0, "hashtags": []}
{"id": 1140767151068000256, "date": "2019-06-17", "time": "19:44:17", "tweet": "The Pareto Principle (The 80/20 Rule)  Originally, the Pareto Principle referred to the observation that 80% of Italy’s wealth belonged to only 20% of the population.  It can mean the following things: 20% of the input creates 80% of the result 20% of the… https://t.co/vUs7Dl2e1R", "likes_count": 1, "replies_count": 0, "retweets_count": 0, "hashtags": []}
{"id": 1140767095270989825, "date": "2019-06-17", "time": "19:44:04", "tweet": "Masih takjub dg proses input c1 tim 02 . Udah ada yg tahu di mana tempatnya?", "likes_count": 0, "replies_count": 0, "retweets_count": 0, "hashtags": []}
{"id": 1140766944980799490, "date": "2019-06-17", "time": "19:43:28", "tweet": "Input continues into planning the future design of development in Galloway. Take the survey linked from  https://t.co/UMZvDNf7gO. It closes at midnight Tuesday. The final public input meeting will be held at 5:30 pm July 9 at All Saints Anglican Church. #sgfcouncil", "likes_count": 0, "replies_count": 0, "retweets_count": 0, "hashtags": ["sgfcouncil"]}
{"id": 1140766918938222592, "date": "2019-06-17", "time": "19:43:22", "tweet": "aku itu laper sambil kebelet eek dalam waktu bersamaan. butuh melakukan input output bersamaan", "likes_count": 0, "replies_count": 0, "retweets_count": 0, "hashtags": []}
{"id": 1140766889473277952, "date": "2019-06-17", "time": "19:43:15", "tweet": "Semoga @Humas_MKRI tidak kehilangan independensi, integritas, dan kredibilitas dalam memutuskan perkara TKN + KPU = Paslon 01 melakukan kecurangan secara kasatmata. Kumpulan video dan screenshot salah input data Situng KPU masih bertebaran  #RakyatKawalKeputusanMK @Puspen_TNI", "likes_count": 0, "replies_count": 0, "retweets_count": 0, "hashtags": ["rakyatkawalkeputusanmk"]}
{"id": 1140766759026401286, "date": "2019-06-17", "time": "19:42:44", "tweet": "How Does a computer understand an input not just a string of letters or numbers?  https://t.co/f0IqTKHlGa  https://t.co/r8vfzipbq0", "likes_count": 0, "replies_count": 0, "retweets_count": 0, "hashtags": []}
{"id": 1140766718387793921, "date": "2019-06-17", "time": "19:42:34", "tweet": "What companies or speakers would you like to see at the #PAY Symposium &amp; Exposition? We are building this show for the industry so we would love your input. August 20 - 21, 2019 at Caesars Palace, Las Vegas.", "likes_count": 0, "replies_count": 0, "retweets_count": 0, "hashtags": ["pay"]}
{"id": 1140766616885616641, "date": "2019-06-17", "time": "19:42:10", "tweet": "I know BH doesn’t always credit jinmin, but I was confused when ppl said JM wasn’t credited for BST, unless they meant production credits that weren’t limited to the chorus. Anyone have some illuminating input?  https://t.co/CUHk6lKqOT", "likes_count": 0, "replies_count": 1, "retweets_count": 0, "hashtags": []}
{"id": 1140766511692308481, "date": "2019-06-17", "time": "19:41:45", "tweet": "iOS개발질문 - common crypto input 데이터 형식 - 아이폰데브  https://t.co/knyDTOK6Ag", "likes_count": 0, "replies_count": 0, "retweets_count": 0, "hashtags": []}
{"id": 1140766486715236352, "date": "2019-06-17", "time": "19:41:39", "tweet": "Logikanyaa  SMAN di Surabaya ada 22 sekolah SMKN di Surabaya ada 11 sekolah  sedangkan  SMPN di Surabaya ada 52 sekolah SMPNTbk di Surabaya ada 12 sekolah. SMP swasta di Surabaya uuuaaaaakuuueeehhhh.  Pertanyaannya:  APAKAH IMBANG ANTARA OUTPUT DAN INPUT NYA??", "likes_count": 0, "replies_count": 0, "retweets_count": 0, "hashtags": []}
{"id": 1140766382134636544, "date": "2019-06-17", "time": "19:41:14", "tweet": "@lagoon83 @peterchayward Input or output random?", "likes_count": 2, "replies_count": 1, "retweets_count": 0, "hashtags": []}
{"id": 1140766312525733894, "date": "2019-06-17", "time": "19:40:57", "tweet": "Thank you for your input Joe!", "likes_count": 1, "replies_count": 0, "retweets_count": 0, "hashtags": []}
{"id": 1140766102089338881, "date": "2019-06-17", "time": "19:40:07", "tweet": "@CentaurFatBock Mind blown. Thank you for input, Mr. Alex.", "likes_count": 0, "replies_count": 1, "retweets_count": 0, "hashtags": []}
{"id": 1140766078529867777, "date": "2019-06-17", "time": "19:40:02", "tweet": "What are the distinct qualities of a relevant history experience? Read the draft and answer a short survey. We value your input. Feedback Needed for Guiding Framework  https://t.co/G0DRjMLJP0", "likes_count": 1, "replies_count": 0, "retweets_count": 0, "hashtags": []}
{"id": 1140766019977392129, "date": "2019-06-17", "time": "19:39:48", "tweet": "Starting up my gaming blog with my first post. Feedback would be dope. Just using this to hone my journalism craft.   Feel free to like my page on facebook if ya want! ( https://t.co/C0Qyo7DKWn)  Samurai Shodown reduced the input lag in Samurai Shodown   https://t.co/IRRgU86AV0  https://t.co/LhG6sakVZp", "likes_count": 0, "replies_count": 0, "retweets_count": 0, "hashtags": []}
{"id": 1140765991829291008, "date": "2019-06-17", "time": "19:39:41", "tweet": "@Tenayden Okay but like... this mom has a history of being asked \"hey, is there a way we can work with *child's name* on *desired behavior or whatever*\" and saying \"oh, he has *insert disorder*\" as a response. No other input, nothing else to say. No hint of anything. At all.", "likes_count": 0, "replies_count": 1, "retweets_count": 0, "hashtags": []}
{"id": 1140765938305896448, "date": "2019-06-17", "time": "19:39:28", "tweet": "@Neterma A socialist model can allow us to regulate and control what's best for us as a society, and have a much wider say and input on the most important aspects of our lives. With that, I believe we wouldn't have the situation we have today.", "likes_count": 0, "replies_count": 0, "retweets_count": 0, "hashtags": []}
{"id": 1140765881812865024, "date": "2019-06-17", "time": "19:39:15", "tweet": "also ok so far ive seen a) beelzebub and dagon r dating which is,, quality but also i saw some1 saying that b) beelzebub pegs gabriel and god arent those just the hottest fucking takes. my input: beelzebub has two hands", "likes_count": 1, "replies_count": 0, "retweets_count": 0, "hashtags": []}
{"id": 1140765860556136448, "date": "2019-06-17", "time": "19:39:10", "tweet": "@SallyAlbright I do highly value your input &amp; when I disagree it is with the highest respect. I never intend to disrespect or insult.", "likes_count": 0, "replies_count": 1, "retweets_count": 0, "hashtags": []}
{"id": 1140765739302846464, "date": "2019-06-17", "time": "19:38:41", "tweet": "I’ve been in way too many meetings where a woman was asked/told to take  notes. I would flat out refuse if it was a topic that needed my input.", "likes_count": 0, "replies_count": 0, "retweets_count": 0, "hashtags": []}
{"id": 1140765693350154245, "date": "2019-06-17", "time": "19:38:30", "tweet": "@AJ_Indiana @riordainn Yup. Bet they'll be reviewing that policy. Doesn't SB have a community-based board to review police cases that's highly diverse? Hopefully they can bring some good input on the investigation.", "likes_count": 5, "replies_count": 0, "retweets_count": 0, "hashtags": []}
{"id": 1140765608713359360, "date": "2019-06-17", "time": "19:38:10", "tweet": "@brandeins Hier noch ein Beispiel aus der Natur: Die ideale #winwinwin #Kooperation der #dreischwestern bohne, mais und kürbis. #Gemeinsam mehr nachhaltige Frucht bei weniger Ressourcen Input - zum Segen für die Menschen.   https://t.co/nGD1Dt0xhq #Zusammenarbeit #partnerschaft", "likes_count": 0, "replies_count": 0, "retweets_count": 0, "hashtags": ["winwinwin", "kooperation", "dreischwestern", "gemeinsam", "zusammenarbeit", "partnerschaft"]}
{"id": 1140765570712739841, "date": "2019-06-17", "time": "19:38:01", "tweet": "@sardesairajdeep @chandan_stp Thank u Pakistan for this great input.....but next time pls tell us who trained them in making IEDs and who provided the raw material..or shall we assume Modi is doing this. Sardesai will take msgs from u on our behalf and inform us via tweet....", "likes_count": 0, "replies_count": 0, "retweets_count": 0, "hashtags": []}
{"id": 1140765402928230550, "date": "2019-06-17", "time": "19:37:21", "tweet": "@ChaucerKate @skytroubled @SassChronicles Funny how it’s always pointed out that the creators only wrote one episode (therefore making their input meaningless when ya’all disagree with them). Unless it’s useful to make a point.🤷🏼‍♀️It’s a shame that the creators didn’t write the finale. Maybe it would have worked w/canon.🤔", "likes_count": 3, "replies_count": 1, "retweets_count": 0, "hashtags": []}
{"id": 1140765372607619073, "date": "2019-06-17", "time": "19:37:13", "tweet": "The party, for its part, does whatever it can to try to minimize the input of people who think like I do when they try to chart their future path.", "likes_count": 0, "replies_count": 1, "retweets_count": 0, "hashtags": []}
{"id": 1140765287974936576, "date": "2019-06-17", "time": "19:36:53", "tweet": "@Eddie_Drood @Jackson88156851 @markegg1985 Here you go, court transcripts. Everything that happened in the '05 trial. No fan or media input. Everything said by prosecution, defense, &amp; witnesses. It exonerates him, &amp; shows why the case never should've gone to trial:  https://t.co/tpjTEmBfnw", "likes_count": 3, "replies_count": 1, "retweets_count": 0, "hashtags": []}
{"id": 1140765193137377280, "date": "2019-06-17", "time": "19:36:31", "tweet": "@rfioyutp @pjoiiwen @MohammedSMahmoo @wizHether @sewernugget @TeamYouTube 🤣🤣🤣 how very tolerant of you. Thanks for the input! 🤣🤣🤣", "likes_count": 0, "replies_count": 0, "retweets_count": 0, "hashtags": []}
{"id": 1140765165165543427, "date": "2019-06-17", "time": "19:36:24", "tweet": "@InPut_Bancho 週末が無い世界から？", "likes_count": 0, "replies_count": 0, "retweets_count": 0, "hashtags": []}
{"id": 1140765129304367105, "date": "2019-06-17", "time": "19:36:15", "tweet": "@SuperKawaiiDesu wow. do you take your thumb off the dpad to input it like that, or can you slide across those points without hitting the corners?", "likes_count": 0, "replies_count": 1, "retweets_count": 0, "hashtags": []}
{"id": 1140765119158394887, "date": "2019-06-17", "time": "19:36:13", "tweet": "@jackf723 @TylerK93 @Summersun704 Nope, BRLTTY can't do grade 2 input. Why, I have no idea. It can't even do that on Linux, the all-powerful OS, lol. As for the beta of brailleback, it still has an awful command structure. Its like it was created by someone who has never used a braille display before.", "likes_count": 0, "replies_count": 1, "retweets_count": 0, "hashtags": []}
{"id": 1140764941877690368, "date": "2019-06-17", "time": "19:35:31", "tweet": "#CMS seeks input on Patients over Paperwork initiative to reduce red tape and to lower costs. #RegulatoryReform #PatientsOverPaperwork #Healthcare  https://t.co/o5DPzAUkDV", "likes_count": 0, "replies_count": 0, "retweets_count": 0, "hashtags": ["cms", "regulatoryreform", "patientsoverpaperwork", "healthcare"]}
{"id": 1140764769328271360, "date": "2019-06-17", "time": "19:34:50", "tweet": "I like privacy to work, I like to thoroughly go thru an idea before anyone else adds their input or advice.", "likes_count": 1, "replies_count": 0, "retweets_count": 0, "hashtags": []}
{"id": 1140764748709019648, "date": "2019-06-17", "time": "19:34:45", "tweet": "@LittletonTodd @SethAbramson @greg_doucette I had minimal input. lol", "likes_count": 1, "replies_count": 0, "retweets_count": 0, "hashtags": []}
{"id": 1140764716538781696, "date": "2019-06-17", "time": "19:34:37", "tweet": "@train_treason @CassLovesToTan @DearAuntCrabby Yeah, you trying to create a scandal over a photograph is some kind of gymnastics, indeed. Again, he's grown. He makes his own decisions, mommy doesn't have a say in it. And I say this as the mom of a grown son. I don't have any input into who he hangs out with.", "likes_count": 0, "replies_count": 1, "retweets_count": 0, "hashtags": []}
{"id": 1140764530114478081, "date": "2019-06-17", "time": "19:33:53", "tweet": "Honored to be giving talk today on Delivering Personalized Precision Medicine In Breast Cancer to staff in Shunde Hospital, China as well as input on cases at breast team conference. This new 2100 bed hospital with 2632 staff led by woman MD wants high Q cancer care for all.  https://t.co/RWa1y1oOva", "likes_count": 12, "replies_count": 1, "retweets_count": 0, "hashtags": []}
{"id": 1140764417769893888, "date": "2019-06-17", "time": "19:33:26", "tweet": "DIAKSES, SELASA 18 JUNI, JAM 06.53 WITA, TPS 11 Bengkulu, Bengkulu Utara, Putri Hijau, Air Petai, . Suara 02 hilang 10 Suara.✔️ .  Input KPU: 01: 142  02: 6✔️ Suara Sah: 158 .  Scan C1 01: 142 02: 16✔️ Suara Sah: 158 . @BawasluRI @Humas_MKRI  https://t.co/6WXZIrBZK2", "likes_count": 9, "replies_count": 1, "retweets_count": 7, "hashtags": []}
{"id": 1140764302447697920, "date": "2019-06-17", "time": "19:32:58", "tweet": "@rheingoldspn That's where we fundamentally disagree lol or at least disagree that it was something he could have and should have developed with no input from anyone around him.   He was a scared traumatized kid who needed guidance, and what he got was a bunch of rules and mystic mumbo jumbo.", "likes_count": 0, "replies_count": 1, "retweets_count": 0, "hashtags": []}
{"id": 1140764257837076488, "date": "2019-06-17", "time": "19:32:48", "tweet": "@lenabadasss @Bavuma__ @All_aMIRRican @__sfoster @AshleyEllen98 @SaVanity__ I can tell them when I choose, but I appreciate your input love", "likes_count": 4, "replies_count": 0, "retweets_count": 0, "hashtags": []}
{"id": 1140764250463277056, "date": "2019-06-17", "time": "19:32:46", "tweet": "mythaandam invited you to use [CashPop]! You can get free Gold by using phone only. Download [CashPop] now. Input Friend's ID: [mythaandam] to get extra 10,000 Gold!!!  https://t.co/FEWQ1X5k9T", "likes_count": 0, "replies_count": 0, "retweets_count": 0, "hashtags": []}
{"id": 1140764218775543808, "date": "2019-06-17", "time": "19:32:38", "tweet": "Great decisions made by SNK on @samuraishodown:  - Reportedly turned down Epic exclusivity deal - Season pass is free with the game until the 30th - Fixed input lag based on community feedback, now it's one of the most responsive fighting games ever  Thanks SNK 😍", "likes_count": 1, "replies_count": 0, "retweets_count": 0, "hashtags": []}
{"id": 1140764179906879490, "date": "2019-06-17", "time": "19:32:29", "tweet": "@blummer27  @RealToddKalas  how much input does AJ have on the RR Express lineups with Altuve and others in rehab assignments?", "likes_count": 0, "replies_count": 0, "retweets_count": 0, "hashtags": []}
{"id": 1140764125406121990, "date": "2019-06-17", "time": "19:32:16", "tweet": "@madblack65 @LisaCoPsych Had a meeting earlier with a wonderful person who attended the recent Glasgow event. She spoke very highly of your input; &amp; I was able to relate to managing some of those trauma triggers that can come unexpectedly &amp; how to make sense. Thank you ❤️", "likes_count": 2, "replies_count": 1, "retweets_count": 1, "hashtags": []}
{"id": 1140764096394084352, "date": "2019-06-17", "time": "19:32:09", "tweet": "@TwitchSupport Hi, did you change clips so that clips created during a section of the VoD that ends up muted are deleted? A clip I created from my stream was deleted without my input, and when I went to clip it again, that section of the VoD was muted.", "likes_count": 0, "replies_count": 0, "retweets_count": 0, "hashtags": []}
{"id": 1140764094070284288, "date": "2019-06-17", "time": "19:32:09", "tweet": "@DanFloydPlus Cool, got it! And I know that it’s technically my decision, but I’d rather  get your input too.", "likes_count": 0, "replies_count": 0, "retweets_count": 0, "hashtags": []}
{"id": 1140763992639455232, "date": "2019-06-17", "time": "19:31:44", "tweet": "Perhaps our Trans or non-binary friends could feel a similar way when their parents don’t accept who they are at first? Idk tho. Input?", "likes_count": 4, "replies_count": 0, "retweets_count": 1, "hashtags": []}
{"id": 1140763923919982592, "date": "2019-06-17", "time": "19:31:28", "tweet": "@hal555 現実世界ではそんなにも月日が経っていたのですね…", "likes_count": 0, "replies_count": 1, "retweets_count": 0, "hashtags": []}
{"id": 1140763893075066881, "date": "2019-06-17", "time": "19:31:21", "tweet": "Lol... so funny.....@FatherBob ...would love your input to this situation haha... sell them all on Gumtree. 😃", "likes_count": 1, "replies_count": 0, "retweets_count": 0, "hashtags": []}
{"id": 1140763881985363968, "date": "2019-06-17", "time": "19:31:18", "tweet": "@bukalapak Mohon bantuan admin input resi  192158392166 resi 000028772321 192158801436 resi 000028770168 192158929396 resi 000028770178 192159046731 resi 000028770181 192159396341 resi 000028222346", "likes_count": 0, "replies_count": 1, "retweets_count": 0, "hashtags": []}
{"id": 1140763878537728001, "date": "2019-06-17", "time": "19:31:17", "tweet": "@BillyD239 Our goal is to research input costs compared to newer Bermuda cultivars, how it handles our nematode pressures, Central Florida weather and playability for our membership.", "likes_count": 1, "replies_count": 2, "retweets_count": 0, "hashtags": []}
{"id": 1140763752335327232, "date": "2019-06-17", "time": "19:30:47", "tweet": "@SomeDadThoughts *input really impressive motivational speech here*", "likes_count": 0, "replies_count": 0, "retweets_count": 0, "hashtags": []}
{"id": 1140763698430185473, "date": "2019-06-17", "time": "19:30:34", "tweet": "Can we get your feedback? We created an introductory product and would love your input. Please click on the link and review our product, a Math Skills Maintenance Book. #LI #FB  https://t.co/GY49eYDBUo  https://t.co/iUu2Fgfivl", "likes_count": 0, "replies_count": 0, "retweets_count": 0, "hashtags": ["li", "fb"]}
{"id": 1140763694248419328, "date": "2019-06-17", "time": "19:30:33", "tweet": "@MelanieGenz2 @Mama_arbeitet Weil sie es müssen, sind sie es. Woher auch immer sie den Energie-Input jeweils zaubern. D a s ist der Punkt.", "likes_count": 0, "replies_count": 0, "retweets_count": 0, "hashtags": []}
{"id": 1140763428509880320, "date": "2019-06-17", "time": "19:29:30", "tweet": "@gothslime I feel that! Thanks for your input, b! 👀✨", "likes_count": 0, "replies_count": 0, "retweets_count": 0, "hashtags": []}
{"id": 1140763394665881600, "date": "2019-06-17", "time": "19:29:22", "tweet": "@SingaporeAir Yes, the iPhone app. No error message, but after you input all the data for a flight booking and press search, it takes you back to flight booking with no explanation.", "likes_count": 0, "replies_count": 1, "retweets_count": 0, "hashtags": []}
