{"id": 1113954349871325184, "date": "2019-04-04", "time": "19:59:47", "tweet": "@parsley72 @nz_liam @futuresprog @MattMcGrathBBC Sure! But the energy input required to create them is phenomenal.", "likes_count": 0, "replies_count": 1, "retweets_count": 0, "hashtags": []}
{"id": 1113954221945180160, "date": "2019-04-04", "time": "19:59:17", "tweet": "@markjonesjr @FlightTestFact Never should have had an automatic single redundant input to a flight control system without the crews knowing about it.  Sad state of affairs this is.", "likes_count": 0, "replies_count": 0, "retweets_count": 1, "hashtags": []}
{"id": 1113954173731479552, "date": "2019-04-04", "time": "19:59:05", "tweet": "@swissborg Input code 3RKU45I for extra 3000 points.  Yes, your referral code will gain yourself and your referred each for 3000 points.", "likes_count": 4, "replies_count": 0, "retweets_count": 0, "hashtags": []}
{"id": 1113954128420659200, "date": "2019-04-04", "time": "19:58:55", "tweet": "@contextproblem One thing that seems crystal clear though is to get off commodity based energy sources, as energy is an input to everything else", "likes_count": 0, "replies_count": 0, "retweets_count": 0, "hashtags": []}
{"id": 1113953721631657984, "date": "2019-04-04", "time": "19:57:18", "tweet": "Martin Fletcher: the Centre will also benefit from input from the international regulatory community which will provide important input from other (non-health) sectors #WHOcollabAHPRA", "likes_count": 1, "replies_count": 0, "retweets_count": 2, "hashtags": ["whocollabahpra"]}
{"id": 1113953666741018626, "date": "2019-04-04", "time": "19:57:05", "tweet": "@hausaufGAGA Hi there! Our streaming rights vary from show to show, network to network based on various factors. With that in mind, we're able to provide some episodes right away while others may take a bit longer. Rest assured we'll be sharing your input with the proper parties here at Hulu!", "likes_count": 0, "replies_count": 0, "retweets_count": 0, "hashtags": []}
{"id": 1113953612361752577, "date": "2019-04-04", "time": "19:56:52", "tweet": "\"TP PKK adalah shadow government atau bayang-bayangnya pemerintah, karena struktur PKK sama seperti pemerintah, yakni dari pusat sampai desa, bahkan kita punya dasawisma  jadi kami bisa jadi input yang baik dalam penanganan stunting\", kata Arumi Bachsin.", "likes_count": 0, "replies_count": 1, "retweets_count": 0, "hashtags": []}
{"id": 1113953590329184257, "date": "2019-04-04", "time": "19:56:46", "tweet": "I feel other country's, not only USA, should be aware of how you feel. This most assuredly spreads viewpoints quite a bit. To tell you the truth, I questioned your input re: immigration. It is humiliating to us, who have worked so hard to make USA a Great Country. He will FIX.", "likes_count": 1, "replies_count": 0, "retweets_count": 0, "hashtags": []}
{"id": 1113953572037595137, "date": "2019-04-04", "time": "19:56:42", "tweet": "📆 #CalEnergy is holding workshops throughout the state this month to discuss &amp; gather input on the 2019 California Energy Efficiency Action Plan.  San Francisco, Redding, Fresno, Los Angeles, &amp; San Diego.  Details on how to join in person or online:   https://t.co/5uzvvPsOM6 📆⚡️", "likes_count": 11, "replies_count": 0, "retweets_count": 7, "hashtags": ["calenergy"]}
{"id": 1113953553712910337, "date": "2019-04-04", "time": "19:56:38", "tweet": "@yackieroy First- nice! That's definitely something you can use. I just changed it to show the variation you can have + easier to hit confirm.  Secondly, that's just the input I do in the vid tbh. It builds an extra bit of bar and brings them down a bit more, otherwise idk.", "likes_count": 1, "replies_count": 1, "retweets_count": 0, "hashtags": []}
{"id": 1113953545965846528, "date": "2019-04-04", "time": "19:56:36", "tweet": "@12Gagesoftworks I'd be down to meet him, too! Especially if he needs some more trans perspective/input. I did heavy duty church all my life and taught Bible camp for a while, so I'm pretty church-familiar.", "likes_count": 0, "replies_count": 0, "retweets_count": 0, "hashtags": []}
{"id": 1113953341053128704, "date": "2019-04-04", "time": "19:55:47", "tweet": "@KenDilanianNBC We'll believe that when we hear that from Mueller's mouth directly or until we get a copy of the full report minus some intelligence methods used as is the standard. Barr's summary is not a legal anything, his input has no bearing on the facts presented.", "likes_count": 0, "replies_count": 0, "retweets_count": 0, "hashtags": []}
{"id": 1113953223436587008, "date": "2019-04-04", "time": "19:55:19", "tweet": "USAF Seeking AI ‘Input’ for ‘Skyborg’ Program  https://t.co/YvFixFI4iq  https://t.co/t5TduXUNYP", "likes_count": 0, "replies_count": 0, "retweets_count": 0, "hashtags": []}
{"id": 1113953194504278016, "date": "2019-04-04", "time": "19:55:12", "tweet": "@alpharadtv Smash 4 Cloud NAir on every move but a lil different and sometimes it hurt mor depend on input mayb", "likes_count": 0, "replies_count": 0, "retweets_count": 0, "hashtags": []}
{"id": 1113953186698682369, "date": "2019-04-04", "time": "19:55:10", "tweet": "Money Cube - An APP which will help you get MONEY for free. Input my invite code ❤3CNT5❤ after installation, and you will get 1000 Clicks. Download link:  https://t.co/uDP0b04WlJ", "likes_count": 0, "replies_count": 0, "retweets_count": 0, "hashtags": []}
{"id": 1113953072668127232, "date": "2019-04-04", "time": "19:54:43", "tweet": "@NazDumanskyy I really want to do things eventually like show them custom stats about their interaction with the website (comments, documents 'liked', etc...). So probably dynamic. The user wouldn't have input, that would all be done by the admin and then the dashboard updates dynamically", "likes_count": 0, "replies_count": 1, "retweets_count": 0, "hashtags": []}
{"id": 1113953059137314817, "date": "2019-04-04", "time": "19:54:40", "tweet": "@doonns I highly doubt that he does feel any regrets in taking this job. I don't think he has many morals honestly, therefore he would have difficulty having  regret. It makes you wonder what kind of person he's married to, they clearly either  don't have any input or morals of there own", "likes_count": 0, "replies_count": 0, "retweets_count": 0, "hashtags": []}
{"id": 1113953057841106944, "date": "2019-04-04", "time": "19:54:39", "tweet": "@BelialRus @Red_Lionheart Input buffer and to much patching. I would of like the game delayed a year to work things out.", "likes_count": 0, "replies_count": 0, "retweets_count": 0, "hashtags": []}
{"id": 1113953050601902082, "date": "2019-04-04", "time": "19:54:38", "tweet": "My exact input on e-cigs", "likes_count": 1, "replies_count": 0, "retweets_count": 0, "hashtags": []}
{"id": 1113952970872360961, "date": "2019-04-04", "time": "19:54:19", "tweet": "@Marsh_Spain @SittingCalf Obama &amp; US govt (along with UN, EU, UK, France, Russia, China, Germany) lifted some sanctions on Iran in return for open @iaeaorg inspections to verify no nuclear weapons program. But nothing similar is in place re SaudiArabia. I’ll leave the chat here, but thanks for the input.", "likes_count": 8, "replies_count": 1, "retweets_count": 3, "hashtags": []}
