{"id": 1137871968450076672, "date": "2019-06-09", "time": "19:59:52", "tweet": "Pakistan's counter terrorism, counter subversion and counter intelligence efforts need real input and reinforcement from her Govt of the day with a matching political will.", "likes_count": 0, "replies_count": 0, "retweets_count": 0, "hashtags": []}
{"id": 1137871883687407617, "date": "2019-06-09", "time": "19:59:32", "tweet": "man someone needs to make a vanguard deck builder page that automatically prices the deck as you input cards based on prices from sites that sell cards, but thats a little tricky, considering youd probably need permission from sellers to use their site data", "likes_count": 5, "replies_count": 1, "retweets_count": 0, "hashtags": []}
{"id": 1137871850288009216, "date": "2019-06-09", "time": "19:59:24", "tweet": "Updated PC/stream setup, now with 100% less CRT, and no added input delay  https://t.co/6sX7k8f2nw", "likes_count": 21, "replies_count": 7, "retweets_count": 0, "hashtags": []}
{"id": 1137871828314132480, "date": "2019-06-09", "time": "19:59:19", "tweet": "@Bexohs had this issue a million times. i deleted the input and reconnected it after unplugging everything", "likes_count": 1, "replies_count": 1, "retweets_count": 0, "hashtags": []}
{"id": 1137871749150695424, "date": "2019-06-09", "time": "19:59:00", "tweet": "@Marlwolfe Ness biggest weakness is he's the most unresponsive character in the game, and this game is already wildly unresponsive with its insane input lag and buffering system.", "likes_count": 0, "replies_count": 0, "retweets_count": 0, "hashtags": []}
{"id": 1137871697288290306, "date": "2019-06-09", "time": "19:58:47", "tweet": "@Sweetenlife I don’t need medical help. I was asking for people who have been to a gynecologist before to give input on something I’ve never done before. Big difference.", "likes_count": 0, "replies_count": 1, "retweets_count": 0, "hashtags": []}
{"id": 1137871480346337281, "date": "2019-06-09", "time": "19:57:56", "tweet": "@BlairHduQuesnay What's the problem? Can you ask your dad to give the kid input? It's like mini-dad. Maybe there are some good lessons to impart this early. Can't hurt to try ( if you can)", "likes_count": 0, "replies_count": 0, "retweets_count": 0, "hashtags": []}
{"id": 1137871413812092929, "date": "2019-06-09", "time": "19:57:40", "tweet": "@dpbrugler @Whataburger Please don’t leave!😭 I’m going to miss your input on the Dallas Cowboys so much! Good luck on your future endeavors!! @dpbrugler", "likes_count": 1, "replies_count": 0, "retweets_count": 0, "hashtags": []}
{"id": 1137871268974407681, "date": "2019-06-09", "time": "19:57:05", "tweet": "Another one I need more input and ideas on: how do you differentiate instruction?", "likes_count": 0, "replies_count": 1, "retweets_count": 0, "hashtags": []}
{"id": 1137871267019669505, "date": "2019-06-09", "time": "19:57:05", "tweet": "@kristinamcaruso @bigdaddyshane1 @keithellison @IlhanMN Well if you went to 6 years of college and have a masters degree and make less then what the median pay for a teacher is then your point is valid. If you don’t have six years of college, a degree and a license in your field and a masters, then you really have zero input on this.", "likes_count": 2, "replies_count": 1, "retweets_count": 0, "hashtags": []}
{"id": 1137871195867635712, "date": "2019-06-09", "time": "19:56:48", "tweet": "@heeyawbois I failed that class so I literally have zero input on this topic whatsoever but go oaf sis  https://t.co/urCNnwrw7u", "likes_count": 3, "replies_count": 0, "retweets_count": 0, "hashtags": []}
{"id": 1137871105597665280, "date": "2019-06-09", "time": "19:56:26", "tweet": "Thank you @producersguild for this amazing panel, it touched issues that I deeply care about, everyone had wonderful input and it was a blessing to hear how far we come and the struggle it took to get here. @PoseOnFX @FreeformTVPR  https://t.co/0vTadeOSIA", "likes_count": 8, "replies_count": 0, "retweets_count": 1, "hashtags": []}
{"id": 1137871052380528640, "date": "2019-06-09", "time": "19:56:14", "tweet": "@kalopsia4u The timing is a but weird thou but when u find that window u will see its actually easy. Try timing assist and perfect attack m with different timings and the second perfect attack input it fast but also so it hits kinda when the assist blockstuns over its not as hard as it sound", "likes_count": 0, "replies_count": 0, "retweets_count": 0, "hashtags": []}
{"id": 1137871045891887105, "date": "2019-06-09", "time": "19:56:12", "tweet": "Last valid input: 2019-06-10 08:56:09.821739 Temperature: 29.00 C Humidity: 56.00 %", "likes_count": 0, "replies_count": 0, "retweets_count": 0, "hashtags": []}
{"id": 1137870851519524866, "date": "2019-06-09", "time": "19:55:26", "tweet": "@shumway_trent Trent oh my gosh you're too sweet, thanks for the shout out! I loved meeting you and I definitely treasure your input and advice (artistic or lifewise) everytime you give it❤ ily❤  https://t.co/RXdZfPkQx9", "likes_count": 3, "replies_count": 0, "retweets_count": 0, "hashtags": []}
{"id": 1137870826953306112, "date": "2019-06-09", "time": "19:55:20", "tweet": "@WritNelson Those formats are usually the input to a pipeline that converts the files to a different working format. (most) Engines don't consume those files natively.", "likes_count": 1, "replies_count": 0, "retweets_count": 0, "hashtags": []}
{"id": 1137870821194641409, "date": "2019-06-09", "time": "19:55:19", "tweet": "@carbonology_ @ProductHunt @rrhoover @levelsio @Booligoosh You need a budget, but marketing doesn’t have to be super expensive. The better you are at it, the cheaper it can be (lower customer acquisition cost).  Happy to hear your input though. A lot of people feel the same way you do. Might be onto something 😀  Thanks!", "likes_count": 2, "replies_count": 2, "retweets_count": 0, "hashtags": []}
{"id": 1137870722959904769, "date": "2019-06-09", "time": "19:54:55", "tweet": "La quintu siempre🤪 en Input Boliche Palermo  https://t.co/XGikQmxiQj", "likes_count": 0, "replies_count": 0, "retweets_count": 0, "hashtags": []}
{"id": 1137870574489952256, "date": "2019-06-09", "time": "19:54:20", "tweet": "@toucansamharris @iamRen4ever @benjamin_ksAYY @johnny_S2J @G2Westballz @Legend0fLucky You might think, but shl doesn't require L-cancels, which is an extra input for every action. So, if Falcon is putting out nairs around the same speed then that's an extra action per rotation. Just as an example, I dont know the actual numbers.", "likes_count": 0, "replies_count": 0, "retweets_count": 0, "hashtags": []}
{"id": 1137870517350744064, "date": "2019-06-09", "time": "19:54:06", "tweet": "Create Mockup for all the data input of the project.  https://t.co/AaR0XyiVkv #github", "likes_count": 0, "replies_count": 0, "retweets_count": 0, "hashtags": ["github"]}
