{"id": 1127362635400458240, "date": "2019-05-11", "time": "19:59:32", "tweet": "@johnregehr If a program fragment with a formal denotation of incorrect behavior still produces correct values for every input, is it a bug? Is a tiny alteration that makes it then not produce a correct value a bug? Is it a boundary value problem? What is the algebra of bug?", "likes_count": 1, "replies_count": 1, "retweets_count": 0, "hashtags": []}
{"id": 1127362555339517953, "date": "2019-05-11", "time": "19:59:13", "tweet": "The new democratic way. Push things through, ignore any input, keep the base satisfied and worry about reelection sometime later. How this works in government but not in any other aspect of life is beyond me.   https://t.co/thuFQSAqqB", "likes_count": 0, "replies_count": 0, "retweets_count": 0, "hashtags": []}
{"id": 1127362545294036992, "date": "2019-05-11", "time": "19:59:10", "tweet": "@Ben_Darling @PrisonPlanet @RVAwonk @NatObserver It’s curious that I don’t see Trump’s name, and a private citizen needs to make it about Trump. Somehow Trump (and Watson) are symptoms. They are not worthy of being “the disease”. Thanks for your input.", "likes_count": 0, "replies_count": 0, "retweets_count": 0, "hashtags": []}
{"id": 1127362254083694593, "date": "2019-05-11", "time": "19:58:01", "tweet": "In partnership with @KPMG, we want to understand the current state of Sports Technology startups and the #SportsTech sector in Victoria. Your input will aid us to support the continued growth of this sector. Access the survey here:  https://t.co/i0JJgcxl8H.  Ends May 13.  https://t.co/werMymctNU", "likes_count": 2, "replies_count": 0, "retweets_count": 0, "hashtags": ["sportstech"]}
{"id": 1127361986696830976, "date": "2019-05-11", "time": "19:56:57", "tweet": "I feel like my biggest struggle with drawing on the iPad is the lack of texture/resistance. Everything feels a bit too slippery.  I guess I could try one of those \"paperclip\" screen protectors.  Any artist friendos have input on this?", "likes_count": 1, "replies_count": 2, "retweets_count": 0, "hashtags": []}
{"id": 1127361785097535488, "date": "2019-05-11", "time": "19:56:09", "tweet": "Input? 😏", "likes_count": 0, "replies_count": 0, "retweets_count": 0, "hashtags": []}
{"id": 1127361764922929153, "date": "2019-05-11", "time": "19:56:04", "tweet": "The Lakers are really letting Rambis and Jackson guide their hiring decisions? They looked at the 2014-17 Knicks and thought that they needed input from the minds behind that?", "likes_count": 2, "replies_count": 3, "retweets_count": 1, "hashtags": []}
{"id": 1127361472378617858, "date": "2019-05-11", "time": "19:54:55", "tweet": "The preservation of reputation across generations is the best way to maintain titles.  However, each individual’s input is diminished; family name over everything.   https://t.co/clD2YEVNqQ", "likes_count": 0, "replies_count": 1, "retweets_count": 0, "hashtags": []}
{"id": 1127361379445411840, "date": "2019-05-11", "time": "19:54:32", "tweet": "“Please add your input in our national tracking poll for the week by representing your area today. Show us where you stand in relation to the Fake News Polls.  Weekly President Trump Tracking Poll [May 4 - May 11]”   (Image of “polling” data)", "likes_count": 0, "replies_count": 1, "retweets_count": 0, "hashtags": []}
{"id": 1127361050918236161, "date": "2019-05-11", "time": "19:53:14", "tweet": "Should I wear my Cardinals jersey to Wrigley tomorrow? I think so but give me some input.", "likes_count": 3, "replies_count": 1, "retweets_count": 0, "hashtags": []}
{"id": 1127360814921519111, "date": "2019-05-11", "time": "19:52:18", "tweet": "I enjoy people’s input when it’s not being forced at me. And I enjoy people helping until it’s unsolicited. Because at the end of the day my baby is more important than their opinions or feelings. And yet here I am crying because of other people’s feelings being hurt.", "likes_count": 0, "replies_count": 0, "retweets_count": 0, "hashtags": []}
{"id": 1127360497647591424, "date": "2019-05-11", "time": "19:51:02", "tweet": "UT Students, Faculty &amp; Staff: Tell us about your UT Shuttle experience. Your input will help inform future service to meet campus needs. Plus, you could win an amazing Amazon gift card!  https://t.co/czZU7tpQvr  https://t.co/L1BGVgDQNp", "likes_count": 6, "replies_count": 0, "retweets_count": 1, "hashtags": []}
{"id": 1127360495378288645, "date": "2019-05-11", "time": "19:51:02", "tweet": "Sudoku Puzzle Game for iPhone:By putting in \"flick input mode\" that enables players to put digits 1 from 9 easily! https://t.co/fwivhr7IcX", "likes_count": 0, "replies_count": 0, "retweets_count": 0, "hashtags": []}
{"id": 1127360469126094848, "date": "2019-05-11", "time": "19:50:55", "tweet": "@Sam_Vecenie @pinwheelempire This is like signing Flacco but taking a young QB in the first round. Flacco has no input lol", "likes_count": 0, "replies_count": 0, "retweets_count": 0, "hashtags": []}
{"id": 1127360263567675397, "date": "2019-05-11", "time": "19:50:06", "tweet": "@senatemajldr So you want to compliment him for the one thing he hasn’t had any input in?", "likes_count": 0, "replies_count": 0, "retweets_count": 0, "hashtags": []}
{"id": 1127360257552818177, "date": "2019-05-11", "time": "19:50:05", "tweet": "P0720 2009 FORD FUSION - Output Speed Sensor Insufficient Input  https://t.co/3OSdlkTh0H #autocodes  https://t.co/WoqEyl32Qb", "likes_count": 0, "replies_count": 0, "retweets_count": 0, "hashtags": ["autocodes"]}
{"id": 1127359983362945024, "date": "2019-05-11", "time": "19:49:00", "tweet": "@cpwooduk Hi Chris 👋 We really like these ideas and will be sure to pass them along to our team for consideration. As we're always looking for ways to improve the Starling experience, your input is much appreciated 🙂", "likes_count": 0, "replies_count": 1, "retweets_count": 0, "hashtags": []}
{"id": 1127359941289836544, "date": "2019-05-11", "time": "19:48:49", "tweet": "@Liam20394965 That is a great idea! I just might go through with this in the very near future :) thank you for the input!", "likes_count": 1, "replies_count": 1, "retweets_count": 0, "hashtags": []}
{"id": 1127359915431907328, "date": "2019-05-11", "time": "19:48:43", "tweet": "@cheetaylicious @Noochone @bensonsalex @SVUWritersRoom @nbcsvu @JulieMartinSVU @warrenleightTV If it was a problem the actors have input too I just think show wouldn't be here 21 years if it were bad.", "likes_count": 0, "replies_count": 0, "retweets_count": 0, "hashtags": []}
{"id": 1127359873933508608, "date": "2019-05-11", "time": "19:48:33", "tweet": "@joselilli1 @nerdfab16 @Bram_Duin @DiiGiiTAL_exe @RAGEgame @PaulTassi @Forbes And because my worries about my phone listening to me, and reading all my input wasn't high enough, I present to you my first game ad in months. Which also very oddly specifically happens to be Rage 2.  https://t.co/wfZgLDWplj", "likes_count": 2, "replies_count": 1, "retweets_count": 0, "hashtags": []}
{"id": 1127359629917208576, "date": "2019-05-11", "time": "19:47:35", "tweet": "Thinking of a minor rebrand as I work towards a fine art services business (portraiture, scanning, printing, framing). Need input.", "likes_count": 0, "replies_count": 1, "retweets_count": 0, "hashtags": []}
{"id": 1127359356113125377, "date": "2019-05-11", "time": "19:46:30", "tweet": "just lost a match in a wifi tourney cuz of shitty input lag fuck", "likes_count": 0, "replies_count": 1, "retweets_count": 0, "hashtags": []}
{"id": 1127359156187484160, "date": "2019-05-11", "time": "19:45:42", "tweet": "@brianlewis3282 You don’t have to explain yourself to MAGATS. Neighbors are NOT BYSTANDERS. End of argument. From 1 sane American 🇺🇸, I welcome your input. BTW-Lake of the Woods is magnificent! (The family used to have a place there.)❤️🇨🇦🌊🌊🌊🌊🌊☮️❄️  https://t.co/ijvmd101yK", "likes_count": 1, "replies_count": 1, "retweets_count": 0, "hashtags": []}
{"id": 1127358984988635138, "date": "2019-05-11", "time": "19:45:01", "tweet": "@BazzOReilly @CDL_Gaming Thank you Bazz, everyday is a school day 👍 quality input 🤘🏼", "likes_count": 1, "replies_count": 0, "retweets_count": 0, "hashtags": []}
{"id": 1127358764380819456, "date": "2019-05-11", "time": "19:44:09", "tweet": "@RayleneH Looks like a Fender Jazzmaster. 5he obvious is the tremolo arm is in the input jack instead of the tail piece. They stopped using clay dot markers in 64 so this guitar is dated later. The pick guard looks gold anodized which is unusual to me. Must be a reissue.", "likes_count": 0, "replies_count": 0, "retweets_count": 0, "hashtags": []}
{"id": 1127358722651475968, "date": "2019-05-11", "time": "19:43:59", "tweet": "I'm selling 4Channel 2x250W USB/SD Bluetooth Input Powered Mixer PMX402 at 15% off! RM458.15 only. Get it on Shopee now!  https://t.co/7uDwhBaCb5 #ShopeeMY", "likes_count": 2, "replies_count": 0, "retweets_count": 0, "hashtags": ["shopeemy"]}
{"id": 1127358631928840193, "date": "2019-05-11", "time": "19:43:37", "tweet": "ur passive aggressive input is always appreciated &lt;3", "likes_count": 1, "replies_count": 0, "retweets_count": 0, "hashtags": []}
{"id": 1127358601088184320, "date": "2019-05-11", "time": "19:43:30", "tweet": "Let me take the time to apologize to anyone I may have unintentionally offended tonight on #NativeTwitter.  This was never my intent, which I'm sure you hear all to often.  I truly welcome all information and input you're willing to share. My DMs are always open.", "likes_count": 2, "replies_count": 1, "retweets_count": 1, "hashtags": ["nativetwitter"]}
{"id": 1127358508884606977, "date": "2019-05-11", "time": "19:43:08", "tweet": "@stevewoz Any input on what’s the electric car to get these days? My 2017 Volt lease is expiring and not sure I can find a 2019. Bolt has no Adaptive Cruise Control, Tesla no Car Play/hauling room, Hyundai Kona?", "likes_count": 0, "replies_count": 0, "retweets_count": 0, "hashtags": []}
{"id": 1127358427276161024, "date": "2019-05-11", "time": "19:42:49", "tweet": "I'm in the market for a short body Cadillac CTS or a BMW, any input from owners?", "likes_count": 0, "replies_count": 0, "retweets_count": 0, "hashtags": []}
{"id": 1127358368857894917, "date": "2019-05-11", "time": "19:42:35", "tweet": "@Xiolate @TTfue I feel bad for players still hanging around after they stopped playing fortnite just to put their negative input into tweets about fortnite.", "likes_count": 1, "replies_count": 1, "retweets_count": 0, "hashtags": []}
{"id": 1127358303955189762, "date": "2019-05-11", "time": "19:42:19", "tweet": "These franchises need input from actual fans/developers of the IP so that design, implementation, and interaction goes smoothly and doesn't stray from the original design of the characters. Sega has had no input on this movie, but Det. Pikachu had tons. One has been successful.", "likes_count": 1, "replies_count": 0, "retweets_count": 0, "hashtags": []}
{"id": 1127358302961197057, "date": "2019-05-11", "time": "19:42:19", "tweet": "These past two retweets showcases a glaring problem with how the Sonic movie is being handled, and that's that no one who actually knows Sonic had any input on the movie. It's the same reason Mania was so successful after so many years of subpar games.", "likes_count": 1, "replies_count": 1, "retweets_count": 0, "hashtags": []}
{"id": 1127358246639915008, "date": "2019-05-11", "time": "19:42:05", "tweet": "@KPU_ID Panik yaa, makanya jangan salah input terus", "likes_count": 0, "replies_count": 0, "retweets_count": 0, "hashtags": []}
{"id": 1127358094378332160, "date": "2019-05-11", "time": "19:41:29", "tweet": "You can see the last 3,200 tweets of any one on twitter at: updated daily. No need to miss any tweet.  https://t.co/I1RGw7HAvn Just input the person's handle. Mine is @lnnie or you can enter anyone you like.", "likes_count": 0, "replies_count": 0, "retweets_count": 0, "hashtags": []}
{"id": 1127358075126657024, "date": "2019-05-11", "time": "19:41:25", "tweet": "@jolene002 @planetjedward @JepicHQ They are hilarious their banter is amazing love all three cameos of sharknado John&amp;Edward were in and riverdale I lost interest 🤷‍♀️ but love their input", "likes_count": 1, "replies_count": 2, "retweets_count": 0, "hashtags": []}
{"id": 1127356887454773249, "date": "2019-05-11", "time": "19:36:41", "tweet": "@supercoachjords Heeney also has a role change (more fwd) on top of his stubbornness to not have surgery and play injured . You cannot be a premo if your input depends on another player playing", "likes_count": 0, "replies_count": 0, "retweets_count": 0, "hashtags": []}
{"id": 1127356632302678016, "date": "2019-05-11", "time": "19:35:41", "tweet": "@elijah7kilo I appreciate your input Elijah. Thank you.", "likes_count": 0, "replies_count": 0, "retweets_count": 0, "hashtags": []}
{"id": 1127356597196525568, "date": "2019-05-11", "time": "19:35:32", "tweet": "LAVE IS at breaking things at least one input where it can be win zomgitAYAYA", "likes_count": 0, "replies_count": 0, "retweets_count": 0, "hashtags": []}
{"id": 1127356593220116480, "date": "2019-05-11", "time": "19:35:31", "tweet": "Setelah situng KPU sll salah input merugikan 02 kini rekap manual di tingkat propinsi, juga merugikan 02 lagi dan saksi Prabowo Sandi tolak tanda tangani hasil pengitungan suara Jatim karena banyak kejanggalan!!   https://t.co/2qMEnuAPUx", "likes_count": 12, "replies_count": 0, "retweets_count": 3, "hashtags": []}
{"id": 1127356377096048640, "date": "2019-05-11", "time": "19:34:40", "tweet": "Saya selaku penerima/ pembeli juga sangat dirugikan, masih bs dikomplain &amp; diperbaiki kalau memang kesalahan dr pihak pengirim. Lha ini, rugi bgt, sdh salah input kode area dr awal, minta solusi hnya dijawab menunggu sj jawabannya, sdg ON PROCESS. Itu namanya bkn solusi @JNECare", "likes_count": 0, "replies_count": 0, "retweets_count": 0, "hashtags": []}
{"id": 1127356348688162823, "date": "2019-05-11", "time": "19:34:33", "tweet": "@SnowSkiForLife Not yet!! I have some ideas and am trying to pull together an initiative. Going to get input here GA. I am ready to quit this state tho. Doing rideshare with an EV. Have 1 contact in portland...", "likes_count": 0, "replies_count": 1, "retweets_count": 0, "hashtags": []}
{"id": 1127356316853391365, "date": "2019-05-11", "time": "19:34:25", "tweet": "@FBretl Großer, ich dank dir für deinen Input, aber eine RTX 2060 hat kaum mehr Leistung als meine GPU und ein i5 würde bei meiner Anwendung wahrscheinlich einfach verglühen. ;)  Ich weiß was ich brauche und ich weiß leider auch, was das kostet. Geld. Geld ist das eigentliche Problem. ;)", "likes_count": 1, "replies_count": 1, "retweets_count": 0, "hashtags": []}
{"id": 1127356268904177665, "date": "2019-05-11", "time": "19:34:14", "tweet": "@Dustoffguy1 I think it's good advice, to listen to people who may have good input and suggestions for you. I'm not sure why you hear my suggestion that you listen as oppression. You have even been known to ask for my advice voluntarily...  Again, nothing I said even suggested you be quiet.", "likes_count": 1, "replies_count": 0, "retweets_count": 0, "hashtags": []}
{"id": 1127356063718756352, "date": "2019-05-11", "time": "19:33:25", "tweet": "@maggiebeiser thanks for this input!", "likes_count": 0, "replies_count": 0, "retweets_count": 0, "hashtags": []}
{"id": 1127356059721461760, "date": "2019-05-11", "time": "19:33:24", "tweet": "@emmahusarmp I have a “non nuclear” family and am thrilled that she gets it and might have input into policy around the issues.  I’m going looking for her book!", "likes_count": 2, "replies_count": 0, "retweets_count": 1, "hashtags": []}
{"id": 1127355877193846784, "date": "2019-05-11", "time": "19:32:41", "tweet": "this was the whole thing btw, leave input if u want i’m very clueless about this whole thing and am very open to being educated!!  https://t.co/i7rW01jWhb", "likes_count": 0, "replies_count": 1, "retweets_count": 0, "hashtags": []}
{"id": 1127355823552753664, "date": "2019-05-11", "time": "19:32:28", "tweet": "NSW ICAC also want to know how to improve community consultations and protect input of marginalised communities. See their discussion paper. Awesome. Let's get ahead of this rather than whinge and call for RCs when it's all gone wrong. #nswpol", "likes_count": 2, "replies_count": 0, "retweets_count": 1, "hashtags": ["nswpol"]}
{"id": 1127355748747399170, "date": "2019-05-11", "time": "19:32:10", "tweet": "@textfiles This doesn't include monitor, printer, and input devices, but still a bargain in comparison.", "likes_count": 1, "replies_count": 1, "retweets_count": 0, "hashtags": []}
{"id": 1127355731072770048, "date": "2019-05-11", "time": "19:32:06", "tweet": "@EbonyNaija1 He wants input from people who are into him, but not THAT into him yet??", "likes_count": 0, "replies_count": 0, "retweets_count": 0, "hashtags": []}
{"id": 1127355555603869697, "date": "2019-05-11", "time": "19:31:24", "tweet": "NSW ICAC also want to know how to improve community consultations and protect input of marginalised communities. See their discussion paper. Awesome. Let's get ahead of this rather than whinge and call for RCs when it's all gone wrong. #nswpol", "likes_count": 1, "replies_count": 1, "retweets_count": 2, "hashtags": ["nswpol"]}
{"id": 1127355505872199683, "date": "2019-05-11", "time": "19:31:12", "tweet": "Can we get your feedback? We created an introductory product and would love your input. Please click on the link and review our product, a Math Skills Maintenance Book. #LI #FB  https://t.co/GY49eYDBUo  https://t.co/lMAvCnkKB5", "likes_count": 0, "replies_count": 0, "retweets_count": 0, "hashtags": ["li", "fb"]}
{"id": 1127355415401062401, "date": "2019-05-11", "time": "19:30:50", "tweet": "@johnregehr This is the best C++ compiler.  It’s very forgiving of undefined behavior.  It cannot produce output that crashes or has exploitable security flaws.  It runs quickly on any size input.  Any purported deviation from the spec is minor by comparison.", "likes_count": 11, "replies_count": 0, "retweets_count": 0, "hashtags": []}
{"id": 1127355341463625728, "date": "2019-05-11", "time": "19:30:33", "tweet": "doing some sssv stuff again now. I kinda want some input on my next youtube video before i finish it, so stop by and I'll take your input!  https://t.co/yBwF0jDsjF", "likes_count": 0, "replies_count": 0, "retweets_count": 0, "hashtags": []}
{"id": 1127355246735282176, "date": "2019-05-11", "time": "19:30:10", "tweet": "@EcoSenseNow we need nuclear power because of its high energy return on energy invested (input) not only for the developed world, but to develop the rest of the world within the lifetime of people alive today", "likes_count": 0, "replies_count": 0, "retweets_count": 0, "hashtags": []}
{"id": 1127355234966097920, "date": "2019-05-11", "time": "19:30:07", "tweet": "Laravel Add Remove input fields Dynamically using jQuery  https://t.co/7SnACSBEZY", "likes_count": 0, "replies_count": 0, "retweets_count": 0, "hashtags": []}
{"id": 1127354913246339079, "date": "2019-05-11", "time": "19:28:51", "tweet": "@afdcaptrb Oh wait, you are a retired firefighter. Any advice? I’d appreciate your input.", "likes_count": 1, "replies_count": 1, "retweets_count": 0, "hashtags": []}
{"id": 1127354750821789696, "date": "2019-05-11", "time": "19:28:12", "tweet": "kinda wanna watch endgame in 3d tomorrow but idk @InRealLife whats your input", "likes_count": 0, "replies_count": 0, "retweets_count": 0, "hashtags": []}
{"id": 1127354606315393024, "date": "2019-05-11", "time": "19:27:38", "tweet": "@JeremyECrawford centaur and mounted combatant...input on this?", "likes_count": 0, "replies_count": 0, "retweets_count": 0, "hashtags": []}
{"id": 1127354555354701824, "date": "2019-05-11", "time": "19:27:25", "tweet": "@EdKrassen The #sexstrike is only for men who think they can have a say on women's bodies. If they're not prepared to have a national vasectomy procedure until they're ready for fatherhood, then their input is moot.", "likes_count": 0, "replies_count": 0, "retweets_count": 0, "hashtags": ["sexstrike"]}
{"id": 1127354551822999552, "date": "2019-05-11", "time": "19:27:25", "tweet": "NSW ICAC also want to know how to improve community consultations and protect input of marginalised communities. See their discussion paper. Awesome. Let's get ahead of this rather than whinge and call for RCs when it's all gone wrong. #nswpol", "likes_count": 0, "replies_count": 0, "retweets_count": 0, "hashtags": ["nswpol"]}
{"id": 1127354543958892544, "date": "2019-05-11", "time": "19:27:23", "tweet": "@HomicideSocial You're right. It looks more balanced with the white areas than without them. Thanks for your input!", "likes_count": 0, "replies_count": 0, "retweets_count": 0, "hashtags": []}
{"id": 1127354519103385601, "date": "2019-05-11", "time": "19:27:17", "tweet": "@JillWineBanks Jill in looking over your profile once againI see that you has birthday May 5th. That is my birthday as well. I hope you had a good one, and have many more. Love watching you on tv. My wife and I both have said to each other how much we're enjoy your input. Thanks", "likes_count": 0, "replies_count": 0, "retweets_count": 0, "hashtags": []}
{"id": 1127354377478348800, "date": "2019-05-11", "time": "19:26:43", "tweet": "The Telegraph's front page story on Modiji's complete input for the Balakot air strike!  https://t.co/IrE9LGPwWA", "likes_count": 11, "replies_count": 2, "retweets_count": 13, "hashtags": []}
{"id": 1127354339079671816, "date": "2019-05-11", "time": "19:26:34", "tweet": "@SeanSmith_SD @ThePoniExpress Andrew and I are buddies. I like him and think he is excellent at what he does. He puts something on Twitter that I ask him about it isn’t picking a fight. We are both big boys. He knows it isn’t personal and comes with the territory. But thanks for your input.", "likes_count": 2, "replies_count": 2, "retweets_count": 0, "hashtags": []}
{"id": 1127354232510799873, "date": "2019-05-11", "time": "19:26:08", "tweet": "@bellin43_ Yeah, I ended up the white areas in the final design, because it gives a good contrast between the colors and it looks better with sponsors. Thanks for your input!", "likes_count": 1, "replies_count": 0, "retweets_count": 0, "hashtags": []}
{"id": 1127354065518641153, "date": "2019-05-11", "time": "19:25:29", "tweet": "NSW ICAC also want to know how to improve community consultations and protect input of marginalised communities. See their discussion paper. Awesome. Let's get ahead of this rather than whinge and call for RCs when it's all gone wrong. #nswpol", "likes_count": 0, "replies_count": 0, "retweets_count": 0, "hashtags": ["nswpol"]}
{"id": 1127353772647354368, "date": "2019-05-11", "time": "19:24:19", "tweet": "@VentiVentea thank you for the input", "likes_count": 0, "replies_count": 0, "retweets_count": 0, "hashtags": []}
{"id": 1127353703998967808, "date": "2019-05-11", "time": "19:24:02", "tweet": "More driver input or 'just make the rules and be done with it?'  https://t.co/0H22SBa1Vf", "likes_count": 1, "replies_count": 0, "retweets_count": 0, "hashtags": []}
{"id": 1127353664870416384, "date": "2019-05-11", "time": "19:23:53", "tweet": "#TIL the HBO keyboard input (on Roku... when you're struggling with a remote to type characters by scrolling to each one...) has TWO different up carets near each other: ^ and ˆ, and I learned that over an HOUR of typing the secret little one by mistake...  https://t.co/IHEFLuf6Tc", "likes_count": 1, "replies_count": 0, "retweets_count": 0, "hashtags": ["til"]}
{"id": 1127353483206758400, "date": "2019-05-11", "time": "19:23:10", "tweet": "I follow my buds 10 at a time using the twitter search bar input: copy and paste id's   @CMarPA OR @Deb_Libby OR @LisaToddSutton OR @mariopiperni OR @mdrfl OR @RustyBertrand OR @WhoDat35 OR @StrangerGirl2 OR @YouGiveMeFever7 OR @hilltophereford OR @Darcy_M -filter:retweets", "likes_count": 2, "replies_count": 1, "retweets_count": 0, "hashtags": []}
{"id": 1127353475937992704, "date": "2019-05-11", "time": "19:23:08", "tweet": "@idiotbeansprout You're right. Without the white areas it looks a bit to much dark and it might not work with sponsors. Thanks for your input!", "likes_count": 0, "replies_count": 0, "retweets_count": 0, "hashtags": []}
{"id": 1127353442975068160, "date": "2019-05-11", "time": "19:23:00", "tweet": "@Le_Sabre54 Probably getting all his input from his indian handlers.", "likes_count": 2, "replies_count": 1, "retweets_count": 0, "hashtags": []}
{"id": 1127353373659926528, "date": "2019-05-11", "time": "19:22:44", "tweet": "@johnniejae @saveelati I copy and pasted them to try to get their input before I posted anything using hashtags.", "likes_count": 0, "replies_count": 1, "retweets_count": 0, "hashtags": []}
{"id": 1127353228667039745, "date": "2019-05-11", "time": "19:22:09", "tweet": "@BROOKLYNxSKII Why do you think Rambis has so much input. This is Phil ruining them like he continued the ruining of the Knicks.", "likes_count": 2, "replies_count": 1, "retweets_count": 0, "hashtags": []}
{"id": 1127353215920611328, "date": "2019-05-11", "time": "19:22:06", "tweet": "@BSMSEMSoc @SECAmbHart @SECAmbulance @airambulancekss @EastSussexFRS @esfrsUkro Well done all for fantastic input today", "likes_count": 0, "replies_count": 0, "retweets_count": 0, "hashtags": []}
{"id": 1127353215148789760, "date": "2019-05-11", "time": "19:22:06", "tweet": "@kylemess @Bulldogwgr Are you using a Phono input on your receiver/stereo? Analog record players need to use this input to preamplify the signal to intended level.", "likes_count": 0, "replies_count": 0, "retweets_count": 0, "hashtags": []}
{"id": 1127353169091158016, "date": "2019-05-11", "time": "19:21:55", "tweet": "@TechHelp @BeckyIB @mimimayes13 You input (you didn't type, as you're a bot) the direction to show you in the Constitution where the right existed for abortion. Now you deny you input that. Remarkable. You can't solve a tech problem, even though you tell folks to ask you for help with a tech problem. Some joke.", "likes_count": 0, "replies_count": 1, "retweets_count": 0, "hashtags": []}
{"id": 1127353138376265729, "date": "2019-05-11", "time": "19:21:48", "tweet": "@juli_rapetti Input", "likes_count": 0, "replies_count": 1, "retweets_count": 0, "hashtags": []}
{"id": 1127353114632310784, "date": "2019-05-11", "time": "19:21:42", "tweet": "@KillaTofuu Yeah, you're right. Without the white areas it looks a bit too dark and it might not work with sponsors. Thanks for your input! 👍", "likes_count": 0, "replies_count": 0, "retweets_count": 0, "hashtags": []}
{"id": 1127362635400458240, "date": "2019-05-11", "time": "19:59:32", "tweet": "@johnregehr If a program fragment with a formal denotation of incorrect behavior still produces correct values for every input, is it a bug? Is a tiny alteration that makes it then not produce a correct value a bug? Is it a boundary value problem? What is the algebra of bug?", "likes_count": 1, "replies_count": 1, "retweets_count": 0, "hashtags": []}
{"id": 1127362555339517953, "date": "2019-05-11", "time": "19:59:13", "tweet": "The new democratic way. Push things through, ignore any input, keep the base satisfied and worry about reelection sometime later. How this works in government but not in any other aspect of life is beyond me.   https://t.co/thuFQSAqqB", "likes_count": 0, "replies_count": 0, "retweets_count": 0, "hashtags": []}
{"id": 1127362545294036992, "date": "2019-05-11", "time": "19:59:10", "tweet": "@Ben_Darling @PrisonPlanet @RVAwonk @NatObserver It’s curious that I don’t see Trump’s name, and a private citizen needs to make it about Trump. Somehow Trump (and Watson) are symptoms. They are not worthy of being “the disease”. Thanks for your input.", "likes_count": 0, "replies_count": 0, "retweets_count": 0, "hashtags": []}
{"id": 1127362254083694593, "date": "2019-05-11", "time": "19:58:01", "tweet": "In partnership with @KPMG, we want to understand the current state of Sports Technology startups and the #SportsTech sector in Victoria. Your input will aid us to support the continued growth of this sector. Access the survey here:  https://t.co/i0JJgcxl8H.  Ends May 13.  https://t.co/werMymctNU", "likes_count": 2, "replies_count": 0, "retweets_count": 0, "hashtags": ["sportstech"]}
{"id": 1127361986696830976, "date": "2019-05-11", "time": "19:56:57", "tweet": "I feel like my biggest struggle with drawing on the iPad is the lack of texture/resistance. Everything feels a bit too slippery.  I guess I could try one of those \"paperclip\" screen protectors.  Any artist friendos have input on this?", "likes_count": 1, "replies_count": 2, "retweets_count": 0, "hashtags": []}
{"id": 1127361785097535488, "date": "2019-05-11", "time": "19:56:09", "tweet": "Input? 😏", "likes_count": 0, "replies_count": 0, "retweets_count": 0, "hashtags": []}
{"id": 1127361764922929153, "date": "2019-05-11", "time": "19:56:04", "tweet": "The Lakers are really letting Rambis and Jackson guide their hiring decisions? They looked at the 2014-17 Knicks and thought that they needed input from the minds behind that?", "likes_count": 2, "replies_count": 3, "retweets_count": 1, "hashtags": []}
{"id": 1127361472378617858, "date": "2019-05-11", "time": "19:54:55", "tweet": "The preservation of reputation across generations is the best way to maintain titles.  However, each individual’s input is diminished; family name over everything.   https://t.co/clD2YEVNqQ", "likes_count": 0, "replies_count": 1, "retweets_count": 0, "hashtags": []}
{"id": 1127361379445411840, "date": "2019-05-11", "time": "19:54:32", "tweet": "“Please add your input in our national tracking poll for the week by representing your area today. Show us where you stand in relation to the Fake News Polls.  Weekly President Trump Tracking Poll [May 4 - May 11]”   (Image of “polling” data)", "likes_count": 0, "replies_count": 1, "retweets_count": 0, "hashtags": []}
{"id": 1127361050918236161, "date": "2019-05-11", "time": "19:53:14", "tweet": "Should I wear my Cardinals jersey to Wrigley tomorrow? I think so but give me some input.", "likes_count": 3, "replies_count": 1, "retweets_count": 0, "hashtags": []}
{"id": 1127360814921519111, "date": "2019-05-11", "time": "19:52:18", "tweet": "I enjoy people’s input when it’s not being forced at me. And I enjoy people helping until it’s unsolicited. Because at the end of the day my baby is more important than their opinions or feelings. And yet here I am crying because of other people’s feelings being hurt.", "likes_count": 0, "replies_count": 0, "retweets_count": 0, "hashtags": []}
{"id": 1127360497647591424, "date": "2019-05-11", "time": "19:51:02", "tweet": "UT Students, Faculty &amp; Staff: Tell us about your UT Shuttle experience. Your input will help inform future service to meet campus needs. Plus, you could win an amazing Amazon gift card!  https://t.co/czZU7tpQvr  https://t.co/L1BGVgDQNp", "likes_count": 6, "replies_count": 0, "retweets_count": 1, "hashtags": []}
{"id": 1127360495378288645, "date": "2019-05-11", "time": "19:51:02", "tweet": "Sudoku Puzzle Game for iPhone:By putting in \"flick input mode\" that enables players to put digits 1 from 9 easily! https://t.co/fwivhr7IcX", "likes_count": 0, "replies_count": 0, "retweets_count": 0, "hashtags": []}
{"id": 1127360469126094848, "date": "2019-05-11", "time": "19:50:55", "tweet": "@Sam_Vecenie @pinwheelempire This is like signing Flacco but taking a young QB in the first round. Flacco has no input lol", "likes_count": 0, "replies_count": 0, "retweets_count": 0, "hashtags": []}
{"id": 1127360263567675397, "date": "2019-05-11", "time": "19:50:06", "tweet": "@senatemajldr So you want to compliment him for the one thing he hasn’t had any input in?", "likes_count": 0, "replies_count": 0, "retweets_count": 0, "hashtags": []}
{"id": 1127360257552818177, "date": "2019-05-11", "time": "19:50:05", "tweet": "P0720 2009 FORD FUSION - Output Speed Sensor Insufficient Input  https://t.co/3OSdlkTh0H #autocodes  https://t.co/WoqEyl32Qb", "likes_count": 0, "replies_count": 0, "retweets_count": 0, "hashtags": ["autocodes"]}
{"id": 1127359983362945024, "date": "2019-05-11", "time": "19:49:00", "tweet": "@cpwooduk Hi Chris 👋 We really like these ideas and will be sure to pass them along to our team for consideration. As we're always looking for ways to improve the Starling experience, your input is much appreciated 🙂", "likes_count": 0, "replies_count": 1, "retweets_count": 0, "hashtags": []}
{"id": 1127359941289836544, "date": "2019-05-11", "time": "19:48:49", "tweet": "@Liam20394965 That is a great idea! I just might go through with this in the very near future :) thank you for the input!", "likes_count": 1, "replies_count": 1, "retweets_count": 0, "hashtags": []}
{"id": 1127359915431907328, "date": "2019-05-11", "time": "19:48:43", "tweet": "@cheetaylicious @Noochone @bensonsalex @SVUWritersRoom @nbcsvu @JulieMartinSVU @warrenleightTV If it was a problem the actors have input too I just think show wouldn't be here 21 years if it were bad.", "likes_count": 0, "replies_count": 0, "retweets_count": 0, "hashtags": []}
{"id": 1127359873933508608, "date": "2019-05-11", "time": "19:48:33", "tweet": "@joselilli1 @nerdfab16 @Bram_Duin @DiiGiiTAL_exe @RAGEgame @PaulTassi @Forbes And because my worries about my phone listening to me, and reading all my input wasn't high enough, I present to you my first game ad in months. Which also very oddly specifically happens to be Rage 2.  https://t.co/wfZgLDWplj", "likes_count": 2, "replies_count": 1, "retweets_count": 0, "hashtags": []}
