{"id": 1163239146120462336, "date": "2019-08-18", "time": "19:59:59", "tweet": "It's the circular area kinda in the mail, so now Mike and I can stream Smash Brothers Wii U without bitching about input delay", "likes_count": 0, "replies_count": 0, "retweets_count": 0, "hashtags": []}
{"id": 1163239137287102464, "date": "2019-08-18", "time": "19:59:56", "tweet": "Ever think about how CVS2 demanded you learn how to input a just frame on each of your special inputs so you could make your character viable   Damn das cwazy  https://t.co/XK97Se3Jpl", "likes_count": 12, "replies_count": 3, "retweets_count": 0, "hashtags": []}
{"id": 1163238650286501888, "date": "2019-08-18", "time": "19:58:00", "tweet": "TVRI nanti bakal dibisskey gak ya? Remoteku rusak gabisa buat input nih 😪", "likes_count": 0, "replies_count": 1, "retweets_count": 0, "hashtags": []}
{"id": 1163238483194011648, "date": "2019-08-18", "time": "19:57:20", "tweet": "@MarkSha03308356 Can you get some feedback from other parents who have seen successes with this coach and gain their input?", "likes_count": 0, "replies_count": 1, "retweets_count": 0, "hashtags": []}
{"id": 1163238322686197761, "date": "2019-08-18", "time": "19:56:42", "tweet": "Let me block &amp; mute that name &amp; any alias so I won’t have to add my input", "likes_count": 0, "replies_count": 0, "retweets_count": 0, "hashtags": []}
{"id": 1163238316428316673, "date": "2019-08-18", "time": "19:56:41", "tweet": "Earn Bitcoin for FREE!! All you have to do is to input your receiving code of your Bitcoin account.  https://t.co/piRICY0e7m #BITCOIN", "likes_count": 0, "replies_count": 0, "retweets_count": 0, "hashtags": ["bitcoin"]}
{"id": 1163238193698766848, "date": "2019-08-18", "time": "19:56:11", "tweet": "I’m trying to reset my password and this fucking shit is telling me to input my CURRENT password to change it to another.... BITCH I DONT KNOW THATS WHY IM TRYING TO RESET IT", "likes_count": 2, "replies_count": 1, "retweets_count": 0, "hashtags": []}
{"id": 1163238177030754311, "date": "2019-08-18", "time": "19:56:07", "tweet": "@foggler @chelseaporterhc @BetoORourke Thanks for your clarification &amp; input.  Straightforward and without insults.  We all need to work together.  More hatred and divisiveness won't help matters any.  Thank you again.", "likes_count": 0, "replies_count": 1, "retweets_count": 0, "hashtags": []}
{"id": 1163238130922602496, "date": "2019-08-18", "time": "19:55:56", "tweet": "@hearts4jisung @ATEEZWEEB did i ask for your input ma’am", "likes_count": 0, "replies_count": 1, "retweets_count": 0, "hashtags": []}
{"id": 1163237899434938368, "date": "2019-08-18", "time": "19:55:01", "tweet": "@ddiakopoulos @timoni Thanks! This one right? “Informing the Design of Novel Input Methods with Muscle Coactivation Clustering”", "likes_count": 0, "replies_count": 1, "retweets_count": 0, "hashtags": []}
{"id": 1163237819084464129, "date": "2019-08-18", "time": "19:54:42", "tweet": "@JWilliamsFstmed Thanks.  Would love ur thoughts and input.", "likes_count": 1, "replies_count": 0, "retweets_count": 0, "hashtags": []}
{"id": 1163237738193313793, "date": "2019-08-18", "time": "19:54:23", "tweet": "@xl_luck @h3rb1 i appreciate the input and the help i am always respectful in chats and do my best to outreach as much as possible", "likes_count": 3, "replies_count": 1, "retweets_count": 0, "hashtags": []}
{"id": 1163237719893512192, "date": "2019-08-18", "time": "19:54:18", "tweet": "@bigbruh16 @guacamellerz Actually that’s Tommy input to the pitch, that America would love it and them for getting back together.", "likes_count": 1, "replies_count": 0, "retweets_count": 0, "hashtags": []}
{"id": 1163237460433940480, "date": "2019-08-18", "time": "19:53:17", "tweet": "@NewWorldHominin \"After having a kid: answered one email\" And provided 1/730th of input to a super computer's initial 2 years of data gathering. Your child's brain.", "likes_count": 7, "replies_count": 1, "retweets_count": 0, "hashtags": []}
{"id": 1163237191096655872, "date": "2019-08-18", "time": "19:52:12", "tweet": "@Scribulatora Scribulatora and others here, let’s be factual here. The ERRE Committee that Trudeau appointed spent over a year and untold of our tax$ under Maryam Monsef asking for citizen input coast to coasts. The committee reported to the House of Commons in December 2016. 1/", "likes_count": 0, "replies_count": 1, "retweets_count": 0, "hashtags": []}
{"id": 1163237165641302016, "date": "2019-08-18", "time": "19:52:06", "tweet": "@sorenstein @mevocamera Hey Steve, this depends on what audio inputs the Boost has. It'll need either a 3.5mm input, USB input, or Bluetooth connectivity to connect to the RØDECatser Pro.", "likes_count": 0, "replies_count": 0, "retweets_count": 0, "hashtags": []}
{"id": 1163237149552140289, "date": "2019-08-18", "time": "19:52:03", "tweet": "I submitted our proposed missing person registry legislation for Illinois state. Thank you to everybody who gave their input. In due time, Chicago city council will be seeing me next 🙂 Besides that, back to working on my book.", "likes_count": 0, "replies_count": 0, "retweets_count": 0, "hashtags": []}
{"id": 1163237148872470528, "date": "2019-08-18", "time": "19:52:02", "tweet": "$TMR announcement seems really good. Still reading through. Happy for any input.", "likes_count": 2, "replies_count": 0, "retweets_count": 0, "hashtags": []}
{"id": 1163237079637213184, "date": "2019-08-18", "time": "19:51:46", "tweet": "@renkyojuro interesting, thank u for ur input  https://t.co/UNbHXREQjn", "likes_count": 0, "replies_count": 0, "retweets_count": 0, "hashtags": []}
{"id": 1163236940973596674, "date": "2019-08-18", "time": "19:51:13", "tweet": "#OOC Got 2 matches and 1 seg to finish. Got a long shift at work tomorrow, so going to call it a night and the show will be up tomorrow night.  Thanks for all your input.", "likes_count": 2, "replies_count": 0, "retweets_count": 1, "hashtags": ["ooc"]}
{"id": 1163236650878689281, "date": "2019-08-18", "time": "19:50:04", "tweet": "Due diligence and community input my ass...", "likes_count": 0, "replies_count": 0, "retweets_count": 0, "hashtags": []}
{"id": 1163236644771782656, "date": "2019-08-18", "time": "19:50:02", "tweet": "Last valid input: 2019-08-19 08:49:55.064115 Temperature: 33.00 C Humidity: 64.00 %", "likes_count": 0, "replies_count": 0, "retweets_count": 0, "hashtags": []}
{"id": 1163236476512952321, "date": "2019-08-18", "time": "19:49:22", "tweet": "if I invert composite sync, I can feed that into the video input and then drive the RGB inputs.  https://t.co/gNo3TClglh", "likes_count": 23, "replies_count": 3, "retweets_count": 0, "hashtags": []}
{"id": 1163236473161822210, "date": "2019-08-18", "time": "19:49:21", "tweet": "Let's hope they remember to actually ask educators who do AR/VR for input 🙄 !", "likes_count": 1, "replies_count": 0, "retweets_count": 0, "hashtags": []}
{"id": 1163236382367608832, "date": "2019-08-18", "time": "19:49:00", "tweet": "@BrendonX1 Hey Brendon! Requests can be left on the Ideas and Suggestions board at  https://t.co/PR064w8zE1 - we love getting input from our users :)", "likes_count": 0, "replies_count": 0, "retweets_count": 0, "hashtags": []}
{"id": 1163236335269875712, "date": "2019-08-18", "time": "19:48:48", "tweet": "No song will ever be as culturally significant as \"Macarena.\" No, I will not be accepting any input on this tweet.", "likes_count": 3, "replies_count": 0, "retweets_count": 0, "hashtags": []}
{"id": 1163236272019607552, "date": "2019-08-18", "time": "19:48:33", "tweet": "the sync pins are outputs. weird. the mystery input also feeds into the sync circuit using a diode, for some reason.  https://t.co/JMIQvFUJ05", "likes_count": 22, "replies_count": 2, "retweets_count": 0, "hashtags": []}
{"id": 1163236109217935360, "date": "2019-08-18", "time": "19:47:54", "tweet": "@DjTyTheFuture @Power99Philly I get it’s their event so their people, but the City of Wilmington should have pushed for more input smh.", "likes_count": 1, "replies_count": 1, "retweets_count": 1, "hashtags": []}
{"id": 1163236082911199234, "date": "2019-08-18", "time": "19:47:48", "tweet": "@AnthonyBriggs @alphabeattweet @lukeweston @markcojuangco @GlenneDrover @PhysWiz @Eigencat @GreenCap13 @DavidOsmond8 @yestiseye @johanhofman @simonahac @chrispydog @aliebman @evcricket @dayne_eckermann @dmichie66 @EDavidAn @JayStephens @sennekuyl @TristanEdis @DMalcuadrado @ProfRayWills @dylanjmcconnell @Banshee2030 @DamienReardon1 @unclepete_100 @NukeForClimate @BNW_Ben @OskaArcher 😂😂 psst, Jesse's an MIT PhD Energy Systems Engineer who completed his post-doc at Harvard &amp; is now in a tenured track position at Princeton. He is frequently among contributors to high profile analyses, such as Google's data centre assessment.  You go tell him his input is BS.", "likes_count": 3, "replies_count": 2, "retweets_count": 0, "hashtags": []}
{"id": 1163236017979056130, "date": "2019-08-18", "time": "19:47:33", "tweet": "FabulousMP3 Multiband Limiter: The signal from the input AGC is divided into 6 bands by the crossover BPF.   https://t.co/EXUyspg5IT", "likes_count": 0, "replies_count": 0, "retweets_count": 0, "hashtags": []}
{"id": 1163235989030129664, "date": "2019-08-18", "time": "19:47:26", "tweet": "@kompotdealer @meghancpalmer @Mayor_Pudding @shesallthatxox @bebesitajen @opheliajcbrown okay! and that’s none of your business at all! thanks for the input!", "likes_count": 1, "replies_count": 1, "retweets_count": 0, "hashtags": []}
{"id": 1163235912991612929, "date": "2019-08-18", "time": "19:47:08", "tweet": "whose bandpass filters have also broken down the input or carrier into several author.", "likes_count": 0, "replies_count": 0, "retweets_count": 0, "hashtags": []}
{"id": 1163235669046509569, "date": "2019-08-18", "time": "19:46:10", "tweet": "@faizalassegaf Emang siapa elo ? Kalau input nya sampah ya out put nya juga pasti sampah.", "likes_count": 4, "replies_count": 0, "retweets_count": 0, "hashtags": []}
{"id": 1163235600922628096, "date": "2019-08-18", "time": "19:45:53", "tweet": "@KevinJOsborne @FiwiAux @retroguygaming Unlikely, MJ thought of that song while driving in LA. He went home and recorded the demo with his B team of musicians (sounds exactly like the original). Quincy's only input was telling Mike to go away and think about something else in some sections and MJ took a section out.", "likes_count": 6, "replies_count": 0, "retweets_count": 0, "hashtags": []}
{"id": 1163235583734538242, "date": "2019-08-18", "time": "19:45:49", "tweet": "also gonna casually @Protomen 👀 Hawkins, i need input", "likes_count": 0, "replies_count": 0, "retweets_count": 0, "hashtags": []}
{"id": 1163235307791110144, "date": "2019-08-18", "time": "19:44:43", "tweet": "Reminder that while you can OS a parry before a button press you can't input multiple parries as there is a lock out on the attempts. It's also important to recognize not all parry windows are the same length so dancing around them isn't so much a case for being random—&gt;", "likes_count": 6, "replies_count": 1, "retweets_count": 0, "hashtags": []}
{"id": 1163235265017761793, "date": "2019-08-18", "time": "19:44:33", "tweet": "@MariaBartiromo @realDonaldTrump @SundayFutures @FoxNews @LindseyGrahamSC We already read the Mueller report.  We don't need any input from you.", "likes_count": 1, "replies_count": 0, "retweets_count": 0, "hashtags": []}
{"id": 1163235253554728962, "date": "2019-08-18", "time": "19:44:30", "tweet": "I would just like your input because you come off as someone who is honest and at this point with how our government is currently being ran I don’t see how, “ America is the best country in the world.” When in reality we are the most racial, bias and corrupt nation.", "likes_count": 1, "replies_count": 1, "retweets_count": 0, "hashtags": []}
{"id": 1163235239893671937, "date": "2019-08-18", "time": "19:44:27", "tweet": "@notscarlett I will ask R for you.  He may have some input.", "likes_count": 1, "replies_count": 0, "retweets_count": 0, "hashtags": []}
{"id": 1163235230242627584, "date": "2019-08-18", "time": "19:44:25", "tweet": "Antes del ron @marugarbarini 🤦🏻‍♂️  Ph lucas.vero en INPUT BA  https://t.co/QXajHw5V4t", "likes_count": 0, "replies_count": 0, "retweets_count": 0, "hashtags": []}
{"id": 1163239146120462336, "date": "2019-08-18", "time": "19:59:59", "tweet": "It's the circular area kinda in the mail, so now Mike and I can stream Smash Brothers Wii U without bitching about input delay", "likes_count": 0, "replies_count": 0, "retweets_count": 0, "hashtags": []}
{"id": 1163239137287102464, "date": "2019-08-18", "time": "19:59:56", "tweet": "Ever think about how CVS2 demanded you learn how to input a just frame on each of your special inputs so you could make your character viable   Damn das cwazy  https://t.co/XK97Se3Jpl", "likes_count": 12, "replies_count": 3, "retweets_count": 0, "hashtags": []}
{"id": 1163238650286501888, "date": "2019-08-18", "time": "19:58:00", "tweet": "TVRI nanti bakal dibisskey gak ya? Remoteku rusak gabisa buat input nih 😪", "likes_count": 0, "replies_count": 1, "retweets_count": 0, "hashtags": []}
{"id": 1163238483194011648, "date": "2019-08-18", "time": "19:57:20", "tweet": "@MarkSha03308356 Can you get some feedback from other parents who have seen successes with this coach and gain their input?", "likes_count": 0, "replies_count": 1, "retweets_count": 0, "hashtags": []}
{"id": 1163238322686197761, "date": "2019-08-18", "time": "19:56:42", "tweet": "Let me block &amp; mute that name &amp; any alias so I won’t have to add my input", "likes_count": 0, "replies_count": 0, "retweets_count": 0, "hashtags": []}
{"id": 1163238316428316673, "date": "2019-08-18", "time": "19:56:41", "tweet": "Earn Bitcoin for FREE!! All you have to do is to input your receiving code of your Bitcoin account.  https://t.co/piRICY0e7m #BITCOIN", "likes_count": 0, "replies_count": 0, "retweets_count": 0, "hashtags": ["bitcoin"]}
{"id": 1163238193698766848, "date": "2019-08-18", "time": "19:56:11", "tweet": "I’m trying to reset my password and this fucking shit is telling me to input my CURRENT password to change it to another.... BITCH I DONT KNOW THATS WHY IM TRYING TO RESET IT", "likes_count": 2, "replies_count": 1, "retweets_count": 0, "hashtags": []}
{"id": 1163238177030754311, "date": "2019-08-18", "time": "19:56:07", "tweet": "@foggler @chelseaporterhc @BetoORourke Thanks for your clarification &amp; input.  Straightforward and without insults.  We all need to work together.  More hatred and divisiveness won't help matters any.  Thank you again.", "likes_count": 0, "replies_count": 1, "retweets_count": 0, "hashtags": []}
{"id": 1163238130922602496, "date": "2019-08-18", "time": "19:55:56", "tweet": "@hearts4jisung @ATEEZWEEB did i ask for your input ma’am", "likes_count": 0, "replies_count": 1, "retweets_count": 0, "hashtags": []}
{"id": 1163237899434938368, "date": "2019-08-18", "time": "19:55:01", "tweet": "@ddiakopoulos @timoni Thanks! This one right? “Informing the Design of Novel Input Methods with Muscle Coactivation Clustering”", "likes_count": 0, "replies_count": 1, "retweets_count": 0, "hashtags": []}
{"id": 1163237819084464129, "date": "2019-08-18", "time": "19:54:42", "tweet": "@JWilliamsFstmed Thanks.  Would love ur thoughts and input.", "likes_count": 1, "replies_count": 0, "retweets_count": 0, "hashtags": []}
{"id": 1163237738193313793, "date": "2019-08-18", "time": "19:54:23", "tweet": "@xl_luck @h3rb1 i appreciate the input and the help i am always respectful in chats and do my best to outreach as much as possible", "likes_count": 3, "replies_count": 1, "retweets_count": 0, "hashtags": []}
{"id": 1163237719893512192, "date": "2019-08-18", "time": "19:54:18", "tweet": "@bigbruh16 @guacamellerz Actually that’s Tommy input to the pitch, that America would love it and them for getting back together.", "likes_count": 1, "replies_count": 0, "retweets_count": 0, "hashtags": []}
{"id": 1163237460433940480, "date": "2019-08-18", "time": "19:53:17", "tweet": "@NewWorldHominin \"After having a kid: answered one email\" And provided 1/730th of input to a super computer's initial 2 years of data gathering. Your child's brain.", "likes_count": 7, "replies_count": 1, "retweets_count": 0, "hashtags": []}
{"id": 1163237191096655872, "date": "2019-08-18", "time": "19:52:12", "tweet": "@Scribulatora Scribulatora and others here, let’s be factual here. The ERRE Committee that Trudeau appointed spent over a year and untold of our tax$ under Maryam Monsef asking for citizen input coast to coasts. The committee reported to the House of Commons in December 2016. 1/", "likes_count": 0, "replies_count": 1, "retweets_count": 0, "hashtags": []}
{"id": 1163237165641302016, "date": "2019-08-18", "time": "19:52:06", "tweet": "@sorenstein @mevocamera Hey Steve, this depends on what audio inputs the Boost has. It'll need either a 3.5mm input, USB input, or Bluetooth connectivity to connect to the RØDECatser Pro.", "likes_count": 0, "replies_count": 0, "retweets_count": 0, "hashtags": []}
{"id": 1163237149552140289, "date": "2019-08-18", "time": "19:52:03", "tweet": "I submitted our proposed missing person registry legislation for Illinois state. Thank you to everybody who gave their input. In due time, Chicago city council will be seeing me next 🙂 Besides that, back to working on my book.", "likes_count": 0, "replies_count": 0, "retweets_count": 0, "hashtags": []}
{"id": 1163237148872470528, "date": "2019-08-18", "time": "19:52:02", "tweet": "$TMR announcement seems really good. Still reading through. Happy for any input.", "likes_count": 2, "replies_count": 0, "retweets_count": 0, "hashtags": []}
{"id": 1163237079637213184, "date": "2019-08-18", "time": "19:51:46", "tweet": "@renkyojuro interesting, thank u for ur input  https://t.co/UNbHXREQjn", "likes_count": 0, "replies_count": 0, "retweets_count": 0, "hashtags": []}
{"id": 1163236940973596674, "date": "2019-08-18", "time": "19:51:13", "tweet": "#OOC Got 2 matches and 1 seg to finish. Got a long shift at work tomorrow, so going to call it a night and the show will be up tomorrow night.  Thanks for all your input.", "likes_count": 2, "replies_count": 0, "retweets_count": 1, "hashtags": ["ooc"]}
