{"id": 1188606112859377664, "date": "2019-10-27", "time": "19:59:15", "tweet": "So our system is having some technical difficulties and won’t automatically discount items on sale.... meaning we gotta input everything in manually smh 😭😒 IT said it’s gonna take at least 2 days to fix like are you kidding me ?", "likes_count": 0, "replies_count": 0, "retweets_count": 0, "hashtags": []}
{"id": 1188606049894445056, "date": "2019-10-27", "time": "19:59:00", "tweet": "f you haven't yet taken a minute to answer a few easy questions about our #BookCampPD chat could you possibly do it now?   Getting input from as many as possible adds voice and choice to our weekly chat.    https://t.co/yGwhSBFH9z  https://t.co/N3IPvEjVJK", "likes_count": 0, "replies_count": 0, "retweets_count": 0, "hashtags": ["bookcamppd"]}
{"id": 1188605899306229760, "date": "2019-10-27", "time": "19:58:24", "tweet": "@DavidKPiano IE: looking at this tweet I realized I missed if they remove the token in the \"navigating\" state.  So I added this to the events for \"navigating\":  REMOVE_TOKEN: \"typing\"  And then w/o any thought, the input will receive focus because that's part of the transition to that state.  https://t.co/OVyrJQ9Jyx", "likes_count": 26, "replies_count": 2, "retweets_count": 0, "hashtags": []}
{"id": 1188605340746731521, "date": "2019-10-27", "time": "19:56:11", "tweet": "Okay thank you for your input", "likes_count": 0, "replies_count": 0, "retweets_count": 0, "hashtags": []}
{"id": 1188605260379643907, "date": "2019-10-27", "time": "19:55:51", "tweet": "Es gibt echt behinderte Menschen", "likes_count": 0, "replies_count": 0, "retweets_count": 0, "hashtags": []}
{"id": 1188605076253954048, "date": "2019-10-27", "time": "19:55:08", "tweet": "@MrAWebb  https://t.co/1NchQPlNlU  My current receiver... Etekcity Bluetooth Receiver, NFC-Enabled Bluetooth Audio Adapter for Music Streaming Sound System, Bluetooth Transmitter for Receiver A/V RCA and Car Stereo 3.5mm AUX Input  https://t.co/9JszCMmKRl", "likes_count": 1, "replies_count": 0, "retweets_count": 0, "hashtags": []}
{"id": 1188604890542592001, "date": "2019-10-27", "time": "19:54:23", "tweet": "@ISOC_Live @apnic Unfortunately we only managed to have one input for audio in room 2.", "likes_count": 0, "replies_count": 0, "retweets_count": 0, "hashtags": []}
{"id": 1188604882519023617, "date": "2019-10-27", "time": "19:54:21", "tweet": "Instead of buying the kitty hoodie (gasp!) since Mum got me my epic cardigan, I want to buy a cheap $15.00 k-cup machine for coffee from Walmart. I've never had one AND I've been drinking bleaugh instant coffee for 2 years. Any thoughts or reviews or input??", "likes_count": 2, "replies_count": 3, "retweets_count": 0, "hashtags": []}
{"id": 1188604776919044096, "date": "2019-10-27", "time": "19:53:56", "tweet": "smash with immense input lag turns it from a game of reacting and reading your opponent to a game of straight up requiring king crimson", "likes_count": 24, "replies_count": 4, "retweets_count": 4, "hashtags": []}
{"id": 1188604763102990341, "date": "2019-10-27", "time": "19:53:53", "tweet": "He’s our twice elected leader with an amazing manifesto so thanks for your input we’re pretty happy for him to stay.", "likes_count": 2, "replies_count": 0, "retweets_count": 1, "hashtags": []}
{"id": 1188604689748844545, "date": "2019-10-27", "time": "19:53:35", "tweet": "@_winway Sim, daí dizermos que estávamos a imaginar possíveis cenários. Até porque não é só pelo TC mas também porque esse tipo de mapas foi proibido com os blown difusers  Por isso tem que ser um input do piloto consciente ou não. Caso contrário os stewards estariam atrás deles?", "likes_count": 1, "replies_count": 0, "retweets_count": 0, "hashtags": []}
{"id": 1188604656404054018, "date": "2019-10-27", "time": "19:53:27", "tweet": "Otro imprescindible de @BrackeysTweet   Notad como comenta ademas de haber link en la info del vídeo, sobre el nuevo input system que comentaba yo hace unos días atrás.  https://t.co/lO9llzGjoN", "likes_count": 1, "replies_count": 0, "retweets_count": 1, "hashtags": []}
{"id": 1188604597889187840, "date": "2019-10-27", "time": "19:53:13", "tweet": "Against pc players, that’ll put em at a disadvantage. If console didn’t have input delay at all, then it’d been fine competing against pc players. Honestly console should stick to console due to them having the delay.  It’s really not the frames 😐", "likes_count": 2, "replies_count": 1, "retweets_count": 0, "hashtags": []}
{"id": 1188604487801417729, "date": "2019-10-27", "time": "19:52:47", "tweet": "thanks for the input", "likes_count": 0, "replies_count": 0, "retweets_count": 0, "hashtags": []}
{"id": 1188604410810621953, "date": "2019-10-27", "time": "19:52:29", "tweet": "The @ONW_WC opens this week! Sign up for an appointment to have one of our skilled tutors provide input on class papers,  college admission essays, and scholarship essays.    https://t.co/IZ20QCKJj2  https://t.co/e0Korswc0S", "likes_count": 2, "replies_count": 0, "retweets_count": 1, "hashtags": []}
{"id": 1188604344280797192, "date": "2019-10-27", "time": "19:52:13", "tweet": "@donalfellows I don't relate to tests that way. I think of them as more like specifications, except that instead of being ∀ statements that fix the codomain of a set of inputs, a test is about a single input, leaving the reader to extrapolate to the ∀ statement.", "likes_count": 0, "replies_count": 1, "retweets_count": 0, "hashtags": []}
{"id": 1188604225435115521, "date": "2019-10-27", "time": "19:51:45", "tweet": "@kisekisymphony grrrrrrrrrrrrrrrrrrr im lazy but that can very much be done afsio8hasfoihafs ty for your input on these its always like, very much different from my impressions and by that extension, highly helpfulllll", "likes_count": 1, "replies_count": 0, "retweets_count": 0, "hashtags": []}
{"id": 1188604134964056070, "date": "2019-10-27", "time": "19:51:23", "tweet": "@juliaioffe Please go back and do whatever it is that you do, and let the MEN tasked with dealing with the evil on the plant, do so without your gutless and spineless input.", "likes_count": 0, "replies_count": 0, "retweets_count": 0, "hashtags": []}
{"id": 1188603982257647616, "date": "2019-10-27", "time": "19:50:47", "tweet": "I feel like it’s the input delay that causes consoles players to become outraged. They can’t compete against pc because they have input delay which allows pc players to have a slight advantage cause they don’t even have it. Feel like if consoles had input delay and there going...", "likes_count": 0, "replies_count": 0, "retweets_count": 0, "hashtags": []}
{"id": 1188603967196020736, "date": "2019-10-27", "time": "19:50:43", "tweet": "@NERYPRADO4 what makes you say that? input from Hans on discord?", "likes_count": 1, "replies_count": 0, "retweets_count": 0, "hashtags": []}
{"id": 1188603834135805952, "date": "2019-10-27", "time": "19:50:11", "tweet": "@ohhoe It took two tries to input my card information. Once I got past that it wasn’t too bad, only issue I’ve encountered is Astroneer doesn’t save the game even though it says it is.", "likes_count": 0, "replies_count": 0, "retweets_count": 0, "hashtags": []}
{"id": 1188603804826193920, "date": "2019-10-27", "time": "19:50:04", "tweet": "@BeachwoodReport @MSGunderson Why not? We’ve been talking about this contract for a lot longer than 10 months. CTU members were submitting input on bargaining positions in September of ‘18.", "likes_count": 1, "replies_count": 1, "retweets_count": 0, "hashtags": []}
{"id": 1188603739776716800, "date": "2019-10-27", "time": "19:49:49", "tweet": "@NEGUSNGOLANKOSI lol thnks for your input .  hadouken was fire though...definetly memorable", "likes_count": 3, "replies_count": 0, "retweets_count": 0, "hashtags": []}
{"id": 1188603706683486208, "date": "2019-10-27", "time": "19:49:41", "tweet": "input [ˈɪnpʊt] (名)(動・他)  ☆ 入力・(資金などの)投入 (名) input data 入力データ  input goods 投入財  ☆ 〜を入力する to input the values 数値を入力する  #英検 #英検準1級 #英検2級 #TOEIC #TOEFL #英語", "likes_count": 0, "replies_count": 0, "retweets_count": 0, "hashtags": ["英検", "英検準1級", "英検2級", "toeic", "toefl", "英語"]}
{"id": 1188603518653030400, "date": "2019-10-27", "time": "19:48:56", "tweet": "Help me get more points for my Amazon gift card! Download this app  https://t.co/2USEcOHdPU on your Android and input my invitation code c30768665", "likes_count": 0, "replies_count": 0, "retweets_count": 0, "hashtags": []}
{"id": 1188603381620924416, "date": "2019-10-27", "time": "19:48:24", "tweet": "@freshandmintae @boywithlauuuuv U no longer have any input", "likes_count": 1, "replies_count": 1, "retweets_count": 0, "hashtags": []}
{"id": 1188603329632489473, "date": "2019-10-27", "time": "19:48:11", "tweet": "@CoryO24 ☹️ we had 2 weeks. Is Freddie just calling this crap with no input from his OC? Why do I see Belichick consulting with his coaching staff and Freddie no where near his coaching staff.", "likes_count": 0, "replies_count": 0, "retweets_count": 0, "hashtags": []}
{"id": 1188603320065298432, "date": "2019-10-27", "time": "19:48:09", "tweet": "ICYMI: We support amending the Albany County Charter to require an open process with public input for determining County Legislative districts. We urge Albany County voters to vote \"YES\" to Proposition #1.", "likes_count": 0, "replies_count": 0, "retweets_count": 1, "hashtags": []}
{"id": 1188603217543745536, "date": "2019-10-27", "time": "19:47:44", "tweet": "@BrandonMChu Transactions should be auto-categorized, where possible, but should have the Mailbox App treatment for those that need user input (via swipe gestures)", "likes_count": 3, "replies_count": 0, "retweets_count": 0, "hashtags": []}
{"id": 1188603084718653441, "date": "2019-10-27", "time": "19:47:13", "tweet": "The bitcoin program just asks for an input which when inputted into the hash function will result in the first several digits being zeros. The program automatically adjusts the required number of zeroes depending on the average amount of time it takes tosolve the proof of work.", "likes_count": 0, "replies_count": 0, "retweets_count": 0, "hashtags": []}
{"id": 1188602928996552704, "date": "2019-10-27", "time": "19:46:36", "tweet": "@CNNPolitics And the raid was a success without there input", "likes_count": 6, "replies_count": 1, "retweets_count": 0, "hashtags": []}
{"id": 1188602803717099525, "date": "2019-10-27", "time": "19:46:06", "tweet": "@callmeithaca It's cold and rainy outside. But you're warm inside. The blankets are toasty, and the bed smells like them. They've planned out the day for you, thought of what you like and where you'd like to eat, asked for your input and made a decision.", "likes_count": 1, "replies_count": 1, "retweets_count": 0, "hashtags": []}
{"id": 1188602778068967424, "date": "2019-10-27", "time": "19:46:00", "tweet": "@neonwario You will probably want to use soundflower and go to midi audio app in mac and make soundflower an input and output, then set teh Mic in OBS to that aggregate device. You should find an article explaining that better. But download soundflowrr to start.", "likes_count": 4, "replies_count": 0, "retweets_count": 0, "hashtags": []}
{"id": 1188602677065867265, "date": "2019-10-27", "time": "19:45:36", "tweet": "@Benzene21 @16Nordmark @ESPNNBA @espn @russwest44 @MagicJohnson Do you not know how twitter works? I didnt even provide any input to try to prove a point. You were talking to someone else, and I just had to call you out on the foolishness.   You said it “was not good”  Then tried to change it and said “eYe sAiD nOt GrEaT”   Again, hold the L", "likes_count": 0, "replies_count": 0, "retweets_count": 0, "hashtags": []}
{"id": 1188602621797502976, "date": "2019-10-27", "time": "19:45:22", "tweet": "Casuals really need to understand that Input lag on a setup or online isn’t a John. Imagine playing quarterback in football and you see a clear pass but when you throw it it doesn’t actually get out of your hands till some seconds later. The play is ruined lol", "likes_count": 0, "replies_count": 0, "retweets_count": 0, "hashtags": []}
{"id": 1188602507460857857, "date": "2019-10-27", "time": "19:44:55", "tweet": "@PrisonIslandHed @klara_sjo As well as infantilizing women. (As if they are too dumb to make decisions without a male's input first.)", "likes_count": 0, "replies_count": 0, "retweets_count": 0, "hashtags": []}
{"id": 1188602294310494213, "date": "2019-10-27", "time": "19:44:04", "tweet": "@parshalltalk Mainstream media would not acknowledge the President but focus on why Pelosi was not informed. If she would listen to what he said, he did not a leak or neither her input. Wonder how they felt being in the dark this time??", "likes_count": 1, "replies_count": 0, "retweets_count": 0, "hashtags": []}
{"id": 1188602289910620160, "date": "2019-10-27", "time": "19:44:03", "tweet": "@ThatClinical Did I get all that info right? I looked it up to make sure but I'm not credentialed (yet!!) So I'm open to input!", "likes_count": 2, "replies_count": 1, "retweets_count": 0, "hashtags": []}
{"id": 1188602164689719296, "date": "2019-10-27", "time": "19:43:33", "tweet": "@LeoJayT Not the 60fps its the input delay that fucks me", "likes_count": 2, "replies_count": 1, "retweets_count": 0, "hashtags": []}
{"id": 1188601935068368897, "date": "2019-10-27", "time": "19:42:39", "tweet": "Fine-tuning my mental and physical continuity for BCX... I need my fingers to input precisely what my mind requires of them at every moment of a match.", "likes_count": 24, "replies_count": 2, "retweets_count": 0, "hashtags": []}
{"id": 1188601736505843712, "date": "2019-10-27", "time": "19:41:51", "tweet": "Anyone else having severe input lag and frame drops on #ModernWarfare ? Or does the game just hate me", "likes_count": 0, "replies_count": 0, "retweets_count": 0, "hashtags": ["modernwarfare"]}
{"id": 1188601611599388672, "date": "2019-10-27", "time": "19:41:22", "tweet": "@DomoSZN Input Delay Cant Stop Me...", "likes_count": 0, "replies_count": 0, "retweets_count": 0, "hashtags": []}
{"id": 1188601482381160448, "date": "2019-10-27", "time": "19:40:51", "tweet": "@SpeakerPelosi With closed door investigations, zero republican input, no lawyers from the presidents office present, this is a sham, a loe, a fraud, and we know it . Dont think for one minite you can remove an elected oresident with lies. This is USA not USSR.", "likes_count": 0, "replies_count": 0, "retweets_count": 0, "hashtags": []}
{"id": 1188601466916888576, "date": "2019-10-27", "time": "19:40:47", "tweet": "@DWN_Infinity So now that you are in Smash as an AT.  Which fighter is the strongest and why? I was dying to know your input on that.  Also say hello to Iris-chan plz", "likes_count": 0, "replies_count": 1, "retweets_count": 0, "hashtags": []}
{"id": 1188601445546909696, "date": "2019-10-27", "time": "19:40:42", "tweet": "Lucky Fishing have fun. What are you waiting for? Download it, input the refer code MGYPUAW to get reward. https://t.co/yvSMzVTmwh", "likes_count": 0, "replies_count": 0, "retweets_count": 0, "hashtags": []}
{"id": 1188601403431735297, "date": "2019-10-27", "time": "19:40:32", "tweet": "The Best Mobile Game. Free Cash Rewards, just on cashnow! Then Download and Input My Referral Code: 8YHWQ9A to Win Cash! https://t.co/vRY0vnJ9gF", "likes_count": 0, "replies_count": 0, "retweets_count": 0, "hashtags": []}
{"id": 1188601317230600192, "date": "2019-10-27", "time": "19:40:11", "tweet": "@TommyJoeRatliff @PrestonMitchum Actually no. As a woman the idea that a partner asks for input is awesome", "likes_count": 1, "replies_count": 0, "retweets_count": 0, "hashtags": []}
{"id": 1188601074602708992, "date": "2019-10-27", "time": "19:39:13", "tweet": "@mrleenewton You’re so witty how could I survive without your input 🙃", "likes_count": 5, "replies_count": 0, "retweets_count": 0, "hashtags": []}
{"id": 1188600950413414401, "date": "2019-10-27", "time": "19:38:44", "tweet": "@HadleyErskine Exactly, but the difference (for now) is drones are still human-controlled when firing missiles I think. This video contemplates robots deciding to kill humans without other human input", "likes_count": 1, "replies_count": 2, "retweets_count": 0, "hashtags": []}
{"id": 1188600824706015233, "date": "2019-10-27", "time": "19:38:14", "tweet": "@VasiliyZukanov @adamwp @ianhlake @Zhuinden Tweets like this will definitely make sure they read the thread or ask your input.", "likes_count": 1, "replies_count": 1, "retweets_count": 0, "hashtags": []}
{"id": 1188600738831880193, "date": "2019-10-27", "time": "19:37:53", "tweet": "@romford_stu Thanks for your intelligent input there Stu.", "likes_count": 0, "replies_count": 0, "retweets_count": 0, "hashtags": []}
{"id": 1188600656002736128, "date": "2019-10-27", "time": "19:37:34", "tweet": "@Kev__Lewis @TheRealKidOtaku @DameSylla6 @ShadzMangaOnly @Lt_Smashv1 @bankaism @dustanjamal @CutTheWiFi @Yuma @YaBoyRoshi  Who nicer with the pen (artwise) would love yall input on this", "likes_count": 3, "replies_count": 3, "retweets_count": 0, "hashtags": []}
{"id": 1188600558770446337, "date": "2019-10-27", "time": "19:37:10", "tweet": "@j_r028956 I basically came on twitter when i got my jeep a while back .a friend introduced me too THE JEEP MAFIA made many friends on here and met other jeep clubs .but when political input from others rub my deplorable  ways the wrong way i will express my 1st ammendment right", "likes_count": 0, "replies_count": 1, "retweets_count": 0, "hashtags": []}
{"id": 1188600421473931264, "date": "2019-10-27", "time": "19:36:38", "tweet": "@Jimmy_J_Whelan @lamphieryeg @CTVNews @GretaThunberg Thread was specifically talking about Canada but thanks for your input.", "likes_count": 0, "replies_count": 1, "retweets_count": 0, "hashtags": []}
{"id": 1188600222303379458, "date": "2019-10-27", "time": "19:35:50", "tweet": "@yodatrading_ @SpoofyBTC Fake out pump like on Oct 15 2018  What's your thoughts on this? Please I value your input Thanks", "likes_count": 0, "replies_count": 0, "retweets_count": 0, "hashtags": []}
{"id": 1188600121354784769, "date": "2019-10-27", "time": "19:35:26", "tweet": "@Ballatw @ggChampions @YourFellowArab I tried playing it and it took 2 HOURS for my center to set up the computers. Only got to play one game with a 40 person lobby and then there was a shitload of input delay on the PCs", "likes_count": 1, "replies_count": 1, "retweets_count": 0, "hashtags": []}
{"id": 1188600094553190405, "date": "2019-10-27", "time": "19:35:20", "tweet": "@Nielandron @WatchMixer @lichburnt @xX_KingDrako_Xx @Ztrain_ @ScholarlyGamer @CallmeSh0ck @DyllonKG Yeah, I can't speak for everyone from @easy_targets I am actually waiting for them to get back to me on the idea, but it'd be an interesting experiment lol  I like to break things, build them back up, then repeat lol  Ty niel for your input this was exactly want I was hoping for.", "likes_count": 3, "replies_count": 1, "retweets_count": 0, "hashtags": []}
{"id": 1188600039347834883, "date": "2019-10-27", "time": "19:35:07", "tweet": "MK11 - Liu Kang Combo Guide (20%-65%) With Input  Link:  https://t.co/d9qmninGGZ #{6a6a2579-e507-496c-8c3f-8236ef117e46} ##PS4share #combos #Goossen015 #LiuKang #mk11 #MortalKombat #playstation4 #SHAREfactory™ #SonyInteractiveEntertainment #  #MortalKombat11  https://t.co/FHda3x1wVP", "likes_count": 0, "replies_count": 0, "retweets_count": 0, "hashtags": ["ps4share", "combos", "goossen015", "liukang", "mk11", "mortalkombat", "playstation4", "sharefactory", "sonyinteractiveentertainment", "mortalkombat11"]}
{"id": 1188600005621374976, "date": "2019-10-27", "time": "19:34:59", "tweet": "Mark Walton, Jamaal Williams Or diontae johnson? Need input from anyone! #AskFFL #FFNow #FantasyFootballAdvice", "likes_count": 0, "replies_count": 0, "retweets_count": 0, "hashtags": ["askffl", "ffnow", "fantasyfootballadvice"]}
{"id": 1188599901808222209, "date": "2019-10-27", "time": "19:34:34", "tweet": "@lauralizzer Not so much a bell ring as a pivot in response to serendipitous input from stakeholders. Good things to come! #GoogleEI #thejourneycontinues 🙌👍🧭🚀", "likes_count": 2, "replies_count": 1, "retweets_count": 0, "hashtags": ["googleei", "thejourneycontinues"]}
{"id": 1188606112859377664, "date": "2019-10-27", "time": "19:59:15", "tweet": "So our system is having some technical difficulties and won’t automatically discount items on sale.... meaning we gotta input everything in manually smh 😭😒 IT said it’s gonna take at least 2 days to fix like are you kidding me ?", "likes_count": 0, "replies_count": 0, "retweets_count": 0, "hashtags": []}
{"id": 1188606049894445056, "date": "2019-10-27", "time": "19:59:00", "tweet": "f you haven't yet taken a minute to answer a few easy questions about our #BookCampPD chat could you possibly do it now?   Getting input from as many as possible adds voice and choice to our weekly chat.    https://t.co/yGwhSBFH9z  https://t.co/N3IPvEjVJK", "likes_count": 0, "replies_count": 0, "retweets_count": 0, "hashtags": ["bookcamppd"]}
{"id": 1188605899306229760, "date": "2019-10-27", "time": "19:58:24", "tweet": "@DavidKPiano IE: looking at this tweet I realized I missed if they remove the token in the \"navigating\" state.  So I added this to the events for \"navigating\":  REMOVE_TOKEN: \"typing\"  And then w/o any thought, the input will receive focus because that's part of the transition to that state.  https://t.co/OVyrJQ9Jyx", "likes_count": 26, "replies_count": 2, "retweets_count": 0, "hashtags": []}
{"id": 1188605340746731521, "date": "2019-10-27", "time": "19:56:11", "tweet": "Okay thank you for your input", "likes_count": 0, "replies_count": 0, "retweets_count": 0, "hashtags": []}
{"id": 1188605260379643907, "date": "2019-10-27", "time": "19:55:51", "tweet": "Es gibt echt behinderte Menschen", "likes_count": 0, "replies_count": 0, "retweets_count": 0, "hashtags": []}
{"id": 1188605076253954048, "date": "2019-10-27", "time": "19:55:08", "tweet": "@MrAWebb  https://t.co/1NchQPlNlU  My current receiver... Etekcity Bluetooth Receiver, NFC-Enabled Bluetooth Audio Adapter for Music Streaming Sound System, Bluetooth Transmitter for Receiver A/V RCA and Car Stereo 3.5mm AUX Input  https://t.co/9JszCMmKRl", "likes_count": 1, "replies_count": 0, "retweets_count": 0, "hashtags": []}
{"id": 1188604890542592001, "date": "2019-10-27", "time": "19:54:23", "tweet": "@ISOC_Live @apnic Unfortunately we only managed to have one input for audio in room 2.", "likes_count": 0, "replies_count": 0, "retweets_count": 0, "hashtags": []}
{"id": 1188604882519023617, "date": "2019-10-27", "time": "19:54:21", "tweet": "Instead of buying the kitty hoodie (gasp!) since Mum got me my epic cardigan, I want to buy a cheap $15.00 k-cup machine for coffee from Walmart. I've never had one AND I've been drinking bleaugh instant coffee for 2 years. Any thoughts or reviews or input??", "likes_count": 2, "replies_count": 3, "retweets_count": 0, "hashtags": []}
{"id": 1188604776919044096, "date": "2019-10-27", "time": "19:53:56", "tweet": "smash with immense input lag turns it from a game of reacting and reading your opponent to a game of straight up requiring king crimson", "likes_count": 24, "replies_count": 4, "retweets_count": 4, "hashtags": []}
{"id": 1188604763102990341, "date": "2019-10-27", "time": "19:53:53", "tweet": "He’s our twice elected leader with an amazing manifesto so thanks for your input we’re pretty happy for him to stay.", "likes_count": 2, "replies_count": 0, "retweets_count": 1, "hashtags": []}
{"id": 1188604689748844545, "date": "2019-10-27", "time": "19:53:35", "tweet": "@_winway Sim, daí dizermos que estávamos a imaginar possíveis cenários. Até porque não é só pelo TC mas também porque esse tipo de mapas foi proibido com os blown difusers  Por isso tem que ser um input do piloto consciente ou não. Caso contrário os stewards estariam atrás deles?", "likes_count": 1, "replies_count": 0, "retweets_count": 0, "hashtags": []}
{"id": 1188604656404054018, "date": "2019-10-27", "time": "19:53:27", "tweet": "Otro imprescindible de @BrackeysTweet   Notad como comenta ademas de haber link en la info del vídeo, sobre el nuevo input system que comentaba yo hace unos días atrás.  https://t.co/lO9llzGjoN", "likes_count": 1, "replies_count": 0, "retweets_count": 1, "hashtags": []}
{"id": 1188604597889187840, "date": "2019-10-27", "time": "19:53:13", "tweet": "Against pc players, that’ll put em at a disadvantage. If console didn’t have input delay at all, then it’d been fine competing against pc players. Honestly console should stick to console due to them having the delay.  It’s really not the frames 😐", "likes_count": 2, "replies_count": 1, "retweets_count": 0, "hashtags": []}
{"id": 1188604487801417729, "date": "2019-10-27", "time": "19:52:47", "tweet": "thanks for the input", "likes_count": 0, "replies_count": 0, "retweets_count": 0, "hashtags": []}
{"id": 1188604410810621953, "date": "2019-10-27", "time": "19:52:29", "tweet": "The @ONW_WC opens this week! Sign up for an appointment to have one of our skilled tutors provide input on class papers,  college admission essays, and scholarship essays.    https://t.co/IZ20QCKJj2  https://t.co/e0Korswc0S", "likes_count": 2, "replies_count": 0, "retweets_count": 1, "hashtags": []}
{"id": 1188604344280797192, "date": "2019-10-27", "time": "19:52:13", "tweet": "@donalfellows I don't relate to tests that way. I think of them as more like specifications, except that instead of being ∀ statements that fix the codomain of a set of inputs, a test is about a single input, leaving the reader to extrapolate to the ∀ statement.", "likes_count": 0, "replies_count": 1, "retweets_count": 0, "hashtags": []}
{"id": 1188604225435115521, "date": "2019-10-27", "time": "19:51:45", "tweet": "@kisekisymphony grrrrrrrrrrrrrrrrrrr im lazy but that can very much be done afsio8hasfoihafs ty for your input on these its always like, very much different from my impressions and by that extension, highly helpfulllll", "likes_count": 1, "replies_count": 0, "retweets_count": 0, "hashtags": []}
{"id": 1188604134964056070, "date": "2019-10-27", "time": "19:51:23", "tweet": "@juliaioffe Please go back and do whatever it is that you do, and let the MEN tasked with dealing with the evil on the plant, do so without your gutless and spineless input.", "likes_count": 0, "replies_count": 0, "retweets_count": 0, "hashtags": []}
{"id": 1188603982257647616, "date": "2019-10-27", "time": "19:50:47", "tweet": "I feel like it’s the input delay that causes consoles players to become outraged. They can’t compete against pc because they have input delay which allows pc players to have a slight advantage cause they don’t even have it. Feel like if consoles had input delay and there going...", "likes_count": 0, "replies_count": 0, "retweets_count": 0, "hashtags": []}
{"id": 1188603967196020736, "date": "2019-10-27", "time": "19:50:43", "tweet": "@NERYPRADO4 what makes you say that? input from Hans on discord?", "likes_count": 1, "replies_count": 0, "retweets_count": 0, "hashtags": []}
{"id": 1188603834135805952, "date": "2019-10-27", "time": "19:50:11", "tweet": "@ohhoe It took two tries to input my card information. Once I got past that it wasn’t too bad, only issue I’ve encountered is Astroneer doesn’t save the game even though it says it is.", "likes_count": 0, "replies_count": 0, "retweets_count": 0, "hashtags": []}
{"id": 1188603804826193920, "date": "2019-10-27", "time": "19:50:04", "tweet": "@BeachwoodReport @MSGunderson Why not? We’ve been talking about this contract for a lot longer than 10 months. CTU members were submitting input on bargaining positions in September of ‘18.", "likes_count": 1, "replies_count": 1, "retweets_count": 0, "hashtags": []}
{"id": 1188603739776716800, "date": "2019-10-27", "time": "19:49:49", "tweet": "@NEGUSNGOLANKOSI lol thnks for your input .  hadouken was fire though...definetly memorable", "likes_count": 3, "replies_count": 0, "retweets_count": 0, "hashtags": []}
{"id": 1188603706683486208, "date": "2019-10-27", "time": "19:49:41", "tweet": "input [ˈɪnpʊt] (名)(動・他)  ☆ 入力・(資金などの)投入 (名) input data 入力データ  input goods 投入財  ☆ 〜を入力する to input the values 数値を入力する  #英検 #英検準1級 #英検2級 #TOEIC #TOEFL #英語", "likes_count": 0, "replies_count": 0, "retweets_count": 0, "hashtags": ["英検", "英検準1級", "英検2級", "toeic", "toefl", "英語"]}
{"id": 1188603518653030400, "date": "2019-10-27", "time": "19:48:56", "tweet": "Help me get more points for my Amazon gift card! Download this app  https://t.co/2USEcOHdPU on your Android and input my invitation code c30768665", "likes_count": 0, "replies_count": 0, "retweets_count": 0, "hashtags": []}
{"id": 1188603381620924416, "date": "2019-10-27", "time": "19:48:24", "tweet": "@freshandmintae @boywithlauuuuv U no longer have any input", "likes_count": 1, "replies_count": 1, "retweets_count": 0, "hashtags": []}
{"id": 1188603329632489473, "date": "2019-10-27", "time": "19:48:11", "tweet": "@CoryO24 ☹️ we had 2 weeks. Is Freddie just calling this crap with no input from his OC? Why do I see Belichick consulting with his coaching staff and Freddie no where near his coaching staff.", "likes_count": 0, "replies_count": 0, "retweets_count": 0, "hashtags": []}
{"id": 1188603320065298432, "date": "2019-10-27", "time": "19:48:09", "tweet": "ICYMI: We support amending the Albany County Charter to require an open process with public input for determining County Legislative districts. We urge Albany County voters to vote \"YES\" to Proposition #1.", "likes_count": 0, "replies_count": 0, "retweets_count": 1, "hashtags": []}
{"id": 1188603217543745536, "date": "2019-10-27", "time": "19:47:44", "tweet": "@BrandonMChu Transactions should be auto-categorized, where possible, but should have the Mailbox App treatment for those that need user input (via swipe gestures)", "likes_count": 3, "replies_count": 0, "retweets_count": 0, "hashtags": []}
{"id": 1188603084718653441, "date": "2019-10-27", "time": "19:47:13", "tweet": "The bitcoin program just asks for an input which when inputted into the hash function will result in the first several digits being zeros. The program automatically adjusts the required number of zeroes depending on the average amount of time it takes tosolve the proof of work.", "likes_count": 0, "replies_count": 0, "retweets_count": 0, "hashtags": []}
{"id": 1188602928996552704, "date": "2019-10-27", "time": "19:46:36", "tweet": "@CNNPolitics And the raid was a success without there input", "likes_count": 6, "replies_count": 1, "retweets_count": 0, "hashtags": []}
{"id": 1188602803717099525, "date": "2019-10-27", "time": "19:46:06", "tweet": "@callmeithaca It's cold and rainy outside. But you're warm inside. The blankets are toasty, and the bed smells like them. They've planned out the day for you, thought of what you like and where you'd like to eat, asked for your input and made a decision.", "likes_count": 1, "replies_count": 1, "retweets_count": 0, "hashtags": []}
{"id": 1188602778068967424, "date": "2019-10-27", "time": "19:46:00", "tweet": "@neonwario You will probably want to use soundflower and go to midi audio app in mac and make soundflower an input and output, then set teh Mic in OBS to that aggregate device. You should find an article explaining that better. But download soundflowrr to start.", "likes_count": 4, "replies_count": 0, "retweets_count": 0, "hashtags": []}
{"id": 1188602677065867265, "date": "2019-10-27", "time": "19:45:36", "tweet": "@Benzene21 @16Nordmark @ESPNNBA @espn @russwest44 @MagicJohnson Do you not know how twitter works? I didnt even provide any input to try to prove a point. You were talking to someone else, and I just had to call you out on the foolishness.   You said it “was not good”  Then tried to change it and said “eYe sAiD nOt GrEaT”   Again, hold the L", "likes_count": 0, "replies_count": 0, "retweets_count": 0, "hashtags": []}
{"id": 1188602621797502976, "date": "2019-10-27", "time": "19:45:22", "tweet": "Casuals really need to understand that Input lag on a setup or online isn’t a John. Imagine playing quarterback in football and you see a clear pass but when you throw it it doesn’t actually get out of your hands till some seconds later. The play is ruined lol", "likes_count": 0, "replies_count": 0, "retweets_count": 0, "hashtags": []}
{"id": 1188602507460857857, "date": "2019-10-27", "time": "19:44:55", "tweet": "@PrisonIslandHed @klara_sjo As well as infantilizing women. (As if they are too dumb to make decisions without a male's input first.)", "likes_count": 0, "replies_count": 0, "retweets_count": 0, "hashtags": []}
{"id": 1188602294310494213, "date": "2019-10-27", "time": "19:44:04", "tweet": "@parshalltalk Mainstream media would not acknowledge the President but focus on why Pelosi was not informed. If she would listen to what he said, he did not a leak or neither her input. Wonder how they felt being in the dark this time??", "likes_count": 1, "replies_count": 0, "retweets_count": 0, "hashtags": []}
{"id": 1188602289910620160, "date": "2019-10-27", "time": "19:44:03", "tweet": "@ThatClinical Did I get all that info right? I looked it up to make sure but I'm not credentialed (yet!!) So I'm open to input!", "likes_count": 2, "replies_count": 1, "retweets_count": 0, "hashtags": []}
{"id": 1188602164689719296, "date": "2019-10-27", "time": "19:43:33", "tweet": "@LeoJayT Not the 60fps its the input delay that fucks me", "likes_count": 2, "replies_count": 1, "retweets_count": 0, "hashtags": []}
{"id": 1188601935068368897, "date": "2019-10-27", "time": "19:42:39", "tweet": "Fine-tuning my mental and physical continuity for BCX... I need my fingers to input precisely what my mind requires of them at every moment of a match.", "likes_count": 24, "replies_count": 2, "retweets_count": 0, "hashtags": []}
{"id": 1188601736505843712, "date": "2019-10-27", "time": "19:41:51", "tweet": "Anyone else having severe input lag and frame drops on #ModernWarfare ? Or does the game just hate me", "likes_count": 0, "replies_count": 0, "retweets_count": 0, "hashtags": ["modernwarfare"]}
{"id": 1188601611599388672, "date": "2019-10-27", "time": "19:41:22", "tweet": "@DomoSZN Input Delay Cant Stop Me...", "likes_count": 0, "replies_count": 0, "retweets_count": 0, "hashtags": []}
{"id": 1188601482381160448, "date": "2019-10-27", "time": "19:40:51", "tweet": "@SpeakerPelosi With closed door investigations, zero republican input, no lawyers from the presidents office present, this is a sham, a loe, a fraud, and we know it . Dont think for one minite you can remove an elected oresident with lies. This is USA not USSR.", "likes_count": 0, "replies_count": 0, "retweets_count": 0, "hashtags": []}
{"id": 1188601466916888576, "date": "2019-10-27", "time": "19:40:47", "tweet": "@DWN_Infinity So now that you are in Smash as an AT.  Which fighter is the strongest and why? I was dying to know your input on that.  Also say hello to Iris-chan plz", "likes_count": 0, "replies_count": 1, "retweets_count": 0, "hashtags": []}
{"id": 1188601445546909696, "date": "2019-10-27", "time": "19:40:42", "tweet": "Lucky Fishing have fun. What are you waiting for? Download it, input the refer code MGYPUAW to get reward. https://t.co/yvSMzVTmwh", "likes_count": 0, "replies_count": 0, "retweets_count": 0, "hashtags": []}
{"id": 1188601403431735297, "date": "2019-10-27", "time": "19:40:32", "tweet": "The Best Mobile Game. Free Cash Rewards, just on cashnow! Then Download and Input My Referral Code: 8YHWQ9A to Win Cash! https://t.co/vRY0vnJ9gF", "likes_count": 0, "replies_count": 0, "retweets_count": 0, "hashtags": []}
{"id": 1188601317230600192, "date": "2019-10-27", "time": "19:40:11", "tweet": "@TommyJoeRatliff @PrestonMitchum Actually no. As a woman the idea that a partner asks for input is awesome", "likes_count": 1, "replies_count": 0, "retweets_count": 0, "hashtags": []}
{"id": 1188601074602708992, "date": "2019-10-27", "time": "19:39:13", "tweet": "@mrleenewton You’re so witty how could I survive without your input 🙃", "likes_count": 5, "replies_count": 0, "retweets_count": 0, "hashtags": []}
{"id": 1188600950413414401, "date": "2019-10-27", "time": "19:38:44", "tweet": "@HadleyErskine Exactly, but the difference (for now) is drones are still human-controlled when firing missiles I think. This video contemplates robots deciding to kill humans without other human input", "likes_count": 1, "replies_count": 2, "retweets_count": 0, "hashtags": []}
{"id": 1188600824706015233, "date": "2019-10-27", "time": "19:38:14", "tweet": "@VasiliyZukanov @adamwp @ianhlake @Zhuinden Tweets like this will definitely make sure they read the thread or ask your input.", "likes_count": 1, "replies_count": 1, "retweets_count": 0, "hashtags": []}
{"id": 1188600738831880193, "date": "2019-10-27", "time": "19:37:53", "tweet": "@romford_stu Thanks for your intelligent input there Stu.", "likes_count": 0, "replies_count": 0, "retweets_count": 0, "hashtags": []}
{"id": 1188600656002736128, "date": "2019-10-27", "time": "19:37:34", "tweet": "@Kev__Lewis @TheRealKidOtaku @DameSylla6 @ShadzMangaOnly @Lt_Smashv1 @bankaism @dustanjamal @CutTheWiFi @Yuma @YaBoyRoshi  Who nicer with the pen (artwise) would love yall input on this", "likes_count": 3, "replies_count": 3, "retweets_count": 0, "hashtags": []}
{"id": 1188600558770446337, "date": "2019-10-27", "time": "19:37:10", "tweet": "@j_r028956 I basically came on twitter when i got my jeep a while back .a friend introduced me too THE JEEP MAFIA made many friends on here and met other jeep clubs .but when political input from others rub my deplorable  ways the wrong way i will express my 1st ammendment right", "likes_count": 0, "replies_count": 1, "retweets_count": 0, "hashtags": []}
{"id": 1188600421473931264, "date": "2019-10-27", "time": "19:36:38", "tweet": "@Jimmy_J_Whelan @lamphieryeg @CTVNews @GretaThunberg Thread was specifically talking about Canada but thanks for your input.", "likes_count": 0, "replies_count": 1, "retweets_count": 0, "hashtags": []}
{"id": 1188600222303379458, "date": "2019-10-27", "time": "19:35:50", "tweet": "@yodatrading_ @SpoofyBTC Fake out pump like on Oct 15 2018  What's your thoughts on this? Please I value your input Thanks", "likes_count": 0, "replies_count": 0, "retweets_count": 0, "hashtags": []}
{"id": 1188600121354784769, "date": "2019-10-27", "time": "19:35:26", "tweet": "@Ballatw @ggChampions @YourFellowArab I tried playing it and it took 2 HOURS for my center to set up the computers. Only got to play one game with a 40 person lobby and then there was a shitload of input delay on the PCs", "likes_count": 1, "replies_count": 1, "retweets_count": 0, "hashtags": []}
{"id": 1188600094553190405, "date": "2019-10-27", "time": "19:35:20", "tweet": "@Nielandron @WatchMixer @lichburnt @xX_KingDrako_Xx @Ztrain_ @ScholarlyGamer @CallmeSh0ck @DyllonKG Yeah, I can't speak for everyone from @easy_targets I am actually waiting for them to get back to me on the idea, but it'd be an interesting experiment lol  I like to break things, build them back up, then repeat lol  Ty niel for your input this was exactly want I was hoping for.", "likes_count": 3, "replies_count": 1, "retweets_count": 0, "hashtags": []}
{"id": 1188600039347834883, "date": "2019-10-27", "time": "19:35:07", "tweet": "MK11 - Liu Kang Combo Guide (20%-65%) With Input  Link:  https://t.co/d9qmninGGZ #{6a6a2579-e507-496c-8c3f-8236ef117e46} ##PS4share #combos #Goossen015 #LiuKang #mk11 #MortalKombat #playstation4 #SHAREfactory™ #SonyInteractiveEntertainment #  #MortalKombat11  https://t.co/FHda3x1wVP", "likes_count": 0, "replies_count": 0, "retweets_count": 0, "hashtags": ["ps4share", "combos", "goossen015", "liukang", "mk11", "mortalkombat", "playstation4", "sharefactory", "sonyinteractiveentertainment", "mortalkombat11"]}
{"id": 1188600005621374976, "date": "2019-10-27", "time": "19:34:59", "tweet": "Mark Walton, Jamaal Williams Or diontae johnson? Need input from anyone! #AskFFL #FFNow #FantasyFootballAdvice", "likes_count": 0, "replies_count": 0, "retweets_count": 0, "hashtags": ["askffl", "ffnow", "fantasyfootballadvice"]}
{"id": 1188599901808222209, "date": "2019-10-27", "time": "19:34:34", "tweet": "@lauralizzer Not so much a bell ring as a pivot in response to serendipitous input from stakeholders. Good things to come! #GoogleEI #thejourneycontinues 🙌👍🧭🚀", "likes_count": 2, "replies_count": 1, "retweets_count": 0, "hashtags": ["googleei", "thejourneycontinues"]}
{"id": 1188599825014480896, "date": "2019-10-27", "time": "19:34:16", "tweet": "@awudrick Maybe Trudeau can request input from a few of the 48 members of parliament duly elected from Alberta and Saskatchewan. It’s up to him if he will actually listen and/or comprehend.", "likes_count": 2, "replies_count": 0, "retweets_count": 0, "hashtags": []}
{"id": 1188599757440192513, "date": "2019-10-27", "time": "19:33:59", "tweet": "Goto GIF Input Katie Hill This was #1  https://t.co/WOGdesv8Td", "likes_count": 1, "replies_count": 0, "retweets_count": 1, "hashtags": []}
{"id": 1188599630080233472, "date": "2019-10-27", "time": "19:33:29", "tweet": "@PRdudeAM 🤣 i was waiting for your brutal input.", "likes_count": 0, "replies_count": 0, "retweets_count": 0, "hashtags": []}
{"id": 1188599588132999168, "date": "2019-10-27", "time": "19:33:19", "tweet": "@Vvajk I think those statements are an accurate representation of most traditionally published authors. There is little author support to help new authors develop. There is little input from author as to book cover. And most publishers won't coordinate marketing campaigns with authors.", "likes_count": 1, "replies_count": 1, "retweets_count": 0, "hashtags": []}
{"id": 1188599361879629824, "date": "2019-10-27", "time": "19:32:25", "tweet": "@radbeetle @bigwinged Came here to say this, happily my input is unnecessary :)", "likes_count": 0, "replies_count": 1, "retweets_count": 0, "hashtags": []}
{"id": 1188599353272717312, "date": "2019-10-27", "time": "19:32:23", "tweet": "inputにwidth100%使う場合、inputデフォルトのpadingとmarginをその幅に含めるってしないとはみ出る。 width: 100%;box-sizing: border-box;で、paddingもmarginも含めて100%になる。", "likes_count": 0, "replies_count": 0, "retweets_count": 0, "hashtags": []}
{"id": 1188599241469394946, "date": "2019-10-27", "time": "19:31:56", "tweet": "@APowerIntrovert @OhEricaJune Thank you sooo much for watching and for all your input. I will definitely take it into consideration for our next video. I’m so glad you learned something and found us entertaining too. It’s hard to keep it light with such a heavy subject. I just love @OhEricaJune  ❤️❤️❤️", "likes_count": 1, "replies_count": 0, "retweets_count": 0, "hashtags": []}
{"id": 1188599071868624896, "date": "2019-10-27", "time": "19:31:16", "tweet": "@kylegriffin1 @MSNBC Oh no! Trump should have waited to get Leaky Schiff's input before taking out the ISIS chief terrorist!", "likes_count": 0, "replies_count": 0, "retweets_count": 0, "hashtags": []}
{"id": 1188598780201000965, "date": "2019-10-27", "time": "19:30:06", "tweet": "After the game, keep it locked on NBCS Northwest for Blazers Outsiders with @joesimonssays and @DMarang! We're looking for your input on the show so reply to this tweet with your thoughts, questions or comments throughout the game!  https://t.co/3misv9fvIw", "likes_count": 4, "replies_count": 1, "retweets_count": 2, "hashtags": []}
{"id": 1188598636386480128, "date": "2019-10-27", "time": "19:29:32", "tweet": "inputするだけの勉強は時間の無駄！解説に線引いてもなんも覚えてないでしょ！？大事なのはoutput！君たちは考えることを楽しいと思える優秀な頭を持ってるんだから！", "likes_count": 0, "replies_count": 0, "retweets_count": 0, "hashtags": []}
{"id": 1188598435223687169, "date": "2019-10-27", "time": "19:28:44", "tweet": "@LewisFranck We appreciate your input. Thank you.", "likes_count": 0, "replies_count": 1, "retweets_count": 0, "hashtags": []}
{"id": 1188598173973073921, "date": "2019-10-27", "time": "19:27:42", "tweet": "@RMStables @EcoSenseNow CO2 is a waste product of respiration. Plants require input of solar energy to turn it into something useful. Its accumulation in the atmosphere causes warming.", "likes_count": 0, "replies_count": 1, "retweets_count": 0, "hashtags": []}
{"id": 1188598169371926528, "date": "2019-10-27", "time": "19:27:41", "tweet": "@jamieleecurtis @realDonaldTrump Thank you for your input on warfare, since you’ve experienced so much of it yourself.  I hope that coward suffered horribly!  I’m just sad we couldn’t make him suffer as much as he made victims of his sick version of Islam suffer.", "likes_count": 0, "replies_count": 0, "retweets_count": 0, "hashtags": []}
{"id": 1188598144050847745, "date": "2019-10-27", "time": "19:27:35", "tweet": "New custom portals for Rolling Hills Asylum with upgraded input, output and 120v ac wall adapter #rollinghillsasylum ##paranormalsixx #paranormalequipment  #paranormalcommunity #itcdevice #3dprinting #3dprinted  https://t.co/CmGJ4VBxST", "likes_count": 0, "replies_count": 0, "retweets_count": 0, "hashtags": ["rollinghillsasylum", "paranormalsixx", "paranormalequipment", "paranormalcommunity", "itcdevice", "3dprinting", "3dprinted"]}
{"id": 1188597523906056194, "date": "2019-10-27", "time": "19:25:07", "tweet": "@Atlasattacus88 @Saint_Vv This thing is amazing. Besign BK01 Bluetooth 4.1 Car Kit Hands-Free Wireless Talking &amp; Music Streaming Receiver with Dual Port USB Car Charger and Ground Loop Noise Isolator for Car with 3.5mm AUX Input Port  https://t.co/RaaJZRxNMo", "likes_count": 1, "replies_count": 1, "retweets_count": 0, "hashtags": []}
{"id": 1188597445028130817, "date": "2019-10-27", "time": "19:24:48", "tweet": "@mikea0217 Hi! With Hulu + Live TV, you'll be able to watch games on NBC, CBS, FOX, and other regional sports networks available live in your area via our service ( https://t.co/7pc7PlNJgD). More info:  https://t.co/mzGCBAIz34. While we can't speak to other services, we'll share your input!", "likes_count": 0, "replies_count": 1, "retweets_count": 0, "hashtags": []}
{"id": 1188597286584180737, "date": "2019-10-27", "time": "19:24:10", "tweet": "@SebGorka Please sit down and shut up Morell! We didn’t vote for you or your input!!", "likes_count": 0, "replies_count": 0, "retweets_count": 0, "hashtags": []}
{"id": 1188597281546743815, "date": "2019-10-27", "time": "19:24:09", "tweet": "@dbongino Bought your book Dan.  Good to see you on Fox a lot.  So glad they have your input.  You make so much sense.", "likes_count": 1, "replies_count": 1, "retweets_count": 0, "hashtags": []}
{"id": 1188597174822735878, "date": "2019-10-27", "time": "19:23:44", "tweet": "@Dramaa27 Again check settings you can remove this option by filtering out the types of input you wish to avoid.  https://t.co/rqeOx4Cl06", "likes_count": 0, "replies_count": 2, "retweets_count": 0, "hashtags": []}
{"id": 1188596681409028096, "date": "2019-10-27", "time": "19:21:46", "tweet": "Another CloudVolume 0.64.0 feature that only the REAL CloudVolume heads will get: We can now synthesize the shard file format given appropriate input. The word \"appropriate\" is doing a lot of work here however.", "likes_count": 0, "replies_count": 0, "retweets_count": 0, "hashtags": []}
{"id": 1188596626841047040, "date": "2019-10-27", "time": "19:21:33", "tweet": "@v_input_output hey goodnight", "likes_count": 1, "replies_count": 0, "retweets_count": 0, "hashtags": []}
{"id": 1188596603877130240, "date": "2019-10-27", "time": "19:21:28", "tweet": "anyone know why csp sometimes just fuckin switches language input for text that forces a pc restart to get it back? is it some key press that does this? typing on other programs isn't affected when this happens", "likes_count": 0, "replies_count": 2, "retweets_count": 0, "hashtags": []}
{"id": 1188596424918872065, "date": "2019-10-27", "time": "19:20:45", "tweet": "I'm not even letting Freddie fly home with the team. And dont let baker have input on the next coach", "likes_count": 0, "replies_count": 0, "retweets_count": 0, "hashtags": []}
{"id": 1188596407671939072, "date": "2019-10-27", "time": "19:20:41", "tweet": "@AndyMineo YES ANDY!! We love your input &amp; thoughts, man!! Thanks!!", "likes_count": 5, "replies_count": 0, "retweets_count": 0, "hashtags": []}
{"id": 1188596363321368578, "date": "2019-10-27", "time": "19:20:30", "tweet": "@pharmtechmike Pharmacy technician is a hard job...if you ever need to vent, input, etc...my dm's are open. Send a message anytime!", "likes_count": 1, "replies_count": 0, "retweets_count": 0, "hashtags": []}
{"id": 1188596328777080832, "date": "2019-10-27", "time": "19:20:22", "tweet": "@Hazelbird I trust you so much! Love your input and wisdom!", "likes_count": 0, "replies_count": 0, "retweets_count": 0, "hashtags": []}
{"id": 1188596238196699136, "date": "2019-10-27", "time": "19:20:00", "tweet": "@jamieleecurtis @realDonaldTrump Are you kidding me??! He blew himself up, and killed three of his children in the process. And pls, tell us of your own extensive combat experience that informs your opinions. What makes you think that he suffered by his instantaneous death? Your input here is just foolish.", "likes_count": 0, "replies_count": 0, "retweets_count": 0, "hashtags": []}
{"id": 1188596215367249921, "date": "2019-10-27", "time": "19:19:55", "tweet": "@Biffa input #NWEco2019 hosted @BRFCTrust was well received by children attending the learning for sustainability event. We hope this waste management company will join us again for #NWEcoConf2020 18th June- same fantastic venue.  https://t.co/zgT2gII67x", "likes_count": 5, "replies_count": 0, "retweets_count": 2, "hashtags": ["nweco2019", "nwecoconf2020"]}
{"id": 1188596107275689985, "date": "2019-10-27", "time": "19:19:29", "tweet": "@Matt_Rogers1776 @CNN .....and this plan to take this guy was in the works for months, without any input from Trump, devised from plans and methods created by Obama and HIS Chief of Staff....", "likes_count": 0, "replies_count": 0, "retweets_count": 0, "hashtags": []}
{"id": 1188595987360542720, "date": "2019-10-27", "time": "19:19:01", "tweet": "I couldn't agree more with Andrew Hussie about the classpects. If there were an official tabletop I'd want Hussie to design the system because he's a genius at systems, but I'd want OD to design the classpect stuff with some input from Andrew on his original ideas.", "likes_count": 19, "replies_count": 0, "retweets_count": 1, "hashtags": []}
{"id": 1188595970579128320, "date": "2019-10-27", "time": "19:18:57", "tweet": "@nationalslut Thats the reason why I input it nnnn just for comedy purposes", "likes_count": 0, "replies_count": 0, "retweets_count": 0, "hashtags": []}
{"id": 1188595912894926849, "date": "2019-10-27", "time": "19:18:43", "tweet": "@hitsthings Suppler is what the cool kids say.   Thanks for the feedback! It's so easy when you build something to lose sight of obvious deficiencies in the API because you use it so often. I think cleaning up the input and the URL replacements would go a long way to making it easier to use", "likes_count": 0, "replies_count": 0, "retweets_count": 0, "hashtags": []}
{"id": 1188595869731307521, "date": "2019-10-27", "time": "19:18:33", "tweet": "Haaa meeting tak britau input untuk orang yg jauh .. padan muka .. jangan nak salahkan aku jer lagi", "likes_count": 0, "replies_count": 0, "retweets_count": 0, "hashtags": []}
{"id": 1188595760574664709, "date": "2019-10-27", "time": "19:18:07", "tweet": "@Cath519 @sfpelosi Telling g congress ahead of operation was too risky! Too many leakers there! And he did not need their input or need them to share the credit either! They block him@at every turn! And telling Russia was necessary to prevent their interference and/ or having armed conflict w them", "likes_count": 0, "replies_count": 0, "retweets_count": 0, "hashtags": []}
{"id": 1188595736130158593, "date": "2019-10-27", "time": "19:18:01", "tweet": "@mamedina8 Sir, but they are not the same. I see people teach this &amp; I have never understood. Thanks for your input! Sorry, I understand \"feel\" vs \"drill\" but still just dont get it. As a fighter pilot I was taught to move my hands how they were \"going to move in battle\" while training.  https://t.co/s84ZxIQeWd", "likes_count": 1, "replies_count": 1, "retweets_count": 0, "hashtags": []}
{"id": 1188595728790294528, "date": "2019-10-27", "time": "19:17:59", "tweet": "@0xnorff If it's a latching relay, it will default/stay in the same position after a change to the switching/input terminal. It could be that you need a latching relay vs a non.  Also possible if there's an overload that the relay gets stuck and needs to be reset. 1/2", "likes_count": 0, "replies_count": 1, "retweets_count": 0, "hashtags": []}
{"id": 1188595637433929730, "date": "2019-10-27", "time": "19:17:37", "tweet": "A new report by @ArupGroup which acknowledges input from NSW Circular Director and @UNSW Prof @VeenaSahajwalla explores the opportunities presented by the #circulareconomy for the #photovoltaic industry in Australia  https://t.co/ZDLF5MFpAM", "likes_count": 1, "replies_count": 0, "retweets_count": 0, "hashtags": ["circulareconomy", "photovoltaic"]}
{"id": 1188595495184322561, "date": "2019-10-27", "time": "19:17:03", "tweet": "@pawcelot Control user input by limiting their options, lmao. Surely no one has ever performed input sanitization and format checking before", "likes_count": 1, "replies_count": 1, "retweets_count": 0, "hashtags": []}
{"id": 1188595442373804033, "date": "2019-10-27", "time": "19:16:51", "tweet": "@Frubunny i read up about the directions of the episode and how they got family input/even his actual childhood photos and it made me even more sad gjsnglp", "likes_count": 1, "replies_count": 1, "retweets_count": 0, "hashtags": []}
{"id": 1188595241227558912, "date": "2019-10-27", "time": "19:16:03", "tweet": "Hello all!  I'm hosting an interest check to a possible EraserMight Zine and I need your help! I want the input of as many EM fans as possible so that this zine can be the best possible EM zine it can be!  RTs are &lt;3   https://t.co/HIS4yjIdYL", "likes_count": 33, "replies_count": 3, "retweets_count": 23, "hashtags": []}
{"id": 1188595033705979904, "date": "2019-10-27", "time": "19:15:13", "tweet": "@nmringo_ Deve ter assistido vídeo demais no youtube falando que native input é a coisa mais importante do mundo", "likes_count": 0, "replies_count": 1, "retweets_count": 0, "hashtags": []}
{"id": 1188594884430716930, "date": "2019-10-27", "time": "19:14:38", "tweet": "If you have no power or input to move the word, stop giving your 2¢ to this trillion dollar problem", "likes_count": 0, "replies_count": 0, "retweets_count": 0, "hashtags": []}
{"id": 1188594877929414656, "date": "2019-10-27", "time": "19:14:36", "tweet": "Bismillah... Semangat Senin ; Monday is Money Day 💥  Alhamdulillah pagi2 dapat transferan Clossing lagi (Trade in) siap input Bos... 😍  Siap2 menjemput bola -bismillah clossing bertubi2... baarokallaah... 😇  Namun,...  https://t.co/CNEKtPXF5O", "likes_count": 0, "replies_count": 0, "retweets_count": 0, "hashtags": []}
{"id": 1188594806114701312, "date": "2019-10-27", "time": "19:14:19", "tweet": "DEFENDERS VII MEDICAL MONDAY OCTOBER 28,2019 8pm-10pm EASTERN  https://t.co/mdirNR7z9I Join us LIVE for our weekly DEFENDERS VII MEDICAL Monday with Host COLONEL Kimberly  https://t.co/GHkg0nu183 914-205-5773 to participate and give us your input.", "likes_count": 0, "replies_count": 0, "retweets_count": 0, "hashtags": []}
{"id": 1188594787307474944, "date": "2019-10-27", "time": "19:14:14", "tweet": "@Nicoxw1 Can we input a cheat code somewhere to just skip ALL of the trump levels???  ⬆⬆⬇⬇⬅➡⬅➡B A B A Start...  That do anything?", "likes_count": 0, "replies_count": 0, "retweets_count": 0, "hashtags": []}
{"id": 1188594778272927745, "date": "2019-10-27", "time": "19:14:12", "tweet": "@JamesDi56508017 @FanStreamJP Are you serious? So RG4 can’t get hit from behind? RG4 can’t fumble a snap that he wasn’t ready for? Like you are trying to say input in another QB and think these things can’t happen.", "likes_count": 1, "replies_count": 1, "retweets_count": 0, "hashtags": []}
{"id": 1188594771347902464, "date": "2019-10-27", "time": "19:14:11", "tweet": "@teenypeeny9090 @Denlesks Hi TennyBOTpeeny9090   Thanks for your input.   We will send @Denlesks to the near Leftist reeducation camp.", "likes_count": 1, "replies_count": 1, "retweets_count": 0, "hashtags": []}
{"id": 1188594768474976256, "date": "2019-10-27", "time": "19:14:10", "tweet": "Part of why I'm thinking multiple input textures instead of just larger single input textures is that it feels like you could use smaller input textures that don't introduce \"false\" spatial relationships between features, which might combat overfitting?", "likes_count": 1, "replies_count": 1, "retweets_count": 0, "hashtags": []}
{"id": 1188594750137470977, "date": "2019-10-27", "time": "19:14:06", "tweet": "What's the cheapest way to get an app that just uses videos and user input built? Hire someone in a poorer country or start a joint venture?  https://t.co/G7GGR0VNWp #Android #AndroidDev", "likes_count": 0, "replies_count": 0, "retweets_count": 0, "hashtags": ["android", "androiddev"]}
{"id": 1188594715261722624, "date": "2019-10-27", "time": "19:13:57", "tweet": "@Equifax Tried to login ti TrustedID, forgot my password, attempted to Reset it, input my SSN and DOB and received the error: \"Your account is not Active. Please contact customer service.\"", "likes_count": 0, "replies_count": 1, "retweets_count": 0, "hashtags": []}
{"id": 1188594291234336768, "date": "2019-10-27", "time": "19:12:16", "tweet": "@rhaydde He has input on who to draft. We could have taken Devin White or Devin Bush instead of Ferrell. And if Guenther doesn't use them, why would Gruden take them? The whole system is awful.", "likes_count": 0, "replies_count": 0, "retweets_count": 0, "hashtags": []}
{"id": 1188594174964195329, "date": "2019-10-27", "time": "19:11:48", "tweet": "the urge to poke people with sticks when i want their input on a fic is so strong but i can only muster it when im like, certain it’s something they’d be at least 50% interested in", "likes_count": 1, "replies_count": 0, "retweets_count": 0, "hashtags": []}
{"id": 1188593899549409280, "date": "2019-10-27", "time": "19:10:43", "tweet": "@Sneaks_UK Yeah but it's meant to matched with input and im not using keyboard and mouse", "likes_count": 0, "replies_count": 0, "retweets_count": 0, "hashtags": []}
{"id": 1188593797262970880, "date": "2019-10-27", "time": "19:10:18", "tweet": "@glitterdeaky @thealitybites @jess689_ @PrestonMitchum As we know white man's non-consensual input is always necessary to maintain white supremacy and patriarchy.", "likes_count": 0, "replies_count": 4, "retweets_count": 0, "hashtags": []}
{"id": 1188593631864614913, "date": "2019-10-27", "time": "19:09:39", "tweet": "@Sgt_Patterson @whozenexxt @SamDavi99667843 The NSW government could not give a toss about the water in the country area They have nothing for these people and have let their water supplies be drained with no assistance or input Shameful the lot of them", "likes_count": 0, "replies_count": 1, "retweets_count": 0, "hashtags": []}
{"id": 1188593599862231041, "date": "2019-10-27", "time": "19:09:31", "tweet": "@yvesseoul When someone’s actually belittling Heize and lee sora’s work, come back to me. Producers out a lot of input in too and it’s really not that big of a deal, it was just a small joke not to be taken seriously  https://t.co/6KwxAy8cbF", "likes_count": 0, "replies_count": 0, "retweets_count": 0, "hashtags": []}
{"id": 1188593499282632704, "date": "2019-10-27", "time": "19:09:07", "tweet": "Will I post about music/sound again? Yes. I'm in the middle of several big projects and am watching my time on social media. Need focused time as well as low input daydream time.", "likes_count": 12, "replies_count": 0, "retweets_count": 0, "hashtags": []}
{"id": 1188593379707412482, "date": "2019-10-27", "time": "19:08:39", "tweet": "@PeterFaberSP @gerdosi @PlomeekSoup @richcollins @The_Nutrivore @FatEmperor Although those cases usually manifest at Supra-physiological exposures, and outside of that setting, caloric intake underlies the shifts in those hormones in many cases.   Long story short—lots of factors. Energy balance is the bedrock from which the other rise/the biggest input", "likes_count": 1, "replies_count": 2, "retweets_count": 0, "hashtags": []}
{"id": 1188593145585508353, "date": "2019-10-27", "time": "19:07:43", "tweet": "Anyone who thinks Xhaka didn't have a bad game doesn't understand football. Apart from his corner he was virtually absent. There was no attacking input or defensive input. He was also at fault for their second goal. Tactically theres no place for him at Arsenal #ARSCRY", "likes_count": 0, "replies_count": 1, "retweets_count": 0, "hashtags": ["arscry"]}
