{"id": 1158890483902324736, "date": "2019-08-06", "time": "19:59:57", "tweet": "@aragusea @TaylorQuimby1 @reblavoie @ZoomSound I think this should do the trick. Honestly I just wish I could turn up the iPad’s internal mic louder without having to add the iPad into the input chain.", "likes_count": 1, "replies_count": 1, "retweets_count": 0, "hashtags": []}
{"id": 1158890376423329793, "date": "2019-08-06", "time": "19:59:31", "tweet": "FreeBSD-SA-19:19.mldv2 IPv6マルチキャストで使うMLDv2 listener query packetがmbuf間でフラグメントしている時にICMPv6 input pathが大小文字を不適切に扱うので、境界越えメモリ読み書きが可能。unmappedページへのアクセスもできるのでpanicの可能性がある。  https://t.co/nAowM5JpCZ", "likes_count": 1, "replies_count": 0, "retweets_count": 0, "hashtags": []}
{"id": 1158890304969347072, "date": "2019-08-06", "time": "19:59:14", "tweet": "This Thursday, the Detroit Board of Police Commissioners is voting on whether to approve the use of facial recognition technology. DPD has used it without public input for nearly 2 years – until @GeorgetownCPT blew the whistle.", "likes_count": 18, "replies_count": 1, "retweets_count": 27, "hashtags": []}
{"id": 1158890253303930880, "date": "2019-08-06", "time": "19:59:02", "tweet": "Thanks to all for the interesting input on this work.", "likes_count": 4, "replies_count": 0, "retweets_count": 2, "hashtags": []}
{"id": 1158890209616060417, "date": "2019-08-06", "time": "19:58:51", "tweet": "Really enjoyed our annual meeting!  Great science, great input from the membership, great networking.  Thank you to all the speakers, organizers, and members!    @DrSethMurray, Suxing, Oded, Jessica, @Shoshana_K  https://t.co/6Y94JM1psK", "likes_count": 25, "replies_count": 0, "retweets_count": 4, "hashtags": []}
{"id": 1158889996817842178, "date": "2019-08-06", "time": "19:58:01", "tweet": "@nwin have you see this survey? I shared one of your papers in it, I’m sure they’d welcome your input!", "likes_count": 0, "replies_count": 1, "retweets_count": 0, "hashtags": []}
{"id": 1158889834015948803, "date": "2019-08-06", "time": "19:57:22", "tweet": "さて、みんなで日経の行く末を見守ろう", "likes_count": 1, "replies_count": 0, "retweets_count": 0, "hashtags": []}
{"id": 1158889607230103552, "date": "2019-08-06", "time": "19:56:28", "tweet": "If you’re a black man that feels like any of these posts are reaching, please unfollow me. You’re a weak link, I don’t like weaklings. You’re the type that told on slaves that ran away when you stayed. I don’t need to see your input on my timeline and vice versa. That is all.", "likes_count": 0, "replies_count": 0, "retweets_count": 0, "hashtags": []}
{"id": 1158889522412838912, "date": "2019-08-06", "time": "19:56:07", "tweet": "Terminal input changes on SOME incorrect commands  https://t.co/siTj4kQq6J  https://t.co/zJL2pJtJ99", "likes_count": 0, "replies_count": 0, "retweets_count": 0, "hashtags": []}
{"id": 1158889388652355585, "date": "2019-08-06", "time": "19:55:36", "tweet": "“He’s not wrong.” - @GovTimWalz on the ousted DHS medical director, who says the agency stifles input from doctors and needs an independent oversight board.  Here’s my interview with ex-DHS official Jeff Schiff:   https://t.co/tWAzvaoqHg", "likes_count": 2, "replies_count": 0, "retweets_count": 2, "hashtags": []}
{"id": 1158889332842741760, "date": "2019-08-06", "time": "19:55:22", "tweet": "bluhm@ modified sys/net: When we needed the kernel lock for local IP packet delivery, mpi@ introduced a queue to grab the lock for multiple packets. Now we have only netlock for both IP and protocol input. So the queue is not necessary anymore. It just switches CPU and decreas...", "likes_count": 1, "replies_count": 0, "retweets_count": 2, "hashtags": []}
{"id": 1158889330791858182, "date": "2019-08-06", "time": "19:55:22", "tweet": "@RedWhiteNBlood2 Absolutely! Great input from God, when things appear so hopeless!", "likes_count": 0, "replies_count": 1, "retweets_count": 0, "hashtags": []}
{"id": 1158889327931342848, "date": "2019-08-06", "time": "19:55:21", "tweet": "@NoScience4WAR Meh lady, they are purposely doing this to hope that those aware of it react irrationally. People know, especially with your input, thank you.", "likes_count": 0, "replies_count": 1, "retweets_count": 0, "hashtags": []}
{"id": 1158889240698249217, "date": "2019-08-06", "time": "19:55:00", "tweet": "@joonwitraptunes Wow that's really interesting! Thank you for your input  https://t.co/EbXtr1010r", "likes_count": 0, "replies_count": 0, "retweets_count": 0, "hashtags": []}
{"id": 1158889215486115840, "date": "2019-08-06", "time": "19:54:54", "tweet": "@shwinnypooh Thanks for your input, Knicks fam!", "likes_count": 4, "replies_count": 0, "retweets_count": 0, "hashtags": []}
{"id": 1158889103724650496, "date": "2019-08-06", "time": "19:54:28", "tweet": "@InPut_Bancho メルシー＝メーシー問題でつまんないこと書いたのでgoogleさん忖度してくれたんでしょう", "likes_count": 1, "replies_count": 0, "retweets_count": 0, "hashtags": []}
{"id": 1158888941904252928, "date": "2019-08-06", "time": "19:53:49", "tweet": "@TrackingActions @Michelle_Jin1 @rajtarun @itsasimiqbal Not really comparable...yet! SMART is purely human-user-input based (after Wholebrain's initial registration pass based on outer brain boundary), but incorporating a machine learning component for internal landmarks would be a dream 🧐 On the future list!", "likes_count": 3, "replies_count": 1, "retweets_count": 0, "hashtags": []}
{"id": 1158888915002171392, "date": "2019-08-06", "time": "19:53:43", "tweet": "Thanks to everyone for their advice and input,  really appreciate it.", "likes_count": 2, "replies_count": 1, "retweets_count": 0, "hashtags": []}
{"id": 1158888885872680961, "date": "2019-08-06", "time": "19:53:36", "tweet": "@YoungKoney That's what I settled on! Just have a fun time and see what comes from that :) Thanks for all of your input!", "likes_count": 2, "replies_count": 1, "retweets_count": 0, "hashtags": []}
{"id": 1158888852083421185, "date": "2019-08-06", "time": "19:53:28", "tweet": "@AlexaChenowith Don’t store my keys either - no system keystore - on demand input of keys", "likes_count": 0, "replies_count": 0, "retweets_count": 0, "hashtags": []}
{"id": 1158888718520016896, "date": "2019-08-06", "time": "19:52:56", "tweet": "@Khanscott @Perceval_Robin @ooblets Crowdfunders don’t have any say in development. That’s the way it works, if the creator doesn’t ask for crowdfunder input then they’re under no obligation to pay attention to it. And the game was not directly crowdfunded, the Patreon backers supported the creators, not the game.", "likes_count": 1, "replies_count": 0, "retweets_count": 0, "hashtags": []}
{"id": 1158888702858452992, "date": "2019-08-06", "time": "19:52:52", "tweet": "[9wdll] An Android exclusive Valkyrie Crusade invite code. Input to receive a special promotion!  https://t.co/xwXkXMzYix #Valkyrie Crusade", "likes_count": 0, "replies_count": 0, "retweets_count": 0, "hashtags": ["valkyrie"]}
{"id": 1158888636865228800, "date": "2019-08-06", "time": "19:52:36", "tweet": "Mexico seeks public input as marijuana legalization draws closer  https://t.co/7pLMMmrrW9", "likes_count": 0, "replies_count": 0, "retweets_count": 0, "hashtags": []}
{"id": 1158888497509535745, "date": "2019-08-06", "time": "19:52:03", "tweet": "Let's go to Shanghai! I'll be asking everyone for input on this talk... #openinfrastructure #openstack    https://t.co/XM7xdoB34D", "likes_count": 4, "replies_count": 0, "retweets_count": 0, "hashtags": ["openinfrastructure", "openstack"]}
{"id": 1158888455264448513, "date": "2019-08-06", "time": "19:51:53", "tweet": "@MarkFMillerGR I'm always looking for more input from people with sight impairment that rely on consistent pavement markings. That's always missing from the conversation. Also, there is so much public right of way ready for public art outside of crosswalks.", "likes_count": 2, "replies_count": 1, "retweets_count": 0, "hashtags": []}
{"id": 1158888439049154560, "date": "2019-08-06", "time": "19:51:49", "tweet": "@theoremlabs @MoatsLikeKodak I tried as well, and also emailed BPY/BIP/BEP/BBU to see how they use IFRS.  In all cases the answer is \"a sale is just one input; it's the best input, but if we disagree with the sale price vs. our internal estimate of FV, we don't have to mark it to sale\".", "likes_count": 0, "replies_count": 0, "retweets_count": 0, "hashtags": []}
{"id": 1158888375807438849, "date": "2019-08-06", "time": "19:51:34", "tweet": "Also plan to write up their stories so those of you who had input, if you could DM me or comment here so I can include them, please do! 😘", "likes_count": 1, "replies_count": 0, "retweets_count": 0, "hashtags": []}
{"id": 1158888269456666624, "date": "2019-08-06", "time": "19:51:09", "tweet": "I really feel that it is totally wrong that the alcohol industry have had any input into the recommendations into the regulation of the alcohol industry. #auspol", "likes_count": 0, "replies_count": 1, "retweets_count": 0, "hashtags": ["auspol"]}
{"id": 1158888162363490306, "date": "2019-08-06", "time": "19:50:43", "tweet": "she literally tricked the system earlier this week so we could input our hours then she wants to switch up ?? she literally told us we had enough hours earlier this pay period. amelia’s mom even has proof. AND THEN she was like “we emailed u on several occasions telling u guys", "likes_count": 4, "replies_count": 1, "retweets_count": 0, "hashtags": []}
{"id": 1158888117127938048, "date": "2019-08-06", "time": "19:50:32", "tweet": "@hal555 あら？Googleさんによく言っておきます。すみません。", "likes_count": 0, "replies_count": 1, "retweets_count": 0, "hashtags": []}
{"id": 1158887971845808129, "date": "2019-08-06", "time": "19:49:58", "tweet": "Speak Up Now to Save Our National Forests - The Trump administration is trying to remove public input from Forest Service decision-making @outsidemagazine  https://t.co/JkoCXAW55Z #climatecrisis #globalheating #saveourforests", "likes_count": 0, "replies_count": 0, "retweets_count": 0, "hashtags": ["climatecrisis", "globalheating", "saveourforests"]}
{"id": 1158887966053285888, "date": "2019-08-06", "time": "19:49:56", "tweet": "@InPut_Bancho そしてコメントを書いたら飛んだっぽい…(๑˃̵ᴗ˂̵)", "likes_count": 0, "replies_count": 1, "retweets_count": 0, "hashtags": []}
{"id": 1158887923405733890, "date": "2019-08-06", "time": "19:49:46", "tweet": "HOW COOL IS THIS!?! Coding program in which you input values into a function to try and create different polygons! The tricky part is... you don't know the function rule! (Way more complex than I explained, but I learned so much) @ColleenKnauer @NWMSNighthawks #thisisnorthwoods  https://t.co/LHP9OrX227", "likes_count": 4, "replies_count": 0, "retweets_count": 1, "hashtags": ["thisisnorthwoods"]}
{"id": 1158887463559020544, "date": "2019-08-06", "time": "19:47:57", "tweet": "Hat jemand von euch #AmazonPrimeVideo?  (Zum #PrimeDay hab ich #AmazonPrime genutzt - für mein neues Smartphone!)  - Welche Filme/Serien auf Prime sind Geheimtipps? - Welchen Streamer soll ich mein Monatsabo schenken? - Was gibts sonst noch @ Amazon?  Würd mich über Input freuen!", "likes_count": 0, "replies_count": 1, "retweets_count": 0, "hashtags": ["amazonprimevideo", "primeday", "amazonprime"]}
{"id": 1158887357292195842, "date": "2019-08-06", "time": "19:47:31", "tweet": "@langdreamer Disagree. Any input is always welcome, particularly any enjoyable one that one would favor listening to repeatedly. I don't think anyone would recommend only using music as input, of course.", "likes_count": 1, "replies_count": 0, "retweets_count": 0, "hashtags": []}
{"id": 1158887348257452032, "date": "2019-08-06", "time": "19:47:29", "tweet": "@AustinNalluh @CruceNYC @Gusify_ I'd rather it on pc than some dude by passing 3rd party settings cuz its easier to possibly hide regardless of if IW found a way to block input on console", "likes_count": 0, "replies_count": 0, "retweets_count": 0, "hashtags": []}
{"id": 1158887313587494912, "date": "2019-08-06", "time": "19:47:21", "tweet": "@skmcl70 True, thanks for ur input I just really wanted to know why", "likes_count": 1, "replies_count": 1, "retweets_count": 0, "hashtags": []}
{"id": 1158887290506219524, "date": "2019-08-06", "time": "19:47:15", "tweet": "@TheCitizen_News And our taxpaying input and country's cash coffers are being further depleted by this useless bunch who do nothing but enjoy the disgracefully enormous, undeserved salaries.", "likes_count": 0, "replies_count": 0, "retweets_count": 0, "hashtags": []}
{"id": 1158887189113180160, "date": "2019-08-06", "time": "19:46:51", "tweet": "@JoshG82547425 Feel free to leave your comments / feedback regarding the game here: https://t.co/yvpDZ1DmfJ. We gladly value your input. Let me know if there is anything else I can assist you with. Thanks! ^LL", "likes_count": 0, "replies_count": 1, "retweets_count": 0, "hashtags": []}
{"id": 1158887157693476864, "date": "2019-08-06", "time": "19:46:44", "tweet": "微妙... ：One Wearable. Unlimited Input.  https://t.co/eEbpSXshRW @YouTubeさんから", "likes_count": 0, "replies_count": 0, "retweets_count": 0, "hashtags": []}
