{"id": 1121926790967169032, "date": "2019-04-26", "time": "19:59:26", "tweet": "Community shares input for Montcalm Community College @MontcalmCC president search:  https://t.co/EOAbB0J3w6 (by @_MeghanNelson)  https://t.co/xZgfmFh6HZ", "likes_count": 0, "replies_count": 0, "retweets_count": 0, "hashtags": []}
{"id": 1121926782179999744, "date": "2019-04-26", "time": "19:59:23", "tweet": "@JavierM59683016 @SanCadilla Y no hizo un muy buen trabajo, el juego ha sido ampliamente criticado incluso por los pros, siendo probablemente el mayor problema el \"input delay\" en el que las reacciones son excesivamente lentas. Además de los goles en minuto 1 y 90.", "likes_count": 0, "replies_count": 0, "retweets_count": 0, "hashtags": []}
{"id": 1121926775607451648, "date": "2019-04-26", "time": "19:59:22", "tweet": "@KPU_ID Dipertontonkan aja kliru input datanya udah banyak!!apalagi disembunyikan!!!,udah TPF aja!!!", "likes_count": 1, "replies_count": 0, "retweets_count": 0, "hashtags": []}
{"id": 1121926755864829953, "date": "2019-04-26", "time": "19:59:17", "tweet": "@defitra_ @ajuzul_maulida3 @MohammadDayatS @aagym sekian ribu data yg di input yg salah apa sebanyak itu? 800 ribuan TPS yg terdaftar yg curang semuanya? QC internal pindah2 sama aja kaya percaya sama Ratna Sarumpaet..", "likes_count": 0, "replies_count": 0, "retweets_count": 0, "hashtags": []}
{"id": 1121926675799977986, "date": "2019-04-26", "time": "19:58:58", "tweet": "If you want to live a life worth living and have a ministry worth following, your input should always exceed your output.  https://t.co/1AMt613aX6 via @cnieuwhof", "likes_count": 1, "replies_count": 0, "retweets_count": 0, "hashtags": []}
{"id": 1121926653997772800, "date": "2019-04-26", "time": "19:58:53", "tweet": "@karaeng_dillong @Qonstantiniyye @ARini2717 @F41ryP1nk @Vinny_Cj @kenyoriee @EDitektif @tembangsunyi @PunggawaPAS @batubara02 @ibnbukhari___ @gunasuti @ArwahMilitan @diahkusumoo @AkihitoKanbara_ @212ThePowerOff1 @fariomeda Nah kalo salah input gini mh parah  #KPUJanganJiplakQuickCount", "likes_count": 0, "replies_count": 1, "retweets_count": 0, "hashtags": ["kpujanganjiplakquickcount"]}
{"id": 1121926653112770560, "date": "2019-04-26", "time": "19:58:53", "tweet": "For boolean functions, is there a name for the property that changing only a few input bits will change only a few output bits? (I want something analogous to continuity for the discrete world.)", "likes_count": 6, "replies_count": 8, "retweets_count": 0, "hashtags": []}
{"id": 1121926639472873472, "date": "2019-04-26", "time": "19:58:49", "tweet": "@MekoesnadiSoen2 @Age_Friend #KPUNgejarQuickCount  Asyiknya denger lagu ini sambil input data biar ga human  eror ..", "likes_count": 0, "replies_count": 0, "retweets_count": 0, "hashtags": ["kpungejarquickcount"]}
{"id": 1121926602349146112, "date": "2019-04-26", "time": "19:58:41", "tweet": "@Prof_Tamburin Gue sih masih agak positive thinking sama orang ini.. tapi pure negative thinking sama banyak pegawai yg input. Masa iya nggak ada keberanian buat cari dan pecat orangnya. Bijimane dah ah", "likes_count": 0, "replies_count": 0, "retweets_count": 0, "hashtags": []}
{"id": 1121926522711863298, "date": "2019-04-26", "time": "19:58:22", "tweet": "Kalau pak Mahfud seorang ahli IT, ahli dadabase dan programer maka pendapat Bapak akan kami terima. System tidak hanya dilihat dr cara input yg benar krn system KPU program OK, tp bgmn dg kecurangan nembak lngsung lewat Database?", "likes_count": 1, "replies_count": 0, "retweets_count": 0, "hashtags": []}
{"id": 1121926472095105024, "date": "2019-04-26", "time": "19:58:09", "tweet": "Nach zwei Tagen voller genialem Input und vor dem Rückflug- Glücklich  @gender_useit #diversity #Mint #ki  https://t.co/d9e5ErWOkG", "likes_count": 5, "replies_count": 1, "retweets_count": 0, "hashtags": ["diversity", "mint", "ki"]}
{"id": 1121926411973906432, "date": "2019-04-26", "time": "19:57:55", "tweet": "@pln_123 halo PLN, mau tanya, saya baru ngisi token via mbanking sebesar 500rb. Tp kenapa ketika di input di reject trs. Sementara saldo rekening saya sdh terpotong. Dan nama pemilik yg tertera di token sudah benar. Kemana hilangnya vocer listrik saya", "likes_count": 0, "replies_count": 1, "retweets_count": 0, "hashtags": []}
{"id": 1121926305681788928, "date": "2019-04-26", "time": "19:57:30", "tweet": "Perjuangan ce one memang cukup tangguh sampai angkanya diinput benar. Dicuri, dibakar, dirubah, kalopun selamat eee salah input. #eh", "likes_count": 0, "replies_count": 0, "retweets_count": 0, "hashtags": ["eh"]}
{"id": 1121926266800574464, "date": "2019-04-26", "time": "19:57:21", "tweet": "@P08NewPresident @msaid_didu @fadlizon @Fahrihamzah @PriyoBudiS @Gerindra @haikal_hassan @zonacakrawala Intinya KPU akan trus berusaha salah inpuy data. Angkanya pun nggak nanggung2 di tambh utk 01. Supaya hasil QC persis sma dgn QC. Gmn trend pie nya nggak berubah2. Ya iyalah secara penmbhan 1 TPS sj smpe ribuan. U la la..KPU oh KPU. Smpe kpn klian slh input #KPUNgejarQuickCount", "likes_count": 2, "replies_count": 0, "retweets_count": 1, "hashtags": ["kpungejarquickcount"]}
{"id": 1121926227235885056, "date": "2019-04-26", "time": "19:57:11", "tweet": "@Touchdown_al @PSolidarity08 @lilmissagitated Unless the software is developed under the supervision of the workers themselves with zero input from anyone else, it would still be management the ones making the decision because they'll dictate what metrics are used and how they are to be weighted.", "likes_count": 2, "replies_count": 0, "retweets_count": 1, "hashtags": []}
{"id": 1121926210756337665, "date": "2019-04-26", "time": "19:57:07", "tweet": "Setiap kesalahan input Dan Minta perbaiki Ada berita acaranya tdk Pak. Setidaknya itu Catetan complain.", "likes_count": 0, "replies_count": 0, "retweets_count": 0, "hashtags": []}
{"id": 1121926102622937088, "date": "2019-04-26", "time": "19:56:41", "tweet": "@KPU_ID Kita koreksi dengan C1 tapi adakah ditindak lanjuti ? Kenapa salah input terus, profesionalnya bagaimana ? Harusnya jajaran @KPU_ID @bawaslu_RI malu akan hal itu bila masih memiliki nurani  #KPUJanganCurangiSuara02", "likes_count": 1, "replies_count": 0, "retweets_count": 1, "hashtags": ["kpujangancurangisuara02"]}
{"id": 1121926074999250945, "date": "2019-04-26", "time": "19:56:35", "tweet": "Dimana\" kubu paslon 02 sudah mulai beranjak dari zona nyaman nya.   Yg mengharuskan mereka beranjak y karna kezholiman, dan salah satunya MUAK. Muak karna salah input terus   #KPUNgejarQuickCount", "likes_count": 0, "replies_count": 0, "retweets_count": 0, "hashtags": ["kpungejarquickcount"]}
{"id": 1121925993625718791, "date": "2019-04-26", "time": "19:56:15", "tweet": "@sseraphini Plus client side components that can manage that structure, both for display and input", "likes_count": 1, "replies_count": 1, "retweets_count": 0, "hashtags": []}
{"id": 1121925954773741568, "date": "2019-04-26", "time": "19:56:06", "tweet": "@chloetowntale @KPU_ID Kayak gini program input masih bisa jalan..? Nyata2 input melebihi jumlah pemilih.. kenapa program input KPU kalah canggih dgn excel dgn rumus sederhana ya.. Astagfirullohhhh...  #KPUNgejarQuickCount", "likes_count": 0, "replies_count": 0, "retweets_count": 0, "hashtags": ["kpungejarquickcount"]}
{"id": 1121925875296026624, "date": "2019-04-26", "time": "19:55:47", "tweet": "@TriMetBarber @YouTube @scritchie32 I’d like to read more but my brain has input problems", "likes_count": 0, "replies_count": 0, "retweets_count": 0, "hashtags": []}
{"id": 1121925731104124928, "date": "2019-04-26", "time": "19:55:13", "tweet": "Masa salah input mulu. Ini mah namanya niat curang. @mas_abudiman  #KPUNgejarQuickCount  #KpuJanganCurang", "likes_count": 0, "replies_count": 1, "retweets_count": 0, "hashtags": ["kpungejarquickcount", "kpujangancurang"]}
{"id": 1121925704768217088, "date": "2019-04-26", "time": "19:55:07", "tweet": "@pettiplease @alexbaca I'm not suggesting ANCs not have input - far from it. But I am wondering if there is a way to channel the conversation in more productive ways to achieve broader goals. Of course, that's assuming ANCs are to be meetings with useable feedback.", "likes_count": 0, "replies_count": 1, "retweets_count": 0, "hashtags": []}
{"id": 1121925608278073344, "date": "2019-04-26", "time": "19:54:44", "tweet": "@berteman_mari Komentar saya adlh anda bodoh dan tdk beradab, utk menahami logika sederhana saja tdk mampu atau sengaja memperkosa logika, SITUNG KPU DIBUKA UNTUK UMUM JADI BILA ADA KESALAHAN INPUT DATA RAKYAT BISA IKUT PARTISIPASI MEMBETULKAN, KALO TERTUTUP DAN RAHASIA ITU BARU NAMANYA CURANG", "likes_count": 1, "replies_count": 1, "retweets_count": 0, "hashtags": []}
{"id": 1121925600430702592, "date": "2019-04-26", "time": "19:54:42", "tweet": "@zerohedge themselves.  They had input into Monsanto too.  Circle the Wagons", "likes_count": 0, "replies_count": 1, "retweets_count": 0, "hashtags": []}
{"id": 1121925587797282816, "date": "2019-04-26", "time": "19:54:39", "tweet": "@RanupsProSandi @fadlizon Awas ntar salah input, didepannya ditambahin 10 jadi 1002..  Woles Ach...", "likes_count": 0, "replies_count": 0, "retweets_count": 0, "hashtags": []}
{"id": 1121925446398906369, "date": "2019-04-26", "time": "19:54:05", "tweet": "@KPU_ID aduh pak gimana ini masa salah input lagi sampe 2rb suara, saya bisa loh pak gantiin tukang input data gak di gaji gpp deh yang penting saya mah hati2 dan teliti. Saya emak2 anak 3 masih bisa kerja jadi kang input data aja 😁😁😁😁", "likes_count": 1, "replies_count": 0, "retweets_count": 0, "hashtags": []}
{"id": 1121925259035172866, "date": "2019-04-26", "time": "19:53:20", "tweet": "@TranceX9 Ya Allah ngeri banget..knp pemilu kali ini pemilu yg paling brutal,curang,dusta,salah input,banyak yg meninggal..apalagi?", "likes_count": 2, "replies_count": 0, "retweets_count": 0, "hashtags": []}
{"id": 1121925209240379392, "date": "2019-04-26", "time": "19:53:08", "tweet": "@BangPino_ @Maulana_Tigor Ini sdh bukan kesalahan input data, ini sdh merupakan upaya kecurangan #KPUNgejarQuickCount", "likes_count": 2, "replies_count": 0, "retweets_count": 1, "hashtags": ["kpungejarquickcount"]}
{"id": 1121925176285777920, "date": "2019-04-26", "time": "19:53:01", "tweet": "@mohmahfudmd @KPU_ID @RamliRizal @msaid_didu Prof....pak said didu beliau sudah menjelaskan bahwa setiap salah input itu pasti ada peringatan error atau tanda merah sehingga tidak bisa diinput karena rumus sudah baku lah ini, pihak kpu bilang di kompas tv sudah ada peringatan di sistem tapi kok tetap bisa di input????", "likes_count": 0, "replies_count": 0, "retweets_count": 0, "hashtags": []}
{"id": 1121925173127667714, "date": "2019-04-26", "time": "19:53:00", "tweet": "[d5muv] An Android exclusive Valkyrie Crusade invite code. Input to receive a special promotion!  https://t.co/hjl5q5AChU #Valkyrie Crusade", "likes_count": 0, "replies_count": 0, "retweets_count": 0, "hashtags": ["valkyrie"]}
{"id": 1121925093284651008, "date": "2019-04-26", "time": "19:52:41", "tweet": "Benar juga sih dari sekian data yg salah input cuman 87, sepakat !! Karena salah yg lain bukan salah input tapi benar diinputnya, benar sesuai pesanan. Fix dong jika angka ga sinkron itu sengaja diinput bukan salah input.", "likes_count": 0, "replies_count": 0, "retweets_count": 0, "hashtags": []}
{"id": 1121925088503189505, "date": "2019-04-26", "time": "19:52:40", "tweet": "Berharap gaji bulan ini sama input 😂#KPUNgejarQuickCount", "likes_count": 0, "replies_count": 0, "retweets_count": 0, "hashtags": ["kpungejarquickcount"]}
{"id": 1121924865554968576, "date": "2019-04-26", "time": "19:51:46", "tweet": "Terus terusan salah input angka....  GANTI SAJA PETUGAS INPUT DATANYA DENGAN PARA PENGEPUL JUDI TOGEL !!!  mereka cuma bermodalkan HP bisa input TANPA SALAH dan GAK PAKE LAMA !!!", "likes_count": 6, "replies_count": 3, "retweets_count": 2, "hashtags": []}
{"id": 1121924852179329024, "date": "2019-04-26", "time": "19:51:43", "tweet": "@memoryS123 キーコンフィグできるなら私も買おうかな  パッドには規格がXINPUTっていう新しい規格が何年か前にできて 最近のゲームはもうそっちにしか対応してないのが多いんよ んで、メモリーさんのパッドは古いDirect Input規格なんだと思う", "likes_count": 0, "replies_count": 1, "retweets_count": 0, "hashtags": []}
{"id": 1121924782046318592, "date": "2019-04-26", "time": "19:51:27", "tweet": "@VIVAcoid Kecurangan itu pasti ada bukti, bukan tuduhan sembarangan . Liat aja banyak input data sembarangan. Itu yg di soal krn kalo diam saja justru tidak mwnghargai suara rakyat", "likes_count": 1, "replies_count": 0, "retweets_count": 0, "hashtags": []}
{"id": 1121924724634685441, "date": "2019-04-26", "time": "19:51:13", "tweet": "@tijabar @CakKhum Teknologi yang baik harus sudah mendeteksi salah input yang berkali2 dong pak", "likes_count": 0, "replies_count": 0, "retweets_count": 0, "hashtags": []}
{"id": 1121924706481786880, "date": "2019-04-26", "time": "19:51:09", "tweet": "@VIVAcoid Jgn dibalik-balik donk pak, shrsnya KPU menghargai petugas pemilu bekerja hingga kelelahan dan ada yg wafat,tp datanya salah input, mereka dilapangan berhadapan lgsg dgn rakyat demi mencari pemimpin yg diinginkan rakyat. Kambing hitamnya ad di KPU. @KPU ngmong donk kalo ada order", "likes_count": 0, "replies_count": 0, "retweets_count": 0, "hashtags": []}
{"id": 1121924691550068736, "date": "2019-04-26", "time": "19:51:05", "tweet": "B1471 - Lamp Headlamp Input Circuit Open  https://t.co/10ounjUhaB #autocodes", "likes_count": 0, "replies_count": 0, "retweets_count": 0, "hashtags": ["autocodes"]}
{"id": 1121926790967169032, "date": "2019-04-26", "time": "19:59:26", "tweet": "Community shares input for Montcalm Community College @MontcalmCC president search:  https://t.co/EOAbB0J3w6 (by @_MeghanNelson)  https://t.co/xZgfmFh6HZ", "likes_count": 0, "replies_count": 0, "retweets_count": 0, "hashtags": []}
{"id": 1121926782179999744, "date": "2019-04-26", "time": "19:59:23", "tweet": "@JavierM59683016 @SanCadilla Y no hizo un muy buen trabajo, el juego ha sido ampliamente criticado incluso por los pros, siendo probablemente el mayor problema el \"input delay\" en el que las reacciones son excesivamente lentas. Además de los goles en minuto 1 y 90.", "likes_count": 0, "replies_count": 0, "retweets_count": 0, "hashtags": []}
{"id": 1121926775607451648, "date": "2019-04-26", "time": "19:59:22", "tweet": "@KPU_ID Dipertontonkan aja kliru input datanya udah banyak!!apalagi disembunyikan!!!,udah TPF aja!!!", "likes_count": 1, "replies_count": 0, "retweets_count": 0, "hashtags": []}
{"id": 1121926755864829953, "date": "2019-04-26", "time": "19:59:17", "tweet": "@defitra_ @ajuzul_maulida3 @MohammadDayatS @aagym sekian ribu data yg di input yg salah apa sebanyak itu? 800 ribuan TPS yg terdaftar yg curang semuanya? QC internal pindah2 sama aja kaya percaya sama Ratna Sarumpaet..", "likes_count": 0, "replies_count": 0, "retweets_count": 0, "hashtags": []}
{"id": 1121926675799977986, "date": "2019-04-26", "time": "19:58:58", "tweet": "If you want to live a life worth living and have a ministry worth following, your input should always exceed your output.  https://t.co/1AMt613aX6 via @cnieuwhof", "likes_count": 1, "replies_count": 0, "retweets_count": 0, "hashtags": []}
{"id": 1121926653997772800, "date": "2019-04-26", "time": "19:58:53", "tweet": "@karaeng_dillong @Qonstantiniyye @ARini2717 @F41ryP1nk @Vinny_Cj @kenyoriee @EDitektif @tembangsunyi @PunggawaPAS @batubara02 @ibnbukhari___ @gunasuti @ArwahMilitan @diahkusumoo @AkihitoKanbara_ @212ThePowerOff1 @fariomeda Nah kalo salah input gini mh parah  #KPUJanganJiplakQuickCount", "likes_count": 0, "replies_count": 1, "retweets_count": 0, "hashtags": ["kpujanganjiplakquickcount"]}
{"id": 1121926653112770560, "date": "2019-04-26", "time": "19:58:53", "tweet": "For boolean functions, is there a name for the property that changing only a few input bits will change only a few output bits? (I want something analogous to continuity for the discrete world.)", "likes_count": 6, "replies_count": 8, "retweets_count": 0, "hashtags": []}
{"id": 1121926639472873472, "date": "2019-04-26", "time": "19:58:49", "tweet": "@MekoesnadiSoen2 @Age_Friend #KPUNgejarQuickCount  Asyiknya denger lagu ini sambil input data biar ga human  eror ..", "likes_count": 0, "replies_count": 0, "retweets_count": 0, "hashtags": ["kpungejarquickcount"]}
{"id": 1121926602349146112, "date": "2019-04-26", "time": "19:58:41", "tweet": "@Prof_Tamburin Gue sih masih agak positive thinking sama orang ini.. tapi pure negative thinking sama banyak pegawai yg input. Masa iya nggak ada keberanian buat cari dan pecat orangnya. Bijimane dah ah", "likes_count": 0, "replies_count": 0, "retweets_count": 0, "hashtags": []}
{"id": 1121926522711863298, "date": "2019-04-26", "time": "19:58:22", "tweet": "Kalau pak Mahfud seorang ahli IT, ahli dadabase dan programer maka pendapat Bapak akan kami terima. System tidak hanya dilihat dr cara input yg benar krn system KPU program OK, tp bgmn dg kecurangan nembak lngsung lewat Database?", "likes_count": 1, "replies_count": 0, "retweets_count": 0, "hashtags": []}
{"id": 1121926472095105024, "date": "2019-04-26", "time": "19:58:09", "tweet": "Nach zwei Tagen voller genialem Input und vor dem Rückflug- Glücklich  @gender_useit #diversity #Mint #ki  https://t.co/d9e5ErWOkG", "likes_count": 5, "replies_count": 1, "retweets_count": 0, "hashtags": ["diversity", "mint", "ki"]}
{"id": 1121926411973906432, "date": "2019-04-26", "time": "19:57:55", "tweet": "@pln_123 halo PLN, mau tanya, saya baru ngisi token via mbanking sebesar 500rb. Tp kenapa ketika di input di reject trs. Sementara saldo rekening saya sdh terpotong. Dan nama pemilik yg tertera di token sudah benar. Kemana hilangnya vocer listrik saya", "likes_count": 0, "replies_count": 1, "retweets_count": 0, "hashtags": []}
{"id": 1121926305681788928, "date": "2019-04-26", "time": "19:57:30", "tweet": "Perjuangan ce one memang cukup tangguh sampai angkanya diinput benar. Dicuri, dibakar, dirubah, kalopun selamat eee salah input. #eh", "likes_count": 0, "replies_count": 0, "retweets_count": 0, "hashtags": ["eh"]}
{"id": 1121926266800574464, "date": "2019-04-26", "time": "19:57:21", "tweet": "@P08NewPresident @msaid_didu @fadlizon @Fahrihamzah @PriyoBudiS @Gerindra @haikal_hassan @zonacakrawala Intinya KPU akan trus berusaha salah inpuy data. Angkanya pun nggak nanggung2 di tambh utk 01. Supaya hasil QC persis sma dgn QC. Gmn trend pie nya nggak berubah2. Ya iyalah secara penmbhan 1 TPS sj smpe ribuan. U la la..KPU oh KPU. Smpe kpn klian slh input #KPUNgejarQuickCount", "likes_count": 2, "replies_count": 0, "retweets_count": 1, "hashtags": ["kpungejarquickcount"]}
{"id": 1121926227235885056, "date": "2019-04-26", "time": "19:57:11", "tweet": "@Touchdown_al @PSolidarity08 @lilmissagitated Unless the software is developed under the supervision of the workers themselves with zero input from anyone else, it would still be management the ones making the decision because they'll dictate what metrics are used and how they are to be weighted.", "likes_count": 2, "replies_count": 0, "retweets_count": 1, "hashtags": []}
{"id": 1121926210756337665, "date": "2019-04-26", "time": "19:57:07", "tweet": "Setiap kesalahan input Dan Minta perbaiki Ada berita acaranya tdk Pak. Setidaknya itu Catetan complain.", "likes_count": 0, "replies_count": 0, "retweets_count": 0, "hashtags": []}
{"id": 1121926102622937088, "date": "2019-04-26", "time": "19:56:41", "tweet": "@KPU_ID Kita koreksi dengan C1 tapi adakah ditindak lanjuti ? Kenapa salah input terus, profesionalnya bagaimana ? Harusnya jajaran @KPU_ID @bawaslu_RI malu akan hal itu bila masih memiliki nurani  #KPUJanganCurangiSuara02", "likes_count": 1, "replies_count": 0, "retweets_count": 1, "hashtags": ["kpujangancurangisuara02"]}
{"id": 1121926074999250945, "date": "2019-04-26", "time": "19:56:35", "tweet": "Dimana\" kubu paslon 02 sudah mulai beranjak dari zona nyaman nya.   Yg mengharuskan mereka beranjak y karna kezholiman, dan salah satunya MUAK. Muak karna salah input terus   #KPUNgejarQuickCount", "likes_count": 0, "replies_count": 0, "retweets_count": 0, "hashtags": ["kpungejarquickcount"]}
{"id": 1121925993625718791, "date": "2019-04-26", "time": "19:56:15", "tweet": "@sseraphini Plus client side components that can manage that structure, both for display and input", "likes_count": 1, "replies_count": 1, "retweets_count": 0, "hashtags": []}
{"id": 1121925954773741568, "date": "2019-04-26", "time": "19:56:06", "tweet": "@chloetowntale @KPU_ID Kayak gini program input masih bisa jalan..? Nyata2 input melebihi jumlah pemilih.. kenapa program input KPU kalah canggih dgn excel dgn rumus sederhana ya.. Astagfirullohhhh...  #KPUNgejarQuickCount", "likes_count": 0, "replies_count": 0, "retweets_count": 0, "hashtags": ["kpungejarquickcount"]}
