{"id": 1101270770594922496, "date": "2019-02-28", "time": "18:59:46", "tweet": "Touch Screen Technology Integration, Touch Screen as Input and Output device on computer. What is Touch Screen Technology? -  https://t.co/8VhZbnxNdn  https://t.co/EVuTdp8uQW", "likes_count": 0, "replies_count": 0, "retweets_count": 0, "hashtags": []}
{"id": 1101270750248366080, "date": "2019-02-28", "time": "18:59:42", "tweet": "@rterranz @idolphilippines Anong basis mo na hindi nila kayang magjudge based on that experience? May napanood ka na bang episode? TVP ba may input na pang pro ang dating? Wala din naman puro general knowledge lang din ang sinasabi nila! 😂 Yung karamihan sa mga lists mo mas lalong walang K! 😂", "likes_count": 0, "replies_count": 0, "retweets_count": 0, "hashtags": []}
{"id": 1101270715045695488, "date": "2019-02-28", "time": "18:59:33", "tweet": "@phenominalc @200wordsaday Haha no I know. Eek...TFW you want people to read what you write but also don't want them to read what you write. Gotta think this over some more XD I do appreciate the input, though.", "likes_count": 0, "replies_count": 0, "retweets_count": 0, "hashtags": []}
{"id": 1101270699640004610, "date": "2019-02-28", "time": "18:59:30", "tweet": " https://t.co/kPlqbOTI8I Test using Slack as an input interface and linking Github Issue and Twitter. Since I made a mistake in the URL of the link earlier, I will fix it. Human attention is full of bugs so programming and setting action is always", "likes_count": 0, "replies_count": 0, "retweets_count": 0, "hashtags": []}
{"id": 1101270655998312449, "date": "2019-02-28", "time": "18:59:19", "tweet": "Coinbase, R3 and Other Major Firms Respond to CFTC’s Request for Input on Ethereum  https://t.co/pqr6UxEn2F", "likes_count": 0, "replies_count": 0, "retweets_count": 0, "hashtags": []}
{"id": 1101270536548569088, "date": "2019-02-28", "time": "18:58:51", "tweet": "Touch Screen Technology Integration, Touch Screen as Input and Output device on computer. What is Touch Screen Technology? -  https://t.co/8VhZbnxNdn  https://t.co/j5N64WKtiA", "likes_count": 0, "replies_count": 0, "retweets_count": 0, "hashtags": []}
{"id": 1101270533990019074, "date": "2019-02-28", "time": "18:58:50", "tweet": "@Bobbysims Thank you for your input! If you have any questions or concerns regarding this, could you please send me a DM to continue this conversation? -GB", "likes_count": 0, "replies_count": 0, "retweets_count": 0, "hashtags": []}
{"id": 1101270447956611072, "date": "2019-02-28", "time": "18:58:30", "tweet": " https://t.co/RQtvr4WVin You can write sentences without worrying about the number of characters, start where you like, and end in whatever you like. How wonderful it is. Moreover, tweeting on Twitter, it also gathers up as a blog, and the input i", "likes_count": 0, "replies_count": 0, "retweets_count": 0, "hashtags": []}
{"id": 1101270390003982336, "date": "2019-02-28", "time": "18:58:16", "tweet": "@Irish_Otaku @AtheistRepublic But you're not afraid to name yourself otaku..... m'kay. This is te second gif you get when you input that word in the gif search bar. Would you rather associate with it? Do you think all otakus are like this?  https://t.co/1kQvhu4tFf", "likes_count": 1, "replies_count": 1, "retweets_count": 0, "hashtags": []}
{"id": 1101270334055972864, "date": "2019-02-28", "time": "18:58:02", "tweet": "@RepJayapal I'm trying to find the text to read the details. I hope you are going to have committees and input from serious subject matter experts like ACA did. My input will go to @RepKatiePorter . LITERAL Medicare for everyone should be great.", "likes_count": 0, "replies_count": 0, "retweets_count": 0, "hashtags": []}
{"id": 1101270275352485890, "date": "2019-02-28", "time": "18:57:48", "tweet": "Touch Screen Technology Integration, Touch Screen as Input and Output device on computer. What is Touch Screen Technology? -  https://t.co/8VhZbnxNdn  https://t.co/DJ9bKBsVsW", "likes_count": 0, "replies_count": 0, "retweets_count": 0, "hashtags": []}
{"id": 1101270194989592577, "date": "2019-02-28", "time": "18:57:29", "tweet": "“Listen to the input of others, but trust in your own judgment the most.” 💕", "likes_count": 0, "replies_count": 0, "retweets_count": 0, "hashtags": []}
{"id": 1101270140379951104, "date": "2019-02-28", "time": "18:57:16", "tweet": "Your input is important Regional Development Australia Far West            2019 Workforce Development Survey Regional Development Australia Far West in partnership with NSW Department of Premier...  https://t.co/UCNYHW0Pdb", "likes_count": 0, "replies_count": 0, "retweets_count": 0, "hashtags": []}
{"id": 1101270128874926080, "date": "2019-02-28", "time": "18:57:13", "tweet": "@santanderukhelp Hi trying to fill in PPI online form but I can't input month for date of birth..?? Can't move forward without this.  Any idea what's wrong.", "likes_count": 0, "replies_count": 1, "retweets_count": 0, "hashtags": []}
{"id": 1101270124240072706, "date": "2019-02-28", "time": "18:57:12", "tweet": "Blackpink’s members insist they have plenty of creative input, despite having no official writing credits on their tracks. Park plays them music he’s working on and “really tries to put our thoughts into our songs,” says Jennie. “He really gets his inspirations from us.”   😭", "likes_count": 3, "replies_count": 0, "retweets_count": 0, "hashtags": []}
{"id": 1101270105776898049, "date": "2019-02-28", "time": "18:57:08", "tweet": "@LibDems @LaylaMoran I enjoyed your firey input and educating me on antisemitism. I would love to see you head a revival to UK politics.", "likes_count": 0, "replies_count": 0, "retweets_count": 0, "hashtags": []}
{"id": 1101270098160033793, "date": "2019-02-28", "time": "18:57:06", "tweet": "@JacqTheStripper Wait!... you input stayed wearing bras 15 yrs ago?! 🤔. Someone hold my drink", "likes_count": 0, "replies_count": 0, "retweets_count": 0, "hashtags": []}
{"id": 1101270071253512192, "date": "2019-02-28", "time": "18:57:00", "tweet": "Have your say! The City of St. Catharines is undertaking an arena strategy to determine long-term arena needs. We need your input. Visit EngageSTC, our new online engagement tool, at  https://t.co/5e5Cpn6ZT4 to learn more and complete our online survey and have your say.  https://t.co/Kq0Kzxxmaz", "likes_count": 2, "replies_count": 0, "retweets_count": 3, "hashtags": []}
{"id": 1101270039548747776, "date": "2019-02-28", "time": "18:56:52", "tweet": "Touch Screen Technology Integration, Touch Screen as Input and Output device on computer. What is Touch Screen Technology? -  https://t.co/8VhZbnxNdn  https://t.co/dRS8SnLRtB", "likes_count": 0, "replies_count": 0, "retweets_count": 0, "hashtags": []}
{"id": 1101269975166259200, "date": "2019-02-28", "time": "18:56:37", "tweet": "Is sad that Wendy is not here to give her input on the Jordyn woods and Tristan Thompson issue.", "likes_count": 0, "replies_count": 0, "retweets_count": 0, "hashtags": []}
{"id": 1101269974587367424, "date": "2019-02-28", "time": "18:56:37", "tweet": "I think guys should never have an input on make up 🤷‍♀️😒", "likes_count": 0, "replies_count": 0, "retweets_count": 0, "hashtags": []}
{"id": 1101269902114123778, "date": "2019-02-28", "time": "18:56:19", "tweet": "@CardinalsFarm Thanks for the input, if you’ve followed you do know I don’t guess, but since you posted this, I’m assuming you don’t. Thanks for the attention tho.", "likes_count": 1, "replies_count": 1, "retweets_count": 0, "hashtags": []}
{"id": 1101269836422889472, "date": "2019-02-28", "time": "18:56:04", "tweet": ".@pattiminter4ky Please oppose HB525 and leave the TRS Board of Trustees unchanged. If it isn't broken then why change it? Collect stakeholder input! #teachfrankfort", "likes_count": 0, "replies_count": 0, "retweets_count": 0, "hashtags": ["teachfrankfort"]}
{"id": 1101269835563126785, "date": "2019-02-28", "time": "18:56:04", "tweet": ".@mikewilson2010 Please oppose HB525 and leave the TRS Board of Trustees unchanged. If it isn't broken then why change it? Collect stakeholder input! #teachfrankfort", "likes_count": 0, "replies_count": 0, "retweets_count": 0, "hashtags": ["teachfrankfort"]}
{"id": 1101269834824863746, "date": "2019-02-28", "time": "18:56:03", "tweet": ".@kyoag Please oppose HB525 and leave the TRS Board of Trustees unchanged. If it isn't broken then why change it? Collect stakeholder input! #teachfrankfort", "likes_count": 0, "replies_count": 0, "retweets_count": 0, "hashtags": ["teachfrankfort"]}
{"id": 1101269833834995712, "date": "2019-02-28", "time": "18:56:03", "tweet": ".@KySecofState Please oppose HB525 and leave the TRS Board of Trustees unchanged. If it isn't broken then why change it? Collect stakeholder input! #teachfrankfort", "likes_count": 1, "replies_count": 0, "retweets_count": 0, "hashtags": ["teachfrankfort"]}
{"id": 1101269833172307968, "date": "2019-02-28", "time": "18:56:03", "tweet": ".@HamptonforKy Please oppose HB525 and leave the TRS Board of Trustees unchanged. If it isn't broken then why change it? Collect stakeholder input! #teachfrankfort", "likes_count": 0, "replies_count": 0, "retweets_count": 0, "hashtags": ["teachfrankfort"]}
{"id": 1101269832031526913, "date": "2019-02-28", "time": "18:56:03", "tweet": ".@GovMattBevin Please oppose HB525 and leave the TRS Board of Trustees unchanged. If it isn't broken then why change it? Collect stakeholder input! #teachfrankfort", "likes_count": 0, "replies_count": 0, "retweets_count": 0, "hashtags": ["teachfrankfort"]}
{"id": 1101269807331045377, "date": "2019-02-28", "time": "18:55:57", "tweet": "Touch Screen Technology Integration, Touch Screen as Input and Output device on computer. What is Touch Screen Technology? -  https://t.co/8VhZbnxNdn  https://t.co/QkRpA7yYVD", "likes_count": 0, "replies_count": 0, "retweets_count": 0, "hashtags": []}
{"id": 1101269669963546624, "date": "2019-02-28", "time": "18:55:24", "tweet": "@ukkev82 Thanks for your input, if you’ve followed me you know I don’t guess. Have a nice day.", "likes_count": 0, "replies_count": 1, "retweets_count": 0, "hashtags": []}
{"id": 1101269626456023040, "date": "2019-02-28", "time": "18:55:14", "tweet": "@BallistonNeil Thank you for the pe input at school today and for your kind words about the mental health display and values work. It is my passion and the positivity was very much appreciated.", "likes_count": 0, "replies_count": 0, "retweets_count": 0, "hashtags": []}
{"id": 1101269522642690048, "date": "2019-02-28", "time": "18:54:49", "tweet": "@GrabID Kak, di aku kok tarifnya tidak diskon 70% seperti yg diiklankan ya ? Pdhal sudah input GRABDECACORN. Aku DM dari semalam juga tidak dibalas.", "likes_count": 0, "replies_count": 1, "retweets_count": 0, "hashtags": []}
{"id": 1101269490069897217, "date": "2019-02-28", "time": "18:54:41", "tweet": "@ropoem he has been on live at the Apollo thats how I knew who he was his routine is better than his input on QT", "likes_count": 1, "replies_count": 0, "retweets_count": 0, "hashtags": []}
{"id": 1101269471208095746, "date": "2019-02-28", "time": "18:54:37", "tweet": "@Kitana_Prime Thought I was the only one thinking this. They’re acting like that one input change is gonna win em a major or something", "likes_count": 1, "replies_count": 0, "retweets_count": 0, "hashtags": []}
{"id": 1101269447535456256, "date": "2019-02-28", "time": "18:54:31", "tweet": "Dreaming of a college degree? 🎓   We may be able to help make that dream a reality!  If you have..  💯 The ability to input data quickly &amp; accurately  😊 Customer service experience 🙏 Great interpersonal skills  ..apply for our CSR postition at  https://t.co/jVrs2BAJEJ!  #career  https://t.co/1A3jD7GDGz", "likes_count": 1, "replies_count": 0, "retweets_count": 0, "hashtags": ["career"]}
{"id": 1101269341440335874, "date": "2019-02-28", "time": "18:54:06", "tweet": "@realDennisLynch @AOC @realDonaldTrump You are invited to go piss up a tree. Your input was not informative, instructive or desired. Basically it was lip flapping. Kindly go out into a field where your snarky opinion is needed as it is not needed here.", "likes_count": 0, "replies_count": 0, "retweets_count": 0, "hashtags": []}
{"id": 1101269326336876545, "date": "2019-02-28", "time": "18:54:02", "tweet": "Update at ⁦@okstate_ag⁩ Extension irrig conference on ⁦⁦@okmesonet⁩ products &amp; data that can be used to inform ag decisions incl soil moisture data, avail at:  https://t.co/mPdMr1bE26  They are seeking farmer input as they work to update their irrig scheduling tool.  https://t.co/E0C8SkPEhv", "likes_count": 9, "replies_count": 0, "retweets_count": 5, "hashtags": []}
{"id": 1101269284196622337, "date": "2019-02-28", "time": "18:53:52", "tweet": "I am in no way complaining about how great the past couple of days have been, but ive had so much constant input into my brain that the quiet is making me twitchy and my head is ringing so it feels like theres still noise happening and im occasionally seeing double so imma sleep", "likes_count": 1, "replies_count": 0, "retweets_count": 2, "hashtags": []}
{"id": 1101269277963894786, "date": "2019-02-28", "time": "18:53:51", "tweet": "Even if I’ve had a bad day or my lesson tanked, if I have spoken the #TargetLanguage⁣ all or most of the period, I feel I have been successful. I have given my students a gift,⁣ comprehensible input that will help them acquire the language. And I sti…  https://t.co/I10hfrw8u2  https://t.co/CgSN5d0TBe", "likes_count": 0, "replies_count": 0, "retweets_count": 0, "hashtags": ["targetlanguage"]}
{"id": 1101269260897341440, "date": "2019-02-28", "time": "18:53:47", "tweet": "@DatDude_EC A twitter nazi such as yourself.... congrats for joining the thread 21 hours later. Appreciate the input.  https://t.co/i9csejlttR", "likes_count": 0, "replies_count": 1, "retweets_count": 0, "hashtags": []}
{"id": 1101270770594922496, "date": "2019-02-28", "time": "18:59:46", "tweet": "Touch Screen Technology Integration, Touch Screen as Input and Output device on computer. What is Touch Screen Technology? -  https://t.co/8VhZbnxNdn  https://t.co/EVuTdp8uQW", "likes_count": 0, "replies_count": 0, "retweets_count": 0, "hashtags": []}
{"id": 1101270750248366080, "date": "2019-02-28", "time": "18:59:42", "tweet": "@rterranz @idolphilippines Anong basis mo na hindi nila kayang magjudge based on that experience? May napanood ka na bang episode? TVP ba may input na pang pro ang dating? Wala din naman puro general knowledge lang din ang sinasabi nila! 😂 Yung karamihan sa mga lists mo mas lalong walang K! 😂", "likes_count": 0, "replies_count": 0, "retweets_count": 0, "hashtags": []}
{"id": 1101270715045695488, "date": "2019-02-28", "time": "18:59:33", "tweet": "@phenominalc @200wordsaday Haha no I know. Eek...TFW you want people to read what you write but also don't want them to read what you write. Gotta think this over some more XD I do appreciate the input, though.", "likes_count": 0, "replies_count": 0, "retweets_count": 0, "hashtags": []}
{"id": 1101270699640004610, "date": "2019-02-28", "time": "18:59:30", "tweet": " https://t.co/kPlqbOTI8I Test using Slack as an input interface and linking Github Issue and Twitter. Since I made a mistake in the URL of the link earlier, I will fix it. Human attention is full of bugs so programming and setting action is always", "likes_count": 0, "replies_count": 0, "retweets_count": 0, "hashtags": []}
{"id": 1101270655998312449, "date": "2019-02-28", "time": "18:59:19", "tweet": "Coinbase, R3 and Other Major Firms Respond to CFTC’s Request for Input on Ethereum  https://t.co/pqr6UxEn2F", "likes_count": 0, "replies_count": 0, "retweets_count": 0, "hashtags": []}
{"id": 1101270536548569088, "date": "2019-02-28", "time": "18:58:51", "tweet": "Touch Screen Technology Integration, Touch Screen as Input and Output device on computer. What is Touch Screen Technology? -  https://t.co/8VhZbnxNdn  https://t.co/j5N64WKtiA", "likes_count": 0, "replies_count": 0, "retweets_count": 0, "hashtags": []}
{"id": 1101270533990019074, "date": "2019-02-28", "time": "18:58:50", "tweet": "@Bobbysims Thank you for your input! If you have any questions or concerns regarding this, could you please send me a DM to continue this conversation? -GB", "likes_count": 0, "replies_count": 0, "retweets_count": 0, "hashtags": []}
{"id": 1101270447956611072, "date": "2019-02-28", "time": "18:58:30", "tweet": " https://t.co/RQtvr4WVin You can write sentences without worrying about the number of characters, start where you like, and end in whatever you like. How wonderful it is. Moreover, tweeting on Twitter, it also gathers up as a blog, and the input i", "likes_count": 0, "replies_count": 0, "retweets_count": 0, "hashtags": []}
{"id": 1101270390003982336, "date": "2019-02-28", "time": "18:58:16", "tweet": "@Irish_Otaku @AtheistRepublic But you're not afraid to name yourself otaku..... m'kay. This is te second gif you get when you input that word in the gif search bar. Would you rather associate with it? Do you think all otakus are like this?  https://t.co/1kQvhu4tFf", "likes_count": 1, "replies_count": 1, "retweets_count": 0, "hashtags": []}
{"id": 1101270334055972864, "date": "2019-02-28", "time": "18:58:02", "tweet": "@RepJayapal I'm trying to find the text to read the details. I hope you are going to have committees and input from serious subject matter experts like ACA did. My input will go to @RepKatiePorter . LITERAL Medicare for everyone should be great.", "likes_count": 0, "replies_count": 0, "retweets_count": 0, "hashtags": []}
{"id": 1101270275352485890, "date": "2019-02-28", "time": "18:57:48", "tweet": "Touch Screen Technology Integration, Touch Screen as Input and Output device on computer. What is Touch Screen Technology? -  https://t.co/8VhZbnxNdn  https://t.co/DJ9bKBsVsW", "likes_count": 0, "replies_count": 0, "retweets_count": 0, "hashtags": []}
{"id": 1101270194989592577, "date": "2019-02-28", "time": "18:57:29", "tweet": "“Listen to the input of others, but trust in your own judgment the most.” 💕", "likes_count": 0, "replies_count": 0, "retweets_count": 0, "hashtags": []}
{"id": 1101270140379951104, "date": "2019-02-28", "time": "18:57:16", "tweet": "Your input is important Regional Development Australia Far West            2019 Workforce Development Survey Regional Development Australia Far West in partnership with NSW Department of Premier...  https://t.co/UCNYHW0Pdb", "likes_count": 0, "replies_count": 0, "retweets_count": 0, "hashtags": []}
{"id": 1101270128874926080, "date": "2019-02-28", "time": "18:57:13", "tweet": "@santanderukhelp Hi trying to fill in PPI online form but I can't input month for date of birth..?? Can't move forward without this.  Any idea what's wrong.", "likes_count": 0, "replies_count": 1, "retweets_count": 0, "hashtags": []}
{"id": 1101270124240072706, "date": "2019-02-28", "time": "18:57:12", "tweet": "Blackpink’s members insist they have plenty of creative input, despite having no official writing credits on their tracks. Park plays them music he’s working on and “really tries to put our thoughts into our songs,” says Jennie. “He really gets his inspirations from us.”   😭", "likes_count": 3, "replies_count": 0, "retweets_count": 0, "hashtags": []}
{"id": 1101270105776898049, "date": "2019-02-28", "time": "18:57:08", "tweet": "@LibDems @LaylaMoran I enjoyed your firey input and educating me on antisemitism. I would love to see you head a revival to UK politics.", "likes_count": 0, "replies_count": 0, "retweets_count": 0, "hashtags": []}
{"id": 1101270098160033793, "date": "2019-02-28", "time": "18:57:06", "tweet": "@JacqTheStripper Wait!... you input stayed wearing bras 15 yrs ago?! 🤔. Someone hold my drink", "likes_count": 0, "replies_count": 0, "retweets_count": 0, "hashtags": []}
{"id": 1101270071253512192, "date": "2019-02-28", "time": "18:57:00", "tweet": "Have your say! The City of St. Catharines is undertaking an arena strategy to determine long-term arena needs. We need your input. Visit EngageSTC, our new online engagement tool, at  https://t.co/5e5Cpn6ZT4 to learn more and complete our online survey and have your say.  https://t.co/Kq0Kzxxmaz", "likes_count": 2, "replies_count": 0, "retweets_count": 3, "hashtags": []}
{"id": 1101270039548747776, "date": "2019-02-28", "time": "18:56:52", "tweet": "Touch Screen Technology Integration, Touch Screen as Input and Output device on computer. What is Touch Screen Technology? -  https://t.co/8VhZbnxNdn  https://t.co/dRS8SnLRtB", "likes_count": 0, "replies_count": 0, "retweets_count": 0, "hashtags": []}
{"id": 1101269975166259200, "date": "2019-02-28", "time": "18:56:37", "tweet": "Is sad that Wendy is not here to give her input on the Jordyn woods and Tristan Thompson issue.", "likes_count": 0, "replies_count": 0, "retweets_count": 0, "hashtags": []}
