{"id": 1140046116118921216, "date": "2019-06-15", "time": "19:59:09", "tweet": "@polotek I agree, training data from the us is inherently biased toward racism. Reading about this use case from the article does seem to make sense in reducing bias though, specifically hiding any data from the input features that would indicate the race of people", "likes_count": 3, "replies_count": 1, "retweets_count": 0, "hashtags": []}
{"id": 1140046066311712774, "date": "2019-06-15", "time": "19:58:57", "tweet": "@EliseIsWritinYA I like that. Thanks for the input - you have me thinking in a positive direction.", "likes_count": 1, "replies_count": 0, "retweets_count": 0, "hashtags": []}
{"id": 1140046059659563008, "date": "2019-06-15", "time": "19:58:56", "tweet": "apple is supremely lucky that muscle memory allows me to input my passsword to buy tokens on all the fuck apps while I’m too drunk to be charming", "likes_count": 3, "replies_count": 0, "retweets_count": 0, "hashtags": []}
{"id": 1140046009776558080, "date": "2019-06-15", "time": "19:58:44", "tweet": "I'm seriously considering a move to Árainn Mhór Island in the near future. I'd appreciate any input from anyone in Northern Ireland. Yea? Nay? Any feedback at all would be appreciated.  https://t.co/fa3h6EzgEV", "likes_count": 8, "replies_count": 4, "retweets_count": 0, "hashtags": []}
{"id": 1140045901248880640, "date": "2019-06-15", "time": "19:58:18", "tweet": "4 #7daysofmylife in #blackandwhite I was challenged to post one BW pic of my life for 7days by @ZFXtrading, no explanations, tags or input of emotions and to tag one person each day That's the rules, @DavidJFlanagan_ your up @bwphotosofmyli1  https://t.co/6WFcRkyS0c", "likes_count": 7, "replies_count": 0, "retweets_count": 1, "hashtags": ["7daysofmylife", "blackandwhite"]}
{"id": 1140045700408991744, "date": "2019-06-15", "time": "19:57:30", "tweet": "@lofi1048 Até a parte do \"menos input lag\" eu tava entendendo.  https://t.co/w3RNI7iuu4", "likes_count": 0, "replies_count": 1, "retweets_count": 0, "hashtags": []}
{"id": 1140045177643511814, "date": "2019-06-15", "time": "19:55:26", "tweet": "@kvlly Always use webpack together with Rollup and grunt when your input data comes from Parcel. Especially when assets are being handled with gulp.", "likes_count": 5, "replies_count": 0, "retweets_count": 0, "hashtags": []}
{"id": 1140045128096202753, "date": "2019-06-15", "time": "19:55:14", "tweet": "ngl, my fingers are itching in form of a shoryuken input", "likes_count": 8, "replies_count": 2, "retweets_count": 0, "hashtags": []}
{"id": 1140044978862903297, "date": "2019-06-15", "time": "19:54:38", "tweet": "@ernamh no one cared or asked for ur input  https://t.co/plxc7wPf7x", "likes_count": 6, "replies_count": 0, "retweets_count": 0, "hashtags": []}
{"id": 1140044891524935680, "date": "2019-06-15", "time": "19:54:17", "tweet": "@fullmetalcunt To clarify: you can like/ love the movie and still have an opinion. But dont start going at peoples work without some actual input, and being able to admit that the movie wasnt done well.", "likes_count": 0, "replies_count": 0, "retweets_count": 0, "hashtags": []}
{"id": 1140044771798294529, "date": "2019-06-15", "time": "19:53:49", "tweet": "@INTEGRITYBC @BIVnews certifying the structural integrity of a submerged concrete tunnel is very specialized engineering work. The visual inspection is an input, not the deciding factor, in the assessment. The most important factors are the experience &amp; integrity of the engineer, not news reports.", "likes_count": 0, "replies_count": 1, "retweets_count": 0, "hashtags": []}
{"id": 1140044541212315648, "date": "2019-06-15", "time": "19:52:54", "tweet": "@coyotlazul Wasn’t worried but more curious about the situation ...  thanks for your input!  Appreciate that you reached out.", "likes_count": 1, "replies_count": 1, "retweets_count": 0, "hashtags": []}
{"id": 1140044485482733571, "date": "2019-06-15", "time": "19:52:40", "tweet": "@WDWToday Thanks! I'd be happy to discuss further if additional input is useful.", "likes_count": 0, "replies_count": 1, "retweets_count": 0, "hashtags": []}
{"id": 1140044282793005056, "date": "2019-06-15", "time": "19:51:52", "tweet": "@4ntsu Input lag baixíssimo.Alguns casos isso afeta diretamente a forma como você joga. Eu lembro de achar muito mais fácil fazer certos whiff punishes e confirmar o  https://t.co/zUE3MjgCyy do ken no 3rd strike na pcb original.  Maioria dos emuladores não roda o jogo na mesma velocidade", "likes_count": 0, "replies_count": 1, "retweets_count": 0, "hashtags": []}
{"id": 1140044226270396416, "date": "2019-06-15", "time": "19:51:39", "tweet": "@mxjohnson Some people complain that the Council didn't ask for input or suggestions. The fact is they didn't have to ask anyone. Committee members and commissioners serve at the pleasure of the City Council. What are the root problems you refer to?", "likes_count": 0, "replies_count": 1, "retweets_count": 0, "hashtags": []}
{"id": 1140044220469637120, "date": "2019-06-15", "time": "19:51:37", "tweet": "@Ulises_O5 Okay? Hahahahaha thanks for your dumbass input ulises 😂", "likes_count": 0, "replies_count": 0, "retweets_count": 0, "hashtags": []}
{"id": 1140044115012440068, "date": "2019-06-15", "time": "19:51:12", "tweet": "Everyone who suggested I buy the bottle. I bought two. Thank you for your input 🥰", "likes_count": 4, "replies_count": 0, "retweets_count": 0, "hashtags": []}
{"id": 1140044100634324997, "date": "2019-06-15", "time": "19:51:09", "tweet": "I'm: input, futuristic, intellection, ideation, and learner. (Yes, all 5 strategic thinking). You?", "likes_count": 0, "replies_count": 1, "retweets_count": 0, "hashtags": []}
{"id": 1140043940382629889, "date": "2019-06-15", "time": "19:50:31", "tweet": "@hirokanagawatv I see he's come out with new music...I wondering how it was, so thanks for the input. By the way I loved \"Glory Days\".", "likes_count": 1, "replies_count": 1, "retweets_count": 0, "hashtags": []}
{"id": 1140043752213483520, "date": "2019-06-15", "time": "19:49:46", "tweet": "@ral_mey Soviel positiven Input hatte ich lange nicht. So toll. 😍", "likes_count": 12, "replies_count": 2, "retweets_count": 0, "hashtags": []}
{"id": 1140046116118921216, "date": "2019-06-15", "time": "19:59:09", "tweet": "@polotek I agree, training data from the us is inherently biased toward racism. Reading about this use case from the article does seem to make sense in reducing bias though, specifically hiding any data from the input features that would indicate the race of people", "likes_count": 3, "replies_count": 1, "retweets_count": 0, "hashtags": []}
{"id": 1140046066311712774, "date": "2019-06-15", "time": "19:58:57", "tweet": "@EliseIsWritinYA I like that. Thanks for the input - you have me thinking in a positive direction.", "likes_count": 1, "replies_count": 0, "retweets_count": 0, "hashtags": []}
{"id": 1140046059659563008, "date": "2019-06-15", "time": "19:58:56", "tweet": "apple is supremely lucky that muscle memory allows me to input my passsword to buy tokens on all the fuck apps while I’m too drunk to be charming", "likes_count": 3, "replies_count": 0, "retweets_count": 0, "hashtags": []}
{"id": 1140046009776558080, "date": "2019-06-15", "time": "19:58:44", "tweet": "I'm seriously considering a move to Árainn Mhór Island in the near future. I'd appreciate any input from anyone in Northern Ireland. Yea? Nay? Any feedback at all would be appreciated.  https://t.co/fa3h6EzgEV", "likes_count": 8, "replies_count": 4, "retweets_count": 0, "hashtags": []}
{"id": 1140045901248880640, "date": "2019-06-15", "time": "19:58:18", "tweet": "4 #7daysofmylife in #blackandwhite I was challenged to post one BW pic of my life for 7days by @ZFXtrading, no explanations, tags or input of emotions and to tag one person each day That's the rules, @DavidJFlanagan_ your up @bwphotosofmyli1  https://t.co/6WFcRkyS0c", "likes_count": 7, "replies_count": 0, "retweets_count": 1, "hashtags": ["7daysofmylife", "blackandwhite"]}
{"id": 1140045700408991744, "date": "2019-06-15", "time": "19:57:30", "tweet": "@lofi1048 Até a parte do \"menos input lag\" eu tava entendendo.  https://t.co/w3RNI7iuu4", "likes_count": 0, "replies_count": 1, "retweets_count": 0, "hashtags": []}
{"id": 1140045177643511814, "date": "2019-06-15", "time": "19:55:26", "tweet": "@kvlly Always use webpack together with Rollup and grunt when your input data comes from Parcel. Especially when assets are being handled with gulp.", "likes_count": 5, "replies_count": 0, "retweets_count": 0, "hashtags": []}
{"id": 1140045128096202753, "date": "2019-06-15", "time": "19:55:14", "tweet": "ngl, my fingers are itching in form of a shoryuken input", "likes_count": 8, "replies_count": 2, "retweets_count": 0, "hashtags": []}
{"id": 1140044978862903297, "date": "2019-06-15", "time": "19:54:38", "tweet": "@ernamh no one cared or asked for ur input  https://t.co/plxc7wPf7x", "likes_count": 6, "replies_count": 0, "retweets_count": 0, "hashtags": []}
{"id": 1140044891524935680, "date": "2019-06-15", "time": "19:54:17", "tweet": "@fullmetalcunt To clarify: you can like/ love the movie and still have an opinion. But dont start going at peoples work without some actual input, and being able to admit that the movie wasnt done well.", "likes_count": 0, "replies_count": 0, "retweets_count": 0, "hashtags": []}
{"id": 1140044771798294529, "date": "2019-06-15", "time": "19:53:49", "tweet": "@INTEGRITYBC @BIVnews certifying the structural integrity of a submerged concrete tunnel is very specialized engineering work. The visual inspection is an input, not the deciding factor, in the assessment. The most important factors are the experience &amp; integrity of the engineer, not news reports.", "likes_count": 0, "replies_count": 1, "retweets_count": 0, "hashtags": []}
{"id": 1140044541212315648, "date": "2019-06-15", "time": "19:52:54", "tweet": "@coyotlazul Wasn’t worried but more curious about the situation ...  thanks for your input!  Appreciate that you reached out.", "likes_count": 1, "replies_count": 1, "retweets_count": 0, "hashtags": []}
{"id": 1140044485482733571, "date": "2019-06-15", "time": "19:52:40", "tweet": "@WDWToday Thanks! I'd be happy to discuss further if additional input is useful.", "likes_count": 0, "replies_count": 1, "retweets_count": 0, "hashtags": []}
{"id": 1140044282793005056, "date": "2019-06-15", "time": "19:51:52", "tweet": "@4ntsu Input lag baixíssimo.Alguns casos isso afeta diretamente a forma como você joga. Eu lembro de achar muito mais fácil fazer certos whiff punishes e confirmar o  https://t.co/zUE3MjgCyy do ken no 3rd strike na pcb original.  Maioria dos emuladores não roda o jogo na mesma velocidade", "likes_count": 0, "replies_count": 1, "retweets_count": 0, "hashtags": []}
{"id": 1140044226270396416, "date": "2019-06-15", "time": "19:51:39", "tweet": "@mxjohnson Some people complain that the Council didn't ask for input or suggestions. The fact is they didn't have to ask anyone. Committee members and commissioners serve at the pleasure of the City Council. What are the root problems you refer to?", "likes_count": 0, "replies_count": 1, "retweets_count": 0, "hashtags": []}
{"id": 1140044220469637120, "date": "2019-06-15", "time": "19:51:37", "tweet": "@Ulises_O5 Okay? Hahahahaha thanks for your dumbass input ulises 😂", "likes_count": 0, "replies_count": 0, "retweets_count": 0, "hashtags": []}
{"id": 1140044115012440068, "date": "2019-06-15", "time": "19:51:12", "tweet": "Everyone who suggested I buy the bottle. I bought two. Thank you for your input 🥰", "likes_count": 4, "replies_count": 0, "retweets_count": 0, "hashtags": []}
{"id": 1140044100634324997, "date": "2019-06-15", "time": "19:51:09", "tweet": "I'm: input, futuristic, intellection, ideation, and learner. (Yes, all 5 strategic thinking). You?", "likes_count": 0, "replies_count": 1, "retweets_count": 0, "hashtags": []}
{"id": 1140043940382629889, "date": "2019-06-15", "time": "19:50:31", "tweet": "@hirokanagawatv I see he's come out with new music...I wondering how it was, so thanks for the input. By the way I loved \"Glory Days\".", "likes_count": 1, "replies_count": 1, "retweets_count": 0, "hashtags": []}
{"id": 1140043752213483520, "date": "2019-06-15", "time": "19:49:46", "tweet": "@ral_mey Soviel positiven Input hatte ich lange nicht. So toll. 😍", "likes_count": 12, "replies_count": 2, "retweets_count": 0, "hashtags": []}
