{"id": 1104169853789839360, "date": "2019-03-08", "time": "18:59:42", "tweet": "@McCloudStrife @MissQuickstep @SamuelePanzeri @adamjmiles @ssylvan @richgel999 @AndrewJacksonZA @Flux_Lalonde @BruceDawson0xB @stevesi @Microsoft she was talking about game startup and level loading times, not input latency, though", "likes_count": 0, "replies_count": 2, "retweets_count": 0, "hashtags": []}
{"id": 1104169604962832385, "date": "2019-03-08", "time": "18:58:42", "tweet": "@Imkillyou @CryptoMaestro When V2 is released, this should be a top 3 dex in volume. Their attention to detail and to our input has been exceptional", "likes_count": 0, "replies_count": 0, "retweets_count": 0, "hashtags": []}
{"id": 1104169356961865728, "date": "2019-03-08", "time": "18:57:43", "tweet": "@rahatarmanahmed Presumably based on the name of the exception? E.g. given `throw \"WowException\"` DevTools provides a textbox where you'd input `WowException` ... is that what you're thinking? --- @kaycebasques", "likes_count": 5, "replies_count": 0, "retweets_count": 0, "hashtags": []}
{"id": 1104169347524845570, "date": "2019-03-08", "time": "18:57:41", "tweet": "@Shaniss99 es mejor llorar en input en pedo conmigo que llorar en tu casa con la enana no se solo digo", "likes_count": 1, "replies_count": 1, "retweets_count": 0, "hashtags": []}
{"id": 1104169303690096643, "date": "2019-03-08", "time": "18:57:31", "tweet": "Mackenzie Parents,  We value your input and would like your thoughts and opinions on implementing a standardized dress policy for the 2019-2020 school year.   Please take some time to complete so that we can formalize a plan of action.  Mackenzie Admin   https://t.co/leSKeyRhUj", "likes_count": 0, "replies_count": 0, "retweets_count": 0, "hashtags": []}
{"id": 1104169195103797248, "date": "2019-03-08", "time": "18:57:05", "tweet": "@lhfirm @CWBChicago @JussieSmollett Or he will plead, if he's smart. Which he may not be given what is alleged to have happened in Chicago. Thanks for the input. It's been interesting. ✔️", "likes_count": 0, "replies_count": 0, "retweets_count": 0, "hashtags": []}
{"id": 1104169134856855552, "date": "2019-03-08", "time": "18:56:50", "tweet": "Off to business meeting.  Piling ko tuloy artista nakasakay sa \"Artista Van\" (Input CongTV Voice)  🇵🇭 🇹🇭 @ Bangkok, Thailand  https://t.co/r2Hz4OxlUz", "likes_count": 0, "replies_count": 0, "retweets_count": 0, "hashtags": []}
{"id": 1104168898247749632, "date": "2019-03-08", "time": "18:55:54", "tweet": "Will be digesting this weeks #Microsoft365 masterclass with @StaleHansen  and @JankeSkanke for some time. Lots of useful, spot-on input! Eager to put it all into production!", "likes_count": 3, "replies_count": 1, "retweets_count": 2, "hashtags": ["microsoft365"]}
{"id": 1104168808749719552, "date": "2019-03-08", "time": "18:55:33", "tweet": "thank u all for ur input, leone aboocchio will soon have a boyfriend  https://t.co/Ros6yfC0Sa", "likes_count": 5, "replies_count": 1, "retweets_count": 0, "hashtags": []}
{"id": 1104168643720605697, "date": "2019-03-08", "time": "18:54:53", "tweet": "@ktrutmann Haha maybe latex  \\input{abstract} \\input{introduction} ... ;) ;)", "likes_count": 0, "replies_count": 0, "retweets_count": 0, "hashtags": []}
{"id": 1104168546479865856, "date": "2019-03-08", "time": "18:54:30", "tweet": "Parks Canada looking for input on five Halifax historic sites  https://t.co/f2zIGWhYKK via @HalifaxToday", "likes_count": 0, "replies_count": 0, "retweets_count": 1, "hashtags": []}
{"id": 1104168419744657409, "date": "2019-03-08", "time": "18:54:00", "tweet": "@kvnwynne @TheRaidersDaily I’d say it’s implied. Plus Vic tafur strongly believes he’ll be cut. I trust his input", "likes_count": 0, "replies_count": 2, "retweets_count": 0, "hashtags": []}
{"id": 1104168372722434054, "date": "2019-03-08", "time": "18:53:49", "tweet": "@NBA2K_MyTEAM @KingJames This is garbage... second time I’ve input a code and says I redeemed when I didn’t", "likes_count": 0, "replies_count": 0, "retweets_count": 0, "hashtags": []}
{"id": 1104168287531753472, "date": "2019-03-08", "time": "18:53:28", "tweet": "Really would appreciate everyone’s input on this!", "likes_count": 3, "replies_count": 1, "retweets_count": 0, "hashtags": []}
{"id": 1104168270146371585, "date": "2019-03-08", "time": "18:53:24", "tweet": "@dzimmerific1 @LeBatardShow Thanks for your input.", "likes_count": 0, "replies_count": 0, "retweets_count": 0, "hashtags": []}
{"id": 1104168184289075205, "date": "2019-03-08", "time": "18:53:04", "tweet": "Crazy Tube Circuits Splash Mk3 Stereo  price slashed by 12% on the 08.03.2019 : Effects pedal Studio-quality hall, Enhanced version of the Splash Mk3, True stereo, 2 Footswitches, Expression pedal input for mix or decay, 3 Hall Algorhythms, Volume left, …  https://t.co/yqGjp1WkVL  https://t.co/hhty3ZyKOn", "likes_count": 0, "replies_count": 0, "retweets_count": 0, "hashtags": []}
{"id": 1104168175250345986, "date": "2019-03-08", "time": "18:53:02", "tweet": " https://t.co/OiAbk26gYy My latest for @BylineTimes asks who is @TulsiGabbard and what does she stand for? Thanks hugely to @LeanOnAndLead @im_PULSE @StanleyCohenLaw for their comments. Thanks, @cjwerleman for your input (It wasn’t used on this occasion but as always appreciated).", "likes_count": 44, "replies_count": 12, "retweets_count": 25, "hashtags": []}
{"id": 1104168152416559104, "date": "2019-03-08", "time": "18:52:56", "tweet": "CAMRT members check your inbox. We are seeking your input on revisions to the MRT competency profile. Complete the survey and be entered to win prizes! Deadline Monday March 11th.  https://t.co/zDmVWmm8vH @CAMRT_ACTRM", "likes_count": 2, "replies_count": 0, "retweets_count": 1, "hashtags": []}
{"id": 1104168140517396481, "date": "2019-03-08", "time": "18:52:53", "tweet": "@Wickdlol I like your guide hope input is cool, your going a bit rap god when talking. But The guide is awesome", "likes_count": 0, "replies_count": 1, "retweets_count": 0, "hashtags": []}
{"id": 1104167997898407937, "date": "2019-03-08", "time": "18:52:19", "tweet": "The Facility Advisory Committee is seeking general community input on all educational facilities and opportunities in the Florence area. The survey link is available here  https://t.co/7UaDDNigU1", "likes_count": 0, "replies_count": 0, "retweets_count": 0, "hashtags": []}
{"id": 1104169853789839360, "date": "2019-03-08", "time": "18:59:42", "tweet": "@McCloudStrife @MissQuickstep @SamuelePanzeri @adamjmiles @ssylvan @richgel999 @AndrewJacksonZA @Flux_Lalonde @BruceDawson0xB @stevesi @Microsoft she was talking about game startup and level loading times, not input latency, though", "likes_count": 0, "replies_count": 2, "retweets_count": 0, "hashtags": []}
{"id": 1104169604962832385, "date": "2019-03-08", "time": "18:58:42", "tweet": "@Imkillyou @CryptoMaestro When V2 is released, this should be a top 3 dex in volume. Their attention to detail and to our input has been exceptional", "likes_count": 0, "replies_count": 0, "retweets_count": 0, "hashtags": []}
{"id": 1104169356961865728, "date": "2019-03-08", "time": "18:57:43", "tweet": "@rahatarmanahmed Presumably based on the name of the exception? E.g. given `throw \"WowException\"` DevTools provides a textbox where you'd input `WowException` ... is that what you're thinking? --- @kaycebasques", "likes_count": 5, "replies_count": 0, "retweets_count": 0, "hashtags": []}
{"id": 1104169347524845570, "date": "2019-03-08", "time": "18:57:41", "tweet": "@Shaniss99 es mejor llorar en input en pedo conmigo que llorar en tu casa con la enana no se solo digo", "likes_count": 1, "replies_count": 1, "retweets_count": 0, "hashtags": []}
{"id": 1104169303690096643, "date": "2019-03-08", "time": "18:57:31", "tweet": "Mackenzie Parents,  We value your input and would like your thoughts and opinions on implementing a standardized dress policy for the 2019-2020 school year.   Please take some time to complete so that we can formalize a plan of action.  Mackenzie Admin   https://t.co/leSKeyRhUj", "likes_count": 0, "replies_count": 0, "retweets_count": 0, "hashtags": []}
{"id": 1104169195103797248, "date": "2019-03-08", "time": "18:57:05", "tweet": "@lhfirm @CWBChicago @JussieSmollett Or he will plead, if he's smart. Which he may not be given what is alleged to have happened in Chicago. Thanks for the input. It's been interesting. ✔️", "likes_count": 0, "replies_count": 0, "retweets_count": 0, "hashtags": []}
{"id": 1104169134856855552, "date": "2019-03-08", "time": "18:56:50", "tweet": "Off to business meeting.  Piling ko tuloy artista nakasakay sa \"Artista Van\" (Input CongTV Voice)  🇵🇭 🇹🇭 @ Bangkok, Thailand  https://t.co/r2Hz4OxlUz", "likes_count": 0, "replies_count": 0, "retweets_count": 0, "hashtags": []}
{"id": 1104168898247749632, "date": "2019-03-08", "time": "18:55:54", "tweet": "Will be digesting this weeks #Microsoft365 masterclass with @StaleHansen  and @JankeSkanke for some time. Lots of useful, spot-on input! Eager to put it all into production!", "likes_count": 3, "replies_count": 1, "retweets_count": 2, "hashtags": ["microsoft365"]}
{"id": 1104168808749719552, "date": "2019-03-08", "time": "18:55:33", "tweet": "thank u all for ur input, leone aboocchio will soon have a boyfriend  https://t.co/Ros6yfC0Sa", "likes_count": 5, "replies_count": 1, "retweets_count": 0, "hashtags": []}
{"id": 1104168643720605697, "date": "2019-03-08", "time": "18:54:53", "tweet": "@ktrutmann Haha maybe latex  \\input{abstract} \\input{introduction} ... ;) ;)", "likes_count": 0, "replies_count": 0, "retweets_count": 0, "hashtags": []}
{"id": 1104168546479865856, "date": "2019-03-08", "time": "18:54:30", "tweet": "Parks Canada looking for input on five Halifax historic sites  https://t.co/f2zIGWhYKK via @HalifaxToday", "likes_count": 0, "replies_count": 0, "retweets_count": 1, "hashtags": []}
{"id": 1104168419744657409, "date": "2019-03-08", "time": "18:54:00", "tweet": "@kvnwynne @TheRaidersDaily I’d say it’s implied. Plus Vic tafur strongly believes he’ll be cut. I trust his input", "likes_count": 0, "replies_count": 2, "retweets_count": 0, "hashtags": []}
{"id": 1104168372722434054, "date": "2019-03-08", "time": "18:53:49", "tweet": "@NBA2K_MyTEAM @KingJames This is garbage... second time I’ve input a code and says I redeemed when I didn’t", "likes_count": 0, "replies_count": 0, "retweets_count": 0, "hashtags": []}
{"id": 1104168287531753472, "date": "2019-03-08", "time": "18:53:28", "tweet": "Really would appreciate everyone’s input on this!", "likes_count": 3, "replies_count": 1, "retweets_count": 0, "hashtags": []}
{"id": 1104168270146371585, "date": "2019-03-08", "time": "18:53:24", "tweet": "@dzimmerific1 @LeBatardShow Thanks for your input.", "likes_count": 0, "replies_count": 0, "retweets_count": 0, "hashtags": []}
{"id": 1104168184289075205, "date": "2019-03-08", "time": "18:53:04", "tweet": "Crazy Tube Circuits Splash Mk3 Stereo  price slashed by 12% on the 08.03.2019 : Effects pedal Studio-quality hall, Enhanced version of the Splash Mk3, True stereo, 2 Footswitches, Expression pedal input for mix or decay, 3 Hall Algorhythms, Volume left, …  https://t.co/yqGjp1WkVL  https://t.co/hhty3ZyKOn", "likes_count": 0, "replies_count": 0, "retweets_count": 0, "hashtags": []}
{"id": 1104168175250345986, "date": "2019-03-08", "time": "18:53:02", "tweet": " https://t.co/OiAbk26gYy My latest for @BylineTimes asks who is @TulsiGabbard and what does she stand for? Thanks hugely to @LeanOnAndLead @im_PULSE @StanleyCohenLaw for their comments. Thanks, @cjwerleman for your input (It wasn’t used on this occasion but as always appreciated).", "likes_count": 44, "replies_count": 12, "retweets_count": 25, "hashtags": []}
{"id": 1104168152416559104, "date": "2019-03-08", "time": "18:52:56", "tweet": "CAMRT members check your inbox. We are seeking your input on revisions to the MRT competency profile. Complete the survey and be entered to win prizes! Deadline Monday March 11th.  https://t.co/zDmVWmm8vH @CAMRT_ACTRM", "likes_count": 2, "replies_count": 0, "retweets_count": 1, "hashtags": []}
{"id": 1104168140517396481, "date": "2019-03-08", "time": "18:52:53", "tweet": "@Wickdlol I like your guide hope input is cool, your going a bit rap god when talking. But The guide is awesome", "likes_count": 0, "replies_count": 1, "retweets_count": 0, "hashtags": []}
{"id": 1104167997898407937, "date": "2019-03-08", "time": "18:52:19", "tweet": "The Facility Advisory Committee is seeking general community input on all educational facilities and opportunities in the Florence area. The survey link is available here  https://t.co/7UaDDNigU1", "likes_count": 0, "replies_count": 0, "retweets_count": 0, "hashtags": []}
