{"id": 1119752559785234432, "date": "2019-04-20", "time": "19:59:48", "tweet": "Dear Pak @fadlizon @Dahnilanzar @Fahrihamzah @CakKhum @FaldoMaldini @saididu untuk BPN mohon dibentuk team khusus pengecekan data c1 &amp; input yg di situng KPU. Jadi disisir &amp; bila tidak sesuai di kumpulkan di BPN.  Karena sejak video konpers polisi pada agak kendor teman2", "likes_count": 0, "replies_count": 0, "retweets_count": 0, "hashtags": []}
{"id": 1119752488834539525, "date": "2019-04-20", "time": "19:59:31", "tweet": "@TaxedThoughts @MrMaxPrice @BeRock21 @Blast_Bsbl Seconded. Screenshot and manually input after each session. Sucks", "likes_count": 3, "replies_count": 0, "retweets_count": 0, "hashtags": []}
{"id": 1119752465488867328, "date": "2019-04-20", "time": "19:59:26", "tweet": "@tijabar Padahal syarat2 menjadi anggota KPU hrs bnr2 terlatih lho....  Klo human error beda 1-2 digit sih msh bs di mklumin...klo slh nya byk,trs cm 02 doang yg di rugikan itu namanya bukan slh input data,tapi curang yg di sengaja.owalah...kalian mau kyk jokowi,ERROR", "likes_count": 0, "replies_count": 0, "retweets_count": 0, "hashtags": []}
{"id": 1119752446010511360, "date": "2019-04-20", "time": "19:59:21", "tweet": "@mikehun87546862 @ActosNonVerba @MikeTokes that's all the 'input' your statement required", "likes_count": 0, "replies_count": 1, "retweets_count": 0, "hashtags": []}
{"id": 1119752430584045568, "date": "2019-04-20", "time": "19:59:18", "tweet": "Jabar DPT Lebih Besar dari Jateng, Tapi Situng Web KPU Input C1 Jateng Sudah 2X Lipat Jabar  #PrabowoWinRealCount #02WinTheElection   https://t.co/mzM86IA8wR", "likes_count": 0, "replies_count": 0, "retweets_count": 0, "hashtags": ["prabowowinrealcount", "02wintheelection"]}
{"id": 1119752381544026112, "date": "2019-04-20", "time": "19:59:06", "tweet": "@MonkimoE Geng prabowo mah bebas, HNW tidak percaya QC yg menangkan jkw tapi percaya QC ketika disebut PKS suaranya melonjak, silahkan buktikan dan silahkan saksi kalian biar ga jadi tolol, 0,0001% ketika di MK ngebahas salah input c1 di server. Itu bukan patokan wahai orang tua  https://t.co/9WBnQFYklQ", "likes_count": 0, "replies_count": 0, "retweets_count": 0, "hashtags": []}
{"id": 1119752359612227585, "date": "2019-04-20", "time": "19:59:01", "tweet": "@ihavepez Skip Bayless included in input. Unfortunately that taints the entire column. That said. Because of him they are a legit contender.", "likes_count": 0, "replies_count": 0, "retweets_count": 0, "hashtags": []}
{"id": 1119752292524158976, "date": "2019-04-20", "time": "19:58:45", "tweet": "@deemustika77 @ustadtengkuzul Ketawa ajah bong gpp. Trus melek kecurangan dimana2 termasuk salah input data KPU yg selalu untgkan 01. Yg adil liat biar bs bedakan mana yg benar.", "likes_count": 0, "replies_count": 1, "retweets_count": 0, "hashtags": []}
{"id": 1119752148655362048, "date": "2019-04-20", "time": "19:58:10", "tweet": "@antaranews Sebaiknya kpu dihimbau juga agar tdk salah input data.krn rakyat juga pegang data", "likes_count": 0, "replies_count": 0, "retweets_count": 0, "hashtags": []}
{"id": 1119752137964249088, "date": "2019-04-20", "time": "19:58:08", "tweet": "Meski lelah, jangan lupa bahagia  Tim input data Form C1 DPRa PKS Sukajaya  #TerimaKasihPilihPKS  #TerimakasihSaksiPKS  #PejuangKawalSuara  #PKSpapanatas  https://t.co/KtmYOmOVby", "likes_count": 1, "replies_count": 0, "retweets_count": 0, "hashtags": ["terimakasihpilihpks", "terimakasihsaksipks", "pejuangkawalsuara", "pkspapanatas"]}
{"id": 1119751842395611136, "date": "2019-04-20", "time": "19:56:57", "tweet": "@CakKhum Bukan tiarap, tetap fokus. Cuma blm ada pergerakan untuk daerah saya masih blm di input. Jadi blm ada temuan... Tetap kita pantau tiap detik bang...", "likes_count": 0, "replies_count": 0, "retweets_count": 0, "hashtags": []}
{"id": 1119751823655460864, "date": "2019-04-20", "time": "19:56:53", "tweet": "@geloraco @fadlizon Ada tuh salah input KPU utk 01 cuma, yg ini angkanya jadi bertambah atau ditambah Cek @edisiss ke @Fahrihamzah    #KpuJanganCurang  #KpuJanganCurang  #KpuJanganCurang  #KPUJanganKurangiSuara02  #KPUJanganTambahiSuara01 #INAelectionCallObserverSOS", "likes_count": 0, "replies_count": 0, "retweets_count": 0, "hashtags": ["kpujangancurang", "kpujangancurang", "kpujangancurang", "kpujangankurangisuara02", "kpujangantambahisuara01", "inaelectioncallobserversos"]}
{"id": 1119751805947170816, "date": "2019-04-20", "time": "19:56:49", "tweet": "@Cobeh09 @fadlizon Assu tenan salah input teruss maunya apa sih, KPU takut m si jaenudin ngaciro.", "likes_count": 0, "replies_count": 0, "retweets_count": 0, "hashtags": []}
{"id": 1119751791975878656, "date": "2019-04-20", "time": "19:56:45", "tweet": "@yhezqel @Gerindra kenapa @KPU_ID  selalu mengatakan salah input dan salah data. dan kenapa selalu suara 02 yg selalu di rugikan.", "likes_count": 0, "replies_count": 0, "retweets_count": 0, "hashtags": []}
{"id": 1119751714524028930, "date": "2019-04-20", "time": "19:56:27", "tweet": "@blackprogen Apparently his family didn't like my great grandmother, which may have resulted in them not informing the Census worker that she was there. Thanks again for all the input from the #blackprogen collective!", "likes_count": 1, "replies_count": 0, "retweets_count": 0, "hashtags": ["blackprogen"]}
{"id": 1119751713609531392, "date": "2019-04-20", "time": "19:56:27", "tweet": "@plambrechtsen @JetBlue Yep. Honestly, there are ways an API like this could (read: should) be designed so that that the airlines' access is fairly benign. For example, the API takes your boarding photo as input and simply returns either FALSE (no match) or your record locator / ticket number as output.", "likes_count": 0, "replies_count": 1, "retweets_count": 0, "hashtags": []}
{"id": 1119751673960779777, "date": "2019-04-20", "time": "19:56:17", "tweet": "@Ag66Sharong @ActosNonVerba @MikeTokes Thanks for your zero input besides to say others are ignorant 😉", "likes_count": 0, "replies_count": 1, "retweets_count": 0, "hashtags": []}
{"id": 1119751614615695360, "date": "2019-04-20", "time": "19:56:03", "tweet": "@LaNMaSteR53 @johannh @mr_goodwin @digininja @TechNerdings @TanviHacks Form history is keyed by the id/name so ensure data has been submitted for an input (e.g. without an autocomplete attribute) with that id/name in advance.", "likes_count": 1, "replies_count": 1, "retweets_count": 0, "hashtags": []}
{"id": 1119751554561662976, "date": "2019-04-20", "time": "19:55:49", "tweet": "@stellarsk8board please provide input as i know you are used to both places", "likes_count": 0, "replies_count": 1, "retweets_count": 0, "hashtags": []}
{"id": 1119751521783074816, "date": "2019-04-20", "time": "19:55:41", "tweet": "@SaifulAmbiya_ @DKPP_RI @KPU_ID @bawaslu_RI  salah input data kok di berbagai wilayah ?   #SaveOurDemocracy", "likes_count": 0, "replies_count": 0, "retweets_count": 0, "hashtags": ["saveourdemocracy"]}
{"id": 1119751502606635008, "date": "2019-04-20", "time": "19:55:36", "tweet": "saya bingung kalo ada kpps yang tersinggung kalau ada yang minta keadilan tentang input data, kan yang dipermasalahin oknum yg sudah teersebar video nya dan web kpu sendiri, tidak ada yang nyalahin kpps yg...  https://t.co/LOAGHAFkuo", "likes_count": 0, "replies_count": 0, "retweets_count": 0, "hashtags": []}
{"id": 1119751483254132736, "date": "2019-04-20", "time": "19:55:32", "tweet": "@sugikaelo @ridwankamil @KPU_ID Saya sangat menghargai petugas TPS karena keluarga saya beberapa jdi petugas sampai pagi. Saya sngat tahu perjuangan mereja, padahal esok hari mereka harus bekerja. Namun kecurangan yang kelihatan skg di KPU data yang sudah susah\" di hitung sampai pagi, di input tdk sesuai.", "likes_count": 3, "replies_count": 0, "retweets_count": 0, "hashtags": []}
{"id": 1119751464186892288, "date": "2019-04-20", "time": "19:55:27", "tweet": "@twitnpoll emak gua lebih jago input tokel listrik 20 digit bener terus", "likes_count": 0, "replies_count": 0, "retweets_count": 0, "hashtags": []}
{"id": 1119751355214622720, "date": "2019-04-20", "time": "19:55:01", "tweet": "@Gerindra Salah input satu suara pun tidak ada toleransi. Ini PEMILU,wahai hasto bodoh. #KpuJanganCurang", "likes_count": 0, "replies_count": 0, "retweets_count": 0, "hashtags": ["kpujangancurang"]}
{"id": 1119751331575738368, "date": "2019-04-20", "time": "19:54:56", "tweet": "@vry_angery_boi @mena_elise no one asked for your input cade", "likes_count": 1, "replies_count": 1, "retweets_count": 0, "hashtags": []}
{"id": 1119751327666593793, "date": "2019-04-20", "time": "19:54:55", "tweet": "@grayid52 @thenorth4theeu @trussliz Nope not at all, my eyes are wide open, so you believe the money we pay to the EU is good value. We a propping up the failing euro, with the highest input and lowest percentage return. For what?", "likes_count": 0, "replies_count": 0, "retweets_count": 0, "hashtags": []}
{"id": 1119751322729840640, "date": "2019-04-20", "time": "19:54:53", "tweet": "@LootBndt @more8bit i love that i can tell whats happening with such minimal visual input", "likes_count": 1, "replies_count": 1, "retweets_count": 0, "hashtags": []}
{"id": 1119751258905010177, "date": "2019-04-20", "time": "19:54:38", "tweet": "Walaupun setelah ada protes dari beberapa kalangan karena salah input tersebut dan akhirnya sudah valid dengan C1 nya, tapi mari kita terus awasi situng KPU karena web itu cuma alat saja, yg mengendalikan ya orangnya.", "likes_count": 0, "replies_count": 0, "retweets_count": 0, "hashtags": []}
{"id": 1119751256497688577, "date": "2019-04-20", "time": "19:54:38", "tweet": "@BalckLux I need your input 😂😭", "likes_count": 0, "replies_count": 1, "retweets_count": 0, "hashtags": []}
{"id": 1119751208560762880, "date": "2019-04-20", "time": "19:54:26", "tweet": "@mas_piyuuu @Choco_strwbrry KPU terus mengulur waktu input sudah 3 Hari masih di Jateng, buat opini sesuai QC, Dan nanti di TV para LS akan support mereka benar..di Kira rakyat pada bodoh..", "likes_count": 59, "replies_count": 4, "retweets_count": 35, "hashtags": []}
{"id": 1119751067212738560, "date": "2019-04-20", "time": "19:53:53", "tweet": "Jd tanda tanya itu yg direkrut @KPU_ID org2nya seperti apa sih? Klo ga mampu cari yg mampu! Masa cm disuruh input aja salah2 melulu. Tuman!", "likes_count": 2, "replies_count": 0, "retweets_count": 0, "hashtags": []}
{"id": 1119750985503535104, "date": "2019-04-20", "time": "19:53:33", "tweet": "@KwikKianGie_ Yth Bapak @KwikKianGie_ utk 5 tahun mendatang kalo mau pilpres tolong utk input data hasil pilpres pileg nginputnya oleh petugas gabungan misalnya contoh : disitu Ada petugas kpu,bawaslu, petugas paslon 1 petugas paslon 2 jadi ketika kpu input data n langsung diawasi biar akurat", "likes_count": 0, "replies_count": 0, "retweets_count": 0, "hashtags": []}
{"id": 1119750925021614080, "date": "2019-04-20", "time": "19:53:19", "tweet": "@elisa_jkt Siapa cii, pendukung yg sdg sibuk cari kesalahan KPU??  Nci yg 'keliatan' netral, silakan dukung 01 abis2an, tutup mata atas kesalahan input KPU yg jelas2 sdh di akui KPU sendiri dan merugikan 02.  Tweet2 mu dr td ini jelas memperkeruh suasana.  #DaruratC1Plano", "likes_count": 7, "replies_count": 5, "retweets_count": 3, "hashtags": ["daruratc1plano"]}
{"id": 1119750923226501122, "date": "2019-04-20", "time": "19:53:18", "tweet": "@Fahrihamzah @mei_indriya Nahh..baik nya KPU di laporin krn bnyak nya pncurangan input data dsana..baik nya dhntikan saja", "likes_count": 0, "replies_count": 0, "retweets_count": 0, "hashtags": []}
{"id": 1119750912115789824, "date": "2019-04-20", "time": "19:53:16", "tweet": "Hal ini di sebabkan sering \"Alasan\" salah input/human error yg di katakan KPU. Tetapi anehnya salah inputnya selalu menaikkan jumlah suara 01 sedang jumlah suara 02 tetap dan bahkan ada yg di kurang kurangi sampai 100 an suara.", "likes_count": 0, "replies_count": 0, "retweets_count": 0, "hashtags": []}
{"id": 1119750803835613184, "date": "2019-04-20", "time": "19:52:50", "tweet": "Memang masa krusial adalah saat ini....semangat berjuang kawan !!! 😁💪💪💪💪💪 surat suara, C1, input data digital.....keep watch.....bisa saja tiba2 web KPU akhirnya down dan rusak dlm posisi akhir menang satu calon. Rekap manual tetap esensial....jaga dan kawal C1", "likes_count": 0, "replies_count": 0, "retweets_count": 0, "hashtags": []}
{"id": 1119750760705736704, "date": "2019-04-20", "time": "19:52:39", "tweet": "@CommandantLuna Thank you for your input on Hunter science 👌", "likes_count": 0, "replies_count": 0, "retweets_count": 0, "hashtags": []}
{"id": 1119750734835343360, "date": "2019-04-20", "time": "19:52:33", "tweet": "Thinking about getting one of those Air Fryer things. Any suggestions on your preferred brands? Good/bad experiences? Input appreciated!  https://t.co/Sdi8D3oFpl", "likes_count": 0, "replies_count": 0, "retweets_count": 0, "hashtags": []}
{"id": 1119750613108002816, "date": "2019-04-20", "time": "19:52:04", "tweet": "P1245 MERCURY - Alternator Load Input Failed Low  https://t.co/Eb89xIuxP9 #autocodes", "likes_count": 0, "replies_count": 0, "retweets_count": 0, "hashtags": ["autocodes"]}
{"id": 1119750541867798528, "date": "2019-04-20", "time": "19:51:47", "tweet": "@putrabanten80 Tak perlu terlalu di urusin bang org ga penting macem doi.. biar netizen aj yg urus.. Fokus ke KPU aj yuks monitor C1 krn udh byk kekeliruan n kekacauan input data oleh pihak KPU alias tdk sesuai dg Data Real nya..", "likes_count": 0, "replies_count": 0, "retweets_count": 0, "hashtags": []}
{"id": 1119752559785234432, "date": "2019-04-20", "time": "19:59:48", "tweet": "Dear Pak @fadlizon @Dahnilanzar @Fahrihamzah @CakKhum @FaldoMaldini @saididu untuk BPN mohon dibentuk team khusus pengecekan data c1 &amp; input yg di situng KPU. Jadi disisir &amp; bila tidak sesuai di kumpulkan di BPN.  Karena sejak video konpers polisi pada agak kendor teman2", "likes_count": 0, "replies_count": 0, "retweets_count": 0, "hashtags": []}
{"id": 1119752488834539525, "date": "2019-04-20", "time": "19:59:31", "tweet": "@TaxedThoughts @MrMaxPrice @BeRock21 @Blast_Bsbl Seconded. Screenshot and manually input after each session. Sucks", "likes_count": 3, "replies_count": 0, "retweets_count": 0, "hashtags": []}
{"id": 1119752465488867328, "date": "2019-04-20", "time": "19:59:26", "tweet": "@tijabar Padahal syarat2 menjadi anggota KPU hrs bnr2 terlatih lho....  Klo human error beda 1-2 digit sih msh bs di mklumin...klo slh nya byk,trs cm 02 doang yg di rugikan itu namanya bukan slh input data,tapi curang yg di sengaja.owalah...kalian mau kyk jokowi,ERROR", "likes_count": 0, "replies_count": 0, "retweets_count": 0, "hashtags": []}
{"id": 1119752446010511360, "date": "2019-04-20", "time": "19:59:21", "tweet": "@mikehun87546862 @ActosNonVerba @MikeTokes that's all the 'input' your statement required", "likes_count": 0, "replies_count": 1, "retweets_count": 0, "hashtags": []}
{"id": 1119752430584045568, "date": "2019-04-20", "time": "19:59:18", "tweet": "Jabar DPT Lebih Besar dari Jateng, Tapi Situng Web KPU Input C1 Jateng Sudah 2X Lipat Jabar  #PrabowoWinRealCount #02WinTheElection   https://t.co/mzM86IA8wR", "likes_count": 0, "replies_count": 0, "retweets_count": 0, "hashtags": ["prabowowinrealcount", "02wintheelection"]}
{"id": 1119752381544026112, "date": "2019-04-20", "time": "19:59:06", "tweet": "@MonkimoE Geng prabowo mah bebas, HNW tidak percaya QC yg menangkan jkw tapi percaya QC ketika disebut PKS suaranya melonjak, silahkan buktikan dan silahkan saksi kalian biar ga jadi tolol, 0,0001% ketika di MK ngebahas salah input c1 di server. Itu bukan patokan wahai orang tua  https://t.co/9WBnQFYklQ", "likes_count": 0, "replies_count": 0, "retweets_count": 0, "hashtags": []}
{"id": 1119752359612227585, "date": "2019-04-20", "time": "19:59:01", "tweet": "@ihavepez Skip Bayless included in input. Unfortunately that taints the entire column. That said. Because of him they are a legit contender.", "likes_count": 0, "replies_count": 0, "retweets_count": 0, "hashtags": []}
{"id": 1119752292524158976, "date": "2019-04-20", "time": "19:58:45", "tweet": "@deemustika77 @ustadtengkuzul Ketawa ajah bong gpp. Trus melek kecurangan dimana2 termasuk salah input data KPU yg selalu untgkan 01. Yg adil liat biar bs bedakan mana yg benar.", "likes_count": 0, "replies_count": 1, "retweets_count": 0, "hashtags": []}
{"id": 1119752148655362048, "date": "2019-04-20", "time": "19:58:10", "tweet": "@antaranews Sebaiknya kpu dihimbau juga agar tdk salah input data.krn rakyat juga pegang data", "likes_count": 0, "replies_count": 0, "retweets_count": 0, "hashtags": []}
{"id": 1119752137964249088, "date": "2019-04-20", "time": "19:58:08", "tweet": "Meski lelah, jangan lupa bahagia  Tim input data Form C1 DPRa PKS Sukajaya  #TerimaKasihPilihPKS  #TerimakasihSaksiPKS  #PejuangKawalSuara  #PKSpapanatas  https://t.co/KtmYOmOVby", "likes_count": 1, "replies_count": 0, "retweets_count": 0, "hashtags": ["terimakasihpilihpks", "terimakasihsaksipks", "pejuangkawalsuara", "pkspapanatas"]}
{"id": 1119751842395611136, "date": "2019-04-20", "time": "19:56:57", "tweet": "@CakKhum Bukan tiarap, tetap fokus. Cuma blm ada pergerakan untuk daerah saya masih blm di input. Jadi blm ada temuan... Tetap kita pantau tiap detik bang...", "likes_count": 0, "replies_count": 0, "retweets_count": 0, "hashtags": []}
{"id": 1119751823655460864, "date": "2019-04-20", "time": "19:56:53", "tweet": "@geloraco @fadlizon Ada tuh salah input KPU utk 01 cuma, yg ini angkanya jadi bertambah atau ditambah Cek @edisiss ke @Fahrihamzah    #KpuJanganCurang  #KpuJanganCurang  #KpuJanganCurang  #KPUJanganKurangiSuara02  #KPUJanganTambahiSuara01 #INAelectionCallObserverSOS", "likes_count": 0, "replies_count": 0, "retweets_count": 0, "hashtags": ["kpujangancurang", "kpujangancurang", "kpujangancurang", "kpujangankurangisuara02", "kpujangantambahisuara01", "inaelectioncallobserversos"]}
{"id": 1119751805947170816, "date": "2019-04-20", "time": "19:56:49", "tweet": "@Cobeh09 @fadlizon Assu tenan salah input teruss maunya apa sih, KPU takut m si jaenudin ngaciro.", "likes_count": 0, "replies_count": 0, "retweets_count": 0, "hashtags": []}
{"id": 1119751791975878656, "date": "2019-04-20", "time": "19:56:45", "tweet": "@yhezqel @Gerindra kenapa @KPU_ID  selalu mengatakan salah input dan salah data. dan kenapa selalu suara 02 yg selalu di rugikan.", "likes_count": 0, "replies_count": 0, "retweets_count": 0, "hashtags": []}
{"id": 1119751714524028930, "date": "2019-04-20", "time": "19:56:27", "tweet": "@blackprogen Apparently his family didn't like my great grandmother, which may have resulted in them not informing the Census worker that she was there. Thanks again for all the input from the #blackprogen collective!", "likes_count": 1, "replies_count": 0, "retweets_count": 0, "hashtags": ["blackprogen"]}
{"id": 1119751713609531392, "date": "2019-04-20", "time": "19:56:27", "tweet": "@plambrechtsen @JetBlue Yep. Honestly, there are ways an API like this could (read: should) be designed so that that the airlines' access is fairly benign. For example, the API takes your boarding photo as input and simply returns either FALSE (no match) or your record locator / ticket number as output.", "likes_count": 0, "replies_count": 1, "retweets_count": 0, "hashtags": []}
{"id": 1119751673960779777, "date": "2019-04-20", "time": "19:56:17", "tweet": "@Ag66Sharong @ActosNonVerba @MikeTokes Thanks for your zero input besides to say others are ignorant 😉", "likes_count": 0, "replies_count": 1, "retweets_count": 0, "hashtags": []}
{"id": 1119751614615695360, "date": "2019-04-20", "time": "19:56:03", "tweet": "@LaNMaSteR53 @johannh @mr_goodwin @digininja @TechNerdings @TanviHacks Form history is keyed by the id/name so ensure data has been submitted for an input (e.g. without an autocomplete attribute) with that id/name in advance.", "likes_count": 1, "replies_count": 1, "retweets_count": 0, "hashtags": []}
{"id": 1119751554561662976, "date": "2019-04-20", "time": "19:55:49", "tweet": "@stellarsk8board please provide input as i know you are used to both places", "likes_count": 0, "replies_count": 1, "retweets_count": 0, "hashtags": []}
{"id": 1119751521783074816, "date": "2019-04-20", "time": "19:55:41", "tweet": "@SaifulAmbiya_ @DKPP_RI @KPU_ID @bawaslu_RI  salah input data kok di berbagai wilayah ?   #SaveOurDemocracy", "likes_count": 0, "replies_count": 0, "retweets_count": 0, "hashtags": ["saveourdemocracy"]}
