{"id": 1155266551764832256, "date": "2019-07-27", "time": "19:59:44", "tweet": "@context_ing @sonyasupposedly While I know this isn't how S intends it, the idea of coldly evaluating the conversational input and then choosing optimal output feels way manipulative and insincere. Which is not at all how she is in IRL conversation, so this is more My Problem than anyone else's.", "likes_count": 3, "replies_count": 2, "retweets_count": 0, "hashtags": []}
{"id": 1155266520882171905, "date": "2019-07-27", "time": "19:59:37", "tweet": "@baejinlovew1 If it's not in the list you choose OTHERS another field will appear I guess that's where you can input your idol's group name", "likes_count": 0, "replies_count": 0, "retweets_count": 0, "hashtags": []}
{"id": 1155266399624814592, "date": "2019-07-27", "time": "19:59:08", "tweet": "@RueNahcMohr If you happen to have a power supply of about 32~36V, it is just the limit power supply voltage (+36V) that the LM358 can withstand.  Since the LM358 can be input ground-sensing, it may be possible not to use a floating power supply.  https://t.co/qAmYkCE9u7", "likes_count": 0, "replies_count": 1, "retweets_count": 0, "hashtags": []}
{"id": 1155266275444002817, "date": "2019-07-27", "time": "19:58:38", "tweet": "@JennyKayNZ @mizjwilliams I think it depends on the organisation, the sensitivity of the content and the amount of information, depending on these criteria each response is different and therefore requires varying levels of comms input as part of an overall OIA process.", "likes_count": 2, "replies_count": 1, "retweets_count": 0, "hashtags": []}
{"id": 1155266246188781568, "date": "2019-07-27", "time": "19:58:31", "tweet": "Could a recycling express system come to #CityofPG? Government seeks input. |  https://t.co/s6vJiUqgJI #Recycling #GreenBC  https://t.co/dCU867hWxW", "likes_count": 0, "replies_count": 0, "retweets_count": 0, "hashtags": ["cityofpg", "recycling", "greenbc"]}
{"id": 1155266020749090816, "date": "2019-07-27", "time": "19:57:37", "tweet": "Input all the answers on Pearson correctly but got the question wrong cuz fakas wanted the numbers from least to greatest🤯🤯", "likes_count": 0, "replies_count": 0, "retweets_count": 0, "hashtags": []}
{"id": 1155265790226178048, "date": "2019-07-27", "time": "19:56:42", "tweet": "@ViRKL @AmazingChevVolt @Autoline @cleantechnica @XAutoWorld100 @evannex_com @DerSPIEGEL @handelsblatt @SZ @thetimes @nytimes @sfchronicle @FT Certainly not, I have just 2 human eyes, 1 really good the other not, HAL instead has 8 with different angles, direction &amp; focus , 12 ultrasonic sensors &amp; 1 radar as input &amp; a neural net that learns from +500k similar vehicles times 21 sensors driving somewhere &amp; not sleeping...", "likes_count": 8, "replies_count": 0, "retweets_count": 1, "hashtags": []}
{"id": 1155265361786429446, "date": "2019-07-27", "time": "19:55:00", "tweet": "QUESTION!! Streaming. What times would be best? I wanna hear everyone's input, cuz I wanna adjust to a time that would be convenient to most people.", "likes_count": 2, "replies_count": 2, "retweets_count": 0, "hashtags": []}
{"id": 1155265292479676417, "date": "2019-07-27", "time": "19:54:44", "tweet": "CVE-2018-1000156: GNU Patch version 2.7.6 contains an input validation vulnerability when processing patch files…  https://t.co/tPURu6NgmV", "likes_count": 0, "replies_count": 0, "retweets_count": 0, "hashtags": []}
{"id": 1155265113890463744, "date": "2019-07-27", "time": "19:54:01", "tweet": "@nodezero Captured this bug with input overlay on PC. Unable to shoot or aim when looking in some direction for no reason. Only seems to happen when running the game in 2k no bug for 5 hours playing on 1080p.  https://t.co/j969qqyiJe  https://t.co/j969qqyiJe  https://t.co/9fWUkUXCkG", "likes_count": 1, "replies_count": 0, "retweets_count": 0, "hashtags": []}
{"id": 1155265050732425216, "date": "2019-07-27", "time": "19:53:46", "tweet": "@RueNahcMohr It is best to add a diode clamp to the input. If the load is shorted, the output capacitor voltage will be applied to the 0.1Ω current sense resistor. In some cases, that would damage the input of the amplifier.", "likes_count": 0, "replies_count": 1, "retweets_count": 0, "hashtags": []}
{"id": 1155265002984468480, "date": "2019-07-27", "time": "19:53:35", "tweet": "We appreciate your input! @rebrandsusa #recbd #rebrandsusa 👍🏼  https://t.co/eZ6Lbh8T5f", "likes_count": 0, "replies_count": 0, "retweets_count": 0, "hashtags": ["recbd", "rebrandsusa"]}
{"id": 1155264966775230464, "date": "2019-07-27", "time": "19:53:26", "tweet": "The way Orange is the new black ties in what’s going on input country now is amazing!! #OrangeIsTheNewBlack #Season7", "likes_count": 0, "replies_count": 0, "retweets_count": 0, "hashtags": ["orangeisthenewblack", "season7"]}
{"id": 1155264863884775424, "date": "2019-07-27", "time": "19:53:01", "tweet": "This adapter consists of a 9V battery clip and a standard 5.5*2.1mm center positive barrel jack. It can be used with any device that needs 9V input voltage and has an on-board barrel jack like the Uno R3 - Little Bird. #Arduino #electronics :  https://t.co/3ROevxOTPT  https://t.co/Q2lSC4htnM", "likes_count": 0, "replies_count": 0, "retweets_count": 1, "hashtags": ["arduino", "electronics"]}
{"id": 1155264697274384384, "date": "2019-07-27", "time": "19:52:22", "tweet": "@noobde @NetherRealm @MortalKombat @GreyMeta how can I remain as shang tsung? I think it's a glitch of towers of time but it would be cool if I could stay as shang, please the input", "likes_count": 0, "replies_count": 1, "retweets_count": 0, "hashtags": []}
{"id": 1155264599702364160, "date": "2019-07-27", "time": "19:51:59", "tweet": "@BengalBrackmans Three guys that are rebuilding a web server that took a dump.  I appreciate your input, though, Kevin!  #BengalBrackmans", "likes_count": 0, "replies_count": 1, "retweets_count": 0, "hashtags": ["bengalbrackmans"]}
{"id": 1155264560250494976, "date": "2019-07-27", "time": "19:51:49", "tweet": "@JStein_WaPo We just decided to switch sides of the bed because we are co-sleeping with 2 babies now and it took us 4 days to figure out the sleeping situation. There were whole conversations over dinner and I even asked my mother's input.....", "likes_count": 0, "replies_count": 0, "retweets_count": 0, "hashtags": []}
{"id": 1155264473038389249, "date": "2019-07-27", "time": "19:51:28", "tweet": "@RueNahcMohr If you are not using the LM358, you will need to add the D4 negative supply so that the input of the amplifier A can also enter the working range.  At this point you need to raise the floating power supply to 12V.", "likes_count": 0, "replies_count": 1, "retweets_count": 0, "hashtags": []}
{"id": 1155264392205701120, "date": "2019-07-27", "time": "19:51:09", "tweet": "@RueNahcMohr Add D3 (or just use resistor divider) to bring the input of amplifier B into the working range.  https://t.co/N5NYu8p03p", "likes_count": 1, "replies_count": 1, "retweets_count": 0, "hashtags": []}
{"id": 1155264266695430146, "date": "2019-07-27", "time": "19:50:39", "tweet": "[cm] ada yg ikut beasiswa bca? Rep dong, mau nanya.  Aku input data udah aku isi semua tapi kok data tidak dapat diproses ya?", "likes_count": 1, "replies_count": 0, "retweets_count": 0, "hashtags": []}
{"id": 1155264000680189953, "date": "2019-07-27", "time": "19:49:36", "tweet": "In the past, I would have done one of two things.  I would have either not replied to the email, thought “forget this and forget you” and left things the way they are.  Sorry, you missed your chance to input your ideas.", "likes_count": 0, "replies_count": 1, "retweets_count": 0, "hashtags": []}
{"id": 1155263976202129408, "date": "2019-07-27", "time": "19:49:30", "tweet": "ATTENTION PEOPLE: Motorcycle riders do not like to hear your family member died from a bike crash or like your input on how to live life. Sincerely, A FUCKEN MOTORCYCLE CHICK", "likes_count": 3, "replies_count": 0, "retweets_count": 0, "hashtags": []}
{"id": 1155263750112518150, "date": "2019-07-27", "time": "19:48:36", "tweet": "@RepMcClinton @PPDChrisMcShea @PPDScottDrissel @PPDMGillespie @PPDDerrickWood @RFPCSocialMedia @PPD18Dist @PPD16Dist @PPD12Dist @AlimHowell Andrew Howell is a nice guy. I’ve had a few conversations with him at West Philly events (although, unlike me, he doesn’t live in West Philly).  As to how @PPDDerrickWood’s team handles citizen input — they’re only interested so long as you don’t have suggestions for improvement.  https://t.co/hIr7kG2zc8", "likes_count": 0, "replies_count": 0, "retweets_count": 0, "hashtags": []}
{"id": 1155263491776929793, "date": "2019-07-27", "time": "19:47:34", "tweet": "@fcukyoongi @mightybts my input to the discussion: this is incorrect", "likes_count": 0, "replies_count": 0, "retweets_count": 0, "hashtags": []}
{"id": 1155263249761222656, "date": "2019-07-27", "time": "19:46:37", "tweet": "TWICE’s Tzuyu Virtually Tests Out A New Hair Color + Asks For Fans’ Input  https://t.co/wrEeKRGR9O", "likes_count": 0, "replies_count": 0, "retweets_count": 0, "hashtags": []}
{"id": 1155263048724226048, "date": "2019-07-27", "time": "19:45:49", "tweet": "@GavinNewsom Maybe all of those things can be improved when the border is secure and we are safe. You have done nothing to help our Country or your state so have no valid input. Go ban a straw or something!", "likes_count": 1, "replies_count": 0, "retweets_count": 0, "hashtags": []}
{"id": 1155262896672321538, "date": "2019-07-27", "time": "19:45:12", "tweet": "Law enforcement requests input from public on safety concerns  https://t.co/YbUWTtapgE", "likes_count": 0, "replies_count": 0, "retweets_count": 1, "hashtags": []}
{"id": 1155262846374227974, "date": "2019-07-27", "time": "19:45:00", "tweet": "We want to hear from you!  As we gear up for our most spectacular GraceGifts yet, it's important that we have your input.  We pay attention to each and every one of you so please, drop us ideas below! What do you want to see this holiday season? #gracegifts #holidays2019  https://t.co/UgOGXbF9tK", "likes_count": 0, "replies_count": 0, "retweets_count": 0, "hashtags": ["gracegifts", "holidays2019"]}
{"id": 1155262837029163008, "date": "2019-07-27", "time": "19:44:58", "tweet": "We are commissioning a local artist to paint original pieces for our ceiling light covers throughout the center. What are your thoughts about these 2 sketches? Input on color, shapes, concepts etc. are appreciated.…  https://t.co/GkjpTvLXoM", "likes_count": 0, "replies_count": 0, "retweets_count": 0, "hashtags": []}
{"id": 1155262826686103553, "date": "2019-07-27", "time": "19:44:56", "tweet": "CVE-2018-1000156  GNU Patch version 2.7.6 contains an input validation vulnerability when processing patch files, specifically the EDITOR_PROGRAM invocation (using ed) can result in code execution. This attack appea...   https://t.co/JpRf5O1kYI", "likes_count": 0, "replies_count": 0, "retweets_count": 0, "hashtags": []}
{"id": 1155262775859408897, "date": "2019-07-27", "time": "19:44:44", "tweet": "@JapBASihIkArU イメージを言語化するAI  問題はむしろ スチームエンジンのイメージを どう出力し、AIにinputするか？", "likes_count": 0, "replies_count": 1, "retweets_count": 0, "hashtags": []}
{"id": 1155262771795283970, "date": "2019-07-27", "time": "19:44:43", "tweet": "@Monkeybele haha people change I guess, or something like that. Thanks for the input though, you're free to tell me what you don;t like lol", "likes_count": 0, "replies_count": 0, "retweets_count": 0, "hashtags": []}
{"id": 1155262752606359553, "date": "2019-07-27", "time": "19:44:38", "tweet": "@DelValGal @NicT10 Thanks for your input", "likes_count": 0, "replies_count": 0, "retweets_count": 0, "hashtags": []}
{"id": 1155262717105704960, "date": "2019-07-27", "time": "19:44:30", "tweet": "@BruceBartlett @GovBillWeld @realDonaldTrump @BruceBartlett  Bruce .... I’m someone who listens to &amp; respects your input, but I am surprised at your  “Go away” comment.   @GovBillWeld was a great MA governor — he has much to contribute to Republicans that know better not to support 🇺🇸’s racist @POTUS, @realDonaldTrump -  https://t.co/SPKTAJwwLT", "likes_count": 0, "replies_count": 0, "retweets_count": 1, "hashtags": []}
{"id": 1155262708058644480, "date": "2019-07-27", "time": "19:44:28", "tweet": "NCDOT taking public input on drone concerns  https://t.co/79NxdjkeEu", "likes_count": 0, "replies_count": 0, "retweets_count": 0, "hashtags": []}
{"id": 1155262612239790080, "date": "2019-07-27", "time": "19:44:05", "tweet": "@kathygriffin Bernie won the entire Midwest with Dems/indies ,we lost those States with Clinton energy void centrism, as a grown woman I don’t need your bitter 2016 hangover input sweetie,all of u jaws on the floor when Hillary lost ,we saw it coming ,Obama voters stayed home ftr, #Bernie2020", "likes_count": 1, "replies_count": 0, "retweets_count": 0, "hashtags": ["bernie2020"]}
{"id": 1155262550877057024, "date": "2019-07-27", "time": "19:43:50", "tweet": "Last valid input: 2019-07-28 08:43:43.482008 Temperature: 31.00 C Humidity: 80.00 %", "likes_count": 0, "replies_count": 0, "retweets_count": 0, "hashtags": []}
{"id": 1155262523786104832, "date": "2019-07-27", "time": "19:43:44", "tweet": "@silverstreammlp @BrittneighPony The one I found is close as I could get, no price difference from months back, and hotel is close as possible without actually staying at the center, a lot cheaper as well. I do thank you for your input though, but I wouldn’t have booked this if it’d cause problems after it.", "likes_count": 0, "replies_count": 0, "retweets_count": 0, "hashtags": []}
{"id": 1155262485735378945, "date": "2019-07-27", "time": "19:43:34", "tweet": "@MazeDaMouth python function that takes in two integers, a and b as input and computes s and t such that gcd(a, b) = s.a + t.b; Use the Extended Euclidean Algorithm.", "likes_count": 0, "replies_count": 0, "retweets_count": 0, "hashtags": []}
{"id": 1155262285839028225, "date": "2019-07-27", "time": "19:42:47", "tweet": "@prosateuse Thanks very much for taking the time to input :D. I was kind of leaning that way, but that makes a lot of sense, thank you :D", "likes_count": 0, "replies_count": 1, "retweets_count": 0, "hashtags": []}
