{"id": 1093660633885802496, "date": "2019-02-07", "time": "18:59:49", "tweet": "@miss_o_mfl I add to my list of things in my NQT meetings watching different techniques on YouTube- some teachers very generously share their ideas and there’s lots of use of TL that adds to my vocab especially from those using Comprehensible Input (though I don’t)", "likes_count": 1, "replies_count": 0, "retweets_count": 0, "hashtags": []}
{"id": 1093660553296326657, "date": "2019-02-07", "time": "18:59:29", "tweet": "Money Cube - An APP which will help you get MONEY for free. Input my invite code ❤75BCY❤ after installation, and you will get 1000 Clicks. Download link:  https://t.co/rNkhHMSoHs  https://t.co/kYipcWMeNH", "likes_count": 0, "replies_count": 0, "retweets_count": 0, "hashtags": []}
{"id": 1093660456479264768, "date": "2019-02-07", "time": "18:59:06", "tweet": "@Kalista63 @flanobrien @SorchaEastwood @allianceparty @BBCTalkback Absolutely true.  I don’t want NI to have any input from Westminster, quite frankly, but we have a stalled Assembly because the two main parties can’t get on.  This impasse is hurting NI.", "likes_count": 0, "replies_count": 1, "retweets_count": 0, "hashtags": []}
{"id": 1093660443435024384, "date": "2019-02-07", "time": "18:59:03", "tweet": "State halts putting herbicide on nuisance water plants while it gathers public input  https://t.co/fzitjJ8ODu", "likes_count": 0, "replies_count": 0, "retweets_count": 0, "hashtags": []}
{"id": 1093660339613433856, "date": "2019-02-07", "time": "18:58:38", "tweet": "@SpeakOutBrevard @congbillposey would like your input as to his latest survey. Read each item carefully...@BSOS14    https://t.co/T6kfLBZQLn", "likes_count": 1, "replies_count": 0, "retweets_count": 0, "hashtags": []}
{"id": 1093660244088115200, "date": "2019-02-07", "time": "18:58:16", "tweet": "The Liberals did a lot consultations (disclosure: I attended one consultation session and provided some input) with parents, service providers, docs, charities. They may even have consulted with some #actuallyautistic adults. If they did, it wouldn't have been many.", "likes_count": 0, "replies_count": 3, "retweets_count": 0, "hashtags": ["actuallyautistic"]}
{"id": 1093660235774910465, "date": "2019-02-07", "time": "18:58:14", "tweet": "@Primar13 @LootCritter I really do appreciate the interest and input re: t-shirts, posters etc.  But the simple truth is, (and I should have been making this more clear all along), I have no desire to sell anything with any connection to the comic.", "likes_count": 3, "replies_count": 1, "retweets_count": 0, "hashtags": []}
{"id": 1093660025862717441, "date": "2019-02-07", "time": "18:57:24", "tweet": "Excellent opening session tonight on how input in context matters for language acquisition. Come see how you can accomplish that in your DL/I classroom in my session tomorrow with OCDE Project GLAD (r). #NCDLI2019 @OCDEProjectGLAD @bdsbearkittens  https://t.co/KAJUtmhRQ3", "likes_count": 17, "replies_count": 0, "retweets_count": 2, "hashtags": ["ncdli2019"]}
{"id": 1093659977162534913, "date": "2019-02-07", "time": "18:57:12", "tweet": "I see people achievement as a lesson. Not for my principles, but for an input that might help my principles to reach my own achievement", "likes_count": 1, "replies_count": 0, "retweets_count": 0, "hashtags": []}
{"id": 1093659919964950530, "date": "2019-02-07", "time": "18:56:58", "tweet": "Please DM me Positive and negative thoughts about Minnesota Magic.  Your input is very important to us and we are always looking for ways to improve.  #MagicFamily", "likes_count": 3, "replies_count": 0, "retweets_count": 0, "hashtags": ["magicfamily"]}
{"id": 1093659892936667136, "date": "2019-02-07", "time": "18:56:52", "tweet": "#DitchYourDialGauge and go digital with a new #APGSensors #DigitalDisplay #PanelMeter. Not only do they offer multiple input and output options, they are easy to install and are loaded with features that your dial gauge can't offer. Check them out at  https://t.co/Cjsg6AxnYu.", "likes_count": 3, "replies_count": 0, "retweets_count": 0, "hashtags": ["ditchyourdialgauge", "apgsensors", "digitaldisplay", "panelmeter"]}
{"id": 1093659875111026689, "date": "2019-02-07", "time": "18:56:48", "tweet": "Guys she's asking for our input! How exciting. Let's be intelligent and mature here!! Ahh I have so many things I'd love to see asked...", "likes_count": 0, "replies_count": 0, "retweets_count": 0, "hashtags": []}
{"id": 1093659629693923328, "date": "2019-02-07", "time": "18:55:49", "tweet": "Attention #pathologists: @Pathologists need your input on the draft recommendations of #laboratory work-up and initial diagnosis of #monoclonalgammopathies!", "likes_count": 11, "replies_count": 0, "retweets_count": 6, "hashtags": ["pathologists", "laboratory", "monoclonalgammopathies"]}
{"id": 1093659561376940032, "date": "2019-02-07", "time": "18:55:33", "tweet": "Bluetooth Car Stereo Audio FM Aux Input Receiver SD USB MP3 Radio Player  https://t.co/KPVwraXQ55  https://t.co/ckG63RFCWH", "likes_count": 0, "replies_count": 0, "retweets_count": 0, "hashtags": []}
{"id": 1093659501276860425, "date": "2019-02-07", "time": "18:55:18", "tweet": "@kimaboe @femkesvs @theilsanne Okay, thank makes a lot more sense then! Thanks for your input! ☺️", "likes_count": 1, "replies_count": 0, "retweets_count": 0, "hashtags": []}
{"id": 1093659447468195841, "date": "2019-02-07", "time": "18:55:06", "tweet": "@LifeNewsHQ The point that can be made  is that he reads what is written for him, he often corrects himself when he misreads the prompter (as in graced and raced into the room) he has no personal input as he doesn’t understand what he’s doing there or what he is talking about.", "likes_count": 0, "replies_count": 0, "retweets_count": 0, "hashtags": []}
{"id": 1093659388345110528, "date": "2019-02-07", "time": "18:54:52", "tweet": "Can your contracted Heroic Spirit feel it? Can they be affected by the Mana input and output? How... Does that deal with transfers?", "likes_count": 0, "replies_count": 1, "retweets_count": 0, "hashtags": []}
{"id": 1093659382150180864, "date": "2019-02-07", "time": "18:54:50", "tweet": "@DIMRukyo she’s reacting to magayasou live , I like her input xD", "likes_count": 1, "replies_count": 1, "retweets_count": 0, "hashtags": []}
{"id": 1093659374210420736, "date": "2019-02-07", "time": "18:54:48", "tweet": "Your Input is Vital to #Pennsylvania’s Broadband Future!!  The Pennsylvania Office of Broadband Initiatives requests your participation in completing an online survey.  Please use this link to complete the survey today!  https://t.co/8JJJWG9EUH  @DepSecCollins", "likes_count": 0, "replies_count": 0, "retweets_count": 1, "hashtags": ["pennsylvania"]}
{"id": 1093659075945136129, "date": "2019-02-07", "time": "18:53:37", "tweet": "It just took the input of three different coworkers to help me address an email.", "likes_count": 0, "replies_count": 0, "retweets_count": 0, "hashtags": []}
