{"id": 1132798443477458945, "date": "2019-05-26", "time": "19:59:29", "tweet": "..@JonAshworth is right. @UKLabour tried to engage with both 52% &amp; 48% ...tried to compromise, but in this era of polarisation, of binary positions - compromise looks like (is??) ambiguity.  I want a Lab Govt (with Green input) how we get that...f**k knows #EUElections", "likes_count": 4, "replies_count": 1, "retweets_count": 1, "hashtags": ["euelections"]}
{"id": 1132798160567439360, "date": "2019-05-26", "time": "19:58:22", "tweet": "@MHFsilver This is the one I have. I've seen this one recommended specifically because some of them have input lag issues.  https://t.co/Pdq8mdY9Bu", "likes_count": 1, "replies_count": 1, "retweets_count": 0, "hashtags": []}
{"id": 1132798135863042049, "date": "2019-05-26", "time": "19:58:16", "tweet": "Cumpleañito feliz ❤️🔞🎈 en ZEF - Input  https://t.co/5Y28XYLgws", "likes_count": 0, "replies_count": 0, "retweets_count": 0, "hashtags": []}
{"id": 1132797940358160384, "date": "2019-05-26", "time": "19:57:30", "tweet": "Last valid input: 2019-05-27 08:57:22.850579 Temperature: 30.00 C Humidity: 45.00 %", "likes_count": 0, "replies_count": 0, "retweets_count": 0, "hashtags": []}
{"id": 1132797758455275520, "date": "2019-05-26", "time": "19:56:46", "tweet": "@eigenrobot The biggest issue with this is that a computer keyboard is actually a much more efficient input device. I am much more likely to be a passive  consumer of media when I'm on my phone.", "likes_count": 4, "replies_count": 1, "retweets_count": 0, "hashtags": []}
{"id": 1132797467924111360, "date": "2019-05-26", "time": "19:55:37", "tweet": "Selama tidak ada kesalahan input KPU dari awal ya gak usah disuruh lah bang #nyobadirasakankalojadibeliaunya", "likes_count": 0, "replies_count": 0, "retweets_count": 0, "hashtags": ["nyobadirasakankalojadibeliaunya"]}
{"id": 1132796940155011074, "date": "2019-05-26", "time": "19:53:31", "tweet": "Effective and efficient community input begins with understanding your community. Meet residents in a manner and method in which they are comfortable, and they will be more open and forthcoming.  #downtown #communityengagement #Publicinput  https://t.co/rs5mgOr745", "likes_count": 3, "replies_count": 0, "retweets_count": 1, "hashtags": ["downtown", "communityengagement", "publicinput"]}
{"id": 1132796660818386944, "date": "2019-05-26", "time": "19:52:24", "tweet": "@HBJohnXuandou You'd fix 3/4ths of GGs problems by giving the game a real input buffer and removing manual jump install. Also FD is way too fucking expensive for how important it is.", "likes_count": 1, "replies_count": 0, "retweets_count": 0, "hashtags": []}
{"id": 1132796648722128901, "date": "2019-05-26", "time": "19:52:22", "tweet": "@perlmutations This is hilarious, everyone knows that most aluminium smelters in the Midwest and eastern states closed down for 2 reasons, lack of capital input and high cost of power.  So what’s changed?", "likes_count": 0, "replies_count": 0, "retweets_count": 0, "hashtags": []}
{"id": 1132796515401908225, "date": "2019-05-26", "time": "19:51:50", "tweet": "@Astuty64 Keseringan salah input..jadi tuman", "likes_count": 0, "replies_count": 0, "retweets_count": 0, "hashtags": []}
{"id": 1132796503892922375, "date": "2019-05-26", "time": "19:51:47", "tweet": "@Imamofpeace Since so many Canadiens had so much input during American election time...do I get a proxy vote?", "likes_count": 2, "replies_count": 2, "retweets_count": 0, "hashtags": []}
{"id": 1132796480643715072, "date": "2019-05-26", "time": "19:51:41", "tweet": "@mainkamps  Selamat Pagi, Bapak Poetra. Perihal cara top up Tabungan Emas melalui Mandiri Online yaitu silakan pilih menu pembayaran lalu multipayment lalu klik drop down penyedia jasa selanjutnya pilih angsuran mikro dan input nomor rekening Tabungan Emas. -Dona", "likes_count": 0, "replies_count": 0, "retweets_count": 0, "hashtags": []}
{"id": 1132796420799520769, "date": "2019-05-26", "time": "19:51:27", "tweet": "You know the beauty of this podcast. @madhutrehan provides experienced input; @MnshaP provides balance; @anandvardhan26 provides depth; @AbhinandanSekhr is just Salman Khan of the podcast 🤣🤣  https://t.co/2FOJltahUh", "likes_count": 0, "replies_count": 0, "retweets_count": 0, "hashtags": []}
{"id": 1132796347512426496, "date": "2019-05-26", "time": "19:51:10", "tweet": "living near electricity towers - got any input!?  https://t.co/uE9XWI9lXg", "likes_count": 0, "replies_count": 0, "retweets_count": 0, "hashtags": []}
{"id": 1132796149230915585, "date": "2019-05-26", "time": "19:50:22", "tweet": "@SullyFN @The_FortniteGuy @evadetendy if the money was that important why not input a stream delay  theres no way nobody would do these for money and NOT have an intention to stream snipe", "likes_count": 0, "replies_count": 1, "retweets_count": 0, "hashtags": []}
{"id": 1132796147792273408, "date": "2019-05-26", "time": "19:50:22", "tweet": "Everyone will still be adamant that they are right and that they are the sensible majority until the very end. Then they go online and make taunting memes and gloat about a short term victory they personally had very little input into. Meanwhile, the planet is literally dying.", "likes_count": 1, "replies_count": 0, "retweets_count": 0, "hashtags": []}
{"id": 1132796018670489602, "date": "2019-05-26", "time": "19:49:51", "tweet": "@g0ldengod420 I’m always open for more input as long as it’s as calm and collected as yours! I’m willing to listen and not shut things out. I will say I’m not a TOTAL a-hole and will use they/them pn even without hard evidence but yeah, I hope more results come soon!", "likes_count": 0, "replies_count": 0, "retweets_count": 0, "hashtags": []}
{"id": 1132795906821107712, "date": "2019-05-26", "time": "19:49:25", "tweet": "@TwinGalaxies @Cygames_PR @daigothebeast @TheFuudo Most fighting games that stay simple become very popular and competitive. I think this will be the case for GranBlue there is one button specials but u can still input the directions for the specials if u want and u get a faster cooldown that way. I'm very excited for this game!", "likes_count": 0, "replies_count": 0, "retweets_count": 0, "hashtags": []}
{"id": 1132795892468277248, "date": "2019-05-26", "time": "19:49:21", "tweet": "@Peckhampulse As such, all you are doing is enabling the right and far right. You aren't going to get a single shred of left wing input into this right wing Tory Brexit, and you never were. it was never on offer. All you've been doing is propping Farage, Boris et al up. You should stop.", "likes_count": 0, "replies_count": 0, "retweets_count": 0, "hashtags": []}
{"id": 1132795782187356165, "date": "2019-05-26", "time": "19:48:55", "tweet": "@hotzenmonster @RocketLeague I've experienced terrible input delay connecting the switch to a TV unfortunately. And coming from PC even the tiniest bit is just awful haha.", "likes_count": 0, "replies_count": 0, "retweets_count": 0, "hashtags": []}
