{"id": 1121202135201406976, "date": "2019-04-24", "time": "19:59:54", "tweet": "@Wingate_51 Look at Obamacare, he never included any Republican input. So that failure is all on Democrats.", "likes_count": 0, "replies_count": 1, "retweets_count": 0, "hashtags": []}
{"id": 1121202070181126144, "date": "2019-04-24", "time": "19:59:39", "tweet": "@Taufik_192 @msaid_didu @KPU_ID Dengan alibi bisa di retas. Akan menafikkan kesalahan input data?  😌😌😌", "likes_count": 1, "replies_count": 0, "retweets_count": 1, "hashtags": []}
{"id": 1121202059930370050, "date": "2019-04-24", "time": "19:59:36", "tweet": "@Osu16Bit Hey, I noticed Gera's Reawakened doesn't activate when you put in the input", "likes_count": 0, "replies_count": 0, "retweets_count": 0, "hashtags": []}
{"id": 1121202005085687809, "date": "2019-04-24", "time": "19:59:23", "tweet": "@BieboKOMH @selxvogue She’s calling out hypocritical behavior. Take your own advice—not everyone needs your input. PS Tyrion will never sit on the throne. I think he will 💀", "likes_count": 0, "replies_count": 0, "retweets_count": 0, "hashtags": []}
{"id": 1121201983082254336, "date": "2019-04-24", "time": "19:59:18", "tweet": "@EmilyNix100 I tend to share early drafts internally and at conferences (where I can just get input on the best 10 minutes’ worth). At invited talks I like to present something more advanced, so I can feel like my audience is learning something useful as well as offering suggestions.", "likes_count": 1, "replies_count": 0, "retweets_count": 0, "hashtags": []}
{"id": 1121201974169391104, "date": "2019-04-24", "time": "19:59:16", "tweet": "@DrCraigEmerson Have a nice day Craig - you're one of the good ones (love your input)... 👍👍👍", "likes_count": 2, "replies_count": 1, "retweets_count": 0, "hashtags": []}
{"id": 1121201923871449089, "date": "2019-04-24", "time": "19:59:04", "tweet": "@RawStory @jocowboys87 Sounds like Jared’s gang of four will release their secret Israeli-Saudi No Palestinian Input Mideast Peace Plan right after Ramadan. Might as well call it the Lead Balloon Plan now", "likes_count": 1, "replies_count": 0, "retweets_count": 1, "hashtags": []}
{"id": 1121201821836435456, "date": "2019-04-24", "time": "19:58:39", "tweet": "Setiap Kesalahan INPUT yang terjadi harusnya dibuatkan BERITA ACARA sebagai bukti otentik atau rekam jejak bahwa pernah terjadi kesalahan.", "likes_count": 0, "replies_count": 0, "retweets_count": 0, "hashtags": []}
{"id": 1121201758343090177, "date": "2019-04-24", "time": "19:58:24", "tweet": "@Tierproblems I use my wrist and my fingers to move the stick since i barely have to move it to get an input. I tend to use my forearm on looser sticks cause the deadzone is so big and you have to let put it back in neutral yourself cause its so loose. Lol i broke a lot of sanwas and semis", "likes_count": 1, "replies_count": 0, "retweets_count": 0, "hashtags": []}
{"id": 1121201661668544514, "date": "2019-04-24", "time": "19:58:01", "tweet": "@haikal_hassan Istiqomah dalam salah input 😂😂", "likes_count": 0, "replies_count": 0, "retweets_count": 0, "hashtags": []}
{"id": 1121201649555509248, "date": "2019-04-24", "time": "19:57:58", "tweet": "Apologies. I was clearly wrong about Republicans holding their comments. Now, Rep. Sean Eberhart, R-Shelbyville which also has a racino, is up saying its been a long haul, with opportunity for input by all.", "likes_count": 1, "replies_count": 1, "retweets_count": 0, "hashtags": []}
{"id": 1121201488347443201, "date": "2019-04-24", "time": "19:57:20", "tweet": "@CathyBCEG @jenbotjones @ILRaiseYourHand @JoyClendenning @ChiPubSchools @FollettLearning Wonder if any students were able to test drive. They are the majority of users, no? A typical approach would have asked for their input during concept/design, then having some test before rollout. HSers mainly want quick access to grades, not tweets.", "likes_count": 1, "replies_count": 0, "retweets_count": 0, "hashtags": []}
{"id": 1121201468814442496, "date": "2019-04-24", "time": "19:57:15", "tweet": "Akhirnya jadi paham, bahwa yg mendelegitimasi Pemilu adalah @KPU_ID dgn berulang-ulang menambah suara 01 dan mengurangi suara 02  Bawaslu Surati KPU soal Salah Input Data C1: Hati-hati, Ini Sensitif  https://t.co/uDmgdWXkKj", "likes_count": 0, "replies_count": 0, "retweets_count": 0, "hashtags": []}
{"id": 1121201447251644417, "date": "2019-04-24", "time": "19:57:10", "tweet": "@mauraotoole Exactly right. I was excited to give my input but it stopped me cold. Too much!", "likes_count": 2, "replies_count": 1, "retweets_count": 0, "hashtags": []}
{"id": 1121201444789469185, "date": "2019-04-24", "time": "19:57:10", "tweet": "Data Situng @KPU_ID msh menyimpan problem serius, shg wajar publik ragu :  (1). Terbukti banyak salah input data yg cenderung merugikan salah satu pihak.  (2). Input data tdk proporsional tiap daerah, ada daerah yg sudah banyak datanya dientri, tapi daerah lain justru minim. -", "likes_count": 29, "replies_count": 2, "retweets_count": 25, "hashtags": []}
{"id": 1121201434093953025, "date": "2019-04-24", "time": "19:57:07", "tweet": "@KPU_ID kok daerah yg prabowo menang Mutlak ..datanya susah input...tapi klo daerah 01 menag..inputnya cepat??", "likes_count": 0, "replies_count": 0, "retweets_count": 0, "hashtags": []}
{"id": 1121201421951614976, "date": "2019-04-24", "time": "19:57:04", "tweet": "Come to a community meeting on April 30 to learn more and provide your input in an open conversation. A short presentation will take place at 6 p.m.   https://t.co/dGOrN0DJfy  https://t.co/k5qwAnteIa", "likes_count": 1, "replies_count": 0, "retweets_count": 0, "hashtags": []}
{"id": 1121201392037826563, "date": "2019-04-24", "time": "19:56:57", "tweet": "@chaoscheebs \"Hey Odin, do you have any other input for these corpse gatherers you wanted made?\" \"They're BATTLE MAIDENS!\" \"Sure, whatever.  Last minute requests before we pour the mold?\" \"DANGEROUS NIPPLES!\" \"...What?\" \"YOU HEARD ME, DWARF!  NIPPLES AS SHARP AS THE TIP OF GUNGNIR!\"", "likes_count": 2, "replies_count": 1, "retweets_count": 0, "hashtags": []}
{"id": 1121201279034773504, "date": "2019-04-24", "time": "19:56:30", "tweet": "@TRANS7 @mas_abudiman he @mas_abudiman knpa @KPU_ID @KPU_RI sdh banyak diingatkan atas salah input yg mana banyak merugikan perolehan 02 kok malah sampai skrg didiamkan saja alias kpu nya cuek. #AuditForensikKpu #AuditForensikKpu #AuditForensikKpu #AuditForensikKpu", "likes_count": 0, "replies_count": 0, "retweets_count": 0, "hashtags": ["auditforensikkpu", "auditforensikkpu", "auditforensikkpu", "auditforensikkpu"]}
{"id": 1121201238803013632, "date": "2019-04-24", "time": "19:56:20", "tweet": "KPU Salah Input Data C1, Prabowo-Sandi Kalah di TPS Basis Pendukungnya : Okezone News  https://t.co/DqXsLCtAB9", "likes_count": 0, "replies_count": 0, "retweets_count": 0, "hashtags": []}
{"id": 1121201120196513792, "date": "2019-04-24", "time": "19:55:52", "tweet": "@KPU_ID ini bukan salah input, tapi kok beda C1 yang diupload sama yang asli..  https://t.co/gAoOO2iJd1", "likes_count": 0, "replies_count": 0, "retweets_count": 0, "hashtags": []}
{"id": 1121201113007398912, "date": "2019-04-24", "time": "19:55:50", "tweet": "Kesalahan input KPU seolah olah hal biasa yg  dikerjakan oleh amatiran,  padahal tidak ada yg spontanitas dlm politik..semua by design.  https://t.co/VyvKHG6yoa", "likes_count": 2, "replies_count": 0, "retweets_count": 0, "hashtags": []}
{"id": 1121201067792797696, "date": "2019-04-24", "time": "19:55:40", "tweet": "@haikal_hassan konsisten karena bukan kesalahan input tetapi semacam aplikasi malware dalam server KPU yg secara random merubah perolehan nilai sesuai yg diinginkan.", "likes_count": 0, "replies_count": 0, "retweets_count": 0, "hashtags": []}
{"id": 1121201055327375361, "date": "2019-04-24", "time": "19:55:37", "tweet": "Soal kekeliruan input situng KPU ini memang benar terjadi pada kedua peserta.   Hanya saja angka 01 konsisten keliru jd nambah. Angka 02 konsisten keliru jd kurang.  Keliru koq konsisten??!! 🙄🙄🙄", "likes_count": 31, "replies_count": 6, "retweets_count": 7, "hashtags": []}
{"id": 1121201045269618690, "date": "2019-04-24", "time": "19:55:34", "tweet": "I'm playing games on iCashApp and it's so much fun! You can earn money as well playing game. Download it, input the refer code TC5KE34 get free 5USD.", "likes_count": 0, "replies_count": 0, "retweets_count": 0, "hashtags": []}
{"id": 1121201026323738624, "date": "2019-04-24", "time": "19:55:30", "tweet": "@mas_komarAP @AwakKayaRaya @DikiraDilan @KPU_ID @mas_abudiman @novida_evi @viryanazis @hsym_asyari @PramonoUtan @masws1533 @K_Setyawan @Fahrihamzah @saididu Cebi ya jelas bela KPU salah input", "likes_count": 1, "replies_count": 0, "retweets_count": 0, "hashtags": []}
{"id": 1121201010863558656, "date": "2019-04-24", "time": "19:55:26", "tweet": "Salah input ke 01 ato 02 min, yg ditambah kubu yg mana, yg dikurang kubu mana min,  #KpuJanganCurang", "likes_count": 0, "replies_count": 0, "retweets_count": 0, "hashtags": ["kpujangancurang"]}
{"id": 1121200959730774016, "date": "2019-04-24", "time": "19:55:14", "tweet": "@arlex_wu @liem_id @KPU_RI Kita kumpulin tukang input data minimarket aja yuk. Kasian kpu cape . 😁😁😁", "likes_count": 2, "replies_count": 0, "retweets_count": 1, "hashtags": []}
{"id": 1121200951342223360, "date": "2019-04-24", "time": "19:55:12", "tweet": "@haikal_hassan @KPU_ID PARAH... KEJAR SETORAN. BASIS PEMENANGAN 01 DI KEJAR BIAR SAMA AMA QC. MAKSA BANGET, SAMPE LUPA KALAU INPUT DATA ITU BIASANYA ALURNYA, DARI DETAILS BARU REKAP, ITU PENGALAMAN SAYA KERJA DI PERUSAHAAN ... INI MAH KEBALIK..  NGAKAK AMPE JUNGKIR BALIK 🤣😂🤣🤣", "likes_count": 1, "replies_count": 0, "retweets_count": 0, "hashtags": []}
{"id": 1121200926650511367, "date": "2019-04-24", "time": "19:55:06", "tweet": "@feeley_bill @jposhaughnessy @ReformedBroker Huh. 🤔 Interesting answer.  Where did I deny the “complex set of factors” that markets use as input variables?", "likes_count": 0, "replies_count": 0, "retweets_count": 0, "hashtags": []}
{"id": 1121200917905326080, "date": "2019-04-24", "time": "19:55:04", "tweet": "Chicos LOULOU PLAYERS este domingo en ZEF “JET”.  Y el Martes 31/4 (víspera feriado) LOULOU PLAYERS en INPUT, Zef.  Ya casi no quedan mesas. Apura !!!!! INVITA: LEO GAETA Cel/waap: 154 499 9845 / Tw: @gaetaleo / Inst: leo.gaeta  https://t.co/vcTDn9YbC1", "likes_count": 1, "replies_count": 0, "retweets_count": 2, "hashtags": []}
{"id": 1121200849211072512, "date": "2019-04-24", "time": "19:54:48", "tweet": "A participatory planning process for the #EmmettStreetProject has been underway since 2014. @BickerdikeRC is the only developer whose plan has been crafted and reworked in alignment with @Metroplanners, @LSNAChicago, @cta, &amp; @CDRosa. The community input process continues tonight.", "likes_count": 1, "replies_count": 0, "retweets_count": 0, "hashtags": ["emmettstreetproject"]}
{"id": 1121200843439648769, "date": "2019-04-24", "time": "19:54:46", "tweet": "Said OPD has made it a tradition to “always welcome” feedback, “to accept input”, and “to always do our best.”", "likes_count": 0, "replies_count": 1, "retweets_count": 0, "hashtags": []}
{"id": 1121200830357499904, "date": "2019-04-24", "time": "19:54:43", "tweet": "Bahkan hasil pada TPS di tempat Pak Prabowo sendiri yang disiarkan langsung di Kompas TV datanya salah input ! #RealCountKPUdimiripkanQC", "likes_count": 1, "replies_count": 0, "retweets_count": 0, "hashtags": ["realcountkpudimiripkanqc"]}
{"id": 1121200769506607105, "date": "2019-04-24", "time": "19:54:29", "tweet": "National intelligence agencies are furious that May’s approval of Huawei input into our 5G system has been leaked. The presumption is that it was done to bolster the leadership claims of a Tory rival. It is the first leak from the National Security Council and heads should roll.", "likes_count": 33, "replies_count": 6, "retweets_count": 20, "hashtags": []}
{"id": 1121200664707649536, "date": "2019-04-24", "time": "19:54:04", "tweet": "Smangkin deket 22 Mei..smangkin Transparant Kcurangn Input Data KPU", "likes_count": 0, "replies_count": 0, "retweets_count": 0, "hashtags": []}
{"id": 1121200621011521536, "date": "2019-04-24", "time": "19:53:53", "tweet": "@DjangoWexler The rare times where Lucas gave input do not seem to have meshed well with Filoni's overall feel, at the very least. And yeah, the Clovis stuff is a mess - though still a better depiction of Anakin falling to the dark side than AotC.", "likes_count": 0, "replies_count": 1, "retweets_count": 0, "hashtags": []}
{"id": 1121200569975066624, "date": "2019-04-24", "time": "19:53:41", "tweet": "もう30年以上前に、当時は珍しかった店頭に並んだPCに  10 INPUT “？ “;$A:PRINT “OK“:GOTO 10  という下らないコード入れて実行させては立ち去ってたクソガキでした。  「『一回転』でググれ」と言ったら、逮捕されますか？（＠IT） - Y!ニュース  https://t.co/PF9l9liwOy #Yahooニュースアプリ", "likes_count": 0, "replies_count": 0, "retweets_count": 0, "hashtags": ["yahooニュースアプリ"]}
{"id": 1121200524601126912, "date": "2019-04-24", "time": "19:53:30", "tweet": "Cc @KPU_ID bhw BPN menelusuri semua input di website KPU. Dan ketahuan norak dan kasar sekali penipuannya.  #RealCountKPUdimiripkanQC", "likes_count": 0, "replies_count": 0, "retweets_count": 0, "hashtags": ["realcountkpudimiripkanqc"]}
{"id": 1121200397287350274, "date": "2019-04-24", "time": "19:53:00", "tweet": "Using incremental process control for largely manual processes from @FoodEng, with input from Opto 22 engineer Garrick Reichert:   https://t.co/r3bxrnKR76  https://t.co/0ejuGCus2n", "likes_count": 1, "replies_count": 0, "retweets_count": 1, "hashtags": []}
{"id": 1121200333319892992, "date": "2019-04-24", "time": "19:52:45", "tweet": "Nasib punya presiden hasil salah input KPU thn 2014..dan beruntung punya Gubernur Indonesia..bravo Pak Anies", "likes_count": 0, "replies_count": 0, "retweets_count": 0, "hashtags": []}
{"id": 1121200308749606912, "date": "2019-04-24", "time": "19:52:39", "tweet": "Semua kesalahan input paling banyak adalah penambahan nilai ke 01 dan pengurangan di 02 #RealCountKPUdimiripkanQC", "likes_count": 0, "replies_count": 0, "retweets_count": 0, "hashtags": ["realcountkpudimiripkanqc"]}
{"id": 1121200301271183360, "date": "2019-04-24", "time": "19:52:37", "tweet": "@KPU_ID @mas_abudiman @novida_evi @viryanazis @hsym_asyari @PramonoUtan @masws1533 @K_Setyawan Iya, tapi yang menuntut @KPU_ID  untuk bekerja lebih profesional juga jauh lebih banyak,ayo bekerja yg lebih baik' jangan ada salah input data lagi, supaya rakyat besar benar percaya kalau KPU itu memang netral dan independen", "likes_count": 0, "replies_count": 0, "retweets_count": 0, "hashtags": []}
{"id": 1121200290881888257, "date": "2019-04-24", "time": "19:52:34", "tweet": "P0716 SUZUKI - Input Speed Sensor Circuit Range/Performance  https://t.co/7TgQm51YR8 #autocodes", "likes_count": 0, "replies_count": 0, "retweets_count": 0, "hashtags": ["autocodes"]}
{"id": 1121200246745255936, "date": "2019-04-24", "time": "19:52:24", "tweet": "Pak @mohmahfudmd maaf pak. Saya baca postingan beliau, adalah mantan. Bagaimana dengan ini pak. Seharusnya gak mungkin kesalahan input terjadi katanya. Pie iki pak? 🙏", "likes_count": 0, "replies_count": 0, "retweets_count": 0, "hashtags": []}
{"id": 1121200201081868288, "date": "2019-04-24", "time": "19:52:13", "tweet": "@IsmanTengku Lapornya kemana? Ke Bawaslu? Polri? Apa mungkin di tanggapi? Udah berhari hari salah dan banyak yg protes masih tetep salah input....🤔", "likes_count": 0, "replies_count": 0, "retweets_count": 0, "hashtags": []}
{"id": 1121200119368392704, "date": "2019-04-24", "time": "19:51:54", "tweet": "@haikal_hassan Ustadz yg saya sayangi, coba beri data lebih input di 01 (x) dan lebih di 02 (y) serta selisih suara sementara di situng kpu (01- 02 =(z)). Lalu hitung (z-x)+y. Klu hslnya negatif, kesalahan input mengubah posisi kemenangan. Klu positif, kesalahan input tidak mengubah kemenangan.", "likes_count": 0, "replies_count": 0, "retweets_count": 0, "hashtags": []}
{"id": 1121200091593728001, "date": "2019-04-24", "time": "19:51:47", "tweet": "@sydney_ev @Tesla No. And life cycle energy input per unit of output of hydrogen is much higher. #ElectronsNotProtons", "likes_count": 0, "replies_count": 0, "retweets_count": 0, "hashtags": ["electronsnotprotons"]}
{"id": 1121200050179170304, "date": "2019-04-24", "time": "19:51:37", "tweet": "@BRIAN_____ That's a reasonable point. The concern is that almost no-one understands the patterns that allow whitelist-based bypasses; even something as benign as an (escaped) error message with user input near the top of the response is a problem. Ensuring this doesn't happen is very hard.", "likes_count": 0, "replies_count": 1, "retweets_count": 0, "hashtags": []}
{"id": 1121200045104091137, "date": "2019-04-24", "time": "19:51:36", "tweet": "@arsul_sani @KPU_ID Data masuk baru baru beberapa % di web situng saja sdh banyak ditemukan salah input pak.", "likes_count": 1, "replies_count": 1, "retweets_count": 1, "hashtags": []}
{"id": 1121200032617619456, "date": "2019-04-24", "time": "19:51:33", "tweet": "On Wednesday, April 17, a coalition of community organizations generated a town hall meeting to introduce public input to the development process of the...  https://t.co/OiU8btZeCg", "likes_count": 0, "replies_count": 0, "retweets_count": 0, "hashtags": []}
{"id": 1121200029350486016, "date": "2019-04-24", "time": "19:51:32", "tweet": "@farah_gta We can also be reached via Chat. If you have a trusted friend or family member whose phone you could borrow, you could input their phone number as well. ^JM", "likes_count": 0, "replies_count": 1, "retweets_count": 0, "hashtags": []}
{"id": 1121199956126203910, "date": "2019-04-24", "time": "19:51:15", "tweet": "@barsinthewomb my immediate aggression was caused by this random person i've never seen before screenshotting my post just to \"call me out\" like a jackass, i never asked for your input.", "likes_count": 0, "replies_count": 1, "retweets_count": 0, "hashtags": []}
{"id": 1121199931643924480, "date": "2019-04-24", "time": "19:51:09", "tweet": "Apakah Situng KPU tidak memiliki pejabat yang tugasnya memverifikasi data hasil inputnya ? jika ada kenapa masih banyak salah input ! jika tidak ada! maka sistem kerjanya amat buruk ! untuk tugas yang begitu penting ! #RealCountKPUdimiripkanQC", "likes_count": 0, "replies_count": 0, "retweets_count": 0, "hashtags": ["realcountkpudimiripkanqc"]}
{"id": 1121199911955886080, "date": "2019-04-24", "time": "19:51:04", "tweet": "@haikal_hassan Makanya KPU selalu mengatakan tidak ada niat.  Karena memang yang input data tidak niat dan tidak melakukan kesalahan input.  Aplikasi lah yang secara random lakukan.", "likes_count": 0, "replies_count": 0, "retweets_count": 0, "hashtags": []}
{"id": 1121199833006661632, "date": "2019-04-24", "time": "19:50:45", "tweet": "Tommy Angelle: How do we improve parent input?   Trosclair: We need to have a coordinated internal and external communication plan. She cited another superintendent's use of video messages he sends to parents ahead of big changes.", "likes_count": 0, "replies_count": 1, "retweets_count": 0, "hashtags": []}
{"id": 1121199776358232064, "date": "2019-04-24", "time": "19:50:32", "tweet": "🇯🇵 Input-Output Price Index of the Manufacturing Industry by Sector (Mar.)  https://t.co/C98qAldGxe BANK of JAPAN", "likes_count": 0, "replies_count": 0, "retweets_count": 0, "hashtags": []}
{"id": 1121199753276973057, "date": "2019-04-24", "time": "19:50:26", "tweet": "@haikal_hassan Mungkin bukan kesalahan input data,  tetapi ada semacam aplikasi malware di dalam server KPU yang secara random melipatgandakan perolehan suara 01 dan mengurangi perolehan suara 02. Sudah sepatutnya dilakukan audit server.", "likes_count": 0, "replies_count": 1, "retweets_count": 0, "hashtags": []}
{"id": 1121199741772021760, "date": "2019-04-24", "time": "19:50:23", "tweet": "Koq sepertinya anda mengkambing hitamkan KPPS? Mereka bekerja keras pak. Situ kenapa salah input, tinggal input doank aja salah. Ada tekanan??  https://t.co/kfCn3TXalT", "likes_count": 0, "replies_count": 0, "retweets_count": 0, "hashtags": []}
{"id": 1121199689880068096, "date": "2019-04-24", "time": "19:50:11", "tweet": "[BOJ] Input-Output Price Index of the Manufacturing Industry by Sector (Mar.)  https://t.co/LdX8T3c4Av", "likes_count": 0, "replies_count": 0, "retweets_count": 0, "hashtags": []}
