{"id": 1178459307240808448, "date": "2019-09-29", "time": "19:59:28", "tweet": "@davidtoc Thanks for following up! While we currently don't have an ETA, we'll be sure to share your input and experience with our team. If you're using external speakers, we suggest double-checking your audio settings. We appreciate your patience as we work to get to the bottom of this!", "likes_count": 0, "replies_count": 0, "retweets_count": 0, "hashtags": []}
{"id": 1178459247304151040, "date": "2019-09-29", "time": "19:59:13", "tweet": "@Brian_ClemsonAC 🤔Hmm... this is very different than the espn sos input to fpi or s&amp;p+... how could that be?... 🙄", "likes_count": 2, "replies_count": 0, "retweets_count": 0, "hashtags": []}
{"id": 1178459065711759360, "date": "2019-09-29", "time": "19:58:30", "tweet": "Money Cube - An APP which will help you get MONEY for free. Input my invite code ❤WT9QG❤ after installation, and you will get 1000 Clicks. Download link:  https://t.co/j9wL2mMX24  https://t.co/mrCmPb7dhL", "likes_count": 0, "replies_count": 0, "retweets_count": 0, "hashtags": []}
{"id": 1178458946748633088, "date": "2019-09-29", "time": "19:58:02", "tweet": "hei, help me out with tokyo seventh sisters! input NjeQlQY in the referral campaign section!!! thanks a lot ♡ #t7s", "likes_count": 0, "replies_count": 0, "retweets_count": 0, "hashtags": ["t7s"]}
{"id": 1178458615964999680, "date": "2019-09-29", "time": "19:56:43", "tweet": "@CamdenCouncil @LeoCassarani we don't have electricity, according to uk power network,  one quarter of the block has been affected,  can you please act ASAP. Appreciate quick input.", "likes_count": 0, "replies_count": 1, "retweets_count": 0, "hashtags": []}
{"id": 1178458565239017473, "date": "2019-09-29", "time": "19:56:31", "tweet": "@ryen_lesli @ARVagnetti @rowena_tisdale Uhm, I don't need permission.  Thanks for your input though.", "likes_count": 0, "replies_count": 1, "retweets_count": 0, "hashtags": []}
{"id": 1178458524227133441, "date": "2019-09-29", "time": "19:56:21", "tweet": "@cadycoulardot My input to that would be more than 280 characters", "likes_count": 1, "replies_count": 1, "retweets_count": 0, "hashtags": []}
{"id": 1178458465754202112, "date": "2019-09-29", "time": "19:56:07", "tweet": "Hey @PugetMattBach !  I understand the Radeon VII is EOL'd.  Bummer!  Looking for a high-end AMD alternative.  Truth be told, it's for a Hackintosh, and the most powerful one I'm seeing is a Vega 64. (I gather the upcoming  Radeon Pro Vega II is an Apple exclusive)  Any input?", "likes_count": 5, "replies_count": 3, "retweets_count": 1, "hashtags": []}
{"id": 1178458449392222209, "date": "2019-09-29", "time": "19:56:03", "tweet": "メルボルンでやってみたいこと【カフェ巡り】 #メルボルン #melbourne_rakuten [楽天]  https://t.co/p5ARVxDRZj  https://t.co/bXQMcfmqo2", "likes_count": 0, "replies_count": 0, "retweets_count": 0, "hashtags": ["メルボルン", "melbourne_rakuten"]}
{"id": 1178458271201419264, "date": "2019-09-29", "time": "19:55:21", "tweet": "Input report aja sampe typo efek kurang tidur 😪", "likes_count": 0, "replies_count": 0, "retweets_count": 0, "hashtags": []}
{"id": 1178458171670695938, "date": "2019-09-29", "time": "19:54:57", "tweet": "AI Can Read A Cardiac MRI In 4 Seconds: Do We Still Need Human Input?  https://t.co/NMz9bCC0cY #cardiac", "likes_count": 0, "replies_count": 0, "retweets_count": 0, "hashtags": ["cardiac"]}
{"id": 1178458017160933377, "date": "2019-09-29", "time": "19:54:20", "tweet": "@DDayDoggy George barely had any creative input on the books. That's like saying Bob Iger created Moana", "likes_count": 1, "replies_count": 0, "retweets_count": 0, "hashtags": []}
{"id": 1178457944092008448, "date": "2019-09-29", "time": "19:54:03", "tweet": "@MemphisGrizz2 @xPINK_Beauty @_wassupredbone @speakingof_ree Last time I checked I didn’t ask for your input", "likes_count": 1, "replies_count": 0, "retweets_count": 0, "hashtags": []}
{"id": 1178457913662291970, "date": "2019-09-29", "time": "19:53:55", "tweet": "how to compare the two input value(text and checkbox) and output the result [Votes: 1] #javascript #jquery  https://t.co/9vrqIwWW5R", "likes_count": 0, "replies_count": 0, "retweets_count": 1, "hashtags": ["javascript", "jquery"]}
{"id": 1178457844582096896, "date": "2019-09-29", "time": "19:53:39", "tweet": "Spent the day trying to figure out why the washing machine won't drain. Disassembled the drain pump only to find this jammed in its input line.  https://t.co/EXyWrTqokL", "likes_count": 0, "replies_count": 1, "retweets_count": 0, "hashtags": []}
{"id": 1178457804790591488, "date": "2019-09-29", "time": "19:53:30", "tweet": "@slatermaus He is the heir.  It's amply evident, particularly upon careful listening.  I just got done playing in an orchestra, where, we as trombones, wait and provide our input in the fourth movement.  The entire work is brilliant, especially in the handling of motif elements.", "likes_count": 0, "replies_count": 0, "retweets_count": 0, "hashtags": []}
{"id": 1178457771169198080, "date": "2019-09-29", "time": "19:53:21", "tweet": "@NickRaymondG Oh, so you chose to tell me? Interesting lol. Thank you for the input.", "likes_count": 0, "replies_count": 1, "retweets_count": 0, "hashtags": []}
{"id": 1178457672116555776, "date": "2019-09-29", "time": "19:52:58", "tweet": "@Vordb use a tone in pod farm, but set all the sends to dry input  I can hop in disc if you need", "likes_count": 1, "replies_count": 1, "retweets_count": 0, "hashtags": []}
{"id": 1178457648838119424, "date": "2019-09-29", "time": "19:52:52", "tweet": "@martingeddes GIGO garbage in, garbage out.  Poor quality input will always produce faulty output whether it’s computer programs or human brains. ❤️", "likes_count": 0, "replies_count": 0, "retweets_count": 0, "hashtags": []}
{"id": 1178457606907662336, "date": "2019-09-29", "time": "19:52:42", "tweet": "@KirstineBache @dev1ce Læste dine positive tweets i tidligere threads, fyldt med toxic input som sædvanligt. Tak for dine wholesome tweets hele vejen. Alt det bedste  https://t.co/51E0jsKsJK", "likes_count": 0, "replies_count": 1, "retweets_count": 0, "hashtags": []}
{"id": 1178459307240808448, "date": "2019-09-29", "time": "19:59:28", "tweet": "@davidtoc Thanks for following up! While we currently don't have an ETA, we'll be sure to share your input and experience with our team. If you're using external speakers, we suggest double-checking your audio settings. We appreciate your patience as we work to get to the bottom of this!", "likes_count": 0, "replies_count": 0, "retweets_count": 0, "hashtags": []}
{"id": 1178459247304151040, "date": "2019-09-29", "time": "19:59:13", "tweet": "@Brian_ClemsonAC 🤔Hmm... this is very different than the espn sos input to fpi or s&amp;p+... how could that be?... 🙄", "likes_count": 2, "replies_count": 0, "retweets_count": 0, "hashtags": []}
{"id": 1178459065711759360, "date": "2019-09-29", "time": "19:58:30", "tweet": "Money Cube - An APP which will help you get MONEY for free. Input my invite code ❤WT9QG❤ after installation, and you will get 1000 Clicks. Download link:  https://t.co/j9wL2mMX24  https://t.co/mrCmPb7dhL", "likes_count": 0, "replies_count": 0, "retweets_count": 0, "hashtags": []}
{"id": 1178458946748633088, "date": "2019-09-29", "time": "19:58:02", "tweet": "hei, help me out with tokyo seventh sisters! input NjeQlQY in the referral campaign section!!! thanks a lot ♡ #t7s", "likes_count": 0, "replies_count": 0, "retweets_count": 0, "hashtags": ["t7s"]}
{"id": 1178458615964999680, "date": "2019-09-29", "time": "19:56:43", "tweet": "@CamdenCouncil @LeoCassarani we don't have electricity, according to uk power network,  one quarter of the block has been affected,  can you please act ASAP. Appreciate quick input.", "likes_count": 0, "replies_count": 1, "retweets_count": 0, "hashtags": []}
{"id": 1178458565239017473, "date": "2019-09-29", "time": "19:56:31", "tweet": "@ryen_lesli @ARVagnetti @rowena_tisdale Uhm, I don't need permission.  Thanks for your input though.", "likes_count": 0, "replies_count": 1, "retweets_count": 0, "hashtags": []}
{"id": 1178458524227133441, "date": "2019-09-29", "time": "19:56:21", "tweet": "@cadycoulardot My input to that would be more than 280 characters", "likes_count": 1, "replies_count": 1, "retweets_count": 0, "hashtags": []}
{"id": 1178458465754202112, "date": "2019-09-29", "time": "19:56:07", "tweet": "Hey @PugetMattBach !  I understand the Radeon VII is EOL'd.  Bummer!  Looking for a high-end AMD alternative.  Truth be told, it's for a Hackintosh, and the most powerful one I'm seeing is a Vega 64. (I gather the upcoming  Radeon Pro Vega II is an Apple exclusive)  Any input?", "likes_count": 5, "replies_count": 3, "retweets_count": 1, "hashtags": []}
{"id": 1178458449392222209, "date": "2019-09-29", "time": "19:56:03", "tweet": "メルボルンでやってみたいこと【カフェ巡り】 #メルボルン #melbourne_rakuten [楽天]  https://t.co/p5ARVxDRZj  https://t.co/bXQMcfmqo2", "likes_count": 0, "replies_count": 0, "retweets_count": 0, "hashtags": ["メルボルン", "melbourne_rakuten"]}
{"id": 1178458271201419264, "date": "2019-09-29", "time": "19:55:21", "tweet": "Input report aja sampe typo efek kurang tidur 😪", "likes_count": 0, "replies_count": 0, "retweets_count": 0, "hashtags": []}
{"id": 1178458171670695938, "date": "2019-09-29", "time": "19:54:57", "tweet": "AI Can Read A Cardiac MRI In 4 Seconds: Do We Still Need Human Input?  https://t.co/NMz9bCC0cY #cardiac", "likes_count": 0, "replies_count": 0, "retweets_count": 0, "hashtags": ["cardiac"]}
{"id": 1178458017160933377, "date": "2019-09-29", "time": "19:54:20", "tweet": "@DDayDoggy George barely had any creative input on the books. That's like saying Bob Iger created Moana", "likes_count": 1, "replies_count": 0, "retweets_count": 0, "hashtags": []}
{"id": 1178457944092008448, "date": "2019-09-29", "time": "19:54:03", "tweet": "@MemphisGrizz2 @xPINK_Beauty @_wassupredbone @speakingof_ree Last time I checked I didn’t ask for your input", "likes_count": 1, "replies_count": 0, "retweets_count": 0, "hashtags": []}
{"id": 1178457913662291970, "date": "2019-09-29", "time": "19:53:55", "tweet": "how to compare the two input value(text and checkbox) and output the result [Votes: 1] #javascript #jquery  https://t.co/9vrqIwWW5R", "likes_count": 0, "replies_count": 0, "retweets_count": 1, "hashtags": ["javascript", "jquery"]}
{"id": 1178457844582096896, "date": "2019-09-29", "time": "19:53:39", "tweet": "Spent the day trying to figure out why the washing machine won't drain. Disassembled the drain pump only to find this jammed in its input line.  https://t.co/EXyWrTqokL", "likes_count": 0, "replies_count": 1, "retweets_count": 0, "hashtags": []}
{"id": 1178457804790591488, "date": "2019-09-29", "time": "19:53:30", "tweet": "@slatermaus He is the heir.  It's amply evident, particularly upon careful listening.  I just got done playing in an orchestra, where, we as trombones, wait and provide our input in the fourth movement.  The entire work is brilliant, especially in the handling of motif elements.", "likes_count": 0, "replies_count": 0, "retweets_count": 0, "hashtags": []}
{"id": 1178457771169198080, "date": "2019-09-29", "time": "19:53:21", "tweet": "@NickRaymondG Oh, so you chose to tell me? Interesting lol. Thank you for the input.", "likes_count": 0, "replies_count": 1, "retweets_count": 0, "hashtags": []}
{"id": 1178457672116555776, "date": "2019-09-29", "time": "19:52:58", "tweet": "@Vordb use a tone in pod farm, but set all the sends to dry input  I can hop in disc if you need", "likes_count": 1, "replies_count": 1, "retweets_count": 0, "hashtags": []}
{"id": 1178457648838119424, "date": "2019-09-29", "time": "19:52:52", "tweet": "@martingeddes GIGO garbage in, garbage out.  Poor quality input will always produce faulty output whether it’s computer programs or human brains. ❤️", "likes_count": 0, "replies_count": 0, "retweets_count": 0, "hashtags": []}
{"id": 1178457606907662336, "date": "2019-09-29", "time": "19:52:42", "tweet": "@KirstineBache @dev1ce Læste dine positive tweets i tidligere threads, fyldt med toxic input som sædvanligt. Tak for dine wholesome tweets hele vejen. Alt det bedste  https://t.co/51E0jsKsJK", "likes_count": 0, "replies_count": 1, "retweets_count": 0, "hashtags": []}
{"id": 1178457561886085120, "date": "2019-09-29", "time": "19:52:32", "tweet": "@jeenforcers Yes, a real thing! Not as much as it was when I went to an evangelical Christian university in the '90s, but still a thing. Look up \"I Kissed Dating Goodbye\" by Joshua Harris (former evangelical leader who recently came out as agnostic). Also, @SJGreenHart may have good input!", "likes_count": 5, "replies_count": 2, "retweets_count": 0, "hashtags": []}
{"id": 1178457556643123201, "date": "2019-09-29", "time": "19:52:30", "tweet": "@EmmMacfarlane @mforsis @HenryBloggins And there’s no measurement for the influence Senators had when they sat in the same caucus as government MPs and Ministers. Anecdotally it’s known that senators, as an institutional memory in caucus, could ensure have input into a bill before introduction. 2/2", "likes_count": 0, "replies_count": 2, "retweets_count": 0, "hashtags": []}
{"id": 1178457470554914816, "date": "2019-09-29", "time": "19:52:10", "tweet": "Lucky Gunner have fun. What are you waiting for? Download it, input the refer code BSVXSGR to get reward. https://t.co/EMv9ySIubM", "likes_count": 0, "replies_count": 0, "retweets_count": 0, "hashtags": []}
{"id": 1178457378863353857, "date": "2019-09-29", "time": "19:51:48", "tweet": "@stephaniempaz 🤷‍♀️ I’m all for parent input when it comes to their child’s education but you need to remember that this is PUBLIC education.  You need to remember that we are here to do our best to educate EVERY child, no matter what they come to us with (or without). We are responsible for all!", "likes_count": 6, "replies_count": 1, "retweets_count": 0, "hashtags": []}
{"id": 1178457233694367744, "date": "2019-09-29", "time": "19:51:13", "tweet": "Hey friends, writing another speech for my class. This time, on horse racing.  The prompt- Why do you think horse racing is important? Thank you for your input!", "likes_count": 6, "replies_count": 4, "retweets_count": 0, "hashtags": []}
{"id": 1178457213238538240, "date": "2019-09-29", "time": "19:51:08", "tweet": "#Phenotyping community, here's your chance to have input into a review paper in the making. @I_P_P_N @NAPPN_org", "likes_count": 5, "replies_count": 0, "retweets_count": 4, "hashtags": ["phenotyping"]}
{"id": 1178457020212662278, "date": "2019-09-29", "time": "19:50:22", "tweet": "Hey @Stephen_Georg you prob don’t but do you know any good entry level video cameras. Preferably with a good mic or an input for one?", "likes_count": 0, "replies_count": 0, "retweets_count": 0, "hashtags": []}
{"id": 1178456890239410176, "date": "2019-09-29", "time": "19:49:51", "tweet": "@BiscAnenome @PierceE1987 @E_Gruberman @NickRekieta I'm sorry, are you currently living in the alternate world where your input matters?", "likes_count": 0, "replies_count": 0, "retweets_count": 0, "hashtags": []}
{"id": 1178456849051521024, "date": "2019-09-29", "time": "19:49:42", "tweet": "@selky77 @Collingwoodcolt @OJHLOfficial @OHAhockey1 @JrNightIntl @thepeakfm @977maxfm @ExperienceCwood While I most certainly approve of the @MilneThomas hiring and our management staff respects my input on all hockey ops agendas, I am Head Scout of the Team and don’t make these decisions. This great hire (just like our head scout lol) was from our GM @kadenkyan", "likes_count": 7, "replies_count": 1, "retweets_count": 0, "hashtags": []}
{"id": 1178456730268655616, "date": "2019-09-29", "time": "19:49:13", "tweet": "@pn_raditya Input informasi dit, apa yang atasannya bilang langsung mereka percaya. Contoh berita ambulance yang bawa batu itu, gua penasaran kan soalnya vidionya ga jelas gitu cuma sepotong dan batunya ga keliatan. Tapi dia langsung yakin kalo itu bener karena yang beritain dari kepolisian.", "likes_count": 0, "replies_count": 0, "retweets_count": 0, "hashtags": []}
{"id": 1178456606914146304, "date": "2019-09-29", "time": "19:48:44", "tweet": "@CuteScarley @NanaKimmieB @TheLastRefuge2 So, with no Republican Party input into impeachment,  it's just a Republican vs. Democrat issue. Democrats have the numbers in the House, so Trump will be impeached as Democrats have been planning for some time now. #KAG", "likes_count": 1, "replies_count": 0, "retweets_count": 0, "hashtags": ["kag"]}
{"id": 1178456492493737984, "date": "2019-09-29", "time": "19:48:17", "tweet": "Last NFL game of the night  3 main links as normal  4 Test Links  And a test link of RedZone  These test links NEED your feedback and input guys.  Not just a like. let us know.", "likes_count": 1, "replies_count": 1, "retweets_count": 1, "hashtags": []}
{"id": 1178456390857297920, "date": "2019-09-29", "time": "19:47:52", "tweet": "@karidzaJack She is being paid i guess, as a TV host it was fair to call Mrs Chamisa before uploading her video without her input &amp; tweeting words like this @MahachieJosey", "likes_count": 4, "replies_count": 0, "retweets_count": 0, "hashtags": []}
{"id": 1178456301266984966, "date": "2019-09-29", "time": "19:47:31", "tweet": "I fail to see how this would work for an FL class seeing as according to Stephen Krashen one of the most important things in language learning is Comprehensible Input, that is input which is specifically tailored to be just at or slightly above the level of comprehension.", "likes_count": 0, "replies_count": 1, "retweets_count": 0, "hashtags": []}
{"id": 1178456283529256960, "date": "2019-09-29", "time": "19:47:27", "tweet": "@retiredtotravel @SkyNews Thank you for your input.", "likes_count": 0, "replies_count": 0, "retweets_count": 0, "hashtags": []}
{"id": 1178456116054773761, "date": "2019-09-29", "time": "19:46:47", "tweet": "@LaraLeaTrump Yeah..., umm you married wanna be Fredo, not Fredo. That all by itself disqualifies you having ANY intelligent input AT ALL. Sit down.", "likes_count": 0, "replies_count": 0, "retweets_count": 0, "hashtags": []}
{"id": 1178456111017418752, "date": "2019-09-29", "time": "19:46:46", "tweet": "@AnandaKumarasi9 @NishminiR @LakshanPramody දාගෙන ඉන්නේ හෙලකුරු ඇප් එක නං smart phonetic වෙනුව⁣ට smart wijesekara sinhala input method එක දාගන්න keyboard settings වලිං. ඊට පස්සේ මෛත්‍රීපාල නෙමෙයි මඤ්ඤොක්කා උනත් ටයිප් කරන්න පුලුවං.", "likes_count": 1, "replies_count": 0, "retweets_count": 0, "hashtags": []}
{"id": 1178456109285281793, "date": "2019-09-29", "time": "19:46:45", "tweet": "@dannygillette @WEEI Cool. Thanks for your input. The game is over and Josh Allen has a concussion. Case closed. Thanks gumshoe", "likes_count": 0, "replies_count": 0, "retweets_count": 0, "hashtags": []}
{"id": 1178456109239193601, "date": "2019-09-29", "time": "19:46:45", "tweet": "@eractnia I think it’s trying to figure out what it just saw and needs more input so you just keep watching 😂", "likes_count": 1, "replies_count": 1, "retweets_count": 0, "hashtags": []}
{"id": 1178456108408508417, "date": "2019-09-29", "time": "19:46:45", "tweet": "@StephenMillerAL Your Nancy Drew novel of SPIN is ludicrous &amp; indignant! Your feigned intelligence is insulting to those of us with an IQ of higher than 75. Go crawl back under your rock with your painted on hair your input isn’t wanted. Taxpayers aren’t paying for your clown act", "likes_count": 0, "replies_count": 0, "retweets_count": 0, "hashtags": []}
{"id": 1178456019455938563, "date": "2019-09-29", "time": "19:46:24", "tweet": "@kevinstock12 Thank you very much for your input. Have you written anything on the factors influencing muscle gains in human carnivores, that you can direct me to, please? Thank you.", "likes_count": 0, "replies_count": 1, "retweets_count": 0, "hashtags": []}
{"id": 1178455953294929921, "date": "2019-09-29", "time": "19:46:08", "tweet": "Money Cube - An APP which will help you get MONEY for free. Input my invite code ❤HDAS6❤ after installation, and you will get 1000 Clicks. Download link:  https://t.co/aQCwLWeBgt  https://t.co/TPTMdGShiP", "likes_count": 0, "replies_count": 0, "retweets_count": 0, "hashtags": []}
{"id": 1178455845035638785, "date": "2019-09-29", "time": "19:45:42", "tweet": "@FarhanKVirk  https://t.co/bqthDmxJKP", "likes_count": 0, "replies_count": 0, "retweets_count": 0, "hashtags": []}
{"id": 1178455798705471488, "date": "2019-09-29", "time": "19:45:31", "tweet": "There would be a lot to work out to make this work, but I think scaling out the arena for public debate would give the best representatives a chance to give input, and not be drowned out by those simply more skilled at politics than them.", "likes_count": 1, "replies_count": 1, "retweets_count": 0, "hashtags": []}
{"id": 1178455644111683584, "date": "2019-09-29", "time": "19:44:54", "tweet": "It's clear, Trump just figured out he's a mere failed president. He's not in charge of the impeachment inquiry with no input as the accused of how impeachment proceeds. Trump's finding it all a bit more than he can handle or fix, hence the tweet tantrum.  https://t.co/oGCTrsH99x", "likes_count": 0, "replies_count": 0, "retweets_count": 1, "hashtags": []}
{"id": 1178455623773691906, "date": "2019-09-29", "time": "19:44:50", "tweet": "@SDevolved @BernieSanders Not sure what his weight has to dri with his wife's cancer but thank you for your input 🙄", "likes_count": 2, "replies_count": 0, "retweets_count": 0, "hashtags": []}
{"id": 1178455408102363137, "date": "2019-09-29", "time": "19:43:58", "tweet": "@lindadjones702 @SylviaLazos Not necessarily. Year before last our school had a principal placed at our school.  SOT didn't have any say nor did they do any interviews. They should have input but it's not always happening.", "likes_count": 1, "replies_count": 1, "retweets_count": 0, "hashtags": []}
{"id": 1178455063175614464, "date": "2019-09-29", "time": "19:42:36", "tweet": "code-adviserからおすすめの記事を紹介します。 翻訳：  Angular.js：ユーザー入力に基づいてdivの幅を変更する方法  原文：Angular.js: How to change div width based on user input  https://t.co/BsHBwxdHVA", "likes_count": 0, "replies_count": 0, "retweets_count": 0, "hashtags": []}
{"id": 1178454901774520320, "date": "2019-09-29", "time": "19:41:57", "tweet": "@cat98793489 faving and replying to boost. no input. protect your knees", "likes_count": 1, "replies_count": 0, "retweets_count": 0, "hashtags": []}
{"id": 1178454882329620480, "date": "2019-09-29", "time": "19:41:53", "tweet": "@DebbieQdup777 @agent1220 @The_Unwoke @RealSaavedra Thanks for your input, Sergei.", "likes_count": 0, "replies_count": 0, "retweets_count": 0, "hashtags": []}
{"id": 1178454862456999937, "date": "2019-09-29", "time": "19:41:48", "tweet": "ถ้าไม่ได้เอ ไม่ช็อคตายไปเลยหรอเราแต่ก็คงช็อคไม่ลงเพราะระหว่างทางก่อนถึงตอนทำข้อสอบ เราก็รู้ตัวดีว่าทำอะไรไปบ้าง รู้ว่าคะแนนที่ได้มันสมน้ำสมเนื้อกับสิ่งที่เราทำแล้วหรือไม่ก็รู้อยู่แก่ใจ ใส่ input ไปน้อยนิดแต่หวัง output อลังการงานสร้าง ปัญญาอ่อนหรอ", "likes_count": 0, "replies_count": 0, "retweets_count": 0, "hashtags": []}
{"id": 1178454473443807234, "date": "2019-09-29", "time": "19:40:15", "tweet": "@711epicgamer @JamesCGannon26 @TSM_Leffen Smash 3ds has less input lag than wii u, and is the 2nd most responsive smash game next to melee. Sucks the 3ds is ass for it", "likes_count": 0, "replies_count": 0, "retweets_count": 0, "hashtags": []}
{"id": 1178454247035346945, "date": "2019-09-29", "time": "19:39:21", "tweet": "@CaspianCMonster Note: Some might point out that the TT-33 Tokarev has a safety in the \"half cock\" hammer position. Which I say; Okay, sure.  That DOESN'T mean the practice of getting to that position is any safer, THE HAMMER DOES WHAT IT WANTS W/ OR W/O YOUR INPUT.", "likes_count": 1, "replies_count": 1, "retweets_count": 0, "hashtags": []}
{"id": 1178454110108082176, "date": "2019-09-29", "time": "19:38:49", "tweet": "@CarlaConcepcio6 @nowthisnews @BetoORourke Even if you did. Humans are crafty and innovative. If a deranged person wants to shoot up/blow up someplace, he/she would find a way.  Whether blackmarket, designing makeshift weapons/bombs, \"Input idea here\", etc, etc. plenty of things that are lethal  Doesn't change anything", "likes_count": 0, "replies_count": 1, "retweets_count": 0, "hashtags": []}
{"id": 1178453867731836928, "date": "2019-09-29", "time": "19:37:51", "tweet": "@kookie_makanae lol thanks for the input. Who do you think is my bias? I'm curious", "likes_count": 0, "replies_count": 1, "retweets_count": 0, "hashtags": []}
{"id": 1178453704283811840, "date": "2019-09-29", "time": "19:37:12", "tweet": "Japanese Restreamの通話の悪ノリでInput displayの新しい色を作った 普通に可愛らしくて良いと思う ここで使えます  https://t.co/AeWZypEsuZ  https://t.co/FbCT1T0a0j", "likes_count": 19, "replies_count": 1, "retweets_count": 9, "hashtags": []}
{"id": 1178453529691865088, "date": "2019-09-29", "time": "19:36:30", "tweet": "@cmorgana i appreciate your input on this matter! the more i think about it the more i start to believe that productivity is a myth! 😂", "likes_count": 0, "replies_count": 0, "retweets_count": 0, "hashtags": []}
{"id": 1178453517016674304, "date": "2019-09-29", "time": "19:36:27", "tweet": "@gimkit You can still use import. Just make it more vanilla. We can figure out how to get comma delimited content in there. We can figure out how to create things in spreadsheet columns in order to make input work. Quizlet does that. You don't have to name it Quizlet input. We get it.", "likes_count": 17, "replies_count": 2, "retweets_count": 1, "hashtags": []}
{"id": 1178453182915190784, "date": "2019-09-29", "time": "19:35:08", "tweet": "@markgiffin Some of the processing (scaling images, running XSLT) will be orchestrated with XProc instead of Make… The new site will eventually provide search, but client-side (so the site will process no user input apart from GET requests – GDPR-friendly), built with lunr.js and Saxon-JS.", "likes_count": 1, "replies_count": 0, "retweets_count": 1, "hashtags": []}
{"id": 1178452791326629891, "date": "2019-09-29", "time": "19:33:34", "tweet": "@dcunitedfanbase @dcunited Good one, when you tried to try me for being a “2K streamer” that definitely knows more than you do! Thanks but no thanks for your input!", "likes_count": 0, "replies_count": 1, "retweets_count": 0, "hashtags": []}
{"id": 1178452709286039553, "date": "2019-09-29", "time": "19:33:15", "tweet": "@DavidWohl @realDonaldTrump No one asked for your input Jacob", "likes_count": 1, "replies_count": 0, "retweets_count": 0, "hashtags": []}
{"id": 1178452562783215618, "date": "2019-09-29", "time": "19:32:40", "tweet": "Any input @ClubProGuy if these are useful clubs?  https://t.co/9uAVNBVm3F", "likes_count": 0, "replies_count": 0, "retweets_count": 0, "hashtags": []}
{"id": 1178452377457876993, "date": "2019-09-29", "time": "19:31:56", "tweet": "@ryan_pdrph Input em up top and let the heat near the lod cook em. Do that with all of the store bought frozen fried stuff.", "likes_count": 1, "replies_count": 0, "retweets_count": 0, "hashtags": []}
{"id": 1178452055620349952, "date": "2019-09-29", "time": "19:30:39", "tweet": "Rudy presses Input on the remote and has to call 36 Russian trolls to fix it. They aren’t even TV repair, they’re just younger than 649.", "likes_count": 0, "replies_count": 0, "retweets_count": 0, "hashtags": []}
{"id": 1178452032467935232, "date": "2019-09-29", "time": "19:30:33", "tweet": "I pulled out DKC 3 today, input the 85 Bonus Coins code, and played through most of the game but what I really wanted were those Lost World levels.  DKC3's Krematoa is reaaaaaally good.", "likes_count": 2, "replies_count": 1, "retweets_count": 0, "hashtags": []}
{"id": 1178451936443543554, "date": "2019-09-29", "time": "19:30:10", "tweet": "@KubaryiArt Thank you for the input!! I was thinking of doing another giveaway at 100 followers, but I gotta get there first!", "likes_count": 1, "replies_count": 0, "retweets_count": 0, "hashtags": []}
{"id": 1178451724023058434, "date": "2019-09-29", "time": "19:29:20", "tweet": "@afr if @cfpb wants only my feedbacks just like if I was a number or input .or if @WellsFargo destroyed my life because I was just a number for them @cfpb you won‘t need feedbacks if you do what @cfpb is about.#Save @saving @citizenmattermore", "likes_count": 1, "replies_count": 0, "retweets_count": 1, "hashtags": ["save"]}
{"id": 1178451699775758336, "date": "2019-09-29", "time": "19:29:14", "tweet": "@RedReviewPod @ganeshpdx Thanks for your input, Mike! That's a good call.", "likes_count": 0, "replies_count": 0, "retweets_count": 0, "hashtags": []}
{"id": 1178451641068064768, "date": "2019-09-29", "time": "19:29:00", "tweet": "Kris is a terrific city leader and I’m so happy he’s the @cityofduluth first Transportation Planner. Meet him, and provide your input, at one of our scheduled CityHallInTheCity events!    https://t.co/sLKxazE467", "likes_count": 3, "replies_count": 0, "retweets_count": 0, "hashtags": []}
{"id": 1178451636311724033, "date": "2019-09-29", "time": "19:28:59", "tweet": "@nickgratton8 @Justin_stewie @INTELCallofDuty They can, but it has more input lag than when it's wireless 😂. That's the problem", "likes_count": 0, "replies_count": 1, "retweets_count": 0, "hashtags": []}
{"id": 1178451604426674178, "date": "2019-09-29", "time": "19:28:51", "tweet": "@DubStanc @Nilla_Dutch420 @DeeCee1711 @Crushboy31 Harbaugh was a former special teams coach. How much input does he have with the offense?", "likes_count": 0, "replies_count": 2, "retweets_count": 0, "hashtags": []}
{"id": 1178451461765832708, "date": "2019-09-29", "time": "19:28:17", "tweet": "@RNCResearch @shmupe Great Tweet, President Trump is a great listener. He takes in everyone concerns and input. That is why he gets things done and keeps promises.  He’s an amazing man. POTUS 2020, Keeping America Great!♥️🙏🏻🇺🇸🚂♥️💯", "likes_count": 0, "replies_count": 0, "retweets_count": 0, "hashtags": []}
{"id": 1178451413782994946, "date": "2019-09-29", "time": "19:28:06", "tweet": "@sturdyAlex I think the queen has reigned long enough and is experienced enough to know how to do this if required without input", "likes_count": 0, "replies_count": 0, "retweets_count": 0, "hashtags": []}
{"id": 1178451329938796547, "date": "2019-09-29", "time": "19:27:46", "tweet": "When the #tRUmpImpeachment hearings start in the #Senate, many of us will be angrily thinking of @AlFranken and what America will be missing without his sharp input and commentary.   There were times when Al Franken made all the difference. 😔🇺🇸", "likes_count": 0, "replies_count": 0, "retweets_count": 0, "hashtags": ["trumpimpeachment", "senate"]}
{"id": 1178451284917211141, "date": "2019-09-29", "time": "19:27:35", "tweet": "@didadilaan @14_HK_ Someone got emotional🤕🤕, nobody asked for your input SHTYLLLLLLLLLLL😂😂", "likes_count": 0, "replies_count": 0, "retweets_count": 0, "hashtags": []}
{"id": 1178451264209743873, "date": "2019-09-29", "time": "19:27:30", "tweet": "@Pudge_Aus Am i remembering correctly? The last thing you said to me as you jumped off friendlies was something about don't play wifi? If so, you're exactly fucking right mate. Every SD I have is down to being used to compensating for wifi input lag. Taking your advice big time.", "likes_count": 7, "replies_count": 1, "retweets_count": 0, "hashtags": []}
{"id": 1178451230512697344, "date": "2019-09-29", "time": "19:27:22", "tweet": "@HawaiianAir do you know how challenging it is to use your app/website, input information from Mauna Kea?  do you know how many people are doing that these days?  do you then, realize how frustrating it is to get to Kona airport...", "likes_count": 0, "replies_count": 1, "retweets_count": 0, "hashtags": []}
{"id": 1178451005937029120, "date": "2019-09-29", "time": "19:26:29", "tweet": "@syubkkuk @yoIIywood @jnjnggks the option for other bank comes after you input the account no. once the system doesn’t recognise the account no. it’ll give you the option in a drop down menu.", "likes_count": 0, "replies_count": 1, "retweets_count": 0, "hashtags": []}
{"id": 1178450977877303296, "date": "2019-09-29", "time": "19:26:22", "tweet": "⠀ ⠀ ⠀  🤣 　   🔡🔡🔡     🔡   🔡　🔡    👇   🔡🔡 👇   　  🔡　🔡 　   🔡　 🔡 　   👢     👢 Hi. i'm the MEME MAN of input latin lowercase", "likes_count": 0, "replies_count": 0, "retweets_count": 0, "hashtags": []}
{"id": 1178450973464956930, "date": "2019-09-29", "time": "19:26:21", "tweet": "@whosjohndoe66 It looks like a local issue rather than down altogether, as it's showing you information directly concerning the location you input. You can also sign up for updates if you'd like to be kept in the loop. If there's anything I can do to help, let me know. Raz", "likes_count": 0, "replies_count": 1, "retweets_count": 0, "hashtags": []}
{"id": 1178450820301545472, "date": "2019-09-29", "time": "19:25:44", "tweet": "@MoellerBarry @brianlavoy @UMichFootball @McGrone_Strong Thanks for your input weird guy with no profile pic and 0 followers, we definitely care about what you say", "likes_count": 1, "replies_count": 1, "retweets_count": 0, "hashtags": []}
{"id": 1178450547826757632, "date": "2019-09-29", "time": "19:24:39", "tweet": "@JHawreschuk @Hockey_Robinson Thanks for the input. I got razzed so hard when I picked them at 190, 192. Them and Kravstov. I like to use my bench for lotto tickets", "likes_count": 1, "replies_count": 1, "retweets_count": 0, "hashtags": []}
{"id": 1178450416746614784, "date": "2019-09-29", "time": "19:24:08", "tweet": "@Spencer_MOOD If you're looking for a visual experience it might be helpful to prepare visually stimulating materials such as posters, videos, etc. From personal experience I can say that sensory input can affect the mood of the trip drastically.", "likes_count": 1, "replies_count": 1, "retweets_count": 0, "hashtags": []}
{"id": 1178450339906736128, "date": "2019-09-29", "time": "19:23:50", "tweet": "@YahooNoise Yep. I asked for input but ultimately the decision was mine. Only blame is on me.", "likes_count": 1, "replies_count": 0, "retweets_count": 0, "hashtags": []}
{"id": 1178450248206884864, "date": "2019-09-29", "time": "19:23:28", "tweet": "@MHeartz97 Your input matters a lot M. I feel your need for bonds and maintaining friendships as well, and that isn’t a terrible thing at all", "likes_count": 1, "replies_count": 0, "retweets_count": 0, "hashtags": []}
{"id": 1178450189507383296, "date": "2019-09-29", "time": "19:23:14", "tweet": "@rygorous @hebetteus @JonOlick I just tried the first level (inverter). When I toggle the input, the output does the right thing. So I click on \"I have completed the level\", and nothing happens. :-(", "likes_count": 0, "replies_count": 1, "retweets_count": 0, "hashtags": []}
{"id": 1178449732907106304, "date": "2019-09-29", "time": "19:21:25", "tweet": "@TecanyHosting Ah, I see. I guess I just worry about going full on self-hosted when I'm not very tech savvy. I like the idea of Wordpress/com (security, ease of use) but I don't like the limited features. So I'm still going back and forth! Thank you for your input though! 🙂", "likes_count": 0, "replies_count": 1, "retweets_count": 0, "hashtags": []}
{"id": 1178449706508328960, "date": "2019-09-29", "time": "19:21:19", "tweet": "@GhostRecon I can't wait, great beta. My input: Presets &amp; breaking down gear is a pain if you run two player types (Assault/Field Medic) you have to switch back &amp; forth at the bivouac. Needs simplified. Also, adjustable field of view would be nice on console it's a bit tight in my opinion.", "likes_count": 0, "replies_count": 0, "retweets_count": 0, "hashtags": []}
{"id": 1178449647226036227, "date": "2019-09-29", "time": "19:21:05", "tweet": "@SarahBreckley @lamaestraloca It felt like this student needed some more comprehensible input like photos. lol just kidding", "likes_count": 1, "replies_count": 0, "retweets_count": 0, "hashtags": []}
{"id": 1178449566762450954, "date": "2019-09-29", "time": "19:20:45", "tweet": "Time is winding down! Loving all the input from #Braves fans! Winner will be announced noon 10/1.", "likes_count": 0, "replies_count": 0, "retweets_count": 0, "hashtags": ["braves"]}
{"id": 1178449563541049344, "date": "2019-09-29", "time": "19:20:45", "tweet": "what the hell is up with facebook   i put my input about gun control and they block me in every way they can", "likes_count": 0, "replies_count": 0, "retweets_count": 0, "hashtags": []}
{"id": 1178449522344812551, "date": "2019-09-29", "time": "19:20:35", "tweet": "The real mystery: why is @cityofokc already this far into the @Uptown23rd road project without any public input?", "likes_count": 12, "replies_count": 0, "retweets_count": 1, "hashtags": []}
{"id": 1178449500450557952, "date": "2019-09-29", "time": "19:20:30", "tweet": "@Scott___Parker Nah, I'm good. Thanks for your input though. I'll file it.  https://t.co/J3fBLrt9v3", "likes_count": 0, "replies_count": 0, "retweets_count": 0, "hashtags": []}
{"id": 1178449498906841088, "date": "2019-09-29", "time": "19:20:29", "tweet": "@BoyAm_I_Thirsty i appreciate the input", "likes_count": 1, "replies_count": 0, "retweets_count": 0, "hashtags": []}
{"id": 1178449493055823873, "date": "2019-09-29", "time": "19:20:28", "tweet": "@drduek Thanks!  Because we are remote and all over the country, we have the option to do either portfolio or digital.  I enjoyed the sensory input from touching my work and putting it into the binder.  My printer, however, would have preferred a digital portfolio!  :)", "likes_count": 0, "replies_count": 1, "retweets_count": 0, "hashtags": []}
{"id": 1178449440148901889, "date": "2019-09-29", "time": "19:20:15", "tweet": "@omgubuntu Input direct link on video ( https://t.co/CaZCSwsPOa) if you speak about video...", "likes_count": 2, "replies_count": 0, "retweets_count": 1, "hashtags": []}
{"id": 1178449164956573698, "date": "2019-09-29", "time": "19:19:10", "tweet": "@garces7 I’m still being schooled 😅 very out of the loop, but grateful for your input and passion 🤙🏼 🙏🏼☺️", "likes_count": 0, "replies_count": 1, "retweets_count": 0, "hashtags": []}
{"id": 1178449129112047617, "date": "2019-09-29", "time": "19:19:01", "tweet": "@mcohmi @kerri9494 @ParissAthena My guy, appreciate this input 🙏", "likes_count": 0, "replies_count": 0, "retweets_count": 0, "hashtags": []}
{"id": 1178449068067938304, "date": "2019-09-29", "time": "19:18:47", "tweet": "@sjkcampbell1 @Cking613 @DynastyClaire You, too, may discontinue your discussion with me at your pleasure. No one should be immune from critique.  We listen and learn, or don’t.  I appreciate your input.", "likes_count": 1, "replies_count": 2, "retweets_count": 0, "hashtags": []}
{"id": 1178449016918462464, "date": "2019-09-29", "time": "19:18:34", "tweet": "Here is our family input, we will never vote for a lying Pocahontas!", "likes_count": 0, "replies_count": 0, "retweets_count": 0, "hashtags": []}
