{"id": 1178821516672282630, "date": "2019-09-30", "time": "19:58:45", "tweet": "@_2OLEGEND_ Input delay, gameplay inconsistent, unresponsiveness, drop back is the meta, dribbling is bad", "likes_count": 0, "replies_count": 0, "retweets_count": 0, "hashtags": []}
{"id": 1178821253206953984, "date": "2019-09-30", "time": "19:57:42", "tweet": "@cici18480257 Yeah, it seems like Universities have realized they can win a war of attrition if they (1) commit to studying the problem (2) generously solicit student \"input\" and (3) quibble about the results/brainstorm solutions until mired in bureaucratic minutiae and everyone gives up", "likes_count": 2, "replies_count": 1, "retweets_count": 1, "hashtags": []}
{"id": 1178821219384094722, "date": "2019-09-30", "time": "19:57:34", "tweet": "@Solid_V_Art This all I know. I just want input from someone who's actually gone through the contract. Can't find a copy online.", "likes_count": 0, "replies_count": 1, "retweets_count": 0, "hashtags": []}
{"id": 1178821159061725184, "date": "2019-09-30", "time": "19:57:20", "tweet": "Gameplay in Division Rivals is a joke... everything is so sluggish and input delay is unbearable!  #FIFA20", "likes_count": 2, "replies_count": 2, "retweets_count": 0, "hashtags": ["fifa20"]}
{"id": 1178820795189075968, "date": "2019-09-30", "time": "19:55:53", "tweet": "Some of the main reasons why people don’t receive is because when they up, they don’t express gratitude + that’s not just done by telling others what you’ve gained. Second being this mindset of just “getting” with zero input. When has anyone ever received w/o giving something?", "likes_count": 24, "replies_count": 1, "retweets_count": 3, "hashtags": []}
{"id": 1178820684266590208, "date": "2019-09-30", "time": "19:55:27", "tweet": "@The_Great_Eds @qwertxzy @manjushages @Tiny_Phantom yeah this is what happens when you forget to switch input languages...you don't show people this, it's just embarrassing", "likes_count": 1, "replies_count": 0, "retweets_count": 0, "hashtags": []}
{"id": 1178820673675898885, "date": "2019-09-30", "time": "19:55:24", "tweet": "MDrummer #8 - Input MIDI filter -  https://t.co/rYATLvEr2O MDrummer can be easily calibrated to work perfectly with any MIDI controller. Here's how.   https://t.co/nNEypmW0z4  https://t.co/iGbVyfViHf", "likes_count": 4, "replies_count": 0, "retweets_count": 1, "hashtags": []}
{"id": 1178820661864783872, "date": "2019-09-30", "time": "19:55:21", "tweet": "Niggas don’t be knowing what I’m talking about but putting they input like I give a fuck", "likes_count": 1, "replies_count": 0, "retweets_count": 0, "hashtags": []}
{"id": 1178820235287121920, "date": "2019-09-30", "time": "19:53:40", "tweet": "The Everising S-6235HAA is a versatile mitre cutting automatic saw with the ability to input multiple programs and angles at a reasonable price point. Ideal for steel merchants and fab shops looking to add an advanced level of cutting to their workshop. #… https://t.co/0oc2gDOhb5", "likes_count": 0, "replies_count": 0, "retweets_count": 0, "hashtags": []}
{"id": 1178820210805088259, "date": "2019-09-30", "time": "19:53:34", "tweet": "Moderator: What should be done with the old power plant site? Should there be public access?  Bocks: Absolutely public access and public input. He explained how beautiful the building is, and added it is a very long term plan and added, \"I don't want to rush anything.\"", "likes_count": 2, "replies_count": 1, "retweets_count": 0, "hashtags": []}
{"id": 1178820061823488000, "date": "2019-09-30", "time": "19:52:58", "tweet": "@VertDuFerk Glad we're going each other, Ms. DuFerk. I always appreciate your input. 😊", "likes_count": 1, "replies_count": 1, "retweets_count": 0, "hashtags": []}
{"id": 1178820043699871744, "date": "2019-09-30", "time": "19:52:54", "tweet": "@johndavidstl @mattfredstl If he wants to sue over a tweet then I guess he can do that but I have zero input, interest, or business in their legal proceedings. I am interested in the allegation about city government purposely excluding certain local media. So that’s all I got.", "likes_count": 0, "replies_count": 2, "retweets_count": 0, "hashtags": []}
{"id": 1178819666724245504, "date": "2019-09-30", "time": "19:51:24", "tweet": "@prideinthename @Scotttaylorva Thanks for your input Chicago. Don’t you have bigger problems to worry about? Things aren’t exactly great up there.", "likes_count": 1, "replies_count": 0, "retweets_count": 0, "hashtags": []}
{"id": 1178819628933537792, "date": "2019-09-30", "time": "19:51:15", "tweet": "Ich würde ja berichten von einem anstrengenden Seminartag mit langer Anfahrt, viel zu viel Input, leckerem Essen, zuviel Wein, Karaoke und späte Nachtzeit. Aber das würde Euch nur verwirren. Also: Gute Nacht ♡", "likes_count": 14, "replies_count": 1, "retweets_count": 0, "hashtags": []}
{"id": 1178819628484702210, "date": "2019-09-30", "time": "19:51:15", "tweet": "Input sought for $810m stadium redevelopment; Contractor in place for $81m educational facility upgrade; Approval for $49m social housing development -  https://t.co/GNjf1nlicc", "likes_count": 0, "replies_count": 0, "retweets_count": 0, "hashtags": []}
{"id": 1178819615041957888, "date": "2019-09-30", "time": "19:51:12", "tweet": "@maximilian_  i made a twitter just to tell u to do a Boss Rage for Inferno on legendary difficulty in SC6. Mother absolutely input read and shit on me for almost an hour.", "likes_count": 0, "replies_count": 0, "retweets_count": 0, "hashtags": []}
{"id": 1178819598038102016, "date": "2019-09-30", "time": "19:51:08", "tweet": "@jaylonjamal_ @NBA2K @Ronnie2K That's a fact, they definitely have more input on the game smh which is stupid because they are a small portion of the majority", "likes_count": 0, "replies_count": 1, "retweets_count": 0, "hashtags": []}
{"id": 1178819436762914816, "date": "2019-09-30", "time": "19:50:29", "tweet": "@AlanTracey46 @ChurroAutistic @LarryLurr then you will have to manually input smash attack", "likes_count": 0, "replies_count": 0, "retweets_count": 0, "hashtags": []}
{"id": 1178819316474634240, "date": "2019-09-30", "time": "19:50:01", "tweet": "@RepFredUpton Thanks for coming out today!  And thanks for taking time to learn about our Robotics program.  Your insights and input on that were also appreciated! #hcprobotics #hackettcatholicprep #catholicschoolstrong", "likes_count": 2, "replies_count": 0, "retweets_count": 0, "hashtags": ["hcprobotics", "hackettcatholicprep", "catholicschoolstrong"]}
{"id": 1178818787740659714, "date": "2019-09-30", "time": "19:47:55", "tweet": "Appreciate the input I received on this earlier. I've gone the 'alt account' approach for for those interested in my NSFW offerings check out @after_otter   #furryart", "likes_count": 2, "replies_count": 0, "retweets_count": 0, "hashtags": ["furryart"]}
{"id": 1178818443648192512, "date": "2019-09-30", "time": "19:46:33", "tweet": "Campus Constituents to Offer Strategic Plan Input  https://t.co/B77ahs3Ql8  https://t.co/zoNC4VlPYq", "likes_count": 1, "replies_count": 0, "retweets_count": 0, "hashtags": []}
{"id": 1178818362316447744, "date": "2019-09-30", "time": "19:46:13", "tweet": "@egu777 素敵です！  個人的に物作りにおいてINPUTフェーズはちょっと苦労もあるのですが、OUTPUTフェーズは凄く楽しいので、それが続けられる理由になってます😊", "likes_count": 1, "replies_count": 0, "retweets_count": 0, "hashtags": []}
{"id": 1178818264706584576, "date": "2019-09-30", "time": "19:45:50", "tweet": "@mcclure111 No to #1. How I'd do #2 (untested): ffmpeg -i INPUT.mp4 -ss 27.081533 -to 35.435644 -map 0:1 -vcodec libx264 -profile baseline -pix_fmt yuv420p 1.ts ffmpeg -i INPUT.mp4 -ss 35.435644 -to 3:30 -map 0:1 -vcodec copy 2.ts cat 1.ts 2.ts &gt; 3.ts ffmpeg -i 3.ts -vcodec copy OUTPUT.mp4", "likes_count": 0, "replies_count": 1, "retweets_count": 0, "hashtags": []}
{"id": 1178818198017363969, "date": "2019-09-30", "time": "19:45:34", "tweet": "@RedTRaccoon @LibertyIsALady Think you Red T for serving our beloved country 🇺🇸. I’m sorry you went through those horrific times. We always appreciate your input.", "likes_count": 0, "replies_count": 0, "retweets_count": 0, "hashtags": []}
{"id": 1178818194628198400, "date": "2019-09-30", "time": "19:45:33", "tweet": "@JocelynBrewer @diginutrition We've found that 17% of students' time spent on digital devices within the classroom is off-task, or non educational. Our AI based learning analytics software tracks what sites and apps students use, and develops its data base based on the AI software as well as teacher input.", "likes_count": 0, "replies_count": 1, "retweets_count": 0, "hashtags": []}
{"id": 1178818188399775745, "date": "2019-09-30", "time": "19:45:32", "tweet": "@mcclure111 H264 in MP4 is not guaranteed to be \"spliceable\"; that is, two encoders (or the same encoder run with different settings and input, or in some specific cases even the same encoder run twice) may produce streams that can't be simply concatenated together and play correctly", "likes_count": 0, "replies_count": 1, "retweets_count": 0, "hashtags": []}
{"id": 1178818185749057537, "date": "2019-09-30", "time": "19:45:31", "tweet": "@btosk your input as a board certified medical doctor and expert healer?", "likes_count": 0, "replies_count": 1, "retweets_count": 0, "hashtags": []}
{"id": 1178818025316929536, "date": "2019-09-30", "time": "19:44:53", "tweet": "@DirtbagDan408 @SnubNoseMedia @DirtbagDanShow the champ can 100% request things and have input into things. they might not always happen, but if things line up they can, like in this instance.", "likes_count": 0, "replies_count": 1, "retweets_count": 0, "hashtags": []}
{"id": 1178817960368132096, "date": "2019-09-30", "time": "19:44:37", "tweet": "We need your input @NNPSJenkins families!  👇🏽", "likes_count": 1, "replies_count": 0, "retweets_count": 0, "hashtags": []}
{"id": 1178817797142368256, "date": "2019-09-30", "time": "19:43:58", "tweet": "@korytellers @amichetti At my school, specialist schedules are created with specialists' input re: timing/frequency/duration to ensure they are set up for success in offering excellent programming in their area of expertise...", "likes_count": 1, "replies_count": 1, "retweets_count": 1, "hashtags": []}
{"id": 1178817760002002944, "date": "2019-09-30", "time": "19:43:50", "tweet": "@Doc_Gore because I have a project due tomorrow that I am completely bullshitting and need input on!", "likes_count": 1, "replies_count": 1, "retweets_count": 0, "hashtags": []}
{"id": 1178817712262242304, "date": "2019-09-30", "time": "19:43:38", "tweet": "id/forいらないパターン &lt;label&gt;   &lt;input&gt; &lt;label&gt;  id/forいるパターン &lt;label for=\"x\"&gt;&lt;/label&gt; &lt;input id=\"x\"&gt;  前者はチェックボックスやラジオボタン以外では使わないんだけど、普通のテキスト入力でも親子関係にしていいのかな？", "likes_count": 0, "replies_count": 1, "retweets_count": 0, "hashtags": []}
{"id": 1178817697049481216, "date": "2019-09-30", "time": "19:43:35", "tweet": "@robindreamsmith Having input most certainly means the ability to say no to being a cultural influence for romanticizing space nazis in a Disney film for children  https://t.co/oi8m6bR5tJ", "likes_count": 0, "replies_count": 1, "retweets_count": 0, "hashtags": []}
{"id": 1178817476416724993, "date": "2019-09-30", "time": "19:42:42", "tweet": "@zachsang1 now thats he's gotten the taste of several different cultures and backgrounds, what type of genre or languages would he input into future music", "likes_count": 0, "replies_count": 0, "retweets_count": 0, "hashtags": []}
{"id": 1178817473358860288, "date": "2019-09-30", "time": "19:42:41", "tweet": "@timbhealey No input, doesn’t really matter See you next year, Tim!", "likes_count": 0, "replies_count": 0, "retweets_count": 0, "hashtags": []}
{"id": 1178817452509138951, "date": "2019-09-30", "time": "19:42:36", "tweet": "@JeffFlake you need to keep your.  f ing mouth shut. You are an flake and a quitter. Shut the he’ll up and mind your own business. No one wants input from a FLAKE. Such an appropriate name!!", "likes_count": 0, "replies_count": 0, "retweets_count": 0, "hashtags": []}
{"id": 1178817357298487301, "date": "2019-09-30", "time": "19:42:14", "tweet": "Oops! I don’t watch cable TV (cut that cord a few months back) but this is a really bad gaff on her part. It just helps bolster the fact that the whistleblower memo was highly crafted with multiple people giving input. @SpeakerPelosi @RepAdamSchiff #thickasthieves", "likes_count": 0, "replies_count": 0, "retweets_count": 1, "hashtags": ["thickasthieves"]}
{"id": 1178816990548566017, "date": "2019-09-30", "time": "19:40:46", "tweet": "@drhorowitzfine Her having input doesn't mean she got to change a major plot point. More likely that she got to help decide the nuances of how it was and will be represented in the films.", "likes_count": 0, "replies_count": 1, "retweets_count": 0, "hashtags": []}
{"id": 1178816904934445057, "date": "2019-09-30", "time": "19:40:26", "tweet": "This class is a joke bruh I'm teaching myself and the other 2 guys in our section of the class. How do I pay money for a teacher to make us read and answer questions without any input. I could do all of this myself without paying anyone. Just have someone accredited watch me test", "likes_count": 10, "replies_count": 0, "retweets_count": 0, "hashtags": []}
{"id": 1178816815465713664, "date": "2019-09-30", "time": "19:40:04", "tweet": "@Kotaku I’ve been following this game for almost 10 years since I was in high school. I remember being so excited about he leveling and rpg aspects. This is incredibly sad to hear, but hopefully they can fix things with the public’s input", "likes_count": 8, "replies_count": 1, "retweets_count": 0, "hashtags": []}
{"id": 1178821516672282630, "date": "2019-09-30", "time": "19:58:45", "tweet": "@_2OLEGEND_ Input delay, gameplay inconsistent, unresponsiveness, drop back is the meta, dribbling is bad", "likes_count": 0, "replies_count": 0, "retweets_count": 0, "hashtags": []}
{"id": 1178821253206953984, "date": "2019-09-30", "time": "19:57:42", "tweet": "@cici18480257 Yeah, it seems like Universities have realized they can win a war of attrition if they (1) commit to studying the problem (2) generously solicit student \"input\" and (3) quibble about the results/brainstorm solutions until mired in bureaucratic minutiae and everyone gives up", "likes_count": 2, "replies_count": 1, "retweets_count": 1, "hashtags": []}
{"id": 1178821219384094722, "date": "2019-09-30", "time": "19:57:34", "tweet": "@Solid_V_Art This all I know. I just want input from someone who's actually gone through the contract. Can't find a copy online.", "likes_count": 0, "replies_count": 1, "retweets_count": 0, "hashtags": []}
{"id": 1178821159061725184, "date": "2019-09-30", "time": "19:57:20", "tweet": "Gameplay in Division Rivals is a joke... everything is so sluggish and input delay is unbearable!  #FIFA20", "likes_count": 2, "replies_count": 2, "retweets_count": 0, "hashtags": ["fifa20"]}
{"id": 1178820795189075968, "date": "2019-09-30", "time": "19:55:53", "tweet": "Some of the main reasons why people don’t receive is because when they up, they don’t express gratitude + that’s not just done by telling others what you’ve gained. Second being this mindset of just “getting” with zero input. When has anyone ever received w/o giving something?", "likes_count": 24, "replies_count": 1, "retweets_count": 3, "hashtags": []}
{"id": 1178820684266590208, "date": "2019-09-30", "time": "19:55:27", "tweet": "@The_Great_Eds @qwertxzy @manjushages @Tiny_Phantom yeah this is what happens when you forget to switch input languages...you don't show people this, it's just embarrassing", "likes_count": 1, "replies_count": 0, "retweets_count": 0, "hashtags": []}
{"id": 1178820673675898885, "date": "2019-09-30", "time": "19:55:24", "tweet": "MDrummer #8 - Input MIDI filter -  https://t.co/rYATLvEr2O MDrummer can be easily calibrated to work perfectly with any MIDI controller. Here's how.   https://t.co/nNEypmW0z4  https://t.co/iGbVyfViHf", "likes_count": 4, "replies_count": 0, "retweets_count": 1, "hashtags": []}
{"id": 1178820661864783872, "date": "2019-09-30", "time": "19:55:21", "tweet": "Niggas don’t be knowing what I’m talking about but putting they input like I give a fuck", "likes_count": 1, "replies_count": 0, "retweets_count": 0, "hashtags": []}
{"id": 1178820235287121920, "date": "2019-09-30", "time": "19:53:40", "tweet": "The Everising S-6235HAA is a versatile mitre cutting automatic saw with the ability to input multiple programs and angles at a reasonable price point. Ideal for steel merchants and fab shops looking to add an advanced level of cutting to their workshop. #… https://t.co/0oc2gDOhb5", "likes_count": 0, "replies_count": 0, "retweets_count": 0, "hashtags": []}
{"id": 1178820210805088259, "date": "2019-09-30", "time": "19:53:34", "tweet": "Moderator: What should be done with the old power plant site? Should there be public access?  Bocks: Absolutely public access and public input. He explained how beautiful the building is, and added it is a very long term plan and added, \"I don't want to rush anything.\"", "likes_count": 2, "replies_count": 1, "retweets_count": 0, "hashtags": []}
{"id": 1178820061823488000, "date": "2019-09-30", "time": "19:52:58", "tweet": "@VertDuFerk Glad we're going each other, Ms. DuFerk. I always appreciate your input. 😊", "likes_count": 1, "replies_count": 1, "retweets_count": 0, "hashtags": []}
{"id": 1178820043699871744, "date": "2019-09-30", "time": "19:52:54", "tweet": "@johndavidstl @mattfredstl If he wants to sue over a tweet then I guess he can do that but I have zero input, interest, or business in their legal proceedings. I am interested in the allegation about city government purposely excluding certain local media. So that’s all I got.", "likes_count": 0, "replies_count": 2, "retweets_count": 0, "hashtags": []}
{"id": 1178819666724245504, "date": "2019-09-30", "time": "19:51:24", "tweet": "@prideinthename @Scotttaylorva Thanks for your input Chicago. Don’t you have bigger problems to worry about? Things aren’t exactly great up there.", "likes_count": 1, "replies_count": 0, "retweets_count": 0, "hashtags": []}
{"id": 1178819628933537792, "date": "2019-09-30", "time": "19:51:15", "tweet": "Ich würde ja berichten von einem anstrengenden Seminartag mit langer Anfahrt, viel zu viel Input, leckerem Essen, zuviel Wein, Karaoke und späte Nachtzeit. Aber das würde Euch nur verwirren. Also: Gute Nacht ♡", "likes_count": 14, "replies_count": 1, "retweets_count": 0, "hashtags": []}
{"id": 1178819628484702210, "date": "2019-09-30", "time": "19:51:15", "tweet": "Input sought for $810m stadium redevelopment; Contractor in place for $81m educational facility upgrade; Approval for $49m social housing development -  https://t.co/GNjf1nlicc", "likes_count": 0, "replies_count": 0, "retweets_count": 0, "hashtags": []}
{"id": 1178819615041957888, "date": "2019-09-30", "time": "19:51:12", "tweet": "@maximilian_  i made a twitter just to tell u to do a Boss Rage for Inferno on legendary difficulty in SC6. Mother absolutely input read and shit on me for almost an hour.", "likes_count": 0, "replies_count": 0, "retweets_count": 0, "hashtags": []}
{"id": 1178819598038102016, "date": "2019-09-30", "time": "19:51:08", "tweet": "@jaylonjamal_ @NBA2K @Ronnie2K That's a fact, they definitely have more input on the game smh which is stupid because they are a small portion of the majority", "likes_count": 0, "replies_count": 1, "retweets_count": 0, "hashtags": []}
{"id": 1178819436762914816, "date": "2019-09-30", "time": "19:50:29", "tweet": "@AlanTracey46 @ChurroAutistic @LarryLurr then you will have to manually input smash attack", "likes_count": 0, "replies_count": 0, "retweets_count": 0, "hashtags": []}
{"id": 1178819316474634240, "date": "2019-09-30", "time": "19:50:01", "tweet": "@RepFredUpton Thanks for coming out today!  And thanks for taking time to learn about our Robotics program.  Your insights and input on that were also appreciated! #hcprobotics #hackettcatholicprep #catholicschoolstrong", "likes_count": 2, "replies_count": 0, "retweets_count": 0, "hashtags": ["hcprobotics", "hackettcatholicprep", "catholicschoolstrong"]}
{"id": 1178818787740659714, "date": "2019-09-30", "time": "19:47:55", "tweet": "Appreciate the input I received on this earlier. I've gone the 'alt account' approach for for those interested in my NSFW offerings check out @after_otter   #furryart", "likes_count": 2, "replies_count": 0, "retweets_count": 0, "hashtags": ["furryart"]}
{"id": 1178818443648192512, "date": "2019-09-30", "time": "19:46:33", "tweet": "Campus Constituents to Offer Strategic Plan Input  https://t.co/B77ahs3Ql8  https://t.co/zoNC4VlPYq", "likes_count": 1, "replies_count": 0, "retweets_count": 0, "hashtags": []}
{"id": 1178818362316447744, "date": "2019-09-30", "time": "19:46:13", "tweet": "@egu777 素敵です！  個人的に物作りにおいてINPUTフェーズはちょっと苦労もあるのですが、OUTPUTフェーズは凄く楽しいので、それが続けられる理由になってます😊", "likes_count": 1, "replies_count": 0, "retweets_count": 0, "hashtags": []}
{"id": 1178818264706584576, "date": "2019-09-30", "time": "19:45:50", "tweet": "@mcclure111 No to #1. How I'd do #2 (untested): ffmpeg -i INPUT.mp4 -ss 27.081533 -to 35.435644 -map 0:1 -vcodec libx264 -profile baseline -pix_fmt yuv420p 1.ts ffmpeg -i INPUT.mp4 -ss 35.435644 -to 3:30 -map 0:1 -vcodec copy 2.ts cat 1.ts 2.ts &gt; 3.ts ffmpeg -i 3.ts -vcodec copy OUTPUT.mp4", "likes_count": 0, "replies_count": 1, "retweets_count": 0, "hashtags": []}
{"id": 1178818198017363969, "date": "2019-09-30", "time": "19:45:34", "tweet": "@RedTRaccoon @LibertyIsALady Think you Red T for serving our beloved country 🇺🇸. I’m sorry you went through those horrific times. We always appreciate your input.", "likes_count": 0, "replies_count": 0, "retweets_count": 0, "hashtags": []}
{"id": 1178818194628198400, "date": "2019-09-30", "time": "19:45:33", "tweet": "@JocelynBrewer @diginutrition We've found that 17% of students' time spent on digital devices within the classroom is off-task, or non educational. Our AI based learning analytics software tracks what sites and apps students use, and develops its data base based on the AI software as well as teacher input.", "likes_count": 0, "replies_count": 1, "retweets_count": 0, "hashtags": []}
{"id": 1178818188399775745, "date": "2019-09-30", "time": "19:45:32", "tweet": "@mcclure111 H264 in MP4 is not guaranteed to be \"spliceable\"; that is, two encoders (or the same encoder run with different settings and input, or in some specific cases even the same encoder run twice) may produce streams that can't be simply concatenated together and play correctly", "likes_count": 0, "replies_count": 1, "retweets_count": 0, "hashtags": []}
{"id": 1178818185749057537, "date": "2019-09-30", "time": "19:45:31", "tweet": "@btosk your input as a board certified medical doctor and expert healer?", "likes_count": 0, "replies_count": 1, "retweets_count": 0, "hashtags": []}
{"id": 1178818025316929536, "date": "2019-09-30", "time": "19:44:53", "tweet": "@DirtbagDan408 @SnubNoseMedia @DirtbagDanShow the champ can 100% request things and have input into things. they might not always happen, but if things line up they can, like in this instance.", "likes_count": 0, "replies_count": 1, "retweets_count": 0, "hashtags": []}
{"id": 1178817960368132096, "date": "2019-09-30", "time": "19:44:37", "tweet": "We need your input @NNPSJenkins families!  👇🏽", "likes_count": 1, "replies_count": 0, "retweets_count": 0, "hashtags": []}
{"id": 1178817797142368256, "date": "2019-09-30", "time": "19:43:58", "tweet": "@korytellers @amichetti At my school, specialist schedules are created with specialists' input re: timing/frequency/duration to ensure they are set up for success in offering excellent programming in their area of expertise...", "likes_count": 1, "replies_count": 1, "retweets_count": 1, "hashtags": []}
{"id": 1178817760002002944, "date": "2019-09-30", "time": "19:43:50", "tweet": "@Doc_Gore because I have a project due tomorrow that I am completely bullshitting and need input on!", "likes_count": 1, "replies_count": 1, "retweets_count": 0, "hashtags": []}
{"id": 1178817712262242304, "date": "2019-09-30", "time": "19:43:38", "tweet": "id/forいらないパターン &lt;label&gt;   &lt;input&gt; &lt;label&gt;  id/forいるパターン &lt;label for=\"x\"&gt;&lt;/label&gt; &lt;input id=\"x\"&gt;  前者はチェックボックスやラジオボタン以外では使わないんだけど、普通のテキスト入力でも親子関係にしていいのかな？", "likes_count": 0, "replies_count": 1, "retweets_count": 0, "hashtags": []}
{"id": 1178817697049481216, "date": "2019-09-30", "time": "19:43:35", "tweet": "@robindreamsmith Having input most certainly means the ability to say no to being a cultural influence for romanticizing space nazis in a Disney film for children  https://t.co/oi8m6bR5tJ", "likes_count": 0, "replies_count": 1, "retweets_count": 0, "hashtags": []}
{"id": 1178817476416724993, "date": "2019-09-30", "time": "19:42:42", "tweet": "@zachsang1 now thats he's gotten the taste of several different cultures and backgrounds, what type of genre or languages would he input into future music", "likes_count": 0, "replies_count": 0, "retweets_count": 0, "hashtags": []}
{"id": 1178817473358860288, "date": "2019-09-30", "time": "19:42:41", "tweet": "@timbhealey No input, doesn’t really matter See you next year, Tim!", "likes_count": 0, "replies_count": 0, "retweets_count": 0, "hashtags": []}
{"id": 1178817452509138951, "date": "2019-09-30", "time": "19:42:36", "tweet": "@JeffFlake you need to keep your.  f ing mouth shut. You are an flake and a quitter. Shut the he’ll up and mind your own business. No one wants input from a FLAKE. Such an appropriate name!!", "likes_count": 0, "replies_count": 0, "retweets_count": 0, "hashtags": []}
{"id": 1178817357298487301, "date": "2019-09-30", "time": "19:42:14", "tweet": "Oops! I don’t watch cable TV (cut that cord a few months back) but this is a really bad gaff on her part. It just helps bolster the fact that the whistleblower memo was highly crafted with multiple people giving input. @SpeakerPelosi @RepAdamSchiff #thickasthieves", "likes_count": 0, "replies_count": 0, "retweets_count": 1, "hashtags": ["thickasthieves"]}
{"id": 1178816990548566017, "date": "2019-09-30", "time": "19:40:46", "tweet": "@drhorowitzfine Her having input doesn't mean she got to change a major plot point. More likely that she got to help decide the nuances of how it was and will be represented in the films.", "likes_count": 0, "replies_count": 1, "retweets_count": 0, "hashtags": []}
{"id": 1178816904934445057, "date": "2019-09-30", "time": "19:40:26", "tweet": "This class is a joke bruh I'm teaching myself and the other 2 guys in our section of the class. How do I pay money for a teacher to make us read and answer questions without any input. I could do all of this myself without paying anyone. Just have someone accredited watch me test", "likes_count": 10, "replies_count": 0, "retweets_count": 0, "hashtags": []}
{"id": 1178816815465713664, "date": "2019-09-30", "time": "19:40:04", "tweet": "@Kotaku I’ve been following this game for almost 10 years since I was in high school. I remember being so excited about he leveling and rpg aspects. This is incredibly sad to hear, but hopefully they can fix things with the public’s input", "likes_count": 8, "replies_count": 1, "retweets_count": 0, "hashtags": []}
{"id": 1178816703465046016, "date": "2019-09-30", "time": "19:39:38", "tweet": "@LizzieTrap Noted, thank you for the input", "likes_count": 0, "replies_count": 0, "retweets_count": 0, "hashtags": []}
{"id": 1178816550415032320, "date": "2019-09-30", "time": "19:39:01", "tweet": "@JohnMTalmadgeMD @KathleenIrish75 He was able to get over without ever being challenged in the greed-centered 80s.   But, he was all but down the tubes until That reality show, in which he had NO ACTUAL INPUT, incl who to fire--- came along.  All of it is documented, tho again, I also came up here in Manhattan.", "likes_count": 0, "replies_count": 0, "retweets_count": 0, "hashtags": []}
{"id": 1178816511231877121, "date": "2019-09-30", "time": "19:38:52", "tweet": "@oldarelu Thx for the input xoxo", "likes_count": 0, "replies_count": 0, "retweets_count": 0, "hashtags": []}
{"id": 1178816467153739776, "date": "2019-09-30", "time": "19:38:41", "tweet": "@TradySlim New follower bro. Love your input on telegram 😉 Keep up the great work", "likes_count": 1, "replies_count": 1, "retweets_count": 0, "hashtags": []}
{"id": 1178816402247077889, "date": "2019-09-30", "time": "19:38:26", "tweet": "@MattTheStache1, Vin and myself started this venture together in March of 2018. We added @ThatDivaGigi and @Walk_With_Joe shortly after. Please send up a prayer tonight for our fallen member of the #WrestlingCommunity, Vin. We will miss his input here at ATW.", "likes_count": 5, "replies_count": 1, "retweets_count": 4, "hashtags": ["wrestlingcommunity"]}
{"id": 1178816391002165248, "date": "2019-09-30", "time": "19:38:23", "tweet": "@featherrwbyrnjr While I’m still very new to the fandom and my input can be clouded, sexual orientation and/or gender are no personalities and reducing a character to that is doing a disservice to them", "likes_count": 1, "replies_count": 2, "retweets_count": 0, "hashtags": []}
{"id": 1178816208239357952, "date": "2019-09-30", "time": "19:37:40", "tweet": "The City of Encinitas is hosting a Community Workshop on Citywide ADA Accessibility on Tuesday, Oct. 1 from 6 – 8 p.m. at Encinitas City Hall. The workshop will feature presentations from staff followed by a facilitator-led session to allow input and comments on accessibility.  https://t.co/mIktPjhEaB", "likes_count": 1, "replies_count": 0, "retweets_count": 1, "hashtags": []}
{"id": 1178816195245592576, "date": "2019-09-30", "time": "19:37:36", "tweet": "@MattHarmon_BYB @AlexGelhar I appreciate the input, Matt. That's sorta what I started leaning toward as well. It's not like either team is going to \"run\" away with it tonight.", "likes_count": 0, "replies_count": 0, "retweets_count": 0, "hashtags": []}
{"id": 1178816172172730368, "date": "2019-09-30", "time": "19:37:31", "tweet": "@aerifiretruck Ahhh no worries at all! I do love your input!😭💗💕💕", "likes_count": 1, "replies_count": 0, "retweets_count": 0, "hashtags": []}
{"id": 1178816108759064583, "date": "2019-09-30", "time": "19:37:16", "tweet": "some input @kyloporg  https://t.co/BdwSrEwCtT", "likes_count": 3, "replies_count": 1, "retweets_count": 0, "hashtags": []}
{"id": 1178816060432224256, "date": "2019-09-30", "time": "19:37:04", "tweet": "San Diego CA USA - Meter Biller - Invoicing Billing - Input customer meter billing information into: Input customer meter billing information into eAutomate and process contract billings Place phone calls and emails to o  https://t.co/s8TQdUvE0i", "likes_count": 0, "replies_count": 0, "retweets_count": 0, "hashtags": []}
{"id": 1178815780714094592, "date": "2019-09-30", "time": "19:35:58", "tweet": "@KremlinRussia_E , I don't think that we need your approval or any input to publish the calls between our two presidents. Capisie?  American Free Press, gotta love it!  https://t.co/Wr8Y7Luhk8", "likes_count": 0, "replies_count": 0, "retweets_count": 0, "hashtags": []}
{"id": 1178815777522290688, "date": "2019-09-30", "time": "19:35:57", "tweet": "@VicGChad07 We aren't having a discussion. You're just bothering me, despite my asking you to stop and never asking for your input initially.", "likes_count": 0, "replies_count": 1, "retweets_count": 0, "hashtags": []}
{"id": 1178815764251459584, "date": "2019-09-30", "time": "19:35:54", "tweet": "@_vxian yeah i was thinking about $50-$60 for the paintings +$15 for each additional subject thrown in for cases where someone wants to commission ship art or smth but i figure getting some extra input would help, ty!!", "likes_count": 0, "replies_count": 0, "retweets_count": 0, "hashtags": []}
{"id": 1178815742910746624, "date": "2019-09-30", "time": "19:35:49", "tweet": "@Input_a_Name @stairs_on shit you're right. it's definitely not 8 am  https://t.co/Q8Z2q4Kf2b", "likes_count": 0, "replies_count": 1, "retweets_count": 0, "hashtags": []}
{"id": 1178815688418291713, "date": "2019-09-30", "time": "19:35:36", "tweet": "@robindreamsmith \"I know the effect Rey had on people and the direction Rey is going in the story, and onwards, the depiction of women in cinema, and to have an input into where that's going...\"  once again, ignoring everything Daisy said.  https://t.co/Iki3cx4wBp", "likes_count": 0, "replies_count": 1, "retweets_count": 0, "hashtags": []}
{"id": 1178815632357371904, "date": "2019-09-30", "time": "19:35:22", "tweet": "I am trimming a video with  ffmpeg -i INPUT.mp4 -ss 0:32 -to 3:30 -map 0:1 -vcodec copy \"OUTPUT.mp4\"  But!  There are keyframes at 27.081533 and 35.435644. None at 0:32.  The output begins w/ 3 seconds of black screen until the first keyframe is reached.  Is there a possible fix?", "likes_count": 8, "replies_count": 6, "retweets_count": 1, "hashtags": []}
{"id": 1178815599314706432, "date": "2019-09-30", "time": "19:35:14", "tweet": "@RawlingsA82 @the_andriko @john_keim How do we know he wasnt? Moreau was drafted during Grudens tenure, you think he had no input? Making some assumptions here I think.", "likes_count": 0, "replies_count": 1, "retweets_count": 0, "hashtags": []}
{"id": 1178815532700782592, "date": "2019-09-30", "time": "19:34:58", "tweet": "“One of the most important skill is the ability to revise based on the input of others.”", "likes_count": 12, "replies_count": 0, "retweets_count": 3, "hashtags": []}
{"id": 1178815303775653888, "date": "2019-09-30", "time": "19:34:04", "tweet": "@J_Buff90 Thanks for the input CB. Passing it along to our design team.", "likes_count": 0, "replies_count": 0, "retweets_count": 0, "hashtags": []}
