{"id": 1152005082424078336, "date": "2019-07-18", "time": "19:59:49", "tweet": "@warrenm @heyadam You can feed the output of an MPSImage “filter” as an scnTechnique texture input via scnmaterialproperty but I don’t believe you can get an metal texture from an scn pass UNLESS it’s the last pass for your presentable - which you can nab the metal texture from and feed to MPS", "likes_count": 3, "replies_count": 0, "retweets_count": 0, "hashtags": []}
{"id": 1152004798075428865, "date": "2019-07-18", "time": "19:58:41", "tweet": "It is not perfect, I am an amateur trader and a novice at coding, but I am proud of what I am seeing from it. All of the above charts are weekly. If anyone has input or advice, I am open to any conversation.", "likes_count": 1, "replies_count": 1, "retweets_count": 0, "hashtags": []}
{"id": 1152004759814991873, "date": "2019-07-18", "time": "19:58:32", "tweet": "Last valid input: 2019-07-19 08:58:24.569778 Temperature: 30.00 C Humidity: 76.00 %", "likes_count": 0, "replies_count": 0, "retweets_count": 0, "hashtags": []}
{"id": 1152004723119030273, "date": "2019-07-18", "time": "19:58:23", "tweet": "@ZamboniSSB @coneyzz LOL never forget  I remembered actually being pissed beyond belief after this experience  As much as I loved Blur, he fielded a lot of questions to Wobbles in this instance  Not his fault, he clearly appreciates a lot of the input that Wobbles as to offer, as do I  Still effed up", "likes_count": 9, "replies_count": 1, "retweets_count": 0, "hashtags": []}
{"id": 1152004561940316161, "date": "2019-07-18", "time": "19:57:45", "tweet": "Testing my code: input negative numbers, non-letter/number characters, database commands, random gibberish, mathematical operations. No issues.  QA testing my code: No issues.  Customer: Uses software correctly, but computer bursts into flame &amp; burns their office to the ground.", "likes_count": 0, "replies_count": 0, "retweets_count": 0, "hashtags": []}
{"id": 1152004391601233920, "date": "2019-07-18", "time": "19:57:04", "tweet": "@BukaBantuan aplikasi bukalapak terbaru perlu diperbaiki lg,saat input barang jualan kondisi barang BEKAS selalu berubah ke kondisi BARU,pdhl sudah disetting ke barang bekas", "likes_count": 0, "replies_count": 1, "retweets_count": 0, "hashtags": []}
{"id": 1152004361259642880, "date": "2019-07-18", "time": "19:56:57", "tweet": "I will write about literature again and do essays. I miss it. I've had a *real* mental block about publishing much, but I am getting hungry to again.  Dylan said of a quiet period he was in, it was \"input mode\"...I've been listening/thinking/processing. Think I'm ready to emerge.", "likes_count": 2, "replies_count": 0, "retweets_count": 0, "hashtags": []}
{"id": 1152004307471855616, "date": "2019-07-18", "time": "19:56:44", "tweet": "hey @circlcenter and cyberlearning researchers -- Video and Image Analytics Task Force is requesting your input. See  https://t.co/0zGLdUYdld", "likes_count": 1, "replies_count": 0, "retweets_count": 2, "hashtags": []}
{"id": 1152004090462793728, "date": "2019-07-18", "time": "19:55:53", "tweet": "@AudacityOfHoops @KMRMKR @deanondraft @TheRealKunya Perhaps we need a “did anyone ever pay for your input about the game” perspective. I got cut from 8th grade basketball, but I’m a “yes” there. Have 3 teenagers and a definite “no” in that domain.", "likes_count": 1, "replies_count": 0, "retweets_count": 0, "hashtags": []}
{"id": 1152003965023707137, "date": "2019-07-18", "time": "19:55:23", "tweet": "@xigbxr yeah agree. i know nothing can beat the original. idk why they’re making all these movies live action either but ty for the input!!! im glad it’s not completely terrible", "likes_count": 0, "replies_count": 1, "retweets_count": 0, "hashtags": []}
{"id": 1152003869821427712, "date": "2019-07-18", "time": "19:55:00", "tweet": "@christinascheu I am torn between algonquin and temagami for my father / son (16) trip in August. 8 days. One canoe. Little experience. Lots of enthusiasm. Ty for all your input.", "likes_count": 2, "replies_count": 0, "retweets_count": 0, "hashtags": []}
{"id": 1152003849005088769, "date": "2019-07-18", "time": "19:54:55", "tweet": "WHY DOES IT UPDATE THE PAGE WITHOUT MY INPUT OH MY GOD", "likes_count": 0, "replies_count": 1, "retweets_count": 0, "hashtags": []}
{"id": 1152003680167591937, "date": "2019-07-18", "time": "19:54:15", "tweet": "@Keep2020Alive You are not alone in that feeling. Most times change is good, imo this isn't one of those times. This new format feels upside down and backwards. Why weren't we able to have input or vote on platform changes?", "likes_count": 1, "replies_count": 0, "retweets_count": 0, "hashtags": []}
{"id": 1152003449787043840, "date": "2019-07-18", "time": "19:53:20", "tweet": "@LorneNystrom @mynamesnotgordy @MerlinofCanada @HazelEros Over 6000 people had input in this thing.  Doctors, nurses, Dieticians, Psychologist, and the general public.  Scheer is an absolute idiot. He wants to be PM, but this is all he can can come up.", "likes_count": 19, "replies_count": 2, "retweets_count": 6, "hashtags": []}
{"id": 1152003376525107200, "date": "2019-07-18", "time": "19:53:02", "tweet": "AND I have to wonder who paid for the barricades, the state workers who waited until late in the day to move them.  Who is paying for all of the officers standing around doing little.. all day Monday two by us just stood talking on their phones.    Anyway.. just my input", "likes_count": 1, "replies_count": 0, "retweets_count": 0, "hashtags": []}
{"id": 1152003242462601218, "date": "2019-07-18", "time": "19:52:30", "tweet": "@primallassie I'm seriously looking forward to it! Thank you for your input!", "likes_count": 1, "replies_count": 0, "retweets_count": 0, "hashtags": []}
{"id": 1152002983149707265, "date": "2019-07-18", "time": "19:51:29", "tweet": "Gee, @Jack, why didn't you try a focus group or some user input before you rolled out this awful interface?  How can I get back to the old interface?  https://t.co/2G1ZtKRxk8", "likes_count": 1, "replies_count": 0, "retweets_count": 2, "hashtags": []}
{"id": 1152002869622501376, "date": "2019-07-18", "time": "19:51:01", "tweet": "Someone is doing his job. Hmmmm! Who might that be?😎 NO ON #AB5   Uber, Lyft drivers demand input on gig-work negotiations  https://t.co/Zy650ofTif via @sfchronicle", "likes_count": 0, "replies_count": 0, "retweets_count": 0, "hashtags": ["ab5"]}
{"id": 1152002560833683462, "date": "2019-07-18", "time": "19:49:48", "tweet": "input [ˈɪnpʊt] (名)(動・他)  ☆ 入力・(資金などの)投入 (名) input data 入力データ  input goods 投入財  ☆ 〜を入力する to input the values 数値を入力する  #英検 #英検準1級 #英検2級 #TOEIC #TOEFL #英語", "likes_count": 0, "replies_count": 0, "retweets_count": 0, "hashtags": ["英検", "英検準1級", "英検2級", "toeic", "toefl", "英語"]}
{"id": 1152002560095428608, "date": "2019-07-18", "time": "19:49:48", "tweet": "This is both heartbreaking and beautiful. I dread the coming season as much as I am excited to see it. Knowing the guys had some input in the story, that Jensen is directing an episode ... all this makes me giddy, while I cower under the covers. #SPNFamily #Supernatural #SPN15", "likes_count": 3, "replies_count": 0, "retweets_count": 0, "hashtags": ["spnfamily", "supernatural", "spn15"]}
{"id": 1152002554701598723, "date": "2019-07-18", "time": "19:49:46", "tweet": "@itsmeglennssss di daw nag input ng slots yung mga dean, except sa htm daw.", "likes_count": 0, "replies_count": 0, "retweets_count": 0, "hashtags": []}
{"id": 1152002523084886016, "date": "2019-07-18", "time": "19:49:39", "tweet": "How to build a large facial recognition database? Make it fun for consumers to input their face and name (via social media) which will distract them from its purpose. People won't be able to resist. It's working  Aging app shows fun trumps privacy  https://t.co/fLRtZuLbRw.", "likes_count": 5, "replies_count": 0, "retweets_count": 1, "hashtags": []}
{"id": 1152002325797470208, "date": "2019-07-18", "time": "19:48:52", "tweet": "@itswwh the boys didn’t even write the lyrics for the English version. i doubt they had a whole lot of input regarding the English lyrics, which is why the message is so different. I honestly prefer the kor. ver.", "likes_count": 7, "replies_count": 1, "retweets_count": 0, "hashtags": []}
{"id": 1152002111766290432, "date": "2019-07-18", "time": "19:48:01", "tweet": "A formal request has been submitted to #CityofTO's Parks, Forestry &amp; Recreation to rename Birchmount Stadium (75 Birchmount Road) to \"Bill D. Stephens Stadium\". We would like your input.   Complete the survey:  https://t.co/SNL1IgDENs   Share your ideas by Aug 1, 2019.  #Toronto  https://t.co/Z05INWXf18", "likes_count": 0, "replies_count": 0, "retweets_count": 0, "hashtags": ["cityofto", "toronto"]}
{"id": 1152001767917309952, "date": "2019-07-18", "time": "19:46:39", "tweet": "Input data koperasi secara asal-asalan sudah tidak dapat dilakukan  https://t.co/BNM8VQ5n7n", "likes_count": 1, "replies_count": 1, "retweets_count": 0, "hashtags": []}
{"id": 1152001720349626368, "date": "2019-07-18", "time": "19:46:27", "tweet": "@Uber, @lyft drivers demand input on gig-work negotiations  https://t.co/yOyb8m5dxc", "likes_count": 0, "replies_count": 0, "retweets_count": 0, "hashtags": []}
{"id": 1152001668365426688, "date": "2019-07-18", "time": "19:46:15", "tweet": "@hannahaligator Well, I still don't understand anything about what the point of your tweeting me was, but I appreciate your input. God bless!", "likes_count": 0, "replies_count": 0, "retweets_count": 0, "hashtags": []}
{"id": 1152001627013836800, "date": "2019-07-18", "time": "19:46:05", "tweet": "Yesterday, Formal Protest Letters we’re hand-delivered to the BLM office in Santa Fe, New Mexico. Protest letters would only be accepted within the protest period of ten days either by snail mail or hand delivery, a tactic to discourage public input.  https://t.co/kNapOSH0Ol", "likes_count": 4, "replies_count": 1, "retweets_count": 0, "hashtags": []}
{"id": 1152001368749531138, "date": "2019-07-18", "time": "19:45:04", "tweet": "New section added for Scala 2.13 that discourages the use of io.Source in favor of our 'using' method for input and output #scala  https://t.co/wDDpq5TN8c", "likes_count": 0, "replies_count": 0, "retweets_count": 0, "hashtags": ["scala"]}
{"id": 1152001364454588417, "date": "2019-07-18", "time": "19:45:03", "tweet": "The @TownofClayton Strategic Plan Committee needs your input in helping guide the future of our community. Let your voice be heard as their map a strategic economic development plan moving forward.  https://t.co/rVWYIvgYnc #economicdevelopment #thinkclayton #ClaytonNC  https://t.co/k4Az2pM209", "likes_count": 0, "replies_count": 0, "retweets_count": 0, "hashtags": ["economicdevelopment", "thinkclayton", "claytonnc"]}
{"id": 1152001342765858816, "date": "2019-07-18", "time": "19:44:57", "tweet": "Truly solid state computing. Turns out you can make a piece of glass into a functional neural network and it's powered by the input light itself!  https://t.co/0xlwtw9MZe", "likes_count": 0, "replies_count": 0, "retweets_count": 0, "hashtags": []}
{"id": 1152001316970876928, "date": "2019-07-18", "time": "19:44:51", "tweet": "Teriyaki fried tofu bites  https://t.co/T9buiaF22w", "likes_count": 9, "replies_count": 0, "retweets_count": 0, "hashtags": []}
{"id": 1152001283970105344, "date": "2019-07-18", "time": "19:44:43", "tweet": "@KerryDunn123 @GSUEdLead Agreed. The board should allow for input on the matter.", "likes_count": 0, "replies_count": 0, "retweets_count": 0, "hashtags": []}
{"id": 1152001082697981953, "date": "2019-07-18", "time": "19:43:55", "tweet": "He replied \"I worked on the Flight Instrumentation for LEM. Every sensor fed input data to our equipment ... Everything ... Every  gauge, every switch, electronic signal pertaining to LEM. It was a major subsystem.\" I believe he worked on Apollo 12, not 11. Pretty cool! 2/2", "likes_count": 15, "replies_count": 2, "retweets_count": 0, "hashtags": []}
{"id": 1152000849322758145, "date": "2019-07-18", "time": "19:43:00", "tweet": "Seeking great ideas to get input from young people? Check out our new quick start guide!  https://t.co/PwsiDTZ9hN #SummerLearning #evaluation #feedback  https://t.co/fQVvu1TPDn", "likes_count": 1, "replies_count": 0, "retweets_count": 0, "hashtags": ["summerlearning", "evaluation", "feedback"]}
{"id": 1152000826283458561, "date": "2019-07-18", "time": "19:42:54", "tweet": "@GSUEdLead Yes, the science teachers have violated democratic principles in that a few individuals have made decisions that will impact the majority without their input.  Honors courses criteria and policy was already established; therefore, to a comprehensive process should have been used.", "likes_count": 0, "replies_count": 0, "retweets_count": 0, "hashtags": []}
{"id": 1152000801595727872, "date": "2019-07-18", "time": "19:42:48", "tweet": "Typical example of \"input\" (activities): \"We have the strongest #AML system in the world. We have globally agreed at #FATF to implement...\" versus \"output\"  (impact, effect or outcome). When are we going to measure the effectiveness and unintended negative consequences of #AML?", "likes_count": 5, "replies_count": 1, "retweets_count": 1, "hashtags": ["aml", "fatf", "aml"]}
{"id": 1152000735652929537, "date": "2019-07-18", "time": "19:42:33", "tweet": "@jrbslc @PantherResists , hey panther we r planning our polygamist wedding need ur input. 😈😈😈", "likes_count": 1, "replies_count": 0, "retweets_count": 0, "hashtags": []}
{"id": 1152000342386548740, "date": "2019-07-18", "time": "19:40:59", "tweet": "No desire for your input I does my shit", "likes_count": 1, "replies_count": 0, "retweets_count": 0, "hashtags": []}
{"id": 1151999919885938688, "date": "2019-07-18", "time": "19:39:18", "tweet": "Until #dragonballlegends fixes their PVP servers I don’t see a point in playing online. 4 straight lag matches where my input isn’t even being picked up but my opponent lands a 6 hit combo &amp; RR. It’s been a whole year Bandai. FIX YOUR GAME", "likes_count": 0, "replies_count": 0, "retweets_count": 0, "hashtags": ["dragonballlegends"]}
{"id": 1151999863514513409, "date": "2019-07-18", "time": "19:39:05", "tweet": "@mysticaIswift @PopCrave Thanks for your input no one cares", "likes_count": 0, "replies_count": 1, "retweets_count": 0, "hashtags": []}
{"id": 1151999735252676608, "date": "2019-07-18", "time": "19:38:34", "tweet": "@GSUEdLead A4: I believe so. There's input from all stakeholders but students. However, it's incumbent upon the principal to host a meeting sharing this change. This situation could happen again at some point. #GSUEdLead", "likes_count": 0, "replies_count": 0, "retweets_count": 0, "hashtags": ["gsuedlead"]}
{"id": 1151999721596080128, "date": "2019-07-18", "time": "19:38:31", "tweet": "Last valid input: 2019-07-19 08:38:21.890484 Temperature: 30.00 C Humidity: 76.00 %", "likes_count": 0, "replies_count": 0, "retweets_count": 0, "hashtags": []}
{"id": 1151999526816796673, "date": "2019-07-18", "time": "19:37:44", "tweet": "TLDR 1. You are not owed a stranger's time unnecessarily 2. No input = no output 3. Everyone wants a real connection 3-1. Questions are like an rpg (the mechanics behind them are there for a reason) 4. It's okay to not personally know people 5. Trying generally works  and", "likes_count": 8, "replies_count": 1, "retweets_count": 0, "hashtags": []}
{"id": 1151999521066344448, "date": "2019-07-18", "time": "19:37:43", "tweet": "@roberthartleyf1 @pjhelliar @deniseshrivell It was the failing in his medical medication administration/monitoring and not listening to family input that set him on his final trajectory. Good help came too late with sudden death from bacterial meningitis in housing commission but in good health and ready to start Uni", "likes_count": 1, "replies_count": 1, "retweets_count": 0, "hashtags": []}
{"id": 1151999493455302657, "date": "2019-07-18", "time": "19:37:37", "tweet": "@Mr_Glick_ @GSUEdLead R4: I absolutely think they are of age to have meaningful input!", "likes_count": 1, "replies_count": 0, "retweets_count": 0, "hashtags": []}
{"id": 1151999481644085248, "date": "2019-07-18", "time": "19:37:34", "tweet": "@GSUEdLead A4 I feel that this would support the teachers' decision. They had solicited input from their stakeholders and acted upon it. #GSUEdLead", "likes_count": 1, "replies_count": 3, "retweets_count": 0, "hashtags": ["gsuedlead"]}
{"id": 1151999459758264320, "date": "2019-07-18", "time": "19:37:28", "tweet": "@P__trr The meets are coordinated with the police. 100 drivers in one place with some control or informal meets with no police input? Tonight is tragic, but to say it's safer letting them all go off to do their own thing is more dangerous.", "likes_count": 0, "replies_count": 0, "retweets_count": 0, "hashtags": []}
{"id": 1151999425708879872, "date": "2019-07-18", "time": "19:37:20", "tweet": " https://t.co/K2lpF6seEH", "likes_count": 1, "replies_count": 0, "retweets_count": 0, "hashtags": []}
{"id": 1151999310742999040, "date": "2019-07-18", "time": "19:36:53", "tweet": "How does everyone display (or not) their cards? I’m trying to move all mine out of screw downs &amp; protect from fading. Any input/ideas appreciated.  https://t.co/xdKD6MVrb6", "likes_count": 67, "replies_count": 24, "retweets_count": 11, "hashtags": []}
{"id": 1151999305906941954, "date": "2019-07-18", "time": "19:36:52", "tweet": "@SelflessDeity They’re all prettt solid, Goku got an awakening for 4th year and that Vegeta dropped with metal cooler, not too much input on the cell since I’ve never used him or anything.", "likes_count": 0, "replies_count": 0, "retweets_count": 0, "hashtags": []}
{"id": 1151999222847135747, "date": "2019-07-18", "time": "19:36:32", "tweet": "oh wow, so the left sidebar (with the home and other tabs etc) only seems to collapse when you shrink down the window and certain amount  that's honestly super annoying and i hope they input a setting that allows you to collapse it manually (as well as the right sidebar)", "likes_count": 0, "replies_count": 0, "retweets_count": 0, "hashtags": []}
{"id": 1151999025685467136, "date": "2019-07-18", "time": "19:35:45", "tweet": "@ForbiddenRitual @DivineJimenez22 I didn't donate yet. I was contemplating it. Thanks for the input. 😁", "likes_count": 1, "replies_count": 0, "retweets_count": 0, "hashtags": []}
{"id": 1151998989765529600, "date": "2019-07-18", "time": "19:35:36", "tweet": "@morganbusacca @KFCBarstool Thankyou for the expert input Morgan.", "likes_count": 3, "replies_count": 0, "retweets_count": 0, "hashtags": []}
{"id": 1151998947273015296, "date": "2019-07-18", "time": "19:35:26", "tweet": "@tef at least they removed a compose box from the front page so you have less reason to be hitting those keys while you have the front page up, but about 75% of the time I activate the shortcuts by accident I thought I had my input focus in another window", "likes_count": 0, "replies_count": 0, "retweets_count": 0, "hashtags": []}
{"id": 1151998887319625729, "date": "2019-07-18", "time": "19:35:12", "tweet": "@nbaughman3 @techteach_csub I also love google forms! I like that in the beginning of the year you can create a form to get to know your students and using them for group project assessments where the students can comfortably share their input on their group’s project!", "likes_count": 1, "replies_count": 0, "retweets_count": 0, "hashtags": []}
{"id": 1151998842906132480, "date": "2019-07-18", "time": "19:35:01", "tweet": "@peterjquinn1 Thanks for your input", "likes_count": 0, "replies_count": 1, "retweets_count": 0, "hashtags": []}
{"id": 1151998661296967680, "date": "2019-07-18", "time": "19:34:18", "tweet": "@BrandiBritain @sistermarychuck Just my input, it shouldnt matter if nothing is going on, but it does. People can't control rumors being spread. Once a lie starts,  it snowballs. So he's protecting his career. As a girls softball coach, i never drive a player alone because people like to start trouble", "likes_count": 0, "replies_count": 0, "retweets_count": 0, "hashtags": []}
{"id": 1151998635304873984, "date": "2019-07-18", "time": "19:34:12", "tweet": "Beauty Pie | Now Available in the US! But WHAT is it exactly?? Beauty Pie is giving you $50 extra for your first month with the code STEPHSENTME! Sponsored by Beauty Pie. Beauty Pie had no input on what was included in this video.   Follow this link to s…  https://t.co/2JtW4uQxX9", "likes_count": 0, "replies_count": 0, "retweets_count": 0, "hashtags": []}
{"id": 1151998608259993600, "date": "2019-07-18", "time": "19:34:05", "tweet": "@MsSabers @GSUEdLead Yes, yes, yes. The decision, even with community/stakeholder input, goes against board policy. The concerns are legitimate. Teachers should have taken those concerns to the board to address the concern rather than making the change themselves. #GSUEdLead", "likes_count": 1, "replies_count": 0, "retweets_count": 0, "hashtags": ["gsuedlead"]}
