{"id": 1179546559282741248, "date": "2019-10-02", "time": "19:59:49", "tweet": "@Twitter Even if you cannot make the *President take a #TwitterTimeOut you could at least put disclaimers on the ones that violate your User Service Agreement Rules of Prohibited Conduct standard.Your users deserve warnings. Foreign sponsored input should be labeled. Do YOUR duty", "likes_count": 0, "replies_count": 0, "retweets_count": 0, "hashtags": ["twittertimeout"]}
{"id": 1179546443616591873, "date": "2019-10-02", "time": "19:59:21", "tweet": "#parentcampchat TONITE! 8:30pm CT!  🎟🚀How might you *get input*👥from your families👥 to inform design &amp; programming?  @NAFSCE @ErikaCravalho @NJimerTwo @BMS_Parents @karikeefe @coreymohn @parkmoorpride @LakeWill611 @marliewilliams @logaudy @natalieatkins04 @AngDorsey @LarsonKr  https://t.co/ES2LMTwEvb", "likes_count": 6, "replies_count": 0, "retweets_count": 3, "hashtags": ["parentcampchat"]}
{"id": 1179546439526969344, "date": "2019-10-02", "time": "19:59:20", "tweet": "State government planning reforms are underway. New planning reforms will change the way development applications are lodged &amp; assessed. You can have input into the conversation through the State Planning Commission online planning portal  https://t.co/GHhzvZLgk4 @CityofBurnside  https://t.co/exSNzOizXC", "likes_count": 1, "replies_count": 0, "retweets_count": 3, "hashtags": []}
{"id": 1179546353451622400, "date": "2019-10-02", "time": "19:59:00", "tweet": "@RubysBubys SBU input lag is why i don't play the game. Tasty 100ms input lag on a fighting game", "likes_count": 0, "replies_count": 0, "retweets_count": 0, "hashtags": []}
{"id": 1179546227802804230, "date": "2019-10-02", "time": "19:58:30", "tweet": "@wwasik13 @VonStroke @theritzybor Thanks for the input!", "likes_count": 1, "replies_count": 0, "retweets_count": 0, "hashtags": []}
{"id": 1179546177471041536, "date": "2019-10-02", "time": "19:58:18", "tweet": "My colleague: \"I don't feel like doing karaoke tonight.\"  5 hours later, also him: *hogging the input panel and keep making Millennials sing Queen*", "likes_count": 7, "replies_count": 2, "retweets_count": 0, "hashtags": []}
{"id": 1179546031588921344, "date": "2019-10-02", "time": "19:57:43", "tweet": "@bukantoxic Di cancel ga? Perasaan itu salah input dia Yg lain pada di cancel? Kamu?", "likes_count": 0, "replies_count": 0, "retweets_count": 0, "hashtags": []}
{"id": 1179545930938363905, "date": "2019-10-02", "time": "19:57:19", "tweet": "@hockeyislife36 @jdstalnaked Yes thanks Sara,so nice to have your input, no hockey game tonight?.", "likes_count": 2, "replies_count": 1, "retweets_count": 0, "hashtags": []}
{"id": 1179545854526529536, "date": "2019-10-02", "time": "19:57:01", "tweet": "#linux #kernel  Re: [PATCH] hwmon: applesmc: switch to using input device polling mode  https://t.co/ApYovKXhIi", "likes_count": 0, "replies_count": 0, "retweets_count": 0, "hashtags": ["linux", "kernel"]}
{"id": 1179545853389766656, "date": "2019-10-02", "time": "19:57:01", "tweet": "@KRoblesArtist Cool! I’d love to bounce some ideas off of you and get your input. Thank you 🥰", "likes_count": 2, "replies_count": 0, "retweets_count": 0, "hashtags": []}
{"id": 1179545757025816576, "date": "2019-10-02", "time": "19:56:38", "tweet": "@BIGCBENZ @JoeGoodberry @Bengals @Redskins Can't wait to see Joe breakdown Eason because I disagree that anyone is going to settle for him, but will wait for more knowledgeable input", "likes_count": 0, "replies_count": 0, "retweets_count": 0, "hashtags": []}
{"id": 1179545605439246336, "date": "2019-10-02", "time": "19:56:01", "tweet": "@InPut_Bancho 税金対策してますね", "likes_count": 0, "replies_count": 1, "retweets_count": 0, "hashtags": []}
{"id": 1179545561009143808, "date": "2019-10-02", "time": "19:55:51", "tweet": "@kylenryan Thanks for the input, Anybody that is a proud Martitimer I happy to provide updates on!", "likes_count": 1, "replies_count": 0, "retweets_count": 0, "hashtags": []}
{"id": 1179545560002568192, "date": "2019-10-02", "time": "19:55:51", "tweet": "@PanasonicDE Habe Tx-50ext786. Nvidia Shield ist durch HDMI 2.0 verbunden. Gaming Modus aus. Intelligent Frame Creation funktioniert, aber wenn Input Source 25hz oder 30hz Refresh Rate hat, ist IFC grau. Bei allen allen anderen RR funktionerts. Kann mir jemand helfen?", "likes_count": 0, "replies_count": 1, "retweets_count": 0, "hashtags": []}
{"id": 1179545475499864064, "date": "2019-10-02", "time": "19:55:30", "tweet": "@BeccaDevens Absolutely! All input is good input and it will all help me decide what is most entertaining to help me reach my goal!", "likes_count": 0, "replies_count": 0, "retweets_count": 0, "hashtags": []}
{"id": 1179545399448743937, "date": "2019-10-02", "time": "19:55:12", "tweet": "@PanasonicCH Habe Tx-50ext786. Nvidia Shield ist durch HDMI 2.0 verbunden. Gaming Modus aus. Intelligent Frame Creation funktioniert, aber wenn Input Source 25hz oder 30hz Refresh Rate hat, ist IFC grau. Bei allen allen anderen RR funktionerts. Kann mir jemand helfen?", "likes_count": 0, "replies_count": 0, "retweets_count": 0, "hashtags": []}
{"id": 1179545316250525696, "date": "2019-10-02", "time": "19:54:52", "tweet": "@ChuckGrassley I'm quite sure they'd welcome your input with open arms. Are you waiting for an engraved invitation?", "likes_count": 0, "replies_count": 0, "retweets_count": 0, "hashtags": []}
{"id": 1179545238475591683, "date": "2019-10-02", "time": "19:54:34", "tweet": "@J_Card Ty for your input", "likes_count": 1, "replies_count": 0, "retweets_count": 0, "hashtags": []}
{"id": 1179545206485635075, "date": "2019-10-02", "time": "19:54:26", "tweet": "@batflipcrazy 🔥🦅🔥  just doesn't have the same meaning during the off-season. Thanks for all your input this year. Finished 4th in my 10-team, which is a buddy-bragging-rights keeper league.", "likes_count": 1, "replies_count": 1, "retweets_count": 0, "hashtags": []}
{"id": 1179545179612749824, "date": "2019-10-02", "time": "19:54:20", "tweet": "“We have to have human oversight and input from researchers and outsiders. We just really as human beings have to ensure that we are not permitting the outsourcing of government benefits to private companies.” - @jlynnlord #AINow2019", "likes_count": 10, "replies_count": 0, "retweets_count": 3, "hashtags": ["ainow2019"]}
{"id": 1179546559282741248, "date": "2019-10-02", "time": "19:59:49", "tweet": "@Twitter Even if you cannot make the *President take a #TwitterTimeOut you could at least put disclaimers on the ones that violate your User Service Agreement Rules of Prohibited Conduct standard.Your users deserve warnings. Foreign sponsored input should be labeled. Do YOUR duty", "likes_count": 0, "replies_count": 0, "retweets_count": 0, "hashtags": ["twittertimeout"]}
{"id": 1179546443616591873, "date": "2019-10-02", "time": "19:59:21", "tweet": "#parentcampchat TONITE! 8:30pm CT!  🎟🚀How might you *get input*👥from your families👥 to inform design &amp; programming?  @NAFSCE @ErikaCravalho @NJimerTwo @BMS_Parents @karikeefe @coreymohn @parkmoorpride @LakeWill611 @marliewilliams @logaudy @natalieatkins04 @AngDorsey @LarsonKr  https://t.co/ES2LMTwEvb", "likes_count": 6, "replies_count": 0, "retweets_count": 3, "hashtags": ["parentcampchat"]}
{"id": 1179546439526969344, "date": "2019-10-02", "time": "19:59:20", "tweet": "State government planning reforms are underway. New planning reforms will change the way development applications are lodged &amp; assessed. You can have input into the conversation through the State Planning Commission online planning portal  https://t.co/GHhzvZLgk4 @CityofBurnside  https://t.co/exSNzOizXC", "likes_count": 1, "replies_count": 0, "retweets_count": 3, "hashtags": []}
{"id": 1179546353451622400, "date": "2019-10-02", "time": "19:59:00", "tweet": "@RubysBubys SBU input lag is why i don't play the game. Tasty 100ms input lag on a fighting game", "likes_count": 0, "replies_count": 0, "retweets_count": 0, "hashtags": []}
{"id": 1179546227802804230, "date": "2019-10-02", "time": "19:58:30", "tweet": "@wwasik13 @VonStroke @theritzybor Thanks for the input!", "likes_count": 1, "replies_count": 0, "retweets_count": 0, "hashtags": []}
{"id": 1179546177471041536, "date": "2019-10-02", "time": "19:58:18", "tweet": "My colleague: \"I don't feel like doing karaoke tonight.\"  5 hours later, also him: *hogging the input panel and keep making Millennials sing Queen*", "likes_count": 7, "replies_count": 2, "retweets_count": 0, "hashtags": []}
{"id": 1179546031588921344, "date": "2019-10-02", "time": "19:57:43", "tweet": "@bukantoxic Di cancel ga? Perasaan itu salah input dia Yg lain pada di cancel? Kamu?", "likes_count": 0, "replies_count": 0, "retweets_count": 0, "hashtags": []}
{"id": 1179545930938363905, "date": "2019-10-02", "time": "19:57:19", "tweet": "@hockeyislife36 @jdstalnaked Yes thanks Sara,so nice to have your input, no hockey game tonight?.", "likes_count": 2, "replies_count": 1, "retweets_count": 0, "hashtags": []}
{"id": 1179545854526529536, "date": "2019-10-02", "time": "19:57:01", "tweet": "#linux #kernel  Re: [PATCH] hwmon: applesmc: switch to using input device polling mode  https://t.co/ApYovKXhIi", "likes_count": 0, "replies_count": 0, "retweets_count": 0, "hashtags": ["linux", "kernel"]}
{"id": 1179545853389766656, "date": "2019-10-02", "time": "19:57:01", "tweet": "@KRoblesArtist Cool! I’d love to bounce some ideas off of you and get your input. Thank you 🥰", "likes_count": 2, "replies_count": 0, "retweets_count": 0, "hashtags": []}
{"id": 1179545757025816576, "date": "2019-10-02", "time": "19:56:38", "tweet": "@BIGCBENZ @JoeGoodberry @Bengals @Redskins Can't wait to see Joe breakdown Eason because I disagree that anyone is going to settle for him, but will wait for more knowledgeable input", "likes_count": 0, "replies_count": 0, "retweets_count": 0, "hashtags": []}
{"id": 1179545605439246336, "date": "2019-10-02", "time": "19:56:01", "tweet": "@InPut_Bancho 税金対策してますね", "likes_count": 0, "replies_count": 1, "retweets_count": 0, "hashtags": []}
{"id": 1179545561009143808, "date": "2019-10-02", "time": "19:55:51", "tweet": "@kylenryan Thanks for the input, Anybody that is a proud Martitimer I happy to provide updates on!", "likes_count": 1, "replies_count": 0, "retweets_count": 0, "hashtags": []}
{"id": 1179545560002568192, "date": "2019-10-02", "time": "19:55:51", "tweet": "@PanasonicDE Habe Tx-50ext786. Nvidia Shield ist durch HDMI 2.0 verbunden. Gaming Modus aus. Intelligent Frame Creation funktioniert, aber wenn Input Source 25hz oder 30hz Refresh Rate hat, ist IFC grau. Bei allen allen anderen RR funktionerts. Kann mir jemand helfen?", "likes_count": 0, "replies_count": 1, "retweets_count": 0, "hashtags": []}
{"id": 1179545475499864064, "date": "2019-10-02", "time": "19:55:30", "tweet": "@BeccaDevens Absolutely! All input is good input and it will all help me decide what is most entertaining to help me reach my goal!", "likes_count": 0, "replies_count": 0, "retweets_count": 0, "hashtags": []}
{"id": 1179545399448743937, "date": "2019-10-02", "time": "19:55:12", "tweet": "@PanasonicCH Habe Tx-50ext786. Nvidia Shield ist durch HDMI 2.0 verbunden. Gaming Modus aus. Intelligent Frame Creation funktioniert, aber wenn Input Source 25hz oder 30hz Refresh Rate hat, ist IFC grau. Bei allen allen anderen RR funktionerts. Kann mir jemand helfen?", "likes_count": 0, "replies_count": 0, "retweets_count": 0, "hashtags": []}
{"id": 1179545316250525696, "date": "2019-10-02", "time": "19:54:52", "tweet": "@ChuckGrassley I'm quite sure they'd welcome your input with open arms. Are you waiting for an engraved invitation?", "likes_count": 0, "replies_count": 0, "retweets_count": 0, "hashtags": []}
{"id": 1179545238475591683, "date": "2019-10-02", "time": "19:54:34", "tweet": "@J_Card Ty for your input", "likes_count": 1, "replies_count": 0, "retweets_count": 0, "hashtags": []}
{"id": 1179545206485635075, "date": "2019-10-02", "time": "19:54:26", "tweet": "@batflipcrazy 🔥🦅🔥  just doesn't have the same meaning during the off-season. Thanks for all your input this year. Finished 4th in my 10-team, which is a buddy-bragging-rights keeper league.", "likes_count": 1, "replies_count": 1, "retweets_count": 0, "hashtags": []}
{"id": 1179545179612749824, "date": "2019-10-02", "time": "19:54:20", "tweet": "“We have to have human oversight and input from researchers and outsiders. We just really as human beings have to ensure that we are not permitting the outsourcing of government benefits to private companies.” - @jlynnlord #AINow2019", "likes_count": 10, "replies_count": 0, "retweets_count": 3, "hashtags": ["ainow2019"]}
{"id": 1179545075304587264, "date": "2019-10-02", "time": "19:53:55", "tweet": "@jouekc @jchensor One of the more recent controversies is all of the things that let you click once in Oldschool runescape instead of the standard twice are now banned because the original client doesnt let you do those things and now we have an input device which is basically on the same line", "likes_count": 1, "replies_count": 0, "retweets_count": 0, "hashtags": []}
{"id": 1179544996296429568, "date": "2019-10-02", "time": "19:53:36", "tweet": "@rainyalyssa1 @pbjsamwich_ I don't remember asking for your opinion or input", "likes_count": 1, "replies_count": 1, "retweets_count": 0, "hashtags": []}
{"id": 1179544969918472192, "date": "2019-10-02", "time": "19:53:30", "tweet": "@runcmb @stromio1 @infamous_swiss Not too mentioned many jurist don’t want to be responsible for sending someone to jail for life or 99 years.  In Oregon the Judge always sentences and the have guidelines that you input the crime and suspect criminal history and it spits out a sentence.", "likes_count": 0, "replies_count": 0, "retweets_count": 0, "hashtags": []}
{"id": 1179544967611637760, "date": "2019-10-02", "time": "19:53:29", "tweet": "@steecoleman @gordonkeith You can't guarantee anything. You're just angry that your anger did not bring about the angry outcome you hoped it would. Justice is carried out and it's done, in a way that can allow all parties involved to heal. Your input has about as much merit as mine does. Be thankful.", "likes_count": 0, "replies_count": 1, "retweets_count": 0, "hashtags": []}
{"id": 1179544876981075968, "date": "2019-10-02", "time": "19:53:08", "tweet": "#tfedubasics will resume next week. Please respond to our poll in the next tweet. We need your input. Thank you! Kristen and Maggie", "likes_count": 0, "replies_count": 0, "retweets_count": 0, "hashtags": ["tfedubasics"]}
{"id": 1179544865367105537, "date": "2019-10-02", "time": "19:53:05", "tweet": "@Rory__Walker @chrisharris101 @myskinsmylogo More input from the “gimme free stuff” socialist crowd", "likes_count": 0, "replies_count": 3, "retweets_count": 0, "hashtags": []}
{"id": 1179544823943979010, "date": "2019-10-02", "time": "19:52:55", "tweet": "@scelzi_dolores @KenWebsterJrSho @AOC @BernieSanders Okay buddy, sure thing I'll just take your word for it since you're too lazy to explain yourself. Thanks for the input.", "likes_count": 1, "replies_count": 0, "retweets_count": 0, "hashtags": []}
{"id": 1179544603919343617, "date": "2019-10-02", "time": "19:52:03", "tweet": "@SenatorBurr please provide your input on the CIA Whistleblower based on the recent news concerning their early contact with Rep Schiff. I live in NC-3.", "likes_count": 0, "replies_count": 0, "retweets_count": 0, "hashtags": []}
{"id": 1179544543085154311, "date": "2019-10-02", "time": "19:51:48", "tweet": "@XboxJuan4K @JayDubcity16 @Puertorock77_ The input ...", "likes_count": 0, "replies_count": 0, "retweets_count": 0, "hashtags": []}
{"id": 1179544418971467776, "date": "2019-10-02", "time": "19:51:19", "tweet": "@Sportsnstein You're welcome! We're always working to add more live channels to our service, so we truly appreciate your input. For now, stay tuned to:  https://t.co/rjjbP5u0Fj for any changes. If there's anything else we can help out with, let us know!", "likes_count": 1, "replies_count": 0, "retweets_count": 0, "hashtags": []}
{"id": 1179544346699415553, "date": "2019-10-02", "time": "19:51:01", "tweet": "Our CTO, Martin Taylor gives his input on #EdgeCloud, its relationship with #5G and how #NetworkOperators can add value to their business models and increase profit through implementation. Check out the interview over on @TelecomReviewAP  https://t.co/xkbALYlj9l  https://t.co/uPHvFGdmhD", "likes_count": 0, "replies_count": 0, "retweets_count": 0, "hashtags": ["edgecloud", "5g", "networkoperators"]}
{"id": 1179544318887043072, "date": "2019-10-02", "time": "19:50:55", "tweet": "@johnredwood They have no input that’s sensible, crazy opposition..!!", "likes_count": 0, "replies_count": 0, "retweets_count": 0, "hashtags": []}
{"id": 1179544227526496256, "date": "2019-10-02", "time": "19:50:33", "tweet": "Tips to write better Conditionals in JavaScript  https://t.co/QfAvS9WptJ What are Conditionals?  In any programming language, the code needs to make decisions and execute actions depending on the condition given in the input. For example, in a game, if the player's number of lives", "likes_count": 1, "replies_count": 0, "retweets_count": 0, "hashtags": []}
{"id": 1179544014783008768, "date": "2019-10-02", "time": "19:49:42", "tweet": "@ettni_ Mixer: Behringer Xenyx 802 Premium 8-Input 2-Bus Mixer with Xenyx Mic Preamps and British EQs  https://t.co/cU2IsiK5xe", "likes_count": 1, "replies_count": 0, "retweets_count": 0, "hashtags": []}
{"id": 1179544013277401089, "date": "2019-10-02", "time": "19:49:42", "tweet": "Last year .@NYSAFLCIO endorsed racist Republican in the name of New York union members like me. This is the mailer Dan Donovan(who they endorsed, without any input whatsoever from actual union members) sent out. And they blocked me, a proud dues paying member, for saying this  https://t.co/xhkJrukcmM", "likes_count": 0, "replies_count": 1, "retweets_count": 0, "hashtags": []}
{"id": 1179543862710157312, "date": "2019-10-02", "time": "19:49:06", "tweet": "Time input  https://t.co/uurlh94vAW #github #JavaScript #CSS #HTML", "likes_count": 0, "replies_count": 0, "retweets_count": 0, "hashtags": ["github", "javascript", "css", "html"]}
{"id": 1179543845710774272, "date": "2019-10-02", "time": "19:49:02", "tweet": " https://t.co/QbNNMyqqph Hey seniors! We want YOUR input on our senior t-shirt design. Please fill out this google form :)", "likes_count": 6, "replies_count": 0, "retweets_count": 3, "hashtags": []}
{"id": 1179543819991289858, "date": "2019-10-02", "time": "19:48:56", "tweet": "@NicFrost3 @watson_brent K. He's still not the one developing and implementing power play strategy.  I'm sure he has input, but it's not his focus.", "likes_count": 1, "replies_count": 1, "retweets_count": 0, "hashtags": []}
{"id": 1179543609147678722, "date": "2019-10-02", "time": "19:48:05", "tweet": "Traffic control operations again causing interference to the CB #Brisbane #BNE 05 Emergency Repeater. Any info to operations@acrem.org.au  Activity taking place on Channel 35 input channel to the Repeater.", "likes_count": 0, "replies_count": 0, "retweets_count": 0, "hashtags": ["brisbane", "bne"]}
{"id": 1179543583797284866, "date": "2019-10-02", "time": "19:47:59", "tweet": "Traffic control operations again causing interference to the CB #Brisbane #BNE 05 Emergency Repeater. Any info to operations@acrem.org.au  Activity taking place on Channel 35 input channel to the Repeater.", "likes_count": 0, "replies_count": 0, "retweets_count": 0, "hashtags": ["brisbane", "bne"]}
