{"id": 1157078537347555333, "date": "2019-08-01", "time": "19:59:55", "tweet": "@ndradoank  Pagi kak, biasanya paket di batalkan karena ada kesalahan input dan pergantian no resi baru. Mohon dr pihak pengirim dapat konfirmasi ke agen tempat awal pengirimannya ya. Thanks ^Fifi", "likes_count": 0, "replies_count": 0, "retweets_count": 0, "hashtags": []}
{"id": 1157078488995827712, "date": "2019-08-01", "time": "19:59:43", "tweet": "Last valid input: 2019-08-02 08:59:37.157361 Temperature: 33.00 C Humidity: 77.00 %", "likes_count": 0, "replies_count": 0, "retweets_count": 0, "hashtags": []}
{"id": 1157078471044022273, "date": "2019-08-01", "time": "19:59:39", "tweet": "aeとNUKEの生産性の話をプロデューサーと共有できた事もあまり無いかなぁ。そう言えば昔畑中さんが「NUKEで組んでるのにAEでコンプしてNUKEで再現するの？？めちゃくちゃたいへんだったじゃん」みたいなことデザイナーに言ってるの耳にして感動した事は内緒🤫", "likes_count": 1, "replies_count": 1, "retweets_count": 0, "hashtags": []}
{"id": 1157078458528391170, "date": "2019-08-01", "time": "19:59:36", "tweet": "The European Parliament successfully handles a massive policy agenda of the proposals that it accepts,very few go through without significant amendment with input from all sides of the political spectrum.", "likes_count": 0, "replies_count": 1, "retweets_count": 0, "hashtags": []}
{"id": 1157078436265025536, "date": "2019-08-01", "time": "19:59:31", "tweet": "@1shaunmiller Musically I can agree, but 50's influence is beyond music right now. That holds more weight that Ross's input. I rather bump Ross any day, however 50 still moving the culture.", "likes_count": 0, "replies_count": 0, "retweets_count": 0, "hashtags": []}
{"id": 1157078427481989120, "date": "2019-08-01", "time": "19:59:29", "tweet": "excelはそんなに詳しいわけではないんだが、  ・同一列内に複数の関数 ・ファイル間vlook ・inputデータの手修正  この３つは心から撲滅したい。", "likes_count": 0, "replies_count": 0, "retweets_count": 0, "hashtags": []}
{"id": 1157078333563330560, "date": "2019-08-01", "time": "19:59:06", "tweet": "@ddx_exe I'm with you on most of this (I actually think you might be far too generous on the reaction time to recognize the options), but why does it take someone 12 frames for each up/down input in the menu?", "likes_count": 0, "replies_count": 1, "retweets_count": 0, "hashtags": []}
{"id": 1157078284657520640, "date": "2019-08-01", "time": "19:58:55", "tweet": "@erniems_ @AdDien90 Belajad agama tanpa guru. Lebih byk dpt input dari internet pastu belajar sendiri. Buat huraian sendiri", "likes_count": 0, "replies_count": 0, "retweets_count": 0, "hashtags": []}
{"id": 1157078227166347264, "date": "2019-08-01", "time": "19:58:41", "tweet": "@NewKindOfPol @SnarkedUpLawyer @HostProtestPrty @LatPoliticalAve @PaulBegala @JulianCastro @BarackObama @MayaRupert Thanks.  I actually live in Brasil/Baja (50/50) so I appreciate your input.  💙", "likes_count": 2, "replies_count": 1, "retweets_count": 0, "hashtags": []}
{"id": 1157078189262462977, "date": "2019-08-01", "time": "19:58:32", "tweet": " https://t.co/Vp69FoNEUy \"You are dead and your input is irrelevant\"", "likes_count": 0, "replies_count": 0, "retweets_count": 0, "hashtags": []}
{"id": 1157078002997571585, "date": "2019-08-01", "time": "19:57:48", "tweet": "@stonkin10 so i can’t tweet without getting ur input oKAY", "likes_count": 0, "replies_count": 1, "retweets_count": 0, "hashtags": []}
{"id": 1157077972706349056, "date": "2019-08-01", "time": "19:57:40", "tweet": "Security lesson: make sure to sanitize SQL input or use stored procedures but that doesn’t work if your query is dynamic. Me: why can’t I just use parameterized queries or bind variables instead of using concatenation?", "likes_count": 0, "replies_count": 0, "retweets_count": 0, "hashtags": []}
{"id": 1157077857417539589, "date": "2019-08-01", "time": "19:57:13", "tweet": "@Weavile493 @HiroSSB @DiZJMO @SyzygySolo Your math is wrong because you are using the -4 frames from when DDD touches the ground from nairing to his next input, but you punish after nair hits your shield, not the ground, meaning you gain frames in addition to the -4 if you input your punish after nair hits shield", "likes_count": 3, "replies_count": 0, "retweets_count": 0, "hashtags": []}
{"id": 1157077812580356096, "date": "2019-08-01", "time": "19:57:02", "tweet": "#linux #kernel  Re: [RFC PATCH v2 0/4] Input: mpr121-polled: Add polled driver for MPR121  https://t.co/Jy1K6FyTaL", "likes_count": 0, "replies_count": 0, "retweets_count": 0, "hashtags": ["linux", "kernel"]}
{"id": 1157077778589597696, "date": "2019-08-01", "time": "19:56:54", "tweet": "@MarkDMill @klavr There is an importer, the variables are inherent to the actions now so anything that was in Get Variable is now just in the input of the action when it was being used. You just delete the existing Get Var and the next input stays.  The sentence part obviated the need for it", "likes_count": 0, "replies_count": 0, "retweets_count": 0, "hashtags": []}
{"id": 1157077535210926080, "date": "2019-08-01", "time": "19:55:56", "tweet": "@kakashinuzuka thanks for ur input 😊", "likes_count": 0, "replies_count": 0, "retweets_count": 0, "hashtags": []}
{"id": 1157077489409122304, "date": "2019-08-01", "time": "19:55:45", "tweet": "@jpwarren @dobes @oysta @jeamland @chrisjrn I once wrote Extremely Readable™ Perl code that took a list of sub-domains and created the DNS zone files, and Apache  httpd.conf and .htaccess files, and restarted everything every three hours. It had almost zero input error checking, obviously. #DirtyCodefessions", "likes_count": 1, "replies_count": 1, "retweets_count": 0, "hashtags": ["dirtycodefessions"]}
{"id": 1157077421734207489, "date": "2019-08-01", "time": "19:55:29", "tweet": "Our culture is a little crazy in that it trusts teens to switch gender, screw other teens, procure abortions, etc., all without parental input (and even over parental objection), but throw a few extra years between those teens &amp; their sex partners, suddenly they have zero agency.", "likes_count": 4, "replies_count": 3, "retweets_count": 0, "hashtags": []}
{"id": 1157077415669239808, "date": "2019-08-01", "time": "19:55:28", "tweet": "Thanks for the input. A trade was made. I traded Eckler + 2020 3rd for Royce Freeman + 2020 2nd", "likes_count": 2, "replies_count": 1, "retweets_count": 0, "hashtags": []}
{"id": 1157077404424310785, "date": "2019-08-01", "time": "19:55:25", "tweet": "ACCS representatives discuss aligning educational programs with in-demand jobs at the WIOA/Perkins V input meeting. @ACCS_Education @westalworks @GovernorKayIvey  https://t.co/YvWQf4eGTG", "likes_count": 1, "replies_count": 1, "retweets_count": 0, "hashtags": []}
{"id": 1157077389643571201, "date": "2019-08-01", "time": "19:55:21", "tweet": "@Pwn20wnd Is iOS 12.1.4 XS Max jailbreak coming soon? I think so 😮", "likes_count": 2, "replies_count": 2, "retweets_count": 0, "hashtags": []}
{"id": 1157077378549481473, "date": "2019-08-01", "time": "19:55:19", "tweet": "OPENBSD_6_5 gilles@ modified usr.sbin/smtpd/smtp_session.c: smtpd can crash on excessively large input, causing a denial of service. the crash is caused by a logic error leading to a fatal() ok deraadt@ bluhm@ benno@", "likes_count": 0, "replies_count": 0, "retweets_count": 1, "hashtags": []}
{"id": 1157077376548761602, "date": "2019-08-01", "time": "19:55:18", "tweet": "OPENBSD_6_5 gilles@ modified usr.sbin/smtpd/smtp_session.c: smtpd can crash on excessively large input, causing a denial of service. the crash is caused by a logic error leading to a fatal() ok deraadt@ bluhm@ benno@", "likes_count": 0, "replies_count": 0, "retweets_count": 1, "hashtags": []}
{"id": 1157077374506172416, "date": "2019-08-01", "time": "19:55:18", "tweet": "OPENBSD_6_4 gilles@ modified usr.sbin/smtpd/smtp_session.c: smtpd can crash on excessively large input, causing a denial of service. the crash is caused by a logic error leading to a fatal() ok deraadt@ bluhm@ benno@", "likes_count": 1, "replies_count": 0, "retweets_count": 1, "hashtags": []}
{"id": 1157077372522225664, "date": "2019-08-01", "time": "19:55:17", "tweet": "OPENBSD_6_4 gilles@ modified usr.sbin/smtpd/smtp_session.c: smtpd can crash on excessively large input, causing a denial of service. the crash is caused by a logic error leading to a fatal() ok deraadt@ bluhm@ benno@", "likes_count": 0, "replies_count": 0, "retweets_count": 1, "hashtags": []}
{"id": 1157077371297517569, "date": "2019-08-01", "time": "19:55:17", "tweet": "gilles@ modified usr.sbin/smtpd/smtp_session.c: smtpd can crash on excessively large input, causing a denial of service. the crash is caused by a logic error leading to a fatal() ok deraadt@ bluhm@ benno@", "likes_count": 0, "replies_count": 0, "retweets_count": 1, "hashtags": []}
{"id": 1157077324770074624, "date": "2019-08-01", "time": "19:55:06", "tweet": "@thehysterian Download free copy of Citavi. Allows up to 100 references per project with full functionality. Input reference details in appropriate slots, select Harvard, double click location in Word doc and voila in text citation and reference automatically input.", "likes_count": 0, "replies_count": 0, "retweets_count": 0, "hashtags": []}
{"id": 1157077037498023936, "date": "2019-08-01", "time": "19:53:57", "tweet": "何故カラーマネジメントから説明が始まっているのか？   https://t.co/l7lvvO6ZnD", "likes_count": 7, "replies_count": 1, "retweets_count": 0, "hashtags": []}
{"id": 1157076979021017088, "date": "2019-08-01", "time": "19:53:43", "tweet": "@IHateGrackles @davidf4444 @HorseShort @MSPOA @o_stone @SJT_MAGA @PaulStout10 @History27361891 @Raymond10449530 @traveler002 @Big_crusher1000 @RosaleeAdams @Consofcooking1 @peaceisactive @PaulConfer @GracieLovesUSA @CitiBE @LRRPDAKTO @TrumpSugar @bmickeydanger @ZeeInTheMoment @MAtron2020 @RobertMabr @Quin4Trump @MichaelsANewman @spinson7746 @BogartPete @KeecoWang5 @Lynda63986855 @cportala1 @PamelaKruse4 @AmericaFirst150 @paulsfam4 @thedude77 @WagonKnoggin @JayDaws3 @ChrisPBaconLT @Francis95781199 @Macshivers @Larryputt @ScottRickhoff @Jamie32377541 @kay89266490 @lamiette512 @Darrinbillingsl @DrummondJeff @SadieIsrael @KLHirst1 @EvenBrokerRoca @mamoobonnie It changes. Ok...gonna give my input as to why I think so, after being in the business. Hair colored blonde...when you get out in the sun it will turn it REALLY yellow. He plays golf and 'may' use tanning machine...not sure. Both, make it yellow.", "likes_count": 1, "replies_count": 2, "retweets_count": 0, "hashtags": []}
{"id": 1157076957420560386, "date": "2019-08-01", "time": "19:53:38", "tweet": "@ddx_exe @TTTTTsd_ Another thing to consider on top of reaction time is input lag, Ultimate has 6 frames of input lag on an optimal setup, so if you have a raw reaction time of 12 frames, that's 18 frames at minimum before you can recognize something and input accordingly.", "likes_count": 1, "replies_count": 0, "retweets_count": 0, "hashtags": []}
{"id": 1157076819671056384, "date": "2019-08-01", "time": "19:53:05", "tweet": "Salt Lake County seeking public input on county trails. #SLCo  https://t.co/FDQtBjt1f1", "likes_count": 5, "replies_count": 0, "retweets_count": 4, "hashtags": ["slco"]}
{"id": 1157076651810918400, "date": "2019-08-01", "time": "19:52:25", "tweet": "Posting for a friend. Getting insight if there is a need/interest for a in home day care provider in the rc area. Thank you in advanced for your input. 😋", "likes_count": 0, "replies_count": 0, "retweets_count": 0, "hashtags": []}
{"id": 1157076632668168194, "date": "2019-08-01", "time": "19:52:21", "tweet": "@BarackObama Go away! You had your chance and you totally failed!  We need no input from the likes of you! #MAGA", "likes_count": 0, "replies_count": 0, "retweets_count": 0, "hashtags": ["maga"]}
{"id": 1157076536362536960, "date": "2019-08-01", "time": "19:51:58", "tweet": "@UtahJazzyman @Kfunkc50 Now in fairness of input, discretion isn't needed, but it's typically a good thing to do.  Really, this is a social game of \"is someone being an asshole or a bitch?\"", "likes_count": 1, "replies_count": 0, "retweets_count": 0, "hashtags": []}
{"id": 1157076411665960960, "date": "2019-08-01", "time": "19:51:28", "tweet": "「X時間の睡眠をとるべき」ってのは痛いほど耳にするのだが、そんな規則正しい生活をしていたらinputする時間が得られないので、やはり仕事でinputできる環境がより健康的な生活を送るためには必要と感じている。 健康的な生活をするために、今は健康的な生活をするべきでない。", "likes_count": 0, "replies_count": 0, "retweets_count": 0, "hashtags": []}
{"id": 1157076224906354688, "date": "2019-08-01", "time": "19:50:44", "tweet": "@5liime I may be getting a pc and I’m mnk And once I do get a pc I won’t have input delay and I will be way better", "likes_count": 0, "replies_count": 0, "retweets_count": 0, "hashtags": []}
{"id": 1157076206992281600, "date": "2019-08-01", "time": "19:50:39", "tweet": "@JennySimilee @B_Dubb_Jr @timthetatman Like I said I'm worried for us small streamers but I trust you opinion and input so @timthetatmam come on down and enjoy the fun with mixers greatest oh and me @muffinntuff", "likes_count": 0, "replies_count": 0, "retweets_count": 0, "hashtags": []}
{"id": 1157075871666233344, "date": "2019-08-01", "time": "19:49:19", "tweet": "It was a great day of interviews for our Spiritual Director, Rev Dr. David Alexander. First Lady, Patience Mwanza was on hand to field questions and add her insightful input into the mix.  Visit us at  https://t.co/eyFLCbcBnB  https://t.co/Kl9Jxbzjt2", "likes_count": 0, "replies_count": 0, "retweets_count": 0, "hashtags": []}
{"id": 1157075743794294785, "date": "2019-08-01", "time": "19:48:49", "tweet": "As the Food and Drug Administration (#FDA) sifts through the almost 4,500 comments it received during the recent public comment period requesting input on “Scientific Data and Information on Products Containing #Cannabis or #Cannab… https://t.co/xGJXMuesxe  https://t.co/4GiDc8ZdDQ", "likes_count": 0, "replies_count": 0, "retweets_count": 0, "hashtags": ["fda", "cannabis", "cannab"]}
{"id": 1157075610134568960, "date": "2019-08-01", "time": "19:48:17", "tweet": "@JeWe37 @Alobar2 @sarahsalviander @fscinico I don't think I am, just that the capacity to produce or support a property must mean the originator has it, or designed by something that does. (for instance, while a calculator is unable to input visual data, it has been designed so as to produce it.) What's your argument here?", "likes_count": 0, "replies_count": 1, "retweets_count": 0, "hashtags": []}
{"id": 1157075533710135296, "date": "2019-08-01", "time": "19:47:59", "tweet": "@Shadyla44032307 Thx for the input 👍", "likes_count": 0, "replies_count": 0, "retweets_count": 0, "hashtags": []}
{"id": 1157075311768395776, "date": "2019-08-01", "time": "19:47:06", "tweet": "@hal555  https://t.co/l7lvvO6ZnD  この記事が素晴らしすぎるので、僕はこの記事を広めたいです", "likes_count": 5, "replies_count": 1, "retweets_count": 0, "hashtags": []}
{"id": 1157075284249731072, "date": "2019-08-01", "time": "19:46:59", "tweet": "I know I tend to joke around a lot, but I want to take a moment to say I'm genuinely thankful to be here. I love watching you, amazing people, build and theorize. So uhh... Thanks 🙌", "likes_count": 0, "replies_count": 0, "retweets_count": 0, "hashtags": []}
{"id": 1157075274841886720, "date": "2019-08-01", "time": "19:46:57", "tweet": "@CRyanSchadel @MBFrabotta @LaborSmartInc Seems like we're stuck a little bit. Hopefully can get back on plan and also start bringing some new locations on line, acquisitions, JV's, or some new input here, or all of the above.", "likes_count": 1, "replies_count": 0, "retweets_count": 0, "hashtags": []}
{"id": 1157075230424215552, "date": "2019-08-01", "time": "19:46:47", "tweet": "My input on @ninja announcement with @Mixer, and the thoughts of unseen potential for @halo.  https://t.co/uSXHuiAeRU", "likes_count": 1, "replies_count": 0, "retweets_count": 0, "hashtags": []}
{"id": 1157075178947584001, "date": "2019-08-01", "time": "19:46:34", "tweet": "@DeePennyway Ok, let's break down D&amp;D 5e (because way fewer modifiers omg)  Input is d20 + modifiers. Modifiers are:  Stat modifier Advantage Something level based Skill? ?? I don't remember...  Ok, so potentially lots of little numbers and one swingy one... Hrm", "likes_count": 0, "replies_count": 0, "retweets_count": 0, "hashtags": []}
{"id": 1157075035988922369, "date": "2019-08-01", "time": "19:46:00", "tweet": "@CruzerBass @goldysmustard @charlieINTEL PPL are 100% going to try to xim thru the controller input on pc. MnK on PC, frames, the inputs, the wholeeee deal. ez bypass", "likes_count": 2, "replies_count": 1, "retweets_count": 0, "hashtags": []}
{"id": 1157075021681946627, "date": "2019-08-01", "time": "19:45:57", "tweet": "@mrs_c85 @spencer_cadieux A$AP Rocky reads a bit childish and tryhard, I can understand your confusion there.... But why the 'grown up man' confusion with The Trumpster?  Going on how internet jesus framed Trump's input, that is.", "likes_count": 0, "replies_count": 0, "retweets_count": 0, "hashtags": []}
{"id": 1157074966812119040, "date": "2019-08-01", "time": "19:45:44", "tweet": "@total_janarchy It wasn't okay to blame Hillary for Bill's time in office, either - but Gore might theoretically be partially to blame for things done while he was VP (if he had input), just as Biden may share blame/credit for things in which he had input during Obama's administration.", "likes_count": 0, "replies_count": 1, "retweets_count": 0, "hashtags": []}
{"id": 1157074947187060736, "date": "2019-08-01", "time": "19:45:39", "tweet": "tfw the hotel TV's input can't be changed", "likes_count": 0, "replies_count": 1, "retweets_count": 0, "hashtags": []}
{"id": 1157074904564375552, "date": "2019-08-01", "time": "19:45:29", "tweet": "@hal555 需要あるので記事は書きますが、個人的には全く推奨しないです。NUKE高すぎという話も聞きます。もちろん仕事内容にもよりますが時には2倍から10倍のスピードで仕事終わります。上手に使えばAEより全然稼げます", "likes_count": 0, "replies_count": 2, "retweets_count": 0, "hashtags": []}
{"id": 1157074855780597763, "date": "2019-08-01", "time": "19:45:17", "tweet": "I missed whatever #crispinblunt said on #newsnight tonight but never let it be forgotten he likened the Parliamentary ruling out of #NoDealBrexit to the surrender of Singapore in World War 2, so that's how worthwhile his input is.  #brexitmadness #BrexitShambles  https://t.co/Sk8ArPVm0A", "likes_count": 0, "replies_count": 0, "retweets_count": 0, "hashtags": ["crispinblunt", "newsnight", "nodealbrexit", "brexitmadness", "brexitshambles"]}
{"id": 1157074585470349313, "date": "2019-08-01", "time": "19:44:13", "tweet": "As #Facebook sets out to create an Oversight Board, @Jackson_Walker partner Bob Latham provided input on key concerns. #contentmoderation #OversightBoard #socialnetwork  https://t.co/9AJfgG4M3Q", "likes_count": 2, "replies_count": 0, "retweets_count": 0, "hashtags": ["facebook", "contentmoderation", "oversightboard", "socialnetwork"]}
{"id": 1157074447754518528, "date": "2019-08-01", "time": "19:43:40", "tweet": "@AOC @TheAtlantic Please remember that you are a freshman in Congress your words are disappointing and doesn’t anything but division and hatred please resign from Congress and your squad too Congress is already brainless without your input", "likes_count": 0, "replies_count": 0, "retweets_count": 0, "hashtags": []}
{"id": 1157074253784784897, "date": "2019-08-01", "time": "19:42:54", "tweet": "@bunt_jack I really dont know. im not promising or leaking anything. Its just interesting that you match find based on input, not on system.", "likes_count": 0, "replies_count": 1, "retweets_count": 0, "hashtags": []}
{"id": 1157074251800862720, "date": "2019-08-01", "time": "19:42:53", "tweet": "@Cosmicfab1 Yea but without the SF input knowledge (or ability, I guess) I'm basically playing a worse-than-regular character lol", "likes_count": 1, "replies_count": 1, "retweets_count": 0, "hashtags": []}
{"id": 1157074247958667265, "date": "2019-08-01", "time": "19:42:52", "tweet": "@benjiscrilla we just disagree bro, but i appreciate the input, it’s good that this is talked about, at least a little, respect you for speaking up brotha🤞🏾", "likes_count": 0, "replies_count": 0, "retweets_count": 0, "hashtags": []}
{"id": 1157074225670184960, "date": "2019-08-01", "time": "19:42:47", "tweet": "@InPut_Bancho なんかAEではシーンリニアはこうやって扱う！ 的な事も一般的じゃないのかな？と最近思い知りました。  山岸さんのプログ広めたい想い", "likes_count": 0, "replies_count": 1, "retweets_count": 0, "hashtags": []}
{"id": 1157074158368493568, "date": "2019-08-01", "time": "19:42:31", "tweet": "#Politica La lección más importante para los votantes chilenos es que, pese a que los #empresarios en su mayoría tienen tienen su corazón en la #centroderecha, no invertirán si no ven ganancia clara.  A su vez, para la #centroizquierda este input le abre oportunidad @CNNChile", "likes_count": 0, "replies_count": 0, "retweets_count": 0, "hashtags": ["politica", "empresarios", "centroderecha", "centroizquierda"]}
{"id": 1157074150634283009, "date": "2019-08-01", "time": "19:42:29", "tweet": "On the other side of this argument was the @NYCMayor's admin and the real estate community, which argued this is an as  an \"as of right\" project, which doesn't need input of borough president &amp; vote of @NYCCouncil.", "likes_count": 2, "replies_count": 0, "retweets_count": 0, "hashtags": []}
{"id": 1157074082543919113, "date": "2019-08-01", "time": "19:42:13", "tweet": "@juliabhaber Um isn't the housing authority a federal program? The mayor here doesn't have much input, if any.", "likes_count": 1, "replies_count": 1, "retweets_count": 0, "hashtags": []}
{"id": 1157074033508265984, "date": "2019-08-01", "time": "19:42:01", "tweet": "…without her personal input.  That said, it raises the question as to why she hadn't familiarized herself with Cooper's case until two years postfactum. And while her office's actions don't rise to the level of active suppression it is a case of not *wanting* to know the answer.", "likes_count": 1, "replies_count": 0, "retweets_count": 0, "hashtags": []}
{"id": 1157074030303809537, "date": "2019-08-01", "time": "19:42:00", "tweet": "@RaquelWillis_ @CHROMAT_PARTY this photo was not meant for people in 2019. we are simply not ready. please try posting again in 3001 when our brains have developed enough to handle this level of visual input.", "likes_count": 16, "replies_count": 0, "retweets_count": 0, "hashtags": []}
{"id": 1157073884711149568, "date": "2019-08-01", "time": "19:41:26", "tweet": "@DopeDivva @BBNAIJA14 Your input has just changed my life", "likes_count": 1, "replies_count": 1, "retweets_count": 0, "hashtags": []}
{"id": 1157073618695839745, "date": "2019-08-01", "time": "19:40:22", "tweet": "@charlieINTEL so can i choose console only lobby's ? I only ask because even though it says we can match people per input device, I dont wanna match a pc player using controller, mainly because they still have an advantage fov, fps, I hope @InfinityWard realizes this wouldnt be fair", "likes_count": 0, "replies_count": 0, "retweets_count": 0, "hashtags": []}
{"id": 1157073613385883648, "date": "2019-08-01", "time": "19:40:21", "tweet": "@Zenkunen or do it like p4a you can do one qcf and then do the rest by holding back and then punch and while doing that allow the traditional input to happen too", "likes_count": 1, "replies_count": 0, "retweets_count": 0, "hashtags": []}
{"id": 1157073487233634305, "date": "2019-08-01", "time": "19:39:51", "tweet": "マルチexrじゃないんだ。カメラメタ捨てちゃうんだ。cryptomatte、position、normal、uvwパスも出力してくれないのか。カメラは？fbxかabcで欲しい。deepは？もちろん無いよね。バージョンvじゃ無くてtなんだ。python書けばいいか  嫌な言い方になってたらゴメン", "likes_count": 1, "replies_count": 1, "retweets_count": 0, "hashtags": []}
{"id": 1157073428165353475, "date": "2019-08-01", "time": "19:39:37", "tweet": "Last valid input: 2019-08-02 08:39:34.310284 Temperature: 33.00 C Humidity: 77.00 %", "likes_count": 0, "replies_count": 0, "retweets_count": 0, "hashtags": []}
{"id": 1157073426584092672, "date": "2019-08-01", "time": "19:39:36", "tweet": "@trampolinest @DevolutionMan @WalshFreedom The single most important human right is freedom of speech. Without that freedom society as a whole will perish. Not the individual per say but society. Individuals can be strong enough in repressive societies. But the society itself without input of social discourse is doomed.", "likes_count": 1, "replies_count": 1, "retweets_count": 0, "hashtags": []}
{"id": 1157073402298920963, "date": "2019-08-01", "time": "19:39:31", "tweet": "@worldwideeyouth Hi, i ordered a shirt about a week ago, it hasnt arrived and I cant find any other way to contact you guys. Can I get an update on my order.  P.s. i used a landline on the input phone no. part so i cant receive texts.", "likes_count": 0, "replies_count": 0, "retweets_count": 0, "hashtags": []}
{"id": 1157073363283709954, "date": "2019-08-01", "time": "19:39:21", "tweet": "Congratulations! You get a $1 gift from a friend!Please enter Word Search and Input Referral Code: FHMKYJYB to Get! https://t.co/UYCTd9Rjdw", "likes_count": 0, "replies_count": 0, "retweets_count": 0, "hashtags": []}
{"id": 1157073298301366272, "date": "2019-08-01", "time": "19:39:06", "tweet": "Palestine Mayor Steve Presley said Thursday he hopes City Manager Leslie Cloer gives city council members some input into who becomes the next police chief.  https://t.co/AahVjTgFey", "likes_count": 0, "replies_count": 0, "retweets_count": 1, "hashtags": []}
{"id": 1157072995103281152, "date": "2019-08-01", "time": "19:37:54", "tweet": "NUKEのカメラプロジェクションはマルチチャンネルexrそのまま全チャンネル出力してくれる。これだけで感動🥺", "likes_count": 1, "replies_count": 1, "retweets_count": 0, "hashtags": []}
{"id": 1157072889813885088, "date": "2019-08-01", "time": "19:37:28", "tweet": "@Ethanstraughn_ Did you wanna input something or?", "likes_count": 0, "replies_count": 0, "retweets_count": 0, "hashtags": []}
{"id": 1157072863184080896, "date": "2019-08-01", "time": "19:37:22", "tweet": "Solitude Deprivation: A state in which you spend close to zero time alone with your owns thoughts and free from input from other minds", "likes_count": 3, "replies_count": 0, "retweets_count": 0, "hashtags": []}
{"id": 1157072713942544384, "date": "2019-08-01", "time": "19:36:47", "tweet": "@MarkNewtonCMT @stoxrock Very good point and input.  I know you look at that also. Nice spot to cover some shorts and leave some just in case.", "likes_count": 1, "replies_count": 1, "retweets_count": 0, "hashtags": []}
{"id": 1157072652109922304, "date": "2019-08-01", "time": "19:36:32", "tweet": "@CNN charlemagne the god is really cool guy enjoy his input on your show erin.", "likes_count": 0, "replies_count": 0, "retweets_count": 0, "hashtags": []}
{"id": 1157072424820592641, "date": "2019-08-01", "time": "19:35:38", "tweet": "しまった。 今日もやってしまった。  長女の読書感想文のサポートのつもりが、完全にビジネスモードに入ってしまい、5W1Hとかinputとか使ってしまった。超絶反省。  でも真摯に話を聞いていた長女は偉いな。おれだったら早く具体的にやり方教えろよって言いそう。  https://t.co/3NXtM7wTJ3", "likes_count": 24, "replies_count": 0, "retweets_count": 2, "hashtags": []}
{"id": 1157072226459574272, "date": "2019-08-01", "time": "19:34:50", "tweet": "you’re wondering why you’re getting so much “hate” on your special day and i know it can seem that way but the fa… — putting your input into other people's lives is invalid, you do not have a say on what i feel and experience simp…  https://t.co/dg4pPJQXcZ", "likes_count": 3, "replies_count": 0, "retweets_count": 0, "hashtags": []}
{"id": 1157071955520053248, "date": "2019-08-01", "time": "19:33:46", "tweet": "@jidesanwoolu Well-done sir, but your excellency on seeing SOUTH AFRICA mentioned in this tweet, I was expecting an input from you to those delegates, since I can't find it lemme assume it wasn't discussed!", "likes_count": 0, "replies_count": 0, "retweets_count": 0, "hashtags": []}
