{"id": 1127000242098921472, "date": "2019-05-10", "time": "19:59:31", "tweet": "@ShirelleMooreTV @LakelandNewsPBS Tons of input on our Faceboom share.  Had to remove a few rowdy people even.", "likes_count": 1, "replies_count": 1, "retweets_count": 0, "hashtags": []}
{"id": 1127000182942339072, "date": "2019-05-10", "time": "19:59:16", "tweet": "ちょっと難しい話なんだけど、  https://t.co/nW4bAYErco) Input.trigger?(;UP) の違いは知ってる？前者は↑キーが押されている間何度でも、後者は↑キーが押された時に１回、有効になるんだよ。デフォルトの条件分岐にある「ボタン～が押されている」は前者なんだ。", "likes_count": 0, "replies_count": 0, "retweets_count": 0, "hashtags": []}
{"id": 1126999995691995138, "date": "2019-05-10", "time": "19:58:32", "tweet": "@elonmusk we have a paradigm shifting mobile app designed for programmatic marketing for @Tesla waiting for your input and knowledge!", "likes_count": 0, "replies_count": 0, "retweets_count": 0, "hashtags": []}
{"id": 1126999966298378240, "date": "2019-05-10", "time": "19:58:25", "tweet": "@Poltergeyst_ That man has his mouth open all the time. No input just output", "likes_count": 3, "replies_count": 0, "retweets_count": 3, "hashtags": []}
{"id": 1126999899176931328, "date": "2019-05-10", "time": "19:58:09", "tweet": "@changoland Yes correct. Out of the ESP8266 to one single LED(due to data issues), then split the output of that one to the first LED of each strip. They start at the middle of the front bumper, travel down the side and meet at the rear. Do not combine outputs, only combine input pins.", "likes_count": 0, "replies_count": 1, "retweets_count": 0, "hashtags": []}
{"id": 1126999862443008000, "date": "2019-05-10", "time": "19:58:00", "tweet": "@MuslimMediaTwit @KPU_ID Bener nih kerjanya kacau , masak input data salah mulu , udah hampir 4 minggu belum kelar juga yg di input di situng itu apa ,hadeeh", "likes_count": 0, "replies_count": 0, "retweets_count": 0, "hashtags": []}
{"id": 1126999655626285063, "date": "2019-05-10", "time": "19:57:11", "tweet": "Money Cube - An APP which will help you get MONEY for free. Input my invite code ❤85DH6❤ after installation, and you will get 1000 Clicks. Download link:  https://t.co/lLmUo9UMbu  https://t.co/PaGI4f3kT3", "likes_count": 0, "replies_count": 0, "retweets_count": 0, "hashtags": []}
{"id": 1126999480379662336, "date": "2019-05-10", "time": "19:56:29", "tweet": "#Avogadoseed #GarlicAllium good for inflammations #Treenen complete whole grains, it strengthens enzymes thereby energies the cells and enables the nutrients as an input, ease to…  https://t.co/0qxRM3mi4u", "likes_count": 0, "replies_count": 0, "retweets_count": 0, "hashtags": ["avogadoseed", "garlicallium", "treenen"]}
{"id": 1126999374310121472, "date": "2019-05-10", "time": "19:56:04", "tweet": "@Rude_Astrology I feel like I do this to avoid ‘help’ or input I don’t want/value because I hate making people feel bad. But in most solo endeavours it’s easy way all day lol", "likes_count": 9, "replies_count": 0, "retweets_count": 1, "hashtags": []}
{"id": 1126999070827057154, "date": "2019-05-10", "time": "19:54:51", "tweet": "@KB805 @schwartzbCNBC That has been a concern with so many good candidates out there. Can only spread an honest dollar so far. Need to come up with some valid ideas/solutions that will permanently address the problem imo. Just haven't figured out exactly what/how. Thanks for your input.👍", "likes_count": 0, "replies_count": 0, "retweets_count": 0, "hashtags": []}
{"id": 1126999006020681728, "date": "2019-05-10", "time": "19:54:36", "tweet": "@Rick_Pescatore I suspected that might be the case.  Was just wondering if there was something general out there.  I really like and trust my physician and he's been very attentive so I hope we'll get it under control soon. Thank you for your input, and sorry to have put you on the spot.", "likes_count": 1, "replies_count": 0, "retweets_count": 0, "hashtags": []}
{"id": 1126998887263346688, "date": "2019-05-10", "time": "19:54:08", "tweet": "nobody can have input on how you spend yo money... especially if you worked hard for every penny idc", "likes_count": 0, "replies_count": 0, "retweets_count": 1, "hashtags": []}
{"id": 1126998839963996161, "date": "2019-05-10", "time": "19:53:56", "tweet": "@goldenwestt Oh no! Sorry to hear you’re not receiving drink coupons, Cynthia. Be sure to input your Rapid Rewards number in all of your reservations, as a Drink Coupon Book is sent after completing 10 one-way revenue flights. -Tanisha", "likes_count": 2, "replies_count": 1, "retweets_count": 0, "hashtags": []}
{"id": 1126998325645979649, "date": "2019-05-10", "time": "19:51:54", "tweet": "@KarlJayG @panicsw1tched LMAO this is so rude.  It stands for garbage in garbage out and I usually hear it in programming articles referring to how functions don't work well when you give them bad input", "likes_count": 2, "replies_count": 1, "retweets_count": 0, "hashtags": []}
{"id": 1126998309246095361, "date": "2019-05-10", "time": "19:51:50", "tweet": "@ray1087t Thank you for your input. Have a good one", "likes_count": 0, "replies_count": 0, "retweets_count": 0, "hashtags": []}
{"id": 1126998240975630336, "date": "2019-05-10", "time": "19:51:33", "tweet": "@littledeekay Not a single female becomes pregnant w/out male input (of sorts). As others have said, why are men not held accountable for pregnancy? And has anyone considered it maybe the male DNA rendering a fetus unviable? Always, women bear the burden.", "likes_count": 4, "replies_count": 0, "retweets_count": 1, "hashtags": []}
{"id": 1126998117256052737, "date": "2019-05-10", "time": "19:51:04", "tweet": "JARLから届いたカードを整理していたら、このようなのがあった。 交信したモードはSSB。 FT-991AMって、定格出力は50Wだが、Inputは100Wだったかな。 それともAM（振幅変調）だからかな？ AM(A3)って、変調効率50％だったかな？  https://t.co/oK35ZfvbmY", "likes_count": 1, "replies_count": 1, "retweets_count": 0, "hashtags": []}
{"id": 1126998104568262656, "date": "2019-05-10", "time": "19:51:01", "tweet": "Sudoku Puzzle Game for iPhone:By putting in \"flick input mode\" that enables players to put digits 1 from 9 easily! https://t.co/fwivhr7IcX", "likes_count": 0, "replies_count": 0, "retweets_count": 0, "hashtags": []}
{"id": 1126998099488985088, "date": "2019-05-10", "time": "19:51:00", "tweet": "Not sure about ‘HeartyStarty’, but we need community input into the language of resus to make it accessible #BetterTogether #SparkofLife  https://t.co/rHM8wfMdhK", "likes_count": 14, "replies_count": 1, "retweets_count": 5, "hashtags": ["bettertogether", "sparkoflife"]}
{"id": 1126998052793933830, "date": "2019-05-10", "time": "19:50:49", "tweet": "@145Schneider @ryanstrug @ws_llc @Kenneth72712993 @jwickers @Climatearticles @mtnman0038 @Confraria8 @audiF1 @MikeH_MapleGrov @JamesRider3 @DenierBot @Michael46830937 @SylviaD32911201 @Captbobdad @soxinky @AltUS_ARC @fishyfish67 @FriendsOScience @RegimeChangeBC @Marcusgibson @Quantummist @rln_nelson @StormSignalSA @kuhn_reinhard @TQMKA @HughAbercrombi3 @SphaleriteMz @markbjardine @Goofydad @caerbannog666 @zwpiay @GillesnFio @ya_pheq @johndowney @TheClimateHawk @TheDisproof @dhart1987 @glinch72 @d_e_mol @Michael_D_Crow @StealthFlyBy @brandondaly2018 @DaveSkeptical @Stephen90045069 @MartinJBern @Niggledom @jaredstill @anci3nt3ngin33r @GrahamMckay1967 Measured In? The units cancel out. It's from Ned's paper. Curating the input variables is quite involved. The point is that we have a decently good rule of thump (at the least) to explain Venus' temperatures without greenhouse effect.", "likes_count": 0, "replies_count": 1, "retweets_count": 0, "hashtags": []}
{"id": 1126997949576146944, "date": "2019-05-10", "time": "19:50:24", "tweet": "@FerdinandHaean2 @jokowi @prabowo @AgusYudhoyono bang. kalao begitu desak kpu transparasi hitungan suara dong. jangan kucing2an input datanya. kalah ga masalah,  yg jd masalah skrg ini kan kpu itu sendiri yg tak jujur.", "likes_count": 2, "replies_count": 1, "retweets_count": 0, "hashtags": []}
{"id": 1126997888117112833, "date": "2019-05-10", "time": "19:50:09", "tweet": "That input lag be hitting like a MF online", "likes_count": 0, "replies_count": 0, "retweets_count": 0, "hashtags": []}
{"id": 1126997775332388865, "date": "2019-05-10", "time": "19:49:42", "tweet": "@StrayBastard OH!! well i must be overthinking it !! thank you so much for the input! &lt;3", "likes_count": 1, "replies_count": 0, "retweets_count": 0, "hashtags": []}
{"id": 1126997328349532162, "date": "2019-05-10", "time": "19:47:56", "tweet": "@jonnycp @AngelaKinsey @BBBaumgartner @becausexm @Brandwatch Thank you Jonny, appreciate the input and balance...", "likes_count": 1, "replies_count": 0, "retweets_count": 0, "hashtags": []}
{"id": 1126997070718611457, "date": "2019-05-10", "time": "19:46:54", "tweet": "When you input your resume in &amp; it doesn’t ask for your work history or anything cause everything transfers correctly", "likes_count": 31, "replies_count": 0, "retweets_count": 8, "hashtags": []}
{"id": 1126996863666647040, "date": "2019-05-10", "time": "19:46:05", "tweet": "@DivHumas_Polri emang opposite 78910? perasaan opposite6890. wahhh ketularan salah input neh kaya K*U 😅😂 #SaveOurDemocracy  #SaveIndonesia", "likes_count": 0, "replies_count": 0, "retweets_count": 0, "hashtags": ["saveourdemocracy", "saveindonesia"]}
{"id": 1126996794070720512, "date": "2019-05-10", "time": "19:45:48", "tweet": "@SenBlumenthal Thanks for your input Lt. Capt. Admiral Stolen Valor.", "likes_count": 0, "replies_count": 0, "retweets_count": 0, "hashtags": []}
{"id": 1126996763766923264, "date": "2019-05-10", "time": "19:45:41", "tweet": "@CNN @RepSwalwell Thanks for the input Dexter", "likes_count": 0, "replies_count": 0, "retweets_count": 0, "hashtags": []}
{"id": 1126996710042030081, "date": "2019-05-10", "time": "19:45:28", "tweet": "@Budhahess @Haifisch_Von Smells only require a piece of citrus peel, but I get it! I try not to put anything stinky down mine (garlic, onions, etc) and I don'eat animal products so I don't have to worry about anything there. Thanks for your input!", "likes_count": 1, "replies_count": 3, "retweets_count": 0, "hashtags": []}
{"id": 1126996601145364480, "date": "2019-05-10", "time": "19:45:02", "tweet": "There is no doubt that the dairy industry is at a crossroads - input sought on Dairy Plan.  https://t.co/z3iWQhyk0V  https://t.co/q3Hx1BY2ND", "likes_count": 1, "replies_count": 0, "retweets_count": 1, "hashtags": []}
{"id": 1126996506408574977, "date": "2019-05-10", "time": "19:44:40", "tweet": "@dominos Curious why employees have to input credit card information manually instead of using the card reader. I've had it happen at two different Dominos on multiple occasions. Card readers are much more secure, why wouldn't they use them?", "likes_count": 0, "replies_count": 1, "retweets_count": 0, "hashtags": []}
{"id": 1126996472904310784, "date": "2019-05-10", "time": "19:44:32", "tweet": "@detikcom @detikfinance Blusukan sistem, kumpulkan praktisi awam yg terdampak spy komplit input problem nya", "likes_count": 0, "replies_count": 0, "retweets_count": 0, "hashtags": []}
{"id": 1126996395242577920, "date": "2019-05-10", "time": "19:44:13", "tweet": "@bookpluscompass I use GC controller and use X jump and Y special to do the input. It’s hard to make Zelda go as far back consistently, but with practice it gets a bit easier. The Phantom input with the dash back and reverse essentially becomes a half circle motion.", "likes_count": 1, "replies_count": 0, "retweets_count": 0, "hashtags": []}
{"id": 1126996394210996224, "date": "2019-05-10", "time": "19:44:13", "tweet": "Superbooth 2019: Erica Synths Black Input  https://t.co/FAgeVWrTQX", "likes_count": 0, "replies_count": 0, "retweets_count": 0, "hashtags": []}
{"id": 1126996375441477634, "date": "2019-05-10", "time": "19:44:09", "tweet": "@GoDawgs1712 @SmOoChEs_Mwah @mattfsu77 @trapj99 Again, thank for your articulate, classy input.", "likes_count": 0, "replies_count": 1, "retweets_count": 0, "hashtags": []}
{"id": 1126996299423858688, "date": "2019-05-10", "time": "19:43:51", "tweet": "What is 8051 input output port?  https://t.co/hJ1LpLlFwA", "likes_count": 0, "replies_count": 0, "retweets_count": 0, "hashtags": []}
{"id": 1126996228380643328, "date": "2019-05-10", "time": "19:43:34", "tweet": "Superbooth 2019: Erica Synths Black Input  https://t.co/qxWP1Q20uC  https://t.co/nBBghXaQuR", "likes_count": 0, "replies_count": 0, "retweets_count": 0, "hashtags": []}
{"id": 1126996142544367616, "date": "2019-05-10", "time": "19:43:13", "tweet": "@OMGItsMontelleo Input ~ Context ~ Connectedness ~ Harmony ~ Restorative", "likes_count": 1, "replies_count": 0, "retweets_count": 0, "hashtags": []}
{"id": 1126996096784400386, "date": "2019-05-10", "time": "19:43:02", "tweet": "@marxist_neo @BenBurgis I am no @BenBurgis though, and would love to hear his input on this.", "likes_count": 1, "replies_count": 0, "retweets_count": 0, "hashtags": []}
{"id": 1126995980187049986, "date": "2019-05-10", "time": "19:42:34", "tweet": "@CarlaSpade Really appreciate your input carla person 😊 byeeeee", "likes_count": 0, "replies_count": 0, "retweets_count": 0, "hashtags": []}
{"id": 1126995964789575680, "date": "2019-05-10", "time": "19:42:31", "tweet": "This will be a great conference, especially if there are a wide range of voices in the room.we have great plans for audience input into this debate.", "likes_count": 3, "replies_count": 0, "retweets_count": 2, "hashtags": []}
{"id": 1126995811076857858, "date": "2019-05-10", "time": "19:41:54", "tweet": "@bookpluscompass Since more people are finding out about this, here’s another thing about this tech:How far you land after summoning phantom depends on when you do the input after the initial dash. The earlier frames send you the farthest as shown, while the later frames don’t put you as far back", "likes_count": 1, "replies_count": 1, "retweets_count": 0, "hashtags": []}
{"id": 1126995675256721409, "date": "2019-05-10", "time": "19:41:22", "tweet": "#PaloAlto needs your input to update its American with Disabilities Act (ADA) Transition Plan. Attend one of these meetings: 5/13, 3:30 p.m. at Rinconada Library or 5/14, 6:30 p.m. in the Adobe Room, Mitchell Park Comm. Center. Learn more here:  https://t.co/6d3Zya9aVn  https://t.co/0RTYHpu3L9", "likes_count": 2, "replies_count": 0, "retweets_count": 1, "hashtags": ["paloalto"]}
{"id": 1126995607611162626, "date": "2019-05-10", "time": "19:41:06", "tweet": "@GoDawgs1712 @SmOoChEs_Mwah @mattfsu77 @trapj99 Thank you for your input", "likes_count": 0, "replies_count": 1, "retweets_count": 0, "hashtags": []}
{"id": 1126995542289014784, "date": "2019-05-10", "time": "19:40:50", "tweet": "Rupanya itu virus juga ya...salah input. 😁😁😁", "likes_count": 0, "replies_count": 0, "retweets_count": 0, "hashtags": []}
{"id": 1126995511590805507, "date": "2019-05-10", "time": "19:40:43", "tweet": "@slightlylate @othermaciej @ohunt It's still on our radar. The team has been rather busy with IO as you can imagine. But crispier input would definitely help, so please do file a specific issue with some examples if possible.", "likes_count": 1, "replies_count": 0, "retweets_count": 0, "hashtags": []}
{"id": 1126995427008630784, "date": "2019-05-10", "time": "19:40:23", "tweet": "@PamKeithFL Lol!  That mushroom top I’m sure helped you.  Real women can think for themselves and don’t need your input.  Side note, did you know Apple made you into an imoji?!!  Look👉🏼🤯", "likes_count": 0, "replies_count": 0, "retweets_count": 0, "hashtags": []}
{"id": 1126995150624837632, "date": "2019-05-10", "time": "19:39:17", "tweet": "Thank You to all who came to the @SurreyMinor Hockey Dialogue last night! A special thanks to Chris Gain from @CityofSurrey for the new arena update &amp; info as well as @baynetrayne &amp; @Lsammartino41 for their input on our player &amp; goalie development plans 👍 #SurreyThunder", "likes_count": 12, "replies_count": 0, "retweets_count": 1, "hashtags": ["surreythunder"]}
{"id": 1126995116676272128, "date": "2019-05-10", "time": "19:39:09", "tweet": "@MarkoOhNo @AOC So you admit it's my choice which path to take? Good. Because it is. No input from you needed. Thanks.", "likes_count": 0, "replies_count": 0, "retweets_count": 0, "hashtags": []}
{"id": 1126994934593196043, "date": "2019-05-10", "time": "19:38:25", "tweet": "Another display of sloppiness or arrogance by gerrymandered @migop Legislature: appropriations belong in appropriations bills and bills should be given committee hearings with public input not rammed through in a day as the auto insurance bills were  https://t.co/O1afKC4OEx", "likes_count": 13, "replies_count": 1, "retweets_count": 4, "hashtags": []}
{"id": 1126994830616403969, "date": "2019-05-10", "time": "19:38:00", "tweet": "Check out this FANTASTIC all out tube amp from Aries Cerat. Each channel has 3 chassis - bottom is power management/filtering/conditioning. Input driver stage in separate chassis. Then the output chassis. €250k. @AriesCerat #tubelovers #HighEnd2019  https://t.co/dlN6k2szLC", "likes_count": 0, "replies_count": 0, "retweets_count": 0, "hashtags": ["tubelovers", "highend2019"]}
{"id": 1126994826115682304, "date": "2019-05-10", "time": "19:37:59", "tweet": "@himanshu_ragtah Great input, cheers!", "likes_count": 0, "replies_count": 0, "retweets_count": 0, "hashtags": []}
{"id": 1126994628681584641, "date": "2019-05-10", "time": "19:37:12", "tweet": "@lunetsun @JervinGonzalo @suhyed1 No yeah, I totally understand. I was just curious about that particular issue but I agree with you. Thank you for your input", "likes_count": 0, "replies_count": 0, "retweets_count": 0, "hashtags": []}
{"id": 1126994580078059527, "date": "2019-05-10", "time": "19:37:01", "tweet": "Blog-post: \"SQL Server ML Services - Multiple Input Data Sets\".  We look at how to push in multiple datasets to external R and Python scripts!  https://t.co/Tv7JRgKNQD #datascience #sqlserver #sqlservermlservices #rstats #Python #machinelearning  https://t.co/a6y20yShgc", "likes_count": 0, "replies_count": 1, "retweets_count": 1, "hashtags": ["datascience", "sqlserver", "sqlservermlservices", "rstats", "python", "machinelearning"]}
{"id": 1126994548305960960, "date": "2019-05-10", "time": "19:36:53", "tweet": "@yusuf_dumdum @DivHumas_Polri @AkunTofa Perasaan gw, yg vokal itu akun @opposite6890   Akun @opposite78910 iki sopo, cak?  Ketularan salah input C1, nih.. Angkanya nambah ky situng KPU  #KedaulatanMilikRakyat  #KedaulatanMilikRakyat", "likes_count": 10, "replies_count": 1, "retweets_count": 1, "hashtags": ["kedaulatanmilikrakyat", "kedaulatanmilikrakyat"]}
{"id": 1126994506367193089, "date": "2019-05-10", "time": "19:36:43", "tweet": "sensory input 感覚入力", "likes_count": 0, "replies_count": 0, "retweets_count": 0, "hashtags": []}
{"id": 1126994392756015104, "date": "2019-05-10", "time": "19:36:16", "tweet": "@0150Yonebo 無事な旅を過ごしてるようでホッとしましたね　良い息子さん💓　〈急な電話にろくな事無い〉私の脳ミソはinputされてます　母の口癖だったので…😅", "likes_count": 1, "replies_count": 1, "retweets_count": 0, "hashtags": []}
{"id": 1126994198693965824, "date": "2019-05-10", "time": "19:35:30", "tweet": "@lynlinking @abcnews Proving that Smirko is not only campaigning without input from his front bench, but has also ditched all his staffers who may have been able to provide enlightenment on the current (😉) state of EV’s. Flying solo, no flight plan, no compass, running on fumes.", "likes_count": 0, "replies_count": 0, "retweets_count": 0, "hashtags": []}
{"id": 1126994066321833984, "date": "2019-05-10", "time": "19:34:58", "tweet": "@BeanditoBetes Libre can be in arm can it alert of low blood sugar? Thanks for input", "likes_count": 0, "replies_count": 2, "retweets_count": 0, "hashtags": []}
{"id": 1126994046998548480, "date": "2019-05-10", "time": "19:34:53", "tweet": "@KalaniQueypo @LouDPhillips @sharonstone @Alyssa_Milano @vincentdonofrio @Wm_Sadler @halleberry @tantooC am #writing a new essay/blog/possible @TEDTalks script re:Publicity &amp; Privacy My edu: BA Philosophy UW incl. Ethics; any input/ideas pls DM or tweet back! Thx 4 all U do!", "likes_count": 2, "replies_count": 0, "retweets_count": 0, "hashtags": ["writing"]}
{"id": 1126993856921161728, "date": "2019-05-10", "time": "19:34:08", "tweet": "@simonw If you can detect and reject sql injections. I don’t see why this is bad.  It no worse the using an input field as a column var and not escaping the inputs.", "likes_count": 0, "replies_count": 1, "retweets_count": 0, "hashtags": []}
{"id": 1126993683621003267, "date": "2019-05-10", "time": "19:33:27", "tweet": "@SilverGold414 we both like each other and have even talked of being in an official relationship. my parents are okay with it as long as sexual relations are held off until i’m 18... but your input has helped a lot!", "likes_count": 1, "replies_count": 1, "retweets_count": 0, "hashtags": []}
{"id": 1126993629111836672, "date": "2019-05-10", "time": "19:33:14", "tweet": "@karrvakarela Wow! Thanks for your input. I had never read this specific symptom could be angina equivalent! Seems extremely rare but not impossible.", "likes_count": 0, "replies_count": 0, "retweets_count": 0, "hashtags": []}
{"id": 1126993509381283841, "date": "2019-05-10", "time": "19:32:45", "tweet": "Man, output must equal the input. I love the Laws of Equivalent Exchange.", "likes_count": 1, "replies_count": 1, "retweets_count": 0, "hashtags": []}
{"id": 1126993484207009792, "date": "2019-05-10", "time": "19:32:39", "tweet": "Gabriel had all the time in the world to go and insert himself into drama that had not a damned thing to do with him, but like the messy input hoe we BEEN known he was...  What he do? Show his whole ass again.  https://t.co/7gBG98EWhc", "likes_count": 0, "replies_count": 0, "retweets_count": 0, "hashtags": []}
{"id": 1126993431392395264, "date": "2019-05-10", "time": "19:32:27", "tweet": "@MorsVitaEst @kevyj12321 @LasagnaGarden Everyone knows ideas expire after about two years or so.", "likes_count": 1, "replies_count": 0, "retweets_count": 0, "hashtags": []}
{"id": 1126993341755854848, "date": "2019-05-10", "time": "19:32:05", "tweet": "@AntonioParis Many humans have a great capacity to decide first what conclusion they wish to embrace, then filter all input to conform. This tendency is not confined to the subject of abortion.  I have known even astronomers to behave similarly in other contexts.  https://t.co/vtKPvnA1SF", "likes_count": 0, "replies_count": 0, "retweets_count": 0, "hashtags": []}
{"id": 1126993319140167680, "date": "2019-05-10", "time": "19:32:00", "tweet": "@TJarmonWrites @yumamichaels @Twitter Ok thank you so much,, it’s not the same complaining without his input lol", "likes_count": 1, "replies_count": 1, "retweets_count": 1, "hashtags": []}
{"id": 1126993257169346560, "date": "2019-05-10", "time": "19:31:45", "tweet": "@MrEasyStreet Lmfao the definition of ignorance isn’t not caring 🤣🤣 but thanks got the input!", "likes_count": 0, "replies_count": 0, "retweets_count": 0, "hashtags": []}
{"id": 1126993111366823937, "date": "2019-05-10", "time": "19:31:10", "tweet": "@_azenett_ @sithlordkay @wokeveganqueen Still don’t care what OTHER cultures choose to do. That is their decision, just like we are “torturing” cows apparently. But thanks for your input!", "likes_count": 0, "replies_count": 0, "retweets_count": 0, "hashtags": []}
{"id": 1126993091720810496, "date": "2019-05-10", "time": "19:31:06", "tweet": "@AryaKicksButt @SarahBCalif This was the the ultimate right to choose. Look what you went through to have your babies and it is all worth it. But, you personally had the right to choose, not men around a table with no input from women. I had a baby close to 48 years ago. Women were having illegal abortions", "likes_count": 1, "replies_count": 0, "retweets_count": 0, "hashtags": []}
{"id": 1126993066374512640, "date": "2019-05-10", "time": "19:31:00", "tweet": "@adamblakester Votes,  Votes,  you need votes.  Ask for input into your policies.  Talk,  listen.", "likes_count": 0, "replies_count": 0, "retweets_count": 0, "hashtags": []}
{"id": 1126992953891627008, "date": "2019-05-10", "time": "19:30:33", "tweet": "@Beritasatu @EliteInteligent Ya wajiblah dah di proses belum 73 ribu laporan kesalahan input KPU.. kl belum preet lah", "likes_count": 0, "replies_count": 0, "retweets_count": 0, "hashtags": []}
{"id": 1126992747536293888, "date": "2019-05-10", "time": "19:29:44", "tweet": "@KingJames Lebron ... Can you PLEASE call up Jeannie Buss and tell her that she doesn't know what the hell she's doing!  The white media is going to hate you no matter what.  So you might as well give your input.", "likes_count": 0, "replies_count": 0, "retweets_count": 0, "hashtags": []}
{"id": 1126992667047542785, "date": "2019-05-10", "time": "19:29:24", "tweet": "@b_armour70 @DetroitsTime @LLamorandier That’s actually not what the point was. But there’s no reason to try an explain that to someone who’s illiterate...thanks for the input Brandon! Lmfaoooo 🤣🤣🤣", "likes_count": 0, "replies_count": 1, "retweets_count": 0, "hashtags": []}
{"id": 1126992651679617025, "date": "2019-05-10", "time": "19:29:21", "tweet": "Good news: all parts arrived for the new computer.  Bad news: mobo complains about sata error with no sata devices connected; only half the ram shows up; uefi only sometimes responds to keyboard input.  It's not ready for an OS yet. Oh well, will continue working on it tomorrow.", "likes_count": 0, "replies_count": 1, "retweets_count": 0, "hashtags": []}
{"id": 1126992563838365696, "date": "2019-05-10", "time": "19:29:00", "tweet": "👍 Thank you Tom for all your input.", "likes_count": 1, "replies_count": 0, "retweets_count": 0, "hashtags": []}
{"id": 1126992234706898944, "date": "2019-05-10", "time": "19:27:41", "tweet": "Grab an Echo Input for $20 and Add Alexa to Any Speaker | News &amp; Opinion via PCMAG   https://t.co/hLQ63odBSQ  #technology #amazon #echo #alexa #hardware #computer #voiceassistant #homeautomation  https://t.co/Gqi40DK819", "likes_count": 0, "replies_count": 0, "retweets_count": 1, "hashtags": ["technology", "amazon", "echo", "alexa", "hardware", "computer", "voiceassistant", "homeautomation"]}
{"id": 1126992083468812288, "date": "2019-05-10", "time": "19:27:05", "tweet": "why do you even have an input on something you have never experienced before &amp; know nothing about the female body, it’s absurd.", "likes_count": 14, "replies_count": 1, "retweets_count": 0, "hashtags": []}
{"id": 1126991990414041088, "date": "2019-05-10", "time": "19:26:43", "tweet": "دماغي بقاله شوية مبتقبلش اي input برا حدود المعلومات العلمية و ذلك لان مفيش مكان جوا بافندم we are already worn out و ماشيين بالزق يعني مش كده.", "likes_count": 0, "replies_count": 0, "retweets_count": 0, "hashtags": []}
{"id": 1126991961733324803, "date": "2019-05-10", "time": "19:26:36", "tweet": "Like how easy would it be for someone to just record your input audio &amp; destroy your whole life, please be more careful", "likes_count": 1, "replies_count": 0, "retweets_count": 0, "hashtags": []}
{"id": 1126991930779422720, "date": "2019-05-10", "time": "19:26:29", "tweet": "@MrEasyStreet Lmfaooo thanks for the input Kirt! I don’t care 🤣🤣", "likes_count": 0, "replies_count": 0, "retweets_count": 0, "hashtags": []}
{"id": 1126991898793660417, "date": "2019-05-10", "time": "19:26:21", "tweet": "NIGEL FARAGE was answering questions put to him. AND he answered unlike most. The businessman  was quite left out yet his input was solid so the CHAIR is to whom you should be addressing your remarks. Do I suspect a GREEN EYE?", "likes_count": 0, "replies_count": 0, "retweets_count": 0, "hashtags": []}
{"id": 1126991812357500929, "date": "2019-05-10", "time": "19:26:01", "tweet": "@GlamLifeGuru BARELY accepts sponsorships and that says a lot about the kind of person she is and how valuable her input is for so many of us. I followed James because they were friends although i always felt that he wasnt genuine, unfollowing as of now #teamTati  https://t.co/Rnt0igjvqi", "likes_count": 4, "replies_count": 0, "retweets_count": 1, "hashtags": ["teamtati"]}
{"id": 1126991671810347008, "date": "2019-05-10", "time": "19:25:27", "tweet": "@BelaNegara2019 @PutraErlangga__ @fadlizon Orang tolol pergi ke jalan, orang di situs KPU udh ada copy annya C1 tinggal cocokin dgn data entry kl salah input laporkan beres kan?? Kampretos mana mikir sampe kesitu..", "likes_count": 0, "replies_count": 0, "retweets_count": 0, "hashtags": []}
{"id": 1126991628231741442, "date": "2019-05-10", "time": "19:25:17", "tweet": "@terrell9498 @PrimePG13 Thank you for your comedic input. It really enlightened me", "likes_count": 0, "replies_count": 0, "retweets_count": 0, "hashtags": []}
{"id": 1126991431153913858, "date": "2019-05-10", "time": "19:24:30", "tweet": "I'm updating a doc course on \"Theoretical Foundations of Public Management.\" I'd like opinions on what to cover. I won't respond to your comments, unless I need to ask a clarifying question. But, I do sincerely appreciate your constructive input. So, please, have at it...", "likes_count": 29, "replies_count": 22, "retweets_count": 5, "hashtags": []}
{"id": 1126991400355225608, "date": "2019-05-10", "time": "19:24:22", "tweet": "@Clayster Also.. there's only one way to make this fair.. auction draft..... whatever cost for each player they should go  back into the league prize pool.. this allows the org/players to still ha e some input on who is on the team.. genius", "likes_count": 0, "replies_count": 0, "retweets_count": 0, "hashtags": []}
{"id": 1126991355807444992, "date": "2019-05-10", "time": "19:24:12", "tweet": "not sure if I'm going crazy or the latest mk11 pc patch introduced some slight input delay. gonna mess with settings tomorrow and hopefully get it sorted out so I can play more online!", "likes_count": 0, "replies_count": 0, "retweets_count": 0, "hashtags": []}
{"id": 1126991259141193728, "date": "2019-05-10", "time": "19:23:49", "tweet": "@ChristNM3 My tweet states that prayer is the key that will release us! It is this is why Jesus Prayed to the Father. I love you my brother and thanks for your input. God bless😘", "likes_count": 0, "replies_count": 2, "retweets_count": 0, "hashtags": []}
{"id": 1126991130879582208, "date": "2019-05-10", "time": "19:23:18", "tweet": "@Sifill_LDF It was NEVER without political input", "likes_count": 0, "replies_count": 0, "retweets_count": 0, "hashtags": []}
{"id": 1126990868190253056, "date": "2019-05-10", "time": "19:22:16", "tweet": "Check out Input Clever Name UG  https://t.co/fZTYm1ttIV", "likes_count": 0, "replies_count": 0, "retweets_count": 0, "hashtags": []}
{"id": 1126990857314492416, "date": "2019-05-10", "time": "19:22:13", "tweet": "@GraigKreindler Would love your input...", "likes_count": 0, "replies_count": 0, "retweets_count": 0, "hashtags": []}
{"id": 1126990831154597893, "date": "2019-05-10", "time": "19:22:07", "tweet": "input and output.  just like ordinary life, it’s a never ending cycle.", "likes_count": 0, "replies_count": 0, "retweets_count": 0, "hashtags": []}
{"id": 1126990804319268864, "date": "2019-05-10", "time": "19:22:00", "tweet": "@TokopediaCare pagi kak, mau tanya knpa yah kok sttus ressi invalid padahal di awal input sudh bisa terlacak dan benar itu adanya ressi yg dininput. mohon bantuan nya INV/20190509/XIX/V/310901663, trimkasi", "likes_count": 0, "replies_count": 1, "retweets_count": 0, "hashtags": []}
{"id": 1126990664934285313, "date": "2019-05-10", "time": "19:21:27", "tweet": "For a medical device industry transition, it’s a matter of experience and maturity in the field so that you can effectively help the company understand the input from your “tool user” colleagues and others to construct successful device innovation. @ajaykirtane @rwyeh @ekgpdx", "likes_count": 26, "replies_count": 0, "retweets_count": 1, "hashtags": []}
{"id": 1126990648681177088, "date": "2019-05-10", "time": "19:21:23", "tweet": "Learn how Sun Power Corporation is using #AI powered by #GCP to provide users complex design solutions only with an address as an input  https://t.co/tprFvlKo8c #ML #nvidia #nvidiavgpu #digitaltransformation  #renewableenergy", "likes_count": 1, "replies_count": 0, "retweets_count": 1, "hashtags": ["ai", "gcp", "ml", "nvidia", "nvidiavgpu", "digitaltransformation", "renewableenergy"]}
{"id": 1126990441088462848, "date": "2019-05-10", "time": "19:20:34", "tweet": "We are going to put Barnet Azzurri back on the map.  Quality coaching, positive input only, let the boys play on the pitch and help them only, we don’t shout at them and we don’t tell them what decision to make.", "likes_count": 4, "replies_count": 0, "retweets_count": 1, "hashtags": []}
{"id": 1126990425536061440, "date": "2019-05-10", "time": "19:20:30", "tweet": "@Mendinso Ah yes Sonic on GBA running at like 5 fps and having horrible input lag along with some crunchy tunes", "likes_count": 0, "replies_count": 0, "retweets_count": 0, "hashtags": []}
{"id": 1126990420284706817, "date": "2019-05-10", "time": "19:20:29", "tweet": "@AOC Millions of us are thankful for your positive input and realistic approach to government.  I believe that you are making a difference. #RealDeal", "likes_count": 0, "replies_count": 0, "retweets_count": 0, "hashtags": ["realdeal"]}
