{"id": 1165775712776638464, "date": "2019-08-25", "time": "19:59:23", "tweet": "@quinnnorton Well, I think Chomsky's hierarchy isn't complicate enough. It highlights issues for one set of problems, while not doing enough to highlight the problems we have with parsing input.", "likes_count": 2, "replies_count": 2, "retweets_count": 0, "hashtags": []}
{"id": 1165775656438968325, "date": "2019-08-25", "time": "19:59:10", "tweet": "Mind your fucking business and let me do what I do. If I need input, I’ll ask.", "likes_count": 1, "replies_count": 0, "retweets_count": 0, "hashtags": []}
{"id": 1165775404881387521, "date": "2019-08-25", "time": "19:58:10", "tweet": "@byBeli_02 Excepto para mi, hasta se me cayo internet de la depresión que llevaba encima xD. Que asco de tele tengo. Me acuerdo con la NES mini probandola en la tele y luego en monitor y no veas el puto input lag que tiene mi tele xD. Offline todo bien, pero luego online soy yo contra 2 xD", "likes_count": 0, "replies_count": 1, "retweets_count": 0, "hashtags": []}
{"id": 1165775343791280129, "date": "2019-08-25", "time": "19:57:55", "tweet": "@thehill Thanks but we don’t need your input. We’ll run our own party. Why don’t you start running your own city?", "likes_count": 0, "replies_count": 0, "retweets_count": 0, "hashtags": []}
{"id": 1165774917133979648, "date": "2019-08-25", "time": "19:56:13", "tweet": "difference: after Xiang refused to murder Liu Bang during their diplomatic meeting, Fan had enough and said Xiang was merely \"a kid who is not worth his(Fan) input\".You bet Xiang himself heard about this. But what happened to Fan? Nothing. Even when Xiang fell victim to Liu's", "likes_count": 0, "replies_count": 0, "retweets_count": 0, "hashtags": []}
{"id": 1165774802612891650, "date": "2019-08-25", "time": "19:55:46", "tweet": "@dtaylor0802 Makes sense. If only ppl fully understood that intimacy is DEEPER than sex, we wouldn't have to keep having these circular types of conversations 😏 I appreciate your input, though 😉👍🏽", "likes_count": 1, "replies_count": 0, "retweets_count": 0, "hashtags": []}
{"id": 1165774685029785602, "date": "2019-08-25", "time": "19:55:18", "tweet": "@retroguygaming I didn't know about these inputs, but hey, this is what the replies are for, right? Thanks for your input!", "likes_count": 2, "replies_count": 0, "retweets_count": 0, "hashtags": []}
{"id": 1165774676791922688, "date": "2019-08-25", "time": "19:55:16", "tweet": "Pagi ni sambil dia setting vape. Dia bg sekali input tentang nyamuk. Jenis jenis nyamuk. Sabo je lah aku mendengarnya  😂", "likes_count": 0, "replies_count": 0, "retweets_count": 0, "hashtags": []}
{"id": 1165774619040600064, "date": "2019-08-25", "time": "19:55:02", "tweet": "@CommIndGroup and @flagstaff_group are seeking input and ideas from the local community on the Community Campus at Port Kembla.  We invite you to the Drop In Session, today! Monday 26 August 1pm-3pm or 6pm-7.30pm.   https://t.co/mVIJJUHhmm  #portkembla #community #communitycampus  https://t.co/8CtDcgCgEQ", "likes_count": 2, "replies_count": 0, "retweets_count": 1, "hashtags": ["portkembla", "community", "communitycampus"]}
{"id": 1165774506432126977, "date": "2019-08-25", "time": "19:54:36", "tweet": "Alright #DFW #voiceacting friends, my wife &amp; I are looking at apartments in the area &amp; would love your input in helping us make our choice! Our wishlist is  •Rent below $800 •Utilities included •Parking •Min 500 sqft  •Safe neighborhood  Share your experience!  https://t.co/zEE2YObkxb", "likes_count": 3, "replies_count": 1, "retweets_count": 2, "hashtags": ["dfw", "voiceacting"]}
{"id": 1165774134690942976, "date": "2019-08-25", "time": "19:53:07", "tweet": "@THEJamesWhale @deadairpodcast You can only thank Ash for his input and of course the late Mrs W for your support and finally us, your loyal supporters. By the way, it would have been nice to at least say hello when I handed over all that money for the Kidney Trust when you were in the Tunbridge Wells Studio", "likes_count": 0, "replies_count": 0, "retweets_count": 0, "hashtags": []}
{"id": 1165774020660215808, "date": "2019-08-25", "time": "19:52:40", "tweet": "@ClaudiaBrown100 @ChrisRGun I’d like to hear @hasanthehun ‘s input in this banter. He can absolutely be edgy and over the top, but if you think that over-shadow’s his class political commentary I just can’t agree. Edgy jokes, if you’re a good faith person, don’t detract from core substantive points.", "likes_count": 0, "replies_count": 0, "retweets_count": 0, "hashtags": []}
{"id": 1165773965152800774, "date": "2019-08-25", "time": "19:52:26", "tweet": "valued intellectual input greatly but he was no schemer; he always wanted the fair play, even with his foe. One could well image how frustrating it would to be to a chief strategist. Again Sima Qian gave us little details about how much Xiang respected him despite their", "likes_count": 0, "replies_count": 0, "retweets_count": 0, "hashtags": []}
{"id": 1165773775197167617, "date": "2019-08-25", "time": "19:51:41", "tweet": "@clairlemon The senior management at NYT has clearly lost touch with reality. It might be interesting to put together a piece on how that happened (at NYT, WaPo etc). Maybe drawing on input from former ombudsmen/ public editors  https://t.co/UYOZ2CwWRV", "likes_count": 2, "replies_count": 0, "retweets_count": 2, "hashtags": []}
{"id": 1165773640815788032, "date": "2019-08-25", "time": "19:51:09", "tweet": "Go to church maybe? Or read online?? I’m sure you could at least look up some stuff hmmmm — Went to church for 11 years, that didn't help. I can try some other things yes but also getting input from the people who believe in it is…  https://t.co/wEYl3vOSDo", "likes_count": 1, "replies_count": 0, "retweets_count": 0, "hashtags": []}
{"id": 1165773559756705794, "date": "2019-08-25", "time": "19:50:50", "tweet": "@MarkMcGinniswx @tobias31 100% correct, @tobias31 No one has the right to decide for another other than input from spouse/partner, children, and parents. #parentslove @RoshownMcLeod suffered career-ending injury or he'd be  household name!  Referring to this scene, @MarkMcGinniswx?  https://t.co/nh19cS3MjB", "likes_count": 0, "replies_count": 0, "retweets_count": 0, "hashtags": ["parentslove"]}
{"id": 1165773275127066624, "date": "2019-08-25", "time": "19:49:42", "tweet": "@PlanetFitness New cardio equipment in Philly is garbage. Doesnt allow bio data input, therefore no reliable readings. Phone also cant lean against anything without falling. Non ergonomic handles that cant be held while walking. Wasted your money, cause im taking mine elsewhere", "likes_count": 0, "replies_count": 1, "retweets_count": 0, "hashtags": []}
{"id": 1165773141962047488, "date": "2019-08-25", "time": "19:49:10", "tweet": "@CoachGeneChizik @GatorsFB I REALLY enjoyed your input in the SEC broadcast", "likes_count": 1, "replies_count": 0, "retweets_count": 0, "hashtags": []}
{"id": 1165773107727978496, "date": "2019-08-25", "time": "19:49:02", "tweet": "\"Yes, well...thank you for your input.\" #LockBot", "likes_count": 0, "replies_count": 0, "retweets_count": 0, "hashtags": ["lockbot"]}
{"id": 1165773077239779328, "date": "2019-08-25", "time": "19:48:55", "tweet": "@ErrataRob A Fortran input file format I maintain at work resembles Namelist, but predates it by a year or so (and predated it's inclusion in F77 compilers). The hand written parser is pretty nuts considering it's survived in part basically 50 years later.", "likes_count": 0, "replies_count": 0, "retweets_count": 0, "hashtags": []}
{"id": 1165773076082176002, "date": "2019-08-25", "time": "19:48:55", "tweet": "If I’ve said it before, I’ve said it a million times: THIS is why it’s important to have women involved in films. THIS is why female input is needed for female characters. THIS is why having more female directors is important. Guess which ones were directed by women? Its obvious.  https://t.co/fTP9Gsi9N0", "likes_count": 2048, "replies_count": 73, "retweets_count": 653, "hashtags": []}
{"id": 1165772923392548864, "date": "2019-08-25", "time": "19:48:18", "tweet": "@Gamerheadspc i.e. The material responsible for accepting the controller input wears off easily and can fall out. If you are mashing that A button to sprint in Grand Theft Auto, the controller’s lifespan will shorten dramatically.", "likes_count": 1, "replies_count": 1, "retweets_count": 0, "hashtags": []}
{"id": 1165772880245919744, "date": "2019-08-25", "time": "19:48:08", "tweet": "@femmenational @BillC48521737 @twendekavune @ELLAdvocacy @FFTI_org @DizzleGate @jafelco @crystalshen6 @CraigLaforest @JusticeTargeted @Edhumanrights @JewelNature @RoyEacups @ilovephotocall @TI_Rights I know exactly how you feel. And grateful for your strength to overcome &amp; function every day of your life. For we need everyone's perspective and input to brainstorm for a way to defeat this abomination. And you're truly an original thinker!... :) 🐠🐠🐠", "likes_count": 0, "replies_count": 2, "retweets_count": 0, "hashtags": []}
{"id": 1165772807990460416, "date": "2019-08-25", "time": "19:47:51", "tweet": "Note to testing team. Numeric input on web sites with spaces, hyphens, commas even dollar signs should be ok and localisation of commas and periods is better. Just make sure the output is numeric, cater for null. Web sites that don't allow additional characters in numbers are 📛", "likes_count": 0, "replies_count": 0, "retweets_count": 0, "hashtags": []}
{"id": 1165772643724906501, "date": "2019-08-25", "time": "19:47:11", "tweet": "@KyleNYY That’s kinda what she usually does. She does have some good input here and there but not really a fan of hers tbh.", "likes_count": 1, "replies_count": 0, "retweets_count": 0, "hashtags": []}
{"id": 1165772334172639234, "date": "2019-08-25", "time": "19:45:58", "tweet": "whose bandpass filters have also broken down the input or carrier into several handwriting.", "likes_count": 0, "replies_count": 0, "retweets_count": 0, "hashtags": []}
{"id": 1165772296465764352, "date": "2019-08-25", "time": "19:45:49", "tweet": "SO.  The issue I was having with unity's new input system was just a bug.  --___--", "likes_count": 1, "replies_count": 0, "retweets_count": 0, "hashtags": []}
{"id": 1165772171802808320, "date": "2019-08-25", "time": "19:45:19", "tweet": "@realDonaldTrump Your words, your behaviour and your inability to do anything about Gun Reform - and your treatment of those seeking asylum - gives every one of the Leaders in France - their own opinion without media input.  You are not respected.  Resign!", "likes_count": 0, "replies_count": 0, "retweets_count": 0, "hashtags": []}
{"id": 1165772115326332931, "date": "2019-08-25", "time": "19:45:05", "tweet": "Form Input Bindings in vue.js  https://t.co/9qcPPBcM00", "likes_count": 0, "replies_count": 0, "retweets_count": 0, "hashtags": []}
{"id": 1165771957108977664, "date": "2019-08-25", "time": "19:44:28", "tweet": "A mural honoring #EriePa aviation standouts, including several who lost their lives while serving our country, has been covered with an ad. Should stewards of public art in public places be expected to gather input before making changes?   https://t.co/hvvOCY07cb", "likes_count": 5, "replies_count": 0, "retweets_count": 1, "hashtags": ["eriepa"]}
{"id": 1165771922241740800, "date": "2019-08-25", "time": "19:44:19", "tweet": "@IntezAli @hasanthehun @charliekirk11 Now there’s the objective intelligent take on DT. Thanks for your useless input.", "likes_count": 0, "replies_count": 1, "retweets_count": 0, "hashtags": []}
{"id": 1165771807716237312, "date": "2019-08-25", "time": "19:43:52", "tweet": "@HubertTemba @WhiteHouse Yes, yes,yes, and no I understand 100% but thanks for your input", "likes_count": 0, "replies_count": 0, "retweets_count": 0, "hashtags": []}
{"id": 1165771798228566017, "date": "2019-08-25", "time": "19:43:50", "tweet": "@kyrative thank you for your input i appreciate it", "likes_count": 2, "replies_count": 0, "retweets_count": 0, "hashtags": []}
{"id": 1165771679924178944, "date": "2019-08-25", "time": "19:43:22", "tweet": "@realDonaldTrump Oh and do tell us what brilliant input you had into the G7 meeting. Whining about the media and your \"greatness\" does nothing to combat climate change, massive fires in the lungs of the earth, nuclear disarmament, human rights (you know, all this stuff REAL leaders talk about).", "likes_count": 0, "replies_count": 0, "retweets_count": 0, "hashtags": []}
{"id": 1165771497086103552, "date": "2019-08-25", "time": "19:42:38", "tweet": "@bigpoppapat Yeah but that’s a sakurai fix were never getting - just like my hopeless hold out for the control option to turn off left stick/input smashes like Rivals.  Smashers have proven time and again too irresponsible to keep this stuff straight mid set.", "likes_count": 0, "replies_count": 0, "retweets_count": 0, "hashtags": []}
{"id": 1165771453385412608, "date": "2019-08-25", "time": "19:42:28", "tweet": "MIDIトラックを選択してインスペクターを開いてからINPUT QUANTIZEをONにすると、録音した時にちょっとぐらいずれていてもSONARが修正してくれます！", "likes_count": 0, "replies_count": 0, "retweets_count": 0, "hashtags": []}
{"id": 1165771109029036033, "date": "2019-08-25", "time": "19:41:06", "tweet": "@SeaNostalgia @real_shard I'd provide input, but they got scared and triggered and blocked me", "likes_count": 0, "replies_count": 0, "retweets_count": 0, "hashtags": []}
{"id": 1165771083498213378, "date": "2019-08-25", "time": "19:40:59", "tweet": "@moldylemona I find throwing my own party awkward too. If you have anyone there you trust you could ask them to organize it for you while still giving input", "likes_count": 2, "replies_count": 1, "retweets_count": 0, "hashtags": []}
{"id": 1165770928967618560, "date": "2019-08-25", "time": "19:40:23", "tweet": "Last valid input: 2019-08-26 08:40:14.955836 Temperature: 31.00 C Humidity: 65.00 %", "likes_count": 0, "replies_count": 0, "retweets_count": 0, "hashtags": []}
{"id": 1165770694258544640, "date": "2019-08-25", "time": "19:39:27", "tweet": "Input, processing, output", "likes_count": 0, "replies_count": 0, "retweets_count": 0, "hashtags": []}
