{"id": 1174473062697201664, "date": "2019-09-18", "time": "19:59:33", "tweet": "@JetHawks I love the Jethawks. But every time I go for some of your great refreshments, I miss two or even three innings of the game. Maybe get some professional input and speed up your concessions operations? Best wishes for another great season!", "likes_count": 0, "replies_count": 0, "retweets_count": 0, "hashtags": []}
{"id": 1174473041201520645, "date": "2019-09-18", "time": "19:59:28", "tweet": "Created an indicator to gauge trend based on the emas. Bull crosses green fill. Bear crosses red fill. Input any 5 emas of your choice. Idea is to buy the dips in green and short the bounces in red. I'm no programmer. Just learning some stuff and applying  https://t.co/Gq5heb1fer", "likes_count": 3, "replies_count": 0, "retweets_count": 0, "hashtags": []}
{"id": 1174472645615603712, "date": "2019-09-18", "time": "19:57:54", "tweet": "@SKYserves It just says no input connection, no signal..no service since 7 pm last nite", "likes_count": 0, "replies_count": 1, "retweets_count": 0, "hashtags": []}
{"id": 1174472555903815680, "date": "2019-09-18", "time": "19:57:32", "tweet": "@Scott479 @GadSaad What a situation we find ourselves in. Thank you for your input!", "likes_count": 0, "replies_count": 0, "retweets_count": 0, "hashtags": []}
{"id": 1174472500807442438, "date": "2019-09-18", "time": "19:57:19", "tweet": "Oh, before I forget, Vegan Girl had some perhaps useful input but will in all likelihood lead to a similar dead end as mine?  https://t.co/NDskaXjy4V", "likes_count": 1, "replies_count": 5, "retweets_count": 0, "hashtags": []}
{"id": 1174472399519023104, "date": "2019-09-18", "time": "19:56:55", "tweet": "Very excited to announce v3.0 of #OX is now out on the App Store! It's been a while since the last update, but well worth the wait with Online Multiplayer via Game Center, native iPad version, and fun new head tracking input for iPhone devices with FaceID.  https://t.co/dhBBHDyfkD  https://t.co/raPqCYPzSA", "likes_count": 1, "replies_count": 1, "retweets_count": 3, "hashtags": ["ox"]}
{"id": 1174472357483864069, "date": "2019-09-18", "time": "19:56:45", "tweet": "Watch if you want to have direct input on bring legislation before Congress watch this video.", "likes_count": 0, "replies_count": 0, "retweets_count": 0, "hashtags": []}
{"id": 1174472242270543873, "date": "2019-09-18", "time": "19:56:17", "tweet": "@TheFFBallers @YahooFantasy @PFF @ScottBarrettDFB  Mitch Trubisky is the #KonamiCode when you forget if it's A,B,A,B or B,A,B,A Start and you input the code wrong.  #DABears #footclan", "likes_count": 0, "replies_count": 0, "retweets_count": 0, "hashtags": ["konamicode", "dabears", "footclan"]}
{"id": 1174472237891690497, "date": "2019-09-18", "time": "19:56:16", "tweet": "Open house 😀 @Alexander_AISD thank you for sharing input and the school tour!!  @aDang_It appreciate the calendar!! 😉  https://t.co/G9DZbk0rG1", "likes_count": 9, "replies_count": 0, "retweets_count": 1, "hashtags": []}
{"id": 1174472223731703809, "date": "2019-09-18", "time": "19:56:13", "tweet": "@NoBuddyNow @Ekuseru420 @PrairiePhlox Not necessarily. You don't have to increase the airtime, just widen the often very tight timing window for the input.  If that doesn't have a specific \"you have to get the timing perfect\" then it probably doesn't need to be changed.", "likes_count": 0, "replies_count": 1, "retweets_count": 0, "hashtags": []}
{"id": 1174472203435249665, "date": "2019-09-18", "time": "19:56:08", "tweet": "I’ve tried like 25 different apps in the last month, and each one has felt overly cumbersome on input, or lacks sub tasks, or doesn’t do reporting very nicely, or goes in a totally different direction philosophically (like StreamTime does).", "likes_count": 0, "replies_count": 1, "retweets_count": 0, "hashtags": []}
{"id": 1174472146766245888, "date": "2019-09-18", "time": "19:55:55", "tweet": "@danielwhelan @BetteMidler @AndrewYang So, give the homeless $1000/month. Great! Do you think they'll be able to afford a place to live and food on that in *any* American city and most towns? Nope.  It's a complex problem that requires local, State and Federal input, money. and smart solutions. Got any, #YangBanger?", "likes_count": 0, "replies_count": 1, "retweets_count": 0, "hashtags": ["yangbanger"]}
{"id": 1174472123743555584, "date": "2019-09-18", "time": "19:55:49", "tweet": "Selain I/O multifungsi yang dapat digunakan sebagai digital input dan output, dikonfigurasikan melalui TwinCAT3 menjadi mode counter, incremental encoder, sinyal analog dan sinyal PWM, pengguna controller entry-level sekarang juga dapat menikmati keuntungan-keuntungan", "likes_count": 0, "replies_count": 1, "retweets_count": 0, "hashtags": []}
{"id": 1174472106899165184, "date": "2019-09-18", "time": "19:55:45", "tweet": "@prpltnkr @atomicthumbs I really just want the sliders and then I can make a game that uses like 7 analog potentiometers as input. That'd be sweet.", "likes_count": 18, "replies_count": 1, "retweets_count": 0, "hashtags": []}
{"id": 1174472098066182155, "date": "2019-09-18", "time": "19:55:43", "tweet": "Aaron Boone and I have the same amount of input on the Yankees’ postseason rotation.", "likes_count": 7, "replies_count": 0, "retweets_count": 0, "hashtags": []}
{"id": 1174472093867679745, "date": "2019-09-18", "time": "19:55:42", "tweet": "tem um input lag insuportável na caneta", "likes_count": 0, "replies_count": 2, "retweets_count": 0, "hashtags": []}
{"id": 1174471999986556930, "date": "2019-09-18", "time": "19:55:20", "tweet": "If you are a GoXLR user and stream using OBS and use the Broadcast Stream Mix to input all desktop audio, an IMPORTANT thing to do if you have a browser source in newest update v24. Click on the source cogwheel, Properties and uncheck Reroute audio to OBS - Removes audio lag!!!!!", "likes_count": 5, "replies_count": 2, "retweets_count": 0, "hashtags": []}
{"id": 1174471819920695297, "date": "2019-09-18", "time": "19:54:37", "tweet": "@DeadSupremacy @moontallica Lmaooo why is it always men!! and why is their opinion always literally so irrelevant and yet they always try and input it !!! Like I don’t give a fuck if you think Metallica or Kirk suck!! I don’t know you!! Your opinion doesn’t matter !!!", "likes_count": 1, "replies_count": 0, "retweets_count": 0, "hashtags": []}
{"id": 1174471815915139072, "date": "2019-09-18", "time": "19:54:36", "tweet": "@Vallachio Yes! In looking back at the meetings I've been aware of &amp; then subsequently finding agendas and notes in the govt archives, it seems these public meetings for public input are more to see what the public says so they can learn the opposing views and craft narrative to counter it", "likes_count": 1, "replies_count": 1, "retweets_count": 0, "hashtags": []}
{"id": 1174471795409223680, "date": "2019-09-18", "time": "19:54:31", "tweet": "@FreakPirate @JanisIrwin @KathleenGanley @RachelNotley 👎👎😬Albertsons and teachers sould have input!", "likes_count": 0, "replies_count": 0, "retweets_count": 0, "hashtags": []}
{"id": 1174473062697201664, "date": "2019-09-18", "time": "19:59:33", "tweet": "@JetHawks I love the Jethawks. But every time I go for some of your great refreshments, I miss two or even three innings of the game. Maybe get some professional input and speed up your concessions operations? Best wishes for another great season!", "likes_count": 0, "replies_count": 0, "retweets_count": 0, "hashtags": []}
{"id": 1174473041201520645, "date": "2019-09-18", "time": "19:59:28", "tweet": "Created an indicator to gauge trend based on the emas. Bull crosses green fill. Bear crosses red fill. Input any 5 emas of your choice. Idea is to buy the dips in green and short the bounces in red. I'm no programmer. Just learning some stuff and applying  https://t.co/Gq5heb1fer", "likes_count": 3, "replies_count": 0, "retweets_count": 0, "hashtags": []}
{"id": 1174472645615603712, "date": "2019-09-18", "time": "19:57:54", "tweet": "@SKYserves It just says no input connection, no signal..no service since 7 pm last nite", "likes_count": 0, "replies_count": 1, "retweets_count": 0, "hashtags": []}
{"id": 1174472555903815680, "date": "2019-09-18", "time": "19:57:32", "tweet": "@Scott479 @GadSaad What a situation we find ourselves in. Thank you for your input!", "likes_count": 0, "replies_count": 0, "retweets_count": 0, "hashtags": []}
{"id": 1174472500807442438, "date": "2019-09-18", "time": "19:57:19", "tweet": "Oh, before I forget, Vegan Girl had some perhaps useful input but will in all likelihood lead to a similar dead end as mine?  https://t.co/NDskaXjy4V", "likes_count": 1, "replies_count": 5, "retweets_count": 0, "hashtags": []}
{"id": 1174472399519023104, "date": "2019-09-18", "time": "19:56:55", "tweet": "Very excited to announce v3.0 of #OX is now out on the App Store! It's been a while since the last update, but well worth the wait with Online Multiplayer via Game Center, native iPad version, and fun new head tracking input for iPhone devices with FaceID.  https://t.co/dhBBHDyfkD  https://t.co/raPqCYPzSA", "likes_count": 1, "replies_count": 1, "retweets_count": 3, "hashtags": ["ox"]}
{"id": 1174472357483864069, "date": "2019-09-18", "time": "19:56:45", "tweet": "Watch if you want to have direct input on bring legislation before Congress watch this video.", "likes_count": 0, "replies_count": 0, "retweets_count": 0, "hashtags": []}
{"id": 1174472242270543873, "date": "2019-09-18", "time": "19:56:17", "tweet": "@TheFFBallers @YahooFantasy @PFF @ScottBarrettDFB  Mitch Trubisky is the #KonamiCode when you forget if it's A,B,A,B or B,A,B,A Start and you input the code wrong.  #DABears #footclan", "likes_count": 0, "replies_count": 0, "retweets_count": 0, "hashtags": ["konamicode", "dabears", "footclan"]}
{"id": 1174472237891690497, "date": "2019-09-18", "time": "19:56:16", "tweet": "Open house 😀 @Alexander_AISD thank you for sharing input and the school tour!!  @aDang_It appreciate the calendar!! 😉  https://t.co/G9DZbk0rG1", "likes_count": 9, "replies_count": 0, "retweets_count": 1, "hashtags": []}
{"id": 1174472223731703809, "date": "2019-09-18", "time": "19:56:13", "tweet": "@NoBuddyNow @Ekuseru420 @PrairiePhlox Not necessarily. You don't have to increase the airtime, just widen the often very tight timing window for the input.  If that doesn't have a specific \"you have to get the timing perfect\" then it probably doesn't need to be changed.", "likes_count": 0, "replies_count": 1, "retweets_count": 0, "hashtags": []}
{"id": 1174472203435249665, "date": "2019-09-18", "time": "19:56:08", "tweet": "I’ve tried like 25 different apps in the last month, and each one has felt overly cumbersome on input, or lacks sub tasks, or doesn’t do reporting very nicely, or goes in a totally different direction philosophically (like StreamTime does).", "likes_count": 0, "replies_count": 1, "retweets_count": 0, "hashtags": []}
{"id": 1174472146766245888, "date": "2019-09-18", "time": "19:55:55", "tweet": "@danielwhelan @BetteMidler @AndrewYang So, give the homeless $1000/month. Great! Do you think they'll be able to afford a place to live and food on that in *any* American city and most towns? Nope.  It's a complex problem that requires local, State and Federal input, money. and smart solutions. Got any, #YangBanger?", "likes_count": 0, "replies_count": 1, "retweets_count": 0, "hashtags": ["yangbanger"]}
{"id": 1174472123743555584, "date": "2019-09-18", "time": "19:55:49", "tweet": "Selain I/O multifungsi yang dapat digunakan sebagai digital input dan output, dikonfigurasikan melalui TwinCAT3 menjadi mode counter, incremental encoder, sinyal analog dan sinyal PWM, pengguna controller entry-level sekarang juga dapat menikmati keuntungan-keuntungan", "likes_count": 0, "replies_count": 1, "retweets_count": 0, "hashtags": []}
{"id": 1174472106899165184, "date": "2019-09-18", "time": "19:55:45", "tweet": "@prpltnkr @atomicthumbs I really just want the sliders and then I can make a game that uses like 7 analog potentiometers as input. That'd be sweet.", "likes_count": 18, "replies_count": 1, "retweets_count": 0, "hashtags": []}
{"id": 1174472098066182155, "date": "2019-09-18", "time": "19:55:43", "tweet": "Aaron Boone and I have the same amount of input on the Yankees’ postseason rotation.", "likes_count": 7, "replies_count": 0, "retweets_count": 0, "hashtags": []}
{"id": 1174472093867679745, "date": "2019-09-18", "time": "19:55:42", "tweet": "tem um input lag insuportável na caneta", "likes_count": 0, "replies_count": 2, "retweets_count": 0, "hashtags": []}
{"id": 1174471999986556930, "date": "2019-09-18", "time": "19:55:20", "tweet": "If you are a GoXLR user and stream using OBS and use the Broadcast Stream Mix to input all desktop audio, an IMPORTANT thing to do if you have a browser source in newest update v24. Click on the source cogwheel, Properties and uncheck Reroute audio to OBS - Removes audio lag!!!!!", "likes_count": 5, "replies_count": 2, "retweets_count": 0, "hashtags": []}
{"id": 1174471819920695297, "date": "2019-09-18", "time": "19:54:37", "tweet": "@DeadSupremacy @moontallica Lmaooo why is it always men!! and why is their opinion always literally so irrelevant and yet they always try and input it !!! Like I don’t give a fuck if you think Metallica or Kirk suck!! I don’t know you!! Your opinion doesn’t matter !!!", "likes_count": 1, "replies_count": 0, "retweets_count": 0, "hashtags": []}
{"id": 1174471815915139072, "date": "2019-09-18", "time": "19:54:36", "tweet": "@Vallachio Yes! In looking back at the meetings I've been aware of &amp; then subsequently finding agendas and notes in the govt archives, it seems these public meetings for public input are more to see what the public says so they can learn the opposing views and craft narrative to counter it", "likes_count": 1, "replies_count": 1, "retweets_count": 0, "hashtags": []}
{"id": 1174471795409223680, "date": "2019-09-18", "time": "19:54:31", "tweet": "@FreakPirate @JanisIrwin @KathleenGanley @RachelNotley 👎👎😬Albertsons and teachers sould have input!", "likes_count": 0, "replies_count": 0, "retweets_count": 0, "hashtags": []}
{"id": 1174471784885891072, "date": "2019-09-18", "time": "19:54:28", "tweet": "Lmao son.....was that input needed????", "likes_count": 2, "replies_count": 0, "retweets_count": 0, "hashtags": []}
{"id": 1174471486108647424, "date": "2019-09-18", "time": "19:53:17", "tweet": "I had no idea how much emotional labor I was performing by always making dinner for my roommates until I got a double wrist injury and had to watch them decide what to eat without my input. It's excruciating.", "likes_count": 2, "replies_count": 0, "retweets_count": 0, "hashtags": []}
{"id": 1174471262531411969, "date": "2019-09-18", "time": "19:52:24", "tweet": "@RamGrl19 Thanks for your input 🙄", "likes_count": 0, "replies_count": 0, "retweets_count": 0, "hashtags": []}
{"id": 1174471169363152897, "date": "2019-09-18", "time": "19:52:02", "tweet": "[D] Instance weighting with soft labels.: Suppose you are given training instances with soft labels. I.e., your training instances are of the form (x,y,p), where x ins the input, y is the class and p is the probability that x is of class y. Some…  https://t.co/VQjbQT1Qge", "likes_count": 0, "replies_count": 0, "retweets_count": 1, "hashtags": []}
{"id": 1174471024789708800, "date": "2019-09-18", "time": "19:51:27", "tweet": "It's crazy that capping your frame rate so your GPU isn't maxed significantly reduces input lag! Definitely check out Battle(non)sense's video if you haven't already.  https://t.co/dQoMFNkMFj", "likes_count": 2, "replies_count": 0, "retweets_count": 0, "hashtags": []}
{"id": 1174470823211651072, "date": "2019-09-18", "time": "19:50:39", "tweet": "@LiterallyErased If your theory needs other people's input to become \"clear\", better keep it confusing and get away with the bullshit in it..", "likes_count": 4, "replies_count": 0, "retweets_count": 0, "hashtags": []}
{"id": 1174470795742986240, "date": "2019-09-18", "time": "19:50:32", "tweet": "@Jezebel_thomas @calleja_ben @clementine_ford @raddledoldtart @cint_g43 @LauraAH110 @yumichild @jennyleong @nswpca You can't know how \"oppressed\" another person is over Twitter, illogical assumption. You also mention men should have no right to comment on a woman's issue, so why should we try to understand the issue at all? Our input or help is not wanted by you, why would we try to imagine?", "likes_count": 3, "replies_count": 0, "retweets_count": 0, "hashtags": []}
{"id": 1174470778517168129, "date": "2019-09-18", "time": "19:50:28", "tweet": "@_decibella Fair enough. Thank you for the input!  You used to live in D.C. too, right? Any benefits to fly into DCA vs. BWI? They’re both equidistant to my final destination.", "likes_count": 0, "replies_count": 1, "retweets_count": 0, "hashtags": []}
{"id": 1174470722384617473, "date": "2019-09-18", "time": "19:50:15", "tweet": "@AdrianaLaGrange This is the last sort of input our education system needs.", "likes_count": 3, "replies_count": 0, "retweets_count": 0, "hashtags": []}
{"id": 1174470570131378178, "date": "2019-09-18", "time": "19:49:39", "tweet": "Keep the voice going #NEAC2019 #Elderabuse #OlderWomencount #SheToo . Opportunity to provide input into the proposed Serious Incident Report Scheme. (commonwealth) Closes 4th October. @string_words @Elder_Rights @OPAN_AU @Seniors_Rights @COTAAustralia @_ADAAustralia", "likes_count": 0, "replies_count": 0, "retweets_count": 0, "hashtags": ["neac2019", "elderabuse", "olderwomencount", "shetoo"]}
{"id": 1174470490783662081, "date": "2019-09-18", "time": "19:49:20", "tweet": "@ScullzGolightly I only did 3 samples, but Stephen Crane and Lucy Maud Montgomery appeared at or near the top for all of them. Philip K. Dick was #1 when I input Triangulation, which is brilliant!", "likes_count": 2, "replies_count": 0, "retweets_count": 0, "hashtags": []}
{"id": 1174470410416599042, "date": "2019-09-18", "time": "19:49:01", "tweet": "#Xiaomi #Redmi 10000mAh Dual Output &amp; Input Power Bank Standard Version for iPhone Mi #Redmi  Kupon: BGREDMIPOWER Cena: $ 14,99 (ok. 56,81 PLN)   https://t.co/Guuf4zR2Lt  #BangGood #TanioNaAli #vk  https://t.co/T5fdU2Uzrf", "likes_count": 0, "replies_count": 0, "retweets_count": 0, "hashtags": ["xiaomi", "redmi", "redmi", "banggood", "tanionaali", "vk"]}
{"id": 1174470279898259456, "date": "2019-09-18", "time": "19:48:29", "tweet": ".@citymississauga is hosting 3 open houses for you to provide your input on our draft Climate Change Action Plan on Oct 2, 8 &amp; 10. Learn more:  https://t.co/Q5YYv32Pgm #ChangeClimateChange #Imagine2050 @MiLivingGreen", "likes_count": 9, "replies_count": 0, "retweets_count": 2, "hashtags": ["changeclimatechange", "imagine2050"]}
{"id": 1174470249917407233, "date": "2019-09-18", "time": "19:48:22", "tweet": "@ReillyAround hey man, I know it’s unlikely but could u DM me ? I just have a few question on on project I’m writing and would love you’re input. I’m a newbie and it’s just a passion project for me. If not, I understand. Thank u !!", "likes_count": 0, "replies_count": 0, "retweets_count": 0, "hashtags": []}
{"id": 1174469990247849984, "date": "2019-09-18", "time": "19:47:20", "tweet": "Join @SOMOSMayfair @SIREN_BayArea @sacredheartcs @LawFoundationSV @bikesv @wpusanews @PACTSJ in Cambrian Thursday 6pm to provide input on a @CityofSanJose anti-displacement policy! Share your housing #displacement story!  https://t.co/8qFsaSstbY Snacks + interpretation provided.  https://t.co/RTmB7qZszE", "likes_count": 7, "replies_count": 1, "retweets_count": 4, "hashtags": ["displacement"]}
{"id": 1174469957259845641, "date": "2019-09-18", "time": "19:47:13", "tweet": "A lot of shit is easier said then done.. come and put your input when you’ve experienced it .. be realistic people", "likes_count": 4, "replies_count": 0, "retweets_count": 3, "hashtags": []}
{"id": 1174469574047256576, "date": "2019-09-18", "time": "19:45:41", "tweet": "@AvaGG @strattacaster @ClaireJeepChick I downloaded it this morning. I can't wait 😭 I played KBM on PS4 and the input lag hurt my feelings 😂", "likes_count": 0, "replies_count": 0, "retweets_count": 0, "hashtags": []}
{"id": 1174469572184956928, "date": "2019-09-18", "time": "19:45:41", "tweet": "@OgbeniDipo This will never happen ....except for the forceful input and loud voice", "likes_count": 0, "replies_count": 0, "retweets_count": 0, "hashtags": []}
{"id": 1174469402911109120, "date": "2019-09-18", "time": "19:45:00", "tweet": "@TrashMcOiltrash @CBCKatie @susanab28396729 Nope.   I support not allowing Scheer and the Canadian Coalition of Firearms Rights putting cool looking guns in every dumb bastard’s hands then finding an easy mod and it’s fully automatic.   Presently, there’s no problem. That will degrade with CCFR input in lieu of the RCMP.", "likes_count": 0, "replies_count": 1, "retweets_count": 0, "hashtags": []}
{"id": 1174469216986173445, "date": "2019-09-18", "time": "19:44:16", "tweet": "@mooretalkja My uncle in law made the statement that girls don't usually have wild drunk stories as i had no input in the conversation, i replied, because it's not safe for us, and it hurt me to say it 😔", "likes_count": 0, "replies_count": 0, "retweets_count": 0, "hashtags": []}
{"id": 1174469087084208130, "date": "2019-09-18", "time": "19:43:45", "tweet": "@OhNoSheTwitnt Wow, ted.... your input on this really addresses the important issues if the day.....", "likes_count": 0, "replies_count": 0, "retweets_count": 0, "hashtags": []}
{"id": 1174469028334755845, "date": "2019-09-18", "time": "19:43:31", "tweet": "@_rude_huizar Wow, thank for your input Brandon! Let us know how you really feel.", "likes_count": 0, "replies_count": 0, "retweets_count": 0, "hashtags": []}
{"id": 1174468995849826304, "date": "2019-09-18", "time": "19:43:23", "tweet": "@Gebatronski thanks for the input", "likes_count": 0, "replies_count": 1, "retweets_count": 0, "hashtags": []}
{"id": 1174468851842592770, "date": "2019-09-18", "time": "19:42:49", "tweet": "@kylegriffin1 I think scanning social media should be up to comms dept. And anything of importance should be brought up in that scheduled slot in calendar. There is value to social media as an input but not as a main thrust of executive actions and communications.", "likes_count": 0, "replies_count": 0, "retweets_count": 0, "hashtags": []}
{"id": 1174468813489876992, "date": "2019-09-18", "time": "19:42:40", "tweet": "@scottiebateman Probably written with input from that aviation expert ... @AlexInAir.... never much accurate in his reports ....", "likes_count": 1, "replies_count": 0, "retweets_count": 0, "hashtags": []}
{"id": 1174468234642251776, "date": "2019-09-18", "time": "19:40:22", "tweet": "Cara Input Pajak di Sim Bos Ekeuda 2019  https://t.co/sQ76sMe7n5", "likes_count": 0, "replies_count": 0, "retweets_count": 0, "hashtags": []}
{"id": 1174468109924589568, "date": "2019-09-18", "time": "19:39:52", "tweet": "@Ihartitz That was my thoughts. Just don’t trust LaFluer and system they are running. Still kit sure why that dude is a HC. Thanks for input as always 🤙", "likes_count": 0, "replies_count": 0, "retweets_count": 0, "hashtags": []}
{"id": 1174468076110114816, "date": "2019-09-18", "time": "19:39:44", "tweet": "@amarrealinzi sis .... the AUDACITY  you have !!! Why you gotta hate let her be her ... this is why the world is the way it is because people like YOU , y you gotta put your negative input in about a girl you don’t even know ???! Didn’t your mother raise you right , in what way does that make", "likes_count": 0, "replies_count": 1, "retweets_count": 0, "hashtags": []}
{"id": 1174467928378363904, "date": "2019-09-18", "time": "19:39:09", "tweet": "Ini no resi nya, boleh bntu input ?? @BukaBantuan  https://t.co/yxJYYC3ZLl", "likes_count": 0, "replies_count": 0, "retweets_count": 0, "hashtags": []}
{"id": 1174467783666610176, "date": "2019-09-18", "time": "19:38:34", "tweet": "@emuvie @AdakuUfere @uchedible Something must be critically wrong with you men’s heads. How on earth is this equivalent to the discussion that only policewomen in Nigeria had to seek permission? Will you men die if you stopped making silly false equivalence to your arguments or input?", "likes_count": 1, "replies_count": 0, "retweets_count": 0, "hashtags": []}
{"id": 1174467755946520577, "date": "2019-09-18", "time": "19:38:28", "tweet": "Not everyone deserves your input", "likes_count": 0, "replies_count": 0, "retweets_count": 0, "hashtags": []}
{"id": 1174467755887562754, "date": "2019-09-18", "time": "19:38:28", "tweet": "REMINDER—You have just over two weeks left to submit your comments on the Cradle to Cradle Certified Version 4 draft standard during the current public comment period that runs through 4 Oct.  Input from all from stakeholders is critical: Weigh in here:   https://t.co/Q6bPh5iMq2  https://t.co/WMAMgk4Cw4", "likes_count": 1, "replies_count": 0, "retweets_count": 0, "hashtags": []}
{"id": 1174467713328209920, "date": "2019-09-18", "time": "19:38:18", "tweet": "@omeagoz @jeffwrotethat @JamesMartinSJ That is why I’m asking a question of the priest who wrote a book on how the church can be more welcoming. Thanks for your input", "likes_count": 0, "replies_count": 1, "retweets_count": 0, "hashtags": []}
{"id": 1174467454984056832, "date": "2019-09-18", "time": "19:37:16", "tweet": "@malkikawa So, does that mean that the breakdown in negotiations happened behind closed doors without any real input from Colby at all?  I wouldn't be shocked. Also wouldn't be shocked about Colby turning his manager's snafu into a promo opp", "likes_count": 0, "replies_count": 0, "retweets_count": 0, "hashtags": []}
{"id": 1174467425607307264, "date": "2019-09-18", "time": "19:37:09", "tweet": "@SidlinkHell thx for ur input yaoicollectoryeet", "likes_count": 27, "replies_count": 1, "retweets_count": 0, "hashtags": []}
{"id": 1174467374868643840, "date": "2019-09-18", "time": "19:36:57", "tweet": "Struggling with MVC. I’m creating a form using Thymeleaf that you input 3 story parts, then render it to a full story page, plus also have those parts render at “beginning”, “middle”, and “end” endpoints. I got them to the full story page, but can’t get them to the individuals", "likes_count": 4, "replies_count": 1, "retweets_count": 0, "hashtags": []}
{"id": 1174467360977293317, "date": "2019-09-18", "time": "19:36:54", "tweet": "As the founder of the largest clinical research charity in Ireland and the current volunteer CEO of the leanest, I would have liked to have had the opportunity to have had an input. My opinions might have made for uncomfortable reading.", "likes_count": 49, "replies_count": 3, "retweets_count": 5, "hashtags": []}
{"id": 1174467340727197696, "date": "2019-09-18", "time": "19:36:49", "tweet": "@weirdfreakinguy @FernandoS020 Como eu pego o valor de um input então?", "likes_count": 0, "replies_count": 1, "retweets_count": 0, "hashtags": []}
{"id": 1174467295567110146, "date": "2019-09-18", "time": "19:36:38", "tweet": "@tomstakes Thanks for the input Valu Time JJ Reddick", "likes_count": 0, "replies_count": 0, "retweets_count": 0, "hashtags": []}
{"id": 1174467254186139648, "date": "2019-09-18", "time": "19:36:28", "tweet": "@DrBazettJones Already have ‘what truly are growing pains’ as an idea! Thanks for the input!", "likes_count": 9, "replies_count": 0, "retweets_count": 0, "hashtags": []}
