{"id": 1192954951967936513, "date": "2019-11-08", "time": "18:59:59", "tweet": "Know how our multi-pronged approach to NLP detects intent of the user and entities with very high accuracy by processing the user input against three different engines.  https://t.co/W8Ns3fkc3D  #NLP #BotsPlatform #BotBuilding #BotDevelopment #ML #Bots #Tech #Enterprise #AI", "likes_count": 1, "replies_count": 0, "retweets_count": 1, "hashtags": ["nlp", "botsplatform", "botbuilding", "botdevelopment", "ml", "bots", "tech", "enterprise", "ai"]}
{"id": 1192954815200055296, "date": "2019-11-08", "time": "18:59:26", "tweet": "@javiergleddy @SwedishBling These strong women did what all Americans need to do. Speak up to elected officials. #PeteForPresident listened &amp; modifies his plan with their input", "likes_count": 1, "replies_count": 0, "retweets_count": 0, "hashtags": ["peteforpresident"]}
{"id": 1192954780571713536, "date": "2019-11-08", "time": "18:59:18", "tweet": "It was because most normal karaoke outings, we’re a large group so not enough time to search the machine for Japanese songs.  (The machine has a weird glitch when you can’t manually input your search for Japanese songs, and the books don’t have a comprehensive list of JPN songs)", "likes_count": 1, "replies_count": 0, "retweets_count": 0, "hashtags": []}
{"id": 1192954659092041728, "date": "2019-11-08", "time": "18:58:49", "tweet": "🗣️Public Input Opportunity - please join us on 11/12 at the open house for the 3rd &amp; 5th Avenues Improvement Project - North of McDowell Road. Details:⬇️  https://t.co/IH5eYhK3q3", "likes_count": 1, "replies_count": 0, "retweets_count": 1, "hashtags": []}
{"id": 1192954487008153600, "date": "2019-11-08", "time": "18:58:08", "tweet": "Yes!!!  Charles would rather hear your input than anyone else's.", "likes_count": 1, "replies_count": 0, "retweets_count": 0, "hashtags": []}
{"id": 1192954238219038720, "date": "2019-11-08", "time": "18:57:09", "tweet": "Took a risk today and had a Clark Cash Store that was much different than any I’ve ever had. Based on student input, I allowed students to buy and sell items from each other. I loved hearing them negotiate, and the last minute “sales” were hilarious. ❤️  https://t.co/X2iJLbjxz5", "likes_count": 14, "replies_count": 1, "retweets_count": 1, "hashtags": []}
{"id": 1192954196242378752, "date": "2019-11-08", "time": "18:56:59", "tweet": "im getting a lot better at making the right inputs as terry but i still cant get the input for down b right", "likes_count": 1, "replies_count": 0, "retweets_count": 0, "hashtags": []}
{"id": 1192954187367235585, "date": "2019-11-08", "time": "18:56:56", "tweet": "user@user-VirtualBox:~/Desktop/Rip SO$ echo \"a sofia silva é tonha\" &gt; \"/tmp/input_pipe\"", "likes_count": 7, "replies_count": 2, "retweets_count": 1, "hashtags": []}
{"id": 1192954163719811074, "date": "2019-11-08", "time": "18:56:51", "tweet": "@Pinterest That’s how I am when I can’t edit my search input... I have to delete the whole thing and type all over because it doesn’t let you move the cursor to edit!", "likes_count": 0, "replies_count": 0, "retweets_count": 0, "hashtags": []}
{"id": 1192954153863016448, "date": "2019-11-08", "time": "18:56:48", "tweet": "@nickmhc I manually input all the data into that master sheet from NFL GSIS and DraftKings for the points. The coverage points allowed are calculated from PFF data.", "likes_count": 1, "replies_count": 1, "retweets_count": 0, "hashtags": []}
{"id": 1192954023713882112, "date": "2019-11-08", "time": "18:56:17", "tweet": "Love all requests! Thank you alot of them speak right to my soul! Hopefully you find your peace in music too! Come on Yvonne Ferrer we're playing your favorite dj  game I need your input and  Lisa K Banks HiHilligoss  https://t.co/ejae2OOM2C", "likes_count": 0, "replies_count": 0, "retweets_count": 0, "hashtags": []}
{"id": 1192954022317023233, "date": "2019-11-08", "time": "18:56:17", "tweet": "@RyanHeapski I play more fighting games than I do smash games so I'll use fgc lingo however I please :) While you're right Rising Tackle is a flash kick input, dp doesn't just stand for the dragon punch input these days but is rather a colloquial term for anti-air reversal :)", "likes_count": 2, "replies_count": 1, "retweets_count": 0, "hashtags": []}
{"id": 1192953959981494273, "date": "2019-11-08", "time": "18:56:02", "tweet": "@JonnoBell @kieranknight111 Steve Keane always got an input init... \"those floodlights arent as good as dunkirks, sunday 99 flake, love my kids\" 🙄😂", "likes_count": 1, "replies_count": 1, "retweets_count": 0, "hashtags": []}
{"id": 1192953930122031104, "date": "2019-11-08", "time": "18:55:55", "tweet": "NSFW//  What would a ghoul dick look like I’m asking because I’m making another ghoul OC and I need some input here", "likes_count": 1, "replies_count": 0, "retweets_count": 0, "hashtags": []}
{"id": 1192953803152089088, "date": "2019-11-08", "time": "18:55:25", "tweet": "Sometimes I think about those bots or whatever that are supposed to track your keyboards inputs to get your passwords n whatnot?? What about gaming computers? Like 90% of my input is just aaaaaaaaaaaaaasssssssssdwwwww1212awdsdaww444dddddddddddddddddddddddddwwwwwwwwwwwwwad3", "likes_count": 1, "replies_count": 0, "retweets_count": 0, "hashtags": []}
{"id": 1192953791517253632, "date": "2019-11-08", "time": "18:55:22", "tweet": "@DennisHXu Yah would love that! Currently using things + noto for input", "likes_count": 0, "replies_count": 0, "retweets_count": 0, "hashtags": []}
{"id": 1192953754611380224, "date": "2019-11-08", "time": "18:55:13", "tweet": "What would you like to see in the Vineyard Town Center to make it more walkable/bikeable? City leaders, developers, and residents will be meeting next week to discuss details. Get involved and share your input!   https://t.co/YqRcdAkQaO  (Another meeting on November 13 will occur)  https://t.co/cka0mnvU4L", "likes_count": 0, "replies_count": 1, "retweets_count": 0, "hashtags": []}
{"id": 1192953704695107589, "date": "2019-11-08", "time": "18:55:01", "tweet": "@Hyken Thanks for sharing! At @PunchThrough, our processes and policies are built around feedback from the employees themselves. This creates an even stronger #companyculture because everyone has input, and everyone’s ideas are heard.", "likes_count": 1, "replies_count": 1, "retweets_count": 0, "hashtags": ["companyculture"]}
{"id": 1192953541645627392, "date": "2019-11-08", "time": "18:54:22", "tweet": "@markcannon5 @jordanmiller333 @jasonwoodland1 I tend to be much more optimistic than you on this subject. An AGI will not need to concern itself with half the things that humans do. Sure, it can learn only at the speed that events happen but it's possible to speed up learning significantly by using electronic data input.", "likes_count": 3, "replies_count": 1, "retweets_count": 0, "hashtags": []}
{"id": 1192953400448602112, "date": "2019-11-08", "time": "18:53:49", "tweet": "Testing a button input to control neopixel lights for a sign. @adafruit Gemma M0  https://t.co/KHwI1hX40m", "likes_count": 15, "replies_count": 1, "retweets_count": 1, "hashtags": []}
