{"id": 1182808042359922690, "date": "2019-10-11", "time": "19:59:47", "tweet": "@halogirl22 @saraannmoviefan @Jo19Peachy @CreepiesRobin @quembelle @horrorfreq @StrongBoma @RavenLunachick @GuyverI @NoKimOnlyZuul @Aliakso48943576 @kilznite0411 @AlexVorkov @angiebulkeley @Kellimaroney @barbaracrampton @SlasherTrash 31 Days of 80’s Horror - Bonus Films  NightWish Death Spa Killer Workout The Fog April Fool’s Day  Chopping Mall The Zero Boys In Search of Darkness Night of the Creeps Terror in the Aisles  +so much more!   Thanks for all the fun input &amp; totally 80’s awesome discussion💜🖤🎬🎥😎  https://t.co/HMS0Mmw2nF", "likes_count": 8, "replies_count": 1, "retweets_count": 3, "hashtags": []}
{"id": 1182807989767553024, "date": "2019-10-11", "time": "19:59:34", "tweet": "@ISchmidtFaced @ndcorn @mncorn @MNSoyGrowers @NDSoybean Thanks for the input Darrin!", "likes_count": 0, "replies_count": 0, "retweets_count": 0, "hashtags": []}
{"id": 1182807892207890432, "date": "2019-10-11", "time": "19:59:11", "tweet": "This is not how franking credits work. Similarly when businesses claim a GST input tax credit in their BAS, it’s not a gift but netting off what would otherwise be double tax.", "likes_count": 4, "replies_count": 2, "retweets_count": 0, "hashtags": []}
{"id": 1182807649945116672, "date": "2019-10-11", "time": "19:58:13", "tweet": "@jonnomcd Ohhh...ok yeah I wondered why they sold just bags of it separately. 🙃 Thanks for the input, I appreciate it.", "likes_count": 0, "replies_count": 0, "retweets_count": 0, "hashtags": []}
{"id": 1182807648665776128, "date": "2019-10-11", "time": "19:58:13", "tweet": "@MrReganPaul @Gervontaa Thanks for your input", "likes_count": 0, "replies_count": 1, "retweets_count": 0, "hashtags": []}
{"id": 1182807286982598656, "date": "2019-10-11", "time": "19:56:47", "tweet": "Doug Ford's Tories want public input on lifting a ban on pit bulls -- the same week they were rebuked by judges for failing to consult Ontarians about killing cap and trade. My take on rough justice -- canine and climatic:  https://t.co/JAtkKWTpPw", "likes_count": 13, "replies_count": 3, "retweets_count": 4, "hashtags": []}
{"id": 1182807143726174209, "date": "2019-10-11", "time": "19:56:13", "tweet": "@nas5w this is definitely one of the largest questions. I'll for sure answer but you bring up an interesting point about generalizing to other frameworks/libraries. I'll see if that kind of thing fits in naturally.  thanks for the input!", "likes_count": 1, "replies_count": 0, "retweets_count": 0, "hashtags": []}
{"id": 1182807130828443648, "date": "2019-10-11", "time": "19:56:10", "tweet": "@moparsmind 1/2 Apologies for the confusion. At the moment, we don't have this feature that would alert us if the heart rate is too high. We're constantly striving to improve Fitbit products and services, and we very much appreciate all of the input we receive.", "likes_count": 0, "replies_count": 0, "retweets_count": 0, "hashtags": []}
{"id": 1182807088495497217, "date": "2019-10-11", "time": "19:56:00", "tweet": "@TravisDagman @ndcorn @mncorn @MNSoyGrowers @NDSoybean Thanks for your input Travis!", "likes_count": 0, "replies_count": 0, "retweets_count": 0, "hashtags": []}
{"id": 1182807015640317953, "date": "2019-10-11", "time": "19:55:42", "tweet": "Basically, the gamedev can now code mobile UI input the same way they treat keyboard input by using PlayerInput instead of Input.  Yes, that means there technically were line changes to my code, but only changing \"Input\" to \"PlayerInput\".", "likes_count": 0, "replies_count": 1, "retweets_count": 0, "hashtags": []}
{"id": 1182806977631666177, "date": "2019-10-11", "time": "19:55:33", "tweet": "@timhanso @brianlrichards needs to add some input here. I was always 2, but have come around to the fact that it is indeed 1.", "likes_count": 1, "replies_count": 1, "retweets_count": 0, "hashtags": []}
{"id": 1182806666682736640, "date": "2019-10-11", "time": "19:54:19", "tweet": "@kamal_hothi yes! I'm not sure if I'll be able to squeeze animations in here or if I'll need to break it into two posts, but I definitely want to add this section, if only for my own curiosity.  thanks for the input!", "likes_count": 0, "replies_count": 0, "retweets_count": 0, "hashtags": []}
{"id": 1182806647808249857, "date": "2019-10-11", "time": "19:54:14", "tweet": "\"Being a team, having input and actual employee development are only a few things I love!\" says Tawny on Google, via @Birdeye_  https://t.co/lDtQP6u7Y1", "likes_count": 0, "replies_count": 0, "retweets_count": 0, "hashtags": []}
{"id": 1182806639914573825, "date": "2019-10-11", "time": "19:54:13", "tweet": "@STEVESJANES @glosstones hmmm interesting ok ok thank u for ur input!!!!!!", "likes_count": 0, "replies_count": 0, "retweets_count": 0, "hashtags": []}
{"id": 1182806625159012352, "date": "2019-10-11", "time": "19:54:09", "tweet": "@nextlevelhomo thank u for ur input nextlevelhomo", "likes_count": 0, "replies_count": 1, "retweets_count": 0, "hashtags": []}
{"id": 1182806450596397057, "date": "2019-10-11", "time": "19:53:27", "tweet": "Excited to share this recording of “Rocky Summer” from the premiere this past March with the Dallas Chamber Symphony! If anyone has thoughts/feedback on the piece, I would love to get some input!!! Will try to upload a video with the text soon...   https://t.co/eSm7n24sLE", "likes_count": 8, "replies_count": 1, "retweets_count": 1, "hashtags": []}
{"id": 1182806244530237441, "date": "2019-10-11", "time": "19:52:38", "tweet": "@reactivatedigby @Spell__Czech @l_ghex Have you actually got an opinion on anything  here? Seriously your input is null.", "likes_count": 0, "replies_count": 0, "retweets_count": 0, "hashtags": []}
{"id": 1182806237865500672, "date": "2019-10-11", "time": "19:52:37", "tweet": ".@RealDCunningham any thoughts on the weather? I feel like I haven’t seen your input on that subject.", "likes_count": 1, "replies_count": 1, "retweets_count": 0, "hashtags": []}
{"id": 1182806201769197568, "date": "2019-10-11", "time": "19:52:28", "tweet": "@BPJSTKinfo Sudah saya input tapi ko cuma bisa 15 digit kartu saya kan 16 digit no kepesertaannya", "likes_count": 0, "replies_count": 1, "retweets_count": 0, "hashtags": []}
{"id": 1182806120450134016, "date": "2019-10-11", "time": "19:52:09", "tweet": "Having someone that wants to build a future and actually cares about my input is really refreshing", "likes_count": 0, "replies_count": 0, "retweets_count": 0, "hashtags": []}
{"id": 1182808042359922690, "date": "2019-10-11", "time": "19:59:47", "tweet": "@halogirl22 @saraannmoviefan @Jo19Peachy @CreepiesRobin @quembelle @horrorfreq @StrongBoma @RavenLunachick @GuyverI @NoKimOnlyZuul @Aliakso48943576 @kilznite0411 @AlexVorkov @angiebulkeley @Kellimaroney @barbaracrampton @SlasherTrash 31 Days of 80’s Horror - Bonus Films  NightWish Death Spa Killer Workout The Fog April Fool’s Day  Chopping Mall The Zero Boys In Search of Darkness Night of the Creeps Terror in the Aisles  +so much more!   Thanks for all the fun input &amp; totally 80’s awesome discussion💜🖤🎬🎥😎  https://t.co/HMS0Mmw2nF", "likes_count": 8, "replies_count": 1, "retweets_count": 3, "hashtags": []}
{"id": 1182807989767553024, "date": "2019-10-11", "time": "19:59:34", "tweet": "@ISchmidtFaced @ndcorn @mncorn @MNSoyGrowers @NDSoybean Thanks for the input Darrin!", "likes_count": 0, "replies_count": 0, "retweets_count": 0, "hashtags": []}
{"id": 1182807892207890432, "date": "2019-10-11", "time": "19:59:11", "tweet": "This is not how franking credits work. Similarly when businesses claim a GST input tax credit in their BAS, it’s not a gift but netting off what would otherwise be double tax.", "likes_count": 4, "replies_count": 2, "retweets_count": 0, "hashtags": []}
{"id": 1182807649945116672, "date": "2019-10-11", "time": "19:58:13", "tweet": "@jonnomcd Ohhh...ok yeah I wondered why they sold just bags of it separately. 🙃 Thanks for the input, I appreciate it.", "likes_count": 0, "replies_count": 0, "retweets_count": 0, "hashtags": []}
{"id": 1182807648665776128, "date": "2019-10-11", "time": "19:58:13", "tweet": "@MrReganPaul @Gervontaa Thanks for your input", "likes_count": 0, "replies_count": 1, "retweets_count": 0, "hashtags": []}
{"id": 1182807286982598656, "date": "2019-10-11", "time": "19:56:47", "tweet": "Doug Ford's Tories want public input on lifting a ban on pit bulls -- the same week they were rebuked by judges for failing to consult Ontarians about killing cap and trade. My take on rough justice -- canine and climatic:  https://t.co/JAtkKWTpPw", "likes_count": 13, "replies_count": 3, "retweets_count": 4, "hashtags": []}
{"id": 1182807143726174209, "date": "2019-10-11", "time": "19:56:13", "tweet": "@nas5w this is definitely one of the largest questions. I'll for sure answer but you bring up an interesting point about generalizing to other frameworks/libraries. I'll see if that kind of thing fits in naturally.  thanks for the input!", "likes_count": 1, "replies_count": 0, "retweets_count": 0, "hashtags": []}
{"id": 1182807130828443648, "date": "2019-10-11", "time": "19:56:10", "tweet": "@moparsmind 1/2 Apologies for the confusion. At the moment, we don't have this feature that would alert us if the heart rate is too high. We're constantly striving to improve Fitbit products and services, and we very much appreciate all of the input we receive.", "likes_count": 0, "replies_count": 0, "retweets_count": 0, "hashtags": []}
{"id": 1182807088495497217, "date": "2019-10-11", "time": "19:56:00", "tweet": "@TravisDagman @ndcorn @mncorn @MNSoyGrowers @NDSoybean Thanks for your input Travis!", "likes_count": 0, "replies_count": 0, "retweets_count": 0, "hashtags": []}
{"id": 1182807015640317953, "date": "2019-10-11", "time": "19:55:42", "tweet": "Basically, the gamedev can now code mobile UI input the same way they treat keyboard input by using PlayerInput instead of Input.  Yes, that means there technically were line changes to my code, but only changing \"Input\" to \"PlayerInput\".", "likes_count": 0, "replies_count": 1, "retweets_count": 0, "hashtags": []}
{"id": 1182806977631666177, "date": "2019-10-11", "time": "19:55:33", "tweet": "@timhanso @brianlrichards needs to add some input here. I was always 2, but have come around to the fact that it is indeed 1.", "likes_count": 1, "replies_count": 1, "retweets_count": 0, "hashtags": []}
{"id": 1182806666682736640, "date": "2019-10-11", "time": "19:54:19", "tweet": "@kamal_hothi yes! I'm not sure if I'll be able to squeeze animations in here or if I'll need to break it into two posts, but I definitely want to add this section, if only for my own curiosity.  thanks for the input!", "likes_count": 0, "replies_count": 0, "retweets_count": 0, "hashtags": []}
{"id": 1182806647808249857, "date": "2019-10-11", "time": "19:54:14", "tweet": "\"Being a team, having input and actual employee development are only a few things I love!\" says Tawny on Google, via @Birdeye_  https://t.co/lDtQP6u7Y1", "likes_count": 0, "replies_count": 0, "retweets_count": 0, "hashtags": []}
{"id": 1182806639914573825, "date": "2019-10-11", "time": "19:54:13", "tweet": "@STEVESJANES @glosstones hmmm interesting ok ok thank u for ur input!!!!!!", "likes_count": 0, "replies_count": 0, "retweets_count": 0, "hashtags": []}
{"id": 1182806625159012352, "date": "2019-10-11", "time": "19:54:09", "tweet": "@nextlevelhomo thank u for ur input nextlevelhomo", "likes_count": 0, "replies_count": 1, "retweets_count": 0, "hashtags": []}
{"id": 1182806450596397057, "date": "2019-10-11", "time": "19:53:27", "tweet": "Excited to share this recording of “Rocky Summer” from the premiere this past March with the Dallas Chamber Symphony! If anyone has thoughts/feedback on the piece, I would love to get some input!!! Will try to upload a video with the text soon...   https://t.co/eSm7n24sLE", "likes_count": 8, "replies_count": 1, "retweets_count": 1, "hashtags": []}
{"id": 1182806244530237441, "date": "2019-10-11", "time": "19:52:38", "tweet": "@reactivatedigby @Spell__Czech @l_ghex Have you actually got an opinion on anything  here? Seriously your input is null.", "likes_count": 0, "replies_count": 0, "retweets_count": 0, "hashtags": []}
{"id": 1182806237865500672, "date": "2019-10-11", "time": "19:52:37", "tweet": ".@RealDCunningham any thoughts on the weather? I feel like I haven’t seen your input on that subject.", "likes_count": 1, "replies_count": 1, "retweets_count": 0, "hashtags": []}
{"id": 1182806201769197568, "date": "2019-10-11", "time": "19:52:28", "tweet": "@BPJSTKinfo Sudah saya input tapi ko cuma bisa 15 digit kartu saya kan 16 digit no kepesertaannya", "likes_count": 0, "replies_count": 1, "retweets_count": 0, "hashtags": []}
{"id": 1182806120450134016, "date": "2019-10-11", "time": "19:52:09", "tweet": "Having someone that wants to build a future and actually cares about my input is really refreshing", "likes_count": 0, "replies_count": 0, "retweets_count": 0, "hashtags": []}
