{"id": 1202739318885900289, "date": "2019-12-05", "time": "18:59:34", "tweet": "@FaithReeI My input to climate control.", "likes_count": 0, "replies_count": 0, "retweets_count": 0, "hashtags": []}
{"id": 1202739269313294338, "date": "2019-12-05", "time": "18:59:22", "tweet": "どこの陣営に属してるかによって、同じ物を見ても受け取る情報が真逆になるのは非常によくあることなので、政治や思想、ある種宗教的な「べき論」においては特に一つの案件に対して一つの陣営の見解しか聞かないのは危険。inputが歪んでりゃ当然outputだって歪む。軽率に感化されたら駄目なんよ。", "likes_count": 1, "replies_count": 0, "retweets_count": 1, "hashtags": []}
{"id": 1202739118066696197, "date": "2019-12-05", "time": "18:58:46", "tweet": "@teethsongs love u!!!! it is a self journey for everyone but if u ever need input or a sounding board i am always happy and honored to try and help ppl get these thoughts out of their head and into a space that's easier to parse it all! whatever i can do, if anything &lt;33", "likes_count": 0, "replies_count": 0, "retweets_count": 0, "hashtags": []}
{"id": 1202739052660711427, "date": "2019-12-05", "time": "18:58:30", "tweet": "@BrkmstrCylinder Makes sense to me but… I haven’t studied music in years so it’s best to ignore my input anyways haha", "likes_count": 0, "replies_count": 0, "retweets_count": 0, "hashtags": []}
{"id": 1202738851791491072, "date": "2019-12-05", "time": "18:57:42", "tweet": "@LeahGrace09 @keeahwah Thanks for the input Becks", "likes_count": 3, "replies_count": 0, "retweets_count": 0, "hashtags": []}
{"id": 1202738843138449413, "date": "2019-12-05", "time": "18:57:40", "tweet": "@AaronDodd Oh thanks so much for your input  Doctor Taylor.... 😒", "likes_count": 1, "replies_count": 0, "retweets_count": 0, "hashtags": []}
{"id": 1202738803347218437, "date": "2019-12-05", "time": "18:57:31", "tweet": "@literaturedevil Gary hasn't read comics in 10 years.  So there's a lot to be gained by his input on comics.", "likes_count": 0, "replies_count": 0, "retweets_count": 0, "hashtags": []}
{"id": 1202738793742290949, "date": "2019-12-05", "time": "18:57:28", "tweet": "@TheLuuvvv @megynkelly Trump does not get to call witnesses. He will have input yes but final say, no. He will also be 1 of 3 US Presidents that were impeached.", "likes_count": 0, "replies_count": 1, "retweets_count": 0, "hashtags": []}
{"id": 1202738789657042944, "date": "2019-12-05", "time": "18:57:27", "tweet": "With cosmic input from astrologers like @jessicalanyadoo, @annabelgat_, and mroe  https://t.co/Htjp5BOf19", "likes_count": 12, "replies_count": 0, "retweets_count": 2, "hashtags": []}
{"id": 1202738775639506944, "date": "2019-12-05", "time": "18:57:24", "tweet": "i am not writing songs. i do not want to because they say it good but can not use it then what the point of write a song if i listen to them. i am not listening to them i do not care about their input if i wanted too i would put it on you tube.", "likes_count": 0, "replies_count": 0, "retweets_count": 0, "hashtags": []}
{"id": 1202738483758030848, "date": "2019-12-05", "time": "18:56:14", "tweet": "@DanJ0hn_ best reply i’ve had so far ty for ur input dan", "likes_count": 0, "replies_count": 1, "retweets_count": 0, "hashtags": []}
{"id": 1202738455496650752, "date": "2019-12-05", "time": "18:56:08", "tweet": "I hear that the ratio of input and output should be 3 : 7", "likes_count": 1, "replies_count": 0, "retweets_count": 0, "hashtags": []}
{"id": 1202738206577483776, "date": "2019-12-05", "time": "18:55:08", "tweet": "@gallahitched The cliffhanger sucks, but thanks for the input im gonna start watching it", "likes_count": 0, "replies_count": 0, "retweets_count": 0, "hashtags": []}
{"id": 1202738115045183488, "date": "2019-12-05", "time": "18:54:47", "tweet": "Thanks @DanaGoldstein and @mikiebarb for highlighting education. Unfortunately The education reforms we have tried of the last 20 years have been bright shiny objects, with little to no input from research that tells us what actually works.", "likes_count": 2, "replies_count": 1, "retweets_count": 0, "hashtags": []}
{"id": 1202738042945130496, "date": "2019-12-05", "time": "18:54:29", "tweet": "Why do i still have input delay when using controller on pc its starting to become really annoying especially when in box fights!GET IT FIXED @FortniteGame #Fortnite #Fortnitebug #streamer #YouTuber", "likes_count": 1, "replies_count": 0, "retweets_count": 0, "hashtags": ["fortnite", "fortnitebug", "streamer", "youtuber"]}
{"id": 1202737965790830599, "date": "2019-12-05", "time": "18:54:11", "tweet": "EPA Seeks Input on Strategies to Reduce Ethylene Oxide Emissions from Commercial Sterilizer Operations  https://t.co/XdrvIewZUC WASHINGTON (Dec. 5, 2019) — Today, the U.S.", "likes_count": 0, "replies_count": 0, "retweets_count": 0, "hashtags": []}
{"id": 1202737957725077504, "date": "2019-12-05", "time": "18:54:09", "tweet": "@DavidS1947 How much input into the planning did his personal BBC Staff Representative Laura have? Was it to have the other leaders first and then he'll decline his turn?  Cue fake BBC outrage!", "likes_count": 1, "replies_count": 0, "retweets_count": 0, "hashtags": []}
{"id": 1202737794239483905, "date": "2019-12-05", "time": "18:53:30", "tweet": "I know not every game wants to be DMC/Bayonetta, but damn this game would benefit immensely if they removed that input queue.", "likes_count": 0, "replies_count": 0, "retweets_count": 0, "hashtags": []}
{"id": 1202737577884819461, "date": "2019-12-05", "time": "18:52:39", "tweet": "@CarlosG34971817 @TitanfallBlog What a strange reply. Obviously people that still enjoy the game care. You were welcome to just carry in scrolling, but thanks for your insightful input👍", "likes_count": 2, "replies_count": 0, "retweets_count": 0, "hashtags": []}
{"id": 1202737555889885184, "date": "2019-12-05", "time": "18:52:33", "tweet": "Multi Image text input Twitter.  https://t.co/XJ5BnbbzxS", "likes_count": 0, "replies_count": 0, "retweets_count": 0, "hashtags": []}
