{"id": 1144032507886735360, "date": "2019-06-26", "time": "19:59:39", "tweet": "@mechaslug equip boots and do the hadoken input three times to air dash over to that item", "likes_count": 0, "replies_count": 1, "retweets_count": 0, "hashtags": []}
{"id": 1144032390010081280, "date": "2019-06-26", "time": "19:59:11", "tweet": "Help me choose my team for the #FinalFest! Even if you don't play Splatoon 2, I could use the input. Would you rather live in a world where....", "likes_count": 0, "replies_count": 0, "retweets_count": 0, "hashtags": ["finalfest"]}
{"id": 1144032315246559232, "date": "2019-06-26", "time": "19:58:53", "tweet": "@phisch86 Hi lif, thanks for getting in touch and for the feedback, we appreciate your input and will add this to our Suggestion and Feedback list for our developers. You need to update your system in order to be up to date with the latest security improvements and functionalities.&gt;&gt;", "likes_count": 0, "replies_count": 0, "retweets_count": 0, "hashtags": []}
{"id": 1144032213794791424, "date": "2019-06-26", "time": "19:58:29", "tweet": "This is the team that will help you to the playoffs, but will help you knock down a big one. Rankings, sleepers and private WDIS &amp; waiver input all season long. @DrRoto @AdamRonis @Shawn__Childs #FantasyFootball Not just writers, they're winners.  https://t.co/2qvMukIxOZ  https://t.co/QUVfnjDsNK", "likes_count": 5, "replies_count": 0, "retweets_count": 2, "hashtags": ["fantasyfootball"]}
{"id": 1144032129027723267, "date": "2019-06-26", "time": "19:58:09", "tweet": "Who: DOE/NNSA What: Plutonium pit production/SRS Where: North Augusta Community Center When: June 27, 5-9 p.m. Why: Public input  Via @aikenstandard #sctweets #scnews #nuclear  https://t.co/hs0H2VA0uX", "likes_count": 0, "replies_count": 0, "retweets_count": 2, "hashtags": ["sctweets", "scnews", "nuclear"]}
{"id": 1144032074816356352, "date": "2019-06-26", "time": "19:57:56", "tweet": "@LianneThePinup Are you talking like playing a certain game with the streamer?  Like how some of the fortnite streamers do Sub games and what not?  I guess my input would be, it's all how you go about it.  Can be a good thing I think.", "likes_count": 0, "replies_count": 0, "retweets_count": 0, "hashtags": []}
{"id": 1144031971233812480, "date": "2019-06-26", "time": "19:57:31", "tweet": "We thought this would hit a Twitter nerve!   Doubt we’ll get any @CillizzaCNN input until after the debates tonight", "likes_count": 1, "replies_count": 1, "retweets_count": 1, "hashtags": []}
{"id": 1144031872986443776, "date": "2019-06-26", "time": "19:57:08", "tweet": "@qezjii initial response was ‘if anyone votes they either virgins or desperate’ but i thought my input may have been fitting", "likes_count": 0, "replies_count": 0, "retweets_count": 0, "hashtags": []}
{"id": 1144031860680318976, "date": "2019-06-26", "time": "19:57:05", "tweet": "🇯🇵 Input-Output Price Index of the Manufacturing Industry by Sector (May)  https://t.co/aGySeJYCH7 BANK of JAPAN", "likes_count": 0, "replies_count": 0, "retweets_count": 0, "hashtags": []}
{"id": 1144031765993889792, "date": "2019-06-26", "time": "19:56:42", "tweet": "@AlucardsQuest @Goemon047 A bit of an update. I experienced a crash, last night &amp; some weird graphical glitches but some other issues that people have reported, like input lag &amp; framing issues, I haven’t had much of, if any. I even beat a boss, I was underpowered against. Then died &amp; forgot to save it. 😢", "likes_count": 1, "replies_count": 1, "retweets_count": 0, "hashtags": []}
{"id": 1144031721098076171, "date": "2019-06-26", "time": "19:56:32", "tweet": "None of my two friends who I snap asking for input respond I need new friends 😤😤😤", "likes_count": 0, "replies_count": 1, "retweets_count": 0, "hashtags": []}
{"id": 1144031568744161280, "date": "2019-06-26", "time": "19:55:55", "tweet": "@Moch_herianto jago sekali. emang sih sampai sekarang kode DOS masih terpakai bila mouse dan windows tidak ada, tapi itu kan tidak bisa konek dengan internet sama sekali. dan data input juga si floopy A yang notaben hanya brp KB. hmmmmm", "likes_count": 0, "replies_count": 0, "retweets_count": 0, "hashtags": []}
{"id": 1144031452335525888, "date": "2019-06-26", "time": "19:55:27", "tweet": "Input-Output Price Index of the Manufacturing Industry by Sector (May) -  https://t.co/dIdt4uWCtn #Agenparl #Iopi1905 #Release #Statistics #AgenparlEnglish #Economia #SocialNetwork  https://t.co/nuHrJzrBIg", "likes_count": 0, "replies_count": 0, "retweets_count": 0, "hashtags": ["agenparl", "iopi1905", "release", "statistics", "agenparlenglish", "economia", "socialnetwork"]}
{"id": 1144031438829867008, "date": "2019-06-26", "time": "19:55:24", "tweet": "Hey BC folks! Your input is needed...", "likes_count": 2, "replies_count": 0, "retweets_count": 3, "hashtags": []}
{"id": 1144031331199795200, "date": "2019-06-26", "time": "19:54:59", "tweet": "I aim to be at every @pvdschools forum. Can we make sure community input is interpreted as needed for all attendees? We are showing up because we ALL care. Let’s ensure that everyone can engage. Squash the language barrier. @RIDeptEd @AInfanteGreen @Jorge_Elorza #languageequity", "likes_count": 28, "replies_count": 2, "retweets_count": 0, "hashtags": ["languageequity"]}
{"id": 1144031328959991808, "date": "2019-06-26", "time": "19:54:58", "tweet": "@Yo_Lae @Alina_AE @DageTheEvil @DageTheEvil waiting for your input on this 💀", "likes_count": 1, "replies_count": 0, "retweets_count": 0, "hashtags": []}
{"id": 1144031289214849025, "date": "2019-06-26", "time": "19:54:49", "tweet": "We had a great trip to Chicago. Thanks to everyone for the input on restaurants, transportation and everything else.  We threw in a stop at the beach - it was very nice!", "likes_count": 29, "replies_count": 1, "retweets_count": 0, "hashtags": []}
{"id": 1144031280083812352, "date": "2019-06-26", "time": "19:54:46", "tweet": "Last valid input: 2019-06-27 08:54:39.830617 Temperature: 30.00 C Humidity: 56.00 %", "likes_count": 0, "replies_count": 0, "retweets_count": 0, "hashtags": []}
{"id": 1144031255631020032, "date": "2019-06-26", "time": "19:54:41", "tweet": "\"Study structures should be designed to include the most assessments and least visits possible.\" Alexis Miller speaking about patient advisory board input, @sanofi #DIA2019", "likes_count": 2, "replies_count": 0, "retweets_count": 0, "hashtags": ["dia2019"]}
{"id": 1144031190367629312, "date": "2019-06-26", "time": "19:54:25", "tweet": "@timchap @BBCNewsnight @jeremycorbyn @UKLabour No he couldn’t Tim, but thanks for your input anyway.", "likes_count": 2, "replies_count": 0, "retweets_count": 0, "hashtags": []}
