{"id": 1134972851931549696, "date": "2019-06-01", "time": "19:59:49", "tweet": "@steveshaw83 @BlueCRoW1320 @britainelects @OpiniumResearch The Brexit party plan to make policy based on the input of their supporters.  Pretty radical eh?", "likes_count": 2, "replies_count": 2, "retweets_count": 0, "hashtags": []}
{"id": 1134972562725908480, "date": "2019-06-01", "time": "19:58:40", "tweet": "The best things that I’ve ever done, were the things where I ignored anyone’s input and just went for it.", "likes_count": 0, "replies_count": 0, "retweets_count": 0, "hashtags": []}
{"id": 1134972514516365313, "date": "2019-06-01", "time": "19:58:28", "tweet": "未知の都市で、案内板とかを識別して人間と同じように目的地へ移動する人工知能 到着地が目的地であると確信する能力とか、今のロボットにはないいろんな機能が必要になる", "likes_count": 1, "replies_count": 0, "retweets_count": 0, "hashtags": []}
{"id": 1134972486746071040, "date": "2019-06-01", "time": "19:58:22", "tweet": "@GoPro @martinmeany So since you designed your product to require *your* adapter, specifically, for external audio input, which you can't seem to keep in stock... What is GoPro doing to solve this?  All you had to do was *NOT* lock out 3rd-party adapters and none of this would have happened.", "likes_count": 5, "replies_count": 2, "retweets_count": 0, "hashtags": []}
{"id": 1134972393867403264, "date": "2019-06-01", "time": "19:58:00", "tweet": "@NukeDragon19 @KoopaBowsette @BlackedGirl @NukeDragon19 Dude... I know bowsette has a problem with her. But your input is uncalled for... They're people too you know...", "likes_count": 0, "replies_count": 0, "retweets_count": 0, "hashtags": []}
{"id": 1134972353715351555, "date": "2019-06-01", "time": "19:57:50", "tweet": "i wish training room had an input delay + extra buffering option so i can practice movement in wifi conditions, training room as it is is actually worse for me :c", "likes_count": 3, "replies_count": 1, "retweets_count": 0, "hashtags": []}
{"id": 1134972243006636045, "date": "2019-06-01", "time": "19:57:24", "tweet": "@SeagullSSB Don't really have one other than explaining what I do - i use R for jump and c stick for initiating the up air, reason being is that i can account for DI and reliably uair. the input is really quick and rhythmic, if you have the chance to try it in training mode", "likes_count": 0, "replies_count": 1, "retweets_count": 0, "hashtags": []}
{"id": 1134972148836065281, "date": "2019-06-01", "time": "19:57:01", "tweet": "「Googleストリートビューを使用した自然視界処理技術で未知の都市において目的地まで移動するためのアルゴリズム」とか開発できそう オフラインで経路探索可能なロボットとかできたらすごい", "likes_count": 0, "replies_count": 0, "retweets_count": 0, "hashtags": []}
{"id": 1134972097112018945, "date": "2019-06-01", "time": "19:56:49", "tweet": "@_NourSharif_ @ggebrann @TarekTamo Thank you for your input.", "likes_count": 0, "replies_count": 0, "retweets_count": 0, "hashtags": []}
{"id": 1134971959287066625, "date": "2019-06-01", "time": "19:56:16", "tweet": "Spend more time with people whose experiences &amp; expertise are different from yours. We require others’ input to overcome the availability bias.", "likes_count": 0, "replies_count": 1, "retweets_count": 0, "hashtags": []}
{"id": 1134971943940239360, "date": "2019-06-01", "time": "19:56:12", "tweet": "int instafollowers=0; int twitterbio= 2; void setup() { pinMode (instafollowers, INPUT); pinMode (twitterbio, OUTPUT); } Void loop() { if (digitalRead(instafollowers) &gt; 1000) { digitalWrite(twitterbio == 1); } }", "likes_count": 0, "replies_count": 0, "retweets_count": 0, "hashtags": []}
{"id": 1134971696929054720, "date": "2019-06-01", "time": "19:55:13", "tweet": "@awmehgoddd @AlphaGammaZX Thank you for the input! It's true, I tend to gravitate toward indie games the most.. they appeal to me for some reason. ^_^", "likes_count": 1, "replies_count": 0, "retweets_count": 0, "hashtags": []}
{"id": 1134971694735593473, "date": "2019-06-01", "time": "19:55:13", "tweet": "Student Input - eind juni tot eind juli - regio Kortrijk, Courtrai -  https://t.co/Q1XVTIivSN", "likes_count": 0, "replies_count": 0, "retweets_count": 0, "hashtags": []}
{"id": 1134971618394923009, "date": "2019-06-01", "time": "19:54:55", "tweet": "@imkeshav Thanks for your input @imkeshav", "likes_count": 0, "replies_count": 0, "retweets_count": 0, "hashtags": []}
{"id": 1134971600376422401, "date": "2019-06-01", "time": "19:54:50", "tweet": "Imagine HOW TIRED WE ARE. Now imagine a govt run by Milne, Murray, McDonnell and McCluskey with their puppet spokesmen Jezza and input fr…", "likes_count": 0, "replies_count": 0, "retweets_count": 0, "hashtags": []}
{"id": 1134971468956258309, "date": "2019-06-01", "time": "19:54:19", "tweet": "@pmaymin @karinavold @conitzer The consciousness question boils down nicely to - why do I feel or experience x rather than just accept or know x. An AGI doesn't need to feel an input. It just needs to accept it.  I could be just as intelligent if I knew I was in pain rather than feeling and suffering pain.", "likes_count": 0, "replies_count": 0, "retweets_count": 0, "hashtags": []}
{"id": 1134971449666613248, "date": "2019-06-01", "time": "19:54:15", "tweet": "ISO: recos for relief of persistent (occipital) headache (2 weeks running). Experiential or professional input only, please. :-)", "likes_count": 0, "replies_count": 0, "retweets_count": 0, "hashtags": []}
{"id": 1134971431320772608, "date": "2019-06-01", "time": "19:54:10", "tweet": "Can you imagine a govt run by Milne, Murray, McDonnell and McCluskey with their puppet spokesmen Jezza and input from Abbott, Burgon, Thornberry and Long-Bailey, cheered on by Jones, Bastani, Sarkar, Blakeley and Mason?   I know which one I’d prefer.", "likes_count": 11, "replies_count": 0, "retweets_count": 4, "hashtags": []}
{"id": 1134971416380616705, "date": "2019-06-01", "time": "19:54:07", "tweet": "@CamiWhammi See, we done have problems with staffing in the ministry. Instead of making it so that 4 translators help hundreds of people fill out forms, it would be easier to have these people fill out forms in Spanish then have their 4 on staffs translators plus volunteers input the data", "likes_count": 2, "replies_count": 2, "retweets_count": 0, "hashtags": []}
{"id": 1134971317407670272, "date": "2019-06-01", "time": "19:53:43", "tweet": "@SpinBros broke a controller last night. The input delay forces you to press pass button 2 dribbles in advance. Makes player switching impossible. I think what makes me so mad is losing to ppl I know I'm better than.", "likes_count": 2, "replies_count": 0, "retweets_count": 0, "hashtags": []}
