{"id": 1115766224779075584, "date": "2019-04-09", "time": "19:59:32", "tweet": " https://t.co/gWcbt6PEIi", "likes_count": 0, "replies_count": 1, "retweets_count": 0, "hashtags": []}
{"id": 1115766214603808768, "date": "2019-04-09", "time": "19:59:30", "tweet": "@pattiminter4ky Stakeholder organizations such as Kentucky Government Retirees were NEVER part of the process leading up to the introduction of HB 358. We had no input at all. If we had, we would have fought for the contract rights of stakeholders.", "likes_count": 1, "replies_count": 0, "retweets_count": 0, "hashtags": []}
{"id": 1115766191195402243, "date": "2019-04-09", "time": "19:59:24", "tweet": "@DanielM74329034 @richli @CF_Farrow As such and from my own experience...I dont believe a child \"needs\" a mum...or dad to grow up well adjusted. As long as they are cared for. But it is good of course to have input and connections with mother like or father like figures. I dont think anyone has denied that", "likes_count": 0, "replies_count": 0, "retweets_count": 0, "hashtags": []}
{"id": 1115766162254704640, "date": "2019-04-09", "time": "19:59:17", "tweet": "@naveen @vsodera @Superhuman @NotionHQ @airtable @zapier @useloom @holloway @input @asana @usefyi @usepastel @Haystack_Apps too? ;)", "likes_count": 0, "replies_count": 0, "retweets_count": 0, "hashtags": []}
{"id": 1115766141476048898, "date": "2019-04-09", "time": "19:59:12", "tweet": "I need your input, we have a total cultural misunderstanding with my husband : He thinks when I come home I have to get into “comfy” clothes(also known as ugly clothes), I think I should…  https://t.co/tLiMz2ZSP1", "likes_count": 0, "replies_count": 0, "retweets_count": 0, "hashtags": []}
{"id": 1115766077047414784, "date": "2019-04-09", "time": "19:58:57", "tweet": "@BgBengals2019 please read the GroupMe message!  Your input is needed!!", "likes_count": 2, "replies_count": 0, "retweets_count": 4, "hashtags": []}
{"id": 1115766013092683776, "date": "2019-04-09", "time": "19:58:42", "tweet": "Accepting input; the only thing I know of this show is the little bit I saw of them in Super Hero Taisen Z and I spent most of the first watch screaming about Gai and the second screaming about Space Sheriff WoofCat.", "likes_count": 1, "replies_count": 1, "retweets_count": 0, "hashtags": []}
{"id": 1115765948097749001, "date": "2019-04-09", "time": "19:58:26", "tweet": "@LeahHoustonMD @ONC_HealthIT @donrucker @HealthITNews Dah! Why would any EHR industry CTO want to interoperate and standardize to share ‘their ‘proprietary’ patient data, labs, photos and tests  which their company currently sells for profit and which sharecropper physicians actually pay to input?   https://t.co/6iVfZIo3UN", "likes_count": 0, "replies_count": 0, "retweets_count": 0, "hashtags": []}
{"id": 1115765925402247169, "date": "2019-04-09", "time": "19:58:21", "tweet": "You are able to input another up air after using the short hop aerial macro to input an up air from the ground. You can hit your opponent should they drop shield to punish the first up air.  More testing needed for which characters have nothing fast enough to hit between up airs.  https://t.co/ztQz1RexoS", "likes_count": 13, "replies_count": 1, "retweets_count": 0, "hashtags": []}
{"id": 1115765728727240710, "date": "2019-04-09", "time": "19:57:34", "tweet": "how the actual fuck does a new gen console not have an optical input port? like?", "likes_count": 4, "replies_count": 0, "retweets_count": 0, "hashtags": []}
{"id": 1115765506454192128, "date": "2019-04-09", "time": "19:56:41", "tweet": "@Shk0do @Barcelona7_2499 Tbh I was exaggerating for the joke lol I actually almost never superdash. I dont even do it when it makes sense to haha. I only do it if I'm trying to button dash and mess up the forward input", "likes_count": 1, "replies_count": 1, "retweets_count": 0, "hashtags": []}
{"id": 1115765362211995648, "date": "2019-04-09", "time": "19:56:06", "tweet": "production head:  *handwaves work for approval multiple times* *reviews work as its being done* *changes work without input*   also production head: god why is this your fault, you're so bad at your job", "likes_count": 1, "replies_count": 1, "retweets_count": 1, "hashtags": []}
{"id": 1115765297854787584, "date": "2019-04-09", "time": "19:55:51", "tweet": "today was the sort of beautiful day that makes me wish i could go sit on top of a cloud for a while", "likes_count": 4, "replies_count": 1, "retweets_count": 0, "hashtags": []}
{"id": 1115765063019782144, "date": "2019-04-09", "time": "19:54:55", "tweet": "We appreciate the public’s input and involvement in making our roads safe. Reports submitted using the County’s Road Condition Report will be directed to the correct field personnel and will be addressed shortly...  https://t.co/POYe4cAz3b", "likes_count": 0, "replies_count": 0, "retweets_count": 0, "hashtags": []}
{"id": 1115765059211239424, "date": "2019-04-09", "time": "19:54:54", "tweet": "#100daysofcode. D40. HTML Forms, Text input and that.", "likes_count": 2, "replies_count": 0, "retweets_count": 4, "hashtags": ["100daysofcode"]}
{"id": 1115765009554919424, "date": "2019-04-09", "time": "19:54:42", "tweet": "@swissborg Congrats @swissborg team! Input code 3RKU45I for extra 3000 points and increase your ranking on your Community app. Thanks.", "likes_count": 2, "replies_count": 0, "retweets_count": 0, "hashtags": []}
{"id": 1115764834887327744, "date": "2019-04-09", "time": "19:54:01", "tweet": "Folks— this  post from @MauraLittle captures both the work and opportunities @CambiaGrove can bring to health innovation. Space will be limited but there is still room to join in-person. Livestream available 4/17. @ONC_HealthIT and #healthcareinnovation needs your input.", "likes_count": 8, "replies_count": 0, "retweets_count": 3, "hashtags": ["healthcareinnovation"]}
{"id": 1115764806303272961, "date": "2019-04-09", "time": "19:53:54", "tweet": "@smidbot @ParkerMolloy I have made note of your opinion and filed it with other opinions that are wrong. But thanks for your input.", "likes_count": 0, "replies_count": 0, "retweets_count": 0, "hashtags": []}
{"id": 1115764802641518593, "date": "2019-04-09", "time": "19:53:53", "tweet": "Attention @metrolosangeles #OrangeLine riders: we need your input!  This Saturday, 4/13th, join a community open house discussion on how to improve walking, biking, &amp; pedestrian safety near #CanogaPark. Hosted by Councilmember @BobBlumenfield, @BSSLosAngeles, and @ClimateResolve.  https://t.co/pNvcFRLdVg", "likes_count": 3, "replies_count": 0, "retweets_count": 1, "hashtags": ["orangeline", "canogapark"]}
{"id": 1115764735352373248, "date": "2019-04-09", "time": "19:53:37", "tweet": "District Elections Update: On April 8, City Council held Public Hearing #6 to provide feedback and gain community input on six district elections maps (four revised demographer maps and two community submitted maps). View more about this process at  https://t.co/iZ6Ut1uckq  https://t.co/nGG5vrZi4Y", "likes_count": 1, "replies_count": 1, "retweets_count": 1, "hashtags": []}
