{"id": 1160702357291917313, "date": "2019-08-11", "time": "19:59:41", "tweet": "@pulte Please My cousin needs help.  He lives in Venezuela. Needs an urgent operation for scoliosis grade 67.The operation has a cost of $ 7500. In #Venezuela that is a lot of money. Any input is rewarding. It has a risk of involvement the lungs and heart  https://t.co/XZpF7nP6d9", "likes_count": 0, "replies_count": 0, "retweets_count": 1, "hashtags": ["venezuela"]}
{"id": 1160702352602673152, "date": "2019-08-11", "time": "19:59:40", "tweet": "We see this all the time in education: the state/district creating policy with little to no input from the people actually carrying it out.", "likes_count": 0, "replies_count": 0, "retweets_count": 0, "hashtags": []}
{"id": 1160702254980173824, "date": "2019-08-11", "time": "19:59:17", "tweet": "It's time for an upgrade after 5 years and @NZXT #BLD is the ticket. I wouldn't be against telling people about how great they are on the Stream and Podcast if they could hook it up with some kind of magical runes to input to the promo box to appease the machine spirits.  https://t.co/3s5mkKRmYR", "likes_count": 0, "replies_count": 1, "retweets_count": 0, "hashtags": ["bld"]}
{"id": 1160702253583482880, "date": "2019-08-11", "time": "19:59:16", "tweet": "@ChicopeeMa_PD Either way these people just don't get it...... that same car literally went down my buddies street AGAIN today easily at 35 to 45 on a side street packed with kids and walkers. Thank you for input and as always thank you for your service.", "likes_count": 0, "replies_count": 0, "retweets_count": 0, "hashtags": []}
{"id": 1160702225188044800, "date": "2019-08-11", "time": "19:59:09", "tweet": "Speaking of code challenges, here's a fizzbuzz answer. In fizzbuzz, input is an array of numbers and output is that array with els divisible by 3 replaced by \"fizz\", els divisible by 5 replaced by \"buzz\", and els divisible by both replaced by \"fizzbuzz\" #100DaysOfCode #javascript  https://t.co/wcZtrrI46O", "likes_count": 18, "replies_count": 0, "retweets_count": 6, "hashtags": ["100daysofcode", "javascript"]}
{"id": 1160702200739270657, "date": "2019-08-11", "time": "19:59:04", "tweet": "Also, the lack of parity of keyboard shortcuts kind of ire me. For example, cmd-space on my Mac switches input methods, but on the iPad it’s hard-wired to open the switcher", "likes_count": 0, "replies_count": 0, "retweets_count": 0, "hashtags": []}
{"id": 1160702144279748608, "date": "2019-08-11", "time": "19:58:50", "tweet": "@TeresaGrabs That is also TOTALLY wrong. Even if you don't take creative input, you CANNOT catch every mistake yourself. I honestly don't use editors for my poetry, but for stories ALWAYS!!", "likes_count": 2, "replies_count": 0, "retweets_count": 0, "hashtags": []}
{"id": 1160702041850875904, "date": "2019-08-11", "time": "19:58:26", "tweet": "Last valid input: 2019-08-12 08:58:17.264122 Temperature: 34.00 C Humidity: 63.00 %", "likes_count": 0, "replies_count": 0, "retweets_count": 0, "hashtags": []}
{"id": 1160701977908506624, "date": "2019-08-11", "time": "19:58:10", "tweet": "Poison’s later trials, on the other hand, are now requiring me to *feint* her whip attacks and I’m like “Okay, sure.”   I can do the input, but not at all that fast. It’s gonna take a while, so I might learn more basics with others in the meantime.  #CheesyPlaysFightingGames", "likes_count": 0, "replies_count": 1, "retweets_count": 0, "hashtags": ["cheesyplaysfightinggames"]}
{"id": 1160701976826372096, "date": "2019-08-11", "time": "19:58:10", "tweet": "Trials are perfect for where I’m at, though. They’re teaching me a lot about pacing, timing and how to cancel into things. Input buffering, even.   I audibly cheered and fist pumped when I cleared Poison’s 3rd and Ryu’s 3rd trial. #CheesyPlaysFightingGames", "likes_count": 0, "replies_count": 1, "retweets_count": 0, "hashtags": ["cheesyplaysfightinggames"]}
{"id": 1160701856273903616, "date": "2019-08-11", "time": "19:57:41", "tweet": "@WattleOfBits @oshanada @BlairBraverman @boothrebecca I know this feeling. I appreciate your input and comments though. I'm glad you're here.", "likes_count": 4, "replies_count": 0, "retweets_count": 0, "hashtags": []}
{"id": 1160701750443032576, "date": "2019-08-11", "time": "19:57:16", "tweet": "Check out Allen Bradley 1756-IB16I ControlLogix Input Module Ser A FW 3.3 NEW #AllenBradley  https://t.co/5FQqYMqfHK via @eBay", "likes_count": 0, "replies_count": 0, "retweets_count": 0, "hashtags": ["allenbradley"]}
{"id": 1160701662362836992, "date": "2019-08-11", "time": "19:56:55", "tweet": "Help me get more points for my Amazon gift card! Download this app  https://t.co/kD8Ijza9Yc on your Android and input my invitation code d28636823", "likes_count": 0, "replies_count": 0, "retweets_count": 0, "hashtags": []}
{"id": 1160701323387580416, "date": "2019-08-11", "time": "19:55:34", "tweet": "Input results in output.", "likes_count": 1, "replies_count": 0, "retweets_count": 0, "hashtags": []}
{"id": 1160701300830429185, "date": "2019-08-11", "time": "19:55:29", "tweet": "@HatPreacher @StephenLynx @HW_BEAT_THAT He’s not involved beyond what you see here publicly on twitter. The people with experience of running a large free speech site and are willing to share are limited, and we take input from all of them to help inform our decisions.", "likes_count": 0, "replies_count": 1, "retweets_count": 0, "hashtags": []}
{"id": 1160701265464066048, "date": "2019-08-11", "time": "19:55:21", "tweet": "The last 10 minutes of my life: Started a level of Pokémon Rumble Blast. Phone rang. Paused game, took call, talked for 3 minutes, hung up. Realized that I hadn't paused the game. Realized that, with no input whatsoever, I had won the level. Uninstaller game. Posted this.", "likes_count": 1, "replies_count": 1, "retweets_count": 0, "hashtags": []}
{"id": 1160701224531955713, "date": "2019-08-11", "time": "19:55:11", "tweet": "QUESTION:  would u buy a terrarium, either online or at a con? What about one with either custom figures or standees? Noting (if i make them right) that they require zero owner interaction or input--no watering or fussing, just making sure they get some sun!", "likes_count": 0, "replies_count": 1, "retweets_count": 0, "hashtags": []}
{"id": 1160701197122097152, "date": "2019-08-11", "time": "19:55:04", "tweet": "@kellabyte What are the scenarios where discontinuous input yields qualitatively different results", "likes_count": 1, "replies_count": 1, "retweets_count": 0, "hashtags": []}
{"id": 1160701113865080832, "date": "2019-08-11", "time": "19:54:44", "tweet": "If you don’t want to speak/write your second language - that’s cool. Many people don’t. But if you want to improve you speaking, you need to...SPEAK! No amount of input will magically lead to fluent output - they’re different skills.", "likes_count": 32, "replies_count": 1, "retweets_count": 3, "hashtags": []}
{"id": 1160701100313366528, "date": "2019-08-11", "time": "19:54:41", "tweet": "@tannakaken gs -dNOPAUSE -dBATCH -dSAFER -sDEVICE=png16m -dDownScaleFactor=2 -r350.3 -o output_%03d.png input.pdf # 解像度「-r???」はお好みで: A4判なら「-r350.3」，A5判なら「-r495.5」くらい？ # ページ指定は「-dFirstPage=??」「-dLastPage=??」など # 1ページだけなら「-o output.png」でもOK?", "likes_count": 1, "replies_count": 0, "retweets_count": 1, "hashtags": []}
{"id": 1160701050883436544, "date": "2019-08-11", "time": "19:54:29", "tweet": "@EDGEU1 What is input pin", "likes_count": 0, "replies_count": 0, "retweets_count": 0, "hashtags": []}
{"id": 1160700848390828033, "date": "2019-08-11", "time": "19:53:41", "tweet": "@SmasherOpana @Nitro_SSB @SoCalGohan_NXT I know Opana does that pretty frequently, but I actually find it difficult to do the reverse Neutral B input fast enough before B reversing that.", "likes_count": 1, "replies_count": 0, "retweets_count": 0, "hashtags": []}
{"id": 1160700827008413696, "date": "2019-08-11", "time": "19:53:36", "tweet": "@BMSupdates Hi, can you tell me if any turn seats are open for the truck /UNOH race? Or only straightaways?", "likes_count": 0, "replies_count": 0, "retweets_count": 0, "hashtags": []}
{"id": 1160700809207672832, "date": "2019-08-11", "time": "19:53:32", "tweet": "@whale @blackendhonesty Perhaps encouraging submissions to include what features of the ESP they used in order to fulfill their campaign strategy? Also seeing emails grouped as a series vs single? Tough to do without creator input I suppose but cool to have more context and understand the ecosystem.", "likes_count": 2, "replies_count": 2, "retweets_count": 0, "hashtags": []}
{"id": 1160700399663251456, "date": "2019-08-11", "time": "19:51:54", "tweet": "@SmasherOpana @Nitro_SSB @SoCalGohan_NXT SideB reverse is actually pretty easy, the way I'd do it personally is I'd input SideB towards the stage, and quickly flick the C stick in the direction away from the stage.  The input that's really hard is doing neutral B reverse facing away from the stage.", "likes_count": 1, "replies_count": 1, "retweets_count": 0, "hashtags": []}
{"id": 1160700151616495619, "date": "2019-08-11", "time": "19:50:55", "tweet": "@Speros_OG You gotta go wired! Any reduction in input lag is a blessing.", "likes_count": 0, "replies_count": 0, "retweets_count": 0, "hashtags": []}
{"id": 1160700127121682432, "date": "2019-08-11", "time": "19:50:49", "tweet": "HOLY SHIT I MIGHT HAVE PERFECTED THE FIREBALL INPUT STRAT", "likes_count": 0, "replies_count": 1, "retweets_count": 0, "hashtags": []}
{"id": 1160700097732071424, "date": "2019-08-11", "time": "19:50:42", "tweet": "@monsterking_og Awesome! Love the input with your thoughts! Thanks for the vote.", "likes_count": 1, "replies_count": 1, "retweets_count": 0, "hashtags": []}
{"id": 1160699700321955840, "date": "2019-08-11", "time": "19:49:07", "tweet": "@BrianCAlbrecht estimates of capacity industry by industry and input output estimates of the demand effects of proposed spending and offsets that target those sectors to manage order backlogs. We very much doubt that proposals that are scored as producing shortages will be very easy to pass. 3/N", "likes_count": 2, "replies_count": 1, "retweets_count": 0, "hashtags": []}
{"id": 1160699601537708035, "date": "2019-08-11", "time": "19:48:44", "tweet": "Lucky Fishing have fun. What are you waiting for? Download it, input the refer code ZS2QG2M to get reward. https://t.co/Y3DfO9DFe8", "likes_count": 0, "replies_count": 0, "retweets_count": 0, "hashtags": []}
{"id": 1160699530620416000, "date": "2019-08-11", "time": "19:48:27", "tweet": "I'm looking to hire a Virtual Assistant for some research-related tasks. Any recommendations for finding a reliable and thorough VA? I'd appreciate any and all input! 🙌", "likes_count": 5, "replies_count": 5, "retweets_count": 0, "hashtags": []}
{"id": 1160699446872571904, "date": "2019-08-11", "time": "19:48:07", "tweet": "@pedro_jordano @tpoi @JeffOllerton @AnnaTraveset @ibartomeus @marcoarmello Thanks for your input Pedro :)", "likes_count": 2, "replies_count": 0, "retweets_count": 0, "hashtags": []}
{"id": 1160699417508417537, "date": "2019-08-11", "time": "19:48:00", "tweet": "Character's literally made for monkeys. It doesn't matter which way you input, the rekkas come out anyway. #samsho #SAMURAISHODOWN #genjuro #silverback  https://t.co/fAvIRjPSn5", "likes_count": 8, "replies_count": 0, "retweets_count": 1, "hashtags": ["samsho", "samuraishodown", "genjuro", "silverback"]}
{"id": 1160699281214451712, "date": "2019-08-11", "time": "19:47:28", "tweet": "@sienknox \"Boomer input.\" Young lady, back in our day, we didn't talk about our elders like that. We took to heart what they told us as we did lsd in woodstock.", "likes_count": 0, "replies_count": 0, "retweets_count": 0, "hashtags": []}
{"id": 1160699176377708544, "date": "2019-08-11", "time": "19:47:03", "tweet": "Speciality Doctor - Palliative Care: Our client who specialises in palliative care is currently looking for a Speciality Doctor whose primary focus will be to provide specialist palliative medical input to the In-Patient Unit. The role is typically…  https://t.co/uAlgAsAARC", "likes_count": 0, "replies_count": 0, "retweets_count": 0, "hashtags": []}
{"id": 1160699095301926914, "date": "2019-08-11", "time": "19:46:43", "tweet": "@Brooke_Babineau Thanks, appreciate your input.", "likes_count": 0, "replies_count": 1, "retweets_count": 0, "hashtags": []}
{"id": 1160698993300713472, "date": "2019-08-11", "time": "19:46:19", "tweet": "@charleszimmerer @CNBC Thanks for that input, Charles. I do not think that this article could have gone into that much detail. It is a good opportunity for a pitch. I am curious. Did you guys have some sort of convention or something? Suddenly, your competitors are popping out of the woodwork.", "likes_count": 2, "replies_count": 1, "retweets_count": 1, "hashtags": []}
{"id": 1160698913655050241, "date": "2019-08-11", "time": "19:46:00", "tweet": "@afrongl01 @Ryuuonsuke Oh you’re right, you know me better than I know me! How silly of me. Thank you so much for your input, you have drastically changed my mind.", "likes_count": 0, "replies_count": 0, "retweets_count": 0, "hashtags": []}
{"id": 1160698835074633728, "date": "2019-08-11", "time": "19:45:41", "tweet": "Ok forensics expert. Thanks for the input.", "likes_count": 7, "replies_count": 2, "retweets_count": 0, "hashtags": []}
{"id": 1160698732473487360, "date": "2019-08-11", "time": "19:45:17", "tweet": "I am sorry to tell me fellow queers that denim vests are over forever now. We're all going to have to pick a new fashion quirk. I vote calculator watches, but open to your input. #SummerSlam", "likes_count": 21, "replies_count": 3, "retweets_count": 1, "hashtags": ["summerslam"]}
{"id": 1160698600671760385, "date": "2019-08-11", "time": "19:44:45", "tweet": "Check out Allen Bradley 1756-IB16I ControlLogix Input Module Ser A FW 3.3 NEW #AllenBradley  https://t.co/dw1c8hCSqY via @eBay", "likes_count": 0, "replies_count": 0, "retweets_count": 0, "hashtags": ["allenbradley"]}
{"id": 1160698572557316097, "date": "2019-08-11", "time": "19:44:39", "tweet": "@GraemeEdgeler @DoubleAspect @AndrewLittleMP It would be good if there weren't mistakes to allow for public input prior to changes. Not very practical though. Every contempt offence listed in the Contempt of Court Bill has maximum fines. Clause 29A (1) places a limit on where the Act does not apply ie other contempt laws.", "likes_count": 0, "replies_count": 2, "retweets_count": 0, "hashtags": []}
{"id": 1160698566932926465, "date": "2019-08-11", "time": "19:44:37", "tweet": "Yo, you guys! I have an idea of doing a review series on YT, and I would love to have your guys input on some shows to watch and review!  https://t.co/qmDTa2rJZE", "likes_count": 0, "replies_count": 1, "retweets_count": 0, "hashtags": []}
{"id": 1160698544833085445, "date": "2019-08-11", "time": "19:44:32", "tweet": "curious to get reader input on this: for rapline, i guessed at a number of chapters, guessed again and changed it twice", "likes_count": 0, "replies_count": 2, "retweets_count": 0, "hashtags": []}
{"id": 1160698345955794944, "date": "2019-08-11", "time": "19:43:45", "tweet": "@BernieSanders And the right to get all of the above without government input...", "likes_count": 0, "replies_count": 0, "retweets_count": 0, "hashtags": []}
{"id": 1160698164141285381, "date": "2019-08-11", "time": "19:43:01", "tweet": "@BeachGlassFan @johnVcorbett @AndrewScheer Input. That means they can present info. It does not say direction.", "likes_count": 0, "replies_count": 1, "retweets_count": 0, "hashtags": []}
{"id": 1160698116007452673, "date": "2019-08-11", "time": "19:42:50", "tweet": "@toddgonn @ChipFlory @JeffHinen @Hoosier7883 True, but that forces PFs group to make some assumption about those acres to come up with a national production estimate... Meanwhile USDA completely covers 10 major states, along with getting input from other corn states...", "likes_count": 0, "replies_count": 1, "retweets_count": 0, "hashtags": []}
{"id": 1160698001192620032, "date": "2019-08-11", "time": "19:42:22", "tweet": "Relationship input:  In a relationship many things go wrong People on the outside shhhhh, because they don't know what's going on...", "likes_count": 0, "replies_count": 0, "retweets_count": 0, "hashtags": []}
{"id": 1160697985329770496, "date": "2019-08-11", "time": "19:42:19", "tweet": "okay as an occultist i have something to say on the subject of empaths  real empaths are called \"highly sensitive people\" and share symptoms like not being able to be in large crowds, being terrified in the face of anger, and staying alone cause constant emotion input sucks etc", "likes_count": 0, "replies_count": 1, "retweets_count": 0, "hashtags": []}
{"id": 1160697883605241856, "date": "2019-08-11", "time": "19:41:54", "tweet": "@paul_serran More: Hal Turner radio show broke the story this morning (some behind a paywall)...anyone else with input?  https://t.co/J3Kf3AqSII", "likes_count": 0, "replies_count": 0, "retweets_count": 0, "hashtags": []}
{"id": 1160697577999912960, "date": "2019-08-11", "time": "19:40:41", "tweet": "@TemitolaEliza3 @NamesLovelyx @kaileeinatree @AscreenDoor That’s why people are mad. Its impossible to go on Twitter and talk about anything recent without someone plugging in a facecam. It’s why kpop fans are looked down upon from the rest of Twitter as most of the time, their input is useless and that they’re up to the same bs again.", "likes_count": 0, "replies_count": 1, "retweets_count": 0, "hashtags": []}
{"id": 1160697519493353472, "date": "2019-08-11", "time": "19:40:28", "tweet": "how am i supposed to land my marth tips if my input is a whole two seconds delayed", "likes_count": 0, "replies_count": 0, "retweets_count": 0, "hashtags": []}
{"id": 1160697513453576192, "date": "2019-08-11", "time": "19:40:26", "tweet": "@Stegolith it was the oddest thing though. Not meant to be seen, as so quick. Thanks for your input mate.", "likes_count": 0, "replies_count": 0, "retweets_count": 0, "hashtags": []}
{"id": 1160697406465462277, "date": "2019-08-11", "time": "19:40:01", "tweet": "@SWexner @THeniford That would be a great input, sir! Thank you for caring to teach and educate us all! Will be waiting for the expert input!", "likes_count": 0, "replies_count": 0, "retweets_count": 1, "hashtags": []}
{"id": 1160697301213556736, "date": "2019-08-11", "time": "19:39:35", "tweet": "\"Choosing not to input external information into the brain at specific times really does increase clarity and creativity\"  https://t.co/j6lLp3El0h #Productivity #Creativity #Brain  https://t.co/4zAG4uddyr", "likes_count": 1, "replies_count": 0, "retweets_count": 0, "hashtags": ["productivity", "creativity", "brain"]}
{"id": 1160697233316208642, "date": "2019-08-11", "time": "19:39:19", "tweet": "@robshpprd @MartinaBex @FluencyMatters Since we’re clarifying, 1) I wouldn’t consider myself a TPRS teacher; careful not to tie CI to specific methods, 2) OK, I won’t share that research, 3) no one suggested exclusive input, and 4) FOCUS on what’s needed over what isn’t. So, yeah, reading as “best” is common sense.", "likes_count": 1, "replies_count": 0, "retweets_count": 0, "hashtags": []}
{"id": 1160697219076493313, "date": "2019-08-11", "time": "19:39:16", "tweet": "I meant to post this page from Meel book bc I need my other guy friends input on this", "likes_count": 0, "replies_count": 0, "retweets_count": 0, "hashtags": []}
{"id": 1160697096615280640, "date": "2019-08-11", "time": "19:38:47", "tweet": "@dr_koko28 Edukatif. Paham dengan penyebab penyakit. Menjelaskan kesalahan apa yg dilakukan pasien shg mendapatkan penyakit dan memberi input pola hidup bagaimana yg harus dijalani agar penyakit bisa sembuh. Bukan dokter yang sekedar nulis resep. Dan naturopath-oriented.", "likes_count": 0, "replies_count": 0, "retweets_count": 0, "hashtags": []}
{"id": 1160696998997168128, "date": "2019-08-11", "time": "19:38:23", "tweet": "@RealOmairZahid Appreciate your input", "likes_count": 0, "replies_count": 0, "retweets_count": 0, "hashtags": []}
{"id": 1160696969599365128, "date": "2019-08-11", "time": "19:38:16", "tweet": "Last valid input: 2019-08-12 08:38:14.200520 Temperature: 34.00 C Humidity: 63.00 %", "likes_count": 0, "replies_count": 0, "retweets_count": 0, "hashtags": []}
{"id": 1160702357291917313, "date": "2019-08-11", "time": "19:59:41", "tweet": "@pulte Please My cousin needs help.  He lives in Venezuela. Needs an urgent operation for scoliosis grade 67.The operation has a cost of $ 7500. In #Venezuela that is a lot of money. Any input is rewarding. It has a risk of involvement the lungs and heart  https://t.co/XZpF7nP6d9", "likes_count": 0, "replies_count": 0, "retweets_count": 1, "hashtags": ["venezuela"]}
{"id": 1160702352602673152, "date": "2019-08-11", "time": "19:59:40", "tweet": "We see this all the time in education: the state/district creating policy with little to no input from the people actually carrying it out.", "likes_count": 0, "replies_count": 0, "retweets_count": 0, "hashtags": []}
{"id": 1160702254980173824, "date": "2019-08-11", "time": "19:59:17", "tweet": "It's time for an upgrade after 5 years and @NZXT #BLD is the ticket. I wouldn't be against telling people about how great they are on the Stream and Podcast if they could hook it up with some kind of magical runes to input to the promo box to appease the machine spirits.  https://t.co/3s5mkKRmYR", "likes_count": 0, "replies_count": 1, "retweets_count": 0, "hashtags": ["bld"]}
{"id": 1160702253583482880, "date": "2019-08-11", "time": "19:59:16", "tweet": "@ChicopeeMa_PD Either way these people just don't get it...... that same car literally went down my buddies street AGAIN today easily at 35 to 45 on a side street packed with kids and walkers. Thank you for input and as always thank you for your service.", "likes_count": 0, "replies_count": 0, "retweets_count": 0, "hashtags": []}
{"id": 1160702225188044800, "date": "2019-08-11", "time": "19:59:09", "tweet": "Speaking of code challenges, here's a fizzbuzz answer. In fizzbuzz, input is an array of numbers and output is that array with els divisible by 3 replaced by \"fizz\", els divisible by 5 replaced by \"buzz\", and els divisible by both replaced by \"fizzbuzz\" #100DaysOfCode #javascript  https://t.co/wcZtrrI46O", "likes_count": 18, "replies_count": 0, "retweets_count": 6, "hashtags": ["100daysofcode", "javascript"]}
{"id": 1160702200739270657, "date": "2019-08-11", "time": "19:59:04", "tweet": "Also, the lack of parity of keyboard shortcuts kind of ire me. For example, cmd-space on my Mac switches input methods, but on the iPad it’s hard-wired to open the switcher", "likes_count": 0, "replies_count": 0, "retweets_count": 0, "hashtags": []}
{"id": 1160702144279748608, "date": "2019-08-11", "time": "19:58:50", "tweet": "@TeresaGrabs That is also TOTALLY wrong. Even if you don't take creative input, you CANNOT catch every mistake yourself. I honestly don't use editors for my poetry, but for stories ALWAYS!!", "likes_count": 2, "replies_count": 0, "retweets_count": 0, "hashtags": []}
{"id": 1160702041850875904, "date": "2019-08-11", "time": "19:58:26", "tweet": "Last valid input: 2019-08-12 08:58:17.264122 Temperature: 34.00 C Humidity: 63.00 %", "likes_count": 0, "replies_count": 0, "retweets_count": 0, "hashtags": []}
{"id": 1160701977908506624, "date": "2019-08-11", "time": "19:58:10", "tweet": "Poison’s later trials, on the other hand, are now requiring me to *feint* her whip attacks and I’m like “Okay, sure.”   I can do the input, but not at all that fast. It’s gonna take a while, so I might learn more basics with others in the meantime.  #CheesyPlaysFightingGames", "likes_count": 0, "replies_count": 1, "retweets_count": 0, "hashtags": ["cheesyplaysfightinggames"]}
{"id": 1160701976826372096, "date": "2019-08-11", "time": "19:58:10", "tweet": "Trials are perfect for where I’m at, though. They’re teaching me a lot about pacing, timing and how to cancel into things. Input buffering, even.   I audibly cheered and fist pumped when I cleared Poison’s 3rd and Ryu’s 3rd trial. #CheesyPlaysFightingGames", "likes_count": 0, "replies_count": 1, "retweets_count": 0, "hashtags": ["cheesyplaysfightinggames"]}
{"id": 1160701856273903616, "date": "2019-08-11", "time": "19:57:41", "tweet": "@WattleOfBits @oshanada @BlairBraverman @boothrebecca I know this feeling. I appreciate your input and comments though. I'm glad you're here.", "likes_count": 4, "replies_count": 0, "retweets_count": 0, "hashtags": []}
{"id": 1160701750443032576, "date": "2019-08-11", "time": "19:57:16", "tweet": "Check out Allen Bradley 1756-IB16I ControlLogix Input Module Ser A FW 3.3 NEW #AllenBradley  https://t.co/5FQqYMqfHK via @eBay", "likes_count": 0, "replies_count": 0, "retweets_count": 0, "hashtags": ["allenbradley"]}
{"id": 1160701662362836992, "date": "2019-08-11", "time": "19:56:55", "tweet": "Help me get more points for my Amazon gift card! Download this app  https://t.co/kD8Ijza9Yc on your Android and input my invitation code d28636823", "likes_count": 0, "replies_count": 0, "retweets_count": 0, "hashtags": []}
{"id": 1160701323387580416, "date": "2019-08-11", "time": "19:55:34", "tweet": "Input results in output.", "likes_count": 1, "replies_count": 0, "retweets_count": 0, "hashtags": []}
{"id": 1160701300830429185, "date": "2019-08-11", "time": "19:55:29", "tweet": "@HatPreacher @StephenLynx @HW_BEAT_THAT He’s not involved beyond what you see here publicly on twitter. The people with experience of running a large free speech site and are willing to share are limited, and we take input from all of them to help inform our decisions.", "likes_count": 0, "replies_count": 1, "retweets_count": 0, "hashtags": []}
{"id": 1160701265464066048, "date": "2019-08-11", "time": "19:55:21", "tweet": "The last 10 minutes of my life: Started a level of Pokémon Rumble Blast. Phone rang. Paused game, took call, talked for 3 minutes, hung up. Realized that I hadn't paused the game. Realized that, with no input whatsoever, I had won the level. Uninstaller game. Posted this.", "likes_count": 1, "replies_count": 1, "retweets_count": 0, "hashtags": []}
{"id": 1160701224531955713, "date": "2019-08-11", "time": "19:55:11", "tweet": "QUESTION:  would u buy a terrarium, either online or at a con? What about one with either custom figures or standees? Noting (if i make them right) that they require zero owner interaction or input--no watering or fussing, just making sure they get some sun!", "likes_count": 0, "replies_count": 1, "retweets_count": 0, "hashtags": []}
{"id": 1160701197122097152, "date": "2019-08-11", "time": "19:55:04", "tweet": "@kellabyte What are the scenarios where discontinuous input yields qualitatively different results", "likes_count": 1, "replies_count": 1, "retweets_count": 0, "hashtags": []}
{"id": 1160701113865080832, "date": "2019-08-11", "time": "19:54:44", "tweet": "If you don’t want to speak/write your second language - that’s cool. Many people don’t. But if you want to improve you speaking, you need to...SPEAK! No amount of input will magically lead to fluent output - they’re different skills.", "likes_count": 32, "replies_count": 1, "retweets_count": 3, "hashtags": []}
{"id": 1160701100313366528, "date": "2019-08-11", "time": "19:54:41", "tweet": "@tannakaken gs -dNOPAUSE -dBATCH -dSAFER -sDEVICE=png16m -dDownScaleFactor=2 -r350.3 -o output_%03d.png input.pdf # 解像度「-r???」はお好みで: A4判なら「-r350.3」，A5判なら「-r495.5」くらい？ # ページ指定は「-dFirstPage=??」「-dLastPage=??」など # 1ページだけなら「-o output.png」でもOK?", "likes_count": 1, "replies_count": 0, "retweets_count": 1, "hashtags": []}
{"id": 1160701050883436544, "date": "2019-08-11", "time": "19:54:29", "tweet": "@EDGEU1 What is input pin", "likes_count": 0, "replies_count": 0, "retweets_count": 0, "hashtags": []}
{"id": 1160700848390828033, "date": "2019-08-11", "time": "19:53:41", "tweet": "@SmasherOpana @Nitro_SSB @SoCalGohan_NXT I know Opana does that pretty frequently, but I actually find it difficult to do the reverse Neutral B input fast enough before B reversing that.", "likes_count": 1, "replies_count": 0, "retweets_count": 0, "hashtags": []}
{"id": 1160700827008413696, "date": "2019-08-11", "time": "19:53:36", "tweet": "@BMSupdates Hi, can you tell me if any turn seats are open for the truck /UNOH race? Or only straightaways?", "likes_count": 0, "replies_count": 0, "retweets_count": 0, "hashtags": []}
{"id": 1160700809207672832, "date": "2019-08-11", "time": "19:53:32", "tweet": "@whale @blackendhonesty Perhaps encouraging submissions to include what features of the ESP they used in order to fulfill their campaign strategy? Also seeing emails grouped as a series vs single? Tough to do without creator input I suppose but cool to have more context and understand the ecosystem.", "likes_count": 2, "replies_count": 2, "retweets_count": 0, "hashtags": []}
{"id": 1160700399663251456, "date": "2019-08-11", "time": "19:51:54", "tweet": "@SmasherOpana @Nitro_SSB @SoCalGohan_NXT SideB reverse is actually pretty easy, the way I'd do it personally is I'd input SideB towards the stage, and quickly flick the C stick in the direction away from the stage.  The input that's really hard is doing neutral B reverse facing away from the stage.", "likes_count": 1, "replies_count": 1, "retweets_count": 0, "hashtags": []}
{"id": 1160700151616495619, "date": "2019-08-11", "time": "19:50:55", "tweet": "@Speros_OG You gotta go wired! Any reduction in input lag is a blessing.", "likes_count": 0, "replies_count": 0, "retweets_count": 0, "hashtags": []}
{"id": 1160700127121682432, "date": "2019-08-11", "time": "19:50:49", "tweet": "HOLY SHIT I MIGHT HAVE PERFECTED THE FIREBALL INPUT STRAT", "likes_count": 0, "replies_count": 1, "retweets_count": 0, "hashtags": []}
{"id": 1160700097732071424, "date": "2019-08-11", "time": "19:50:42", "tweet": "@monsterking_og Awesome! Love the input with your thoughts! Thanks for the vote.", "likes_count": 1, "replies_count": 1, "retweets_count": 0, "hashtags": []}
{"id": 1160699700321955840, "date": "2019-08-11", "time": "19:49:07", "tweet": "@BrianCAlbrecht estimates of capacity industry by industry and input output estimates of the demand effects of proposed spending and offsets that target those sectors to manage order backlogs. We very much doubt that proposals that are scored as producing shortages will be very easy to pass. 3/N", "likes_count": 2, "replies_count": 1, "retweets_count": 0, "hashtags": []}
{"id": 1160699601537708035, "date": "2019-08-11", "time": "19:48:44", "tweet": "Lucky Fishing have fun. What are you waiting for? Download it, input the refer code ZS2QG2M to get reward. https://t.co/Y3DfO9DFe8", "likes_count": 0, "replies_count": 0, "retweets_count": 0, "hashtags": []}
{"id": 1160699530620416000, "date": "2019-08-11", "time": "19:48:27", "tweet": "I'm looking to hire a Virtual Assistant for some research-related tasks. Any recommendations for finding a reliable and thorough VA? I'd appreciate any and all input! 🙌", "likes_count": 5, "replies_count": 5, "retweets_count": 0, "hashtags": []}
{"id": 1160699446872571904, "date": "2019-08-11", "time": "19:48:07", "tweet": "@pedro_jordano @tpoi @JeffOllerton @AnnaTraveset @ibartomeus @marcoarmello Thanks for your input Pedro :)", "likes_count": 2, "replies_count": 0, "retweets_count": 0, "hashtags": []}
{"id": 1160699417508417537, "date": "2019-08-11", "time": "19:48:00", "tweet": "Character's literally made for monkeys. It doesn't matter which way you input, the rekkas come out anyway. #samsho #SAMURAISHODOWN #genjuro #silverback  https://t.co/fAvIRjPSn5", "likes_count": 8, "replies_count": 0, "retweets_count": 1, "hashtags": ["samsho", "samuraishodown", "genjuro", "silverback"]}
{"id": 1160699281214451712, "date": "2019-08-11", "time": "19:47:28", "tweet": "@sienknox \"Boomer input.\" Young lady, back in our day, we didn't talk about our elders like that. We took to heart what they told us as we did lsd in woodstock.", "likes_count": 0, "replies_count": 0, "retweets_count": 0, "hashtags": []}
{"id": 1160699176377708544, "date": "2019-08-11", "time": "19:47:03", "tweet": "Speciality Doctor - Palliative Care: Our client who specialises in palliative care is currently looking for a Speciality Doctor whose primary focus will be to provide specialist palliative medical input to the In-Patient Unit. The role is typically…  https://t.co/uAlgAsAARC", "likes_count": 0, "replies_count": 0, "retweets_count": 0, "hashtags": []}
{"id": 1160699095301926914, "date": "2019-08-11", "time": "19:46:43", "tweet": "@Brooke_Babineau Thanks, appreciate your input.", "likes_count": 0, "replies_count": 1, "retweets_count": 0, "hashtags": []}
{"id": 1160698993300713472, "date": "2019-08-11", "time": "19:46:19", "tweet": "@charleszimmerer @CNBC Thanks for that input, Charles. I do not think that this article could have gone into that much detail. It is a good opportunity for a pitch. I am curious. Did you guys have some sort of convention or something? Suddenly, your competitors are popping out of the woodwork.", "likes_count": 2, "replies_count": 1, "retweets_count": 1, "hashtags": []}
{"id": 1160698913655050241, "date": "2019-08-11", "time": "19:46:00", "tweet": "@afrongl01 @Ryuuonsuke Oh you’re right, you know me better than I know me! How silly of me. Thank you so much for your input, you have drastically changed my mind.", "likes_count": 0, "replies_count": 0, "retweets_count": 0, "hashtags": []}
{"id": 1160698835074633728, "date": "2019-08-11", "time": "19:45:41", "tweet": "Ok forensics expert. Thanks for the input.", "likes_count": 7, "replies_count": 2, "retweets_count": 0, "hashtags": []}
{"id": 1160698732473487360, "date": "2019-08-11", "time": "19:45:17", "tweet": "I am sorry to tell me fellow queers that denim vests are over forever now. We're all going to have to pick a new fashion quirk. I vote calculator watches, but open to your input. #SummerSlam", "likes_count": 21, "replies_count": 3, "retweets_count": 1, "hashtags": ["summerslam"]}
