{"id": 1267969234287702018, "date": "2020-06-02", "time": "19:59:57", "tweet": "@thegoldlions @jon_prosser All good bro, thanks for the input. I only asked him cuz he’s one of my go to Tech pros... didn’t really think he’d answer- and I guess I was right. Didn’t realize me asking a simple question would piss so many off for so many reasons. 🤔", "likes_count": 1, "replies_count": 0, "retweets_count": 0, "hashtags": []}
{"id": 1267969176058179585, "date": "2020-06-02", "time": "19:59:43", "tweet": "I need some input from you all.  Someone on IG was upset that they were told not to say “All lives matter” and couldn’t understand the problem. I attached my reply where I tried explaining but maybe I’m not fully aware either. I’d love some educational input though! Talk to me!  https://t.co/Dle9dWKsvU", "likes_count": 0, "replies_count": 1, "retweets_count": 0, "hashtags": []}
{"id": 1267969158274220032, "date": "2020-06-02", "time": "19:59:39", "tweet": "@JoeBiden People talk about Biden's input into the 1994 Crime Bill but he was really active in increasing punishments, ending bail (with no release) and vastly increasing the number of people in federal prison during the Reagan administration. He should be very proud.  https://t.co/lcUY3Pdc2J", "likes_count": 0, "replies_count": 0, "retweets_count": 0, "hashtags": []}
{"id": 1267969105392517128, "date": "2020-06-02", "time": "19:59:27", "tweet": "The Oregon Health Authority, working with more than 100 community partners, is launching the 2020-2024 State Health Improvement Plan to address disparities made worse by the health crisis. Provide your input to the plan by taking the survey.  https://t.co/vS1NJ1a6FK  https://t.co/uz61P7ux5B", "likes_count": 2, "replies_count": 0, "retweets_count": 1, "hashtags": []}
{"id": 1267968983690551297, "date": "2020-06-02", "time": "19:58:58", "tweet": "@BobbyBorg Any input you have would be appreciated for my instrumental cues. If you were interested in hearing some rough versions of rock songs I wrote a few years ago I could create a custom playlist just for you. No offense if you’re not interested or wouldn’t have time.", "likes_count": 0, "replies_count": 1, "retweets_count": 0, "hashtags": []}
{"id": 1267968817742917635, "date": "2020-06-02", "time": "19:58:18", "tweet": "⚾️Here's another clip for your review and input. The call on the field was double steal, both runners safe. Pitch was ruled a ball so the count is now 2-2. What is the correct course of action? Options in the next tweet then vote in the tweet after that. #pathwaytoexcellence 1/3  https://t.co/QMEGzcL2lj", "likes_count": 4, "replies_count": 1, "retweets_count": 2, "hashtags": ["pathwaytoexcellence"]}
{"id": 1267968734632779778, "date": "2020-06-02", "time": "19:57:58", "tweet": "@lac0rte Opa, tranquilo, meu caro! Eu fiz um shortcut que faz isso. Basicamente eu pego a input, coloco no link no odesli, aí no caso é só colocar o link do Apple Music depois do /, aí já abro a share sheet. Se quiser outro fluxo, pega o shortcut e edita aí.  https://t.co/zTRxkLBlhH", "likes_count": 0, "replies_count": 0, "retweets_count": 0, "hashtags": []}
{"id": 1267968627044683778, "date": "2020-06-02", "time": "19:57:33", "tweet": "@NilsMelzer It’s not clear if the input is sought from the individuals who are victims of cyber torture. Could you clarify please", "likes_count": 0, "replies_count": 0, "retweets_count": 0, "hashtags": []}
{"id": 1267968406822637568, "date": "2020-06-02", "time": "19:56:40", "tweet": "everybody got they input on how we should live", "likes_count": 0, "replies_count": 0, "retweets_count": 0, "hashtags": []}
{"id": 1267968341198745601, "date": "2020-06-02", "time": "19:56:24", "tweet": "Revised MSP doesn’t factor in input cost: Congress | India News  https://t.co/tHXvIrn4QG", "likes_count": 0, "replies_count": 0, "retweets_count": 0, "hashtags": []}
{"id": 1267968280704307200, "date": "2020-06-02", "time": "19:56:10", "tweet": "@Jolteoff @videogamedeals It’s $14 at BBY now. Not enough input lag for me to notice. Motion controls will work too.", "likes_count": 1, "replies_count": 1, "retweets_count": 0, "hashtags": []}
{"id": 1267968127456948226, "date": "2020-06-02", "time": "19:55:33", "tweet": "@CregganDerry @aboutye1 @scottieboy32 I dont care, I can decide who I speak to or not. It seems that everytime you speak to me you always have one or two others to back you up, I think it's done on purpose which is why I'll refuse to acknowledge their input.", "likes_count": 0, "replies_count": 2, "retweets_count": 0, "hashtags": []}
{"id": 1267968069499904000, "date": "2020-06-02", "time": "19:55:20", "tweet": "## Recommended ID ## Wooya19840611  Additional 500 Cache---&gt;Replacement of Voting Rights on Input  #차은우 #얼굴천재_차은우  https://t.co/5I71c7GdVC", "likes_count": 2, "replies_count": 0, "retweets_count": 0, "hashtags": ["차은우", "얼굴천재_차은우"]}
{"id": 1267967983114043392, "date": "2020-06-02", "time": "19:54:59", "tweet": "@Wriiiiiight Tearing shit up and having the national news platform to discuss are two different things. Now you can go one and have a good evening. You dont know me so please keep it respectful and gone on. You came to my mentions. I didn't ask your input.", "likes_count": 1, "replies_count": 1, "retweets_count": 0, "hashtags": []}
{"id": 1267967893603602432, "date": "2020-06-02", "time": "19:54:38", "tweet": "@danzfps da input lag não?", "likes_count": 0, "replies_count": 2, "retweets_count": 0, "hashtags": []}
{"id": 1267967717476388864, "date": "2020-06-02", "time": "19:53:56", "tweet": "@Hockeyoden Thank you. I appreciate the input.", "likes_count": 0, "replies_count": 0, "retweets_count": 0, "hashtags": []}
{"id": 1267967687885574144, "date": "2020-06-02", "time": "19:53:49", "tweet": "@geajochi Chill... My tweet was intended to be comical.  Gilet Jaunes started October, 2018, almost 2 years ago. Thanks for your input.", "likes_count": 5, "replies_count": 1, "retweets_count": 0, "hashtags": []}
{"id": 1267967646194036736, "date": "2020-06-02", "time": "19:53:39", "tweet": "my input into any of this since I myself have not experienced it firsthand. What I've always done though is always try to see and listen to every side of things bc I know their feelings &amp; experiences matter too. As a white person, it's not my place to speak on", "likes_count": 0, "replies_count": 1, "retweets_count": 0, "hashtags": []}
{"id": 1267967518079094784, "date": "2020-06-02", "time": "19:53:08", "tweet": "Public input has been broken the entire city budget process. Here’s one thing to get through - personal direct messages to city leaders.  #DefundThePolice #NoServicesNoCity #ProtectPhillyRenters #TaxTheRich #BlackStimulus", "likes_count": 14, "replies_count": 1, "retweets_count": 7, "hashtags": ["defundthepolice", "noservicesnocity", "protectphillyrenters", "taxtherich", "blackstimulus"]}
{"id": 1267967414546894848, "date": "2020-06-02", "time": "19:52:43", "tweet": "@JamesGibson1138 @wndbd3 @jonzt123 @R24966786 @RNintheER @Breaking911 Computer modeling isn’t a succeed/fail process. Models are adaptive and provide moving estimates as data input is refined and updated. They are not designed to provide static predictions. Their function is to provide insight into the effectiveness of solutions applied to problems", "likes_count": 1, "replies_count": 2, "retweets_count": 0, "hashtags": []}
{"id": 1267967389733445643, "date": "2020-06-02", "time": "19:52:38", "tweet": "@HamEggsnSam Thanks for your input, we can disagree, I respect you intelligence, on XRP and digital currency or assets, have followed ya for a couple years, thanks", "likes_count": 1, "replies_count": 0, "retweets_count": 0, "hashtags": []}
{"id": 1267967358070644739, "date": "2020-06-02", "time": "19:52:30", "tweet": "@theweatherKat We know it’s a little different from what you’re used to, we're actively making improvements based on user input. Tell us more about your experience so that we can address the issue and pass it along to the team. Keep us posted!", "likes_count": 2, "replies_count": 2, "retweets_count": 0, "hashtags": []}
{"id": 1267967344900476928, "date": "2020-06-02", "time": "19:52:27", "tweet": "@Omg_Yae I work with children, who look forward to seeing us and just having a moment to decompress. I don’t want to have off of work I want to be there for them. But I was called insensitive  , so I was just asking . Thanks for your input ☺️", "likes_count": 0, "replies_count": 1, "retweets_count": 0, "hashtags": []}
{"id": 1267967301694951431, "date": "2020-06-02", "time": "19:52:17", "tweet": "Robert Hart, legislative director for the Department of Minnesota, said: “This is the second year in a row where there’s been virtually no input by anyone because they haven’t had a lot of input by anyone.\"  https://t.co/iq5NbFbBlK  https://t.co/icKj2DRGJZ", "likes_count": 2, "replies_count": 0, "retweets_count": 0, "hashtags": []}
{"id": 1267967300742897666, "date": "2020-06-02", "time": "19:52:16", "tweet": "Given the events of the last few days, my fellow teacher @Mr__Lambert and I revamped our final assignment for our grade 10 students.   I could do with some input.    https://t.co/K5LsaOXGnG", "likes_count": 27, "replies_count": 8, "retweets_count": 2, "hashtags": []}
{"id": 1267967115061059584, "date": "2020-06-02", "time": "19:51:32", "tweet": "@DanCrenshawTX How about you pay attention to your constituents here in Texas. No one in NYC needs your input. You don’t even know what you are doing in Texas", "likes_count": 0, "replies_count": 0, "retweets_count": 0, "hashtags": []}
{"id": 1267966944264613890, "date": "2020-06-02", "time": "19:50:51", "tweet": "@BLUNDERINGFOOLZ @dbongino @Alyssa_Milano @jtimberlake Who needs any input from those two woman?", "likes_count": 0, "replies_count": 0, "retweets_count": 0, "hashtags": []}
{"id": 1267966893706657793, "date": "2020-06-02", "time": "19:50:39", "tweet": "Colorado seeks input at ACCT Regulation Updates:  https://t.co/r8VdqK2yIg", "likes_count": 0, "replies_count": 0, "retweets_count": 0, "hashtags": []}
{"id": 1267966851021262848, "date": "2020-06-02", "time": "19:50:29", "tweet": "@allthingzap @WendyMSHRMPHR And ppl need to feel “safe” to ask questions ... and feel more open to the input and feedback #KHRSChat A3", "likes_count": 4, "replies_count": 1, "retweets_count": 0, "hashtags": ["khrschat"]}
{"id": 1267966629390016515, "date": "2020-06-02", "time": "19:49:36", "tweet": "@lichtman_jacob I appreciate your input and have discussed this many months ago, Here is exceptional words from the lubavitcha rebbe that would probably support this.  https://t.co/Xg0QZtL4B4", "likes_count": 0, "replies_count": 1, "retweets_count": 0, "hashtags": []}
{"id": 1267966514918903810, "date": "2020-06-02", "time": "19:49:09", "tweet": "クリックして詳細見てみると25人とかになってるので、表示の問題かも？？しかし、人気の募集が視覚化されてる鬼畜仕様。N社A社とか50人近い応募ある  https://t.co/ZBQGdNjObF", "likes_count": 5, "replies_count": 1, "retweets_count": 9, "hashtags": []}
{"id": 1267966496141082626, "date": "2020-06-02", "time": "19:49:05", "tweet": "The media is the virus, the media is only going to show you what they want you to hear and see. Not everything is truly as black and white as you think it is. And that is the only input I have rn because I know I say anything people are going to come for me.", "likes_count": 2, "replies_count": 0, "retweets_count": 0, "hashtags": []}
{"id": 1267966449382981632, "date": "2020-06-02", "time": "19:48:53", "tweet": "He read a speech no doubt written by someone else and likely without any of his input. Again didn’t take questions from press. I’d hardly put this in the win column.", "likes_count": 0, "replies_count": 0, "retweets_count": 0, "hashtags": []}
{"id": 1267966395679039488, "date": "2020-06-02", "time": "19:48:41", "tweet": "@moonychildd We don’t know for a fact what yg meant or thought, that is the thing. We think he meant this or that, but the only one that can clarify it is him. Even analyzing it without his input of the thruth is just a guess we are making. :(", "likes_count": 0, "replies_count": 0, "retweets_count": 0, "hashtags": []}
{"id": 1267966353006366720, "date": "2020-06-02", "time": "19:48:30", "tweet": "@Bill_Seitz Bill, I knew exactly how you'd answer. You've always been consistent on this issue.  But anyways, thanks for your input.", "likes_count": 0, "replies_count": 0, "retweets_count": 0, "hashtags": []}
{"id": 1267966278326681601, "date": "2020-06-02", "time": "19:48:13", "tweet": "@LucasSims @eddyderisio @StreamerBans concordo 100% ... minha maior vontade sims era ta no input team gringo deles... pra poder resolver essa merda", "likes_count": 1, "replies_count": 1, "retweets_count": 0, "hashtags": []}
{"id": 1267966059040178177, "date": "2020-06-02", "time": "19:47:20", "tweet": "More details on deaths of 2 men in SPD custody; DA seeks citizen input:  https://t.co/M1gfIGQAdJ via @ktbs", "likes_count": 2, "replies_count": 0, "retweets_count": 0, "hashtags": []}
{"id": 1267966016430063616, "date": "2020-06-02", "time": "19:47:10", "tweet": "増えたね！良かった笑  https://t.co/Reomir6ykZ", "likes_count": 13, "replies_count": 1, "retweets_count": 7, "hashtags": []}
{"id": 1267965914357665792, "date": "2020-06-02", "time": "19:46:46", "tweet": "@rauzersg1 @POTUS Great input. I'm sure you've solved many a conflict with your profound use of the English language.", "likes_count": 1, "replies_count": 1, "retweets_count": 0, "hashtags": []}
{"id": 1267965829976555521, "date": "2020-06-02", "time": "19:46:26", "tweet": "@shellpartduex @FBI @NevadaAG @AaronDFordNV This is not really my place   I now what he did was criminal and i don’t know you at all but take his money in a civil suit all of it. Compensatory damages and pulling his license will hurt him more then jail. Sorry unwanted input I remember those icu ladies here most died  so.", "likes_count": 0, "replies_count": 0, "retweets_count": 0, "hashtags": []}
