{"id": 1269781080875298816, "date": "2020-06-07", "time": "19:59:35", "tweet": "Light and easy ride today. More input than output maybe 😂  https://t.co/cGYYNeSg6q", "likes_count": 0, "replies_count": 0, "retweets_count": 0, "hashtags": []}
{"id": 1269781042107318272, "date": "2020-06-07", "time": "19:59:26", "tweet": "@FutureUndocuDoc Thought about it but wanted to include facts about some of the under-recognized specialties to cover a spectrum. I also didn’t get much input about neuro-onc, but would be happy to add it on!", "likes_count": 0, "replies_count": 0, "retweets_count": 0, "hashtags": []}
{"id": 1269780907713495041, "date": "2020-06-07", "time": "19:58:54", "tweet": "@FutureBringer Thanks for your input! We'll take it into consideration!😂😂💙💙", "likes_count": 1, "replies_count": 0, "retweets_count": 0, "hashtags": []}
{"id": 1269780795352326151, "date": "2020-06-07", "time": "19:58:27", "tweet": "Alguien que haga boosteos de input lag y fps ?", "likes_count": 4, "replies_count": 1, "retweets_count": 0, "hashtags": []}
{"id": 1269780729849774083, "date": "2020-06-07", "time": "19:58:12", "tweet": "“Everyone is affected by three kinds of influences: input (what you feed your mind), associations (the people with whom you spend time), and environment (your surroundings).”   – Darren Hardy", "likes_count": 0, "replies_count": 0, "retweets_count": 0, "hashtags": []}
{"id": 1269780709373140992, "date": "2020-06-07", "time": "19:58:07", "tweet": "@DMdandanfieldng I agree Attack roll, have to roll to avoid  These cards are for the common good, so I don't make decisions based on what I want Just what helps the most people   For example, HEAT METAL is a spell that I think people would rather have in ATTACK category  I truly value your input!  https://t.co/yAZ6RfWA4F", "likes_count": 0, "replies_count": 0, "retweets_count": 0, "hashtags": []}
{"id": 1269780582449459201, "date": "2020-06-07", "time": "19:57:36", "tweet": "So ur boy been using stretch res and had ton of input delay since I launch the game and and never close it until I sleep = hell input delay GG😂", "likes_count": 1, "replies_count": 0, "retweets_count": 0, "hashtags": []}
{"id": 1269780561675063298, "date": "2020-06-07", "time": "19:57:31", "tweet": "SassyWineMama seeks hive mind input", "likes_count": 1, "replies_count": 0, "retweets_count": 0, "hashtags": []}
{"id": 1269780540019757056, "date": "2020-06-07", "time": "19:57:26", "tweet": "@hal555 流石っす", "likes_count": 0, "replies_count": 1, "retweets_count": 0, "hashtags": []}
{"id": 1269780457861906432, "date": "2020-06-07", "time": "19:57:07", "tweet": "@theautismdad @KashJackson2018 @tonyposnanski Reading the comments from Kash, it would probably be safer for his kids if he didn't have any input on their lives.", "likes_count": 2, "replies_count": 0, "retweets_count": 0, "hashtags": []}
{"id": 1269780436647129094, "date": "2020-06-07", "time": "19:57:02", "tweet": "@LaurenC175 @LauraLeeActor @Gerri11 @Mistressnancy @Venice311 @_simonhall Definitely needs a professional, which is why I asked @LauraLeeActor for input, she raises birds among other things. This whole article has a map of how much distance they've traveled.   https://t.co/L4XKCTqpTO", "likes_count": 2, "replies_count": 1, "retweets_count": 0, "hashtags": []}
{"id": 1269780427046191104, "date": "2020-06-07", "time": "19:56:59", "tweet": "@InPut_Bancho メガバンク系には何も期待してない最近。住宅ローンもネット銀行でした。", "likes_count": 1, "replies_count": 1, "retweets_count": 0, "hashtags": []}
{"id": 1269780369072689152, "date": "2020-06-07", "time": "19:56:46", "tweet": "@Fredowz @SoC7A Et bah tes doué alors psk perso jy arrive quen chargeant le dsmash et en préparant l'input avec la release La ca a l'air vraiment chaud", "likes_count": 0, "replies_count": 1, "retweets_count": 0, "hashtags": []}
{"id": 1269780014029066240, "date": "2020-06-07", "time": "19:55:21", "tweet": "@bfd126 @lstboss @C__DiLorenzo That is a valid point, thanks for your input. I don't have a solution but I appreciate you bringing it up", "likes_count": 0, "replies_count": 0, "retweets_count": 0, "hashtags": []}
{"id": 1269780013903044613, "date": "2020-06-07", "time": "19:55:21", "tweet": "@ScalieDerg Welp, I can give an example of this trade.   This dude right here just counter my trade, I was sending my SKOTN for his ES, he suddenly counter it as he add in my shaggy with 500 robux input, which it's pretty dumb as fuck.   Who the hell is that retard who making that kind trade  https://t.co/LRAzCTGWa4", "likes_count": 0, "replies_count": 0, "retweets_count": 0, "hashtags": []}
{"id": 1269780003811659776, "date": "2020-06-07", "time": "19:55:18", "tweet": "cant even have any damn input without people getting mad and yelling at me i swear i cant stand anyone anymore gn", "likes_count": 0, "replies_count": 0, "retweets_count": 0, "hashtags": []}
{"id": 1269779940498706432, "date": "2020-06-07", "time": "19:55:03", "tweet": "Small Library can help iOS Devs to display UIPickerView as Input view for UITextField  https://t.co/89VUvOTJvc #ios #iOSDev #mobileapps #uikit #programming #opensource", "likes_count": 0, "replies_count": 0, "retweets_count": 0, "hashtags": ["ios", "iosdev", "mobileapps", "uikit", "programming", "opensource"]}
{"id": 1269779849591296005, "date": "2020-06-07", "time": "19:54:42", "tweet": "@binary_input I am only 30 minutes into it but I will let you know.", "likes_count": 0, "replies_count": 0, "retweets_count": 0, "hashtags": []}
{"id": 1269779728220725249, "date": "2020-06-07", "time": "19:54:13", "tweet": "I woke up to a phone call at 8:00 the next morning (when they finally let him make a call; the arrest was around 10pm - imagine if we HAD been living together and he just never came home!). I had to input my credit card number in order to accept the call.", "likes_count": 1, "replies_count": 1, "retweets_count": 0, "hashtags": []}
{"id": 1269779604627247111, "date": "2020-06-07", "time": "19:53:43", "tweet": "@AndryGiles @DaveIrving99 @MATTP1949 @3GHtweets @njbtweet @EugeneSurratt @smarzeli @rln_nelson @GlennCarr6 @chimera414 @Ike_Kiefer @sarenc @ElectricElecti1 @roger_clague @Michael_D_Crow @CymaticWave @UvMeter @StormSignalSA @RedDragonFly19 @RegimeChangeBC @swcrisis @LindsayyuleS @Surfing_Yeti @mishasmaster2 @ClimatePoet @d_e_mol @chuzbucket @PlagueofProgs @AlbertaGrl @GillesnFio @lhougland53 @JJCrosstrainers @NikolovScience @mark_melbin @AltUS_ARC @Joe_Public2018 @johndowney @EtterWerner @janick_klossner @dvibrationz @majesticbanana @VeronicaTalbot9 @Tony__Heller @LynnFynn3 @GNotagain @Achilles_1985 @antechinus1 @DawnTJ90 @maves_megan @CarbonBrief Eli showed you why multiple absorbing layers result in a warmer surface if the heat input is constant. This is basic in industrial equipment. There are 7 layers shown in the image below. It is the mechanism for warming the surface by back radiation.  https://t.co/miSFOvHA8S", "likes_count": 4, "replies_count": 4, "retweets_count": 1, "hashtags": []}
{"id": 1269779579100467201, "date": "2020-06-07", "time": "19:53:37", "tweet": "@RachelNotley @AdrianaLaGrange No where do you see she isn't supporting public schools.  You always get negative because you never had any input.  It is you Rache, that spoiled the school boards with your free spending and never encourage any fiscal restraint and spending.  So now fault others....", "likes_count": 0, "replies_count": 0, "retweets_count": 0, "hashtags": []}
{"id": 1269779499585077253, "date": "2020-06-07", "time": "19:53:18", "tweet": "Renta! - Registration Step 1: Input Informationr is qq is-dwb  https://t.co/EKx4AlaQYk", "likes_count": 0, "replies_count": 0, "retweets_count": 0, "hashtags": []}
{"id": 1269779441678528512, "date": "2020-06-07", "time": "19:53:04", "tweet": "@fullmindflow I’ll look him up! Thank you so much for your input", "likes_count": 1, "replies_count": 0, "retweets_count": 0, "hashtags": []}
{"id": 1269779258177736706, "date": "2020-06-07", "time": "19:52:21", "tweet": "@zacharyfnbr input delay on stretched res", "likes_count": 0, "replies_count": 0, "retweets_count": 0, "hashtags": []}
{"id": 1269779209779580928, "date": "2020-06-07", "time": "19:52:09", "tweet": "@RriOlson Thank you for the input. I do take Reactine...I have for years...but this year my allergies are the worst they’ve ever been and I always wake up stuffed up...then I sneeze a ton all morning and go thru A LOT of tissue. I thought maybe it would help with that.", "likes_count": 0, "replies_count": 1, "retweets_count": 0, "hashtags": []}
{"id": 1269779124983410689, "date": "2020-06-07", "time": "19:51:49", "tweet": "@vincenttrain @LiquidDominate Thx for your input boomer", "likes_count": 6, "replies_count": 0, "retweets_count": 0, "hashtags": []}
{"id": 1269779101101031424, "date": "2020-06-07", "time": "19:51:43", "tweet": "@SithGamiing OMG I love helping people out too. I love when people ask me for advice or input on their work. There’s so much potential in all of these small streamers!!", "likes_count": 2, "replies_count": 0, "retweets_count": 0, "hashtags": []}
{"id": 1269778876621864970, "date": "2020-06-07", "time": "19:50:50", "tweet": "@sajidjavid Inherent in its’ comment is clearly the deep disregard brown folks have for black folks...hey listen brown chad we don’t want or need to input into our situation... sit this one out.... like for real save ur “big” brain ideas for another cause", "likes_count": 0, "replies_count": 0, "retweets_count": 0, "hashtags": []}
{"id": 1269778859836289028, "date": "2020-06-07", "time": "19:50:46", "tweet": "@randylus @Barchart Thank you! I appreciate your input.", "likes_count": 0, "replies_count": 0, "retweets_count": 0, "hashtags": []}
{"id": 1269778771705581570, "date": "2020-06-07", "time": "19:50:25", "tweet": "@youbetterdnce My mom has been watching CNN like a maniac. She said the way she heard it is that they're going to get rid of all the current officers and rebuild with input from the community.", "likes_count": 0, "replies_count": 1, "retweets_count": 0, "hashtags": []}
{"id": 1269778761123164165, "date": "2020-06-07", "time": "19:50:22", "tweet": " https://t.co/BWeP2QJRoP この辺の単語が分かると、四季報を見て 「読める！読めるぞ！！」 ってなります", "likes_count": 0, "replies_count": 1, "retweets_count": 0, "hashtags": []}
{"id": 1269778666931671041, "date": "2020-06-07", "time": "19:50:00", "tweet": "A3: I will work harder to deeply listen to those in my circles.  I will value their words and input through seeking to understand, not to respond.  I will make it a point to tell them the world is a better place with them in it and I am better for knowing them.  #teachpos", "likes_count": 9, "replies_count": 0, "retweets_count": 0, "hashtags": ["teachpos"]}
{"id": 1269778626439856129, "date": "2020-06-07", "time": "19:49:50", "tweet": "ひたすらinputする事で悦に浸る人は自分に必要か不要かは関係ないようです。 〜らしい、本で読んだ。が口癖", "likes_count": 1, "replies_count": 0, "retweets_count": 0, "hashtags": []}
{"id": 1269778435800469505, "date": "2020-06-07", "time": "19:49:05", "tweet": "@chantlove “We value the input from our past employees” lmaoooo LIE AGAIN", "likes_count": 0, "replies_count": 0, "retweets_count": 0, "hashtags": []}
{"id": 1269778156644257792, "date": "2020-06-07", "time": "19:47:58", "tweet": "More from @Axios. This is who Trump will ask about racial inequality:  \"President Trump will host a roundtable listening session with law enforcement on Monday, “to hear their challenges and input on how to fix racial inequality in American policing,”", "likes_count": 0, "replies_count": 0, "retweets_count": 0, "hashtags": []}
{"id": 1269778124859899906, "date": "2020-06-07", "time": "19:47:50", "tweet": "@SSBBubble I entered a tourney and lost to an eu young link. Hella input delay. His connection was fine but the distance made it unplayable.", "likes_count": 1, "replies_count": 1, "retweets_count": 0, "hashtags": []}
{"id": 1269778050079588352, "date": "2020-06-07", "time": "19:47:33", "tweet": "@Montanaa_24k Support I’m prob to late for input now tho", "likes_count": 1, "replies_count": 1, "retweets_count": 0, "hashtags": []}
{"id": 1269777897381920769, "date": "2020-06-07", "time": "19:46:56", "tweet": "@yoko7786289642 @mollyhf Thanks for your input bot  https://t.co/HD2Nh9GoKA", "likes_count": 0, "replies_count": 0, "retweets_count": 0, "hashtags": []}
{"id": 1269777869330251776, "date": "2020-06-07", "time": "19:46:50", "tweet": "Emote was finally input! Stream was worked on! Man it feels good to be a #twitchaffiliate @Twitch", "likes_count": 4, "replies_count": 0, "retweets_count": 1, "hashtags": ["twitchaffiliate"]}
{"id": 1269777849562456064, "date": "2020-06-07", "time": "19:46:45", "tweet": "@goose_mt @daddy_syo Sadly I don't have MK but I used to love it way back when we had an Xbox!! I'll post the stream stuff next week (hopefully I'll have made some improvements by then lmao, so many input errors)", "likes_count": 1, "replies_count": 1, "retweets_count": 0, "hashtags": []}
{"id": 1269777847578693636, "date": "2020-06-07", "time": "19:46:44", "tweet": "@UnbotheredMuch @SOTIEARRA @Langisms 1/2 I’m just here to drop a little splash of input and I’m a slide out...I feel like definitions might be playing a part in the disagreement...what you’re describing is being a victim of racism and or prejudice....you’re still black and a cop won’t think twice about light or dark", "likes_count": 2, "replies_count": 2, "retweets_count": 1, "hashtags": []}
{"id": 1269777736098332672, "date": "2020-06-07", "time": "19:46:18", "tweet": "@cloutgoddess69 @GContrucci @jk_rowling Definitely not transphobic. Thank you for your input and your snap judgement though! Have a wonderful day.", "likes_count": 3, "replies_count": 1, "retweets_count": 0, "hashtags": []}
{"id": 1269777730830315520, "date": "2020-06-07", "time": "19:46:17", "tweet": "What have you done to make yourself more beautiful every time you appear on TV?  Obviously, that doesn't take away from your highly intelligent input, but you're a soft voice in all this madness.", "likes_count": 0, "replies_count": 0, "retweets_count": 0, "hashtags": []}
{"id": 1269777683665354752, "date": "2020-06-07", "time": "19:46:05", "tweet": "Our group chat has run into an issue.  We are stuck between names and need you input:  Hold On A Minnette Or Granola Camp Cookies (Ps. We all love 13rw that’s why we have those two names just pick one and make our lives easier 😂😭)", "likes_count": 1, "replies_count": 2, "retweets_count": 0, "hashtags": []}
{"id": 1269777615423848448, "date": "2020-06-07", "time": "19:45:49", "tweet": "@milimidi @dennisdesantis I still get confused when people use the \"male female\" terminologywith jacks. Just call it input output or something. I spend t minutes looking at the damn XLR jacks like I'd the male the bit that goes into the Mic, or the but that goes into the amp?'", "likes_count": 2, "replies_count": 1, "retweets_count": 0, "hashtags": []}
{"id": 1269777577562058768, "date": "2020-06-07", "time": "19:45:40", "tweet": "@ECMcLaughlin OMG.  How will he even start. Maybe Mercedes Schlap will give some input.  She's great at retweeting the lowest racial bigotry.  Shows her true colors.  But we already knew that.", "likes_count": 1, "replies_count": 0, "retweets_count": 0, "hashtags": []}
{"id": 1269777562781319173, "date": "2020-06-07", "time": "19:45:36", "tweet": "@MrPerspicacity @KennyMag27 @EvelinStone69 Lester, nobody cares for your input. I know I didn’t ask.. You know nothing about this industry, yet you’re very opinionated as if any one of us cared. I’ve worked 9 years in this industry and I know the diff between a whistle blower and a habitual abuser.", "likes_count": 0, "replies_count": 1, "retweets_count": 0, "hashtags": []}
{"id": 1269777438701244416, "date": "2020-06-07", "time": "19:45:07", "tweet": "Cadets of NC145 - If you would like to participate in an online \"Testing Success\" class for Cadets taking online tests, I am planning to offer one in the next few weeks. Register and give input on your available times here:   https://t.co/qcj03bGuNG  https://t.co/sSGWNKV0mJ", "likes_count": 0, "replies_count": 0, "retweets_count": 0, "hashtags": []}
{"id": 1269777434775339010, "date": "2020-06-07", "time": "19:45:06", "tweet": "Whether it’s experiences you’ve had / heard of or absolutely anything else that has been said to or about you or somebody else. Any input you have is greatly appreciated", "likes_count": 2, "replies_count": 0, "retweets_count": 0, "hashtags": []}
{"id": 1269777223113818112, "date": "2020-06-07", "time": "19:44:15", "tweet": "言いたい事をネットで簡単に言えてしまう世の中じゃポインズン。余の中はエロゲ  おはようございます", "likes_count": 0, "replies_count": 1, "retweets_count": 0, "hashtags": []}
{"id": 1269777139991220224, "date": "2020-06-07", "time": "19:43:56", "tweet": "@PointyChicken @cumptydumpty @haasanbarclay Thanks Tommy,  definitely needed your input.", "likes_count": 0, "replies_count": 0, "retweets_count": 0, "hashtags": []}
{"id": 1269777065873534976, "date": "2020-06-07", "time": "19:43:38", "tweet": "@analthrasher900 thank you for you input analt tharsher 90", "likes_count": 1, "replies_count": 0, "retweets_count": 0, "hashtags": []}
{"id": 1269776960932077569, "date": "2020-06-07", "time": "19:43:13", "tweet": "@SDuncovered Can I have a \"reform\" option? Meaning strip it down and build it back with input from the community,  city council and Police. The Union must be destroyed and started over, no more clean slates for bad cops.", "likes_count": 1, "replies_count": 1, "retweets_count": 1, "hashtags": []}
{"id": 1269776866459648001, "date": "2020-06-07", "time": "19:42:50", "tweet": "@LINGS_UK Hey am I able to dm you ? - a friend is planning on writing an open letter to wilsons regarding all of these issues and systemic issues within the school and we’d love absolutely any input you or anyone you know is able to give towards this", "likes_count": 1, "replies_count": 1, "retweets_count": 0, "hashtags": []}
{"id": 1269776802420912129, "date": "2020-06-07", "time": "19:42:35", "tweet": "@adamajacoby @SueChapo Explains how #LNPCrimeFamily - The Council consists of 19 pax from across Aust. including a number of public office holders, reps from each state territory, &amp; community reps who are appointed by the GG on the recommendation of the PM.  Lizzy has no input.", "likes_count": 1, "replies_count": 0, "retweets_count": 0, "hashtags": ["lnpcrimefamily"]}
{"id": 1269776796028936199, "date": "2020-06-07", "time": "19:42:34", "tweet": "@jacoffey_ actually i don’t recall saying it was; creating ur twitter account solely to join the argument and bash holly just seemed a bit excessive, but thanks for ur input!", "likes_count": 0, "replies_count": 2, "retweets_count": 0, "hashtags": []}
{"id": 1269776736775884800, "date": "2020-06-07", "time": "19:42:20", "tweet": "無駄を減らしましょう！みたいにやってて、令和で振り返ったら実質なんもしてなかった平成", "likes_count": 0, "replies_count": 1, "retweets_count": 0, "hashtags": []}
{"id": 1269776659374321665, "date": "2020-06-07", "time": "19:42:01", "tweet": "@MLBTheShow my MLB The Show 20 is experiencing bad input lag with my buttons. When I swing it’s off by a couple seconds. Didn’t have this problem before when I got it on launch day and the couple months after. Tried deleting and re-downloading but didn’t help. Any suggestions?", "likes_count": 1, "replies_count": 3, "retweets_count": 0, "hashtags": []}
{"id": 1269776628193746946, "date": "2020-06-07", "time": "19:41:54", "tweet": "I feel like giving up. But I can’t bc it gives me a bad input:(", "likes_count": 2, "replies_count": 0, "retweets_count": 0, "hashtags": []}
{"id": 1269776516424048642, "date": "2020-06-07", "time": "19:41:27", "tweet": "@Odbe34 I'm in the middle of putting together a PhD proposal looking at leaders of the opposition so I'm sure your input would be valuable. Happy to chat over the phone/shype. Email is rather slow &amp; laborious.", "likes_count": 0, "replies_count": 1, "retweets_count": 0, "hashtags": []}
{"id": 1269776503945826304, "date": "2020-06-07", "time": "19:41:24", "tweet": "会計の地図｜チャーリー @tetsurokondoh #note  https://t.co/9I01cC8VUs   こちらも張っておきましょう", "likes_count": 0, "replies_count": 1, "retweets_count": 0, "hashtags": ["note"]}
{"id": 1269776469254983686, "date": "2020-06-07", "time": "19:41:16", "tweet": "@rtetwip @MichaelFitzmau1 Credible hard argument best put forward by Michael. Tired and boring rhetoric put forward by the usual “representatives”. Marc Mac Sharry in particular acting as a party puppet with no personal input.... carrying the party lines, boring!", "likes_count": 0, "replies_count": 0, "retweets_count": 0, "hashtags": []}
{"id": 1269776138345332736, "date": "2020-06-07", "time": "19:39:57", "tweet": "@SashaBeauloux @So_Lo_Guy Thanks for your suuuuuper important input", "likes_count": 1, "replies_count": 0, "retweets_count": 0, "hashtags": []}
{"id": 1269776111950577664, "date": "2020-06-07", "time": "19:39:51", "tweet": "@yopiedian_ @collegemenfess Jd input diform pekerjaan ytber gitu yakk", "likes_count": 1, "replies_count": 1, "retweets_count": 0, "hashtags": []}
{"id": 1269776035891077121, "date": "2020-06-07", "time": "19:39:32", "tweet": "@armandafitrian -- Maka transaksi akan terbatalkan otomatis oleh sistem dan dana akan dikembalikan kepada Kakak. Namun jika penjual sudah input nomor resi yang sesuai sebelum batas waktu yang ditentukan. Maka transaksi akan dilanjutkan kembali sesuai resi baru yang diinput ya. Thanks:)", "likes_count": 0, "replies_count": 0, "retweets_count": 0, "hashtags": []}
{"id": 1269776023735984129, "date": "2020-06-07", "time": "19:39:30", "tweet": "@Machiavelli2018 It'll be a big problem for him going forward. He's up against it, and couldn't afford to push an angry section of his support away. Caught between a rock &amp; a hard place politically, he'd have been wiser keeping his input benign.", "likes_count": 0, "replies_count": 0, "retweets_count": 0, "hashtags": []}
{"id": 1269775992903491584, "date": "2020-06-07", "time": "19:39:22", "tweet": "テレワークを快適にするアイテム「アームレスト」って使ってる？コレがPC作業を楽チンにするんだ…｜マイ定番スタイル  https://t.co/2CmKvm5fiX", "likes_count": 0, "replies_count": 0, "retweets_count": 0, "hashtags": []}
{"id": 1269775964722135041, "date": "2020-06-07", "time": "19:39:15", "tweet": "How to convert values in an input into an array of objects which get saved to local storage? [Votes: 2] #javascript #html #arrays  https://t.co/78eTD7P25O", "likes_count": 1, "replies_count": 0, "retweets_count": 5, "hashtags": ["javascript", "html", "arrays"]}
{"id": 1269775917275942913, "date": "2020-06-07", "time": "19:39:04", "tweet": "カード会社も似たような感じなんだよね。３か月前、基本電話対応とか。待たせて繋がらないでしょ。メールやチャットで返せる時返してよって思うんすよね・・・。後、フリーランス的には資料の保管期間が５年なので、５年前まではすぐ見れるようになってると嬉しいけど、これも資料請求して２週間文字数", "likes_count": 0, "replies_count": 2, "retweets_count": 0, "hashtags": []}
{"id": 1269775891808366599, "date": "2020-06-07", "time": "19:38:58", "tweet": "@armandafitrian Hai Kak Fitrian, mohon maaf atas ketidaknyamanannya. Bulan infokan bahwa jika penjual menginput resi yang tidak sesuai. Maka sistem akan memberikan waktu untuk unggah resi fisik yang sesuai ya. Jika penjual tidak input resi yang sesuai hingga batas waktu yang ditentukan. --", "likes_count": 0, "replies_count": 0, "retweets_count": 0, "hashtags": []}
{"id": 1269775883683770368, "date": "2020-06-07", "time": "19:38:56", "tweet": "@ozzifn input delay and game crashes apparently", "likes_count": 0, "replies_count": 1, "retweets_count": 0, "hashtags": []}
{"id": 1269775873240162308, "date": "2020-06-07", "time": "19:38:54", "tweet": "@TotterdellDavid @DKnight10000 That is extremely relevant to the massive worldwide BLM protests against police brutality in America in 2020, thank you for your input", "likes_count": 1, "replies_count": 1, "retweets_count": 0, "hashtags": []}
{"id": 1269775789563805697, "date": "2020-06-07", "time": "19:38:34", "tweet": "I fully know I can get elite 1, once again just losing shitty games by not concentrating from the start and a game where I conceded from input delay which pissed me off. Just such small things I need to twerk like not moving cbs too often :(  https://t.co/yjQp4CmGCd", "likes_count": 1, "replies_count": 0, "retweets_count": 0, "hashtags": []}
{"id": 1269775775349133312, "date": "2020-06-07", "time": "19:38:30", "tweet": "saya nok claim hok ni saing saya ni, biasanya dok claim sbb berat nok pikul HAHAHA doa ke aku status nge story aku pulok ada input keje haaha", "likes_count": 3, "replies_count": 0, "retweets_count": 1, "hashtags": []}
{"id": 1269775725898465280, "date": "2020-06-07", "time": "19:38:19", "tweet": "I bought a new dual shock 4 because all mine were shot and for some reason this one has a nearly raw analog input on the right stick. It goes from center, to a slight curve, to full 100% almost instantly. Wack.", "likes_count": 0, "replies_count": 0, "retweets_count": 0, "hashtags": []}
{"id": 1269775669170450432, "date": "2020-06-07", "time": "19:38:05", "tweet": "@SpecialCon_B @Ryan_Birnie @grandesromanoff @PoliceHour don't remember asking you for your input", "likes_count": 0, "replies_count": 0, "retweets_count": 0, "hashtags": []}
{"id": 1269775660710420480, "date": "2020-06-07", "time": "19:38:03", "tweet": "@FFBallAllDay Yeah me either besides that stretch towards the end of the season last year. But Arizona is going to run plenty I think so I think I’ll make the trade. Thanks for the input 🍻", "likes_count": 1, "replies_count": 0, "retweets_count": 0, "hashtags": []}
{"id": 1269775628221460481, "date": "2020-06-07", "time": "19:37:55", "tweet": "@godkarr @kuno_eu @Arteyyy_ ya,but you getting fucked there isnt some crazy controller stuff, entire lobby is at other side of the zone so youd be dead by any input when launching", "likes_count": 1, "replies_count": 0, "retweets_count": 0, "hashtags": []}
{"id": 1269775609963708416, "date": "2020-06-07", "time": "19:37:51", "tweet": "@Andrew78Mark @jill02863458 @AttorneyCrump Good input bottom line!", "likes_count": 0, "replies_count": 0, "retweets_count": 0, "hashtags": []}
{"id": 1269775603319762946, "date": "2020-06-07", "time": "19:37:49", "tweet": "@marilynk_ @NoAmandaStahp Apparently it's a Fortis problem, coming from a BC input line... which ... I dunno. Why would pieces of edmonton get hit?  Anyway, it sounds like things are turning back on.", "likes_count": 1, "replies_count": 2, "retweets_count": 0, "hashtags": []}
{"id": 1269775587301785600, "date": "2020-06-07", "time": "19:37:45", "tweet": "@XQ55 مرحبا أخ عبدالرحمن  لماذا لا نرى لابتوبات حديثة بمنافذ HDMI Input ؟ أليس ذلك ممكن فنيا ؟", "likes_count": 0, "replies_count": 0, "retweets_count": 0, "hashtags": []}
{"id": 1269775507236835328, "date": "2020-06-07", "time": "19:37:26", "tweet": "@ravinwashere Never trust user input", "likes_count": 0, "replies_count": 0, "retweets_count": 0, "hashtags": []}
{"id": 1269775304425451524, "date": "2020-06-07", "time": "19:36:38", "tweet": "WHS Parents!  Please provide your input to the district as we prepare to re-open in the fall!  @WellingtonHSFL", "likes_count": 9, "replies_count": 0, "retweets_count": 4, "hashtags": []}
{"id": 1269775294367490048, "date": "2020-06-07", "time": "19:36:36", "tweet": "@yetanotherday My mom has been watching CNN like a maniac. She said the way she heard it is that they're going to get rid of all the current officers and rebuild with input from the community.", "likes_count": 1, "replies_count": 0, "retweets_count": 0, "hashtags": []}
{"id": 1269775274905722881, "date": "2020-06-07", "time": "19:36:31", "tweet": "給付金の申請でも感じだけど  ・通帳  ネット経由だと近々3ヶ月までしかさか上れず、それ以降は申請で郵送。  freeeの連携で取引全部記録出来る様になったから大分楽になったけど。データベースのコスト？に影響してるかは不明すけど、、、", "likes_count": 1, "replies_count": 1, "retweets_count": 0, "hashtags": []}
{"id": 1269775274243059712, "date": "2020-06-07", "time": "19:36:31", "tweet": "@kylefox20 For sure. Definitely shows you are thinking out of the box. My personally rule is to use as little devices as possible to achieve your goal. I think anything that you can assign an input or output with a channel should be under devices.", "likes_count": 2, "replies_count": 0, "retweets_count": 0, "hashtags": []}
{"id": 1269775272640835584, "date": "2020-06-07", "time": "19:36:30", "tweet": "仮想的なPCのキーボードを映し出せる製品 Bluetooth接続で操作可能  https://t.co/3NLxnFplWb", "likes_count": 0, "replies_count": 0, "retweets_count": 0, "hashtags": []}
{"id": 1269775250977415170, "date": "2020-06-07", "time": "19:36:25", "tweet": "@GavinBarwell @Nigel_Farage Yeah we dont need your input on anything Barwell.", "likes_count": 0, "replies_count": 0, "retweets_count": 0, "hashtags": []}
{"id": 1269775199152545794, "date": "2020-06-07", "time": "19:36:13", "tweet": "@MahyarTousi @MahyarTousi screen shot of his page. He is supporting the Bristol mob. He has however condemned the defacing of Churchill  For info As we have no faith now in the police doing so we have set up our own memorial protection would welcome any input from you?  https://t.co/aY1veEEda9", "likes_count": 1, "replies_count": 1, "retweets_count": 0, "hashtags": []}
{"id": 1269775198812868612, "date": "2020-06-07", "time": "19:36:13", "tweet": "I think that option was binned after three weekends in a row of people flouting lockdown rules and going to the beach because the weather was nice. Also people will die as a result of white supremacy. Thanks for your input, Joseph. Everyone really appreciates it.", "likes_count": 5, "replies_count": 1, "retweets_count": 1, "hashtags": []}
{"id": 1269775161072316416, "date": "2020-06-07", "time": "19:36:04", "tweet": "@justfearIess thank u for the input!!!! I think that’s what I’m probably gonna do, I just gotta crunch the numbers to find exactly how much I need to donate for each sticker/sticker pack so I can make sure I’m donating all of the profits 🤠", "likes_count": 0, "replies_count": 1, "retweets_count": 0, "hashtags": []}
{"id": 1269775052775608321, "date": "2020-06-07", "time": "19:35:38", "tweet": "@NicoleAuerbach Coaches for so long have been autocratic that they set up a climate that works for some but having player input is better on all dimensions.", "likes_count": 0, "replies_count": 0, "retweets_count": 0, "hashtags": []}
{"id": 1269774934013874182, "date": "2020-06-07", "time": "19:35:10", "tweet": "@NEWS_MAKER Thoughts...  •Conflicting commands? •No hands-on contact team? •No less-lethal options? •Seemed indifferent with the preservation of life?  Kindred, any input?", "likes_count": 1, "replies_count": 0, "retweets_count": 0, "hashtags": []}
{"id": 1269774858692378625, "date": "2020-06-07", "time": "19:34:52", "tweet": "An important step. Will be important to do this properly with input from different/diverse groups.", "likes_count": 0, "replies_count": 0, "retweets_count": 0, "hashtags": []}
{"id": 1269774571634393092, "date": "2020-06-07", "time": "19:33:43", "tweet": "@Mitch22823515 @espn And notice, I did not diss him. I brought a point that his capital input has cause indirect distress amongst families because many idolized him. He never spoke on their behalf as a business so I still would like to kno why. But of course, u like to suck on the chode of ignorance", "likes_count": 0, "replies_count": 1, "retweets_count": 0, "hashtags": []}
{"id": 1269774509915156480, "date": "2020-06-07", "time": "19:33:29", "tweet": "Would love to hear his input on 2020", "likes_count": 0, "replies_count": 0, "retweets_count": 0, "hashtags": []}
{"id": 1269774402532642820, "date": "2020-06-07", "time": "19:33:03", "tweet": "@MoonKidStudio1 thank u for ur input!!!! 💖 i’m thinking later in the day as well!", "likes_count": 1, "replies_count": 0, "retweets_count": 0, "hashtags": []}
{"id": 1269774268130361344, "date": "2020-06-07", "time": "19:32:31", "tweet": "all the people who had their input in it , is dumb asf , it’s janky and it don’t benefit anyone that is a minority fucking ridiculous", "likes_count": 0, "replies_count": 0, "retweets_count": 0, "hashtags": []}
{"id": 1269774202753736705, "date": "2020-06-07", "time": "19:32:15", "tweet": "@byhannahjean ooo thank u for ur input! i was thinking later in the day to accommodate to all the time zones/getting off work etc.", "likes_count": 2, "replies_count": 1, "retweets_count": 0, "hashtags": []}
{"id": 1269774185632497665, "date": "2020-06-07", "time": "19:32:11", "tweet": "@nicholasrmiller @SenWarren @gregmroscoe Stay in your own country we don’t need you input!", "likes_count": 0, "replies_count": 0, "retweets_count": 0, "hashtags": []}
