{"id": 1285363827651907584, "date": "2020-07-20", "time": "19:59:52", "tweet": "レンダリングするためにシーンを開かないとならないってのが意味が分からないホント", "likes_count": 0, "replies_count": 1, "retweets_count": 0, "hashtags": []}
{"id": 1285363814180032513, "date": "2020-07-20", "time": "19:59:48", "tweet": "@bkbkbk All right, Brian, we'll definitely forward your comments to our team on your behalf. Feel free to share with us any further input you may have... we're just a tweet away!", "likes_count": 0, "replies_count": 0, "retweets_count": 0, "hashtags": []}
{"id": 1285363794605211648, "date": "2020-07-20", "time": "19:59:44", "tweet": "@Hxmza_12 that’s because hockey doesn’t get the attention mma does which means a lot of casual input if you know mma you know gsp is the goat", "likes_count": 0, "replies_count": 1, "retweets_count": 0, "hashtags": []}
{"id": 1285363719854317570, "date": "2020-07-20", "time": "19:59:26", "tweet": "@NVD_Phenom @TryhardJB That's why I'm suggesting different input options so that if someone throws you out of pressure, they COMMITTED to that and read you, not that they got lucky with a defensive tech and you flubbed", "likes_count": 0, "replies_count": 1, "retweets_count": 0, "hashtags": []}
{"id": 1285363652590100480, "date": "2020-07-20", "time": "19:59:10", "tweet": "@jihopevus and look at which cards you own and you can input for example the max level which is 50 and see if u can clear it with one of ur cards, it's a really good site and almost anyone who plays the game uses it. you don't waste any resources this way!", "likes_count": 1, "replies_count": 1, "retweets_count": 0, "hashtags": []}
{"id": 1285363531739693057, "date": "2020-07-20", "time": "19:58:41", "tweet": "I wish Marvel would just throw Capcom a big bag of money to develop MvC4 with minimal input from them in regards to the roster", "likes_count": 2, "replies_count": 1, "retweets_count": 0, "hashtags": []}
{"id": 1285363436755484677, "date": "2020-07-20", "time": "19:58:18", "tweet": "It’s definitely feeling like #YouGottaKnowItsTimeTo acknowledge your input has been received and it’s time to back off and shut up", "likes_count": 2, "replies_count": 0, "retweets_count": 2, "hashtags": ["yougottaknowitstimeto"]}
{"id": 1285363394506371074, "date": "2020-07-20", "time": "19:58:08", "tweet": "@jihopevus this is the best calculator!  https://t.co/hUwrzWHH3A, you have to input all ur cards + level and then u can select any chapter and it will tell u which cards give the most score and then u just use them, and if u cannot clear a chapter, u simply go into the card recommendation +", "likes_count": 1, "replies_count": 1, "retweets_count": 0, "hashtags": []}
{"id": 1285363356103147521, "date": "2020-07-20", "time": "19:57:59", "tweet": "@CMargaronis @lacadri34 appreciate the input.  the choice is Biden or Trump.  Don't you think another 30,000 deaths is going to add some terrifyingly realistic clarity to folks between now and November?  I do.", "likes_count": 0, "replies_count": 2, "retweets_count": 0, "hashtags": []}
{"id": 1285363350713638912, "date": "2020-07-20", "time": "19:57:58", "tweet": "Que bien se sie te estar en pc, 0 input lag :o", "likes_count": 2, "replies_count": 0, "retweets_count": 0, "hashtags": []}
{"id": 1285363277179097088, "date": "2020-07-20", "time": "19:57:40", "tweet": "@tomas_thuresson Jotack. Jag har fått input från både Bryssel och annat håll om olika bidrag. Tänker skriva en tidningsartikel om detta vid tillfälle.", "likes_count": 0, "replies_count": 0, "retweets_count": 0, "hashtags": []}
{"id": 1285363251463634945, "date": "2020-07-20", "time": "19:57:34", "tweet": "@GrizzlySuki LOVE the input! thank you!!", "likes_count": 1, "replies_count": 1, "retweets_count": 0, "hashtags": []}
{"id": 1285363117149630466, "date": "2020-07-20", "time": "19:57:02", "tweet": "@tomi23321 @WiseSBC @Matichu3 @GobanZT @ClairoPK @renja_z @JustGokuSBC @FridoSSB @PipeShu @SladePrice_ miss input xD", "likes_count": 0, "replies_count": 0, "retweets_count": 0, "hashtags": []}
{"id": 1285363090066792450, "date": "2020-07-20", "time": "19:56:56", "tweet": "KATANAは何であんなに爆速なんだろか？mayaは何であんなに激重なのか？ シェーディンググループみたいな感じでビューとレンダーでシェイプ切り替えたいけど、シェーダーでやれ的な感じなのかな？", "likes_count": 1, "replies_count": 1, "retweets_count": 0, "hashtags": []}
{"id": 1285363038854545410, "date": "2020-07-20", "time": "19:56:44", "tweet": "@KidBocaj Nothing it’s just less input delay", "likes_count": 1, "replies_count": 1, "retweets_count": 0, "hashtags": []}
{"id": 1285362990263472131, "date": "2020-07-20", "time": "19:56:32", "tweet": "@MustStopMS A7- All decisions have been mine based on input from family, doctor and friends. #ChatMS", "likes_count": 2, "replies_count": 0, "retweets_count": 0, "hashtags": ["chatms"]}
{"id": 1285362975294001158, "date": "2020-07-20", "time": "19:56:28", "tweet": "@idoccor Especially if the way it talks to hardware is interrupts from user input, which come whenever the user feels like it, that must be handled as quickly as possible and changes the state of pretty much anything and everything.", "likes_count": 0, "replies_count": 0, "retweets_count": 0, "hashtags": []}
{"id": 1285362972332748801, "date": "2020-07-20", "time": "19:56:28", "tweet": "@SimplyMeSCC @quiteadilemma Homeschooling is the way to go. Historically accurate curriculum, areas of focus with input from the students. K-12 was the biggest waste of my best years. I learned nothing.", "likes_count": 2, "replies_count": 3, "retweets_count": 0, "hashtags": []}
{"id": 1285362943731871746, "date": "2020-07-20", "time": "19:56:21", "tweet": "1. a robust #remotelearning plan with professional development for staff to support all students’ diverse learning needs, inclusive of a comprehensive social emotional approach, with expert input and collaboration from teachers and staff;  @GovPritzker", "likes_count": 2, "replies_count": 1, "retweets_count": 0, "hashtags": ["remotelearning"]}
{"id": 1285362845060943872, "date": "2020-07-20", "time": "19:55:57", "tweet": "A resolution is going to do nothing to make you better at the game, but if you really want less input delay just play 1600x900 and turn the sharpness up on nvidia/your monitor", "likes_count": 20, "replies_count": 4, "retweets_count": 1, "hashtags": []}
