{"id": 1213248642812796928, "date": "2020-01-03", "time": "18:59:52", "tweet": "What if you could input your product requirements into a intelligent system that could then generate thousands of designs to meet your targets for cost, quality, weight etc...  This game changing ability is already here and transforming the manufacturing process!  #Forsale  https://t.co/SqmmeIVOyX", "likes_count": 0, "replies_count": 0, "retweets_count": 0, "hashtags": ["forsale"]}
{"id": 1213248467117789185, "date": "2020-01-03", "time": "18:59:10", "tweet": "have to take back what I said about jammer lammy being bad. burned it onto a cd to try on my brothers PS1 and it plays fine. its scoring system is just REALLY not lenient enough for any sort of input lag like parappa 2", "likes_count": 0, "replies_count": 0, "retweets_count": 0, "hashtags": []}
{"id": 1213248450466238464, "date": "2020-01-03", "time": "18:59:06", "tweet": "The Best Mobile Game. Free Cash Rewards, just on Idle Miner! Then Download and Input My Referral Code: 64LMBD5 to Win Cash! https://t.co/vfcsinG6GJ", "likes_count": 0, "replies_count": 0, "retweets_count": 0, "hashtags": []}
{"id": 1213248437182849024, "date": "2020-01-03", "time": "18:59:03", "tweet": "@BetteMidler @ScottMorrisonMP  https://t.co/5ilESpOKGV   I'm sure you know more about my country than our experts here. Thanks for the input Bette", "likes_count": 0, "replies_count": 0, "retweets_count": 0, "hashtags": []}
{"id": 1213248192436953089, "date": "2020-01-03", "time": "18:58:04", "tweet": "@realJohnKempf @ndykmn John, bigger than what? Erosion is the not mentioned thing that destroys Soil. You know the problem with tillage, Soil gone does not nourish people.  Reduce input is the way to go, without reduce yield,  #dd #cultan #cstour20", "likes_count": 3, "replies_count": 1, "retweets_count": 0, "hashtags": ["dd", "cultan", "cstour20"]}
{"id": 1213248059540459520, "date": "2020-01-03", "time": "18:57:33", "tweet": "@KLDguitar PVA 18HM Series high gian Hand wired guitar amp based on Marshall TMB18 ,18w , high gain Mutli power selection amp(from 18w to 2w) for different usages, Hi-Lo input. Three 12ax7, two El 84 tubes. Output, 4 ohm, 8ohm, 16ohm.   https://t.co/vzTSGR4IYz", "likes_count": 0, "replies_count": 0, "retweets_count": 0, "hashtags": []}
{"id": 1213248028712136704, "date": "2020-01-03", "time": "18:57:25", "tweet": "@BreadmanBoxing Sounds like payday loans for boxers! Also paves way to financial peril later where manipulative promoters meet unscrupulous “managers”! Coming soon is a “source the crowd” seed fund for boxers to self manage their careers! Would love your input coach", "likes_count": 1, "replies_count": 0, "retweets_count": 0, "hashtags": []}
{"id": 1213248018465603589, "date": "2020-01-03", "time": "18:57:23", "tweet": "@IonaItalia @JeremyPhilosoph Mine too. I generally tend to disappear when my husband's friends or brothers come round coz I get so bored &amp; they'd be bored by my input. I tend to be suspicious of women who prefer men's company tho &amp; men who prefer women's. That's probably not fair of me.", "likes_count": 4, "replies_count": 4, "retweets_count": 0, "hashtags": []}
{"id": 1213247949410406400, "date": "2020-01-03", "time": "18:57:06", "tweet": "@UPS DID THIS GET PICKED UP? 1Z9758R17815070954 RETURN FOR AMAZON. ITEM IS GONE AND LABEL CUSTOMER RECEIPT LEFT AT DOOR. BUT SEEMS DRIVER DID NOT INPUT IN SYSTEM. AS IT SAYS  \"Scheduled for Pickup Today\" STILL.", "likes_count": 0, "replies_count": 0, "retweets_count": 0, "hashtags": []}
{"id": 1213247926740406273, "date": "2020-01-03", "time": "18:57:01", "tweet": "@3RLindeman Useful input, thanks", "likes_count": 0, "replies_count": 0, "retweets_count": 0, "hashtags": []}
{"id": 1213247765129650176, "date": "2020-01-03", "time": "18:56:22", "tweet": "4 expertos en comunicación digital nos dicen lo que viene en 2020 • La voz se consolida. Desde Siri en el iPhone, hasta Alexa, el uso de la voz como input en los sistemas de información cobra una mayor relevancia.  https://t.co/XsTfbohkOZ", "likes_count": 0, "replies_count": 0, "retweets_count": 0, "hashtags": []}
{"id": 1213247575945465856, "date": "2020-01-03", "time": "18:55:37", "tweet": "@rardk64 @jeffsimulator Did you play it on PC or console? I played it on console and there was a whole lot of input lag. Probably a lot better on PC", "likes_count": 0, "replies_count": 1, "retweets_count": 0, "hashtags": []}
{"id": 1213247559088689153, "date": "2020-01-03", "time": "18:55:33", "tweet": "@djc3105 @USPS Been missing mail since 12/16 with a tracking number.  They cant locate it and i get same message every time i input tracking number.", "likes_count": 0, "replies_count": 0, "retweets_count": 0, "hashtags": []}
{"id": 1213247500275961857, "date": "2020-01-03", "time": "18:55:19", "tweet": "@hoonchuckyai แต่รัฐธรรมนูฐของอเมริกา มันไม่ได้เหมือนของ ไทยนะครับที่เขียนไว้เพื่อพวกตัวเอง และ เอาจริงรูกกันว่า ประยุทธ์ ไม่ได้มาในระบอบประชาธิปไตย มันมาจากการรัฐประหาร แล้วให้คนออกแบบรัฐธรรมนูญที่มันฉีก มาเพื่อให้มันมีอำนาจต่อ ..เอามาเทียบกัยไม่ได้ input ต่าง ยังไง output ต่างกันครับ", "likes_count": 1, "replies_count": 0, "retweets_count": 1, "hashtags": []}
{"id": 1213247485851779072, "date": "2020-01-03", "time": "18:55:16", "tweet": "@cathrynanne24 If you have plugin capabilities, Recencio allows you to input reviews and automatically formats them. You can even make an index page like this 😊   https://t.co/gjsVgc8ITR", "likes_count": 1, "replies_count": 1, "retweets_count": 0, "hashtags": []}
{"id": 1213247381325697024, "date": "2020-01-03", "time": "18:54:51", "tweet": "@NickRH14 @Richard_rail The new trains will end the Pacers and provide more seats in the same train paths but what passengers really want is reliability in time keeping and trains to actually run. The last bit needs input from Network Rail and Burnham could provide help coming to a solution.", "likes_count": 0, "replies_count": 0, "retweets_count": 0, "hashtags": []}
{"id": 1213247346818990080, "date": "2020-01-03", "time": "18:54:43", "tweet": "Try BigCash: The Highest Paying Reward App ever! Make money quickly by downloading apps and games.The Best part is you can Exchange 2500 Points for $15 Paypal Cash or Amazon, GooglePlay, iTunes or Other Gift Cards. Please Input My Invitation Code q4vc1bea after installation...", "likes_count": 1, "replies_count": 0, "retweets_count": 0, "hashtags": []}
{"id": 1213247319468064768, "date": "2020-01-03", "time": "18:54:36", "tweet": "Four Mini Vortex Mixer models for gentle to high-speed mixing are available. Analog model offers variable speed control, and digital model allows input of the exact speed and time to achieve reproducible results.  https://t.co/SugM7lPqPN", "likes_count": 0, "replies_count": 0, "retweets_count": 0, "hashtags": []}
{"id": 1213247163930677248, "date": "2020-01-03", "time": "18:53:59", "tweet": "Calling all #agile teams. We’ve made it easier than ever to gather input and feedback during retrospectives, #sprint review, story estimation and more. Get the details:  https://t.co/7yrLUuKmwI. #scrummaster #QuickShare", "likes_count": 0, "replies_count": 0, "retweets_count": 0, "hashtags": ["agile", "sprint", "scrummaster", "quickshare"]}
{"id": 1213247142099378176, "date": "2020-01-03", "time": "18:53:54", "tweet": "@Dexerto @NICKMERCS because there really isn't droves people converting, there is a bunch of users who been grinding the SAME game for years now and they found a way to change it up w/o ruining their banks. years of experience means even w/ new input device you're going to do well.", "likes_count": 0, "replies_count": 0, "retweets_count": 0, "hashtags": []}
{"id": 1213247131848499206, "date": "2020-01-03", "time": "18:53:51", "tweet": "@swiftxstark So no I don’t think I’m fine. Thanks for the input though", "likes_count": 0, "replies_count": 0, "retweets_count": 0, "hashtags": []}
{"id": 1213246997639000067, "date": "2020-01-03", "time": "18:53:19", "tweet": "Why would he consult congress when dems focus for 3 years has been finding some, ANY reason,to impeach our President and negate the will of the people . Dems hate and jealousy of our President is not conducive to him seeking input of congress", "likes_count": 0, "replies_count": 0, "retweets_count": 0, "hashtags": []}
{"id": 1213246921462157314, "date": "2020-01-03", "time": "18:53:01", "tweet": "We don’t always acknowledge how much we need and value the input of others, but I think for writers in particular, social interaction is vitally important and something we need to remember to nurture.  https://t.co/3ycUYh9IbL  https://t.co/pYPiN3IzJP", "likes_count": 4, "replies_count": 0, "retweets_count": 0, "hashtags": []}
{"id": 1213246873831714817, "date": "2020-01-03", "time": "18:52:50", "tweet": "And... a series written with input from Bouchard.", "likes_count": 123, "replies_count": 1, "retweets_count": 2, "hashtags": []}
{"id": 1213246852923056134, "date": "2020-01-03", "time": "18:52:45", "tweet": "@BlueEarthMngmnt Thought you might be. But you really shouldn’t. Throwing the blog business back in your face was ridiculous and actually passive aggressive to you. I’ve always enjoyed reading your input as well the odd discussion that we have had.", "likes_count": 1, "replies_count": 1, "retweets_count": 0, "hashtags": []}
{"id": 1213246771335286785, "date": "2020-01-03", "time": "18:52:25", "tweet": "Only history will judge this decision, but this operation was conducted without the input of congress, without notifying ambassadors or allies who have people to protect in the region.  Congress must review the intelligence that Mr. Trump referred to.", "likes_count": 0, "replies_count": 0, "retweets_count": 0, "hashtags": []}
{"id": 1213246739181907968, "date": "2020-01-03", "time": "18:52:18", "tweet": "@DerpTheBugbear @maggieNYT Thanks for the input, one issue voter.", "likes_count": 4, "replies_count": 0, "retweets_count": 0, "hashtags": []}
{"id": 1213246697842888705, "date": "2020-01-03", "time": "18:52:08", "tweet": "Seeking input for the first stream of 2020! What should I play?", "likes_count": 1, "replies_count": 0, "retweets_count": 0, "hashtags": []}
{"id": 1213246445567893504, "date": "2020-01-03", "time": "18:51:08", "tweet": "@bobriard @ABRadFems @OpheliaRising7 @adviceforbernie @Women_Exist @BlanchardPhD Geez, don't you think it's up to women to decide what's fair and reasonable? No? You think a man has any input on this?", "likes_count": 6, "replies_count": 1, "retweets_count": 0, "hashtags": []}
{"id": 1213246417583714304, "date": "2020-01-03", "time": "18:51:01", "tweet": "@jaysellars85 @realandygoodwin Valuable input. Well done.", "likes_count": 0, "replies_count": 0, "retweets_count": 0, "hashtags": []}
{"id": 1213246189346283520, "date": "2020-01-03", "time": "18:50:07", "tweet": "What General in his right mind would take an UnConstituional order to start a WAR with NO CONCESSIONAL input?", "likes_count": 0, "replies_count": 0, "retweets_count": 0, "hashtags": []}
{"id": 1213246166269345792, "date": "2020-01-03", "time": "18:50:01", "tweet": "[Incomplete] Request For Input On Bernie Sanders  https://t.co/9fNQfIkHZU", "likes_count": 0, "replies_count": 0, "retweets_count": 0, "hashtags": []}
{"id": 1213246150272110592, "date": "2020-01-03", "time": "18:49:57", "tweet": "They continue to act in the shadows.  Did Putin have any input?  Or was this a distraction away from impeachment and new whistle blower report regarding Deutsche Bank and Russian backed loans + money laundering.", "likes_count": 1, "replies_count": 1, "retweets_count": 1, "hashtags": []}
{"id": 1213246102843088896, "date": "2020-01-03", "time": "18:49:46", "tweet": "What is your favorite type of merch?  We are working on some cool ideas but would love your input!", "likes_count": 1, "replies_count": 5, "retweets_count": 0, "hashtags": []}
{"id": 1213246011092504576, "date": "2020-01-03", "time": "18:49:24", "tweet": "@RepJimBanks @ChinaDaily Oh such a great input for brainwashing propaganda by the Communist China. But who’s gonna believe in those false news delivered by the CCP’s mouthpiece...", "likes_count": 2, "replies_count": 0, "retweets_count": 0, "hashtags": []}
{"id": 1213245925105324032, "date": "2020-01-03", "time": "18:49:04", "tweet": "McConnell: Pelosi Having Input on Senate Impeachment Trial a ‘Fantasy,’ ‘Non-Starter’ - by ⁦@mchastain81⁩ via ⁦@LegInsurrection⁩  https://t.co/uKh4aU1zrP", "likes_count": 1, "replies_count": 0, "retweets_count": 1, "hashtags": []}
{"id": 1213245855420960770, "date": "2020-01-03", "time": "18:48:47", "tweet": "@realDonaldTrump “Trump has been surveying people this morning about his authorization of a drone strike that killed Qasem Soleimani, according to multiple people  ...Trump has continued to fervently defend his decision. “ cuz NOW is when  u  ask for input.", "likes_count": 0, "replies_count": 0, "retweets_count": 0, "hashtags": []}
{"id": 1213245562637705221, "date": "2020-01-03", "time": "18:47:37", "tweet": "@Teeniebeanster @LetruneInedil @ItsKovy @SimonB1958 @MysterMetalGeek @EscapingAtheism You understanding of causality is limited. If it's an input for it's existence, it's a cause on the level of it's existence. You can't have math without observable reality. One must exist for the other to exist.", "likes_count": 0, "replies_count": 1, "retweets_count": 0, "hashtags": []}
{"id": 1213245532451135489, "date": "2020-01-03", "time": "18:47:30", "tweet": "@Brandon_Beaber @msingitup Physician specifically being neurologist with ongoing 3-6 month monitoring according to paper. So substantial input to put people on treatment if needed", "likes_count": 0, "replies_count": 0, "retweets_count": 0, "hashtags": []}
{"id": 1213245521172631552, "date": "2020-01-03", "time": "18:47:27", "tweet": "@HuffPostPol This is NOT how we do things in the USA. We do not make these kinds of decisions without input from Congress. This is NOT a dictatorship where Trump @realDonaldTrump does what he wants and informs whom he chooses! #RemoveTrump", "likes_count": 1, "replies_count": 0, "retweets_count": 0, "hashtags": ["removetrump"]}
{"id": 1213248642812796928, "date": "2020-01-03", "time": "18:59:52", "tweet": "What if you could input your product requirements into a intelligent system that could then generate thousands of designs to meet your targets for cost, quality, weight etc...  This game changing ability is already here and transforming the manufacturing process!  #Forsale  https://t.co/SqmmeIVOyX", "likes_count": 0, "replies_count": 0, "retweets_count": 0, "hashtags": ["forsale"]}
{"id": 1213248467117789185, "date": "2020-01-03", "time": "18:59:10", "tweet": "have to take back what I said about jammer lammy being bad. burned it onto a cd to try on my brothers PS1 and it plays fine. its scoring system is just REALLY not lenient enough for any sort of input lag like parappa 2", "likes_count": 0, "replies_count": 0, "retweets_count": 0, "hashtags": []}
{"id": 1213248450466238464, "date": "2020-01-03", "time": "18:59:06", "tweet": "The Best Mobile Game. Free Cash Rewards, just on Idle Miner! Then Download and Input My Referral Code: 64LMBD5 to Win Cash! https://t.co/vfcsinG6GJ", "likes_count": 0, "replies_count": 0, "retweets_count": 0, "hashtags": []}
{"id": 1213248437182849024, "date": "2020-01-03", "time": "18:59:03", "tweet": "@BetteMidler @ScottMorrisonMP  https://t.co/5ilESpOKGV   I'm sure you know more about my country than our experts here. Thanks for the input Bette", "likes_count": 0, "replies_count": 0, "retweets_count": 0, "hashtags": []}
{"id": 1213248192436953089, "date": "2020-01-03", "time": "18:58:04", "tweet": "@realJohnKempf @ndykmn John, bigger than what? Erosion is the not mentioned thing that destroys Soil. You know the problem with tillage, Soil gone does not nourish people.  Reduce input is the way to go, without reduce yield,  #dd #cultan #cstour20", "likes_count": 3, "replies_count": 1, "retweets_count": 0, "hashtags": ["dd", "cultan", "cstour20"]}
{"id": 1213248059540459520, "date": "2020-01-03", "time": "18:57:33", "tweet": "@KLDguitar PVA 18HM Series high gian Hand wired guitar amp based on Marshall TMB18 ,18w , high gain Mutli power selection amp(from 18w to 2w) for different usages, Hi-Lo input. Three 12ax7, two El 84 tubes. Output, 4 ohm, 8ohm, 16ohm.   https://t.co/vzTSGR4IYz", "likes_count": 0, "replies_count": 0, "retweets_count": 0, "hashtags": []}
{"id": 1213248028712136704, "date": "2020-01-03", "time": "18:57:25", "tweet": "@BreadmanBoxing Sounds like payday loans for boxers! Also paves way to financial peril later where manipulative promoters meet unscrupulous “managers”! Coming soon is a “source the crowd” seed fund for boxers to self manage their careers! Would love your input coach", "likes_count": 1, "replies_count": 0, "retweets_count": 0, "hashtags": []}
{"id": 1213248018465603589, "date": "2020-01-03", "time": "18:57:23", "tweet": "@IonaItalia @JeremyPhilosoph Mine too. I generally tend to disappear when my husband's friends or brothers come round coz I get so bored &amp; they'd be bored by my input. I tend to be suspicious of women who prefer men's company tho &amp; men who prefer women's. That's probably not fair of me.", "likes_count": 4, "replies_count": 4, "retweets_count": 0, "hashtags": []}
{"id": 1213247949410406400, "date": "2020-01-03", "time": "18:57:06", "tweet": "@UPS DID THIS GET PICKED UP? 1Z9758R17815070954 RETURN FOR AMAZON. ITEM IS GONE AND LABEL CUSTOMER RECEIPT LEFT AT DOOR. BUT SEEMS DRIVER DID NOT INPUT IN SYSTEM. AS IT SAYS  \"Scheduled for Pickup Today\" STILL.", "likes_count": 0, "replies_count": 0, "retweets_count": 0, "hashtags": []}
{"id": 1213247926740406273, "date": "2020-01-03", "time": "18:57:01", "tweet": "@3RLindeman Useful input, thanks", "likes_count": 0, "replies_count": 0, "retweets_count": 0, "hashtags": []}
{"id": 1213247765129650176, "date": "2020-01-03", "time": "18:56:22", "tweet": "4 expertos en comunicación digital nos dicen lo que viene en 2020 • La voz se consolida. Desde Siri en el iPhone, hasta Alexa, el uso de la voz como input en los sistemas de información cobra una mayor relevancia.  https://t.co/XsTfbohkOZ", "likes_count": 0, "replies_count": 0, "retweets_count": 0, "hashtags": []}
{"id": 1213247575945465856, "date": "2020-01-03", "time": "18:55:37", "tweet": "@rardk64 @jeffsimulator Did you play it on PC or console? I played it on console and there was a whole lot of input lag. Probably a lot better on PC", "likes_count": 0, "replies_count": 1, "retweets_count": 0, "hashtags": []}
{"id": 1213247559088689153, "date": "2020-01-03", "time": "18:55:33", "tweet": "@djc3105 @USPS Been missing mail since 12/16 with a tracking number.  They cant locate it and i get same message every time i input tracking number.", "likes_count": 0, "replies_count": 0, "retweets_count": 0, "hashtags": []}
{"id": 1213247500275961857, "date": "2020-01-03", "time": "18:55:19", "tweet": "@hoonchuckyai แต่รัฐธรรมนูฐของอเมริกา มันไม่ได้เหมือนของ ไทยนะครับที่เขียนไว้เพื่อพวกตัวเอง และ เอาจริงรูกกันว่า ประยุทธ์ ไม่ได้มาในระบอบประชาธิปไตย มันมาจากการรัฐประหาร แล้วให้คนออกแบบรัฐธรรมนูญที่มันฉีก มาเพื่อให้มันมีอำนาจต่อ ..เอามาเทียบกัยไม่ได้ input ต่าง ยังไง output ต่างกันครับ", "likes_count": 1, "replies_count": 0, "retweets_count": 1, "hashtags": []}
{"id": 1213247485851779072, "date": "2020-01-03", "time": "18:55:16", "tweet": "@cathrynanne24 If you have plugin capabilities, Recencio allows you to input reviews and automatically formats them. You can even make an index page like this 😊   https://t.co/gjsVgc8ITR", "likes_count": 1, "replies_count": 1, "retweets_count": 0, "hashtags": []}
{"id": 1213247381325697024, "date": "2020-01-03", "time": "18:54:51", "tweet": "@NickRH14 @Richard_rail The new trains will end the Pacers and provide more seats in the same train paths but what passengers really want is reliability in time keeping and trains to actually run. The last bit needs input from Network Rail and Burnham could provide help coming to a solution.", "likes_count": 0, "replies_count": 0, "retweets_count": 0, "hashtags": []}
{"id": 1213247346818990080, "date": "2020-01-03", "time": "18:54:43", "tweet": "Try BigCash: The Highest Paying Reward App ever! Make money quickly by downloading apps and games.The Best part is you can Exchange 2500 Points for $15 Paypal Cash or Amazon, GooglePlay, iTunes or Other Gift Cards. Please Input My Invitation Code q4vc1bea after installation...", "likes_count": 1, "replies_count": 0, "retweets_count": 0, "hashtags": []}
{"id": 1213247319468064768, "date": "2020-01-03", "time": "18:54:36", "tweet": "Four Mini Vortex Mixer models for gentle to high-speed mixing are available. Analog model offers variable speed control, and digital model allows input of the exact speed and time to achieve reproducible results.  https://t.co/SugM7lPqPN", "likes_count": 0, "replies_count": 0, "retweets_count": 0, "hashtags": []}
{"id": 1213247163930677248, "date": "2020-01-03", "time": "18:53:59", "tweet": "Calling all #agile teams. We’ve made it easier than ever to gather input and feedback during retrospectives, #sprint review, story estimation and more. Get the details:  https://t.co/7yrLUuKmwI. #scrummaster #QuickShare", "likes_count": 0, "replies_count": 0, "retweets_count": 0, "hashtags": ["agile", "sprint", "scrummaster", "quickshare"]}
{"id": 1213247142099378176, "date": "2020-01-03", "time": "18:53:54", "tweet": "@Dexerto @NICKMERCS because there really isn't droves people converting, there is a bunch of users who been grinding the SAME game for years now and they found a way to change it up w/o ruining their banks. years of experience means even w/ new input device you're going to do well.", "likes_count": 0, "replies_count": 0, "retweets_count": 0, "hashtags": []}
