{"id": 1258184761270550531, "date": "2020-05-06", "time": "19:59:57", "tweet": "@vhangie17 Hi Evangeline! Sorry to hear that. You may send us DM for us to further assist you. Or you can also view and print  it thru website just click on   https://t.co/jK2uvaT42N (input details) view/ print itinerary. For any booking related concerns, please send us DM. Thanks!", "likes_count": 0, "replies_count": 0, "retweets_count": 0, "hashtags": []}
{"id": 1258184751627882496, "date": "2020-05-06", "time": "19:59:55", "tweet": "@OMesmua No More Heroes feels a lot like a classic beat em up. Enemies and combat are fundamentally simple, but the few hits you do have are always snappy and satisfying, finishers have style AND function, and your ability to crowd control matters way more than complex-input styling.", "likes_count": 1, "replies_count": 0, "retweets_count": 0, "hashtags": []}
{"id": 1258184675237023744, "date": "2020-05-06", "time": "19:59:37", "tweet": "@FnSlayy @lukaa6492 @loganlacy24 @cloakzy @EpikWhale @bugha Yea true but i doubt they would ever do split input lobbies but i agree aim assist can seem unfair in certain situations", "likes_count": 0, "replies_count": 1, "retweets_count": 0, "hashtags": []}
{"id": 1258184570593316867, "date": "2020-05-06", "time": "19:59:12", "tweet": "@AndrewJMOhlson @DE7EN_MUA ooh thanks for the input! i’m convinced lol", "likes_count": 2, "replies_count": 0, "retweets_count": 0, "hashtags": []}
{"id": 1258184509746319360, "date": "2020-05-06", "time": "19:58:57", "tweet": "10万円給付されたら3Dio freespace買いますわ", "likes_count": 0, "replies_count": 0, "retweets_count": 0, "hashtags": []}
{"id": 1258184507363954688, "date": "2020-05-06", "time": "19:58:57", "tweet": "@amhtaylor @pzsydnetwork The teaching happening in my classes (online) has already changed (in my first lesson today) thanks for your input and for showing the possibilities. It is only taking small tweeks (mostly to my mindset) and adjustments to make a big impact.", "likes_count": 1, "replies_count": 0, "retweets_count": 0, "hashtags": []}
{"id": 1258184442193027073, "date": "2020-05-06", "time": "19:58:41", "tweet": "@joshua_menke Idk if you've been asked this before (or if you can even reveal it), but will Infinite have crossplay between PC and Xbox, and if yes, will it filter on input method (how Modern Warfare handles crossplay)?", "likes_count": 0, "replies_count": 1, "retweets_count": 0, "hashtags": []}
{"id": 1258184382726078465, "date": "2020-05-06", "time": "19:58:27", "tweet": "The first round of the most popular vinyl suggestions are in. Greatly appreciate all the input. Much better than the Choose 1985 Album that is still in my limited childhood collection. #vinyl #records #music…  https://t.co/8FQtE42Gax", "likes_count": 4, "replies_count": 1, "retweets_count": 0, "hashtags": ["vinyl", "records", "music"]}
{"id": 1258184369954451456, "date": "2020-05-06", "time": "19:58:24", "tweet": "自分で舐める音録ってて思ったんだけど、耳舐め上手い人って鼻息の処理どうしてるんだろう それともダミーヘッドマイクだと鼻息の音があんま入らないのかな", "likes_count": 0, "replies_count": 0, "retweets_count": 0, "hashtags": []}
{"id": 1258184363079958534, "date": "2020-05-06", "time": "19:58:22", "tweet": "@rebeccamihalic @BGLdot @DavidBoyar @PaulMeissner_ @FTTcommunity @nat_lennon @laduffie @Ron_Lesh @twosideshq @allinadvisory @ChangeGPS @Freedomentoring Let Adam provide some input @rebeccamihalic", "likes_count": 1, "replies_count": 0, "retweets_count": 0, "hashtags": []}
{"id": 1258184352812404738, "date": "2020-05-06", "time": "19:58:20", "tweet": "@itsjanetttt @BateHlacks @PrincessKikiBoo It's a tweet, how do u not expect to get input", "likes_count": 0, "replies_count": 0, "retweets_count": 0, "hashtags": []}
{"id": 1258184305022509062, "date": "2020-05-06", "time": "19:58:08", "tweet": "@Famimatsu Hmm, that's a good idea. Thanks for the input!", "likes_count": 1, "replies_count": 1, "retweets_count": 0, "hashtags": []}
{"id": 1258184303105568769, "date": "2020-05-06", "time": "19:58:08", "tweet": "@DJ_ILLIN_PAIN Where exactly did she get these supplies to fix it ?!?! 😆 also I don’t think a week is gonna undo all the damage sustained to that ship over a period of years 😂 (also thanks for your input 😊)", "likes_count": 0, "replies_count": 1, "retweets_count": 0, "hashtags": []}
{"id": 1258184251511627778, "date": "2020-05-06", "time": "19:57:56", "tweet": "@TheStolken Sorry i cant remeber how to do a low tier nut grab hit nack Hackysack b neutral side tater double helix input combo, i just like seeing funny hat man go “BUSTAH WOLF”", "likes_count": 0, "replies_count": 0, "retweets_count": 0, "hashtags": []}
{"id": 1258184175678558210, "date": "2020-05-06", "time": "19:57:38", "tweet": "@blackwomenviews Was waiting for this input and again you did not disappoint.  https://t.co/PMeff0HJ5E", "likes_count": 4, "replies_count": 1, "retweets_count": 0, "hashtags": []}
{"id": 1258184085819854848, "date": "2020-05-06", "time": "19:57:16", "tweet": "What is a Harvest?  1. A Harvest is a season or timeline in which things happen (Jeremiah 5:24)  2. A Harvest is a reward for your labour or input. This is preceded by the a season of seed time or sowing (Galatians 6:7)  #hopraise #church #ChurchOnline", "likes_count": 0, "replies_count": 1, "retweets_count": 0, "hashtags": ["hopraise", "church", "churchonline"]}
{"id": 1258184079427735552, "date": "2020-05-06", "time": "19:57:15", "tweet": "@DebBRVA @AndyBitterVT Thanks for the input nance!", "likes_count": 1, "replies_count": 0, "retweets_count": 0, "hashtags": []}
{"id": 1258184075308826626, "date": "2020-05-06", "time": "19:57:14", "tweet": "@ReplacementCorp do you have any of the IS31 Universal auxiliary audio FM input for any radios: iSimple PAC [PAC-IS31] in stock?!?", "likes_count": 0, "replies_count": 0, "retweets_count": 0, "hashtags": []}
{"id": 1258184011266043904, "date": "2020-05-06", "time": "19:56:58", "tweet": "@BrotherMothston I feel like to even have that thought they must be viewing the game in slow motion. Like their mind is like a cool lake and each input from the game is like a ripple on the surface of the water", "likes_count": 1, "replies_count": 1, "retweets_count": 0, "hashtags": []}
{"id": 1258183885973643265, "date": "2020-05-06", "time": "19:56:28", "tweet": "DJT do not confuse the public’s need for the CV Task Force as popularity for YOU! We need the info from the professionals without your input!", "likes_count": 0, "replies_count": 0, "retweets_count": 0, "hashtags": []}
