{"id": 1235716573849169921, "date": "2020-03-05", "time": "18:59:24", "tweet": "Join us for our March meeting at 6 pm this coming Monday, March 9, in the FMS library. We have lots to discuss since our February meeting was canceled and we need your input! Plus, a cabinet member of the WSD Board of Education will be joining us as well. See you then!  https://t.co/Yyo5EzH651", "likes_count": 2, "replies_count": 0, "retweets_count": 2, "hashtags": []}
{"id": 1235716491900850178, "date": "2020-03-05", "time": "18:59:04", "tweet": "Meeting #3 for the Vadnais-Snail Lake Master Plan is happening on March 19.   Come see concepts based on comments received at the first two public meetings and provide more input.  Let us know you're coming!  https://t.co/KfXByH4svP  https://t.co/yFbQ4YV3po", "likes_count": 2, "replies_count": 0, "retweets_count": 1, "hashtags": []}
{"id": 1235716392814391296, "date": "2020-03-05", "time": "18:58:41", "tweet": "@fionamjardine @PharmaLauren @Nickel_NC @CHRIManitoba @InnovationCA @Research_MB @fionamjardine - I value this input. How do you think we could modify?", "likes_count": 0, "replies_count": 1, "retweets_count": 0, "hashtags": []}
{"id": 1235716342277431296, "date": "2020-03-05", "time": "18:58:29", "tweet": "henlo, I will take all this into consideration ❤️ thanks to everyone who voted for their input", "likes_count": 1, "replies_count": 0, "retweets_count": 0, "hashtags": []}
{"id": 1235716253857144832, "date": "2020-03-05", "time": "18:58:08", "tweet": "acesにしたいのは、aces色空間でやりたい訳ではなく、acesワークフローをやりたい。規格化されてるシーンリニアワークフローだからカラーパイプラインが既に提供されてて、その恩恵を沢山受けれるのがとても良い", "likes_count": 2, "replies_count": 2, "retweets_count": 2, "hashtags": []}
{"id": 1235715868182667265, "date": "2020-03-05", "time": "18:56:36", "tweet": "@GlitchDeity Thanks, Matt. I appreciate your input, and you're not annoying me or anything, don't worry.", "likes_count": 1, "replies_count": 0, "retweets_count": 0, "hashtags": []}
{"id": 1235715772837556224, "date": "2020-03-05", "time": "18:56:13", "tweet": "Image-based OoD-Detector Principles on Graph-based Input Data in Human Action Recognition.  https://t.co/11JOMulkQP  https://t.co/AT84L5YtzN", "likes_count": 7, "replies_count": 0, "retweets_count": 1, "hashtags": []}
{"id": 1235715756454600705, "date": "2020-03-05", "time": "18:56:09", "tweet": "#Repost @lettsgarden with @get_repost ・・・ My latest for High Times on emergency preparedness for cannabis patients and partakers, with input and checklists from Dr. Lakisha Jenkins, Farmer Tom Lauerman, Jane Fix of…  https://t.co/MYM1LwF6eC", "likes_count": 2, "replies_count": 0, "retweets_count": 0, "hashtags": ["repost"]}
{"id": 1235715713995804672, "date": "2020-03-05", "time": "18:55:59", "tweet": "@MoojaRedux He can still be involved in helping to oversee the team while learning on the job from an experienced director in Rangnick. He would just have much less input about what players we sign and he would have to understand the direction to focus on mostly youth.", "likes_count": 0, "replies_count": 0, "retweets_count": 0, "hashtags": []}
{"id": 1235715682790019072, "date": "2020-03-05", "time": "18:55:51", "tweet": "@_MelJoe3 Twork need the crowd input for a performance he can’t can “talk” to someone in a battle to me", "likes_count": 0, "replies_count": 0, "retweets_count": 0, "hashtags": []}
{"id": 1235715608995561472, "date": "2020-03-05", "time": "18:55:34", "tweet": "@UnderGardener1 @CatrionaMcP I definitely will. Your input has been invaluable. Thank you so much for taking the the time. I hope others who might be worried sees this tweet.", "likes_count": 0, "replies_count": 0, "retweets_count": 0, "hashtags": []}
{"id": 1235715584643534848, "date": "2020-03-05", "time": "18:55:28", "tweet": "@Kelly_Madsen23 Sterling Maddox Jobe. Sterling just edged out Alejandro &amp; Romelu, but we value your input none the less! :)", "likes_count": 0, "replies_count": 1, "retweets_count": 0, "hashtags": []}
{"id": 1235715527399608320, "date": "2020-03-05", "time": "18:55:14", "tweet": "@KySportsRadio Or give me a call and we can talk directly anytime about the issues I’ve seen so far — you may have valuable input on a policy rationale for some of it.", "likes_count": 0, "replies_count": 2, "retweets_count": 0, "hashtags": []}
{"id": 1235715494788968448, "date": "2020-03-05", "time": "18:55:07", "tweet": "Ovista Polymer Battery Power Bank 2i with Fast Charging 20000 -mAh Slim Power Bank with Pocket Size with 5V/2A Fast Charging Micro &amp; Fast Charging Type c Input in Dual Port Powerbank (Black)  https://t.co/EUaxOX2mX5  https://t.co/YbzKv0IOAX", "likes_count": 0, "replies_count": 0, "retweets_count": 0, "hashtags": []}
{"id": 1235715452669591552, "date": "2020-03-05", "time": "18:54:57", "tweet": "'Asked whether the public wanted input into the decision between NZ Infra/CDPQ or NZTA, Twyford said he didn't think that was the case.' Er, when one option is a PPP that will suck a billion dollars a year out of our economy, YES WE BLOODY DO! @GreaterAKL @NZTAAkl @AklCouncil", "likes_count": 0, "replies_count": 1, "retweets_count": 0, "hashtags": []}
{"id": 1235715439017095168, "date": "2020-03-05", "time": "18:54:53", "tweet": "I almost fooled myself that this comes from BTS WORLD app  @netmarble  Hopefully u can follow the story trend and input it on the game 🙏", "likes_count": 0, "replies_count": 0, "retweets_count": 0, "hashtags": []}
{"id": 1235715412379267073, "date": "2020-03-05", "time": "18:54:47", "tweet": "@persiadavo pretty sure this was a question for ‘boys’ but thanks for the input", "likes_count": 2, "replies_count": 1, "retweets_count": 0, "hashtags": []}
{"id": 1235715369555329024, "date": "2020-03-05", "time": "18:54:37", "tweet": "⁦@DKThomp⁩ argues that “This crisis urgently requires the input and ideas of the generations that will be most affected by it.” Why Do Such Elderly People Run America? - ⁦@TheAtlantic⁩  https://t.co/JVeUSTfYCX", "likes_count": 0, "replies_count": 0, "retweets_count": 0, "hashtags": []}
{"id": 1235715206115921922, "date": "2020-03-05", "time": "18:53:58", "tweet": "@AtticusDavis also I don't mean this tweet in an aggressive way I appreciate ur input lol I just love to vent abt being neurotic", "likes_count": 0, "replies_count": 0, "retweets_count": 0, "hashtags": []}
{"id": 1235715193671495683, "date": "2020-03-05", "time": "18:53:55", "tweet": "might’ve just put a slightly aggressive statement on public sc directed at people who still feel the need to have an input...oop 😳😌", "likes_count": 2, "replies_count": 1, "retweets_count": 0, "hashtags": []}
