{"id": 1246588339408363520, "date": "2020-04-04", "time": "19:59:55", "tweet": "@lilkfish thank you for your input Kiley Fisher", "likes_count": 0, "replies_count": 1, "retweets_count": 0, "hashtags": []}
{"id": 1246588193400426497, "date": "2020-04-04", "time": "19:59:20", "tweet": "@ovolk12345667 @skg_18 Thanks for the input let us know when your next critique comes out on IMDB", "likes_count": 4, "replies_count": 0, "retweets_count": 0, "hashtags": []}
{"id": 1246588085091123207, "date": "2020-04-04", "time": "19:58:54", "tweet": "@ChanceDavidson7 That could be it! Thanks for the input!", "likes_count": 1, "replies_count": 1, "retweets_count": 0, "hashtags": []}
{"id": 1246588022763782144, "date": "2020-04-04", "time": "19:58:39", "tweet": "La cantidad de casos positivos no significa nada: es fundamental saber cómo se están aplicando las pruebas. Lectura muy explicativa.  https://t.co/9xhMIm4D17", "likes_count": 0, "replies_count": 0, "retweets_count": 0, "hashtags": []}
{"id": 1246587950382477312, "date": "2020-04-04", "time": "19:58:22", "tweet": "@OreoSusuKeju @uradn @bukalapaq @hericz betul. yg penting tuh punya dulu data yg reliable dan lengkap, format penyimpanan sih (IMO) asal compatible dg platform yg dipakai oleh data input dan integrator. Lah ini, ditanya data basic aja bingung...", "likes_count": 0, "replies_count": 1, "retweets_count": 1, "hashtags": []}
{"id": 1246587921064484865, "date": "2020-04-04", "time": "19:58:15", "tweet": "@lofgeezy @endgamegear The mouse feels wireless, I don't get why you want and need additional input lag", "likes_count": 1, "replies_count": 0, "retweets_count": 0, "hashtags": []}
{"id": 1246587916589182986, "date": "2020-04-04", "time": "19:58:14", "tweet": "How can I filter and mark words from an input without html markup being displayed?  https://t.co/3hHlqAZ5b7 #javascript #html #jquery  https://t.co/kNu52hXUbH", "likes_count": 0, "replies_count": 0, "retweets_count": 0, "hashtags": ["javascript", "html", "jquery"]}
{"id": 1246587915985014784, "date": "2020-04-04", "time": "19:58:14", "tweet": "@Toonimator @ScoutTheTrooper Lucas sold the property. His input no longer matters.", "likes_count": 1, "replies_count": 1, "retweets_count": 0, "hashtags": []}
{"id": 1246587909874102273, "date": "2020-04-04", "time": "19:58:12", "tweet": "@Tiffani_Bova @zoom_us @Xerox @Google @AlexOsterwalder @cindygallop @inspiremartech @TamaraMcCleary @ValaAfshar @briansolis @lochhead @TheCMOclub Absolutely.....no one is saying “Just ‘input other video brand name’ Me”", "likes_count": 0, "replies_count": 0, "retweets_count": 0, "hashtags": []}
{"id": 1246587904752857095, "date": "2020-04-04", "time": "19:58:11", "tweet": "@StevenScrivello •Incredible buildup •Fun characters •Gorgeous miniature work •Incredible creature designs •Fantastic score •Sweet action sequences •Original mangaka's input •Parts of said input got carried over into the manga  But imma disregard all that, cuz cool anime guy #78 is absent", "likes_count": 6, "replies_count": 1, "retweets_count": 0, "hashtags": []}
{"id": 1246587895974178817, "date": "2020-04-04", "time": "19:58:09", "tweet": "Well... I blame the man totally. Inasmuch as his input and work on d battery was significant, without the Melinda, he'll never never have tasted success. He could've done to d new lady wat he did to Melinda. Absolutely no reason to leave her. Nah.. No reason. #ACRIMONY", "likes_count": 1, "replies_count": 2, "retweets_count": 0, "hashtags": ["acrimony"]}
{"id": 1246587848477872128, "date": "2020-04-04", "time": "19:57:58", "tweet": "@lets_bekind @CDCgov Thanks for the input!", "likes_count": 0, "replies_count": 0, "retweets_count": 0, "hashtags": []}
{"id": 1246587583792140292, "date": "2020-04-04", "time": "19:56:55", "tweet": "@sicarium23 @albiondumsday Regolith in vacuum is actually an excellent insulator, though. If the habitat was buried, eventually the soil around it would get warm (because you do need an energy/heat source👍) and then shedding waste heat would become a problem. Need both energy input &amp; radiator output.", "likes_count": 0, "replies_count": 1, "retweets_count": 0, "hashtags": []}
{"id": 1246587580033966080, "date": "2020-04-04", "time": "19:56:54", "tweet": "@ArtbyAWOHS @GaryMiles_DN So Whitmer made up the state numbers on her own? With no input from state level experts? And I actually tend to lean toward the federal timeline on this, in terms of \"peak.\" But c'mon.", "likes_count": 0, "replies_count": 1, "retweets_count": 0, "hashtags": []}
{"id": 1246587558106144771, "date": "2020-04-04", "time": "19:56:48", "tweet": "@akashanav @fourth_nine If you go back &amp; look at transcripts from the first ~3 months after the 49ers hired Kyle, he mentioned in &gt;= 1 interview how he didn't want the 49ers to run their drafts like the time he spent in Atlanta &amp; Cleveland. He wanted the coaches, including himself, to have major input.", "likes_count": 1, "replies_count": 0, "retweets_count": 0, "hashtags": []}
{"id": 1246587439474528259, "date": "2020-04-04", "time": "19:56:20", "tweet": "@stepphhhX0 Thanks for ur input but you’re 66% wrong try again never", "likes_count": 0, "replies_count": 1, "retweets_count": 0, "hashtags": []}
{"id": 1246587246586638336, "date": "2020-04-04", "time": "19:55:34", "tweet": "jca@ modified lib/lib*: Make libcxxabi provide __register_frame, _Unwind_Backtrace and friends on sparc64 Discrepancy spotted in  https://t.co/tjEM0kydvW Input from gkoehler@, ok kettenis@ deraadt@", "likes_count": 0, "replies_count": 0, "retweets_count": 1, "hashtags": []}
{"id": 1246587210545037312, "date": "2020-04-04", "time": "19:55:26", "tweet": "@Devorah54 @DrEricDing Pence is not making the big decisions. Trump is, with heavy input from Jared.   Fauci wants a nationwide shutdown but Trump says no; where I’d Pence in this decision?", "likes_count": 0, "replies_count": 0, "retweets_count": 0, "hashtags": []}
{"id": 1246587177183608835, "date": "2020-04-04", "time": "19:55:18", "tweet": "I am your king! You cannot sell me insurance! I had some input on making you!", "likes_count": 0, "replies_count": 0, "retweets_count": 0, "hashtags": []}
{"id": 1246587114415960070, "date": "2020-04-04", "time": "19:55:03", "tweet": "@Tidgney @kieran_30 Thanks. Agree, you are creating muscle memory with a load cell under a proportional relation, however the non-linear input  scaling affects its behavior and end result. After changed T3PA to Clubsport V3 pedals, it is still the same. For sure more noticeable in the gas pedal.", "likes_count": 0, "replies_count": 0, "retweets_count": 0, "hashtags": []}
{"id": 1246587077350895618, "date": "2020-04-04", "time": "19:54:54", "tweet": "@chaserojo i was waiting for ur input", "likes_count": 0, "replies_count": 0, "retweets_count": 0, "hashtags": []}
{"id": 1246587004575498241, "date": "2020-04-04", "time": "19:54:37", "tweet": "@BerlingsBeard @infernal_glow Always great to have your input, Ken. Hope you're doing well, man.", "likes_count": 1, "replies_count": 1, "retweets_count": 0, "hashtags": []}
{"id": 1246586863067885568, "date": "2020-04-04", "time": "19:54:03", "tweet": "Amazon Echo Input Portable Review  https://t.co/L4IznVFzpB  https://t.co/heMRvJ3q0S", "likes_count": 0, "replies_count": 0, "retweets_count": 0, "hashtags": []}
{"id": 1246586738245394432, "date": "2020-04-04", "time": "19:53:33", "tweet": "@DawsOrion83 No. Our northern neighbors can see what those of us who didn't vote for Trump can see. Input welcome.", "likes_count": 1, "replies_count": 0, "retweets_count": 0, "hashtags": []}
{"id": 1246586722516951040, "date": "2020-04-04", "time": "19:53:29", "tweet": "Require fields, but not too many. Only require users to input what’s critical to the business. Asking them to input too much information will deter them from using Salesforce.  #dataquality #Salesforceadin #Awesomeadmin #Trailblazers", "likes_count": 0, "replies_count": 0, "retweets_count": 0, "hashtags": ["dataquality", "salesforceadin", "awesomeadmin", "trailblazers"]}
{"id": 1246586688337580037, "date": "2020-04-04", "time": "19:53:21", "tweet": "Y un dia despues... otra vez, me ha vuelto a pasar lo mismo, input lag a mi y a mis compañeros. Y ademas sin respuesta, vaya mierda de servicio y de empresa ...", "likes_count": 0, "replies_count": 0, "retweets_count": 0, "hashtags": []}
{"id": 1246586611682377730, "date": "2020-04-04", "time": "19:53:03", "tweet": "@YarnGeek I really appreciate your input. :)", "likes_count": 0, "replies_count": 0, "retweets_count": 0, "hashtags": []}
{"id": 1246586548486881281, "date": "2020-04-04", "time": "19:52:48", "tweet": "@johnastoehr Thanks John, I always enjoy reading your input. I’m not sure when I came by you but I’m glad it happened.", "likes_count": 1, "replies_count": 0, "retweets_count": 0, "hashtags": []}
{"id": 1246586504882933760, "date": "2020-04-04", "time": "19:52:37", "tweet": "Just added my input on how #COVID19 is affecting my day-to-day life; have your say!", "likes_count": 3, "replies_count": 0, "retweets_count": 0, "hashtags": ["covid19"]}
{"id": 1246586463468359680, "date": "2020-04-04", "time": "19:52:28", "tweet": "Their CD-i output of two Zelda games, &amp; DOS edutainment fps \"I.M. Meen\" have legendary internet meme fame, and their input in King's Quest 7 is fairly unmistakable. But did you know about their involvement with Knowledge Adventure, Brøderbund Software, and Davidson &amp; Associates?", "likes_count": 8, "replies_count": 1, "retweets_count": 1, "hashtags": []}
{"id": 1246586395562369024, "date": "2020-04-04", "time": "19:52:11", "tweet": "@Choco_strwbrry @gor_pepin @geloraco Pusat malas input atau sengaja...beda tipis .gk mau pake data dki", "likes_count": 0, "replies_count": 0, "retweets_count": 0, "hashtags": []}
{"id": 1246586070218784768, "date": "2020-04-04", "time": "19:50:54", "tweet": "@KKTV11News don't want to watch the president's Covid conferences anymore? Please don't show! I'm not going to watch them anymore because his input is not helpful!", "likes_count": 0, "replies_count": 0, "retweets_count": 0, "hashtags": []}
{"id": 1246586046009221126, "date": "2020-04-04", "time": "19:50:48", "tweet": "Negative Output Gets Negative Input. 🍇💯", "likes_count": 0, "replies_count": 0, "retweets_count": 0, "hashtags": []}
{"id": 1246585993311944705, "date": "2020-04-04", "time": "19:50:35", "tweet": "@Fat_Chants @TerenceMcKenna_ I would agree there’s an element of the parasitic in my own post and I can’t say what Terence would’ve thought about the memes, but I think they serve the purpose of alerting people to his work &amp; are mostly presented with fond respect. Just how I see it tho. Thanks for the input!", "likes_count": 0, "replies_count": 0, "retweets_count": 0, "hashtags": []}
{"id": 1246585851636834304, "date": "2020-04-04", "time": "19:50:02", "tweet": "@Prophet_Herbst @littlelee236 Agreed, thanks for your input!", "likes_count": 0, "replies_count": 0, "retweets_count": 0, "hashtags": []}
{"id": 1246585752420409344, "date": "2020-04-04", "time": "19:49:38", "tweet": "@CoachCal99 Great question! I've been using the myfitnesspal app to track calories. Helps make eating more numbers based and less 'feeling' based. Shocking to see how many calories are in things! And then I have a caloric input goal monday to friday. Saturday and Sunday I eat more.", "likes_count": 1, "replies_count": 0, "retweets_count": 0, "hashtags": []}
{"id": 1246585635890024448, "date": "2020-04-04", "time": "19:49:10", "tweet": "@nannfix234 Nah yg itu salah input eh salah ketik kale ya ??", "likes_count": 0, "replies_count": 0, "retweets_count": 0, "hashtags": []}
{"id": 1246585456717774848, "date": "2020-04-04", "time": "19:48:27", "tweet": "Thanks for the input 😒", "likes_count": 0, "replies_count": 1, "retweets_count": 0, "hashtags": []}
{"id": 1246585219194466304, "date": "2020-04-04", "time": "19:47:31", "tweet": "@BarrelThree7 I for one really enjoyed the women’s tag match. I would love a crown cause the ladies deserved one for that show they just put on. Would love Harry’s input Kirk? @kirkmin @kirkminshow", "likes_count": 0, "replies_count": 1, "retweets_count": 0, "hashtags": []}
{"id": 1246585215566446592, "date": "2020-04-04", "time": "19:47:30", "tweet": "Watching Corbin v Elias, and my mum’s only input is how impressed she is at Elias’ jeans for being wrestling compatible #WrestleMania #Wrestlemania36", "likes_count": 1, "replies_count": 0, "retweets_count": 0, "hashtags": ["wrestlemania", "wrestlemania36"]}
{"id": 1246588339408363520, "date": "2020-04-04", "time": "19:59:55", "tweet": "@lilkfish thank you for your input Kiley Fisher", "likes_count": 0, "replies_count": 1, "retweets_count": 0, "hashtags": []}
{"id": 1246588193400426497, "date": "2020-04-04", "time": "19:59:20", "tweet": "@ovolk12345667 @skg_18 Thanks for the input let us know when your next critique comes out on IMDB", "likes_count": 4, "replies_count": 0, "retweets_count": 0, "hashtags": []}
{"id": 1246588085091123207, "date": "2020-04-04", "time": "19:58:54", "tweet": "@ChanceDavidson7 That could be it! Thanks for the input!", "likes_count": 1, "replies_count": 1, "retweets_count": 0, "hashtags": []}
{"id": 1246588022763782144, "date": "2020-04-04", "time": "19:58:39", "tweet": "La cantidad de casos positivos no significa nada: es fundamental saber cómo se están aplicando las pruebas. Lectura muy explicativa.  https://t.co/9xhMIm4D17", "likes_count": 0, "replies_count": 0, "retweets_count": 0, "hashtags": []}
{"id": 1246587950382477312, "date": "2020-04-04", "time": "19:58:22", "tweet": "@OreoSusuKeju @uradn @bukalapaq @hericz betul. yg penting tuh punya dulu data yg reliable dan lengkap, format penyimpanan sih (IMO) asal compatible dg platform yg dipakai oleh data input dan integrator. Lah ini, ditanya data basic aja bingung...", "likes_count": 0, "replies_count": 1, "retweets_count": 1, "hashtags": []}
{"id": 1246587921064484865, "date": "2020-04-04", "time": "19:58:15", "tweet": "@lofgeezy @endgamegear The mouse feels wireless, I don't get why you want and need additional input lag", "likes_count": 1, "replies_count": 0, "retweets_count": 0, "hashtags": []}
{"id": 1246587916589182986, "date": "2020-04-04", "time": "19:58:14", "tweet": "How can I filter and mark words from an input without html markup being displayed?  https://t.co/3hHlqAZ5b7 #javascript #html #jquery  https://t.co/kNu52hXUbH", "likes_count": 0, "replies_count": 0, "retweets_count": 0, "hashtags": ["javascript", "html", "jquery"]}
{"id": 1246587915985014784, "date": "2020-04-04", "time": "19:58:14", "tweet": "@Toonimator @ScoutTheTrooper Lucas sold the property. His input no longer matters.", "likes_count": 1, "replies_count": 1, "retweets_count": 0, "hashtags": []}
{"id": 1246587909874102273, "date": "2020-04-04", "time": "19:58:12", "tweet": "@Tiffani_Bova @zoom_us @Xerox @Google @AlexOsterwalder @cindygallop @inspiremartech @TamaraMcCleary @ValaAfshar @briansolis @lochhead @TheCMOclub Absolutely.....no one is saying “Just ‘input other video brand name’ Me”", "likes_count": 0, "replies_count": 0, "retweets_count": 0, "hashtags": []}
{"id": 1246587904752857095, "date": "2020-04-04", "time": "19:58:11", "tweet": "@StevenScrivello •Incredible buildup •Fun characters •Gorgeous miniature work •Incredible creature designs •Fantastic score •Sweet action sequences •Original mangaka's input •Parts of said input got carried over into the manga  But imma disregard all that, cuz cool anime guy #78 is absent", "likes_count": 6, "replies_count": 1, "retweets_count": 0, "hashtags": []}
{"id": 1246587895974178817, "date": "2020-04-04", "time": "19:58:09", "tweet": "Well... I blame the man totally. Inasmuch as his input and work on d battery was significant, without the Melinda, he'll never never have tasted success. He could've done to d new lady wat he did to Melinda. Absolutely no reason to leave her. Nah.. No reason. #ACRIMONY", "likes_count": 1, "replies_count": 2, "retweets_count": 0, "hashtags": ["acrimony"]}
{"id": 1246587848477872128, "date": "2020-04-04", "time": "19:57:58", "tweet": "@lets_bekind @CDCgov Thanks for the input!", "likes_count": 0, "replies_count": 0, "retweets_count": 0, "hashtags": []}
{"id": 1246587583792140292, "date": "2020-04-04", "time": "19:56:55", "tweet": "@sicarium23 @albiondumsday Regolith in vacuum is actually an excellent insulator, though. If the habitat was buried, eventually the soil around it would get warm (because you do need an energy/heat source👍) and then shedding waste heat would become a problem. Need both energy input &amp; radiator output.", "likes_count": 0, "replies_count": 1, "retweets_count": 0, "hashtags": []}
{"id": 1246587580033966080, "date": "2020-04-04", "time": "19:56:54", "tweet": "@ArtbyAWOHS @GaryMiles_DN So Whitmer made up the state numbers on her own? With no input from state level experts? And I actually tend to lean toward the federal timeline on this, in terms of \"peak.\" But c'mon.", "likes_count": 0, "replies_count": 1, "retweets_count": 0, "hashtags": []}
{"id": 1246587558106144771, "date": "2020-04-04", "time": "19:56:48", "tweet": "@akashanav @fourth_nine If you go back &amp; look at transcripts from the first ~3 months after the 49ers hired Kyle, he mentioned in &gt;= 1 interview how he didn't want the 49ers to run their drafts like the time he spent in Atlanta &amp; Cleveland. He wanted the coaches, including himself, to have major input.", "likes_count": 1, "replies_count": 0, "retweets_count": 0, "hashtags": []}
{"id": 1246587439474528259, "date": "2020-04-04", "time": "19:56:20", "tweet": "@stepphhhX0 Thanks for ur input but you’re 66% wrong try again never", "likes_count": 0, "replies_count": 1, "retweets_count": 0, "hashtags": []}
{"id": 1246587246586638336, "date": "2020-04-04", "time": "19:55:34", "tweet": "jca@ modified lib/lib*: Make libcxxabi provide __register_frame, _Unwind_Backtrace and friends on sparc64 Discrepancy spotted in  https://t.co/tjEM0kydvW Input from gkoehler@, ok kettenis@ deraadt@", "likes_count": 0, "replies_count": 0, "retweets_count": 1, "hashtags": []}
{"id": 1246587210545037312, "date": "2020-04-04", "time": "19:55:26", "tweet": "@Devorah54 @DrEricDing Pence is not making the big decisions. Trump is, with heavy input from Jared.   Fauci wants a nationwide shutdown but Trump says no; where I’d Pence in this decision?", "likes_count": 0, "replies_count": 0, "retweets_count": 0, "hashtags": []}
{"id": 1246587177183608835, "date": "2020-04-04", "time": "19:55:18", "tweet": "I am your king! You cannot sell me insurance! I had some input on making you!", "likes_count": 0, "replies_count": 0, "retweets_count": 0, "hashtags": []}
{"id": 1246587114415960070, "date": "2020-04-04", "time": "19:55:03", "tweet": "@Tidgney @kieran_30 Thanks. Agree, you are creating muscle memory with a load cell under a proportional relation, however the non-linear input  scaling affects its behavior and end result. After changed T3PA to Clubsport V3 pedals, it is still the same. For sure more noticeable in the gas pedal.", "likes_count": 0, "replies_count": 0, "retweets_count": 0, "hashtags": []}
