{"id": 1263258184476655617, "date": "2020-05-20", "time": "19:59:56", "tweet": "@SpeakerPelosi Because of the poison pills you put in there.  I wouldn't vote for that partisan bill either . The fact that you(Democrats)  wrote this bill without gop input is insane. Sadly you will have sheep who do not look into why there's no vote. Smh alcoholic", "likes_count": 0, "replies_count": 0, "retweets_count": 0, "hashtags": []}
{"id": 1263258131229966336, "date": "2020-05-20", "time": "19:59:43", "tweet": "Input delay is a bitch", "likes_count": 0, "replies_count": 0, "retweets_count": 0, "hashtags": []}
{"id": 1263258102171910144, "date": "2020-05-20", "time": "19:59:36", "tweet": "If I could ask the cast of @cwwhoseline one question, I'd ask who they thought was the funniest amongst them.  I have a theory, but I'd prefer input first, especially from @Mangum1 @WayneBrady @WhoseRyanStiles @DrewFromTV @aishatyler @colinmochrie @GregProops @TheBradSherwood", "likes_count": 55, "replies_count": 26, "retweets_count": 0, "hashtags": []}
{"id": 1263258036749185024, "date": "2020-05-20", "time": "19:59:20", "tweet": "I asked for input, I got none", "likes_count": 0, "replies_count": 0, "retweets_count": 0, "hashtags": []}
{"id": 1263257900098572289, "date": "2020-05-20", "time": "19:58:48", "tweet": "Want to gain knowledge and at the same time earn free cash? Download #Cashzine App (Android user) or #Buzzmatch (iPhone user). Hey! input my invitation code: #6334758, you get 8000 coins instantly!", "likes_count": 0, "replies_count": 0, "retweets_count": 0, "hashtags": ["cashzine", "buzzmatch"]}
{"id": 1263257895845543938, "date": "2020-05-20", "time": "19:58:47", "tweet": "たこ焼きじゃなくて処理していないフグにすれば良かったと反省している…", "likes_count": 0, "replies_count": 0, "retweets_count": 0, "hashtags": []}
{"id": 1263257841143549952, "date": "2020-05-20", "time": "19:58:34", "tweet": "@DeRushaJ Has the governor held meetings with small business owners and religious leaders to get their input &amp; give his findings? If not, they may be questioning why big business has been open for a long time. 11 people in a huge church isn't allowed- hundreds in a box store are?", "likes_count": 6, "replies_count": 1, "retweets_count": 0, "hashtags": []}
{"id": 1263257808713035776, "date": "2020-05-20", "time": "19:58:26", "tweet": "hei, help me out with tokyo seventh sisters! input NjeQlQY in the referral campaign section!!! thanks a lot ♡ #t7s", "likes_count": 0, "replies_count": 0, "retweets_count": 0, "hashtags": ["t7s"]}
{"id": 1263257782213640195, "date": "2020-05-20", "time": "19:58:20", "tweet": "@CarolLensmire @p726 @mviser @BretBaier @WISN12News @realDonaldTrump How can you say Trump doesn't take input? Fauci has single handily destroyed the American economy with his wildly inaccurate models. Oh wait, you said an expert. Never mind.", "likes_count": 5, "replies_count": 2, "retweets_count": 1, "hashtags": []}
{"id": 1263257778581385219, "date": "2020-05-20", "time": "19:58:19", "tweet": " https://t.co/XCeWoFwBpy", "likes_count": 0, "replies_count": 0, "retweets_count": 0, "hashtags": []}
{"id": 1263257765298003974, "date": "2020-05-20", "time": "19:58:16", "tweet": "@_Morgy @ExzeroTV @BungieHelp Ok thanks for the input and maybe be nicer during this pandemic", "likes_count": 0, "replies_count": 1, "retweets_count": 0, "hashtags": []}
{"id": 1263257710398590977, "date": "2020-05-20", "time": "19:58:03", "tweet": "@RMinuski Please don't be offended by the input from a gay man The comparison is not really fair because the haircut is not the same.  You are super clean cut in the clean shaven pic I do have to say you make an amazing almost DILF, though  #absoluterespect #JustThinking", "likes_count": 0, "replies_count": 0, "retweets_count": 0, "hashtags": ["absoluterespect", "justthinking"]}
{"id": 1263257650021543941, "date": "2020-05-20", "time": "19:57:48", "tweet": "@PhyIum @Gavnin It sucks because of the input lag", "likes_count": 0, "replies_count": 0, "retweets_count": 0, "hashtags": []}
{"id": 1263257560708050944, "date": "2020-05-20", "time": "19:57:27", "tweet": "@hal555 人そのものは変わってないので、自分が目で見えて手の届く範囲でしかないので、石器時代から何も変わらないすよ。インターネッツでどんなに素晴らしいおっぱいに出会えても、手で触れれるおっぱいが最高です💞", "likes_count": 0, "replies_count": 0, "retweets_count": 0, "hashtags": []}
{"id": 1263257550931320832, "date": "2020-05-20", "time": "19:57:24", "tweet": "Moving from an input model to an output model:  https://t.co/o5Zp9wqTX1 #ThoughtLeadership #strategy", "likes_count": 0, "replies_count": 0, "retweets_count": 0, "hashtags": ["thoughtleadership", "strategy"]}
{"id": 1263257475723087872, "date": "2020-05-20", "time": "19:57:07", "tweet": "@RainwayApp I am using AirPods On an iPhone with an Xbox one controller and am unable to hear any audio. Yes, I’ve looked at the troubleshooting. Yes, my audio devices are the same on both the system and app. Yes, my phone is off silent mode. Any input/advice?", "likes_count": 0, "replies_count": 1, "retweets_count": 0, "hashtags": []}
{"id": 1263257450741809152, "date": "2020-05-20", "time": "19:57:01", "tweet": "@baumfran @CroakeyNews They announced this working group last week - called the Charity, Philanthropy and Fundraising Advisory Group, not sure how input going to be gathered  https://t.co/wcMaDGu8uX", "likes_count": 0, "replies_count": 0, "retweets_count": 0, "hashtags": []}
{"id": 1263257356793774080, "date": "2020-05-20", "time": "19:56:38", "tweet": "@LexxEzz @DNikolaizig @klee_lina Wie gesagt, werde mal beobachten und nachdenken. Danke für Ihren Input!", "likes_count": 0, "replies_count": 1, "retweets_count": 0, "hashtags": []}
{"id": 1263257125033213952, "date": "2020-05-20", "time": "19:55:43", "tweet": "@kravietz_ @hannes3242 @jeremiahku @SiLeeGPNI @GretaThunberg Nd Magnets make no sense in wind turbines, since they require variable speed generators. No permanent magnets at all, for turning a variable input speed into a constant AC frequency.", "likes_count": 0, "replies_count": 0, "retweets_count": 0, "hashtags": []}
{"id": 1263257104543969281, "date": "2020-05-20", "time": "19:55:38", "tweet": "@JohnBlecka It's a funny way to put it.  In a not funny subject.  Thank you for your input. Stay safe.", "likes_count": 0, "replies_count": 0, "retweets_count": 0, "hashtags": []}
