{"id": 1286813370906288129, "date": "2020-07-24", "time": "19:59:50", "tweet": "@elonmusk Always love the input of the super wealthy for what is best for the commoners", "likes_count": 1, "replies_count": 0, "retweets_count": 0, "hashtags": []}
{"id": 1286813208683188226, "date": "2020-07-24", "time": "19:59:11", "tweet": "@tombombadily @_reesenicol @parkthatcarson nobody asked for your input , yeah they’re public posts. No shit. If people feel like they want to share their story they’re gonna share it the way they would like to. You’re ASSUMING all of these ppl are gonna call them out by name. Maybe some aren’t comfortable doing so.", "likes_count": 1, "replies_count": 1, "retweets_count": 1, "hashtags": []}
{"id": 1286813187153760256, "date": "2020-07-24", "time": "19:59:06", "tweet": "An honest and poignant account by the brilliant Rudayna B. Our healthcare system needs a redesign through the input of folks with her experience along w/ Black and Indigenous experts. Must read!", "likes_count": 0, "replies_count": 0, "retweets_count": 0, "hashtags": []}
{"id": 1286813182959394816, "date": "2020-07-24", "time": "19:59:05", "tweet": "you see, money carries over racism: general public has the bulk-say meaning you really don't count; better to stay out than vote trump regardless of my input for he is a bad leader causing huge uproar in politics which does have a say.. do justice, God's will, his commandments.", "likes_count": 0, "replies_count": 0, "retweets_count": 0, "hashtags": []}
{"id": 1286813059802112001, "date": "2020-07-24", "time": "19:58:35", "tweet": "Input / called \"reception\" and output/ called \"production\". Spoken is also known as \"oral المدخلات تسمى مهارة استقبالية =لأني استقبلت المعلومة اما عن طريق= استماع او قراءة والمخرجات مهارة انتاجيه =تحدث وكتابة", "likes_count": 0, "replies_count": 0, "retweets_count": 0, "hashtags": []}
{"id": 1286812933717200897, "date": "2020-07-24", "time": "19:58:05", "tweet": "@mhames Why not? Content is king and I suspect our audiences seek input on value in many places, first being Google.", "likes_count": 1, "replies_count": 1, "retweets_count": 0, "hashtags": []}
{"id": 1286812917212385281, "date": "2020-07-24", "time": "19:58:01", "tweet": "hei, help me out with tokyo seventh sisters! input NjeQlQY in the referral campaign section!!! thanks a lot ♡ #t7s", "likes_count": 0, "replies_count": 0, "retweets_count": 0, "hashtags": ["t7s"]}
{"id": 1286812890389979140, "date": "2020-07-24", "time": "19:57:55", "tweet": "@PopTartDictator @soccer_cards @HobbyConnector @Hobby_Connect Not worried about that, appreciate the input though lol", "likes_count": 2, "replies_count": 0, "retweets_count": 0, "hashtags": []}
{"id": 1286812889702072320, "date": "2020-07-24", "time": "19:57:55", "tweet": "Ghost of Tsushima is pretty snappy for a 30 FPS game and TLOU2 is decidedly not. Not quite Rockstar levels but there's definitely some input lag that goes beyond just having weighty animations.", "likes_count": 0, "replies_count": 1, "retweets_count": 0, "hashtags": []}
{"id": 1286812829497151491, "date": "2020-07-24", "time": "19:57:41", "tweet": "@CohenAPStats Yes, I feel that way as well about time limits! (I think about my OWN attention span! hah!) I'm just wondering about \"other\" features, and since I am so new, I don't know what I don't know ... so, it's hard to draw a comparison without input from the amazing Twitterverse! :)", "likes_count": 1, "replies_count": 0, "retweets_count": 0, "hashtags": []}
{"id": 1286812733778927617, "date": "2020-07-24", "time": "19:57:18", "tweet": "Help @CanadaCouncil reimagine the arts by taking their survey! Your input will help them make strategic decisions about the next 5 years!   https://t.co/De7ej1AZQu", "likes_count": 2, "replies_count": 0, "retweets_count": 0, "hashtags": []}
{"id": 1286812625599332353, "date": "2020-07-24", "time": "19:56:52", "tweet": "@Britpopmemories Don’t take this as demeaning or anything. But I’d really like your input. I was chatting with a mate and we noticed that of the decades waves of British guitar pop music, somehow britpop was the one that had less lingering relevancy on further times. Like for instance (+)", "likes_count": 0, "replies_count": 1, "retweets_count": 0, "hashtags": []}
{"id": 1286812533387603970, "date": "2020-07-24", "time": "19:56:30", "tweet": "@FaZeMew FaZe input ??", "likes_count": 0, "replies_count": 0, "retweets_count": 0, "hashtags": []}
{"id": 1286812532175450113, "date": "2020-07-24", "time": "19:56:30", "tweet": "@michael_nielsen Might have to do this with Plato, all his dialogues work with question (input) and answer (output). You could bring a shadow of the form of Plato back to life", "likes_count": 1, "replies_count": 0, "retweets_count": 0, "hashtags": []}
{"id": 1286812461052690432, "date": "2020-07-24", "time": "19:56:13", "tweet": "@twtcheng If you are able to respond with your own thoughts and words, then seek input from others you trust before posting. If you are not able at this time, then retreat quietly and create your own professional name when able. Take very good care of yourself and good luck.", "likes_count": 7, "replies_count": 1, "retweets_count": 0, "hashtags": []}
{"id": 1286812358631763968, "date": "2020-07-24", "time": "19:55:48", "tweet": "@danstryy @ZooL_Smith @NVIDIAGeForce False. See your mouse and keyboard input is all registry based, that is sent to the cloud servers, it has no effect on input delay.  Refresh rate is hardware based, it merely just makes it much easier to have a reaction time that can poise more kills due to its smoothness.", "likes_count": 1, "replies_count": 0, "retweets_count": 0, "hashtags": []}
{"id": 1286812322783088640, "date": "2020-07-24", "time": "19:55:40", "tweet": "For those demanding more DFAT input into Australia’s strategic policy, here’s a plainly non-khaki, diplomatic contribution to the rules-based order and international law, “particularly UNCLOS”.", "likes_count": 15, "replies_count": 0, "retweets_count": 2, "hashtags": []}
{"id": 1286812267565035520, "date": "2020-07-24", "time": "19:55:27", "tweet": "@geekyfandoms1 Thanks for such input godddddd", "likes_count": 1, "replies_count": 0, "retweets_count": 0, "hashtags": []}
{"id": 1286812241979990017, "date": "2020-07-24", "time": "19:55:20", "tweet": "@_thisisjay my initial tweet was just a joke, friend. like I said, I completely understand why it’s expensive. I was just feeling a lil complain-y. I appreciate your input and am so glad that your therapist offers a scholarship program! that’s commendable :)", "likes_count": 0, "replies_count": 1, "retweets_count": 0, "hashtags": []}
{"id": 1286812225248940032, "date": "2020-07-24", "time": "19:55:16", "tweet": "@iamDestinez How can I get it please? I hope you make an update so you can input usernames.", "likes_count": 0, "replies_count": 1, "retweets_count": 0, "hashtags": []}
{"id": 1286812158982938624, "date": "2020-07-24", "time": "19:55:01", "tweet": "@million_input ギャップ萌えというか能ある鷹は爪を隠すというかそういうとこあるのいいよね", "likes_count": 0, "replies_count": 1, "retweets_count": 0, "hashtags": []}
{"id": 1286812080033730566, "date": "2020-07-24", "time": "19:54:42", "tweet": "Anyone living in Portland still shouldn't be considered very sane input subjects.", "likes_count": 0, "replies_count": 0, "retweets_count": 0, "hashtags": []}
{"id": 1286811932058456064, "date": "2020-07-24", "time": "19:54:07", "tweet": "How bad in the input delay for controller to iPad?? Someone please", "likes_count": 5, "replies_count": 3, "retweets_count": 0, "hashtags": []}
{"id": 1286811704060284931, "date": "2020-07-24", "time": "19:53:12", "tweet": "My final verdict is that Waves is the exact reason white people should not be telling black stories without the input of black people if at all.", "likes_count": 20, "replies_count": 1, "retweets_count": 0, "hashtags": []}
{"id": 1286811669545529346, "date": "2020-07-24", "time": "19:53:04", "tweet": "Thank you for your input mr. billionaire", "likes_count": 0, "replies_count": 0, "retweets_count": 0, "hashtags": []}
{"id": 1286811668941549570, "date": "2020-07-24", "time": "19:53:04", "tweet": "@the_centerfold Thanks for the input lol", "likes_count": 0, "replies_count": 0, "retweets_count": 0, "hashtags": []}
{"id": 1286811618358239233, "date": "2020-07-24", "time": "19:52:52", "tweet": "Every democrat says Trump is doing bad on Corona Virus but they have no input when they say they could do better?", "likes_count": 0, "replies_count": 0, "retweets_count": 0, "hashtags": []}
{"id": 1286811515526369280, "date": "2020-07-24", "time": "19:52:27", "tweet": "Can we talk about the hilarious energy that is people asking for a random favour out of the blue, you delivering that an answer with care, and then, weeks or months later, the person being like “oh sorry I didn’t respond I was really busy” like omg YOU ASKED ME FOR THIS INPUT?", "likes_count": 22, "replies_count": 1, "retweets_count": 0, "hashtags": []}
{"id": 1286811494416625667, "date": "2020-07-24", "time": "19:52:22", "tweet": "Web Input for Your FileMaker Apps   https://t.co/LfgV07PIK5  https://t.co/VT4btcsC49", "likes_count": 4, "replies_count": 0, "retweets_count": 0, "hashtags": []}
{"id": 1286811462212624385, "date": "2020-07-24", "time": "19:52:15", "tweet": "@Owlsyspeeps They are aware that they both love in that world and in the Theater and will make sure the OC stays true to the story and to them. They certainly won’t let us write if we don’t listen to their input, they really are the driving force behind the character and we control the world.", "likes_count": 1, "replies_count": 0, "retweets_count": 0, "hashtags": []}
{"id": 1286811405677625347, "date": "2020-07-24", "time": "19:52:01", "tweet": "@SethisCrib I really like playing her and yes I know a few, but on netplay some aren’t even worth going for for how input strict they are", "likes_count": 1, "replies_count": 1, "retweets_count": 0, "hashtags": []}
{"id": 1286811356440666112, "date": "2020-07-24", "time": "19:51:49", "tweet": "@onikactrI @sizzzzlee @Leafy Thank you for your input", "likes_count": 0, "replies_count": 0, "retweets_count": 0, "hashtags": []}
{"id": 1286811346881970178, "date": "2020-07-24", "time": "19:51:47", "tweet": "Also, I have a joke about bike lane planning, but after community input, it has been converted into an observation.", "likes_count": 25, "replies_count": 3, "retweets_count": 0, "hashtags": []}
{"id": 1286811326371725313, "date": "2020-07-24", "time": "19:51:42", "tweet": "District Ranger Terry Nevius of the Nez Perce-Clearwater National Forests’ Red River Ranger District invites the public to a virtual, collaborative meeting to solicit input for the development of the Limber Elk project.  https://t.co/edFrHa8EMJ", "likes_count": 3, "replies_count": 0, "retweets_count": 0, "hashtags": []}
{"id": 1286811319891443712, "date": "2020-07-24", "time": "19:51:41", "tweet": "@SilverAsh_txt Thank you for your input Mister.", "likes_count": 2, "replies_count": 0, "retweets_count": 0, "hashtags": []}
{"id": 1286811152383582209, "date": "2020-07-24", "time": "19:51:01", "tweet": "@maxo531 @TeeterBuilt @Mike_berckmoes @fuckleafy @James4Wainbody @flcnhvy @elonmusk You described an incredibly nuanced and arcane process in one sentence that even makes it SOUND nuanced and arcane, but then you simplify that process to \"what most people prefer.\" Obviously false? Most of the population essentially 0 input on urban planning, zoning, construction", "likes_count": 1, "replies_count": 1, "retweets_count": 0, "hashtags": []}
{"id": 1286811151188123648, "date": "2020-07-24", "time": "19:51:00", "tweet": "Sudoku Puzzle Game for iPhone:By putting in \"flick input mode\" that enables players to put digits 1 from 9 easily! https://t.co/fwivhr7IcX", "likes_count": 0, "replies_count": 0, "retweets_count": 0, "hashtags": []}
{"id": 1286811066652069889, "date": "2020-07-24", "time": "19:50:40", "tweet": "Today's Top FinTech Stories by @MikeYuhn FDIC: FIL-71-2020: FDIC Seeks Input on Potential Voluntary Certification Program to Promote New Technologies  https://t.co/2Z4b4AbNJO, see more  https://t.co/rgnYSl0FkG", "likes_count": 0, "replies_count": 0, "retweets_count": 0, "hashtags": []}
{"id": 1286810990424682496, "date": "2020-07-24", "time": "19:50:22", "tweet": "@Astro_Limno Or at least state wide. “Community” has a trademark so I thought maybe a local retail, but couldn’t find anything regarding that search either. The letter “d” reminded me of some gas rations, but still haven’t found anything definitive yet. Thanks for your input. :)", "likes_count": 0, "replies_count": 0, "retweets_count": 0, "hashtags": []}
{"id": 1286810726590484480, "date": "2020-07-24", "time": "19:49:19", "tweet": " https://t.co/iW87b3k2iN Aquí os dejo el vídeo donde se explica como poner la resolución secreta esa que llevan ahora todos los pros, sin que te de input lag ya que remplaza la nativa. Yo la estoy probando y si se nota mucho la diferencia.", "likes_count": 0, "replies_count": 0, "retweets_count": 0, "hashtags": []}
{"id": 1286810710803087361, "date": "2020-07-24", "time": "19:49:15", "tweet": "@lizaustinlc @Aayers10 @randalourita Can fans have some input on the songs?!?!  That should bring some spirited discussions!! 😂🤦‍♀️ My \"vote\" is no Dead Flowers and a bonus track of Good-bye &amp; Green Lights. 🤷‍♀️😂", "likes_count": 1, "replies_count": 1, "retweets_count": 0, "hashtags": []}
{"id": 1286810670726631429, "date": "2020-07-24", "time": "19:49:06", "tweet": "But that's really nuts. That's like purporting to have discovered perpetual motion - that an action once set in motion will continue forever without the input of more energy.", "likes_count": 22, "replies_count": 1, "retweets_count": 0, "hashtags": []}
{"id": 1286810603546390529, "date": "2020-07-24", "time": "19:48:50", "tweet": "Finally got around to adding right trigger as a jump input, for players who like to move the camera around while jumping. I think it works well.  https://t.co/PsaAmGEorE", "likes_count": 13, "replies_count": 1, "retweets_count": 1, "hashtags": []}
{"id": 1286810535074430976, "date": "2020-07-24", "time": "19:48:34", "tweet": "factory resetted my PC and now I feel less input delay wtf? can actually edit better", "likes_count": 18, "replies_count": 3, "retweets_count": 0, "hashtags": []}
{"id": 1286810509702914048, "date": "2020-07-24", "time": "19:48:27", "tweet": "@miwawuci I'm honestly glad people are responding to this thread! I wasn't expecting it to take off like it does now but I hope everyone's input can provide all of us, mlm or non-mlm, with valuable insight!", "likes_count": 2, "replies_count": 0, "retweets_count": 0, "hashtags": []}
{"id": 1286810272728879104, "date": "2020-07-24", "time": "19:47:31", "tweet": "@kring_pajak @DitjenPajakRI pagi min...mau tanya awalnya input 010.002xxxxxxxx trus di upload, reject keterangannya faktur tidak ditemukan atau sudah diganti, trus saya input lagi faktur penggantinya yang no 011.002xxxxxxxxxx tapi ga mau juga...lihat gambar ya min..  https://t.co/5OQ7QN2mXz", "likes_count": 0, "replies_count": 1, "retweets_count": 0, "hashtags": []}
{"id": 1286810238486827016, "date": "2020-07-24", "time": "19:47:23", "tweet": "@JaNkiiii0 @advisek_fn to ze ze skalowaniem masz wiekszy input lag, nic to nie daje, a bez skalowania jest mniejszy, i jest tak jakbyc powinno? masz poradnik jak chcesz  https://t.co/HfJX9F1WST ja nie umiem wytlumaczyc", "likes_count": 0, "replies_count": 2, "retweets_count": 0, "hashtags": []}
{"id": 1286810034014281728, "date": "2020-07-24", "time": "19:46:34", "tweet": "@youloveussmile Thank you for input! Will absolutely read into. I’m not a political scientist , so all info absolutely gets its due diligence.", "likes_count": 0, "replies_count": 1, "retweets_count": 0, "hashtags": []}
{"id": 1286809861578203141, "date": "2020-07-24", "time": "19:45:53", "tweet": "Great input @TheMendozaWoman on the LLA Black Lives Matter: is the labour party institutionally racist. socialism has to involve black people and solidarity with them!", "likes_count": 0, "replies_count": 0, "retweets_count": 0, "hashtags": []}
{"id": 1286809850299559936, "date": "2020-07-24", "time": "19:45:50", "tweet": "@shannonrusso73 @itsbecrose Hahaha single sentence retort? Thanks for the useless input", "likes_count": 0, "replies_count": 0, "retweets_count": 0, "hashtags": []}
{"id": 1286809826631221248, "date": "2020-07-24", "time": "19:45:45", "tweet": "@SmolFluffyCloud As it’s a simulation, it won’t require as much input as game 1 did. It’s cool if you don’t wanna play tho!", "likes_count": 1, "replies_count": 1, "retweets_count": 0, "hashtags": []}
{"id": 1286809685052608512, "date": "2020-07-24", "time": "19:45:11", "tweet": "@bigeggsy I GAVE YOU INPUT", "likes_count": 1, "replies_count": 0, "retweets_count": 0, "hashtags": []}
{"id": 1286809657051361280, "date": "2020-07-24", "time": "19:45:04", "tweet": "@ThisIsMissEm mapInputToOutput with whatever the name of the input is and whatever the name of the output is. If it’s obvious what the input is from to text I would call it mapToOuput. And if it’s obvious what the output is I’d call it mapInput", "likes_count": 1, "replies_count": 1, "retweets_count": 0, "hashtags": []}
{"id": 1286809620552572928, "date": "2020-07-24", "time": "19:44:55", "tweet": "@k10_leigh Well the woman always has a say on facial hair.  My ex-gf always had input.", "likes_count": 0, "replies_count": 1, "retweets_count": 0, "hashtags": []}
{"id": 1286809618182799360, "date": "2020-07-24", "time": "19:44:55", "tweet": "@PeuzFN Nn da input lag 240hz no Xbox?", "likes_count": 0, "replies_count": 0, "retweets_count": 0, "hashtags": []}
{"id": 1286809604081451014, "date": "2020-07-24", "time": "19:44:52", "tweet": "the direction of communication (input or output) اتجاه او شكل التواصل اما أن يكون تواصل على شكل مدخلات او على شكل مخرجات   يعني القراءة والاستماع تسمى مدخلات وايضا تسمى مهارة استقبالية", "likes_count": 0, "replies_count": 0, "retweets_count": 0, "hashtags": []}
{"id": 1286809591045664768, "date": "2020-07-24", "time": "19:44:48", "tweet": "acabei de ver aqui, tem varios modelos de dvi, tem um q da input e imagem pior, o meu nao da muita diferenca pra hdmi quase nada, so um pouco de qualidade a menos mas imperceptivel e nao da input, ent dvi e uma opcao bem boa na real mas hdmi e mlr", "likes_count": 0, "replies_count": 0, "retweets_count": 0, "hashtags": []}
{"id": 1286809533231267840, "date": "2020-07-24", "time": "19:44:35", "tweet": "@Foone @lazygamereviews But, like, with a normal relay input [not just overcurrent protection or whatever normally trips a circuit breaker]?", "likes_count": 0, "replies_count": 1, "retweets_count": 0, "hashtags": []}
{"id": 1286809475735859202, "date": "2020-07-24", "time": "19:44:21", "tweet": "@tj99er And previously indivisible sources of input were cleaved in two by those who sought to exploit the abnormalities of reality.", "likes_count": 2, "replies_count": 0, "retweets_count": 0, "hashtags": []}
{"id": 1286809390113153024, "date": "2020-07-24", "time": "19:44:01", "tweet": "@PercyKaren I’m fairness to PR, that’s just bad mail merging.  Bad use of input fields.  The industry matters not...", "likes_count": 0, "replies_count": 0, "retweets_count": 0, "hashtags": []}
{"id": 1286809365266288641, "date": "2020-07-24", "time": "19:43:55", "tweet": "@ianhandsup eh it still gets a noticeable input lag for me, plus you have to log in to all the games you paly everytime you wanna play them (eg. fortnite, you have to log into epic games each time), so that's just a hassel", "likes_count": 2, "replies_count": 1, "retweets_count": 0, "hashtags": []}
{"id": 1286809352599298049, "date": "2020-07-24", "time": "19:43:52", "tweet": "Speaking of which, the screenplay was reason enough for me (and plenty of others) to get so passionate about it. The screenwriter, @SamuelThornbury was very creatively involved in this production and his input was pivotal to making this episode such a success.", "likes_count": 10, "replies_count": 2, "retweets_count": 0, "hashtags": []}
{"id": 1286809258730958848, "date": "2020-07-24", "time": "19:43:29", "tweet": "@kingarthuredits acabei de ver aqui, tem varios modelos de dvi, tem um q da input e imagem pior, o meu nao da muita diferenca pra hdmi quase nada, so um pouco de qualidade a menos mas imperceptivel e nao da input", "likes_count": 0, "replies_count": 0, "retweets_count": 0, "hashtags": []}
{"id": 1286809186576166913, "date": "2020-07-24", "time": "19:43:12", "tweet": "@freerangewent i love you thank you for your thoughts &amp; input on this bc you clarified some things i'd been pondering... the brain bees are a-buzzin'", "likes_count": 0, "replies_count": 0, "retweets_count": 0, "hashtags": []}
{"id": 1286809144222048257, "date": "2020-07-24", "time": "19:43:02", "tweet": "@SamsonLi7 Appreciate the input, my God of Wealth🙏👍", "likes_count": 1, "replies_count": 0, "retweets_count": 0, "hashtags": []}
{"id": 1286809055227523078, "date": "2020-07-24", "time": "19:42:41", "tweet": "Leaders: If your plans for the fall will be presented as breaking news to teachers or parents, take a pause.  Get input and feedback before moving forward.  If you get others to weigh in you won’t have to work to get buy in.  https://t.co/RK8Aqc87Yp", "likes_count": 0, "replies_count": 0, "retweets_count": 0, "hashtags": []}
{"id": 1286808743540166663, "date": "2020-07-24", "time": "19:41:26", "tweet": "People love storing stuff as text in databases, even when the values are just digits, and I get sad every time I have to coerce something with put()/input()", "likes_count": 0, "replies_count": 1, "retweets_count": 0, "hashtags": []}
{"id": 1286808650263285761, "date": "2020-07-24", "time": "19:41:04", "tweet": "@ianhandsup its shit LMFAOOO its literally so bad compared to stadia. even on 300 down, it gets constant shit quality, bad bitrate and input lag.", "likes_count": 1, "replies_count": 1, "retweets_count": 0, "hashtags": []}
{"id": 1286808549998202880, "date": "2020-07-24", "time": "19:40:40", "tweet": "I think I'm going with 2 40s y'all cause tomorrow some craft beers release online for pre-order and I'm going to pick those up already anyway so might as well save some guala. Your input was invaluable!", "likes_count": 4, "replies_count": 1, "retweets_count": 0, "hashtags": []}
{"id": 1286808484013539330, "date": "2020-07-24", "time": "19:40:24", "tweet": "Create a dataframe with zeros given a input in R #tidyverse #rstats  https://t.co/IbS30PxyIM", "likes_count": 2, "replies_count": 0, "retweets_count": 2, "hashtags": ["tidyverse", "rstats"]}
{"id": 1286808431073009665, "date": "2020-07-24", "time": "19:40:12", "tweet": "Compounding effects are powerful.  But just repeating something successfully doesn’t make it compound.  Compounding happens when part of the output gets reinvested as future input.", "likes_count": 7, "replies_count": 0, "retweets_count": 3, "hashtags": []}
{"id": 1286808430402035712, "date": "2020-07-24", "time": "19:40:12", "tweet": "@CoinFellas @joncoopertweets @realDonaldTrump No fact statements, no real info or input just stupid memes &amp; gifs. #MagaManiacs are pathetically stupid. Blocked!", "likes_count": 0, "replies_count": 0, "retweets_count": 0, "hashtags": ["magamaniacs"]}
{"id": 1286808409094803456, "date": "2020-07-24", "time": "19:40:07", "tweet": "@youloveussmile I am not here to defend anyone.I am a person living in a country that if able to make it better,it’s all i can do. However that may be. I look at things as a whole, again, not everyone agrees.  It is quite alright. May i hope you are correct and i am wrong. I appreciate it input", "likes_count": 3, "replies_count": 1, "retweets_count": 0, "hashtags": []}
{"id": 1286808371950006272, "date": "2020-07-24", "time": "19:39:58", "tweet": "- I truly and sincerely value everyone's input on the subject and I'm happy that many people are coming forward to offer their views about this matter!   Thank you, sincerely!", "likes_count": 263, "replies_count": 1, "retweets_count": 3, "hashtags": []}
{"id": 1286808370117095424, "date": "2020-07-24", "time": "19:39:57", "tweet": "@1bardesign thanks! yeah, it's clicking while nothing is happening per se, in terms of user input. but then again, my game sorts everything (renderers, etc) every frame -- so that's likely where things are coming from... i hope 🤣", "likes_count": 1, "replies_count": 1, "retweets_count": 0, "hashtags": []}
{"id": 1286808362974248960, "date": "2020-07-24", "time": "19:39:56", "tweet": "@thanosinfiniti Aku rasa pen/stylus input response kot.  Kot. Haha", "likes_count": 0, "replies_count": 1, "retweets_count": 0, "hashtags": []}
{"id": 1286808127728496641, "date": "2020-07-24", "time": "19:39:00", "tweet": "@yellow_salami This is definitely true offline but due to input delay and lag wall techs are harder to get consistently so Fox’s reverse edgeguard potential gets buffed, if only slightly", "likes_count": 0, "replies_count": 2, "retweets_count": 0, "hashtags": []}
{"id": 1286808077417811971, "date": "2020-07-24", "time": "19:38:48", "tweet": "Also, the first electronics vendor to create a search system that allows you to input what connectors you want on either side of a cable/adapter and whether they should be male or female will make a freaking MINT. Bonus for a handy guide of what each looks like and their speed.", "likes_count": 12, "replies_count": 1, "retweets_count": 1, "hashtags": []}
{"id": 1286808057922506753, "date": "2020-07-24", "time": "19:38:43", "tweet": "Why the Brain Never Processes the Same Input in the Same Way - Neuroscience News  https://t.co/wVEKzrbLWs", "likes_count": 5, "replies_count": 0, "retweets_count": 2, "hashtags": []}
{"id": 1286808021574619136, "date": "2020-07-24", "time": "19:38:34", "tweet": "Oh, @rcmpgrcpolice isn't listening to external input on systemic abuses, overuse of force and inability to deal with mental health emergencies? For an organization that uses police to investigate police....simply shocking 🙄  https://t.co/JOYfzdnEWQ", "likes_count": 2, "replies_count": 0, "retweets_count": 1, "hashtags": []}
{"id": 1286807870391160833, "date": "2020-07-24", "time": "19:37:58", "tweet": "@Kittenwithfangz @RichReadReports Thank you for being receptive to input. We need more open dialogue", "likes_count": 1, "replies_count": 0, "retweets_count": 0, "hashtags": []}
{"id": 1286807818968788992, "date": "2020-07-24", "time": "19:37:46", "tweet": "@visual_galaxy @EddStrawberry input?", "likes_count": 1, "replies_count": 1, "retweets_count": 0, "hashtags": []}
{"id": 1286807798056210432, "date": "2020-07-24", "time": "19:37:41", "tweet": "It’s good to see a number recommended. While not the only stat, it gives districts something to consider. They aren’t health experts and need input. Our area is 14.9 positivity. 😐", "likes_count": 1, "replies_count": 1, "retweets_count": 0, "hashtags": []}
{"id": 1286807737033207808, "date": "2020-07-24", "time": "19:37:26", "tweet": "Track ID:: Noissier - Input Lag (Original Mix)", "likes_count": 0, "replies_count": 0, "retweets_count": 0, "hashtags": []}
{"id": 1286807669131448320, "date": "2020-07-24", "time": "19:37:10", "tweet": "@MamaGlove @dieterich_mk @donwinslow @thepoliticalcat @realDonaldTrump This is about people who have it, and are in the process of dying from it. They aren't part of the 99.98%. But thanks for the heartless input.", "likes_count": 1, "replies_count": 1, "retweets_count": 0, "hashtags": []}
{"id": 1286807665579044865, "date": "2020-07-24", "time": "19:37:09", "tweet": "Tf is wrong with my WiFi? Why do I have to input the password again ffs", "likes_count": 1, "replies_count": 0, "retweets_count": 0, "hashtags": []}
{"id": 1286807287726833667, "date": "2020-07-24", "time": "19:35:39", "tweet": "This is the dress ill be wearing for my daughter’s sweet 16 party. My question is which of these 2 pairs of heels should I wear with this dress I only paid $15 at @tjmaxx   @aliciavitarelli @BrookeWagnerTV @ShainaFOX29 @BelenNBCLA @KRayWFTV I would love your input on this dilemma  https://t.co/rRKOI6y8GO", "likes_count": 5, "replies_count": 4, "retweets_count": 0, "hashtags": []}
{"id": 1286807164665778176, "date": "2020-07-24", "time": "19:35:10", "tweet": "@drelectro Yeah but I don't need that. The input to this part of my model is a PRBS or line-coded serial data stream.", "likes_count": 0, "replies_count": 1, "retweets_count": 0, "hashtags": []}
{"id": 1286807031048024065, "date": "2020-07-24", "time": "19:34:38", "tweet": "@KPRiley10 @Hae_Kay Get the IRS2Go app, you input your SS# and your return amount and it’ll tell you your status", "likes_count": 0, "replies_count": 1, "retweets_count": 0, "hashtags": []}
{"id": 1286807015847792646, "date": "2020-07-24", "time": "19:34:34", "tweet": "Can anyone give me advice/input on smart watches??🙏🏾", "likes_count": 0, "replies_count": 0, "retweets_count": 0, "hashtags": []}
{"id": 1286806951398187010, "date": "2020-07-24", "time": "19:34:19", "tweet": "@55true4u What’s your input on this vaccine he keeps saying is coming quickly? You think there will be mandatory vaccination? I know so many are against. And I don’t like the fact that he keeps saying it’ll be done soon", "likes_count": 0, "replies_count": 0, "retweets_count": 0, "hashtags": []}
{"id": 1286806886424154115, "date": "2020-07-24", "time": "19:34:04", "tweet": "@RotatingWeasel @AlexHolbrook_ @bcfcarchive Didn’t say Nike had any input? I said I’m sure a third party company are more than capable of selecting the colour of the kit from the choice given on the spec sheet. Training kit has no relevance - if we had a black training top does that mean the home shirt will be black then?", "likes_count": 0, "replies_count": 0, "retweets_count": 0, "hashtags": []}
{"id": 1286806885069357057, "date": "2020-07-24", "time": "19:34:03", "tweet": "Multi Image text input Twitter.  https://t.co/Oa1TXNrm0a", "likes_count": 0, "replies_count": 0, "retweets_count": 0, "hashtags": []}
{"id": 1286806883769057280, "date": "2020-07-24", "time": "19:34:03", "tweet": "@elonmusk lmao, a fuckin billionaire putting his input on something he doesn’t even struggle with. shut the fuck up disrespectfully", "likes_count": 0, "replies_count": 0, "retweets_count": 0, "hashtags": []}
{"id": 1286806874021662723, "date": "2020-07-24", "time": "19:34:01", "tweet": "We are live! Tonight we're talking \"Games that Surprised Us!\" Join us and give us your input in the chat! #gamingcommunity #gamers #twitch   https://t.co/I0c3CkSj1K", "likes_count": 1, "replies_count": 0, "retweets_count": 0, "hashtags": ["gamingcommunity", "gamers", "twitch"]}
{"id": 1286806841658208257, "date": "2020-07-24", "time": "19:33:53", "tweet": "@zzlrietb @OzPmArcher @AlboMP Again all great as a theoretical concept. And I agree.  But also again it does not take into account human nature and the desire to be 'valued' accordingly to their input to the economic system.  Like said I like the idea it just isn't viable with the current societal makeup.", "likes_count": 0, "replies_count": 0, "retweets_count": 0, "hashtags": []}
{"id": 1286806774130135041, "date": "2020-07-24", "time": "19:33:37", "tweet": "@ArgaizR @khaycock2 @katiewiskar @ThinkingCC @Thind888 @EMNerd_ @npacker2015 @mwhite_86 @haileyahobbs @arntfield @Buchanan_MD @IM_POCUS @PittIMPOCUS @08JDub88 @msiuba @DRsonosRD @dan___kim @AlaifanT 1/2 Now that you all are in the mood for discussion, here are images from a kidney transplant pt with TR (clips not transferred yet, will share tomorrow). Any input on intra-renal component in an allograft? RI seems to be elevated but I don't see apparent venous congestion.", "likes_count": 3, "replies_count": 1, "retweets_count": 0, "hashtags": []}
{"id": 1286806690344493057, "date": "2020-07-24", "time": "19:33:17", "tweet": "@TheGayAgenda69 Fang plus input delay is the delinquent duo", "likes_count": 0, "replies_count": 0, "retweets_count": 0, "hashtags": []}
{"id": 1286806602176245760, "date": "2020-07-24", "time": "19:32:56", "tweet": "Thanks so much @byJenAMiller for your wise input on crafting a newsletter  https://t.co/4IKBcFnzr7", "likes_count": 1, "replies_count": 0, "retweets_count": 0, "hashtags": []}
{"id": 1286806562250485760, "date": "2020-07-24", "time": "19:32:46", "tweet": "Bay Area please provide input!", "likes_count": 1, "replies_count": 0, "retweets_count": 0, "hashtags": []}
{"id": 1286806536552157186, "date": "2020-07-24", "time": "19:32:40", "tweet": "@Interceptor88 @randomguyno274 I would not be surprised at all if Feige use the opportunity to remove any kind of MCU references/tie ins when the took over the TV division as this is the only of the Jeph Loeb shows that Feige was able to put his input given it was late for him to pull the plug", "likes_count": 1, "replies_count": 1, "retweets_count": 0, "hashtags": []}
{"id": 1286806487390547970, "date": "2020-07-24", "time": "19:32:28", "tweet": "@The_Real_IzzyZ But add input lag and dropped inputs then you wanna spike your controller", "likes_count": 0, "replies_count": 1, "retweets_count": 0, "hashtags": []}
{"id": 1286806404519596032, "date": "2020-07-24", "time": "19:32:09", "tweet": "Why the Brain Never Processes the Same Input in the Same Way - Neuroscience News via BrainSights for iOS  https://t.co/ZOvC9eAZB1", "likes_count": 0, "replies_count": 0, "retweets_count": 0, "hashtags": []}
{"id": 1286806362375192577, "date": "2020-07-24", "time": "19:31:59", "tweet": "@AveMcree MPC One is standalone. Looks like I'm extremely late. I'll be watching your videos about it today. I'm on the site and saw NO COMPUTER REQUIRED that sold me already. Your input vs Native Instruments MK3?  https://t.co/2ZduMnmPdw", "likes_count": 2, "replies_count": 0, "retweets_count": 0, "hashtags": []}
{"id": 1286806346529148928, "date": "2020-07-24", "time": "19:31:55", "tweet": "@hollybla Too late for everyone's input. Only took 3 minutes for her to do it.", "likes_count": 3, "replies_count": 0, "retweets_count": 0, "hashtags": []}
{"id": 1286806323749949441, "date": "2020-07-24", "time": "19:31:49", "tweet": "@SunlightBlade In the video it just did not look like he actually desired to jump down the hole, seems more like a miscalculation or wrong button input.", "likes_count": 0, "replies_count": 0, "retweets_count": 0, "hashtags": []}
{"id": 1286806302249951232, "date": "2020-07-24", "time": "19:31:44", "tweet": "it’s always that one mf who ALWAYS got something to say. like you don’t have to always put your input in shit.", "likes_count": 5, "replies_count": 1, "retweets_count": 0, "hashtags": []}
{"id": 1286806200676483073, "date": "2020-07-24", "time": "19:31:20", "tweet": "@SenatorBiaggi If ever there was an eye-opener for why I want an end to outdated pracx of our reps having no input &gt;making our budget, that malpractice immunity piece is a top contender. Word is, many NYers have not considered or thought about that in my— I mean their -whole lives. ⚖️", "likes_count": 0, "replies_count": 0, "retweets_count": 0, "hashtags": []}
{"id": 1286806190085857287, "date": "2020-07-24", "time": "19:31:18", "tweet": "@DnDBeyond It’s not really a support issue. Just a suggestion for auto save or even ways to input information without opening a new window", "likes_count": 0, "replies_count": 0, "retweets_count": 0, "hashtags": []}
{"id": 1286806181827284993, "date": "2020-07-24", "time": "19:31:16", "tweet": "@kingarthuredits Ent provavelmente tô jogando com input", "likes_count": 0, "replies_count": 0, "retweets_count": 0, "hashtags": []}
{"id": 1286806065791762433, "date": "2020-07-24", "time": "19:30:48", "tweet": "@chicagotribune @byldonovan How dare this Lightfoot remove a public statue that has been there for almost a hundred years without any public input!  A new low point for this despicable mayor.", "likes_count": 3, "replies_count": 0, "retweets_count": 0, "hashtags": []}
{"id": 1286806002290098176, "date": "2020-07-24", "time": "19:30:33", "tweet": "INPUT LAG for the Literal WIN?! - The Intel Vs. AMD Vs. Nvidia Story.  https://t.co/BTtG2TOS8R via @YouTube", "likes_count": 9, "replies_count": 1, "retweets_count": 0, "hashtags": []}
{"id": 1286805980337131527, "date": "2020-07-24", "time": "19:30:28", "tweet": "We'll cap off the events with a presentation on Thurs., July 30 @ 2 PM that showcases “New York’s Underground Art Museum” in celebration of the ADA’s 30th Anniversary. The panel will include artists whose work is featured in the system, input from our accessibility team, and Q&amp;A.", "likes_count": 1, "replies_count": 1, "retweets_count": 0, "hashtags": []}
{"id": 1286805928952594434, "date": "2020-07-24", "time": "19:30:15", "tweet": "Goanna keep playin controller wanna get better i jus dont wanna drop keyboard-doesnt help everytime im on one input ppl tell me im better on the other smh", "likes_count": 2, "replies_count": 0, "retweets_count": 0, "hashtags": []}
{"id": 1286805880747569153, "date": "2020-07-24", "time": "19:30:04", "tweet": "@clippedgcds They then proceeded to get mad at me when I said “thank you for your input sprout named [insert their name here]” because they thought I was using sprout as an insult", "likes_count": 2, "replies_count": 0, "retweets_count": 0, "hashtags": []}
{"id": 1286805862351159298, "date": "2020-07-24", "time": "19:29:59", "tweet": "とにかく、BoltはひたすらInput・Outputの数を増やして自己のレベルを上げていかなければ", "likes_count": 1, "replies_count": 0, "retweets_count": 0, "hashtags": []}
{"id": 1286805732831252481, "date": "2020-07-24", "time": "19:29:29", "tweet": "@vkroo Thanks for your input. Good to know truth doesn’t matter as long as it promotes your agenda. Be safe out there.", "likes_count": 0, "replies_count": 0, "retweets_count": 0, "hashtags": []}
{"id": 1286805731983884288, "date": "2020-07-24", "time": "19:29:28", "tweet": "Does using the USB ports under an Alienware 240hz monitor give input delay?", "likes_count": 20, "replies_count": 4, "retweets_count": 0, "hashtags": []}
{"id": 1286805721770647553, "date": "2020-07-24", "time": "19:29:26", "tweet": "@MoonGlo33 @FredGaiser1 @CTVNationalNews @CTVNews Please don't tell me he's not having an input!", "likes_count": 0, "replies_count": 0, "retweets_count": 0, "hashtags": []}
{"id": 1286805688174354433, "date": "2020-07-24", "time": "19:29:18", "tweet": "@drelectro I'll be doing initial work on PRBS's for testing but longer term I plan to support VCDs as input too, so I can simulate actual 8b/10b, 64b66b, or other line coded data.", "likes_count": 0, "replies_count": 1, "retweets_count": 0, "hashtags": []}
{"id": 1286805584222646272, "date": "2020-07-24", "time": "19:28:53", "tweet": "@NewforestStock @brewdog1950 Wow... How original.  Thanks for your input there Philip.  Go away now.", "likes_count": 0, "replies_count": 0, "retweets_count": 0, "hashtags": []}
{"id": 1286805449300299781, "date": "2020-07-24", "time": "19:28:21", "tweet": "Is this Portland?   Where is the Gov? Where is the National Guard? Why isn’t a Judge ruling on this terrorist group harming and kidnapping protestors?   @glennkirschner2 - any input? 💔   “This traitor, I’m sure has a Mom”  Is this how he was brought up?", "likes_count": 0, "replies_count": 0, "retweets_count": 0, "hashtags": []}
{"id": 1286805446146191360, "date": "2020-07-24", "time": "19:28:20", "tweet": "Input Credentials _____________________ _____________________", "likes_count": 0, "replies_count": 1, "retweets_count": 0, "hashtags": []}
{"id": 1286805317926494210, "date": "2020-07-24", "time": "19:27:50", "tweet": "@SStewart1405 @Jorgensen4POTUS Thank you for your input. It's an area I know very little about. All I know is how much I depend on all that for my health. So I appreciate your comment.", "likes_count": 0, "replies_count": 0, "retweets_count": 0, "hashtags": []}
{"id": 1286805190851481600, "date": "2020-07-24", "time": "19:27:19", "tweet": "@Ashley__TN All scripted and paid for, she actually didn't want this input into the video and asked for this specific line to be removed when the district team filmed, but turns out the team didn't remove the line, and put up at her expense.", "likes_count": 1, "replies_count": 0, "retweets_count": 0, "hashtags": []}
{"id": 1286805152221917184, "date": "2020-07-24", "time": "19:27:10", "tweet": "@miwawuci I definitely agree with all of this, thank you so much for your input!", "likes_count": 1, "replies_count": 1, "retweets_count": 0, "hashtags": []}
{"id": 1286805075239809024, "date": "2020-07-24", "time": "19:26:52", "tweet": "@BlueWAUGHful @BIkMamba OK I will thanks for your input random Twitter guy 👍", "likes_count": 0, "replies_count": 0, "retweets_count": 0, "hashtags": []}
{"id": 1286805036677373952, "date": "2020-07-24", "time": "19:26:43", "tweet": "@SteveJe53240203 @TerrificCones @TroopLoverPauly @BarstoolBigCat ok series of letters and numbers, thank you for your dog shit input", "likes_count": 0, "replies_count": 0, "retweets_count": 0, "hashtags": []}
{"id": 1286804912450473984, "date": "2020-07-24", "time": "19:26:13", "tweet": "feel like Peter was a son too Tony even if they didn't admit it or say it. It could maybe also show the shape Tony was in after he came back to Earth. But yeah that's just my idea and input so yeah. Much Love ❤️❤️❤️.", "likes_count": 1, "replies_count": 0, "retweets_count": 0, "hashtags": []}
{"id": 1286804888714960899, "date": "2020-07-24", "time": "19:26:07", "tweet": "The part I watched felt like a heavy Democrat bias with a tiny bit of moderate republican input on your panel. Very polite anti Trump talk missing balance to me.", "likes_count": 0, "replies_count": 0, "retweets_count": 0, "hashtags": []}
{"id": 1286804868917673984, "date": "2020-07-24", "time": "19:26:03", "tweet": "@Kenrazz All scripted and paid for, she actually didn't want this input into the video and asked for this specific line to be removed when the district team filmed, but turns out the team didn't remove the line, and put up at her expense.", "likes_count": 1, "replies_count": 0, "retweets_count": 0, "hashtags": []}
{"id": 1286804715767058438, "date": "2020-07-24", "time": "19:25:26", "tweet": "@priveerebeer Ben je gegaan? (zag je eerdere tweet, herkende de aarzeling maar had ff geen input)  En fijn!!", "likes_count": 1, "replies_count": 1, "retweets_count": 0, "hashtags": []}
{"id": 1286804672070725632, "date": "2020-07-24", "time": "19:25:16", "tweet": "Cómo muchos saben, hace más de un mes cambié mi resolución a 1750x1080 con estiramiento de GPU. El día de hoy cambiaré a 1722x1070 con estiramiento de pantalla, siendo una forma que recomiendo 100%, ya que no crea input delay!", "likes_count": 5, "replies_count": 0, "retweets_count": 0, "hashtags": []}
{"id": 1286804635773149185, "date": "2020-07-24", "time": "19:25:07", "tweet": "\"Peter Ridd once published a book titled 'Input admittance of a horizontal antenna over a two layered lossy halfspace', so he’s, you know, a funny guy.\" ... opening words by Michael Bradley to the tale of ex-physics HoD @ JCU  https://t.co/SXK2u4cLx9", "likes_count": 0, "replies_count": 0, "retweets_count": 0, "hashtags": []}
{"id": 1286804462552731649, "date": "2020-07-24", "time": "19:24:26", "tweet": "Just got a roll up presentation from our summer high school intern and he is crushed it over the last couple of months! It is our first time bringing on an intern and the team benefited from receiving external input on the  https://t.co/5Ag7HPSKZ9 site and our processes!  https://t.co/2KCpRPgPfi", "likes_count": 9, "replies_count": 1, "retweets_count": 0, "hashtags": []}
{"id": 1286804393489321986, "date": "2020-07-24", "time": "19:24:09", "tweet": "ur input is not in the best interests of the people imo", "likes_count": 0, "replies_count": 0, "retweets_count": 0, "hashtags": []}
{"id": 1286804355023175680, "date": "2020-07-24", "time": "19:24:00", "tweet": "@laynewoodworth @Keisean_Roberts All scripted and paid for, she actually didn't want this input into the video and asked for this specific line to be removed when the district team filmed, but turns out the team didn't pay attention, didn't remove the line, and put up at her expense.", "likes_count": 1, "replies_count": 0, "retweets_count": 0, "hashtags": []}
{"id": 1286804307434778625, "date": "2020-07-24", "time": "19:23:49", "tweet": "Newsflash for all you people who get involved with people with kids. The parents? Are the parents. We make the decisions for our child. Your input isn’t needed unless asked.", "likes_count": 0, "replies_count": 0, "retweets_count": 0, "hashtags": []}
{"id": 1286804287595610113, "date": "2020-07-24", "time": "19:23:44", "tweet": "@unicornhorde @renee Yeah that's all fine and dandy but you limit the ability to move precisely with your inputs. I have a very unique situation myself. I am able to input in games at 240hz while the frame rate is at 60fps. Anyone calling BS I tested it incrementally from 60, 100, 144, 180, 240hz.", "likes_count": 0, "replies_count": 1, "retweets_count": 0, "hashtags": []}
{"id": 1286804257778343939, "date": "2020-07-24", "time": "19:23:37", "tweet": "@DrPetra @JeffSiracuse Having patients review the results and help determine the impact of context may have also added an element. Ex: if a picture is of someone in graduation robes with a bottle of wine this would not be unprofessional. The patient experts I work with provide this type of input", "likes_count": 0, "replies_count": 1, "retweets_count": 0, "hashtags": []}
{"id": 1286804085979533314, "date": "2020-07-24", "time": "19:22:56", "tweet": "Playing against fang with input lay is ridiculously annoying", "likes_count": 4, "replies_count": 1, "retweets_count": 0, "hashtags": []}
{"id": 1286803925669011456, "date": "2020-07-24", "time": "19:22:18", "tweet": "@_mcgorts This was actually all scripted and paid for, she actually didn't want this input into the video and asked for this specific line to be removed when the district team filmed, but turns out the team didn't pay attention, didn't remove the line, and put up at her expense.", "likes_count": 6, "replies_count": 0, "retweets_count": 0, "hashtags": []}
{"id": 1286803920329650177, "date": "2020-07-24", "time": "19:22:16", "tweet": "Test Run.  Please, Feel free to post about your state governors. I would love to have some feedback on where you stand.   Any input would be appreciated.   Thank you. 🙏   https://t.co/NcUJEGEpkA", "likes_count": 1, "replies_count": 0, "retweets_count": 1, "hashtags": []}
{"id": 1286803813815459842, "date": "2020-07-24", "time": "19:21:51", "tweet": "@JosephNNorris1 @TippytopshapeU @troll_hell @meesha28710789 @davidjdurkin4 @MarilynLavala @ItsOnlyDawn @Calvin4511 @ISafeyet @JayStJames2 @Charlen60403930 @mevans5219 @abmoore1 @Bwalkercox @donjean13 @CarlBotha2 @EarlEldridge @richbrat2 @okabaeri9111 @Stonekeeper3 @rutam2011 @RozineCapt @aliatra1968 @JanetTXBlessed @Annie37068390 @joe_marraccini @divine1127 @stella463 @BostonBren143 @FaleroJr @doubletapper44 @LindaMusgrove9 @Brooke_Kelly87 @mr65gibson @JamesWallmeup @MiguelAngeloDi3 @WidowFike @knay01 @politstrip @LibbyCMason @Coweta4Trump @bozich37 @EYEFOLLOWHIM @united__UK @MC_Mad_Man @NRO @AlexBerenson If that is happening, that is,  if there is some perverse $ advantage to declaring a Covid death... shouldn't it be a fairly simple fix?  Some regulation, exec order?  Need input from Insurance people Thx.  https://t.co/5EL1ODyiwH", "likes_count": 0, "replies_count": 0, "retweets_count": 2, "hashtags": []}
{"id": 1286803701471105024, "date": "2020-07-24", "time": "19:21:24", "tweet": "CAN SOMEONE HELP. HOW DO U REMOVE INPUT DELAY ON STRETCH RES", "likes_count": 1, "replies_count": 0, "retweets_count": 0, "hashtags": []}
{"id": 1286803660442423297, "date": "2020-07-24", "time": "19:21:14", "tweet": "@WellLivedLife @realschmidty1 @ProfeRandolph @DanForestNC Good to know, I have one grandson that’s plans on joining the Military the other grandson we’re researching different universities. You’re input is greatly appreciated.", "likes_count": 2, "replies_count": 1, "retweets_count": 0, "hashtags": []}
{"id": 1286803594898034689, "date": "2020-07-24", "time": "19:20:59", "tweet": "@JoyAnnReid @thereidout Couldn't be happier to have your positive, REAL input during the weekday. The craziest damned thing happened when you were filling the time slot a few weeks ago...I wished you would get the slot, because you're awesome.  So, clearly, you're welcome, and keep up the great work!", "likes_count": 0, "replies_count": 0, "retweets_count": 0, "hashtags": []}
{"id": 1286803530402205696, "date": "2020-07-24", "time": "19:20:43", "tweet": "@andrewhdonohoe @RepublicOfBones @colinrtalbot @David_Crayford @ruskin147 I’m sick to the teeth of hearing about how I’m supposed to accommodate the north, both sides. The Republic is far from perfect but the north is a basket case. Under no circumstances will I vote to accept any sort of meaningful input beyond the other provinces.", "likes_count": 0, "replies_count": 1, "retweets_count": 0, "hashtags": []}
{"id": 1286803418242117632, "date": "2020-07-24", "time": "19:20:17", "tweet": "Thank you @NikkitaOliver! Some of these comments are sickening. There has been great work done with community input in Seattle. People lumping it all under the heading of terrorism are woefully ignorant. Keep up the good work!", "likes_count": 0, "replies_count": 0, "retweets_count": 0, "hashtags": []}
{"id": 1286803194648170498, "date": "2020-07-24", "time": "19:19:23", "tweet": "Here's a short video with an overview of some of their research, stakeholder input, and design ideas:  https://t.co/iHBluQa81U", "likes_count": 5, "replies_count": 0, "retweets_count": 0, "hashtags": []}
{"id": 1286803176994242561, "date": "2020-07-24", "time": "19:19:19", "tweet": "Ya en los formularios el género no va a ser un select sino un input text", "likes_count": 1, "replies_count": 0, "retweets_count": 0, "hashtags": []}
{"id": 1286803148515016709, "date": "2020-07-24", "time": "19:19:12", "tweet": "@azurestar21 @DHSCgovuk It's ok I know alot of people are worried. But I like to see facts before I do things now. Thanks for your input", "likes_count": 0, "replies_count": 0, "retweets_count": 0, "hashtags": []}
{"id": 1286803122451410944, "date": "2020-07-24", "time": "19:19:06", "tweet": "Happy Friday riders! Don't forget our challenge this week is ending on Sunday at midnight, so don't forget to share you photos or input your kilometers to Race Roster. You definitely don't want to be missing out on the chance to win this weeks prizes! 🍕🚲  https://t.co/hZpCPxRmcE", "likes_count": 0, "replies_count": 0, "retweets_count": 0, "hashtags": []}
{"id": 1286803080651120641, "date": "2020-07-24", "time": "19:18:56", "tweet": "A candidate for the most frightening sentence of the day: “Experts on the subject at the C.D.C. were cut off from direct communication with the working group after their input on the statement was interpreted as being too cautious, the official said.”   https://t.co/PPsvxqgTOF", "likes_count": 48, "replies_count": 1, "retweets_count": 37, "hashtags": []}
{"id": 1286802997587185664, "date": "2020-07-24", "time": "19:18:36", "tweet": "@LucyHunterB @Girlguiding The new programme would have come from senior management strategy. HQ would have designed it with input from some leaders. I remember when it was being tested in 2016-17. There were lots of problems, roll out delayed. Lots of leaders unhappy and talking about leaving", "likes_count": 2, "replies_count": 1, "retweets_count": 0, "hashtags": []}
{"id": 1286802955673444352, "date": "2020-07-24", "time": "19:18:26", "tweet": "@jill1120 @Phillies Yes....it's rough @JamieApody need your input?", "likes_count": 1, "replies_count": 0, "retweets_count": 0, "hashtags": []}
{"id": 1286802928456462338, "date": "2020-07-24", "time": "19:18:20", "tweet": "@RunchuksP @jeffplatt @TuckonSports @DavesDime @Joeingram1 @henry_kilbane @LexVeldhuis @spraggy @RunItOncePoker @jaimestaples @Stapes @JasonSomerville It seems the consensus so PLO8 tournies, so going to start with that. Makes it a little easier on scheduling too since they only run a few day’s a week. I appreciate the feedback! Any tech or other input is really really awesome man! Please send it my way :-)", "likes_count": 1, "replies_count": 1, "retweets_count": 0, "hashtags": []}
{"id": 1286802922882441217, "date": "2020-07-24", "time": "19:18:19", "tweet": "@64_bashar @KalebwithaK_ @therealSeaRNB @thfcgianni @SommerRay Nah buddy is just an idiot", "likes_count": 1, "replies_count": 0, "retweets_count": 0, "hashtags": []}
{"id": 1286802727436201984, "date": "2020-07-24", "time": "19:17:32", "tweet": "Check out the #GeorgetownWeekly for updates on: 💧 Water restrictions 🏛️ Council budget meeting recap 🦠 #COVID19 case counts 🛣️ Mobility bond input 🐾 @gtownpets upgrades 🐕 Pet of the Week and more! Sign up for our newsletter at  https://t.co/74pO7OsyDR  https://t.co/ZvfjpruNB7  https://t.co/grv4v3LwKf", "likes_count": 0, "replies_count": 0, "retweets_count": 0, "hashtags": ["georgetownweekly", "covid19"]}
{"id": 1286802673065394176, "date": "2020-07-24", "time": "19:17:19", "tweet": "My end game is devloping a trading program &amp; algorithm. That basically just prints me money wo too much user input.", "likes_count": 0, "replies_count": 0, "retweets_count": 0, "hashtags": []}
{"id": 1286802609647439873, "date": "2020-07-24", "time": "19:17:04", "tweet": "@Logitech When I have Logi Capture on, I cannot use alt codes to input special characters using the keyboard. I tried changing my scene switching hotkeys in the program, but that didn't fix it. Any suggestions?", "likes_count": 0, "replies_count": 0, "retweets_count": 0, "hashtags": []}
{"id": 1286802560599207936, "date": "2020-07-24", "time": "19:16:52", "tweet": "Hey everyone, I would like to ask everyone's input. This is for a playthrough I plan to record.  #1: Male or Female #2: Original or Old #3: Light, Medium, Heavy  I'm going to start recording tomorrow. Input is welcome.", "likes_count": 0, "replies_count": 2, "retweets_count": 0, "hashtags": []}
{"id": 1286802483831017472, "date": "2020-07-24", "time": "19:16:34", "tweet": "I'll contact you when I've got time, or when I need some input from you.", "likes_count": 0, "replies_count": 0, "retweets_count": 0, "hashtags": []}
{"id": 1286802479657746439, "date": "2020-07-24", "time": "19:16:33", "tweet": "@shiru_desu Ahhh ok, thank you so much for the input! That definitely helps", "likes_count": 0, "replies_count": 0, "retweets_count": 0, "hashtags": []}
{"id": 1286802343829352449, "date": "2020-07-24", "time": "19:16:01", "tweet": "@pablodp606 Hey Pablo, what would you say it's more important for sculpting? Cpu, cores, fast ssd, memory ram, GPU? I'm planning on building a rig soon, and would really appreciate your input", "likes_count": 0, "replies_count": 0, "retweets_count": 0, "hashtags": []}
{"id": 1286802301882163201, "date": "2020-07-24", "time": "19:15:51", "tweet": "How do they intend to \"force\" you to get a vaccine?! Jail, no work, how? #WakeUpAmerica #MaskMandate #NoMasks #MAGA2020   Naples Vice Mayor asking for input on a COVID-19 \"vaccine mandate\"  https://t.co/0oZTLFYzkz via @YahooNews", "likes_count": 0, "replies_count": 1, "retweets_count": 0, "hashtags": ["wakeupamerica", "maskmandate", "nomasks", "maga2020"]}
{"id": 1286802280369528838, "date": "2020-07-24", "time": "19:15:45", "tweet": "Yet, completely without the input of the other couple, both pairs sprung for larger beds. Ones that could comfortably support four adult men…for no other reason, they told themselves, than making sure their significant other had plenty of room to stretch out.", "likes_count": 12, "replies_count": 1, "retweets_count": 0, "hashtags": []}
{"id": 1286802266515812352, "date": "2020-07-24", "time": "19:15:42", "tweet": "@TXBBYDARHL Welcome to OurSZN Threadspot, be prepared to share your creative input on our biweekly theme’s.   #Ourway #OurSZN✨", "likes_count": 0, "replies_count": 0, "retweets_count": 0, "hashtags": ["ourway", "ourszn"]}
{"id": 1286802236090331138, "date": "2020-07-24", "time": "19:15:35", "tweet": "on input string: 1. move to the next c.  If none is found, go to step two. 2. move to the beginning of the tape. 3. move to the next b.  If none is found, write a c. 4. reject.", "likes_count": 0, "replies_count": 0, "retweets_count": 0, "hashtags": []}
{"id": 1286802229786288130, "date": "2020-07-24", "time": "19:15:33", "tweet": "@BoredNegro @viaalexiss @ONLYKONN @Abbyy59209144 @mollyyoconnor @BHendriixs Ooooh thats a good input! Imma add that fosho, just wish i could get it to the right people haha", "likes_count": 1, "replies_count": 2, "retweets_count": 0, "hashtags": []}
{"id": 1286802037385105409, "date": "2020-07-24", "time": "19:14:47", "tweet": "@shinraslayer ahhh i see.. thank you for the input!", "likes_count": 1, "replies_count": 1, "retweets_count": 0, "hashtags": []}
{"id": 1286801987753742337, "date": "2020-07-24", "time": "19:14:36", "tweet": "Hey, I have been using Wakelet fo a project to curate online resources to help teachers build curriculum for the coming school year.  I finished Middle-level science. I am interested in input. Pass it along to friends and colleagues who might use it.  https://t.co/WW4VZpUs45", "likes_count": 2, "replies_count": 0, "retweets_count": 0, "hashtags": []}
{"id": 1286801946045583360, "date": "2020-07-24", "time": "19:14:26", "tweet": "@snaketxt iT WASNT EVEN FULLY YOUR ATTEMPT I WAS THE ONLY WHO INPUT HIS NAME IN THE FIRST PLACE K4TJRKEJ5YKY4R proves that bellamy does not die for anyone", "likes_count": 2, "replies_count": 1, "retweets_count": 0, "hashtags": []}
{"id": 1286801917646123008, "date": "2020-07-24", "time": "19:14:19", "tweet": "@Jmann_41 @JoshuaRueben2 @queenteee1231 @tropicaIhottie you clearly dont understand what a comment like this can do to a persons mental health. as you just mentioned he doesnt know her, therefore he should not feel the need to give disrespectful input", "likes_count": 15, "replies_count": 1, "retweets_count": 0, "hashtags": []}
{"id": 1286801853456375808, "date": "2020-07-24", "time": "19:14:04", "tweet": "@IRCSS @Atrix256 Sorry to split hairs here, but I think I’m getting confused by what people mean by determinism. Usually for me it means, given the same input, whether or not floating arithmetic computes the same result across platforms. But your issue seems more to be about numerical stability.", "likes_count": 1, "replies_count": 1, "retweets_count": 0, "hashtags": []}
{"id": 1286801643066068993, "date": "2020-07-24", "time": "19:13:13", "tweet": "@OptimalCTO @cghanratty @jstrange1 @DrJMHill Thank you Marc ! Great philosophical input !", "likes_count": 2, "replies_count": 0, "retweets_count": 2, "hashtags": []}
{"id": 1286801515097841667, "date": "2020-07-24", "time": "19:12:43", "tweet": "@SeanLindsey175 But also, this president keeps asking for student input about various issues, and then ignoring the input that leaders of clubs/student life share with him. smh.", "likes_count": 1, "replies_count": 0, "retweets_count": 0, "hashtags": []}
{"id": 1286801461242994688, "date": "2020-07-24", "time": "19:12:30", "tweet": "If you are running for public office and ask for input and then delete unfavorable comments that point out your MASSIVE conflict of interest as it relates to said position instead of responding at all, and then your friends also block that commenter.....", "likes_count": 0, "replies_count": 1, "retweets_count": 0, "hashtags": []}
{"id": 1286801395325296640, "date": "2020-07-24", "time": "19:12:14", "tweet": "Public input sought for updated hazard mitigation plan  https://t.co/Edinvp5f2w  https://t.co/HI98niJE4k", "likes_count": 1, "replies_count": 0, "retweets_count": 1, "hashtags": []}
{"id": 1286801268787355653, "date": "2020-07-24", "time": "19:11:44", "tweet": "@ArenSant @iceetw2 A mi me funciono, ya no tengo drops de fps ni input lag", "likes_count": 0, "replies_count": 1, "retweets_count": 0, "hashtags": []}
