{"id": 1284276618811277313, "date": "2020-07-17", "time": "19:59:41", "tweet": "@NikkiHaley It's fine if Elizabeth Warren (a person with a brain) has input in the Biden administration as opposed to any of the dolts in the Republican party who turn a blind eye to the psycho who is wildly killing Americans by ignoring science and pushing his out of the blue wacky hunches.", "likes_count": 0, "replies_count": 0, "retweets_count": 0, "hashtags": []}
{"id": 1284276595872718848, "date": "2020-07-17", "time": "19:59:35", "tweet": "In general. Local picture different. Thanks for all your input.", "likes_count": 0, "replies_count": 0, "retweets_count": 0, "hashtags": []}
{"id": 1284276446425427971, "date": "2020-07-17", "time": "19:59:00", "tweet": "@InklingGirlRose can confirm one of my brackets had 3 zeldas and i had to fight 2 of them with a second of input lag and a dedede also with a second of input lag and an icies also with a second of input lag friendly reminder to NEVER ENTER ANY NATIONAL WIFI TOURNAMENTS EVER", "likes_count": 2, "replies_count": 1, "retweets_count": 0, "hashtags": []}
{"id": 1284276417623015424, "date": "2020-07-17", "time": "19:58:53", "tweet": "@elonmusk can you implement a backseat driver mode via Tesla mobile app which allows passengers to have access to control things such as rear seat temp, audio, input trip info into vehicle GPS?  Perhaps the car could broadcast a pairing code to mobile devices, just a thought..", "likes_count": 0, "replies_count": 0, "retweets_count": 0, "hashtags": []}
{"id": 1284276348694011909, "date": "2020-07-17", "time": "19:58:36", "tweet": "it’s crazy because y’all actually believe she’s making music for you. i promise ariana does not care about your input on her discography or like you. 😭", "likes_count": 36, "replies_count": 1, "retweets_count": 2, "hashtags": []}
{"id": 1284276342444355584, "date": "2020-07-17", "time": "19:58:35", "tweet": "ギュスターヴ・クールベ", "likes_count": 0, "replies_count": 0, "retweets_count": 0, "hashtags": []}
{"id": 1284276326401097729, "date": "2020-07-17", "time": "19:58:31", "tweet": "@reebieread also i completely see what you said about the gratification of their input helping others bc that is 100% how my boss comes off. she wastes so much time trying to “help” when in reality she’s only making me more stressed and angry", "likes_count": 1, "replies_count": 1, "retweets_count": 0, "hashtags": []}
{"id": 1284276200056057856, "date": "2020-07-17", "time": "19:58:01", "tweet": "Readward Free App share with you, Cashzine! Don’t go out stay at home to earn free cash, read news, take offers, make some money. Cash-Out with PayPal every day! input my invitation code: 15762821, you get 8000 coins instantly!", "likes_count": 1, "replies_count": 2, "retweets_count": 0, "hashtags": []}
{"id": 1284276189708853248, "date": "2020-07-17", "time": "19:57:58", "tweet": "@gwern This is really interesting. Do you know what input led to the convo in that screenshot?", "likes_count": 2, "replies_count": 1, "retweets_count": 0, "hashtags": []}
{"id": 1284276168368283648, "date": "2020-07-17", "time": "19:57:53", "tweet": "@letsome_erin i think it would too, thanks for your input! :3", "likes_count": 1, "replies_count": 0, "retweets_count": 0, "hashtags": []}
{"id": 1284276117155786754, "date": "2020-07-17", "time": "19:57:41", "tweet": "@DebbieCrerar @saraconroyPT @CSPScot @clairerae8 @amandawong68 @bettelockeAHP @JanetThomas47 @JoannaMowbray @katiem_wilkie @JoanPollard1 @Thom1Hilaryanne @CYerramasu Absolutely, We have been submitting this week and will continue to do so! Will keep it as a regular agenda at our huddles to ensure continued input", "likes_count": 4, "replies_count": 0, "retweets_count": 0, "hashtags": []}
{"id": 1284276110625144832, "date": "2020-07-17", "time": "19:57:40", "tweet": "@LegolianM Tyvm for your input!!", "likes_count": 1, "replies_count": 0, "retweets_count": 0, "hashtags": []}
{"id": 1284276094871449601, "date": "2020-07-17", "time": "19:57:36", "tweet": "@RonCross_67 Cool, thank for the input! Yes, I think my curiosity is getting the best of me. I'm getting it tonight!", "likes_count": 0, "replies_count": 2, "retweets_count": 0, "hashtags": []}
{"id": 1284275953934295045, "date": "2020-07-17", "time": "19:57:02", "tweet": "We need your input! Check out the surveys to be active in our D3 community. We want to hear from you! #ForTheLoveOfSA City Budget -  https://t.co/Gxvbwq5sGH World Heritage Center Survey -  https://t.co/JlFBHOzYED Streets Renaming Survey -  https://t.co/wqACkFlo6X  https://t.co/IKKcgJhca8", "likes_count": 0, "replies_count": 0, "retweets_count": 0, "hashtags": ["fortheloveofsa"]}
{"id": 1284275949635174400, "date": "2020-07-17", "time": "19:57:01", "tweet": "@LuisHue18545930 💯💯 thanks for the useful input bro", "likes_count": 0, "replies_count": 0, "retweets_count": 0, "hashtags": []}
{"id": 1284275887769374721, "date": "2020-07-17", "time": "19:56:46", "tweet": "@TheRisingKn1ght @washingtonpost Sure thing, I’m sure you might feel attacked but I applaud you for having an open mind in considering input from others.", "likes_count": 1, "replies_count": 1, "retweets_count": 0, "hashtags": []}
{"id": 1284275852973346816, "date": "2020-07-17", "time": "19:56:38", "tweet": "In a video posted by Input, there are clear signs the Bronco will get a hybrid  https://t.co/0jDWoIIPuU", "likes_count": 1, "replies_count": 0, "retweets_count": 2, "hashtags": []}
{"id": 1284275849118855171, "date": "2020-07-17", "time": "19:56:37", "tweet": "C'est donc ça d'être bourrax ??? J'ai la tête qui tourne j'ai v'là l'input lag", "likes_count": 2, "replies_count": 0, "retweets_count": 0, "hashtags": []}
{"id": 1284275797608497154, "date": "2020-07-17", "time": "19:56:25", "tweet": "@NikkiHaley Are you campaigning for Biden?  It’s amazing that Warren will provide input into the Biden administration.", "likes_count": 0, "replies_count": 0, "retweets_count": 0, "hashtags": []}
{"id": 1284275675407495170, "date": "2020-07-17", "time": "19:55:56", "tweet": "@KVonderruhr Habe Harry Pother nicht gelesen, kann leider keinen sinnvollen Input dazu geben", "likes_count": 1, "replies_count": 2, "retweets_count": 0, "hashtags": []}
{"id": 1284275560848424961, "date": "2020-07-17", "time": "19:55:29", "tweet": "@emmalftv ty for your input, im trying to avoid songs that mean a lot to people but that's pretty hard :)", "likes_count": 1, "replies_count": 0, "retweets_count": 0, "hashtags": []}
{"id": 1284275539616784384, "date": "2020-07-17", "time": "19:55:23", "tweet": "@cremiepies @mamothpurba Gk sesimpel itu Thal. Aku berusaha ngrumusin masalah yg org lain lihat dgn apa yg aku rasain. Secara garis besar, menurutku masuk ke ranah yg sama. Rapist itu masalah tindakan, nah input apa yg dia dapetin dari konstruksi sosial. Itu maksudnya", "likes_count": 0, "replies_count": 2, "retweets_count": 0, "hashtags": []}
{"id": 1284275453847535616, "date": "2020-07-17", "time": "19:55:03", "tweet": "@GrabsGranite @thenerdrm @troytheboy87 @CdnCapedCrusadr Idk if you like to hear other takes or make your reviews w/o input, but @sttepodcast revisited these at some point. I can track down the episode(s) if you like. Great pod archives. Miss them!", "likes_count": 1, "replies_count": 1, "retweets_count": 0, "hashtags": []}
{"id": 1284275446830583809, "date": "2020-07-17", "time": "19:55:01", "tweet": "@kthfrappe Trump has literally no input on how your school is scheduled.", "likes_count": 0, "replies_count": 0, "retweets_count": 0, "hashtags": []}
{"id": 1284275414437892098, "date": "2020-07-17", "time": "19:54:54", "tweet": "@LamesLankford @washingtonpost If you read further ahead you will see that I already came to that conclusion, but thanks for the input.", "likes_count": 0, "replies_count": 1, "retweets_count": 0, "hashtags": []}
{"id": 1284275301342740480, "date": "2020-07-17", "time": "19:54:27", "tweet": "I'm looking forward to discussing these and other topics with you this evening!  I'd love to get your input!  Text the show at 410-467-9225, or call in at 410-467-WBAL! #Snow4Liberty #WBALRadio", "likes_count": 0, "replies_count": 0, "retweets_count": 0, "hashtags": ["snow4liberty", "wbalradio"]}
{"id": 1284275226050801666, "date": "2020-07-17", "time": "19:54:09", "tweet": "Even if you don't input a direction, which is useful as a feint.", "likes_count": 0, "replies_count": 0, "retweets_count": 0, "hashtags": []}
{"id": 1284275102805303296, "date": "2020-07-17", "time": "19:53:39", "tweet": "@HerdmanJohn @BBCBreaking British army. Bastion of racism. Thanks for your input.", "likes_count": 0, "replies_count": 0, "retweets_count": 0, "hashtags": []}
{"id": 1284274958277861382, "date": "2020-07-17", "time": "19:53:05", "tweet": "Hey Donnie @realDonaldTrump  YOU are responsible for Mary's Fantastic ratings!!! She couldn't have succeeded without your input. 🤣🖕  https://t.co/PBq1lyEeJd", "likes_count": 0, "replies_count": 0, "retweets_count": 0, "hashtags": []}
{"id": 1284274911716859904, "date": "2020-07-17", "time": "19:52:54", "tweet": "@XRPDINAR @BinanceUS Yes, we have Plaid for easy login but if your bank isn't there you can manually input with the routing and account number. Feel you though!", "likes_count": 2, "replies_count": 1, "retweets_count": 0, "hashtags": []}
{"id": 1284274714660220933, "date": "2020-07-17", "time": "19:52:07", "tweet": "@PaulHammelOWH @AGDougPeterson @GovRicketts @SenSteveLathrop Regardless, the AG agrees the #NELeg can appropriate coronavirus funds that are not appropriated. $427M still available. #NELeg can and should hold a hearing to allow public input on the use of these dollars to respond to the pandemic.", "likes_count": 5, "replies_count": 1, "retweets_count": 0, "hashtags": ["neleg", "neleg"]}
{"id": 1284274414029287426, "date": "2020-07-17", "time": "19:50:55", "tweet": "Tagging some fellas that's I fw for more input   @zacaltfather @roy_entertainer @MarkyJ_", "likes_count": 1, "replies_count": 1, "retweets_count": 1, "hashtags": []}
{"id": 1284273829695586306, "date": "2020-07-17", "time": "19:48:36", "tweet": "PUBG | TEXT_INPUT_FAIL | 18+ |  Föllöw Me  https://t.co/OeTBsUza5e", "likes_count": 0, "replies_count": 0, "retweets_count": 0, "hashtags": []}
{"id": 1284273641472106498, "date": "2020-07-17", "time": "19:47:51", "tweet": "And @craigknudsen shares some great input about the variety of musical instruments using Tech available today and... #IntoTomorrow", "likes_count": 0, "replies_count": 0, "retweets_count": 1, "hashtags": ["intotomorrow"]}
{"id": 1284273616591478784, "date": "2020-07-17", "time": "19:47:45", "tweet": "@SevenHarmon Online melee has less input delay than offline ult....what a game", "likes_count": 0, "replies_count": 0, "retweets_count": 0, "hashtags": []}
{"id": 1284273594332327939, "date": "2020-07-17", "time": "19:47:40", "tweet": "@Texas_Hog_Killa @Thomas_Fagan @amazon @JeffBezos any input in this employee?", "likes_count": 0, "replies_count": 0, "retweets_count": 0, "hashtags": []}
{"id": 1284273463444873218, "date": "2020-07-17", "time": "19:47:08", "tweet": "@danaher_patty @chigrl I just finished the McCullough bio of Truman and don't remember. It wasn't input because it was FDR's decision. Sorry.", "likes_count": 0, "replies_count": 0, "retweets_count": 0, "hashtags": []}
{"id": 1284273347677782017, "date": "2020-07-17", "time": "19:46:41", "tweet": "@ianrmcallister @EmmaKennedy He was, this is a peerage ie he gets input into UK law making in the house of lord's. I'm all for a knighthood for services to cricket &amp; charity, but a peerage for supporting Brexit is taking the p*ss", "likes_count": 49, "replies_count": 2, "retweets_count": 3, "hashtags": []}
