{"id": 1257459951993327616, "date": "2020-05-04", "time": "19:59:49", "tweet": "@JohnOyesunle @Shelah_Ivy @IamTemple02 I think people shouldn’t call each other ugly and/or bully each other for clout 🤣🤣🤣 you’re a stranger on the Internet, you let his GP worry about his health. I promise you can care about health and also acknowledge he’s a grown man and he doesn’t need your input.", "likes_count": 0, "replies_count": 0, "retweets_count": 0, "hashtags": []}
{"id": 1257459939494318083, "date": "2020-05-04", "time": "19:59:46", "tweet": "@JayzTwoCents Idk how into the whole Z line you are but curious to hear what you think of this, maybe on a Livestream with @Barnacules, love when you guys both put your input into cars  https://t.co/yBFMVhQ4Eh", "likes_count": 0, "replies_count": 0, "retweets_count": 0, "hashtags": []}
{"id": 1257459890794225664, "date": "2020-05-04", "time": "19:59:35", "tweet": "I didn’t read much of the novel (watched the live action) so maybe I don’t have the rights to give my input, but I think the series itself did the best they could and I enjoyed watching it. I’ve used to watch old school chinese live action dramas and a lot has changed!", "likes_count": 1, "replies_count": 1, "retweets_count": 0, "hashtags": []}
{"id": 1257459884725018627, "date": "2020-05-04", "time": "19:59:33", "tweet": "Input based cash cups/fncs. Holy fuck it would be sooo goooddd", "likes_count": 2, "replies_count": 2, "retweets_count": 0, "hashtags": []}
{"id": 1257459815955288064, "date": "2020-05-04", "time": "19:59:17", "tweet": "@em_lo_ @teslabros Very much alpha collar on a strong beta.  The user input feels last minute.", "likes_count": 0, "replies_count": 0, "retweets_count": 0, "hashtags": []}
{"id": 1257459753846034432, "date": "2020-05-04", "time": "19:59:02", "tweet": "配信者によってコメント欄の雰囲気って違うんだけど、頻発する特定の状況で視聴者があきらめ始めてしまうのは珍しくて面白い", "likes_count": 0, "replies_count": 0, "retweets_count": 0, "hashtags": []}
{"id": 1257459752793247745, "date": "2020-05-04", "time": "19:59:02", "tweet": "Hari ini diawali antara super kesel tapi seneng bisa produktif 1) bangun jam 4 ngecek chat trs super kesel sama orang &amp; hrs ngelarin input data 2) sahur cmn minum milo 3) bisa kelar ngerjain makalah sempro 45 mnt doang 4) kelar nugas 2 matkul lainnya  5) gak tidur lg abis shubuh", "likes_count": 0, "replies_count": 2, "retweets_count": 0, "hashtags": []}
{"id": 1257459695138324480, "date": "2020-05-04", "time": "19:58:48", "tweet": "I get it. And a child’s input is extremely valid... but I want to push the child. No one should ever stay in a loveless marriage. EVER PERIOD! It hurts kids more than the divorce does. I mean they are both painful. But O just he sees his mom in pain and says that? Damn...", "likes_count": 0, "replies_count": 0, "retweets_count": 0, "hashtags": []}
{"id": 1257459519942262784, "date": "2020-05-04", "time": "19:58:06", "tweet": "@LWulfff Thank you so much for your input!! I’m honestly very conflicted with taking AP classes, and I have doubts about them too TT I’ll look into that for sure", "likes_count": 1, "replies_count": 0, "retweets_count": 0, "hashtags": []}
{"id": 1257459448987226116, "date": "2020-05-04", "time": "19:57:49", "tweet": "If you could remove one word from the English language what would it be?  I think I would choose \"hoax\".   .@MerriamWebster, any input?", "likes_count": 0, "replies_count": 0, "retweets_count": 0, "hashtags": []}
{"id": 1257459403885854720, "date": "2020-05-04", "time": "19:57:39", "tweet": "@hafiz_alimiraj @ZaidZamanHamid Na koi input, na koi contribution... bas bakwas karni hai yahan akar... get lost from the page if u dont trust", "likes_count": 12, "replies_count": 3, "retweets_count": 1, "hashtags": []}
{"id": 1257459372416012291, "date": "2020-05-04", "time": "19:57:31", "tweet": "NOTICE!!  How to do a 2-Step Verification on your Whatsapp account. Go to settings on your WhatsApp, Click on Account, Click on Two- step verification, Enter pin, Input your email address, save. If anyone wants to change it,WhatsApp will ask for the Two-step verification.  https://t.co/DkLnVUVjaQ", "likes_count": 0, "replies_count": 0, "retweets_count": 0, "hashtags": []}
{"id": 1257459345270476800, "date": "2020-05-04", "time": "19:57:25", "tweet": "Good news and bad news. The good news is, stream is sorted and runs with minimum input lag now! Bad news is my game is constantly jittery/ dropping frames but everything is saying its still around 250 frames... Any ideas? Round 3 of Tech with Twitter ❤️", "likes_count": 22, "replies_count": 7, "retweets_count": 1, "hashtags": []}
{"id": 1257459174662901763, "date": "2020-05-04", "time": "19:56:44", "tweet": "@Vladimirs_inPut @kate_benedikt @IWashington If you see the full video of it you can see angels twirling around on the other side of the room. It wasn't the objective of the author to show that and I think it was actually overlooked but someone eventually spotted it.", "likes_count": 1, "replies_count": 1, "retweets_count": 0, "hashtags": []}
{"id": 1257459132774387713, "date": "2020-05-04", "time": "19:56:34", "tweet": "手乗り初音ミク OpenCV: Camera Input and Hand Detection OpenGL: 3D Object Rendering  https://t.co/qiDtMqfK9z", "likes_count": 49, "replies_count": 1, "retweets_count": 12, "hashtags": []}
{"id": 1257459095105347585, "date": "2020-05-04", "time": "19:56:25", "tweet": "@AsiyaRodrigo @isasquare Credible coordinator! Genuine apolitical committee of knowledgeable persons, may help. Yet the absence of ward/LG administration (health &amp; environment) should be promptly addressed &amp; establish ad-hoc community leadership as communication link &amp; oversee input distribution.", "likes_count": 2, "replies_count": 0, "retweets_count": 0, "hashtags": []}
{"id": 1257459084267343873, "date": "2020-05-04", "time": "19:56:22", "tweet": "@WoopDoo_DT I appreciate your input but wait until I finish my tweet thread, please so you can get my full side of the story.", "likes_count": 0, "replies_count": 1, "retweets_count": 0, "hashtags": []}
{"id": 1257459078189715457, "date": "2020-05-04", "time": "19:56:21", "tweet": "@peterdaou Would be better knowing if there would be a second stimulus check coming.  Asking for my 70+ y.o. parents both still work p/t and on social security.  I had to help input their info into the IRS website the first time.", "likes_count": 5, "replies_count": 0, "retweets_count": 0, "hashtags": []}
{"id": 1257459055225962497, "date": "2020-05-04", "time": "19:56:15", "tweet": "@notajenny I am so sorry if I never gave you much appreciation or followed until after you came on the podcast. Thank you so much for your input and participation. I can't keep track of all my internet stuff going on so I don't want you to feel snubbed. Great episode", "likes_count": 0, "replies_count": 0, "retweets_count": 0, "hashtags": []}
{"id": 1257458866566180864, "date": "2020-05-04", "time": "19:55:30", "tweet": "@KhaledGhetas @norbusan Looks to me like an input/output situation, where the input is institutionalised racism and the output is lazy ignorance. Folk who can't be arsed to support non-ASCII text don't experience their decisions as racism because they're too busy living the lazy ignorance experience.👹", "likes_count": 3, "replies_count": 1, "retweets_count": 0, "hashtags": []}
{"id": 1257458842201403392, "date": "2020-05-04", "time": "19:55:25", "tweet": "@EsaAkram6 @Malak_k03 No one asked for ur input. Jus shhhh", "likes_count": 1, "replies_count": 0, "retweets_count": 0, "hashtags": []}
{"id": 1257458709149745159, "date": "2020-05-04", "time": "19:54:53", "tweet": "@fitroh_romdani Jika Bapak Fitroh ingin menggunakan nomor HP baru untuk mengakses m-BCA, maka silakan lakukan registrasi kembali (maksimal 10 nomor HP yg berbeda dalam 1 kartu ATM) dengan cara: masukkan kartu ATM dan input PIN pilih menu daftar e-Banking/Autodebet, (1/4) ^Tian", "likes_count": 0, "replies_count": 0, "retweets_count": 0, "hashtags": []}
{"id": 1257458684705353730, "date": "2020-05-04", "time": "19:54:47", "tweet": "@HiltonCSD I think we all understand how tough these times are, but isn’t it only fair the senior class has some input on what happens with graduation ? Just a thought 🤷🏽‍♂️", "likes_count": 9, "replies_count": 0, "retweets_count": 2, "hashtags": []}
{"id": 1257458486348263424, "date": "2020-05-04", "time": "19:54:00", "tweet": "the way other ppl raise their kids IS none of y’all business and guess what y’all still go and do? input your damn business.", "likes_count": 0, "replies_count": 0, "retweets_count": 0, "hashtags": []}
{"id": 1257458386251190274, "date": "2020-05-04", "time": "19:53:36", "tweet": "@RobertBoatengD1 😂 you were supposed to give me input Sir", "likes_count": 0, "replies_count": 1, "retweets_count": 0, "hashtags": []}
{"id": 1257458320996253702, "date": "2020-05-04", "time": "19:53:20", "tweet": "@OrangeGuy_YT @Rynozc It has input delay", "likes_count": 0, "replies_count": 1, "retweets_count": 0, "hashtags": []}
{"id": 1257458319121428482, "date": "2020-05-04", "time": "19:53:20", "tweet": "@Augustlands @CBCAlerts Speaking to Canadians for a few minutes a day during  a news conference is entirely different versus openly discussing  a strategy with all members of parliament . He leads a minority government and needs to embrace input from the official opposition.", "likes_count": 0, "replies_count": 0, "retweets_count": 0, "hashtags": []}
{"id": 1257458239605747712, "date": "2020-05-04", "time": "19:53:01", "tweet": "@ecobank_nigeria When I try to make transfers with d ussd code which is *326# it will tell me to input my pin Nd I DNt have any pin for it,plz how do I go about it?", "likes_count": 0, "replies_count": 1, "retweets_count": 0, "hashtags": []}
{"id": 1257458130243538951, "date": "2020-05-04", "time": "19:52:35", "tweet": "@javheer About 40K per day per person? Lots of input cost enuh. Food, security, health, what else?", "likes_count": 0, "replies_count": 0, "retweets_count": 0, "hashtags": []}
{"id": 1257457991030366208, "date": "2020-05-04", "time": "19:52:02", "tweet": "@Omojuwa @Healthwise @femigbaja @NCDCgov @akinalabi We shouldn't get ahead of ourselves, the law is not just for him. He is a citizen employed to head @NCDCgov. He will hv his input during public hearing or committees level, if he is invited for his professional input.Bill shouldn't be made all about him he can be removed tomorrow", "likes_count": 6, "replies_count": 1, "retweets_count": 1, "hashtags": []}
{"id": 1257457820376674304, "date": "2020-05-04", "time": "19:51:21", "tweet": "Okay, Liberals, you’ve all had your say ... and, just like in Congress, you each don’t think your compadres have exactly voiced how YOU feel, so you all want to say the same thing , in different ways. So ... thanks for your input ... I’ll take it all in stride. Now, it’s old news", "likes_count": 0, "replies_count": 1, "retweets_count": 0, "hashtags": []}
{"id": 1257457750239588353, "date": "2020-05-04", "time": "19:51:04", "tweet": "Di tengah2 pemberitaan yang semakin beragam, di tengah ke gamangan yang semakin terasa auranya, di antara oerasaan keterancaman yang nyata nampaknya, sebait \"pesanNya\" muncul, ketika saya meng-input laporan kholas salah seorang member grup yg saya kawal", "likes_count": 0, "replies_count": 1, "retweets_count": 0, "hashtags": []}
{"id": 1257457712583053312, "date": "2020-05-04", "time": "19:50:55", "tweet": "Be Comfortable knowing whom you are, and what your priorities are too. That way, you will understand that not all twitter trends deserves your input!", "likes_count": 1, "replies_count": 0, "retweets_count": 0, "hashtags": []}
{"id": 1257457663576870912, "date": "2020-05-04", "time": "19:50:44", "tweet": "@Heart_TechINC thank u for the input", "likes_count": 0, "replies_count": 0, "retweets_count": 0, "hashtags": []}
{"id": 1257457618433576961, "date": "2020-05-04", "time": "19:50:33", "tweet": "GUESS THE INPUT V2  https://t.co/h3noAGli0J", "likes_count": 1, "replies_count": 2, "retweets_count": 0, "hashtags": []}
{"id": 1257457607654203394, "date": "2020-05-04", "time": "19:50:30", "tweet": "@gimuz31 As long as I get to have input on the color-coding and font choices! My brain is already wired with certain associations, can't help it", "likes_count": 1, "replies_count": 0, "retweets_count": 0, "hashtags": []}
{"id": 1257457547168174083, "date": "2020-05-04", "time": "19:50:16", "tweet": "How wonderful that such a beautiful thing as spring happens without our input. What else might happen if we only let it? #mindgourmet #spring   https://t.co/OtHKwHvk47  https://t.co/6Qg8S7OMRX", "likes_count": 0, "replies_count": 0, "retweets_count": 1, "hashtags": ["mindgourmet", "spring"]}
{"id": 1257457401848115213, "date": "2020-05-04", "time": "19:49:41", "tweet": "@RazyelScarlet -- frustration. Too much complicated talk always had this result - sooner or later his head was bound to ring thanks to too much input, and him trying to make sense of it with his awkward ways of thinking.  Not exactly something the drone, or --", "likes_count": 0, "replies_count": 1, "retweets_count": 0, "hashtags": []}
{"id": 1257457269723275265, "date": "2020-05-04", "time": "19:49:10", "tweet": "@PodNationPods \"View from a Military Mind\", started in January, I now have 14 episodes out. As the name implies, we give views and insights from a Military point of view. Always looking for guests and input.", "likes_count": 1, "replies_count": 0, "retweets_count": 1, "hashtags": []}
{"id": 1257457251679420416, "date": "2020-05-04", "time": "19:49:05", "tweet": "【Input】 　Js・firebase学習 　SEO/LPO  【Output】 　note・ブログ投稿 　Js×firebaseで作ったSPAレスポンシブ 　リファクタリング 　2つめのSPA検討 　WEBサイト案作成  【Workout】 　腕立て40×3 　アブローラー15×3 　腹筋 しんどくなったらやめる×2 　エリプティカル500×3  【他】 　ブログ更新", "likes_count": 0, "replies_count": 0, "retweets_count": 0, "hashtags": []}
