{"id": 1241514838133637122, "date": "2020-03-21", "time": "19:59:38", "tweet": "@gothicwaifuu @drabvillain Did that. Also made sure to plug my monitor input into the GPU, as AMD doesn’t have intergrated graphics", "likes_count": 0, "replies_count": 1, "retweets_count": 0, "hashtags": []}
{"id": 1241514741983518723, "date": "2020-03-21", "time": "19:59:15", "tweet": "2/3 We also created a signature page. If you agree with our position please consider signing via the link below and sharing with others.   As always, if you have input that differs from or expounds on ours, please reach out to Dean Dishman via email and share your thoughts.", "likes_count": 0, "replies_count": 0, "retweets_count": 0, "hashtags": []}
{"id": 1241514674014826496, "date": "2020-03-21", "time": "19:58:59", "tweet": "@AdkRick @rooslugs Only issue I had with the tomee NES to USB were the phantom left inputs every 5 or so minutes.  But only 1 quick frame phantom input.  I was able to look over that.  Not sure how it would be with a SNES...", "likes_count": 0, "replies_count": 2, "retweets_count": 0, "hashtags": []}
{"id": 1241514653756375040, "date": "2020-03-21", "time": "19:58:54", "tweet": "1/3 After much input from students in all 3 classes, SBA has endorsed the view that spring semester grades should be a universal and mandatory pass/fail. In an effort to voice our opinion to the Administration we drafted an open letter to the Deans.", "likes_count": 0, "replies_count": 0, "retweets_count": 0, "hashtags": []}
{"id": 1241514649104908289, "date": "2020-03-21", "time": "19:58:53", "tweet": "@mrscanary @Ianblackford_MP @michaelgove Thankyou for your input.", "likes_count": 1, "replies_count": 1, "retweets_count": 0, "hashtags": []}
{"id": 1241514528543780866, "date": "2020-03-21", "time": "19:58:24", "tweet": "@bowsermain11 Also I need to use a pro controller because the Z nade input feels infinitely more natural compared to a GCC.  I was shouting obscenities like you wouldn't believe trying to Z nade on a GCC.  With my pro controller I can do it one handed.", "likes_count": 0, "replies_count": 0, "retweets_count": 0, "hashtags": []}
{"id": 1241514508117475329, "date": "2020-03-21", "time": "19:58:19", "tweet": "Is anyone else having issues uploading jobs to @hyphy_software? I have tried 3 different input formats, I keep getting the error: 'Cannot read property 'on' of undefined' (Selection&gt;sites&gt;episodic using MEME)", "likes_count": 2, "replies_count": 1, "retweets_count": 0, "hashtags": []}
{"id": 1241514412487446529, "date": "2020-03-21", "time": "19:57:56", "tweet": "@strathearnrose If you already have a decent hifi, an Amazon Echo Input is brilliant. Use the line out (3.5mm jack plug) to connect to your hifi. All the convenience of Alexa streaming with the sound quality of your old kit.", "likes_count": 0, "replies_count": 0, "retweets_count": 0, "hashtags": []}
{"id": 1241514390001725440, "date": "2020-03-21", "time": "19:57:51", "tweet": "EFL 2 - 01 Aug 2020 -  https://t.co/eyVMP87WkL Throphy Southern Section draw  (no sound input/output)  https://t.co/PMfwZyYSsi", "likes_count": 0, "replies_count": 0, "retweets_count": 0, "hashtags": []}
{"id": 1241514314424406016, "date": "2020-03-21", "time": "19:57:33", "tweet": "For Westworld Season 3, Los Angeles of 2058 Was Built With Input From Bjarke Ingels  https://t.co/Z2YsICgR9Q", "likes_count": 0, "replies_count": 0, "retweets_count": 0, "hashtags": []}
{"id": 1241514202566496256, "date": "2020-03-21", "time": "19:57:06", "tweet": "@anisanur_aen Oiyaaaa, ngoreksi dan input nilaai. Semangat!! . Hahaa kutaktahuu", "likes_count": 0, "replies_count": 1, "retweets_count": 0, "hashtags": []}
{"id": 1241514190336151555, "date": "2020-03-21", "time": "19:57:03", "tweet": "How can I convert the output to list?  I'm new to the Haskell.  I have a question about converting user input to list in Haskell, here is my code:  main = do     putStrLn \"Enter the 10 numbers: \"     result &lt;- getLine     putStrLn (result)  How can I con…  https://t.co/kkAjxhm1Uc", "likes_count": 0, "replies_count": 0, "retweets_count": 2, "hashtags": []}
{"id": 1241513968298004481, "date": "2020-03-21", "time": "19:56:10", "tweet": "@axelgneiting How do you track and keep latency under control? (i.e. player input doesn't get lost in a mess of job message passing)", "likes_count": 20, "replies_count": 3, "retweets_count": 0, "hashtags": []}
{"id": 1241513883728252928, "date": "2020-03-21", "time": "19:55:50", "tweet": "@miketom724 @CommonAmericant @Marcavellii @MariposaWarrior @Youngrasp Been around the globe . This place isn’t all cracked up to be what you preach the argument was invalid the moment you added all your input . I’m still experiencing the same issues as far as freedom no matter what", "likes_count": 1, "replies_count": 0, "retweets_count": 0, "hashtags": []}
{"id": 1241513849162997760, "date": "2020-03-21", "time": "19:55:42", "tweet": "@vijaydattani They are manually input...it'll get there, I promise!", "likes_count": 1, "replies_count": 1, "retweets_count": 0, "hashtags": []}
{"id": 1241513844431818754, "date": "2020-03-21", "time": "19:55:41", "tweet": "Cheery Ruby have fun. What are you waiting for? Download it, input the refer code QTEGZ to get reward.  https://t.co/G8vg61av3Y", "likes_count": 0, "replies_count": 0, "retweets_count": 0, "hashtags": []}
{"id": 1241513837884563456, "date": "2020-03-21", "time": "19:55:39", "tweet": "Your input or what you offer to the team determines your stance in it.", "likes_count": 0, "replies_count": 0, "retweets_count": 0, "hashtags": []}
{"id": 1241513796323037184, "date": "2020-03-21", "time": "19:55:29", "tweet": "It's completely about power. Narcissistic LNP savour the control they have in this serious situation. They have not the least inclination to allow any input from, &amp; in this crisis, a better thought &amp; plan capacitated opposition. To be called out would open up a can of worms.", "likes_count": 0, "replies_count": 0, "retweets_count": 0, "hashtags": []}
{"id": 1241513663032258560, "date": "2020-03-21", "time": "19:54:58", "tweet": "@Kanseulir @msaid_didu salah input, salah ketik, salah pendataan, dst", "likes_count": 0, "replies_count": 0, "retweets_count": 0, "hashtags": []}
{"id": 1241513627221450755, "date": "2020-03-21", "time": "19:54:49", "tweet": "@sparkyrachel Using the digital learning platforms that the kids are already used to in school. Teachers will send virtual input (ie film themselves) &amp; assign/monitor learning tasks. It should be interesting.", "likes_count": 1, "replies_count": 0, "retweets_count": 0, "hashtags": []}
{"id": 1241513562817921030, "date": "2020-03-21", "time": "19:54:34", "tweet": "@joonieesmoon mine are all 5s and 6s, except drama and english lit which are 7. kind of mad bc i was working to raise some of my other grades but i’m over it. apparently teachers are getting somewhat an input too so i know my history teacher will be like !!!! bc i was doing rlly good in that", "likes_count": 0, "replies_count": 0, "retweets_count": 0, "hashtags": []}
{"id": 1241513489614737408, "date": "2020-03-21", "time": "19:54:16", "tweet": "@mmfnkay You can’t put yo input on shit 😂", "likes_count": 0, "replies_count": 1, "retweets_count": 0, "hashtags": []}
{"id": 1241513428767789056, "date": "2020-03-21", "time": "19:54:02", "tweet": "@prairiecannavi1 @shandro Read thread  I dont think fax is more secure you can easily input the wrong number. Just saying docs are very protective of files for good reason.", "likes_count": 0, "replies_count": 0, "retweets_count": 0, "hashtags": []}
{"id": 1241513096679751680, "date": "2020-03-21", "time": "19:52:43", "tweet": "Y'all really got to stop with the negativity. Things suck enough right now without your input. If we are all stuck inside, we should be sharing positive reinforcement, ideas, and good stuff in general. Not \"this guy is stupid\", and \"she's a bitch\". Get ahold of yourselves.", "likes_count": 0, "replies_count": 0, "retweets_count": 0, "hashtags": []}
{"id": 1241513092208414721, "date": "2020-03-21", "time": "19:52:42", "tweet": "@ladyhook56 @Bill_Maxwell_ @MysterySolvent Near constant vocal stimming. Also heavy proprioceptive input.", "likes_count": 0, "replies_count": 0, "retweets_count": 0, "hashtags": []}
{"id": 1241512974583353347, "date": "2020-03-21", "time": "19:52:13", "tweet": "@_atowers Aww, thank you ^__^ might need some input at the start of June if it allll falls through   GUHH &gt;__&lt;", "likes_count": 1, "replies_count": 0, "retweets_count": 0, "hashtags": []}
{"id": 1241512905289465856, "date": "2020-03-21", "time": "19:51:57", "tweet": "Weird discovery of the day: I was using the Kitchen Timer mode on my microwave for the first time in ages. I noticed that the number entry goes left-to-right from minutes, tens, then ones, then seconds. Time Cook however is the standard right-to-left input method.", "likes_count": 1, "replies_count": 0, "retweets_count": 0, "hashtags": []}
{"id": 1241512716625489921, "date": "2020-03-21", "time": "19:51:12", "tweet": "@kryptons_girl Well Kara I miiiight have had some input on the suit as for the dresses well I bought them if you remember and well your just so thicc I wanted to look at it all the time", "likes_count": 1, "replies_count": 0, "retweets_count": 0, "hashtags": []}
{"id": 1241512697579155457, "date": "2020-03-21", "time": "19:51:07", "tweet": "...Is someone willing to make up an input.", "likes_count": 0, "replies_count": 0, "retweets_count": 0, "hashtags": []}
{"id": 1241512657636577282, "date": "2020-03-21", "time": "19:50:58", "tweet": "@thehill GOPs drafting their own stimulus package w/o Dem input.   Fire Sale:Line up lobbyists.  Bribes will no longer be laundered thru MaraLago since it’s closed. Please launder your bribes thru GOP PACs,Donors Fund &amp; Trump 2020 Campaign.   Get your bailout now! #MassNegligentHomicide  https://t.co/Ky6SDL10Uh", "likes_count": 0, "replies_count": 0, "retweets_count": 0, "hashtags": ["massnegligenthomicide"]}
{"id": 1241512526766133249, "date": "2020-03-21", "time": "19:50:27", "tweet": "@ParadoxKng @OrangeGuy_YT @kejzerr He literally switched off his MAIN INPUT and had more faith that his second input would do better. How can you say that’s not busted? Someone who doesn’t play controller has better aim on it", "likes_count": 3, "replies_count": 0, "retweets_count": 0, "hashtags": []}
{"id": 1241512469786329089, "date": "2020-03-21", "time": "19:50:13", "tweet": "@highlyanne @doescience @NSF @IGWMC @Kitware thanks!  it was a great team effort (@LCofthedesert @IGWMC) and we are really proud of it.  Please reach out if you want ideas / input on coupling it to classroom materials.", "likes_count": 0, "replies_count": 0, "retweets_count": 0, "hashtags": []}
{"id": 1241512448508809217, "date": "2020-03-21", "time": "19:50:08", "tweet": "@ScottDMonroe @FiveFreedoms It doesn’t even make sense to discuss coronavirus plans for the community in secret, besides violating the law. The Council needs input to make a plan  ,", "likes_count": 0, "replies_count": 0, "retweets_count": 0, "hashtags": []}
{"id": 1241512330707570689, "date": "2020-03-21", "time": "19:49:40", "tweet": "Guess this guy’s input device Context: his teammate panic launched after I got him weak and he does this  https://t.co/PiN43d6SxM", "likes_count": 5, "replies_count": 1, "retweets_count": 2, "hashtags": []}
{"id": 1241512203448209409, "date": "2020-03-21", "time": "19:49:10", "tweet": "@Rsheekey06 Oh I see, thank you for your input. You enjoy your day as well", "likes_count": 1, "replies_count": 1, "retweets_count": 0, "hashtags": []}
{"id": 1241512151707156480, "date": "2020-03-21", "time": "19:48:57", "tweet": "@progressvoice @christoaivalis Honest question, as a Bernie supporter and volunteer, what is so bad about this video. Isn't he just stunned that his wife came up to him because he didn't see her? Couldn't this happen to anyone? I'd really like your input.", "likes_count": 3, "replies_count": 3, "retweets_count": 0, "hashtags": []}
{"id": 1241511962032422916, "date": "2020-03-21", "time": "19:48:12", "tweet": "@Ginpu Correct! You can share/input a friend code with all your pals 😊", "likes_count": 0, "replies_count": 1, "retweets_count": 0, "hashtags": []}
{"id": 1241511911084171265, "date": "2020-03-21", "time": "19:48:00", "tweet": "My NSO ran out so I had to cut the stream. I messed up an input and couldn't let a viewer get on as well. I feel bad ending the day on that note. I'm gonna stream again at 9pm just to not come off as grimy, completely my fault.", "likes_count": 0, "replies_count": 0, "retweets_count": 0, "hashtags": []}
{"id": 1241511872899231745, "date": "2020-03-21", "time": "19:47:51", "tweet": "@luciarmira Muchísimas gracias, Lucía🧡  Como persona que se considera sex positive me parece muy importante tener un discurso positivo para todes les aces (somos diverses!) y agradezco mucho cualquier input de la gente distinta a mí para ayudarme a mejorar.", "likes_count": 2, "replies_count": 1, "retweets_count": 0, "hashtags": []}
{"id": 1241511730192060416, "date": "2020-03-21", "time": "19:47:17", "tweet": "Sensitivity Conjecture solved in 2 page proof:  the “sensitivity” of a Boolean function tracks, roughly speaking, the likelihood that flipping a single input bit will alter the output bit.  https://t.co/zCUyXdPupA", "likes_count": 1, "replies_count": 1, "retweets_count": 0, "hashtags": []}
{"id": 1241514838133637122, "date": "2020-03-21", "time": "19:59:38", "tweet": "@gothicwaifuu @drabvillain Did that. Also made sure to plug my monitor input into the GPU, as AMD doesn’t have intergrated graphics", "likes_count": 0, "replies_count": 1, "retweets_count": 0, "hashtags": []}
{"id": 1241514741983518723, "date": "2020-03-21", "time": "19:59:15", "tweet": "2/3 We also created a signature page. If you agree with our position please consider signing via the link below and sharing with others.   As always, if you have input that differs from or expounds on ours, please reach out to Dean Dishman via email and share your thoughts.", "likes_count": 0, "replies_count": 0, "retweets_count": 0, "hashtags": []}
{"id": 1241514674014826496, "date": "2020-03-21", "time": "19:58:59", "tweet": "@AdkRick @rooslugs Only issue I had with the tomee NES to USB were the phantom left inputs every 5 or so minutes.  But only 1 quick frame phantom input.  I was able to look over that.  Not sure how it would be with a SNES...", "likes_count": 0, "replies_count": 2, "retweets_count": 0, "hashtags": []}
{"id": 1241514653756375040, "date": "2020-03-21", "time": "19:58:54", "tweet": "1/3 After much input from students in all 3 classes, SBA has endorsed the view that spring semester grades should be a universal and mandatory pass/fail. In an effort to voice our opinion to the Administration we drafted an open letter to the Deans.", "likes_count": 0, "replies_count": 0, "retweets_count": 0, "hashtags": []}
{"id": 1241514649104908289, "date": "2020-03-21", "time": "19:58:53", "tweet": "@mrscanary @Ianblackford_MP @michaelgove Thankyou for your input.", "likes_count": 1, "replies_count": 1, "retweets_count": 0, "hashtags": []}
{"id": 1241514528543780866, "date": "2020-03-21", "time": "19:58:24", "tweet": "@bowsermain11 Also I need to use a pro controller because the Z nade input feels infinitely more natural compared to a GCC.  I was shouting obscenities like you wouldn't believe trying to Z nade on a GCC.  With my pro controller I can do it one handed.", "likes_count": 0, "replies_count": 0, "retweets_count": 0, "hashtags": []}
{"id": 1241514508117475329, "date": "2020-03-21", "time": "19:58:19", "tweet": "Is anyone else having issues uploading jobs to @hyphy_software? I have tried 3 different input formats, I keep getting the error: 'Cannot read property 'on' of undefined' (Selection&gt;sites&gt;episodic using MEME)", "likes_count": 2, "replies_count": 1, "retweets_count": 0, "hashtags": []}
{"id": 1241514412487446529, "date": "2020-03-21", "time": "19:57:56", "tweet": "@strathearnrose If you already have a decent hifi, an Amazon Echo Input is brilliant. Use the line out (3.5mm jack plug) to connect to your hifi. All the convenience of Alexa streaming with the sound quality of your old kit.", "likes_count": 0, "replies_count": 0, "retweets_count": 0, "hashtags": []}
{"id": 1241514390001725440, "date": "2020-03-21", "time": "19:57:51", "tweet": "EFL 2 - 01 Aug 2020 -  https://t.co/eyVMP87WkL Throphy Southern Section draw  (no sound input/output)  https://t.co/PMfwZyYSsi", "likes_count": 0, "replies_count": 0, "retweets_count": 0, "hashtags": []}
{"id": 1241514314424406016, "date": "2020-03-21", "time": "19:57:33", "tweet": "For Westworld Season 3, Los Angeles of 2058 Was Built With Input From Bjarke Ingels  https://t.co/Z2YsICgR9Q", "likes_count": 0, "replies_count": 0, "retweets_count": 0, "hashtags": []}
{"id": 1241514202566496256, "date": "2020-03-21", "time": "19:57:06", "tweet": "@anisanur_aen Oiyaaaa, ngoreksi dan input nilaai. Semangat!! . Hahaa kutaktahuu", "likes_count": 0, "replies_count": 1, "retweets_count": 0, "hashtags": []}
{"id": 1241514190336151555, "date": "2020-03-21", "time": "19:57:03", "tweet": "How can I convert the output to list?  I'm new to the Haskell.  I have a question about converting user input to list in Haskell, here is my code:  main = do     putStrLn \"Enter the 10 numbers: \"     result &lt;- getLine     putStrLn (result)  How can I con…  https://t.co/kkAjxhm1Uc", "likes_count": 0, "replies_count": 0, "retweets_count": 2, "hashtags": []}
{"id": 1241513968298004481, "date": "2020-03-21", "time": "19:56:10", "tweet": "@axelgneiting How do you track and keep latency under control? (i.e. player input doesn't get lost in a mess of job message passing)", "likes_count": 20, "replies_count": 3, "retweets_count": 0, "hashtags": []}
{"id": 1241513883728252928, "date": "2020-03-21", "time": "19:55:50", "tweet": "@miketom724 @CommonAmericant @Marcavellii @MariposaWarrior @Youngrasp Been around the globe . This place isn’t all cracked up to be what you preach the argument was invalid the moment you added all your input . I’m still experiencing the same issues as far as freedom no matter what", "likes_count": 1, "replies_count": 0, "retweets_count": 0, "hashtags": []}
{"id": 1241513849162997760, "date": "2020-03-21", "time": "19:55:42", "tweet": "@vijaydattani They are manually input...it'll get there, I promise!", "likes_count": 1, "replies_count": 1, "retweets_count": 0, "hashtags": []}
{"id": 1241513844431818754, "date": "2020-03-21", "time": "19:55:41", "tweet": "Cheery Ruby have fun. What are you waiting for? Download it, input the refer code QTEGZ to get reward.  https://t.co/G8vg61av3Y", "likes_count": 0, "replies_count": 0, "retweets_count": 0, "hashtags": []}
{"id": 1241513837884563456, "date": "2020-03-21", "time": "19:55:39", "tweet": "Your input or what you offer to the team determines your stance in it.", "likes_count": 0, "replies_count": 0, "retweets_count": 0, "hashtags": []}
{"id": 1241513796323037184, "date": "2020-03-21", "time": "19:55:29", "tweet": "It's completely about power. Narcissistic LNP savour the control they have in this serious situation. They have not the least inclination to allow any input from, &amp; in this crisis, a better thought &amp; plan capacitated opposition. To be called out would open up a can of worms.", "likes_count": 0, "replies_count": 0, "retweets_count": 0, "hashtags": []}
{"id": 1241513663032258560, "date": "2020-03-21", "time": "19:54:58", "tweet": "@Kanseulir @msaid_didu salah input, salah ketik, salah pendataan, dst", "likes_count": 0, "replies_count": 0, "retweets_count": 0, "hashtags": []}
{"id": 1241513627221450755, "date": "2020-03-21", "time": "19:54:49", "tweet": "@sparkyrachel Using the digital learning platforms that the kids are already used to in school. Teachers will send virtual input (ie film themselves) &amp; assign/monitor learning tasks. It should be interesting.", "likes_count": 1, "replies_count": 0, "retweets_count": 0, "hashtags": []}
