{"id": 1228831323269271552, "date": "2020-02-15", "time": "18:59:52", "tweet": "I asked where my lipstick was and corrina replied “probably on my mouth” meant in my bag babe but thanks for the input x", "likes_count": 13, "replies_count": 0, "retweets_count": 0, "hashtags": []}
{"id": 1228831227366518785, "date": "2020-02-15", "time": "18:59:29", "tweet": "@JoeLeVoir Thank you for your input; it has been noted.  https://t.co/bZAB6ZPWWb", "likes_count": 0, "replies_count": 0, "retweets_count": 0, "hashtags": []}
{"id": 1228831144168214528, "date": "2020-02-15", "time": "18:59:10", "tweet": "@RakhaRambe @kandarkilas @AuliaHatiar Input yg sama outputnya bisa beda kaan?😆", "likes_count": 0, "replies_count": 1, "retweets_count": 0, "hashtags": []}
{"id": 1228830847693799425, "date": "2020-02-15", "time": "18:57:59", "tweet": "@notaboutthecell What if...they wanted to export something for their financial forecast input? 🤔  Maybe a calculation based on info at a certain date.  This could be a valid reason, as you might want to store your support for the forecast.", "likes_count": 1, "replies_count": 1, "retweets_count": 0, "hashtags": []}
{"id": 1228830823295672320, "date": "2020-02-15", "time": "18:57:53", "tweet": "@Rhonda_Alimuto @Michael_Karalus Kleiner Input so am Rande bezüglich Soja: Der Großteil davon wird als Futter für die Tiere verarbeitet.", "likes_count": 0, "replies_count": 0, "retweets_count": 0, "hashtags": []}
{"id": 1228830722632318977, "date": "2020-02-15", "time": "18:57:29", "tweet": "@wru4me If he has not been doing the coaching he has certainly had an input into those that have. More energy and commitment tonight than we have seen all season.", "likes_count": 1, "replies_count": 1, "retweets_count": 0, "hashtags": []}
{"id": 1228830681402351617, "date": "2020-02-15", "time": "18:57:19", "tweet": "@april_kellinger @colleenschlegel @breaddrink1 @robdelaney @CharlesMBlow @ava I respect where you’re coming from, &amp; appreciate the input, but do try to be patient &amp; decent, even if you believe they aren’t doing the same. For the most part these folks have made an honest appearance of openness, &amp; that’s worth encouraging.", "likes_count": 1, "replies_count": 2, "retweets_count": 0, "hashtags": []}
{"id": 1228830566168088577, "date": "2020-02-15", "time": "18:56:52", "tweet": "@ChadMayoh @kilky23 @margaret120000 @TheMistressRox @AlynSmith Thankyou for your input on what I know or don't. I simply abhor misinformation and sensationalism.  https://t.co/4yfpasifkJ", "likes_count": 0, "replies_count": 0, "retweets_count": 0, "hashtags": []}
{"id": 1228830541438312448, "date": "2020-02-15", "time": "18:56:46", "tweet": "@million_input まじか、アベマの配信ってテレビより一日遅いのかな(あべまは今日23時放送)", "likes_count": 1, "replies_count": 0, "retweets_count": 0, "hashtags": []}
{"id": 1228830414388764672, "date": "2020-02-15", "time": "18:56:16", "tweet": "@JamesTaylor1374 If they had come out completely for remain the result would have been barely any different, all the people who had any input in to pressuring the leadership to take that stance should apologise and admit they got it wrong.", "likes_count": 1, "replies_count": 1, "retweets_count": 0, "hashtags": []}
{"id": 1228830395648630784, "date": "2020-02-15", "time": "18:56:11", "tweet": "@ESET why is it every time I try to install ur anti-virus, I get the screen where you input all ur information, but when I get to the state line. there is nothing there. just a blue box? I recently bought a power-spec pc and given the option of trying ur virus software", "likes_count": 0, "replies_count": 1, "retweets_count": 0, "hashtags": []}
{"id": 1228830390023942144, "date": "2020-02-15", "time": "18:56:10", "tweet": "#linux #devicetree Re: [PATCH v2] Input: ili210x - add ili2120 support  https://t.co/raBYic8hiy", "likes_count": 0, "replies_count": 0, "retweets_count": 2, "hashtags": ["linux", "devicetree"]}
{"id": 1228830082216554496, "date": "2020-02-15", "time": "18:54:56", "tweet": "#i2c Re: [PATCH RESEND] input: mouse: convert to i2c_new_scanned_device  https://t.co/H6sfGXp67g", "likes_count": 0, "replies_count": 0, "retweets_count": 0, "hashtags": ["i2c"]}
{"id": 1228830031486619649, "date": "2020-02-15", "time": "18:54:44", "tweet": "@JooCarl13645605 @emersoncortes @guilhermagacho sim, depois de 20 anos de instalação massiva de capital  tanto que agora o crescimento deles tá começando a reduzir e o input de capital vai vencer e as coisas começam a esfriar", "likes_count": 0, "replies_count": 0, "retweets_count": 0, "hashtags": []}
{"id": 1228830026944172032, "date": "2020-02-15", "time": "18:54:43", "tweet": "@DehMao @karanjahpn_ You don't seem to get it, what will make those bottom poorest have to eat and enjoy healthcare is the input of those with top IQ who made things happen for the economy but if by connection, mediocrity will be the order of things then the bottom poorest will dip further. Shalom", "likes_count": 0, "replies_count": 0, "retweets_count": 0, "hashtags": []}
{"id": 1228829803857485824, "date": "2020-02-15", "time": "18:53:50", "tweet": "@DeborahMeaden @BorisJohnson Appreciate you're Twitter input to such matters,  have you got any other lines of influence?", "likes_count": 1, "replies_count": 0, "retweets_count": 0, "hashtags": []}
{"id": 1228829642267746304, "date": "2020-02-15", "time": "18:53:11", "tweet": "calculadora de adição  n1 = int(input('Primeiro numero: ')) print('+ ') n2 = int(input('segundo numero: ')) a = n1 + n2 print('resultado {} ' .format(a))", "likes_count": 1, "replies_count": 0, "retweets_count": 0, "hashtags": []}
{"id": 1228829624802643969, "date": "2020-02-15", "time": "18:53:07", "tweet": "{editor} ‘Difficult to predict’ impact of new import controls on farm input prices  https://t.co/YGUJPUXHoe", "likes_count": 0, "replies_count": 0, "retweets_count": 0, "hashtags": []}
{"id": 1228829605663870977, "date": "2020-02-15", "time": "18:53:03", "tweet": "#linux #kernel  Re: [PATCH] Input: ili210x - fix return value of is_visible function  https://t.co/aiZRZbM3Nk", "likes_count": 0, "replies_count": 0, "retweets_count": 0, "hashtags": ["linux", "kernel"]}
{"id": 1228829604300767232, "date": "2020-02-15", "time": "18:53:02", "tweet": "#linux #kernel  Re: [PATCH v2] Input: ili210x - add ili2120 support  https://t.co/ACTAr3DeCD", "likes_count": 0, "replies_count": 0, "retweets_count": 0, "hashtags": ["linux", "kernel"]}
{"id": 1228829535287664641, "date": "2020-02-15", "time": "18:52:46", "tweet": "@hayt88 @Sweordbora @_Felipe @pati_gallardo Bluetooth input works great on macs because it works at the firmware levels. On PCs it will drive you nuts because it doesn’t work at the boot loader. Won’t work cross platform multi boot. And if you somehow get unpaired it doesnt prompt you to pair like a Mac.", "likes_count": 1, "replies_count": 1, "retweets_count": 0, "hashtags": []}
{"id": 1228829362709024768, "date": "2020-02-15", "time": "18:52:05", "tweet": "@CharlieHodgesIA @cristinafortx Appreciate your input; I've still not settled on a candidate and I trust &amp; value your judgement. 😉", "likes_count": 1, "replies_count": 1, "retweets_count": 0, "hashtags": []}
{"id": 1228829348809117696, "date": "2020-02-15", "time": "18:52:01", "tweet": "@SarahDeemerPhD @DrTaraGoddard Thanks, Sarah, for your input.", "likes_count": 1, "replies_count": 0, "retweets_count": 0, "hashtags": []}
{"id": 1228829198258769925, "date": "2020-02-15", "time": "18:51:26", "tweet": "@HitBox_Sora Wanted your opinion on it.  I'm still fairly new to hitbox, but this game doesn't have the same input shortcuts sfv has. I'm sad lol", "likes_count": 0, "replies_count": 2, "retweets_count": 0, "hashtags": []}
{"id": 1228829101798182912, "date": "2020-02-15", "time": "18:51:03", "tweet": "@Vxnsmoke Seeding still isn't good Doesnt matter who gave them input on the redo", "likes_count": 1, "replies_count": 0, "retweets_count": 0, "hashtags": []}
{"id": 1228829075768102915, "date": "2020-02-15", "time": "18:50:56", "tweet": "slight delay in podcasting as I deal with volume input issues in Garageband.", "likes_count": 1, "replies_count": 0, "retweets_count": 0, "hashtags": []}
{"id": 1228828737623470081, "date": "2020-02-15", "time": "18:49:36", "tweet": "@IBJIYONGI @JoshuaACNewman Depends what you mean by \"ideally.\" For the Democratic Party Leadership it means \"we get who we want as a candidate with as much of a veneer of public input as we can manage.\"", "likes_count": 1, "replies_count": 0, "retweets_count": 0, "hashtags": []}
{"id": 1228828712306642944, "date": "2020-02-15", "time": "18:49:30", "tweet": "Blackmagic Design Intensity Pro 4K Capture &amp; Playback Input/Output Card, Ultra HD at 30fps and 1080p at 60fps  https://t.co/wZbA2j37GV  https://t.co/jzP5U4a0Lp", "likes_count": 0, "replies_count": 0, "retweets_count": 0, "hashtags": []}
{"id": 1228828560389001217, "date": "2020-02-15", "time": "18:48:53", "tweet": "@heardyouslim @kaidyngood Golden Garden have fun. What are you waiting for? Download it, input the refer code 3ID2X to get reward.  https://t.co/EG7uNELIzh", "likes_count": 0, "replies_count": 0, "retweets_count": 0, "hashtags": []}
{"id": 1228828484841033728, "date": "2020-02-15", "time": "18:48:35", "tweet": "@UT_couch_coach @_danny93_ Probably not, but He called people worse.   I said he was acting like one. I’ve acted like one too.   Thanks for your input. 👍🏻", "likes_count": 0, "replies_count": 0, "retweets_count": 0, "hashtags": []}
{"id": 1228828418478706688, "date": "2020-02-15", "time": "18:48:20", "tweet": "(12/12) In scientific simulation, you can know the correct output for a given input because you can run your expensive simulation on it.", "likes_count": 0, "replies_count": 0, "retweets_count": 0, "hashtags": []}
{"id": 1228828417816031232, "date": "2020-02-15", "time": "18:48:19", "tweet": "(11/12) In typical GANs, you can know the correct output for a given input because you know whether the input was an authentic example, or whether it was generated.", "likes_count": 0, "replies_count": 1, "retweets_count": 0, "hashtags": []}
{"id": 1228828417182724096, "date": "2020-02-15", "time": "18:48:19", "tweet": "(10/12) It seems that adversarial training can be applied whenever you have a way to know the correct answer for an arbitrary input.", "likes_count": 0, "replies_count": 1, "retweets_count": 0, "hashtags": []}
{"id": 1228828415832158208, "date": "2020-02-15", "time": "18:48:19", "tweet": "(8/12) 3. Then, use the expensive slow simulation on this adversarial inputs to learn its true output. Add this input/output example to the training set for both the emulation and error prediction networks.", "likes_count": 0, "replies_count": 1, "retweets_count": 0, "hashtags": []}
{"id": 1228828415182065664, "date": "2020-02-15", "time": "18:48:19", "tweet": "(7/12) 2. Then, run the error prediction network in reverse in order to generate an input that is adversarial to emulation network.", "likes_count": 0, "replies_count": 1, "retweets_count": 0, "hashtags": []}
{"id": 1228828414510915584, "date": "2020-02-15", "time": "18:48:19", "tweet": "(6/12) 1. Alongside the emulator network, train an error prediction network which learns to predict how accurately the emulator will perform on a given input.", "likes_count": 0, "replies_count": 1, "retweets_count": 0, "hashtags": []}
{"id": 1228828411050655744, "date": "2020-02-15", "time": "18:48:18", "tweet": "(1/12) Expensive scientific simulations can often be significantly accelerated by using input/output examples from the expensive simulation to train a much faster neural network. (See e.g. this impressive result  https://t.co/hqx5XGZ9SB)", "likes_count": 3, "replies_count": 1, "retweets_count": 0, "hashtags": []}
{"id": 1228828385780125696, "date": "2020-02-15", "time": "18:48:12", "tweet": "@qdiggs6 @_gy2_ Golden Garden have fun. What are you waiting for? Download it, input the refer code 3ID2X to get reward.  https://t.co/EG7uNELIzh", "likes_count": 0, "replies_count": 0, "retweets_count": 0, "hashtags": []}
{"id": 1228828170088001536, "date": "2020-02-15", "time": "18:47:20", "tweet": "@vampirefucker69 it comes with a gold bottle cap and it's level 100 too so i just might. thank u for both things of ur input x", "likes_count": 1, "replies_count": 2, "retweets_count": 0, "hashtags": []}
{"id": 1228828064685187074, "date": "2020-02-15", "time": "18:46:55", "tweet": "Gender is a construct but i refer to electronic input and output ports as male and female. Am i part of the problem?", "likes_count": 1, "replies_count": 1, "retweets_count": 0, "hashtags": []}
{"id": 1228827956644122624, "date": "2020-02-15", "time": "18:46:30", "tweet": "Hey guys, can you guys please give your input. What do you guys think of domestic violence?", "likes_count": 0, "replies_count": 1, "retweets_count": 0, "hashtags": []}
{"id": 1228827948821688323, "date": "2020-02-15", "time": "18:46:28", "tweet": "Together with @MSTRMN_ and @thexpaw's input I have a solution for this that -seems- to be performing okay enough. Importing all builds is taking a while (but only a minute or so per build) so can start properly testing/implementing tomorrow.  TL;DR: See image + FIND_IN_SET.  https://t.co/Ygdy0zQBMe", "likes_count": 2, "replies_count": 1, "retweets_count": 0, "hashtags": []}
{"id": 1228827694642626561, "date": "2020-02-15", "time": "18:45:27", "tweet": "@ArtLikeFrosty did you guys check for the input bug yet", "likes_count": 0, "replies_count": 1, "retweets_count": 0, "hashtags": []}
{"id": 1228827687285919746, "date": "2020-02-15", "time": "18:45:25", "tweet": "This year, P-IE is updating its Wildly Important Goals (WIGs) and is seeking input from members. Please share your WIGs ideas here and with the governing council members. See the newsletter for more info. @ECP_Entsoc @EntsocAmerica", "likes_count": 6, "replies_count": 0, "retweets_count": 5, "hashtags": []}
{"id": 1228827647079305218, "date": "2020-02-15", "time": "18:45:16", "tweet": "@FuckNickx Shit do good damage but you miss one input and the whole shit misses", "likes_count": 0, "replies_count": 0, "retweets_count": 0, "hashtags": []}
{"id": 1228827609003446272, "date": "2020-02-15", "time": "18:45:07", "tweet": "@senatemajldr Taking the decision away from the incompetent boob in the white house, and putting it in the hands of congress isn't taking the option off the table. An option we don't need BTW. But thanks for the bullshit input #MoscowMitch", "likes_count": 0, "replies_count": 0, "retweets_count": 0, "hashtags": ["moscowmitch"]}
{"id": 1228827586572308481, "date": "2020-02-15", "time": "18:45:01", "tweet": "\"96% of B2B buyers want content with more input from industry thought leaders\"   Getting involved in the #contentmarketing game has never been more important for businesses. Become the thought leader for your industry.   Via @ConvergeToday    https://t.co/j698xIyotz", "likes_count": 0, "replies_count": 0, "retweets_count": 1, "hashtags": ["contentmarketing"]}
{"id": 1228827530481881089, "date": "2020-02-15", "time": "18:44:48", "tweet": "@KKR0NOS Incroyable le input lag est horrible et en plus de ça je joue sur du 60 de ping", "likes_count": 0, "replies_count": 0, "retweets_count": 0, "hashtags": []}
{"id": 1228827523766554624, "date": "2020-02-15", "time": "18:44:46", "tweet": "#linux #devicetree Re: [PATCH 3/3] Input: tm2-touchkey - add support for Coreriver TC360…  https://t.co/NOtdxriKmo", "likes_count": 0, "replies_count": 0, "retweets_count": 2, "hashtags": ["linux", "devicetree"]}
{"id": 1228827522550288384, "date": "2020-02-15", "time": "18:44:46", "tweet": "#linux #devicetree Re: [PATCH 2/3] dt-bindings: input: add Coreriver TC360 binding  https://t.co/YZIsa9iXcp", "likes_count": 0, "replies_count": 0, "retweets_count": 2, "hashtags": ["linux", "devicetree"]}
{"id": 1228827383542583296, "date": "2020-02-15", "time": "18:44:13", "tweet": "入力してない人限定招待コード=14cf1dr6k　入力後保存曲増えるよ The more people save song limited invitation code = 14cf1dr6k input after you have not entered #iLoveMusic", "likes_count": 0, "replies_count": 0, "retweets_count": 0, "hashtags": ["ilovemusic"]}
{"id": 1228827379407237120, "date": "2020-02-15", "time": "18:44:12", "tweet": "Just go see the goddamn movie instead of looking for a reason. This age of needing OTHER people’s input before even seeing or playing something is aggravating. Make your own decision and decide your judgement then. Insane I know 🙄 #ReasonsToSupportBoP", "likes_count": 0, "replies_count": 0, "retweets_count": 0, "hashtags": ["reasonstosupportbop"]}
{"id": 1228827376865300481, "date": "2020-02-15", "time": "18:44:11", "tweet": "@menu_eco_input ですなヽ(*´∀｀)ノ 何かがですか(笑)", "likes_count": 1, "replies_count": 0, "retweets_count": 0, "hashtags": []}
{"id": 1228827343533330432, "date": "2020-02-15", "time": "18:44:03", "tweet": "@FREEZE64UK Oh god I forgot about input used to love it", "likes_count": 0, "replies_count": 0, "retweets_count": 0, "hashtags": []}
{"id": 1228827322238853121, "date": "2020-02-15", "time": "18:43:58", "tweet": "@Tyrone_KB problem is they aren't different enough. The game needs to be built around both input devices instead of just one.", "likes_count": 5, "replies_count": 0, "retweets_count": 0, "hashtags": []}
