{"id": 1225569855996342272, "date": "2020-02-06", "time": "18:59:58", "tweet": "@vmsalama Wait, so this is a third attack? How is Congress progressing on their effort to pass legislation to rescind the order and require Congressional input and approval for funding these attacks? @SpeakerPelosi", "likes_count": 0, "replies_count": 0, "retweets_count": 0, "hashtags": []}
{"id": 1225569850610900995, "date": "2020-02-06", "time": "18:59:57", "tweet": "@OVERPRlCED thanks for your input", "likes_count": 0, "replies_count": 0, "retweets_count": 0, "hashtags": []}
{"id": 1225569848207585282, "date": "2020-02-06", "time": "18:59:56", "tweet": "@DustyNun @VoltsBro @FiberAlex bcs i don't have a keyboard and Mouse and it costs a lot aswell as only thing i can do on kbm is minecraft and controller players get more clout if they are gods so yh dont wanna spend 3 months learning the input instead id rather play scrims and vod review in those months", "likes_count": 1, "replies_count": 1, "retweets_count": 0, "hashtags": []}
{"id": 1225569788526825472, "date": "2020-02-06", "time": "18:59:42", "tweet": "@TMFanSupport Please check your dms I'm still having trouble I select my seat input the code sign in again but I'm not able to move foward please help!!! The verification pop up won't finish loading.  https://t.co/FwLSXqN7bR", "likes_count": 0, "replies_count": 0, "retweets_count": 0, "hashtags": []}
{"id": 1225569719522091008, "date": "2020-02-06", "time": "18:59:25", "tweet": "@TIA_EWING There are these things called morals, ethics, integrity, and autonomy. With that in mind, I’m pretty certain that she has a great deal of input into her questions, who she interviews, etc. With all of that in mind she should’ve tabled those questions for a later date.", "likes_count": 0, "replies_count": 0, "retweets_count": 0, "hashtags": []}
{"id": 1225569685665652736, "date": "2020-02-06", "time": "18:59:17", "tweet": "A- Ryan Cleary says regrets about muskrat falls but had no input and regrets not speaking up.  Take a look at proportional representation; still uphill battle for NL - some provinces more equal than others and NL faces difficulty in advocating for collective interests", "likes_count": 0, "replies_count": 1, "retweets_count": 0, "hashtags": []}
{"id": 1225569614194782209, "date": "2020-02-06", "time": "18:59:00", "tweet": "@frikarashi @MarinJr21 This is a problematic observation that assumes that culture and identity are purely externally input by the society.  I would refrain from saying people lost their identity; they may just be shedding what is put onto them in favor of what they themselves want to wear.", "likes_count": 1, "replies_count": 0, "retweets_count": 0, "hashtags": []}
{"id": 1225569597555953673, "date": "2020-02-06", "time": "18:58:56", "tweet": "@Plasma_XJT Thanks for reaching out! We're actively listening to everyone's feedback about the recent changes, and I'll be sure to pass your input along.  If you'd like to hear more about why we made these changes + our plans moving forward, check out this post here:  https://t.co/6483PQ1tCr", "likes_count": 0, "replies_count": 0, "retweets_count": 0, "hashtags": []}
{"id": 1225569536226652160, "date": "2020-02-06", "time": "18:58:42", "tweet": "I’m not gonna lie, the good doctor is my guilty pleasure show. How do people with #autism feel about the representation? #actuallyautistic any input? I’d like to make sure I’m supporting an acceptable representation", "likes_count": 3, "replies_count": 1, "retweets_count": 0, "hashtags": ["autism", "actuallyautistic"]}
{"id": 1225569516463239168, "date": "2020-02-06", "time": "18:58:37", "tweet": "@gccarra @DruhFarrell @CenturyHomesYYC @mike_mwilhelm @erin_joslin @ClintRobertson_ @prairieswan @n_hawryluk @mcmillan_ali @HillhurstSunny @InglewoodYYC @ramsaycalgary @CBM_CA @BankviewCA @BRCAssociation @SunaltaYYC @EWoolleyWard8 @JeromyYYC @fedyyc It’s clear it wasn’t written or researched with much broad developer or builder input on actual fiscal thoughts re incentives and processes and costs. IMHO.  Doesn’t protect against demo really either (likely can’t for legal reasons anyway)", "likes_count": 0, "replies_count": 0, "retweets_count": 0, "hashtags": []}
{"id": 1225569516119351303, "date": "2020-02-06", "time": "18:58:37", "tweet": "Okie so I plan on opening commissions sometime soon. I think I might be getting close to my final prices for comms, so I'd really like your guy's input if these prices are fair or not ;w;  https://t.co/63aeISNkXW", "likes_count": 2, "replies_count": 0, "retweets_count": 0, "hashtags": []}
{"id": 1225569450084229125, "date": "2020-02-06", "time": "18:58:21", "tweet": "@NoContextRew I'm honestly not complaining. there's literally nothing wrong with having opinions and I genuinely appreciate your input I just thought it was funny is all", "likes_count": 1, "replies_count": 0, "retweets_count": 0, "hashtags": []}
{"id": 1225569334996676608, "date": "2020-02-06", "time": "18:57:54", "tweet": "@Grimmiges @Volksverpetzer @CDU Für diese Grafiken isses grad echt zu spät, die muss ich mir morgen früh oder so nochmal angucken o_o  Zu viel Input mit zu vielen bunten Strichen 😵", "likes_count": 0, "replies_count": 1, "retweets_count": 0, "hashtags": []}
{"id": 1225569143379853312, "date": "2020-02-06", "time": "18:57:08", "tweet": "@JohnGil13866624 @MorganPaulett Great input. Cheers. Who said it was an argument?", "likes_count": 0, "replies_count": 1, "retweets_count": 0, "hashtags": []}
{"id": 1225569071086915584, "date": "2020-02-06", "time": "18:56:51", "tweet": "Google has a Continuity problem and it's holding Android back - Input  https://t.co/5yBOll7Vm2", "likes_count": 0, "replies_count": 0, "retweets_count": 0, "hashtags": []}
{"id": 1225569036169359361, "date": "2020-02-06", "time": "18:56:42", "tweet": "@TBrandStudio Love this and the built in furniture. I mention this very idea when my city ask for public input Most wont do for fear of surrounding home values", "likes_count": 0, "replies_count": 0, "retweets_count": 0, "hashtags": []}
{"id": 1225568937343148033, "date": "2020-02-06", "time": "18:56:19", "tweet": "@exitAB2014 @TomLondon6 @mrsinisterlefty Indeed, Smith seemed to have seen himself simply as an social observer of systems, and their input and putouts. That is his ultimate question after all: why are some nations poor, while others are wealthy.", "likes_count": 0, "replies_count": 0, "retweets_count": 0, "hashtags": []}
{"id": 1225568930615451648, "date": "2020-02-06", "time": "18:56:17", "tweet": "@dave_boellner @SheilaDixonBalt She has. Many times. But it's very important for the community to have input. This has to be a collaborative effort", "likes_count": 0, "replies_count": 0, "retweets_count": 0, "hashtags": []}
{"id": 1225568924152016897, "date": "2020-02-06", "time": "18:56:16", "tweet": "@JLCvirologist I think the guys has to come out . He’s coming tomorrow morning so hopefully it’ll be less laggy. Thanks for your input !", "likes_count": 0, "replies_count": 1, "retweets_count": 0, "hashtags": []}
{"id": 1225568856321773569, "date": "2020-02-06", "time": "18:55:59", "tweet": "@GeraldUndone Next video will try a mix of A and C, moving the light to the opposite side and working on the colors a little more. A and B are slog 2 and C is hlg 3. I think the ACES input profile for slog is better suited for 10bit slog 3 maybe, colors can get really weird in the highlights", "likes_count": 0, "replies_count": 1, "retweets_count": 0, "hashtags": []}
{"id": 1225568797354086400, "date": "2020-02-06", "time": "18:55:45", "tweet": "@papayahunnie yeah this is one of the best lux's skins! i play lux a lot when with friends. and i play soraka when alone. so this skin will definitely be used a lot! but im still not sure omg. ill think about it! thank you for your input!", "likes_count": 1, "replies_count": 1, "retweets_count": 0, "hashtags": []}
{"id": 1225568755222114305, "date": "2020-02-06", "time": "18:55:35", "tweet": "@lordofparis @arsenalnewsasit @AllAboutTheAFC @henry_gooner @JonAFCGooner7 @gentillezombie @Judy_Cockerton @witchhusband @odettesharn @Ballistix99 @thomas0471964 @goonertowers @SteveReddington @Gooner781 @Officialelsamo @DebbieB48 @DeeGunner_ @LGoonerHoward @ltarsenal Gilles - if our paths ever cross - I am not sure where we can meet (for a coffee?) as you have impressively reduced your input of harmful drinks and food 🥘!   Commendable!   #COYG  https://t.co/ZX9pz73lgg", "likes_count": 3, "replies_count": 1, "retweets_count": 0, "hashtags": ["coyg"]}
{"id": 1225568742077345793, "date": "2020-02-06", "time": "18:55:32", "tweet": "@gaianiwaki There’s a lot of truth to this here. Thank you for the input 🙏🏼", "likes_count": 1, "replies_count": 0, "retweets_count": 0, "hashtags": []}
{"id": 1225568536870809600, "date": "2020-02-06", "time": "18:54:43", "tweet": "My body, brain, and organs: We've decided to go another way. Your input has been noted and filed away in the round bin.", "likes_count": 1, "replies_count": 0, "retweets_count": 0, "hashtags": []}
{"id": 1225568456340332544, "date": "2020-02-06", "time": "18:54:24", "tweet": "@bornXG @VoltsBro @FiberAlex I hear ya, kbm is the alpha input. So why wouldn’t you switch? Like you said it’s easier to build, edit, trap, etc. Doesn’t take long to transition, so WHY don’t controller players just switch to mkb?", "likes_count": 1, "replies_count": 4, "retweets_count": 0, "hashtags": []}
{"id": 1225568285632192514, "date": "2020-02-06", "time": "18:53:43", "tweet": "“The rule does contemplate that there could be an exception provided that there are certain safeguards built in. The safeguards would essentially ensure that there is no controlled input whatever from the club to the betting operator...\"", "likes_count": 1, "replies_count": 0, "retweets_count": 0, "hashtags": []}
{"id": 1225568273661616131, "date": "2020-02-06", "time": "18:53:41", "tweet": "Low input bias current: 25nA (typ.) thats way better than RTL Logic", "likes_count": 0, "replies_count": 0, "retweets_count": 0, "hashtags": []}
{"id": 1225568237171232770, "date": "2020-02-06", "time": "18:53:32", "tweet": "i can’t stress how easy this pattern was to use...it’s really intuitive to follow and the fit looks REALLY flattering judging by how it sits on a dressform and how the flat pieces look  i followed a guide from maridah for ages ago for a botw zelda dress and got her input on fit-", "likes_count": 2, "replies_count": 1, "retweets_count": 0, "hashtags": []}
{"id": 1225568236621660162, "date": "2020-02-06", "time": "18:53:32", "tweet": "Help us provide great spaces! We need your valuable input! Join us for the Parks Master Plan Update Meeting on February 20th, 6:30p-8:00pm at the Hampton Roads Convention Center. @ Hampton Roads Convention Center  https://t.co/iUkpHEWHfa", "likes_count": 0, "replies_count": 0, "retweets_count": 0, "hashtags": []}
{"id": 1225568100755611650, "date": "2020-02-06", "time": "18:52:59", "tweet": "@PinkVaporGaming That's wild, I got it though. Thanks for the input!", "likes_count": 0, "replies_count": 0, "retweets_count": 0, "hashtags": []}
{"id": 1225568002919325700, "date": "2020-02-06", "time": "18:52:36", "tweet": "Today I learned that, back in July, an action officer staffed a lengthy document for my cdr’s signature. My input was, “no legal objection. Here are a couple minor recommendations.” He interpreted this as “legal said no,” then withdrew the staffing packet and apparently gave up.", "likes_count": 18, "replies_count": 2, "retweets_count": 0, "hashtags": []}
{"id": 1225567968408543237, "date": "2020-02-06", "time": "18:52:28", "tweet": "@chrisweidman You might know something we don’t! I appreciate fighters input!", "likes_count": 0, "replies_count": 0, "retweets_count": 0, "hashtags": []}
{"id": 1225567940935856129, "date": "2020-02-06", "time": "18:52:21", "tweet": "@kirbykirbybee @KickLikeAGirlFM Good luck tonight &amp; all season. Can't be there tonight but I'd like to thank you for your contributions &amp; I enjoy listening/reading your input. New talent is being exposed to a big audience, both on &amp; off the field, and the sport is better for it.", "likes_count": 0, "replies_count": 0, "retweets_count": 0, "hashtags": []}
{"id": 1225567926687805441, "date": "2020-02-06", "time": "18:52:18", "tweet": "@snoda0 Well guess what I'm on ps4 with a 60hz TV and they both have input delay so get on my level", "likes_count": 0, "replies_count": 0, "retweets_count": 0, "hashtags": []}
{"id": 1225567834916425728, "date": "2020-02-06", "time": "18:51:56", "tweet": "@LocusSK Regular power dunk or input powerdunk!", "likes_count": 0, "replies_count": 1, "retweets_count": 0, "hashtags": []}
{"id": 1225567685586624515, "date": "2020-02-06", "time": "18:51:20", "tweet": "\"You know everyone loves Kirby when you get set pieces where you have no input and it has no purpose other than looking cool and yet no one complains about them unlike in Sonic the Hedgehog\" jhfhgd", "likes_count": 2, "replies_count": 0, "retweets_count": 0, "hashtags": []}
{"id": 1225567636240523264, "date": "2020-02-06", "time": "18:51:09", "tweet": "@mariokart Xbox’s move to go more casual and focus on streaming is also a good move for hardcore and casual players. If they can fix the lag, input delay, and shoddy visuals with streaming games then everyone wins. Just my two cents", "likes_count": 0, "replies_count": 0, "retweets_count": 0, "hashtags": []}
{"id": 1225567568368480257, "date": "2020-02-06", "time": "18:50:52", "tweet": "@Channel4 despicable one sided programme #Barrymore had no input and it was all from one side.   Maybe it’s about time people realised he was also a victim.    All because he was famous and gay!    Sympathy for the family but I think #Barrymore has been more than cooperative", "likes_count": 0, "replies_count": 0, "retweets_count": 0, "hashtags": ["barrymore", "barrymore"]}
{"id": 1225567564929081346, "date": "2020-02-06", "time": "18:50:52", "tweet": "@rukhsanabooks @emilylhauser @s In point of fact, it's a painful process of carefully analysis to look for bias that's almost impossible to discern without outside input.  Critical thinking is challenging on a good day. I take solace in the fact that ethnicity will be measured in fractions of a percent someday.", "likes_count": 0, "replies_count": 1, "retweets_count": 0, "hashtags": []}
{"id": 1225567554808184833, "date": "2020-02-06", "time": "18:50:49", "tweet": "@gyonchuu @GaemKang thank u for the input, babie", "likes_count": 1, "replies_count": 2, "retweets_count": 0, "hashtags": []}
