{"id": 1234629408704671744, "date": "2020-03-02", "time": "18:59:23", "tweet": "How is playing a 4 bar connection on BBTAG the worst connection to play?? I always have input lag against a 4 bar!!", "likes_count": 0, "replies_count": 0, "retweets_count": 0, "hashtags": []}
{"id": 1234629404581662720, "date": "2020-03-02", "time": "18:59:23", "tweet": "@niffinandback @DaveDadand @jukie12345 @krasmanalderey @BernieSanders Because I don't believe it's the governments responsibility to tell anyone how they will run their lives, or businesses, or any other aspect of their lives. They already have enough input, I think too much, but more makes the populus even more vulnerable.", "likes_count": 1, "replies_count": 1, "retweets_count": 0, "hashtags": []}
{"id": 1234629400194252801, "date": "2020-03-02", "time": "18:59:21", "tweet": "@GaryField_94 @assafiri_hana @Dick_Splint @AlanOWhite @QandA Gary your input has been nothing but petulant and pithy. Try making a point on the topic at hand. And abusing someone personally counts for negative scores.", "likes_count": 0, "replies_count": 2, "retweets_count": 0, "hashtags": []}
{"id": 1234629116508303365, "date": "2020-03-02", "time": "18:58:14", "tweet": "Today's arrivals! Juukou B-Fighter / Input Magnum  https://t.co/DkHspg8Ylr #bfighter  https://t.co/6k7HUhkGRr", "likes_count": 45, "replies_count": 0, "retweets_count": 9, "hashtags": ["bfighter"]}
{"id": 1234629067212718080, "date": "2020-03-02", "time": "18:58:02", "tweet": "I want to get your guys input on this. I have been playing 6 tracks per episode and could possibly play more per episode. Would you guys want an increase in tracks or just keep it how it is?", "likes_count": 1, "replies_count": 2, "retweets_count": 2, "hashtags": []}
{"id": 1234629063869857793, "date": "2020-03-02", "time": "18:58:01", "tweet": "@real_super_aj @xaelbot That's a good point, I never thought about it that way. Thanks for your input! 👍🏻", "likes_count": 0, "replies_count": 0, "retweets_count": 0, "hashtags": []}
{"id": 1234628894528962561, "date": "2020-03-02", "time": "18:57:21", "tweet": "Trying to come up with a function that will input a number, and output  * -1 if it's closest to an odd-integer multiple of pi * 1 if it's closest to an even-integer multiple of pi * 0 if it's exactly halfway between I am not finding it easy.", "likes_count": 3, "replies_count": 2, "retweets_count": 0, "hashtags": []}
{"id": 1234628747585839104, "date": "2020-03-02", "time": "18:56:46", "tweet": "@RepStefanik Notice how Elise NEVER does events where the public has any input. You can’t talk on the receiving end of these calls just like you can’t ask questions at the MODERATED event she’s having in Saratoga with @DevinNunes", "likes_count": 0, "replies_count": 0, "retweets_count": 0, "hashtags": []}
{"id": 1234628659887136771, "date": "2020-03-02", "time": "18:56:25", "tweet": "We will continue to share details about Google Cloud Next ‘20: Digital Connect over the coming weeks. But, we also want to hear from YOU. Be on the lookout as we ask for your input on how we can make this an immersive and inspiring experience for all. #GoogleCloudNext", "likes_count": 0, "replies_count": 0, "retweets_count": 0, "hashtags": ["googlecloudnext"]}
{"id": 1234628627070930949, "date": "2020-03-02", "time": "18:56:17", "tweet": "@mrschmil @BonfieldBees @mrschmil They LOVED it! Thank you for your input!", "likes_count": 0, "replies_count": 0, "retweets_count": 0, "hashtags": []}
{"id": 1234628601665900544, "date": "2020-03-02", "time": "18:56:11", "tweet": "@greentheonly @Twonius @solivera2g3 Why do you think it is a fair price? Seems like a lot but I’m not sure. Thanks for your input. Cheers", "likes_count": 0, "replies_count": 1, "retweets_count": 0, "hashtags": []}
{"id": 1234628559764885504, "date": "2020-03-02", "time": "18:56:01", "tweet": "@SimplyKyana_ 😭💕 I adore you! I’m increasing my work input so hopefully sooooon lol", "likes_count": 0, "replies_count": 1, "retweets_count": 0, "hashtags": []}
{"id": 1234628490475048961, "date": "2020-03-02", "time": "18:55:45", "tweet": "@ambercdouglas @reeseer1 @AngelaDHillis @Rosie @drb4eva If we win enough seats... their input will be irrelevant.   I know that 60 seats is highly unlikely though🤨  We will hammer everything we can through with a small majority in the Senate.", "likes_count": 0, "replies_count": 0, "retweets_count": 0, "hashtags": []}
{"id": 1234628392810496000, "date": "2020-03-02", "time": "18:55:21", "tweet": "@BraveBapika @ThreeDailey @Jaclynhill Hence the popular opinion that she only slaps her name on products, she doesn’t own anything (formulas) nor has any input on what “she creates” they just need her to sell", "likes_count": 2, "replies_count": 0, "retweets_count": 0, "hashtags": []}
{"id": 1234628177735147522, "date": "2020-03-02", "time": "18:54:30", "tweet": "@SaneShockingly @Glytcherz @ACMenes Thanks for the input, I'll have to check out what some decent options might be. I should probably try to figure out how long an average match is and decide on how long the loop should be before figuring out anything else.", "likes_count": 1, "replies_count": 1, "retweets_count": 0, "hashtags": []}
{"id": 1234628137931005952, "date": "2020-03-02", "time": "18:54:21", "tweet": "@floflow35 @myR_quiK @DVN_Beek Being able to react in 10 frames (not accounting for the ~5 frames of input delay) is pretty big though - it allows you to jab lock reactively, react to all parries, and hit confirm a bit easier since all those things make distinctive sounds", "likes_count": 1, "replies_count": 1, "retweets_count": 0, "hashtags": []}
{"id": 1234628129563578368, "date": "2020-03-02", "time": "18:54:19", "tweet": "@kappadawg2K Thanks for the input. You know anything about their biomedical science/pre-health concentration program?", "likes_count": 1, "replies_count": 2, "retweets_count": 0, "hashtags": []}
{"id": 1234628114145255425, "date": "2020-03-02", "time": "18:54:15", "tweet": "@m1240bigal Ok so it’s because of the faster input and motion is less blurry", "likes_count": 1, "replies_count": 1, "retweets_count": 0, "hashtags": []}
{"id": 1234627785332838400, "date": "2020-03-02", "time": "18:52:56", "tweet": "@missmatsuko In the past, I frequently designed forms in such a (responsive) way that input fields filled the entire width on small screens &amp; had labels above them, but on larger screens those same input fields had a smaller fixed width, and the labels went to the left of those fields...", "likes_count": 0, "replies_count": 1, "retweets_count": 0, "hashtags": []}
{"id": 1234627753028259841, "date": "2020-03-02", "time": "18:52:49", "tweet": "@MattHDGamer 14-12, played poorly but the input delay on Saturday def didn't help", "likes_count": 0, "replies_count": 0, "retweets_count": 0, "hashtags": []}
{"id": 1234627709239775232, "date": "2020-03-02", "time": "18:52:38", "tweet": "@MattHDGamer had to use some bollocks dns thing to get round the freeze which had a massive amount of input delay", "likes_count": 1, "replies_count": 0, "retweets_count": 0, "hashtags": []}
{"id": 1234627652897529858, "date": "2020-03-02", "time": "18:52:25", "tweet": "@JesseBWatters - i forgot @EmilyCompagno - opps. Really like her too. She brings intelligent input every day. Thank you.  Les Stowe  if any of you get into sailing, please let me help you. Done that for 40 years. Miss it dearly now. Live a bit far from the Ocean now.  https://t.co/HPBxe3U7Cg", "likes_count": 0, "replies_count": 0, "retweets_count": 0, "hashtags": []}
{"id": 1234627611671687170, "date": "2020-03-02", "time": "18:52:15", "tweet": "@ajwdct247 sorry for the lack of input. but i scan almost daily to view yours and victors comments. appreciate the insight and commentary.", "likes_count": 0, "replies_count": 0, "retweets_count": 0, "hashtags": []}
{"id": 1234627596832264192, "date": "2020-03-02", "time": "18:52:12", "tweet": "Now this little prick wants to create a back door for himself as all this mess collapses. He only thinks about himself!!  Trudeau calls for input from industry, citizens, Indigenous groups on climate  https://t.co/9si4D22JxD", "likes_count": 0, "replies_count": 0, "retweets_count": 0, "hashtags": []}
{"id": 1234627590641668096, "date": "2020-03-02", "time": "18:52:10", "tweet": "Finally getting around to planning out my streams, open to your input   weekly irl or activities (pool, etc)  Weekly Podcast   Weekly dating advice segment   Twice a week gym streams   WEEKLY COOKING STREAM   3-4 sessions asmr   ....thoughts?", "likes_count": 188, "replies_count": 60, "retweets_count": 20, "hashtags": []}
{"id": 1234627577358110720, "date": "2020-03-02", "time": "18:52:07", "tweet": "@DavisKing6 @TyraxeFN Super cool! Thank you for the input", "likes_count": 3, "replies_count": 2, "retweets_count": 0, "hashtags": []}
{"id": 1234627499004436480, "date": "2020-03-02", "time": "18:51:48", "tweet": "@fadehearts I think if there's any input I can add to this conversation, it's that many people don't understand the serious ramifications of \"canceling\" someone. Hopping on a witch hunt makes you accountable. Use your own judgement and don't conform to an idea just because your peers -", "likes_count": 1, "replies_count": 1, "retweets_count": 0, "hashtags": []}
{"id": 1234627467752570880, "date": "2020-03-02", "time": "18:51:41", "tweet": "@jcreed @LangTimeStudio Nope! Wanted to put it up for a poll so we could get input and let patrons control the outcome. :) (Plus, I didn’t think I had feelings until I saw the results! &gt;.&lt;)", "likes_count": 1, "replies_count": 1, "retweets_count": 0, "hashtags": []}
{"id": 1234627255437012992, "date": "2020-03-02", "time": "18:50:50", "tweet": "@hayleyyyraeee @loriself11 your input?", "likes_count": 1, "replies_count": 1, "retweets_count": 0, "hashtags": []}
{"id": 1234627163250233344, "date": "2020-03-02", "time": "18:50:28", "tweet": "@sarurunkamui WOOF yeah that makes sense though.... honestly i'm surprised i havent heard anything about pokemon doing the same thing considering how tight theyve been around saves in the past (needing to input a special code to start a new game, only one save per cart, etc)", "likes_count": 1, "replies_count": 1, "retweets_count": 0, "hashtags": []}
{"id": 1234627050071318531, "date": "2020-03-02", "time": "18:50:01", "tweet": "Coast Guard looking for input on data, cloud services to support intelligence enterprise  https://t.co/PDQT8SNrZd  https://t.co/ZifRV3YxDv", "likes_count": 0, "replies_count": 0, "retweets_count": 0, "hashtags": []}
{"id": 1234627032178401280, "date": "2020-03-02", "time": "18:49:57", "tweet": "either this dude on the repeater is having a conversation completely by himself or he's .... listening to the input frequency for the other party?", "likes_count": 0, "replies_count": 1, "retweets_count": 0, "hashtags": []}
{"id": 1234626839273967616, "date": "2020-03-02", "time": "18:49:11", "tweet": "Kudos to @kILtedbreeder for gathering input from customers! The relationship between breeding and production practices is an important one 😊 if you have a chance to provide feedback to Devin  @kILtedbreeder I am sure he would appreciate it!", "likes_count": 5, "replies_count": 1, "retweets_count": 0, "hashtags": []}
{"id": 1234626660420460545, "date": "2020-03-02", "time": "18:48:28", "tweet": "Multi Image text input Twitter.  https://t.co/rLhQVPv1po", "likes_count": 0, "replies_count": 0, "retweets_count": 0, "hashtags": []}
{"id": 1234626493369798656, "date": "2020-03-02", "time": "18:47:48", "tweet": "@MacGoatwood I guess. I think I'd prefer the president giving his input on the next president after his second term concludes as an analogy though.", "likes_count": 0, "replies_count": 0, "retweets_count": 0, "hashtags": []}
{"id": 1234626413359091712, "date": "2020-03-02", "time": "18:47:29", "tweet": "Forums set for March 23 to 26 to seek public input on KFD Strategic Plan development  https://t.co/cFur38zei7", "likes_count": 0, "replies_count": 0, "retweets_count": 0, "hashtags": []}
{"id": 1234626315879215105, "date": "2020-03-02", "time": "18:47:06", "tweet": "@xital_1 @HMMurti @StuartNjakuta1 @Briggs @Joe_Hildebrand So the more than 50% of your genetic input that’s from your mother makes you a woman?", "likes_count": 1, "replies_count": 1, "retweets_count": 0, "hashtags": []}
{"id": 1234626292487770117, "date": "2020-03-02", "time": "18:47:01", "tweet": "Trudeau calls for input from industry, citizens, Indigenous groups on climate #yxj #yxjnews  https://t.co/NZAFRg2BDu  https://t.co/Yo87vALZuH", "likes_count": 0, "replies_count": 0, "retweets_count": 0, "hashtags": ["yxj", "yxjnews"]}
{"id": 1234626255036780545, "date": "2020-03-02", "time": "18:46:52", "tweet": "@KapwingApp Does it automatically take my voice input and write it out, or do I write the captions in myself?", "likes_count": 1, "replies_count": 1, "retweets_count": 0, "hashtags": []}
{"id": 1234626233016541184, "date": "2020-03-02", "time": "18:46:46", "tweet": "@MVGosnoldFarmer @Matthew_123 @JuliansRum Apreciate the input!!! Thank you", "likes_count": 0, "replies_count": 0, "retweets_count": 0, "hashtags": []}
{"id": 1234626198241775622, "date": "2020-03-02", "time": "18:46:38", "tweet": "Sitting at the lunch table today with the teachers just listening as they talk and adding a little input a long the way! I realized that sometimes that is all we as administrators need to do is just listen!", "likes_count": 2, "replies_count": 0, "retweets_count": 0, "hashtags": []}
{"id": 1234626197511864323, "date": "2020-03-02", "time": "18:46:38", "tweet": "@LiamFox @patel4witham Thanks for your input. Perhaps you may reflect that you’re failed and discredited as a politician as well as Mr Corbyn. The Home Secretary can stand up for herself. She’ll soon resign, as she had to during the last administration due to incompetence.", "likes_count": 0, "replies_count": 0, "retweets_count": 0, "hashtags": []}
{"id": 1234626088527024129, "date": "2020-03-02", "time": "18:46:12", "tweet": "@JuliaCeline_Roa TurboTax should be free. You don’t need to pay for the additional versions or anything to file your taxes. Just make sure to read everything careful and input things accurately.", "likes_count": 1, "replies_count": 0, "retweets_count": 0, "hashtags": []}
{"id": 1234625914073337857, "date": "2020-03-02", "time": "18:45:30", "tweet": "@mtgyakuza Thanks for the input! I haven’t heard even this much prior. He doesn’t seem to ever present a clear plan or repertoire during the debates.", "likes_count": 1, "replies_count": 0, "retweets_count": 0, "hashtags": []}
{"id": 1234625871509512193, "date": "2020-03-02", "time": "18:45:20", "tweet": "@charliekirk11 Charlie, caught your DVR’d interview last night on Mark Levin’s show… Brilliant input! you’re a smart and accomplished guy... I have to buy your book now!  It’s an honor to be followed by you... keep up your great work on campuses &amp; don’t get beat-up or killed please!  : )", "likes_count": 0, "replies_count": 0, "retweets_count": 0, "hashtags": []}
{"id": 1234625840442269696, "date": "2020-03-02", "time": "18:45:13", "tweet": "@HMMurti @clairegcoleman @StuartNjakuta1 @Briggs @Joe_Hildebrand If something is &gt; 50% of a given input, that is the dominant as far as I'm concerned.", "likes_count": 0, "replies_count": 2, "retweets_count": 0, "hashtags": []}
{"id": 1234625785165746176, "date": "2020-03-02", "time": "18:45:00", "tweet": "The amount of content of some people is inimitable.  Can't tell if I'm dumb or just think differently.  Think I'm an idea distiller. I can take a lot of input but output is always low and refined.", "likes_count": 0, "replies_count": 1, "retweets_count": 0, "hashtags": []}
{"id": 1234625760557748225, "date": "2020-03-02", "time": "18:44:54", "tweet": "@Rcar451 @GKeile They Just, TAKE,TAKE,TAKE NO Input 😡👍.", "likes_count": 0, "replies_count": 0, "retweets_count": 0, "hashtags": []}
{"id": 1234625652491354112, "date": "2020-03-02", "time": "18:44:28", "tweet": "@MATTYKAY2K @WORLDSTAR Wow thanks for the deep descriptive input my knowledge has expanded tremendously", "likes_count": 48, "replies_count": 4, "retweets_count": 0, "hashtags": []}
{"id": 1234625519183945728, "date": "2020-03-02", "time": "18:43:56", "tweet": "@chrissyteigen @TheKalenAllen I need your input on this stat", "likes_count": 0, "replies_count": 0, "retweets_count": 0, "hashtags": []}
{"id": 1234625463512977410, "date": "2020-03-02", "time": "18:43:43", "tweet": "@the_kk Think it was made as a test software for the mouse input", "likes_count": 1, "replies_count": 0, "retweets_count": 0, "hashtags": []}
{"id": 1234625395707785216, "date": "2020-03-02", "time": "18:43:27", "tweet": "@Yea_ThatsSharaa And that’s period. I need your input for planning this gender reveal 🤨", "likes_count": 1, "replies_count": 1, "retweets_count": 0, "hashtags": []}
{"id": 1234625379534503937, "date": "2020-03-02", "time": "18:43:23", "tweet": "@pmac761 I’ll trust the attorneys calling this negligence, and not the golf management major. Thanks for the input though!", "likes_count": 0, "replies_count": 2, "retweets_count": 0, "hashtags": []}
{"id": 1234625354050023424, "date": "2020-03-02", "time": "18:43:17", "tweet": "✏️When we start a new unit, I always want my students to be able to write a LITTLE something in a low pressure setting by the end of the very first day. . .  My goal is to start them with lots of input, but to…  https://t.co/p90lK7jvpD", "likes_count": 2, "replies_count": 0, "retweets_count": 0, "hashtags": []}
{"id": 1234625319216320513, "date": "2020-03-02", "time": "18:43:08", "tweet": "One Decimal per number input  https://t.co/5FyugWEHB3 #github #Python #Shell #R #Makefile #CSS #Dockerfile #Haskell #Makefile #NSIS #JavaScript #CSS #HTML", "likes_count": 0, "replies_count": 0, "retweets_count": 0, "hashtags": ["github", "python", "shell", "r", "makefile", "css", "dockerfile", "haskell", "makefile", "nsis", "javascript", "css", "html"]}
{"id": 1234625310437650436, "date": "2020-03-02", "time": "18:43:06", "tweet": "HTML: The Inaccessible Parts  https://t.co/eC56Ybbbss  アクセシブルでないHTMLまとめ  最新のは https://t.co/ykKzJl6Pemが&lt;input type=\"number\"&gt;は小さい数値（人数、日数など）には有効だけどクレカ番号や16桁以上の値のときに問題が発生するという記事のリンクが張られている。", "likes_count": 7, "replies_count": 0, "retweets_count": 1, "hashtags": []}
{"id": 1234625308474535938, "date": "2020-03-02", "time": "18:43:06", "tweet": "@_Seattleite @BlockchainNote They've been collecting tons of user input and will be rolling out updates including making it easier to find one another.", "likes_count": 2, "replies_count": 0, "retweets_count": 0, "hashtags": []}
{"id": 1234625170578518017, "date": "2020-03-02", "time": "18:42:33", "tweet": "Molecular Graphs as input for Neural Networks  https://t.co/CHjeeJ9AeL", "likes_count": 1, "replies_count": 0, "retweets_count": 1, "hashtags": []}
{"id": 1234624972271706112, "date": "2020-03-02", "time": "18:41:46", "tweet": "@johnslegers A smaller screen size could make it worse. If there's not enough room for the text to fit next to its input, the label text could overflow out of its assigned column, or the page could get horizontal scroll. Both make it more difficult to read.", "likes_count": 0, "replies_count": 2, "retweets_count": 0, "hashtags": []}
{"id": 1234624883834982402, "date": "2020-03-02", "time": "18:41:25", "tweet": "Kushner designeda peace deal between Israel and Palestinians,  but didn't talk with Palestinians along the way. DOA  Just recently, a Trump flunkie declared a Peace Treaty with the Taliban in Afghanistan - one put together without input from Afghan govt  Taliban just bailed", "likes_count": 2, "replies_count": 1, "retweets_count": 0, "hashtags": []}
{"id": 1234624815107125249, "date": "2020-03-02", "time": "18:41:08", "tweet": "@rvrman420 @nathanfake @Nosaji_ @DaftLimmy Reactions to stimuli are involuntary and unconscious. People with demyelinating diseases feel meaningless, purposeless pain on a daily basis. It's a physical reaction to a processed sensory input and requires (and often involves) absolutely no meaning.", "likes_count": 0, "replies_count": 1, "retweets_count": 0, "hashtags": []}
{"id": 1234624541705543681, "date": "2020-03-02", "time": "18:40:03", "tweet": "@Celia__Green @luishcruzc @smlungpathguy @yro854 @thoracicpath @raghupillappa @lara_pijuan @MAHoureih Appreciate your input 😊🙏 Yes great DD", "likes_count": 1, "replies_count": 0, "retweets_count": 0, "hashtags": []}
{"id": 1234624484063219713, "date": "2020-03-02", "time": "18:39:49", "tweet": "@HKrassenstein @thomaskaine5 @MikeBloomberg I think Bloomberg is weird..seriously. yet I think he jumped in bc he really wants to make a difference. He was watching the enormous field and figured he had some input to change the situation bc he's got clout. However, I'm guessing many feel like myself, and if he puts his", "likes_count": 0, "replies_count": 1, "retweets_count": 0, "hashtags": []}
{"id": 1234624433257467904, "date": "2020-03-02", "time": "18:39:37", "tweet": "urge the OECD to converge on the new GRI tax reporting standards and make the information public!  OECD releases consultation document on the review of Country-by-Country Reporting and invites public input (BEPS Action 13) - OECD  https://t.co/KkkOvgu5aW via @OECD", "likes_count": 2, "replies_count": 0, "retweets_count": 4, "hashtags": []}
{"id": 1234624371676704768, "date": "2020-03-02", "time": "18:39:23", "tweet": "I’M EMBARRASSED is what he said. We joked on the absurdity of empty shelves. Perfect metaphor. Kneejerk reactions rarely = positive results. Reflect, seek input, decide quickly but calmly. Decision making while stressed affects how we assess risk &amp; reward. Keep Calm &amp; Lead Well  https://t.co/v1MMZgwb7X", "likes_count": 0, "replies_count": 0, "retweets_count": 0, "hashtags": []}
{"id": 1234624351497904128, "date": "2020-03-02", "time": "18:39:18", "tweet": "@googlecloud .@NetAppCloud team is looking forward to collaborating and providing input as we pivot to a digital event.", "likes_count": 2, "replies_count": 0, "retweets_count": 0, "hashtags": []}
{"id": 1234624338227130368, "date": "2020-03-02", "time": "18:39:15", "tweet": "@Adrienne_Pan I thought that wind was a team of graders plowing the bus route a block over. It's amazing what the mind can do with the same sensory input. Don sleeps through it, you woke up, and I heard graders grinding roadway --not that the sound wasn't sort of pleasant.", "likes_count": 1, "replies_count": 0, "retweets_count": 0, "hashtags": []}
{"id": 1234624304890961920, "date": "2020-03-02", "time": "18:39:07", "tweet": "@dookieshed acceptable answer. thank you for your input.", "likes_count": 2, "replies_count": 0, "retweets_count": 0, "hashtags": []}
{"id": 1234624190843621376, "date": "2020-03-02", "time": "18:38:39", "tweet": "\"Sometimes they are the experts so we need their input\"  A group of Purdue Master of Public Health students got to work lobbying at the Indiana Statehouse with local legislators, advocating for various health bills they believe would benefit all Hoosiers.   https://t.co/Y3oqFWFmef", "likes_count": 6, "replies_count": 0, "retweets_count": 2, "hashtags": []}
{"id": 1234624154881511427, "date": "2020-03-02", "time": "18:38:31", "tweet": "@MrWoofless @florianooke @Kwebbelkop @imjakeboro would truly love your input/insight! would mean a lot for your opinion!", "likes_count": 0, "replies_count": 0, "retweets_count": 0, "hashtags": []}
{"id": 1234624151786315776, "date": "2020-03-02", "time": "18:38:30", "tweet": "@wmata Metro asks for input and then does what they want. I predict reduced parking.", "likes_count": 0, "replies_count": 0, "retweets_count": 0, "hashtags": []}
{"id": 1234624131410415618, "date": "2020-03-02", "time": "18:38:25", "tweet": "It's almost as if there's quite a lot of people who haven't had an input yet. #SEIYFVFH", "likes_count": 2, "replies_count": 0, "retweets_count": 1, "hashtags": ["seiyfvfh"]}
{"id": 1234624066331512832, "date": "2020-03-02", "time": "18:38:10", "tweet": "Debo reconocer que #StupidLove me gustó, pero no lo sabe usar) que les diga yo, que le digan a Iván que el input lag haga que David Luiz", "likes_count": 0, "replies_count": 0, "retweets_count": 0, "hashtags": ["stupidlove"]}
{"id": 1234624062913220608, "date": "2020-03-02", "time": "18:38:09", "tweet": "Overwatch is giving me problems tonight, keep getting disconnected every 3-4 minutes, i'm starting a poll to let you give me input on what to stream instead. if you pick OTHER please reply with what.", "likes_count": 1, "replies_count": 1, "retweets_count": 1, "hashtags": []}
{"id": 1234624050489675783, "date": "2020-03-02", "time": "18:38:06", "tweet": "@boblewisfr What about international input?", "likes_count": 0, "replies_count": 0, "retweets_count": 0, "hashtags": []}
{"id": 1234624021624434689, "date": "2020-03-02", "time": "18:37:59", "tweet": "JOB: Palmdale CA USA - Front Office/Medical Assistant - Input injury info - claims into databases as requ: Input injury info - claims into databases as requested General Back Office Duties As Needed Obtain medical history inte JOB #LANCASTER #CA  https://t.co/CErRpVMenF", "likes_count": 0, "replies_count": 0, "retweets_count": 0, "hashtags": ["lancaster", "ca"]}
{"id": 1234623995917455361, "date": "2020-03-02", "time": "18:37:53", "tweet": "@GamerMcbaggin bruh, I've been churning butter with tick throw 720°s, if you find a single shoryuken input hard, then I suggest you  https://t.co/fj0b9KL3ms", "likes_count": 0, "replies_count": 1, "retweets_count": 0, "hashtags": []}
{"id": 1234623746683654144, "date": "2020-03-02", "time": "18:36:54", "tweet": "@aion_crow SAME YEAH unless theyre like specifically holo shiny stickers or smth 😳ty for ur input!!!", "likes_count": 0, "replies_count": 0, "retweets_count": 0, "hashtags": []}
{"id": 1234623740484431873, "date": "2020-03-02", "time": "18:36:52", "tweet": "The latters low and high-pass filters limit the input for example of speech while its band-pass filters break race.", "likes_count": 0, "replies_count": 0, "retweets_count": 0, "hashtags": []}
{"id": 1234623708465160194, "date": "2020-03-02", "time": "18:36:44", "tweet": "Given how poorly @NYGovCuomo and NYSDOH handled the PFOA problem in Hoosick Falls, one would hope that state lawmakers would insist on a more transparent process - one that enables health and emergency response experts to provide input. Science not panic should drive decisions.", "likes_count": 1, "replies_count": 0, "retweets_count": 0, "hashtags": []}
{"id": 1234623689666301952, "date": "2020-03-02", "time": "18:36:40", "tweet": "@BreadmanBoxing Everybody has different qualities including trainers. That step in Jab Fury was rocking Wilder back with was reminiscent of Stewards instructions to Lewis against Klitschko. Straight out of kronk that move.  He needs a change. Either he’s not listening or there’s no new input", "likes_count": 7, "replies_count": 1, "retweets_count": 0, "hashtags": []}
{"id": 1234623644665430016, "date": "2020-03-02", "time": "18:36:29", "tweet": "@nydhaK @EvilMojoAdanas @PaladinsGame You should try Radial input method. It is truly the best of all VGS I've experienced. It makes it like the spray wheel. What's really great it that it removes visual clutter from the wheel. Your brain doesn't have to identify the word AND the buttons. It doesnt work against (1/2)", "likes_count": 0, "replies_count": 1, "retweets_count": 0, "hashtags": []}
{"id": 1234623636914360320, "date": "2020-03-02", "time": "18:36:27", "tweet": "Can we stop asking Jonathan Brown about concussions? After questioning Paddy McCartin's \"resilience\" last year, that should have been the last time he was asked for input.", "likes_count": 6, "replies_count": 0, "retweets_count": 0, "hashtags": []}
{"id": 1234623622972661760, "date": "2020-03-02", "time": "18:36:24", "tweet": "- the bonus FUMBLE DIMENSION in which @Kofie took audience input on what horrors to inflict on an unsuspecting golf course and, by extension, an unwitting audience member. turns out: lots of cows and stop signs  https://t.co/VNui3ynOES", "likes_count": 8, "replies_count": 1, "retweets_count": 1, "hashtags": []}
{"id": 1234623520950378496, "date": "2020-03-02", "time": "18:36:00", "tweet": "TOMORROW: @joshgallmusic needs YOUR input for the #10MinuteTune.  See something in the news worthy of having a song written about it? Share it with us!  https://t.co/l9L05SJrrF", "likes_count": 5, "replies_count": 0, "retweets_count": 0, "hashtags": ["10minutetune"]}
{"id": 1234623520589668355, "date": "2020-03-02", "time": "18:36:00", "tweet": "If you’re anti-vaccines your input on the Coronavirus is comical.", "likes_count": 0, "replies_count": 1, "retweets_count": 0, "hashtags": []}
{"id": 1234623492173242369, "date": "2020-03-02", "time": "18:35:53", "tweet": "Too bad I voted early for the primary... with @amyklobuchar dropping out I would have thrown my damn vote to @ewarren who is at least giving it the good fight. Also, thanks @keithellison for all your terrible input.", "likes_count": 0, "replies_count": 0, "retweets_count": 0, "hashtags": []}
{"id": 1234623464511885315, "date": "2020-03-02", "time": "18:35:46", "tweet": "@rclstudio @ItsTimeScot Thanks for your constructive input. Ya dick.", "likes_count": 0, "replies_count": 0, "retweets_count": 0, "hashtags": []}
{"id": 1234623387852529664, "date": "2020-03-02", "time": "18:35:28", "tweet": "I need some input", "likes_count": 0, "replies_count": 0, "retweets_count": 0, "hashtags": []}
{"id": 1234623375609339905, "date": "2020-03-02", "time": "18:35:25", "tweet": "Help us communicate better! Seeking volunteers to provide input on a web prototype. Between March 9-20. Location: 625 Fisgard, Victoria. 45 minute session. Refreshments provided. Book an appt: artsdevelopment@crd.bc.ca, 250.360.3007. #crdarts  https://t.co/sCN73qUxiK", "likes_count": 0, "replies_count": 0, "retweets_count": 0, "hashtags": ["crdarts"]}
{"id": 1234623302934638597, "date": "2020-03-02", "time": "18:35:08", "tweet": "Decimal Once-only Input  https://t.co/5Mxg4Zltr4 #github #JavaScript #CSS #HTML", "likes_count": 0, "replies_count": 0, "retweets_count": 0, "hashtags": ["github", "javascript", "css", "html"]}
{"id": 1234623256210104320, "date": "2020-03-02", "time": "18:34:57", "tweet": "We will continue to share details about Google Cloud Next ‘20: Digital Connect over the coming weeks. But, we also want to hear from YOU. Be on the lookout as we ask for your input on how we can make this an immersive and inspiring experience for all. #GoogleCloudNext", "likes_count": 49, "replies_count": 6, "retweets_count": 23, "hashtags": ["googlecloudnext"]}
{"id": 1234623188203474944, "date": "2020-03-02", "time": "18:34:40", "tweet": "@DenisTrailin @SceneOnRadio Thanks for you input Denis. I'm gonna leave things here. Cheers.", "likes_count": 0, "replies_count": 0, "retweets_count": 0, "hashtags": []}
{"id": 1234622975434866688, "date": "2020-03-02", "time": "18:33:50", "tweet": "As the City prepares its CDBG 2020 Plan, we need the input from our community as to what they think is needed for our community. Use the following link to complete the City's Fair Housing Survey. The survey will be available until March 10, 2020.  https://t.co/uTn4GPUmio", "likes_count": 0, "replies_count": 0, "retweets_count": 0, "hashtags": []}
{"id": 1234622943314841601, "date": "2020-03-02", "time": "18:33:42", "tweet": "@Jasperlope for me it's anything that they verify on select from a drop-down. e.g. \"input your birthdate\" and then it does something random after I press \"1\" and get \"1900\"", "likes_count": 1, "replies_count": 0, "retweets_count": 0, "hashtags": []}
{"id": 1234622871428792321, "date": "2020-03-02", "time": "18:33:25", "tweet": "@capaoui thanks voor je input Rik", "likes_count": 0, "replies_count": 0, "retweets_count": 0, "hashtags": []}
{"id": 1234622857042264064, "date": "2020-03-02", "time": "18:33:21", "tweet": "@chrome_baby no the culprit is not allowed to put in their input", "likes_count": 1, "replies_count": 0, "retweets_count": 0, "hashtags": []}
{"id": 1234622723885801474, "date": "2020-03-02", "time": "18:32:50", "tweet": "@PythonVents What! So this life coach what is she supposed to do? In regards to your parents this is just stupid, your 18+ so in all ways a fucking adult so you should be able to have an input on what life coaches you see the same as a therapist you need to find the right one for you.", "likes_count": 2, "replies_count": 1, "retweets_count": 1, "hashtags": []}
{"id": 1234622645519486976, "date": "2020-03-02", "time": "18:32:31", "tweet": "@needsomegm Chromophone 2, philharmonik, dexed, kontakt, one shots, use fruity chorus/other modules to edit omnisphere sounds too. Also, using loops aint gonna hurt, that’s my input", "likes_count": 6, "replies_count": 1, "retweets_count": 0, "hashtags": []}
{"id": 1234622511159169031, "date": "2020-03-02", "time": "18:31:59", "tweet": "@ArtbyHart20 Thanks for the input! I probably will do one!", "likes_count": 0, "replies_count": 0, "retweets_count": 0, "hashtags": []}
{"id": 1234629408704671744, "date": "2020-03-02", "time": "18:59:23", "tweet": "How is playing a 4 bar connection on BBTAG the worst connection to play?? I always have input lag against a 4 bar!!", "likes_count": 0, "replies_count": 0, "retweets_count": 0, "hashtags": []}
{"id": 1234629404581662720, "date": "2020-03-02", "time": "18:59:23", "tweet": "@niffinandback @DaveDadand @jukie12345 @krasmanalderey @BernieSanders Because I don't believe it's the governments responsibility to tell anyone how they will run their lives, or businesses, or any other aspect of their lives. They already have enough input, I think too much, but more makes the populus even more vulnerable.", "likes_count": 1, "replies_count": 1, "retweets_count": 0, "hashtags": []}
{"id": 1234629400194252801, "date": "2020-03-02", "time": "18:59:21", "tweet": "@GaryField_94 @assafiri_hana @Dick_Splint @AlanOWhite @QandA Gary your input has been nothing but petulant and pithy. Try making a point on the topic at hand. And abusing someone personally counts for negative scores.", "likes_count": 0, "replies_count": 2, "retweets_count": 0, "hashtags": []}
{"id": 1234629116508303365, "date": "2020-03-02", "time": "18:58:14", "tweet": "Today's arrivals! Juukou B-Fighter / Input Magnum  https://t.co/DkHspg8Ylr #bfighter  https://t.co/6k7HUhkGRr", "likes_count": 45, "replies_count": 0, "retweets_count": 9, "hashtags": ["bfighter"]}
{"id": 1234629067212718080, "date": "2020-03-02", "time": "18:58:02", "tweet": "I want to get your guys input on this. I have been playing 6 tracks per episode and could possibly play more per episode. Would you guys want an increase in tracks or just keep it how it is?", "likes_count": 1, "replies_count": 2, "retweets_count": 2, "hashtags": []}
{"id": 1234629063869857793, "date": "2020-03-02", "time": "18:58:01", "tweet": "@real_super_aj @xaelbot That's a good point, I never thought about it that way. Thanks for your input! 👍🏻", "likes_count": 0, "replies_count": 0, "retweets_count": 0, "hashtags": []}
{"id": 1234628894528962561, "date": "2020-03-02", "time": "18:57:21", "tweet": "Trying to come up with a function that will input a number, and output  * -1 if it's closest to an odd-integer multiple of pi * 1 if it's closest to an even-integer multiple of pi * 0 if it's exactly halfway between I am not finding it easy.", "likes_count": 3, "replies_count": 2, "retweets_count": 0, "hashtags": []}
{"id": 1234628747585839104, "date": "2020-03-02", "time": "18:56:46", "tweet": "@RepStefanik Notice how Elise NEVER does events where the public has any input. You can’t talk on the receiving end of these calls just like you can’t ask questions at the MODERATED event she’s having in Saratoga with @DevinNunes", "likes_count": 0, "replies_count": 0, "retweets_count": 0, "hashtags": []}
{"id": 1234628659887136771, "date": "2020-03-02", "time": "18:56:25", "tweet": "We will continue to share details about Google Cloud Next ‘20: Digital Connect over the coming weeks. But, we also want to hear from YOU. Be on the lookout as we ask for your input on how we can make this an immersive and inspiring experience for all. #GoogleCloudNext", "likes_count": 0, "replies_count": 0, "retweets_count": 0, "hashtags": ["googlecloudnext"]}
{"id": 1234628627070930949, "date": "2020-03-02", "time": "18:56:17", "tweet": "@mrschmil @BonfieldBees @mrschmil They LOVED it! Thank you for your input!", "likes_count": 0, "replies_count": 0, "retweets_count": 0, "hashtags": []}
{"id": 1234628601665900544, "date": "2020-03-02", "time": "18:56:11", "tweet": "@greentheonly @Twonius @solivera2g3 Why do you think it is a fair price? Seems like a lot but I’m not sure. Thanks for your input. Cheers", "likes_count": 0, "replies_count": 1, "retweets_count": 0, "hashtags": []}
{"id": 1234628559764885504, "date": "2020-03-02", "time": "18:56:01", "tweet": "@SimplyKyana_ 😭💕 I adore you! I’m increasing my work input so hopefully sooooon lol", "likes_count": 0, "replies_count": 1, "retweets_count": 0, "hashtags": []}
{"id": 1234628490475048961, "date": "2020-03-02", "time": "18:55:45", "tweet": "@ambercdouglas @reeseer1 @AngelaDHillis @Rosie @drb4eva If we win enough seats... their input will be irrelevant.   I know that 60 seats is highly unlikely though🤨  We will hammer everything we can through with a small majority in the Senate.", "likes_count": 0, "replies_count": 0, "retweets_count": 0, "hashtags": []}
{"id": 1234628392810496000, "date": "2020-03-02", "time": "18:55:21", "tweet": "@BraveBapika @ThreeDailey @Jaclynhill Hence the popular opinion that she only slaps her name on products, she doesn’t own anything (formulas) nor has any input on what “she creates” they just need her to sell", "likes_count": 2, "replies_count": 0, "retweets_count": 0, "hashtags": []}
{"id": 1234628177735147522, "date": "2020-03-02", "time": "18:54:30", "tweet": "@SaneShockingly @Glytcherz @ACMenes Thanks for the input, I'll have to check out what some decent options might be. I should probably try to figure out how long an average match is and decide on how long the loop should be before figuring out anything else.", "likes_count": 1, "replies_count": 1, "retweets_count": 0, "hashtags": []}
{"id": 1234628137931005952, "date": "2020-03-02", "time": "18:54:21", "tweet": "@floflow35 @myR_quiK @DVN_Beek Being able to react in 10 frames (not accounting for the ~5 frames of input delay) is pretty big though - it allows you to jab lock reactively, react to all parries, and hit confirm a bit easier since all those things make distinctive sounds", "likes_count": 1, "replies_count": 1, "retweets_count": 0, "hashtags": []}
{"id": 1234628129563578368, "date": "2020-03-02", "time": "18:54:19", "tweet": "@kappadawg2K Thanks for the input. You know anything about their biomedical science/pre-health concentration program?", "likes_count": 1, "replies_count": 2, "retweets_count": 0, "hashtags": []}
{"id": 1234628114145255425, "date": "2020-03-02", "time": "18:54:15", "tweet": "@m1240bigal Ok so it’s because of the faster input and motion is less blurry", "likes_count": 1, "replies_count": 1, "retweets_count": 0, "hashtags": []}
{"id": 1234627785332838400, "date": "2020-03-02", "time": "18:52:56", "tweet": "@missmatsuko In the past, I frequently designed forms in such a (responsive) way that input fields filled the entire width on small screens &amp; had labels above them, but on larger screens those same input fields had a smaller fixed width, and the labels went to the left of those fields...", "likes_count": 0, "replies_count": 1, "retweets_count": 0, "hashtags": []}
{"id": 1234627753028259841, "date": "2020-03-02", "time": "18:52:49", "tweet": "@MattHDGamer 14-12, played poorly but the input delay on Saturday def didn't help", "likes_count": 0, "replies_count": 0, "retweets_count": 0, "hashtags": []}
{"id": 1234627709239775232, "date": "2020-03-02", "time": "18:52:38", "tweet": "@MattHDGamer had to use some bollocks dns thing to get round the freeze which had a massive amount of input delay", "likes_count": 1, "replies_count": 0, "retweets_count": 0, "hashtags": []}
{"id": 1234627652897529858, "date": "2020-03-02", "time": "18:52:25", "tweet": "@JesseBWatters - i forgot @EmilyCompagno - opps. Really like her too. She brings intelligent input every day. Thank you.  Les Stowe  if any of you get into sailing, please let me help you. Done that for 40 years. Miss it dearly now. Live a bit far from the Ocean now.  https://t.co/HPBxe3U7Cg", "likes_count": 0, "replies_count": 0, "retweets_count": 0, "hashtags": []}
{"id": 1234627611671687170, "date": "2020-03-02", "time": "18:52:15", "tweet": "@ajwdct247 sorry for the lack of input. but i scan almost daily to view yours and victors comments. appreciate the insight and commentary.", "likes_count": 0, "replies_count": 0, "retweets_count": 0, "hashtags": []}
{"id": 1234627596832264192, "date": "2020-03-02", "time": "18:52:12", "tweet": "Now this little prick wants to create a back door for himself as all this mess collapses. He only thinks about himself!!  Trudeau calls for input from industry, citizens, Indigenous groups on climate  https://t.co/9si4D22JxD", "likes_count": 0, "replies_count": 0, "retweets_count": 0, "hashtags": []}
{"id": 1234627590641668096, "date": "2020-03-02", "time": "18:52:10", "tweet": "Finally getting around to planning out my streams, open to your input   weekly irl or activities (pool, etc)  Weekly Podcast   Weekly dating advice segment   Twice a week gym streams   WEEKLY COOKING STREAM   3-4 sessions asmr   ....thoughts?", "likes_count": 188, "replies_count": 60, "retweets_count": 20, "hashtags": []}
{"id": 1234627577358110720, "date": "2020-03-02", "time": "18:52:07", "tweet": "@DavisKing6 @TyraxeFN Super cool! Thank you for the input", "likes_count": 3, "replies_count": 2, "retweets_count": 0, "hashtags": []}
{"id": 1234627499004436480, "date": "2020-03-02", "time": "18:51:48", "tweet": "@fadehearts I think if there's any input I can add to this conversation, it's that many people don't understand the serious ramifications of \"canceling\" someone. Hopping on a witch hunt makes you accountable. Use your own judgement and don't conform to an idea just because your peers -", "likes_count": 1, "replies_count": 1, "retweets_count": 0, "hashtags": []}
{"id": 1234627467752570880, "date": "2020-03-02", "time": "18:51:41", "tweet": "@jcreed @LangTimeStudio Nope! Wanted to put it up for a poll so we could get input and let patrons control the outcome. :) (Plus, I didn’t think I had feelings until I saw the results! &gt;.&lt;)", "likes_count": 1, "replies_count": 1, "retweets_count": 0, "hashtags": []}
{"id": 1234627255437012992, "date": "2020-03-02", "time": "18:50:50", "tweet": "@hayleyyyraeee @loriself11 your input?", "likes_count": 1, "replies_count": 1, "retweets_count": 0, "hashtags": []}
{"id": 1234627163250233344, "date": "2020-03-02", "time": "18:50:28", "tweet": "@sarurunkamui WOOF yeah that makes sense though.... honestly i'm surprised i havent heard anything about pokemon doing the same thing considering how tight theyve been around saves in the past (needing to input a special code to start a new game, only one save per cart, etc)", "likes_count": 1, "replies_count": 1, "retweets_count": 0, "hashtags": []}
{"id": 1234627050071318531, "date": "2020-03-02", "time": "18:50:01", "tweet": "Coast Guard looking for input on data, cloud services to support intelligence enterprise  https://t.co/PDQT8SNrZd  https://t.co/ZifRV3YxDv", "likes_count": 0, "replies_count": 0, "retweets_count": 0, "hashtags": []}
{"id": 1234627032178401280, "date": "2020-03-02", "time": "18:49:57", "tweet": "either this dude on the repeater is having a conversation completely by himself or he's .... listening to the input frequency for the other party?", "likes_count": 0, "replies_count": 1, "retweets_count": 0, "hashtags": []}
{"id": 1234626839273967616, "date": "2020-03-02", "time": "18:49:11", "tweet": "Kudos to @kILtedbreeder for gathering input from customers! The relationship between breeding and production practices is an important one 😊 if you have a chance to provide feedback to Devin  @kILtedbreeder I am sure he would appreciate it!", "likes_count": 5, "replies_count": 1, "retweets_count": 0, "hashtags": []}
{"id": 1234626660420460545, "date": "2020-03-02", "time": "18:48:28", "tweet": "Multi Image text input Twitter.  https://t.co/rLhQVPv1po", "likes_count": 0, "replies_count": 0, "retweets_count": 0, "hashtags": []}
{"id": 1234626493369798656, "date": "2020-03-02", "time": "18:47:48", "tweet": "@MacGoatwood I guess. I think I'd prefer the president giving his input on the next president after his second term concludes as an analogy though.", "likes_count": 0, "replies_count": 0, "retweets_count": 0, "hashtags": []}
{"id": 1234626413359091712, "date": "2020-03-02", "time": "18:47:29", "tweet": "Forums set for March 23 to 26 to seek public input on KFD Strategic Plan development  https://t.co/cFur38zei7", "likes_count": 0, "replies_count": 0, "retweets_count": 0, "hashtags": []}
{"id": 1234626315879215105, "date": "2020-03-02", "time": "18:47:06", "tweet": "@xital_1 @HMMurti @StuartNjakuta1 @Briggs @Joe_Hildebrand So the more than 50% of your genetic input that’s from your mother makes you a woman?", "likes_count": 1, "replies_count": 1, "retweets_count": 0, "hashtags": []}
{"id": 1234626292487770117, "date": "2020-03-02", "time": "18:47:01", "tweet": "Trudeau calls for input from industry, citizens, Indigenous groups on climate #yxj #yxjnews  https://t.co/NZAFRg2BDu  https://t.co/Yo87vALZuH", "likes_count": 0, "replies_count": 0, "retweets_count": 0, "hashtags": ["yxj", "yxjnews"]}
{"id": 1234626255036780545, "date": "2020-03-02", "time": "18:46:52", "tweet": "@KapwingApp Does it automatically take my voice input and write it out, or do I write the captions in myself?", "likes_count": 1, "replies_count": 1, "retweets_count": 0, "hashtags": []}
{"id": 1234626233016541184, "date": "2020-03-02", "time": "18:46:46", "tweet": "@MVGosnoldFarmer @Matthew_123 @JuliansRum Apreciate the input!!! Thank you", "likes_count": 0, "replies_count": 0, "retweets_count": 0, "hashtags": []}
