{"id": 1268693920957022211, "date": "2020-06-04", "time": "19:59:36", "tweet": "@RzCards Thanks for the input! I’m leaning towards that as well but I know I’ll never be able to afford a rookie auto After this next season most likely so it’s a tough decision!", "likes_count": 1, "replies_count": 1, "retweets_count": 0, "hashtags": []}
{"id": 1268693916745895938, "date": "2020-06-04", "time": "19:59:35", "tweet": "@legendweewee Appreciate the input em xo", "likes_count": 0, "replies_count": 0, "retweets_count": 0, "hashtags": []}
{"id": 1268693903298850816, "date": "2020-06-04", "time": "19:59:32", "tweet": "@PhillyD Because you can't change INDIVIDUALS, like Laura Ingraham, you have to change Institutions, Policies, Laws, so that everyone can input their opinions on real world events. Classifications by career, zip code, gender or ethnicity should be irrelevant.", "likes_count": 0, "replies_count": 0, "retweets_count": 0, "hashtags": []}
{"id": 1268693778279337984, "date": "2020-06-04", "time": "19:59:02", "tweet": "The Department of Finance Canada is looking for input from employers on the Canada Emergency Wage Subsidy (CEWS) to help inform potential changes &amp; best meet the needs of businesses and workers. The survey closes tomorrow, June 5  https://t.co/V0byzbD1yP", "likes_count": 1, "replies_count": 0, "retweets_count": 1, "hashtags": []}
{"id": 1268693760025583616, "date": "2020-06-04", "time": "19:58:58", "tweet": "@MikeCatalana Because you can't change INDIVIDUALS, like Laura Ingraham, you have to change Institutions, Policies, Laws, so that everyone can input their opinions on real world events. Classifications by career, zip code, gender or ethnicity should be irrelevant.", "likes_count": 0, "replies_count": 0, "retweets_count": 0, "hashtags": []}
{"id": 1268693737955303430, "date": "2020-06-04", "time": "19:58:52", "tweet": "General public input now open.", "likes_count": 1, "replies_count": 1, "retweets_count": 0, "hashtags": []}
{"id": 1268693697438375939, "date": "2020-06-04", "time": "19:58:43", "tweet": "@BarackObama @MBK_Alliance We had 8 years of your “guidance” and it was a #FAILURE! We don’t need your input now! You were the fuel for division in this Country and your Administration was the most corrupt in HISTORY!", "likes_count": 0, "replies_count": 0, "retweets_count": 0, "hashtags": ["failure"]}
{"id": 1268693657420328960, "date": "2020-06-04", "time": "19:58:33", "tweet": "@jertim @ComplexSports @DarthLux Because you can't change INDIVIDUALS, like Laura Ingraham, you have to change Institutions, Policies, Laws, so that everyone can input their opinions on real world events. Classifications by career, zip code, gender or ethnicity should be irrelevant.", "likes_count": 0, "replies_count": 0, "retweets_count": 0, "hashtags": []}
{"id": 1268693656380346369, "date": "2020-06-04", "time": "19:58:33", "tweet": "@bethanyxclancy thank you for your input!💗", "likes_count": 0, "replies_count": 0, "retweets_count": 0, "hashtags": []}
{"id": 1268693585584623622, "date": "2020-06-04", "time": "19:58:16", "tweet": "@snarkylicious Sure! I'd love your input!", "likes_count": 0, "replies_count": 1, "retweets_count": 0, "hashtags": []}
{"id": 1268693430286213120, "date": "2020-06-04", "time": "19:57:39", "tweet": "Created via neural style transfer. Stock input from #pexels. Follow @research_nest for daily art made by computer programs and AI.     #trn #dailyposts #deeplearning #ai #art #aiart  https://t.co/7JlRukHPLj", "likes_count": 0, "replies_count": 0, "retweets_count": 1, "hashtags": ["pexels", "trn", "dailyposts", "deeplearning", "ai", "art", "aiart"]}
{"id": 1268693349315338243, "date": "2020-06-04", "time": "19:57:20", "tweet": "@tracy78_wyatt @MartinSLewis Mine went off the last 3 filed returns, all figures used were what HMRC had, I didn’t have to input any amounts", "likes_count": 0, "replies_count": 0, "retweets_count": 0, "hashtags": []}
{"id": 1268693342340018176, "date": "2020-06-04", "time": "19:57:18", "tweet": "今日の僕は一味違うぞ（七味）", "likes_count": 0, "replies_count": 0, "retweets_count": 0, "hashtags": []}
{"id": 1268693301097627655, "date": "2020-06-04", "time": "19:57:08", "tweet": "US Bank Regulator OCC Asks for Public Input on Cryptocurrency Use in Financial Sector #CryptoCurrency via  https://t.co/arGOrXVlVe  https://t.co/9IqwF5Tqwz", "likes_count": 0, "replies_count": 0, "retweets_count": 0, "hashtags": ["cryptocurrency"]}
{"id": 1268693247939022848, "date": "2020-06-04", "time": "19:56:56", "tweet": "@Glinner I reckon they have a little algorithm - input name, ideology and damage counter and it spits out some crap:  Dwindling, #genderwoowoo , dmg 2  \"Famous TERF, Dwindling, who claims to be female, admits wearing man clothes and NO MAKEUP\"  🤣🤣🤣", "likes_count": 11, "replies_count": 0, "retweets_count": 0, "hashtags": ["genderwoowoo"]}
{"id": 1268693208260722689, "date": "2020-06-04", "time": "19:56:46", "tweet": "脳汁がめっちゃ流れている", "likes_count": 0, "replies_count": 0, "retweets_count": 0, "hashtags": []}
{"id": 1268693147871297536, "date": "2020-06-04", "time": "19:56:32", "tweet": "This food input on the grill better be done soon. Looks like the heavens are boutta open", "likes_count": 0, "replies_count": 0, "retweets_count": 0, "hashtags": []}
{"id": 1268693146432610305, "date": "2020-06-04", "time": "19:56:31", "tweet": "@FLDEO I had to mail my application in, which I sent the second week of March. They finally input it in May 4th. Still waiting to find out what I will be receiving. How do I go about applying for the $600 a week? Money is quite tight now.", "likes_count": 1, "replies_count": 0, "retweets_count": 0, "hashtags": []}
{"id": 1268693144981270528, "date": "2020-06-04", "time": "19:56:31", "tweet": "@WinterSoulArt @hierophanie @zenmigawa These are very good points, Wintersoul, and thank you for the input.  In my experience, when I’m struggling and go to someone for help.. if they are able to truly listen, it often gives me the bravery and strength to fully bear my own emotions, which often helps me see solutions.", "likes_count": 1, "replies_count": 0, "retweets_count": 0, "hashtags": []}
{"id": 1268693143081254912, "date": "2020-06-04", "time": "19:56:31", "tweet": "@vehasrez @joncstone @trussliz @trussliz &amp; the rest of Downing Street work for the US. The Yanks own both sides of the 'negotiating' table. And the table. They, &amp; their uk fifth-columnists, will carve up the uk as they see fit. Citizens will have no input or even be allowed to see the documents for 5 years.", "likes_count": 6, "replies_count": 1, "retweets_count": 3, "hashtags": []}
{"id": 1268693142175313920, "date": "2020-06-04", "time": "19:56:30", "tweet": "@AngriBuddhist @itsnihilo @QLawFoundation @shawncwhiting We are addressing police reform on a state wide and national level. All input is appreciated we addressing with a clear and concise message. Its hard to get a clear message across at a protest but at an organized rally its different #seattleprotest #policereform #blacklivesmatter", "likes_count": 3, "replies_count": 1, "retweets_count": 1, "hashtags": ["seattleprotest", "policereform", "blacklivesmatter"]}
{"id": 1268693140418027521, "date": "2020-06-04", "time": "19:56:30", "tweet": "No input ? No comment ? @realDonaldTrump  I figured ...", "likes_count": 1, "replies_count": 1, "retweets_count": 0, "hashtags": []}
{"id": 1268693099120865280, "date": "2020-06-04", "time": "19:56:20", "tweet": "@dcstroyboys all you have to do is input the info on your w-2 into turbo tax by matching the numbered boxes to the entry.", "likes_count": 2, "replies_count": 1, "retweets_count": 0, "hashtags": []}
{"id": 1268693061695164417, "date": "2020-06-04", "time": "19:56:11", "tweet": "@TitansWRLD yea man ik but like for others they say it causes more input deklkay", "likes_count": 0, "replies_count": 1, "retweets_count": 0, "hashtags": []}
{"id": 1268693047614697472, "date": "2020-06-04", "time": "19:56:08", "tweet": "@shakiahjohnson1 @TheSobFather Shh I know, but there could be other folks filling out the thing honestly. Or somehow they're able to get your details just from having submitted something entirely and the input form is just a ploy-- idk I'm a paranoid li'l ninny lol", "likes_count": 1, "replies_count": 0, "retweets_count": 0, "hashtags": []}
{"id": 1268692895118184448, "date": "2020-06-04", "time": "19:55:32", "tweet": "@slpng_giants Because you can't change INDIVIDUALS, like Laura Ingraham, you have to change Institutions, Policies, Laws, so that everyone can input their opinions on real world events. Classifications by career, zip code, gender or ethnicity should be irrelevant.", "likes_count": 0, "replies_count": 0, "retweets_count": 0, "hashtags": []}
{"id": 1268692869549903872, "date": "2020-06-04", "time": "19:55:25", "tweet": "I might be missing the boat but it’s how to continue to build real relationships where kids  value your input and talk openly about their believes! No magic other than to instill in kids empathy in different cultures by being the example and speaking up for things that are wrong", "likes_count": 3, "replies_count": 1, "retweets_count": 0, "hashtags": []}
{"id": 1268692808610832386, "date": "2020-06-04", "time": "19:55:11", "tweet": "...all in my head and it was co-incidence. What is your input? #running #10k #zenlabs", "likes_count": 0, "replies_count": 0, "retweets_count": 0, "hashtags": ["running", "10k", "zenlabs"]}
{"id": 1268692768395792390, "date": "2020-06-04", "time": "19:55:01", "tweet": "@nasawali_phame No matter the input,it will always look for smarter ones,its not always about hardwork,t requires abit more to get it", "likes_count": 0, "replies_count": 1, "retweets_count": 0, "hashtags": []}
{"id": 1268692766915047425, "date": "2020-06-04", "time": "19:55:01", "tweet": "Big corporations, politics, and big-pharma do not want true artificial intelligence. They want selective intelligence. Selective in the data they input, so they get the answers they want to come out.  Why has IBM Watson been a failure at solving Cancer? B… https://t.co/eyrvr43Cj7", "likes_count": 0, "replies_count": 0, "retweets_count": 0, "hashtags": []}
{"id": 1268692765350793216, "date": "2020-06-04", "time": "19:55:01", "tweet": "@20schmidty20 @WanderlustOld Thanks boomer for your input that nobody wants. Spend more time on the treadmill and less on Twitter. It will be better for you", "likes_count": 0, "replies_count": 1, "retweets_count": 0, "hashtags": []}
{"id": 1268692748577759233, "date": "2020-06-04", "time": "19:54:57", "tweet": "@irldespair idk i watch one youtuber and she always jokes about it when she stumbles over her words so i feel like the right audience would get it but i don't wanna speak for everyone ...,.,.,.,,i just wanted to give my input", "likes_count": 0, "replies_count": 0, "retweets_count": 0, "hashtags": []}
{"id": 1268692648652681216, "date": "2020-06-04", "time": "19:54:33", "tweet": "@MsSimoneau Music was a big one that hit me this year... it was knowing what I find calming may not be what all students find calming/soothing and letting them have choice and input in class play lists.", "likes_count": 1, "replies_count": 0, "retweets_count": 0, "hashtags": []}
{"id": 1268692574291791872, "date": "2020-06-04", "time": "19:54:15", "tweet": "@valmoradam  minha conta está suspensa, porém eu não utilizei hacks, eu utilizei o timer resolution o que apenas diminui o tempo de resposta (input lag) do computador, acredito que isto não seja considerado um hack pois não tenho aimbot nem wallhack nada apenas input lag menor.", "likes_count": 1, "replies_count": 0, "retweets_count": 0, "hashtags": []}
{"id": 1268692505265967104, "date": "2020-06-04", "time": "19:53:59", "tweet": "@ZBNFL Because you can't change INDIVIDUALS, like Laura Ingraham, you have to change Institutions, Policies, Laws, so that everyone can input their opinions on real world events. Classifications by career, zip code, gender or ethnicity should be irrelevant.", "likes_count": 0, "replies_count": 0, "retweets_count": 0, "hashtags": []}
{"id": 1268692443446181893, "date": "2020-06-04", "time": "19:53:44", "tweet": "@beaton_michele @peileg Congratulations on a great session to date. Your input is very intelligent and articulate", "likes_count": 1, "replies_count": 1, "retweets_count": 0, "hashtags": []}
{"id": 1268692440124252160, "date": "2020-06-04", "time": "19:53:43", "tweet": "@menu_eco_input たった今退職して散歩を日課にしてるよって報告かと思った！( ﾟдﾟ)  おはよーございます‼︎", "likes_count": 1, "replies_count": 1, "retweets_count": 0, "hashtags": []}
{"id": 1268692432557834247, "date": "2020-06-04", "time": "19:53:41", "tweet": "@ronmarz @HackinTimSeeley @EthanVanSciver @GailSimone Someone tries to do something good and this is your input? Thank you for Kyle Rayner Ron, but you're a grouchy old man now not worth paying attention to.", "likes_count": 1, "replies_count": 0, "retweets_count": 0, "hashtags": []}
{"id": 1268692398478995456, "date": "2020-06-04", "time": "19:53:33", "tweet": "@TinaFieldHowe @imasmartalex @TheRock Ok Karen. Let's see here, you claim to be a screen writer, good for you. Please stick to writing scripts and refrain from discussing political matters. Under your own statement your input is invalid and we should ignore it. So we will.", "likes_count": 6, "replies_count": 1, "retweets_count": 1, "hashtags": []}
{"id": 1268692359350333443, "date": "2020-06-04", "time": "19:53:24", "tweet": "@maliksjonas Okay, that's what I figured. Thank you for the input!", "likes_count": 0, "replies_count": 0, "retweets_count": 0, "hashtags": []}
{"id": 1268692352740274176, "date": "2020-06-04", "time": "19:53:22", "tweet": "@DandySprat @Laurawantstobtl @EugeneLeeYang \"To pack their Game Boys, Nintendo hired a subcontractor who, in turn, hires prisoners at deplorable rates.\" So, that's a middleman doing that, unsure how much input they are having there, still bad, though.  https://t.co/2ww1F0pD3v", "likes_count": 0, "replies_count": 1, "retweets_count": 0, "hashtags": []}
{"id": 1268692343923900416, "date": "2020-06-04", "time": "19:53:20", "tweet": "Import random hash=random.getrandbits(6) hexcolor=eval(raw_input(\"Enter color by hex:\")) arrayofhexcolor=[#8d5524,#c68642, #e0ac69 ,#f1c27d,#ffdbac,\"#\"+hash]", "likes_count": 0, "replies_count": 1, "retweets_count": 0, "hashtags": ["8d5524", "c68642", "e0ac69", "f1c27d", "ffdbac"]}
{"id": 1268692125107064832, "date": "2020-06-04", "time": "19:52:28", "tweet": "@CSGTTV @CMooreBarry @NBCPhiladelphia Reminder that this is about your original comment using a black man as a scapegoat for an operation that took a few dozen other peoples input to be executed. I'm happy you have a better outlook, but you are using a classic method of shifting blame. Have a nice day.", "likes_count": 1, "replies_count": 0, "retweets_count": 0, "hashtags": []}
{"id": 1268692101082091520, "date": "2020-06-04", "time": "19:52:22", "tweet": "@violetscrawley @SpeakerPelosi Wow!  Thank you all for your input.  But one question...are you better off than you were 3 years ago?", "likes_count": 0, "replies_count": 14, "retweets_count": 0, "hashtags": []}
{"id": 1268692040411422720, "date": "2020-06-04", "time": "19:52:08", "tweet": "it’s just all in my head and it was co-incidence. What is your input? #10k #running #zenlabs", "likes_count": 0, "replies_count": 1, "retweets_count": 0, "hashtags": ["10k", "running", "zenlabs"]}
{"id": 1268692038435983360, "date": "2020-06-04", "time": "19:52:07", "tweet": "@NatureforDesign @MplsWard3 So I guess protests in all 50 states and BLM organizers calling for defunding the police/cutting their budgeting isn't input enough", "likes_count": 0, "replies_count": 1, "retweets_count": 0, "hashtags": []}
{"id": 1268692000104046594, "date": "2020-06-04", "time": "19:51:58", "tweet": "First of all I need to figure out how to input Japanese with a US keyboard.", "likes_count": 2, "replies_count": 0, "retweets_count": 0, "hashtags": []}
{"id": 1268691961885724673, "date": "2020-06-04", "time": "19:51:49", "tweet": "@Mia_Epiphanyy @sadzaprincess thank you for your input👏🏼", "likes_count": 1, "replies_count": 1, "retweets_count": 0, "hashtags": []}
{"id": 1268691793429893129, "date": "2020-06-04", "time": "19:51:09", "tweet": "We had a special edition #TXHSFBCHAT this morning on the topic of Summer Workout Plans Under COVID-19 Guidelines  In case you missed it (and most of y'all did) here are the questions  for you to give some input! Thanks to @elbigfred again for the questions!  https://t.co/Fd5VMwFiKH", "likes_count": 3, "replies_count": 0, "retweets_count": 3, "hashtags": ["txhsfbchat"]}
{"id": 1268691740187226112, "date": "2020-06-04", "time": "19:50:56", "tweet": "@Microtrilogy We’re never actually on 12 HZ, that’s what it’s called at. There’s input lag frame rate we are about 9 Hertz lol", "likes_count": 0, "replies_count": 1, "retweets_count": 0, "hashtags": []}
{"id": 1268691655667965954, "date": "2020-06-04", "time": "19:50:36", "tweet": "@Mike_Pence \"Let's round up people who already agree completely with us to have a spirited discussion of our flaws!\"   What an absolute joke.   You could have just as well put a handpuppet on each hand and asked for input from them. You're scared to hear what's really wrong with you.", "likes_count": 0, "replies_count": 0, "retweets_count": 0, "hashtags": []}
{"id": 1268691542576975874, "date": "2020-06-04", "time": "19:50:09", "tweet": "@ClassicXbooks @nugget_charlies @DailyMirror No I'm not but thanks for your input.", "likes_count": 0, "replies_count": 0, "retweets_count": 0, "hashtags": []}
{"id": 1268691536608243714, "date": "2020-06-04", "time": "19:50:08", "tweet": "\"The agency said it was seeking input on how it could improve the way it regulates activities related to cryptocurrency, distributed ledger technology, artificial intelligence, machine learning and more.\"", "likes_count": 3, "replies_count": 1, "retweets_count": 0, "hashtags": []}
{"id": 1268691525761826816, "date": "2020-06-04", "time": "19:50:05", "tweet": "These petitions come from  https://t.co/LPFNGXXwrl once u input your Info that’s it you can click any petition you see and it doesn’t take 10 seconds it’s that easy", "likes_count": 3, "replies_count": 0, "retweets_count": 0, "hashtags": []}
{"id": 1268691463392632832, "date": "2020-06-04", "time": "19:49:50", "tweet": "@dakineskunk If you can afford the fibre internet necessary to play \"cloud games\" with no noticeable artifacts or input lag, you can afford a gaming PC lmao.  I'd rather play with console framerate and less than 500ms of input lag personally.", "likes_count": 1, "replies_count": 1, "retweets_count": 0, "hashtags": []}
{"id": 1268691404634587136, "date": "2020-06-04", "time": "19:49:36", "tweet": "@KonoDmaxda @arneezy619 @TakatoKurenai @MrWiz They usually wear avatars of video game characters and talk from a place of misunderstanding/privilege. \"Just fine\" doesn't cut it in comp kid. 60 inch tvs work just fine to play games, but input delay is the reason we play on 1ms monitors. This is Evo. There's still a standard.", "likes_count": 2, "replies_count": 1, "retweets_count": 0, "hashtags": []}
{"id": 1268691382811664384, "date": "2020-06-04", "time": "19:49:31", "tweet": "Public safety means strong communities.  Empowering people. Giving space. Getting input. Listening. Making sure people feel heard. And developing a justice system that works for everyone.    That’s my vision for this office. #DebateNight  Watch Now:  https://t.co/xvTCAKIwHQ", "likes_count": 5, "replies_count": 0, "retweets_count": 1, "hashtags": ["debatenight"]}
{"id": 1268691377992294400, "date": "2020-06-04", "time": "19:49:30", "tweet": "Mobile laptop Compatible Stretchable Foldable Wireless/Bluetooth Headphone SH12 Bluetooth Wireless Headphone with FM, AUX Input, Memory Card Slot, Best for Running, gym, entertainment.(Charcoal Black)  https://t.co/M9b4yB096b", "likes_count": 0, "replies_count": 0, "retweets_count": 0, "hashtags": []}
{"id": 1268691366684643332, "date": "2020-06-04", "time": "19:49:27", "tweet": "@ChuckGrassley Does he have to have your permission? I don't think so. Isn't your only input advise and consent on the new nominees? When did you get appointed his supervisor? 😁🐝🇺🇸", "likes_count": 1, "replies_count": 0, "retweets_count": 1, "hashtags": []}
{"id": 1268691309566590976, "date": "2020-06-04", "time": "19:49:14", "tweet": "When the input repress?", "likes_count": 0, "replies_count": 0, "retweets_count": 0, "hashtags": []}
