{"id": 1266882047580213250, "date": "2020-05-30", "time": "19:59:52", "tweet": "@DrPChouinard what’s your opinion on Bill 11, especially on the notwithstanding clause. Tried with Mr. Cardy, didn’t end up well... looking for as many input as possible, and I trust yours! (Btw, i’m pro-vaccines, just worried about that new clause).", "likes_count": 0, "replies_count": 1, "retweets_count": 0, "hashtags": []}
{"id": 1266882011760939009, "date": "2020-05-30", "time": "19:59:43", "tweet": "@KB9498 @Brad77987655 @ChanelRion That’s several days after the Freddy Grey death in Baltimore", "likes_count": 0, "replies_count": 0, "retweets_count": 0, "hashtags": []}
{"id": 1266881890524565505, "date": "2020-05-30", "time": "19:59:14", "tweet": "@HoopsStuff @AdamZagoria Ur comment-black input is necessary-is pandering.  I’m sorry that these 3 panelists didn’t meet your requirements.  I don’t know them or their backgrounds.  Neither do you. I don’t know exactly what they said. Neither do you. I do know they are white I nor they apologize for that", "likes_count": 0, "replies_count": 0, "retweets_count": 0, "hashtags": []}
{"id": 1266881780646215681, "date": "2020-05-30", "time": "19:58:48", "tweet": "@pretzyboo Thanks for the input!", "likes_count": 1, "replies_count": 1, "retweets_count": 0, "hashtags": []}
{"id": 1266881650929082370, "date": "2020-05-30", "time": "19:58:17", "tweet": "@repjohnlewis Thank you for yr wisdom, Sir. It's understandable emotions are difficult to contain, inequality has gone on far too long. I've got vivid memories of the 1960's, hard to believe that 50 years later we still have to talk about bigotry and inequality. Your input is critical. ThankU", "likes_count": 0, "replies_count": 0, "retweets_count": 0, "hashtags": []}
{"id": 1266881628544151555, "date": "2020-05-30", "time": "19:58:12", "tweet": "@NiddyBroodling encouraged me to tell this story, so...  Mitzi asked for my secret talent. I figured I'd input my own thing, so...  https://t.co/tT9cxs9Te0", "likes_count": 1, "replies_count": 1, "retweets_count": 0, "hashtags": []}
{"id": 1266881618238726149, "date": "2020-05-30", "time": "19:58:09", "tweet": "@OneyNG @BrodyFoxx Another excellent take from newgrounds funnyman! Thank you for your input!", "likes_count": 0, "replies_count": 0, "retweets_count": 0, "hashtags": []}
{"id": 1266881576136085504, "date": "2020-05-30", "time": "19:57:59", "tweet": "@rebekahhmariiee @meelannni12 Weird how you call us selfish and it’s their spotlight, yet you’re making it your own with all this input you have. I hope you’re tweeting on everyone else who worries about children and elderly people living through these riots. Since protecting who they can is selfish.", "likes_count": 0, "replies_count": 0, "retweets_count": 0, "hashtags": []}
{"id": 1266881554971865091, "date": "2020-05-30", "time": "19:57:54", "tweet": "Anyone who feels the need to chime in with “what about Latinxs?” during this time ask yourself first -What organization have i joined?  -What organization have I helped start? If you have nothing to offer but pointless input just shut the fuck up", "likes_count": 3, "replies_count": 0, "retweets_count": 0, "hashtags": []}
{"id": 1266881536722272258, "date": "2020-05-30", "time": "19:57:50", "tweet": "@AnneMunition Thank you for your input and taking the time to reply, as well as using your platform to speak on the ugly truth that is the murders of black people by the white cops who swore to “protect.”", "likes_count": 0, "replies_count": 1, "retweets_count": 0, "hashtags": []}
{"id": 1266881491629416448, "date": "2020-05-30", "time": "19:57:39", "tweet": "Saw Megaman X Legacy Collection on sale for ten bucks on switch and went for it...  and it has fucking unbearable input lag, and is non refundable.  Just like the Genesis Classics Collection.  This keeps happening. Retro \"remaster\" games running like trash, never being patched.", "likes_count": 2, "replies_count": 3, "retweets_count": 0, "hashtags": []}
{"id": 1266881350495322112, "date": "2020-05-30", "time": "19:57:06", "tweet": "@ParisBurrell_ @JackHS32 Thanks for the input", "likes_count": 0, "replies_count": 0, "retweets_count": 0, "hashtags": []}
{"id": 1266881229414174723, "date": "2020-05-30", "time": "19:56:37", "tweet": "@conndawghouse @davidmweissman @SarahKSilverman Stats again?  You want to compare data sets where one input is Hillary and the other is Biden.  One is 2016 Trump and the other is 2020 Trump.    You're just winging it, huh.", "likes_count": 0, "replies_count": 0, "retweets_count": 0, "hashtags": []}
{"id": 1266881192634310660, "date": "2020-05-30", "time": "19:56:28", "tweet": "@bungdan @DKharabanda I knew that.  And so I respect your input. We  will not discuss this again, out of respect.", "likes_count": 0, "replies_count": 0, "retweets_count": 0, "hashtags": []}
{"id": 1266881137197998081, "date": "2020-05-30", "time": "19:56:15", "tweet": "Nakaupo ako nung mga bandang alas 2 before mag afternoon tea kasi minomodify ko ‘yung mga nacheck-in kong mga guests. And ini input ko ‘yung payment nila para ‘pag dinner magseserve na lang. Kaya ‘wag mong sabihing “Yan upo pa”.", "likes_count": 0, "replies_count": 1, "retweets_count": 0, "hashtags": []}
{"id": 1266881103975141378, "date": "2020-05-30", "time": "19:56:07", "tweet": "@Abullzeyez Im in VA bro. Man i can only watch and give input from a phone bro. I wish i was there.", "likes_count": 0, "replies_count": 0, "retweets_count": 0, "hashtags": []}
{"id": 1266881017236713472, "date": "2020-05-30", "time": "19:55:46", "tweet": "Nice article on grammar design to incorporate malformed input and return output regardless (hopefully with better error messages). Interesting! (thanks @maxkreminski)  https://t.co/upB5KpHXkB  https://t.co/9AcrS8S8Yg", "likes_count": 5, "replies_count": 0, "retweets_count": 0, "hashtags": []}
{"id": 1266880823506206720, "date": "2020-05-30", "time": "19:55:00", "tweet": "@UtdHenry the input delay looool", "likes_count": 1, "replies_count": 0, "retweets_count": 0, "hashtags": []}
{"id": 1266880757869375488, "date": "2020-05-30", "time": "19:54:44", "tweet": "@JESnelling @bratton Different requirements (re crew input) both representing the current, and bleeding edge, state of the art when they were designed. More relevant comparison would be Soyuz/Dragon perhaps but then one has been doing this since 1960s", "likes_count": 1, "replies_count": 0, "retweets_count": 0, "hashtags": []}
{"id": 1266880724033892352, "date": "2020-05-30", "time": "19:54:36", "tweet": "@ProofofBrain_ @MayorOfLA Nah, that's okay. Thank you for your input though.", "likes_count": 0, "replies_count": 0, "retweets_count": 0, "hashtags": []}
