{"id": 1274129818850918401, "date": "2020-06-19", "time": "19:59:55", "tweet": "@keithdunc3 @sprint @tmcgowan99 - time to add your input as a NC guy with Iowa roots!", "likes_count": 1, "replies_count": 0, "retweets_count": 0, "hashtags": []}
{"id": 1274129776718954501, "date": "2020-06-19", "time": "19:59:45", "tweet": "@SriAvulaYT bruh don’t make a stupid input delay excuse, comi can’t take my wall and i get 10 ping on the air 3", "likes_count": 0, "replies_count": 0, "retweets_count": 0, "hashtags": []}
{"id": 1274129584485797888, "date": "2020-06-19", "time": "19:58:59", "tweet": "@JohnFilionTO Rather than asking for input/direction from police about where that 10% goes, wouldn’t it be better to first get  direction from communities and groups like BLM-Toronto? Maybe I’m not understanding your point, but police voices aren’t the ones we need to be hearing right now.", "likes_count": 0, "replies_count": 1, "retweets_count": 0, "hashtags": []}
{"id": 1274129223582703622, "date": "2020-06-19", "time": "19:57:33", "tweet": "Hate the ppl always trynna input in yo life", "likes_count": 0, "replies_count": 0, "retweets_count": 0, "hashtags": []}
{"id": 1274129157014712320, "date": "2020-06-19", "time": "19:57:17", "tweet": "@natashasfiance Am i allowed to give my input even tho i am a guy?", "likes_count": 0, "replies_count": 0, "retweets_count": 0, "hashtags": []}
{"id": 1274129119937048578, "date": "2020-06-19", "time": "19:57:09", "tweet": "Since we needed to make much larger quantities, we pursued a new approach. We treated the very viscous material as a solid, and reasoned that if we made a solution of it, then diluted it and precipitated the particles out, we could make nanoparticles with hardly any energy input.", "likes_count": 0, "replies_count": 1, "retweets_count": 0, "hashtags": []}
{"id": 1274129011283615744, "date": "2020-06-19", "time": "19:56:43", "tweet": "» Try using canva - if hassle na talaga pero gusto mo pa rin maganda output mo, use canva kasi may templates na! input nalang ng info. u don't need to spend time brainstorming creative ideas. (if super busy lang haa, make use of ur adobe apps pa rin. sayang skills if di ginamit)", "likes_count": 1, "replies_count": 1, "retweets_count": 0, "hashtags": []}
{"id": 1274128958167101441, "date": "2020-06-19", "time": "19:56:30", "tweet": "Whomever is Joe's choice, I trust his judgement. I know he's getting good input from a whole host of extremely intelligent people...including BO.", "likes_count": 1, "replies_count": 0, "retweets_count": 0, "hashtags": []}
{"id": 1274128848381267969, "date": "2020-06-19", "time": "19:56:04", "tweet": "@namsolecito De junio input", "likes_count": 0, "replies_count": 0, "retweets_count": 0, "hashtags": []}
{"id": 1274128799689474048, "date": "2020-06-19", "time": "19:55:52", "tweet": "Bro even if I have 0 ping ( which I had because I wasn’t moving I average 10-20 in game and with my input delay people on 120 FPS and higher ping take my walls 1st or 2nd try", "likes_count": 9, "replies_count": 5, "retweets_count": 0, "hashtags": []}
{"id": 1274128747680030721, "date": "2020-06-19", "time": "19:55:40", "tweet": "@WagimanDeep212 Awal saya nggak paham PPDB 2020, tapi trs cari info detil. Di SMPnya nanya2, di hp ya browsing. Klo SD-nya proaktif, semua data nilai si anak sdh diinput ke sistem tinggal input NISN, scan dokumen dan pilihan SMPN-nya. Ini tinggal pantau &amp; trs doa agar diterima SMPN pilihan.", "likes_count": 0, "replies_count": 0, "retweets_count": 0, "hashtags": []}
{"id": 1274128740147236864, "date": "2020-06-19", "time": "19:55:38", "tweet": "@HoughAlison @awenior @uksciencechief End of working week release not a surprise to anybody in the public sector.  That way you get 5 last days of contribution or input rather than earlier in the week when there's a weekend somewhere in the recent past.  I'm not defending any content, just see no conspiracy here.", "likes_count": 0, "replies_count": 0, "retweets_count": 0, "hashtags": []}
{"id": 1274128707037396992, "date": "2020-06-19", "time": "19:55:30", "tweet": "So @GarrettDFuller. I know you said your job is not to teach someone (me) to be funny but to tell them (me again) that they aren’t funny. And that hurt. But I have a great idea for @20x20Pod episodes that we need your comedic input and guest hosting on. This is a game changer!", "likes_count": 2, "replies_count": 1, "retweets_count": 0, "hashtags": []}
{"id": 1274128668952944640, "date": "2020-06-19", "time": "19:55:21", "tweet": "@DJOutHere Hit me up if you ever want input", "likes_count": 0, "replies_count": 1, "retweets_count": 0, "hashtags": []}
{"id": 1274128550396932096, "date": "2020-06-19", "time": "19:54:53", "tweet": "I was glad to co-host Brampton's Seniors Tele Townhall today with Councillor @pat_fortini where we took questions and input from the city's senior community.  https://t.co/1WwVrFoQCc", "likes_count": 7, "replies_count": 0, "retweets_count": 2, "hashtags": []}
{"id": 1274128521410027523, "date": "2020-06-19", "time": "19:54:46", "tweet": "@Kaizertem kaizer no sentis terrible input lag en el juego?", "likes_count": 0, "replies_count": 0, "retweets_count": 0, "hashtags": []}
{"id": 1274128516099870720, "date": "2020-06-19", "time": "19:54:45", "tweet": "The province is seeking input from people living with concurrent brain injuries and mental health and substance use challenges, as well as their families. #Mentalhealth #braininjury   https://t.co/m9Wh2HqYtV  https://t.co/bP4jgJjQJT", "likes_count": 0, "replies_count": 0, "retweets_count": 0, "hashtags": ["mentalhealth", "braininjury"]}
{"id": 1274128460039020544, "date": "2020-06-19", "time": "19:54:31", "tweet": "@NWILTDR In the early 80's we worked and delivered some br2 commercial hys in Brazil. But that time the hys were TC and DC, input was low and weed control dificult. But now it can really a new future.", "likes_count": 2, "replies_count": 0, "retweets_count": 0, "hashtags": []}
{"id": 1274128453797842944, "date": "2020-06-19", "time": "19:54:30", "tweet": "@californiadem20 @yashar Doesn’t she poll as the # one veep choice for likely voters? I haven’t been keeping a close eye on it, mainly because Joe hasn’t asked for my input 😂, but I thought that was the case. Who would you pick? Kamala and Val both have police baggage at the moment, as did Klob, imo", "likes_count": 0, "replies_count": 0, "retweets_count": 0, "hashtags": []}
{"id": 1274128266660544512, "date": "2020-06-19", "time": "19:53:45", "tweet": "@delmar_edward You are making sense to us. We'll make sure to share your feedback with proper parties at Choice Hotels, so improvements take place where needed. Rest assured we will keep an eye on this situation. Thank you for your time and input in this regard! -HM", "likes_count": 0, "replies_count": 0, "retweets_count": 0, "hashtags": []}
