{"id": 1298772170408067072, "date": "2020-08-26", "time": "19:59:50", "tweet": "@SpeakerPelosi If 1,000 US service members died in a single day for ANY reason under Trump then we would have WW3. Why is Coronavirus any different? American lives are being lost The pandemic is not over and expected to get worse. Input please? I'm getting really pissed", "likes_count": 0, "replies_count": 1, "retweets_count": 0, "hashtags": []}
{"id": 1298771984650731522, "date": "2020-08-26", "time": "19:59:05", "tweet": "@alexiorsays normal strikes are basically done when union leadership suggests it as a course of action in like the event of negotiation breakdown or for anywhy else. wildcats are when the union leadership doesnt have input, it's independent action by the workers without consultation", "likes_count": 1, "replies_count": 1, "retweets_count": 0, "hashtags": []}
{"id": 1298771973598834688, "date": "2020-08-26", "time": "19:59:03", "tweet": "I’ve literally had to manually input a limit on my time spent on this hell app because it’s ruining my brain. Let’s see if there’s a feature that allows me to disable dumb ass tweets", "likes_count": 2, "replies_count": 1, "retweets_count": 0, "hashtags": []}
{"id": 1298771853448753154, "date": "2020-08-26", "time": "19:58:34", "tweet": "@homegirl_flexnn @AllonActuality Don't even ask our input.  But we've been asking for an edit button for AGES.", "likes_count": 0, "replies_count": 1, "retweets_count": 0, "hashtags": []}
{"id": 1298771827259592704, "date": "2020-08-26", "time": "19:58:28", "tweet": "@ItsFreezi I had to wrap it around because the USB input on the controller got stripped", "likes_count": 1, "replies_count": 0, "retweets_count": 0, "hashtags": []}
{"id": 1298771809936932864, "date": "2020-08-26", "time": "19:58:24", "tweet": "In order to recharge we need to create opportunities to disconnect from constant stimulation and information. Taking time to just be in silence gives our minds the opportunity to clear away the clutter, process all the input, and make room for ideas and solutions to generate.  https://t.co/ETDNI4RS4b", "likes_count": 0, "replies_count": 0, "retweets_count": 0, "hashtags": []}
{"id": 1298771746502463488, "date": "2020-08-26", "time": "19:58:09", "tweet": "@KynastonBen @charlieINTEL The matchmaking filtering takes out 99% of PC if you're in a squad with just console anyways, if you're mixed then it is mixed amount generally and if all MK then mostly just MK. That's why you can't switch input midgame.", "likes_count": 0, "replies_count": 0, "retweets_count": 0, "hashtags": []}
{"id": 1298771722930278408, "date": "2020-08-26", "time": "19:58:03", "tweet": "If you are interested please let me know. If there's something specific you would like to learn please let me know. These courses are an idea as of now and will take time to create, but I do want input and any help that you all can provide. Thank you.", "likes_count": 6, "replies_count": 0, "retweets_count": 0, "hashtags": []}
{"id": 1298771633038032896, "date": "2020-08-26", "time": "19:57:41", "tweet": "@Liam_Cue Thanks for your input bro", "likes_count": 1, "replies_count": 0, "retweets_count": 0, "hashtags": []}
{"id": 1298771369811800065, "date": "2020-08-26", "time": "19:56:39", "tweet": "@bryandaniellowe Additionally, online dictionaries often allow one to input by using radicals or by drawing the characters, and I always found it easier to find terms in this way than searching for romanised Japanese.", "likes_count": 0, "replies_count": 1, "retweets_count": 0, "hashtags": []}
{"id": 1298771302518530048, "date": "2020-08-26", "time": "19:56:23", "tweet": "@NZXT sadly i game on an acer laptop So keyboard, touchpad  intel i3 sticker, screen, off button, usb inputX3, hdmi output, charger input, jack input, ethernet input *my knowledge ends here*", "likes_count": 0, "replies_count": 0, "retweets_count": 0, "hashtags": []}
{"id": 1298771286433226752, "date": "2020-08-26", "time": "19:56:19", "tweet": "@RobMayeda @EPAregion9 @SFmeteorologist @EPA @forestservice Thanks to all for the valuable input!", "likes_count": 0, "replies_count": 1, "retweets_count": 0, "hashtags": []}
{"id": 1298771128576434176, "date": "2020-08-26", "time": "19:55:41", "tweet": " https://t.co/6fS7C7A3dP  Robot pemadam kebakaran seharga Rp. 37,4 M yang dibeli Pemprov DKI. Tapi kemana dia waktu gedung Kejagung ludes terbakar? Yang penting anggaran keluar...  Bukan salah input, atau salah ketik, atau salah beli. Tapi orang Jakarta yang salah pilih gubernur.", "likes_count": 0, "replies_count": 0, "retweets_count": 0, "hashtags": []}
{"id": 1298770977774596097, "date": "2020-08-26", "time": "19:55:05", "tweet": "Thank you to everyone that left a comment in my last tweet. There were a lot of great suggestions I hadn't even considered before so I really appreciate the input! I will be doing some much needed research on self defense!   Please stay safe and take care! 🖤🖤", "likes_count": 3, "replies_count": 2, "retweets_count": 0, "hashtags": []}
{"id": 1298770972871360512, "date": "2020-08-26", "time": "19:55:04", "tweet": "@iconwerk 40th year, no button. Use voice input to say ok. Or machine learning to figure out - you meant ok.", "likes_count": 2, "replies_count": 0, "retweets_count": 0, "hashtags": []}
{"id": 1298770972850434048, "date": "2020-08-26", "time": "19:55:04", "tweet": "@Italian4Life71 thanks for your input", "likes_count": 0, "replies_count": 1, "retweets_count": 0, "hashtags": []}
{"id": 1298770957209948161, "date": "2020-08-26", "time": "19:55:00", "tweet": "Add Positive Input. This can come in the form of books, videos, audios, people or even your own thoughts and words. Commit to learning something that helps you feel good every day! #WednesdayWisdom #LoveSchool #TheLoveDiet", "likes_count": 1, "replies_count": 0, "retweets_count": 1, "hashtags": ["wednesdaywisdom", "loveschool", "thelovediet"]}
{"id": 1298770939396739077, "date": "2020-08-26", "time": "19:54:56", "tweet": "@MichaelEMann I wonder if Kevin Trenberth is on Twitter. Something tells me he'd agree with you and have some solid input.   @MTScientists ?", "likes_count": 0, "replies_count": 0, "retweets_count": 0, "hashtags": []}
{"id": 1298770808559542272, "date": "2020-08-26", "time": "19:54:25", "tweet": "@TonyDungy @BenjaminSWatson Praise God brothers. Thank you for your input and influence. 🙏", "likes_count": 0, "replies_count": 0, "retweets_count": 0, "hashtags": []}
{"id": 1298770764607426560, "date": "2020-08-26", "time": "19:54:14", "tweet": "@YoheiTakano3 Thank you so much, this seems like a very good guide. I greatly appreciate your input!", "likes_count": 0, "replies_count": 0, "retweets_count": 0, "hashtags": []}
