{"id": 1273767345316433920, "date": "2020-06-18", "time": "19:59:35", "tweet": "I finally got plots to initialize with any input axes in #CytoMAP! I can finally generate functional plots of the neighborhoods after running dimensionality reduction.  https://t.co/bHHGk1hP3E", "likes_count": 9, "replies_count": 1, "retweets_count": 3, "hashtags": ["cytomap"]}
{"id": 1273767244204396545, "date": "2020-06-18", "time": "19:59:11", "tweet": "Input/Output", "likes_count": 0, "replies_count": 0, "retweets_count": 0, "hashtags": []}
{"id": 1273767214198468608, "date": "2020-06-18", "time": "19:59:03", "tweet": "Thanks John I was unaware that Not All Pipelines. This entirely undermines my points that a) using that terminology removes agency from trainees b) dehumanizes communities and c) places responsibility for academic retention elsewhere than on institutions  I appreciate your input.", "likes_count": 47, "replies_count": 6, "retweets_count": 2, "hashtags": []}
{"id": 1273766993301319680, "date": "2020-06-18", "time": "19:58:11", "tweet": "He says he want our input, but has already announced it.  This is will result in discrimination against more qualified people. Does he know \"diversity and inclusion\" is a Muslim Brotherhood program.?  Our government is so uninformed to the point of being useless.", "likes_count": 1, "replies_count": 0, "retweets_count": 1, "hashtags": []}
{"id": 1273766977522327553, "date": "2020-06-18", "time": "19:58:07", "tweet": "@drickaby1 @HobbyConnector We are working on that! We appreciate your input and will definitely take it into consideration", "likes_count": 1, "replies_count": 0, "retweets_count": 0, "hashtags": []}
{"id": 1273766975576117253, "date": "2020-06-18", "time": "19:58:07", "tweet": "hei, help me out with tokyo seventh sisters! input NjeQlQY in the referral campaign section!!! thanks a lot ♡ #t7s", "likes_count": 0, "replies_count": 0, "retweets_count": 0, "hashtags": ["t7s"]}
{"id": 1273766876888301568, "date": "2020-06-18", "time": "19:57:43", "tweet": "@Zeeking24 @Bio2k_ @tjayerrday @WestSeattleMade @SplashEdition @kingMacksauce @WillmotsTV @tydebo24 @RAGCxxPANDAxx @domfullyy @RjwattsTv @imjustisaac_ I would think the input delay will not be an issue on next gen but who knows. you could wait a few days and find out from someone who gets Xbox or ps5", "likes_count": 1, "replies_count": 2, "retweets_count": 0, "hashtags": []}
{"id": 1273766869003051009, "date": "2020-06-18", "time": "19:57:41", "tweet": "@joshuacwheeler Hey, Joshua. Thanks for the input. I’ll pass it on — the audio messages are on the website in full messages if you’d like to try listening there.", "likes_count": 0, "replies_count": 0, "retweets_count": 0, "hashtags": []}
{"id": 1273766835733827584, "date": "2020-06-18", "time": "19:57:33", "tweet": "@EKEDP what do I do after paying for my prepaid subscription and the recharge pin sent to me keeps showing error each time I tried to input it? Now my light has gone off. How do I sleep in darkness at the mercy of mosquitoes that my fan could have chased out if I had light?", "likes_count": 0, "replies_count": 1, "retweets_count": 0, "hashtags": []}
{"id": 1273766810903404544, "date": "2020-06-18", "time": "19:57:27", "tweet": "@fchollet Hey any input on when testing is not so important? I find that when building side projects I’m never writing tests for them, this is because I like to build and ship quick. Then I’ll write tests once it becomes dangerous not to.", "likes_count": 1, "replies_count": 0, "retweets_count": 0, "hashtags": []}
{"id": 1273766788828987402, "date": "2020-06-18", "time": "19:57:22", "tweet": "@Croative1 @GerardKapraun Well said.  Thank you for your input", "likes_count": 1, "replies_count": 1, "retweets_count": 0, "hashtags": []}
{"id": 1273766696772415489, "date": "2020-06-18", "time": "19:57:00", "tweet": "TOMORROW: Don’t forget to join us for our Economic Workforce Development Committee @ 10 AM!   WATCH ➡️  https://t.co/ycQW2tbrAP   PROVIDE COMMUNITY INPUT ➡️  https://t.co/MSXeHUS948", "likes_count": 1, "replies_count": 0, "retweets_count": 1, "hashtags": []}
{"id": 1273766600202530817, "date": "2020-06-18", "time": "19:56:37", "tweet": "@JimDand31495151 @IngrahamAngle OK, comrade31495151, thanks for your input.", "likes_count": 0, "replies_count": 1, "retweets_count": 0, "hashtags": []}
{"id": 1273766591771971584, "date": "2020-06-18", "time": "19:56:35", "tweet": "Now tuned in to the latest COAC mtg, goes till 6  My favorite cmte mbr is James Posey. He suggested COAC be paid, bc \"you get what you pay for.\" Love it, ha! I once suggested exact same thing when I donated time/input as a biking subject expert.  $$ says our input—&amp; we—are valued", "likes_count": 0, "replies_count": 1, "retweets_count": 0, "hashtags": []}
{"id": 1273766540911968256, "date": "2020-06-18", "time": "19:56:23", "tweet": "@ZooL_Smith @NVIDIAGeForce correct me if I’m wrong, but if you left click on 60hz, you’d have to wait for next frame to appear. if you left click on 240hz, the next frame would appear quicker, so less input delay?", "likes_count": 10, "replies_count": 1, "retweets_count": 0, "hashtags": []}
{"id": 1273766492342038528, "date": "2020-06-18", "time": "19:56:11", "tweet": "@marcorubio Don't you dare pretend like you Trumpian Republicans have ever valued the input of Scientists and Experts. Anti-Intellectualism is a root value of the Trump Support Network.", "likes_count": 0, "replies_count": 0, "retweets_count": 0, "hashtags": []}
{"id": 1273766480413425667, "date": "2020-06-18", "time": "19:56:09", "tweet": "Nothing spectacular about Burna's input in \"Jerusalema\"", "likes_count": 0, "replies_count": 1, "retweets_count": 0, "hashtags": []}
{"id": 1273766474209882112, "date": "2020-06-18", "time": "19:56:07", "tweet": "@lyvizzle Ok thank you!! I appreciate the input!!!", "likes_count": 1, "replies_count": 0, "retweets_count": 0, "hashtags": []}
{"id": 1273766319351951360, "date": "2020-06-18", "time": "19:55:30", "tweet": "Looking for your input #HollensFamily what is your favorite video cover peter has done?/", "likes_count": 0, "replies_count": 0, "retweets_count": 0, "hashtags": ["hollensfamily"]}
{"id": 1273766282777812992, "date": "2020-06-18", "time": "19:55:21", "tweet": "@REMNTM Thanks for the input man. I'm rolling with this one", "likes_count": 1, "replies_count": 1, "retweets_count": 0, "hashtags": []}
