{"id": 1262895810729123841, "date": "2020-05-19", "time": "19:59:59", "tweet": "@Xygen0606 So it sounds like the way you play Terry is hard on WiFi. Not inputs, the only time I can think where reacting with an input is optimal is, input rising tackle at ledge, or power geyser to call out a jump.", "likes_count": 0, "replies_count": 1, "retweets_count": 0, "hashtags": []}
{"id": 1262895787706474496, "date": "2020-05-19", "time": "19:59:53", "tweet": "撮影中止したけど納期変わらないって話をチラホラ聞くような聞かないような？？どんなマジックでそれが可能になるのか？いつもにまして、撮影は気を使うだろうし", "likes_count": 3, "replies_count": 2, "retweets_count": 0, "hashtags": []}
{"id": 1262895754777157633, "date": "2020-05-19", "time": "19:59:46", "tweet": "Every body got they input on how I live my life “oh”", "likes_count": 0, "replies_count": 0, "retweets_count": 0, "hashtags": []}
{"id": 1262895716512477185, "date": "2020-05-19", "time": "19:59:36", "tweet": "What you input in your body should be intentional for your optimal output", "likes_count": 0, "replies_count": 0, "retweets_count": 1, "hashtags": []}
{"id": 1262895627333103616, "date": "2020-05-19", "time": "19:59:15", "tweet": "@sharkooz @miguelfolch @imRohanbakshi @realDonaldTrump @MariaBartiromo @FoxNews Oh good for you! Most people with TDS won’t allow themselves to read or allow any input that might show Obama to be the truly the worst and most corrupt president in US history.", "likes_count": 0, "replies_count": 0, "retweets_count": 0, "hashtags": []}
{"id": 1262895576745537537, "date": "2020-05-19", "time": "19:59:03", "tweet": "@Link0306_ @DistantValhalla It's sensory based. He was looking for sensory input at the time. neuron activation go brr", "likes_count": 2, "replies_count": 1, "retweets_count": 0, "hashtags": []}
{"id": 1262895528637075456, "date": "2020-05-19", "time": "19:58:52", "tweet": "I wonder what this will mean for students with disabilities? Will kids and families need PPE? And will there be family input? And wonder will charters follow suit? @MayorBowser", "likes_count": 0, "replies_count": 0, "retweets_count": 0, "hashtags": []}
{"id": 1262895484273856512, "date": "2020-05-19", "time": "19:58:41", "tweet": "@Sflecce If you truly need input on re-opening schools for Sept., why not ask the experts: @ETFO @ETFOPeel @OSSTF @AEFO Educators: submit your best ideas! Be creative. How will you re-think your classroom practices? You've been amazing with emergency distance learning! ♥️", "likes_count": 2, "replies_count": 0, "retweets_count": 1, "hashtags": []}
{"id": 1262895402061303814, "date": "2020-05-19", "time": "19:58:21", "tweet": "あれ？inputタグの描写かわった？", "likes_count": 0, "replies_count": 0, "retweets_count": 0, "hashtags": []}
{"id": 1262895262378278912, "date": "2020-05-19", "time": "19:57:48", "tweet": "@JoeBiden @GavinNewsom .@JoeBiden says he wants @chefjoseandres' input/advice &amp;  no one should go hungry. Andres says Biden will be putting food at center of his campaign. Andres: \"Hunger has no political position. We must feed America with respect with leadership that makes food a better world.\"  End/", "likes_count": 4, "replies_count": 0, "retweets_count": 1, "hashtags": []}
{"id": 1262895178521677824, "date": "2020-05-19", "time": "19:57:28", "tweet": "As usual, his remarkable sight's built for observing what goes on and about, seeking situations that require his input on whatever matters transpire.", "likes_count": 0, "replies_count": 0, "retweets_count": 0, "hashtags": []}
{"id": 1262895125468000262, "date": "2020-05-19", "time": "19:57:16", "tweet": "experimenting with karplus-strong string synthesis in web audio x controls frequency, y controls cutoff frequency of lowpass filter on input noise also supports pitchbending  https://t.co/U6j5RTLABN", "likes_count": 0, "replies_count": 1, "retweets_count": 0, "hashtags": []}
{"id": 1262895001283018753, "date": "2020-05-19", "time": "19:56:46", "tweet": "Welp. Virgin Media is down AGAIN. And when I go to check the service status, I get this screen after I input my postcode. 🤔  https://t.co/OOll3HNqVG", "likes_count": 2, "replies_count": 1, "retweets_count": 0, "hashtags": []}
{"id": 1262894879748820992, "date": "2020-05-19", "time": "19:56:17", "tweet": "validate 認証する　有効にする　確認する  to validate input data 入力データを確認する validate a ticket 券を認証する  #TOEIC", "likes_count": 0, "replies_count": 0, "retweets_count": 0, "hashtags": ["toeic"]}
{"id": 1262894859003801601, "date": "2020-05-19", "time": "19:56:12", "tweet": "@joecool372011 @alexhammerstone @MichaelElgin25 @erickstevens82 Clearly by the before you can see I had no clue wtf I was doing... thanks for the input bud🤷‍♂️🤦‍♂️", "likes_count": 0, "replies_count": 0, "retweets_count": 0, "hashtags": []}
{"id": 1262894846962012167, "date": "2020-05-19", "time": "19:56:09", "tweet": "We miss you, Banana Slugs! As we continue to redesign the ABC Resource Guide, your input is highly recommended. Let incoming students know what YOU miss most about campus/Santa Cruz! Responses are anonymous and will be featured in the updated AARCC Guide.  https://t.co/PGcj3YwXy4", "likes_count": 1, "replies_count": 1, "retweets_count": 0, "hashtags": []}
{"id": 1262894774673182722, "date": "2020-05-19", "time": "19:55:52", "tweet": "@sevazhidkov @silyutinaolga Design proper way means that it doesn’t have to be code in there. Eg service that sends emails to a list of addresses. You always input list and it always sends emails, easy", "likes_count": 0, "replies_count": 1, "retweets_count": 0, "hashtags": []}
{"id": 1262894626282835971, "date": "2020-05-19", "time": "19:55:17", "tweet": "@DurduFN ne dann gleich mit controller mit weniger input delay auf Ipad oder so mit 120FPS", "likes_count": 1, "replies_count": 1, "retweets_count": 0, "hashtags": []}
{"id": 1262894597987897349, "date": "2020-05-19", "time": "19:55:10", "tweet": "Hey Angelenos! Just a friendly reminder that we are co-hosting the #Out4MentalHealth townhall on how the local LGBTQ+ community is being impacted by COVID-19. Your input is so valuable in helping us learn where to put our advocacy efforts. Please register!  https://t.co/b7Pt5QKwTB  https://t.co/GlLpozliQu", "likes_count": 10, "replies_count": 1, "retweets_count": 3, "hashtags": ["out4mentalhealth"]}
{"id": 1262894585149341696, "date": "2020-05-19", "time": "19:55:07", "tweet": "ok but i had an idea but i need some input vv", "likes_count": 0, "replies_count": 3, "retweets_count": 0, "hashtags": []}
