{"id": 1225932151566131200, "date": "2020-02-07", "time": "18:59:36", "tweet": "For quite a few years I had a TV with only one input connected to up to four consoles at once through a rat's nest of cables and special connectors. I remember turning on an N64 and PS1 at the same time, watching the intros for FF7 and Wave Race intermingling, distorted and green", "likes_count": 5, "replies_count": 0, "retweets_count": 1, "hashtags": []}
{"id": 1225931959899230209, "date": "2020-02-07", "time": "18:58:50", "tweet": "@TheRealCarlG @KFAN1003 @DanBarreiroKFAN @jgkfan Carl, it’s clear they miss your input each Friday. One week into the offseason and they’ve already run out of material. I say the clowns at KFAN bring you back each week all year long to prop up their ratings. #mnsportsradiopersonalityoftheyear #wemissCarl", "likes_count": 1, "replies_count": 0, "retweets_count": 0, "hashtags": ["mnsportsradiopersonalityoftheyear", "wemisscarl"]}
{"id": 1225931939712053249, "date": "2020-02-07", "time": "18:58:45", "tweet": "@kizzabesigye1 In South Africa where I live, there is always complaints of poor service delivery by the ANC led government. Protests are Order of the day. Is it wise to call ANC government a \"junta\"  Provide solutions as a concerned Ugandan. We need your positive input not ever criticism.", "likes_count": 1, "replies_count": 0, "retweets_count": 0, "hashtags": []}
{"id": 1225931720299446275, "date": "2020-02-07", "time": "18:57:53", "tweet": "hei, help me out with tokyo seventh sisters! input NjeQlQY in the referral campaign section!!! thanks a lot ♡ #t7s", "likes_count": 0, "replies_count": 0, "retweets_count": 0, "hashtags": ["t7s"]}
{"id": 1225931618394628098, "date": "2020-02-07", "time": "18:57:29", "tweet": "@TastyPeach_INC I've a question. I just pledged. It says we get a Sushi Meowchi of Choice... when do we input that information?", "likes_count": 1, "replies_count": 1, "retweets_count": 0, "hashtags": []}
{"id": 1225931534651318273, "date": "2020-02-07", "time": "18:57:09", "tweet": "Dont forget he is still building a squad, whether he has input on the transfers, you cannot say that they have been quality signings, Bela, Crowley, Hogan looks perfect to run off Juke, also Crowley and Mrabti out atm but still we look great 💙", "likes_count": 0, "replies_count": 0, "retweets_count": 0, "hashtags": []}
{"id": 1225931502866849792, "date": "2020-02-07", "time": "18:57:01", "tweet": "@Love2Sketch @SpillerOfTea Thanks for your input.  I wouldn't consider it insensitive necessarily.  Is it bragging? That's a strange term to use. Isn't it just human nature to comment? It's not a negative comment, is it? It is no doubt a reflection of their own sexual stereotypes but that's all.", "likes_count": 0, "replies_count": 2, "retweets_count": 0, "hashtags": []}
{"id": 1225931395681353728, "date": "2020-02-07", "time": "18:56:36", "tweet": "@deadliftsnpizza @CynthiaWeston6 @howroute She-Ra, No, she wasn't spreading misinformation.  This conversation took place earlier. Thank you for your input.😎", "likes_count": 2, "replies_count": 1, "retweets_count": 0, "hashtags": []}
{"id": 1225931313716191232, "date": "2020-02-07", "time": "18:56:16", "tweet": "@ImpeachmentSham @CNN Thanks for your useless input Sergei.", "likes_count": 0, "replies_count": 0, "retweets_count": 0, "hashtags": []}
{"id": 1225931309933039617, "date": "2020-02-07", "time": "18:56:15", "tweet": "I hate people who dead have an input for everything , like stop no one asked", "likes_count": 0, "replies_count": 0, "retweets_count": 0, "hashtags": []}
{"id": 1225930888804028416, "date": "2020-02-07", "time": "18:54:35", "tweet": "@zach_m_s I dont even watch her anymore, i wait for you to watch and give your input😀😀😀👍👍👍 your so fun!💜💙🌴🌴🌴", "likes_count": 2, "replies_count": 0, "retweets_count": 0, "hashtags": []}
{"id": 1225930867249422336, "date": "2020-02-07", "time": "18:54:30", "tweet": "Thank you for your input and time and effort  https://t.co/5tryizvsnm", "likes_count": 0, "replies_count": 0, "retweets_count": 0, "hashtags": []}
{"id": 1225930843182505984, "date": "2020-02-07", "time": "18:54:24", "tweet": "@cutaejungkook Like to get the tickets. I’ve seen people with a similar problem earlier and had wondered if maybe you input the code wrong? Like maybe the capitals were wrong?", "likes_count": 0, "replies_count": 0, "retweets_count": 0, "hashtags": []}
{"id": 1225930838463873025, "date": "2020-02-07", "time": "18:54:23", "tweet": "@StevenTheRich @vicious696 I will like to live in a world were people cared about the actual games, and not on a stupid streaming service that  make or gaming worst with input delay Good thing consumer are talking with their wallets and stadia is a flop Better for gaming to dodge that streaming bullet", "likes_count": 4, "replies_count": 1, "retweets_count": 0, "hashtags": []}
{"id": 1225930807153430528, "date": "2020-02-07", "time": "18:54:15", "tweet": "@siennadecosta I want your input in my email", "likes_count": 0, "replies_count": 0, "retweets_count": 0, "hashtags": []}
{"id": 1225930694649663488, "date": "2020-02-07", "time": "18:53:48", "tweet": "@alex1967mitch Thank you for your valued input Colin. Can you please reply to more tweets as you’re rather fabulous", "likes_count": 1, "replies_count": 0, "retweets_count": 0, "hashtags": []}
{"id": 1225930675728961536, "date": "2020-02-07", "time": "18:53:44", "tweet": "#7Jan2020 Mesy Task Force di ICU JPM bg mnyelaras SPP II vs SKALA. JKR mmberi input brkaitan ruang ddlm SPPII bg penyataan m/balas prjk utk keperluan jbtn. GN 0 akn dmulakn pd RMK12 RP2 yg mrupakn titik mula kearah pewujudan prjk yg viable. @JKRMalaysia  @JKRCPAB  @arkamaluddin  https://t.co/zfuqfKboKL", "likes_count": 8, "replies_count": 0, "retweets_count": 2, "hashtags": ["7jan2020"]}
{"id": 1225930655462313984, "date": "2020-02-07", "time": "18:53:39", "tweet": "@CherryPixel4 @CaptainBizzare What happens when I try to input the Konami Code? :P", "likes_count": 2, "replies_count": 1, "retweets_count": 0, "hashtags": []}
{"id": 1225930620972359681, "date": "2020-02-07", "time": "18:53:31", "tweet": "今日中に作っちゃおう！（作れるとは言っていない ディア、グリード、カイザーとかこれそうそうたるメンツを狩らないといけないなぁｗ", "likes_count": 5, "replies_count": 1, "retweets_count": 0, "hashtags": []}
{"id": 1225930493062979584, "date": "2020-02-07", "time": "18:53:00", "tweet": "@simonwakter @400Megawatts @thiesbeckers @PhysWiz No, of course. I meant expert authorities on nuclear waste management and environmental law. I think those are the two crucial areas where the government needs input to be able to do the decision.", "likes_count": 0, "replies_count": 1, "retweets_count": 0, "hashtags": []}
