{"id": 1261083867424919553, "date": "2020-05-14", "time": "19:59:58", "tweet": "We also ask that you stay tuned! We have a couple of announcements coming soon, and we’d definitely like everyone’s input! Thank you and stay safe! - Sammy", "likes_count": 3, "replies_count": 0, "retweets_count": 1, "hashtags": []}
{"id": 1261083621533921281, "date": "2020-05-14", "time": "19:58:59", "tweet": "Need input from my card experts like @TwinsJake and @lexgoblue are we buying Topps T206 cards?", "likes_count": 1, "replies_count": 3, "retweets_count": 0, "hashtags": []}
{"id": 1261083598603587586, "date": "2020-05-14", "time": "19:58:54", "tweet": "@Rstandiego @washingtonpost The funny thing is we have LAWS for that, duly created by legislative bodies with input from all relevant parties.   These are an executive order. They do not carry the force of law and are dubious in legality to enforce.", "likes_count": 0, "replies_count": 4, "retweets_count": 0, "hashtags": []}
{"id": 1261083577569214472, "date": "2020-05-14", "time": "19:58:49", "tweet": "@mrmmdepoer @simonmaginn @Giterati Thanks for my input, where's yours? 2 tweets about my user name/profile is that it? Weak.   Imagine getting done over by a troll account, how embarrassing for you.", "likes_count": 0, "replies_count": 1, "retweets_count": 0, "hashtags": []}
{"id": 1261083547646988289, "date": "2020-05-14", "time": "19:58:42", "tweet": "@RoarSD1969 Ted I totally understand. I am the same. Will be 🙏 for your Aunt. Have heard Ga is doing well &amp; that I am glad to hear. Same to you my friend &amp; appreciate your input.", "likes_count": 1, "replies_count": 0, "retweets_count": 0, "hashtags": []}
{"id": 1261083490533212162, "date": "2020-05-14", "time": "19:58:28", "tweet": "@ShellyV13 @BTS_twt I’m not so sure since it’s not on network tv and the built in audience are mostly adults now. I’m going to be optimistic, and I also hope the author may have negotiated a little more input after the what the movie’s did to his series 🤞", "likes_count": 1, "replies_count": 1, "retweets_count": 0, "hashtags": []}
{"id": 1261083480143749120, "date": "2020-05-14", "time": "19:58:26", "tweet": "@ringskie1 @GianaClair @JoeBiden Nah I think I’ll stick around until we get some policy of substance. Thanks for your input though. God bless!", "likes_count": 1, "replies_count": 1, "retweets_count": 0, "hashtags": []}
{"id": 1261083393166630914, "date": "2020-05-14", "time": "19:58:05", "tweet": "@LisaTMullin @EDav82 @intersexfacts @FBPE75 @ForeverMagdalen @NAllison89 @tessmissing @factsnotficti10 @sclibearian @unwitod @RadFemme74 @Technicallyowen @ruprekt79 @nathaliehoule12 @PheeberWeaver @Tokesthe420 @MsVanillaRose @DSpidermanH @MarmaladeMaisie @Vicky_U_witch @kirwinia @shoshiroll @helenstaniland @Glinner @WhiteCatGaming @joss_prior @powergem81 @menendoplex @babybeginner @KevinYa13099403 @fletcherkathy8 @what_really_no @RibzNGutz @JennyFitz2000 @Cave_Art_Films @Ellen91333928 @ramblanista @EmilyBanting1 @PunkiDaisyl6 @notCursedE @DaveNormal3 @transperbole @BDimyon @brightstrangely @itsallariddle @feministleaning @AesirPagan @galluslass @damomen76 Lisa, how wonderful of you to join in. We do enjoy your input, it always provides a bit light entertainment 😆", "likes_count": 1, "replies_count": 0, "retweets_count": 0, "hashtags": []}
{"id": 1261083363043147777, "date": "2020-05-14", "time": "19:57:58", "tweet": "Hi everyone. I'll be moderating tonight's #mschat. Join us for a little while or lurk! These are unusual times, so we are looking for all kinds of input.", "likes_count": 0, "replies_count": 0, "retweets_count": 0, "hashtags": ["mschat"]}
{"id": 1261083280243396609, "date": "2020-05-14", "time": "19:57:38", "tweet": "@DickSully I really don’t. But I’m allowed to air my dumb grievances. They’ll still be millionaires and I’ll still be jealous. But appreciate that input.", "likes_count": 0, "replies_count": 0, "retweets_count": 0, "hashtags": []}
{"id": 1261083242737827844, "date": "2020-05-14", "time": "19:57:29", "tweet": "Women leaders are setting themselves apart during this pandemic. They seek input and listen.  They are vision-setters.  They made bold decisions to shut down early! My role models are all women. My mother left India, for Africa at age 24, to give her kids a chance at a future!", "likes_count": 12, "replies_count": 0, "retweets_count": 2, "hashtags": []}
{"id": 1261083162932903937, "date": "2020-05-14", "time": "19:57:10", "tweet": "@MattStultz @printrbot @WhamBamSystems @BIQU_Hope @MatrixPrecision I went with the GTR so I could run the 3-input extruder.  But the SKR looks pretty solid too.", "likes_count": 0, "replies_count": 0, "retweets_count": 0, "hashtags": []}
{"id": 1261083159455727616, "date": "2020-05-14", "time": "19:57:09", "tweet": "@IWOMissive Thank you for your input, I really appreciate it!! 😊", "likes_count": 1, "replies_count": 0, "retweets_count": 0, "hashtags": []}
{"id": 1261083024629698562, "date": "2020-05-14", "time": "19:56:37", "tweet": "#iherb  #iherbcouponcode  #iherbPromoCode  First time use!  10% discount coupon!  anytime!  !  5% discount coupon!  This 👉🏻 ROH1572 👈🏻   Just input and apply to the promo code in the cart   If you are shopping for the first time at iherb, you can also use coupons！  https://t.co/GoOAS9VcyD", "likes_count": 0, "replies_count": 0, "retweets_count": 0, "hashtags": ["iherb", "iherbcouponcode", "iherbpromocode"]}
{"id": 1261083018447532033, "date": "2020-05-14", "time": "19:56:36", "tweet": "@tom_maccoy @CNN And illegally extended without the input of the legislature, don't forget the second part.", "likes_count": 0, "replies_count": 0, "retweets_count": 0, "hashtags": []}
{"id": 1261083018225053696, "date": "2020-05-14", "time": "19:56:35", "tweet": "@CBCPolitics If he really wants to be supportive of Canadian food producers, kill the Carbon tax! They refuse to tell Canadians how large the impact is on agricultural production - fuel, fertilizer, transportation, heating - it's hard to grow food if input costs skyrocket.", "likes_count": 0, "replies_count": 0, "retweets_count": 0, "hashtags": []}
{"id": 1261082940357869571, "date": "2020-05-14", "time": "19:56:17", "tweet": "@diggao_san @tobamu1978 Thank you so much for translating! I appreciate that so much! I also appreciate your input about her tone. It is hard for me to read tone when I don't understand the words.", "likes_count": 2, "replies_count": 0, "retweets_count": 0, "hashtags": []}
{"id": 1261082852466339843, "date": "2020-05-14", "time": "19:55:56", "tweet": "@ireneinspired naw its cool i love your input and thank you im glad u like it", "likes_count": 2, "replies_count": 0, "retweets_count": 0, "hashtags": []}
{"id": 1261082817250963457, "date": "2020-05-14", "time": "19:55:48", "tweet": "@fragilelotus i miss the headphone input", "likes_count": 1, "replies_count": 0, "retweets_count": 0, "hashtags": []}
{"id": 1261082803233591297, "date": "2020-05-14", "time": "19:55:44", "tweet": "i’ve been meaning to ask this for awhile, but what are your favorite akatsuki songs? i’d love to hear input from anyone, whether it be a producer or my classmates!", "likes_count": 3, "replies_count": 2, "retweets_count": 0, "hashtags": []}
