{"id": 1304932682741280768, "date": "2020-09-12", "time": "19:59:30", "tweet": "@arcade_projects This is my first hooking to the directx D3D8 input library for the Rastan Saga title of NESICAxLive. It looks a lot like what you've got.   https://t.co/F7s0R0IbJo", "likes_count": 0, "replies_count": 0, "retweets_count": 0, "hashtags": []}
{"id": 1304932611299536896, "date": "2020-09-12", "time": "19:59:13", "tweet": "実写VFXにはあまり縁が無いので…こっちだと、漠然としたコンセプトからより詳細な設定のアイディア出す人かなぁ…その成果物元にアセット作ったりとか？", "likes_count": 1, "replies_count": 1, "retweets_count": 0, "hashtags": []}
{"id": 1304932538234867712, "date": "2020-09-12", "time": "19:58:56", "tweet": "@_darthsader Nice! Thank you for all of your input and patience with my questions.", "likes_count": 0, "replies_count": 0, "retweets_count": 0, "hashtags": []}
{"id": 1304932420081381379, "date": "2020-09-12", "time": "19:58:28", "tweet": "@willdjthrill @jongold Haha. Yes. I've found it so useful. Send that input to Zoom and allows me versatility in sharing screens, video, audio etc", "likes_count": 1, "replies_count": 0, "retweets_count": 0, "hashtags": []}
{"id": 1304932255001911296, "date": "2020-09-12", "time": "19:57:48", "tweet": "@tonydunc @ReneVe6a @hornsbykid @SethAbramson Problem is that if the admin disputes the results due to issues with vote counting or input from governors of R states, then all ends in the courts. Meanwhile, he can  invoke the insurrection act. None of these actions are unconstitutional. This is a classic power grab move.", "likes_count": 2, "replies_count": 0, "retweets_count": 0, "hashtags": []}
{"id": 1304932253085163520, "date": "2020-09-12", "time": "19:57:48", "tweet": "@mattiasreporter @theonly_Isa Fjant. Cynisk är att tjäna pengar på kortsiktig högerpopulism. Låtsas inte som om du har någon vettig input i detta ämnet.", "likes_count": 0, "replies_count": 2, "retweets_count": 0, "hashtags": []}
{"id": 1304932230859354112, "date": "2020-09-12", "time": "19:57:42", "tweet": "そもそもキャラクターデザイナーって何してる人？？プリプロのコミュニケーションツールすよね？業種によっても違いそう。ゲームはアセット制作のための設定決めて資料に落とし込む人？アニメで表情のテンプレート作ってる人はキャラデザの人？？", "likes_count": 1, "replies_count": 1, "retweets_count": 0, "hashtags": []}
{"id": 1304932227374100483, "date": "2020-09-12", "time": "19:57:42", "tweet": "app or webbo idea that has a huge recipe database and u can just put in approx how much of what u have (maybe can b synched to ur curbside order) or like u can input ingredients that are about to spoil and it’ll come up with best match recipes as u input more ingredients, idk", "likes_count": 10, "replies_count": 2, "retweets_count": 0, "hashtags": []}
{"id": 1304932189033955328, "date": "2020-09-12", "time": "19:57:32", "tweet": "@nwcarris Oh I love a hodgepodge of input from trusted sources.   One year, my academic coach said, “I know you’re going to have 3 more people this same thing. Just tell me what you decide at the end.”  It’s exceptionally rare I only use a single person!", "likes_count": 0, "replies_count": 0, "retweets_count": 0, "hashtags": []}
{"id": 1304932171774271488, "date": "2020-09-12", "time": "19:57:28", "tweet": "@sarahforpdx Any advice on wearing a full face mask with glasses?? Do you use any additional inserts specifically for glasses wearers? Did you just leave it loose for the top and focus on a tight mouth/nose? I have a full face mask and glasses but never great results. Would love you're input.", "likes_count": 1, "replies_count": 0, "retweets_count": 0, "hashtags": []}
{"id": 1304932131458686976, "date": "2020-09-12", "time": "19:57:19", "tweet": "@Aayush210902 @Aayush210902 the country, input the phone number in this format \"80xxxxxxxx\" instead of “080xxxxxxxx” and then input the", "likes_count": 0, "replies_count": 0, "retweets_count": 0, "hashtags": []}
{"id": 1304932018397028353, "date": "2020-09-12", "time": "19:56:52", "tweet": "8. Does policing pay lip service to community input or only talk to allies &amp; ignore (or act w/ hostility towards critics)? These are just my thoughts. Here’s a good case study to assess: SWAT raids wrong house. No one seriously hurt but still a big error. How will 1-8 be scored?", "likes_count": 12, "replies_count": 1, "retweets_count": 0, "hashtags": []}
{"id": 1304931987229155328, "date": "2020-09-12", "time": "19:56:44", "tweet": "Trust me...we know we have a lot to learn and grow with our Drunken Fins show...And we want to keep getting better for you all! Please subscribe and share it as well as your thoughts and input! Ws e do it for you and want to get better for you!  https://t.co/akseDfBsUb #FinsUp", "likes_count": 3, "replies_count": 1, "retweets_count": 0, "hashtags": ["finsup"]}
{"id": 1304931883302739969, "date": "2020-09-12", "time": "19:56:20", "tweet": "missed one (1) hormonal pill and i’m on the brink of tears thinking about forehead kisses. actively not imagining babies in case i spontaneously combust. i would empty my savings account to hold someone’s hand right now. thank u uterus for ur input.", "likes_count": 13, "replies_count": 1, "retweets_count": 0, "hashtags": []}
{"id": 1304931816667664384, "date": "2020-09-12", "time": "19:56:04", "tweet": "@Adiofreak I have enough respect for you , your content and your contributions to do so , I appreciate your input regardless of whether we were to agree or not", "likes_count": 1, "replies_count": 0, "retweets_count": 0, "hashtags": []}
{"id": 1304931805020160000, "date": "2020-09-12", "time": "19:56:01", "tweet": "@Tutunuu If I can input, I have had a staff experience loss,and they may feel lost, depressed etc. If you look at her track record and she's been reliable, you need to find the address she put in her form and pay a condolence visit with one or two other staff first.", "likes_count": 0, "replies_count": 0, "retweets_count": 0, "hashtags": []}
{"id": 1304931794353938432, "date": "2020-09-12", "time": "19:55:58", "tweet": "いや、でもキャラクターデザイナーそのものが高度で成熟されたものになってったら、より厳しくなるよね？演奏家とか早いよね。楽しみましょうならあれかもだけど", "likes_count": 1, "replies_count": 2, "retweets_count": 0, "hashtags": []}
{"id": 1304931771981717504, "date": "2020-09-12", "time": "19:55:53", "tweet": "@YoungGrady5k @Tony_Flame 1 they don’t count by KD  2 they’re more than rich enough to pay for their own   3 actually some do. Treyarch and Sledgehammer ask for their input.  Congratulations you’re wrong on every count", "likes_count": 17, "replies_count": 1, "retweets_count": 0, "hashtags": []}
{"id": 1304931445278797825, "date": "2020-09-12", "time": "19:54:35", "tweet": "10割キャラクターデザイナーにする教育システムは考えてみたい。本来なれる人じゃ無い人を成就出来る確率が高いシステム＝優秀なシステムと言えますかね？", "likes_count": 1, "replies_count": 1, "retweets_count": 0, "hashtags": []}
{"id": 1304931261547507715, "date": "2020-09-12", "time": "19:53:51", "tweet": "@townofws What is this ? The 15th year in a row that you have had public input into an “official plan “ review. You have no money now or in the foreseeable future to do anything. You might have 10% of the cost of rebuilding MainSt put aside. Quit BSing #stouffville", "likes_count": 3, "replies_count": 0, "retweets_count": 0, "hashtags": ["stouffville"]}
{"id": 1304931103699087368, "date": "2020-09-12", "time": "19:53:14", "tweet": "Come and whisper in my ear and Did I ask for your input? !!", "likes_count": 0, "replies_count": 0, "retweets_count": 0, "hashtags": []}
{"id": 1304931016893636608, "date": "2020-09-12", "time": "19:52:53", "tweet": "僕の書くスクリプトの9割は消えていく。職場でも9割は普通の人。r&amp;dして仕事で使えるレベルまで昇華するhipは1割程度  ビジネスとして成り立つなら、それ以上でも以下でも無いかもしれないですかね？  多くの専門学校に教育理念をちゃんと持って欲しいとは思う", "likes_count": 1, "replies_count": 1, "retweets_count": 0, "hashtags": []}
{"id": 1304930973130412032, "date": "2020-09-12", "time": "19:52:43", "tweet": "@agattthh I like the long one, itf its now tall dont cut it, and if its short grow it!...you dont know me but thats mu input!😁", "likes_count": 0, "replies_count": 0, "retweets_count": 0, "hashtags": []}
{"id": 1304930948060905472, "date": "2020-09-12", "time": "19:52:37", "tweet": "Why the fuck Is XboxSX and PS5 releasing with HDMI 2.1 input when there isn’t any compatible monitors on the market. They better drop those 4K 120hz monitors ASAP bro.", "likes_count": 0, "replies_count": 1, "retweets_count": 0, "hashtags": []}
{"id": 1304930942914564098, "date": "2020-09-12", "time": "19:52:35", "tweet": "@downbadglyph thats just what i think tho, take that how you will, just a bit of input that i feel might help", "likes_count": 0, "replies_count": 0, "retweets_count": 0, "hashtags": []}
{"id": 1304930896340873216, "date": "2020-09-12", "time": "19:52:24", "tweet": "-“I've never seen this before, there's an input on the computer that you tested positive for Covid?\" the officer asks.  \"Yes,\" the student answered, adding \"This was, um, a week ago.  1/", "likes_count": 0, "replies_count": 0, "retweets_count": 0, "hashtags": []}
{"id": 1304930882575368193, "date": "2020-09-12", "time": "19:52:21", "tweet": "@kicked_got Tell her you want to surprise her with your new penile augment and then third input her. It might bring her back!", "likes_count": 0, "replies_count": 0, "retweets_count": 0, "hashtags": []}
{"id": 1304930799897243648, "date": "2020-09-12", "time": "19:52:01", "tweet": "@phantomsword777 Thank you for your input!", "likes_count": 1, "replies_count": 0, "retweets_count": 0, "hashtags": []}
{"id": 1304930788778160128, "date": "2020-09-12", "time": "19:51:59", "tweet": "look at this corner of the spreadsheet i made to keep track of my daily fiction writing word count  it's godawful. consistency? none. there are wrong numbers inputted. it relies largely on manual input and the =sum() formula. also i love it more than i can begin to express.  https://t.co/XtwT6e618W", "likes_count": 0, "replies_count": 0, "retweets_count": 0, "hashtags": []}
{"id": 1304930780154601473, "date": "2020-09-12", "time": "19:51:57", "tweet": "@MyNameIsMurray We appreciate your input on this, Murray. It is much appreciated.  Ada", "likes_count": 0, "replies_count": 0, "retweets_count": 0, "hashtags": []}
{"id": 1304930698004959233, "date": "2020-09-12", "time": "19:51:37", "tweet": "@billkonigsberg Well said, Bill.  Thank you for your input.  But, then, I can enjoy characters and stories for their own sake; I am getting a bit tired of creativity being trashed by \"own voices\" criteria.", "likes_count": 0, "replies_count": 0, "retweets_count": 0, "hashtags": []}
{"id": 1304930694330822656, "date": "2020-09-12", "time": "19:51:36", "tweet": "@MattFtheOracle Appreciate the input", "likes_count": 0, "replies_count": 0, "retweets_count": 0, "hashtags": []}
{"id": 1304930613116448773, "date": "2020-09-12", "time": "19:51:17", "tweet": "@IanMCohen @realDonaldTrump Question: if you input your password incorrectly into your phone too many times, does it reset/wipe your data?   Mine doesn't.   The fbi under mueller is saying that. In regards to an investigation about the president.   Youre buying that? Have you really read what they said...", "likes_count": 0, "replies_count": 1, "retweets_count": 0, "hashtags": []}
{"id": 1304930587199770624, "date": "2020-09-12", "time": "19:51:11", "tweet": "@PDXComms In the moment one can also use a sensory stim. I personally like things with a rough texture (more tactile input) or something hard (example: a pummus stone, but for convenience a pendant works well). Draw the mind away from the anxiety and ground it back into the body.", "likes_count": 1, "replies_count": 0, "retweets_count": 0, "hashtags": []}
{"id": 1304930549329547269, "date": "2020-09-12", "time": "19:51:02", "tweet": "@Katherinerobin @Kim_Targaryan @Sweasty @EmperorWellen okay, Kate. thank you for your input.", "likes_count": 0, "replies_count": 0, "retweets_count": 0, "hashtags": []}
{"id": 1304930424813162498, "date": "2020-09-12", "time": "19:50:32", "tweet": "@Johnnymac47 @WashingtonNFL @RiverboatRonHC You do realise that he will probably have 0 to little input of games this season? You do know what he is going through right", "likes_count": 3, "replies_count": 0, "retweets_count": 0, "hashtags": []}
{"id": 1304930378013171712, "date": "2020-09-12", "time": "19:50:21", "tweet": "@bokuroowo Feel free to input but i'm mulling over the historical events of humanity", "likes_count": 1, "replies_count": 1, "retweets_count": 0, "hashtags": []}
{"id": 1304930368118685696, "date": "2020-09-12", "time": "19:50:18", "tweet": "@Codbau ty appreciate input", "likes_count": 1, "replies_count": 0, "retweets_count": 0, "hashtags": []}
{"id": 1304930302964518913, "date": "2020-09-12", "time": "19:50:03", "tweet": "“I've never seen this before, there's an input on the computer that you tested positive for Covid?\" the officer asks. \"Yes,\" the student answered, adding \"This was, um, a week ago”  https://t.co/IgMq0EhMD7  https://t.co/V8Llo7zZyB", "likes_count": 0, "replies_count": 0, "retweets_count": 0, "hashtags": []}
{"id": 1304930149792534528, "date": "2020-09-12", "time": "19:49:26", "tweet": "@achow101 @dmpsim @gwillen It would help you detect conflicts (seconds vs blocks), which is nice. Ok, I buy option 2a. I guess a new input type with hash,index,nsequence? And new global for nlocktime? If no nlocktime, freezer chooses?", "likes_count": 1, "replies_count": 0, "retweets_count": 0, "hashtags": []}
{"id": 1304929952861749248, "date": "2020-09-12", "time": "19:48:39", "tweet": "The input stack for Pixelbook is hilariously broken.", "likes_count": 1, "replies_count": 0, "retweets_count": 0, "hashtags": []}
{"id": 1304929945936973832, "date": "2020-09-12", "time": "19:48:38", "tweet": "@Nick_HuynhMPLS Jumping in on Monday with any dip close to the 11s. Freed up capital selling the last of my $pw for now. Thanks for the idea and input", "likes_count": 1, "replies_count": 0, "retweets_count": 0, "hashtags": []}
{"id": 1304929896070893570, "date": "2020-09-12", "time": "19:48:26", "tweet": "@IainColledge @MazbWhite @thnxweh @stephenj_colvin @Tobias_Ellwood And the EU are trying to have more input in the business of the UK, why?", "likes_count": 0, "replies_count": 1, "retweets_count": 0, "hashtags": []}
{"id": 1304929889905250304, "date": "2020-09-12", "time": "19:48:24", "tweet": "@TheLastAmadeus Only buy it if it’s on sale, and only if you’re comfortable with an input delay of a quarter of a second. I measured it at about 250 ms, while most other games have 30-40 ms. So like I said. Night and day.", "likes_count": 1, "replies_count": 0, "retweets_count": 0, "hashtags": []}
{"id": 1304929789405347840, "date": "2020-09-12", "time": "19:48:00", "tweet": "@ImperfectpoetTG @vj_kooked @Itzme_Chloe_C @I_Am_Spring_Day -in when its a group question is normal. Especially for tae lately. I guess for me, I feel like the interviewer is the guide to the proceedings of the interview right? So collecting input from each interviewee is really something that interviewers actively do. Kind of like +", "likes_count": 0, "replies_count": 0, "retweets_count": 0, "hashtags": []}
{"id": 1304929710921715712, "date": "2020-09-12", "time": "19:47:42", "tweet": "@AncietyG @SamaTatsui @RubberSage @I_am_Nami_San Leave nigga nobody invited you, you have zero input you’re literally a cheerleader", "likes_count": 0, "replies_count": 0, "retweets_count": 0, "hashtags": []}
{"id": 1304929459036975104, "date": "2020-09-12", "time": "19:46:42", "tweet": "Frustrated with your party’s current leadership? Wish you were part of a political organization that values the  democratic input of general membership in policy, direction, and messaging? Join an ever growing number of registered Dems in @NewOrleansDSA/@DSASWLA/@BatonRougeDSA!", "likes_count": 9, "replies_count": 1, "retweets_count": 5, "hashtags": []}
{"id": 1304929340732440579, "date": "2020-09-12", "time": "19:46:13", "tweet": "@MissusVee @Gerard36Delaney @AineMcMahon @Colmogorman @rte Ok thanks for you’re input👍👍enjoy the rest of you’re weekend.", "likes_count": 0, "replies_count": 0, "retweets_count": 0, "hashtags": []}
{"id": 1304929319576367106, "date": "2020-09-12", "time": "19:46:08", "tweet": "@Tyler_Ben68 @JoshQuigglcfc @BTSportBoxing Go to bed Umpa. No one needs your saggy input.  https://t.co/uk5U7bWIox", "likes_count": 0, "replies_count": 2, "retweets_count": 0, "hashtags": []}
{"id": 1304929273137029125, "date": "2020-09-12", "time": "19:45:57", "tweet": "@corgidad23 @James_VC81 @davidlefebvre79 @CDCarter13 Thanks! Appreciate the input and engagement!", "likes_count": 5, "replies_count": 0, "retweets_count": 0, "hashtags": []}
{"id": 1304929241147092992, "date": "2020-09-12", "time": "19:45:50", "tweet": "@aesphantasmal thank you for your input", "likes_count": 0, "replies_count": 1, "retweets_count": 0, "hashtags": []}
{"id": 1304929146636840966, "date": "2020-09-12", "time": "19:45:27", "tweet": "Listening back to audio playback I can't tell if my input mic quality is poor or if I just have an awful voice", "likes_count": 0, "replies_count": 0, "retweets_count": 0, "hashtags": []}
{"id": 1304929039510048769, "date": "2020-09-12", "time": "19:45:02", "tweet": "@daet1me I'm crying I see how this came off as a question but it was me just doing the challenge going around rn and adding the question marks because ??? Ty for your input tho😭", "likes_count": 0, "replies_count": 0, "retweets_count": 0, "hashtags": []}
{"id": 1304929015350931456, "date": "2020-09-12", "time": "19:44:56", "tweet": "@TheLastAmadeus It’s basically been regarded as one of the worst ports on the platform. I’m not aware of them fixing it.   Reported to run at 1080p 30 FPS with muddy graphics. Frame rate also means higher input lag. Overall just a bad port.", "likes_count": 0, "replies_count": 2, "retweets_count": 0, "hashtags": []}
{"id": 1304928780037824513, "date": "2020-09-12", "time": "19:44:00", "tweet": "WEBINAR: “Engaging Communities in Planning and Communicating about LSL Replacement” will review examples of how water systems can partner w/ and gather input from community groups. Register now.  https://t.co/OoSruAbXzE", "likes_count": 1, "replies_count": 0, "retweets_count": 1, "hashtags": []}
{"id": 1304928747901124608, "date": "2020-09-12", "time": "19:43:52", "tweet": "@weaverslace ha! well, thanks for your input.", "likes_count": 0, "replies_count": 0, "retweets_count": 0, "hashtags": []}
{"id": 1304928730901409793, "date": "2020-09-12", "time": "19:43:48", "tweet": "@UniqueMazique @Forbes Biggest problem with 2K games whenever they try to appeal to the competitive players is that they don’t even have the essentials. Their servers are so bad and there’s always input delay.", "likes_count": 0, "replies_count": 0, "retweets_count": 0, "hashtags": []}
{"id": 1304928673837973504, "date": "2020-09-12", "time": "19:43:34", "tweet": "@Alteredbeastx7 @RightNowJimDaws @realBradStaggs @RealRonPhillips @_battle4freedom @thesamsorbo @the_americanuck @BellesOfLiberty @DOAEshow @erskineradio @ThePatOneyShow @TheCoppensShow @Mojo50Radio I'm autistic. Make your writing mean what you think. Unless I hear or view other biological input telling me what you're saying is not what you mean, I accept your words to be truth untill you prove otherwise. Your words seems to now have crossed the line of truthfulness.", "likes_count": 0, "replies_count": 0, "retweets_count": 0, "hashtags": []}
{"id": 1304928635464212480, "date": "2020-09-12", "time": "19:43:25", "tweet": "「クソと餡はInputとOutput」 これ逆では？", "likes_count": 0, "replies_count": 0, "retweets_count": 0, "hashtags": []}
{"id": 1304928511157772288, "date": "2020-09-12", "time": "19:42:56", "tweet": "@stevin222 @boardzy_ Gaming monitors made by samsung generally lock the input to the native hz or lower, so does zowie, acer generally allows it", "likes_count": 0, "replies_count": 0, "retweets_count": 0, "hashtags": []}
