{"id": 1303845578439360513, "date": "2020-09-09", "time": "19:59:44", "tweet": "@CoralPerkins51 @jvey1 @Lutherpj I think it’s a good start to gather info directly from job seekers to find out what their actual situation is, rather than designing a strategy without direct input. It does ask about skills, but it also asks about previous experience, edu, and where people find info about jobs.", "likes_count": 1, "replies_count": 1, "retweets_count": 0, "hashtags": []}
{"id": 1303845545035747330, "date": "2020-09-09", "time": "19:59:36", "tweet": "昨日は ◯duo1-451回す ◯映画シャドーイング ◎Reading1時間 △duo452input でした。  duoのinputを放置しがちだな🤔  そして今読んでいる小説が面白い。  How Starbucks Saved My Life: A Son of Privilege Learns to Live Like Everyon...  https://t.co/BvsdnrVqOv @amazonJPより", "likes_count": 0, "replies_count": 0, "retweets_count": 0, "hashtags": []}
{"id": 1303845528392937481, "date": "2020-09-09", "time": "19:59:32", "tweet": "@DavidEsser_ @sixers Interview in no order  Ty Lue Billy D David Joerger  2-4 assistant head coaches; generally around 40 or younger.  We must be thorough and learn from as many candidates as possible what they would do differently &amp; to improve. Also required for at least some player input before FA.", "likes_count": 0, "replies_count": 1, "retweets_count": 0, "hashtags": []}
{"id": 1303845517294788609, "date": "2020-09-09", "time": "19:59:30", "tweet": "@2020TrumpUSA Ah, more input from the truth isn't the truth cult.  Here explains your problem facing facts:  Facts can never be accepted by ignorant people because facts expose their ignorance.  Bird's of a feather do flock together 😉 The baffoon is on tape confirming how deadly it is.  https://t.co/PKSRebJ3EU", "likes_count": 0, "replies_count": 1, "retweets_count": 0, "hashtags": []}
{"id": 1303845501972946951, "date": "2020-09-09", "time": "19:59:26", "tweet": "hmmmmm should i follow steven universe parody accounts on my spinel account eventually?  i wanna hear your input moots!", "likes_count": 3, "replies_count": 0, "retweets_count": 0, "hashtags": []}
{"id": 1303845399959146497, "date": "2020-09-09", "time": "19:59:02", "tweet": "@IngrahamAngle That little shit hasn't lived long enough to have a viable input to life and he needs to knock it the hell off trying to guide people into thinking like him", "likes_count": 0, "replies_count": 0, "retweets_count": 0, "hashtags": []}
{"id": 1303845394712059909, "date": "2020-09-09", "time": "19:59:01", "tweet": "Multi Image text input Twitter.  https://t.co/2rUDJH3aJV", "likes_count": 0, "replies_count": 0, "retweets_count": 0, "hashtags": []}
{"id": 1303845389259272192, "date": "2020-09-09", "time": "19:58:59", "tweet": "@AndieLongmore @Desmos That could still be possible with the absence of the boundary line. You may have to sprinkle in a few “in or out?” questions to make up for it, though.  Like point collector, the graph can still detect from the student input if a point on the boundary is counted or not.", "likes_count": 0, "replies_count": 1, "retweets_count": 0, "hashtags": []}
{"id": 1303845348704567296, "date": "2020-09-09", "time": "19:58:50", "tweet": "microdash DP is such a fun input and not that many games give you reasons to do it", "likes_count": 3, "replies_count": 0, "retweets_count": 0, "hashtags": []}
{"id": 1303845338948628481, "date": "2020-09-09", "time": "19:58:47", "tweet": "@JohnnyB00913116 @FancyBitch_Here Thank you for your unwanted input. And like her post...you don't get tell me or anyone what to do or how to believe. Oh wait...i just figured it out you are you her daddy coming to protect her. Thats gotta be it...lol. good luck to you.", "likes_count": 0, "replies_count": 0, "retweets_count": 0, "hashtags": []}
{"id": 1303845272204636163, "date": "2020-09-09", "time": "19:58:31", "tweet": "@theoutright1 In originally from Chicago, I understand completely. I am still going to consider Dallas.. but we shall see... Thanks for the input.", "likes_count": 0, "replies_count": 0, "retweets_count": 0, "hashtags": []}
{"id": 1303845242534232064, "date": "2020-09-09", "time": "19:58:24", "tweet": "@Mobiusstriptech @Cruzlink2 @Zeronin57972490 @citrus3000psi @RetroGamerStuff Oh. That's certainly the opposite of what I was hoping to hear. 😅  Thanks for the input though. Good to know I shouldn't be full of myself and assume it'll be easy to do a PS1 since I did a DC. Realistic expectations are quite important.", "likes_count": 1, "replies_count": 1, "retweets_count": 0, "hashtags": []}
{"id": 1303845175731654666, "date": "2020-09-09", "time": "19:58:08", "tweet": "@andmyaxe69 @beardjam @JoeyAngus11 Sight is just a sensory input from which we extrapolate information.  When you already possess the knowledge there is no more need for senses  https://t.co/LcqfA4OWLs", "likes_count": 3, "replies_count": 1, "retweets_count": 0, "hashtags": []}
{"id": 1303845165757607936, "date": "2020-09-09", "time": "19:58:06", "tweet": "Harvest is often when the first $ for the next crop are irreversibly allocated toward dry fertilizer.  If you’d like to learn about an alternative system that allocates input dollars in a more effective manner to drive yields, call or DM  me or your local Ag Spectrum Associate.  https://t.co/DvWjN2swf1", "likes_count": 9, "replies_count": 1, "retweets_count": 2, "hashtags": []}
{"id": 1303845092772343809, "date": "2020-09-09", "time": "19:57:49", "tweet": "Maybe it's my existing familiarity with graph databases, but @RoamResearch is quickly feeling like a scalable way to keep brain dumping organized.  Feels like the bottleneck is speed of input. What's the closest I can get to plugging this straight into my brain?", "likes_count": 1, "replies_count": 1, "retweets_count": 0, "hashtags": []}
{"id": 1303844952347156487, "date": "2020-09-09", "time": "19:57:15", "tweet": "@EricMertz_KC Thanks for the input! Much appreciated.", "likes_count": 1, "replies_count": 1, "retweets_count": 0, "hashtags": []}
{"id": 1303844948870082560, "date": "2020-09-09", "time": "19:57:14", "tweet": "@Bags0fsand Thank you for voting and your input i appreciate it💯", "likes_count": 1, "replies_count": 0, "retweets_count": 0, "hashtags": []}
{"id": 1303844911679234055, "date": "2020-09-09", "time": "19:57:05", "tweet": "@nadalex @pushkinpods … This thought (or ghastly essay) is still incomplete, and I welcome any input you or others may have on it. I think (perhaps just me) that this discussion is important, as I haven’t seen much, if any, about it. I hope this wasn’t a disappointment or waste of your time.", "likes_count": 0, "replies_count": 2, "retweets_count": 0, "hashtags": []}
{"id": 1303844853340467200, "date": "2020-09-09", "time": "19:56:51", "tweet": "We wish the best for the future of this site, and hope you'll continue to provide your input to the city and demand its leaders make the most of it. Remember: It's your land, San Diego. /end", "likes_count": 6, "replies_count": 1, "retweets_count": 1, "hashtags": []}
{"id": 1303844838765289476, "date": "2020-09-09", "time": "19:56:48", "tweet": "To our supporters: The city today released the scoring and results of the public input they received via the virtual open house on which project citizens preferred. Wow, what a punch in the gut! 1/10  https://t.co/iYI2bAcjzz", "likes_count": 25, "replies_count": 1, "retweets_count": 4, "hashtags": []}
{"id": 1303844749669998595, "date": "2020-09-09", "time": "19:56:27", "tweet": "I need some input, plz! If you're looking forward to buying a vibe sleeve or two in the next drop, what firmness are you looking for? Trying to figure out generally how much of each to make 😅", "likes_count": 21, "replies_count": 3, "retweets_count": 0, "hashtags": []}
{"id": 1303844738445971456, "date": "2020-09-09", "time": "19:56:24", "tweet": "@wasntJake You just gotta get used to the input lag and the frame drops. Shits weird af when you go from PC to console.", "likes_count": 5, "replies_count": 0, "retweets_count": 0, "hashtags": []}
{"id": 1303844730346721280, "date": "2020-09-09", "time": "19:56:22", "tweet": "thanks for the input tbh 🥰🙏", "likes_count": 1, "replies_count": 0, "retweets_count": 0, "hashtags": []}
{"id": 1303844655163990016, "date": "2020-09-09", "time": "19:56:04", "tweet": "@TheRealZeRoY @DramaticReplays @Tony_Flame Pros play the game more than casual do so it makes sense to listen to there input more than a casual. Pros only want slide cancelling to be balanced and not overpowered and annoying. None of the pros are suggesting major changes to the game that will effect everyone.", "likes_count": 0, "replies_count": 1, "retweets_count": 0, "hashtags": []}
{"id": 1303844528957333505, "date": "2020-09-09", "time": "19:55:34", "tweet": "@AnneWit40794091 @LoMama81 @loganclarkhall @TomCottonAR @johnrobertgage I consider the living, breathing person to be worthy of determining what’s best for them without my input, yours, or anyone else’s. Obviously you don’t.", "likes_count": 1, "replies_count": 0, "retweets_count": 0, "hashtags": []}
{"id": 1303844525404807168, "date": "2020-09-09", "time": "19:55:33", "tweet": "@Amateur_DM true, I tend to take my role as GM/DM/etc. as more of a co-management or directorial role, and the players as the actors.  I have the script, and I do welcome your input, and will take it into consideration. But in the long run, I gots a story to tell, and you lot are in it. :)", "likes_count": 1, "replies_count": 0, "retweets_count": 0, "hashtags": []}
{"id": 1303844508669542402, "date": "2020-09-09", "time": "19:55:29", "tweet": "@spad2002 Some of them can say they have input and \"collab\" but ... eyeroll,", "likes_count": 0, "replies_count": 1, "retweets_count": 0, "hashtags": []}
{"id": 1303844476545306624, "date": "2020-09-09", "time": "19:55:22", "tweet": "#WritingCommunity how do you sell books from your website without paying $$ in fees? And does anyone with Wix specifically have any input?  #indieauthor", "likes_count": 0, "replies_count": 0, "retweets_count": 0, "hashtags": ["writingcommunity", "indieauthor"]}
{"id": 1303844342319243264, "date": "2020-09-09", "time": "19:54:50", "tweet": "@paulmcleary He built..he never built anything..I’m sure whatever system it is, was planned long before Trump took office and had no input from him!", "likes_count": 0, "replies_count": 0, "retweets_count": 0, "hashtags": []}
{"id": 1303844216091672577, "date": "2020-09-09", "time": "19:54:20", "tweet": "@sb_67 You need 140HP and an aux input. Nothing else matters.", "likes_count": 0, "replies_count": 2, "retweets_count": 0, "hashtags": []}
{"id": 1303844118754291712, "date": "2020-09-09", "time": "19:53:56", "tweet": "大麻合法化を主張しとるやつ全員裏でなんかやっとるやろ", "likes_count": 0, "replies_count": 0, "retweets_count": 0, "hashtags": []}
{"id": 1303843939426787328, "date": "2020-09-09", "time": "19:53:14", "tweet": "@balk_887 がんばって狩るよ！！(←違う)", "likes_count": 0, "replies_count": 0, "retweets_count": 0, "hashtags": []}
{"id": 1303843729820676097, "date": "2020-09-09", "time": "19:52:24", "tweet": "#友情   今天我睡醒之后发现有来自同一个人的55条未读消息？？我都惊呆了！上一次出现这种情况还是科学脑给我发99+的时候，不过她是个可爱的话痨呀，平时就很喜欢拉着我说话。但她现在也开始嫌弃我不能给她input，嫌弃我过于感性，即使我曾经给了她很多理解和认同。哼！女人真是善变！扯远了，", "likes_count": 1, "replies_count": 3, "retweets_count": 0, "hashtags": ["友情"]}
{"id": 1303843592427823104, "date": "2020-09-09", "time": "19:51:51", "tweet": "@CodeCrumbean @ilysoul__ @tentriumm @XcelSlayer ive seen console players with 0 ping maybe not no input delay they literally take a 0 ping pcplayers wall not trolling", "likes_count": 0, "replies_count": 1, "retweets_count": 0, "hashtags": []}
{"id": 1303843496906776577, "date": "2020-09-09", "time": "19:51:28", "tweet": "@axozzzz i shall not, i have a laptop with a broken screen attached to a separate monitor, and a cheap mouse, my input delay is extremely high", "likes_count": 1, "replies_count": 1, "retweets_count": 0, "hashtags": []}
{"id": 1303843317701062658, "date": "2020-09-09", "time": "19:50:45", "tweet": "@michael_zandi @apoorva_nyc Thank you @michael_zandi for your insights and input on this piece! Really appreciate this 🙏🏼", "likes_count": 2, "replies_count": 1, "retweets_count": 0, "hashtags": []}
{"id": 1303843276152283139, "date": "2020-09-09", "time": "19:50:35", "tweet": "note: the input text box will take pretty much any text format you paste in, including MicroHard Word format", "likes_count": 0, "replies_count": 0, "retweets_count": 0, "hashtags": []}
{"id": 1303843275724533760, "date": "2020-09-09", "time": "19:50:35", "tweet": "@FortniteStatus Input lag fix for PC?", "likes_count": 0, "replies_count": 0, "retweets_count": 0, "hashtags": []}
{"id": 1303843048841867264, "date": "2020-09-09", "time": "19:49:41", "tweet": "@theblackboyblog Not Offical yet guys... still a day and a half of tracking that hasnt been input.  https://t.co/8RKasFiSIM", "likes_count": 0, "replies_count": 0, "retweets_count": 0, "hashtags": []}
{"id": 1303842989706342400, "date": "2020-09-09", "time": "19:49:27", "tweet": "what app do you use to input subtitles into a video?", "likes_count": 0, "replies_count": 4, "retweets_count": 0, "hashtags": []}
{"id": 1303842842889125894, "date": "2020-09-09", "time": "19:48:52", "tweet": "@CodeCrumbean @tofufnm @tentriumm @XcelSlayer lol console can get 0 ping but the input delay is still shit", "likes_count": 0, "replies_count": 0, "retweets_count": 0, "hashtags": []}
{"id": 1303842783954964480, "date": "2020-09-09", "time": "19:48:38", "tweet": "@_Waffle_Bandit_ @Bellthegaomon @ApollosMission Thank you btw for coming back to this discussion. Appreciate your input with your last answer. Have a great day", "likes_count": 1, "replies_count": 1, "retweets_count": 0, "hashtags": []}
{"id": 1303842702954504197, "date": "2020-09-09", "time": "19:48:19", "tweet": "There is no input lag at the skate park", "likes_count": 10, "replies_count": 0, "retweets_count": 0, "hashtags": []}
{"id": 1303842658436239360, "date": "2020-09-09", "time": "19:48:08", "tweet": "Whooo!   After way too much fuss, I finally figured out what I needed to do to update old code to work with Unity's new Input Manager API. That's only... *checks clock* around a full day of fighting with it, getting pissed off, walking away, coming back to fight with it more, etc", "likes_count": 1, "replies_count": 1, "retweets_count": 0, "hashtags": []}
{"id": 1303842570192269313, "date": "2020-09-09", "time": "19:47:47", "tweet": "@SkyHardstyle El convertidor del minuto 1:53 tiene un input lag inconsistente de hasta más de 1 fotograma (Testeado por RetroRGB), lo cual hace el título del video una mentira. Es un producto originalmente genérico de AliExpress que muchas empresas alteran para poner sus marcas y vender.", "likes_count": 1, "replies_count": 0, "retweets_count": 0, "hashtags": []}
{"id": 1303842560369139712, "date": "2020-09-09", "time": "19:47:45", "tweet": "@holyguacanoley @morganbakre @TheHonorableAT HA as if minimum wage isn’t by definition a working class category/lifestyle. Thanks for the super nuanced and helpful input on a topic you want so badly to say you know about yet so clearly don’t care about bc it doesn’t affect you anymore, panty buddy", "likes_count": 0, "replies_count": 1, "retweets_count": 0, "hashtags": []}
{"id": 1303842421378371585, "date": "2020-09-09", "time": "19:47:12", "tweet": "@badatgaminggrl Those instructions are rubbish! Where do I input the WiFi code?", "likes_count": 0, "replies_count": 0, "retweets_count": 0, "hashtags": []}
{"id": 1303842395868590080, "date": "2020-09-09", "time": "19:47:06", "tweet": "@JaniceDean Depreciation is a good tool to minimize you and your input. Stand strong and continue to BE WHO GOD CREATED. They can’t stop the truth.", "likes_count": 0, "replies_count": 0, "retweets_count": 0, "hashtags": []}
{"id": 1303842183758270465, "date": "2020-09-09", "time": "19:46:15", "tweet": "When the programmers only had time to code in one response to input:", "likes_count": 5, "replies_count": 0, "retweets_count": 6, "hashtags": []}
{"id": 1303842110785814528, "date": "2020-09-09", "time": "19:45:58", "tweet": "@SheKorma Thank you that’s sweet and glad that someone notices that I put time into what I type whether or not it is funny or serious! And yes I believe in being chill because there is so much going on sometimes I’m the person anyone can come to to vent and if you want my input sure if....", "likes_count": 1, "replies_count": 0, "retweets_count": 0, "hashtags": []}
{"id": 1303841953138708480, "date": "2020-09-09", "time": "19:45:20", "tweet": "I'd respectfully submit @workmanalice that this falls short of the 'full Mean Girls' standard and seek @ABCFactCheck's input  Cause if 'Dictator Dan' is what @australian calls the Premier of Victoria now, it strikes me as totes fine for his wife to block away. #auspol  https://t.co/LHrT0gi0T3", "likes_count": 14, "replies_count": 3, "retweets_count": 0, "hashtags": ["auspol"]}
{"id": 1303841919622144002, "date": "2020-09-09", "time": "19:45:12", "tweet": "@ColdFever594 Didn’t you have to input your PSN like a month ago into the Sony website and they will start selecting who gets to be on the preorder through the email associated by your PSN", "likes_count": 0, "replies_count": 1, "retweets_count": 0, "hashtags": []}
{"id": 1303841861010968578, "date": "2020-09-09", "time": "19:44:58", "tweet": "@kelseeey5 Input this on our neighborhood Facebook page and everyone seems to like the idea!  https://t.co/Inafj8U26W", "likes_count": 2, "replies_count": 1, "retweets_count": 0, "hashtags": []}
{"id": 1303841837376057344, "date": "2020-09-09", "time": "19:44:52", "tweet": "In case anyone wants to replicate:   Roland HP3 with two 1/4\" AUX jacks 6ft. 3.5mm audio cable between AUX jack and Line-In of an old PC Old monitor headphones into other AUX jack  Recorded with OBS on PC, using DroidCam as a webcam and the Line-In as audio input", "likes_count": 1, "replies_count": 1, "retweets_count": 0, "hashtags": []}
{"id": 1303841760943042560, "date": "2020-09-09", "time": "19:44:34", "tweet": "@hardlynormal What does “most” mean? This is such a bland mischaracterization especially of the many small providers who try tirelessly to seek input from homless folks/make safe space for conversation, community, and solidarity. I don’t believe your “most” is actually “most”.", "likes_count": 0, "replies_count": 1, "retweets_count": 0, "hashtags": []}
{"id": 1303841683155476480, "date": "2020-09-09", "time": "19:44:16", "tweet": "@chrisvanderveen @CHSAA When there is a BUT nothing before it matters, so while you may believe we have a right to be mad your tweet makes it sound silly that we are mad &amp; we deserved it. Reopening schools was at the district level, thank goodness! Our districts sought our input. Can't say same 4 CHSAA.", "likes_count": 5, "replies_count": 0, "retweets_count": 0, "hashtags": []}
{"id": 1303841659113951232, "date": "2020-09-09", "time": "19:44:10", "tweet": "Identified: Lamb, Ignas dialect No pilot exp. -&gt;Easy Mode Set  Synchronizing input interface with pilot's normal reflex time. Warning to Pilot: C O M B A T      M O D E  About to enter combat! 1200 units of fuel left WARNING! Enemy Gears are now preparing to attack.", "likes_count": 0, "replies_count": 0, "retweets_count": 0, "hashtags": []}
{"id": 1303841583381372928, "date": "2020-09-09", "time": "19:43:52", "tweet": "@catedempsey @vicki_happy what should be made public is the actual coding is modeling and all input data, so everyone could verify it", "likes_count": 1, "replies_count": 1, "retweets_count": 0, "hashtags": []}
{"id": 1303841559821967360, "date": "2020-09-09", "time": "19:43:46", "tweet": "I've designed some Puzzles, Seating Arrangements, Coding-Decoding &amp; Input-Output for Upcoming Banking Exams. Watch it here:    https://t.co/wtVAhvpjj2  Read Video description for details.  #rrbpo #rrbclerk #IBPSRRB #IBPSRRB2020 #ibpsrrbpo #ibpspo #sbipo #sbiclerk  https://t.co/KoXe2pgjLj", "likes_count": 0, "replies_count": 0, "retweets_count": 1, "hashtags": ["rrbpo", "rrbclerk", "ibpsrrb", "ibpsrrb2020", "ibpsrrbpo", "ibpspo", "sbipo", "sbiclerk"]}
{"id": 1303841511474225153, "date": "2020-09-09", "time": "19:43:35", "tweet": "@KezzieZ @AshleyCackle @Morphic_Enigma @thotwagon There is legal and there is illegal. Drug use is treated like a threat to national security, because it is. Asia want to protect themselves from Western drug pushers, and your input is not read the way you think it would be.", "likes_count": 0, "replies_count": 1, "retweets_count": 0, "hashtags": []}
