{"id": 1276666536007270401, "date": "2020-06-26", "time": "19:59:56", "tweet": "@NBC12 He should have zero input on hiring people for any job anywhere.", "likes_count": 3, "replies_count": 0, "retweets_count": 0, "hashtags": []}
{"id": 1276666521326981121, "date": "2020-06-26", "time": "19:59:52", "tweet": "@Ute_in_Texas HA. A little extreme but thanks for the input", "likes_count": 4, "replies_count": 1, "retweets_count": 0, "hashtags": []}
{"id": 1276666458324512768, "date": "2020-06-26", "time": "19:59:37", "tweet": "@wvj Your welcome ... we all need positive input ☀️🌊😎", "likes_count": 0, "replies_count": 1, "retweets_count": 0, "hashtags": []}
{"id": 1276666371477102592, "date": "2020-06-26", "time": "19:59:16", "tweet": "@Asknonym Yang nge input data patut dipertanyakan wkwkwkwk", "likes_count": 0, "replies_count": 0, "retweets_count": 0, "hashtags": []}
{"id": 1276666368352550913, "date": "2020-06-26", "time": "19:59:16", "tweet": "@MGK_Ganondorf Up tilt, no contest. It can come out if you mistime an up smash input. Neutral B only happens if I'm panicking and being stupid.", "likes_count": 1, "replies_count": 0, "retweets_count": 0, "hashtags": []}
{"id": 1276666261938884608, "date": "2020-06-26", "time": "19:58:50", "tweet": "COMO EXPLICAR 32% GRITANDO \"VIVA, O CAPITÃO! Com COROQUINA NO EXÉRCITO PRA 18 ANOS!\"? Pesquisa Data Folha: 32%! Como? Simples a Resposta: cérebros cristalizados ! Não dão input! Se dão, não processam! Se processam não conseguem dar output! E, aí, é put!... pit!... pot!  https://t.co/TmxgK0ZCrS", "likes_count": 3, "replies_count": 0, "retweets_count": 1, "hashtags": []}
{"id": 1276665983374163970, "date": "2020-06-26", "time": "19:57:44", "tweet": "@Ztizzle02 @PhiIadeIphia215 @ItsShake4ndbake Thanks for ur input", "likes_count": 0, "replies_count": 0, "retweets_count": 0, "hashtags": []}
{"id": 1276665971529392129, "date": "2020-06-26", "time": "19:57:41", "tweet": "@NBSaphierMD Love your input Nicole. You are the best. Would love to hear your thought though on casual sex in the Corona Era and if you have 4-5 Partners in a month, how best to handle it?", "likes_count": 0, "replies_count": 0, "retweets_count": 0, "hashtags": []}
{"id": 1276665923508883456, "date": "2020-06-26", "time": "19:57:30", "tweet": "Great job hosting @JenniferMaguire @DeirdreOKane1 @NickyByrne @eoghanmcdermo @bazashmawy and stunning input @mescal_paul @lennyabrahamson @daraobriain @Hozier @ImeldaOfficial @WeeMissBea @BigBoyler @nbrez @amyhuberman &amp; so many more. Tribe of artists rock #rtedoescomicrelief", "likes_count": 1, "replies_count": 0, "retweets_count": 0, "hashtags": ["rtedoescomicrelief"]}
{"id": 1276665912125460480, "date": "2020-06-26", "time": "19:57:27", "tweet": "@KaiSTOCKs @AJWorkman_ @paulogia0 Cheers for that intellectual input Kai", "likes_count": 0, "replies_count": 1, "retweets_count": 0, "hashtags": []}
{"id": 1276665911253118982, "date": "2020-06-26", "time": "19:57:27", "tweet": "@npower_ng I was un-able to login after input my email and password.", "likes_count": 0, "replies_count": 0, "retweets_count": 0, "hashtags": []}
{"id": 1276665853052891136, "date": "2020-06-26", "time": "19:57:13", "tweet": "For me the best part about rollback netplay  is falcons and Marths not being able to read missed tech every time with knee or fsmash and be right half the time because my input dropped", "likes_count": 1, "replies_count": 0, "retweets_count": 0, "hashtags": []}
{"id": 1276665678750191619, "date": "2020-06-26", "time": "19:56:31", "tweet": "\"Imagine\" is a Socialist anthem written by an Englishman. The anarchists don't want a \"discussion\". They want power over America without our input.", "likes_count": 1, "replies_count": 0, "retweets_count": 0, "hashtags": []}
{"id": 1276665671418437633, "date": "2020-06-26", "time": "19:56:30", "tweet": "@PINTO03091 こんな感じ。python pytorch_to_onnx.py --model-name DBFace --weights dbface.pth --import-module DBFace --input-shape 1,3,960,1280 --output-file dbface.onnx --input-names x --output-names sigmoid_hm,tlrb,landmark", "likes_count": 2, "replies_count": 1, "retweets_count": 1, "hashtags": []}
{"id": 1276665653106290689, "date": "2020-06-26", "time": "19:56:25", "tweet": "@doogiehowser03 I also work in healthcare and agree with everything you say, I enjoy your input and perspectives. Thanks for helping keep everyone safe and informed.", "likes_count": 2, "replies_count": 0, "retweets_count": 0, "hashtags": []}
{"id": 1276665516090814464, "date": "2020-06-26", "time": "19:55:52", "tweet": "Can’t wait to start the 20-21 school year! Thank you, AEC community, for providing input to determine a schedule that supports our students and staff and keeps everyone’s safety as a top priority.", "likes_count": 3, "replies_count": 0, "retweets_count": 1, "hashtags": []}
{"id": 1276665451733450752, "date": "2020-06-26", "time": "19:55:37", "tweet": "@mrcoolmood @npower_ng Input the pin", "likes_count": 0, "replies_count": 0, "retweets_count": 0, "hashtags": []}
{"id": 1276665428899590144, "date": "2020-06-26", "time": "19:55:32", "tweet": "@TheLilMuppet Why thank you, \"Madyson,\" for this highly informative and not at all suspicious a̶d̶v̶e̶r̶t̶i̶s̶e̶m̶e̶n̶t̶ anecdote about this new software! I can't wait to check it out and input my social security number!", "likes_count": 1, "replies_count": 0, "retweets_count": 0, "hashtags": []}
{"id": 1276665409312178176, "date": "2020-06-26", "time": "19:55:27", "tweet": "@Alicia_Smith19 I was I interested in what she had to say at the beginning of all this. Her input always had a healthy smattering of politics but I can handle that. Now tho? It’s all politics and many in medicine/academia are constantly at each other’s throats. It’s unprofessional.", "likes_count": 1, "replies_count": 0, "retweets_count": 0, "hashtags": []}
{"id": 1276665281323184141, "date": "2020-06-26", "time": "19:54:57", "tweet": "@Holy__Shock @BringBackNatDex @PracticalTAS Subjective I guess, I prefer a more responsive game, that input buffer has fucked me over so many times.", "likes_count": 3, "replies_count": 1, "retweets_count": 0, "hashtags": []}
