{"id": 1281739915693260805, "date": "2020-07-10", "time": "19:59:44", "tweet": "WEAPON UPDATES  Guardian  Price reduced from 2700 &gt;&gt;&gt; 2500 Rate of Fire reduced from 6.5 &gt;&gt;&gt; 4.75 Penetration power increased from Medium &gt;&gt;&gt; Heavy  Input queue updated from 0.083 &gt;&gt;&gt; 0.1175", "likes_count": 0, "replies_count": 0, "retweets_count": 0, "hashtags": []}
{"id": 1281739899670937601, "date": "2020-07-10", "time": "19:59:40", "tweet": "Free App share with you, Cashzine! Don’t go out stay at home to earn free cash, read news, take offers, make some money. Cash-Out with PayPal every day! input my invitation code: 14312730, you get 8000 coins instantly! Click below link to download it Free:", "likes_count": 0, "replies_count": 1, "retweets_count": 0, "hashtags": []}
{"id": 1281739896772857856, "date": "2020-07-10", "time": "19:59:39", "tweet": "@Gaohmee I wrote a program once to handle that for me.  For programming fields, shortcuts are pretty much the same but not all programs follow through this. So one day I had enough and wrote a program that reads the window on focus, determine the software then translate my input", "likes_count": 5, "replies_count": 2, "retweets_count": 0, "hashtags": []}
{"id": 1281739839822495744, "date": "2020-07-10", "time": "19:59:26", "tweet": "Rally at Memorial Park going on right now hosted by Educators for Black Lives.  Students and teachers share their experiences and input on how local education and educators can improve to support Black students.  Full story tonight at 10 on @KETV  https://t.co/zBf6pUKMYu", "likes_count": 2, "replies_count": 1, "retweets_count": 0, "hashtags": []}
{"id": 1281739824928624640, "date": "2020-07-10", "time": "19:59:22", "tweet": "Was great to join the @MDICAnnualForum for a panel discussion on the use of #RWE and #data to advance #COVID19 diagnostics.  There was input from @AbbottNews @Roche @FDAcdrhIndustry and @mayocliniclabs You can catch it here  https://t.co/55ZxUXs7BH", "likes_count": 3, "replies_count": 0, "retweets_count": 3, "hashtags": ["rwe", "data", "covid19"]}
{"id": 1281739781580324864, "date": "2020-07-10", "time": "19:59:12", "tweet": "決まりました✨ はなぞNo! で作ります✨サブの時また相談します🎵(人´∀`)♪ｶﾝｼｬ!", "likes_count": 0, "replies_count": 0, "retweets_count": 0, "hashtags": []}
{"id": 1281739765772156929, "date": "2020-07-10", "time": "19:59:08", "tweet": "@JoeTalkShow Ow! CURTIS SLIWA is totally awesome! Great interview! Love the show and the history input today! KEEP SMILING!", "likes_count": 0, "replies_count": 0, "retweets_count": 0, "hashtags": []}
{"id": 1281739690614288384, "date": "2020-07-10", "time": "19:58:50", "tweet": "@RitaPanahi Lol  Keep trying to convince yourself of that  Liberal flogs at it again using Covid as a weak political statement  Typical of these fuckwits  All talk and zero alternative input", "likes_count": 0, "replies_count": 1, "retweets_count": 0, "hashtags": []}
{"id": 1281739674218672128, "date": "2020-07-10", "time": "19:58:46", "tweet": "I've also Googledtheshitoutta racism before there was even a google or even worldwideweb. I've talked and argued and cried and apologized and changed my opinions based on experience and input from others namely African Americans.", "likes_count": 0, "replies_count": 0, "retweets_count": 0, "hashtags": []}
{"id": 1281739633571889153, "date": "2020-07-10", "time": "19:58:36", "tweet": "Ok, Xennial/Gen X/Elder Millenials, I need your input here - Do you know who No Doubt is? cc: @DevinHayesEllis", "likes_count": 1, "replies_count": 1, "retweets_count": 0, "hashtags": []}
{"id": 1281739508745199616, "date": "2020-07-10", "time": "19:58:07", "tweet": "I LOVE that ppl who have so much input on me and my child moving but haven’t hardly help shit. Move around‼️ Wait! Don’t worry we’re moving around.", "likes_count": 0, "replies_count": 0, "retweets_count": 0, "hashtags": []}
{"id": 1281739488700641280, "date": "2020-07-10", "time": "19:58:02", "tweet": "‘A good situation:’ AHSAA teams moving forward with 2020 #football plans.  #AHSAA executive director Steve Savarese enlisted input from the committee members Tuesday concerning options for #fallsports play moving forward.  https://t.co/CvNg1LwqSO | via @aldotcom  https://t.co/8LzeUpCsP3", "likes_count": 0, "replies_count": 0, "retweets_count": 0, "hashtags": ["football", "ahsaa", "fallsports"]}
{"id": 1281739482480467968, "date": "2020-07-10", "time": "19:58:00", "tweet": "@AnnCoulter She is also a far left liberal, acting moderate to try and win a conservative state. Thanks Ann, but Kentucky can vote without your outside input. She barely even won the primary. No chance for wrong path McGrath", "likes_count": 0, "replies_count": 0, "retweets_count": 0, "hashtags": []}
{"id": 1281739467716345856, "date": "2020-07-10", "time": "19:57:57", "tweet": "@Rinka_mhxx いぇーい♪", "likes_count": 0, "replies_count": 0, "retweets_count": 0, "hashtags": []}
{"id": 1281739356865269763, "date": "2020-07-10", "time": "19:57:30", "tweet": "ok so i have no input or output audio on my astro a50s and have tried everything, People are saying to reset the TZ box but idk how", "likes_count": 0, "replies_count": 0, "retweets_count": 0, "hashtags": []}
{"id": 1281739306533449728, "date": "2020-07-10", "time": "19:57:18", "tweet": "@_LillieB @Echampagnemami I ain’t putting in my input no more. She’s too ungrateful", "likes_count": 1, "replies_count": 0, "retweets_count": 0, "hashtags": []}
{"id": 1281739262900215808, "date": "2020-07-10", "time": "19:57:08", "tweet": "Mayor, I’m with you in this fight to bring the NOAA NE Fisheries Science Center to New Bedford. Grateful that you showed me around a bit today and for your input on our Jobs and Justice Initiative.", "likes_count": 96, "replies_count": 4, "retweets_count": 17, "hashtags": []}
{"id": 1281739168872378368, "date": "2020-07-10", "time": "19:56:46", "tweet": "@LydaAstrove @Silver_Chips @SooznLoft @MCPS @mceanea Oh, we had \"input\". We were allowed to give \"feedback\". And when we asked questions we were told that the plan was \"theoretical\" and that we didn't need to \"worry about the details.\"", "likes_count": 1, "replies_count": 1, "retweets_count": 1, "hashtags": []}
{"id": 1281739069953839114, "date": "2020-07-10", "time": "19:56:22", "tweet": "@skip_sf “we need to make sure we hear from everyone in the community, twice, which will take five years but want you to know how much we value your input and engagement”", "likes_count": 4, "replies_count": 0, "retweets_count": 0, "hashtags": []}
{"id": 1281739040610557957, "date": "2020-07-10", "time": "19:56:15", "tweet": "@GreytideSkye (I appreciate the input, it helps! 😁)", "likes_count": 0, "replies_count": 0, "retweets_count": 0, "hashtags": []}
