{"id": 1216510053072744449, "date": "2020-01-12", "time": "18:59:32", "tweet": "@ZeroLuciisFFXIV I think so as well Zero! I'll probably do that if I ever feel like testing the waters so to speak! But my goal remains to touch people's hearts my art. So I'll keep building on the direction I currently have,😊🌸 Thank you for the input though, it's highly appreciated!", "likes_count": 1, "replies_count": 0, "retweets_count": 0, "hashtags": []}
{"id": 1216509920951947264, "date": "2020-01-12", "time": "18:59:01", "tweet": "Thank you for your input. Four hour nap was the answer.", "likes_count": 1, "replies_count": 0, "retweets_count": 0, "hashtags": []}
{"id": 1216509887594815489, "date": "2020-01-12", "time": "18:58:53", "tweet": "@greggkrupa Really love your takes on the red wings. Thanks for the input as always! 👍🏻", "likes_count": 5, "replies_count": 0, "retweets_count": 2, "hashtags": []}
{"id": 1216509867097317381, "date": "2020-01-12", "time": "18:58:48", "tweet": "@YvesDarbouze But hey, you're a fan. You've also wanted every coach fired since you've been a fan. You think he makes these decisions with no input from Marks? Nonsense.", "likes_count": 0, "replies_count": 1, "retweets_count": 0, "hashtags": []}
{"id": 1216509800697286658, "date": "2020-01-12", "time": "18:58:32", "tweet": "Why does the owner who has done nothing but fail repeatedly have to meet with the coach every week? How is Haslam's input at all valuable? Dude is such a busy body. Everyone knows employees love micromanage.", "likes_count": 1, "replies_count": 1, "retweets_count": 0, "hashtags": []}
{"id": 1216509471779885057, "date": "2020-01-12", "time": "18:57:14", "tweet": "Thanks for everyone's input, we'll try the monitors on the right and keep the mic on the left. This should also be more conducive for Ring Fit as well.  https://t.co/AqBzkLwvJp", "likes_count": 3, "replies_count": 0, "retweets_count": 0, "hashtags": []}
{"id": 1216509452045578240, "date": "2020-01-12", "time": "18:57:09", "tweet": "2020年の抱負(という名の宣伝)  カラダに関することは一生答えが出ないくらい、いくらでも探求していけるだろうし、先人達が見つけてくれた知識や技術を吸収しながらもっと深くまでいきたいと思う。 でもついついINPUT過多になりがち。 なので今年はOUTPUTも増やしたい。ということで鋭意HP作成中！  https://t.co/AJzcBzdgMf", "likes_count": 2, "replies_count": 0, "retweets_count": 1, "hashtags": []}
{"id": 1216509414766673920, "date": "2020-01-12", "time": "18:57:00", "tweet": "Gonny lewis capaldi just hurry up and comment on this paige situation I need his input", "likes_count": 0, "replies_count": 0, "retweets_count": 1, "hashtags": []}
{"id": 1216509341567799296, "date": "2020-01-12", "time": "18:56:43", "tweet": "Tony Khan out here adding input to AEW booking. Ima need him to dead that Nightmare Collective bs pronto. Its gettin Xpac heat for ya boy.", "likes_count": 0, "replies_count": 0, "retweets_count": 0, "hashtags": []}
{"id": 1216509237800701953, "date": "2020-01-12", "time": "18:56:18", "tweet": "It was announced by @ametsoc that the council approved the \"weather enthusiast\" program which appears to roll out in the spring, which I have lent input on over the past couple of months. Here comes another set of foot soldiers to engage with. 8/12", "likes_count": 1, "replies_count": 1, "retweets_count": 0, "hashtags": []}
{"id": 1216509199972274176, "date": "2020-01-12", "time": "18:56:09", "tweet": "@AaronLemingNFL Why would he come to bears? All these bear fans are saying pat is coming.  You think he wants to go somewhere and not call@plays and be a “run coordinator “ and get blamed if it fails and he has no input on call selection? Get your heads out of the sand fans", "likes_count": 1, "replies_count": 1, "retweets_count": 0, "hashtags": []}
{"id": 1216509164614115328, "date": "2020-01-12", "time": "18:56:01", "tweet": "Padahal sebelum pickup pesanan dan input harga aslinya di aplikasi, uda kujelaskan di chat kalo ada perbedaan harga antara aplikasi dengan aslinya.  Sayangnya chat ini gak sempet ke capture. 😭 Karena gak kepikiran juga kalo bakalan jadi panjang perkaranya.", "likes_count": 0, "replies_count": 2, "retweets_count": 0, "hashtags": []}
{"id": 1216509150739353600, "date": "2020-01-12", "time": "18:55:57", "tweet": "@wfyoungblood Absolutely! Thanks for that input, William!", "likes_count": 2, "replies_count": 0, "retweets_count": 0, "hashtags": []}
{"id": 1216509070888374272, "date": "2020-01-12", "time": "18:55:38", "tweet": "I FIND MEMES ABOUT BEING BROKE FUNNY BUT I AM NOT ACTUALLY BROKE AND EVEN IF I WAS I DO NOT NEED OR WANT YOUR INPUT ON HOW I SHOULD SAVE/SPEND MY MONEY !!!!", "likes_count": 0, "replies_count": 0, "retweets_count": 0, "hashtags": []}
{"id": 1216508993905971200, "date": "2020-01-12", "time": "18:55:20", "tweet": "News with personal input!  https://t.co/opCcbIAZSh", "likes_count": 0, "replies_count": 0, "retweets_count": 0, "hashtags": []}
{"id": 1216508983797829633, "date": "2020-01-12", "time": "18:55:18", "tweet": "@kiIIcommander totally understandable thank you for the wise input🙏", "likes_count": 1, "replies_count": 0, "retweets_count": 0, "hashtags": []}
{"id": 1216508713298731010, "date": "2020-01-12", "time": "18:54:13", "tweet": "@FollowUrGhost Thanks for your input  https://t.co/aUVlDSDR0S", "likes_count": 0, "replies_count": 0, "retweets_count": 0, "hashtags": []}
{"id": 1216508409186586624, "date": "2020-01-12", "time": "18:53:01", "tweet": "@cybergibbons It's 'ok' if the thermal noise is good enough. I tested several input sources - results are around somewhere", "likes_count": 1, "replies_count": 0, "retweets_count": 0, "hashtags": []}
{"id": 1216508352974356480, "date": "2020-01-12", "time": "18:52:47", "tweet": "@markcannon5 @rhyolight @ylecun @smjain @yudapearl Nope. Timing is used in the retina to encode intensity but the signals are decoded into discrete inputs in the thalamus. A cortical column receives 1 input per intensity level. I happen to know that there are 70 levels per sensory stimulus. Pulse width or freq coding is fiction.", "likes_count": 0, "replies_count": 1, "retweets_count": 0, "hashtags": []}
{"id": 1216508310519734277, "date": "2020-01-12", "time": "18:52:37", "tweet": "Someone asked about Microtech skiing gameplay in #StarCitizen recently. This makes me ask if your simpit has room for this input device?", "likes_count": 0, "replies_count": 0, "retweets_count": 0, "hashtags": ["starcitizen"]}
{"id": 1216508160892133376, "date": "2020-01-12", "time": "18:52:01", "tweet": "All of Us is a research effort by the National Institutes of Health aimed at addressing this gap that seeks to gather input from participants as well as researchers to gather more genetic data on diverse patient populations. See  https://t.co/W8RNsG6uW7 for more info!", "likes_count": 1, "replies_count": 0, "retweets_count": 0, "hashtags": []}
{"id": 1216507951588028416, "date": "2020-01-12", "time": "18:51:11", "tweet": "@Glacinite Great input. Thank you.", "likes_count": 0, "replies_count": 0, "retweets_count": 0, "hashtags": []}
{"id": 1216507927386681344, "date": "2020-01-12", "time": "18:51:06", "tweet": "It makes so much more sense to use natural languages as the input this way.", "likes_count": 0, "replies_count": 0, "retweets_count": 0, "hashtags": []}
{"id": 1216507905702277120, "date": "2020-01-12", "time": "18:51:01", "tweet": "@Andonoz I am late for the party but here's my input. People follow this account for it's current content, and people love it. Even tho it's your art Twitter I would suggest having a NSFW one. Not many people decide to follow NSFW accounts. Having a hybrid would mean mixed feelings.", "likes_count": 1, "replies_count": 1, "retweets_count": 0, "hashtags": []}
{"id": 1216507903160586241, "date": "2020-01-12", "time": "18:51:00", "tweet": "@kautzthebest @xerbmxyz a meta é jogar com input lag no console e pegar top 1 quarta sasjisshaushahsuhaush  feels bad pelo pc man...", "likes_count": 2, "replies_count": 1, "retweets_count": 0, "hashtags": []}
{"id": 1216507854309466117, "date": "2020-01-12", "time": "18:50:48", "tweet": "@AlexRoy144 In 1988 I bought a Z24 Cavalier.  It had cruise control.  I used it 4 times. It was only good at highway speed.  The problems were: 1 Highway speed is variable so I was constantly having to fiddle with it.  2 Long drives with less input make me sleepy.  3 I like being in control.", "likes_count": 0, "replies_count": 0, "retweets_count": 0, "hashtags": []}
{"id": 1216507801666670592, "date": "2020-01-12", "time": "18:50:36", "tweet": "@EricaJoy I’m trying out one of the handwriting input keyboards to try to bridge the gap (as soon as my iPad gets back from the shop )", "likes_count": 0, "replies_count": 0, "retweets_count": 0, "hashtags": []}
{"id": 1216507770771591169, "date": "2020-01-12", "time": "18:50:28", "tweet": "@JoshWComeau Sounds about right,  https://t.co/m39tilAinx is almost always the wrong thing to check (might be a good optional eslint?).  On the other hand, many of the elements where events are normally attached like `&lt;input&gt;`, `&lt;select&gt;`, etc. cannot have children, so they are the same there", "likes_count": 1, "replies_count": 0, "retweets_count": 0, "hashtags": []}
{"id": 1216507746738233344, "date": "2020-01-12", "time": "18:50:23", "tweet": "Matching online input buffer to offline would be OP as fuck for my practise, like I REALLY need that shit", "likes_count": 2, "replies_count": 1, "retweets_count": 0, "hashtags": []}
{"id": 1216507536238632961, "date": "2020-01-12", "time": "18:49:32", "tweet": "@SClaudiu86 @juve_pete @ojeda_oliver @mtracey I live in the US so I focus my  efforts on the nation which presumes to represent me, where I am supposed to have input and the ability to vote for change. If I lived in a different country I would focus on it. I believe the 'we are good and they are evil' fairytale is a lie.", "likes_count": 0, "replies_count": 1, "retweets_count": 0, "hashtags": []}
{"id": 1216507533336154112, "date": "2020-01-12", "time": "18:49:32", "tweet": "20 bucks it’s not on the right input", "likes_count": 0, "replies_count": 0, "retweets_count": 0, "hashtags": []}
{"id": 1216507474343268357, "date": "2020-01-12", "time": "18:49:18", "tweet": "I feel like @ATBKblog’s input would be great here.", "likes_count": 0, "replies_count": 0, "retweets_count": 0, "hashtags": []}
{"id": 1216507342906384384, "date": "2020-01-12", "time": "18:48:46", "tweet": "Our very own @BizNearing is coordinating the \"Ideas\" of this year's @ArtIdea Festival! Head out to an upcoming community meeting to provide input on what you'd like to see:  • Thursday, Jan. 16th:  https://t.co/MWZuuVTtcW • Tuesday, Feb. 4th:  https://t.co/jh2pgSSS6z  https://t.co/S8F4EWHW8l", "likes_count": 11, "replies_count": 1, "retweets_count": 4, "hashtags": []}
{"id": 1216507284723064832, "date": "2020-01-12", "time": "18:48:32", "tweet": "I genuinely do not give a Flying Fuck who I am talking to.. if I have input or something to say back , I will 🤷🏽‍♀️", "likes_count": 0, "replies_count": 0, "retweets_count": 0, "hashtags": []}
{"id": 1216507006183452672, "date": "2020-01-12", "time": "18:47:26", "tweet": "@dulapeepsmith @angxlmae @_milliekimber_  @YELL0WALEC @ghostingeorge @_daisybradshaw thankyou for your input", "likes_count": 0, "replies_count": 1, "retweets_count": 0, "hashtags": []}
{"id": 1216506843201245185, "date": "2020-01-12", "time": "18:46:47", "tweet": "@svtrvl Thank you so much for your input, we'll be sure to take it into consideration and ask BH to pull the plug on your faves funding 😘 Oh and thanks for supporting BTS so far. Every dime you spent on Svt will go into their pockets.", "likes_count": 0, "replies_count": 0, "retweets_count": 0, "hashtags": []}
{"id": 1216506827871002629, "date": "2020-01-12", "time": "18:46:44", "tweet": "Thanks a lot to everyone that made it to today’s live stream, landing the A319 in London City was incredibly fun. Despite being flown from A to B by the bus with little input from myself, a minor flap overspeed with…  https://t.co/cQv3x7Vyuj", "likes_count": 17, "replies_count": 1, "retweets_count": 0, "hashtags": []}
{"id": 1216506757532606469, "date": "2020-01-12", "time": "18:46:27", "tweet": "Hardwork and human input may be a mirage after all. If there is no base to build things over, hard work may fail. Heck, even tenacity and some characteristics that are favourable for success might not inherently be earned.", "likes_count": 4, "replies_count": 1, "retweets_count": 1, "hashtags": []}
{"id": 1216506728918941707, "date": "2020-01-12", "time": "18:46:20", "tweet": "@SergioR43946200 thank you for your input", "likes_count": 0, "replies_count": 1, "retweets_count": 0, "hashtags": []}
{"id": 1216506583787753477, "date": "2020-01-12", "time": "18:45:45", "tweet": "@Unkeptwings “...weren’t you already in the process of doing so without my input?”  https://t.co/EZ460B7fvJ", "likes_count": 1, "replies_count": 1, "retweets_count": 0, "hashtags": []}
{"id": 1216506561687891968, "date": "2020-01-12", "time": "18:45:40", "tweet": "@PKBohan @Maria_Tureaud Input, inspiration, motivation, etc comes from many sources. But written? No. That burden lies only on the shoulders of the writer. He might change it,(according to others make it commercial attractive ) No one else.", "likes_count": 1, "replies_count": 0, "retweets_count": 0, "hashtags": []}
{"id": 1216506449481883648, "date": "2020-01-12", "time": "18:45:13", "tweet": "If anybody follows @pharo_co and you believe in moving to low input cattle, we have been selecting for low input and fertility for 30 years.  Holler at me for some #barzona bulls. Heifers too.", "likes_count": 1, "replies_count": 0, "retweets_count": 0, "hashtags": ["barzona"]}
{"id": 1216506443404324866, "date": "2020-01-12", "time": "18:45:12", "tweet": "@original_sindy Fair enough! Thank you for your honest input. I really do appreciate it! ❤️❤️", "likes_count": 0, "replies_count": 0, "retweets_count": 0, "hashtags": []}
{"id": 1216506411246448640, "date": "2020-01-12", "time": "18:45:04", "tweet": "@j_salvo @nickshaw27 Everything is intentional in that this was carefully developed, but nothing is \"intentional for skin rendering\" in the sense that there is no targeting. The transformation doesn't know whether a pixel is in skin or what: it always yields the same output for a given input triplet.", "likes_count": 2, "replies_count": 0, "retweets_count": 0, "hashtags": []}
{"id": 1216506389985746944, "date": "2020-01-12", "time": "18:44:59", "tweet": "@BHSaucy left; greater quality buttons, buttons are a whole lot more confortable, and it has 2x less input delay (feels a lot more responsive)", "likes_count": 4, "replies_count": 0, "retweets_count": 0, "hashtags": []}
{"id": 1216506346503147520, "date": "2020-01-12", "time": "18:44:49", "tweet": "@shipwreckedcrew @Maryell04466305 David Kris previously (without evidence, I'd add) claimed that there was no abuse of the FISA process.  His appointment may not be a conflict of interest but the FISC is IMO asking for input from someone who is not capable of providing objectivity.", "likes_count": 1, "replies_count": 0, "retweets_count": 0, "hashtags": []}
{"id": 1216506156119744512, "date": "2020-01-12", "time": "18:44:03", "tweet": "@RepAdamSchiff the house needed to allow Republican input...redo", "likes_count": 0, "replies_count": 0, "retweets_count": 0, "hashtags": []}
{"id": 1216506111362260992, "date": "2020-01-12", "time": "18:43:53", "tweet": "@martingeddes We all need to set our own healthy boundaries and since your input is so priceless Martin - SET ‘EM!", "likes_count": 0, "replies_count": 0, "retweets_count": 0, "hashtags": []}
{"id": 1216506059709349888, "date": "2020-01-12", "time": "18:43:40", "tweet": "@Neolib_Neocon @AdamTrencher @EricC_2002 We are clearly talking in circles here. Did you actually want input on the map or just a “yes, this looks good”? I don’t want to be rude but this just isn’t legal", "likes_count": 1, "replies_count": 2, "retweets_count": 0, "hashtags": []}
{"id": 1216506025622134785, "date": "2020-01-12", "time": "18:43:32", "tweet": "second) and i hate to see people disregarding them or trashing them, especially when they're fans of another group/artist i admire. like, that shit is dumb af. if you dont like the music, then stfu, no one needs ur input as long as no one is being hurt in the process, like plz", "likes_count": 0, "replies_count": 1, "retweets_count": 0, "hashtags": []}
{"id": 1216505962309279745, "date": "2020-01-12", "time": "18:43:17", "tweet": "@bemywaifu @WaistlessaxeXb1 @Martiss_78 @JenBretty It’s literally not but thanks so much for your input.", "likes_count": 0, "replies_count": 1, "retweets_count": 0, "hashtags": []}
{"id": 1216505957162733568, "date": "2020-01-12", "time": "18:43:16", "tweet": "Continuing the previously established pattern, the document also contains nebulous prose, omits any scholarly justification or research that is guiding the revision process (one might know why), and again asks for input when the concerns we expressed before have been ignored. 3/3", "likes_count": 10, "replies_count": 2, "retweets_count": 0, "hashtags": []}
{"id": 1216505900137095168, "date": "2020-01-12", "time": "18:43:02", "tweet": "@pbyguy1 @feelinglistless @ManMadeMoon Yep. This isn’t really a problem anymore, because surely someone has invented a RAID that will take the 8K input for two hours, but today you can digitally disguise the cut. If someone flubbed a line in Rope, that’s eight minutes of useless film.", "likes_count": 0, "replies_count": 1, "retweets_count": 0, "hashtags": []}
{"id": 1216505763377688576, "date": "2020-01-12", "time": "18:42:30", "tweet": "@LserkL Right, better size and shape. Better input delay", "likes_count": 2, "replies_count": 0, "retweets_count": 0, "hashtags": []}
{"id": 1216505748789743616, "date": "2020-01-12", "time": "18:42:26", "tweet": "@MsCharlotteX I have heard the same from many - thank you for your valuable input!", "likes_count": 1, "replies_count": 1, "retweets_count": 0, "hashtags": []}
{"id": 1216505715772227586, "date": "2020-01-12", "time": "18:42:18", "tweet": "@pharo_co @_codymcdaniel Ok, so I read the newsletter, and apparently we have been innovative for 30+ yrs.  We have selected for low input and fertility from the start.  Anybody want a top of the line Barzona bull or two?", "likes_count": 1, "replies_count": 0, "retweets_count": 0, "hashtags": []}
{"id": 1216505711254880257, "date": "2020-01-12", "time": "18:42:17", "tweet": "@larissafernand @TheMFGuy1 Perfectionism is an input into failure", "likes_count": 1, "replies_count": 0, "retweets_count": 0, "hashtags": []}
{"id": 1216505707496738816, "date": "2020-01-12", "time": "18:42:16", "tweet": "9028PROと9038Q2Mと9038PROとAK4497のDACがウチに居る。どれも違うメーカーで外寸もまちまちだから、一概に比較するのは難しい。やはりというかAC110VをInputとできる個体は音に余裕感があり、DCの個体は緊張感がある。気分で使い分けるのが今の楽しみ。", "likes_count": 0, "replies_count": 0, "retweets_count": 0, "hashtags": []}
{"id": 1216505620372840448, "date": "2020-01-12", "time": "18:41:56", "tweet": "@R3dnekteddybear @toddler884 @PbMoneyGlitch @King187Trap Thankyou for your input your good nature has been noted and you could be liable for a cash prize 😂", "likes_count": 0, "replies_count": 1, "retweets_count": 0, "hashtags": []}
{"id": 1216505518530887680, "date": "2020-01-12", "time": "18:41:31", "tweet": "@rightscholar Yeah, it doesn’t make sense to me. Pope Francis hasn’t issued a ruling yet, and he’ll welcome this input. Chill, folks. Pray for the will of God.", "likes_count": 6, "replies_count": 0, "retweets_count": 0, "hashtags": []}
{"id": 1216505454072823810, "date": "2020-01-12", "time": "18:41:16", "tweet": "@LserkL i prefer left but right for less input delay", "likes_count": 8, "replies_count": 0, "retweets_count": 0, "hashtags": []}
{"id": 1216505451413692418, "date": "2020-01-12", "time": "18:41:15", "tweet": "@CryingSlayer Thanks for the input. Was something is was curious about knowing.", "likes_count": 0, "replies_count": 0, "retweets_count": 0, "hashtags": []}
{"id": 1216505404466724864, "date": "2020-01-12", "time": "18:41:04", "tweet": "@ggsarahmony It kinda depends on your setup but if you have a goxlr I’d route everything to the gaming pc because the line out of the goxlr would be a combined input of everything to the streaming pc/obs already pre leveled and adjusted.", "likes_count": 1, "replies_count": 0, "retweets_count": 0, "hashtags": []}
{"id": 1216505381192638465, "date": "2020-01-12", "time": "18:40:59", "tweet": "@reneritchie Apple finally doing input devices properly. Let me ‘dock’ my iPad and use it with a trackpad and external display. Stop *at best* giving us a terrible ergonomic set-up akin to what you get with a laptop.", "likes_count": 1, "replies_count": 0, "retweets_count": 0, "hashtags": []}
{"id": 1216505379808579585, "date": "2020-01-12", "time": "18:40:58", "tweet": "The headphone input in my phone is absolutely trashed for some reason. I can't use any plug in headphones or an auxiliary cable. Only had this phone for a few months smh. Gotta invest in some Bluetooth headphones I guess", "likes_count": 0, "replies_count": 0, "retweets_count": 0, "hashtags": []}
{"id": 1216505344521834496, "date": "2020-01-12", "time": "18:40:50", "tweet": "It would have been very surprising to me had the court NOT sought David’s input.", "likes_count": 193, "replies_count": 1, "retweets_count": 14, "hashtags": []}
{"id": 1216505254893756416, "date": "2020-01-12", "time": "18:40:28", "tweet": "@spatiallybound @MrsAndrewsSpace @sj_ca1867 @oectagovernor @albertfong Lol! Companies were contacting high school teachers in the spring offering them $50 gift cards if they would provide input on how to deliver an online course. 😉", "likes_count": 1, "replies_count": 1, "retweets_count": 0, "hashtags": []}
{"id": 1216505216897601536, "date": "2020-01-12", "time": "18:40:19", "tweet": "ancora la gente non ha capito che l’acquisizione da parte della bighit non comporta una snaturazione dei gruppi di quell’agenzia.  Daranno degli input,una maggiore solidità finanziaria ma non andranno a compromettere la libertà artistica di questi gruppi, per altro molto famosi +", "likes_count": 0, "replies_count": 1, "retweets_count": 0, "hashtags": []}
{"id": 1216505059711668224, "date": "2020-01-12", "time": "18:39:42", "tweet": "@MeanGene21379 @FaultyFoxy @8NewsNow Thanks for that intellectual input buddy.", "likes_count": 2, "replies_count": 0, "retweets_count": 0, "hashtags": []}
{"id": 1216504885761519617, "date": "2020-01-12", "time": "18:39:00", "tweet": "Have you voted yet? The Parks Department wants your input on themes for this year's Halloween and Christmas Walks.  VOTE NOW:  https://t.co/vySlBBBQHR", "likes_count": 0, "replies_count": 0, "retweets_count": 0, "hashtags": []}
{"id": 1216504846263693313, "date": "2020-01-12", "time": "18:38:51", "tweet": "Senate Majority Leader Mitch McConnell is positioned to move forward on setting the rules for President Donald Trump’s impeachment trial without considering input from Senate Democrats, including demands for witnesses.  https://t.co/AsP92VWkZA", "likes_count": 2, "replies_count": 3, "retweets_count": 0, "hashtags": []}
{"id": 1216504510278926338, "date": "2020-01-12", "time": "18:37:31", "tweet": "@hugosays @Margaret1473 @pedsmd2b @DrIbram True, but that isn't the point of the thread. Yet, I do appreciate your input. I don't know if you read it all, but it was much bigger than just fighting every injustice---but how to show up as well; for those who say they want to show up.", "likes_count": 4, "replies_count": 1, "retweets_count": 0, "hashtags": []}
{"id": 1216504478171648001, "date": "2020-01-12", "time": "18:37:23", "tweet": "@halosFanRobC @onemillioncubs @JennyMiller521 @ourtradingcards Thanks everyone for your input!", "likes_count": 1, "replies_count": 0, "retweets_count": 0, "hashtags": []}
{"id": 1216504467597746176, "date": "2020-01-12", "time": "18:37:21", "tweet": "I am using my live lit class assignments to both write new stuff and refine old stuff that I feel like I could have done better with more time and input", "likes_count": 3, "replies_count": 0, "retweets_count": 0, "hashtags": []}
{"id": 1216504442767454209, "date": "2020-01-12", "time": "18:37:15", "tweet": "if u don’t do something I ask u to do, that’s one thing. But when u don’t do something YOU offered to do without my input like you could’ve just kept quiet", "likes_count": 16, "replies_count": 0, "retweets_count": 6, "hashtags": []}
{"id": 1216504345262546945, "date": "2020-01-12", "time": "18:36:52", "tweet": "@fitsumaregaa ለባህል ዲፕሎማሲያችን ማበብ ትልቅ ፋይዳ ያለውን አካል ማስታወስ ተገቢም ነው:: ኤምባሲያችን በዚህ ደረጃ ለአገር ውለታ የዋለቱን ሠዎች በየወቅቱ ቢዘክር Just it's a great deal for all of us; an input to better enhanced diaspora mobilization effort and more.", "likes_count": 0, "replies_count": 0, "retweets_count": 0, "hashtags": []}
{"id": 1216504243957522433, "date": "2020-01-12", "time": "18:36:27", "tweet": "@NicoleBrews K cool thanks for the input ✌🏼", "likes_count": 0, "replies_count": 0, "retweets_count": 0, "hashtags": []}
{"id": 1216504208389812225, "date": "2020-01-12", "time": "18:36:19", "tweet": " https://t.co/8oFrHC8w63 I would like input, explanation, comments regarding this article I just read re \"Two States, Eight Textbooks\".  I am concerned.", "likes_count": 0, "replies_count": 1, "retweets_count": 0, "hashtags": []}
{"id": 1216504182884028417, "date": "2020-01-12", "time": "18:36:13", "tweet": "@dj_ir0ngruve @Foone When I use my Pentium DOS machine, the input still feels faster. Need to find a super fast camera to record the lag and compare it against my modern PC.", "likes_count": 0, "replies_count": 0, "retweets_count": 0, "hashtags": []}
{"id": 1216504182011826176, "date": "2020-01-12", "time": "18:36:13", "tweet": "@HonestMortician @DubBigdaddy My dad got the call and was talking with me about it not much I can do besides go to the hospital and sit in the lobby with my family to many of them there already so my dad was heading there and I’ll go tomorrow when she’s stable and able to see ppl thanks for the input though", "likes_count": 0, "replies_count": 0, "retweets_count": 0, "hashtags": []}
{"id": 1216504140781670400, "date": "2020-01-12", "time": "18:36:03", "tweet": "@FatalityFalcon I wish it was less Input delay but it is prolly Ganon buffs", "likes_count": 0, "replies_count": 0, "retweets_count": 0, "hashtags": []}
{"id": 1216504133080907777, "date": "2020-01-12", "time": "18:36:01", "tweet": "I want to know if I can see someone who helps improvement of my English by talking each other, cuz I'm sick of input that I've been taking and wanna do output", "likes_count": 0, "replies_count": 0, "retweets_count": 0, "hashtags": []}
{"id": 1216504036125483009, "date": "2020-01-12", "time": "18:35:38", "tweet": "@TheAsset180 @BDOdarts @Eurosport_UK @QuestTV @warrenboy501 @MIKL396 Awesome job Paul, great tournament and entertainment with both mens and womens comps. Your input was as always very knowledgable and good to hear. All the best at Q school pal. Would really love to see you back playing again #TeamAssest", "likes_count": 3, "replies_count": 0, "retweets_count": 0, "hashtags": ["teamassest"]}
{"id": 1216503986519453697, "date": "2020-01-12", "time": "18:35:26", "tweet": "Nunes is an idiot, great at finger pointing and propaganda, short on positive input and ideas.", "likes_count": 0, "replies_count": 0, "retweets_count": 0, "hashtags": []}
{"id": 1216503971839455232, "date": "2020-01-12", "time": "18:35:23", "tweet": "My mother’s input means a lot to me so if you don’t live up to her standards then you gotta go.... point blank period", "likes_count": 11, "replies_count": 0, "retweets_count": 3, "hashtags": []}
{"id": 1216503879719882753, "date": "2020-01-12", "time": "18:35:01", "tweet": "@ATVIAssist I can get gold on my RPG because the stripes camo is not registering any input. I have done many attempt. Please help, i need a gold RPG", "likes_count": 0, "replies_count": 1, "retweets_count": 0, "hashtags": []}
{"id": 1216503873906475008, "date": "2020-01-12", "time": "18:34:59", "tweet": "@doctor_eon @Shaker_aphra Bernie is a notorious micromanager. Nothing happens without his knowledge or input. He thinks we’re all stupid.", "likes_count": 13, "replies_count": 1, "retweets_count": 2, "hashtags": []}
{"id": 1216503854025465856, "date": "2020-01-12", "time": "18:34:55", "tweet": "@gilgamesas it's okay, maybe one day you can argue about something with someone who actually asked for someone else's input 😂", "likes_count": 0, "replies_count": 1, "retweets_count": 0, "hashtags": []}
{"id": 1216503741332905984, "date": "2020-01-12", "time": "18:34:28", "tweet": "Call for Input: We are looking for your feedback on a new, revised endorsement policy for #FORCE11. Take a look and leave comments at  https://t.co/nVDV8c6FbC", "likes_count": 9, "replies_count": 0, "retweets_count": 7, "hashtags": ["force11"]}
{"id": 1216503727466565632, "date": "2020-01-12", "time": "18:34:24", "tweet": "@sed_contra_ That said she has apologized, sought input from Native Americans, and most importantly she has put forward a pretty good policy package for indigenous issues. 2", "likes_count": 3, "replies_count": 2, "retweets_count": 0, "hashtags": []}
{"id": 1216503588903628801, "date": "2020-01-12", "time": "18:33:51", "tweet": "I'm back baby!  This line might blow your mind   file = open('test.txt', 'w') print('Hello world', file=file) file.close(); file = open('test.txt') import sys; sys.stdin = file key = input() print(key) #'Hello world'  Wtf was I doing on the front end. 😠", "likes_count": 0, "replies_count": 0, "retweets_count": 0, "hashtags": []}
{"id": 1216503182324461569, "date": "2020-01-12", "time": "18:32:14", "tweet": "@TTfue We have 60 FPS cap and more input delay than your pc that has 240 frames and all the other jazz in the pc 🥴", "likes_count": 1, "replies_count": 0, "retweets_count": 0, "hashtags": []}
{"id": 1216503159306276869, "date": "2020-01-12", "time": "18:32:09", "tweet": "@daehruoyserehw @KaizaFox The arcade machine does a great job of not abstracting or complicating the controls of the original mobile game too much. The controls are practically identical between both versions, it's just a difference between button and touch input. As a result, skills transfer easily.", "likes_count": 0, "replies_count": 1, "retweets_count": 0, "hashtags": []}
{"id": 1216503132315844612, "date": "2020-01-12", "time": "18:32:02", "tweet": "@Deb6246 Go to Input and look for HDMI 1", "likes_count": 0, "replies_count": 0, "retweets_count": 0, "hashtags": []}
{"id": 1216503122987823104, "date": "2020-01-12", "time": "18:32:00", "tweet": "Happy Scratch have fun. What are you waiting for? Download it, input the refer code DSLY1 to get reward.  https://t.co/y4YEGmfvVN", "likes_count": 0, "replies_count": 0, "retweets_count": 0, "hashtags": []}
{"id": 1216502995493371905, "date": "2020-01-12", "time": "18:31:30", "tweet": "@DoctorKarl   Hey dr Karl I am an activist in Brisbane and would appreciate your input on climate change. Would you be willing to comment at a protest.", "likes_count": 0, "replies_count": 0, "retweets_count": 0, "hashtags": []}
{"id": 1216502964711559168, "date": "2020-01-12", "time": "18:31:22", "tweet": "@PW_Fandom @ringofhonor I’m not gonna pretend I know what backstage predicaments ROH are in, but I imagine Scurll chose this over many lucrative options elsewhere. Hopefully his creative input and obvious passion for ROH along with others, can bring the change it needs 🤞🏻", "likes_count": 0, "replies_count": 0, "retweets_count": 0, "hashtags": []}
{"id": 1216502883350470656, "date": "2020-01-12", "time": "18:31:03", "tweet": ".@AudreyPorne Good input, thank you. Deleted. Bad joke, horrible joke on my part. Thank you.", "likes_count": 1, "replies_count": 1, "retweets_count": 0, "hashtags": []}
{"id": 1216502764693487616, "date": "2020-01-12", "time": "18:30:35", "tweet": "@Maristopherr @OH_mes2 BH acquiring these labels means nothing but BH backing them financially. all the reports clearly said the leadership under the labels will not change, but i bet Pledis would be jumping up and down to get input from BH producers", "likes_count": 131, "replies_count": 1, "retweets_count": 9, "hashtags": []}
{"id": 1216502731806068744, "date": "2020-01-12", "time": "18:30:27", "tweet": "Making a new stream playlist...any suggestions/input? 🤔", "likes_count": 0, "replies_count": 1, "retweets_count": 0, "hashtags": []}
{"id": 1216502613912539136, "date": "2020-01-12", "time": "18:29:59", "tweet": "@perepereden Awesome- I’ve been using it for a while so glad to hear someone else’s input!", "likes_count": 1, "replies_count": 0, "retweets_count": 0, "hashtags": []}
{"id": 1216502587882725376, "date": "2020-01-12", "time": "18:29:53", "tweet": "If you want to learn more about Airplay, become a patron, and receive regular updates, clips, and provide input as the film is being made.    https://t.co/oH81xvOJhq", "likes_count": 0, "replies_count": 0, "retweets_count": 0, "hashtags": []}
{"id": 1216502547013361664, "date": "2020-01-12", "time": "18:29:43", "tweet": "Any ideas on saving the baby’s stem cells? @LilaGraceRose. Thx for input, both for and against.", "likes_count": 3, "replies_count": 1, "retweets_count": 0, "hashtags": []}
{"id": 1216502485059174401, "date": "2020-01-12", "time": "18:29:28", "tweet": "@chrissyfarr Body inputs affect body outputs. Data is an output.  It would be helpful to understand the input part. Omron already measures what matters.", "likes_count": 0, "replies_count": 0, "retweets_count": 0, "hashtags": []}
{"id": 1216502458123313152, "date": "2020-01-12", "time": "18:29:22", "tweet": "\"The ASO seeks to inspect any ICANN records which provide  insight to the process by which ICANN will consider the assignment of the .org Registry Agreement, including the process by which input from the affected community will be obtained prior to ICANN’s consideration.\"", "likes_count": 1, "replies_count": 1, "retweets_count": 1, "hashtags": []}
{"id": 1216502320072138752, "date": "2020-01-12", "time": "18:28:49", "tweet": "@THATPLANETMARS The plan is still in the draft stage and will not be implemented for some time while we continue to gather input. Stay tuned for updates! ^HKD", "likes_count": 1, "replies_count": 0, "retweets_count": 0, "hashtags": []}
{"id": 1216502283757748225, "date": "2020-01-12", "time": "18:28:40", "tweet": "@reneritchie Multi window on iPhone. Sometimes it’s handy to be able to refer to something while on a call that requires key input.", "likes_count": 0, "replies_count": 0, "retweets_count": 0, "hashtags": []}
{"id": 1216502066400591872, "date": "2020-01-12", "time": "18:27:48", "tweet": "@OnlyCasual89 Sanders is now saying that the memo is real, but it was never something he supported, and it was constructed independently of his input.   https://t.co/aiZdTWhHht", "likes_count": 1, "replies_count": 1, "retweets_count": 0, "hashtags": []}
{"id": 1216502013883645952, "date": "2020-01-12", "time": "18:27:36", "tweet": "Try BigCash: The Highest Paying Reward App ever!The Best part is you can Exchange 2500 Points for $15 Paypal Cash  Please Input My Invitation Code y3pfatp9 after installation, you will get an extra 70 Credits From Me! Download it from Google Play here   https://t.co/4kobgF94pQ", "likes_count": 2, "replies_count": 0, "retweets_count": 0, "hashtags": []}
{"id": 1216501917934899206, "date": "2020-01-12", "time": "18:27:13", "tweet": "@IsaacM1983 @ICWNEWYORK I will be giving my input on the next Take It Home TV episode dropping this week... Their will also be an audio version as well..", "likes_count": 2, "replies_count": 0, "retweets_count": 0, "hashtags": []}
{"id": 1216501722140508167, "date": "2020-01-12", "time": "18:26:26", "tweet": "@Murphys_law85 Well I know they have people in the organization “acting” as GM since they fired theirs but I’m sure much of the input is coming from O’Brien. I thought he was the one who didn’t want Clowney locked up long term but I’m not sure. Piss poor management for the future.", "likes_count": 1, "replies_count": 0, "retweets_count": 0, "hashtags": []}
{"id": 1216501545895972864, "date": "2020-01-12", "time": "18:25:44", "tweet": "@Paradisepins the front looks weird because of lighting which I have mentioned. thanks for your input but I didn’t really ask for it unless you were interested in buying!", "likes_count": 1, "replies_count": 1, "retweets_count": 0, "hashtags": []}
{"id": 1216501508675522561, "date": "2020-01-12", "time": "18:25:35", "tweet": "@Dark_Wizzy_ In fact, the first one clipped is probably the cleanest/fastest one you can possibly input. If you feel your opponent has a tendency to hold shield after a safe poke, then you go for it. But it just as easily can work against you if you get the read wrong. Like the third clip.", "likes_count": 13, "replies_count": 1, "retweets_count": 0, "hashtags": []}
{"id": 1216501490854113280, "date": "2020-01-12", "time": "18:25:31", "tweet": "if YOU are a real Christian like you claim to be, you wouldn't use our religion to force or basically guilt trip us into making a decision with such a big impact. you vote for who you feel is right and let other Christian's do the same without your input. nice try though! &lt;3 :)", "likes_count": 1, "replies_count": 0, "retweets_count": 0, "hashtags": []}
{"id": 1216501470381604866, "date": "2020-01-12", "time": "18:25:26", "tweet": "Bank of Canada to make new $5 note, seeks public input on who should be on it  https://t.co/zbTQhfB229", "likes_count": 0, "replies_count": 0, "retweets_count": 0, "hashtags": []}
{"id": 1216501462286520320, "date": "2020-01-12", "time": "18:25:24", "tweet": "@ScrSports13 @ByPatForde And you have a warriors profile picture your input is not valid they are gonna get blown out by 40 thank me later  https://t.co/fmnc7NUz3t", "likes_count": 0, "replies_count": 0, "retweets_count": 0, "hashtags": []}
{"id": 1216501450836234240, "date": "2020-01-12", "time": "18:25:22", "tweet": "@hollandcourtney #Trudeau, what the hell dose he know. He has zero input/influence.", "likes_count": 0, "replies_count": 0, "retweets_count": 0, "hashtags": ["trudeau"]}
{"id": 1216501443705786368, "date": "2020-01-12", "time": "18:25:20", "tweet": "@SprintFasterDXB @spikesonly @DerekMHansen Variation incorporated in COD's (include many directional &amp; rotational elements, while attack multiple planes). And, IMO, no constructive and positive input is without merrit 🗝️🤝", "likes_count": 0, "replies_count": 0, "retweets_count": 0, "hashtags": []}
{"id": 1216501443198246913, "date": "2020-01-12", "time": "18:25:20", "tweet": "@RalimTek also, critically, the variable threshold stuff works- can't really do without that nowadays., here is same input signal but with threshold voltage set really low  https://t.co/tf0oMKaVKc", "likes_count": 0, "replies_count": 1, "retweets_count": 0, "hashtags": []}
{"id": 1216501377490472962, "date": "2020-01-12", "time": "18:25:04", "tweet": "@DonaldJTrumpJr They won’t recuse. The Senate trial is nothing like a criminal trial. Every Senator is being lobbied and taking phone calls. A normal trial, the jury is not allowed to be influenced, the Senate encourages input and contributions based on how they vote. This is a political event.", "likes_count": 0, "replies_count": 0, "retweets_count": 0, "hashtags": []}
{"id": 1216501325342691329, "date": "2020-01-12", "time": "18:24:52", "tweet": "@TPerez2324 @Mburton1967 @JasonLaCanfora Not like it really matters, you know Nagy wasn't gonna give up playcalling. Not to mention having the worst QB in the NFL and an O-Line who cannot run block. Shurmur's input wasn't going to fix the issues.", "likes_count": 0, "replies_count": 1, "retweets_count": 0, "hashtags": []}
{"id": 1216501215946780679, "date": "2020-01-12", "time": "18:24:26", "tweet": "Hey friendos! Looking for some input. As some of you know, I used to do freelance branding/design work for small creative businesses. I ended that business when we moved 3 years ago. I do, however, continue to do all of my own design work - overlays, panels, merch, etc. (thread)  https://t.co/Ac0QE2384A", "likes_count": 5, "replies_count": 2, "retweets_count": 1, "hashtags": []}
{"id": 1216501083046121473, "date": "2020-01-12", "time": "18:23:54", "tweet": "@VincentZahler @D_Ricker81 @mr_cbreezy Idk how people are missing that point. Bc the core of analytics is the output is subject to the input. And the input is ever changing.", "likes_count": 0, "replies_count": 1, "retweets_count": 0, "hashtags": []}
{"id": 1216500966217932806, "date": "2020-01-12", "time": "18:23:26", "tweet": "@pulte Help people with Student loans!! I've been paying mine off for 10 years and I still owe close to $10, 000.!! Its nearly impossible to pay down student loans while affording a mortgage and child care. Thanks for asking our input!!! Hope this is a helpful suggestion!!!!", "likes_count": 0, "replies_count": 0, "retweets_count": 0, "hashtags": []}
{"id": 1216500929530400769, "date": "2020-01-12", "time": "18:23:17", "tweet": "Slightly revamped my workout regimen with my brother's input. Moving it up so I workout 6 days as week so I can be able to hit almost every muscle group TWICE while doing jump rope each day 😬😬  Let's see how quickly I can lean out with this schedule and my cleaned up nutrition", "likes_count": 5, "replies_count": 1, "retweets_count": 0, "hashtags": []}
{"id": 1216500914401546246, "date": "2020-01-12", "time": "18:23:14", "tweet": "@RVacchianoSNY Flores probably runs the D or has huge input in it so Graham wanted to have full control of D and Flores let him hence him granting permission", "likes_count": 1, "replies_count": 1, "retweets_count": 0, "hashtags": []}
{"id": 1216500883300782081, "date": "2020-01-12", "time": "18:23:06", "tweet": "@FarrenHeights_ Oh ok then your set just be sure to put the xlr mic you use being the at2020 as the mic if you download new applications or games making it your input", "likes_count": 2, "replies_count": 0, "retweets_count": 0, "hashtags": []}
{"id": 1216500654480465925, "date": "2020-01-12", "time": "18:22:12", "tweet": "mountain dew baja blast is so unplayable because of the fucking input lag", "likes_count": 0, "replies_count": 0, "retweets_count": 0, "hashtags": []}
{"id": 1216500632766406659, "date": "2020-01-12", "time": "18:22:06", "tweet": "@johnfkirby63 If there is a next time, perhaps consult a bag of hammers for a more intelligent input first.", "likes_count": 0, "replies_count": 0, "retweets_count": 0, "hashtags": []}
{"id": 1216500589506519042, "date": "2020-01-12", "time": "18:21:56", "tweet": "@DaveMWrites @GordonWMillerca Thanks for your input! I like the idea of being able to skip to different chapters.", "likes_count": 1, "replies_count": 1, "retweets_count": 0, "hashtags": []}
{"id": 1216500505473638400, "date": "2020-01-12", "time": "18:21:36", "tweet": "@Superbreeze_Bex Do you think Louis wasn't empathetic or respectful?   TV companies have form for a narrative. I'm not sure how much input he has into the editing/final cut? But I'm happy to be informed.   Do you have a link to your interview? Would be interested to read/view.", "likes_count": 0, "replies_count": 1, "retweets_count": 0, "hashtags": []}
{"id": 1216500209020047361, "date": "2020-01-12", "time": "18:20:25", "tweet": "2019 named the driest year on record, the removal of the old Menindee Town Weir described as a \"botch job\", $3,000 raised for bushfire victims via local cake stall and Far West residents asked for input on the Toorale Water Saving Project. Read more at  https://t.co/LhDd5G6oVY.  https://t.co/o2OUnlmWyF", "likes_count": 2, "replies_count": 0, "retweets_count": 1, "hashtags": []}
{"id": 1216500024550531079, "date": "2020-01-12", "time": "18:19:41", "tweet": "@henloworld__ yeah of course, don’t want any input lag. also i just happened to have the like crt and stuff. i don’t own a camecube controller adapter so i literally can’t play on pc", "likes_count": 0, "replies_count": 0, "retweets_count": 0, "hashtags": []}
{"id": 1216500001335103494, "date": "2020-01-12", "time": "18:19:36", "tweet": "Sorry errrryone. Going with this this promo shot but thanks for input.  https://t.co/xZdK6qQ2Qu", "likes_count": 21, "replies_count": 2, "retweets_count": 0, "hashtags": []}
{"id": 1216499997803536385, "date": "2020-01-12", "time": "18:19:35", "tweet": "@jakelindy2021 @CatchingAcademy Very fair. Thanks for your input!", "likes_count": 1, "replies_count": 0, "retweets_count": 1, "hashtags": []}
{"id": 1216499970007801856, "date": "2020-01-12", "time": "18:19:28", "tweet": "Am calm now ☺️ weed is the love of my life, my sensory input regulator, my Lord and savior", "likes_count": 1, "replies_count": 0, "retweets_count": 0, "hashtags": []}
{"id": 1216499961216425984, "date": "2020-01-12", "time": "18:19:26", "tweet": "世の中成人式ですか。お粧しした若者がチラホラ。  写真は地元では、「さんくろう」の写真  おはようございます  https://t.co/n1m34B5KYO", "likes_count": 0, "replies_count": 1, "retweets_count": 0, "hashtags": []}
{"id": 1216499884171366402, "date": "2020-01-12", "time": "18:19:08", "tweet": "@PanthersCulture He needs to stop saying he doesn’t call plays &amp; only adds input or he will never overcome it.  https://t.co/PoihucTa7V", "likes_count": 4, "replies_count": 0, "retweets_count": 0, "hashtags": []}
{"id": 1216499821080731648, "date": "2020-01-12", "time": "18:18:53", "tweet": "@FourRedShoes Hahaha, my input would probably just be inserting adlibs of cats meowing over whichever tracks you play 😂", "likes_count": 0, "replies_count": 1, "retweets_count": 0, "hashtags": []}
{"id": 1216499716050939904, "date": "2020-01-12", "time": "18:18:28", "tweet": "Reapon sangat baik dri vua JNE PUSAT,EMAIL tdi mlm iko bls,,,,trnyata brang so disulut mar drang yg blom input data resi utk posisi 😊😊😊  Mohon bersabar nehhh utk paket ke 2 😊😊😊", "likes_count": 0, "replies_count": 0, "retweets_count": 0, "hashtags": []}
{"id": 1216499629551951873, "date": "2020-01-12", "time": "18:18:07", "tweet": "@gracesarahx Possibly one of the worst tweets I've ever seen. Social anxiety is a huge problem for teenagers across the world. For people to label them as rude &amp; blame their parents is so ignorant. I was that teenager &amp; I know they'll be beating themselves up about it enough w/out your input", "likes_count": 4, "replies_count": 0, "retweets_count": 0, "hashtags": []}
{"id": 1216499533024317448, "date": "2020-01-12", "time": "18:17:44", "tweet": "Now, some of those folks might have balked or said they would not support the legislation, but they had input and opportunities to be heard throughout the process....and NOBODY has quicker and more direct access to the press  this backlash is so intentionally misleading", "likes_count": 4, "replies_count": 0, "retweets_count": 1, "hashtags": []}
{"id": 1216499445258444802, "date": "2020-01-12", "time": "18:17:23", "tweet": "Outstanding input from all staff in @WAHT_StrokeUnit Sillver Ward &amp; Respiratory Ward making 3 way Ward move today. Re-configuration @WorcsAcuteNHS will benefit all Worcs patients &amp; staff. Appropriate re-location will improve #flow Great work Thx @JokenyonJo #puttingpatientsfirst", "likes_count": 7, "replies_count": 0, "retweets_count": 0, "hashtags": ["flow", "puttingpatientsfirst"]}
{"id": 1216499385376350210, "date": "2020-01-12", "time": "18:17:09", "tweet": "@AVFCDaniel @villareport Yes. Seems they have no input now 😡", "likes_count": 0, "replies_count": 0, "retweets_count": 0, "hashtags": []}
{"id": 1216499359585652747, "date": "2020-01-12", "time": "18:17:03", "tweet": "18 Trips to take in Italy in 2018 - Part One! Read my latest post with input from my favourite Italian natives!  https://t.co/zpRDw9w0E5 @questadolcevita @fka_sara @AliBess turinepi #italiancities #italiantravel #citybreaks #italy2018", "likes_count": 0, "replies_count": 0, "retweets_count": 0, "hashtags": ["italiancities", "italiantravel", "citybreaks", "italy2018"]}
{"id": 1216499353197543425, "date": "2020-01-12", "time": "18:17:01", "tweet": "@MorganeOgerBC @Mason134211f @vb02md @WorldOfOrdinary @Annndreeaaaaa @TwisterFilm When the system was “reformed “ to allow male bodied prisoners to self identify into female prisons was there an assessment of risk done?  Who participated? How many female prisoners and guards working in female prisons gave input?", "likes_count": 5, "replies_count": 0, "retweets_count": 0, "hashtags": []}
{"id": 1216499349980618752, "date": "2020-01-12", "time": "18:17:01", "tweet": "@ksomseul no they won’t manage them directly but they will offer resources and input since they’re a subsidiary but it won’t be Direct like they’ll have better management cause more resources in bh that’s all", "likes_count": 0, "replies_count": 1, "retweets_count": 0, "hashtags": []}
{"id": 1216499276370599936, "date": "2020-01-12", "time": "18:16:43", "tweet": "@JimCarrey ...... where are you?  I need a hit of your “caustic clarity” on the fiasco we call the “trump Cancer”?  You are totally politically incorrect and there’s a lot of us (especially we Canadians) who need your input....no pressure my friend but “you need to call it out”!!", "likes_count": 0, "replies_count": 0, "retweets_count": 0, "hashtags": []}
{"id": 1216499151032201217, "date": "2020-01-12", "time": "18:16:13", "tweet": "@davidfrum @MikeBloomberg @ewarren @SenSanders Thanks for your input, Mr. Axis of Evil.", "likes_count": 0, "replies_count": 0, "retweets_count": 0, "hashtags": []}
{"id": 1216499137681797121, "date": "2020-01-12", "time": "18:16:10", "tweet": "Thank You for all your information and insights  I appreciate your input!", "likes_count": 0, "replies_count": 0, "retweets_count": 0, "hashtags": []}
{"id": 1216499116542517249, "date": "2020-01-12", "time": "18:16:05", "tweet": "@FriendOfThurlow @Cubistcastle132 @gumboqueen3030 Fine. I'm better than you. Is that what you want to hear? It seems like it because you're never going to be content with anything I say. Thanks for the input. I do hope you have a great 2020! Take care.", "likes_count": 0, "replies_count": 1, "retweets_count": 0, "hashtags": []}
{"id": 1216499104412524545, "date": "2020-01-12", "time": "18:16:02", "tweet": "@twentyonepucks @spittinchiclets That’s not how it works but ty for your input", "likes_count": 2, "replies_count": 0, "retweets_count": 0, "hashtags": []}
{"id": 1216499097714221056, "date": "2020-01-12", "time": "18:16:01", "tweet": "@PanthersCulture Tepper called Hurney a great talent evaluator yet he let Butker go. So stupid. I pretty sure Ron had input because he couldn't dare cut a veteran i", "likes_count": 0, "replies_count": 1, "retweets_count": 0, "hashtags": []}
{"id": 1216499083659091968, "date": "2020-01-12", "time": "18:15:57", "tweet": "@WillHillHelp Can I Input my mobile number on the betting terminal or does it be already registered on my account? Thanks", "likes_count": 0, "replies_count": 1, "retweets_count": 0, "hashtags": []}
{"id": 1216498989933178881, "date": "2020-01-12", "time": "18:15:35", "tweet": "@ClayB25 EB has input. But Reid is the primary play-caller.", "likes_count": 1, "replies_count": 1, "retweets_count": 0, "hashtags": []}
{"id": 1216498693370720258, "date": "2020-01-12", "time": "18:14:24", "tweet": "Editorial by @starledger reads like men “shaming and mansplaining”women. A respectable newspaper ought to do better than attack women, in any side of politics, 4 wanting input. @SenatorLorettaW #TimeIsUp #BelieveAllWomen  https://t.co/iBUScLuy8o", "likes_count": 26, "replies_count": 4, "retweets_count": 11, "hashtags": ["timeisup", "believeallwomen"]}
{"id": 1216498517159620610, "date": "2020-01-12", "time": "18:13:42", "tweet": "Being the mom of a teen can be fun, difficult and everything in between! This week I reached out to some moms that are currently mothering teens to get the conversation started. Drop some of your input or experiences. #TSG #Newblog   https://t.co/wnIFEYawsT", "likes_count": 0, "replies_count": 0, "retweets_count": 1, "hashtags": ["tsg", "newblog"]}
{"id": 1216498466765058050, "date": "2020-01-12", "time": "18:13:30", "tweet": "@galaxaure None of what I have said should detract from what you have said though. She had a big input into the theme and ought to have been recognised. Hopefully the honorary award goes some way towards that.", "likes_count": 1, "replies_count": 0, "retweets_count": 0, "hashtags": []}
{"id": 1216498392702095361, "date": "2020-01-12", "time": "18:13:12", "tweet": "@s_phia_ Lol i WISH we lived in a world in which cops prosecutors and judges got 0 input into lawmaking", "likes_count": 8, "replies_count": 1, "retweets_count": 0, "hashtags": []}
{"id": 1216498388809764864, "date": "2020-01-12", "time": "18:13:11", "tweet": "@drobbocity @oldmansaid Where’s his midfield input? Completely agree with you.  He’s not showing his capabilities that won him premierships", "likes_count": 0, "replies_count": 0, "retweets_count": 0, "hashtags": []}
