{"id": 1292611513874874368, "date": "2020-08-09", "time": "19:59:35", "tweet": "@StephanieLinae @DirtyTesla what is your input on this? 😂", "likes_count": 2, "replies_count": 1, "retweets_count": 0, "hashtags": []}
{"id": 1292611505075007488, "date": "2020-08-09", "time": "19:59:33", "tweet": "Lucky Fishing have fun. What are you waiting for? Download it, input the refer code WBURVJ7 to get reward. https://t.co/G4Sw30Zv3p", "likes_count": 0, "replies_count": 0, "retweets_count": 0, "hashtags": []}
{"id": 1292611378885226496, "date": "2020-08-09", "time": "19:59:02", "tweet": "@rikka_dros 今日もがんばろー♪ 新鮮な挨拶ｗ", "likes_count": 1, "replies_count": 1, "retweets_count": 0, "hashtags": []}
{"id": 1292611237147287558, "date": "2020-08-09", "time": "19:58:29", "tweet": "Artikel baru Linimasaade. Cek disini: INPUT DEVICE (Perangkat Masukkan) Komputer  https://t.co/I3S2NFlc9r #Linimasaade #UpdateArtikel #UpdateBlog #Blogger", "likes_count": 0, "replies_count": 0, "retweets_count": 0, "hashtags": ["linimasaade", "updateartikel", "updateblog", "blogger"]}
{"id": 1292611226460135424, "date": "2020-08-09", "time": "19:58:26", "tweet": "@Baronduki @forestminish Oh my god you’re right. And in case you’re not being sarcastic, you’re welcome (for the input).", "likes_count": 1, "replies_count": 1, "retweets_count": 0, "hashtags": []}
{"id": 1292611211696025601, "date": "2020-08-09", "time": "19:58:23", "tweet": "@amscraig Nice! I had a korero with one of my academic mentors and it helped me shift my thinking. Basically, editors, publishers etc need our input more than we need their platform so don’t be scared to walk away.", "likes_count": 3, "replies_count": 0, "retweets_count": 0, "hashtags": []}
{"id": 1292611160336928769, "date": "2020-08-09", "time": "19:58:10", "tweet": "なにこの過剰武装ボート 対ゲリラ戦闘船かな？", "likes_count": 0, "replies_count": 0, "retweets_count": 0, "hashtags": []}
{"id": 1292611149314359296, "date": "2020-08-09", "time": "19:58:08", "tweet": "**LOTS** of member-only behind the scenes blog posts and tips and tricks are coming - both developer topics and how to do things musically with Warp. Also a great place to keep up with and share input with UI developments!", "likes_count": 0, "replies_count": 0, "retweets_count": 0, "hashtags": []}
{"id": 1292611146617360384, "date": "2020-08-09", "time": "19:58:07", "tweet": "@Trevorlawrencee It’s a shame that players have no input.  Our “leadership” fails America at every turn.", "likes_count": 1, "replies_count": 0, "retweets_count": 0, "hashtags": []}
{"id": 1292611098026409984, "date": "2020-08-09", "time": "19:57:55", "tweet": "@Uneverthoughtov @fartelengelbert That’s right, I remember now, you don’t even have to lock your doors in Hackney, just like Britain in the 50’s. It may have some fancy priced properties but it’s still a rathole. I’ve worked there often enough to know. But thanks for your input", "likes_count": 0, "replies_count": 1, "retweets_count": 0, "hashtags": []}
{"id": 1292611083300110338, "date": "2020-08-09", "time": "19:57:52", "tweet": "@adam3us @alistairmilne @adam3us - A bit off topic, a friend of mine is BALLS deep into NIMIQ - What advice would you give him?   FWIW - Im all in Bitcoin.   Just after your opinion, youre a figure head in \"crypto land\" hate the phrase obviously, but Id appreciate any input... we are not talking £10....", "likes_count": 0, "replies_count": 0, "retweets_count": 0, "hashtags": []}
{"id": 1292611078023598081, "date": "2020-08-09", "time": "19:57:51", "tweet": "@labbits77mattsu おはようございます♪連休最終日です(´・ω・｀)残念", "likes_count": 1, "replies_count": 0, "retweets_count": 0, "hashtags": []}
{"id": 1292611063184265219, "date": "2020-08-09", "time": "19:57:47", "tweet": "saw laverne knighton's virtual town hall. i brought up a few of my issues, as she never responded to my email. essentially, she \"supports\" the ideas without committing. wants community input, wants partial relief, wants to address issues that leads to homelessness, etc.", "likes_count": 0, "replies_count": 1, "retweets_count": 0, "hashtags": []}
{"id": 1292611033354313728, "date": "2020-08-09", "time": "19:57:40", "tweet": "@kring_pajak Pagi, jika pemotong menerbitkan Ebilling PPh Final DTP eks PMK 44/PMK.03/2020 kepada vendor, apakah pemotong tetap harus melaporkan E-SPT masa PPh Psl4(2) tersebut? Bagaimana input NTPN nya ? Bagaimana jika transaksi nya ada beberapa , apakah kode NTPN yg input sama?", "likes_count": 0, "replies_count": 1, "retweets_count": 0, "hashtags": []}
{"id": 1292610997472157700, "date": "2020-08-09", "time": "19:57:32", "tweet": "@jbibbsfox I’ve done it with an external mic and my AirPods. I can’t remember how 🙃 somewhere in system preferences, probably sound, I selected the mic as input and the AirPods as output.", "likes_count": 2, "replies_count": 0, "retweets_count": 0, "hashtags": []}
{"id": 1292610994103922690, "date": "2020-08-09", "time": "19:57:31", "tweet": "@menu_eco_input おはぞのさん！", "likes_count": 1, "replies_count": 1, "retweets_count": 0, "hashtags": []}
{"id": 1292610936470151172, "date": "2020-08-09", "time": "19:57:17", "tweet": "@Samtu78 @Blacksteel25 @TPPatriots @sarobards @NRA @dbongino Thanks for the input. I’ll be looking into these!", "likes_count": 0, "replies_count": 0, "retweets_count": 0, "hashtags": []}
{"id": 1292610882506194946, "date": "2020-08-09", "time": "19:57:04", "tweet": "A #snacctrap collab with input from #cocinacondrigo   Guajillo chili braised pork belly tacos with fresh salsa and elote salad.  https://t.co/A3bF1hbdZL", "likes_count": 15, "replies_count": 1, "retweets_count": 0, "hashtags": ["snacctrap", "cocinacondrigo"]}
{"id": 1292610751052447745, "date": "2020-08-09", "time": "19:56:33", "tweet": "「ポルノが間違いだらけの性知識を蔓延させている」っていう言説あるけど、そもそもポルノをオカズにせずに教科書にしてるお前らの頭おかしいよ ポルノは性知識を学ぶものではなく抜くものなの 用法容量を守って正しく楽しく使いましょう", "likes_count": 0, "replies_count": 0, "retweets_count": 0, "hashtags": []}
{"id": 1292610480905781248, "date": "2020-08-09", "time": "19:55:28", "tweet": "@matthewhayesx @CheChe_Guevara @Reecejordine1 @BBCPolitics If it was incorrectly input, it would not only say the car was registered in Yorkshire. It would have come back as a different make/model/colour. So potentially false number plates.", "likes_count": 1, "replies_count": 0, "retweets_count": 0, "hashtags": []}
