{"id": 1276304156123250688, "date": "2020-06-25", "time": "19:59:58", "tweet": "@moongdalfn @Trikzshot @low_ambition He uses a c40 so it'll be 60hz with less input delay so", "likes_count": 0, "replies_count": 3, "retweets_count": 0, "hashtags": []}
{"id": 1276304152549883906, "date": "2020-06-25", "time": "19:59:57", "tweet": "@rivtekk Small UK Streamer just starting out, would aprreciate anyone coming to check the stream, and any input they have! Thanks   https://t.co/SWujnsN4bW", "likes_count": 1, "replies_count": 1, "retweets_count": 0, "hashtags": []}
{"id": 1276304151044132864, "date": "2020-06-25", "time": "19:59:56", "tweet": "@ShiroTerra @Twitch Super frustrating, I agree, Shiro. Would more transparency as far as the reasons for the inconsistent enforcement help make it less frustrating?  Thanks for your input! 🙂", "likes_count": 0, "replies_count": 1, "retweets_count": 0, "hashtags": []}
{"id": 1276304105586061313, "date": "2020-06-25", "time": "19:59:46", "tweet": "@_heehee0 @POCKETDOLS_ @official_ONEUS ah have you registered? if not, try to input my referral code pls CERT9 to get 10 letters.. if you done, you can check your email for authenticating.. like this pict below  https://t.co/rmApn96APk", "likes_count": 0, "replies_count": 0, "retweets_count": 0, "hashtags": []}
{"id": 1276304101874135040, "date": "2020-06-25", "time": "19:59:45", "tweet": "@nataliexdean Natalie, I'm not sure. Is it possible the reporter wanted your input, was disappointed and was trying to push you to respond? It seems like they shot themselves in the foot. Not sure it's gender related but what would I know.   Have we all begun to read too much into everything?", "likes_count": 0, "replies_count": 0, "retweets_count": 0, "hashtags": []}
{"id": 1276303936631140352, "date": "2020-06-25", "time": "19:59:05", "tweet": "@Elite99X @Trikzshot @low_ambition I don't know if you realise or not if anything you have a advantage over trikzshot because he has to switch from 240fps 240hz 0 input delay to console while you are used to it.", "likes_count": 0, "replies_count": 1, "retweets_count": 0, "hashtags": []}
{"id": 1276303867844665350, "date": "2020-06-25", "time": "19:58:49", "tweet": "@LSPareja @OSSTFD19 @PeelSchools is creating working groups with input from various employee groups as I asked a similar question earlier this evening. I await further information so my colleagues and I can provide value and insight in regards to startup come September.", "likes_count": 0, "replies_count": 1, "retweets_count": 1, "hashtags": []}
{"id": 1276303805898829824, "date": "2020-06-25", "time": "19:58:34", "tweet": "@MaitySoukarsa @LazyLion_1 @HuXijin_GT Your keyboard is good. Input without brain～", "likes_count": 0, "replies_count": 0, "retweets_count": 0, "hashtags": []}
{"id": 1276303800605847552, "date": "2020-06-25", "time": "19:58:33", "tweet": "I won my first @CallofDuty @ModernWarzone match today. Played the entire round without sound.   Too much sensory input can be deceptive.", "likes_count": 0, "replies_count": 1, "retweets_count": 0, "hashtags": []}
{"id": 1276303723602550791, "date": "2020-06-25", "time": "19:58:14", "tweet": "Lafayette officials seek input on interactive map for comprehensive plan  https://t.co/O7GlimucTK  https://t.co/iE5L943Lj2", "likes_count": 0, "replies_count": 0, "retweets_count": 0, "hashtags": []}
{"id": 1276303691159678976, "date": "2020-06-25", "time": "19:58:07", "tweet": "@RepStefanik @HouseGOP I thought the Republicans put together their own partisan bill with zero input from their colleagues across the aisle....", "likes_count": 2, "replies_count": 1, "retweets_count": 0, "hashtags": []}
{"id": 1276303598905888774, "date": "2020-06-25", "time": "19:57:45", "tweet": "@jakrobo1987 @MusicAddict90 @KingJames @LFC Thanks for your input.", "likes_count": 0, "replies_count": 0, "retweets_count": 0, "hashtags": []}
{"id": 1276303583198113793, "date": "2020-06-25", "time": "19:57:41", "tweet": "@justoldmatedave @redrock_bball Good lesson for whoever reads this. Live local, stay clean. Thanks for your input today Dave it’s always riveting.", "likes_count": 0, "replies_count": 0, "retweets_count": 0, "hashtags": []}
{"id": 1276303531197321225, "date": "2020-06-25", "time": "19:57:29", "tweet": "Lafayette officials seek input on interactive map for comprehensive plan  https://t.co/nZv5ooYgK0  https://t.co/00rw1TtRGt", "likes_count": 1, "replies_count": 0, "retweets_count": 2, "hashtags": []}
{"id": 1276303478676209665, "date": "2020-06-25", "time": "19:57:16", "tweet": "\"In tight times it is all about managing your input costs and how efficient you farm.\" - Dan Frieberg in our latest issue of our podcast  https://t.co/R1usRHNzAr  https://t.co/jqUyKzq7gR", "likes_count": 8, "replies_count": 0, "retweets_count": 7, "hashtags": []}
{"id": 1276303446434512896, "date": "2020-06-25", "time": "19:57:08", "tweet": "@ToffeeBramley @SkySportsPL Okay well cheers for your input on the 19th league title bye bro🏆", "likes_count": 0, "replies_count": 0, "retweets_count": 0, "hashtags": []}
{"id": 1276303199960473602, "date": "2020-06-25", "time": "19:56:10", "tweet": "@JGuybee So much crap in the time lines these days  it interferes with things I like to view such as your input.  hopefully will return to normal soon.", "likes_count": 1, "replies_count": 0, "retweets_count": 0, "hashtags": []}
{"id": 1276303138199416834, "date": "2020-06-25", "time": "19:55:55", "tweet": "@WorldAndScience The word is deception de incept input output negative . .. not become the false positive cons.   Advertising...sugar coated bullshit  Actors AC Traitors Doctors Document Dictators Suc.cess.ful sucks excessively fully fool....worthless creates more shit than anything ...", "likes_count": 0, "replies_count": 0, "retweets_count": 0, "hashtags": []}
{"id": 1276303099171229697, "date": "2020-06-25", "time": "19:55:46", "tweet": "@nathenmikeuxl say fam we live on the podcast! We talking 2k and Madden. Would love to have your input.   https://t.co/VZusej7ogv", "likes_count": 0, "replies_count": 0, "retweets_count": 0, "hashtags": []}
{"id": 1276303070721433600, "date": "2020-06-25", "time": "19:55:39", "tweet": "Managed to finally get all of my modern consoles set up looking clean with a 5x1 hdmi switcher for easy input changing when I stream games from them. Pretty cheap and solid solution for simplicity.  https://t.co/Ia1FoIflJg", "likes_count": 1, "replies_count": 0, "retweets_count": 0, "hashtags": []}
