{"id": 1216147774841987072, "date": "2020-01-11", "time": "18:59:59", "tweet": "The Supernatural audio engine in the @Roland_US #Jupiter50 analyses MIDI input real-time to intuitively model the sound your playing with as much realism as possible.  This is how, despite not being a bass player, I'm able to create reasonably convincing slap bass on my records.  https://t.co/VtpNmvF73q", "likes_count": 11, "replies_count": 1, "retweets_count": 1, "hashtags": ["jupiter50"]}
{"id": 1216147717342269440, "date": "2020-01-11", "time": "18:59:45", "tweet": "@ScruffyCollie @BjCruickshank Aye from five years ago ... you might not have noticed, but things have moved on, and ... changed a wee bit ..... but, thanks for your input.", "likes_count": 50, "replies_count": 2, "retweets_count": 1, "hashtags": []}
{"id": 1216147556452823040, "date": "2020-01-11", "time": "18:59:07", "tweet": "everyday my mum feels the need to comment negatively on what i’m wearing and today her input was “put something LIGHT on it’s hot outside”  i’m literally wearing shorts and a tshirt lmao", "likes_count": 3, "replies_count": 0, "retweets_count": 0, "hashtags": []}
{"id": 1216147205947523075, "date": "2020-01-11", "time": "18:57:43", "tweet": "@JoyfulWarrior75 @JeanaMamer I've received email polling looking for Dem input on a Biden/Klobuchar ticket.", "likes_count": 4, "replies_count": 2, "retweets_count": 0, "hashtags": []}
{"id": 1216147202298597376, "date": "2020-01-11", "time": "18:57:42", "tweet": "@LynnBowden_1 Plug one side into the back of the Xbox and then gotta put the other side to the phone input in the crib", "likes_count": 8, "replies_count": 2, "retweets_count": 0, "hashtags": []}
{"id": 1216147183201730561, "date": "2020-01-11", "time": "18:57:38", "tweet": "@neontaster thanks for the input, failson", "likes_count": 0, "replies_count": 0, "retweets_count": 0, "hashtags": []}
{"id": 1216147164491059200, "date": "2020-01-11", "time": "18:57:33", "tweet": "“no lucia. we don’t put panties on our head. this isn’t college, and you’re not a frat boy.”  —my parental input", "likes_count": 1, "replies_count": 0, "retweets_count": 0, "hashtags": []}
{"id": 1216147101320728581, "date": "2020-01-11", "time": "18:57:18", "tweet": "I'm not quite sure, let me check the history of my native country Germany, with some additional input from Poland...", "likes_count": 0, "replies_count": 0, "retweets_count": 0, "hashtags": []}
{"id": 1216147037034434560, "date": "2020-01-11", "time": "18:57:03", "tweet": "Huemens do everything auto-magickally. How else? Otherwise go full-robot but most of the modules missing? How do I choose to feel/think/etc.,? Need decide based on warmed data input.", "likes_count": 0, "replies_count": 0, "retweets_count": 0, "hashtags": []}
{"id": 1216146789276868610, "date": "2020-01-11", "time": "18:56:04", "tweet": "The end bit on Panic Talk Actions in danganronpa 2 has me panicking every time, cuz I'm using a ps4 controller on pc and only see the xbox inputs on screen and have to auto translate those to ps4 input in my mind real fast, while assembling a phrase with specific inputs  https://t.co/BUAfYejrfe", "likes_count": 0, "replies_count": 0, "retweets_count": 0, "hashtags": []}
{"id": 1216146682678857728, "date": "2020-01-11", "time": "18:55:38", "tweet": "his own input. They loved to spend time together discussing the cases. While Baekhyun didn't know many things about society still, his train of thought was fascinating.", "likes_count": 31, "replies_count": 1, "retweets_count": 0, "hashtags": []}
{"id": 1216146614403747840, "date": "2020-01-11", "time": "18:55:22", "tweet": "Ok I have to admit this I just want to sit down and have a conversation with @LaurenJauregui just to see how her mind works. She has an amazing mind and I admire that. I would just love to hear her input on different topics.", "likes_count": 0, "replies_count": 0, "retweets_count": 0, "hashtags": []}
{"id": 1216146523362406400, "date": "2020-01-11", "time": "18:55:00", "tweet": "@Asterinidae @Keir_Starmer I don't necessarily think it's bad, but if for example councillors get more of an input on policy than members, that's less democracy. The most democratic option is to have a vote on any given issue which everyone can participate in. Might not be practical, but more democratic.", "likes_count": 0, "replies_count": 0, "retweets_count": 0, "hashtags": []}
{"id": 1216146486154665985, "date": "2020-01-11", "time": "18:54:51", "tweet": "@MorganElaine97 That is why I wanted them! I hate doing my mascara. But thanks girl for your input! I don’t like that it messes with your natural lashes 🙇🏻‍♀️", "likes_count": 1, "replies_count": 0, "retweets_count": 0, "hashtags": []}
{"id": 1216146482950234113, "date": "2020-01-11", "time": "18:54:51", "tweet": "@outcastsoul So did Shanny build it or give input? Lol", "likes_count": 3, "replies_count": 0, "retweets_count": 0, "hashtags": []}
{"id": 1216146459088904192, "date": "2020-01-11", "time": "18:54:45", "tweet": "@ArcanaChance No input settings in the menus?", "likes_count": 1, "replies_count": 1, "retweets_count": 0, "hashtags": []}
{"id": 1216146308538552322, "date": "2020-01-11", "time": "18:54:09", "tweet": "Doing a top 3000 pornstar list. Feel free to provide input.", "likes_count": 0, "replies_count": 0, "retweets_count": 0, "hashtags": []}
{"id": 1216146296924332032, "date": "2020-01-11", "time": "18:54:06", "tweet": "@ShaeWom Sounds good. Thanks for the input mate", "likes_count": 1, "replies_count": 0, "retweets_count": 0, "hashtags": []}
{"id": 1216145906749399040, "date": "2020-01-11", "time": "18:52:33", "tweet": "my relationship is just that MINE... i appreciate the input but nobody can destroy the relationship but one of the two of us ‼️", "likes_count": 0, "replies_count": 0, "retweets_count": 0, "hashtags": []}
{"id": 1216145707784179714, "date": "2020-01-11", "time": "18:51:46", "tweet": "@LindaDaviesAuth @scientificecon \"Annual agriculture is all about living through our concepts... our idea we've imposed on reality &amp; when reality doesn't behave according to our idea, what do we do? We input... we can never input enough to make our false concept correct.\"  https://t.co/bTnpyyMUiU", "likes_count": 1, "replies_count": 0, "retweets_count": 0, "hashtags": []}
{"id": 1216147774841987072, "date": "2020-01-11", "time": "18:59:59", "tweet": "The Supernatural audio engine in the @Roland_US #Jupiter50 analyses MIDI input real-time to intuitively model the sound your playing with as much realism as possible.  This is how, despite not being a bass player, I'm able to create reasonably convincing slap bass on my records.  https://t.co/VtpNmvF73q", "likes_count": 11, "replies_count": 1, "retweets_count": 1, "hashtags": ["jupiter50"]}
{"id": 1216147717342269440, "date": "2020-01-11", "time": "18:59:45", "tweet": "@ScruffyCollie @BjCruickshank Aye from five years ago ... you might not have noticed, but things have moved on, and ... changed a wee bit ..... but, thanks for your input.", "likes_count": 50, "replies_count": 2, "retweets_count": 1, "hashtags": []}
{"id": 1216147556452823040, "date": "2020-01-11", "time": "18:59:07", "tweet": "everyday my mum feels the need to comment negatively on what i’m wearing and today her input was “put something LIGHT on it’s hot outside”  i’m literally wearing shorts and a tshirt lmao", "likes_count": 3, "replies_count": 0, "retweets_count": 0, "hashtags": []}
{"id": 1216147205947523075, "date": "2020-01-11", "time": "18:57:43", "tweet": "@JoyfulWarrior75 @JeanaMamer I've received email polling looking for Dem input on a Biden/Klobuchar ticket.", "likes_count": 4, "replies_count": 2, "retweets_count": 0, "hashtags": []}
{"id": 1216147202298597376, "date": "2020-01-11", "time": "18:57:42", "tweet": "@LynnBowden_1 Plug one side into the back of the Xbox and then gotta put the other side to the phone input in the crib", "likes_count": 8, "replies_count": 2, "retweets_count": 0, "hashtags": []}
{"id": 1216147183201730561, "date": "2020-01-11", "time": "18:57:38", "tweet": "@neontaster thanks for the input, failson", "likes_count": 0, "replies_count": 0, "retweets_count": 0, "hashtags": []}
{"id": 1216147164491059200, "date": "2020-01-11", "time": "18:57:33", "tweet": "“no lucia. we don’t put panties on our head. this isn’t college, and you’re not a frat boy.”  —my parental input", "likes_count": 1, "replies_count": 0, "retweets_count": 0, "hashtags": []}
{"id": 1216147101320728581, "date": "2020-01-11", "time": "18:57:18", "tweet": "I'm not quite sure, let me check the history of my native country Germany, with some additional input from Poland...", "likes_count": 0, "replies_count": 0, "retweets_count": 0, "hashtags": []}
{"id": 1216147037034434560, "date": "2020-01-11", "time": "18:57:03", "tweet": "Huemens do everything auto-magickally. How else? Otherwise go full-robot but most of the modules missing? How do I choose to feel/think/etc.,? Need decide based on warmed data input.", "likes_count": 0, "replies_count": 0, "retweets_count": 0, "hashtags": []}
{"id": 1216146789276868610, "date": "2020-01-11", "time": "18:56:04", "tweet": "The end bit on Panic Talk Actions in danganronpa 2 has me panicking every time, cuz I'm using a ps4 controller on pc and only see the xbox inputs on screen and have to auto translate those to ps4 input in my mind real fast, while assembling a phrase with specific inputs  https://t.co/BUAfYejrfe", "likes_count": 0, "replies_count": 0, "retweets_count": 0, "hashtags": []}
{"id": 1216146682678857728, "date": "2020-01-11", "time": "18:55:38", "tweet": "his own input. They loved to spend time together discussing the cases. While Baekhyun didn't know many things about society still, his train of thought was fascinating.", "likes_count": 31, "replies_count": 1, "retweets_count": 0, "hashtags": []}
{"id": 1216146614403747840, "date": "2020-01-11", "time": "18:55:22", "tweet": "Ok I have to admit this I just want to sit down and have a conversation with @LaurenJauregui just to see how her mind works. She has an amazing mind and I admire that. I would just love to hear her input on different topics.", "likes_count": 0, "replies_count": 0, "retweets_count": 0, "hashtags": []}
{"id": 1216146523362406400, "date": "2020-01-11", "time": "18:55:00", "tweet": "@Asterinidae @Keir_Starmer I don't necessarily think it's bad, but if for example councillors get more of an input on policy than members, that's less democracy. The most democratic option is to have a vote on any given issue which everyone can participate in. Might not be practical, but more democratic.", "likes_count": 0, "replies_count": 0, "retweets_count": 0, "hashtags": []}
{"id": 1216146486154665985, "date": "2020-01-11", "time": "18:54:51", "tweet": "@MorganElaine97 That is why I wanted them! I hate doing my mascara. But thanks girl for your input! I don’t like that it messes with your natural lashes 🙇🏻‍♀️", "likes_count": 1, "replies_count": 0, "retweets_count": 0, "hashtags": []}
{"id": 1216146482950234113, "date": "2020-01-11", "time": "18:54:51", "tweet": "@outcastsoul So did Shanny build it or give input? Lol", "likes_count": 3, "replies_count": 0, "retweets_count": 0, "hashtags": []}
{"id": 1216146459088904192, "date": "2020-01-11", "time": "18:54:45", "tweet": "@ArcanaChance No input settings in the menus?", "likes_count": 1, "replies_count": 1, "retweets_count": 0, "hashtags": []}
{"id": 1216146308538552322, "date": "2020-01-11", "time": "18:54:09", "tweet": "Doing a top 3000 pornstar list. Feel free to provide input.", "likes_count": 0, "replies_count": 0, "retweets_count": 0, "hashtags": []}
{"id": 1216146296924332032, "date": "2020-01-11", "time": "18:54:06", "tweet": "@ShaeWom Sounds good. Thanks for the input mate", "likes_count": 1, "replies_count": 0, "retweets_count": 0, "hashtags": []}
{"id": 1216145906749399040, "date": "2020-01-11", "time": "18:52:33", "tweet": "my relationship is just that MINE... i appreciate the input but nobody can destroy the relationship but one of the two of us ‼️", "likes_count": 0, "replies_count": 0, "retweets_count": 0, "hashtags": []}
{"id": 1216145707784179714, "date": "2020-01-11", "time": "18:51:46", "tweet": "@LindaDaviesAuth @scientificecon \"Annual agriculture is all about living through our concepts... our idea we've imposed on reality &amp; when reality doesn't behave according to our idea, what do we do? We input... we can never input enough to make our false concept correct.\"  https://t.co/bTnpyyMUiU", "likes_count": 1, "replies_count": 0, "retweets_count": 0, "hashtags": []}
{"id": 1216145686820945920, "date": "2020-01-11", "time": "18:51:41", "tweet": "@Remove_TrumpNow The Resistbot app will write to your state or national legislators 🖊️ Input your name &amp; address: choose who you're writing to 🗒️✍️ @resistbot or @openletterbot does the rest, using your zip code. After sending your letter  https://t.co/jvToEdrILS can phone your legislators.", "likes_count": 0, "replies_count": 0, "retweets_count": 0, "hashtags": []}
{"id": 1216145440325951488, "date": "2020-01-11", "time": "18:50:42", "tweet": "Can I say this? if you post a question on your personal life on twitter and people respond with caring responses that take time out of their life to write and you dismiss the response because it doesn’t give you the confirmation bias you crave- maybe don’t ask for input ??? JS", "likes_count": 74, "replies_count": 2, "retweets_count": 2, "hashtags": []}
{"id": 1216145438228672512, "date": "2020-01-11", "time": "18:50:42", "tweet": "@ZaWeeaboo @XxBTExX Dude could be talking about fried chicken or rap music you'd still defend him? He's commenting on black identity when he doesn't have an input in that discussion", "likes_count": 0, "replies_count": 1, "retweets_count": 0, "hashtags": []}
{"id": 1216145371447156736, "date": "2020-01-11", "time": "18:50:26", "tweet": "@CrazyCatMom42 @MessengerBen @Ghareebe_Ashena @JeffreyGuterman @realDonaldTrump Please for the love of god stop trying to have input in a subject, you don't have any knowledge about, because you dislike Trump.", "likes_count": 0, "replies_count": 1, "retweets_count": 0, "hashtags": []}
{"id": 1216145254014955520, "date": "2020-01-11", "time": "18:49:58", "tweet": "Public Input Sought About 2045 RTP  https://t.co/jNS8XlFYop  https://t.co/mNbpOLK5Aw", "likes_count": 0, "replies_count": 0, "retweets_count": 0, "hashtags": []}
{"id": 1216145167993987072, "date": "2020-01-11", "time": "18:49:37", "tweet": "This message about effective leadership is worth a listen. “Share your expertise” and “be open to input” ⁦@womeninomfs⁩ ⁦@WomenSurgeons⁩   https://t.co/kxvshrh9yB", "likes_count": 1, "replies_count": 0, "retweets_count": 0, "hashtags": []}
{"id": 1216145141859340288, "date": "2020-01-11", "time": "18:49:31", "tweet": "Probably the max damage for WS2,3 against Gigas and Marduk, every part of the combo is tricky to do (The JF of b1:1f, input b33f at the right timing, same for WS2,4 but it's even harder and dash f1+2 as a combo ender) #TEKKEN  https://t.co/ys1mjI1csa", "likes_count": 27, "replies_count": 4, "retweets_count": 6, "hashtags": ["tekken"]}
{"id": 1216145100880957442, "date": "2020-01-11", "time": "18:49:21", "tweet": "Lucky Cat have fun. What are you waiting for? Download it, input the refer code D9QU7 to get reward.  https://t.co/83dzvEG4L5", "likes_count": 0, "replies_count": 0, "retweets_count": 0, "hashtags": []}
{"id": 1216145041183215617, "date": "2020-01-11", "time": "18:49:07", "tweet": "#RWBY7  I do think it’s funny that so many people are assuming that Watts and Tyrian, who even with Cinder and Neo’s presence have unquestionably been the main villains of this arc, will actually be beaten by the adults without the kids input. Like, this is still Team RWBY’s show  https://t.co/WoKaPX9yYd", "likes_count": 2, "replies_count": 0, "retweets_count": 0, "hashtags": ["rwby7"]}
{"id": 1216144872220037122, "date": "2020-01-11", "time": "18:48:27", "tweet": "@jzpmema Hey there! Thank you for taking the time to provide your feedback. We've forwarded your message to our Kindle business team. We're constantly working to improve our digital customer experience and appreciate your input. ^CI", "likes_count": 0, "replies_count": 0, "retweets_count": 0, "hashtags": []}
{"id": 1216144861168009221, "date": "2020-01-11", "time": "18:48:24", "tweet": "thank you all my fellow dominants for your input last night: my darling judith has had QUITE a day. 😏   (she got spaaaaaaaaanked) (in more than one area) (it had been a looong time coming.)", "likes_count": 2, "replies_count": 1, "retweets_count": 0, "hashtags": []}
{"id": 1216144830201503745, "date": "2020-01-11", "time": "18:48:17", "tweet": "@Winterwander @incendiate Again, a window I input a break several times in", "likes_count": 0, "replies_count": 0, "retweets_count": 0, "hashtags": []}
{"id": 1216144771246215170, "date": "2020-01-11", "time": "18:48:02", "tweet": "@tracyhut @CCLcaribecrew @Saahearn Maybe, I have never been a really girly girl so maybe that's why I don't get it.  I mean I wear make up and stuff but I am not caught up in being perfect and my eye brows and eye lashes. HAHA! Makes sense tho.  thanks for your input.", "likes_count": 0, "replies_count": 1, "retweets_count": 0, "hashtags": []}
{"id": 1216144616703045633, "date": "2020-01-11", "time": "18:47:26", "tweet": "@Dukon15 @Ralph09282553 @RenaldoGouws @SimonPGrindrod @jsteenhuisen @helenzille Thank you for your valuable input", "likes_count": 0, "replies_count": 1, "retweets_count": 0, "hashtags": []}
{"id": 1216144530065559552, "date": "2020-01-11", "time": "18:47:05", "tweet": "@AaronBastani Where did it go wrong. @DerbyChrisW tried to improve member input into the party but he got chucked under the bus", "likes_count": 36, "replies_count": 1, "retweets_count": 2, "hashtags": []}
{"id": 1216144488915181568, "date": "2020-01-11", "time": "18:46:55", "tweet": "@PackersWin_ You might as well worry about your god damn self, sport. Thanks for your input, you have definitely changed my mind on everything. Just cause you said so.", "likes_count": 1, "replies_count": 1, "retweets_count": 0, "hashtags": []}
{"id": 1216144386091896832, "date": "2020-01-11", "time": "18:46:31", "tweet": "Perhaps I'm going mental here but I could've sworn that the Walmart self-checkout machine said \"What's your fucking problem?\" to me as I was collecting my items to leave.  Do NCR machines have a way for security or a store employee to input text or voice to the user?", "likes_count": 2, "replies_count": 2, "retweets_count": 0, "hashtags": []}
{"id": 1216144319259783168, "date": "2020-01-11", "time": "18:46:15", "tweet": "Resistor at input to high side current monitor IC  https://t.co/mWg5BXYe02", "likes_count": 0, "replies_count": 0, "retweets_count": 0, "hashtags": []}
{"id": 1216144305204559872, "date": "2020-01-11", "time": "18:46:11", "tweet": "@geniusarts_ @LFC @Jumpman23 @nikefootball @Tino_LFC @BenWebbLFC @TheRedmenTV Actually love this design. Well done. Agree it won't be a Jordan logo but input logo here and you've nailed it", "likes_count": 0, "replies_count": 0, "retweets_count": 0, "hashtags": []}
{"id": 1216144284639825920, "date": "2020-01-11", "time": "18:46:06", "tweet": "@princessxariel she’s perfect already. can men stop giving their input when we didn’t ask for it", "likes_count": 0, "replies_count": 0, "retweets_count": 0, "hashtags": []}
