{"id": 1241152528315629569, "date": "2020-03-20", "time": "19:59:56", "tweet": "Instead, Loeffler said, those decisions involving nearly 30 trades were made by third-party investment advisors without any input by herself or her husband, Jeff Sprecher, CEO of both the NYSE and IT'S HOLDING COMPANY, INTERCONTINENTAL EXCHANGE.", "likes_count": 0, "replies_count": 0, "retweets_count": 0, "hashtags": []}
{"id": 1241152459679993856, "date": "2020-03-20", "time": "19:59:40", "tweet": "@washingtonpost I saw it — I would NOT have described it as you did.  Can you get off bashing our President?  Useful input welcome", "likes_count": 0, "replies_count": 0, "retweets_count": 0, "hashtags": []}
{"id": 1241152435118395392, "date": "2020-03-20", "time": "19:59:34", "tweet": "@CollinsforGA I believe she stated that her portfolio is managed independently without her input. This is as it should be.", "likes_count": 0, "replies_count": 0, "retweets_count": 0, "hashtags": []}
{"id": 1241152334475849729, "date": "2020-03-20", "time": "19:59:10", "tweet": "@LeonByner5AA Perhaps you and your media mates should stop nitpicking and only make positive input", "likes_count": 0, "replies_count": 0, "retweets_count": 0, "hashtags": []}
{"id": 1241152287680102402, "date": "2020-03-20", "time": "19:58:59", "tweet": "@PolitiKurd @Twitter p.s. Don't explicitly input a search for YOUR name or tweets on the fresh account. Just act as if u don't know anything about Roz al Ghul, to see if Twitter shows you (a generic twitterer). If you search explicitly, then they'll know u're already someone tracking Roz tweets.", "likes_count": 0, "replies_count": 0, "retweets_count": 0, "hashtags": []}
{"id": 1241152109732671488, "date": "2020-03-20", "time": "19:58:17", "tweet": "EazyDraw 1.1.1 for iOS and iPadOS now available in App Store.  Major additions for text input. Added support for external keyboards, Apple world keyboards. Or use the scalable EazyDraw text keyboard for full support of attributed unicode and emoji text editing.", "likes_count": 0, "replies_count": 0, "retweets_count": 0, "hashtags": []}
{"id": 1241152035174715396, "date": "2020-03-20", "time": "19:57:59", "tweet": "@TheEllenShow help Caleb get some input from these NBA guys!  @Bam1of1 why did they leave you off of this list?", "likes_count": 0, "replies_count": 0, "retweets_count": 0, "hashtags": []}
{"id": 1241151933038997504, "date": "2020-03-20", "time": "19:57:34", "tweet": "@Cuba_Libre_Jr @YouTube @netflix Algorithms are all fun and games until you can not give them correct input thus making them be wrong in their guesswork. Also @YouTube, please stop recommending videos I JUST watched. Thank you! (Nobody will ever read this)", "likes_count": 0, "replies_count": 0, "retweets_count": 0, "hashtags": []}
{"id": 1241151800914464769, "date": "2020-03-20", "time": "19:57:03", "tweet": "@Philippa_Perry Love this advice 🙌🏻 I’m also getting my 8yo daughter to have input in our daily/weekly (flexible) plan so it’s more collaborative. We’ve brainstormed ideas and I love her enthusiasm!", "likes_count": 2, "replies_count": 0, "retweets_count": 0, "hashtags": []}
{"id": 1241151626754158592, "date": "2020-03-20", "time": "19:56:21", "tweet": "@khalid_akh @Dennysiregar7 @aniesbaswedan Berani apanya..? berani ngomong doang..anak TK ama playgroup bisa tong.., berani berbuat baik dan tdk mencla mencle..dlm kebijakan itu baru ok..anggaran bengkak..nanti bilang salah ketik..input data...hadeuh..sampai..berkali2 mencla..menclenya tu mulut lama2 berbusa ky orang ayan", "likes_count": 0, "replies_count": 1, "retweets_count": 0, "hashtags": []}
{"id": 1241151616125976582, "date": "2020-03-20", "time": "19:56:19", "tweet": "@SenFeinstein Yeah, ok sure. Of course you have input. This statement alone suggests your trying to cover for yourself and therefore guilty of the implications. Also it doesn't matter if you were present or not, you were still privy to the information.", "likes_count": 0, "replies_count": 0, "retweets_count": 0, "hashtags": []}
{"id": 1241151435670159362, "date": "2020-03-20", "time": "19:55:36", "tweet": "@Lifematters11 @AnandWrites Thanks for your input, bot.  Now go collect your rubles from daddy Putin.", "likes_count": 0, "replies_count": 0, "retweets_count": 0, "hashtags": []}
{"id": 1241151269508546561, "date": "2020-03-20", "time": "19:54:56", "tweet": "@million_input 早速アイコンにしててよき", "likes_count": 1, "replies_count": 0, "retweets_count": 0, "hashtags": []}
{"id": 1241151235798917120, "date": "2020-03-20", "time": "19:54:48", "tweet": "@Kikis_8 @gsmVoiD Like the game wont let you input a fast fall if you do it while rising.", "likes_count": 0, "replies_count": 0, "retweets_count": 0, "hashtags": []}
{"id": 1241151151522959361, "date": "2020-03-20", "time": "19:54:28", "tweet": "@musgrove74 @247Lush @sebastianbach Thank y'all for your insignificant input... impressive....", "likes_count": 0, "replies_count": 0, "retweets_count": 0, "hashtags": []}
{"id": 1241151149169917953, "date": "2020-03-20", "time": "19:54:28", "tweet": "@G38102153 @Rainbow_Golden @KyleLovesBernie Thanks for the input, #garbageingarbageout", "likes_count": 0, "replies_count": 1, "retweets_count": 0, "hashtags": ["garbageingarbageout"]}
{"id": 1241151129481891841, "date": "2020-03-20", "time": "19:54:23", "tweet": "@irishpoint @FineGael @MaryLouMcDonald I am not casting any aspersions on @MaryLouMcDonald, there may be a reason why, but she has disappeared entirely once a real issue affecting all citizens arose. I do not support FG in any way but at least they’ve had input, with the support of all parties including SF.", "likes_count": 1, "replies_count": 1, "retweets_count": 0, "hashtags": []}
{"id": 1241150825940094977, "date": "2020-03-20", "time": "19:53:11", "tweet": "A little tip if you're going to give this one a go, switch to mouse + keyboard input. Feels a lot more intuitive compared to the keyboard only setup.", "likes_count": 0, "replies_count": 0, "retweets_count": 0, "hashtags": []}
{"id": 1241150770549903360, "date": "2020-03-20", "time": "19:52:57", "tweet": "@menu_eco_input  https://t.co/xqVSvDZYRt", "likes_count": 0, "replies_count": 0, "retweets_count": 0, "hashtags": []}
{"id": 1241150708533145600, "date": "2020-03-20", "time": "19:52:43", "tweet": "I’m hoping for input and guidance on distance learning for students with disabilities.  Truthfully, I am having difficulty processing the fact that we will be away from our kiddos for more than a month.   How can I reach my kids effectively? (A thread)", "likes_count": 8, "replies_count": 2, "retweets_count": 0, "hashtags": []}
{"id": 1241150703147646979, "date": "2020-03-20", "time": "19:52:41", "tweet": "@BernieSanders @andrecymone @NahkoBear @FlyingWithSara @SaruJayaraman I am a lot more interested in what senators that will have some input have to say", "likes_count": 1, "replies_count": 0, "retweets_count": 0, "hashtags": []}
{"id": 1241150587359629312, "date": "2020-03-20", "time": "19:52:14", "tweet": "@ccornelius81 @KingJames @Giannis_An34 @kawhileonard @JHarden13 @KDTrey5 @AntDavis23 @StephenCurry30 @KyrieIrving @Dame_Lillard @JoelEmbiid @TheEllenShow help Caleb get some input from these NBA guys!", "likes_count": 0, "replies_count": 0, "retweets_count": 0, "hashtags": []}
{"id": 1241150583245017088, "date": "2020-03-20", "time": "19:52:13", "tweet": "@MinServicehund @twhjerne Tusinde tak. Med jeres input er der i hvert fald større chance for det🌻", "likes_count": 1, "replies_count": 0, "retweets_count": 0, "hashtags": []}
{"id": 1241150578346115072, "date": "2020-03-20", "time": "19:52:11", "tweet": "@ZeroCat15 I tried both grounded gate and common source. I find common source with high input impedance (10M ohms gate to ground) + light capacitive input coupling (100 pF) is the best combination. The JFET is 2SK3557.  cc @jushin_Perseus", "likes_count": 3, "replies_count": 1, "retweets_count": 0, "hashtags": []}
{"id": 1241150571912081409, "date": "2020-03-20", "time": "19:52:10", "tweet": "obrigada pelo input vou escutar tudo com seu devido carinho e atenção 🥺", "likes_count": 0, "replies_count": 0, "retweets_count": 0, "hashtags": []}
{"id": 1241150526357553152, "date": "2020-03-20", "time": "19:51:59", "tweet": "@ikebarinholtz NICE!  @craigzobel did he give any input on his characters....lol...um...”journey” #TheHuntMovieAtHome", "likes_count": 3, "replies_count": 0, "retweets_count": 0, "hashtags": ["thehuntmovieathome"]}
{"id": 1241150522662563846, "date": "2020-03-20", "time": "19:51:58", "tweet": "@KLoeffler Who's youre adviser group then? Do they have full discretion on your accounts? Do you have any input on risk, objectives, or positions? Youre explanation provides no real detail. Ive worked in financial svcs for most of my life, I doubt youve given full discretion on millions.", "likes_count": 0, "replies_count": 0, "retweets_count": 0, "hashtags": []}
{"id": 1241150393834299392, "date": "2020-03-20", "time": "19:51:28", "tweet": "@Citizen004 @LloydMaybaum @RachelNotley @MedicineHatNews @CBCCalgary @abndpcaucus @globeandmail @picardonhealth @charlesadler @DonBraid @jkenney @UCPCaucus @charlesrusnell @CBCEyeopener @AlbertaatNoon the other issue is that Shandro appears to have acted unilaterally; ie developing and launching this new tool without input from the AMA or doctors.  but \"partners\", amirite? i shake my head", "likes_count": 2, "replies_count": 0, "retweets_count": 0, "hashtags": []}
{"id": 1241150309847662593, "date": "2020-03-20", "time": "19:51:07", "tweet": "@CBarnsAAN Relieved students will be treated like people, not just stats. Now schools are closed, vital teaching expertise is being missed in the crucial 3 months between mocks &amp; real exams. Teacher input, non assessed work, mocks &amp; other stats combined, is probably the fairest way. 🤞", "likes_count": 1, "replies_count": 0, "retweets_count": 0, "hashtags": []}
{"id": 1241150284077858823, "date": "2020-03-20", "time": "19:51:01", "tweet": "@timur_audio I don't often start with unit tests but where I think this works best is when what you are making is clearly a pure function where you know exactly what you want in terms of input and output and you can easily test for the validity of the output against the input.", "likes_count": 0, "replies_count": 1, "retweets_count": 0, "hashtags": []}
{"id": 1241150199667425280, "date": "2020-03-20", "time": "19:50:41", "tweet": "@DermotMCole @nytimes @SenDanSullivan @lisamurkowski Senator Dan Sullivan is a Trump enabler and nothing else.  I've written to Sullivan many times and he ignores any public input.  He'll do whatever Trump tells him to do.    Here is an example from last October:   https://t.co/C57CUYpjwK", "likes_count": 0, "replies_count": 0, "retweets_count": 0, "hashtags": []}
{"id": 1241150088568856576, "date": "2020-03-20", "time": "19:50:15", "tweet": "@markdwelsh @ExtratimeNews @GalwayUnitedFC @shelsfc Hi Mark, thanks for getting in touch. Adding historic match data takes a lot of time to find, sort and input. We're still on 84/85 at the moment. We'll get there, though... stay tuned!", "likes_count": 0, "replies_count": 1, "retweets_count": 0, "hashtags": []}
{"id": 1241150062350262272, "date": "2020-03-20", "time": "19:50:08", "tweet": "@piersmorgan @piersmorgan you are a lowly journalist. Reason you are a journo is because you wasn’t clever enough to be a doctor or medical scientist. So please don’t pretend to be one and stop venting bollocks. I follow you for your comical value not your intelligent input so pipe down son", "likes_count": 1, "replies_count": 0, "retweets_count": 0, "hashtags": []}
{"id": 1241149970692046848, "date": "2020-03-20", "time": "19:49:47", "tweet": "#teachmindful Good reminder about the show-and-tell. Teaching a foreign language really lends itself to that because there are so many questions you can ask about the object to increase input and push for spontaneous and also practiced/rehearsed output.", "likes_count": 1, "replies_count": 0, "retweets_count": 0, "hashtags": ["teachmindful"]}
{"id": 1241149954330169346, "date": "2020-03-20", "time": "19:49:43", "tweet": "I have an idea for tonight's stream but I'd like some input. Which are your favorite dungeon monsters?", "likes_count": 17, "replies_count": 19, "retweets_count": 2, "hashtags": []}
{"id": 1241149940782358528, "date": "2020-03-20", "time": "19:49:39", "tweet": "@ProudResister  https://t.co/f7l36GzDvr @thenation #AlternativestoCapitalism  Personal input: Right now we have military-industrial-congressional complex kleptocracy that does not serve regular person, and environmentally/ecologically hazardous, economically ruinous exploitative globalized scam.", "likes_count": 0, "replies_count": 0, "retweets_count": 1, "hashtags": ["alternativestocapitalism"]}
{"id": 1241149903767629824, "date": "2020-03-20", "time": "19:49:31", "tweet": "@sugarguitar2 @menu_eco_input ラージャンみたいな身体に憧れてるババコンガが昼から部屋建てるよ！  コレーさんもぜひ来てね‼︎  https://t.co/fyOI7I6K5V", "likes_count": 1, "replies_count": 0, "retweets_count": 0, "hashtags": []}
{"id": 1241149901477724160, "date": "2020-03-20", "time": "19:49:30", "tweet": "New video is out! Link to channel in bio! We yank out the 4T65E to do some work on it before we proceed with the 3800 Series II top swap. We’ll be putting in a @zzperformance 4340 input shaft and a 7/8” single chain…  https://t.co/T0E1PIZttd", "likes_count": 0, "replies_count": 0, "retweets_count": 0, "hashtags": []}
{"id": 1241149855470321665, "date": "2020-03-20", "time": "19:49:19", "tweet": "⠀ ⠀ ⠀  🤖 　   🔣🔣🔣     🔣   🔣　🔣    👇   🔣🔣 👇   　  🔣　🔣 　   🔣　 🔣 　   👢     👢 Beep boop, I am a robot made out of input symbols!", "likes_count": 0, "replies_count": 0, "retweets_count": 0, "hashtags": []}
{"id": 1241149829746692098, "date": "2020-03-20", "time": "19:49:13", "tweet": "@WhiteHouse Exactly.  Avoid any input from @realdonaldtrump.  He's a compulsive liar.", "likes_count": 0, "replies_count": 0, "retweets_count": 0, "hashtags": []}
{"id": 1241152528315629569, "date": "2020-03-20", "time": "19:59:56", "tweet": "Instead, Loeffler said, those decisions involving nearly 30 trades were made by third-party investment advisors without any input by herself or her husband, Jeff Sprecher, CEO of both the NYSE and IT'S HOLDING COMPANY, INTERCONTINENTAL EXCHANGE.", "likes_count": 0, "replies_count": 0, "retweets_count": 0, "hashtags": []}
{"id": 1241152459679993856, "date": "2020-03-20", "time": "19:59:40", "tweet": "@washingtonpost I saw it — I would NOT have described it as you did.  Can you get off bashing our President?  Useful input welcome", "likes_count": 0, "replies_count": 0, "retweets_count": 0, "hashtags": []}
{"id": 1241152435118395392, "date": "2020-03-20", "time": "19:59:34", "tweet": "@CollinsforGA I believe she stated that her portfolio is managed independently without her input. This is as it should be.", "likes_count": 0, "replies_count": 0, "retweets_count": 0, "hashtags": []}
{"id": 1241152334475849729, "date": "2020-03-20", "time": "19:59:10", "tweet": "@LeonByner5AA Perhaps you and your media mates should stop nitpicking and only make positive input", "likes_count": 0, "replies_count": 0, "retweets_count": 0, "hashtags": []}
{"id": 1241152287680102402, "date": "2020-03-20", "time": "19:58:59", "tweet": "@PolitiKurd @Twitter p.s. Don't explicitly input a search for YOUR name or tweets on the fresh account. Just act as if u don't know anything about Roz al Ghul, to see if Twitter shows you (a generic twitterer). If you search explicitly, then they'll know u're already someone tracking Roz tweets.", "likes_count": 0, "replies_count": 0, "retweets_count": 0, "hashtags": []}
{"id": 1241152109732671488, "date": "2020-03-20", "time": "19:58:17", "tweet": "EazyDraw 1.1.1 for iOS and iPadOS now available in App Store.  Major additions for text input. Added support for external keyboards, Apple world keyboards. Or use the scalable EazyDraw text keyboard for full support of attributed unicode and emoji text editing.", "likes_count": 0, "replies_count": 0, "retweets_count": 0, "hashtags": []}
{"id": 1241152035174715396, "date": "2020-03-20", "time": "19:57:59", "tweet": "@TheEllenShow help Caleb get some input from these NBA guys!  @Bam1of1 why did they leave you off of this list?", "likes_count": 0, "replies_count": 0, "retweets_count": 0, "hashtags": []}
{"id": 1241151933038997504, "date": "2020-03-20", "time": "19:57:34", "tweet": "@Cuba_Libre_Jr @YouTube @netflix Algorithms are all fun and games until you can not give them correct input thus making them be wrong in their guesswork. Also @YouTube, please stop recommending videos I JUST watched. Thank you! (Nobody will ever read this)", "likes_count": 0, "replies_count": 0, "retweets_count": 0, "hashtags": []}
{"id": 1241151800914464769, "date": "2020-03-20", "time": "19:57:03", "tweet": "@Philippa_Perry Love this advice 🙌🏻 I’m also getting my 8yo daughter to have input in our daily/weekly (flexible) plan so it’s more collaborative. We’ve brainstormed ideas and I love her enthusiasm!", "likes_count": 2, "replies_count": 0, "retweets_count": 0, "hashtags": []}
{"id": 1241151626754158592, "date": "2020-03-20", "time": "19:56:21", "tweet": "@khalid_akh @Dennysiregar7 @aniesbaswedan Berani apanya..? berani ngomong doang..anak TK ama playgroup bisa tong.., berani berbuat baik dan tdk mencla mencle..dlm kebijakan itu baru ok..anggaran bengkak..nanti bilang salah ketik..input data...hadeuh..sampai..berkali2 mencla..menclenya tu mulut lama2 berbusa ky orang ayan", "likes_count": 0, "replies_count": 1, "retweets_count": 0, "hashtags": []}
{"id": 1241151616125976582, "date": "2020-03-20", "time": "19:56:19", "tweet": "@SenFeinstein Yeah, ok sure. Of course you have input. This statement alone suggests your trying to cover for yourself and therefore guilty of the implications. Also it doesn't matter if you were present or not, you were still privy to the information.", "likes_count": 0, "replies_count": 0, "retweets_count": 0, "hashtags": []}
{"id": 1241151435670159362, "date": "2020-03-20", "time": "19:55:36", "tweet": "@Lifematters11 @AnandWrites Thanks for your input, bot.  Now go collect your rubles from daddy Putin.", "likes_count": 0, "replies_count": 0, "retweets_count": 0, "hashtags": []}
{"id": 1241151269508546561, "date": "2020-03-20", "time": "19:54:56", "tweet": "@million_input 早速アイコンにしててよき", "likes_count": 1, "replies_count": 0, "retweets_count": 0, "hashtags": []}
{"id": 1241151235798917120, "date": "2020-03-20", "time": "19:54:48", "tweet": "@Kikis_8 @gsmVoiD Like the game wont let you input a fast fall if you do it while rising.", "likes_count": 0, "replies_count": 0, "retweets_count": 0, "hashtags": []}
{"id": 1241151151522959361, "date": "2020-03-20", "time": "19:54:28", "tweet": "@musgrove74 @247Lush @sebastianbach Thank y'all for your insignificant input... impressive....", "likes_count": 0, "replies_count": 0, "retweets_count": 0, "hashtags": []}
{"id": 1241151149169917953, "date": "2020-03-20", "time": "19:54:28", "tweet": "@G38102153 @Rainbow_Golden @KyleLovesBernie Thanks for the input, #garbageingarbageout", "likes_count": 0, "replies_count": 1, "retweets_count": 0, "hashtags": ["garbageingarbageout"]}
{"id": 1241151129481891841, "date": "2020-03-20", "time": "19:54:23", "tweet": "@irishpoint @FineGael @MaryLouMcDonald I am not casting any aspersions on @MaryLouMcDonald, there may be a reason why, but she has disappeared entirely once a real issue affecting all citizens arose. I do not support FG in any way but at least they’ve had input, with the support of all parties including SF.", "likes_count": 1, "replies_count": 1, "retweets_count": 0, "hashtags": []}
{"id": 1241150825940094977, "date": "2020-03-20", "time": "19:53:11", "tweet": "A little tip if you're going to give this one a go, switch to mouse + keyboard input. Feels a lot more intuitive compared to the keyboard only setup.", "likes_count": 0, "replies_count": 0, "retweets_count": 0, "hashtags": []}
{"id": 1241150770549903360, "date": "2020-03-20", "time": "19:52:57", "tweet": "@menu_eco_input  https://t.co/xqVSvDZYRt", "likes_count": 0, "replies_count": 0, "retweets_count": 0, "hashtags": []}
{"id": 1241150708533145600, "date": "2020-03-20", "time": "19:52:43", "tweet": "I’m hoping for input and guidance on distance learning for students with disabilities.  Truthfully, I am having difficulty processing the fact that we will be away from our kiddos for more than a month.   How can I reach my kids effectively? (A thread)", "likes_count": 8, "replies_count": 2, "retweets_count": 0, "hashtags": []}
{"id": 1241150703147646979, "date": "2020-03-20", "time": "19:52:41", "tweet": "@BernieSanders @andrecymone @NahkoBear @FlyingWithSara @SaruJayaraman I am a lot more interested in what senators that will have some input have to say", "likes_count": 1, "replies_count": 0, "retweets_count": 0, "hashtags": []}
{"id": 1241150587359629312, "date": "2020-03-20", "time": "19:52:14", "tweet": "@ccornelius81 @KingJames @Giannis_An34 @kawhileonard @JHarden13 @KDTrey5 @AntDavis23 @StephenCurry30 @KyrieIrving @Dame_Lillard @JoelEmbiid @TheEllenShow help Caleb get some input from these NBA guys!", "likes_count": 0, "replies_count": 0, "retweets_count": 0, "hashtags": []}
{"id": 1241150583245017088, "date": "2020-03-20", "time": "19:52:13", "tweet": "@MinServicehund @twhjerne Tusinde tak. Med jeres input er der i hvert fald større chance for det🌻", "likes_count": 1, "replies_count": 0, "retweets_count": 0, "hashtags": []}
{"id": 1241150578346115072, "date": "2020-03-20", "time": "19:52:11", "tweet": "@ZeroCat15 I tried both grounded gate and common source. I find common source with high input impedance (10M ohms gate to ground) + light capacitive input coupling (100 pF) is the best combination. The JFET is 2SK3557.  cc @jushin_Perseus", "likes_count": 3, "replies_count": 1, "retweets_count": 0, "hashtags": []}
{"id": 1241150571912081409, "date": "2020-03-20", "time": "19:52:10", "tweet": "obrigada pelo input vou escutar tudo com seu devido carinho e atenção 🥺", "likes_count": 0, "replies_count": 0, "retweets_count": 0, "hashtags": []}
{"id": 1241150526357553152, "date": "2020-03-20", "time": "19:51:59", "tweet": "@ikebarinholtz NICE!  @craigzobel did he give any input on his characters....lol...um...”journey” #TheHuntMovieAtHome", "likes_count": 3, "replies_count": 0, "retweets_count": 0, "hashtags": ["thehuntmovieathome"]}
{"id": 1241150522662563846, "date": "2020-03-20", "time": "19:51:58", "tweet": "@KLoeffler Who's youre adviser group then? Do they have full discretion on your accounts? Do you have any input on risk, objectives, or positions? Youre explanation provides no real detail. Ive worked in financial svcs for most of my life, I doubt youve given full discretion on millions.", "likes_count": 0, "replies_count": 0, "retweets_count": 0, "hashtags": []}
{"id": 1241150393834299392, "date": "2020-03-20", "time": "19:51:28", "tweet": "@Citizen004 @LloydMaybaum @RachelNotley @MedicineHatNews @CBCCalgary @abndpcaucus @globeandmail @picardonhealth @charlesadler @DonBraid @jkenney @UCPCaucus @charlesrusnell @CBCEyeopener @AlbertaatNoon the other issue is that Shandro appears to have acted unilaterally; ie developing and launching this new tool without input from the AMA or doctors.  but \"partners\", amirite? i shake my head", "likes_count": 2, "replies_count": 0, "retweets_count": 0, "hashtags": []}
{"id": 1241150309847662593, "date": "2020-03-20", "time": "19:51:07", "tweet": "@CBarnsAAN Relieved students will be treated like people, not just stats. Now schools are closed, vital teaching expertise is being missed in the crucial 3 months between mocks &amp; real exams. Teacher input, non assessed work, mocks &amp; other stats combined, is probably the fairest way. 🤞", "likes_count": 1, "replies_count": 0, "retweets_count": 0, "hashtags": []}
{"id": 1241150284077858823, "date": "2020-03-20", "time": "19:51:01", "tweet": "@timur_audio I don't often start with unit tests but where I think this works best is when what you are making is clearly a pure function where you know exactly what you want in terms of input and output and you can easily test for the validity of the output against the input.", "likes_count": 0, "replies_count": 1, "retweets_count": 0, "hashtags": []}
{"id": 1241150199667425280, "date": "2020-03-20", "time": "19:50:41", "tweet": "@DermotMCole @nytimes @SenDanSullivan @lisamurkowski Senator Dan Sullivan is a Trump enabler and nothing else.  I've written to Sullivan many times and he ignores any public input.  He'll do whatever Trump tells him to do.    Here is an example from last October:   https://t.co/C57CUYpjwK", "likes_count": 0, "replies_count": 0, "retweets_count": 0, "hashtags": []}
{"id": 1241150088568856576, "date": "2020-03-20", "time": "19:50:15", "tweet": "@markdwelsh @ExtratimeNews @GalwayUnitedFC @shelsfc Hi Mark, thanks for getting in touch. Adding historic match data takes a lot of time to find, sort and input. We're still on 84/85 at the moment. We'll get there, though... stay tuned!", "likes_count": 0, "replies_count": 1, "retweets_count": 0, "hashtags": []}
{"id": 1241150062350262272, "date": "2020-03-20", "time": "19:50:08", "tweet": "@piersmorgan @piersmorgan you are a lowly journalist. Reason you are a journo is because you wasn’t clever enough to be a doctor or medical scientist. So please don’t pretend to be one and stop venting bollocks. I follow you for your comical value not your intelligent input so pipe down son", "likes_count": 1, "replies_count": 0, "retweets_count": 0, "hashtags": []}
{"id": 1241149970692046848, "date": "2020-03-20", "time": "19:49:47", "tweet": "#teachmindful Good reminder about the show-and-tell. Teaching a foreign language really lends itself to that because there are so many questions you can ask about the object to increase input and push for spontaneous and also practiced/rehearsed output.", "likes_count": 1, "replies_count": 0, "retweets_count": 0, "hashtags": ["teachmindful"]}
{"id": 1241149954330169346, "date": "2020-03-20", "time": "19:49:43", "tweet": "I have an idea for tonight's stream but I'd like some input. Which are your favorite dungeon monsters?", "likes_count": 17, "replies_count": 19, "retweets_count": 2, "hashtags": []}
{"id": 1241149940782358528, "date": "2020-03-20", "time": "19:49:39", "tweet": "@ProudResister  https://t.co/f7l36GzDvr @thenation #AlternativestoCapitalism  Personal input: Right now we have military-industrial-congressional complex kleptocracy that does not serve regular person, and environmentally/ecologically hazardous, economically ruinous exploitative globalized scam.", "likes_count": 0, "replies_count": 0, "retweets_count": 1, "hashtags": ["alternativestocapitalism"]}
{"id": 1241149903767629824, "date": "2020-03-20", "time": "19:49:31", "tweet": "@sugarguitar2 @menu_eco_input ラージャンみたいな身体に憧れてるババコンガが昼から部屋建てるよ！  コレーさんもぜひ来てね‼︎  https://t.co/fyOI7I6K5V", "likes_count": 1, "replies_count": 0, "retweets_count": 0, "hashtags": []}
{"id": 1241149901477724160, "date": "2020-03-20", "time": "19:49:30", "tweet": "New video is out! Link to channel in bio! We yank out the 4T65E to do some work on it before we proceed with the 3800 Series II top swap. We’ll be putting in a @zzperformance 4340 input shaft and a 7/8” single chain…  https://t.co/T0E1PIZttd", "likes_count": 0, "replies_count": 0, "retweets_count": 0, "hashtags": []}
{"id": 1241149855470321665, "date": "2020-03-20", "time": "19:49:19", "tweet": "⠀ ⠀ ⠀  🤖 　   🔣🔣🔣     🔣   🔣　🔣    👇   🔣🔣 👇   　  🔣　🔣 　   🔣　 🔣 　   👢     👢 Beep boop, I am a robot made out of input symbols!", "likes_count": 0, "replies_count": 0, "retweets_count": 0, "hashtags": []}
{"id": 1241149829746692098, "date": "2020-03-20", "time": "19:49:13", "tweet": "@WhiteHouse Exactly.  Avoid any input from @realdonaldtrump.  He's a compulsive liar.", "likes_count": 0, "replies_count": 0, "retweets_count": 0, "hashtags": []}
