{"id": 1304207952367230977, "date": "2020-09-10", "time": "19:59:41", "tweet": "@demonbriinger @spaceyjaycey @starcallinq NOT INTERRUPTING I PROMISE!!! your input is massively appreciated, its super hard figuring out how to help with things like this without having ideas on how to approach it - wed ultimately scrapped the idea of another lounge bc it ended up seeing no use in tess, but", "likes_count": 3, "replies_count": 1, "retweets_count": 0, "hashtags": []}
{"id": 1304207928933724161, "date": "2020-09-10", "time": "19:59:35", "tweet": "@MikeStankiewic_ @josh_wingrove He couldn’t stand it that he had no input on Woodward’s first book so he had to get in on this one.", "likes_count": 0, "replies_count": 0, "retweets_count": 0, "hashtags": []}
{"id": 1304207869479235584, "date": "2020-09-10", "time": "19:59:21", "tweet": "@defundtheabc @WebbLily Ahhh you accept the poll of liberal voters in safe seats that news poll conducted. Thank you impartial citizen for your input.", "likes_count": 5, "replies_count": 0, "retweets_count": 0, "hashtags": []}
{"id": 1304207815494467584, "date": "2020-09-10", "time": "19:59:08", "tweet": "PLEASE GEORGE CANNOT THINK FOR HIMSELF-  “i’ll put my input after dream says it 😁” SIR PLEASE THIS IS UR SHOW NOT-", "likes_count": 2, "replies_count": 0, "retweets_count": 0, "hashtags": []}
{"id": 1304207801162424320, "date": "2020-09-10", "time": "19:59:05", "tweet": "僕も良く使う。4Kの撮影素材の確認とかもResolveが一番早い。謎の速さ。爆速", "likes_count": 50, "replies_count": 1, "retweets_count": 16, "hashtags": []}
{"id": 1304207742563999744, "date": "2020-09-10", "time": "19:58:51", "tweet": "Seriously considering recording something as a speaker for AmiWest 2020.  Interested in maybe making videos for AmigaDOS and Directory Opus 4. Stumbling over myself for ideas on what and how to present, but thinking the DirOpus lesson might have more bite than DOS. Any input?", "likes_count": 10, "replies_count": 3, "retweets_count": 0, "hashtags": []}
{"id": 1304207740953214976, "date": "2020-09-10", "time": "19:58:51", "tweet": "“i’ll put in some input after dream speaks” GEORGE MAKE UR OWN DECISIONS I STG /lh #loveorhost", "likes_count": 1, "replies_count": 0, "retweets_count": 0, "hashtags": ["loveorhost"]}
{"id": 1304207647760101376, "date": "2020-09-10", "time": "19:58:28", "tweet": "@devjpow I use a Google doc with the link in the chat. I create a table for students to put there names in it (you could input names beforehand). Not all of my students have computer access and Docs is mobile friendly.", "likes_count": 1, "replies_count": 0, "retweets_count": 0, "hashtags": []}
{"id": 1304207607704494080, "date": "2020-09-10", "time": "19:58:19", "tweet": "On the car ride home I hopped on a call with the Westover School community. Hearing their input about important issues and their commitment to exposing students to the democratic process was a breath of fresh air. Thank you for the work you do to empower young women.  https://t.co/35t7opQd07", "likes_count": 16, "replies_count": 0, "retweets_count": 1, "hashtags": []}
{"id": 1304207443292024833, "date": "2020-09-10", "time": "19:57:40", "tweet": "@ActuallyImGood @MattZeitlin The Butlerian shit is actually aging pretty well in the age of social media, but the question of how they'd input all of this shit without a computer interface is definitely given a pre-microchip answer.", "likes_count": 4, "replies_count": 0, "retweets_count": 0, "hashtags": []}
{"id": 1304207399973134337, "date": "2020-09-10", "time": "19:57:29", "tweet": "@aardrian @mmatuzo wow! Thanks for this link, it answers so many questions I had. Still confused with part 1: \"Use &lt;input type=\"checkbox\"&gt; [...], flipping the toggle will only take effect when the user submits it\" since the selection for \"toggle switches\" is supposed to take effect immediately, no?", "likes_count": 0, "replies_count": 1, "retweets_count": 0, "hashtags": []}
{"id": 1304207386308161539, "date": "2020-09-10", "time": "19:57:26", "tweet": "@Maria_Mouskos 85 % of the talks about DRAKE were wrong. I became a fan of the @JoeBuddenPod because of their input on other subjects. I don’t know why they were so wrong when it came to DRAKE. Maybe it was hate or waiting for a falloff", "likes_count": 3, "replies_count": 0, "retweets_count": 0, "hashtags": []}
{"id": 1304207310584188931, "date": "2020-09-10", "time": "19:57:08", "tweet": "@shelbywebb What does George Floyd have to do with Robert E Lee High School. You don’t know anything about the school or the town, and your input is weak.", "likes_count": 1, "replies_count": 0, "retweets_count": 0, "hashtags": []}
{"id": 1304207157487755264, "date": "2020-09-10", "time": "19:56:31", "tweet": "@ARTsak ゲームエンジン側から各ツールのプラグイン提供は簡単じゃないんですかね？彼らの技術力があれば出来そうな気もするんですけど。実はバックグランドで新しい３DCGツール作ってるとか？Blenderを組み込む予定とか？笑", "likes_count": 0, "replies_count": 0, "retweets_count": 0, "hashtags": []}
{"id": 1304207136172527617, "date": "2020-09-10", "time": "19:56:26", "tweet": "day 115. got some help to understand how to iterate through the input strings. next to put all this together. string_loops4.py   https://t.co/iGr31DsjvG @CareerDevs  #CodePushRI #SiliconRhode #365DaysOfCode #100DaysOfCode  #LearnnigPython #WomenWhoCode", "likes_count": 5, "replies_count": 0, "retweets_count": 10, "hashtags": ["codepushri", "siliconrhode", "365daysofcode", "100daysofcode", "learnnigpython", "womenwhocode"]}
{"id": 1304207084783833090, "date": "2020-09-10", "time": "19:56:14", "tweet": "@CharitieHartsig I would simply reply with “thanks for your input. Happily getting laid on a daily basis. Sorry your not. Sorry to see your maturity is still like you were back in grade school.", "likes_count": 2, "replies_count": 0, "retweets_count": 0, "hashtags": []}
{"id": 1304207063694807041, "date": "2020-09-10", "time": "19:56:09", "tweet": "@RobbieNicol So clearly beneficiary’s can’t have any input into a discussion around the benefit? Or the poor no input into discussions around poverty🤷‍♂️", "likes_count": 1, "replies_count": 1, "retweets_count": 0, "hashtags": []}
{"id": 1304207006149029891, "date": "2020-09-10", "time": "19:55:55", "tweet": "Community input on new development should be limited to selecting elected officials who appoint bureaucrats.   No public hearings ever.", "likes_count": 29, "replies_count": 2, "retweets_count": 6, "hashtags": []}
{"id": 1304206856890458114, "date": "2020-09-10", "time": "19:55:20", "tweet": "@kthprints Yeah that’s irritating I don’t believe that I can input my opinion in subject if it doesn’t hit in a deep level because I can understand I just won’t be able to fully feel and understand the situation", "likes_count": 0, "replies_count": 0, "retweets_count": 0, "hashtags": []}
{"id": 1304206835789041664, "date": "2020-09-10", "time": "19:55:15", "tweet": "@NikkiHaley As usual Nimrata, thanks so much for your input.  https://t.co/XbCLpI1bSx", "likes_count": 2, "replies_count": 0, "retweets_count": 0, "hashtags": []}
