{"id": 1220858776166653953, "date": "2020-01-24", "time": "18:59:49", "tweet": "@BIameDisney Um, you’re swearing lol. And this is why you shouldn’t be on twitter. Personal insults is the extent of your intelligence and input. I’m in Australia, btw. Not a democratic. But lol.", "likes_count": 0, "replies_count": 0, "retweets_count": 0, "hashtags": []}
{"id": 1220858743338029056, "date": "2020-01-24", "time": "18:59:41", "tweet": "I have a poll running in my alternate account, I'd be grateful if you gave your input.  Being +18 is still a requisite.", "likes_count": 0, "replies_count": 0, "retweets_count": 0, "hashtags": []}
{"id": 1220858654070657024, "date": "2020-01-24", "time": "18:59:20", "tweet": "@wormsrock Thanks.  Any input on Murray's cheeses?", "likes_count": 0, "replies_count": 1, "retweets_count": 0, "hashtags": []}
{"id": 1220858603902578690, "date": "2020-01-24", "time": "18:59:08", "tweet": "Thanks for everyone’s input. Here are some backgrounds I have handy before I make a final decision. Light makes background color completely different. Which one is your choice? #papercrafts #paperflowers #rose…  https://t.co/VDF0UNZqj8", "likes_count": 0, "replies_count": 0, "retweets_count": 0, "hashtags": ["papercrafts", "paperflowers", "rose"]}
{"id": 1220858265384505344, "date": "2020-01-24", "time": "18:57:47", "tweet": "@MIKECOLLINS99 Why do I get the feeling the far-Right Gater demographic had some input into this^^", "likes_count": 1, "replies_count": 0, "retweets_count": 0, "hashtags": []}
{"id": 1220858227400663040, "date": "2020-01-24", "time": "18:57:38", "tweet": "@GOP @DonaldJTrumpJr  https://t.co/n2Ur7cjJLY to.see more american support input  from.across the border .including american currency and  https://t.co/6CJyhSfmIO case of foreign takeovers economically and strategic  I dont like to see a repeat story of holland during ww2 pls protect our resources", "likes_count": 0, "replies_count": 0, "retweets_count": 0, "hashtags": []}
{"id": 1220857935883976704, "date": "2020-01-24", "time": "18:56:29", "tweet": "Thank you all for your input on my bagel this morning. I didn’t microwave it because it was still warm from when I toasted it at the dinning hall. It survived the trip from 63s to berg. It was delicious (for a Connecticut bagel). Thank you all for your support.", "likes_count": 1, "replies_count": 0, "retweets_count": 0, "hashtags": []}
{"id": 1220857925293543425, "date": "2020-01-24", "time": "18:56:26", "tweet": "Fifa 20 is so broken, promos and SBCs will not save you @EASPORTSFIFA , you’ve made Fifa a card game‼️  You are the best company when it comes to:  - shit servers✅ - input delay✅  #FIFA20 #FUTChampions", "likes_count": 4, "replies_count": 0, "retweets_count": 1, "hashtags": ["fifa20", "futchampions"]}
{"id": 1220857917735202816, "date": "2020-01-24", "time": "18:56:24", "tweet": "@wechcpc_ed @GordonNHouse @CityofVancouver Thank you for coming today. Your input was appreciated! Please stay in touch.", "likes_count": 2, "replies_count": 0, "retweets_count": 0, "hashtags": []}
{"id": 1220857885292449793, "date": "2020-01-24", "time": "18:56:16", "tweet": "@KatiePavlich Love your input on The Five. I am glad that Juan is on the show, it shows the American Public exactly how warped the Democrats really are. His arguments are laughable. Keep up the tremendous great commentary you do. 👏🇺🇸", "likes_count": 0, "replies_count": 0, "retweets_count": 0, "hashtags": []}
{"id": 1220857841180925959, "date": "2020-01-24", "time": "18:56:06", "tweet": "@BradSollberger Appreciate your input Brad.....I love hearing all the different perspectives on here. Once everything is kept civil!", "likes_count": 0, "replies_count": 0, "retweets_count": 0, "hashtags": []}
{"id": 1220857674226634752, "date": "2020-01-24", "time": "18:55:26", "tweet": "@RedIsDead @AmyDentata Well, I'm sure that with the input of people like Stephen Miller and his ilk, they'll have an agent provacateur branch of Space Force (like Starfleet's Section 31) before they've commissioned their first operational spacecraft.", "likes_count": 0, "replies_count": 0, "retweets_count": 0, "hashtags": []}
{"id": 1220857626373894144, "date": "2020-01-24", "time": "18:55:15", "tweet": "@TomHague88 @olicav @bennewmark @stmartin1963 Top work Tom. You and the team have selected and sequenced some distinguished expert input. #bigthings", "likes_count": 1, "replies_count": 0, "retweets_count": 0, "hashtags": ["bigthings"]}
{"id": 1220857562771468289, "date": "2020-01-24", "time": "18:55:00", "tweet": "@sigmanuggets @DrDM17 I was looking for both takes, so thank you for your input! 😊", "likes_count": 2, "replies_count": 0, "retweets_count": 0, "hashtags": []}
{"id": 1220857477337616384, "date": "2020-01-24", "time": "18:54:39", "tweet": "@d_d_jones @VickerySec @MobileVoting @autoblography Retired or not, your knowledge &amp; input is so needed! :) thank you for speaking up! We need to keep talking &amp; control the narrative. Mobile voting is not a viable option for elections.", "likes_count": 2, "replies_count": 0, "retweets_count": 0, "hashtags": []}
{"id": 1220857470140276744, "date": "2020-01-24", "time": "18:54:37", "tweet": "@jillidrummond .@Columbia is a great place to do it! Please stop by to the conference -- would love to have your input", "likes_count": 1, "replies_count": 1, "retweets_count": 0, "hashtags": []}
{"id": 1220857449781112833, "date": "2020-01-24", "time": "18:54:33", "tweet": "As the district works to create next year's budget, it's asking for input on the use of funds.  https://t.co/HfagMQ1svi", "likes_count": 0, "replies_count": 0, "retweets_count": 0, "hashtags": []}
{"id": 1220857445498540032, "date": "2020-01-24", "time": "18:54:32", "tweet": "Last call for Lone Rock School voter input  https://t.co/ZGVfJkewvR", "likes_count": 0, "replies_count": 0, "retweets_count": 0, "hashtags": []}
{"id": 1220857208541499392, "date": "2020-01-24", "time": "18:53:35", "tweet": "New profile picture alert. Thanks for your input. Now to fall asleep with @flippinkath and #tlna in my ears...", "likes_count": 4, "replies_count": 1, "retweets_count": 0, "hashtags": ["tlna"]}
{"id": 1220857128451219463, "date": "2020-01-24", "time": "18:53:16", "tweet": "Local officials have repeatedly ignored input from Austin residents and law enforcement on the homelessness issue. The increased incidences of violence highlight our need for real solutions to this crisis, not rhetoric and pandering to an agenda.  https://t.co/qd8meALLsa", "likes_count": 43, "replies_count": 2, "retweets_count": 6, "hashtags": []}
{"id": 1220858776166653953, "date": "2020-01-24", "time": "18:59:49", "tweet": "@BIameDisney Um, you’re swearing lol. And this is why you shouldn’t be on twitter. Personal insults is the extent of your intelligence and input. I’m in Australia, btw. Not a democratic. But lol.", "likes_count": 0, "replies_count": 0, "retweets_count": 0, "hashtags": []}
{"id": 1220858743338029056, "date": "2020-01-24", "time": "18:59:41", "tweet": "I have a poll running in my alternate account, I'd be grateful if you gave your input.  Being +18 is still a requisite.", "likes_count": 0, "replies_count": 0, "retweets_count": 0, "hashtags": []}
{"id": 1220858654070657024, "date": "2020-01-24", "time": "18:59:20", "tweet": "@wormsrock Thanks.  Any input on Murray's cheeses?", "likes_count": 0, "replies_count": 1, "retweets_count": 0, "hashtags": []}
{"id": 1220858603902578690, "date": "2020-01-24", "time": "18:59:08", "tweet": "Thanks for everyone’s input. Here are some backgrounds I have handy before I make a final decision. Light makes background color completely different. Which one is your choice? #papercrafts #paperflowers #rose…  https://t.co/VDF0UNZqj8", "likes_count": 0, "replies_count": 0, "retweets_count": 0, "hashtags": ["papercrafts", "paperflowers", "rose"]}
{"id": 1220858265384505344, "date": "2020-01-24", "time": "18:57:47", "tweet": "@MIKECOLLINS99 Why do I get the feeling the far-Right Gater demographic had some input into this^^", "likes_count": 1, "replies_count": 0, "retweets_count": 0, "hashtags": []}
{"id": 1220858227400663040, "date": "2020-01-24", "time": "18:57:38", "tweet": "@GOP @DonaldJTrumpJr  https://t.co/n2Ur7cjJLY to.see more american support input  from.across the border .including american currency and  https://t.co/6CJyhSfmIO case of foreign takeovers economically and strategic  I dont like to see a repeat story of holland during ww2 pls protect our resources", "likes_count": 0, "replies_count": 0, "retweets_count": 0, "hashtags": []}
{"id": 1220857935883976704, "date": "2020-01-24", "time": "18:56:29", "tweet": "Thank you all for your input on my bagel this morning. I didn’t microwave it because it was still warm from when I toasted it at the dinning hall. It survived the trip from 63s to berg. It was delicious (for a Connecticut bagel). Thank you all for your support.", "likes_count": 1, "replies_count": 0, "retweets_count": 0, "hashtags": []}
{"id": 1220857925293543425, "date": "2020-01-24", "time": "18:56:26", "tweet": "Fifa 20 is so broken, promos and SBCs will not save you @EASPORTSFIFA , you’ve made Fifa a card game‼️  You are the best company when it comes to:  - shit servers✅ - input delay✅  #FIFA20 #FUTChampions", "likes_count": 4, "replies_count": 0, "retweets_count": 1, "hashtags": ["fifa20", "futchampions"]}
{"id": 1220857917735202816, "date": "2020-01-24", "time": "18:56:24", "tweet": "@wechcpc_ed @GordonNHouse @CityofVancouver Thank you for coming today. Your input was appreciated! Please stay in touch.", "likes_count": 2, "replies_count": 0, "retweets_count": 0, "hashtags": []}
{"id": 1220857885292449793, "date": "2020-01-24", "time": "18:56:16", "tweet": "@KatiePavlich Love your input on The Five. I am glad that Juan is on the show, it shows the American Public exactly how warped the Democrats really are. His arguments are laughable. Keep up the tremendous great commentary you do. 👏🇺🇸", "likes_count": 0, "replies_count": 0, "retweets_count": 0, "hashtags": []}
{"id": 1220857841180925959, "date": "2020-01-24", "time": "18:56:06", "tweet": "@BradSollberger Appreciate your input Brad.....I love hearing all the different perspectives on here. Once everything is kept civil!", "likes_count": 0, "replies_count": 0, "retweets_count": 0, "hashtags": []}
{"id": 1220857674226634752, "date": "2020-01-24", "time": "18:55:26", "tweet": "@RedIsDead @AmyDentata Well, I'm sure that with the input of people like Stephen Miller and his ilk, they'll have an agent provacateur branch of Space Force (like Starfleet's Section 31) before they've commissioned their first operational spacecraft.", "likes_count": 0, "replies_count": 0, "retweets_count": 0, "hashtags": []}
{"id": 1220857626373894144, "date": "2020-01-24", "time": "18:55:15", "tweet": "@TomHague88 @olicav @bennewmark @stmartin1963 Top work Tom. You and the team have selected and sequenced some distinguished expert input. #bigthings", "likes_count": 1, "replies_count": 0, "retweets_count": 0, "hashtags": ["bigthings"]}
{"id": 1220857562771468289, "date": "2020-01-24", "time": "18:55:00", "tweet": "@sigmanuggets @DrDM17 I was looking for both takes, so thank you for your input! 😊", "likes_count": 2, "replies_count": 0, "retweets_count": 0, "hashtags": []}
{"id": 1220857477337616384, "date": "2020-01-24", "time": "18:54:39", "tweet": "@d_d_jones @VickerySec @MobileVoting @autoblography Retired or not, your knowledge &amp; input is so needed! :) thank you for speaking up! We need to keep talking &amp; control the narrative. Mobile voting is not a viable option for elections.", "likes_count": 2, "replies_count": 0, "retweets_count": 0, "hashtags": []}
{"id": 1220857470140276744, "date": "2020-01-24", "time": "18:54:37", "tweet": "@jillidrummond .@Columbia is a great place to do it! Please stop by to the conference -- would love to have your input", "likes_count": 1, "replies_count": 1, "retweets_count": 0, "hashtags": []}
{"id": 1220857449781112833, "date": "2020-01-24", "time": "18:54:33", "tweet": "As the district works to create next year's budget, it's asking for input on the use of funds.  https://t.co/HfagMQ1svi", "likes_count": 0, "replies_count": 0, "retweets_count": 0, "hashtags": []}
{"id": 1220857445498540032, "date": "2020-01-24", "time": "18:54:32", "tweet": "Last call for Lone Rock School voter input  https://t.co/ZGVfJkewvR", "likes_count": 0, "replies_count": 0, "retweets_count": 0, "hashtags": []}
{"id": 1220857208541499392, "date": "2020-01-24", "time": "18:53:35", "tweet": "New profile picture alert. Thanks for your input. Now to fall asleep with @flippinkath and #tlna in my ears...", "likes_count": 4, "replies_count": 1, "retweets_count": 0, "hashtags": ["tlna"]}
{"id": 1220857128451219463, "date": "2020-01-24", "time": "18:53:16", "tweet": "Local officials have repeatedly ignored input from Austin residents and law enforcement on the homelessness issue. The increased incidences of violence highlight our need for real solutions to this crisis, not rhetoric and pandering to an agenda.  https://t.co/qd8meALLsa", "likes_count": 43, "replies_count": 2, "retweets_count": 6, "hashtags": []}
{"id": 1220857125523611648, "date": "2020-01-24", "time": "18:53:15", "tweet": "So much uncertainty ... decision being made that are so crucial, yet I no means of input/influence ... so much potential change ... as an autistic person, it currently all feels almost unbearable.", "likes_count": 0, "replies_count": 1, "retweets_count": 0, "hashtags": []}
{"id": 1220856954668474369, "date": "2020-01-24", "time": "18:52:35", "tweet": "@niknikkums You can't make a piece of string longer by cutting one end off and tying it to the other.  Ultimately these questions should be about output, and not input.", "likes_count": 4, "replies_count": 0, "retweets_count": 0, "hashtags": []}
{"id": 1220856922485809152, "date": "2020-01-24", "time": "18:52:27", "tweet": "@MikesBlind @LucilleBurdge @MutWEEI If I don't 🐢 then I won't have anything nice to say or a reason to follow. Pretty sure im muted by now anyways. Thanks for your input though!", "likes_count": 0, "replies_count": 2, "retweets_count": 0, "hashtags": []}
{"id": 1220856808417431553, "date": "2020-01-24", "time": "18:52:00", "tweet": "taking a walk without listening to music as a physical release of emotions &gt;", "likes_count": 4, "replies_count": 0, "retweets_count": 0, "hashtags": []}
{"id": 1220856686568558592, "date": "2020-01-24", "time": "18:51:31", "tweet": "@mweagle @lyft Happy to write y’all a brand new network architecture from scratch to find your director.... real simple. One input layer hard coded to: ‘eli grady’ with output layers ‘yes’ and ‘you’re hired’ (:", "likes_count": 0, "replies_count": 0, "retweets_count": 0, "hashtags": []}
{"id": 1220856681271365632, "date": "2020-01-24", "time": "18:51:29", "tweet": "@lewis_stockwell You can’t teach geography without history 😌 and vice versa... my little bit of input here. Boom 😍🙏🏼", "likes_count": 1, "replies_count": 0, "retweets_count": 0, "hashtags": []}
{"id": 1220856583992807424, "date": "2020-01-24", "time": "18:51:06", "tweet": "literally No Creative Input. just a three second video of woozi smiling with the @ woozibootyhole on top of it", "likes_count": 1, "replies_count": 1, "retweets_count": 0, "hashtags": []}
{"id": 1220856508591804416, "date": "2020-01-24", "time": "18:50:48", "tweet": "@AdamParkhomenko @realDonaldTrump Yes! I’m sending immediately to my IP attorney husband for input!", "likes_count": 1, "replies_count": 0, "retweets_count": 0, "hashtags": []}
{"id": 1220856288340561920, "date": "2020-01-24", "time": "18:49:56", "tweet": "Day: 23 of #100DaysOfCode  - Used JavaScript to build a basic age calculator. Basically gathering user input data by using prompt() and alert().   After learning the logic behind JS, I'm starting to understand how it works in tandem with HTML/CSS. Some good stuff", "likes_count": 3, "replies_count": 0, "retweets_count": 5, "hashtags": ["100daysofcode"]}
{"id": 1220856043778998272, "date": "2020-01-24", "time": "18:48:57", "tweet": "We are asking CISD stakeholders to provide input on how we can best prioritize the funding of Brave Nation programs and initiatives. Please take a moment to complete this brief stakeholder budget survey:  https://t.co/clsQqCI1vd  https://t.co/Ns6j0vDNgP", "likes_count": 7, "replies_count": 0, "retweets_count": 3, "hashtags": []}
{"id": 1220855776434102273, "date": "2020-01-24", "time": "18:47:54", "tweet": "Please go vote! Your input is vital!!  #JSU #jsu23 #jsu22 #jsu21 #jsu20", "likes_count": 1, "replies_count": 0, "retweets_count": 1, "hashtags": ["jsu", "jsu23", "jsu22", "jsu21", "jsu20"]}
{"id": 1220855701465194502, "date": "2020-01-24", "time": "18:47:36", "tweet": "@DionD1974 @myuwellofficial Thanks for your input!  The Crown pod looks absolutely amazing.  Like the Caliburn on steroids!  LOL!  I love that it has 2 different pod options and that they have adjustable air flow.  I was thinking of trying the Nord 2 until I saw the Crown pod.", "likes_count": 2, "replies_count": 0, "retweets_count": 0, "hashtags": []}
{"id": 1220855589531611143, "date": "2020-01-24", "time": "18:47:09", "tweet": "@Fella32 They don’t want to have to ANSWER to him. I don’t think they would mind to work with him and get his input but they don’t want to answer to a guy that lives 3,000 miles away and doesn’t really know shit about football. Either make him the GM or get rid of his ass lol", "likes_count": 0, "replies_count": 1, "retweets_count": 0, "hashtags": []}
{"id": 1220855177835466752, "date": "2020-01-24", "time": "18:45:31", "tweet": "@Freedom4Red4 @VoiceOfReasonNW @RomascoAnthony @Chlanandria @Bobcat8403 @LadyofFe @GlennFolse14 @BellaBe11395785 @JohnBen30549105 @rpool @HTWells3 @00dagger00 @MikeBatkins @dbeenau @specialistgi @RobyJake @helpmaga2020 @bbusa617 @WickedVfl @nightingalern @permie1 @Snack8671 @Luke4Tech @Lori_J_Drabek @peterpanspad @BunnanaKatana @CPBacon4CO @AmericaIsBack3 @RepLoudermilk @Alyssa_Milano @Maximus_4EVR @AdamSchiff @PrisonPlanet @secretstranger9 @Breaking911 @thecjpearson @Chlanandria  it looks as though you have @Freedom4Red4 &amp; @JohnBen30549105  blocked. Not sure why that happened,But you’re missing great input that way. I ❤️ my Sister Sandra. John isn’t too shabby himself 😂", "likes_count": 2, "replies_count": 2, "retweets_count": 1, "hashtags": []}
{"id": 1220855063482114048, "date": "2020-01-24", "time": "18:45:04", "tweet": "New section added for Scala 2.13 that discourages the use of io.Source in favor of our 'using' method for input and output #scala  https://t.co/Ra7Y3EidLX", "likes_count": 1, "replies_count": 0, "retweets_count": 0, "hashtags": ["scala"]}
{"id": 1220855032301735937, "date": "2020-01-24", "time": "18:44:56", "tweet": "@zarper23 @QueenMegusta @gurdon789 @_ImSkittle_ @captaincatbug7 @30SecFights An opinion isn’t necessarily a fact, more of an individual thought about something. I was stating a fact. As for saying that my input wasn’t called for, this is Twitter. I can say whatever’s on my mind. Don’t like it? you’re free to block me like the first person I replied to.👌", "likes_count": 0, "replies_count": 1, "retweets_count": 0, "hashtags": []}
{"id": 1220855004749336577, "date": "2020-01-24", "time": "18:44:50", "tweet": "Next week I'll be asking my student Ts, \"What makes a good math lesson?\" Any input from my #pln ? I would love to share answers with them/convince them to get on @Twitter , and help make the future of math bright for all Ss!! #mtbos #Read2Lead #iteachmath #bfc530 #edchat #edtech  https://t.co/tnFo1KYyrU", "likes_count": 3, "replies_count": 2, "retweets_count": 2, "hashtags": ["pln", "mtbos", "read2lead", "iteachmath", "bfc530", "edchat", "edtech"]}
{"id": 1220854677656363009, "date": "2020-01-24", "time": "18:43:32", "tweet": "@LeftyMarc @lyft @Uber @LeftyMarc @Uber @lyft The price varies by service provider, time of day and location. Price estimates are provided in the app when you input your destination.", "likes_count": 0, "replies_count": 0, "retweets_count": 0, "hashtags": []}
{"id": 1220854612154048516, "date": "2020-01-24", "time": "18:43:16", "tweet": "@soledadobrien You are AWESOME. I always look forward to your twitter input (and ok, so I'm a terrible dirty old woman and you're also terribly good looking)", "likes_count": 0, "replies_count": 0, "retweets_count": 0, "hashtags": []}
{"id": 1220854605896089601, "date": "2020-01-24", "time": "18:43:15", "tweet": "#DollyPartonChallenge for @elizabethwarren   https://t.co/c1Pq5ZPM90 That $2.1 Trillion without any Congressional input. #SocialistCandidate  https://t.co/VL93QhecUZ", "likes_count": 0, "replies_count": 0, "retweets_count": 0, "hashtags": ["dollypartonchallenge", "socialistcandidate"]}
{"id": 1220854368137830401, "date": "2020-01-24", "time": "18:42:18", "tweet": "Next screaming room episode: Skinwalker Valley I would love to know your guys input because that was such a scary episode! #ScreamingRoom #GhostAdventures @Zak_Bagans @jaywasley @AaronGoodwin @BillyTolley", "likes_count": 0, "replies_count": 0, "retweets_count": 0, "hashtags": ["screamingroom", "ghostadventures"]}
{"id": 1220854290715234304, "date": "2020-01-24", "time": "18:41:59", "tweet": "@jakemeyers2015 @Real_Dan_Horton @clarky06101992 @JuddPFC95 No. But when I put it to Mark Catlin,  he was  Thank you for your input 😎 The club will hate it", "likes_count": 0, "replies_count": 0, "retweets_count": 0, "hashtags": []}
{"id": 1220854190689398785, "date": "2020-01-24", "time": "18:41:36", "tweet": "Greg is building some deep, fascinating &amp; disgusting lore here, along with the incredible creatures, items, spells &amp; sorts of brews from home, &amp; he welcomes your suggestions, ideas &amp; input!", "likes_count": 1, "replies_count": 1, "retweets_count": 0, "hashtags": []}
{"id": 1220854034187288580, "date": "2020-01-24", "time": "18:40:58", "tweet": "@yungmeady She asked for that Kus who asked for her input ? Shoulda just stayed in the cut she just wanted me too see her 🤣🤣🤦🏾‍♀️🤦🏾‍♀️", "likes_count": 0, "replies_count": 1, "retweets_count": 0, "hashtags": []}
{"id": 1220853931032498176, "date": "2020-01-24", "time": "18:40:34", "tweet": "#spotify #Knalovenge #input #killyourself  https://t.co/BARdmynCD6", "likes_count": 4, "replies_count": 0, "retweets_count": 3, "hashtags": ["spotify", "knalovenge", "input", "killyourself"]}
{"id": 1220853918864793602, "date": "2020-01-24", "time": "18:40:31", "tweet": "@kirbyconrod @bronwyn I asked about compensation and they were like well no sorry hope thats not a dealbreaker (exact words) .. my only thing is I do think their hate speech policy is important and it would be good to have input on this", "likes_count": 6, "replies_count": 3, "retweets_count": 0, "hashtags": []}
{"id": 1220853759003242496, "date": "2020-01-24", "time": "18:39:53", "tweet": "Anyone else having input lag?", "likes_count": 3, "replies_count": 4, "retweets_count": 0, "hashtags": []}
{"id": 1220853682637545472, "date": "2020-01-24", "time": "18:39:34", "tweet": "Same reason light is a form of energy, and darkness isn't. Light needs a constant effort or input to remain in play. Same can be said for heat and sound", "likes_count": 6, "replies_count": 0, "retweets_count": 4, "hashtags": []}
{"id": 1220853612450107393, "date": "2020-01-24", "time": "18:39:18", "tweet": "@huckfinn52 We are waking up... so important to go vote! No way the founders would of accepted her! Do not need or want her input! I hope she is held accountable!", "likes_count": 0, "replies_count": 0, "retweets_count": 0, "hashtags": []}
{"id": 1220853594515066885, "date": "2020-01-24", "time": "18:39:13", "tweet": "@Input_ @LaPuente626sgv @ayeekass It's nature bro", "likes_count": 0, "replies_count": 0, "retweets_count": 0, "hashtags": []}
{"id": 1220853591612760065, "date": "2020-01-24", "time": "18:39:13", "tweet": "Wa wa wa wa wa. That’s what I hear any time someone uses too many words.😝 My brain turns off. I can’t handle all in the input.😬⁠ .⁠ And that’s what students hear if we talk too much without giving them a chance to interact with what we are throwing t…  https://t.co/CLl6sINm6w  https://t.co/9cLlrQyWlY", "likes_count": 0, "replies_count": 0, "retweets_count": 0, "hashtags": []}
{"id": 1220853572226519041, "date": "2020-01-24", "time": "18:39:08", "tweet": "@ProperOpinion @molratty @J_Dot_J A, \"Your phone friends are going to want input on the baby's name aren't they?\" ;  )", "likes_count": 0, "replies_count": 0, "retweets_count": 0, "hashtags": []}
{"id": 1220853538164789248, "date": "2020-01-24", "time": "18:39:00", "tweet": "@murkee Love all those suggestions! It would be awesome to have Tile technology that small! We're always looking for ways that we can improve Tile products and services, and we greatly appreciate your input. We’ll be sure to pass along your feedback for our developers to consider! -MM", "likes_count": 0, "replies_count": 0, "retweets_count": 0, "hashtags": []}
{"id": 1220853487845535745, "date": "2020-01-24", "time": "18:38:48", "tweet": "@PJiggles_ Kazuya Mishima so I can actually wavedashand input electric wind god fists", "likes_count": 0, "replies_count": 0, "retweets_count": 0, "hashtags": []}
{"id": 1220853332132102144, "date": "2020-01-24", "time": "18:38:11", "tweet": "The concept of Onision is a doubled edged sword. One side craving attention and the other pleading insanity.   What a world we live in, where a man soils the brand of a huge platform (YouTube) without their input. Disgusting to say the least.", "likes_count": 3, "replies_count": 0, "retweets_count": 0, "hashtags": []}
{"id": 1220853296342106113, "date": "2020-01-24", "time": "18:38:02", "tweet": "Wa wa wa wa wa. That’s what I hear any time someone uses too many words.😝 My brain turns off. I can’t handle all in the input.😬⁠ .⁠ And that’s what students hear if we talk too much without giving them a chance to interact with what we are throwing t…  https://t.co/CLl6sINm6w  https://t.co/TMd4YsT9lt", "likes_count": 0, "replies_count": 0, "retweets_count": 0, "hashtags": []}
{"id": 1220853262649319424, "date": "2020-01-24", "time": "18:37:54", "tweet": "@thejournalista Glad I saw your expert input.", "likes_count": 0, "replies_count": 0, "retweets_count": 0, "hashtags": []}
{"id": 1220853239219879937, "date": "2020-01-24", "time": "18:37:49", "tweet": "@WillMcmillan_98 Not sure quite what you said there but my input on #MUTRewards stopped in about 2017.", "likes_count": 2, "replies_count": 1, "retweets_count": 0, "hashtags": ["mutrewards"]}
{"id": 1220853055249358849, "date": "2020-01-24", "time": "18:37:05", "tweet": "Hypothetical question   (Please retweet id love a lot of input and views)  10 years from now, what stock (s) do you think will be the new leaders of industry? The ones that our 401ks are invested in?   In 2009 if you told me my 401k was 7% $FB I’d laugh at you", "likes_count": 6, "replies_count": 14, "retweets_count": 5, "hashtags": []}
{"id": 1220852927402795008, "date": "2020-01-24", "time": "18:36:34", "tweet": "@SirPatStew Patrick I had a STAR TREK Picard Idea for the very last Episode and I like your input.?  Like in STAR TREK 7 how about the Death of Jean-Luc Picard saving millions of lives like Captain Kirk ?  {Huge STAR TREK MONEY MAKER}", "likes_count": 0, "replies_count": 0, "retweets_count": 0, "hashtags": []}
{"id": 1220852905034616832, "date": "2020-01-24", "time": "18:36:29", "tweet": "@DaBeachGuy00 @MapleLeafs Horton and Domi were both in the conversation at one point. I still like Domi a bit, Leanne more towards the Leafs greats! Thanks for the input!!", "likes_count": 0, "replies_count": 0, "retweets_count": 0, "hashtags": []}
{"id": 1220852890195189761, "date": "2020-01-24", "time": "18:36:26", "tweet": "@naima I used to write my reply EXACTLY how I felt it, print it out and take it to one of the managers for input. His crazy ass would be like “can’t say that, can’t say that, ooh, keep that!” I wouldn’t keep any of it but the writing and reading helped me with my real response.", "likes_count": 0, "replies_count": 0, "retweets_count": 0, "hashtags": []}
{"id": 1220852839041392643, "date": "2020-01-24", "time": "18:36:13", "tweet": "NC residents, your input matters, don't allow Trump’s enablers to hide the truth. The will of the majority of Americans is to have the truth come out. Please take a few minutes to call today &amp; stand up for Democracy.  Sen. Richard Burr 202-224-3154 Sen. Thom Tillis 202-224-6342", "likes_count": 0, "replies_count": 0, "retweets_count": 0, "hashtags": []}
{"id": 1220852802953437184, "date": "2020-01-24", "time": "18:36:05", "tweet": "It doesn't seem so unreasonable to think that if you're parsing json and responding with json and if there's a serde error in parsing the input, you'd want your 422 response to have a json body that includes the parse error, or at least to make it easy to do so", "likes_count": 1, "replies_count": 2, "retweets_count": 0, "hashtags": []}
{"id": 1220852666626203649, "date": "2020-01-24", "time": "18:35:32", "tweet": "@verizon  @VerizonSupport Input an order today because I’m moving on Feb 22. The system f*cked it up. Turned off my current service today. Telling me I can’t get my service back without a new router. #lostcustomer  @StarryInternet  where you at?", "likes_count": 1, "replies_count": 1, "retweets_count": 1, "hashtags": ["lostcustomer"]}
{"id": 1220852628785106944, "date": "2020-01-24", "time": "18:35:23", "tweet": "@SartorialThug How much did you earn via parental input?", "likes_count": 0, "replies_count": 1, "retweets_count": 0, "hashtags": []}
{"id": 1220852534429929474, "date": "2020-01-24", "time": "18:35:01", "tweet": "@LisaRWhittle as do I. Thanks for your input.", "likes_count": 1, "replies_count": 0, "retweets_count": 0, "hashtags": []}
{"id": 1220852522690191361, "date": "2020-01-24", "time": "18:34:58", "tweet": "ay pogchamp i should’ve checked i don’t have another input", "likes_count": 2, "replies_count": 0, "retweets_count": 0, "hashtags": []}
{"id": 1220852366091657218, "date": "2020-01-24", "time": "18:34:21", "tweet": "Just my  2 cents on this subject:  👉  I posted this on Facebook a few days ago and got a lot of input/feedback on this one.  🤔   My concern was with a relatively small sample size of just over a couple years and my…  https://t.co/TuNPdMh2em", "likes_count": 0, "replies_count": 0, "retweets_count": 0, "hashtags": []}
{"id": 1220852287217840140, "date": "2020-01-24", "time": "18:34:02", "tweet": "@keloland would like input in opinion...shouldn’t all the Presidential candidates step away from this process of impeaching?  Wouldn’t/shouldn’t it a be considered a conflict of interest?", "likes_count": 0, "replies_count": 0, "retweets_count": 0, "hashtags": []}
{"id": 1220852248445505536, "date": "2020-01-24", "time": "18:33:53", "tweet": "@ItsKristieBish Thanks for the debate. my intention wasnt to offend her in anyway, but whats done is done i suppose. Thanks for your input.", "likes_count": 0, "replies_count": 0, "retweets_count": 0, "hashtags": []}
{"id": 1220852131936309248, "date": "2020-01-24", "time": "18:33:25", "tweet": "Multi Image text input Twitter.  https://t.co/PdBaQ31fHw", "likes_count": 0, "replies_count": 0, "retweets_count": 0, "hashtags": []}
{"id": 1220852107441594368, "date": "2020-01-24", "time": "18:33:19", "tweet": "@gdgmwtgm @lilcalculus They got controllers made for pc too this whole input debate is just dumb tbh😐", "likes_count": 11, "replies_count": 0, "retweets_count": 0, "hashtags": []}
{"id": 1220851956475928585, "date": "2020-01-24", "time": "18:32:43", "tweet": "@GladdOnTwitch Somehow input correctly on the first attempt", "likes_count": 0, "replies_count": 0, "retweets_count": 0, "hashtags": []}
{"id": 1220851706826829824, "date": "2020-01-24", "time": "18:31:43", "tweet": "@jc_bradbury Sorry - but looks like the direct number they are mentioning as their input is labor income. Well the output would be greater than that even the direct as output would also include other things. I may have misunderstood the artricle though.", "likes_count": 0, "replies_count": 1, "retweets_count": 0, "hashtags": []}
{"id": 1220851606939426821, "date": "2020-01-24", "time": "18:31:20", "tweet": "Wa wa wa wa wa. That’s what I hear any time someone uses too many words.😝 My brain turns off. I can’t handle all in the input.😬⁠ .⁠ And that’s what students hear if we talk too much without giving them a chance to interact with what we are throwing their way.😕⁠ .⁠ That’s…  https://t.co/dPgZmrZD6n", "likes_count": 0, "replies_count": 0, "retweets_count": 0, "hashtags": []}
{"id": 1220851434805055488, "date": "2020-01-24", "time": "18:30:39", "tweet": "@ProfRobAnderson Except when I teach Administrative Law. Then, I run a fake government, where we frequently issue our own rules, based on input from our fake interest groups, until we sue ourselves from our fake law offices.", "likes_count": 9, "replies_count": 0, "retweets_count": 0, "hashtags": []}
{"id": 1220851407386902528, "date": "2020-01-24", "time": "18:30:32", "tweet": "Public submits robust input on turbines: After two month-long extensions, the state closed public comment Jan. 15 on Ørsted’s controversial proposal to connect the company’s offshore wind farm to the electrical grid by passing through Fenwick Island…  https://t.co/9sIw5U8704", "likes_count": 0, "replies_count": 0, "retweets_count": 0, "hashtags": []}
{"id": 1220851320040710145, "date": "2020-01-24", "time": "18:30:11", "tweet": "@RyanZzig @JORGECRUZMUNOZ1 will take that into consideration, thank you for the input Ryan", "likes_count": 0, "replies_count": 0, "retweets_count": 0, "hashtags": []}
{"id": 1220851125685030913, "date": "2020-01-24", "time": "18:29:25", "tweet": "@pmdfoster @KnittedKittie @BorisJohnson Bill that's Unicorn stuff again ! If it looks like a duck and quacks like one it's a duck and not the goose to lay a golden egg ! Already leaks of govt using no deal and dual negotiations as a bargaining tool desperate to get a FTA with no financial input, no commitment !", "likes_count": 2, "replies_count": 1, "retweets_count": 2, "hashtags": []}
{"id": 1220851113429282817, "date": "2020-01-24", "time": "18:29:22", "tweet": "@pieIcanela Hmmmm well I’m probably being dramatic about the sting but I just wondered.  thank you for your input! 🥰✨", "likes_count": 0, "replies_count": 0, "retweets_count": 0, "hashtags": []}
{"id": 1220851089831907329, "date": "2020-01-24", "time": "18:29:16", "tweet": "@joebarnard Can you use current and voltage sensors to calculate power input output power? And then use that to compensate?", "likes_count": 1, "replies_count": 0, "retweets_count": 0, "hashtags": []}
{"id": 1220851044277768194, "date": "2020-01-24", "time": "18:29:05", "tweet": "Happy Scratch have fun. What are you waiting for? Download it, input the refer code GJSXV to get reward.  https://t.co/D3PlWANOJM", "likes_count": 0, "replies_count": 0, "retweets_count": 0, "hashtags": []}
{"id": 1220850999532883968, "date": "2020-01-24", "time": "18:28:55", "tweet": "@GeorgeTakei @BackToMeResist Seriously, George?!?! He’s never hesitated in ripping off or appropriating others’ inspiration, inventions, or hard work in the past, so why would he start now. Even if he had no direct input, its just bad optics!", "likes_count": 1, "replies_count": 0, "retweets_count": 0, "hashtags": []}
{"id": 1220850861120901121, "date": "2020-01-24", "time": "18:28:22", "tweet": "@Kentisanidiot Kent,  Thanks for the feedback! It’s important to know which tweet “is” and “isn’t it” to make better tweets in the future- and we appreciate input from our beloved followers! 🤠   -the @alex_scandrett team", "likes_count": 2, "replies_count": 1, "retweets_count": 0, "hashtags": []}
{"id": 1220850856951713798, "date": "2020-01-24", "time": "18:28:21", "tweet": "Hey rave fam this week’s episode is about raver girls and why they’re opting in to selling content via @OnlyFans. I think this is a great conversation and would love your input! #thePLURPodcast   https://t.co/znG6R87qYe", "likes_count": 3, "replies_count": 0, "retweets_count": 1, "hashtags": ["theplurpodcast"]}
{"id": 1220850737929949185, "date": "2020-01-24", "time": "18:27:52", "tweet": "Family Night is for the WHOLE family.  The 2Gen approach means creating opportunities for + addressing wants/needs of students and the adults in their lives. We use feedback from families + input from teachers, to put together an event that's fun and impactful for the whole fam.  https://t.co/KigyRu1sBA", "likes_count": 6, "replies_count": 0, "retweets_count": 2, "hashtags": []}
{"id": 1220850584481341445, "date": "2020-01-24", "time": "18:27:16", "tweet": "@johndavidrussel @bariweiss @joerogan Lol thanks for your input and for playing. Not at all important information.", "likes_count": 0, "replies_count": 1, "retweets_count": 0, "hashtags": []}
{"id": 1220850571797766144, "date": "2020-01-24", "time": "18:27:13", "tweet": "Hi @AlexSBurton. We value public input &amp; seek to hear from a broad range of perspectives. Pls DM us if you have any specific concerns. Also, we hope you’ll share your voice as part of Planning Vancouver Together to shape both the process &amp; outcome. We’re just getting started!", "likes_count": 0, "replies_count": 1, "retweets_count": 0, "hashtags": []}
{"id": 1220850567859146752, "date": "2020-01-24", "time": "18:27:12", "tweet": "@AilbheBosca1 The day I confide in a fake feminist is the day I realize I've hit beneath my lowest. There is no helping anyone else when you lack the skills to help yourself. You provide no use to me, society, your gender, or your family. All worlds that would continue spinning sans your input", "likes_count": 0, "replies_count": 1, "retweets_count": 0, "hashtags": []}
{"id": 1220850345267560448, "date": "2020-01-24", "time": "18:26:19", "tweet": "@SieffersN @corhergaarden @erikavandebilt @Rob_hero @hansvderknijff @DDoremalen @hugodejonge @EersteKamer Zolang de kamerleden zich alleen door de papieren input en de mooie filmpjes en woorden van deze minister laten beinvloeden kun je hen dit toch niet kwalijk nemen. Betere en echte informatie? Oh wacht dan moeten ze wel de kamer uit en zorgland in 🤦‍♀️", "likes_count": 3, "replies_count": 0, "retweets_count": 2, "hashtags": []}
{"id": 1220850337466200071, "date": "2020-01-24", "time": "18:26:17", "tweet": "@ShrekForXbox Thats probably whats happening. Doing it this way feels much more consistent than trying to time or spam grab after a input", "likes_count": 0, "replies_count": 0, "retweets_count": 0, "hashtags": []}
{"id": 1220850290645262337, "date": "2020-01-24", "time": "18:26:06", "tweet": "Money Cube - An APP which will help you get MONEY for free. Input my invite code ❤4SZ3T❤ after installation, and you will get 1000 Clicks. Download link:  https://t.co/N5a8pdGYi4", "likes_count": 0, "replies_count": 0, "retweets_count": 0, "hashtags": []}
{"id": 1220850274035818496, "date": "2020-01-24", "time": "18:26:02", "tweet": "[dfuta] An Android exclusive Valkyrie Crusade invite code. Input to receive a special promotion!  https://t.co/YPDS8KWMeB #Valkyrie Crusade", "likes_count": 0, "replies_count": 0, "retweets_count": 0, "hashtags": ["valkyrie"]}
{"id": 1220850267081494528, "date": "2020-01-24", "time": "18:26:00", "tweet": "Community Meeting: Santa Clara Ave/Prospect Ave Drainage and Sidewalk Improvements  OC Public Works will host a community meeting to collect input from area residents on the upcoming drainage and sidewalk improvement project.  More info:  https://t.co/XCSTlw5sCZ  https://t.co/bwHh8bh0W6", "likes_count": 0, "replies_count": 0, "retweets_count": 0, "hashtags": []}
{"id": 1220850042711560192, "date": "2020-01-24", "time": "18:25:07", "tweet": "@nathancashion @bergholm_b, input as my favorite librarian?", "likes_count": 2, "replies_count": 1, "retweets_count": 0, "hashtags": []}
{"id": 1220849976558919680, "date": "2020-01-24", "time": "18:24:51", "tweet": "Mad @RepMaxineWaters literally colludes with Russians- believes shes talking to Greta who has \"new evidence\" for peachmints🍑.  🤣🤣🤣🤣🤣🤣🤣🤣🤣🤣🤣  https://t.co/hMCUAKAS1W", "likes_count": 0, "replies_count": 0, "retweets_count": 0, "hashtags": []}
{"id": 1220849664959897601, "date": "2020-01-24", "time": "18:23:37", "tweet": "@SeedyJonze @ryxcommar I was only following orders to make an efficient Excel sheet with as little user input as possible.", "likes_count": 5, "replies_count": 0, "retweets_count": 0, "hashtags": []}
{"id": 1220849552997191683, "date": "2020-01-24", "time": "18:23:10", "tweet": "@markkilborn So they ignored your input explaining your past experience and then ended up ending the process as result of them initially not listening to what you're strengths are :/ that does sound like a frustrating ordeal!", "likes_count": 0, "replies_count": 1, "retweets_count": 0, "hashtags": []}
{"id": 1220849521359577089, "date": "2020-01-24", "time": "18:23:02", "tweet": "Do you depend on Social Media to “make your day”? If that’s the case, you are guaranteed to be disappointed. It’s better to begin with Body Confidence, and if your social media input does not enhance your confidence, turn to your body for accuracy.  https://t.co/UM9skij8UI  https://t.co/zy9b8qFRnG", "likes_count": 2, "replies_count": 0, "retweets_count": 0, "hashtags": []}
{"id": 1220849484323807232, "date": "2020-01-24", "time": "18:22:54", "tweet": "Excellent Input by GC .If DT were interested in \"Corruption in Ukraine\" then he would have focused his request for just that--intel on corruption within Ukraine itself. However as T considers Ukraine to be \"not important to Americans\", his logic fails  https://t.co/BKWPjYPBGe", "likes_count": 1, "replies_count": 0, "retweets_count": 0, "hashtags": []}
{"id": 1220849481018535936, "date": "2020-01-24", "time": "18:22:53", "tweet": "@nadinegilkison Edulastic is driven by feedback from the educator community, and we appreciate your input. Sending you a DM to hear more about your thoughts and suggestions. 🙂", "likes_count": 0, "replies_count": 0, "retweets_count": 0, "hashtags": []}
{"id": 1220849389796831233, "date": "2020-01-24", "time": "18:22:31", "tweet": "@dc_mma please check @PBurgHSWrestlin out and add any input.. legendary east coast program I believe you will like", "likes_count": 0, "replies_count": 0, "retweets_count": 0, "hashtags": []}
{"id": 1220849368091283456, "date": "2020-01-24", "time": "18:22:26", "tweet": "Activision rushed franchising. companies need to start valuing consumer input", "likes_count": 0, "replies_count": 0, "retweets_count": 0, "hashtags": []}
{"id": 1220849355177021444, "date": "2020-01-24", "time": "18:22:23", "tweet": "@MelMall @rapidwitofmine @ewarren Here’s some input on some of Warren’s plans from our friends at MSNBC   https://t.co/6EOfee8CoS", "likes_count": 0, "replies_count": 0, "retweets_count": 0, "hashtags": []}
{"id": 1220849277448138752, "date": "2020-01-24", "time": "18:22:04", "tweet": "Wa wa wa wa wa. That’s what I hear any time someone uses too many words.😝 My brain turns off. I can’t handle all in the input.😬⁠ .⁠ And that’s what students hear if we talk too much without giving them a chance to interact with what we are throwing t…  https://t.co/CLl6sINm6w  https://t.co/9Vw7SUFxyi", "likes_count": 0, "replies_count": 0, "retweets_count": 0, "hashtags": []}
{"id": 1220849248524103680, "date": "2020-01-24", "time": "18:21:57", "tweet": "Please fill out the form in triplicate and  ____________  it to the front office.  A.enter B.input C.renew D.submit  答え.D  TOEICのスコアが上がらない就活生のために 『TOEICスコアUPブートキャンプ』 を実施しています！詳しくはこちら  https://t.co/UKONqzkmG5", "likes_count": 0, "replies_count": 0, "retweets_count": 0, "hashtags": []}
{"id": 1220849240643186688, "date": "2020-01-24", "time": "18:21:55", "tweet": "ok so i just feel this needs to be addressed. in HSM2 when Chad and ryan are on the pitch and they’re doing the “I don’t dance” number, i just never understood chad’s input to this..... hes literally singing and dancing to a song that’s words R “I don’t dance” like ???? u do tho?", "likes_count": 40, "replies_count": 0, "retweets_count": 0, "hashtags": []}
{"id": 1220849127455588352, "date": "2020-01-24", "time": "18:21:28", "tweet": "@pe5er They are just a small little FR4 PCBs which extend the power input connectors.", "likes_count": 0, "replies_count": 1, "retweets_count": 0, "hashtags": []}
{"id": 1220849114411196416, "date": "2020-01-24", "time": "18:21:25", "tweet": "@HazelKLarkin Thanks Hazel. DM me or share here if you want input from others. Thank you in advance x", "likes_count": 0, "replies_count": 0, "retweets_count": 0, "hashtags": []}
{"id": 1220849060711751689, "date": "2020-01-24", "time": "18:21:13", "tweet": "Buy Pilot 4GS External Battery Charger 12000mAh 8 Pin Input #Dailydeals #Discounts #HotDeals #Sale #Amazon #Coupons #Deals #USA  https://t.co/P5iQhaqPUO   https://t.co/P5iQhaqPUO", "likes_count": 0, "replies_count": 0, "retweets_count": 0, "hashtags": ["dailydeals", "discounts", "hotdeals", "sale", "amazon", "coupons", "deals", "usa"]}
{"id": 1220848984895475712, "date": "2020-01-24", "time": "18:20:54", "tweet": "And! I will be helping build a sustainable, student-centered operation as a part of my practicum with the @SCSU_HIED program.  If you have any ideas, suggestions, articles, or other input definitely feel free to send it my way! Thanks!", "likes_count": 4, "replies_count": 0, "retweets_count": 2, "hashtags": []}
{"id": 1220848906596225029, "date": "2020-01-24", "time": "18:20:36", "tweet": "@Fappyboi759 thanks for the input!", "likes_count": 0, "replies_count": 0, "retweets_count": 0, "hashtags": []}
{"id": 1220848722164244480, "date": "2020-01-24", "time": "18:19:52", "tweet": "@SadbirdSmythe - your input is appreciated xD", "likes_count": 1, "replies_count": 0, "retweets_count": 0, "hashtags": []}
{"id": 1220848619017965571, "date": "2020-01-24", "time": "18:19:27", "tweet": "Something I'm working on - an Online portal where #FM20 users can Log in, input their FM Results and monitor their Managerial record from their current save . Massive work in progress...  https://t.co/37uYVRvhyu", "likes_count": 0, "replies_count": 0, "retweets_count": 0, "hashtags": ["fm20"]}
{"id": 1220848599711518722, "date": "2020-01-24", "time": "18:19:23", "tweet": "Wa wa wa wa wa. That’s what I hear any time someone uses too many words.😝 My brain turns off. I can’t handle all in the input.😬⁠ .⁠ And that’s what students hear if we talk too much without giving them a chance to interact with what we are throwing t…  https://t.co/CLl6sINm6w  https://t.co/LbRsquWRt2", "likes_count": 0, "replies_count": 0, "retweets_count": 0, "hashtags": []}
{"id": 1220848393464889345, "date": "2020-01-24", "time": "18:18:33", "tweet": "Nothing makes me feel incomplete quite like the 739 times per day that I launch the wrong app because I can't quite tell what's highlighted OR because of weird intermittent input lag.", "likes_count": 3, "replies_count": 3, "retweets_count": 0, "hashtags": []}
{"id": 1220848381301547011, "date": "2020-01-24", "time": "18:18:31", "tweet": "@OddestDoc @Scott59261682 @StefanMolyneux If it's my kid, obviously I can have input. But if she doesn't want to carry a pregnancy to term, that's ultimately up to her.", "likes_count": 0, "replies_count": 1, "retweets_count": 0, "hashtags": []}
{"id": 1220848362330587136, "date": "2020-01-24", "time": "18:18:26", "tweet": "Golden Garden have fun. What are you waiting for? Download it, input the refer code GTTYY to get reward.  https://t.co/vpUKCm4Cca", "likes_count": 0, "replies_count": 0, "retweets_count": 0, "hashtags": []}
{"id": 1220848362217525248, "date": "2020-01-24", "time": "18:18:26", "tweet": "Our Detroit Info: Check For 1st Party Claims Already Input By Detroi...  https://t.co/3XF9HFyOWF", "likes_count": 0, "replies_count": 0, "retweets_count": 0, "hashtags": []}
{"id": 1220848293187670016, "date": "2020-01-24", "time": "18:18:10", "tweet": "Every time Zack Snyder talks about what he would've done in his version of Justice League, it reminds me of my coworker who desperately wanted my input on their fan fiction right away.  It's cool and some of your ideas are good but, there's a time and a place... This ain't it.", "likes_count": 0, "replies_count": 0, "retweets_count": 0, "hashtags": []}
{"id": 1220848232651264001, "date": "2020-01-24", "time": "18:17:55", "tweet": "@JeffGSpursZone Corporate interference. The more involved the head office is in a film, the more screwed up it gets. While Marvel works independently, SW is still being run from Disney HQ. The animations are great, the spin offs are, too, but the mains are bogged down by money bags input.", "likes_count": 0, "replies_count": 1, "retweets_count": 0, "hashtags": []}
{"id": 1220848159271915521, "date": "2020-01-24", "time": "18:17:38", "tweet": "@Whizzygg @NightlyTribune While your input is appreciated, I'm fairly certain that this has more to do with continuing to mislead the masses, not us... 🤔", "likes_count": 0, "replies_count": 0, "retweets_count": 0, "hashtags": []}
{"id": 1220848036789833728, "date": "2020-01-24", "time": "18:17:08", "tweet": "@anabeaver23 @petercoffin Yes , I'm sure you weren't dismissing my points as fanciful without addressing why you think they're wrong or acknowledging my positions and their popularity with the American people. thanks for your input.", "likes_count": 0, "replies_count": 1, "retweets_count": 0, "hashtags": []}
{"id": 1220848032968822790, "date": "2020-01-24", "time": "18:17:07", "tweet": "It’s never easy to give all you got to succeed but it’s easy for people add their input positive or negative.", "likes_count": 0, "replies_count": 0, "retweets_count": 0, "hashtags": []}
{"id": 1220847939657990144, "date": "2020-01-24", "time": "18:16:45", "tweet": "MiMo(Multi input Multi output) - 여러개의 안테나로 보내고 받기를 함으로써 받은 신호들중에 좋은 신호를 선택해서 나은 무선 환경을 보장해줍니다. 보통 2x2 3x3 3x2 4x4가 있습니다. 궁금하신 내용은 디엠주세요^^", "likes_count": 0, "replies_count": 0, "retweets_count": 0, "hashtags": []}
{"id": 1220847831642038272, "date": "2020-01-24", "time": "18:16:19", "tweet": "📒UPDATED TRAINING COURSE ALERT!  The updated NWCG training course S-190,  Introduction to Wildland Fire Behavior, is now available on our website. Update includes content changes based on SME input &amp; conversion to the new NWCG course template:  https://t.co/uzHCz01omX  https://t.co/4QcS4gGrnN", "likes_count": 18, "replies_count": 0, "retweets_count": 15, "hashtags": []}
{"id": 1220847801313251329, "date": "2020-01-24", "time": "18:16:12", "tweet": "@lee_ryder @davemcg1 Reply to my comments please Lee just want your input thanks not here to slag up of or take the piss like, some", "likes_count": 0, "replies_count": 0, "retweets_count": 0, "hashtags": []}
{"id": 1220847781465686016, "date": "2020-01-24", "time": "18:16:08", "tweet": "@bdsams @NuttizTv @XboxP3 have fun wit the input delay 🤢", "likes_count": 0, "replies_count": 0, "retweets_count": 0, "hashtags": []}
{"id": 1220847735793799169, "date": "2020-01-24", "time": "18:15:57", "tweet": "@LeedsMuseums @riveramichael I have my own series of issues with this study (see below), but I really appreciate that you are answering and take public questions seriously. Maybe it's a good opportunity to use some of this public input to review the museum's policy on human remains!?  https://t.co/AG8eFTHY4R", "likes_count": 5, "replies_count": 0, "retweets_count": 1, "hashtags": []}
{"id": 1220847699026763776, "date": "2020-01-24", "time": "18:15:48", "tweet": "@__gauze I use it for information, rarely for discussion. This time I wanted some input and got my huge post deleted without warning.", "likes_count": 0, "replies_count": 0, "retweets_count": 0, "hashtags": []}
{"id": 1220847683021176833, "date": "2020-01-24", "time": "18:15:44", "tweet": "Why do people literally let go of their controller when getting hit by witch twist/ABK? Dude didn't input a single thing with his stick.", "likes_count": 0, "replies_count": 0, "retweets_count": 0, "hashtags": []}
{"id": 1220847661487722496, "date": "2020-01-24", "time": "18:15:39", "tweet": "@folmerkelly It can be seen as suspicious, as most people get references from other games. Also you expose yourself to the argument that your games (or input/ideas) could be better if you did play. I don't play either, I've always loved making games and thinking about it, but not playing.", "likes_count": 1, "replies_count": 1, "retweets_count": 0, "hashtags": []}
{"id": 1220847653732397056, "date": "2020-01-24", "time": "18:15:37", "tweet": "@aNorthernGarden @TheMontyDon @AmielWayne I gave a basic system as an example because I knew you would try to nitpick every input and those systems truly are sustainable with no outside inputs, transport costs etc", "likes_count": 0, "replies_count": 0, "retweets_count": 0, "hashtags": []}
{"id": 1220847621620678657, "date": "2020-01-24", "time": "18:15:29", "tweet": "i usually have an input on wardrobe if youre going to be seen with me.", "likes_count": 1, "replies_count": 0, "retweets_count": 1, "hashtags": []}
{"id": 1220847529606164481, "date": "2020-01-24", "time": "18:15:07", "tweet": "@AllGlory2Yeshua Thank you for all you have said today it was just what the doctor ordered. I see, hear, and feel so much there are days it’s a curse instead of an obvious blessing from God. For me to cower from the gift and responsibility and just want to unplug from the sensory input makes me", "likes_count": 0, "replies_count": 0, "retweets_count": 0, "hashtags": []}
{"id": 1220847521062363139, "date": "2020-01-24", "time": "18:15:05", "tweet": "Washington Policy Analyst Ed Mills and Energy Analyst Pavel Molchanov shared their input regarding the U.S.-Iran conflict and how it could impact oil.  https://t.co/h0AuE6ILbA", "likes_count": 0, "replies_count": 0, "retweets_count": 0, "hashtags": []}
{"id": 1220847506042638336, "date": "2020-01-24", "time": "18:15:02", "tweet": "Sickle cell disease patients finally have real treatment options - if they are deemed “worth it.” Join a Jan 30 at 3pm webinar to learn about the ICER Value Assessment of new treatments and how you can provide input. #ValueOurHealth  https://t.co/j4gyEf2K4t", "likes_count": 13, "replies_count": 0, "retweets_count": 9, "hashtags": ["valueourhealth"]}
{"id": 1220847484970455040, "date": "2020-01-24", "time": "18:14:57", "tweet": "@wesgrimes @MannIsaac I have written up today's debugging efforts. Thanks for your input and suggestions!  https://t.co/kusqA5GpyQ", "likes_count": 4, "replies_count": 0, "retweets_count": 1, "hashtags": []}
{"id": 1220847471137415168, "date": "2020-01-24", "time": "18:14:54", "tweet": "@J_Earnest30 No one asked for your smartass input 🙄", "likes_count": 0, "replies_count": 0, "retweets_count": 0, "hashtags": []}
{"id": 1220847443035729921, "date": "2020-01-24", "time": "18:14:47", "tweet": "Rode the elevator today with a local news film duo--they humored my questions and let me know they were here getting expert input on coronavirus. @JohnsHopkinsSPH is such a cool place to work.  https://t.co/nIccMz9vHK", "likes_count": 15, "replies_count": 1, "retweets_count": 0, "hashtags": []}
{"id": 1220847282750394370, "date": "2020-01-24", "time": "18:14:09", "tweet": "@Kaittzie Download patching: now you can process solo audio input when doing other tasks, like CleanDishes.exe, and SweepingRoom.exe, but only then", "likes_count": 0, "replies_count": 0, "retweets_count": 0, "hashtags": []}
{"id": 1220847106212220928, "date": "2020-01-24", "time": "18:13:27", "tweet": "@MicheleHaliwel @FrHilderbrand There’s a reason you’re an actor and not a writer, buddy. Everything they give him creative input into ends up terrible, Star Trek wise. At least he can’t argue creative direction on Shakespeare’s lines.", "likes_count": 1, "replies_count": 0, "retweets_count": 0, "hashtags": []}
{"id": 1220847080622764033, "date": "2020-01-24", "time": "18:13:20", "tweet": "@lee_beckett @PickardJE Thanks for your input.", "likes_count": 0, "replies_count": 0, "retweets_count": 0, "hashtags": []}
{"id": 1220847068165505024, "date": "2020-01-24", "time": "18:13:17", "tweet": "@InPut_Bancho Autodesk限定でいえば、Fire, Flint, Infernoも混ぜてあげてください。あとそろそろSmokeとLustreも混ざると思うので、席空けておいてください。", "likes_count": 0, "replies_count": 1, "retweets_count": 0, "hashtags": []}
{"id": 1220846967149907968, "date": "2020-01-24", "time": "18:12:53", "tweet": "@cacrisalves @IanBruff Twitter at its best is a conversation &amp; conversation has diverse input &amp; reminders from all over. I appreciate what you contribute to the conversation here on Twitter.", "likes_count": 2, "replies_count": 1, "retweets_count": 0, "hashtags": []}
{"id": 1220846766947553280, "date": "2020-01-24", "time": "18:12:06", "tweet": "r4 [3753] innext gamepad decls for linux r_input_joystick.c", "likes_count": 0, "replies_count": 0, "retweets_count": 0, "hashtags": []}
{"id": 1220846754192556032, "date": "2020-01-24", "time": "18:12:03", "tweet": "me: *playing the piece i had to play for my performance today for my parents*  my parents: \"this piece doesn't sound good, i don't like it :/\"  thanks for your input on the piece i've been practicing for months", "likes_count": 0, "replies_count": 1, "retweets_count": 0, "hashtags": []}
{"id": 1220846751155752960, "date": "2020-01-24", "time": "18:12:02", "tweet": "Talked to my brother for the first time in a long time yesterday thru the phone. He sounded mature and calm. Asked me about my studies and future goals, gave me his input and told me about his future goals. I havent seen him since I was 16.", "likes_count": 20, "replies_count": 1, "retweets_count": 0, "hashtags": []}
{"id": 1220846714506092544, "date": "2020-01-24", "time": "18:11:53", "tweet": "@chrstnerode Oh yeah, for user input of course! But even often then, valuable to mock out what you might expect them to put in!", "likes_count": 5, "replies_count": 0, "retweets_count": 0, "hashtags": []}
{"id": 1220846687016476672, "date": "2020-01-24", "time": "18:11:47", "tweet": "@StephenLimbaugh Put the track with the panner in INPUT then you’ll get control. Logic diables plugs without audio passing", "likes_count": 0, "replies_count": 0, "retweets_count": 0, "hashtags": []}
{"id": 1220846676795109377, "date": "2020-01-24", "time": "18:11:44", "tweet": "@g_unrecovered I felt quilty at keeping my sis safe. Who was i to keep her here when her pain was too much?  However she now has a new dog &amp; recently had some positive input via community group. It’s a real dilemma", "likes_count": 0, "replies_count": 1, "retweets_count": 0, "hashtags": []}
{"id": 1220846623661740032, "date": "2020-01-24", "time": "18:11:31", "tweet": "Stats and minimap would be a welcome addition to this year's codcaster but what I'm seeing right now is fucking fantastic.   Wish we could input some of these features ourself", "likes_count": 0, "replies_count": 1, "retweets_count": 0, "hashtags": []}
{"id": 1220846459249156096, "date": "2020-01-24", "time": "18:10:52", "tweet": "Great job @DougieReynolds (view at time listed below,) you can watch all of the comments from this afternoon's session below, and then weigh in with your own written input.   They are still being accepting!    Please let us know what you think here as well!", "likes_count": 9, "replies_count": 2, "retweets_count": 3, "hashtags": []}
{"id": 1220846121230032897, "date": "2020-01-24", "time": "18:09:32", "tweet": "@LaPuente626sgv @ayeekass I ain’t ever seen a torta eat a burrito, crazy", "likes_count": 9, "replies_count": 3, "retweets_count": 0, "hashtags": []}
{"id": 1220846109834104834, "date": "2020-01-24", "time": "18:09:29", "tweet": "\"The candidates will also go through a “blind board” in which (generals) review the candidate with a SGM providing input:  \"Blind” = the candidate stands on the opposite side of a hanging sheet... and background paperwork is scrubbed of personally identifying information.\"  https://t.co/dLR83hVpY7", "likes_count": 0, "replies_count": 0, "retweets_count": 0, "hashtags": []}
{"id": 1220846089244413962, "date": "2020-01-24", "time": "18:09:24", "tweet": "When your are the one constantly talking amongst a group when input is welcome, shut the Fock up sometime. You can’t listen when you speak.", "likes_count": 0, "replies_count": 0, "retweets_count": 0, "hashtags": []}
{"id": 1220846066595221504, "date": "2020-01-24", "time": "18:09:19", "tweet": "@eliehonig His woeful lack of meaningful input &amp; relevance in this McConnell-orchestrated clown show,  hardly inspires confidence in the upcoming SCOTUS review of 45’s financials cases in March.", "likes_count": 0, "replies_count": 0, "retweets_count": 0, "hashtags": []}
{"id": 1220846055245451266, "date": "2020-01-24", "time": "18:09:16", "tweet": "@dsceditor @IMSA @FIAWEC @24hoursoflemans @marshallpruett @GerardNeveuWEC It seems, on the outside, this new class, LMDh, is just DPi / DPi 2.0 with a new name and added input from the ACO. Can John and Gerard explain how LMDh is different from DPi?", "likes_count": 0, "replies_count": 0, "retweets_count": 0, "hashtags": []}
