{"id": 1238978056712343555, "date": "2020-03-14", "time": "19:59:22", "tweet": "@choo_ek Wow you handled this perfectly. Great input. Gosh you’re awesome!", "likes_count": 0, "replies_count": 0, "retweets_count": 0, "hashtags": []}
{"id": 1238978031223537664, "date": "2020-03-14", "time": "19:59:16", "tweet": "@RyanAtchasonn I’ve had one or two issues and both MLB parks. Other than that it’s been really nice and there is a delay when contact is made but I think it was made that way by design to help with the input lag and desync issues", "likes_count": 1, "replies_count": 1, "retweets_count": 0, "hashtags": []}
{"id": 1238977985044033536, "date": "2020-03-14", "time": "19:59:05", "tweet": "@KateMacEachen @Royal_College @CraigFergusonMD We’re just going to have to disagree on this. Those expressing their feelings on Twitter obviously have an account. Be mad about something that matters, like moving the exam without  specialty committee input.", "likes_count": 0, "replies_count": 1, "retweets_count": 0, "hashtags": []}
{"id": 1238977902353567748, "date": "2020-03-14", "time": "19:58:45", "tweet": "My doctors just texted me about the Coronavirus again. I’ve already told them I’ve got medical expert Chris Mason telling me all the facts about it, I don’t need their input", "likes_count": 16, "replies_count": 0, "retweets_count": 1, "hashtags": []}
{"id": 1238977901594210305, "date": "2020-03-14", "time": "19:58:45", "tweet": "ดีครับ2048 Cards can make money. What are you waiting for? Download it, input the refer code SEQGFA9 to get reward. https://t.co/CLA5IIQPHP", "likes_count": 0, "replies_count": 0, "retweets_count": 0, "hashtags": []}
{"id": 1238977826445025285, "date": "2020-03-14", "time": "19:58:27", "tweet": "@jaxonbeairsto @OrlyFN @QuesadiazFPS Okay @BrodaPoper is the squad wiper no matter the input, but @Compotason is actually lost", "likes_count": 2, "replies_count": 2, "retweets_count": 0, "hashtags": []}
{"id": 1238977713785966594, "date": "2020-03-14", "time": "19:58:00", "tweet": "@Crosse_365 Slide I need ya input on this topic", "likes_count": 0, "replies_count": 0, "retweets_count": 0, "hashtags": []}
{"id": 1238977543270694917, "date": "2020-03-14", "time": "19:57:20", "tweet": "Remaining NextGen Bus Plan workshops cancelled — but we still want your input!:  https://t.co/lYXVWBplzY #LA #Metro #Transit #LosAngeles #Transportation", "likes_count": 0, "replies_count": 0, "retweets_count": 0, "hashtags": ["la", "metro", "transit", "losangeles", "transportation"]}
{"id": 1238977396872708097, "date": "2020-03-14", "time": "19:56:45", "tweet": "@julielosibin @SKeithPryor @realDonaldTrump Well said. Thank you for your input. 🤗🤗", "likes_count": 0, "replies_count": 0, "retweets_count": 0, "hashtags": []}
{"id": 1238977305826951169, "date": "2020-03-14", "time": "19:56:23", "tweet": "@BillEllson @EugeniAlemany @emulenews @omenendez @Uhandrea Thank you for the input.", "likes_count": 2, "replies_count": 0, "retweets_count": 0, "hashtags": []}
{"id": 1238977238177021953, "date": "2020-03-14", "time": "19:56:07", "tweet": "@PeteGTE @charleemunro @BCPCouncil @waze @WazeUK Thanks for the information. The road closure on Wallisdown Road have now been input into the @Waze map in advance of the closure. @WazeUK", "likes_count": 1, "replies_count": 0, "retweets_count": 0, "hashtags": []}
{"id": 1238977151153713153, "date": "2020-03-14", "time": "19:55:46", "tweet": "The House rushed the corona bill through @repkevinhern?  You mean, like the tax cut for the wealthy (you!)?  Only with repub input and agreement? okay, what ever you say.  Maybe next time if you take time out from your photo shoots, you'd be informed.", "likes_count": 0, "replies_count": 0, "retweets_count": 0, "hashtags": []}
{"id": 1238977144731996160, "date": "2020-03-14", "time": "19:55:45", "tweet": "This says it all. ‘Scientist’ covers a whole range of specialisms from Theoretical Physics to Plant Ecology - most of which have no more valid input on this subject than the ubiquitous ‘Man on the Clapham Omnibus’.", "likes_count": 0, "replies_count": 0, "retweets_count": 0, "hashtags": []}
{"id": 1238976956928012289, "date": "2020-03-14", "time": "19:55:00", "tweet": "@NintendoAmerica Make the joycons work for five fucking seconds please. I’m done with all the input drop bullshit.", "likes_count": 0, "replies_count": 0, "retweets_count": 0, "hashtags": []}
{"id": 1238976914523426817, "date": "2020-03-14", "time": "19:54:50", "tweet": "@dale_oldman @MHNJeremyAppel @jkenney A hodgepodge of barely connected “points”. The 300B is a ludicrous number, AND it isn’t costing us anything currently. Subsidies are often tax breaks; not a cost, just lost earning potential for gov. Royalties are a moving target. You’re ignoring the workers tax input, though.", "likes_count": 0, "replies_count": 2, "retweets_count": 0, "hashtags": []}
{"id": 1238976876951060480, "date": "2020-03-14", "time": "19:54:41", "tweet": "@herbertkuiling Snap ik. RIVM geeft input. De bestuurders besluiten. Maar dan ga ik jouw vraag aan jou stellen: hoeveel van de bestuurders hebben diepgaande kennis van virussen, besmettelijkheid en pandemieën? Antwoord is natuurlijk nul. Dus ze moeten varen op de experts.", "likes_count": 0, "replies_count": 1, "retweets_count": 0, "hashtags": []}
{"id": 1238976679772446720, "date": "2020-03-14", "time": "19:53:54", "tweet": "Given that Warren's belief taht \"personnel is policy\" this policy is probably just the tip of the iceberg. I imagine she has input on *who* makes these decisions, which is more important.", "likes_count": 1, "replies_count": 0, "retweets_count": 0, "hashtags": []}
{"id": 1238976600491909124, "date": "2020-03-14", "time": "19:53:35", "tweet": ".Do media \"persons,\" who seem 2 think they 4 in charge of the world &amp; it would implode w/out their input, EVER contact the government officials who r responsible to see what is already being done?  They start out ACCUSING, not asking.  Fake News IS Enemy of the ppl.", "likes_count": 0, "replies_count": 0, "retweets_count": 0, "hashtags": []}
{"id": 1238976540383182848, "date": "2020-03-14", "time": "19:53:20", "tweet": "CGE will be meeting with university administrators on a weekly basis in a continued effort to respond to COVID-19. Please provide input/feedback through the following form to help us identify areas that need to be discussed/resolved during these meetings.   https://t.co/DCqOaG1ToR", "likes_count": 2, "replies_count": 1, "retweets_count": 1, "hashtags": []}
{"id": 1238976291916914689, "date": "2020-03-14", "time": "19:52:21", "tweet": "@shoe0nhead Was disappointed as hell, until I realized Yang just endorsed him as an excuse to criticize the shit out of Biden's non-policies and have his input taken seriously.", "likes_count": 0, "replies_count": 0, "retweets_count": 0, "hashtags": []}
{"id": 1238976129337180160, "date": "2020-03-14", "time": "19:51:42", "tweet": "Damn, everyone on the same side of this.  Awesome.  I was leaning that way but briefly enjoyed the thought of being home. Thanks for the input.", "likes_count": 2, "replies_count": 0, "retweets_count": 0, "hashtags": []}
{"id": 1238976014841151490, "date": "2020-03-14", "time": "19:51:15", "tweet": "We had some local kids into to play after school.  Great to see them come up with solutions to play with uneven numbers and lads coming in late, with no input from coaches or parents.  How many touches of the football do you think they got whilst having fun?  https://t.co/XJ4JD1OqHV", "likes_count": 1, "replies_count": 0, "retweets_count": 1, "hashtags": []}
{"id": 1238975895253237761, "date": "2020-03-14", "time": "19:50:47", "tweet": "@sofimarshall @michaelkammes Thanks for sharing! you can use an ATEM Mini instead of the Web presenter and save a couple of hundred bucks... or if you have a spare PC you can skip the web presenter and use Newtek’s NDI Tools (NDI Virtual Input and NDI CC Plugin).", "likes_count": 2, "replies_count": 1, "retweets_count": 0, "hashtags": []}
{"id": 1238975877280485377, "date": "2020-03-14", "time": "19:50:42", "tweet": "Hey lovers! Tell me your ideas for solo content! Any idea! I need your input! Comment below!!", "likes_count": 8, "replies_count": 5, "retweets_count": 1, "hashtags": []}
{"id": 1238975831906672641, "date": "2020-03-14", "time": "19:50:32", "tweet": "@TheBlackChannel Can’t wait to hear ur input", "likes_count": 1, "replies_count": 0, "retweets_count": 0, "hashtags": []}
{"id": 1238975754630647808, "date": "2020-03-14", "time": "19:50:13", "tweet": "Going to get some art from @CorumsArt today and looking for input on who I should have her draw.  https://t.co/ZSUXqQN754", "likes_count": 4, "replies_count": 0, "retweets_count": 2, "hashtags": []}
{"id": 1238975269593133058, "date": "2020-03-14", "time": "19:48:17", "tweet": "I want \"Christine\" to _type_ into the search input.", "likes_count": 0, "replies_count": 0, "retweets_count": 0, "hashtags": []}
{"id": 1238975163271483392, "date": "2020-03-14", "time": "19:47:52", "tweet": "@dnepo @missbaj @ramosdelamedina @_tomabbott @ksoreide @Abe_laparoscopy @DrOliverWarren @GianlucaPellino @salo75 @villesallinen @PPockney @rwilkin_1 Another thought @dnepo was having a date input for: onset of symptoms, admission to hospital &amp; surgery. To help define the temporal course of the illness. Eg GI complications could commonly happen around a specific day of illness?", "likes_count": 3, "replies_count": 1, "retweets_count": 0, "hashtags": []}
{"id": 1238975134951542785, "date": "2020-03-14", "time": "19:47:45", "tweet": "@KaitlynEKeller @ayakashifox1 @Kingston_AR @magicalkingdomX  I would love your input :3", "likes_count": 2, "replies_count": 2, "retweets_count": 0, "hashtags": []}
{"id": 1238975063145222144, "date": "2020-03-14", "time": "19:47:28", "tweet": "@robinlundberg Great talking to you earlier about new school/old school rap. Loved your input!!", "likes_count": 0, "replies_count": 1, "retweets_count": 0, "hashtags": []}
{"id": 1238974961722638337, "date": "2020-03-14", "time": "19:47:04", "tweet": "@xucaen Hi,  Delivery is based on the store hours and individual inventories of local stores that are found on  https://t.co/bghH0ecdX3 utilizing your delivery address. You can see all of the products available once the address is input on the website as well through the app.", "likes_count": 1, "replies_count": 0, "retweets_count": 0, "hashtags": []}
{"id": 1238974835486851072, "date": "2020-03-14", "time": "19:46:34", "tweet": "I made the decision to sign the declaration based on federal, state and county declarations, the advice of public health experts &amp; our emergency management team and the input of the other members of the city council. It also made sense to me to be consistent with the City of FW.", "likes_count": 0, "replies_count": 1, "retweets_count": 0, "hashtags": []}
{"id": 1238974830013227011, "date": "2020-03-14", "time": "19:46:33", "tweet": "@ahmmmeddddd 2 *necessary change input*", "likes_count": 0, "replies_count": 1, "retweets_count": 0, "hashtags": []}
{"id": 1238974829270728704, "date": "2020-03-14", "time": "19:46:32", "tweet": "Input info bagus, Pak @jokowi . Treatment bagi pasien positif covid19 menggunakan teknologi antiviral interferon Apha-2B dari Kuba. Mereka sdh mengembangkan rekombinan interferon ini selama 39 tahun sejak bioteknologi berkembang. Riset kita jg bs berkembang.", "likes_count": 0, "replies_count": 0, "retweets_count": 0, "hashtags": []}
{"id": 1238974817144991744, "date": "2020-03-14", "time": "19:46:30", "tweet": "@knotty_kaptaan You may reach them via telephone by referring to this link:  https://t.co/h1XMM9jPgP. Simply input your current location, and you'll obtain the appropriate contact information. Thank you, and we hope this helps!", "likes_count": 0, "replies_count": 0, "retweets_count": 0, "hashtags": []}
{"id": 1238974757724229633, "date": "2020-03-14", "time": "19:46:15", "tweet": "Now is the time to consider protecting our assets- including medical students and residents. We are going to need all hands on deck soon. But we need to collaborate to find solutions so that medical education continues. Excited to see this discussion and input from colleagues.", "likes_count": 11, "replies_count": 0, "retweets_count": 1, "hashtags": []}
{"id": 1238974751785320448, "date": "2020-03-14", "time": "19:46:14", "tweet": "@Anggarinii90 96 itu blm semua data masuk, msh mngkn salah input, kek' kpu kmrn", "likes_count": 1, "replies_count": 0, "retweets_count": 0, "hashtags": []}
{"id": 1238974644104945666, "date": "2020-03-14", "time": "19:45:48", "tweet": "Last thing the entire world needs is more old white men with terrible ideals and morals giving input on “what it means” to be a woman in a place of dignity like Kate &amp; Meghan. You &amp; @RFitzwilliams. Every smear Meghan you throw mud at every kid or WoC she inspires. #oldwhitebigot", "likes_count": 0, "replies_count": 1, "retweets_count": 0, "hashtags": ["oldwhitebigot"]}
{"id": 1238974555567173633, "date": "2020-03-14", "time": "19:45:27", "tweet": "Read comment. New input for everyone. Not everytime we will look into it. Now it is here.", "likes_count": 0, "replies_count": 0, "retweets_count": 0, "hashtags": []}
{"id": 1238974432871206912, "date": "2020-03-14", "time": "19:44:58", "tweet": "While we are still encouraging our community members not to gather and to practice social distancing, we also want to continue to encourage public input at @wehoCity meetings.", "likes_count": 7, "replies_count": 1, "retweets_count": 2, "hashtags": []}
{"id": 1238974337270644738, "date": "2020-03-14", "time": "19:44:35", "tweet": "@MarkLaneNL @jsweeenz @AmandaOBrienRD @stephenkent @JoshTaylorNL @jillianc3 @EDU_GovNL @NLESDCA Exactly your call as a parent!  Everyone still has a choice the CMO is an input into that decision.  Contrary I’m sure to popular belief I’m not sure why anyone would head to a club  setting to get in a tear?", "likes_count": 1, "replies_count": 0, "retweets_count": 0, "hashtags": []}
{"id": 1238974299404460032, "date": "2020-03-14", "time": "19:44:26", "tweet": "vinniochta invited you to use [CashPop]! You can start getting paid for using your phone. Download [CashPop]! now to get 10,000 Gold!!!.  Input Referral's ID: [vinniochta] to get extra 10,000 Gold!!!  https://t.co/fWn1OzsDfM", "likes_count": 0, "replies_count": 0, "retweets_count": 0, "hashtags": []}
{"id": 1238974181951311873, "date": "2020-03-14", "time": "19:43:58", "tweet": "@RockstarGames Please bring GTA V Back on GFN, I hope you understand how advanced GFN is for Cloud gaming in general. I've tried a plethora of other Cloud Gaming services and so far GFN has been THE BEST in terms of everything from quality to input. You peeps are missing out!!!", "likes_count": 1, "replies_count": 0, "retweets_count": 0, "hashtags": []}
{"id": 1238974106374148102, "date": "2020-03-14", "time": "19:43:40", "tweet": "every few years there's some awful crisis that some president or other is blamed for mismanaging. Katrina, Maria, Sandy, COVID-19...  what if disaster management was run by... not politicians, and the president had no input????", "likes_count": 208, "replies_count": 9, "retweets_count": 18, "hashtags": []}
{"id": 1238974105174429696, "date": "2020-03-14", "time": "19:43:40", "tweet": "So I'm trying to fill out @ExpediaCA refund form (because I haven't been able to get anyone on phone for days) and I'm asked to input my itinerary #. Easy, right? No. The itinerary # from my booking is 14 characters. The form won't take it. Instructions say # is 11-13 digits. No.", "likes_count": 1, "replies_count": 1, "retweets_count": 2, "hashtags": []}
{"id": 1238974004133859330, "date": "2020-03-14", "time": "19:43:16", "tweet": "@MattESCunited That's the entire point of your channel. I first go to listen to the entry and /then/ I go to your channel to hear your, very insightful, input ❤️", "likes_count": 2, "replies_count": 1, "retweets_count": 0, "hashtags": []}
{"id": 1238973922109829120, "date": "2020-03-14", "time": "19:42:56", "tweet": "@Mara97320832 @stdojo @JohnCornyn Thanks for your input, MaraNumbers! Super insightful and helpful to the conversation at hand.  https://t.co/4HBUMR5NUc", "likes_count": 2, "replies_count": 0, "retweets_count": 0, "hashtags": []}
{"id": 1238973859589545984, "date": "2020-03-14", "time": "19:42:41", "tweet": "@htTweets Media Report about mobile phones of tax change from 12 to 18% is misleading with objective of benefitting companies. Why they don’t report that many input tax credit is allowed in this sector so the impact will be hardly 2% @nsitharaman @JaganNKaushik", "likes_count": 0, "replies_count": 0, "retweets_count": 0, "hashtags": []}
{"id": 1238973823321608192, "date": "2020-03-14", "time": "19:42:33", "tweet": "@dmfdmfmusic @JaclynGlenn you took our input of the red sweatshirts! 🙌🏼🙌🏼🙌🏼", "likes_count": 1, "replies_count": 0, "retweets_count": 0, "hashtags": []}
{"id": 1238973615758082054, "date": "2020-03-14", "time": "19:41:43", "tweet": "This lady responded to my tweet to the red cross as if I even asked her for her input", "likes_count": 1, "replies_count": 0, "retweets_count": 0, "hashtags": []}
{"id": 1238973584724439040, "date": "2020-03-14", "time": "19:41:36", "tweet": "@The_FortniteGuy Mobile has no input delay and has 120 FPS they are at a huge adavatage", "likes_count": 0, "replies_count": 0, "retweets_count": 0, "hashtags": []}
{"id": 1238973331921080320, "date": "2020-03-14", "time": "19:40:35", "tweet": "Is it dramatic to think of the queen having an input? A speach or some reassurance from her would be nice #TheQueen #COVIDー19 #CloseTheSchoolsNow", "likes_count": 10, "replies_count": 3, "retweets_count": 4, "hashtags": ["thequeen", "covidー19", "closetheschoolsnow"]}
{"id": 1238973303450148869, "date": "2020-03-14", "time": "19:40:29", "tweet": "@gothlemons thank you for your input", "likes_count": 0, "replies_count": 1, "retweets_count": 0, "hashtags": []}
{"id": 1238973262815735809, "date": "2020-03-14", "time": "19:40:19", "tweet": "@MmeJGillespie Thanks for sharing. Our kids are going to have input on how we edit this schedule tomorrow to suit our family needs. There is buy-in, and they really like the morning walk requirement. :)", "likes_count": 1, "replies_count": 0, "retweets_count": 0, "hashtags": []}
{"id": 1238973254632722432, "date": "2020-03-14", "time": "19:40:17", "tweet": "Behringer X Air XR12 12-Input Digital Mixer with Gator Cases Padded Nylon Bag -  https://t.co/9ZGnOZ9ydQ - Add your ads on:  https://t.co/KTFpZpUnkd  https://t.co/dNobZPfm8J", "likes_count": 0, "replies_count": 0, "retweets_count": 0, "hashtags": []}
{"id": 1238973163712778242, "date": "2020-03-14", "time": "19:39:55", "tweet": "@Spoonky_01 @beguine2014 @MichaelLundren @STAC5516 @Corey_Feldman Exactly! And CH was always clear about how he felt about his personal experiences being exposed to the public. From what we know, it's not hard to conclude CH wouldn't have approved how the doc was done. Either way, he's no longer here for his input.", "likes_count": 2, "replies_count": 0, "retweets_count": 1, "hashtags": []}
{"id": 1238973001959460868, "date": "2020-03-14", "time": "19:39:17", "tweet": "Prezies - daar hebben we @rivm en de politiek voor - laat die hun werk doen - neem ze serieus - meedenken is prima - maar geef je input via de juiste wegen - niet via social media @de_specialisten", "likes_count": 2, "replies_count": 0, "retweets_count": 0, "hashtags": []}
{"id": 1238972623159164930, "date": "2020-03-14", "time": "19:37:47", "tweet": "@CoachHuling Definetly a tough choice for him, I’ve given my input when we weighed out the pros and cons and now it’s all up to him to do what’s best for him. This is a good line up of schools to choose from.", "likes_count": 1, "replies_count": 0, "retweets_count": 0, "hashtags": []}
{"id": 1238972604226117634, "date": "2020-03-14", "time": "19:37:42", "tweet": "@ruhlax_guy @trachunfeld @dudelerbug @EPoe187 @CathyYoung63 Because Germany actually goes in for a lot of loose state/private_enterprise cooperation, &amp; much input both ways. There's first a culture of promoting 'Mittelschicht' - small businesses, etc. - &amp; scientific research, + encouraging tech firms w/out neglecting base services.", "likes_count": 0, "replies_count": 1, "retweets_count": 0, "hashtags": []}
{"id": 1238972516166664192, "date": "2020-03-14", "time": "19:37:21", "tweet": "@jeffzrebiec hey Jeff, I know this is kind of out of the blue but I would appreciate your input. Do you think there is any chance the Ravens sign AB? I know he mentioned he wanted to play with his cousin Hollywood.", "likes_count": 1, "replies_count": 1, "retweets_count": 0, "hashtags": []}
{"id": 1238978056712343555, "date": "2020-03-14", "time": "19:59:22", "tweet": "@choo_ek Wow you handled this perfectly. Great input. Gosh you’re awesome!", "likes_count": 0, "replies_count": 0, "retweets_count": 0, "hashtags": []}
{"id": 1238978031223537664, "date": "2020-03-14", "time": "19:59:16", "tweet": "@RyanAtchasonn I’ve had one or two issues and both MLB parks. Other than that it’s been really nice and there is a delay when contact is made but I think it was made that way by design to help with the input lag and desync issues", "likes_count": 1, "replies_count": 1, "retweets_count": 0, "hashtags": []}
{"id": 1238977985044033536, "date": "2020-03-14", "time": "19:59:05", "tweet": "@KateMacEachen @Royal_College @CraigFergusonMD We’re just going to have to disagree on this. Those expressing their feelings on Twitter obviously have an account. Be mad about something that matters, like moving the exam without  specialty committee input.", "likes_count": 0, "replies_count": 1, "retweets_count": 0, "hashtags": []}
{"id": 1238977902353567748, "date": "2020-03-14", "time": "19:58:45", "tweet": "My doctors just texted me about the Coronavirus again. I’ve already told them I’ve got medical expert Chris Mason telling me all the facts about it, I don’t need their input", "likes_count": 16, "replies_count": 0, "retweets_count": 1, "hashtags": []}
{"id": 1238977901594210305, "date": "2020-03-14", "time": "19:58:45", "tweet": "ดีครับ2048 Cards can make money. What are you waiting for? Download it, input the refer code SEQGFA9 to get reward. https://t.co/CLA5IIQPHP", "likes_count": 0, "replies_count": 0, "retweets_count": 0, "hashtags": []}
{"id": 1238977826445025285, "date": "2020-03-14", "time": "19:58:27", "tweet": "@jaxonbeairsto @OrlyFN @QuesadiazFPS Okay @BrodaPoper is the squad wiper no matter the input, but @Compotason is actually lost", "likes_count": 2, "replies_count": 2, "retweets_count": 0, "hashtags": []}
{"id": 1238977713785966594, "date": "2020-03-14", "time": "19:58:00", "tweet": "@Crosse_365 Slide I need ya input on this topic", "likes_count": 0, "replies_count": 0, "retweets_count": 0, "hashtags": []}
{"id": 1238977543270694917, "date": "2020-03-14", "time": "19:57:20", "tweet": "Remaining NextGen Bus Plan workshops cancelled — but we still want your input!:  https://t.co/lYXVWBplzY #LA #Metro #Transit #LosAngeles #Transportation", "likes_count": 0, "replies_count": 0, "retweets_count": 0, "hashtags": ["la", "metro", "transit", "losangeles", "transportation"]}
{"id": 1238977396872708097, "date": "2020-03-14", "time": "19:56:45", "tweet": "@julielosibin @SKeithPryor @realDonaldTrump Well said. Thank you for your input. 🤗🤗", "likes_count": 0, "replies_count": 0, "retweets_count": 0, "hashtags": []}
{"id": 1238977305826951169, "date": "2020-03-14", "time": "19:56:23", "tweet": "@BillEllson @EugeniAlemany @emulenews @omenendez @Uhandrea Thank you for the input.", "likes_count": 2, "replies_count": 0, "retweets_count": 0, "hashtags": []}
{"id": 1238977238177021953, "date": "2020-03-14", "time": "19:56:07", "tweet": "@PeteGTE @charleemunro @BCPCouncil @waze @WazeUK Thanks for the information. The road closure on Wallisdown Road have now been input into the @Waze map in advance of the closure. @WazeUK", "likes_count": 1, "replies_count": 0, "retweets_count": 0, "hashtags": []}
{"id": 1238977151153713153, "date": "2020-03-14", "time": "19:55:46", "tweet": "The House rushed the corona bill through @repkevinhern?  You mean, like the tax cut for the wealthy (you!)?  Only with repub input and agreement? okay, what ever you say.  Maybe next time if you take time out from your photo shoots, you'd be informed.", "likes_count": 0, "replies_count": 0, "retweets_count": 0, "hashtags": []}
{"id": 1238977144731996160, "date": "2020-03-14", "time": "19:55:45", "tweet": "This says it all. ‘Scientist’ covers a whole range of specialisms from Theoretical Physics to Plant Ecology - most of which have no more valid input on this subject than the ubiquitous ‘Man on the Clapham Omnibus’.", "likes_count": 0, "replies_count": 0, "retweets_count": 0, "hashtags": []}
{"id": 1238976956928012289, "date": "2020-03-14", "time": "19:55:00", "tweet": "@NintendoAmerica Make the joycons work for five fucking seconds please. I’m done with all the input drop bullshit.", "likes_count": 0, "replies_count": 0, "retweets_count": 0, "hashtags": []}
{"id": 1238976914523426817, "date": "2020-03-14", "time": "19:54:50", "tweet": "@dale_oldman @MHNJeremyAppel @jkenney A hodgepodge of barely connected “points”. The 300B is a ludicrous number, AND it isn’t costing us anything currently. Subsidies are often tax breaks; not a cost, just lost earning potential for gov. Royalties are a moving target. You’re ignoring the workers tax input, though.", "likes_count": 0, "replies_count": 2, "retweets_count": 0, "hashtags": []}
{"id": 1238976876951060480, "date": "2020-03-14", "time": "19:54:41", "tweet": "@herbertkuiling Snap ik. RIVM geeft input. De bestuurders besluiten. Maar dan ga ik jouw vraag aan jou stellen: hoeveel van de bestuurders hebben diepgaande kennis van virussen, besmettelijkheid en pandemieën? Antwoord is natuurlijk nul. Dus ze moeten varen op de experts.", "likes_count": 0, "replies_count": 1, "retweets_count": 0, "hashtags": []}
{"id": 1238976679772446720, "date": "2020-03-14", "time": "19:53:54", "tweet": "Given that Warren's belief taht \"personnel is policy\" this policy is probably just the tip of the iceberg. I imagine she has input on *who* makes these decisions, which is more important.", "likes_count": 1, "replies_count": 0, "retweets_count": 0, "hashtags": []}
{"id": 1238976600491909124, "date": "2020-03-14", "time": "19:53:35", "tweet": ".Do media \"persons,\" who seem 2 think they 4 in charge of the world &amp; it would implode w/out their input, EVER contact the government officials who r responsible to see what is already being done?  They start out ACCUSING, not asking.  Fake News IS Enemy of the ppl.", "likes_count": 0, "replies_count": 0, "retweets_count": 0, "hashtags": []}
{"id": 1238976540383182848, "date": "2020-03-14", "time": "19:53:20", "tweet": "CGE will be meeting with university administrators on a weekly basis in a continued effort to respond to COVID-19. Please provide input/feedback through the following form to help us identify areas that need to be discussed/resolved during these meetings.   https://t.co/DCqOaG1ToR", "likes_count": 2, "replies_count": 1, "retweets_count": 1, "hashtags": []}
{"id": 1238976291916914689, "date": "2020-03-14", "time": "19:52:21", "tweet": "@shoe0nhead Was disappointed as hell, until I realized Yang just endorsed him as an excuse to criticize the shit out of Biden's non-policies and have his input taken seriously.", "likes_count": 0, "replies_count": 0, "retweets_count": 0, "hashtags": []}
