{"id": 1231368032053874688, "date": "2020-02-22", "time": "18:59:51", "tweet": "@High_OkTane Thank goodness for my input", "likes_count": 0, "replies_count": 1, "retweets_count": 0, "hashtags": []}
{"id": 1231367958234116096, "date": "2020-02-22", "time": "18:59:33", "tweet": "@ElaineDyson1 Absolutely amazing result, so pleased for Chris, hopefully a turning point in his life, thanks to your input Elaine. Any surplus on my part can be donated to a charity of your choice Elaine, atb Bx", "likes_count": 3, "replies_count": 1, "retweets_count": 0, "hashtags": []}
{"id": 1231367921571483650, "date": "2020-02-22", "time": "18:59:24", "tweet": "@catturd2 Come on @catturd2 you need one of these! I can make a matching collar for Smiles too! Still waiting on input for the Turd inspired bracelet too!  https://t.co/WgXmbWcB9P", "likes_count": 3, "replies_count": 0, "retweets_count": 1, "hashtags": []}
{"id": 1231367695142150144, "date": "2020-02-22", "time": "18:58:30", "tweet": "@JRubinBlogger Thanks for your input, Republican", "likes_count": 33, "replies_count": 1, "retweets_count": 1, "hashtags": []}
{"id": 1231367676464730112, "date": "2020-02-22", "time": "18:58:26", "tweet": "@Jodipayneart Personally I’ve been doing this a very long time and you are the first person to have ever been confused. But thanks for the input!", "likes_count": 0, "replies_count": 0, "retweets_count": 0, "hashtags": []}
{"id": 1231367441407762433, "date": "2020-02-22", "time": "18:57:30", "tweet": "@skeptycally Oh okay I see is the 421b after like a 5(C) not sure if you've been buffering the input during the 5C and then hitting b that can help with that", "likes_count": 0, "replies_count": 1, "retweets_count": 0, "hashtags": []}
{"id": 1231367349053382656, "date": "2020-02-22", "time": "18:57:08", "tweet": "@webmixedreality I can't wait to show off Stardust's input and physics systems, both using SDF exclusively :D", "likes_count": 0, "replies_count": 0, "retweets_count": 0, "hashtags": []}
{"id": 1231366955069669376, "date": "2020-02-22", "time": "18:55:34", "tweet": "@CNNIndonesia alasan salah ketik,salah input,salah itung dan stress menjadikan saya inget sama temen bermainku yg terkenal tolol dan ngeyelan. klo ada PR salah Katanya salah nulis ( ketik ) klo main pas dia pasang jaga alasan pusing ( stress ) pancen tolol dia temenku 🤭😀😀", "likes_count": 1, "replies_count": 0, "retweets_count": 0, "hashtags": []}
{"id": 1231366909318139910, "date": "2020-02-22", "time": "18:55:23", "tweet": "I think that epic should bring back stretched as in the old method to do it, the only people arguing about it are console players who don’t have a chance at competing with pc players already like console players only get 60 FPS and input delay so they are already at a huge 1/3", "likes_count": 2, "replies_count": 1, "retweets_count": 0, "hashtags": []}
{"id": 1231366886853492736, "date": "2020-02-22", "time": "18:55:18", "tweet": "@CrispyMe_ Time to learn how to perfectly time each input cheif", "likes_count": 0, "replies_count": 1, "retweets_count": 0, "hashtags": []}
{"id": 1231366820017295360, "date": "2020-02-22", "time": "18:55:02", "tweet": "Bts song never leave studio without Joon hear it that is so powerful n prove how his input is needed for their song to be put into album woah Joon is so incredible", "likes_count": 11, "replies_count": 1, "retweets_count": 6, "hashtags": []}
{"id": 1231366796026032129, "date": "2020-02-22", "time": "18:54:56", "tweet": "@Cursezy @JayRayXO Thanks for the input Kim possible", "likes_count": 1, "replies_count": 0, "retweets_count": 0, "hashtags": []}
{"id": 1231366648256294912, "date": "2020-02-22", "time": "18:54:21", "tweet": "stdin標準入力 (standard input) [stdio.h]", "likes_count": 0, "replies_count": 0, "retweets_count": 0, "hashtags": []}
{"id": 1231366514806116352, "date": "2020-02-22", "time": "18:53:49", "tweet": "@DarusHeru @kaprikurt @msaid_didu Matematika 1+1=2  Kape'u  1+1=11(eh maaf..slh input)", "likes_count": 0, "replies_count": 0, "retweets_count": 0, "hashtags": []}
{"id": 1231366464055074817, "date": "2020-02-22", "time": "18:53:37", "tweet": "@Mooby_Doo @imbalaska @OMGTheMess @AlboMP Labor are peddling a similar pie in the sky, unicorn powered dream as they did the last federal election. Just to keep things the same they have no idea what it will cost or the side effects of their insanity. Same input will equal same result at the next election. Thank you Albo", "likes_count": 0, "replies_count": 1, "retweets_count": 0, "hashtags": []}
{"id": 1231366261470306305, "date": "2020-02-22", "time": "18:52:49", "tweet": "camera angle  110 degree   Wi-Fi IEEE 802.11 b/g/n 2.4 GHz Input : 5V ; 10℃ ~ 50℃; Devices : Android 4.4 above or IOS 9.0 above, Night Vision To know more CLICK-  https://t.co/zP3Hz4TJbS  @IdenKimberleyk @theleftbible @VaTechPhiDelt @mcbride_dr @gillywillyduck @Vineetbhargava9  https://t.co/U2i5Nmfftp", "likes_count": 0, "replies_count": 0, "retweets_count": 0, "hashtags": []}
{"id": 1231366205631414273, "date": "2020-02-22", "time": "18:52:35", "tweet": "@AriFleischer There absolutely IS something wrong with it.  Leaders surround themselves with all viewpoints and make decisions based on facts, science and their best understanding and best practices. Not yes men, not sycophants.  A great leader should want input from all sides.", "likes_count": 0, "replies_count": 0, "retweets_count": 0, "hashtags": []}
{"id": 1231366138019373056, "date": "2020-02-22", "time": "18:52:19", "tweet": "Cheery Ruby have fun. What are you waiting for? Download it, input the refer code HJ35Z to get reward.  https://t.co/SGgUoHrvsp", "likes_count": 0, "replies_count": 0, "retweets_count": 0, "hashtags": []}
{"id": 1231365820325953536, "date": "2020-02-22", "time": "18:51:03", "tweet": "@TheMMessageman @Sonica_Rose_87 @fandomsunited8 i would also appreciate to input my agreement", "likes_count": 2, "replies_count": 1, "retweets_count": 0, "hashtags": []}
{"id": 1231365678055116801, "date": "2020-02-22", "time": "18:50:29", "tweet": "you WANTED my input, and you didn't just ignore me, YOU TRIED TO TELL ME I WAS WRONG?? I get it, some games aren't for everyone. But don't ASK ME what I think you should play, and then tell me I'm fucking WRONG for liking a game that you think is shitty WHEN YOU HAVENT PLAYED IT", "likes_count": 3, "replies_count": 1, "retweets_count": 0, "hashtags": []}
{"id": 1231365578415378432, "date": "2020-02-22", "time": "18:50:06", "tweet": "@AppleMusic Hello, trying to get help with iTunes Music purchases from Apple US site but website keeps redirecting to the Apple Belgium despite repeatedly clicking on US site as to where I want to go. I’m in Belgium now but what’s the point of asking if the site ignores my input?", "likes_count": 0, "replies_count": 0, "retweets_count": 0, "hashtags": []}
{"id": 1231365546727198720, "date": "2020-02-22", "time": "18:49:58", "tweet": "@AdamDiehl15 This is the NMAA Criteria: -Finish in regular season district play -Head to Head -Wins against district champions regardless of class -Overall Record -MaxPreps Freeman Rankings -Member School Input   I looked at the criteria when I did the seeding. Any team can win it this year.", "likes_count": 1, "replies_count": 1, "retweets_count": 0, "hashtags": []}
{"id": 1231365543979913216, "date": "2020-02-22", "time": "18:49:58", "tweet": "@whatthemauro the issue is linking the attack properly  its a tricky input but im just slow at doing it", "likes_count": 0, "replies_count": 1, "retweets_count": 0, "hashtags": []}
{"id": 1231365270641360896, "date": "2020-02-22", "time": "18:48:52", "tweet": "@meganecon_ sometimes I do the input so fast on hitbox that the game doesn't have time to process the diagonals", "likes_count": 0, "replies_count": 1, "retweets_count": 0, "hashtags": []}
{"id": 1231365249636265985, "date": "2020-02-22", "time": "18:48:47", "tweet": "I've tried to catch up, but everyone provided so much input! I have to get to things now, but I really appreciate everyone providing their thoughts. I'll continue to read replies, but no promises on responses now. 😩", "likes_count": 0, "replies_count": 0, "retweets_count": 0, "hashtags": []}
{"id": 1231365241088270337, "date": "2020-02-22", "time": "18:48:45", "tweet": "Happy #Nekonohi day to our lovely cat❤️ers here!thanks for the input @junky_penguin ❤️ #FinnTaylor ladies&amp;gentlemen!  https://t.co/dmyhrqJzNo", "likes_count": 9, "replies_count": 3, "retweets_count": 0, "hashtags": ["nekonohi", "finntaylor"]}
{"id": 1231365091964010496, "date": "2020-02-22", "time": "18:48:10", "tweet": "@HaileyLJohnson2 Yes Hailey, [thanks for the input. I absolutely agree that communication, and the amount that you do, depends on personality. Men are generally raised to not express their emotions as much as women, which is truly the sad part. #eng211sp20", "likes_count": 1, "replies_count": 0, "retweets_count": 0, "hashtags": ["eng211sp20"]}
{"id": 1231364989459537920, "date": "2020-02-22", "time": "18:47:45", "tweet": "@TheSopherGopher Thank you for your input. We will discuss it at the next meeting at which you will not be invited because you are female but your view will be filtered by white men.", "likes_count": 1, "replies_count": 1, "retweets_count": 0, "hashtags": []}
{"id": 1231364957004058624, "date": "2020-02-22", "time": "18:47:38", "tweet": "@DeathCurseSoc 2. With the release of The Lodge, this argument has come back, so I’ll let you give your input. Some horror fans claim if something doesn’t have outright scary, jump-in-your-seat elements (The Witch, Midsommar, The Lodge, etc.) then it’s not horror. What are your thoughts?", "likes_count": 1, "replies_count": 0, "retweets_count": 0, "hashtags": []}
{"id": 1231364779836616704, "date": "2020-02-22", "time": "18:46:55", "tweet": "@yungcalc I'm fine with it but they gotta keep a linear input curve but then again linear input curve with l2 pump would be too good", "likes_count": 8, "replies_count": 0, "retweets_count": 0, "hashtags": []}
{"id": 1231364701247983617, "date": "2020-02-22", "time": "18:46:37", "tweet": "#HDMH  #tvtime  #laptop   HDMI Port Male to Female 1 Input 2 Output Splitter Cable Adapter Converter 1080P   https://t.co/rbS5DQMxFN", "likes_count": 0, "replies_count": 0, "retweets_count": 2, "hashtags": ["hdmh", "tvtime", "laptop"]}
{"id": 1231364567420350464, "date": "2020-02-22", "time": "18:46:05", "tweet": "@Kitten0fDoom Thank you for your input. You are amazing as always", "likes_count": 1, "replies_count": 1, "retweets_count": 0, "hashtags": []}
{"id": 1231364523426107392, "date": "2020-02-22", "time": "18:45:54", "tweet": "@72hrs @GordonRamsay  any input on these?", "likes_count": 0, "replies_count": 0, "retweets_count": 0, "hashtags": []}
{"id": 1231364473606299653, "date": "2020-02-22", "time": "18:45:42", "tweet": "@RadioFreeTom plus let all states have some input. Letting a few early states control is a major turnoff + vote suppressor for many in primaries + general", "likes_count": 0, "replies_count": 0, "retweets_count": 0, "hashtags": []}
{"id": 1231364432132837376, "date": "2020-02-22", "time": "18:45:32", "tweet": " https://t.co/wt4FurkWfy Budget Input - complete survey by March 6th", "likes_count": 2, "replies_count": 0, "retweets_count": 1, "hashtags": []}
{"id": 1231364395072016384, "date": "2020-02-22", "time": "18:45:24", "tweet": "@siouxsiebush5 @sadydoyle @aguyuno @adrienneleigh @BathysphereHat There is a surprising amount of people who associate the way I speak with past harm/abuse, which would have been fine if they’d self-regulated around that as opposed to taking it out on me with violence  This backlash is all “how dare anyone say they consciously regulate input”", "likes_count": 0, "replies_count": 0, "retweets_count": 0, "hashtags": []}
{"id": 1231364212175319040, "date": "2020-02-22", "time": "18:44:40", "tweet": "@hayclef1 Ion know y y'all hate o. Best performing duo WizKids input into DAT song was huge .blue ivy that her mum wrote her part for her (watch the gift making by Beyonce)how cud she write WizKids part?pls y'all shud appreciate success abeg.he put naija on DAT stage gumbody or not .", "likes_count": 7, "replies_count": 0, "retweets_count": 0, "hashtags": []}
{"id": 1231364206563188737, "date": "2020-02-22", "time": "18:44:39", "tweet": "@whatthemauro i know they're the same input, but 623 is DP, and 421 is a very good combo move for eltnum", "likes_count": 0, "replies_count": 1, "retweets_count": 0, "hashtags": []}
{"id": 1231364121389604864, "date": "2020-02-22", "time": "18:44:18", "tweet": "@larik11 @Krita_Painting @enve2d That's nice for Enve. ORA is the way to share raster info: Krita files have too many blending mode, layer type, mask, etc... To offer Kra suport, maybe you could detect if Krita is instaled and then run that in background?: krita input.kra --export --export-filename output.ora", "likes_count": 4, "replies_count": 2, "retweets_count": 0, "hashtags": []}
{"id": 1231364043392372736, "date": "2020-02-22", "time": "18:44:00", "tweet": "@porpiepropiedo1 @MeSkyze @FortniteStatus Sorry that the 60fps shadows and input lag isn’t a disadvantage but I suppose a tiny bit more fov makes it a huge difference", "likes_count": 0, "replies_count": 0, "retweets_count": 0, "hashtags": []}
{"id": 1231363960617816064, "date": "2020-02-22", "time": "18:43:40", "tweet": "@MsterSocko No you can set your mic as one audio device for input only, and the headphones as output only", "likes_count": 1, "replies_count": 1, "retweets_count": 0, "hashtags": []}
{"id": 1231363894872072195, "date": "2020-02-22", "time": "18:43:24", "tweet": "@AdamSB___ I want your input in my opinion 🤔", "likes_count": 0, "replies_count": 0, "retweets_count": 0, "hashtags": []}
{"id": 1231363658355265542, "date": "2020-02-22", "time": "18:42:28", "tweet": "@vendicti Så kul att se, Nitzer va en stor input  till hela techno scenen, men trodde faktiskt aldrig att spelades på Acid House fester redan då...", "likes_count": 0, "replies_count": 0, "retweets_count": 0, "hashtags": []}
{"id": 1231363596405198848, "date": "2020-02-22", "time": "18:42:13", "tweet": "@Kanseulir Apa bedanya dg salah input?", "likes_count": 1, "replies_count": 0, "retweets_count": 0, "hashtags": []}
{"id": 1231363563526197251, "date": "2020-02-22", "time": "18:42:05", "tweet": "@barkandjack Excellent input. Thank you!", "likes_count": 1, "replies_count": 0, "retweets_count": 0, "hashtags": []}
{"id": 1231363545628938242, "date": "2020-02-22", "time": "18:42:01", "tweet": "@chriismolina This is gorgeous. Do you accept input?", "likes_count": 0, "replies_count": 0, "retweets_count": 0, "hashtags": []}
{"id": 1231363536267464704, "date": "2020-02-22", "time": "18:41:59", "tweet": "@HenryTalks Not sure I understand. What I mean is it might be able to input only what’s within a 12” radius ie. your voice.", "likes_count": 0, "replies_count": 1, "retweets_count": 0, "hashtags": []}
{"id": 1231363270398881792, "date": "2020-02-22", "time": "18:40:55", "tweet": "@DexertoIntel Yup, keep getting input delay when I try throwing lethals or tacticals 😡", "likes_count": 1, "replies_count": 0, "retweets_count": 0, "hashtags": []}
{"id": 1231363243815231488, "date": "2020-02-22", "time": "18:40:49", "tweet": "is there actually any difference for Ferry using easy input to Phonon install?", "likes_count": 0, "replies_count": 1, "retweets_count": 0, "hashtags": []}
{"id": 1231363210780893185, "date": "2020-02-22", "time": "18:40:41", "tweet": "@evcricket It surprises me endlessly how often people especially politicians try to simplify complexity down to 1:1 correlation. Some things are the result of many input variables, each of which may influence others on an infinite scale from lots to none", "likes_count": 1, "replies_count": 1, "retweets_count": 0, "hashtags": []}
{"id": 1231363171274960898, "date": "2020-02-22", "time": "18:40:32", "tweet": "@SaeefLFC Thanks for your input", "likes_count": 6, "replies_count": 2, "retweets_count": 0, "hashtags": []}
{"id": 1231363110507884547, "date": "2020-02-22", "time": "18:40:17", "tweet": "@BMiddelijn lookin at ya inputs it seems ya missin something. I usually do tatsu input, then back after the 1st dash", "likes_count": 1, "replies_count": 1, "retweets_count": 0, "hashtags": []}
{"id": 1231362910464696321, "date": "2020-02-22", "time": "18:39:30", "tweet": "@dhe1022 @gehrig38 Oh I’m aware of his legend to Boston Red Sox fans, he if Curt had any other input as to why", "likes_count": 0, "replies_count": 0, "retweets_count": 0, "hashtags": []}
{"id": 1231362900398411777, "date": "2020-02-22", "time": "18:39:27", "tweet": "@TheExtremista quella è la backdoor d'emergenza per bypassare la sezione input e andare dritto al neurone centrale", "likes_count": 0, "replies_count": 0, "retweets_count": 0, "hashtags": []}
{"id": 1231362880005648385, "date": "2020-02-22", "time": "18:39:22", "tweet": "@Brzezinski_Math @openmiddle @geogebra @robertkaplinsky @Math_m_Addicts @DanShuster I’ll go back and include input boxes and clean up the numbers left list. I didn’t have the time at the moment to use the input boxes.", "likes_count": 1, "replies_count": 1, "retweets_count": 0, "hashtags": []}
{"id": 1231362852352557056, "date": "2020-02-22", "time": "18:39:16", "tweet": "@timrvmi @rwpallas @USMC I am sure that force design continues, unabated. I read this very much as \"these are the priorities that I want input on.\"", "likes_count": 2, "replies_count": 0, "retweets_count": 0, "hashtags": []}
{"id": 1231362832085737473, "date": "2020-02-22", "time": "18:39:11", "tweet": "@Sesan1809 @YorubaHistory See what you're doing is taking oral history too literal , and may I input that some west african authors recognized the that time as when 'powerful people roamed the earth ' though it may sound diabolical it's possible the lice couldve been kept in that slaves head for 3 years.", "likes_count": 0, "replies_count": 1, "retweets_count": 0, "hashtags": []}
{"id": 1231362809625292800, "date": "2020-02-22", "time": "18:39:06", "tweet": "@SaltyCatPlays @ExBlood You must be a hard wanna be thug from the 414 salty cat.   Get outa here no-one asked for your input anyway", "likes_count": 1, "replies_count": 0, "retweets_count": 0, "hashtags": []}
{"id": 1231362728545091584, "date": "2020-02-22", "time": "18:38:46", "tweet": "@iquisitor2020 @michaeljgruber3 @Yeagermeister06 @WaltDisneyWorld Someone who’s never been involved in freemasonry should not put their input about it. My uncle, my grandfather, and my great grandfather are all Freemasons. My uncle is also part of the Illuminati, who have came out and said that they are Christian as they practice those beliefs.", "likes_count": 0, "replies_count": 4, "retweets_count": 0, "hashtags": []}
{"id": 1231362700657090560, "date": "2020-02-22", "time": "18:38:40", "tweet": "I need more output to use English but also input.  Living in Japan, I don’t have so many opportunities to speak English. I decided to write my diary in English everyday from today.  #english #英語学習", "likes_count": 1, "replies_count": 0, "retweets_count": 0, "hashtags": ["english", "英語学習"]}
