{"id": 1213973371152527360, "date": "2020-01-05", "time": "18:59:40", "tweet": "@DiamondandSilk Trump does not need your input, advice or vote.  You’v been Trumped!", "likes_count": 0, "replies_count": 0, "retweets_count": 0, "hashtags": []}
{"id": 1213973324973387781, "date": "2020-01-05", "time": "18:59:29", "tweet": "@DunwoodyDr  The minimum for being taken seriously is knowing the committee/subcommittee structure of staffers you want to influence, the co-sponsors and history or legislation you want an input on. Legislators are desperate for trustworthy information.", "likes_count": 1, "replies_count": 0, "retweets_count": 0, "hashtags": []}
{"id": 1213973157595340800, "date": "2020-01-05", "time": "18:58:49", "tweet": "Day 26 (1/6) 膝コロ: 16回 x 3セット プッシュアップ: 16回、12回 x 2セット  #100DaysOfWorkout #筋トレ", "likes_count": 0, "replies_count": 0, "retweets_count": 0, "hashtags": ["100daysofworkout", "筋トレ"]}
{"id": 1213973139539079173, "date": "2020-01-05", "time": "18:58:45", "tweet": "@coachbrett15 @mountainsgames That sounds perfect! If you get around to it consider sharing how it goes here on Hey Listen Games. there is a section for educators to share how these lessons have gone in their classrooms. I'm sure many people would find your input useful.  https://t.co/duTsU5tZJI", "likes_count": 1, "replies_count": 0, "retweets_count": 0, "hashtags": []}
{"id": 1213973088360181760, "date": "2020-01-05", "time": "18:58:33", "tweet": "@patriciaglows Thanks for your input, as always much appreciated. Let’s meet soon I need to hear about your Ghana adventures!!", "likes_count": 1, "replies_count": 1, "retweets_count": 0, "hashtags": []}
{"id": 1213973077010321409, "date": "2020-01-05", "time": "18:58:30", "tweet": "@jeff4kicks @TristanBlair22 ... what input are they actually getting these days? &amp; will the brand / creator relations suffer even more now Wex is going to Yeezy brand fulltime?  With Ivy Park, Donald Glover, Jonah Hill, awesome new Yeezy models &amp; the SW collab surely Adi can't mess up 2020 🙏", "likes_count": 2, "replies_count": 1, "retweets_count": 0, "hashtags": []}
{"id": 1213972972475748352, "date": "2020-01-05", "time": "18:58:05", "tweet": "@FTwagiramungu @PaulKagame Twemera bwana wacu kubera kuba humble from input and output , kandi bikaba successful kandi dufite vision y'igihugu , 2050 za,", "likes_count": 1, "replies_count": 0, "retweets_count": 0, "hashtags": []}
{"id": 1213972874442072064, "date": "2020-01-05", "time": "18:57:42", "tweet": "I mean, why does @SonyAlpha have such a terrible menu system? Why isn't charging and media output and mic input and etc. from USB C universal? Being able to upload pics to cloud storage over wifi with the touch of a button would be nigh expected for most people.", "likes_count": 0, "replies_count": 1, "retweets_count": 0, "hashtags": []}
{"id": 1213972835086921734, "date": "2020-01-05", "time": "18:57:33", "tweet": "I estimated that my To Do List™️ was going to be complete by lunch time. I had it finished at 10.30am. Everything else I can do needs input from people that aren’t back in the office until tomorrow or next week. 😐", "likes_count": 1, "replies_count": 1, "retweets_count": 0, "hashtags": []}
{"id": 1213972736231510018, "date": "2020-01-05", "time": "18:57:09", "tweet": "@TheRebelPatient @Tootwisted40 @BethDarnall I mirror Brian's comment. This holds a lot of weight coming from you, doctor.  I so appreciate &amp; respect your input.  --Thank you, for your response!", "likes_count": 0, "replies_count": 0, "retweets_count": 0, "hashtags": []}
{"id": 1213972708934983680, "date": "2020-01-05", "time": "18:57:02", "tweet": "@newty___newt Not a big fan of math either, so that’s good to hear! Thanks for the input ❤️", "likes_count": 1, "replies_count": 0, "retweets_count": 0, "hashtags": []}
{"id": 1213972596770906112, "date": "2020-01-05", "time": "18:56:36", "tweet": "PS3,PS4,XBOX ONE,WiiUがHDMI分配器8x1にInput→OutputからAVT-C875(キャプチャーボード)に出力、そこからセカンドモニターに映像を出力、ややこしくは無いけどゲーム機4台繋いであるからアホみたいに入り組んでるんだけど", "likes_count": 0, "replies_count": 0, "retweets_count": 0, "hashtags": []}
{"id": 1213972438339510284, "date": "2020-01-05", "time": "18:55:58", "tweet": "@JoeJohnSr @devor79 I won’t. I’ve learned from USA Football’s Coach and Coordinator Podcast that what I need to do is keep my mouth shut, do my job, try to stay involved with the coaches on my own time, and try to learn as much as I can until someone on the staff asks for my input.", "likes_count": 1, "replies_count": 1, "retweets_count": 0, "hashtags": []}
{"id": 1213972362653253633, "date": "2020-01-05", "time": "18:55:40", "tweet": "@AngelaBelcamino @realDonaldTrump Dear Angela, Thank you for your incompetent input Sincerely, Twitter and it’s users", "likes_count": 3, "replies_count": 1, "retweets_count": 1, "hashtags": []}
{"id": 1213972324300537856, "date": "2020-01-05", "time": "18:55:31", "tweet": "@Withwhatsmine @Babs_SP Fuck me, the fact that you had to divert from the discussion so hard shows how empty your input is.", "likes_count": 1, "replies_count": 1, "retweets_count": 0, "hashtags": []}
{"id": 1213972049418444800, "date": "2020-01-05", "time": "18:54:25", "tweet": "OMG... stocking up!!! Thank you to those of you who helped with getting shelves in, putting up merchandise, giving input on items wanted or needed.   The retail part of the center is NOT open yet! Merchandising and...  https://t.co/b0WLTLOuxh", "likes_count": 0, "replies_count": 0, "retweets_count": 0, "hashtags": []}
{"id": 1213971795008733184, "date": "2020-01-05", "time": "18:53:25", "tweet": "Ben Jennings on Boris Johnson's input on the US-Iran crisis – cartoon   https://t.co/BrWBgVtiej", "likes_count": 0, "replies_count": 0, "retweets_count": 0, "hashtags": []}
{"id": 1213971520139214848, "date": "2020-01-05", "time": "18:52:19", "tweet": "Wishing Everyone in my network a Happy Healthy &amp; Fulfilling New Year! Thank You for your Likes, Comments, support and valuable input during an exciting and busy 2019 journey! 2019 was an incredible year for @RxFunction! A few #highlights will follow 1/4. @MedicalAlley @ACRM", "likes_count": 4, "replies_count": 0, "retweets_count": 0, "hashtags": ["highlights"]}
{"id": 1213971458445258753, "date": "2020-01-05", "time": "18:52:04", "tweet": "Troquei a tv da sala e tô incomodado como a cor fica lavada no modo pc ( Uso o modo pc pra n ter input lag)", "likes_count": 0, "replies_count": 0, "retweets_count": 0, "hashtags": []}
{"id": 1213971345450717184, "date": "2020-01-05", "time": "18:51:37", "tweet": "@jackbutler4815 @NRO @JonahDispatch @AEI Congrats. Always enjoy your input on the podcast.", "likes_count": 0, "replies_count": 0, "retweets_count": 0, "hashtags": []}
{"id": 1213973371152527360, "date": "2020-01-05", "time": "18:59:40", "tweet": "@DiamondandSilk Trump does not need your input, advice or vote.  You’v been Trumped!", "likes_count": 0, "replies_count": 0, "retweets_count": 0, "hashtags": []}
{"id": 1213973324973387781, "date": "2020-01-05", "time": "18:59:29", "tweet": "@DunwoodyDr  The minimum for being taken seriously is knowing the committee/subcommittee structure of staffers you want to influence, the co-sponsors and history or legislation you want an input on. Legislators are desperate for trustworthy information.", "likes_count": 1, "replies_count": 0, "retweets_count": 0, "hashtags": []}
{"id": 1213973157595340800, "date": "2020-01-05", "time": "18:58:49", "tweet": "Day 26 (1/6) 膝コロ: 16回 x 3セット プッシュアップ: 16回、12回 x 2セット  #100DaysOfWorkout #筋トレ", "likes_count": 0, "replies_count": 0, "retweets_count": 0, "hashtags": ["100daysofworkout", "筋トレ"]}
{"id": 1213973139539079173, "date": "2020-01-05", "time": "18:58:45", "tweet": "@coachbrett15 @mountainsgames That sounds perfect! If you get around to it consider sharing how it goes here on Hey Listen Games. there is a section for educators to share how these lessons have gone in their classrooms. I'm sure many people would find your input useful.  https://t.co/duTsU5tZJI", "likes_count": 1, "replies_count": 0, "retweets_count": 0, "hashtags": []}
{"id": 1213973088360181760, "date": "2020-01-05", "time": "18:58:33", "tweet": "@patriciaglows Thanks for your input, as always much appreciated. Let’s meet soon I need to hear about your Ghana adventures!!", "likes_count": 1, "replies_count": 1, "retweets_count": 0, "hashtags": []}
{"id": 1213973077010321409, "date": "2020-01-05", "time": "18:58:30", "tweet": "@jeff4kicks @TristanBlair22 ... what input are they actually getting these days? &amp; will the brand / creator relations suffer even more now Wex is going to Yeezy brand fulltime?  With Ivy Park, Donald Glover, Jonah Hill, awesome new Yeezy models &amp; the SW collab surely Adi can't mess up 2020 🙏", "likes_count": 2, "replies_count": 1, "retweets_count": 0, "hashtags": []}
{"id": 1213972972475748352, "date": "2020-01-05", "time": "18:58:05", "tweet": "@FTwagiramungu @PaulKagame Twemera bwana wacu kubera kuba humble from input and output , kandi bikaba successful kandi dufite vision y'igihugu , 2050 za,", "likes_count": 1, "replies_count": 0, "retweets_count": 0, "hashtags": []}
{"id": 1213972874442072064, "date": "2020-01-05", "time": "18:57:42", "tweet": "I mean, why does @SonyAlpha have such a terrible menu system? Why isn't charging and media output and mic input and etc. from USB C universal? Being able to upload pics to cloud storage over wifi with the touch of a button would be nigh expected for most people.", "likes_count": 0, "replies_count": 1, "retweets_count": 0, "hashtags": []}
{"id": 1213972835086921734, "date": "2020-01-05", "time": "18:57:33", "tweet": "I estimated that my To Do List™️ was going to be complete by lunch time. I had it finished at 10.30am. Everything else I can do needs input from people that aren’t back in the office until tomorrow or next week. 😐", "likes_count": 1, "replies_count": 1, "retweets_count": 0, "hashtags": []}
{"id": 1213972736231510018, "date": "2020-01-05", "time": "18:57:09", "tweet": "@TheRebelPatient @Tootwisted40 @BethDarnall I mirror Brian's comment. This holds a lot of weight coming from you, doctor.  I so appreciate &amp; respect your input.  --Thank you, for your response!", "likes_count": 0, "replies_count": 0, "retweets_count": 0, "hashtags": []}
{"id": 1213972708934983680, "date": "2020-01-05", "time": "18:57:02", "tweet": "@newty___newt Not a big fan of math either, so that’s good to hear! Thanks for the input ❤️", "likes_count": 1, "replies_count": 0, "retweets_count": 0, "hashtags": []}
{"id": 1213972596770906112, "date": "2020-01-05", "time": "18:56:36", "tweet": "PS3,PS4,XBOX ONE,WiiUがHDMI分配器8x1にInput→OutputからAVT-C875(キャプチャーボード)に出力、そこからセカンドモニターに映像を出力、ややこしくは無いけどゲーム機4台繋いであるからアホみたいに入り組んでるんだけど", "likes_count": 0, "replies_count": 0, "retweets_count": 0, "hashtags": []}
{"id": 1213972438339510284, "date": "2020-01-05", "time": "18:55:58", "tweet": "@JoeJohnSr @devor79 I won’t. I’ve learned from USA Football’s Coach and Coordinator Podcast that what I need to do is keep my mouth shut, do my job, try to stay involved with the coaches on my own time, and try to learn as much as I can until someone on the staff asks for my input.", "likes_count": 1, "replies_count": 1, "retweets_count": 0, "hashtags": []}
{"id": 1213972362653253633, "date": "2020-01-05", "time": "18:55:40", "tweet": "@AngelaBelcamino @realDonaldTrump Dear Angela, Thank you for your incompetent input Sincerely, Twitter and it’s users", "likes_count": 3, "replies_count": 1, "retweets_count": 1, "hashtags": []}
{"id": 1213972324300537856, "date": "2020-01-05", "time": "18:55:31", "tweet": "@Withwhatsmine @Babs_SP Fuck me, the fact that you had to divert from the discussion so hard shows how empty your input is.", "likes_count": 1, "replies_count": 1, "retweets_count": 0, "hashtags": []}
{"id": 1213972049418444800, "date": "2020-01-05", "time": "18:54:25", "tweet": "OMG... stocking up!!! Thank you to those of you who helped with getting shelves in, putting up merchandise, giving input on items wanted or needed.   The retail part of the center is NOT open yet! Merchandising and...  https://t.co/b0WLTLOuxh", "likes_count": 0, "replies_count": 0, "retweets_count": 0, "hashtags": []}
{"id": 1213971795008733184, "date": "2020-01-05", "time": "18:53:25", "tweet": "Ben Jennings on Boris Johnson's input on the US-Iran crisis – cartoon   https://t.co/BrWBgVtiej", "likes_count": 0, "replies_count": 0, "retweets_count": 0, "hashtags": []}
{"id": 1213971520139214848, "date": "2020-01-05", "time": "18:52:19", "tweet": "Wishing Everyone in my network a Happy Healthy &amp; Fulfilling New Year! Thank You for your Likes, Comments, support and valuable input during an exciting and busy 2019 journey! 2019 was an incredible year for @RxFunction! A few #highlights will follow 1/4. @MedicalAlley @ACRM", "likes_count": 4, "replies_count": 0, "retweets_count": 0, "hashtags": ["highlights"]}
{"id": 1213971458445258753, "date": "2020-01-05", "time": "18:52:04", "tweet": "Troquei a tv da sala e tô incomodado como a cor fica lavada no modo pc ( Uso o modo pc pra n ter input lag)", "likes_count": 0, "replies_count": 0, "retweets_count": 0, "hashtags": []}
{"id": 1213971345450717184, "date": "2020-01-05", "time": "18:51:37", "tweet": "@jackbutler4815 @NRO @JonahDispatch @AEI Congrats. Always enjoy your input on the podcast.", "likes_count": 0, "replies_count": 0, "retweets_count": 0, "hashtags": []}
{"id": 1213971310214340608, "date": "2020-01-05", "time": "18:51:29", "tweet": "@Weather_Nupe @willeemix @bchristophxr I for sure need y’all input, anyone else please chime in", "likes_count": 0, "replies_count": 2, "retweets_count": 0, "hashtags": []}
{"id": 1213971308180115458, "date": "2020-01-05", "time": "18:51:29", "tweet": "@TroyRenck hey Troy love your input.   Do you think Lock needs to establish himself as a leader this off season?  Meaning he needs to connect with WR’s for passing camp or something to demonstrate his leadership.", "likes_count": 1, "replies_count": 0, "retweets_count": 0, "hashtags": []}
{"id": 1213971066047123457, "date": "2020-01-05", "time": "18:50:31", "tweet": "Planning/booking courtyard and tribute shows for 2020. What do the people want? Gimme some input.", "likes_count": 0, "replies_count": 0, "retweets_count": 0, "hashtags": []}
{"id": 1213971010610966528, "date": "2020-01-05", "time": "18:50:18", "tweet": "@michaelcoren I'm so sorry.  I'm with you!  I really appreciate your voice and perspective; thank you for speaking out.   As a feminist Catholic (unicorn), I'm buoyed by your input.", "likes_count": 0, "replies_count": 1, "retweets_count": 0, "hashtags": []}
{"id": 1213970978541322241, "date": "2020-01-05", "time": "18:50:10", "tweet": "@gini_luxe @m_unique218 But thank you for your input, Ms.Ponder.", "likes_count": 0, "replies_count": 0, "retweets_count": 0, "hashtags": []}
{"id": 1213970971457204224, "date": "2020-01-05", "time": "18:50:08", "tweet": "@markpopham Good for Izzy. State sponsored privateers were just private military contractors who got smaller shares of their prize and less democratic input", "likes_count": 1, "replies_count": 0, "retweets_count": 0, "hashtags": []}
{"id": 1213970904339898374, "date": "2020-01-05", "time": "18:49:52", "tweet": "@HadiYousefy Thanks for your valuable input.  https://t.co/SpztrC58Hd", "likes_count": 1, "replies_count": 1, "retweets_count": 0, "hashtags": []}
{"id": 1213970888762314753, "date": "2020-01-05", "time": "18:49:49", "tweet": "@Markjpwns @PlayStation PS4 has very delicate HDMI pins. A lot of times it needs a new hdmi input soldered onto the motherboard.    https://t.co/arYKWS7sHI", "likes_count": 2, "replies_count": 2, "retweets_count": 0, "hashtags": []}
{"id": 1213970614811271168, "date": "2020-01-05", "time": "18:48:43", "tweet": "@abby_shick no one ever said anything about being homophobic, thank you for you input tho!", "likes_count": 0, "replies_count": 0, "retweets_count": 0, "hashtags": []}
{"id": 1213970251479756800, "date": "2020-01-05", "time": "18:47:17", "tweet": "@HammerToe Thank you very much for your input, Matt, as always. Indeed, it is very ambitious specially considering my background, but if something's gonna make me learn how to code, I think it's only gonna' be something that can keep my motivation up.", "likes_count": 0, "replies_count": 1, "retweets_count": 0, "hashtags": []}
{"id": 1213970163919286272, "date": "2020-01-05", "time": "18:46:56", "tweet": "SPACE SHOWER MUSIC AWARDS 2020  \"PEOPLEʼS CHOICE\" is determined by general voting. Vote for the artist you think has the best work/activity  in 2019. Let's vote for Kim Jaejoong just input ジェジュン on space   https://t.co/Dp0GUB1nN3 (can vote every 24hrs) (g-translated Eng page)  https://t.co/f3eNw1LW6d", "likes_count": 19, "replies_count": 0, "retweets_count": 24, "hashtags": []}
{"id": 1213970111792594948, "date": "2020-01-05", "time": "18:46:43", "tweet": "My sensorial processing can be overloaded at some point - taking out my phone and focusing my visual input on something I‘m used to and associate positively really helps me be able to follow one specific conversation/person acoustically.", "likes_count": 0, "replies_count": 1, "retweets_count": 0, "hashtags": []}
{"id": 1213970006372945926, "date": "2020-01-05", "time": "18:46:18", "tweet": "@NotLikeFreddy Yesssss we have extremely similar tastes in what qualifies an “anime banger”, thank you for your valuable input!", "likes_count": 0, "replies_count": 0, "retweets_count": 0, "hashtags": []}
{"id": 1213969919244681217, "date": "2020-01-05", "time": "18:45:57", "tweet": "@RVAwonk Almost sounds like one of them cliche movies where one borrows an enemies hand to get rid of competition and someone always ends up being the sucker that does the job. Oh well we won’t know if this case was one of those.🤷‍♂️ (sorry for my dumb input.🙇)", "likes_count": 0, "replies_count": 0, "retweets_count": 0, "hashtags": []}
{"id": 1213969846154747905, "date": "2020-01-05", "time": "18:45:40", "tweet": "Nel mondo dello spettacolo esistono infinite tecniche per sessualizzare una persona. Fa schifo,ma è inutile che vi incazziate con chi risponde positivamente a questi input, prendetevela piuttosto con coloro che gestiscono l'immagine del determinato artista. La causa,non l'effetto", "likes_count": 1, "replies_count": 0, "retweets_count": 0, "hashtags": []}
{"id": 1213969401117962240, "date": "2020-01-05", "time": "18:43:54", "tweet": "First time using our @rapsodo hitting unit. Some takeaways:  1) Actual distance vs perception of net      hit location was surprising for some 2) Grounders really do suck 3) Instant competition b/w players w/o       any input from coaches  https://t.co/AFPUgDH0jS", "likes_count": 29, "replies_count": 3, "retweets_count": 0, "hashtags": []}
{"id": 1213969367093764096, "date": "2020-01-05", "time": "18:43:46", "tweet": "I mean from top to bottom she have an input", "likes_count": 0, "replies_count": 0, "retweets_count": 0, "hashtags": []}
{"id": 1213969317005602828, "date": "2020-01-05", "time": "18:43:34", "tweet": "Ben Jennings on Boris Johnson's input on the US-Iran crisis – cartoon  https://t.co/0utV6UJSmX", "likes_count": 0, "replies_count": 0, "retweets_count": 0, "hashtags": []}
{"id": 1213969282712952832, "date": "2020-01-05", "time": "18:43:26", "tweet": "@WennsCapital any strategy for mutual funds? appreciate any input, thx!", "likes_count": 0, "replies_count": 0, "retweets_count": 0, "hashtags": []}
{"id": 1213969170511155200, "date": "2020-01-05", "time": "18:42:59", "tweet": "Isn't it funny that some ppl on this bird app start praising an actor/actress and literally 5 minutes later, they will start cancelling them 4 sth that happened &amp; of which they have no real input? 🤷‍♀️1rst world problems, I guess...", "likes_count": 1, "replies_count": 0, "retweets_count": 0, "hashtags": []}
