{"id": 1237891029803491334, "date": "2020-03-11", "time": "19:59:55", "tweet": "@CollinStubbs1 @kodeetyler @KEEMSTAR @fousey “what what” 🤣☠️  I’ve got no input, just couldn’t pass the chance to point that out. 🤷🏻‍♀️🤣", "likes_count": 0, "replies_count": 0, "retweets_count": 0, "hashtags": []}
{"id": 1237890985763278848, "date": "2020-03-11", "time": "19:59:44", "tweet": "@SueAllison809 @HughMcCaughey Me too.👍 Patients are a HUGE underused resource of quality input that need to be treated equally to get the most from them. It's time folks to tap into us, not just to tick boxes but to utilise to truly improve services to service users. As happy service users = happy staff! 😊", "likes_count": 1, "replies_count": 0, "retweets_count": 1, "hashtags": []}
{"id": 1237890956394819585, "date": "2020-03-11", "time": "19:59:37", "tweet": "小説だとどうすればいいやろなぁ", "likes_count": 0, "replies_count": 0, "retweets_count": 0, "hashtags": []}
{"id": 1237890816548302849, "date": "2020-03-11", "time": "19:59:04", "tweet": "R2 D88 of #100DaysOfCode  Continued today with #react Stateful components &amp; event handling. Recreated a small App that takes user text input &amp; displays on a chalkboard &amp; stores in a list of notes, to reinforce my understanding of what i'd just learnt.  #alwaysLearning #coding", "likes_count": 16, "replies_count": 0, "retweets_count": 4, "hashtags": ["100daysofcode", "react", "alwayslearning", "coding"]}
{"id": 1237890749603037184, "date": "2020-03-11", "time": "19:58:48", "tweet": "@BootsRiley Parties you dont see in \"primaries\". The Green party. The Veterans Party. The libertarian Party. The Communist Party. The Socialist Party. All of these, and more, will choose their nominee with no input from America.", "likes_count": 0, "replies_count": 0, "retweets_count": 0, "hashtags": []}
{"id": 1237890730820956160, "date": "2020-03-11", "time": "19:58:43", "tweet": "In-fucking-deed.  \"‘What you’re demanding of the women is for the output and revenue to be the same when the input and investment has never been.\"", "likes_count": 16, "replies_count": 2, "retweets_count": 2, "hashtags": []}
{"id": 1237890547135549441, "date": "2020-03-11", "time": "19:57:59", "tweet": "@nestile123 Of course, thanks for input :)", "likes_count": 0, "replies_count": 0, "retweets_count": 0, "hashtags": []}
{"id": 1237890452906332163, "date": "2020-03-11", "time": "19:57:37", "tweet": "Neighborhood update: apparently my lil committee has some jurisdiction over sports betting and games of skill in bars?? lmao this is wild new territory for me!!  Hit me up if you are a constituent with thoughts on these things coming to Logan Circle, def looking for input 😬", "likes_count": 10, "replies_count": 3, "retweets_count": 0, "hashtags": []}
{"id": 1237890153567236097, "date": "2020-03-11", "time": "19:56:26", "tweet": "At tonight's @FishersPTO meeting, we encouraged our parents to ask \"What if...\" questions to help in our development of a North Star of learning. Their answers blew me away! Thank you for your input parents! #FESTigers #WhatIf  https://t.co/wfMXA8LTCU", "likes_count": 32, "replies_count": 5, "retweets_count": 1, "hashtags": ["festigers", "whatif"]}
{"id": 1237890054531383296, "date": "2020-03-11", "time": "19:56:02", "tweet": "@mweagle Zoom has whiteboards! It’s the pen input that many people don’t have", "likes_count": 3, "replies_count": 1, "retweets_count": 0, "hashtags": []}
{"id": 1237890013578186753, "date": "2020-03-11", "time": "19:55:52", "tweet": "Input Required", "likes_count": 0, "replies_count": 0, "retweets_count": 0, "hashtags": []}
{"id": 1237889984440356869, "date": "2020-03-11", "time": "19:55:45", "tweet": "@TeachMrReed I think attention spans are the same on average, but I do think there is much more input coming at people, all at the same time, that it can make it harder for people to focus. I guess I feel there are more distractions which can make it appear that attention spans are shorter.", "likes_count": 10, "replies_count": 1, "retweets_count": 0, "hashtags": []}
{"id": 1237889890244653057, "date": "2020-03-11", "time": "19:55:23", "tweet": "#Day347 of @CareerDevs #365DaysOfCode  Adding a select box to the create track #ReactNative screen using the RNPickerSelect #npm package. Creating new state to hold track type input w/ the useState #React hook.  #100DaysOfCode #SiliconRhode #CareerDevs   https://t.co/WRfBSmprn1", "likes_count": 8, "replies_count": 0, "retweets_count": 5, "hashtags": ["day347", "365daysofcode", "reactnative", "npm", "react", "100daysofcode", "siliconrhode", "careerdevs"]}
{"id": 1237889722573139968, "date": "2020-03-11", "time": "19:54:43", "tweet": "@Toluth So I should stop mourning ? Thanks for your input bro. How do you feel today? 😁", "likes_count": 0, "replies_count": 0, "retweets_count": 0, "hashtags": []}
{"id": 1237889682672726016, "date": "2020-03-11", "time": "19:54:33", "tweet": "I'm writing a paper on the covid-19, if anyone has any input/opinions/info reply to this tweet or dm me! Anything helps me to write this paper! Or links to articles you have read about it. Credible sources only. Thanks!", "likes_count": 2, "replies_count": 1, "retweets_count": 0, "hashtags": []}
{"id": 1237889467723075586, "date": "2020-03-11", "time": "19:53:42", "tweet": ".@R3Thorns/@DaytonPubPolicy, what is @mpusd_now's process to approve sex ed curriculum? Sounds like it's autonomous of any parent/community input. #howtohavesex", "likes_count": 1, "replies_count": 0, "retweets_count": 0, "hashtags": ["howtohavesex"]}
{"id": 1237889457103069184, "date": "2020-03-11", "time": "19:53:40", "tweet": "@ScenarioLENS I don't believe most buttons and knobs these days are fly-by-wire. Most newer implementations have a middleman computer controller validating the input and sending a message.", "likes_count": 0, "replies_count": 1, "retweets_count": 0, "hashtags": []}
{"id": 1237889407102795776, "date": "2020-03-11", "time": "19:53:28", "tweet": "我是能理解限制检查数的做法的，毕竟throughput只有那么大，没天朝那种几天盖医院的国力就放开input基本等于DDoS吧。但另一方面我也只好把绝大多数人都当做潜在感染者来自我预防了。", "likes_count": 0, "replies_count": 0, "retweets_count": 0, "hashtags": []}
{"id": 1237889368972390405, "date": "2020-03-11", "time": "19:53:19", "tweet": "@falloutplays input lag is a sonofa", "likes_count": 3, "replies_count": 0, "retweets_count": 0, "hashtags": []}
{"id": 1237889324336758784, "date": "2020-03-11", "time": "19:53:08", "tweet": "@yvdMatt Bluetooth USB has input lag apparently", "likes_count": 0, "replies_count": 0, "retweets_count": 0, "hashtags": []}
{"id": 1237889153863258112, "date": "2020-03-11", "time": "19:52:27", "tweet": "@LoveWin15910500 @rtcongdon @BiobakuAndrew @An_Aria_Blooms Last time I voted for Hillary. Majority of Bernie supporters did, over 80% of them votes for Hillary. We didn’t demand change, we showed up.  &amp; 4yrs later, they still don’t take our input.   So either u assumed I didn’t voted for Hillary or ur not following my logic.", "likes_count": 2, "replies_count": 0, "retweets_count": 0, "hashtags": []}
{"id": 1237889081729662976, "date": "2020-03-11", "time": "19:52:10", "tweet": "@IWork4Beer @boxcoach_dan @PietroPaparella @MaraGay Lol, thanks. It's mostly memorization &amp; mental organization skills. I much prefer the financial analysis side more so than the raw data input. 😁", "likes_count": 1, "replies_count": 0, "retweets_count": 0, "hashtags": []}
{"id": 1237889059839561728, "date": "2020-03-11", "time": "19:52:05", "tweet": "#Parents who follow me get kids through #college #debtfree—WITHOUT #scholarships. What's blocking you from jumping on this? A genius solution to the obstacles you're facing is coming soon, and I need your input as I build it! #debtfreecollege  https://t.co/5J7w9VFGf0", "likes_count": 0, "replies_count": 0, "retweets_count": 0, "hashtags": ["parents", "college", "debtfree", "scholarships", "debtfreecollege"]}
{"id": 1237888830218240000, "date": "2020-03-11", "time": "19:51:10", "tweet": "@EmDashPython Again no poll out of NY and Biden can't complete a sentence properly so we'll see. Thanks for the input, though!", "likes_count": 0, "replies_count": 2, "retweets_count": 0, "hashtags": []}
{"id": 1237888780666687491, "date": "2020-03-11", "time": "19:50:58", "tweet": "Based in the PMs comment regarding tertiary institutions, they are able to cease immediately without the input of the gov.   Do w this what u will.", "likes_count": 0, "replies_count": 1, "retweets_count": 1, "hashtags": []}
{"id": 1237888775935520769, "date": "2020-03-11", "time": "19:50:57", "tweet": "“The Center for Financial Planning reflects all of our collective input for collective impact.” - Kevin Keller, CEO, @CFPBoard.  https://t.co/kX9kgUtURh", "likes_count": 0, "replies_count": 2, "retweets_count": 0, "hashtags": []}
{"id": 1237888711863328769, "date": "2020-03-11", "time": "19:50:42", "tweet": "@Delta I had filled out the reimbursement for my clothing purchases with my FRN# but didn’t realize I had to input my hotel stay near the airport to ensure I can get my bag back the next day. How do I go back into my claim to submit my expense for hotel charge too?", "likes_count": 0, "replies_count": 1, "retweets_count": 0, "hashtags": []}
{"id": 1237888612202459146, "date": "2020-03-11", "time": "19:50:18", "tweet": "Have you participated in our poll yet?? Y'all we need your input!  https://t.co/0KAeKC4Nbk", "likes_count": 0, "replies_count": 0, "retweets_count": 1, "hashtags": []}
{"id": 1237888595442073601, "date": "2020-03-11", "time": "19:50:14", "tweet": "UPDATED :A grant-funded, public safety aide working in the @Portlandpolice Sex Crimes Unit, hired to input sexual assault kit data into a special database, was doing her college homework on the job -w/ unexplained lengthy gaps in her database sign-ons.   https://t.co/GZNjk5OXNi", "likes_count": 2, "replies_count": 0, "retweets_count": 0, "hashtags": []}
{"id": 1237888575753994240, "date": "2020-03-11", "time": "19:50:09", "tweet": "Hot tip: just unscrewed the back of a 27\" Wacom Cintiq's base plate to see if I could switch the DisplayPort input to HDMI and found a whole HDMI cable already hiding in there. Before you buy that adapter, just dismantle a thing first.", "likes_count": 1, "replies_count": 0, "retweets_count": 0, "hashtags": []}
{"id": 1237888567541555202, "date": "2020-03-11", "time": "19:50:08", "tweet": "@picksuppennies @youravgdough 😂 I always want your input on the laws", "likes_count": 2, "replies_count": 0, "retweets_count": 0, "hashtags": []}
{"id": 1237888457629827073, "date": "2020-03-11", "time": "19:49:41", "tweet": "Everyone's saying Jared's input is useless but who else would #Trump trust to find out how the Trump family can exploit this and profit off it?  I mean, Trump's likely to push legislation to benefit companies he still holds a financial stake in.   #coronavirus  #JaredKushner", "likes_count": 1, "replies_count": 0, "retweets_count": 0, "hashtags": ["trump", "coronavirus", "jaredkushner"]}
{"id": 1237888412176101377, "date": "2020-03-11", "time": "19:49:30", "tweet": "@KHTC_Takgillo You can’t online so I wouldn’t worry about it. Offline though I would say just have the AI do the low and overhead at random and try reacting that way. Alternatively since the low is a back Input and the overhead is a forward you could try to react to forward and backward steps.", "likes_count": 0, "replies_count": 1, "retweets_count": 0, "hashtags": []}
{"id": 1237888338008240131, "date": "2020-03-11", "time": "19:49:13", "tweet": "@JohnFinnemore Please tell me you had some input into your line about Rav and Judd eating each other. That is so something Arthur would say.", "likes_count": 0, "replies_count": 0, "retweets_count": 0, "hashtags": []}
{"id": 1237888321906327552, "date": "2020-03-11", "time": "19:49:09", "tweet": "@_BrittanyMoniqe When wine or alcohol is involve you always gotta be the first to have an input 😭", "likes_count": 0, "replies_count": 1, "retweets_count": 0, "hashtags": []}
{"id": 1237888277782204417, "date": "2020-03-11", "time": "19:48:58", "tweet": "@jaylynjanelle Not trying to check you at all. I respect your input and insight.", "likes_count": 0, "replies_count": 0, "retweets_count": 0, "hashtags": []}
{"id": 1237888216683839488, "date": "2020-03-11", "time": "19:48:44", "tweet": "Vue.jsのフォームバリデーションはHTML5 input要素の設定で十分かもしれない｜Black Everyday Company  https://t.co/y5Os2nEVQf  vueのバリデーションについてググってたら、2年前に書いた自分の記事に助けられた！ ブログ再開して知識蓄えていかないとなぁ。", "likes_count": 10, "replies_count": 0, "retweets_count": 2, "hashtags": []}
{"id": 1237888120823017473, "date": "2020-03-11", "time": "19:48:21", "tweet": "@djhutch74 @FvrDrms Damn I'm smart, look at all this good input I've provided", "likes_count": 1, "replies_count": 0, "retweets_count": 0, "hashtags": []}
{"id": 1237888055962251265, "date": "2020-03-11", "time": "19:48:06", "tweet": "Does input still work through an alert? For afk. Glitch.  https://t.co/iQ5IScYDQT", "likes_count": 0, "replies_count": 0, "retweets_count": 0, "hashtags": []}
{"id": 1237888040904921088, "date": "2020-03-11", "time": "19:48:02", "tweet": "@rolanneid0 @JIM2WIN2015 @DaveGardiner11 @ElwinRichardson @MSU_Basketball @fred_fanks @wshuberg3 Why would you be educated on a subject that you are attempting to give input on? Good question.", "likes_count": 0, "replies_count": 2, "retweets_count": 0, "hashtags": []}
{"id": 1237891029803491334, "date": "2020-03-11", "time": "19:59:55", "tweet": "@CollinStubbs1 @kodeetyler @KEEMSTAR @fousey “what what” 🤣☠️  I’ve got no input, just couldn’t pass the chance to point that out. 🤷🏻‍♀️🤣", "likes_count": 0, "replies_count": 0, "retweets_count": 0, "hashtags": []}
{"id": 1237890985763278848, "date": "2020-03-11", "time": "19:59:44", "tweet": "@SueAllison809 @HughMcCaughey Me too.👍 Patients are a HUGE underused resource of quality input that need to be treated equally to get the most from them. It's time folks to tap into us, not just to tick boxes but to utilise to truly improve services to service users. As happy service users = happy staff! 😊", "likes_count": 1, "replies_count": 0, "retweets_count": 1, "hashtags": []}
{"id": 1237890956394819585, "date": "2020-03-11", "time": "19:59:37", "tweet": "小説だとどうすればいいやろなぁ", "likes_count": 0, "replies_count": 0, "retweets_count": 0, "hashtags": []}
{"id": 1237890816548302849, "date": "2020-03-11", "time": "19:59:04", "tweet": "R2 D88 of #100DaysOfCode  Continued today with #react Stateful components &amp; event handling. Recreated a small App that takes user text input &amp; displays on a chalkboard &amp; stores in a list of notes, to reinforce my understanding of what i'd just learnt.  #alwaysLearning #coding", "likes_count": 16, "replies_count": 0, "retweets_count": 4, "hashtags": ["100daysofcode", "react", "alwayslearning", "coding"]}
{"id": 1237890749603037184, "date": "2020-03-11", "time": "19:58:48", "tweet": "@BootsRiley Parties you dont see in \"primaries\". The Green party. The Veterans Party. The libertarian Party. The Communist Party. The Socialist Party. All of these, and more, will choose their nominee with no input from America.", "likes_count": 0, "replies_count": 0, "retweets_count": 0, "hashtags": []}
{"id": 1237890730820956160, "date": "2020-03-11", "time": "19:58:43", "tweet": "In-fucking-deed.  \"‘What you’re demanding of the women is for the output and revenue to be the same when the input and investment has never been.\"", "likes_count": 16, "replies_count": 2, "retweets_count": 2, "hashtags": []}
{"id": 1237890547135549441, "date": "2020-03-11", "time": "19:57:59", "tweet": "@nestile123 Of course, thanks for input :)", "likes_count": 0, "replies_count": 0, "retweets_count": 0, "hashtags": []}
{"id": 1237890452906332163, "date": "2020-03-11", "time": "19:57:37", "tweet": "Neighborhood update: apparently my lil committee has some jurisdiction over sports betting and games of skill in bars?? lmao this is wild new territory for me!!  Hit me up if you are a constituent with thoughts on these things coming to Logan Circle, def looking for input 😬", "likes_count": 10, "replies_count": 3, "retweets_count": 0, "hashtags": []}
{"id": 1237890153567236097, "date": "2020-03-11", "time": "19:56:26", "tweet": "At tonight's @FishersPTO meeting, we encouraged our parents to ask \"What if...\" questions to help in our development of a North Star of learning. Their answers blew me away! Thank you for your input parents! #FESTigers #WhatIf  https://t.co/wfMXA8LTCU", "likes_count": 32, "replies_count": 5, "retweets_count": 1, "hashtags": ["festigers", "whatif"]}
{"id": 1237890054531383296, "date": "2020-03-11", "time": "19:56:02", "tweet": "@mweagle Zoom has whiteboards! It’s the pen input that many people don’t have", "likes_count": 3, "replies_count": 1, "retweets_count": 0, "hashtags": []}
{"id": 1237890013578186753, "date": "2020-03-11", "time": "19:55:52", "tweet": "Input Required", "likes_count": 0, "replies_count": 0, "retweets_count": 0, "hashtags": []}
{"id": 1237889984440356869, "date": "2020-03-11", "time": "19:55:45", "tweet": "@TeachMrReed I think attention spans are the same on average, but I do think there is much more input coming at people, all at the same time, that it can make it harder for people to focus. I guess I feel there are more distractions which can make it appear that attention spans are shorter.", "likes_count": 10, "replies_count": 1, "retweets_count": 0, "hashtags": []}
{"id": 1237889890244653057, "date": "2020-03-11", "time": "19:55:23", "tweet": "#Day347 of @CareerDevs #365DaysOfCode  Adding a select box to the create track #ReactNative screen using the RNPickerSelect #npm package. Creating new state to hold track type input w/ the useState #React hook.  #100DaysOfCode #SiliconRhode #CareerDevs   https://t.co/WRfBSmprn1", "likes_count": 8, "replies_count": 0, "retweets_count": 5, "hashtags": ["day347", "365daysofcode", "reactnative", "npm", "react", "100daysofcode", "siliconrhode", "careerdevs"]}
{"id": 1237889722573139968, "date": "2020-03-11", "time": "19:54:43", "tweet": "@Toluth So I should stop mourning ? Thanks for your input bro. How do you feel today? 😁", "likes_count": 0, "replies_count": 0, "retweets_count": 0, "hashtags": []}
{"id": 1237889682672726016, "date": "2020-03-11", "time": "19:54:33", "tweet": "I'm writing a paper on the covid-19, if anyone has any input/opinions/info reply to this tweet or dm me! Anything helps me to write this paper! Or links to articles you have read about it. Credible sources only. Thanks!", "likes_count": 2, "replies_count": 1, "retweets_count": 0, "hashtags": []}
{"id": 1237889467723075586, "date": "2020-03-11", "time": "19:53:42", "tweet": ".@R3Thorns/@DaytonPubPolicy, what is @mpusd_now's process to approve sex ed curriculum? Sounds like it's autonomous of any parent/community input. #howtohavesex", "likes_count": 1, "replies_count": 0, "retweets_count": 0, "hashtags": ["howtohavesex"]}
{"id": 1237889457103069184, "date": "2020-03-11", "time": "19:53:40", "tweet": "@ScenarioLENS I don't believe most buttons and knobs these days are fly-by-wire. Most newer implementations have a middleman computer controller validating the input and sending a message.", "likes_count": 0, "replies_count": 1, "retweets_count": 0, "hashtags": []}
{"id": 1237889407102795776, "date": "2020-03-11", "time": "19:53:28", "tweet": "我是能理解限制检查数的做法的，毕竟throughput只有那么大，没天朝那种几天盖医院的国力就放开input基本等于DDoS吧。但另一方面我也只好把绝大多数人都当做潜在感染者来自我预防了。", "likes_count": 0, "replies_count": 0, "retweets_count": 0, "hashtags": []}
{"id": 1237889368972390405, "date": "2020-03-11", "time": "19:53:19", "tweet": "@falloutplays input lag is a sonofa", "likes_count": 3, "replies_count": 0, "retweets_count": 0, "hashtags": []}
{"id": 1237889324336758784, "date": "2020-03-11", "time": "19:53:08", "tweet": "@yvdMatt Bluetooth USB has input lag apparently", "likes_count": 0, "replies_count": 0, "retweets_count": 0, "hashtags": []}
{"id": 1237889153863258112, "date": "2020-03-11", "time": "19:52:27", "tweet": "@LoveWin15910500 @rtcongdon @BiobakuAndrew @An_Aria_Blooms Last time I voted for Hillary. Majority of Bernie supporters did, over 80% of them votes for Hillary. We didn’t demand change, we showed up.  &amp; 4yrs later, they still don’t take our input.   So either u assumed I didn’t voted for Hillary or ur not following my logic.", "likes_count": 2, "replies_count": 0, "retweets_count": 0, "hashtags": []}
{"id": 1237889081729662976, "date": "2020-03-11", "time": "19:52:10", "tweet": "@IWork4Beer @boxcoach_dan @PietroPaparella @MaraGay Lol, thanks. It's mostly memorization &amp; mental organization skills. I much prefer the financial analysis side more so than the raw data input. 😁", "likes_count": 1, "replies_count": 0, "retweets_count": 0, "hashtags": []}
{"id": 1237889059839561728, "date": "2020-03-11", "time": "19:52:05", "tweet": "#Parents who follow me get kids through #college #debtfree—WITHOUT #scholarships. What's blocking you from jumping on this? A genius solution to the obstacles you're facing is coming soon, and I need your input as I build it! #debtfreecollege  https://t.co/5J7w9VFGf0", "likes_count": 0, "replies_count": 0, "retweets_count": 0, "hashtags": ["parents", "college", "debtfree", "scholarships", "debtfreecollege"]}
{"id": 1237888830218240000, "date": "2020-03-11", "time": "19:51:10", "tweet": "@EmDashPython Again no poll out of NY and Biden can't complete a sentence properly so we'll see. Thanks for the input, though!", "likes_count": 0, "replies_count": 2, "retweets_count": 0, "hashtags": []}
{"id": 1237888780666687491, "date": "2020-03-11", "time": "19:50:58", "tweet": "Based in the PMs comment regarding tertiary institutions, they are able to cease immediately without the input of the gov.   Do w this what u will.", "likes_count": 0, "replies_count": 1, "retweets_count": 1, "hashtags": []}
{"id": 1237888775935520769, "date": "2020-03-11", "time": "19:50:57", "tweet": "“The Center for Financial Planning reflects all of our collective input for collective impact.” - Kevin Keller, CEO, @CFPBoard.  https://t.co/kX9kgUtURh", "likes_count": 0, "replies_count": 2, "retweets_count": 0, "hashtags": []}
{"id": 1237888711863328769, "date": "2020-03-11", "time": "19:50:42", "tweet": "@Delta I had filled out the reimbursement for my clothing purchases with my FRN# but didn’t realize I had to input my hotel stay near the airport to ensure I can get my bag back the next day. How do I go back into my claim to submit my expense for hotel charge too?", "likes_count": 0, "replies_count": 1, "retweets_count": 0, "hashtags": []}
{"id": 1237888612202459146, "date": "2020-03-11", "time": "19:50:18", "tweet": "Have you participated in our poll yet?? Y'all we need your input!  https://t.co/0KAeKC4Nbk", "likes_count": 0, "replies_count": 0, "retweets_count": 1, "hashtags": []}
{"id": 1237888595442073601, "date": "2020-03-11", "time": "19:50:14", "tweet": "UPDATED :A grant-funded, public safety aide working in the @Portlandpolice Sex Crimes Unit, hired to input sexual assault kit data into a special database, was doing her college homework on the job -w/ unexplained lengthy gaps in her database sign-ons.   https://t.co/GZNjk5OXNi", "likes_count": 2, "replies_count": 0, "retweets_count": 0, "hashtags": []}
{"id": 1237888575753994240, "date": "2020-03-11", "time": "19:50:09", "tweet": "Hot tip: just unscrewed the back of a 27\" Wacom Cintiq's base plate to see if I could switch the DisplayPort input to HDMI and found a whole HDMI cable already hiding in there. Before you buy that adapter, just dismantle a thing first.", "likes_count": 1, "replies_count": 0, "retweets_count": 0, "hashtags": []}
{"id": 1237888567541555202, "date": "2020-03-11", "time": "19:50:08", "tweet": "@picksuppennies @youravgdough 😂 I always want your input on the laws", "likes_count": 2, "replies_count": 0, "retweets_count": 0, "hashtags": []}
{"id": 1237888457629827073, "date": "2020-03-11", "time": "19:49:41", "tweet": "Everyone's saying Jared's input is useless but who else would #Trump trust to find out how the Trump family can exploit this and profit off it?  I mean, Trump's likely to push legislation to benefit companies he still holds a financial stake in.   #coronavirus  #JaredKushner", "likes_count": 1, "replies_count": 0, "retweets_count": 0, "hashtags": ["trump", "coronavirus", "jaredkushner"]}
{"id": 1237888412176101377, "date": "2020-03-11", "time": "19:49:30", "tweet": "@KHTC_Takgillo You can’t online so I wouldn’t worry about it. Offline though I would say just have the AI do the low and overhead at random and try reacting that way. Alternatively since the low is a back Input and the overhead is a forward you could try to react to forward and backward steps.", "likes_count": 0, "replies_count": 1, "retweets_count": 0, "hashtags": []}
{"id": 1237888338008240131, "date": "2020-03-11", "time": "19:49:13", "tweet": "@JohnFinnemore Please tell me you had some input into your line about Rav and Judd eating each other. That is so something Arthur would say.", "likes_count": 0, "replies_count": 0, "retweets_count": 0, "hashtags": []}
{"id": 1237888321906327552, "date": "2020-03-11", "time": "19:49:09", "tweet": "@_BrittanyMoniqe When wine or alcohol is involve you always gotta be the first to have an input 😭", "likes_count": 0, "replies_count": 1, "retweets_count": 0, "hashtags": []}
{"id": 1237888277782204417, "date": "2020-03-11", "time": "19:48:58", "tweet": "@jaylynjanelle Not trying to check you at all. I respect your input and insight.", "likes_count": 0, "replies_count": 0, "retweets_count": 0, "hashtags": []}
{"id": 1237888216683839488, "date": "2020-03-11", "time": "19:48:44", "tweet": "Vue.jsのフォームバリデーションはHTML5 input要素の設定で十分かもしれない｜Black Everyday Company  https://t.co/y5Os2nEVQf  vueのバリデーションについてググってたら、2年前に書いた自分の記事に助けられた！ ブログ再開して知識蓄えていかないとなぁ。", "likes_count": 10, "replies_count": 0, "retweets_count": 2, "hashtags": []}
{"id": 1237888120823017473, "date": "2020-03-11", "time": "19:48:21", "tweet": "@djhutch74 @FvrDrms Damn I'm smart, look at all this good input I've provided", "likes_count": 1, "replies_count": 0, "retweets_count": 0, "hashtags": []}
{"id": 1237888055962251265, "date": "2020-03-11", "time": "19:48:06", "tweet": "Does input still work through an alert? For afk. Glitch.  https://t.co/iQ5IScYDQT", "likes_count": 0, "replies_count": 0, "retweets_count": 0, "hashtags": []}
{"id": 1237888040904921088, "date": "2020-03-11", "time": "19:48:02", "tweet": "@rolanneid0 @JIM2WIN2015 @DaveGardiner11 @ElwinRichardson @MSU_Basketball @fred_fanks @wshuberg3 Why would you be educated on a subject that you are attempting to give input on? Good question.", "likes_count": 0, "replies_count": 2, "retweets_count": 0, "hashtags": []}
{"id": 1237888019543150592, "date": "2020-03-11", "time": "19:47:57", "tweet": "Our updated story on #MarchMadness without fans, with some input from a few fans who had tix to games at Amalie Arena.   https://t.co/vr3AfN8uqF", "likes_count": 1, "replies_count": 1, "retweets_count": 0, "hashtags": ["marchmadness"]}
{"id": 1237887836440813569, "date": "2020-03-11", "time": "19:47:13", "tweet": "@Shay_Terdle @David17453094 @andresha_bass @I_WillRule @Thought_Bait @AndrewYang And I am totally respecting that he and his supporters continue the fight. Even IF Biden wins the nomination,  it is important that he understands how many people support Sanders, so he can take on input from the more radical wing to have a better platform", "likes_count": 0, "replies_count": 0, "retweets_count": 0, "hashtags": []}
{"id": 1237887815376965633, "date": "2020-03-11", "time": "19:47:08", "tweet": "@SarahSpain @itsmeglinehan \"You're demanding for the output and revenue to be the same when the input and investment has never been\" hits hard but  1. USWNT has always received more support from its federation than others NTs 2. I wish there was this same energy for the institutionalised racism within USSF", "likes_count": 0, "replies_count": 1, "retweets_count": 0, "hashtags": []}
{"id": 1237887777653452808, "date": "2020-03-11", "time": "19:46:59", "tweet": "@realDonaldTrump @WhiteHouse Spreading more false information and propaganda I’m sure. No one wants to listen to your lies anymore. Just let the professionals do there job without your foolish input.", "likes_count": 0, "replies_count": 0, "retweets_count": 0, "hashtags": []}
{"id": 1237887761664724992, "date": "2020-03-11", "time": "19:46:55", "tweet": "How much are we going to bet that trump dispels the severity of #coronavirus instead of indicating drastic measures to control it. Also given Miller’s input there’s got to be a close our borders completely part.", "likes_count": 1, "replies_count": 0, "retweets_count": 2, "hashtags": ["coronavirus"]}
{"id": 1237887754773475329, "date": "2020-03-11", "time": "19:46:54", "tweet": "@AndyMaherDFA Mic input (plug with the three holes there) and line input (the smaller lead which is used for instruments - or some mics- have different levels. So in different channels.", "likes_count": 2, "replies_count": 1, "retweets_count": 0, "hashtags": []}
{"id": 1237887670669283330, "date": "2020-03-11", "time": "19:46:34", "tweet": "@KivietT @leeuhashtyn Did we ask for your input?", "likes_count": 0, "replies_count": 1, "retweets_count": 0, "hashtags": []}
{"id": 1237887562162647041, "date": "2020-03-11", "time": "19:46:08", "tweet": "So sad 😭 really sad and I think we should need to understand responsibility as a Pakistan Citizen. Allhumdulillah I m here in US, no one will never died due to health treatment and food. Only government can’t do alone. Everyone put input plz plz", "likes_count": 0, "replies_count": 0, "retweets_count": 0, "hashtags": []}
{"id": 1237887522828517376, "date": "2020-03-11", "time": "19:45:58", "tweet": "I wish Stephan Hawking was still alive to give us his input on the #coronavirus.", "likes_count": 3, "replies_count": 0, "retweets_count": 0, "hashtags": ["coronavirus"]}
{"id": 1237887492449161217, "date": "2020-03-11", "time": "19:45:51", "tweet": "@cajunhank1 That’s what my doctor says too...about the same way too. Thanks for your input. Seems so simple to me.", "likes_count": 0, "replies_count": 1, "retweets_count": 0, "hashtags": []}
{"id": 1237887414711926785, "date": "2020-03-11", "time": "19:45:33", "tweet": "@Mil3sDyson @RealKidPoker I'm sorry is there a point in your generalization? Did I say I'm literally every young person? Please stop wasting time with childish input like this.", "likes_count": 0, "replies_count": 1, "retweets_count": 0, "hashtags": []}
{"id": 1237887307560042500, "date": "2020-03-11", "time": "19:45:07", "tweet": "@WalshonMergers And your input?  https://t.co/qowqXfTXaN", "likes_count": 0, "replies_count": 1, "retweets_count": 0, "hashtags": []}
{"id": 1237887252123926529, "date": "2020-03-11", "time": "19:44:54", "tweet": "Freue mich, wenn meine sechsbeinigen Freunde zurück sind, dann dürfte es auch neuen Input für meine Gedichte geben. Bis dahin überarbeite ich ein bisschen.", "likes_count": 4, "replies_count": 1, "retweets_count": 0, "hashtags": []}
{"id": 1237887190190788608, "date": "2020-03-11", "time": "19:44:39", "tweet": "Multi Image text input Twitter.  https://t.co/KhniMbPzRb", "likes_count": 0, "replies_count": 0, "retweets_count": 0, "hashtags": []}
{"id": 1237887112180989953, "date": "2020-03-11", "time": "19:44:21", "tweet": "too much input today. time to hibernate.", "likes_count": 0, "replies_count": 0, "retweets_count": 0, "hashtags": []}
{"id": 1237886993733828608, "date": "2020-03-11", "time": "19:43:52", "tweet": "@Patcannonracing @dragons201085 @BMelham @RacenetTweets Surely a CEO can’t speak of his own opinion without input by VJA on public radio ! He basically said the whip is dead - incredibly I find this astonishing that he would and could say this in a public forum without consent or agreement from industry stakeholders . #bizarre", "likes_count": 4, "replies_count": 0, "retweets_count": 3, "hashtags": ["bizarre"]}
{"id": 1237886949572014081, "date": "2020-03-11", "time": "19:43:42", "tweet": "@amberyourrose @kobielofton @echristinexxiv Same person that asked for your input", "likes_count": 1, "replies_count": 1, "retweets_count": 0, "hashtags": []}
{"id": 1237886935923744768, "date": "2020-03-11", "time": "19:43:39", "tweet": "@realDonaldTrump You do, not someone. You need to go in, ask for HELP, INPUT, UNITY. Tell everyone to get it together. Divide &amp; Conquer. You need to stop the petty, snarky, immature tweets and comments to the press...get off the fake news crap. Don’t tweet fake unity but keep old ways.", "likes_count": 0, "replies_count": 0, "retweets_count": 0, "hashtags": []}
{"id": 1237886874414247944, "date": "2020-03-11", "time": "19:43:24", "tweet": "@AMCInstitute @BennettNapier @Partners_AMC @BostromAMC It was great having you with us at #EASBrussels this year. Fantastic input and opportunity to learn from what happens in US and Europe for #associations.", "likes_count": 2, "replies_count": 0, "retweets_count": 0, "hashtags": ["easbrussels", "associations"]}
{"id": 1237886858845020161, "date": "2020-03-11", "time": "19:43:20", "tweet": "@jfelixcardoso @chartersazevedo @julicouras Se quiserem um input diferente mas igualmente válido se o virem como uma análise factual   https://t.co/N4uxgu4lvE", "likes_count": 0, "replies_count": 0, "retweets_count": 0, "hashtags": []}
