{"id": 1303483204389666817, "date": "2020-09-08", "time": "19:59:48", "tweet": "@davaizhe @sh1mok_ @zoeispetrified @GreyKnight8008 @shoe0nhead I’ll concede: thank you for your input/ correction. It’s been a few years, and high school Spanish only teaches so much/ so well.", "likes_count": 1, "replies_count": 2, "retweets_count": 0, "hashtags": []}
{"id": 1303483183229480960, "date": "2020-09-08", "time": "19:59:43", "tweet": "@marthamaccallum Interupt Trump rally to get input from Juan Williams???? You must want everyone to turn on C-span or OANN. Sad.....thank goodness Tucker is on deck and next 3 hours are tolerable on Fox News.", "likes_count": 0, "replies_count": 0, "retweets_count": 0, "hashtags": []}
{"id": 1303483130871865344, "date": "2020-09-08", "time": "19:59:30", "tweet": "inputするだけの勉強は時間の無駄！解説に線引いてもなんも覚えてないでしょ！？大事なのはoutput！君たちは考えることを楽しいと思える優秀な頭を持ってるんだから！", "likes_count": 0, "replies_count": 0, "retweets_count": 0, "hashtags": []}
{"id": 1303483014735945730, "date": "2020-09-08", "time": "19:59:02", "tweet": "2/2 How does one considerately address the auto-retort when soliciting minority board members (Black, Indian, Hispanic) refusing unconsidered board service - claiming they refuse being a token for photo op? She needs input, service, not photos.", "likes_count": 0, "replies_count": 0, "retweets_count": 0, "hashtags": []}
{"id": 1303482970733531136, "date": "2020-09-08", "time": "19:58:52", "tweet": "@fedojam - Thank you for your input today on the bridge!", "likes_count": 2, "replies_count": 1, "retweets_count": 0, "hashtags": []}
{"id": 1303482957206822912, "date": "2020-09-08", "time": "19:58:49", "tweet": "There is a God is trending but I'm an agonistic so I have no input  anyways blm wash your hands wear a mask and vaccinate your kids tysm", "likes_count": 23, "replies_count": 2, "retweets_count": 2, "hashtags": []}
{"id": 1303482728311132161, "date": "2020-09-08", "time": "19:57:54", "tweet": "#BaseBall #mlb Since there is now only one outcome for an intentional walk, and the pitcher has no input on the play, they should be scored as 'Team Walks Allowed\" and not count against the pitcher.", "likes_count": 1, "replies_count": 0, "retweets_count": 0, "hashtags": ["baseball", "mlb"]}
{"id": 1303482722799812608, "date": "2020-09-08", "time": "19:57:53", "tweet": "@Grad0n @Food4Dogs Best solution I can come up with is that you would bring up the map as an overlay with a button press, and draw on it Mario Maker-style, with touch screen input in handheld mode. The dual-screen setup will forever be superior for this genre though - was such a perfect fit.", "likes_count": 1, "replies_count": 0, "retweets_count": 0, "hashtags": []}
{"id": 1303482690100957185, "date": "2020-09-08", "time": "19:57:45", "tweet": "@BryanHoch NEED PENNYS INPUT PLS STAT. STAT!!!", "likes_count": 1, "replies_count": 0, "retweets_count": 0, "hashtags": []}
{"id": 1303482653153296384, "date": "2020-09-08", "time": "19:57:36", "tweet": "@Fstein_Gaming I've got an idea: Design a game in RPG Maker MV if you have it, while chatting with people about various topics in your Twitch Chat at the same time, and heck, possibly make a game with your chatters/viewers input while you do it. :)", "likes_count": 1, "replies_count": 1, "retweets_count": 0, "hashtags": []}
{"id": 1303482651354042370, "date": "2020-09-08", "time": "19:57:36", "tweet": "Insular government starts with limited access to offices &amp; continues in a structure that is highly resistant to input that differs from what is in a pipeline that does not involve local input.  #politics #economics", "likes_count": 0, "replies_count": 0, "retweets_count": 0, "hashtags": ["politics", "economics"]}
{"id": 1303482486060535809, "date": "2020-09-08", "time": "19:56:56", "tweet": "@drzimmerle @SFecich @coolcatteacher @Flipgrid Awesome that sounds like a great idea, thanks for the input!", "likes_count": 1, "replies_count": 0, "retweets_count": 0, "hashtags": []}
{"id": 1303482440837722112, "date": "2020-09-08", "time": "19:56:46", "tweet": "\"The mind is so powerful, input positive thoughts into your mind &amp; watch your body just relax\"", "likes_count": 1, "replies_count": 0, "retweets_count": 0, "hashtags": []}
{"id": 1303482424160968704, "date": "2020-09-08", "time": "19:56:42", "tweet": "An interesting 2006 talk about liberal vs conservative. A second level is consider: ADHD needs input and gets rewards from novelty: liberal.  https://t.co/kizCIxu88X", "likes_count": 0, "replies_count": 1, "retweets_count": 0, "hashtags": []}
{"id": 1303482350995730433, "date": "2020-09-08", "time": "19:56:24", "tweet": "@ArelArts I finished this yesterday haha 😅Thanks for the input tho ^^   https://t.co/vMFat6G3P6", "likes_count": 1, "replies_count": 1, "retweets_count": 0, "hashtags": []}
{"id": 1303482324210900994, "date": "2020-09-08", "time": "19:56:18", "tweet": "@shadygrove @ZigsYerUncle @Will34890 @Anootchka @JoeBiden @KamalaHarris Bernie had major input. Remember when Tom Perez ensured that Bernie supporters were treated royally on the Democratic Party Unity Commission?   https://t.co/9GkIeOopdR", "likes_count": 2, "replies_count": 1, "retweets_count": 0, "hashtags": []}
{"id": 1303482287669952513, "date": "2020-09-08", "time": "19:56:09", "tweet": "@0achkatzschwoaf @GoldTelegraph_ @goldstocktrades Thanks Viktor for this input. I have noted all your good points.", "likes_count": 2, "replies_count": 0, "retweets_count": 0, "hashtags": []}
{"id": 1303482231898468352, "date": "2020-09-08", "time": "19:55:56", "tweet": "if we’re watching a game and you know absolutely nothing about the sport, shut your god damn mouth I don’t want to listen to your input", "likes_count": 0, "replies_count": 0, "retweets_count": 0, "hashtags": []}
{"id": 1303482230598037504, "date": "2020-09-08", "time": "19:55:55", "tweet": "@Bowenchris If the federal government wanted input commensurate with its financial obligations, they shouldn't have abnegated their responsibilities when the pandemic started.", "likes_count": 2, "replies_count": 0, "retweets_count": 2, "hashtags": []}
{"id": 1303482202060214287, "date": "2020-09-08", "time": "19:55:49", "tweet": "@Marge2432 why can't they just let you input your own good lord", "likes_count": 2, "replies_count": 0, "retweets_count": 0, "hashtags": []}
