{"id": 1252386552396701705, "date": "2020-04-20", "time": "19:59:56", "tweet": "物理に回帰してしまうと、重力加速度はほぼ常に9.8m/s^2ですよ けど表現において「最も正しい」重力加速度は0m/s^2にも100m/s^2にもなりうる 気圧も熱容量もファラデー定数も容易に大幅に変化する それを無視して、実写の動画を下敷きに線を引く自分が恥ずかしくないのか？", "likes_count": 0, "replies_count": 0, "retweets_count": 0, "hashtags": []}
{"id": 1252386550807015426, "date": "2020-04-20", "time": "19:59:56", "tweet": "The Tasmanian Government is seeking your input to better understand how COVID-19 has impacted overseas migrants and the flow on effects for employers and business operators in Tasmania. Please complete this survey - all answers are completely confidential.  https://t.co/Qr57j0gBgQ", "likes_count": 3, "replies_count": 0, "retweets_count": 2, "hashtags": []}
{"id": 1252386527931318272, "date": "2020-04-20", "time": "19:59:51", "tweet": "i need your input on what you want to see from @PointTurners", "likes_count": 2, "replies_count": 0, "retweets_count": 7, "hashtags": []}
{"id": 1252386511678353410, "date": "2020-04-20", "time": "19:59:47", "tweet": "This survey is for trans and non binary folks and will close at the end of the day on Friday, April 24th. Your input will be able to establish more activities/groups for you and your community!   https://t.co/IT1S4V9i6q", "likes_count": 0, "replies_count": 0, "retweets_count": 0, "hashtags": []}
{"id": 1252386164465520645, "date": "2020-04-20", "time": "19:58:24", "tweet": "You know GOT7 is worth a lot when their company's founder input his name next to them every chance he gets to be talked about in their article. ESPECIALLY! IN GLOBAL NEWS.", "likes_count": 88, "replies_count": 2, "retweets_count": 24, "hashtags": []}
{"id": 1252386028326776839, "date": "2020-04-20", "time": "19:57:52", "tweet": "The fact that we won’t get Kobe’s input on who he thinks the #1 nba player of all time 😭😭😭", "likes_count": 2, "replies_count": 0, "retweets_count": 0, "hashtags": []}
{"id": 1252385839667003395, "date": "2020-04-20", "time": "19:57:07", "tweet": "@aldatweets I teach this in my information systems mba class at @Baruch as well. It’s not the “IT” per se that matters it’s the process people and structures around that input that need to be marshaled. I’m generally against war analogies for Covid but WWII mobilization works well here", "likes_count": 1, "replies_count": 0, "retweets_count": 0, "hashtags": []}
{"id": 1252385781445869568, "date": "2020-04-20", "time": "19:56:53", "tweet": "@_Iyalei I'm really glad I found this thread...  ... I was originally looking for more info about a 10-key input device / keyboard which looked a bit like a glowing kit kat, but this thread definitely opened my eyes to how much the price has come down on FDA-approved home-use hair lasers.", "likes_count": 1, "replies_count": 1, "retweets_count": 0, "hashtags": []}
{"id": 1252385648968822784, "date": "2020-04-20", "time": "19:56:21", "tweet": "Two Things:  1. Did the data input guy leave on lunch break?  2. This does not seem to be getting better.  #COVIDCanada #cdnpoli  https://t.co/aRSjKjhCYb", "likes_count": 0, "replies_count": 0, "retweets_count": 0, "hashtags": ["covidcanada", "cdnpoli"]}
{"id": 1252385613543698433, "date": "2020-04-20", "time": "19:56:13", "tweet": "@KimMaida Build an input form and let the user fill out their local date with timezones in iso 8601.", "likes_count": 0, "replies_count": 0, "retweets_count": 0, "hashtags": []}
{"id": 1252385566890442755, "date": "2020-04-20", "time": "19:56:02", "tweet": "Both activities are output signals for angle input signals.", "likes_count": 0, "replies_count": 0, "retweets_count": 0, "hashtags": []}
{"id": 1252385493934682113, "date": "2020-04-20", "time": "19:55:44", "tweet": "@janariess @DavidDark @davidbazan Lol, I so appreciate the input, but even before seeing this:  https://t.co/ypiRQhUU3d", "likes_count": 3, "replies_count": 0, "retweets_count": 1, "hashtags": []}
{"id": 1252385493343285252, "date": "2020-04-20", "time": "19:55:44", "tweet": "I’m buying a lightsaber tomorrow. I’m conflicted between these 4. Your input would be greatly appreciated.", "likes_count": 1, "replies_count": 0, "retweets_count": 0, "hashtags": []}
{"id": 1252385414016462849, "date": "2020-04-20", "time": "19:55:25", "tweet": "@realBigMass right!? “this is gross i dont like it” ok npc nobody aka normal people asked for ur input... shutup!", "likes_count": 0, "replies_count": 0, "retweets_count": 0, "hashtags": []}
{"id": 1252385330314924037, "date": "2020-04-20", "time": "19:55:05", "tweet": "@jbuhl35 One byproduct of refining oil is some of the materials used to make plastics.  I could see this lowering input costs for a lot of businesses.", "likes_count": 1, "replies_count": 0, "retweets_count": 0, "hashtags": []}
{"id": 1252385292637499393, "date": "2020-04-20", "time": "19:54:56", "tweet": "@Gruelingtruth @spreaker Is there anybody left caring about Tannenbaum’s input? Really?", "likes_count": 0, "replies_count": 0, "retweets_count": 0, "hashtags": []}
{"id": 1252385211163148293, "date": "2020-04-20", "time": "19:54:37", "tweet": "布と髪とか、柔らかい揺れものの物理演算のコストをカットできるという利点はあります 誰でもproductionI.Gの布ガチ勢みたいな動画を描けるからね けど本当に必要なのはその物理的なリアルさをアニメに取り入れるために脳を使うことであって、物理に回帰して表現を捨てることではない", "likes_count": 0, "replies_count": 1, "retweets_count": 0, "hashtags": []}
{"id": 1252385009761017866, "date": "2020-04-20", "time": "19:53:49", "tweet": "@rzlphy This is my setup on console with 80 ping and I'm pretty cracked, imagine me with a full 240 fps, no input delay and 0 ping setup!  https://t.co/jQ0GSGPsLl", "likes_count": 0, "replies_count": 0, "retweets_count": 0, "hashtags": []}
{"id": 1252384900033867783, "date": "2020-04-20", "time": "19:53:23", "tweet": "@Youtubeinstinc2 @rzlphy Doesn’t really change ping and youll still have input lag without a monitor, it won’t be as bad but you’ll still have hella", "likes_count": 0, "replies_count": 1, "retweets_count": 0, "hashtags": []}
{"id": 1252384893289418752, "date": "2020-04-20", "time": "19:53:21", "tweet": "@RevStu Bearing in mind, Stirling Uni has a massive input to Tulliallan, as well as the promotion Diploma scheme and has done for years now.", "likes_count": 3, "replies_count": 1, "retweets_count": 1, "hashtags": []}
{"id": 1252384855012196353, "date": "2020-04-20", "time": "19:53:12", "tweet": "@idiot_girl @SwiftOnSecurity It probably helps to remember that the context for camera mechanics is celluloid; a sensor/film with sensitivity range (ISO) exposed to certain amount of light through a gate produces image with equal luminosity of that image in our eyes. Camera's light _input_ depends on that.", "likes_count": 0, "replies_count": 1, "retweets_count": 0, "hashtags": []}
{"id": 1252384808463818753, "date": "2020-04-20", "time": "19:53:01", "tweet": "@fallinginapr @theagusdt How to stream 1. Log in YouTube is 2. Often type april lalalilala on search input 3. watch on official April and 1thek only 4. **important** watch until song finish  Do. 1. Often type april lalalilala on search input 2. Sound volume more than 50% 3.more than 720p resolution", "likes_count": 1, "replies_count": 1, "retweets_count": 0, "hashtags": []}
{"id": 1252384710669373441, "date": "2020-04-20", "time": "19:52:37", "tweet": "Can better traceability brew up a sustainable recipe for coffee? -  On coffee farms in Daklak, Vietnam, farmers' production costs were reduced by 32 per cent in 2019 because of lower input costs from... -  https://t.co/rdskO239LI - -  https://t.co/FHgiPLEAEY", "likes_count": 1, "replies_count": 0, "retweets_count": 0, "hashtags": []}
{"id": 1252384688456388609, "date": "2020-04-20", "time": "19:52:32", "tweet": "Is there any way to 'set' the play head position on a timeline other than dragging? There is no input, only output to 'get' and key framing the playhead position didn't work. :/ #DreamsPS4", "likes_count": 0, "replies_count": 2, "retweets_count": 0, "hashtags": ["dreamsps4"]}
{"id": 1252384653924683779, "date": "2020-04-20", "time": "19:52:24", "tweet": "Anybody have any input on the tour clothing sizes? I;'m not small by any means but I have one of the pop up tees from last tour and the XL seems long and boxy if I size down to L is it a big difference? Also the sweatpants and hoodies?", "likes_count": 0, "replies_count": 0, "retweets_count": 0, "hashtags": []}
{"id": 1252384626590363655, "date": "2020-04-20", "time": "19:52:17", "tweet": "The thing that makes me angriest about Gov Kemp is that he is so arrogant that he doesn't listen to his mayors. I'm pretty sure he didn't get their input on this stupid decision.", "likes_count": 0, "replies_count": 0, "retweets_count": 0, "hashtags": []}
{"id": 1252384559280222208, "date": "2020-04-20", "time": "19:52:01", "tweet": "@Romocop54 @defiance_lady @latimes Thanks for your input.", "likes_count": 24, "replies_count": 0, "retweets_count": 0, "hashtags": []}
{"id": 1252384538430328843, "date": "2020-04-20", "time": "19:51:56", "tweet": "@FKGPML @DavidGHFrost @MichelBarnier Give me a law that's been passed in the EU that has had no input from a single UK representative.", "likes_count": 0, "replies_count": 0, "retweets_count": 0, "hashtags": []}
{"id": 1252384480787984386, "date": "2020-04-20", "time": "19:51:43", "tweet": "I am suspecting a fraud, I am getting notices from Verizon that I opened several mobile phone lines. I can’t get past a pin input request when calling their fraud line (how can you have a pin for an a account you didn’t open in the first place??) is it better to contact FBI?", "likes_count": 0, "replies_count": 0, "retweets_count": 0, "hashtags": []}
{"id": 1252384440669450243, "date": "2020-04-20", "time": "19:51:33", "tweet": "@LoLJericho There's no audio input going to my PC at all, since it's passing through the Video Card. We kind of like it this way anyway, makes it easier to hear each other clearer.", "likes_count": 0, "replies_count": 1, "retweets_count": 0, "hashtags": []}
{"id": 1252384261002285058, "date": "2020-04-20", "time": "19:50:50", "tweet": "You'd think working from home would result in less meetings, but in my case more meetings occured and only 10% of them were actually useful and required my input. This makes me reply to recruiter emails. #email  https://t.co/elogDZsWcv", "likes_count": 16, "replies_count": 1, "retweets_count": 1, "hashtags": ["email"]}
{"id": 1252384165485395969, "date": "2020-04-20", "time": "19:50:27", "tweet": "@SebAaltonen Do you think this was intentional, so that you are forced to use the input assembler for one of its intended purposes, i.e. indexing into instance attributes?", "likes_count": 0, "replies_count": 0, "retweets_count": 0, "hashtags": []}
{"id": 1252384124108566534, "date": "2020-04-20", "time": "19:50:18", "tweet": "@JuliansRum I was wondering about ya! Miss your input.", "likes_count": 0, "replies_count": 0, "retweets_count": 0, "hashtags": []}
{"id": 1252384108505821189, "date": "2020-04-20", "time": "19:50:14", "tweet": "@DarrenPlymouth @MHutchings63 Even more so if Bill Gates has any input.", "likes_count": 1, "replies_count": 1, "retweets_count": 0, "hashtags": []}
{"id": 1252384019896954901, "date": "2020-04-20", "time": "19:49:53", "tweet": "@coolcab @fuzzysnugs I have a lagless monitor. There's some input delay on a few games but it's fine otherwise.", "likes_count": 1, "replies_count": 0, "retweets_count": 0, "hashtags": []}
{"id": 1252383915555188738, "date": "2020-04-20", "time": "19:49:28", "tweet": "@AstraIbirthvoid Yes, dash right then input the fc nair, i recommend doing it in 2/3 speed to see how you are comfortable doing it. Also you have to delay the dash a bit after the nair", "likes_count": 1, "replies_count": 1, "retweets_count": 0, "hashtags": []}
{"id": 1252383683069177861, "date": "2020-04-20", "time": "19:48:32", "tweet": "アレ見てたら気づくでしょ、「この動き要らねえな」「なんでこここんな控えめなんだ」 実写をベースにして、それを盲信してしまうと、表現が出来なくなるんですよ どんなに上手いアニメーターでもね", "likes_count": 0, "replies_count": 1, "retweets_count": 0, "hashtags": []}
{"id": 1252383679151665156, "date": "2020-04-20", "time": "19:48:31", "tweet": "@dyllan_vallier D u might have to input ur bank details as if u owed federal taxes they don’t have that info. Go to get my payment IRS and check", "likes_count": 1, "replies_count": 0, "retweets_count": 0, "hashtags": []}
{"id": 1252383654568849409, "date": "2020-04-20", "time": "19:48:26", "tweet": "@RemarraeJenkins @FortnitePromos so why stay in a team where they dont deserve your input? lol", "likes_count": 0, "replies_count": 1, "retweets_count": 0, "hashtags": []}
{"id": 1252383603381526529, "date": "2020-04-20", "time": "19:48:13", "tweet": "@Peeler_45 Interesting dynamic! My point was to raise more of a discussion to see if asp’s do play a role. Your input defo supports the importance so Thankyou :)", "likes_count": 0, "replies_count": 0, "retweets_count": 0, "hashtags": []}
