{"id": 1296597589777739777, "date": "2020-08-20", "time": "19:58:49", "tweet": "@GrayCatalyst thank you for the input socks!", "likes_count": 0, "replies_count": 0, "retweets_count": 0, "hashtags": []}
{"id": 1296597569548820482, "date": "2020-08-20", "time": "19:58:44", "tweet": "There has been principal and teacher input for years!! She's wearing out her dog whistles.", "likes_count": 2, "replies_count": 1, "retweets_count": 1, "hashtags": []}
{"id": 1296597519846146048, "date": "2020-08-20", "time": "19:58:33", "tweet": "Why Adobe erase my timesheet?? 😭 now I gotta input all my work hours again", "likes_count": 3, "replies_count": 1, "retweets_count": 0, "hashtags": []}
{"id": 1296597496333062146, "date": "2020-08-20", "time": "19:58:27", "tweet": "@Sora_Canstavia Definitely recommend trying a controller yeah, the analogue input for steering, pitching and ruddering is practically essential x3", "likes_count": 0, "replies_count": 1, "retweets_count": 0, "hashtags": []}
{"id": 1296597452582256640, "date": "2020-08-20", "time": "19:58:16", "tweet": "Look who has so many questions about teacher input now that the topic is Black Lives Matter. #phled  https://t.co/hp1Ux8P5rN", "likes_count": 11, "replies_count": 2, "retweets_count": 2, "hashtags": ["phled"]}
{"id": 1296597441693835264, "date": "2020-08-20", "time": "19:58:14", "tweet": "cause we made sure that the tories didnt have an input unlike the a levels...we shouldn't have to thank the tories for not fucking up ur futures lol :/", "likes_count": 2, "replies_count": 0, "retweets_count": 0, "hashtags": []}
{"id": 1296597440632688645, "date": "2020-08-20", "time": "19:58:14", "tweet": "Hope to get some input for my non-CT surgery colleagues @NU_SOQIC as well! @kbilimoria @JJStulberg  @rpmerkow  @TonyYangMD @gregauff @AnneMStey @JulieJKJohnson @michaelfmcgee", "likes_count": 1, "replies_count": 0, "retweets_count": 1, "hashtags": []}
{"id": 1296597429744279553, "date": "2020-08-20", "time": "19:58:11", "tweet": "See how University of Texas at Austin designed a 3 kW universal input PFC featuring 200 V #eGaN FETs  https://t.co/4cWwnbOQKc #datacenter #servers #edgecomputing #eGaN #GaN #GalliumNitride #cloudcomputing #electricalengineering #technology #automotive #cloud  https://t.co/VjuSOpAbki", "likes_count": 0, "replies_count": 0, "retweets_count": 1, "hashtags": ["egan", "datacenter", "servers", "edgecomputing", "egan", "gan", "galliumnitride", "cloudcomputing", "electricalengineering", "technology", "automotive", "cloud"]}
{"id": 1296597421783429120, "date": "2020-08-20", "time": "19:58:09", "tweet": "Thank you for your input and your experience and enthusiasm. These are unprecedented times and we are taking steps to the greatest extent possible to respond diligently to a constantly developing environment.", "likes_count": 0, "replies_count": 1, "retweets_count": 0, "hashtags": []}
{"id": 1296597326186852352, "date": "2020-08-20", "time": "19:57:46", "tweet": "@nwash85 Same on 14, AJ is a proven solid. But that choppy shit don’t read down there! 🙅🏾‍♂️🔒  Corey Davis was crisp  (Appreciate the input)", "likes_count": 1, "replies_count": 1, "retweets_count": 0, "hashtags": []}
{"id": 1296597144183349250, "date": "2020-08-20", "time": "19:57:03", "tweet": "y me bajaba de 100 fps, formatie y ahora puedo jugar 1920x1080 144hz +170 fps constantes y casi ni tengo input lag y lo siento muuuuuuuucho mejor que antes asi q nada eso si vouch blabla", "likes_count": 18, "replies_count": 1, "retweets_count": 0, "hashtags": []}
{"id": 1296597077561155584, "date": "2020-08-20", "time": "19:56:47", "tweet": "@GOP It's not trumpy's PPP....CONGRESS negotiated it with little to no input from the orange one....", "likes_count": 0, "replies_count": 0, "retweets_count": 0, "hashtags": []}
{"id": 1296596896639844352, "date": "2020-08-20", "time": "19:56:04", "tweet": "@2ndNewMoon @AdlerVilhelm @VanessaBeeley @profsiobhanon @curriculumni @smaguire777 @Education_NI Your input is always valued. Bear in mind a lot of the folk from NI will not be aware of our Syria work or your background. The same principles of misinformation from government apply though.", "likes_count": 1, "replies_count": 1, "retweets_count": 0, "hashtags": []}
{"id": 1296596869884387329, "date": "2020-08-20", "time": "19:55:58", "tweet": "For my friends that play GU, I get a heck ton of input lag when I play. Playing on a monitor, game mode, using a pro controller. Is it just something to get used too or is there something I can try to do.", "likes_count": 0, "replies_count": 0, "retweets_count": 0, "hashtags": []}
{"id": 1296596864901492738, "date": "2020-08-20", "time": "19:55:56", "tweet": "@NatalieFoskett I'll see how I go, thank you.. really appreciate your input.. hope you don't suffer too much..🙏🙏", "likes_count": 1, "replies_count": 0, "retweets_count": 0, "hashtags": []}
{"id": 1296596848002596870, "date": "2020-08-20", "time": "19:55:52", "tweet": "2) As exporter, VAT rate for foreign customers is zero (0). Means you can get a refund for VAT on inputs. You can get a \"customs drawback\" for import &amp; excise duties on inputs. It makes exporters &amp; exports competitive in foreign markets because the input VAT does not add to cost.", "likes_count": 6, "replies_count": 0, "retweets_count": 0, "hashtags": []}
{"id": 1296596829820387329, "date": "2020-08-20", "time": "19:55:48", "tweet": "Does anyone have some obscure recommendations for places to take pics? I feel like I’ve been nearly everywhere at this point and want some input. I really enjoy nature shots or weird creepy stuff but anywhere is fine UwU ✨ #Fallout76", "likes_count": 12, "replies_count": 14, "retweets_count": 0, "hashtags": ["fallout76"]}
{"id": 1296596742557892609, "date": "2020-08-20", "time": "19:55:27", "tweet": "@DietMiIk i agree thank you for the input!!", "likes_count": 0, "replies_count": 0, "retweets_count": 0, "hashtags": []}
{"id": 1296596723209388033, "date": "2020-08-20", "time": "19:55:23", "tweet": "@ac_hutchens Deal! Thanks for your input even though Barles is sour!  https://t.co/u9Ky5mhiQu", "likes_count": 1, "replies_count": 1, "retweets_count": 0, "hashtags": []}
{"id": 1296596703835860992, "date": "2020-08-20", "time": "19:55:18", "tweet": "@Bigbri25 I appreciate your input, it gets quite discouraging. This is temporary!!", "likes_count": 0, "replies_count": 1, "retweets_count": 0, "hashtags": []}
