{"id": 1244776347966332931, "date": "2020-03-30", "time": "19:59:42", "tweet": "@Jenny_Alto The Signal Source block has a message input port that sets the frequency. The Python Block tutorial includes the code to issue messages if you aren't already familiar with it.  https://t.co/XRErO0eQjo", "likes_count": 1, "replies_count": 1, "retweets_count": 0, "hashtags": []}
{"id": 1244776321852542977, "date": "2020-03-30", "time": "19:59:36", "tweet": "Very good input!!! Thank you GaloLio nation.", "likes_count": 10, "replies_count": 0, "retweets_count": 4, "hashtags": []}
{"id": 1244776315305115649, "date": "2020-03-30", "time": "19:59:35", "tweet": "@Text_Input_ 이예에에~~!!~! 좋아요!!😊❤", "likes_count": 1, "replies_count": 0, "retweets_count": 0, "hashtags": []}
{"id": 1244776141690474497, "date": "2020-03-30", "time": "19:58:53", "tweet": "@Gim__Z @noursbullshit Some of the actors and actresses actually help to produce some of the episodes and give input", "likes_count": 0, "replies_count": 0, "retweets_count": 0, "hashtags": []}
{"id": 1244776077068652544, "date": "2020-03-30", "time": "19:58:38", "tweet": "@Text_Input_ 저도 좋습니다!! 만우절 끝나고도 자주 대화하죠!😚😚", "likes_count": 0, "replies_count": 1, "retweets_count": 0, "hashtags": []}
{"id": 1244776038720311296, "date": "2020-03-30", "time": "19:58:29", "tweet": "@CaribouCoon Please do send all suggestions our way as we are still in a beta mode with this launch. We are still improving and tweeking the app so all input is appreciated", "likes_count": 6, "replies_count": 2, "retweets_count": 0, "hashtags": []}
{"id": 1244776012774289412, "date": "2020-03-30", "time": "19:58:22", "tweet": "@kickedtripod @mrtylerjet @tchelicongaming The thing is, I may have taken my 500 Bucks somewhere else, but you could have secured the next 500, or 1000, that's what loyalty is about.  Saying, ok maybe next time. Thanks for your input, even if we probably won't use it.  So I have to think, well maybe I should, next time.", "likes_count": 0, "replies_count": 0, "retweets_count": 0, "hashtags": []}
{"id": 1244775999901798400, "date": "2020-03-30", "time": "19:58:19", "tweet": "@Monique510 @BullyWasHere Oh that’s perfect. Thanks for your input! We did a walk today for about 45mins and she’s practicing her handwriting. I’m definitely going to follow this model. It gives balance and is not overwhelming. Thanks girl!", "likes_count": 0, "replies_count": 1, "retweets_count": 0, "hashtags": []}
{"id": 1244775975583285248, "date": "2020-03-30", "time": "19:58:14", "tweet": "Seumur2 ada pemilu langsung koq g pernah kedengaran ada SALAH INPUT. baru terjadi di PEMILU 2019.   bisanya KOMPAK terjadi hampir tiap DAERAH. 😂😂😂😂😂😂  #memoridemokrasi", "likes_count": 0, "replies_count": 0, "retweets_count": 0, "hashtags": ["memoridemokrasi"]}
{"id": 1244775973385633793, "date": "2020-03-30", "time": "19:58:13", "tweet": "@Joe27956199 OK. Well, thanks for your input Joe. Stay safe my friend.", "likes_count": 0, "replies_count": 0, "retweets_count": 0, "hashtags": []}
{"id": 1244775724155916288, "date": "2020-03-30", "time": "19:57:14", "tweet": "I need some input", "likes_count": 0, "replies_count": 0, "retweets_count": 0, "hashtags": []}
{"id": 1244775699732475904, "date": "2020-03-30", "time": "19:57:08", "tweet": "Input this code in Dominoes Pro to play against me: jt2o7", "likes_count": 0, "replies_count": 0, "retweets_count": 0, "hashtags": []}
{"id": 1244775640282402817, "date": "2020-03-30", "time": "19:56:54", "tweet": "SJEIEJROEJJSJSJJWJWJWJSEUEURVRHSJHDHEJEJRJEJIRJRJD. That's all I have to say. I'll wait for the next update — your input was extremely appreciated skjdfjskdf thank u very much &lt;3  https://t.co/T5lunRY1Of", "likes_count": 0, "replies_count": 0, "retweets_count": 0, "hashtags": []}
{"id": 1244775569520095232, "date": "2020-03-30", "time": "19:56:37", "tweet": "@Text_Input_ 아..하...!!", "likes_count": 0, "replies_count": 1, "retweets_count": 0, "hashtags": []}
{"id": 1244775563988029440, "date": "2020-03-30", "time": "19:56:35", "tweet": "@ColossusO5 Why thank you! :D I appreciate that. I'd personally love to draw any of these ideas- I'm just too scattered/conflicted to pick! So I appreciate the input. C:", "likes_count": 2, "replies_count": 1, "retweets_count": 0, "hashtags": []}
{"id": 1244775556064788480, "date": "2020-03-30", "time": "19:56:34", "tweet": "@Onua_SSB probably because the buffer timing is eating up the directional input due to the delay", "likes_count": 0, "replies_count": 0, "retweets_count": 0, "hashtags": []}
{"id": 1244775382147952640, "date": "2020-03-30", "time": "19:55:52", "tweet": "@_LG_McDonald This may be a westy problem and moreso connectivity instead of a mechanic, but club used to feel smooth and allowed build creativity, big or small without input delay, stuck in the mud holding you back.  I’d love if we could go back to a state where we had a happy ping balance 🙏🏻", "likes_count": 1, "replies_count": 1, "retweets_count": 0, "hashtags": []}
{"id": 1244775028454907904, "date": "2020-03-30", "time": "19:54:28", "tweet": "@Text_Input_ 와아,, 역시 탐라 대명절 답군요,,, 그나저나 분명 트친인데 당신 누구인지 알수가 없어,,,", "likes_count": 0, "replies_count": 1, "retweets_count": 0, "hashtags": []}
{"id": 1244774966660382722, "date": "2020-03-30", "time": "19:54:13", "tweet": "@btswcalc hello I know you're busy with the new update but I was trying to input a new 5 star card into the calculator but theres no 'Best Cut RM' card option. I just thought I'd let you know.", "likes_count": 0, "replies_count": 0, "retweets_count": 0, "hashtags": []}
{"id": 1244774946590666752, "date": "2020-03-30", "time": "19:54:08", "tweet": "@KatieHill4CA I want to dismantle toxic masculinity. It’s a prison women, but also for men. I want to abolish the idea that female qualities are inferior. I want our work and input to be valued. I want women to address our own internalized misogyny. 💗", "likes_count": 1, "replies_count": 0, "retweets_count": 0, "hashtags": []}
{"id": 1244774938919100416, "date": "2020-03-30", "time": "19:54:06", "tweet": "Free tone generator app on cell and input Rife Frequencies  https://t.co/JsWEViqlbY", "likes_count": 0, "replies_count": 0, "retweets_count": 0, "hashtags": []}
{"id": 1244774716159807493, "date": "2020-03-30", "time": "19:53:13", "tweet": "@CapelaWRLD @ja_report That’s not the ps4 lmao that’s an input problem with his tv or hdmi cord", "likes_count": 0, "replies_count": 0, "retweets_count": 0, "hashtags": []}
{"id": 1244774569573003264, "date": "2020-03-30", "time": "19:52:38", "tweet": "@RageWoody69 Ik I just like to add my input whenever necessary", "likes_count": 0, "replies_count": 1, "retweets_count": 0, "hashtags": []}
{"id": 1244774487662321664, "date": "2020-03-30", "time": "19:52:19", "tweet": "dijual... dijual...  Analisis Input - Output untuk Ekonomi dengan Software Input-Output F ( IO-F )  info pemesanan silakan DM / whatsapp #buku #ekonomi #analisis ##inputoutput #software #baca #hobi #koleksi #pustaka  https://t.co/djJhDqaCHh", "likes_count": 0, "replies_count": 0, "retweets_count": 0, "hashtags": ["buku", "ekonomi", "analisis", "inputoutput", "software", "baca", "hobi", "koleksi", "pustaka"]}
{"id": 1244774455273873409, "date": "2020-03-30", "time": "19:52:11", "tweet": "@P9O13 旋回した時に被害がデカ過ぎるので少し自重(今もそんなに変わらないけど) 機体速度も旋回時に急減速出来るようにエンジンinputを弄ってあるので着弾確認が容易だったり。()", "likes_count": 1, "replies_count": 0, "retweets_count": 0, "hashtags": []}
{"id": 1244774443546628096, "date": "2020-03-30", "time": "19:52:08", "tweet": "dijual... dijual...  Analisis Input - Output untuk Ekonomi dengan Software Input-Output F ( IO-F )  info pemesanan silakan DM / whatsapp #buku #ekonomi #analisis ##inputoutput #software #baca #hobi #koleksi #pustaka  https://t.co/GZlup9KzpL", "likes_count": 0, "replies_count": 0, "retweets_count": 0, "hashtags": ["buku", "ekonomi", "analisis", "inputoutput", "software", "baca", "hobi", "koleksi", "pustaka"]}
{"id": 1244774403705131013, "date": "2020-03-30", "time": "19:51:59", "tweet": "@carmentina19 Es igual. El input lo ha recibido", "likes_count": 0, "replies_count": 0, "retweets_count": 0, "hashtags": []}
{"id": 1244774357177716742, "date": "2020-03-30", "time": "19:51:48", "tweet": "@joebelfiore Too bad they forgot to fix touch input in Edge...", "likes_count": 0, "replies_count": 0, "retweets_count": 0, "hashtags": []}
{"id": 1244774264080756736, "date": "2020-03-30", "time": "19:51:26", "tweet": "Corporate? SME? Start-up? Researcher? Support organisation? Complete the Agritech New Zealand Survey today and help secure a resilient and strong NZ agritech sector. Your input is vital. Sign up here:  https://t.co/H1noI5UJtx  @MBIEdigital @MPI_NZ @NZTechIA  https://t.co/JFWQqk4gxX", "likes_count": 4, "replies_count": 0, "retweets_count": 3, "hashtags": []}
{"id": 1244774217423319041, "date": "2020-03-30", "time": "19:51:14", "tweet": "@Moonlightswami Awesome! Thanks for the input, always love your opinion! Yea the first list I totally blanked and forgot Herbert, I watched him play at Oregon a lot the last few years and always felt he was overrated. Still solid though.", "likes_count": 0, "replies_count": 0, "retweets_count": 0, "hashtags": []}
{"id": 1244774120010600448, "date": "2020-03-30", "time": "19:50:51", "tweet": "@giacomozucco Great input Giacomo, thanks 🙏🏻👍🏻", "likes_count": 1, "replies_count": 1, "retweets_count": 0, "hashtags": []}
{"id": 1244774097999052800, "date": "2020-03-30", "time": "19:50:46", "tweet": "@QueentiyeMc @BadGuan @Burbanggang @CarlaRK3 @SymoneDSanders Bots don’t vote. Bernie holed himself up in VT while the rest of the Senate developed the stimulus plan.  Thanks to Elizabeth Warren and her input, not Bernie’s because he was MIA and only showed up to grandstand prior to the vote.  Some leader.", "likes_count": 1, "replies_count": 2, "retweets_count": 0, "hashtags": []}
{"id": 1244773982538289153, "date": "2020-03-30", "time": "19:50:18", "tweet": "@T_LenzTurf @FieldExperts Right on. We just pulled 3/4in cores Friday. This was before we knew this was happening. Thanks for the input.", "likes_count": 0, "replies_count": 0, "retweets_count": 0, "hashtags": []}
{"id": 1244773880662593536, "date": "2020-03-30", "time": "19:49:54", "tweet": "@cbccostofliving @CBCEdmonton 1,As the financial world is now basically digital can’t we just input a code/algorithm &amp; just say it all went normally? Rents, mortgages, car loans, ect... just a one time global pandemic financial fix, it’s not like the stimulus money really exists it’s future borrowing....", "likes_count": 0, "replies_count": 1, "retweets_count": 0, "hashtags": []}
{"id": 1244773838828830726, "date": "2020-03-30", "time": "19:49:44", "tweet": "@Chelsea_Tuttle Got my @ewarren merch on Saturday, Jedi ! Sad to say #thatsAllFolks for only now. Thinking this economic suspension #deadPause can use her input, guidance for policy making.. what say you @SpeakerPelosi @SenSchumer", "likes_count": 1, "replies_count": 0, "retweets_count": 0, "hashtags": ["thatsallfolks", "deadpause"]}
{"id": 1244773712777396224, "date": "2020-03-30", "time": "19:49:14", "tweet": "@kickedtripod @mrtylerjet @tchelicongaming ...this meaning good for musicians streaming and podcasting.  I am testing it right now, and frankly I miss my TCH voice processor. But I couldn't get myself to hit that buy button in the GoXLR. Maybe the software will iron out, and the next gen features a HiZ input or combojack.", "likes_count": 0, "replies_count": 0, "retweets_count": 0, "hashtags": []}
{"id": 1244773588911239168, "date": "2020-03-30", "time": "19:48:45", "tweet": "We live in an educated country. Frankly why didn't you take extra care when we closed travel from China?  I was concerned then and happy that our President closed that virus input.", "likes_count": 2, "replies_count": 0, "retweets_count": 0, "hashtags": []}
{"id": 1244773546905047040, "date": "2020-03-30", "time": "19:48:35", "tweet": "I'm so sick of this grocery situation. I just checked my LES and once again, my COLA is not on it. That leaves us $92 for grocery shopping until my COLA hits late next week. I'm one of the FEW people that needs this input every pay period and they still can't get it in on time.", "likes_count": 1, "replies_count": 0, "retweets_count": 0, "hashtags": []}
{"id": 1244773542505349122, "date": "2020-03-30", "time": "19:48:33", "tweet": "I’m helping out on this project! Would love to get your input", "likes_count": 0, "replies_count": 0, "retweets_count": 0, "hashtags": []}
{"id": 1244773515921960965, "date": "2020-03-30", "time": "19:48:27", "tweet": "@AshleyEsqueda I ordered an 18” ringlight for use as our portable vlogging lamp and tripod! Thanks for your input. 👍  https://t.co/sdf7Zib1bJ", "likes_count": 1, "replies_count": 0, "retweets_count": 0, "hashtags": []}
{"id": 1244773513191399426, "date": "2020-03-30", "time": "19:48:26", "tweet": "I've asked this before but want to see if there's any input from my newer followers: For those of you with a patreon who offer this, do you ever worry that the non watermarked/HD/layered art files you offer to your patrons could get stolen and sold on stuff?", "likes_count": 12, "replies_count": 5, "retweets_count": 0, "hashtags": []}
{"id": 1244773474415058945, "date": "2020-03-30", "time": "19:48:17", "tweet": "@JonFromSeattle @Timberrr5 My understanding is that you input them at your Able Sisters kiosk", "likes_count": 0, "replies_count": 1, "retweets_count": 0, "hashtags": []}
{"id": 1244773301647314944, "date": "2020-03-30", "time": "19:47:36", "tweet": "dijual... dijual...  Perencanaan Pembangunan Ekonomi Daerah dengan Analisis Input - Output  info pemesanan silakan DM / whatsapp #buku #ekonomi #analisis ##inputoutput #perencanaan #pembangunan #daerah #baca #hobi #koleksi #pustaka  https://t.co/If61wg3CNk", "likes_count": 1, "replies_count": 0, "retweets_count": 0, "hashtags": ["buku", "ekonomi", "analisis", "inputoutput", "perencanaan", "pembangunan", "daerah", "baca", "hobi", "koleksi", "pustaka"]}
{"id": 1244773239966048262, "date": "2020-03-30", "time": "19:47:21", "tweet": "😺✏ — Thanks for the input  https://t.co/ijvi3Y4ddM", "likes_count": 0, "replies_count": 0, "retweets_count": 0, "hashtags": []}
{"id": 1244773228507095040, "date": "2020-03-30", "time": "19:47:19", "tweet": "dijual... dijual...  Perencanaan Pembangunan Ekonomi Daerah dengan Analisis Input - Output  info pemesanan silakan DM / whatsapp #buku #ekonomi #analisis ##inputoutput #perencanaan #pembangunan #daerah #baca #hobi #koleksi #pustaka  https://t.co/5CnJBarB65", "likes_count": 0, "replies_count": 0, "retweets_count": 0, "hashtags": ["buku", "ekonomi", "analisis", "inputoutput", "perencanaan", "pembangunan", "daerah", "baca", "hobi", "koleksi", "pustaka"]}
{"id": 1244773139172581376, "date": "2020-03-30", "time": "19:46:57", "tweet": "Defragged my PS4 and migrated Modern Warfare to an external SSD today. Shit's lightning fast and input lag is practically non-existent. Now if only I could get an FOV slider and higher frames to compete against PC players.", "likes_count": 2, "replies_count": 0, "retweets_count": 0, "hashtags": []}
{"id": 1244772961149730818, "date": "2020-03-30", "time": "19:46:15", "tweet": "@MJ_Abercrombie Makes sense, and I’m obviously not a doctor so I appreciate the input. I’m curious, though, after seeing reports of patients dying from heart failure, for example, being tested positive for Covid, but asymptomatic. Then reporting their death as Covid, or related. Misleading IMO", "likes_count": 1, "replies_count": 1, "retweets_count": 0, "hashtags": []}
{"id": 1244772931789402113, "date": "2020-03-30", "time": "19:46:08", "tweet": "@sigfredirus Eu ngani nka portrait man ang orig kaan inda ta nagtagilid pag ga input cguro", "likes_count": 0, "replies_count": 1, "retweets_count": 0, "hashtags": []}
{"id": 1244772916534874112, "date": "2020-03-30", "time": "19:46:04", "tweet": "@cleverdevil Did your mic input somehow fall back to 1ch instead of 2ch? Can you post a screenshot of your interface config in Audio MIDI Setup?", "likes_count": 0, "replies_count": 1, "retweets_count": 0, "hashtags": []}
{"id": 1244772915448393729, "date": "2020-03-30", "time": "19:46:04", "tweet": "@StagaZigfried @ausgov Sure, but sometimes its not that easy or simple. But thanks for the input.", "likes_count": 1, "replies_count": 1, "retweets_count": 0, "hashtags": []}
{"id": 1244772880849817600, "date": "2020-03-30", "time": "19:45:56", "tweet": "@ShadaabRzq No one asked for your input.", "likes_count": 0, "replies_count": 1, "retweets_count": 0, "hashtags": []}
{"id": 1244772754412331009, "date": "2020-03-30", "time": "19:45:26", "tweet": "@SophNar0747 Isn’t this the guy that can’t write for shit or keep his hands off anything that moves? I think the industry can make decisions without his input.", "likes_count": 0, "replies_count": 0, "retweets_count": 0, "hashtags": []}
{"id": 1244772672308948993, "date": "2020-03-30", "time": "19:45:06", "tweet": "Study of $B_s\\to K^{(*)}\\ell^+ \\ell^-$ decays in the PQCD factorization approach with the lattice QCD input. (arXiv:2003.12226v1 [hep-ph])  https://t.co/c8ZtSOwVyj #physics", "likes_count": 0, "replies_count": 0, "retweets_count": 0, "hashtags": ["physics"]}
{"id": 1244772552989433856, "date": "2020-03-30", "time": "19:44:38", "tweet": "COVID symptom tracker phone app to help slow the spread. Developed by UK &amp; USA. To input daily symptoms &amp; help the NHS etc track the spread #covid19uk #coronavirus #COVID19 #symptomtracker   https://t.co/4J00sALLql", "likes_count": 0, "replies_count": 0, "retweets_count": 0, "hashtags": ["covid19uk", "coronavirus", "covid19", "symptomtracker"]}
{"id": 1244772503462895616, "date": "2020-03-30", "time": "19:44:26", "tweet": "Output seperti apa yang kita inginkan dari kehidupan kita, seperti itulah seharusnya input yang mengisi pikiran, jiwa dan hati kita.   Have a blessed day🍕", "likes_count": 0, "replies_count": 0, "retweets_count": 0, "hashtags": []}
{"id": 1244772499310563328, "date": "2020-03-30", "time": "19:44:25", "tweet": "WFH day 1🍕  Apa yang kamu input hari-hari ini ketika memiliki lebih banyak waktu luang dirumah?  Sudahkah menginput hal-hal yang positif atau malah sebaliknya ?  Input akan menentukan sebuah ouput  #StayAtHome", "likes_count": 0, "replies_count": 1, "retweets_count": 0, "hashtags": ["stayathome"]}
{"id": 1244772369022902272, "date": "2020-03-30", "time": "19:43:54", "tweet": "Oh its the backwards pretzel one. LMAO  the one that ends with teh backwards DP input.", "likes_count": 0, "replies_count": 0, "retweets_count": 0, "hashtags": []}
{"id": 1244772183462875137, "date": "2020-03-30", "time": "19:43:09", "tweet": "How to make a PhD student cry 101: input data wrong, do it inconsistently enough that you make them doubt everything entered by everyone ever. Then wait for them to be stressed and isolated in the middle of a pandemic before they find your errors. F.M.L. #academicchatter #phdchat  https://t.co/9IbVA2wF8R", "likes_count": 0, "replies_count": 0, "retweets_count": 0, "hashtags": ["academicchatter", "phdchat"]}
{"id": 1244772157261074432, "date": "2020-03-30", "time": "19:43:03", "tweet": "Your input will determine my output!!!- anon🙂🙂", "likes_count": 0, "replies_count": 0, "retweets_count": 0, "hashtags": []}
{"id": 1244772094887395328, "date": "2020-03-30", "time": "19:42:48", "tweet": "i panicked because i keep getting my password wrong; apparently i was using a different keyboard input", "likes_count": 0, "replies_count": 0, "retweets_count": 0, "hashtags": []}
{"id": 1244776347966332931, "date": "2020-03-30", "time": "19:59:42", "tweet": "@Jenny_Alto The Signal Source block has a message input port that sets the frequency. The Python Block tutorial includes the code to issue messages if you aren't already familiar with it.  https://t.co/XRErO0eQjo", "likes_count": 1, "replies_count": 1, "retweets_count": 0, "hashtags": []}
{"id": 1244776321852542977, "date": "2020-03-30", "time": "19:59:36", "tweet": "Very good input!!! Thank you GaloLio nation.", "likes_count": 10, "replies_count": 0, "retweets_count": 4, "hashtags": []}
{"id": 1244776315305115649, "date": "2020-03-30", "time": "19:59:35", "tweet": "@Text_Input_ 이예에에~~!!~! 좋아요!!😊❤", "likes_count": 1, "replies_count": 0, "retweets_count": 0, "hashtags": []}
{"id": 1244776141690474497, "date": "2020-03-30", "time": "19:58:53", "tweet": "@Gim__Z @noursbullshit Some of the actors and actresses actually help to produce some of the episodes and give input", "likes_count": 0, "replies_count": 0, "retweets_count": 0, "hashtags": []}
{"id": 1244776077068652544, "date": "2020-03-30", "time": "19:58:38", "tweet": "@Text_Input_ 저도 좋습니다!! 만우절 끝나고도 자주 대화하죠!😚😚", "likes_count": 0, "replies_count": 1, "retweets_count": 0, "hashtags": []}
{"id": 1244776038720311296, "date": "2020-03-30", "time": "19:58:29", "tweet": "@CaribouCoon Please do send all suggestions our way as we are still in a beta mode with this launch. We are still improving and tweeking the app so all input is appreciated", "likes_count": 6, "replies_count": 2, "retweets_count": 0, "hashtags": []}
{"id": 1244776012774289412, "date": "2020-03-30", "time": "19:58:22", "tweet": "@kickedtripod @mrtylerjet @tchelicongaming The thing is, I may have taken my 500 Bucks somewhere else, but you could have secured the next 500, or 1000, that's what loyalty is about.  Saying, ok maybe next time. Thanks for your input, even if we probably won't use it.  So I have to think, well maybe I should, next time.", "likes_count": 0, "replies_count": 0, "retweets_count": 0, "hashtags": []}
{"id": 1244775999901798400, "date": "2020-03-30", "time": "19:58:19", "tweet": "@Monique510 @BullyWasHere Oh that’s perfect. Thanks for your input! We did a walk today for about 45mins and she’s practicing her handwriting. I’m definitely going to follow this model. It gives balance and is not overwhelming. Thanks girl!", "likes_count": 0, "replies_count": 1, "retweets_count": 0, "hashtags": []}
{"id": 1244775975583285248, "date": "2020-03-30", "time": "19:58:14", "tweet": "Seumur2 ada pemilu langsung koq g pernah kedengaran ada SALAH INPUT. baru terjadi di PEMILU 2019.   bisanya KOMPAK terjadi hampir tiap DAERAH. 😂😂😂😂😂😂  #memoridemokrasi", "likes_count": 0, "replies_count": 0, "retweets_count": 0, "hashtags": ["memoridemokrasi"]}
{"id": 1244775973385633793, "date": "2020-03-30", "time": "19:58:13", "tweet": "@Joe27956199 OK. Well, thanks for your input Joe. Stay safe my friend.", "likes_count": 0, "replies_count": 0, "retweets_count": 0, "hashtags": []}
{"id": 1244775724155916288, "date": "2020-03-30", "time": "19:57:14", "tweet": "I need some input", "likes_count": 0, "replies_count": 0, "retweets_count": 0, "hashtags": []}
{"id": 1244775699732475904, "date": "2020-03-30", "time": "19:57:08", "tweet": "Input this code in Dominoes Pro to play against me: jt2o7", "likes_count": 0, "replies_count": 0, "retweets_count": 0, "hashtags": []}
{"id": 1244775640282402817, "date": "2020-03-30", "time": "19:56:54", "tweet": "SJEIEJROEJJSJSJJWJWJWJSEUEURVRHSJHDHEJEJRJEJIRJRJD. That's all I have to say. I'll wait for the next update — your input was extremely appreciated skjdfjskdf thank u very much &lt;3  https://t.co/T5lunRY1Of", "likes_count": 0, "replies_count": 0, "retweets_count": 0, "hashtags": []}
{"id": 1244775569520095232, "date": "2020-03-30", "time": "19:56:37", "tweet": "@Text_Input_ 아..하...!!", "likes_count": 0, "replies_count": 1, "retweets_count": 0, "hashtags": []}
{"id": 1244775563988029440, "date": "2020-03-30", "time": "19:56:35", "tweet": "@ColossusO5 Why thank you! :D I appreciate that. I'd personally love to draw any of these ideas- I'm just too scattered/conflicted to pick! So I appreciate the input. C:", "likes_count": 2, "replies_count": 1, "retweets_count": 0, "hashtags": []}
{"id": 1244775556064788480, "date": "2020-03-30", "time": "19:56:34", "tweet": "@Onua_SSB probably because the buffer timing is eating up the directional input due to the delay", "likes_count": 0, "replies_count": 0, "retweets_count": 0, "hashtags": []}
{"id": 1244775382147952640, "date": "2020-03-30", "time": "19:55:52", "tweet": "@_LG_McDonald This may be a westy problem and moreso connectivity instead of a mechanic, but club used to feel smooth and allowed build creativity, big or small without input delay, stuck in the mud holding you back.  I’d love if we could go back to a state where we had a happy ping balance 🙏🏻", "likes_count": 1, "replies_count": 1, "retweets_count": 0, "hashtags": []}
{"id": 1244775028454907904, "date": "2020-03-30", "time": "19:54:28", "tweet": "@Text_Input_ 와아,, 역시 탐라 대명절 답군요,,, 그나저나 분명 트친인데 당신 누구인지 알수가 없어,,,", "likes_count": 0, "replies_count": 1, "retweets_count": 0, "hashtags": []}
{"id": 1244774966660382722, "date": "2020-03-30", "time": "19:54:13", "tweet": "@btswcalc hello I know you're busy with the new update but I was trying to input a new 5 star card into the calculator but theres no 'Best Cut RM' card option. I just thought I'd let you know.", "likes_count": 0, "replies_count": 0, "retweets_count": 0, "hashtags": []}
{"id": 1244774946590666752, "date": "2020-03-30", "time": "19:54:08", "tweet": "@KatieHill4CA I want to dismantle toxic masculinity. It’s a prison women, but also for men. I want to abolish the idea that female qualities are inferior. I want our work and input to be valued. I want women to address our own internalized misogyny. 💗", "likes_count": 1, "replies_count": 0, "retweets_count": 0, "hashtags": []}
