{"id": 1224120301564375041, "date": "2020-02-02", "time": "18:59:57", "tweet": "Can Tony Romo come replace Joe Buck. No one cares for Joe Bucks input. Romo and Aikman together... Just try to not learn something.", "likes_count": 1, "replies_count": 0, "retweets_count": 0, "hashtags": []}
{"id": 1224120169435484161, "date": "2020-02-02", "time": "18:59:26", "tweet": "@drewfeatoned è un’ottima notizia, è il giusto input per dare inizio a cose importanti devo dire che il nostro spirito è sicuramente inimitabile", "likes_count": 1, "replies_count": 0, "retweets_count": 0, "hashtags": []}
{"id": 1224119864425476097, "date": "2020-02-02", "time": "18:58:13", "tweet": "@SamsungTV I only get pip with analog and one hdmi input? Please tell me there’s a firmware update to make it so I can do pip with two hdmi inputs...", "likes_count": 0, "replies_count": 0, "retweets_count": 0, "hashtags": []}
{"id": 1224119856250982401, "date": "2020-02-02", "time": "18:58:11", "tweet": "carlsbadcagov: See what's making news this week at the City of Carlsbad: Budget Input Wanted, Officials Monitor Coronavirus, Traffic Program Results and Other News  https://t.co/pTHFaX1xpt #carlsbadnews  https://t.co/kC35cf4KNO #carlsbad #carlsbadvillage #community #carlsbadwest…", "likes_count": 0, "replies_count": 0, "retweets_count": 0, "hashtags": ["carlsbadnews", "carlsbad", "carlsbadvillage", "community", "carlsbadwest"]}
{"id": 1224119801708269574, "date": "2020-02-02", "time": "18:57:58", "tweet": "Cheery Ruby have fun. What are you waiting for? Download it, input the refer code GKDG1 to get reward.  https://t.co/vqIxQs6qp4", "likes_count": 0, "replies_count": 0, "retweets_count": 0, "hashtags": []}
{"id": 1224119708955348997, "date": "2020-02-02", "time": "18:57:36", "tweet": "@hahoAnna Dodi, Dilrosun, wolf, ascacibar Boyata he was only around half a season lol. The coaching staff less so. I think you're seriously overestimating the value of his input on that 😂👍", "likes_count": 0, "replies_count": 1, "retweets_count": 0, "hashtags": []}
{"id": 1224119605230108672, "date": "2020-02-02", "time": "18:57:11", "tweet": "@krysscarr @LttleGel Ever think they just want to follow along with the anthem being played on field. That was unnecessar, does some one just need attention and add unneeded input", "likes_count": 7, "replies_count": 1, "retweets_count": 0, "hashtags": []}
{"id": 1224119515728031744, "date": "2020-02-02", "time": "18:56:50", "tweet": "@CapuaKvng @WhoDat_Tiana @SirrTee @korinacamel @AkiemLG @Salutemeimdan @divamonroe2uhoe @Erykahhh___ It’s nothing to be “happy” about. We don’t care. It’s not our situation, and it’s social media. We added our input which was in agreement w her actions. The genders were irrelevant; you’re simply reaching. Goodbye.", "likes_count": 2, "replies_count": 0, "retweets_count": 0, "hashtags": []}
{"id": 1224119458844770306, "date": "2020-02-02", "time": "18:56:36", "tweet": "@TMobile Wont let me input my address 😩", "likes_count": 0, "replies_count": 0, "retweets_count": 0, "hashtags": []}
{"id": 1224119443342667776, "date": "2020-02-02", "time": "18:56:32", "tweet": "@dthorson Epiphenomenon implies that one is merely a byproduct of the other and not also a causal input into the other, which I don't think is correct", "likes_count": 8, "replies_count": 0, "retweets_count": 0, "hashtags": []}
{"id": 1224119269681704960, "date": "2020-02-02", "time": "18:55:51", "tweet": "@BransonOtis99 @OSC2997 @ThatDumbNYYFan I think people that want to make life more difficult for people that are already struggling in life instead of helping them is really what’s the problem in this world. But you’re untitled to your opinion just as much as I am, thanks for your input. It’s okay to disagree.", "likes_count": 1, "replies_count": 1, "retweets_count": 0, "hashtags": []}
{"id": 1224119050764197891, "date": "2020-02-02", "time": "18:54:59", "tweet": "My ninja is a perspective input to ratio probable reference and interspecific species 👽👀", "likes_count": 0, "replies_count": 0, "retweets_count": 0, "hashtags": []}
{"id": 1224118892915838978, "date": "2020-02-02", "time": "18:54:21", "tweet": "@nocturnalnati43 @AEgebjerg @EvilAndyDalton From my little league days until my two year scholarship was up. Nice try though. You have added absolutely no input anywhere, kick rocks.", "likes_count": 0, "replies_count": 0, "retweets_count": 0, "hashtags": []}
{"id": 1224118809675603973, "date": "2020-02-02", "time": "18:54:01", "tweet": "@Northernfooker @TiceRichard @patel4witham @BorisJohnson Your input is neither required nor desired.", "likes_count": 0, "replies_count": 0, "retweets_count": 0, "hashtags": []}
{"id": 1224118656189313028, "date": "2020-02-02", "time": "18:53:25", "tweet": "⠀ ⠀ ⠀  👮 　   🔣🔣🔣     🔣   🔣　🔣    👇   🔣🔣 👇   　  🔣　🔣 　   🔣　 🔣 　   👢     👢 Hello. I'm the Police of input symbols. You're under arrest for stealing input symbols.", "likes_count": 0, "replies_count": 0, "retweets_count": 0, "hashtags": []}
{"id": 1224118635691573248, "date": "2020-02-02", "time": "18:53:20", "tweet": "@AlyshondraM I have lots of input on this if you want it but also I understand the value of solving your own puzzle.", "likes_count": 0, "replies_count": 1, "retweets_count": 0, "hashtags": []}
{"id": 1224118633531494401, "date": "2020-02-02", "time": "18:53:19", "tweet": "Hoy mali mali daw input ni ma’am 40 yung with honors sa’min HAHAHAHAHAHAHHAHA", "likes_count": 0, "replies_count": 0, "retweets_count": 0, "hashtags": []}
{"id": 1224118579865493507, "date": "2020-02-02", "time": "18:53:07", "tweet": "@MohsinAshfaque @DigitalTrends Absolutely, a grid in the input would be great.", "likes_count": 0, "replies_count": 0, "retweets_count": 0, "hashtags": []}
{"id": 1224118461108051970, "date": "2020-02-02", "time": "18:52:38", "tweet": "@tinylifeform hi! I work in a grocery store and sadly emotional support animals pose a health risk just like any other animal and are not allowed. service animals are the only ones specifically allowed. I didn’t make the rules but thanks for the input anyway!", "likes_count": 0, "replies_count": 1, "retweets_count": 0, "hashtags": []}
{"id": 1224118231763312641, "date": "2020-02-02", "time": "18:51:44", "tweet": "@goinglikeelsie @JWaltersFemale @cawsbar @SafeSchools_UK TY for clarifying. Will research into CultureGuard—that a faith org shows interest in the SOGI program, possibly even had input, answers the q of where trans mvmt funding is coming from. Backing from faith orgs may leverage our cause, as religion in Can pub schools is illegal.", "likes_count": 0, "replies_count": 0, "retweets_count": 0, "hashtags": []}
{"id": 1224118064733675522, "date": "2020-02-02", "time": "18:51:04", "tweet": "@Tihanygirl @rogerlwhite @edglasgow59 @KennyFarq Thank you for you input and apologies if you were offended by my initial reply. It was not my intention. It’s a rare thing on Twitter that 2 people with (perhaps diametrically) opposing views can be respectfully civil while vigorously maintaining their positions.", "likes_count": 1, "replies_count": 0, "retweets_count": 0, "hashtags": []}
{"id": 1224117943455404032, "date": "2020-02-02", "time": "18:50:35", "tweet": "@murphster155 I feel you. But I’m mad indecisive so feel free to vote if you want to, I just wanted input on it lol", "likes_count": 0, "replies_count": 1, "retweets_count": 0, "hashtags": []}
{"id": 1224117914661347328, "date": "2020-02-02", "time": "18:50:28", "tweet": "@BSciClimate \"That's why we're reforming farming policy to reward environmental actions\"  Successfully transitioning into these large lifestyle changes would benefit from the input of behavior scientists who are experienced in reinforcing healthier, more prosocial, choices in others.", "likes_count": 1, "replies_count": 0, "retweets_count": 0, "hashtags": []}
{"id": 1224117698201780224, "date": "2020-02-02", "time": "18:49:36", "tweet": "@Ruud_Zanders @Hiddemhigh @Soetman Hoe zit dat energetisch qua input en output? Heel veel van dat soort is processed food met tot heden veel fossiele of andere energie. De echte natuur kan dat altijd nog beter en efficienter.", "likes_count": 0, "replies_count": 0, "retweets_count": 0, "hashtags": []}
{"id": 1224117585886752769, "date": "2020-02-02", "time": "18:49:10", "tweet": "A blazing path toward self-destruction is also a characteristic of pathology (and may require specialists’ input to be able to understand—because it is that bad):  https://t.co/JgdsVAUhab", "likes_count": 173, "replies_count": 10, "retweets_count": 67, "hashtags": []}
{"id": 1224117537413193728, "date": "2020-02-02", "time": "18:48:58", "tweet": "@rfclass1 @agcolehamilton You wouldn't understand it if it appeared in the Beano with multiple explanatory drawings but thanks for your inane input", "likes_count": 0, "replies_count": 0, "retweets_count": 0, "hashtags": []}
{"id": 1224117316797026305, "date": "2020-02-02", "time": "18:48:05", "tweet": "@boosts drop was great; smooth and cool, unfortunately i choked hard and couldn’t input details fast enough — cyber side was much better than the last pac-man restock", "likes_count": 0, "replies_count": 0, "retweets_count": 0, "hashtags": []}
{"id": 1224116867746488321, "date": "2020-02-02", "time": "18:46:18", "tweet": "this is weird but im gonna need some input from the audienceー so like give me a character or a bunch who look really good in fanart but when you go check out the show and see what they look like in the style of the show or just the show in general you just back out immediately", "likes_count": 2, "replies_count": 3, "retweets_count": 1, "hashtags": []}
{"id": 1224116812243226626, "date": "2020-02-02", "time": "18:46:05", "tweet": "@DOTYpage By all means do not trouble yourself to confirm this. Thanks for your input though.", "likes_count": 12, "replies_count": 0, "retweets_count": 0, "hashtags": []}
{"id": 1224116643183415304, "date": "2020-02-02", "time": "18:45:25", "tweet": "Night jam    https://t.co/iH47ZOobMf", "likes_count": 0, "replies_count": 0, "retweets_count": 0, "hashtags": []}
{"id": 1224116574262415360, "date": "2020-02-02", "time": "18:45:08", "tweet": "I will figure this out but any input helps !", "likes_count": 0, "replies_count": 0, "retweets_count": 0, "hashtags": []}
{"id": 1224116342133088257, "date": "2020-02-02", "time": "18:44:13", "tweet": "@Fixed_that_4_U Then we agree that it's just speculation and unlike most of your input here not necessarily useful.", "likes_count": 0, "replies_count": 1, "retweets_count": 0, "hashtags": []}
{"id": 1224116339566006272, "date": "2020-02-02", "time": "18:44:12", "tweet": "入力してない人限定招待コード=14cf1dr6k　入力後保存曲増えるよ The more people save song limited invitation code = 14cf1dr6k input after you have not entered #iLoveMusic", "likes_count": 0, "replies_count": 0, "retweets_count": 0, "hashtags": ["ilovemusic"]}
{"id": 1224116332754432003, "date": "2020-02-02", "time": "18:44:11", "tweet": "Well... that is definitely one way of reducing the number of email unsubscribes... Simply do not let people enter their email address into the unsubscribe form by making the input box readonly 🙃  https://t.co/RYdBu10Xg2", "likes_count": 12, "replies_count": 0, "retweets_count": 1, "hashtags": []}
{"id": 1224116329042628609, "date": "2020-02-02", "time": "18:44:10", "tweet": "Twitter friends - I need your input! I’m at @LGAairport, sitting at my gate, several seats away from 40 yo female with a persistent cough and nasal drainage - clearly suffering from a URI. Would it be offensive to offer her a mask? I overprepared for the coronavirus situation.", "likes_count": 2, "replies_count": 4, "retweets_count": 0, "hashtags": []}
{"id": 1224116273392640002, "date": "2020-02-02", "time": "18:43:57", "tweet": "ViewFromVegas of #SB54: we’re calling it Chiefs -1.5 over 49ers with the Over/Under 53 points as the VFV official consensus closing odds after everyone has had their input GLA @VSiNLive", "likes_count": 5, "replies_count": 2, "retweets_count": 2, "hashtags": ["sb54"]}
{"id": 1224116168169902080, "date": "2020-02-02", "time": "18:43:32", "tweet": "textareaってUX悪いよね？  contenteditable=trueを使うと入力された文字数（改行）によって高さを自動調整してくれるからtextareaより良いのかも🤔 ちなみにTwitterもtextareaじゃなくてcontenteditable使ってるみたい  &lt;div   class=\"input-area\"   contenteditable=true   role=\"textbox\"&gt; &lt;/div&gt;  https://t.co/Y2odYb3rx1", "likes_count": 603, "replies_count": 3, "retweets_count": 135, "hashtags": []}
{"id": 1224116141414465536, "date": "2020-02-02", "time": "18:43:25", "tweet": "Need some from input.", "likes_count": 0, "replies_count": 0, "retweets_count": 0, "hashtags": []}
{"id": 1224116106052411393, "date": "2020-02-02", "time": "18:43:17", "tweet": "This is possibly the best message about input validation I've ever seen🤣  https://t.co/GpElVOs6Ji", "likes_count": 3, "replies_count": 0, "retweets_count": 0, "hashtags": []}
{"id": 1224116043477671938, "date": "2020-02-02", "time": "18:43:02", "tweet": "All legit questions. Any input @CrimeADay ?", "likes_count": 1, "replies_count": 0, "retweets_count": 0, "hashtags": []}
