{"id": 1258547133008932870, "date": "2020-05-07", "time": "19:59:53", "tweet": "@BusDerry @FoodieDerry Download the Just Eat App and input your postcode", "likes_count": 1, "replies_count": 1, "retweets_count": 0, "hashtags": []}
{"id": 1258547030693011456, "date": "2020-05-07", "time": "19:59:29", "tweet": "@MyronBriggs @DeepHouseNat7 @Afro_Crypto @kzshabazz It's interesting how you claim my input is useless, but then accuse me of arrogance. It's like you think putting me down somehow advances whatever it is you're doing.", "likes_count": 1, "replies_count": 0, "retweets_count": 0, "hashtags": []}
{"id": 1258546887298134017, "date": "2020-05-07", "time": "19:58:55", "tweet": "2. A question. How close was Dayton, OH to being Silicon Valley? Think about it - old cash registers have a keyboard for input, a display, and a calculating mechanism. So close....someday I'll research this.", "likes_count": 3, "replies_count": 1, "retweets_count": 0, "hashtags": []}
{"id": 1258546852862889985, "date": "2020-05-07", "time": "19:58:47", "tweet": "Nick_vtt on twitch live right now getting better on my new input  https://t.co/dQRImGj48x", "likes_count": 0, "replies_count": 0, "retweets_count": 0, "hashtags": []}
{"id": 1258546837432098816, "date": "2020-05-07", "time": "19:58:43", "tweet": "@SummerSalts We appreciate your input. Try the Roku Mobile App in the meantime, it's as big as your smartphone ➡️ https://t.co/n9QbnZPJjw. Happy streaming 💜  https://t.co/BLuRVWv82V", "likes_count": 1, "replies_count": 0, "retweets_count": 0, "hashtags": []}
{"id": 1258546768435793920, "date": "2020-05-07", "time": "19:58:26", "tweet": "@StelliniTweets No. In fact, her investments were in a blind trust over which she had no input. Loefflers  investments, on the other hand, what directed by her husband, head of the New York Stock Exchange.", "likes_count": 0, "replies_count": 0, "retweets_count": 0, "hashtags": []}
{"id": 1258546751658573824, "date": "2020-05-07", "time": "19:58:22", "tweet": "I don’t know what the fuck everyone’s obsession of having an input or something to say about Nut is.. maybe it’s cause he a real MF and none of these birds chirping are.", "likes_count": 47, "replies_count": 3, "retweets_count": 1, "hashtags": []}
{"id": 1258546571659980801, "date": "2020-05-07", "time": "19:57:40", "tweet": "@jsolomonReports @BillGates @NYGovCuomo At what point do you think you should have TEACHER input? They are the professionals here. Just saying.", "likes_count": 0, "replies_count": 0, "retweets_count": 0, "hashtags": []}
{"id": 1258546221364346880, "date": "2020-05-07", "time": "19:56:16", "tweet": "@communistsrevil With accurate information you are correct.  But where is that input and how accurate/reliable is their testing? Or is ther incentive perhaps?   https://t.co/oyoSXpAflv", "likes_count": 0, "replies_count": 1, "retweets_count": 0, "hashtags": []}
{"id": 1258546205803438080, "date": "2020-05-07", "time": "19:56:12", "tweet": "@ChannelNewsAsia No more input of escalated news.", "likes_count": 0, "replies_count": 0, "retweets_count": 0, "hashtags": []}
{"id": 1258546173247287296, "date": "2020-05-07", "time": "19:56:05", "tweet": "@PhilBagda Thank you for sharing with us🙏🏼 i believe the younger generation is more open minded but discrimination is still alive in the world. As long as you feel Armenian there shouldn’t be any reason to prove anything sir. I appreciate your input 😊👍", "likes_count": 2, "replies_count": 0, "retweets_count": 0, "hashtags": []}
{"id": 1258546159896813571, "date": "2020-05-07", "time": "19:56:01", "tweet": "@walshgina Senator I am also a public servant who is asking you to withdraw SB 999. It will adversely effect my only safety net my earned pension benefits! The trustees on the PRS board must have input! Earned benefits must be guaranteed.", "likes_count": 0, "replies_count": 0, "retweets_count": 0, "hashtags": []}
{"id": 1258546137985806336, "date": "2020-05-07", "time": "19:55:56", "tweet": "@BBCMOTD Baffled by fernandes input into the team of the season, but the rest is perfect.", "likes_count": 0, "replies_count": 0, "retweets_count": 0, "hashtags": []}
{"id": 1258546082985897987, "date": "2020-05-07", "time": "19:55:43", "tweet": "@zimafan91 @Vetoed But with input match making  would be great", "likes_count": 0, "replies_count": 0, "retweets_count": 0, "hashtags": []}
{"id": 1258546049691475969, "date": "2020-05-07", "time": "19:55:35", "tweet": "@RyanRod58174039 @KittieMag57 @KimStrassel @GenFlynn And withholding exculpatory info, fabricating initial investigation w false CHS input, the Pientka notes, the off the books lawyer DOJ agreement, etc etc etc", "likes_count": 0, "replies_count": 0, "retweets_count": 0, "hashtags": []}
{"id": 1258546045614559232, "date": "2020-05-07", "time": "19:55:34", "tweet": "Check this out 👇 does the soccer club you follow allow you to have input into the merch offering?  ⚽️ FC Pinzgau Saalfelden ⚽️ Ownership has its privileges. @FanOwnedClub @FCPSen", "likes_count": 5, "replies_count": 0, "retweets_count": 2, "hashtags": []}
{"id": 1258545901653680128, "date": "2020-05-07", "time": "19:55:00", "tweet": "How to Add a React Input with a Required Attribute   https://t.co/WlwaOZyHaK", "likes_count": 1, "replies_count": 0, "retweets_count": 0, "hashtags": []}
{"id": 1258545869449641986, "date": "2020-05-07", "time": "19:54:52", "tweet": "guess the input @FaZeBizzle  https://t.co/nJ86hurDzK", "likes_count": 1, "replies_count": 0, "retweets_count": 0, "hashtags": []}
{"id": 1258545668940902400, "date": "2020-05-07", "time": "19:54:04", "tweet": "MashaAllah bestnya dengar sharing Tanyalah Ustaz di TV3 pagi nie banyak sangat input dan positive vibes.  And I like cara pengacara &amp; ustaz jemputan, best sangat dan sampai penyampaian nya 😍", "likes_count": 1, "replies_count": 1, "retweets_count": 0, "hashtags": []}
{"id": 1258545658522263552, "date": "2020-05-07", "time": "19:54:02", "tweet": "@SecBernhardt is moving ahead with virtual meetings &amp; comment periods despite barriers to public input created by #COVID19 &amp; the digital divide shutting local communities out of the conversation as a result. Read op-ed in @ABQJournal:  https://t.co/xBjkdxYuHK #ProtectChaco #nmpol  https://t.co/nvyeKBpIQe", "likes_count": 0, "replies_count": 0, "retweets_count": 0, "hashtags": ["covid19", "protectchaco", "nmpol"]}
