{"id": 1292973951690317824, "date": "2020-08-10", "time": "19:59:47", "tweet": "@bu_karlin Alasannya buat nyelamatin nilai 1 angkatan , bayangpun 1 angkatan Dody ada 80org , sekali input nilai udh dpt 8jt itu dosen 😒", "likes_count": 0, "replies_count": 0, "retweets_count": 0, "hashtags": []}
{"id": 1292973940873154560, "date": "2020-08-10", "time": "19:59:44", "tweet": "Readward Free App share with you, Cashzine! Don’t go out stay at home to earn free cash, read news, take offers, make some money. Cash-Out with PayPal every day! input my invitation code: 14468693, you get 8000 coins instantly! Click below link to download it Free:", "likes_count": 0, "replies_count": 0, "retweets_count": 0, "hashtags": []}
{"id": 1292973939069612032, "date": "2020-08-10", "time": "19:59:44", "tweet": "@_andswitch i appreciate your input and i implore you to reconsider", "likes_count": 2, "replies_count": 1, "retweets_count": 0, "hashtags": []}
{"id": 1292973898057895948, "date": "2020-08-10", "time": "19:59:34", "tweet": "@tom_1875 I live in a house but thanks for the input Tom", "likes_count": 0, "replies_count": 1, "retweets_count": 0, "hashtags": []}
{"id": 1292973889278971904, "date": "2020-08-10", "time": "19:59:32", "tweet": "Scanned optogenetic control of mammalian somatosensory input to map input-specific behavioral outputs  https://t.co/FXfIoZNid9", "likes_count": 1, "replies_count": 0, "retweets_count": 0, "hashtags": []}
{"id": 1292973888297504768, "date": "2020-08-10", "time": "19:59:31", "tweet": "Input-output signal processing plasticity of vagal motorneurons in response to cardiac ischemic injury  https://t.co/tpH9vT2MKN", "likes_count": 0, "replies_count": 0, "retweets_count": 0, "hashtags": []}
{"id": 1292973862297186314, "date": "2020-08-10", "time": "19:59:25", "tweet": "@LeonidasEsteban ¿Es la versión móvil del navegador en Twitter?  A mi no me aparece ese input ¿no será algo de iOS ?", "likes_count": 0, "replies_count": 0, "retweets_count": 0, "hashtags": []}
{"id": 1292973816818409473, "date": "2020-08-10", "time": "19:59:14", "tweet": "@abidlabs Just looked at  https://t.co/wHnyFp3DFz -- it's kind of confusing without visual examples of what a slider or KeyValues looks like in practice.  input query -&gt; output a scrolling (clickable) list, that also functions as another input to a pure text (with custom CSS) output.", "likes_count": 1, "replies_count": 1, "retweets_count": 0, "hashtags": []}
{"id": 1292973758819565572, "date": "2020-08-10", "time": "19:59:01", "tweet": "@Alyssa_Milano This drives me bonkers!!  He’s just broken. No new input, only repeated output.", "likes_count": 0, "replies_count": 0, "retweets_count": 0, "hashtags": []}
{"id": 1292973706336116736, "date": "2020-08-10", "time": "19:58:48", "tweet": "@bu_karlin Lah dulu ada dosen yg cuma ngasih nilai A ke mahasiswa yg dia suka aja , sisanya D atau E .. tp pernah  kelas RATA nilai nya E gara\" kita ngelaporin kalo dosen itu minta uang tiap mau input nilai biar gak E . awal jd Maba Nerima aja gt dibilang suruh iuran 100rb/mhs", "likes_count": 0, "replies_count": 2, "retweets_count": 0, "hashtags": []}
{"id": 1292973528870920192, "date": "2020-08-10", "time": "19:58:06", "tweet": "@nhunterpsych @LoveBCCanada @SchizBulletin You're attributing 16% of known causes that we can identify, and 1% to age/sex/known PRS. But of course, known PRS are not the end of biological input to schizophrenia. The heritability of schizophrenia is quite multifactorial and likely does not involve *simple* genetics.", "likes_count": 0, "replies_count": 1, "retweets_count": 1, "hashtags": []}
{"id": 1292973490279190528, "date": "2020-08-10", "time": "19:57:57", "tweet": "@canadianaco @GordonSnappy @Andrulus @G9P32X @philoso_foster I actually don’t care much about your input Josh, in fact I think you to be something of a dingbat", "likes_count": 0, "replies_count": 1, "retweets_count": 0, "hashtags": []}
{"id": 1292973475754385413, "date": "2020-08-10", "time": "19:57:53", "tweet": "ohh## there is no input? there is!! NO INPUT!! ■■■■", "likes_count": 1, "replies_count": 0, "retweets_count": 0, "hashtags": []}
{"id": 1292973201392312321, "date": "2020-08-10", "time": "19:56:48", "tweet": "@SenatorNasheed @StLouisCityCA And it's happening with 0 public input.", "likes_count": 2, "replies_count": 1, "retweets_count": 1, "hashtags": []}
{"id": 1292972899666731009, "date": "2020-08-10", "time": "19:55:36", "tweet": "* Input 42_dugggg Whistle Here *  🏆 #WOW   📸 : @Jayweezy99  #applemusic #spotify #tidal #soundcloud  @ @ Atlanta, Georgia  https://t.co/A74MVKlJbA", "likes_count": 0, "replies_count": 0, "retweets_count": 0, "hashtags": ["wow", "applemusic", "spotify", "tidal", "soundcloud"]}
{"id": 1292972606333816833, "date": "2020-08-10", "time": "19:54:26", "tweet": "@jaysrealdeal @rlenhard15 @BlueJacketsNHL Guess you missed their dancing with a coffin gif during a pandemic. But ya, thanks for your input. Have a nice day.", "likes_count": 0, "replies_count": 0, "retweets_count": 0, "hashtags": []}
{"id": 1292972601254588416, "date": "2020-08-10", "time": "19:54:25", "tweet": "@gunnerhsmith @DavDaber @WarNotLiker @Ninja Maybe not to you but I’ve watched him for 5 years and he has made a plethora of incorrect statements about guns before. Sure I can’t prove it but that’s why I responded to him either way. I do appreciate your input though, much better then a dm calling me a “fucking prick” 👍🏼", "likes_count": 0, "replies_count": 0, "retweets_count": 0, "hashtags": []}
{"id": 1292972424431116290, "date": "2020-08-10", "time": "19:53:42", "tweet": "@TylerSmale @monkycs @Rjclone502 @DonutOperator Thank you for your input, Tyler.", "likes_count": 1, "replies_count": 0, "retweets_count": 0, "hashtags": []}
{"id": 1292972364745998336, "date": "2020-08-10", "time": "19:53:28", "tweet": "そういうとこだぞ（笑）", "likes_count": 0, "replies_count": 0, "retweets_count": 0, "hashtags": []}
{"id": 1292972322777792513, "date": "2020-08-10", "time": "19:53:18", "tweet": "@ChandraSiliton2 @lukasomanalu Mendagri bicara dlm konteks yg lbh multidimensional. Perspektif yg tdk dimiliki seorg epidemiologis krn mmg hrs bicara (formally) di ranahnya.  Mendagri mengurus stabilitas dalam negri dlm berbagai aspek. Menurut sy sih wajar. Beliau jg kan dpt input dr ahlinya. Ga asal omong", "likes_count": 2, "replies_count": 2, "retweets_count": 0, "hashtags": []}
