{"id": 1279927983894036481, "date": "2020-07-05", "time": "19:59:45", "tweet": "Trump denies being briefed on ‘Russian-Taliban’ bounties input | Asia News – NEWPAPER24  https://t.co/76AQ19XvYg", "likes_count": 0, "replies_count": 0, "retweets_count": 0, "hashtags": []}
{"id": 1279927964935819264, "date": "2020-07-05", "time": "19:59:41", "tweet": "Trump denies being briefed on ‘Russian-Taliban’ bounties input | Asia News – NEWPAPER24  https://t.co/Ik5ry75g9T", "likes_count": 0, "replies_count": 0, "retweets_count": 0, "hashtags": []}
{"id": 1279927925211455489, "date": "2020-07-05", "time": "19:59:31", "tweet": "@simi_ssb @TheSideheadlock it's the mechanic where you do: input directions &gt; release Attack and you get the light version of that special  ....still not sure how he got the neg edge though that's kinda wild", "likes_count": 1, "replies_count": 1, "retweets_count": 0, "hashtags": []}
{"id": 1279927906924474368, "date": "2020-07-05", "time": "19:59:27", "tweet": "@SeaOfThieves I'm not sure whats going on, but since the new patch - My frames are down in game and if I switch to another application in my desktop, my capture card stops receiving input. Its only on Sea of theives though :(", "likes_count": 0, "replies_count": 0, "retweets_count": 0, "hashtags": []}
{"id": 1279927900842663936, "date": "2020-07-05", "time": "19:59:26", "tweet": "@Cittan5 @21_lizzz @juarezsonia6 it doesn’t know the concept of life, and WOMEN can do what they want with THEIR body, men have no input on this.", "likes_count": 1, "replies_count": 0, "retweets_count": 0, "hashtags": []}
{"id": 1279927866029793280, "date": "2020-07-05", "time": "19:59:17", "tweet": "&lt;input type=’douremberme’&gt;", "likes_count": 0, "replies_count": 0, "retweets_count": 0, "hashtags": []}
{"id": 1279927858626883584, "date": "2020-07-05", "time": "19:59:16", "tweet": "I figure it's a short jump from sleeping a fixed amount of time between passages and waiting for user input.", "likes_count": 0, "replies_count": 1, "retweets_count": 0, "hashtags": []}
{"id": 1279927741442404353, "date": "2020-07-05", "time": "19:58:48", "tweet": "@susanagarciaaaa I never said it was right for her to bash. I didn’t put my input into the situation until I felt it was right. Cause no reason anyone had to say “get a one way flight if you don’t like it here.” That’s why I never commented on what started it or your page.", "likes_count": 0, "replies_count": 0, "retweets_count": 0, "hashtags": []}
{"id": 1279927539008503809, "date": "2020-07-05", "time": "19:57:59", "tweet": "@NineANG1 never asked for input like this  kindly go away", "likes_count": 0, "replies_count": 0, "retweets_count": 0, "hashtags": []}
{"id": 1279927494389481473, "date": "2020-07-05", "time": "19:57:49", "tweet": "@scribblingfox I'm extremely grateful for your input! &lt;3", "likes_count": 1, "replies_count": 0, "retweets_count": 0, "hashtags": []}
{"id": 1279927427586764800, "date": "2020-07-05", "time": "19:57:33", "tweet": "@RedHawkfield @KoniPropane Lol. You're funny.  I don't need no silly brownie points to tell me when clearly an obvious asinine speaking gibberish just to feel that they have some weight on their input when really it is just dead weight.", "likes_count": 0, "replies_count": 1, "retweets_count": 0, "hashtags": []}
{"id": 1279927374193319936, "date": "2020-07-05", "time": "19:57:20", "tweet": "Hey Everyone!! I hope everyone had a great weekend, we would like some input from everyone to see what items they would like to see us raffle off, if your item is chosen and you have participated in our raffles in the past then you will get one free ticket entry! #money #rich", "likes_count": 0, "replies_count": 0, "retweets_count": 0, "hashtags": ["money", "rich"]}
{"id": 1279927318677524482, "date": "2020-07-05", "time": "19:57:07", "tweet": "When all the communist parties input their sadistic schemes into our WORLD and WORDS thinking that they get to know better than us what is right and best for us; You keep editing, advertising, and invading propaganda into our minds and lands. WE ARE National Socialists! #RaceWar", "likes_count": 0, "replies_count": 0, "retweets_count": 0, "hashtags": ["racewar"]}
{"id": 1279927230567550977, "date": "2020-07-05", "time": "19:56:46", "tweet": " https://t.co/kB2yq5tUzN ありがたやありがたや", "likes_count": 0, "replies_count": 1, "retweets_count": 0, "hashtags": []}
{"id": 1279926998345842688, "date": "2020-07-05", "time": "19:55:50", "tweet": "@mariosmk12 @Wizard_Whateley @J_Garrett_J @twinkonthebrink @mcsquishi @_CivilPunk_ @CyberpunkGame @elonmusk @kanyewest @mariosmk12 Oh, and you want some facts?  Here's one: the Soviets ate well!  The CIA found that the average Soviet caloric input per day was about that of the U.S. Just an example of a fact about Communism.   https://t.co/acEH8PXj8X", "likes_count": 0, "replies_count": 1, "retweets_count": 0, "hashtags": []}
{"id": 1279926933048999938, "date": "2020-07-05", "time": "19:55:35", "tweet": "@saurborn Thanks for the input", "likes_count": 0, "replies_count": 1, "retweets_count": 0, "hashtags": []}
{"id": 1279926866309193729, "date": "2020-07-05", "time": "19:55:19", "tweet": "sooooo I forgot now that I am a twitch affiliate I can do watch parties, the movie Clue is on prime video, and I am a slut for Tim Curry. Thinking about picking a day to do a watch party for that. Also thinking about doing a watch party maybe once a month. Input?  https://t.co/CLcvMsj1Yi", "likes_count": 8, "replies_count": 3, "retweets_count": 0, "hashtags": []}
{"id": 1279926806397595648, "date": "2020-07-05", "time": "19:55:05", "tweet": "@theage Spend money on works that have high cost materials and low labour input? I doubt that will create a lot of jobs.", "likes_count": 3, "replies_count": 0, "retweets_count": 1, "hashtags": []}
{"id": 1279926806066405376, "date": "2020-07-05", "time": "19:55:05", "tweet": "@itsleahacnh Thank you! I needed that input", "likes_count": 0, "replies_count": 1, "retweets_count": 0, "hashtags": []}
{"id": 1279926789729431554, "date": "2020-07-05", "time": "19:55:01", "tweet": "エリアルライト(ﾎﾞｿｯ", "likes_count": 1, "replies_count": 0, "retweets_count": 0, "hashtags": []}
{"id": 1279926603527663616, "date": "2020-07-05", "time": "19:54:16", "tweet": "@OnikasRoomba @Julian_Epp @aaronnarraph Thank you bot for your valuable input.", "likes_count": 4, "replies_count": 0, "retweets_count": 0, "hashtags": []}
{"id": 1279926276338442240, "date": "2020-07-05", "time": "19:52:58", "tweet": "@notswedish1 I met her at a campaign house event. After, an attendee was hostile on an ag issue and man KH was cool--listened, acknowledged concern, gave woman means for giving more input--and extricated herself. Really impressed.", "likes_count": 4, "replies_count": 0, "retweets_count": 0, "hashtags": []}
{"id": 1279926077402611712, "date": "2020-07-05", "time": "19:52:11", "tweet": "@suburbiiaboy thanks for your input cam 😁", "likes_count": 0, "replies_count": 0, "retweets_count": 0, "hashtags": []}
{"id": 1279926037950980096, "date": "2020-07-05", "time": "19:52:01", "tweet": "@TheRottenOaks But, I don't want to force the input!", "likes_count": 1, "replies_count": 0, "retweets_count": 0, "hashtags": []}
{"id": 1279925890378600449, "date": "2020-07-05", "time": "19:51:26", "tweet": "@toxxsiq Giving you a 7 my guy. Havent truly played enough with or against you to give a hard input in", "likes_count": 0, "replies_count": 2, "retweets_count": 0, "hashtags": []}
{"id": 1279925754613116931, "date": "2020-07-05", "time": "19:50:54", "tweet": "@ohemmydear @croccrossing Omg thank you for your input 😭", "likes_count": 1, "replies_count": 0, "retweets_count": 0, "hashtags": []}
{"id": 1279925747411550209, "date": "2020-07-05", "time": "19:50:52", "tweet": "Who has 2020 Seasons greetings?  Is it worth it?  I can get it for $60. TIA for your input!", "likes_count": 0, "replies_count": 0, "retweets_count": 0, "hashtags": []}
{"id": 1279925610547163136, "date": "2020-07-05", "time": "19:50:20", "tweet": "@rickygervais apologies because you must get hounded all the time, we booked to see you in Glasgow in April and now august which is looking unlikely, so you have any input in if your show will go ahead or is the venue or simply the government or, is it a mixture and health?", "likes_count": 0, "replies_count": 0, "retweets_count": 0, "hashtags": []}
{"id": 1279925586194870272, "date": "2020-07-05", "time": "19:50:14", "tweet": "thamk u everyone for ur wonderful input i will b processing this information today stay tuned", "likes_count": 1, "replies_count": 1, "retweets_count": 0, "hashtags": []}
{"id": 1279925568369197056, "date": "2020-07-05", "time": "19:50:10", "tweet": "@TheSinkingTitan @waltina45281 @walter15762 @KEEMSTAR Me don’t ask for your input", "likes_count": 18, "replies_count": 0, "retweets_count": 0, "hashtags": []}
{"id": 1279925559376699392, "date": "2020-07-05", "time": "19:50:07", "tweet": "@NiallOHara12 Aren’t they just?  Daniel Radcliffe even had the cheek to apologise to anyone who’s pleasure in the books had been diminished.  The only person who contributed to the books was JK Rowling.  They were massive hits when the films were made. He had zero input into the books.", "likes_count": 0, "replies_count": 1, "retweets_count": 0, "hashtags": []}
{"id": 1279925536018571265, "date": "2020-07-05", "time": "19:50:02", "tweet": "@Castro1021 @dawood__97 He didn’t ask for your input 👍🏼", "likes_count": 0, "replies_count": 1, "retweets_count": 0, "hashtags": []}
{"id": 1279925484449681408, "date": "2020-07-05", "time": "19:49:50", "tweet": "@parryateverton shite.   that is my only input here, ive no idea what boys like to watch 🤷🏼‍♀️😂", "likes_count": 0, "replies_count": 1, "retweets_count": 0, "hashtags": []}
{"id": 1279925312709701633, "date": "2020-07-05", "time": "19:49:09", "tweet": "@McFaul Please don’t stop sharing your insight and knowledge Ambassador. Many of us appreciate your input. The rest of the are just batcrap crazy.", "likes_count": 0, "replies_count": 0, "retweets_count": 0, "hashtags": []}
{"id": 1279925203133444096, "date": "2020-07-05", "time": "19:48:42", "tweet": "@sleepykokiri After reading some of your conversations I definitely have thought about it differently. I don't think it should be written off but it should be done more carefully and certainly not just for the sake of catering to waifu culture. More female input could help with that.", "likes_count": 1, "replies_count": 1, "retweets_count": 0, "hashtags": []}
{"id": 1279925045876477952, "date": "2020-07-05", "time": "19:48:05", "tweet": "“Attraction is about Impulse. Satisfaction is about Input”", "likes_count": 1, "replies_count": 0, "retweets_count": 0, "hashtags": []}
{"id": 1279925031607435264, "date": "2020-07-05", "time": "19:48:02", "tweet": "I do what I want.. I don’t need your opinions or input unless I ask🤗", "likes_count": 0, "replies_count": 0, "retweets_count": 0, "hashtags": []}
{"id": 1279925015148924928, "date": "2020-07-05", "time": "19:47:58", "tweet": "@brenna728 @nyjocool @WhiteHouse @realDonaldTrump And what is the mechanism they will use to get that input?", "likes_count": 0, "replies_count": 1, "retweets_count": 0, "hashtags": []}
{"id": 1279924986161926144, "date": "2020-07-05", "time": "19:47:51", "tweet": "@torriangray @WhoresofYore Going to need your input! 🤗", "likes_count": 2, "replies_count": 0, "retweets_count": 0, "hashtags": []}
{"id": 1279924960245379075, "date": "2020-07-05", "time": "19:47:45", "tweet": "@dvassallo Thanks, Daniel! That's valuable input, seems like a great way to think about it/go about it.", "likes_count": 3, "replies_count": 0, "retweets_count": 0, "hashtags": []}
{"id": 1279924842981097474, "date": "2020-07-05", "time": "19:47:17", "tweet": "Philips Performance TAPB603 3.1 CH 320 W Dolby Atmos Soundbar with Wireless Subwoofer, Optical Input and HDMI ARC  https://t.co/4MMvywNuqd", "likes_count": 0, "replies_count": 0, "retweets_count": 0, "hashtags": []}
{"id": 1279924842733670400, "date": "2020-07-05", "time": "19:47:17", "tweet": "@JoannaCharmain1 can’t wait to hear jeffrees input.", "likes_count": 1, "replies_count": 0, "retweets_count": 0, "hashtags": []}
{"id": 1279924771921125377, "date": "2020-07-05", "time": "19:47:00", "tweet": "@alexonfilm @joonieshibui @ungodlykid @MusicNewsRumor @melissamccarthy @DaveedDiggs @JacobTremblay @awkwafina @BardemAntarctic I believe we are mostly discussing the characters in the picture as in the main characters as in people who will spend more than 1 minute on the screen thanks for the input tho lol!", "likes_count": 0, "replies_count": 1, "retweets_count": 0, "hashtags": []}
{"id": 1279924726836707328, "date": "2020-07-05", "time": "19:46:49", "tweet": "This, but something I hear a lot is “You don’t look that much different!”   OK, well it’s been 7+ years of therapy so I AM very much different, but thanks for the input", "likes_count": 13, "replies_count": 0, "retweets_count": 0, "hashtags": []}
{"id": 1279924654128246784, "date": "2020-07-05", "time": "19:46:32", "tweet": "@Faifif22 Coba iseng lu isi 37.5, kalau dibiarkan berarti rmang ga dicek, kalau dicek bilang salah input...   Hahaa", "likes_count": 0, "replies_count": 0, "retweets_count": 0, "hashtags": []}
{"id": 1279924557223276544, "date": "2020-07-05", "time": "19:46:08", "tweet": "@hsengteach A2: Same here. Teaching new classes and requesting it to keep learning and be challenged. I was fortunate that I had administrative support to have input into those changes and was listened to, such as inclusive education #BookCampPD", "likes_count": 4, "replies_count": 0, "retweets_count": 0, "hashtags": ["bookcamppd"]}
{"id": 1279924455226171392, "date": "2020-07-05", "time": "19:45:44", "tweet": "@vanessa_castle Thank you! I figured I try it for a month just to see if I get any results. But I really appreciate your input.", "likes_count": 1, "replies_count": 1, "retweets_count": 0, "hashtags": []}
{"id": 1279924093748252673, "date": "2020-07-05", "time": "19:44:18", "tweet": "ウゴウゴルーガ  https://t.co/9ECJi3XLfC", "likes_count": 0, "replies_count": 0, "retweets_count": 0, "hashtags": []}
{"id": 1279923915939352576, "date": "2020-07-05", "time": "19:43:36", "tweet": "Yep!!  But sometimes is those who just want to input their opinions without None research.", "likes_count": 1, "replies_count": 0, "retweets_count": 0, "hashtags": []}
{"id": 1279923914609774593, "date": "2020-07-05", "time": "19:43:35", "tweet": "Valuable input", "likes_count": 2, "replies_count": 0, "retweets_count": 0, "hashtags": []}
{"id": 1279923873430020096, "date": "2020-07-05", "time": "19:43:25", "tweet": "@TeamYouTube Youtubetv. I am not getting an error message. When i try to set up my 2nd TV i input the code given to me and the next screen asks me if i want a free trial. So even tho I am signed into google Youtubetv  app is not recognizing me as a paying customer. Pls advise.", "likes_count": 0, "replies_count": 1, "retweets_count": 1, "hashtags": []}
{"id": 1279923766806540293, "date": "2020-07-05", "time": "19:43:00", "tweet": "Readward Free App share with you, Cashzine! Don’t go out stay at home to earn free cash, read news, take offers, make some money. Cash-Out with PayPal every day! input my invitation code: 14713339, you get 8000 coins instantly!", "likes_count": 0, "replies_count": 1, "retweets_count": 0, "hashtags": []}
{"id": 1279923750142697472, "date": "2020-07-05", "time": "19:42:56", "tweet": "@Dividend_Dollar Appreciate your work. I’m current saving 150 a week. Have done so since my son was born so that he has a better financial future. Do you have any recommendations for where to put this to grow. Brokerage account? Roth.? Etc. thanks for any input!", "likes_count": 1, "replies_count": 1, "retweets_count": 0, "hashtags": []}
{"id": 1279923732446928897, "date": "2020-07-05", "time": "19:42:52", "tweet": "@WasFNG @Mongraal @mitr0 I’m ngl I don’t remember asking for ur input😎😎😎", "likes_count": 0, "replies_count": 1, "retweets_count": 0, "hashtags": []}
{"id": 1279923490871623680, "date": "2020-07-05", "time": "19:41:54", "tweet": "Free App share with you, Cashzine! Don’t go out stay at home to earn free cash, read news, take offers, make some money. Cash-Out with PayPal every day! input my invitation code: 14391072, you get 8000 coins instantly! Click below link to download", "likes_count": 0, "replies_count": 0, "retweets_count": 0, "hashtags": []}
{"id": 1279923363033440257, "date": "2020-07-05", "time": "19:41:24", "tweet": "@SarahKemy @NBATV Shut up Sarah, no one cares about your input.", "likes_count": 0, "replies_count": 1, "retweets_count": 0, "hashtags": []}
{"id": 1279923303847735296, "date": "2020-07-05", "time": "19:41:10", "tweet": "@MrLeg__ u use a console input", "likes_count": 1, "replies_count": 0, "retweets_count": 0, "hashtags": []}
{"id": 1279923087937593344, "date": "2020-07-05", "time": "19:40:18", "tweet": "@GrantHDowling @Timothygeorgeb3 @SkinsRealm But we don't know that.  An organization doesn't speak for a people in their entirety.  We live in 2020 in an age of technical marvels,  should be pretty easy to gather relevant input from registered Natives who care to weigh in.", "likes_count": 1, "replies_count": 1, "retweets_count": 0, "hashtags": []}
