{"id": 1235354253964840961, "date": "2020-03-04", "time": "18:59:40", "tweet": "Hey everyone, now that we have launched CBD Reviews Live Wednesdays we would love your input.  Our lives can be viewed live on Facebook and at our video platform  https://t.co/QnQYYLuhXA.  Once our YouTube channel reaches…  https://t.co/CxEAHfrkCW", "likes_count": 0, "replies_count": 0, "retweets_count": 0, "hashtags": []}
{"id": 1235354244372262912, "date": "2020-03-04", "time": "18:59:38", "tweet": "@TheEmeraldCody Hope your insurance covers that and your care has better response time than the input delay between US and Japan", "likes_count": 1, "replies_count": 0, "retweets_count": 0, "hashtags": []}
{"id": 1235354202060161024, "date": "2020-03-04", "time": "18:59:28", "tweet": "@historydude6 @mazlow01 @Orbital_VSAT @EEstaris @deerutens @SmackaT @jpaceDC @MattMurph24 If we lived in a perfect system it would be. But we don’t live in a perfect system. The system has flaws. We barely have any effect on shaping the system itself. Our main input is just pushing a button once every couple of years. We don’t have nearly as much power as we should", "likes_count": 0, "replies_count": 1, "retweets_count": 0, "hashtags": []}
{"id": 1235354120497725441, "date": "2020-03-04", "time": "18:59:08", "tweet": "@SecretaryCarson @seanhannity @realDonaldTrump We ♥️ you Dr Carson &amp; all the good work you do for the American people. Was great seeing you with the coronavirus task force &amp; your input!  Especially with regard to the politicians working TOGETHER!😀", "likes_count": 0, "replies_count": 0, "retweets_count": 0, "hashtags": []}
{"id": 1235354101531185152, "date": "2020-03-04", "time": "18:59:04", "tweet": "@GRobinsonDUP @DUPleader What was your input, regarding help, prior to Flybe collapse? Again you're a little late", "likes_count": 0, "replies_count": 0, "retweets_count": 0, "hashtags": []}
{"id": 1235354065854296064, "date": "2020-03-04", "time": "18:58:55", "tweet": "@FrozoneAKOKAL LOL.  Of all the people to give their input!  This is almost funny.", "likes_count": 0, "replies_count": 0, "retweets_count": 0, "hashtags": []}
{"id": 1235354058250170368, "date": "2020-03-04", "time": "18:58:53", "tweet": "I was hoping to use the conference to meet project managers and software managers and get their input on my offerings:  TDD training for teams and retainer based mentoring for teams that are adopting or have adopted TDD to help deliver better software, faster.", "likes_count": 1, "replies_count": 1, "retweets_count": 0, "hashtags": []}
{"id": 1235354035265380352, "date": "2020-03-04", "time": "18:58:48", "tweet": "@srslypascal Manually executing --prompt-timezone for example leads to an \"unrecognized option\" error. And when I boot into systemd-firstboot via service file I see the first boot screen but it doesn't react to input.", "likes_count": 0, "replies_count": 1, "retweets_count": 0, "hashtags": []}
{"id": 1235354022896226305, "date": "2020-03-04", "time": "18:58:45", "tweet": "@oh_wurld Hey there! That's sad to hear you're running into this issue. You're not alone on this one though and if you wouldn't mind taking the time, I ask that you add your input to this thread here:  https://t.co/cusO5PCHwh -Chase", "likes_count": 0, "replies_count": 1, "retweets_count": 0, "hashtags": []}
{"id": 1235354005598924801, "date": "2020-03-04", "time": "18:58:41", "tweet": "Try BigCash: The Highest Paying Reward App ever! Make money quickly by downloading apps and games.The Best part is you can Exchange 2500 Points for $15 Paypal Cash or Amazon, GooglePlay, iTunes or Other Gift Cards. Please Input My Invitation Code q4vc1bea after installation...", "likes_count": 0, "replies_count": 0, "retweets_count": 0, "hashtags": []}
{"id": 1235353922451238912, "date": "2020-03-04", "time": "18:58:21", "tweet": "Thank you to all who attended the town hall today @UTChattanooga for your time and your input. We’re most successful when we all work together, and I appreciate the thoughts and comments from everyone involved.  #EverywhereUT  https://t.co/nIMKdUFUQa", "likes_count": 71, "replies_count": 1, "retweets_count": 4, "hashtags": ["everywhereut"]}
{"id": 1235353816603725826, "date": "2020-03-04", "time": "18:57:56", "tweet": "Reachability Analysis for Feed-Forward Neural Networks using Face Lattices  \"we propose a parallelizable technique to compute exact reachable sets of a neural network to an input set\"   https://t.co/gfFzXJE2u2", "likes_count": 0, "replies_count": 0, "retweets_count": 0, "hashtags": []}
{"id": 1235353766263738369, "date": "2020-03-04", "time": "18:57:44", "tweet": "@GRANDELANI Fr he’s so boring but Emily’s right we stan a man that knows his input isn’t necessary", "likes_count": 0, "replies_count": 0, "retweets_count": 0, "hashtags": []}
{"id": 1235353674970542085, "date": "2020-03-04", "time": "18:57:22", "tweet": "We had another productive day on our project.  It was so nice to have Dr . Gina Zurlo’s input!  I hope my co-editors enjoy my @HomebrewedXnty Guide to the HS.  https://t.co/XnGOOZtYQQ", "likes_count": 10, "replies_count": 1, "retweets_count": 2, "hashtags": []}
{"id": 1235353507705872386, "date": "2020-03-04", "time": "18:56:42", "tweet": "@perfectlyjayy Eve is really good for the basics like tracking your period, and getting health info. I like that I can input when I have sex (protected/unprotected) and it alerts me if I'm fertile, need a plan b, etc. I also like that there's a forum to talk to other girls", "likes_count": 0, "replies_count": 0, "retweets_count": 0, "hashtags": []}
{"id": 1235353474088546306, "date": "2020-03-04", "time": "18:56:34", "tweet": "@daziphoto @emmdub559 @SuggestionsPage Okay.  I really do appreciate the input. Thanks for your time.", "likes_count": 1, "replies_count": 1, "retweets_count": 0, "hashtags": []}
{"id": 1235353446217379840, "date": "2020-03-04", "time": "18:56:27", "tweet": "@AnnaKling526 @TJSumpter This guy tweeting it makes it sound like wives should refrain from offering their input in ministry settings, or refrain from giving their husbands feedback on how their overextended ministry efforts are effecting their first call... their marriage, family, livelihood, etc.?", "likes_count": 0, "replies_count": 1, "retweets_count": 0, "hashtags": []}
{"id": 1235353385093804034, "date": "2020-03-04", "time": "18:56:13", "tweet": "@Lasgidi4L I doubt if Kachi is ready for something serious with Rosie, he's input is very weak and Rosie seems disappointed.", "likes_count": 0, "replies_count": 1, "retweets_count": 0, "hashtags": []}
{"id": 1235353366479294464, "date": "2020-03-04", "time": "18:56:08", "tweet": "@AlcottMills @beccalamjig @JeannieMolloy @EstherSJones @trinityb38 @helenrogers19c @clareisgreat @seftoncouncil Why does either sex have to be submissive? What about cooperation? Yes, taking turns is the key, but I would never want myself or my partner to be submissive. I want a partner and I to have equal input and listening.", "likes_count": 4, "replies_count": 1, "retweets_count": 0, "hashtags": []}
{"id": 1235353260690673666, "date": "2020-03-04", "time": "18:55:43", "tweet": "@Anthony57178437 @tbschill @ScootsnToots @howroute Thanks for your input, MaGoaaattt", "likes_count": 0, "replies_count": 1, "retweets_count": 0, "hashtags": []}
{"id": 1235353248367874048, "date": "2020-03-04", "time": "18:55:40", "tweet": "@lyndorferret Thank you for your input", "likes_count": 1, "replies_count": 0, "retweets_count": 0, "hashtags": []}
{"id": 1235353198354931714, "date": "2020-03-04", "time": "18:55:28", "tweet": "@triviaksg exactly! Anytime that they have had some sort of creative input, it just elevates whatever they are working on to another level.", "likes_count": 0, "replies_count": 0, "retweets_count": 0, "hashtags": []}
{"id": 1235353192092667905, "date": "2020-03-04", "time": "18:55:27", "tweet": "[44nuf] An Android exclusive Valkyrie Crusade invite code. Input to receive a special promotion!  https://t.co/RerNjOpdWt #Valkyrie Crusade", "likes_count": 0, "replies_count": 0, "retweets_count": 0, "hashtags": ["valkyrie"]}
{"id": 1235353109821616128, "date": "2020-03-04", "time": "18:55:07", "tweet": "@Qwev6f thank u for ur input but can u pls delete this pic of me off of ur phone, thank you!", "likes_count": 0, "replies_count": 0, "retweets_count": 0, "hashtags": []}
{"id": 1235353040548499456, "date": "2020-03-04", "time": "18:54:51", "tweet": "She asked you which lingerie would look better for another nigga whom had no input, took off  #focusonyourselfking 👑", "likes_count": 1, "replies_count": 0, "retweets_count": 0, "hashtags": ["focusonyourselfking"]}
{"id": 1235353038254034944, "date": "2020-03-04", "time": "18:54:50", "tweet": "*Info: En un mundo donde no existe la música, un joven conoce a Myū, una misteriosa chica con un input jack de audio en su espalda. Cuando ella lo conecta a un amplificador, algo que cambiará el mundo empezará a tomar forma...  https://t.co/ARzrVn3YEm", "likes_count": 2, "replies_count": 1, "retweets_count": 0, "hashtags": []}
{"id": 1235352856842117125, "date": "2020-03-04", "time": "18:54:07", "tweet": "\"ICT Connected Shift System uses software in the Transmission Control Unit to collect and interpret real-time input from underlying technologies\"  #Hyundai #ICT #ConnectedShift #Shift #Transmission #Donwshift #UpShift #Driving #Drivers #Cars #Vehicles   https://t.co/vfLYjJZ47C", "likes_count": 0, "replies_count": 0, "retweets_count": 0, "hashtags": ["hyundai", "ict", "connectedshift", "shift", "transmission", "donwshift", "upshift", "driving", "drivers", "cars", "vehicles"]}
{"id": 1235352842220773376, "date": "2020-03-04", "time": "18:54:03", "tweet": "@GreenerTobin @rushanaraali @TheFCA @mortgageprison @thatginamiller @JohnGlenUK Yes \"Moral Hazard \" describes the @hmtreasury input into this situation for family homes perfectly ! @CommonsTreasury  actions have created a moral hazard meaning \"lack of incentive to guard against risk where one is protected from its consequences, e.g. by insurance\"@johnglen", "likes_count": 2, "replies_count": 0, "retweets_count": 1, "hashtags": []}
{"id": 1235352321426681857, "date": "2020-03-04", "time": "18:51:59", "tweet": "Limitar el input es uno de los grandes retos de nuestra generación.  Un espacio para el silencio, la reflexión, y el dolce fare niente es más importante para nuestra salud mental que el email, Twitter o WhatsApp.", "likes_count": 8, "replies_count": 1, "retweets_count": 0, "hashtags": []}
{"id": 1235352170377158658, "date": "2020-03-04", "time": "18:51:23", "tweet": "@ItsLeeWilliams @onceatweeter 😘🤗👍✌️🇨🇦 Thank You for chiming in and expressing. I respect input, I don't have to agree with everyone, I do value and respect the individual expressing. Bless You. (And keep tweeting! :)--)", "likes_count": 2, "replies_count": 0, "retweets_count": 0, "hashtags": []}
{"id": 1235352122104795136, "date": "2020-03-04", "time": "18:51:12", "tweet": "一向に原稿も進まないので最悪コピ本かな…考えているものがわたしの脳みそフル稼働しても作れんと思ってしまった。最近inputが足りてない", "likes_count": 0, "replies_count": 0, "retweets_count": 0, "hashtags": []}
{"id": 1235352079360720897, "date": "2020-03-04", "time": "18:51:02", "tweet": "@uk_domain_names Great thread. But we also lost: Most lawyers working for the EU were from the UK.  We appointed more Commissioners than any other country. As a result we had more input into EU Directives than some would say was fair We retained the right of Veto.   A big counter to Germany lost", "likes_count": 3, "replies_count": 0, "retweets_count": 0, "hashtags": []}
{"id": 1235351986071097346, "date": "2020-03-04", "time": "18:50:39", "tweet": "@HoginHeat @BigRDE1969 @thehill Actually @BarackObama had LARGE amounts of input into his speeches.", "likes_count": 0, "replies_count": 0, "retweets_count": 0, "hashtags": []}
{"id": 1235351978299002880, "date": "2020-03-04", "time": "18:50:38", "tweet": "We need Joe and Ildy's input on this when or if Season 6 is a go. They'll let us know how it's gonna play out and I hope it works.", "likes_count": 27, "replies_count": 2, "retweets_count": 2, "hashtags": []}
{"id": 1235351918723174405, "date": "2020-03-04", "time": "18:50:23", "tweet": "Letting my #Autistic sons go inside KFC and order food for dinner w/out my input. Using  #coupons even. #lifeskills.", "likes_count": 0, "replies_count": 0, "retweets_count": 0, "hashtags": ["autistic", "coupons", "lifeskills"]}
{"id": 1235351916441456640, "date": "2020-03-04", "time": "18:50:23", "tweet": "We are all about that escape local vibe at Jackson Escape Rooms. Everything we do at JER comes out of our own team... and we are very proud to have more input happening from members of our staff who began their careers at JER as room hosts. Now they are …  https://t.co/4TLohYTZQu", "likes_count": 0, "replies_count": 0, "retweets_count": 0, "hashtags": []}
{"id": 1235351897579503616, "date": "2020-03-04", "time": "18:50:18", "tweet": "@CowboysStats @Dan_Ruppert Thats fair. As always thanks for your input", "likes_count": 2, "replies_count": 0, "retweets_count": 0, "hashtags": []}
{"id": 1235351829174800391, "date": "2020-03-04", "time": "18:50:02", "tweet": "@ThatHodder @pitchblacksteed @EddyBlackadder @gabbyglaister @EatKnuckleFritz Chron. but w/ caveats concerning series 1: • at the time it was released it was hilarious, but hasn't aged as well as the rest. • sets the scene for the other series, so bear with it • the Curtis/Elton writing partnership plus performer-writers' input made 2, 3 &amp; 4 special.", "likes_count": 3, "replies_count": 1, "retweets_count": 0, "hashtags": []}
{"id": 1235351828394475520, "date": "2020-03-04", "time": "18:50:02", "tweet": "Discussion Paper: Input needed from participants and providers  https://t.co/XNSfilpIwc", "likes_count": 0, "replies_count": 0, "retweets_count": 0, "hashtags": []}
{"id": 1235351668134490112, "date": "2020-03-04", "time": "18:49:24", "tweet": "Please come out to Broward County Parks and Recreation's 2020 Master Plan Public Input Meeting. See more information below: March 4th, 7:30 PM, Central Broward Park, Lauderhill March 5th, 7:00 PM, Roosevelt Gardens Park, Fort Lauderdale RSVP HERE:  https://t.co/mgAH3EuqfD", "likes_count": 5, "replies_count": 0, "retweets_count": 3, "hashtags": []}
