{"id": 1269418700936867840, "date": "2020-06-06", "time": "19:59:37", "tweet": "@InPut_Bancho MasterShotでは流石に無いですが、shotワークなら割とあります。", "likes_count": 0, "replies_count": 1, "retweets_count": 0, "hashtags": []}
{"id": 1269418655844052993, "date": "2020-06-06", "time": "19:59:26", "tweet": "@endofdaysforme I considered that before and with how things are going I'll probably just do that lol ty so much for your input!!", "likes_count": 0, "replies_count": 0, "retweets_count": 0, "hashtags": []}
{"id": 1269418635107409920, "date": "2020-06-06", "time": "19:59:21", "tweet": "#Epeeps and #JNJ reps and CAS. Can you tell me #Qdot Sphers diameters ? I think if we work HPSD with 50W, 6 mm spheres we are undersizing lesion diameter. Thanks for your input.  https://t.co/ZBETvDZBV9", "likes_count": 10, "replies_count": 1, "retweets_count": 3, "hashtags": ["epeeps", "jnj", "qdot"]}
{"id": 1269418497316184065, "date": "2020-06-06", "time": "19:58:49", "tweet": "you heard the man, defund ✨the entire system✨ throw it in the garbage, no more government! the economy? gone! no more economy! shut it all down. thanks for the constructive input, john 😌😊", "likes_count": 6, "replies_count": 0, "retweets_count": 0, "hashtags": []}
{"id": 1269418461060628481, "date": "2020-06-06", "time": "19:58:40", "tweet": "@iamadunker @Orlae_w Doing a good job of it by throwing bottles and bricks at police!! I guess their human rights don’t matter though as they stop people from doing what they want. There is nothing to grasp but thanks for your input 👍🏻", "likes_count": 0, "replies_count": 1, "retweets_count": 0, "hashtags": []}
{"id": 1269418363475972099, "date": "2020-06-06", "time": "19:58:17", "tweet": "@mathonwy awaiting your input, he should burn offerings in lamentation", "likes_count": 1, "replies_count": 1, "retweets_count": 0, "hashtags": []}
{"id": 1269418355972280320, "date": "2020-06-06", "time": "19:58:15", "tweet": "@watermelondriia True.. thanks for the input.", "likes_count": 0, "replies_count": 0, "retweets_count": 0, "hashtags": []}
{"id": 1269418314369052673, "date": "2020-06-06", "time": "19:58:05", "tweet": "@seanmcarroll I just want to say thank you for your mindscape podcast I would be lost without you. I need a lot of input and your shows are the most detailed intellectually and dont treat us educated layfolk like stupids. Thank you so much ♡♡♡", "likes_count": 5, "replies_count": 1, "retweets_count": 0, "hashtags": []}
{"id": 1269418174308442113, "date": "2020-06-06", "time": "19:57:32", "tweet": "@Poopman73579211 @anonsbabysmom @artsbyabram @AnonymoussMemes @YourAnonCentral thanks for the input poopman 😽", "likes_count": 5, "replies_count": 0, "retweets_count": 0, "hashtags": []}
{"id": 1269418150879203328, "date": "2020-06-06", "time": "19:57:26", "tweet": "@sepiascribe dosen't it have input lag when drawing? i'm using a 2012 notebook that thermal throtles and i'm already having problems with that", "likes_count": 0, "replies_count": 0, "retweets_count": 0, "hashtags": []}
{"id": 1269418067471155200, "date": "2020-06-06", "time": "19:57:06", "tweet": "After the failure that was MSI. I decided to give @AOC_Gaming another try. Purchased this lovely beast, and honestly I love it. It has some ghosting but it's a VA panel. 34\" 1440p 21:9 at 144hz. 4 input ports. 4 USB ports. MSRP around $450. #PCMasterRace  https://t.co/t8EwhcRfs5", "likes_count": 3, "replies_count": 2, "retweets_count": 0, "hashtags": ["pcmasterrace"]}
{"id": 1269417973309042691, "date": "2020-06-06", "time": "19:56:44", "tweet": "@MikeCarlton01 No. Would prove to be as divisive as the current flag (which should be changed.) New design needed with input from all.", "likes_count": 0, "replies_count": 0, "retweets_count": 0, "hashtags": []}
{"id": 1269417905638137856, "date": "2020-06-06", "time": "19:56:28", "tweet": "@hal555 難しいですけど、一発ＯＫは狙いたいですよね。ホームラン打ったみたいな爽快感ありますよね！！  ホームラン打った事ないですけど", "likes_count": 0, "replies_count": 1, "retweets_count": 0, "hashtags": []}
{"id": 1269417753087180800, "date": "2020-06-06", "time": "19:55:51", "tweet": "@jk_rowling oh thank god, we definitely needed a rich cishet white woman’s input on trans lives and sexuality during this moment in time. thank you so very much", "likes_count": 0, "replies_count": 0, "retweets_count": 0, "hashtags": []}
{"id": 1269417708161925121, "date": "2020-06-06", "time": "19:55:40", "tweet": "利益を上げるとしたら企業努力はパイプラインの整備とかになるだろうし、個人努力ではスピードってなるんすかね。スピード上がってこなした仕事は記録しておく必要がありますよね多分。「外注する予定の分が浮いた」とか", "likes_count": 0, "replies_count": 1, "retweets_count": 0, "hashtags": []}
{"id": 1269417677019394048, "date": "2020-06-06", "time": "19:55:33", "tweet": "@PriceDoug Governor Bevin and his staff returned emails and phone calls.  They asked the Legislsture for input, and I did push back on Bevin when it wasn't right for NWKY. What do I owe you an apology?", "likes_count": 0, "replies_count": 1, "retweets_count": 0, "hashtags": []}
{"id": 1269417645478039553, "date": "2020-06-06", "time": "19:55:25", "tweet": "@MichelangeloVO Limiters have a lot of settings but the easiest setting you can probably change is either to turn down the INPUT level and/or raise the THRESHOLD to a higher setting (i.e. raising it from -10db to -3db). You can probably dial back on the noise removal too...cont'd..", "likes_count": 0, "replies_count": 1, "retweets_count": 0, "hashtags": []}
{"id": 1269417514112598018, "date": "2020-06-06", "time": "19:54:54", "tweet": "@mckaycoppins He needs input? So does that indicate he doesn’t know what to do? Remodeling a kitchen, I can I understand getting input, but needing it for “THUGS destroying our streets”? So he is clueless.", "likes_count": 0, "replies_count": 0, "retweets_count": 0, "hashtags": []}
{"id": 1269417270972833792, "date": "2020-06-06", "time": "19:53:56", "tweet": "VFXって仕事はだいぶ成熟してきてて見積もりレベルではもう何％という感じで初めから利益決まってると思うんですよね。色々やってきた歴史があるから、やり方変えて大きく利益が変わる段階ではないと思ってて  https://t.co/pvzcQpZqct", "likes_count": 0, "replies_count": 1, "retweets_count": 0, "hashtags": []}
{"id": 1269417194674425857, "date": "2020-06-06", "time": "19:53:38", "tweet": "@acnewsitics For one they don’t know any. What they actually hate is their imagined representation of black people built from input from family, friends, current media and long past media. The Conservative Mind sees threats everywhere. It’s proven by studies with MRIs and stuff. It kills 😞", "likes_count": 0, "replies_count": 0, "retweets_count": 0, "hashtags": []}
