{"id": 1243689246831128576, "date": "2020-03-27", "time": "19:59:57", "tweet": "Development industry in Southern Georgian Bay region!!! GTDI needs your input as we work with all levels of gov't to help address the health crisis' impact on our industry Reach out to me, here to help @NewsBayshore @Scoop_68 @AuntyMisssy @keith_hull  https://t.co/Hm9Q4CoKxd", "likes_count": 0, "replies_count": 0, "retweets_count": 0, "hashtags": []}
{"id": 1243689223749763075, "date": "2020-03-27", "time": "19:59:52", "tweet": "@NYCPunter Agreed. I’m in healthcare practitioner, see it everyday. Majority of my patients not taking it seriously. Just in a smaller real estate market that’s been doing very well and interested to hear your why. Always appreciate the input 👍🏻", "likes_count": 0, "replies_count": 0, "retweets_count": 0, "hashtags": []}
{"id": 1243689181882310657, "date": "2020-03-27", "time": "19:59:42", "tweet": "@RMGCLARK61 @allisonpearson Your input is neither required nor desired.", "likes_count": 0, "replies_count": 1, "retweets_count": 0, "hashtags": []}
{"id": 1243689141142982656, "date": "2020-03-27", "time": "19:59:32", "tweet": "@RealNovah I looked up more focusrite interfaces and their specs and most if not all of them seem to be like the 18i20 in that the optical input is for preamp expansion and not audio input", "likes_count": 0, "replies_count": 1, "retweets_count": 0, "hashtags": []}
{"id": 1243689103134265344, "date": "2020-03-27", "time": "19:59:23", "tweet": "@mohgovgh @moigovgh please this is my own input let’s do this", "likes_count": 0, "replies_count": 0, "retweets_count": 0, "hashtags": []}
{"id": 1243689049711431681, "date": "2020-03-27", "time": "19:59:10", "tweet": "@SilvaRecord He's lucky to have your input Danny!!!!", "likes_count": 3, "replies_count": 0, "retweets_count": 0, "hashtags": []}
{"id": 1243688956132298754, "date": "2020-03-27", "time": "19:58:48", "tweet": "@bee_baron Input ( seed, pesticide, fertilizers)- Farm - Food Processing- Distribution - Retailers", "likes_count": 0, "replies_count": 0, "retweets_count": 1, "hashtags": []}
{"id": 1243688830626136064, "date": "2020-03-27", "time": "19:58:18", "tweet": "Development industry in Southern Georgian Bay region!!! GTDI needs your input as we work with all levels of gov't to help address the health crisis' impact on our industry Reach out to me, here to help @GreyCounty @simcoecountyEDO @CrozierEngineer   https://t.co/Hm9Q4CoKxd", "likes_count": 0, "replies_count": 0, "retweets_count": 0, "hashtags": []}
{"id": 1243688819360067584, "date": "2020-03-27", "time": "19:58:15", "tweet": "Sally..Top input how can ABF not be proactive at this time &amp; just play pass the buck..they are at risk also..unforgivable stupidity..all those people along with 2700 off that boat...no wonder NSW is growing in cases..simple let the masses infect the biggest city.?", "likes_count": 0, "replies_count": 0, "retweets_count": 0, "hashtags": []}
{"id": 1243688781380796416, "date": "2020-03-27", "time": "19:58:06", "tweet": "Alright looking for your input here friends. To what degree are you playing the self-sanitization game? Level 1: Washing your hands when you get home. Level 2: Washing your hands regularly while you're in your home.", "likes_count": 0, "replies_count": 1, "retweets_count": 0, "hashtags": []}
{"id": 1243688747528585216, "date": "2020-03-27", "time": "19:57:58", "tweet": "Yall what color lingerie should I get?   V serious question bc if i dont get input I’ll end up with only black &amp; no other colors lol", "likes_count": 3, "replies_count": 14, "retweets_count": 0, "hashtags": []}
{"id": 1243688591550582784, "date": "2020-03-27", "time": "19:57:21", "tweet": "@toptrees21 Consultant = person who picks your brains and skills then regurgitates it into a report and invoices the club with a huge bill when the club could simply ask their highly skilled greens staff for their input and safe a fortune. Not always true but many times it is.", "likes_count": 3, "replies_count": 1, "retweets_count": 0, "hashtags": []}
{"id": 1243688524488019968, "date": "2020-03-27", "time": "19:57:05", "tweet": "Development industry in Southern Georgian Bay region!!! GTDI needs your input as we work with all levels of gov't to help address the health crisis' impact on our industry Reach out to me here to help @SteveClarkPC @ninabifolchi @RobSampson4TBM @LizBuckton  https://t.co/Hm9Q4CoKxd", "likes_count": 0, "replies_count": 0, "retweets_count": 1, "hashtags": []}
{"id": 1243688523242393601, "date": "2020-03-27", "time": "19:57:05", "tweet": "@Shirogohan_5 Yep, best way to control pitchers / user input", "likes_count": 1, "replies_count": 0, "retweets_count": 0, "hashtags": []}
{"id": 1243688499984977921, "date": "2020-03-27", "time": "19:56:59", "tweet": "@vivalakakes Hello @vivalakakes, and thank you for your feedback. We would like to speak to you for more details. Please email us at customer@bannerhealth.com with your contact info, so that we can forward your information to the appropriate care team. Your input is important to us.", "likes_count": 0, "replies_count": 0, "retweets_count": 0, "hashtags": []}
{"id": 1243688439045861376, "date": "2020-03-27", "time": "19:56:45", "tweet": "@SushyG0D eh drop, mid, parece q to com input lag", "likes_count": 1, "replies_count": 0, "retweets_count": 0, "hashtags": []}
{"id": 1243688343180886018, "date": "2020-03-27", "time": "19:56:22", "tweet": "@BrockOtten Agree with your insight and input as always. They have done well in this position for the most part. I do realize,that a 16 year old will take 2 seasons to mature and contribute on a nightly basis. It’s the growing pains of moving up to the next age bracket and playing 18/19 olds", "likes_count": 1, "replies_count": 0, "retweets_count": 0, "hashtags": []}
{"id": 1243688229003497472, "date": "2020-03-27", "time": "19:55:55", "tweet": "@JoyceWhiteVance And a big thank you to all of you out there providing honest helpful and stabilizing information that most of us don't have.  I feel lucky and grateful for all your input. ❤️🙋", "likes_count": 0, "replies_count": 0, "retweets_count": 0, "hashtags": []}
{"id": 1243688045129367560, "date": "2020-03-27", "time": "19:55:11", "tweet": "me @ the able sisters: JUST GET IN HERE SO I CAN INPUT COOL CLOTHES CODES", "likes_count": 1, "replies_count": 0, "retweets_count": 0, "hashtags": []}
{"id": 1243688039592988679, "date": "2020-03-27", "time": "19:55:09", "tweet": "@petefrasermusic I have 2 bands on the go, recordings for both to finish and a home recording setup. It's basically a never ending demand for attention and input and a feeling like you can never quite do enough... Is that what having kids at home is like?", "likes_count": 1, "replies_count": 1, "retweets_count": 0, "hashtags": []}
{"id": 1243687898244763649, "date": "2020-03-27", "time": "19:54:36", "tweet": "@tribelaw That's absurd! The truth is we have no idea how many people have it, have had it, or will have it, without testing. Any such \"statistics\" are unreliable without accurate input.", "likes_count": 9, "replies_count": 1, "retweets_count": 1, "hashtags": []}
{"id": 1243687889172672512, "date": "2020-03-27", "time": "19:54:34", "tweet": "@BesuBaru I have the Focusrite Gen 3 with just the one mic input. Couldn't see a reason for two since I'm not running an in-home three person podcast or something. I also don't play instruments and sing at the same time.", "likes_count": 0, "replies_count": 0, "retweets_count": 0, "hashtags": []}
{"id": 1243687818905468928, "date": "2020-03-27", "time": "19:54:17", "tweet": "Small demo with the Liquid Drone from @SCircuitz !! I am putting it through a @earthquakerdev Bit Commander and ehx Freeze , through my Modular, into the Ears module and also using it through the 1v/Oct input of the…  https://t.co/Kb46vX9Nwd", "likes_count": 0, "replies_count": 0, "retweets_count": 0, "hashtags": []}
{"id": 1243687816602804230, "date": "2020-03-27", "time": "19:54:16", "tweet": "Development industry in Southern Georgian Bay region!!! GTDI needs your input as we work with all levels of gov't to help address the health crisis' impact on our industry Reach out to me, here to help @TerryDowdall @billwalkermpp @BrianSaunderson   https://t.co/Hm9Q4CoKxd", "likes_count": 0, "replies_count": 0, "retweets_count": 0, "hashtags": []}
{"id": 1243687813998141441, "date": "2020-03-27", "time": "19:54:16", "tweet": "I have now turned the TV off four times instead of hitting the Input button.   Just leave me out by the side of the road of something.", "likes_count": 0, "replies_count": 0, "retweets_count": 0, "hashtags": []}
{"id": 1243687736177045506, "date": "2020-03-27", "time": "19:53:57", "tweet": "Next week we are having Virtual Spirit Week! Students, we want your input. Top two choices win! @Cane_Crew @PublicationsMC @MC_keyclub @MCFORClub @central_marian @MarianCouncil", "likes_count": 5, "replies_count": 1, "retweets_count": 1, "hashtags": []}
{"id": 1243687634318360583, "date": "2020-03-27", "time": "19:53:33", "tweet": "This week I have learned that worksheets do not work for my kids. Also, they need way more sensory input than they get at school. We are discussing not sending them back when school reopens.", "likes_count": 2, "replies_count": 1, "retweets_count": 0, "hashtags": []}
{"id": 1243687631583621121, "date": "2020-03-27", "time": "19:53:32", "tweet": "@FFY58 Me semble pas qu'il y ait une option borderless, y'en avait pas sur unist en tout cas. Et ça rajoute de l'input lag askip.", "likes_count": 0, "replies_count": 1, "retweets_count": 0, "hashtags": []}
{"id": 1243687611174211591, "date": "2020-03-27", "time": "19:53:27", "tweet": "Leider wahr! Ich löse das Problem mit Aufgaben, die keinen PC erfordern und gebe Input, der an einem Smartphone verfolgt werden kann. Das haben die meisten Siebtklässler. Meine Grundschulkolleg*innen erreichen Eltern teilweise nicht einmal telefonisch. Soviel zum Thema #Teilhabe", "likes_count": 1, "replies_count": 0, "retweets_count": 1, "hashtags": ["teilhabe"]}
{"id": 1243687584376578049, "date": "2020-03-27", "time": "19:53:21", "tweet": "@akantamn I get where you’re coming from here, man, but be careful. There’s a difference between knocking out a mask for you / me / our neighbors, and making them for ‘essential workers on the frontlines’. The threat  model is different, and that merits expert input.", "likes_count": 1, "replies_count": 0, "retweets_count": 0, "hashtags": []}
{"id": 1243687555930832897, "date": "2020-03-27", "time": "19:53:14", "tweet": "@KasimBoyy2001 @mariamaraki09 Thanks for your input champ 👍💪", "likes_count": 2, "replies_count": 1, "retweets_count": 0, "hashtags": []}
{"id": 1243687555658366977, "date": "2020-03-27", "time": "19:53:14", "tweet": "Development industry in Southern Georgian Bay region!!! GTDI needs your input as we work with all levels of gov't to help address the health crisis' impact on our industry Reach out to me, here to help @mppjimwilson @OntarioHBA @ROMA_Ont @AMOPolicy   https://t.co/Hm9Q4CoKxd", "likes_count": 0, "replies_count": 0, "retweets_count": 0, "hashtags": []}
{"id": 1243687516256923648, "date": "2020-03-27", "time": "19:53:05", "tweet": "@TheKristenEmily @blairwitchgreen @CubeofWill @AltersAlk @HipstersMTG Small tip in case not know, you can input your life total in your screen name and update as you go.  Frees up a little battfield space", "likes_count": 2, "replies_count": 1, "retweets_count": 0, "hashtags": []}
{"id": 1243687514185125889, "date": "2020-03-27", "time": "19:53:04", "tweet": "@jnrosen @GovPritzker I hope so. I appreciate your assistance and input.", "likes_count": 1, "replies_count": 0, "retweets_count": 0, "hashtags": []}
{"id": 1243687508275126279, "date": "2020-03-27", "time": "19:53:03", "tweet": "@Goth_FN @ImDestrox Eso no es el turbo build, es el input lag, en pc casi no hay", "likes_count": 0, "replies_count": 1, "retweets_count": 0, "hashtags": []}
{"id": 1243687486452314112, "date": "2020-03-27", "time": "19:52:58", "tweet": "This is AMAZING!! 💙 Just shows the fantastic input fans can have &amp; how important they are in the beautiful game ☺️ This money will do so much for the club. If you still haven’t signed up yet to @TrustInKillie there has never been a better time! 😁🙌 #KTID #TogetherWeAreStronger", "likes_count": 11, "replies_count": 0, "retweets_count": 1, "hashtags": ["ktid", "togetherwearestronger"]}
{"id": 1243687380931899394, "date": "2020-03-27", "time": "19:52:32", "tweet": "@DerronEShort Please don’t go! We need your wise input and humor. 😉", "likes_count": 0, "replies_count": 0, "retweets_count": 0, "hashtags": []}
{"id": 1243687164619022336, "date": "2020-03-27", "time": "19:51:41", "tweet": "Read news, do tasks, make money free, Cash-Out every day. No traffic jam on the way, you can use smart phone, also can earn free cash. It called Cashzine App. Hey! input my invitation code: 4762167, you get  Click below link to download it Free:   https://t.co/riYk2qe67Y", "likes_count": 0, "replies_count": 0, "retweets_count": 0, "hashtags": []}
{"id": 1243687103751319554, "date": "2020-03-27", "time": "19:51:26", "tweet": "@DerrickMaine1 Thanks for your input, move on plz ❤", "likes_count": 0, "replies_count": 0, "retweets_count": 0, "hashtags": []}
{"id": 1243687100882382849, "date": "2020-03-27", "time": "19:51:26", "tweet": "@AvidCommentator Hey mate, have you read Hazlitt’s economics book? He describes wages as an economic input cost for producers. If input prices stay high, product prices stay high. If gov saves jobs, consumer prices we all pay stay high. Wage deflation allows price falls and economic restructure.", "likes_count": 1, "replies_count": 1, "retweets_count": 0, "hashtags": []}
{"id": 1243687067089096704, "date": "2020-03-27", "time": "19:51:18", "tweet": "@sittingpretty04 @BravesAshland @Leah57241094 @powelljolie @sydneashlyn @ChopOnCorey @abanklam @ThatBravesGirl @tayj_baybay @JayDed_View1990 @3rdPVB @dustitoff84 @KellyMcGlohon Gotcha. Good input.", "likes_count": 2, "replies_count": 0, "retweets_count": 0, "hashtags": []}
{"id": 1243687058733813760, "date": "2020-03-27", "time": "19:51:16", "tweet": "I'm playing games on iWalletApp and it's so much fun! You can earn money as well playing game. Download it, input the refer code RBSC2H3 to get free cash. #iWallet  https://t.co/3p9U10vSAg", "likes_count": 0, "replies_count": 0, "retweets_count": 0, "hashtags": ["iwallet"]}
{"id": 1243686940697714688, "date": "2020-03-27", "time": "19:50:47", "tweet": "Hey @jacindaardern and @grantrobertson1, I know you are really busy, but maybe this needs some input as well.   Which Pie will win!  #GreatNZPieCup", "likes_count": 3, "replies_count": 0, "retweets_count": 0, "hashtags": ["greatnzpiecup"]}
{"id": 1243686874830512129, "date": "2020-03-27", "time": "19:50:32", "tweet": "The ending image for @TreasureCoLtd’s ‘Mischief Makers’ will change depending on what you input your age in the options menu.  https://t.co/u2H8G2V0pJ", "likes_count": 117, "replies_count": 3, "retweets_count": 46, "hashtags": []}
{"id": 1243686565446127624, "date": "2020-03-27", "time": "19:49:18", "tweet": "@DrZen1 @lightm0tifs @dullbleu See. I think we come from two very different schools of thought. You tend to restrict yourself to building upon the canon.   I explore the world directly with some understanding of the cannon.  Did I spell cannon right?  Too awkward to access my dictionary from this input window", "likes_count": 0, "replies_count": 1, "retweets_count": 1, "hashtags": []}
{"id": 1243686482730192896, "date": "2020-03-27", "time": "19:48:58", "tweet": "@kfurlong45 @BoneheadsPage @liamgallagher He did it proud, lovely to hear the original input 👌👏", "likes_count": 1, "replies_count": 1, "retweets_count": 0, "hashtags": []}
{"id": 1243686362026369024, "date": "2020-03-27", "time": "19:48:29", "tweet": "@Awaruko @thisone6uy Nah more like someone passed on changed info. PC version, like Gg and DBFZ has 2 frame less input delay, which will make matches feel better then on psn.", "likes_count": 0, "replies_count": 0, "retweets_count": 0, "hashtags": []}
{"id": 1243686313431314432, "date": "2020-03-27", "time": "19:48:18", "tweet": "@M_C_Klein I think they tried to do that with the \"no recourse\" SBA expansion, but it feels like to little.  I think it's more a moral aversion for me. Focusing on the \"employed\" or \"recently employed\" carries the implication that you are only worthy if you are an \"active input\".", "likes_count": 0, "replies_count": 0, "retweets_count": 0, "hashtags": []}
{"id": 1243686270888554507, "date": "2020-03-27", "time": "19:48:08", "tweet": "@Hughiestonefish That’s totally OK! I dig the both looks on you - you make it work!   I wouldn’t be: “yeah, within a few weeks.”  I’d like to get input from all, we’d choose charities, work out logistics, &amp; then plan a timeframe for when it would be a good time to start so all are comfortable. :)", "likes_count": 0, "replies_count": 0, "retweets_count": 0, "hashtags": []}
{"id": 1243686259366809600, "date": "2020-03-27", "time": "19:48:05", "tweet": "@CBGMike @TheRita That is why I broke mine out again recently, was given some samples of a new line of acrylic paints to run it thru the paces and give my input.  https://t.co/kRNVs7MBbY", "likes_count": 4, "replies_count": 1, "retweets_count": 1, "hashtags": []}
{"id": 1243686191167307777, "date": "2020-03-27", "time": "19:47:49", "tweet": "@Andybro68495781 @Vicki41826628 @USATODAY Thank you so much Andy for your input. I'm not on here to argue I'm not sure but you might be a bot...  so consider yourself blocked! Have a blessed life!", "likes_count": 0, "replies_count": 0, "retweets_count": 0, "hashtags": []}
{"id": 1243686122485501953, "date": "2020-03-27", "time": "19:47:32", "tweet": ".@jennvelez did a fantastic report on how indie publicists are faring right now. Thank you to @SarahAvrin, @nathanisariot, Loren Medina &amp; @phoebesmolin for their input &lt;3    https://t.co/z4w4rSs1Ks", "likes_count": 3, "replies_count": 2, "retweets_count": 4, "hashtags": []}
{"id": 1243686000309800964, "date": "2020-03-27", "time": "19:47:03", "tweet": "@JanOverzeveren thanks jan-teun voor je originele input", "likes_count": 5, "replies_count": 0, "retweets_count": 0, "hashtags": []}
{"id": 1243685914540273664, "date": "2020-03-27", "time": "19:46:43", "tweet": "@Nyanyan_Cube \"Vacant\"がinputされたら、例えばc++であれば return 0 でプログラムを終えることが必要、と読み替えても同じだと思います", "likes_count": 1, "replies_count": 1, "retweets_count": 0, "hashtags": []}
{"id": 1243685824694280206, "date": "2020-03-27", "time": "19:46:21", "tweet": "@KeepUSA2020 @Lrihendry @realDonaldTrump @RepThomasMassie No, I actually have a brain that functions on factual input &amp; NOT dis/misinformation like that of FAUX so called “news”.", "likes_count": 3, "replies_count": 1, "retweets_count": 0, "hashtags": []}
{"id": 1243685762626998274, "date": "2020-03-27", "time": "19:46:07", "tweet": "@birdiereck We have very low employee  turnover because we take care of our team.  We've been paying employees the entire time we've been closed. I haven't had a paycheck in over a month. But thank you for your input.", "likes_count": 1, "replies_count": 0, "retweets_count": 0, "hashtags": []}
{"id": 1243685715721895936, "date": "2020-03-27", "time": "19:45:55", "tweet": "Public Notice: Alternative Means of Viewing and Providing Input for Council Meetings  https://t.co/Li99G9glCb", "likes_count": 1, "replies_count": 0, "retweets_count": 0, "hashtags": []}
{"id": 1243685628325191680, "date": "2020-03-27", "time": "19:45:35", "tweet": "@e_bruns I also noticed that! Glad I could get the input of another imaging student. I’m not sure what the diagnosis is. It’s out of my scope of practice.", "likes_count": 1, "replies_count": 0, "retweets_count": 0, "hashtags": []}
{"id": 1243685607576084481, "date": "2020-03-27", "time": "19:45:30", "tweet": "In the process of all this, @Meghan_Lawson tried to get my input on an Uber Eats order.", "likes_count": 25, "replies_count": 5, "retweets_count": 0, "hashtags": []}
{"id": 1243685571643531272, "date": "2020-03-27", "time": "19:45:21", "tweet": "@SweegerOfficial @AEWrestling @LoPanMedia wrote it for me with input from me as to the sort of vibe I was going for.", "likes_count": 28, "replies_count": 2, "retweets_count": 0, "hashtags": []}
{"id": 1243685503309938689, "date": "2020-03-27", "time": "19:45:05", "tweet": "Gov Huomo needs some input from Fredo", "likes_count": 0, "replies_count": 0, "retweets_count": 0, "hashtags": []}
{"id": 1243685499262418945, "date": "2020-03-27", "time": "19:45:04", "tweet": "@lilkahlilah I'm sad to hear that 😢 Thank you for your input though! It seems like (the dreams) is a topic that I haven't really come across because it's taboo/embarrassing/anecdotal (and not really research that can be presented in conferences /classes /webinars)", "likes_count": 0, "replies_count": 1, "retweets_count": 0, "hashtags": []}
{"id": 1243685313509093377, "date": "2020-03-27", "time": "19:44:19", "tweet": "@realDonaldTrump Why didn't you invite the Democrats.  This wouldn't have passed without their input and pushing it through!  You are so UNGRATEFUL!", "likes_count": 0, "replies_count": 0, "retweets_count": 0, "hashtags": []}
{"id": 1243685302989922311, "date": "2020-03-27", "time": "19:44:17", "tweet": "I'm so sick of the M&amp;K vs Controller, PC vs Console, XBOX vs PS convos. We're all gamers, period. You guys sound like politicians man. How about just beat the person in front of you regardless of their input method? (unless they are hacking).", "likes_count": 0, "replies_count": 0, "retweets_count": 0, "hashtags": []}
{"id": 1243685285902217217, "date": "2020-03-27", "time": "19:44:13", "tweet": "@mkraju Good! We're sick and tired of her lying mug. She held up the bill. She input stuff unrelated to the virus. She's been very mean to the President. She didn't deserve to be there!", "likes_count": 1, "replies_count": 1, "retweets_count": 0, "hashtags": []}
{"id": 1243685261973782534, "date": "2020-03-27", "time": "19:44:07", "tweet": "PRESUMABLY its because like. everyone is home now but. boy i Love to fight a donkey kong in like 30 frames of input lag", "likes_count": 0, "replies_count": 0, "retweets_count": 0, "hashtags": []}
{"id": 1243685227022757890, "date": "2020-03-27", "time": "19:43:59", "tweet": "Some cultural artifacts at Glencairn are more recent than others. In the 1960s and ‘70s, 3” x 7” cards were “punched” with information and then input into a computer. A popular craft was to make Christmas wreaths, often spray painted gold, from these discarded “punch cards.”  https://t.co/awtATN5LvB", "likes_count": 1, "replies_count": 0, "retweets_count": 0, "hashtags": []}
{"id": 1243685209138180097, "date": "2020-03-27", "time": "19:43:55", "tweet": "@myaccessbank @access_more Tried to login my mobile app this morning but it keeps sending OTP to continue without providing where to input the OTP, hereby preventing me from logging @myaccessbank mobile app.", "likes_count": 0, "replies_count": 1, "retweets_count": 0, "hashtags": []}
{"id": 1243685204033708033, "date": "2020-03-27", "time": "19:43:53", "tweet": "If you are in the development industry in Southern Georgian Bay region the GTDI is asking for your input as we work with all levels of gov't to help address the COVID-19 health crisis' impact on our industry Reach out to me or our Board directly BE WELL   https://t.co/Hm9Q4CoKxd", "likes_count": 3, "replies_count": 0, "retweets_count": 1, "hashtags": []}
{"id": 1243685178385371136, "date": "2020-03-27", "time": "19:43:47", "tweet": "@chuckwoolery @gatewaypundit Paul Ryan's input no doubt", "likes_count": 0, "replies_count": 0, "retweets_count": 0, "hashtags": []}
{"id": 1243684969131712523, "date": "2020-03-27", "time": "19:42:57", "tweet": "Vibin Solo Q's | KBM Input  https://t.co/wIN3oy98E3", "likes_count": 0, "replies_count": 0, "retweets_count": 0, "hashtags": []}
{"id": 1243684941600141312, "date": "2020-03-27", "time": "19:42:51", "tweet": "@Razzamuffinz Same speed sitting next to the modem, small house, don’t have Ethernet cable, never had an issue until this week, cheers for your input.", "likes_count": 0, "replies_count": 1, "retweets_count": 0, "hashtags": []}
{"id": 1243684896146632707, "date": "2020-03-27", "time": "19:42:40", "tweet": "@JockeyTrader Dang TD you really aren't seeing things clearly!!!  Lol!!   Its season 3. Thanks for all of your advice and input.  I've learned a lot following you.   Gonna be rough when COVID shuts the remaining tracks.", "likes_count": 1, "replies_count": 1, "retweets_count": 0, "hashtags": []}
{"id": 1243684826625998850, "date": "2020-03-27", "time": "19:42:23", "tweet": "@_Schmiegle I'm ready for it to be over. Thanks for your input/experience", "likes_count": 1, "replies_count": 1, "retweets_count": 0, "hashtags": []}
{"id": 1243684738403045376, "date": "2020-03-27", "time": "19:42:02", "tweet": "@ZachandMattShow You gotta stop bagging on Biden.  He's 2 years younger than Bernie (the dude that just had a heart attack and is still running for president). A Biden presidency is about uniting the party and everyone having input.  Biden isn't looking to be supreme leader. Let's unite!", "likes_count": 3, "replies_count": 2, "retweets_count": 0, "hashtags": []}
{"id": 1243684736033308672, "date": "2020-03-27", "time": "19:42:02", "tweet": "@Tolezito yo tengo una 1080 y me va regular tirando pa mal con mucho input lagg", "likes_count": 0, "replies_count": 0, "retweets_count": 0, "hashtags": []}
{"id": 1243684704152412161, "date": "2020-03-27", "time": "19:41:54", "tweet": "Anxiously awaiting the price reduction in every product that issues Petroleum as an input.  #oott #crudeoil", "likes_count": 20, "replies_count": 5, "retweets_count": 4, "hashtags": ["oott", "crudeoil"]}
{"id": 1243684677426307072, "date": "2020-03-27", "time": "19:41:48", "tweet": "No Hades for me til that arrives, because it’s alternating between dashing on a hair trigger, dashing without my input, and not dashing at all. No thanks!", "likes_count": 0, "replies_count": 0, "retweets_count": 0, "hashtags": []}
{"id": 1243684659474518017, "date": "2020-03-27", "time": "19:41:44", "tweet": "@chrislhayes OK, I’ll play.  Any input on a different solution?  What would your plan be if a magic wand was waved and you are now in charge?  Offer solutions, different paths forward. Twitter doesn’t have to be only for complaining.", "likes_count": 0, "replies_count": 0, "retweets_count": 0, "hashtags": []}
{"id": 1243684618496290817, "date": "2020-03-27", "time": "19:41:34", "tweet": "@Gee_lihsa That's what I've been debating! Thank you for your input, @Gee_lihsa! I guess I'm wondering if the hiring system is going to change because of what's happening in the world right now, and if focusing on work experience, as unique opportunities arise for students, would be better.", "likes_count": 0, "replies_count": 0, "retweets_count": 0, "hashtags": []}
{"id": 1243684535616724993, "date": "2020-03-27", "time": "19:41:14", "tweet": "@Ajierz @EnggalPMT karena yg bertugas input masih golongan yg sama", "likes_count": 19, "replies_count": 3, "retweets_count": 0, "hashtags": []}
{"id": 1243684434789969921, "date": "2020-03-27", "time": "19:40:50", "tweet": "@What06466418 Amen....never thought I'd see the day when toilet paper was more valuable than oil...(which is an input to toilet paper...so input costs have gone down, aka toilet paper should be cheaper)", "likes_count": 2, "replies_count": 1, "retweets_count": 0, "hashtags": []}
{"id": 1243684335905054720, "date": "2020-03-27", "time": "19:40:26", "tweet": "Want to fight climate change from home? Join me and Extinction Rebellion in a digital action on April 1st. Go to  https://t.co/dP33jXHj7A and input your email to get full information ✊  https://t.co/2Mu24c47Ru", "likes_count": 3, "replies_count": 0, "retweets_count": 1, "hashtags": []}
{"id": 1243684269354110976, "date": "2020-03-27", "time": "19:40:11", "tweet": "C’est quand même vraiment stupide un MikroTik. Tu as un fastpath sur le trafic FORWARDÉ. Mais si tu mets une règle en INPUT dans le firewall, tu coupes le fastpath.   Et sans fastpath, ton routeur 8x10G route moins de traf que le dernier Raspberry Pi.  https://t.co/gbPN0bfSyv", "likes_count": 6, "replies_count": 2, "retweets_count": 0, "hashtags": []}
{"id": 1243684156636266499, "date": "2020-03-27", "time": "19:39:44", "tweet": "@Druz8 They are benefitting from having Costco’s and wal mart as their biggest customers and Input costs continue to decline.  Corona should help keep top line stable and trades at a decent discount to the group.", "likes_count": 0, "replies_count": 0, "retweets_count": 0, "hashtags": []}
{"id": 1243684125510447104, "date": "2020-03-27", "time": "19:39:36", "tweet": "@HLisandrello @JoeBiden @GovPritzker Where’s Joe today? Where was his input into the stimulus?? Joe is so irrelevant. I’ll look forward to November when joe gets humiliated. If this pandemic occurred at any time during the obama administration the country would have been destroyed.", "likes_count": 0, "replies_count": 0, "retweets_count": 0, "hashtags": []}
{"id": 1243683973483593737, "date": "2020-03-27", "time": "19:39:00", "tweet": "@Ugentilini Congrats, dear Ugo y all colleagues contributing; great and very important collection and input. Impressive to see what public policy makers are able to achieve when political will is existing even it’s through extrem external and internal pressure. Human life has no price!", "likes_count": 2, "replies_count": 0, "retweets_count": 0, "hashtags": []}
{"id": 1243683929128701952, "date": "2020-03-27", "time": "19:38:49", "tweet": "Should I mix in more COVID-19 satire? Will those tweets come come back to haunt me once I’m twitter famous? Input needed thanks.", "likes_count": 0, "replies_count": 0, "retweets_count": 0, "hashtags": []}
{"id": 1243683758173122561, "date": "2020-03-27", "time": "19:38:09", "tweet": "@liberiancurls @WalterGerbek @FungiBillie honestly, plus nobody asked for his input", "likes_count": 2, "replies_count": 2, "retweets_count": 0, "hashtags": []}
{"id": 1243683735267987457, "date": "2020-03-27", "time": "19:38:03", "tweet": "@RaxTheHero @thtdancekid18 I can see where you’re coming from, but I think he wanted a more lengthened input as to why you think Natsu could wipe the ENTIRE MHA character base (whether you are also including villains or not) out like it’s not a big deal. Because there are some pretty powerful characters.", "likes_count": 0, "replies_count": 1, "retweets_count": 0, "hashtags": []}
{"id": 1243683635514888193, "date": "2020-03-27", "time": "19:37:39", "tweet": "@DavidHayes1956 There could be 3-5 different volumes - color coded. They could be set up for fixed airflows. Patients can \"overbreathe\" through one-way (input) valves so the base model could target a minimum level. Oxygen flow could also be fixed and proportional to volume.", "likes_count": 0, "replies_count": 0, "retweets_count": 0, "hashtags": []}
{"id": 1243683548093009921, "date": "2020-03-27", "time": "19:37:19", "tweet": "@_Sajmon_ Thanks so much Simon for being such a wonderful participant with your questions and input during the webinars. Best wishes on your Oracle tuning and remember, stay safe and healthy 🙃 #Oracle #IndexInternals #PerformanceTuning", "likes_count": 1, "replies_count": 0, "retweets_count": 0, "hashtags": ["oracle", "indexinternals", "performancetuning"]}
{"id": 1243683523057160192, "date": "2020-03-27", "time": "19:37:13", "tweet": "おはようございます👀  上げる前には下がる、下がる前には上がる👈🏻 基本的な事を忘れず週明けに狼狽しない思考をinputしやんならあかんっすね🤔 数字だけを見るよりチャートの上値下値の想定内を  https://t.co/rBc4TBcoee", "likes_count": 22, "replies_count": 0, "retweets_count": 0, "hashtags": []}
{"id": 1243683448952369158, "date": "2020-03-27", "time": "19:36:55", "tweet": "@MoormannRainer @avi_shomer @HannesMueller5 @realTZV @Luisamneubauer @Axel_Bojanowski @BabettesChefin @elonmusk Die stehen sich imo zu einem großen Teil selbst im Weg. Die Industrie hat ja im Prinzip ein großartiges Produkt: Ein Kraftwerk, das aus minimalen Input jede Menge Energie macht, ohne CO2 u ohne Speicherproblematik.", "likes_count": 1, "replies_count": 2, "retweets_count": 0, "hashtags": []}
{"id": 1243683313895780354, "date": "2020-03-27", "time": "19:36:23", "tweet": "@dannywallace Erm don’t get the point of this? Input that the only reason I left the house today was to do my key worker work and for exercise and at the end it told me to self isolate? Why when I don’t have symptoms and not does anyone in my household?", "likes_count": 0, "replies_count": 0, "retweets_count": 0, "hashtags": []}
{"id": 1243683266957381632, "date": "2020-03-27", "time": "19:36:12", "tweet": "@homsiT @adam_keesling @jwegener @jborichevskiy @readwiseio Will give it a try, thank you guys. I desperately need something until Matrix-like digital data input is widely available 😊", "likes_count": 3, "replies_count": 2, "retweets_count": 0, "hashtags": []}
{"id": 1243683065601429507, "date": "2020-03-27", "time": "19:35:24", "tweet": "@VanessaOblinger I am glad for your input with our crisis. Thank you! I for one trust our President Trump and his team of dependable CDC scientists and other key people.", "likes_count": 0, "replies_count": 0, "retweets_count": 0, "hashtags": []}
{"id": 1243683063864922118, "date": "2020-03-27", "time": "19:35:23", "tweet": "@artofkickz I don’t need a promo but can I get your input? It’s only 2 min I understand you’re busy so if you can’t it’s no problem", "likes_count": 0, "replies_count": 1, "retweets_count": 0, "hashtags": []}
{"id": 1243682970264686593, "date": "2020-03-27", "time": "19:35:01", "tweet": "There are 4 times as many nurses in the healthcare field as doctors, but rarely is their input included in the #ProductDevelopment process. Successful #HealthInnovators don't overlook this segment.  https://t.co/8qa9QdV1uT #AHAthat", "likes_count": 0, "replies_count": 0, "retweets_count": 0, "hashtags": ["productdevelopment", "healthinnovators", "ahathat"]}
{"id": 1243682966158684163, "date": "2020-03-27", "time": "19:35:00", "tweet": "Does your organization use #Clarity PPM and #Workfront? Do you want a way to share data between these solutions without resorting to manual input? If so, the Clarity to Workfront Integration is for you! Read our article to learn more.  https://t.co/eot4rJ1uUz #RegoConsulting  https://t.co/eR7xAb1kUP", "likes_count": 1, "replies_count": 0, "retweets_count": 0, "hashtags": ["clarity", "workfront", "regoconsulting"]}
{"id": 1243682867416141824, "date": "2020-03-27", "time": "19:34:36", "tweet": "@AeS_Steam @Tharzilla My keyboard scanner is initialized up higher, When the code is ran though it gives that error and doesn't let me input anything into the scanner.", "likes_count": 0, "replies_count": 2, "retweets_count": 0, "hashtags": []}
{"id": 1243682558233194498, "date": "2020-03-27", "time": "19:33:23", "tweet": "@mddayelectric @DevinsAchilles We'll build them up Monday and cross my fingers the damn frankenstein thing works. 2000W with 380VDC input 😬  Ah, it'll work at least for a minute or two.", "likes_count": 1, "replies_count": 1, "retweets_count": 0, "hashtags": []}
{"id": 1243682486791671809, "date": "2020-03-27", "time": "19:33:06", "tweet": "@PythonHub Here the snipped  https://t.co/5zSOTDveVY import os,sys def start ():   exist=False    while not (exist):       argv=input (msdos:&gt; )       if argv==help: help ()       elif argv==exist: exit=True       else..     #endw #fed start ()", "likes_count": 0, "replies_count": 0, "retweets_count": 0, "hashtags": ["endw", "fed"]}
{"id": 1243682381703319552, "date": "2020-03-27", "time": "19:32:40", "tweet": "Input time! What should I draw to practice Nomura's style emulation? I'm thinking for Kairi for the transformations since she never had the chance to have world transformations and she's so fun to draw lol", "likes_count": 1, "replies_count": 0, "retweets_count": 0, "hashtags": []}
{"id": 1243682379568463879, "date": "2020-03-27", "time": "19:32:40", "tweet": "@nyannurs if you can choose webcam/audio input download manycam and just fuck with them it's so funny", "likes_count": 1, "replies_count": 1, "retweets_count": 0, "hashtags": []}
{"id": 1243682325810089984, "date": "2020-03-27", "time": "19:32:27", "tweet": "@goggerard tu que ets in tiu llest, m'agradaria saber el teu input", "likes_count": 1, "replies_count": 1, "retweets_count": 0, "hashtags": []}
{"id": 1243682239793123329, "date": "2020-03-27", "time": "19:32:07", "tweet": "@CanadensisMax Yeah,  we know. Thanks for the input.", "likes_count": 0, "replies_count": 0, "retweets_count": 0, "hashtags": []}
{"id": 1243682159279460352, "date": "2020-03-27", "time": "19:31:47", "tweet": "@ROrellana4 For sure. That's a great point I will include in my post. People are really getting stuck on the numbers the models are predicting as the definitive answer, but there's so many fluctuating input variables that the output changes daily.", "likes_count": 2, "replies_count": 0, "retweets_count": 0, "hashtags": []}
{"id": 1243681898561339393, "date": "2020-03-27", "time": "19:30:45", "tweet": "@accessbank_help why is the mobile app suddenly asking me for OTP before I can log in? And not showing me where to input it after I get it? Even whatsapp platform, \"hi\" is no longer responding!.", "likes_count": 0, "replies_count": 0, "retweets_count": 0, "hashtags": []}
{"id": 1243681869994082304, "date": "2020-03-27", "time": "19:30:38", "tweet": "@your_uncle_mo @CallofDuty If you are using your PS4 in Steam through Steam Input then my vid method should work (using GloSC). I have incredibly limited experience with anything other than Steam Controller with Steam Input though.", "likes_count": 1, "replies_count": 1, "retweets_count": 0, "hashtags": []}
{"id": 1243681782140149762, "date": "2020-03-27", "time": "19:30:18", "tweet": "hmm and because the two-way bindings don't work well when the data is in the parent and the input is in the child  use vuex, I know, but ugh  this is a case where I'd want inheritance and only have composition", "likes_count": 0, "replies_count": 0, "retweets_count": 0, "hashtags": []}
{"id": 1243681766189268994, "date": "2020-03-27", "time": "19:30:14", "tweet": "Shut the fuck up, where’s your damn input other than insult other people who actually did something, fucking pig.", "likes_count": 2, "replies_count": 0, "retweets_count": 0, "hashtags": []}
{"id": 1243681737265295363, "date": "2020-03-27", "time": "19:30:07", "tweet": "While stopping the spread of #COVID19 is our priority for keeping Indigenous people safe, these kinds of decisions can't be made without community input.   Nurses struggle to provide care as docs pulled out of reserves  https://t.co/nrCpv64Akn  https://t.co/dUaINWtxPS", "likes_count": 2, "replies_count": 0, "retweets_count": 2, "hashtags": ["covid19"]}
{"id": 1243681592716988416, "date": "2020-03-27", "time": "19:29:32", "tweet": "Congratulations! You get a big reward from a friend! Please enter Happy Fishman and Input Referral Code: 9WYB4ARY to Get!  https://t.co/I52PImPrcg", "likes_count": 0, "replies_count": 0, "retweets_count": 0, "hashtags": []}
{"id": 1243681501172191232, "date": "2020-03-27", "time": "19:29:11", "tweet": "The electrification of sensory input data through transducers and sensors enabled the operation.", "likes_count": 0, "replies_count": 0, "retweets_count": 0, "hashtags": []}
{"id": 1243681460927725569, "date": "2020-03-27", "time": "19:29:01", "tweet": "The Metropolitan Planning Organization Requests Your Input  https://t.co/F3TbF0cd1Z", "likes_count": 0, "replies_count": 0, "retweets_count": 0, "hashtags": []}
{"id": 1243681438253359104, "date": "2020-03-27", "time": "19:28:56", "tweet": "@BreitbartNews Thank you for your input e-newsletter service", "likes_count": 0, "replies_count": 0, "retweets_count": 0, "hashtags": []}
{"id": 1243681306292228096, "date": "2020-03-27", "time": "19:28:24", "tweet": "@BiTopKing @jakeyoncetv Thanks for your input.", "likes_count": 0, "replies_count": 1, "retweets_count": 0, "hashtags": []}
{"id": 1243681240370339842, "date": "2020-03-27", "time": "19:28:08", "tweet": "@djmillerJA Jamaica is filled with Constitutional “Scholars “who sit on the fence with their reservoir of legal knowledge only to criticize after the fact instead of making meaningful input. Everyone knew abt Constitution was being breached, but was waiting on Dr Barnett’s opinion.🤦‍♂️", "likes_count": 3, "replies_count": 0, "retweets_count": 0, "hashtags": []}
{"id": 1243681196749361152, "date": "2020-03-27", "time": "19:27:58", "tweet": "今日の授業であなたがinputするものは何ですか。ここだけです。", "likes_count": 0, "replies_count": 0, "retweets_count": 0, "hashtags": []}
{"id": 1243681154626195464, "date": "2020-03-27", "time": "19:27:48", "tweet": "Trying to figure out who’s input 😭😭 maybe sahjay", "likes_count": 1, "replies_count": 0, "retweets_count": 0, "hashtags": []}
{"id": 1243681047574790145, "date": "2020-03-27", "time": "19:27:22", "tweet": "I've decided that I'll be increasing my commission prices again. The lovely people on the Artzeroth discord helped me out and gave me some input on how i should be pricing my sketches. So with the price increasing for sketches, the rest of my prices will be adjusted accordingly.", "likes_count": 32, "replies_count": 2, "retweets_count": 1, "hashtags": []}
{"id": 1243681019586154497, "date": "2020-03-27", "time": "19:27:16", "tweet": "@kelheath @InLWithLBeingL @PepperOceanna Fantastic input from you 👏🏻 👏🏻 👏🏻", "likes_count": 0, "replies_count": 0, "retweets_count": 0, "hashtags": []}
{"id": 1243680998342242306, "date": "2020-03-27", "time": "19:27:11", "tweet": "@RealJamesWoods Let’s all be glad that her input to this situation is as a commentator.", "likes_count": 0, "replies_count": 0, "retweets_count": 0, "hashtags": []}
{"id": 1243680830444224513, "date": "2020-03-27", "time": "19:26:31", "tweet": "@TBVH @GoddessofGrain @GovWhitmer I'm  always deeply suspicious of a critic whose name or photo is missing. Be that as it may Whitmer is clearly doing the right thing. Excuse me if I want my son with lupus nephritis to get his medication. As is, he has 5o restrict his input because of this shady ceap.", "likes_count": 2, "replies_count": 1, "retweets_count": 0, "hashtags": []}
{"id": 1243680695588806656, "date": "2020-03-27", "time": "19:25:58", "tweet": "so i was thinking parenthood, which i know you rave about! thanks for your input :)", "likes_count": 0, "replies_count": 0, "retweets_count": 0, "hashtags": []}
{"id": 1243680672251817984, "date": "2020-03-27", "time": "19:25:53", "tweet": "@LSotek I'm glad to see you didn't underestimate the power of the chaos moon I've been having a debate and it needed an expert's input", "likes_count": 1, "replies_count": 0, "retweets_count": 0, "hashtags": []}
{"id": 1243680660562120704, "date": "2020-03-27", "time": "19:25:50", "tweet": "@jeffbigham @foil Yeah but it's really muffled. Are you using the right input?", "likes_count": 0, "replies_count": 1, "retweets_count": 0, "hashtags": []}
{"id": 1243680639444037633, "date": "2020-03-27", "time": "19:25:45", "tweet": "@fawlen66 @1voiic What input u gonna use th0?", "likes_count": 0, "replies_count": 0, "retweets_count": 0, "hashtags": []}
{"id": 1243680520262897664, "date": "2020-03-27", "time": "19:25:17", "tweet": "@AllShrinks i need to do something with my brows.  yours are delicate.  mine always were.. but now they are becoming a bit whiskery.  less estrogen for soft hair.   it is a huge transition. and my daughters are far away.  and of course the men aren't going to provide any input", "likes_count": 0, "replies_count": 1, "retweets_count": 0, "hashtags": []}
{"id": 1243680484795666432, "date": "2020-03-27", "time": "19:25:08", "tweet": "@CNN WHY it is that CNN persists in carrying so-called LIVE \"COVID-19 task-force briefings\" each day since some unvetted input is ERRONEOUS/DANGEROUS to viewing-public!  CNN aids/abets Trump's false info that might prove LETHAL to someone's health and well-being.  No more Trump!", "likes_count": 0, "replies_count": 0, "retweets_count": 0, "hashtags": []}
{"id": 1243680281594400770, "date": "2020-03-27", "time": "19:24:20", "tweet": "@Buckfast_Belch @CraigMurrayOrg @0604Arb1320 No, slab is just a car crash of fossils and lumpen remnants. But thanks for your valued input.", "likes_count": 3, "replies_count": 0, "retweets_count": 0, "hashtags": []}
{"id": 1243680087850889216, "date": "2020-03-27", "time": "19:23:34", "tweet": "Ok- here is my all time Padres lineup:  Please share with others and give back your input!! 1. R. Henderson LF 2. R Alomar 2nd 3. T Gwynn RF 4. D. Winfield CF  5. K. Caminiti 3rd 6. A. Gonzalez 1b 7. B. Santiago C 8. F. Tatis Jr. SS 9. K. Brown P Traditional baseball-  No DH!", "likes_count": 3, "replies_count": 0, "retweets_count": 0, "hashtags": []}
{"id": 1243679965973012482, "date": "2020-03-27", "time": "19:23:05", "tweet": "@AmericanTravelR @moses_toliver @NewsHour LOL!!! According to you, I cannot question the government. You are demented. Thanks for the input. I will criticize whatever the hell I feel like. Now get off the internet, adults are talking about how stupid our government is.", "likes_count": 0, "replies_count": 0, "retweets_count": 0, "hashtags": []}
{"id": 1243679930560335872, "date": "2020-03-27", "time": "19:22:56", "tweet": "@tara_m_davidson @l_jranch @JenMerrien 🤣🤣🤣 ... well the boys are not wanting to input data but with them being home, they wanted to start feeding.  They do amazing but wow ... do I have A personality type issues!  #igetthestruggle", "likes_count": 1, "replies_count": 0, "retweets_count": 0, "hashtags": ["igetthestruggle"]}
{"id": 1243679836041695233, "date": "2020-03-27", "time": "19:22:34", "tweet": "4 hours in 8 seconds :) Cloudscape 4K No. 4 #timelapse #video every 60 sec interval   GoPro Hero 5 external power brick, office tape water shield of power input port improvise &amp; junk mail to cover USB power brick &amp; type C charging cable // stock 2018 GoPro battery could not do it  https://t.co/qiikUuo3tY", "likes_count": 1, "replies_count": 0, "retweets_count": 0, "hashtags": ["timelapse", "video"]}
{"id": 1243679828043337728, "date": "2020-03-27", "time": "19:22:32", "tweet": "Day 27 🤎FUTURE GOALS🤎 #MarchMeetTheMaker challenge  We are so excited about our upcoming wedding planner book!  We’ll be gathering input from brides, planners, and vendors so our brides can capture all of their…  https://t.co/6sRPtxJkXp", "likes_count": 0, "replies_count": 0, "retweets_count": 0, "hashtags": ["marchmeetthemaker"]}
{"id": 1243679754500390912, "date": "2020-03-27", "time": "19:22:14", "tweet": "@monsterbobby @owenhatherley @HarryKennard @paulewart23 Always good to hear from a trained medical practitioner , thanks for your input it saves me having to listen to the people who know it all on twitter.", "likes_count": 0, "replies_count": 0, "retweets_count": 0, "hashtags": []}
{"id": 1243679661365829633, "date": "2020-03-27", "time": "19:21:52", "tweet": "@MumfordNSins thank you!!! and thanks for your input on her design!!!!!!", "likes_count": 1, "replies_count": 1, "retweets_count": 0, "hashtags": []}
{"id": 1243679621176049665, "date": "2020-03-27", "time": "19:21:42", "tweet": "@peterjukes OMG. i hope you are crap at maths or that you have the wrong input. I’m not checking it.", "likes_count": 3, "replies_count": 1, "retweets_count": 0, "hashtags": []}
{"id": 1243679604969213954, "date": "2020-03-27", "time": "19:21:38", "tweet": "@I__LOVE_TRUMP So we all know that Pence's wife got one of those dreaded notes at Benedict Arnold's... Oh... I mean, George H. W. Bush's funeral.  In light of this video and the aforementioned, I think I may have a hypothesis that I'd like some input on...", "likes_count": 0, "replies_count": 0, "retweets_count": 0, "hashtags": []}
{"id": 1243679577676759040, "date": "2020-03-27", "time": "19:21:32", "tweet": "@CanadaDementia Please review @CHeBA_UNSW @DementiaTrainAu @HammondCare @AnitaWestera @DementiaAus @KateLeeCEO @DementiaCRC @AlzDisInt @NNIDResearch it is time to #BanBPSD and to ask people with dementia from all around the world for their input @InterdemEurope #NothingAboutUsWithoutAllOfUs", "likes_count": 2, "replies_count": 0, "retweets_count": 1, "hashtags": ["banbpsd", "nothingaboutuswithoutallofus"]}
{"id": 1243679347120062464, "date": "2020-03-27", "time": "19:20:37", "tweet": "@Cellmate @HexumFox might have some valuable input?", "likes_count": 0, "replies_count": 0, "retweets_count": 0, "hashtags": []}
{"id": 1243679333027385349, "date": "2020-03-27", "time": "19:20:34", "tweet": "@bigbrown100 @garyvee @TracePenton10 Yes I need traces input too.. meant to tag him, that’s one me", "likes_count": 2, "replies_count": 1, "retweets_count": 0, "hashtags": []}
{"id": 1243679328044347392, "date": "2020-03-27", "time": "19:20:32", "tweet": "@mzungu74 So still a lot of verns input in how the team thought I imagine. Can’t change a national team over night. We have only gone downhill since then. I’m a true believer in we need to get rid of Toony.", "likes_count": 0, "replies_count": 0, "retweets_count": 0, "hashtags": []}
{"id": 1243679244720488448, "date": "2020-03-27", "time": "19:20:13", "tweet": "Sorry but Jan Bors who is he? We don’t know him? Say Milanov’s name everyone from Austria to Malta to Serbia queuing up just for his input 😭 Jan is using the reference group to make himself relevant", "likes_count": 0, "replies_count": 0, "retweets_count": 0, "hashtags": []}
{"id": 1243679056660434944, "date": "2020-03-27", "time": "19:19:28", "tweet": ".@KlasfeldReports read Trump's signing statement for the $2 trillion package and notes that the president is already trying to cut Congress out of oversight.   See here that the WH considers Congressional input into $$$ oversight cmte as a suggestion not law  https://t.co/pzBkh6I1ZB", "likes_count": 1169, "replies_count": 123, "retweets_count": 1055, "hashtags": []}
{"id": 1243678941317140480, "date": "2020-03-27", "time": "19:19:00", "tweet": "@BraigVGC  https://t.co/taugXI3JdB This is the video that showed me how to do the wave bounce input easily. I never used the Z button on my controller, so I just made that Special", "likes_count": 1, "replies_count": 1, "retweets_count": 0, "hashtags": []}
{"id": 1243678928453226498, "date": "2020-03-27", "time": "19:18:57", "tweet": "@joe_vu @EllisonAmy Dude, I can imagine. Would love to have a chat about what you are doing right now. Hypothesis is a communication tool along the lines of Yammer (intra-org) could help frontline workers but, we’re not domain experts. Seeking input. Want to do SOMETHING.", "likes_count": 0, "replies_count": 4, "retweets_count": 0, "hashtags": []}
{"id": 1243678773167263744, "date": "2020-03-27", "time": "19:18:20", "tweet": "@Ronnie_Rusli @MemehRahmawati Aku sterilisasi pakai Ozone Prof.....ada wadah kotak untuk input oksigen ke ozon....", "likes_count": 0, "replies_count": 0, "retweets_count": 0, "hashtags": []}
{"id": 1243678634956722184, "date": "2020-03-27", "time": "19:17:47", "tweet": "@VerimiK @kimbfalcone11 @wendellpotter I always felt it was never explained all that well.  I worked for a company for 23 years. THEY changed carriers 3 times and each time the first year was similar to what we’d had but each year after, copays and deductibles increased.  I never had any input on who we had.", "likes_count": 8, "replies_count": 1, "retweets_count": 1, "hashtags": []}
{"id": 1243678581269676034, "date": "2020-03-27", "time": "19:17:34", "tweet": "@teach_for_peace This years grads will be the first to have ever done it. Ask their input for how they would like it to go. They might surprise you with some great ideas. Kids are so much better at technology than we are.", "likes_count": 2, "replies_count": 0, "retweets_count": 0, "hashtags": []}
{"id": 1243678551326351360, "date": "2020-03-27", "time": "19:17:27", "tweet": "@charliekirk11 Thank you for your input and fact finding Charlie Kirk.  Exactly,  how many lives?", "likes_count": 0, "replies_count": 0, "retweets_count": 0, "hashtags": []}
{"id": 1243678513078517760, "date": "2020-03-27", "time": "19:17:18", "tweet": "@nefelipetika @LucienGreaves I appreciate your input, but all due respect, I don't think you understand how things work here. The votes are quite literally not always counted and there is no paper trail anyway. Even the former DNC chairwoman admitted that the 2016 Dem convention was rigged.", "likes_count": 0, "replies_count": 1, "retweets_count": 0, "hashtags": []}
{"id": 1243678451787333637, "date": "2020-03-27", "time": "19:17:03", "tweet": "@filmsfirstcoast @davidsiders @JoeBiden #NeverBiden   Thanks for your input though.", "likes_count": 1, "replies_count": 0, "retweets_count": 0, "hashtags": ["neverbiden"]}
{"id": 1243678410834153475, "date": "2020-03-27", "time": "19:16:54", "tweet": "During the outbreak, I stayed at home and had nothing to do. So I built a website for myself. You are welcome to scan the code or input the website.  https://t.co/XAmkWvP5wJ", "likes_count": 3, "replies_count": 0, "retweets_count": 0, "hashtags": []}
{"id": 1243678378319687680, "date": "2020-03-27", "time": "19:16:46", "tweet": "@DermotMCole @AndrewHalcro Well AIDEA tried to stifle public input by reducing comment time, restricting comments to the Resolutions, lots of smoke and mirrors. Alaska needs to boot the whole board, especially the Chair. Made me mad as hell.", "likes_count": 2, "replies_count": 0, "retweets_count": 0, "hashtags": []}
{"id": 1243678275299414016, "date": "2020-03-27", "time": "19:16:21", "tweet": "@ReadaCronin @gavreilly @VirginMediaNews Disgraceful comment! With input like that who can blame FF/FG for not wanting anything to do with you and your ilk", "likes_count": 0, "replies_count": 0, "retweets_count": 0, "hashtags": []}
{"id": 1243678235881345030, "date": "2020-03-27", "time": "19:16:12", "tweet": "@vayn0 Controller input delay und standbilder", "likes_count": 4, "replies_count": 0, "retweets_count": 0, "hashtags": []}
{"id": 1243678134563635200, "date": "2020-03-27", "time": "19:15:48", "tweet": "Some highlights from I2P over the past few weeks:  https://t.co/aykKqviS5a As always, check out the I2P forum for more, and r/i2p for community conversation. The I2P wiki also always needs your input!", "likes_count": 1, "replies_count": 0, "retweets_count": 0, "hashtags": []}
{"id": 1243677971929497602, "date": "2020-03-27", "time": "19:15:09", "tweet": "@JoeZieja Race in 3 Houses can be open to critique, and people may see you as an unfortunate outlet for that. That may not be fair, but they still should be able to voice concerns.  Anyway, that's my input on the matter.", "likes_count": 0, "replies_count": 1, "retweets_count": 0, "hashtags": []}
{"id": 1243677966871212037, "date": "2020-03-27", "time": "19:15:08", "tweet": "How unfortunate! Input all the passwords.", "likes_count": 2, "replies_count": 0, "retweets_count": 0, "hashtags": []}
{"id": 1243677936777080837, "date": "2020-03-27", "time": "19:15:01", "tweet": "@WriterRomana @HillaryClinton You know she’s gonna keep it classy. Just glad her input to this is via critique.", "likes_count": 1, "replies_count": 0, "retweets_count": 0, "hashtags": []}
{"id": 1243677879692480513, "date": "2020-03-27", "time": "19:14:47", "tweet": "@realIanlong @thehill Its a cesspool because Britain and France broke up the region into colonies after ww1. Its a cesspool because of constant interventions:Soviets in Afghanistan, U.S overthrow of Iranian government in 50s, the creation of Israel with no local input. You're ignoring history", "likes_count": 0, "replies_count": 1, "retweets_count": 0, "hashtags": []}
{"id": 1243677823941959682, "date": "2020-03-27", "time": "19:14:34", "tweet": "@accessbank_help What is it nau?! I put in username and password, then it sends me an OTP(why? I don't know), further on the list of things I don't know is where to input the freaking OTP! Can't find it on the screen! Can you kindly assist me in sorting this out", "likes_count": 0, "replies_count": 0, "retweets_count": 0, "hashtags": []}
{"id": 1243677762885267456, "date": "2020-03-27", "time": "19:14:19", "tweet": "Earn free PUBG UC, PUBG LITE UC, FreeFire Diamonds,Paytm/PayPal Cash &amp; many more by playing games,filling survey and completing task. Input my code and get bonus  Code:omCAxp4A1W Install mGamer Android App -  https://t.co/KuczJWz3U5", "likes_count": 0, "replies_count": 0, "retweets_count": 0, "hashtags": []}
{"id": 1243677746389299200, "date": "2020-03-27", "time": "19:14:15", "tweet": "@Prof_ian_shaw @j_g_fitzgerald @JMPSimor Working prototype with medical professional design input and guidance", "likes_count": 4, "replies_count": 0, "retweets_count": 0, "hashtags": []}
{"id": 1243677679401889792, "date": "2020-03-27", "time": "19:13:59", "tweet": "AP Calculus: y =[[x] is called the greatest integer function and the symbol used is the double brackets.This function takes any real number input and returns the largest integer that is less than or equal to it.Can you answer the question below? Solution will be posted tomorrow.  https://t.co/ceZTX75AeB", "likes_count": 1, "replies_count": 1, "retweets_count": 1, "hashtags": []}
{"id": 1243677672384991232, "date": "2020-03-27", "time": "19:13:58", "tweet": "@_okochasophia_ How you input something that made computer do that. 😉", "likes_count": 0, "replies_count": 0, "retweets_count": 0, "hashtags": []}
{"id": 1243677620442628097, "date": "2020-03-27", "time": "19:13:45", "tweet": "@TheOneEleven111 @LadyPashta @jtulip5 @RandolphVernon @chuckwoolery I tried. No luck. It’s difficult to deal w/a know it all that doesn’t. Thanks for your input.", "likes_count": 0, "replies_count": 1, "retweets_count": 0, "hashtags": []}
{"id": 1243677614860099585, "date": "2020-03-27", "time": "19:13:44", "tweet": "Unsurprisingly, @ThePrincessKali’s class was awesome, very thorough, and gave me a bit of a refresher on branding and focusing my business model. So much good input and perspective. Thank you so much, Princess Kali and everyone else who attended and participated! 💗✨", "likes_count": 7, "replies_count": 0, "retweets_count": 0, "hashtags": []}
{"id": 1243677513274056704, "date": "2020-03-27", "time": "19:13:20", "tweet": "@Jackrsmash Figured you'd be into play moreso   It's a little hard to find a middle ground but thanks for the input", "likes_count": 0, "replies_count": 0, "retweets_count": 0, "hashtags": []}
{"id": 1243677490746404866, "date": "2020-03-27", "time": "19:13:14", "tweet": "@Wesley_Barton @eponawest right!!?! input stephanie, #5 needs input.", "likes_count": 1, "replies_count": 0, "retweets_count": 0, "hashtags": []}
{"id": 1243677481636429826, "date": "2020-03-27", "time": "19:13:12", "tweet": "@socratesccost The emission gap isn't solar input and output. But about how much the atmosphere will cool as absolute zero is total ceasing of motion of molecules. Emission comes from all levels of the atmosphere. This incoming solar and total outgoing graph shows insignificant emission gap.  https://t.co/Mkf2ec0rjD", "likes_count": 0, "replies_count": 0, "retweets_count": 0, "hashtags": []}
{"id": 1243677464896966656, "date": "2020-03-27", "time": "19:13:08", "tweet": "Resolução nativa 1920x1080 180hz (q pega) Resolução q eu uso 1600x900 144hz - to com mt inputlag infelizmente to com mt lag, sera q se eu mudar pra res nativa fica sem input ? ja fiz teste mais nao sei confirmar, quem e 144hz helpa ae ? jogar nativa ou res modificada ?", "likes_count": 0, "replies_count": 0, "retweets_count": 0, "hashtags": []}
{"id": 1243677432114110464, "date": "2020-03-27", "time": "19:13:00", "tweet": "@Raiyuden_YT Could you do a video showing how to charge step properly? I just can't get it down. I don't understand how to charge and then press the arts card as well. Once i dash forward it doesn't register my input for like half a second.", "likes_count": 0, "replies_count": 0, "retweets_count": 0, "hashtags": []}
{"id": 1243677418407243778, "date": "2020-03-27", "time": "19:12:57", "tweet": "@HermaPowell1 @SenSanders Thanks for your input, botty botterson. It’s much appreciated.", "likes_count": 0, "replies_count": 0, "retweets_count": 0, "hashtags": []}
{"id": 1243677364174893059, "date": "2020-03-27", "time": "19:12:44", "tweet": "@hail2thek1ng 🎶 cAn I mAkE aN inPuT OutpUT rEqUeST🎶   Sorry Jack! I can’t hear you!", "likes_count": 1, "replies_count": 1, "retweets_count": 0, "hashtags": []}
{"id": 1243677255726960642, "date": "2020-03-27", "time": "19:12:18", "tweet": "Ok Twitter, big time question, @ShaunStarr78 already answered privately but I nee your input   What should I watch ?   A. Sopranos   B. Breaking Bad", "likes_count": 9, "replies_count": 119, "retweets_count": 0, "hashtags": []}
{"id": 1243677226249453570, "date": "2020-03-27", "time": "19:12:11", "tweet": "@clemmiegirlnz I was referred to you by @Alex_Micati bc you're a teacher. May I send you a DM? I'd like your input for an article I'm writing on the amazing things teachers are doing for students during the COVID-19 crisis. Thank you!", "likes_count": 1, "replies_count": 1, "retweets_count": 0, "hashtags": []}
