{"id": 1283189523107794944, "date": "2020-07-14", "time": "19:59:57", "tweet": "@MIGal2019 Thank you for the input.", "likes_count": 0, "replies_count": 0, "retweets_count": 0, "hashtags": []}
{"id": 1283189504455536640, "date": "2020-07-14", "time": "19:59:53", "tweet": "@chr1sa Any input from the county health director?", "likes_count": 0, "replies_count": 0, "retweets_count": 0, "hashtags": []}
{"id": 1283189494963896325, "date": "2020-07-14", "time": "19:59:50", "tweet": "@DEXB0T It's input based if I'm not mistaken.", "likes_count": 0, "replies_count": 0, "retweets_count": 0, "hashtags": []}
{"id": 1283189303057641472, "date": "2020-07-14", "time": "19:59:05", "tweet": "Big Education Ape: New York State Tip-Toes Toward a Measured School Opening with Significant Local Input and a Long List of Unanswered Questions. | Ed In The Apple -  https://t.co/gBwIWQBEuG  https://t.co/XGUYqgYNQx", "likes_count": 0, "replies_count": 0, "retweets_count": 1, "hashtags": []}
{"id": 1283189188343607298, "date": "2020-07-14", "time": "19:58:37", "tweet": "#TheWonderYears was an integral party of my awkward junior high school years, and 30+ years later, it's suddenly part of my awkward social media input. I may still have a tiny crush on danicamckellar ❤🙂 Thanks…  https://t.co/YmnUyPxEl2", "likes_count": 0, "replies_count": 1, "retweets_count": 0, "hashtags": ["thewonderyears"]}
{"id": 1283189133708611584, "date": "2020-07-14", "time": "19:58:24", "tweet": "@NyoEi Don't you love it? Nod thoughtfully and thank them for their input?", "likes_count": 1, "replies_count": 1, "retweets_count": 0, "hashtags": []}
{"id": 1283189117665280001, "date": "2020-07-14", "time": "19:58:20", "tweet": "@Venny_Evan @OEdswald @ActualAero @MegaDriveBrad And a online service where fucking DOTS AND BOXES has input lag", "likes_count": 0, "replies_count": 0, "retweets_count": 0, "hashtags": []}
{"id": 1283189090981154817, "date": "2020-07-14", "time": "19:58:14", "tweet": "I’m also extraordinarily grateful to my excellent colleagues in @NSF EHR/DGE for their input to my presentation.  They are doing an amazing job as we continue to fulfill the mission while #wfh.  I miss you all!", "likes_count": 3, "replies_count": 0, "retweets_count": 0, "hashtags": ["wfh"]}
{"id": 1283188948962082816, "date": "2020-07-14", "time": "19:57:40", "tweet": "@YayoTheCaveman Hopefully this betta allows input from you guys and they can get it right we need a legit MMA game hopefully the backyard/rope gloves and dojo shit picks up some slack and our interest for a bit", "likes_count": 1, "replies_count": 1, "retweets_count": 0, "hashtags": []}
{"id": 1283188941949153280, "date": "2020-07-14", "time": "19:57:38", "tweet": "@evilsharkey I hate that 1up and city of heroes died because I miss your input on everything", "likes_count": 2, "replies_count": 2, "retweets_count": 0, "hashtags": []}
{"id": 1283188813137801217, "date": "2020-07-14", "time": "19:57:08", "tweet": "Nick posted Agusta AW109 review - a tad long but covers all the necessary intro ground + short flight. will just let you watch w/o my input or comments for now but will add them over next few days however feel free to add comments/questions @RWMann  https://t.co/XJis00oSha", "likes_count": 0, "replies_count": 1, "retweets_count": 0, "hashtags": []}
{"id": 1283188806317936640, "date": "2020-07-14", "time": "19:57:06", "tweet": "@Pclick36 @AmoneyResists @JuddPDeere45 @PressSec @realDonaldTrump The briefer doesn't just wing it. PDB items often take days or longer to prepare, though some are same day. Often sent for input to relevant IC players (like me) related to the subject. Briefer briefs what is provided, and has extra info for questions. FP items would be briefed.", "likes_count": 0, "replies_count": 0, "retweets_count": 0, "hashtags": []}
{"id": 1283188805697024000, "date": "2020-07-14", "time": "19:57:06", "tweet": "ふと目に止まったので。 inputに影響される物は往々としてこういった謎な挙動をすることがある。そういう事も踏まえて異常値に関する運用も視野にいれるだけでなく、あらゆる可能性を踏まえて実装したいね。  イタリアで前代未聞のスピード違反!?　公道を時速703キロで走行 https://t.co/Jooid1hIJ1", "likes_count": 0, "replies_count": 2, "retweets_count": 0, "hashtags": []}
{"id": 1283188805600567300, "date": "2020-07-14", "time": "19:57:06", "tweet": "@cypherfox @wm @IanColdwater Don't think its a matter of wanting/not wanting, but rather when people have a full plate of work and no 'free time' to learn a complex thing, it simply isn't feasible. A good sys admin can just train devs on what variables to input where, and other basics like redeployment etc.", "likes_count": 11, "replies_count": 3, "retweets_count": 0, "hashtags": []}
{"id": 1283188741973127169, "date": "2020-07-14", "time": "19:56:51", "tweet": "@ElliAdventurer @aginnt @RepAndyBiggsAZ They are not. They are coded as COVID. Blue is the CLI portion.   “Positive or Suspected” COVID does not mean CLI. Many asymptomatic positives out there.   If you trust the doctors, they are the ones who input the CLI illness codes.", "likes_count": 0, "replies_count": 1, "retweets_count": 0, "hashtags": []}
{"id": 1283188713485467653, "date": "2020-07-14", "time": "19:56:44", "tweet": "@Spaghooto @DregenYor Yeah lmao, I just wanted his input on my reply", "likes_count": 1, "replies_count": 0, "retweets_count": 0, "hashtags": []}
{"id": 1283188608086745094, "date": "2020-07-14", "time": "19:56:19", "tweet": "Lately I’ve been wanting to fake taylor Swift... I need input. GOOD IDEA ORRrrrr?", "likes_count": 2, "replies_count": 2, "retweets_count": 0, "hashtags": []}
{"id": 1283188467313389568, "date": "2020-07-14", "time": "19:55:45", "tweet": "@TradingComposur Trade signals. I take it. Scale out. Hits stop I’m out. I’ve worked long and hard to take all those questions out of the equation. Fine tuned a process that makes it automatic based on input mostly from the following people @crosshairtrader @TradingFibz @VolumePrintcess @kkernttb", "likes_count": 1, "replies_count": 1, "retweets_count": 1, "hashtags": []}
{"id": 1283188137523478533, "date": "2020-07-14", "time": "19:54:27", "tweet": "@bovenessan Ikr.. PBE 💯% 4Flat. Each and every single point will be. Feminism theory input 😌  @YellaiyappanL24 yes..it’s about our subject course and lecturer.", "likes_count": 3, "replies_count": 1, "retweets_count": 1, "hashtags": []}
{"id": 1283188095995830272, "date": "2020-07-14", "time": "19:54:17", "tweet": "Even when I belonged to the cult of evangelicalism, I could not take other Christians seriously who said they supported the death penalty. Today, my only input on the topic of capital punishment is that it must be resigned to the dustbin of history.", "likes_count": 4, "replies_count": 0, "retweets_count": 0, "hashtags": []}
