{"id": 1277028933263908864, "date": "2020-06-27", "time": "19:59:58", "tweet": "Probably the only one with minimal input", "likes_count": 0, "replies_count": 1, "retweets_count": 0, "hashtags": []}
{"id": 1277028785234210823, "date": "2020-06-27", "time": "19:59:23", "tweet": "@K1ngPurw4 Salah input lagi mbah", "likes_count": 1, "replies_count": 0, "retweets_count": 0, "hashtags": []}
{"id": 1277028771153862656, "date": "2020-06-27", "time": "19:59:19", "tweet": "#Repost electricalguitarcompany  • • • • • • This was a group build with input from Aaron, Adam and myself. Everyone had a hand in what this guitar would do and function as. So let’s get to details, acrylic and…  https://t.co/MQmi3pyU94", "likes_count": 0, "replies_count": 0, "retweets_count": 0, "hashtags": ["repost"]}
{"id": 1277028717181784065, "date": "2020-06-27", "time": "19:59:06", "tweet": "@NewmanWokne_Eze @npower_ng Same here o. I couldn't input my middle name too. My first name and surname was already inputed automatically and I couldn't edit it.", "likes_count": 0, "replies_count": 0, "retweets_count": 0, "hashtags": []}
{"id": 1277028674638942210, "date": "2020-06-27", "time": "19:58:56", "tweet": "FYI: this isn't rhetorical, I genuinely want your input", "likes_count": 0, "replies_count": 1, "retweets_count": 0, "hashtags": []}
{"id": 1277028481377894400, "date": "2020-06-27", "time": "19:58:10", "tweet": "I need to give up my pride and use easy input in more situations #GBVS", "likes_count": 0, "replies_count": 0, "retweets_count": 0, "hashtags": ["gbvs"]}
{"id": 1277028473211502592, "date": "2020-06-27", "time": "19:58:08", "tweet": "@NPR You can only make good decisions if you receive good data. You cannot get good data with your input shoved up your output. Could we make this more clear!!", "likes_count": 0, "replies_count": 0, "retweets_count": 0, "hashtags": []}
{"id": 1277028407881203713, "date": "2020-06-27", "time": "19:57:53", "tweet": "@StevenBeschloss @JasonLaCanfora The many million government employees in the DoD should be perfectly capable of dealing with the issue without input from a President... but all of government is incompetent so...", "likes_count": 0, "replies_count": 0, "retweets_count": 0, "hashtags": []}
{"id": 1277028317967847428, "date": "2020-06-27", "time": "19:57:31", "tweet": "@geloraco Ayok mana yg sok bahagia???berawal dr kpu semuanya salah input.dr president sampek mentri", "likes_count": 0, "replies_count": 0, "retweets_count": 0, "hashtags": []}
{"id": 1277028261965463557, "date": "2020-06-27", "time": "19:57:18", "tweet": "I just think it’s funny how dudes love to put they input on makeup😂 boy shut tf up and pass me my concealer🤣", "likes_count": 2, "replies_count": 1, "retweets_count": 0, "hashtags": []}
{"id": 1277028234215882753, "date": "2020-06-27", "time": "19:57:11", "tweet": "@grrrck Ah, yes. This usage of mutate() is derived from the help so it's pretty normal. Yeah, mutate() accepts only the same number of results as the input whereas summarise() allows fewer (or more!) rows than input so summarise() seems to supersede.", "likes_count": 0, "replies_count": 1, "retweets_count": 0, "hashtags": []}
{"id": 1277028204956356608, "date": "2020-06-27", "time": "19:57:04", "tweet": "ん、htmlでinputなどの属性がよく理解出来ていなかったが、ここで使うのか🤔  htmlだけよりも理解しやすいかも🤔  「PHP 学習コース I」コースを修了しました！  https://t.co/6ndK93JaLs #Progate", "likes_count": 12, "replies_count": 0, "retweets_count": 1, "hashtags": ["progate"]}
{"id": 1277028070625509382, "date": "2020-06-27", "time": "19:56:32", "tweet": "@newrulesdua LITERALLY LIKE????? PLEASE GROW UP I BEG!!!! everyone can do whatever the fuck they way i dont see how anyone thinks they can have an input on it", "likes_count": 1, "replies_count": 0, "retweets_count": 0, "hashtags": []}
{"id": 1277027979210752001, "date": "2020-06-27", "time": "19:56:10", "tweet": "@eshumaker_12 @brooke3ashley I’m abiding by the CDC guidelines and having dinner at a restaurant 6 ft apart from other patrons but THANK U FOR YOUR VALUABLE INPUT", "likes_count": 0, "replies_count": 0, "retweets_count": 0, "hashtags": []}
{"id": 1277027950546870272, "date": "2020-06-27", "time": "19:56:04", "tweet": "@TheRealCLZ @brycewise @Squints_a_lot Thanks for the input James :)  Since residences' didn't have central air the energy costs were still really high?", "likes_count": 0, "replies_count": 1, "retweets_count": 0, "hashtags": []}
{"id": 1277027920670793732, "date": "2020-06-27", "time": "19:55:56", "tweet": "@bobpi31415 @AliceRitter8 @TexasTribune No you’re not.  In this thread you prove you’re not all ears because you reject other input.  Alternately in Texas people are already fairly distant.  In addition large Texas cities did shut down early and people started being smart.  On top of that the heat in Texas. 1/2", "likes_count": 0, "replies_count": 2, "retweets_count": 0, "hashtags": []}
{"id": 1277027785790324736, "date": "2020-06-27", "time": "19:55:24", "tweet": "@Littlest_Slobo If ppl only knew how often and how far south the best of internet intention can draw any case, old or new, into irredeemable compromise I would like to hope ppl would rethink their input, both on &amp; offline. I've heard YouTube r considering the future of true crime genre channels", "likes_count": 1, "replies_count": 0, "retweets_count": 1, "hashtags": []}
{"id": 1277027704680767488, "date": "2020-06-27", "time": "19:55:05", "tweet": "@fitch_katrina Hi there- We appreciate your input! Thanks for sharing your suggestion with us!", "likes_count": 1, "replies_count": 0, "retweets_count": 0, "hashtags": []}
{"id": 1277027567216676864, "date": "2020-06-27", "time": "19:54:32", "tweet": "@thehouseofpod We say the app required input 3 to 5 random times a day", "likes_count": 1, "replies_count": 0, "retweets_count": 0, "hashtags": []}
{"id": 1277027544412413954, "date": "2020-06-27", "time": "19:54:27", "tweet": "@Ty_Ler45 @leighwynne33 Please post if you have any trouble with directional input on the d-pad.  I bought mine day one and, well, hate to say it but it's annoying.", "likes_count": 1, "replies_count": 0, "retweets_count": 0, "hashtags": []}
{"id": 1277027525957267456, "date": "2020-06-27", "time": "19:54:22", "tweet": "&lt;INPUT&gt; 何も出力しません。", "likes_count": 0, "replies_count": 0, "retweets_count": 0, "hashtags": []}
{"id": 1277027489273933825, "date": "2020-06-27", "time": "19:54:14", "tweet": "@Disillu31110791 We all know you don't have to prove your a dill,every time you tweet, can't help yourself ehh, all I've ever seen from you are insults to other peoples tweets, no input from your small mind !!!!", "likes_count": 0, "replies_count": 0, "retweets_count": 0, "hashtags": []}
{"id": 1277027409548763137, "date": "2020-06-27", "time": "19:53:55", "tweet": "@adeljabiri2 Who cares if it’s fake. You’re still intending to normalize using the f slur when someone is mad/annoyed at gay people. That’s the exact input on saying you could say the n word if you’re mad/annoyed at black people.", "likes_count": 0, "replies_count": 1, "retweets_count": 0, "hashtags": []}
{"id": 1277027377688780801, "date": "2020-06-27", "time": "19:53:47", "tweet": "@prefynboi @npower_ng @npower_ng  I am stuck with this, I have refresh and fresh, equally use different browsers and devices still having this page once login no field for input  https://t.co/wO9CqzcMES", "likes_count": 0, "replies_count": 0, "retweets_count": 0, "hashtags": []}
{"id": 1277027373976678400, "date": "2020-06-27", "time": "19:53:46", "tweet": "@beansandtiddies Architect to develop plans with your input.  Customize your own materials / price points.  Compromise where you want to, not where someone else decided.  Use plans to obtain bids from Subs yourself.  You will need to obtain General Permits, but subs will obtain other", "likes_count": 0, "replies_count": 0, "retweets_count": 0, "hashtags": []}
{"id": 1277027359288221696, "date": "2020-06-27", "time": "19:53:43", "tweet": "@1s9h8o7h2e4i ポチっちゃった(*´ω｀)b 最近、InputしないとOutputも尽きてしまうという事で始めたクラシック漁りが楽しいですｗｗ", "likes_count": 1, "replies_count": 1, "retweets_count": 0, "hashtags": []}
{"id": 1277027300001841152, "date": "2020-06-27", "time": "19:53:28", "tweet": "@Hardeola11 @npower_ng I did not input my middle name hope it won't affect me?", "likes_count": 0, "replies_count": 0, "retweets_count": 0, "hashtags": []}
{"id": 1277027248583786496, "date": "2020-06-27", "time": "19:53:16", "tweet": "@JaretSnyder @ITalkFortnite @PizoTV thanks you for the input", "likes_count": 0, "replies_count": 0, "retweets_count": 0, "hashtags": []}
{"id": 1277027085442318337, "date": "2020-06-27", "time": "19:52:37", "tweet": "@yutannihilat_en That mutate() looks pretty normal to me, grouped mutate()s are awesome. I haven’t tried summarize(across(),...) but the key difference between the two functions is still that summarize() can return fewer rows than the input but mutate() can’t.", "likes_count": 0, "replies_count": 1, "retweets_count": 0, "hashtags": []}
{"id": 1277027070929965059, "date": "2020-06-27", "time": "19:52:34", "tweet": "It's been great 8 years of good music. Tonight we celebrate @dakruk's great input on #Yfm through his magical music talent.👌  #TheLastDance #ThePlayersClub", "likes_count": 2, "replies_count": 0, "retweets_count": 1, "hashtags": ["yfm", "thelastdance", "theplayersclub"]}
{"id": 1277027054056284160, "date": "2020-06-27", "time": "19:52:30", "tweet": "@ABC7NY He don’t even qualify to be a president he can’t give input on shit  period", "likes_count": 0, "replies_count": 0, "retweets_count": 0, "hashtags": []}
{"id": 1277027047085428737, "date": "2020-06-27", "time": "19:52:28", "tweet": "@rrrage_input @bvhfdry Корпус Tofu 60% с демпфером хуйовым Латунный плейт с 1UPKeyboards (универсальный) Оттуда же плата 1UP RGB 60% HSE ANSI Стабилизаторы GMK screw-in Переключатели Kailh BOX Burnt Orange в стоке Сет MDA Big Bone Коврик с приватного местного групбая дизайн оригинальный", "likes_count": 1, "replies_count": 1, "retweets_count": 0, "hashtags": []}
{"id": 1277026974700093441, "date": "2020-06-27", "time": "19:52:11", "tweet": "@Zaky_Hassan99 @1MohamedOmar Son of the late great mayor of Mogadishu.  I am currently looking at study around brief and coping mechanism. Can you get in touch please? Need some input from you too. Sorry is an informal invite but DM for further discussions @1MohamedOmar", "likes_count": 0, "replies_count": 0, "retweets_count": 0, "hashtags": []}
{"id": 1277026961391566849, "date": "2020-06-27", "time": "19:52:08", "tweet": "@RichardGrenell Appreciated your input as Ambassador to Germany and hoped you waould have stayed longer.", "likes_count": 0, "replies_count": 0, "retweets_count": 0, "hashtags": []}
{"id": 1277026918475468800, "date": "2020-06-27", "time": "19:51:58", "tweet": "@tomfenn8 @shenachilvers17 @educationgovuk Would have thought parents had some input here to be honest? And I’m not a teacher - I am a parent. 2 children, both with their own difficulties - who have problems managing their own self care", "likes_count": 0, "replies_count": 0, "retweets_count": 0, "hashtags": []}
{"id": 1277026882521833474, "date": "2020-06-27", "time": "19:51:49", "tweet": "If you are interested in Cross Country at Leesville Road High School this Fall, please go to this link and fill out a form:   https://t.co/qRyQcKBPeg Option for both students and parents to input info to ensure inclusion on communications.  Rising 9th graders welcome too!", "likes_count": 7, "replies_count": 0, "retweets_count": 5, "hashtags": []}
{"id": 1277026669019234306, "date": "2020-06-27", "time": "19:50:58", "tweet": "B has since told me that they have been kicked from servers A is also in without warning or explanation and have been questioned about why A was kicked. i will make this very clear: B had no input on the mods' decision to kick A. it was solely due to A's behavior.", "likes_count": 3, "replies_count": 1, "retweets_count": 0, "hashtags": []}
{"id": 1277026593437868033, "date": "2020-06-27", "time": "19:50:40", "tweet": "I just paid for something and before I could input the otp, the payment went through. Ha", "likes_count": 1, "replies_count": 3, "retweets_count": 0, "hashtags": []}
{"id": 1277026579684536320, "date": "2020-06-27", "time": "19:50:37", "tweet": "@neco_engineer INPUTした分OUTPUTしていくのです！ ※この場合上からか下からかは問わない  おはようございます！", "likes_count": 1, "replies_count": 0, "retweets_count": 0, "hashtags": []}
{"id": 1277026557526183936, "date": "2020-06-27", "time": "19:50:31", "tweet": "Confession: I hate podcasts  Give me an honestly edited interview, or a scientific article read in a good voice ANY day", "likes_count": 2, "replies_count": 1, "retweets_count": 0, "hashtags": []}
