{"id": 1287175534288310272, "date": "2020-07-25", "time": "19:58:56", "tweet": "The entire system is created so that the patient has no decision power or input on cost.  There's a reason Dr's say they don't know the cost - they don't like being transparent about their baseline costs.", "likes_count": 1, "replies_count": 1, "retweets_count": 0, "hashtags": []}
{"id": 1287175533369757696, "date": "2020-07-25", "time": "19:58:56", "tweet": "Bismillah...  https://t.co/uoJ4vWDyrA Hadir semakin Lengkap Gaes Kami selalu perbaiki berdasarkan input dari rekan rekan   https://t.co/uoJ4vWDyrA  #suzuki #apv #mpv #automotive  https://t.co/kikJVJWykN", "likes_count": 0, "replies_count": 0, "retweets_count": 0, "hashtags": ["suzuki", "apv", "mpv", "automotive"]}
{"id": 1287175503833714690, "date": "2020-07-25", "time": "19:58:49", "tweet": "@Maven @Llamas_NA @Mutineers Regardless I appreciate the input from ya @Maven I can respect that nonetheless.  https://t.co/TH4aj9JJXY", "likes_count": 0, "replies_count": 1, "retweets_count": 0, "hashtags": []}
{"id": 1287175427811954693, "date": "2020-07-25", "time": "19:58:31", "tweet": "@et43gj @tommyinnit @Technothepig @ignCalvin @xNestorio @Pikaclicks well when tommy himself tells me he has a problem with it i’ll stop, in the mean time i think it’s kinda funny, thanks for the input though", "likes_count": 12, "replies_count": 1, "retweets_count": 0, "hashtags": []}
{"id": 1287175382513463297, "date": "2020-07-25", "time": "19:58:20", "tweet": "This sound card has multiple in/out jacks, so maybe I can swap the input jack I'm using to the one on the back of the PC. Currently using front audio jacks for both in and out, and they have are attached to the motherboard via an umbilical (prolly capacitatively coupled lol)", "likes_count": 0, "replies_count": 1, "retweets_count": 0, "hashtags": []}
{"id": 1287175337760055296, "date": "2020-07-25", "time": "19:58:09", "tweet": "@Ashaldaron That’s a big plus and you’re input gives it some great credence. Thank you", "likes_count": 0, "replies_count": 0, "retweets_count": 0, "hashtags": []}
{"id": 1287175272861593600, "date": "2020-07-25", "time": "19:57:54", "tweet": "@sunspark_da @Direwolf20 His setup is:  Tree Farm -&gt; Coke Oven Tower -&gt; Steam Boiler  He could do what you suggested. But that means that either wood input or coke output have to wrap around.", "likes_count": 0, "replies_count": 1, "retweets_count": 0, "hashtags": []}
{"id": 1287175269430841344, "date": "2020-07-25", "time": "19:57:53", "tweet": "I sent 3 photo options to my boyfriend to get his input on which I should post... he “fixed” one and sent it back to me to post.... this is what he sent 🤣😂  https://t.co/1Qaw7k97xK", "likes_count": 6, "replies_count": 4, "retweets_count": 0, "hashtags": []}
{"id": 1287175226921562115, "date": "2020-07-25", "time": "19:57:43", "tweet": "Pc snd card input of 0-200kHz sweep. Noisy below 8kHz. f/2 image from 8kHz to 24kHz. Good up to rolloff at 90kHz. Imaging (reverse) from 24-28kHz and 96-100kHz. Usable signal 1.5-96kHz. No signal above 100kHz.  https://t.co/qGIPhLdiyd", "likes_count": 1, "replies_count": 1, "retweets_count": 0, "hashtags": []}
{"id": 1287174986311106562, "date": "2020-07-25", "time": "19:56:45", "tweet": "@DAbreu2018 @asp_net Basically there is no such thing as there is no event. Your api (rest/bus whatever) does an basic input validation, is everything provided? Now the only thing you need to process a command is just a context (slice of or all events) which can be compiled (aggregated) and the cmd.", "likes_count": 0, "replies_count": 1, "retweets_count": 0, "hashtags": []}
{"id": 1287174885115076610, "date": "2020-07-25", "time": "19:56:21", "tweet": "@_ArtIsAVerb Very soon our own writing &amp; thoughts will be emulated. Very soon we'll be able simulate how our persona would react to any event in a plausible way... It shows that we're not as interesting &amp; unique as we think, just another NN, with a slow input/output bandwidth &amp; little memory.", "likes_count": 10, "replies_count": 4, "retweets_count": 0, "hashtags": []}
{"id": 1287174838055063555, "date": "2020-07-25", "time": "19:56:10", "tweet": "@str4wb3rrycals thank you for the input! i dont think ill be making one then", "likes_count": 0, "replies_count": 0, "retweets_count": 0, "hashtags": []}
{"id": 1287174744568147969, "date": "2020-07-25", "time": "19:55:48", "tweet": "@RogueCompany Can anyone else not use mouse and keyboard input on their consoles? Now before you make fun of me for using mnk on console my controller is broken and only its mic is usable so I have to use mnk", "likes_count": 0, "replies_count": 0, "retweets_count": 0, "hashtags": []}
{"id": 1287174720136400898, "date": "2020-07-25", "time": "19:55:42", "tweet": "Plus online and offline I always gear up to do jair properly so I won't mess it up. I always tense up when I do it and really concentrate on the timing and the input. If I'm not focused I almost always do it wrong.", "likes_count": 0, "replies_count": 0, "retweets_count": 0, "hashtags": []}
{"id": 1287174634165608448, "date": "2020-07-25", "time": "19:55:21", "tweet": "@PosteSpedizioni Hi，I have a parcel from PostNL，according to their information, this parcel has arrived Italy and domestic carrier is your company. However, I input my tracking number in your website and it shows “no information”Any suggestion or help？ Thanks a lot.", "likes_count": 0, "replies_count": 1, "retweets_count": 0, "hashtags": []}
{"id": 1287174599659134976, "date": "2020-07-25", "time": "19:55:13", "tweet": "Playing on mobile is the shittiest gaming experience i ever had. Ping constantly fluctuates between 50-400, random fps spikes, input delay is unbearable etc.", "likes_count": 1, "replies_count": 0, "retweets_count": 0, "hashtags": []}
{"id": 1287174555405103105, "date": "2020-07-25", "time": "19:55:03", "tweet": "@4STRUH sorry i’m late but i’d appreciate the input 🙏", "likes_count": 0, "replies_count": 0, "retweets_count": 0, "hashtags": []}
{"id": 1287174537998524416, "date": "2020-07-25", "time": "19:54:59", "tweet": "@yepshesblasian Translation: we’re gonna do messed up things to your character, possibly with no input from you the player. Also we likely have many words and attitudes that we know aren’t okay.", "likes_count": 0, "replies_count": 1, "retweets_count": 0, "hashtags": []}
{"id": 1287174506281414657, "date": "2020-07-25", "time": "19:54:51", "tweet": "@ivussouchan period, i shall pass on the message... they couldn't have won it without your input 🙈 but also hey don't be sorry, i still love u lots mwa, and we still see each other here in the server &lt;3____&lt;3", "likes_count": 0, "replies_count": 0, "retweets_count": 0, "hashtags": []}
{"id": 1287174486475726848, "date": "2020-07-25", "time": "19:54:46", "tweet": "pinescript(A)で別のpinescript(B)の計算結果bをライブラリ利用する方法として、 使用したい値をB側でplotし A側でそれをinput(close)→手動でcloseからBのbに変更 して受け取るのが考えられるけど、Aのコーディング量が増えるとなぜかinputできる値がOHLC系に制限されてしまうのがよくわからない。", "likes_count": 2, "replies_count": 1, "retweets_count": 0, "hashtags": []}
{"id": 1287174415688622081, "date": "2020-07-25", "time": "19:54:29", "tweet": "This guy will ask ‘Halkeed ka Soo jeeda’ when you call in and if he don’t like your  input he’ll roast you &amp; your tribe 😭😭😭😭😭😭", "likes_count": 0, "replies_count": 0, "retweets_count": 0, "hashtags": []}
{"id": 1287174340795039744, "date": "2020-07-25", "time": "19:54:12", "tweet": "@ScottTotally @janesharp78 Scott, no. I think she rarely comes on Twitter. Which explains how she is not aware of some tensions with certain people at the moment. Like she doesn't know anything about Yarddog's input here on Twitter as far as I know.", "likes_count": 0, "replies_count": 0, "retweets_count": 0, "hashtags": []}
{"id": 1287174325007790080, "date": "2020-07-25", "time": "19:54:08", "tweet": "@ATL_LeTsHe damn this guy just leaked the input wars mongraal sith twist bro😪  https://t.co/ePggmMWKl7", "likes_count": 977, "replies_count": 14, "retweets_count": 12, "hashtags": []}
{"id": 1287174275879772163, "date": "2020-07-25", "time": "19:53:56", "tweet": "I can’t even be smart anymore. There’s always some expert with input. Fuck your input.  #parody #memes #comedy #motivation #youtube #hiphop #animation #newmusic #artist #actor #poetry #SaturdayMotivation #gaming #writer #inspiration #funny #twitch #realtalk #freestyle #singing", "likes_count": 1, "replies_count": 0, "retweets_count": 1, "hashtags": ["parody", "memes", "comedy", "motivation", "youtube", "hiphop", "animation", "newmusic", "artist", "actor", "poetry", "saturdaymotivation", "gaming", "writer", "inspiration", "funny", "twitch", "realtalk", "freestyle", "singing"]}
{"id": 1287174169352962048, "date": "2020-07-25", "time": "19:53:31", "tweet": "@LavenderYouko HECK YEAH! It was your input that made the change 🙏", "likes_count": 1, "replies_count": 1, "retweets_count": 0, "hashtags": []}
{"id": 1287174156132343810, "date": "2020-07-25", "time": "19:53:28", "tweet": "@Robby_boparai That said I once returned from vacation to find out that an operations manager changed the database for a project I was designing. Without any input from me. I’m still not happy that.", "likes_count": 0, "replies_count": 0, "retweets_count": 0, "hashtags": []}
{"id": 1287174152592535552, "date": "2020-07-25", "time": "19:53:27", "tweet": "How to Selectively Scale Numerical Input Variables  https://t.co/cu6XzZj3QF  https://t.co/fwSZ6j0oAb", "likes_count": 0, "replies_count": 0, "retweets_count": 0, "hashtags": []}
{"id": 1287174115154067457, "date": "2020-07-25", "time": "19:53:18", "tweet": "@SPIDERN0IR If you like commentary on contemporary events, @dangelno  is pretty decent. @kat_blaque also has really engaging input.   And if you like tarot and spiritual discussion, Natalie Hughes (among many others but she’s a good way to start)!", "likes_count": 1, "replies_count": 1, "retweets_count": 0, "hashtags": []}
{"id": 1287173943586099206, "date": "2020-07-25", "time": "19:52:37", "tweet": "@superlunarysyz Thank you For your input", "likes_count": 0, "replies_count": 1, "retweets_count": 0, "hashtags": []}
{"id": 1287173829329068034, "date": "2020-07-25", "time": "19:52:10", "tweet": "@TeamFlemo2 The more info you input, the more pts u win. Give a % on how u think they will finish, which rd. U can share ur % across options, so if you think it will defo be a ko, put in 100% you get more pts than if you share it among other options such as 25% ko 50% sub 25% dec.", "likes_count": 1, "replies_count": 0, "retweets_count": 0, "hashtags": []}
{"id": 1287173788010913792, "date": "2020-07-25", "time": "19:52:00", "tweet": "YOUR INPUT MATTERS!  The YCPTA has created a survey regarding the reopening of our schools.  Please fill out our survey here:   https://t.co/ZoQCSFpgrx #Yonkers #YonkersKidsMatter #education #ReopeningSchoolsSafely", "likes_count": 1, "replies_count": 1, "retweets_count": 1, "hashtags": ["yonkers", "yonkerskidsmatter", "education", "reopeningschoolssafely"]}
{"id": 1287173727772278785, "date": "2020-07-25", "time": "19:51:45", "tweet": "@grantcohn Time to input positional salary caps", "likes_count": 1, "replies_count": 0, "retweets_count": 0, "hashtags": []}
{"id": 1287173688140283905, "date": "2020-07-25", "time": "19:51:36", "tweet": "got a deal and didn't give any input to GOD,  got a contract and didn't make one project to or for GOD,  ~just a buncha thanks and reverence  https://t.co/HbAGCetIip", "likes_count": 0, "replies_count": 1, "retweets_count": 0, "hashtags": []}
{"id": 1287173584868331523, "date": "2020-07-25", "time": "19:51:11", "tweet": "@BughaEu Bro input delay, 60 hz and mouse acceleration on kbm console GL if you switch", "likes_count": 1, "replies_count": 0, "retweets_count": 0, "hashtags": []}
{"id": 1287173346669494273, "date": "2020-07-25", "time": "19:50:15", "tweet": "@daddyasha Don’t remember asking for Asha’s input", "likes_count": 0, "replies_count": 1, "retweets_count": 0, "hashtags": []}
{"id": 1287173304944664576, "date": "2020-07-25", "time": "19:50:05", "tweet": "@yakiddphangcudi @incendiate @AlessiasOdyssey @nurima_fgc Iron Tager grab combos were fun. The staple of them was that input and 65329 B", "likes_count": 0, "replies_count": 1, "retweets_count": 0, "hashtags": []}
{"id": 1287173262385057792, "date": "2020-07-25", "time": "19:49:54", "tweet": "quick minitutorial for how to do inputs for instant full momentum nair out of shield. This is pretty consistent because you have 4 frames to complete the 3 input sequence and can teach your hands to input it consistently pretty easily.  https://t.co/0sRZxmF5SD", "likes_count": 29, "replies_count": 3, "retweets_count": 6, "hashtags": []}
{"id": 1287173245989523456, "date": "2020-07-25", "time": "19:49:51", "tweet": "For better or worse... the #BlackCommunity and #brown community spend a fortune on #swisher from @SwisherInt to hear 0 input on #BLM", "likes_count": 0, "replies_count": 0, "retweets_count": 0, "hashtags": ["blackcommunity", "brown", "swisher", "blm"]}
{"id": 1287173215077511168, "date": "2020-07-25", "time": "19:49:43", "tweet": "How to Selectively Scale Numerical Input Variables  https://t.co/a04mxNxjon  https://t.co/Op82usFwK3", "likes_count": 0, "replies_count": 0, "retweets_count": 0, "hashtags": []}
{"id": 1287173210488930306, "date": "2020-07-25", "time": "19:49:42", "tweet": "@D3rD4rkY @RNotwendigkeit Rechne mal seinen \"Stundenlohn\" aus und vergleiche das Verhältnis von Intensität der Arbeit (Input) und seinem \"Lohn\" (Output) mit dem seiner Angestellten, vielleicht fällt dir ja was auf...", "likes_count": 0, "replies_count": 0, "retweets_count": 0, "hashtags": []}
{"id": 1287172889892933632, "date": "2020-07-25", "time": "19:48:26", "tweet": "@RepAnnaEshoo Missed call, but here’s my input, rsvp? The anxiety over this debate, by itself, is Enough to drive many people and their families over the brink! Congress takes lunch break (Give ‘em Goya beans!) they should be canned.we eat cake? Nobody CARES.", "likes_count": 0, "replies_count": 0, "retweets_count": 0, "hashtags": []}
{"id": 1287172852593184768, "date": "2020-07-25", "time": "19:48:17", "tweet": "I have started it and will now be paying attention thank u for ur input", "likes_count": 58, "replies_count": 2, "retweets_count": 0, "hashtags": []}
{"id": 1287172852127371264, "date": "2020-07-25", "time": "19:48:17", "tweet": "@heyjustme If it's a rental, it's easy to put it to management to step in. If not...photo doc everything w/date stamps and approach them with \"this seems to be a problem again and I need your input on how we can solve it (without spending more money).\"", "likes_count": 3, "replies_count": 0, "retweets_count": 0, "hashtags": []}
{"id": 1287172851276095490, "date": "2020-07-25", "time": "19:48:16", "tweet": "@therealraposa As a PC player who just did this and was practically forced to use a controller to even have a chance, i agree. I tried to play fair but after seeing them build towers and boxes i just gave up. Should have been locked input for a MOBILE tournament", "likes_count": 0, "replies_count": 0, "retweets_count": 0, "hashtags": []}
{"id": 1287172827154653186, "date": "2020-07-25", "time": "19:48:11", "tweet": "Why the Brain Never Processes the Same Input in the Same Way  https://t.co/OG78IjWdiK", "likes_count": 3, "replies_count": 0, "retweets_count": 1, "hashtags": []}
{"id": 1287172790668460034, "date": "2020-07-25", "time": "19:48:02", "tweet": "The City of RC has created this survey to obtain input from residents &amp; landlords regarding the social &amp; economic impacts resulting from COVID-19. Your input will guide RC's plan to mitigate the economic impacts caused by COVID-19.    Take the survey at:  https://t.co/tW1Qsh5QuR  https://t.co/38VtrSxIVV", "likes_count": 0, "replies_count": 0, "retweets_count": 0, "hashtags": []}
{"id": 1287172762415648773, "date": "2020-07-25", "time": "19:47:55", "tweet": "I was tonight years old when I learned my computer's integrated sound card's mic input somehow picks up the sound going into the headphones, which includes everything I hear from my headphones and when I speak into the headphones' drivers", "likes_count": 0, "replies_count": 1, "retweets_count": 0, "hashtags": []}
{"id": 1287172729804857344, "date": "2020-07-25", "time": "19:47:47", "tweet": "@AmericanPsychom @_Phenxmenal @NerveBtw Honestly most of the best PC players I know are on controller. The only thing I worry about is a stack when I'm solo, no matter their platform. Crossing with lancers is easy as hell no matter your input in a team", "likes_count": 0, "replies_count": 0, "retweets_count": 0, "hashtags": []}
{"id": 1287172718895357952, "date": "2020-07-25", "time": "19:47:45", "tweet": "@youremyloverr My theory is that she asked for his input since his credits are on Exile and Betty, the songs with a male POV. Maybe she consulted him on how to write from a male perspective and put that credit in there because she's cheeky", "likes_count": 2, "replies_count": 1, "retweets_count": 0, "hashtags": []}
{"id": 1287172655536394241, "date": "2020-07-25", "time": "19:47:30", "tweet": "@DawnTJ90 Anyone with ANY knowledge of computers KNOWS that you get out of a 'modelling exercise' the result of what data you put in!  If you want the output to be #GlobalWarming, you input what you need.  #GlobalCooling, change the input!", "likes_count": 1, "replies_count": 0, "retweets_count": 0, "hashtags": ["globalwarming", "globalcooling"]}
{"id": 1287172632992010244, "date": "2020-07-25", "time": "19:47:24", "tweet": "@papuchochoe Ooh, good idea! I might still stick with just one for now tho. I have a manager who gets 1 small tattoo for each fandom that means a lot to her, I kinda like the idea of doing that for characters. Thank u for the input!", "likes_count": 1, "replies_count": 0, "retweets_count": 0, "hashtags": []}
{"id": 1287172615522496512, "date": "2020-07-25", "time": "19:47:20", "tweet": "@xio_network Yes.  This is a quantity &amp; quality question, but in this case, quantity increases the number of participants being able to provide input of quality. The challenge is to filter the quality while increasing the quantity.   Reward and penalize the extremes exponentially?  XID-5D966", "likes_count": 0, "replies_count": 0, "retweets_count": 0, "hashtags": []}
{"id": 1287172584237195264, "date": "2020-07-25", "time": "19:47:13", "tweet": "@GlennWhite1 I’m leaning towards the Eotech precisely for its CQC convenience tbh.  Thank you for the input. 🙏🏼", "likes_count": 1, "replies_count": 1, "retweets_count": 0, "hashtags": []}
{"id": 1287172488196046850, "date": "2020-07-25", "time": "19:46:50", "tweet": "@Kanim_Mksr min, kok dapat notif ini saat login di web APOA, ya? Padahal sudah input email dan password yang benar.   Di respon besok jg gpp kok min..", "likes_count": 0, "replies_count": 1, "retweets_count": 0, "hashtags": []}
{"id": 1287172466033528833, "date": "2020-07-25", "time": "19:46:45", "tweet": "@CyanidePop fuck  ok i like it  my only input is cut the word 'cringe' and 'actually'  but thats it", "likes_count": 0, "replies_count": 0, "retweets_count": 0, "hashtags": []}
{"id": 1287172232133914624, "date": "2020-07-25", "time": "19:45:49", "tweet": ".@replit:  Is there some way to prefill the input field on this page with a URL?   https://t.co/7ppVeWd7y1  What I mean is add a query string to the url and it will have that URL in the input box when user opens the link.", "likes_count": 0, "replies_count": 1, "retweets_count": 0, "hashtags": []}
{"id": 1287172150063923200, "date": "2020-07-25", "time": "19:45:29", "tweet": "@Direwolf20 Why not use more than 1 input/output?", "likes_count": 0, "replies_count": 1, "retweets_count": 0, "hashtags": []}
{"id": 1287172043021127681, "date": "2020-07-25", "time": "19:45:04", "tweet": "New section added for Scala 2.13 that discourages the use of io.Source in favor of our 'using' method for input and output #scala  https://t.co/8buCecBD3h", "likes_count": 0, "replies_count": 0, "retweets_count": 0, "hashtags": ["scala"]}
{"id": 1287171970350620678, "date": "2020-07-25", "time": "19:44:46", "tweet": "@pandyjackadandy All of your admin are extremely knowledgeable about how to manage your classroom, so you can rely on them for advice and input. #whateverFV", "likes_count": 0, "replies_count": 0, "retweets_count": 0, "hashtags": ["whateverfv"]}
{"id": 1287171920958545920, "date": "2020-07-25", "time": "19:44:35", "tweet": "I appreciate all you've said so far and I also appreciate your time and input in this discourse.  👍", "likes_count": 2, "replies_count": 1, "retweets_count": 0, "hashtags": []}
{"id": 1287171903938088961, "date": "2020-07-25", "time": "19:44:31", "tweet": "@idKJose__ @SurferCUH @BrxceOFF @iBryanAlts Hey can you share the seed? The tweet doesn't show when I input it into pickaw", "likes_count": 0, "replies_count": 0, "retweets_count": 0, "hashtags": []}
{"id": 1287171888184037376, "date": "2020-07-25", "time": "19:44:27", "tweet": "@AyyubRzldy Sesekali coba cetak rekening  Wkwkwk   Ntr kliatan input dan outputmu  Langsung mesoh*", "likes_count": 0, "replies_count": 1, "retweets_count": 0, "hashtags": []}
{"id": 1287171722664386562, "date": "2020-07-25", "time": "19:43:47", "tweet": "@DoloFromThe7 @WNBA Thanks for the intelligent input. Go smoke anotha one", "likes_count": 0, "replies_count": 1, "retweets_count": 0, "hashtags": []}
{"id": 1287171675788902402, "date": "2020-07-25", "time": "19:43:36", "tweet": "Pretty sure I just fixed my input delay 👀 Fortnite is feeling buttery 🧈 smooth ❤️🙏", "likes_count": 3, "replies_count": 1, "retweets_count": 0, "hashtags": []}
{"id": 1287171627982163968, "date": "2020-07-25", "time": "19:43:25", "tweet": "@riotwomennn @DegenerateDave1 @apenner @WGaH_Pod @Union_Omaha @TheCornerKickNE @CoachPat42 @PGeorlett13 @Luke_Opperman Yeah nobody needs your input either, Karen #2. If you don't want to go to a restaurant then that's fine, but there's no need for you to share or impose your opinions on someone else. Live and let live.", "likes_count": 0, "replies_count": 0, "retweets_count": 0, "hashtags": []}
{"id": 1287171453863907328, "date": "2020-07-25", "time": "19:42:43", "tweet": "Linux Kernel: Mount Notification. Input Output Manager  https://t.co/4F96CCENCN #Linux", "likes_count": 1, "replies_count": 0, "retweets_count": 2, "hashtags": ["linux"]}
{"id": 1287171391784181763, "date": "2020-07-25", "time": "19:42:28", "tweet": "Seriously. Think this through. Either i had to put the wood input on the opposite side (Snaking wood-&gt;Charcoal), OR I put the coke input on the opposite side, snaking Coke -&gt; Boiler.   Like. What'd I miss here?", "likes_count": 27, "replies_count": 10, "retweets_count": 0, "hashtags": []}
{"id": 1287171154109583362, "date": "2020-07-25", "time": "19:41:32", "tweet": "Jake says he really likes how open the writers are to input on his characters. Not only did they discuss possible changes, but they were actually implemented!", "likes_count": 0, "replies_count": 0, "retweets_count": 0, "hashtags": []}
{"id": 1287171145339490304, "date": "2020-07-25", "time": "19:41:30", "tweet": "@teristheword @DrChunder We appreciate your input! At this time, we are providing masks to riders and providing information and education where possible. Check out  https://t.co/iXx0CQvbsd where you can share your concerns on how we're handling the mask requirement.", "likes_count": 0, "replies_count": 0, "retweets_count": 0, "hashtags": []}
{"id": 1287171043921207315, "date": "2020-07-25", "time": "19:41:06", "tweet": "@DavidJGolf1 Female and mother of an aspie  guy!  A guy who presents as pretty fucking normal, because I did the work and input into my child and didn’t leave it to the gov. No handouts ,nada.", "likes_count": 0, "replies_count": 0, "retweets_count": 0, "hashtags": []}
{"id": 1287170996492001293, "date": "2020-07-25", "time": "19:40:54", "tweet": "Thus every perception is true, as it's a reflection of one's environment, whether that is a thought, a feeling, or sensory input.  Three problems start when different parts of the environment tell different stories - usually as a result of intellectual masturbation or psychosis.", "likes_count": 0, "replies_count": 1, "retweets_count": 0, "hashtags": []}
{"id": 1287170904343052288, "date": "2020-07-25", "time": "19:40:32", "tweet": "@Uzii92 I didn’t ask for your input", "likes_count": 0, "replies_count": 0, "retweets_count": 0, "hashtags": []}
{"id": 1287170759140552709, "date": "2020-07-25", "time": "19:39:58", "tweet": "@t_jeffords @vignemale2 @DaleenLeitner That is very true Terri, they are only as good as what people input to it but AI are evolving to think independently now but that's interesting you brought in the word compassion. Will AI evolve to feel empathy/compassion or does it rely on logic mm 🤔", "likes_count": 2, "replies_count": 1, "retweets_count": 0, "hashtags": []}
{"id": 1287170709781913602, "date": "2020-07-25", "time": "19:39:46", "tweet": "@On_Her_Back That's a great question. I'll be curious to see what input you get. I don't do usually do subheadings on my blog reviews, more like a story. I've always wondered what people prefer though. I'm open to reading/writing them either way.", "likes_count": 0, "replies_count": 0, "retweets_count": 0, "hashtags": []}
{"id": 1287170705507913729, "date": "2020-07-25", "time": "19:39:45", "tweet": "@emcat29 i agree thanks for your input shem shem", "likes_count": 2, "replies_count": 0, "retweets_count": 0, "hashtags": []}
{"id": 1287170700516745223, "date": "2020-07-25", "time": "19:39:44", "tweet": "#Linux #Kernel : Mount Notification. Input Output Manager  https://t.co/jtfLg1gdD1", "likes_count": 0, "replies_count": 0, "retweets_count": 2, "hashtags": ["linux", "kernel"]}
{"id": 1287170658078789632, "date": "2020-07-25", "time": "19:39:34", "tweet": "Linux Kernel: Mount Notification. Input Output Manager  https://t.co/6SI4JPexTC", "likes_count": 0, "replies_count": 0, "retweets_count": 2, "hashtags": []}
{"id": 1287170490218553346, "date": "2020-07-25", "time": "19:38:53", "tweet": "@BBCNews @hendopolis No input from the people involved so I think we can assume most of it is made up or at least sensationalised to sell a book.", "likes_count": 1, "replies_count": 0, "retweets_count": 0, "hashtags": []}
{"id": 1287170490063183872, "date": "2020-07-25", "time": "19:38:53", "tweet": "@Torok762 @asherspira Prices in general across all goods and services are higher here thanks to high housing costs. Everyone’s mortgage or rent are an input cost to their business or performing their job. The only way to recoup input costs are for prices on the shelves to rise.", "likes_count": 2, "replies_count": 0, "retweets_count": 0, "hashtags": []}
{"id": 1287170381590269952, "date": "2020-07-25", "time": "19:38:28", "tweet": "@kendallbeaches @jooniesmix @blackisthepink @kissmyass_gdbye @belcafenty @PopBase They don’t go to jail ! The company was taken to court so it monitors its webpage better! We literally did an entire assignment at college on it and other internet and media sources which can be manipulated by GP input and the affects it has on scientific information", "likes_count": 0, "replies_count": 1, "retweets_count": 0, "hashtags": []}
