{"id": 1242602083804733440, "date": "2020-03-24", "time": "19:59:57", "tweet": "@awimm8 And that may be a reason we are seeing Social Contamination.  Nurses ????  Any input ??", "likes_count": 1, "replies_count": 1, "retweets_count": 0, "hashtags": []}
{"id": 1242602031375843334, "date": "2020-03-24", "time": "19:59:45", "tweet": "@JasonSCampbell Once again I ask, where do I sign up to volunteer for the death panels? I'd love to give my input on this!", "likes_count": 2, "replies_count": 0, "retweets_count": 0, "hashtags": []}
{"id": 1242601929760362496, "date": "2020-03-24", "time": "19:59:21", "tweet": "feeling maniac - need some input", "likes_count": 0, "replies_count": 0, "retweets_count": 0, "hashtags": []}
{"id": 1242601917244674053, "date": "2020-03-24", "time": "19:59:18", "tweet": "@joemd @Feisty_FL @JonesysHeart No model is any better than the assumptions used to build the model and the data you have at hand. To calibrate a model, common practice in environmental modeling, run the model with the known data input and tweak until you see the actual results you have.", "likes_count": 1, "replies_count": 2, "retweets_count": 0, "hashtags": []}
{"id": 1242601884621258763, "date": "2020-03-24", "time": "19:59:10", "tweet": "@mehdirhasan What do you get out of this? Trump can’t read or pronounce anything and Bernie has lost delegates. What’s the endgame, blow it all up so the Dems look like they can’t get it together at all? Just visualize what your input will do.", "likes_count": 0, "replies_count": 0, "retweets_count": 0, "hashtags": []}
{"id": 1242601767008944130, "date": "2020-03-24", "time": "19:58:42", "tweet": "@daniela_virone Aw, thanks for your lovely input!", "likes_count": 0, "replies_count": 0, "retweets_count": 0, "hashtags": []}
{"id": 1242601692610408448, "date": "2020-03-24", "time": "19:58:24", "tweet": "Ok It wasn’t that serious I just wanted input it wasn’t for the final decision😭😭😭", "likes_count": 23, "replies_count": 1, "retweets_count": 0, "hashtags": []}
{"id": 1242601655708893184, "date": "2020-03-24", "time": "19:58:15", "tweet": "Because I told my Spanish coteacher to change an assignment cuz some children are poor or stressed and we don't know what's going on at home right now. \"I think it's good to get other input.\" Ok? Ask someone else. I'm not an assistant to be lent out. I have other classes.", "likes_count": 0, "replies_count": 1, "retweets_count": 0, "hashtags": []}
{"id": 1242601644799528961, "date": "2020-03-24", "time": "19:58:13", "tweet": "In Animal Crossing you get to work in aquasitions and your colleague Blathers steals all the credit and opens the museum without your input. What. A. Hoot.", "likes_count": 2, "replies_count": 0, "retweets_count": 0, "hashtags": []}
{"id": 1242601611878371335, "date": "2020-03-24", "time": "19:58:05", "tweet": "Multi Image text input Twitter.  https://t.co/uV3IeW2W23", "likes_count": 0, "replies_count": 0, "retweets_count": 0, "hashtags": []}
{"id": 1242601563668930560, "date": "2020-03-24", "time": "19:57:53", "tweet": "hei, help me out with tokyo seventh sisters! input NjeQlQY in the referral campaign section!!! thanks a lot ♡ #t7s", "likes_count": 0, "replies_count": 0, "retweets_count": 0, "hashtags": ["t7s"]}
{"id": 1242601552025513985, "date": "2020-03-24", "time": "19:57:51", "tweet": "@carlycdebaca Sadly, we share an app so anyone can send messages. Parents are going back and forth on various topics without teacher input 😩", "likes_count": 0, "replies_count": 1, "retweets_count": 0, "hashtags": []}
{"id": 1242601488184233985, "date": "2020-03-24", "time": "19:57:35", "tweet": "@GR4H4T1A thank you for your input, this information will be used to make your experience more enjoyable for the foreseeable future", "likes_count": 3, "replies_count": 1, "retweets_count": 0, "hashtags": []}
{"id": 1242601485805826049, "date": "2020-03-24", "time": "19:57:35", "tweet": "@CrgroveGrove Thank you for this input!", "likes_count": 1, "replies_count": 0, "retweets_count": 0, "hashtags": []}
{"id": 1242601423021342720, "date": "2020-03-24", "time": "19:57:20", "tweet": "onとoff inputとoutput バランスがとれてない  ふかーく息をすってーはいてー さ。", "likes_count": 1, "replies_count": 0, "retweets_count": 0, "hashtags": []}
{"id": 1242601386040160256, "date": "2020-03-24", "time": "19:57:11", "tweet": "Plenty of @NFL news on the latest BUNKERCAST.   Item: We'd be adrift without @EricaTamposi's tech-savvy input on how to make these shows happen.", "likes_count": 56, "replies_count": 4, "retweets_count": 8, "hashtags": []}
{"id": 1242601380197646336, "date": "2020-03-24", "time": "19:57:10", "tweet": "@SamsungUK hi is this a known issue with 4k Samsung monitors? Is there an easy fix? I don't want the hassle of returning if possible, but this is happening when going to standby and I have to rescan input to fix it.  https://t.co/teNQLay6t2", "likes_count": 0, "replies_count": 1, "retweets_count": 0, "hashtags": []}
{"id": 1242601376951218178, "date": "2020-03-24", "time": "19:57:09", "tweet": "@deisegirlok @DonnellyStephen Hope it will reflect input.", "likes_count": 0, "replies_count": 0, "retweets_count": 0, "hashtags": []}
{"id": 1242601284575866880, "date": "2020-03-24", "time": "19:56:47", "tweet": "@JoshuaCorvinus I'd believe it honestly. A good few years back, I saw a device that fed input from brainwaves or something, no implants, to a visual program at a psychology clinic my sister went to. You could control it by willing activity in certain areas of the brain. Pretty sweet tech.", "likes_count": 0, "replies_count": 0, "retweets_count": 0, "hashtags": []}
{"id": 1242601231819792385, "date": "2020-03-24", "time": "19:56:34", "tweet": "@erniehardeman @OntarioSheep Thank you @erniehardeman .  @OntarioSheep greatly appreciates  the opportunity for input and the leadership and commitment of you, your ministry, and @fordnation. We are here to help", "likes_count": 10, "replies_count": 0, "retweets_count": 1, "hashtags": []}
