{"id": 1274854505113440256, "date": "2020-06-21", "time": "19:59:34", "tweet": "@Team17Ltd @HelioCStudios @Steam The demo is fun, looking forward to the full game! Minor comment, the red flashing when you get hit is a bit much. Also the advance behavior for cutscene text is weird - you hit advance and the text fills in but immediately fades rather than waiting for input. In-game is fine. :)", "likes_count": 0, "replies_count": 0, "retweets_count": 0, "hashtags": []}
{"id": 1274854376465526784, "date": "2020-06-21", "time": "19:59:03", "tweet": "@LUCABALSACK thank you for your input &lt;3", "likes_count": 0, "replies_count": 0, "retweets_count": 0, "hashtags": []}
{"id": 1274854341845884928, "date": "2020-06-21", "time": "19:58:55", "tweet": "@xolisajane @Helen_Whately Student nurses are not and have never been supernumery. Without the input of students, hospitals could not function. Keep your cool Lisa, I'll lose it for you! 🤯", "likes_count": 18, "replies_count": 0, "retweets_count": 3, "hashtags": []}
{"id": 1274854311407869953, "date": "2020-06-21", "time": "19:58:48", "tweet": "@TexarkanaCC I had the pleasure this past two days of sharing our course and history with architect @jayblasi who loved the course and had some tremendous input... But most of all selfishly continued my education and passion for golf course architecture Thanks Jay", "likes_count": 11, "replies_count": 1, "retweets_count": 0, "hashtags": []}
{"id": 1274854217623232512, "date": "2020-06-21", "time": "19:58:25", "tweet": "IW needs to not be allowed to make COD anymore or have any input competitively this year isn’t their fault as far as the pandemic goes but the way each online event has been run is laughable for a $300M league", "likes_count": 3, "replies_count": 0, "retweets_count": 0, "hashtags": []}
{"id": 1274854168860200961, "date": "2020-06-21", "time": "19:58:14", "tweet": "I just created a new profile picture. It's pretty rough, but I still think its cool! Input appreciated!  https://t.co/z1OfuBEHZ2", "likes_count": 2, "replies_count": 0, "retweets_count": 0, "hashtags": []}
{"id": 1274854059397115904, "date": "2020-06-21", "time": "19:57:48", "tweet": "Our effortless input with adjustable timer relay will certainly bring superior results.  https://t.co/AR70bGZvqf #adjustabletimerrelay #ondelaytimerrelay #timerbreaker  https://t.co/l267uqwCh7", "likes_count": 0, "replies_count": 0, "retweets_count": 0, "hashtags": ["adjustabletimerrelay", "ondelaytimerrelay", "timerbreaker"]}
{"id": 1274853929055109120, "date": "2020-06-21", "time": "19:57:16", "tweet": "@MezioVillager Heard it’s only practical at top level  only top Villys like you can since a frame perfect input", "likes_count": 1, "replies_count": 1, "retweets_count": 0, "hashtags": []}
{"id": 1274853904082014208, "date": "2020-06-21", "time": "19:57:11", "tweet": "@Errol1001 Yeah taking that understanding and outputting it in a way that is easy for other people to input. That's where the skill comes in that I just straight up don't have yet haha.", "likes_count": 0, "replies_count": 1, "retweets_count": 0, "hashtags": []}
{"id": 1274853880447156224, "date": "2020-06-21", "time": "19:57:05", "tweet": "@Aarondamacc @BlueAuroraHippo Along with this you can also input up and 2 at the same time to get short hop 2 as an OS tho usually s2 is better", "likes_count": 2, "replies_count": 0, "retweets_count": 0, "hashtags": []}
{"id": 1274853858674606080, "date": "2020-06-21", "time": "19:57:00", "tweet": "Those in our #BookCampPD #EvolvingLearner tribe, thank u for voting in the recent 1 question survey! From your input we have decided to spend next wk focused on empowering instructional practices &amp; sharing distance learning “wins”  Please join the learning each day at the hashtag  https://t.co/GrC38oej19", "likes_count": 8, "replies_count": 0, "retweets_count": 2, "hashtags": ["bookcamppd", "evolvinglearner"]}
{"id": 1274853818291765248, "date": "2020-06-21", "time": "19:56:50", "tweet": "Omg it feels so good to have partners in a group project that actually want to do their work, and frequently update the shared documents with their input!  https://t.co/EppRgeCy6S", "likes_count": 0, "replies_count": 0, "retweets_count": 0, "hashtags": []}
{"id": 1274853773203120134, "date": "2020-06-21", "time": "19:56:39", "tweet": "This is how I’m spending my Sunday evening - this is all the input I can deal with at this point #lowkey #overstimulated #sunday #tryingtorelax #notworking #dogkisserinternationalheadquarters @ Dogkisser…  https://t.co/1v7BkDxcLV", "likes_count": 0, "replies_count": 0, "retweets_count": 0, "hashtags": ["lowkey", "overstimulated", "sunday", "tryingtorelax", "notworking", "dogkisserinternationalheadquarters"]}
{"id": 1274853665073963008, "date": "2020-06-21", "time": "19:56:14", "tweet": "@Morltha @nedeafuneename @LisaMarieBoothe Thanks for your input, Mr. Obama, but shouldn't you be lawyering up?  The lies you told about not weaponizing our federal law enforcement agencies to spy on and sabotage Trump are coming apart faster than Bill Clinton's trousers drop at sorority keggers.", "likes_count": 0, "replies_count": 1, "retweets_count": 0, "hashtags": []}
{"id": 1274853586019614720, "date": "2020-06-21", "time": "19:55:55", "tweet": "anyway i think i'm gonna choose ellinia after some thought krkfjekdjf but thank u all for ur input", "likes_count": 1, "replies_count": 0, "retweets_count": 0, "hashtags": []}
{"id": 1274853527807045632, "date": "2020-06-21", "time": "19:55:41", "tweet": "started using @NotionHQ yesterday. I loved it how they had Ada Lovelace's name as an example to fill out the input fields 😍", "likes_count": 3, "replies_count": 0, "retweets_count": 0, "hashtags": []}
{"id": 1274853250391392256, "date": "2020-06-21", "time": "19:54:35", "tweet": "ah yes i love my beta reader soph she gives the best input  https://t.co/C51xHzv8dE", "likes_count": 8, "replies_count": 1, "retweets_count": 1, "hashtags": []}
{"id": 1274853220553277446, "date": "2020-06-21", "time": "19:54:28", "tweet": "@mphRogge Hey I have a question for you or anyone you might know or anyone else for that matter if you have any input on this situation. Why do some plants have more hollow stems and some more woodier I just can't find anything concrete anywhere online about this. It's all hypothesis imo", "likes_count": 0, "replies_count": 0, "retweets_count": 0, "hashtags": []}
{"id": 1274853192740691968, "date": "2020-06-21", "time": "19:54:21", "tweet": "@kerrizor What? You don’t like having to have SCSI for disks and ADB for input devices?", "likes_count": 0, "replies_count": 1, "retweets_count": 0, "hashtags": []}
{"id": 1274853084523565061, "date": "2020-06-21", "time": "19:53:55", "tweet": "Input request: what color do you associate me with based on these traits?  https://t.co/RIQ9xmFGyR", "likes_count": 2, "replies_count": 2, "retweets_count": 0, "hashtags": []}
{"id": 1274852839899226117, "date": "2020-06-21", "time": "19:52:57", "tweet": "@Bsand57 @SemperFiComic @ellensweeps @tramL116 @loris @Ady201820 Woman, I don't recall anyone on this thread asking for your input. How dare you send tweets with this content. I have reported you for harrassement. Unless you want to be suspended, I suggest you leave this thread and go elsewhere NOW!", "likes_count": 1, "replies_count": 1, "retweets_count": 0, "hashtags": []}
{"id": 1274852696684716036, "date": "2020-06-21", "time": "19:52:23", "tweet": "@Bea_Trice55 I'm concerned reading that Kentucky polling places has dropped by almost 90%  How is that even possible?  Can that be accurate?  Surely Governor Beshears has some input.", "likes_count": 0, "replies_count": 0, "retweets_count": 0, "hashtags": []}
{"id": 1274852664904282112, "date": "2020-06-21", "time": "19:52:15", "tweet": "@GenePark To be honest, even though I hated the story, I agree with what you're saying here. I never got the sense that ND was blaming *me* for the character's actions. I'm watching someone else's story, kinda like how I had no input into Joel's big decision at the end of TLOU1.", "likes_count": 5, "replies_count": 0, "retweets_count": 0, "hashtags": []}
{"id": 1274852558172033025, "date": "2020-06-21", "time": "19:51:50", "tweet": "@camryniles that’s not input i’m just asking a question question", "likes_count": 0, "replies_count": 1, "retweets_count": 0, "hashtags": []}
{"id": 1274852503402827782, "date": "2020-06-21", "time": "19:51:37", "tweet": "Now that things have loosened up a bit, we are DJing a disco night at a local tavern.  Weve got a good selection of vinyl disco favorites, but would love some input on great songs from the disco era.  https://t.co/HoSWwheOgF", "likes_count": 2, "replies_count": 0, "retweets_count": 0, "hashtags": []}
{"id": 1274852428979019781, "date": "2020-06-21", "time": "19:51:19", "tweet": "i have ordered the pink slackers thank you all for your input", "likes_count": 1, "replies_count": 1, "retweets_count": 0, "hashtags": []}
{"id": 1274852351820484608, "date": "2020-06-21", "time": "19:51:00", "tweet": "Sudoku Puzzle Game for iPhone is the world's first Sudoku application equipped with \"flick input mode\".    https://t.co/fwivhr7IcX", "likes_count": 0, "replies_count": 0, "retweets_count": 0, "hashtags": []}
{"id": 1274852314940084225, "date": "2020-06-21", "time": "19:50:52", "tweet": "All those sites where you plug in all the ingredients you have and it gives you meals are a great idea until you input   - Paprika - Pretzels - Eggs - Chocolate syrup   and it just suggests “u good?”", "likes_count": 6, "replies_count": 0, "retweets_count": 0, "hashtags": []}
{"id": 1274852264386220033, "date": "2020-06-21", "time": "19:50:40", "tweet": "@23Xmello Well, if you can get the app, it’ll ask you for your friend code. Just put my friend code in and go to the smash one not splatoon. Go to shared content, input the code 8G7C2H14.", "likes_count": 0, "replies_count": 2, "retweets_count": 0, "hashtags": []}
{"id": 1274852068348461056, "date": "2020-06-21", "time": "19:49:53", "tweet": "@Michael28776097 @RachelNotley @canadian_cousin Right😂😂like Trudeau is such a angel.  Zip it we don’t need you liberals input on Alberta I’m pretty sure you were ousted there in the last election 🤷‍♀️", "likes_count": 0, "replies_count": 0, "retweets_count": 0, "hashtags": []}
{"id": 1274852025797357568, "date": "2020-06-21", "time": "19:49:43", "tweet": "@fire_toolz @SonofBaldwin Thanks for the input. I have been looking into CBD medication for him but I still have to talk to his vet about it before I try anything", "likes_count": 1, "replies_count": 1, "retweets_count": 0, "hashtags": []}
{"id": 1274851840861986816, "date": "2020-06-21", "time": "19:48:59", "tweet": "@IngrahamAngle I am not in agreement with the decisions to remove history being made without public input.", "likes_count": 0, "replies_count": 0, "retweets_count": 0, "hashtags": []}
{"id": 1274851722184155136, "date": "2020-06-21", "time": "19:48:30", "tweet": "@scottlegrand @hardmaru Thinking more, I think you have a very valid point. With more redundancy, you can always do a better job of recovering your signal from the input itself. But if you are getting assistance from a distribution that you have fitted to some biased dataset, your results will be biased", "likes_count": 0, "replies_count": 0, "retweets_count": 0, "hashtags": []}
{"id": 1274851717394432000, "date": "2020-06-21", "time": "19:48:29", "tweet": "hey guys nobody wanted my input but here it is!!!!!", "likes_count": 7, "replies_count": 0, "retweets_count": 0, "hashtags": []}
{"id": 1274851716647620608, "date": "2020-06-21", "time": "19:48:29", "tweet": "HI I FIGURED OUT PRO CONTROLLER INPUT AND IVE BEEN PLAYING HL2 FOR 2+ HOURS BUT NOW I CANT FEEL MY LEGS. I SHOULD TAKE A DINNER BREAK", "likes_count": 0, "replies_count": 0, "retweets_count": 0, "hashtags": []}
{"id": 1274851612293390337, "date": "2020-06-21", "time": "19:48:04", "tweet": "Have been out &amp; about a couple of times over the last week, catching up with growers to get their input into the new VegNET strategy. Such a relief to be on farms again and talking to people irl! Today I’m back in Lindenow - the 1st time since EGVID! A very different scene!  https://t.co/UNXvAz7pM8", "likes_count": 6, "replies_count": 0, "retweets_count": 0, "hashtags": []}
{"id": 1274851497151471616, "date": "2020-06-21", "time": "19:47:37", "tweet": "@Ravplays Okay, that makes sense. Thanks for the input man.", "likes_count": 1, "replies_count": 0, "retweets_count": 0, "hashtags": []}
{"id": 1274851464633090051, "date": "2020-06-21", "time": "19:47:29", "tweet": "Was wondering why my PowerA gamecube pro controller never worked on BetterJoyForCemu despite them adding support for third party ones. Turns out this thing returns smaller input reports that are missing this weird redundant data the official ones have (gyro 3 times in a row??)", "likes_count": 5, "replies_count": 1, "retweets_count": 0, "hashtags": []}
{"id": 1274851452528271361, "date": "2020-06-21", "time": "19:47:26", "tweet": "Seeking input.  I checked in on a few of my Black coworkers recently, basically saying \"I know I'm stressed so you must be more so\". All of them told me I was the first to check in with them personally. Any advice on how to approach their (white) leadership abt this?", "likes_count": 2, "replies_count": 1, "retweets_count": 0, "hashtags": []}
{"id": 1274851436807913477, "date": "2020-06-21", "time": "19:47:22", "tweet": "しかも何故その3択「分からない」はないのか？", "likes_count": 0, "replies_count": 1, "retweets_count": 0, "hashtags": []}
