{"id": 1250574623969808384, "date": "2020-04-15", "time": "19:59:59", "tweet": "@MeansRacing52 while talking earlier.. got me thinking. Some of the best means schemes? heres a few. If you have input please tell me! Or any cool notes.  Was there any sponsors you almost had?  I love that turtle wax scheme!  https://t.co/3kokswnvIM", "likes_count": 10, "replies_count": 1, "retweets_count": 1, "hashtags": []}
{"id": 1250574592025952258, "date": "2020-04-15", "time": "19:59:51", "tweet": "I hate when you comment on a famous person post and here come someone from ten buck two with their raggedy ass input when nobody asked for it 😂", "likes_count": 7, "replies_count": 1, "retweets_count": 0, "hashtags": []}
{"id": 1250574483078995968, "date": "2020-04-15", "time": "19:59:25", "tweet": "@max843 Yup I got my SS DD today but no stimulus. Went to site had to put in my 2019 tax info Adjusted Gross if I got refund or paid (I paid, actually repaid small Obamacare subsidy overpayment) which I paid by bank acct. then had to input bk info to get this  https://t.co/6Fmtlvh4G9", "likes_count": 1, "replies_count": 0, "retweets_count": 0, "hashtags": []}
{"id": 1250574465798373383, "date": "2020-04-15", "time": "19:59:21", "tweet": "@BastGribble @Vladimirs_inPut @JoshLeCash Or when you even dare question the idea that democracy is good for America you get labeled anti-American", "likes_count": 0, "replies_count": 0, "retweets_count": 0, "hashtags": []}
{"id": 1250574433284218890, "date": "2020-04-15", "time": "19:59:14", "tweet": "Allow children to choose their own extracurricular activities! The more control and input you're able to provide a child, the more engaged and motivated they will be to learn.  https://t.co/zQNGmLRHOK  https://t.co/zpaSu3Ts0L … … …  https://t.co/C3KwD6mPUs …  https://t.co/EZBdSS8FJ4", "likes_count": 0, "replies_count": 0, "retweets_count": 0, "hashtags": []}
{"id": 1250574345610555392, "date": "2020-04-15", "time": "19:58:53", "tweet": "参加者全員って男も女もってことやし、絶倫やなドルフィン", "likes_count": 0, "replies_count": 0, "retweets_count": 0, "hashtags": []}
{"id": 1250574326098731016, "date": "2020-04-15", "time": "19:58:48", "tweet": "@M7mdReviews في مود يخلي نظام الستايلات نفس 4؟؟  و هل ال input lag يأثر مره ولا لاق خفيف يسمحلك بأنك تسوي كومبوات؟  سبب اني ما لعبت دمس 3 بسبب الستايل المحدود", "likes_count": 4, "replies_count": 1, "retweets_count": 0, "hashtags": []}
{"id": 1250574235505840130, "date": "2020-04-15", "time": "19:58:26", "tweet": "@DGilATLien @EDMManiac It’s literally just how I’m feeling calm down. I’m high risk myself, I’m not stupid, but thanks for your unwanted input !", "likes_count": 0, "replies_count": 1, "retweets_count": 0, "hashtags": []}
{"id": 1250574210109304833, "date": "2020-04-15", "time": "19:58:20", "tweet": "Read news, do tasks, make money free, Cash-Out every day. No traffic jam on the way, you can use smart phone, also can earn free cash. It called Cashzine App. Hey! input my invitation code: 7141881, you get 8000 coins instantly! Click link below.   https://t.co/TPFN2voQss", "likes_count": 0, "replies_count": 0, "retweets_count": 0, "hashtags": []}
{"id": 1250574186025713666, "date": "2020-04-15", "time": "19:58:15", "tweet": "I’ve gotten one person’s input. But serious question: what is behind the stigma with low/mid retro 1s?", "likes_count": 0, "replies_count": 0, "retweets_count": 0, "hashtags": []}
{"id": 1250574084154540041, "date": "2020-04-15", "time": "19:57:50", "tweet": "@ashupasu @k_abides @CenlarFSB @DorisMatsui @RepMaxineWaters @RepKatiePorter @SenWarren I appreciate the input.", "likes_count": 0, "replies_count": 0, "retweets_count": 0, "hashtags": []}
{"id": 1250574038608429056, "date": "2020-04-15", "time": "19:57:40", "tweet": "Read news, do tasks, make money free, Cash-Out every day. No traffic jam on the way, you can use smart phone, also can earn free cash. It called Cashzine App. Hey! input my invitation code: 7141881, you get 8000 coins instantly! Click below link.   https://t.co/TPFN2voQss", "likes_count": 0, "replies_count": 0, "retweets_count": 0, "hashtags": []}
{"id": 1250574018610032640, "date": "2020-04-15", "time": "19:57:35", "tweet": "コードインプレゼントっていうのがマジで中出しってことでしょこれ", "likes_count": 0, "replies_count": 1, "retweets_count": 0, "hashtags": []}
{"id": 1250573765534244868, "date": "2020-04-15", "time": "19:56:34", "tweet": "@Keir_Starmer @DominicRaab Urge away, nobody want’s any input from corrupt useless nasty Labour Marxist activists #NeverLabour", "likes_count": 0, "replies_count": 0, "retweets_count": 0, "hashtags": ["neverlabour"]}
{"id": 1250573711515611137, "date": "2020-04-15", "time": "19:56:22", "tweet": "@MikePlasmaa The part that disgusts me the most is how that sinker ended up down the middle. You barely missed the analog with a guy with exceptional control. If perfect input doesn’t matter w/ low control guys, it should at least be lenient with high control guys", "likes_count": 10, "replies_count": 0, "retweets_count": 0, "hashtags": []}
{"id": 1250573471467388934, "date": "2020-04-15", "time": "19:55:24", "tweet": "@PaulCharchian I didn’t see this to vote, but we have PS4 and Switch in our household and value your Switch input. My soon to be 12 year old daughter just got Animal Crossing and is loving it!", "likes_count": 2, "replies_count": 0, "retweets_count": 0, "hashtags": []}
{"id": 1250573412298301446, "date": "2020-04-15", "time": "19:55:10", "tweet": "@WhiteHouse @realDonaldTrump Bluto, amazing how you can get input and advice from over 200 industry leaders one day, go home and make a plan, and release it the next day! You are truly a stable genius well,", "likes_count": 0, "replies_count": 0, "retweets_count": 0, "hashtags": []}
{"id": 1250573372422893568, "date": "2020-04-15", "time": "19:55:01", "tweet": "@mibarra @MAGS_SP Donde puedo accesar a ese dashboaard? Y de donde sacas tu input? Se ve bueno. Gracias!", "likes_count": 0, "replies_count": 1, "retweets_count": 0, "hashtags": []}
{"id": 1250573170962247683, "date": "2020-04-15", "time": "19:54:13", "tweet": "@yjoaoc Tem pc que fica sem input imbecil", "likes_count": 2, "replies_count": 1, "retweets_count": 0, "hashtags": []}
{"id": 1250573153920786432, "date": "2020-04-15", "time": "19:54:09", "tweet": "@MrSir____ A poem, comments from people who didn’t take time to read or offer actual input, a watermelon and only support or offer actual helpful feedback if it’s for your friends. It was therefore a regular day bro.", "likes_count": 7, "replies_count": 0, "retweets_count": 0, "hashtags": []}
