{"id": 1222308308117225473, "date": "2020-01-28", "time": "18:59:44", "tweet": "@nycsouthpaw @Delavegalaw Especially people who have had ZERO INPUT into the “peace agreement” ... Er ummm I mean whatever “demand” is being shoved down their throats. Disgusting all around and in the interview, he looks like you could rip off his veneer to discover an alien or a zombie or other monster.", "likes_count": 0, "replies_count": 0, "retweets_count": 0, "hashtags": []}
{"id": 1222308252773507072, "date": "2020-01-28", "time": "18:59:31", "tweet": "@EliseIsWritinYA Of course. It's just that it's midnight here at the end of a long day. I'll be so grateful for anyone's input tomorrow", "likes_count": 2, "replies_count": 1, "retweets_count": 0, "hashtags": []}
{"id": 1222308248339939328, "date": "2020-01-28", "time": "18:59:30", "tweet": "#SobraSaKulangSa Sobra sa \"input\". Kulang sa \"output\". We need results guys. #TheMorningRush @RX931", "likes_count": 0, "replies_count": 0, "retweets_count": 0, "hashtags": ["sobrasakulangsa", "themorningrush"]}
{"id": 1222308063522312193, "date": "2020-01-28", "time": "18:58:46", "tweet": "@WhiteHouse @realDonaldTrump What a joke! Agreements between antagonists require input from both side Trump and his in-over-his-head son-in-law are idiots.", "likes_count": 0, "replies_count": 0, "retweets_count": 0, "hashtags": []}
{"id": 1222308057109020672, "date": "2020-01-28", "time": "18:58:44", "tweet": "@alcuadrado Iterators are not guaranteed to end, no.  For loops take an iterator as the input expression, and each iteration calls `.next()` until `None` is returned.  for value in iterator {}  is identical to  while let Some(value) =  https://t.co/e27J3rra5c() {}", "likes_count": 0, "replies_count": 1, "retweets_count": 0, "hashtags": []}
{"id": 1222308000888762373, "date": "2020-01-28", "time": "18:58:31", "tweet": "Walahi nothing boils my blood more than Americans who raped and murdered to get their land giving “opportunities” to Palestinians who are getting raped and murdered in their land. No one asked for their effin input or khara “opportunities”", "likes_count": 0, "replies_count": 0, "retweets_count": 0, "hashtags": []}
{"id": 1222307987768971264, "date": "2020-01-28", "time": "18:58:28", "tweet": "@im_toons How do you have such low input delay mine is like 4", "likes_count": 0, "replies_count": 0, "retweets_count": 0, "hashtags": []}
{"id": 1222307938162880512, "date": "2020-01-28", "time": "18:58:16", "tweet": "Our City of Manchester team attended a #CPD input this evening on mental health, related police powers, &amp; best practice supporting those in need.  The session was put together &amp; delivered by one of our officers who works as an EMT in his \"day job\" with @NWAmbulance  🚑🚓👍  https://t.co/Rfb6KZjjDA", "likes_count": 20, "replies_count": 3, "retweets_count": 4, "hashtags": ["cpd"]}
{"id": 1222307895523434497, "date": "2020-01-28", "time": "18:58:06", "tweet": "@BrianKarem @realDonaldTrump Sounds like the Palestinians were not involved in developing the plan. It's just being handed to them without any input from them. Not the way to get cooperation.", "likes_count": 0, "replies_count": 0, "retweets_count": 0, "hashtags": []}
{"id": 1222307876133273601, "date": "2020-01-28", "time": "18:58:01", "tweet": "We're excited to announce the launch of our new line of Esteem™+ and Natura™+ pouches. Both were designed with the input of over 1,000 nurses and 400 patients to deliver the best in comfort, discretion and security.   Request free samples »  https://t.co/E3zOYZi6TD  https://t.co/kXYr9ZA15o", "likes_count": 3, "replies_count": 0, "retweets_count": 1, "hashtags": []}
{"id": 1222307835742212097, "date": "2020-01-28", "time": "18:57:52", "tweet": "@realDonaldTrump What it could look like must include input from the Palestinians, which has not occurred thus far. Please include them.", "likes_count": 0, "replies_count": 0, "retweets_count": 0, "hashtags": []}
{"id": 1222307795745165312, "date": "2020-01-28", "time": "18:57:42", "tweet": "@camanpour Under terms and conditions set by Israel and the US. No input by the Palestinians. This is ridiculous, but on par for Trump/Netanyahu administrations.", "likes_count": 2, "replies_count": 1, "retweets_count": 1, "hashtags": []}
{"id": 1222307738027544577, "date": "2020-01-28", "time": "18:57:28", "tweet": "Great deal, #Palestinians only have to give up their right to a nation and defense, accept land stealing and go to negotiate on a deal baseline that they had zero input in. Or, a president on impeachment trial and a PM on corruption charges walk into a bar #FreePalestine", "likes_count": 1, "replies_count": 0, "retweets_count": 0, "hashtags": ["palestinians", "freepalestine"]}
{"id": 1222307710110175232, "date": "2020-01-28", "time": "18:57:22", "tweet": "@LindseyGrahamSC No Palestinian involvement and input -- this plan is DOA. Actually, nothing more than a political stunt by Trump and his silly son-in-law.", "likes_count": 0, "replies_count": 0, "retweets_count": 0, "hashtags": []}
{"id": 1222307427858702336, "date": "2020-01-28", "time": "18:56:14", "tweet": "Golden Garden have fun. What are you waiting for? Download it, input the refer code GK8A4 to get reward.  https://t.co/oN3zG4DhAL", "likes_count": 0, "replies_count": 0, "retweets_count": 0, "hashtags": []}
{"id": 1222307307658399744, "date": "2020-01-28", "time": "18:55:46", "tweet": "the lack of morals and decency in that tweet is beyond me. how has stan twitter affected your brain that much into blindly tweeting your offensive input on a situation you dont have a right to talk about. that person is truly sick in the head and +", "likes_count": 5, "replies_count": 1, "retweets_count": 0, "hashtags": []}
{"id": 1222307277165617152, "date": "2020-01-28", "time": "18:55:38", "tweet": "@Akanksh11647359 @imParagTyagi @sidharth_shukla @MahiraSharma19 @BiggBoss Kisine notice kiya Mahira ka bhai kya khichdi paka Raha tha washroom area mein Mahira Paras ke saath.. Camera mein nahi cover kiya  He might definitely be giving input", "likes_count": 1, "replies_count": 0, "retweets_count": 0, "hashtags": []}
{"id": 1222307227710738433, "date": "2020-01-28", "time": "18:55:27", "tweet": "Public input time. Jane Davis is up. Says it’s been three years since she first asked to have meetings live streamed, and two years since council has done so. Said she disagrees with audio only as it’s important to see how councillors interact, how they conduct themselves, etc.", "likes_count": 2, "replies_count": 0, "retweets_count": 0, "hashtags": []}
{"id": 1222307164791939074, "date": "2020-01-28", "time": "18:55:12", "tweet": "I find it sad a lot of ya can’t make life changing decisions without your friends input and consent.", "likes_count": 34, "replies_count": 2, "retweets_count": 4, "hashtags": []}
{"id": 1222307098702290944, "date": "2020-01-28", "time": "18:54:56", "tweet": "@watchmaker_gt @AncientED5 @kabir_taj @JoeMerrick Thank you for your intelligent input that relates to the conversation. Your amazing points have convinced me. From now on when I'm charged $5 for gum I will instantly purchase it because it's cheap and only stupid broke people wouldn't pay $5 for a piece of gum.", "likes_count": 2, "replies_count": 0, "retweets_count": 0, "hashtags": []}
{"id": 1222307091081199616, "date": "2020-01-28", "time": "18:54:54", "tweet": "@SenatorLankford Yo, why do you believe that if there hasn't been Palestinian input. Seems kind of silly. Are you just retweeting the White House", "likes_count": 2, "replies_count": 0, "retweets_count": 0, "hashtags": []}
{"id": 1222306925586583553, "date": "2020-01-28", "time": "18:54:15", "tweet": "@estaeger There was others one I remember specifically was a thread where I was talking to goddess and you jump in with your input, I appreciate your concern for me but your comments are un needed, instead of sending negative vibes my way turn it into positive vibes for people u like 🤙", "likes_count": 0, "replies_count": 1, "retweets_count": 0, "hashtags": []}
{"id": 1222306922419884032, "date": "2020-01-28", "time": "18:54:14", "tweet": "@NewbTubeSSB @RomanSSB64 @LowwwPower That's the only problem I see with switching to retrobit. The stick has shitty top right input detection. Does hori have this same problem or is it just the retrobit?", "likes_count": 0, "replies_count": 0, "retweets_count": 0, "hashtags": []}
{"id": 1222306653418082304, "date": "2020-01-28", "time": "18:53:10", "tweet": "User Input - Problem Solving with Python  https://t.co/4UOADHlgB7", "likes_count": 0, "replies_count": 0, "retweets_count": 0, "hashtags": []}
{"id": 1222306610858483713, "date": "2020-01-28", "time": "18:53:00", "tweet": "Also thanks to @rob_mathbio @freya_shearer @andblack @j_mccaw and Emma McBryde for input!", "likes_count": 7, "replies_count": 0, "retweets_count": 6, "hashtags": []}
{"id": 1222306592483422208, "date": "2020-01-28", "time": "18:52:55", "tweet": "@Antcon7062 @labour That would be pretty amazing. Would need some serious hosp mgmt input!", "likes_count": 0, "replies_count": 0, "retweets_count": 0, "hashtags": []}
{"id": 1222306541312921600, "date": "2020-01-28", "time": "18:52:43", "tweet": "@CharlesMBlow It is so disturbing that this matter has been entrusted to Kushner, reportedly without Palestinian input. What expertise does he have?? How can anyone imagine that he would be sensitive to, or even know about, the Palestinians’ critical needs and vital concerns?", "likes_count": 66, "replies_count": 4, "retweets_count": 8, "hashtags": []}
{"id": 1222306525596643328, "date": "2020-01-28", "time": "18:52:39", "tweet": "@Hillary16IsBAE @chrislhayes @ewarren thanks for your valuable input HillaryisBAE", "likes_count": 0, "replies_count": 0, "retweets_count": 0, "hashtags": []}
{"id": 1222306426950995968, "date": "2020-01-28", "time": "18:52:16", "tweet": "Why do ppl always feel like their input is needed. Always talking bout “if it was me”. Well mf exactly, it ain’t you so stfu and mind yours!", "likes_count": 4, "replies_count": 0, "retweets_count": 0, "hashtags": []}
{"id": 1222306379882516480, "date": "2020-01-28", "time": "18:52:04", "tweet": "@LindseyGrahamSC Hard work by not involving one of the parties and ignoring their input. Brilliant accord.", "likes_count": 0, "replies_count": 0, "retweets_count": 0, "hashtags": []}
{"id": 1222306348488183812, "date": "2020-01-28", "time": "18:51:57", "tweet": "Hm. Turns out you can (sort of) figure out if you’re offline then skip dictation in favor of direct input.   A nice memory aid. “Hey Siri, drop pin” “come back here, the menu looks great”   https://t.co/RqZrUF0Mcv", "likes_count": 4, "replies_count": 1, "retweets_count": 0, "hashtags": []}
{"id": 1222306340103708679, "date": "2020-01-28", "time": "18:51:55", "tweet": "Also the timing to input Summoned Sword during Helm Breaker to initiate the coming back is NNGNNNNNNNNNNNNNNNNNNN", "likes_count": 2, "replies_count": 0, "retweets_count": 0, "hashtags": []}
{"id": 1222306292112359424, "date": "2020-01-28", "time": "18:51:44", "tweet": "@DailyCaller @mrusche_2go How can it be called a “peace plan” when 1 of the 2 parties involved was handed the “plan” cooked up by only 1 of those parties &amp; never asked for input? Typical asinine &amp; ignorant trump administration foreign policy. Honestly, I can’t believe the chutzpah of kushner", "likes_count": 0, "replies_count": 0, "retweets_count": 0, "hashtags": []}
{"id": 1222306110503145472, "date": "2020-01-28", "time": "18:51:00", "tweet": "Attention Families: Please use the link below to vote on the proposed school calendars for 2020-21 and 2021-22. There are two options.  Vote here:  https://t.co/j8ea36jeV5  The Survey will close on Friday, February 7. Thank you for your input!", "likes_count": 0, "replies_count": 0, "retweets_count": 1, "hashtags": []}
{"id": 1222306103515418624, "date": "2020-01-28", "time": "18:50:59", "tweet": "@nanparity ツッコミクソ笑ったねんけど 普通にスト値高いのいっぱいおってビビる", "likes_count": 0, "replies_count": 1, "retweets_count": 0, "hashtags": []}
{"id": 1222306102370545664, "date": "2020-01-28", "time": "18:50:58", "tweet": "@MrJohnNicolson @SkyNews I wonder just how much of McCluskey's input has contributed to the ruin of the Labour Party...", "likes_count": 0, "replies_count": 0, "retweets_count": 0, "hashtags": []}
{"id": 1222306051770540032, "date": "2020-01-28", "time": "18:50:46", "tweet": "City of Vancouver asks for input on future of co-op housing as leases run out | CBC News  https://t.co/8st5BoPPJQ", "likes_count": 0, "replies_count": 0, "retweets_count": 0, "hashtags": []}
{"id": 1222306014663495680, "date": "2020-01-28", "time": "18:50:37", "tweet": "@MsMegannRoberts @meagansousa @Google Maybe when I'm back in the class. Right now I need to use excel because I'm often receiving raw data from school to input and analyze and I want to be able to play w data in variety fo ways - also, most schools are not yet at the tech for data stage of life yet - Ty 4 offer", "likes_count": 2, "replies_count": 1, "retweets_count": 0, "hashtags": []}
{"id": 1222305985865355265, "date": "2020-01-28", "time": "18:50:31", "tweet": "Some Middle East peace plan! Written by Kushner and the Israelis without Palestinian's input. I'm sure Israel like it, Palestinians not so much.", "likes_count": 0, "replies_count": 0, "retweets_count": 0, "hashtags": []}
{"id": 1222305918785748993, "date": "2020-01-28", "time": "18:50:15", "tweet": "Onprocess Input material  https://t.co/2FUN5RWGHi", "likes_count": 0, "replies_count": 0, "retweets_count": 0, "hashtags": []}
{"id": 1222305911659692032, "date": "2020-01-28", "time": "18:50:13", "tweet": "@Wooden_MariaGO @mobilitycat Another perspective: I try to play nice on Twitter, but I don't follow everyone back because I can't handle all the input.", "likes_count": 1, "replies_count": 1, "retweets_count": 0, "hashtags": []}
{"id": 1222305824497963013, "date": "2020-01-28", "time": "18:49:52", "tweet": "@_dbell2 ...and he has great points at times only reason I tune in to listen but yeah we can do without his input especially on his Kobe conspiracy", "likes_count": 1, "replies_count": 0, "retweets_count": 0, "hashtags": []}
{"id": 1222305772824121344, "date": "2020-01-28", "time": "18:49:40", "tweet": "You ever think about the brands of TV sets that don’t let you change the input name, so it just says like input 2 or hdmi 4, like tv’s are expensive seems like cheap or free code at this point so I can call my roku goku or whatever.", "likes_count": 4, "replies_count": 0, "retweets_count": 0, "hashtags": []}
{"id": 1222305741698224130, "date": "2020-01-28", "time": "18:49:32", "tweet": "@collin_cutler @2LarryJohnson7 thanks for the input, collin", "likes_count": 1, "replies_count": 0, "retweets_count": 0, "hashtags": []}
{"id": 1222305687243501569, "date": "2020-01-28", "time": "18:49:19", "tweet": "@markayAcheson Point is well taken Mary Kay.  I will probably delete, as I do see that my wording can be construed as accusatory, which was not the intent.  I'm in the business, and some of my followers are seeking input on how these tragedies actually occur.  There are lessons to be learned.", "likes_count": 0, "replies_count": 0, "retweets_count": 0, "hashtags": []}
{"id": 1222305659493859329, "date": "2020-01-28", "time": "18:49:13", "tweet": "This only really matters if you’re 1 frame late on the air dodge input. Sorry this thread is so messy and stupid", "likes_count": 14, "replies_count": 1, "retweets_count": 0, "hashtags": []}
{"id": 1222305653516992512, "date": "2020-01-28", "time": "18:49:11", "tweet": "@kevgski The Processing library I’m using (The MIDI Bus) only does live input and output, so I was able to record it by physically routing a MIDI bus back to my interface and record it in Logic. (Fun thing: Don’t route back to the same bus… feedback!)", "likes_count": 1, "replies_count": 0, "retweets_count": 0, "hashtags": []}
{"id": 1222305579344986112, "date": "2020-01-28", "time": "18:48:54", "tweet": "@melnickjeffrey1 @UMassBoston 🙋‍♀️.  Faculty input *after the fact* is not input.", "likes_count": 1, "replies_count": 1, "retweets_count": 0, "hashtags": []}
{"id": 1222305397538742272, "date": "2020-01-28", "time": "18:48:10", "tweet": "@FatcatCreates13 It’s easy but you would have to create a new DM and just input people’s user names individually.", "likes_count": 1, "replies_count": 1, "retweets_count": 0, "hashtags": []}
{"id": 1222305324138401800, "date": "2020-01-28", "time": "18:47:53", "tweet": "With the end of dozens of leases on valuable public land looming, the City of Vancouver is asking for public input on a series of scenarios aimed at settling the future of co-op housing communities.  https://t.co/bOzcQryQFx", "likes_count": 0, "replies_count": 0, "retweets_count": 0, "hashtags": []}
{"id": 1222305317251207173, "date": "2020-01-28", "time": "18:47:51", "tweet": "Citizen input matters. Thank you, Ashley, for all your work and dedication to moving this forward.", "likes_count": 11, "replies_count": 1, "retweets_count": 0, "hashtags": []}
{"id": 1222305191262900224, "date": "2020-01-28", "time": "18:47:21", "tweet": "@AyyPebo oh i justfigured it out on my own, you can prob look up “save for web” tho  but what i do on PS: file &gt; export &gt; save for web (legacy) &gt; choose your file type (JPEG v PNG) &gt; input your dimensions &gt; save  still working things out on illustrator", "likes_count": 1, "replies_count": 0, "retweets_count": 0, "hashtags": []}
{"id": 1222305166193545216, "date": "2020-01-28", "time": "18:47:15", "tweet": "@AmandaFarough Hi, I was going to text you, actually! I'd love your input specifically.", "likes_count": 2, "replies_count": 0, "retweets_count": 0, "hashtags": []}
{"id": 1222305145989394432, "date": "2020-01-28", "time": "18:47:10", "tweet": " https://t.co/ambfZax86L    https://t.co/qfbCGk8XuU  Examples of using Crosscut EX FBA (after a short walk forward) To beat abigail Jump forward Crossup  Crosscut is input ➡️↘️⬇️↙️(⬅️) + 2 Kick If you do not walk forward, you will only get stmk", "likes_count": 0, "replies_count": 1, "retweets_count": 0, "hashtags": []}
{"id": 1222305114888818688, "date": "2020-01-28", "time": "18:47:03", "tweet": "Heeey patrons! Got a quick poll for you to weigh in on! Would love your input:  https://t.co/bEywsxocfG", "likes_count": 0, "replies_count": 0, "retweets_count": 0, "hashtags": []}
{"id": 1222305085163737088, "date": "2020-01-28", "time": "18:46:56", "tweet": "@AndySlo30293431 I am always happy and grateful to be given reading suggestions. Your input is always first rate.", "likes_count": 0, "replies_count": 1, "retweets_count": 0, "hashtags": []}
{"id": 1222305055652634625, "date": "2020-01-28", "time": "18:46:49", "tweet": "Ok. Thanks everyone who had useful input. I am waiting until the manicurist has been home a full 14 days. Then I will go have my gel manicure done.", "likes_count": 3, "replies_count": 1, "retweets_count": 0, "hashtags": []}
{"id": 1222305028318224384, "date": "2020-01-28", "time": "18:46:42", "tweet": "@ayanatheoracle @KendraDuzIt @_ShreddyMurphy listen i don’t drag caps but every time scorpio is mentioned, kendra wanna input her 2 cents 😭", "likes_count": 0, "replies_count": 1, "retweets_count": 0, "hashtags": []}
{"id": 1222304903110045696, "date": "2020-01-28", "time": "18:46:12", "tweet": "Amazing turnout for our first Visioning Workshop tailgate! It is so encouraging to see so many YPs come out to share their input on the future of our community. #SGFYPs  https://t.co/pSWeXgWtRp", "likes_count": 5, "replies_count": 0, "retweets_count": 0, "hashtags": ["sgfyps"]}
{"id": 1222304870537093122, "date": "2020-01-28", "time": "18:46:05", "tweet": "@shahid_islam @Isla_Skinner @BDCFT_YourVoice contacted shahid in Early Dec to meet up in Jan Haven’t forgotten Just about to send you an email to request some dates hopefully in the next 1-3 weeks to learn about your input in the past &amp; learning suggestions for the future both patient experience as well as involvement", "likes_count": 2, "replies_count": 0, "retweets_count": 0, "hashtags": []}
