{"id": 1217959601636855808, "date": "2020-01-16", "time": "18:59:32", "tweet": "Hey @Shadertoy, what about adding Screen Capture input ? Hacked into the code to replace the mic stream source to use audio from the computer (Spotify, Youtube...), works like a charm. Only changed a single line. You could even do it with video.", "likes_count": 1, "replies_count": 0, "retweets_count": 0, "hashtags": []}
{"id": 1217959551737180160, "date": "2020-01-16", "time": "18:59:20", "tweet": "@rrrage_input сахарная кома это моя прерогатива так что никаких ком а только наслаждение тортами и жизнью, с днем рождения, милая! 🤍🕊", "likes_count": 1, "replies_count": 1, "retweets_count": 0, "hashtags": []}
{"id": 1217959501002944514, "date": "2020-01-16", "time": "18:59:08", "tweet": "@Joelyrolypolyo That’s true,  he doesn’t get any input on the topics of the show though??", "likes_count": 0, "replies_count": 1, "retweets_count": 0, "hashtags": []}
{"id": 1217959484099715072, "date": "2020-01-16", "time": "18:59:04", "tweet": "@steveklabnik If you can’t use, e.g., LL, LALR, etc: adopt a LOTR parser w/a lexer that tolkienizes input. They’re complicated, but the upside is, once you set one up it’s useful for *all* languages, even ones that use a MRDR grammar (which I will not utter here). One parser to read them all!", "likes_count": 1, "replies_count": 1, "retweets_count": 0, "hashtags": []}
{"id": 1217959480387719168, "date": "2020-01-16", "time": "18:59:03", "tweet": "4/5 Personally, would have rather $CVB.V had continued drilling Farabakoura while testing the other two projects. Semafo (others) had input into where they drilled. Mgmt is encouraged by what they saw geologically from Bouman. Investors and traders were not.", "likes_count": 0, "replies_count": 1, "retweets_count": 0, "hashtags": []}
{"id": 1217959459840053249, "date": "2020-01-16", "time": "18:58:58", "tweet": "Ian’s at NAMM right now hope he can demo the new guitar pedal that replaces your input signal with an unpatched duck quack", "likes_count": 3, "replies_count": 1, "retweets_count": 0, "hashtags": []}
{"id": 1217959411827859457, "date": "2020-01-16", "time": "18:58:47", "tweet": "Thanks to our families and staff who held tonight the first session to analyze input collected for our welcoming schools process. Next session will be on January 30.  https://t.co/WB0Va5F3sA", "likes_count": 8, "replies_count": 0, "retweets_count": 0, "hashtags": []}
{"id": 1217959386125099009, "date": "2020-01-16", "time": "18:58:40", "tweet": "@pettyorprettyx @Tobee_Davies @Kingpatrickgb @davido @Peruzzi_VIBES @sonymusic Am not talking about the production of the song,am talking about the writing of the song, because obviously the song was done in DMW HQ,Golden boy had no financial input on the song bacially, so they cant even lay claims to it, why didn't they release peruzzi version?", "likes_count": 2, "replies_count": 1, "retweets_count": 1, "hashtags": []}
{"id": 1217959362242564096, "date": "2020-01-16", "time": "18:58:35", "tweet": "the battlebeaver cronus has 10ms less input lag than bluetooth bro thats MASSIVE", "likes_count": 0, "replies_count": 1, "retweets_count": 0, "hashtags": []}
{"id": 1217959270689529862, "date": "2020-01-16", "time": "18:58:13", "tweet": "Prince Harry had no input in the choice of song that was used on the Sussex Royal Instagram  https://t.co/e3ga7RvfsV", "likes_count": 0, "replies_count": 0, "retweets_count": 0, "hashtags": []}
{"id": 1217959177282301954, "date": "2020-01-16", "time": "18:57:51", "tweet": "@lytearrr Just cuz I’m white doesn’t mean I don’t know any history. But thanks for your input. Hair is hair and people can do as they please. She isn’t hurting anyone or being racist in any way.", "likes_count": 0, "replies_count": 1, "retweets_count": 0, "hashtags": []}
{"id": 1217959117127483392, "date": "2020-01-16", "time": "18:57:36", "tweet": "@MikeLindblom @SoundTransitCEO @kcmetrobus @SoundTransit What irritates me is that Sound Transit didn’t, to my knowledge, broadcast that keeping the same initials was a goal of the renaming process. Today was the 1st time I learned of this issue despite ST asking for public input on renaming.", "likes_count": 2, "replies_count": 0, "retweets_count": 0, "hashtags": []}
{"id": 1217959066703548416, "date": "2020-01-16", "time": "18:57:24", "tweet": "@joshrogin Josh, you aren't an Arizona constituant so your input is futile", "likes_count": 0, "replies_count": 0, "retweets_count": 0, "hashtags": []}
{"id": 1217959058302435328, "date": "2020-01-16", "time": "18:57:22", "tweet": "The Battle Beaver Tournament Stick is the official replacement for the old CronusMax+ to eliminate input lag. Use code \"Mayhem\" for 10% off all purchases!  https://t.co/j5OyNgkKPq", "likes_count": 25, "replies_count": 1, "retweets_count": 10, "hashtags": []}
{"id": 1217959007085907968, "date": "2020-01-16", "time": "18:57:10", "tweet": "OFFICIAL: The Battle Beaver Tournament Stick is the official replacement for the old CronusMax+ to eliminate input lag. Use code \"2Pac\" for 10% off all orders..    https://t.co/gexUJ4Asns", "likes_count": 82, "replies_count": 9, "retweets_count": 10, "hashtags": []}
{"id": 1217958981416693767, "date": "2020-01-16", "time": "18:57:04", "tweet": "@VoiceOfTheStar It has to say alot about Moore if McCarthy is letting him call the plays. I do wonder how involved Garrett was, and if it was detrimental to Moore as a play caller. McCarthy has made it clear if you call the plays you input the offense weekly, was it the same with Garrett?", "likes_count": 1, "replies_count": 0, "retweets_count": 0, "hashtags": []}
{"id": 1217958868321361922, "date": "2020-01-16", "time": "18:56:37", "tweet": "@ItsChuiThanks I see, I see, so it's bad when it happens to her  But when she does it  It's okay  Thanks for giving me your input in that, yikes.", "likes_count": 2, "replies_count": 0, "retweets_count": 0, "hashtags": []}
{"id": 1217958852328595457, "date": "2020-01-16", "time": "18:56:33", "tweet": "@ChrisMurphyCT Thank you for doing this. Since journalists are sequestered, we need this kind of input. Hope others will join you.", "likes_count": 1, "replies_count": 0, "retweets_count": 0, "hashtags": []}
{"id": 1217958760259510272, "date": "2020-01-16", "time": "18:56:11", "tweet": "@FINALLEVEL Its nowhere to input the code", "likes_count": 0, "replies_count": 1, "retweets_count": 0, "hashtags": []}
{"id": 1217958724179918848, "date": "2020-01-16", "time": "18:56:03", "tweet": "Government introduces e-voucher system to eliminate fake agro-input dealers  https://t.co/hISQ54KYp9", "likes_count": 0, "replies_count": 0, "retweets_count": 0, "hashtags": []}
{"id": 1217958669310156800, "date": "2020-01-16", "time": "18:55:49", "tweet": "Presentation input for the 11-12 and higher education learning environment. Click on the link in the profile to visit and shop for this and more at the #objects2inspire #tpt store.  https://t.co/2HzeI6nHDk", "likes_count": 0, "replies_count": 0, "retweets_count": 0, "hashtags": ["objects2inspire", "tpt"]}
{"id": 1217958644119195650, "date": "2020-01-16", "time": "18:55:43", "tweet": "@skinnylukes Alright. Thanks for your input lol. I was just wondering because I over heard someone have a conversation about how people can over the age of 19 can be to old", "likes_count": 0, "replies_count": 1, "retweets_count": 0, "hashtags": []}
{"id": 1217958604281733120, "date": "2020-01-16", "time": "18:55:34", "tweet": "@YounggJustin @smallcapstacks @zerohedge FED repo input participation has become institutionalized.  Like any entitlement...good luck taking it away.", "likes_count": 0, "replies_count": 1, "retweets_count": 0, "hashtags": []}
{"id": 1217958519338622977, "date": "2020-01-16", "time": "18:55:14", "tweet": "OFFICIAL: The Battle Beaver Tournament Stick is the official replacement for the old CronusMax+ to eliminate input lag. Use code \"SPACE\" for 10% off all orders..  https://t.co/AfKIdf1d1P  Limited amount currently so get it now!  https://t.co/bjmPnPeoFo", "likes_count": 59, "replies_count": 4, "retweets_count": 7, "hashtags": []}
{"id": 1217958494143467525, "date": "2020-01-16", "time": "18:55:08", "tweet": "@CBlighty @bbcquestiontime @AlynSmith Christ...some input on the discussion mate 😂", "likes_count": 0, "replies_count": 1, "retweets_count": 0, "hashtags": []}
{"id": 1217958337167462405, "date": "2020-01-16", "time": "18:54:30", "tweet": "@LouDobbs @POTUS @PressSec @SecretaryRoss @RepMattGaetz @ByronYork Couldn’t have done it without the input of the Dems. So let’s say that it was a bipartisan bill..", "likes_count": 1, "replies_count": 1, "retweets_count": 0, "hashtags": []}
{"id": 1217958210469953537, "date": "2020-01-16", "time": "18:54:00", "tweet": "The Battle Beaver Tournament Stick is the official replacement for the old CronusMax+ to eliminate input lag. Use code \"Para\" for 10% off  https://t.co/8Kheal4P41", "likes_count": 45, "replies_count": 6, "retweets_count": 8, "hashtags": []}
{"id": 1217958204111454210, "date": "2020-01-16", "time": "18:53:59", "tweet": "@3YearLetterman @realDonaldTrump Cute. No. He wasn't president. But did have important input on the impeachment process...  https://t.co/p7C9n4m8Wd", "likes_count": 0, "replies_count": 0, "retweets_count": 0, "hashtags": []}
{"id": 1217958186344439810, "date": "2020-01-16", "time": "18:53:54", "tweet": "@CityBureaucrat We're all on Human Reservations because technology is becoming more autonomous &amp; will soon rule without our input.", "likes_count": 3, "replies_count": 0, "retweets_count": 0, "hashtags": []}
{"id": 1217958037664587777, "date": "2020-01-16", "time": "18:53:19", "tweet": "@jkenney Just thought I'd point out that you have had absolutely no input on Transmountain, you are not building it, you are not financing it, you have nothing to do with it existence. So cram your 'let's' BS", "likes_count": 30, "replies_count": 1, "retweets_count": 4, "hashtags": []}
{"id": 1217957906982690816, "date": "2020-01-16", "time": "18:52:48", "tweet": "@thinkpolicyid Kak, semalam aku daftar, untuk tahu input kita sudah masuk apa belum gimana ya?", "likes_count": 0, "replies_count": 0, "retweets_count": 0, "hashtags": []}
{"id": 1217957885117784065, "date": "2020-01-16", "time": "18:52:43", "tweet": "The Battle Beaver Tournament Stick is the official replacement for the old CronusMax+ to eliminate input lag. Use code \"ACHES\" for 10% off all orders! This thing is a saving grace!!!  https://t.co/5LE4Lv0j9Q", "likes_count": 118, "replies_count": 7, "retweets_count": 14, "hashtags": []}
{"id": 1217957882592886785, "date": "2020-01-16", "time": "18:52:42", "tweet": "@showyoushawn They gonna ask you to input your credit card number or smth si they can run a check on your credit to see if you qualify", "likes_count": 0, "replies_count": 1, "retweets_count": 0, "hashtags": []}
{"id": 1217957767127785473, "date": "2020-01-16", "time": "18:52:14", "tweet": " https://t.co/3Ce658kdRe", "likes_count": 1, "replies_count": 1, "retweets_count": 0, "hashtags": []}
{"id": 1217957649301458944, "date": "2020-01-16", "time": "18:51:46", "tweet": "@arrowflingerho1 thanks for the input", "likes_count": 1, "replies_count": 0, "retweets_count": 0, "hashtags": []}
{"id": 1217957393616658432, "date": "2020-01-16", "time": "18:50:45", "tweet": "@mrsangelica @AtwaterFalcons Yes, input courses on the form and then in AERIES portal.  Counselors will do final transcripts checks in classrooms", "likes_count": 2, "replies_count": 0, "retweets_count": 0, "hashtags": []}
{"id": 1217957302407397376, "date": "2020-01-16", "time": "18:50:24", "tweet": "Money Cube - An APP which will help you get MONEY for free. Input my invite code ❤H7EXY❤ after installation, and you will get 1000 Clicks. Download link:  https://t.co/UgNXv5UMZx  https://t.co/vR1L2CfdwB", "likes_count": 0, "replies_count": 0, "retweets_count": 0, "hashtags": []}
{"id": 1217957281725321219, "date": "2020-01-16", "time": "18:50:19", "tweet": "@mikejoy500 everything is better when Mike Joy has the mic in hand. Knowledge and the perfect amount of personal input and preference to make the broadcast that much more enjoyable.", "likes_count": 0, "replies_count": 0, "retweets_count": 0, "hashtags": []}
{"id": 1217957277384220673, "date": "2020-01-16", "time": "18:50:18", "tweet": "Never make up for anyone’s lack of input.", "likes_count": 0, "replies_count": 0, "retweets_count": 0, "hashtags": []}
{"id": 1217957082214866950, "date": "2020-01-16", "time": "18:49:31", "tweet": "ESPN, please. I'm tired of her input in SNB", "likes_count": 0, "replies_count": 0, "retweets_count": 0, "hashtags": []}
{"id": 1217959601636855808, "date": "2020-01-16", "time": "18:59:32", "tweet": "Hey @Shadertoy, what about adding Screen Capture input ? Hacked into the code to replace the mic stream source to use audio from the computer (Spotify, Youtube...), works like a charm. Only changed a single line. You could even do it with video.", "likes_count": 1, "replies_count": 0, "retweets_count": 0, "hashtags": []}
{"id": 1217959551737180160, "date": "2020-01-16", "time": "18:59:20", "tweet": "@rrrage_input сахарная кома это моя прерогатива так что никаких ком а только наслаждение тортами и жизнью, с днем рождения, милая! 🤍🕊", "likes_count": 1, "replies_count": 1, "retweets_count": 0, "hashtags": []}
{"id": 1217959501002944514, "date": "2020-01-16", "time": "18:59:08", "tweet": "@Joelyrolypolyo That’s true,  he doesn’t get any input on the topics of the show though??", "likes_count": 0, "replies_count": 1, "retweets_count": 0, "hashtags": []}
{"id": 1217959484099715072, "date": "2020-01-16", "time": "18:59:04", "tweet": "@steveklabnik If you can’t use, e.g., LL, LALR, etc: adopt a LOTR parser w/a lexer that tolkienizes input. They’re complicated, but the upside is, once you set one up it’s useful for *all* languages, even ones that use a MRDR grammar (which I will not utter here). One parser to read them all!", "likes_count": 1, "replies_count": 1, "retweets_count": 0, "hashtags": []}
{"id": 1217959480387719168, "date": "2020-01-16", "time": "18:59:03", "tweet": "4/5 Personally, would have rather $CVB.V had continued drilling Farabakoura while testing the other two projects. Semafo (others) had input into where they drilled. Mgmt is encouraged by what they saw geologically from Bouman. Investors and traders were not.", "likes_count": 0, "replies_count": 1, "retweets_count": 0, "hashtags": []}
{"id": 1217959459840053249, "date": "2020-01-16", "time": "18:58:58", "tweet": "Ian’s at NAMM right now hope he can demo the new guitar pedal that replaces your input signal with an unpatched duck quack", "likes_count": 3, "replies_count": 1, "retweets_count": 0, "hashtags": []}
{"id": 1217959411827859457, "date": "2020-01-16", "time": "18:58:47", "tweet": "Thanks to our families and staff who held tonight the first session to analyze input collected for our welcoming schools process. Next session will be on January 30.  https://t.co/WB0Va5F3sA", "likes_count": 8, "replies_count": 0, "retweets_count": 0, "hashtags": []}
{"id": 1217959386125099009, "date": "2020-01-16", "time": "18:58:40", "tweet": "@pettyorprettyx @Tobee_Davies @Kingpatrickgb @davido @Peruzzi_VIBES @sonymusic Am not talking about the production of the song,am talking about the writing of the song, because obviously the song was done in DMW HQ,Golden boy had no financial input on the song bacially, so they cant even lay claims to it, why didn't they release peruzzi version?", "likes_count": 2, "replies_count": 1, "retweets_count": 1, "hashtags": []}
{"id": 1217959362242564096, "date": "2020-01-16", "time": "18:58:35", "tweet": "the battlebeaver cronus has 10ms less input lag than bluetooth bro thats MASSIVE", "likes_count": 0, "replies_count": 1, "retweets_count": 0, "hashtags": []}
{"id": 1217959270689529862, "date": "2020-01-16", "time": "18:58:13", "tweet": "Prince Harry had no input in the choice of song that was used on the Sussex Royal Instagram  https://t.co/e3ga7RvfsV", "likes_count": 0, "replies_count": 0, "retweets_count": 0, "hashtags": []}
{"id": 1217959177282301954, "date": "2020-01-16", "time": "18:57:51", "tweet": "@lytearrr Just cuz I’m white doesn’t mean I don’t know any history. But thanks for your input. Hair is hair and people can do as they please. She isn’t hurting anyone or being racist in any way.", "likes_count": 0, "replies_count": 1, "retweets_count": 0, "hashtags": []}
{"id": 1217959117127483392, "date": "2020-01-16", "time": "18:57:36", "tweet": "@MikeLindblom @SoundTransitCEO @kcmetrobus @SoundTransit What irritates me is that Sound Transit didn’t, to my knowledge, broadcast that keeping the same initials was a goal of the renaming process. Today was the 1st time I learned of this issue despite ST asking for public input on renaming.", "likes_count": 2, "replies_count": 0, "retweets_count": 0, "hashtags": []}
{"id": 1217959066703548416, "date": "2020-01-16", "time": "18:57:24", "tweet": "@joshrogin Josh, you aren't an Arizona constituant so your input is futile", "likes_count": 0, "replies_count": 0, "retweets_count": 0, "hashtags": []}
{"id": 1217959058302435328, "date": "2020-01-16", "time": "18:57:22", "tweet": "The Battle Beaver Tournament Stick is the official replacement for the old CronusMax+ to eliminate input lag. Use code \"Mayhem\" for 10% off all purchases!  https://t.co/j5OyNgkKPq", "likes_count": 25, "replies_count": 1, "retweets_count": 10, "hashtags": []}
{"id": 1217959007085907968, "date": "2020-01-16", "time": "18:57:10", "tweet": "OFFICIAL: The Battle Beaver Tournament Stick is the official replacement for the old CronusMax+ to eliminate input lag. Use code \"2Pac\" for 10% off all orders..    https://t.co/gexUJ4Asns", "likes_count": 82, "replies_count": 9, "retweets_count": 10, "hashtags": []}
{"id": 1217958981416693767, "date": "2020-01-16", "time": "18:57:04", "tweet": "@VoiceOfTheStar It has to say alot about Moore if McCarthy is letting him call the plays. I do wonder how involved Garrett was, and if it was detrimental to Moore as a play caller. McCarthy has made it clear if you call the plays you input the offense weekly, was it the same with Garrett?", "likes_count": 1, "replies_count": 0, "retweets_count": 0, "hashtags": []}
{"id": 1217958868321361922, "date": "2020-01-16", "time": "18:56:37", "tweet": "@ItsChuiThanks I see, I see, so it's bad when it happens to her  But when she does it  It's okay  Thanks for giving me your input in that, yikes.", "likes_count": 2, "replies_count": 0, "retweets_count": 0, "hashtags": []}
{"id": 1217958852328595457, "date": "2020-01-16", "time": "18:56:33", "tweet": "@ChrisMurphyCT Thank you for doing this. Since journalists are sequestered, we need this kind of input. Hope others will join you.", "likes_count": 1, "replies_count": 0, "retweets_count": 0, "hashtags": []}
{"id": 1217958760259510272, "date": "2020-01-16", "time": "18:56:11", "tweet": "@FINALLEVEL Its nowhere to input the code", "likes_count": 0, "replies_count": 1, "retweets_count": 0, "hashtags": []}
{"id": 1217958724179918848, "date": "2020-01-16", "time": "18:56:03", "tweet": "Government introduces e-voucher system to eliminate fake agro-input dealers  https://t.co/hISQ54KYp9", "likes_count": 0, "replies_count": 0, "retweets_count": 0, "hashtags": []}
{"id": 1217958669310156800, "date": "2020-01-16", "time": "18:55:49", "tweet": "Presentation input for the 11-12 and higher education learning environment. Click on the link in the profile to visit and shop for this and more at the #objects2inspire #tpt store.  https://t.co/2HzeI6nHDk", "likes_count": 0, "replies_count": 0, "retweets_count": 0, "hashtags": ["objects2inspire", "tpt"]}
{"id": 1217958644119195650, "date": "2020-01-16", "time": "18:55:43", "tweet": "@skinnylukes Alright. Thanks for your input lol. I was just wondering because I over heard someone have a conversation about how people can over the age of 19 can be to old", "likes_count": 0, "replies_count": 1, "retweets_count": 0, "hashtags": []}
{"id": 1217958604281733120, "date": "2020-01-16", "time": "18:55:34", "tweet": "@YounggJustin @smallcapstacks @zerohedge FED repo input participation has become institutionalized.  Like any entitlement...good luck taking it away.", "likes_count": 0, "replies_count": 1, "retweets_count": 0, "hashtags": []}
{"id": 1217958519338622977, "date": "2020-01-16", "time": "18:55:14", "tweet": "OFFICIAL: The Battle Beaver Tournament Stick is the official replacement for the old CronusMax+ to eliminate input lag. Use code \"SPACE\" for 10% off all orders..  https://t.co/AfKIdf1d1P  Limited amount currently so get it now!  https://t.co/bjmPnPeoFo", "likes_count": 59, "replies_count": 4, "retweets_count": 7, "hashtags": []}
{"id": 1217958494143467525, "date": "2020-01-16", "time": "18:55:08", "tweet": "@CBlighty @bbcquestiontime @AlynSmith Christ...some input on the discussion mate 😂", "likes_count": 0, "replies_count": 1, "retweets_count": 0, "hashtags": []}
{"id": 1217958337167462405, "date": "2020-01-16", "time": "18:54:30", "tweet": "@LouDobbs @POTUS @PressSec @SecretaryRoss @RepMattGaetz @ByronYork Couldn’t have done it without the input of the Dems. So let’s say that it was a bipartisan bill..", "likes_count": 1, "replies_count": 1, "retweets_count": 0, "hashtags": []}
{"id": 1217958210469953537, "date": "2020-01-16", "time": "18:54:00", "tweet": "The Battle Beaver Tournament Stick is the official replacement for the old CronusMax+ to eliminate input lag. Use code \"Para\" for 10% off  https://t.co/8Kheal4P41", "likes_count": 45, "replies_count": 6, "retweets_count": 8, "hashtags": []}
{"id": 1217958204111454210, "date": "2020-01-16", "time": "18:53:59", "tweet": "@3YearLetterman @realDonaldTrump Cute. No. He wasn't president. But did have important input on the impeachment process...  https://t.co/p7C9n4m8Wd", "likes_count": 0, "replies_count": 0, "retweets_count": 0, "hashtags": []}
{"id": 1217958186344439810, "date": "2020-01-16", "time": "18:53:54", "tweet": "@CityBureaucrat We're all on Human Reservations because technology is becoming more autonomous &amp; will soon rule without our input.", "likes_count": 3, "replies_count": 0, "retweets_count": 0, "hashtags": []}
{"id": 1217958037664587777, "date": "2020-01-16", "time": "18:53:19", "tweet": "@jkenney Just thought I'd point out that you have had absolutely no input on Transmountain, you are not building it, you are not financing it, you have nothing to do with it existence. So cram your 'let's' BS", "likes_count": 30, "replies_count": 1, "retweets_count": 4, "hashtags": []}
{"id": 1217957906982690816, "date": "2020-01-16", "time": "18:52:48", "tweet": "@thinkpolicyid Kak, semalam aku daftar, untuk tahu input kita sudah masuk apa belum gimana ya?", "likes_count": 0, "replies_count": 0, "retweets_count": 0, "hashtags": []}
{"id": 1217957885117784065, "date": "2020-01-16", "time": "18:52:43", "tweet": "The Battle Beaver Tournament Stick is the official replacement for the old CronusMax+ to eliminate input lag. Use code \"ACHES\" for 10% off all orders! This thing is a saving grace!!!  https://t.co/5LE4Lv0j9Q", "likes_count": 118, "replies_count": 7, "retweets_count": 14, "hashtags": []}
{"id": 1217957882592886785, "date": "2020-01-16", "time": "18:52:42", "tweet": "@showyoushawn They gonna ask you to input your credit card number or smth si they can run a check on your credit to see if you qualify", "likes_count": 0, "replies_count": 1, "retweets_count": 0, "hashtags": []}
{"id": 1217957767127785473, "date": "2020-01-16", "time": "18:52:14", "tweet": " https://t.co/3Ce658kdRe", "likes_count": 1, "replies_count": 1, "retweets_count": 0, "hashtags": []}
{"id": 1217957649301458944, "date": "2020-01-16", "time": "18:51:46", "tweet": "@arrowflingerho1 thanks for the input", "likes_count": 1, "replies_count": 0, "retweets_count": 0, "hashtags": []}
{"id": 1217957393616658432, "date": "2020-01-16", "time": "18:50:45", "tweet": "@mrsangelica @AtwaterFalcons Yes, input courses on the form and then in AERIES portal.  Counselors will do final transcripts checks in classrooms", "likes_count": 2, "replies_count": 0, "retweets_count": 0, "hashtags": []}
{"id": 1217957302407397376, "date": "2020-01-16", "time": "18:50:24", "tweet": "Money Cube - An APP which will help you get MONEY for free. Input my invite code ❤H7EXY❤ after installation, and you will get 1000 Clicks. Download link:  https://t.co/UgNXv5UMZx  https://t.co/vR1L2CfdwB", "likes_count": 0, "replies_count": 0, "retweets_count": 0, "hashtags": []}
{"id": 1217957281725321219, "date": "2020-01-16", "time": "18:50:19", "tweet": "@mikejoy500 everything is better when Mike Joy has the mic in hand. Knowledge and the perfect amount of personal input and preference to make the broadcast that much more enjoyable.", "likes_count": 0, "replies_count": 0, "retweets_count": 0, "hashtags": []}
{"id": 1217957277384220673, "date": "2020-01-16", "time": "18:50:18", "tweet": "Never make up for anyone’s lack of input.", "likes_count": 0, "replies_count": 0, "retweets_count": 0, "hashtags": []}
{"id": 1217957082214866950, "date": "2020-01-16", "time": "18:49:31", "tweet": "ESPN, please. I'm tired of her input in SNB", "likes_count": 0, "replies_count": 0, "retweets_count": 0, "hashtags": []}
