{"id": 1278116096239824897, "date": "2020-06-30", "time": "19:59:58", "tweet": "@RealBambooBob @FreeStillman @TwiggleBurg @sitizen_girl @profwolff @Deprogrammer9 Modern socialism is about bringing democracy to the workplace. How can we have liberty if the place that we spend most of our lives doesn't care about our input? Does your boss ask your opinion before they fire you or ship your job overseas? No, of course not.", "likes_count": 0, "replies_count": 2, "retweets_count": 0, "hashtags": []}
{"id": 1278116091622051845, "date": "2020-06-30", "time": "19:59:57", "tweet": "@Geli43521206 @EmmanuelNaouri @GavinNewsom \"Zero Science to support masks\"  https://t.co/Yl9nuehkRY  https://t.co/SjxA4Qpi7E  https://t.co/LzGR3LfpiT  https://t.co/mo7OqqN7Ww  https://t.co/2tJDCPFbRJ Look, there are a surplus of reliable sources and studies to support wearing masks. Just input a simple google search.", "likes_count": 2, "replies_count": 0, "retweets_count": 1, "hashtags": []}
{"id": 1278115944636841984, "date": "2020-06-30", "time": "19:59:22", "tweet": "Very disappointed that @SVVSD has a non plan of returning to school in the fall as if there is not a global pandemic. Their task-force is a joke and they refused input from parents. All while numbers are going up.  https://t.co/KOGFDI7XOX", "likes_count": 3, "replies_count": 2, "retweets_count": 0, "hashtags": []}
{"id": 1278115918728646661, "date": "2020-06-30", "time": "19:59:15", "tweet": "@AbygayleJanik It makes me very happy that you included my input", "likes_count": 1, "replies_count": 1, "retweets_count": 0, "hashtags": []}
{"id": 1278115875741204480, "date": "2020-06-30", "time": "19:59:05", "tweet": "@KnightFN_ Switch to the alpha input", "likes_count": 1, "replies_count": 0, "retweets_count": 0, "hashtags": []}
{"id": 1278115794086322176, "date": "2020-06-30", "time": "19:58:46", "tweet": "@msg2gramesh @saketreddy Thanks for your valuable input", "likes_count": 0, "replies_count": 0, "retweets_count": 0, "hashtags": []}
{"id": 1278115789724360706, "date": "2020-06-30", "time": "19:58:45", "tweet": "@onepeloton It would be even better if the monitors supported video input 😉", "likes_count": 1, "replies_count": 0, "retweets_count": 0, "hashtags": []}
{"id": 1278115783273480195, "date": "2020-06-30", "time": "19:58:43", "tweet": "@BenAnderson58 Nah he won’t call plays but he’s definitely going to give his input on ways to help mason succeed if need be", "likes_count": 0, "replies_count": 0, "retweets_count": 0, "hashtags": []}
{"id": 1278115749429739520, "date": "2020-06-30", "time": "19:58:35", "tweet": "#Disinformation is a serious issue in #Brazil, but fast-tracking a far-reaching law without appropriate input is likely to do more harm than good.   Without substantial changes, this flawed legislation poses a threat to privacy and freedom of expression.    https://t.co/Ht0B3KOGlb", "likes_count": 4, "replies_count": 0, "retweets_count": 2, "hashtags": ["disinformation", "brazil"]}
{"id": 1278115720958787584, "date": "2020-06-30", "time": "19:58:28", "tweet": "@SeanKavanaugh5 @thereadingzone @ElizaWallace27 I would provide the input that you can not possibly fit more than 10 students in the classrooms at my school (I am an admin not a teacher) while meeting physical distance guidelines for one. This would drastically change any plans that have 100 % attendance.", "likes_count": 14, "replies_count": 2, "retweets_count": 0, "hashtags": []}
{"id": 1278115668991176709, "date": "2020-06-30", "time": "19:58:16", "tweet": "@PCalgarian Thanks for your input, s....... p......", "likes_count": 1, "replies_count": 1, "retweets_count": 0, "hashtags": []}
{"id": 1278115594093674496, "date": "2020-06-30", "time": "19:57:58", "tweet": "@Deecarr_ Astro A40 Mix Amp? I know how to set it up for PS3 but for PS4 your gunna need a converter for the optical input to USB", "likes_count": 1, "replies_count": 1, "retweets_count": 0, "hashtags": []}
{"id": 1278115579040116736, "date": "2020-06-30", "time": "19:57:54", "tweet": "@outlawpoet @PaulStoffregen Least components would be to grab a Molex 857910020 PDJack and a CUI PDQE10-Q48-S5-D DC/DC converter with an 18-75 volt input range. Not cheap, but gets you +5V from PoE easily and with minimum component count. I used similar parts on my VFD tube clock.  https://t.co/bPJSHDEs9P", "likes_count": 5, "replies_count": 1, "retweets_count": 0, "hashtags": []}
{"id": 1278115558144249856, "date": "2020-06-30", "time": "19:57:49", "tweet": "@KnightFN_ Yea they \"fixed\" the lock input as mouse setting... but broke this one now", "likes_count": 0, "replies_count": 0, "retweets_count": 0, "hashtags": []}
{"id": 1278115428754247680, "date": "2020-06-30", "time": "19:57:19", "tweet": "@ChrisCardsFan TR was my grandfather's hero...... and one of mine as well.  I appreciate your input...but I still think this is hard to stomach.  Where does it end Chris?", "likes_count": 0, "replies_count": 1, "retweets_count": 0, "hashtags": []}
{"id": 1278115413205741568, "date": "2020-06-30", "time": "19:57:15", "tweet": "#TuesdayMotivation This drama has a story Love★Marriage★Sex★Family Fun THEN online sex/porn addiction #ebook read #Kindle  https://t.co/EvCYRj1wg7 #nook  https://t.co/XpjvQIvvrZ #kobo  https://t.co/TrzZ9mFAek 8 women's intimate input, research &amp; #storytelling blend in this story", "likes_count": 1, "replies_count": 0, "retweets_count": 1, "hashtags": ["tuesdaymotivation", "ebook", "kindle", "nook", "kobo", "storytelling"]}
{"id": 1278115389730443270, "date": "2020-06-30", "time": "19:57:09", "tweet": "@MatthewStadlen @theJeremyVine @JeremyVineOn5 Loved the show today with my favourite Carol and liked your input..", "likes_count": 0, "replies_count": 0, "retweets_count": 0, "hashtags": []}
{"id": 1278115353818812418, "date": "2020-06-30", "time": "19:57:01", "tweet": "@maddie_tiny @HoootNotHate @Kings_of_Lydia I am sorry again if we give you that impression, I don't think that's what anyone of us wants. We are just worried about laws based on biological sex set to protect us changing without our input", "likes_count": 0, "replies_count": 0, "retweets_count": 0, "hashtags": []}
{"id": 1278115321715425280, "date": "2020-06-30", "time": "19:56:53", "tweet": "@steveschoger This principle makes a lot of sense to me, but I note that Twitter, Discord and Telegram dark modes do not follow this principle.  I think the reason is: they want the main content to be dark.  If they make the input boxes darker, then they have to make the main content lighter.", "likes_count": 0, "replies_count": 0, "retweets_count": 0, "hashtags": []}
{"id": 1278115312743919616, "date": "2020-06-30", "time": "19:56:51", "tweet": "@DIESELPATRIOT1 @mrr3261 @GregAbbott_TX Thanks for your classy input. I hope you and yours stay safe.", "likes_count": 0, "replies_count": 0, "retweets_count": 0, "hashtags": []}
{"id": 1278115275653570562, "date": "2020-06-30", "time": "19:56:42", "tweet": "@Thrashmoshhorns I don't think he'll have any say on play calling, but the entire offensive staff and Ben all have input on Wednesday.", "likes_count": 0, "replies_count": 1, "retweets_count": 0, "hashtags": []}
{"id": 1278115200839880704, "date": "2020-06-30", "time": "19:56:24", "tweet": "@dio_g_sol there's no mic input, it's a really bad mmo hahahah", "likes_count": 0, "replies_count": 0, "retweets_count": 0, "hashtags": []}
{"id": 1278115141385621507, "date": "2020-06-30", "time": "19:56:10", "tweet": "@LimitedRunJosh I bought the Steam version just for that option to reduce the input lag. I might buy this one down the road.", "likes_count": 0, "replies_count": 0, "retweets_count": 0, "hashtags": []}
{"id": 1278115131038339072, "date": "2020-06-30", "time": "19:56:08", "tweet": "&gt;🞂  Should you tell Charlie Mira's a lamia? You'd be surprised if they knew about lamias already. For that matter, we kind of had a few things happen without any reader input. Feel free to tell Persnakety to do anything else while we're here.  &gt;Reader: Send command", "likes_count": 1, "replies_count": 2, "retweets_count": 0, "hashtags": []}
{"id": 1278115104006066176, "date": "2020-06-30", "time": "19:56:01", "tweet": "Article: An Online Trainer's Checklist (additions/input welcome):  https://t.co/jmJomgPxxH #lms", "likes_count": 0, "replies_count": 0, "retweets_count": 0, "hashtags": ["lms"]}
{"id": 1278114960841879552, "date": "2020-06-30", "time": "19:55:27", "tweet": "@paper_gs @thereadingzone @ElizaWallace27 What input would you provide? I am genuinely asking, dude.", "likes_count": 1, "replies_count": 1, "retweets_count": 0, "hashtags": []}
{"id": 1278114897990160387, "date": "2020-06-30", "time": "19:55:12", "tweet": "Love seeing my mutuals like Hillary or Biden tweets so I can know who’s political input not to listen to.", "likes_count": 1, "replies_count": 0, "retweets_count": 0, "hashtags": []}
{"id": 1278114884522303488, "date": "2020-06-30", "time": "19:55:09", "tweet": "@MingleKelingle He got ideas! He need input!", "likes_count": 0, "replies_count": 0, "retweets_count": 0, "hashtags": []}
{"id": 1278114869141790720, "date": "2020-06-30", "time": "19:55:05", "tweet": "@BenAnderson58 Right and I’m sure he’ll be solely focused on mason and whoever the 3rd string is but I wouldn’t be surprised if he has some input on the offensive game plan especially if mason has to start any games this year", "likes_count": 0, "replies_count": 1, "retweets_count": 0, "hashtags": []}
{"id": 1278114821053968384, "date": "2020-06-30", "time": "19:54:54", "tweet": "ここ最近7:30に起きて2:00まで仕事をするのが続いていて、サイバー八重洲時代をフラッシュバックする☀️圧倒的に前と違うのは、闇雲に量質転化を狙って労働量とinputを頑張っていたが、今は完全に質が違う💩つまり、良質で量多い→また良いことあるな。電車混みすぎ", "likes_count": 1, "replies_count": 0, "retweets_count": 0, "hashtags": []}
{"id": 1278114808324165632, "date": "2020-06-30", "time": "19:54:51", "tweet": "@tom_hirst No sweat, thanks for the input", "likes_count": 0, "replies_count": 0, "retweets_count": 0, "hashtags": []}
{"id": 1278114705119350784, "date": "2020-06-30", "time": "19:54:26", "tweet": "@Dandy_J @experimilk @JustinSGX i'm not much of an expert, but i do know you can't speed up online latency. you can guess what's coming and be ready. if you're wrong you get rollback teleports.  this run ahead sounds fantastic for offline input techniques in general, though.", "likes_count": 0, "replies_count": 0, "retweets_count": 0, "hashtags": []}
{"id": 1278114704150474762, "date": "2020-06-30", "time": "19:54:26", "tweet": "@danbenjamin You’ve probably seen this:   https://t.co/Q7iQzfmPfw  The Panasonic might just have a weirdly proprietary pinout for the mic input, and the cable you’re using can’t manage to make good things happen.", "likes_count": 1, "replies_count": 1, "retweets_count": 0, "hashtags": []}
{"id": 1278114655966289920, "date": "2020-06-30", "time": "19:54:14", "tweet": "@Squamalot (1/2)So I don't have the credentials, but I love science so here's my input...  The keyword is \"educated\" to validate that a hypothesis is an educated guess. Because if you understand what a \"guess\" is, its a lazy word for \"prediction\". So in my words, an educated prediction", "likes_count": 0, "replies_count": 1, "retweets_count": 0, "hashtags": []}
{"id": 1278114543827329027, "date": "2020-06-30", "time": "19:53:48", "tweet": "@npower_ng having a problem bypassing these stage of application as it keeps saying “Firstname required” even when I input. Since yesterday morning till this moment is same. Please help out as my friend is really worried.  https://t.co/zohReP5Z8F", "likes_count": 1, "replies_count": 0, "retweets_count": 0, "hashtags": []}
{"id": 1278114491612434433, "date": "2020-06-30", "time": "19:53:35", "tweet": "@DmitryDoreshkin 2/ Take Norway and Denmark as examples. Heavy energy users are payed money to increase their input instead of reaching a point you elsewhere would get curtailed energy.   Having Nikola's stations available within your grid, secures you as a RE producers.", "likes_count": 0, "replies_count": 2, "retweets_count": 0, "hashtags": []}
{"id": 1278114461962907649, "date": "2020-06-30", "time": "19:53:28", "tweet": "@Joeingram1 @InfiniteEdgeKim Not hated. Great for liquidity, great for advocacy, great for product input... but ultimately hard to sustain and manage in a flat market. Winners keep coming as the barrier to entry lowers (as it *always* has done), money to feed the beast doesn’t keep coming.", "likes_count": 1, "replies_count": 1, "retweets_count": 0, "hashtags": []}
{"id": 1278114428861517824, "date": "2020-06-30", "time": "19:53:20", "tweet": "@thomasmolby @OmarWittle I do this also and I will not stop, I love input, constantly, all the time.", "likes_count": 1, "replies_count": 0, "retweets_count": 0, "hashtags": []}
{"id": 1278114384099848192, "date": "2020-06-30", "time": "19:53:10", "tweet": "@megynkelly Don’t care about it besides she didn’t asked you for your input 🤷🏽‍♀️", "likes_count": 0, "replies_count": 0, "retweets_count": 0, "hashtags": []}
{"id": 1278114214163484675, "date": "2020-06-30", "time": "19:52:29", "tweet": "@Dandy_J @experimilk @JustinSGX but it can't remove the 4f or whatever it takes your opponents data to reach you. this improves the local input buffering, definitely, but this basically IS rollback, just without syncing the other end. rollback is 'anticipating' the other end, but still has to wait for the sync", "likes_count": 0, "replies_count": 1, "retweets_count": 0, "hashtags": []}
