{"id": 1250212201077432321, "date": "2020-04-14", "time": "19:59:51", "tweet": "@TSM_ZexRow Mythical drum gun gets yah no matter the input.", "likes_count": 0, "replies_count": 0, "retweets_count": 0, "hashtags": []}
{"id": 1250212090649993218, "date": "2020-04-14", "time": "19:59:24", "tweet": "Allow children to choose their own extracurricular activities! The more control and input you're able to provide a child, the more engaged and motivated they will be to learn.  https://t.co/zQNGmLRHOK  https://t.co/zpaSu3Ts0L … … …  https://t.co/saiz6bIF0o …  https://t.co/GDJC61a8BE", "likes_count": 0, "replies_count": 0, "retweets_count": 0, "hashtags": []}
{"id": 1250212015995486213, "date": "2020-04-14", "time": "19:59:07", "tweet": "@her_nerdiness Mind you, the comments on the original tweet are getting all huffy about the words “the folk” so I think a book that was written with primarily women’s input is about to get anti-ed.", "likes_count": 1, "replies_count": 0, "retweets_count": 0, "hashtags": []}
{"id": 1250212012660903936, "date": "2020-04-14", "time": "19:59:06", "tweet": "@IncognitoThomas @edward_cantor @BabyBlueBilly @johnfanboy2 @AliveAndTough @SissyKalifornia @talkwadam @sp3427 @KneelingPrince @travellingkink @NikkisFosterPup @SheLeadsHeReads @LeorasDog @LadyJessica285 @DoctorSue @PeytonBreaksYou @MsMilieDivine @LadyMina10 @Star_of_Alice @LadyDragonfly6 @ServeLadyPortia @AlexirLife @xAtomicGoddessx Thank so much Thomas, your input into the community is unparalleled.", "likes_count": 5, "replies_count": 1, "retweets_count": 0, "hashtags": []}
{"id": 1250211929995374592, "date": "2020-04-14", "time": "19:58:46", "tweet": "@beachmobjellies @richnosworthy yeah, input color profile = Linear. It's something I've been doing since working with Substance renders. If I leave it at sRGB the reflectivity looks wrong.", "likes_count": 0, "replies_count": 1, "retweets_count": 0, "hashtags": []}
{"id": 1250211749535440896, "date": "2020-04-14", "time": "19:58:03", "tweet": "@simon_lees @leighsales You are not home-schooling them. The teacher is schooling them. Your input is not required beyond ensuring that they are where they should be, doing what the teacher has said.", "likes_count": 6, "replies_count": 1, "retweets_count": 1, "hashtags": []}
{"id": 1250211746461233154, "date": "2020-04-14", "time": "19:58:02", "tweet": "@EduardAdam8 @nikolavrdoljak7 @Blue_Footy That doesn’t mean I can’t put in input? And you put thoughts on sane to Chelsea... think I replied? Of course he’s a great player but not feasible. And if you look on the main post what’s the first two words? “United fans”", "likes_count": 0, "replies_count": 1, "retweets_count": 0, "hashtags": []}
{"id": 1250211583785123840, "date": "2020-04-14", "time": "19:57:24", "tweet": "Who will help me style this Input &amp; Button component ejo 😭", "likes_count": 0, "replies_count": 1, "retweets_count": 0, "hashtags": []}
{"id": 1250211578432999426, "date": "2020-04-14", "time": "19:57:22", "tweet": "@kring_pajak @kring_pajak saya sudah input ntpn nya juga.", "likes_count": 0, "replies_count": 1, "retweets_count": 0, "hashtags": []}
{"id": 1250211545847603201, "date": "2020-04-14", "time": "19:57:14", "tweet": "@ldezmond1 Infectious disease and public health experts need to be the ones determining a re-opening of any kind. It hurts me when I see an economic task force put in their input because they care about how the dollars are affected, not health. Bias can’t exist now more than ever.", "likes_count": 1, "replies_count": 1, "retweets_count": 0, "hashtags": []}
{"id": 1250211484992442368, "date": "2020-04-14", "time": "19:57:00", "tweet": "There is not much if any such thing as unmediated experience, as sensory input is processed by layers of brain structures, including beliefs #Perception #BrainFunction #GeneralSemantics = #SharedFacts", "likes_count": 1, "replies_count": 0, "retweets_count": 1, "hashtags": ["perception", "brainfunction", "generalsemantics", "sharedfacts"]}
{"id": 1250211433394118657, "date": "2020-04-14", "time": "19:56:48", "tweet": "@ChadPergram Pelosi is a nothing in this process. She has zero input in any decisions. Just looking to keep her name in the news.", "likes_count": 0, "replies_count": 0, "retweets_count": 0, "hashtags": []}
{"id": 1250211396509413381, "date": "2020-04-14", "time": "19:56:39", "tweet": "@Motionworks @richnosworthy hmmm....do you actually work in linear input profile? or did you mean something else with 'linear linear'  https://t.co/6vdtqgXCFL", "likes_count": 1, "replies_count": 1, "retweets_count": 0, "hashtags": []}
{"id": 1250211273561632768, "date": "2020-04-14", "time": "19:56:10", "tweet": "@Sumidu @PoornimaL @nntaleb @salilstatistics Thanks for the input.", "likes_count": 0, "replies_count": 0, "retweets_count": 0, "hashtags": []}
{"id": 1250211262581166080, "date": "2020-04-14", "time": "19:56:07", "tweet": "@Realtweak My pc is fine but my ping is holding me back please help me and input delay please pick me!! :D", "likes_count": 0, "replies_count": 0, "retweets_count": 0, "hashtags": []}
{"id": 1250211202661146626, "date": "2020-04-14", "time": "19:55:53", "tweet": "@MaPoStormborn Repeats can come after a 2 week moratorium hahaha. These magnets are a guideline and the kids can certainly give input on something upcoming. It's more so that I go to Costco and grocery once every 10 days and ensure we have ingredients for these meals for that 10 day period", "likes_count": 1, "replies_count": 1, "retweets_count": 0, "hashtags": []}
{"id": 1250211177776414720, "date": "2020-04-14", "time": "19:55:47", "tweet": "@RaviScam @andre_thehombre Basic laws of logic get derived from sense input alone in terms of input vs no input. Our basic sense beliefs must be true to be adaptive in that sense. It is the basic block of our reasoning facilities. I wholly grant many beliefs are false and adaptive Christianity is exhibit A", "likes_count": 0, "replies_count": 0, "retweets_count": 0, "hashtags": []}
{"id": 1250211141390929928, "date": "2020-04-14", "time": "19:55:38", "tweet": "@up4nething45 @NEPatriots2019 @MikeGiardi @nflnetwork I watched Bill and Tom confer at the end of Super Bowl 53. Brady says \"kick a FG, the game will be over\" Bill then asked Gostkowski how he felt about it and went with the kick. Brady had input.", "likes_count": 0, "replies_count": 0, "retweets_count": 0, "hashtags": []}
{"id": 1250211106976460805, "date": "2020-04-14", "time": "19:55:30", "tweet": "@TheSlouchedBean Thank you for your input", "likes_count": 0, "replies_count": 0, "retweets_count": 0, "hashtags": []}
{"id": 1250211070322540553, "date": "2020-04-14", "time": "19:55:21", "tweet": "@TheSWITCHfan @boizlul I’m so sorry bro you’re so right it is his right thanks for your input and helping me see how wrong I really was", "likes_count": 0, "replies_count": 1, "retweets_count": 0, "hashtags": []}
{"id": 1250211065306234880, "date": "2020-04-14", "time": "19:55:20", "tweet": "@TheCorollary And if he doesn’t play nice with China it doesn’t take much to start choking off our domestic drug manufacturers from their  supplies of input components.", "likes_count": 1, "replies_count": 1, "retweets_count": 0, "hashtags": []}
{"id": 1250211062928064512, "date": "2020-04-14", "time": "19:55:19", "tweet": "Lol pls if you don’t follow me don’t add your input under my shit . Thanks", "likes_count": 12, "replies_count": 1, "retweets_count": 3, "hashtags": []}
{"id": 1250211018145497094, "date": "2020-04-14", "time": "19:55:09", "tweet": "@RetoKromer @BMahol If you had the factors of the input and output too, would make it even more clear", "likes_count": 0, "replies_count": 0, "retweets_count": 0, "hashtags": []}
{"id": 1250210795427893248, "date": "2020-04-14", "time": "19:54:16", "tweet": "@_KeanuReaves @ErikSweden85 @flickapotamus @RGB_SF @Carthemanbrah @JayTechTV @JayDubcity16 @AEGRO @Puertorock77_ @RomeGoLARGE @JayBari_TOA The thing for me is the parallelism of shaders. Each ray and full bounces will happen in microseconds which is the same as polygon generation. Then the GPU swaps to the next mesh/ray independent of dev input. It does not matter if it is same CU or different CU they aren't tied.", "likes_count": 1, "replies_count": 1, "retweets_count": 0, "hashtags": []}
{"id": 1250210782832242688, "date": "2020-04-14", "time": "19:54:13", "tweet": "@REasther @CdennehyChris @Cerberu21014829 @JulietMosesNZ No I was not being sarcastic, just grateful for the input", "likes_count": 1, "replies_count": 1, "retweets_count": 0, "hashtags": []}
{"id": 1250210779665543170, "date": "2020-04-14", "time": "19:54:12", "tweet": "📢If you're a parent/care for a young person experiencing body image issues -researchers at @MonashUni &amp; @Swinburne want your input with the development of a chatbot to help young people with their body image concerns &amp; provide advice to parents/carers.  👉 https://t.co/VXlHmom4eE  https://t.co/oNF6f4HKyP", "likes_count": 10, "replies_count": 0, "retweets_count": 10, "hashtags": []}
{"id": 1250210775114960896, "date": "2020-04-14", "time": "19:54:11", "tweet": "@Jeremybballer @JeremyWinsor Thanks for your input!", "likes_count": 1, "replies_count": 0, "retweets_count": 0, "hashtags": []}
{"id": 1250210754621562886, "date": "2020-04-14", "time": "19:54:06", "tweet": "@up4nething45 @NEPatriots2019 @MikeGiardi @nflnetwork I haven't read anything saying he didn't have input. I have read that he wanted some say in personnel and game plans. With how close him and MvDaniels were he certainly was involved in the offensive game planning and play calling.", "likes_count": 0, "replies_count": 1, "retweets_count": 0, "hashtags": []}
{"id": 1250210693997043712, "date": "2020-04-14", "time": "19:53:51", "tweet": "@Allief0rnia I need input from you haha", "likes_count": 1, "replies_count": 1, "retweets_count": 0, "hashtags": []}
{"id": 1250210642549768192, "date": "2020-04-14", "time": "19:53:39", "tweet": "@brithume Disagree.   It’s important to get input from many and it shows he is reaching out to all sectors", "likes_count": 0, "replies_count": 0, "retweets_count": 0, "hashtags": []}
{"id": 1250210590817214465, "date": "2020-04-14", "time": "19:53:27", "tweet": "@JoravBen from @Chicago_Reader offers his input to @JoeBiden if he's hoping on swaying Bernie supporters   https://t.co/1UrgJ89aAw", "likes_count": 0, "replies_count": 0, "retweets_count": 0, "hashtags": []}
{"id": 1250210530586812416, "date": "2020-04-14", "time": "19:53:12", "tweet": "Why are you so negative? When a national crisis is in place the president has the power. Trump said from the beginning he won’t open up the country without Governor input!! Report the truth, not a biased opinion. Don’t get how you accept your paycheque!", "likes_count": 0, "replies_count": 0, "retweets_count": 0, "hashtags": []}
{"id": 1250210443865600002, "date": "2020-04-14", "time": "19:52:52", "tweet": "@CharlesMattP @darrenrovell Correction: Cuban will try to show he’s smarter than the President OR Cuban  will offer input that will make a difference for the fans and benefit America.", "likes_count": 0, "replies_count": 1, "retweets_count": 0, "hashtags": []}
{"id": 1250210395576586240, "date": "2020-04-14", "time": "19:52:40", "tweet": "@mkraju POTUS dismisses medical specialists input daily. Clearly he’s ALWAYS the smartest person in the room. Unfortunately his “medical knowledge” would fit on the head of a pin with considerable room left over!  https://t.co/0lSzvKPQjX", "likes_count": 0, "replies_count": 0, "retweets_count": 0, "hashtags": []}
{"id": 1250210229356310528, "date": "2020-04-14", "time": "19:52:01", "tweet": "@StephenAtHome You should have a Twitter segment about people writing in, comments about the guests, etc. Like you need my input but just in case...", "likes_count": 0, "replies_count": 0, "retweets_count": 0, "hashtags": []}
{"id": 1250210168295567371, "date": "2020-04-14", "time": "19:51:46", "tweet": "@kiernanlaveaux thanks for your input as usual Shane", "likes_count": 2, "replies_count": 0, "retweets_count": 0, "hashtags": []}
{"id": 1250210145310846976, "date": "2020-04-14", "time": "19:51:41", "tweet": "@djtara is this the model you have?  Is the input stereo?   https://t.co/ihtkbTxXlV", "likes_count": 1, "replies_count": 1, "retweets_count": 0, "hashtags": []}
{"id": 1250210103669796865, "date": "2020-04-14", "time": "19:51:31", "tweet": "@Niall_Boylan as long as they have give eamon ryan of the irritant greens in any govt position ,we got rid of them completely before ,we do not want any greens input on govt", "likes_count": 0, "replies_count": 0, "retweets_count": 0, "hashtags": []}
{"id": 1250210101820096513, "date": "2020-04-14", "time": "19:51:30", "tweet": "(Also useful to think about why pointers, windows and multitouch could work as universal input layers where pens and voice do not. )", "likes_count": 11, "replies_count": 1, "retweets_count": 0, "hashtags": []}
{"id": 1250210000032739328, "date": "2020-04-14", "time": "19:51:06", "tweet": "@Sbu_Rocks @Aya_Lelz Bathong, Sbu. This isn’t 2002 :/ your input is weird.", "likes_count": 0, "replies_count": 1, "retweets_count": 0, "hashtags": []}
{"id": 1250209893723672576, "date": "2020-04-14", "time": "19:50:41", "tweet": "@35_Fitz I wish you well in your current and future endeavors your input to the game of basketball will always be greatly appreciative.", "likes_count": 0, "replies_count": 0, "retweets_count": 0, "hashtags": []}
{"id": 1250209887503745032, "date": "2020-04-14", "time": "19:50:39", "tweet": "It was so smooth. The air was crystal clear and the Champ just motored along without much input.   Tony let me fly on the way out.   Found a corn maze on the way.  https://t.co/TMkivEgpzK", "likes_count": 2, "replies_count": 0, "retweets_count": 0, "hashtags": []}
{"id": 1250209694783700992, "date": "2020-04-14", "time": "19:49:53", "tweet": "I really appreciate how he always valued public input with this, Google, and everything else.", "likes_count": 1, "replies_count": 1, "retweets_count": 0, "hashtags": []}
{"id": 1250209691935756290, "date": "2020-04-14", "time": "19:49:52", "tweet": "I’ve been watching all of the old meetings about past transportation measures and this clip from Don Rocha (old D9 CM) about public input is so good!!!  https://t.co/N6JNa0vwSZ", "likes_count": 2, "replies_count": 1, "retweets_count": 0, "hashtags": []}
{"id": 1250209574948425728, "date": "2020-04-14", "time": "19:49:25", "tweet": "I hope Vince still has Dr. Zahorian's number so he can give the President some medical input.", "likes_count": 4, "replies_count": 1, "retweets_count": 0, "hashtags": []}
{"id": 1250209532258574336, "date": "2020-04-14", "time": "19:49:14", "tweet": "@MrDumbBitch Honestly your input was tight. I don’t have a demo tonight but will also be there.", "likes_count": 3, "replies_count": 0, "retweets_count": 0, "hashtags": []}
{"id": 1250209520493768711, "date": "2020-04-14", "time": "19:49:12", "tweet": "@TundeIrukera Publicizing a platform to encourage people to come forward with some level of anonymity will see the numbers go up. The anonymity'll be the extent to which the Whistle-blower laws can go. It should be a multiplatform tool that will serve as input for social rating of businesses.", "likes_count": 0, "replies_count": 0, "retweets_count": 1, "hashtags": []}
{"id": 1250209436871745537, "date": "2020-04-14", "time": "19:48:52", "tweet": "Congrats to our MD Honours student Nikki Chung who has published \"Does the Proximity of Meals to Bedtime Influence the Sleep of Young Adults?\" in @IJERPH_MDPI  https://t.co/SBF0E7438F #openaccess  Thanks to @peter_cistulli and @ChinMoiChow for their input! #CPCSleep @CPC_usyd", "likes_count": 14, "replies_count": 2, "retweets_count": 2, "hashtags": ["openaccess", "cpcsleep"]}
{"id": 1250209407843143681, "date": "2020-04-14", "time": "19:48:45", "tweet": "@up4nething45 @NEPatriots2019 @MikeGiardi @nflnetwork I think Brady had a little more input than people think.", "likes_count": 0, "replies_count": 1, "retweets_count": 0, "hashtags": []}
{"id": 1250209405121036289, "date": "2020-04-14", "time": "19:48:44", "tweet": "Universal Audio Arrow Thunderbolt 3 Interface Like new! Solo DSP Processor 2 Unison mic preamps Built-in effects 24 bit/192khz conversion Guitar input on front HPF, phase, phantom power, pad, and stereo link…  https://t.co/j0N34zE9LM", "likes_count": 0, "replies_count": 0, "retweets_count": 0, "hashtags": []}
{"id": 1250209319418814464, "date": "2020-04-14", "time": "19:48:24", "tweet": "@debzi @lord_curzon @nasscom @DHS_Wolf @realDonaldTrump @timesofindia . @Bablu2515 @debzi Granted TOI tends to stretch things, but then so do #ImmigrationLawyers. I've found TOI will report things that U.S. #MainstreamMedia omit. This is an area we'll have to watch carefully and keep up pressure. As always, thank you for input.", "likes_count": 3, "replies_count": 0, "retweets_count": 0, "hashtags": ["immigrationlawyers", "mainstreammedia"]}
{"id": 1250209240985276425, "date": "2020-04-14", "time": "19:48:05", "tweet": "@thedynastydon GM should run the show. Coach has input, GM should have final say", "likes_count": 1, "replies_count": 1, "retweets_count": 0, "hashtags": []}
{"id": 1250209225109839876, "date": "2020-04-14", "time": "19:48:01", "tweet": "@gofundme - There's a major glitch happening now in your @Adyen verification process. I'm trying to set myself up to withdraw funds, but the @Adyen form won't let me input my birthday, even when I enter it correctly. Pls urgently look into this; it won't let me complete the form.", "likes_count": 0, "replies_count": 0, "retweets_count": 0, "hashtags": []}
{"id": 1250209216419237889, "date": "2020-04-14", "time": "19:47:59", "tweet": "@JodieMoss76 @RealCandaceO @WholeFoods Thank you Princess for your input, now put down your magic wand, it was just an unexpected occurance.", "likes_count": 0, "replies_count": 0, "retweets_count": 0, "hashtags": []}
{"id": 1250209154188247040, "date": "2020-04-14", "time": "19:47:44", "tweet": "Input needed:   In 2015, @Avengers Age of Ultron shared it’s box office weekend with the Mayweather-Pacquiao fight. Knowing what we know now, would Ultron have made more $ its opening weekend (191mil) than @starwars Force Awakens did (247mil) had the fight never happen?", "likes_count": 0, "replies_count": 1, "retweets_count": 1, "hashtags": []}
{"id": 1250209120755617793, "date": "2020-04-14", "time": "19:47:36", "tweet": "@gothsoftgirl Yeah, that's what I was leaning towards, and that seems to be the general consensus. Thank you for your input!", "likes_count": 1, "replies_count": 1, "retweets_count": 0, "hashtags": []}
{"id": 1250209094541160450, "date": "2020-04-14", "time": "19:47:30", "tweet": "Input a short item name #PUBG Another day, another bug 😉  https://t.co/NXzA38KIgA", "likes_count": 1, "replies_count": 0, "retweets_count": 1, "hashtags": ["pubg"]}
{"id": 1250208925368160257, "date": "2020-04-14", "time": "19:46:50", "tweet": "@LambieMark @raylewis my sons and I are doing a project on grit and we would like your input. 1.What is your definition of grit?  2.What is your grit score (you can find out with the link below)  https://t.co/UzpHPEKaWs  3.Who was the grittiest person you know? Thanks", "likes_count": 0, "replies_count": 0, "retweets_count": 0, "hashtags": []}
{"id": 1250208864961789954, "date": "2020-04-14", "time": "19:46:35", "tweet": "@Zfinix1 hello zee... been tryna get this input field to change to a color of my choice, any help???  https://t.co/y9Hqa7lEK4", "likes_count": 2, "replies_count": 1, "retweets_count": 0, "hashtags": []}
{"id": 1250208864101904384, "date": "2020-04-14", "time": "19:46:35", "tweet": "@Acosta Yesterday you were screaming he wouldn't let the governors input. Today you're screaming he will. You're such a dishonest person. Can't even call you a \"reporter\" because reporters report; you just make shit up.", "likes_count": 0, "replies_count": 0, "retweets_count": 0, "hashtags": []}
