{"id": 1219771559675670531, "date": "2020-01-21", "time": "18:59:36", "tweet": "hey @YPDP_A12 and other russian-speaking fans, I am informed by another russian-speaking friend that shinnok's name means \"puppy\" in russian, can you offer any input on this", "likes_count": 17, "replies_count": 7, "retweets_count": 0, "hashtags": []}
{"id": 1219771404956008448, "date": "2020-01-21", "time": "18:58:59", "tweet": "yeah, this account, I do own. but thanks for your input. hope you have a nice day 👍🏻", "likes_count": 0, "replies_count": 2, "retweets_count": 0, "hashtags": []}
{"id": 1219771400967327745, "date": "2020-01-21", "time": "18:58:58", "tweet": "Oh, but I'm sure their input was minimal and inconsequential to the final product, right? Right? (sarc)", "likes_count": 2, "replies_count": 1, "retweets_count": 0, "hashtags": []}
{"id": 1219771398052360192, "date": "2020-01-21", "time": "18:58:58", "tweet": "@IrvingFisher16 @kylegriffin1 Thanks for your input, Nixon-Goldwater Republican. 🙄 I'm sure you're aware that Goldwater was an outright racist.", "likes_count": 2, "replies_count": 0, "retweets_count": 0, "hashtags": []}
{"id": 1219771275943403520, "date": "2020-01-21", "time": "18:58:29", "tweet": "@NireBryce Doesn't it dry out your nose, so your getting less input from olfactory compared to taste receptors? So it makes strong savory things taste better", "likes_count": 0, "replies_count": 0, "retweets_count": 0, "hashtags": []}
{"id": 1219771254300971012, "date": "2020-01-21", "time": "18:58:23", "tweet": "@AltoCarol @rosieslewis @australian @SkyNewsAust ...besides all the experts that he has received input from.", "likes_count": 0, "replies_count": 0, "retweets_count": 0, "hashtags": []}
{"id": 1219771205873479680, "date": "2020-01-21", "time": "18:58:12", "tweet": "@GccSkibs @Escabreraen OOOOH thank you. :D  I'll have original costume colors available by default and I'll also allow custom color selections ontop of that.   I appreciate your input &lt;3", "likes_count": 2, "replies_count": 1, "retweets_count": 0, "hashtags": []}
{"id": 1219771183488479232, "date": "2020-01-21", "time": "18:58:07", "tweet": "@chrismcquarrie Would love to see your input in the Trek Universe", "likes_count": 1, "replies_count": 0, "retweets_count": 0, "hashtags": []}
{"id": 1219770855720275968, "date": "2020-01-21", "time": "18:56:48", "tweet": "@pacarnyaardhito Belom, itu karna nilai agama nya C tapi ternyata bapak nya salah input jadi dh naik lagi nilainya", "likes_count": 0, "replies_count": 1, "retweets_count": 0, "hashtags": []}
{"id": 1219770804373729280, "date": "2020-01-21", "time": "18:56:36", "tweet": "@TeresaGrabs I'm not assuming that at all. I'm just saying that the best way to do it is to go ahead and do it. It's like learning a language, there's only very little you can learn in theory, and everything else - EVERYTHING ELSE - is practice, input and imitation until you make it your own.", "likes_count": 0, "replies_count": 4, "retweets_count": 0, "hashtags": []}
{"id": 1219770769007202305, "date": "2020-01-21", "time": "18:56:28", "tweet": "@EternityGoW @Affinitykami @SteelCityy @FatalStryke @NunezGoW @McNuguid @PeteNub I mean CSGO beta and initial launch was pretty terrible, they had to do a lot of work to get the game where it is now but it was mostly input from the pros at the time (CSSal and 1.6) that built a solid foundation on top of what the game always meant to accomplish", "likes_count": 1, "replies_count": 0, "retweets_count": 0, "hashtags": []}
{"id": 1219770757124972546, "date": "2020-01-21", "time": "18:56:25", "tweet": "@JapanBoardGamer Thanks for the input! So if the gameplay was the same but the meta game created a different experience, would you say it’s safer to keep it at 4?", "likes_count": 0, "replies_count": 1, "retweets_count": 0, "hashtags": []}
{"id": 1219770630083506177, "date": "2020-01-21", "time": "18:55:55", "tweet": "Procfileの拡張子が分からなくてたどり着いた結論→不要でした。 Herokuに必要なProcfileの書き方についてまとめておく  https://t.co/N4IPu23A00 @creepfablicより", "likes_count": 1, "replies_count": 0, "retweets_count": 0, "hashtags": []}
{"id": 1219770587779715072, "date": "2020-01-21", "time": "18:55:45", "tweet": "Should I be worried that at nearly every teacher PD I find myself searching job listings to get myself the hell out of teaching? The dumb ass decisions, lack of teacher input, etc. is killing me.", "likes_count": 25, "replies_count": 5, "retweets_count": 0, "hashtags": []}
{"id": 1219770427720921090, "date": "2020-01-21", "time": "18:55:06", "tweet": "@lessmoniquee Thanks for the input :)", "likes_count": 0, "replies_count": 0, "retweets_count": 0, "hashtags": []}
{"id": 1219770332032065537, "date": "2020-01-21", "time": "18:54:44", "tweet": "@whimsyvalentine @LorenaAD80 Like your post_your right not much thought or input into AB5_i join those who are affected an support the efforts to repeal/rescind AB5👍.", "likes_count": 3, "replies_count": 0, "retweets_count": 0, "hashtags": []}
{"id": 1219770303108153344, "date": "2020-01-21", "time": "18:54:37", "tweet": "昨日からずっとMayaで作ったアニメーションが、Unityで再生できない状況が続いてたけど解決！ モデル出力時にinput ConnectionをOFFしたら、アニメーションの出力時もOFFしなきゃいけなかったみたい。横着しててBake Animationだけ設定してた。3Dはこういうので半日詰んだりするので辛い。  https://t.co/bSsldr45ox", "likes_count": 1, "replies_count": 0, "retweets_count": 0, "hashtags": []}
{"id": 1219770274641477632, "date": "2020-01-21", "time": "18:54:30", "tweet": "😂 the irony of a Brexit party MEP only just realising that she no longer has any input in the European Parliament, and complaining about it 🙈  It's what you voted for you thick cunt !!!  #BeyondParody", "likes_count": 1, "replies_count": 0, "retweets_count": 0, "hashtags": ["beyondparody"]}
{"id": 1219770245411373061, "date": "2020-01-21", "time": "18:54:23", "tweet": "@emmybue I don’t think losing the electoral college by 60,000 votes qualifies as a spectacular fail.  She lost by a narrow enough margin that her input is valuable. Especially when she is talking about Bernie, the dude who lost to Hillary in the primary.", "likes_count": 1, "replies_count": 1, "retweets_count": 0, "hashtags": []}
{"id": 1219770233742819329, "date": "2020-01-21", "time": "18:54:20", "tweet": "@LaChinaRobinson @linzsports This is smart.  ...  But also there are a few train wrecks I occasionally pop on to catch an update.   Pro Tip: When divorcing, please don’t negotiate the terms of your divorce in Facebook statuses/comments with all of your friends/family giving input. It’s a lot.", "likes_count": 2, "replies_count": 0, "retweets_count": 0, "hashtags": []}
