{"id": 1239702942065836035, "date": "2020-03-16", "time": "19:59:48", "tweet": "@RealJamesWoods There was nothing wrong with that, It was hilarious !!!🤣🤣🤣", "likes_count": 0, "replies_count": 0, "retweets_count": 0, "hashtags": []}
{"id": 1239702941508009985, "date": "2020-03-16", "time": "19:59:48", "tweet": "This whole Coronavirus shit to me is a social experiment, bitch ass government wants to see how we react to us being on lockdown. 🤷🏽‍♀️ thats just my input though.", "likes_count": 4, "replies_count": 0, "retweets_count": 0, "hashtags": []}
{"id": 1239702919928152064, "date": "2020-03-16", "time": "19:59:43", "tweet": "@prodigalbeam I think so too =x= seems more natural too even tho the blue is fun hehe thank u for input =q=", "likes_count": 0, "replies_count": 1, "retweets_count": 0, "hashtags": []}
{"id": 1239702903562080258, "date": "2020-03-16", "time": "19:59:39", "tweet": "Thank you mama  follow the brand when you get a chance please... I appreciate your input 🥰💕💕💕 @mmv8wear", "likes_count": 1, "replies_count": 1, "retweets_count": 0, "hashtags": []}
{"id": 1239702811043975168, "date": "2020-03-16", "time": "19:59:17", "tweet": "@Pomsrambles SO IT SHALL BE =q= thank u for input", "likes_count": 1, "replies_count": 0, "retweets_count": 0, "hashtags": []}
{"id": 1239702793683943424, "date": "2020-03-16", "time": "19:59:13", "tweet": "Which is all fine if you’re, say, a nerdy superforecaster, or analyst, or programmer, whose input, advice &amp; conclusions are discrete &amp; subject to a process of filtering &amp; discussion &amp; management by others with perhaps less focus but higher levels of cognitive executive function.", "likes_count": 1, "replies_count": 2, "retweets_count": 0, "hashtags": []}
{"id": 1239702785890926592, "date": "2020-03-16", "time": "19:59:11", "tweet": "@cutiger82 @RobinSueWho @MattShe46727952 @Freedom45409351 @RealJamesWoods 🤣", "likes_count": 0, "replies_count": 0, "retweets_count": 0, "hashtags": []}
{"id": 1239702775887360003, "date": "2020-03-16", "time": "19:59:08", "tweet": "@Phenylart I finally get to work on Nocturne stuff again bcuz I'm boarding it for my thesis hehe THANK U FOR INPUT PHEN I'm thinking black seems the way to go hehe", "likes_count": 1, "replies_count": 0, "retweets_count": 0, "hashtags": []}
{"id": 1239702713387986946, "date": "2020-03-16", "time": "19:58:54", "tweet": "@janieo @truthtotweet @sabrina68 @patrickcook28 @PatTheBerner @ThiaBallerina @grahamelwood Of course,  in the wider scheme of things it certainly isn’t a big deal.I don’t care at all if somebody blocks me,but when it comes from someone who is supposed to be a progressive supporter it , perhaps strangely to some,raises my curiosity.Thanks for your input 🙏", "likes_count": 1, "replies_count": 1, "retweets_count": 0, "hashtags": []}
{"id": 1239702629246062592, "date": "2020-03-16", "time": "19:58:34", "tweet": "@VLongobardo They'd better not cater to corporations again just because their rapidly written tax scam, not thought out &amp; with little Democratic input allowed, caught a few businesses by the privates!  After the break corporations received, they can make do.", "likes_count": 1, "replies_count": 0, "retweets_count": 0, "hashtags": []}
{"id": 1239702434114605056, "date": "2020-03-16", "time": "19:57:47", "tweet": "@smethwickmon @jessphillips Thanks for your input troll farmer", "likes_count": 0, "replies_count": 0, "retweets_count": 0, "hashtags": []}
{"id": 1239702123111014405, "date": "2020-03-16", "time": "19:56:33", "tweet": "@OakyDeer TRUE black eye charas are rare =x= they feel more right to me I think but the blue felt kind of trad goth and interesting too so I wasn't sure hehe =q= thank u for input", "likes_count": 1, "replies_count": 0, "retweets_count": 0, "hashtags": []}
{"id": 1239702036184043525, "date": "2020-03-16", "time": "19:56:12", "tweet": "@robertheron I used it to connect my dad’s old VCR to the new 86” LG here. It worked better than trying to use the AVR’s legacy analog input.", "likes_count": 1, "replies_count": 0, "retweets_count": 0, "hashtags": []}
{"id": 1239702014981861376, "date": "2020-03-16", "time": "19:56:07", "tweet": "@skinnerarts Sarah Skinner, thank you for your input on what you believe that I believe about what I believe. It’s insightful!", "likes_count": 1, "replies_count": 1, "retweets_count": 0, "hashtags": []}
{"id": 1239701992609636353, "date": "2020-03-16", "time": "19:56:02", "tweet": "@CoreySurles Lol amazing answer Corey, thanks for your input/perspective!", "likes_count": 1, "replies_count": 0, "retweets_count": 0, "hashtags": []}
{"id": 1239701898988417024, "date": "2020-03-16", "time": "19:55:39", "tweet": "@bananadumbledor yeah I was thinking maybe the black felt more grounded whereas the blue feels more fantasy hmm... I think I might keep them black =x= thank for input", "likes_count": 1, "replies_count": 0, "retweets_count": 0, "hashtags": []}
{"id": 1239701865115332610, "date": "2020-03-16", "time": "19:55:31", "tweet": "@hancocktom They're still sticking with their input that the case fatality rate will only be 0.9%. Italy is currently at 7.7%. That will be the next figure to change the figures. That would be 2.2m deaths.   \"The model was right but the assumptions were wrong\" is classic.", "likes_count": 17, "replies_count": 5, "retweets_count": 5, "hashtags": []}
{"id": 1239701804910120960, "date": "2020-03-16", "time": "19:55:17", "tweet": "@tsubakitogo I was thinking so too but blue also looked spicy so I wasn't sure =x= thank u for input", "likes_count": 0, "replies_count": 0, "retweets_count": 0, "hashtags": []}
{"id": 1239701436931297280, "date": "2020-03-16", "time": "19:53:49", "tweet": "Good for you @NHLFlames. Glad to know that sober second thought (with public input) brought the decision to support your staff.", "likes_count": 3, "replies_count": 0, "retweets_count": 0, "hashtags": []}
{"id": 1239701418883178496, "date": "2020-03-16", "time": "19:53:45", "tweet": "@Radosity I'm really excited, bud. Took me a while but getting the input down about 50% of the time. Time to build up the muscle memory to make it 100%.", "likes_count": 1, "replies_count": 1, "retweets_count": 0, "hashtags": []}
