{"id": 1240790016286212096, "date": "2020-03-19", "time": "19:59:27", "tweet": "@PostOutlook We don’t need your input. At all.", "likes_count": 0, "replies_count": 0, "retweets_count": 0, "hashtags": []}
{"id": 1240789862447538176, "date": "2020-03-19", "time": "19:58:50", "tweet": "@RandyVegetables @luismen1991 Appreciate your input, however two wrongs don’t make a right. This is a time for people to come together and instead the US President wishes to separate us and use this as a political tool. For instance, people are having this argument right now 😂", "likes_count": 0, "replies_count": 1, "retweets_count": 0, "hashtags": []}
{"id": 1240789802234138625, "date": "2020-03-19", "time": "19:58:36", "tweet": "@RonaldKlain @ChelseaClinton What makes you qualified to comment on world events? Your mother lost the Presidency twice, and your father served his term by being “serviced.” We don’t need your input.", "likes_count": 0, "replies_count": 0, "retweets_count": 0, "hashtags": []}
{"id": 1240789752661540864, "date": "2020-03-19", "time": "19:58:24", "tweet": "Feedback, input responses, bugs, glitches, the ability to solve problems in multiple ways, features in the actual game, etc. are all objective or at least quantifiable.", "likes_count": 0, "replies_count": 0, "retweets_count": 0, "hashtags": []}
{"id": 1240789700484509696, "date": "2020-03-19", "time": "19:58:12", "tweet": "@aerwaves_ @AndrewGillum Don’t want his support. But thanks for the input.", "likes_count": 22, "replies_count": 1, "retweets_count": 0, "hashtags": []}
{"id": 1240789577578606592, "date": "2020-03-19", "time": "19:57:42", "tweet": "@HillaryClinton @realDonaldTrump We don’t need any input from you, ghoul woman. 🛑", "likes_count": 0, "replies_count": 0, "retweets_count": 0, "hashtags": []}
{"id": 1240789499044679682, "date": "2020-03-19", "time": "19:57:23", "tweet": "@ThatDamnTy See these damn kids don’t know how to sit down somewhere , she had an input bout your trip?", "likes_count": 0, "replies_count": 1, "retweets_count": 0, "hashtags": []}
{"id": 1240789496465166339, "date": "2020-03-19", "time": "19:57:23", "tweet": "Warren....Shut Up, you had your chance. You are a Loser, the people told you so....we don’t need your input....", "likes_count": 0, "replies_count": 0, "retweets_count": 0, "hashtags": []}
{"id": 1240789479343951872, "date": "2020-03-19", "time": "19:57:19", "tweet": "@CSmallsWright @PamBoling We hope you enjoy the experience!! Come by our page or check us out on Facebook, or Instagram. We have tons of information to share with you and would love to hear your input. Hope you have a blessed day!", "likes_count": 0, "replies_count": 0, "retweets_count": 0, "hashtags": []}
{"id": 1240789439783120897, "date": "2020-03-19", "time": "19:57:09", "tweet": "@wakabagou 年をとり、だんだんと「好き」が薄くなり、「できること」をそれなりにこなし、こうなりたいが適当になってきて、頑張って広げたはずの三つの円がぼんやりしてきてしまいますね。あの三つの円は自分の本質、迷った時に立ち還る場所ですね。input output 内省をいつでも忘れずにいようと思いました。", "likes_count": 1, "replies_count": 1, "retweets_count": 0, "hashtags": []}
{"id": 1240789436549320706, "date": "2020-03-19", "time": "19:57:09", "tweet": "So how do we create an operation that disperses into components that operate on each sensor input.  Such as being able to define an object, say A Bird. Then figuring out which parts that make it a bird are auditory, without compressing the object into a summary that it is a bird.", "likes_count": 0, "replies_count": 1, "retweets_count": 0, "hashtags": []}
{"id": 1240789267519025157, "date": "2020-03-19", "time": "19:56:28", "tweet": "@cbuslocallove Can you please DM us screenshots of what you’re seeing as you input your order?", "likes_count": 1, "replies_count": 1, "retweets_count": 0, "hashtags": []}
{"id": 1240789231120846853, "date": "2020-03-19", "time": "19:56:20", "tweet": "@izonebu @ohmytzuyuu NO ONE ASKED FOR THE INPUT DAI", "likes_count": 1, "replies_count": 0, "retweets_count": 0, "hashtags": []}
{"id": 1240789206504558593, "date": "2020-03-19", "time": "19:56:14", "tweet": "@NathiSeidel Des krasseste wissen habe ich wahrscheinlich nicht, aber bissel Input kann ich vllt. geben. Was genau brauchst denn?", "likes_count": 1, "replies_count": 1, "retweets_count": 0, "hashtags": []}
{"id": 1240789057585606657, "date": "2020-03-19", "time": "19:55:38", "tweet": "@YourFriendKyle_ @stacksats007 Nothing in the update effects this! Unfortunately the notes didn't make this clear at first...  https://t.co/C2uFNEiB4T  Pitch Velo is a minor input in resulting exit velo IRL and IG based on science.👨‍💼 For Exit Velos, batter attributes obvi matter A TON... swing type too.", "likes_count": 23, "replies_count": 5, "retweets_count": 7, "hashtags": []}
{"id": 1240788987641552896, "date": "2020-03-19", "time": "19:55:22", "tweet": "Hosp.Pascale (Naples) started today the trial of #TOCILIZUMAB, based on a protocol readied in record time by AIFA. All hospitals who want to take part can input patients' data on a shared platform. 330 is the # of cases to study.    1/2", "likes_count": 4, "replies_count": 1, "retweets_count": 3, "hashtags": ["tocilizumab"]}
{"id": 1240788977969438721, "date": "2020-03-19", "time": "19:55:19", "tweet": "@ChelseaClinton @HillaryClinton This is unprecedented. And, despite your mother’s input thinking she has all the answers? Newsflash: NONE of you could handle this pandemic any better! Anyone who thinks they can? Step up! Sick of the hate. This is NOT the time!! 😡", "likes_count": 0, "replies_count": 0, "retweets_count": 0, "hashtags": []}
{"id": 1240788907341410304, "date": "2020-03-19", "time": "19:55:02", "tweet": "@KotaFN @lmaoSly @Bugzvii There’s no reason for him to switch he isn’t complaint about kbm so why would he switch and have to learn mechanics all over again the whole input switching is dumb asf", "likes_count": 1, "replies_count": 0, "retweets_count": 0, "hashtags": []}
{"id": 1240788876639137792, "date": "2020-03-19", "time": "19:54:55", "tweet": "Tensoring inputs from sensors to represent state results in compression.  A compressed model of the input states, in a convolution.  In that prediction is a vector extrapolation. I think this tensoring loses finesse.  https://t.co/URIZePA6ZB", "likes_count": 0, "replies_count": 1, "retweets_count": 0, "hashtags": []}
{"id": 1240788820506927113, "date": "2020-03-19", "time": "19:54:42", "tweet": "@jpatanooga I've started an inventory of local printing resources, I think it's a bit premature to just start making stuff without definite input from medical community, but it would be nice to have local resources at ready", "likes_count": 1, "replies_count": 1, "retweets_count": 0, "hashtags": []}
