{"id": 1229918497414754309, "date": "2020-02-18", "time": "18:59:55", "tweet": "@lbloveslife1964 @littledeekay Lisa, I REALLY wish Democrats would SEE this! It's one thing for us Dems to thoughtfully vet pros/cons of OUR primary candidates. But Trump's trying to grab OUR primaries by the p... &amp; Democrats should NOT enable him by giving his disingenuous \"input\" ANY amplification!!", "likes_count": 1, "replies_count": 0, "retweets_count": 0, "hashtags": []}
{"id": 1229918401247764482, "date": "2020-02-18", "time": "18:59:32", "tweet": "There is a student council meeting tomorrow (Wednesday 2/19) morning at 7:30am in room 109.   Anyone who wants to help plan the Trinity Werk activities and assemblies should attend.   We’re always looking for new ideas and input!", "likes_count": 0, "replies_count": 0, "retweets_count": 0, "hashtags": []}
{"id": 1229918399674945541, "date": "2020-02-18", "time": "18:59:31", "tweet": "@mickeymcmanus @RainAgency Nice: \"Both input and output are faster with voice. Compound that efficiency with the time saved by dodging the rabbit hole of screen-based visual distraction. When using voice, we not only process information faster, we lower the risk of new info competing for our attention..\"", "likes_count": 1, "replies_count": 0, "retweets_count": 0, "hashtags": []}
{"id": 1229918358423863296, "date": "2020-02-18", "time": "18:59:22", "tweet": "@aprjohnson @empresslavellan And, we do work for the planetary collective without asking for their input. They all busy out there making money and politics. I don't see how doing a Violet Flame meditation for a loved one especially one whose state is affecting you, is a bad thing.", "likes_count": 0, "replies_count": 1, "retweets_count": 0, "hashtags": []}
{"id": 1229918259610177536, "date": "2020-02-18", "time": "18:58:58", "tweet": "Some called it \"Khalid Samad's PSKL 2040\". My input was minimal, if any. It is the result of many hours of hard work by town planners and other professionals, from DBKL, academia and independent professional bodies, as well as consultants. To call it mine is to belittle it..", "likes_count": 44, "replies_count": 6, "retweets_count": 14, "hashtags": []}
{"id": 1229918247799152640, "date": "2020-02-18", "time": "18:58:55", "tweet": "@mahfoudhsellakh We understand how you feel about the input keyboard that is not working and we’ll do our best to help you with this, Mah. Just to confirm, are you getting any error messages when experiencing the issue? Also, were there any changes made before the issue happened? –jeh", "likes_count": 0, "replies_count": 1, "retweets_count": 0, "hashtags": []}
{"id": 1229918232355561474, "date": "2020-02-18", "time": "18:58:52", "tweet": "Wow elaborate gadget interface, no edit feature...    Lots of input mistakes.. An Odin lag. You are so tech here.  Show me #Gishida's way.", "likes_count": 0, "replies_count": 0, "retweets_count": 0, "hashtags": ["gishida"]}
{"id": 1229918150847860736, "date": "2020-02-18", "time": "18:58:32", "tweet": "@Chayyslayys Yea they are extra af with the vocabulary, but he always has an input on gays and their lifestyle. Nigga you been in jail for how long? Niggas use to fuck each other right on top of your bunk bed stop acting like you new to this 🙄 he annoys me", "likes_count": 0, "replies_count": 0, "retweets_count": 0, "hashtags": []}
{"id": 1229918136104837120, "date": "2020-02-18", "time": "18:58:29", "tweet": "Somebody emails my website and says, very respectfully, he'd like my input and guidance on something that seems legit and important.  I say, sure, happy to help.  He responds, I'm busy for the next three weeks, I'll be back in touch when things die down.  Good grief.", "likes_count": 10, "replies_count": 2, "retweets_count": 0, "hashtags": []}
{"id": 1229917898845687810, "date": "2020-02-18", "time": "18:57:32", "tweet": "Thank you for your input in Discussion 4! Have a good night! Remember to submit proof of your discussion to the week folder! #CUIN3313", "likes_count": 2, "replies_count": 1, "retweets_count": 1, "hashtags": ["cuin3313"]}
{"id": 1229917727130701825, "date": "2020-02-18", "time": "18:56:51", "tweet": "New #NAFTA needs economic, environmental, and social impact studies, and more opportunities for public input. Tell the International Trade Committee that it's time to democratize trade agreements!   #CUSMA #cdnpoli @HoCCommittees #CIIT  https://t.co/DhAyCFcx0q", "likes_count": 1, "replies_count": 0, "retweets_count": 0, "hashtags": ["nafta", "cusma", "cdnpoli", "ciit"]}
{"id": 1229917701558226946, "date": "2020-02-18", "time": "18:56:45", "tweet": "Cld the goddamned #GoC #CRA be more absolutely obtuse? WTF does this even mean?:This only applies to businesses that have filed election form RC4531, Election or Revocation of an Election to Use the Estimation and Reconciliation Method to Report the Recapture of Input Tax Credits", "likes_count": 0, "replies_count": 1, "retweets_count": 0, "hashtags": ["goc", "cra"]}
{"id": 1229917644494704640, "date": "2020-02-18", "time": "18:56:31", "tweet": "Leader says it's useful to seek input from those that have already been there  https://t.co/wVG9Ho9m3p", "likes_count": 0, "replies_count": 0, "retweets_count": 0, "hashtags": []}
{"id": 1229917596494913536, "date": "2020-02-18", "time": "18:56:20", "tweet": "Salah ketik minta maaf selesai. Salah input berkas langsung gagal masuk.  Hahaha~", "likes_count": 0, "replies_count": 0, "retweets_count": 2, "hashtags": []}
{"id": 1229917517885427712, "date": "2020-02-18", "time": "18:56:01", "tweet": "Thanks to everyone who joined us for the first library public input meeting! If you missed it, please join us Wednesday from 10a-12p in Assembly Hall.  https://t.co/XQJU6lIUd1", "likes_count": 1, "replies_count": 0, "retweets_count": 0, "hashtags": []}
{"id": 1229917506476953600, "date": "2020-02-18", "time": "18:55:58", "tweet": "@LinusTech  Input on Samsung Dex. Pros Vs Cons", "likes_count": 0, "replies_count": 0, "retweets_count": 0, "hashtags": []}
{"id": 1229917467993985024, "date": "2020-02-18", "time": "18:55:49", "tweet": "@ballchain1 @HotepJesus Appreciate your input. It’s alright. This guy is going to fade away in a year but he was entertaining at times.", "likes_count": 0, "replies_count": 0, "retweets_count": 0, "hashtags": []}
{"id": 1229917374771384321, "date": "2020-02-18", "time": "18:55:27", "tweet": "@Cooon_Serenity @anie__vee @lovegrams11 Pretty sure Wade didn’t put it out there for anyone else’s input, especially not yours or boosies", "likes_count": 3, "replies_count": 1, "retweets_count": 1, "hashtags": []}
{"id": 1229917308597854209, "date": "2020-02-18", "time": "18:55:11", "tweet": "@Miss_S_Creates @Pillowfort_soc Maybe I will. Thanks for the input :)!", "likes_count": 0, "replies_count": 0, "retweets_count": 0, "hashtags": []}
{"id": 1229917274242502659, "date": "2020-02-18", "time": "18:55:03", "tweet": "@rrrage_input @zweigesther Обе", "likes_count": 0, "replies_count": 1, "retweets_count": 0, "hashtags": []}
{"id": 1229917205401260033, "date": "2020-02-18", "time": "18:54:47", "tweet": "I’ll get my money regardless of your input", "likes_count": 0, "replies_count": 0, "retweets_count": 0, "hashtags": []}
{"id": 1229917177802682368, "date": "2020-02-18", "time": "18:54:40", "tweet": "Mentioned the concept in old tweet &amp; can apply to any game with strong aim assist:  “I've thought about the same thing since there's no rule against switching input methods. If you can efficiently swap between the two mid fight without losing your momentum, you'd be unstoppable.”", "likes_count": 0, "replies_count": 0, "retweets_count": 0, "hashtags": []}
{"id": 1229917126619586561, "date": "2020-02-18", "time": "18:54:28", "tweet": "@iBikeCommute @GoingDutchDen @DenverCouncil5 @petroccoco @bikeshopgirlcom She said lane is not up for debate; design is. However, as I’m working on a connex to Broadway bike lane, I wonder why the official lane for the 1/4 mi area is not Sherman (which is what cyclists use). Point:Community input is important to getting things right; debate is a given.", "likes_count": 1, "replies_count": 3, "retweets_count": 0, "hashtags": []}
{"id": 1229917122303811592, "date": "2020-02-18", "time": "18:54:27", "tweet": "@Daisjavu From true unaltered data rather than models with suspect input data. Sea level rise is 3mm possibly per year. Rainfall is returning to what it was like, weather is cyclical. If you believe a gas (trace) 0.04% can affect weather, temperature &amp; global climate ????", "likes_count": 1, "replies_count": 2, "retweets_count": 0, "hashtags": []}
{"id": 1229917095334490112, "date": "2020-02-18", "time": "18:54:20", "tweet": "Give your input on the new Dr. Blake Parkette, commemorating the late Dr. George Blake  https://t.co/3NIdd1zCyA", "likes_count": 0, "replies_count": 0, "retweets_count": 0, "hashtags": []}
{"id": 1229916871442489344, "date": "2020-02-18", "time": "18:53:27", "tweet": "@Tanitsee really don’t see what our children have to do with this as my tweet was directed at people who have an input in other people’s doings when it’s pretty much none of their business nor can they have a say on the decisions they make in their lives, but oooook", "likes_count": 1, "replies_count": 0, "retweets_count": 0, "hashtags": []}
{"id": 1229916840115130369, "date": "2020-02-18", "time": "18:53:20", "tweet": "New #NAFTA needs economic, environmental, and social impact studies, and more opportunities for public input. Tell the International Trade Committee that it's time to democratize trade agreements!   #CUSMA #cdnpoli @HoCCommittees #CIIT  https://t.co/fMf90QtNdY", "likes_count": 0, "replies_count": 0, "retweets_count": 0, "hashtags": ["nafta", "cusma", "cdnpoli", "ciit"]}
{"id": 1229916776164544512, "date": "2020-02-18", "time": "18:53:04", "tweet": "You have like 10 seconds to input a pin. If you don’t, like if someone knocks your phone out of your hand, the app calls 911. Many college campuses have similar apps.", "likes_count": 0, "replies_count": 1, "retweets_count": 0, "hashtags": []}
{"id": 1229916678928191491, "date": "2020-02-18", "time": "18:52:41", "tweet": "@ashmilca @subvoyeur @Gray_Mackenzie @CTV_PowerPlay @EvanLSolomon Actually no but good to have your input", "likes_count": 2, "replies_count": 0, "retweets_count": 0, "hashtags": []}
{"id": 1229916555988865025, "date": "2020-02-18", "time": "18:52:12", "tweet": "I’m inquiring about getting an Apple Watch.  The input I’m getting are from Apple Watch owners.  They’re calling me rich for gathering info about the watch THEY ALREADY OWN.  They have one already, some are on watch #2. I’m still googling and reasearching.   But I’m the rich one?  https://t.co/l891v49L39", "likes_count": 1, "replies_count": 5, "retweets_count": 0, "hashtags": []}
{"id": 1229916553283588099, "date": "2020-02-18", "time": "18:52:11", "tweet": "@Taddl Es könnte eine Ohrenentzündung sein, es könnte ein Luftdruckunterschied sein, es könnte was auch immer sein, Fakt ist: Niemand von uns kann aus diesem Tweet genug Informationen extrahieren, um dazu qualifizierten Input abzugeben. Mein Vorschlag ist: Geh zum Arzt.", "likes_count": 1, "replies_count": 0, "retweets_count": 0, "hashtags": []}
{"id": 1229916501790076932, "date": "2020-02-18", "time": "18:51:59", "tweet": "If we don’t have a few dry days soon so my husband can get out of the shop and quit overthinking #plant2020 we are going to go broke...multiple email notifications of part/input orders", "likes_count": 3, "replies_count": 1, "retweets_count": 0, "hashtags": ["plant2020"]}
{"id": 1229916437407584256, "date": "2020-02-18", "time": "18:51:44", "tweet": "Bruh. I got a friend request from a PS4 player on mobile.. I’m going up against console players with input delay now lmao. #Fortnite", "likes_count": 3, "replies_count": 0, "retweets_count": 0, "hashtags": ["fortnite"]}
{"id": 1229916430017101825, "date": "2020-02-18", "time": "18:51:42", "tweet": "@sabanfaux He's going to have input defensively.  But my comment is based more so off how others have reacted.", "likes_count": 0, "replies_count": 0, "retweets_count": 0, "hashtags": []}
{"id": 1229916397163016192, "date": "2020-02-18", "time": "18:51:34", "tweet": "New #NAFTA needs economic, environmental, and social impact studies, and more opportunities for public input. Tell the International Trade Committee that it's time to democratize trade agreements!   #CUSMA #cdnpoli @HoCCommittees #CIIT  https://t.co/X29bcqPi8A", "likes_count": 0, "replies_count": 0, "retweets_count": 0, "hashtags": ["nafta", "cusma", "cdnpoli", "ciit"]}
{"id": 1229916386459176960, "date": "2020-02-18", "time": "18:51:31", "tweet": "MEDIA RELEASE: Greater Victoria School District Seeks Input on Building Inclusive Schools. For more information, visit:  https://t.co/ntT88DvPxK #sd61learn #yyj  https://t.co/vWEzz1Bf6i", "likes_count": 8, "replies_count": 1, "retweets_count": 11, "hashtags": ["sd61learn", "yyj"]}
{"id": 1229916272919343105, "date": "2020-02-18", "time": "18:51:04", "tweet": "Input needed on auto insurance reform in Alberta  https://t.co/2r01YQfeyZ", "likes_count": 0, "replies_count": 0, "retweets_count": 0, "hashtags": []}
{"id": 1229916209623240706, "date": "2020-02-18", "time": "18:50:49", "tweet": "@Clickteam any plans for adding a keyboard and mouse input for the console ports of fnaf", "likes_count": 0, "replies_count": 0, "retweets_count": 0, "hashtags": []}
{"id": 1229916203629543425, "date": "2020-02-18", "time": "18:50:48", "tweet": "New #NAFTA needs economic, environmental, and social impact studies, and more opportunities for public input. Tell the International Trade Committee that it's time to democratize trade agreements!   #CUSMA #cdnpoli @HoCCommittees #CIIT  https://t.co/Ks8RinaUSs", "likes_count": 0, "replies_count": 0, "retweets_count": 0, "hashtags": ["nafta", "cusma", "cdnpoli", "ciit"]}
{"id": 1229916198130700288, "date": "2020-02-18", "time": "18:50:47", "tweet": "@trimet Could you please send this out to @PPSConnect parents and students as well as all org's working with homeless people and people with a disability who may want to provide input but do not have access to this Tweet. TY!", "likes_count": 2, "replies_count": 0, "retweets_count": 1, "hashtags": []}
{"id": 1229916027292659713, "date": "2020-02-18", "time": "18:50:06", "tweet": "Study provides clear understanding of how the brain organizes visual input  https://t.co/o0QTdbpGup #diet  https://t.co/Ei2Cu3YAxj", "likes_count": 0, "replies_count": 0, "retweets_count": 0, "hashtags": ["diet"]}
{"id": 1229915752532189184, "date": "2020-02-18", "time": "18:49:00", "tweet": "How School Boards See and Assess Input on Classroom Technology  https://t.co/j1j6vFzdQl #edtech #edtechchat", "likes_count": 2, "replies_count": 0, "retweets_count": 1, "hashtags": ["edtech", "edtechchat"]}
{"id": 1229915672983080960, "date": "2020-02-18", "time": "18:48:41", "tweet": "@Bullie1999 Its a technique that allows u to do air moves very close to the ground, input is 2369 again jsyk", "likes_count": 0, "replies_count": 1, "retweets_count": 0, "hashtags": []}
{"id": 1229915603198205952, "date": "2020-02-18", "time": "18:48:25", "tweet": "@evsnn_ the ppl who think that are bad, console players know they can’t compete at that World Cup level because we are capped on 60 with input delay", "likes_count": 0, "replies_count": 1, "retweets_count": 0, "hashtags": []}
{"id": 1229915561347420161, "date": "2020-02-18", "time": "18:48:15", "tweet": "@thespybrief Yes, Murphy muddied things up if he did it without DOS input.  It's just as bad as what Giuliani has been doing.", "likes_count": 1, "replies_count": 0, "retweets_count": 0, "hashtags": []}
{"id": 1229915289686552578, "date": "2020-02-18", "time": "18:47:10", "tweet": "@Input_Username Yeah hold up mate I'm not used to the ohmage resistance of this new gold coiled cable which makes my inputs about 2 billionth of a second slowet than my old copper coiled one 😩", "likes_count": 2, "replies_count": 1, "retweets_count": 0, "hashtags": []}
{"id": 1229915274515644416, "date": "2020-02-18", "time": "18:47:06", "tweet": "Input about the City of Hamilton's plans for a Multi-Purpose Community Hub for Diverse and Marginalized Communities is being collected through this survey link:  https://t.co/OPEBK6tA3Z. #HamOnt  https://t.co/r5uxnF6IVG #HamOnt @HCCI1 @speqtrumYHM @HamiltonARRC", "likes_count": 6, "replies_count": 0, "retweets_count": 5, "hashtags": ["hamont", "hamont"]}
{"id": 1229915122421813249, "date": "2020-02-18", "time": "18:46:30", "tweet": "@SamHarkus @simone_punch Thanks for the compliment Simone and good question. We will include captioning and make wireless microphone systems (e.g., Phonak Roger) available. I'm open to any input on this, feel free to message me.", "likes_count": 0, "replies_count": 1, "retweets_count": 0, "hashtags": []}
{"id": 1229915049399128064, "date": "2020-02-18", "time": "18:46:13", "tweet": "@RPWapp is there going to be an update for both 1.15 and 1.16? I hope that maybe you can input a system to change the version numbers for each update.  With the new MC engine, it shouldnt change beyond 1.14's current resourcepack style, so your program should work beyond 1.14", "likes_count": 0, "replies_count": 0, "retweets_count": 0, "hashtags": []}
{"id": 1229914989747675136, "date": "2020-02-18", "time": "18:45:58", "tweet": "I can't stand lil hoes that's always tryna put they lil input into something bitch mind you n that lace business PLZ", "likes_count": 0, "replies_count": 0, "retweets_count": 0, "hashtags": []}
{"id": 1229914946940567553, "date": "2020-02-18", "time": "18:45:48", "tweet": "#AlwaysOn KRQE ↦ Roswell looking for input on recreation center  https://t.co/ATWvrbho0x", "likes_count": 0, "replies_count": 0, "retweets_count": 0, "hashtags": ["alwayson"]}
{"id": 1229914939374153728, "date": "2020-02-18", "time": "18:45:46", "tweet": "@Bullie1999 @Son_WuNova Tiger knee= 2369 input", "likes_count": 0, "replies_count": 1, "retweets_count": 0, "hashtags": []}
{"id": 1229914874072969218, "date": "2020-02-18", "time": "18:45:31", "tweet": "@rulesixtysix @TravisGafford If it doesn't matter to you then why do you care to comment something so stupid... Oh wait just to complain and whine to Travis because he commented on something that doesn't fit your view. No analysis or input on how to fix his complaint or how you'd like to see better content..", "likes_count": 0, "replies_count": 0, "retweets_count": 0, "hashtags": []}
{"id": 1229914870847426561, "date": "2020-02-18", "time": "18:45:30", "tweet": "please let me know! what would you all like to see more of and how can i improve my platform presence?  im awful at social media and would greatly appreciate any input!  posting finalized \"appealing\" artwork everyday is tuff especially when im working on lots that i cant share", "likes_count": 3, "replies_count": 1, "retweets_count": 1, "hashtags": []}
{"id": 1229914855756500993, "date": "2020-02-18", "time": "18:45:26", "tweet": "NooElec NESDR Mini 2 USB RTL-SDR &amp; ADS-B Receiver Set, RTL2832U &amp; R820T2 Tuner, MCX Input. Low-Cost Software Defined Radio Compatible with Many SDR Software Packages. R820T2 Tuner &amp; ESD-Safe Antenna Input, Guaranteed  https://t.co/xfnvhkU6Fa", "likes_count": 1, "replies_count": 0, "retweets_count": 0, "hashtags": []}
{"id": 1229914843194392576, "date": "2020-02-18", "time": "18:45:23", "tweet": "NEPA allows citizens to review proposals for new projects by the federal government in order to anticipate and disclose any significant threats to our natural world.  Trump wants to make it impossible for citizens to know those details or have any input.  https://t.co/7Wckc8b983", "likes_count": 12, "replies_count": 0, "retweets_count": 19, "hashtags": []}
{"id": 1229914812668186628, "date": "2020-02-18", "time": "18:45:16", "tweet": "Can't make the meeting in person?  Watch it live at  https://t.co/wBzSZaBVTp  You can also view the data and take an online survey to give input!  https://t.co/tllYUJ7crw  #InlandRegionalCenter #disability #community  https://t.co/vO9w4j5N4Z", "likes_count": 0, "replies_count": 0, "retweets_count": 0, "hashtags": ["inlandregionalcenter", "disability", "community"]}
{"id": 1229914752492679168, "date": "2020-02-18", "time": "18:45:02", "tweet": "@PlayStation @Sony @FortniteGame okay so I bought the back button attachment and I've tested it. Aside from it being the bulkiest thing ever, I've recorded two videos showing the registry or input rate of the paddle VS the button. Paddle is way slower compare to the button.  https://t.co/YgRfrm31D4", "likes_count": 0, "replies_count": 2, "retweets_count": 0, "hashtags": []}
{"id": 1229914747522469889, "date": "2020-02-18", "time": "18:45:01", "tweet": "@cafwu @Freelancers_USA Would like input from other freelancers on how to build alliances &amp; educate those who don’t understand our careers. After a recent conversation w/a long-time progressive &amp; union organizer about #AB5 &amp; #PROAct, I am particularly disheartened. 1/", "likes_count": 15, "replies_count": 6, "retweets_count": 4, "hashtags": ["ab5", "proact"]}
{"id": 1229914712684539905, "date": "2020-02-18", "time": "18:44:52", "tweet": "@Madtsunami The input is pretty specific without the macro. Tbh", "likes_count": 0, "replies_count": 0, "retweets_count": 0, "hashtags": []}
{"id": 1229914552323604480, "date": "2020-02-18", "time": "18:44:14", "tweet": "@firecrakcer001 because... i [personally] think it's common sense to want the particles associated with the input to be yellow, to match the button? and change all triangle-shaped prompts to Y, to match the button? what even is color-coordination anymore??? what IS game design????", "likes_count": 0, "replies_count": 0, "retweets_count": 0, "hashtags": []}
{"id": 1229914483394588673, "date": "2020-02-18", "time": "18:43:58", "tweet": "How we feel when we go to a local government advisory council meeting where public input matters and people are excited to do the work––  https://t.co/E89WePA6hM", "likes_count": 13, "replies_count": 2, "retweets_count": 4, "hashtags": []}
{"id": 1229914456693579778, "date": "2020-02-18", "time": "18:43:51", "tweet": "Oh boy: This week, nearly 1,300 IBEW members who support Bernie Sanders sent a letter to union leadership asking them to retract their endorsement of Biden. IBEW endorsed without member input  https://t.co/YKgA2zJKLP", "likes_count": 14, "replies_count": 0, "retweets_count": 7, "hashtags": []}
{"id": 1229914397503455232, "date": "2020-02-18", "time": "18:43:37", "tweet": "@pugunas i've actually never seen a poke menu identifying parsnips on the topping menu, but i think that counts thamk u for input", "likes_count": 0, "replies_count": 0, "retweets_count": 0, "hashtags": []}
{"id": 1229914395934941185, "date": "2020-02-18", "time": "18:43:37", "tweet": "#AlwaysOn reference just mentioned on KRQE News 13 ↦ Roswell looking for input on recreation center  https://t.co/z3VzQ9mJRb", "likes_count": 0, "replies_count": 0, "retweets_count": 0, "hashtags": ["alwayson"]}
{"id": 1229914352590868480, "date": "2020-02-18", "time": "18:43:27", "tweet": "@wlft1 @chrisshipitv @RE_DailyMail It's widely known that Harry's never had much to do with SM. It's never been his thing, whereas M has always had a lot of input with various SM accounts. I couldn't really see him bothering to be honest.", "likes_count": 0, "replies_count": 0, "retweets_count": 0, "hashtags": []}
{"id": 1229914329924820993, "date": "2020-02-18", "time": "18:43:21", "tweet": "@zumayabooks @HillaryGuess @sabrina68 If you are going to argue all sides of the discussion, you don’t need my input 😂", "likes_count": 1, "replies_count": 1, "retweets_count": 0, "hashtags": []}
{"id": 1229914269694799872, "date": "2020-02-18", "time": "18:43:07", "tweet": "People will literally tell their business to social media then get mad when people have a input about it", "likes_count": 1, "replies_count": 0, "retweets_count": 0, "hashtags": []}
{"id": 1229914120079671296, "date": "2020-02-18", "time": "18:42:31", "tweet": "There's three requirements for it to work (You're initially blocking):   1) Input Homing on the same frame your opponent's homing lands.  **2) Going from Block to Homing has to be frame perfect.  3) Input guard before the 2nd hit of the first homing attack lands on block.", "likes_count": 1, "replies_count": 1, "retweets_count": 0, "hashtags": []}
{"id": 1229914111577858048, "date": "2020-02-18", "time": "18:42:29", "tweet": "@aleyvnn No no of course not! I appreciate your input! And thank you so much! 🤍", "likes_count": 0, "replies_count": 0, "retweets_count": 0, "hashtags": []}
{"id": 1229914094917976064, "date": "2020-02-18", "time": "18:42:25", "tweet": "Angular9で開発してるけど、Inputタグがリークするのだが昨日は原因まで辿りつかず‥ もしかしてAngularかAngular Materialかどっちかバグってる？？", "likes_count": 0, "replies_count": 0, "retweets_count": 0, "hashtags": []}
{"id": 1229914092871094272, "date": "2020-02-18", "time": "18:42:25", "tweet": "Enak bener yak pemerintahan sekarang kalo ngomong se enkanya, kena koreksi tinggal bilang salah ketik, salah input, salah kutif, trus bilang Mohon maaf PNS !! 😠", "likes_count": 2, "replies_count": 1, "retweets_count": 1, "hashtags": []}
{"id": 1229914075473141760, "date": "2020-02-18", "time": "18:42:20", "tweet": "Sistem Pemerintahan Berbasis Elektronik (SPBE). Salah input atau Purworejo belum melakukan SPBE @BappedaP @purworejokab @bkdkabpurworejo @dinkominfopwr @humas_purworejo  https://t.co/QX8LESdlyo", "likes_count": 0, "replies_count": 0, "retweets_count": 0, "hashtags": []}
{"id": 1229914071333359616, "date": "2020-02-18", "time": "18:42:19", "tweet": "Now, input the satellite dish cable into the main power box.", "likes_count": 0, "replies_count": 0, "retweets_count": 0, "hashtags": []}
{"id": 1229914048440877056, "date": "2020-02-18", "time": "18:42:14", "tweet": "Using raw markdown in GitHub comments reminds me how nice it is to use non-WYSIWYG text formatting.  Pasting a block of code into @SlackHQ and adding ``` to the beginning of the first line reminds me how debilitatingly frustrating it is to use a WYSIWYG text input for chat. 🙃", "likes_count": 0, "replies_count": 2, "retweets_count": 0, "hashtags": []}
{"id": 1229914017365315584, "date": "2020-02-18", "time": "18:42:07", "tweet": "@IndiHome Kalau mau bantu cek tuh siapa yg input data saya 2 play jadi 3 play, saya memang pernah tanya ke salesnya apakah bisa saya upgred ke 3 play , katanya bisa, pernah suatu mlm ada yg tlf dari telkom purwokerto, tapi saya tunggu sampai sekarang ga ada yg datang", "likes_count": 0, "replies_count": 1, "retweets_count": 0, "hashtags": []}
{"id": 1229914010193100800, "date": "2020-02-18", "time": "18:42:05", "tweet": "@ErinGillespieMD @maraantonoff @MDAndersonNews @MDAndersonTrial @PhysRelations @CJTsaiMDPhD We have main campus radiation oncologists provide input for our network physicians in this space and other indications. We are working to standardizing this.", "likes_count": 0, "replies_count": 0, "retweets_count": 0, "hashtags": []}
{"id": 1229913926671962112, "date": "2020-02-18", "time": "18:41:45", "tweet": "@MartozFN ngl similar to when i play mnk when you already know what to do, recreating things is very easy on another input", "likes_count": 222, "replies_count": 5, "retweets_count": 0, "hashtags": []}
{"id": 1229913770794856450, "date": "2020-02-18", "time": "18:41:08", "tweet": "Worthington Community Visioning Committee seeks public input online at  https://t.co/NSpXPjtYNY  https://t.co/kB6JXTXAjW", "likes_count": 0, "replies_count": 0, "retweets_count": 1, "hashtags": []}
{"id": 1229913758069334016, "date": "2020-02-18", "time": "18:41:05", "tweet": "Responding to my moms WhatsApp fwds is her love language.   She won’t notice if I don’t call for weeks as long as I type “OMG that’s so true” or “that’s interesting mom. What do you think?”  There should be an app that facilitates mindless chatter without my input", "likes_count": 3, "replies_count": 3, "retweets_count": 1, "hashtags": []}
{"id": 1229913705590206467, "date": "2020-02-18", "time": "18:40:52", "tweet": "@FortniteGame @FNCompetitive massive input lag for console players right now along with ghost shots. Sniper shots going right through peoples faces. Any update on this. Its been a bug for over 6 months", "likes_count": 0, "replies_count": 0, "retweets_count": 0, "hashtags": []}
{"id": 1229913657636581376, "date": "2020-02-18", "time": "18:40:41", "tweet": "@cashfIo @mkobach Anything my guy. Love the input on what happening on esports, YT/twitch/business tips, seeing those gains at the gym, and any travel stuff", "likes_count": 0, "replies_count": 0, "retweets_count": 0, "hashtags": []}
{"id": 1229913445706788865, "date": "2020-02-18", "time": "18:39:50", "tweet": "There has to be some penalty for this disgraceful action to silence input from an elected official. Shame on you @JustinTrudeau", "likes_count": 0, "replies_count": 0, "retweets_count": 0, "hashtags": []}
{"id": 1229913432205537284, "date": "2020-02-18", "time": "18:39:47", "tweet": "@Asparagus88 @strandedatsea @Channel4 You can't change the status quo unless you challenge it. Martin Luther King fought for civil rights at a time where racism was normalised and maybe had we not had the input from him and other activists at that time, we may well still be living in segregation.", "likes_count": 1, "replies_count": 1, "retweets_count": 0, "hashtags": []}
{"id": 1229913218857959424, "date": "2020-02-18", "time": "18:38:56", "tweet": "Everybody out of Illinois is giving their input on Blago and they hate the move just because Trump did it. Real people in Illinois know he got too much time and many people here also believe he should've been released a few days ago when Obama had his last term.", "likes_count": 0, "replies_count": 1, "retweets_count": 0, "hashtags": []}
{"id": 1229913194417807363, "date": "2020-02-18", "time": "18:38:50", "tweet": "Thank you so much Fran ... and for all your input into the day ... much brain activity by everyone!", "likes_count": 2, "replies_count": 0, "retweets_count": 0, "hashtags": []}
{"id": 1229913173165330439, "date": "2020-02-18", "time": "18:38:45", "tweet": "Thanks to the #datadump community for their input on Monday. I put their words in order but they basically wrote the article over 90 mins in the chat. I'm hoping we'll have a richer website soon so I won't have to host on my blog.", "likes_count": 4, "replies_count": 0, "retweets_count": 1, "hashtags": ["datadump"]}
{"id": 1229913170984263680, "date": "2020-02-18", "time": "18:38:45", "tweet": "@xXIbgrahamXx Awww this actually helps a lot-not at all a cop out answer! It really does sound like there was so much collective input in this show and a ton of love poured out of that. I can't wait to see what everyone has accomplished and I hope there'll be more in the future! 🤘🤘🤘", "likes_count": 0, "replies_count": 0, "retweets_count": 0, "hashtags": []}
{"id": 1229913148737675269, "date": "2020-02-18", "time": "18:38:39", "tweet": "@KerryLincoln7 @KFCBarstool @KFCradio @FeitsBarstool @stoolpresidente @barstoolsports @BarstoolBigCat @ChicksInTheOff @joerogan @TheoVon @chrisdelia @nickkroll @mulaney @PatMcAfeeShow @FOXTV @HarryPotterFilm I’m not entirely sure you’re a real person but I respect your input and tenacity", "likes_count": 2, "replies_count": 0, "retweets_count": 0, "hashtags": []}
{"id": 1229913144962605056, "date": "2020-02-18", "time": "18:38:39", "tweet": "@jaredpalmer Coding:  - defining input data - initializing my random weights &amp; bias - defining my activation function - implementing back propagation - tweeting while my model is training  Slapping keys &amp; mouse clicks:  - including Ai into my pitch to raise money", "likes_count": 0, "replies_count": 0, "retweets_count": 0, "hashtags": []}
{"id": 1229913098598809600, "date": "2020-02-18", "time": "18:38:28", "tweet": "@InPut_Bancho @YouTube サッカーまでインプット広げてるんですね", "likes_count": 0, "replies_count": 1, "retweets_count": 0, "hashtags": []}
{"id": 1229912834458431489, "date": "2020-02-18", "time": "18:37:25", "tweet": "@mike090201 @psychologichoax @UtdCalum @Kloppholic Meanwhile all these united fans are flocking to an obvious Liverpool twitter to give their input. Try securing UCL before you come giving your input.", "likes_count": 2, "replies_count": 1, "retweets_count": 0, "hashtags": []}
{"id": 1229912754321940480, "date": "2020-02-18", "time": "18:37:05", "tweet": "@Sameet_18 I have the snowball and i have some issues getting it to connect too. For it to work consistently (in discord) i have to plug it in before opening the application, go to my sound settings &gt; input device and manually choose it. Then go to discord voice settings and select it there", "likes_count": 0, "replies_count": 0, "retweets_count": 0, "hashtags": []}
{"id": 1229912711468900352, "date": "2020-02-18", "time": "18:36:55", "tweet": "@BinaryImpactG ...to be completely fair your tip is a viable workaround for the problem you're trying to solve. Sorry. I've got a bit of an axe to grind about the new input system - I gave candid feedback on the proposed system in 2016 (!) &amp; as I feared it's over engineered &amp; under usable :(", "likes_count": 0, "replies_count": 1, "retweets_count": 0, "hashtags": []}
{"id": 1229912672721764352, "date": "2020-02-18", "time": "18:36:46", "tweet": "I just got both of these in the past two weeks and they are very good input devices. Both on sale at newegg.  https://t.co/TXOaotSc5I", "likes_count": 1, "replies_count": 0, "retweets_count": 0, "hashtags": []}
{"id": 1229912634763276288, "date": "2020-02-18", "time": "18:36:37", "tweet": "@WaywardBiscuit @FirstTake @BenAffleck Cool story, thanks for the amazing input!", "likes_count": 0, "replies_count": 0, "retweets_count": 0, "hashtags": []}
{"id": 1229912577833963520, "date": "2020-02-18", "time": "18:36:23", "tweet": "🚨 Attention North Long Beach residents. Tonight is an opportunity to give input on the #LBUSD superintendent search close to home. Join us at 6:30 tonight at Jordan High school community room! 🚨 #proudtobeLBUSD  https://t.co/UUjf6puvkR", "likes_count": 11, "replies_count": 0, "retweets_count": 6, "hashtags": ["lbusd", "proudtobelbusd"]}
{"id": 1229912283305914368, "date": "2020-02-18", "time": "18:35:13", "tweet": "Grateful for our bilingual advisory committee! Your input matters! ¡Se les agradece a nuestro comité bilingüe! #feedbackmatters #100percenthays #hcisdpridebeginswithyou #hays2020  https://t.co/95csw4tTgV", "likes_count": 8, "replies_count": 0, "retweets_count": 0, "hashtags": ["feedbackmatters", "100percenthays", "hcisdpridebeginswithyou", "hays2020"]}
{"id": 1229912260241264640, "date": "2020-02-18", "time": "18:35:08", "tweet": "@JSWilder2 @PatPenn2 Unfortunately young minds are feeble more often than not. Especially without strong parental input.", "likes_count": 0, "replies_count": 0, "retweets_count": 0, "hashtags": []}
{"id": 1229912235268616194, "date": "2020-02-18", "time": "18:35:02", "tweet": "@PRIMONUTMEG will miss your input, but yeah, take care of you and your family first!", "likes_count": 3, "replies_count": 0, "retweets_count": 0, "hashtags": []}
{"id": 1229912209473576961, "date": "2020-02-18", "time": "18:34:56", "tweet": "@sarenc @Joe_Public2018 @johndowney @EthonRaptor @HVACPerformance @ElectricElecti1 @smarzeli @janick_klossner @RoyPentland @RegimeChangeBC @njbtweet @chuzbucket @Damo__73_ @ClimatePoet @chimera414 @badmoonrising11 @3GHtweets @AndryGiles @John_Menzies @CymaticWave @JohnPisulaMBA @rln_nelson @mark_melbin @d_e_mol @GlennCarr6 @GillesnFio @MATTP1949 @AltUS_ARC @NikolovScience @StormSignalSA @Ike_Kiefer @EtterWerner @dvibrationz @majesticbanana @VeronicaTalbot9 @Tony__Heller @LynnFynn3 @lhougland53 @GNotagain @Surfing_Yeti @Achilles_1985 @antechinus1 @JJCrosstrainers @DawnTJ90 @maves_megan @JanTamarka @RaevenNZ @sales_un @dunvirkin @redforged42 No they don't even out, because land area warms more than ocean for the same energy input, they warm the NH more than the SH, why the amo+ raises gsmt.  https://t.co/DHLb8E8GtS", "likes_count": 1, "replies_count": 0, "retweets_count": 1, "hashtags": []}
{"id": 1229912200774438912, "date": "2020-02-18", "time": "18:34:53", "tweet": "@yolkregion @cdn_geol @TorontoStar Thanks for your input, but No.", "likes_count": 2, "replies_count": 1, "retweets_count": 0, "hashtags": []}
{"id": 1229912107182968833, "date": "2020-02-18", "time": "18:34:31", "tweet": "@abel_jennifer Ok gotcha! Glad your output was one to one with your input!", "likes_count": 0, "replies_count": 0, "retweets_count": 0, "hashtags": []}
{"id": 1229912021568634880, "date": "2020-02-18", "time": "18:34:11", "tweet": "📍 Brainstorming video ideas. What sort of content would you like to seem me do? I have SO many ideas. Currently shooting quite a few videos. But I'd like some more input, if you have the time :) 📈", "likes_count": 4, "replies_count": 0, "retweets_count": 0, "hashtags": []}
{"id": 1229911935337914368, "date": "2020-02-18", "time": "18:33:50", "tweet": "@cardplayerlife I’m a dealer in SoCal U.S. and a rec player. Still need input?", "likes_count": 0, "replies_count": 2, "retweets_count": 0, "hashtags": []}
{"id": 1229911922230755328, "date": "2020-02-18", "time": "18:33:47", "tweet": "UCI Public Safety Advisory Committee (PSAC) is hosting a town hall this Thursday to gather input from community members regarding safety and quality of life issues on our campus.  https://t.co/yQpjmUYtgx", "likes_count": 4, "replies_count": 1, "retweets_count": 2, "hashtags": []}
{"id": 1229911830341898241, "date": "2020-02-18", "time": "18:33:25", "tweet": "@mistymemento Why do men feel the need to insert their input during a professional presentation like that when YOURE the presenter. 🙃", "likes_count": 0, "replies_count": 1, "retweets_count": 0, "hashtags": []}
{"id": 1229911758040682496, "date": "2020-02-18", "time": "18:33:08", "tweet": "@UsaParents @mikeys_bird @climatecosts Yes credit not subsidy.  Many corporations get specific credits and breaks for their industry.  So thanks for the input Mikey!", "likes_count": 0, "replies_count": 2, "retweets_count": 0, "hashtags": []}
{"id": 1229911740692992002, "date": "2020-02-18", "time": "18:33:04", "tweet": "@saw_dad This guy does something sort of analogous only he fabricates mechanical input devices that can function as controllers;   iow, he starts with the physical ergonomics he feels best expresses what he wants to do, then fashions the 'instrument' around that.   https://t.co/bhMuuA7gZZ", "likes_count": 1, "replies_count": 1, "retweets_count": 0, "hashtags": []}
{"id": 1229911714398793728, "date": "2020-02-18", "time": "18:32:58", "tweet": "@theonlyonekanta めっちゃわかります。これは日本語の訳を教えられたときにそうinputされちゃうんですよね。had better「〜したほうがいい」だから、はいい感じでshould は「〜すべき」って訳しちゃうので。mightは言葉が柔らかくなるのでいいですね！", "likes_count": 1, "replies_count": 0, "retweets_count": 0, "hashtags": []}
{"id": 1229911646694453249, "date": "2020-02-18", "time": "18:32:41", "tweet": "@PaulBliton @marklaslett_NZ @MSmith_DPT @AdamMeakins Irrespective of the initiating event, in a sensitized state, CS can be maintained by non noxious input.", "likes_count": 4, "replies_count": 3, "retweets_count": 0, "hashtags": []}
{"id": 1229911589345734658, "date": "2020-02-18", "time": "18:32:28", "tweet": "Here's the referenced .png image (left). Most likely was an oversight when composing the input block, as copying &amp; pasting text on the page - and including the inline image in the selection - yields the same result (right).  https://t.co/4S2itynMlO", "likes_count": 1, "replies_count": 1, "retweets_count": 0, "hashtags": []}
{"id": 1229911354451976192, "date": "2020-02-18", "time": "18:31:32", "tweet": "@zarazettirazr Begitulah rezim yg dimulai dgn Salah Input akan tak lepas dari salah ketik, salah kutip, salah omong, salah mikir, salah tindak... Salah!", "likes_count": 0, "replies_count": 0, "retweets_count": 0, "hashtags": []}
{"id": 1229911267244150784, "date": "2020-02-18", "time": "18:31:11", "tweet": "people asking for my input/opinion/advice/etc. really has me out here like 🥺🥰🥺🥰🥺🥰🥺🥰", "likes_count": 2, "replies_count": 0, "retweets_count": 0, "hashtags": []}
{"id": 1229911211480883206, "date": "2020-02-18", "time": "18:30:58", "tweet": "@ATSFC_ @LfcMarlu @BooBoy_1 @NUFC_DazzaD Still u have no input in this u were in league 1 not so long ago", "likes_count": 0, "replies_count": 0, "retweets_count": 0, "hashtags": []}
{"id": 1229911157219176448, "date": "2020-02-18", "time": "18:30:45", "tweet": "New #NAFTA needs economic, environmental, and social impact studies, and more opportunities for public input. Tell the International Trade Committee that it's time to democratize trade agreements!   #CUSMA #cdnpoli @HoCCommittees #CIIT  https://t.co/td1DivHHq4", "likes_count": 0, "replies_count": 0, "retweets_count": 0, "hashtags": ["nafta", "cusma", "cdnpoli", "ciit"]}
{"id": 1229911126533693440, "date": "2020-02-18", "time": "18:30:37", "tweet": "@hiltonholloway There is another issue to consider @Brillpwr reckon it takes 254kW of energy to produce 1kW of L-ion therefore to breakeven in energy input you need to recharge 254 times that’s over 40k km driving", "likes_count": 1, "replies_count": 2, "retweets_count": 0, "hashtags": []}
