{"id": 1266519595101249536, "date": "2020-05-29", "time": "19:59:36", "tweet": "@fighterpics Is there an indicator on that screen that shows when the pilot input is present/absent?", "likes_count": 0, "replies_count": 0, "retweets_count": 0, "hashtags": []}
{"id": 1266519297653866496, "date": "2020-05-29", "time": "19:58:26", "tweet": "Skins not working ,disconnecting from servers ,the list goes on .guns change as soon as you open the box .downed with one shot when I have full armour and takes me forever to drop anyone ,lag input is horrendous", "likes_count": 0, "replies_count": 0, "retweets_count": 0, "hashtags": []}
{"id": 1266519266771304449, "date": "2020-05-29", "time": "19:58:18", "tweet": "Why is @Crunchyroll ‘s website so shitty to navigate? I’ve been unsuccessfully trying to update my payment method since my debit card got compromised. Now they cancel my premium membership because they won’t take the new card I input or let me delete the old card... help. Someone  https://t.co/JCvPEKsxOf", "likes_count": 1, "replies_count": 0, "retweets_count": 0, "hashtags": []}
{"id": 1266519246395207680, "date": "2020-05-29", "time": "19:58:13", "tweet": "@FogleBird Always super inspiring to see your experiments! Out of curiosity, what pre-processing do you run on the input image before it can be plotted? Does your plotter accept raster data, or just paths?", "likes_count": 1, "replies_count": 1, "retweets_count": 0, "hashtags": []}
{"id": 1266519187620532224, "date": "2020-05-29", "time": "19:57:59", "tweet": "@shioszn @sympolic @OGSimmie @medzfx @Gunfly Probably the most retarded shit I’ve ever heard play 60 FPS 60hz then play 144fps 60hz and see the difference it’s called input delay lmao", "likes_count": 0, "replies_count": 0, "retweets_count": 0, "hashtags": []}
{"id": 1266519183140978688, "date": "2020-05-29", "time": "19:57:58", "tweet": "@wormysoup5 thank you for your input", "likes_count": 1, "replies_count": 0, "retweets_count": 0, "hashtags": []}
{"id": 1266519154997243911, "date": "2020-05-29", "time": "19:57:51", "tweet": "@ameliasimoneb @o_shads @Nisi_Can Maybe, but you wouldn't hear a 12 minute monologue. Someone talking at you for 12 minutes straight without you input in between", "likes_count": 0, "replies_count": 1, "retweets_count": 0, "hashtags": []}
{"id": 1266519056946995201, "date": "2020-05-29", "time": "19:57:28", "tweet": "@hailsmcneal Your original input was useless.  I asked a question  What is your point", "likes_count": 0, "replies_count": 1, "retweets_count": 0, "hashtags": []}
{"id": 1266519007391174656, "date": "2020-05-29", "time": "19:57:16", "tweet": "@gcengleman 6/ So, my input to the thread was, \"Oh yeah, I remember Nixon talking about law and order during the general, which he didn't do during the primaries, and discussing it with my Mom.\"  Now, where I disagree with Wilson is that I don't expect to see a bunch of people", "likes_count": 0, "replies_count": 1, "retweets_count": 0, "hashtags": []}
{"id": 1266518952752164866, "date": "2020-05-29", "time": "19:57:03", "tweet": "@AmericaNik4 @HawkInATX @squatchslayer52 @AmazingDouglass @jaketapper I have followed DT since the 80's so I know him pretty well. Same with politics &amp; I honestly believe he is the worst thing that has ever happened in our history. I read everything I can before I even get an oil change, so I do my research. But I really do respect your input! 🇺🇸", "likes_count": 0, "replies_count": 0, "retweets_count": 0, "hashtags": []}
{"id": 1266518909940838401, "date": "2020-05-29", "time": "19:56:53", "tweet": "John Parry: Referee may need nudge to seek input from replay assistant  https://t.co/HiL9QYGmgu  https://t.co/3d1rAc9VGk", "likes_count": 0, "replies_count": 0, "retweets_count": 0, "hashtags": []}
{"id": 1266518845109436422, "date": "2020-05-29", "time": "19:56:38", "tweet": "@just2goodYT Thanks for your input man it’s been driving me crazy trying to figure out what it was", "likes_count": 8, "replies_count": 1, "retweets_count": 0, "hashtags": []}
{"id": 1266518844241317889, "date": "2020-05-29", "time": "19:56:37", "tweet": "@ARexzify pretty sure i’ve seen plenty of tweets alluding to that in the last 48 hours but thanks for your useless input", "likes_count": 0, "replies_count": 1, "retweets_count": 0, "hashtags": []}
{"id": 1266518745331236864, "date": "2020-05-29", "time": "19:56:14", "tweet": "@LauraHayesDC Can I get your input on places with solid Italian delivery that has travelled well in this time? I’m usually a big fan of Acqua Al 2 and loved Osteria Morini under previous chef, but not sure if these travel well.", "likes_count": 0, "replies_count": 0, "retweets_count": 0, "hashtags": []}
{"id": 1266518671796711427, "date": "2020-05-29", "time": "19:55:56", "tweet": "@kateowbridge Have a lovely and well deserved half term. Im sorry that you have been failed with leadership from our govt etc. I’m sorry that so many children have had zero real time input. I am sorry that state schools have been unable to use these past 10 weeks to adapt to a new world.", "likes_count": 0, "replies_count": 0, "retweets_count": 0, "hashtags": []}
{"id": 1266518671695982597, "date": "2020-05-29", "time": "19:55:56", "tweet": "@Antcon7062 Your last thread was riveting &amp; honest. Thanks for coming back to have your input.", "likes_count": 0, "replies_count": 0, "retweets_count": 0, "hashtags": []}
{"id": 1266518667333791746, "date": "2020-05-29", "time": "19:55:55", "tweet": "@ckurcon I think @_Ben_Clemens covered that pretty well here  https://t.co/JrzQODRWgF. It’s not exactly EV but I think you are looking at EV as an input for wOBAcon in which home runs are the component with the heaviest weight.", "likes_count": 1, "replies_count": 1, "retweets_count": 0, "hashtags": []}
{"id": 1266518517538369536, "date": "2020-05-29", "time": "19:55:20", "tweet": "全く新しいシステムの開発って難いんかな それともどのラインで爆発するか試験しただけなのか 燃やしたら爆発しましたということしか分からん", "likes_count": 0, "replies_count": 0, "retweets_count": 0, "hashtags": []}
{"id": 1266518391029936129, "date": "2020-05-29", "time": "19:54:49", "tweet": "@1andonlyVis @ECHOxReborn The more you practice the better, the trick is the diagonal jump, then perfectly input the Back Forward, if the bf is interrupted has a chance of not coming out", "likes_count": 1, "replies_count": 1, "retweets_count": 0, "hashtags": []}
{"id": 1266518361380274178, "date": "2020-05-29", "time": "19:54:42", "tweet": "We're excited to launch the new and enhanced SLIMM Listing Input Module on Monday, June 1st!  https://t.co/FHjIzWzaTi", "likes_count": 0, "replies_count": 0, "retweets_count": 1, "hashtags": []}
{"id": 1266518350500368384, "date": "2020-05-29", "time": "19:54:40", "tweet": "I've been watching some of my pals stream and I've noticed one thing they do to keep things engaging is have a friend whom can voice chat around to offer input or a topic to converse over while they play.  Anybody with voice chat over Discord interested in doing that with me?", "likes_count": 4, "replies_count": 0, "retweets_count": 0, "hashtags": []}
{"id": 1266518267553701889, "date": "2020-05-29", "time": "19:54:20", "tweet": "@ID_AA_Carmack @SeargeDP My ML experience is Nil, lol. I need to do some homework and see how a larger data set and ML can make the product more accurate. That may come after the MVP on the iOS store. Thanks again, your input means a lot to me!", "likes_count": 0, "replies_count": 0, "retweets_count": 0, "hashtags": []}
{"id": 1266518026674896900, "date": "2020-05-29", "time": "19:53:22", "tweet": "If you have any more ideas or input about this new system, leave a reply!  Let’s get this conversation going.  Because if we really get the police abolished, we need to know what’s coming next.  (13/13)", "likes_count": 0, "replies_count": 1, "retweets_count": 0, "hashtags": []}
{"id": 1266518017929854978, "date": "2020-05-29", "time": "19:53:20", "tweet": "@soulofkiSC What's the input for his UB?", "likes_count": 0, "replies_count": 0, "retweets_count": 0, "hashtags": []}
{"id": 1266517960283176960, "date": "2020-05-29", "time": "19:53:07", "tweet": "@katiecouric @funEbone2u @BarackObama Sure. What we need more of is political demagoguery. Thanks for your input and reminding us what you're all about, Kate. smh/lol", "likes_count": 1, "replies_count": 0, "retweets_count": 0, "hashtags": []}
{"id": 1266517884811051009, "date": "2020-05-29", "time": "19:52:49", "tweet": "@RealCandaceO Candace, please give me your input to this conflicting information.  https://t.co/tTpY2Oput4", "likes_count": 0, "replies_count": 0, "retweets_count": 0, "hashtags": []}
{"id": 1266517834185703424, "date": "2020-05-29", "time": "19:52:37", "tweet": "@evilref @devisridhar Gads - I suspected this for months (lack of clinical respiratory and worldwide input).  But 2 political advisors (who shouldn’t even be there) and 7 modellers !? (Reporting to Gov)  But no virologists, epidemiologists or front line clinical leaders..?  Hubris and near Insanity..!", "likes_count": 2, "replies_count": 0, "retweets_count": 1, "hashtags": []}
{"id": 1266517821636386821, "date": "2020-05-29", "time": "19:52:34", "tweet": "@Iam_jerryhughes @realDonaldTrump Not true .. the President has consistently tried to respect each governor’s request to run “their” state as they wanted ... they have protested against federal input and/or intervention ..", "likes_count": 3, "replies_count": 0, "retweets_count": 0, "hashtags": []}
{"id": 1266517801633632256, "date": "2020-05-29", "time": "19:52:29", "tweet": "@Di3mini0n @absolut_calm @ultradavid @khscar12 funny how y’all are even conversing with a guy that clearly had racial undertones when talking about LTG getting on E leagues challenger. Dudes a bitch. Yes you ultra David. This doesn’t require your input, one you not black, two we already know this ain’t in the past. Be gone.", "likes_count": 1, "replies_count": 3, "retweets_count": 0, "hashtags": []}
{"id": 1266517752778547201, "date": "2020-05-29", "time": "19:52:17", "tweet": "@ryanwhitec Yeah most were like that but I got a few shots from in front. Thanks for ur input bro", "likes_count": 0, "replies_count": 0, "retweets_count": 0, "hashtags": []}
{"id": 1266517745811828739, "date": "2020-05-29", "time": "19:52:16", "tweet": "@choerrybandit uhh i'd try restarting it in bios (assuming pc) but idk if even you can w/o a keyboard input .. not sure how else i can help over the internet sorry :(", "likes_count": 1, "replies_count": 1, "retweets_count": 0, "hashtags": []}
{"id": 1266517733325357058, "date": "2020-05-29", "time": "19:52:13", "tweet": "@TheTomfucker @clpkott04 @Jack_Septic_Eye target is a big profit organization so they don't suffer any loss and it helped the protestors lol ur blocked so i can sleep peacefully thank u for ur input", "likes_count": 0, "replies_count": 1, "retweets_count": 0, "hashtags": []}
{"id": 1266517709308780548, "date": "2020-05-29", "time": "19:52:07", "tweet": "@ivarharby Howdy y'all, my familys been in the spice trade since the early 1600s back in our ancestral home of Holland so i might just have the right input here for y'all to learn something! Although salt is definitely used in the same way as any other ol spice (part 1: the start)", "likes_count": 1, "replies_count": 1, "retweets_count": 0, "hashtags": []}
{"id": 1266517667948748801, "date": "2020-05-29", "time": "19:51:57", "tweet": "@GovernorVA Oh gees. Ralph is the last person that should be giving input on this. His handlers and social media team really need to lay off on trying to make this clown look good.", "likes_count": 8, "replies_count": 0, "retweets_count": 0, "hashtags": []}
{"id": 1266517633907777543, "date": "2020-05-29", "time": "19:51:49", "tweet": "@jeanettec007 Thanks for your input. Great thoughts.", "likes_count": 2, "replies_count": 0, "retweets_count": 0, "hashtags": []}
{"id": 1266517599678013442, "date": "2020-05-29", "time": "19:51:41", "tweet": "Once you are clear with the process of input-output and its consequence, you become more careful with every choice and decisions with your life. - Roshan Sharma #quotes #quote #inspiration", "likes_count": 0, "replies_count": 0, "retweets_count": 0, "hashtags": ["quotes", "quote", "inspiration"]}
{"id": 1266517451551932418, "date": "2020-05-29", "time": "19:51:05", "tweet": "@Drxgoxn @LociEI @Gunfly Less input delay but u have to go into your files and do it. It’s not a option on the game", "likes_count": 2, "replies_count": 1, "retweets_count": 0, "hashtags": []}
{"id": 1266517442559455235, "date": "2020-05-29", "time": "19:51:03", "tweet": "@PineFoxx This is a good option, I thought about it... also changing the crosshair color and transparency!  Thanks for the input :)", "likes_count": 0, "replies_count": 0, "retweets_count": 0, "hashtags": []}
{"id": 1266517420761464833, "date": "2020-05-29", "time": "19:50:58", "tweet": "@deathstorke9775 You're totally in your right to do so. I encourage you to tweet to your heart's desire &amp; respond to people who ask for input-- but it's generally better to assume that if someone doesn't ask, they don't want to hear it. (and in this case, odds are they've heard it all before)", "likes_count": 1, "replies_count": 3, "retweets_count": 0, "hashtags": []}
{"id": 1266517387769188358, "date": "2020-05-29", "time": "19:50:50", "tweet": "@ValueAnalyst1 @Mobileye @Tesla @elonmusk @karpathy @Mobileye collects anonymized inference results such as locations of buildings, stop signs/lights etc. to support up-to-date mapping data. They do not collect input camera data for improving the training/validation datasets.  It's unclear if they collect user dissengagements.", "likes_count": 1, "replies_count": 0, "retweets_count": 0, "hashtags": []}
{"id": 1266517349487702017, "date": "2020-05-29", "time": "19:50:41", "tweet": "こういうの仕込むの楽しそう", "likes_count": 0, "replies_count": 0, "retweets_count": 0, "hashtags": []}
{"id": 1266517234572316677, "date": "2020-05-29", "time": "19:50:14", "tweet": "@BURGERFI I was excited to see I could order online; however, the checkout process left me feeling frustrated.  The checkout process really needs a redesign with a focus on clear error messages and more user friendly data input and validations. I almost gave up due to poor UX. 😕", "likes_count": 0, "replies_count": 0, "retweets_count": 0, "hashtags": []}
{"id": 1266517029990825984, "date": "2020-05-29", "time": "19:49:25", "tweet": "Opinions coming back seem to favour my tentative id of this being Cambs second record of Blyth's Reed Warbler rather than Marsh at Wicken Fen late evening yesterday. Thanks for input from @Vaasetter @Jon_Heath_ Steve Cooper and others @CambsBirdClub.  https://t.co/23BQoc5bAs", "likes_count": 33, "replies_count": 6, "retweets_count": 1, "hashtags": []}
{"id": 1266517022222893056, "date": "2020-05-29", "time": "19:49:23", "tweet": "@katiehal16 I get very exhausted with the parser style entries. I think I own the game, so the input is probably the only thing stopping me. In any event, reading things like this from development makes me feel very nostalgic for that year I shared with you all :)", "likes_count": 1, "replies_count": 2, "retweets_count": 0, "hashtags": []}
{"id": 1266517022080331776, "date": "2020-05-29", "time": "19:49:23", "tweet": "@realDonaldTrump Shut up. Just shut up. All you do is pour gasoline on the fire because you're like a petty arsonist with a fire fetish. All you do is make things about you. All you do is take credit for things that are happening without any input from you (except tantrums &amp; tweets taking credit)", "likes_count": 0, "replies_count": 0, "retweets_count": 0, "hashtags": []}
{"id": 1266517020306280448, "date": "2020-05-29", "time": "19:49:23", "tweet": "Oki looking at both the polls on twitter and insta, it’s seems to be a general consensus that peeps want to keep the original design, so I will honor that. Thanks very much for your input and in the future I’ll be paying a much closer eye to how I handle messages artistically!", "likes_count": 5, "replies_count": 0, "retweets_count": 1, "hashtags": []}
{"id": 1266517015721893889, "date": "2020-05-29", "time": "19:49:21", "tweet": "*to change your clock from 12 hour to 24 hour readout locate the clock input button next to the... *", "likes_count": 1, "replies_count": 1, "retweets_count": 0, "hashtags": []}
{"id": 1266516984650518528, "date": "2020-05-29", "time": "19:49:14", "tweet": "@jason_station99 *return to original tweet, input eclipse for infiniti g35*", "likes_count": 2, "replies_count": 0, "retweets_count": 0, "hashtags": []}
{"id": 1266516963234283520, "date": "2020-05-29", "time": "19:49:09", "tweet": "@Formologie @RVAwonk For sure, but I'm certain that he will select people with knowledge &amp; experience for those positions instead of appointing a bunch of know-nothing cronies, &amp;  I know he'll listen them &amp; respect their input. And he won't throw childish hissy fits over.things that don't go his way.", "likes_count": 1, "replies_count": 0, "retweets_count": 0, "hashtags": []}
{"id": 1266516876273889285, "date": "2020-05-29", "time": "19:48:48", "tweet": "@Chazzoboii @HiddenXperia @Halo There's probably and option to opt for input mm", "likes_count": 0, "replies_count": 0, "retweets_count": 0, "hashtags": []}
{"id": 1266516861430136838, "date": "2020-05-29", "time": "19:48:45", "tweet": "@Scribe_Light @TheLadyMonkey Maybe your input is as anal as you about grammatical/spelling errors?", "likes_count": 6, "replies_count": 1, "retweets_count": 0, "hashtags": []}
{"id": 1266516830329372674, "date": "2020-05-29", "time": "19:48:37", "tweet": "@JustJem24 Do it. Explain. I love your input.", "likes_count": 0, "replies_count": 0, "retweets_count": 0, "hashtags": []}
{"id": 1266516668844511233, "date": "2020-05-29", "time": "19:47:59", "tweet": "10個以上の法律のinput終わってちょっと余裕が出てきたのさ✏️こっからは記憶の引き出しをすぐに開けれるように磨き上げ。後3ヶ月、とにかくやる！ 来年の夏には雇用調整助成金やらなんちゃら助成金やらバンバン申請上げていくので、お仕事ください。 ポストコロナ時代の俺っちの社会的使命", "likes_count": 1, "replies_count": 0, "retweets_count": 0, "hashtags": []}
{"id": 1266516637798277120, "date": "2020-05-29", "time": "19:47:51", "tweet": "@tweeting_keith Thanks for your input, appreciate it 🙃", "likes_count": 0, "replies_count": 1, "retweets_count": 0, "hashtags": []}
{"id": 1266516579463954433, "date": "2020-05-29", "time": "19:47:37", "tweet": "@EdmundsKenny @CaydesQueen @shaun_vids @jk_rowling Fantastically articulate of you. Great input to a conversation", "likes_count": 0, "replies_count": 1, "retweets_count": 0, "hashtags": []}
{"id": 1266516517123788800, "date": "2020-05-29", "time": "19:47:23", "tweet": "@sdceCCTDean One of the best teams, 🤗 finding ways to give back to our community our students on the upcoming semesters! I loved Obdulia input how we need to do more research and keep sharing Ideas. 👍", "likes_count": 1, "replies_count": 0, "retweets_count": 0, "hashtags": []}
{"id": 1266516290346385410, "date": "2020-05-29", "time": "19:46:29", "tweet": "@monark merda = input('A Twitch criou a política mais mongol da internet? ').lower() if 'sim' in merda:     falou = input('E o Monark falou a palavra proibida? ').lower()     if 'sim'in falou:         print('É fomos banidos da Twitch por fala a palavra “Mongoloide”! Quem tomou essa decis", "likes_count": 210, "replies_count": 4, "retweets_count": 5, "hashtags": []}
{"id": 1266516261195919366, "date": "2020-05-29", "time": "19:46:22", "tweet": "@VocalPineapple Awe man that sucks. I wake up super early now to watch those spoiler vids!! I would also like to know your input as far as how lemillion would be able to fit back into the story. Also I think Shoto is the next user for one for all.", "likes_count": 0, "replies_count": 0, "retweets_count": 0, "hashtags": []}
{"id": 1266516207311691777, "date": "2020-05-29", "time": "19:46:09", "tweet": "@brandon028484 @sekcjmie @missremiashten I really never asked for your input, you replied to my tweet. So don’t tell me to stop talking on a thread that is responding to my original tweet.", "likes_count": 0, "replies_count": 1, "retweets_count": 0, "hashtags": []}
{"id": 1266516163514728448, "date": "2020-05-29", "time": "19:45:58", "tweet": "@GJCOLLETT Wow, apparantly buying a magazine and saying it’s beautiful Wednesday weather is objectifying behaviour nowadays. Thanks for the input!", "likes_count": 0, "replies_count": 0, "retweets_count": 0, "hashtags": []}
{"id": 1266516020669353985, "date": "2020-05-29", "time": "19:45:24", "tweet": "@Fobwashed You can definitely force invert y axis in Steam Input mapping utility for like, every controller for any game if you want", "likes_count": 1, "replies_count": 1, "retweets_count": 0, "hashtags": []}
{"id": 1266515988788502529, "date": "2020-05-29", "time": "19:45:17", "tweet": "Please never be afraid to DM me Tweets or things you would love my input on. I enjoy my friends thinking of me and listening to what I have to say.", "likes_count": 10, "replies_count": 0, "retweets_count": 0, "hashtags": []}
{"id": 1266515904344412160, "date": "2020-05-29", "time": "19:44:56", "tweet": "@claudiawilliams @Color Hi Claudia. The specific testing cadence is something we assume will evolve based on guidelines as well as job and geographic exposure. Last week, we shared a protocol approach based on feedback/input across employers and KOLs.  https://t.co/t4A5iZ4CGs", "likes_count": 1, "replies_count": 2, "retweets_count": 1, "hashtags": []}
{"id": 1266515829883113473, "date": "2020-05-29", "time": "19:44:39", "tweet": "@UPEI21SB Hmm, not sure that'll point me in the direction I wanna go but thanks for your input. However, you are my senior so you probably know what you're talking about. #experience", "likes_count": 0, "replies_count": 1, "retweets_count": 0, "hashtags": ["experience"]}
{"id": 1266515806076039168, "date": "2020-05-29", "time": "19:44:33", "tweet": "@Pak_GuruSD Pekerjaan pertama saya stelah lulus yaitu ngebantuin salah satu sekolah dasar yg membutuhkan guru bhs.inggris yaitu dengan mengajar dsana pada tahun 2004. Sukanya bisa sharing ilmu dengan orang lain. Dukanya output tidak sebanding dengan input 😁", "likes_count": 0, "replies_count": 0, "retweets_count": 0, "hashtags": []}
{"id": 1266515778192527360, "date": "2020-05-29", "time": "19:44:26", "tweet": "@devdammak @akinboulex Error prevention: people make mistakes while typing, so the \"confirm password field\" is to keep you in check and to make sure your input is confirmed by you before you commit to that action   BTW password is a sensitive and risky something", "likes_count": 1, "replies_count": 1, "retweets_count": 0, "hashtags": []}
{"id": 1266515723871858688, "date": "2020-05-29", "time": "19:44:13", "tweet": "入力してない人限定招待コード=14cf1dr6k　入力後保存曲増えるよ The more people save song limited invitation code = 14cf1dr6k input after you have not entered #iLoveMusic", "likes_count": 0, "replies_count": 0, "retweets_count": 0, "hashtags": ["ilovemusic"]}
{"id": 1266515691303305218, "date": "2020-05-29", "time": "19:44:06", "tweet": "@Jasyla_ Will there be a YT episode about it? I've seen Cinemassacres take on it, but I am still unsure if I really should buy one or not. I need more input.  😅", "likes_count": 1, "replies_count": 1, "retweets_count": 0, "hashtags": []}
{"id": 1266515474520707072, "date": "2020-05-29", "time": "19:43:14", "tweet": "@FLDEO website is still crashing as you are trying to input information.", "likes_count": 1, "replies_count": 0, "retweets_count": 1, "hashtags": []}
{"id": 1266515418656706562, "date": "2020-05-29", "time": "19:43:01", "tweet": "@ChrisAlbertoLaw @BillKristol Maybe his associates have studied the playbook but djt is incapable of any examination of any document, proposal- it's just shooting off his mouth and ID. I'd be surprised if anyone else has input to the process (but you never know)", "likes_count": 0, "replies_count": 0, "retweets_count": 0, "hashtags": []}
{"id": 1266515319910105088, "date": "2020-05-29", "time": "19:42:37", "tweet": "@shkeengolf Golf game is currently hindered by lower back issues (disc bulge, maybe sciatica). Path often gets too far left resulting in snap hooks or pull slices. Constantly trying to get path more neutral. Would love your input on what to do. 👍  https://t.co/0ehW662SoA", "likes_count": 1, "replies_count": 0, "retweets_count": 0, "hashtags": []}
{"id": 1266515319331401729, "date": "2020-05-29", "time": "19:42:37", "tweet": "@Riksa__ Smash has too much input lag when i stream. I could try, but i doubt it would be for long", "likes_count": 0, "replies_count": 0, "retweets_count": 0, "hashtags": []}
{"id": 1266515316139421697, "date": "2020-05-29", "time": "19:42:36", "tweet": "@BevOberlander Wouldn't it be somethin' Bev if our input actually did make a difference?!  Guess I can dream. 😷  https://t.co/IsU3GywodY", "likes_count": 4, "replies_count": 1, "retweets_count": 0, "hashtags": []}
{"id": 1266515292747939840, "date": "2020-05-29", "time": "19:42:31", "tweet": "@imRohanbakshi @realDonaldTrump Going to say that nobody has defended Trump. So Twitter was correct. Thank you for your input", "likes_count": 2, "replies_count": 0, "retweets_count": 0, "hashtags": []}
{"id": 1266515280110313472, "date": "2020-05-29", "time": "19:42:28", "tweet": "@SAKINAKA8 やったぁ(*≧∇≦)ﾉ おはひさー！", "likes_count": 0, "replies_count": 0, "retweets_count": 0, "hashtags": []}
{"id": 1266515128544948224, "date": "2020-05-29", "time": "19:41:52", "tweet": "@JetBlk Thanks for the input!", "likes_count": 1, "replies_count": 0, "retweets_count": 0, "hashtags": []}
{"id": 1266514967915708416, "date": "2020-05-29", "time": "19:41:13", "tweet": "And this is what we supporters should be afraid of - zero input from the actual players in the @CPLsoccer \"return to train\" protocols. Media should be asking those keys questions and keeping #CanPL liable with players safety/well being.", "likes_count": 8, "replies_count": 0, "retweets_count": 2, "hashtags": ["canpl"]}
{"id": 1266514916577599489, "date": "2020-05-29", "time": "19:41:01", "tweet": "Calling all pet owners! The Midwest Center of Excellence for Vector-Borne Disease  needs your input on how to protect your pets from ticks. Check out their research study and survey here:  https://t.co/YrL3nsIBZ5  https://t.co/5vyABCzN6p", "likes_count": 0, "replies_count": 0, "retweets_count": 0, "hashtags": []}
{"id": 1266514755688136706, "date": "2020-05-29", "time": "19:40:23", "tweet": "@JoshHarder Hey Josh, where is your input on the death of George Floyd and the riots in Minneapolis? I thought you were the Valley's champion on racial equality? Guess you can't run a profitable ActBlue campaign on this one. It's funny how you only care about race when it pays.", "likes_count": 1, "replies_count": 0, "retweets_count": 0, "hashtags": []}
{"id": 1266514736478330880, "date": "2020-05-29", "time": "19:40:18", "tweet": "@EbtheCeleb 😂 I was just trying to give some input", "likes_count": 0, "replies_count": 1, "retweets_count": 0, "hashtags": []}
