{"id": 1254198493024882688, "date": "2020-04-25", "time": "19:59:57", "tweet": "@HaloPoliticsss @nextIeveIbilly @mitskifenty @BBCNews i didn’t say anything of the sort i am just stating the truth since you wanted to know who asked. i find the worst types of people are the ones who insert negative input where it is not needed just to give themselves a sense of superiority", "likes_count": 3, "replies_count": 2, "retweets_count": 0, "hashtags": []}
{"id": 1254198429602975746, "date": "2020-04-25", "time": "19:59:42", "tweet": "Woo-hoo! Seems the maintenance done on the IRS website the past few days has helped. Instead of seeing “payment status unavailable,” it finally said I am eligible and allowed me to input my banking information!", "likes_count": 7, "replies_count": 3, "retweets_count": 1, "hashtags": []}
{"id": 1254198324292435971, "date": "2020-04-25", "time": "19:59:17", "tweet": "@Holly_Jay7 😡 WHY DONT YOU VALUE MY INPUT EVER", "likes_count": 0, "replies_count": 1, "retweets_count": 0, "hashtags": []}
{"id": 1254198280172396544, "date": "2020-04-25", "time": "19:59:06", "tweet": "Or at all due to \"equity\" concerns... Those are the schools who'll look bad in comparison. The schools that decided unilaterally how distance learning would look for SWD, w/o seeking input re: families' most urgent needs? They'll get hit with parent participation claims. 5/7", "likes_count": 8, "replies_count": 1, "retweets_count": 1, "hashtags": []}
{"id": 1254198158395166720, "date": "2020-04-25", "time": "19:58:37", "tweet": "@_Ethiopian Thank you for your input, one last question.   I’ve heard that he’s been arrested today, but I also heard that he’s been released today. So unless he was arrested and released within the same day...what the fuck is the truth?", "likes_count": 0, "replies_count": 2, "retweets_count": 0, "hashtags": []}
{"id": 1254198098575884291, "date": "2020-04-25", "time": "19:58:23", "tweet": "@staypsj okay you're right, thanks for your input!!", "likes_count": 1, "replies_count": 0, "retweets_count": 0, "hashtags": []}
{"id": 1254198052266610688, "date": "2020-04-25", "time": "19:58:12", "tweet": "@GoatHouseNFL What's ur input on the Javaris Davis signing?", "likes_count": 1, "replies_count": 1, "retweets_count": 0, "hashtags": []}
{"id": 1254197965729591296, "date": "2020-04-25", "time": "19:57:51", "tweet": "@teratofox @Koonzoopup Oh thanks for the dumb input bud! See ya.", "likes_count": 1, "replies_count": 0, "retweets_count": 0, "hashtags": []}
{"id": 1254197655506305025, "date": "2020-04-25", "time": "19:56:37", "tweet": "@KraigKennicutt @KhalidHAlshami My .02, they had a pretty good draft.  Clear purpose to get better at skill positions and give Lock a lot to work with.  Munchak has to have input on OL and I trust his judgment.", "likes_count": 0, "replies_count": 1, "retweets_count": 0, "hashtags": []}
{"id": 1254197412022935556, "date": "2020-04-25", "time": "19:55:39", "tweet": "@CassandraPaigee I've found building functionality for command-line before even putting a UI on top of it works quite well. You're locked into zero-UI until the functionality is there, and in the end, you have two modes of input!", "likes_count": 0, "replies_count": 0, "retweets_count": 0, "hashtags": []}
{"id": 1254197406033379330, "date": "2020-04-25", "time": "19:55:38", "tweet": "@Blue_Footy Yes it’s true I have heard all Chelsea young players say Dey don’t want trophy. In fact sometimes ur lil input spoils all ur work. Pls wot happen to Ajax young team at d UCL last season n Dutch league?", "likes_count": 0, "replies_count": 1, "retweets_count": 0, "hashtags": []}
{"id": 1254197094912491522, "date": "2020-04-25", "time": "19:54:23", "tweet": "If you answer this question and offer input i'll follow you.", "likes_count": 9, "replies_count": 3, "retweets_count": 0, "hashtags": []}
{"id": 1254196762975236101, "date": "2020-04-25", "time": "19:53:04", "tweet": "@mana_kailani @AlboMP Yes! Kailani-Speers spend all his time in interview DEFENDING Morrison &amp; today on insiders it was still 2 Newscorp DOGS 1 NINE Dog &amp; an ex ABC host. Biased as hell is the Newscorp Defender SPEERS! Rude too cuts people off before they finish saying their INPUT! PIG Headed Jerk!", "likes_count": 4, "replies_count": 0, "retweets_count": 1, "hashtags": []}
{"id": 1254196752246206465, "date": "2020-04-25", "time": "19:53:02", "tweet": "@jackbutcher Less input. More output.", "likes_count": 0, "replies_count": 0, "retweets_count": 0, "hashtags": []}
{"id": 1254196459324542976, "date": "2020-04-25", "time": "19:51:52", "tweet": "@SmmrHghlndFlls @accounthaver Which of those two is preferable?  My instinct is Tweet of the Year but I’m open to non-boomer input.", "likes_count": 2, "replies_count": 1, "retweets_count": 0, "hashtags": []}
{"id": 1254196431839248386, "date": "2020-04-25", "time": "19:51:45", "tweet": "@Brawlhalla @Brawlhalla Just played a game and it did the wrong input 15 times. I counted. I'm just gonna keep updating you on how many times it does the complete wrong move regardless of my input until you guys reply to me.", "likes_count": 0, "replies_count": 0, "retweets_count": 0, "hashtags": []}
{"id": 1254196325077393408, "date": "2020-04-25", "time": "19:51:20", "tweet": "@Phe800 Pregnancy lesson 101 - don’t ask for input on names. Go with what you like and it will be perfect.", "likes_count": 1, "replies_count": 0, "retweets_count": 0, "hashtags": []}
{"id": 1254196124082147330, "date": "2020-04-25", "time": "19:50:32", "tweet": "i set up a turbo controller to mode 2 (continuous input) on the A button and im just farming the fuck out of this meteor shower in NH while i do something else  BIGGE brain", "likes_count": 0, "replies_count": 0, "retweets_count": 0, "hashtags": []}
{"id": 1254196053093552134, "date": "2020-04-25", "time": "19:50:15", "tweet": "Partially agree, Trump’s input is not worth much.", "likes_count": 0, "replies_count": 0, "retweets_count": 0, "hashtags": []}
{"id": 1254195917978103808, "date": "2020-04-25", "time": "19:49:43", "tweet": "@menu_eco_input いいないいな", "likes_count": 1, "replies_count": 1, "retweets_count": 0, "hashtags": []}
{"id": 1254195684640776193, "date": "2020-04-25", "time": "19:48:47", "tweet": "I would appreciate your input. Several questions.  Given the chance to obtain incredible european eq wear, and tack, would you?  Price and product later", "likes_count": 2, "replies_count": 6, "retweets_count": 0, "hashtags": []}
{"id": 1254195543754051587, "date": "2020-04-25", "time": "19:48:14", "tweet": "@ZacStevensDNVR Love that Elway called Drew. Shows Elway respects and values his input. Confidence building!", "likes_count": 0, "replies_count": 0, "retweets_count": 0, "hashtags": []}
{"id": 1254195471918211073, "date": "2020-04-25", "time": "19:47:56", "tweet": "Go to  https://t.co/dBXwl0xBzC on your iPhone/iPod Safari, input my code j31769043.  https://t.co/BI58kp1cUo", "likes_count": 0, "replies_count": 0, "retweets_count": 0, "hashtags": []}
{"id": 1254195360630804484, "date": "2020-04-25", "time": "19:47:30", "tweet": "@Formula i find it funny how people play a video game on an input that they wanna play on and get hate for it... grow up its just a video game and people wanna play on what they want and now they are beinh catorgorized by how they sound like wtf", "likes_count": 0, "replies_count": 0, "retweets_count": 0, "hashtags": []}
{"id": 1254195302254342149, "date": "2020-04-25", "time": "19:47:16", "tweet": "1/ New Zealand perspective on #Covid_19 #clusters, with input from @PunahaMatatini and @hendysh  https://t.co/dEtC71VOtg", "likes_count": 3, "replies_count": 1, "retweets_count": 0, "hashtags": ["covid_19", "clusters"]}
{"id": 1254195298894852096, "date": "2020-04-25", "time": "19:47:15", "tweet": "Hi all i have recently just finished making some sub badges for my twitch channel, for when i become an twitch Affiliate feel free too give me some input on what colours you like and that. i need too choose 4  https://t.co/qbD9H7h95y", "likes_count": 2, "replies_count": 0, "retweets_count": 0, "hashtags": []}
{"id": 1254195276841189378, "date": "2020-04-25", "time": "19:47:10", "tweet": "@ImNotRio You are right on both points: 1) Typically people propelled to success by a better footing found themselves in favourable positions to thrive, i.e it was not their input but a platform they found themselves in e.g dad's golf buddy is a bank CEO.", "likes_count": 1, "replies_count": 2, "retweets_count": 0, "hashtags": []}
{"id": 1254195231744036865, "date": "2020-04-25", "time": "19:46:59", "tweet": "@xfromjoong They just posted tweets from big army acc who are asses and most tweets from army are always shading groups and are the one they usually posted as well as adding their input to them agreeing w the bad ones //and they annoyed me so ajdjd", "likes_count": 0, "replies_count": 0, "retweets_count": 0, "hashtags": []}
{"id": 1254195198638329863, "date": "2020-04-25", "time": "19:46:51", "tweet": "@survivetheark DO NOT FUCKING RESET SETTING WHEN YOU UPDATE YOUR GAME.   I HAVE MY SETTINGS MY FUCKING WAY AND I DON\"T NEED YOUR SHITTY FUCKING INPUT.", "likes_count": 0, "replies_count": 0, "retweets_count": 0, "hashtags": []}
{"id": 1254195023547174912, "date": "2020-04-25", "time": "19:46:10", "tweet": "@_BonkyNotions @fionanme @donnia68 @BC_Manager @TrumpWarRoom We dont need the input of a racist to verify if hes clean.", "likes_count": 1, "replies_count": 1, "retweets_count": 0, "hashtags": []}
{"id": 1254194936439808001, "date": "2020-04-25", "time": "19:45:49", "tweet": "@Ouijecomprends Mli ghay chuf tweet dylk  https://t.co/QRUujOn0K4", "likes_count": 0, "replies_count": 0, "retweets_count": 0, "hashtags": []}
{"id": 1254194886015766533, "date": "2020-04-25", "time": "19:45:37", "tweet": "@mattw6767 @dbongino As long as the 'lemmings' refuse to stand up together, bc we are many more than 'they', &amp; fight AGAINST our conditioning and propaganda delivered daily to the 'consumers' via the 'Tell-A-Vision' designed to put you into a trance-like state of 'alpha waves' &amp; INPUT their messages.", "likes_count": 0, "replies_count": 1, "retweets_count": 0, "hashtags": []}
{"id": 1254194847206068224, "date": "2020-04-25", "time": "19:45:28", "tweet": "Thanks to @MoneySavingExp for some input, I am now starting a chargeback for @hotelsdotcom as they refuse to refund a hotel booking, despite the hotel being closed. Hopefully @RevolutApp can help me here.", "likes_count": 1, "replies_count": 1, "retweets_count": 0, "hashtags": []}
{"id": 1254194805850112007, "date": "2020-04-25", "time": "19:45:18", "tweet": "Lost to Laid game 3 and an input laggy connection vs a Duck Hunt player oh well GGs", "likes_count": 3, "replies_count": 1, "retweets_count": 0, "hashtags": []}
{"id": 1254194798854049792, "date": "2020-04-25", "time": "19:45:16", "tweet": "😂😂😂 personally im aware of these facts and your input is not needed😂😂 ..her laughter is everything", "likes_count": 0, "replies_count": 0, "retweets_count": 0, "hashtags": []}
{"id": 1254194760832749570, "date": "2020-04-25", "time": "19:45:07", "tweet": "#linux #kernel  Re: [RFC PATCH v10 6/9] media: tegra: Add Tegra210 Video input driver  https://t.co/HEGSxcC1fK", "likes_count": 0, "replies_count": 0, "retweets_count": 0, "hashtags": ["linux", "kernel"]}
{"id": 1254194745280208902, "date": "2020-04-25", "time": "19:45:03", "tweet": "Have opinions about improving the #CPA exam? @AICPA is seeking input to a changed exam that considers the role #tech plays in the profession today. Click here to help!  https://t.co/pAh5dcrcT2", "likes_count": 0, "replies_count": 0, "retweets_count": 0, "hashtags": ["cpa", "tech"]}
{"id": 1254194733003485185, "date": "2020-04-25", "time": "19:45:00", "tweet": "Nah but really Bruno &amp; Phil were a dynamic ass duo. It’s gonna be interesting to see how the sound changes without his input.", "likes_count": 15, "replies_count": 0, "retweets_count": 1, "hashtags": []}
{"id": 1254194548923756544, "date": "2020-04-25", "time": "19:44:16", "tweet": "4. Non-commission or community design. These are not commissions. They are my own ideas and I design them without input from others. They are publicly worked on and displayed. All can cosplay them as soon as they are completed and I usually sell the art on gumroad for small $!", "likes_count": 4, "replies_count": 1, "retweets_count": 0, "hashtags": []}
{"id": 1254194547237797890, "date": "2020-04-25", "time": "19:44:16", "tweet": "counting occurrences in a list in haskell  I cant get a method that counts the number of occurrences of a pair in a list for example if the input is [\"the\",\"man\",\"is\",\"the\",\"man\",\".\"] then the output should be [((\"man\",\"is\"),1),((\"is\",\"the\"),1),((\"the\",\"…  https://t.co/LXNAKWdPZT", "likes_count": 0, "replies_count": 0, "retweets_count": 0, "hashtags": []}
