{"id": 1269056256263716866, "date": "2020-06-05", "time": "19:59:24", "tweet": "@jamesplake721 I truly hope this isn’t some stunt to make him look foolish. I’m thrilled if it’s true!  Thank you for the input!", "likes_count": 0, "replies_count": 0, "retweets_count": 0, "hashtags": []}
{"id": 1269056200231972864, "date": "2020-06-05", "time": "19:59:10", "tweet": "Thanks for the input but this won  https://t.co/EiSXTdQlyY", "likes_count": 8, "replies_count": 1, "retweets_count": 1, "hashtags": []}
{"id": 1269056126609473542, "date": "2020-06-05", "time": "19:58:53", "tweet": "@DAllenNYC Thanks for your input!", "likes_count": 1, "replies_count": 0, "retweets_count": 0, "hashtags": []}
{"id": 1269056000637755393, "date": "2020-06-05", "time": "19:58:23", "tweet": "@7Elyesa @LLxccaFN @Omerrbtw Hab ihm kein fps boost gemacht nur input delay und einfach das es cleaner läuft 🥺 auch nix mit ping", "likes_count": 3, "replies_count": 0, "retweets_count": 0, "hashtags": []}
{"id": 1269055944169672704, "date": "2020-06-05", "time": "19:58:09", "tweet": "@million_input 明日から四象です！", "likes_count": 0, "replies_count": 1, "retweets_count": 0, "hashtags": []}
{"id": 1269055905477398529, "date": "2020-06-05", "time": "19:58:00", "tweet": "idk, i doubt many people are going to read this, but if anybody has any input please let me know", "likes_count": 1, "replies_count": 0, "retweets_count": 0, "hashtags": []}
{"id": 1269055850741501953, "date": "2020-06-05", "time": "19:57:47", "tweet": "@AustynMcintosh I’m very aware of and not against our amendments rights. But this is a baby and very unnecessary but thanks for your input", "likes_count": 0, "replies_count": 1, "retweets_count": 0, "hashtags": []}
{"id": 1269055627453771776, "date": "2020-06-05", "time": "19:56:54", "tweet": "@RealDLHughley On point as usual, but I had to stop laughing after you said “Trump should understand” in order to finish reading your tweet. I’m not quite sure where you gauge his comprehension and intelligence level, but please value my professional input- he’s not there yet! 🤣✊🏾", "likes_count": 0, "replies_count": 0, "retweets_count": 0, "hashtags": []}
{"id": 1269055504392822790, "date": "2020-06-05", "time": "19:56:24", "tweet": "and spare ur fav got7 songs pls i have mine but i need more input", "likes_count": 6, "replies_count": 4, "retweets_count": 0, "hashtags": []}
{"id": 1269055478606200832, "date": "2020-06-05", "time": "19:56:18", "tweet": "@AskMP The decklink mini monitor comes with SDI and HDMI, but my hardware encoder takes HDMI as input.  Will audio via HDMI be affected as it would if I use the fullscreen projection from Program?  Will it be seamless to set the decklink mini monitor as a true output source for audio?", "likes_count": 0, "replies_count": 1, "retweets_count": 0, "hashtags": []}
{"id": 1269055445165051906, "date": "2020-06-05", "time": "19:56:10", "tweet": "@kimahenson @SandhillsCattle @Panhandle_Range @UNLBeef @beef_educator @CooksleyBarbara Thank you, @kimahenson! A drying trend isn't something I usually \"like\" when it comes to rangelands. But I do really appreciate your input!", "likes_count": 1, "replies_count": 0, "retweets_count": 0, "hashtags": []}
{"id": 1269055330346041345, "date": "2020-06-05", "time": "19:55:43", "tweet": "@DrJosueRivera1 I know.  Even Valorant has very low requirements to help the game reach a larger audience.  PC is more about FPS over graphics. The results are smoother games with less input delay.", "likes_count": 0, "replies_count": 0, "retweets_count": 0, "hashtags": []}
{"id": 1269055265963294720, "date": "2020-06-05", "time": "19:55:27", "tweet": "@NyashaMadzima Lol. I have seen some mysogynistic claptrap on Twitter but this takes the biscuit. Got news for you - semen doesn't have any magical properties &amp; women's life force &amp; energy works perfectly well without needing any \"input\" from men.", "likes_count": 2, "replies_count": 0, "retweets_count": 0, "hashtags": []}
{"id": 1269055219377324034, "date": "2020-06-05", "time": "19:55:16", "tweet": "@DenitaS @Pink Thanks for your input, that’s enough until the end of time. 👋🏼", "likes_count": 0, "replies_count": 0, "retweets_count": 0, "hashtags": []}
{"id": 1269055101760606210, "date": "2020-06-05", "time": "19:54:48", "tweet": "@Ladylibra101 @marygerzudo @SeanHardingXXX @spunkchili Glad u asked. I can’t stop u from giving us ur input. Just stay away from telling us we shouldn’t our people who have done their best to put us down. Thanks.", "likes_count": 5, "replies_count": 3, "retweets_count": 0, "hashtags": []}
{"id": 1269055089240616961, "date": "2020-06-05", "time": "19:54:45", "tweet": "@D_jeneration Henry, did you see today’s NYT? Biden needs you on his steering committee. Or whatever it’s called. Please tell me you’ll go for it. He needs Black input and Lord knows you have input....😎👋🏻🥰", "likes_count": 0, "replies_count": 0, "retweets_count": 0, "hashtags": []}
{"id": 1269055054327222272, "date": "2020-06-05", "time": "19:54:37", "tweet": "@NickJHicks I did,quite some time after posting my own opinion, which we all have the right to do.But thankyou 4 your input,its been a long time since I've been called a nitwit,it made me smile! I dont ever think I've been called sanctimonious,so thanks.There's a first time for everything.🙂", "likes_count": 1, "replies_count": 0, "retweets_count": 0, "hashtags": []}
{"id": 1269054833157451776, "date": "2020-06-05", "time": "19:53:44", "tweet": "@ivtala3 @shelinaiv Ok thanks for ur input fake account", "likes_count": 0, "replies_count": 1, "retweets_count": 0, "hashtags": []}
{"id": 1269054819714478080, "date": "2020-06-05", "time": "19:53:41", "tweet": "Why do men feel like the world can't go on without their input, even if it's something they know absolutely nothing about", "likes_count": 4, "replies_count": 0, "retweets_count": 1, "hashtags": []}
{"id": 1269054796289490944, "date": "2020-06-05", "time": "19:53:35", "tweet": "@rantingtom01 @KingJames @uninterrupted Great input", "likes_count": 0, "replies_count": 0, "retweets_count": 0, "hashtags": []}
