{"id": 1265794913104519168, "date": "2020-05-27", "time": "19:59:59", "tweet": "How to input/output a GeoDataFrame with polygons?  https://t.co/dsBEpEiYrM #geopandas  https://t.co/Lr6BZP3ssN", "likes_count": 0, "replies_count": 0, "retweets_count": 0, "hashtags": ["geopandas"]}
{"id": 1265794875405897728, "date": "2020-05-27", "time": "19:59:50", "tweet": "@EricTrump Thanks for your input on this matter, Chicklit-Teeth. Rising up through the ranks of the dumbest, to... well, actually you're still the dumbest. But, well done with the spelling part! 👊", "likes_count": 0, "replies_count": 0, "retweets_count": 0, "hashtags": []}
{"id": 1265794868909137920, "date": "2020-05-27", "time": "19:59:48", "tweet": "@Northernbred1 @Norro21 @E20East @tf_stephen @MitchBenn @Trainsp84378419 Jesus what a threat how could anyone possibly want to pass up the opportunity of having such intelligent well thought through ideas circulating on their feed. It would be like Black Adder losing the strategic input of Baldrick.", "likes_count": 0, "replies_count": 0, "retweets_count": 0, "hashtags": []}
{"id": 1265794804257976320, "date": "2020-05-27", "time": "19:59:33", "tweet": "After that, I'll get into the business of accepting user input for their side of the conversation, and finally branched conversations (leading to different outcomes).", "likes_count": 2, "replies_count": 1, "retweets_count": 0, "hashtags": []}
{"id": 1265794637354029057, "date": "2020-05-27", "time": "19:58:53", "tweet": "@Jkylebass @YouTube @Google So AI is smart enough to make accident? Or some China spies input false info into the AI?", "likes_count": 0, "replies_count": 0, "retweets_count": 0, "hashtags": []}
{"id": 1265794584560500736, "date": "2020-05-27", "time": "19:58:40", "tweet": "This one goes out to all you “aLl LiVeS mAtTeR” people shut up and listen to black people instead of silencing them they deserve to be heard and listened to stop waiting to put in your input and actually listen you might learn something", "likes_count": 4, "replies_count": 0, "retweets_count": 1, "hashtags": []}
{"id": 1265794544295182336, "date": "2020-05-27", "time": "19:58:31", "tweet": "Imagine a input making u quit. Ha couldn’t be me", "likes_count": 16, "replies_count": 6, "retweets_count": 0, "hashtags": []}
{"id": 1265794495146319872, "date": "2020-05-27", "time": "19:58:19", "tweet": "@Skillfull @orangie If you already know controller is the better input then why do you not want it nerfed to make it fair???", "likes_count": 33, "replies_count": 4, "retweets_count": 0, "hashtags": []}
{"id": 1265794431199793152, "date": "2020-05-27", "time": "19:58:04", "tweet": "Take the Survey!  The Burnaby Business Recovery Task Force needs your input! Give your feedback on a list of potential activities and share your ideas for what needs to happen to help Burnaby businesses bounce back from the COVID-19 crisis. Please share.  https://t.co/TQjTCKwVIQ  https://t.co/8ooJCoH8RB", "likes_count": 0, "replies_count": 0, "retweets_count": 0, "hashtags": []}
{"id": 1265794413906681856, "date": "2020-05-27", "time": "19:58:00", "tweet": "Travel over the next 20 years will change significantly, how do you want to see it? Share your thoughts and input as we put together the Transportation Master Plan, but don't wait, this phase of the project ends Sunday, May 31,  https://t.co/vHaWfa2tVU  https://t.co/mdPpL4jufV", "likes_count": 2, "replies_count": 0, "retweets_count": 0, "hashtags": []}
{"id": 1265794236227760128, "date": "2020-05-27", "time": "19:57:17", "tweet": "Gate: noun-  1. a movable barrier (as at a grade crossing) 2. a means of entrance or exit 3. a device (as in a computer) that outputs a signal when specified input conditions are met  Continued...", "likes_count": 0, "replies_count": 1, "retweets_count": 0, "hashtags": []}
{"id": 1265794203935576064, "date": "2020-05-27", "time": "19:57:10", "tweet": "@timoteo0167 @davidgaffen His sentiment is one input but in whole political rhetoric and investment decisions are different decision trees with some overlapping branches.  So liking his politics doesn’t mean not investing.", "likes_count": 0, "replies_count": 0, "retweets_count": 0, "hashtags": []}
{"id": 1265794180099366912, "date": "2020-05-27", "time": "19:57:04", "tweet": "if you’re against the black lives matter movement you’re simply selfish and stupid and want attention. if you feel comfortable and protected around the police you have a privilege that many in this country don’t have, therefore your input isn’t wanted.", "likes_count": 11, "replies_count": 0, "retweets_count": 2, "hashtags": []}
{"id": 1265794100470546439, "date": "2020-05-27", "time": "19:56:45", "tweet": "@TorontoStar It's time. Great run.  Some fresh input is needed.  Good luck", "likes_count": 0, "replies_count": 0, "retweets_count": 0, "hashtags": []}
{"id": 1265794031218569219, "date": "2020-05-27", "time": "19:56:29", "tweet": "My account was debited for renewal of  a domain i didn't want to renew...in these corona times Its not funny at all Check your cards, remove it from where money can be debited without further input from you First zoom, now namecheap i  learned the hard way. Pay n remove card", "likes_count": 1, "replies_count": 2, "retweets_count": 0, "hashtags": []}
{"id": 1265794007214419969, "date": "2020-05-27", "time": "19:56:23", "tweet": "@GrinnyGrinGrin You are so right Alyssa! Always appreciate your input 🖤 Thank you for your support :D", "likes_count": 1, "replies_count": 1, "retweets_count": 0, "hashtags": []}
{"id": 1265793971382599683, "date": "2020-05-27", "time": "19:56:14", "tweet": "@Apple and @Google should make available an OPT-IN contact tracing program until the end of the year ASAP.   Use Bluetooth, have phone users take a daily self assessment of temperature and symptoms, input test results or set up a portal for testing centers to upload results.", "likes_count": 0, "replies_count": 1, "retweets_count": 0, "hashtags": []}
{"id": 1265793943813320704, "date": "2020-05-27", "time": "19:56:08", "tweet": "@Its_Spades @ubercactus @shrysalt @ClixHimself Good ol comp sci major over here lmao I’m so weak. And also I’m not sure if your IQ is high enough to understand this but the real problem is having a competitive game with different means of input between players. Controllers have some advantages, as do mouse/key", "likes_count": 0, "replies_count": 0, "retweets_count": 0, "hashtags": []}
{"id": 1265793935466733568, "date": "2020-05-27", "time": "19:56:06", "tweet": "@ernestocomposer across the industry old white guys charge up to 50K for their show design input from groups who tour the country full of band kids who are actually doing the work. Just seems fucked up to me", "likes_count": 1, "replies_count": 0, "retweets_count": 0, "hashtags": []}
{"id": 1265793912150482944, "date": "2020-05-27", "time": "19:56:00", "tweet": "@comingupcharlie Agreed it is way way too high. The Government themselves said it was \"modest\". We campaigned for an initial 60kg cap and then a full phase-out by 2025. It is the first \"input control we've ever seen though, so that's something.", "likes_count": 0, "replies_count": 1, "retweets_count": 0, "hashtags": []}
