{"id": 1233904668662730752, "date": "2020-02-29", "time": "18:59:32", "tweet": "All that feminine input must be overwhelming... #mother would approve. 🙄🙄🙄  #misogyny", "likes_count": 0, "replies_count": 0, "retweets_count": 0, "hashtags": ["mother", "misogyny"]}
{"id": 1233904630033190913, "date": "2020-02-29", "time": "18:59:23", "tweet": "A judge ordered public input to be restored in environmental decisions in a lawsuit filed to protect the greater sage grouse.  https://t.co/nlmEsGDArN via @HuffPostPol", "likes_count": 0, "replies_count": 0, "retweets_count": 0, "hashtags": []}
{"id": 1233904569664430081, "date": "2020-02-29", "time": "18:59:08", "tweet": "@SueZooMurray @abosc33 @courtneyskippon What were you watching, I saw a man try to impose his will on a grown woman to get her to behave (conform) to HIS ideal. Courtney had the courage to stand up to him and say no, I will not, I have my own mind and I can decide how to act and to respond, I don’t need your input", "likes_count": 2, "replies_count": 1, "retweets_count": 0, "hashtags": []}
{"id": 1233904540782477314, "date": "2020-02-29", "time": "18:59:02", "tweet": "@fkhan907 Good day, @fkhan907. If you wish to apply for a refund, we highly suggest that you reach out to our Reservation and Customer Service Center for assistance at  https://t.co/h1XMM9jPgP. Simply input your city of residence to obtain the appropriate contact information. +", "likes_count": 0, "replies_count": 3, "retweets_count": 0, "hashtags": []}
{"id": 1233904140578766848, "date": "2020-02-29", "time": "18:57:26", "tweet": "@AstroBravo @teacupsmasher This absolutely makes sense! Thank you so much for your input ❤❤", "likes_count": 1, "replies_count": 0, "retweets_count": 0, "hashtags": []}
{"id": 1233904140503240706, "date": "2020-02-29", "time": "18:57:26", "tweet": "@RealDeanCain @RepTedLieu Glad to hear it. One of the best things about being a Father is WALKING hand in hand helping your Children explore the World. A smile is better than a wince any day  I have a Friend who had a large wave slam her into the bottom feet first. Many thanks for the input :)", "likes_count": 2, "replies_count": 0, "retweets_count": 0, "hashtags": []}
{"id": 1233904124116307969, "date": "2020-02-29", "time": "18:57:22", "tweet": "I've got more Rebar stuff to show. Behold the Unwrap Option node (\"?!\").  This takes an Option&lt;T&gt; and outputs x if the input was Some(x). This doesn't look that different from the Unwrap Option tunnel, though, so what's new?  If the input is None, this node will *panic.*  https://t.co/SuQwiN4CQy", "likes_count": 4, "replies_count": 1, "retweets_count": 1, "hashtags": []}
{"id": 1233903630115377153, "date": "2020-02-29", "time": "18:55:24", "tweet": "This is adorable. And I'm not gonna lie, my partner and I are both artists, and I love his brain and what it can do. I straight up pale in comparison to that human's skill. I love it.  But it's still weird to think of 'artist' as inherently hot. 😂 Can I get some input?", "likes_count": 5, "replies_count": 2, "retweets_count": 0, "hashtags": []}
{"id": 1233903589858381826, "date": "2020-02-29", "time": "18:55:15", "tweet": "@_vivrantthang_ you put this on twitter, you asking for everybody’s input", "likes_count": 0, "replies_count": 0, "retweets_count": 0, "hashtags": []}
{"id": 1233903493997481985, "date": "2020-02-29", "time": "18:54:52", "tweet": "*issue appears to resolve with extremely limited input from ya boy*  I'm more machine now, than man", "likes_count": 0, "replies_count": 0, "retweets_count": 0, "hashtags": []}
{"id": 1233903469347721216, "date": "2020-02-29", "time": "18:54:46", "tweet": "@Samira_Tarrass Laat je niet gek maken door nietszeggende individuen, mensen waarderen je ongeremde mening/input...💪", "likes_count": 0, "replies_count": 0, "retweets_count": 0, "hashtags": []}
{"id": 1233903387596533761, "date": "2020-02-29", "time": "18:54:27", "tweet": ".@joeybarrington @pjsquash wondering if you could shed some light on the blood ruling (watched the gawad replay today). Do players have input on defining those kind of rules?", "likes_count": 0, "replies_count": 0, "retweets_count": 0, "hashtags": []}
{"id": 1233903308672262145, "date": "2020-02-29", "time": "18:54:08", "tweet": "@1Paul_Burrows @Alex95404468 @johnhenrybaird @EugJHawk @realDonaldTrump Explain to me how do you delineate what his input was, for my marginal contribution analysis, to Job creation that was actually negative on a 36-month analysis basis time.? The floor is yours my friend", "likes_count": 0, "replies_count": 0, "retweets_count": 0, "hashtags": []}
{"id": 1233903248819486725, "date": "2020-02-29", "time": "18:53:53", "tweet": "@SFrank38286129 @matthewjdowd SFrank3736829374638929i37y399e0 chiming in with its absolutely, totally real input.", "likes_count": 1, "replies_count": 0, "retweets_count": 0, "hashtags": []}
{"id": 1233903012592209920, "date": "2020-02-29", "time": "18:52:57", "tweet": "@NubiPlaysFort Input delay", "likes_count": 0, "replies_count": 1, "retweets_count": 0, "hashtags": []}
{"id": 1233902770299662336, "date": "2020-02-29", "time": "18:51:59", "tweet": "Thank you all for voting and input  https://t.co/g5BuaRKKeq", "likes_count": 1, "replies_count": 0, "retweets_count": 1, "hashtags": []}
{"id": 1233902695456673792, "date": "2020-02-29", "time": "18:51:42", "tweet": "@TheMichelle17 I heard about it but doubt it’s true. In order to buy something like this, it takes months, sometimes years to negotiate the legalities. If you quit, we’ll lose your input. Keep fighting, they want you to delete", "likes_count": 1, "replies_count": 2, "retweets_count": 0, "hashtags": []}
{"id": 1233902435263012867, "date": "2020-02-29", "time": "18:50:40", "tweet": "That break up and make up shit childish asf. If you gone be here then be here and workout the problems silently. Don’t be here then leave and talk to people I don’t fwu about our problems so they can have input then when YOU ready you wanna amend shit. That’s not how life work", "likes_count": 5, "replies_count": 0, "retweets_count": 3, "hashtags": []}
{"id": 1233902270254854145, "date": "2020-02-29", "time": "18:50:00", "tweet": "@Gamblin96742273 @JackPilgrimKSR Thanks for your input", "likes_count": 0, "replies_count": 0, "retweets_count": 0, "hashtags": []}
{"id": 1233902254811279360, "date": "2020-02-29", "time": "18:49:56", "tweet": "@RobletoFire Reaching out to, welcoming, &amp; having input into a group is FAR different than being unable to keep up with all the apologist denunciations &amp; disavowels demanded of him by every group who is interested in maintaining status quo. No matter WHAT he says, it will never be enough.", "likes_count": 0, "replies_count": 0, "retweets_count": 0, "hashtags": []}
{"id": 1233901901931929600, "date": "2020-02-29", "time": "18:48:32", "tweet": "@collusionzz @DesisiveJaxon @blakeps It’s the same shit dude console and pc just bad frames nothing changed it’s the exact same input.", "likes_count": 1, "replies_count": 0, "retweets_count": 0, "hashtags": []}
{"id": 1233901888715837441, "date": "2020-02-29", "time": "18:48:29", "tweet": "Havent seen any input from KSA in Afghan/US deal???????", "likes_count": 0, "replies_count": 0, "retweets_count": 0, "hashtags": []}
{"id": 1233901779114512390, "date": "2020-02-29", "time": "18:48:03", "tweet": "@jonatan Hmm, I'm running them same Titan Ridge card, but it seems like the second Mini DisplayPort input isn't being detected? 🤔  4096x2304 is nice, but I really want that 5k.", "likes_count": 0, "replies_count": 0, "retweets_count": 0, "hashtags": []}
{"id": 1233901638210990081, "date": "2020-02-29", "time": "18:47:29", "tweet": "@S_U_A_R @lokiscottishrap @scotgov Agree, volunteers are run off their feet. If new money is being created for drug crisis Glasgow a paid liaison official is desirable to field input and speak to the media. Politicians waffling to press with incomplete insights achieves little.", "likes_count": 0, "replies_count": 2, "retweets_count": 0, "hashtags": []}
{"id": 1233901622675353600, "date": "2020-02-29", "time": "18:47:26", "tweet": "@whysteriarose Good input!", "likes_count": 0, "replies_count": 0, "retweets_count": 0, "hashtags": []}
{"id": 1233901598365114369, "date": "2020-02-29", "time": "18:47:20", "tweet": "@vikutevalio I don't want or need your mac and cheese, I just hoped you would take my feelings into consideration when making a decision you specifically ask my input on (and then do the opposite btw!)", "likes_count": 0, "replies_count": 1, "retweets_count": 0, "hashtags": []}
{"id": 1233901534523592704, "date": "2020-02-29", "time": "18:47:05", "tweet": "@hsengteach @jonathanspike @gamably @UWWCoeps You can use it now, if you want! You create the student accounts, so there's no connection to private student info other than what you input. Give it a shot and let me know what you think!", "likes_count": 2, "replies_count": 0, "retweets_count": 0, "hashtags": []}
{"id": 1233901523568136198, "date": "2020-02-29", "time": "18:47:02", "tweet": "#Tech  #Automated | Why the  https://t.co/zyjWDYnKMV Design System team changed the input type for numbers  https://t.co/qHvU9Ubrag", "likes_count": 1, "replies_count": 0, "retweets_count": 1, "hashtags": ["tech", "automated"]}
{"id": 1233901444018966528, "date": "2020-02-29", "time": "18:46:43", "tweet": "M32 MIDAS M32 Digital Console for Live and Studio with 40 Input Channels, 32 MIDAS Microphone Preamplifiers and 25 Mix Buses  Manufacturer: MIDAS  For more information visit:  https://t.co/fRJr3gLMY6        #midas #digitalconsole #microphonepreamplifiers  https://t.co/Ey28u9pigg", "likes_count": 0, "replies_count": 0, "retweets_count": 0, "hashtags": ["midas", "digitalconsole", "microphonepreamplifiers"]}
{"id": 1233901247163510786, "date": "2020-02-29", "time": "18:45:56", "tweet": "@Scot1andT @Quarry_Rock @thinkorswim Thanks Scot, Do you have input on who has ONUS to exercise the protection leg on credit spread in this case? Since i did not call in would it execute by CBOE settlement midnight?", "likes_count": 0, "replies_count": 2, "retweets_count": 0, "hashtags": []}
{"id": 1233901217362870272, "date": "2020-02-29", "time": "18:45:49", "tweet": "@katrinajax Or did you mean by “no input” that you haven’t seen him in anything?", "likes_count": 0, "replies_count": 0, "retweets_count": 0, "hashtags": []}
{"id": 1233901144243654656, "date": "2020-02-29", "time": "18:45:32", "tweet": "@ArrowSpace3 PERFECT.... Thank you for your input....now to pick the lyrics... I love so many songs... it will take me forever!!! But that’s perfect... 😘😘😊😘😘😊❤️❤️❤️", "likes_count": 0, "replies_count": 0, "retweets_count": 0, "hashtags": []}
{"id": 1233901030737416192, "date": "2020-02-29", "time": "18:45:05", "tweet": "@papayathebee Ah too late for input but this was funny to come across", "likes_count": 0, "replies_count": 1, "retweets_count": 0, "hashtags": []}
{"id": 1233901015297978370, "date": "2020-02-29", "time": "18:45:01", "tweet": "@spyder_v Thanks for the input, I'm going to have to watch some YouTube videos probably. That opening trailer makes it hard not to pick Revenant. LOL", "likes_count": 1, "replies_count": 1, "retweets_count": 0, "hashtags": []}
{"id": 1233900651433865218, "date": "2020-02-29", "time": "18:43:34", "tweet": "FUCK", "likes_count": 1, "replies_count": 0, "retweets_count": 0, "hashtags": []}
{"id": 1233900637051482117, "date": "2020-02-29", "time": "18:43:31", "tweet": "@siveahxo input viewer for my gamecube controller so you can see my controller inputs live on the screen during a stream", "likes_count": 0, "replies_count": 1, "retweets_count": 0, "hashtags": []}
{"id": 1233900565878325248, "date": "2020-02-29", "time": "18:43:14", "tweet": "@jeannebadino @R4nd4hl Tænk sig, at en mand så ubetydelig som  Randahl Fink Isaksen skal gøre opmærksom på et forhold af den karakter - Det er simpelt hen sørgeligt. For selvfølgelig er det et problem. Vigtigt input!!!", "likes_count": 0, "replies_count": 0, "retweets_count": 0, "hashtags": []}
{"id": 1233900480893292544, "date": "2020-02-29", "time": "18:42:54", "tweet": "Bad direction to take food! Sustainable, Mother Earth, soil-born, nutrients can regenerate. Pots of chemically saturated water, HARDLY A FUTURE TO TAKE OUR CHILDREN! A +2C global heating is certain &amp; dangerous! Biomimicry &amp; The Precautionary Principle w Indigenous People's input!", "likes_count": 0, "replies_count": 0, "retweets_count": 0, "hashtags": []}
{"id": 1233900421313228801, "date": "2020-02-29", "time": "18:42:39", "tweet": "@grafitti5 @Tourlina @getnicced @pernilleripp @MichaelBonner_ @WritetoLearnMO How did it reignite your passion for teaching? I'm thinking of going into teaching &amp; asking a lot of teachers for input. Btw, BRAVA! on the solo travel! I just got back from a 4-mo. solo trip around the world. So amazing.", "likes_count": 2, "replies_count": 0, "retweets_count": 1, "hashtags": []}
{"id": 1233900112339972098, "date": "2020-02-29", "time": "18:41:26", "tweet": "@TommyGioia @barstoolsports Thanks for your input, Tom. But I think John Foppe would be a better QB.  https://t.co/G3jqeyypgg", "likes_count": 0, "replies_count": 1, "retweets_count": 0, "hashtags": []}
