{"id": 1212523850669445122, "date": "2020-01-01", "time": "18:59:48", "tweet": "anyone else having input lag and generally lower fps?", "likes_count": 9, "replies_count": 2, "retweets_count": 0, "hashtags": []}
{"id": 1212523800266452993, "date": "2020-01-01", "time": "18:59:36", "tweet": "@1crzydg @MorrisCorso @Curious111188 @4YrsToday Thanks Rob... your input is so welcomed and witty, you crazy dog.", "likes_count": 1, "replies_count": 1, "retweets_count": 0, "hashtags": []}
{"id": 1212523699305418753, "date": "2020-01-01", "time": "18:59:12", "tweet": "I mean I should hold on to my yearly December selca day input", "likes_count": 0, "replies_count": 0, "retweets_count": 0, "hashtags": []}
{"id": 1212523694859395075, "date": "2020-01-01", "time": "18:59:11", "tweet": "@gemeauxlogy I know personally, I always get tunnel vision when it comes to my own chart/reading tarot for myself. So it’s good to have that second input", "likes_count": 0, "replies_count": 0, "retweets_count": 0, "hashtags": []}
{"id": 1212523684143017984, "date": "2020-01-01", "time": "18:59:08", "tweet": "that port on the PO-12 is audio output. I put my headphones in there, I can hear audio output.  the port on the laptop is for headphones and microphones. it is designed for audio input.  why the fuck does this not show up in windows goddamn anywhere.", "likes_count": 1, "replies_count": 1, "retweets_count": 0, "hashtags": []}
{"id": 1212523505184641026, "date": "2020-01-01", "time": "18:58:25", "tweet": "@B4yda @DonHaci Reduces input lag too?", "likes_count": 1, "replies_count": 1, "retweets_count": 0, "hashtags": []}
{"id": 1212523486297636866, "date": "2020-01-01", "time": "18:58:21", "tweet": "@MikeMayoral @draginol The \"default\" XBox/PS controllers are insanely limited. Far too few buttons and no way to properly do pixel precise input (hence why autoaim is a thing). PC games like Arma or DCS for example can't just be ported to consoles. It literally won't work.", "likes_count": 1, "replies_count": 0, "retweets_count": 0, "hashtags": []}
{"id": 1212523451858206720, "date": "2020-01-01", "time": "18:58:13", "tweet": "@KnowledgeBeard @rebeccaromney just wishing two of my favorite experts a Happy &amp; Healthy 2020. I love your knowledge &amp; input &amp; hope to see more of you on Pawn Stars in 2020.", "likes_count": 0, "replies_count": 0, "retweets_count": 0, "hashtags": []}
{"id": 1212523400410861568, "date": "2020-01-01", "time": "18:58:00", "tweet": "In March I’ll be presenting “Low-Prep Comprehensible Input Activities for the Latin Classroom” at the CANE Annual Meeting in Hartford, CT! I will share simple activities and easy ways to assess/grade students so that everyone can succeed! #latinteach #langchat", "likes_count": 11, "replies_count": 0, "retweets_count": 1, "hashtags": ["latinteach", "langchat"]}
{"id": 1212523368978604032, "date": "2020-01-01", "time": "18:57:53", "tweet": "Add input masks to an #angular app   https://t.co/YrZNoFuSit", "likes_count": 6, "replies_count": 0, "retweets_count": 2, "hashtags": ["angular"]}
{"id": 1212523283679105025, "date": "2020-01-01", "time": "18:57:33", "tweet": "@TSkeptic420 😅 Thanks for your input!", "likes_count": 1, "replies_count": 0, "retweets_count": 0, "hashtags": []}
{"id": 1212523220781404160, "date": "2020-01-01", "time": "18:57:18", "tweet": "@KilljoyAEM Thanks for the input! I think I'll try putting it on my stream and see if I use it right! 😁", "likes_count": 0, "replies_count": 0, "retweets_count": 0, "hashtags": []}
{"id": 1212523151445364736, "date": "2020-01-01", "time": "18:57:01", "tweet": "WHY THE FUCK DOES CONNECTING THIS PORT TO THAT PORT NOT WORK FOR AUDIO INPUT  https://t.co/kw9eYTSe9T", "likes_count": 5, "replies_count": 6, "retweets_count": 0, "hashtags": []}
{"id": 1212523141177790465, "date": "2020-01-01", "time": "18:56:59", "tweet": "Does Dak Prescott deserve to have input on the Cowboys’ coaching search? | First Take   https://t.co/wvmUntK3lM  https://t.co/FnlowuwtKY", "likes_count": 0, "replies_count": 0, "retweets_count": 0, "hashtags": []}
{"id": 1212522907064246275, "date": "2020-01-01", "time": "18:56:03", "tweet": "@Actor_Abdul @TheodoreMsibi Who asked you for your input ? Did I tag you or even follow you ?", "likes_count": 0, "replies_count": 1, "retweets_count": 0, "hashtags": []}
{"id": 1212522879260213249, "date": "2020-01-01", "time": "18:55:56", "tweet": "New today: distinctive input.  https://t.co/W1A7k2Nmu5 #mfltwitterati #langchat", "likes_count": 0, "replies_count": 1, "retweets_count": 0, "hashtags": ["mfltwitterati", "langchat"]}
{"id": 1212522870955339776, "date": "2020-01-01", "time": "18:55:54", "tweet": "@HelpATeacher @teachergoals @craignewmark I am most excited to continue with Comprehensible Input in my Spanish classroom. It has made a world of difference!", "likes_count": 1, "replies_count": 0, "retweets_count": 0, "hashtags": []}
{"id": 1212522818233151489, "date": "2020-01-01", "time": "18:55:42", "tweet": "@bobtis Mara will have big input on the head coach..", "likes_count": 0, "replies_count": 2, "retweets_count": 0, "hashtags": []}
{"id": 1212522718563667969, "date": "2020-01-01", "time": "18:55:18", "tweet": "@MathewBen14 @ANG4LSAN @KEEMSTAR Thank u for your input mathew ben 😊", "likes_count": 0, "replies_count": 0, "retweets_count": 0, "hashtags": []}
{"id": 1212522691351207936, "date": "2020-01-01", "time": "18:55:11", "tweet": "would love your input @owocki @nategeier @julien51 @jperkinsx @joelthortness @somemikesena @jamesyoung", "likes_count": 4, "replies_count": 4, "retweets_count": 0, "hashtags": []}
{"id": 1212522468759326720, "date": "2020-01-01", "time": "18:54:18", "tweet": "@AndresMksGames Working on an early access game that wants player input throughout the development process is pure nightmare fuel. An open beta is hard enough to manage, though I believe generally useful in particular to multiplayer games. Doing that through most of the process sounds like hell.", "likes_count": 1, "replies_count": 0, "retweets_count": 0, "hashtags": []}
{"id": 1212522403944947712, "date": "2020-01-01", "time": "18:54:03", "tweet": "What games would y'all watch me play? Also, new stream schedule will be out late tonight! Input would be appreciated.  🧡 y'all.", "likes_count": 2, "replies_count": 2, "retweets_count": 0, "hashtags": []}
{"id": 1212522320826425344, "date": "2020-01-01", "time": "18:53:43", "tweet": "Congrats to @speedycop and the Gang of Outlaws crew.   I can’t claim any input on this one, but it was being built when I first became involved in his madness, so for me its his most iconic build.   This is a well deserved win for his many insane builds over the last 10 years.", "likes_count": 0, "replies_count": 0, "retweets_count": 0, "hashtags": []}
{"id": 1212522309313028096, "date": "2020-01-01", "time": "18:53:40", "tweet": "He had Highsmith come to Paradise Camp but now he’s not good enough to give his input while being in the Athletic department?? This will be an indictment on @Coach_MannyDiaz and @CanesAllAccess to let their pride and ego supersede what’s best for the PROGRAM", "likes_count": 0, "replies_count": 0, "retweets_count": 0, "hashtags": []}
{"id": 1212521859713060864, "date": "2020-01-01", "time": "18:51:53", "tweet": "@OPlz @LibertyJen I suppose so. I just saw another QT of a tweet from MSNBC where the tweet is hidden. I've had a Twitter account for 11 years, so I'm pretty aware of the process, but thanks for your input!", "likes_count": 1, "replies_count": 0, "retweets_count": 0, "hashtags": []}
{"id": 1212521857246793729, "date": "2020-01-01", "time": "18:51:52", "tweet": "@rrrage_input питер классное место", "likes_count": 1, "replies_count": 0, "retweets_count": 0, "hashtags": []}
{"id": 1212521819401596929, "date": "2020-01-01", "time": "18:51:43", "tweet": "Now I'm not one to blame a game for me dying a lot. But it seems that there is a definite input lag problem with this game across the board. Not what you want when you're trying to make impressive combos work or parry efficiently. This was very close but just off the mark.  3)", "likes_count": 2, "replies_count": 1, "retweets_count": 0, "hashtags": []}
{"id": 1212521816847241216, "date": "2020-01-01", "time": "18:51:43", "tweet": "Let it be said. I loved this game. And I really mean that. Combat had that \"Real lightsaber\" feeling to it. Perfectly weighted and it was definitely following in the footsteps of something like Sekiro but dialed back a little bit. But this just doesn't work with input lag.  2)", "likes_count": 2, "replies_count": 1, "retweets_count": 0, "hashtags": []}
{"id": 1212521811948310528, "date": "2020-01-01", "time": "18:51:42", "tweet": "@eiryhunter Ugh agreed. That makes like no sense from a screenwriting standpoint. Thanks for your input!", "likes_count": 0, "replies_count": 0, "retweets_count": 0, "hashtags": []}
{"id": 1212521785561944066, "date": "2020-01-01", "time": "18:51:35", "tweet": "Any of my twitter peeps ever been to the #KentuckyDerby and have any suggestions/input for me? I want to see the race. I don't care if I stand. I want to gamble a little.", "likes_count": 0, "replies_count": 1, "retweets_count": 0, "hashtags": ["kentuckyderby"]}
{"id": 1212521687398453248, "date": "2020-01-01", "time": "18:51:12", "tweet": "Your expert input on playing games at work, please?  I'm co-authoring a book tentatively titled \"All Work and Some Play: The Scientific Case for Games at Work\". We're about done but could really use your input to get it as great as possible. Help, please?  https://t.co/R7Jbt4WCtY", "likes_count": 2, "replies_count": 0, "retweets_count": 1, "hashtags": []}
{"id": 1212521668108664832, "date": "2020-01-01", "time": "18:51:07", "tweet": "@drjasonfung Sadly this article doesn't provide input from experts who understand intermittent fasting, implying that it is just a trick to reduce the calories you eat. IF is gaining followers despite articles like this because it works. IF increases energy level and reduces carb cravings.", "likes_count": 13, "replies_count": 1, "retweets_count": 0, "hashtags": []}
{"id": 1212521634780696576, "date": "2020-01-01", "time": "18:50:59", "tweet": "@ElizaGellis @chellemcmullin I was simply asking why you were so thoroughly critiquing the movie without actually putting in input into WHY it was bad. Kindly remove the stick up your ass, it was a question.", "likes_count": 0, "replies_count": 1, "retweets_count": 0, "hashtags": []}
{"id": 1212521576031309824, "date": "2020-01-01", "time": "18:50:45", "tweet": "@KritzoVenter @energy_pe @NikolovScience Let's not confuse a system that is continuous with one where the energy input is one time only. The sun as a heat source adds a portion of its total energy to the earth ~ 1361W/m^2. That is continuous and is also a continuous loss of energy. Rate of loss varies with many factors.", "likes_count": 0, "replies_count": 1, "retweets_count": 0, "hashtags": []}
{"id": 1212521541461794816, "date": "2020-01-01", "time": "18:50:37", "tweet": "@ghoonisaur Respect age gaps as long as it is legal and with CONSENT. It’s not anybody’s business what grownups do. Do not ever try to apply your input into a grown adult relationship that has nothing to do with you.", "likes_count": 0, "replies_count": 1, "retweets_count": 0, "hashtags": []}
{"id": 1212521490496839680, "date": "2020-01-01", "time": "18:50:25", "tweet": "@timsoret I had very basic world awareness in mind: sight, physics etc. Animal (and human) brains get visual input and simply \"understand\". It's like a full realtime environment simulation going on at 200fps based on two images (if only two eyes) + some sensor data. I think that's awesome.", "likes_count": 2, "replies_count": 0, "retweets_count": 0, "hashtags": []}
{"id": 1212521214285094912, "date": "2020-01-01", "time": "18:49:19", "tweet": "Any input on this is highly valuable, and the best answer will receive An Image for free!  https://t.co/2W4ONrMFpZ", "likes_count": 12, "replies_count": 7, "retweets_count": 2, "hashtags": []}
{"id": 1212521047980949504, "date": "2020-01-01", "time": "18:48:40", "tweet": "This. I may not physically develop games, but the devs would have no idea what the players thought without my input :)", "likes_count": 1, "replies_count": 0, "retweets_count": 0, "hashtags": []}
{"id": 1212521047888683008, "date": "2020-01-01", "time": "18:48:40", "tweet": "x eşittir input", "likes_count": 1, "replies_count": 0, "retweets_count": 0, "hashtags": []}
{"id": 1212521041731506176, "date": "2020-01-01", "time": "18:48:38", "tweet": "@ZeroAyres We're terribly sorry to hear of the poor experience. Can you confirm the device you're setting up as well as the error you've gotten when trying to input the wireless information? We're here to help! ^AY", "likes_count": 0, "replies_count": 0, "retweets_count": 0, "hashtags": []}
{"id": 1212523850669445122, "date": "2020-01-01", "time": "18:59:48", "tweet": "anyone else having input lag and generally lower fps?", "likes_count": 9, "replies_count": 2, "retweets_count": 0, "hashtags": []}
{"id": 1212523800266452993, "date": "2020-01-01", "time": "18:59:36", "tweet": "@1crzydg @MorrisCorso @Curious111188 @4YrsToday Thanks Rob... your input is so welcomed and witty, you crazy dog.", "likes_count": 1, "replies_count": 1, "retweets_count": 0, "hashtags": []}
{"id": 1212523699305418753, "date": "2020-01-01", "time": "18:59:12", "tweet": "I mean I should hold on to my yearly December selca day input", "likes_count": 0, "replies_count": 0, "retweets_count": 0, "hashtags": []}
{"id": 1212523694859395075, "date": "2020-01-01", "time": "18:59:11", "tweet": "@gemeauxlogy I know personally, I always get tunnel vision when it comes to my own chart/reading tarot for myself. So it’s good to have that second input", "likes_count": 0, "replies_count": 0, "retweets_count": 0, "hashtags": []}
{"id": 1212523684143017984, "date": "2020-01-01", "time": "18:59:08", "tweet": "that port on the PO-12 is audio output. I put my headphones in there, I can hear audio output.  the port on the laptop is for headphones and microphones. it is designed for audio input.  why the fuck does this not show up in windows goddamn anywhere.", "likes_count": 1, "replies_count": 1, "retweets_count": 0, "hashtags": []}
{"id": 1212523505184641026, "date": "2020-01-01", "time": "18:58:25", "tweet": "@B4yda @DonHaci Reduces input lag too?", "likes_count": 1, "replies_count": 1, "retweets_count": 0, "hashtags": []}
{"id": 1212523486297636866, "date": "2020-01-01", "time": "18:58:21", "tweet": "@MikeMayoral @draginol The \"default\" XBox/PS controllers are insanely limited. Far too few buttons and no way to properly do pixel precise input (hence why autoaim is a thing). PC games like Arma or DCS for example can't just be ported to consoles. It literally won't work.", "likes_count": 1, "replies_count": 0, "retweets_count": 0, "hashtags": []}
{"id": 1212523451858206720, "date": "2020-01-01", "time": "18:58:13", "tweet": "@KnowledgeBeard @rebeccaromney just wishing two of my favorite experts a Happy &amp; Healthy 2020. I love your knowledge &amp; input &amp; hope to see more of you on Pawn Stars in 2020.", "likes_count": 0, "replies_count": 0, "retweets_count": 0, "hashtags": []}
{"id": 1212523400410861568, "date": "2020-01-01", "time": "18:58:00", "tweet": "In March I’ll be presenting “Low-Prep Comprehensible Input Activities for the Latin Classroom” at the CANE Annual Meeting in Hartford, CT! I will share simple activities and easy ways to assess/grade students so that everyone can succeed! #latinteach #langchat", "likes_count": 11, "replies_count": 0, "retweets_count": 1, "hashtags": ["latinteach", "langchat"]}
{"id": 1212523368978604032, "date": "2020-01-01", "time": "18:57:53", "tweet": "Add input masks to an #angular app   https://t.co/YrZNoFuSit", "likes_count": 6, "replies_count": 0, "retweets_count": 2, "hashtags": ["angular"]}
{"id": 1212523283679105025, "date": "2020-01-01", "time": "18:57:33", "tweet": "@TSkeptic420 😅 Thanks for your input!", "likes_count": 1, "replies_count": 0, "retweets_count": 0, "hashtags": []}
{"id": 1212523220781404160, "date": "2020-01-01", "time": "18:57:18", "tweet": "@KilljoyAEM Thanks for the input! I think I'll try putting it on my stream and see if I use it right! 😁", "likes_count": 0, "replies_count": 0, "retweets_count": 0, "hashtags": []}
{"id": 1212523151445364736, "date": "2020-01-01", "time": "18:57:01", "tweet": "WHY THE FUCK DOES CONNECTING THIS PORT TO THAT PORT NOT WORK FOR AUDIO INPUT  https://t.co/kw9eYTSe9T", "likes_count": 5, "replies_count": 6, "retweets_count": 0, "hashtags": []}
{"id": 1212523141177790465, "date": "2020-01-01", "time": "18:56:59", "tweet": "Does Dak Prescott deserve to have input on the Cowboys’ coaching search? | First Take   https://t.co/wvmUntK3lM  https://t.co/FnlowuwtKY", "likes_count": 0, "replies_count": 0, "retweets_count": 0, "hashtags": []}
{"id": 1212522907064246275, "date": "2020-01-01", "time": "18:56:03", "tweet": "@Actor_Abdul @TheodoreMsibi Who asked you for your input ? Did I tag you or even follow you ?", "likes_count": 0, "replies_count": 1, "retweets_count": 0, "hashtags": []}
{"id": 1212522879260213249, "date": "2020-01-01", "time": "18:55:56", "tweet": "New today: distinctive input.  https://t.co/W1A7k2Nmu5 #mfltwitterati #langchat", "likes_count": 0, "replies_count": 1, "retweets_count": 0, "hashtags": ["mfltwitterati", "langchat"]}
{"id": 1212522870955339776, "date": "2020-01-01", "time": "18:55:54", "tweet": "@HelpATeacher @teachergoals @craignewmark I am most excited to continue with Comprehensible Input in my Spanish classroom. It has made a world of difference!", "likes_count": 1, "replies_count": 0, "retweets_count": 0, "hashtags": []}
{"id": 1212522818233151489, "date": "2020-01-01", "time": "18:55:42", "tweet": "@bobtis Mara will have big input on the head coach..", "likes_count": 0, "replies_count": 2, "retweets_count": 0, "hashtags": []}
{"id": 1212522718563667969, "date": "2020-01-01", "time": "18:55:18", "tweet": "@MathewBen14 @ANG4LSAN @KEEMSTAR Thank u for your input mathew ben 😊", "likes_count": 0, "replies_count": 0, "retweets_count": 0, "hashtags": []}
{"id": 1212522691351207936, "date": "2020-01-01", "time": "18:55:11", "tweet": "would love your input @owocki @nategeier @julien51 @jperkinsx @joelthortness @somemikesena @jamesyoung", "likes_count": 4, "replies_count": 4, "retweets_count": 0, "hashtags": []}
