{"id": 1217597250496598016, "date": "2020-01-15", "time": "18:59:41", "tweet": "@TaylorWadsworth Thanks for asking, Taylor! We ❤️ hearing feedback from our fans on where we should open a new Restaurant. There are several factors we look at when choosing a location and your input is much appreciated!", "likes_count": 2, "replies_count": 0, "retweets_count": 0, "hashtags": []}
{"id": 1217597236441485313, "date": "2020-01-15", "time": "18:59:37", "tweet": "Thanks everyone for your input. Nurse Twitter is such an amazing community.", "likes_count": 3, "replies_count": 0, "retweets_count": 0, "hashtags": []}
{"id": 1217597197535076352, "date": "2020-01-15", "time": "18:59:28", "tweet": "@_RDJ__2 @Anthropodiatry We are all here to learn, thanks for your input.", "likes_count": 1, "replies_count": 2, "retweets_count": 0, "hashtags": []}
{"id": 1217597174571098112, "date": "2020-01-15", "time": "18:59:22", "tweet": "@Puti_Chanie @Rose89Black @jokowi @aniesbaswedan Salah input", "likes_count": 0, "replies_count": 0, "retweets_count": 0, "hashtags": []}
{"id": 1217596954483601408, "date": "2020-01-15", "time": "18:58:30", "tweet": "@EvertonNewsFeed I am in no doubt that Usmanov and Moshiri will have made sure that all i's were dotted and t's crossed before announcing the input at the AGM. They are hardly going to shoot themselves in the foot. Especially with redshite vultures circling for every opportunity to derail EFC.", "likes_count": 6, "replies_count": 1, "retweets_count": 0, "hashtags": []}
{"id": 1217596851311919104, "date": "2020-01-15", "time": "18:58:05", "tweet": "@econ_gal8 @drlisadcook @ToniDM @DrCMoser @DanielC39751899 Without a doubt would not be a research fellow @StanfordGSB without the guidance and input from @drlisadcook. Also, all of the professors at the summer program like @DrCMoser and @ToniDM are excellent sources for advice regarding  all things grad school and/or econ.", "likes_count": 2, "replies_count": 0, "retweets_count": 0, "hashtags": []}
{"id": 1217596822493048833, "date": "2020-01-15", "time": "18:57:58", "tweet": "@CupFPS @SinXIV Just can't imagine caring this much about what input method other people use.", "likes_count": 0, "replies_count": 0, "retweets_count": 0, "hashtags": []}
{"id": 1217596603508449281, "date": "2020-01-15", "time": "18:57:06", "tweet": "@RussTNuttz @AshbourneAnnie He complained of having virtually no influence or input ✌😎🏳️‍🌈 we all know that feeling @GeorgeLeeRTE seems to have landed on his feet, was he ever off them #deluded #power #Corruption #lies #outoftouch", "likes_count": 3, "replies_count": 0, "retweets_count": 0, "hashtags": ["deluded", "power", "corruption", "lies", "outoftouch"]}
{"id": 1217596561598881794, "date": "2020-01-15", "time": "18:56:56", "tweet": "@thousand_tim @SportsCenter Alright Ninja Goku, let’s go to the Feds for their input. Also, ethics rule for comp and incentives typically ban upfront incentives and clear back-end incentives for performance. The spirit of this was clearly, entirely, spur-of-the-moment “go out and enjoy yourself” petty cash  https://t.co/AE1Mq07dmN", "likes_count": 3, "replies_count": 1, "retweets_count": 0, "hashtags": []}
{"id": 1217596541973811200, "date": "2020-01-15", "time": "18:56:52", "tweet": "@PCankatankton @RiverfrontICT (2/2) @PCankatankton - If the final recommendations for the @RiverfrontICT are implemented, each element such as the new performing arts center, public green space and more will have their own individual design process that will include community input prior to development.", "likes_count": 0, "replies_count": 0, "retweets_count": 0, "hashtags": []}
{"id": 1217596257704824833, "date": "2020-01-15", "time": "18:55:44", "tweet": "@JRubinBlogger @NateSilver538 Thanks for the input, republican", "likes_count": 4, "replies_count": 0, "retweets_count": 0, "hashtags": []}
{"id": 1217596246900101122, "date": "2020-01-15", "time": "18:55:41", "tweet": "Okay guys, I need input: from the front or from the top?  https://t.co/bEwmxKyU4R", "likes_count": 1, "replies_count": 2, "retweets_count": 0, "hashtags": []}
{"id": 1217596217590517760, "date": "2020-01-15", "time": "18:55:34", "tweet": "@chxrlxyx I have the LG M227WDL which is Monitor/TV so has HDMI an RGB and AV and Antenna input. So I don’t really know if a normal monitor can be used as TV, probably can. ☺️ Maybe there’s some kind of adapter.", "likes_count": 1, "replies_count": 0, "retweets_count": 0, "hashtags": []}
{"id": 1217596056533454848, "date": "2020-01-15", "time": "18:54:56", "tweet": "So I asked for opinions on my dice prices a couple days ago and based upon the results I’ve decided I will NOT be raising my prices at this time 😊  I’ve got a Patreon WIP and there will be some nice fancy perks there instead 💜  I appreciate all the honest input 💜💙💚💛🧡❤️", "likes_count": 9, "replies_count": 0, "retweets_count": 0, "hashtags": []}
{"id": 1217595979005878273, "date": "2020-01-15", "time": "18:54:37", "tweet": "Hello @cosmos lovers! Our friends from @cyber_devs awarded @cosmos community with some CYBER token🤩 Just input your cosmos address to see how much Santa Cyber Devs sent you 🎁🎊 ⏩ https://t.co/okJQ9W9iFV Full details: ⏩ https://t.co/vmNRnRpiRO", "likes_count": 19, "replies_count": 1, "retweets_count": 5, "hashtags": []}
{"id": 1217595956176224258, "date": "2020-01-15", "time": "18:54:32", "tweet": "@Negative_Legend We use the Rhode Smart Lav+. Pretty good, they plug into smart phones. Audio will often peak if you’re using a phone’s recorder app, but you can download apps to adjust input volume. At a casual level, it’s WAY better than dealing with transmitters and a dedicated sound guy.", "likes_count": 5, "replies_count": 0, "retweets_count": 0, "hashtags": []}
{"id": 1217595886517334022, "date": "2020-01-15", "time": "18:54:15", "tweet": "i dont believe this about most bands (that the frontman makes the band) it just really seems like the remaining members of queen have done fuckall and i'm still super deeply unsettled by what i heard about their input on bohemian rhapsody (the movie)", "likes_count": 6, "replies_count": 0, "retweets_count": 0, "hashtags": []}
{"id": 1217595805617414144, "date": "2020-01-15", "time": "18:53:56", "tweet": "@seattletimes @WADemocracy loan?  Nah.  Just tax them and then we can spend it how we want without their input or repayment schedule.    Cheers.", "likes_count": 3, "replies_count": 0, "retweets_count": 0, "hashtags": []}
{"id": 1217595696112721920, "date": "2020-01-15", "time": "18:53:30", "tweet": "@DonaldJTrumpJr You really do bring it on yourself. I’m trying to help you here.why not pick up a dictionary and widen your vocabulary plz. Speaking simple does get the good,the bad &amp; with you far too many ugly followers who love trash 🗑 talk )simple language of a donkey 😂. That’s my input.", "likes_count": 0, "replies_count": 0, "retweets_count": 0, "hashtags": []}
{"id": 1217595680765534209, "date": "2020-01-15", "time": "18:53:26", "tweet": "今日のタスク整理😀  ・来客対応（地域観光関係） ・応用微生物学受講 ・ブログ、SNSコンテンツのアイデア出し ・事務処理（会計等） ・修士論文修正 ・英会話教室（体験授業）  一言で言えば、あっちこっちの一日です（笑）。 楽しくInputとOutputの積み重ねがモノを言いますよね。  頑張りましょう！", "likes_count": 2, "replies_count": 0, "retweets_count": 0, "hashtags": []}
