{"id": 1213610792706334724, "date": "2020-01-04", "time": "18:58:55", "tweet": "@babaisyou_ @ThaDaveDood @TheRealGDColon I imagine to activate a rythm, you'd have to lay out RYTHM IS [number] - number dictating the bpm. The game would enter a different mode - for every tick the player doesn't input anything, the mode triggers a wait, only letting the player move by holding a direction during a tick", "likes_count": 0, "replies_count": 0, "retweets_count": 0, "hashtags": []}
{"id": 1213610746191302656, "date": "2020-01-04", "time": "18:58:44", "tweet": "@musawko Some sign because it’s one of the few ways to get away from poverty. I am well aware we all have an input but they should definitely be more considerate since our loved ones may be the ones deployed or even ourselves. We don’t sign with the mentality “ oh we’re going to war “ ❤️", "likes_count": 0, "replies_count": 1, "retweets_count": 0, "hashtags": []}
{"id": 1213610674942889984, "date": "2020-01-04", "time": "18:58:27", "tweet": "@TheTrueVanguard Yea that's all cool and stuff until they think they're better than you but can't do the same thing with the native input", "likes_count": 0, "replies_count": 0, "retweets_count": 0, "hashtags": []}
{"id": 1213610572874485761, "date": "2020-01-04", "time": "18:58:03", "tweet": "@KestrilFox thank you for your input", "likes_count": 1, "replies_count": 0, "retweets_count": 0, "hashtags": []}
{"id": 1213610498467487745, "date": "2020-01-04", "time": "18:57:45", "tweet": "@Kaelath_The_Red @DreturnsSage @fyre_guts I actually play games on all platforms, so your stereotype is invalid, thanks for your input though😊🤘🏻🎮!", "likes_count": 3, "replies_count": 1, "retweets_count": 0, "hashtags": []}
{"id": 1213610379928068104, "date": "2020-01-04", "time": "18:57:17", "tweet": "@Nattaphat052 Not sure. Did you input the correct subnet ip? Make sure you have one minime window open.", "likes_count": 1, "replies_count": 0, "retweets_count": 0, "hashtags": []}
{"id": 1213610336961646592, "date": "2020-01-04", "time": "18:57:06", "tweet": "the  moment i dont have input lag i become so fkn cracked. like right now, anyone boxfights?", "likes_count": 1, "replies_count": 0, "retweets_count": 0, "hashtags": []}
{"id": 1213610333450821634, "date": "2020-01-04", "time": "18:57:05", "tweet": "@doomedparade @jansfunhouse @UniqueHiFi @docvader2 @KManriffs @LFCMFighter @perroju666 @MoMetalTrax @TheMetalScholar Haakon: EoBL introduced creative input from the entire band. That was my first album where I had a significant creative input. Joe resurfaced Strange Gods which was a piece written a decade earlier. I think that’s a pretty big risk, but it turned out well.", "likes_count": 7, "replies_count": 1, "retweets_count": 0, "hashtags": []}
{"id": 1213610308251652096, "date": "2020-01-04", "time": "18:56:59", "tweet": "to have a crossover episode tonight between my friend groups for my last hurrah in corpus OR to just save myself the anxiety and watch netflix? input is welcome", "likes_count": 2, "replies_count": 2, "retweets_count": 0, "hashtags": []}
{"id": 1213610282901225475, "date": "2020-01-04", "time": "18:56:53", "tweet": "@BrownSpiderCLE Awesome! Thank you so much for your input!!!", "likes_count": 1, "replies_count": 0, "retweets_count": 0, "hashtags": []}
{"id": 1213609791253307395, "date": "2020-01-04", "time": "18:54:56", "tweet": "@9ERSorBUST Hmmm.  That would have been shortly after the time that our own Democrat &amp; Republican lawmakers alike deposited 10's of thousands of terrorists into our midst with no input from us.  It's called the Globalist agenda and it's not in our best interests.", "likes_count": 1, "replies_count": 0, "retweets_count": 0, "hashtags": []}
{"id": 1213609763671556096, "date": "2020-01-04", "time": "18:54:50", "tweet": "@outroversion I shall take this under advisement. Thanks for the input. 🙌", "likes_count": 1, "replies_count": 0, "retweets_count": 0, "hashtags": []}
{"id": 1213609415946973186, "date": "2020-01-04", "time": "18:53:27", "tweet": "@JHershey21 @NaturalWorks_ Me too. It came out that him and Favraeu will have more input going forward.", "likes_count": 1, "replies_count": 1, "retweets_count": 0, "hashtags": []}
{"id": 1213609414432702465, "date": "2020-01-04", "time": "18:53:26", "tweet": "@ShaydonJohn I def think it should be on. Those who grinded it out arent hurt by still doing the input and it helps get ultimate players into the game (which should be who you're catering to)", "likes_count": 1, "replies_count": 0, "retweets_count": 0, "hashtags": []}
{"id": 1213609279338401793, "date": "2020-01-04", "time": "18:52:54", "tweet": "NSW Government pushing ahead with fast rail network without Federal Government input  https://t.co/9c3xxeKNY0 via @abcnews", "likes_count": 0, "replies_count": 0, "retweets_count": 0, "hashtags": []}
{"id": 1213609274422779905, "date": "2020-01-04", "time": "18:52:53", "tweet": "You ever start planning your exit from the room when those two family members that love to discuss the end of the world start talking and dropping hints? Then turn to you for input as if they don't know they've done this before and can't remember you disagree with them?  https://t.co/xQq9euthcE", "likes_count": 2, "replies_count": 0, "retweets_count": 0, "hashtags": []}
{"id": 1213608999771205632, "date": "2020-01-04", "time": "18:51:47", "tweet": "I don’t usually ask for input into my content, but who would wanna hear about my thoughts on Laurie Strode as a Final Girl?", "likes_count": 1, "replies_count": 1, "retweets_count": 0, "hashtags": []}
{"id": 1213608927675527168, "date": "2020-01-04", "time": "18:51:30", "tweet": "#gamemusic and #gameaudio friends! I'm looking for a way to send CC data from a software instrument track in Logic Pro, to an input outside of Logic, potentially a virtual Midi port.", "likes_count": 1, "replies_count": 0, "retweets_count": 0, "hashtags": ["gamemusic", "gameaudio"]}
{"id": 1213608887821258752, "date": "2020-01-04", "time": "18:51:21", "tweet": "@GaryLineker Garry av a word with yourself lad you are disrespecting Sir Alex Ferguson. He built several teams that won league and trophies. I used to respect your input and analysis but not no more", "likes_count": 0, "replies_count": 0, "retweets_count": 0, "hashtags": []}
{"id": 1213608865780121606, "date": "2020-01-04", "time": "18:51:16", "tweet": "@jrockstrom Unspeakably tragic as it is for Australia, the Australian govt. attitude does not just affect Australia. Their unhelpful input to COP25, their export of coal and planned export of new coal as well as co2 from these current fires will affect the whole planet.", "likes_count": 2, "replies_count": 0, "retweets_count": 2, "hashtags": []}
{"id": 1213608862697316352, "date": "2020-01-04", "time": "18:51:15", "tweet": "@Mr_Misinko @TheHiddenBoss @mayhem_crimson Like every level is watch sonic run fast for half of it with no input, then the game grinding to a halt to do mediocre platforming. (For example city escape)", "likes_count": 0, "replies_count": 0, "retweets_count": 0, "hashtags": []}
{"id": 1213608568349495299, "date": "2020-01-04", "time": "18:50:05", "tweet": "@isnttyler_ Hey Tyler! We highly encourage you to share your suggestion via our Subreddit:  https://t.co/zauMGAzzgr as it's the best place for community feedback and suggestions like yours. We highly value input and ideas from players like yourself, so thank you for sharing!", "likes_count": 0, "replies_count": 0, "retweets_count": 0, "hashtags": []}
{"id": 1213608550536110080, "date": "2020-01-04", "time": "18:50:00", "tweet": "@DavidWohl @realDonaldTrump There are now many Americans essentially trapped in Iran at embassies &amp; other facilities (hostages), so this was very poorly planned Allies are traditionally consulted when a country is planning an act of war, so they can provide input, protect citizens... This will affect us all", "likes_count": 5, "replies_count": 3, "retweets_count": 1, "hashtags": []}
{"id": 1213608532790009856, "date": "2020-01-04", "time": "18:49:56", "tweet": "The more I think about this the more I'm excited to have a portable digital drawing thing. Still taking input on what I should get!", "likes_count": 3, "replies_count": 1, "retweets_count": 0, "hashtags": []}
{"id": 1213608502666633216, "date": "2020-01-04", "time": "18:49:49", "tweet": "One of my old CC’s was an aide to 1 of the primary decision makers in process to go into Iraq...1 of last things he heard said: “thanks for your input, but the decision has been made”  Funny thing about a decision, when the Man makes it...it’s getting done, 1 way or the other 🤫", "likes_count": 2, "replies_count": 0, "retweets_count": 1, "hashtags": []}
{"id": 1213608476619882497, "date": "2020-01-04", "time": "18:49:43", "tweet": "@Ghostinflamed @VanJonez @Brucesask Got input on how to stop Racism fine Otherwise 👇                  Fuck Off", "likes_count": 0, "replies_count": 1, "retweets_count": 0, "hashtags": []}
{"id": 1213608190614614016, "date": "2020-01-04", "time": "18:48:35", "tweet": "@atroyn massively increased human input / output bandwidth (look up eyefluence)", "likes_count": 1, "replies_count": 0, "retweets_count": 0, "hashtags": []}
{"id": 1213607994287521792, "date": "2020-01-04", "time": "18:47:48", "tweet": "@million_input ありがと🥺", "likes_count": 0, "replies_count": 1, "retweets_count": 0, "hashtags": []}
{"id": 1213607881917923328, "date": "2020-01-04", "time": "18:47:21", "tweet": "@SlckSprwlnBay @VettersHans @AndrewYang We have theoretical models based on human input and assumptions. The climate changes. The sun has much to do with it and so do many other things that people conveniently overlook. I’m not denying that climates change. I’m railing against the politicians using fear to gain power.", "likes_count": 0, "replies_count": 1, "retweets_count": 0, "hashtags": []}
{"id": 1213607658441388037, "date": "2020-01-04", "time": "18:46:28", "tweet": "Any games worth buying on steam? Any1 that knows my terrible picky taste and has input? I sold random shit on the market n have 40 stema bux..... let's try a fun new game.... :3", "likes_count": 3, "replies_count": 2, "retweets_count": 0, "hashtags": []}
{"id": 1213607629861380096, "date": "2020-01-04", "time": "18:46:21", "tweet": "@AlytaDeLeon You’re one of the first Bernie tweet folks I started following. Love your commitment and input, and I may not share your story but there are similar themes in many of our lives. Thanks for your advocacy 💪🏼", "likes_count": 0, "replies_count": 0, "retweets_count": 0, "hashtags": []}
{"id": 1213607583640162304, "date": "2020-01-04", "time": "18:46:10", "tweet": "To wrap up this long thread, I want to point out that #fintwit still offers some awesome input. @RedDogT3 does it everyday. @JMVala_Trades too. Of course, @DaveL452 @nextSignals @JohnTraderYork @DoubleWideCap @Barton_options @theycallmetex @ChrisDMacro  and honestly, many more.", "likes_count": 4, "replies_count": 1, "retweets_count": 0, "hashtags": ["fintwit"]}
{"id": 1213607572751695874, "date": "2020-01-04", "time": "18:46:07", "tweet": "Join Majority Leader Jo-Ann Ryan for her Community Input Forums on planned traffic calming safety measures and the Administration’s plan for a two-way bike lane on Mt. Pleasant Avenue. The forums will take place on Wed., January 8 &amp; 15 at the Mt. Pleasant High School at 6:30 PM.  https://t.co/CNlFNrDiWh", "likes_count": 1, "replies_count": 0, "retweets_count": 1, "hashtags": []}
{"id": 1213607371563585537, "date": "2020-01-04", "time": "18:45:19", "tweet": "@SolidFaiz @MSW3965 @Google @Microsoft I don't know what they would have played with it because most steamVR games need analog input. You wouldn't be playing anything that isn't already on the PS4.", "likes_count": 0, "replies_count": 1, "retweets_count": 0, "hashtags": []}
{"id": 1213607313904488451, "date": "2020-01-04", "time": "18:45:06", "tweet": "@Michael2014abc @emrazz I’ve looked at that comment 10 times and can’t see where I complained to anyone or asked for your input. Huh.", "likes_count": 2, "replies_count": 2, "retweets_count": 0, "hashtags": []}
{"id": 1213607311236829184, "date": "2020-01-04", "time": "18:45:05", "tweet": "@EricGeiger @CSBible Thanks for the input!", "likes_count": 0, "replies_count": 0, "retweets_count": 0, "hashtags": []}
{"id": 1213607142491664385, "date": "2020-01-04", "time": "18:44:25", "tweet": "@RubyPassage Because I was fuckin’ born here and I had no input in that matter", "likes_count": 1, "replies_count": 0, "retweets_count": 0, "hashtags": []}
{"id": 1213607115287191552, "date": "2020-01-04", "time": "18:44:18", "tweet": "新年も5日過ぎちゃいましたが あけまして おめでとう ございます🎍㊗️  そして 本日は、自分にとってのHappy New Year です。 安室透さんと同い年になっでもうた...！(驚  これからも、 北欧/コナン/写真/民藝/着物/お茶/宗教学/教育学 ... 好きなもの input ＆output していくぞい  https://t.co/Cx67QFmq4q", "likes_count": 8, "replies_count": 5, "retweets_count": 0, "hashtags": []}
{"id": 1213607026816761856, "date": "2020-01-04", "time": "18:43:57", "tweet": "@flightacademy3 It actually looks great from a person that been following the movement for a long time and thanks for your input.  If you want to know more, please check out  https://t.co/MiswZK4CAS", "likes_count": 0, "replies_count": 1, "retweets_count": 0, "hashtags": []}
{"id": 1213606979794587648, "date": "2020-01-04", "time": "18:43:46", "tweet": "@DiamondandSilk Her input wasn’t needed, it’s worthless anyway", "likes_count": 0, "replies_count": 0, "retweets_count": 0, "hashtags": []}
{"id": 1213606966649655296, "date": "2020-01-04", "time": "18:43:43", "tweet": "What kinds of leather products interest you?  Bags, wallets....?  Just working on my product line and want your input and also would love a Like while your at it.  https://t.co/8aC8xDTClv", "likes_count": 0, "replies_count": 0, "retweets_count": 0, "hashtags": []}
{"id": 1213606915332345873, "date": "2020-01-04", "time": "18:43:30", "tweet": "@Undercard1290 Don’t overthink it! If you’ve always had controller for input, don’t get judge yourself when you are hitting the wrong key. That’s my best advice. Remember your community isn’t judging you for learning a new input 😊   Have fun! Hoping to be there to learn how Tarkov works ✌🏻", "likes_count": 1, "replies_count": 1, "retweets_count": 0, "hashtags": []}
{"id": 1213606910383005696, "date": "2020-01-04", "time": "18:43:29", "tweet": "@zacharyjohnson -ss: start time in seconds -t: encode length in seconds -map: drop all other input content except the 0th video stream -vf scale: maintain original aspect ratio and scale video to be 1280 pixels wide (720p if input was 1080p) -c:v: video codec", "likes_count": 1, "replies_count": 1, "retweets_count": 0, "hashtags": []}
{"id": 1213606729822420992, "date": "2020-01-04", "time": "18:42:46", "tweet": "@Grady_Booch @dennizor True, by itself. But, the common CompSci def of a TM is a FSM with tape memory. The memory extends the FSM to make transitions based on current state (program instruction), current input token, and the current position on the tape (memory). FSM only has current state and token.", "likes_count": 1, "replies_count": 2, "retweets_count": 0, "hashtags": []}
{"id": 1213606526293889026, "date": "2020-01-04", "time": "18:41:58", "tweet": "me crying he was supposed to call the dragon beautiful. he was supposed to ask geralt not to kill it. geralt was supposed to thank him for his input, to say farewell to jaskier Only when jaskier was the only one who cared about his and yennefer's lives being at risk", "likes_count": 2, "replies_count": 0, "retweets_count": 0, "hashtags": []}
{"id": 1213606504676220928, "date": "2020-01-04", "time": "18:41:53", "tweet": "@GlobalFire123 Malcolm, I just want to thank you for another excellent and clear explanation of these details so even a dumb schmuck as myself can understand. Always appreciate your input. Anyone that has any thoughts of investing in #uranium equities need to follow @GlobalFire123", "likes_count": 5, "replies_count": 0, "retweets_count": 0, "hashtags": ["uranium"]}
{"id": 1213606383935016960, "date": "2020-01-04", "time": "18:41:24", "tweet": "@STEWest Thanks. I always appreciated informed input.", "likes_count": 0, "replies_count": 1, "retweets_count": 0, "hashtags": []}
{"id": 1213606120322977792, "date": "2020-01-04", "time": "18:40:21", "tweet": "@MargiottaGina @karenvaites @skrashen Also, students cannot make use of very well established linguistic theory to build new vocabulary knowledge from comprehensible input. 😁", "likes_count": 0, "replies_count": 0, "retweets_count": 0, "hashtags": []}
{"id": 1213605875572772866, "date": "2020-01-04", "time": "18:39:23", "tweet": "@jonathanvswan Malcolm Nance!! Where are you? We need your input on this and your brilliant counter points against all things  'Trump!'", "likes_count": 0, "replies_count": 0, "retweets_count": 0, "hashtags": []}
{"id": 1213605778151444482, "date": "2020-01-04", "time": "18:38:59", "tweet": "@E1986Reed Upon further review (and input from NY) you are correct. Stupid rule.", "likes_count": 1, "replies_count": 0, "retweets_count": 0, "hashtags": []}
{"id": 1213605542251421696, "date": "2020-01-04", "time": "18:38:03", "tweet": "@SandieNatasja I'm so welcome to be on your Twitter account. The homeless are trash. Thanks for my input :)", "likes_count": 0, "replies_count": 0, "retweets_count": 0, "hashtags": []}
{"id": 1213605542154907648, "date": "2020-01-04", "time": "18:38:03", "tweet": "DRONES!  FAA seeks input on the Notice of Proposed Rulemaking (NPRM) for Remote Identification (Remote ID) of UAS that [on 12/26/19] was published in the Federal Register. Comment period for public feedback closes March 2, 2020.  https://t.co/6fuvnzJXDS", "likes_count": 5, "replies_count": 0, "retweets_count": 0, "hashtags": []}
{"id": 1213605386344775680, "date": "2020-01-04", "time": "18:37:26", "tweet": "@HumanHeadline @Wendy_Bacon @TimWilsonMP The issue is not just communication but consultation. Surely the Fire Chief should have an opportunity for input advice before decisions are made? Isn't he the expert? But then again climate scientists are the experts and they're not listened to either.", "likes_count": 1, "replies_count": 0, "retweets_count": 0, "hashtags": []}
{"id": 1213605360851918849, "date": "2020-01-04", "time": "18:37:20", "tweet": "Hi folks!! I haven't used this page in a while and I'm curious if you can still see me? Thanks for your input.", "likes_count": 67, "replies_count": 16, "retweets_count": 3, "hashtags": []}
{"id": 1213605223257845760, "date": "2020-01-04", "time": "18:36:47", "tweet": "@Virgil_NJ @Austen @LambdaSchool @SlackHQ Shit man, I was just saying I appreciate folks trying different models. The world has a lot of evolution to do in the next 9 yrs.  I'll take a more in depth  look when it gets closer.  Appreciate the input though.", "likes_count": 0, "replies_count": 0, "retweets_count": 0, "hashtags": []}
{"id": 1213605065593888769, "date": "2020-01-04", "time": "18:36:09", "tweet": "@ChaseOliver68 I love this input. The crowd is such a big deal to me.", "likes_count": 10, "replies_count": 1, "retweets_count": 1, "hashtags": []}
{"id": 1213604994081067008, "date": "2020-01-04", "time": "18:35:52", "tweet": "@Slippth0t @ScribeUndead I kinda implied that specific goth didn't like the opinion,my statement does not mean all goth girls that like DMC are going to spit on poe  But thanks for your input, remind me to buy you a cowboy hat on your bday spooks~", "likes_count": 2, "replies_count": 1, "retweets_count": 0, "hashtags": []}
{"id": 1213604987714060288, "date": "2020-01-04", "time": "18:35:51", "tweet": "The input file gets read, echoed, then written to a binary file which is then read back and run through a function for calculating results. Convert the read() to a subroutine interface...", "likes_count": 1, "replies_count": 1, "retweets_count": 0, "hashtags": []}
{"id": 1213604965157134340, "date": "2020-01-04", "time": "18:35:46", "tweet": "@morleybooks Or inverse log. So on this graph I can input x to get y, but y is not the probability. It’s the log of the probability, right?  https://t.co/VVQsMKsQXB", "likes_count": 0, "replies_count": 1, "retweets_count": 0, "hashtags": []}
{"id": 1213604853437673472, "date": "2020-01-04", "time": "18:35:19", "tweet": "@kevin_maltby 🤣 I love it! Thanks Kevin for the input!", "likes_count": 1, "replies_count": 0, "retweets_count": 0, "hashtags": []}
{"id": 1213604701436043264, "date": "2020-01-04", "time": "18:34:43", "tweet": "@MaxCarv40889834 @BWtheLibtard @InvisibleTL @kim10491 @IlhanMN Thanks for the brilliant  input, Sherlock 👌", "likes_count": 1, "replies_count": 0, "retweets_count": 0, "hashtags": []}
{"id": 1213604538558472192, "date": "2020-01-04", "time": "18:34:04", "tweet": "Nascent Science and Technology Committee Broadens Call For Input On Efforts  https://t.co/tSidGYYqKP", "likes_count": 0, "replies_count": 0, "retweets_count": 0, "hashtags": []}
{"id": 1213604525573124096, "date": "2020-01-04", "time": "18:34:01", "tweet": "@Freewillburnya @gimmesomeloki @andyguy @Minagica @jools6691 @wisemanryder @LivesTruth @AndrewRChapman @LilithLiberated @Teri89761502 @wraith_169 @hackingx2 @lord_godis @Mental_Universe @____Roar____ @ngAtPeace @orna_verum @ALReproRightsAd @snow_wulf @GlennB10809975 @IngridIngwah @Martin_Riggs22 @Melanie33720945 @Sicut_Lupus @rjmx @TertiusIII @odktiger @Freewillburnin @ChadCottle @rholftroy @ThatEpicTweet @markthorsby1 @MichelleNewDay @dbcooper138 @DiscoJerrys @MAWG20 @Thedukeistheman @adored_2 @dougstone2019 @hubie0 @N22427113536 @ashraf9999 @TheWestonMike @breathforallah @OfRewol @Rev11_5 @nixheathen @manchestermelly @Atheist_Geek48 @TwitterSupport Seems you are the one with the 'sensitivities'   I love your comedic input!  Twitter, obviously ..... less so!", "likes_count": 0, "replies_count": 0, "retweets_count": 0, "hashtags": []}
{"id": 1213604416973983745, "date": "2020-01-04", "time": "18:33:35", "tweet": "@OrngShitgibbon @JWinGermany @Mixiemom57 @steve_plourde @TimRunsHisMouth @realDonaldTrump Thank you for your valuable and grounded input about the dangers of  political insanity, o wise... (checks handle) OrngShitgibbon.", "likes_count": 2, "replies_count": 1, "retweets_count": 0, "hashtags": []}
{"id": 1213604371512119297, "date": "2020-01-04", "time": "18:33:24", "tweet": "@AdrianAulbach @TaniaZH @Blickch Ich wäre für sowohl als auch. Ergänzung find ich einen guten Input.", "likes_count": 0, "replies_count": 0, "retweets_count": 0, "hashtags": []}
{"id": 1213604360833290240, "date": "2020-01-04", "time": "18:33:21", "tweet": "@sidneyharrell I appreciate your input! I believe 2020 will come down to turnout and enthusiasm, but I think the thing that’s so wonderful about Liz Warren is that her focus on corruption and her 2c tax is broadly popular. I believe she is the best candidate to unite the party and beat Trump.", "likes_count": 0, "replies_count": 0, "retweets_count": 0, "hashtags": []}
{"id": 1213604292482879488, "date": "2020-01-04", "time": "18:33:05", "tweet": "May be by  improving input quality of locally grown produces, cooking methods,food habits,pesticides free agri and awareness camp . Ofcourse you must have taken actions in this regard by this time. (My one cent)", "likes_count": 4, "replies_count": 0, "retweets_count": 0, "hashtags": []}
{"id": 1213604287579906048, "date": "2020-01-04", "time": "18:33:04", "tweet": "@PithyPins @Tootwisted40 @fightpaindaily @JSG_54 @db77294100 @Paul_Bradley425 @AimlessRyan @OldHeadFighta @PROPkills @urbanfatbiker @hope411adcock @i_saritav @headdock @germaine7676 @Lorie28041103 @JoeAllenNewman @process_x @PainPtFightBack @aander1987 @BethDarnall @CIAAG_Lauren @Pharmaciststeve @JoshBloomACSH @ChadDKollas @DanLairdMD @lawhern1 @DawsonInga @ThomasKlineMD I have been writing to ALL FL representatives for the past year. Sometimes I get a \"thank you for your input\" letter or email. But we did get an interview with local paper for the DontPunnishPainRally here in Pensacola last May.", "likes_count": 5, "replies_count": 0, "retweets_count": 0, "hashtags": []}
{"id": 1213604210794733568, "date": "2020-01-04", "time": "18:32:46", "tweet": "@noelledelray I see!! I guess I was just too paranoid haha thank you so much for the input!!", "likes_count": 3, "replies_count": 0, "retweets_count": 0, "hashtags": []}
{"id": 1213604114250305542, "date": "2020-01-04", "time": "18:32:23", "tweet": "@016Miss_A @dramadelinquent @zeelovee_nkosi Thanks for your input tho sisi🤗❤your making a difference in society 🤣", "likes_count": 0, "replies_count": 0, "retweets_count": 0, "hashtags": []}
{"id": 1213603629074206729, "date": "2020-01-04", "time": "18:30:27", "tweet": "@dire_wolves @GGforthepeople @lindzlizbeth @saradani @Kacey325 @WillieEverstop @BeninBiloxi @SoFearMe @Flora_Lola_NYC @return_carriage @ThunderHeadFan @Kristina_Why @SethPalooka @faecaim @ladyasrai @caveatofcass @Like_H2O @Rosiecvec @PeachyKnitter62 @Rennibeth13 @TiredInOR4Now @CpRiskman @pissyrabbit @WeWillRiseUpOH @mitchellscomet @nicdhana @alissakmclean @ReginaA1981 @Ndreajess @FF_fanster @OhChelleYeah @matryoskadoll @bbowers73 @KarlyRican @PrezHillary17 @KatsKlawss @CatherineCrean4 @PinkPinkpetunia @notaxationwore1 @xtine_mac @Looking4Sense @piratefoxy @BenofB @Ludovicleroi @Needle_of_Arya @DavidofSeattle @PettyLupone @DailyLibber @Mattscharfstein I mean she INVITED answers to her “serious question” but when some of the feedback was to address the inherent problematic racial dynamics, she freaked out and blocked everyone who might have input on the subject. Yiiiiikkkkes.", "likes_count": 6, "replies_count": 2, "retweets_count": 0, "hashtags": []}
{"id": 1213603596589096962, "date": "2020-01-04", "time": "18:30:19", "tweet": "In reality, all voting machines can be hacked via the internet even if they don’t connect to it directly, bc they receive programming b4 each election from centralized computers that connect to the net themselves or receive input from connected systems. 3/  https://t.co/dJv99FEq0f  https://t.co/DFSvMxSBd2", "likes_count": 18, "replies_count": 1, "retweets_count": 14, "hashtags": []}
{"id": 1213603544080584707, "date": "2020-01-04", "time": "18:30:07", "tweet": "@DolphinDivaNik @Hoseoksparkles @hwikatsu its a fancam? everyone input their favs fancam. why don’t you call out the other non-ateez related fancams in the replies? you just hate armys", "likes_count": 2, "replies_count": 1, "retweets_count": 0, "hashtags": []}
{"id": 1213603536552038400, "date": "2020-01-04", "time": "18:30:05", "tweet": "@RealDetoxicat Zítra doladim input a poslu do skupiny", "likes_count": 1, "replies_count": 1, "retweets_count": 0, "hashtags": []}
{"id": 1213603533435654144, "date": "2020-01-04", "time": "18:30:04", "tweet": "There is not much if any such thing as unmediated experience, as sensory input is processed by layers of brain structures, including beliefs #Perception #BrainFunction #GeneralSemantics ##SharedFacts", "likes_count": 3, "replies_count": 0, "retweets_count": 1, "hashtags": ["perception", "brainfunction", "generalsemantics", "sharedfacts"]}
{"id": 1213603276261752832, "date": "2020-01-04", "time": "18:29:03", "tweet": "what does the gamma parameter in SVM.SVC() actually do: I am trying to tune my SVM model which I built with different values of gamma and C. Also, I have used scaled input data for my model training. After trying with multiple combinations I did find a…  https://t.co/vC7qNlJoI8", "likes_count": 0, "replies_count": 0, "retweets_count": 0, "hashtags": []}
{"id": 1213603117201338368, "date": "2020-01-04", "time": "18:28:25", "tweet": "@mad_2b @SoCal4Trump @realDonaldTrump You’ve completely missed my point, but thanks for your input.", "likes_count": 1, "replies_count": 1, "retweets_count": 0, "hashtags": []}
{"id": 1213603002738561024, "date": "2020-01-04", "time": "18:27:58", "tweet": "今年にAmazonさんから買ったモバイルバッテリー🔋 inputとoutputでタイプC付いてるし、LEDライトも凄く明るくて懐中電灯🔦として夜歩く時にも十分使える明るさ(笑)  https://t.co/dFXNtMf48m", "likes_count": 2, "replies_count": 0, "retweets_count": 0, "hashtags": []}
{"id": 1213602996711514119, "date": "2020-01-04", "time": "18:27:56", "tweet": "Tried my Switch on 3 different screens now in docked mode and all have massive input lag; no problems when handheld. Tried wired and wireless; behind/below TV/monitor, it's consistent.  Any idea on how to fix this? It's like 100~150MS easy; yet nothing in handheld at all.", "likes_count": 7, "replies_count": 7, "retweets_count": 0, "hashtags": []}
{"id": 1213602977526796291, "date": "2020-01-04", "time": "18:27:52", "tweet": "@foolsbookie Hi there,  Thank you both for your suggestions, we greatly appreciate them! I'll forward your input to the mobile development team. New functionalities will be added to the app through frequent updates in the future.  Have a nice weekend!  Kraken", "likes_count": 0, "replies_count": 0, "retweets_count": 0, "hashtags": []}
{"id": 1213610792706334724, "date": "2020-01-04", "time": "18:58:55", "tweet": "@babaisyou_ @ThaDaveDood @TheRealGDColon I imagine to activate a rythm, you'd have to lay out RYTHM IS [number] - number dictating the bpm. The game would enter a different mode - for every tick the player doesn't input anything, the mode triggers a wait, only letting the player move by holding a direction during a tick", "likes_count": 0, "replies_count": 0, "retweets_count": 0, "hashtags": []}
{"id": 1213610746191302656, "date": "2020-01-04", "time": "18:58:44", "tweet": "@musawko Some sign because it’s one of the few ways to get away from poverty. I am well aware we all have an input but they should definitely be more considerate since our loved ones may be the ones deployed or even ourselves. We don’t sign with the mentality “ oh we’re going to war “ ❤️", "likes_count": 0, "replies_count": 1, "retweets_count": 0, "hashtags": []}
{"id": 1213610674942889984, "date": "2020-01-04", "time": "18:58:27", "tweet": "@TheTrueVanguard Yea that's all cool and stuff until they think they're better than you but can't do the same thing with the native input", "likes_count": 0, "replies_count": 0, "retweets_count": 0, "hashtags": []}
{"id": 1213610572874485761, "date": "2020-01-04", "time": "18:58:03", "tweet": "@KestrilFox thank you for your input", "likes_count": 1, "replies_count": 0, "retweets_count": 0, "hashtags": []}
{"id": 1213610498467487745, "date": "2020-01-04", "time": "18:57:45", "tweet": "@Kaelath_The_Red @DreturnsSage @fyre_guts I actually play games on all platforms, so your stereotype is invalid, thanks for your input though😊🤘🏻🎮!", "likes_count": 3, "replies_count": 1, "retweets_count": 0, "hashtags": []}
{"id": 1213610379928068104, "date": "2020-01-04", "time": "18:57:17", "tweet": "@Nattaphat052 Not sure. Did you input the correct subnet ip? Make sure you have one minime window open.", "likes_count": 1, "replies_count": 0, "retweets_count": 0, "hashtags": []}
{"id": 1213610336961646592, "date": "2020-01-04", "time": "18:57:06", "tweet": "the  moment i dont have input lag i become so fkn cracked. like right now, anyone boxfights?", "likes_count": 1, "replies_count": 0, "retweets_count": 0, "hashtags": []}
{"id": 1213610333450821634, "date": "2020-01-04", "time": "18:57:05", "tweet": "@doomedparade @jansfunhouse @UniqueHiFi @docvader2 @KManriffs @LFCMFighter @perroju666 @MoMetalTrax @TheMetalScholar Haakon: EoBL introduced creative input from the entire band. That was my first album where I had a significant creative input. Joe resurfaced Strange Gods which was a piece written a decade earlier. I think that’s a pretty big risk, but it turned out well.", "likes_count": 7, "replies_count": 1, "retweets_count": 0, "hashtags": []}
{"id": 1213610308251652096, "date": "2020-01-04", "time": "18:56:59", "tweet": "to have a crossover episode tonight between my friend groups for my last hurrah in corpus OR to just save myself the anxiety and watch netflix? input is welcome", "likes_count": 2, "replies_count": 2, "retweets_count": 0, "hashtags": []}
{"id": 1213610282901225475, "date": "2020-01-04", "time": "18:56:53", "tweet": "@BrownSpiderCLE Awesome! Thank you so much for your input!!!", "likes_count": 1, "replies_count": 0, "retweets_count": 0, "hashtags": []}
{"id": 1213609791253307395, "date": "2020-01-04", "time": "18:54:56", "tweet": "@9ERSorBUST Hmmm.  That would have been shortly after the time that our own Democrat &amp; Republican lawmakers alike deposited 10's of thousands of terrorists into our midst with no input from us.  It's called the Globalist agenda and it's not in our best interests.", "likes_count": 1, "replies_count": 0, "retweets_count": 0, "hashtags": []}
{"id": 1213609763671556096, "date": "2020-01-04", "time": "18:54:50", "tweet": "@outroversion I shall take this under advisement. Thanks for the input. 🙌", "likes_count": 1, "replies_count": 0, "retweets_count": 0, "hashtags": []}
{"id": 1213609415946973186, "date": "2020-01-04", "time": "18:53:27", "tweet": "@JHershey21 @NaturalWorks_ Me too. It came out that him and Favraeu will have more input going forward.", "likes_count": 1, "replies_count": 1, "retweets_count": 0, "hashtags": []}
{"id": 1213609414432702465, "date": "2020-01-04", "time": "18:53:26", "tweet": "@ShaydonJohn I def think it should be on. Those who grinded it out arent hurt by still doing the input and it helps get ultimate players into the game (which should be who you're catering to)", "likes_count": 1, "replies_count": 0, "retweets_count": 0, "hashtags": []}
{"id": 1213609279338401793, "date": "2020-01-04", "time": "18:52:54", "tweet": "NSW Government pushing ahead with fast rail network without Federal Government input  https://t.co/9c3xxeKNY0 via @abcnews", "likes_count": 0, "replies_count": 0, "retweets_count": 0, "hashtags": []}
{"id": 1213609274422779905, "date": "2020-01-04", "time": "18:52:53", "tweet": "You ever start planning your exit from the room when those two family members that love to discuss the end of the world start talking and dropping hints? Then turn to you for input as if they don't know they've done this before and can't remember you disagree with them?  https://t.co/xQq9euthcE", "likes_count": 2, "replies_count": 0, "retweets_count": 0, "hashtags": []}
{"id": 1213608999771205632, "date": "2020-01-04", "time": "18:51:47", "tweet": "I don’t usually ask for input into my content, but who would wanna hear about my thoughts on Laurie Strode as a Final Girl?", "likes_count": 1, "replies_count": 1, "retweets_count": 0, "hashtags": []}
{"id": 1213608927675527168, "date": "2020-01-04", "time": "18:51:30", "tweet": "#gamemusic and #gameaudio friends! I'm looking for a way to send CC data from a software instrument track in Logic Pro, to an input outside of Logic, potentially a virtual Midi port.", "likes_count": 1, "replies_count": 0, "retweets_count": 0, "hashtags": ["gamemusic", "gameaudio"]}
{"id": 1213608887821258752, "date": "2020-01-04", "time": "18:51:21", "tweet": "@GaryLineker Garry av a word with yourself lad you are disrespecting Sir Alex Ferguson. He built several teams that won league and trophies. I used to respect your input and analysis but not no more", "likes_count": 0, "replies_count": 0, "retweets_count": 0, "hashtags": []}
{"id": 1213608865780121606, "date": "2020-01-04", "time": "18:51:16", "tweet": "@jrockstrom Unspeakably tragic as it is for Australia, the Australian govt. attitude does not just affect Australia. Their unhelpful input to COP25, their export of coal and planned export of new coal as well as co2 from these current fires will affect the whole planet.", "likes_count": 2, "replies_count": 0, "retweets_count": 2, "hashtags": []}
