{"id": 1253836104794587139, "date": "2020-04-24", "time": "19:59:57", "tweet": "@RanenWise @sketchmii @MarcusLarry627 Takumi Miyake, who designed Espio, is credited as \"Chief Designer\" on Ristar. It's unclear if he had any input on enemy design in Ristar, though he was an enemy designer for Chaotix.", "likes_count": 3, "replies_count": 1, "retweets_count": 0, "hashtags": []}
{"id": 1253835887089082368, "date": "2020-04-24", "time": "19:59:05", "tweet": "@chrrysuh @MILKYYGGUKK @FAIRIEJINN No she wasn’t. If you don’t liek it. Leave. No one asked for your half assed input. Being rude isn’t gonna fix it. She didn’t even mean to do it. So take your “clout” claim and go. It’s not needed.", "likes_count": 0, "replies_count": 0, "retweets_count": 0, "hashtags": []}
{"id": 1253835835369066496, "date": "2020-04-24", "time": "19:58:52", "tweet": "Thank you @Astrvhh for optimizing my PC, my game is running way better with no input delay. Huge Vouch 300+ FPS!!!  https://t.co/qvHbKV7FBa", "likes_count": 33, "replies_count": 3, "retweets_count": 5, "hashtags": []}
{"id": 1253835834115141632, "date": "2020-04-24", "time": "19:58:52", "tweet": "@BrettKollmann how do you feel about the colts pick of Jonathan Taylor. I haven’t heard your input", "likes_count": 0, "replies_count": 0, "retweets_count": 0, "hashtags": []}
{"id": 1253835830059315204, "date": "2020-04-24", "time": "19:58:51", "tweet": "@EshaSensei @dempsterchung Thank you for participating! We value your input and activism :)", "likes_count": 1, "replies_count": 0, "retweets_count": 0, "hashtags": []}
{"id": 1253835771976482819, "date": "2020-04-24", "time": "19:58:37", "tweet": "@KSNNews “Our input prices are so high, that we can’t produce a crop and produce a profit at the end of it,” AND  “Farmers, we don’t decide on our price, we take what we are given” 2 of the most accurate sentences I’ve heard in all of 2020. The American Farmer is suffering &amp; no one cares", "likes_count": 1, "replies_count": 0, "retweets_count": 1, "hashtags": []}
{"id": 1253835560034226176, "date": "2020-04-24", "time": "19:57:47", "tweet": "@troyhunt Strong passwords on a Nintendo? I think they had that 30-odd years ago in Metroid, and a lot of consoles and TVs still use the same awful input interface.", "likes_count": 0, "replies_count": 1, "retweets_count": 0, "hashtags": []}
{"id": 1253835517772419072, "date": "2020-04-24", "time": "19:57:37", "tweet": "I’m listening to this now and I know I would’ve had much less in-depth input for this subject but I will say that I hate Agricola and enjoy Caverna. Also wonder if Cam or any long-time listeners remember what happened to Cam’s copy of Oh My Goods???", "likes_count": 1, "replies_count": 1, "retweets_count": 0, "hashtags": []}
{"id": 1253835380434100224, "date": "2020-04-24", "time": "19:57:04", "tweet": "Tom Rinaldi had for too much editorial input on this draft coverage. #AnObitForEveryPick", "likes_count": 1, "replies_count": 0, "retweets_count": 0, "hashtags": ["anobitforeverypick"]}
{"id": 1253835230869364737, "date": "2020-04-24", "time": "19:56:28", "tweet": "Lovely, thanks for your input.", "likes_count": 0, "replies_count": 0, "retweets_count": 0, "hashtags": []}
{"id": 1253834996541865987, "date": "2020-04-24", "time": "19:55:32", "tweet": "@Nessandcompany ur ok baby i promise! i just wanted to give my input on all this. its not because of u dont worry i love u so much and respect ur opinion", "likes_count": 1, "replies_count": 1, "retweets_count": 0, "hashtags": []}
{"id": 1253834958914846723, "date": "2020-04-24", "time": "19:55:23", "tweet": "@lcniqtt @RoyaleHighldeas Alright, consider the fact that she has over 700 comments saying the same thing. She doesn’t need your input as well.", "likes_count": 0, "replies_count": 0, "retweets_count": 0, "hashtags": []}
{"id": 1253834856867471361, "date": "2020-04-24", "time": "19:54:59", "tweet": "Perspectives: #COVID-19 &amp; #Manufacturing Full Series includes input from Opto 22.  https://t.co/xzTeX08gF7  https://t.co/w4jnqgjgA5", "likes_count": 0, "replies_count": 0, "retweets_count": 0, "hashtags": ["covid", "manufacturing"]}
{"id": 1253834854686289921, "date": "2020-04-24", "time": "19:54:59", "tweet": "@angspenc @NoetheMatt Which is why librarians' input should matter more.", "likes_count": 3, "replies_count": 0, "retweets_count": 0, "hashtags": []}
{"id": 1253834821182214146, "date": "2020-04-24", "time": "19:54:51", "tweet": "@JimRHoughton Selecting a data set that gives you what you want while ignoring contrary input... what is that called again?", "likes_count": 6, "replies_count": 1, "retweets_count": 2, "hashtags": []}
{"id": 1253834751242203137, "date": "2020-04-24", "time": "19:54:34", "tweet": "A brilliant collaborative effort to support low input agriculture. An exemplar of social cooperation.  https://t.co/UbqbVq1wWy", "likes_count": 0, "replies_count": 0, "retweets_count": 0, "hashtags": []}
{"id": 1253834615615303685, "date": "2020-04-24", "time": "19:54:02", "tweet": "Error splicing file: Input/output error when copying large files to my 16GB USB drive  https://t.co/Dz9dPra8Mx #filesystem #partitioning #usb #usbdrive  https://t.co/UtmIU9YRIv", "likes_count": 0, "replies_count": 0, "retweets_count": 0, "hashtags": ["filesystem", "partitioning", "usb", "usbdrive"]}
{"id": 1253834611622281216, "date": "2020-04-24", "time": "19:54:01", "tweet": "@iamtylermarie @sappysoleil They always have very good input and I respect their opinions", "likes_count": 2, "replies_count": 0, "retweets_count": 0, "hashtags": []}
{"id": 1253834491375878149, "date": "2020-04-24", "time": "19:53:32", "tweet": "@FreeDieselGlo I need your input sir", "likes_count": 1, "replies_count": 1, "retweets_count": 0, "hashtags": []}
{"id": 1253834350191431688, "date": "2020-04-24", "time": "19:52:58", "tweet": "Hey @ASTROGaming does it matter if I use a TRS or TRRS cable for the aux input on a mixamp?", "likes_count": 0, "replies_count": 0, "retweets_count": 0, "hashtags": []}
{"id": 1253834319719657472, "date": "2020-04-24", "time": "19:52:51", "tweet": "@DynastyCLE Thanks for the input!! How bout if we train your dog to chase and bite enemy receivers????", "likes_count": 0, "replies_count": 0, "retweets_count": 0, "hashtags": []}
{"id": 1253834246516436992, "date": "2020-04-24", "time": "19:52:34", "tweet": "@freight_gate @Sir_Merc @ACresswick @NSWGR8022 @michaelobrienmp @VicRoads @DanielAndrewsMP I appreciate your input", "likes_count": 0, "replies_count": 1, "retweets_count": 0, "hashtags": []}
{"id": 1253834222722322439, "date": "2020-04-24", "time": "19:52:28", "tweet": "I wonder if NIB Wanna hire me to input some data???  Ise a good worker!!!! #IKnowYalBackUp 😣😣", "likes_count": 0, "replies_count": 0, "retweets_count": 0, "hashtags": ["iknowyalbackup"]}
{"id": 1253834199779299330, "date": "2020-04-24", "time": "19:52:22", "tweet": "@JorgeThePuga the GT1090HDR does NOT have a 4K UHD DMD. The DMD is 1080p. The projector supports 4K UHD HDR input but does not natively support 4K UHD.  Please let us know if you have questions!", "likes_count": 0, "replies_count": 0, "retweets_count": 0, "hashtags": []}
{"id": 1253834194276450307, "date": "2020-04-24", "time": "19:52:21", "tweet": "Good evening.. I'm available under contact information on Facebook. Do not use any voice or noise-related input as I don't want to be woken up between 8:30 and 10 a.m. cute but if you would like to contact me do it by text only. And that's from 5 a.m. to 10 a.m.  https://t.co/PhoJWRTvO5", "likes_count": 0, "replies_count": 1, "retweets_count": 0, "hashtags": []}
{"id": 1253834066719379456, "date": "2020-04-24", "time": "19:51:51", "tweet": "#linux #tegra Re: [RFC PATCH v10 6/9] media: tegra: Add Tegra210 Video input driver  https://t.co/uH6xQXzLNf", "likes_count": 0, "replies_count": 0, "retweets_count": 1, "hashtags": ["linux", "tegra"]}
{"id": 1253833913627279361, "date": "2020-04-24", "time": "19:51:14", "tweet": "We have also put together a #COVID19 Business Task Force, which represents diverse industries, geographies, and backgrounds from across the Commonwealth.  These folks are providing valuable input for how we can reopen safely and responsibly, and strengthen consumer confidence.", "likes_count": 81, "replies_count": 11, "retweets_count": 8, "hashtags": ["covid19"]}
{"id": 1253833899790053376, "date": "2020-04-24", "time": "19:51:11", "tweet": "Sudoku Puzzle Game for iPhone is the world's first Sudoku application equipped with \"flick input mode\".    https://t.co/fwivhr7IcX", "likes_count": 0, "replies_count": 0, "retweets_count": 0, "hashtags": []}
{"id": 1253833744659574785, "date": "2020-04-24", "time": "19:50:34", "tweet": "Australia Moves to Allow CBD Sales Over the Counter, Calls for Public Input  https://t.co/ajayMURDCQ  https://t.co/bPGd3k93xW", "likes_count": 3, "replies_count": 0, "retweets_count": 1, "hashtags": []}
{"id": 1253833692151242754, "date": "2020-04-24", "time": "19:50:21", "tweet": "BEAR Nation is fortunate to have our own \"Tom Hagen\" who is not only our LEP Coordinator Extraordinaire  but also a \"thought partner\" to ALL who is also willing to provide input to support the learning of ALL  students. Thank you Mr. McGlone!!! 🐻🐻🐻Oso! Oso! Oso! #iamepisd  https://t.co/biBKghsIxU", "likes_count": 28, "replies_count": 3, "retweets_count": 3, "hashtags": ["iamepisd"]}
{"id": 1253833601009016834, "date": "2020-04-24", "time": "19:50:00", "tweet": "🔥🔥🔥 -38% OFF 🔥🔥🔥 WITH CODE : PBLIPSMO  USB C Power Bank, 26800mAh Portable Charger USB C, Charmast Slim Thin 3A High-Speed Battery Pack Type C with 3 Input &amp; 4 Output Compatible with MacBook, iPhone, Nintendo Switch, Samsung, Pixel etc.  ➡️   https://t.co/t5u1awf4CE 🏃🏻‍♀️🏃🏻‍♀️🏃🏻‍♀️  https://t.co/ohQPs0RQi0", "likes_count": 0, "replies_count": 0, "retweets_count": 0, "hashtags": []}
{"id": 1253833597896687617, "date": "2020-04-24", "time": "19:49:59", "tweet": "The hell, what kinda input lag is this  https://t.co/o6amfq9nmQ", "likes_count": 2, "replies_count": 2, "retweets_count": 0, "hashtags": []}
{"id": 1253833550295494656, "date": "2020-04-24", "time": "19:49:48", "tweet": "【デキルヤツに勝てる第一歩】  知らない言葉は、流さずに記憶 にとどめよう。すぐ調べよう。  知識が増える▶︎世界が広がる▶︎経験が 増える▶︎デキルヤツになってる  ⚠️inputを怠ると何も始まらない  常に学ぶ姿勢を崩さず、毎日 新しい世界を見つけれるように しよう😊  #下克上 #ブログ初心者", "likes_count": 9, "replies_count": 2, "retweets_count": 0, "hashtags": ["下克上", "ブログ初心者"]}
{"id": 1253833537356267522, "date": "2020-04-24", "time": "19:49:45", "tweet": "@Heledd_Wyn #2 this just isn’t what the #socialcare #CareAct easements are designed for: don’t cut packages of those with “low needs” (which don’t require Social Services input just maintain the basic funding already in place!) or they’ll end up with high level unmet needs &amp; in crisis", "likes_count": 1, "replies_count": 0, "retweets_count": 0, "hashtags": ["socialcare", "careact"]}
{"id": 1253833525645635584, "date": "2020-04-24", "time": "19:49:42", "tweet": "“Governors preparing to roll back restrictions put in place to slow the spread of the novel coronavirus are in some cases acting without the input and against the wishes of their own medical and emergency management staff,”   https://t.co/t4qsrKlzQZ", "likes_count": 0, "replies_count": 0, "retweets_count": 0, "hashtags": []}
{"id": 1253833498516836353, "date": "2020-04-24", "time": "19:49:35", "tweet": "@GuatonPolar No tennis player would be where they are without their mother. Roger &amp; Nole always re ognised their input.", "likes_count": 1, "replies_count": 0, "retweets_count": 0, "hashtags": []}
{"id": 1253833405441155074, "date": "2020-04-24", "time": "19:49:13", "tweet": "@MarqBeez I need your input bruv", "likes_count": 0, "replies_count": 2, "retweets_count": 0, "hashtags": []}
{"id": 1253833367541424130, "date": "2020-04-24", "time": "19:49:04", "tweet": "Las Cruces extends mayor's emergency proclamation, passes new virtual public input rules  https://t.co/23G2IGRo1z", "likes_count": 3, "replies_count": 0, "retweets_count": 0, "hashtags": []}
{"id": 1253833299656470528, "date": "2020-04-24", "time": "19:48:48", "tweet": "anyway say what you will about mis info trans stuff ect ect but vivian made me realize i wanted to be a girl when i was 9 so thats my input on all this.", "likes_count": 13, "replies_count": 1, "retweets_count": 0, "hashtags": []}
{"id": 1253833272724873216, "date": "2020-04-24", "time": "19:48:41", "tweet": "An invitation to participate in a online 30 min study 2 gather information from adults with #fibromyalgia about:  1. Perceptions of Invalidation 2. Perceptions of Opioid-Related Stigma   Your input can help improve patient care &amp; treatment outcomes.   https://t.co/Ztdr4hPyDv", "likes_count": 0, "replies_count": 0, "retweets_count": 0, "hashtags": ["fibromyalgia"]}
{"id": 1253833233852055552, "date": "2020-04-24", "time": "19:48:32", "tweet": "@SirWadeFX No rhyme or reason. You should be able to identify yourself and then get to the bank input screen to input data.", "likes_count": 0, "replies_count": 1, "retweets_count": 0, "hashtags": []}
{"id": 1253833223227883520, "date": "2020-04-24", "time": "19:48:30", "tweet": "@gart_fox2 @GoogleStadia Actually, by all accounts, even Digital Foundry will tell you, that No, GFN does not have less input delay and there is also a free tier of Stadia. The difference is, free tier on GFN is a ploy to get you to pay for the service, which won't be free forever. But go on, blind hate.", "likes_count": 9, "replies_count": 0, "retweets_count": 0, "hashtags": []}
{"id": 1253833221206233088, "date": "2020-04-24", "time": "19:48:29", "tweet": "My joycon drift got really severe, unless I'm blocked by an object I'm constantly walking left and it's so bad that when I'm actually moving it reacts with my input and I don't move either direction just get stuccck", "likes_count": 2, "replies_count": 1, "retweets_count": 0, "hashtags": []}
{"id": 1253833157499072518, "date": "2020-04-24", "time": "19:48:14", "tweet": "@BethesdaStudios what you do for your next game will determine if your development team is \"Godd Howard\" or \"Todd Coward\" so make sure you do right by your consumers, I would get input from @potasticpanda22 and @mmoxreview", "likes_count": 0, "replies_count": 0, "retweets_count": 0, "hashtags": []}
{"id": 1253833111403724801, "date": "2020-04-24", "time": "19:48:03", "tweet": "@daveduncan I noticed but the reworked swing was still different from the one he had success with in 2018. Still digging. Appreciate the input though. I am not done with the research but this was still interesting.", "likes_count": 1, "replies_count": 1, "retweets_count": 0, "hashtags": []}
{"id": 1253833092357210113, "date": "2020-04-24", "time": "19:47:58", "tweet": "Hey @up_banking, is there any way you’d consider a feature request for the Tree, for Bpay? Specifically, capture Bpay information using device camera? Rather than manual entry, user selects to input from camera, holds over details of bill, and OCR’s details to input for user.  https://t.co/0Brslx02LU", "likes_count": 2, "replies_count": 1, "retweets_count": 0, "hashtags": []}
{"id": 1253833054554132481, "date": "2020-04-24", "time": "19:47:49", "tweet": "@Bunk2578 input got eaten :)", "likes_count": 1, "replies_count": 0, "retweets_count": 0, "hashtags": []}
{"id": 1253833006588071937, "date": "2020-04-24", "time": "19:47:38", "tweet": "Finally, I'm not saying traditional assessment is useless. But if you have a bedside tool that increases the sensitivity of your assessment, why not use it 🧐 Tagging some sonophiles for further input @ThinkingCC [esp. #VExUS context] @ArgaizR @NephroGuy @ria_dancel @G2Disrupt", "likes_count": 12, "replies_count": 5, "retweets_count": 4, "hashtags": ["vexus"]}
{"id": 1253832889231241216, "date": "2020-04-24", "time": "19:47:10", "tweet": "@s1lverdragon @CanberraGrammar Unfortunately the audio couldn’t pick up the buglers in the distance all over Canberra. The CGS musical input this year in lieu of a dawn service is here:  https://t.co/8LLFlhLLYm", "likes_count": 2, "replies_count": 0, "retweets_count": 0, "hashtags": []}
{"id": 1253832860487888897, "date": "2020-04-24", "time": "19:47:03", "tweet": "@JoeyyT97 I doubt he even gets input on colours based on this being his first custom boot  https://t.co/YWVYw9UcfJ", "likes_count": 0, "replies_count": 1, "retweets_count": 0, "hashtags": []}
{"id": 1253832772877275136, "date": "2020-04-24", "time": "19:46:42", "tweet": "@BarackObama The multi-billion dollar scam that you helped fund for the healthcare website, you know, Obamacare that flopped, probably could of helped in a real crisis. No need for your input anymore.", "likes_count": 0, "replies_count": 0, "retweets_count": 0, "hashtags": []}
{"id": 1253832694871609350, "date": "2020-04-24", "time": "19:46:24", "tweet": "input: common disinfectants kill the virus —&gt; 💩 🧠 —&gt; output: inject yourself with disinfectants  https://t.co/7A8Irvzs4d", "likes_count": 2, "replies_count": 1, "retweets_count": 0, "hashtags": []}
{"id": 1253832691495178242, "date": "2020-04-24", "time": "19:46:23", "tweet": "@Doolos_ I'm studying this vod to learn the sacred luigi input tech 👁", "likes_count": 1, "replies_count": 1, "retweets_count": 0, "hashtags": []}
{"id": 1253832649665400832, "date": "2020-04-24", "time": "19:46:13", "tweet": "Ladies I need some input find the poll below  https://t.co/KreWcihv9O", "likes_count": 0, "replies_count": 1, "retweets_count": 0, "hashtags": []}
{"id": 1253832624478605315, "date": "2020-04-24", "time": "19:46:07", "tweet": "Olivier Nakache &amp; Éric Toledano &gt; IMDb &gt; All Media Network &gt; Google TV &gt; Google &gt; Google Japanese Input &gt; Ann Mather &gt; Hal Varian &gt; ARCore &gt; Pervasive game &gt; IBM &gt; Lotus Software &gt; John R. Opel &gt; Customer engineer &gt; Red Hat &gt; IBM Canada Head Office Building &gt; Arvind Krishna", "likes_count": 0, "replies_count": 2, "retweets_count": 0, "hashtags": []}
{"id": 1253832578966093828, "date": "2020-04-24", "time": "19:45:56", "tweet": "@daveainsworth4 they needed a wider input that than 3/4 bodies that they'd started talking with about their response to the situation. I mean, really, you don't say? Understanding the bigger picture rather than relying on a small nepotistic group? That said a lot to me about our sector.", "likes_count": 2, "replies_count": 1, "retweets_count": 0, "hashtags": []}
{"id": 1253832458493034497, "date": "2020-04-24", "time": "19:45:27", "tweet": "Hey folks, I'll be streaming in an hour - we'll be doing a sort of 'round table' seeking your input on Ghost Dancing, and how to avoid it.  Watch this video if you haven't already:  https://t.co/iBysmyiary", "likes_count": 2, "replies_count": 0, "retweets_count": 1, "hashtags": []}
{"id": 1253832423835676673, "date": "2020-04-24", "time": "19:45:19", "tweet": "@daveydube_ I can’t imagine the likes of ronaldo having much of any input into the designs of boots or anything, probably just tell them what colours he likes😂", "likes_count": 0, "replies_count": 1, "retweets_count": 0, "hashtags": []}
{"id": 1253832261721563144, "date": "2020-04-24", "time": "19:44:40", "tweet": "@zfamilymn @WhiteHouse @realDonaldTrump I was surprised he did not get alternative views for such a huge decision.  Non-swamp-bureaucrat input.  And, I am confused when he says, \"I make the decision to open\" and then allows governors to  hold us hostage.  I cannot figure out his game now........", "likes_count": 0, "replies_count": 0, "retweets_count": 0, "hashtags": []}
{"id": 1253832256369627137, "date": "2020-04-24", "time": "19:44:39", "tweet": "Question : mixing UAN+ATS+10-34-0  Someone at SWAC2020 said there was a right and wrong order to mix. Anyone have some input? Can’t remember which session it was.  @WheatPete", "likes_count": 5, "replies_count": 1, "retweets_count": 0, "hashtags": []}
