{"id": 1260721385774690304, "date": "2020-05-13", "time": "19:59:36", "tweet": "More lives will be lost.  “The Wisconsin state Supreme Court has struck down Gov. Tony Evers’ stay-at-home order, ruling that the Democratic governor does not have authority to act without input from the legislature, even during a public health crisis.”  https://t.co/uzAtGFE30q", "likes_count": 0, "replies_count": 0, "retweets_count": 0, "hashtags": []}
{"id": 1260721280606748678, "date": "2020-05-13", "time": "19:59:11", "tweet": "OMS families please take a moment to give us your feedback. Your input is valuable to us. #bettertogether", "likes_count": 3, "replies_count": 0, "retweets_count": 0, "hashtags": ["bettertogether"]}
{"id": 1260721226063978496, "date": "2020-05-13", "time": "19:58:58", "tweet": "like this would increase player input a lot and allow for some much more interesting strategies as well as eliminating the problems caused by the ai being dumb sometimes i really hope they implement something like this in future installments", "likes_count": 0, "replies_count": 0, "retweets_count": 0, "hashtags": []}
{"id": 1260721176860598275, "date": "2020-05-13", "time": "19:58:46", "tweet": "Had a lot of fun this weekend preparing and getting ready to show off what I have been learning in After Effects during quarantine! Special thanks to @ToBeTheMcMahon  for his guidance and input throughout the whole process! Really happy with how this turned out!", "likes_count": 16, "replies_count": 3, "retweets_count": 1, "hashtags": []}
{"id": 1260721109923749890, "date": "2020-05-13", "time": "19:58:30", "tweet": "@BaylorCC @Byzic @duckybtw Then how come people are saying pc aim assist is stronger than console it’s because no input lag and boasted frames help aim assist even if there’s a hz nerf", "likes_count": 0, "replies_count": 1, "retweets_count": 0, "hashtags": []}
{"id": 1260721102633893890, "date": "2020-05-13", "time": "19:58:28", "tweet": "@keatonwhite_ @MortalKombat 1) You’re from Ireland  2) You aren’t Conor McGregor  3) You have no clout,nobody asked for your input 4)Please go watch rObOFloP and you’ll see why he’s a great pick. You’re doing yourself a disservice if you haven’t seen it bro,all jokes aside  https://t.co/hquwOn89vZ", "likes_count": 0, "replies_count": 1, "retweets_count": 0, "hashtags": []}
{"id": 1260721088440332288, "date": "2020-05-13", "time": "19:58:25", "tweet": "@Investomatic @StocksToTrade Been thinking of starting to use stockstotrade. What do you like best? Pros Cons? Appreciate input. Currently using Active Trader Pro.", "likes_count": 0, "replies_count": 1, "retweets_count": 0, "hashtags": []}
{"id": 1260720991199588352, "date": "2020-05-13", "time": "19:58:02", "tweet": "like getting the best controller advertised, lets make something up, oh say,  of cutting down an input lag of 18ms down to 9ms. \"50% reduction\" a %50 reduction in 2/3rd of the time. 1/3 is in your arm? 18ms total time instead of the 27ms before. reminds me of optimizing", "likes_count": 0, "replies_count": 1, "retweets_count": 0, "hashtags": []}
{"id": 1260720987139538951, "date": "2020-05-13", "time": "19:58:01", "tweet": "fighting game people talking tv lag, controller input lag etc.  if 9ms adds or subtracts to that in the thinking? like its not like we could change it, but saying. 9ms to arm and another xx ms in the controller over the wire/air to system...", "likes_count": 0, "replies_count": 1, "retweets_count": 0, "hashtags": []}
{"id": 1260720974653202434, "date": "2020-05-13", "time": "19:57:58", "tweet": "@BlondeandDeaf @IsArchieOK @ChuckCallesto Let me say this, we really could use your perspective and input.", "likes_count": 2, "replies_count": 1, "retweets_count": 0, "hashtags": []}
{"id": 1260720957800550402, "date": "2020-05-13", "time": "19:57:54", "tweet": "@Tarheelwilliams @robarmstrong41 This is good stuff! I’m taking notes and will be ready to have input at next coaches meeting!", "likes_count": 2, "replies_count": 1, "retweets_count": 1, "hashtags": []}
{"id": 1260720904578805763, "date": "2020-05-13", "time": "19:57:41", "tweet": "This take is sound, you just disagree with it. And the CONTEXT of that tweet is that your white friend came into a conversation I was having about white people calling black people organizing for themselves racist, because they didn't want white input.", "likes_count": 28, "replies_count": 5, "retweets_count": 0, "hashtags": []}
{"id": 1260720773762818059, "date": "2020-05-13", "time": "19:57:10", "tweet": "Yes j00nie getting chocked on cock is my kink  No i will not be taking input", "likes_count": 0, "replies_count": 0, "retweets_count": 0, "hashtags": []}
{"id": 1260720761884545024, "date": "2020-05-13", "time": "19:57:07", "tweet": "#arm #linux #msm  [PATCH v2 RESEND 0/2] Input: remove msm-vibrator driver and bindings  https://t.co/GkyqeHMtOC", "likes_count": 1, "replies_count": 0, "retweets_count": 1, "hashtags": ["arm", "linux", "msm"]}
{"id": 1260720731555418112, "date": "2020-05-13", "time": "19:57:00", "tweet": "@SadanSenpai @AwesomeEriX Thanks for the input. Will do", "likes_count": 0, "replies_count": 0, "retweets_count": 0, "hashtags": []}
{"id": 1260720658851360768, "date": "2020-05-13", "time": "19:56:42", "tweet": "@Yu_Gei_Ohh @madiscrazy @tomosucks but it is also a co production with japanese creatives so i wonder how much of their input was taken in during the creation of the film", "likes_count": 9, "replies_count": 0, "retweets_count": 0, "hashtags": []}
{"id": 1260720618862862336, "date": "2020-05-13", "time": "19:56:33", "tweet": "@StatsTeslaApp I used to encounter this frequently, although not since January or so if I recall correctly. I HAVE however had other settings change without input, like my Sentry Mode “exclude” settings. Not bad to have extra Sentry on-time, but several days of unintended off-time was annoying.", "likes_count": 0, "replies_count": 0, "retweets_count": 0, "hashtags": []}
{"id": 1260720524105093120, "date": "2020-05-13", "time": "19:56:10", "tweet": "@jstines3 Apparently Nancy is just that and her party lets her take charge of everything. Maybe no democrat input either!", "likes_count": 0, "replies_count": 1, "retweets_count": 0, "hashtags": []}
{"id": 1260720502655447040, "date": "2020-05-13", "time": "19:56:05", "tweet": "Both activities are output signals for angle input signals.", "likes_count": 0, "replies_count": 0, "retweets_count": 0, "hashtags": []}
{"id": 1260720433017630726, "date": "2020-05-13", "time": "19:55:48", "tweet": "Sen. ⁦@SenJohnThune⁩: “This is nothing more than a messaging exercise by House Democrats, they didn’t have any input from Republicans. It’s not going anywhere.”  https://t.co/hcwECZ2sxT", "likes_count": 0, "replies_count": 0, "retweets_count": 0, "hashtags": []}
