{"id": 1221221169463988224, "date": "2020-01-25", "time": "18:59:50", "tweet": "@bluebonnetbeto To make myself feel better when this happens, I think “Thank you. You have given me valuable information to input into my canvassing record.” 🙂", "likes_count": 2, "replies_count": 0, "retweets_count": 0, "hashtags": []}
{"id": 1221221127621619714, "date": "2020-01-25", "time": "18:59:40", "tweet": "@Satcom_Guru probably it wasn’t a good idea to add some “hidden” software, like MCAS, relying on the input of a single little vane, to “simulate” virtual forces to the controls, just so that the pilots “feel” they are flying an older model (retraining pilots is not cheap, apparently 🤔)", "likes_count": 0, "replies_count": 0, "retweets_count": 0, "hashtags": []}
{"id": 1221220955348815872, "date": "2020-01-25", "time": "18:58:59", "tweet": "//last chance to give your input on the poll below.", "likes_count": 0, "replies_count": 0, "retweets_count": 0, "hashtags": []}
{"id": 1221220744769589248, "date": "2020-01-25", "time": "18:58:09", "tweet": "@ReadVagabond i cant do that input to save my life", "likes_count": 1, "replies_count": 0, "retweets_count": 0, "hashtags": []}
{"id": 1221220737438101504, "date": "2020-01-25", "time": "18:58:07", "tweet": "@ethnic_canada But it would make to mention what defines and amphibian and why an apple is not it. No you don’t have to give any input you don’t want but you did respond to my tweet in the first place.", "likes_count": 0, "replies_count": 1, "retweets_count": 0, "hashtags": []}
{"id": 1221220683981606912, "date": "2020-01-25", "time": "18:57:54", "tweet": "@cdotsims @CoachMePlus Understanding what works and what works best, the best functioning system would not have one person holding two positions as such. Like multi-tasking inefficiencies- you can only be present once. BTW- the sports performance Unit has to have input from sport coaches.", "likes_count": 2, "replies_count": 1, "retweets_count": 1, "hashtags": []}
{"id": 1221220650020458497, "date": "2020-01-25", "time": "18:57:46", "tweet": "@chipbuttyy You know i am right just by seeing your input on the matter.", "likes_count": 0, "replies_count": 1, "retweets_count": 0, "hashtags": []}
{"id": 1221220625466847232, "date": "2020-01-25", "time": "18:57:40", "tweet": "@Mechazawa would you want any input on the last one in particular ?", "likes_count": 1, "replies_count": 1, "retweets_count": 0, "hashtags": []}
{"id": 1221220287166939136, "date": "2020-01-25", "time": "18:56:20", "tweet": "@mattmosley @CBrewer16 @BUFootball With Fedora you’re going to have more RPOs. Won’t be like LSUs offense. Go watch some of the UT RPO game. Fedora had a lot of input in that this year. Not sure if that’s a good thing or a bad thing!", "likes_count": 0, "replies_count": 0, "retweets_count": 0, "hashtags": []}
{"id": 1221220265243230208, "date": "2020-01-25", "time": "18:56:15", "tweet": "1/ One experiement I've recently tried that has been working is to string retros together. Where the output of one retro serves as the input of the next retro.   Generally, the flow of these retros moves from general ideas to specific action items.", "likes_count": 0, "replies_count": 1, "retweets_count": 0, "hashtags": []}
{"id": 1221220245429456896, "date": "2020-01-25", "time": "18:56:10", "tweet": "@ValentinaESL WE teach the Comprehensible Input component of SIOP through chat stations. Each group visits 4 stations that showcase different features of CI and discuss questions posted. Your video is the focus of one of the stations", "likes_count": 3, "replies_count": 2, "retweets_count": 0, "hashtags": []}
{"id": 1221220206384730112, "date": "2020-01-25", "time": "18:56:01", "tweet": "@pierrick_picaut @todd_3d One solution that could work in the constraint stack would be to have checkboxes to enable/disable the translate/rotate/scale of each action constraint. You'd still need to have the constraints twice but at least you don't have to split the actions, leaving your input data clean.", "likes_count": 2, "replies_count": 1, "retweets_count": 0, "hashtags": []}
{"id": 1221220150218760193, "date": "2020-01-25", "time": "18:55:47", "tweet": "blue literally didn't matter at this was for YOUR input for worse i had latency wihtout realising", "likes_count": 0, "replies_count": 0, "retweets_count": 0, "hashtags": []}
{"id": 1221220146582368259, "date": "2020-01-25", "time": "18:55:46", "tweet": "@lia__ac @anaspocketcamp They should input an \"are you sure?\" Option", "likes_count": 1, "replies_count": 1, "retweets_count": 0, "hashtags": []}
{"id": 1221220141507207168, "date": "2020-01-25", "time": "18:55:45", "tweet": "@ancalabro @mikeandtherest They also have a new input system which is supposed to replace the old one which everyone accepts is awful. The new one is very complex and tries to do everything, but fails at simple things (eg alt keyboard layouts, displaying currently bound keys, etc).", "likes_count": 1, "replies_count": 0, "retweets_count": 0, "hashtags": []}
{"id": 1221220140588716038, "date": "2020-01-25", "time": "18:55:45", "tweet": "@FiendRiver Maybe I could write an OBS plugin or patch that provides a visual indicator when you go long enough without something resembling a human voice appearing on a designated audio input?  Everything is an engineering problem to me.", "likes_count": 1, "replies_count": 1, "retweets_count": 0, "hashtags": []}
{"id": 1221219988733906945, "date": "2020-01-25", "time": "18:55:09", "tweet": "@clairecmc @MSNBC @maddow @NicolleDWallace @BWilliams @AriMelber @chrislhayes @HardballChris @Lawrence @mayawiley I hope you keep coming back!  Your input is invaluable.", "likes_count": 0, "replies_count": 0, "retweets_count": 0, "hashtags": []}
{"id": 1221219923407577094, "date": "2020-01-25", "time": "18:54:53", "tweet": "@NyaasuNekoban These outsourced studios must surely have SOME input from the animation department though!", "likes_count": 0, "replies_count": 1, "retweets_count": 0, "hashtags": []}
{"id": 1221219677017387014, "date": "2020-01-25", "time": "18:53:54", "tweet": "@JosephF08659673 @HumzaYousaf @kezdugdale @JennyGilruth Thanks for your input. Now shoo.", "likes_count": 6, "replies_count": 0, "retweets_count": 0, "hashtags": []}
{"id": 1221219578178625537, "date": "2020-01-25", "time": "18:53:31", "tweet": "Judson Almeida can read from an input stream.", "likes_count": 0, "replies_count": 0, "retweets_count": 0, "hashtags": []}
