{"id": 1287538081797742593, "date": "2020-07-26", "time": "19:59:34", "tweet": "@ThatTweetingGal @chrissyteigen Thank you for your input complete stranger who no one asked.", "likes_count": 0, "replies_count": 1, "retweets_count": 0, "hashtags": []}
{"id": 1287538052320169984, "date": "2020-07-26", "time": "19:59:27", "tweet": "@Plusaziz @vmspod Oh, this is SO helpful! That is exactly what I was just trying to figure out! I'll take any tips you have--especially about this Scarlett Solo input.", "likes_count": 2, "replies_count": 0, "retweets_count": 0, "hashtags": []}
{"id": 1287538022746120192, "date": "2020-07-26", "time": "19:59:20", "tweet": "@shecat612 @JoeBiden Most never saw him beforehand, idiot. Hillary was cleared REPEATEDLY. She wasnt afraid to testify, unlike your traitor. Didnt kneel to Putin and allow him to kill our troops. But Vlad thanks you for your input   https://t.co/lhtF2EaIkd", "likes_count": 1, "replies_count": 0, "retweets_count": 0, "hashtags": []}
{"id": 1287538020816687104, "date": "2020-07-26", "time": "19:59:20", "tweet": "Will your shop be ready? What safety precautions will be needed? Remember all designs can be improved. Ask students and parents for input. Good learning can only happen if the teacher and students feel safe and comfortable.", "likes_count": 1, "replies_count": 0, "retweets_count": 0, "hashtags": []}
{"id": 1287537954710343681, "date": "2020-07-26", "time": "19:59:04", "tweet": "@TheGardenss @ScoliBones @joe_b665 @bombast1880 Dumb ass that wants kids to get corona gets no input 😘😘🤗", "likes_count": 1, "replies_count": 1, "retweets_count": 0, "hashtags": []}
{"id": 1287537841321410561, "date": "2020-07-26", "time": "19:58:37", "tweet": "1500Wh Solar Generator  Maximum solar panel input: 500W  https://t.co/2wBGRn9r5t", "likes_count": 0, "replies_count": 0, "retweets_count": 0, "hashtags": []}
{"id": 1287537469253066753, "date": "2020-07-26", "time": "19:57:08", "tweet": "In your team, do you alllow varying ways to provide input and ask you questions? Can your people call you, email you or contribute directly to an online document?  Or is your weekly synch meeting the only time you're available?  #communication #leadership #teamwork", "likes_count": 4, "replies_count": 0, "retweets_count": 0, "hashtags": ["communication", "leadership", "teamwork"]}
{"id": 1287537447241494528, "date": "2020-07-26", "time": "19:57:03", "tweet": "@Dr_Lara Thank you for the input @Dr_Lara 👍", "likes_count": 1, "replies_count": 0, "retweets_count": 0, "hashtags": []}
{"id": 1287537405453643776, "date": "2020-07-26", "time": "19:56:53", "tweet": "@BGCallisto I like this too, Ichigo wasn’t asking to change location it was a choice regardless of Aizen input, with the added bonus of freaking him the hell out!", "likes_count": 0, "replies_count": 1, "retweets_count": 0, "hashtags": []}
{"id": 1287537372549091328, "date": "2020-07-26", "time": "19:56:45", "tweet": "@Stevaniehuangg masih kurang aja masak proyek salah input udah habis uang nya ?", "likes_count": 0, "replies_count": 0, "retweets_count": 0, "hashtags": []}
{"id": 1287537359177879552, "date": "2020-07-26", "time": "19:56:42", "tweet": "hi ya'll! we've narrowed our song options down to 2 and would love to hear your input!", "likes_count": 4, "replies_count": 2, "retweets_count": 4, "hashtags": []}
{"id": 1287537300512047108, "date": "2020-07-26", "time": "19:56:28", "tweet": "I legit thought this old Goodwill purchased of the Modern Warfare 2: Hardened Edition a couple of years ago on the 360 with a download code for the original COD was used and didn’t bother to input it. Will I did today while cleaning my collection and I successfully redeem it!  https://t.co/I5tU3lHwmR", "likes_count": 1, "replies_count": 1, "retweets_count": 0, "hashtags": []}
{"id": 1287537271936126976, "date": "2020-07-26", "time": "19:56:21", "tweet": "@reyhandh_ @ardhitoprmn @anggasasongko salah input aja gini bgsnya gimana bener” duh wkwk", "likes_count": 0, "replies_count": 1, "retweets_count": 0, "hashtags": []}
{"id": 1287537232312664064, "date": "2020-07-26", "time": "19:56:12", "tweet": "Do people who do fast food data analytics know that literally all of their user-input data is bad?", "likes_count": 18, "replies_count": 5, "retweets_count": 0, "hashtags": []}
{"id": 1287537143590588417, "date": "2020-07-26", "time": "19:55:50", "tweet": "@SaveourSwifts Oh, Jeremy has blocked me for some reason, shame, this tweet remains my only experience of his input", "likes_count": 1, "replies_count": 1, "retweets_count": 1, "hashtags": []}
{"id": 1287537129460031489, "date": "2020-07-26", "time": "19:55:47", "tweet": "@86Rajani So so true, appreciate your input 🙌🏻", "likes_count": 1, "replies_count": 0, "retweets_count": 0, "hashtags": []}
{"id": 1287536935255158785, "date": "2020-07-26", "time": "19:55:01", "tweet": "よく「Inputを減らしてOutputを増やせば簡単に痩せるよ」って言われるんだけど、あくまでもそれは熱量の話であって、体脂肪とか体重は別の話でしょ。ホメオスタシスとか知らないのかしら。 #意識の高いデブ", "likes_count": 1, "replies_count": 0, "retweets_count": 0, "hashtags": ["意識の高いデブ"]}
{"id": 1287536891169050626, "date": "2020-07-26", "time": "19:54:50", "tweet": "@ScoliBones @joe_b665 @thekingdc14 @bombast1880 BTS stans get no input 😘", "likes_count": 0, "replies_count": 2, "retweets_count": 0, "hashtags": []}
{"id": 1287536721031176192, "date": "2020-07-26", "time": "19:54:10", "tweet": "@PocketAbes @MattGlantz @BJNemeth I need all the facts before you post up something. Or I will just come in here and say this is cleary  acndotal evidence from your past.   These aren’t facts.  In fact that video isn’t even real. Where do you get off.   Abraham  get off Twitter.  You have no input worth a fuck", "likes_count": 0, "replies_count": 1, "retweets_count": 0, "hashtags": []}
{"id": 1287536487421157379, "date": "2020-07-26", "time": "19:53:14", "tweet": "Console fornite is so broke it's actually sad it's so hard to play a game when you get matched with PC players that legit have zero input delay and 100 fps+ like I cannot see half of them and I am already dead please split the lobbies like I am begging. @FortniteGame @EpicGames", "likes_count": 0, "replies_count": 0, "retweets_count": 0, "hashtags": []}
{"id": 1287536472887889921, "date": "2020-07-26", "time": "19:53:11", "tweet": "@quelizinha @veza76 @MW39CFG @tibby17 @hughgmeechan @e_x___exvlIxx_ @elonmusk Also bit ironic you call me pathetic when you literally came into an already ended (twice) conversation with literally no input 😂😂 Thats pathetic and dim if you ask me. And feel free to block me liek your friends did too 😘😘", "likes_count": 0, "replies_count": 0, "retweets_count": 0, "hashtags": []}
{"id": 1287536436892389378, "date": "2020-07-26", "time": "19:53:02", "tweet": "Why the Brain Never Processes the Same Input in the Same Way -  https://t.co/h7adeC896o via @neurosciencenew", "likes_count": 0, "replies_count": 0, "retweets_count": 0, "hashtags": []}
{"id": 1287536388993241088, "date": "2020-07-26", "time": "19:52:51", "tweet": "@SailorJanitor @potatoyu0319 1. Obtain brain control device 2. Connect to power 3. Input command 4. Explode  5. Turn it over and see “Made in China” on the packaging 6. Start a class action in the US", "likes_count": 0, "replies_count": 0, "retweets_count": 0, "hashtags": []}
{"id": 1287536385931350016, "date": "2020-07-26", "time": "19:52:50", "tweet": "@micinterus kkak udah input krs ?", "likes_count": 0, "replies_count": 1, "retweets_count": 0, "hashtags": []}
{"id": 1287536367124328449, "date": "2020-07-26", "time": "19:52:45", "tweet": "The \"Necessary Evil\" phrase is clumsy by design...dog whistle. This is what comes out when you slither on the ground and all you have for sensory input is your tongue.", "likes_count": 1, "replies_count": 0, "retweets_count": 0, "hashtags": []}
{"id": 1287536353807302656, "date": "2020-07-26", "time": "19:52:42", "tweet": "@DdaengLife I've watched a lot of Asian Boss episodes, so I appreciate what you're saying. I have heard similar things in those videos. Thanks for your input in all of this. I appreciate learning about these things.", "likes_count": 0, "replies_count": 0, "retweets_count": 0, "hashtags": []}
{"id": 1287536207082041344, "date": "2020-07-26", "time": "19:52:07", "tweet": "@adeknyamaudyy @ardhitoprmn @anggasasongko itu aja salah input,hrs nya dr awal itu udh mau akhir hahaha", "likes_count": 0, "replies_count": 1, "retweets_count": 0, "hashtags": []}
{"id": 1287536196013285376, "date": "2020-07-26", "time": "19:52:05", "tweet": "@julesandthepups @adamski320 @DouglasKMurray Its called data input &amp; then reflection.  Why r u so upset? Did i hit an inferiority complex button? I started knowing sh*t all &amp; read alot over time, it works. Yet i can try to educate myself regarding Quantum Mechanics &amp; feel like a moron. Its all ok, part of being human. Try.", "likes_count": 0, "replies_count": 0, "retweets_count": 0, "hashtags": []}
{"id": 1287536162794622978, "date": "2020-07-26", "time": "19:51:57", "tweet": "\"A tea is just fine. And I think I can pay for that. I'm borrowing your time and input on a boring topic as it is already when you probably have enough to do.\"", "likes_count": 0, "replies_count": 0, "retweets_count": 0, "hashtags": []}
{"id": 1287536143391629312, "date": "2020-07-26", "time": "19:51:52", "tweet": "@DavidAgus Hi Dr. Agus.  This article is being passed around by anti-maskers stating that masks do nothing in stopping the spread of Covid-19.  If you have a few minutes, can you share your input on the article?  Thank you.   https://t.co/yRtbmBadjj", "likes_count": 0, "replies_count": 0, "retweets_count": 0, "hashtags": []}
{"id": 1287535946100092934, "date": "2020-07-26", "time": "19:51:05", "tweet": "@cloud_reading thanks for the input. so disappointed bc this was my first reading rush and my first vlog :( can’t believe the hosts were so tone deaf", "likes_count": 1, "replies_count": 2, "retweets_count": 0, "hashtags": []}
{"id": 1287535927187984384, "date": "2020-07-26", "time": "19:51:00", "tweet": "Since y’all love the idea of calling some microservice where you provide an input and get an output, you should love remote workers", "likes_count": 7, "replies_count": 0, "retweets_count": 2, "hashtags": []}
{"id": 1287535849689747456, "date": "2020-07-26", "time": "19:50:42", "tweet": "@mysticartes I specifically want your input, given we're talking about one of your white haired bois.", "likes_count": 0, "replies_count": 1, "retweets_count": 0, "hashtags": []}
{"id": 1287535746728034306, "date": "2020-07-26", "time": "19:50:17", "tweet": "@KeithMan111 @OllyMayFootball @5liveSport @TeamTalkRadio Thanks for your input Keith. Isn’t there a t-shirt competition you should be retweeting about this time of night?", "likes_count": 1, "replies_count": 1, "retweets_count": 0, "hashtags": []}
{"id": 1287535510576037888, "date": "2020-07-26", "time": "19:49:21", "tweet": "@teee_79 Idk who asked for ur input 🥱", "likes_count": 0, "replies_count": 0, "retweets_count": 0, "hashtags": []}
{"id": 1287535455207149568, "date": "2020-07-26", "time": "19:49:08", "tweet": "if you play any stretched res you will have input delay unless you use CRU + display scaling, this makes it so that in game it actually says your res you are using when \"full screen\" is selected, don't put yourself at a disadvantage :)", "likes_count": 0, "replies_count": 1, "retweets_count": 0, "hashtags": []}
{"id": 1287535405336756225, "date": "2020-07-26", "time": "19:48:56", "tweet": "@NautiousFN Or just get better at the game and become a respected member of the community instead of switching to a different input because you know you cant place well in cups", "likes_count": 0, "replies_count": 0, "retweets_count": 0, "hashtags": []}
{"id": 1287535382209462272, "date": "2020-07-26", "time": "19:48:51", "tweet": " https://t.co/PnyydM02FO Kivy Tutorial #7 - Touch Input/Mouse Input #video", "likes_count": 0, "replies_count": 0, "retweets_count": 0, "hashtags": ["video"]}
{"id": 1287535352505421824, "date": "2020-07-26", "time": "19:48:43", "tweet": "@Veigar_v2 @bradballer1212 @Gaax__ @MeteosLoL does it actually outscale everything need coach andy input", "likes_count": 0, "replies_count": 0, "retweets_count": 0, "hashtags": []}
{"id": 1287535326945325056, "date": "2020-07-26", "time": "19:48:37", "tweet": "@BeatlesArchive2 The youngest Beatle. George said no one ever asked for his input so he wrote his own songs. Still he had to fight to get one or two on an album. That Lennon-McCartney bunch. 😡", "likes_count": 0, "replies_count": 0, "retweets_count": 0, "hashtags": []}
{"id": 1287535308247048192, "date": "2020-07-26", "time": "19:48:33", "tweet": "@incendiate Ultimate irony, a CS input actually has the same number of inputs as a phone number.", "likes_count": 2, "replies_count": 0, "retweets_count": 0, "hashtags": []}
{"id": 1287535259412762624, "date": "2020-07-26", "time": "19:48:21", "tweet": "@MessiahMoose @SageAdviceDnD I've looked around the Internet a lot, and a lot of places say it doesn't. You just get 1d20. I'm still not sure, so I'm hoping for additional input", "likes_count": 0, "replies_count": 0, "retweets_count": 0, "hashtags": []}
{"id": 1287535250432593920, "date": "2020-07-26", "time": "19:48:19", "tweet": "@serichsen Oh, I know it, but I've been reading and writing my way for more than 40 years and don't really want to switch just to write. And although there are settings to change the braille table for reading, UEB does appear to be the only input method.", "likes_count": 0, "replies_count": 0, "retweets_count": 0, "hashtags": []}
{"id": 1287535191809024002, "date": "2020-07-26", "time": "19:48:05", "tweet": "@Lyra_GP at least we can teleport around without nearly any input delay, the priorities", "likes_count": 11, "replies_count": 0, "retweets_count": 0, "hashtags": []}
{"id": 1287535170099257345, "date": "2020-07-26", "time": "19:48:00", "tweet": "@KimBird11148826 @hendopolis Hmm, I don't think I will, but your input is noted.", "likes_count": 0, "replies_count": 1, "retweets_count": 0, "hashtags": []}
{"id": 1287535118068801536, "date": "2020-07-26", "time": "19:47:48", "tweet": "@actualpatrick @MillennialEYE We are thinking of a series of cases allowing for Q&amp;A and interactivity since there have been some learning gaps due to COVID. We’d love input on what you’d like to see!", "likes_count": 0, "replies_count": 0, "retweets_count": 0, "hashtags": []}
{"id": 1287535035512508416, "date": "2020-07-26", "time": "19:47:28", "tweet": "Please understand, you could have attended an @MLB home opener this year. You only needed to have a competent @POTUS who’s capable of listening to &amp; acting on scientific input rather than spending the first 100 days of a pandemic insisting it was a “democratic hoax”.", "likes_count": 1, "replies_count": 0, "retweets_count": 0, "hashtags": []}
{"id": 1287535001114902529, "date": "2020-07-26", "time": "19:47:20", "tweet": "@The_Moonrakers @NeilClark66 He’s had input into the document. Not sure if they’re his models but I expect if they’re not, they’re some of his mates from ICL", "likes_count": 3, "replies_count": 0, "retweets_count": 0, "hashtags": []}
{"id": 1287534994798399488, "date": "2020-07-26", "time": "19:47:18", "tweet": "@MichaKobs @KostjaMarschke @PatrickHilsman @NoorNahas1 @DanKaszeta Inspector B was the sole author of the original interim report. Rest of the team had input and signed off on it. Henderson authored the engineering report.", "likes_count": 5, "replies_count": 2, "retweets_count": 1, "hashtags": []}
{"id": 1287534950757961728, "date": "2020-07-26", "time": "19:47:08", "tweet": "@Talchyr its free data input channels...", "likes_count": 2, "replies_count": 0, "retweets_count": 0, "hashtags": []}
{"id": 1287534917488971777, "date": "2020-07-26", "time": "19:47:00", "tweet": "Need our Reopening #Yonkers Public Schools Survey in Spanish? Click the link! Thank you for your input so far!   https://t.co/5KJJKudtXz", "likes_count": 1, "replies_count": 0, "retweets_count": 0, "hashtags": ["yonkers"]}
{"id": 1287534849717342208, "date": "2020-07-26", "time": "19:46:44", "tweet": "Maybe I should make a forum post on a JP real estate forum with my salary and search criteria just to be sure and get some input from non-friends.", "likes_count": 1, "replies_count": 0, "retweets_count": 0, "hashtags": []}
{"id": 1287534820113948674, "date": "2020-07-26", "time": "19:46:37", "tweet": "@sunwoodior im probably gonna have to do it anyways, but im not really sure where i stand religiously at the moment, my church community makes me really uncomfortable but im probably going to go cause of like family and stuff, but thank you for your input 💓💓", "likes_count": 1, "replies_count": 1, "retweets_count": 0, "hashtags": []}
{"id": 1287534795912871937, "date": "2020-07-26", "time": "19:46:31", "tweet": "this means that if i try to wavedash on the right i'll still be crouching, but if i wavedash on the left, i'll start walking. and what happens when you press B while walking? thats right you input counts as a side B. my waveshine on the left turns into an SD pretty quick 🙃  https://t.co/xAVAWEPXwD", "likes_count": 1, "replies_count": 0, "retweets_count": 0, "hashtags": []}
{"id": 1287534779810951168, "date": "2020-07-26", "time": "19:46:27", "tweet": "Well at least I can get the footage without stutter or button input lag from using PS4 remote play", "likes_count": 2, "replies_count": 1, "retweets_count": 0, "hashtags": []}
{"id": 1287534706125238273, "date": "2020-07-26", "time": "19:46:09", "tweet": "@Sukaiburu_id pilihan jenis registrasi -Pilih Internet Banking - Hasil -Tampil layar klausula Internet Banking BCA -Pilih Ya untuk melanjutkan transaksi - Hasil - Tampil layar input PIN KlikBCA Individu -Input PIN KlikBCA Individu (6 digit angka) -Input (6/7) ^wandi", "likes_count": 0, "replies_count": 0, "retweets_count": 0, "hashtags": []}
{"id": 1287534600215044097, "date": "2020-07-26", "time": "19:45:44", "tweet": "@Bishop42998267 @CGQuarterly @SmokeMonsterTWI That wasn’t Smokemonster compiling input latency results, it was me. It’s why I feel strongly to defend MiSTer’s compatibility. The RetroUSB adapters are likely the issue as MiSTer runs Linux and almost every controller that doesn’t need special Linux drivers just works.", "likes_count": 0, "replies_count": 1, "retweets_count": 0, "hashtags": []}
{"id": 1287534510603751425, "date": "2020-07-26", "time": "19:45:23", "tweet": "@birdysleeps thank you for the input!! I do want to try to grow a bigger audience for my pwyw streams and I've been unsure if twitch would be better for that or not", "likes_count": 1, "replies_count": 1, "retweets_count": 0, "hashtags": []}
{"id": 1287534452889890817, "date": "2020-07-26", "time": "19:45:09", "tweet": "大事をとって今日明日でない", "likes_count": 0, "replies_count": 0, "retweets_count": 0, "hashtags": []}
{"id": 1287534204536774656, "date": "2020-07-26", "time": "19:44:10", "tweet": "@_R_S_S_ @NateSilver538 that's taken into account already, in the polls that are used as input to the model", "likes_count": 0, "replies_count": 0, "retweets_count": 0, "hashtags": []}
{"id": 1287534150749216769, "date": "2020-07-26", "time": "19:43:57", "tweet": "@xuxisaura yeah it's not our place to input opinion", "likes_count": 0, "replies_count": 0, "retweets_count": 0, "hashtags": []}
{"id": 1287534082738487304, "date": "2020-07-26", "time": "19:43:41", "tweet": "me vuelve loca que los modales que aparecen para confirmar una transacción con tu clave no tengan el focus en el input en donde ponés tu puta claveeeee", "likes_count": 6, "replies_count": 3, "retweets_count": 0, "hashtags": []}
{"id": 1287533889968148480, "date": "2020-07-26", "time": "19:42:55", "tweet": "Pro Tip:  If the person giving you advice on your life does not enjoy their life it is usually best to politely discard their input.", "likes_count": 1949, "replies_count": 7, "retweets_count": 504, "hashtags": []}
{"id": 1287533821584343040, "date": "2020-07-26", "time": "19:42:38", "tweet": "@vmspod @SatoMoughalian Sato, I’m so excited you’re delving into this world. I’m no pro but I’ve been binge watching a ton of sound engineering videos. Take my input with a grain of salt!", "likes_count": 3, "replies_count": 2, "retweets_count": 0, "hashtags": []}
{"id": 1287533810045923329, "date": "2020-07-26", "time": "19:42:36", "tweet": "For Myself Research, Input Educate n Retrain To Understand", "likes_count": 0, "replies_count": 0, "retweets_count": 0, "hashtags": []}
{"id": 1287533710175281153, "date": "2020-07-26", "time": "19:42:12", "tweet": "One of the many things I did during this remodel of my island and input of \"The Path\" was adding to my #Camp 🍄 #AnimalCrossing #ACNH #NintendoSwitch  https://t.co/skRKAbPMPF", "likes_count": 9, "replies_count": 1, "retweets_count": 1, "hashtags": ["camp", "animalcrossing", "acnh", "nintendoswitch"]}
{"id": 1287533668966301698, "date": "2020-07-26", "time": "19:42:02", "tweet": "@DanEricRohde Wow, this is all so interesting! Many thanks for your input. I agree with you - more legal history is needed in UBI research. I am also intrigued about how much of Polanyi's critique of Speenhamland and Poor Law could inform policy-making on UJG.", "likes_count": 3, "replies_count": 1, "retweets_count": 0, "hashtags": []}
{"id": 1287533652482588672, "date": "2020-07-26", "time": "19:41:58", "tweet": "Makeup input: I can only afford ELF now and anyway my skin tone was getting uneven so I tried putting on ELF beauty shield vitamin C pollution prevention and my skin is genuinsely glowing. I’ve only been using it for like four days.", "likes_count": 34, "replies_count": 5, "retweets_count": 0, "hashtags": []}
{"id": 1287533590935412737, "date": "2020-07-26", "time": "19:41:43", "tweet": "Alternatively, I have a colleague who’s area is definitely not design, but because they are gay, they are constantly asked to provide “design” input because they are “so good at it.”   “Good at design” has apparently become a euphemism for “gay”.", "likes_count": 8, "replies_count": 0, "retweets_count": 0, "hashtags": []}
{"id": 1287533441479634945, "date": "2020-07-26", "time": "19:41:08", "tweet": "@ChevyRay ...and if I want to change just the hue while preserving brightness and saturation I'll do something like:  smallest = min(input.r, input.g, input.b); biggest = max(input.r, input.g, input.b); return smallest + (biggest - smallest) * tint", "likes_count": 0, "replies_count": 0, "retweets_count": 0, "hashtags": []}
{"id": 1287533387201368065, "date": "2020-07-26", "time": "19:40:55", "tweet": "@MisterAddons @CGQuarterly @SmokeMonsterTWI Its only because some on this tweet claimed my retroport snes adaptor wouldn't work and that suprised me being as its a standard input. I dobt have a mister but smokemonster was compiling lag test with other controllers. Whats the deal with its usb polling", "likes_count": 0, "replies_count": 2, "retweets_count": 0, "hashtags": []}
{"id": 1287533249967915010, "date": "2020-07-26", "time": "19:40:22", "tweet": "@KristieMacrakis @osssociety Psych profiles of Nazi leadership and input on propaganda.", "likes_count": 1, "replies_count": 0, "retweets_count": 0, "hashtags": []}
{"id": 1287533134733545472, "date": "2020-07-26", "time": "19:39:55", "tweet": "@OYouTeeM @DarkJera @ITalkFortnite No. I didn't have an input delay, actually. And no, my phone isn't shitty. I'm just sick and tired of the sweats that ruin the game.", "likes_count": 5, "replies_count": 1, "retweets_count": 0, "hashtags": []}
{"id": 1287532880281759744, "date": "2020-07-26", "time": "19:38:54", "tweet": "ini gimana sih saya mau input meteran malah eror! manipulasi terosssss @pln_123  https://t.co/BrEB9ZPazz", "likes_count": 0, "replies_count": 4, "retweets_count": 0, "hashtags": []}
{"id": 1287532834144411648, "date": "2020-07-26", "time": "19:38:43", "tweet": "Am I missing something, or is the braille input keyboard with Talkback really only giving me the option of UEB? I have to say, that really truly sucks!", "likes_count": 0, "replies_count": 1, "retweets_count": 0, "hashtags": []}
{"id": 1287532800078479366, "date": "2020-07-26", "time": "19:38:35", "tweet": "@Dubz_NoLz @glxorious i’m crine bless up for the input 😩", "likes_count": 0, "replies_count": 1, "retweets_count": 0, "hashtags": []}
{"id": 1287532682625392640, "date": "2020-07-26", "time": "19:38:07", "tweet": "Thank you for your input 💙", "likes_count": 0, "replies_count": 0, "retweets_count": 0, "hashtags": []}
{"id": 1287532651235217410, "date": "2020-07-26", "time": "19:37:59", "tweet": "@HRHKingMJJ @MatthewrCurlee @ThatEricAlper His input was nasally vocal, sung from buck teeth, his voice annoying and melodies were boring and song content was mindless....\"I want to ride my bicycle\"", "likes_count": 0, "replies_count": 0, "retweets_count": 0, "hashtags": []}
{"id": 1287532627721945088, "date": "2020-07-26", "time": "19:37:54", "tweet": "@Eclipsae @Dety0 Rip ur going to miss on dety special 0 INPUT DELAY CONTROLLER ,0 PING PROGRAM ,CONTROLLER NO DELAY TWEAK AND ON INSANE GPU PROGRAM that gives u 1000fps when u look into a wall", "likes_count": 7, "replies_count": 0, "retweets_count": 1, "hashtags": []}
{"id": 1287532552375414784, "date": "2020-07-26", "time": "19:37:36", "tweet": "@boris4pm1954 @RealGabbyGray We don't need the input of a fool from another country. Bug off!", "likes_count": 0, "replies_count": 0, "retweets_count": 0, "hashtags": []}
