{"id": 1231005610222608385, "date": "2020-02-21", "time": "18:59:43", "tweet": "@MaxTwarogowski @Endtimesgal @EvelynNFarkas @MSNBC @TheBeatWithAri There is only one Democratic platform. We update it every 4 years. If you'd like input on that, join the party.", "likes_count": 0, "replies_count": 1, "retweets_count": 0, "hashtags": []}
{"id": 1231005381964521472, "date": "2020-02-21", "time": "18:58:48", "tweet": "can be able to fetch data from fake online #JSON placeholders and almost all of them (except one) told me that they don't know what the hell JSON is. Then I eased my demands and asked if someone can program just a  simple calculation of user input using the language of choice and", "likes_count": 0, "replies_count": 1, "retweets_count": 0, "hashtags": ["json"]}
{"id": 1231005295947603968, "date": "2020-02-21", "time": "18:58:28", "tweet": "MassDOT seeks your input on six different east-west rail alternatives; Here’s how to offer feedback -  https://t.co/wJbJIMTFmE:  https://t.co/j3PR0GIweT #MBTA #MassDOT #Transit #Boston #Transportation", "likes_count": 0, "replies_count": 0, "retweets_count": 0, "hashtags": ["mbta", "massdot", "transit", "boston", "transportation"]}
{"id": 1231005294274269187, "date": "2020-02-21", "time": "18:58:27", "tweet": "@Ode2Ash @thegr8one85 Thanks guys! Appreciate the input. The figures are probably 5”. I had a feeling this would be the only way, just didnt want the stands to be much larger than the figures", "likes_count": 2, "replies_count": 1, "retweets_count": 0, "hashtags": []}
{"id": 1231005291107540993, "date": "2020-02-21", "time": "18:58:27", "tweet": "@BrandyZadrozny I bet this might happen less frequently if doctors listened to and valued their patients, their wants and their input (of course within reason!) and if new mothers weren’t literally billed to simply interact with their newborns after birth.", "likes_count": 0, "replies_count": 0, "retweets_count": 0, "hashtags": []}
{"id": 1231005245888589824, "date": "2020-02-21", "time": "18:58:16", "tweet": "@coachleavitt @lorenledin Plenty of season left. Will be time for more coverage ... was mostly a feature and quick hits about rest of teams/league races. Thanks for your input.", "likes_count": 0, "replies_count": 1, "retweets_count": 0, "hashtags": []}
{"id": 1231005242298380288, "date": "2020-02-21", "time": "18:58:15", "tweet": "@PCvs60FPSisDumb @jxify I dont play Football but i can still have an input on it", "likes_count": 0, "replies_count": 0, "retweets_count": 0, "hashtags": []}
{"id": 1231005200745287680, "date": "2020-02-21", "time": "18:58:05", "tweet": "Voting begins this weekend for the March 3 Presidential Primary Election.   To find a vote center near you please visit  https://t.co/YCwQOU5ln2 and click vote centers and input your location or home address to find a closest vote center near you.   #moredaysmoreways #vote  https://t.co/b3s83K34PG", "likes_count": 5, "replies_count": 1, "retweets_count": 8, "hashtags": ["moredaysmoreways", "vote"]}
{"id": 1231005191807406087, "date": "2020-02-21", "time": "18:58:03", "tweet": "@orcrist86 Check your input/output hoses to the radiator? That's where my last leak was.", "likes_count": 1, "replies_count": 1, "retweets_count": 0, "hashtags": []}
{"id": 1231005002660970506, "date": "2020-02-21", "time": "18:57:18", "tweet": "alright so I’m going w the second one. thank u all for ur input and helping my very indecisive self 🤝🤝🤝", "likes_count": 28, "replies_count": 0, "retweets_count": 1, "hashtags": []}
{"id": 1231004960713854981, "date": "2020-02-21", "time": "18:57:08", "tweet": "@ASoftBeagle @janevaquoi also-love the implication that youre apparently the most oppressed person earth because youre a lesbian...but as a pansexual, facing discrimination and prejudice from my own community and hets, i dont need your, the relative majority, input  on this. But i fw you for trying.", "likes_count": 0, "replies_count": 0, "retweets_count": 0, "hashtags": []}
{"id": 1231004780631384066, "date": "2020-02-21", "time": "18:56:25", "tweet": "New on Slickdeals: RAVPower 26800mAh PD Portable Charger (Fast Recharged In 4.5 Hours &amp;USB-C Input, 30W Type-C Output) - $42.99 + FS  https://t.co/0VFvvVhrsB", "likes_count": 0, "replies_count": 0, "retweets_count": 0, "hashtags": []}
{"id": 1231004676906246149, "date": "2020-02-21", "time": "18:56:00", "tweet": "@vizmxs (Sigh) mouse acceleration is not a thing is Fortnite, Devs have addressed this already.  The line of code is a requirement for the engine, but actually does nothing with input control. Lol, and the resolution is new, to me atleast... it just doesn't seem worth it to me.", "likes_count": 0, "replies_count": 1, "retweets_count": 0, "hashtags": []}
{"id": 1231004634329710592, "date": "2020-02-21", "time": "18:55:50", "tweet": "@AvaPortFineArt @JordenCollins @ZubyMusic Exactly. I get my wife's input on my hair - *she's* the one who has to look at me, not me.", "likes_count": 9, "replies_count": 0, "retweets_count": 0, "hashtags": []}
{"id": 1231004590855860229, "date": "2020-02-21", "time": "18:55:40", "tweet": "@JTh43878570 ...•Select “create a 6digit PIN •Input verification code sent to our mobile number •Enter your new PIN and repeat PIN •Enable face ID (optional) •Click done. This will load your profile on the Mobile App Landing Page. You can start enjoying Mobile Banking Services. 3/3", "likes_count": 1, "replies_count": 0, "retweets_count": 0, "hashtags": []}
{"id": 1231004437528928256, "date": "2020-02-21", "time": "18:55:03", "tweet": "Can we identify the one thing we were created to do? Some say, yes, through introspection, experimentation, and input from trusted friends and mentors.   https://t.co/iycYtt3rYN", "likes_count": 2, "replies_count": 0, "retweets_count": 0, "hashtags": []}
{"id": 1231004352405479424, "date": "2020-02-21", "time": "18:54:43", "tweet": "Functional Medicine and Mental Health Discussion Panel - EARLY BIRD PRICING ENDS TOMORROW!  And now a Live-Stream from home or office option is available!  Learn about how hormones, digestion, nutrition, and proprioceptive input impact mental health.   https://t.co/2jhUcxyPw4  https://t.co/qeQvPe5My6", "likes_count": 0, "replies_count": 0, "retweets_count": 0, "hashtags": []}
{"id": 1231004285917224960, "date": "2020-02-21", "time": "18:54:27", "tweet": "@MimiGlossop @Netflixwoman @PlayChoices Which is why I've been working on re-writing it for my own personal enjoyment. So, uh, don't be surprised if you get a random tweet from me in the future asking for an opinion. It would be nice to have input from other people from time to time. 😁", "likes_count": 2, "replies_count": 2, "retweets_count": 0, "hashtags": []}
{"id": 1231004165167435776, "date": "2020-02-21", "time": "18:53:58", "tweet": "day 14 without ps plus: I can phase through walls at ease and input nuanced mixups with my mind alone", "likes_count": 3, "replies_count": 0, "retweets_count": 0, "hashtags": []}
{"id": 1231004087342125056, "date": "2020-02-21", "time": "18:53:40", "tweet": "@GrinchWSM Genuinely didn't know about this. Thanks for the input", "likes_count": 20, "replies_count": 0, "retweets_count": 0, "hashtags": []}
{"id": 1231004007260229632, "date": "2020-02-21", "time": "18:53:20", "tweet": "@Zayboo901 Yea when u do jab u have to hold up back when u push strong, it makes u do the strong while still standing, and it allows u to do low forward fireball after. Then u can combo ex legs if u input f d f before u do legs so u can micro step.", "likes_count": 6, "replies_count": 1, "retweets_count": 0, "hashtags": []}
{"id": 1231003942429102080, "date": "2020-02-21", "time": "18:53:05", "tweet": "Update your #listening pleasure. Add this #MP5 Player, In-Dash Car #DVDPlayer Video Input Interface to your vehicle. See details on the link below. Have it delivered to your home.   https://t.co/FtjvMVNxkf  https://t.co/F9PLzEzRuQ", "likes_count": 0, "replies_count": 0, "retweets_count": 0, "hashtags": ["listening", "mp5", "dvdplayer"]}
{"id": 1231003906467078145, "date": "2020-02-21", "time": "18:52:56", "tweet": "Articulating my thoughts on paper and electronically helps me to develop a lot as a writer. When I'm speaking, I like to talk if the context of the conversation is something I know or its just casual discussion. Otherwise, I won't be putting in my own input.", "likes_count": 1, "replies_count": 0, "retweets_count": 0, "hashtags": []}
{"id": 1231003828276695040, "date": "2020-02-21", "time": "18:52:38", "tweet": "With teamwork we are able to multiply our output and minimize individual input.   #KissesDelavin #Kissables @KissesDelavin  Kisses Delavin", "likes_count": 1, "replies_count": 0, "retweets_count": 2, "hashtags": ["kissesdelavin", "kissables"]}
{"id": 1231003656545325056, "date": "2020-02-21", "time": "18:51:57", "tweet": "@AliceHintonJ @LiamSorta @simonschreibt Got the first alpha-part working! However the other part with 1 minus fill%  in Y as input to tiling&amp;offset doesn't properly align with it (only works at exactly 50% fill). If I may ask, do you somehow use the output of step-node (first part) also for the 2nd step?", "likes_count": 0, "replies_count": 0, "retweets_count": 0, "hashtags": []}
{"id": 1231003556901158917, "date": "2020-02-21", "time": "18:51:33", "tweet": "@YourDiamondDog I think Sonic Generations pulls ahead in the level design department. It requires more input from the player while still retaining a ton of different paths. I still have fun with those levels.  Still big ups to Unleashed though", "likes_count": 0, "replies_count": 0, "retweets_count": 0, "hashtags": []}
{"id": 1231003518862934018, "date": "2020-02-21", "time": "18:51:24", "tweet": "@bitterdeluxe That's cool insight, I appreciate that input alot", "likes_count": 1, "replies_count": 0, "retweets_count": 0, "hashtags": []}
{"id": 1231003415418998786, "date": "2020-02-21", "time": "18:50:59", "tweet": "@JourdanRodrigue @OnePantherPlace It's why I havent freaked out as others have about Hurney staying. Hurney is there to offer guidance and help Rhule with the ins and outs of the draft. You don't give a $62M contract to someone that isn't going to have majority input.", "likes_count": 0, "replies_count": 0, "retweets_count": 0, "hashtags": []}
{"id": 1231003357143281665, "date": "2020-02-21", "time": "18:50:45", "tweet": "@yairherreraart @YouTube Thanks for your input :) it's nice to hear the other side of the coin without any dick measuring.", "likes_count": 4, "replies_count": 2, "retweets_count": 1, "hashtags": []}
{"id": 1231003341641199617, "date": "2020-02-21", "time": "18:50:42", "tweet": "@Phil_S___ @evermix Hmm do you need to input a usb for recording to the tablet. Does it go to a site to download- keep me posted as interested and Dublin branch opening soon... one fire regulation lets it pass....", "likes_count": 0, "replies_count": 0, "retweets_count": 0, "hashtags": []}
{"id": 1231003121435856896, "date": "2020-02-21", "time": "18:49:49", "tweet": "@burgeroise 1. the US military lends a lot of equipment and space to US movie and TV studios on condition of creative input on the final product 2. get em while they're young", "likes_count": 3, "replies_count": 0, "retweets_count": 0, "hashtags": []}
{"id": 1231003099495632896, "date": "2020-02-21", "time": "18:49:44", "tweet": "10 input ant 20 if ant = positive vibes then goto @PauseResetPlay  else goto 50 30 beep 40 goto 10 50 print\"come on, such a great streamer, try again\" 60 goto 10", "likes_count": 0, "replies_count": 0, "retweets_count": 0, "hashtags": []}
{"id": 1231003092704993281, "date": "2020-02-21", "time": "18:49:42", "tweet": "It was a pleasure to host Dena Marks from @TMO_IAF and Lisa Stone from @BethIsrael_TX to discuss the important issue of firearm safety. Thanks for all your help and input!   #GunSafety #BetterTogether #BuildingBridges   @SRE_mx  https://t.co/9Uuq9NoSDO", "likes_count": 3, "replies_count": 1, "retweets_count": 2, "hashtags": ["gunsafety", "bettertogether", "buildingbridges"]}
{"id": 1231002918305828864, "date": "2020-02-21", "time": "18:49:01", "tweet": "How School Boards See and Assess Input on Classroom Technology  https://t.co/hcEyY9p0e9 #edtech #edtechchat", "likes_count": 1, "replies_count": 0, "retweets_count": 0, "hashtags": ["edtech", "edtechchat"]}
{"id": 1231002868766793729, "date": "2020-02-21", "time": "18:48:49", "tweet": "HTML-encoding lost when attribute read from input field  https://t.co/cfkmHisu98 via @instapaper", "likes_count": 0, "replies_count": 0, "retweets_count": 0, "hashtags": []}
{"id": 1231002852127961089, "date": "2020-02-21", "time": "18:48:45", "tweet": "So I’ve come up with a writing project for camp NaNoWriMo and I just wanna get some input from the #aspec community.  I’m planning to have my two main characters in a QPR and I just wanna get some “Dos and Don’ts” from you folks so I don’t misrepresent!", "likes_count": 0, "replies_count": 0, "retweets_count": 0, "hashtags": ["aspec"]}
{"id": 1231002819810992130, "date": "2020-02-21", "time": "18:48:37", "tweet": "R2D5: #100DaysOfCode  I'm on top of the world right now.🌎It took a while but I figured out how to pass search params across components using history.push and update the URL depending on user input.  Literally dancing with joy. I might make this my first blog post.  #WomenWhoCode  https://t.co/UdUpNPz9ok", "likes_count": 123, "replies_count": 14, "retweets_count": 23, "hashtags": ["100daysofcode", "womenwhocode"]}
{"id": 1231002772264431616, "date": "2020-02-21", "time": "18:48:26", "tweet": "@neversremedy @jake_fluekiger I don't think I'm far enough in my writing process to be able to hire anyone, to be honest 😅But I appreciate the input!", "likes_count": 2, "replies_count": 1, "retweets_count": 0, "hashtags": []}
{"id": 1231002770855124992, "date": "2020-02-21", "time": "18:48:26", "tweet": "@1Salty_Patriot @LaraLeaTrump Thanks for your input, have a nice day ...carry on", "likes_count": 0, "replies_count": 0, "retweets_count": 0, "hashtags": []}
{"id": 1231002469951397888, "date": "2020-02-21", "time": "18:47:14", "tweet": "TOP SIX UTILITY BILLING MISTAKES:  1.     Incorrect Rate Schedules  2.     Sewer Fees For Irrigation Water  3.     Misread Meters  4.     Misplaced Decimal Points  5.     High Estimated Meter Reads  6.      Utility Employees Input Incorrect Data  https://t.co/xz4LBSr0p4", "likes_count": 0, "replies_count": 0, "retweets_count": 0, "hashtags": []}
