{"id": 1299496966557032448, "date": "2020-08-28", "time": "19:59:54", "tweet": "It is one thing to have a small piece of tech in your hand where you input what you want it to know about you and another where your thoughts are uploaded to the web while you sleep. #Neuralink", "likes_count": 0, "replies_count": 0, "retweets_count": 0, "hashtags": ["neuralink"]}
{"id": 1299496960324444167, "date": "2020-08-28", "time": "19:59:53", "tweet": "TxDOT hosted a virtual public meeting on Aug 25 – 27 to gather input on the FM 1960 Access Management study, from East Gatewick to BF 1960A in Harris County. The project survey and meeting materials are available online til Sept. 8. Go to  https://t.co/N6OlwJlTmS. Take the survey.  https://t.co/bTbsp7bxdh", "likes_count": 1, "replies_count": 0, "retweets_count": 0, "hashtags": []}
{"id": 1299496894176071681, "date": "2020-08-28", "time": "19:59:37", "tweet": "@Archmage_Arokh @Holyshackle @Asmongold @Wowhead &gt;sides no sides were mentioned. &gt;trying to have a civil conversation yet you're the one here throwing \"insults\" &gt;some people have a problem with it a minority does not have power over the majority. to add more, the company is doing this to look better.player input never mattered", "likes_count": 0, "replies_count": 0, "retweets_count": 0, "hashtags": []}
{"id": 1299496891051323392, "date": "2020-08-28", "time": "19:59:36", "tweet": "@snarlyhon @slgrace @amandabarren But why aren’t county health departments leading the charge? This thing was supposed to be driven by local input and local governance.", "likes_count": 1, "replies_count": 3, "retweets_count": 0, "hashtags": []}
{"id": 1299496867194077184, "date": "2020-08-28", "time": "19:59:31", "tweet": "@phillipbupp that would require human input and control of the platform", "likes_count": 0, "replies_count": 0, "retweets_count": 0, "hashtags": []}
{"id": 1299496779721904132, "date": "2020-08-28", "time": "19:59:10", "tweet": "@kaballing1 Input error lol I was sweaty", "likes_count": 0, "replies_count": 0, "retweets_count": 0, "hashtags": []}
{"id": 1299496740559691776, "date": "2020-08-28", "time": "19:59:01", "tweet": "Thanks all for your input. This is WDLPS with plenty of floret cells and had MDM2 amplif. Also, no abrupt change /necrosis ruling out dedifferentiated LPS. Learn more about LPS", "likes_count": 3, "replies_count": 0, "retweets_count": 0, "hashtags": []}
{"id": 1299496655444750338, "date": "2020-08-28", "time": "19:58:40", "tweet": "@SANGC0RE ty for ur input 💖", "likes_count": 1, "replies_count": 0, "retweets_count": 0, "hashtags": []}
{"id": 1299496651195908096, "date": "2020-08-28", "time": "19:58:39", "tweet": "@avkirbyPhD Have you checked out Two asides of the Spectrum podcast?? Some of these topics are addressed with regular input from #ActuallyAutistic voices!  https://t.co/F88r9Vj24N", "likes_count": 1, "replies_count": 1, "retweets_count": 0, "hashtags": ["actuallyautistic"]}
{"id": 1299496150131552258, "date": "2020-08-28", "time": "19:56:40", "tweet": "Thanks all for the input! I'll keep things as they are. C:", "likes_count": 7, "replies_count": 1, "retweets_count": 0, "hashtags": []}
{"id": 1299496002903093249, "date": "2020-08-28", "time": "19:56:05", "tweet": "Luckily my district is conservative as fuck and is going to get input from families and employees before a decision is made.", "likes_count": 2, "replies_count": 0, "retweets_count": 0, "hashtags": []}
{"id": 1299495984175681536, "date": "2020-08-28", "time": "19:56:00", "tweet": "@wxyzdetroit WTF! Input to SS over 40 years.", "likes_count": 0, "replies_count": 0, "retweets_count": 0, "hashtags": []}
{"id": 1299495902730567681, "date": "2020-08-28", "time": "19:55:41", "tweet": "@Johten01 You say you learned that you were wrong, okay then why did you attack Oracle after your \"apology\" instead of acknowledging that you WERE in the wrong, didnt apologize to Azure for calling him sensitive, and ignore everyone who said you were wrong and waited for Hiei's input?", "likes_count": 3, "replies_count": 1, "retweets_count": 0, "hashtags": []}
{"id": 1299495890294657024, "date": "2020-08-28", "time": "19:55:38", "tweet": "@emmmmmmmmmmmms You interrupt end frames (the part between your attack and when you can input again) to immediately transfer into another attack", "likes_count": 0, "replies_count": 1, "retweets_count": 0, "hashtags": []}
{"id": 1299495854181580803, "date": "2020-08-28", "time": "19:55:29", "tweet": "@James26000604 @Xploshi @Taggyboi1 I don’t think I will shut up but thanks for your input", "likes_count": 1, "replies_count": 0, "retweets_count": 0, "hashtags": []}
{"id": 1299495812565671936, "date": "2020-08-28", "time": "19:55:19", "tweet": "@inminivanhell @redflowersfall @all_pills You input data in real time. This is a baseless comment. Governor trying to tank the 5th largest economy in the world in hopes to affect the elections.", "likes_count": 0, "replies_count": 0, "retweets_count": 0, "hashtags": []}
{"id": 1299495641874345984, "date": "2020-08-28", "time": "19:54:39", "tweet": "Installation of 75” Samsung QLED 9 series with L.E.D. backlighting &amp; Media center  with L.E.D. backlighting for ground level effect and Xbox One utilizing the optimized HDMI input on the Q9 advanced colors and…  https://t.co/wqM3cjMqpp", "likes_count": 0, "replies_count": 0, "retweets_count": 0, "hashtags": []}
{"id": 1299495635062841344, "date": "2020-08-28", "time": "19:54:37", "tweet": "@OasisLabs @OasisProtocol Any involvement / input from firms like @chainalysis  and @elliptic  on this initiative?  Thank you.", "likes_count": 0, "replies_count": 0, "retweets_count": 0, "hashtags": []}
{"id": 1299495584525627393, "date": "2020-08-28", "time": "19:54:25", "tweet": "@barryoleary77 @morrispexmouth @JohnEJefferson @JoeRTooting @TrumanKelly @POSH_JOCK @LindenLyn @CerdynJones @mmusJu @julesmartin666 @rupertsmum @JudithRKramer Cheers Barry, hope business goes well. Happy to give input if needed 👍", "likes_count": 1, "replies_count": 0, "retweets_count": 0, "hashtags": []}
{"id": 1299495229469282305, "date": "2020-08-28", "time": "19:53:00", "tweet": "@EricTopol @GladstoneInst @ProfDFrancis   There has been significant criticism of this study by @ProfDFrancis . Many of us are not cardiologists. Could the relevant experts please input so a consensus can be reached. Do not want another unresolved argument in this COVID landscape", "likes_count": 2, "replies_count": 1, "retweets_count": 0, "hashtags": []}
