{"id": 812792872038760448, "date": "2016-12-24", "time": "17:51:36", "tweet": "Uneventful Week Ends, How Does This Stock Look Heading into The New Year: Tesla Motors, Inc ...  https://t.co/AsVuacz6p8", "likes_count": 0, "replies_count": 0, "retweets_count": 0, "hashtags": []}
{"id": 812787455329964034, "date": "2016-12-24", "time": "17:30:04", "tweet": "&lt;b&gt;Tesla Motors&lt;/b&gt;, Inc. (NASDAQ: TSLA) – Is this large market cap stock undervalued? #teslamotors  https://t.co/XAaPWTtTfu", "likes_count": 0, "replies_count": 0, "retweets_count": 0, "hashtags": ["teslamotors"]}
{"id": 812776455675387905, "date": "2016-12-24", "time": "16:46:22", "tweet": "Tesla Motors, Inc. (NASDAQ: TSLA) – Is this large market cap stock undervalued?  https://t.co/TGJHA4HQIl", "likes_count": 0, "replies_count": 0, "retweets_count": 0, "hashtags": []}
{"id": 812766576978051072, "date": "2016-12-24", "time": "16:07:07", "tweet": "Tesla's stock has been rallying, but there’s no clear reason why  https://t.co/Q70ychctoP", "likes_count": 0, "replies_count": 0, "retweets_count": 0, "hashtags": []}
{"id": 812756162470887426, "date": "2016-12-24", "time": "15:25:44", "tweet": "@BLeez17 I'M FROM THE FUTURE BUY STOCK IN TESLA", "likes_count": 2, "replies_count": 0, "retweets_count": 1, "hashtags": []}
{"id": 812751469573185536, "date": "2016-12-24", "time": "15:07:05", "tweet": "Tesla Admits To Sometimes Limiting Battery Output / HP If Launch Mode Is Used Too Often  https://t.co/b9AxZ2bsKT", "likes_count": 0, "replies_count": 0, "retweets_count": 0, "hashtags": []}
{"id": 812744830564573184, "date": "2016-12-24", "time": "14:40:42", "tweet": "Weekly stock news balancing report for Tesla $TSLA No' of positive news this week: 5 No' of negative news this week: 3 Weekly change: +2.97%  https://t.co/4uHL2CKTU5", "likes_count": 1, "replies_count": 0, "retweets_count": 1, "hashtags": []}
{"id": 812725049262280704, "date": "2016-12-24", "time": "13:22:06", "tweet": "Tesla Motors Inc: TSLA #Stock Chart Is Bullish Once Again -  https://t.co/mpHZ95ZSkM - #EmergingTech #HotStocksPicks #News  https://t.co/DsiFjvqQxW", "likes_count": 0, "replies_count": 0, "retweets_count": 0, "hashtags": ["stock", "emergingtech", "hotstockspicks", "news"]}
{"id": 812701081482493953, "date": "2016-12-24", "time": "11:46:51", "tweet": "Stock Perspective on Tesla Motors, Inc. (NASDAQ:TSLA)  https://t.co/dm0RVhkIRM", "likes_count": 0, "replies_count": 0, "retweets_count": 0, "hashtags": []}
{"id": 812692404390207488, "date": "2016-12-24", "time": "11:12:22", "tweet": "Uber Launches Tesla Model S Fleet In Spain  https://t.co/YJzmjqBebQ", "likes_count": 0, "replies_count": 0, "retweets_count": 0, "hashtags": []}
{"id": 812678745215631361, "date": "2016-12-24", "time": "10:18:06", "tweet": "Tesla Motors Inc: TSLA Stock Chart Is Bullish Once Again - Profit Confidential  https://t.co/rsEZGOgr6N", "likes_count": 1, "replies_count": 0, "retweets_count": 1, "hashtags": []}
{"id": 812667176087732224, "date": "2016-12-24", "time": "09:32:08", "tweet": "Tesla Motors Inc: TSLA Stock Chart Is Bullish Once Again  https://t.co/6xSpTqVWcm", "likes_count": 0, "replies_count": 0, "retweets_count": 0, "hashtags": []}
{"id": 812661144661979137, "date": "2016-12-24", "time": "09:08:10", "tweet": "Tesla adds electric-car charging site off Interstate 71 in Morrow County - Columbus Dispatch  https://t.co/7Ppqnk1zJj", "likes_count": 0, "replies_count": 0, "retweets_count": 0, "hashtags": []}
{"id": 812659785288024065, "date": "2016-12-24", "time": "09:02:45", "tweet": "Exhaustive Tesla Model X Review Turned In By Autogefuehl – Video  https://t.co/90YX9s1XdD", "likes_count": 0, "replies_count": 0, "retweets_count": 0, "hashtags": []}
{"id": 812656875607035904, "date": "2016-12-24", "time": "08:51:12", "tweet": "Tesla Motors Inc: TSLA Stock Chart Is Bullish Once Again  https://t.co/yPFbTNEkkl", "likes_count": 0, "replies_count": 0, "retweets_count": 0, "hashtags": []}
{"id": 812651623054999554, "date": "2016-12-24", "time": "08:30:19", "tweet": "#Tesla Motors Inc: TSLA Stock Chart Is Bullish Once Again  https://t.co/a2BZXkuyWv via @@teslamotors  https://t.co/8WqYgVwNAd", "likes_count": 0, "replies_count": 0, "retweets_count": 0, "hashtags": ["tesla"]}
{"id": 812645870806110208, "date": "2016-12-24", "time": "08:07:28", "tweet": "Tesla Motors Inc: TSLA Stock Chart Is Bullish Once Again - Profit Confidential  https://t.co/lOmZ0KC3Js #news #feedly #teslasharing", "likes_count": 0, "replies_count": 0, "retweets_count": 0, "hashtags": ["news", "feedly", "teslasharing"]}
{"id": 812644600355717120, "date": "2016-12-24", "time": "08:02:25", "tweet": "Tesla’s Fremont Factory Could Soon Employ More Workers Than Site Did In Its General Motors’ Days  https://t.co/QfYOlluS6T", "likes_count": 0, "replies_count": 0, "retweets_count": 0, "hashtags": []}
{"id": 812626669936766976, "date": "2016-12-24", "time": "06:51:10", "tweet": "Stock Monitor: PT Update on Tesla Motors, Inc. (NASDAQ:TSLA)  https://t.co/2WPWfQ5s6A", "likes_count": 0, "replies_count": 0, "retweets_count": 0, "hashtags": []}
{"id": 812613321190993920, "date": "2016-12-24", "time": "05:58:08", "tweet": "The Car Of The Future Will Be Electric, Led By Tesla (Wall Street Journal) - CleanTechnica  https://t.co/rgQYptzsZ1", "likes_count": 0, "replies_count": 0, "retweets_count": 0, "hashtags": []}
{"id": 812571993317003264, "date": "2016-12-24", "time": "03:13:54", "tweet": "NEW STOCK . ONHAND po yan  SMOK ALIEN 220w MOD = 2500 SMOK G-PRIV 220w MOD = 3700 NOISY CRICKET ll = 1500 TESLA...  https://t.co/c9iir9T2S2", "likes_count": 0, "replies_count": 0, "retweets_count": 0, "hashtags": []}
{"id": 812570700653457408, "date": "2016-12-24", "time": "03:08:46", "tweet": "NEW STOCK . ONHAND po yan  SMOK ALIEN 220w MOD = 2500 SMOK G-PRIV 220w MOD = 3700 NOISY CRICKET ll = 1500 TESLA...  https://t.co/yYDK05iNFS", "likes_count": 0, "replies_count": 0, "retweets_count": 0, "hashtags": []}
{"id": 812538092041207808, "date": "2016-12-24", "time": "00:59:12", "tweet": "Tesla Stock: Will This Move By GM Kill the Model 3? -  https://t.co/g2IlVq8mcy  https://t.co/6N43raEMFl", "likes_count": 0, "replies_count": 0, "retweets_count": 0, "hashtags": []}
{"id": 812521279819513856, "date": "2016-12-23", "time": "23:52:23", "tweet": "The Tesla Motors Inc. (TSLA) Stock Rating Upgrade by the Vetr Inc  https://t.co/90s5TtnGO0", "likes_count": 0, "replies_count": 0, "retweets_count": 0, "hashtags": []}
{"id": 812519181010599936, "date": "2016-12-23", "time": "23:44:03", "tweet": "#Tesla stock rises after #Elon #Musk's masterplan tweet  https://t.co/iFGfZdYVB3", "likes_count": 1, "replies_count": 0, "retweets_count": 0, "hashtags": ["tesla", "elon", "musk"]}
{"id": 812504937959747584, "date": "2016-12-23", "time": "22:47:27", "tweet": "Tesla's stock has been rallying, but there's no clear reason why  https://t.co/l0a4siJnAf", "likes_count": 0, "replies_count": 0, "retweets_count": 0, "hashtags": []}
{"id": 812501153766404096, "date": "2016-12-23", "time": "22:32:25", "tweet": "Watch The Latest Tesla “Easter Egg” Send You To Mars Via A SpaceX Shuttle – Video  https://t.co/qgLpuNzs15", "likes_count": 0, "replies_count": 0, "retweets_count": 0, "hashtags": []}
{"id": 812491106608889856, "date": "2016-12-23", "time": "21:52:29", "tweet": "I'm hoping Tesla stock takes a nose dive under Trumps Administration so I can grab some for the low.", "likes_count": 0, "replies_count": 0, "retweets_count": 0, "hashtags": []}
{"id": 812387366073757698, "date": "2016-12-23", "time": "15:00:16", "tweet": "Tesla Motors Stock RSI  https://t.co/QFa9EsTLpj", "likes_count": 0, "replies_count": 0, "retweets_count": 0, "hashtags": []}
{"id": 812379853072777216, "date": "2016-12-23", "time": "14:30:24", "tweet": "#Tesla Stock: Will This Move By GM Kill the Model 3?  https://t.co/TCKPfNv7qC via @@teslamotors  https://t.co/yV9hZWvxhz", "likes_count": 0, "replies_count": 0, "retweets_count": 0, "hashtags": ["tesla"]}
{"id": 812379420489039872, "date": "2016-12-23", "time": "14:28:41", "tweet": "The Car Of The Future Will Be Electric, Led By Tesla: Wall Street Journal - CleanTechnica  https://t.co/Q4N1EGZNE2", "likes_count": 0, "replies_count": 0, "retweets_count": 0, "hashtags": []}
{"id": 812353882735210496, "date": "2016-12-23", "time": "12:47:13", "tweet": "Latest Tesla Motors, Inc. (NASDAQ:TSLA) Target Price Suggests Stock Is Worth $236/Share  https://t.co/MBYotXCxj8", "likes_count": 0, "replies_count": 0, "retweets_count": 0, "hashtags": []}
{"id": 812352108884295680, "date": "2016-12-23", "time": "12:40:10", "tweet": "Tesla Motors, Inc. (TSLA) stock rose by 1.19%! Currently priced at 210.97.  https://t.co/JUoGuOiSe6", "likes_count": 0, "replies_count": 0, "retweets_count": 0, "hashtags": []}
{"id": 812349563734544384, "date": "2016-12-23", "time": "12:30:03", "tweet": "$TSLA current stock price: $211.49. #Tesla #TeslaStock @TeslaratiApp #bot  https://t.co/xxhhiyFX8v", "likes_count": 5, "replies_count": 0, "retweets_count": 0, "hashtags": ["tesla", "teslastock", "bot"]}
{"id": 812344416283213824, "date": "2016-12-23", "time": "12:09:36", "tweet": "#GeneralMotors Tesla Stock: Will This Move By Kill the Model 3?. Read more:  https://t.co/Qo0WI0Jrht $GM", "likes_count": 0, "replies_count": 0, "retweets_count": 0, "hashtags": ["generalmotors"]}
{"id": 812342792060026880, "date": "2016-12-23", "time": "12:03:08", "tweet": "Chevrolet Bolt – Long On Utility, Short On Sexy – It’s The Anti-Tesla  https://t.co/2wwtRFG6nc", "likes_count": 0, "replies_count": 0, "retweets_count": 0, "hashtags": []}
{"id": 812342085353283584, "date": "2016-12-23", "time": "12:00:20", "tweet": "#GeneralMotors Tesla Stock: Will This Move By Kill the Model 3?. Read more:  https://t.co/IDGacteUAh $GM", "likes_count": 0, "replies_count": 0, "retweets_count": 0, "hashtags": ["generalmotors"]}
{"id": 812334086781947904, "date": "2016-12-23", "time": "11:28:33", "tweet": "Tesla Stock: Will This Move By GM Kill the Model 3?  https://t.co/cMtwf5vFHk", "likes_count": 0, "replies_count": 0, "retweets_count": 0, "hashtags": []}
{"id": 812331855152316416, "date": "2016-12-23", "time": "11:19:41", "tweet": "Can Tesla Stock Handle the Chevrolet Bolt? -  https://t.co/Woa2y6CboX  https://t.co/raL9gwt9CI", "likes_count": 0, "replies_count": 0, "retweets_count": 0, "hashtags": []}
{"id": 812322481885286400, "date": "2016-12-23", "time": "10:42:26", "tweet": "Tesla Is #1 Again On Consumer Reports’ Owner Satisfaction Survey  https://t.co/rVhzsrp4pd", "likes_count": 0, "replies_count": 0, "retweets_count": 0, "hashtags": []}
{"id": 812308336372809735, "date": "2016-12-23", "time": "09:46:14", "tweet": "So, Tesla held stock prices in 2016 since unveiling the solar roof.  CNN money predicts modest gains.  Our analysis projects better.  https://t.co/rJaIJm0pJC", "likes_count": 0, "replies_count": 0, "retweets_count": 0, "hashtags": []}
{"id": 812295295195369472, "date": "2016-12-23", "time": "08:54:24", "tweet": "Faraday Future Prototype Vs Tesla Model S P100D…and a new teaser of course (videos)  https://t.co/xz6mPxp1HR", "likes_count": 0, "replies_count": 0, "retweets_count": 0, "hashtags": []}
{"id": 812272630808113152, "date": "2016-12-23", "time": "07:24:21", "tweet": "Tesla Model X Puts On A Christmas Show After Enabling Latest Easter Egg – Video  https://t.co/mIJATFYfsZ", "likes_count": 0, "replies_count": 0, "retweets_count": 0, "hashtags": []}
{"id": 812258317720555521, "date": "2016-12-23", "time": "06:27:28", "tweet": "Restock TESLA INVADER  SS only 400K . . .  Untuk order atau tanya stock barang ready dan pre…  https://t.co/BEv4mxr2ws", "likes_count": 0, "replies_count": 0, "retweets_count": 0, "hashtags": []}
{"id": 812207906359771136, "date": "2016-12-23", "time": "03:07:09", "tweet": "The Tesla Motors Inc. (TSLA) Stock Rating Upgrade by the Vetr Inc  https://t.co/34V2diPuYj", "likes_count": 0, "replies_count": 0, "retweets_count": 0, "hashtags": []}
{"id": 812156831674068992, "date": "2016-12-22", "time": "23:44:12", "tweet": "Watch and then buy Tesla $TSLA stock...  https://t.co/cSiSC5kNX7", "likes_count": 0, "replies_count": 0, "retweets_count": 0, "hashtags": []}
{"id": 812109246019969024, "date": "2016-12-22", "time": "20:35:07", "tweet": "@elonmusk I recently made a Tesla 3 reservation. I made the $1,000 with TSLA stock! Maybe I can make the payments the same way?  https://t.co/Wg2VzLGWBZ", "likes_count": 0, "replies_count": 0, "retweets_count": 0, "hashtags": []}
{"id": 812092571010957312, "date": "2016-12-22", "time": "19:28:51", "tweet": "@elonmusk Tesla stock cards selling well at @SaveMart @HEB! Would be great to sell them @TeslaMotors stores!  https://t.co/DLEUqJxQoG  https://t.co/2s7khpNU1e", "likes_count": 5, "replies_count": 0, "retweets_count": 5, "hashtags": []}
{"id": 812063458552381442, "date": "2016-12-22", "time": "17:33:10", "tweet": "@elonmusk just read the Ashlee Vance book bio. Inspirational stuff!! Buying some Tesla stock today!", "likes_count": 0, "replies_count": 0, "retweets_count": 0, "hashtags": []}
{"id": 812060901578772480, "date": "2016-12-22", "time": "17:23:00", "tweet": "\"Tesla's stock has been rallying, but there’s no clear reason why\"  https://t.co/kNgUOfeklm Remarkable product, pent up demand, prod capacity", "likes_count": 0, "replies_count": 0, "retweets_count": 0, "hashtags": []}
{"id": 812051145124446208, "date": "2016-12-22", "time": "16:44:14", "tweet": "Wireless Charging For Tesla Model S Now Being Delivered By Plugless – Gallery and Video Of Process  https://t.co/z2UBwIBtUx", "likes_count": 1, "replies_count": 0, "retweets_count": 0, "hashtags": []}
{"id": 812025969141760003, "date": "2016-12-22", "time": "15:04:12", "tweet": "Tesla Autopilot Now Adheres To Speed Limits  https://t.co/H6W6xD0cQt", "likes_count": 0, "replies_count": 0, "retweets_count": 0, "hashtags": []}
{"id": 812024996457549824, "date": "2016-12-22", "time": "15:00:20", "tweet": "Tesla Motors Stock RSI  https://t.co/JQYzKEUKmE", "likes_count": 0, "replies_count": 0, "retweets_count": 0, "hashtags": []}
{"id": 812017921660780545, "date": "2016-12-22", "time": "14:32:13", "tweet": "Let Everyone Else Worry About Tesla Motors Inc Stock  https://t.co/Un0nEMiDbz      $TSLA @teslamotors @elonmusk", "likes_count": 0, "replies_count": 0, "retweets_count": 0, "hashtags": []}
{"id": 812012734283968512, "date": "2016-12-22", "time": "14:11:36", "tweet": "Forget Tesla: Incredible images reveal the quirky electric cars of old that paved the way for Elon Musk - Daily Ma…  https://t.co/tmUnEmPTFo", "likes_count": 0, "replies_count": 0, "retweets_count": 0, "hashtags": []}
{"id": 811998074381991936, "date": "2016-12-22", "time": "13:13:21", "tweet": "Let Everyone Else Worry About Tesla Motors Inc (TSLA) Stock  https://t.co/Xs3d4nfRJo", "likes_count": 0, "replies_count": 0, "retweets_count": 0, "hashtags": []}
{"id": 811995780177428480, "date": "2016-12-22", "time": "13:04:14", "tweet": "Tesla Releases 2017 Supercharger Expansion Maps  https://t.co/XZA34udsk9", "likes_count": 0, "replies_count": 0, "retweets_count": 0, "hashtags": []}
{"id": 811992725365149696, "date": "2016-12-22", "time": "12:52:06", "tweet": "Analyst consensus Opinions: TESLA MOTORS, INC. (TSLA) Stock receives mean rating of “ Hold ”  https://t.co/wn3piQwoEY", "likes_count": 0, "replies_count": 0, "retweets_count": 0, "hashtags": []}
{"id": 811987178553217024, "date": "2016-12-22", "time": "12:30:04", "tweet": "$TSLA current stock price: $208.04. #Tesla #TeslaStock @TeslaratiApp #bot  https://t.co/fy9sTYh6Kt", "likes_count": 2, "replies_count": 0, "retweets_count": 0, "hashtags": ["tesla", "teslastock", "bot"]}
{"id": 811973593236127744, "date": "2016-12-22", "time": "11:36:05", "tweet": "Let Everyone Else Worry About Tesla Motors Inc (TSLA) Stock -  https://t.co/PodMDPJk39  https://t.co/MgKnzfVIyd", "likes_count": 0, "replies_count": 0, "retweets_count": 1, "hashtags": []}
{"id": 811969432658419712, "date": "2016-12-22", "time": "11:19:33", "tweet": "Tesla Motors Inc: Why TSLA Stock Has Become A Short Seller's Favorite Holding  https://t.co/cjzhyDox57", "likes_count": 0, "replies_count": 0, "retweets_count": 0, "hashtags": []}
{"id": 811965856813092868, "date": "2016-12-22", "time": "11:05:20", "tweet": "Some 850 Full-Time Tesla Employees Work At Massive Gigfactory, But Still Lagging Earlier Projections  https://t.co/nhjtj1JLeR", "likes_count": 0, "replies_count": 0, "retweets_count": 0, "hashtags": []}
{"id": 811965338527133696, "date": "2016-12-22", "time": "11:03:16", "tweet": "Stock to Watch: JetBlue Airways Corporation (NASDAQ:JBLU), Tesla Motors, Inc. (NASDAQ:TSLA)  https://t.co/pzZ6Z5mQZM", "likes_count": 0, "replies_count": 0, "retweets_count": 0, "hashtags": []}
{"id": 811965334886481920, "date": "2016-12-22", "time": "11:03:16", "tweet": "Let Everyone Else Worry About Tesla Motors Inc (TSLA) Stock  https://t.co/wq2twfNqEy", "likes_count": 0, "replies_count": 0, "retweets_count": 0, "hashtags": []}
{"id": 811965332587941888, "date": "2016-12-22", "time": "11:03:15", "tweet": "Tesla Motors Inc: Why TSLA Stock Has Become A Short Seller's Favorite Holding  https://t.co/njTeuYKIc1", "likes_count": 0, "replies_count": 1, "retweets_count": 0, "hashtags": []}
{"id": 811964568847032321, "date": "2016-12-22", "time": "11:00:13", "tweet": "Stock to Watch: JetBlue Airways Corporation (NASDAQ:JBLU), &lt;b&gt;Tesla Motors&lt;/b&gt;, Inc. (NASDAQ:TSLA) #teslamotors  https://t.co/aA53ZTPORf", "likes_count": 0, "replies_count": 0, "retweets_count": 0, "hashtags": ["teslamotors"]}
{"id": 811955809718587392, "date": "2016-12-22", "time": "10:25:25", "tweet": "Let Everyone Else Worry About Tesla Motors Inc (TSLA) Stock -  https://t.co/jDCC3x1X4T  https://t.co/lZWrlXCS6K #news #feedly #teslasharing", "likes_count": 0, "replies_count": 0, "retweets_count": 0, "hashtags": ["news", "feedly", "teslasharing"]}
{"id": 811947082252746752, "date": "2016-12-22", "time": "09:50:44", "tweet": "Let Everyone Else Worry About Tesla Stock $TSLA  https://t.co/RMBvF6j7dy  https://t.co/1CtFixdILo", "likes_count": 0, "replies_count": 0, "retweets_count": 0, "hashtags": []}
{"id": 811941998575894528, "date": "2016-12-22", "time": "09:30:32", "tweet": "Tesla Motors Inc: Why TSLA Stock Has Become A Short Seller's Favorite Holding - BNL Finance (press release) (registration) (blog) …", "likes_count": 0, "replies_count": 0, "retweets_count": 0, "hashtags": []}
{"id": 811940311878500353, "date": "2016-12-22", "time": "09:23:50", "tweet": "Tesla Motors Inc: Why TSLA Stock Has Become A Short Seller’s Favorite Holding  https://t.co/8cfbTgMUFO  https://t.co/IPXhgjZGa5", "likes_count": 0, "replies_count": 0, "retweets_count": 0, "hashtags": []}
{"id": 811933573330698240, "date": "2016-12-22", "time": "08:57:03", "tweet": "Stock Fever: Where are Tesla Motors, Inc. (NASDAQ:TSLA) Shares Headed?  https://t.co/3jDc2e2uZT", "likes_count": 0, "replies_count": 0, "retweets_count": 0, "hashtags": []}
{"id": 811927253403701248, "date": "2016-12-22", "time": "08:31:56", "tweet": "Tesla’s stock has been rallying, but there’s no clear reason why (TSLA)  https://t.co/A5o2XEXxUt  https://t.co/eiw0Kt3qWp", "likes_count": 0, "replies_count": 0, "retweets_count": 0, "hashtags": []}
{"id": 811925460909223936, "date": "2016-12-22", "time": "08:24:49", "tweet": "@RoxyRng @JSBTC For the argument here that is of no consequence. Edison and Tesla were both of European stock.", "likes_count": 0, "replies_count": 0, "retweets_count": 0, "hashtags": []}
{"id": 811924251867578368, "date": "2016-12-22", "time": "08:20:01", "tweet": "Tesla Gigafactory Update and Drone Footage For December – video  https://t.co/pVKO0U6ct9", "likes_count": 0, "replies_count": 0, "retweets_count": 0, "hashtags": []}
{"id": 811913566358032384, "date": "2016-12-22", "time": "07:37:33", "tweet": "Tesla's stock has been rallying, but there’s no clear reason why (TSLA)  https://t.co/e9SHepWJw5 #finance #feedly", "likes_count": 0, "replies_count": 0, "retweets_count": 0, "hashtags": ["finance", "feedly"]}
{"id": 811912523612037120, "date": "2016-12-22", "time": "07:33:24", "tweet": "Tesla's stock has been rallying, but there’s no clear reason why    https://t.co/DxJNPxLyNy  https://t.co/P9pmaKVQEV", "likes_count": 0, "replies_count": 0, "retweets_count": 0, "hashtags": []}
{"id": 811890760194920450, "date": "2016-12-22", "time": "06:06:56", "tweet": "Tesla's stock has been rallying, but there’s no clear reason why (TSLA)  https://t.co/DCqbQm9Xbv", "likes_count": 1, "replies_count": 0, "retweets_count": 0, "hashtags": []}
{"id": 811875616421244928, "date": "2016-12-22", "time": "05:06:45", "tweet": "Tesla's stock has been rallying, but there’s no clear reas.. -  https://t.co/lVHDcOw9hB via @_feedspot", "likes_count": 0, "replies_count": 0, "retweets_count": 0, "hashtags": []}
{"id": 811875547567583232, "date": "2016-12-22", "time": "05:06:29", "tweet": "Forget Tesla: Incredible images reveal the quirky electric cars of old that paved the way for Elon Musk - Daily Ma…  https://t.co/Oez0pIFMZh", "likes_count": 0, "replies_count": 0, "retweets_count": 0, "hashtags": []}
{"id": 811842772240056320, "date": "2016-12-22", "time": "02:56:14", "tweet": "Tesla rolls its electric cars into Waterside Shops in North Naples - Naples Daily News  https://t.co/fkp7JIKXG3", "likes_count": 0, "replies_count": 0, "retweets_count": 0, "hashtags": []}
