{"id": 815340699172401156, "date": "2016-12-31", "time": "18:35:45", "tweet": "Tesla's Stock Starts 2017 At A Critical Juncture  https://t.co/VbShGGJoDK", "likes_count": 0, "replies_count": 0, "retweets_count": 0, "hashtags": []}
{"id": 815339016576864256, "date": "2016-12-31", "time": "18:29:04", "tweet": "Tesla's Stock Starts 2017 At A Critical Juncture - Forbes  https://t.co/ygBiTvMEkW", "likes_count": 0, "replies_count": 0, "retweets_count": 0, "hashtags": []}
{"id": 815328705731907584, "date": "2016-12-31", "time": "17:48:06", "tweet": "Tesla's Stock Starts 2017 At A Critical Juncture - Forbes  https://t.co/8h7jFoiu0q", "likes_count": 0, "replies_count": 0, "retweets_count": 0, "hashtags": []}
{"id": 815327694019624960, "date": "2016-12-31", "time": "17:44:04", "tweet": "Tesla's Stock Starts 2017 At A Critical Juncture - Forbes  https://t.co/L05BpjeKJu", "likes_count": 0, "replies_count": 0, "retweets_count": 0, "hashtags": []}
{"id": 815327452801155072, "date": "2016-12-31", "time": "17:43:07", "tweet": "Tesla's Stock Starts 2017 At A Critical Juncture - Forbes", "likes_count": 0, "replies_count": 0, "retweets_count": 0, "hashtags": []}
{"id": 815326686216601600, "date": "2016-12-31", "time": "17:40:04", "tweet": "Tesla’s Stock Starts 2017 At A Critical Juncture – Forbes  https://t.co/0l8AowKaw0", "likes_count": 0, "replies_count": 0, "retweets_count": 0, "hashtags": []}
{"id": 815326512937201664, "date": "2016-12-31", "time": "17:39:23", "tweet": "Jim Cramer: Tesla Is Not a Stock, It's a Cult  https://t.co/m6mIvxKeKq via @TheStreet", "likes_count": 2, "replies_count": 0, "retweets_count": 2, "hashtags": []}
{"id": 815325922685550592, "date": "2016-12-31", "time": "17:37:02", "tweet": "Tesla’s Stock Starts 2017 At A Critical Juncture – Forbes  https://t.co/ekU4iiecS5", "likes_count": 0, "replies_count": 0, "retweets_count": 0, "hashtags": []}
{"id": 815325799637094400, "date": "2016-12-31", "time": "17:36:33", "tweet": "Tesla's Stock Starts 2017 At A Critical Juncture - Forbes  https://t.co/EsShguIx6b", "likes_count": 0, "replies_count": 0, "retweets_count": 0, "hashtags": []}
{"id": 815325798236233728, "date": "2016-12-31", "time": "17:36:32", "tweet": "Tesla's Stock Starts 2017 At A Critical Juncture - Forbes  https://t.co/AxEOrBLGTa", "likes_count": 0, "replies_count": 0, "retweets_count": 0, "hashtags": []}
{"id": 815324388665028608, "date": "2016-12-31", "time": "17:30:56", "tweet": "Tesla's Stock Starts 2017 At A Critical Juncture - Forbes  https://t.co/WGddAIxijq", "likes_count": 0, "replies_count": 0, "retweets_count": 0, "hashtags": []}
{"id": 815324184549027840, "date": "2016-12-31", "time": "17:30:08", "tweet": "Tesla's Stock Starts 2017 At A Critical Juncture - Forbes  https://t.co/pcckVzrpDe  https://t.co/l5RFllbA2o", "likes_count": 0, "replies_count": 0, "retweets_count": 0, "hashtags": []}
{"id": 815315610200576000, "date": "2016-12-31", "time": "16:56:03", "tweet": "Tesla's Stock Starts 2017 At A Critical Juncture  https://t.co/tWmji8ZkVP", "likes_count": 0, "replies_count": 0, "retweets_count": 0, "hashtags": []}
{"id": 815315607818268672, "date": "2016-12-31", "time": "16:56:03", "tweet": "Stock Monitor: Tesla Motors, Inc. (NASDAQ:TSLA) Stock in Focus  https://t.co/7fGkg1oXc8", "likes_count": 0, "replies_count": 0, "retweets_count": 0, "hashtags": []}
{"id": 815303154128461824, "date": "2016-12-31", "time": "16:06:34", "tweet": "Tesla's Stock Starts 2017 At A Critical Juncture  https://t.co/pEWYerRC8v", "likes_count": 0, "replies_count": 0, "retweets_count": 0, "hashtags": []}
{"id": 815293969009610753, "date": "2016-12-31", "time": "15:30:04", "tweet": "Tesla's Stock Starts 2017 At A Critical Juncture #tech ☄ ⛱ $v #ℑnnovate  https://t.co/BxC4swlajW", "likes_count": 0, "replies_count": 0, "retweets_count": 0, "hashtags": ["tech", "ℑnnovate"]}
{"id": 815289677838254080, "date": "2016-12-31", "time": "15:13:01", "tweet": "Tesla (TSLA) is the top 2017 stock pick, says Baird-energy storage is not priced the and Model 3 exceed expectations  https://t.co/YSP3xIDQlu", "likes_count": 1, "replies_count": 0, "retweets_count": 0, "hashtags": []}
{"id": 815271096995807232, "date": "2016-12-31", "time": "13:59:11", "tweet": "Tesla's Stock Starts 2017 At A Critical Juncture  https://t.co/eLZl7uxJZv #Forbes $AAPL  https://t.co/6RlWokcLDT", "likes_count": 0, "replies_count": 0, "retweets_count": 1, "hashtags": ["forbes"]}
{"id": 815270460531339264, "date": "2016-12-31", "time": "13:56:39", "tweet": "( https://t.co/eOsQVakj6c):#Tesla's #Stock Starts 2017 At A Critical Juncture : Tesla’s stock going..  https://t.co/sbRxBmEVvF  https://t.co/mrSrqpQg6O", "likes_count": 0, "replies_count": 0, "retweets_count": 0, "hashtags": ["tesla", "stock"]}
{"id": 815270229173485568, "date": "2016-12-31", "time": "13:55:44", "tweet": "Tesla's Stock Starts 2017 At A Critical Juncture -  https://t.co/yablolGUIT", "likes_count": 0, "replies_count": 0, "retweets_count": 0, "hashtags": []}
{"id": 815268469079998464, "date": "2016-12-31", "time": "13:48:44", "tweet": "Tesla’s Stock Starts 2017 At A Critical Juncture  https://t.co/5xLeZYkYfW", "likes_count": 0, "replies_count": 0, "retweets_count": 0, "hashtags": []}
{"id": 815267836717252608, "date": "2016-12-31", "time": "13:46:13", "tweet": "Tesla's Stock Starts 2017 At A Critical Juncture  https://t.co/8ozBP7mnCb", "likes_count": 0, "replies_count": 0, "retweets_count": 0, "hashtags": []}
{"id": 815267589903581185, "date": "2016-12-31", "time": "13:45:15", "tweet": "Tesla's Stock Starts 2017 At A Critical Juncture  https://t.co/5yZKOZMJCf", "likes_count": 0, "replies_count": 0, "retweets_count": 0, "hashtags": []}
{"id": 815267588716498944, "date": "2016-12-31", "time": "13:45:14", "tweet": "Tesla's Stock Starts 2017 At A Critical Juncture  https://t.co/hZ16sKvlMb", "likes_count": 0, "replies_count": 0, "retweets_count": 0, "hashtags": []}
{"id": 815267322705379329, "date": "2016-12-31", "time": "13:44:11", "tweet": "Tesla's Stock Starts 2017 At A Critical Juncture  https://t.co/d9Z1idgbEP  https://t.co/HFir66UDkZ", "likes_count": 0, "replies_count": 0, "retweets_count": 0, "hashtags": []}
{"id": 815266893758140420, "date": "2016-12-31", "time": "13:42:29", "tweet": "Tesla's Stock Starts 2017 At A Critical Juncture: Tesla’s stock going…  https://t.co/7iaDfCVOAD #TechPro #DevPro", "likes_count": 0, "replies_count": 0, "retweets_count": 0, "hashtags": ["techpro", "devpro"]}
{"id": 815266848786649090, "date": "2016-12-31", "time": "13:42:18", "tweet": "Tesla Stock is Down Over 10% This Year, But it’s a Top Pick For 2017 (TSLA)  https://t.co/yDnjUmZVVL  https://t.co/WRZOi1pIWw", "likes_count": 0, "replies_count": 0, "retweets_count": 0, "hashtags": []}
{"id": 815266427993198593, "date": "2016-12-31", "time": "13:40:38", "tweet": "Tesla's Stock Starts 2017 At A Critical Juncture  https://t.co/xNvIsfYvLY", "likes_count": 0, "replies_count": 0, "retweets_count": 0, "hashtags": []}
{"id": 815266143367741440, "date": "2016-12-31", "time": "13:39:30", "tweet": "Tesla's Stock Starts 2017 At A Critical Juncture  https://t.co/vvXVjiKotP", "likes_count": 0, "replies_count": 0, "retweets_count": 0, "hashtags": []}
{"id": 815265788898615296, "date": "2016-12-31", "time": "13:38:05", "tweet": "Tesla's Stock Starts 2017 At A Critical Juncture: Tesla’s stock going higher is dependent on the Model 3 and the…  https://t.co/GTYciSUFdn", "likes_count": 0, "replies_count": 0, "retweets_count": 0, "hashtags": []}
{"id": 815265290296512512, "date": "2016-12-31", "time": "13:36:06", "tweet": "Tesla's Stock Starts 2017 At A Critical Juncture  https://t.co/6dQlOsYnrI", "likes_count": 0, "replies_count": 0, "retweets_count": 0, "hashtags": []}
{"id": 815265248986939393, "date": "2016-12-31", "time": "13:35:56", "tweet": "Tesla's Stock Starts 2017 At A Critical Juncture - Tesla’s stock going higher is dependent on the Model 3 and t...  https://t.co/6QuLhXh9eb", "likes_count": 0, "replies_count": 0, "retweets_count": 0, "hashtags": []}
{"id": 815265070498254848, "date": "2016-12-31", "time": "13:35:14", "tweet": "Tesla's Stock Starts 2017 At A Critical Juncture  https://t.co/MuVP8ArkX4  https://t.co/sCnf4oOZ6E", "likes_count": 0, "replies_count": 0, "retweets_count": 0, "hashtags": []}
{"id": 815265062952652800, "date": "2016-12-31", "time": "13:35:12", "tweet": "Tesla's Stock Starts 2017 At A Critical Juncture  https://t.co/ToLcNQwjSR", "likes_count": 0, "replies_count": 0, "retweets_count": 0, "hashtags": []}
{"id": 815265054278840320, "date": "2016-12-31", "time": "13:35:10", "tweet": "Tesla's Stock Starts 2017 At A Critical Juncture  https://t.co/0aasjvGEKH", "likes_count": 0, "replies_count": 0, "retweets_count": 0, "hashtags": []}
{"id": 815265050373996545, "date": "2016-12-31", "time": "13:35:09", "tweet": "Tesla's Stock Starts 2017 At A Critical Juncture  https://t.co/3X7xYwOoAx  #tech #technology", "likes_count": 1, "replies_count": 0, "retweets_count": 0, "hashtags": ["tech", "technology"]}
{"id": 815265048301969408, "date": "2016-12-31", "time": "13:35:09", "tweet": "Tesla's Stock Starts 2017 At A Critical Juncture  https://t.co/YauCYd27Si", "likes_count": 0, "replies_count": 0, "retweets_count": 0, "hashtags": []}
{"id": 815264791413465088, "date": "2016-12-31", "time": "13:34:07", "tweet": "Tesla's Stock Starts 2017 At A Critical Juncture  https://t.co/pdOiHkhuV1", "likes_count": 0, "replies_count": 0, "retweets_count": 0, "hashtags": []}
{"id": 815264438932611072, "date": "2016-12-31", "time": "13:32:43", "tweet": "Tesla's Stock Starts 2017 At A Critical Juncture  https://t.co/3GuzenEmvS", "likes_count": 0, "replies_count": 0, "retweets_count": 0, "hashtags": []}
{"id": 815264229490098180, "date": "2016-12-31", "time": "13:31:53", "tweet": " https://t.co/YHnz15BfFT Tesla's Stock Starts 2017 At A Critical Juncture via @YahooFinance $TSLA", "likes_count": 0, "replies_count": 0, "retweets_count": 0, "hashtags": []}
