{"id": 855932203397562368, "date": "2017-04-22", "time": "19:51:54", "tweet": "$TSLA How to profit from Tesla's stock -- whether it goes up or down  https://t.co/BXETcUrMbO  https://t.co/j1Cq1OziuE", "likes_count": 0, "replies_count": 0, "retweets_count": 0, "hashtags": []}
{"id": 855930414061506560, "date": "2017-04-22", "time": "19:44:47", "tweet": "Musk is getting this close to unlocking $1.5 billion in Tesla stock options  https://t.co/yuYCZj3AgB via @svbizjournal", "likes_count": 0, "replies_count": 0, "retweets_count": 0, "hashtags": []}
{"id": 855930412044079104, "date": "2017-04-22", "time": "19:44:47", "tweet": "Tesla CEO Elon Musk's 10 goals in 10 years: How close is he to unlocking $1.5 billion in stock options? - Silicon...  https://t.co/KxNpkirwHm", "likes_count": 0, "replies_count": 0, "retweets_count": 0, "hashtags": []}
{"id": 855874198178217984, "date": "2017-04-22", "time": "16:01:24", "tweet": "If I could afford it, I would dump $20,000 into Tesla, Inc. stock.", "likes_count": 1, "replies_count": 0, "retweets_count": 0, "hashtags": []}
{"id": 855849186415304707, "date": "2017-04-22", "time": "14:22:01", "tweet": "How Semi Trucks Will Push Tesla Stock Even Higher  https://t.co/Pu5X86do9e #tesla  https://t.co/BVOuSw0SKT", "likes_count": 0, "replies_count": 0, "retweets_count": 0, "hashtags": ["tesla"]}
{"id": 855835425516212224, "date": "2017-04-22", "time": "13:27:20", "tweet": "Tesla Gigafactory A Future Tourist Trap?  https://t.co/N3kpIE9TuT", "likes_count": 0, "replies_count": 0, "retweets_count": 0, "hashtags": []}
{"id": 855820027643273216, "date": "2017-04-22", "time": "12:26:09", "tweet": "How Semi Trucks Will Push Tesla Stock Even Higher  https://t.co/wuzqENNLwn #tesla  https://t.co/FzafNwYdw1", "likes_count": 0, "replies_count": 0, "retweets_count": 0, "hashtags": ["tesla"]}
{"id": 855819158390546434, "date": "2017-04-22", "time": "12:22:42", "tweet": "Tesla Inc (TSLA) Stock Little Affected By Parking Brake Recall  https://t.co/Df3BmV6NM8", "likes_count": 0, "replies_count": 0, "retweets_count": 0, "hashtags": []}
{"id": 855817401467850752, "date": "2017-04-22", "time": "12:15:43", "tweet": "Tesla Proves, Once Again, That It Is A Must-Own Stock - Tesla (Shutterstock photo) Some stocks, it seems, are j...  https://t.co/r2TyyVqfVR", "likes_count": 0, "replies_count": 0, "retweets_count": 0, "hashtags": []}
{"id": 855815983524700161, "date": "2017-04-22", "time": "12:10:05", "tweet": "How Semi Trucks Will Push Tesla Stock Even Higher  https://t.co/D8ma2mfFvk #tesla  https://t.co/ZRzwuI5CbH", "likes_count": 0, "replies_count": 0, "retweets_count": 0, "hashtags": ["tesla"]}
{"id": 855813600992264193, "date": "2017-04-22", "time": "12:00:37", "tweet": "Gas Stations Gone Sooner Than You Think: Tesla 3, Chevy Bolt drive new charging stations- who'll stock the junk food!", "likes_count": 0, "replies_count": 0, "retweets_count": 0, "hashtags": []}
{"id": 855813288084557826, "date": "2017-04-22", "time": "11:59:22", "tweet": "How Semi Trucks Will Push Tesla #Stock Even Higher -  https://t.co/yZWr08AfRV - #AlternativeEnergy #News #TeslaStock #TSLA  https://t.co/vSWJ1qZvRF", "likes_count": 0, "replies_count": 0, "retweets_count": 0, "hashtags": ["stock", "alternativeenergy", "news", "teslastock", "tsla"]}
{"id": 855813234791768065, "date": "2017-04-22", "time": "11:59:10", "tweet": "Tesla Proves, Once Again, That It Is A Must-Own Stock  https://t.co/q03Sg52VHF", "likes_count": 0, "replies_count": 0, "retweets_count": 0, "hashtags": []}
{"id": 855805044544995333, "date": "2017-04-22", "time": "11:26:37", "tweet": "Tesla Inc (TSLA) to Hold Annual Stock Holder Meeting on June 6  https://t.co/Zs9ekEF8Hc", "likes_count": 0, "replies_count": 0, "retweets_count": 0, "hashtags": []}
{"id": 855802522874728448, "date": "2017-04-22", "time": "11:16:36", "tweet": "Tesla Seeking $1.15 Billion From Stock And Debt Sale Ahead Of Model 3 Launch  https://t.co/j7thOs1Y2w  https://t.co/09C4Y588Lq", "likes_count": 0, "replies_count": 0, "retweets_count": 0, "hashtags": []}
{"id": 855759847077400576, "date": "2017-04-22", "time": "08:27:01", "tweet": "How Semi Trucks Will Push Tesla Stock Even Higher  https://t.co/XO7RiNJcpu #tesla  https://t.co/F7FWnpSgPj", "likes_count": 0, "replies_count": 0, "retweets_count": 0, "hashtags": ["tesla"]}
{"id": 855754855650078721, "date": "2017-04-22", "time": "08:07:11", "tweet": "Tesla Model S P100D Ludicrous Launch Reaction Compilation Video  https://t.co/a0tTp4SmpZ", "likes_count": 0, "replies_count": 0, "retweets_count": 1, "hashtags": []}
{"id": 855753141001781248, "date": "2017-04-22", "time": "08:00:22", "tweet": "How Semi Trucks Will Push Tesla Stock Even Higher  https://t.co/oRbd6ZddpR", "likes_count": 0, "replies_count": 0, "retweets_count": 0, "hashtags": []}
{"id": 855747018190454785, "date": "2017-04-22", "time": "07:36:02", "tweet": "How Semi Trucks Will Push Tesla Stock Even Higher  https://t.co/PV4yXGHtG9 #tesla  https://t.co/PBOgHFHWgc", "likes_count": 0, "replies_count": 0, "retweets_count": 0, "hashtags": ["tesla"]}
{"id": 855741037570138112, "date": "2017-04-22", "time": "07:12:16", "tweet": "Panasonic, Tesla’s Battery Partner, May Have Upcoming EV Battery Breakthroughs  https://t.co/7H1DuRtV6r", "likes_count": 1, "replies_count": 0, "retweets_count": 0, "hashtags": []}
