{"id": 866072275526836224, "date": "2017-05-20", "time": "19:24:55", "tweet": "@PaulBethel1 @PaulBethel1 Lithium is where you want to be.  Get some Tesla stock.", "likes_count": 1, "replies_count": 1, "retweets_count": 0, "hashtags": []}
{"id": 866044209912061952, "date": "2017-05-20", "time": "17:33:24", "tweet": "Buying Tesla stock is like buying a call option on Elon Musk - Business Insider  https://t.co/vPrGQExIHQ", "likes_count": 0, "replies_count": 0, "retweets_count": 0, "hashtags": []}
{"id": 866016053566074881, "date": "2017-05-20", "time": "15:41:31", "tweet": "A deep dive into the granular details and specifics of Tesla's stock by Business Insider.   https://t.co/nJnDFkWuzp", "likes_count": 0, "replies_count": 0, "retweets_count": 0, "hashtags": []}
{"id": 865977274113417217, "date": "2017-05-20", "time": "13:07:25", "tweet": "Why Tesla Needs A New Model S  https://t.co/d2hbgry8mR", "likes_count": 0, "replies_count": 0, "retweets_count": 0, "hashtags": []}
{"id": 865970164319125504, "date": "2017-05-20", "time": "12:39:10", "tweet": "#StockSplit ― TSLA Stock: Will There Be a Tesla Stock Split in 2017?  https://t.co/Hktsdh1sDA via →  https://t.co/U5xCBHFNAP  https://t.co/gItOtKXuFe", "likes_count": 0, "replies_count": 0, "retweets_count": 0, "hashtags": ["stocksplit"]}
{"id": 865970164122009601, "date": "2017-05-20", "time": "12:39:10", "tweet": "#StockSplit ― TSLA Stock: Will There Be a Tesla Stock Split in 2017?  https://t.co/gZMMvO08PB via →  https://t.co/90qPNfIaJd  https://t.co/nFgcRUNhdJ", "likes_count": 0, "replies_count": 0, "retweets_count": 0, "hashtags": ["stocksplit"]}
{"id": 865950009597976576, "date": "2017-05-20", "time": "11:19:05", "tweet": "Tesla Inc. $TSLA Stock Live Analysis 05-01-2017 #stockmarket   https://t.co/sDylnupmTt", "likes_count": 0, "replies_count": 0, "retweets_count": 0, "hashtags": ["stockmarket"]}
{"id": 865949227477856256, "date": "2017-05-20", "time": "11:15:59", "tweet": "@epodrulz that's like me telling my parents to buy Tesla stock when it was 30$ a share😂😂😂 they just don't listen.", "likes_count": 0, "replies_count": 1, "retweets_count": 0, "hashtags": []}
{"id": 865947082510802947, "date": "2017-05-20", "time": "11:07:27", "tweet": "In Emergency, Here’s How To Manually Open Tesla Model X Falcon Wing Door  https://t.co/CasFPMO6LW", "likes_count": 0, "replies_count": 0, "retweets_count": 0, "hashtags": []}
{"id": 865942014898077697, "date": "2017-05-20", "time": "10:47:19", "tweet": "New Tesla Referral Program: Unlimited Supercharging, Sept 29th Tesla Semi Reveal Invite  https://t.co/tDr8jetmAj", "likes_count": 0, "replies_count": 0, "retweets_count": 0, "hashtags": []}
{"id": 865934416685789184, "date": "2017-05-20", "time": "10:17:07", "tweet": "Tesla Returns Lifetime Unlimited Charging To Current Owners  https://t.co/ijjOM3sFvn", "likes_count": 0, "replies_count": 0, "retweets_count": 0, "hashtags": []}
{"id": 865930756031369216, "date": "2017-05-20", "time": "10:02:35", "tweet": "Tesla CTO Linked To Advanced Recycling Company  https://t.co/FntRRqIFnN", "likes_count": 0, "replies_count": 0, "retweets_count": 0, "hashtags": []}
{"id": 865922166453293056, "date": "2017-05-20", "time": "09:28:27", "tweet": "Retweeted Stock Trade Alerts (@AlertTrade):  Tesla: UBS Thinks A Well Equipped Model 3 Can Break Even $GM $TSLA...  https://t.co/PCUROAlTL6", "likes_count": 1, "replies_count": 0, "retweets_count": 0, "hashtags": []}
{"id": 865922065819471873, "date": "2017-05-20", "time": "09:28:03", "tweet": "@Forbes Cost of this roof relative to what @elonmusk said it would b is equivalent to @TeslaMotors stock price relative to the actual value of Tesla", "likes_count": 1, "replies_count": 0, "retweets_count": 0, "hashtags": []}
{"id": 865914796796805120, "date": "2017-05-20", "time": "08:59:10", "tweet": "Tesla Inc. $TSLA Stock Live Analysis 05-01-2017 #stockmarket  https://t.co/Is9y6awAo5  https://t.co/97qSUYguik", "likes_count": 0, "replies_count": 0, "retweets_count": 0, "hashtags": ["stockmarket"]}
{"id": 865901718856454145, "date": "2017-05-20", "time": "08:07:12", "tweet": "Report Claims Tesla Employees Are Getting Injured, Passing Out  https://t.co/oMeVKkCJxz", "likes_count": 0, "replies_count": 0, "retweets_count": 0, "hashtags": []}
{"id": 865889230467280897, "date": "2017-05-20", "time": "07:17:34", "tweet": "Tesla Vehicles May Hold Value Resale Better Than Gas Cars  https://t.co/RJ2ZgxNuGt", "likes_count": 0, "replies_count": 0, "retweets_count": 0, "hashtags": []}
{"id": 865848667613343746, "date": "2017-05-20", "time": "04:36:23", "tweet": "Buying Tesla stock is like buying a call option on Elon Musk  https://t.co/zdDBXmar06", "likes_count": 0, "replies_count": 0, "retweets_count": 0, "hashtags": []}
{"id": 865836402029801472, "date": "2017-05-20", "time": "03:47:39", "tweet": "Tesla stock could be worth ‘multiples’ of $50 billion valuation by 2020  https://t.co/NIojiibeBd  https://t.co/UMmBolsIIF", "likes_count": 0, "replies_count": 0, "retweets_count": 0, "hashtags": []}
{"id": 865824469016825856, "date": "2017-05-20", "time": "03:00:14", "tweet": "Tesla stock could be worth ‘multiples’ of $50 billion valuation by 2020 -CNBC  https://t.co/i92a8WSrlA", "likes_count": 1, "replies_count": 0, "retweets_count": 0, "hashtags": []}
