{"id": 838128607084044289, "date": "2017-03-04", "time": "15:46:46", "tweet": "Tesla stock is slipping in price today after Goldman Sachs turned negative on the stock and downgraded its shares to sell from neutral", "likes_count": 0, "replies_count": 0, "retweets_count": 0, "hashtags": []}
{"id": 838121211309731840, "date": "2017-03-04", "time": "15:17:22", "tweet": "Reactions From 10-Year Old Girl Who Rose To Fame After Tweet From Tesla CEO Elon Musk  https://t.co/9cJtZyRCri", "likes_count": 0, "replies_count": 0, "retweets_count": 0, "hashtags": []}
{"id": 838115907872436230, "date": "2017-03-04", "time": "14:56:18", "tweet": "Have Tesla Model S and Model X electric-car sales plateaued? - Yahoo News  https://t.co/RDaA0zXb1C", "likes_count": 0, "replies_count": 0, "retweets_count": 0, "hashtags": []}
{"id": 838108359417032704, "date": "2017-03-04", "time": "14:26:18", "tweet": "Snap. Crackle. POP: Lessons learned during the Snap IPO  -  https://t.co/5i7juTvV60 #snap #business #stock #nyse", "likes_count": 0, "replies_count": 0, "retweets_count": 1, "hashtags": ["snap", "business", "stock", "nyse"]}
{"id": 838098195565711361, "date": "2017-03-04", "time": "13:45:55", "tweet": "I added a video to a @YouTube playlist  https://t.co/B4TVhHtEv3 What a Roller Coaster (Tesla Stock Price and My Energy Levels)", "likes_count": 0, "replies_count": 0, "retweets_count": 0, "hashtags": []}
{"id": 838092186470203392, "date": "2017-03-04", "time": "13:22:02", "tweet": "Tesla Powerpack &amp; Craft Beer Come Together At Sierra Nevada Brewing Company  https://t.co/MIDLREp6QN", "likes_count": 0, "replies_count": 0, "retweets_count": 0, "hashtags": []}
{"id": 838091931427172355, "date": "2017-03-04", "time": "13:21:02", "tweet": "Why Tesla's $2B Stock Buy-Back Won't Solve Its Problems  https://t.co/T6ykH7zHLt  https://t.co/h7LG5EVN2s", "likes_count": 0, "replies_count": 0, "retweets_count": 0, "hashtags": []}
{"id": 838086698928062465, "date": "2017-03-04", "time": "13:00:14", "tweet": "What a Roller Coaster (Tesla Stock Price and My Energy Levels):  https://t.co/rH3aPhpDeH via @YouTube", "likes_count": 0, "replies_count": 0, "retweets_count": 0, "hashtags": []}
{"id": 838082506771611650, "date": "2017-03-04", "time": "12:43:35", "tweet": "@ABC How is Tesla going to show tbeir appreciation.  Maybe at least 100 shares of stock!?", "likes_count": 0, "replies_count": 0, "retweets_count": 0, "hashtags": []}
{"id": 838079850678108160, "date": "2017-03-04", "time": "12:33:01", "tweet": "$TSLA My take on all things Tesla  1. Valuation 2. Sales 3. Brand 4. Subsides 5. Gigafactory 6. Unions 7. Harassment 8. Stock price 9. Trump  https://t.co/w4jkvFTLBV", "likes_count": 3, "replies_count": 1, "retweets_count": 2, "hashtags": []}
{"id": 838074399668449280, "date": "2017-03-04", "time": "12:11:22", "tweet": "This Is the Electric Car That Really Could Kill Tesla - Motley Fool  https://t.co/xbEynVTvum", "likes_count": 0, "replies_count": 0, "retweets_count": 0, "hashtags": []}
{"id": 838073841108811777, "date": "2017-03-04", "time": "12:09:09", "tweet": "Tesla stock keeps getting hammered  https://t.co/64Gxxyep4x via @clusterstock", "likes_count": 0, "replies_count": 0, "retweets_count": 0, "hashtags": []}
{"id": 838069099976589312, "date": "2017-03-04", "time": "11:50:18", "tweet": "Analysts Say SolarCity Merger Torpedoing Tesla's Stock  https://t.co/30XzXqRViX", "likes_count": 0, "replies_count": 0, "retweets_count": 0, "hashtags": []}
{"id": 838062125029408769, "date": "2017-03-04", "time": "11:22:35", "tweet": "Cheap, Clean &amp; Easy Way To Transport Skis In A Tesla Model X – Video  https://t.co/Fp1fOfBD5o", "likes_count": 0, "replies_count": 0, "retweets_count": 0, "hashtags": []}
{"id": 838055744855490561, "date": "2017-03-04", "time": "10:57:14", "tweet": "Tesla stock keeps getting hammered (TSLA, GM, F, FCAU, RACE)   https://t.co/FJnx5gklcr  https://t.co/lgtMv5MDG1", "likes_count": 0, "replies_count": 0, "retweets_count": 0, "hashtags": []}
{"id": 838047389378359302, "date": "2017-03-04", "time": "10:24:02", "tweet": "TSLA Stock: Tesla Inc Can Now Directly Sell its Cars in Wyoming  https://t.co/Rgzdn9CqV1", "likes_count": 0, "replies_count": 0, "retweets_count": 0, "hashtags": []}
{"id": 838041974271840256, "date": "2017-03-04", "time": "10:02:31", "tweet": "Tesla Model S P100D Is Phenomenal, But Not The Most Practical Family Sedan – Video  https://t.co/qMgy2LLmwT", "likes_count": 0, "replies_count": 0, "retweets_count": 0, "hashtags": []}
{"id": 838041971629441028, "date": "2017-03-04", "time": "10:02:30", "tweet": "I liked a @YouTube video from @teslanomicsco  https://t.co/ms5g7Vcd1m Tesla Stock Rollercoaster: Hang on to your hats! Elon Remains", "likes_count": 1, "replies_count": 0, "retweets_count": 1, "hashtags": []}
{"id": 838024329011027968, "date": "2017-03-04", "time": "08:52:24", "tweet": "Tesla Battery Teardown In 9 Minutes – Video  https://t.co/fIn6E0JQiF", "likes_count": 0, "replies_count": 0, "retweets_count": 0, "hashtags": []}
{"id": 838022791928610817, "date": "2017-03-04", "time": "08:46:17", "tweet": "Stock Buzz: Tesla Motors, Inc. (NASDAQ:TSLA) in Focus  https://t.co/xVTRZoEXNB", "likes_count": 0, "replies_count": 0, "retweets_count": 0, "hashtags": []}
