{"id": 906668393159372802, "date": "2017-09-09", "time": "19:59:24", "tweet": "Why hasn't Tesla done a stock split before now?  https://t.co/y3wzEnXV6z", "likes_count": 0, "replies_count": 0, "retweets_count": 0, "hashtags": []}
{"id": 906664600715882496, "date": "2017-09-09", "time": "19:44:20", "tweet": "This kind of thinking is why I bought Tesla stock 2.5 years ago. Gonna be worth a fortune by time I retire.  https://t.co/kEzCwfQnh5", "likes_count": 0, "replies_count": 0, "retweets_count": 0, "hashtags": []}
{"id": 906606295175774208, "date": "2017-09-09", "time": "15:52:39", "tweet": "#$TESLA STOCK  https://t.co/vb6PKytO46", "likes_count": 0, "replies_count": 0, "retweets_count": 0, "hashtags": []}
{"id": 906601438872190976, "date": "2017-09-09", "time": "15:33:21", "tweet": "#StockSplit ― Will Tesla Finally Split Its Stock?  https://t.co/T8SsdmEn7v via →  https://t.co/e8mpxA2ZXu  https://t.co/DoWkoAJjsh", "likes_count": 1, "replies_count": 1, "retweets_count": 0, "hashtags": ["stocksplit"]}
{"id": 906601417657401344, "date": "2017-09-09", "time": "15:33:16", "tweet": "#StockSplit ― Will Tesla Finally Split Its Stock?  https://t.co/qppwtLRhdg via →  https://t.co/90qPNfIaJd  https://t.co/VNjZ4wKbpi", "likes_count": 0, "replies_count": 0, "retweets_count": 0, "hashtags": ["stocksplit"]}
{"id": 906576376320479233, "date": "2017-09-09", "time": "13:53:46", "tweet": "Tesla Is a Sleeping Giant !! #tesla #tsla #stock #stockmarket #options #money #cars #tech #technology  https://t.co/g2qQhS6RGW", "likes_count": 0, "replies_count": 0, "retweets_count": 0, "hashtags": ["tesla", "tsla", "stock", "stockmarket", "options", "money", "cars", "tech", "technology"]}
{"id": 906556650424864770, "date": "2017-09-09", "time": "12:35:23", "tweet": "Eric Branderiz Sells 99 Shares of Tesla Inc. $TSLA Stock  https://t.co/rIKruIg8Ip", "likes_count": 0, "replies_count": 0, "retweets_count": 0, "hashtags": []}
{"id": 906540771377004544, "date": "2017-09-09", "time": "11:32:17", "tweet": "Will Tesla Finally Split Its Stock?  https://t.co/cbx5FnyFwc  https://t.co/zomA5UldJi", "likes_count": 0, "replies_count": 0, "retweets_count": 0, "hashtags": []}
{"id": 906536396453752832, "date": "2017-09-09", "time": "11:14:54", "tweet": "Why hasn't Tesla done a stock split before now? - Motley Fool -  https://t.co/RDVz1p4bS0 #stock #news  https://t.co/HDR39ZaZ1z", "likes_count": 0, "replies_count": 0, "retweets_count": 0, "hashtags": ["stock", "news"]}
{"id": 906533555496464386, "date": "2017-09-09", "time": "11:03:36", "tweet": "Tesla Motors, Inc.: 109 (-1.53%)  https://t.co/p88gNAU9Fa $TSLA #TeslaMotors #Sentiment #Stock #Analysis #BigData", "likes_count": 0, "replies_count": 0, "retweets_count": 0, "hashtags": ["teslamotors", "sentiment", "stock", "analysis", "bigdata"]}
{"id": 906528691932549120, "date": "2017-09-09", "time": "10:44:17", "tweet": "Will Tesla Finally Split Its Stock?  https://t.co/PoQU2z5tk9", "likes_count": 0, "replies_count": 0, "retweets_count": 0, "hashtags": []}
{"id": 906527900068990976, "date": "2017-09-09", "time": "10:41:08", "tweet": "Will Tesla Finally Split Its Stock?  https://t.co/9a6bB5pgLS", "likes_count": 0, "replies_count": 0, "retweets_count": 0, "hashtags": []}
{"id": 906504597975519232, "date": "2017-09-09", "time": "09:08:32", "tweet": "First Tesla Model 3 Spotted In Europe  https://t.co/cVxm4t7VLP", "likes_count": 0, "replies_count": 0, "retweets_count": 0, "hashtags": []}
{"id": 906460309526863873, "date": "2017-09-09", "time": "06:12:33", "tweet": "Tesla Inc. $TSLA Director Sells $777,888.00 in Stock  https://t.co/sjgPlWMyM4", "likes_count": 0, "replies_count": 0, "retweets_count": 0, "hashtags": []}
{"id": 906450660140441603, "date": "2017-09-09", "time": "05:34:13", "tweet": "$TSLA A stock on my blog in 2010 Tesla Here in a discussion on going short or long  https://t.co/s2bmZW4Qin", "likes_count": 0, "replies_count": 0, "retweets_count": 1, "hashtags": []}
{"id": 906440156089110528, "date": "2017-09-09", "time": "04:52:28", "tweet": "TESLA THREE KIT AD 3 WARNA LAGI. READY STOCK..SINGAH KE KEDAI KAMI VAPEXPREZZ SEK7 SHAH…  https://t.co/qneLWEmxc7", "likes_count": 0, "replies_count": 0, "retweets_count": 0, "hashtags": []}
{"id": 906435357943619584, "date": "2017-09-09", "time": "04:33:24", "tweet": "TESLA THREE KIT!! READY STOCK .ADA 3 WARNA LAGI..MARI SINGAH KE KEDAI KAMI VAPEXPREZZ  SEK7 SHAH…  https://t.co/LIpqM2CYxH", "likes_count": 0, "replies_count": 0, "retweets_count": 0, "hashtags": []}
{"id": 906412751748304897, "date": "2017-09-09", "time": "03:03:35", "tweet": "Tesla Motors, Inc.: 111 (+0.63%)  https://t.co/p88gNAU9Fa $TSLA #TeslaMotors #Sentiment #Stock #Analysis #BigData", "likes_count": 0, "replies_count": 0, "retweets_count": 0, "hashtags": ["teslamotors", "sentiment", "stock", "analysis", "bigdata"]}
{"id": 906395342077341697, "date": "2017-09-09", "time": "01:54:24", "tweet": "Peregrine Asset Advisers INC Position in Tesla Motors (TSLA) Has Upped as Stock Price Rose  https://t.co/BpPuU12eDA", "likes_count": 0, "replies_count": 0, "retweets_count": 0, "hashtags": []}
{"id": 906395181821427713, "date": "2017-09-09", "time": "01:53:46", "tweet": "Tesla Is a Sleeping Giant !! #tesla #tsla #stock #stockmarket #options #money #cars #tech #technology  https://t.co/D650MpbLhm", "likes_count": 0, "replies_count": 0, "retweets_count": 0, "hashtags": ["tesla", "tsla", "stock", "stockmarket", "options", "money", "cars", "tech", "technology"]}
{"id": 906362732395614209, "date": "2017-09-08", "time": "23:44:49", "tweet": "@NQCutters @JunkScience Note that Institutional Investors hold most of Tesla stock. This is why press is full of #fake EV news.  https://t.co/v9FCXk8mRJ  https://t.co/WtdNptFsxo", "likes_count": 0, "replies_count": 1, "retweets_count": 0, "hashtags": ["fake"]}
{"id": 906339522828554240, "date": "2017-09-08", "time": "22:12:35", "tweet": "Tesla Inc. $TSLA VP Eric Branderiz Sells 99 Shares of Stock  https://t.co/ppJGfrFJ3q", "likes_count": 0, "replies_count": 0, "retweets_count": 0, "hashtags": []}
{"id": 906333823868325890, "date": "2017-09-08", "time": "21:49:57", "tweet": "I just bought 10 shares of tesla stock at $344", "likes_count": 0, "replies_count": 0, "retweets_count": 0, "hashtags": []}
{"id": 906283197998223360, "date": "2017-09-08", "time": "18:28:46", "tweet": "@FernandoSued1 @lorenzord @ivargas @PresidenciaRD Bn vamos a lo técnico veamos 2 Tesla el s y el modelo 3 uno con un precio de 65K us y el 3 con 35K se inicial ambos stock", "likes_count": 0, "replies_count": 0, "retweets_count": 0, "hashtags": []}
{"id": 906262166378033154, "date": "2017-09-08", "time": "17:05:12", "tweet": "The way Tesla and Amazon are raising billions shows why traders shouldn't be scared of big stock drops  https://t.co/z97eSxGXUT  https://t.co/onHHa6l3XK", "likes_count": 1, "replies_count": 0, "retweets_count": 0, "hashtags": []}
{"id": 906230700436840448, "date": "2017-09-08", "time": "15:00:10", "tweet": "Tesla Motors Stock RSI  https://t.co/mp3kCYqdxk", "likes_count": 0, "replies_count": 0, "retweets_count": 0, "hashtags": []}
{"id": 906217670831460354, "date": "2017-09-08", "time": "14:08:24", "tweet": "Tesla Energy Storage Is Win-Win For Both Sides Of The Meter  https://t.co/CoCCXuqU07", "likes_count": 0, "replies_count": 0, "retweets_count": 0, "hashtags": []}
{"id": 906213988869996544, "date": "2017-09-08", "time": "13:53:46", "tweet": "Tesla Is a Sleeping Giant !! #tesla #tsla #stock #stockmarket #options #money #cars #tech #technology  https://t.co/G15n33l6Eb", "likes_count": 0, "replies_count": 0, "retweets_count": 0, "hashtags": ["tesla", "tsla", "stock", "stockmarket", "options", "money", "cars", "tech", "technology"]}
{"id": 906199593586753538, "date": "2017-09-08", "time": "12:56:34", "tweet": "3 Reasons #Tesla Motors, Inc. Stock Could Rise @themotleyfool #stocks $TSLA  https://t.co/q2Afp46o6C", "likes_count": 1, "replies_count": 1, "retweets_count": 0, "hashtags": ["tesla", "stocks"]}
{"id": 906192922898558977, "date": "2017-09-08", "time": "12:30:03", "tweet": "$TSLA current stock price: $345.93. #Tesla #TeslaStock #bot  https://t.co/H0YBFL9uII", "likes_count": 6, "replies_count": 0, "retweets_count": 1, "hashtags": ["tesla", "teslastock", "bot"]}
{"id": 906172635796692993, "date": "2017-09-08", "time": "11:09:26", "tweet": "Tesla, Inc. (TSLA) stock dropped by 1.12%! Currently priced at 346.7.  https://t.co/JUoGuOiSe6", "likes_count": 0, "replies_count": 0, "retweets_count": 0, "hashtags": []}
{"id": 906160939250147328, "date": "2017-09-08", "time": "10:22:58", "tweet": "Three Equifax Managers Sold Stock Before Cyber Hack Revealed  https://t.co/2tDlqgmNpN via business", "likes_count": 0, "replies_count": 0, "retweets_count": 0, "hashtags": []}
{"id": 906156587148075008, "date": "2017-09-08", "time": "10:05:40", "tweet": "#Tesla Inc stock is almost flat in the last three months Whats wrong with Tesla stock?. $TSLA  https://t.co/xDrzkb3cg9", "likes_count": 4, "replies_count": 0, "retweets_count": 4, "hashtags": ["tesla"]}
{"id": 906151203842572291, "date": "2017-09-08", "time": "09:44:17", "tweet": "#Stocks #Investment Tesla Stock Hits A Speed Bump. Demand Under Pressure? - Amigobulls  https://t.co/lGXhSLolLt #Nasdaq  https://t.co/9iPSrNRC1B", "likes_count": 0, "replies_count": 0, "retweets_count": 0, "hashtags": ["stocks", "investment", "nasdaq"]}
{"id": 906151199203762176, "date": "2017-09-08", "time": "09:44:16", "tweet": "#Stocks #Investment Tesla Stock Hits A Speed Bump. Demand Under Pressure? - Amigobulls  https://t.co/AkCSiaowQb #Nasdaq  https://t.co/nY7AhbTE3K", "likes_count": 0, "replies_count": 0, "retweets_count": 0, "hashtags": ["stocks", "investment", "nasdaq"]}
{"id": 906146461540331524, "date": "2017-09-08", "time": "09:25:26", "tweet": "Lease an awesome used #Tesla from WVL! In stock now - photos to follow!  https://t.co/tfkzVdUbJq #EV #eco  https://t.co/A3hjP0SCXB", "likes_count": 0, "replies_count": 0, "retweets_count": 0, "hashtags": ["tesla", "ev", "eco"]}
{"id": 906133372027772928, "date": "2017-09-08", "time": "08:33:25", "tweet": "Tesla Motors (TSLA) Stock Value Rose While Peregrine Asset Advisers INC Upped by $3.88 ...  https://t.co/kFVRUGSso3", "likes_count": 0, "replies_count": 0, "retweets_count": 0, "hashtags": []}
{"id": 906121526805757952, "date": "2017-09-08", "time": "07:46:21", "tweet": "Renovamos stock!! Cargadores portátiles a precio de compra ( https://t.co/YzgvhAox4k) #vehiculoelectrico #VE #Tesla #BMWi #Leaf", "likes_count": 0, "replies_count": 0, "retweets_count": 0, "hashtags": ["vehiculoelectrico", "ve", "tesla", "bmwi", "leaf"]}
{"id": 906111950882562049, "date": "2017-09-08", "time": "07:08:18", "tweet": "Toyota CEO Realizes The Tesla Way, Says EVs Need An “I Love” Prefix  https://t.co/2s9dJdfttf", "likes_count": 0, "replies_count": 0, "retweets_count": 0, "hashtags": []}
{"id": 906098338377936897, "date": "2017-09-08", "time": "06:14:13", "tweet": "Kimbal Musk Sells 2,190 Shares of Tesla Inc. $TSLA Stock  https://t.co/Hec7NBT7qC", "likes_count": 0, "replies_count": 0, "retweets_count": 0, "hashtags": []}
