{"id": 868602839890747392, "date": "2017-05-27", "time": "19:00:29", "tweet": "Tesla Rivals GM as the Most Valuable Auto Maker in U.S. A surge in Tesla stock gave it the title of     https://t.co/zIyR35BH6t", "likes_count": 0, "replies_count": 0, "retweets_count": 0, "hashtags": []}
{"id": 868602839060275201, "date": "2017-05-27", "time": "19:00:29", "tweet": "Tesla Rivals GM as the Most Valuable Auto Maker in U.S. A surge in Tesla stock gave it the title of     https://t.co/3Ni4zcY49h", "likes_count": 0, "replies_count": 0, "retweets_count": 0, "hashtags": []}
{"id": 868588118714138624, "date": "2017-05-27", "time": "18:01:59", "tweet": "@subverzo @LouiseMensch You do realize this bank owns stock in: coca cola, IBM, Apple, Facebook, BofA, Tesla, Amazon etc are they ALL Russian puppets?", "likes_count": 1, "replies_count": 1, "retweets_count": 0, "hashtags": []}
{"id": 868586066512560128, "date": "2017-05-27", "time": "17:53:50", "tweet": "@inteliview + when there will be a market correction Tesla stock price likely to serious tank", "likes_count": 0, "replies_count": 0, "retweets_count": 0, "hashtags": []}
{"id": 868576913282826240, "date": "2017-05-27", "time": "17:17:28", "tweet": "Tesla Stock Setting up for new Highs: Antonio's Perspective @ACInvestorBlog $TSLA #TeslaMotors  https://t.co/0q00q1k5Np", "likes_count": 2, "replies_count": 0, "retweets_count": 0, "hashtags": ["teslamotors"]}
{"id": 868576494125289473, "date": "2017-05-27", "time": "17:15:48", "tweet": "$TSLA Tesla Stock Setting up for new Highs  https://t.co/pgI8OwqQnQ", "likes_count": 6, "replies_count": 1, "retweets_count": 5, "hashtags": []}
{"id": 868566531139129345, "date": "2017-05-27", "time": "16:36:12", "tweet": "BMW i3 over 3 years, Bolt EV for 6 months, Tesla happy days, electric-car sales soar: The Week in Reverse - Green …  https://t.co/COJjI1pv7Y", "likes_count": 0, "replies_count": 0, "retweets_count": 0, "hashtags": []}
{"id": 868553098922524672, "date": "2017-05-27", "time": "15:42:50", "tweet": "$TSLA (TSLA) Tesla stock strong day, top of range breakout watch above 328.4, volume +49% normal  https://t.co/5cKW0m0usb", "likes_count": 0, "replies_count": 0, "retweets_count": 0, "hashtags": []}
{"id": 868544882482311168, "date": "2017-05-27", "time": "15:10:11", "tweet": "Tesla Names Gaby Toledano As Chief People Officer  https://t.co/Zi9lheOvSQ", "likes_count": 0, "replies_count": 0, "retweets_count": 0, "hashtags": []}
{"id": 868522261623578624, "date": "2017-05-27", "time": "13:40:18", "tweet": "Tesla Shot Down Uber’s Self-Driving Partnership Idea  https://t.co/VqFknWASRf", "likes_count": 0, "replies_count": 0, "retweets_count": 0, "hashtags": []}
{"id": 868514183587016704, "date": "2017-05-27", "time": "13:08:12", "tweet": "Tesla stock could double if it can sell 1 million cars per year in 2020 whith a 13% margin |  https://t.co/eWUXaAbe7a  https://t.co/8ExBSq98tz  https://t.co/crytOR06Tq", "likes_count": 0, "replies_count": 0, "retweets_count": 0, "hashtags": []}
{"id": 868492317249998848, "date": "2017-05-27", "time": "11:41:18", "tweet": "A startup is taking on Tesla with a stunning SUV in the hottest market for electric cars - Business Insider  https://t.co/kY9kvlX0bS", "likes_count": 0, "replies_count": 0, "retweets_count": 0, "hashtags": []}
{"id": 868483282094219265, "date": "2017-05-27", "time": "11:05:24", "tweet": "Summon Gets Tesla Model X Out Of Super Tight Parking Space – Video  https://t.co/M0F2y5qhxW", "likes_count": 0, "replies_count": 0, "retweets_count": 0, "hashtags": []}
{"id": 868477222243512320, "date": "2017-05-27", "time": "10:41:19", "tweet": "$TSLA stock is up 48% over the past 12 months, outperforming $GM $F $SPY #investing #trading #tesla  https://t.co/IAKWHtSWhG", "likes_count": 1, "replies_count": 0, "retweets_count": 0, "hashtags": ["investing", "trading", "tesla"]}
{"id": 868465513017561088, "date": "2017-05-27", "time": "09:54:48", "tweet": "$F Barron's is confident the stock can turn things around and even outperform Tesla over the next 5 years  https://t.co/9XwUD1cMcE", "likes_count": 0, "replies_count": 0, "retweets_count": 0, "hashtags": []}
{"id": 868461825838510081, "date": "2017-05-27", "time": "09:40:09", "tweet": "Signature Red Tesla Model 3 Sighting – Video  https://t.co/HIlDj3YxTZ", "likes_count": 0, "replies_count": 0, "retweets_count": 0, "hashtags": []}
{"id": 868424114037456896, "date": "2017-05-27", "time": "07:10:17", "tweet": "The Intriguing Parallels Of Tesla And Apple  https://t.co/uVmSzl5VTc", "likes_count": 0, "replies_count": 0, "retweets_count": 0, "hashtags": []}
{"id": 868403386126934016, "date": "2017-05-27", "time": "05:47:56", "tweet": "Musk says Tesla stock is overvalued #Fermont  https://t.co/TmO0EotnQB", "likes_count": 0, "replies_count": 0, "retweets_count": 0, "hashtags": ["fermont"]}
{"id": 868263143226658816, "date": "2017-05-26", "time": "20:30:39", "tweet": "$FB Is Elon Musk Right About Tesla Inc (TSLA) Stock?  https://t.co/F4CL6IBxbh", "likes_count": 0, "replies_count": 0, "retweets_count": 0, "hashtags": []}
{"id": 868258421941907456, "date": "2017-05-26", "time": "20:11:53", "tweet": "Is Elon Musk Right About Tesla Inc (TSLA) Stock?  https://t.co/3o5RdNsEwH", "likes_count": 0, "replies_count": 0, "retweets_count": 0, "hashtags": []}
