{"id": 853369067469713408, "date": "2017-04-15", "time": "18:06:55", "tweet": "People aren't thinking about the fact that Tesla isn't just cars when they're looking at the stock - it's an...  https://t.co/rVLXL0Cl2O", "likes_count": 0, "replies_count": 0, "retweets_count": 0, "hashtags": []}
{"id": 853361643190964224, "date": "2017-04-15", "time": "17:37:25", "tweet": "Tesla’s Pullback Is A Buying Opportunity $TSLA is up 47% since this bullish forecast via /r/Stock_Picks  Tesla’s Pullback Is A Buying Oppor…", "likes_count": 0, "replies_count": 0, "retweets_count": 0, "hashtags": []}
{"id": 853349260657668100, "date": "2017-04-15", "time": "16:48:12", "tweet": "Tesla API Tapped To Display Tesla &amp; Solar Home Energy Data – Video  https://t.co/dqucwXIdfd", "likes_count": 0, "replies_count": 0, "retweets_count": 0, "hashtags": []}
{"id": 853344756134420480, "date": "2017-04-15", "time": "16:30:18", "tweet": "PIPER JAFFRAY: Tesla is one growth stock 'investors can't afford to ignore' (TSLA) -  https://t.co/qImdwzQbbh", "likes_count": 0, "replies_count": 0, "retweets_count": 0, "hashtags": []}
{"id": 853319743947894784, "date": "2017-04-15", "time": "14:50:55", "tweet": "Bubble stock or Evidence of Growth Potential- Sparks fly on Wall Street over Tesla’s current valuation #TeslaMotors   https://t.co/WeK8jH4tlV", "likes_count": 0, "replies_count": 0, "retweets_count": 0, "hashtags": ["teslamotors"]}
{"id": 853318939216162818, "date": "2017-04-15", "time": "14:47:43", "tweet": "Musk Shocks Tesla Stock After “Tesla Semi” Announcement On Twitter  https://t.co/ottahNjSpB", "likes_count": 0, "replies_count": 0, "retweets_count": 0, "hashtags": []}
{"id": 853312033609089025, "date": "2017-04-15", "time": "14:20:17", "tweet": "Last week, Tesla has become a real challenge for all car makers on the stock market. In a period of economic...  https://t.co/b9KNSnhbm1", "likes_count": 0, "replies_count": 0, "retweets_count": 0, "hashtags": []}
{"id": 853297633669992449, "date": "2017-04-15", "time": "13:23:04", "tweet": "Why Tesla’s Stock Is in Ludicrous Mode  https://t.co/VyTOvqmERV", "likes_count": 0, "replies_count": 0, "retweets_count": 0, "hashtags": []}
{"id": 853286347053948929, "date": "2017-04-15", "time": "12:38:13", "tweet": "Teslanomics Examines Tesla Battery Degradation: Interactive Owner Spreadsheet Shows Results  https://t.co/dKQysUSyqj", "likes_count": 0, "replies_count": 0, "retweets_count": 0, "hashtags": []}
{"id": 853280575423164416, "date": "2017-04-15", "time": "12:15:17", "tweet": "RW: Analysts note that most investors are valuing Tesla as a technology growth stock rather than as a manufacturer.", "likes_count": 0, "replies_count": 0, "retweets_count": 0, "hashtags": []}
{"id": 853271791258800130, "date": "2017-04-15", "time": "11:40:22", "tweet": "Does Tesla Stock Rise Thanks To SpaceX Success?  https://t.co/sRoAsoqHfb", "likes_count": 0, "replies_count": 0, "retweets_count": 0, "hashtags": []}
{"id": 853263189995384833, "date": "2017-04-15", "time": "11:06:12", "tweet": "@Biohazard3737 @markbspiegel GM does not sell self driving cars. Tesla does. Spiegel is lying to hurt tsla stock. Guys talkin like hes arguing from reason #bahahaha", "likes_count": 0, "replies_count": 0, "retweets_count": 0, "hashtags": ["bahahaha"]}
{"id": 853251718020292610, "date": "2017-04-15", "time": "10:20:36", "tweet": "Another Zynga ! Tesla stock may be soaring, but Musk's business model is doomed, says former GM Vice Chairman Lutz  https://t.co/jkhaLfowUZ", "likes_count": 0, "replies_count": 0, "retweets_count": 0, "hashtags": []}
{"id": 853246637547847681, "date": "2017-04-15", "time": "10:00:25", "tweet": "They may love its cars, but even fans wonder how much higher Tesla's stock can go.  https://t.co/F1QjgZRzDi  https://t.co/2SgOtKDRgE", "likes_count": 1, "replies_count": 0, "retweets_count": 2, "hashtags": []}
{"id": 853237025176211456, "date": "2017-04-15", "time": "09:22:13", "tweet": "Elon Musk mocks short sellers after Tesla stock surge  https://t.co/G7RUkizZVm  https://t.co/oDrRzL3N9m", "likes_count": 0, "replies_count": 0, "retweets_count": 0, "hashtags": []}
{"id": 853232331670388736, "date": "2017-04-15", "time": "09:03:34", "tweet": "Bjorn Nyland Conducts Efficiency Test On Ioniq Electric, Tesla Model S, X – Video  https://t.co/RXmynmDw2q", "likes_count": 0, "replies_count": 0, "retweets_count": 0, "hashtags": []}
{"id": 853229653896704000, "date": "2017-04-15", "time": "08:52:56", "tweet": "How Tesla's Story is Driving its Skyrocketing Stock Value via @tecnbiz  https://t.co/BVUikySYDT", "likes_count": 0, "replies_count": 0, "retweets_count": 0, "hashtags": []}
{"id": 853227001133621251, "date": "2017-04-15", "time": "08:42:23", "tweet": "Ruggero Respigo : Tesla stock may be soaring, but Elon Musk's business model is doomed, says former GM Vice Chairm…  https://t.co/7BfUU80Wsw", "likes_count": 0, "replies_count": 0, "retweets_count": 0, "hashtags": []}
{"id": 853202002351984641, "date": "2017-04-15", "time": "07:03:03", "tweet": "“More so than any stock we’ve covered, Tesla engenders optimism, freedom, defiance, and a host of other emotions...  https://t.co/06or7iFHLv", "likes_count": 0, "replies_count": 0, "retweets_count": 0, "hashtags": []}
{"id": 853194279296147456, "date": "2017-04-15", "time": "06:32:22", "tweet": "Musk Shocks Tesla Stock After “Tesla Semi” Announcement On Twitter  https://t.co/GGmU1HwNBo", "likes_count": 0, "replies_count": 0, "retweets_count": 0, "hashtags": []}
{"id": 853192767396360193, "date": "2017-04-15", "time": "06:26:21", "tweet": "This chart explains why Tesla's stock price is entering insane territory  https://t.co/LOWmwD51Vx", "likes_count": 3, "replies_count": 0, "retweets_count": 2, "hashtags": []}
{"id": 853181395195371520, "date": "2017-04-15", "time": "05:41:10", "tweet": "Longest Range Electric Car = Tesla Model S 100D (335 Miles!) - CleanTechnica  https://t.co/wjgMlHbwEP", "likes_count": 0, "replies_count": 0, "retweets_count": 0, "hashtags": []}
{"id": 853161206676422656, "date": "2017-04-15", "time": "04:20:57", "tweet": "Check out: Tesla stock jumps as Elon Musk teases semi, pickup - Autoblog  https://t.co/a7x8ZYTCln via @therealautoblog", "likes_count": 0, "replies_count": 0, "retweets_count": 0, "hashtags": []}
{"id": 853134826047643648, "date": "2017-04-15", "time": "02:36:07", "tweet": "Why Ford CEO Mark Fields isn't sweating Tesla's stock price surge  https://t.co/2dsf5hbxjz", "likes_count": 0, "replies_count": 0, "retweets_count": 0, "hashtags": []}
{"id": 853121802381414401, "date": "2017-04-15", "time": "01:44:22", "tweet": "Tesla stock may be soaring, but Elon Musk's business model is doomed, says former GM Vice Chairman Lutz  https://t.co/qwXA1QcrFZ", "likes_count": 0, "replies_count": 0, "retweets_count": 0, "hashtags": []}
{"id": 853114816222773249, "date": "2017-04-15", "time": "01:16:36", "tweet": "Tesla Inc (TSLA) VP Sells $150725.00 in Stock  https://t.co/RNSax3fC9L", "likes_count": 0, "replies_count": 0, "retweets_count": 0, "hashtags": []}
{"id": 853111091769028609, "date": "2017-04-15", "time": "01:01:48", "tweet": "How Tesla's 'Story' Is Driving Its Skyrocketing Stock  👉 https://t.co/QFtn22YwIp", "likes_count": 0, "replies_count": 0, "retweets_count": 0, "hashtags": []}
{"id": 853100735042646017, "date": "2017-04-15", "time": "00:20:39", "tweet": "Why Tesla’s Stock Is in Ludicrous Mode   https://t.co/q6KobASiGR", "likes_count": 0, "replies_count": 0, "retweets_count": 0, "hashtags": []}
{"id": 853095938608340992, "date": "2017-04-15", "time": "00:01:36", "tweet": "I liked a @YouTube video  https://t.co/oIsAxx9K7O How Tesla’s ‘story’ is driving its skyrocketing stock value", "likes_count": 0, "replies_count": 0, "retweets_count": 0, "hashtags": []}
{"id": 853093139128750081, "date": "2017-04-14", "time": "23:50:28", "tweet": "@nite97m Heck no! I'd be a laughing stock, and I wouldn't be seen dead in a tesla =/", "likes_count": 0, "replies_count": 1, "retweets_count": 0, "hashtags": []}
{"id": 853089854598414336, "date": "2017-04-14", "time": "23:37:25", "tweet": "Musk asks investors doubting Tesla board to buy Ford stock  https://t.co/2ToV2PC6YO -via @inshorts.. What arrogance! Won't serve him good", "likes_count": 0, "replies_count": 0, "retweets_count": 0, "hashtags": []}
{"id": 853088505861468160, "date": "2017-04-14", "time": "23:32:04", "tweet": "Tesla stock price spikes after Elon Musk tweets a semi-truck is coming  https://t.co/0ish1OInG4", "likes_count": 0, "replies_count": 0, "retweets_count": 0, "hashtags": []}
{"id": 853072299649576960, "date": "2017-04-14", "time": "22:27:40", "tweet": "Another reason I own Tesla stock and love Elon musk! #havefunwhileworking #outsidethebox #tesla #model3  https://t.co/vR3CE6xvyY", "likes_count": 1, "replies_count": 0, "retweets_count": 0, "hashtags": ["havefunwhileworking", "outsidethebox", "tesla", "model3"]}
{"id": 853042776312860672, "date": "2017-04-14", "time": "20:30:21", "tweet": "How Tesla’s ‘story’ is driving its skyrocketing stock value  https://t.co/tUAXLjdm4D", "likes_count": 0, "replies_count": 0, "retweets_count": 0, "hashtags": []}
{"id": 853036795587678209, "date": "2017-04-14", "time": "20:06:35", "tweet": "Tesla Stock Value Passes Ford - Motor Trend  https://t.co/XBMB1NBG3M  https://t.co/9q2w0FW6me", "likes_count": 0, "replies_count": 0, "retweets_count": 0, "hashtags": []}
{"id": 853030617864441861, "date": "2017-04-14", "time": "19:42:02", "tweet": "What does Tesla's incredibly high valuation say about the stock market? | #Investing   https://t.co/FYQLHy48o1  https://t.co/KCEw2qYpkG", "likes_count": 0, "replies_count": 0, "retweets_count": 0, "hashtags": ["investing"]}
{"id": 853029758615121920, "date": "2017-04-14", "time": "19:38:37", "tweet": "@GGARLOCK How did they know?!  Mine was \"Most Likely To Not Buy Tesla Stock Early Even Though It Doesn't Exist Yet And Won't For Another Seven Years\"", "likes_count": 1, "replies_count": 0, "retweets_count": 0, "hashtags": []}
{"id": 853017537977692160, "date": "2017-04-14", "time": "18:50:04", "tweet": "Tesla stock jumps as Elon Musk teases semi, pickup  https://t.co/Z9tLjbZsXx", "likes_count": 0, "replies_count": 0, "retweets_count": 0, "hashtags": []}
{"id": 853013004098584576, "date": "2017-04-14", "time": "18:32:03", "tweet": "#Tesla #stock may soaring, but Elon Musk's business model doomed, #former #GM #Vice Chairman Lutz  https://t.co/dcjU3o5gVy", "likes_count": 0, "replies_count": 0, "retweets_count": 0, "hashtags": ["tesla", "stock", "former", "gm", "vice"]}
{"id": 853012524790407168, "date": "2017-04-14", "time": "18:30:08", "tweet": "According to the stock market, #Tesla is now worth more than Ford. #business #news  https://t.co/q0zkiRXdNl", "likes_count": 0, "replies_count": 0, "retweets_count": 0, "hashtags": ["tesla", "business", "news"]}
{"id": 853011409625546753, "date": "2017-04-14", "time": "18:25:42", "tweet": "TSLA +7.16 total advance today 04/13/17. Tesla Inc $TSLA 304.00 Stock hit a High of 307.39 and 295.30 Low with  https://t.co/Vj90CYzvbi", "likes_count": 0, "replies_count": 0, "retweets_count": 0, "hashtags": []}
{"id": 853010738440491008, "date": "2017-04-14", "time": "18:23:02", "tweet": "Elon Musk mocks short sellers after Tesla stock surge  https://t.co/RrObGGDIPg  https://t.co/K9hzXIz97Q", "likes_count": 0, "replies_count": 0, "retweets_count": 0, "hashtags": []}
{"id": 853002456007094272, "date": "2017-04-14", "time": "17:50:08", "tweet": "Tesla stock jumps as Elon Musk teases semi, pickup  https://t.co/NiU4yHu2G9", "likes_count": 0, "replies_count": 0, "retweets_count": 0, "hashtags": []}
{"id": 852995783888654336, "date": "2017-04-14", "time": "17:23:37", "tweet": "How Tesla's Story is Driving its Skyrocketing Stock Value | @scoopit via @tecnbiz  https://t.co/K0kTJORqwc", "likes_count": 1, "replies_count": 0, "retweets_count": 0, "hashtags": []}
{"id": 852993841766510592, "date": "2017-04-14", "time": "17:15:54", "tweet": "How Tesla's Story is Driving its Skyrocketing Stock Value via @tecnbiz  https://t.co/sdhhuQI9He", "likes_count": 0, "replies_count": 0, "retweets_count": 0, "hashtags": []}
{"id": 852991900810346497, "date": "2017-04-14", "time": "17:08:11", "tweet": "Lack Of Tesla Semi Details Means It’s Time To Speculate  https://t.co/KCQ2FetPfp", "likes_count": 0, "replies_count": 0, "retweets_count": 0, "hashtags": []}
{"id": 852989291584253952, "date": "2017-04-14", "time": "16:57:49", "tweet": "What Tesla’s “Inexplicable” “Ponzi Scheme” Valuation Says about the Stock Market   https://t.co/v8ldAz2pvO", "likes_count": 1, "replies_count": 0, "retweets_count": 0, "hashtags": []}
{"id": 852984131201884164, "date": "2017-04-14", "time": "16:37:19", "tweet": "Tesla stock jumps as Elon Musk teases semi, pickup  https://t.co/MlF4tb6OSx  https://t.co/2yEpRsnwvC", "likes_count": 0, "replies_count": 0, "retweets_count": 0, "hashtags": []}
{"id": 852979128437485572, "date": "2017-04-14", "time": "16:17:26", "tweet": "Why Ford CEO Mark Fields Isn’t Sweating Tesla’s Stock Price Surge  https://t.co/lDSjIb4iIh", "likes_count": 0, "replies_count": 0, "retweets_count": 0, "hashtags": []}
{"id": 852977884708909056, "date": "2017-04-14", "time": "16:12:29", "tweet": "Why Ford CEO Mark Fields Isn’t Sweating Tesla’s Stock Price Surge  https://t.co/vFUpW9fIW5", "likes_count": 0, "replies_count": 0, "retweets_count": 0, "hashtags": []}
{"id": 852976600970821632, "date": "2017-04-14", "time": "16:07:23", "tweet": "Why Ford CEO Mark Fields Isn’t Sweating Tesla’s Stock Price Surge  https://t.co/yAVOs1zvxw", "likes_count": 0, "replies_count": 0, "retweets_count": 0, "hashtags": []}
{"id": 852975515006840834, "date": "2017-04-14", "time": "16:03:04", "tweet": "Why Ford CEO Mark Fields Isn’t Sweating Tesla’s Stock Price Surge  https://t.co/csMIKlrECp", "likes_count": 0, "replies_count": 0, "retweets_count": 0, "hashtags": []}
{"id": 852975073845809154, "date": "2017-04-14", "time": "16:01:19", "tweet": "This chart explains why Tesla's stock price is entering insane territory (TSLA)  https://t.co/5zaj1A3PuC  https://t.co/i3x9KRjit6", "likes_count": 0, "replies_count": 0, "retweets_count": 0, "hashtags": []}
{"id": 852972251926417409, "date": "2017-04-14", "time": "15:50:06", "tweet": "This chart explains why Tesla's stock price is entering insane territory  https://t.co/Ms3WWdPKyF", "likes_count": 0, "replies_count": 0, "retweets_count": 0, "hashtags": []}
{"id": 852970000415473664, "date": "2017-04-14", "time": "15:41:10", "tweet": "Musk Shocks Tesla Stock After “Tesla Semi” Announcement On Twitter -  https://t.co/XfTR5e7FZD  https://t.co/W8sHpbnfb4  https://t.co/7XATTWvEbW", "likes_count": 0, "replies_count": 0, "retweets_count": 0, "hashtags": []}
{"id": 852964843024003072, "date": "2017-04-14", "time": "15:20:40", "tweet": "@txautocoalition But is Tesla a cult stock or a Ponzi scheme. That's the question:  https://t.co/Otf2BLVcN7", "likes_count": 0, "replies_count": 0, "retweets_count": 0, "hashtags": []}
{"id": 852959777307152386, "date": "2017-04-14", "time": "15:00:32", "tweet": "Tesla Motors Stock RSI  https://t.co/OhlglKesND", "likes_count": 0, "replies_count": 0, "retweets_count": 1, "hashtags": []}
{"id": 852956409746665472, "date": "2017-04-14", "time": "14:47:09", "tweet": "investorseurope stockbrokers Musk Shocks Tesla Stock After “Tesla Semi” Announcement On Twitter  https://t.co/8xRYERplWq", "likes_count": 0, "replies_count": 0, "retweets_count": 0, "hashtags": []}
{"id": 852948847852568576, "date": "2017-04-14", "time": "14:17:07", "tweet": "Why Ford CEO Mark Fields Isn't Sweating Tesla's Stock Price Surge - Fortune  https://t.co/DTAk1b6Q55", "likes_count": 0, "replies_count": 0, "retweets_count": 1, "hashtags": []}
{"id": 852947902351773698, "date": "2017-04-14", "time": "14:13:21", "tweet": "Tesla CEO Elon Musk Delivers Seamless Narratives That Captivate And Persuade His Audience  https://t.co/e5QM6NoLp9", "likes_count": 0, "replies_count": 0, "retweets_count": 0, "hashtags": []}
{"id": 852946716127113216, "date": "2017-04-14", "time": "14:08:38", "tweet": "Tesla stock may be soaring, but Elon Musk's business model is doomed, says former GM Vice Chairman Lutz  https://t.co/0t94ynpUcP", "likes_count": 0, "replies_count": 0, "retweets_count": 0, "hashtags": []}
{"id": 852942808306417665, "date": "2017-04-14", "time": "13:53:07", "tweet": "Musk Shocks Tesla Stock After “Tesla Semi” Announcement On Twitter  https://t.co/6pEOtGjAhF", "likes_count": 0, "replies_count": 0, "retweets_count": 0, "hashtags": []}
{"id": 852942801096499200, "date": "2017-04-14", "time": "13:53:05", "tweet": "Musk Shocks Tesla Stock After “Tesla Semi” Announcement On Twitter  https://t.co/LH4vImoFcw", "likes_count": 0, "replies_count": 0, "retweets_count": 0, "hashtags": []}
{"id": 852941865921818624, "date": "2017-04-14", "time": "13:49:22", "tweet": "$TSLA How to profit from Tesla's stock -- whether it goes up or down  https://t.co/BXETcUrMbO  https://t.co/WO1oWvJLh5", "likes_count": 4, "replies_count": 0, "retweets_count": 0, "hashtags": []}
{"id": 852941562728337408, "date": "2017-04-14", "time": "13:48:10", "tweet": "Musk Shocks Tesla Stock After “Tesla Semi” Announcement On Twitter -  https://t.co/tuOVggwCS3:…  https://t.co/E2wCjxoAIc #paedobritain", "likes_count": 0, "replies_count": 0, "retweets_count": 0, "hashtags": ["paedobritain"]}
{"id": 852941556495417346, "date": "2017-04-14", "time": "13:48:08", "tweet": "#twitter -  Musk Shocks Tesla Stock After “Tesla Semi” Announcement On Twitter -  https://t.co/jlPuDMHZWg  https://t.co/ldAR2lzioS  https://t.co/fcLW8FZJQ5", "likes_count": 0, "replies_count": 0, "retweets_count": 0, "hashtags": ["twitter"]}
{"id": 852940715596234752, "date": "2017-04-14", "time": "13:44:48", "tweet": "Why Ford CEO Mark Fields Isn't Sweating Tesla's Stock Price Surge - Fortune  https://t.co/U0QbAAzER5 #Tesla", "likes_count": 0, "replies_count": 0, "retweets_count": 0, "hashtags": ["tesla"]}
{"id": 852939047542681604, "date": "2017-04-14", "time": "13:38:10", "tweet": "Tesla Might Soon Gain Approval For Full Self-Driving In Germany  https://t.co/AT9FwYrgAe", "likes_count": 0, "replies_count": 0, "retweets_count": 0, "hashtags": []}
{"id": 852937832536694784, "date": "2017-04-14", "time": "13:33:20", "tweet": "Why Ford CEO Mark Fields Isn’t Sweating Tesla’s Stock Price Surge  https://t.co/HoNvIh1pV8", "likes_count": 0, "replies_count": 0, "retweets_count": 0, "hashtags": []}
{"id": 852935758902120448, "date": "2017-04-14", "time": "13:25:06", "tweet": "@ChrisDentistguy @RitholtzWealth @ReformedBroker I can't find one metric that says Tesla stock is cheap", "likes_count": 1, "replies_count": 0, "retweets_count": 0, "hashtags": []}
{"id": 852935004799852548, "date": "2017-04-14", "time": "13:22:06", "tweet": "Why Tesla’s stock is in ludicrous mode.  https://t.co/vNFawEmCfc", "likes_count": 0, "replies_count": 0, "retweets_count": 0, "hashtags": []}
{"id": 852925616571785217, "date": "2017-04-14", "time": "12:44:48", "tweet": "#think:Why Ford CEO Mark Fields Isn’t Sweating Tesla’s Stock Price Surge  https://t.co/EBHS1uEzYE", "likes_count": 0, "replies_count": 0, "retweets_count": 0, "hashtags": ["think"]}
{"id": 852924815979696128, "date": "2017-04-14", "time": "12:41:37", "tweet": "Why Ford CEO Mark Fields Isn't Sweating Tesla's Stock Price Surge - Fortune  https://t.co/MCGHGolHUx #Tesla", "likes_count": 0, "replies_count": 0, "retweets_count": 0, "hashtags": ["tesla"]}
{"id": 852921905447391233, "date": "2017-04-14", "time": "12:30:03", "tweet": "$TSLA current stock price: $304.00. #Tesla #TeslaStock #bot  https://t.co/LxnRCkEYar", "likes_count": 4, "replies_count": 0, "retweets_count": 2, "hashtags": ["tesla", "teslastock", "bot"]}
{"id": 852919135860391938, "date": "2017-04-14", "time": "12:19:03", "tweet": "Tesla Stock Rises After Elon Musk Teases Reveal Of Electric Semi  https://t.co/yXT2IK5Gmi", "likes_count": 0, "replies_count": 0, "retweets_count": 0, "hashtags": []}
{"id": 852917461724704772, "date": "2017-04-14", "time": "12:12:23", "tweet": "Why Ford CEO Mark Fields Isn’t Sweating Tesla’s Stock Price Surge – Fortune  https://t.co/7njSOEyewM", "likes_count": 0, "replies_count": 0, "retweets_count": 0, "hashtags": []}
{"id": 852916221511118849, "date": "2017-04-14", "time": "12:07:28", "tweet": "This chart explains why Tesla's stock price is entering insane territory  https://t.co/cC0GHQ17ZD vía @clusterstock", "likes_count": 0, "replies_count": 0, "retweets_count": 0, "hashtags": []}
{"id": 852911918117507073, "date": "2017-04-14", "time": "11:50:22", "tweet": "#econ #investing - What #Tesla's \"Inexplicable\" \"Ponzi Scheme\" Valuation Says about the Stock Market  https://t.co/TQ5ytIZkus #tcot #cars", "likes_count": 1, "replies_count": 1, "retweets_count": 0, "hashtags": ["econ", "investing", "tesla", "tcot", "cars"]}
{"id": 852907466475962369, "date": "2017-04-14", "time": "11:32:40", "tweet": "How Tesla’s ‘story’ is driving its skyrocketing stock value  https://t.co/dp2JE2L1KI", "likes_count": 0, "replies_count": 0, "retweets_count": 0, "hashtags": []}
{"id": 852907432774971392, "date": "2017-04-14", "time": "11:32:32", "tweet": "Why Ford CEO Mark Fields Isn’t Sweating Tesla’s Stock Price Surge  https://t.co/869Ntqmk0k", "likes_count": 0, "replies_count": 0, "retweets_count": 0, "hashtags": []}
{"id": 852905285719076864, "date": "2017-04-14", "time": "11:24:00", "tweet": "Musk tells disgruntled Tesla shareholders to buy Ford stock  https://t.co/R75euCUqNH", "likes_count": 0, "replies_count": 0, "retweets_count": 0, "hashtags": []}
{"id": 852904056393695233, "date": "2017-04-14", "time": "11:19:07", "tweet": "Why Ford CEO Mark Fields isn’t sweating Tesla’s stock price surge  https://t.co/BvqEnM9H4H", "likes_count": 13, "replies_count": 1, "retweets_count": 4, "hashtags": []}
{"id": 852903517886889985, "date": "2017-04-14", "time": "11:16:59", "tweet": "Tesla stock jumps as Elon Musk teases semi, pickup  https://t.co/JoI85xyLOn #Autoblog #Cars  https://t.co/Vg3Z2EF1dT", "likes_count": 0, "replies_count": 0, "retweets_count": 0, "hashtags": ["autoblog", "cars"]}
{"id": 852902793987969024, "date": "2017-04-14", "time": "11:14:06", "tweet": "Why Ford CEO Mark Fields Isn't Sweating Tesla's Stock Price Surge #ChainFeedsDotCom  https://t.co/QvZOS88ILo", "likes_count": 0, "replies_count": 0, "retweets_count": 0, "hashtags": ["chainfeedsdotcom"]}
{"id": 852902573875003393, "date": "2017-04-14", "time": "11:13:14", "tweet": "Why Tesla’s Stock Is in Ludicrous Mode  #tech #DigitalHealth #science #sustainability  #stem #engineering #innovate   https://t.co/ChAzmzGGVP  https://t.co/kvWNOCSkW4", "likes_count": 4, "replies_count": 0, "retweets_count": 3, "hashtags": ["tech", "digitalhealth", "science", "sustainability", "stem", "engineering", "innovate"]}
{"id": 852901949351616512, "date": "2017-04-14", "time": "11:10:45", "tweet": "Tesla Model S &amp; X Launch In Jordan  https://t.co/4HAS2OCfGd", "likes_count": 0, "replies_count": 0, "retweets_count": 0, "hashtags": []}
{"id": 852900800280047617, "date": "2017-04-14", "time": "11:06:11", "tweet": "Tesla stock jumps as Musk teases semi, pickup  https://t.co/Ml0oCPFpPj", "likes_count": 0, "replies_count": 0, "retweets_count": 0, "hashtags": []}
{"id": 852900405491245056, "date": "2017-04-14", "time": "11:04:37", "tweet": "5 Reasons Why Tesla Is Bubble Priced via @forbes  https://t.co/lMcGoWGrAf @stockbase_tsla @Buy_Tesla_stock @talkingtesla @Teslastockprice", "likes_count": 0, "replies_count": 0, "retweets_count": 1, "hashtags": []}
{"id": 852899356663578624, "date": "2017-04-14", "time": "11:00:27", "tweet": "They may love its cars, but even fans wonder how much higher Tesla's stock can go.  https://t.co/KQEwoo1esJ  https://t.co/mBUps92IPf", "likes_count": 6, "replies_count": 0, "retweets_count": 1, "hashtags": []}
{"id": 852896273724194816, "date": "2017-04-14", "time": "10:48:12", "tweet": "Tesla stock jumps as Elon Musk teases semi, pickup  https://t.co/4aqb37c4wj", "likes_count": 0, "replies_count": 0, "retweets_count": 0, "hashtags": []}
{"id": 852895084395859968, "date": "2017-04-14", "time": "10:43:28", "tweet": "Elon Musk tells unhappy Tesla investors to buy stock in Ford  https://t.co/AUov3ajhQU", "likes_count": 0, "replies_count": 0, "retweets_count": 0, "hashtags": []}
{"id": 852895062577041408, "date": "2017-04-14", "time": "10:43:23", "tweet": "Elon Musk tells unhappy Tesla investors to buy stock in Ford  https://t.co/rdVy43kep2", "likes_count": 0, "replies_count": 0, "retweets_count": 0, "hashtags": []}
{"id": 852892993950556165, "date": "2017-04-14", "time": "10:35:10", "tweet": "Why Ford CEO Mark Fields Isn’t Sweating Tesla’s Stock Price Surge  https://t.co/ghdjMmU6Hu", "likes_count": 0, "replies_count": 0, "retweets_count": 0, "hashtags": []}
{"id": 852892951038509056, "date": "2017-04-14", "time": "10:35:00", "tweet": "Why Ford CEO Mark Fields Isn’t Sweating Tesla’s Stock Price Surge  https://t.co/afJpn40ceP via @josephjett  https://t.co/YL5T4doYjI", "likes_count": 0, "replies_count": 0, "retweets_count": 0, "hashtags": []}
{"id": 852892935427207169, "date": "2017-04-14", "time": "10:34:56", "tweet": "The ultimate insult: Elon Musk tells unhappy #Tesla investors to buy stock in @Ford; it's certainly cheap.  https://t.co/HRgNEPvu2l", "likes_count": 0, "replies_count": 0, "retweets_count": 0, "hashtags": ["tesla"]}
{"id": 852892799703945216, "date": "2017-04-14", "time": "10:34:24", "tweet": "Why Ford CEO Mark Fields Isn’t Sweating Tesla’s Stock Price Surge  https://t.co/m6bOOc9uZY", "likes_count": 0, "replies_count": 0, "retweets_count": 0, "hashtags": []}
{"id": 852892729709215745, "date": "2017-04-14", "time": "10:34:07", "tweet": "Why Ford CEO Mark Fields Isn’t Sweating Tesla’s Stock Price Surge  https://t.co/NeaSYzOLlK  https://t.co/prbjRX9gUz", "likes_count": 0, "replies_count": 0, "retweets_count": 0, "hashtags": []}
{"id": 852892727695990785, "date": "2017-04-14", "time": "10:34:06", "tweet": "Why Ford CEO Mark Fields Isn’t Sweating Tesla’s Stock Price Surge  https://t.co/jjju1DzDnt  https://t.co/VSogaombX8", "likes_count": 0, "replies_count": 0, "retweets_count": 0, "hashtags": []}
{"id": 852892719701569536, "date": "2017-04-14", "time": "10:34:05", "tweet": "Why Ford CEO Mark Fields Isn’t Sweating Tesla’s Stock Price Surge  https://t.co/eXQudG9GW4", "likes_count": 0, "replies_count": 0, "retweets_count": 0, "hashtags": []}
{"id": 852892203605209088, "date": "2017-04-14", "time": "10:32:01", "tweet": "Musk Shocks Tesla Stock After “Tesla Semi” Announcement On Twitter  https://t.co/KHggWivHZY  https://t.co/tv4JYUZsK7", "likes_count": 0, "replies_count": 0, "retweets_count": 0, "hashtags": []}
