{"id": 896493012188106752, "date": "2017-08-12", "time": "18:06:04", "tweet": "Tesla is losing losing losing money..but it's stock continues to raise..how?", "likes_count": 1, "replies_count": 0, "retweets_count": 0, "hashtags": []}
{"id": 896469460021686272, "date": "2017-08-12", "time": "16:32:29", "tweet": "QUARTZ: All the times Elon Musk has trash-talked Tesla’s stock price as overvalued  https://t.co/LFFVoVufBt", "likes_count": 0, "replies_count": 0, "retweets_count": 0, "hashtags": []}
{"id": 896466937877741568, "date": "2017-08-12", "time": "16:22:28", "tweet": "All the times Elon Musk has trash-talked Tesla’s stock price as overvalued  https://t.co/EXM5hCM2Pp", "likes_count": 5, "replies_count": 0, "retweets_count": 4, "hashtags": []}
{"id": 896465676172496896, "date": "2017-08-12", "time": "16:17:27", "tweet": "@markbspiegel all am saying tesla stock trades on the public's sentiment of tesla's growth prospects; profit not relevant &amp; $1.8b helps that", "likes_count": 0, "replies_count": 1, "retweets_count": 0, "hashtags": []}
{"id": 896453078261669889, "date": "2017-08-12", "time": "15:27:23", "tweet": "Why Tesla Inc. Will Never Be a Warren Buffett Stock -  https://t.co/6YeDXVWKPZ -  https://t.co/epkAVCiRDA #stock #news  https://t.co/91m4sy09F5", "likes_count": 0, "replies_count": 1, "retweets_count": 0, "hashtags": ["stock", "news"]}
{"id": 896452816428036096, "date": "2017-08-12", "time": "15:26:21", "tweet": "Shop 35 #Tesla cars currently in stock, including this deep metallic blue #ModelX #Model3  https://t.co/ac90Hz7Mij  https://t.co/0iwjgRV7kV", "likes_count": 1, "replies_count": 0, "retweets_count": 0, "hashtags": ["tesla", "modelx", "model3"]}
{"id": 896444072591863808, "date": "2017-08-12", "time": "14:51:36", "tweet": "Tesla Inc (TSLA) Stock Can't Sustain its Current Growth Rate | InvestorP  https://t.co/6gClnNSblM", "likes_count": 0, "replies_count": 0, "retweets_count": 0, "hashtags": []}
{"id": 896438900234764288, "date": "2017-08-12", "time": "14:31:03", "tweet": "elon-musk-tesla-stock: Espacio dedicado al mundo de los coches eléctricos y la movilidad sostenible.  https://t.co/oe7kkhqtSt", "likes_count": 1, "replies_count": 0, "retweets_count": 0, "hashtags": []}
{"id": 896429516943486976, "date": "2017-08-12", "time": "13:53:46", "tweet": "Tesla Is a Sleeping Giant !! #tesla #tsla #stock #stockmarket #options #money #cars #tech #technology  https://t.co/foIq5SNjSX", "likes_count": 0, "replies_count": 0, "retweets_count": 0, "hashtags": ["tesla", "tsla", "stock", "stockmarket", "options", "money", "cars", "tech", "technology"]}
{"id": 896410692743565316, "date": "2017-08-12", "time": "12:38:58", "tweet": "Why Tesla Inc. Will Never Be a Warren Buffett Stock  https://t.co/1VFGrMn3RH", "likes_count": 0, "replies_count": 0, "retweets_count": 0, "hashtags": []}
{"id": 896400149349642241, "date": "2017-08-12", "time": "11:57:04", "tweet": "Why Tesla Inc. Will Never Be a Warren Buffett Stock  https://t.co/ZmUz75Hv2u", "likes_count": 0, "replies_count": 0, "retweets_count": 0, "hashtags": []}
{"id": 896399650403606530, "date": "2017-08-12", "time": "11:55:05", "tweet": "If you work at Tesla, Google or another big publicly-traded company, you’ve likely considered owning their stock.   https://t.co/vjNxQoX49k", "likes_count": 1, "replies_count": 0, "retweets_count": 0, "hashtags": []}
{"id": 896388397903867904, "date": "2017-08-12", "time": "11:10:22", "tweet": "Tesla Advertising Still Nil, Model 3 Not Pitched At Stores  https://t.co/A7EvwlXIxZ", "likes_count": 0, "replies_count": 0, "retweets_count": 0, "hashtags": []}
{"id": 896387740400484356, "date": "2017-08-12", "time": "11:07:46", "tweet": "8/11/17- Stock Market Today ( Fri) ...Tesla- Bares Down- ( to win!)  https://t.co/QOQXZ0ezd9", "likes_count": 1, "replies_count": 0, "retweets_count": 0, "hashtags": []}
{"id": 896384751396900864, "date": "2017-08-12", "time": "10:55:53", "tweet": "Tesla Inc. $TSLA Stock Rating Reaffirmed by Guggenheim  https://t.co/zi51fEEHQH", "likes_count": 0, "replies_count": 0, "retweets_count": 0, "hashtags": []}
{"id": 896377794925666304, "date": "2017-08-12", "time": "10:28:14", "tweet": "How Intel Can Disrupt The Self-Driving Car Strategies Of Nvidia, Google, Baidu, And Tesla via /r/Stock_Picks  https://t.co/JWTvaoBZDV", "likes_count": 0, "replies_count": 0, "retweets_count": 0, "hashtags": []}
{"id": 896376551046094848, "date": "2017-08-12", "time": "10:23:18", "tweet": "Remember Tesla stock is only as good as the oil barons say it is", "likes_count": 0, "replies_count": 0, "retweets_count": 0, "hashtags": []}
{"id": 896373263630258177, "date": "2017-08-12", "time": "10:10:14", "tweet": "2018 Tesla Model X Reviewed From The UK In RHD – Videos  https://t.co/z3PCMhVxUB", "likes_count": 0, "replies_count": 0, "retweets_count": 0, "hashtags": []}
{"id": 896367579673100290, "date": "2017-08-12", "time": "09:47:39", "tweet": "Why Tesla Inc. Will Never Be a Warren Buffett Stock  https://t.co/KKcMzs1Euf .", "likes_count": 0, "replies_count": 0, "retweets_count": 0, "hashtags": []}
{"id": 896364986901114880, "date": "2017-08-12", "time": "09:37:21", "tweet": "@borghi_claudio @ChemistLele @Fulgidus LoL, se va su altrimenti no. Lo stesso vale per Oro/argento/ stock apple/Tesla/amd etc", "likes_count": 0, "replies_count": 0, "retweets_count": 0, "hashtags": []}
{"id": 896360712683089920, "date": "2017-08-12", "time": "09:20:22", "tweet": "\"Why Tesla Inc. Will Never Be a Warren Buffett Stock\"  https://t.co/nGgLkkynCN", "likes_count": 0, "replies_count": 0, "retweets_count": 0, "hashtags": []}
{"id": 896358823207645184, "date": "2017-08-12", "time": "09:12:51", "tweet": "Tesla’s Junk Bonds as Hot as Tesla Stock  https://t.co/jATFZpNmgL", "likes_count": 0, "replies_count": 0, "retweets_count": 0, "hashtags": []}
{"id": 896332897489170432, "date": "2017-08-12", "time": "07:29:50", "tweet": "@JeffreyMatthews @WSJ Why not just call them \"future stock holders\" of inevitability restructured Tesla?!?", "likes_count": 0, "replies_count": 0, "retweets_count": 0, "hashtags": []}
{"id": 896318281669279744, "date": "2017-08-12", "time": "06:31:45", "tweet": "Tesla Stock to $950 - here's why.  https://t.co/5nCbUfdSht", "likes_count": 0, "replies_count": 0, "retweets_count": 0, "hashtags": []}
{"id": 896316630195732481, "date": "2017-08-12", "time": "06:25:12", "tweet": "Will BMW's Electric-Car Plan Fall Short of Matching Tesla? - Motley Fool  https://t.co/DPhN1mdF4s", "likes_count": 0, "replies_count": 0, "retweets_count": 0, "hashtags": []}
{"id": 896294254863159296, "date": "2017-08-12", "time": "04:56:17", "tweet": "$FB Can Tesla Inc (TSLA) Stock Survive More Broken Promises?  https://t.co/YFZ9H7zMFh", "likes_count": 0, "replies_count": 0, "retweets_count": 0, "hashtags": []}
{"id": 896277463415881728, "date": "2017-08-12", "time": "03:49:33", "tweet": "Tesla Stock Generated Most Returns Among Car Makers This Year | Investopedia  https://t.co/k17tHCbpuT", "likes_count": 0, "replies_count": 0, "retweets_count": 0, "hashtags": []}
{"id": 896249892217081857, "date": "2017-08-12", "time": "02:00:00", "tweet": "Tesla stock is now valued at US$801,000 per car sold in 2016, compared to $26,000 per BMW sold and $5,000 per GM car sold.", "likes_count": 1, "replies_count": 0, "retweets_count": 1, "hashtags": []}
{"id": 896248328475815936, "date": "2017-08-12", "time": "01:53:47", "tweet": "Tesla Is a Sleeping Giant !! #tesla #tsla #stock #stockmarket #options #money #cars #tech #technology  https://t.co/4OHjBs6HJv", "likes_count": 0, "replies_count": 0, "retweets_count": 0, "hashtags": ["tesla", "tsla", "stock", "stockmarket", "options", "money", "cars", "tech", "technology"]}
{"id": 896242535881887748, "date": "2017-08-12", "time": "01:30:46", "tweet": "@stitcherman1984 On Tesla 2 I believe they lost an average of $4000 per car actually delivered. Their stock goes up because people love the idea", "likes_count": 0, "replies_count": 1, "retweets_count": 0, "hashtags": []}
{"id": 896234064562327552, "date": "2017-08-12", "time": "00:57:06", "tweet": "I need to get rich and buy Tesla stock before they take over the world 😪", "likes_count": 4, "replies_count": 0, "retweets_count": 0, "hashtags": []}
{"id": 896233342848425985, "date": "2017-08-12", "time": "00:54:14", "tweet": "I liked a @YouTube video  https://t.co/fdafSay6Cc Tesla Stock to $950 - here's why.", "likes_count": 0, "replies_count": 0, "retweets_count": 0, "hashtags": []}
{"id": 896205163928723458, "date": "2017-08-11", "time": "23:02:16", "tweet": "#LITechNews: Tesla’s stock charges up thanks to Model 3 demand and higher r #CleanEnergy #Conference #Shareholders  https://t.co/zAIXiwUC03", "likes_count": 0, "replies_count": 0, "retweets_count": 0, "hashtags": ["litechnews", "cleanenergy", "conference", "shareholders"]}
{"id": 896165833939992577, "date": "2017-08-11", "time": "20:25:59", "tweet": "@TIME @TIME It's time you shut down! Bogus journalism? #elon @elonmusk 52 weeks of salary &amp; stock given to the outgoing employee! #respect #tesla", "likes_count": 0, "replies_count": 0, "retweets_count": 0, "hashtags": ["elon", "respect", "tesla"]}
{"id": 896144889888481280, "date": "2017-08-11", "time": "19:02:45", "tweet": "The pricing of Tesla's bond is, let's be clear, even more ridiculous than its stock. The latter at least has some sort of option value $Tsla", "likes_count": 1, "replies_count": 0, "retweets_count": 1, "hashtags": []}
{"id": 896141940177031168, "date": "2017-08-11", "time": "18:51:02", "tweet": "Will BMW's Electric-Car Plan Fall Short of Matching Tesla? -- The ... - Motley Fool  https://t.co/HaYW5puVpb", "likes_count": 0, "replies_count": 0, "retweets_count": 0, "hashtags": []}
{"id": 896128836823154688, "date": "2017-08-11", "time": "17:58:58", "tweet": "$TSLA Tesla Agrees to Issue and Sell $1.80 Billion of Senior Notes From our Stock News Alerts App", "likes_count": 0, "replies_count": 0, "retweets_count": 0, "hashtags": []}
{"id": 896127083365113856, "date": "2017-08-11", "time": "17:52:00", "tweet": "$TSLA Patrick Degorce of Theleme Partners is betting the stock to decline with 285K shs of Put options. He holds no Tesla common shares.", "likes_count": 5, "replies_count": 0, "retweets_count": 4, "hashtags": []}
{"id": 896122492502159360, "date": "2017-08-11", "time": "17:33:46", "tweet": "$TSLA New SEC Document(s) for Tesla, Inc. From our Stock News Alerts App", "likes_count": 0, "replies_count": 0, "retweets_count": 0, "hashtags": []}
{"id": 896112245725212672, "date": "2017-08-11", "time": "16:53:02", "tweet": "Todays lesson: $tsla bond is junk, #tesla stock is junk as well.", "likes_count": 1, "replies_count": 0, "retweets_count": 0, "hashtags": ["tesla"]}
