{"id": 911736383068344320, "date": "2017-09-23", "time": "19:37:47", "tweet": "Tesla’s stock has been falling — but don’t try to figure out why  https://t.co/QcvKnOhb8K  https://t.co/2qUDqHMFbc", "likes_count": 0, "replies_count": 0, "retweets_count": 0, "hashtags": []}
{"id": 911706742207209472, "date": "2017-09-23", "time": "17:40:00", "tweet": "Investors boost AMD stock on reports of Tesla partnership  https://t.co/YxvmPytkIZ #autonomousCar #selfDrivingCar", "likes_count": 0, "replies_count": 0, "retweets_count": 1, "hashtags": ["autonomouscar", "selfdrivingcar"]}
{"id": 911691905259458560, "date": "2017-09-23", "time": "16:41:03", "tweet": "Tesla's stock has been falling &amp;mdash; but don't try to figure out why #Restaurant  https://t.co/1qQLmMB44I", "likes_count": 0, "replies_count": 0, "retweets_count": 0, "hashtags": ["restaurant"]}
{"id": 911681639612329985, "date": "2017-09-23", "time": "16:00:15", "tweet": ".@nvidia Stock Shaken On Report @Tesla Is Developing Chips With @AMD.  https://t.co/rUIuIwQipb via @IBDinvestors", "likes_count": 1, "replies_count": 0, "retweets_count": 0, "hashtags": []}
{"id": 911678989474902016, "date": "2017-09-23", "time": "15:49:43", "tweet": "I added a video to a @YouTube playlist  https://t.co/IGlAh2YqKE AMD, Apple, Micron, Tesla, Carmax | September Stock Market News |", "likes_count": 0, "replies_count": 0, "retweets_count": 0, "hashtags": []}
{"id": 911671883266961408, "date": "2017-09-23", "time": "15:21:29", "tweet": "Tesla's stock has been falling — but don't try to figure out why: Tesla shares have dropped…  https://t.co/IliR0W7MHl", "likes_count": 0, "replies_count": 0, "retweets_count": 0, "hashtags": []}
{"id": 911662707216183298, "date": "2017-09-23", "time": "14:45:01", "tweet": "Tesla's stock has been falling — but don't try to figure out why  https://t.co/0zEgLf78uy", "likes_count": 0, "replies_count": 0, "retweets_count": 0, "hashtags": []}
{"id": 911659755441147907, "date": "2017-09-23", "time": "14:33:18", "tweet": "#Destacado | #Tesla pone en marcha descuentos de hasta 30.000 euros en sus unidades de stock …  https://t.co/7VTkE7lwui", "likes_count": 0, "replies_count": 0, "retweets_count": 0, "hashtags": ["destacado", "tesla"]}
{"id": 911658976982573059, "date": "2017-09-23", "time": "14:30:12", "tweet": "#Destacado | #Tesla pone en marcha descuentos de hasta 30.000 euros en sus unidades de stock  https://t.co/tRUws6OipK  https://t.co/XSTzvdQBLM", "likes_count": 20, "replies_count": 0, "retweets_count": 10, "hashtags": ["destacado", "tesla"]}
{"id": 911657633412612096, "date": "2017-09-23", "time": "14:24:52", "tweet": "@dpakman woo, disclosed Tesla stock, taking a shot", "likes_count": 0, "replies_count": 0, "retweets_count": 0, "hashtags": []}
{"id": 911649804882767872, "date": "2017-09-23", "time": "13:53:45", "tweet": "Tesla Is a Sleeping Giant !! #tesla #tsla #stock #stockmarket #options #money #cars #tech #technology  https://t.co/QNRf2iBJ01", "likes_count": 0, "replies_count": 0, "retweets_count": 0, "hashtags": ["tesla", "tsla", "stock", "stockmarket", "options", "money", "cars", "tech", "technology"]}
{"id": 911631193346584581, "date": "2017-09-23", "time": "12:39:48", "tweet": "Watch Tesla Model S Beat Supercars In World’s Greatest Drag Race  https://t.co/pjzzhZHjfc", "likes_count": 0, "replies_count": 0, "retweets_count": 0, "hashtags": []}
{"id": 911614682720608258, "date": "2017-09-23", "time": "11:34:11", "tweet": "*Checks Tesla Stock*  https://t.co/OflHRJidbj", "likes_count": 0, "replies_count": 0, "retweets_count": 0, "hashtags": []}
{"id": 911610964230975489, "date": "2017-09-23", "time": "11:19:25", "tweet": "Tesla Model 3 Detailed Video Review Finally Surfaces  https://t.co/LYcZd5B9UN", "likes_count": 0, "replies_count": 0, "retweets_count": 0, "hashtags": []}
{"id": 911608374097215488, "date": "2017-09-23", "time": "11:09:07", "tweet": "Hurricane Survival 101: Tesla Vehicle, Tesla Powerwall, Solar Roof  https://t.co/erDno9bt79", "likes_count": 0, "replies_count": 0, "retweets_count": 0, "hashtags": []}
{"id": 911603832119074817, "date": "2017-09-23", "time": "10:51:05", "tweet": "If you failed to get out in time for the previous AMD spike on Tesla \"rumours\" I'm holding into Q3. Stock is volatile but has --&gt;", "likes_count": 0, "replies_count": 0, "retweets_count": 0, "hashtags": []}
{"id": 911585134385692672, "date": "2017-09-23", "time": "09:36:47", "tweet": "@ataillefer Le futur est dans un réseau fédéré ou chaque individu génère et stock localement son énergie (Tesla PowerWall). Equiv. Cell vs. Réseau fixe", "likes_count": 1, "replies_count": 0, "retweets_count": 0, "hashtags": []}
{"id": 911546849017901056, "date": "2017-09-23", "time": "07:04:39", "tweet": "Hurricane Irma Tesla Range-Extension Good Through October 1  https://t.co/LJXviDZKV3", "likes_count": 0, "replies_count": 0, "retweets_count": 0, "hashtags": []}
{"id": 911531025158803457, "date": "2017-09-23", "time": "06:01:46", "tweet": "Tesla's stock has been falling — but don't try to figure out why (TSLA)  https://t.co/0Z0o74GiPG", "likes_count": 0, "replies_count": 0, "retweets_count": 0, "hashtags": []}
{"id": 911468611197394944, "date": "2017-09-23", "time": "01:53:45", "tweet": "Tesla Is a Sleeping Giant !! #tesla #tsla #stock #stockmarket #options #money #cars #tech #technology  https://t.co/adslePbA1r", "likes_count": 0, "replies_count": 0, "retweets_count": 0, "hashtags": ["tesla", "tsla", "stock", "stockmarket", "options", "money", "cars", "tech", "technology"]}
