{"id": 820412657459167232, "date": "2017-01-14", "time": "18:29:54", "tweet": "@Ethan_Electric @Model3Owners Nvidia and Tesla stock both", "likes_count": 0, "replies_count": 1, "retweets_count": 0, "hashtags": []}
{"id": 820389882484887552, "date": "2017-01-14", "time": "16:59:24", "tweet": "Tesla #Stock: Tesla Just Pulled Off a Major ... -  https://t.co/sU0PrvgV1q - #AAPLStock #AppleStock #HotStockPicks #News #TeslaStock  https://t.co/HnQbf7BxlO", "likes_count": 0, "replies_count": 0, "retweets_count": 0, "hashtags": ["stock", "aaplstock", "applestock", "hotstockpicks", "news", "teslastock"]}
{"id": 820371925251698688, "date": "2017-01-14", "time": "15:48:03", "tweet": "Tesla Motors Inc. $TSLA Stock Live Analysis 12-12-2016 #tradeideas  https://t.co/xYxi5U76iQ  https://t.co/kLSdrrjDlx", "likes_count": 0, "replies_count": 0, "retweets_count": 0, "hashtags": ["tradeideas"]}
{"id": 820366639141003264, "date": "2017-01-14", "time": "15:27:03", "tweet": "Tesla Motors Inc. $TSLA Stock Live Analysis 12-07-2016 #investing  https://t.co/uZoIF18SqT  https://t.co/Yxs6XPF1WZ", "likes_count": 0, "replies_count": 0, "retweets_count": 0, "hashtags": ["investing"]}
{"id": 820342105855971330, "date": "2017-01-14", "time": "13:49:33", "tweet": "Tesla Stock: Tesla Just Pulled Off a Major Coup Against Apple  https://t.co/NIkHMkhDTR", "likes_count": 0, "replies_count": 0, "retweets_count": 0, "hashtags": []}
{"id": 820316563458945024, "date": "2017-01-14", "time": "12:08:04", "tweet": "NextEV Claims It’s Working On A Tesla Model X Competitor For Launch In 2018  https://t.co/RsrAU0g1Ba", "likes_count": 0, "replies_count": 0, "retweets_count": 0, "hashtags": []}
{"id": 820307134231347202, "date": "2017-01-14", "time": "11:30:36", "tweet": "Aberdeen Mayor will nullify Tesla Supercharger contract over failure to disclose stock holding  https://t.co/ruxz9tfziu  https://t.co/K2uyPbHpi5", "likes_count": 0, "replies_count": 0, "retweets_count": 0, "hashtags": []}
{"id": 820301581056872448, "date": "2017-01-14", "time": "11:08:32", "tweet": "Former Tesla Model S Chief Engineer Explains Design Of Lucid Air – Video  https://t.co/IJPmkd4mxk", "likes_count": 0, "replies_count": 0, "retweets_count": 0, "hashtags": []}
{"id": 820296882106863616, "date": "2017-01-14", "time": "10:49:51", "tweet": "Tesla Motors is Exciting… But Its Stock is Stagnant  https://t.co/0jQngepOy9  https://t.co/hPxZIwKZY1", "likes_count": 0, "replies_count": 0, "retweets_count": 0, "hashtags": []}
{"id": 820291789542293504, "date": "2017-01-14", "time": "10:29:37", "tweet": "$NVDA stock has quadrupled since last year on Autonomous car efforts. Drive PX / Xavier is state of the art. #tesla #yearofthemodel3", "likes_count": 34, "replies_count": 1, "retweets_count": 4, "hashtags": ["tesla", "yearofthemodel3"]}
{"id": 820290495280807937, "date": "2017-01-14", "time": "10:24:28", "tweet": "Markets Whimper to a Close, How Did This Stock Do: Tesla Motors, Inc. (NASDAQ:TSLA)  https://t.co/cCbbF8IV9Q", "likes_count": 0, "replies_count": 0, "retweets_count": 0, "hashtags": []}
{"id": 820286397311492097, "date": "2017-01-14", "time": "10:08:11", "tweet": "Tesla Adds Back +5 Over Speed Limit For Model S, X Autopilot  https://t.co/OxhNrGfPnt", "likes_count": 0, "replies_count": 0, "retweets_count": 0, "hashtags": []}
{"id": 820278086696476672, "date": "2017-01-14", "time": "09:35:10", "tweet": "Tesla Stock: Tesla Just Pulled Off a Major Coup Against Apple  https://t.co/bszBmBsOIv #CDNews #tcot", "likes_count": 0, "replies_count": 0, "retweets_count": 0, "hashtags": ["cdnews", "tcot"]}
{"id": 820270763085299712, "date": "2017-01-14", "time": "09:06:04", "tweet": "@CGrantWSJ Re article: Tesla- it is typical that as soon as there is a run up in Tesla stock that you and your", "likes_count": 0, "replies_count": 0, "retweets_count": 0, "hashtags": []}
{"id": 820270081066139648, "date": "2017-01-14", "time": "09:03:21", "tweet": "Tesla Stock: Tesla Just Pulled Off a Major Coup Against Apple  https://t.co/I5EatNiMOf", "likes_count": 0, "replies_count": 0, "retweets_count": 0, "hashtags": []}
{"id": 820269561610207235, "date": "2017-01-14", "time": "09:01:18", "tweet": "Aberdeen Mayor will nullify Tesla Supercharger contract over failure to disclose stock holding -  https://t.co/Y0uLnK0LMs #ev #tesla", "likes_count": 0, "replies_count": 0, "retweets_count": 0, "hashtags": ["ev", "tesla"]}
{"id": 820260610382430208, "date": "2017-01-14", "time": "08:25:43", "tweet": "TSLA Stock: Analyst Says This Could Be Bad News for Tesla Motors Inc #TeslaMotors  https://t.co/HA8KBWOwsZ #teslamotors", "likes_count": 0, "replies_count": 0, "retweets_count": 0, "hashtags": ["teslamotors", "teslamotors"]}
{"id": 820253409332760576, "date": "2017-01-14", "time": "07:57:07", "tweet": "Aberdeen Mayor will nullify Tesla Supercharger contract over failure to disclose stock holding - Teslarati  https://t.co/s9QY4wT5Th", "likes_count": 0, "replies_count": 0, "retweets_count": 0, "hashtags": []}
{"id": 820239380992421888, "date": "2017-01-14", "time": "07:01:22", "tweet": "Aberdeen Mayor will nullify Tesla Supercharger contract over failure to disclose stock holding  https://t.co/nJfCMQC8r9", "likes_count": 1, "replies_count": 0, "retweets_count": 0, "hashtags": []}
{"id": 820237546865225728, "date": "2017-01-14", "time": "06:54:05", "tweet": "Aberdeen Mayor will nullify Tesla Supercharger contract over failure to disclose stock holding -...  https://t.co/uwGTS45v5C", "likes_count": 0, "replies_count": 0, "retweets_count": 0, "hashtags": []}
{"id": 820209151007559680, "date": "2017-01-14", "time": "05:01:15", "tweet": "Aberdeen Mayor will nullify Tesla Supercharger contract over failure to disclose stock holding:…  https://t.co/8E2qMcjwAP #Autos #Car #Trucks  https://t.co/9oCnkhNwEx", "likes_count": 1, "replies_count": 0, "retweets_count": 0, "hashtags": ["autos", "car", "trucks"]}
{"id": 820209143222968322, "date": "2017-01-14", "time": "05:01:13", "tweet": "Aberdeen Mayor will nullify Tesla Supercharger contract over failure to disclose stock holding…  https://t.co/8IH6kL7cGl #Cars  #Autonews #NY  https://t.co/6bSKvEYfmd", "likes_count": 0, "replies_count": 0, "retweets_count": 0, "hashtags": ["cars", "autonews", "ny"]}
{"id": 820202334382788608, "date": "2017-01-14", "time": "04:34:09", "tweet": "Aberdeen Mayor will nullify Tesla Supercharger contract over failure to disclose stock holding:…  https://t.co/8E2qMcjwAP #Autos #Car #Trucks", "likes_count": 0, "replies_count": 0, "retweets_count": 0, "hashtags": ["autos", "car", "trucks"]}
{"id": 820202330725367808, "date": "2017-01-14", "time": "04:34:08", "tweet": "Aberdeen Mayor will nullify Tesla Supercharger contract over failure to disclose stock holding…  https://t.co/8IH6kL7cGl #Cars  #Autonews #NY", "likes_count": 0, "replies_count": 0, "retweets_count": 0, "hashtags": ["cars", "autonews", "ny"]}
{"id": 820196423488643073, "date": "2017-01-14", "time": "04:10:40", "tweet": "Tesla Convertible Bonds: An Alternative To Tesla Stock #TeslaMotors  https://t.co/Yi3GSzADLG #teslamotors", "likes_count": 0, "replies_count": 0, "retweets_count": 0, "hashtags": ["teslamotors", "teslamotors"]}
{"id": 820183998936662018, "date": "2017-01-14", "time": "03:21:18", "tweet": "Tesla Motors Stock Seen Reaching $280 #TeslaMotors  https://t.co/UE9pp3rUpR  https://t.co/BKBaSeqWBx", "likes_count": 0, "replies_count": 0, "retweets_count": 0, "hashtags": ["teslamotors"]}
{"id": 820182802150739969, "date": "2017-01-14", "time": "03:16:32", "tweet": "Aberdeen Mayor will nullify Tesla Supercharger contract over failure to disclose TSLA stock holding -  https://t.co/rvoLFGDNdw  https://t.co/jQh9QW4Ze2", "likes_count": 11, "replies_count": 0, "retweets_count": 3, "hashtags": []}
{"id": 820181672511406080, "date": "2017-01-14", "time": "03:12:03", "tweet": "Aberdeen Mayor will nullify Tesla Supercharger contract over failure to disclose stock holding  https://t.co/AnoMqdFfhb", "likes_count": 0, "replies_count": 0, "retweets_count": 0, "hashtags": []}
{"id": 820180700003500032, "date": "2017-01-14", "time": "03:08:11", "tweet": "Tesla to begin charging for electric car superchargers - KGO-TV  https://t.co/1v5DAXBXSI", "likes_count": 0, "replies_count": 0, "retweets_count": 0, "hashtags": []}
{"id": 820179571840610304, "date": "2017-01-14", "time": "03:03:42", "tweet": "Aberdeen Mayor will nullify Tesla Supercharger contract over failure to disclose stock holding  https://t.co/C8gBnszhy8", "likes_count": 0, "replies_count": 0, "retweets_count": 0, "hashtags": []}
{"id": 820179456534908928, "date": "2017-01-14", "time": "03:03:15", "tweet": "Aberdeen Mayor will nullify Tesla Supercharger contract over failure to disclose stock holding:  https://t.co/sjXXbkbZ2k #teslarati #tesla …", "likes_count": 0, "replies_count": 0, "retweets_count": 0, "hashtags": ["teslarati", "tesla"]}
{"id": 820101427188166656, "date": "2017-01-13", "time": "21:53:11", "tweet": "Dyson Hire From Tesla Stokes Electric Car Expectations - IndustryWeek  https://t.co/OJPvBnIuxg", "likes_count": 0, "replies_count": 0, "retweets_count": 0, "hashtags": []}
{"id": 820100987356643328, "date": "2017-01-13", "time": "21:51:26", "tweet": "Aberdeen mayor fines himself $500 over failure to disclose Tesla stock  https://t.co/lfrENu6ktZ", "likes_count": 0, "replies_count": 0, "retweets_count": 0, "hashtags": []}
{"id": 820075979238359043, "date": "2017-01-13", "time": "20:12:04", "tweet": "How and Why to #Invest in #Lithium Stock► https://t.co/A96Bw2gHFD◄Electric vehicles, like Tesla, need lithium-ion batteries to run.", "likes_count": 0, "replies_count": 0, "retweets_count": 1, "hashtags": ["invest", "lithium"]}
{"id": 820072526197952523, "date": "2017-01-13", "time": "19:58:21", "tweet": "Tesla releases Supercharger electric-car fast-charge prices - Green Car Reports  https://t.co/3mxCjCpTdD", "likes_count": 0, "replies_count": 0, "retweets_count": 0, "hashtags": []}
{"id": 820066753585807360, "date": "2017-01-13", "time": "19:35:24", "tweet": "Aberdeen mayor fines himself $500 over failure to disclose Tesla stock  https://t.co/q0gDwJ6JcH  https://t.co/Ciq9ql9dRx", "likes_count": 0, "replies_count": 0, "retweets_count": 0, "hashtags": []}
{"id": 820052870624055296, "date": "2017-01-13", "time": "18:40:14", "tweet": "Aberdeen mayor fines himself $500 over failure to disclose Tesla stock  https://t.co/tLFPSGVZoy  https://t.co/rqjX84uGny", "likes_count": 0, "replies_count": 0, "retweets_count": 0, "hashtags": []}
{"id": 820048968017022976, "date": "2017-01-13", "time": "18:24:44", "tweet": "Tesla bears where are you... You realize the stock is now at $237. Wonder who is buying the stock? It's someone. $tsla up 11% YTD", "likes_count": 14, "replies_count": 1, "retweets_count": 3, "hashtags": []}
{"id": 820047044102393857, "date": "2017-01-13", "time": "18:17:05", "tweet": "Aberdeen mayor fines himself $500 over failure to disclose Tesla stock - The Seattle Times  https://t.co/fMm5AYJ8l7", "likes_count": 0, "replies_count": 0, "retweets_count": 0, "hashtags": []}
