{"id": 858462222821019648, "date": "2017-04-29", "time": "19:25:18", "tweet": "Elon Musk mocks short sellers after Tesla stock surge | Article [AMP] | Reuters  https://t.co/G0qr6ytjRx (4/4/17) @Varneyco  PT Barnum", "likes_count": 0, "replies_count": 0, "retweets_count": 0, "hashtags": []}
{"id": 858447851218653184, "date": "2017-04-29", "time": "18:28:11", "tweet": "Stock Jumping Abnormally High: Tesla Motors, Inc. (TSLA) - HugoPress  https://t.co/ghFm0IEAfO  https://t.co/Y8uGiVtz4v", "likes_count": 1, "replies_count": 0, "retweets_count": 0, "hashtags": []}
{"id": 858424952978120705, "date": "2017-04-29", "time": "16:57:12", "tweet": "@ygAddie Tesla stock going up my G", "likes_count": 0, "replies_count": 0, "retweets_count": 0, "hashtags": []}
{"id": 858392929596878848, "date": "2017-04-29", "time": "14:49:57", "tweet": "As a tesla stockholder, I'm appalled! Going...to see if words and actions change. If not, I'll dump the stock   https://t.co/KptnRPLAgu", "likes_count": 4, "replies_count": 0, "retweets_count": 3, "hashtags": []}
{"id": 858388436222390275, "date": "2017-04-29", "time": "14:32:05", "tweet": "@BBCWorld This is mostly a complete BS, a way for Tesla for boost it's stock which is undeserving all time high.", "likes_count": 0, "replies_count": 1, "retweets_count": 0, "hashtags": []}
{"id": 858380500108427264, "date": "2017-04-29", "time": "14:00:33", "tweet": "As a Tesla stock owner, I oppose investing in a company that supports Trump... https://t.co/Tp7Og2pecy #elondumptrump", "likes_count": 1, "replies_count": 2, "retweets_count": 0, "hashtags": ["elondumptrump"]}
{"id": 858352214137610244, "date": "2017-04-29", "time": "12:08:09", "tweet": "Tesla Meets Ireland – Launch Video Released  https://t.co/co5u7YCfD8", "likes_count": 0, "replies_count": 0, "retweets_count": 0, "hashtags": []}
{"id": 858348167254953987, "date": "2017-04-29", "time": "11:52:05", "tweet": "Tesla earnings: Its all about the Model 3 amid a record run for the stock $TSLA #wlst  https://t.co/J637xZqjlv  https://t.co/vVKfq4tFGb", "likes_count": 0, "replies_count": 0, "retweets_count": 0, "hashtags": ["wlst"]}
{"id": 858341669342785536, "date": "2017-04-29", "time": "11:26:15", "tweet": "MarketWatch: \"Earnings Outlook: Tesla earnings: It’s all about the Model 3 amid a record run for the stock\"  https://t.co/BGPBXX6bSO #finan…", "likes_count": 0, "replies_count": 0, "retweets_count": 0, "hashtags": ["finan"]}
{"id": 858341420255645696, "date": "2017-04-29", "time": "11:25:16", "tweet": "Earnings Outlook: Tesla earnings: It’s all about the Model 3 amid a record run for the stock  https://t.co/cFFOqGelxM MarketWatch.c…", "likes_count": 0, "replies_count": 0, "retweets_count": 0, "hashtags": []}
{"id": 858341200486481920, "date": "2017-04-29", "time": "11:24:24", "tweet": "Earnings Outlook: Tesla earnings: It’s all about the Model 3 amid a record run for the stock  https://t.co/uQTcs5RTYS", "likes_count": 0, "replies_count": 0, "retweets_count": 0, "hashtags": []}
{"id": 858340904662446080, "date": "2017-04-29", "time": "11:23:13", "tweet": "Earnings Outlook: Tesla earnings: It’s all about the Model 3 amid a record run for the stock  https://t.co/cYnqe4UWjw", "likes_count": 0, "replies_count": 0, "retweets_count": 0, "hashtags": []}
{"id": 858338590459297792, "date": "2017-04-29", "time": "11:14:01", "tweet": "Six Core Building Blocks To Succeed At Tesla  https://t.co/ZJOEqYxE2S", "likes_count": 0, "replies_count": 0, "retweets_count": 0, "hashtags": []}
{"id": 858336900448485376, "date": "2017-04-29", "time": "11:07:18", "tweet": "@RoosterTeeth Artificially inflating the Drone and Tesla market to then short the stock and bank the cash. That's a @RoosterTeeth 101", "likes_count": 0, "replies_count": 0, "retweets_count": 0, "hashtags": []}
{"id": 858323271581872128, "date": "2017-04-29", "time": "10:13:09", "tweet": "Teslanomics Explores Tesla Service Center Equation With Model 3 Arrival  https://t.co/g6X9go85Fi", "likes_count": 0, "replies_count": 0, "retweets_count": 0, "hashtags": []}
{"id": 858314529578549248, "date": "2017-04-29", "time": "09:38:25", "tweet": "Tesla Model 3 Spotted:  Up Close And In The Rain – Video  https://t.co/b2gJfrpQNm", "likes_count": 0, "replies_count": 0, "retweets_count": 0, "hashtags": []}
{"id": 858310787978465280, "date": "2017-04-29", "time": "09:23:33", "tweet": "Tesla electric car battery life, Toyota fuel-cell fervor, new diesels still dirty, coal-free England: The Week in …  https://t.co/PY4SnwzRRg", "likes_count": 0, "replies_count": 0, "retweets_count": 0, "hashtags": []}
{"id": 858290607214743553, "date": "2017-04-29", "time": "08:03:21", "tweet": "Automatic Perpendicular Parking In A Tesla Model X – Video  https://t.co/IYNdoSfzi0", "likes_count": 0, "replies_count": 0, "retweets_count": 0, "hashtags": []}
{"id": 858280577891545088, "date": "2017-04-29", "time": "07:23:30", "tweet": "Tesla’s Network Of Destination Chargers Now Over 5,000 Sites  https://t.co/gnr2mscV05", "likes_count": 0, "replies_count": 0, "retweets_count": 0, "hashtags": []}
{"id": 858231886560108544, "date": "2017-04-29", "time": "04:10:01", "tweet": "Why Ford CEO Mark Fields Isn’t Sweating Tesla’s Stock Price Surge #Chef #ChefGia  https://t.co/PJxcVijw2h", "likes_count": 0, "replies_count": 0, "retweets_count": 0, "hashtags": ["chef", "chefgia"]}
{"id": 858207740526706689, "date": "2017-04-29", "time": "02:34:04", "tweet": "I thought i wanna take order for tesla's magnetic post it notes, but stickerrific already has them in stock.", "likes_count": 0, "replies_count": 1, "retweets_count": 0, "hashtags": []}
{"id": 858197429702852610, "date": "2017-04-29", "time": "01:53:06", "tweet": "BRIEF-Musk converts SolarCity senior notes into shares of Tesla common stock at conversion price of $300/shr -SEC filing", "likes_count": 0, "replies_count": 1, "retweets_count": 1, "hashtags": []}
{"id": 858185751137103873, "date": "2017-04-29", "time": "01:06:42", "tweet": "#INVEST #STOCK #NYSE | Tesla Semi: New Image, and Everything We…  https://t.co/lea7b9dh6f ♥Listen to Music 4 $$'s ??  https://t.co/6GLKROelb9  https://t.co/ogAUd6PONn", "likes_count": 1, "replies_count": 0, "retweets_count": 0, "hashtags": ["invest", "stock", "nyse"]}
{"id": 858185746519269376, "date": "2017-04-29", "time": "01:06:40", "tweet": "#INVEST #STOCK #NYSE | Tesla Semi: New Image, and Everything We…  https://t.co/DEJwfkvbIq ♥Listen to Music 4 $$'s ??  https://t.co/LmYkO8H6WJ  https://t.co/cr0l8GnONl", "likes_count": 1, "replies_count": 0, "retweets_count": 0, "hashtags": ["invest", "stock", "nyse"]}
{"id": 858181539250802689, "date": "2017-04-29", "time": "00:49:57", "tweet": "Stock Traders Purchase Large Volume of Tesla Call Options $TSLA  https://t.co/ZjZVfcRgg7", "likes_count": 0, "replies_count": 0, "retweets_count": 0, "hashtags": []}
{"id": 858138552827342848, "date": "2017-04-28", "time": "21:59:09", "tweet": "Tesla stock hit new high . Great stock for the long term. Will report earning soon. Might pop if earning report is good.", "likes_count": 0, "replies_count": 0, "retweets_count": 1, "hashtags": []}
{"id": 858116920922357760, "date": "2017-04-28", "time": "20:33:11", "tweet": "@elonmusk Gift cards for Tesla stock have been incredibly popular at retail locations  https://t.co/vfSMaCnp5w", "likes_count": 0, "replies_count": 0, "retweets_count": 0, "hashtags": []}
{"id": 858113136611778560, "date": "2017-04-28", "time": "20:18:09", "tweet": "Just been watching the Tesla stock with a big smile on my face", "likes_count": 2, "replies_count": 0, "retweets_count": 0, "hashtags": []}
{"id": 858086818478145536, "date": "2017-04-28", "time": "18:33:34", "tweet": "Tesla Semi: New Image, and Everything We Know - Motley Fool  https://t.co/EMAs7g7mxm", "likes_count": 0, "replies_count": 0, "retweets_count": 0, "hashtags": []}
{"id": 858077139618476034, "date": "2017-04-28", "time": "17:55:07", "tweet": "Back in Stock - Tesla Steampunk Nano 120W, Next Big Thing, Naked 100 Menthol #vape #vaper  https://t.co/PImgTSzQJH  https://t.co/5SLSXW2CG0", "likes_count": 0, "replies_count": 0, "retweets_count": 0, "hashtags": ["vape", "vaper"]}
{"id": 858075617857765378, "date": "2017-04-28", "time": "17:49:04", "tweet": "Buy. Tesla. Stock.  https://t.co/sQraAVwfiG", "likes_count": 0, "replies_count": 0, "retweets_count": 0, "hashtags": []}
{"id": 858074935230595075, "date": "2017-04-28", "time": "17:46:21", "tweet": "@ElectrekCo Why did @ElectrekCo get rid of the Tesla stock tracker? It was a nice feature. Can u bring it back?", "likes_count": 0, "replies_count": 0, "retweets_count": 0, "hashtags": []}
{"id": 858064909124472833, "date": "2017-04-28", "time": "17:06:31", "tweet": "My GF WON A FREE FACEBOOK STOCK!!! Lmk if you win Apple or Tesla  https://t.co/1B8gf6nZwg  https://t.co/47LoGv3ONF  https://t.co/rwcrwVRY0p", "likes_count": 2, "replies_count": 0, "retweets_count": 0, "hashtags": []}
{"id": 858064891554418689, "date": "2017-04-28", "time": "17:06:26", "tweet": "My GF WON A FREE FACEBOOK STOCK!!! Lmk if you win Apple or Tesla…  https://t.co/o0ID6FIKXC", "likes_count": 0, "replies_count": 0, "retweets_count": 0, "hashtags": []}
{"id": 858060379146121217, "date": "2017-04-28", "time": "16:48:31", "tweet": "@TurnVinyl I'd like to come back as me four years ago when I had enough cash to buy a metric tone of Tesla stock...and I didn't -_-", "likes_count": 0, "replies_count": 0, "retweets_count": 0, "hashtags": []}
{"id": 858059101267513349, "date": "2017-04-28", "time": "16:43:26", "tweet": "TSLA +5.44 total advance today 16:14 ET. Tesla Inc $TSLA 314.07 Stock hit a High of 314.80 and 308.00 Low with  https://t.co/YXE1UXAFVT", "likes_count": 0, "replies_count": 0, "retweets_count": 0, "hashtags": []}
{"id": 858058783578353664, "date": "2017-04-28", "time": "16:42:10", "tweet": "valuewalk: “Tesla would have to be a great stock for the next decade”, Reallly?  https://t.co/sl8O31c6vZ  https://t.co/WUaiCkpC2R", "likes_count": 0, "replies_count": 0, "retweets_count": 0, "hashtags": []}
{"id": 858058529667665920, "date": "2017-04-28", "time": "16:41:10", "tweet": "“Tesla would have to be a great stock for the next decade”, Reallly?  https://t.co/D4BsYJNWFt  https://t.co/1i4OhSkgRO", "likes_count": 3, "replies_count": 1, "retweets_count": 1, "hashtags": []}
{"id": 858057329257967617, "date": "2017-04-28", "time": "16:36:23", "tweet": "Hot Stock Update: Tesla Motors, Inc. (TSLA)  https://t.co/73Ypyq1h0a  https://t.co/pkCoGJSafU", "likes_count": 0, "replies_count": 0, "retweets_count": 0, "hashtags": []}
{"id": 858054042014167040, "date": "2017-04-28", "time": "16:23:20", "tweet": "@elonmusk Keep the tweets flowing that tesla stock is going up and up! Btw if neuralink comes to life, will you consider going public?", "likes_count": 1, "replies_count": 0, "retweets_count": 0, "hashtags": []}
