{"id": 949768676630134784, "date": "2018-01-06", "time": "17:24:33", "tweet": "@SmallCapsMan @IvanTheK @EricSteiman @jciv I think the market for Tesla stock is efficient. See... people who can’t talk without insults will get blocked. Who are you exactly?", "likes_count": 0, "replies_count": 0, "retweets_count": 0, "hashtags": []}
{"id": 949724726829699072, "date": "2018-01-06", "time": "14:29:54", "tweet": "@Simbuilder Can y’all fix the Tesla R.. time? After an update about 2 weeks ago they have beaten almost every car and the expensive cars that had high speed can’t get there anymore the Lamborghini Hurricane used to get 260mph on stock now I can’t even get to 200 with out the help of nos.", "likes_count": 0, "replies_count": 0, "retweets_count": 0, "hashtags": []}
{"id": 949700531605397504, "date": "2018-01-06", "time": "12:53:45", "tweet": "Tesla Is a Sleeping Giant !! #tesla #tsla #stock #stockmarket #options #money #cars #tech #technology  https://t.co/Rqy8lI7RBG", "likes_count": 0, "replies_count": 0, "retweets_count": 0, "hashtags": ["tesla", "tsla", "stock", "stockmarket", "options", "money", "cars", "tech", "technology"]}
{"id": 949699112324288512, "date": "2018-01-06", "time": "12:48:07", "tweet": "TSLA Stock: Tesla Model 3 accelerates from 0-60 mph in 4.6 secs – faster than Tesla…  https://t.co/Szgq1es6yL", "likes_count": 0, "replies_count": 0, "retweets_count": 0, "hashtags": []}
{"id": 949694305492336640, "date": "2018-01-06", "time": "12:29:01", "tweet": "What's hotter than #Bitcoin and #Tesla stock? The guaranteed profits of starting up a real #GorillaChannel.  WE HAVE THE TECHNOLOGY.  https://t.co/S6gMPrf5MQ", "likes_count": 4, "replies_count": 0, "retweets_count": 0, "hashtags": ["bitcoin", "tesla", "gorillachannel"]}
{"id": 949692981757595648, "date": "2018-01-06", "time": "12:23:45", "tweet": "Move over GM/Ford Tesla's got the wheel now !! #tesla #tsla #stock #stockmarket #options #money #cars #tech #technology  https://t.co/YBQJi7eh1f", "likes_count": 0, "replies_count": 0, "retweets_count": 0, "hashtags": ["tesla", "tsla", "stock", "stockmarket", "options", "money", "cars", "tech", "technology"]}
{"id": 949691359052619776, "date": "2018-01-06", "time": "12:17:19", "tweet": "@elonmusk when 2018 gets hard for Tesla car production, take serious consideration in doing an ICO instead of issuing traditional stock. we are all rooting for Tesla to succeed.", "likes_count": 0, "replies_count": 0, "retweets_count": 0, "hashtags": []}
{"id": 949685976137437184, "date": "2018-01-06", "time": "11:55:55", "tweet": "USE MY LINK AND GET A FREE STOCK!😉💯😁👉it could be anything from Apple, Tesla, and Facebook to…  https://t.co/akDebJFCf4", "likes_count": 0, "replies_count": 0, "retweets_count": 0, "hashtags": []}
{"id": 949683638857211905, "date": "2018-01-06", "time": "11:46:38", "tweet": "I never saw a used #ChevyBolt for $85,000, I guess @elonmusk &amp; @Tesla make better cars...  https://t.co/AcmLPJHFpw", "likes_count": 1, "replies_count": 0, "retweets_count": 0, "hashtags": ["chevybolt"]}
{"id": 949675976371462144, "date": "2018-01-06", "time": "11:16:11", "tweet": "Franz Takes An Afternoon Cruise In New Tesla Roadster  https://t.co/BaPb92XJof", "likes_count": 0, "replies_count": 0, "retweets_count": 0, "hashtags": []}
{"id": 949669367800913920, "date": "2018-01-06", "time": "10:49:55", "tweet": "@chardisty @amazon @Tesla That's a good point.  Or, maybe more precisely, enthusiasm for future stock prices.", "likes_count": 1, "replies_count": 0, "retweets_count": 0, "hashtags": []}
{"id": 949669267284389889, "date": "2018-01-06", "time": "10:49:31", "tweet": "@markbspiegel @mattdebord More you bash tsla, the higher the stock go. Tesla is a scam, why do you report it to sec", "likes_count": 0, "replies_count": 1, "retweets_count": 0, "hashtags": []}
{"id": 949655840910381057, "date": "2018-01-06", "time": "09:56:10", "tweet": "DragTimes Clocks Tesla Model 3 At 4.66 Seconds In 0-60 MPH Dash – Video  https://t.co/SjRaFiWkrl", "likes_count": 0, "replies_count": 0, "retweets_count": 0, "hashtags": []}
{"id": 949651481938006016, "date": "2018-01-06", "time": "09:38:51", "tweet": "@JudLounsbury I would propose that stock values these days are often more a measure of enthusiasm for a company's future than reflective of actual corporate profits. If stock value reflected profits, @amazon and @Tesla would be worth much less.", "likes_count": 1, "replies_count": 1, "retweets_count": 0, "hashtags": []}
{"id": 949650974091763719, "date": "2018-01-06", "time": "09:36:50", "tweet": "Elon Musk says Tesla doesn't 'deserve' market value  Tesla founder Elon Musk says the electric car maker doesn't deserve its current stock market value.   https://t.co/VGBmaC5pT5", "likes_count": 0, "replies_count": 0, "retweets_count": 0, "hashtags": []}
{"id": 949649356176740352, "date": "2018-01-06", "time": "09:30:24", "tweet": "Tesla Model 3 numbers, missing hydrogen stations, electric-car sales, 2018 Leaf: The Week in Reverse - Green Car Reports  https://t.co/m36rSG3eSO", "likes_count": 0, "replies_count": 0, "retweets_count": 0, "hashtags": []}
{"id": 949643982883012608, "date": "2018-01-06", "time": "09:09:03", "tweet": "Tesla Motors Inc. $TSLA Stock Live Analysis 12-07-2016 #stocks  https://t.co/MF4VhfeKv3", "likes_count": 0, "replies_count": 0, "retweets_count": 0, "hashtags": ["stocks"]}
{"id": 949634264341078016, "date": "2018-01-06", "time": "08:30:26", "tweet": "Tesla's woes and a bumpy ride for electric cars - Financial Times  https://t.co/hiJ8JOfwng", "likes_count": 0, "replies_count": 0, "retweets_count": 0, "hashtags": []}
{"id": 949627872242679808, "date": "2018-01-06", "time": "08:05:02", "tweet": "As Tesla (TSLA) Stock Rose, Light Street Capital Management Boosted Position; Foundation Asset ...  https://t.co/j7F6f4vSHO", "likes_count": 0, "replies_count": 0, "retweets_count": 0, "hashtags": []}
{"id": 949623587618639872, "date": "2018-01-06", "time": "07:48:01", "tweet": "@IRdotnet @realDonaldTrump Amazon is supported by the globalist bank mob. Hence stock price supported/ propped up  $590B (330x PE was NA until a year or so ago as never made a profit) cap all these years.  Same goes for Tesla and many others", "likes_count": 0, "replies_count": 0, "retweets_count": 0, "hashtags": []}
