{"id": 871127511207473154, "date": "2017-06-03", "time": "18:12:38", "tweet": "Toyota ends electric-car ties with Tesla: report -  https://t.co/nr2QrGEJ2C  https://t.co/ouUZIdRrzH", "likes_count": 0, "replies_count": 0, "retweets_count": 0, "hashtags": []}
{"id": 871119423586918400, "date": "2017-06-03", "time": "17:40:29", "tweet": "Why Toyota Sold All Its Tesla Stock (NYSE: TM) (NASDAQ: TSLA) - 24/7 Wall St.  https://t.co/aFnqjhjrn1 via @247WallSt", "likes_count": 2, "replies_count": 0, "retweets_count": 0, "hashtags": []}
{"id": 871109708572229634, "date": "2017-06-03", "time": "17:01:53", "tweet": "Toyota Reveals It Dumped Its Entire Stake in Tesla -- Then the Stock Surged 65% - TheStreet  https://t.co/6ufFXwrGJ8", "likes_count": 0, "replies_count": 0, "retweets_count": 0, "hashtags": []}
{"id": 871109337057558532, "date": "2017-06-03", "time": "17:00:25", "tweet": "Toyota Reveals It Dumped Its Entire Stake in Tesla -- Then the Stock Surged 65%  https://t.co/6ufFXwrGJ8", "likes_count": 0, "replies_count": 0, "retweets_count": 0, "hashtags": []}
{"id": 871101677494878208, "date": "2017-06-03", "time": "16:29:58", "tweet": "Toyota Reveals It Dumped Its Entire Stake in Tesla -- Then the Stock Surged 65% - TheStreet  https://t.co/3u1O31D0Qy", "likes_count": 0, "replies_count": 1, "retweets_count": 0, "hashtags": []}
{"id": 871099867564843008, "date": "2017-06-03", "time": "16:22:47", "tweet": "\"Why Tesla’s Stock Is So Strong\" by Joe Fahmy  https://t.co/6pQPP1f9gg $TSLA $AMZN $AAPL $STUDY", "likes_count": 1, "replies_count": 0, "retweets_count": 1, "hashtags": []}
{"id": 871096671010267137, "date": "2017-06-03", "time": "16:10:05", "tweet": "2016 Tesla Model X Vs 2016 Porsche Cayenne Turbo S – Drag Race Video  https://t.co/z12bCQRhh7", "likes_count": 0, "replies_count": 0, "retweets_count": 0, "hashtags": []}
{"id": 871080559811809280, "date": "2017-06-03", "time": "15:06:04", "tweet": "Tesla Inc. $TSLA Stock Live Analysis 05-01-2017 #stocks   https://t.co/6UeBVxbkql", "likes_count": 0, "replies_count": 0, "retweets_count": 0, "hashtags": ["stocks"]}
{"id": 871076301909577730, "date": "2017-06-03", "time": "14:49:08", "tweet": "Toyota Reveals It Dumped Its Entire Stake in Tesla -- Then the Stock Surged 65% $TSLA  https://t.co/eA3gm96unI  https://t.co/2V4Sm6EoQ2", "likes_count": 0, "replies_count": 0, "retweets_count": 0, "hashtags": []}
{"id": 871074546031501312, "date": "2017-06-03", "time": "14:42:10", "tweet": "Tesla Model X sales, electric cars vs hybrids, Hyundai Ioniq battery, Paris pact pullout: The Week in Reverse - Gr…  https://t.co/nONwK7qJTe", "likes_count": 0, "replies_count": 0, "retweets_count": 0, "hashtags": []}
{"id": 871071411082641408, "date": "2017-06-03", "time": "14:29:42", "tweet": "So im not the only one doubting Tesla...great article. Mr. Mark Vaughn we are 3 now not buying this stock !  https://t.co/Y39XfJa81w", "likes_count": 0, "replies_count": 0, "retweets_count": 0, "hashtags": []}
{"id": 871036379052027904, "date": "2017-06-03", "time": "12:10:30", "tweet": "Tesla Launches New Configurator For Model S, X  https://t.co/iXu6fnqHR4", "likes_count": 0, "replies_count": 0, "retweets_count": 0, "hashtags": []}
{"id": 871033920229453825, "date": "2017-06-03", "time": "12:00:44", "tweet": "Tesla, GM face proxy battles next week - Amid very different trajectories for their stock prices, Tesla and GM ...  https://t.co/2NzMNhmbum", "likes_count": 0, "replies_count": 0, "retweets_count": 0, "hashtags": []}
{"id": 871027231904198656, "date": "2017-06-03", "time": "11:34:09", "tweet": "Tesla’s stock (TSLA) rises to new highs as Model 3 gets closer to production  https://t.co/1baCqiTSKO", "likes_count": 0, "replies_count": 0, "retweets_count": 0, "hashtags": []}
{"id": 871012836411133952, "date": "2017-06-03", "time": "10:36:57", "tweet": "Tesla Model 3 Hits The Company’s Fremont Test Track – Videos  https://t.co/nDYiwxrCpb", "likes_count": 0, "replies_count": 0, "retweets_count": 0, "hashtags": []}
{"id": 871004054494826496, "date": "2017-06-03", "time": "10:02:03", "tweet": "Report: June 2nd VIP Tour, Private Model 3 Viewing, Q&amp;A With Tesla Designer  https://t.co/OCEiYZSVTT", "likes_count": 0, "replies_count": 0, "retweets_count": 0, "hashtags": []}
{"id": 871002037252640768, "date": "2017-06-03", "time": "09:54:02", "tweet": "Why Toyota Sold All Its Tesla Stock  https://t.co/hmGq1Y3I2u", "likes_count": 0, "replies_count": 0, "retweets_count": 0, "hashtags": []}
{"id": 871001404554563586, "date": "2017-06-03", "time": "09:51:31", "tweet": "Why Toyota Sold All Its Tesla Stock  https://t.co/QcWswVVx6p", "likes_count": 0, "replies_count": 0, "retweets_count": 0, "hashtags": []}
{"id": 871000498119221249, "date": "2017-06-03", "time": "09:47:55", "tweet": "Why Toyota Sold All Its Tesla Stock  https://t.co/WAqVmKFx2H", "likes_count": 0, "replies_count": 0, "retweets_count": 0, "hashtags": []}
{"id": 870967947812057088, "date": "2017-06-03", "time": "07:38:35", "tweet": "Sign of \"end times\" ? #Tesla How much $$$ did #Toyota make? Some est. based on latest stock price say $30 billion Thank you #America #Obama  https://t.co/dlXaOin0xf", "likes_count": 0, "replies_count": 0, "retweets_count": 1, "hashtags": ["tesla", "toyota", "america", "obama"]}
{"id": 870965420647370752, "date": "2017-06-03", "time": "07:28:32", "tweet": "Toyota flogs its final Tesla shareholding after signalling plans to go it alone on electric cars - City A.M.  https://t.co/k52LFParNr", "likes_count": 0, "replies_count": 0, "retweets_count": 0, "hashtags": []}
{"id": 870965313478828033, "date": "2017-06-03", "time": "07:28:07", "tweet": "@kling_barbara DOESN'T THE FACT THAT TESLA STOCK TRADES MORE THAN TEN TIMES HIGHER THAN G.M. SAY IT ALL", "likes_count": 0, "replies_count": 0, "retweets_count": 0, "hashtags": []}
{"id": 870959823856316416, "date": "2017-06-03", "time": "07:06:18", "tweet": "Good time, it seems, to buy Tesla stock!  https://t.co/l2q5RoJ2rE", "likes_count": 0, "replies_count": 0, "retweets_count": 0, "hashtags": []}
{"id": 870915989357051905, "date": "2017-06-03", "time": "04:12:07", "tweet": "@billmaher I'm far from pro coal/anti-clean energy, but bringing up Tesla is bullshit. Tesla's stock is inflated AND it only employs 30k", "likes_count": 0, "replies_count": 0, "retweets_count": 0, "hashtags": []}
{"id": 870862678117552128, "date": "2017-06-03", "time": "00:40:16", "tweet": "@ClaytonInfoSec Like I honestly think Tesla has a lot of levers to pull and can go a lot higher because price doesn't have to make sense for the stock", "likes_count": 0, "replies_count": 1, "retweets_count": 0, "hashtags": []}
{"id": 870829907584176128, "date": "2017-06-02", "time": "22:30:03", "tweet": "@RealTimers @billmaher @HBO @BenSasse But yes Wall Street is expecting far more from Tesla than GM. however Stock price can not be used to compare the value between companies.", "likes_count": 0, "replies_count": 0, "retweets_count": 0, "hashtags": []}
{"id": 870826302982545408, "date": "2017-06-02", "time": "22:15:44", "tweet": "Thank Tesla and tax credits for putting more electric cars on Hawaii roads - Hawaii News Now  https://t.co/Coaa39VlLT", "likes_count": 0, "replies_count": 0, "retweets_count": 0, "hashtags": []}
{"id": 870822048926453760, "date": "2017-06-02", "time": "21:58:50", "tweet": "Tesla Inc (TSLA) Stock at Risk as Trump Exits Paris Accord  https://t.co/DcLNPi0pti @investorplace", "likes_count": 0, "replies_count": 0, "retweets_count": 0, "hashtags": []}
{"id": 870815878119432193, "date": "2017-06-02", "time": "21:34:18", "tweet": "@elonmusk @elonmusk  I was about to buy stock in Tesla, will Tesla suffer from this decision if subsidiary funding ceases? Is that a viable question?", "likes_count": 0, "replies_count": 0, "retweets_count": 0, "hashtags": []}
{"id": 870812595753701376, "date": "2017-06-02", "time": "21:21:16", "tweet": "@jimcramer And $RACE is better than Tesla....stock.up huge.", "likes_count": 0, "replies_count": 0, "retweets_count": 0, "hashtags": []}
{"id": 870792154238427138, "date": "2017-06-02", "time": "20:00:02", "tweet": "Check. Tesla's stock (TSLA) rises to new highs as Model 3 gets closer to production  https://t.co/7Zv9GYXkSE via @FredericLambert #marketing", "likes_count": 0, "replies_count": 0, "retweets_count": 0, "hashtags": ["marketing"]}
{"id": 870783856982577152, "date": "2017-06-02", "time": "19:27:04", "tweet": "Check out this 2014 #Tesla #Model #S! This vehicle is located at #IAA #Anaheim. Mileage is 50,269. Stock # 19773504.  https://t.co/wRmrjJ4gJd", "likes_count": 1, "replies_count": 0, "retweets_count": 0, "hashtags": ["tesla", "model", "s", "iaa", "anaheim"]}
{"id": 870773823724937216, "date": "2017-06-02", "time": "18:47:12", "tweet": "I've made over $200 dollars from Tesla stock in the last two weeks...", "likes_count": 1, "replies_count": 0, "retweets_count": 0, "hashtags": []}
{"id": 870769920702685184, "date": "2017-06-02", "time": "18:31:41", "tweet": "Thank you Tesla and Disney.  This makes it an easy decision.  I will never buy your stock or use your products.", "likes_count": 5, "replies_count": 0, "retweets_count": 2, "hashtags": []}
{"id": 870764217615470592, "date": "2017-06-02", "time": "18:09:02", "tweet": "@ShannonBrownlee @Mike_MD @amitabhchandra2 @RslewisSally @realhardnews @RogueRad @anish_koka @michelaccad Plausible. Then again, his Tesla may not prove what you think it does. Did he buy it with inherited money? Stock sales? Did his wife buy it?", "likes_count": 0, "replies_count": 1, "retweets_count": 0, "hashtags": []}
{"id": 870734059042983941, "date": "2017-06-02", "time": "16:09:11", "tweet": "@GeorgeTakei As a matter if principle I am selling my Tesla stock. I know you'll understand.", "likes_count": 0, "replies_count": 0, "retweets_count": 0, "hashtags": []}
{"id": 870733697476997125, "date": "2017-06-02", "time": "16:07:45", "tweet": "@vostrain @jeffreywuhl @haralabob They do if Tesla's stock crashes. My guess is the brand stays alive because of it's following, but a major car company buys them.", "likes_count": 0, "replies_count": 0, "retweets_count": 0, "hashtags": []}
{"id": 870719511002927105, "date": "2017-06-02", "time": "15:11:23", "tweet": "Tesla, GM face proxy battles next week: Amid very different trajectories for their stock prices, Tesla…  https://t.co/deteF20v2x MARKETWATCH", "likes_count": 0, "replies_count": 0, "retweets_count": 0, "hashtags": []}
{"id": 870716769383723009, "date": "2017-06-02", "time": "15:00:29", "tweet": "Tesla Motors Stock RSI  https://t.co/PeHnuHYkAu", "likes_count": 0, "replies_count": 0, "retweets_count": 0, "hashtags": []}
{"id": 870716006418845697, "date": "2017-06-02", "time": "14:57:27", "tweet": "When Tesla's stock skyrockets after it properly rolls out the Model 3. I hope these short sellers can cover their bets.", "likes_count": 0, "replies_count": 0, "retweets_count": 0, "hashtags": []}
