{"id": 893977210775683073, "date": "2017-08-05", "time": "19:29:10", "tweet": "@teslanomicsco @TeslaMotors So up to 350k Tesla owners will get the full refund and 300k more will get half or a quarter? That's over 4 billion dollars to US citizens.", "likes_count": 0, "replies_count": 1, "retweets_count": 0, "hashtags": []}
{"id": 893972586358480896, "date": "2017-08-05", "time": "19:10:48", "tweet": "Tesla: Buy the Car, Not the Stock  https://t.co/fBmAaLHbjK", "likes_count": 0, "replies_count": 0, "retweets_count": 0, "hashtags": []}
{"id": 893967427901456384, "date": "2017-08-05", "time": "18:50:18", "tweet": "@Michael5SOS you own tesla lock stock and barrel and you wakeup dude", "likes_count": 0, "replies_count": 0, "retweets_count": 0, "hashtags": []}
{"id": 893962015793979394, "date": "2017-08-05", "time": "18:28:48", "tweet": "@anandsr21 Tesla shares? Heard of central banks printing $? ZIRP/NIRP? Heard of stock bubbles? You obviously are a $TSLA fanboy. Wasting my time, bye.", "likes_count": 0, "replies_count": 3, "retweets_count": 0, "hashtags": []}
{"id": 893952194558402560, "date": "2017-08-05", "time": "17:49:46", "tweet": "#ElectricCar: Tesla Stock Generated Most Returns Among Car Makers This Year ...  https://t.co/IzmwdgeLIQ", "likes_count": 0, "replies_count": 0, "retweets_count": 0, "hashtags": ["electriccar"]}
{"id": 893951201515106304, "date": "2017-08-05", "time": "17:45:49", "tweet": "Tesla Stock Generated Most Returns Among Car Makers This Year  https://t.co/25CGlVE9ef", "likes_count": 0, "replies_count": 0, "retweets_count": 0, "hashtags": []}
{"id": 893950159373119488, "date": "2017-08-05", "time": "17:41:41", "tweet": "Tesla: Buy the Car, Not the Stock $TSLA  https://t.co/rqd2ngB3iK", "likes_count": 0, "replies_count": 1, "retweets_count": 0, "hashtags": []}
{"id": 893945751243341824, "date": "2017-08-05", "time": "17:24:10", "tweet": "Tesla Stock Generated Most Returns Among Car Makers This Year  https://t.co/qkXuQJZwlH #nyse  https://t.co/HpKQekeNyr", "likes_count": 0, "replies_count": 0, "retweets_count": 0, "hashtags": ["nyse"]}
{"id": 893944155277230081, "date": "2017-08-05", "time": "17:17:49", "tweet": "Tesla Stock Generated Most Returns Among Car Makers This Year | Investopedia  https://t.co/yDK23L8yV8", "likes_count": 0, "replies_count": 0, "retweets_count": 0, "hashtags": []}
{"id": 893943649876279296, "date": "2017-08-05", "time": "17:15:49", "tweet": "Tesla Stock Generated Most Returns Among Car Makers This Year  https://t.co/thbkHOpcXt", "likes_count": 0, "replies_count": 0, "retweets_count": 0, "hashtags": []}
{"id": 893940336271257600, "date": "2017-08-05", "time": "17:02:39", "tweet": "Tesla Stock Generated Most Returns Among Car Makers This Year  https://t.co/PogPzmBlLE .", "likes_count": 0, "replies_count": 0, "retweets_count": 0, "hashtags": []}
{"id": 893938829287141379, "date": "2017-08-05", "time": "16:56:40", "tweet": "Tesla Stock Generated Most Returns Among Car Makers This Year -  https://t.co/EaoFRQM7uF electric car maker is way ahead of established ca...", "likes_count": 0, "replies_count": 0, "retweets_count": 0, "hashtags": []}
{"id": 893913423003734016, "date": "2017-08-05", "time": "15:15:42", "tweet": "Tesla Model S Helps Launch Spy Planes At Royal Air Force Base – Video  https://t.co/UOtutUBZOp", "likes_count": 0, "replies_count": 0, "retweets_count": 0, "hashtags": []}
{"id": 893910780365725696, "date": "2017-08-05", "time": "15:05:12", "tweet": "Tesla's surging stock is crushing short sellers  https://t.co/3baXo0MpMa", "likes_count": 0, "replies_count": 0, "retweets_count": 0, "hashtags": []}
{"id": 893897249553514497, "date": "2017-08-05", "time": "14:11:26", "tweet": "Tesla stock rockets skyward again  https://t.co/3JNsQYfB7A  https://t.co/LGuQDw412F", "likes_count": 18, "replies_count": 1, "retweets_count": 3, "hashtags": []}
{"id": 893889129800511489, "date": "2017-08-05", "time": "13:39:10", "tweet": "Tesla Stock Goes Rocketing Skyward Once Again :  https://t.co/4SxWHSO4W3 #EVs #electriccars", "likes_count": 1, "replies_count": 0, "retweets_count": 0, "hashtags": ["evs", "electriccars"]}
{"id": 893888161285373954, "date": "2017-08-05", "time": "13:35:19", "tweet": "Tesla Stock Goes Rocketing Skyward Once Again  https://t.co/uC0JNl7mbx", "likes_count": 0, "replies_count": 0, "retweets_count": 0, "hashtags": []}
{"id": 893883942608060416, "date": "2017-08-05", "time": "13:18:34", "tweet": "Tesla Stock Goes Rocketing Skyward Once Again  https://t.co/Y3sOnmfL29 #EV #EVnews #masinielectrice", "likes_count": 0, "replies_count": 0, "retweets_count": 0, "hashtags": ["ev", "evnews", "masinielectrice"]}
{"id": 893880384961826820, "date": "2017-08-05", "time": "13:04:25", "tweet": "Tesla Stock Goes Rocketing Skyward Once Again  https://t.co/bNkNMoYewO", "likes_count": 12, "replies_count": 0, "retweets_count": 5, "hashtags": []}
{"id": 893872835093045248, "date": "2017-08-05", "time": "12:34:25", "tweet": "#Tesla: Buy the Car, Not the Stock: $TSLA #valuation #Model3   https://t.co/mnkjqGEamB", "likes_count": 0, "replies_count": 0, "retweets_count": 0, "hashtags": ["tesla", "valuation", "model3"]}
