{"id": 883838028350926849, "date": "2017-07-08", "time": "19:59:41", "tweet": "Here's why the bear market may not be over for Tesla's stock - CNBC  https://t.co/EBt0Bo5lpK", "likes_count": 0, "replies_count": 0, "retweets_count": 0, "hashtags": []}
{"id": 883837036234498050, "date": "2017-07-08", "time": "19:55:44", "tweet": "@elonmusk It's called the Stock Market! Ebb and flow morons. Tesla is a strong company.", "likes_count": 0, "replies_count": 0, "retweets_count": 0, "hashtags": []}
{"id": 883836879170416640, "date": "2017-07-08", "time": "19:55:07", "tweet": "@elonmusk Article TL;DR: \"The stock market that fluctuates regularly fluctuated badly for Tesla today. Looks like ol'Elon better pack his bags.\"", "likes_count": 0, "replies_count": 0, "retweets_count": 0, "hashtags": []}
{"id": 883834689093554176, "date": "2017-07-08", "time": "19:46:25", "tweet": "Tesla's Stock Selloff Messes Up Musk's Big Week  https://t.co/9J57c5sXNO", "likes_count": 0, "replies_count": 0, "retweets_count": 0, "hashtags": []}
{"id": 883834000439103488, "date": "2017-07-08", "time": "19:43:41", "tweet": "Tesla Yields Place Atop U.S. Automakers as Stock Slumps  https://t.co/J6Zx7V9zjJ", "likes_count": 0, "replies_count": 0, "retweets_count": 0, "hashtags": []}
{"id": 883830984918958080, "date": "2017-07-08", "time": "19:31:42", "tweet": "Tesla Stock Just Got a Boost After a Bad Week. Here's Why. -  https://t.co/JyzKV0V8dm", "likes_count": 0, "replies_count": 0, "retweets_count": 0, "hashtags": []}
{"id": 883830779494539264, "date": "2017-07-08", "time": "19:30:53", "tweet": " https://t.co/CS20iKH9vV (LV.6) Tesla loses most valuable U.S. car company title after stock slide - Jul. 6, 2017  https://t.co/2FsAz0bVLt", "likes_count": 0, "replies_count": 0, "retweets_count": 0, "hashtags": []}
{"id": 883828252430573568, "date": "2017-07-08", "time": "19:20:50", "tweet": "#Tesla no longer the most valuable U.S. car company after stock slide  https://t.co/Y8vCVs22n9", "likes_count": 1, "replies_count": 0, "retweets_count": 2, "hashtags": ["tesla"]}
{"id": 883815575788691456, "date": "2017-07-08", "time": "18:30:28", "tweet": "Here's why the bear market may not be over for Tesla's stock   https://t.co/Z9W3dt9VOs #market #trader  https://t.co/tYYOevV4sA", "likes_count": 0, "replies_count": 0, "retweets_count": 0, "hashtags": ["market", "trader"]}
{"id": 883812822874038272, "date": "2017-07-08", "time": "18:19:32", "tweet": "Why Tesla’s (NASDAQ: TSLA) Stock is Going Down  https://t.co/EPo1xRG0lA", "likes_count": 0, "replies_count": 0, "retweets_count": 0, "hashtags": []}
{"id": 883809271741284352, "date": "2017-07-08", "time": "18:05:25", "tweet": "Top Manager Believes In Tesla Despite Its Plunging Stock Price  https://t.co/1LDAKuEvvQ", "likes_count": 0, "replies_count": 0, "retweets_count": 0, "hashtags": []}
{"id": 883806374039310341, "date": "2017-07-08", "time": "17:53:54", "tweet": "While Tesla's stock price had a rough week and media outlets poured on the negativity, one prominent… via @forbes  https://t.co/R0QB3KJCMD", "likes_count": 0, "replies_count": 0, "retweets_count": 0, "hashtags": []}
{"id": 883804508576522240, "date": "2017-07-08", "time": "17:46:29", "tweet": "New post: \"Here's why the bear market may not be over for Tesla's stock\"  https://t.co/Wh61KFNytH", "likes_count": 0, "replies_count": 0, "retweets_count": 0, "hashtags": []}
{"id": 883804307879059457, "date": "2017-07-08", "time": "17:45:41", "tweet": "Here's why the bear market may not be over for Tesla's stock  https://t.co/Wh61KFNytH", "likes_count": 0, "replies_count": 0, "retweets_count": 0, "hashtags": []}
{"id": 883798921868455937, "date": "2017-07-08", "time": "17:24:17", "tweet": "Ruggero Respigo : [Top Stories] - Here's why the bear market may not be over for Tesla's stock | NBC via /r/AutoNe…  https://t.co/9iluYeCUVE", "likes_count": 0, "replies_count": 0, "retweets_count": 0, "hashtags": []}
{"id": 883796723402977280, "date": "2017-07-08", "time": "17:15:33", "tweet": "Here's why the bear market may not be over for Tesla's stock. $TSLA 40% downside is possible and even probable!   https://t.co/DW6TLQchj9", "likes_count": 1, "replies_count": 0, "retweets_count": 0, "hashtags": []}
{"id": 883795416327880704, "date": "2017-07-08", "time": "17:10:22", "tweet": "I dont like term stock rotation with respect to value stocks like Amazon, Google, Tesla , but there seems to be a Long Position hesitation.", "likes_count": 0, "replies_count": 0, "retweets_count": 0, "hashtags": []}
{"id": 883795100840509440, "date": "2017-07-08", "time": "17:09:06", "tweet": "Tesla Motors Inc. $TSLA Stock Live Analysis 12-12-2016 #finance   https://t.co/rPNX4kpcAi", "likes_count": 0, "replies_count": 0, "retweets_count": 0, "hashtags": ["finance"]}
{"id": 883794098817306624, "date": "2017-07-08", "time": "17:05:07", "tweet": "Tesla's stock is mired in a 'technical bear market' (Emphasis mine) , with investors nervous. CNBC 07-08-17  https://t.co/EXvIbns8w3", "likes_count": 0, "replies_count": 0, "retweets_count": 0, "hashtags": []}
{"id": 883787820833406977, "date": "2017-07-08", "time": "16:40:11", "tweet": "How Much Is $TSLA's Elon Musk Worth? Tesla's Stock Continues To Soar  https://t.co/8e5bdO8EM7 archived", "likes_count": 0, "replies_count": 0, "retweets_count": 0, "hashtags": []}
