{"id": 916813040758214656, "date": "2017-10-07", "time": "19:50:37", "tweet": "Beyond Tesla: The surprising investment opportunities created by ... - Quartz  https://t.co/eRJ2TTOPyn", "likes_count": 0, "replies_count": 0, "retweets_count": 0, "hashtags": []}
{"id": 916808432300281857, "date": "2017-10-07", "time": "19:32:18", "tweet": "@JourneysNonnie @MGagi7 @JunkScience @BigJoeBastardi @elonmusk Tax $ is not what's making Tesla (or Elon) rich - it's confidence from shareholders and consumers. Look at their stock's performance...", "likes_count": 1, "replies_count": 0, "retweets_count": 0, "hashtags": []}
{"id": 916806362859835392, "date": "2017-10-07", "time": "19:24:05", "tweet": "@thehill Sell Tesla stock immediately?", "likes_count": 0, "replies_count": 0, "retweets_count": 0, "hashtags": []}
{"id": 916804471715454977, "date": "2017-10-07", "time": "19:16:34", "tweet": "That @Tesla is going to be a 2k stock in the future. Think about how much energy they will be generating X y per kilowatt.", "likes_count": 0, "replies_count": 0, "retweets_count": 0, "hashtags": []}
{"id": 916777178884218881, "date": "2017-10-07", "time": "17:28:06", "tweet": "How and Why to #Invest in #Lithium Stock► https://t.co/A96Bw2gHFD◄Electric vehicles, like Tesla, need lithium-ion batteries to run.", "likes_count": 3, "replies_count": 0, "retweets_count": 7, "hashtags": ["invest", "lithium"]}
{"id": 916770292999118848, "date": "2017-10-07", "time": "17:00:45", "tweet": "Tesla Inc Stock Rockets Higher After Analyst Calls It The Intel of EVs -  https://t.co/ruJlpigUjX", "likes_count": 0, "replies_count": 0, "retweets_count": 0, "hashtags": []}
{"id": 916768863622180864, "date": "2017-10-07", "time": "16:55:04", "tweet": "@ComfortablySmug You didn't call shit. There has always been a chorus of Tesla haters. Neither the stock price nor customers seem to be influenced.", "likes_count": 0, "replies_count": 0, "retweets_count": 0, "hashtags": []}
{"id": 916768721988972544, "date": "2017-10-07", "time": "16:54:30", "tweet": "\"HN Shock Mount\" is no longer in stock at \"Scylla / Tesla Port\"  https://t.co/50hdqmJQcl", "likes_count": 0, "replies_count": 0, "retweets_count": 0, "hashtags": []}
{"id": 916768240096960517, "date": "2017-10-07", "time": "16:52:35", "tweet": "@elonmusk @Reuters I've got an idea that should be worth at least 10 shares of Tesla stock. If I give it to you directly will you reward me with the stock", "likes_count": 0, "replies_count": 0, "retweets_count": 0, "hashtags": []}
{"id": 916742853711286275, "date": "2017-10-07", "time": "15:11:43", "tweet": "if anybody ever wants to buy me a share of stock, please buy me a share of tesla.", "likes_count": 0, "replies_count": 0, "retweets_count": 0, "hashtags": []}
{"id": 916740128516734976, "date": "2017-10-07", "time": "15:00:53", "tweet": "Tesla confirms having completed electric semi truck prototype, Musk says specs are better than expected $TSLA #stock  https://t.co/uU7rhulR1k", "likes_count": 2, "replies_count": 0, "retweets_count": 4, "hashtags": ["stock"]}
{"id": 916737519047380995, "date": "2017-10-07", "time": "14:50:31", "tweet": "Because \"Musk's plans to colonize Mars\" exist only to prop up Tesla stock.  https://t.co/2ZRfgpNkoF", "likes_count": 4, "replies_count": 0, "retweets_count": 2, "hashtags": []}
{"id": 916714955822522369, "date": "2017-10-07", "time": "13:20:51", "tweet": "TSLA Stock: Report: Tesla Model 3 ‘Bottlenecks’ Left Some Portions to Be Assembled by Hand  https://t.co/3ppcNfL9bo", "likes_count": 0, "replies_count": 0, "retweets_count": 0, "hashtags": []}
{"id": 916712366397673472, "date": "2017-10-07", "time": "13:10:34", "tweet": "Tesla Is On The Fast Track In Oz  https://t.co/LgJyKEnyGK", "likes_count": 0, "replies_count": 0, "retweets_count": 0, "hashtags": []}
{"id": 916711338424061952, "date": "2017-10-07", "time": "13:06:29", "tweet": "TSLA +1.55 total advance today 10/06/17. Tesla Inc $TSLA 356.88 Stock hit a High of 360.10 and 352.25 Low with  https://t.co/dzSMWVMNDD", "likes_count": 0, "replies_count": 0, "retweets_count": 0, "hashtags": []}
{"id": 916685076133502976, "date": "2017-10-07", "time": "11:22:07", "tweet": "@timseymour @timseymour Experienced of us must warn folks bout the dangers of hype stocks. Execution matters as much as concepts. Tesla untenable stock.", "likes_count": 0, "replies_count": 0, "retweets_count": 0, "hashtags": []}
{"id": 916683719662080000, "date": "2017-10-07", "time": "11:16:44", "tweet": "I need to buy stock in Tesla and stop playing  https://t.co/SSGdpUBgIW", "likes_count": 0, "replies_count": 0, "retweets_count": 0, "hashtags": []}
{"id": 916682192117485569, "date": "2017-10-07", "time": "11:10:40", "tweet": "@Migatron81 Tesla stock has gone up 3.25% in the past week I'd say wall street likes the move", "likes_count": 0, "replies_count": 1, "retweets_count": 0, "hashtags": []}
{"id": 916673182567985152, "date": "2017-10-07", "time": "10:34:52", "tweet": "The amount of Tesla stock being held short has fallen by roughly $1.8 billion.  https://t.co/roXSJJ7Iax", "likes_count": 0, "replies_count": 0, "retweets_count": 0, "hashtags": []}
{"id": 916627956453298176, "date": "2017-10-07", "time": "07:35:09", "tweet": "Tesla Semi Reveal Pushed Back To November 16  https://t.co/OcLaRoxWid", "likes_count": 0, "replies_count": 0, "retweets_count": 0, "hashtags": []}
{"id": 916623055178354688, "date": "2017-10-07", "time": "07:15:41", "tweet": "Everything We Know About The Tesla Model Y – Video  https://t.co/UMc0aSp9rS", "likes_count": 0, "replies_count": 0, "retweets_count": 0, "hashtags": []}
{"id": 916570062890270720, "date": "2017-10-07", "time": "03:45:06", "tweet": "Tesla Cars Are Flying Off the Lot, Stock Looks Ready to Break Out  https://t.co/GtC2NyqBIg", "likes_count": 1, "replies_count": 0, "retweets_count": 0, "hashtags": []}
{"id": 916557941305573377, "date": "2017-10-07", "time": "02:56:56", "tweet": "@dennis_p @elonmusk @Tesla @OCTeslaClub Yes I will bring my Tesla!", "likes_count": 1, "replies_count": 0, "retweets_count": 0, "hashtags": []}
{"id": 916555266887258112, "date": "2017-10-07", "time": "02:46:19", "tweet": "#Tesla Cars Are Flying Off the Lot, Stock Looks Ready to Break Out  https://t.co/kaZgjnXrFh", "likes_count": 0, "replies_count": 0, "retweets_count": 0, "hashtags": ["tesla"]}
{"id": 916547605534007296, "date": "2017-10-07", "time": "02:15:52", "tweet": "3 Stocks To Play Today's Hottest Market - Tesla's (NASDAQ:TSLA) stock, for example, defies traditional market w...  https://t.co/6mwPhuuD5K", "likes_count": 0, "replies_count": 0, "retweets_count": 0, "hashtags": []}
{"id": 916543267411337216, "date": "2017-10-07", "time": "01:58:38", "tweet": "@elonmusk I finally got my #Tesla Yay @Tesla Silver 2013 Model S 85", "likes_count": 3, "replies_count": 1, "retweets_count": 1, "hashtags": ["tesla"]}
{"id": 916537902284378112, "date": "2017-10-07", "time": "01:37:19", "tweet": "Beyond Tesla: The surprising investment opportunities created by ... - Quartz  https://t.co/IryQXGQYEh", "likes_count": 0, "replies_count": 0, "retweets_count": 0, "hashtags": []}
{"id": 916535693106647040, "date": "2017-10-07", "time": "01:28:32", "tweet": "How US impact economy works: first take leader market socket, inject money (from stock buyers) profit comes later #Tesla e-car to market  https://t.co/Qxk0JlCdE9", "likes_count": 1, "replies_count": 1, "retweets_count": 0, "hashtags": ["tesla"]}
{"id": 916525102136782855, "date": "2017-10-07", "time": "00:46:27", "tweet": "\"HN Shock Mount\" is back in stock at \"Scylla / Tesla Port\"  https://t.co/50hdqmJQcl", "likes_count": 0, "replies_count": 0, "retweets_count": 0, "hashtags": []}
{"id": 916520531775631361, "date": "2017-10-07", "time": "00:28:17", "tweet": "Tesla loses most valuable U.S. car company title after stock slide Read full story for latest details.  https://t.co/YASoSgZRNV", "likes_count": 0, "replies_count": 0, "retweets_count": 0, "hashtags": []}
{"id": 916506101096566784, "date": "2017-10-06", "time": "23:30:57", "tweet": "Tesla Cars Are Flying off the Lot, Stock Looks Ready to Break Out - TheStreet  https://t.co/0gol970iLw -via Flynx", "likes_count": 0, "replies_count": 0, "retweets_count": 4, "hashtags": []}
{"id": 916490025352564737, "date": "2017-10-06", "time": "22:27:04", "tweet": "#EV Stock News: Tesla ($TSLA) Q3 2017 Vehicle Deliveries and Production  https://t.co/Vf1GIPXukA", "likes_count": 0, "replies_count": 0, "retweets_count": 0, "hashtags": ["ev"]}
{"id": 916485074383667200, "date": "2017-10-06", "time": "22:07:23", "tweet": "Tesla Cars Are Flying off the Lot, Stock Looks Ready to Break Out  https://t.co/99Rzgii62Q", "likes_count": 0, "replies_count": 0, "retweets_count": 0, "hashtags": []}
{"id": 916475117584175110, "date": "2017-10-06", "time": "21:27:49", "tweet": "@SenSanders @NCForBernie Good time to buy more Tesla stock. ❤️👍🏽", "likes_count": 0, "replies_count": 0, "retweets_count": 0, "hashtags": []}
{"id": 916473074991628290, "date": "2017-10-06", "time": "21:19:42", "tweet": "@elonmusk should I buy tesla stock Elon", "likes_count": 0, "replies_count": 0, "retweets_count": 0, "hashtags": []}
{"id": 916440279590170624, "date": "2017-10-06", "time": "19:09:23", "tweet": "He should sell Tesla to Toyota now while the stock is high and focus on the other ideas. He has too many ores in the fire", "likes_count": 0, "replies_count": 0, "retweets_count": 0, "hashtags": []}
{"id": 916432604659834880, "date": "2017-10-06", "time": "18:38:54", "tweet": "Elon Musk says he can rebuild Puerto Rico's grid w/solar  https://t.co/yM90VT1CK0  Can I buy stock in Elon Musk? Or just Tesla only? :)", "likes_count": 0, "replies_count": 0, "retweets_count": 0, "hashtags": []}
{"id": 916411399533989888, "date": "2017-10-06", "time": "17:14:38", "tweet": "Tesla is making cars by hand; never heard of Mr Ford I guess.  Thought he was a genius.  Going far with hand made in USA.  Watch the stock.", "likes_count": 0, "replies_count": 0, "retweets_count": 1, "hashtags": []}
