{"id": 944707808599134208, "date": "2017-12-23", "time": "18:14:28", "tweet": "Honda Clarity Plug-In, Tesla Model 3, condo charging stations, used electric cars: Today's Car News - Green Car Reports  https://t.co/pJ0lc0OU2H", "likes_count": 0, "replies_count": 0, "retweets_count": 0, "hashtags": []}
{"id": 944696798752391168, "date": "2017-12-23", "time": "17:30:43", "tweet": "Just listened to @DavidDobrik n @jasonnash 's VIEWS when David puts 1 million dollars into the tesla stock and I'm pissing myself  https://t.co/dQUPrZATwe", "likes_count": 1, "replies_count": 0, "retweets_count": 0, "hashtags": []}
{"id": 944681675463720966, "date": "2017-12-23", "time": "16:30:37", "tweet": "Whale Rock Capital Management Decreased Holding in Tesla (TSLA) by $9.38 Million as Stock ...  https://t.co/CfXTtiFTOi", "likes_count": 0, "replies_count": 0, "retweets_count": 0, "hashtags": []}
{"id": 944672872240365568, "date": "2017-12-23", "time": "15:55:38", "tweet": "Whale Rock Capital Management Decreased Holding in Tesla $TSLA by $9.38 Million as Stock Rose ...", "likes_count": 0, "replies_count": 0, "retweets_count": 0, "hashtags": []}
{"id": 944662325423771648, "date": "2017-12-23", "time": "15:13:44", "tweet": "@JeetenSheth 5.that monkey analogy is as stupid, incorrect, misinformed as saying all Indians speak 'Indian' language which makes no sense 6. Any system favors early adopters and believers. People who invested in tesla at IPO stage vs people who bought tesla stock and then it tanked", "likes_count": 0, "replies_count": 1, "retweets_count": 0, "hashtags": []}
{"id": 944660936018628608, "date": "2017-12-23", "time": "15:08:12", "tweet": "#billstopay Tesla's Stock Is on the Verge of Greatness or an All Out Disaster  https://t.co/38fbcWOwYu", "likes_count": 0, "replies_count": 0, "retweets_count": 0, "hashtags": ["billstopay"]}
{"id": 944660810432950272, "date": "2017-12-23", "time": "15:07:42", "tweet": "As Tesla $Put $TSLA Stock Value Rose, Grt Capital Partners Has Boosted Stake by $816,000 ...", "likes_count": 0, "replies_count": 0, "retweets_count": 0, "hashtags": []}
{"id": 944658974971920384, "date": "2017-12-23", "time": "15:00:25", "tweet": "Tesla (Put) (TSLA) Stock Value Rose While Theleme Partners Llp Has Upped Holding; Marshall ...  https://t.co/OIp9xg4AXN", "likes_count": 0, "replies_count": 0, "retweets_count": 0, "hashtags": []}
{"id": 944648266997780482, "date": "2017-12-23", "time": "14:17:52", "tweet": "Tesla $Put $TSLA Stock Value Rose While Theleme Partners Llp Has Upped Holding  https://t.co/fponjoA444", "likes_count": 0, "replies_count": 0, "retweets_count": 0, "hashtags": []}
{"id": 944643022200832000, "date": "2017-12-23", "time": "13:57:01", "tweet": "World's Top Short-Seller Has Bad News for Tesla Stock Investors  https://t.co/ZXsCCiuLpL", "likes_count": 0, "replies_count": 0, "retweets_count": 0, "hashtags": []}
{"id": 944639537740787712, "date": "2017-12-23", "time": "13:43:11", "tweet": "#ElectricCar: World's Top Short Seller Has Bad News for Tesla Stock Investors ...  https://t.co/G6uqLKli6e", "likes_count": 0, "replies_count": 0, "retweets_count": 0, "hashtags": ["electriccar"]}
{"id": 944627513711562754, "date": "2017-12-23", "time": "12:55:24", "tweet": "As Tesla INC (TSLA) Stock Price Rose, Bedell Frazier Investment Counseling LLC Lowered ...  https://t.co/9h9KeMpnDU", "likes_count": 0, "replies_count": 0, "retweets_count": 0, "hashtags": []}
{"id": 944627100832722946, "date": "2017-12-23", "time": "12:53:45", "tweet": "Tesla Is a Sleeping Giant !! #tesla #tsla #stock #stockmarket #options #money #cars #tech #technology  https://t.co/M7V6xvOQqQ", "likes_count": 0, "replies_count": 0, "retweets_count": 0, "hashtags": ["tesla", "tsla", "stock", "stockmarket", "options", "money", "cars", "tech", "technology"]}
{"id": 944619550766661632, "date": "2017-12-23", "time": "12:23:45", "tweet": "Move over GM/Ford Tesla's got the wheel now !! #tesla #tsla #stock #stockmarket #options #money #cars #tech #technology  https://t.co/j1PPNey2vK", "likes_count": 0, "replies_count": 0, "retweets_count": 0, "hashtags": ["tesla", "tsla", "stock", "stockmarket", "options", "money", "cars", "tech", "technology"]}
{"id": 944615438008270849, "date": "2017-12-23", "time": "12:07:25", "tweet": "World's Top Short-Seller Has Bad News for Tesla Stock Investors -  https://t.co/Gm0CW3ULY9 #GoogleAlerts", "likes_count": 0, "replies_count": 0, "retweets_count": 0, "hashtags": ["googlealerts"]}
{"id": 944614184016384000, "date": "2017-12-23", "time": "12:02:26", "tweet": "As Coal Power Plant Goes Down, Tesla Battery Responds In Milliseconds To Prevent Crash  https://t.co/wWERqZtgG4", "likes_count": 0, "replies_count": 0, "retweets_count": 0, "hashtags": []}
{"id": 944612847862013952, "date": "2017-12-23", "time": "11:57:07", "tweet": "IM TRYING TO BUY TESLA STOCK BUT IM A BROKE BOY 😤😤", "likes_count": 3, "replies_count": 1, "retweets_count": 0, "hashtags": []}
{"id": 944599045892341760, "date": "2017-12-23", "time": "11:02:16", "tweet": "Consumer Reports: Tesla Model S(#1), X(#8) Among 10 Most Satisfying Cars  https://t.co/5kgOIW5PPu", "likes_count": 0, "replies_count": 0, "retweets_count": 0, "hashtags": []}
{"id": 944597700225400832, "date": "2017-12-23", "time": "10:56:56", "tweet": "World's Top Short-Seller Has Bad News for Tesla Stock Investors  Well. I have bad news for this top Short-Seller.  You are WRONG!  AGAIN 😊  https://t.co/QAO4h9Q0eA", "likes_count": 0, "replies_count": 1, "retweets_count": 0, "hashtags": []}
{"id": 944596398468714498, "date": "2017-12-23", "time": "10:51:45", "tweet": "I’m telling you. #Tesla will start booming in 2018 - Current stock is $325 a share. Don’t buy coffe le at Starbucks Monday through Friday all year and that’s about 6 shares. #InvestNow #EnjoyLater     https://t.co/BAoSK6MsdB", "likes_count": 0, "replies_count": 0, "retweets_count": 0, "hashtags": ["tesla", "investnow", "enjoylater"]}
