{"id": 848260214436622337, "date": "2017-04-01", "time": "15:46:09", "tweet": "Tesla (TSLA) Stock Quotes, Company News And Chart Analysis - Loading the player... View TSLA Stock Quote Page |...  https://t.co/Y8KU1vOuyV", "likes_count": 0, "replies_count": 0, "retweets_count": 0, "hashtags": []}
{"id": 848200153177751553, "date": "2017-04-01", "time": "11:47:29", "tweet": "@clwillnc Wish I had bought stock in Tesla years ago!", "likes_count": 0, "replies_count": 0, "retweets_count": 0, "hashtags": []}
{"id": 848192053041405954, "date": "2017-04-01", "time": "11:15:18", "tweet": "BMW Exec Comments On Tesla Model 3  https://t.co/cDRz0fHDmv", "likes_count": 0, "replies_count": 0, "retweets_count": 0, "hashtags": []}
{"id": 848184971630002176, "date": "2017-04-01", "time": "10:47:10", "tweet": "Is Simplified Tesla Model 3 An Idea From Apple Playbook? | Stock News &amp; Stock Market Analysis - IBD  https://t.co/S0Ykl8ch85", "likes_count": 2, "replies_count": 0, "retweets_count": 0, "hashtags": []}
{"id": 848175726784376832, "date": "2017-04-01", "time": "10:10:26", "tweet": "TSportline Shows Off Carbon Fiber Seat Backs For Tesla Model X – Video  https://t.co/kxTKQXWZXY", "likes_count": 0, "replies_count": 0, "retweets_count": 0, "hashtags": []}
{"id": 848175208489996288, "date": "2017-04-01", "time": "10:08:22", "tweet": "I got a ride in the $100000 electric car trying to take on Tesla — here's what it was like - Business Insider  https://t.co/uGT9Mw0m59", "likes_count": 0, "replies_count": 0, "retweets_count": 0, "hashtags": []}
{"id": 848171431888396288, "date": "2017-04-01", "time": "09:53:22", "tweet": "Tesla Killers: Mercedes Will Introduce Electric Cars Sooner Than Planned - Torque News  https://t.co/k7KkwkoZ1V", "likes_count": 0, "replies_count": 0, "retweets_count": 0, "hashtags": []}
{"id": 848134936825667584, "date": "2017-04-01", "time": "07:28:21", "tweet": "Tesla Killers: Mercedes Will Introduce Electric Cars Sooner Than Planned - Torque News  https://t.co/pPqgjF2hge", "likes_count": 0, "replies_count": 0, "retweets_count": 0, "hashtags": []}
{"id": 848130350203195394, "date": "2017-04-01", "time": "07:10:07", "tweet": "Analyst Predicts Model 3 Production To Be Much Lower Than Tesla Says  https://t.co/VWXxexh148", "likes_count": 0, "replies_count": 0, "retweets_count": 0, "hashtags": []}
{"id": 848120633707909120, "date": "2017-04-01", "time": "06:31:31", "tweet": "#Solar #Energy • Part Time Warehouse Stock Clerk job – Tesla Solar Energy – Foster City, CA  https://t.co/v95NRpCWLc", "likes_count": 0, "replies_count": 0, "retweets_count": 0, "hashtags": ["solar", "energy"]}
{"id": 848098514534092800, "date": "2017-04-01", "time": "05:03:37", "tweet": "Part Time Warehouse Stock Clerk - Tesla Solar Energy - Foster City, CA  https://t.co/gulePJpxiB", "likes_count": 0, "replies_count": 0, "retweets_count": 1, "hashtags": []}
{"id": 848097777238376448, "date": "2017-04-01", "time": "05:00:41", "tweet": "Now’s Your Chance To Buy Stock In Tesla  https://t.co/CCbJQz4pur  https://t.co/Qc9zy8SKu7", "likes_count": 0, "replies_count": 0, "retweets_count": 0, "hashtags": []}
{"id": 848092112608387074, "date": "2017-04-01", "time": "04:38:11", "tweet": "Tesla Nano 120W TC Box Mod ,4 colors in stock ,🐭🐭 #vapeup #vaper #vapeallday #vapeordie #vaperda #vapedevice #Sophia  https://t.co/8ZWvoKqTM7", "likes_count": 0, "replies_count": 0, "retweets_count": 0, "hashtags": ["vapeup", "vaper", "vapeallday", "vapeordie", "vaperda", "vapedevice", "sophia"]}
{"id": 848090078404423680, "date": "2017-04-01", "time": "04:30:06", "tweet": "Part Time Warehouse Stock Clerk - Tesla Solar Energy - Foster City, CA  https://t.co/ijtjUcYHRN", "likes_count": 0, "replies_count": 0, "retweets_count": 0, "hashtags": []}
{"id": 848086376495149056, "date": "2017-04-01", "time": "04:15:23", "tweet": "Tesla Files Patent For Gas Engine With ‘Plasma Igniter’  https://t.co/IIcL4VEFgB", "likes_count": 0, "replies_count": 0, "retweets_count": 0, "hashtags": []}
{"id": 848085936625913856, "date": "2017-04-01", "time": "04:13:38", "tweet": "Part Time Warehouse Stock Clerk – Tesla Solar Energy – Foster City, CA – San Francisco Job  https://t.co/tVZdKX40yl", "likes_count": 0, "replies_count": 0, "retweets_count": 0, "hashtags": []}
{"id": 848076381338587136, "date": "2017-04-01", "time": "03:35:40", "tweet": "Part Time Warehouse Stock Clerk job - Tesla Solar Energy - Foster City, CA -  https://t.co/q8BIdHWuGE  https://t.co/jKdylJzM6L", "likes_count": 1, "replies_count": 0, "retweets_count": 0, "hashtags": []}
{"id": 848069744259452928, "date": "2017-04-01", "time": "03:09:18", "tweet": "Part Time Warehouse Stock Clerk - Tesla Solar Energy - Foster City, CA  https://t.co/r9gpghBU0Y", "likes_count": 0, "replies_count": 0, "retweets_count": 0, "hashtags": []}
{"id": 848069682657509376, "date": "2017-04-01", "time": "03:09:03", "tweet": "#Job Part Time Warehouse Stock Clerk - Tesla Solar Energy - Foster City, CA  https://t.co/4ww4x4bFyz #Fremont #CA", "likes_count": 0, "replies_count": 0, "retweets_count": 0, "hashtags": ["job", "fremont", "ca"]}
{"id": 848067673951010816, "date": "2017-04-01", "time": "03:01:04", "tweet": "#JobSearch Part Time Warehouse Stock Clerk - Tesla Solar Energy - Foster City, CA Find this Job&amp;More  https://t.co/Xcsje9eMye", "likes_count": 0, "replies_count": 0, "retweets_count": 0, "hashtags": ["jobsearch"]}
