{"id": 1036034635111849984, "date": "2018-09-01", "time": "19:34:40", "tweet": "$TSLA Tesla stock battered anew as analyst questions Elon Musk’s leadership   https://t.co/C1MTK9pRLF", "likes_count": 0, "replies_count": 0, "retweets_count": 0, "hashtags": []}
{"id": 1036025516870971392, "date": "2018-09-01", "time": "18:58:26", "tweet": "What I find incredible is the guys like @gwestr must be neck deep in $tsla stock or just in musk love that they fail to see the obvious; #tesla is really a rich man's toy only, not mass market, period and will never be.", "likes_count": 0, "replies_count": 0, "retweets_count": 0, "hashtags": ["tesla"]}
{"id": 1036025258103455745, "date": "2018-09-01", "time": "18:57:24", "tweet": "@Fax1g @elonmusk @PresidentABO @BrianRoss @ReutersBiz @CNNAfrica #Tesla wants to get out of the stock market and to accept bloody and corrupt money from psycho dictators like Ali Bongo? Hope not! #Gabon #OpGabon @Nasdaq @NYSE @YahooFinance", "likes_count": 0, "replies_count": 1, "retweets_count": 0, "hashtags": ["tesla", "gabon", "opgabon"]}
{"id": 1036022663666266112, "date": "2018-09-01", "time": "18:47:06", "tweet": "When is koenigsegg going to hava an ev? ah don't think I will be able to afford it unless I buy lots of Tesla stock now.", "likes_count": 0, "replies_count": 0, "retweets_count": 0, "hashtags": []}
{"id": 1036010464046546944, "date": "2018-09-01", "time": "17:58:37", "tweet": "@CRcarsJake @markbspiegel @CRcars @CRCarsGabe funny you should mention Jeep Wrangler! Happen to be 91 Wrangler owner here. Love the car and hasn't had any major issue since i got it new. Still driving it. But i'm not a Jeep stock owner. That's what is escaping you with tesla.", "likes_count": 0, "replies_count": 1, "retweets_count": 0, "hashtags": []}
{"id": 1036004963665829889, "date": "2018-09-01", "time": "17:36:46", "tweet": "Amazon dethrones Tesla as the stock short sellers hate the most (TSLA, AMZN)  https://t.co/PJzfhYsqpI via @YahooFinance", "likes_count": 0, "replies_count": 0, "retweets_count": 0, "hashtags": []}
{"id": 1035993540021641217, "date": "2018-09-01", "time": "16:51:22", "tweet": "@Benshooter @TeslaCharts I just don't get it. Tesla longs two main activities are speculating on Musk's latest master plan to utterly (or udderly, in Gerb-speak) ruin the lives of shorties via stock price manipulation and complaining about how shorties are despicable people. Cognitive dissonance.", "likes_count": 2, "replies_count": 0, "retweets_count": 0, "hashtags": []}
{"id": 1035986540827213826, "date": "2018-09-01", "time": "16:23:33", "tweet": "@LudaLisl @28delayslater @SteveHamel16 @bonnienorman @elonmusk @bollingermotors @Tesla And if Tesla Model 3 batteries and motors can also work in the Semi and The Boring Company's train, maybe Bollinger and Tesla could work out a deal for Bollinger to use a Tesla powertrain?  (I can't imagine that could hurt the value of my TSLA stock...)", "likes_count": 0, "replies_count": 0, "retweets_count": 0, "hashtags": []}
{"id": 1035979043169095680, "date": "2018-09-01", "time": "15:53:46", "tweet": "Tesla Is a Sleeping Giant !! #tesla #tsla #stock #stockmarket #options #money #cars #tech #technology  https://t.co/I5PVtk5vhG", "likes_count": 0, "replies_count": 0, "retweets_count": 0, "hashtags": ["tesla", "tsla", "stock", "stockmarket", "options", "money", "cars", "tech", "technology"]}
{"id": 1035972603800735745, "date": "2018-09-01", "time": "15:28:10", "tweet": "I liked a @YouTube video  https://t.co/l67YL2tdHa TESLA STOCK GOING TO $4000 OR $4?", "likes_count": 0, "replies_count": 0, "retweets_count": 0, "hashtags": []}
{"id": 1035971492733829120, "date": "2018-09-01", "time": "15:23:45", "tweet": "Move over GM/Ford Tesla's got the wheel now !! #tesla #tsla #stock #stockmarket #options #money #cars #tech #technology  https://t.co/Zx1hL2GDKv", "likes_count": 0, "replies_count": 0, "retweets_count": 0, "hashtags": ["tesla", "tsla", "stock", "stockmarket", "options", "money", "cars", "tech", "technology"]}
{"id": 1035967516416258048, "date": "2018-09-01", "time": "15:07:57", "tweet": "@lorakolodny @steveshmidt @McTweeterific @Tesla @elonmusk I was freaked out when the driver seat moved in reverse when I placed the car in reverse.  That is a serious glitch.  Then the $TSLA stock moved in reverse, so at least something is working.", "likes_count": 1, "replies_count": 0, "retweets_count": 0, "hashtags": []}
{"id": 1035957705859452928, "date": "2018-09-01", "time": "14:28:58", "tweet": "@CapitalLecter @AskDrStupid @gwestr @Tesla When your stock is doing well, you can always issue fresh equity with shareholder consent. Assuming everyone is rational, everyone except shorts (who by definition don’t own shares ) wants company to succeed.", "likes_count": 0, "replies_count": 0, "retweets_count": 0, "hashtags": []}
{"id": 1035956033674461184, "date": "2018-09-01", "time": "14:22:20", "tweet": "Electric-car makers moving into Tesla's turf with new models - The Seattle Times  https://t.co/4KOM7mdWaU", "likes_count": 0, "replies_count": 0, "retweets_count": 0, "hashtags": []}
{"id": 1035949612165685248, "date": "2018-09-01", "time": "13:56:49", "tweet": "@lazygetter Tesla executing properly? That means admitting \"we are a car manufacturer\" and building ~200k quality cars a year with a 10% net margin. Which also means that the stock is completely overevaluated by any metrics.", "likes_count": 0, "replies_count": 0, "retweets_count": 0, "hashtags": []}
{"id": 1035944116415352833, "date": "2018-09-01", "time": "13:34:58", "tweet": "@iliketeslas @CGrantWSJ How fucking stupid are these shorts?: \"Tesla recently lost its place as the most shorted company in the US stock market.\" ... \"Tesla has handed over the title of most-shorted publicly-traded company to Amazon, which currently has a $9.97 billion short.\"  https://t.co/S2a6yXIlwV", "likes_count": 0, "replies_count": 0, "retweets_count": 0, "hashtags": []}
{"id": 1035934169589796865, "date": "2018-09-01", "time": "12:55:27", "tweet": "Tesla (TSLA) loses place as US’ most shorted stock amid continued Model 3 push -  https://t.co/2oMIAm2hU1", "likes_count": 0, "replies_count": 0, "retweets_count": 0, "hashtags": []}
{"id": 1035931209337978881, "date": "2018-09-01", "time": "12:43:41", "tweet": "Why do People Keep Shorting Tesla Stock 🔌:  https://t.co/XLajpheauI на @YouTube", "likes_count": 0, "replies_count": 0, "retweets_count": 0, "hashtags": []}
{"id": 1035930762573492225, "date": "2018-09-01", "time": "12:41:55", "tweet": "@superlorna69 @aravosis Probably selling short her Tesla stock.", "likes_count": 1, "replies_count": 0, "retweets_count": 0, "hashtags": []}
{"id": 1035928083432263680, "date": "2018-09-01", "time": "12:31:16", "tweet": "They all have Tesla stock. 😂", "likes_count": 0, "replies_count": 0, "retweets_count": 0, "hashtags": []}
