{"id": 964975966727663616, "date": "2018-02-17", "time": "16:32:53", "tweet": "TOday’s Movers: Tesla Motors (NASDAQ:TSLA) Stock Rating Kept by Analysts at Guggenheim; $430.0 Target Price Indicates 28.17 % Potenti...", "likes_count": 0, "replies_count": 0, "retweets_count": 0, "hashtags": []}
{"id": 964954441198850048, "date": "2018-02-17", "time": "15:07:21", "tweet": "The Verge Tests Tesla Model 3 With Marques Brownlee (MKBHD) On Hand  https://t.co/K9pllpv81q", "likes_count": 0, "replies_count": 0, "retweets_count": 0, "hashtags": []}
{"id": 964935018358468608, "date": "2018-02-17", "time": "13:50:10", "tweet": "@JasonBondPicks @Tesla Own the ride, sell the stock.", "likes_count": 0, "replies_count": 0, "retweets_count": 0, "hashtags": []}
{"id": 964933845853360134, "date": "2018-02-17", "time": "13:45:31", "tweet": "@NYDOUGH After seeing report on Porsche, along with this truck, and all more established car makers improving on electric offerings it is hard to see how Tesla will remain the high dollar stock it is, but I am not sure fundamentals matter to share holders.", "likes_count": 1, "replies_count": 0, "retweets_count": 0, "hashtags": []}
{"id": 964933001967579136, "date": "2018-02-17", "time": "13:42:09", "tweet": "Join 8 people right now at \"I drove the Model 3 for a couple of hours and it's now my favorite Tesla (TSLA)\" #cheers #technology #tech #stock-trading #money #investing #computers #businessinsider #impressions #favorite #pictures #couple #hours #drove…  https://t.co/jTOVflQ8NL  https://t.co/ngQ3soU65v", "likes_count": 0, "replies_count": 0, "retweets_count": 0, "hashtags": ["cheers", "technology", "tech", "stock", "money", "investing", "computers", "businessinsider", "impressions", "favorite", "pictures", "couple", "hours", "drove"]}
{"id": 964928946272862209, "date": "2018-02-17", "time": "13:26:02", "tweet": "Today I received voting materials and Tesla's ~75 page booklet for the 2018 CEO Performance Award Proposal. If within ten years Tesla achieves a $650B market cap, $125B in revenue, and $10B in EBITDA, Elon could exercise these stock options to maximally realize $71B. @elonmusk", "likes_count": 0, "replies_count": 1, "retweets_count": 0, "hashtags": []}
{"id": 964924279610597377, "date": "2018-02-17", "time": "13:07:30", "tweet": "Tesla’s Elon Musk Has Fears About Artificial Intelligence, But Still Banks On It  https://t.co/mq6QNW7Kph", "likes_count": 0, "replies_count": 0, "retweets_count": 0, "hashtags": []}
{"id": 964920823588032512, "date": "2018-02-17", "time": "12:53:46", "tweet": "Tesla Is a Sleeping Giant !! #tesla #tsla #stock #stockmarket #options #money #cars #tech #technology  https://t.co/yo2RnG0pIQ", "likes_count": 0, "replies_count": 0, "retweets_count": 0, "hashtags": ["tesla", "tsla", "stock", "stockmarket", "options", "money", "cars", "tech", "technology"]}
{"id": 964913273060712448, "date": "2018-02-17", "time": "12:23:46", "tweet": "Move over GM/Ford Tesla's got the wheel now !! #tesla #tsla #stock #stockmarket #options #money #cars #tech #technology  https://t.co/qGZItcouYU", "likes_count": 0, "replies_count": 0, "retweets_count": 0, "hashtags": ["tesla", "tsla", "stock", "stockmarket", "options", "money", "cars", "tech", "technology"]}
{"id": 964912075184181248, "date": "2018-02-17", "time": "12:19:00", "tweet": "@JasonBondPicks @Tesla Jason, looks like an awesome ride. I bought Tesla stock two years ago, thanks for your continued support.", "likes_count": 0, "replies_count": 0, "retweets_count": 0, "hashtags": []}
{"id": 964911999653212161, "date": "2018-02-17", "time": "12:18:42", "tweet": "#Tesla $TSLA  $262 - $239 would represent another buying area for Bulls if the stock manage to reach it #Elliottwave  https://t.co/XaeWV0OX92", "likes_count": 1, "replies_count": 0, "retweets_count": 0, "hashtags": ["tesla", "elliottwave"]}
{"id": 964909170813227014, "date": "2018-02-17", "time": "12:07:28", "tweet": "Tesla Model S P100D Versus Audi R8 V10 – Race Video  https://t.co/K9l04Ilo6J", "likes_count": 0, "replies_count": 0, "retweets_count": 0, "hashtags": []}
{"id": 964887854223712256, "date": "2018-02-17", "time": "10:42:45", "tweet": "Im having a blast with this app! I signed up for Robinhood and got a free stock of FitBit. I haven’t put a dime towards If you sign up there’s a chance to win a share of Apple, Tesla, etc. check it out for yourself or ask me any questions!  https://t.co/kXg3Hz7ACh", "likes_count": 1, "replies_count": 0, "retweets_count": 0, "hashtags": []}
{"id": 964881400037040128, "date": "2018-02-17", "time": "10:17:07", "tweet": "Bjorn Drives Tesla Model 3 311 Miles On Single Charge – Video  https://t.co/1o3ngdpPs7", "likes_count": 0, "replies_count": 0, "retweets_count": 0, "hashtags": []}
{"id": 964880901812424704, "date": "2018-02-17", "time": "10:15:08", "tweet": "Tesla 1.  Mini-blinds 0.   Hmmm thinking I better stock up. Crazy cat!!!  https://t.co/oAP9woPndQ", "likes_count": 2, "replies_count": 1, "retweets_count": 0, "hashtags": []}
{"id": 964862183002779648, "date": "2018-02-17", "time": "09:00:45", "tweet": "💬 : \"This is why Apple should buy Tesla and make Elon Musk the CEO—Apple lacks innovation and growth, and Tesla lacks cash and financial stability. To understand this rationale you only need to turn to Apple’s stock.\"  https://t.co/nhjTZP1DI6  https://t.co/WT7kB7c2u0", "likes_count": 1, "replies_count": 0, "retweets_count": 0, "hashtags": []}
{"id": 964774252187701248, "date": "2018-02-17", "time": "03:11:21", "tweet": "Horseman Capital Management LTD Has Raised Stake in Tesla INC (TSLA) as Stock Value Rose  https://t.co/xM6MbtJ52F", "likes_count": 0, "replies_count": 0, "retweets_count": 0, "hashtags": []}
{"id": 964774246961549312, "date": "2018-02-17", "time": "03:11:19", "tweet": "As Tesla INC (TSLA) Stock Rose, Horseman Capital Management LTD Raised by $4.77 Million Its ...  https://t.co/zCSCBfysfM", "likes_count": 0, "replies_count": 0, "retweets_count": 0, "hashtags": []}
{"id": 964772956025991169, "date": "2018-02-17", "time": "03:06:11", "tweet": "A Starman who gains sentience in the universe and returns to Earth in his Tesla Roadster with a taste for revenge would almost certainly make a better villain than whatever stock library CGI baddie they'll put in the next Marvel and DC films.  https://t.co/jvV59giU6k", "likes_count": 15, "replies_count": 3, "retweets_count": 2, "hashtags": []}
{"id": 964766400840654848, "date": "2018-02-17", "time": "02:40:09", "tweet": "#Youtubers where can I find royalty free music and stock footage? I want to create a Nikola Tesla mini documentary using some drawings and some footage of the era #Tesla #electric", "likes_count": 2, "replies_count": 2, "retweets_count": 0, "hashtags": ["youtubers", "tesla", "electric"]}
