{"id": 1041112659884556290, "date": "2018-09-15", "time": "19:52:55", "tweet": "#forex - trading between US stock market closure, #cryptocurrencies - trading between #friday night and #sunday night, #equities - between 6am PST - 2pm PST @jimcramer @SenAlexander @Tesla @elon #best #monday #forex #ford #toyota #honda", "likes_count": 2, "replies_count": 0, "retweets_count": 0, "hashtags": ["forex", "cryptocurrencies", "friday", "sunday", "equities", "best", "monday", "forex", "ford", "toyota", "honda"]}
{"id": 1041109121850847232, "date": "2018-09-15", "time": "19:38:52", "tweet": "Tesla car &gt;&gt;&gt;&gt;&gt;&gt;&gt; tesla stock", "likes_count": 0, "replies_count": 0, "retweets_count": 0, "hashtags": []}
{"id": 1041097867212017664, "date": "2018-09-15", "time": "18:54:08", "tweet": "A former big Tesla bull says Musk’s ‘erratic behavior’ means stock is no longer investible  https://t.co/W69ddoPeoF #tesla", "likes_count": 0, "replies_count": 0, "retweets_count": 0, "hashtags": ["tesla"]}
{"id": 1041093218161647617, "date": "2018-09-15", "time": "18:35:40", "tweet": "21/ Then came the 420 tweet.  Volumes for August spiked to 277mm shares, with daily averages in the 10mm range, but tailing off pretty substantially by month’s end.  And in all that noise, with all that volume, Tesla’s stock moved only 1.1% in the month.", "likes_count": 12, "replies_count": 1, "retweets_count": 0, "hashtags": []}
{"id": 1041093178370211840, "date": "2018-09-15", "time": "18:35:30", "tweet": "2/ A few points to keep in mind.  Tesla’s stock turns over at a velocity unheard of in public markets.  Every 20 days on average, it trades out its entire market cap.  Said another way, it gets a new shareholder base every 20 days.  It doesn’t, actually, but you get my point.", "likes_count": 30, "replies_count": 1, "retweets_count": 0, "hashtags": []}
{"id": 1041093177258778626, "date": "2018-09-15", "time": "18:35:30", "tweet": "1/ We have from time to time posted on Tesla’s shareholder activities because the data can be instructive.  If you find yourself perplexed by the behavior of Tesla’s stock, you are not alone.  This will be a long thread, so apologies in advance.", "likes_count": 150, "replies_count": 11, "retweets_count": 36, "hashtags": []}
{"id": 1041093066109509632, "date": "2018-09-15", "time": "18:35:04", "tweet": "Tesla had a scandal-free week, and the stock gained 12 percent - CNBC  https://t.co/W3DKsIg7Eb", "likes_count": 0, "replies_count": 0, "retweets_count": 0, "hashtags": []}
{"id": 1041089277843660800, "date": "2018-09-15", "time": "18:20:00", "tweet": "$MRNJ Tesla stock Dives because Elon takes an MJ toke?  Download #1 Wealth Making app:  https://t.co/UY46PmOfj8 #ad #wsj #nytimes #reuters #bloomberg #IHub_StockPosts #newyork #business #cnn #bet #foxnews #bitcoin #blockchain #music #crypto #ISO #takeaknee #marketwatch  https://t.co/kmh1PA0STD", "likes_count": 0, "replies_count": 0, "retweets_count": 0, "hashtags": ["ad", "wsj", "nytimes", "reuters", "bloomberg", "ihub_stockposts", "newyork", "business", "cnn", "bet", "foxnews", "bitcoin", "blockchain", "music", "crypto", "iso", "takeaknee", "marketwatch"]}
{"id": 1041088600639766528, "date": "2018-09-15", "time": "18:17:19", "tweet": "WHY ELON MUSK'S TESLA STOCK WAS UP 12% IN 5 DAYS:  https://t.co/dejL4LpAtP via @YouTube", "likes_count": 0, "replies_count": 0, "retweets_count": 0, "hashtags": []}
{"id": 1041088277363781632, "date": "2018-09-15", "time": "18:16:02", "tweet": "I liked a @YouTube video  https://t.co/emYo8GPxeq WHY ELON MUSK'S TESLA STOCK WAS UP 12% IN 5 DAYS", "likes_count": 0, "replies_count": 0, "retweets_count": 0, "hashtags": []}
{"id": 1041087300703330305, "date": "2018-09-15", "time": "18:12:09", "tweet": "Tesla stock up 12% after quiet week. #AutoNews #ElectricVehicles #Tesla   https://t.co/Vn2zunKUHg", "likes_count": 0, "replies_count": 0, "retweets_count": 0, "hashtags": ["autonews", "electricvehicles", "tesla"]}
{"id": 1041087142590590978, "date": "2018-09-15", "time": "18:11:31", "tweet": "I added a video to a @YouTube playlist  https://t.co/dejL4LpAtP WHY ELON MUSK'S TESLA STOCK WAS UP 12% IN 5 DAYS", "likes_count": 2, "replies_count": 0, "retweets_count": 0, "hashtags": []}
{"id": 1041083223307116546, "date": "2018-09-15", "time": "17:55:57", "tweet": "Is Now A Good Time To Buy Tesla Stock Or Options!?  https://t.co/8jbpkzGHrP  https://t.co/NuyHv67Sy7", "likes_count": 0, "replies_count": 0, "retweets_count": 0, "hashtags": []}
{"id": 1041080437022646272, "date": "2018-09-15", "time": "17:44:53", "tweet": "Tesla's stock went up. The black guy is dead. But otherwise spot on.   https://t.co/WYpEvjwidH", "likes_count": 10, "replies_count": 1, "retweets_count": 0, "hashtags": []}
{"id": 1041075333909368832, "date": "2018-09-15", "time": "17:24:36", "tweet": "10 things you should know before buying or selling Tesla stock  https://t.co/A6GWOJWlGd", "likes_count": 0, "replies_count": 0, "retweets_count": 0, "hashtags": []}
{"id": 1041075125817409541, "date": "2018-09-15", "time": "17:23:46", "tweet": "My stock look!  Phone @tesla  #homescreensaturdays  https://t.co/hnPUnBoV4O", "likes_count": 1, "replies_count": 0, "retweets_count": 0, "hashtags": ["homescreensaturdays"]}
{"id": 1041075067088760835, "date": "2018-09-15", "time": "17:23:32", "tweet": "Tesla had a scandal-free week, and the stock gained 12 percent  https://t.co/w7IuoH9JBs", "likes_count": 0, "replies_count": 0, "retweets_count": 0, "hashtags": []}
{"id": 1041061219678019589, "date": "2018-09-15", "time": "16:28:31", "tweet": "Tesla had a scandal-free week, and the stock gained 12 percent  https://t.co/EFMZYHCgH4", "likes_count": 0, "replies_count": 0, "retweets_count": 0, "hashtags": []}
{"id": 1041058612653776896, "date": "2018-09-15", "time": "16:18:09", "tweet": "Watch Tesla Model 3 Performance Race Challenger, Model X, Model S  https://t.co/wTkLrfBVRi", "likes_count": 0, "replies_count": 0, "retweets_count": 0, "hashtags": []}
{"id": 1041057689705623554, "date": "2018-09-15", "time": "16:14:29", "tweet": "@BullCityVA @nwbvt @greg_doucette Tesla is not a stock that shifts the indices overall, to any statistically significant extent. Especially in a bull market.  That it affected individual investors is not debatable. But that is, unfortunately, a statistically insignificant number of overall market investors.", "likes_count": 0, "replies_count": 0, "retweets_count": 0, "hashtags": []}
