{"id": 1020782679665487872, "date": "2018-07-21", "time": "17:28:50", "tweet": "@ihors3 @TeslaBull @Tesla I can't wait to see these guys get squeezed. What short sellers forgot is Warren Buffets no 1 rule don't invest in something you don't understand. I own and have drive  50k miles in a 3 and an S and then bought Tesla stock.", "likes_count": 2, "replies_count": 0, "retweets_count": 0, "hashtags": []}
{"id": 1020781414612996096, "date": "2018-07-21", "time": "17:23:49", "tweet": "@elonmusk @mattdebord Looking forward to Tesla stock at $500", "likes_count": 3, "replies_count": 0, "retweets_count": 0, "hashtags": []}
{"id": 1020780081566961666, "date": "2018-07-21", "time": "17:18:31", "tweet": "I'm officially a @Tesla stock holder", "likes_count": 0, "replies_count": 0, "retweets_count": 0, "hashtags": []}
{"id": 1020771194587549696, "date": "2018-07-21", "time": "16:43:12", "tweet": "Tesla stock price is a ticking time bomb", "likes_count": 0, "replies_count": 1, "retweets_count": 0, "hashtags": []}
{"id": 1020770822020059136, "date": "2018-07-21", "time": "16:41:43", "tweet": "@nypost the only fraud is Maureen Callahan.  She knows NOTHING about SpaceX.  How much are you guys short Tesla stock?", "likes_count": 5, "replies_count": 0, "retweets_count": 0, "hashtags": []}
{"id": 1020764933011787776, "date": "2018-07-21", "time": "16:18:19", "tweet": "For all the people shorting @Tesla stock, I can honestly say the #Model3 is a dream to drive.  I’m flabbergasted at how powerful the traditional auto industry is, that it can influence a WSJ reviewer to shut down his Twitter account and renounce his glowing review of the car.  https://t.co/mv5sjZJPX0", "likes_count": 196, "replies_count": 9, "retweets_count": 47, "hashtags": ["model3"]}
{"id": 1020760454333911040, "date": "2018-07-21", "time": "16:00:31", "tweet": "I liked a @YouTube video  https://t.co/sRB7yqjlCm JPMorgan \"TESLA STOCK WILL CRASH VERY SOON\"", "likes_count": 0, "replies_count": 0, "retweets_count": 0, "hashtags": []}
{"id": 1020760175970402304, "date": "2018-07-21", "time": "15:59:25", "tweet": "@MaureenCallaha2 how much of Tesla's stock did you short sell?", "likes_count": 0, "replies_count": 0, "retweets_count": 0, "hashtags": []}
{"id": 1020758271328583680, "date": "2018-07-21", "time": "15:51:51", "tweet": "How Close Is Tesla to Running Out of Cash? @themotleyfool #stocks $TSLA  https://t.co/ieHzGh4xje What is real is If I could afford to buy Tesla Stock, then I would buy up as much as I could afford! Fuck the haters!", "likes_count": 0, "replies_count": 0, "retweets_count": 0, "hashtags": ["stocks"]}
{"id": 1020757558938742786, "date": "2018-07-21", "time": "15:49:01", "tweet": "@DarkkSide_26 @zerohedge @Tesla Good joke that comes with a stock photo!!", "likes_count": 0, "replies_count": 0, "retweets_count": 0, "hashtags": []}
{"id": 1020754020808503298, "date": "2018-07-21", "time": "15:34:57", "tweet": "@mnicoletos @ewesoff @CNNMoney $TESLA $TSLA #TESLA #TSLA  I can see your point.  It is well made.  @elonmusk goes Cash flow positive/profitable or even close in 2 quarters and it is game on... again...  Sure the stock is overvalued.. but the whole fucking market is...  From 1999   https://t.co/yxEcwJv6dn", "likes_count": 1, "replies_count": 0, "retweets_count": 0, "hashtags": ["tesla", "tsla"]}
{"id": 1020749251457048576, "date": "2018-07-21", "time": "15:16:00", "tweet": "@MJT3141 @JohnnaSabri @TArkesteijn @vardmos @WPipperger @TeslaOpinion @EncomLab @talesftf @GerberKawasaki @robertvg @Alex_Kump @PedroCoSilva @GodlikeGiles @patrickcomack @elonmusk @MercedesBenz @TSLA @WSJ 1/Johnna don't listen to Mike. I also like his tweet as I like a good joke once in a while  The Q at the end of a stock ticker means that the company has filed for bankruptcy protection  TSLA is the Tesla stock ticker and adding the Q at the end would means it declared bankwuptcy", "likes_count": 2, "replies_count": 1, "retweets_count": 0, "hashtags": []}
{"id": 1020747596233695232, "date": "2018-07-21", "time": "15:09:26", "tweet": "Tesla Climbs Automaker Ranks For Vehicle Production In North America  https://t.co/bFcrVuWkbB", "likes_count": 0, "replies_count": 0, "retweets_count": 0, "hashtags": []}
{"id": 1020744039874932737, "date": "2018-07-21", "time": "14:55:18", "tweet": "@cliffski Just keep quietly counting your Tesla stock Cliff. ;)", "likes_count": 1, "replies_count": 0, "retweets_count": 0, "hashtags": []}
{"id": 1020735144423051265, "date": "2018-07-21", "time": "14:19:57", "tweet": "@GrizzlyMan901 @jryantz @PhillyD @RobinhoodApp @DavidDobrik talked about investing a million dollars in tesla stock and then losin practically all of it. but most people don’t enjoy sharing their failures, do you go around telling everyone when you screw up?", "likes_count": 2, "replies_count": 0, "retweets_count": 0, "hashtags": []}
{"id": 1020729393583452163, "date": "2018-07-21", "time": "13:57:06", "tweet": "Right idea wrong stock...   $TSLA $WWE #Tesla  https://t.co/r0AUN9e4IO", "likes_count": 10, "replies_count": 2, "retweets_count": 2, "hashtags": ["tesla"]}
{"id": 1020728555280523264, "date": "2018-07-21", "time": "13:53:46", "tweet": "Tesla Is a Sleeping Giant !! #tesla #tsla #stock #stockmarket #options #money #cars #tech #technology  https://t.co/LK51UCNUDF", "likes_count": 0, "replies_count": 0, "retweets_count": 0, "hashtags": ["tesla", "tsla", "stock", "stockmarket", "options", "money", "cars", "tech", "technology"]}
{"id": 1020723343761305602, "date": "2018-07-21", "time": "13:33:03", "tweet": "A Tsunami of money could be headed Tesla's way in the next year — and that’s bad news for the bears - Business Insider “This is why Musk's out there behavior..hasn't really dented Tesla's stock price: He matters but..The Tesla machine now runs on its own.”  https://t.co/phYSUpeOLQ", "likes_count": 0, "replies_count": 0, "retweets_count": 0, "hashtags": []}
{"id": 1020722623385423872, "date": "2018-07-21", "time": "13:30:12", "tweet": "Tesla Stock Hit With Sell Rating On View Of Troubling Times Ahead  https://t.co/YyqXOkffai", "likes_count": 0, "replies_count": 0, "retweets_count": 0, "hashtags": []}
{"id": 1020722558247800834, "date": "2018-07-21", "time": "13:29:56", "tweet": "Tesla Stock Hit With Sell Rating On View Of Troubling Times Ahead  https://t.co/YyqXOkffai via @IBDinvestors", "likes_count": 0, "replies_count": 0, "retweets_count": 0, "hashtags": []}
{"id": 1020721004358840320, "date": "2018-07-21", "time": "13:23:46", "tweet": "Move over GM/Ford Tesla's got the wheel now !! #tesla #tsla #stock #stockmarket #options #money #cars #tech #technology  https://t.co/NeNluQF7aI", "likes_count": 0, "replies_count": 0, "retweets_count": 0, "hashtags": ["tesla", "tsla", "stock", "stockmarket", "options", "money", "cars", "tech", "technology"]}
{"id": 1020714821703086082, "date": "2018-07-21", "time": "12:59:12", "tweet": "Tesla is valued by the stock market above General Motors? Why? Seems to be a total cult of personality, the California model of entrepreneurship and deification of all-powerful founders.  https://t.co/Q1JhzT40EJ", "likes_count": 1, "replies_count": 0, "retweets_count": 0, "hashtags": []}
{"id": 1020711058703609856, "date": "2018-07-21", "time": "12:44:14", "tweet": "MKBHD Drifts, Drives, Launches Tesla Model 3 Performance: Watch Here  https://t.co/YPaADm1Xrm", "likes_count": 0, "replies_count": 0, "retweets_count": 0, "hashtags": []}
{"id": 1020699552196845569, "date": "2018-07-21", "time": "11:58:31", "tweet": "@AlterViggo @BertelSchmitt @Tesla It really pisses me off that every time the stock rallies or there significant positive news on Tesla, that same week there will be ignorant analysts like Gill from Needham downgrading the stock. Basically, these analysts saying same thing for years.", "likes_count": 1, "replies_count": 0, "retweets_count": 0, "hashtags": []}
{"id": 1020697426448011265, "date": "2018-07-21", "time": "11:50:04", "tweet": "Tesla stock (TSLA) splits Wall St. as analysts weigh in on Model 3 sustainability  https://t.co/Pw3d8tTOrC", "likes_count": 0, "replies_count": 0, "retweets_count": 0, "hashtags": []}
{"id": 1020696966152376321, "date": "2018-07-21", "time": "11:48:15", "tweet": "OH PLEASE  TESLA STOCK DROPPING BC ELECTRIC CARS ARE SCAMS YES THEY ARE / WHAT HAPPENS WHEN THEY HAVE NO ELECTRICITY ?", "likes_count": 2, "replies_count": 0, "retweets_count": 0, "hashtags": []}
{"id": 1020690911800578048, "date": "2018-07-21", "time": "11:24:11", "tweet": "Yep....Ford stock IS BETTER than cash burning Tesla stock ..........@Ford", "likes_count": 0, "replies_count": 0, "retweets_count": 0, "hashtags": []}
{"id": 1020685954313580545, "date": "2018-07-21", "time": "11:04:29", "tweet": "In Norway, It May Be Cheaper To Run A Tesla Than A Toyota Prius  https://t.co/fvrVTpHtIr", "likes_count": 0, "replies_count": 0, "retweets_count": 0, "hashtags": []}
{"id": 1020679991434997765, "date": "2018-07-21", "time": "10:40:47", "tweet": "@gwestr @teslectrics1 @SteveWPNW I have never seen a Tesla bull accept the idea that Elon's done exactly that to pump the stock contrary to fundamentals before capital raises. Will this be a first?", "likes_count": 0, "replies_count": 1, "retweets_count": 0, "hashtags": []}
{"id": 1020673727439212545, "date": "2018-07-21", "time": "10:15:54", "tweet": "@TeslaCharts So you’ll be satisfied when service parts are in stock at SC’s and delivery logistics are streamlined? Tesla Service Center has always been the ‘last mile’ of the production line and completes final QA on vehicles prior to delivery (similar to traditional dealer w/out the markup)", "likes_count": 0, "replies_count": 1, "retweets_count": 0, "hashtags": []}
{"id": 1020673247585669121, "date": "2018-07-21", "time": "10:14:00", "tweet": "@andysexistence @stijnvanbael @Tesla @WSJ Because Tesla is a aweful company for investors. They never reach there goals, there making cars in tents, there liquidity is gone, and may need to raise more! Everything about this company screams bankruptcy. But the owner is a celeb, so dumb dumbs pump this stock.", "likes_count": 0, "replies_count": 0, "retweets_count": 0, "hashtags": []}
{"id": 1020672035796615168, "date": "2018-07-21", "time": "10:09:11", "tweet": "Tesla Semi Makes New Appearance  https://t.co/1AnDxgBl3a", "likes_count": 0, "replies_count": 0, "retweets_count": 0, "hashtags": []}
{"id": 1020671575551508481, "date": "2018-07-21", "time": "10:07:21", "tweet": "Tesla Stock Slips On Model 3 Cancellations |  https://t.co/vb6CNI7TfU  https://t.co/8E0fvcd6tc #oilprice", "likes_count": 0, "replies_count": 0, "retweets_count": 0, "hashtags": ["oilprice"]}
{"id": 1020670890722365441, "date": "2018-07-21", "time": "10:04:38", "tweet": "Tesla Model 3 profits, Mitsubishi Outlander PHEV review, electric car battery reuse: The Week in Reverse - Green Car Reports  https://t.co/wBSJ3E8McW", "likes_count": 0, "replies_count": 0, "retweets_count": 0, "hashtags": []}
{"id": 1020658193394028545, "date": "2018-07-21", "time": "09:14:10", "tweet": "Elon Musk Responds Hours After Analyst Report Citing Model 3 Cancellations Hits Tesla Stock  https://t.co/aXDvsFMm8S via @YahooFinance", "likes_count": 1, "replies_count": 0, "retweets_count": 0, "hashtags": []}
{"id": 1020648761436123136, "date": "2018-07-21", "time": "08:36:42", "tweet": "@cazin678 @H2oBoyBoucher @Tesla @elonmusk Also, no diehard $TSLA sycophant seems to understand that short selling is incapable of pushing stock down, thanks to the re-establishment of \"the uptick rule.\"  They call short selling of the underlying stock \"evil\" but never say that puts are also inherently so.  https://t.co/PmOCL2Wjpl", "likes_count": 2, "replies_count": 0, "retweets_count": 0, "hashtags": []}
{"id": 1020642386890952705, "date": "2018-07-21", "time": "08:11:22", "tweet": "Spreading fear, uncertainty and doubt about Tesla everyday all day.  These guys are tool  @markbspiegel  @MontanaSkeptic1  @WPipperger  @BertelSchmitt  @BossHoggHazzard   They're personally helping Elon to control more Tesla stock, he can buy more stock cheap. $TSLA bulls laughin", "likes_count": 11, "replies_count": 2, "retweets_count": 2, "hashtags": []}
{"id": 1020641864196730880, "date": "2018-07-21", "time": "08:09:17", "tweet": "Musk Says Tesla Model 3 Performance Could Hit 60 MPH In 3.3 Seconds  https://t.co/iwKwvThYww", "likes_count": 0, "replies_count": 0, "retweets_count": 0, "hashtags": []}
{"id": 1020630951733448704, "date": "2018-07-21", "time": "07:25:55", "tweet": "@SophiaHelwani @Tesla @WSJ That's why stock analysts don't ever (profitably) trade stocks and that's a perfect example of why journalism is dead.", "likes_count": 3, "replies_count": 0, "retweets_count": 0, "hashtags": []}
{"id": 1020625550510120961, "date": "2018-07-21", "time": "07:04:28", "tweet": "Check Out This Sea Of Tesla Model 3s Waiting For Delivery  https://t.co/2ypXmKz7gT", "likes_count": 0, "replies_count": 0, "retweets_count": 0, "hashtags": []}
