{"id": 977681360755322880, "date": "2018-03-24", "time": "18:59:35", "tweet": "@AlexSafahi @CNBC @elonmusk Worried 'bout your $TSLA stock? Lol If we had responsible journalism, Tesla would've been gone already", "likes_count": 3, "replies_count": 0, "retweets_count": 0, "hashtags": []}
{"id": 977670458979037185, "date": "2018-03-24", "time": "18:16:16", "tweet": "The stock market confuses me. GM sells more Chevy Bolts (not many) than @Tesla sells total cars. Tesla's market cap still larger than GM's.", "likes_count": 1, "replies_count": 0, "retweets_count": 0, "hashtags": []}
{"id": 977665853243232256, "date": "2018-03-24", "time": "17:57:58", "tweet": "can elon musk chill for a sec i chose tesla for my stock project and i’m getting disappointed  https://t.co/pWqEpnehOP", "likes_count": 0, "replies_count": 0, "retweets_count": 0, "hashtags": []}
{"id": 977664147176476672, "date": "2018-03-24", "time": "17:51:11", "tweet": "@JustinPulitzer Tesla stock $tsla  will be like a WW2 submarine movie on Monday. Dive Dive Dive OMG 😮 💀👽🐷💄You poor fanboys. You were warned and warned $tsla", "likes_count": 0, "replies_count": 0, "retweets_count": 0, "hashtags": []}
{"id": 977656169996021760, "date": "2018-03-24", "time": "17:19:29", "tweet": "$TSLA Elon Musk directs Tesla to 'slow down' on deliveries this quarter, citing local capacity issues", "likes_count": 1, "replies_count": 2, "retweets_count": 0, "hashtags": []}
{"id": 977645080961060865, "date": "2018-03-24", "time": "16:35:25", "tweet": "#Tesla #shareholders approve a $2.6 billion #stock option grant for Chairman &amp; CEO Elon Musk, but the company will need to meet key milestones in order for Musk to vest the options #corpgov #corporategovernance    https://t.co/C7CfWk9Ug9", "likes_count": 4, "replies_count": 0, "retweets_count": 1, "hashtags": ["tesla", "shareholders", "stock", "corpgov", "corporategovernance"]}
{"id": 977635612755972096, "date": "2018-03-24", "time": "15:57:48", "tweet": "@50bips @Commuternyc @Lebeaucarnews People don't hate Tesla, but rational reasoning requires separation of the company from the stock. $TSLA is priced for perfection in a world of zero competition. Their sub-par operation and product will soon be overwhelmed.", "likes_count": 1, "replies_count": 1, "retweets_count": 0, "hashtags": []}
{"id": 977612444238413824, "date": "2018-03-24", "time": "14:25:44", "tweet": "@elonmusk sold Facebook's stock and bought Tesla's. Also eat at @kimbal restaurant. Let's g Musk family.", "likes_count": 0, "replies_count": 0, "retweets_count": 0, "hashtags": []}
{"id": 977604397747392514, "date": "2018-03-24", "time": "13:53:46", "tweet": "Tesla Is a Sleeping Giant !! #tesla #tsla #stock #stockmarket #options #money #cars #tech #technology  https://t.co/HRIK8fFfUD", "likes_count": 0, "replies_count": 0, "retweets_count": 0, "hashtags": ["tesla", "tsla", "stock", "stockmarket", "options", "money", "cars", "tech", "technology"]}
{"id": 977598695326867456, "date": "2018-03-24", "time": "13:31:06", "tweet": "Tesla Model 3 Resets Expectations For Upcoming Rivals  https://t.co/U5UhBScFjj", "likes_count": 0, "replies_count": 0, "retweets_count": 0, "hashtags": []}
{"id": 977596847064743937, "date": "2018-03-24", "time": "13:23:45", "tweet": "Move over GM/Ford Tesla's got the wheel now !! #tesla #tsla #stock #stockmarket #options #money #cars #tech #technology  https://t.co/7dikv2jByg", "likes_count": 0, "replies_count": 0, "retweets_count": 0, "hashtags": ["tesla", "tsla", "stock", "stockmarket", "options", "money", "cars", "tech", "technology"]}
{"id": 977593745406296069, "date": "2018-03-24", "time": "13:11:26", "tweet": "Check Out This Stunning Black Chrome Tesla Model X 100D  https://t.co/uecRQb4Gzd", "likes_count": 0, "replies_count": 0, "retweets_count": 0, "hashtags": []}
{"id": 977588347228033025, "date": "2018-03-24", "time": "12:49:59", "tweet": "We Are One Seven LLC Invests $265,000 in Tesla Inc $TSLA Stock  https://t.co/kl7lDsDn6L #investing", "likes_count": 0, "replies_count": 0, "retweets_count": 0, "hashtags": ["investing"]}
{"id": 977570610745294848, "date": "2018-03-24", "time": "11:39:30", "tweet": "@ChipMessenger @Hedgeye Article didn’t mention roof!  They also underestimate Tesla’s competitive advantage:  super chargers across the country!  Lastly, not really sure I’d be buying the stock at these valuations but I don’t have the stones to short against @elonmusk either", "likes_count": 0, "replies_count": 0, "retweets_count": 0, "hashtags": []}
{"id": 977570563098054656, "date": "2018-03-24", "time": "11:39:19", "tweet": "Join Robinhood and we'll both get a stock like Apple, Ford, Sprint, Tesla for free. Make sure you use my link.  https://t.co/hntso4FLVA #buywhenyoureyoung #freemoney #earlieryoustart #thebetter", "likes_count": 0, "replies_count": 0, "retweets_count": 0, "hashtags": ["buywhenyoureyoung", "freemoney", "earlieryoustart", "thebetter"]}
{"id": 977561270437203968, "date": "2018-03-24", "time": "11:02:23", "tweet": "More reality setting in for #Tesla.  Much more reality to come for this story stock. $TSLA  https://t.co/RqDIMFDJ5x", "likes_count": 3, "replies_count": 0, "retweets_count": 1, "hashtags": ["tesla"]}
{"id": 977538738917183490, "date": "2018-03-24", "time": "09:32:51", "tweet": "Like the 10% stock crash wasn't enough for Facebook this week.  Now @ElonMusk removed @Tesla and SpaceX’s Facebook pages after Twitter challenge  https://t.co/HkhYNXFTT9 via @Verge #DeleteFacebook", "likes_count": 3, "replies_count": 0, "retweets_count": 3, "hashtags": ["deletefacebook"]}
{"id": 977527543371784192, "date": "2018-03-24", "time": "08:48:22", "tweet": "Bodoh betul @elonmusk ni. Bila engkau delete facebook page @SpaceX dengan @Tesla stock turun kau2. Kau tahu Tidak apa kesan kepada pelabur yang melabur dekat Fb? Diorg losses gila2.. Hmm", "likes_count": 0, "replies_count": 1, "retweets_count": 0, "hashtags": []}
{"id": 977501849673662465, "date": "2018-03-24", "time": "07:06:16", "tweet": "Have You Ever Wondered Why Tesla’s Not Flat Broke?  https://t.co/6vWKybkqQl", "likes_count": 0, "replies_count": 0, "retweets_count": 0, "hashtags": []}
{"id": 977440359474171905, "date": "2018-03-24", "time": "03:01:56", "tweet": "Tesla's debt price is deteriorating  https://t.co/hGMZsfV8BA - start #investing with #Robinhood and get a #free stock!  https://t.co/SjULESmTXV", "likes_count": 0, "replies_count": 0, "retweets_count": 0, "hashtags": ["investing", "robinhood", "free"]}
