{"id": 1000522638119374848, "date": "2018-05-26", "time": "19:42:40", "tweet": "Once $TSLA gets to 5K M3's/wk, the stock is going to explode. And the company is going to silence all the doubters. #TipToeQuietly #Tesla", "likes_count": 0, "replies_count": 0, "retweets_count": 0, "hashtags": ["tiptoequietly", "tesla"]}
{"id": 1000509750809788416, "date": "2018-05-26", "time": "18:51:27", "tweet": "@Jason @Tesla Hey Jason how much Tesla stock do you own?  Tired of VCs not disclosing their ownership interests.", "likes_count": 0, "replies_count": 0, "retweets_count": 0, "hashtags": []}
{"id": 1000506065266540544, "date": "2018-05-26", "time": "18:36:49", "tweet": "Tesla : stock-options ou syndicat, il faut choisir ?  https://t.co/fGQy87vSqJ via @leblogauto", "likes_count": 0, "replies_count": 0, "retweets_count": 0, "hashtags": []}
{"id": 1000496717261877248, "date": "2018-05-26", "time": "17:59:40", "tweet": "@Locus_of_Ctrl @danielcincu @elonmusk This whole Musk crusade started because bond experts sounded a few warning bells on Tesla debt, and the stock tanked. As a bond trader, I happen to agree with those doubters, although, I have no personal interest at stake. Musk was upset to be criticized and wants to appeal to...", "likes_count": 1, "replies_count": 2, "retweets_count": 0, "hashtags": []}
{"id": 1000493810701357056, "date": "2018-05-26", "time": "17:48:07", "tweet": "@bonnienorman The EV Fire stuff was ridiculous but I have to be kind of grateful, I took full advantage of the discount prices on $TSLA stock on each obviously unbased drop and that paid four our model X in 2016. Shorters cash infusion for tesla to make model 3 happen later. Grateful ❤️✌️", "likes_count": 5, "replies_count": 0, "retweets_count": 0, "hashtags": []}
{"id": 1000462759786569728, "date": "2018-05-26", "time": "15:44:44", "tweet": "@mistahbojangls @MattLevinson @JiKxxn @passthebeano @elonmusk @Tesla @EL They short when stock goes down, buy when stock goes up. It's a good business ride. Keep it going, speculator loves it.", "likes_count": 1, "replies_count": 0, "retweets_count": 0, "hashtags": []}
{"id": 1000444316387561473, "date": "2018-05-26", "time": "14:31:27", "tweet": "@nandelabra @immaburstyoass @MollyJongFast @elonmusk Me thinks because Tesla is still in startup mode: they're trying to keep costs down until they reach critical mass.  Model 3 was super expensive to create &amp; is a big task to produce.  Also his net worth is largely paper stock, not cash. If Tesla went bust he isn't a billionaire", "likes_count": 12, "replies_count": 2, "retweets_count": 0, "hashtags": []}
{"id": 1000437578460532736, "date": "2018-05-26", "time": "14:04:40", "tweet": "@elonmusk Hey Elon, first off, you're great and one day i will buy a Tesla. Second off, it's being portrayed that you're both winning and losing these  twitter battles. Could this affect stock volatility? I think the more is said, the more your potential customer base is divided.", "likes_count": 0, "replies_count": 0, "retweets_count": 0, "hashtags": []}
{"id": 1000437196057391104, "date": "2018-05-26", "time": "14:03:09", "tweet": "Tesla / SpaceX CEO Elon Musk Elected Fellow Of The Royal Society  https://t.co/MasAlcCazR", "likes_count": 0, "replies_count": 0, "retweets_count": 0, "hashtags": []}
{"id": 1000436756628561924, "date": "2018-05-26", "time": "14:01:24", "tweet": "@TeslaCharts Read the 1st few paragraphs. Idiotic text. ”Accomplished bs. artist”, ”supporters bit dumb”. I am a Tesla skeptic but that kind of writing has no virtues. Btw. SpaceX is amazing and so is Tesla story so far - it just is overhyped and stock over priced.", "likes_count": 0, "replies_count": 0, "retweets_count": 0, "hashtags": []}
{"id": 1000436711401443329, "date": "2018-05-26", "time": "14:01:13", "tweet": "Tesla Model 3 braking problems, new electric SUVs, 2-cylinder pickup: The Week in Reverse - Green Car Reports  https://t.co/YyVduIROcD", "likes_count": 0, "replies_count": 0, "retweets_count": 0, "hashtags": []}
{"id": 1000434832453918721, "date": "2018-05-26", "time": "13:53:45", "tweet": "Tesla Is a Sleeping Giant !! #tesla #tsla #stock #stockmarket #options #money #cars #tech #technology  https://t.co/Lwhhep3Wvl", "likes_count": 0, "replies_count": 0, "retweets_count": 0, "hashtags": ["tesla", "tsla", "stock", "stockmarket", "options", "money", "cars", "tech", "technology"]}
{"id": 1000434541830565888, "date": "2018-05-26", "time": "13:52:36", "tweet": "Depuis des mois, le syndicat des travailleurs du secteur automobile tente de s'implanter dans l'usine Tesla de Californie. Afin de l'empêcher, Elon Musk (son pdg) menace ses salariés de devoir renoncer à leurs stock-options s'ils adhèrent au syndicat.  https://t.co/RNXsjKUwgX", "likes_count": 0, "replies_count": 0, "retweets_count": 3, "hashtags": []}
{"id": 1000427282819887105, "date": "2018-05-26", "time": "13:23:45", "tweet": "Move over GM/Ford Tesla's got the wheel now !! #tesla #tsla #stock #stockmarket #options #money #cars #tech #technology  https://t.co/qTbs4g1Yu4", "likes_count": 0, "replies_count": 0, "retweets_count": 0, "hashtags": ["tesla", "tsla", "stock", "stockmarket", "options", "money", "cars", "tech", "technology"]}
{"id": 1000417106779918338, "date": "2018-05-26", "time": "12:43:19", "tweet": "Tesla Hires Former GM Exec To Be New China CFO, Other New Talent Added  https://t.co/q97nqjZTbd", "likes_count": 0, "replies_count": 0, "retweets_count": 0, "hashtags": []}
{"id": 1000405979819925504, "date": "2018-05-26", "time": "11:59:06", "tweet": "@investorTTT @willCIR @elonmusk lol you own Tesla stock and want to put this guy in jail.  No conflict of interest there.  You and Elon can go roll up a Pravda and fuck each other with it.", "likes_count": 6, "replies_count": 1, "retweets_count": 0, "hashtags": []}
{"id": 1000402491035414529, "date": "2018-05-26", "time": "11:45:15", "tweet": "@tim_cook when we look back on your era at Apple. It will be said you missed two of the biggest opportunities ever. Tesla &amp; Netflix. If you could have pried some billions from apples hoard a few years ago and bought some stock. You might have made history. $aapl $tsla $nflx", "likes_count": 10, "replies_count": 6, "retweets_count": 4, "hashtags": []}
{"id": 1000388112818765825, "date": "2018-05-26", "time": "10:48:07", "tweet": "6 Planes Fly In New Line To Up Tesla Model 3 Production To 6,000 / Week  https://t.co/Ye34U9iLY1", "likes_count": 0, "replies_count": 0, "retweets_count": 0, "hashtags": []}
{"id": 1000382334888112129, "date": "2018-05-26", "time": "10:25:09", "tweet": "@etzioni Yes; I don't own any Tesla stock", "likes_count": 2, "replies_count": 1, "retweets_count": 0, "hashtags": []}
{"id": 1000376831781081088, "date": "2018-05-26", "time": "10:03:17", "tweet": "As Tesla $TSLA Stock Value Declined, Lagoda Investment Management LP Boosted Its Position; Lingohr &amp; Partner Asset Management Gmbh Has Decreased Its Wal $WMT Position by $362,600; Stock Price Declined  https://t.co/Imd3flNcUH", "likes_count": 0, "replies_count": 0, "retweets_count": 0, "hashtags": []}
{"id": 1000376395716063233, "date": "2018-05-26", "time": "10:01:33", "tweet": "@neontaster His technical arguments have merit as in the case of the shorting of Tesla stock, but if you bought into efficacy of renewables, at least to dat, you haven’t done your research in the first place.", "likes_count": 0, "replies_count": 0, "retweets_count": 0, "hashtags": []}
{"id": 1000376030853394432, "date": "2018-05-26", "time": "10:00:06", "tweet": "Want to be at the forefront of innovation, but can't afford it? We have the next best thing! From LS Collectables: 1/18 Tesla Model S in white and blue. In stock now at our Broadmeadow store.", "likes_count": 0, "replies_count": 0, "retweets_count": 0, "hashtags": []}
{"id": 1000374726341070848, "date": "2018-05-26", "time": "09:54:55", "tweet": "can't wait to see what Tesla model Y will have in stock", "likes_count": 0, "replies_count": 0, "retweets_count": 0, "hashtags": []}
{"id": 1000369301524811776, "date": "2018-05-26", "time": "09:33:22", "tweet": "Tesla Model 3 Road Trip Car Hits Barrier While On Autopilot  https://t.co/uxMF5sCRYb", "likes_count": 0, "replies_count": 0, "retweets_count": 0, "hashtags": []}
{"id": 1000361754914934785, "date": "2018-05-26", "time": "09:03:22", "tweet": "Vail Resorts $Put $MTN Shareholder Continental Advisors Cut Stake; D L Carlson Investment Group Has Lifted Tesla Motors $TSLA Position by $443,175 as Stock Declined  https://t.co/ZVgWPLKkHj", "likes_count": 0, "replies_count": 0, "retweets_count": 0, "hashtags": []}
{"id": 1000344069699133440, "date": "2018-05-26", "time": "07:53:06", "tweet": "@sdmoores @BretStephensNYT @elonmusk In the long run the #renewables revolution (made possible by #batteries) is inevitable. But #Tesla's troubles will cause short term pain for many, not least their employees, bond-holders, pension fund investors and stock holders.", "likes_count": 0, "replies_count": 0, "retweets_count": 0, "hashtags": ["renewables", "batteries", "tesla"]}
{"id": 1000327724680986624, "date": "2018-05-26", "time": "06:48:09", "tweet": ".@UAW notes that @elonmusk was threatening to take away stock options of any Tesla employee that attempts to unionize.  https://t.co/Sg6kx31O4o …  https://t.co/6sBXi08Bna  https://t.co/Qf66Hy981U", "likes_count": 0, "replies_count": 0, "retweets_count": 1, "hashtags": []}
{"id": 1000300538511192064, "date": "2018-05-26", "time": "05:00:07", "tweet": "In fresh Twitter rant, Musk says Tesla workers would lose stock options if they unionized  https://t.co/1dZt1pfSjL  https://t.co/VNYFn8AFla", "likes_count": 0, "replies_count": 0, "retweets_count": 0, "hashtags": []}
{"id": 1000300311716786176, "date": "2018-05-26", "time": "04:59:13", "tweet": "@ollivier_yves @energyenviro @jearuiz Episode 17: We discuss Tesla's plummeting stock as it relates to Model 3 production woes; an astonishing new EV SUV with 1000hp; and a Cruise Automation fully autonomous car getting ticketed on the streets of San F...  https://t.co/goD13SLWuX  https://t.co/P8LTIgD7Xg", "likes_count": 0, "replies_count": 0, "retweets_count": 0, "hashtags": []}
{"id": 1000289103366111232, "date": "2018-05-26", "time": "04:14:41", "tweet": "question for the house: what would an implosion in Tesla stock prices do to Elon Musk's net worth? Would he maintain control of the company?  @hiltzikm @opinion_joe", "likes_count": 0, "replies_count": 0, "retweets_count": 0, "hashtags": []}
{"id": 1000271723919495168, "date": "2018-05-26", "time": "03:05:37", "tweet": "Analysts on Wall Street are really divided on the trajectory of Tesla and it shows in their stock price forecasts.  https://t.co/Vdos6ftEb2", "likes_count": 0, "replies_count": 0, "retweets_count": 0, "hashtags": []}
{"id": 1000271696925020160, "date": "2018-05-26", "time": "03:05:31", "tweet": "Elon Musk Gets in Spitting Match With Media. It Won’t Be Our Stock That Stumbles.   As Tesla endures solvable setbacks, Elon Musk lashes back at the media and analysts. Then he proposes a media-rating site ideally Pravda, Russian for \"truth.\"  The post Elon Musk Gets in Spit…", "likes_count": 0, "replies_count": 0, "retweets_count": 0, "hashtags": []}
{"id": 1000270696713539584, "date": "2018-05-26", "time": "03:01:32", "tweet": "Analysts on Wall Street are really divided on the trajectory of Tesla and it shows in their stock price forecasts.  https://t.co/gDdmfJmo9c", "likes_count": 0, "replies_count": 0, "retweets_count": 0, "hashtags": []}
{"id": 1000270500566913025, "date": "2018-05-26", "time": "03:00:46", "tweet": "Elon Musk Gets in Spitting Match With Media. It Won’t Be Our Stock That Stumbles.   As Tesla endures solvable setbacks, Elon Musk lashes back at the media and analysts. Then he proposes a media-rating site ideally Pravda, Russian for \"truth.\"  The post E…  https://t.co/fqBCgIoBTs  https://t.co/8IsgYWd3cA", "likes_count": 0, "replies_count": 0, "retweets_count": 0, "hashtags": []}
{"id": 1000265036466606082, "date": "2018-05-26", "time": "02:39:03", "tweet": "@teslainventory @elonmusk @Tesla Did the live stream go down?", "likes_count": 0, "replies_count": 0, "retweets_count": 0, "hashtags": []}
{"id": 1000262400392810497, "date": "2018-05-26", "time": "02:28:34", "tweet": "Analysts on Wall Street are really divided on the trajectory of Tesla and it shows in their stock price forecasts.  https://t.co/YgDmrI9d8m", "likes_count": 14, "replies_count": 1, "retweets_count": 6, "hashtags": []}
{"id": 1000254795247161344, "date": "2018-05-26", "time": "01:58:21", "tweet": "Bye Tesla stock👋🏼  https://t.co/r5UmDqJhAb", "likes_count": 1, "replies_count": 0, "retweets_count": 0, "hashtags": []}
{"id": 1000253638483333121, "date": "2018-05-26", "time": "01:53:45", "tweet": "Tesla Is a Sleeping Giant !! #tesla #tsla #stock #stockmarket #options #money #cars #tech #technology  https://t.co/gaC5bq29Jw", "likes_count": 0, "replies_count": 0, "retweets_count": 0, "hashtags": ["tesla", "tsla", "stock", "stockmarket", "options", "money", "cars", "tech", "technology"]}
{"id": 1000249438852472832, "date": "2018-05-26", "time": "01:37:04", "tweet": "@johnerik @PresidentOprahW @passthebeano @MattLevinson @elonmusk @Tesla No pic, no personal identifying info, too dumb to be a bot. I'm guessing he can't afford to short the stock, so probably mad his wife won't let him buy one", "likes_count": 0, "replies_count": 0, "retweets_count": 0, "hashtags": []}
{"id": 1000248592911687680, "date": "2018-05-26", "time": "01:33:42", "tweet": "@MattLevinson @JiKxxn @passthebeano @elonmusk @Tesla @EL It's all people who have the stock shorted or are salty that their spouse won't let them buy one.. #TeslaFTW", "likes_count": 70, "replies_count": 1, "retweets_count": 0, "hashtags": ["teslaftw"]}
