{"id": 1071549330639777792, "date": "2018-12-08", "time": "18:37:23", "tweet": "@ma_xiaoju @TheAdaptedMind @scot_work If you don’t want to believe that Tesla products are shit, go and buy more stock. No one is stopping you", "likes_count": 0, "replies_count": 1, "retweets_count": 0, "hashtags": []}
{"id": 1071533080366759946, "date": "2018-12-08", "time": "17:32:49", "tweet": "#tesla . . . Ford stock earned $1.90 per share in 2017, but its earnings are likely to decline this year -- and next year, too. Toyota earnings will decline next year as well,…  https://t.co/942CDhCu6q", "likes_count": 0, "replies_count": 0, "retweets_count": 0, "hashtags": ["tesla"]}
{"id": 1071531662784241667, "date": "2018-12-08", "time": "17:27:11", "tweet": "#NASDAQ #trading #news #Trump #stockmarket Markets  Futures  Stocks Top Ten: Weekend roundup: Catalysts for a stronger market | When to sell a beloved stock | Tesla and GM  https://t.co/ZjhS1RS2Jb via @Elite Investor", "likes_count": 0, "replies_count": 0, "retweets_count": 0, "hashtags": ["nasdaq", "trading", "news", "trump", "stockmarket"]}
{"id": 1071531173472583681, "date": "2018-12-08", "time": "17:25:14", "tweet": "Elon Musk Smokes Spliff, Sinks Stock ? But That's Just the.... #cars #tesla #audiovisual  https://t.co/yMmx8zdIt8  https://t.co/bfTd9haZYj", "likes_count": 0, "replies_count": 0, "retweets_count": 0, "hashtags": ["cars", "tesla", "audiovisual"]}
{"id": 1071529374598553606, "date": "2018-12-08", "time": "17:18:05", "tweet": "@jimcramer Did you name this Dog after a stock too?  They're all tanking you're going to have to call it \"TESLA\" @elonmusk", "likes_count": 0, "replies_count": 0, "retweets_count": 0, "hashtags": []}
{"id": 1071520616799502336, "date": "2018-12-08", "time": "16:43:17", "tweet": "Tesla electric car software updates that will make you jealous -  https://t.co/XsFSWR4j2z  https://t.co/eJD8uxNnjk", "likes_count": 0, "replies_count": 0, "retweets_count": 0, "hashtags": []}
{"id": 1071518138817224705, "date": "2018-12-08", "time": "16:33:26", "tweet": "Porsche’s biggest competitive advantage over Tesla - Quartz  https://t.co/ngbH5aEoFT", "likes_count": 0, "replies_count": 0, "retweets_count": 0, "hashtags": []}
{"id": 1071513297487364096, "date": "2018-12-08", "time": "16:14:12", "tweet": "@PollsTesla @TobiasMelander1 @Tesla @elonmusk FUD. There was no fine. there was a settlement. There are past cases of the SEC harassing companies trying to damage them to force them to settle, fighting them would cost more then 40m and hurt stock price which tesla couldn't afford. the Govt mandated the SEC sue more people.", "likes_count": 0, "replies_count": 1, "retweets_count": 0, "hashtags": []}
{"id": 1071510522393178113, "date": "2018-12-08", "time": "16:03:10", "tweet": "Elon Musk wants the world to embrace electric cars, even if Tesla goes bankrupt - CNN  https://t.co/RQaTqhnrbl", "likes_count": 0, "replies_count": 0, "retweets_count": 0, "hashtags": []}
{"id": 1071507261741326336, "date": "2018-12-08", "time": "15:50:13", "tweet": "@cppinvest Do we really know how much this will cost? I thought it was the holder’s choice whether to convert or not. And didn’t Tesla say they would pay those that CHOOSE to convert 50/50 cash/stock?", "likes_count": 0, "replies_count": 0, "retweets_count": 0, "hashtags": []}
{"id": 1071502647755243520, "date": "2018-12-08", "time": "15:31:53", "tweet": "Tesla stock drops as Elon Musk is dating Donald Glover.", "likes_count": 0, "replies_count": 0, "retweets_count": 0, "hashtags": []}
{"id": 1071499037403176961, "date": "2018-12-08", "time": "15:17:32", "tweet": "Good Results and a Stable Stock Could Give Tesla's Elon Musk an 'Out' -  https://t.co/Gvlj1uyAL1 #GoogleAlerts  #autos", "likes_count": 0, "replies_count": 0, "retweets_count": 0, "hashtags": ["googlealerts", "autos"]}
{"id": 1071496258051866624, "date": "2018-12-08", "time": "15:06:30", "tweet": "3/ I know Tesla’s credit spreads have widened (blown out actually) and debt would cost more in absolute terms, but the stock is also up $100 points from its last convert issue, and the company is telegraphing blue skies ahead.  So again, why not just tap the convert markets?", "likes_count": 20, "replies_count": 1, "retweets_count": 0, "hashtags": []}
{"id": 1071496256080543744, "date": "2018-12-08", "time": "15:06:29", "tweet": "1/ It was announced last week Tesla was planning to repay its 2019 convert with a mix of cash and stock, leading to much discussion on the Twitter, with questions centering on the signaling: is it bullish or bearish?  Good question.  But, other questions might be better.", "likes_count": 70, "replies_count": 13, "retweets_count": 16, "hashtags": []}
{"id": 1071496228536430592, "date": "2018-12-08", "time": "15:06:22", "tweet": "@JustABitAlien @usmanuddin Or up as fundamentals already so far above stock price thanks to shorters pricing in the recession in which others will fail and tesla will thrive as it doesn’t have the legacy assets depreciating rapidly nor defaults loans hit their finance department and dealer network.", "likes_count": 2, "replies_count": 2, "retweets_count": 0, "hashtags": []}
{"id": 1071491451958095872, "date": "2018-12-08", "time": "14:47:24", "tweet": "@WadeAndersonPT I’d take the cash 💰 and I’d invest it in Tesla stock. 😍", "likes_count": 0, "replies_count": 0, "retweets_count": 0, "hashtags": []}
{"id": 1071484953626640386, "date": "2018-12-08", "time": "14:21:34", "tweet": "friendly reminder to use your christmas money to buy Tesla stock", "likes_count": 4, "replies_count": 0, "retweets_count": 0, "hashtags": []}
{"id": 1071458990746329088, "date": "2018-12-08", "time": "12:38:24", "tweet": "@MarketWatch This is what’s basically keeping Tesla stock from destruction during the current market volatility", "likes_count": 0, "replies_count": 0, "retweets_count": 0, "hashtags": []}
{"id": 1071434383612174336, "date": "2018-12-08", "time": "11:00:37", "tweet": "Tesla stock jumps after Jefferies turns bullish, boosts price target - MarketWatch  https://t.co/T9oWbBc8CV", "likes_count": 0, "replies_count": 0, "retweets_count": 0, "hashtags": []}
{"id": 1071431955638566914, "date": "2018-12-08", "time": "10:50:59", "tweet": "5 Reasons to be Bullish on TESLA | TSLA STOCK:  https://t.co/7R0YuiFnoc via @YouTube", "likes_count": 0, "replies_count": 0, "retweets_count": 0, "hashtags": []}
{"id": 1071431237267529728, "date": "2018-12-08", "time": "10:48:07", "tweet": "I added a video to a @YouTube playlist  https://t.co/7R0YuiFnoc 5 Reasons to be Bullish on TESLA | TSLA STOCK", "likes_count": 1, "replies_count": 0, "retweets_count": 0, "hashtags": []}
{"id": 1071430325643943936, "date": "2018-12-08", "time": "10:44:30", "tweet": "@boriquagato LOVE TESLA but minor problem, wheels fell off and autopilot steered us into a truck, my wife and kid died but it's a small price for saving the world.   Using that life insurance check to buy more stock!! 🤑🤑🤑", "likes_count": 16, "replies_count": 0, "retweets_count": 2, "hashtags": []}
{"id": 1071423825043177474, "date": "2018-12-08", "time": "10:18:40", "tweet": "Tesla's stock jumps after Jefferies turns bullish, boosts price target - MarketWatch  https://t.co/przv5ZP7Zg  https://t.co/m3ekXPsj3J", "likes_count": 0, "replies_count": 0, "retweets_count": 0, "hashtags": []}
{"id": 1071423775986630658, "date": "2018-12-08", "time": "10:18:28", "tweet": "Tesla stock drops as Elon Musk just invented a robot that calls people paedophiles.", "likes_count": 0, "replies_count": 0, "retweets_count": 0, "hashtags": []}
{"id": 1071421862033395712, "date": "2018-12-08", "time": "10:10:52", "tweet": "Tesla stock jumps after Jefferies turns bullish, boosts price target – MarketWatch  https://t.co/1zofeZogdv", "likes_count": 0, "replies_count": 0, "retweets_count": 0, "hashtags": []}
{"id": 1071421007997648897, "date": "2018-12-08", "time": "10:07:29", "tweet": "Replace your old Nissan Patrol screen with this new 12.1 inch Tesla screen with high quality power amplified equalizer. Order yours now!.Limited stock available. Whats-app +971551837145 for more details.  https://t.co/1CbwkWuXnh", "likes_count": 0, "replies_count": 0, "retweets_count": 0, "hashtags": []}
{"id": 1071420554530312192, "date": "2018-12-08", "time": "10:05:40", "tweet": "Replace your old Nissan Patrol screen with this new 12.1 inch Tesla screen with high quality power amplified equalizer. Order yours now!.Limited stock available. Whats-app +971551837145 for more details.  استبدل شاشة...  https://t.co/1hIcoBs0L3", "likes_count": 0, "replies_count": 0, "retweets_count": 0, "hashtags": []}
{"id": 1071420431716904960, "date": "2018-12-08", "time": "10:05:11", "tweet": "Replace your old Nissan Patrol screen with this new 12.1 inch Tesla screen with high quality power amplified equalizer. Order yours now!.Limited stock available. Whats-app +971551837145 for more details.  استبدل شاشة...  https://t.co/8L2U0N7jIN", "likes_count": 0, "replies_count": 0, "retweets_count": 0, "hashtags": []}
{"id": 1071419521947308032, "date": "2018-12-08", "time": "10:01:34", "tweet": "Tesla INC $Put $TSLA Shareholder Capstone Investment Advisors LLC Boosted Its Stake  https://t.co/qcLSHFqe1j", "likes_count": 0, "replies_count": 0, "retweets_count": 0, "hashtags": []}
{"id": 1071410203013263361, "date": "2018-12-08", "time": "09:24:32", "tweet": "@gwestr This EV is a joke. Well, they wouldn't want to sell it to you anyway in their Audi petrolhead dealerships. ICE car companies still got hundreds of $billions invested in ICE factories/employees/knowhow. Tesla stock up 116% over past 5 years. Audi a meager 5%, little wonder!", "likes_count": 3, "replies_count": 0, "retweets_count": 0, "hashtags": []}
{"id": 1071409259445923840, "date": "2018-12-08", "time": "09:20:47", "tweet": "Tesla's stock jumps after Jefferies turns bullish, boosts price target - MarketWatch  https://t.co/6HqGkQZhkZ", "likes_count": 0, "replies_count": 0, "retweets_count": 0, "hashtags": []}
{"id": 1071409116923551746, "date": "2018-12-08", "time": "09:20:13", "tweet": "Fully Charged Checks Out Tesla Model 3 In London  https://t.co/3oKVeoHAbo", "likes_count": 0, "replies_count": 0, "retweets_count": 0, "hashtags": []}
{"id": 1071402395425497088, "date": "2018-12-08", "time": "08:53:31", "tweet": "Tesla stock jumps after Jefferies turns bullish, boosts price target - MarketWatch  https://t.co/4ItQhcKhHK  https://t.co/k6TRGKdKpt", "likes_count": 0, "replies_count": 0, "retweets_count": 0, "hashtags": []}
{"id": 1071398568060162049, "date": "2018-12-08", "time": "08:38:18", "tweet": "Elon Musk says Tesla 'interested' in taking over GM's idled factories  https://t.co/BZQSiGJNzJ   @elonmusk #ElonMusk great man of wealth and knowledge.  I support you.  I can't afford your stock but I do support you and your companies a great visionary you are.", "likes_count": 0, "replies_count": 0, "retweets_count": 0, "hashtags": ["elonmusk"]}
{"id": 1071388467727360001, "date": "2018-12-08", "time": "07:58:10", "tweet": "@BillGates I want for anteamsc EUROPE as GNU and XEROX patent and 10% of your fortune for buy TESLA patents( https://t.co/8yPNcGJ3oi)&amp;licenses of ASIA 51% and ALL STOCK OPTIONS of APPLE &amp; MICROSOFT DEAL?Æ@CasaReal @EMADmde @Defensagob @interiorgob @policia @guardiacivil @agarzon Æ", "likes_count": 0, "replies_count": 0, "retweets_count": 0, "hashtags": []}
{"id": 1071387000412852226, "date": "2018-12-08", "time": "07:52:20", "tweet": "New post (Tesla stock jumps after Jefferies turns bullish, boosts price target) has been published on Breaking News -  https://t.co/GuSOH7t2eE  https://t.co/EOTMI6d2DY", "likes_count": 0, "replies_count": 0, "retweets_count": 0, "hashtags": []}
{"id": 1071386090857263104, "date": "2018-12-08", "time": "07:48:44", "tweet": "Tesla's stock jumps after Jefferies turns bullish, boosts price target - MarketWatch  https://t.co/przv5ZP7Zg  https://t.co/LStloH64FM", "likes_count": 0, "replies_count": 0, "retweets_count": 0, "hashtags": []}
{"id": 1071380672911044608, "date": "2018-12-08", "time": "07:27:12", "tweet": "@RaineyCameros @28delayslater @Tesla @elonmusk Hm, so let me get this straight. A Bear is someone who goes in thousands, maybe millions, on a Company's stock and then trashes the company ?", "likes_count": 0, "replies_count": 0, "retweets_count": 0, "hashtags": []}
{"id": 1071380285537828866, "date": "2018-12-08", "time": "07:25:40", "tweet": "@BrunoGianelli5 @Tesla If you wan't to buy a Model 3 they'll answer $TSLa have loads of em in stock. Unfortunately you will be back to the service centre hell pretty quick with it", "likes_count": 4, "replies_count": 1, "retweets_count": 0, "hashtags": []}
{"id": 1071376981235777537, "date": "2018-12-08", "time": "07:12:32", "tweet": "Tax credit stops before end of the year? @Tesla has a bunch of stock #Model3 #modelS #modelX you can still get delivered before end of the year. And if you use my code you get six months of free Supercharging Model S or X.  https://t.co/GbxkUksdd2", "likes_count": 0, "replies_count": 0, "retweets_count": 0, "hashtags": ["model3", "models", "modelx"]}
{"id": 1071375149021233153, "date": "2018-12-08", "time": "07:05:15", "tweet": "@ElonMuskScience @rocobasilisk @Tesla No, they needed $359+ price print by Dec 1st to allow for a partial stock conversion for their bond, due March 2019.  It's a wall street casino - not value based on financials.", "likes_count": 0, "replies_count": 0, "retweets_count": 0, "hashtags": []}
{"id": 1071374071248666625, "date": "2018-12-08", "time": "07:00:58", "tweet": "Tesla Stock Upgraded: What You Need to Know - Motley Fool  https://t.co/vaA7fo3nSR", "likes_count": 0, "replies_count": 0, "retweets_count": 0, "hashtags": []}
{"id": 1071370703348228098, "date": "2018-12-08", "time": "06:47:35", "tweet": "Spoločnosť Tesla ja vystavená ďalšej skúške, kvôli odchodu kľúčových zamestnancov.   https://t.co/4ykcEtVxdI  #tesla #financnenoviny #musk #elonmusk #akcie #stock #futures  https://t.co/1d3mS23uqZ", "likes_count": 0, "replies_count": 0, "retweets_count": 0, "hashtags": ["tesla", "financnenoviny", "musk", "elonmusk", "akcie", "stock", "futures"]}
{"id": 1071367560442990592, "date": "2018-12-08", "time": "06:35:06", "tweet": "@elonmusk @kenichiromogi You are a grand great brain man and I have Tesla's stock in Japan", "likes_count": 0, "replies_count": 0, "retweets_count": 0, "hashtags": []}
{"id": 1071361171142393857, "date": "2018-12-08", "time": "06:09:42", "tweet": "Tesla stock jumps after Jefferies turns bullish, boosts price target - MarketWatch  https://t.co/LRlC2sawXZ", "likes_count": 0, "replies_count": 0, "retweets_count": 0, "hashtags": []}
{"id": 1071357870581706754, "date": "2018-12-08", "time": "05:56:35", "tweet": "Jerome M. Guillen Sells 1,000 Shares of Tesla Inc $TSLA Stock  https://t.co/6mXEXA3OZX", "likes_count": 1, "replies_count": 0, "retweets_count": 0, "hashtags": []}
{"id": 1071356501758017536, "date": "2018-12-08", "time": "05:51:09", "tweet": "Tesla's stock jumps after Jefferies turns bullish, boosts price target - MarketWatch Tesla's stock jumps after Jefferies turns bullish, boosts price target  MarketWatch  Shares of Tesla Inc. TSLA, -1.40% rallied 2.1% toward a 4-month high in premarket tr…  https://t.co/1IyrND1WnX", "likes_count": 0, "replies_count": 0, "retweets_count": 0, "hashtags": []}
{"id": 1071355997946634241, "date": "2018-12-08", "time": "05:49:09", "tweet": "Tesla's stock jumps after Jefferies turns bullish, boosts price target - MarketWatch  https://t.co/NFDIu5nuVV", "likes_count": 0, "replies_count": 0, "retweets_count": 0, "hashtags": []}
{"id": 1071350975363985408, "date": "2018-12-08", "time": "05:29:11", "tweet": "Tesla Stock Upgraded: What You Need to Know - Motley Fool  https://t.co/4DzyKzG1zz", "likes_count": 0, "replies_count": 0, "retweets_count": 0, "hashtags": []}
{"id": 1071350236541526017, "date": "2018-12-08", "time": "05:26:15", "tweet": "Tesla Stock Upgraded: What You Need to Know - Motley Fool  Tesla Stock Upgraded: What You Need to Know  Motley Fool  Elon Musk says Tesla may consider buying one of GM's idled plants  CNET  Elon Musk: 'I Have No Idea How to Smoke Pot'  Gizmodo  Elon Musk…  https://t.co/RxodsHY38Y", "likes_count": 0, "replies_count": 0, "retweets_count": 0, "hashtags": []}
{"id": 1071349974032629760, "date": "2018-12-08", "time": "05:25:13", "tweet": "Tesla's stock jumps after Jefferies turns bullish, boosts price target - MarketWatch  https://t.co/Y91Rl2W72y", "likes_count": 0, "replies_count": 0, "retweets_count": 0, "hashtags": []}
{"id": 1071349912099532803, "date": "2018-12-08", "time": "05:24:58", "tweet": "Tesla’s stock jumps after Jefferies turns bullish, boosts price target  https://t.co/vuprI9oa9Q", "likes_count": 0, "replies_count": 0, "retweets_count": 0, "hashtags": []}
{"id": 1071349446095630336, "date": "2018-12-08", "time": "05:23:07", "tweet": "Tesla's stock jumps after Jefferies turns bullish, boosts price target - MarketWatch  https://t.co/olqRFuNNV5 東京都情報  https://t.co/sk9vJGS3Zu 天気はこちら  https://t.co/xbJQCLiAvU", "likes_count": 0, "replies_count": 0, "retweets_count": 0, "hashtags": []}
{"id": 1071348236940656640, "date": "2018-12-08", "time": "05:18:19", "tweet": "Tesla's stock jumps after Jefferies turns bullish, boosts price target - MarketWatch  https://t.co/fkL7nxDWrr", "likes_count": 0, "replies_count": 0, "retweets_count": 0, "hashtags": []}
{"id": 1071348208729763845, "date": "2018-12-08", "time": "05:18:12", "tweet": "Tesla's stock jumps after Jefferies turns bullish, boosts price target - MarketWatch  https://t.co/55XigQGuMv", "likes_count": 0, "replies_count": 0, "retweets_count": 0, "hashtags": []}
{"id": 1071327303278518273, "date": "2018-12-08", "time": "03:55:08", "tweet": "Musk Says Tesla Would Consider Buying Shuttered GM Factories  https://t.co/iSW0h3PJfT", "likes_count": 0, "replies_count": 0, "retweets_count": 0, "hashtags": []}
{"id": 1071323204856107010, "date": "2018-12-08", "time": "03:38:50", "tweet": "Tesla's plan to make bond payment in March emerges: Tesla notified holders of bonds due in March that if they elect to convert the debt, they'll be paid with a 50-50 mix of cash and stock, according to a copy of a document seen by Bloomberg.  https://t.co/r78Bewcnrv", "likes_count": 0, "replies_count": 0, "retweets_count": 0, "hashtags": []}
{"id": 1071315780925566976, "date": "2018-12-08", "time": "03:09:20", "tweet": "Tesla Stock Upgraded: What You Need to Know - Motley Fool  https://t.co/S0IIJONHbN", "likes_count": 0, "replies_count": 0, "retweets_count": 0, "hashtags": []}
{"id": 1071315758104436737, "date": "2018-12-08", "time": "03:09:15", "tweet": "#NavyCapital #barronsonline: Good Results and a Stable Stock Could Give Tesla’s Elon Musk an ‘Out’  https://t.co/uFlSiyWJTK", "likes_count": 0, "replies_count": 0, "retweets_count": 0, "hashtags": ["navycapital", "barronsonline"]}
{"id": 1071314853258768387, "date": "2018-12-08", "time": "03:05:39", "tweet": "Dow Jones, Nasdaq Reverse Lower; Tesla Stock Breaks Out - Investor's Business Daily -  https://t.co/QGrQyVsRjn #stocks #news  https://t.co/qSBrpfvASr", "likes_count": 0, "replies_count": 0, "retweets_count": 0, "hashtags": ["stocks", "news"]}
