{"id": 1003043403687448576, "date": "2018-06-02", "time": "18:39:17", "tweet": "UPDATE #3: Tesla Model 3 Sets New Range Record At 606.2 Miles  https://t.co/luunpx18li", "likes_count": 0, "replies_count": 0, "retweets_count": 0, "hashtags": []}
{"id": 1003043190776172544, "date": "2018-06-02", "time": "18:38:26", "tweet": "@KellySueWilson @blondemenace88 Yes, that's by the Devonshire Research Group, a company that's shorting Tesla stock. Coincidence eh? Shouty caps aside, the study I gave you is indeed about the overall footprint. Just like this one is too:  https://t.co/F8iiif0j60", "likes_count": 0, "replies_count": 1, "retweets_count": 0, "hashtags": []}
{"id": 1003013793792888833, "date": "2018-06-02", "time": "16:41:38", "tweet": "@iliketeslas @Benshooter @TeslaTrolls @blainefundlp @thanquo1 @Everman @elonmusk I doubt Tesla has many haters. Some people are reacting to a stock that's overpriced by most metrics, a questionable leadership, the lack of any independence from the board, unethical if not illegal acts like SolarCity acquisition or repeatedly misleading investors/customers.", "likes_count": 1, "replies_count": 1, "retweets_count": 0, "hashtags": []}
{"id": 1003011511395155968, "date": "2018-06-02", "time": "16:32:34", "tweet": "Great interview! Like and Subscribe to @EforElectric I own @Ford &amp; @Tesla stock &amp; am skeptical of @GM ever since the #HusseinBailouts but their push for over 20 #ElectricVehicles by 2023 is a commitment I wish &amp; hope #Ford emulates! #ZeroEmissions   https://t.co/71V0te0daS", "likes_count": 0, "replies_count": 0, "retweets_count": 0, "hashtags": ["husseinbailouts", "electricvehicles", "ford", "zeroemissions"]}
{"id": 1003006277214195713, "date": "2018-06-02", "time": "16:11:46", "tweet": "@cirkoolio @Tesla Seriously. If @cirkoolio doesn’t get a free @Tesla out of this I’m selling all my stock in the company.", "likes_count": 1, "replies_count": 0, "retweets_count": 0, "hashtags": []}
{"id": 1002993038132736005, "date": "2018-06-02", "time": "15:19:09", "tweet": "Well-Known Billionaires Weigh In On Tesla CEO Elon Musk  https://t.co/sJrKqGyAcj", "likes_count": 0, "replies_count": 0, "retweets_count": 0, "hashtags": []}
{"id": 1002988967543705600, "date": "2018-06-02", "time": "15:02:59", "tweet": "Tesla Inc. $TSLA Stock Live Analysis 05-01-2017 #share  https://t.co/BlS57Mcj1h", "likes_count": 0, "replies_count": 0, "retweets_count": 0, "hashtags": ["share"]}
{"id": 1002988402218881024, "date": "2018-06-02", "time": "15:00:44", "tweet": "Drove a Tesla today. I'm getting one ASAP, and I'm so long on the stock, the only thing longer is my &lt;redacted&gt; when it accelerates in Ludicrous Mode. It's a spaceship, and now my Land Rover Discovery (or as I call it, Rand Lover Very Disco) feels like a wheelbarrow.  @Tesla", "likes_count": 1, "replies_count": 1, "retweets_count": 0, "hashtags": []}
{"id": 1002988000459018240, "date": "2018-06-02", "time": "14:59:08", "tweet": "Thank you for dreaming, and realizing a better world @elonmusk. I hold #Tesla stock because I believe dreams can happen. Now I drive a Model 3 as well, and feel a better future is within reach.  https://t.co/Xl93dFUNBb", "likes_count": 1, "replies_count": 0, "retweets_count": 0, "hashtags": ["tesla"]}
{"id": 1002980397095976960, "date": "2018-06-02", "time": "14:28:55", "tweet": "@ThaHustlersClub He didn’t create Tesla.. he first invested into it and eventually led to be the biggest stock holder of the company and he appointed himself as CEO", "likes_count": 0, "replies_count": 0, "retweets_count": 0, "hashtags": []}
{"id": 1002976224925249536, "date": "2018-06-02", "time": "14:12:21", "tweet": "@Tesla How annoying is it that everyone focuses on inevitably varying stock prices instead of issues that are actually important?", "likes_count": 1, "replies_count": 0, "retweets_count": 0, "hashtags": []}
{"id": 1002969881904467968, "date": "2018-06-02", "time": "13:47:08", "tweet": "@durwoodg @CGrantWSJ @Tesla Also, the @CGrantWSJ Q presupposes stock at $300 is a high point. When Tesla is profitable/cashflow+ end of year $TSLA will be well over $400. That’s optimal time to fundraise (if needed) for Model Y etc. @CGrantWSJ has a short sell thesis /negative bias.", "likes_count": 0, "replies_count": 0, "retweets_count": 0, "hashtags": []}
{"id": 1002963999955324931, "date": "2018-06-02", "time": "13:23:46", "tweet": "Move over GM/Ford Tesla's got the wheel now !! #tesla #tsla #stock #stockmarket #options #money #cars #tech #technology  https://t.co/5j7GY48k5S", "likes_count": 0, "replies_count": 0, "retweets_count": 0, "hashtags": ["tesla", "tsla", "stock", "stockmarket", "options", "money", "cars", "tech", "technology"]}
{"id": 1002960323190587392, "date": "2018-06-02", "time": "13:09:09", "tweet": "Tesla Model S, X Bioweapon Defense Mode Could Save Your Life  https://t.co/EAKvnrabHd", "likes_count": 0, "replies_count": 0, "retweets_count": 0, "hashtags": []}
{"id": 1002946700728676352, "date": "2018-06-02", "time": "12:15:01", "tweet": "Tesla should delist, and start own exchange ...where no shorting allowed and investors must hold stock for at least six months.", "likes_count": 0, "replies_count": 0, "retweets_count": 0, "hashtags": []}
{"id": 1002944664331145216, "date": "2018-06-02", "time": "12:06:56", "tweet": "@Tesla Why not delist the stock, start your own Investor Exchange - shorting not allowed and investors must hold stock for at least 6 months?", "likes_count": 0, "replies_count": 0, "retweets_count": 0, "hashtags": []}
{"id": 1002937580017471489, "date": "2018-06-02", "time": "11:38:47", "tweet": "@mike_acton Match the ROI? Uber credits...  I kid.  Tesla stock...  I jest.  VW Jetta, diesel.  I cough.  Perhaps a car with two fathers, the BRZ / 86, will be strong and live long.", "likes_count": 0, "replies_count": 0, "retweets_count": 0, "hashtags": []}
{"id": 1002937449599791106, "date": "2018-06-02", "time": "11:38:16", "tweet": "c) Tesla stock price can crash any time, making a raise impossible. Why  did they not raise when the price was above 350? Or at 300? Or now?", "likes_count": 0, "replies_count": 1, "retweets_count": 0, "hashtags": []}
{"id": 1002917106155950081, "date": "2018-06-02", "time": "10:17:26", "tweet": "@jorndevreede @ton_aarts @Tesla @elonmusk „...and shit isn’t going your way“ Common misperception of $TSLA lemmings is that the stock price volatility isn’t a money making opportunity and that all those who see Tesla and Musk for what they are are somehow „hurt“ when the price ticks up. Reminder:ATH $389. Fri close ~$292", "likes_count": 2, "replies_count": 1, "retweets_count": 0, "hashtags": []}
{"id": 1002910637805072384, "date": "2018-06-02", "time": "09:51:43", "tweet": "Can SolarCity and Gigafactory Supercharge Tesla Stock? |  https://t.co/qh93JJ0bbD #solar#energy", "likes_count": 0, "replies_count": 0, "retweets_count": 0, "hashtags": []}
