{"id": 975141079023542272, "date": "2018-03-17", "time": "18:45:25", "tweet": "Mar-17 'Sitting on Hands?' #TESLA $TSLA Update #Stock #Market #Technical #Analysis #Chart  Watch -&gt;  https://t.co/UOSviDZXVe  #ElonMusk #StocksByRequest #StockMarket #tradingpsychology  https://t.co/PsQbJ1naXR", "likes_count": 1, "replies_count": 0, "retweets_count": 1, "hashtags": ["tesla", "stock", "market", "technical", "analysis", "chart", "elonmusk", "stocksbyrequest", "stockmarket", "tradingpsychology"]}
{"id": 975138279950467072, "date": "2018-03-17", "time": "18:34:17", "tweet": "This surging stock looks like a promising bet on electric cars — and it’s not Tesla   https://t.co/O6CxBKHUCK Published: Mar 17, 2018 3:32 p.m. ET", "likes_count": 0, "replies_count": 0, "retweets_count": 0, "hashtags": []}
{"id": 975106061811310592, "date": "2018-03-17", "time": "16:26:16", "tweet": "This surging stock looks like a promising bet on electric cars — and it's not Tesla - MarketWatch  https://t.co/aQ4GjaAAKv", "likes_count": 0, "replies_count": 0, "retweets_count": 0, "hashtags": []}
{"id": 975105375514001419, "date": "2018-03-17", "time": "16:23:32", "tweet": "Barron's: This surging stock looks like a promising bet on electric cars — and it’s not Tesla  https://t.co/R7w9DeTjiX", "likes_count": 0, "replies_count": 0, "retweets_count": 0, "hashtags": []}
{"id": 975103032596852739, "date": "2018-03-17", "time": "16:14:14", "tweet": "@robinivski @ValueAnalyst1 @Tesla @MorganStanley @DeutscheBank @elonmusk File for BK when stock price remains at $300? If true that would be great. Longs get downside protection 😀😀😀", "likes_count": 0, "replies_count": 0, "retweets_count": 0, "hashtags": []}
{"id": 975100790737076226, "date": "2018-03-17", "time": "16:05:19", "tweet": "This surging stock looks like a promising bet on electric cars — and it’s not Tesla  https://t.co/HJaw7tbESL  https://t.co/WqBtQXoHaf", "likes_count": 0, "replies_count": 0, "retweets_count": 0, "hashtags": []}
{"id": 975099571431976960, "date": "2018-03-17", "time": "16:00:28", "tweet": "This surging stock looks like a promising bet on electric cars — and it’s not Tesla  https://t.co/ntjQ8HxtRl", "likes_count": 0, "replies_count": 0, "retweets_count": 0, "hashtags": []}
{"id": 975095442785652737, "date": "2018-03-17", "time": "15:44:04", "tweet": "This surging stock looks like a promising bet on electric cars — and it’s not Tesla  https://t.co/wIO3UBrqyl", "likes_count": 0, "replies_count": 0, "retweets_count": 0, "hashtags": []}
{"id": 975094239016124419, "date": "2018-03-17", "time": "15:39:17", "tweet": "This surging stock looks like a promising bet on electric cars — and it’s not Tesla #Marketwatch - Banking #Stocks   https://t.co/CbE6d70qur", "likes_count": 0, "replies_count": 0, "retweets_count": 0, "hashtags": ["marketwatch", "stocks"]}
{"id": 975094214240493568, "date": "2018-03-17", "time": "15:39:11", "tweet": "This surging stock looks like a promising bet on electric cars — and it’s not Tesla  https://t.co/JtzcHKXM0y", "likes_count": 0, "replies_count": 0, "retweets_count": 0, "hashtags": []}
{"id": 975093426449518592, "date": "2018-03-17", "time": "15:36:03", "tweet": "This surging stock looks like a promising bet on electric cars — and it’s not Tesla  https://t.co/GFLoG7LMKw", "likes_count": 0, "replies_count": 0, "retweets_count": 0, "hashtags": []}
{"id": 975090024529178625, "date": "2018-03-17", "time": "15:22:32", "tweet": "This surging stock looks like a promising bet on electric cars — and it’s not Tesla  https://t.co/akAHlssmId", "likes_count": 1, "replies_count": 0, "retweets_count": 0, "hashtags": []}
{"id": 975088467716853763, "date": "2018-03-17", "time": "15:16:21", "tweet": "Volkswagen's Electric-Car Program Is About to Blow Right Past Tesla - Motley Fool  https://t.co/uU2qPlwFkE", "likes_count": 0, "replies_count": 0, "retweets_count": 0, "hashtags": []}
{"id": 975068493484830720, "date": "2018-03-17", "time": "13:56:59", "tweet": "Tesla Is a Sleeping Giant !! #tesla #tsla #stock #stockmarket #options #money #cars #tech #technology  https://t.co/HjFOaSbcBO", "likes_count": 0, "replies_count": 0, "retweets_count": 0, "hashtags": ["tesla", "tsla", "stock", "stockmarket", "options", "money", "cars", "tech", "technology"]}
{"id": 975067682088382466, "date": "2018-03-17", "time": "13:53:45", "tweet": "Move over GM/Ford Tesla's got the wheel now !! #tesla #tsla #stock #stockmarket #options #money #cars #tech #technology  https://t.co/2WTde9p01Y", "likes_count": 0, "replies_count": 0, "retweets_count": 0, "hashtags": ["tesla", "tsla", "stock", "stockmarket", "options", "money", "cars", "tech", "technology"]}
{"id": 975051144597778432, "date": "2018-03-17", "time": "12:48:03", "tweet": "Essex Financial Services Lifted Tesla Mtrs (TSLA) Position by $758,725; Heartland Advisors Has Upped Stake in Spark Energy (SPKE) as Stock Value Ro...", "likes_count": 0, "replies_count": 0, "retweets_count": 0, "hashtags": []}
{"id": 975044462706642945, "date": "2018-03-17", "time": "12:21:30", "tweet": "This surging stock looks like a promising bet on electric cars — and it’s not Tesla  https://t.co/f6PbvGx8Ef", "likes_count": 0, "replies_count": 0, "retweets_count": 0, "hashtags": []}
{"id": 975040862215221249, "date": "2018-03-17", "time": "12:07:11", "tweet": "@oakenstream @lakesvacation1 @markbspiegel Not sure what you mean then because the stock price isn't managed by Elon OR Tesla? The market just reacts to buy and sell demand?", "likes_count": 0, "replies_count": 0, "retweets_count": 0, "hashtags": []}
{"id": 975037929570652161, "date": "2018-03-17", "time": "11:55:32", "tweet": "@mysticl @lakesvacation1 @markbspiegel Ok, I mixed two things. It's about selling what consumers want to buy. Tesla has had some effect on that, but not everything EV comes from Tesla for sure. The stock price shouldn't solely be valued high because the company affects a trend.", "likes_count": 0, "replies_count": 1, "retweets_count": 0, "hashtags": []}
{"id": 975028799426396160, "date": "2018-03-17", "time": "11:19:15", "tweet": "@lakesvacation1 @mysticl @markbspiegel and that game to save our childrens grandchildren in priceless thus buy my Tesla stock for 700$ or what? just value the company like a normal company and buy them for 100$..", "likes_count": 0, "replies_count": 1, "retweets_count": 0, "hashtags": []}
