{"id": 1008124159015124992, "date": "2018-06-16", "time": "19:08:24", "tweet": "@Baseljanitors @elonmusk Oh I need no convincing that Tesla looks like a bad bet through the rear-view mirror.  Tremendously overvalued stock vs. FY17 earnings.  But vs. FY23 earnings??  Depends how well you think the next 5 years will go.", "likes_count": 0, "replies_count": 0, "retweets_count": 0, "hashtags": []}
{"id": 1008123192458858497, "date": "2018-06-16", "time": "19:04:33", "tweet": "If I was a Tesla employee, I’d probably do anything I could to achieve this goal-being so done with the haters- not only pride in the company, but employee stock incentives...  https://t.co/9en36rIVBD", "likes_count": 0, "replies_count": 0, "retweets_count": 0, "hashtags": []}
{"id": 1008117473072144386, "date": "2018-06-16", "time": "18:41:50", "tweet": "@ColwellSkyler @frankthefink @BlackRose96 @AnarchoPakman @BethLynch2020 @elonmusk Very impoverished when he can just buy $25 million of Tesla stock.", "likes_count": 11, "replies_count": 2, "retweets_count": 1, "hashtags": []}
{"id": 1008115225126526976, "date": "2018-06-16", "time": "18:32:54", "tweet": "@elonmusk I have to omit this is a huge surprise. So much for those who shorted Tesla stock again lol. It’s going to be rough for you. Great accomplishment Elon.", "likes_count": 0, "replies_count": 0, "retweets_count": 0, "hashtags": []}
{"id": 1008106154558402560, "date": "2018-06-16", "time": "17:56:51", "tweet": "@Elon_Musk_World Elon Musk Just Bought Even More Tesla Stock - The #MotleyFool -  https://t.co/ylO5yIOGbS #FinancialNews. Trade the markets Now!  https://t.co/tRDsgnfkvw via tradebuddy  https://t.co/8cn2sJNwTj", "likes_count": 0, "replies_count": 1, "retweets_count": 0, "hashtags": ["motleyfool", "financialnews"]}
{"id": 1008104773558497281, "date": "2018-06-16", "time": "17:51:22", "tweet": "Top Stock Chart Analysis: Apple, Tesla, Google, Boeing Are Near Buy Points  https://t.co/an74Kkvepk", "likes_count": 5, "replies_count": 0, "retweets_count": 0, "hashtags": []}
{"id": 1008104251933876224, "date": "2018-06-16", "time": "17:49:17", "tweet": "“Musk has an incentive to move the stock price higher, although he has at times talked it down. With cash borrowed against Tesla's valuable shares, he buys more shares and ... the shares become more valuable! In a sense, this is pretend money creating speculative value.”", "likes_count": 0, "replies_count": 1, "retweets_count": 0, "hashtags": []}
{"id": 1008101434670215168, "date": "2018-06-16", "time": "17:38:06", "tweet": "“Last year, Tesla disclosed that Musk has loans with Morgan Stanley to the tune of about $624 million, pledged to Tesla stock as collateral. Presumably, this is the funding channel he's using to buy more stock.”", "likes_count": 0, "replies_count": 1, "retweets_count": 0, "hashtags": []}
{"id": 1008100741276266496, "date": "2018-06-16", "time": "17:35:20", "tweet": "ICYMI: Elon Musk e-mail to all employees at Tesla on Fri. night calls for \"radical improvements\" at the factories to make Model 3 production targets. (Stock was on a tear this week even trading higher after layoffs were announced on Tue.) via @CNBCtech   https://t.co/anJjKWo2nP", "likes_count": 15, "replies_count": 5, "retweets_count": 7, "hashtags": []}
{"id": 1008097936448909313, "date": "2018-06-16", "time": "17:24:12", "tweet": "Is tesla playing accounting games?  https://t.co/wEuOur7itp - start #investing with #Robinhood and get a #free stock!  https://t.co/SjULESmTXV", "likes_count": 0, "replies_count": 0, "retweets_count": 0, "hashtags": ["investing", "robinhood", "free"]}
{"id": 1008094277748920320, "date": "2018-06-16", "time": "17:09:39", "tweet": "@chelseahandler @Tesla @elonmusk And Tesla stock crashes", "likes_count": 0, "replies_count": 0, "retweets_count": 0, "hashtags": []}
{"id": 1008093980507041793, "date": "2018-06-16", "time": "17:08:29", "tweet": "@x22steve8224 I wouldn't disagree with that either. Tesla is a larger than life social and stock market drama. An entertaining and mentally stimulating situation.", "likes_count": 2, "replies_count": 1, "retweets_count": 0, "hashtags": []}
{"id": 1008093660574035968, "date": "2018-06-16", "time": "17:07:12", "tweet": "Paying my way to college! #robinhood #DayTrading #OptionsTrading #Tesla #nvdia #joinnow  @RobinhoodApp and we'll both get a stock like $AAPL, $F, or $S for free. Make sure to use my link.   https://t.co/WA3zVvvQms", "likes_count": 0, "replies_count": 0, "retweets_count": 0, "hashtags": ["robinhood", "daytrading", "optionstrading", "tesla", "nvdia", "joinnow"]}
{"id": 1008093392373538816, "date": "2018-06-16", "time": "17:06:08", "tweet": "My bet: Tesla stock at $400 by the end of next week.  https://t.co/5zHsuLaKda", "likes_count": 0, "replies_count": 0, "retweets_count": 0, "hashtags": []}
{"id": 1008093131030528002, "date": "2018-06-16", "time": "17:05:06", "tweet": "Elon Musk has the last laugh as Tesla stock pops 40% from its low  https://t.co/HFF55Ulp4e", "likes_count": 2, "replies_count": 0, "retweets_count": 0, "hashtags": []}
{"id": 1008087371093630978, "date": "2018-06-16", "time": "16:42:13", "tweet": "Musk Posts Image Of First Tesla Model 3 Performance Rolling Off Line  https://t.co/WJrIuWI5Ad", "likes_count": 0, "replies_count": 0, "retweets_count": 0, "hashtags": []}
{"id": 1008078597016440832, "date": "2018-06-16", "time": "16:07:21", "tweet": "Top Stock Chart Analysis: Apple, Tesla, Google, Boeing Are Near Buy Points -  https://t.co/JvYArmSPYf #stocks #news  https://t.co/LX6vsQzGOy", "likes_count": 0, "replies_count": 0, "retweets_count": 0, "hashtags": ["stocks", "news"]}
{"id": 1008076039124406273, "date": "2018-06-16", "time": "15:57:11", "tweet": "@marycmccormack @Tesla You've got this all wrong. The car was simply preparing for flight mode. $TSLA stock no doubt higher Monday upon discovery of this new feature.  https://t.co/JMakYu3QuC", "likes_count": 0, "replies_count": 0, "retweets_count": 0, "hashtags": []}
{"id": 1008067514386051072, "date": "2018-06-16", "time": "15:23:19", "tweet": "@elonmusk Thank you Mr Musk. Proud Tesla stock owner here and future Tesla driver", "likes_count": 0, "replies_count": 0, "retweets_count": 0, "hashtags": []}
{"id": 1008061510046760961, "date": "2018-06-16", "time": "14:59:27", "tweet": "@elonmusk realistically, more of your stock options' performance is due to the continued success of \"capitalism\" and p/e expansion due to wealth capture by the saver class than any idiosyncrasies of tesla's performance", "likes_count": 0, "replies_count": 1, "retweets_count": 0, "hashtags": []}
