{"id": 1028430650716692480, "date": "2018-08-11", "time": "19:59:09", "tweet": "Possibility number 2. Musk trades out of SpaceX stock, spends $30B on Tesla, the balance is held by shareholders that want to hold. In this case @elonmusk tweet is truly just by an individual and may, oddly, dodge SEC issues.", "likes_count": 0, "replies_count": 0, "retweets_count": 0, "hashtags": []}
{"id": 1028427419680681985, "date": "2018-08-11", "time": "19:46:18", "tweet": "@AJDMaru Tesla stock on Aug 7th. Magical how that works. On it's way up to $420, hmmm  https://t.co/jLxZf0RyB4", "likes_count": 1, "replies_count": 1, "retweets_count": 0, "hashtags": []}
{"id": 1028423787794984960, "date": "2018-08-11", "time": "19:31:52", "tweet": "Two new lawsuits accuse Tesla and its CEO Elon Musk of violating federal securities law by allegedly making false statements to boost the company's stock price  https://t.co/7pX9ROvQsV", "likes_count": 0, "replies_count": 0, "retweets_count": 0, "hashtags": []}
{"id": 1028421795106443264, "date": "2018-08-11", "time": "19:23:57", "tweet": "Elon Musk says he'll offer ‘short shorts’ as Tesla merch, in a new dig at stock's bearish investors  https://t.co/UdlVwU7BNj", "likes_count": 0, "replies_count": 0, "retweets_count": 0, "hashtags": []}
{"id": 1028420683427192832, "date": "2018-08-11", "time": "19:19:32", "tweet": "Elon Musk says he'll offer ‘short shorts’ as Tesla merch, in a new dig at stock's bearish investors via /r/nottheonion  https://t.co/6xjoWY33Ef  https://t.co/9u1IDXNL4u", "likes_count": 0, "replies_count": 0, "retweets_count": 0, "hashtags": []}
{"id": 1028420059301994496, "date": "2018-08-11", "time": "19:17:03", "tweet": "Lawsuits accuse Elon Musk of making false statements to boost Tesla's stock price  https://t.co/wreY0WkSiI  https://t.co/tAUgRDUreb", "likes_count": 0, "replies_count": 0, "retweets_count": 0, "hashtags": []}
{"id": 1028417373144010752, "date": "2018-08-11", "time": "19:06:23", "tweet": "Two new lawsuits accuse Tesla and its CEO Elon Musk of violating federal securities law by allegedly making false statements to boost the company's stock price   Via @CNNMoney @jackiewattles     https://t.co/odCS0yVv4F", "likes_count": 0, "replies_count": 0, "retweets_count": 0, "hashtags": []}
{"id": 1028415528853942272, "date": "2018-08-11", "time": "18:59:03", "tweet": "Elon Musk says he'll offer ‘short shorts’ as Tesla merch, in a new dig at stock's bearish investors  https://t.co/1vbX8gV8DM", "likes_count": 0, "replies_count": 0, "retweets_count": 0, "hashtags": []}
{"id": 1028414526004187136, "date": "2018-08-11", "time": "18:55:04", "tweet": "Lawsuits accuse Elon Musk of making false statements to boost Tesla's stock price  https://t.co/fzORAUMWR9  https://t.co/olyjKOjPhq", "likes_count": 0, "replies_count": 0, "retweets_count": 0, "hashtags": []}
{"id": 1028412852581748736, "date": "2018-08-11", "time": "18:48:25", "tweet": "@gwestr @28delayslater The two Tesla actions are taking a huge gamble. Once depositions are started and Lawerance Fossi &amp; his bosses fund, Chanos and Greenlight are subpoenaed things will go radioactive! These funds will loose billions once their illegal stock manipulation tactics are exposed.", "likes_count": 2, "replies_count": 0, "retweets_count": 0, "hashtags": []}
{"id": 1028412286380257280, "date": "2018-08-11", "time": "18:46:10", "tweet": "TCP/MCA Lawsuits accuse Elon Musk of making false statements to boost Tesla's stock price  https://t.co/oMcexgptb2 via @mrslac2017 # http://tcpros.co/E7QN7 # http://tcpros.co/GchvO  https://t.co/nWraSc85Cy", "likes_count": 0, "replies_count": 0, "retweets_count": 0, "hashtags": []}
{"id": 1028412264821354496, "date": "2018-08-11", "time": "18:46:05", "tweet": "Lawsuits accuse Elon Musk of making false statements to boost Tesla's stock price  https://t.co/NwcFbzyatK  https://t.co/dn44G8OEYp", "likes_count": 0, "replies_count": 0, "retweets_count": 0, "hashtags": []}
{"id": 1028411774662569984, "date": "2018-08-11", "time": "18:44:08", "tweet": "Elon fraudulently trying to manipulate Tesla’s stock? Naaaw.", "likes_count": 0, "replies_count": 0, "retweets_count": 0, "hashtags": []}
{"id": 1028411003397058560, "date": "2018-08-11", "time": "18:41:04", "tweet": "Lawsuits accuse Elon Musk of making false statements to boost Tesla's stock price  https://t.co/TWbI0rKr5S", "likes_count": 0, "replies_count": 0, "retweets_count": 0, "hashtags": []}
{"id": 1028411001945767936, "date": "2018-08-11", "time": "18:41:04", "tweet": "Lawsuits accuse Elon Musk of making false statements to boost Tesla's stock price  https://t.co/7MlmedJnqo  https://t.co/DrgjaN0cCe", "likes_count": 0, "replies_count": 0, "retweets_count": 0, "hashtags": []}
{"id": 1028411000133808129, "date": "2018-08-11", "time": "18:41:04", "tweet": "Lawsuits accuse Elon Musk of making false statements to boost Tesla's stock price  https://t.co/SryFvibKht  https://t.co/fedDPpvbrZ", "likes_count": 0, "replies_count": 0, "retweets_count": 0, "hashtags": []}
{"id": 1028409995430223872, "date": "2018-08-11", "time": "18:37:04", "tweet": "Lawsuits accuse Elon Musk of making false statements to boost Tesla's stock price  https://t.co/JOhmx9vOdq  https://t.co/U8sVEnHkJO", "likes_count": 0, "replies_count": 0, "retweets_count": 0, "hashtags": []}
{"id": 1028409994385838080, "date": "2018-08-11", "time": "18:37:04", "tweet": "Lawsuits accuse Elon Musk of making false statements to boost Tesla's stock price  https://t.co/aHn5mMMs0I  https://t.co/H0eDCPBDz1", "likes_count": 0, "replies_count": 0, "retweets_count": 0, "hashtags": []}
{"id": 1028409993597345792, "date": "2018-08-11", "time": "18:37:04", "tweet": "Lawsuits accuse Elon Musk of making false statements to boost Tesla's stock price  https://t.co/xCerPXJWGW  https://t.co/3tBKvJtaFe", "likes_count": 0, "replies_count": 0, "retweets_count": 0, "hashtags": []}
{"id": 1028408860673896449, "date": "2018-08-11", "time": "18:32:33", "tweet": "2 Lawsuits Accuse Elon Musk of Making False Statements to Boost Tesla Stock Prices  https://t.co/JeRfC5tdYl  https://t.co/R2aNEoYlB4", "likes_count": 0, "replies_count": 0, "retweets_count": 0, "hashtags": []}
