{"id": 1058867489055170560, "date": "2018-11-03", "time": "19:44:16", "tweet": "@Coyotegrey @AdmiralAegis Consider that Bowsette caused Nintendo stock to rise and Elon Musk tweeting about cat girls caused Tesla's stock to briefly rise, it isn't THAT much of a stretch.", "likes_count": 0, "replies_count": 0, "retweets_count": 0, "hashtags": []}
{"id": 1058866235100798976, "date": "2018-11-03", "time": "19:39:17", "tweet": "@vladizhidkov @JimneyCredit @kimpaquette @scrappy818 @Gfilche Stoner I know Jimney. Personally. Not old. I believe also not short tesla but perhaps I'm mistaken. He has tweeted as much from time to time in the past btw. PS take it easy just a stock. Breathe.....relax...let it all go...", "likes_count": 1, "replies_count": 1, "retweets_count": 0, "hashtags": []}
{"id": 1058858159794601984, "date": "2018-11-03", "time": "19:07:12", "tweet": "Piano Black Dashboards now in stock. #TeslaModel3 #Tesla  https://t.co/UbvZv5NAD1", "likes_count": 11, "replies_count": 4, "retweets_count": 0, "hashtags": ["teslamodel3", "tesla"]}
{"id": 1058847375551315968, "date": "2018-11-03", "time": "18:24:21", "tweet": "@eleanorbarkhorn @voxdotcom As someone who likes Tesla (&amp; has owned a few shares of the stock), I kinda wish he'd stop sharing his opinions.", "likes_count": 4, "replies_count": 0, "retweets_count": 0, "hashtags": []}
{"id": 1058838097507598338, "date": "2018-11-03", "time": "17:47:29", "tweet": "@AngelNDevil2 @bonnienorman @Zekeboy4 Thanks Angel. Well said. But wait.. maybe you’re also just a paid SM influencer??!! Maybe all the supporters are hired by Tesla just to push the stock and hurt shorts? That’s might be the whole reason that Tesla even exists!!!", "likes_count": 3, "replies_count": 0, "retweets_count": 0, "hashtags": []}
{"id": 1058834675672801282, "date": "2018-11-03", "time": "17:33:53", "tweet": "TESLA STOCK LOSING STEAM!! INTEREST TO THE UPSIDE IN TESLA (TSLA) STOCK IS GETTING WEAKER!!!  https://t.co/VJdPjhC4pj", "likes_count": 0, "replies_count": 0, "retweets_count": 0, "hashtags": []}
{"id": 1058834674234077185, "date": "2018-11-03", "time": "17:33:53", "tweet": "I added a video to a @YouTube playlist  https://t.co/VJdPjhC4pj TESLA STOCK LOSING STEAM!! INTEREST TO THE UPSIDE IN TESLA (TSLA) STOCK", "likes_count": 0, "replies_count": 0, "retweets_count": 0, "hashtags": []}
{"id": 1058834579857932288, "date": "2018-11-03", "time": "17:33:30", "tweet": "Sell all your Tesla stock now.....", "likes_count": 0, "replies_count": 0, "retweets_count": 0, "hashtags": []}
{"id": 1058831537788121089, "date": "2018-11-03", "time": "17:21:25", "tweet": "Hey @Tesla will the 18” winter tires be back in stock anytime soon? @elonmusk  https://t.co/2Vt3S659W5", "likes_count": 1, "replies_count": 0, "retweets_count": 0, "hashtags": []}
{"id": 1058828197222146053, "date": "2018-11-03", "time": "17:08:08", "tweet": "@SiberianOdyssey @konrad_bilinski @kimpaquette Short case is not about the cars, nor primarily about Elon. It's about an unsustainable business that cannot survive w/o constant cap addition. The fact that Elon is desperately pumping the stock by being untruthful confirms the case. If he didn't, Tesla would have died already.", "likes_count": 0, "replies_count": 1, "retweets_count": 0, "hashtags": []}
{"id": 1058795866989961223, "date": "2018-11-03", "time": "14:59:40", "tweet": "@ravenvanderrave @lazygetter @TeslaAgnostic @reveal @TeslaCharts @ElonBachman My understanding is Tesla can force the bondholders to take stock if it averages above 360 for 20 days. This is to limit profits (if stock were to go to 400+). Otherwise I don’t understand the purpose of the current squeeze.", "likes_count": 0, "replies_count": 1, "retweets_count": 0, "hashtags": []}
{"id": 1058790590794682373, "date": "2018-11-03", "time": "14:38:42", "tweet": "7 Reasons Tesla Inc (TSLA) Stock Could Have a Huge Fourth Quarter | Stock Market News | US News ⁦@Tesla⁩ #tsla #tslaq #SPX #ndx   https://t.co/mibRZFKBPP", "likes_count": 2, "replies_count": 0, "retweets_count": 1, "hashtags": ["tsla", "tslaq", "spx", "ndx"]}
{"id": 1058789253042311169, "date": "2018-11-03", "time": "14:33:23", "tweet": "@reveal @Tesla @lyft Elon don't care - fudge those numbers, pump that stock baby!!!!", "likes_count": 3, "replies_count": 0, "retweets_count": 0, "hashtags": []}
{"id": 1058779870598180864, "date": "2018-11-03", "time": "13:56:06", "tweet": "@elonmusk finally a normal tweet. thanks and congrats on tesla stock rally off 250!", "likes_count": 0, "replies_count": 0, "retweets_count": 0, "hashtags": []}
{"id": 1058771029764591616, "date": "2018-11-03", "time": "13:20:59", "tweet": "Bullish for $TSLA  Shorts don't understand why landing falcons or making tunnels is bullish for #Tesla stock price.  It's because it proves (again) that @elonmusk is a genius and he delivers.", "likes_count": 96, "replies_count": 5, "retweets_count": 13, "hashtags": ["tesla"]}
{"id": 1058770178853482497, "date": "2018-11-03", "time": "13:17:36", "tweet": "I liked a @YouTube video  https://t.co/GQPE3aVF44 Stock Tesla Bullies V8’s at the DRAG STRIP + more!", "likes_count": 0, "replies_count": 0, "retweets_count": 0, "hashtags": []}
{"id": 1058765193310846976, "date": "2018-11-03", "time": "12:57:47", "tweet": "@CalinRoman3 @GerberKawasaki Very poor risk management,  I jumped on pot stocks really early on.  The only stock I’m currently interested in is Tesla", "likes_count": 1, "replies_count": 0, "retweets_count": 0, "hashtags": []}
{"id": 1058758336550764544, "date": "2018-11-03", "time": "12:30:32", "tweet": "Tesla Registers New Model 3 VINs For Europe  https://t.co/nECKINX7fh", "likes_count": 0, "replies_count": 0, "retweets_count": 0, "hashtags": []}
{"id": 1058756053628792832, "date": "2018-11-03", "time": "12:21:28", "tweet": "Tesla $TSLA Stock Rating Reaffirmed by Nomura   https://t.co/VVebTDdLIZ", "likes_count": 0, "replies_count": 0, "retweets_count": 0, "hashtags": []}
{"id": 1058750509169983490, "date": "2018-11-03", "time": "11:59:26", "tweet": "Best explanation I’ve seen from @elonmusk about cost/benefit of taking Tesla private.   1) Transactions costs of going private &lt; benefits to brand from silencing short sellers.  2) Employees get distracted by both positive and negative stock price moves   https://t.co/YMCTyDJi2U  https://t.co/fcq8fh4Njs", "likes_count": 0, "replies_count": 0, "retweets_count": 0, "hashtags": []}
{"id": 1058749254985007104, "date": "2018-11-03", "time": "11:54:27", "tweet": "I don't know about you but I've had @Tesla stock for a while now and I'm in it for the long-haul. That company is changing the world for the better. @elonmusk is a revolutionary. Invest in the company today, help build a better tomorrow! $TSLA", "likes_count": 2, "replies_count": 0, "retweets_count": 0, "hashtags": []}
{"id": 1058743795431432192, "date": "2018-11-03", "time": "11:32:45", "tweet": "(The Gazette) #Tesla delivered a good earnings report : When a company beats Wall Street analysts’ earnings expectations, its stock price tends to rise. When Tesla announced third-quarter results last week, it didn’t merely beat ..  https://t.co/ElTn7d5CxL  https://t.co/nniptKfHyK", "likes_count": 0, "replies_count": 0, "retweets_count": 0, "hashtags": ["tesla"]}
{"id": 1058743095334985729, "date": "2018-11-03", "time": "11:29:59", "tweet": "@KaydenKrypto @elonmusk Money You could lose if Tesla's stock price increases.", "likes_count": 0, "replies_count": 0, "retweets_count": 0, "hashtags": []}
{"id": 1058740312535896065, "date": "2018-11-03", "time": "11:18:55", "tweet": "$TSLA Tesla's Stock Rally Hits Cycle Price Target -  https://t.co/mPiYDBDqVS  via @askSlim", "likes_count": 6, "replies_count": 0, "retweets_count": 0, "hashtags": []}
{"id": 1058737248428945408, "date": "2018-11-03", "time": "11:06:45", "tweet": "@ReformedBroker @karaswisher Listened. Excellent . Bought a model 3, amazing. The stock will go to 500 2019. It’s wrong to value Tesla as a car manufacturer, it’s really a high end consumer electronic company, just happen to be making car. Totally changing the way of transportation.", "likes_count": 0, "replies_count": 0, "retweets_count": 0, "hashtags": []}
{"id": 1058733060856995841, "date": "2018-11-03", "time": "10:50:06", "tweet": "@elonmusk can you save the smart phone industry by making a @Tesla phone with a headphone jack, stock Android and no notch?  Thank you.", "likes_count": 0, "replies_count": 0, "retweets_count": 0, "hashtags": []}
{"id": 1058726935382188032, "date": "2018-11-03", "time": "10:25:46", "tweet": "As Tesla INC $TSLA Stock Declined, Shareholder Jd Capital Management LLC Has Trimmed Its Stake -  https://t.co/cFe1XMj2nC", "likes_count": 0, "replies_count": 0, "retweets_count": 0, "hashtags": []}
{"id": 1058726860102819841, "date": "2018-11-03", "time": "10:25:28", "tweet": "As Tesla INC $TSLA Stock Declined, Shareholder Jd Capital Management LLC Decreased Its Position by $22.30 Million  https://t.co/Hdsvgx39fu", "likes_count": 0, "replies_count": 0, "retweets_count": 0, "hashtags": []}
{"id": 1058726748840452096, "date": "2018-11-03", "time": "10:25:01", "tweet": "As Tesla INC $TSLA Share Value Declined, Holder Jd Capital Management LLC Has Lowered Position  https://t.co/zPrJChrbHH", "likes_count": 0, "replies_count": 0, "retweets_count": 0, "hashtags": []}
{"id": 1058726650018443268, "date": "2018-11-03", "time": "10:24:38", "tweet": "Analysts take a look at Tesla, Inc. $TSLA having this to say.  https://t.co/APoN98AY24", "likes_count": 0, "replies_count": 0, "retweets_count": 0, "hashtags": []}
{"id": 1058722789258129408, "date": "2018-11-03", "time": "10:09:17", "tweet": "@LNeckermann @john__rosevear @elonmusk @Ford @Tesla Additional facts: 5. The stock market gets it wrong. 6. Companies relying on investors to fund losses are particularly hard hit in economic 📉. 7. Quality, manufacturing efficiency and distribution will be economic drivers in 🚘 for a decades. 8. False promises have consequences.", "likes_count": 0, "replies_count": 1, "retweets_count": 0, "hashtags": []}
{"id": 1058720937812676608, "date": "2018-11-03", "time": "10:01:56", "tweet": "@zackhoward @Paul_M_Huettner I'm short, but @Tesla still \"somehow\" managed to run the stock price up $100 in the last 2 weeks on smoke and mirrors, and made (and continues to make) @SEC_Enforcement look impotent.  How do you deal with that?", "likes_count": 0, "replies_count": 0, "retweets_count": 0, "hashtags": []}
{"id": 1058716716086317056, "date": "2018-11-03", "time": "09:45:09", "tweet": "@GerberKawasaki Looks like we habe a lot in common buddy 👌 same for me 2nd biggest stock after tesla //", "likes_count": 1, "replies_count": 1, "retweets_count": 0, "hashtags": []}
{"id": 1058716552105787393, "date": "2018-11-03", "time": "09:44:30", "tweet": "@KayGovocek @V_of_Europe No, don't worry... They will receive Apple Stock Packs and a Tesla.", "likes_count": 0, "replies_count": 0, "retweets_count": 0, "hashtags": []}
{"id": 1058715907000844288, "date": "2018-11-03", "time": "09:41:56", "tweet": "@AlkalineCapital Thanks. But even if the evidence shows Tesla unlikely to meet musk’ predictions, how do you prove the predictions were made to mislead / pump stock? Musk always over-optimistic about future. Unless evidence states intention to mislead all seems very thin to me.@ValueAnalyst1", "likes_count": 0, "replies_count": 1, "retweets_count": 0, "hashtags": []}
{"id": 1058687573038522370, "date": "2018-11-03", "time": "07:49:21", "tweet": "@elonmusk Tesla stock price will be 500 in 2019, and will reach 1000 in 3-5 years. Model 3 is a blockbuster. Hope all best smart get-it passionate people work for you.", "likes_count": 1, "replies_count": 0, "retweets_count": 1, "hashtags": []}
{"id": 1058680396098011136, "date": "2018-11-03", "time": "07:20:50", "tweet": "@john__rosevear @elonmusk @Ford @Tesla John, facts are: 1. Stock market is reflecting expectations of future profitability (i.e. strategy) 2. There is a disintegration of the classic #automotive value chain 3. There will be failures, there will be consolidation 4. Downturns will accelerate all of the above.", "likes_count": 0, "replies_count": 2, "retweets_count": 0, "hashtags": ["automotive"]}
{"id": 1058679377301553152, "date": "2018-11-03", "time": "07:16:47", "tweet": "@seanmmitchell I interacted with both. Conspiracy theorists are delusional, have incoherent arguments and don’t look like big investors. Shorts are a bit smarter but don’t understand Tesla well. They spread conspiracy theories to drive the stock price down even if they know it’s fake news.", "likes_count": 1, "replies_count": 0, "retweets_count": 0, "hashtags": []}
{"id": 1058679277082812416, "date": "2018-11-03", "time": "07:16:23", "tweet": "@BonaireVolt @EnerTuition Crystal. Maybe he is hoping that Pana will actually pay them. Tesla desperately needed to show blowout results in an attempt to get that stock above $360, as I still think they will have extreme difficulty in paying that convertible back.", "likes_count": 1, "replies_count": 1, "retweets_count": 0, "hashtags": []}
{"id": 1058663185518153728, "date": "2018-11-03", "time": "06:12:27", "tweet": "Tesla $TSLA Stock Rating Upgraded by BidaskClub   https://t.co/ibrNpgjoZ2", "likes_count": 0, "replies_count": 0, "retweets_count": 0, "hashtags": []}
