{"id": 1010669212472369152, "date": "2018-06-23", "time": "19:41:32", "tweet": "@elonmusk @ICannot_Enough Something I've been thinking about for a while taking my Tesla stock giving it to Brooklyn free school the kids going to use innovation to help Tesla on a school can make a percentage of money on the stock each time something I want to do what every school broaden the science sch", "likes_count": 0, "replies_count": 1, "retweets_count": 0, "hashtags": []}
{"id": 1010649537109725184, "date": "2018-06-23", "time": "18:23:21", "tweet": "@markbspiegel @ElonBachman @librab103 lawsuit SolarCity vs Tesla took 18 months. So Elon buys time. Fido’s vote decisive. Anyway simply playing devil’s advocate now. A slampdunk in a stock is never a dead cert medium term.", "likes_count": 1, "replies_count": 1, "retweets_count": 0, "hashtags": []}
{"id": 1010631316805545984, "date": "2018-06-23", "time": "17:10:57", "tweet": "Stock trading mogul / Uber Driver. I hope that’s a #Tesla  https://t.co/u8GBO5rRk0", "likes_count": 0, "replies_count": 0, "retweets_count": 0, "hashtags": ["tesla"]}
{"id": 1010623833072635905, "date": "2018-06-23", "time": "16:41:12", "tweet": "Tesla Stock Outlook: Can Elon Musk Outrun Tesla's Cash Burn By Boosting Model 3 Output?  https://t.co/lRg6ByulIg", "likes_count": 0, "replies_count": 0, "retweets_count": 1, "hashtags": []}
{"id": 1010617339862224897, "date": "2018-06-23", "time": "16:15:24", "tweet": "Tesla $Put $TSLA Shares Declined While Rbf Capital Has Increased Position by $532,000; Fidus Investment $FDUS Shareholder Ares Management Has Lowered Its Stake by $28.60 Million as Share Value Rose  https://t.co/MzPdaHEZmT", "likes_count": 0, "replies_count": 0, "retweets_count": 0, "hashtags": []}
{"id": 1010612349663883264, "date": "2018-06-23", "time": "15:55:35", "tweet": "@elonmusk I call dibs on the first Tesla that’s stock blue", "likes_count": 0, "replies_count": 0, "retweets_count": 0, "hashtags": []}
{"id": 1010606291553783808, "date": "2018-06-23", "time": "15:31:30", "tweet": "Outdoor Recycling Tent Catches Fire At Tesla Fremont Factory  https://t.co/GZOXCv96SB", "likes_count": 0, "replies_count": 0, "retweets_count": 0, "hashtags": []}
{"id": 1010604572707053568, "date": "2018-06-23", "time": "15:24:40", "tweet": "As Tesla $TSLA Market Valuation Declined, Kbc Group Nv Has Raised by $4.07 Million Its Position; Managed Asset Portfolios Has Lowered Diebold Nxdf $DBD Stake by $5.16 Million as Stock Value Declined -  https://t.co/dMUdXH9aZ4", "likes_count": 0, "replies_count": 0, "retweets_count": 0, "hashtags": []}
{"id": 1010602353907634176, "date": "2018-06-23", "time": "15:15:51", "tweet": "@elonmusk  I won't by Tesla stock as it is not helping Tesla directly. Please start eternal crowdfunding campagne for the fanbase. I am willing to donate say eur 25 a year and get it as a refund when I buy a Tesla. If I don't buy a car you can keep the money.", "likes_count": 0, "replies_count": 0, "retweets_count": 0, "hashtags": []}
{"id": 1010601185005457408, "date": "2018-06-23", "time": "15:11:13", "tweet": "As Anheuser $BUD Stock Declined, Mai Wealth Advisors Has Raised by $412,783 Its Holding; As Tesla $TSLA Stock Price Declined, Morgens Waterfall Vintiadis &amp; Co Cut by $598,500 Its Holding  https://t.co/v6e2qHoQDr", "likes_count": 0, "replies_count": 0, "retweets_count": 0, "hashtags": []}
{"id": 1010597996856315905, "date": "2018-06-23", "time": "14:58:33", "tweet": "@trengriffin absolutely - your moviepass stuff is bang on. should have been more clear. I'm talking about his Twitter account, often ranting Tesla takedowns without analysis. scroll and see. anyway. (also: I own no Tesla stock.)", "likes_count": 1, "replies_count": 0, "retweets_count": 0, "hashtags": []}
{"id": 1010597851876020227, "date": "2018-06-23", "time": "14:57:58", "tweet": "Why didn’t we buy into @Tesla stock when we had the chance?! Too bad you don’t get gifted shares for helping build the robot cell and programming @MrLawson74", "likes_count": 1, "replies_count": 0, "retweets_count": 1, "hashtags": []}
{"id": 1010594383895367681, "date": "2018-06-23", "time": "14:44:11", "tweet": "#forexsignals #ssec #stock | A stock certificate from the Tesla Electric Light Company, 1886 |  https://t.co/IaB9rshCTf  https://t.co/pOCwDVkOcE", "likes_count": 0, "replies_count": 0, "retweets_count": 0, "hashtags": ["forexsignals", "ssec", "stock"]}
{"id": 1010588820683788289, "date": "2018-06-23", "time": "14:22:05", "tweet": "Vornado Realty Trust $VNO Holding Has Upped by Price Michael F; As Tesla $TSLA Stock Price Declined, Apriem Advisors Lowered Stake by $608,874 -  https://t.co/gfTF1AlB1w", "likes_count": 0, "replies_count": 0, "retweets_count": 0, "hashtags": []}
{"id": 1010588390125985793, "date": "2018-06-23", "time": "14:20:22", "tweet": "@SEC_News One word: Tesla. Ask me about my experience with that stock in 5 years. Let’s see how we both do.", "likes_count": 0, "replies_count": 0, "retweets_count": 0, "hashtags": []}
{"id": 1010588187016691712, "date": "2018-06-23", "time": "14:19:34", "tweet": "@NFSNL 1-Mazda MX-5 ND (stock) 2-Mitsubishi Lancer Evolution IX MR-Edition and Evolution X 3-TVR Sagaris 4-Tesla Model S P100D 5-Audi R8 V10 Plus 2015 6-Honda Civic Type R EK9 and FK8 7-BMW X6 M 8-Chevrolet Colorado ZR2 (It's faster than the F-150 SVT Raptor) 9-W Motors Lykan Hypersport", "likes_count": 1, "replies_count": 0, "retweets_count": 0, "hashtags": []}
{"id": 1010585748381331457, "date": "2018-06-23", "time": "14:09:52", "tweet": "@ValaAfshar @elonmusk This video shows why I believe Elon will succeed long term. Tesla is the only individual stock I have ever purchased and it’s because of his determination and leadership.", "likes_count": 7, "replies_count": 0, "retweets_count": 0, "hashtags": []}
{"id": 1010581692879376384, "date": "2018-06-23", "time": "13:53:45", "tweet": "Tesla Is a Sleeping Giant !! #tesla #tsla #stock #stockmarket #options #money #cars #tech #technology  https://t.co/DCinrNFB2s", "likes_count": 0, "replies_count": 0, "retweets_count": 0, "hashtags": ["tesla", "tsla", "stock", "stockmarket", "options", "money", "cars", "tech", "technology"]}
{"id": 1010580995312095233, "date": "2018-06-23", "time": "13:50:59", "tweet": "Hold on to your @Tesla  stock people #WatchThisSpace", "likes_count": 0, "replies_count": 0, "retweets_count": 0, "hashtags": ["watchthisspace"]}
{"id": 1010578179382218752, "date": "2018-06-23", "time": "13:39:48", "tweet": "*BREAKING* Tesla stock falls after Bernstein issues cautious note on services margins, automotive gross margins  https://t.co/RWHVs2Kuim #finance", "likes_count": 0, "replies_count": 0, "retweets_count": 0, "hashtags": ["finance"]}
