{"id": 997969655510847488, "date": "2018-05-19", "time": "18:38:01", "tweet": "Surely Ford ($F) Buying Tesla ($TSLA) is the Worst Idea Being Offered Today? - Value Stock Guide  https://t.co/tB2JHhtrPI  https://t.co/EhSLkODQQo", "likes_count": 0, "replies_count": 0, "retweets_count": 0, "hashtags": []}
{"id": 997966488505118721, "date": "2018-05-19", "time": "18:25:26", "tweet": "The emotional journey of today reminds me of Tesla’s historic stock performance trend.", "likes_count": 0, "replies_count": 0, "retweets_count": 0, "hashtags": []}
{"id": 997946530509160448, "date": "2018-05-19", "time": "17:06:08", "tweet": "2 Of The Reasons Tesla's Stock Was Under Pressure Last Week  https://t.co/cudfIDIaC8", "likes_count": 0, "replies_count": 0, "retweets_count": 0, "hashtags": []}
{"id": 997935553898209280, "date": "2018-05-19", "time": "16:22:31", "tweet": "I prefer the @Tesla #ModelS in a stock color...  But some folks want to individualize! 🔌⚡🔋🚗 #EV  https://t.co/ySIUGu2fOA", "likes_count": 7, "replies_count": 2, "retweets_count": 2, "hashtags": ["models", "ev"]}
{"id": 997928878319452160, "date": "2018-05-19", "time": "15:55:59", "tweet": "2 Of The Reasons Tesla's Stock Was Under Pressure Last Week  https://t.co/se1wR30Skk", "likes_count": 0, "replies_count": 0, "retweets_count": 0, "hashtags": []}
{"id": 997926431911899136, "date": "2018-05-19", "time": "15:46:16", "tweet": "As Tesla Ramps Model 3 Production The Stock Downshifts  https://t.co/EzOxSDNrr4", "likes_count": 0, "replies_count": 0, "retweets_count": 0, "hashtags": []}
{"id": 997925871540322304, "date": "2018-05-19", "time": "15:44:02", "tweet": "2 Of The Reasons Tesla's Stock Was Under Pressure Last Week  https://t.co/AsB2UGjc3T  https://t.co/kz61b0Okll", "likes_count": 0, "replies_count": 0, "retweets_count": 0, "hashtags": []}
{"id": 997924527400275975, "date": "2018-05-19", "time": "15:38:42", "tweet": "( https://t.co/eOsQVakj6c):2 Of The #Reasons #Tesla's Stock Was Under Pressure Last Week : Goldman..  https://t.co/vjMl011kdg  https://t.co/TkTwb6GmxI", "likes_count": 0, "replies_count": 0, "retweets_count": 0, "hashtags": ["reasons", "tesla"]}
{"id": 997922844427276288, "date": "2018-05-19", "time": "15:32:01", "tweet": "2 Of The Reasons Tesla's Stock Was Under Pressure Last Week  https://t.co/ni8kB9Mx1w  https://t.co/KtBW2ltKE9", "likes_count": 0, "replies_count": 0, "retweets_count": 0, "hashtags": []}
{"id": 997922841227157504, "date": "2018-05-19", "time": "15:32:00", "tweet": "2 Of The Reasons Tesla's Stock Was Under Pressure Last Week  https://t.co/0K9uNUxNy1", "likes_count": 0, "replies_count": 0, "retweets_count": 0, "hashtags": []}
{"id": 997922839872397312, "date": "2018-05-19", "time": "15:32:00", "tweet": "2 Of The Reasons Tesla's Stock Was Under Pressure Last Week  https://t.co/i300dr9Lvr", "likes_count": 0, "replies_count": 0, "retweets_count": 0, "hashtags": []}
{"id": 997921334561726465, "date": "2018-05-19", "time": "15:26:01", "tweet": "2 Of The Reasons Tesla's Stock Was Under Pressure Last Week  https://t.co/SkuntDGELV", "likes_count": 0, "replies_count": 0, "retweets_count": 0, "hashtags": []}
{"id": 997920837410873344, "date": "2018-05-19", "time": "15:24:02", "tweet": "2 Of The Reasons Tesla's Stock Was Under Pressure Last Week  https://t.co/WohB7oNCcF  https://t.co/yZHKG2HKPH", "likes_count": 0, "replies_count": 0, "retweets_count": 0, "hashtags": []}
{"id": 997919827611213824, "date": "2018-05-19", "time": "15:20:02", "tweet": "2 Of The Reasons Tesla's Stock Was Under Pressure Last Week  https://t.co/o10qTEyEkX  https://t.co/Zyfz8udDZu", "likes_count": 0, "replies_count": 0, "retweets_count": 0, "hashtags": []}
{"id": 997918746281902082, "date": "2018-05-19", "time": "15:15:44", "tweet": "2 Of The Reasons Tesla’s Stock Was Under Pressure Last Week  https://t.co/85AKmh5Rxr", "likes_count": 0, "replies_count": 0, "retweets_count": 0, "hashtags": []}
{"id": 997918718675116032, "date": "2018-05-19", "time": "15:15:37", "tweet": "2 Of The Reasons Tesla's Stock Was Under Pressure Last Week  https://t.co/rVoKeztnMD", "likes_count": 0, "replies_count": 0, "retweets_count": 0, "hashtags": []}
{"id": 997918577322745856, "date": "2018-05-19", "time": "15:15:03", "tweet": "2 Of The Reasons Tesla's Stock Was Under Pressure Last Week  https://t.co/tfjP4BEacy  https://t.co/IvsWu81urz", "likes_count": 0, "replies_count": 0, "retweets_count": 0, "hashtags": []}
{"id": 997918317389074432, "date": "2018-05-19", "time": "15:14:01", "tweet": "2 Of The Reasons Tesla's Stock Was Under Pressure Last Week: Goldman Sachs says Tesla may need over $10 billion and Morgan Stanley whacked its EPS estimates and price target.  https://t.co/nLQm3nXnsn", "likes_count": 0, "replies_count": 0, "retweets_count": 0, "hashtags": []}
{"id": 997918181565091840, "date": "2018-05-19", "time": "15:13:29", "tweet": "2 Of The Reasons Tesla's Stock Was Under Pressure Last Week  https://t.co/iirRxkI2kT", "likes_count": 0, "replies_count": 0, "retweets_count": 0, "hashtags": []}
{"id": 997918147649781760, "date": "2018-05-19", "time": "15:13:21", "tweet": "2 Of The Reasons Tesla's Stock Was Under Pressure Last Week  https://t.co/6umD33GZog", "likes_count": 0, "replies_count": 0, "retweets_count": 0, "hashtags": []}
{"id": 997917877020844033, "date": "2018-05-19", "time": "15:12:16", "tweet": "2 Of The Reasons Tesla's Stock Was Under Pressure Last Week  https://t.co/iin9Q0iMdy", "likes_count": 0, "replies_count": 0, "retweets_count": 0, "hashtags": []}
{"id": 997917816584990720, "date": "2018-05-19", "time": "15:12:02", "tweet": "2 Of The Reasons Tesla's Stock Was Under Pressure Last Week  https://t.co/mYjLbuB58Y", "likes_count": 0, "replies_count": 0, "retweets_count": 0, "hashtags": []}
{"id": 997917742266310657, "date": "2018-05-19", "time": "15:11:44", "tweet": "2 Of The Reasons Tesla's Stock Was Under Pressure Last Week  https://t.co/d9KZWL2Dma #tech  https://t.co/Gxwe4i0Yxn", "likes_count": 0, "replies_count": 0, "retweets_count": 0, "hashtags": ["tech"]}
{"id": 997917621575143427, "date": "2018-05-19", "time": "15:11:16", "tweet": "George Soros' fund bought $35 million of Tesla bonds while loading up on Amazon, Netflix stock  https://t.co/de5w3IfNIO", "likes_count": 0, "replies_count": 0, "retweets_count": 0, "hashtags": []}
{"id": 997917391857188866, "date": "2018-05-19", "time": "15:10:21", "tweet": "2 Of The Reasons Tesla's Stock Was Under Pressure Last Week  https://t.co/rgYiySea8U  https://t.co/TjIZt7CW5R", "likes_count": 0, "replies_count": 0, "retweets_count": 0, "hashtags": []}
{"id": 997915074395328519, "date": "2018-05-19", "time": "15:01:08", "tweet": "As Tesla Ramps Model 3 Production The Stock Downshifts  https://t.co/RjtopYMU0B", "likes_count": 0, "replies_count": 0, "retweets_count": 0, "hashtags": []}
{"id": 997914698036084737, "date": "2018-05-19", "time": "14:59:39", "tweet": "As Tesla Ramps Model 3 Production The Stock Downshifts  https://t.co/NVgIRvI6gT", "likes_count": 1, "replies_count": 0, "retweets_count": 0, "hashtags": []}
{"id": 997913787557597184, "date": "2018-05-19", "time": "14:56:01", "tweet": "2 Of The Reasons Tesla's Stock Was Under Pressure Last Week  https://t.co/ZKZkvKcrG0  https://t.co/p2VNDKwAdC", "likes_count": 0, "replies_count": 0, "retweets_count": 0, "hashtags": []}
{"id": 997910911351508992, "date": "2018-05-19", "time": "14:44:36", "tweet": "2 Of The Reasons Tesla's Stock Was Under Pressure Last Week  https://t.co/ZeAPzhLGM2", "likes_count": 0, "replies_count": 0, "retweets_count": 0, "hashtags": []}
{"id": 997910124172804096, "date": "2018-05-19", "time": "14:41:28", "tweet": "2 Of The Reasons Tesla's Stock Was Under Pressure Last Week  https://t.co/EbJacVSHS5", "likes_count": 13, "replies_count": 0, "retweets_count": 3, "hashtags": []}
{"id": 997906523471958018, "date": "2018-05-19", "time": "14:27:10", "tweet": "2 Of The Reasons Tesla's Stock Was Under Pressure Last Week  https://t.co/cVeXdShfdT", "likes_count": 0, "replies_count": 0, "retweets_count": 0, "hashtags": []}
{"id": 997906289681403905, "date": "2018-05-19", "time": "14:26:14", "tweet": "2 Of The Reasons Tesla's Stock Was Under Pressure Last Week Goldman Sachs says Tesla may need over $10 billion and Morgan Stanley whacked its EPS estimates and price target.  https://t.co/SKrZ4Xzq3l", "likes_count": 0, "replies_count": 0, "retweets_count": 0, "hashtags": []}
{"id": 997898117352771584, "date": "2018-05-19", "time": "13:53:45", "tweet": "Tesla Is a Sleeping Giant !! #tesla #tsla #stock #stockmarket #options #money #cars #tech #technology  https://t.co/EF1X1y0Ap5", "likes_count": 0, "replies_count": 0, "retweets_count": 0, "hashtags": ["tesla", "tsla", "stock", "stockmarket", "options", "money", "cars", "tech", "technology"]}
{"id": 997897699121868801, "date": "2018-05-19", "time": "13:52:06", "tweet": "As Tesla Ramps Model 3 Production The Stock Downshifts  https://t.co/Tj6OXpg0Eo", "likes_count": 0, "replies_count": 0, "retweets_count": 0, "hashtags": []}
{"id": 997897549825519616, "date": "2018-05-19", "time": "13:51:30", "tweet": "@ManMfbtc @piedpipercoin There is suddenly so much depend for tesla due to which stock getting out so wait for this december.", "likes_count": 0, "replies_count": 0, "retweets_count": 0, "hashtags": []}
{"id": 997897498004893696, "date": "2018-05-19", "time": "13:51:18", "tweet": "As Tesla Ramps Model 3 Production The Stock Downshifts  https://t.co/nEH6m3RDwW", "likes_count": 0, "replies_count": 0, "retweets_count": 0, "hashtags": []}
{"id": 997896994881327104, "date": "2018-05-19", "time": "13:49:18", "tweet": "As Tesla Ramps Model 3 Production The Stock Downshifts  https://t.co/bbadp0u3Xw  https://t.co/TdYlWCinG4", "likes_count": 0, "replies_count": 0, "retweets_count": 0, "hashtags": []}
{"id": 997896743621615616, "date": "2018-05-19", "time": "13:48:18", "tweet": "As Tesla Ramps Model 3 Production The Stock Downshifts  https://t.co/hwqHhMEn5U", "likes_count": 0, "replies_count": 0, "retweets_count": 0, "hashtags": []}
{"id": 997890566980587520, "date": "2018-05-19", "time": "13:23:45", "tweet": "Move over GM/Ford Tesla's got the wheel now !! #tesla #tsla #stock #stockmarket #options #money #cars #tech #technology  https://t.co/eH5S0TCdSQ", "likes_count": 0, "replies_count": 0, "retweets_count": 0, "hashtags": ["tesla", "tsla", "stock", "stockmarket", "options", "money", "cars", "tech", "technology"]}
{"id": 997887952175837184, "date": "2018-05-19", "time": "13:13:22", "tweet": "As Tesla Ramps Model 3 Production The Stock Downshifts  https://t.co/qVKTa0HhFX", "likes_count": 0, "replies_count": 0, "retweets_count": 0, "hashtags": []}
