{"id": 1076625508572581888, "date": "2018-12-22", "time": "18:48:18", "tweet": "Watch New Tesla Roadster Appear In Stunning “Tale Of Light” Video  https://t.co/8s1GqcFTrB", "likes_count": 0, "replies_count": 0, "retweets_count": 0, "hashtags": []}
{"id": 1076593767891767296, "date": "2018-12-22", "time": "16:42:11", "tweet": "@LudaLisl @WPipperger @rocketisfine @cyber_wolf35 @dreederer It was a no-fault agreement.  And yes, suing Tesla just to get the news in the media that you're suing them does half the work. Don't need a guilty verdict to succeed in the objective of bringing the stock down.", "likes_count": 2, "replies_count": 0, "retweets_count": 0, "hashtags": []}
{"id": 1076583253660844033, "date": "2018-12-22", "time": "16:00:24", "tweet": "@kimpaquette Tesla stock dropped 60 points this week and if you had puts then that time spent off paid handsomely. Can't all marry rich.", "likes_count": 0, "replies_count": 3, "retweets_count": 0, "hashtags": []}
{"id": 1076573914371973120, "date": "2018-12-22", "time": "15:23:17", "tweet": "Tesla To Pay Tax Credit Difference If It Can’t Deliver Car By End of 2018  https://t.co/TP2EGGPB1f", "likes_count": 0, "replies_count": 0, "retweets_count": 0, "hashtags": []}
{"id": 1076572500631437312, "date": "2018-12-22", "time": "15:17:40", "tweet": "TESLA **ALERT** GOLDMAN SACHS 'SELLS' TESLA STOCK  https://t.co/GYSqTdZZSV", "likes_count": 0, "replies_count": 0, "retweets_count": 0, "hashtags": []}
{"id": 1076572398810529794, "date": "2018-12-22", "time": "15:17:16", "tweet": "I added a video to a @YouTube playlist  https://t.co/GYSqTdZZSV TESLA **ALERT** GOLDMAN SACHS 'SELLS' TESLA STOCK", "likes_count": 0, "replies_count": 0, "retweets_count": 0, "hashtags": []}
{"id": 1076572396482510849, "date": "2018-12-22", "time": "15:17:15", "tweet": "I added a video to a @YouTube playlist  https://t.co/GYSqTehAKt TESLA **ALERT** GOLDMAN SACHS 'SELLS' TESLA STOCK", "likes_count": 0, "replies_count": 0, "retweets_count": 0, "hashtags": []}
{"id": 1076569896056541184, "date": "2018-12-22", "time": "15:07:19", "tweet": "Now that NVDA is approaching its completely foreseeable destiny as a $100 stock, let's talk about Tesla.  These two have a lot of similarity: leading product in a hot market, hardware with real COGS &amp; R&amp;D cost- not software margins. Near monopolies but moat is continued R&amp;D.", "likes_count": 5, "replies_count": 1, "retweets_count": 1, "hashtags": []}
{"id": 1076566080934563841, "date": "2018-12-22", "time": "14:52:09", "tweet": "@tecnocato @InsideEVs @Tesla Completelly stock. Is a Z3M Roadster with European Specs.", "likes_count": 1, "replies_count": 1, "retweets_count": 0, "hashtags": []}
{"id": 1076565250256838656, "date": "2018-12-22", "time": "14:48:51", "tweet": "@CruzTruckRacing @InsideEVs @Tesla Stock or modified? Which model is it?", "likes_count": 0, "replies_count": 1, "retweets_count": 0, "hashtags": []}
{"id": 1076564040900534272, "date": "2018-12-22", "time": "14:44:03", "tweet": "@CruzTruckRacing @InsideEVs @Tesla So did my 2002 WRX stock. But it couldn't pull tractor trailers out of the snow.", "likes_count": 0, "replies_count": 0, "retweets_count": 0, "hashtags": []}
{"id": 1076561931014565888, "date": "2018-12-22", "time": "14:35:40", "tweet": "@f1nantech @elonmusk Worst part for us now is the massive ordering backlog in replacement windows. Break-in a week in a half ago. Now hearing earliest @Tesla will have part in stock is this Thursday. If not, then the new year. So car out of commission through holidays with a broken window.", "likes_count": 1, "replies_count": 1, "retweets_count": 1, "hashtags": []}
{"id": 1076558826621546496, "date": "2018-12-22", "time": "14:23:20", "tweet": "I am keeping track of the current #Tesla stock price. It is $320. #Solar #IOT #SmartHome  https://t.co/HZ5GV4dC1Z", "likes_count": 0, "replies_count": 0, "retweets_count": 0, "hashtags": ["tesla", "solar", "iot", "smarthome"]}
{"id": 1076545432032022529, "date": "2018-12-22", "time": "13:30:06", "tweet": "Tesla was the best auto stock for 2018 - Business Insider  https://t.co/YJyEzkGzdT", "likes_count": 0, "replies_count": 0, "retweets_count": 0, "hashtags": []}
{"id": 1076544679968235520, "date": "2018-12-22", "time": "13:27:07", "tweet": "@ex_Tesla It is defying gravity due to the huge short position.  This stock is pumped up artificially when short sellers panic.", "likes_count": 0, "replies_count": 0, "retweets_count": 0, "hashtags": []}
{"id": 1076539114336542721, "date": "2018-12-22", "time": "13:05:00", "tweet": "Why Tesla Stock Fell Thursday --  The Motley Fool  https://t.co/dgnDIR6zfy", "likes_count": 0, "replies_count": 0, "retweets_count": 0, "hashtags": []}
{"id": 1076537971401199616, "date": "2018-12-22", "time": "13:00:28", "tweet": "@TheCryptoMonk The only stock i will never short, pure out of love for Tesla.", "likes_count": 0, "replies_count": 0, "retweets_count": 0, "hashtags": []}
{"id": 1076536157071130624, "date": "2018-12-22", "time": "12:53:15", "tweet": "Does @Gfilche drive Tesla or is this how the stock promotors get paid?", "likes_count": 2, "replies_count": 1, "retweets_count": 0, "hashtags": []}
{"id": 1076517347106598912, "date": "2018-12-22", "time": "11:38:30", "tweet": "PSA: Coloradans interested in a #tesla Model 3, there are LR AWD cars in stock which after state and federal credits comes out to 40,500 if you take delivery by end of year... Insane value.", "likes_count": 0, "replies_count": 0, "retweets_count": 0, "hashtags": ["tesla"]}
{"id": 1076512242127069184, "date": "2018-12-22", "time": "11:18:13", "tweet": "@elonmusk @QuilletteM I had a vivid dream to invest in stock in Elon Musk.. I also had in that same dream a Tesla form of Cadillac sport made in Michigan and a 225 Buick was brought back.  The two were amazingly Beautiful!!  I must be losing my mind!  Lol. But it was so successful $$$,$$$,$$.00", "likes_count": 0, "replies_count": 0, "retweets_count": 0, "hashtags": []}
