{"id": 1056334622861287424, "date": "2018-10-27", "time": "19:59:34", "tweet": "@TheOneJBass @elonmusk @Tesla You buy some tsla stocks, that is the same as supporting his business. And your stock in the future will help u to buy a Tesla.", "likes_count": 0, "replies_count": 0, "retweets_count": 0, "hashtags": []}
{"id": 1056330143147442176, "date": "2018-10-27", "time": "19:41:46", "tweet": "@TArkesteijn @yincity @Tesla @elonmusk @mayemusk I have no stock position. None of this is faked. The vehicle is currently in service and I have a loaner.  https://t.co/6lE3OWbHhO", "likes_count": 2, "replies_count": 1, "retweets_count": 0, "hashtags": []}
{"id": 1056326849603817472, "date": "2018-10-27", "time": "19:28:41", "tweet": "@4211rd @TeslaCharts Tesla goes bankrupt by next Friday and the stock soars to 420 and freezes. DOJ has to finally bring it down to reality only to realize Elon is actually from Mars and a real life alien.😉", "likes_count": 1, "replies_count": 0, "retweets_count": 0, "hashtags": []}
{"id": 1056325271194726401, "date": "2018-10-27", "time": "19:22:24", "tweet": "Tesla Is Destroying the Competition, and It Means Massive Stock Gains via @Entrepreneur undefined  https://t.co/pGw01SbAhI", "likes_count": 1, "replies_count": 0, "retweets_count": 0, "hashtags": []}
{"id": 1056320676842348546, "date": "2018-10-27", "time": "19:04:09", "tweet": "@JHaakona @MichellBasler @FredericLambert @elonmusk @woodhaus2 I live in the real world. You're a pro Tesla basher. How much you lost sofar on your shorts? If you're not gaming the stock then not sure why be such a naysayer. Maybe paid PR, certainly automakers need to do something in response to Tesla dominating their industry. End is coming", "likes_count": 1, "replies_count": 0, "retweets_count": 0, "hashtags": []}
{"id": 1056314254733787137, "date": "2018-10-27", "time": "18:38:38", "tweet": "Starting to understand why my friend bough stock in Tesla... Might have to Cope a piece in the near future.  https://t.co/0l6UCrNxXe", "likes_count": 0, "replies_count": 0, "retweets_count": 0, "hashtags": []}
{"id": 1056311309250281472, "date": "2018-10-27", "time": "18:26:56", "tweet": "I liked a @YouTube video  https://t.co/2XYfQzVTAt Stock Tesla Bullies V8’s at the DRAG STRIP + more!", "likes_count": 0, "replies_count": 0, "retweets_count": 0, "hashtags": []}
{"id": 1056304995228889089, "date": "2018-10-27", "time": "18:01:50", "tweet": "@BullTesla @gwestr @elonmusk @ValueAnalyst1 Can you imagine stock price boost if Ellison is made chairman?", "likes_count": 2, "replies_count": 0, "retweets_count": 0, "hashtags": []}
{"id": 1056299672334151680, "date": "2018-10-27", "time": "17:40:41", "tweet": "@Marshmall0wpeep @elonmusk I think musk is financing Tesla’s fine by buying $20 mm in stock from the company", "likes_count": 0, "replies_count": 0, "retweets_count": 0, "hashtags": []}
{"id": 1056298192826904576, "date": "2018-10-27", "time": "17:34:48", "tweet": "@markbspiegel DOJ/SEC/FBI will bring justice to those who manipulated Tesla stock to get 🤒 gains  Aka WSJ, CNBC, &amp; dirty bears  https://t.co/xKljiIxTCs", "likes_count": 0, "replies_count": 0, "retweets_count": 0, "hashtags": []}
{"id": 1056293692682592256, "date": "2018-10-27", "time": "17:16:55", "tweet": "@elonmusk @CGasparino @Tesla This WSJ piece was revenge to Larry Ellison (affecting Tesla) for saying a WSJ reporter wasn’t qualified to criticize Elon (with great analogies). His comment made the stock pop. The WSJ article did the opposite, briefly. Sickening", "likes_count": 1, "replies_count": 0, "retweets_count": 0, "hashtags": []}
{"id": 1056290549056069632, "date": "2018-10-27", "time": "17:04:26", "tweet": "Tesla Model 3 Performance With Upgrade Package Now Just $64,000  https://t.co/xjx45KZlvX", "likes_count": 0, "replies_count": 0, "retweets_count": 0, "hashtags": []}
{"id": 1056287597583044611, "date": "2018-10-27", "time": "16:52:42", "tweet": "@JonErlichman @WWeyting Wonder who made more money in these 8 years longs or shorts? What comes in the next 3-4 yrs will push the stock another 10x! #tesla $tsla $tslaq Tesla  https://t.co/mzme9Xg5iv", "likes_count": 6, "replies_count": 0, "retweets_count": 0, "hashtags": ["tesla"]}
{"id": 1056286404022423553, "date": "2018-10-27", "time": "16:47:58", "tweet": "@tesla_lion @WSJ @Tesla I wonder if non Americans can lodge a complaint as shareholders in the stock ...  I STRONGLY disapprove of the WSJ article of old news at a time that seems to have been deliberately chosen to halt Tesla's stock rise on good earnings news, by publishing repackaged OLD news. Why?", "likes_count": 2, "replies_count": 1, "retweets_count": 0, "hashtags": []}
{"id": 1056286040850382851, "date": "2018-10-27", "time": "16:46:31", "tweet": "#QUANT Tesla stock roars back  https://t.co/GcpU7tsrZp", "likes_count": 0, "replies_count": 0, "retweets_count": 0, "hashtags": ["quant"]}
{"id": 1056284619119738882, "date": "2018-10-27", "time": "16:40:52", "tweet": "Filed a complaint with SEC over @WSJ 's carefully orchestrated attack on @Tesla stock.", "likes_count": 7, "replies_count": 1, "retweets_count": 0, "hashtags": []}
{"id": 1056284152654368768, "date": "2018-10-27", "time": "16:39:01", "tweet": "@Ford These new ads sound defensive and beneath you.  The fact is @elonmusk did dream, and did build, and I’m sorry I sold my stock given recent results @Tesla (I own a Mod S - best car I’ve ever driven).  You did NOT innovate electric and he allowed all his parents to be used freely!", "likes_count": 2, "replies_count": 0, "retweets_count": 1, "hashtags": []}
{"id": 1056280169973862400, "date": "2018-10-27", "time": "16:23:11", "tweet": "@williamwvance What makes it difficult for a squeeze to occur that will bring the stock above $360, the level at which converts can be paid in stock? I suspect that is Elon Musk’s strategy at this point, and would buy Tesla a few more quarters of survival?", "likes_count": 0, "replies_count": 1, "retweets_count": 0, "hashtags": []}
{"id": 1056279868978028544, "date": "2018-10-27", "time": "16:22:00", "tweet": "Best  news we've had in days .. err … since the great Tesla earnings report on Wednesday.  I mean, I enjoy EM's banter on twitter as much as everyone else - but Wall St wants to shut him down. Otherwise Wall St punishes Tesla stock.  But, performance speaks louder than any words", "likes_count": 0, "replies_count": 0, "retweets_count": 0, "hashtags": []}
{"id": 1056274199537508356, "date": "2018-10-27", "time": "15:59:28", "tweet": "@yincity @BrokenTesla @Tesla @elonmusk @mayemusk Because that is what normal people would do.  If you're short the stock, but love the car, you hold on to the car and fake a lot of BS.", "likes_count": 0, "replies_count": 1, "retweets_count": 0, "hashtags": []}
{"id": 1056272785335599104, "date": "2018-10-27", "time": "15:53:51", "tweet": "Long-time Tesla critic Citron Research goes ‘long’ on stock #HEDGE  https://t.co/bSnIlrlfTM #businessnews #energy", "likes_count": 0, "replies_count": 0, "retweets_count": 0, "hashtags": ["hedge", "businessnews", "energy"]}
{"id": 1056263572446158849, "date": "2018-10-27", "time": "15:17:14", "tweet": "@gwestr So if I gave you 5k to put in Tesla stock you’d expect 5k back in the 4-5 years you’d drive 60k miles.", "likes_count": 0, "replies_count": 0, "retweets_count": 0, "hashtags": []}
{"id": 1056262826136911872, "date": "2018-10-27", "time": "15:14:16", "tweet": "\"Experts\" Change Their Opinion On #Tesla Stock  https://t.co/F2o2i8V3rc  #TSLA @ValueAnalyst1 @vincent13031925 @ellec_uk @SteveHamel16 @BarkMSmeagol @AlterViggo @federallamm @CathieDWood @wintonARK @skorusARK @TashaARK @jwangARK @atrembath @J_Lovering @forachelP @JesseJenkins", "likes_count": 3, "replies_count": 0, "retweets_count": 1, "hashtags": ["tesla", "tsla"]}
{"id": 1056262544103432192, "date": "2018-10-27", "time": "15:13:09", "tweet": "Tesla $TSLA Stock Rating Reaffirmed by Royal Bank of Canada  https://t.co/kiRbW3xDdr #markets", "likes_count": 0, "replies_count": 0, "retweets_count": 0, "hashtags": ["markets"]}
{"id": 1056260656687706115, "date": "2018-10-27", "time": "15:05:39", "tweet": "Watch Tesla’s Demo Video For Navigate On Autopilot  https://t.co/eRF0xnEcMH", "likes_count": 0, "replies_count": 0, "retweets_count": 0, "hashtags": []}
{"id": 1056260040871546882, "date": "2018-10-27", "time": "15:03:12", "tweet": "\"Experts\" Change Their Opinion On #Tesla Stock  https://t.co/F2o2i8V3rc #TSLA @ElectricJen @ElectrekCo @rrosenbl @robseamans @Teslarati @TeslaPodcast @talkingtesla @TheTeslaShow @teslatidbits @HyperChangeTV @Gfilche @danahull @timkhiggins @Tweetermeyer @GerberKawasaki @binarybits", "likes_count": 1, "replies_count": 1, "retweets_count": 0, "hashtags": ["tesla", "tsla"]}
{"id": 1056259679863504896, "date": "2018-10-27", "time": "15:01:46", "tweet": "@MrManderly @vincent13031925 @Tesla @elonmusk My prediction is all week we're going to hear about DOJ subpoenas to try to push the stock down.", "likes_count": 0, "replies_count": 0, "retweets_count": 0, "hashtags": []}
{"id": 1056253917242155008, "date": "2018-10-27", "time": "14:38:52", "tweet": "@Tweetermeyer Could be some complementarity. Rayleigh-Taylor instability issues in fusion and Tesla stock both seem to be chaotic phenomena resistant to standard analysis.", "likes_count": 0, "replies_count": 0, "retweets_count": 0, "hashtags": []}
{"id": 1056252504885751808, "date": "2018-10-27", "time": "14:33:16", "tweet": "Agreed, I'm expecting a retest of 280-290 early next week. Tesla is infamous for not holding gains. Stock will likely retrace back to 250-260 going into elections Nov. 6th. $TSLA $SPY $SPX $DIA $DJIA $YM_F $ES_F", "likes_count": 0, "replies_count": 0, "retweets_count": 0, "hashtags": []}
{"id": 1056250711489593344, "date": "2018-10-27", "time": "14:26:08", "tweet": "@themicrx @lazygetter @elonmusk @CGasparino @Tesla 🙄🙄🙄🤦🏼‍♂️ probably has something to do with him buying $20 Million in Tesla stock on Monday...I’m sure you can relate 😂😂😂he...  https://t.co/5WAvSs4uZF", "likes_count": 1, "replies_count": 0, "retweets_count": 0, "hashtags": []}
{"id": 1056250181946089473, "date": "2018-10-27", "time": "14:24:02", "tweet": "Biggest Stock Winners and Losers Last Week* $SPX $NDX $QQQ $SPY $DJIA  #Tesla $TSLA +26.81% - Now that is #Electric ! Cadence $CDNS +12.09% Xilinx $XLNX +5.17% #McDonalds $MCD +4.03% #BigMac to go Walmart $WMT +1.85%  Continuation or Sell the Bounce?   https://t.co/jYzJre64TV  https://t.co/vTaA19wYA8", "likes_count": 2, "replies_count": 1, "retweets_count": 2, "hashtags": ["tesla", "electric", "mcdonalds", "bigmac"]}
{"id": 1056248711485960192, "date": "2018-10-27", "time": "14:18:11", "tweet": "@schristakos @JM0Olson @bosterogriego @mayemusk @1onlybillyshear @Quantrarian1 @Tesla @WSJ @elonmusk If you shorted the stock you might be, but presumably you would argue the merits of the business model a bit more and not simply gossip about the ramblings of unhappy customers or former employees.", "likes_count": 0, "replies_count": 0, "retweets_count": 0, "hashtags": []}
{"id": 1056244536442322949, "date": "2018-10-27", "time": "14:01:36", "tweet": "🏎️(TSLA) Tesla Stock Update: FBI Criminal Probe 🚓  https://t.co/eieDENAcBH via @YouTube", "likes_count": 0, "replies_count": 0, "retweets_count": 0, "hashtags": []}
{"id": 1056244316090368000, "date": "2018-10-27", "time": "14:00:43", "tweet": "🏎️(TSLA) Tesla Stock Update: FBI Criminal Probe 🚓:  https://t.co/KKB4tXje1j via @YouTube", "likes_count": 0, "replies_count": 0, "retweets_count": 0, "hashtags": []}
{"id": 1056243544107638784, "date": "2018-10-27", "time": "13:57:39", "tweet": "Wow, update.... Tesla wants me to take delivery of the P3D next Thursday! They must have had my config in stock. I am trying to put off the delivery until Sunday since I’m driving 3 hours one way to get it.", "likes_count": 174, "replies_count": 14, "retweets_count": 6, "hashtags": []}
{"id": 1056238533575430156, "date": "2018-10-27", "time": "13:37:45", "tweet": "@schristakos @mayemusk @1onlybillyshear @bosterogriego @Quantrarian1 @Tesla @WSJ @elonmusk I don't want @elonmusk to hire bots to follow me on Twitter but thats happened to me and other critics of $tsla. Not to mention elon calling MontanaSkeptic's boss. $tsla profitability not sustainable. If you are so confident I'm wrong then buy $tsla stock.", "likes_count": 0, "replies_count": 2, "retweets_count": 0, "hashtags": []}
{"id": 1056233711879053312, "date": "2018-10-27", "time": "13:18:35", "tweet": "Larry Ellison is a big believer in Tesla and defender of his friend Elon Musk. The Oracle founder disclosed that Tesla is his second-largest investment and that the stock has \"a lot of upside.\"  https://t.co/sRgCbM4BMT", "likes_count": 62, "replies_count": 5, "retweets_count": 16, "hashtags": []}
{"id": 1056232974524379136, "date": "2018-10-27", "time": "13:15:39", "tweet": "@Iron_Spike Just like with my friend on FB that always posts triumphantly when Tesla stock goes up... What I want to see is the actual books—P&amp;L, with all externalities, etc.", "likes_count": 0, "replies_count": 0, "retweets_count": 0, "hashtags": []}
{"id": 1056230260964872193, "date": "2018-10-27", "time": "13:04:52", "tweet": "@elonmusk to buy $20M of $TSLA stock on Monday $tslaq #tesla", "likes_count": 1, "replies_count": 1, "retweets_count": 0, "hashtags": ["tesla"]}
{"id": 1056224921104343040, "date": "2018-10-27", "time": "12:43:39", "tweet": "Tesla Stock Soars With Surprise Earning Quarter #wsjTechNewsBriefing   https://t.co/asdfLQRDum via @PodcastAddict  https://t.co/xsHRHQobkP", "likes_count": 0, "replies_count": 0, "retweets_count": 0, "hashtags": ["wsjtechnewsbriefing"]}
{"id": 1056220035784429568, "date": "2018-10-27", "time": "12:24:14", "tweet": "@Crypto_BigBang @elonmusk Great job to spread this message my friend.  If Elon announces Tesla will accept Bitcoin, Tesla stock that day can jump 10%.  Imagine how many Tesla stock shorters he will kill that day.", "likes_count": 2, "replies_count": 1, "retweets_count": 0, "hashtags": []}
{"id": 1056218994854621184, "date": "2018-10-27", "time": "12:20:06", "tweet": "I’m still not understanding why these analysts keep saying Tesla won’t succeed. To me it sounds more like people trying to take advantage on the stock market adopting the fake news strategy than anything else.  https://t.co/f1iMV8rSFa", "likes_count": 0, "replies_count": 1, "retweets_count": 0, "hashtags": []}
{"id": 1056214663849857025, "date": "2018-10-27", "time": "12:02:54", "tweet": "@TheMuddySchmuck @jowens510 @realUSDOE @elonmusk @CGasparino @Tesla exactly ... this was and IS a non story ... which begs the question ... why did the WSJ publish it ... why did they chose to publish with 2 hours left in the trading day and why did they chose THAT day when the stock was rising to publish a non story that was months old as if new", "likes_count": 1, "replies_count": 1, "retweets_count": 0, "hashtags": []}
{"id": 1056209285183459334, "date": "2018-10-27", "time": "11:41:31", "tweet": "@sudeepj21 @markbspiegel Norway -   https://t.co/aS9lf3oi4R , Holland -  https://t.co/TUFlKCbgJi   If you look at sales in Norway for Tesla in Dec 2017, they had their best month ever. If they miss by 50%, which might happen, with iPace, BMW, etc, bad press, that would mean S X stock in Norway for 4 months", "likes_count": 0, "replies_count": 1, "retweets_count": 0, "hashtags": []}
{"id": 1056209265852080128, "date": "2018-10-27", "time": "11:41:27", "tweet": "@mayemusk @WSJ @Tesla @aviswanatha @danacimilluca @wsj \"news\" came out when #TSLA hit around $340. #tslaq just had to pull the emergency break. @NewYork_SEC why are you not investigating this blatant attmpt of stock manipulation aimed to hurt the real investors???", "likes_count": 1, "replies_count": 0, "retweets_count": 0, "hashtags": ["tsla", "tslaq"]}
{"id": 1056207444521705472, "date": "2018-10-27", "time": "11:34:12", "tweet": "@OppayahTwitR @ScottMAustin @GerberKawasaki @WSJ Actually, Tesla moved up the earnings to front run the article.   By doing this, the stock popped out of the danger zone of his margin call.   So, the manipulation starts with Elon and Andrew Left with his out of nowhere bullish note.", "likes_count": 0, "replies_count": 1, "retweets_count": 0, "hashtags": []}
{"id": 1056204374475628545, "date": "2018-10-27", "time": "11:22:00", "tweet": "Tesla Is Destroying the Competition, and It Means Massive Stock Gains  https://t.co/KhviAgeIo1  https://t.co/mcbX3NqGkP", "likes_count": 0, "replies_count": 0, "retweets_count": 0, "hashtags": []}
{"id": 1056203944844771328, "date": "2018-10-27", "time": "11:20:18", "tweet": "Scientific American Puts Tesla Model 3 Enhanced Autopilot To The Test  https://t.co/IpCoDAHjn7", "likes_count": 0, "replies_count": 0, "retweets_count": 0, "hashtags": []}
{"id": 1056203609174695937, "date": "2018-10-27", "time": "11:18:58", "tweet": "@schristakos @mayemusk @1onlybillyshear @bosterogriego @Quantrarian1 @Tesla @WSJ You mean to say the article \"implied\" not \"inferred\". Also, it is not unusual for reporters to use anonymous sources. $tsla has a fundamentally flawed business model, and a crazy narcissist for a CEO. Stock price is going to zero.", "likes_count": 2, "replies_count": 3, "retweets_count": 0, "hashtags": []}
{"id": 1056202686499078144, "date": "2018-10-27", "time": "11:15:18", "tweet": "@elonmusk Tesla should file lawsuit against WSJ for libel. Attorney should represent $TSLA shareholders in a class action lawsuit against WSJ for manipulating stock price on Friday. We should no longer tolerate media’s false accusation and hold them accountable. Stop WSJ service!", "likes_count": 3, "replies_count": 0, "retweets_count": 1, "hashtags": []}
{"id": 1056199188046901248, "date": "2018-10-27", "time": "11:01:24", "tweet": "Guy doesn't even understand the point of this tweet. Many Tesla longs are suggesting Tesla is a good stock because a billionaire investor also put his money in the company. Ellison doesn't know anything. Bill Maris understands tech. He saw through Theranos. Did he buy TSLA?", "likes_count": 0, "replies_count": 0, "retweets_count": 0, "hashtags": []}
{"id": 1056197636158558214, "date": "2018-10-27", "time": "10:55:14", "tweet": "Will Tesla Deliver 100,000 Electric Cars In Q4?  https://t.co/4qVnWdLjDS", "likes_count": 0, "replies_count": 0, "retweets_count": 0, "hashtags": []}
{"id": 1056196877786513410, "date": "2018-10-27", "time": "10:52:13", "tweet": "@2dnishant Elon Musk was removed from the position of the chairman of the Tesla board because of a tweet in which he claimed Tesla would go private once the stock price is $420. Sorry for the delayed reply. I am very much ill.", "likes_count": 0, "replies_count": 2, "retweets_count": 0, "hashtags": []}
{"id": 1056195978221383680, "date": "2018-10-27", "time": "10:48:39", "tweet": "@ElonBachman WSJ article was old news. Short sellers hit job, to arrest Tesla stock rise", "likes_count": 0, "replies_count": 0, "retweets_count": 0, "hashtags": []}
{"id": 1056195565141323776, "date": "2018-10-27", "time": "10:47:00", "tweet": "“The next stock market crash will hit hit by October 31st”  https://t.co/YhBNIE5Lnn #marketcrash #tesla #marketnews #finance #stocks #stockmarket", "likes_count": 0, "replies_count": 0, "retweets_count": 0, "hashtags": ["marketcrash", "tesla", "marketnews", "finance", "stocks", "stockmarket"]}
{"id": 1056191350822047745, "date": "2018-10-27", "time": "10:30:15", "tweet": "@WehbyJammin @jtrandds @Elons420Fraud @Latrilife @CVCResearch @CathieDWood @Tesla Lol im making money off your incorrect bet on $tsla.  Gifs arent helping.  You talk stocks but are shorting a stock that just exploded and are calling me dumb.  Thanks for your money!", "likes_count": 2, "replies_count": 1, "retweets_count": 0, "hashtags": []}
{"id": 1056191339837059073, "date": "2018-10-27", "time": "10:30:13", "tweet": "@Elons420Fraud @StuartMeissner @markbspiegel If a company misses a target, the stock goes down. That is the consequence. If they lie on the disclosure form about something, that is illegal but they didn’t lie. Tesla is more transparent than most.  After this weekend when drive on nav videos are posted  shorts are screwed.", "likes_count": 0, "replies_count": 0, "retweets_count": 0, "hashtags": []}
{"id": 1056189156752273408, "date": "2018-10-27", "time": "10:21:32", "tweet": "@daverandLA @mayemusk @Tesla @markbspiegel @QTRResearch @davidein @lopezlinette @danahull BS “ many CEO’s have in the past “ let’s hear - start listing them,  other than those who’s stock collapsed or they went to jail later. Try explaining that on the next conference call. I agree it is his legal right though - got me there.", "likes_count": 0, "replies_count": 0, "retweets_count": 0, "hashtags": []}
{"id": 1056188397902094338, "date": "2018-10-27", "time": "10:18:31", "tweet": "With the rumblings about the FBI and SEC looking into Tesla, I have to ask: Where the hell is the @FTC?  Anyone trading this stock, bull or bear, should know there’s misinformation &amp; the associated risks.  People buying a car expect to be able take a company’s statments as fact.  https://t.co/s1EJnDr17l", "likes_count": 38, "replies_count": 4, "retweets_count": 8, "hashtags": []}
{"id": 1056188376100102145, "date": "2018-10-27", "time": "10:18:26", "tweet": "@threefivesinv @TeslaCharts @Smack_Check 😀 The new mission of TeslaCharts is to unabashedly serve the confirmation bias of #Tesla bulls. We flow with the content curation current, providing exactly what bulls most want to see. Especially helpful on days the stock goes down on good news. Enjoy accordingly...", "likes_count": 2, "replies_count": 0, "retweets_count": 0, "hashtags": ["tesla"]}
