{"id": 967534859236323328, "date": "2018-02-24", "time": "18:01:01", "tweet": "Sign up for Robinhood to invest in Bitcoin and stocks, and we’ll both get a free stock like Apple, Tesla or Google  https://t.co/DGRQYE3j0Q  🔼sign up with my link so we both get to bitcoin faster #trading #investing #robinhoodcrypto #cryptocurrency #bitcoin #stocks #crypto #trade", "likes_count": 0, "replies_count": 0, "retweets_count": 0, "hashtags": ["trading", "investing", "robinhoodcrypto", "cryptocurrency", "bitcoin", "stocks", "crypto", "trade"]}
{"id": 967470060318150656, "date": "2018-02-24", "time": "13:43:31", "tweet": "$TSLA Bull Flag pattern on monthly chart. Breakout will send Tesla stock flying over $550  https://t.co/xY0mTpxCl8", "likes_count": 0, "replies_count": 0, "retweets_count": 0, "hashtags": []}
{"id": 967454194952298497, "date": "2018-02-24", "time": "12:40:29", "tweet": "@elonmusk Tesla Will Merge with SpaceX: Nomura By Shoshanna Delventhal | February 23, There is no way you want to deal with the BS that comes with Publicly Traded Co. when it comes to Space X...As you stated before it only slows progress moving to goals.more stock moving rumors", "likes_count": 0, "replies_count": 0, "retweets_count": 0, "hashtags": []}
{"id": 967449987696267264, "date": "2018-02-24", "time": "12:23:46", "tweet": "Move over GM/Ford Tesla's got the wheel now !! #tesla #tsla #stock #stockmarket #options #money #cars #tech #technology  https://t.co/cNuKy9AVxJ", "likes_count": 0, "replies_count": 0, "retweets_count": 0, "hashtags": ["tesla", "tsla", "stock", "stockmarket", "options", "money", "cars", "tech", "technology"]}
{"id": 967431766939234310, "date": "2018-02-24", "time": "11:11:21", "tweet": "Finally A Tesla Model X Does Some Real Off-Roading – Video  https://t.co/A81RjYJBHQ", "likes_count": 0, "replies_count": 0, "retweets_count": 0, "hashtags": []}
{"id": 967411469997494272, "date": "2018-02-24", "time": "09:50:42", "tweet": "I am not short Tesla I am not long Tesla I am hyper CRITICAL of a terribly run *business* + critical b/c masses religiously conflate story making &amp; stock promotion with profit making.  I am hyper LAUDATORY of Musk halo effect + psychology tactics exploiting the thing i criticize  https://t.co/GfmdPD6Tna", "likes_count": 106, "replies_count": 8, "retweets_count": 7, "hashtags": []}
{"id": 967411412707561473, "date": "2018-02-24", "time": "09:50:29", "tweet": "@zalzally I am not short Tesla I am not long Tesla I am hyper CRITICAL of a terribly run *business* + critical b/c masses religiously conflate story making &amp; stock promotion with profit making.  I am hyper LAUDATORY of Musk halo effect + psychology tactics exploiting the thing i criticize", "likes_count": 7, "replies_count": 0, "retweets_count": 2, "hashtags": []}
{"id": 967410332628144128, "date": "2018-02-24", "time": "09:46:11", "tweet": "Watch DragTimes Dyno Tesla Model 3  https://t.co/82j61lRM0o", "likes_count": 0, "replies_count": 0, "retweets_count": 0, "hashtags": []}
{"id": 967410144027004929, "date": "2018-02-24", "time": "09:45:26", "tweet": "@BossHoggHazzard Yeah but millions of dollars by many investors and funds have been lost betting against $TSLA Tesla even got all the pin action with the Chevy Bolt and Hyundai  getting good news last week   teslas the stock that got all the pin action because it’s high profile and in the news", "likes_count": 0, "replies_count": 0, "retweets_count": 1, "hashtags": []}
{"id": 967407788333981696, "date": "2018-02-24", "time": "09:36:04", "tweet": "Why Tesla Is Falling Behind in Electric Car Race - Hollywood Reporter  https://t.co/71bxi1csJl", "likes_count": 0, "replies_count": 0, "retweets_count": 0, "hashtags": []}
{"id": 967387736893284354, "date": "2018-02-24", "time": "08:16:24", "tweet": "Musk Optimistic Tesla Can Stay On Price &amp; Beat Semi Specs  https://t.co/QOSoQlqjN9", "likes_count": 0, "replies_count": 0, "retweets_count": 0, "hashtags": []}
{"id": 967373160562810880, "date": "2018-02-24", "time": "07:18:29", "tweet": "@9toFit Wow! Must be that enhanced brain power that induced “genius” Elon to hang the Tesla 3000 from the SpaceX Rocket to Mars, or gave CEO’s the idea to buy their own stock with free FED money, or gave TOYOTA the idea of free advertising of their trucks by ISIS. The “wise guys pill”", "likes_count": 2, "replies_count": 0, "retweets_count": 0, "hashtags": []}
{"id": 967371345653846017, "date": "2018-02-24", "time": "07:11:16", "tweet": "“Tesla Ships” – AKA Massive Electric Container Ships – To Launch Later This Year  https://t.co/EpFrZSneqo", "likes_count": 0, "replies_count": 0, "retweets_count": 0, "hashtags": []}
{"id": 967365690331103232, "date": "2018-02-24", "time": "06:48:48", "tweet": "Gostei de um vídeo @YouTube  https://t.co/dZBq4PypVO a Tesla Roadster to Duna (Fully Stock and Reusable) - KSP", "likes_count": 0, "replies_count": 0, "retweets_count": 0, "hashtags": []}
{"id": 967361908482494464, "date": "2018-02-24", "time": "06:33:46", "tweet": "The whole arc of #tesla was shaped by this fabrication. The stock soaring, the capital raises, the ability to bail out SolarCity with $tsla equity, and the sweeping propaganda of the ‘$35k mass market EV’. An overt and total lie.  https://t.co/s0oLPPrhwO", "likes_count": 129, "replies_count": 17, "retweets_count": 36, "hashtags": ["tesla"]}
{"id": 967329148619370501, "date": "2018-02-24", "time": "04:23:35", "tweet": "@RevolutApp have you guys thought about adding stock trading to the app like starting with disruptive tech companies a la Tesla etc. ?", "likes_count": 1, "replies_count": 0, "retweets_count": 0, "hashtags": []}
{"id": 967284264537608193, "date": "2018-02-24", "time": "01:25:14", "tweet": "@elonmusk @ElectrekCo @TeslaRoadTrip Tesla stock gonna reach 100 billion soon, deserves that number allready", "likes_count": 0, "replies_count": 0, "retweets_count": 0, "hashtags": []}
{"id": 967276344370483200, "date": "2018-02-24", "time": "00:53:46", "tweet": "Tesla Is a Sleeping Giant !! #tesla #tsla #stock #stockmarket #options #money #cars #tech #technology  https://t.co/EWJfY7ll9A", "likes_count": 0, "replies_count": 0, "retweets_count": 0, "hashtags": ["tesla", "tsla", "stock", "stockmarket", "options", "money", "cars", "tech", "technology"]}
{"id": 967268795973865472, "date": "2018-02-24", "time": "00:23:46", "tweet": "Move over GM/Ford Tesla's got the wheel now !! #tesla #tsla #stock #stockmarket #options #money #cars #tech #technology  https://t.co/XEp8nntIAW", "likes_count": 0, "replies_count": 0, "retweets_count": 0, "hashtags": ["tesla", "tsla", "stock", "stockmarket", "options", "money", "cars", "tech", "technology"]}
{"id": 967264568085946369, "date": "2018-02-24", "time": "00:06:58", "tweet": "@Model3Owners @elonmusk @ElectrekCo @TeslaRoadTrip Suspect that may not help from investment angle. Had Tesla followed that route doubt the stock would have been at the levels it is right now. And To be fair despite creating lot of hype Tesla still manages to over deliver...", "likes_count": 0, "replies_count": 1, "retweets_count": 0, "hashtags": []}
