{"id": 1033504138980548608, "date": "2018-08-25", "time": "19:59:22", "tweet": "Musk says there’s $20bn of demand for Tesla at $420, so why isn’t the stock at $420? If there are people who see value at $420, why aren’t they buying at a 25% discount?", "likes_count": 12, "replies_count": 2, "retweets_count": 0, "hashtags": []}
{"id": 1033500503148191744, "date": "2018-08-25", "time": "19:44:56", "tweet": "@pm1889 @michimike @elonmusk @Tesla Your data is just plain wrong,model 3 was taken apart and fou d to have a 25 to 30% profit margin which will only get higer as the ramp for both batteries and cars gets larger. The stock will be comparable to amazon in 15 years. This is not a day traders stock.", "likes_count": 0, "replies_count": 1, "retweets_count": 0, "hashtags": []}
{"id": 1033493166215839744, "date": "2018-08-25", "time": "19:15:46", "tweet": "@bob_burrough @Tesla Putting a price tag on a publicly traded stock by the founder &amp; CEO and saying funding was in place is criminal fraud so tell the 1.3 billion dollars the shorts took on this hoax that he should not be prosecuted is complete nonsense. I stuck with my puts paidoff nicely.", "likes_count": 0, "replies_count": 0, "retweets_count": 0, "hashtags": []}
{"id": 1033491115591135232, "date": "2018-08-25", "time": "19:07:37", "tweet": "@marc_milam @ElaineBenes99 @AISoloTrader @serlindsipity Why would anyone be cheerful about being long Tesla this weekend, whether by put spreads, stock or whatever.", "likes_count": 1, "replies_count": 2, "retweets_count": 0, "hashtags": []}
{"id": 1033488533946818560, "date": "2018-08-25", "time": "18:57:22", "tweet": "@Tesla This will piss off those who’ve been profiting by shorting the stock. To bad, so sad :,(", "likes_count": 0, "replies_count": 0, "retweets_count": 0, "hashtags": []}
{"id": 1033482701117026310, "date": "2018-08-25", "time": "18:34:11", "tweet": "Tesla Model 3 Almost As Expensive As Porsche 911 To Insure  https://t.co/R8s68ssns6", "likes_count": 0, "replies_count": 0, "retweets_count": 0, "hashtags": []}
{"id": 1033481647667249152, "date": "2018-08-25", "time": "18:30:00", "tweet": "Electric car and solar panel maker Tesla Inc. will remain on the public stock exchanges after CEO Elon Musk said Friday that investors have convinced him the company shouldn't go private.   https://t.co/gDwiguqVSg", "likes_count": 0, "replies_count": 0, "retweets_count": 0, "hashtags": []}
{"id": 1033480076350898176, "date": "2018-08-25", "time": "18:23:45", "tweet": "@michimike @elonmusk @Tesla You don’t lose anything until you sell the stock. Tesla will continue to succeed. Keep the stock. Problem solved. Check back with yah after Q3 earnings.", "likes_count": 1, "replies_count": 0, "retweets_count": 0, "hashtags": []}
{"id": 1033477690584707072, "date": "2018-08-25", "time": "18:14:17", "tweet": "The volatility stems from the fact that, in the absence of profits, Tesla’s stock acts like an option. This has mostly worked fantastically in Tesla’s favor.", "likes_count": 1, "replies_count": 0, "retweets_count": 0, "hashtags": []}
{"id": 1033475585777909760, "date": "2018-08-25", "time": "18:05:55", "tweet": "Hey @elonmusk if you need my consulting service, my fees are a small sum if $25,500.00.  If you check my timestamped #twitter track record, I said you couldn’t take #Tesla private the same day you pumped and dumped the stock.   $TSLA", "likes_count": 1, "replies_count": 0, "retweets_count": 0, "hashtags": ["twitter", "tesla"]}
{"id": 1033474784355667970, "date": "2018-08-25", "time": "18:02:44", "tweet": "this guy needs to be hit with *massive* SEC penalties for fraudulently manipulating Tesla stock via deliberately misleading tweets:   https://t.co/9BjdXNZOML", "likes_count": 0, "replies_count": 1, "retweets_count": 0, "hashtags": []}
{"id": 1033474145978220546, "date": "2018-08-25", "time": "18:00:12", "tweet": "@FoxNews @elonmusk @Tesla So stay away from buying any stock!", "likes_count": 0, "replies_count": 0, "retweets_count": 0, "hashtags": []}
{"id": 1033473853366956032, "date": "2018-08-25", "time": "17:59:02", "tweet": "Tesla will remain on the public stock exchanges after CEO Elon Musk said investors convinced him the company shouldn't go private.  https://t.co/udkCP6Xv0h", "likes_count": 2, "replies_count": 2, "retweets_count": 0, "hashtags": []}
{"id": 1033473020894097408, "date": "2018-08-25", "time": "17:55:43", "tweet": "$TSLA sentiment on social media with sentiment determined with machine learning from social media posts about it. getting closer to positive. source. also added technical tops for #tesla stock.  https://t.co/7qZ4X0cz6s  https://t.co/kULVGYGLc0", "likes_count": 0, "replies_count": 0, "retweets_count": 0, "hashtags": ["tesla"]}
{"id": 1033469818333057024, "date": "2018-08-25", "time": "17:43:00", "tweet": "Electric car and solar panel maker Tesla Inc. will remain on the public stock exchanges after CEO Elon Musk said Friday that investors have convinced him the company shouldn't go private.  https://t.co/JOwJOvmgx8", "likes_count": 1, "replies_count": 0, "retweets_count": 0, "hashtags": []}
{"id": 1033469261690417153, "date": "2018-08-25", "time": "17:40:47", "tweet": "@talesftf @painfulshort @elonmusk I’m invested in Tesla, I own Tesla stock. That makes me an investor.  I don’t snelyse charts or spreadsheets. Sure, I look through the quarterly report, but I believe in the company and management.  What’s so difficult with that?", "likes_count": 1, "replies_count": 2, "retweets_count": 0, "hashtags": []}
{"id": 1033466844466892800, "date": "2018-08-25", "time": "17:31:11", "tweet": "@QTRResearch Dude we need a tattoo bet from you for Monday stock?  I am thinking under $250 you get #tesla on your arm?", "likes_count": 1, "replies_count": 1, "retweets_count": 0, "hashtags": ["tesla"]}
{"id": 1033466516501606400, "date": "2018-08-25", "time": "17:29:53", "tweet": "Keep Tesla on the radar on Monday - Friday , 08-24 Musk-CEO  tweet to remain a public firm will impact Tesla stock on Monday 08-27!!!", "likes_count": 0, "replies_count": 0, "retweets_count": 0, "hashtags": []}
{"id": 1033464839950266368, "date": "2018-08-25", "time": "17:23:13", "tweet": "@JWellsTH @AndreaSJames @danahull @EricSteiman they will don't worry about it, clearly we're not. pretty sure guys at tesla aren't either. this will change from a \"story\" stock to a fundamentals stock so fast that nothing else will matter.", "likes_count": 1, "replies_count": 0, "retweets_count": 0, "hashtags": []}
{"id": 1033464539344330752, "date": "2018-08-25", "time": "17:22:01", "tweet": "Tesla Stock | Elon Musk | Elliott Wave Stock Analysis At Fast Speed Begin to apply the #Elliott wave...  https://t.co/i7k5dO2Rya", "likes_count": 0, "replies_count": 0, "retweets_count": 0, "hashtags": ["elliott"]}
