{"id": 1104529135915823105, "date": "2019-03-09", "time": "18:47:21", "tweet": "@vincent13031925 @Tesla @elonmusk Here is a video of just one @Tesla Model X!  https://t.co/dnxdVPvxRw", "likes_count": 4, "replies_count": 1, "retweets_count": 3, "hashtags": []}
{"id": 1104528543642464256, "date": "2019-03-09", "time": "18:45:00", "tweet": "Will Alleged Model 3 Design Flaw Sink Tesla Stock? #teslamodel3 #bitsmart  https://t.co/i6Re3RcJJc", "likes_count": 0, "replies_count": 0, "retweets_count": 0, "hashtags": ["teslamodel3", "bitsmart"]}
{"id": 1104525972156571648, "date": "2019-03-09", "time": "18:34:47", "tweet": "Every decision is an on-balance decision e.g. is Tesla a stick with significant governance challenges, or a stock where the underlying product might help reduce pollution concerns?", "likes_count": 0, "replies_count": 1, "retweets_count": 0, "hashtags": []}
{"id": 1104525766858022914, "date": "2019-03-09", "time": "18:33:58", "tweet": "@bxdfish Bet I’m so close to being able to buy a Tesla stock", "likes_count": 1, "replies_count": 0, "retweets_count": 0, "hashtags": []}
{"id": 1104515062092378112, "date": "2019-03-09", "time": "17:51:26", "tweet": "i wanna live on a farm far away from everything and every month i would jump in my tesla and drive into the city to stock up on paint books and quinoa", "likes_count": 0, "replies_count": 0, "retweets_count": 0, "hashtags": []}
{"id": 1104510028160094208, "date": "2019-03-09", "time": "17:31:26", "tweet": "Ex. IMF Economist: Shorting Tesla (TSLA) Stock Might Be the 2019 Trophy Trade  https://t.co/hL4LVaa9jf", "likes_count": 0, "replies_count": 0, "retweets_count": 0, "hashtags": []}
{"id": 1104505895877308417, "date": "2019-03-09", "time": "17:15:00", "tweet": "Will Alleged Model 3 Design Flaw Sink Tesla Stock?  https://t.co/Qf7FDLP4I2 #cryptonews #cryptolife #cryptocurrency #tradingcrypto #ethereum #btc #bitcoin #blockchain #crypto #eth #cryptocurrencynews #CryptoNews #cryptoinvestor #cryptocurrencies #fintech", "likes_count": 0, "replies_count": 0, "retweets_count": 0, "hashtags": ["cryptonews", "cryptolife", "cryptocurrency", "tradingcrypto", "ethereum", "btc", "bitcoin", "blockchain", "crypto", "eth", "cryptocurrencynews", "cryptonews", "cryptoinvestor", "cryptocurrencies", "fintech"]}
{"id": 1104505407538712579, "date": "2019-03-09", "time": "17:13:04", "tweet": "@raganwald Just like if they admitted autopilot isn’t true autonomous driving their valuation would plummet.   And musk has a bunch of mortgages secured with Tesla stock, so that would be unfortunate.", "likes_count": 0, "replies_count": 0, "retweets_count": 0, "hashtags": []}
{"id": 1104504993896427520, "date": "2019-03-09", "time": "17:11:25", "tweet": "@elonmusk @TheOnion Will this come stock with all new Tesla’s", "likes_count": 0, "replies_count": 0, "retweets_count": 0, "hashtags": []}
{"id": 1104504517670903809, "date": "2019-03-09", "time": "17:09:32", "tweet": "@TeslaHistorian @teslavangelist The dude need to get laid. He got so much frustration and anger that he dives me cancer every time I see a mention of him. Why he made goal of his life to hate Tesla? Was his ex working there? If he doesn’t like the stock, there is so many other he can trade. So pathetic.", "likes_count": 10, "replies_count": 0, "retweets_count": 0, "hashtags": []}
{"id": 1104496908041478144, "date": "2019-03-09", "time": "16:39:18", "tweet": "@GerberKawasaki @tim_cook While Tesla stock is cheap. Apple should buy.", "likes_count": 0, "replies_count": 0, "retweets_count": 0, "hashtags": []}
{"id": 1104490338851438594, "date": "2019-03-09", "time": "16:13:11", "tweet": "@QTRResearch Ignorant that the equity stake is subordinate to a bond claim that trades at only 82% of its original face value, most Tesla stock holders consider ideology and investment inseparable.  Logical, reason or legal claim be damned.  St Elon will deliver their future.  https://t.co/9l49J9zSHB", "likes_count": 7, "replies_count": 1, "retweets_count": 0, "hashtags": []}
{"id": 1104470837178974208, "date": "2019-03-09", "time": "14:55:42", "tweet": "#GreatRead 👇 Kind-of a \"no duh!\" but for many $TSLA investors this is revolutionary: \"stock prices move higher or lower because there are more buyers or sellers in one specific direction, not because the CEO of Exxon Mobil ( $XOM ) has an ideological beef with Tesla\"", "likes_count": 6, "replies_count": 3, "retweets_count": 2, "hashtags": ["greatread"]}
{"id": 1104467603974774787, "date": "2019-03-09", "time": "14:42:51", "tweet": "@unforgivensays If i invest in your company, I expect a return, i dont get one, I sell. Stock prices wont rise if the face of your company isnt acting proper, causing stock prices to fall, and me to cut my losses. Tesla will fail if elon keeps acting as such.", "likes_count": 0, "replies_count": 1, "retweets_count": 0, "hashtags": []}
{"id": 1104466143048335361, "date": "2019-03-09", "time": "14:37:03", "tweet": "@QTRResearch Andrew Left has repeatedly said he’s lost a fuckton of money every time he’s tried to play tesla (on your podcast) so I feel safe in disregarding any opinion he has on the stock", "likes_count": 1, "replies_count": 0, "retweets_count": 0, "hashtags": []}
{"id": 1104465011395584000, "date": "2019-03-09", "time": "14:32:33", "tweet": "DLVRIT: Stock Review: Viewing the Technicals for Tesla Inc (TSLA) - Stock News Oracle  https://t.co/vGHSwcpnTp #Tesla", "likes_count": 0, "replies_count": 0, "retweets_count": 0, "hashtags": ["tesla"]}
{"id": 1104447270303485955, "date": "2019-03-09", "time": "13:22:03", "tweet": "@Elons420Fraud @VickiBryanBondA @zeroshorts @FredericLambert Bull case for $TSLA bonds is that Tesla can still raise billions w/ acceptable dilution. Most HY bonds don't have that advantage, and risk/reward is good if equity cushion is real. IMO bonds follow stock in this case so I wouldn't look to bonds as smart money...", "likes_count": 0, "replies_count": 0, "retweets_count": 0, "hashtags": []}
{"id": 1104437702668238848, "date": "2019-03-09", "time": "12:44:02", "tweet": "Will Alleged Model 3 Design Flaw Sink Tesla Stock?  https://t.co/wSREH4oSUV #Altcoin #cryptocurrency  https://t.co/jgQ9mtWjaV", "likes_count": 0, "replies_count": 0, "retweets_count": 0, "hashtags": ["altcoin", "cryptocurrency"]}
{"id": 1104421067563495424, "date": "2019-03-09", "time": "11:37:56", "tweet": "@engadget They are only going to hurt themselves, without Musk Tesla will just be another car company with a normal car valuation , which means the stock will never ever climb to over 300.", "likes_count": 0, "replies_count": 0, "retweets_count": 0, "hashtags": []}
