{"id": 1195848544113983488, "date": "2019-11-16", "time": "18:38:05", "tweet": "After the coup, Tesla’s stock rose astronomically.", "likes_count": 0, "replies_count": 0, "retweets_count": 0, "hashtags": []}
{"id": 1195842652543111168, "date": "2019-11-16", "time": "18:14:40", "tweet": "@kconeal45 @adasomg @realDonaldTrump Nah. I’m more interested in the growing blockchain sector.  Tesla is my only stock though", "likes_count": 0, "replies_count": 0, "retweets_count": 0, "hashtags": []}
{"id": 1195824046631538689, "date": "2019-11-16", "time": "17:00:44", "tweet": "@GerberKawasaki @IBDinvestors Ross be careful the big banks need the stock price up.  To cover all the debt and stock used as collateral.    So earnings estimates need to be high or it all collapses. The banks can not afford that and will print Tesla $$$$ until they lose a major legal / safety claim", "likes_count": 0, "replies_count": 0, "retweets_count": 0, "hashtags": []}
{"id": 1195815631263870977, "date": "2019-11-16", "time": "16:27:18", "tweet": "@emc_hp It seems to me like financial media is alternating between boom and bust scenarios for Tesla in order to keep the stock in a rollercoaster which savvy investors can use to make money both on the up and down movements. Or, maybe it's just about creating drama to get clicks.", "likes_count": 0, "replies_count": 0, "retweets_count": 0, "hashtags": []}
{"id": 1195805708907773952, "date": "2019-11-16", "time": "15:47:52", "tweet": "@InsideEVs Mannnn...they might as well buy stock in Tesla...😁", "likes_count": 2, "replies_count": 0, "retweets_count": 0, "hashtags": []}
{"id": 1195805049659768833, "date": "2019-11-16", "time": "15:45:15", "tweet": "@tesla_raj When Tesla stock doubles from current level I’m gonna get the performance variant. Free!", "likes_count": 2, "replies_count": 0, "retweets_count": 0, "hashtags": []}
{"id": 1195803067750309888, "date": "2019-11-16", "time": "15:37:22", "tweet": "@elonmusk Long shot, but could I please have an invite?  I'm a huge Tesla fan, supporter and now an owner of Model 3.  Also own some stock. :)", "likes_count": 0, "replies_count": 0, "retweets_count": 0, "hashtags": []}
{"id": 1195799651628322821, "date": "2019-11-16", "time": "15:23:48", "tweet": "Tesla..What Can You Say!! #tesla #tsla #stock #stockmarket #options #money #cars #tech #technology  https://t.co/IdEvvJNM55", "likes_count": 0, "replies_count": 0, "retweets_count": 0, "hashtags": ["tesla", "tsla", "stock", "stockmarket", "options", "money", "cars", "tech", "technology"]}
{"id": 1195796630919876610, "date": "2019-11-16", "time": "15:11:48", "tweet": "Why Tesla (TSLA) Stock Can Continue to Climb Going Forward | InvestorPlace  https://t.co/HgxVNCXHIf #ai #ml #dl", "likes_count": 0, "replies_count": 1, "retweets_count": 1, "hashtags": ["ai", "ml", "dl"]}
{"id": 1195796255969955841, "date": "2019-11-16", "time": "15:10:18", "tweet": "@GerberKawasaki @Gfilche Sir, What would be tesla stock price in 10 years?", "likes_count": 0, "replies_count": 2, "retweets_count": 0, "hashtags": []}
{"id": 1195792387261566981, "date": "2019-11-16", "time": "14:54:56", "tweet": "@TalkTesla2Me @elonmusk @TesLatino @Tesla @teslaownersSV @28delayslater @Hein_The_Slayer @LikeTeslaKim @HogDexter @TeslaJoy @tesla_raj Mudding would be the coolest but that probably wouldn’t be the best demo in stock configuration.", "likes_count": 1, "replies_count": 0, "retweets_count": 0, "hashtags": []}
{"id": 1195789372756504576, "date": "2019-11-16", "time": "14:42:57", "tweet": "@tedstein @BomsteinRick @Andreas_Hopf @MStradeur @Marshmall0wpeep They discussed Tesla and their concerns at the beginning. After five minutes they present their top stock picks. They start with Daimler and the second tip is Tesla (mit kidding). They repeat one or two of the concerns but explain that the analysts have a buy rating. 😂", "likes_count": 1, "replies_count": 1, "retweets_count": 0, "hashtags": []}
{"id": 1195781489247621127, "date": "2019-11-16", "time": "14:11:38", "tweet": "Tesla stock drops as Elon Musk should invent a bigger version of his daughter.", "likes_count": 0, "replies_count": 0, "retweets_count": 0, "hashtags": []}
{"id": 1195780728488943617, "date": "2019-11-16", "time": "14:08:36", "tweet": "@Peter_Atwater is it like; . Twitter's stock price is still not low although it can not generate income as it can not take too many ads in people's timeline . Tesla, IMO, is a bankrupted but a floating company on surface as it markets &amp; sells its narrative well. Its share price still not low", "likes_count": 0, "replies_count": 0, "retweets_count": 0, "hashtags": []}
{"id": 1195780716262354946, "date": "2019-11-16", "time": "14:08:33", "tweet": "@ValueAnalyst1 @Tesla When we were in the Tesla showroom, my wife sat in the car and I noticed she was giggling. That’s when the first lightbulb went on for me. Eventually I realized the vast majority of people have no idea what this thing is. That’s when I loaded the fuck up in stock.", "likes_count": 4, "replies_count": 1, "retweets_count": 0, "hashtags": []}
{"id": 1195777941881311239, "date": "2019-11-16", "time": "13:57:32", "tweet": "After Morales Ousted in Coup, the Lithium Question Looms Large in Bolivia -  After the coup, Tesla’s stock rose astronomically.  https://t.co/GbkcWAWdv5 via @commondreams", "likes_count": 0, "replies_count": 0, "retweets_count": 1, "hashtags": []}
{"id": 1195769449825153027, "date": "2019-11-16", "time": "13:23:47", "tweet": "@OppayahTwitR @ValueAnalyst1 I just say about importance of timing for investor perspective. Tesla having this 200-350 corridor for a few years now. So yes i agree 2020 could be great but there are some risks of financial crisis that could send all stock to dive deep for few years", "likes_count": 0, "replies_count": 0, "retweets_count": 0, "hashtags": []}
{"id": 1195768144125661185, "date": "2019-11-16", "time": "13:18:36", "tweet": "@lorakolodny @TESLAcharts Thanks to $TSLAQ I’ve now made 65% on Tesla stock within less than a year. Love you guys 😁😎", "likes_count": 2, "replies_count": 0, "retweets_count": 0, "hashtags": []}
{"id": 1195762939820728320, "date": "2019-11-16", "time": "12:57:55", "tweet": "Are you invested in Tesla? Let's connect.   https://t.co/oi8v0amRdU  #Tesla  #Stock  #StockMarket  https://t.co/DVGz5KvrYF", "likes_count": 0, "replies_count": 0, "retweets_count": 1, "hashtags": ["tesla", "stock", "stockmarket"]}
{"id": 1195760555447013376, "date": "2019-11-16", "time": "12:48:27", "tweet": "Insider Selling: Tesla Inc $TSLA CAO Sells 452 Shares of Stock  https://t.co/FbD563fg6F", "likes_count": 0, "replies_count": 0, "retweets_count": 0, "hashtags": []}
{"id": 1195757509077692417, "date": "2019-11-16", "time": "12:36:20", "tweet": "@realDonaldTrump Donnie, Donnie, Donnie, how often must you be reminded that this doesn't mean S**t to the average American. 85+% of all securities are held by about 10% of the population. This means your Rich AH Buddies get Richer. If my $20K in stock doubles, I still can't get a TESLA.", "likes_count": 0, "replies_count": 0, "retweets_count": 0, "hashtags": []}
{"id": 1195753954765881352, "date": "2019-11-16", "time": "12:22:13", "tweet": "@carterforva @TheSpaniard14 You can really replace \"Tesla Stock\" with \" * Stock\" and it still scans.", "likes_count": 0, "replies_count": 0, "retweets_count": 0, "hashtags": []}
{"id": 1195751412510146561, "date": "2019-11-16", "time": "12:12:07", "tweet": "@pulte Do you own a Tesla and have stock in the company?  Curious.  What is a homeless person gonna do with a Tesla?  How is that helping when they can even afford the insurance on one?  Let’s be real.", "likes_count": 0, "replies_count": 1, "retweets_count": 0, "hashtags": []}
{"id": 1195746577761132545, "date": "2019-11-16", "time": "11:52:54", "tweet": "@OppayahTwitR @ValueAnalyst1 You probably right in long run- 5years+ but if you look for tesla stock for last 5 years investors didnt earn a lot, actually they loose alternative profit opportunities. All depends what is your entrance point", "likes_count": 1, "replies_count": 1, "retweets_count": 0, "hashtags": []}
{"id": 1195741001668841472, "date": "2019-11-16", "time": "11:30:45", "tweet": "@Martini_Patrick @KimberlyNFoster Tesla wasn't. Westinghouse wasn't. And I'm unsure if you're sure how investing works but companies are started in garages but scaling isn't possible with massive amounts of capital. And if you take everyone's money the stock would be spread so thin there would be no direction.", "likes_count": 0, "replies_count": 1, "retweets_count": 0, "hashtags": []}
{"id": 1195737527384236033, "date": "2019-11-16", "time": "11:16:56", "tweet": "My child bought stock in Tesla, UPS and Snapchat a couple months ago and idk why those were her 3 choices", "likes_count": 0, "replies_count": 0, "retweets_count": 0, "hashtags": []}
{"id": 1195720602482618373, "date": "2019-11-16", "time": "10:09:41", "tweet": "@Insurmountabl1 @elonmusk @Tesla I like the idea.. but might suck to get a car and have to drive for ages to get the performance it has i stock. Maybe for software \"goodies\"?  Performance upgrades has to be easy: Drive on autopilot for 30 minutes to \"level-up\", or something basic.", "likes_count": 0, "replies_count": 1, "retweets_count": 0, "hashtags": []}
{"id": 1195716476159844353, "date": "2019-11-16", "time": "09:53:17", "tweet": "@elonmusk Tesla model S with personalized license plate in Belgium 😆 not mine unfortunately but happy to have one Tesla stock market share  https://t.co/vWIBpQjK3N", "likes_count": 0, "replies_count": 0, "retweets_count": 0, "hashtags": []}
{"id": 1195715215641448449, "date": "2019-11-16", "time": "09:48:17", "tweet": "@TheTeslaShow Really worried the cyber truck isn’t going to be mainstream enough. Tesla has created an unbelievable brand that could turn quickly if the truck is a laughing stock to most buyers.", "likes_count": 0, "replies_count": 1, "retweets_count": 0, "hashtags": []}
{"id": 1195710006043316224, "date": "2019-11-16", "time": "09:27:35", "tweet": "Tesla's setting up for a strong 2020 that could send the stock to an all time high, according to Jefferies (TSLA) #socialmedia #digitalmarketing  https://t.co/13cAmyUwGT", "likes_count": 0, "replies_count": 0, "retweets_count": 0, "hashtags": ["socialmedia", "digitalmarketing"]}
{"id": 1195707394694746112, "date": "2019-11-16", "time": "09:17:12", "tweet": "@5x5Extreme @Tesla ... initially looked like Morales had won; the coup wasn't until much later.   Tesla's stock spiked because it posted an unexpected profit, moved up the date of Model Y production, gigafactory3 nearly ready, mass production of its solar roof product, and a ton of other huge news.", "likes_count": 1, "replies_count": 0, "retweets_count": 0, "hashtags": []}
{"id": 1195707010794299393, "date": "2019-11-16", "time": "09:15:41", "tweet": "@5x5Extreme @Tesla I've seen this sort of nonsense circulating that Tesla's stock spike was due to the coup in Bolivia.  Only a person who has never followed Tesla could believe that. Apart from all of the above: Tesla's stock spiked aftermarket on 23 Oct. Bolivia's election was o 24 Oct, and it...", "likes_count": 1, "replies_count": 1, "retweets_count": 0, "hashtags": []}
{"id": 1195698309345746945, "date": "2019-11-16", "time": "08:41:06", "tweet": "@bonnienorman My dad thought my tesla was made in Japan. May not have been best person for stock advice", "likes_count": 24, "replies_count": 1, "retweets_count": 0, "hashtags": []}
{"id": 1195686997777666048, "date": "2019-11-16", "time": "07:56:09", "tweet": "@mattclubb @Tesla If ordering M3 has been so problematic, y would u think ownership will not be just as bad or worse?   #TeslaServiceIssues  #teslaqualityissues   $Tsla loses so much $ they can't support service. They put all their resources into reveals to game stock price to keep raising capital", "likes_count": 0, "replies_count": 0, "retweets_count": 0, "hashtags": ["teslaserviceissues", "teslaqualityissues"]}
{"id": 1195637025082208256, "date": "2019-11-16", "time": "04:37:35", "tweet": "$TSLA in Downtrend: its price may drop because broke its higher Bollinger Band on October 24, 2019. View odds for this and other indicators:  https://t.co/qwWCG3b0iW #Tesla #stockmarket #stock #technicalanalysis #money #trading #investing #daytrading #news #today  https://t.co/9lXXwMRrUy", "likes_count": 0, "replies_count": 0, "retweets_count": 0, "hashtags": ["tesla", "stockmarket", "stock", "technicalanalysis", "money", "trading", "investing", "daytrading", "news", "today"]}
{"id": 1195632416079187969, "date": "2019-11-16", "time": "04:19:16", "tweet": "Tesla Inc $TSLA Director Sells $22,470,351.40 in Stock  https://t.co/zWMxVslm9S #markets", "likes_count": 0, "replies_count": 0, "retweets_count": 0, "hashtags": ["markets"]}
{"id": 1195632261569359872, "date": "2019-11-16", "time": "04:18:39", "tweet": "Tesla Stock Is Back From Oblivion – and Could Keep Climbing   https://t.co/ZGx7uT2kEU via @BarronsOnline", "likes_count": 0, "replies_count": 0, "retweets_count": 0, "hashtags": []}
{"id": 1195629249824083970, "date": "2019-11-16", "time": "04:06:41", "tweet": "@IslandHunting @antiprosynth @kaiynne @Shaughnessy119 @synthetix_io If buy a synthetic Tesla stock or ETH and it goes up who pay me for the upside?", "likes_count": 1, "replies_count": 2, "retweets_count": 0, "hashtags": []}
{"id": 1195625600792301568, "date": "2019-11-16", "time": "03:52:11", "tweet": "Tesla Stock Drops After Elon Musk’s Emotional Interview With The NYT  https://t.co/fPwoYjttZV  https://t.co/WpcUnY1FAF", "likes_count": 0, "replies_count": 0, "retweets_count": 0, "hashtags": []}
{"id": 1195612912146141184, "date": "2019-11-16", "time": "03:01:46", "tweet": "@elonmusk @cleantechnica What do you say to the people who claim the Bolivian regime change led to an uptick in Tesla stock?", "likes_count": 0, "replies_count": 0, "retweets_count": 0, "hashtags": []}
{"id": 1195583931774590976, "date": "2019-11-16", "time": "01:06:36", "tweet": "Why Artificial Intelligence Is a Secret Weapon for Tesla Stock - Why Artificial Intelligence Is  https://t.co/jlJuLj2kkZ #ai #intoAInews", "likes_count": 0, "replies_count": 0, "retweets_count": 1, "hashtags": ["ai", "intoainews"]}
{"id": 1195578202510548992, "date": "2019-11-16", "time": "00:43:50", "tweet": "@cleantechnica \"the continuous fluctuation of the stock keeps Tesla in the news—and for a company that doesn’t buy advertising,this is a good thing.The constant negative headlines attacking Tesla create more opportunities for owners and shareholders to start conversations that will lead to the", "likes_count": 5, "replies_count": 1, "retweets_count": 3, "hashtags": []}
{"id": 1195571956508065792, "date": "2019-11-16", "time": "00:19:01", "tweet": "New Car in stock - 2010 Tesla Roadster (Salvage)  https://t.co/w3puFTbZUd", "likes_count": 0, "replies_count": 0, "retweets_count": 0, "hashtags": []}
{"id": 1195569619911622656, "date": "2019-11-16", "time": "00:09:44", "tweet": "@nikoCSFB @McscNetwork 1/ Niko's vid re @tesla stock rise due to #BolivianCoup, bcs @evoespueblo refused ACISA lithium deal w/ plan to nationalize, needs corroboration, but hope @elonmusk discusses this &amp; EV mining's impacts in detail. The #GND wisely calls for switch from oil to EVs ASAP bcs climate", "likes_count": 0, "replies_count": 2, "retweets_count": 0, "hashtags": ["boliviancoup", "gnd"]}
{"id": 1195557189693399040, "date": "2019-11-15", "time": "23:20:21", "tweet": "Tesla Inc $TSLA CAO Sells $158,561.60 in Stock  https://t.co/rsD5AeaPBB #markets", "likes_count": 0, "replies_count": 0, "retweets_count": 0, "hashtags": ["markets"]}
{"id": 1195557186656702464, "date": "2019-11-15", "time": "23:20:20", "tweet": "Tesla Inc $TSLA CAO Sells $158,561.60 in Stock  https://t.co/UM4cJL4rfO #stocks", "likes_count": 1, "replies_count": 0, "retweets_count": 0, "hashtags": ["stocks"]}
{"id": 1195552475618648067, "date": "2019-11-15", "time": "23:01:37", "tweet": "@eddiemac3356 @RealPontane @bbm010 @TeedoubleA I presume one could argue that whatever the Tesla stock price is at any time, it could always be then higher at least by the amount wasted/transferred in fraudulently acquiring Solar Chity.", "likes_count": 1, "replies_count": 1, "retweets_count": 0, "hashtags": []}
{"id": 1195551661957226497, "date": "2019-11-15", "time": "22:58:23", "tweet": "If you don’t like Tesla cars, energy, goals, leadership, stock prices, whatever ... say your piece and/or keep scrolling. If you want to learn something, expose yourself to ideas that potentially oppose yours with humility. Try to understand them and then share your perspective.", "likes_count": 5, "replies_count": 1, "retweets_count": 0, "hashtags": []}
{"id": 1195549826097631232, "date": "2019-11-15", "time": "22:51:05", "tweet": "@Yogis_world1 Probably not directly, no. However, pretty sure that the German company that had signed an agreement with Bolivia to develop and extract lithium is the same company that supplies Tesla with its batteries. Which is why you could see the stock price go up when Evo was ousted.", "likes_count": 0, "replies_count": 0, "retweets_count": 0, "hashtags": []}
{"id": 1195549400619044867, "date": "2019-11-15", "time": "22:49:23", "tweet": ".@Tesla when will the 24’ wall connector be back in stock? I’m planning on buying them as Xmas gifts for everyone in my family! 🔌 ⚡️🌈", "likes_count": 0, "replies_count": 0, "retweets_count": 0, "hashtags": []}
{"id": 1195549108561498113, "date": "2019-11-15", "time": "22:48:14", "tweet": "Why Artificial Intelligence Is a Secret Weapon for Tesla Stock   https://t.co/3vehyAfPWB  https://t.co/GwQePo4oKo #ArtificialIntelligence #AI  https://t.co/DT15tTqFNK", "likes_count": 0, "replies_count": 0, "retweets_count": 1, "hashtags": ["artificialintelligence", "ai"]}
{"id": 1195546045263933440, "date": "2019-11-15", "time": "22:36:04", "tweet": "Why Artificial Intelligence Is a Secret Weapon for Tesla Stock -  https://t.co/IS8pZu9iev: Why Artificial Intelligence Is a Secret Weapon for Tesla Stock   https://t.co/IS8pZu9iev  https://t.co/sYU0iXOkEh #AI #artificialintelligence #CTO  https://t.co/1lAfBV8Cxb", "likes_count": 0, "replies_count": 0, "retweets_count": 0, "hashtags": ["ai", "artificialintelligence", "cto"]}
{"id": 1195544351847407618, "date": "2019-11-15", "time": "22:29:20", "tweet": "@elonmusk when will you start or buy a stock car racing team and win @NASCAR with a @Tesla?", "likes_count": 1, "replies_count": 0, "retweets_count": 0, "hashtags": []}
{"id": 1195505885411512320, "date": "2019-11-15", "time": "19:56:29", "tweet": "@eddiemac3356 @TeedoubleA Litigation zeros in clear numbers.  It’s why it is in court. Most likely: insider bond principle and interest, insider stock gains to date from conversion to Tesla Stock, and if the going concern opinion is valid, total stock consideration at acquisition.", "likes_count": 4, "replies_count": 0, "retweets_count": 0, "hashtags": []}
{"id": 1195505205258969088, "date": "2019-11-15", "time": "19:53:47", "tweet": "Tesla..What Can You Say!! #tesla #tsla #stock #stockmarket #options #money #cars #tech #technology  https://t.co/L3pi9e1Hqb", "likes_count": 0, "replies_count": 0, "retweets_count": 0, "hashtags": ["tesla", "tsla", "stock", "stockmarket", "options", "money", "cars", "tech", "technology"]}
{"id": 1195503586014367744, "date": "2019-11-15", "time": "19:47:20", "tweet": "Sweet sweet sweet glorious stock of Tesla😇🧡👍👏💴💰💲", "likes_count": 0, "replies_count": 0, "retweets_count": 0, "hashtags": []}
{"id": 1195502056506675201, "date": "2019-11-15", "time": "19:41:16", "tweet": "@NoHoldsStarBard @bestbets23 And Tesla stock prices shot up", "likes_count": 0, "replies_count": 0, "retweets_count": 0, "hashtags": []}
{"id": 1195499271216340992, "date": "2019-11-15", "time": "19:30:12", "tweet": "Just invested $1 into @Tesla stock📈 talk to me nice 😤🙏🏼", "likes_count": 2, "replies_count": 0, "retweets_count": 0, "hashtags": []}
{"id": 1195498642288914438, "date": "2019-11-15", "time": "19:27:42", "tweet": "@italianmaster @seriouswhip GM will sell 2,500,000 cars this quarter. Tesla's 88,000 is weak sauce, especially since Tesla's going to lose hundreds of millions of dollars. Again. Tesla will sell 3.5% as many cars as GM, but the market caps are very similar. Tesla stock is a bubble. Every time! $tsla $tslaq", "likes_count": 0, "replies_count": 2, "retweets_count": 0, "hashtags": []}
{"id": 1195498121582637061, "date": "2019-11-15", "time": "19:25:38", "tweet": "@John54436259 @cbra92 @seriouswhip Again, you think Tesla stock will drop, place your puts. Stop whining to me about it.  You're like the preacher out in the desert yelling at the sky. We don't care what you think but we enjoy your ranting.", "likes_count": 2, "replies_count": 0, "retweets_count": 0, "hashtags": []}
