{"id": 1200926336975622144, "date": "2019-11-30", "time": "18:55:25", "tweet": "@jimcramer Key things I have observed about Tesla.  Elon can produce the unexpected.   The company can raise more money.  Huge fans of Musk and the cars buy and hold stock.", "likes_count": 0, "replies_count": 0, "retweets_count": 0, "hashtags": []}
{"id": 1200920411438866433, "date": "2019-11-30", "time": "18:31:52", "tweet": "Why would you do customer research for a product that's designed to generate a stock pump via $100 fully-refundable \"deposits\"? $TSLA $TSLAQ  Also, since the Model 3 (unveiled 2016), Tesla has announced the Y, the Semi, and now the Cybertruck… but produced zero for sale… 🤔🤨", "likes_count": 1, "replies_count": 1, "retweets_count": 1, "hashtags": []}
{"id": 1200919358702264320, "date": "2019-11-30", "time": "18:27:41", "tweet": "Tesla reveals its electric Cybertruck — Five experts on what it does to the stock  https://t.co/48AwxaAK7R", "likes_count": 0, "replies_count": 0, "retweets_count": 0, "hashtags": []}
{"id": 1200903272627949569, "date": "2019-11-30", "time": "17:23:46", "tweet": "Tesla..What Can You Say!! #tesla #tsla #stock #stockmarket #options #money #cars #tech #technology  https://t.co/ERp5oTAQg7", "likes_count": 0, "replies_count": 0, "retweets_count": 0, "hashtags": ["tesla", "tsla", "stock", "stockmarket", "options", "money", "cars", "tech", "technology"]}
{"id": 1200893937545830400, "date": "2019-11-30", "time": "16:46:40", "tweet": "Trophy trucks and stock cars are beasts under fake skin, the CyberTruck is a raw beast! #Cybertruck #CYBRTRK #TeslaCyberTruck #Tesla #Cybertruckmemes  https://t.co/M5gPMK6KCh", "likes_count": 0, "replies_count": 0, "retweets_count": 0, "hashtags": ["cybertruck", "cybrtrk", "teslacybertruck", "tesla", "cybertruckmemes"]}
{"id": 1200892748859158528, "date": "2019-11-30", "time": "16:41:57", "tweet": "My son, @Spocks_Brian, may dunk on ‘Ole Musky a lot, but 90% of his inheritance is in Tesla stock, so he’s just joshin. Silly Boomer he is.", "likes_count": 1, "replies_count": 1, "retweets_count": 0, "hashtags": []}
{"id": 1200891825587990529, "date": "2019-11-30", "time": "16:38:17", "tweet": "Wait this isn’t stock, it’s an ev Tesla swapped Porsche rsr body, rwd 0-60 in 3 seconds flat #Tesla #cars #ElectricVehicles @AmeriCarnaTV  https://t.co/e3bbIo5tcC", "likes_count": 1, "replies_count": 0, "retweets_count": 0, "hashtags": ["tesla", "cars", "electricvehicles"]}
{"id": 1200874925587881984, "date": "2019-11-30", "time": "15:31:08", "tweet": "@AdamB1438 How about all the car dealerships which carry cars in stock, and hence also the debt \"on behalf\" of Ford &amp; Co. Tesla carry all this debt itself.  Its complex to do apples to apples.. You have a point I have a point.. lets call it even.   Please continue the discussion in $tslaq", "likes_count": 0, "replies_count": 0, "retweets_count": 0, "hashtags": []}
{"id": 1200870683976372230, "date": "2019-11-30", "time": "15:14:16", "tweet": "Tesla will continue to do amazing things. We continue buying small amounts of Tesla stock with a small percent of our portfolio as a buy-it-forget-it type of invesment. Tesla will continue developing technologies that way ahead of its time.", "likes_count": 0, "replies_count": 1, "retweets_count": 0, "hashtags": []}
{"id": 1200869932055121920, "date": "2019-11-30", "time": "15:11:17", "tweet": "Since the phoney Tesla truck was announced I've been a little obsessed with Tesla shadiness and also the people who seem to try and get the stock as high as possible to sell", "likes_count": 0, "replies_count": 0, "retweets_count": 0, "hashtags": []}
{"id": 1200859248801894401, "date": "2019-11-30", "time": "14:28:50", "tweet": "@manicm0ose @ShaveWithTully @TulsiGabbard @netflix @joerogan @elonmusk Joey Coco Diaz has already been convicted of Home Invasion and Kidnapping, SEC already has and still is investigating Elon Musk (and not for the stock pumping of Tesla Stock but for Paypal,) and you can go watch the hearings on Facebook. You're the one with a less then reasonable", "likes_count": 0, "replies_count": 0, "retweets_count": 0, "hashtags": []}
{"id": 1200853444694700032, "date": "2019-11-30", "time": "14:05:46", "tweet": "@robrobdean @Tesla @elonmusk @tesla_wa @AEVA_National CYBEROADHOUSE solar powered water capture and vertical hydroponic farm for fresh produce. Hemp beer as soil degradation stock resource product. Bamboo artifacts from charcoal and hobby plantations.", "likes_count": 1, "replies_count": 0, "retweets_count": 0, "hashtags": []}
{"id": 1200837290458640385, "date": "2019-11-30", "time": "13:01:35", "tweet": "@fiat_promises I think you’re reading into this a little much. I never recommend people buy the stock. I don’t own it myself. (Or the car) And I point out the unfairness in the Tesla vs Ford competition. I didn’t even hear about this website problem until your tweet.", "likes_count": 0, "replies_count": 0, "retweets_count": 0, "hashtags": []}
{"id": 1200837076184453124, "date": "2019-11-30", "time": "13:00:44", "tweet": "@CubicleWarrior_ @BradMunchen Traded float on Tesla is still pretty small as a proportion of the overall stock issue.   So it doesn't take all that much to move the price, partly explaining the massive volatility.   Obviously *something* is moving the stock.", "likes_count": 1, "replies_count": 1, "retweets_count": 0, "hashtags": []}
{"id": 1200833208285351936, "date": "2019-11-30", "time": "12:45:21", "tweet": "Get a free stock. Claim a stock now without investing ANY money first  https://t.co/oyz2oz4qf8 #teva #spce #GE #ford #tesla #wba #fit #apple #free", "likes_count": 0, "replies_count": 0, "retweets_count": 0, "hashtags": ["teva", "spce", "ge", "ford", "tesla", "wba", "fit", "apple", "free"]}
{"id": 1200832329326817280, "date": "2019-11-30", "time": "12:41:52", "tweet": "@fiat_promises Not sure how you consider that video pandering. But 70 million in marketing for a company with a bigger market cap than Ford (which spends 2.3 billion on marketing) is relatively “nothing”. I don’t own Tesla stock by the way.", "likes_count": 1, "replies_count": 0, "retweets_count": 0, "hashtags": []}
{"id": 1200819063791841286, "date": "2019-11-30", "time": "11:49:09", "tweet": "@Teslarati I will buy 5 call options that expires on 2021. Guarantee tesla stock will be $1,000 a share.  Problem solve.. i can buy my own tesla  https://t.co/1F6fcK84Y2", "likes_count": 0, "replies_count": 0, "retweets_count": 0, "hashtags": []}
{"id": 1200818038456627200, "date": "2019-11-30", "time": "11:45:05", "tweet": "It's November 30, 2019 at 11:45AM Get a free stock. Claim a stock now without investing ANY money first  https://t.co/OdskiYeB0J #teva #spce #GE #ford #tesla #wba #fit #apple", "likes_count": 0, "replies_count": 0, "retweets_count": 0, "hashtags": ["teva", "spce", "ge", "ford", "tesla", "wba", "fit", "apple"]}
{"id": 1200811527797739520, "date": "2019-11-30", "time": "11:19:12", "tweet": "$TSLA enters a Downtrend because Momentum Indicator dropped below the 0 level on November 22, 2019. View odds for this and other indicators:  https://t.co/WbcBBrp1rh #Tesla #stockmarket #stock #technicalanalysis #money #trading #investing #daytrading #news #today  https://t.co/xDJbCpHNND", "likes_count": 0, "replies_count": 0, "retweets_count": 0, "hashtags": ["tesla", "stockmarket", "stock", "technicalanalysis", "money", "trading", "investing", "daytrading", "news", "today"]}
{"id": 1200811455966257154, "date": "2019-11-30", "time": "11:18:55", "tweet": "@drmarkporter @BMWUK_ Hey Mark - if you want to look over pretty much any EV in the Cotswolds then we’ll know someone very happy to chat - from Twizy to Tesla. @cleevelyev in Cheltenham have a great stock of high quality used EVs.", "likes_count": 3, "replies_count": 0, "retweets_count": 0, "hashtags": []}
