{"id": 1203462666439688192, "date": "2019-12-07", "time": "18:53:53", "tweet": "@aspoerl1 @Socabouy @danahull @RMac18 You actively participate almost exclusively in Tesla shorting twitter groups deriding Tesla longs daily which the avg person could easily conclude you're pro shorting the stock. Yet I see no disclosure of any position on it. Strange for a CFA who seems solely obsessed with Tesla.", "likes_count": 0, "replies_count": 1, "retweets_count": 0, "hashtags": []}
{"id": 1203455092596363264, "date": "2019-12-07", "time": "18:23:47", "tweet": "Tesla..What Can You Say!! #tesla #tsla #stock #stockmarket #options #money #cars #tech #technology  https://t.co/yE68AFWeWW", "likes_count": 0, "replies_count": 0, "retweets_count": 0, "hashtags": ["tesla", "tsla", "stock", "stockmarket", "options", "money", "cars", "tech", "technology"]}
{"id": 1203453638691217408, "date": "2019-12-07", "time": "18:18:01", "tweet": "Tesla stock ‘bull case’ is $500 at Morgan Stanley - MarketWatch  https://t.co/N2pwBx10ip", "likes_count": 0, "replies_count": 0, "retweets_count": 0, "hashtags": []}
{"id": 1203450036522123264, "date": "2019-12-07", "time": "18:03:42", "tweet": "@elonmusk @Teslarati @tesla_raj @Tesla stock going around to all the “analysts” that doubted them. #JimChanos You’re the third one in this video.  https://t.co/epD9xo2szs", "likes_count": 27, "replies_count": 2, "retweets_count": 1, "hashtags": ["jimchanos"]}
{"id": 1203449112080846850, "date": "2019-12-07", "time": "18:00:01", "tweet": "@BarkMSmeagol What the tslaq idiots fail to recognize is that they have zero influence over the stock price and little influence over the increasing sales of Tesla cars.  The cars are bought by word of mouth advertising by happy owners and the stock price is controlled by LARGE investors.", "likes_count": 0, "replies_count": 0, "retweets_count": 0, "hashtags": []}
{"id": 1203448420834238464, "date": "2019-12-07", "time": "17:57:17", "tweet": "@stockolicious @stevenmarkryan @elonmusk @Gfilche @GerberKawasaki @flcnhvy @BenSullins @seanmmitchell @ev_stock @28delayslater @ValueAnalyst1 @Tesla Yes  I am not a big believer in diversifying for the sake of diversifying ==&gt; dilution of returns - might as well buy the index and stop thinking about individual stocks", "likes_count": 4, "replies_count": 0, "retweets_count": 0, "hashtags": []}
{"id": 1203440984710942722, "date": "2019-12-07", "time": "17:27:44", "tweet": "@atomicthumbs @getyrtrouserson @flglmn You don't own a Tesla, you really just rent it from the company. Whenever I read about Tesla, I want the stock not the car.", "likes_count": 1, "replies_count": 0, "retweets_count": 0, "hashtags": []}
{"id": 1203435037733077000, "date": "2019-12-07", "time": "17:04:06", "tweet": "@rocket_jenross @RMac18 @SEC_Enforcement And I'm tired of clickbait sites posting attacks against Tesla to manipulate the stock price. And so long as everyone can read his posts he will be just fine. The TSLAQ liars just can't post their lying garbage on every thread he posts. Win-win.", "likes_count": 1, "replies_count": 0, "retweets_count": 0, "hashtags": []}
{"id": 1203433320228503552, "date": "2019-12-07", "time": "16:57:16", "tweet": "Why I'm All-in On Tesla Stock  https://t.co/GzVN9keaT1 via @YouTube", "likes_count": 0, "replies_count": 0, "retweets_count": 0, "hashtags": []}
{"id": 1203431483710590976, "date": "2019-12-07", "time": "16:49:59", "tweet": "Could Tesla Hit $1000 by 2020? $tesla #teslastock #model3 #cybertruck   https://t.co/Do7p6SlSSi", "likes_count": 0, "replies_count": 0, "retweets_count": 0, "hashtags": ["teslastock", "model3", "cybertruck"]}
{"id": 1203425875062075393, "date": "2019-12-07", "time": "16:27:41", "tweet": "@eddiemac3356 @Tesla Okay. Big raise, no problem. Stock near record highs, bro.", "likes_count": 0, "replies_count": 0, "retweets_count": 0, "hashtags": []}
{"id": 1203410257994797056, "date": "2019-12-07", "time": "15:25:38", "tweet": "@elonmusk *Tesla stock plummets*", "likes_count": 7, "replies_count": 0, "retweets_count": 0, "hashtags": []}
{"id": 1203402926443638785, "date": "2019-12-07", "time": "14:56:30", "tweet": "Tesla stock ‘bull case’ is $500 at Morgan Stanley  https://t.co/6UyQW5nbaB", "likes_count": 0, "replies_count": 0, "retweets_count": 0, "hashtags": []}
{"id": 1203399015741698050, "date": "2019-12-07", "time": "14:40:58", "tweet": "@ray4tesla Hello. I often get asked,\"Why is it that Tesla still cannot sell and deliver Gig3, China-made Model 3's yet?\"  One wealthy friend is holding back on purchasing TSLA stock until Gig3 is delivering cars to happy customers.  Have you any information on this issue?", "likes_count": 1, "replies_count": 1, "retweets_count": 0, "hashtags": []}
{"id": 1203397068074536960, "date": "2019-12-07", "time": "14:33:13", "tweet": "@beninato @Tesla @elonmusk Recurring revenue to boost the stock price.", "likes_count": 0, "replies_count": 0, "retweets_count": 0, "hashtags": []}
{"id": 1203395870307143680, "date": "2019-12-07", "time": "14:28:28", "tweet": "@Petar_DRC @profgalloway @Tesla @SpaceX Twitter since Jack took over has WAY outperformed Tesla stock. 🙂  Don’t get me wrong, I’m a huge fan of Tesla and think it’s way undervalued. However short term stock price is no justification to fire a CEO. Galloway was all about firing Elon too earlier this year.", "likes_count": 0, "replies_count": 2, "retweets_count": 0, "hashtags": []}
{"id": 1203391342455513088, "date": "2019-12-07", "time": "14:10:28", "tweet": "Neil deGrasse Tyson calls on #ElonMusk to ditch Tesla and #invent #StarTrek's warp drive  https://t.co/LL7T39MllE #News   + Open Robinhood Financial  account ($0 minimum investment) and get valuable #company #stock for #free as sign-up #reward:   https://t.co/lhO8e0e43p ________", "likes_count": 0, "replies_count": 0, "retweets_count": 0, "hashtags": ["elonmusk", "invent", "startrek", "news", "company", "stock", "free", "reward"]}
{"id": 1203387768942018560, "date": "2019-12-07", "time": "13:56:16", "tweet": "@stevenmarkryan @elonmusk @Gfilche @GerberKawasaki @flcnhvy @jpr007 @BenSullins @seanmmitchell @ev_stock @28delayslater @ValueAnalyst1 @Tesla He was right about one concept - that is making money - you don't need to diversify if you invest in great companies with great products. $TSLA is one of those companies (Maybe the most disruptive I have seen)🤑👍🙏", "likes_count": 2, "replies_count": 1, "retweets_count": 0, "hashtags": []}
{"id": 1203382905189404672, "date": "2019-12-07", "time": "13:36:57", "tweet": "Great report on smart 2019 stock market calls by Tesla Bull @GerberKawasaki - by Marketwatch. Ross see Tesla stock doubling from current level.  https://t.co/67OKV60Iph", "likes_count": 0, "replies_count": 0, "retweets_count": 0, "hashtags": []}
{"id": 1203381383093276672, "date": "2019-12-07", "time": "13:30:54", "tweet": "Did Tesla mess up the showing on the cyber truck so the stock drops to reinvest so they can make billions more?", "likes_count": 0, "replies_count": 0, "retweets_count": 0, "hashtags": []}
{"id": 1203381297156104192, "date": "2019-12-07", "time": "13:30:33", "tweet": "@stevenmarkryan @elonmusk @Gfilche @GerberKawasaki @flcnhvy @jpr007 @BenSullins @seanmmitchell @ev_stock @28delayslater @ValueAnalyst1 @Tesla Fantastic!  Truth always wins out.", "likes_count": 0, "replies_count": 0, "retweets_count": 0, "hashtags": []}
{"id": 1203380090622619648, "date": "2019-12-07", "time": "13:25:45", "tweet": "@elonmusk Just ordered my cybertruck, i own a ford f150 raptor, i own a bit of tesla stock and will buy some ford stock in two years we will see which one comes on top, true apple to apple comparison", "likes_count": 0, "replies_count": 0, "retweets_count": 0, "hashtags": []}
{"id": 1203368351302479872, "date": "2019-12-07", "time": "12:39:07", "tweet": "@RussRiop @stevenmarkryan @elonmusk @Gfilche @GerberKawasaki @flcnhvy @jpr007 @BenSullins @seanmmitchell @ev_stock @28delayslater @ValueAnalyst1 @Tesla Great and insightful video. I was pretty much all in emotionally since 2012 and 100% financially in since I bought the Model 3 in July of last year.", "likes_count": 1, "replies_count": 0, "retweets_count": 0, "hashtags": []}
{"id": 1203368013946376193, "date": "2019-12-07", "time": "12:37:46", "tweet": "@hamids @profgalloway @Tesla @SpaceX @TwitterIR @jack @TwitterIR should be at $100 my friend , 13 years ?,really?,the only reason the stock moved up when @jack came was only a knee jerk reaction to see @dickc leave ,who also did shit and then @anthonynoto left for worse, @Snapchat has done more in 8 years, shame #fulltimeCEOnow", "likes_count": 4, "replies_count": 0, "retweets_count": 0, "hashtags": ["fulltimeceonow"]}
{"id": 1203362560197697537, "date": "2019-12-07", "time": "12:16:06", "tweet": "@hamids @profgalloway @Tesla @SpaceX I would argue that Musk is spread too thin. He should probably step away from Tesla. He has already almost been removed by SEC for stock manipulation. But Steve is a better example.", "likes_count": 2, "replies_count": 1, "retweets_count": 0, "hashtags": []}
{"id": 1203362170911641600, "date": "2019-12-07", "time": "12:14:33", "tweet": "@DamenToomey @TalkTesla2Me I am thinking combination of several options. Aggressively save, sale the few shares of TESLA stock I have, and/or put my Model 3 into RoboTaxi service.", "likes_count": 0, "replies_count": 0, "retweets_count": 0, "hashtags": []}
{"id": 1203358638091513856, "date": "2019-12-07", "time": "12:00:31", "tweet": "Desde la fundación de Tesla, el nuevo Cybertruck es el sexto modelo de vehículo eléctrico, ¿qué opinas este nuevo lanzamiento? #TRMX #BolsaMX #capital #stock #ClubdeTraders  https://t.co/6BxlkwAkyd", "likes_count": 9, "replies_count": 0, "retweets_count": 1, "hashtags": ["trmx", "bolsamx", "capital", "stock", "clubdetraders"]}
{"id": 1203358510786007042, "date": "2019-12-07", "time": "12:00:00", "tweet": "@ericsteiman True although $TSLA has been heavily shorted since the beginning despite the stock increasing 20X  After 500% losses to some shorts in 2013/14 $TSLA was still heavily shorted   Would be hilarious if what finally killed a bunch of them off was a strong solar roof ramp next year🙏", "likes_count": 9, "replies_count": 2, "retweets_count": 0, "hashtags": []}
{"id": 1203356940782493696, "date": "2019-12-07", "time": "11:53:46", "tweet": "Tesla..What Can You Say!! #tesla #tsla #stock #stockmarket #options #money #cars #tech #technology  https://t.co/ZnVlZx1k65", "likes_count": 1, "replies_count": 0, "retweets_count": 0, "hashtags": ["tesla", "tsla", "stock", "stockmarket", "options", "money", "cars", "tech", "technology"]}
{"id": 1203354818913472514, "date": "2019-12-07", "time": "11:45:20", "tweet": "It's December 07, 2019 at 11:45AM Get a free stock. Claim a stock now without investing ANY money first  https://t.co/OdskiYeB0J #teva #spce #GE #ford #tesla #wba #fit #apple", "likes_count": 0, "replies_count": 0, "retweets_count": 0, "hashtags": ["teva", "spce", "ge", "ford", "tesla", "wba", "fit", "apple"]}
{"id": 1203354063053709312, "date": "2019-12-07", "time": "11:42:20", "tweet": "@Beckstrand2020 @AOC Billionaires are the ones creating jobs.  Take Elon Musk for example.  All most all of his wealth is stock in Tesla and SpaceX.  You could divide up that wealth.   But it would probably cause those companies to die and you would end up with fewer jobs in the end.", "likes_count": 0, "replies_count": 0, "retweets_count": 0, "hashtags": []}
{"id": 1203353116219002881, "date": "2019-12-07", "time": "11:38:34", "tweet": "@option_surfer @hamids @CNBC @YahooFinance @Tesla @elonmusk The stock market disagrees with you.   We can all decide put our money on the line, either way. Time will tell.", "likes_count": 2, "replies_count": 0, "retweets_count": 0, "hashtags": []}
{"id": 1203351581497815040, "date": "2019-12-07", "time": "11:32:28", "tweet": "@stevenmarkryan @elonmusk @Gfilche @GerberKawasaki @flcnhvy @jpr007 @BenSullins @seanmmitchell @ev_stock @28delayslater @ValueAnalyst1 @Tesla Great video.  Thanks for posting.  Well done and agree 100%.", "likes_count": 1, "replies_count": 1, "retweets_count": 0, "hashtags": []}
{"id": 1203351347094941697, "date": "2019-12-07", "time": "11:31:32", "tweet": "@stevenmarkryan @elonmusk @Gfilche @GerberKawasaki @flcnhvy @jpr007 @BenSullins @seanmmitchell @ev_stock @28delayslater @ValueAnalyst1 @Tesla Best Tesla video ever made! Thanks", "likes_count": 1, "replies_count": 0, "retweets_count": 0, "hashtags": []}
{"id": 1203348878151565315, "date": "2019-12-07", "time": "11:21:44", "tweet": "Hi @elonmusk - I knew the premium connectivity freebie would come to an end, even for us MR line waiters. Bummer, but glad as a long term stock holder.  How about offering small discount - pay annually and get it for $99? #Tesla benefits from having money in the bank sooner...", "likes_count": 51, "replies_count": 2, "retweets_count": 5, "hashtags": ["tesla"]}
{"id": 1203348684299100160, "date": "2019-12-07", "time": "11:20:58", "tweet": "@SerranoReyMiami @profgalloway @Tesla @SpaceX @TwitterIR Twitter was declared dead when Jack became CEO.  Stock went to $13. It’s currently at $30, Twitter is now growing, extremely profitable and has tons of cash. Plus it’s doing the right things (like no political ads). I think the credit goes to @Jack, not the professor.", "likes_count": 24, "replies_count": 3, "retweets_count": 0, "hashtags": []}
{"id": 1203348584604655620, "date": "2019-12-07", "time": "11:20:34", "tweet": "@cazin678 @ddaeng_24x7 @DennisHouseTV @Tesla @CT_STATE_POLICE @WFSBnews Big picture and $TSLA lemmings really means if Elon can *Enron* the stock price to the break even point...", "likes_count": 3, "replies_count": 0, "retweets_count": 1, "hashtags": []}
{"id": 1203346120497221639, "date": "2019-12-07", "time": "11:10:46", "tweet": "@ElectrekCo @FredericLambert Also, I'll use my @Stash card and get tiny pieces of Tesla stock when I pay.", "likes_count": 0, "replies_count": 0, "retweets_count": 0, "hashtags": []}
{"id": 1203342441966911495, "date": "2019-12-07", "time": "10:56:09", "tweet": "@hamids @profgalloway @Tesla @SpaceX Yes, all of the CEOs you mentioned are doing it or did it , but look at the value of the stock and what they have done for share holders , @TwitterIR management and part time CEO have done nothing , 13 years have past and $29 per share ?, please , give the Proffesor some credit🤬", "likes_count": 11, "replies_count": 1, "retweets_count": 0, "hashtags": []}
{"id": 1203332503727230977, "date": "2019-12-07", "time": "10:16:40", "tweet": "@ev_stock @elonmusk @Gfilche @GerberKawasaki @flcnhvy @jpr007 @BenSullins @seanmmitchell @28delayslater @ValueAnalyst1 @Tesla Cheers dude!", "likes_count": 0, "replies_count": 0, "retweets_count": 0, "hashtags": []}
