{"id": 1122287993736372224, "date": "2019-04-27", "time": "19:54:43", "tweet": "As a reminder, Enron's peak valuation was 70 x earnings and 6 x BV....and then it imploded.  Tesla has NO EARNINGS, but it still trades at almost 10 x book value!!!  THERE IS NO FLOOR UNDER THE STOCK.  You seem like a good guy - I hope you dodge this train.", "likes_count": 0, "replies_count": 0, "retweets_count": 0, "hashtags": []}
{"id": 1122287120897458176, "date": "2019-04-27", "time": "19:51:15", "tweet": "Tesla's stock has returned 0% for 5 years.  0%  Enron's market cap was &gt; $60 billion right before it imploded.  The company traded at 70 x earnings and 6 x book value.  Tesla has NO EARNINGS and trades at 10 x book value.  It's about to implode too.", "likes_count": 0, "replies_count": 1, "retweets_count": 0, "hashtags": []}
{"id": 1122286698912722944, "date": "2019-04-27", "time": "19:49:34", "tweet": "Tesla has NO SUSTAINABLE COMPETITIVE ADVANTAGES.  Every auto maker on the planet trades at book value.  Tesla is failing.....and it trades at 10 x book value.  Book value = $25 per share (and falling.)  There is NO FLOOR under this stock.  90% downside.", "likes_count": 0, "replies_count": 0, "retweets_count": 0, "hashtags": []}
{"id": 1122286119205449729, "date": "2019-04-27", "time": "19:47:16", "tweet": "Ford passes Tesla as No. 2 U.S. car maker as stock goes on a tear  https://t.co/LQc5YKts2o", "likes_count": 0, "replies_count": 0, "retweets_count": 0, "hashtags": []}
{"id": 1122285869287690240, "date": "2019-04-27", "time": "19:46:16", "tweet": "Ford Stock Rises After Outperforming Expected Earnings, While Tesla Falls via @Entrepreneur   https://t.co/POlZ6oCkar", "likes_count": 0, "replies_count": 0, "retweets_count": 0, "hashtags": []}
{"id": 1122285234240749568, "date": "2019-04-27", "time": "19:43:45", "tweet": "@ace2blue @Tesla We come from hardy Upper Midwest stock.", "likes_count": 0, "replies_count": 0, "retweets_count": 0, "hashtags": []}
{"id": 1122279254794874882, "date": "2019-04-27", "time": "19:19:59", "tweet": "@BagholderQuotes @rocket_jenross @brodieferguson @RyanDoherty47 Unlike bears and bulls, I have no fixed position in any one stock, I change from week to week to capitalize on the trend I see. I do have an overall outlook on some stocks like Tesla, AMD, and NVIDIA, because it think it’s the future.", "likes_count": 0, "replies_count": 1, "retweets_count": 0, "hashtags": []}
{"id": 1122276239253786624, "date": "2019-04-27", "time": "19:08:00", "tweet": "Hey @nuclear94 - maybe it's time to jump in on a #Tesla.  @slashdot is reporting stock is sinking and maybe there's a fire sale on the cars soon:   https://t.co/Xco26fGN9h", "likes_count": 0, "replies_count": 1, "retweets_count": 0, "hashtags": ["tesla"]}
{"id": 1122272724099846144, "date": "2019-04-27", "time": "18:54:02", "tweet": "Tesla Stock Slumps Over 5% to Hit Lowest Price in Two Years  https://t.co/pH2e0J2kzR", "likes_count": 0, "replies_count": 0, "retweets_count": 0, "hashtags": []}
{"id": 1122266568141017088, "date": "2019-04-27", "time": "18:29:35", "tweet": "Fully Charged Tests Tesla Model 3 On Long-Distance Trip: Video  https://t.co/dgT0DYUtYO", "likes_count": 0, "replies_count": 0, "retweets_count": 0, "hashtags": []}
{"id": 1122265160226197504, "date": "2019-04-27", "time": "18:23:59", "tweet": "@Teslatunity Tesla taking poor lives, stock drops to 200 and every shit site is covering the news and brainless shorties celebrate", "likes_count": 3, "replies_count": 0, "retweets_count": 0, "hashtags": []}
{"id": 1122264842218422278, "date": "2019-04-27", "time": "18:22:43", "tweet": "By CCN: Tesla’s stock has broken through critical support, breaching a long-term range and falling 6% amid heavy selling confirmed by huge volumes. With Elon Musk facing a...  https://t.co/9rFJ3Cgnvn", "likes_count": 0, "replies_count": 0, "retweets_count": 0, "hashtags": []}
{"id": 1122260623524552707, "date": "2019-04-27", "time": "18:05:57", "tweet": "@eddiemac3356 @TeslaCharts @elonmusk The reflection of Tesla stock price this weekend must be driving enlo mad. @elonmusk do meme Review", "likes_count": 0, "replies_count": 0, "retweets_count": 0, "hashtags": []}
{"id": 1122258457892216838, "date": "2019-04-27", "time": "17:57:21", "tweet": "Ford Stock Rises After Outperforming Expected Earnings, While Tesla Falls  https://t.co/6jJHHAkpzy via @Entrepreneur  https://t.co/lAQl1lNOhD", "likes_count": 0, "replies_count": 0, "retweets_count": 0, "hashtags": []}
{"id": 1122254949931520000, "date": "2019-04-27", "time": "17:43:25", "tweet": "@elonmusk @TeslaCharts Provide a 'Funding secured' warning then, so nobody will loose money after #Tesla 's soon to be effected breakdown. The only fair stock price is 0,00. No real profit ever for Tesla.", "likes_count": 2, "replies_count": 1, "retweets_count": 0, "hashtags": ["tesla"]}
{"id": 1122247849427836928, "date": "2019-04-27", "time": "17:15:12", "tweet": "@jlemieu1 @Tesla Yes I’m already shorting Tesla and profitably. You should buy some more $tsla stock to own the shorts!", "likes_count": 0, "replies_count": 0, "retweets_count": 0, "hashtags": []}
{"id": 1122245554908667907, "date": "2019-04-27", "time": "17:06:05", "tweet": "@indiealexh @NuroDev @SciNimr @Tesla Interestingly, was looking at a new Model S and dealership was offering free lifetime supercharging as they were trying to shift 75D/100D stock cars.", "likes_count": 0, "replies_count": 1, "retweets_count": 0, "hashtags": []}
{"id": 1122240723187683328, "date": "2019-04-27", "time": "16:46:53", "tweet": "@Tesla Any dates for new stock on model 3 floor mats and model 3 roof racks? Sold out for a bit now. Thanks. #Tesla #model3 #accessories", "likes_count": 0, "replies_count": 0, "retweets_count": 0, "hashtags": ["tesla", "model3", "accessories"]}
{"id": 1122237977038659584, "date": "2019-04-27", "time": "16:35:58", "tweet": "Ford Stock Storms to Best Day in 10 Years &amp; Races Past Tesla Trainwreck  https://t.co/SPiEqMDpiP  https://t.co/7H17XKtUa4", "likes_count": 0, "replies_count": 0, "retweets_count": 0, "hashtags": []}
{"id": 1122230092862828545, "date": "2019-04-27", "time": "16:04:38", "tweet": "Best part? April 25th recommended buying Tesla stock. Less than 48 hours later and they're \"forced to sell\" 🤦‍♂️  https://t.co/4sVSAJK7vo", "likes_count": 0, "replies_count": 0, "retweets_count": 0, "hashtags": []}
