{"id": 1178090943276175363, "date": "2019-09-28", "time": "19:35:43", "tweet": "@heyredrose Don't forget driving the Tesla to Whole Foods to stock up on white wine, kale, hummus, and cat food.", "likes_count": 1, "replies_count": 1, "retweets_count": 0, "hashtags": []}
{"id": 1178090450936352768, "date": "2019-09-28", "time": "19:33:46", "tweet": "Tesla Stock Fails Second Attempt to Mount New Resistance  https://t.co/ljmTJu74uK via @Investopedia", "likes_count": 0, "replies_count": 0, "retweets_count": 0, "hashtags": []}
{"id": 1178090231142244353, "date": "2019-09-28", "time": "19:32:53", "tweet": "@GeoConservative @luisbaram @AGW1111 @elonmusk Tesla doesnt transport cars and its an 18 so it was prebuilt and it even says it in the article. I went to buy a tesla, i have all the details of new and preowned or built stock, some of which were ordered for other customers and returned or never picked up. And damaged on ship", "likes_count": 0, "replies_count": 1, "retweets_count": 0, "hashtags": []}
{"id": 1178087403157897217, "date": "2019-09-28", "time": "19:21:39", "tweet": "Tesla, Inc. (NASDAQ:TSLA) stock surges on leaked Musk email seeing shot at 100,000-delivery quarter - Live Trading News  https://t.co/x6M9rYiiDc via @livetradingnews", "likes_count": 0, "replies_count": 0, "retweets_count": 0, "hashtags": []}
{"id": 1178079388560056320, "date": "2019-09-28", "time": "18:49:48", "tweet": "$TSLA's in Downtrend: Moving Average Convergence Divergence (MACD) Histogram just turned negative. View odds for this and other indicators:  https://t.co/G8rzvSQxsf #Tesla #stockmarket #stock #technicalanalysis #money #trading #investing #daytrading #news #today  https://t.co/bwIVQNkObC", "likes_count": 0, "replies_count": 1, "retweets_count": 0, "hashtags": ["tesla", "stockmarket", "stock", "technicalanalysis", "money", "trading", "investing", "daytrading", "news", "today"]}
{"id": 1178074671461175297, "date": "2019-09-28", "time": "18:31:03", "tweet": "@mithunoorath @A11electric @DavidFe83802184 @TeslaTested @teslaownersSV @Model3Owners @LikeTeslaKim @TesLatino But that stock has the most volatility. Just saw the union conviction on tesla. Which every corporation has tried to stop their employee going to union. But it’s tesla, so they are just evil. And I need to find a way to tie this to the chinese. So I’m more patriotic", "likes_count": 0, "replies_count": 1, "retweets_count": 0, "hashtags": []}
{"id": 1178070567460769792, "date": "2019-09-28", "time": "18:14:45", "tweet": "People should realize that $TSLA smart summon isn’t ready at all. @elonmusk released it so Tesla can recognize deferred FSD revenues to make their 3rd quarter results look better. Longer term a mistake of course but Tesla stock can’t survive another $500m loss this quarter.", "likes_count": 2, "replies_count": 0, "retweets_count": 0, "hashtags": []}
{"id": 1178064535795699712, "date": "2019-09-28", "time": "17:50:47", "tweet": "@i1Tesla @marc_benton @Teslarati @TeslaJoy Great clip. That is what Tesla cart and stock owners will do when the BK filing comes through and their carts freeze up as mother computer shuts down", "likes_count": 0, "replies_count": 2, "retweets_count": 0, "hashtags": []}
{"id": 1178062516804435968, "date": "2019-09-28", "time": "17:42:46", "tweet": "Trying not to get my butt kicked, after inadvertently taking someone’s spot/charging stall...!  Beautiful fellow charger’s car - certainly not stock. #Tesla #teslasupercharger  https://t.co/wNWVKHlIzN", "likes_count": 0, "replies_count": 0, "retweets_count": 0, "hashtags": ["tesla", "teslasupercharger"]}
{"id": 1178060926194503682, "date": "2019-09-28", "time": "17:36:26", "tweet": "@AndrewBKin @TweetSoCrazy @teslainvernon Sure I admit it. Longs proudly tout the stock like it was manna from heaven. I am not against electric cars if people can accept range anxiety and possibly polluting battery waste. I'm just against lying musk and thus Tesla", "likes_count": 0, "replies_count": 0, "retweets_count": 0, "hashtags": []}
{"id": 1178049509072474114, "date": "2019-09-28", "time": "16:51:04", "tweet": "@AndrewBKin @TweetSoCrazy @teslainvernon I don't do Twitter for much other than Tesla. I saw years ago that Tesla could not survive as a viable business from my knowledge of the industry I am proudly short Tesla stock and naked call options at the moment. Working as I predicted", "likes_count": 0, "replies_count": 1, "retweets_count": 0, "hashtags": []}
{"id": 1178046259724083200, "date": "2019-09-28", "time": "16:38:10", "tweet": "Woohoo!! Big congratulation to my buddy Michael 🎉🙌🏻💯  Now you are an official Tesla owner, super happy for you brother👊🏻💪🏻  Btw, he just told me that his very first “Tesla accessory” he recently bought is $TSLA stock 😂🤜🏻🤛🏻(smart)  #Tesla #ModelX  https://t.co/emyElV4d5H", "likes_count": 327, "replies_count": 17, "retweets_count": 20, "hashtags": ["tesla", "modelx"]}
{"id": 1178041030819500032, "date": "2019-09-28", "time": "16:17:23", "tweet": "@A11electric @DavidFe83802184 @mithunoorath @TeslaTested @teslaownersSV @Model3Owners @LikeTeslaKim @TesLatino I’m shorting tesla stock, so it’s ways Tesla’s fault!", "likes_count": 0, "replies_count": 1, "retweets_count": 0, "hashtags": []}
{"id": 1178036659046277122, "date": "2019-09-28", "time": "16:00:01", "tweet": "LABOR LAW VIOLATION: A tweet from Elon Musk saying Tesla employees attempting to unionize would lose stock options was ruled to be a violation of labor law.  https://t.co/VZCvdhTaIi", "likes_count": 4, "replies_count": 0, "retweets_count": 2, "hashtags": []}
{"id": 1178035400000053248, "date": "2019-09-28", "time": "15:55:00", "tweet": "\"CEO Elon Musk violated national labor laws when he implied via tweet that Tesla workers who unionized would have to give up their company stock options\"   https://t.co/gt5hcz5O9q  #keepthetalk #tesla #labor", "likes_count": 2, "replies_count": 0, "retweets_count": 1, "hashtags": ["keepthetalk", "tesla", "labor"]}
{"id": 1178035091378978818, "date": "2019-09-28", "time": "15:53:47", "tweet": "Tesla..What Can You Say!! #tesla #tsla #stock #stockmarket #options #money #cars #tech #technology  https://t.co/NXraF9fxQR", "likes_count": 0, "replies_count": 1, "retweets_count": 0, "hashtags": ["tesla", "tsla", "stock", "stockmarket", "options", "money", "cars", "tech", "technology"]}
{"id": 1178021801940717568, "date": "2019-09-28", "time": "15:00:58", "tweet": "Osvaldo González estaba más adelantado que Tesla... a la FIFA...", "likes_count": 24, "replies_count": 9, "retweets_count": 0, "hashtags": []}
{"id": 1178019787546476544, "date": "2019-09-28", "time": "14:52:58", "tweet": "@MMelinot @vincent13031925 @jurjenkers @mortenlund89 They’re just trying to manipulate the stock market to their financial advantage.....it’s not working though.....too many Tesla owners are buying their second and third Teslas....nothing says satisfaction more...then a repeat purchase 😁", "likes_count": 1, "replies_count": 0, "retweets_count": 0, "hashtags": []}
{"id": 1178008230846320640, "date": "2019-09-28", "time": "14:07:03", "tweet": "A Look at the Numbers for These Stocks: Tesla, Inc. (NasdaqGS:TSLA), Capital One Financial Corporation (NYSE:COF) - Stock News Brief  https://t.co/WDYu4gA3Tz dlvrit #Tesla", "likes_count": 0, "replies_count": 0, "retweets_count": 0, "hashtags": ["tesla"]}
{"id": 1178001712088436737, "date": "2019-09-28", "time": "13:41:09", "tweet": "@JBNielsen1985 IMO... it’s become a “show me” stock. Tesla has to further execute to march higher... despite all proving they’ve done so far... in the end the fundamentals of the company will win out over any narrative.", "likes_count": 0, "replies_count": 0, "retweets_count": 0, "hashtags": []}
{"id": 1178000141829234689, "date": "2019-09-28", "time": "13:34:54", "tweet": "$AAPL $ADCT $AEO - Stocks To Watch: Spotlight On Microsoft, Tesla And Xilinx. Read more and get updates on any stock!  https://t.co/kjoTvRXmlk #investing #trading #finance", "likes_count": 3, "replies_count": 0, "retweets_count": 0, "hashtags": ["investing", "trading", "finance"]}
{"id": 1177995940839481345, "date": "2019-09-28", "time": "13:18:13", "tweet": "All the bear scenarios of \"Tesla-killers\", demand problems, the SEC, losses, etc have not materialized, yet the stock price is lower. Why is the stock price not a lot higher? $TSLA", "likes_count": 1, "replies_count": 2, "retweets_count": 0, "hashtags": []}
{"id": 1177988023704793088, "date": "2019-09-28", "time": "12:46:45", "tweet": "@Cameron00505690 @eiddor @elonmusk @Tesla You are comparing a 5,000 lb. vehicle operating on public roads with an Amazon Alexa. You're probably long on Tesla stock. Because The Mission.", "likes_count": 1, "replies_count": 1, "retweets_count": 0, "hashtags": []}
{"id": 1177983051135102978, "date": "2019-09-28", "time": "12:26:59", "tweet": "@DonnaSchlemmer @ewarren Resist what!? Low unemployment, record stock market, right to try, VA accountability and choice, prison reform, tax cut, improved trade deals, ousting crooked politicians...wtf? That phrase came out when he won. Now that his policies are obviously working, it sounds so ignorant", "likes_count": 0, "replies_count": 1, "retweets_count": 0, "hashtags": []}
{"id": 1177978213211000834, "date": "2019-09-28", "time": "12:07:46", "tweet": "Tesla $TSLA Stock Price Up 6.1%  https://t.co/xgtiuhQF3d #stocks", "likes_count": 0, "replies_count": 0, "retweets_count": 0, "hashtags": ["stocks"]}
{"id": 1177978208001675264, "date": "2019-09-28", "time": "12:07:45", "tweet": "Tesla $TSLA Stock Price Up 6.1%  https://t.co/BpNDnakZTf", "likes_count": 0, "replies_count": 0, "retweets_count": 0, "hashtags": []}
{"id": 1177977785941282817, "date": "2019-09-28", "time": "12:06:04", "tweet": "Elon Musk Says Tesla (TSLA) to Cut 7% of Staff; Stock Slumps - Bloomberg  https://t.co/dtH9aG2MAM dlvrit #Tesla", "likes_count": 0, "replies_count": 0, "retweets_count": 0, "hashtags": ["tesla"]}
{"id": 1177977173489192967, "date": "2019-09-28", "time": "12:03:38", "tweet": "Tesla $TSLA Stock Price Up 6.1%  https://t.co/c58DsAD4Rt #markets", "likes_count": 0, "replies_count": 0, "retweets_count": 0, "hashtags": ["markets"]}
{"id": 1177970333787316231, "date": "2019-09-28", "time": "11:36:27", "tweet": "Tesla Inc. (Nasdaq: TSLA): Is there Value in Tesla Stock? Invest or Not? Read More Now #SaturdayMorning #SHULIV #BeforeJoiningTwitter #askqueen #OrangeCrush #AskSuperM  https://t.co/HT0zAYk9FH", "likes_count": 0, "replies_count": 0, "retweets_count": 0, "hashtags": ["saturdaymorning", "shuliv", "beforejoiningtwitter", "askqueen", "orangecrush", "asksuperm"]}
{"id": 1177969591546458113, "date": "2019-09-28", "time": "11:33:30", "tweet": "$TSLA - Tesla News: Truth Vs. Reality. Follow this and any other stock on Seeking Alpha!  https://t.co/F26PgRCKml #stockmarket #business #stocks", "likes_count": 0, "replies_count": 0, "retweets_count": 0, "hashtags": ["stockmarket", "business", "stocks"]}
{"id": 1177969533237284864, "date": "2019-09-28", "time": "11:33:16", "tweet": "Administrative Law Judge Amita Baman Tracy found that CEO Elon Musk violated national labor laws when he implied via tweet that Tesla workers who unionized would have to give up their company stock options.", "likes_count": 0, "replies_count": 1, "retweets_count": 0, "hashtags": []}
{"id": 1177961419251171328, "date": "2019-09-28", "time": "11:01:02", "tweet": "@mulos Tesla has fanatical followers and investors. Tesla's biggest problem is Elon Musk. As brilliant as he is, he's not a good CEO. I've personally never traded or invested in Tesla stock because their business model doesn't make sense to me. They keep missing delivery deadlines.", "likes_count": 1, "replies_count": 1, "retweets_count": 0, "hashtags": []}
{"id": 1177952440026619905, "date": "2019-09-28", "time": "10:25:21", "tweet": "@StonkBro @acbarr819 @Tesla @elonmusk Lol what is the difference between you asking and me?  The difference is I didn't bring the stock into it, you did.", "likes_count": 0, "replies_count": 1, "retweets_count": 0, "hashtags": []}
{"id": 1177926213114839040, "date": "2019-09-28", "time": "08:41:08", "tweet": "$AAPL $ADCT $AEO - Stocks To Watch: Spotlight On Microsoft, Tesla And Xilinx. Read more and get updates on any stock!  https://t.co/zvp5s3TNpe #investing #trading #markets", "likes_count": 0, "replies_count": 0, "retweets_count": 0, "hashtags": ["investing", "trading", "markets"]}
{"id": 1177922053493739522, "date": "2019-09-28", "time": "08:24:36", "tweet": "“That puts the stock in a vul­ner­a­ble po­si­tion. Tesla shares trade at about 150 times for­ward earn­ings es­ti­mates, ac­cord­ing to Fact­Set. A typ­i­cal auto maker sells for 10 times or less.”  https://t.co/lkvB5aA6GL", "likes_count": 0, "replies_count": 0, "retweets_count": 0, "hashtags": []}
{"id": 1177908695608496128, "date": "2019-09-28", "time": "07:31:32", "tweet": "@mg57297895 Yeah.. $TSLA is a bubble all right. It’s selling less cars from year to year but stock price keeps doubling. I wonder if people around the world are buying Tesla bc bubble is going to burst soon and car is going to become collectible item. Why couldn’t I see this bankruptcy? 😂", "likes_count": 0, "replies_count": 1, "retweets_count": 0, "hashtags": []}
{"id": 1177907892290310144, "date": "2019-09-28", "time": "07:28:20", "tweet": "Why Tesla Stock Jumped Thursday  https://t.co/b0ygj6S3bE", "likes_count": 0, "replies_count": 0, "retweets_count": 0, "hashtags": []}
{"id": 1177904210701979649, "date": "2019-09-28", "time": "07:13:42", "tweet": "$TSLA Tesla Inc. Stock Robo Analyst September 28 2019 #TSLA  https://t.co/MIWuatARf0", "likes_count": 0, "replies_count": 0, "retweets_count": 0, "hashtags": ["tsla"]}
{"id": 1177903020446830593, "date": "2019-09-28", "time": "07:08:59", "tweet": "@Teslemmings @QLDPyrrhonist @Benshooter Yes, puts only. In part because I fear the stock will drop significantly once the crack happen. It could quickly go to 180-200 range. I did well on Tesla calls back in the $420 tweet days, riding $330 or so up to $380.", "likes_count": 2, "replies_count": 0, "retweets_count": 0, "hashtags": []}
{"id": 1177884666445078529, "date": "2019-09-28", "time": "05:56:03", "tweet": "It’s amazing that the people who make money when the #Tesla stock goes down are super duper worried about #EnhancedSummon.   Bonus: the same people that misinterpreted every Tesla accident as Autopilot’s fault see problems with every summon video.   Who will media use as sources?", "likes_count": 9, "replies_count": 2, "retweets_count": 1, "hashtags": ["tesla", "enhancedsummon"]}
