{"id": 1165410624354115584, "date": "2019-08-24", "time": "19:48:39", "tweet": "@RamLover69 @pughj1999 @elonmusk I love Cummins engines, have 3 vehicles with them. I bought stock in Tesla &amp; can’t wait until I get one.", "likes_count": 0, "replies_count": 0, "retweets_count": 0, "hashtags": []}
{"id": 1165407683161149440, "date": "2019-08-24", "time": "19:36:58", "tweet": "@TESLAcharts @elonmusk Since when is it anti-Tesla to be short the stock and point out various problems with the company, its products and its financials? I’m certainly not against its rank and file employees nor do I wish anyone to have a bad experience purchasing or driving its cars.", "likes_count": 2, "replies_count": 1, "retweets_count": 0, "hashtags": []}
{"id": 1165407463002083330, "date": "2019-08-24", "time": "19:36:06", "tweet": "Tesla Inc (TSLA) Mass Index Breaches Key Level - Stock News X  https://t.co/r2NJTu0D6C dlvrit #Tesla", "likes_count": 0, "replies_count": 0, "retweets_count": 0, "hashtags": ["tesla"]}
{"id": 1165401464291901446, "date": "2019-08-24", "time": "19:12:15", "tweet": "@wizard2416 @bushiname @Teslatunity @elonmusk @Tesla @Apple This has nothing to do with the stock price and everything to do with ”biting the hand that feeds you” it's simple business 101 - treating the customer right... Zero excuses", "likes_count": 1, "replies_count": 1, "retweets_count": 0, "hashtags": []}
{"id": 1165397418587774978, "date": "2019-08-24", "time": "18:56:11", "tweet": "@John50140083 @NesperMatt @Stevebility @Tesla @elonmusk Short what?  You think I'm against fElon because I'm shorting the stock?  I have NO financial interest in Tesla. Nor do I have a short position in any Co. &amp; never have.  I'm called a short so much, maybe I should be looking into it. 🤑  Have a great weekend!", "likes_count": 0, "replies_count": 0, "retweets_count": 0, "hashtags": []}
{"id": 1165395724533559296, "date": "2019-08-24", "time": "18:49:27", "tweet": "@pulte I’d pick either a Toyota RAV4 or a Ford Escape. Red/Burgundy color. I love my smaller SUV for my job hauling beauty dusty car stock. That Tesla won't work for my needs but it's cool.", "likes_count": 0, "replies_count": 0, "retweets_count": 0, "hashtags": []}
{"id": 1165393671484846081, "date": "2019-08-24", "time": "18:41:17", "tweet": "@PrisGonzalez_ @elonmusk @flcnhvy @Tesla Two types of investment\"i believe in this company and expect the price to go up at some point, ill buy &amp; hold\" VS \"im going to buy and sell the stock on the ups and downs\".If you are going to get scared and sell the stock if it goes down, then dont buy it as youd be losing money.", "likes_count": 0, "replies_count": 1, "retweets_count": 0, "hashtags": []}
{"id": 1165392481287983104, "date": "2019-08-24", "time": "18:36:34", "tweet": "Occidental Petroleum Corporation (NYSE:OXY), Tesla, Inc. (NasdaqGS:TSLA): Stock Earnings Analysis &amp; Valuation Update - Howe Daily  https://t.co/JWIwSUBnFC dlvrit #Tesla", "likes_count": 0, "replies_count": 0, "retweets_count": 0, "hashtags": ["tesla"]}
{"id": 1165383904452325377, "date": "2019-08-24", "time": "18:02:29", "tweet": "@tesla_truth @elonmusk Shhhhh.  I don't want my Li stock to go too high before I can buy more!", "likes_count": 1, "replies_count": 0, "retweets_count": 0, "hashtags": []}
{"id": 1165380585738706944, "date": "2019-08-24", "time": "17:49:18", "tweet": "She bounce that ass call it Tesla stock", "likes_count": 1, "replies_count": 0, "retweets_count": 0, "hashtags": []}
{"id": 1165378322672447488, "date": "2019-08-24", "time": "17:40:18", "tweet": "@elonmusk @Tesla my wife and I want to attend the Tesla pickup truck release.   We (insert shameless plea for favor) own a long range single motor model 3,  we are also stock holders and plan on purchasing the pickup.  https://t.co/5UvY3JbmEU", "likes_count": 0, "replies_count": 0, "retweets_count": 0, "hashtags": []}
{"id": 1165374162271178752, "date": "2019-08-24", "time": "17:23:46", "tweet": "Tesla..What Can You Say!! #tesla #tsla #stock #stockmarket #options #money #cars #tech #technology  https://t.co/97404ntFim", "likes_count": 0, "replies_count": 0, "retweets_count": 0, "hashtags": ["tesla", "tsla", "stock", "stockmarket", "options", "money", "cars", "tech", "technology"]}
{"id": 1165372823696814080, "date": "2019-08-24", "time": "17:18:27", "tweet": "@MKid12276995 @electroneum Hlobal stock exchanges are getting a beating and this is linked. Investors will be selling Crypto to grab real bargains with both stable dividend companies and growth opportunities like Lithium, @tesla. @electroneum is an awesome project so hopefully will have its day soon.", "likes_count": 1, "replies_count": 0, "retweets_count": 0, "hashtags": []}
{"id": 1165357252485607425, "date": "2019-08-24", "time": "16:16:34", "tweet": "@mrmoneymustache @AdamB1438 @Tesla PLEASE go buy a used Tesla. I can’t wait for you to experience their service and insurance costs. And I hope you’re holding a ton of their stock.", "likes_count": 0, "replies_count": 0, "retweets_count": 0, "hashtags": []}
{"id": 1165355373059923968, "date": "2019-08-24", "time": "16:09:06", "tweet": "@pulte All black Tesla Model 3", "likes_count": 1, "replies_count": 0, "retweets_count": 0, "hashtags": []}
{"id": 1165350142964305920, "date": "2019-08-24", "time": "15:48:19", "tweet": "@tesla_truth Yeah, I thought maybe I'd cash in on that $50 Hyundai test drive deal, but I found out I'd have to go to Humble, TX to try an Ioniq Electric since there's not a single one in stock in Houston. The car companies ostensibly make EVs, but the dealerships don't want to sell them.", "likes_count": 1, "replies_count": 0, "retweets_count": 0, "hashtags": []}
{"id": 1165342515924357120, "date": "2019-08-24", "time": "15:18:01", "tweet": "@PatPenn2 Please note:  This account has often promoted a short position in Tesla stock.", "likes_count": 0, "replies_count": 0, "retweets_count": 0, "hashtags": []}
{"id": 1165340745554944006, "date": "2019-08-24", "time": "15:10:59", "tweet": "@mrmoneymustache @Tesla I'm short the stock, and this is part of the reason why. Even when they do something great, they find a way to make sure the benefits never get home to the shareholders.", "likes_count": 2, "replies_count": 1, "retweets_count": 0, "hashtags": []}
{"id": 1165338096101023745, "date": "2019-08-24", "time": "15:00:27", "tweet": "I buy Tesla stock because I trust Elon Musk can do something special and useful to this world.  And he loves anime girls. @elonmusk   #justsaying #TESLA", "likes_count": 1, "replies_count": 0, "retweets_count": 0, "hashtags": ["justsaying", "tesla"]}
{"id": 1165336300133715969, "date": "2019-08-24", "time": "14:53:19", "tweet": "@tesla_truth Buy $tsla stock", "likes_count": 4, "replies_count": 1, "retweets_count": 0, "hashtags": []}
{"id": 1165329457655308288, "date": "2019-08-24", "time": "14:26:08", "tweet": "Tesla Stock Drops After Elon Musk’s Emotional Interview With The NYT  https://t.co/F3BWj0Yv8S  https://t.co/dq5kTwJ9Cv", "likes_count": 0, "replies_count": 0, "retweets_count": 0, "hashtags": []}
{"id": 1165319096268931073, "date": "2019-08-24", "time": "13:44:57", "tweet": "Tesla - China May Not Be Able To Shoulder The Heavy Future  https://t.co/L0r7LYQVPb $TSLA", "likes_count": 0, "replies_count": 0, "retweets_count": 0, "hashtags": []}
{"id": 1165309065385381889, "date": "2019-08-24", "time": "13:05:06", "tweet": "@elonmusk I’m about to make my first stock investment. Think I’m going with Tesla!", "likes_count": 0, "replies_count": 0, "retweets_count": 0, "hashtags": []}
{"id": 1165299725521715201, "date": "2019-08-24", "time": "12:27:59", "tweet": "@GS_CapSF I own Shopify so I’m happy. Keep selling little bits but it’s a crazy stock like roku. And then use that to buy more Tesla cheap.  $shop $roku", "likes_count": 1, "replies_count": 1, "retweets_count": 0, "hashtags": []}
{"id": 1165291060764872706, "date": "2019-08-24", "time": "11:53:33", "tweet": "@mysticl @TeslaLisa @danahull @lopezlinette I think the Titan project was sneaky, and I'm willing to set aside my negative views on Walmart to say that. But it's not the only example. Anyway, my point was the multiple, Tesla stock is much more expensive than VW, and if a crappy car co (VW) issues a recall then &lt;shrug&gt;", "likes_count": 0, "replies_count": 0, "retweets_count": 0, "hashtags": []}
{"id": 1165281947293294592, "date": "2019-08-24", "time": "11:17:20", "tweet": "@giovfranchi „Who knows?“ Well, the idea of stock picking is to form an opinion about how things are most likely to play out. I think a combination of bankruptcies and increased competition are likely. And yet Tesla may remain ahead in a similar way as Apple in smartphones.", "likes_count": 2, "replies_count": 1, "retweets_count": 0, "hashtags": []}
{"id": 1165276015675027457, "date": "2019-08-24", "time": "10:53:46", "tweet": "Tesla..What Can You Say!! #tesla #tsla #stock #stockmarket #options #money #cars #tech #technology  https://t.co/sB2sRWhlNl", "likes_count": 0, "replies_count": 0, "retweets_count": 0, "hashtags": ["tesla", "tsla", "stock", "stockmarket", "options", "money", "cars", "tech", "technology"]}
{"id": 1165272336830009345, "date": "2019-08-24", "time": "10:39:09", "tweet": "@davidein @Tesla @elonmusk Who would you want as your CEO? Greenlight stock is now at its all time low, LOWER than at the height of the Great Recession or TSLA which has 14x since IPO? How can you be trading at lower than recession levels when the SP500 did over 4x? Wow!  https://t.co/k7UrKB598p", "likes_count": 1, "replies_count": 0, "retweets_count": 0, "hashtags": []}
{"id": 1165270742684094464, "date": "2019-08-24", "time": "10:32:49", "tweet": "INVESTORS' INSIGHTS  : #TESLA Stock #Slump Leads To Lower Car Prices  https://t.co/FeUMEuLnBo  #ClimateCrisis #Finance #Energy #Insights #Oil #Resources #Investments #Markets #WSJ #Bloomberg #Barrons #NEWS #Bears #Bulls #OPEC #Collapse #NYT", "likes_count": 0, "replies_count": 0, "retweets_count": 0, "hashtags": ["tesla", "slump", "climatecrisis", "finance", "energy", "insights", "oil", "resources", "investments", "markets", "wsj", "bloomberg", "barrons", "news", "bears", "bulls", "opec", "collapse", "nyt"]}
{"id": 1165269349579526144, "date": "2019-08-24", "time": "10:27:17", "tweet": "@WolfBearPig1 Buried? Tesla has  WAY more negative (FUD) articles and videos published, and a larger short (negative) stock interest, than any other company out there.  https://t.co/HNVtPnh5dB I don't see how anyone could say anything negative on Tesla is buried.", "likes_count": 0, "replies_count": 2, "retweets_count": 0, "hashtags": []}
{"id": 1165261371316981761, "date": "2019-08-24", "time": "09:55:35", "tweet": "@amitbhawani @phoneradarblog @triprazer @Tesla Mi A1 use  best phone and stock Android @naman_nan @techswami_yt @androwide", "likes_count": 2, "replies_count": 0, "retweets_count": 0, "hashtags": []}
{"id": 1165257728685559808, "date": "2019-08-24", "time": "09:41:06", "tweet": "Tesla Inc (TSLA): Wilder MA Below SMA 50 on This Stock - Glenrock Gazette  https://t.co/sYosZ2YZ3A dlvrit #Tesla", "likes_count": 0, "replies_count": 0, "retweets_count": 0, "hashtags": ["tesla"]}
{"id": 1165246812359397377, "date": "2019-08-24", "time": "08:57:43", "tweet": "It's time to buy more Tesla stock😇", "likes_count": 3, "replies_count": 0, "retweets_count": 0, "hashtags": []}
{"id": 1165245500632817664, "date": "2019-08-24", "time": "08:52:31", "tweet": "@DaveSMT @TeslaLisa @Teslatunity @elonmusk @Tesla Sorry Dave. Sometimes companies have to spend money on customers that have been loyal. It’s actually good for the stock and company. It’s called goodwill brand building and loyalty", "likes_count": 2, "replies_count": 7, "retweets_count": 0, "hashtags": []}
{"id": 1165234424394518528, "date": "2019-08-24", "time": "08:08:30", "tweet": "@Teslatunity @scot_work @elonisourhero @elonmusk @Tesla Loyalty is a two way street.  Tesla has been allowed to be where it is today because fans have told each other to silently accept it for the mission.  But Elon required a huge pay package tied to the stock / Enterprise value.", "likes_count": 4, "replies_count": 0, "retweets_count": 0, "hashtags": []}
{"id": 1165194544968691712, "date": "2019-08-24", "time": "05:30:02", "tweet": "$TSLA in Uptrend: price may ascend as a result of having broken its lower Bollinger Band on August 14, 2019. View odds for this and other indicators:  https://t.co/74mvl2AoLH #Tesla #stockmarket #stock #technicalanalysis #money #trading #investing #daytrading #news #today  https://t.co/a1CLg0VwLw", "likes_count": 0, "replies_count": 0, "retweets_count": 0, "hashtags": ["tesla", "stockmarket", "stock", "technicalanalysis", "money", "trading", "investing", "daytrading", "news", "today"]}
{"id": 1165193175214055424, "date": "2019-08-24", "time": "05:24:35", "tweet": "@WallStCynic @lopezlinette So u are a short seller betting against $tsla, losing money for a decade in a best bull market the world has seen, &amp; use dirty tactics to bring the stock down!! Who should trust u? @sec should investigate connections between u/hit pieces/“journalists”/ ur trading patterns! #tesla", "likes_count": 0, "replies_count": 0, "retweets_count": 1, "hashtags": ["tesla"]}
{"id": 1165186221968154624, "date": "2019-08-24", "time": "04:56:58", "tweet": "@davidein @Tesla @USCPSC @elonmusk Ur losing investment fund lost 34% in 2018, even worst, ur fund underperformed in one of best bull years the stock market ever seen! U failed miserably! Who should resign? All losers have opinions ! #loser #redlightcapital $tsla #tesla #tsla #tslaq $tslaq", "likes_count": 2, "replies_count": 0, "retweets_count": 1, "hashtags": ["loser", "redlightcapital", "tesla", "tsla", "tslaq"]}
{"id": 1165177868428746752, "date": "2019-08-24", "time": "04:23:46", "tweet": "Tesla..What Can You Say!! #tesla #tsla #stock #stockmarket #options #money #cars #tech #technology  https://t.co/SJIIVAhOAZ", "likes_count": 0, "replies_count": 0, "retweets_count": 0, "hashtags": ["tesla", "tsla", "stock", "stockmarket", "options", "money", "cars", "tech", "technology"]}
{"id": 1165140647864483841, "date": "2019-08-24", "time": "01:55:52", "tweet": "@davidein @Tesla @elonmusk You’re equally a BUM dude. Your stock performance last several years is pure dog shit!", "likes_count": 0, "replies_count": 0, "retweets_count": 0, "hashtags": []}
