{"id": 1180626946528567296, "date": "2019-10-05", "time": "19:32:53", "tweet": "@business 😿😿😿 the Idiots shorting Tesla stock lost about $6 billion in 3 years so there’s that  https://t.co/bemywuSpB3", "likes_count": 0, "replies_count": 0, "retweets_count": 0, "hashtags": []}
{"id": 1180620453116829697, "date": "2019-10-05", "time": "19:07:05", "tweet": "@AJoshiUK @JohnnaCrider1 @elonmusk The only way you lose money is if you sell now. Even at $359 Tesla is a wise investment if you plan on holding that stock for +10 years. The long term goals of Tesla, especially it's energy sector, will make it worth far more than the current valuation.", "likes_count": 2, "replies_count": 1, "retweets_count": 0, "hashtags": []}
{"id": 1180619994993975296, "date": "2019-10-05", "time": "19:05:16", "tweet": "@gwestr @FitzsimmonsK @tesla_truth Someone should tell them that oranges are far more valuable than their stock options", "likes_count": 0, "replies_count": 0, "retweets_count": 0, "hashtags": []}
{"id": 1180619155516674049, "date": "2019-10-05", "time": "19:01:56", "tweet": "@AJoshiUK @elonmusk I learned that it's best to buy low and sell high. The good thing is that with Tesla--it's like a bouncy ball. It bounces up and down. Get another stock when it's low--eventually, it will go up. One day it will be like Google and Amazon. I have faith.", "likes_count": 7, "replies_count": 6, "retweets_count": 0, "hashtags": []}
{"id": 1180615146160316416, "date": "2019-10-05", "time": "18:46:00", "tweet": "Is Tesla Stock a Buy after \"DISAPPOINTING\" Quarter?  https://t.co/rs8JG3pr1V via @YouTube", "likes_count": 1, "replies_count": 0, "retweets_count": 0, "hashtags": []}
{"id": 1180611648446287872, "date": "2019-10-05", "time": "18:32:06", "tweet": "@tesla_truth I give shorters less leash here than I do those who actually buy the stock. You need to expend the asking price to buy it, you only need to pay the rent to short it. I think it only fair then that a gag order on shorters be more strongly applied than to those who own the stock.", "likes_count": 0, "replies_count": 1, "retweets_count": 0, "hashtags": []}
{"id": 1180608432841248768, "date": "2019-10-05", "time": "18:19:19", "tweet": "@TESLAcharts Think of how many *hundreds* of people lost *enormous* sums of money (sometimes their entire life savings) because you insisted you had a clue about Tesla's stock price reaching zero promptly.  You led the lemmings.  They followed *you* off the cliff.  Shame on you!", "likes_count": 1, "replies_count": 1, "retweets_count": 0, "hashtags": []}
{"id": 1180596389446742017, "date": "2019-10-05", "time": "17:31:28", "tweet": "@ValueAnalyst1 @Real_John_D @gwestr @AlterViggo @tesla_truth @elonmusk @ICannot_Enough @munster_gene @EcoHeliGuy @BenSullins @vincent13031925 @ResidentSponge @NuovaRealta @Gfilche VA, what are your thoughts on return on assets as the primary driver of stock returns, rather than margins? Yes, the two can be related but there are examples, like $SYY, with razor thin margins but are incredibly capital efficient @ 10% ROA - way higher than industry avg.", "likes_count": 2, "replies_count": 2, "retweets_count": 0, "hashtags": []}
{"id": 1180589496024256512, "date": "2019-10-05", "time": "17:04:04", "tweet": "@golosolo @profgalloway @rocobasilisk @JonahLupton @AliBHamed @rabois @neuman1001 Like I said, you don’t know what a Ponzi scheme is, Tesla is like a reverse Ponzi scheme. If you buy the product you get more than you paid for, and if you buy the stock you get more than you paid for, although on quite a roller coaster. By end of 2021 Tesla will have too much 💰", "likes_count": 0, "replies_count": 2, "retweets_count": 0, "hashtags": []}
{"id": 1180586907266248710, "date": "2019-10-05", "time": "16:53:47", "tweet": "Tesla..What Can You Say!! #tesla #tsla #stock #stockmarket #options #money #cars #tech #technology  https://t.co/CcPZ1ctlji", "likes_count": 0, "replies_count": 0, "retweets_count": 0, "hashtags": ["tesla", "tsla", "stock", "stockmarket", "options", "money", "cars", "tech", "technology"]}
{"id": 1180570992047005697, "date": "2019-10-05", "time": "15:50:33", "tweet": "@jpr007 @ViRKL @CapitalOne @Tesla @Audi @BMW @MercedesBenz @AmazingChevVolt @NuovaRealta @vincent13031925 @XAutoWorld100 @CARandDRIVER Even if you are correct, I expect the stock to be at 12-1800 by then for many reason but the most obvious is that from 260k we will be at an rate of 1.2M cars in 2021 when it all playes out   2018 260k 2019 400k 2020 650k 2021 1,2-1,5M", "likes_count": 5, "replies_count": 1, "retweets_count": 0, "hashtags": []}
{"id": 1180568486248144896, "date": "2019-10-05", "time": "15:40:35", "tweet": "@patrckwilliams @lorakolodny @CNBC @lizzygurdus Half of what that idiot said was completely untrue and people who have never driven a Model 3 are not qualified to write about the company or stock as they do not understand why the Model 3 is dominating its class. Lora has never written a word that was not negative about Tesla  https://t.co/ZwMrZaqz2E", "likes_count": 0, "replies_count": 1, "retweets_count": 0, "hashtags": []}
{"id": 1180566196204326912, "date": "2019-10-05", "time": "15:31:29", "tweet": "Start today by downloading Robinhood stock trading and get a free stock of something like Tesla or Apple 🤑  https://t.co/YD15w6esR9", "likes_count": 1, "replies_count": 0, "retweets_count": 0, "hashtags": []}
{"id": 1180562762105180160, "date": "2019-10-05", "time": "15:17:50", "tweet": "@vincent13031925 @MarkTepperSWP I feel a guilty pleasure seeing all that hate towards Tesla. People are afraid and thus they fight the inevitable just human nature towards change. Feel sorry for the ones that won’t take advantage of this stock though.", "likes_count": 1, "replies_count": 1, "retweets_count": 0, "hashtags": []}
{"id": 1180562545481879552, "date": "2019-10-05", "time": "15:16:59", "tweet": "Holy sweet stock of glorious Tesla! Just bought me some more!😇💛👍😎", "likes_count": 4, "replies_count": 0, "retweets_count": 0, "hashtags": []}
{"id": 1180558955459690496, "date": "2019-10-05", "time": "15:02:43", "tweet": "@Stevebility @elonmusk In the world of Tesla stock investors, batting zero for nineteen is very bullish.", "likes_count": 1, "replies_count": 0, "retweets_count": 0, "hashtags": []}
{"id": 1180552735680159744, "date": "2019-10-05", "time": "14:38:00", "tweet": "@GerberKawasaki what's the better investment, Tesla stock or Tesla 3???", "likes_count": 0, "replies_count": 0, "retweets_count": 0, "hashtags": []}
{"id": 1180552447632109568, "date": "2019-10-05", "time": "14:36:51", "tweet": "@elonmusk what's the better investment, Tesla stock or Tesla 3??", "likes_count": 0, "replies_count": 0, "retweets_count": 0, "hashtags": []}
{"id": 1180552431782023169, "date": "2019-10-05", "time": "14:36:47", "tweet": "@cleantechnica I propagandize for Tesla because I own Tesla stock.  Fixed it for you", "likes_count": 3, "replies_count": 0, "retweets_count": 0, "hashtags": []}
{"id": 1180534392491393024, "date": "2019-10-05", "time": "13:25:07", "tweet": "@CalinRoman3 @ViRKL @CapitalOne @Tesla @Audi @BMW @MercedesBenz @AmazingChevVolt @NuovaRealta @vincent13031925 @XAutoWorld100 @CARandDRIVER The stock will be dragged down with the auto sector.  That’s how the market works and we can pretty sure of that effect.  So it becomes a buying opportunity for those who see the world more clearly.  2009 was an illustration of this phenomenon.  Apple’s stock price fell by 50%", "likes_count": 8, "replies_count": 2, "retweets_count": 1, "hashtags": []}
