{"id": 1167948516875886593, "date": "2019-08-31", "time": "19:53:20", "tweet": "China’s Ministry of Industry and Information Technology announced the country will exempt Tesla models from its purchase tax. The automaker’s stock popping on the news. Yahoo Finance’s Akiko Fujita and Dan Roberts discuss. #tesla  https://t.co/EbETWBokZU  https://t.co/a7BOCj3Iay", "likes_count": 0, "replies_count": 0, "retweets_count": 0, "hashtags": ["tesla"]}
{"id": 1167947374246776838, "date": "2019-08-31", "time": "19:48:48", "tweet": "“Find something better to do with yourself than trying to add value to your Tesla as the company’s stock is just weeks off its 52-week low.”  😂", "likes_count": 3, "replies_count": 0, "retweets_count": 0, "hashtags": []}
{"id": 1167945096794271744, "date": "2019-08-31", "time": "19:39:45", "tweet": "@Erdayastronaut @Tesla Should come stock 😂👍", "likes_count": 1, "replies_count": 0, "retweets_count": 0, "hashtags": []}
{"id": 1167943913119707136, "date": "2019-08-31", "time": "19:35:02", "tweet": "CIBC Asset Management Inc Has $3.55 Million Stock Holdings in Tesla Inc (NASDAQ:TSLA) - Mayfield Recorder  https://t.co/ITJLNhsjQj dlvrit #Tesla", "likes_count": 0, "replies_count": 0, "retweets_count": 0, "hashtags": ["tesla"]}
{"id": 1167940730695761927, "date": "2019-08-31", "time": "19:22:24", "tweet": "Tesla (TSLA) Stock Price Rose While First Republic Investment Management Trimme...  https://t.co/Tq1AFhKhQL #autonomousCar #selfDrivingCar", "likes_count": 0, "replies_count": 0, "retweets_count": 0, "hashtags": ["autonomouscar", "selfdrivingcar"]}
{"id": 1167928955392774144, "date": "2019-08-31", "time": "18:35:36", "tweet": "@radiogurt Invest that money instead of scratch offs... #compoundinterest #yanggang  #stock #dividend #finance  #Amazon  Invest in Apple, Tesla, automaton, #technology OWN a part of it... #DemocraticDebate", "likes_count": 2, "replies_count": 0, "retweets_count": 0, "hashtags": ["compoundinterest", "yanggang", "stock", "dividend", "finance", "amazon", "technology", "democraticdebate"]}
{"id": 1167925978602954752, "date": "2019-08-31", "time": "18:23:46", "tweet": "Tesla..What Can You Say!! #tesla #tsla #stock #stockmarket #options #money #cars #tech #technology  https://t.co/3tOZL5zvhx", "likes_count": 0, "replies_count": 0, "retweets_count": 0, "hashtags": ["tesla", "tsla", "stock", "stockmarket", "options", "money", "cars", "tech", "technology"]}
{"id": 1167921390512566272, "date": "2019-08-31", "time": "18:05:33", "tweet": "Tesla Inc. Analyst Report  https://t.co/bSsPbM1FbU The Full PDF is link in the video description! #Tesla #Teslaq $TSLA #Teslastock", "likes_count": 0, "replies_count": 1, "retweets_count": 0, "hashtags": ["tesla", "teslaq", "teslastock"]}
{"id": 1167920959405191170, "date": "2019-08-31", "time": "18:03:50", "tweet": "JUST SOLD ALL MY TESLA STOCK FOR A FAKE PASSPORT FROM AUSTRALIA", "likes_count": 0, "replies_count": 0, "retweets_count": 0, "hashtags": []}
{"id": 1167906110403035138, "date": "2019-08-31", "time": "17:04:50", "tweet": "North Carolina Bought Up More Tesla Stock - Barron's  North Carolina limits the number of dealerships Tesla is allowed to have within its boundaries, but the Tar Heel State recently increased its financial investment in the electric-vehicle maker.   https://t.co/1ExxXMrMdg", "likes_count": 3, "replies_count": 2, "retweets_count": 1, "hashtags": []}
{"id": 1167897482979770369, "date": "2019-08-31", "time": "16:30:33", "tweet": "North Carolina Bought Up More Tesla, GE, and Disney Stock - Barron's  https://t.co/JaUePjYHll dlvrit #Business", "likes_count": 0, "replies_count": 0, "retweets_count": 0, "hashtags": ["business"]}
{"id": 1167887627258695680, "date": "2019-08-31", "time": "15:51:23", "tweet": "MP Block List Update, 4702 accounts. Last night, at least two dozen bots retweeted the Clean Technica \"Media Unfair to Elon!\" garbage to $TSLA. Why? Because it was about stock promotion, like everything else Tesla sponsors. Enjoy the Silence.  https://t.co/ZHVAs7Qkah $tslaQ", "likes_count": 30, "replies_count": 1, "retweets_count": 2, "hashtags": []}
{"id": 1167882633566572544, "date": "2019-08-31", "time": "15:31:32", "tweet": "@bradmillscan 🤣😥 just like buying a tesla instead of buying tesla stock", "likes_count": 0, "replies_count": 0, "retweets_count": 0, "hashtags": []}
{"id": 1167882582018519040, "date": "2019-08-31", "time": "15:31:20", "tweet": "@investorTTT @Tesla I had to order this because the silver ⚡was out of stock. In retrospect, I am happy I ordered this 😁", "likes_count": 2, "replies_count": 1, "retweets_count": 0, "hashtags": []}
{"id": 1167882060054192131, "date": "2019-08-31", "time": "15:29:15", "tweet": "@tesla_truth When people ask me why I value Tesla at a high level as a stock and a company personally, I just gotta show em this.  https://t.co/PYfrmVzHxC", "likes_count": 0, "replies_count": 0, "retweets_count": 0, "hashtags": []}
{"id": 1167880406487597061, "date": "2019-08-31", "time": "15:22:41", "tweet": "@boadickia @bonnienorman @Tesla They are wasting their time trying to kill Tesla. For now, their BS affects the stock price, but that won't last much longer. The sales numbers speak for themselves. Will be #1 Automakers within 5 years with 40% gross margin", "likes_count": 9, "replies_count": 0, "retweets_count": 0, "hashtags": []}
{"id": 1167868656744718336, "date": "2019-08-31", "time": "14:36:00", "tweet": "Tesla stock is being shorted by oil companies and investors. Every day they make $2 billion a day. The expense the purchase of shorts to delay Tesla.", "likes_count": 0, "replies_count": 0, "retweets_count": 0, "hashtags": []}
{"id": 1167862733980618752, "date": "2019-08-31", "time": "14:12:28", "tweet": "@yngy6477 @tesla_truth @Darksta22213574 @daStockguy23 @djholoquest @hks55 Owner here, bought stock after getting my car. So, I put my money where my mouth is! This is the best car around by a long shot. Everyone that I take on a drive are sold. I will never go back to a ICE car and will probably stick with @Tesla from now on. #fact", "likes_count": 1, "replies_count": 0, "retweets_count": 0, "hashtags": ["fact"]}
{"id": 1167860060304756736, "date": "2019-08-31", "time": "14:01:50", "tweet": "@JenniferSensiba The idea that Tesla exists to inspire other automakers to build EVs has been lost as Tesla's runaway valuation inspired dreams that it could or should simply be an EV monopoly (or near-monopoly). This radicalization may be good for the stock in the short-term but it's bad for EVs", "likes_count": 13, "replies_count": 5, "retweets_count": 1, "hashtags": []}
{"id": 1167852732507705349, "date": "2019-08-31", "time": "13:32:43", "tweet": "If the CEO of a major company did this (hint: they would not) the board would shut them down instantly for fear of affecting stock prices and their brand. Recall what Tesla’s board did when Musk tweeted some financial braggadocio on a personal account.", "likes_count": 0, "replies_count": 1, "retweets_count": 0, "hashtags": []}
