{"id": 1205984159816126464, "date": "2019-12-14", "time": "17:53:24", "tweet": "@patrickbetdavid If you hold some Bitcoin!  And Tesla Stock.   Good day sir.", "likes_count": 0, "replies_count": 0, "retweets_count": 0, "hashtags": []}
{"id": 1205971065710747653, "date": "2019-12-14", "time": "17:01:22", "tweet": "@KYRRadio It’s a cult stock... like @Tesla also, bull markets love to find market “champions” like @Apple &amp; they become market “rock stars” etc with valuation very secondary!", "likes_count": 0, "replies_count": 0, "retweets_count": 0, "hashtags": []}
{"id": 1205963365551628288, "date": "2019-12-14", "time": "16:30:46", "tweet": "@BonaireVolt @jpr007 @OjamaaMikk @Reboticant From the guy who also believes the MY won't be produced because the stock has been juiced enough by this 'cobbled together' rush job.  When should Tesla be allowed to reveal new products in your opinion?  Or during the countless juicy auto shows like legacy auto?", "likes_count": 2, "replies_count": 1, "retweets_count": 1, "hashtags": []}
{"id": 1205960681008357382, "date": "2019-12-14", "time": "16:20:06", "tweet": "Tesla, Microsoft, Facebook, Alibaba Stock - Earnings Results 2019! 💥   https://t.co/DP4VshPdSA  https://t.co/T3A1cpBl11", "likes_count": 0, "replies_count": 0, "retweets_count": 0, "hashtags": []}
{"id": 1205958998845018118, "date": "2019-12-14", "time": "16:13:25", "tweet": "@GorillaToyz @elonmusk @Tesla If the stock wasn’t so high I would invest! Lol. $358 per share. I need him to have one bad year so I can buy a ton. Lol. Joking", "likes_count": 2, "replies_count": 1, "retweets_count": 0, "hashtags": []}
{"id": 1205948198402973696, "date": "2019-12-14", "time": "15:30:30", "tweet": "@TeslaNoobs @TeslaOwnersLV @Tesla @elonmusk We’ve done custom kits in satin dark gray. Currently takes about 2-3 weeks to ship custom orders due to demand for the stock color options", "likes_count": 1, "replies_count": 0, "retweets_count": 1, "hashtags": []}
{"id": 1205938016235216896, "date": "2019-12-14", "time": "14:50:02", "tweet": "Tesla (TSLA) stock price is the highest it's been in 2019, closing in on 52-week high | TESLARATI  https://t.co/rHHCwpRRWr", "likes_count": 0, "replies_count": 0, "retweets_count": 0, "hashtags": []}
{"id": 1205927382223327233, "date": "2019-12-14", "time": "14:07:47", "tweet": "@elonmusk One day, there will be an economics textbook with a section on the correlation between @elonmusk tweets affecting Tesla stock &amp; @realDonaldTrump tweets affecting the stock market.", "likes_count": 5, "replies_count": 0, "retweets_count": 0, "hashtags": []}
{"id": 1205920495654162432, "date": "2019-12-14", "time": "13:40:25", "tweet": "@Tesla The money printer isn't the solar panels, it is your insiders (i.e. Kimbal) selling shares into each stock pump, despite the fact that your company still loses a billion dollars a year. Your investors are the money printer.", "likes_count": 0, "replies_count": 0, "retweets_count": 0, "hashtags": []}
{"id": 1205920338741268482, "date": "2019-12-14", "time": "13:39:48", "tweet": "@Wheels88Fortune @coach23life @vincent13031925 @elonmusk Tesla is doomed. Doomed i yell ya! DOOMED!!!  So run out right now and short the stock. It’s your train to fast cash. Easy money! Don’t wait short Tesla now!!", "likes_count": 2, "replies_count": 1, "retweets_count": 0, "hashtags": []}
{"id": 1205908757919735808, "date": "2019-12-14", "time": "12:53:47", "tweet": "Tesla..What Can You Say!! #tesla #tsla #stock #stockmarket #options #money #cars #tech #technology  https://t.co/3G96wgaL5C", "likes_count": 0, "replies_count": 0, "retweets_count": 0, "hashtags": ["tesla", "tsla", "stock", "stockmarket", "options", "money", "cars", "tech", "technology"]}
{"id": 1205906659656249344, "date": "2019-12-14", "time": "12:45:26", "tweet": "Get a free stock. Claim a stock now without investing ANY money first  https://t.co/oyz2oz4qf8 #teva #spce #GE #ford #tesla #wba #fit #apple #free", "likes_count": 0, "replies_count": 0, "retweets_count": 0, "hashtags": ["teva", "spce", "ge", "ford", "tesla", "wba", "fit", "apple", "free"]}
{"id": 1205901839625048064, "date": "2019-12-14", "time": "12:26:17", "tweet": "@TeslaOwnersNEUS On Dec 14, 2019, at 10:51 AM, Justin Gardner &lt;@tesla.com&gt; wrote:  Hi Scott,   The cost for the Anti-Ice Treatment is $150.   We currently do not have stock of the product, but should be receiving some in the near future. If you want to check back in a week or two", "likes_count": 4, "replies_count": 2, "retweets_count": 0, "hashtags": []}
{"id": 1205894378486677505, "date": "2019-12-14", "time": "11:56:38", "tweet": "Help doctor I can physically see Tesla stock dropping 7% again", "likes_count": 2, "replies_count": 0, "retweets_count": 0, "hashtags": []}
{"id": 1205891540788416513, "date": "2019-12-14", "time": "11:45:22", "tweet": "It's December 14, 2019 at 11:45AM Get a free stock. Claim a stock now without investing ANY money first  https://t.co/OdskiYeB0J #teva #spce #GE #ford #tesla #wba #fit #apple", "likes_count": 0, "replies_count": 0, "retweets_count": 0, "hashtags": ["teva", "spce", "ge", "ford", "tesla", "wba", "fit", "apple"]}
{"id": 1205887320915881987, "date": "2019-12-14", "time": "11:28:36", "tweet": "@BonaireVolt @OjamaaMikk @ValueAnalyst1 @elonmusk @MemesOfMars @latimes @latimesfood @latimesbooks @latimesphotos @alex_avoigt @JaneidyEve @sara_boutall @RationalEtienne @ICannot_Enough @LaurenRow5 Hahaha...so they planned to take over SC w the M3 reveal or planned to reveal the M3 to coincide with when they knew SC wld be in difficulty?  If THAT is the level Tesla can plan at you should get in on the stock 😂😂😂", "likes_count": 1, "replies_count": 1, "retweets_count": 0, "hashtags": []}
{"id": 1205876203275587585, "date": "2019-12-14", "time": "10:44:25", "tweet": "@Singularitybook @glenntongue @SteveManUnivers @WallStCynic Long term focused? AYFKM!  Tesla is one of the most short term focused company. They operate their company in a mind boggling stupid way in order to maximize the sales they can report for a given Q.   The only thing Musk gives a 💩 about is Tesla's stock price.", "likes_count": 4, "replies_count": 1, "retweets_count": 0, "hashtags": []}
{"id": 1205874321710886913, "date": "2019-12-14", "time": "10:36:57", "tweet": "i just bought stock in Tesla to see this nigga do this shit..", "likes_count": 0, "replies_count": 0, "retweets_count": 0, "hashtags": []}
{"id": 1205863257162031104, "date": "2019-12-14", "time": "09:52:59", "tweet": "@seanmmitchell @danahull 90% of Bloomberg articles appear to have anti Tesla biase. Main stream media always paint the worst possible picture of Tesla. Yesterday one of my friends asked me why the Tesla stock is doing so bad? 😂", "likes_count": 0, "replies_count": 0, "retweets_count": 0, "hashtags": []}
{"id": 1205854887596216322, "date": "2019-12-14", "time": "09:19:43", "tweet": "Tesla investor sees, worst case, a stock double by 2024, saying she has numbers to back it up  https://t.co/lV5H3uNx6G", "likes_count": 0, "replies_count": 0, "retweets_count": 0, "hashtags": []}
{"id": 1205837113767452672, "date": "2019-12-14", "time": "08:09:05", "tweet": "Tesla (TSLA) stock price is the highest it has been in 2019... Check it out &gt;&gt;&gt;  https://t.co/XCFspnopHf  All your Electric Vehicle News &gt;&gt;&gt;  https://t.co/NU1aFMvHhC #Tesla #stockprice #electriccars #tsla  https://t.co/qa11If80eL", "likes_count": 0, "replies_count": 0, "retweets_count": 0, "hashtags": ["tesla", "stockprice", "electriccars", "tsla"]}
{"id": 1205827302912909312, "date": "2019-12-14", "time": "07:30:06", "tweet": "@GerberKawasaki @CarCounsel @rogeressig So how does your ability to convince people to stow away a portion of their income for the future  (ie,financial planning) qualify you to advise on Tesla, or any other stock? You've shown no analytical ability regarding 10k's/finl statements, nor do you show required objectivity.", "likes_count": 1, "replies_count": 1, "retweets_count": 0, "hashtags": []}
{"id": 1205816533005418496, "date": "2019-12-14", "time": "06:47:19", "tweet": "$TSLA's in Uptrend: Moving Average Convergence Divergence (MACD) Histogram crosses above signal line. View odds for this and other indicators:  https://t.co/F3NHbPtbTP #Tesla #stockmarket #stock #technicalanalysis #money #trading #investing #daytrading #news #today  https://t.co/vVvgTgFfdP", "likes_count": 0, "replies_count": 0, "retweets_count": 0, "hashtags": ["tesla", "stockmarket", "stock", "technicalanalysis", "money", "trading", "investing", "daytrading", "news", "today"]}
{"id": 1205813801616117760, "date": "2019-12-14", "time": "06:36:27", "tweet": "Hope you’re all buying @Tesla stock folks, because they’re tier 1 while all others are tier 3 at best for the foseeable future.", "likes_count": 0, "replies_count": 0, "retweets_count": 0, "hashtags": []}
{"id": 1205812403792949249, "date": "2019-12-14", "time": "06:30:54", "tweet": "1) Tesla is signalling battery technology breakthroughs  2) European commission one trillion dollars green deal investments  3) Climate change driven policies eg. Paris agreement  All point to vestas wind systems stock prices doubling   https://t.co/1YrRAx3d3V", "likes_count": 0, "replies_count": 0, "retweets_count": 0, "hashtags": []}
{"id": 1205804292432650240, "date": "2019-12-14", "time": "05:58:40", "tweet": "@NIOGlobal If this is the equivalent of Tesla’s Model 3, shareholders should buckle up for a stock explosion to $4+", "likes_count": 2, "replies_count": 0, "retweets_count": 0, "hashtags": []}
{"id": 1205791544327974912, "date": "2019-12-14", "time": "05:08:01", "tweet": "@torreywhitaker @seanmmitchell @ray4tesla @danahull She's been covering Tesla since inception. It's 100% her job.   This is very intentional.  She detests Elon and Tesla.   Likely short the stock or short in the name of her kid or so.", "likes_count": 5, "replies_count": 0, "retweets_count": 0, "hashtags": []}
{"id": 1205777059198439424, "date": "2019-12-14", "time": "04:10:27", "tweet": "@ex_Tesla @RandolphDuke7 It's ridiculous. This stock is worth maybe $50, but given all the liabilities and lawsuits, I'd say 0 once the dust settles.  Actually less than zero because the directors and officers will be held personally liable for their actions.", "likes_count": 3, "replies_count": 0, "retweets_count": 0, "hashtags": []}
{"id": 1205750646114140160, "date": "2019-12-14", "time": "02:25:30", "tweet": "@NatalCicuto @ElizabethMay @GretaThunberg @Tesla Who was buying BreX? Should I recite the history of stock scams?", "likes_count": 0, "replies_count": 0, "retweets_count": 0, "hashtags": []}
{"id": 1205744748041928704, "date": "2019-12-14", "time": "02:02:04", "tweet": "@jpr007 @TeslaForThe_Win Why do I always regret not buying more Tesla Stock? 🤔😂😩", "likes_count": 7, "replies_count": 1, "retweets_count": 0, "hashtags": []}
{"id": 1205738061545508864, "date": "2019-12-14", "time": "01:35:30", "tweet": "@Chaosxsilencer Tesla stock😃", "likes_count": 0, "replies_count": 0, "retweets_count": 0, "hashtags": []}
{"id": 1205737812395343872, "date": "2019-12-14", "time": "01:34:30", "tweet": "Go long in $tesla stock", "likes_count": 0, "replies_count": 0, "retweets_count": 0, "hashtags": []}
{"id": 1205731797281230848, "date": "2019-12-14", "time": "01:10:36", "tweet": "@LeonardoDi8 @elonmusk @Tesla Me? No. I stay away from the stock market, long or short. But I do love pissing on frauds. $TSLAQ $TSLA", "likes_count": 7, "replies_count": 0, "retweets_count": 0, "hashtags": []}
{"id": 1205713828824133633, "date": "2019-12-13", "time": "23:59:12", "tweet": "Sweet sweet sweet glorious stock of Tesla👏👏👏👏😇", "likes_count": 7, "replies_count": 1, "retweets_count": 0, "hashtags": []}
{"id": 1205712463083245568, "date": "2019-12-13", "time": "23:53:46", "tweet": "Tesla..What Can You Say!! #tesla #tsla #stock #stockmarket #options #money #cars #tech #technology  https://t.co/juGvIdz7XL", "likes_count": 0, "replies_count": 0, "retweets_count": 0, "hashtags": ["tesla", "tsla", "stock", "stockmarket", "options", "money", "cars", "tech", "technology"]}
{"id": 1205700563649720323, "date": "2019-12-13", "time": "23:06:29", "tweet": "Its been a nice ride from $178! Tesla stock price is the highest it's been in 2019, closing in on 52-week high  https://t.co/qChMUbDmKs $TSLA", "likes_count": 0, "replies_count": 0, "retweets_count": 0, "hashtags": []}
{"id": 1205698579236446208, "date": "2019-12-13", "time": "22:58:36", "tweet": "Tesla Stock Is Highly Valued and Faces Execution Risk, Deutsche Bank Notes  https://t.co/V2vaPd0Vzf #autocodesnews", "likes_count": 0, "replies_count": 0, "retweets_count": 1, "hashtags": ["autocodesnews"]}
{"id": 1205694677149736962, "date": "2019-12-13", "time": "22:43:06", "tweet": "@elonmusk Tesla stock price just shit up 4.2% for a gain of $6.90 after this tweet", "likes_count": 0, "replies_count": 0, "retweets_count": 0, "hashtags": []}
{"id": 1205694667133784064, "date": "2019-12-13", "time": "22:43:04", "tweet": "Just grabbed some @Tesla stock feel like it’s about to shoot up🗣", "likes_count": 0, "replies_count": 0, "retweets_count": 0, "hashtags": []}
{"id": 1205684216630927361, "date": "2019-12-13", "time": "22:01:32", "tweet": "@Sofiaan @BillKohl4 @flcnhvy @mortchad @Tesla @elonmusk Mines mechanically stock minus sway bars. Gotta get new brake pads, lines and a fluid flush before the 22nd", "likes_count": 1, "replies_count": 1, "retweets_count": 0, "hashtags": []}
