{"id": 1084233072114057216, "date": "2019-01-12", "time": "18:38:03", "tweet": "Elon Musk will buy another $20 million in #tesla stock. #audiovisual  https://t.co/ZHTu6kel7k  https://t.co/kV9BNU7W7E", "likes_count": 1, "replies_count": 0, "retweets_count": 0, "hashtags": ["tesla", "audiovisual"]}
{"id": 1084232279763963905, "date": "2019-01-12", "time": "18:34:54", "tweet": "@grftn_ @ValueAnalyst1 @Tesla Stock is at a pretty important point technically. I may pick it up for a trade if it breaks out or short if it fails. We’ll see what the market gives us ✌️", "likes_count": 0, "replies_count": 0, "retweets_count": 0, "hashtags": []}
{"id": 1084227936528388096, "date": "2019-01-12", "time": "18:17:38", "tweet": "@dbknill @elonmusk @Tesla I did, pretty sure it was stock on my X, but I do have the sub. The sound at high volume is not great, on par with any factory stereo I have ever gotten. The Lincoln I turned louder than I ever would and it was crystal clear and not at all distorted.", "likes_count": 0, "replies_count": 1, "retweets_count": 0, "hashtags": []}
{"id": 1084226548436291598, "date": "2019-01-12", "time": "18:12:07", "tweet": "@grftn_ @ValueAnalyst1 @Tesla I would never hold this stock over the weekend while they are under multiple investigations. If that news comes out bad it will drop $100 in 3 seconds.", "likes_count": 0, "replies_count": 0, "retweets_count": 0, "hashtags": []}
{"id": 1084208189908824066, "date": "2019-01-12", "time": "16:59:10", "tweet": "Mahomes working the Colts like a short seller of Tesla stock. 😂", "likes_count": 1, "replies_count": 0, "retweets_count": 0, "hashtags": []}
{"id": 1084207298866790400, "date": "2019-01-12", "time": "16:55:38", "tweet": "Tesla Stock on a Blockchain Offers Hint of Where Crypto's Headed  https://t.co/HOX1pYoXWC", "likes_count": 0, "replies_count": 0, "retweets_count": 1, "hashtags": []}
{"id": 1084192291936325632, "date": "2019-01-12", "time": "15:56:00", "tweet": "Could Tesla Be a Millionaire-Maker Stock?  https://t.co/RqJHKZ3INR", "likes_count": 13, "replies_count": 3, "retweets_count": 2, "hashtags": []}
{"id": 1084173855059574785, "date": "2019-01-12", "time": "14:42:44", "tweet": "✔️ Sheldon Whitehouse Buys Tesla Stock, Sells Apple  https://t.co/P3E2UD4yZ9    ✔️ Published on January 11, 2019@11:39am #WallSt", "likes_count": 0, "replies_count": 0, "retweets_count": 0, "hashtags": ["wallst"]}
{"id": 1084163854832144384, "date": "2019-01-12", "time": "14:03:00", "tweet": "@ValueAnalyst1 @Tesla You couldn’t be more wrong. I was actually long TSLA stock last week. Shorted it at 370.   Open your eyes a bit bud. Not everyone is living in a bubble.", "likes_count": 0, "replies_count": 2, "retweets_count": 0, "hashtags": []}
{"id": 1084160796886814726, "date": "2019-01-12", "time": "13:50:51", "tweet": "@ValueAnalyst1 @Tesla I have no position in the stock, but I will once he gets charged and this starts to unravel.", "likes_count": 0, "replies_count": 1, "retweets_count": 0, "hashtags": []}
{"id": 1084154425533448193, "date": "2019-01-12", "time": "13:25:32", "tweet": "@elonmusk @Tesla Me too. I am still waiting for your stock price to come down a bit so I can buy 100 shares.", "likes_count": 0, "replies_count": 0, "retweets_count": 0, "hashtags": []}
{"id": 1084140038563127301, "date": "2019-01-12", "time": "12:28:22", "tweet": "$TSLA sales to car rental companies to increase as @Tesla cars have more quality problems. Yuuuge growth in fleet sales expected.  \"It is amazing how Tesla keeps finding new growth opportunities\" said Baird analyst Ben Kallo who increased his target price on the stock to $4200.", "likes_count": 9, "replies_count": 1, "retweets_count": 1, "hashtags": []}
{"id": 1084133745001746433, "date": "2019-01-12", "time": "12:03:21", "tweet": "@jbienz @elonmusk @SpotifyUSA The stock sound system in the premium interior is pretty good. Full &amp; accurate. There may be aftermarket systems that come out, similar to the ones that exist for Model S. Go to Tesla store and take a test drive to try it", "likes_count": 1, "replies_count": 0, "retweets_count": 0, "hashtags": []}
{"id": 1084128420202795009, "date": "2019-01-12", "time": "11:42:12", "tweet": "Watch Tesla Model 3 Dual-Motor Race Performance Version: Video  https://t.co/nP0Xpb4tc6", "likes_count": 0, "replies_count": 0, "retweets_count": 0, "hashtags": []}
{"id": 1084127553579876354, "date": "2019-01-12", "time": "11:38:45", "tweet": "VW &amp; GM Exec Statements on Electric Vehicles &amp; Tesla Leave Me Dizzy, Confused, &amp; Laughing - CleanTechnica  https://t.co/mPk24Waz8y", "likes_count": 0, "replies_count": 0, "retweets_count": 0, "hashtags": []}
{"id": 1084126353174204417, "date": "2019-01-12", "time": "11:33:59", "tweet": "@cazin678 Yeah, I might have to buy some land out in the country and start buying up crashed Tesla's just for my own junk lot to stock parts for Body shops.", "likes_count": 1, "replies_count": 1, "retweets_count": 0, "hashtags": []}
{"id": 1084124957821538305, "date": "2019-01-12", "time": "11:28:26", "tweet": "Peak gas-engine, Nissan Leaf, Tesla sales, electric Cadillacs and Harleys: The Week in Reverse - Green Car Reports  https://t.co/VbTJ7Fkhql", "likes_count": 0, "replies_count": 0, "retweets_count": 0, "hashtags": []}
{"id": 1084123121886679040, "date": "2019-01-12", "time": "11:21:08", "tweet": "Tesla Stock Drops After Elon Musk’s Emotional Interview With The NYT  https://t.co/fPwoYjttZV  https://t.co/4jIPQrNwpv", "likes_count": 0, "replies_count": 0, "retweets_count": 0, "hashtags": []}
{"id": 1084116490561966080, "date": "2019-01-12", "time": "10:54:47", "tweet": "Could Tesla Be a Millionaire-Maker Stock? @themotleyfool #stocks $TSLA, $AMZN, $BAMXF, $TM, $POAHY, $AAPL  https://t.co/xazeHkwoqS", "likes_count": 1, "replies_count": 0, "retweets_count": 0, "hashtags": ["stocks"]}
{"id": 1084114732938743810, "date": "2019-01-12", "time": "10:47:48", "tweet": "@NuovaRealta The short interest in $TTM is nowhere close to $TSLA, thats why you don't see the short sellers bashing Jaguars iPace, they're focused on trying to bring the #Tesla stock price lower", "likes_count": 1, "replies_count": 0, "retweets_count": 0, "hashtags": ["tesla"]}
