{"id": 1173018726553153536, "date": "2019-09-14", "time": "19:40:32", "tweet": "Placing Tesla, Inc. (NasdaqGS:TSLA), Marriott International, Inc. (NasdaqGS:MAR) Quant Signals Under the Microscope - Stock Muse  https://t.co/ORMe1nb6m3 dlvrit #Tesla", "likes_count": 0, "replies_count": 0, "retweets_count": 0, "hashtags": ["tesla"]}
{"id": 1173003632234516480, "date": "2019-09-14", "time": "18:40:33", "tweet": "F-Score Review For Tesla, Inc. (NasdaqGS:TSLA) as it Hits 7 - Stock Minute  https://t.co/bjKeraxinH dlvrit #Tesla", "likes_count": 0, "replies_count": 0, "retweets_count": 0, "hashtags": ["tesla"]}
{"id": 1172995906167300096, "date": "2019-09-14", "time": "18:09:51", "tweet": "@jjhanna2 @Tesla @ValueAnalyst1 @tesla_truth @28delayslater @mortenlund89 @mortchad @seanmmitchell @HyperChangeTV I voted \"116,000 or less\" because that includes \"100,000 or less\" and \"95,200 or less\". I can't lose! Unless the right answer is \"Over 116,000\", in which case my $TSLA stock will go way up and I still win. 😀", "likes_count": 7, "replies_count": 1, "retweets_count": 0, "hashtags": []}
{"id": 1172978889192333312, "date": "2019-09-14", "time": "17:02:14", "tweet": "If Tesla stock price worked like other companies, the price would jump on Market Open on Monday due to the attack on Saudi Oil. Just another reason to go Electric!", "likes_count": 0, "replies_count": 0, "retweets_count": 0, "hashtags": []}
{"id": 1172969302380679168, "date": "2019-09-14", "time": "16:24:09", "tweet": "Tesla Swings and Misses on Earnings Estimates -- How Did It Affect Its Stock?  https://t.co/F3aRaEQOKl #adaptiveleadership", "likes_count": 0, "replies_count": 0, "retweets_count": 0, "hashtags": ["adaptiveleadership"]}
{"id": 1172964882880163840, "date": "2019-09-14", "time": "16:06:35", "tweet": "Isn’t it amazing that people who actually test drove a @Tesla All love it?! 👍  Versus broke trolls who hate b/c they are short the stock &amp; bashing nonstop but never even driven one!", "likes_count": 5, "replies_count": 4, "retweets_count": 0, "hashtags": []}
{"id": 1172961789266419712, "date": "2019-09-14", "time": "15:54:17", "tweet": "@Wraith3845 @ForGoodnessAche @RamTrucks I don’t currently own any Tesla stock. I do own a Tesla and have continually had my mind blown by the tech and driving experience. Even if they were as bad as ICE (which they’re not—esp since I power mine w/ 90% solar, 9% hydro, &amp; 1% FF), I would still buy an EV over ICE any day", "likes_count": 0, "replies_count": 0, "retweets_count": 0, "hashtags": []}
{"id": 1172961359396556801, "date": "2019-09-14", "time": "15:52:35", "tweet": "@elonmusk I have some Tesla stock now!  :))", "likes_count": 0, "replies_count": 0, "retweets_count": 0, "hashtags": []}
{"id": 1172955109594210306, "date": "2019-09-14", "time": "15:27:45", "tweet": "@ForGoodnessAche @_oey192 @RamTrucks Let me guess, you're a stock owner in Tesla correct? And if not Tesla some other EV company right ?", "likes_count": 0, "replies_count": 1, "retweets_count": 0, "hashtags": []}
{"id": 1172952633767690240, "date": "2019-09-14", "time": "15:17:54", "tweet": "@tesla_truth Q3 105k, $250M profit  Q4 115k, $1B profit (booking of FCA)  Stock over $325 by year end", "likes_count": 2, "replies_count": 1, "retweets_count": 0, "hashtags": []}
{"id": 1172952461931417602, "date": "2019-09-14", "time": "15:17:13", "tweet": "@bluemoondance74 @elonmusk @teslaownersSV @Kristennetten @Model3Owners This \"logistics\" issue happens at the end of every quarter for Tesla. Don't you think they would have learned something by now? Clearly you have no idea that the EOQ incentives are all about padding the delivery numbers to affect the stock price.", "likes_count": 10, "replies_count": 2, "retweets_count": 0, "hashtags": []}
{"id": 1172951495878348800, "date": "2019-09-14", "time": "15:13:23", "tweet": "@Nasser22820844 Tesla stock will go up on Monday I hear.", "likes_count": 0, "replies_count": 0, "retweets_count": 1, "hashtags": []}
{"id": 1172947128932536322, "date": "2019-09-14", "time": "14:56:02", "tweet": "@Model3Owners @elonmusk At this point it should be clear to anyone contemplating a purchase should wait until EOQ so Tesla can pad its delivery numbers. Remember, for Elon its all about the stock price. Customers come second", "likes_count": 1, "replies_count": 0, "retweets_count": 0, "hashtags": []}
{"id": 1172939243464867847, "date": "2019-09-14", "time": "14:24:42", "tweet": "Uber will lose money until their cars go electric and autonomous... so I say to Uber share holders buy Tesla stock instead... if you drive Uber buy a Tesla at the end of the day when Uber cuts you out you will be a owner/operator on the @tesla network instead of unemployed😎👍🚀", "likes_count": 0, "replies_count": 0, "retweets_count": 0, "hashtags": []}
{"id": 1172931461621657604, "date": "2019-09-14", "time": "13:53:47", "tweet": "Tesla..What Can You Say!! #tesla #tsla #stock #stockmarket #options #money #cars #tech #technology  https://t.co/9HtdidWPrj", "likes_count": 0, "replies_count": 0, "retweets_count": 0, "hashtags": ["tesla", "tsla", "stock", "stockmarket", "options", "money", "cars", "tech", "technology"]}
{"id": 1172898439463440384, "date": "2019-09-14", "time": "11:42:34", "tweet": "Bluestein R H &amp; Co. Reduces Stock Holdings in Tesla Inc (NASDAQ:TSLA) - Tech Know Bits  https://t.co/hOCaDSFKTR dlvrit #Tesla", "likes_count": 0, "replies_count": 0, "retweets_count": 0, "hashtags": ["tesla"]}
{"id": 1172885034094735362, "date": "2019-09-14", "time": "10:49:17", "tweet": "@Model3Owners @elonmusk Can understand the frustration in waiting. But Tesla Daily covered this yesterday. Seems it’s about persuading customers to take a car thats in stock but isn’t exactly what they want.", "likes_count": 2, "replies_count": 0, "retweets_count": 0, "hashtags": []}
{"id": 1172883517530918920, "date": "2019-09-14", "time": "10:43:16", "tweet": "@themicrx @vincent13031925 It is #Tesla, the stock ia $TSLA.", "likes_count": 2, "replies_count": 0, "retweets_count": 0, "hashtags": ["tesla"]}
{"id": 1172882970748887042, "date": "2019-09-14", "time": "10:41:05", "tweet": "Sam you are delusional. People are short the stock because $tsla is a failing business. They expect to earn money from the stock decline. The conspiracy theories are nonsense. Further, Tesla is an unethical lawbreaking company that shows little regard for safety of drivers $tslaq", "likes_count": 3, "replies_count": 0, "retweets_count": 0, "hashtags": []}
{"id": 1172875008101609472, "date": "2019-09-14", "time": "10:09:27", "tweet": "@Stevebility @AngelNDevil2 Why can’t Tesla shorts just admit that their sole purpose on Twitter is to make money for themselves by depressing Tesla’s stock price? I mean, it’s obvious from the feeds. This person writes like a 13 year old dissing a rival school.", "likes_count": 1, "replies_count": 1, "retweets_count": 0, "hashtags": []}
{"id": 1172864668173590528, "date": "2019-09-14", "time": "09:28:22", "tweet": "Why Does Tesla Stock Just Keep Going Up? Model Y? New Gigafactory? Elon ...  https://t.co/PVvemQlWFO via @YouTube", "likes_count": 0, "replies_count": 0, "retweets_count": 0, "hashtags": []}
{"id": 1172828706106220554, "date": "2019-09-14", "time": "07:05:28", "tweet": "Why Does Tesla Stock Just Keep Going Up? Model Y? New Gigafactory? Elon Musk?  https://t.co/ZJZGcHyv0T", "likes_count": 0, "replies_count": 0, "retweets_count": 0, "hashtags": []}
{"id": 1172828511863631877, "date": "2019-09-14", "time": "07:04:41", "tweet": "Well played @Porsche and @Tesla .  Can't wait to see the results and maybe the beginning of a Stock E-Car racing series.  A battle is unfolding between two of the most revered names in the automobile world: Porsche and Tesla  https://t.co/dcrWTz1Ehu via @luxury", "likes_count": 0, "replies_count": 0, "retweets_count": 0, "hashtags": []}
{"id": 1172793128744435712, "date": "2019-09-14", "time": "04:44:05", "tweet": "Stock Check: Following the Indicators on Shares of Tesla Inc (TSLA) - Stock Muse  https://t.co/ht7CW7TBvV dlvrit #Tesla", "likes_count": 0, "replies_count": 0, "retweets_count": 0, "hashtags": ["tesla"]}
{"id": 1172778021884850176, "date": "2019-09-14", "time": "03:44:04", "tweet": "Tech Stock To Watch:: Tesla, Inc., (NASDAQ: TSLA) - Nyse Stock Alerts  https://t.co/gX8WSUm7RV dlvrit #Tesla", "likes_count": 0, "replies_count": 0, "retweets_count": 0, "hashtags": ["tesla"]}
{"id": 1172774488829640704, "date": "2019-09-14", "time": "03:30:01", "tweet": "Why Does Tesla Stock Just Keep Going Up? Model Y? New Gigafactory? Elon ...  https://t.co/kQ2QVPj7w0 via @YouTube", "likes_count": 1, "replies_count": 0, "retweets_count": 0, "hashtags": []}
{"id": 1172762925301297152, "date": "2019-09-14", "time": "02:44:04", "tweet": "Bollinger Bands Signal Check on Tesla Inc (TSLA) as $247.92 Is the Pivot - Stock Minute  https://t.co/7KlQr8h1im dlvrit #Tesla", "likes_count": 0, "replies_count": 0, "retweets_count": 0, "hashtags": ["tesla"]}
{"id": 1172759316807454722, "date": "2019-09-14", "time": "02:29:44", "tweet": "@tesla_truth Refers to the reveal case, Watson worked for three weeks at Teslas health clinic. Looks like she is encouraged by $TSLAQ. Notice the Taycan retweets. And then this line at the end of that thread. ”before I ever knew of a short or a stock, I REPORTED TESLA”  https://t.co/S2C7iGH2b0", "likes_count": 0, "replies_count": 0, "retweets_count": 0, "hashtags": []}
{"id": 1172735167422783490, "date": "2019-09-14", "time": "00:53:46", "tweet": "Tesla..What Can You Say!! #tesla #tsla #stock #stockmarket #options #money #cars #tech #technology  https://t.co/WcXGwWlbs9", "likes_count": 0, "replies_count": 0, "retweets_count": 0, "hashtags": ["tesla", "tsla", "stock", "stockmarket", "options", "money", "cars", "tech", "technology"]}
{"id": 1172715827260514305, "date": "2019-09-13", "time": "23:36:55", "tweet": "@samabuelsamid @karaswisher @profgalloway @VW @Tesla @elonmusk I ain't selling that stock.", "likes_count": 7, "replies_count": 0, "retweets_count": 0, "hashtags": []}
{"id": 1172707387918213120, "date": "2019-09-13", "time": "23:03:23", "tweet": "@goinglongtessla @markbspiegel Sir, do you realize they will make over 13B this year?  VW Group is a serious company.  They don't spew BS to prop the stock in order to rip off people in a funding raise.  Trust me. The 8B is a decent sized investment for them. 8B investment for Tesla is bigly/hugly/insanely big", "likes_count": 0, "replies_count": 1, "retweets_count": 0, "hashtags": []}
{"id": 1172697765190619136, "date": "2019-09-13", "time": "22:25:09", "tweet": "@coloPiPhoto @scot_work @elonmusk @Tesla Short the stock as a hedge?", "likes_count": 1, "replies_count": 0, "retweets_count": 0, "hashtags": []}
{"id": 1172693110092193794, "date": "2019-09-13", "time": "22:06:39", "tweet": "@KamalaHarris @realDonaldTrump ...Trump got it done! He's taking on China and having our NATO allies paying their fare share. African/Hispanic/Asian American unemployment lowest in HISTORY. 100+ stock market records! Going back to getting high &amp; listening to 2-pack bc we don't need another LYING politician! FU", "likes_count": 0, "replies_count": 0, "retweets_count": 0, "hashtags": []}
{"id": 1172691735761178626, "date": "2019-09-13", "time": "22:01:12", "tweet": "What do you like most about Tesla - the stock! $TSLA", "likes_count": 1, "replies_count": 0, "retweets_count": 0, "hashtags": []}
{"id": 1172690748455694343, "date": "2019-09-13", "time": "21:57:16", "tweet": "@Model3Owners @Tesla You’re right.. every single one I’ve seen had something about the stock market in their bios.. so they probably own stock in ICE brands. It’s just so annoying to see them scaring the public with false information, or dramatizing things. Especially after what Edmunds did.", "likes_count": 5, "replies_count": 1, "retweets_count": 0, "hashtags": []}
{"id": 1172680448289325056, "date": "2019-09-13", "time": "21:16:20", "tweet": "@tuentan @alexcferrara Yer, we are receiving some older stock before they were removed from the manufacturing process.  A time will come where they are no longer installed and will need to be installed after accepting the vehicle when Tesla receive the hardware.", "likes_count": 2, "replies_count": 1, "retweets_count": 0, "hashtags": []}
{"id": 1172679334085066752, "date": "2019-09-13", "time": "21:11:55", "tweet": "@alexcferrara @AusTeslaOwners My fog lights were included too although when I asked the delivery chap he said Tesla would contact me to arrange fitting of fog lights when stock arrives. I don't think he knew what I was talking about.", "likes_count": 3, "replies_count": 1, "retweets_count": 0, "hashtags": []}
{"id": 1172678078381740032, "date": "2019-09-13", "time": "21:06:55", "tweet": "@coloPiPhoto @elonmusk @Tesla Selling the car and stock doesn't impact $tslaq or @elonmusk . They already have your money. Tweets don't work either b/c no blue check. Tell people you know the truth. Best of luck.", "likes_count": 3, "replies_count": 0, "retweets_count": 0, "hashtags": []}
{"id": 1172674287183876097, "date": "2019-09-13", "time": "20:51:51", "tweet": "@elonmusk @Wikipedia I see Tesla stock ?", "likes_count": 1, "replies_count": 0, "retweets_count": 0, "hashtags": []}
{"id": 1172662918774743045, "date": "2019-09-13", "time": "20:06:41", "tweet": "@Stock_Truth @Bionerd51 Unfortunately DI should be running sarepta as a business, not just a drug development project.  Optimal outcome should not just be the “perfect” drug. Elon musk could have unlimited access to investors for cash for Tesla. DI is no Elon. He needs to choose and execute better", "likes_count": 1, "replies_count": 1, "retweets_count": 0, "hashtags": []}
