{"id": 1119748035238477825, "date": "2019-04-20", "time": "19:41:50", "tweet": "@tslaqpodcast @russ1mitchell @Tesla made zero cars in 2011, now ~8 years later they’re the 3rd best luxury US car maker in 2019!  Did your best stock pic / company ever accomplish anything like this?  It’s incrdible.  Just that fact you have to agree with.  Get your head out of your ass!  https://t.co/fUPtGmVY6t", "likes_count": 0, "replies_count": 0, "retweets_count": 0, "hashtags": []}
{"id": 1119745002966532097, "date": "2019-04-20", "time": "19:29:47", "tweet": "@enn_nafnlaus @SEC_Enforcement @elonmusk and @tesla should sue @skabooshka (AKA Randeep Hothi) and the @SEC_Enforcement should investigate whether he has a short position and tried to manipulate the stock with this criminal attack. This pathetic man should be in prison.", "likes_count": 6, "replies_count": 0, "retweets_count": 2, "hashtags": []}
{"id": 1119735240631701504, "date": "2019-04-20", "time": "18:50:59", "tweet": "New post (With Interest: The Week in Business: Pinterest Provides I.P.O. Inspiration and Tesla Shows Off Self-Driving Cars) has been published on easy stock market -  https://t.co/67gxpltezN", "likes_count": 0, "replies_count": 0, "retweets_count": 0, "hashtags": []}
{"id": 1119734306316926978, "date": "2019-04-20", "time": "18:47:16", "tweet": "@SpiceWare @enn_nafnlaus @Horse_Jon @elonmusk @Tesla @FremontPD @SEC_Enforcement Shorts are not investors, they hold no stock.  Shorts artificially increase the supply of stock, driving the price down to harm companies.  Shorting in itself is stock manipulation and incentives any behavior that would harm stock value.", "likes_count": 0, "replies_count": 0, "retweets_count": 0, "hashtags": []}
{"id": 1119728459381661696, "date": "2019-04-20", "time": "18:24:02", "tweet": "@tesla_truth @JordanWells33 I haven't seen one compelling argument to be long the stock. Where are these futures earnings coming from? Autonomous fleet. At best that's 10+ years away. And in that time, don't you think Uber or Waymo, with infinitely deeper pockets, will be there first?", "likes_count": 1, "replies_count": 2, "retweets_count": 0, "hashtags": []}
{"id": 1119727166063824900, "date": "2019-04-20", "time": "18:18:54", "tweet": "Bravo 👏 @Tesla This is a perfect example of why “shorting” (betting a stock price will go down) only leads to bad behavior, in this case illegal behavior! Great job exposing this criminal activity @enn_nafnlaus", "likes_count": 1, "replies_count": 0, "retweets_count": 0, "hashtags": []}
{"id": 1119723420546142209, "date": "2019-04-20", "time": "18:04:01", "tweet": "$tslaq not ALL dumb? Some paid to #TeslaSmear. More than $20 trillion to lose&gt;&gt;&gt;  -attack Musk -suppress the stock price  -slow @Tesla growth  Even @SEC_Enforcement has anti-Tesla industry links.  Best pro $TSLA fight: buy shares!? (ability to hold for years is ESSENTIAL?)", "likes_count": 7, "replies_count": 0, "retweets_count": 3, "hashtags": ["teslasmear"]}
{"id": 1119721259439415296, "date": "2019-04-20", "time": "17:55:26", "tweet": "@DrShaena Tesla stock fair value, I understand. @elonmusk", "likes_count": 0, "replies_count": 0, "retweets_count": 0, "hashtags": []}
{"id": 1119719429040955393, "date": "2019-04-20", "time": "17:48:09", "tweet": "@teslamodel3fan @Tesla Agree but don’t think they have ever gone out of stock for those?", "likes_count": 1, "replies_count": 1, "retweets_count": 0, "hashtags": []}
{"id": 1119716268104454150, "date": "2019-04-20", "time": "17:35:36", "tweet": "@atokosch_61 @Tesla Odd but hope they can at least keep plenty in stock.", "likes_count": 2, "replies_count": 1, "retweets_count": 0, "hashtags": []}
{"id": 1119703544968298496, "date": "2019-04-20", "time": "16:45:02", "tweet": "Tesla’s Elon Musk could earn up to $2.2 billion from stock options - Fox Business  https://t.co/7XlbxAlFdo", "likes_count": 0, "replies_count": 0, "retweets_count": 0, "hashtags": []}
{"id": 1119703204588138497, "date": "2019-04-20", "time": "16:43:41", "tweet": "#Tesla’s #ElonMusk could earn up to $2.2 billion from stock options Full Story:  https://t.co/WXUHdWEfak  https://t.co/GQXXscBx1m", "likes_count": 1, "replies_count": 0, "retweets_count": 0, "hashtags": ["tesla", "elonmusk"]}
{"id": 1119696534864564231, "date": "2019-04-20", "time": "16:17:11", "tweet": "Tesla’s Elon Musk could earn up to $2.2 billion from stock options - Fox Business  https://t.co/m1ePBjH0gY via @GoogleNews", "likes_count": 0, "replies_count": 0, "retweets_count": 0, "hashtags": []}
{"id": 1119693920848400384, "date": "2019-04-20", "time": "16:06:48", "tweet": "Tesla's Elon Musk could earn up to $2.2 billion from stock options - Fox Business | I wonder if he’ll thank U.S. taxpayers for making him richer?  https://t.co/bHXm59chTV", "likes_count": 0, "replies_count": 0, "retweets_count": 0, "hashtags": []}
{"id": 1119689732429103107, "date": "2019-04-20", "time": "15:50:09", "tweet": "Tesla Stock Drops After Elon Musk’s Emotional Interview With The NYT  https://t.co/F3BWj0Yv8S  https://t.co/oI0LIQ7o8N", "likes_count": 0, "replies_count": 0, "retweets_count": 0, "hashtags": []}
{"id": 1119677124166553601, "date": "2019-04-20", "time": "15:00:03", "tweet": "Tesla’s Elon Musk could earn up to $2.2 billion from stock options - Fox Business  https://t.co/tGx06gkDMQ US Business  https://t.co/WW9TZ5opYJ", "likes_count": 1, "replies_count": 0, "retweets_count": 4, "hashtags": []}
{"id": 1119670109168128000, "date": "2019-04-20", "time": "14:32:11", "tweet": "Tesla’s Elon Musk earned $2.2 billion in 2018 from stock options - Fox Business  https://t.co/HF0LoMlYQV via @GoogleNews", "likes_count": 0, "replies_count": 0, "retweets_count": 0, "hashtags": []}
{"id": 1119669403346505730, "date": "2019-04-20", "time": "14:29:22", "tweet": "#Tesla’s #ElonMusk could earn up to $2.2 billion from stock options   https://t.co/jxkj4T5tcv", "likes_count": 1, "replies_count": 0, "retweets_count": 0, "hashtags": ["tesla", "elonmusk"]}
{"id": 1119666524946436096, "date": "2019-04-20", "time": "14:17:56", "tweet": "When I wrote this story last summer, both Lambert and Weintraub told me that they did not own Tesla stock at that time. Apparently that has changed... although their vague and buried \"disclosure\" hasn't.  https://t.co/1dbc09XSvW", "likes_count": 21, "replies_count": 1, "retweets_count": 8, "hashtags": []}
{"id": 1119666118489198597, "date": "2019-04-20", "time": "14:16:19", "tweet": "Unreasonably mad I cant find a stock image of someone playing an original Gameboy while driving a Tesla. Wtf kind of sick world is this", "likes_count": 2, "replies_count": 0, "retweets_count": 0, "hashtags": []}
{"id": 1119665244954034178, "date": "2019-04-20", "time": "14:12:51", "tweet": "Tesla’s Elon Musk could earn up to $2.2 billion from stock options - Fox Business  https://t.co/HdSgIf1VAX", "likes_count": 0, "replies_count": 0, "retweets_count": 0, "hashtags": []}
{"id": 1119661607137828865, "date": "2019-04-20", "time": "13:58:24", "tweet": "@WPipperger @HelperTesla @tesla_truth As a carmaker the stock price is ok now ( overvalue you could say ) , but Tesla is more than a car company , that’s what I think and because of that the stock will go up in the future", "likes_count": 2, "replies_count": 0, "retweets_count": 0, "hashtags": []}
{"id": 1119661348042887169, "date": "2019-04-20", "time": "13:57:22", "tweet": "@TeslaModel32 @Tesla @elonmusk @Kristennetten It is also curious that ride sharing was not innovated by the traditional rental car companies, but these things need a disruptive leader at the helm rather than a corporate “business as usual” mindset with “private equity” owners or a stock market to answer to.", "likes_count": 0, "replies_count": 0, "retweets_count": 0, "hashtags": []}
{"id": 1119660728447918081, "date": "2019-04-20", "time": "13:54:54", "tweet": "@WPipperger @HelperTesla @tesla_truth The stock right now has a good price but technology and FSD are gonna make it go up 🚀🚀 in the long run starting Monday", "likes_count": 2, "replies_count": 1, "retweets_count": 0, "hashtags": []}
{"id": 1119652786323513344, "date": "2019-04-20", "time": "13:23:21", "tweet": "Tesla’s Elon Musk could earn up to $2.2 billion from stock options – Fox Business  https://t.co/8z1xHSwxiz", "likes_count": 0, "replies_count": 0, "retweets_count": 0, "hashtags": []}
{"id": 1119652228917354508, "date": "2019-04-20", "time": "13:21:08", "tweet": "@atokosch_61 If need alignment I like the idea of going to Tesla especially if getting stock tires. I would swap on the extra wheels myself and have MrTire put on the tires, if they have what you want get it there. If I was buying now I would get Conti pure contact LS but no Conti at mrtire", "likes_count": 1, "replies_count": 1, "retweets_count": 0, "hashtags": []}
{"id": 1119652208306339840, "date": "2019-04-20", "time": "13:21:03", "tweet": "Stock Scope: Indicators in View for Tesla Inc (TSLA) as Channel Indicator Reaches Hold - Chandler Caller  https://t.co/bsWTayrg5t dlvrit #Tesla", "likes_count": 0, "replies_count": 0, "retweets_count": 0, "hashtags": ["tesla"]}
{"id": 1119651923379015681, "date": "2019-04-20", "time": "13:19:55", "tweet": "Tesla’s Elon Musk could earn up to $2.2 billion from stock options -  https://t.co/Eh83ljA7dh #VIXC #LatestComments", "likes_count": 0, "replies_count": 0, "retweets_count": 0, "hashtags": ["vixc", "latestcomments"]}
{"id": 1119649530314670080, "date": "2019-04-20", "time": "13:10:24", "tweet": "Tesla’s Elon Musk could earn up to $2.2 billion from stock options – Fox Business  https://t.co/iMg8521dra", "likes_count": 0, "replies_count": 0, "retweets_count": 0, "hashtags": []}
{"id": 1119649038352171009, "date": "2019-04-20", "time": "13:08:27", "tweet": "Tesla’s Elon Musk could earn up to $2.2 billion from stock options – Fox Business  https://t.co/pjbv1CWQFP", "likes_count": 0, "replies_count": 0, "retweets_count": 0, "hashtags": []}
{"id": 1119648175327866882, "date": "2019-04-20", "time": "13:05:01", "tweet": "@grftn_ @ValueAnalyst1 @AngelNDevil2 @tesla_truth @GerberKawasaki @EcoHeliGuy @ElonsWorld @DisruptResearch If tomorrow Tesla announces they are scrapping Tesla Network plans the stock will tank minimum 5% just on the  news. Then lot of bulls/funds whose bullish thesis involve Tesla network will slowly bail out adding more downward pressure. I would say min 15%", "likes_count": 0, "replies_count": 0, "retweets_count": 0, "hashtags": []}
{"id": 1119647661123092486, "date": "2019-04-20", "time": "13:02:59", "tweet": "@line_bosman @elonmusk He's been given warnings from a lot of impt people incl on his board to not go on Twitter rampages that affect Tesla's stock. So he'll respond to customers, announce stuff that's been 👍🏻 through corp comm or legal, and engage in silly fun stuff.", "likes_count": 1, "replies_count": 0, "retweets_count": 0, "hashtags": []}
{"id": 1119645029813891072, "date": "2019-04-20", "time": "12:52:31", "tweet": "Tesla’s Elon Musk could earn up to $2.2 billion from stock options – Fox Business  https://t.co/IeQvjB6RB7  https://t.co/wZfrGablLT", "likes_count": 0, "replies_count": 0, "retweets_count": 0, "hashtags": []}
{"id": 1119643362695548934, "date": "2019-04-20", "time": "12:45:54", "tweet": "Tesla’s Elon Musk could earn up to $2.2 billion from stock options   https://t.co/pJGtJpN0xs #FoxBusiness", "likes_count": 0, "replies_count": 0, "retweets_count": 0, "hashtags": ["foxbusiness"]}
{"id": 1119642804425248768, "date": "2019-04-20", "time": "12:43:41", "tweet": "Tesla’s Elon Musk could earn up to $2.2 billion from stock options  https://t.co/gYEkhEOmjb", "likes_count": 0, "replies_count": 0, "retweets_count": 0, "hashtags": []}
{"id": 1119642411842588673, "date": "2019-04-20", "time": "12:42:07", "tweet": "Tesla Stock Speeds Toward Brink as Analyst Warns of &amp;#8216;Outright Disaster&amp;#8217;  https://t.co/2Ulh2xXSjZ", "likes_count": 0, "replies_count": 0, "retweets_count": 0, "hashtags": []}
{"id": 1119642103032766467, "date": "2019-04-20", "time": "12:40:53", "tweet": "Recall that I’d been a long-time $TSLA bear up until I changed my mind in the midst of all this research. I’ve now been buying a lot of Tesla stock for my hedge fund and personal account. I feel like I got really lucky in the timing of this Tesla change of heart here. (contd)", "likes_count": 7, "replies_count": 4, "retweets_count": 2, "hashtags": []}
{"id": 1119641507982643200, "date": "2019-04-20", "time": "12:38:32", "tweet": "@CovelloMassimo Are you running 19” still? Any recommendations for what to replace the stock Tesla tires with?  Apparently Tesla charges $350 to just put new tires on wheels... 😒 so nvm just going to get my alignment done at Tesla.", "likes_count": 1, "replies_count": 2, "retweets_count": 0, "hashtags": []}
{"id": 1119641154293837824, "date": "2019-04-20", "time": "12:37:07", "tweet": "Tesla’s Elon Musk could earn up to $2.2 billion from stock options   https://t.co/FSNGfsR8yo #FoxBusiness", "likes_count": 1, "replies_count": 0, "retweets_count": 0, "hashtags": ["foxbusiness"]}
{"id": 1119638242557476865, "date": "2019-04-20", "time": "12:25:33", "tweet": "Damn few people understand Corporate/Executive stock options.👇 Tesla’s Elon Musk earned $2.2 billion from stock options   https://t.co/T3UFJSHxpK #FoxBusiness", "likes_count": 0, "replies_count": 0, "retweets_count": 0, "hashtags": ["foxbusiness"]}
