{"id": 1124824379500613632, "date": "2019-05-04", "time": "19:53:24", "tweet": "@teslaownersSV @Tesla And even if the stock leveled at half of today's price it would still eclipse 95%of legacy Automakers, that fact seems to be missed in all the reporting.", "likes_count": 1, "replies_count": 0, "retweets_count": 0, "hashtags": []}
{"id": 1124816026493788160, "date": "2019-05-04", "time": "19:20:13", "tweet": "@arbissell Tesla is hedging the dilution/possible cash outlay in case the converts are above the conversion price. That’s the headline, this cost a bundle, pumps up the stock raise part, and helps market the convert to hedge funds who will short the stock to own it.", "likes_count": 5, "replies_count": 2, "retweets_count": 0, "hashtags": []}
{"id": 1124815945896038400, "date": "2019-05-04", "time": "19:19:54", "tweet": "@Trumpery45 OMFG... Tesla buys calls to force banks to buy stock to balance hedge funds shorting stock to pair with the convertible???", "likes_count": 51, "replies_count": 5, "retweets_count": 5, "hashtags": []}
{"id": 1124815424363700224, "date": "2019-05-04", "time": "19:17:49", "tweet": "@arbissell It’s not a Potemkin raise it’s just tesla spent a fortune on the whole thing (a large part of the headline proceeds) to pump up the stock part of it by more than 220% and to make the convert palatable for hedge funds who don’t care about Tesla.", "likes_count": 7, "replies_count": 1, "retweets_count": 0, "hashtags": []}
{"id": 1124814805708169216, "date": "2019-05-04", "time": "19:15:22", "tweet": "@PdxSag Ok so the convert needs to be bought and hedged but that can’t crash the stock. This trickery helped reassure hedgies buying that hedging the convert they weren’t gonna crash the stock price. That’s one aspect. The optionalality in convert bought back by Tesla is the mechanism.", "likes_count": 25, "replies_count": 1, "retweets_count": 0, "hashtags": []}
{"id": 1124814022203858945, "date": "2019-05-04", "time": "19:12:15", "tweet": "#Tesla #Seeks to Raise $2 Billion in Sale of Stock and Debt  https://t.co/TR6VOlLUSv  https://t.co/aIEfdukquj", "likes_count": 0, "replies_count": 0, "retweets_count": 0, "hashtags": ["tesla", "seeks"]}
{"id": 1124801812563943424, "date": "2019-05-04", "time": "18:23:44", "tweet": "@TilmanWinkler @KMedvedey @justtradin @robinivski The stock is worthless. The market just doesn’t know it yet. Tesla is a 0, soon enough you’ll see they aren’t worth 7-8x industry peers. It’s a growth stock that doesn’t have a growth story. Shifting to value stock, which doesn’t have any value", "likes_count": 0, "replies_count": 1, "retweets_count": 0, "hashtags": []}
{"id": 1124797221629722626, "date": "2019-05-04", "time": "18:05:30", "tweet": "Stock Market News: Tesla Raises Cash; Beyond Meat Heads for IPO  https://t.co/W0gJLSw7q1", "likes_count": 0, "replies_count": 0, "retweets_count": 0, "hashtags": []}
{"id": 1124793574804021248, "date": "2019-05-04", "time": "17:51:00", "tweet": "[Big spender! Billionaire Elon Musk takes girlfriend Grimes on date-night in Malibu just hours after announcing plan to buy $25m of Tesla stock]  https://t.co/w9g42jHchy legit?", "likes_count": 0, "replies_count": 0, "retweets_count": 0, "hashtags": []}
{"id": 1124788758295924736, "date": "2019-05-04", "time": "17:31:52", "tweet": "@DavidDobrik how’s the tesla stock goin", "likes_count": 1, "replies_count": 0, "retweets_count": 0, "hashtags": []}
{"id": 1124788737853075456, "date": "2019-05-04", "time": "17:31:47", "tweet": "#Tesla #Seeks to Raise $2 Billion in Sale of Stock and Debt  https://t.co/TR6VOlLUSv  https://t.co/TLRpP1f0tb", "likes_count": 0, "replies_count": 0, "retweets_count": 0, "hashtags": ["tesla", "seeks"]}
{"id": 1124788572291239937, "date": "2019-05-04", "time": "17:31:07", "tweet": "@dedjohnn Buy Tesla stock immediately, I will make you rich. I can’t wait until you don’t do it and look back at this reply in two years", "likes_count": 2, "replies_count": 0, "retweets_count": 0, "hashtags": []}
{"id": 1124787672176676864, "date": "2019-05-04", "time": "17:27:33", "tweet": "$TSLA Buffet is forgetful and generous in his old old age. he thinks @Tesla is a car manufacturing company but its CEO says it is a robo taxi company. Keen observers know it is a stock printing company.", "likes_count": 10, "replies_count": 0, "retweets_count": 1, "hashtags": []}
{"id": 1124787524134551552, "date": "2019-05-04", "time": "17:26:57", "tweet": "@KawasakiKR11 @YoupDeBoer @passthebeano Yeah, an IPO and BK would never fly. Selling a money-losing biz for cash and assumed debt, however, is pretty easy. Only question is could new Tesla maintain its stock price. Chagrined to say I bet it could.", "likes_count": 2, "replies_count": 1, "retweets_count": 0, "hashtags": []}
{"id": 1124783394607357952, "date": "2019-05-04", "time": "17:10:33", "tweet": "Tesla, Inc. (NASDAQ:TSLA): Stock Under Review - Glenwood Guardian  https://t.co/XGZe1S10r9 dlvrit #Tesla", "likes_count": 0, "replies_count": 0, "retweets_count": 0, "hashtags": ["tesla"]}
{"id": 1124778809620721664, "date": "2019-05-04", "time": "16:52:20", "tweet": "Tesla Stock Up as Elon Musk Announces Plans to Raise $2 Billion via @Entrepreneur   https://t.co/RZKV6wrDgU", "likes_count": 0, "replies_count": 0, "retweets_count": 0, "hashtags": []}
{"id": 1124776134338588672, "date": "2019-05-04", "time": "16:41:42", "tweet": "@omarqazi @gwestr In other words, the option market assumed Tesla would be able to continue operations.  The stock has seen another dynamic which is large investors getting out. Which I expect to continue, by the way.", "likes_count": 0, "replies_count": 1, "retweets_count": 0, "hashtags": []}
{"id": 1124772495318503424, "date": "2019-05-04", "time": "16:27:14", "tweet": "@GerberKawasaki You're playing a dangerous game of \"pin your false hopes on a donkey.\" FSD is a scam. Musk is pulling his propaganda pump but it's no longer connected to the stock price. The jig is up. Tesla is wildly overvalued, and is in a very precarious position. $TSLA $TSLAQ", "likes_count": 4, "replies_count": 0, "retweets_count": 2, "hashtags": []}
{"id": 1124768297990230016, "date": "2019-05-04", "time": "16:10:34", "tweet": "Tesla Stock Up as Elon Musk Announces Plans to Raise $2 Billion  https://t.co/O8KMwRKpJQ  https://t.co/oKim6CjWmu", "likes_count": 0, "replies_count": 0, "retweets_count": 0, "hashtags": []}
{"id": 1124765726131335169, "date": "2019-05-04", "time": "16:00:20", "tweet": "@BienSur_JeTaime I understand comfort.  I understand wanting too much. This... this is crazy. 200,000 a month a bitch gonna hv tesla stock, 4 cribs, 3 cars, a retirement plan, life goals, nannys, the works. If L.A 2expensive shit theres other areas of Cali...im OUT🙌wit a check!", "likes_count": 0, "replies_count": 0, "retweets_count": 0, "hashtags": []}
