{"id": 1096899218088685568, "date": "2019-02-16", "time": "17:28:47", "tweet": "@subach @OfficialJoelF @Tesla It really is a shame that the @SEC_Enforcement doesn’t have authority over shorts spreading lies on Twitter in an attempt to try to influence a stock price for their own profit.", "likes_count": 0, "replies_count": 0, "retweets_count": 0, "hashtags": []}
{"id": 1096886654051049472, "date": "2019-02-16", "time": "16:38:52", "tweet": "#ElectricCar: Why Tesla TSLA is My Top Stock to Buy in February ...  https://t.co/X3hVQiZkQA", "likes_count": 0, "replies_count": 0, "retweets_count": 0, "hashtags": ["electriccar"]}
{"id": 1096863928037109760, "date": "2019-02-16", "time": "15:08:33", "tweet": "Tesla Model 3 = #1 Best Selling Electric Car in World, 7% of Global EV Market in 2018 - CleanTechnica  https://t.co/WtSMtOunVx", "likes_count": 0, "replies_count": 0, "retweets_count": 0, "hashtags": []}
{"id": 1096863007278133248, "date": "2019-02-16", "time": "15:04:54", "tweet": "@Robotbeat @Polixenes13 @TeslaCharts My proposed follow up to that bet, (which I'll allow to be a tie) Tesla says it sold 90,700 total in  Q4.  I will bet they sell less than 90,700 x 4 in 2019  less than 362,800 They are no longer a growth stock, and don't deserve their 40+ PE. (BMW PE=8.7)", "likes_count": 0, "replies_count": 2, "retweets_count": 0, "hashtags": []}
{"id": 1096838934364065792, "date": "2019-02-16", "time": "13:29:14", "tweet": "Aerovironment $AVAV Holder Fisher Asset Management Has Upped Its Stake by $2.35 Million as Valuation Declined; As Tesla $TSLA Stock Rose, Ctc Has Boosted Its Position by $15.59 Million   https://t.co/gJU4GgMBs7", "likes_count": 0, "replies_count": 0, "retweets_count": 0, "hashtags": []}
{"id": 1096829213762617344, "date": "2019-02-16", "time": "12:50:37", "tweet": "@360kmph Not the car but I was talking about the stock? EV cars are really fossil fuel cars bc the electricity which is inside Tesla battery comes from a plant which runs on fossil fuel.", "likes_count": 0, "replies_count": 0, "retweets_count": 0, "hashtags": []}
{"id": 1096827311289118720, "date": "2019-02-16", "time": "12:43:03", "tweet": "@teslatidbits @Tesla That’s too bad because they could sell a boat load of these if they would keep them in stock.  https://t.co/ZFML4dwSZZ", "likes_count": 2, "replies_count": 0, "retweets_count": 0, "hashtags": []}
{"id": 1096815430889558016, "date": "2019-02-16", "time": "11:55:51", "tweet": "Post on February 12, 2019@4:04pm:  Ever Dreamed Of Working For Whitney Tilson? Today Is Your Lucky Day! Join His Current Analyst “Who owns a Tesla, which he loves, and is bullish on the stock”  https://t.co/wepKKJ4FYo    In #ValueWalk", "likes_count": 1, "replies_count": 0, "retweets_count": 0, "hashtags": ["valuewalk"]}
{"id": 1096810197194919936, "date": "2019-02-16", "time": "11:35:03", "tweet": "DLVRIT: These stock’s have rarely let down their Holders: Tesla, Inc. (TSLA), Twilio Inc. (TWLO) - MONReport  https://t.co/xU0inCyvu3 #Tesla", "likes_count": 0, "replies_count": 0, "retweets_count": 0, "hashtags": ["tesla"]}
{"id": 1096809817467961344, "date": "2019-02-16", "time": "11:33:32", "tweet": "@kugraduate @serahsue @sharon_rues I would have just renamed it The Fat Foot Barn and had a physician on staff handing out furosemide at the front stall.   I’ve always though Elon Musk’s “cash cow” would be selling electric scooters to fat people who have always worn cheap shoes. Crap.   Sell your Tesla stock", "likes_count": 1, "replies_count": 1, "retweets_count": 0, "hashtags": []}
{"id": 1096805733444845568, "date": "2019-02-16", "time": "11:17:19", "tweet": "Tesla Inc $TSLA Director Antonio J. Gracias Sells 16,780 Shares of Stock  https://t.co/G6mCptTcjO #markets", "likes_count": 0, "replies_count": 0, "retweets_count": 0, "hashtags": ["markets"]}
{"id": 1096796076193894400, "date": "2019-02-16", "time": "10:38:56", "tweet": "@chris_stearns @Tesla It may well be bullish for near term stock price, as institutional owners decide price, and they like this arrangement I’m sure. Will they raise again? I they don’t I’m waiting to see the cash and demand crunch acknowledgment via share price drop, it is completely inevitable.", "likes_count": 0, "replies_count": 0, "retweets_count": 0, "hashtags": []}
{"id": 1096795143884156928, "date": "2019-02-16", "time": "10:35:14", "tweet": "Enjoy This Relaxing Drive Experience In A Tesla Model S 100D: Video  https://t.co/9ryO3baDki", "likes_count": 0, "replies_count": 0, "retweets_count": 0, "hashtags": []}
{"id": 1096795095255269379, "date": "2019-02-16", "time": "10:35:02", "tweet": "DLVRIT: Tesla Inc.(Nasdaq:TSLA): Why Tesla (TSLA) is My Top Stock to Buy in February -  https://t.co/OpbNfYpOmH  https://t.co/DjRVT2xy7L #Tesla", "likes_count": 0, "replies_count": 0, "retweets_count": 0, "hashtags": ["tesla"]}
{"id": 1096793929524170753, "date": "2019-02-16", "time": "10:30:24", "tweet": "ELECTRIC STOCK 🔌⚡  We have a Tesla Model X P90DL fresh in stock.  Full details and images here📌  https://t.co/a2QCb29bwk  https://t.co/IHVmhMzvPr", "likes_count": 1, "replies_count": 0, "retweets_count": 0, "hashtags": []}
{"id": 1096790934581329920, "date": "2019-02-16", "time": "10:18:30", "tweet": "@ValueAnalyst1 @TslaTimeCapsule I was backstage at the show on Wednesday. Spoke to him backstage and it’s clear that he loves Tesla and wishes he had one. My opinion - He has to evaluate the stock based on wall st. analyst methods and forecast models but it’s valuation would be much higher if it was PE backed  https://t.co/BOwXne6zvg", "likes_count": 1, "replies_count": 2, "retweets_count": 0, "hashtags": []}
{"id": 1096787660419543040, "date": "2019-02-16", "time": "10:05:30", "tweet": "More And More Tesla Model 3 Reach Norway: Sales Imminent  https://t.co/PpS2ims71v", "likes_count": 0, "replies_count": 0, "retweets_count": 0, "hashtags": []}
{"id": 1096787658775425024, "date": "2019-02-16", "time": "10:05:29", "tweet": "The Reason Tesla Spent $218 Million On Maxwell Technologies  https://t.co/gkijRUFdDE", "likes_count": 0, "replies_count": 0, "retweets_count": 0, "hashtags": []}
{"id": 1096777727091331073, "date": "2019-02-16", "time": "09:26:01", "tweet": "@OmorfiPhos It’s for financial Twitter. Stock tickers after the $ like $cbs $aapl $tsla $msft CBS Apple Tesla Microsoft if you don’t actively follow the stock market your not missing much.", "likes_count": 1, "replies_count": 0, "retweets_count": 1, "hashtags": []}
{"id": 1096774495891804160, "date": "2019-02-16", "time": "09:13:11", "tweet": "tesla-needs-to-expedite-its-plans-for-an-electric-pickup-truck-before-it-loses-a-key-advantage-tsla-gm-f   https://t.co/YFVcnsY8EU  #ideas #business #news #stock", "likes_count": 0, "replies_count": 0, "retweets_count": 0, "hashtags": ["ideas", "business", "news", "stock"]}
