{"id": 1277028789885628416, "date": "2020-06-27", "time": "19:59:24", "tweet": "$TSLA   Tesla’s Q2 sales, impacted by COVID, will be catalyst for the stock next week  https://t.co/MwOAlul81T", "likes_count": 2, "replies_count": 1, "retweets_count": 2, "hashtags": []}
{"id": 1277028346589851653, "date": "2020-06-27", "time": "19:57:38", "tweet": "@flcnhvy @TeslaKidGiga4 @elonmusk I hope @elonmusk sends you a cybertruck. Tesla fans and stock holders should chip in. #IGot5OnIt", "likes_count": 0, "replies_count": 0, "retweets_count": 0, "hashtags": ["igot5onit"]}
{"id": 1277027706232848385, "date": "2020-06-27", "time": "19:55:05", "tweet": "Tesla stock is too low imo", "likes_count": 2, "replies_count": 0, "retweets_count": 0, "hashtags": []}
{"id": 1277023892784070656, "date": "2020-06-27", "time": "19:39:56", "tweet": "@heydave7 The elk is asking if 1000$ is overvalued for Tesla stock", "likes_count": 0, "replies_count": 0, "retweets_count": 0, "hashtags": []}
{"id": 1277022205973536774, "date": "2020-06-27", "time": "19:33:14", "tweet": "@24mobius42 @Real_Futurist When’s Q2? And do you mean q2 to be solid as in Tesla stock will go up?", "likes_count": 0, "replies_count": 1, "retweets_count": 0, "hashtags": []}
{"id": 1277021299492048896, "date": "2020-06-27", "time": "19:29:38", "tweet": "@marc_benton @chinanderm @WholeMarsBlog Trevor is Nikola motors stock promoter in chief and dismisses folks with legitimate questions. I’m genuinely interested in the Tesla twitter ecosystem.", "likes_count": 1, "replies_count": 1, "retweets_count": 0, "hashtags": []}
{"id": 1277020532806991873, "date": "2020-06-27", "time": "19:26:35", "tweet": "@meme_man12345 @RationalEtienne @elonmusk @woodhaus2 @28delayslater @EvaFoxU @Hein_The_Slayer @Kristennetten @mayemusk @PPathole @SamTalksTesla @OfficialABQ @austinbarnard45 Not inclusive of stock compensation.  Try again.  Tesla's stock has averaged 50% YoY growth since its inception.  Long-term workers are now wealthy because of this.", "likes_count": 7, "replies_count": 1, "retweets_count": 1, "hashtags": []}
{"id": 1277017392892178432, "date": "2020-06-27", "time": "19:14:06", "tweet": "Stop spending money on useless shit. Buy a few investment properties and rent them out. Buy some Tesla stock, or Amazon. Make your money make you more money.", "likes_count": 0, "replies_count": 0, "retweets_count": 0, "hashtags": []}
{"id": 1277009379179495424, "date": "2020-06-27", "time": "18:42:16", "tweet": "@NotDannyPaz @Oscaarxog @deenerd @solterojack00 @ashvecellio And have u seen what people done to Tesla’s fully gutted ? Ran the quarter mile in 10.7 seconds bro , I’m talking stock cars idk what u doing to ur car", "likes_count": 0, "replies_count": 1, "retweets_count": 0, "hashtags": []}
{"id": 1276997669022384128, "date": "2020-06-27", "time": "17:55:44", "tweet": "@Real_Futurist @SamTalksTesla Something to know for Tesla quarterly reporting and news cycles. During Full self driving day, what should have been news that sent the stock skyrocketing was not understood well enough and the stock crashed further.  The stock does not react to things like a normal stock should.", "likes_count": 3, "replies_count": 0, "retweets_count": 0, "hashtags": []}
{"id": 1276997089323634690, "date": "2020-06-27", "time": "17:53:26", "tweet": "@Real_Futurist I have Tesla stock, problem is the price of the stock often does not reflect the end of quarter positive or negative reports . The market seems to be pushing down. Long term yes it will be good either way, I might wait and see if it drops again with the market and get more", "likes_count": 1, "replies_count": 0, "retweets_count": 0, "hashtags": []}
{"id": 1276994936370585600, "date": "2020-06-27", "time": "17:44:52", "tweet": "@SaganOn_ @Tesla No. $TSLA bears r corrupt. They engage in disinformation campaigns like the time @businessinsider lied and told the entire market that Tesla isn't performing brake &amp; roll test to meet Model 3 delivery targets. It was demonstrably false but they managed to hurt the stock 30%.", "likes_count": 1, "replies_count": 1, "retweets_count": 0, "hashtags": []}
{"id": 1276993383051988992, "date": "2020-06-27", "time": "17:38:42", "tweet": "@markleach23 @shangguanyue197 @Tesla Mark, read up on #TeslaIncommunicadoIssues. It's the Tesla way to purposefully ignore customers entreaties because #CarSoldCustomerForgotten is the main pump for its stock price.   Service is anathema to the #SociopathicSiliconValleyBro in charge. #TeslaBrandDestruction grows.", "likes_count": 0, "replies_count": 0, "retweets_count": 0, "hashtags": ["teslaincommunicadoissues", "carsoldcustomerforgotten", "sociopathicsiliconvalleybro", "teslabranddestruction"]}
{"id": 1276988131749715968, "date": "2020-06-27", "time": "17:17:50", "tweet": "Tesla Is Now the World’s No. 1 Automaker - Stock Breaks $1,000  https://t.co/p37tnA0h47", "likes_count": 0, "replies_count": 0, "retweets_count": 0, "hashtags": []}
{"id": 1276985707505033216, "date": "2020-06-27", "time": "17:08:12", "tweet": "Tesla’s Q2 sales, impacted by COVID, will be catalyst for the stock next week", "likes_count": 0, "replies_count": 0, "retweets_count": 0, "hashtags": []}
{"id": 1276984288659951616, "date": "2020-06-27", "time": "17:02:34", "tweet": "$TSLA Tesla Inc Stock Robo Analyst June 26 2020 #TSLA  https://t.co/0S67Qbc4Qt #stocks #trading #charts", "likes_count": 0, "replies_count": 0, "retweets_count": 0, "hashtags": ["tsla", "stocks", "trading", "charts"]}
{"id": 1276982074524778496, "date": "2020-06-27", "time": "16:53:46", "tweet": "Tesla..What Can You Say!! #tesla #tsla #stock #stockmarket #options #money #cars #tech #technology  https://t.co/QyvAYYiJfB", "likes_count": 0, "replies_count": 0, "retweets_count": 0, "hashtags": ["tesla", "tsla", "stock", "stockmarket", "options", "money", "cars", "tech", "technology"]}
{"id": 1276980616899198983, "date": "2020-06-27", "time": "16:47:58", "tweet": "If you had to choose between Nikola ( $NKLA ) stock and Tesla ( $TSLA ), there's really only one safe bet.  https://t.co/FIPYx5g82L", "likes_count": 1, "replies_count": 0, "retweets_count": 1, "hashtags": []}
{"id": 1276980353962356736, "date": "2020-06-27", "time": "16:46:56", "tweet": "The biggest companies in the USA  market, such as Amazon, Apple, and Tesla must make their own AI chips, but not every company has the giant R&amp;D budgets. Stop Stock Buyback and make R&amp;D for AI. The USA Schools Need Resource for AI Education also.", "likes_count": 0, "replies_count": 0, "retweets_count": 0, "hashtags": []}
{"id": 1276978415543947270, "date": "2020-06-27", "time": "16:39:14", "tweet": "@ev_stock Appreciate the video and interview. I’d be interested in hearing from someone at ABML about their relevance and vision.  They’ve got a few #tesla ex-employees now", "likes_count": 1, "replies_count": 0, "retweets_count": 0, "hashtags": ["tesla"]}
{"id": 1276972928001695744, "date": "2020-06-27", "time": "16:17:25", "tweet": "@StevenTDennis Looks like Tesla stock price.", "likes_count": 0, "replies_count": 0, "retweets_count": 0, "hashtags": []}
{"id": 1276972029053468672, "date": "2020-06-27", "time": "16:13:51", "tweet": "@elonmusk I look up to you very much. I don't have enough money to buy Tesla stock. What stock would you recommend a disabled income person like myself? God bless", "likes_count": 0, "replies_count": 0, "retweets_count": 0, "hashtags": []}
{"id": 1276967442846269441, "date": "2020-06-27", "time": "15:55:37", "tweet": "there is some debate over what exactly is Tesla's product - is it the car ? the software ?   some try to be edgy and say the stock price is the product.  NO.  the real product of Tesla is the Lemming  that guy with \"NOTANKU\" license plate is the Tesla product", "likes_count": 0, "replies_count": 1, "retweets_count": 0, "hashtags": []}
{"id": 1276964344299835393, "date": "2020-06-27", "time": "15:43:19", "tweet": "@nikolatrevor @AHalcomb2789 @brucehu34302557 Tesla isn’t already offering $5K discounts on the Cybertruck though.  You don’t even have a company to  build, distribute, and service the Badger.  And you are also giving away potentially $100M+ in stock to the Diesel Bros for marketing the truck.", "likes_count": 0, "replies_count": 0, "retweets_count": 0, "hashtags": []}
{"id": 1276964162481070080, "date": "2020-06-27", "time": "15:42:35", "tweet": "@origendirecto que pasa con la mostaza? no se consiguen en super , volo en OD y no hay mas stock. Capaz la estan usando Elon musk para los tesla o es un poderoso anticorona , algo pasa", "likes_count": 2, "replies_count": 0, "retweets_count": 0, "hashtags": []}
{"id": 1276952281838243841, "date": "2020-06-27", "time": "14:55:23", "tweet": "TESLA VS NIKOLA VS HYLIION - WHO'S BETTER? WHICH STOCK IS A BUY?  https://t.co/TzeCHLBXbM via @YouTube", "likes_count": 2, "replies_count": 0, "retweets_count": 0, "hashtags": []}
{"id": 1276951745852252163, "date": "2020-06-27", "time": "14:53:15", "tweet": "the problem is it may not be legal for Mercedes to keep building those gas guzzlers for very long ...  that's why Tesla is whooping their ass in stock valuation ...", "likes_count": 0, "replies_count": 1, "retweets_count": 0, "hashtags": []}
{"id": 1276950901463408643, "date": "2020-06-27", "time": "14:49:54", "tweet": "@GerberKawasaki Saw your video! Very cool ride and nice haircut.  I hated on Tesla stock for a long time but now i am a believer.  Their software is just ahead of the competition by a lot and they are the new kids on the block.  Very embarrassing for the traditional automakers to be unprepared.", "likes_count": 1, "replies_count": 0, "retweets_count": 0, "hashtags": []}
{"id": 1276950007833169922, "date": "2020-06-27", "time": "14:46:21", "tweet": "@DavidBCollum Hey David I’m a new investor on Robinhood can you explain how I can invest in the TAW stock? My weed guy says Tesla too is that another good one thanks", "likes_count": 0, "replies_count": 1, "retweets_count": 0, "hashtags": []}
{"id": 1276949833811550208, "date": "2020-06-27", "time": "14:45:39", "tweet": "$TSLA Tesla Inc Stock Robo Analyst June 25 2020 #TSLA  https://t.co/uOaHmCaw3A #stocks #trading #charts", "likes_count": 0, "replies_count": 0, "retweets_count": 0, "hashtags": ["tsla", "stocks", "trading", "charts"]}
{"id": 1276949518492237824, "date": "2020-06-27", "time": "14:44:24", "tweet": "At that time, Tesla stock (TSLA) sold for about $30/share. At that rate, one could have bought 2000 TSLA shares for the price of a sedan. Not sure what the 2012 Tesla Model S would be worth today, but 2000 TSLA shares would be worth almost $2m today! MIND-BLOWN!!!", "likes_count": 0, "replies_count": 0, "retweets_count": 0, "hashtags": []}
{"id": 1276949070926483458, "date": "2020-06-27", "time": "14:42:37", "tweet": "@AlexCobb_ @elonmusk I get that you're trying to crash tesla stock...but you don't even own a Tesla so this is kinda embarrassing", "likes_count": 0, "replies_count": 0, "retweets_count": 0, "hashtags": []}
{"id": 1276944503815974913, "date": "2020-06-27", "time": "14:24:28", "tweet": "@IWPCHI @wirecard @Tesla @DeutscheWelle I looked into the Wirecard collapse. It's a financial firm that committed accounting fraud. The only common threads to Tesla are tech (a broad category) and stock overvaluation compared to undervalued legacy competitors.  Tesla would have to be hiding skeletons to fail similarly.", "likes_count": 0, "replies_count": 2, "retweets_count": 1, "hashtags": []}
{"id": 1276944107231834112, "date": "2020-06-27", "time": "14:22:54", "tweet": "Is the #technology component in a Tesla car as valuable as the technology component in an #iPhone? The answer may determine whether Tesla's stock is overpriced as @Tesla tops list of most valuable carmakers  https://t.co/5a6iXtOYAu", "likes_count": 0, "replies_count": 0, "retweets_count": 0, "hashtags": ["technology", "iphone"]}
{"id": 1276943671838023681, "date": "2020-06-27", "time": "14:21:10", "tweet": "@Nikhil48077621 @Iearnsomethlng If Tesla does not have a factory in Shanghai, the stock will not rise so high. China is obviously important to Elon. And obviously you are a keyboard baby who is think with testis", "likes_count": 0, "replies_count": 0, "retweets_count": 0, "hashtags": []}
{"id": 1276940844751183873, "date": "2020-06-27", "time": "14:09:56", "tweet": "@YasLovesTech こういうマジ実用化されると嬉しい系のサービスは評価高すぎと思ってても結局それ以上に化けますよね。Amazon然り、Tesla然り、マーケット自体を変えちゃうからだろうなあ。PSR高いけど、やっぱりfastly買いたいなあ。", "likes_count": 1, "replies_count": 0, "retweets_count": 1, "hashtags": []}
{"id": 1276936067560517633, "date": "2020-06-27", "time": "13:50:57", "tweet": "@Jrock1320 @Patryn23 @sokane1 In Nevada the Tesla salary and benefits package is more like $50k. There is a world of difference between a$17/hr job and one with the same pay but also zero deductible health insurance, vacation and sick leave, and retirement, not to mention $10k of stock as a sign on bonus.", "likes_count": 0, "replies_count": 0, "retweets_count": 0, "hashtags": []}
{"id": 1276935937864404994, "date": "2020-06-27", "time": "13:50:26", "tweet": "Tesla Stock Chart Analysis 2020  📈📈Buy or Sell Tesla Stock? 📈📈🤷‍♂️🤷‍♂️🤷‍♂️🤷‍♂️   https://t.co/NtmvPDTdrw  Subscribe for more $TSLA videos.  Or   don’t Subscribe, if you prefer to guess the direction of Tesla🤑🤑🤑  #StocksToTrade  #TSLA  #TSLAQ", "likes_count": 0, "replies_count": 0, "retweets_count": 0, "hashtags": ["stockstotrade", "tsla", "tslaq"]}
{"id": 1276935265185984518, "date": "2020-06-27", "time": "13:47:46", "tweet": "@Mq2Oco @UpholdInc @Apple @Tesla Support “Black Pearl” buy CBDD marijuana stock for the people and their right to choose freedom to smoke if they choose to.  Let’s drive this CBDD stock from .001 to new noticeable heights.  BLM", "likes_count": 0, "replies_count": 0, "retweets_count": 0, "hashtags": []}
{"id": 1276934777053085698, "date": "2020-06-27", "time": "13:45:49", "tweet": "@SJosephBurns Tesla stock soars", "likes_count": 0, "replies_count": 0, "retweets_count": 0, "hashtags": []}
