{"id": 1287173498859913216, "date": "2020-07-25", "time": "19:50:51", "tweet": "Tesla initial Stock 2010 17 Dollar, today 1400 Dollar.", "likes_count": 0, "replies_count": 0, "retweets_count": 0, "hashtags": []}
{"id": 1287172563274268683, "date": "2020-07-25", "time": "19:47:08", "tweet": "Another good time to buy Tesla stock 🤧", "likes_count": 5, "replies_count": 0, "retweets_count": 0, "hashtags": []}
{"id": 1287171672991203329, "date": "2020-07-25", "time": "19:43:35", "tweet": "@FierceBadger420 @nikolatrevor Tesla: 185M shares outstanding. Rev $25B. Mkt cap $262B  Share price $1,416. Rev to Mkt cap multiple 10.5X  NKLA: 355M shares outstanding. Share price $30. $250 share price is mkt cap of $89B. At 10.5X rev multiple rev required is $8.5B. VERY doable!!! NKLA will be $250 stock!!!", "likes_count": 0, "replies_count": 0, "retweets_count": 0, "hashtags": []}
{"id": 1287171522931564544, "date": "2020-07-25", "time": "19:43:00", "tweet": "@KickGameKeem Lemme hold a band I’ll buy Tesla stock with it lmao", "likes_count": 0, "replies_count": 1, "retweets_count": 0, "hashtags": []}
{"id": 1287170219736207360, "date": "2020-07-25", "time": "19:37:49", "tweet": "@Matthew321BAM @WSJ Hahahaha oh my... what a joke!!! Despite stock exchange Tesla is a big lie.", "likes_count": 1, "replies_count": 1, "retweets_count": 0, "hashtags": []}
{"id": 1287169992543408128, "date": "2020-07-25", "time": "19:36:55", "tweet": "@DarlaTheDarling @elonmusk Or a Tesla stockholder. Check out their YTD stock performance. Elon is burning money just for fun.", "likes_count": 1, "replies_count": 1, "retweets_count": 0, "hashtags": []}
{"id": 1287169413683146753, "date": "2020-07-25", "time": "19:34:37", "tweet": "@KickGameKeem Actually lemme hold a Tesla stock 🤣🤣🤣", "likes_count": 1, "replies_count": 1, "retweets_count": 0, "hashtags": []}
{"id": 1287169156991930370, "date": "2020-07-25", "time": "19:33:36", "tweet": "@LisaNWalker @elonmusk @iamjamiefoxx its not even out yet lol. It cost 200k I think. I need to buy tesla stock and wait. Waiting for Elon to give signal to enter the stock 😁", "likes_count": 0, "replies_count": 0, "retweets_count": 0, "hashtags": []}
{"id": 1287167959752941574, "date": "2020-07-25", "time": "19:28:50", "tweet": "@piesaac You can only spend it on tesla stock", "likes_count": 3, "replies_count": 1, "retweets_count": 0, "hashtags": []}
{"id": 1287167773362343939, "date": "2020-07-25", "time": "19:28:06", "tweet": "NEW VIDEO: Stock Market Update #20: Tesla Stock Analysis Too! $SPY $TSLA $GLD $QQQ $NFLX $CRM + More  https://t.co/wt2FDcfdrQ", "likes_count": 1, "replies_count": 0, "retweets_count": 1, "hashtags": []}
{"id": 1287165504793088000, "date": "2020-07-25", "time": "19:19:05", "tweet": "Elon Musk, Blasting Off in Domestic Bliss. The billionaire space oddity on life with Grimes and Baby X, Trump, Tesla, tunnels, short shorts, stock surges, Facebook fumbles and everything else under the sun.  By Maureen Dowd    https://t.co/FVGxiD79g0", "likes_count": 0, "replies_count": 0, "retweets_count": 0, "hashtags": []}
{"id": 1287164843913445376, "date": "2020-07-25", "time": "19:16:27", "tweet": "@fmbutt @RBReich @ushadrons the higher the tesla stock price the more lex lutherian he becomes  not a great trajectory for rocketman", "likes_count": 0, "replies_count": 1, "retweets_count": 0, "hashtags": []}
{"id": 1287159564593516544, "date": "2020-07-25", "time": "18:55:29", "tweet": "@brattystepsis Tesla stock hehe  https://t.co/Zp18H2OOIl", "likes_count": 0, "replies_count": 0, "retweets_count": 0, "hashtags": []}
{"id": 1287159471236689920, "date": "2020-07-25", "time": "18:55:06", "tweet": "@ErikReichenb4ch @Tesla @elonmusk quarter ever (while still burning tons of cash).  Great ideas don't make great companies, and if you don't have good financial management you can just crash and burn.  There is no doubt their stock (like most rn) are in a massive bubble", "likes_count": 0, "replies_count": 0, "retweets_count": 0, "hashtags": []}
{"id": 1287159465268121600, "date": "2020-07-25", "time": "18:55:05", "tweet": "I just realized that Elon posted the morning after the Tesla stock hit $840 or 2x $420 (high) making it “too high” 🤔", "likes_count": 181, "replies_count": 5, "retweets_count": 12, "hashtags": []}
{"id": 1287159171708854272, "date": "2020-07-25", "time": "18:53:55", "tweet": "@MotherCabriniNY Go Long Tesla stock!", "likes_count": 2, "replies_count": 0, "retweets_count": 0, "hashtags": []}
{"id": 1287158904309207040, "date": "2020-07-25", "time": "18:52:51", "tweet": "I told my broker I want to drop my Tesla stock because of Musk and she was like \"yeah we've been hearing that a lot\"", "likes_count": 3, "replies_count": 0, "retweets_count": 0, "hashtags": []}
{"id": 1287158876685705219, "date": "2020-07-25", "time": "18:52:45", "tweet": "@elonmusk So has Tesla stock lately", "likes_count": 1, "replies_count": 0, "retweets_count": 0, "hashtags": []}
{"id": 1287158837791916032, "date": "2020-07-25", "time": "18:52:35", "tweet": "Learning a lot about @Tesla &amp; @elonmusk with respect to how the market treats the stock, product, vision, etc.  It comes off as a bunch of haters who don’t understand what the future looks like, who also probably have more than a few oil stocks. 🤷‍♂️ Yes?", "likes_count": 2, "replies_count": 1, "retweets_count": 0, "hashtags": []}
{"id": 1287158458161065984, "date": "2020-07-25", "time": "18:51:05", "tweet": "Elon Musk is one board approval away from another $2.1 billion in stock options: Tesla’s six-month average trailing market capitalization hit $150 billion on Tuesday after a four-month run up of the automaker’s share price…  https://t.co/OkOxmADOAh #news #technews #technology  https://t.co/1bVkbdF7Ka", "likes_count": 0, "replies_count": 0, "retweets_count": 0, "hashtags": ["news", "technews", "technology"]}
