{"id": 1249114879413248000, "date": "2020-04-11", "time": "19:19:29", "tweet": "How do Tesla short sellers manage to short the company’s stock without crapping their pants? 👖   Elementary, my dear Watson. 🕵️‍♂️   They simply trade from the toilet. 🚽  https://t.co/zHPyEBPttQ", "likes_count": 40, "replies_count": 7, "retweets_count": 3, "hashtags": []}
{"id": 1249111290187894785, "date": "2020-04-11", "time": "19:05:13", "tweet": "I much prefer seeing the @Tesla community posting stuff like thIs instead of asking how many Tesla shares others are buying. The second Tesla is truly able to go private I really hope @elonmusk actually does it. Talk about the mission, not the stupid stock price.", "likes_count": 1, "replies_count": 1, "retweets_count": 0, "hashtags": []}
{"id": 1249099233350660100, "date": "2020-04-11", "time": "18:17:19", "tweet": "Tesla Rewind: April 2012 — Tesla Roadmap, Aerodynamics, Vertical Integration, Major Shareholder Stock Dump  https://t.co/uUVl9gWhPW", "likes_count": 0, "replies_count": 0, "retweets_count": 0, "hashtags": []}
{"id": 1249098574358405126, "date": "2020-04-11", "time": "18:14:41", "tweet": "@evdefender And yet Tesla stock is only a few bigger than life lies from all-time highs. The company is all debt, overpriced assets and funny narratives. But the Federal Reserve and the CCP have Elon's back. That's what matters. Caa3 junk be damned.", "likes_count": 0, "replies_count": 0, "retweets_count": 0, "hashtags": []}
{"id": 1249097788534722560, "date": "2020-04-11", "time": "18:11:34", "tweet": "@CodingMark @elonmusk @thirdrowtesla Support companies like @Tesla, @Rivian, @SunPower etc. by quashing disinformation cited or misconceptions that others may have about EVs and clean tech. Not all of us can buy a Tesla today, but that doesn’t mean we can’t do anything. Buy stock, spread knowledge, and create demand", "likes_count": 3, "replies_count": 0, "retweets_count": 0, "hashtags": []}
{"id": 1249095035880169478, "date": "2020-04-11", "time": "18:00:38", "tweet": "BRILLIANT EARLY LEARNING CTR - yr 5 .. Thread by @jpr007: The stock price of a company should trade on the basis of its expected ability to deliver PROFITS:  true for Apple - true for Tesla - true for Microsoft @Mi…  https://t.co/xmsys4sE3w", "likes_count": 5, "replies_count": 1, "retweets_count": 0, "hashtags": []}
{"id": 1249093973538455552, "date": "2020-04-11", "time": "17:56:24", "tweet": "Wowwww!!! Was this ever wrong! Tesla stock (TSLA) on June 5th, 2019 TSLA $176.99 six months later TSLA was $948 per share!!! Show how much *insight* the Wall Street Journal has! Ever since Lachlan Murdoch (Rupert’s son) now financial toilet paper 💩 🧻", "likes_count": 3, "replies_count": 0, "retweets_count": 1, "hashtags": []}
{"id": 1249092888182439936, "date": "2020-04-11", "time": "17:52:06", "tweet": "The Tesla Model Y is a pivotal product  (as important for their future) as the $AAPL IPAD was in 2007.  If I had ANY Apple stock I would liquidate that and move it into positions with $tsla. Tesla is just starting to run away. Ready? Or do you have BEAR blinders on?!", "likes_count": 7, "replies_count": 1, "retweets_count": 0, "hashtags": []}
{"id": 1249090355351470080, "date": "2020-04-11", "time": "17:42:02", "tweet": "@TeslaPodcast Always look forward to your videos, Rob. Only slight downside for me is that, being in the UK, I see them ~18 hours after publication, so the news is always yesterday's, which can be a little confusing with @tesla stock price being what is it.", "likes_count": 0, "replies_count": 0, "retweets_count": 0, "hashtags": []}
{"id": 1249089200609165312, "date": "2020-04-11", "time": "17:37:27", "tweet": "Tesla’s stock is a bullish ‘Triple Play’ at Oppenheimer - MarketWatch $tsla  https://t.co/ubFoOwfpmi", "likes_count": 5, "replies_count": 0, "retweets_count": 4, "hashtags": []}
{"id": 1249086651521011712, "date": "2020-04-11", "time": "17:27:19", "tweet": "2020 Tesla Model S Performance 0-60 test 95% SOC, stock 19” wheels, launch mode with Cheetah stance on a public road. #Tesla #ElonMusk #TeslaModelSPerformance  https://t.co/PIvrdxVHOB", "likes_count": 16, "replies_count": 2, "retweets_count": 3, "hashtags": ["tesla", "elonmusk", "teslamodelsperformance"]}
{"id": 1249072741988339712, "date": "2020-04-11", "time": "16:32:02", "tweet": "Tesla (TSLA) Stock Price Prediction - The Latest Information   https://t.co/jHlWs4qYQ7   .  https://t.co/aFD91QbJqX", "likes_count": 0, "replies_count": 0, "retweets_count": 0, "hashtags": []}
{"id": 1249072629681717256, "date": "2020-04-11", "time": "16:31:36", "tweet": "@kammen_mike I ripped him for being overly short Tesla lol it's still the only stock if you shorted in June you be down on", "likes_count": 0, "replies_count": 1, "retweets_count": 0, "hashtags": []}
{"id": 1249071297147088898, "date": "2020-04-11", "time": "16:26:18", "tweet": "Tesla’s stock is a bullish ‘Triple Play’ at Oppenheimer  https://t.co/oj1EIuX9XB", "likes_count": 0, "replies_count": 1, "retweets_count": 0, "hashtags": []}
{"id": 1249069325190721536, "date": "2020-04-11", "time": "16:18:28", "tweet": "@smarter411 MARKET EXTRA Tesla’s stock is a bullish ‘Triple Play’ at Oppenheimer Published: Apr. 11, 2020, 2:09 p.m. EDT", "likes_count": 0, "replies_count": 0, "retweets_count": 0, "hashtags": []}
{"id": 1249059079869341696, "date": "2020-04-11", "time": "15:37:45", "tweet": "#tesla Short sellers are are actually shorting the best YTD performance stock on the #NASDAQ The 5 stages start with denial and end with acceptance.  Long #ElonMusk", "likes_count": 3, "replies_count": 0, "retweets_count": 0, "hashtags": ["tesla", "nasdaq", "elonmusk"]}
{"id": 1249056384450269184, "date": "2020-04-11", "time": "15:27:03", "tweet": "Coronavirus Stock Market Rally: No OPEC+ Crude Production Deal, Tesla China Moves, Delta Cut To Junk, Intel Chip Sales Strong - Investor's Business Daily  https://t.co/FyCtEWJ8Rx", "likes_count": 0, "replies_count": 0, "retweets_count": 0, "hashtags": []}
{"id": 1249049150420930560, "date": "2020-04-11", "time": "14:58:18", "tweet": "@CoverDrive12 @markbspiegel @bgrahamdisciple China wants the Automotive/Autonomous Huawei. Tesla needed a partner with deep pockets and no scruples To help pump a stock   It’s a marriage of two frauds, the biggest state fraud and biggest corporate fraud.", "likes_count": 1, "replies_count": 0, "retweets_count": 0, "hashtags": []}
{"id": 1249042729507549184, "date": "2020-04-11", "time": "14:32:47", "tweet": "@montana_skeptic @TroyTeslike Do minor details like finances matter for using delivery numbers to manage the stock price when Tesla doesn't make that distinction? When it's finances time Tesla will use some other distraction to manage the stock price.", "likes_count": 0, "replies_count": 0, "retweets_count": 0, "hashtags": []}
{"id": 1249034786481606658, "date": "2020-04-11", "time": "14:01:13", "tweet": "@BradMunchen @asknbid @ClausMller17 @elonmusk Sounds like a voluntary solidarity move by Tesla China management. Also why would they not be hiring to maximise production? Them CCP taxes need paying, right? So they'll churn out the units and price cut ensures all stock will move pronto.", "likes_count": 0, "replies_count": 0, "retweets_count": 0, "hashtags": []}
