{"id": 1223756915181748225, "date": "2020-02-01", "time": "18:55:59", "tweet": "@elonmusk @MarcelMeijer @Tesla How to break your Tesla - ( don’t do this while driving ) open  https://t.co/uZboti9TVh enter any stock like TSLA let javascripts load - observe dead HV battery, no cruise control no turn signals.. please pass to dev team Elon  https://t.co/qPdpJCXAL5", "likes_count": 2, "replies_count": 1, "retweets_count": 0, "hashtags": []}
{"id": 1223754177773309952, "date": "2020-02-01", "time": "18:45:06", "tweet": "@APWestRegion @AP A precaution,  I appreciate it. But what about Tesla? Is Elon more concerned about profit and stock prices? I have asked, but no response.", "likes_count": 0, "replies_count": 0, "retweets_count": 0, "hashtags": []}
{"id": 1223751834877165569, "date": "2020-02-01", "time": "18:35:48", "tweet": "Tesla short sellers lose more than $1 billion in one day as stock skyrockets on earnings  Investors betting against  https://t.co/tYceGNfPmw", "likes_count": 0, "replies_count": 0, "retweets_count": 0, "hashtags": []}
{"id": 1223749049951641603, "date": "2020-02-01", "time": "18:24:44", "tweet": "@TeslaLisa It’s actually the Tesla stock shorters that are paying the influencers. When they get squeezed for making bad bets and are forced to pay top dollar for shares held by Pro Tesla folks. Influencers are among those that benefit when Tesla continues to dominate.", "likes_count": 0, "replies_count": 0, "retweets_count": 0, "hashtags": []}
{"id": 1223748933333192710, "date": "2020-02-01", "time": "18:24:16", "tweet": "Top Ten: Weekend reads: It’s only a matter of time before Tesla’s stock gets this huge support   https://t.co/nURvC3usrx", "likes_count": 0, "replies_count": 0, "retweets_count": 0, "hashtags": []}
{"id": 1223748902299373568, "date": "2020-02-01", "time": "18:24:09", "tweet": "@Gizmodo And Tesla? Or is profit, stock price too important?", "likes_count": 0, "replies_count": 0, "retweets_count": 0, "hashtags": []}
{"id": 1223748887497699328, "date": "2020-02-01", "time": "18:24:05", "tweet": "Electric Vehicle Market Procurement Intelligence Report | Evolving Opportunities with #Tesla $TSLA and Volkswagen AG in the Electric Vehicle Market | SpendEdge  https://t.co/uF0OftJcFO  https://t.co/gg3L2XWdne", "likes_count": 0, "replies_count": 0, "retweets_count": 0, "hashtags": ["tesla"]}
{"id": 1223747833104195584, "date": "2020-02-01", "time": "18:19:54", "tweet": "Funny looking back at the debate on @Tesla #tsla stock price from this long ago... @thirdrowtesla    https://t.co/ka24PWMgzL", "likes_count": 1, "replies_count": 0, "retweets_count": 0, "hashtags": ["tsla"]}
{"id": 1223747543189770241, "date": "2020-02-01", "time": "18:18:45", "tweet": "$TSLA zerohedge has produced negative untruthful information against Tesla many years, and it has made many people lost their money for shorting the stock.   Why people think @twitter is wrong doing?    @jack is doing the right things for us", "likes_count": 1, "replies_count": 0, "retweets_count": 0, "hashtags": []}
{"id": 1223746316699938816, "date": "2020-02-01", "time": "18:13:52", "tweet": "8- Volunteer for end-of-quarter deliveries at a local Tesla Store 9- Buy Tesla merchandise directly from  https://t.co/JpCAOy0HuV 10- Buy at least one Tesla stock, more if you’re able (keep stock long term) 11- Buy Tesla Solar and battery back-up system for your home/business", "likes_count": 0, "replies_count": 1, "retweets_count": 0, "hashtags": []}
{"id": 1223740714200305674, "date": "2020-02-01", "time": "17:51:36", "tweet": "Tesla stock wraps up its best month since 2013, adding $40 billion in value in January. $TSLA $TSLAQ   https://t.co/aaFFAzD5sD", "likes_count": 9, "replies_count": 0, "retweets_count": 3, "hashtags": []}
{"id": 1223740025189339136, "date": "2020-02-01", "time": "17:48:52", "tweet": "Tesla stock is going nuts.. 😳", "likes_count": 1, "replies_count": 0, "retweets_count": 0, "hashtags": []}
{"id": 1223739633017602048, "date": "2020-02-01", "time": "17:47:19", "tweet": "@AustinCooper90 @thirdrowtesla @RationalEtienne @vincent13031925 The problem with this retail @CNBC TV cheerleading is it will make the stock get overbought by followers &amp; rise above where it should be. That might set us up for a “correction”. That said, if these new investors buy #model3 or #modelY or #Cybertruck then it’s worth it! @Tesla😎", "likes_count": 0, "replies_count": 0, "retweets_count": 0, "hashtags": ["model3", "modely", "cybertruck"]}
{"id": 1223739435805659136, "date": "2020-02-01", "time": "17:46:32", "tweet": "@ValueAnalyst1 @Tesla You buy back stock when you don’t know what to invest the money in and you think your shareholders can invest the money better somewhere else.", "likes_count": 0, "replies_count": 0, "retweets_count": 0, "hashtags": []}
{"id": 1223738102000185344, "date": "2020-02-01", "time": "17:41:14", "tweet": "@Zackyypoo Have you bought Tesla stock?", "likes_count": 1, "replies_count": 2, "retweets_count": 0, "hashtags": []}
{"id": 1223735323584126976, "date": "2020-02-01", "time": "17:30:11", "tweet": "I don't think the stock trades in a predictable manner relative to performance indications leading to stock price movements. #Tesla  https://t.co/1TyMBRz18E", "likes_count": 0, "replies_count": 0, "retweets_count": 0, "hashtags": ["tesla"]}
{"id": 1223734322370232320, "date": "2020-02-01", "time": "17:26:12", "tweet": "@JonErlichman Tesla did just as good Q4 2018 and instead the stock sold off dramatically", "likes_count": 0, "replies_count": 1, "retweets_count": 0, "hashtags": []}
{"id": 1223730265064738817, "date": "2020-02-01", "time": "17:10:05", "tweet": "AAPL the most popular stock among millennials, ahead of Amazon and Tesla  https://t.co/acc7cfXX0C  https://t.co/tWWhAwUF3F", "likes_count": 0, "replies_count": 0, "retweets_count": 0, "hashtags": []}
{"id": 1223729038314868736, "date": "2020-02-01", "time": "17:05:13", "tweet": "Weekend reads: It’s only a matter of time before Tesla’s stock gets this huge support - MarketWatch  https://t.co/w8TcWpartY", "likes_count": 0, "replies_count": 0, "retweets_count": 0, "hashtags": []}
{"id": 1223725151767818241, "date": "2020-02-01", "time": "16:49:46", "tweet": "the price to go even higher, causing other shorts to hit their account limits, causing more purchases of the same stock, and the cycle continues until the # of shares shorted drops dramatically.  This is what has been happening to $TSLA. The # of shares shorted in Tesla has...", "likes_count": 6, "replies_count": 2, "retweets_count": 0, "hashtags": []}
{"id": 1223724276748050432, "date": "2020-02-01", "time": "16:46:17", "tweet": "@jimcramer Jimmy, Do you foresee Tesla coming back to 200’s or is it a missed opportunity? There were 2 gap up’s in its stock, one each after Q3 &amp; Q4 earnings. Is there any likelihood that the stock could come back down in near future to fill those gaps?", "likes_count": 0, "replies_count": 0, "retweets_count": 0, "hashtags": []}
{"id": 1223723923600068608, "date": "2020-02-01", "time": "16:44:53", "tweet": "@realPoseidonLuu @elonmusk Elon, gratz on the stock price mooning, when you have a moment can you contact the guy/gal who is running the solar arm of Tesla and let them know that they can stop notifying me every day that my system is down, I KNOW IT IS fix it! #telssolarissues  https://t.co/3jyEPtDZZ2", "likes_count": 2, "replies_count": 0, "retweets_count": 2, "hashtags": ["telssolarissues"]}
{"id": 1223720776236519424, "date": "2020-02-01", "time": "16:32:23", "tweet": "@8eau @invertedfragil1 @Canyonaro @ashwinnavin @subes01 @elonmusk @VW @Tesla I count with a hit for BMW, either through penalty or because of lack of demand for low co2 cars. They will have to calculate at what price they can sell NEVs without cannibalizing ICE stock..", "likes_count": 2, "replies_count": 2, "retweets_count": 0, "hashtags": []}
{"id": 1223719161420902400, "date": "2020-02-01", "time": "16:25:58", "tweet": "Don’t be an 🍑   For you Raghu @KamathRaghuram chiming in now - I’ll say it again - I hold zero stock in the company!   .@Tesla Inc performed a Full Reroof Oct-Nov 2018 then installed PV Dec 2018!   $TSLA $TSLAQ #Tesla", "likes_count": 3, "replies_count": 0, "retweets_count": 0, "hashtags": ["tesla"]}
{"id": 1223718953282940930, "date": "2020-02-01", "time": "16:25:08", "tweet": "Why Tesla Stock Will Reach $1000 in 2020! $TSLA  https://t.co/5jjQZZUEeF via @YouTube", "likes_count": 3, "replies_count": 0, "retweets_count": 1, "hashtags": []}
{"id": 1223718588470591489, "date": "2020-02-01", "time": "16:23:41", "tweet": "@MpcPeters @GerberKawasaki ARK has explained this previously. They are responsible for balancing their portfolios. Put simply, Tesla stock has climbed so quickly it had become too large a position in their portfolio.", "likes_count": 3, "replies_count": 0, "retweets_count": 0, "hashtags": []}
{"id": 1223718382387834881, "date": "2020-02-01", "time": "16:22:52", "tweet": "@LeilaniMunter @emilyshorin Tesla's stock is double that of apple.  It looks like the future for all.", "likes_count": 0, "replies_count": 0, "retweets_count": 0, "hashtags": []}
{"id": 1223717838206066688, "date": "2020-02-01", "time": "16:20:42", "tweet": "Crazy thing about this entire Tesla stock trade. I have been net long this position for over six months while unabashedly destroying this company on Twitter. I am trying to do the right thing from a fiduciary responsibility for clients while trying to educate the masses", "likes_count": 58, "replies_count": 23, "retweets_count": 4, "hashtags": []}
{"id": 1223717690843394048, "date": "2020-02-01", "time": "16:20:07", "tweet": "Will Tesla's stock gains match bitcoin's rise in the next 2-4 years?  https://t.co/Hs3qut8QNd", "likes_count": 0, "replies_count": 0, "retweets_count": 0, "hashtags": []}
{"id": 1223717675479654400, "date": "2020-02-01", "time": "16:20:04", "tweet": "@teslanalyst Tesla stock is ~91% of my portfolio, worth ~96% of my portfolio right now. PPS of $255.", "likes_count": 1, "replies_count": 0, "retweets_count": 0, "hashtags": []}
{"id": 1223717088973352960, "date": "2020-02-01", "time": "16:17:44", "tweet": "😳   I bet the anger in the marketing teams is just short of the shorts 🩳 anger towards Tesla when the stock blew", "likes_count": 0, "replies_count": 0, "retweets_count": 0, "hashtags": []}
{"id": 1223716611229507585, "date": "2020-02-01", "time": "16:15:50", "tweet": "@agusnox @ElonBachman @TESLAcharts one more thing. WHEN, not if Tesla is profitable over the next 3 quarters, they will enter the SnP 500, every ETF fund manager will be forced to buy Tesla raising the stock. This will cause shorts to HAVE to cover, raising the stock even further.  Q3 it is happening.", "likes_count": 0, "replies_count": 0, "retweets_count": 0, "hashtags": []}
{"id": 1223716125743013890, "date": "2020-02-01", "time": "16:13:54", "tweet": "@agusnox @ElonBachman @TESLAcharts One more prediction. If the stock does go down because of seasonal lower sales in q1, come April 20th when Battery investor day drops, you will see a massive growth in the stock as people realize just how many years ahead Tesla is in Battery tech.", "likes_count": 0, "replies_count": 0, "retweets_count": 0, "hashtags": []}
{"id": 1223715505522917376, "date": "2020-02-01", "time": "16:11:26", "tweet": "@agusnox @ElonBachman @TESLAcharts In 6 months I suspect stock will be approaching 800-1000 Model Y will will be ramping. Model 3 is at 7k a week in Fremont and will hit 3k a week in China. Tesla Semi will start rolling out to Tesla as a first customer soon after this, saving them money. FSD will be almost ready.", "likes_count": 0, "replies_count": 0, "retweets_count": 0, "hashtags": []}
{"id": 1223714986146586629, "date": "2020-02-01", "time": "16:09:22", "tweet": "Tesla's stock just hit a record $420 | Business |  https://t.co/vzvvX7vDQP  https://t.co/oiWHfz1dMc #cannabis", "likes_count": 2, "replies_count": 0, "retweets_count": 1, "hashtags": ["cannabis"]}
{"id": 1223714876285022208, "date": "2020-02-01", "time": "16:08:56", "tweet": "@agusnox @ElonBachman @TESLAcharts With the stock this high, they can convert 4 billion of debt into shares. that is coming this year. Instead of paying cash they can hand out shares, at a price of 350 which most I suspect will immediately sell for almost double profit. that will throw all that $ back to Tesla.", "likes_count": 0, "replies_count": 1, "retweets_count": 0, "hashtags": []}
{"id": 1223712533376159744, "date": "2020-02-01", "time": "15:59:38", "tweet": "@vincent13031925 Even with the referral program, I don’t think it’s given “hundreds of millions” of dollars in Roadsters haha....I wished we would get paid, but so far we are just happily paying for Tesla products and buying the stock :-)", "likes_count": 0, "replies_count": 1, "retweets_count": 0, "hashtags": []}
{"id": 1223710879956422656, "date": "2020-02-01", "time": "15:53:03", "tweet": "@agusnox @ElonBachman @TESLAcharts Here is prediction for q1 2020: Seasonal sales will drop as they do with all car companies. it will be lower revenue and shorts will jump on it as no demand yet again. Stock will go down slightly. OR... Tesla sale in China make up for seasonal average losses in q1 and they profit", "likes_count": 0, "replies_count": 1, "retweets_count": 0, "hashtags": []}
{"id": 1223709492258508805, "date": "2020-02-01", "time": "15:47:33", "tweet": "@teslanalyst On the day I turned 18 I invested all my money into Tesla, the stock was at $203  Best. Decision. Ever. 😎⚡", "likes_count": 8, "replies_count": 0, "retweets_count": 0, "hashtags": []}
{"id": 1223708014580043778, "date": "2020-02-01", "time": "15:41:40", "tweet": "@bgrahamdisciple @JCOviedo6 @BradMunchen The absolute goal was to ensure the stock stays over the compensation threshold. (Asit would for any CFO when the CEO says \"don't cost me a billion dollars\" or you are fired.)  Extra stock provides margin call cushion too. Tesla's survival improves once that award is granted.", "likes_count": 1, "replies_count": 1, "retweets_count": 0, "hashtags": []}
{"id": 1223707641651892224, "date": "2020-02-01", "time": "15:40:11", "tweet": "@TheJewbyrd7777 @ElonBachman @TESLAcharts Of course I am. Last year has been as bad as ever for Tesla.  You like most look at the stock price. Stock price has nothing to do with the company.", "likes_count": 1, "replies_count": 3, "retweets_count": 0, "hashtags": []}
{"id": 1223707086103572481, "date": "2020-02-01", "time": "15:37:59", "tweet": "@agusnox @ElonBachman @TESLAcharts wow you are still convinced of fraud after this last year. You deserve to lose every penny of shorted stock.  Tesla is going to hit 1200 per share before the end of 2021. There will not be a drop below 500 ever again.", "likes_count": 0, "replies_count": 2, "retweets_count": 0, "hashtags": []}
{"id": 1223705411175567361, "date": "2020-02-01", "time": "15:31:20", "tweet": "It would be great if we could simply talk to Yo Tesla and have Tesla just respond via voice, thereby getting things like Tesla Stock Quote even when not parked!", "likes_count": 0, "replies_count": 0, "retweets_count": 0, "hashtags": []}
{"id": 1223705204601782275, "date": "2020-02-01", "time": "15:30:30", "tweet": "@thirdrowtesla Snorting Tesla stock", "likes_count": 21, "replies_count": 4, "retweets_count": 5, "hashtags": []}
{"id": 1223704829387792387, "date": "2020-02-01", "time": "15:29:01", "tweet": "@elonmusk can you add a voice button to right side of screen to allow passengers to activate features or better yet maybe a “Yo Tesla” command to bypass having to push button like Alexa? Also can you add a command like “See Tesla Stock Quote” or just “What is Tesla stock price?”", "likes_count": 1, "replies_count": 1, "retweets_count": 0, "hashtags": []}
{"id": 1223702924720631808, "date": "2020-02-01", "time": "15:21:27", "tweet": "There’s only one stock millennials prefer over Amazon and Tesla - MarketWatch  https://t.co/eyAuTbpzHA", "likes_count": 0, "replies_count": 0, "retweets_count": 0, "hashtags": []}
{"id": 1223702851882561536, "date": "2020-02-01", "time": "15:21:09", "tweet": "$TSLA Free 1 Share of stock after signup and refer for more shares ! Combine for a Free Tesla share.    https://t.co/nbTVYt1D2n", "likes_count": 0, "replies_count": 0, "retweets_count": 1, "hashtags": []}
{"id": 1223700219881279491, "date": "2020-02-01", "time": "15:10:42", "tweet": "@BrianSt09288100 @ValueAnalyst1 @heydave7 @CathieDWood ARK HAS to sell Tesla (or any other stock in any of their funds that appreciates much more than others) to balance the fund.  There are rules about what percentage each stock can be per fund.  But bcz if this they have TSLA in multiple funds to increase their exposure.", "likes_count": 4, "replies_count": 0, "retweets_count": 0, "hashtags": []}
{"id": 1223700177908895744, "date": "2020-02-01", "time": "15:10:32", "tweet": "Ark invest shows that the Tesla Stock price can go as high as $22K/Share. This will be the end of all Tesla Shorts. #tslaq #tsla @markbspiegel", "likes_count": 2, "replies_count": 0, "retweets_count": 0, "hashtags": ["tslaq", "tsla"]}
{"id": 1223693749760348160, "date": "2020-02-01", "time": "14:44:59", "tweet": "Mark my words, you’re gonna wish you bought Tesla stock", "likes_count": 6, "replies_count": 4, "retweets_count": 0, "hashtags": []}
{"id": 1223692709027811328, "date": "2020-02-01", "time": "14:40:51", "tweet": "@teslanalyst I remember telling my friend to see if you could buy stock around the time the roadster came out. I was amazed and said that company is going places even though i knew very little about Tesla at the time.", "likes_count": 0, "replies_count": 0, "retweets_count": 0, "hashtags": []}
{"id": 1223691813409607681, "date": "2020-02-01", "time": "14:37:18", "tweet": "i really don’t understand how the tesla stock keeps doing that", "likes_count": 3, "replies_count": 0, "retweets_count": 0, "hashtags": []}
{"id": 1223689074721976320, "date": "2020-02-01", "time": "14:26:25", "tweet": "$TSLA $TSLAQ  If any Tesla bulls (I know there are many) have any answers to the above questions without using \"stock price bud\" or \"you don't get the disruption\" please let me know", "likes_count": 4, "replies_count": 1, "retweets_count": 0, "hashtags": []}
{"id": 1223687622884757510, "date": "2020-02-01", "time": "14:20:38", "tweet": "@Appaloosa33 @Tesla Thanks for the chart and the insight because they are both very valuable. I agree that #tslaq was so totally hosed by the non-GAAP fuckery of \"The Great Prevaricator(TM)\" @elonmusk that by covering their positions they were forced to pump #Tesla stock.", "likes_count": 1, "replies_count": 1, "retweets_count": 0, "hashtags": ["tslaq", "tesla"]}
{"id": 1223686759852101632, "date": "2020-02-01", "time": "14:17:13", "tweet": "@24mobius42 @TeslaStars @Tesla I think you don't have to sell.  Buy $tsla stock --&gt; buy the tesla product --&gt; stock goes up --&gt; buy more product --&gt; stock goes up.  Keep doing till $tsla at $5k. Yes, a little liquidity is needed for the cycle.", "likes_count": 4, "replies_count": 2, "retweets_count": 0, "hashtags": []}
{"id": 1223684371082645504, "date": "2020-02-01", "time": "14:07:43", "tweet": "Tesla $TSLA earnings win praise even from doubters: 'We fully admit things are better than we expected'  \"Given our decision to downgrade when shares were $150 lower, we accept the criticism,\" wrote Kallo, who has a neutral rating on the stock &amp; raised his PT to $650 from $525.", "likes_count": 130, "replies_count": 4, "retweets_count": 10, "hashtags": []}
{"id": 1223683609237839875, "date": "2020-02-01", "time": "14:04:42", "tweet": "@ConsumerFeed As tesla case show analyst have no idea how to valuate disruptive company. When stock fall they decrease PT when it climb they increase it. Most of them don't have any ability to see company potential- best case scenario- they understand past financial performance", "likes_count": 0, "replies_count": 0, "retweets_count": 0, "hashtags": []}
{"id": 1223683510428303360, "date": "2020-02-01", "time": "14:04:18", "tweet": "@elonmusk congratulations on the performance of the company &amp; stock! Proud to be a share holder even for a few. Friends &amp; strangers think I work for Tesla since I'm constantly raving about how great the company is. Can't afford a car though, but it's been my dream to own a ModelY", "likes_count": 0, "replies_count": 0, "retweets_count": 0, "hashtags": []}
{"id": 1223683207369035778, "date": "2020-02-01", "time": "14:03:06", "tweet": "If You Bought Tesla Stock at IPO, How Much Would You Have?  https://t.co/D8QgMz3NfC via @YouTube", "likes_count": 0, "replies_count": 0, "retweets_count": 0, "hashtags": []}
{"id": 1223683077760745475, "date": "2020-02-01", "time": "14:02:35", "tweet": "@SenSanders @MarkRuffalo if the US govt wanted to end dependency on fossil fuels, our elected officials would extend EV credits based on national benchmarks ie. %EV vs. Fossil fuels instead of vehicles produced by manufacturer. @Tesla would be selling more and have a stock price closer to @amazon shortly", "likes_count": 1, "replies_count": 0, "retweets_count": 0, "hashtags": []}
{"id": 1223679875699048454, "date": "2020-02-01", "time": "13:49:51", "tweet": "More fuel for Tesla? Stock could join the S&amp;P 500 by the end of the year  https://t.co/eKx0PBW99q", "likes_count": 0, "replies_count": 0, "retweets_count": 0, "hashtags": []}
{"id": 1223679731184177153, "date": "2020-02-01", "time": "13:49:17", "tweet": "Back on my bs again, just since we all getting paid around this time FYI solid place to keep your money. Investing in a stock share such as Apple, Tesla, Google etc. Allows it to grow a ton over a few months to a year. (See how Elon’s doing and tell me otherwise)", "likes_count": 0, "replies_count": 1, "retweets_count": 0, "hashtags": []}
{"id": 1223678705878257664, "date": "2020-02-01", "time": "13:45:12", "tweet": "Jeff Reeves's Strength in Numbers: More fuel for Tesla? Stock could join the S&amp;P 500 by the end of the year  https://t.co/dsIlG8uURk  https://t.co/u2b18dyyS3", "likes_count": 0, "replies_count": 0, "retweets_count": 0, "hashtags": []}
{"id": 1223677977998872577, "date": "2020-02-01", "time": "13:42:19", "tweet": "@eric84701331 @GeraldKutney I hope Tesla splits the stock every time it reaches 840", "likes_count": 2, "replies_count": 1, "retweets_count": 0, "hashtags": []}
{"id": 1223676520096575488, "date": "2020-02-01", "time": "13:36:31", "tweet": "More fuel for Tesla? Stock could join the S&amp;P 500 by the end of the year - MarketWatch  https://t.co/bCYX4gugNk", "likes_count": 0, "replies_count": 0, "retweets_count": 0, "hashtags": []}
{"id": 1223676402551132167, "date": "2020-02-01", "time": "13:36:03", "tweet": "Tempted to put more money on this Tesla stock... Lol", "likes_count": 1, "replies_count": 6, "retweets_count": 1, "hashtags": []}
{"id": 1223676365242654720, "date": "2020-02-01", "time": "13:35:54", "tweet": "@nyrocksme @kamfujii @elonmusk Yes, the reason is that service, especially under warranty, costs Tesla money and adds to losses. It is all by design to keep you away. This company is all about the stock price. The CEO is a known stock manipulator who had to pay the SEC a 40 million fine in 2018. Shocking!", "likes_count": 6, "replies_count": 0, "retweets_count": 1, "hashtags": []}
{"id": 1223676165216444419, "date": "2020-02-01", "time": "13:35:07", "tweet": "Weekend reads: It’s only a matter of time before Tesla’s stock gets this huge support - MarketWatch  https://t.co/19af7GYX7j", "likes_count": 0, "replies_count": 0, "retweets_count": 0, "hashtags": []}
{"id": 1223675268604317696, "date": "2020-02-01", "time": "13:31:33", "tweet": "via barronsonline: Tesla Bull Says the Stock Is Heading for $1,000 and Into the S&amp;P 500 This Year  https://t.co/VJ8Exm8I0r $tsla", "likes_count": 0, "replies_count": 0, "retweets_count": 1, "hashtags": []}
{"id": 1223675177034186752, "date": "2020-02-01", "time": "13:31:11", "tweet": "Just bought some Tesla stock let’s grow!", "likes_count": 2, "replies_count": 0, "retweets_count": 0, "hashtags": []}
{"id": 1223675063163068417, "date": "2020-02-01", "time": "13:30:44", "tweet": "Tesla Bull Says the Stock Is Heading for $1,000 and Into the S&amp;P 500 This Year  https://t.co/S6W8BeBa8y", "likes_count": 4, "replies_count": 0, "retweets_count": 0, "hashtags": []}
{"id": 1223674426060726274, "date": "2020-02-01", "time": "13:28:12", "tweet": "@teslanalyst Me and I knew even at $500 I knew Tesla would be a great stock. Average cost basis now at $280 after buying at $588 after hours the day of ER due to my quick thumbs. The moment I read $360 mil GAAP profit I knew it was going to jump.", "likes_count": 5, "replies_count": 0, "retweets_count": 0, "hashtags": []}
{"id": 1223674256778645504, "date": "2020-02-01", "time": "13:27:32", "tweet": "Top Ten: Weekend reads: It’s only a matter of time before Tesla’s stock gets this huge support  https://t.co/BZ75JJr36l", "likes_count": 0, "replies_count": 0, "retweets_count": 0, "hashtags": []}
{"id": 1223671294199238667, "date": "2020-02-01", "time": "13:15:45", "tweet": "@thirdrowtesla The Tesla stock price", "likes_count": 1, "replies_count": 0, "retweets_count": 0, "hashtags": []}
{"id": 1223666840557232129, "date": "2020-02-01", "time": "12:58:04", "tweet": "@kmranthegreat @ghost_scot @Tesla @elonmusk Use your TSLA stock winnings to pay it. For the mission.", "likes_count": 4, "replies_count": 1, "retweets_count": 0, "hashtags": []}
{"id": 1223665529174577152, "date": "2020-02-01", "time": "12:52:51", "tweet": "@GankPwnt @ECCAbstract @Slasher I won’t sell Tesla stock until I can buy a Tesla with Tesla stock 😤", "likes_count": 0, "replies_count": 1, "retweets_count": 0, "hashtags": []}
{"id": 1223665523432423424, "date": "2020-02-01", "time": "12:52:50", "tweet": "\"HERE's HOW #TESLA SHARES WILL HIT $7,000 BY 2024\" ... Price targets are as follows: Expected Value: $7,000; Bear Case: $1,500; Bull Case: $15,000 ... ARK Invest attributes this massive rise in stock price to three independent variables:  https://t.co/GUw3sapYFG  $TSLA #stocks", "likes_count": 2, "replies_count": 1, "retweets_count": 0, "hashtags": ["tesla", "stocks"]}
{"id": 1223665324685434881, "date": "2020-02-01", "time": "12:52:02", "tweet": "#Tesla’s blowout #earnings send the #stock soaring past $600  https://t.co/2WGSO95BCl #ElectricVehicle #ElonMusk  https://t.co/xdd2F4t661", "likes_count": 0, "replies_count": 0, "retweets_count": 0, "hashtags": ["tesla", "earnings", "stock", "electricvehicle", "elonmusk"]}
{"id": 1223664927208026112, "date": "2020-02-01", "time": "12:50:27", "tweet": "Trending News: Car stock racing - Tesla is proving itself as a carmaker | Business | The Economist  https://t.co/MlWfvXl4SR, see more  https://t.co/iPQ28Y0CFS", "likes_count": 0, "replies_count": 0, "retweets_count": 0, "hashtags": []}
{"id": 1223663648155013121, "date": "2020-02-01", "time": "12:45:22", "tweet": "Get a free stock. Claim a stock now without investing ANY money first  https://t.co/oyz2oz4qf8 #teva #spce #GE #ford #tesla #wba #fit #apple #free", "likes_count": 0, "replies_count": 0, "retweets_count": 0, "hashtags": ["teva", "spce", "ge", "ford", "tesla", "wba", "fit", "apple", "free"]}
