{"id": 1228826462733709313, "date": "2020-02-15", "time": "18:40:33", "tweet": "Why Elon Musk's controversial $2 billion Tesla stock offering makes sense  https://t.co/HY52gAU1VS", "likes_count": 0, "replies_count": 0, "retweets_count": 0, "hashtags": []}
{"id": 1228825026574635008, "date": "2020-02-15", "time": "18:34:51", "tweet": "[Stock Markets] Why Jim Cramer Likes Tesla's Stock  https://t.co/bQfrGaQBWZ", "likes_count": 0, "replies_count": 0, "retweets_count": 0, "hashtags": []}
{"id": 1228824694339624962, "date": "2020-02-15", "time": "18:33:32", "tweet": "@Digital49r @carson_jpeg @tiMetocKs @elonmusk Tesla stock will boom", "likes_count": 1, "replies_count": 1, "retweets_count": 0, "hashtags": []}
{"id": 1228824320975097856, "date": "2020-02-15", "time": "18:32:03", "tweet": "Is It Finally Time to Be a Believer in Tesla Stock?  https://t.co/JGqYprxbnr", "likes_count": 0, "replies_count": 0, "retweets_count": 0, "hashtags": []}
{"id": 1228823439944716293, "date": "2020-02-15", "time": "18:28:33", "tweet": "Can’t Happen With Bitcoin: Elon Musk’s Tesla Plans A $2 Billion Common Stock Offering - CryptoPotato  https://t.co/kd3uCHR6Fo  https://t.co/YsHwErTcnv", "likes_count": 0, "replies_count": 0, "retweets_count": 0, "hashtags": []}
{"id": 1228823278845820928, "date": "2020-02-15", "time": "18:27:54", "tweet": "Skyrocketing Tesla stock may soon make Elon Musk the richest person in the world  https://t.co/KwJC4uuONJ", "likes_count": 0, "replies_count": 0, "retweets_count": 0, "hashtags": []}
{"id": 1228822253254664193, "date": "2020-02-15", "time": "18:23:50", "tweet": "@montana_skeptic Tesla will keep losing GAAP profit.  The stock price is impossible to guess.", "likes_count": 3, "replies_count": 1, "retweets_count": 0, "hashtags": []}
{"id": 1228820319592493056, "date": "2020-02-15", "time": "18:16:09", "tweet": "Is It Finally Time to Be a Believer in Tesla Stock?  https://t.co/JEYKqPIddn", "likes_count": 0, "replies_count": 0, "retweets_count": 0, "hashtags": []}
{"id": 1228818791376859136, "date": "2020-02-15", "time": "18:10:04", "tweet": "Tesla Stock Just Had the Ride of Its Life. Why Bitcoin Could Be Next.   https://t.co/b8h7ThI1FL via @BarronsOnline", "likes_count": 47, "replies_count": 3, "retweets_count": 14, "hashtags": []}
{"id": 1228817218185592834, "date": "2020-02-15", "time": "18:03:49", "tweet": "Look for Tom Lee's prediction in this article. Tesla Stock Just Had the Ride of Its Life. Why Bitcoin Could Be Next.   https://t.co/b8h7ThI1FL via @BarronsOnline", "likes_count": 54, "replies_count": 3, "retweets_count": 17, "hashtags": []}
{"id": 1228816597134917633, "date": "2020-02-15", "time": "18:01:21", "tweet": "Tesla wins ‘applause’ from Wall Street, stock tops $800  https://t.co/MbbamXTz2w", "likes_count": 0, "replies_count": 0, "retweets_count": 0, "hashtags": []}
{"id": 1228814150404595713, "date": "2020-02-15", "time": "17:51:38", "tweet": "\"[Tesla] boasts a market capitalization of $145 billion — dwarfing Ford, Chrysler, and GM’s combined market cap of $103 billion. Tesla stock is no longer tethered to anything tangible.\" --Bob Lutz  cc @markbspiegel, @TESLAcharts, @montana_skeptic", "likes_count": 123, "replies_count": 15, "retweets_count": 12, "hashtags": []}
{"id": 1228811967386857476, "date": "2020-02-15", "time": "17:42:57", "tweet": "@fly4dat Tesla = taxed, charged and sued in Europe, in Euros because of stock prices being \"high\" as fk while driving😂", "likes_count": 0, "replies_count": 0, "retweets_count": 0, "hashtags": []}
{"id": 1228811866132140034, "date": "2020-02-15", "time": "17:42:33", "tweet": "'Dean of valuation' says Tesla would need VW-like sales and Apple-like margins to justify stock  https://t.co/AJB4nSw7w9", "likes_count": 0, "replies_count": 0, "retweets_count": 0, "hashtags": []}
{"id": 1228811105184731136, "date": "2020-02-15", "time": "17:39:32", "tweet": "Can't Happen With Bitcoin: Elon Musk's Tesla Plans A $2 Billion Common Stock Offering  https://t.co/awnHWlFJjd  https://t.co/T9gxHA97WW", "likes_count": 0, "replies_count": 0, "retweets_count": 0, "hashtags": []}
{"id": 1228809577296224258, "date": "2020-02-15", "time": "17:33:28", "tweet": "$UBER had $8B loss? Is burning cash insanely quick. Is Uber going to do another stock dilution? Mostly likely or take on more debt. #tesla $tsla #uber #lyft $lyft #herdfightsback  https://t.co/8hbCLaVRN9", "likes_count": 0, "replies_count": 0, "retweets_count": 0, "hashtags": ["tesla", "uber", "lyft", "herdfightsback"]}
{"id": 1228804906632368128, "date": "2020-02-15", "time": "17:14:54", "tweet": "@elonmusk can you smoke some more weed on camera so I can buy some tesla stock", "likes_count": 0, "replies_count": 0, "retweets_count": 0, "hashtags": []}
{"id": 1228800872429154304, "date": "2020-02-15", "time": "16:58:52", "tweet": "Another us military backed Silicon Valley billionaire who's cars are over priced bullshit is not good. Waite till your balls get fried by positive ion bombardment from the batteries your sitting on. Stealing the Tesla name company will be a Pennie stock after the law suits.", "likes_count": 0, "replies_count": 0, "retweets_count": 0, "hashtags": []}
{"id": 1228800442156683265, "date": "2020-02-15", "time": "16:57:10", "tweet": "@AmazonAnne9 @knightJosh4 @TheFirstonTV @realDonaldTrump Did you read any of the other articles this clown wrote?  If he's not writing about Trump, he's writing trash articles about Tesla.  I'm wondering if he is trying to short the stock.", "likes_count": 0, "replies_count": 0, "retweets_count": 0, "hashtags": []}
{"id": 1228798038837092352, "date": "2020-02-15", "time": "16:47:37", "tweet": "Elon Musk, short on cash, keeps borrowing more and more money even as Tesla stock surges  https://t.co/tg77WbGZO0", "likes_count": 0, "replies_count": 0, "retweets_count": 0, "hashtags": []}
