{"id": 1304932653888671744, "date": "2020-09-12", "time": "19:59:23", "tweet": "@jedimarkus77 Stock market is not economy &amp; Tesla is not a car 🚗 company  Going to get a tattoo of that on my forehead soon 🤔", "likes_count": 2, "replies_count": 0, "retweets_count": 0, "hashtags": []}
{"id": 1304932524200783872, "date": "2020-09-12", "time": "19:58:52", "tweet": "@elonmusk Waiting for Tesla stock to hit 420.69 on battery day, dad", "likes_count": 1, "replies_count": 0, "retweets_count": 0, "hashtags": []}
{"id": 1304931995202527238, "date": "2020-09-12", "time": "19:56:46", "tweet": "I have a question, I want Tesla stock to hit 420.69 before I buy, how long will it take? Also, how do you like the name? @elonmusk and @Tesla", "likes_count": 1, "replies_count": 1, "retweets_count": 0, "hashtags": []}
{"id": 1304928839504556033, "date": "2020-09-12", "time": "19:44:14", "tweet": "@BenSullins ...these chides that seemingly parroting the ice short sellers that talked about Tesla battery packs exploding, even if in a literal fire state... &amp; for some likely stock reason: the bev heads try to derail fcev's w/ early 20th century blimp engineering...  https://t.co/aaC1UMVCsy", "likes_count": 0, "replies_count": 0, "retweets_count": 0, "hashtags": []}
{"id": 1304928175357661185, "date": "2020-09-12", "time": "19:41:36", "tweet": "@elonmusk lost a bunch on option with Tesla, can I get some stock to compensate. Long term holder :)", "likes_count": 0, "replies_count": 0, "retweets_count": 0, "hashtags": []}
{"id": 1304925966414884864, "date": "2020-09-12", "time": "19:32:49", "tweet": "@CychoZookie @TicTocTick of course you’re right it doesn’t guarantee anything. my only logic for long term investors is that elon musk is an exceptional human being and will not let tesla fail. i do believe we see tesla double or triple its stock with in 2 years. thats why i dont think they are.", "likes_count": 0, "replies_count": 0, "retweets_count": 0, "hashtags": []}
{"id": 1304924183843880961, "date": "2020-09-12", "time": "19:25:44", "tweet": "@garyblack00 IF you want me to own a tesla or there stock they're first going to have to work on there right to fix rules,", "likes_count": 0, "replies_count": 0, "retweets_count": 0, "hashtags": []}
{"id": 1304923882843975680, "date": "2020-09-12", "time": "19:24:32", "tweet": "Both wanted stock market profits. Sally did midnight research, adjusted trading stops nervously, couldn’t sleep, is now broke..Nancy did regular LT indexing, relaxes on the beach, sunset dates, BMW or Tesla?  https://t.co/Vm6ryzb1FJ", "likes_count": 5, "replies_count": 3, "retweets_count": 1, "hashtags": []}
{"id": 1304923299437334528, "date": "2020-09-12", "time": "19:22:13", "tweet": "@nikir1 My 11 year old won top 10 in a national investment contest that included Wall Street professionals.  His primary stock was Tesla.", "likes_count": 1, "replies_count": 1, "retweets_count": 0, "hashtags": []}
{"id": 1304923065973968896, "date": "2020-09-12", "time": "19:21:17", "tweet": "@UsaKapil @Daniell37150429 @San09976109 @elonmusk Holy shit I’d ignore this but it’s way too stupid. Tesla’s more then 8x it’s stock in the last 6 months. If your dumping your entire 401k into it then blaming Elon because idk why your fucking stupid. It could drop 90% and still have a PE ratio over 100 stfu you deserve to lose", "likes_count": 3, "replies_count": 0, "retweets_count": 0, "hashtags": []}
{"id": 1304921761558003714, "date": "2020-09-12", "time": "19:16:06", "tweet": "Comprá stock de Tesla.", "likes_count": 0, "replies_count": 0, "retweets_count": 0, "hashtags": []}
{"id": 1304921604145643521, "date": "2020-09-12", "time": "19:15:29", "tweet": "@elonmusk Will the Tesla short shorts be in stock? I haven’t bought any yet :(", "likes_count": 0, "replies_count": 0, "retweets_count": 0, "hashtags": []}
{"id": 1304920995728371712, "date": "2020-09-12", "time": "19:13:04", "tweet": "Investors Question Chinese EV Makers’ Tesla-Like Stock Rally - Bloomberg  https://t.co/7llIdqtS4J", "likes_count": 1, "replies_count": 0, "retweets_count": 0, "hashtags": []}
{"id": 1304917771181076482, "date": "2020-09-12", "time": "19:00:15", "tweet": "@Manic_Marge @Tesla @TeslaJoy @UNPLGD3 @dogsoftesla @elonmusk Are those stock rims on that 1st one?", "likes_count": 0, "replies_count": 1, "retweets_count": 0, "hashtags": []}
{"id": 1304915511428419584, "date": "2020-09-12", "time": "18:51:16", "tweet": "I warned them that I thought there was a tech bubble like in 1999 and to avoid buying Apple and Tesla since there was no reason for the stock price to be going up so much. I tried to explain to them the idea of value, but unfortunately they didn’t listen.", "likes_count": 0, "replies_count": 1, "retweets_count": 0, "hashtags": []}
{"id": 1304915024855609345, "date": "2020-09-12", "time": "18:49:20", "tweet": "Tesla and Giga Metals reported talks sends stock soaring  https://t.co/V2lW4TirlE", "likes_count": 1, "replies_count": 0, "retweets_count": 0, "hashtags": []}
{"id": 1304914061478580224, "date": "2020-09-12", "time": "18:45:31", "tweet": "Listen to \"Big Week For Investors\" by Market Marauders. ⚓  https://t.co/NdDQPAUl1r  #StockMarket #stocks #AppleEvent #apple #Tesla #teslastock #BatteryDay", "likes_count": 0, "replies_count": 0, "retweets_count": 0, "hashtags": ["stockmarket", "stocks", "appleevent", "apple", "tesla", "teslastock", "batteryday"]}
{"id": 1304913984777117698, "date": "2020-09-12", "time": "18:45:12", "tweet": "@GregCrennan @HRGPFOREVER I once profited off a Tesla short, I’m also heavily into #Bitcoin /cryptos... I would not buy Tesla stock at theses levels. For traditional stock investments/ speculation I do take valuation into account. Tesla (a company) cannot really be compared to BTC (a commodity-currency).", "likes_count": 3, "replies_count": 0, "retweets_count": 0, "hashtags": ["bitcoin"]}
{"id": 1304912614477238273, "date": "2020-09-12", "time": "18:39:46", "tweet": "Tesla and Giga Metals reported talks sends stock soaring  https://t.co/YFuNi4Z58w", "likes_count": 1, "replies_count": 0, "retweets_count": 0, "hashtags": []}
{"id": 1304907906463215616, "date": "2020-09-12", "time": "18:21:03", "tweet": "@Yoder_Esqq Not all attributable to #CancelNetflix, unfortunately. Tech and related industries have taken a big hit in the recent stock market correction. Check Apple, Tesla, Microsoft, etc. Must still keep pressure on child porn purveyor, Netflix.", "likes_count": 1, "replies_count": 0, "retweets_count": 0, "hashtags": ["cancelnetflix"]}
{"id": 1304907833771732999, "date": "2020-09-12", "time": "18:20:46", "tweet": "@stevenmarkryan Also more Tesla stock", "likes_count": 0, "replies_count": 0, "retweets_count": 0, "hashtags": []}
{"id": 1304903752139247616, "date": "2020-09-12", "time": "18:04:33", "tweet": "@mihai_tilea @Tesla @elonmusk They usually split stocks when the price gets too high... For example if they had never split Apple stock it would be at $27,000 a share right now... But basically the value remains the same... The price goes down but your number of shares goes up...", "likes_count": 0, "replies_count": 1, "retweets_count": 0, "hashtags": []}
{"id": 1304901301717917698, "date": "2020-09-12", "time": "17:54:48", "tweet": "@elonmusk  I recently got into investing and my first stock ever was tesla but now it's going down, please help", "likes_count": 1, "replies_count": 1, "retweets_count": 0, "hashtags": []}
{"id": 1304897752829059072, "date": "2020-09-12", "time": "17:40:42", "tweet": "Yahoo Finance: Tesla Stock Crash Targets $75.00.  https://t.co/etOdEIROdL  via @GoogleNews", "likes_count": 0, "replies_count": 0, "retweets_count": 0, "hashtags": []}
{"id": 1304896632463470592, "date": "2020-09-12", "time": "17:36:15", "tweet": "Clinton-Era Economist Accuses Musk Of Shorting Tesla Workers, Cites Stock Performance; Musk Responds  https://t.co/PUvn4hsNbg #news #politics #opinion  https://t.co/fvSpLnot3L", "likes_count": 0, "replies_count": 0, "retweets_count": 0, "hashtags": ["news", "politics", "opinion"]}
{"id": 1304895576077512704, "date": "2020-09-12", "time": "17:32:03", "tweet": "Tesla stock TSLA chart resembles Bitcoin bubble in 2017, says analyst  https://t.co/3bkRG5TD8c  https://t.co/HfWxffNFcs", "likes_count": 0, "replies_count": 0, "retweets_count": 0, "hashtags": []}
{"id": 1304894612142616577, "date": "2020-09-12", "time": "17:28:13", "tweet": "@gwestr Tesla bulls love to say stock is undervalued but never actually value the stock.", "likes_count": 1, "replies_count": 1, "retweets_count": 0, "hashtags": []}
{"id": 1304894237830451200, "date": "2020-09-12", "time": "17:26:44", "tweet": "@BNRpetrolheads Dit was de reden van zijn opmerking:  Musk has been known to hide messages in his tweets: his famous “stock is too high imo” tweet was posted on 8:11am on 5/1. Tesla then had a 5:1 split on 8/11.", "likes_count": 1, "replies_count": 0, "retweets_count": 0, "hashtags": []}
{"id": 1304892595424894976, "date": "2020-09-12", "time": "17:20:13", "tweet": "@teslavibes Also we should look at companies who were 2T like Apple, how much profit and value they deliver to share holders and what the P/E ratio looks like. Tesla is more innovative than Apple but for that stock to reflect a market cap of say 2T it should show profits similarly.", "likes_count": 1, "replies_count": 1, "retweets_count": 0, "hashtags": []}
{"id": 1304891333467873288, "date": "2020-09-12", "time": "17:15:12", "tweet": "@JohnFGuild @capuletpoehner @mattyglesias *extraordinary* amounts of fiscal stimulus or you need to really tax the rich. But if those aren't on the table, then you get 1929.  The buyers of Tesla stock have complete moral, ethical and legal responsibility for having done so.", "likes_count": 0, "replies_count": 0, "retweets_count": 0, "hashtags": []}
{"id": 1304890089135374338, "date": "2020-09-12", "time": "17:10:15", "tweet": "@JaysonPit @kylealden @msftbytes Yeah, I'd never get a Tesla in NYC, just not worth the heartbreak and headache. I too wish I bought stock lol", "likes_count": 1, "replies_count": 0, "retweets_count": 0, "hashtags": []}
{"id": 1304889352993071105, "date": "2020-09-12", "time": "17:07:20", "tweet": "@JohnFGuild @capuletpoehner @mattyglesias It's not clear if a stock like Tesla can be made positive-NPV even with 0% discounts for 10 years. The people who buy Tesla stock have agency. They have a choice.  Bubbles also happen often in higher real rates. 1999-2000 and 2005-06 had fairly high real rates.", "likes_count": 0, "replies_count": 0, "retweets_count": 0, "hashtags": []}
{"id": 1304888543341424643, "date": "2020-09-12", "time": "17:04:07", "tweet": "@emeryemeryii Buy tesla stock.", "likes_count": 0, "replies_count": 0, "retweets_count": 0, "hashtags": []}
{"id": 1304884267445436416, "date": "2020-09-12", "time": "16:47:07", "tweet": "This is a legitimate competitive advantage for Tesla. Is it enough (in combination with other advantages) to more than offset the company’s competitive disadvantages. Regardless stock is almost certainly very overvalued EVEN IF Elon and co knock it out of the park.", "likes_count": 0, "replies_count": 0, "retweets_count": 0, "hashtags": []}
{"id": 1304883378915745792, "date": "2020-09-12", "time": "16:43:35", "tweet": "@RBReich 100%! After 4 months at Tesla, my title, role and responsibilities changed 5 times, then I was forced to take a pay cut and lay off my entire team. @elonmusk stock doesn’t mean shit when you can’t last even 1 yr for it to vest because of the awful work environment and culture.", "likes_count": 1, "replies_count": 0, "retweets_count": 0, "hashtags": []}
{"id": 1304882651250163712, "date": "2020-09-12", "time": "16:40:42", "tweet": "By then Tesla stock will long be back from Pluto.  https://t.co/ItPqB0YlYl", "likes_count": 0, "replies_count": 0, "retweets_count": 0, "hashtags": []}
{"id": 1304882516403290114, "date": "2020-09-12", "time": "16:40:10", "tweet": "@nikir1 Even  13 yrs olds heard about tesla being a good investment says to me its high time to sell the stock.", "likes_count": 1, "replies_count": 0, "retweets_count": 0, "hashtags": []}
{"id": 1304881274235035655, "date": "2020-09-12", "time": "16:35:13", "tweet": "@NuovaRealta @Tesla stock price comparisons are irrelevant to who brings more to the world....", "likes_count": 2, "replies_count": 1, "retweets_count": 0, "hashtags": []}
{"id": 1304881103191244800, "date": "2020-09-12", "time": "16:34:33", "tweet": "@mihai_tilea @Tesla @elonmusk Tesla split its stock 5 to 1 a few weeks ago", "likes_count": 0, "replies_count": 1, "retweets_count": 0, "hashtags": []}
{"id": 1304880826388283399, "date": "2020-09-12", "time": "16:33:27", "tweet": "it’s actually very smart by tesla. introduce the split put PR behind it to get silly retailers into buying the stock because they think it’s “cheap” dump the price action force the new shareholders to sell at a loss and long positions or insiders buy back shares at a sale finesse", "likes_count": 1, "replies_count": 0, "retweets_count": 0, "hashtags": []}
