{"id": 1261800732958830595, "date": "2020-05-16", "time": "19:28:32", "tweet": "@Lebeaucarnew @jimcramer No, he hopes no Tesla workers get sick, but if stock price goes up, then those are acceptable losses", "likes_count": 13, "replies_count": 2, "retweets_count": 0, "hashtags": []}
{"id": 1261796649640185856, "date": "2020-05-16", "time": "19:12:18", "tweet": "@JunaeBrown Yeah it’s still cheaper than Tesla stock lol", "likes_count": 0, "replies_count": 0, "retweets_count": 0, "hashtags": []}
{"id": 1261793331635458054, "date": "2020-05-16", "time": "18:59:07", "tweet": "@fly4dat @quirkyllama @anonyx10 @JonBryant421 @Noonwalker4 @NuovaRealta @Lunnaris01 @ihors3 @WPipperger Why bother... Competitors sell tons of cars but because M3 is the top selling EV (a niche product) Tesla should be valued higher than BMW, VW and Daimler combined? 🙈 Poor/flat like-for-like growth with no bottom line worth mentioning! But hey! Stock price bro 🙈", "likes_count": 1, "replies_count": 1, "retweets_count": 0, "hashtags": []}
{"id": 1261785740276641792, "date": "2020-05-16", "time": "18:28:57", "tweet": "@MrStyzz @VJ09812 @PeterSchiff If you bought Tesla stock 5 years ago you had a 400% return. I can think of things that had better returns than Bitcoin in the last couple years. But returns have NOTHING to do with store of value and EVERYTHING to do with speculation. In an ideal world return on money is 0%.", "likes_count": 1, "replies_count": 1, "retweets_count": 0, "hashtags": []}
{"id": 1261784847896514561, "date": "2020-05-16", "time": "18:25:25", "tweet": "@NeilSmallwood @_jeffreyr Ah understand...nobody here looks at Elon Musk like they look at Jeff Bezos...unless your uncle works for Exxon or General Motors or your uncle likes to short Tesla stock...the american public at large has a very high opinion of Elon Musk! Only those with vested interests tar him", "likes_count": 2, "replies_count": 0, "retweets_count": 0, "hashtags": []}
{"id": 1261783370796843009, "date": "2020-05-16", "time": "18:19:33", "tweet": "Listen to the most recent episode of my podcast: TESLA/ Stock Info  https://t.co/BvhbPWdFtE", "likes_count": 0, "replies_count": 0, "retweets_count": 0, "hashtags": []}
{"id": 1261780863848787969, "date": "2020-05-16", "time": "18:09:35", "tweet": "@Climatehope2 @csfc67 Then you would know Tesla stock valuation is a bubble and not a realistic comparison parameter.   But the one I showed...  If you like to gamble, buy the stock.  If you want to make money, the odds are probably better if you short it.  Btw I like Elon's other visionary projects.", "likes_count": 0, "replies_count": 1, "retweets_count": 0, "hashtags": []}
{"id": 1261777492269920257, "date": "2020-05-16", "time": "17:56:11", "tweet": "@BLKMDL3 Why dream?  It's my firm belief that if you hold about 3-4 shares of tesla long enough--this becomes tenable.  almost guaranteed.  Not stock advice, but I really do believe it.", "likes_count": 5, "replies_count": 0, "retweets_count": 0, "hashtags": []}
{"id": 1261776146330460171, "date": "2020-05-16", "time": "17:50:50", "tweet": "@VickiBryanBondA Tesla is a zombie company that needs sale of cars and battery to accumulate carbon credits to continue paying off interests on its huge loans.  The market continues to reward them with higher stock prices for weak profit as a zombie but they are a walking insolvency. #ElonMusk", "likes_count": 0, "replies_count": 0, "retweets_count": 0, "hashtags": ["elonmusk"]}
{"id": 1261774452154601473, "date": "2020-05-16", "time": "17:44:06", "tweet": "TSLA Stock Below $800, Bullish in Long Term, Tesla to Roll Out Million-Mile Battery (Coinspeaker)   Continue reading at Coinspeaker   https://t.co/3J2Q3CHtep #Zilliqa  https://t.co/7ROuRnpV4I", "likes_count": 0, "replies_count": 0, "retweets_count": 0, "hashtags": ["zilliqa"]}
{"id": 1261772246097580033, "date": "2020-05-16", "time": "17:35:20", "tweet": "TSLA Stock Below $800, Bullish in Long Term, Tesla to Roll Out Million-Mile Battery - Coinspeaker via BTCnews for iOS  https://t.co/VLkFJOwRke", "likes_count": 0, "replies_count": 0, "retweets_count": 0, "hashtags": []}
{"id": 1261770344819499009, "date": "2020-05-16", "time": "17:27:47", "tweet": "@diajahkidd Each referral like 3 referrals count as a higher chance of 1 free Tesla’s stock or something completely free.", "likes_count": 0, "replies_count": 0, "retweets_count": 0, "hashtags": []}
{"id": 1261766833016729606, "date": "2020-05-16", "time": "17:13:50", "tweet": "@theintercept @mehdirhasan As an owner of a Tesla Model S, and Tesla stock, I believe he is all smoke and mirrors.", "likes_count": 0, "replies_count": 0, "retweets_count": 0, "hashtags": []}
{"id": 1261764938864812032, "date": "2020-05-16", "time": "17:06:18", "tweet": "@Drifter76272193 @elonmusk @ChillMichelle @Tesla Move to Arizona. Lower standard of living. Half of California is moving there anyway. Also, don’t comment on this please. Stock to high? Stock Split! @elonmusk", "likes_count": 0, "replies_count": 1, "retweets_count": 1, "hashtags": []}
{"id": 1261762254816641024, "date": "2020-05-16", "time": "16:55:38", "tweet": "Tesla stock went from $330 at Thanksgiving Last year to $880 in early February of this year. How the hell did that stock almost TRIPLE in less than 10 weeks?", "likes_count": 2, "replies_count": 3, "retweets_count": 2, "hashtags": []}
{"id": 1261758914611249152, "date": "2020-05-16", "time": "16:42:22", "tweet": "@Welp_I_Tried2 @houmayor @elonmusk @Tesla @SpaceX Ok, I read it, and it proofed my suspicion. it is just an emotionally overloaded, one sided yellow press level article that is written in a way to let drama hide that there are very few facts. every shady Anti-Tesla short seller money maker gets his stage to lower the stock and", "likes_count": 2, "replies_count": 1, "retweets_count": 0, "hashtags": []}
{"id": 1261755491224629248, "date": "2020-05-16", "time": "16:28:46", "tweet": "@Insurmountabl1 Fremont number could be a little higher, China maybe a little lower, but it's a good ballpark, 1.3m in 2021! Don't have an opinion about specific stock price, definitely much higher then now. Over 100% YoY growth, crazy. Go Tesla!!!", "likes_count": 1, "replies_count": 0, "retweets_count": 0, "hashtags": []}
{"id": 1261755430969188356, "date": "2020-05-16", "time": "16:28:31", "tweet": "I guess this is another good news for @elonmusk , since he was complaining how high Tesla stock was. He will get what he wants in a few weeks, probably more than he ever dreamed of, all the way to 200 week MA", "likes_count": 69, "replies_count": 7, "retweets_count": 6, "hashtags": []}
{"id": 1261750377831190529, "date": "2020-05-16", "time": "16:08:26", "tweet": "@TeslaOwnersUK @WillFealey @elonmusk @wk057 @Tesla Mine has just failed (6 months after end of warranty). And no stock...", "likes_count": 3, "replies_count": 1, "retweets_count": 1, "hashtags": []}
{"id": 1261748598385057792, "date": "2020-05-16", "time": "16:01:22", "tweet": "@elonmusk I had respect for you. The way you rose, fought for every company you built.I see through the smokescreen. All of the recent tweets of fascism, freedom of people, just so Tesla stock can go up and you get a bonus of $750mn. Such a hypocrite Elon. Btw send me a Tesla.", "likes_count": 0, "replies_count": 0, "retweets_count": 0, "hashtags": []}
