{"id": 1256735198101868545, "date": "2020-05-02", "time": "19:59:54", "tweet": "@elonmusk As Warren Buffett quoted Ben Graham on stock market, i would request to @elonmusk that, \" @Tesla Stock is high, looks high, It is high, but it's not as high as it looks\".", "likes_count": 0, "replies_count": 0, "retweets_count": 0, "hashtags": []}
{"id": 1256734495140691979, "date": "2020-05-02", "time": "19:57:07", "tweet": "Musk on Cusp of $730 Million Award, Even After Tweet Tanks Stock @elonmusk @Tesla  Cc: @jeslllll @ShashikaNaidoo  @AnneM56748  https://t.co/bHgDR1CSpx", "likes_count": 2, "replies_count": 1, "retweets_count": 0, "hashtags": []}
{"id": 1256734223408472067, "date": "2020-05-02", "time": "19:56:02", "tweet": "@elonmusk you sure youre not the high one? because the tesla stock seems a lil bit low now", "likes_count": 0, "replies_count": 0, "retweets_count": 0, "hashtags": []}
{"id": 1256734077681635330, "date": "2020-05-02", "time": "19:55:27", "tweet": "@TiptoeingL also: not like he's not smart. But he's letting his emotions and his ego get to him sometimes.  I hope there will be some sort of repercussion about his comments about tesla stock being too high.", "likes_count": 0, "replies_count": 0, "retweets_count": 0, "hashtags": []}
{"id": 1256733974522736645, "date": "2020-05-02", "time": "19:55:03", "tweet": "Tesla shares fall on Elon Musk ‘stock price too high’ tweet  https://t.co/Y1nJHxZBgu (via TechCrunch) #news #trending #TrendingNews", "likes_count": 0, "replies_count": 0, "retweets_count": 0, "hashtags": ["news", "trending", "trendingnews"]}
{"id": 1256733570481053696, "date": "2020-05-02", "time": "19:53:26", "tweet": "@heydave7 What are your thoughts around potentially big news during #Tesla’s battery day overshadowing a potentially down Q2 / 2020 and keeping the stock price high to ride out these turbulent times?", "likes_count": 0, "replies_count": 0, "retweets_count": 0, "hashtags": ["tesla"]}
{"id": 1256732137358864390, "date": "2020-05-02", "time": "19:47:45", "tweet": "REVEALED: Elon Musk's Twitter meltdown caused Tesla's value to tank by $14 BILLION and cost him $3 billion in personal wealth - as he hints his lawyers did NOT vet claims on stock prices as part of his SEC deal via  https://t.co/tSlEFD9kyG  https://t.co/7rV4H398Hk", "likes_count": 0, "replies_count": 0, "retweets_count": 0, "hashtags": []}
{"id": 1256731902188240903, "date": "2020-05-02", "time": "19:46:49", "tweet": "#Coronavirus: #ElonMusk #selling all his '#physical #possessions' as #Tesla #stock #price #tumbles following #tweets  https://t.co/PBtMhYdyM3", "likes_count": 3, "replies_count": 0, "retweets_count": 0, "hashtags": ["coronavirus", "elonmusk", "selling", "physical", "possessions", "tesla", "stock", "price", "tumbles", "tweets"]}
{"id": 1256730716920057867, "date": "2020-05-02", "time": "19:42:06", "tweet": "@elonmusk lol why you just dont write \"tesla stock price is to low imo\" lmao its ez", "likes_count": 0, "replies_count": 0, "retweets_count": 0, "hashtags": []}
{"id": 1256730587085393920, "date": "2020-05-02", "time": "19:41:35", "tweet": "@ArmouredSkeptic So what your saying is buy Tesla stock now lol", "likes_count": 0, "replies_count": 0, "retweets_count": 0, "hashtags": []}
{"id": 1256730430197415936, "date": "2020-05-02", "time": "19:40:58", "tweet": "Tesla Stock Tumbles After Elon Musk’s Bizarre Rant: Price ‘Too High,’ People Need ‘FREEDOM’  https://t.co/1uZbATmbZM", "likes_count": 0, "replies_count": 0, "retweets_count": 0, "hashtags": []}
{"id": 1256729738640572419, "date": "2020-05-02", "time": "19:38:13", "tweet": "Tesla Share Price: Tesla tumbles after tweet from Elon Musk’s account saying stock price ‘too high’ | International Business News  https://t.co/NQLoMKYVVK", "likes_count": 0, "replies_count": 0, "retweets_count": 0, "hashtags": []}
{"id": 1256729176511569920, "date": "2020-05-02", "time": "19:35:59", "tweet": " https://t.co/NfYqxxVjwD -   Tesla Shares Drop After Elon Musk Himself Claims 'stock Price Too High'   https://t.co/i5Ntxg4fx3", "likes_count": 0, "replies_count": 0, "retweets_count": 0, "hashtags": []}
{"id": 1256728359733809152, "date": "2020-05-02", "time": "19:32:44", "tweet": "Tesla stock drops as Elon Musk searches on DuckDuckGo.", "likes_count": 0, "replies_count": 0, "retweets_count": 0, "hashtags": []}
{"id": 1256728099171024897, "date": "2020-05-02", "time": "19:31:42", "tweet": "\"Elon Musk is on the cusp of a $730 million award, even after a tweet tanked Tesla’s stock\"  - nice \"pocket change\" for Elon.", "likes_count": 10, "replies_count": 1, "retweets_count": 0, "hashtags": []}
{"id": 1256727871353053184, "date": "2020-05-02", "time": "19:30:48", "tweet": "Elon Musk tweets he's selling all his stuff, and Tesla stock costs too much  https://t.co/lweHBcN94u", "likes_count": 0, "replies_count": 0, "retweets_count": 0, "hashtags": []}
{"id": 1256727805238431744, "date": "2020-05-02", "time": "19:30:32", "tweet": "@jaykay0071 @tesla_lion @elonmusk Nonsense. Investors and employees are enjoying massive gains on the stock which is close to all time highs, coming off an unbelievable quarter, and which has FAR outperformed all of its peers. Wake up and look at the big picture.", "likes_count": 0, "replies_count": 0, "retweets_count": 0, "hashtags": []}
{"id": 1256726268504129536, "date": "2020-05-02", "time": "19:24:25", "tweet": "@elonmusk Thats what i like in you always speak truth, the Tesla stock price as per the current market should be under $350!", "likes_count": 0, "replies_count": 0, "retweets_count": 0, "hashtags": []}
{"id": 1256726076522455042, "date": "2020-05-02", "time": "19:23:40", "tweet": "Tesla's first-quarter earnings were strong enough that Elon Musk's stock-dropping tweets make TSLA stock a high-conviction buy. #elon  https://t.co/o1XesygAbo  https://t.co/Hzh7DDofWo", "likes_count": 2, "replies_count": 0, "retweets_count": 0, "hashtags": ["elon"]}
{"id": 1256725918636261379, "date": "2020-05-02", "time": "19:23:02", "tweet": "gonna tell my landlord i lost $10,000 in tesla stock and that’s why i can’t pay rent", "likes_count": 11, "replies_count": 0, "retweets_count": 0, "hashtags": []}
