{"id": 1299858998712324097, "date": "2020-08-29", "time": "19:58:30", "tweet": "If you’re having a bad day remember someone sold their Tesla stock at $700 bc Elon said it was too high", "likes_count": 4, "replies_count": 0, "retweets_count": 2, "hashtags": []}
{"id": 1299858181938720769, "date": "2020-08-29", "time": "19:55:15", "tweet": "Apple and Tesla split stocks and its a must buy. Try my link and we bith get a free stock.  Free is always good. Lol  https://t.co/Eod5Aic7DS", "likes_count": 2, "replies_count": 0, "retweets_count": 2, "hashtags": []}
{"id": 1299856549393788929, "date": "2020-08-29", "time": "19:48:46", "tweet": "Congratulations to the Tesla stock holders. Use your earnings wisely and Always Pay it Forward.", "likes_count": 0, "replies_count": 1, "retweets_count": 0, "hashtags": []}
{"id": 1299856235294912514, "date": "2020-08-29", "time": "19:47:31", "tweet": "Tesla 5:1 stock split happens this weekend.", "likes_count": 0, "replies_count": 0, "retweets_count": 0, "hashtags": []}
{"id": 1299854974369902592, "date": "2020-08-29", "time": "19:42:30", "tweet": "#Apple and #Tesla are doing #stock splits right now. Should you buy?  https://t.co/mGegoHbgbc via @YahooFinance", "likes_count": 2, "replies_count": 1, "retweets_count": 0, "hashtags": ["apple", "tesla", "stock"]}
{"id": 1299853900586115072, "date": "2020-08-29", "time": "19:38:14", "tweet": "New article: \"2 Causes Brookfield Renewable Is a Higher Stock Than Tesla | Fintech Zoom\" has been published on Fintech Zoom -  https://t.co/AYWNjiAgdE @FintechZoom #Fintech #Blockchain #Crypto #Cryptocurrency #ICO", "likes_count": 0, "replies_count": 0, "retweets_count": 0, "hashtags": ["fintech", "blockchain", "crypto", "cryptocurrency", "ico"]}
{"id": 1299852842711146496, "date": "2020-08-29", "time": "19:34:02", "tweet": "@MrPeanut Buy tesla an amazon stock", "likes_count": 0, "replies_count": 0, "retweets_count": 0, "hashtags": []}
{"id": 1299852798180368384, "date": "2020-08-29", "time": "19:33:51", "tweet": "@RudyHavenstein Rudy without knowing you too well something tells me you would buy the Tesla and then short the stock!!lol", "likes_count": 0, "replies_count": 1, "retweets_count": 0, "hashtags": []}
{"id": 1299851604602925056, "date": "2020-08-29", "time": "19:29:07", "tweet": "Should I buy some Tesla stock since they’re cheap right now ?", "likes_count": 8, "replies_count": 3, "retweets_count": 0, "hashtags": []}
{"id": 1299851281050333186, "date": "2020-08-29", "time": "19:27:50", "tweet": "THE TESLA STOCK, THX", "likes_count": 0, "replies_count": 0, "retweets_count": 0, "hashtags": []}
{"id": 1299850691419279361, "date": "2020-08-29", "time": "19:25:29", "tweet": " https://t.co/NfYqxxVjwD -   Tesla’s (TSLA) Monday stock split isn’t changing ARK’s price target - Teslarati   https://t.co/B7tZWAUMjl", "likes_count": 0, "replies_count": 0, "retweets_count": 0, "hashtags": []}
{"id": 1299850510070099971, "date": "2020-08-29", "time": "19:24:46", "tweet": "New article: \"Apple and Tesla Stock Splits Are Here: Should You Buy the Stocks Now?\" has been published on Fintech Zoom -  https://t.co/hoynJlrS9o @FintechZoom #Fintech #Blockchain #Crypto #Cryptocurrency #ICO", "likes_count": 0, "replies_count": 0, "retweets_count": 0, "hashtags": ["fintech", "blockchain", "crypto", "cryptocurrency", "ico"]}
{"id": 1299850212442333185, "date": "2020-08-29", "time": "19:23:35", "tweet": "I’ll be purchasing both shares and contracts for $tsla and $aapl , for my long term and patient investors Apple is the safer option, but for me more volatility means more fun and Tesla is my favorite volatility stock to trade.", "likes_count": 3, "replies_count": 0, "retweets_count": 0, "hashtags": []}
{"id": 1299850152715235328, "date": "2020-08-29", "time": "19:23:21", "tweet": "@BLKMDL3 @elonmusk Legacy is the reason not only Tesla succeeds but also Carvana and Vroom. Just look at Carvana’s stock too. Almost nobody wants to go to a dealership.", "likes_count": 5, "replies_count": 1, "retweets_count": 0, "hashtags": []}
{"id": 1299848155953946625, "date": "2020-08-29", "time": "19:15:25", "tweet": "@TeslaOwnersEBay @jgold310 @TeslaClubLA @BLKMDL3 @TeslaJoy @MontrealTesla @AustinTeslaClub @SjvTesla @TOCNewYorkState @triangletesla @TeslaClubSoFla @PDXTeslaOwners @TeslaOwnersNEUS @TeslaOwnersofMA @Tesla @elonmusk Especially if they own the stock at the earlier part of the year and held on until today", "likes_count": 2, "replies_count": 1, "retweets_count": 0, "hashtags": []}
{"id": 1299847260260331520, "date": "2020-08-29", "time": "19:11:51", "tweet": "@Observer__BR @brianlantier @NorthmanTrader @CNBCFastMoney Wtf nobody thinks that. Whether there is a sell off or not, my point is a shit ton of more people will be able to afford a Tesla stock.", "likes_count": 0, "replies_count": 1, "retweets_count": 0, "hashtags": []}
{"id": 1299847203842912257, "date": "2020-08-29", "time": "19:11:38", "tweet": "ouuu tesla stock split👏", "likes_count": 0, "replies_count": 0, "retweets_count": 0, "hashtags": []}
{"id": 1299847091875962881, "date": "2020-08-29", "time": "19:11:11", "tweet": "Foiled cyberattack focused Tesla. New Zealand’s stock exchange disrupted by DDoS assaults. Extra mercenary teams conducting company espionage. | Fintech Zoom | #Databreach | Pentest | #Hacker  https://t.co/liRGHJVAk4", "likes_count": 0, "replies_count": 0, "retweets_count": 2, "hashtags": ["databreach", "hacker"]}
{"id": 1299846457680367618, "date": "2020-08-29", "time": "19:08:40", "tweet": "apple and tesla stock split today", "likes_count": 0, "replies_count": 0, "retweets_count": 0, "hashtags": []}
{"id": 1299846346111819776, "date": "2020-08-29", "time": "19:08:13", "tweet": "Tesla Bulls Bet Big Ahead of Stock Split  https://t.co/rmaWbh4lpN", "likes_count": 0, "replies_count": 0, "retweets_count": 0, "hashtags": []}
{"id": 1299845678366064641, "date": "2020-08-29", "time": "19:05:34", "tweet": "Like $TESLA, I think $NIO, $BABA, $ARKF (or anything that supports digital finance or crypto in any way) will be on the rise in the stock market over the next few years.", "likes_count": 3, "replies_count": 1, "retweets_count": 0, "hashtags": []}
{"id": 1299845643243061251, "date": "2020-08-29", "time": "19:05:25", "tweet": "Ever seen a stock valued on lies, Tesla. It will become worth Zero. I5 is not the only seller of battery cars, it sells crap cars. Wake up morons, its value is based on hype, not value.", "likes_count": 0, "replies_count": 0, "retweets_count": 0, "hashtags": []}
{"id": 1299844378463174662, "date": "2020-08-29", "time": "19:00:24", "tweet": "Tesla ends well above $2000 in all-time high  https://t.co/rxdIKDHy8Y on The stock first closed above $2,000 on Thursday, as part of its most recent rally, kicked off when the Silicon Valley car maker announced a 5-to-1 stock … social experiment by Livio Acerbo #greengroundit  https://t.co/4LHye4XI4s", "likes_count": 0, "replies_count": 0, "retweets_count": 0, "hashtags": ["greengroundit"]}
{"id": 1299843247951491073, "date": "2020-08-29", "time": "18:55:54", "tweet": "Just shows that in America the snake oil salesman can still sell shit, Elon Musk the salesman of the century. Knows shit, sells shit. Stock prices based on tesla being the only car company in the world. Sell you shares you are fools in fo a fall", "likes_count": 0, "replies_count": 0, "retweets_count": 0, "hashtags": []}
{"id": 1299842150952300545, "date": "2020-08-29", "time": "18:51:33", "tweet": "Xpeng IPO: Another Tesla rival from China is climbing the American stock market  https://t.co/HNIweOPv0N  https://t.co/BfVIH9ceTy", "likes_count": 0, "replies_count": 0, "retweets_count": 0, "hashtags": []}
{"id": 1299841462461280257, "date": "2020-08-29", "time": "18:48:49", "tweet": "After their stock split on Monday, Apple and Tesla stocks could surge to new highs:  https://t.co/XId6S9GYmz  #Tesla #TeslaStockSplit #AppleStock #AppleStockSplit #TeslaStock #stockanalysis #StockMarketForbeginners #stockmarketinvesting", "likes_count": 1, "replies_count": 0, "retweets_count": 0, "hashtags": ["tesla", "teslastocksplit", "applestock", "applestocksplit", "teslastock", "stockanalysis", "stockmarketforbeginners", "stockmarketinvesting"]}
{"id": 1299841297465962497, "date": "2020-08-29", "time": "18:48:09", "tweet": "@RealityTrunk @alandail @garyblack00 Fan boy. You eat all the hype and PR Tesla shoves your way.  I hope you did not BET more than you can afford to lose on the stock. It’s a bubble of epic proportions.", "likes_count": 0, "replies_count": 0, "retweets_count": 0, "hashtags": []}
{"id": 1299839848409374722, "date": "2020-08-29", "time": "18:42:24", "tweet": "If Tesla become like that Berkshire Hathaway stock 🧐", "likes_count": 0, "replies_count": 0, "retweets_count": 0, "hashtags": []}
{"id": 1299839810467778567, "date": "2020-08-29", "time": "18:42:15", "tweet": "@QBEARPATRIOT @yatesinvesting I’m not a Tesla guy. So no. I’ve also said no since it was 800 and been proven wrong. I will never say you should buy a stock that is incredibly over valued. But the power of Tesla is incredible. I would at least wait for a pull back but then again I’ve been waiting since 800 lol", "likes_count": 0, "replies_count": 0, "retweets_count": 0, "hashtags": []}
{"id": 1299839790226067456, "date": "2020-08-29", "time": "18:42:10", "tweet": "@kerberos007 Didn't you hear  VW, GM &amp; Toyota are about to give  up, admit defeat &amp; surrender and shutdown, giving the entire auto market to Elon &amp; Tesla  Because they can make 500k cars/ year   So next week the stock should rise another 25%  🌈🦄🌈🦄🦄🌈😎 #sarcasm", "likes_count": 5, "replies_count": 2, "retweets_count": 0, "hashtags": ["sarcasm"]}
{"id": 1299839671434964992, "date": "2020-08-29", "time": "18:41:42", "tweet": "TOP CAUSTIC WORLD | Lenovo Legion Tournament Tomorrow! | !HAIR !STOCK !TESLA  https://t.co/W5VVb6FchG", "likes_count": 4, "replies_count": 0, "retweets_count": 0, "hashtags": []}
{"id": 1299838368272973824, "date": "2020-08-29", "time": "18:36:31", "tweet": "#Apple and #Tesla stock split is complete. Both have big news on horizon. Apple iPhone 12 and Tesla imminent S&amp;P inclusion Any predictions about tomorrow’s direction?", "likes_count": 0, "replies_count": 1, "retweets_count": 0, "hashtags": ["apple", "tesla"]}
{"id": 1299838336475963393, "date": "2020-08-29", "time": "18:36:23", "tweet": "@KingJimmyC @Tesla @GetMCO Tesla was offered to convert every electric vehicle into a passive money making driving machine. This offer by AAVE, CEO, if accepted by Elon Musk would further propel the stock price for Tesla and earn additional income for future EV owners like King James.", "likes_count": 2, "replies_count": 0, "retweets_count": 0, "hashtags": []}
{"id": 1299837666297614337, "date": "2020-08-29", "time": "18:33:44", "tweet": "@thehill lolz so just long enough to inflate @Tesla stock even further  https://t.co/EXs2nP5Y0R", "likes_count": 7, "replies_count": 1, "retweets_count": 0, "hashtags": []}
{"id": 1299836925671505920, "date": "2020-08-29", "time": "18:30:47", "tweet": "I’m so upset I didn’t buy a whole Tesla stock", "likes_count": 0, "replies_count": 0, "retweets_count": 0, "hashtags": []}
{"id": 1299836072092864512, "date": "2020-08-29", "time": "18:27:24", "tweet": "Throw it into Apple and Tesla stock. Let yo money make you money", "likes_count": 1, "replies_count": 1, "retweets_count": 2, "hashtags": []}
{"id": 1299835034535329797, "date": "2020-08-29", "time": "18:23:16", "tweet": "Definitely about to take advantage of this Apple stock split. 📈 Might buy a share of Tesla, since they split too. 🤔", "likes_count": 2, "replies_count": 0, "retweets_count": 1, "hashtags": []}
{"id": 1299834397353340929, "date": "2020-08-29", "time": "18:20:44", "tweet": "Who’s buying that Tesla/apple Stock for that bargain price?", "likes_count": 1, "replies_count": 1, "retweets_count": 0, "hashtags": []}
{"id": 1299832997848297472, "date": "2020-08-29", "time": "18:15:11", "tweet": "@HedgeyeComm It has a future bringing different content to streaming - it just looks a lot like a Tesla-like stock that just keeps going up, valuations be damned. Most of the tech space looks like that. We all know that", "likes_count": 0, "replies_count": 1, "retweets_count": 0, "hashtags": []}
{"id": 1299832991288561670, "date": "2020-08-29", "time": "18:15:09", "tweet": "@kenklippenstein If Ken Klippenstein dies prematurely, I will post how much money he could have made if he invested half his $80k salary in Tesla stock instead of paying for 25 different Onlyfans subscriptions like the simp he is", "likes_count": 0, "replies_count": 1, "retweets_count": 0, "hashtags": []}
{"id": 1299831813523697664, "date": "2020-08-29", "time": "18:10:28", "tweet": "Tesla Battery Day Preview  (Battery Raw Materials / Rodney Hooper)  https://t.co/6WDTFyHNED  https://t.co/UTKhrj3ZnW", "likes_count": 54, "replies_count": 1, "retweets_count": 13, "hashtags": []}
{"id": 1299831182029357062, "date": "2020-08-29", "time": "18:07:58", "tweet": "Apple and Tesla stock split", "likes_count": 1, "replies_count": 0, "retweets_count": 0, "hashtags": []}
{"id": 1299831102593523712, "date": "2020-08-29", "time": "18:07:39", "tweet": "@J_Motoki Tesla stock", "likes_count": 5, "replies_count": 1, "retweets_count": 0, "hashtags": []}
{"id": 1299831028287262721, "date": "2020-08-29", "time": "18:07:21", "tweet": "Tesla Stock’s 3 Big Issues After The Stock Split  https://t.co/KSu2LpSMGe", "likes_count": 0, "replies_count": 0, "retweets_count": 0, "hashtags": []}
{"id": 1299830640494301184, "date": "2020-08-29", "time": "18:05:49", "tweet": "@WholeMarsBlog will the Tesla Stock split have an affect on the amount it can go up in the market daily?", "likes_count": 0, "replies_count": 0, "retweets_count": 0, "hashtags": []}
{"id": 1299830068227633152, "date": "2020-08-29", "time": "18:03:32", "tweet": "Tesla’s (TSLA) Monday stock split isn’t changing ARK’s price target - Teslarati: * Tesla’s (TSLA) Monday stock split isn’t changing ARK’s price target  Teslarati * Apple and Tesla Stock Splits Are Here: Should You Buy the Stocks Now?  The Motley Fool *…  https://t.co/tz5oi88BKS", "likes_count": 1, "replies_count": 0, "retweets_count": 0, "hashtags": []}
{"id": 1299830067577593856, "date": "2020-08-29", "time": "18:03:32", "tweet": "Tesla’s (TSLA) Monday stock split isn’t changing ARK’s price target - Teslarati  https://t.co/nkZCl7s8Om", "likes_count": 0, "replies_count": 0, "retweets_count": 0, "hashtags": []}
{"id": 1299829112362598400, "date": "2020-08-29", "time": "17:59:44", "tweet": "Tesla’s (TSLA) Monday stock split isn’t changing ARK’s price target – Teslarati  https://t.co/M893iHqr8Q", "likes_count": 0, "replies_count": 0, "retweets_count": 0, "hashtags": []}
{"id": 1299828578259841024, "date": "2020-08-29", "time": "17:57:37", "tweet": "Tesla’s (TSLA) Monday stock split isn’t changing ARK’s price target  https://t.co/F8BVqdQqbh", "likes_count": 0, "replies_count": 0, "retweets_count": 0, "hashtags": []}
{"id": 1299828113015296000, "date": "2020-08-29", "time": "17:55:46", "tweet": "New article: \"Foiled cyberattack targeted Tesla. New Zealand's stock exchange disrupted by DDoS attacks. More mercenary groups conducting corporate ...\" has been published on Fintech Zoom -  https://t.co/73vkVVYHPd @FintechZoom #Fintech #Blockchain #Crypto #Cryptocurrency #ICO", "likes_count": 0, "replies_count": 0, "retweets_count": 0, "hashtags": ["fintech", "blockchain", "crypto", "cryptocurrency", "ico"]}
{"id": 1299827701876846592, "date": "2020-08-29", "time": "17:54:08", "tweet": "Anyone buying Tesla and apple stocks on Monday cause they believe the stock is “cheaper”, yes, it’s cheaper, but you are still buying at $2 trillion and $412B valuations..", "likes_count": 1, "replies_count": 1, "retweets_count": 0, "hashtags": []}
{"id": 1299827633618915334, "date": "2020-08-29", "time": "17:53:52", "tweet": "Tesla..What Can You Say!! #tesla #tsla #stock #stockmarket #options #money #cars #tech #technology  https://t.co/B3Ej5eTvQ4", "likes_count": 0, "replies_count": 0, "retweets_count": 0, "hashtags": ["tesla", "tsla", "stock", "stockmarket", "options", "money", "cars", "tech", "technology"]}
{"id": 1299826176379113472, "date": "2020-08-29", "time": "17:48:04", "tweet": "Ron barron predics tesla stock reaches 10,000 by 2024-5  https://t.co/CTmofO99PE", "likes_count": 0, "replies_count": 0, "retweets_count": 0, "hashtags": []}
{"id": 1299826157467176961, "date": "2020-08-29", "time": "17:48:00", "tweet": "Do you own any Tesla or Apple? 👇🤔  What are your thoughts on the stock split❓", "likes_count": 1, "replies_count": 4, "retweets_count": 0, "hashtags": []}
{"id": 1299825109738364930, "date": "2020-08-29", "time": "17:43:50", "tweet": "Apple and Tesla Stock Split Analysis 08/29/20 {Video}  https://t.co/o1LfURWtpR via @chessNwine", "likes_count": 3, "replies_count": 1, "retweets_count": 2, "hashtags": []}
{"id": 1299824788370788352, "date": "2020-08-29", "time": "17:42:33", "tweet": "Apple and Tesla turn spotlight back on stock splits #capital  https://t.co/L3XLa31U3D", "likes_count": 0, "replies_count": 0, "retweets_count": 0, "hashtags": ["capital"]}
{"id": 1299823745599586304, "date": "2020-08-29", "time": "17:38:25", "tweet": "@Herbie71387418 @xenophon112 @blackrock The last thing you want to own is bonds. I would rather have Tesla stock today than a bond", "likes_count": 0, "replies_count": 1, "retweets_count": 0, "hashtags": []}
{"id": 1299823577718554625, "date": "2020-08-29", "time": "17:37:45", "tweet": "Stock exchange DDoS continues. Another criminal market exits. Pyongyang cybercrooks face criminal forfeiture. Instagram hijacking. Old malware returns. Treason’s motives. An attempt to hack Tesla. #theCyberwireDaily   https://t.co/MumFYmlaNA via @PodcastAddict", "likes_count": 0, "replies_count": 0, "retweets_count": 0, "hashtags": ["thecyberwiredaily"]}
{"id": 1299823479336861706, "date": "2020-08-29", "time": "17:37:21", "tweet": "Apple's &amp; Tesla's stock splits have thrown the Robinhood app for a loop and it has shown me an incorrect balance ($1000s off) in two different ways today 🙄 Not a good look so soon after someone died by suicide after seeing an incorrect balance in the app  https://t.co/16GxXGSgkz", "likes_count": 2, "replies_count": 1, "retweets_count": 0, "hashtags": []}
{"id": 1299822872123371536, "date": "2020-08-29", "time": "17:34:56", "tweet": "@NikolaTeslaNews @HelperTesla @WholeMarsBlog In 40 years Apple had 5 total stock splits. I think in 20 years Tesla will have at least 5. JMHO with exponential AI-ML tech growth driving faster and faster innovation.", "likes_count": 0, "replies_count": 0, "retweets_count": 0, "hashtags": []}
{"id": 1299822687213309952, "date": "2020-08-29", "time": "17:34:12", "tweet": "I think it makes sense to hop on Tesla stock after this 5 to 1 split. It won’t get any cheaper than this anytime soon.", "likes_count": 0, "replies_count": 0, "retweets_count": 0, "hashtags": []}
{"id": 1299821358348603392, "date": "2020-08-29", "time": "17:28:56", "tweet": "European Manufacturing Plant Space X His Hot Young Girlfriend When I get my money right TESLA STOCK I CUM!", "likes_count": 0, "replies_count": 0, "retweets_count": 0, "hashtags": []}
{"id": 1299820414361796609, "date": "2020-08-29", "time": "17:25:10", "tweet": "@elvinlarssonLA @ZONEofTECH Apple’s cash is now way smaller. They try to get to a cash neutral position and spend more on stock buy backs, dividends and R&amp;D. Their “allowance to spend” is probably close to half a trillion if they ever wanted to make a gigantic acquisition like Tesla for example.", "likes_count": 0, "replies_count": 1, "retweets_count": 0, "hashtags": []}
{"id": 1299820037407211520, "date": "2020-08-29", "time": "17:23:41", "tweet": "@EricaPTavares \"Musk ranked as the 35th richest person. But his net worth has nearly tripled over the last seven months, and Musk is now the sixth wealthiest person in the world with almost $75 billion. Tesla’s stock has almost quadrupled this calendar year.\" Tax him!  https://t.co/8c3hq812IY", "likes_count": 1, "replies_count": 0, "retweets_count": 0, "hashtags": []}
{"id": 1299819126022701056, "date": "2020-08-29", "time": "17:20:03", "tweet": "@skorusARK @ARKInvest Sept. 22nd, gas powered vehicles are dead. At this point I believe, they bad mouthing Tesla to bring the price of the stock down so they can buy it. I mean imagine being able to interface with your cat with Neuralink.", "likes_count": 0, "replies_count": 0, "retweets_count": 0, "hashtags": []}
{"id": 1299818964608888832, "date": "2020-08-29", "time": "17:19:25", "tweet": "Just bought some stock! #tesla #apple", "likes_count": 0, "replies_count": 0, "retweets_count": 0, "hashtags": ["tesla", "apple"]}
{"id": 1299818943067107328, "date": "2020-08-29", "time": "17:19:20", "tweet": "@PtiteGuerriere @IanPavelko @Model3Owners Stock Tesla mudflaps are useless.    https://t.co/0QTIhxBXgN", "likes_count": 1, "replies_count": 0, "retweets_count": 0, "hashtags": []}
{"id": 1299818695087149056, "date": "2020-08-29", "time": "17:18:21", "tweet": "テスラより優れてる？サンパワー 興味深い🧐 Why SunPower Is a Better Stock Than Tesla @themotleyfool #stocks $TSLA $SPWR  https://t.co/eygOkNO3kA", "likes_count": 1, "replies_count": 0, "retweets_count": 0, "hashtags": ["stocks"]}
{"id": 1299818413808738304, "date": "2020-08-29", "time": "17:17:13", "tweet": "Tesla and Apple’s stock is significantly lower today. Jump on that !", "likes_count": 3, "replies_count": 0, "retweets_count": 1, "hashtags": []}
{"id": 1299816553375035392, "date": "2020-08-29", "time": "17:09:50", "tweet": "@bryan_blazee No, Tesla stock split", "likes_count": 0, "replies_count": 0, "retweets_count": 0, "hashtags": []}
{"id": 1299816347833167872, "date": "2020-08-29", "time": "17:09:01", "tweet": "I know a guy who gets legit excited over Tesla stock going up, as if rich dudes getting richer during a pandemic is something to celebrate. He owns no stock in Tesla, he just likes to pretend he's closer to a 6 figure income than he is homelessness.", "likes_count": 1, "replies_count": 0, "retweets_count": 0, "hashtags": []}
{"id": 1299816139174879233, "date": "2020-08-29", "time": "17:08:11", "tweet": "Please subscribe: Tesla Stock - TSLA Stock - Weekly update - Split effect? Still a buy? - 8/28/20  https://t.co/Ajj2pNRjjB", "likes_count": 0, "replies_count": 0, "retweets_count": 0, "hashtags": []}
{"id": 1299815980193865728, "date": "2020-08-29", "time": "17:07:33", "tweet": "Tesla Stock’s 3 Big Issues After The Stock Split  https://t.co/fjgqR8wF3E  https://t.co/jFeaVsAhOO", "likes_count": 0, "replies_count": 0, "retweets_count": 0, "hashtags": []}
{"id": 1299815559152848896, "date": "2020-08-29", "time": "17:05:53", "tweet": "Am I tripping or was Tesla stock at like 2 grand last week and now it’s down to like $450?!?!", "likes_count": 17, "replies_count": 7, "retweets_count": 2, "hashtags": []}
{"id": 1299815003344834564, "date": "2020-08-29", "time": "17:03:40", "tweet": "$TSLA #teslastock #tesla Post split price is 442.68. Anyone thinking that it will be $500 by end of thus week ???", "likes_count": 1, "replies_count": 1, "retweets_count": 0, "hashtags": ["teslastock", "tesla"]}
{"id": 1299814841910202368, "date": "2020-08-29", "time": "17:03:02", "tweet": "Tesla has been on 🔥 🔥 🔥 this year with 33 record high closes in just this year alone. It's 5 for 1 stock split will commence starting Monday.  https://t.co/XFcGoXbq28  #stockstowatch #stockstotrade #tradingstocks #stocktrading  https://t.co/MFKdFzlW9R", "likes_count": 2, "replies_count": 0, "retweets_count": 0, "hashtags": ["stockstowatch", "stockstotrade", "tradingstocks", "stocktrading"]}
{"id": 1299813682466217985, "date": "2020-08-29", "time": "16:58:25", "tweet": "Stock Splits From Apple, Tesla: Reminders Of Qualcomm Warning  https://t.co/nTIMFewMxe via @IBDinvestors @CNN @politico @nytimes @MariaTeresa1 @USATODAY @AP @WSJ @MSNBC @Salon @TwitterNews @NickRiccardi @Newsweek @Reuters", "likes_count": 0, "replies_count": 0, "retweets_count": 0, "hashtags": []}
{"id": 1299813574483869702, "date": "2020-08-29", "time": "16:58:00", "tweet": "@itsjuststocks In the end it’s Tesla and Apple stock. You’ll never lose in the end. 👍🏻", "likes_count": 1, "replies_count": 0, "retweets_count": 0, "hashtags": []}
{"id": 1299813399942107137, "date": "2020-08-29", "time": "16:57:18", "tweet": "Update: this 10% stocks Daimler had in Tesla are now worth 41b ( and climbing). Almost all of Daimler market cap at 45.86b ! Tesla stock owners hold for indefinitely.", "likes_count": 3, "replies_count": 0, "retweets_count": 1, "hashtags": []}
{"id": 1299812591091331072, "date": "2020-08-29", "time": "16:54:05", "tweet": "Tesla and apple had a stock split 📈📈📈📈📈📈taking my happy ass to the bank", "likes_count": 2, "replies_count": 0, "retweets_count": 1, "hashtags": []}
{"id": 1299812053146796032, "date": "2020-08-29", "time": "16:51:57", "tweet": "@Yirkaa Not really a good vs bad type deal, but usually it means the company is doing well. They are just making the stock more accessible to smaller investors and increasing liquidity. Regardless Tesla is a powerhouse for the foreseeable future", "likes_count": 1, "replies_count": 0, "retweets_count": 0, "hashtags": []}
{"id": 1299811919931596801, "date": "2020-08-29", "time": "16:51:25", "tweet": "Make sure to check out our new podcast! Link -  https://t.co/PQ0T9jNqRg make sure to like, subscribe and share! #Apple #teslastock #tesla #education #Economia #Technology #podcast #podcasting #economics #business #BusinessGrowth #BorisJohnson  https://t.co/F5tOEehkez", "likes_count": 0, "replies_count": 0, "retweets_count": 2, "hashtags": ["apple", "teslastock", "tesla", "education", "economia", "technology", "podcast", "podcasting", "economics", "business", "businessgrowth", "borisjohnson"]}
{"id": 1299811658714542080, "date": "2020-08-29", "time": "16:50:23", "tweet": "Elon Musk has to keep coming up with new stories to try and justify $TSLA bloated stock valuation and suck sheep into continuing to buy his overvalued car stock. #Tesla #brainimplant", "likes_count": 7, "replies_count": 2, "retweets_count": 1, "hashtags": ["tesla", "brainimplant"]}
{"id": 1299811525625098243, "date": "2020-08-29", "time": "16:49:51", "tweet": "Any one do stocks? #teslastock did their 5 to 1 split and #applestock did their 4 to 1 split. Their stocks are cheap right now! Tesla went from 2k to a little over $400 and apple went from $500 to $125! I’m about to go all in on both this upcoming Monday! Let’s get this money!", "likes_count": 8, "replies_count": 2, "retweets_count": 1, "hashtags": ["teslastock", "applestock"]}
{"id": 1299811445815873538, "date": "2020-08-29", "time": "16:49:32", "tweet": "@Tesla what is happening 😫😫💔💔  #teslastock #tesla @CurrencyCom  From $2,700 to $ 443 💔💔💔💔  https://t.co/A48gpRqoD5", "likes_count": 1, "replies_count": 3, "retweets_count": 0, "hashtags": ["teslastock", "tesla"]}
{"id": 1299810595013828609, "date": "2020-08-29", "time": "16:46:09", "tweet": "Apple and Tesla just stock-split today. Hurry and grab 1 at least", "likes_count": 2, "replies_count": 0, "retweets_count": 0, "hashtags": []}
{"id": 1299810579025018880, "date": "2020-08-29", "time": "16:46:06", "tweet": "Apple and Tesla Stock Splits Are Here: Should You Buy the Stocks Now? - The Motley Fool  https://t.co/X9onoiRg65", "likes_count": 0, "replies_count": 0, "retweets_count": 0, "hashtags": []}
{"id": 1299810565037023232, "date": "2020-08-29", "time": "16:46:02", "tweet": "Apple and Tesla Stock Splits Are Here: Should You Buy the Stocks Now? - The Motley Fool  https://t.co/H3Mx5GAjwx", "likes_count": 0, "replies_count": 0, "retweets_count": 0, "hashtags": []}
{"id": 1299810436922200065, "date": "2020-08-29", "time": "16:45:32", "tweet": "Don’t be fooled by that stock split... stay away from Tesla", "likes_count": 0, "replies_count": 0, "retweets_count": 0, "hashtags": []}
{"id": 1299809768878600194, "date": "2020-08-29", "time": "16:42:52", "tweet": "#tesla #aapl #fb #amzn #twtr #stock #optionstrading #finance #wallstreet #money @ Stock Trading Learning Center  https://t.co/II95b5odXI", "likes_count": 0, "replies_count": 0, "retweets_count": 0, "hashtags": ["tesla", "aapl", "fb", "amzn", "twtr", "stock", "optionstrading", "finance", "wallstreet", "money"]}
{"id": 1299809478427242497, "date": "2020-08-29", "time": "16:41:43", "tweet": "@NBCNews \"Be a pig like me Elon Musk! Facebook your brain Buy my Tesla Stock!\" #badhaiku", "likes_count": 0, "replies_count": 0, "retweets_count": 0, "hashtags": ["badhaiku"]}
{"id": 1299809414837403649, "date": "2020-08-29", "time": "16:41:28", "tweet": "@elcaminosway Tesla and Apple r doing stock splits on Monday. Tesla doing a 1 to 5. Apple 1 to 4.  Current price will be a fraction of the cost and they gona fly back up again. Def not a bad idea to grab n hold long term. Also look into 'options' trading. That shit is next level.", "likes_count": 1, "replies_count": 0, "retweets_count": 0, "hashtags": []}
{"id": 1299808734768779265, "date": "2020-08-29", "time": "16:38:46", "tweet": "@redfaceradio Tesla stock rose 50$ on your tweet.", "likes_count": 1, "replies_count": 0, "retweets_count": 0, "hashtags": []}
{"id": 1299808364055220224, "date": "2020-08-29", "time": "16:37:17", "tweet": "@NPPtrades Interested to hear your thoughts on APPL and Tesla stock split and if its good to buy now or wait. Split is already reflected in the price as of today.", "likes_count": 0, "replies_count": 1, "retweets_count": 0, "hashtags": []}
{"id": 1299808266877313024, "date": "2020-08-29", "time": "16:36:54", "tweet": "When Apple and Tesla did a stock split this weekend 🤑🤑🤑🤑  https://t.co/uAvgmonEkF", "likes_count": 40, "replies_count": 2, "retweets_count": 8, "hashtags": []}
{"id": 1299807658300575744, "date": "2020-08-29", "time": "16:34:29", "tweet": "@thestinkmarket Imagine buying tesla before the stock split. Fools.", "likes_count": 6, "replies_count": 4, "retweets_count": 0, "hashtags": []}
{"id": 1299807590461976576, "date": "2020-08-29", "time": "16:34:13", "tweet": "@bytemaster7 @EverythingEOSio System won't work if everyone needed to know how to build an electric car to buy a share.   If you needed to have a specific industry specialization to buy a stock or token - market won't work  People love the cars, TESLA is a 10x experience, they love his vision.  That's real", "likes_count": 2, "replies_count": 1, "retweets_count": 0, "hashtags": []}
{"id": 1299807446781681664, "date": "2020-08-29", "time": "16:33:39", "tweet": "-Tesla stock is now $443 -Apple stock is now $125￼   (only showing on Robinhood)", "likes_count": 1, "replies_count": 0, "retweets_count": 1, "hashtags": []}
{"id": 1299807374119596032, "date": "2020-08-29", "time": "16:33:21", "tweet": "@Makhajimmy_ @BigBirdofBayst @Wealth_Theory Don’t get me wrong, I love tesla and the long term high growth prospects. But history has shown that when there is a revile or presentation coming up the stock rallies into it and then quickly fades afterwards. Either sell the news or buy on weakness afterwards.", "likes_count": 2, "replies_count": 2, "retweets_count": 0, "hashtags": []}
{"id": 1299806942387339264, "date": "2020-08-29", "time": "16:31:38", "tweet": "Apple and tesla stock split :)", "likes_count": 2, "replies_count": 0, "retweets_count": 0, "hashtags": []}
{"id": 1299806496130129921, "date": "2020-08-29", "time": "16:29:52", "tweet": "Tesla’s (TSLA) Monday stock split isn’t changing ARK’s price target | TESLARATI  https://t.co/3cMWPFWnyr", "likes_count": 3, "replies_count": 0, "retweets_count": 0, "hashtags": []}
{"id": 1299806428920721409, "date": "2020-08-29", "time": "16:29:36", "tweet": "Apple and Tesla Stock Splits Are Here: Should You Buy the Stocks Now? @themotleyfool #stocks $AAPL $TSLA  https://t.co/yPNaS6yi1P", "likes_count": 1, "replies_count": 0, "retweets_count": 1, "hashtags": ["stocks"]}
{"id": 1299806365532258313, "date": "2020-08-29", "time": "16:29:21", "tweet": "Tesla stock to go up another 50%", "likes_count": 0, "replies_count": 0, "retweets_count": 0, "hashtags": []}
{"id": 1299806317431980035, "date": "2020-08-29", "time": "16:29:09", "tweet": "@_jamesmotivates Both Apple and Telsa have forward stock splits. Apple 4-1 and Tesla 5-1.  They split to encourage investors to get more active.", "likes_count": 0, "replies_count": 1, "retweets_count": 0, "hashtags": []}
{"id": 1299805408496816129, "date": "2020-08-29", "time": "16:25:33", "tweet": "Yahoo finance and ark invest interview why tesla will reach $7000 a share by 2024 even after the stock split $TSLA   https://t.co/j6OjlGkwPk", "likes_count": 4, "replies_count": 1, "retweets_count": 1, "hashtags": []}
{"id": 1299804507241553920, "date": "2020-08-29", "time": "16:21:58", "tweet": "Apple and Tesla stock 📉", "likes_count": 0, "replies_count": 0, "retweets_count": 0, "hashtags": []}
{"id": 1299802722682769408, "date": "2020-08-29", "time": "16:14:52", "tweet": "5 things to know about Tesla ahead of its 5-for-1 stock split  https://t.co/lpLep3wE4G", "likes_count": 0, "replies_count": 0, "retweets_count": 0, "hashtags": []}
{"id": 1299801852872019968, "date": "2020-08-29", "time": "16:11:25", "tweet": "@FierceBadger420 @elonmusk This Tilton isn’t the Milton but a noise maker.  Everyone knows Tesla is splitting its current stock  5:1 on Monday - so of course it going to be in the $400 range after the split.  Hope all of know this isn’t the real Trevor Milton account. @nikolatrevor", "likes_count": 0, "replies_count": 0, "retweets_count": 0, "hashtags": []}
{"id": 1299801565994328065, "date": "2020-08-29", "time": "16:10:17", "tweet": "Yeah they took all my Apple &amp; Tesla stock 🤯😤👎🏽", "likes_count": 2, "replies_count": 0, "retweets_count": 0, "hashtags": []}
{"id": 1299801521811587074, "date": "2020-08-29", "time": "16:10:06", "tweet": "Apple and Tesla just did a stock split today! Monday morning the market will be doing number.", "likes_count": 1, "replies_count": 0, "retweets_count": 0, "hashtags": []}
{"id": 1299800996621815808, "date": "2020-08-29", "time": "16:08:01", "tweet": "@GregCrennan Like Max Keiser says, Tesla is a meme. I call it a cult stock", "likes_count": 2, "replies_count": 0, "retweets_count": 0, "hashtags": []}
{"id": 1299800835069624320, "date": "2020-08-29", "time": "16:07:22", "tweet": "Stock Splits From Apple, Tesla: Reminders Of Qualcomm Warning  https://t.co/gbCjY1lUNu via @YahooFinance", "likes_count": 0, "replies_count": 1, "retweets_count": 0, "hashtags": []}
{"id": 1299800642832093184, "date": "2020-08-29", "time": "16:06:37", "tweet": "@gwestr To be fair, if Tesla car’s price was the same as Tesla’s stock more American’s would own a Tesla car.", "likes_count": 0, "replies_count": 0, "retweets_count": 0, "hashtags": []}
{"id": 1299800594794905600, "date": "2020-08-29", "time": "16:06:25", "tweet": "@RoryRedDog @TeslaPodcast Even though a drop should happen there and in EU as well, the difference isn't as big (reasons above) as you mention. It's the most expensive car i will ever buy but Tesla stock help in a big way. Can't wait for battery day because I've delay this purchase way too many times now.", "likes_count": 0, "replies_count": 0, "retweets_count": 0, "hashtags": []}
{"id": 1299800593893003264, "date": "2020-08-29", "time": "16:06:25", "tweet": "Apple stocks are now $125.50 and Tesla stocks are now $443 😎 best time to start buying 💰You now have a claim to a #stock like #Apple, #Ford, or #Facebook. In order to keep this claim to your stock, sign up and join Robinhood using my link.  https://t.co/UBsJr2gj9O", "likes_count": 0, "replies_count": 0, "retweets_count": 1, "hashtags": ["stock", "apple", "ford", "facebook"]}
{"id": 1299800230024617984, "date": "2020-08-29", "time": "16:04:58", "tweet": "Why SunPower Is a Better Stock Than Tesla @themotleyfool #stocks $TSLA $SPWR  https://t.co/bPCvmOlpZg", "likes_count": 0, "replies_count": 0, "retweets_count": 0, "hashtags": ["stocks"]}
{"id": 1299799695682932737, "date": "2020-08-29", "time": "16:02:51", "tweet": "When will your company SpaceX  be on the stock exchange??  Because SpaceX seems to grow in stock exchange as fast as Tesla.-@elonmusk", "likes_count": 1, "replies_count": 1, "retweets_count": 1, "hashtags": []}
{"id": 1299799001865375751, "date": "2020-08-29", "time": "16:00:05", "tweet": "Just In: $MSFT 2 Reasons Brookfield Renewable Is a Better Stock Than Tesla  https://t.co/7sCUMG6Z6d      #TrumpViolence @mikeo3009 $ODT $SBEV $ORTX $VVPR", "likes_count": 0, "replies_count": 0, "retweets_count": 0, "hashtags": ["trumpviolence"]}
{"id": 1299798795245453312, "date": "2020-08-29", "time": "15:59:16", "tweet": "They should list on the Nasdaq ... Vehicle stocks are booming right now.   #teslastock", "likes_count": 1, "replies_count": 1, "retweets_count": 0, "hashtags": ["teslastock"]}
{"id": 1299797862914482176, "date": "2020-08-29", "time": "15:55:34", "tweet": "This video about Tesla stock has 80k views on YouTube. This is the guy’s forecast for Tesla’s net income going forward. $1 billion in 2021 and essentially doubling every year for the next 7 years. Insanity  https://t.co/0WtgUMRUrY", "likes_count": 0, "replies_count": 0, "retweets_count": 0, "hashtags": []}
{"id": 1299797246616117249, "date": "2020-08-29", "time": "15:53:07", "tweet": "Tesla’s (TSLA) Monday stock split isn’t changing ARK’s price target  https://t.co/7xq1a7zOX1  https://t.co/ovzoVTZHg2", "likes_count": 0, "replies_count": 0, "retweets_count": 0, "hashtags": []}
{"id": 1299797099073032192, "date": "2020-08-29", "time": "15:52:32", "tweet": "at nangyari na nga po ang Stock Split ng Tesla and Apple 🤔   niceeeee, mkakabili na yung mga kagaya kung walang pambili before the split. hahaha 😂 piman!  https://t.co/KSwWuMNiNZ", "likes_count": 2, "replies_count": 0, "retweets_count": 0, "hashtags": []}
{"id": 1299796998011285505, "date": "2020-08-29", "time": "15:52:08", "tweet": "Could’ve bought a Tesla, but I bought Tesla stock instead 🤑", "likes_count": 2, "replies_count": 0, "retweets_count": 0, "hashtags": []}
{"id": 1299796934270636033, "date": "2020-08-29", "time": "15:51:52", "tweet": "God bless Tesla heart for those stock splits.", "likes_count": 0, "replies_count": 0, "retweets_count": 0, "hashtags": []}
{"id": 1299796819053080581, "date": "2020-08-29", "time": "15:51:25", "tweet": "@ScienceChiefAu Dr. Finkel I came across your 2015 article on battery storage, wow, how right you were and are, hope you bt Tesla stock, anyway ur gas backup is correct too, wonder if calif. has called you?familiar w/ redwood?", "likes_count": 0, "replies_count": 0, "retweets_count": 0, "hashtags": []}
{"id": 1299796646239313920, "date": "2020-08-29", "time": "15:50:44", "tweet": "#Neuralink and stock split are smoke screens to obscure the fact Tesla is losing market share. At some point they will fabricate earnings so grotesque that the majority of people will recognize the scam and want out. $TSLA will not exist in 2026, mark my words. $TSLAQ", "likes_count": 0, "replies_count": 1, "retweets_count": 0, "hashtags": ["neuralink"]}
{"id": 1299796638282649602, "date": "2020-08-29", "time": "15:50:42", "tweet": "@ChrisDungeon I do think cash position makes it healty for Tesla stock.  with 400 billion MC.  Having onlyh 8 billion in cash don't quite make sense.", "likes_count": 1, "replies_count": 0, "retweets_count": 0, "hashtags": []}
{"id": 1299796206005125121, "date": "2020-08-29", "time": "15:48:59", "tweet": "I hope y’all heard about what’s gunna happen to #tesla stock 5 in 1 split something like that. Maybe be good for someone like me who doesn’t even own a whole share !!!", "likes_count": 0, "replies_count": 0, "retweets_count": 0, "hashtags": ["tesla"]}
{"id": 1299795974643224581, "date": "2020-08-29", "time": "15:48:04", "tweet": "@MollyJongFast Tesla stock is money in the bank so I will definitely invest in the pig’s stock!", "likes_count": 0, "replies_count": 0, "retweets_count": 0, "hashtags": []}
{"id": 1299795201712553984, "date": "2020-08-29", "time": "15:44:59", "tweet": "Friday 8-28-20 Tesla Play  I didn’t take profits and closed for 10% loss  Below is the explanation why I should have exited this play and what mistake I made: check the comments:) $tsla $tesla #teslastock #teslatrade  https://t.co/4PqKM0Fk7G", "likes_count": 0, "replies_count": 4, "retweets_count": 0, "hashtags": ["teslastock", "teslatrade"]}
{"id": 1299795111640006656, "date": "2020-08-29", "time": "15:44:38", "tweet": "Excelente Nado Sincronizado en aguas abiertas!!!👌👍💪 $TSLA YTD 429 %, Promedio Móvil alrededor de 900% #TESLA #STOCK #NASDAQ #SP500 Rumbo a rebasar a $BRK/B 👨‍💻😎", "likes_count": 1, "replies_count": 0, "retweets_count": 0, "hashtags": ["tesla", "stock", "nasdaq", "sp500"]}
{"id": 1299794499732795394, "date": "2020-08-29", "time": "15:42:12", "tweet": "Tesla Stock Rally Narrative  https://t.co/uD0ILmvHQp", "likes_count": 0, "replies_count": 0, "retweets_count": 0, "hashtags": []}
{"id": 1299794040704184327, "date": "2020-08-29", "time": "15:40:22", "tweet": "@ElectrekCo @FredericLambert Tesla urinates on ground stock goes up 400 pts", "likes_count": 7, "replies_count": 1, "retweets_count": 0, "hashtags": []}
{"id": 1299793974077665282, "date": "2020-08-29", "time": "15:40:07", "tweet": "@Trading212 it can't have escaped your notice that something seems to have happened with Tesla and Apple stock. An email or tweet would be useful to provide an update!", "likes_count": 2, "replies_count": 1, "retweets_count": 0, "hashtags": []}
{"id": 1299793162974760961, "date": "2020-08-29", "time": "15:36:53", "tweet": "TSLA Stock Split on @Stash already 👀📈🔋@Tesla 💸  https://t.co/UeQcubAcFo", "likes_count": 1, "replies_count": 0, "retweets_count": 0, "hashtags": []}
{"id": 1299792949727830017, "date": "2020-08-29", "time": "15:36:02", "tweet": "Tesla Stock’s 3 Big Issues After The Stock Split  https://t.co/mVtCYl1RBm  https://t.co/X3b3VNPJUa", "likes_count": 0, "replies_count": 0, "retweets_count": 0, "hashtags": []}
{"id": 1299792104583987202, "date": "2020-08-29", "time": "15:32:41", "tweet": "@RyanFortcher12 @MrFourToEight They both have big announcements in September. Tesla has a battery announcement on the 8th I believe. Apple an iPhone announcement on the 25th or vice verse on the days. Historically after a split the stock has a sligh downtrend in the first 1-3 weeks. But you can’t go wrong LT.", "likes_count": 2, "replies_count": 0, "retweets_count": 0, "hashtags": []}
{"id": 1299789831636217859, "date": "2020-08-29", "time": "15:23:39", "tweet": "@stevenmarkryan Gee, Bob mentioned Tesla's thousands versus the big guys millions.  (Production)  That's the very reason to buy the stock!  It's called stealing market share.  Man is this guy slow on the up take.", "likes_count": 0, "replies_count": 0, "retweets_count": 0, "hashtags": []}
{"id": 1299787938155331585, "date": "2020-08-29", "time": "15:16:08", "tweet": "Be blessed you have some Tesla stock.  When it was a 137 bucks I almost bought it and didn't. Went up to 200 dollars and felt like I missed the boat.  And boy did I!", "likes_count": 3, "replies_count": 1, "retweets_count": 0, "hashtags": []}
{"id": 1299787596369985541, "date": "2020-08-29", "time": "15:14:46", "tweet": "@BenjaminGJDavis @stedavies @Trading212 After a stock split, you’ll be able to buy back and get the same value as before, but now you’ll be able to buy more shares  It’s done like this so that the stock can become more easily accessible. Tesla will be added to the S&amp;P500 shortly which will appeal to smaller investors.", "likes_count": 0, "replies_count": 1, "retweets_count": 0, "hashtags": []}
{"id": 1299787327854784520, "date": "2020-08-29", "time": "15:13:42", "tweet": "Who is the saint of stock splits? St. Ock #StockSplit #Apple #Tesla #funabridged  https://t.co/SutUt6nZFJ", "likes_count": 0, "replies_count": 1, "retweets_count": 0, "hashtags": ["stocksplit", "apple", "tesla", "funabridged"]}
{"id": 1299786997222051846, "date": "2020-08-29", "time": "15:12:23", "tweet": "TESLA STOCK SPLIT AND IS AT $443, GO GET IT NOW!! I’VE MADE 2K OFF OF IT THE LAST FEW MONTHS", "likes_count": 22, "replies_count": 3, "retweets_count": 3, "hashtags": []}
{"id": 1299786646058131457, "date": "2020-08-29", "time": "15:10:59", "tweet": "Tesla split might be your chance to get into the game. I said before the year was over I’d own a stock in Tesla funny how things work I now own 4 😂😂😂", "likes_count": 2, "replies_count": 1, "retweets_count": 0, "hashtags": []}
{"id": 1299786387017867267, "date": "2020-08-29", "time": "15:09:58", "tweet": "8/31 watchlist thread for the coming week (mostly large caps as the markets shifted in August):  $AAPL and $TSLA I currently have a heavy position in Apple as both this and Tesla stock split hits Monday. This brings investors in who couldn’t do partial shares.", "likes_count": 1, "replies_count": 1, "retweets_count": 1, "hashtags": []}
{"id": 1299786285364645888, "date": "2020-08-29", "time": "15:09:33", "tweet": "@monsterstocks1 John, based on your monster stock theories, where do you se Tesla here? Near it’s climax or still good for the ups side?", "likes_count": 0, "replies_count": 0, "retweets_count": 0, "hashtags": []}
{"id": 1299785959047913477, "date": "2020-08-29", "time": "15:08:16", "tweet": "Stock splits on Apple &amp; Tesla happened today", "likes_count": 0, "replies_count": 0, "retweets_count": 0, "hashtags": []}
{"id": 1299785528976355330, "date": "2020-08-29", "time": "15:06:33", "tweet": "Apple and Tesla Stock Splits Are Here: Should You Buy the Stocks Now? - The Motley Fool: * Apple and Tesla Stock Splits Are Here: Should You Buy the Stocks Now?  The Motley Fool * Stock Splits From Apple, Tesla: Reminders Of Qualcomm Warning  Investor's…  https://t.co/8VYo2NFLa5  https://t.co/tjSe7f9NLr", "likes_count": 0, "replies_count": 0, "retweets_count": 0, "hashtags": []}
{"id": 1299785379621384193, "date": "2020-08-29", "time": "15:05:58", "tweet": "The price of Apple(4 for 1) and Tesla(5 for 1) stocks after their splits.   Over the last 12 months Apple stock price went up 140%($499) &amp; Tesla 912% ($2217)   Looking forward to see how these monsters perform over the next year, moving into 2021. 😁💸  https://t.co/B3itYOl8yE", "likes_count": 1, "replies_count": 0, "retweets_count": 0, "hashtags": []}
{"id": 1299784769207783431, "date": "2020-08-29", "time": "15:03:32", "tweet": "@SRaviSJC If I post \"if a stock is above this level\" then that level is a stop-loss for risk management purposes and I would not open a new position below that level. If the level is recovered, the trade is back on.   Ex: tesla went below 1400 then recovered it fast, reactivating the trade  https://t.co/nUUNlsXAcT", "likes_count": 0, "replies_count": 1, "retweets_count": 0, "hashtags": []}
{"id": 1299784753818808320, "date": "2020-08-29", "time": "15:03:28", "tweet": "Will the brainlink shoot up the Tesla stock price is the real question", "likes_count": 1, "replies_count": 0, "retweets_count": 0, "hashtags": []}
{"id": 1299783104551419904, "date": "2020-08-29", "time": "14:56:55", "tweet": "#NewsAlert #worldnews Apple and Tesla Stock Splits Are Here: Should You Buy the Stocks Now? – Motley Fool  https://t.co/fYC0L09f7F", "likes_count": 0, "replies_count": 0, "retweets_count": 0, "hashtags": ["newsalert", "worldnews"]}
{"id": 1299782819426820097, "date": "2020-08-29", "time": "14:55:47", "tweet": "@SheCravesJD_ @samw_18 Na not that I've heard of, think it's just the 5 for 1 split with Tesla so you'll own 5 shares for every 1 you own and so the stock price will be reduced to a 1/5", "likes_count": 0, "replies_count": 0, "retweets_count": 0, "hashtags": []}
{"id": 1299782720948547584, "date": "2020-08-29", "time": "14:55:24", "tweet": "@RealDemocracy7 @blockfolio @elonmusk That is hardly the problem of crypto. Let me put it this way, if you have a share of Apple or Tesla stock, even if Walmart accepts it as payment, why will you use it as money to buy a carton of milk when its value can appreciate over time?", "likes_count": 0, "replies_count": 1, "retweets_count": 0, "hashtags": []}
{"id": 1299782383441506307, "date": "2020-08-29", "time": "14:54:03", "tweet": "@TheMamoose @SortOfKnownO About 18000, the split my Apple and Tesla stock but haven’t adjusted the share price yet, it’s a bug", "likes_count": 0, "replies_count": 1, "retweets_count": 0, "hashtags": []}
{"id": 1299782211357507585, "date": "2020-08-29", "time": "14:53:22", "tweet": "Tesla and Apple stock both are attainable at this point. Don’t miss this jet hoe", "likes_count": 0, "replies_count": 1, "retweets_count": 0, "hashtags": []}
{"id": 1299781934260924418, "date": "2020-08-29", "time": "14:52:16", "tweet": "@TilmanWinkler @mithunoorath We’re not talking about the law though. We’re talking about why Tesla would fire people right before their stock vests.", "likes_count": 0, "replies_count": 1, "retweets_count": 0, "hashtags": []}
{"id": 1299781726026174464, "date": "2020-08-29", "time": "14:51:26", "tweet": "“Last year, Tesla traded at$215. A massive global recession later, the stock has soared nearly 600% more than $2100. Did Tesla’s intrinsic value really increase 8x in just 12 months with sales up 3%? The Stock Market Is a Bubbl - Yes, Inflation Is to Blame  https://t.co/kLgK43dG8F", "likes_count": 17, "replies_count": 2, "retweets_count": 2, "hashtags": []}
{"id": 1299781560586170368, "date": "2020-08-29", "time": "14:50:47", "tweet": "Tesla stock split. 🙃 wait til I get paid.", "likes_count": 0, "replies_count": 0, "retweets_count": 0, "hashtags": []}
{"id": 1299781423080108039, "date": "2020-08-29", "time": "14:50:14", "tweet": "Tesla and Apple will be lower on Monday after their stock split. Great time to get in and sit on it.  Might see some market volatility and correction but long term 3-5 years are tremendous growth stocks. Apple is looking to monitize by offering bundling services.", "likes_count": 1, "replies_count": 1, "retweets_count": 0, "hashtags": []}
{"id": 1299781158323064833, "date": "2020-08-29", "time": "14:49:11", "tweet": "Haha My Tesla stock shares went up 5X overnight but it kept the price at 2213. I took a picture. For one time in my life I felt rich. Back to normal Monday morning. 😂", "likes_count": 33, "replies_count": 4, "retweets_count": 0, "hashtags": []}
{"id": 1299780527629762562, "date": "2020-08-29", "time": "14:46:41", "tweet": "Is anyone else having trouble buying Tesla stock today? My orders keep getting cancelled.", "likes_count": 1, "replies_count": 2, "retweets_count": 0, "hashtags": []}
{"id": 1299780496344231942, "date": "2020-08-29", "time": "14:46:33", "tweet": "Tesla Stock’s 3 Big Issues After The Stock Split  https://t.co/K8QhDCdZDG", "likes_count": 0, "replies_count": 0, "retweets_count": 0, "hashtags": []}
{"id": 1299780476295622658, "date": "2020-08-29", "time": "14:46:28", "tweet": "Chyyyy let me see if I want to risk for this Tesla stock  https://t.co/9c31iEx3Xe", "likes_count": 0, "replies_count": 0, "retweets_count": 0, "hashtags": []}
{"id": 1299779823628361728, "date": "2020-08-29", "time": "14:43:53", "tweet": "Tesla split the stock and idk how I feel about it", "likes_count": 0, "replies_count": 0, "retweets_count": 0, "hashtags": []}
{"id": 1299779105093832705, "date": "2020-08-29", "time": "14:41:02", "tweet": "@Leafy yo man, any stock tips? Tryna get into, tesla made me a little bit but it's a slow gain at this stage. Got any tips for success?", "likes_count": 0, "replies_count": 0, "retweets_count": 0, "hashtags": []}
{"id": 1299778683884826624, "date": "2020-08-29", "time": "14:39:21", "tweet": "If you look online the tesla and apple split happened.  If you don't already have shares in these stocks and you want to, ima suggest you get the stock soon as the market open Monday morning,  because it's gonna probly go up", "likes_count": 42, "replies_count": 4, "retweets_count": 8, "hashtags": []}
{"id": 1299778476161904645, "date": "2020-08-29", "time": "14:38:32", "tweet": "Tesla Stock’s 3 Big Issues After The Stock Split  https://t.co/Yct7QIEq1e", "likes_count": 0, "replies_count": 0, "retweets_count": 0, "hashtags": []}
{"id": 1299777654518943744, "date": "2020-08-29", "time": "14:35:16", "tweet": "Tesla stock is basically just Bitcoin now.", "likes_count": 0, "replies_count": 1, "retweets_count": 0, "hashtags": []}
{"id": 1299777445474828288, "date": "2020-08-29", "time": "14:34:26", "tweet": "If you’re into stock or want to get into them, it is a good time to invest in Tesla or Apple. The two are doing stock splits making their investments price partial and more affordable.", "likes_count": 1, "replies_count": 1, "retweets_count": 0, "hashtags": []}
{"id": 1299777354353520642, "date": "2020-08-29", "time": "14:34:04", "tweet": "@KneWKeeD Join this WhatsApp group below to learn how to invest in the STOCK MARKET i.e investing in stocks like amazon, Tesla, apple, Facebook etc...First few days of training is absolutely FREE. Training fee is 5k. Training starts 10th September.  https://t.co/9Za8XA8Dnx", "likes_count": 0, "replies_count": 0, "retweets_count": 0, "hashtags": []}
{"id": 1299777053626175489, "date": "2020-08-29", "time": "14:32:52", "tweet": "@BarkMSmeagol @GM @lorakolodny @russ1mitchell @danahull 😂😂😂 using their “professional” accounts to push their radical alt left agenda moaning about the rioters...def not tweeting about the stock price LOLOLOLOL not taking about Tesla at all which they claim to cover in their accounts  https://t.co/Ye4J9twdWS", "likes_count": 2, "replies_count": 0, "retweets_count": 0, "hashtags": []}
{"id": 1299777021417934849, "date": "2020-08-29", "time": "14:32:45", "tweet": "@Talktodjrp Am I tripping Or is Tesla stock normally in the thousands range", "likes_count": 0, "replies_count": 2, "retweets_count": 0, "hashtags": []}
{"id": 1299776821374980097, "date": "2020-08-29", "time": "14:31:57", "tweet": "@odeyemi_yemi Join this WhatsApp group below to learn how to invest in the STOCK MARKET i.e investing in stocks like amazon, Tesla, apple, Facebook etc...First few days of training is absolutely FREE. Training fee is 5k. Training starts 10th September.  https://t.co/9Za8XA8Dnx", "likes_count": 0, "replies_count": 0, "retweets_count": 0, "hashtags": []}
{"id": 1299776319266398209, "date": "2020-08-29", "time": "14:29:57", "tweet": "@NotDecka they're getting ready for a stock split as with apple.  People who previously have bought stocks in both companies are pulling their stocks out because tomorrow is when apple and tesla both split 6-1 // 4-1", "likes_count": 1, "replies_count": 0, "retweets_count": 0, "hashtags": []}
{"id": 1299776109228306434, "date": "2020-08-29", "time": "14:29:07", "tweet": "Very Elon Musk of him to showcase Neuralink updates the weekend of the Tesla stock split to keep up the hype", "likes_count": 1, "replies_count": 0, "retweets_count": 0, "hashtags": []}
{"id": 1299775539230711814, "date": "2020-08-29", "time": "14:26:51", "tweet": "Apple stock will be at $125 dollars on Monday and Tesla stock at $440. Good opportunity for investment people. Las acciones de Apple estaran a $125 dollares y las de Tesla a $440 buena oportunidad de inversion mi gente.", "likes_count": 1, "replies_count": 0, "retweets_count": 1, "hashtags": []}
{"id": 1299775019548119041, "date": "2020-08-29", "time": "14:24:47", "tweet": "Apple and Tesla Stock Splits Are Here: Should You Buy the Stocks Now? – The Motley Fool  https://t.co/8p9zqEPPgf", "likes_count": 0, "replies_count": 0, "retweets_count": 0, "hashtags": []}
{"id": 1299774876614524930, "date": "2020-08-29", "time": "14:24:13", "tweet": "Dow Jones Futures: Will The Stock Market Rally Strike Out With Apple, Tesla Stock Splits On Tap, TikTok Deal Buzz?  https://t.co/Q66U0Utv0H via @IBDinvestors", "likes_count": 0, "replies_count": 0, "retweets_count": 0, "hashtags": []}
{"id": 1299774807974842371, "date": "2020-08-29", "time": "14:23:57", "tweet": "Dow Jones Futures: Will The Stock Market Rally Strike Out With Apple, Tesla Stock Splits On Tap, ...  https://t.co/zV8FhSc3sC via @YahooFinance", "likes_count": 0, "replies_count": 0, "retweets_count": 0, "hashtags": []}
{"id": 1299774585156505600, "date": "2020-08-29", "time": "14:23:04", "tweet": "Apple and Tesla Stock Splits Are Here: Should You Buy the Stocks Now? - The Motley Fool  https://t.co/DxlEjypMHM  https://t.co/tjhkECyw7b", "likes_count": 0, "replies_count": 0, "retweets_count": 0, "hashtags": []}
{"id": 1299774489023184898, "date": "2020-08-29", "time": "14:22:41", "tweet": "@MaziIbe_ @Dasucre Join this WhatsApp group below to learn how to invest in the STOCK MARKET i.e investing in stocks like amazon, Tesla, apple, Facebook etc...First few days of training is absolutely FREE. Training fee is 5k. Training starts 10th September.  https://t.co/9Za8XA8Dnx", "likes_count": 1, "replies_count": 0, "retweets_count": 0, "hashtags": []}
{"id": 1299773975506153474, "date": "2020-08-29", "time": "14:20:39", "tweet": "@BBCNews Hopefully Tesla stock tanks again so I can invest this time before it shoots back up 😊😅", "likes_count": 0, "replies_count": 0, "retweets_count": 0, "hashtags": []}
{"id": 1299773936033382401, "date": "2020-08-29", "time": "14:20:29", "tweet": "Experts Disagree About What Tesla Battery Day Will Do To Stock  https://t.co/vxKQOD0AB3", "likes_count": 0, "replies_count": 0, "retweets_count": 0, "hashtags": []}
{"id": 1299773564187336704, "date": "2020-08-29", "time": "14:19:00", "tweet": "Why I'm not Buying Apple ($AAPL) or Tesla ($TSLA) this week! Active Trend Trading's Stock picks are up almost 50% in 2020! It's not too late to profit from this Market!   https://t.co/Bv5Tdxv8xz  #SwingTrading #HowtomakemoneytradingStocks  https://t.co/rsSIQhlZXk", "likes_count": 0, "replies_count": 0, "retweets_count": 0, "hashtags": ["swingtrading", "howtomakemoneytradingstocks"]}
{"id": 1299773540464386049, "date": "2020-08-29", "time": "14:18:55", "tweet": "Elon Musk Now The World’s Fifth-Richest Person (Again), After $7 Billion Bump From Tesla Stock Surge -  https://t.co/VcBdB4VOYS", "likes_count": 0, "replies_count": 0, "retweets_count": 0, "hashtags": []}
{"id": 1299773455504736256, "date": "2020-08-29", "time": "14:18:35", "tweet": "If you bought Tesla stock early this year man oh man I know you’re eating!", "likes_count": 2, "replies_count": 0, "retweets_count": 0, "hashtags": []}
{"id": 1299772353711398916, "date": "2020-08-29", "time": "14:14:12", "tweet": "@mysticl @Stalingrad_Poor As a Tesla shareholder I am happy to agree. Although he’s always one decision/tweet away from the stock seeing a big pullback. So far for now we’re good!", "likes_count": 0, "replies_count": 0, "retweets_count": 0, "hashtags": []}
{"id": 1299772046704951297, "date": "2020-08-29", "time": "14:12:59", "tweet": "$TSLA Tesla Inc Stock Robo Analyst August 29 2020 #TSLA  https://t.co/JSUed0D4hF #stocks #trading #charts", "likes_count": 0, "replies_count": 0, "retweets_count": 0, "hashtags": ["tsla", "stocks", "trading", "charts"]}
{"id": 1299771927503024130, "date": "2020-08-29", "time": "14:12:30", "tweet": "@Wealth_Theory Has to be Tesla, really want to get into the stock but feel it’s overpriced atm", "likes_count": 1, "replies_count": 0, "retweets_count": 0, "hashtags": []}
{"id": 1299771916287262722, "date": "2020-08-29", "time": "14:12:28", "tweet": "&lt;Bitcoin Price&gt; BTC/USD(Binance): 11523.94  https://t.co/cjDdk8XpdV &lt;Headline News&gt; Apple and Tesla Stock Splits Are Here: Should You Buy the Stocks Now? - The Motley Fool  https://t.co/TVNgn54iVV #btc #crytocurrency #bitcoin #Cliff #Robinson #WakandaForever #Arsenal #HappyBir", "likes_count": 0, "replies_count": 0, "retweets_count": 0, "hashtags": ["btc", "crytocurrency", "bitcoin", "cliff", "robinson", "wakandaforever", "arsenal", "happybir"]}
{"id": 1299771736603254785, "date": "2020-08-29", "time": "14:11:45", "tweet": "@Tesla set a high bar on last night's interview.  Regarding how it closed and whats expected by 2024. Mind you I believe they are modest with those numbers but realistic. #whattodowhattodo comment below if you concur.   Who here has stock in (TSLA)?  What are your thoughts?  https://t.co/j7xqCnnkRM", "likes_count": 0, "replies_count": 1, "retweets_count": 0, "hashtags": ["whattodowhattodo"]}
{"id": 1299771666654953475, "date": "2020-08-29", "time": "14:11:28", "tweet": "After the split, Apple’s stock $aapl is $125/share and Tesla $tsla is at $445/share. Now is your chance to buy low.", "likes_count": 7, "replies_count": 0, "retweets_count": 3, "hashtags": []}
{"id": 1299771647935746049, "date": "2020-08-29", "time": "14:11:24", "tweet": "Next week is the time to buy up some apple &amp; tesla stock as they just did a split. Just saying", "likes_count": 0, "replies_count": 0, "retweets_count": 0, "hashtags": []}
{"id": 1299771062541070337, "date": "2020-08-29", "time": "14:09:04", "tweet": "The Apple and Tesla stock splits are already reflected on 2 investment platforms I use:   $AAPL: $125.50 $TSLA: $443.40", "likes_count": 1, "replies_count": 1, "retweets_count": 0, "hashtags": []}
{"id": 1299771021910831107, "date": "2020-08-29", "time": "14:08:54", "tweet": "I miss the stock split. I would've got Tesla for that 5for1. Thank God I had Apple", "likes_count": 0, "replies_count": 0, "retweets_count": 0, "hashtags": []}
{"id": 1299770926750466048, "date": "2020-08-29", "time": "14:08:32", "tweet": "I still aint teaching that Tesla Stock ☹️", "likes_count": 0, "replies_count": 0, "retweets_count": 0, "hashtags": []}
{"id": 1299770871834443781, "date": "2020-08-29", "time": "14:08:19", "tweet": "Today in the news: Tesla Stock’s 3 Big Issues After The Stock Split  https://t.co/cgIVX3ye8o via @AJBCSurveys #trending #breakingnews  https://t.co/gKG01uwiCu", "likes_count": 0, "replies_count": 0, "retweets_count": 0, "hashtags": ["trending", "breakingnews"]}
{"id": 1299770658864459776, "date": "2020-08-29", "time": "14:07:28", "tweet": "@gwestr I remember a guy on here admit if he bought Tesla stock instead of a Tesla he would have made $1M and people seem to be following along", "likes_count": 0, "replies_count": 0, "retweets_count": 0, "hashtags": []}
{"id": 1299770456166158336, "date": "2020-08-29", "time": "14:06:39", "tweet": "@supervillain909 Tesla and Apple stock has split. Think it’s a good time to buy?", "likes_count": 0, "replies_count": 0, "retweets_count": 0, "hashtags": []}
{"id": 1299770120512974849, "date": "2020-08-29", "time": "14:05:19", "tweet": " https://t.co/NfYqxxVjwD -   Tesla Stock’s 3 Big Issues After The Stock Split   https://t.co/8duT0yke8v", "likes_count": 0, "replies_count": 0, "retweets_count": 0, "hashtags": []}
