{"id": 1325225656674873347, "date": "2020-11-07", "time": "18:56:32", "tweet": "@Tesla d'Elon Musk vient de commercialiser sa propre bouteille de tequila. Et le succès est au rendez-vous, elle est déjà en rupture de stock  https://t.co/RKiYwF8UjZ", "likes_count": 0, "replies_count": 0, "retweets_count": 0, "hashtags": []}
{"id": 1325225198572855296, "date": "2020-11-07", "time": "18:54:43", "tweet": "Tesla launches $250 tequila online, quickly 'out of stock'  https://t.co/6mM5IVvDkk #teslatequila #tesla #tequilla #ElonMusk", "likes_count": 0, "replies_count": 0, "retweets_count": 0, "hashtags": ["teslatequila", "tesla", "tequilla", "elonmusk"]}
{"id": 1325225090292854786, "date": "2020-11-07", "time": "18:54:17", "tweet": "@Adhikari_manoj @elonmusk Ask him what's wrong with the tesla stock. Why won't it go up. lmao.", "likes_count": 0, "replies_count": 0, "retweets_count": 0, "hashtags": []}
{"id": 1325219978845417472, "date": "2020-11-07", "time": "18:33:59", "tweet": "@FiskerInc is definitely next up 👀 stock is at $10 right now, definitely see it being as big as Tesla!", "likes_count": 0, "replies_count": 0, "retweets_count": 0, "hashtags": []}
{"id": 1325215654723547137, "date": "2020-11-07", "time": "18:16:48", "tweet": "@PDiddie The Boomers need to keep those overpriced stock portfolios pumping, or they won't be able to afford the transition from overpriced gas-guzzling SUVs to overpriced Tesla suvs.", "likes_count": 1, "replies_count": 0, "retweets_count": 0, "hashtags": []}
{"id": 1325210560229634055, "date": "2020-11-07", "time": "17:56:33", "tweet": "@Raintree007 @asap_garbage @Mercury_FFB @Reuters they gives stock and pay less because... the company struggles to pull in profits. most companies aren't edging  profitability like tesla is so they really cant afford to be generous because people thin working there is too hard, this company is more growth focused then profit.", "likes_count": 0, "replies_count": 0, "retweets_count": 0, "hashtags": []}
{"id": 1325201740682022912, "date": "2020-11-07", "time": "17:21:30", "tweet": "@s00sposter @drmistercody I assume the Tesla stock bit in the movie was a joke but 🤷‍♂️", "likes_count": 0, "replies_count": 0, "retweets_count": 0, "hashtags": []}
{"id": 1325200922616586241, "date": "2020-11-07", "time": "17:18:15", "tweet": "Y’all come join the $LINK Marines lmao forget $TSLA stock...come deal with the company that’ll enable them to operate on the block chain 🤣💯...all that digital currency gon flow thru link 🥺 can you operate a Tesla manually? Like turn da computer off? I think I want one 😅", "likes_count": 0, "replies_count": 0, "retweets_count": 0, "hashtags": []}
{"id": 1325200499344175104, "date": "2020-11-07", "time": "17:16:34", "tweet": "Ahahaha I can’t stop thinking about how every time Elon Musk shit posts, Tesla stock drops and everyone loses money  https://t.co/50MW61R3G6", "likes_count": 2, "replies_count": 0, "retweets_count": 0, "hashtags": []}
{"id": 1325195269089222657, "date": "2020-11-07", "time": "16:55:47", "tweet": "@VeryTraumatic Could you value Tesla stock for me please?", "likes_count": 0, "replies_count": 0, "retweets_count": 0, "hashtags": []}
{"id": 1325189191777447936, "date": "2020-11-07", "time": "16:31:38", "tweet": "@elonmusk Keep talking shit Elon, the Chinese government will bend you over and fuck you sideways till next Tuesday. Just wait, and see. Keep your mouth shut, i have Tesla stock and you are fucking with my money. I know I dont have your kind of money, but your are fucking with my money.", "likes_count": 0, "replies_count": 0, "retweets_count": 0, "hashtags": []}
{"id": 1325186361419165697, "date": "2020-11-07", "time": "16:20:23", "tweet": "@newbielives @CarIegend @truth_tesla The way to keep everyone employed was to contain the pandemic.  He refused.  What he was doing was trying to keep the rich people's stock portfolios from crashing, and hoping Covid would wipe out some Democratic voters.", "likes_count": 1, "replies_count": 0, "retweets_count": 0, "hashtags": []}
{"id": 1325182754380681219, "date": "2020-11-07", "time": "16:06:04", "tweet": "@italianmaster @pquesado @skyman661 @fly4dat @PeteBloxham I have no automotive stock.   Will not be.   My interest is elsewhere.   I have not yet seen a company which is the best in everything the do. I also see Tesla is not either.   For me this is not religion, just evaluating the facts.", "likes_count": 1, "replies_count": 1, "retweets_count": 0, "hashtags": []}
{"id": 1325182130553413636, "date": "2020-11-07", "time": "16:03:35", "tweet": "@Noonwalker4 @pquesado @skyman661 @fly4dat @PeteBloxham Look, you and I see things very differently - and that's OK. Tell you what. You take $500 of your hard-earned money and buy stock in VW. I'll do so for Tesla. Let's chat in a year and see who made money. That's really the only measure here.", "likes_count": 0, "replies_count": 1, "retweets_count": 0, "hashtags": []}
{"id": 1325180744411459590, "date": "2020-11-07", "time": "15:58:04", "tweet": "$TSLA #tesla Biden Stock Pick / Technical analysis  https://t.co/gXdfBAnWcY", "likes_count": 0, "replies_count": 1, "retweets_count": 0, "hashtags": ["tesla"]}
{"id": 1325180082034372608, "date": "2020-11-07", "time": "15:55:26", "tweet": "Example If you suspect #Tesla stock will go up, you buy a call option for a price of $100, if Telsa gets to maybe $200. You have the right to buy at $100 and sell at $200. Ideal profit of $100. Put is a reciprocal(2/2).", "likes_count": 1, "replies_count": 1, "retweets_count": 0, "hashtags": ["tesla"]}
{"id": 1325178796123725824, "date": "2020-11-07", "time": "15:50:20", "tweet": "Tesla stock is gonna drop in Biden's America, Boeing Stock is gonna skyrocket. #Sellsellsell #Biden2020 #Election2020", "likes_count": 3, "replies_count": 0, "retweets_count": 1, "hashtags": ["sellsellsell", "biden2020", "election2020"]}
{"id": 1325165764261806080, "date": "2020-11-07", "time": "14:58:33", "tweet": "@NeekMilI @Renegade_Joey If joe ends fracking Tesla stock bout to skyrocket", "likes_count": 1, "replies_count": 0, "retweets_count": 0, "hashtags": []}
{"id": 1325165019491954688, "date": "2020-11-07", "time": "14:55:35", "tweet": "@GangstaGrill_Nc @GOP Damn I wish Exxon would get this memo so they can send it to the shore holders, stock in big oil is plummeting next era energy surpassed them last month as most valuable.:. Tesla is world most valuable car company .:. We can disagree but the trend is clear .:.", "likes_count": 0, "replies_count": 1, "retweets_count": 0, "hashtags": []}
{"id": 1325164008907829248, "date": "2020-11-07", "time": "14:51:34", "tweet": "i knew there was reason i fxck wit sony. all yall need is a fleshlight compartment n sony stock will reach tesla heights", "likes_count": 0, "replies_count": 0, "retweets_count": 0, "hashtags": []}
