{"id": 1274492205776998400, "date": "2020-06-20", "time": "19:59:55", "tweet": "Hey @elonmusk I wanna buy some Tesla stock but the price right now is really high can you please tweet something stupid to make it drop?", "likes_count": 0, "replies_count": 0, "retweets_count": 0, "hashtags": []}
{"id": 1274490513253470210, "date": "2020-06-20", "time": "19:53:11", "tweet": "@EVBite Tesla might succeed. But they aren't the next Tesla either. x 5 overpriced minimum.  Though I guess Nikola are x 20 so... Tesla stock holders win? 🤷‍♂️", "likes_count": 0, "replies_count": 0, "retweets_count": 0, "hashtags": []}
{"id": 1274478140979589122, "date": "2020-06-20", "time": "19:04:02", "tweet": "Dow Jones Futures: Coronavirus Stock Market Rally Faces Covid-19 Wave; Apple, Tesla, ... -  https://t.co/CVgpmicjKq #VIXC #LatestComments", "likes_count": 0, "replies_count": 0, "retweets_count": 0, "hashtags": ["vixc", "latestcomments"]}
{"id": 1274466948059979777, "date": "2020-06-20", "time": "18:19:33", "tweet": "You Won’t Believe #Tesla’s New Stock Price Target - #ElonMusk #GM #Markets #OpEd -  https://t.co/Onr2lGozrN", "likes_count": 2, "replies_count": 0, "retweets_count": 0, "hashtags": ["tesla", "elonmusk", "gm", "markets", "oped"]}
{"id": 1274464328188657666, "date": "2020-06-20", "time": "18:09:08", "tweet": " https://t.co/027AhHXAR6  $TSLA Jack Rickard - about a year or 2 ago he quoted \"If you want a @Tesla then buy Tesla stock and you can buy all the Tesla's you want\" check out his channel", "likes_count": 4, "replies_count": 0, "retweets_count": 1, "hashtags": []}
{"id": 1274463086586368000, "date": "2020-06-20", "time": "18:04:12", "tweet": "@Ford I will never buy anything @Ford again, ever. @Tesla will smite you anyway, and all you ICE idiots are too little too late. Ya *could* have had an all Electric F-150 by now... THAT was your last chance!!! Ford is done ✅ sell that loser stock and buy @Tesla.", "likes_count": 0, "replies_count": 0, "retweets_count": 0, "hashtags": []}
{"id": 1274458794165260288, "date": "2020-06-20", "time": "17:47:09", "tweet": "@elonmusk @PPathole @Tesla Don't take this the wrong was, but it's so ugly it's sexy and I want one.  Lol. Do the doors open vertical like a DeLorean?  With @elonmusk taking us to space, I know he can take us back to the future.  Then we can pickup @Tesla stock on the cheap!", "likes_count": 0, "replies_count": 0, "retweets_count": 0, "hashtags": []}
{"id": 1274455586441097217, "date": "2020-06-20", "time": "17:34:24", "tweet": "@flcnhvy @elonmusk EV is much better. I used to be a Tesla hater and in a strange turn of events begrudgingly bought the cheapest model three unexpected to hate it. I can’t tell you how much I love the car. In fact I was so impressed I put in most of my savings into Tesla stock around 280 a share.", "likes_count": 2, "replies_count": 0, "retweets_count": 0, "hashtags": []}
{"id": 1274448431180726272, "date": "2020-06-20", "time": "17:05:58", "tweet": "#ThisWeekinMoney #Money Stock Markets #CanadianDollar Crude Oil #NaturalGas US Economy #RealEstate and Autos #BatteryDay #BatteryRecycling #Tesla $AMY $AMYZF  Guests:  @ChartsByRoss @JosefSchachter @wolfofwolfst @AmerManganese    https://t.co/jBY3pywjIc  https://t.co/4b3jo2pyZ4", "likes_count": 3, "replies_count": 0, "retweets_count": 1, "hashtags": ["thisweekinmoney", "money", "canadiandollar", "naturalgas", "realestate", "batteryday", "batteryrecycling", "tesla"]}
{"id": 1274445836110516224, "date": "2020-06-20", "time": "16:55:40", "tweet": "@HourOptions @GS_CapSF And retirees and traders as Tesla has issued copious amounts of stock", "likes_count": 0, "replies_count": 0, "retweets_count": 0, "hashtags": []}
{"id": 1274445594694758401, "date": "2020-06-20", "time": "16:54:42", "tweet": "@vincent13031925 Let's add one more  Driver: What is the current tesla stock price  Tesla: please standby momentarily, checking the Nasdaq  Tesla: today's current stock price is $991.90", "likes_count": 3, "replies_count": 2, "retweets_count": 0, "hashtags": []}
{"id": 1274444575994675206, "date": "2020-06-20", "time": "16:50:39", "tweet": "You now have a claim to a stock like Apple, Ford, or Facebook. In order to keep this claim to your stock, sign up and join Robinhood using my link.  https://t.co/rhO9ExdTPs  #free #stocks #investing #tesla #makemoneyonline", "likes_count": 2, "replies_count": 0, "retweets_count": 1, "hashtags": ["free", "stocks", "investing", "tesla", "makemoneyonline"]}
{"id": 1274443335701315585, "date": "2020-06-20", "time": "16:45:43", "tweet": "@DereckCoatney It’s like Tesla is using the stock market to crowd fund ... pretty urgently needed tech (batteries!)", "likes_count": 1, "replies_count": 0, "retweets_count": 0, "hashtags": []}
{"id": 1274440000977977344, "date": "2020-06-20", "time": "16:32:28", "tweet": "@elonmusk please say something outrageous so that I can buy more Tesla stock!!!", "likes_count": 0, "replies_count": 0, "retweets_count": 0, "hashtags": []}
{"id": 1274431260014735360, "date": "2020-06-20", "time": "15:57:44", "tweet": "@paulnixey You’re in 2013. Place bets on the 2016 election. Buy stock in Tesla.", "likes_count": 1, "replies_count": 0, "retweets_count": 0, "hashtags": []}
{"id": 1274430260810002432, "date": "2020-06-20", "time": "15:53:46", "tweet": "Tesla..What Can You Say!! #tesla #tsla #stock #stockmarket #options #money #cars #tech #technology  https://t.co/HiLgdbnJ61", "likes_count": 0, "replies_count": 0, "retweets_count": 0, "hashtags": ["tesla", "tsla", "stock", "stockmarket", "options", "money", "cars", "tech", "technology"]}
{"id": 1274430214865588224, "date": "2020-06-20", "time": "15:53:35", "tweet": "Tesla Inc (NASDAQ: TSLA) #stock #price was down #slightly at the close of the #week. This #happened as #CEO #Elon #Musk has #indicated  https://t.co/PV4lTSk7II", "likes_count": 0, "replies_count": 0, "retweets_count": 0, "hashtags": ["stock", "price", "slightly", "week", "happened", "ceo", "elon", "musk", "indicated"]}
{"id": 1274429595094142976, "date": "2020-06-20", "time": "15:51:07", "tweet": "@elonmusk @PPathole @Tesla Reserved Cybertruck first day, took 3 hrs of indecision tho... $TSLA stock was 330 a share n they hated", "likes_count": 0, "replies_count": 0, "retweets_count": 0, "hashtags": []}
{"id": 1274426521520943113, "date": "2020-06-20", "time": "15:38:55", "tweet": "@business I tried to buy a Kona EV: the dealership didn’t have one, didn’t know much about it, and didn’t get them in stock until I’d had my Tesla a year already. “Speed and Agility”, they say?", "likes_count": 1, "replies_count": 1, "retweets_count": 0, "hashtags": []}
{"id": 1274425822032601092, "date": "2020-06-20", "time": "15:36:08", "tweet": "Tesla Inc (NASDAQ: TSLA) #stock #price was down #slightly at the close of the #week. This #happened as #CEO #Elon #Musk has #indicated,   https://t.co/5tRweUkfBj", "likes_count": 0, "replies_count": 0, "retweets_count": 0, "hashtags": ["stock", "price", "slightly", "week", "happened", "ceo", "elon", "musk", "indicated"]}
{"id": 1274425817507004417, "date": "2020-06-20", "time": "15:36:07", "tweet": "Tesla Inc (NASDAQ: TSLA) #stock #price was down #slightly at the close of the #week. This #happened as #CEO #Elon #Musk has #indicated,   https://t.co/Bu0Sdd3xvC", "likes_count": 0, "replies_count": 0, "retweets_count": 0, "hashtags": ["stock", "price", "slightly", "week", "happened", "ceo", "elon", "musk", "indicated"]}
{"id": 1274425806199160833, "date": "2020-06-20", "time": "15:36:04", "tweet": "Tesla Inc (NASDAQ: TSLA) #stock #price was down #slightly at the close of the #week. This #happened as #CEO #Elon #Musk has #indicated,   https://t.co/bJE2m7Xnob", "likes_count": 0, "replies_count": 0, "retweets_count": 0, "hashtags": ["stock", "price", "slightly", "week", "happened", "ceo", "elon", "musk", "indicated"]}
{"id": 1274423838692917248, "date": "2020-06-20", "time": "15:28:15", "tweet": "Dow Jones Futures: Stock Market Rally Faces Coronavirus Wave; Apple, Tesla, Vertex In Focus - [How Coronavirus Impact Economy, US Best Stocks Pickup], Source: NonSell Market News -  https://t.co/lnLwAC88Z2  https://t.co/MpIVJAcOPa", "likes_count": 0, "replies_count": 0, "retweets_count": 0, "hashtags": []}
{"id": 1274418552955682817, "date": "2020-06-20", "time": "15:07:15", "tweet": "You Won’t Believe Tesla’s New Stock Price Target  https://t.co/GOvMt7yJAa  https://t.co/zBifrBe7YF", "likes_count": 0, "replies_count": 0, "retweets_count": 1, "hashtags": []}
{"id": 1274416942200295428, "date": "2020-06-20", "time": "15:00:51", "tweet": "@Ionghorn let me try  elon musk tesla spacex $TSLA stock #bitcoin #BTC blockchain #AI neural network technology hyperloop mars femboy hooters pancakes", "likes_count": 1, "replies_count": 0, "retweets_count": 0, "hashtags": ["bitcoin", "btc", "ai"]}
{"id": 1274416796792209413, "date": "2020-06-20", "time": "15:00:16", "tweet": "You Won’t Believe Tesla’s New Stock Price Target  https://t.co/j8eGQlwKiL", "likes_count": 3, "replies_count": 0, "retweets_count": 1, "hashtags": []}
{"id": 1274415669455523840, "date": "2020-06-20", "time": "14:55:47", "tweet": "Dow Jones Futures: Stock Market Rally Faces Coronavirus Wave; Apple, Tesla, Vertex In Focus  https://t.co/tZJeU94LuI via @IBDinvestors", "likes_count": 0, "replies_count": 0, "retweets_count": 0, "hashtags": []}
{"id": 1274413365637427200, "date": "2020-06-20", "time": "14:46:38", "tweet": "Sounds like things aren't so perfect @Tesla after all despite the $1000 stock being priced for perfection. Will @elonmusk be remembered for his innovation or how he treated others relative to himself? Be careful of a #StockMarketCrash everyone IMHO", "likes_count": 0, "replies_count": 0, "retweets_count": 0, "hashtags": ["stockmarketcrash"]}
{"id": 1274409621562822658, "date": "2020-06-20", "time": "14:31:45", "tweet": "| Dow Jones Futures: Coronavirus Stock Market Rally Faces Covid-19 Wave; Apple, Tesla, Vertex In Focus | #iphone | #ios | #mobilesecurity  https://t.co/XMlbF4FjRj", "likes_count": 0, "replies_count": 0, "retweets_count": 0, "hashtags": ["iphone", "ios", "mobilesecurity"]}
{"id": 1274407963227275264, "date": "2020-06-20", "time": "14:25:10", "tweet": "The Big Market Delusion Everywhere: Electric Trucks - On Tuesday, the #Nikola stock roared up 103% to surpass Ford in terms of market capitalization despite the fact it has never sold a truck - Insider Monkey  https://t.co/fYLXDBm2vk #hydrogen #HydrogenNow #ClimateActionNow #Tesla", "likes_count": 1, "replies_count": 0, "retweets_count": 1, "hashtags": ["nikola", "hydrogen", "hydrogennow", "climateactionnow", "tesla"]}
{"id": 1274405547308015616, "date": "2020-06-20", "time": "14:15:34", "tweet": "Dow Jones Futures: Coronavirus Stock Market Rally Faces Covid-19 Wave; Apple, Tesla, Vertex In Focus - Investor's Business Daily  https://t.co/3tzpAAZvBG", "likes_count": 0, "replies_count": 0, "retweets_count": 0, "hashtags": []}
{"id": 1274404126672261120, "date": "2020-06-20", "time": "14:09:55", "tweet": "@Red_Snow_36 @NandorThe @Marc_Topaz @philthatremains Then the coup happened, and guess what, THE STOCK OF TESLA WENT UP, and days later Elon musk announced his mega Berlin factory", "likes_count": 1, "replies_count": 0, "retweets_count": 0, "hashtags": []}
{"id": 1274403544175726597, "date": "2020-06-20", "time": "14:07:36", "tweet": "@yawyr_vk the most jarring moment was someone believing in Musk’s vision for Tesla, speaking about the paradise of an eco friendly world, and then stock drops. Went 0-100 - Elon Musk is incompetent, he doesn’t deserve to succeed, the product is terrible...a compelling psyche lesson.", "likes_count": 0, "replies_count": 0, "retweets_count": 0, "hashtags": []}
{"id": 1274398289719369730, "date": "2020-06-20", "time": "13:46:44", "tweet": "@mayemusk I think you have done an amazing job with your family. My son is 25 and in very fragile health. He looks up to your son Elon. He actually bought a share of Tesla stock. Thank you for raising role model adults. I'd much rather him look up to him than a singer or actor.", "likes_count": 0, "replies_count": 0, "retweets_count": 0, "hashtags": []}
{"id": 1274398212875603969, "date": "2020-06-20", "time": "13:46:25", "tweet": "Latest Tesla!  https://t.co/m1vPnyWyhV Thanks to @RuerdHeeg @Famous2J #technology #stock", "likes_count": 0, "replies_count": 0, "retweets_count": 0, "hashtags": ["technology", "stock"]}
{"id": 1274395066073862146, "date": "2020-06-20", "time": "13:33:55", "tweet": "Dow Jones Futures: Covid-19 Wave Tests Coronavirus Stock Market Rally; Apple, Tesla In Focus; Vertex, Regeneron Are New Buys  https://t.co/LWQEtaam6N", "likes_count": 0, "replies_count": 0, "retweets_count": 0, "hashtags": []}
{"id": 1274388665666621442, "date": "2020-06-20", "time": "13:08:29", "tweet": "📊 $DJIA $SPY $AAPL $TSLA $SGEN  Stock Market Rally Faces Coronavirus Revival; Apple, Tesla In Focus; Vertex, Seattle Genetics, Regeneron, Wingstop Are New Buys  https://t.co/jgD1E4tzvi  https://t.co/3M4jd6vaHs", "likes_count": 0, "replies_count": 0, "retweets_count": 0, "hashtags": []}
{"id": 1274388302775320585, "date": "2020-06-20", "time": "13:07:03", "tweet": "a lot of media report fake news and push some stock price higher ,it should  be punished .as how Tesla only has one Chinese  local competitor is NIO? this is 100% fake news .no matter the writer or the media platform should take responsibilities @MikeBloomberg @realDonaldTrump", "likes_count": 0, "replies_count": 0, "retweets_count": 0, "hashtags": []}
{"id": 1274386905338175497, "date": "2020-06-20", "time": "13:01:29", "tweet": "@AdamGausepohl I’ll give you that valuation of Tesla is frothy (in the short term) and should come down. Even Elon says that. If he cared about his net worth so much why would he be come out and say that Tesla stock is over valued.", "likes_count": 2, "replies_count": 1, "retweets_count": 0, "hashtags": []}
{"id": 1274385812650700802, "date": "2020-06-20", "time": "12:57:09", "tweet": "@Nikola_Truth I just called my Uncles and told him to stay away from it. I and my uncle both have Tesla Stock because we aren't dumb.", "likes_count": 1, "replies_count": 1, "retweets_count": 0, "hashtags": []}
