{"id": 1320150794683858944, "date": "2020-10-24", "time": "19:50:51", "tweet": "@jake6573 Even if the actual stock split was a sell signal, Tesla leapt &gt;50% on the stock split announcement. Weird that this was the last catalyst for $TSLA amid all the other news going on.", "likes_count": 0, "replies_count": 1, "retweets_count": 0, "hashtags": []}
{"id": 1320147045064343552, "date": "2020-10-24", "time": "19:35:57", "tweet": "Man, Tesla stock is as volatile as the Dow, and S&amp;P500...even more maybe. BUT we all know what is going to happen after elections, and in 2021...up, up and UPPPPPPPPP and AWAY!!!!!!#TeslaFSD #Tesla #teslastock", "likes_count": 0, "replies_count": 0, "retweets_count": 0, "hashtags": ["teslafsd", "tesla", "teslastock"]}
{"id": 1320145379866836993, "date": "2020-10-24", "time": "19:29:20", "tweet": "people that invest be like: you should invest in tesla stock 🤓🤓  no bro you need to invest in some women", "likes_count": 0, "replies_count": 0, "retweets_count": 0, "hashtags": []}
{"id": 1320139010023579648, "date": "2020-10-24", "time": "19:04:01", "tweet": "@BrookeLauren Tesla stock got me covered so you’re all good", "likes_count": 1, "replies_count": 0, "retweets_count": 0, "hashtags": []}
{"id": 1320136835507474432, "date": "2020-10-24", "time": "18:55:23", "tweet": "@LeeCamp Our system sucks! Tesla has no money and is deep in debt. We just keep propping up a failing stock market to make it look profitable. We subsidize every fucking thing for these goons! When we want to see a doctor we're told to Fuck off! Musk is (supposedly) worth billions.    1/2", "likes_count": 3, "replies_count": 1, "retweets_count": 1, "hashtags": []}
{"id": 1320134851526336516, "date": "2020-10-24", "time": "18:47:30", "tweet": "@CJ_Johnson17th Yep, I see alot of people were hype about the Apple and Tesla stock split, once it happened they bought their first share they were like \"yay 😁 so now what??? 🤔\"", "likes_count": 0, "replies_count": 1, "retweets_count": 0, "hashtags": []}
{"id": 1320134578322001922, "date": "2020-10-24", "time": "18:46:25", "tweet": "@richtechexec @JoeBiden And the sky is full of black helicopters. I hope Tesla sells more black cars. The stock has already gone up over 1,000% for me. Thanks Elon.", "likes_count": 0, "replies_count": 0, "retweets_count": 0, "hashtags": []}
{"id": 1320133680359219205, "date": "2020-10-24", "time": "18:42:50", "tweet": "@greentheonly @tkifof The whole TSLAQ acronym is a stock shorting expression to begin with: \"TSLA\" is the stock ticker and the \"Q\" gets added to the stock ticker if a company goes bankrupt.  Their negative activities are closely correlated with quarterly results: peak FUD is usually near quarter end.", "likes_count": 15, "replies_count": 1, "retweets_count": 0, "hashtags": []}
{"id": 1320132249904439296, "date": "2020-10-24", "time": "18:37:09", "tweet": "@truth_tesla @tkifof not all of tslaq are actually stock market participants/shorting the stock.", "likes_count": 4, "replies_count": 6, "retweets_count": 0, "hashtags": []}
{"id": 1320127417915146240, "date": "2020-10-24", "time": "18:17:57", "tweet": "@TheRadicalOnion @democracynow actually it says net worth or wealth, most of it comes from their shares in stock, which if that stock rises (Amazon, Tesla, Google etc.) so does their net worth, if that stock drops then so would their net worth. there you go 😂", "likes_count": 1, "replies_count": 0, "retweets_count": 0, "hashtags": []}
{"id": 1320123683663347712, "date": "2020-10-24", "time": "18:03:07", "tweet": "@tinrovic I would be more specific   I think everyone at age 18 should earn $1k and invest in 1 specific stock  If they stick with a Apple, Tesla, Disney, Microsoft  Their 35 year old self will thank them immensely", "likes_count": 1, "replies_count": 1, "retweets_count": 0, "hashtags": []}
{"id": 1320123511848009728, "date": "2020-10-24", "time": "18:02:26", "tweet": "Tesla Inc. stock falls Friday, underperforms market  https://t.co/neBDUALJSK", "likes_count": 0, "replies_count": 0, "retweets_count": 0, "hashtags": []}
{"id": 1320122790792597505, "date": "2020-10-24", "time": "17:59:34", "tweet": "With the pedal to the metal, electric vehicle stocks show no signs of slowing. In fact, most could see far more upside including Tesla (NASDAQ:TSLA), Nio (NYSE:NIO), and most notably, Workhorse Group (NASDAQ:WKHS) and WKHS stock.  https://t.co/B0bMDnCVG4  https://t.co/hub0xCdjBm", "likes_count": 0, "replies_count": 0, "retweets_count": 0, "hashtags": []}
{"id": 1320116398568345600, "date": "2020-10-24", "time": "17:34:10", "tweet": "Jim Cramer Says He Was Wrong About Tesla Being A Cult Stock $TSLA  https://t.co/ZO4QoSrtHv # via @benzinga Tesla it’s a network more than a car Factory Tesla it a new economy and they are smarts best Tech company they could have 1 million workers for Tesla in 10 years why not", "likes_count": 0, "replies_count": 0, "retweets_count": 0, "hashtags": []}
{"id": 1320115585884237833, "date": "2020-10-24", "time": "17:30:56", "tweet": "@facts_tesla @BarkMSmeagol @lopezlinette @wolfejosh @Lux_Capital He is literally one of the worst, betting against Tesla for I believe almost 5 years now. Can you imagine being wrong from $200 and watching that stock go up to $2500??  https://t.co/1sjo0BfPJh", "likes_count": 5, "replies_count": 1, "retweets_count": 0, "hashtags": []}
{"id": 1320115138708590592, "date": "2020-10-24", "time": "17:29:10", "tweet": "@alex_avoigt Sometimes I try to convince friends or people I like, to buy Tesla stock. I give all the arguments, why Tesla is a good and safe buy.  Very difficult!", "likes_count": 4, "replies_count": 0, "retweets_count": 0, "hashtags": []}
{"id": 1320106366850142208, "date": "2020-10-24", "time": "16:54:18", "tweet": "@standupagent The year-to-date (YTD) return or performance of Tesla (TSLA) is up 402.75% and is outperforming the overall stock market by 394.67%.    https://t.co/FptWG2NlOO", "likes_count": 0, "replies_count": 1, "retweets_count": 0, "hashtags": []}
{"id": 1320104117793026050, "date": "2020-10-24", "time": "16:45:22", "tweet": "@pulte $ballcaps im tryna buy some Tesla stock!!", "likes_count": 0, "replies_count": 0, "retweets_count": 0, "hashtags": []}
{"id": 1320103952466145281, "date": "2020-10-24", "time": "16:44:43", "tweet": "You have 7.6 million followers homie how In the world .. this is my tweet tho I would like 10,000 in Bitcoin and Tesla stock thank you :)", "likes_count": 0, "replies_count": 0, "retweets_count": 0, "hashtags": []}
{"id": 1320103047234768896, "date": "2020-10-24", "time": "16:41:07", "tweet": "This is the ONLY person on YouTube who has my EXACT NUMBERS ON TESLA STOCK !! MUST WATCH !!!!  Tesla in 2030 - $40,000/share? The Battery-Revenue Model  https://t.co/IK0GTosTC1 via @YouTube", "likes_count": 1, "replies_count": 0, "retweets_count": 1, "hashtags": []}
{"id": 1320102297930813448, "date": "2020-10-24", "time": "16:38:08", "tweet": "@shkarren @stillgray “Horse-less Buggy, you say?”....Preposterous!  We transitioned from coal &amp; leaded gasoline...  Tesla has more stock market value than General Motors and Ford combined, the investors even see it coming...", "likes_count": 0, "replies_count": 0, "retweets_count": 0, "hashtags": []}
{"id": 1320093615947976705, "date": "2020-10-24", "time": "16:03:38", "tweet": "Dow Jones Futures: Stock Market Rally Faces Pivotal Week; Microsoft, Tesla Near Buy Points - Investor's Business Daily  https://t.co/SHTmQpF11r", "likes_count": 0, "replies_count": 0, "retweets_count": 0, "hashtags": []}
{"id": 1320092454754914304, "date": "2020-10-24", "time": "15:59:02", "tweet": "@lqdchkn @Tesmanian_com As much as i hate S&amp;P, they are loaded with money and if they buy Tesla it will make Tesla stock more stable. Right now there are some market makers and evil hedge funds that manipulate the stock price like anything. Bad for company and investors. S&amp;P money will make it stable.", "likes_count": 9, "replies_count": 1, "retweets_count": 0, "hashtags": []}
{"id": 1320088253953880064, "date": "2020-10-24", "time": "15:42:20", "tweet": "Robinhood and other apps for \"average folk\" to invest in the stock market are capitalist/right wing agitprop designed to make a shareholder with 3 stock in Tesla feel directly benefited by right wing legislation created for billionaires and owners of those traded companies", "likes_count": 1, "replies_count": 0, "retweets_count": 0, "hashtags": []}
{"id": 1320085235917225984, "date": "2020-10-24", "time": "15:30:20", "tweet": "@elonmusk As a big fan from day one when people were telling me Tesla sucks, stock owner and Armenian im very disappointed to here that Space X is going to launch Turkeys satellite. Turkey is committing war crimes along with Azerbaijan currently in Armenia. As of now I will hold", "likes_count": 0, "replies_count": 1, "retweets_count": 0, "hashtags": []}
{"id": 1320085127741911040, "date": "2020-10-24", "time": "15:29:55", "tweet": "Dow Jones Futures: Stock Market Rally Faces Pivotal Week; Microsoft, Salesforce, Tesla Near Buy ...  #market #stocks    https://t.co/hrwpxZh1hm", "likes_count": 0, "replies_count": 0, "retweets_count": 0, "hashtags": ["market", "stocks"]}
{"id": 1320084498432860160, "date": "2020-10-24", "time": "15:27:25", "tweet": "@LudaLisl Of all the $TSLAQ bs that bugs me the most, this 'we are here for the people' crap is the worst.   As if they care about one person other than themselves.   Just F-ing say you hate Tesla and want to make money shorting the stock.  It's so fake.", "likes_count": 4, "replies_count": 0, "retweets_count": 0, "hashtags": []}
{"id": 1320084275870486529, "date": "2020-10-24", "time": "15:26:32", "tweet": "@Shante_Sterns @jonnyboi98x @CashSupport Show how I got $720 to withdraw but can’t and I never even sold my 5 Tesla shares. They just disappeared. Somehow I got antero resources and hertz stock when I never even bought those", "likes_count": 0, "replies_count": 1, "retweets_count": 0, "hashtags": []}
{"id": 1320083930779766784, "date": "2020-10-24", "time": "15:25:09", "tweet": "Y’all ever think “damn I could drop everything rn and not care” cos me too, Tesla’s down 4% in the stock market  https://t.co/JRfcR8FsyB", "likes_count": 0, "replies_count": 0, "retweets_count": 0, "hashtags": []}
{"id": 1320083583017496576, "date": "2020-10-24", "time": "15:23:46", "tweet": "Tesla..What Can You Say!! #tesla #tsla #stock #stockmarket #options #money #cars #tech #technology  https://t.co/MpTSFB8EfK", "likes_count": 0, "replies_count": 0, "retweets_count": 0, "hashtags": ["tesla", "tsla", "stock", "stockmarket", "options", "money", "cars", "tech", "technology"]}
{"id": 1320081694012116992, "date": "2020-10-24", "time": "15:16:16", "tweet": "@CuervoBorracho @fly4dat The fraud is a massive benefit to ensuring long term survival, this feature complete fsd will fool a lot of people in believing in Tesla's superiority and drive more sales and more capital raises, I can't see it ending anymore if Musk gets another $20billion from stock sales.", "likes_count": 0, "replies_count": 0, "retweets_count": 0, "hashtags": []}
{"id": 1320080380679127044, "date": "2020-10-24", "time": "15:11:03", "tweet": "@Alex_85S I have not touched Tesla stock for years and in general I am not a stock market participant because I don't really believe in it all that much, seems to just be a big casino", "likes_count": 9, "replies_count": 2, "retweets_count": 1, "hashtags": []}
{"id": 1320080116383436800, "date": "2020-10-24", "time": "15:10:00", "tweet": "Tesla investor says tech stock classifications are pointless — here’s why  https://t.co/PN3ZMFOxRK via @FinancialNews", "likes_count": 0, "replies_count": 0, "retweets_count": 0, "hashtags": []}
{"id": 1320077454984286209, "date": "2020-10-24", "time": "14:59:25", "tweet": "Dow Jones Futures: Stock Market Rally Faces Pivotal Week; Microsoft, Tesla Near Buy Points – Investor's Business Daily  https://t.co/SN8wDXfoZ4", "likes_count": 0, "replies_count": 0, "retweets_count": 0, "hashtags": []}
{"id": 1320071866447441920, "date": "2020-10-24", "time": "14:37:13", "tweet": "“Tesla has earned just 50 cents a share over the past four quarters, so shares trade at more than 800 times trailing earnings.” $tsla  Tesla Stock Price Still Makes No Sense - WSJ  https://t.co/eLYULUbrN6", "likes_count": 0, "replies_count": 0, "retweets_count": 0, "hashtags": []}
{"id": 1320071375789305857, "date": "2020-10-24", "time": "14:35:16", "tweet": "Tesla, like many stocks, could trip buy signals or sell signals in the next few days.  Tesla has had several would-be catalysts - S&amp;P inclusion (not yet), Battery Day, Q3 deliveries, Q3 earnings. They didn't trigger a big run, but they didn't sink the stock either. $TSLA  https://t.co/xS1BhwO7nl", "likes_count": 18, "replies_count": 3, "retweets_count": 1, "hashtags": []}
{"id": 1320067069107261441, "date": "2020-10-24", "time": "14:18:09", "tweet": "@Sofiaan @Tesla That's good news, time to buy more TSLA stock then 😀", "likes_count": 3, "replies_count": 0, "retweets_count": 0, "hashtags": []}
{"id": 1320063992442867714, "date": "2020-10-24", "time": "14:05:56", "tweet": "@jimbob74355783 @BeyondMeat @ajtourville @ElonsWorld @SteveHamel16 @IheartTesla @CryptoVitamins @28delayslater @anonyx10 @whoisheartbreak @stevenmarkryan I only buy stock of companies I want to support. You vote with your dollars. Tesla and Beyond Meats are my two biggest holdings", "likes_count": 2, "replies_count": 0, "retweets_count": 0, "hashtags": []}
{"id": 1320063258628247553, "date": "2020-10-24", "time": "14:03:01", "tweet": "Chainlink is like Tesla stock, but in the crypto market.  $LINK to $20 and beyond!!  https://t.co/IkcRrGyKQv", "likes_count": 4, "replies_count": 0, "retweets_count": 1, "hashtags": []}
{"id": 1320062436586782720, "date": "2020-10-24", "time": "13:59:45", "tweet": "@myleshocking @JonErlichman Do you mean that in 13 years facebook hasn't issued not 1 new stock? That would be a first. For example tesla in Q4 2011 had 104,604,044 stocks and in Q4 2019 had 180,244,858 stocks.", "likes_count": 0, "replies_count": 0, "retweets_count": 0, "hashtags": []}
