{"id": 1279563885641494531, "date": "2020-07-04", "time": "19:52:58", "tweet": "@hhooven4 @elonmusk Why are people so gullible... I'm all for tanking Tesla stock so I can put more money in at a discount, but if they're friends, don't you think there would be more than one picture of them together? Morons...", "likes_count": 0, "replies_count": 1, "retweets_count": 0, "hashtags": []}
{"id": 1279563783657213953, "date": "2020-07-04", "time": "19:52:33", "tweet": "@TSLAQQ @RespectableLaw @kenklippenstein Thanks for your input as a fair, neutral observer...dude whose entire account is obsessed with Tesla's stock price", "likes_count": 41, "replies_count": 0, "retweets_count": 0, "hashtags": []}
{"id": 1279563294244831237, "date": "2020-07-04", "time": "19:50:37", "tweet": "@ThemeTeamWP @EikeExner @WongKarWax @elonmusk @kenklippenstein Nope, the share value of Apple exploded AFTER it was able to produce enough goods (ipod, iphone) for their markets. Before that they didn't worth a lot and were not inflated. Here Tesla produces nothing compared to its market size, hence the hyper inflation of stock valuation.", "likes_count": 0, "replies_count": 0, "retweets_count": 0, "hashtags": []}
{"id": 1279560134264606727, "date": "2020-07-04", "time": "19:38:03", "tweet": "@justtradin @GovStitt @elonmusk @Tesla Dang, how much did you lose shorting Tesla stock?", "likes_count": 0, "replies_count": 0, "retweets_count": 0, "hashtags": []}
{"id": 1279558648407232512, "date": "2020-07-04", "time": "19:32:09", "tweet": "@TradingDime You know what’s crazy, there is a TLSA stock and it coincidentally makes runs right around the time Tesla does. I one time mentioned this in a TLSA chatroom to which people said I was dumb for thinking such a mistake could be made 😂😂", "likes_count": 0, "replies_count": 0, "retweets_count": 0, "hashtags": []}
{"id": 1279557484693221377, "date": "2020-07-04", "time": "19:27:32", "tweet": "@TomLeech1 @EvaFoxU @Tesla @elonmusk No, he doesn't. Read more about stock options.", "likes_count": 0, "replies_count": 0, "retweets_count": 0, "hashtags": []}
{"id": 1279557440623841280, "date": "2020-07-04", "time": "19:27:21", "tweet": "Tesla stock has me feeling sick asf", "likes_count": 2, "replies_count": 1, "retweets_count": 0, "hashtags": []}
{"id": 1279555056061292548, "date": "2020-07-04", "time": "19:17:53", "tweet": "@elonmusk i have a feeling tesla stock will drop today", "likes_count": 0, "replies_count": 0, "retweets_count": 0, "hashtags": []}
{"id": 1279552206664921088, "date": "2020-07-04", "time": "19:06:33", "tweet": "@elonmusk my frequency is getting so grounded and intense that they're using me to pick up stock tips about Tesla. They're using your vehicles. Fortify.", "likes_count": 0, "replies_count": 1, "retweets_count": 0, "hashtags": []}
{"id": 1279552044714655758, "date": "2020-07-04", "time": "19:05:55", "tweet": "@IBD_ECarson @giscope @ValueAnalyst1 @elonmusk @Tesla So lets go: I don't care for TSLA stock action, I wont discuss that. Long term for Tesla the business: Whats your bearish view and why?", "likes_count": 0, "replies_count": 2, "retweets_count": 0, "hashtags": []}
{"id": 1279551958047580160, "date": "2020-07-04", "time": "19:05:34", "tweet": "Tesla Stock Pop, The Hot EV Market, Big Auto's EV Moment — Energy Independence Weekend  https://t.co/nvv6QgvT0r  https://t.co/VJYZVnkpi3", "likes_count": 0, "replies_count": 0, "retweets_count": 0, "hashtags": []}
{"id": 1279551350708203520, "date": "2020-07-04", "time": "19:03:09", "tweet": "@reisada @giscope @ValueAnalyst1 @elonmusk @Tesla I'm a contrarian and one of my colleagues is a huge fan of Elon Musk and Tesla. On #IBDLive and Twitter I say very positive things about $TSLA stock action.  What have I said that suggests I don't want to see both sides of the argument?", "likes_count": 0, "replies_count": 1, "retweets_count": 0, "hashtags": ["ibdlive"]}
{"id": 1279549381209800705, "date": "2020-07-04", "time": "18:55:20", "tweet": "@d_o_o_m_y @pinkosandie @kenklippenstein @WholeMarsBlog Who said I bought a Tesla? My cars are old.  I own the stock. I’ll get a new car when I need one  I assume you spend your time protesting all the car ads on tv and Twitter.", "likes_count": 0, "replies_count": 1, "retweets_count": 0, "hashtags": []}
{"id": 1279548259594309632, "date": "2020-07-04", "time": "18:50:52", "tweet": "@stburkholder @elonmusk Is it ok if it’s in the form of Tesla stock?", "likes_count": 0, "replies_count": 1, "retweets_count": 0, "hashtags": []}
{"id": 1279547139220279296, "date": "2020-07-04", "time": "18:46:25", "tweet": "Can Elon cause Tesla stock to drop a smooth $600 ?  I’m asking to much, I know 😢", "likes_count": 1, "replies_count": 0, "retweets_count": 0, "hashtags": []}
{"id": 1279546736541945858, "date": "2020-07-04", "time": "18:44:49", "tweet": "@yasuomoi Thank you!   Essentially it’s thanks to my Tesla stock!", "likes_count": 15, "replies_count": 1, "retweets_count": 0, "hashtags": []}
{"id": 1279545832484868099, "date": "2020-07-04", "time": "18:41:13", "tweet": "Top story: Elon Musk’s Net Worth Is Up $20 Billion Since March As Tesla Stock Roars  https://t.co/DbsbCjPBff, see more  https://t.co/IaWAlhgosA", "likes_count": 0, "replies_count": 0, "retweets_count": 0, "hashtags": []}
{"id": 1279545831239094272, "date": "2020-07-04", "time": "18:41:13", "tweet": "Top story: Elon Musk’s Net Worth Is Up $20 Billion Since March As Tesla Stock Roars  https://t.co/JKuVdkui38, see more  https://t.co/nWcWTBAYfE", "likes_count": 0, "replies_count": 0, "retweets_count": 0, "hashtags": []}
{"id": 1279545825140649985, "date": "2020-07-04", "time": "18:41:12", "tweet": "Top story: Elon Musk’s Net Worth Is Up $20 Billion Since March As Tesla Stock Roars  https://t.co/OQsTl2TzMr, see more  https://t.co/U5xr6SWGgc", "likes_count": 0, "replies_count": 0, "retweets_count": 0, "hashtags": []}
{"id": 1279545822338842624, "date": "2020-07-04", "time": "18:41:11", "tweet": "Top story: Elon Musk’s Net Worth Is Up $20 Billion Since March As Tesla Stock Roars  https://t.co/gQsNBOnSNU, see more  https://t.co/5BWtajYHx7", "likes_count": 0, "replies_count": 0, "retweets_count": 0, "hashtags": []}
