{"id": 1332834909761757189, "date": "2020-11-28", "time": "18:53:00", "tweet": "my tesla stock is doing amazing. wow.", "likes_count": 0, "replies_count": 0, "retweets_count": 0, "hashtags": []}
{"id": 1332834821337440258, "date": "2020-11-28", "time": "18:52:38", "tweet": "@chesterinvest @Tesla @NIOGlobal I am a $NIO stock owner, but come on let's be a little realistic 😂 Am happy if it hits $100", "likes_count": 6, "replies_count": 1, "retweets_count": 0, "hashtags": []}
{"id": 1332833648404553728, "date": "2020-11-28", "time": "18:47:59", "tweet": "@heydave7 I already tried to tell this to Gary, but just like with Tesla stock some people cannot get beyond their preconceptions to even be open to it.", "likes_count": 4, "replies_count": 1, "retweets_count": 0, "hashtags": []}
{"id": 1332832890145660931, "date": "2020-11-28", "time": "18:44:58", "tweet": "@lexfridman *tesla stock", "likes_count": 0, "replies_count": 0, "retweets_count": 0, "hashtags": []}
{"id": 1332831431513567233, "date": "2020-11-28", "time": "18:39:10", "tweet": "@BillTzamaras Buy tesla stock", "likes_count": 1, "replies_count": 0, "retweets_count": 0, "hashtags": []}
{"id": 1332831158984339456, "date": "2020-11-28", "time": "18:38:05", "tweet": "@BillyMcFarlend @TESLAcharts Text based communication may be taken literally by many demographics such as those considering purchasing Tesla stock and inserting salmon.", "likes_count": 1, "replies_count": 1, "retweets_count": 0, "hashtags": []}
{"id": 1332830953081872384, "date": "2020-11-28", "time": "18:37:16", "tweet": "A short, accessible piece on Tesla, irrationality in the stock market, and why sometimes something's value is simply what others are willing to pay for it   https://t.co/xHexjolbNR", "likes_count": 0, "replies_count": 0, "retweets_count": 0, "hashtags": []}
{"id": 1332829776470487041, "date": "2020-11-28", "time": "18:32:36", "tweet": "@slye I bought some TSLA shares. Sold them to buy a Tesla. Then bought more shares afterwards. Now I’m not planning to sell a single share until the company is worth well over 1 trillion!", "likes_count": 0, "replies_count": 0, "retweets_count": 0, "hashtags": []}
{"id": 1332824965981224960, "date": "2020-11-28", "time": "18:13:29", "tweet": "@jasebates1 @ElonsWorld U could buy some tesla stock. Thats all his networth is, just a reflection of ownership of tesla stocks", "likes_count": 0, "replies_count": 1, "retweets_count": 0, "hashtags": []}
{"id": 1332824763308396546, "date": "2020-11-28", "time": "18:12:40", "tweet": "Apple stock has split total of 5 times. 🍎🍎🍎🍎🍎.  Tesla has split just once so far⚡.  How many times will Tesla stock split? When will it happen?  $AAPL $TSLA  https://t.co/ls3HP6RJd6", "likes_count": 11, "replies_count": 0, "retweets_count": 2, "hashtags": []}
{"id": 1332824066542153731, "date": "2020-11-28", "time": "18:09:54", "tweet": "@GRDecter @KishavanBhola @AlecStapp @elonmusk You're mixing up market cap and stock volume..in order to mess with the stock price you need to have stock volume, Tesla has about 50mm of stock volume..which is perfectly feasible to be altered by retail", "likes_count": 1, "replies_count": 0, "retweets_count": 0, "hashtags": []}
{"id": 1332823599783309329, "date": "2020-11-28", "time": "18:08:03", "tweet": "@BTC_BanditHODL @BitcoinTina @PeterSchiff And if anything Mr Schiff is also the second kind. I believe there is a possibility bitcoin maximalists get it right, I just also believe that’s a tiny possibility, worth maybe 0.5% of a portfolio. Don’t be like Tesla people saying stock price bro, be better than that", "likes_count": 0, "replies_count": 0, "retweets_count": 0, "hashtags": []}
{"id": 1332823218000977923, "date": "2020-11-28", "time": "18:06:32", "tweet": "Tesla Is 6th Most Valuable Company In US On Stock Market  https://t.co/GHLhSpGWG7", "likes_count": 0, "replies_count": 0, "retweets_count": 0, "hashtags": []}
{"id": 1332822548531220481, "date": "2020-11-28", "time": "18:03:52", "tweet": "@PaperworkKing @RalphOellermann @OD_ant What about check out Tesla and the whole inflated stock market? More people are buying expensive EVs during the pandemic right?", "likes_count": 0, "replies_count": 0, "retweets_count": 0, "hashtags": []}
{"id": 1332821409748414465, "date": "2020-11-28", "time": "17:59:21", "tweet": "Liked on YouTube: Why Tesla Stock Can Make You RICH|| TSLA Stock Prediction  https://t.co/i9K9FqFHsK", "likes_count": 0, "replies_count": 0, "retweets_count": 0, "hashtags": []}
{"id": 1332820118880088064, "date": "2020-11-28", "time": "17:54:13", "tweet": "@SawyerMerritt This is the week that stock is gonna go really high i think based on previous tesla stock moves.I expect 680$ by the end of week minimum.", "likes_count": 1, "replies_count": 0, "retweets_count": 0, "hashtags": []}
{"id": 1332819043401814018, "date": "2020-11-28", "time": "17:49:57", "tweet": "@HalloFeld @1stPrincipleInv Yes! That is my first goal. I would have bought one this year if it weren’t for unemployment. Sunk my savings into Tesla stock so my first skim will be that 3 and let the rest grow.", "likes_count": 2, "replies_count": 0, "retweets_count": 0, "hashtags": []}
{"id": 1332816564039475201, "date": "2020-11-28", "time": "17:40:06", "tweet": "UPDATED Tesla documentary series Episode 2011 (Part 2 / 2) More new content Model S unveil Steve Jobs BYD competition   https://t.co/Izyja4frCp  https://t.co/53kBjPxCtU", "likes_count": 17, "replies_count": 0, "retweets_count": 2, "hashtags": []}
{"id": 1332815625153077250, "date": "2020-11-28", "time": "17:36:22", "tweet": "My $NIO 12 month stock prediction has now been upgraded! I’m going from my previous prediction of $1500 to $2250! GL folks!  $nio $tsla #nio #tsla $nioq $tslaq #nioq #niogang #tslaq @Tesla @nioglobal", "likes_count": 30, "replies_count": 8, "retweets_count": 2, "hashtags": ["nio", "tsla", "nioq", "niogang", "tslaq"]}
{"id": 1332812141368201216, "date": "2020-11-28", "time": "17:22:31", "tweet": "@EliBurton_ @slye I began buying $tsla stock in 2013.  I didn't get my Tesla car until 2018.  I couldn't be happier about it.", "likes_count": 0, "replies_count": 0, "retweets_count": 0, "hashtags": []}
{"id": 1332811283951996932, "date": "2020-11-28", "time": "17:19:07", "tweet": "@SawyerMerritt If I were to make a tesla call, I would pick 600-620 coming from my experience for tesla stock.", "likes_count": 1, "replies_count": 0, "retweets_count": 0, "hashtags": []}
{"id": 1332805613345234948, "date": "2020-11-28", "time": "16:56:35", "tweet": "@AnticLookBat @Virgin @Tesla @EnvisionVirgin Exactly where did is say vgac is a new ev stock?", "likes_count": 0, "replies_count": 1, "retweets_count": 0, "hashtags": []}
{"id": 1332804295448817669, "date": "2020-11-28", "time": "16:51:20", "tweet": "Admission of Tesla in the Stock Index S &amp; P 500 is doing the magic.", "likes_count": 0, "replies_count": 0, "retweets_count": 0, "hashtags": []}
{"id": 1332802676724260866, "date": "2020-11-28", "time": "16:44:55", "tweet": "FYI: Tesla stock grew from 68$-580 per share this year make sure you woke", "likes_count": 0, "replies_count": 0, "retweets_count": 0, "hashtags": []}
{"id": 1332797776372109315, "date": "2020-11-28", "time": "16:25:26", "tweet": "@BillTzamaras Buy Tesla stock", "likes_count": 0, "replies_count": 0, "retweets_count": 0, "hashtags": []}
{"id": 1332797729895047174, "date": "2020-11-28", "time": "16:25:15", "tweet": "Tesla stock market is really sky rocketing.", "likes_count": 0, "replies_count": 0, "retweets_count": 0, "hashtags": []}
{"id": 1332796030950182913, "date": "2020-11-28", "time": "16:18:30", "tweet": "@tesla_sexycars @tesla_sexycars san 私の方でもTD Ameritrade, FidelityのOfficial supportで確認した結果、W-８BENの提出を実施すれば口座維持、日本からの株式売買問題なし。とのことでした。これで安心して帰国できます！🤩　ただし、Mutual Fundsのみ売買不可だそうです（Stock/ETFはOK）", "likes_count": 1, "replies_count": 1, "retweets_count": 0, "hashtags": []}
{"id": 1332795272171122688, "date": "2020-11-28", "time": "16:15:29", "tweet": "Check out my latest video \"Weekend Trade Analysis and Update for TESLA tsla QQQ AMD and Gold Stock and Butterfly Options Trades\"  Watch Now:  https://t.co/czXJ6aeDww  (Posted via  https://t.co/6oyuUwBywN)  https://t.co/RzDVXfAFQH", "likes_count": 0, "replies_count": 0, "retweets_count": 0, "hashtags": []}
{"id": 1332793478607216641, "date": "2020-11-28", "time": "16:08:22", "tweet": "Ex. 2: Similar to above, bought Tesla shortly after IPO in 2010. I liked the CEO and the product. Up roughly 50% on my money by the next year. Got scared by some \"analysis\" on stock price I read online and happily took my profits. $TSLA up ~10,000% since.", "likes_count": 6, "replies_count": 2, "retweets_count": 0, "hashtags": []}
{"id": 1332793079951192066, "date": "2020-11-28", "time": "16:06:47", "tweet": "Go share your thoughts on the next move for Tesla stock price 👌🏾  I Expect Tesla (TSLA) Stock To Keep Rising | I'm Still Buying The Stock  https://t.co/Rd8ziXLW6g", "likes_count": 1, "replies_count": 0, "retweets_count": 0, "hashtags": []}
{"id": 1332791514490134530, "date": "2020-11-28", "time": "16:00:33", "tweet": "@yanquetino @28delayslater @guardian And they would have saved $30k, which they could have put into Tesla stock 😂", "likes_count": 0, "replies_count": 0, "retweets_count": 0, "hashtags": []}
{"id": 1332789412183355396, "date": "2020-11-28", "time": "15:52:12", "tweet": "@ChrisDungeon Only if I see the pace of innovation slow down where Tesla no longer has the drive to stay far ahead of its competition.  I don’t see that happening any time soon.  Only other reason for me is to ensure that my net worth does not get too concentrated into a single stock.", "likes_count": 4, "replies_count": 0, "retweets_count": 0, "hashtags": []}
{"id": 1332789041507561472, "date": "2020-11-28", "time": "15:50:44", "tweet": "@EliBurton_ @marc_benton @slye I'm gonna ball harder... shout out to those who bought Tesla Solar before buying a Tesla Vehicle or Tesla Stock.  Because I went back'ass'ackwards and still came out on top.", "likes_count": 2, "replies_count": 0, "retweets_count": 0, "hashtags": []}
{"id": 1332788771666989060, "date": "2020-11-28", "time": "15:49:39", "tweet": "Is Warren Buffett Secretly Buying Billions of Tesla Stock (TSLA)?  https://t.co/DlwIqsMftV This is a week old. I’m sharing it as an example of excellent analytical work by Frank and Rob.  https://t.co/sdYpv4v8lk", "likes_count": 19, "replies_count": 4, "retweets_count": 1, "hashtags": []}
{"id": 1332788089811562500, "date": "2020-11-28", "time": "15:46:57", "tweet": "Weekend Trade Analysis and Update for TESLA tsla QQQ AMD and Gold Stock ...  https://t.co/czXJ6aweV6 via @YouTube", "likes_count": 0, "replies_count": 1, "retweets_count": 1, "hashtags": []}
{"id": 1332787655491399680, "date": "2020-11-28", "time": "15:45:13", "tweet": "I read the Tesla stock was boutta rise  so I bought a little, few weeks back...just wish I would bought more", "likes_count": 0, "replies_count": 0, "retweets_count": 0, "hashtags": []}
{"id": 1332787514982141955, "date": "2020-11-28", "time": "15:44:40", "tweet": "@Jimmyjude13 How does one translate to how many Tesla cars we exchange with lord Elon when we buy or sell the stock as Elon the producers and us as buyers", "likes_count": 1, "replies_count": 0, "retweets_count": 0, "hashtags": []}
{"id": 1332786871987019777, "date": "2020-11-28", "time": "15:42:06", "tweet": "Look, it’s Tesla stock.  Sorry I love Tesla but I had to do it", "likes_count": 0, "replies_count": 0, "retweets_count": 0, "hashtags": []}
{"id": 1332785820135251971, "date": "2020-11-28", "time": "15:37:56", "tweet": "@MoneyOctopus @Virgin @Tesla @EnvisionVirgin You said $VGAC is a new EV stock. It has no target yet. So how is that not misinformation? I'm not saying it won't be it, I'm saying that currently there is no target.", "likes_count": 1, "replies_count": 1, "retweets_count": 0, "hashtags": []}
{"id": 1332784018589315072, "date": "2020-11-28", "time": "15:30:46", "tweet": "@JHC_53 @Tesla There has been weeks when the stock went straight down, that is what I mean by roller coaster", "likes_count": 0, "replies_count": 1, "retweets_count": 0, "hashtags": []}
