{"id": 1238974995298050049, "date": "2020-03-14", "time": "19:47:12", "tweet": "@GerberKawasaki People like to shoot arrows at successful people. Just look at most of the negative tweets here! The panic selling of Tesla stock is dumb! Big opportunity for those of us that understand what Elon is doing.", "likes_count": 0, "replies_count": 0, "retweets_count": 0, "hashtags": []}
{"id": 1238970726234779648, "date": "2020-03-14", "time": "19:30:14", "tweet": "F stock, after all, has lost more than a third of its value just since February. #Tesla  https://t.co/7UGpkzg5h6", "likes_count": 0, "replies_count": 0, "retweets_count": 0, "hashtags": ["tesla"]}
{"id": 1238968822033416194, "date": "2020-03-14", "time": "19:22:40", "tweet": "@mooroobee @thirdrowtesla Tell ant Tesla short sellers the new stock is In Bidets", "likes_count": 2, "replies_count": 0, "retweets_count": 0, "hashtags": []}
{"id": 1238965783570591746, "date": "2020-03-14", "time": "19:10:36", "tweet": "@_ONeoX @mouneer @hmeguid @_AmrEssam_ Meh, everyone is a package, even Trump!   I stick to my position about him. I saw enough evidence to make me feel comfortable about my belief.   I wouldn't even buy Tesla stock regardless of how much its price increase, just because I don't trust its leader.", "likes_count": 0, "replies_count": 1, "retweets_count": 0, "hashtags": []}
{"id": 1238958424060280832, "date": "2020-03-14", "time": "18:41:21", "tweet": "@hobiehenning @Tesla Long range AWD. Everything else stock. No full self drive.  https://t.co/6SARFwQtGk", "likes_count": 1, "replies_count": 1, "retweets_count": 0, "hashtags": []}
{"id": 1238955624932741122, "date": "2020-03-14", "time": "18:30:14", "tweet": "@helovesascandal @Prettysuga2 @mutzga @Reuters Capital always finds the best place. Look at the stock markets Look at Apple, Tesla，they are all great companies. Do you really believe they will choose a place where people CAN’T even talk freely? Do you think 5G and tiktok can be created by people who suffered from autocracy😂", "likes_count": 0, "replies_count": 1, "retweets_count": 0, "hashtags": []}
{"id": 1238954280272326658, "date": "2020-03-14", "time": "18:24:53", "tweet": "@TeslaCanuck @MFrunker @tesla_talks @kkvr2823 @trevlan006 @teslainvernon @CovelloMassimo @TeslaMilton If I bought Tesla stock a few years ago, it wouldn't have been a problem at all.😂", "likes_count": 2, "replies_count": 1, "retweets_count": 0, "hashtags": []}
{"id": 1238951275355652105, "date": "2020-03-14", "time": "18:12:57", "tweet": "Handle With Kerr. Tesla stock drops as Elon Musk has gaming disorder.", "likes_count": 0, "replies_count": 0, "retweets_count": 0, "hashtags": []}
{"id": 1238948266299011072, "date": "2020-03-14", "time": "18:00:59", "tweet": "@OnceYouGo_Zack Bet imma peep them out. I have $200 in Tesla already, it’s the only stock I got from cashapp just to test it out. You can buy any dollar amount in stock, rather than having to buy a full stock 💪🏼", "likes_count": 0, "replies_count": 0, "retweets_count": 0, "hashtags": []}
{"id": 1238944260050862080, "date": "2020-03-14", "time": "17:45:04", "tweet": "#Tesla stock drops despite monster market rally  https://t.co/AElW2MT50F #coronavirus #CoronaVtj  https://t.co/B9XxY3KoI9", "likes_count": 0, "replies_count": 0, "retweets_count": 1, "hashtags": ["tesla", "coronavirus", "coronavtj"]}
{"id": 1238943260049104896, "date": "2020-03-14", "time": "17:41:06", "tweet": "Tesla deliveries is booming. Online order is a game changer and a major strategic advantage over dealership-based competitors. Stock has more to gain. $TSLA  https://t.co/pQAYPDzDrC", "likes_count": 3, "replies_count": 0, "retweets_count": 3, "hashtags": []}
{"id": 1238929180336615426, "date": "2020-03-14", "time": "16:45:09", "tweet": "@jeffalawless My model 3 is good enough for me. There will always be better cars with better specs (and battery). I would wait until I’m sure that Tesla has next-gen batteries in new cars, and price cheaper to buy my next Tesla. Meanwhile, use the money to buy Tesla stock $tsla", "likes_count": 1, "replies_count": 1, "retweets_count": 0, "hashtags": []}
{"id": 1238917888007909376, "date": "2020-03-14", "time": "16:00:17", "tweet": "@danielprepas Was serious about the stock though. Thinking oil has to bounce back at some point? Hedge with Tesla?", "likes_count": 0, "replies_count": 1, "retweets_count": 0, "hashtags": []}
{"id": 1238917667274227712, "date": "2020-03-14", "time": "15:59:24", "tweet": "@vincent13031925 Well you are doing the same thing with Tesla stock mate 😂  Getting it now @ 5xx to sell it @ 1xxxx 😝", "likes_count": 2, "replies_count": 6, "retweets_count": 0, "hashtags": []}
{"id": 1238916104644448256, "date": "2020-03-14", "time": "15:53:11", "tweet": "@DrDenaGrayson @CDCgov @WHO Tesla stock going to $.68", "likes_count": 0, "replies_count": 0, "retweets_count": 0, "hashtags": []}
{"id": 1238912896391958528, "date": "2020-03-14", "time": "15:40:27", "tweet": "@gwestr Now that toilet paper is out of stock. Lets buy a Tesla.", "likes_count": 0, "replies_count": 0, "retweets_count": 0, "hashtags": []}
{"id": 1238900311839977473, "date": "2020-03-14", "time": "14:50:26", "tweet": "Tesla’s stock finally hits $420 a share  https://t.co/dtPY4NlJCP", "likes_count": 0, "replies_count": 0, "retweets_count": 0, "hashtags": []}
{"id": 1238899707755163648, "date": "2020-03-14", "time": "14:48:02", "tweet": "@AlexTruck6 @GerberKawasaki @elonmusk Here's a clue, my boy. They ended Q4 2019 with $6.3B in cash or cash equivalents. They raised $2.3B with their stock offering. And @TSLAQ's delusions to the contrary, Tesla will have FCF this quarter as well. I deal with facts, not emojis.", "likes_count": 0, "replies_count": 0, "retweets_count": 0, "hashtags": []}
{"id": 1238897168280432641, "date": "2020-03-14", "time": "14:37:57", "tweet": "Is the Options Market Predicting a Spike in Tesla (TSLA) Stock?  https://t.co/SqaZ1jWQD3", "likes_count": 0, "replies_count": 0, "retweets_count": 0, "hashtags": []}
{"id": 1238892621692575749, "date": "2020-03-14", "time": "14:19:53", "tweet": "@Succes4YouandMe @ghost_scot @Tesla You know what to do. Sell both the car and the stock.", "likes_count": 0, "replies_count": 0, "retweets_count": 0, "hashtags": []}
{"id": 1238887628604391427, "date": "2020-03-14", "time": "14:00:02", "tweet": "$TSLA is today ranked #1 in Gambiste Big Cap. Is there something new regarding Tesla, Inc.  - Common Stock ? Check the full Gambiste long term ratings:  https://t.co/RA0LXyNU1n", "likes_count": 0, "replies_count": 0, "retweets_count": 0, "hashtags": []}
{"id": 1238887170980696066, "date": "2020-03-14", "time": "13:58:13", "tweet": "Tesla stock drops despite monster market rally - CNBC Tesla on track for huge 1st quarter 2020. Shorts about to soil in their shorts.   https://t.co/3hzK4tXBVs", "likes_count": 0, "replies_count": 0, "retweets_count": 0, "hashtags": []}
{"id": 1238887131201839104, "date": "2020-03-14", "time": "13:58:04", "tweet": "Tesla (TSLA) Stock Shows Volatility, Price Crashes to $500, Dow Recovery   https://t.co/0tzCRh2r0q", "likes_count": 0, "replies_count": 0, "retweets_count": 0, "hashtags": []}
{"id": 1238886040720596993, "date": "2020-03-14", "time": "13:53:44", "tweet": "Happy birthday    @Dolarpo  Tesla's stock and bit coin's king", "likes_count": 1, "replies_count": 1, "retweets_count": 0, "hashtags": []}
{"id": 1238880322265194504, "date": "2020-03-14", "time": "13:31:00", "tweet": "3 Reasons to Pick Up the Discount in Tesla Stock -  https://t.co/IxP1vfKK4y  https://t.co/OTuTVn8fje", "likes_count": 0, "replies_count": 0, "retweets_count": 0, "hashtags": []}
{"id": 1238873032803876865, "date": "2020-03-14", "time": "13:02:02", "tweet": "EXCLUSIVE!!! TESLA (TSLA) STOCK IS STILL WEAK - DON&amp;#39;T BUY?   https://t.co/JyaeOS1cOl   .  https://t.co/0NWtTrGcff", "likes_count": 0, "replies_count": 0, "retweets_count": 0, "hashtags": []}
{"id": 1238868789669834752, "date": "2020-03-14", "time": "12:45:11", "tweet": "Get a free stock. Claim a stock now without investing ANY money first  https://t.co/oyz2oz4qf8 #teva #spce #GE #ford #tesla #wba #fit #apple #free", "likes_count": 0, "replies_count": 0, "retweets_count": 0, "hashtags": ["teva", "spce", "ge", "ford", "tesla", "wba", "fit", "apple", "free"]}
{"id": 1238864527757721603, "date": "2020-03-14", "time": "12:28:15", "tweet": "Made 7 hunnid on trading apple, microsoft, and tesla stocks yesterday. Stock market is free money. There’s a learning curve fasho but it’s something i def wanna teach more black people about. Been trading a little over a year and now is a great time to get started!", "likes_count": 171, "replies_count": 9, "retweets_count": 8, "hashtags": []}
{"id": 1238858785336287232, "date": "2020-03-14", "time": "12:05:25", "tweet": "Tesla (TSLA) Stock Shows Volatility, Price Crashes to $500 Despite Dow Recovery on Friday - Coinspeaker via BTCnews for iOS  https://t.co/rcieJv7X4z", "likes_count": 0, "replies_count": 0, "retweets_count": 0, "hashtags": []}
{"id": 1238857476159590406, "date": "2020-03-14", "time": "12:00:13", "tweet": "Apple Inc (NASDAQ:AAPL) stock rose 7.8% after the company said all of its stores in China had reopened. #Tesla  https://t.co/JF96zj53Cw", "likes_count": 0, "replies_count": 0, "retweets_count": 0, "hashtags": ["tesla"]}
{"id": 1238855169015795714, "date": "2020-03-14", "time": "11:51:03", "tweet": "Elon Musk tweeted that coronavirus panic was “dumb” last Friday. Since then, the value of his Tesla stock has tanked by $5.5 billion.  https://t.co/j4dIdNr8Vc  https://t.co/NW8jHYtm4D", "likes_count": 126, "replies_count": 13, "retweets_count": 48, "hashtags": []}
{"id": 1238854759588728832, "date": "2020-03-14", "time": "11:49:26", "tweet": "Has Elon Musk started a Tesla Toilet Paper Gigafactory yet to pump stock?  $tsla", "likes_count": 3, "replies_count": 0, "retweets_count": 1, "hashtags": []}
{"id": 1238853709418967042, "date": "2020-03-14", "time": "11:45:15", "tweet": "It's March 14, 2020 at 11:45AM Get a free stock. Claim a stock now without investing ANY money first  https://t.co/OdskiYeB0J #teva #spce #GE #ford #tesla #wba #fit #apple", "likes_count": 0, "replies_count": 0, "retweets_count": 0, "hashtags": ["teva", "spce", "ge", "ford", "tesla", "wba", "fit", "apple"]}
{"id": 1238849771453939712, "date": "2020-03-14", "time": "11:29:36", "tweet": "Tesla (TSLA) Stock Shows Volatility, Price Crashes to $500 Despite Dow Recovery on Friday (Coinspeaker)  Coinspeaker  Tesla (TSLA) Stock Shows Volatility, Price Crashes to $500 Despite Dow Recovery on Friday The Tesla (TSLA) ...    https://t.co/c4uXHfgu7c #LeverageTrading  https://t.co/cNO7QFNKGk", "likes_count": 0, "replies_count": 0, "retweets_count": 0, "hashtags": ["leveragetrading"]}
{"id": 1238842590008463360, "date": "2020-03-14", "time": "11:01:04", "tweet": "Tesla (TSLA) Stock Shows Volatility, Price Crashes to $500 Despite Dow Recovery on Friday - -  https://t.co/Jdev73mhII", "likes_count": 0, "replies_count": 0, "retweets_count": 0, "hashtags": []}
{"id": 1238841243041288192, "date": "2020-03-14", "time": "10:55:43", "tweet": "@Trumpery45 @elonmusk While within the group of retail investors of US stock market, Tesla is a popular choice, although I do not have the data to show how popular it is.", "likes_count": 0, "replies_count": 0, "retweets_count": 0, "hashtags": []}
{"id": 1238834796199059457, "date": "2020-03-14", "time": "10:30:06", "tweet": "If you would like to get a random FREE stock like NIKE, Apple, Tesla, etc up to $200   Then reply YES in the comments, or DM Yes.  I'm Aiming to help 100 Today!  LET'S GO!", "likes_count": 2, "replies_count": 1, "retweets_count": 1, "hashtags": []}
{"id": 1238832683826008065, "date": "2020-03-14", "time": "10:21:42", "tweet": "Tesla, gold and the dollar soar—an ‘everything rally’ has some stock-market investors fearing how it all ends [2-19]  https://t.co/qZw7yOp9NK", "likes_count": 0, "replies_count": 0, "retweets_count": 0, "hashtags": []}
{"id": 1238830463092953089, "date": "2020-03-14", "time": "10:12:53", "tweet": "@realDonaldTrump im pretty sure some of yall r confused by this tweet. it rised by $20 in 1 day. everyones only looking at how its dropped over the past month what do u expect with the Coronavirus being a problem every stock is in deep shit including bitcoin and Tesla.", "likes_count": 0, "replies_count": 0, "retweets_count": 0, "hashtags": []}
{"id": 1238825613672075264, "date": "2020-03-14", "time": "09:53:37", "tweet": "Tesla stock drops despite monster market rally -  https://t.co/YrTkufOLfG", "likes_count": 0, "replies_count": 0, "retweets_count": 0, "hashtags": []}
{"id": 1238817675473752064, "date": "2020-03-14", "time": "09:22:04", "tweet": "Tesla (TSLA) Stock Shows Volatility, Price Crashes to $500, Dow Recovery   https://t.co/j4pQYmlufa", "likes_count": 0, "replies_count": 0, "retweets_count": 0, "hashtags": []}
{"id": 1238816162965848070, "date": "2020-03-14", "time": "09:16:03", "tweet": "Tesla (TSLA) Stock Shows Volatility, Price Crashes to $500, Dow Recovery   https://t.co/TiFD1f02LP", "likes_count": 0, "replies_count": 0, "retweets_count": 0, "hashtags": []}
{"id": 1238815737633890305, "date": "2020-03-14", "time": "09:14:22", "tweet": "A leaked email reveals Tesla’s falling share price may cost Musk his bonus.  “Please people, push my stock back up so I can get my bonus. I deserve this money. Nobody lies like me. Please sacrifice your personal wealth for me.  Elon P.S .Pls work for free  https://t.co/NHg2KUosxW", "likes_count": 1, "replies_count": 0, "retweets_count": 0, "hashtags": []}
{"id": 1238812887721836545, "date": "2020-03-14", "time": "09:03:03", "tweet": "Tesla (TSLA) Stock Shows Volatility, Price Crashes to $500, Dow Recovery   https://t.co/FGAYjJ3xmm", "likes_count": 0, "replies_count": 0, "retweets_count": 0, "hashtags": []}
{"id": 1238812677826383873, "date": "2020-03-14", "time": "09:02:13", "tweet": "Tesla (TSLA) Stock Shows Volatility, Price Crashes to $500 Despite Dow Recovery on Friday  https://t.co/ZyIsghxoM0  https://t.co/TVsacSVFKS", "likes_count": 0, "replies_count": 0, "retweets_count": 0, "hashtags": []}
{"id": 1238812173985435651, "date": "2020-03-14", "time": "09:00:12", "tweet": "Despite the overall markets making a solid recovery on Friday, Tesla stock remained under the selling pressure. #Tesla  https://t.co/8zx3uCdkSn", "likes_count": 0, "replies_count": 0, "retweets_count": 0, "hashtags": ["tesla"]}
{"id": 1238811135849009158, "date": "2020-03-14", "time": "08:56:05", "tweet": "#dowjones #elonmusk #foejonesindustrialaverage #morganstanley Tesla (TSLA) Stock Shows Volatility, Price Crashes to $500 Despite Dow Recovery on Friday  https://t.co/pFpkjjoybZ  https://t.co/6MTn38mVYf", "likes_count": 0, "replies_count": 0, "retweets_count": 0, "hashtags": ["dowjones", "elonmusk", "foejonesindustrialaverage", "morganstanley"]}
{"id": 1238810375652552711, "date": "2020-03-14", "time": "08:53:04", "tweet": "Coinspeaker Tesla (TSLA) Stock Shows Volatility, Price Crashes to $500 Despite Dow Recovery on FridayThe Tesla (TSLA) stock price has crashed 45% from its ...Read more:  https://t.co/URM43AIwpO", "likes_count": 0, "replies_count": 0, "retweets_count": 0, "hashtags": []}
{"id": 1238806909622407168, "date": "2020-03-14", "time": "08:39:17", "tweet": "@ModelYendofICE @jpr007 @Goldfiinger77 @EmperorBlargus @Milhooz Given GM's recent battery announcements I'd say Tesla may be overpriced even at 500. But their stock will probably stay high past its prime cos people want to hold it because it gives them a warm fuzzy feeling.  I guess that's what you meant about sentiment.", "likes_count": 1, "replies_count": 1, "retweets_count": 0, "hashtags": []}
{"id": 1238804337058385928, "date": "2020-03-14", "time": "08:29:04", "tweet": "Tesla stock drops despite monster market rally -  https://t.co/TgtcihkRWW", "likes_count": 0, "replies_count": 0, "retweets_count": 0, "hashtags": []}
{"id": 1238798599019999233, "date": "2020-03-14", "time": "08:06:16", "tweet": "@honee_bee I got some Disney stock, I'm waiting for the rest of these funds to clear to cop a couple Tesla shares", "likes_count": 1, "replies_count": 0, "retweets_count": 0, "hashtags": []}
{"id": 1238791531647111168, "date": "2020-03-14", "time": "07:38:11", "tweet": "@schrolock @Bernard18615673 @GadgetsBoy @MaxWinebach Well tesla stock was way too high to begin with.  It was going to plummet.  I do suppose the outbreak may have made the drop even bigger but it certainly was going to drop at some point.", "likes_count": 0, "replies_count": 0, "retweets_count": 0, "hashtags": []}
{"id": 1238789534298411009, "date": "2020-03-14", "time": "07:30:15", "tweet": "Better to wait for better market, better stock pattern. #Tesla  https://t.co/QwQDOls9qb", "likes_count": 0, "replies_count": 0, "retweets_count": 0, "hashtags": ["tesla"]}
{"id": 1238787906636075008, "date": "2020-03-14", "time": "07:23:47", "tweet": "Tesla..What Can You Say!! #tesla #tsla #stock #stockmarket #options #money #cars #tech #technology  https://t.co/blewtcoz1A", "likes_count": 0, "replies_count": 0, "retweets_count": 0, "hashtags": ["tesla", "tsla", "stock", "stockmarket", "options", "money", "cars", "tech", "technology"]}
{"id": 1238786535798923266, "date": "2020-03-14", "time": "07:18:20", "tweet": "@GarageSquadTV Tesla stock", "likes_count": 0, "replies_count": 0, "retweets_count": 0, "hashtags": []}
{"id": 1238774517742342146, "date": "2020-03-14", "time": "06:30:35", "tweet": "The stock market rebounded in a big, big way on Friday. Tesla? Not so much. And CEO Elon Musk, usually a prolific tweeter, has been mum for a couple of days.  https://t.co/gEIGJkuzQU", "likes_count": 0, "replies_count": 1, "retweets_count": 0, "hashtags": []}
{"id": 1238767888300945408, "date": "2020-03-14", "time": "06:04:14", "tweet": "@MayaBijouXXX @I_AM_MOSIAH Tesla you have to think about it it’s revolutionising the electric car industry it’s years ahead of all other car manufacturers... if you have money it’s worth buying Tesla stock   Also like someone said Johnson and Johnson", "likes_count": 0, "replies_count": 0, "retweets_count": 0, "hashtags": []}
{"id": 1238760739889807360, "date": "2020-03-14", "time": "05:35:50", "tweet": "$TSLA's in Downtrend: Moving Average Convergence Divergence (MACD) Histogram crosses below signal line. View odds for this and other indicators:  https://t.co/wFcpxJRwWX #Tesla #stockmarket #stock #technicalanalysis #money #trading #investing #daytrading #news #today  https://t.co/UMdBg5O2VV", "likes_count": 0, "replies_count": 0, "retweets_count": 0, "hashtags": ["tesla", "stockmarket", "stock", "technicalanalysis", "money", "trading", "investing", "daytrading", "news", "today"]}
{"id": 1238755582095568896, "date": "2020-03-14", "time": "05:15:20", "tweet": "VERY telling that, amidst the generally positive stock market performance yesterday, #Tesla was still a faller on the day..... now down 41% from its 19 February high. The market has seen that Emperor Musk has no clothes...…. #TSLA", "likes_count": 0, "replies_count": 1, "retweets_count": 0, "hashtags": ["tesla", "tsla"]}
{"id": 1238752132120993792, "date": "2020-03-14", "time": "05:01:37", "tweet": "@psidart @thirdrowtesla @elonmusk That’s just tslaq going to extremes, launching a virus just to mess with Tesla’s stock 🙄🤷‍♀️ Children...", "likes_count": 0, "replies_count": 0, "retweets_count": 0, "hashtags": []}
