{"id": 1236440659692793856, "date": "2020-03-07", "time": "18:56:39", "tweet": "I LOVE ALL THE EXCITEMENT IVE BEEN GETTING FROM PEOPLE ABOUT STOCKS.   YES I WANNA WORK TOGETHER, AS A TEAM. Let’s go.  You now have a claim to a stock like Apple, Tesla, or Facebook. Sign up and join Robinhood using my link.   https://t.co/8DpmdhFhBA", "likes_count": 1, "replies_count": 0, "retweets_count": 0, "hashtags": []}
{"id": 1236438981082075136, "date": "2020-03-07", "time": "18:49:59", "tweet": "@SAirfarce ... has improved very considerably. And increasing portions of the legacy industry acknowledge ICE has no future and Tesla is out in the lead. Not to mention what Elon may pull out of the bag at battery day.  Not surprisingly the stock shot up too.  TC must be in need of therapy.", "likes_count": 1, "replies_count": 0, "retweets_count": 0, "hashtags": []}
{"id": 1236435777732718594, "date": "2020-03-07", "time": "18:37:15", "tweet": " https://t.co/NfYqxxVjwD -   Tesla Stock Has Fallen 23% in Less Than 3 Weeks. Here's What You Should Know.   https://t.co/7DpbVRlEqA", "likes_count": 0, "replies_count": 0, "retweets_count": 0, "hashtags": []}
{"id": 1236432628871581697, "date": "2020-03-07", "time": "18:24:45", "tweet": "@EyeoftheStormZ Probably Monday based on the idiocy.... funny nobody wanted to buy Tesla at 420 tweet... now stock is almost doubled and he’s a moron for calling Coronavirus what it is.... stupid", "likes_count": 1, "replies_count": 0, "retweets_count": 0, "hashtags": []}
{"id": 1236432384238764032, "date": "2020-03-07", "time": "18:23:46", "tweet": "Tesla..What Can You Say!! #tesla #tsla #stock #stockmarket #options #money #cars #tech #technology  https://t.co/3ATTRMLe3I", "likes_count": 0, "replies_count": 0, "retweets_count": 0, "hashtags": ["tesla", "tsla", "stock", "stockmarket", "options", "money", "cars", "tech", "technology"]}
{"id": 1236428384126656512, "date": "2020-03-07", "time": "18:07:53", "tweet": "Invest in Tesla’s stock.", "likes_count": 2, "replies_count": 0, "retweets_count": 0, "hashtags": []}
{"id": 1236418909697236992, "date": "2020-03-07", "time": "17:30:14", "tweet": "I thought NIO stock was overvalued at the start of the year to begin with. #Tesla  https://t.co/nQn3EVWzk2", "likes_count": 0, "replies_count": 0, "retweets_count": 0, "hashtags": ["tesla"]}
{"id": 1236416889363894273, "date": "2020-03-07", "time": "17:22:12", "tweet": "@phonezawphyo @DonchoGunchev @tesla_lion @28delayslater Most people should just be washing thier hands, and staying out of crowds. You dont have to mask up and stock up on a million tubes of toilet paper.  Only need to mask if you are sick already, helping a sick person or travelling in crowds.", "likes_count": 3, "replies_count": 1, "retweets_count": 0, "hashtags": []}
{"id": 1236415918135078912, "date": "2020-03-07", "time": "17:18:21", "tweet": "Is it too early to say that the Lakers-Pelicans trade AD for BI/Zo/Hart/picks/Chick Hearn’s mic/Signed Kobe jersey from his debut game/Tesla stock/Dr. Dre’s masters actually paid off for both teams?", "likes_count": 9, "replies_count": 2, "retweets_count": 3, "hashtags": []}
{"id": 1236411901900357632, "date": "2020-03-07", "time": "17:02:23", "tweet": "@elonmusk tesla stock will instantly rise to $1000 on monday because of this tweet", "likes_count": 0, "replies_count": 0, "retweets_count": 0, "hashtags": []}
{"id": 1236411819486404608, "date": "2020-03-07", "time": "17:02:03", "tweet": "Tesla Stock Has Fallen 23% in Less Than 3 Weeks. Here’s What You Should Know.  https://t.co/kGdvxbJqGw  https://t.co/oOefkZ3wCd", "likes_count": 0, "replies_count": 0, "retweets_count": 0, "hashtags": []}
{"id": 1236410338993635335, "date": "2020-03-07", "time": "16:56:10", "tweet": "lol this tweet is about to let Tesla stock go down 😂😂😂😂", "likes_count": 0, "replies_count": 0, "retweets_count": 0, "hashtags": []}
{"id": 1236410216486494208, "date": "2020-03-07", "time": "16:55:41", "tweet": "TWITTER FAM FREE MONEY ALERT!  If you would like to get a random FREE stock like NIKE, Apple, Tesla, etc up to $200   Then reply YES in the comments, or DM Yes.  I'm Aiming to help 100 Today!  LET'S GO!", "likes_count": 3, "replies_count": 0, "retweets_count": 1, "hashtags": []}
{"id": 1236409653522829319, "date": "2020-03-07", "time": "16:53:27", "tweet": "@TeslaBest They think Tesla is going to hold still while they catch up. Bwhahahahahahahaha. I just sold all my GM stock.", "likes_count": 0, "replies_count": 0, "retweets_count": 0, "hashtags": []}
{"id": 1236407539429969924, "date": "2020-03-07", "time": "16:45:03", "tweet": "General Motors Stock Is More Like #Tesla Than You May Realize — Barron's  https://t.co/xXg4EUAQOB #TechJunkieInvest  https://t.co/BwGdASELHW", "likes_count": 0, "replies_count": 0, "retweets_count": 0, "hashtags": ["tesla", "techjunkieinvest"]}
{"id": 1236406417097019392, "date": "2020-03-07", "time": "16:40:35", "tweet": "Dow Jones Futures Tumble As Coronavirus Stock Market Correction Intensifies; Tesla, Apple, Beyond Meat Notable Losers  https://t.co/xHjmLUbCqQ      #businessNews #WallSt", "likes_count": 0, "replies_count": 0, "retweets_count": 2, "hashtags": ["businessnews", "wallst"]}
{"id": 1236404949094785024, "date": "2020-03-07", "time": "16:34:45", "tweet": "The Tesla (NASDAQ: TSLA) Bull Run Is OVER: Try This EV Stock Instead -  https://t.co/PiORDLCAff out of every four of these stocks ended up in the green, with multiple triple-digit winner...", "likes_count": 0, "replies_count": 0, "retweets_count": 0, "hashtags": []}
{"id": 1236403225219280897, "date": "2020-03-07", "time": "16:27:54", "tweet": "@data168 I am still long on TEsla and Roku both!! I bought stock not option!! Year end both will higher!! TESLA $1500 and ROKU $200!!", "likes_count": 0, "replies_count": 0, "retweets_count": 0, "hashtags": []}
{"id": 1236399402094395393, "date": "2020-03-07", "time": "16:12:43", "tweet": "@Nori_NYC @DrHAkston @OccupyLacksIQ @BernieSanders Well let’s see. Higher stock valuations increase consumer confidence which increases consumer spending which increases economic health. My portfolio is up 200% this year and I just put a down payment on a Tesla, which will hire ppl to make that car", "likes_count": 1, "replies_count": 1, "retweets_count": 0, "hashtags": []}
{"id": 1236396262150123520, "date": "2020-03-07", "time": "16:00:14", "tweet": "Here's a close look at the stock's sharp 23% decline since Feb. 19 and what investors should make of it. #Tesla  https://t.co/VcSWp63gNB", "likes_count": 0, "replies_count": 0, "retweets_count": 0, "hashtags": ["tesla"]}
{"id": 1236395344851697664, "date": "2020-03-07", "time": "15:56:35", "tweet": "@elonmusk Tesla stock price is dumb", "likes_count": 0, "replies_count": 0, "retweets_count": 0, "hashtags": []}
{"id": 1236394452270415872, "date": "2020-03-07", "time": "15:53:03", "tweet": "$TSLA NEW ARTICLE : Tesla Stock Has Fallen 23% in Less Than 3 Weeks. Here's What You Should Know.  https://t.co/GdH9axWJoo Get all the latest $TSLA related news here :  https://t.co/E1O3FaTf6s  https://t.co/rYXrSc7Slz", "likes_count": 0, "replies_count": 0, "retweets_count": 0, "hashtags": []}
{"id": 1236394262641721348, "date": "2020-03-07", "time": "15:52:17", "tweet": "Tesla Stock Has Fallen 23% in Less Than 3 Weeks. Here's What You Should Know.  📰 »  https://t.co/rO8KVKlooQ  https://t.co/HoFvdnrc5E", "likes_count": 0, "replies_count": 0, "retweets_count": 0, "hashtags": []}
{"id": 1236387367369441281, "date": "2020-03-07", "time": "15:24:54", "tweet": "@elonmusk This is why Tesla stock goes down.", "likes_count": 0, "replies_count": 0, "retweets_count": 0, "hashtags": []}
{"id": 1236386698830872576, "date": "2020-03-07", "time": "15:22:14", "tweet": "Gigafactory Brazil , new alien tech level battery's , model y deliveries , $TSLA @tesla will become the tech stock for the next decade. No one else is iterating on renewable energy now like them.", "likes_count": 2, "replies_count": 0, "retweets_count": 0, "hashtags": []}
{"id": 1236381815281090560, "date": "2020-03-07", "time": "15:02:50", "tweet": "@elonmusk Elon must not be happy about his company’s stock going down due to the economic impact brought on by the Coronavirus epidemic. He wants people to not take the epidemic seriously so Tesla’s stock can go back up to the outrageously overpriced level", "likes_count": 0, "replies_count": 0, "retweets_count": 0, "hashtags": []}
{"id": 1236381292616282112, "date": "2020-03-07", "time": "15:00:45", "tweet": "@AwesomeSemethe Hahaha yeah! Utsebe stock price sa Tesla se kola mesi, investors are panicking whilst the CEO is hitting blunts, watching us panick", "likes_count": 1, "replies_count": 1, "retweets_count": 0, "hashtags": []}
{"id": 1236378732933365761, "date": "2020-03-07", "time": "14:50:35", "tweet": "Nigga want that Tesla stock back up", "likes_count": 1, "replies_count": 0, "retweets_count": 0, "hashtags": []}
{"id": 1236377936481132544, "date": "2020-03-07", "time": "14:47:25", "tweet": "Guess whose broke until the stock market opens up on Monday 🙄. I made a critical error with stockpile expecting a refund when canceling an order. They don't refund and you have to buy that stock. It was in tesla and the market still hasn't recovered so I'm in a bind.", "likes_count": 0, "replies_count": 0, "retweets_count": 0, "hashtags": []}
{"id": 1236374354176266242, "date": "2020-03-07", "time": "14:33:11", "tweet": "@scottullman @JMMZHerrera @elonmusk @Tesla Stop making excuses. You don't stop  maintaining your infrastructure cos u r updating things. Maintenance costs money. They rather save that money to juice the stock, because the cult will tolerate it and praise Elon for how good his a** tastes.", "likes_count": 0, "replies_count": 1, "retweets_count": 0, "hashtags": []}
{"id": 1236372614911836166, "date": "2020-03-07", "time": "14:26:16", "tweet": "@spotted_model @elonmusk “Billionaire who’s stock tumbled”... all the way down to 3x what it’s value was 5 months ago.  😭   People have taken to simply repeating headlines “Tesla stock tumbles” and not actually reading a thing past that.  I’m a stockholder, and stilled thrilled about the value", "likes_count": 11, "replies_count": 2, "retweets_count": 0, "hashtags": []}
{"id": 1236372398816935936, "date": "2020-03-07", "time": "14:25:25", "tweet": "@Forbes I will give u early news of march 28 &amp; 29 ... 1. Stock market s pluge more than 10 percentage...2.cornovirus spread all in Iran &amp; china.... 3. Gold go at new (2000$) highes... 4. Tesla stock has been beaten by wall street..... Please print it on Forbes magazine...", "likes_count": 0, "replies_count": 0, "retweets_count": 0, "hashtags": []}
{"id": 1236367731034857472, "date": "2020-03-07", "time": "14:06:52", "tweet": "@elonmusk The buying panic into #Tesla stock on these levels and valuation it’s even dumber. #FOMO  #StockMarket #investor #investment", "likes_count": 1, "replies_count": 0, "retweets_count": 0, "hashtags": ["tesla", "fomo", "stockmarket", "investor", "investment"]}
{"id": 1236364786922897408, "date": "2020-03-07", "time": "13:55:10", "tweet": "@FritzKroncke @haralabob @elonmusk Musk goes bankrupt if Tesla stock falls.  Pretty easy to see where his messaging comes from.", "likes_count": 0, "replies_count": 1, "retweets_count": 0, "hashtags": []}
{"id": 1236364746095341569, "date": "2020-03-07", "time": "13:55:00", "tweet": "@elonmusk Market crashing time... Just pray to God tht Tesla stock will survive..", "likes_count": 0, "replies_count": 0, "retweets_count": 0, "hashtags": []}
{"id": 1236364577023148037, "date": "2020-03-07", "time": "13:54:20", "tweet": "via ericjackson: Should Elliott have come in an run Tesla at $200, @elon? Or kicked out @tim_cook when the Twitter mob said he was no Steve Jobs?   I don’t own $2B of TWTR stock (in fact I own no stock) but it doesn’t mean these questions/points are any less valid $tsla", "likes_count": 0, "replies_count": 0, "retweets_count": 0, "hashtags": []}
{"id": 1236363635112341504, "date": "2020-03-07", "time": "13:50:35", "tweet": "@elonmusk Translation: \"Please don't sell Tesla stock.\"", "likes_count": 1, "replies_count": 0, "retweets_count": 0, "hashtags": []}
{"id": 1236362901881053191, "date": "2020-03-07", "time": "13:47:40", "tweet": "Lol he’s just trying to stop Tesla stock from plummeting due to the scare of the Coronavirus", "likes_count": 1, "replies_count": 0, "retweets_count": 0, "hashtags": []}
{"id": 1236352901083213824, "date": "2020-03-07", "time": "13:07:56", "tweet": "@joe_darko Someone trying to drop the stock prices again, let me go keep an eye on Tesla.", "likes_count": 0, "replies_count": 1, "retweets_count": 0, "hashtags": []}
{"id": 1236351100149575680, "date": "2020-03-07", "time": "13:00:47", "tweet": "@notabigdeal111 @TeslaAgnostic @telsa Sure, but I'm curious when we'll start to see it in the quarterlies. Mark Spiegel has been saying that competing EVs would kill Tesla for a couple years now and... well... the stock is still around $700.", "likes_count": 0, "replies_count": 0, "retweets_count": 0, "hashtags": []}
{"id": 1236350874114539520, "date": "2020-03-07", "time": "12:59:53", "tweet": "@800safehaven @fifty_grand Def spreading closer to home daily but don’t mean people should sell Tesla stock , but yes panic for safety stop ruining my investing lol", "likes_count": 0, "replies_count": 0, "retweets_count": 0, "hashtags": []}
{"id": 1236350676860616704, "date": "2020-03-07", "time": "12:59:06", "tweet": "@MarlaHooch1 @CaslerNoel You are going with conflicted musk?  Whose entire business life depends on Tesla stock valuation and massive Tesla plants coming online in China as soon as possible?  Of course me will minimize.", "likes_count": 3, "replies_count": 0, "retweets_count": 0, "hashtags": []}
{"id": 1236350417984008199, "date": "2020-03-07", "time": "12:58:04", "tweet": "@LAkeyGrip @aznpix There absolutely is panic in the Stock Markets, and with Tesla already being so overpriced, #ElonMusk knows $TSLA will continue to drop.", "likes_count": 0, "replies_count": 0, "retweets_count": 0, "hashtags": ["elonmusk"]}
{"id": 1236350117084454912, "date": "2020-03-07", "time": "12:56:52", "tweet": "@scottullman @elonmusk @Tesla Adding the option to the app is not the issue. Spending money to do so is. Why spend money and hurt the stock price, when you know the lemming will continue to buy the cars despite waiting hours in line?", "likes_count": 0, "replies_count": 0, "retweets_count": 0, "hashtags": []}
{"id": 1236347200931868673, "date": "2020-03-07", "time": "12:45:17", "tweet": "Get a free stock. Claim a stock now without investing ANY money first  https://t.co/oyz2oz4qf8 #teva #spce #GE #ford #tesla #wba #fit #apple #free", "likes_count": 0, "replies_count": 0, "retweets_count": 0, "hashtags": ["teva", "spce", "ge", "ford", "tesla", "wba", "fit", "apple", "free"]}
{"id": 1236344711335440385, "date": "2020-03-07", "time": "12:35:24", "tweet": "After reading Elon’s tweet, Tesla stock will be back up soon.", "likes_count": 0, "replies_count": 0, "retweets_count": 0, "hashtags": []}
{"id": 1236338996537483264, "date": "2020-03-07", "time": "12:12:41", "tweet": "@spotted_model Just lean back. Weekend charging Tesla vibes. Lol.", "likes_count": 1, "replies_count": 0, "retweets_count": 0, "hashtags": []}
{"id": 1236337945956814848, "date": "2020-03-07", "time": "12:08:31", "tweet": "@elonmusk Please panic that  I can buy tesla stock at lower prices", "likes_count": 0, "replies_count": 0, "retweets_count": 0, "hashtags": []}
{"id": 1236335902730915840, "date": "2020-03-07", "time": "12:00:23", "tweet": "@elonmusk Tesla stock look like dumb now", "likes_count": 0, "replies_count": 0, "retweets_count": 0, "hashtags": []}
{"id": 1236335113753018369, "date": "2020-03-07", "time": "11:57:15", "tweet": "@Ginkohoz @ajacucci @lconly @Tesla Turd monger, you didn't specify annual in your original post.  I would also like to point out that your observation that a public company has in interest in keeping their stock price high is some revolutionary insight right there boy.", "likes_count": 0, "replies_count": 1, "retweets_count": 0, "hashtags": []}
{"id": 1236332108857118725, "date": "2020-03-07", "time": "11:45:19", "tweet": "It's March 07, 2020 at 11:45AM Get a free stock. Claim a stock now without investing ANY money first  https://t.co/OdskiYeB0J #teva #spce #GE #ford #tesla #wba #fit #apple", "likes_count": 0, "replies_count": 0, "retweets_count": 0, "hashtags": ["teva", "spce", "ge", "ford", "tesla", "wba", "fit", "apple"]}
{"id": 1236329017625591808, "date": "2020-03-07", "time": "11:33:02", "tweet": "@elonmusk Tesla stock down?", "likes_count": 2, "replies_count": 0, "retweets_count": 0, "hashtags": []}
{"id": 1236328286898323456, "date": "2020-03-07", "time": "11:30:08", "tweet": "@QuanFlix_ That Tesla stock was taking a beating this week so I see why he tweeted that 😂", "likes_count": 0, "replies_count": 0, "retweets_count": 0, "hashtags": []}
{"id": 1236328139187462145, "date": "2020-03-07", "time": "11:29:32", "tweet": "@elonmusk Elon is just saying this bc Tesla’s stock price is cratering", "likes_count": 0, "replies_count": 0, "retweets_count": 0, "hashtags": []}
{"id": 1236324694049071104, "date": "2020-03-07", "time": "11:15:51", "tweet": "Product launches are key to maintaining Tesla’s stock-price momentum. UBS analyst Patrick Hummel asked consumers what they think of the vehicles in the pipeline. #tesla  https://t.co/cKZpnwKPt6  https://t.co/7uvyrQx8AT", "likes_count": 0, "replies_count": 0, "retweets_count": 0, "hashtags": ["tesla"]}
{"id": 1236323591840583682, "date": "2020-03-07", "time": "11:11:28", "tweet": "@nntaleb Musk simply trying to calm the markets like trump to assure Tesla stock doesn’t fall as much. (Majority of Tesla shareholders are his cult followers, doing pretty much anything he will say.)", "likes_count": 0, "replies_count": 0, "retweets_count": 0, "hashtags": []}
{"id": 1236323044051890176, "date": "2020-03-07", "time": "11:09:18", "tweet": "Let's get that Tesla stock back up 👀 this virus panic is wayyyy dumb", "likes_count": 0, "replies_count": 0, "retweets_count": 0, "hashtags": []}
{"id": 1236321828127244288, "date": "2020-03-07", "time": "11:04:28", "tweet": "@elonmusk Tesla stock go down. Accept bch payments for tesla", "likes_count": 0, "replies_count": 0, "retweets_count": 0, "hashtags": []}
{"id": 1236318765035339777, "date": "2020-03-07", "time": "10:52:17", "tweet": "@cvpayne Yeah, So Nikola car company going public raising stock most likely significantly \" no relation to tesla \"  Will the Nikola Coal power plant stock go up?", "likes_count": 0, "replies_count": 0, "retweets_count": 0, "hashtags": []}
{"id": 1236318549444001793, "date": "2020-03-07", "time": "10:51:26", "tweet": "👏👏👏comments like his is what will cause people to relax practices and increase spread of coronavirus,he just pissed the market is down and his tesla stock dumped $$$$....", "likes_count": 0, "replies_count": 0, "retweets_count": 0, "hashtags": []}
