{"id": 1315078101915832325, "date": "2020-10-10", "time": "19:53:47", "tweet": "Tesla..What Can You Say!! #tesla #tsla #stock #stockmarket #options #money #cars #tech #technology  https://t.co/lKceutlRUq", "likes_count": 0, "replies_count": 0, "retweets_count": 0, "hashtags": ["tesla", "tsla", "stock", "stockmarket", "options", "money", "cars", "tech", "technology"]}
{"id": 1315075444669120512, "date": "2020-10-10", "time": "19:43:13", "tweet": "@A_l_a_n__G Buy tesla stock", "likes_count": 0, "replies_count": 0, "retweets_count": 0, "hashtags": []}
{"id": 1315074990765740034, "date": "2020-10-10", "time": "19:41:25", "tweet": "@BestDamnOLine @A_l_a_n__G More like Tesla stock lmao", "likes_count": 0, "replies_count": 0, "retweets_count": 0, "hashtags": []}
{"id": 1315071051349528577, "date": "2020-10-10", "time": "19:25:46", "tweet": "Buy Tesla Stock", "likes_count": 1, "replies_count": 0, "retweets_count": 0, "hashtags": []}
{"id": 1315069584169459714, "date": "2020-10-10", "time": "19:19:56", "tweet": "@Iamyungillie Buy Tesla stock", "likes_count": 0, "replies_count": 1, "retweets_count": 0, "hashtags": []}
{"id": 1315068234736062464, "date": "2020-10-10", "time": "19:14:34", "tweet": "And just like that, people stopped talking about the #tesla stock price and started talking about center consoles. #consolegate #tsla #model3", "likes_count": 0, "replies_count": 0, "retweets_count": 0, "hashtags": ["tesla", "consolegate", "tsla", "model3"]}
{"id": 1315068227647545344, "date": "2020-10-10", "time": "19:14:32", "tweet": "Hi 👋 Vincent! #Tesla #IncelsForElon profiting off their high profile engagement w billionaire CEO Elon Musk, leaking information for SEO &amp; stock manipulation-is a desperate attempt to shift blame to avoid accountability.  @TheJusticeDept refers to this as an #IllegalKickback.  https://t.co/PR7NPvpGLL", "likes_count": 6, "replies_count": 3, "retweets_count": 0, "hashtags": ["tesla", "incelsforelon", "illegalkickback"]}
{"id": 1315066123579265026, "date": "2020-10-10", "time": "19:06:11", "tweet": "I want ro switch my stock car radio in my VW Passat R-Line for a Tesla style unit/computer where I can control EVERYTHING from there and be able to use apps and stream programming.   Might give myself that for Xmas", "likes_count": 1, "replies_count": 1, "retweets_count": 0, "hashtags": []}
{"id": 1315064089719103488, "date": "2020-10-10", "time": "18:58:06", "tweet": "@stevenmarkryan What will be the price/ value of a Tesla share in July 2028? (When I plan to sell my Tesla stock, for aworld trip,&amp; retirement:)🖖🏻✨", "likes_count": 0, "replies_count": 0, "retweets_count": 0, "hashtags": []}
{"id": 1315063450503196674, "date": "2020-10-10", "time": "18:55:33", "tweet": "@stevenmarkryan I couldn't afford a model 3 so I put that down payment into Tesla stock @210.", "likes_count": 1, "replies_count": 0, "retweets_count": 0, "hashtags": []}
{"id": 1315059128100847617, "date": "2020-10-10", "time": "18:38:23", "tweet": "@stevenmarkryan I’ve been taking up @Tesla and @elonmusk to anyone who would listen for so long that I pretty much told myself I had too. My first stock purchase ever. Wish I knew more about the Market when Tesla first started. I would’ve been a long from day one but I was completely unaware.", "likes_count": 2, "replies_count": 0, "retweets_count": 0, "hashtags": []}
{"id": 1315058519629012999, "date": "2020-10-10", "time": "18:35:58", "tweet": "@GerberKawasaki I bought Tesla stock a couple months before the split. So I’ve had ups and downs. I worked at oak ridge national lab so I could not understand why investors sold their stock after a great presentation battery day. My thoughts are much like yours. Thanks for your insight.", "likes_count": 0, "replies_count": 0, "retweets_count": 0, "hashtags": []}
{"id": 1315058105072324608, "date": "2020-10-10", "time": "18:34:19", "tweet": "@ajtourville That’s not on an actual @Tesla facility is it?  That could cause the stock to crash. Not acceptable.", "likes_count": 0, "replies_count": 0, "retweets_count": 0, "hashtags": []}
{"id": 1315056547593101312, "date": "2020-10-10", "time": "18:28:08", "tweet": "@A_l_a_n__G Buy Tesla stock.", "likes_count": 0, "replies_count": 0, "retweets_count": 0, "hashtags": []}
{"id": 1315055252731617280, "date": "2020-10-10", "time": "18:22:59", "tweet": "@elonmusk simple 8 bit pc 24 - ucontroller at screen - there might be seagate - ti has not been able to overcome obnoxious complexity - it shows up in ti ucontroller - xbox has scads of parts - tesla has limitations because elon is currently floating stock and cant divest time an", "likes_count": 0, "replies_count": 0, "retweets_count": 0, "hashtags": []}
{"id": 1315054481835343874, "date": "2020-10-10", "time": "18:19:55", "tweet": "@stevenmarkryan In the words of @Gfilche “Owning Tesla stock is like having a never expiring call option on one of the greatest inventors and entrepreneurs in human history”.", "likes_count": 172, "replies_count": 2, "retweets_count": 14, "hashtags": []}
{"id": 1315053684447993861, "date": "2020-10-10", "time": "18:16:45", "tweet": "@profgalloway For sure. People who disagree with this forget that Robinhood is only one retail brokerage. Across the world there are many and they are all obsessed with $TSLA stock. Robinhood alone can't move Tesla but its depicts the general retail mania in the stock.", "likes_count": 3, "replies_count": 0, "retweets_count": 0, "hashtags": []}
{"id": 1315053370235932675, "date": "2020-10-10", "time": "18:15:30", "tweet": "Wheres My Stock People Let’s Put 1k Into Apple &amp; Tesla", "likes_count": 0, "replies_count": 0, "retweets_count": 0, "hashtags": []}
{"id": 1315050854840512512, "date": "2020-10-10", "time": "18:05:30", "tweet": "@stevenmarkryan How should i sell my stock of tesla?  In years of course (10 years perhaps)   but how in fractions?  Thanks", "likes_count": 0, "replies_count": 0, "retweets_count": 0, "hashtags": []}
{"id": 1315045999690346498, "date": "2020-10-10", "time": "17:46:13", "tweet": "I created 2020 Stock Price graph of @Tesla 👩🏽‍💻  Note: **I used #pandas_datareader module** Data Source: Yahoo  #Tesla #python3 #Jupyterlab #MachineLearning #ArtificialIntelligence  https://t.co/i8Qe66SJs0", "likes_count": 1, "replies_count": 0, "retweets_count": 1, "hashtags": ["pandas_datareader", "tesla", "python3", "jupyterlab", "machinelearning", "artificialintelligence"]}
