{"id": 1337909957765652480, "date": "2020-12-12", "time": "18:59:25", "tweet": "Tesla joining the S&amp;P 500 is 'mother of all' stock-market events - MarketWatch  https://t.co/GQBehdckrD", "likes_count": 2, "replies_count": 0, "retweets_count": 0, "hashtags": []}
{"id": 1337909956817932295, "date": "2020-12-12", "time": "18:59:25", "tweet": "@pksilvia @mick_lebrija @JavierOtero72 @CarlosDG_Tesla @juanrb1 @leoquimpos @CarlosCuezva @Ojimenezro002 @joseenpeco @teslavlogs Sí, puedes comprarlo \"nuevo\" y te viene en tres meses de USA. O lo compras de Stock y te venden los de China este mes. Ambos son nuevos", "likes_count": 3, "replies_count": 0, "retweets_count": 0, "hashtags": []}
{"id": 1337909920574939136, "date": "2020-12-12", "time": "18:59:16", "tweet": "So Elon Musk becomes one of richest men on the planet and is now asking for his Tesla staff to volunteer during forced unpaid leave? No doubt they will and no doubt the stock will pump on reduced labour bill. lol. The man is genius.", "likes_count": 0, "replies_count": 0, "retweets_count": 0, "hashtags": []}
{"id": 1337909721211285505, "date": "2020-12-12", "time": "18:58:29", "tweet": "@pksilvia @mick_lebrija @JavierOtero72 @CarlosDG_Tesla @juanrb1 @leoquimpos @CarlosCuezva @Ojimenezro002 @joseenpeco @teslavlogs Este Model 3 tambien es nuevo. Los de Shanghai los venden mas baratos y como Stock ahora.", "likes_count": 4, "replies_count": 0, "retweets_count": 0, "hashtags": []}
{"id": 1337905989195075584, "date": "2020-12-12", "time": "18:43:39", "tweet": "@AlphaMotives @TraderJ95886811 Nio is already too big ... its the 2nd most shorted stock in the world. Now its got tons of cash and its car already on the street    as a better product than tesla. Its only a matter of time.", "likes_count": 1, "replies_count": 1, "retweets_count": 0, "hashtags": []}
{"id": 1337904068933644290, "date": "2020-12-12", "time": "18:36:01", "tweet": "@RobKnight__ @spectatorindex If you own Tesla’s stock I advise that you should take profits (not all but take at least what you invested in them) on every metric it is overvalued", "likes_count": 1, "replies_count": 1, "retweets_count": 0, "hashtags": []}
{"id": 1337903396930596869, "date": "2020-12-12", "time": "18:33:21", "tweet": "@GinoG01328427 @BobMuir Hey Rob I have literally $910.89 to my name. How much Tesla stock should I buy? Can I buy anything for $100 enough?", "likes_count": 0, "replies_count": 0, "retweets_count": 0, "hashtags": []}
{"id": 1337902625107423233, "date": "2020-12-12", "time": "18:30:17", "tweet": "@teslaownerssv @Tesla @elonmusk Increase Model 3 and Y production, deliveries to hit 500K number, while controlling costs.  If sensible analyst read this, stock should rally as a positive measure. But I am not the smartest here.", "likes_count": 4, "replies_count": 1, "retweets_count": 0, "hashtags": []}
{"id": 1337902419171270656, "date": "2020-12-12", "time": "18:29:28", "tweet": "@RobKnight__ @spectatorindex By the way I own Tesla’s stock", "likes_count": 1, "replies_count": 1, "retweets_count": 0, "hashtags": []}
{"id": 1337902304880693248, "date": "2020-12-12", "time": "18:29:01", "tweet": "@RobKnight__ @spectatorindex Basically because it doesn’t have any profits.. The P/E ratio is completely off, you are buying like 500 years of future revenue. A stock should be priced as the NPV of future revenue Tesla’s valuation is completely off", "likes_count": 9, "replies_count": 2, "retweets_count": 1, "hashtags": []}
{"id": 1337899196716822529, "date": "2020-12-12", "time": "18:16:40", "tweet": "@spectatorindex Tesla is good but still its a bubble market value gona burst sooner or later depending upon stock value. In reality its production is still far behind any other brand enlisted", "likes_count": 17, "replies_count": 0, "retweets_count": 1, "hashtags": []}
{"id": 1337899095747420167, "date": "2020-12-12", "time": "18:16:16", "tweet": "@varbmos @StanphylCap @josheidelson But I'm told Elon is perfect, and at Tesla's valuation, the stock trades like things are perfect. And Tesla supposedly has the greatest factories on earth.", "likes_count": 0, "replies_count": 1, "retweets_count": 0, "hashtags": []}
{"id": 1337898129669189632, "date": "2020-12-12", "time": "18:12:25", "tweet": "@julian_west @gwestr @HelperTesla @Trumpery45 20k M3 per month by December? Check the year on that. FSD with no LIDAR, not possible, but sure, Elon knows best. Tesla isn't currently capable of completing that. He has not delivered anything but a stock price. Still trying to produce 500k cars with 2 factories.", "likes_count": 1, "replies_count": 1, "retweets_count": 0, "hashtags": []}
{"id": 1337897551975096322, "date": "2020-12-12", "time": "18:10:07", "tweet": "Tesla as a success in terms of stock price matters so much less than validation that future we imagined so many years ago is real, and that we were not crazy.  https://t.co/QOa55DFurm", "likes_count": 29, "replies_count": 2, "retweets_count": 1, "hashtags": []}
{"id": 1337895828543987716, "date": "2020-12-12", "time": "18:03:17", "tweet": "Elon Musk is officially richer than Mark Zuckerberg after Tesla's addition to the S&amp;P 500 sends its stock price soaring (TSLA)  https://t.co/ZM4BxGD9gE #gmbway #franguru #businessmentor", "likes_count": 1, "replies_count": 0, "retweets_count": 0, "hashtags": ["gmbway", "franguru", "businessmentor"]}
{"id": 1337895394362097664, "date": "2020-12-12", "time": "18:01:33", "tweet": "#Tesla $TSLA tells employees Model S and X production will shut down for 18 days  https://t.co/JfVnHBa6aw #StockMarket  https://t.co/xuPuAccWaq", "likes_count": 3, "replies_count": 0, "retweets_count": 0, "hashtags": ["tesla", "stockmarket"]}
{"id": 1337894888948572163, "date": "2020-12-12", "time": "17:59:33", "tweet": "Liked on YouTube: Tesla Stock: Let's Talk (WARNING TO INVESTORS)  https://t.co/FQdc2MSxWn", "likes_count": 0, "replies_count": 0, "retweets_count": 0, "hashtags": []}
{"id": 1337894871844184066, "date": "2020-12-12", "time": "17:59:28", "tweet": "@mashable #Tesla #Stock about to fall deep after #NIO and other Chinese brands rise high!", "likes_count": 2, "replies_count": 0, "retweets_count": 0, "hashtags": ["tesla", "stock", "nio"]}
{"id": 1337894634668888064, "date": "2020-12-12", "time": "17:58:32", "tweet": "Remember in February 2019, just 1 year 10 months ago, everyone was stressing whether Tesla would pay their $920M debt (bond) obligation in cash, stock or a combination. Or whether they could afford to at all? Yeah, good times. They’ve got $20B cash on the books now. $tsla $tslaq", "likes_count": 5, "replies_count": 0, "retweets_count": 0, "hashtags": []}
{"id": 1337894376194846721, "date": "2020-12-12", "time": "17:57:30", "tweet": "@NathanNissani @GretaMusk @RBReich That's flat out nonsense. Production workers are not paid offsetting amounts of Tesla stock for a days labour. In fact I guarantee you these are contractors who own exactly zero stock!", "likes_count": 15, "replies_count": 0, "retweets_count": 0, "hashtags": []}
{"id": 1337892602561974273, "date": "2020-12-12", "time": "17:50:27", "tweet": "@RetoStebler @TaviDuprix @co_tesla @elonmusk Yes innovation is margins. What peeps miss. Fsd beta is pure margins. 10k min per car. They're only game in town. As their rivals sell off their fsd units. Fan begets Robotaxis which will next level tsla stock", "likes_count": 3, "replies_count": 0, "retweets_count": 0, "hashtags": []}
{"id": 1337891821523910881, "date": "2020-12-12", "time": "17:47:21", "tweet": "@GretaMusk @RBReich They are compensated by Tesla stock, so calling it unpaid is very misleading. It directly benefits them to help the company even if they are not getting \"paid.", "likes_count": 1, "replies_count": 6, "retweets_count": 0, "hashtags": []}
{"id": 1337886054687322126, "date": "2020-12-12", "time": "17:24:26", "tweet": "Tesla is maturing into a blue-chip with its addition to the S&amp;P 500 Index, but what happens next may boil down to some simple questions: What type of company is Tesla exactly? And how should the stock be valued? Wall Street’s answers are wildly different.   https://t.co/EU4iHdUZMS", "likes_count": 2, "replies_count": 3, "retweets_count": 0, "hashtags": []}
{"id": 1337884397522051073, "date": "2020-12-12", "time": "17:17:51", "tweet": "👀Great documentary series on Tesla by the EV Stock Channel on YouTube.  Well done and pretty thorough.", "likes_count": 10, "replies_count": 0, "retweets_count": 0, "hashtags": []}
{"id": 1337883945527095297, "date": "2020-12-12", "time": "17:16:03", "tweet": "Tesla to Replace Real-Estate Stock in S&amp;P 500  #realty #property   https://t.co/ZLdsRiNbEl  https://t.co/wIiiWSEIWs", "likes_count": 0, "replies_count": 0, "retweets_count": 0, "hashtags": ["realty", "property"]}
{"id": 1337882049760268289, "date": "2020-12-12", "time": "17:08:31", "tweet": "People who are baffled by the $TSLA run-up probably do not factor in the effect of the internet and how information is spreading nowadays. Tesla success is becoming clearer day by day, more and more people will realize and become a long term holder of the stock.", "likes_count": 9, "replies_count": 2, "retweets_count": 0, "hashtags": []}
{"id": 1337877722886881280, "date": "2020-12-12", "time": "16:51:20", "tweet": "VERY, VERY URGENT PALANTIR STOCK VIDEO RIGHT NOW!!!!!!!!!!! $PLTR  WATCH NOW  https://t.co/M9JR5qQ8Ca  #sp500 #stockstowatch #stocks #investing #StockMarket #Palantir #stocks #trading #tesla #nio  https://t.co/1XeuciA9vl", "likes_count": 7, "replies_count": 0, "retweets_count": 1, "hashtags": ["sp500", "stockstowatch", "stocks", "investing", "stockmarket", "palantir", "stocks", "trading", "tesla", "nio"]}
{"id": 1337877145574461441, "date": "2020-12-12", "time": "16:49:02", "tweet": "Tesla documentary series Episode 2012 (Part 2 of 2)  https://t.co/UixGOO0Slj  Featuring:  Model S Production problems   Super charging unveil   Mitt Romney \"Tesla Looser\"  Solar collapse / Solar City IPO  Motor Trend's car of the year / decade Model S  https://t.co/wxbp8OltLi", "likes_count": 23, "replies_count": 0, "retweets_count": 1, "hashtags": []}
{"id": 1337875616490786817, "date": "2020-12-12", "time": "16:42:58", "tweet": "Chinese auto giant Nio follows Tesla's lead to take advantage of surging stock prices   https://t.co/1wOPxLoQjy", "likes_count": 0, "replies_count": 0, "retweets_count": 0, "hashtags": []}
{"id": 1337875397632004096, "date": "2020-12-12", "time": "16:42:05", "tweet": "Looking for Tesla stock to go on sale this week", "likes_count": 0, "replies_count": 0, "retweets_count": 0, "hashtags": []}
{"id": 1337871848273547266, "date": "2020-12-12", "time": "16:27:59", "tweet": "@TNB_Research Some will not agree. But I believe that any one who will research it enough will see that tesla is as sure as it can get in the stock market. It's like 20 startups under one roof. With top notch management. Best engineers. And mission statement that drives motivation high.", "likes_count": 0, "replies_count": 0, "retweets_count": 0, "hashtags": []}
{"id": 1337871698771681281, "date": "2020-12-12", "time": "16:27:24", "tweet": "Market Extra: #Tesla joining the S&amp;P 500 is ‘mother of all’ stock-market events  https://t.co/pNhJjQAYQs  https://t.co/wLC37IpvhP", "likes_count": 0, "replies_count": 0, "retweets_count": 0, "hashtags": ["tesla"]}
{"id": 1337871017167949825, "date": "2020-12-12", "time": "16:24:41", "tweet": "@VGrinshpun @keith_dorschner Irrelevant. Order taking pre-production isn’t a common thing in Europe. Even Tesla only used it as a stock pumper and then refused to update it.", "likes_count": 0, "replies_count": 1, "retweets_count": 0, "hashtags": []}
{"id": 1337870774171017218, "date": "2020-12-12", "time": "16:23:43", "tweet": "@VGrinshpun @facts_tesla @jpr007 As a stock pumper, it’s normal that you would claim this.", "likes_count": 0, "replies_count": 0, "retweets_count": 0, "hashtags": []}
{"id": 1337870462521659396, "date": "2020-12-12", "time": "16:22:29", "tweet": "@AlfSumz I maintain that reality on ground will play out differently. The increase in Musk's net worth/stock value won't directly translate into actual Tesla units u see on the road in a typical day. I watch on ground! 🚘🚖", "likes_count": 1, "replies_count": 1, "retweets_count": 0, "hashtags": []}
{"id": 1337869897871683584, "date": "2020-12-12", "time": "16:20:14", "tweet": "@ajtourville @khoee @CapitalistTalk @TilmanWinkler @TrevorMilton13 @OstholtRalf @jaredthetrader @EVFollower1 @meckimac @LizMilton11 @Tesla @Nikolamotors @Hindenburg @iamtomnash @InsiderNikola @nikolamotor Many investors will sell their losing positions close to the end of year to benefit from tax-loss harvesting.  This will put added pressure on $NKLA stock price, as most longs are losing money on Nikola, including Andreas Halvorsen.   https://t.co/9drpcWEz0w", "likes_count": 2, "replies_count": 1, "retweets_count": 0, "hashtags": []}
{"id": 1337868923593691137, "date": "2020-12-12", "time": "16:16:22", "tweet": "@Jalopnik The actual question is; will it every be built, or was it all just a publicity stunt plan to push up Tesla stock prices. The latter, I reckon. Bullet-proof windows 🤦‍♂️😂😂", "likes_count": 1, "replies_count": 3, "retweets_count": 0, "hashtags": []}
{"id": 1337868806463647750, "date": "2020-12-12", "time": "16:15:54", "tweet": "@Davey_Daverson @JakeNew27819898 @Arnez730 @tracally66 @DezBryant We shall see. So how do you feel about the NIO stock? I own both NIO and Tesla. Tesla has been incredible for me and NIO could be the future of the Chinese automotive market.", "likes_count": 0, "replies_count": 0, "retweets_count": 0, "hashtags": []}
{"id": 1337868689518043136, "date": "2020-12-12", "time": "16:15:26", "tweet": "@alifarhat79 The year is 2021, Tesla stock has crashed 80% and Bitcoin has been regulated out of existence by China and the US.", "likes_count": 0, "replies_count": 0, "retweets_count": 0, "hashtags": []}
{"id": 1337867652753199109, "date": "2020-12-12", "time": "16:11:19", "tweet": "Fan boys?  I own a Tesla.  I own the stock.  I'm not on the sidelines.  I'm in the game.  Fan boys... lol.  Wanna race?", "likes_count": 0, "replies_count": 0, "retweets_count": 0, "hashtags": []}
{"id": 1337867384946905096, "date": "2020-12-12", "time": "16:10:15", "tweet": "2019 - 2020 It becomes inevitable that Tesla is going to do it and probably be one of the only companies that will be able to pull it off.   Other companies rapidly try to respond. The stock starts to climb.   “Wow, have you seen how much Tesla is worth now!?”", "likes_count": 1, "replies_count": 1, "retweets_count": 0, "hashtags": []}
{"id": 1337866735924424704, "date": "2020-12-12", "time": "16:07:40", "tweet": "In the future @Tesla stock will fall when Biden inacts the national defense authorization act to force tesla to make satellite laser blockers to stop china and russia from hacking into and destroying the @SpaceForceDoD.. (tgj) @StateDept @usairforce", "likes_count": 0, "replies_count": 0, "retweets_count": 0, "hashtags": []}
{"id": 1337864456240508929, "date": "2020-12-12", "time": "15:58:37", "tweet": ".@Apple and @Tesla both announced stock splits in July. Here's a quick rundown of what stock splits are, what they aren't and why companies do them.  Learn more from @Nasdaq’s #SmartInvesting tips:  https://t.co/dNrx7j1fb1  https://t.co/NcZ5UrtMp4", "likes_count": 10, "replies_count": 2, "retweets_count": 2, "hashtags": ["smartinvesting"]}
{"id": 1337862757140496385, "date": "2020-12-12", "time": "15:51:52", "tweet": "@RapAllStars would have rather drop that quarter mil in some tesla stock but that's cool too", "likes_count": 1, "replies_count": 0, "retweets_count": 0, "hashtags": []}
{"id": 1337860788246229004, "date": "2020-12-12", "time": "15:44:02", "tweet": "@Reuters Buy Tesla stock", "likes_count": 0, "replies_count": 0, "retweets_count": 0, "hashtags": []}
{"id": 1337859996923682816, "date": "2020-12-12", "time": "15:40:54", "tweet": "@dukesfan94 @bburnworth Exactly. Statistically speaking, since 1926, only a few stocks are responsible for the majority of the market’s gains (the 80/20 rule applies to the stock market well). I also believe I that Tesla will be one of those \"super stocks\" along with FANGAM stocks.", "likes_count": 1, "replies_count": 0, "retweets_count": 0, "hashtags": []}
{"id": 1337858483421470720, "date": "2020-12-12", "time": "15:34:53", "tweet": "Tesla Stock: Let's Talk (WARNING TO INVESTORS)  https://t.co/oLmPD6EwKE via @YouTube", "likes_count": 13, "replies_count": 1, "retweets_count": 2, "hashtags": []}
{"id": 1337857467296919554, "date": "2020-12-12", "time": "15:30:51", "tweet": "What is the stock market going to do next week?  #Tesla #BitcoinCash #NIO #Bitcoin #investing #StockMarket", "likes_count": 0, "replies_count": 0, "retweets_count": 0, "hashtags": ["tesla", "bitcoincash", "nio", "bitcoin", "investing", "stockmarket"]}
{"id": 1337856981886001152, "date": "2020-12-12", "time": "15:28:55", "tweet": "Tesla stock is booming! It is officially apart of S&amp;P500.", "likes_count": 2, "replies_count": 0, "retweets_count": 1, "hashtags": []}
{"id": 1337856347241476096, "date": "2020-12-12", "time": "15:26:24", "tweet": "@ValueExpected @DeanSheikh1 @StultusVox I believe that's a big demand creator for them.   When speaking to the average person, the stock price and media coverage of Tesla makes them think that they are greatest cars and the future of transportation.", "likes_count": 3, "replies_count": 0, "retweets_count": 0, "hashtags": []}
{"id": 1337856273614733313, "date": "2020-12-12", "time": "15:26:06", "tweet": "#Tesla $TSLA Needs To Increase Production Now, Elon Musk Says In Leaked Email  https://t.co/TwihTcOhP1 #StockMarket  https://t.co/gK53Di6x9K", "likes_count": 0, "replies_count": 0, "retweets_count": 0, "hashtags": ["tesla", "stockmarket"]}
{"id": 1337855102615515139, "date": "2020-12-12", "time": "15:21:27", "tweet": "@AwarenessOffice @AlsoWonderWoman @noahsloss @SenWarren @Hesiod2k11 @neeratanden @CREDOMobile Not really. He had a huge \"fight\" with UAW, which is a corrupt pro-fossil fuel union which tried to destroy Tesla to the benefit of their fossil fuel allies, but that doesn't mean he's anti-worker rights. All Tesla employees get stock options, for example.", "likes_count": 0, "replies_count": 0, "retweets_count": 0, "hashtags": []}
{"id": 1337853995965091842, "date": "2020-12-12", "time": "15:17:03", "tweet": "@lonelyymartiann @cryptomanran tesla undervalued? toyota sell a lot of cars with a hybrid technology since 30 years ago!!!!! and the stock price are a low, this guy !!!!! you say that nobody can do like amazon do???? this guy!!!!!!!! GOD!!!!!!!!! more logical to this earth, please!!!!!!!!!!!!!!!!!!!!  https://t.co/XO79lqCLfW", "likes_count": 0, "replies_count": 0, "retweets_count": 0, "hashtags": []}
{"id": 1337851856437952512, "date": "2020-12-12", "time": "15:08:33", "tweet": "Market Extra: Tesla joining the S&amp;P 500 is ‘mother of all’ stock-market events  https://t.co/CxOag7HzXc", "likes_count": 0, "replies_count": 0, "retweets_count": 0, "hashtags": []}
{"id": 1337851621808746496, "date": "2020-12-12", "time": "15:07:37", "tweet": "@estebannico19 That’s what I did. I had one share at $150 and a very diversified portfolio. Now Tesla is the only stock in my portfolio and I have 12 shares at $357.", "likes_count": 1, "replies_count": 0, "retweets_count": 0, "hashtags": []}
{"id": 1337850057958121472, "date": "2020-12-12", "time": "15:01:24", "tweet": "Market Extra: #Tesla joining the S&amp;P 500 is ‘mother of all’ stock-market events  https://t.co/pNhJjQAYQs  https://t.co/ZbbHe8pnK2", "likes_count": 0, "replies_count": 0, "retweets_count": 0, "hashtags": ["tesla"]}
{"id": 1337848969813094401, "date": "2020-12-12", "time": "14:57:05", "tweet": "This is our official Twitter account for the fastest completely stock Model S performance. Set this record back in May and there has been a performance increase sense. Plan to get it out to the track soon #tesla #ElonMusk  https://t.co/79k4s1AQFL", "likes_count": 0, "replies_count": 0, "retweets_count": 0, "hashtags": ["tesla", "elonmusk"]}
{"id": 1337848625762762752, "date": "2020-12-12", "time": "14:55:43", "tweet": "@LuoshengPeng Do you know about? Earlier this week Tesla said it plans to raise $5 billion through a new stock offering.", "likes_count": 1, "replies_count": 1, "retweets_count": 0, "hashtags": []}
{"id": 1337848137176805379, "date": "2020-12-12", "time": "14:53:46", "tweet": "Tesla..What Can You Say!! #tesla #tsla #stock #stockmarket #options #money #cars #tech #technology  https://t.co/y4e3eSK4Vf", "likes_count": 0, "replies_count": 0, "retweets_count": 0, "hashtags": ["tesla", "tsla", "stock", "stockmarket", "options", "money", "cars", "tech", "technology"]}
{"id": 1337847686289100801, "date": "2020-12-12", "time": "14:51:59", "tweet": "@VGrinshpun @facts_tesla @jpr007  https://t.co/essRewcFji Kenworth has one testing, too.  Tesla’s hasn’t been seen since the stock pump.", "likes_count": 0, "replies_count": 1, "retweets_count": 0, "hashtags": []}
{"id": 1337845937117413376, "date": "2020-12-12", "time": "14:45:02", "tweet": "Hello Gaurav, During this run up $tsla reached The Arora Report target. Now waiting for another signal. #tesla #teslastock #ev #ElectricVehicles", "likes_count": 0, "replies_count": 3, "retweets_count": 0, "hashtags": ["tesla", "teslastock", "ev", "electricvehicles"]}
{"id": 1337843171229745152, "date": "2020-12-12", "time": "14:34:02", "tweet": "Tesla wraps up $5 billion stock offering in a single day  https://t.co/fLqwvqM4eS  https://t.co/LcAx5al2Vz", "likes_count": 1, "replies_count": 0, "retweets_count": 1, "hashtags": []}
{"id": 1337841654439571459, "date": "2020-12-12", "time": "14:28:00", "tweet": "@Goldfiinger77 @rhyeunni @28delayslater Also, Microsoft is a perfect counter example. It took 17 years for it to grow into its merits - literally if you invested in the stock in 1999, you would not have actually made a cent of gains until 2017. Could happen with Tesla too, nothing says it can't.", "likes_count": 0, "replies_count": 1, "retweets_count": 0, "hashtags": []}
{"id": 1337841019623190530, "date": "2020-12-12", "time": "14:25:29", "tweet": "#TESLA stock is a beautiful Tulip.   @elonmusk #SPX 21st Dec.  https://t.co/qhCY9fqhTW", "likes_count": 3, "replies_count": 0, "retweets_count": 0, "hashtags": ["tesla", "spx"]}
{"id": 1337840711048237060, "date": "2020-12-12", "time": "14:24:16", "tweet": "Tesla TSLA Completes $5B New Stock Sale in Just 48 Hours  https://t.co/I5siYXfFye", "likes_count": 0, "replies_count": 0, "retweets_count": 0, "hashtags": []}
{"id": 1337838020788097025, "date": "2020-12-12", "time": "14:13:34", "tweet": "@2170cell I'm up over 100% this year (significantly thanks to building $SGMS around March lows) without getting cut too badly on Tesla.  Planning to build Tesla short stock and put position to perhaps 10% as a market hedge. $TSLAQ", "likes_count": 2, "replies_count": 0, "retweets_count": 0, "hashtags": []}
{"id": 1337835098184544257, "date": "2020-12-12", "time": "14:01:57", "tweet": "@HavenTesla yes and no! vaccine news means money moving from tech stock into recovery stock like airlines and cruise. You need financial news like fed pumping money or gov stimulus money agreed. That will pick up whole market and tesla!!! Tesla regardless will be going up no matter what", "likes_count": 0, "replies_count": 1, "retweets_count": 0, "hashtags": []}
{"id": 1337832457635311616, "date": "2020-12-12", "time": "13:51:28", "tweet": "Tesla to Replace Real-Estate Stock in S&amp;P 500  https://t.co/W7Itlcwy3F", "likes_count": 0, "replies_count": 0, "retweets_count": 0, "hashtags": []}
{"id": 1337831494161747968, "date": "2020-12-12", "time": "13:47:38", "tweet": "How is #TESLA stock price still so high given that they are trading at 161 times more than earnings.  Given they join they join the #SPX on the 21st Dec.....   Has to be worth shorting till they join.", "likes_count": 2, "replies_count": 1, "retweets_count": 0, "hashtags": ["tesla", "spx"]}
{"id": 1337831404978253827, "date": "2020-12-12", "time": "13:47:17", "tweet": "@badlogicgames lmao or buy people some fractional tesla stock for 20 and by the time the test’s over it’s 50 due to the magic of goes brrr", "likes_count": 1, "replies_count": 1, "retweets_count": 0, "hashtags": []}
{"id": 1337831322375622657, "date": "2020-12-12", "time": "13:46:57", "tweet": "@saiyar @heydave7 I said nothing about Tesla’s stock", "likes_count": 0, "replies_count": 0, "retweets_count": 0, "hashtags": []}
{"id": 1337830104152596480, "date": "2020-12-12", "time": "13:42:07", "tweet": "New from @stevenmarkryan   Tesla Stock: Let's Talk (WARNING TO INVESTORS)  https://t.co/8Iel1FvdR1", "likes_count": 0, "replies_count": 0, "retweets_count": 0, "hashtags": []}
{"id": 1337829515750494210, "date": "2020-12-12", "time": "13:39:46", "tweet": "Does anyone know if there are upside circuit breaker to halt trading on a stock? What does that look like if 115M-200M shares of Tesla are all bought on the 21st? @TeslaPodcast @Model3Owners @teslatidbits @TheTeslaShow", "likes_count": 1, "replies_count": 1, "retweets_count": 0, "hashtags": []}
{"id": 1337829436054441985, "date": "2020-12-12", "time": "13:39:27", "tweet": "“Tesla was dramatically overvalued, as the stock price trades at more than 1,000 times its price earnings ratio. [But] passive funds are now ‘locked in’ due to an index inclusion — with an estimated $70-120 billion...being steered into Tesla’s stock.”  https://t.co/knPmLdJawI", "likes_count": 12, "replies_count": 1, "retweets_count": 2, "hashtags": []}
{"id": 1337828522027528192, "date": "2020-12-12", "time": "13:35:49", "tweet": "@bburnworth Awesome video! I’m glad to know exercising options into stock aren’t taxable. Definitely interested in a fidelity SBLOC when Tesla goes to the Moon", "likes_count": 1, "replies_count": 1, "retweets_count": 0, "hashtags": []}
{"id": 1337827755417858050, "date": "2020-12-12", "time": "13:32:47", "tweet": "Tesla Stock: Let's Talk (WARNING TO INVESTORS)  https://t.co/xEOyRW6SGW via @YouTube", "likes_count": 0, "replies_count": 0, "retweets_count": 0, "hashtags": []}
{"id": 1337825847319859207, "date": "2020-12-12", "time": "13:25:12", "tweet": "Tesla Stock: Let's Talk ☺️  ⚠️ WARNING TO INVESTORS ⚠️  Listen to @stevenmarkryan, he’s got a good heart ❤️ and doesn’t want YOU to lose a shit ton of money trying to time the market during this very volatile S&amp;P 500 inclusion process... 😉   https://t.co/1PMpaHqhBF", "likes_count": 17, "replies_count": 2, "retweets_count": 2, "hashtags": []}
{"id": 1337825587667357701, "date": "2020-12-12", "time": "13:24:10", "tweet": "🤔......a Tesla stock Lol or a gift card", "likes_count": 0, "replies_count": 0, "retweets_count": 0, "hashtags": []}
{"id": 1337822276100624384, "date": "2020-12-12", "time": "13:11:00", "tweet": "If you own Tesla stock, be aware of the incoming volatility due to S&amp;P500 inclusion next week.  Just a heads up!", "likes_count": 8, "replies_count": 1, "retweets_count": 0, "hashtags": []}
