{"id": 1297321009234579456, "date": "2020-08-22", "time": "19:53:26", "tweet": "Very disappointed that I don’t know enough about stock go cop this split by Apple and Tesla.", "likes_count": 0, "replies_count": 1, "retweets_count": 0, "hashtags": []}
{"id": 1297320530039758849, "date": "2020-08-22", "time": "19:51:32", "tweet": "New article: \"Tesla's (TSLA) Stock price Rapid Growth Creates a Discrepancy between Market Capitalization and Sales\" has been published on Fintech Zoom -  https://t.co/7Kji4PN0l2 @FintechZoom #Fintech #Blockchain #Crypto #Cryptocurrency #ICO", "likes_count": 0, "replies_count": 0, "retweets_count": 1, "hashtags": ["fintech", "blockchain", "crypto", "cryptocurrency", "ico"]}
{"id": 1297320277139914757, "date": "2020-08-22", "time": "19:50:31", "tweet": "@oliviacola Buy stock in Apple and Tesla as soon as possible.", "likes_count": 2, "replies_count": 0, "retweets_count": 0, "hashtags": []}
{"id": 1297319641048588289, "date": "2020-08-22", "time": "19:48:00", "tweet": "#3 CAUSTIC WORLD! - #1 FAM VIBES ON TWITCH! | !SOCIAL !DISCORD !TESLA !STOCK !MERCH !PACKS  https://t.co/W5VVb6FchG", "likes_count": 4, "replies_count": 0, "retweets_count": 1, "hashtags": []}
{"id": 1297319148113068033, "date": "2020-08-22", "time": "19:46:02", "tweet": "@SuprisedPika22 @TeslaPodcast It's a huge risk. But it's paying off big time. I'm hoping in 5-10 years Tesla stock can pay for my house and cars", "likes_count": 2, "replies_count": 0, "retweets_count": 0, "hashtags": []}
{"id": 1297319050918400002, "date": "2020-08-22", "time": "19:45:39", "tweet": "@alerteman @alandail @omg_keynes @Schuldensuehner Tesla will be doing that on mars in 2022 according to the growth of the stock price.", "likes_count": 1, "replies_count": 0, "retweets_count": 0, "hashtags": []}
{"id": 1297316754809663488, "date": "2020-08-22", "time": "19:36:31", "tweet": "Which #stock split are you more excited about - $Tesla or $Apple?   #Tesla #Apple #StockMarket #stockstowatch #stocks  #investors  https://t.co/Ye9QAcKYQ2", "likes_count": 0, "replies_count": 0, "retweets_count": 0, "hashtags": ["stock", "tesla", "apple", "stockmarket", "stockstowatch", "stocks", "investors"]}
{"id": 1297316627210526722, "date": "2020-08-22", "time": "19:36:01", "tweet": "@Gfilche With the stock at $2000, if the S&amp;P committee asks them to offer more shares for better liquidity heading into inclusion, how much should they offer/raise? And what could Tesla do with that money?", "likes_count": 19, "replies_count": 2, "retweets_count": 0, "hashtags": []}
{"id": 1297316341800730627, "date": "2020-08-22", "time": "19:34:53", "tweet": "@Gfilche How high is too high for tesla stock in your opinion? If tsla reached for example 1 trillion dollars in market cap will you trim your position?", "likes_count": 1, "replies_count": 0, "retweets_count": 0, "hashtags": []}
{"id": 1297313941299879936, "date": "2020-08-22", "time": "19:25:21", "tweet": "@drunkpepe_afc @FizzleWizzleLoL @BernieSanders U dont seem to know what the reaction to the Tesla stock would be! It would tuble, taking Tesla employees with it! Those working class employees will see their net worths slashed into bits! Is that the end goal here, to make the poor poorer to get their votes?", "likes_count": 0, "replies_count": 1, "retweets_count": 0, "hashtags": []}
{"id": 1297312852370391042, "date": "2020-08-22", "time": "19:21:01", "tweet": "@JakeMarino10 @gavin_briant @TheCryptoLark But in fairness tesla is trading as if its like BTC and cryto because it a futuristic speculative asset / stock that is breaking new limits and bounderies and has good sentiment because of the backing and work its already achieved......", "likes_count": 0, "replies_count": 1, "retweets_count": 0, "hashtags": []}
{"id": 1297312652180353024, "date": "2020-08-22", "time": "19:20:13", "tweet": "@jraisner Summary: Although the s&amp;p 500 market remained mostly flat this week, some billionaires gained an absurd amount of money. Reaching milestones, they grew over $53.4 billion. For example, Elon musk became the 5th richest man and Tesla's stock price went up 24%.", "likes_count": 1, "replies_count": 1, "retweets_count": 0, "hashtags": []}
{"id": 1297312248818356224, "date": "2020-08-22", "time": "19:18:37", "tweet": "Tesla Stock (TSLA) 5-for-1 ...  https://t.co/N0CB6wfF50 via @tesmanian_com", "likes_count": 0, "replies_count": 0, "retweets_count": 0, "hashtags": []}
{"id": 1297311940654567424, "date": "2020-08-22", "time": "19:17:24", "tweet": "@drunkpepe_afc @FizzleWizzleLoL @BernieSanders Oh yeah, wise boy! 98-97 = 1. However he is owes roughly 20B which he borrowed against co stock. Good luck with 19B in debt wise guy!  It will also cause Tesla stock to tumble, probably in excess of 80%. That means his employees will lose roughly 50% of their net worth!", "likes_count": 0, "replies_count": 2, "retweets_count": 0, "hashtags": []}
{"id": 1297311641013350400, "date": "2020-08-22", "time": "19:16:12", "tweet": " https://t.co/vRGw7lPyOZ Found &gt; “Move Over Tesla. General Motors Could Be the Next Hot EV Stock  https://t.co/IZWbWjFOcM", "likes_count": 0, "replies_count": 0, "retweets_count": 1, "hashtags": []}
{"id": 1297310578902327296, "date": "2020-08-22", "time": "19:11:59", "tweet": "@shopify_dev If you would've put that money into Tesla stock instead of shoes you would really be cooking", "likes_count": 1, "replies_count": 1, "retweets_count": 0, "hashtags": []}
{"id": 1297309876599758848, "date": "2020-08-22", "time": "19:09:12", "tweet": "@Hoz94s What else are they gonna do? Just buy Tesla stock and they will be fine", "likes_count": 4, "replies_count": 1, "retweets_count": 0, "hashtags": []}
{"id": 1297309838133919744, "date": "2020-08-22", "time": "19:09:02", "tweet": "@gatica1813 Yes! The chart 📈 is Tesla stock, the 🎯 is Spacex, the 📱 symbolizes Elon tweeting, the Martini is 007/Elon, the 🐈 symbolizes Tesla T cat nose, 🐌 Gary symbolizes the Boring Co, the 🤿 symbolizes Neuralink &amp; the soccer ball ⚽️just looked cool graphically.", "likes_count": 1, "replies_count": 1, "retweets_count": 1, "hashtags": []}
{"id": 1297309722291261441, "date": "2020-08-22", "time": "19:08:35", "tweet": "GOING UP: A surge in Tesla stock this week boosted @elonmusk's net worth by almost $8 billion, making him the 4th richest person on the planet  https://t.co/94seXfgOlw", "likes_count": 0, "replies_count": 0, "retweets_count": 1, "hashtags": []}
{"id": 1297308647110959108, "date": "2020-08-22", "time": "19:04:18", "tweet": "@ElonsWorld @elonmusk @Tesla That's a lot of Billis... I can buy some Tesla, space X and Starlink stock with it...", "likes_count": 0, "replies_count": 0, "retweets_count": 0, "hashtags": []}
{"id": 1297307369588903936, "date": "2020-08-22", "time": "18:59:14", "tweet": "@28delayslater @nuc_geek A dear friend, just introduced me to Robinhood, a few weeks ago. I’ve done many things in my life but this will be the first time I’ve ever touched the stock market. I wonder why I didn’t do this sooner. Best of luck to all of you. Go @Tesla !", "likes_count": 3, "replies_count": 0, "retweets_count": 0, "hashtags": []}
{"id": 1297306608800858115, "date": "2020-08-22", "time": "18:56:12", "tweet": "Apple and Tesla Stock Splits: Here's What You Should Know Beforehand @themotleyfool #stocks $AAPL $TSLA  https://t.co/VzVxCUsSkp", "likes_count": 0, "replies_count": 0, "retweets_count": 0, "hashtags": ["stocks"]}
{"id": 1297305692857085952, "date": "2020-08-22", "time": "18:52:34", "tweet": "$TSLA Tesla Stock 5-for-1 Split for August 31, Here's What You Need To Know   https://t.co/HkNZ06FXJt", "likes_count": 1, "replies_count": 0, "retweets_count": 0, "hashtags": []}
{"id": 1297305530856177664, "date": "2020-08-22", "time": "18:51:55", "tweet": "Tesla Stock ( $TSLA ) 5-for-1 Split for August 31, Here's What You Need to Know  I got too many questions regarding on the split thru DM and I think this will answer most of the questions.   https://t.co/KQPG4N0GDS", "likes_count": 430, "replies_count": 27, "retweets_count": 40, "hashtags": []}
{"id": 1297304879535476736, "date": "2020-08-22", "time": "18:49:20", "tweet": "Tweet from CleanTechnica (@cleantechnica) CleanTechnica (@cleantechnica) Tweeted: Tesla Market Cap = $382 Billion, Tesla [TSLA] Short Sellers Still Think TSLA Is A “Cult Stock”  https://t.co/J3R0DaMaCk  https://t.co/5ASyIEWkGJ", "likes_count": 0, "replies_count": 0, "retweets_count": 0, "hashtags": []}
{"id": 1297304557056413698, "date": "2020-08-22", "time": "18:48:03", "tweet": "Jim Cramer calls on 10 companies, including Amazon and Alphabet, to issue stock splits  Apple and Tesla have both  https://t.co/GC8iVu2UjU", "likes_count": 0, "replies_count": 0, "retweets_count": 0, "hashtags": []}
{"id": 1297304547615023104, "date": "2020-08-22", "time": "18:48:01", "tweet": "@allliekat271 @MatBabiak @hmeisler @vxx46 Tesla is a cult stock. Enough said.", "likes_count": 1, "replies_count": 0, "retweets_count": 0, "hashtags": []}
{"id": 1297303856661970944, "date": "2020-08-22", "time": "18:45:16", "tweet": "Tesla Stock ( $TSLA ) 5-for-1 Split for August 31, Here's What You Need to Know   https://t.co/T163OqOmvc", "likes_count": 146, "replies_count": 6, "retweets_count": 18, "hashtags": []}
{"id": 1297303659395469313, "date": "2020-08-22", "time": "18:44:29", "tweet": "so our friend $NKLA Trevor had managed to inject himself into the epic $TSLA stock pump. but this YT comment made me LOL 🔥💩⚡️ #TrevorWithTrolls  see Nikola Responds to Tesla's Stock Price &amp; Factory Construction Site Drone...  https://t.co/HJz6XDQU6U  https://t.co/Gls60jr8Nc", "likes_count": 2, "replies_count": 1, "retweets_count": 0, "hashtags": ["trevorwithtrolls"]}
{"id": 1297299754368421888, "date": "2020-08-22", "time": "18:28:58", "tweet": "@HazeDoran @zerohedge You don’t have any Tesla stock?", "likes_count": 0, "replies_count": 0, "retweets_count": 0, "hashtags": []}
{"id": 1297298852152844290, "date": "2020-08-22", "time": "18:25:23", "tweet": "Buy Tesla stock Yes it’s a high cost stock but it’s gonna be worth 5-10K a share in the next 10 years", "likes_count": 0, "replies_count": 0, "retweets_count": 0, "hashtags": []}
{"id": 1297296563241459712, "date": "2020-08-22", "time": "18:16:17", "tweet": "@TESLAcharts Personally I'm not surprised, also because I wrote my Bs thesis on Tesla, where in the conclusions I saw the PHEVs as the way to go (written more than 2 years ago now). Granted the stock price shot up since then but the fundamentals haven't changed that much", "likes_count": 2, "replies_count": 0, "retweets_count": 0, "hashtags": []}
{"id": 1297295869650206720, "date": "2020-08-22", "time": "18:13:32", "tweet": "Apple and Tesla Stock Splits: Here's What You Should Know Beforehand | The Motley Fool  https://t.co/g73vdtyKto", "likes_count": 0, "replies_count": 0, "retweets_count": 0, "hashtags": []}
{"id": 1297295667874762752, "date": "2020-08-22", "time": "18:12:44", "tweet": "@MarksHustle I build stock and mutual fund and ETF portfolios that trounce the overall stock market returns. Recovered and exceeded portfolio balance since the March lows.  +$400,000 since the March lows   Apple and Tesla !  Resume: Millionaire  https://t.co/wozPd6A3MJ", "likes_count": 1, "replies_count": 1, "retweets_count": 0, "hashtags": []}
{"id": 1297294834101882882, "date": "2020-08-22", "time": "18:09:25", "tweet": "@gwestr @JustinList Ok, I will now sell all my Tesla stock, after seeing 2 cars with issues I now believe Tesla is doomed   /s", "likes_count": 1, "replies_count": 0, "retweets_count": 0, "hashtags": []}
{"id": 1297292754859569152, "date": "2020-08-22", "time": "18:01:09", "tweet": "@chigrl Yup tesla has infinite power already. Energy is gone. Elon bought a tesseract from the avengers with the stock split.", "likes_count": 3, "replies_count": 0, "retweets_count": 0, "hashtags": []}
{"id": 1297292345571004417, "date": "2020-08-22", "time": "17:59:32", "tweet": "Tesla Stock Soars Despite Plunging China Registrations  https://t.co/FmMSRJgK3Y", "likes_count": 0, "replies_count": 0, "retweets_count": 0, "hashtags": []}
{"id": 1297292174942449665, "date": "2020-08-22", "time": "17:58:51", "tweet": "New article: \"Tesla Stock Soars Despite Plunging China Registrations\" has been published on Fintech Zoom -  https://t.co/ZcDxpOWHDM @FintechZoom #Fintech #Blockchain #Crypto #Cryptocurrency #ICO", "likes_count": 0, "replies_count": 0, "retweets_count": 0, "hashtags": ["fintech", "blockchain", "crypto", "cryptocurrency", "ico"]}
{"id": 1297291208746774534, "date": "2020-08-22", "time": "17:55:01", "tweet": "Dow Jones Futures Signal Mixed Stock Market Rally; Tesla Eyes Key Resistance; SEC Accounting Probe Slams Three China Stocks  https://t.co/oWeI1f95oE    First Published on August 14, 2020@6:01am    #businessNews", "likes_count": 0, "replies_count": 0, "retweets_count": 1, "hashtags": ["businessnews"]}
{"id": 1297290041203535872, "date": "2020-08-22", "time": "17:50:22", "tweet": "I am keeping track of the current #Tesla stock price. It is $2041. #Solar Get your FREE stock here:  https://t.co/Xq40Vs3aZG #IOT #SmartHome  https://t.co/2OPfzBzB4o", "likes_count": 0, "replies_count": 0, "retweets_count": 0, "hashtags": ["tesla", "solar", "iot", "smarthome"]}
{"id": 1297288624376094720, "date": "2020-08-22", "time": "17:44:45", "tweet": "Apple and Tesla Stock Splits: Here's What You Should Know Beforehand - Motley Fool  https://t.co/0dl125XVnc", "likes_count": 0, "replies_count": 0, "retweets_count": 0, "hashtags": []}
{"id": 1297286156694851584, "date": "2020-08-22", "time": "17:34:56", "tweet": "$TSLA Tesla Inc Stock Robo Analyst August 22 2020 #TSLA  https://t.co/gAia2YfWkR #stocks #trading #charts", "likes_count": 0, "replies_count": 0, "retweets_count": 0, "hashtags": ["tsla", "stocks", "trading", "charts"]}
{"id": 1297285661775536128, "date": "2020-08-22", "time": "17:32:58", "tweet": "@jimcramer @stoolpresidente Do you guys suggest to buy or hold or sell TESLA stock?", "likes_count": 0, "replies_count": 0, "retweets_count": 0, "hashtags": []}
{"id": 1297284994298249219, "date": "2020-08-22", "time": "17:30:19", "tweet": "Tesla Shares Surge 49% Since Announcing Stock Split  https://t.co/MCeD93xQR7", "likes_count": 0, "replies_count": 0, "retweets_count": 0, "hashtags": []}
{"id": 1297284664265256960, "date": "2020-08-22", "time": "17:29:01", "tweet": "Jim Cramer &amp; Rob Maurer Discuss TSLA Stock, Elon Musk, Tesla's Battery D...  https://t.co/QEr9K9xEaA via @YouTube", "likes_count": 0, "replies_count": 0, "retweets_count": 0, "hashtags": []}
{"id": 1297280883116867585, "date": "2020-08-22", "time": "17:13:59", "tweet": "Tesla has soared 50% since announcing its stock split — last week  https://t.co/UfwBymX4Ur", "likes_count": 0, "replies_count": 0, "retweets_count": 0, "hashtags": []}
{"id": 1297280878603898880, "date": "2020-08-22", "time": "17:13:58", "tweet": "@SkolSithLord @Sarcastaments I feel like almost any transaction would get it noticed.  Maybe try to transfer all of it over to my Robinhood account and buy 2.4 billion worth of Tesla stock.  Then a day or two later sell it all.  If they recoup the original money then I get the money made from stocks😎", "likes_count": 3, "replies_count": 2, "retweets_count": 0, "hashtags": []}
{"id": 1297280819803967488, "date": "2020-08-22", "time": "17:13:44", "tweet": "Jim Cramer: Tesla Stock Could Go Up Substantially From These Levels  https://t.co/CA1MuZDoql via @YouTube", "likes_count": 0, "replies_count": 0, "retweets_count": 0, "hashtags": []}
{"id": 1297279982180474887, "date": "2020-08-22", "time": "17:10:24", "tweet": "@alandail @Spil_Splinter @omg_keynes @Schuldensuehner @ton_aarts Hope Tesla does well and i like the company but i think the stock price is lower in 10 years than today.", "likes_count": 0, "replies_count": 0, "retweets_count": 0, "hashtags": []}
{"id": 1297279706048405504, "date": "2020-08-22", "time": "17:09:18", "tweet": "@nassaraf @Tesla @elonmusk I agree but I think all of these comp have ridiculous valuations, even Apple I can't understand how they are worth 2 trill now. Like one product the iPhone basically, I think the entire stock market is become a crypto play. The big whales are manipulating like they do in crypto.", "likes_count": 0, "replies_count": 0, "retweets_count": 0, "hashtags": []}
{"id": 1297279643469242368, "date": "2020-08-22", "time": "17:09:03", "tweet": "Apple and Tesla Stock Splits: Here's What You Should Know Beforehand - Motley Fool  https://t.co/X3LCO53qLE  https://t.co/J1yap7qYX6", "likes_count": 0, "replies_count": 0, "retweets_count": 0, "hashtags": []}
{"id": 1297279587278180352, "date": "2020-08-22", "time": "17:08:50", "tweet": "Tesla Stock Soars Despite Plunging China Registrations https://www.newszada.com/wp-content/uploads/2020/08/Tesla-Stock-Soars-Despite-Plunging-China-Registrat...  https://t.co/exXwdLFGd8", "likes_count": 0, "replies_count": 0, "retweets_count": 0, "hashtags": []}
{"id": 1297279496031264769, "date": "2020-08-22", "time": "17:08:28", "tweet": "Tesla shares, my thoughts, 15 to 20% increase due to stock split, then another 15 to 20% increase after stock split when the floodgates open @Tesla @Teslarati @stevenmarkryan @TeslaBest 😉👍🦄  https://t.co/xfScgxatyX", "likes_count": 1, "replies_count": 0, "retweets_count": 0, "hashtags": []}
{"id": 1297279236345135106, "date": "2020-08-22", "time": "17:07:26", "tweet": "I'm waiting for the tesla stock split to buy in. I don't have $4k on hand to throw right into stock market. I do have a couple though", "likes_count": 0, "replies_count": 0, "retweets_count": 0, "hashtags": []}
{"id": 1297278701759946754, "date": "2020-08-22", "time": "17:05:19", "tweet": "The rapid ascent in the stock price of #Tesla has to be followed by an equally rapid ascent in its earnings. Else a rapid descent will follow! Stock markets have taught investors this lesson time and again.", "likes_count": 1, "replies_count": 0, "retweets_count": 0, "hashtags": ["tesla"]}
{"id": 1297278650304299009, "date": "2020-08-22", "time": "17:05:07", "tweet": "@MarshalWalpole How's the tesla stock you had going?", "likes_count": 1, "replies_count": 1, "retweets_count": 0, "hashtags": []}
{"id": 1297278407680692230, "date": "2020-08-22", "time": "17:04:09", "tweet": "@jimcramer Your Tesla stock pick was a 7th game walk off World Series Grand Slam!", "likes_count": 0, "replies_count": 0, "retweets_count": 0, "hashtags": []}
{"id": 1297276288433094656, "date": "2020-08-22", "time": "16:55:44", "tweet": "Apple and Tesla Stock Splits: Here’s What You Should Know Beforehand  https://t.co/mH9p1ht2g0", "likes_count": 0, "replies_count": 0, "retweets_count": 0, "hashtags": []}
{"id": 1297276172825321473, "date": "2020-08-22", "time": "16:55:16", "tweet": "Next year people will be like “these clowns had the opportunity to buy tesla stock at 2k and slept on it”", "likes_count": 0, "replies_count": 0, "retweets_count": 0, "hashtags": []}
{"id": 1297275878414712837, "date": "2020-08-22", "time": "16:54:06", "tweet": "Man @Tesla really treated me well on there stock! 🙏", "likes_count": 0, "replies_count": 0, "retweets_count": 0, "hashtags": []}
