{"id": 1218683651476611073, "date": "2020-01-18", "time": "18:56:39", "tweet": "For the first time, Tesla Inc’s stock market value has eclipsed the combined values of General Motors Co and Ford Motor Co. #tesla  https://t.co/vprMSB6jzQ  https://t.co/Xd0cI10Ebt", "likes_count": 0, "replies_count": 0, "retweets_count": 0, "hashtags": ["tesla"]}
{"id": 1218683447402729473, "date": "2020-01-18", "time": "18:55:50", "tweet": "It's always interesting when the more people know about something, the less they believe in it. All the smartest people I know think Tesla's Financial's are quasi criminal and yet the stock market......📈", "likes_count": 17, "replies_count": 3, "retweets_count": 4, "hashtags": []}
{"id": 1218681735937953797, "date": "2020-01-18", "time": "18:49:02", "tweet": "@JackBauer321 @greentheonly @ThemeTeamWP @imispgh @BrandonLive @Bfklin @solarb10 @telanon @JosephKellyCSC @italianmaster @gwestr @AlexRoy144 @KO_Sulli @dennyc444 @yang_yi_cn @Waymo @elonmusk @Tesla @NHTSA @NTSB @autopilot Without the promise of autonomy their stock price is nonsense. If you look at the analysts saying Tesla will continue to increase in value and be worth more than all car companies combined in a few years, their assumptions rely on FSD.", "likes_count": 2, "replies_count": 4, "retweets_count": 0, "hashtags": []}
{"id": 1218678561315467271, "date": "2020-01-18", "time": "18:36:25", "tweet": "@LucyStag Elon lives entirely off of government EV subsidies and NASA budget. Also Tesla is a shell supported only by accounting fraud and Musk regularly pumps the stock (which he dumps into). So he's pretty bad.", "likes_count": 0, "replies_count": 1, "retweets_count": 0, "hashtags": []}
{"id": 1218678324723175430, "date": "2020-01-18", "time": "18:35:29", "tweet": "Starting with Tesla and Apple stock", "likes_count": 0, "replies_count": 0, "retweets_count": 0, "hashtags": []}
{"id": 1218676245073817600, "date": "2020-01-18", "time": "18:27:13", "tweet": "Latest $TSLAQ threads:  🚗 Tesla’s largest institutional shareholder Baillie Gifford sees Tesla stock rising to $5000 per share   https://t.co/JG9BZ5Ujee", "likes_count": 0, "replies_count": 2, "retweets_count": 0, "hashtags": []}
{"id": 1218669435000504320, "date": "2020-01-18", "time": "18:00:09", "tweet": "Tesla's stock price has rallied 100% over the past three months and is now at an all-time high above $500 per share. #Tesla  https://t.co/NOrCWQiT6f", "likes_count": 0, "replies_count": 0, "retweets_count": 0, "hashtags": ["tesla"]}
{"id": 1218664282013020160, "date": "2020-01-18", "time": "17:39:41", "tweet": "@thirdrowtesla Free Tesla, use the money to buy Tesla stock", "likes_count": 1, "replies_count": 1, "retweets_count": 0, "hashtags": []}
{"id": 1218662526746935296, "date": "2020-01-18", "time": "17:32:42", "tweet": "What’s exciting about #Tesla is not only that it has proved that electric cars can work, but TSLA can change the world over and over again by improving distance, moving to other modes of transit, and other green opportunities. Stock to the moon?", "likes_count": 0, "replies_count": 0, "retweets_count": 0, "hashtags": ["tesla"]}
{"id": 1218660436226211841, "date": "2020-01-18", "time": "17:24:24", "tweet": "@VGrinshpun Yet Adam claims he shouldn’t lose TSLA to a tech Analyst😂🤡  nothing on a \"fundamental basis in the past three months (which has coincided with a more than doubling of the share price) to convince us that Tesla should no longer be valued as an auto stock.\" https://t.co/05BTImMDCy", "likes_count": 0, "replies_count": 0, "retweets_count": 0, "hashtags": []}
{"id": 1218658764892430337, "date": "2020-01-18", "time": "17:17:45", "tweet": "@WWconsumer @Tesla @ConsumerReports What may be happening here is some Wall Streeters and other anti-Tesla types are shorting Tesla's stock, and need new FUD to push the price way below $500 to make a profit or salvage their dire old short positions.", "likes_count": 1, "replies_count": 0, "retweets_count": 0, "hashtags": []}
{"id": 1218655352243343360, "date": "2020-01-18", "time": "17:04:12", "tweet": "Oh man. I predict a drop in Tesla stock.....  https://t.co/XkIYm22JZJ", "likes_count": 0, "replies_count": 0, "retweets_count": 0, "hashtags": []}
{"id": 1218655009874857984, "date": "2020-01-18", "time": "17:02:50", "tweet": "@LambdaViewer @Lockl34r Le temps de commander la jante et la recevoir. Il a éculé la jante dans le nid de poule. Et les garages ont rarement des jantes de Tesla en stock", "likes_count": 1, "replies_count": 0, "retweets_count": 0, "hashtags": []}
{"id": 1218650316117356545, "date": "2020-01-18", "time": "16:44:11", "tweet": "@Kromski1 @PaulChisholm Ya baby @Tesla best stock ever", "likes_count": 0, "replies_count": 0, "retweets_count": 0, "hashtags": []}
{"id": 1218644383844700160, "date": "2020-01-18", "time": "16:20:37", "tweet": "@TilmanWinkler @RichardKeppler1 @russ1mitchell Mostly I trust certain technical analysts who don't really care about tesla other than it being a stock ticker. Overall, most of them have traded this much better than bears or bulls. When $200M in calls 50pt OTM are bought over a week period, a move is likely.", "likes_count": 2, "replies_count": 1, "retweets_count": 0, "hashtags": []}
{"id": 1218642557447626753, "date": "2020-01-18", "time": "16:13:21", "tweet": "Just so everyone knows Tesla is going to disrupt lots of industries meaning a fundamental change in our lives that will be big $ for those who hold the stock. Think. Big oil, big auto, auto parts, auto insurance, advertising, etc. Shorts trying to drive TSLA down.", "likes_count": 0, "replies_count": 0, "retweets_count": 0, "hashtags": []}
{"id": 1218641503750361088, "date": "2020-01-18", "time": "16:09:10", "tweet": "@RichardKeppler1 @TilmanWinkler @russ1mitchell and anyone on fintwit who posts a chart of tesla or says anything about tesla stock price using a $tsla tag. The 'Chartists' as I call them. It's why I don't use the list, personally, but there was a vote and most users preferred it that way.", "likes_count": 3, "replies_count": 1, "retweets_count": 0, "hashtags": []}
{"id": 1218640331987718144, "date": "2020-01-18", "time": "16:04:31", "tweet": "Tesla and Spotify Stock Could Soar Tenfold, James Anderson Says - Barron's Here’s the real story. All you idiots selling after reading these bogus articles sponsored by the shorts like the one Consumer Reports wrote are going to regret selling.   https://t.co/hTDkFyBRSh", "likes_count": 0, "replies_count": 0, "retweets_count": 0, "hashtags": []}
{"id": 1218640231387344896, "date": "2020-01-18", "time": "16:04:07", "tweet": "@elonmusk @Tesla Kudos to the Tesla service center for this awesome move ! The rear left window got smashed in by someone, and they didn't have it in stock. So what they did they removed the glass from the Show room car to fix the customer's car.    https://t.co/RTiRzAvJaD", "likes_count": 0, "replies_count": 0, "retweets_count": 0, "hashtags": []}
{"id": 1218639833523863552, "date": "2020-01-18", "time": "16:02:32", "tweet": "Nice to see $TSLAQ judging the size of the third row seat in the car they said will never exist and is just a stock pump. #Tesla #ModelY  https://t.co/gNAUAC0yGs", "likes_count": 41, "replies_count": 3, "retweets_count": 4, "hashtags": ["tesla", "modely"]}
{"id": 1218639437728567298, "date": "2020-01-18", "time": "16:00:57", "tweet": "This is how the game works.  @Tesla stock goes through the roof...short-sellers begin betting against the stock...and like some form of scum-magic, there’s suddenly a massive problem with “unintended acceleration.”  Give me a break... 🙄", "likes_count": 0, "replies_count": 0, "retweets_count": 0, "hashtags": []}
{"id": 1218638306478444544, "date": "2020-01-18", "time": "15:56:28", "tweet": "@SpaceForceDoD @EsperDoD @SecAFOfficial @SpaceForceCSO @GenDaveGoldfein @DeptofDefense @usairforce Elon Musk shoots a Tesla into space and he's a hero for the future.  The Space Force saves money on uniforms by purchasing what is already in stock and they are villains for wearing camo...(as if we will be paroling space in the first place).  Strange times we live in.", "likes_count": 3, "replies_count": 1, "retweets_count": 0, "hashtags": []}
{"id": 1218637655711326209, "date": "2020-01-18", "time": "15:53:52", "tweet": "@elonmusk Is this referring to your stock price that's plummeting thanks to fake news about Tesla's accelerating on their own magicly? DEFEND YOUR COMPANY MAN!", "likes_count": 0, "replies_count": 0, "retweets_count": 0, "hashtags": []}
{"id": 1218636391724343296, "date": "2020-01-18", "time": "15:48:51", "tweet": "@verge ***Tesla stock short sellers (you’re welcome Verge)", "likes_count": 3, "replies_count": 0, "retweets_count": 0, "hashtags": []}
{"id": 1218636304390541314, "date": "2020-01-18", "time": "15:48:30", "tweet": "3 reports of accidents w/ Model 3, not all Tesla drivers' fault. 3 out of 7~800 delivered since Sept. seems high. Prob. a lot more in reality. Forum comments suggest:  1) no parts in stock in Japan. None. 2) Repairs are out-sourced. 3) Loaners provided were: Prius, Crown Hybrid.", "likes_count": 2, "replies_count": 0, "retweets_count": 1, "hashtags": []}
{"id": 1218632083821813760, "date": "2020-01-18", "time": "15:31:44", "tweet": "Analyst says Tesla Stock going to $6,000 ? What ? — Steemit  https://t.co/oGvaqihcXI #tsla $tsla #tesla @elonmusk @tesla #steem #steemit #china #offgrid", "likes_count": 1, "replies_count": 0, "retweets_count": 0, "hashtags": ["tsla", "tesla", "steem", "steemit", "china", "offgrid"]}
{"id": 1218631694216912896, "date": "2020-01-18", "time": "15:30:11", "tweet": "If you’re a regular viewer, you know Paul and I believe Tesla is a powerhouse company on track to become a $4,000 stock. #Tesla  https://t.co/d4codHLbNz", "likes_count": 0, "replies_count": 0, "retweets_count": 0, "hashtags": ["tesla"]}
{"id": 1218631623647748096, "date": "2020-01-18", "time": "15:29:54", "tweet": "@HbAlpaca @Gazzagunna @ClimateCritic18 @MRobertsQLD @EcoSenseNow Same whining that occurred about the profitability of internet companies in the 2000s. You didn't know that Tesla reported profits last quarter and its stock hit a new high? Not sure Elon needs your concern or guidance.", "likes_count": 0, "replies_count": 0, "retweets_count": 0, "hashtags": []}
{"id": 1218630641501249538, "date": "2020-01-18", "time": "15:26:00", "tweet": "NHTSA Reviewing Tesla Sudden Unintended Acceleration Claims - Consumer Reports I don’t understand how people could be that stupid to fall for these tricks. Shorts rely on stupid people and they find them. Go ahead sell...I’ll buy your stock at a bargain  https://t.co/3x5pd0CudT", "likes_count": 0, "replies_count": 0, "retweets_count": 0, "hashtags": []}
{"id": 1218629781908021249, "date": "2020-01-18", "time": "15:22:35", "tweet": "@28delayslater @azplaced @TeslaHistorian @ValueAnalyst1 @BarkMSmeagol Actually the stupid news and stock volatility got me into trading.  Before that I just liked Tesla and SpaceX.... Thanks Shorties I guess.", "likes_count": 1, "replies_count": 0, "retweets_count": 0, "hashtags": []}
{"id": 1218627889073152001, "date": "2020-01-18", "time": "15:15:04", "tweet": "Wow.... buying more Tesla stock on Monday. $tsla @elonmusk @TheTeslaShow @Tesla @TheTeslaLife", "likes_count": 2, "replies_count": 2, "retweets_count": 0, "hashtags": []}
{"id": 1218623542423457797, "date": "2020-01-18", "time": "14:57:48", "tweet": "As I've said many times in the past.  Buy the stock. And then make Tesla profitable by buying fsd, acceleration package etc.   Every car owner shd be a stock owner.  In the end, you will get more back.   $tsla. A new car and investment company.", "likes_count": 6, "replies_count": 1, "retweets_count": 0, "hashtags": []}
{"id": 1218622355645202432, "date": "2020-01-18", "time": "14:53:05", "tweet": "As with Tesla, they keep talking about the stock price and the China factory but ev cars sold in China are falling like a rock as is the number of ev's sold in the state of California.", "likes_count": 0, "replies_count": 1, "retweets_count": 0, "hashtags": []}
{"id": 1218621564037533701, "date": "2020-01-18", "time": "14:49:56", "tweet": "@AEONde @TeslaHistorian @ValueAnalyst1 @BarkMSmeagol @28delayslater ...capital). Both groups are deceived. Whilst the funding market remain open, tesla is safe. No accounting games can replace much needed capital raises. Until then trade the stock as separate to the company. Personally I find making money elsewhere far easier.", "likes_count": 0, "replies_count": 1, "retweets_count": 0, "hashtags": []}
{"id": 1218620370858790918, "date": "2020-01-18", "time": "14:45:11", "tweet": "@cleantechnica Questions to ask yourself: Assuming there is an issue, will Tesla be able to fix this? How will they fix it? How quickly? Cars get recalled all the time. There may be an outsized stock reaction, but it'll likely be temporary.", "likes_count": 4, "replies_count": 1, "retweets_count": 0, "hashtags": []}
{"id": 1218619776156594176, "date": "2020-01-18", "time": "14:42:50", "tweet": "@cynicpolitic Can only hope Twitter becomes a cult stock like Tesla and triples in a year 😆", "likes_count": 0, "replies_count": 1, "retweets_count": 0, "hashtags": []}
{"id": 1218619164413382661, "date": "2020-01-18", "time": "14:40:24", "tweet": "@Tesla Luckily my 15 year old son convinced me to buy 1 share of Tesla Stock when it dipped this summer. I Wish I had bought a lot more $TSLA #tesla  @ElonMuskNewsOrg @elonmusk @Teslarati @Model3Owners @Tesla", "likes_count": 1, "replies_count": 0, "retweets_count": 0, "hashtags": ["tesla"]}
{"id": 1218619024998748160, "date": "2020-01-18", "time": "14:39:51", "tweet": "@Tesla Luckily my 15 year old son convinced me to buy 1 share of Tesla Stock when it dipped this summer. I Wish I had bought a lot more $TSLA #tesla  @ElonMuskNewsOrg @elonmusk @Teslarati @Model3Owners @Tesla", "likes_count": 0, "replies_count": 0, "retweets_count": 0, "hashtags": ["tesla"]}
{"id": 1218618888075849729, "date": "2020-01-18", "time": "14:39:18", "tweet": "@Teslarati Luckily my 15 year old son convinced me to buy 1 share of Tesla Stock when it dipped this summer. I Wish I had bought a lot more $TSLA #tesla  @ElonMuskNewsOrg @elonmusk @Teslarati @Model3Owners @Tesla", "likes_count": 0, "replies_count": 0, "retweets_count": 0, "hashtags": ["tesla"]}
{"id": 1218618831406583809, "date": "2020-01-18", "time": "14:39:04", "tweet": "Luckily my 15 year old son convinced me to buy 1 share of Tesla Stock when it dipped this summer. I Wish I had bought a lot more $TSLA #tesla  @ElonMuskNewsOrg @elonmusk @Teslarati @Model3Owners @Tesla", "likes_count": 0, "replies_count": 0, "retweets_count": 0, "hashtags": ["tesla"]}
{"id": 1218618316681621504, "date": "2020-01-18", "time": "14:37:02", "tweet": "@Teslarati Luckily my 15 year old son convinced me to buy 1 share of Tesla Stock when it dipped this summer. I Wish I had bought a lot more $TSLA #tesla  @elonmusk", "likes_count": 0, "replies_count": 0, "retweets_count": 0, "hashtags": ["tesla"]}
{"id": 1218617825872531457, "date": "2020-01-18", "time": "14:35:05", "tweet": "Luckily my 15 year old son convinced me to buy 1 share of Tesla Stock when it dipped this summer. I Wish I had bought a lot more $TSLA #tesla @elonmusk  https://t.co/tNQAMgMAIU", "likes_count": 0, "replies_count": 0, "retweets_count": 0, "hashtags": ["tesla"]}
{"id": 1218616689249726464, "date": "2020-01-18", "time": "14:30:34", "tweet": "@GerberKawasaki @NTSB However.Tesla is toast. Stock up on butter! $TSLA $TSLAQ", "likes_count": 2, "replies_count": 0, "retweets_count": 0, "hashtags": []}
{"id": 1218614786973265920, "date": "2020-01-18", "time": "14:23:00", "tweet": "@GankPwnt @thirdrowtesla @elonmusk As a TSLA stock holder, I’m elated by the critique of other companies that the media has been saying will be Tesla killers for so many years.  It’s not about being negative about everything non-Tesla, its about expecting more from big auto.", "likes_count": 8, "replies_count": 0, "retweets_count": 2, "hashtags": []}
{"id": 1218614162265378816, "date": "2020-01-18", "time": "14:20:31", "tweet": "@vincent13031925 @PK2451167992 So sometime in Q1. Cool. I have been cautious in estimating China 2020 deliveries. However if deliveries reach anywhere near its potential Tesla and its stock will be off to serious races.", "likes_count": 1, "replies_count": 0, "retweets_count": 0, "hashtags": []}
{"id": 1218611842056101891, "date": "2020-01-18", "time": "14:11:18", "tweet": "@TESLAcharts @taylor_d_duran I remember how recently VW put monkeys in boxes and had them breath diesel exhaust to show the world how safe it is. Buying a stock can be reasoned beyond their books. I suspect purchasers of Tesla stock believe in their overall mission which the others don't care for", "likes_count": 0, "replies_count": 2, "retweets_count": 0, "hashtags": []}
{"id": 1218610144247857153, "date": "2020-01-18", "time": "14:04:33", "tweet": "#Stock_market_news \"You're stealing our water\": Germans protest against Tesla gigafactory  https://t.co/2x3xHXdJFc  https://t.co/U3dJgzsdcR  https://t.co/byaB0JA5D6", "likes_count": 0, "replies_count": 0, "retweets_count": 0, "hashtags": ["stock_market_news"]}
{"id": 1218609250798374918, "date": "2020-01-18", "time": "14:01:00", "tweet": "@argentumon @Schuldensuehner @welt Finally, growth vs decline: Tesla is a growth stock: production has doubled every two years consistently since they started and with no sign of stopping. That's something that is always going to get valued in the stock.  ...", "likes_count": 0, "replies_count": 1, "retweets_count": 0, "hashtags": []}
{"id": 1218605362800156680, "date": "2020-01-18", "time": "13:45:33", "tweet": "“Tesla is reckoned to be the most shorted company on the US stock markets.” Tanta gente a ver o óbvio.   https://t.co/9Cx3JXpgTW", "likes_count": 0, "replies_count": 0, "retweets_count": 0, "hashtags": []}
{"id": 1218604960260050945, "date": "2020-01-18", "time": "13:43:57", "tweet": "@SpodieDodie What you're saying is I should go get some tesla stock right quick while it's down lol", "likes_count": 0, "replies_count": 1, "retweets_count": 0, "hashtags": []}
{"id": 1218603775620997121, "date": "2020-01-18", "time": "13:39:15", "tweet": "Tesla is inoculated against FUD. Bearish Wall Street analysts have lost their effect on Tesla. Of late anytime they issue their strange negative reports on TSLA the stock hardly budge or end the trading day higher than before their note. Tesla has broken the FUD barrier for good.", "likes_count": 1, "replies_count": 0, "retweets_count": 0, "hashtags": []}
{"id": 1218601484218028033, "date": "2020-01-18", "time": "13:30:09", "tweet": "Unfortunately for nervy bulls eyeing their profits, Wall Street’s most heavily shorted stock finally has some bad news to digest. #Tesla  https://t.co/9iDYeht83i", "likes_count": 0, "replies_count": 0, "retweets_count": 0, "hashtags": ["tesla"]}
{"id": 1218600870876676101, "date": "2020-01-18", "time": "13:27:42", "tweet": "$TSLAQ #DumDum Stock price bro: $TSLA battery in 🇦🇺very bad, \"very expensive exercise relative to other options\"  Reality: \"South Australia's Tesla battery on track to make back a third of cost in a year\"   https://t.co/oWIkkhZcs6  🙄🤡 $TSLAQ 🤡🙄  https://t.co/8a3WEQJLK6", "likes_count": 1, "replies_count": 0, "retweets_count": 0, "hashtags": ["dumdum"]}
{"id": 1218595837409775617, "date": "2020-01-18", "time": "13:07:42", "tweet": "Tesla and Spotify Stock Could Soar Tenfold, James Anderson Says - Barron's  https://t.co/KUnzvMfHg0", "likes_count": 0, "replies_count": 0, "retweets_count": 0, "hashtags": []}
{"id": 1218593117156204545, "date": "2020-01-18", "time": "12:56:54", "tweet": "@mortchad @Teslatunity @UnpluggedTesla @SeasonedTech On my m3, I went with comfort coilovers by @MountainPassEV . With that, I was able to drop the car by 1\" (or lower) without affecting ride quality. The Comfort Coilovers are just as soft as stock, if not softer. It's more expensive than springs, but worth it IMO", "likes_count": 4, "replies_count": 2, "retweets_count": 0, "hashtags": []}
{"id": 1218592144996233217, "date": "2020-01-18", "time": "12:53:02", "tweet": "Stock Market Sets More Record Highs; Home Depot, Pinterest, Tesla, Twitter Key Movers  https://t.co/0JzNdnJjR2", "likes_count": 0, "replies_count": 0, "retweets_count": 0, "hashtags": []}
{"id": 1218590134423171074, "date": "2020-01-18", "time": "12:45:03", "tweet": "Get a free stock. Claim a stock now without investing ANY money first  https://t.co/oyz2oz4qf8 #teva #spce #GE #ford #tesla #wba #fit #apple #free", "likes_count": 0, "replies_count": 0, "retweets_count": 0, "hashtags": ["teva", "spce", "ge", "ford", "tesla", "wba", "fit", "apple", "free"]}
{"id": 1218589342534373378, "date": "2020-01-18", "time": "12:41:54", "tweet": "@ValueAnalyst1 @alex_avoigt VW should buy Tesla stock and emissions credits. Best use of capital by far. 😂", "likes_count": 9, "replies_count": 0, "retweets_count": 2, "hashtags": []}
{"id": 1218587014636941318, "date": "2020-01-18", "time": "12:32:39", "tweet": "Would really appreciate some support for my YouTube channel! Latest video is live l, talking about how wrong I was with Tesla stock  https://t.co/ByOeZeeR6v #youtubechannel #youtubesupport #tesla #elonmusk #investing", "likes_count": 0, "replies_count": 0, "retweets_count": 0, "hashtags": ["youtubechannel", "youtubesupport", "tesla", "elonmusk", "investing"]}
{"id": 1218584173423755264, "date": "2020-01-18", "time": "12:21:21", "tweet": "Tesla employees demand raise as company’s stock soars  https://t.co/YIhyXBLyuB", "likes_count": 0, "replies_count": 0, "retweets_count": 0, "hashtags": []}
{"id": 1218580443462692866, "date": "2020-01-18", "time": "12:06:32", "tweet": "And that's really it.  We can't stop the cycle of recession.  The mechanism has started and it has never been stopped.  What we can do?  Is profit from knowing the cycle is occurring.  But people just say you're negative, laugh, and buy Tesla stock.  Good luck with that.  https://t.co/TQyGjrBYNG", "likes_count": 2, "replies_count": 1, "retweets_count": 0, "hashtags": []}
{"id": 1218580365813698568, "date": "2020-01-18", "time": "12:06:13", "tweet": "Tesla Stock Drops After Elon Musk’s Emotional Interview With The NYT  https://t.co/fPwoYjttZV  https://t.co/BouVWsLhRU", "likes_count": 0, "replies_count": 0, "retweets_count": 0, "hashtags": []}
{"id": 1218579275441303552, "date": "2020-01-18", "time": "12:01:54", "tweet": "Most companies don't have investors betting against them and when they do it's normal for 3% to 8% of a company's stock to be shorted. At the start of 2020, more than 20% of Tesla stock was shorted #GlobalCarbonFeeAndDividendPetition  https://t.co/09OOYl4fXI", "likes_count": 1, "replies_count": 0, "retweets_count": 0, "hashtags": ["globalcarbonfeeanddividendpetition"]}
{"id": 1218579141936717830, "date": "2020-01-18", "time": "12:01:22", "tweet": "[Top Stories] Morgan Stanley Downgrades Tesla On Risk, Valuation Following Massive Stock Run  https://t.co/Xk7BWyC1Ao", "likes_count": 0, "replies_count": 0, "retweets_count": 0, "hashtags": []}
{"id": 1218579031391719424, "date": "2020-01-18", "time": "12:00:55", "tweet": "@elonmusk Brian Sparks shorted Tesla in May 19. Stock price was &lt;200", "likes_count": 2, "replies_count": 0, "retweets_count": 0, "hashtags": []}
{"id": 1218578917516357632, "date": "2020-01-18", "time": "12:00:28", "tweet": "¿Sabías que actualmente Tesla es la empresa automotriz americana más valiosa? #TRMX #BolsaMX #capital #stock #ClubdeTraders  https://t.co/jnreBej7kl", "likes_count": 26, "replies_count": 1, "retweets_count": 4, "hashtags": ["trmx", "bolsamx", "capital", "stock", "clubdetraders"]}
{"id": 1218578857285976064, "date": "2020-01-18", "time": "12:00:14", "tweet": "The stock is now down 1.1% to trade at $512.73, but has pared much of its intraday deficit after finding support at the 10-day mov #Tesla  https://t.co/XGOtZYuywG", "likes_count": 0, "replies_count": 0, "retweets_count": 0, "hashtags": ["tesla"]}
{"id": 1218578384848064512, "date": "2020-01-18", "time": "11:58:21", "tweet": "There is a lot to consider when thinking about Tesla stock but not all narratives are weighted equally.Long-term prospects for Tesla are good but there is no getting away from the recent exuberant and #tesla  https://t.co/g2eERno0ct  https://t.co/XbeRzkC6ZS", "likes_count": 2, "replies_count": 0, "retweets_count": 0, "hashtags": ["tesla"]}
{"id": 1218577975223996422, "date": "2020-01-18", "time": "11:56:44", "tweet": "Do you want to get a free stock share worth up to £100?  Create a Trading 212 Invest account using this link  https://t.co/cR1H6IFOK9 and we both get a free share! #trading212 #bitcoin #litecoin #stocks #shares #tesla #gold #referral #crypto", "likes_count": 0, "replies_count": 0, "retweets_count": 0, "hashtags": ["trading212", "bitcoin", "litecoin", "stocks", "shares", "tesla", "gold", "referral", "crypto"]}
{"id": 1218577384305238021, "date": "2020-01-18", "time": "11:54:23", "tweet": "@PeterTrader99 al depends on what Elon Musk does. Now Owns 19 Percent of Tesla Inc (TSLA) Stock ... he can create a short squeeze by freezing his shares  he can  write calls  to flood the market  he is a manipulator", "likes_count": 1, "replies_count": 0, "retweets_count": 0, "hashtags": []}
{"id": 1218577022559170563, "date": "2020-01-18", "time": "11:52:56", "tweet": "@GerberKawasaki This is strikingly similar to the way $TSLAQ and their Fake News media allies hoped to ruin #Tesla sales and $TSLA stock through \"demand cliff\" fearmongering. Fortunately, we had YOU and other good folks fighting back! 👍", "likes_count": 3, "replies_count": 1, "retweets_count": 0, "hashtags": ["tesla"]}
{"id": 1218575501981253633, "date": "2020-01-18", "time": "11:46:54", "tweet": "@Si Tesla stock 😊", "likes_count": 0, "replies_count": 1, "retweets_count": 0, "hashtags": []}
{"id": 1218575106743656449, "date": "2020-01-18", "time": "11:45:20", "tweet": "@agusnox @MMike2016 @alex_avoigt @fly4dat Yea except Tesla is making money. Lots of it, financially illiterate tslaQ just doesn’t understand. Stock comp and Depreciation of setting up shop mask huge gains and like when tslaQ was shocked when S margin skyrocketed after depreciation went away or spread out further..tic toc", "likes_count": 3, "replies_count": 1, "retweets_count": 0, "hashtags": []}
{"id": 1218575064536358912, "date": "2020-01-18", "time": "11:45:10", "tweet": "It's January 18, 2020 at 11:45AM Get a free stock. Claim a stock now without investing ANY money first  https://t.co/OdskiYeB0J #teva #spce #GE #ford #tesla #wba #fit #apple", "likes_count": 0, "replies_count": 0, "retweets_count": 0, "hashtags": ["teva", "spce", "ge", "ford", "tesla", "wba", "fit", "apple"]}
{"id": 1218573298012786690, "date": "2020-01-18", "time": "11:38:08", "tweet": "@Smartiewdw @elonmusk @Tesla You think elon is not aware? It is all by design to keep u away in order to cut costs for the benefit of the stock price.", "likes_count": 0, "replies_count": 0, "retweets_count": 0, "hashtags": []}
{"id": 1218564094271393792, "date": "2020-01-18", "time": "11:01:34", "tweet": "Tesla and Spotify Stock Could Soar Tenfold, James Anderson Says  https://t.co/4brpolkmsA", "likes_count": 0, "replies_count": 0, "retweets_count": 0, "hashtags": []}
{"id": 1218560922475814916, "date": "2020-01-18", "time": "10:48:58", "tweet": "@carp666 @TitoElBandito @WPipperger Funniest thing is, 3rd row is not the attraction of a model Y. It’s a bigger vehicle than model 3 but having the same technology or even better with lower price tag than competition~40k. Also, actual pump of Tesla stock happened because of the competition from legacies.  https://t.co/gn4GPEpnIM", "likes_count": 1, "replies_count": 2, "retweets_count": 0, "hashtags": []}
{"id": 1218558428416823296, "date": "2020-01-18", "time": "10:39:03", "tweet": "Tesla investors, beset by the fear of missing out, or FOMO, should relax. True, the stock has been on an incredible run, up more than 100% since the end of the third quarter, and up about 20% year to date....  https://t.co/5wEOUugct5", "likes_count": 0, "replies_count": 0, "retweets_count": 0, "hashtags": []}
{"id": 1218555819278700545, "date": "2020-01-18", "time": "10:28:41", "tweet": "$TSLA - Tesla Stock Has Come Too Far, Too Fast.  https://t.co/Z0xrVqs4M2", "likes_count": 0, "replies_count": 0, "retweets_count": 0, "hashtags": []}
{"id": 1218554674447515648, "date": "2020-01-18", "time": "10:24:08", "tweet": "Time to invest more in Tesla stock", "likes_count": 0, "replies_count": 0, "retweets_count": 0, "hashtags": []}
