{"id": 1322683862024146944, "date": "2020-10-31", "time": "19:36:21", "tweet": "What are your opinions on investing in stock of a \"person\". So instead of tesla or spacex or solar city you invest in elon as a person. #business #stock #investing", "likes_count": 0, "replies_count": 0, "retweets_count": 0, "hashtags": ["business", "stock", "investing"]}
{"id": 1322681459971395584, "date": "2020-10-31", "time": "19:26:48", "tweet": "@meryy_tesla كاينين غا هما غير الزغابا هذوك مكيديروش الشوهة في كارفور و بيم و افريقيا و ديك الشوهة لي شفنا في مارس كيتفرتكوا في الاسواق و مدخولهم يومي واخا يديروا الزحام باش يديروا stock الموارد الشحيحة فتمنعهم", "likes_count": 0, "replies_count": 1, "retweets_count": 0, "hashtags": []}
{"id": 1322666240733634561, "date": "2020-10-31", "time": "18:26:20", "tweet": "@ZachSLC Rate of return higher than mf tesla stock", "likes_count": 1, "replies_count": 0, "retweets_count": 0, "hashtags": []}
{"id": 1322663872050929664, "date": "2020-10-31", "time": "18:16:55", "tweet": "missed plays in stock market last year  1.tesla x10 2.easy jet x3 3.ocado x2", "likes_count": 1, "replies_count": 0, "retweets_count": 0, "hashtags": []}
{"id": 1322660245538222081, "date": "2020-10-31", "time": "18:02:31", "tweet": "@FirstNameTyson Lol at Tesla’s stock dropping for Elon taking a toke off a joint.", "likes_count": 0, "replies_count": 0, "retweets_count": 0, "hashtags": []}
{"id": 1322657872224882689, "date": "2020-10-31", "time": "17:53:05", "tweet": "@Austen This alone should be valued at $100-200bn. That Tesla stock is undervalued theory suddenly seems correct", "likes_count": 0, "replies_count": 0, "retweets_count": 0, "hashtags": []}
{"id": 1322657347102265346, "date": "2020-10-31", "time": "17:50:59", "tweet": "@CB4KKER I think I just layer an old Nikola Tesla power logo here with a stock scenic picture, so no credit on either layer.", "likes_count": 1, "replies_count": 0, "retweets_count": 0, "hashtags": []}
{"id": 1322653942946406407, "date": "2020-10-31", "time": "17:37:28", "tweet": "@happysnowhappy The more China exposure and the more future proof the stock is, the less you should worry.  Tesla may go down, but I wouldn’t be worried in the long.   EV are the future. Tesla makes a lot of its money in China.  I won’t sell a share and buy the dip.", "likes_count": 2, "replies_count": 1, "retweets_count": 0, "hashtags": []}
{"id": 1322652714510262272, "date": "2020-10-31", "time": "17:32:35", "tweet": "@Bullrun_Gravano crypto assets are no different from stock market. just because apple, tesla, google etc are obviously nice investments, it doesn't mean that other stocks will get left out.", "likes_count": 0, "replies_count": 0, "retweets_count": 0, "hashtags": []}
{"id": 1322650772224593921, "date": "2020-10-31", "time": "17:24:52", "tweet": "@jackbutcher Tesla stock for sure", "likes_count": 0, "replies_count": 0, "retweets_count": 0, "hashtags": []}
{"id": 1322640200682606592, "date": "2020-10-31", "time": "16:42:51", "tweet": "@Dinoraptor101 @Giga_Berlin @Tesla But first stock has to crash and burn", "likes_count": 0, "replies_count": 0, "retweets_count": 0, "hashtags": []}
{"id": 1322639696204320769, "date": "2020-10-31", "time": "16:40:51", "tweet": "been investing in tesla stock hope it blows up", "likes_count": 0, "replies_count": 1, "retweets_count": 0, "hashtags": []}
{"id": 1322635630086639616, "date": "2020-10-31", "time": "16:24:42", "tweet": "Covid stock is doing Tesla numbers in Oklahoma state stadium", "likes_count": 6, "replies_count": 0, "retweets_count": 0, "hashtags": []}
{"id": 1322635395113361413, "date": "2020-10-31", "time": "16:23:46", "tweet": "Tesla..What Can You Say!! #tesla #tsla #stock #stockmarket #options #money #cars #tech #technology  https://t.co/6Wk0Ua5FJX", "likes_count": 0, "replies_count": 0, "retweets_count": 0, "hashtags": ["tesla", "tsla", "stock", "stockmarket", "options", "money", "cars", "tech", "technology"]}
{"id": 1322629423238184960, "date": "2020-10-31", "time": "16:00:02", "tweet": "Tesla woos retail investors with stock split, shares rise  https://t.co/AIe95BHAeh", "likes_count": 0, "replies_count": 0, "retweets_count": 0, "hashtags": []}
{"id": 1322627556827406338, "date": "2020-10-31", "time": "15:52:37", "tweet": "People forget, we have been hyping up @KwityPaye_19 from DAY 1!!! This is what it must’ve felt like to buy stock in @Tesla in 2003.   Rhode Island represent!!!! Giving him all of our support as he asserts himself as one of the best defensive players in the country. #GoBlue", "likes_count": 1, "replies_count": 0, "retweets_count": 1, "hashtags": ["goblue"]}
{"id": 1322626026938224642, "date": "2020-10-31", "time": "15:46:32", "tweet": "@hikingskiing When we get a Tesla, my GF will be a Tesla girl. She just asked about Tesla chargers today and on Friday we talked about stock investments.", "likes_count": 6, "replies_count": 2, "retweets_count": 0, "hashtags": []}
{"id": 1322622007704518662, "date": "2020-10-31", "time": "15:30:34", "tweet": "@fadh_fadhi If you are investing in international stock exchange just make sure u invest in FAANG+T (fb,amazon,apple,netflex,goolg &amp; tesla) growth stock.", "likes_count": 0, "replies_count": 1, "retweets_count": 0, "hashtags": []}
{"id": 1322617032311861248, "date": "2020-10-31", "time": "15:10:48", "tweet": "$TSLA Record Deliveries and Earnings Make Tesla Stock One to Buy    https://t.co/olPZfthkT8", "likes_count": 35, "replies_count": 0, "retweets_count": 4, "hashtags": []}
{"id": 1322603061706149888, "date": "2020-10-31", "time": "14:15:17", "tweet": "@elonmusk my son bought a blue.. I think  2019 modle S with the self drive installed. He bought it from tesla stock he bought when it was low. So basically a free car.  He has made me a follower.  Well the defcon reviews swayed me..not to many get a passing grade at defcon.", "likes_count": 0, "replies_count": 0, "retweets_count": 0, "hashtags": []}
{"id": 1322593695594668039, "date": "2020-10-31", "time": "13:38:04", "tweet": "@elonmusk Tesla stock📈📈📈📈", "likes_count": 0, "replies_count": 0, "retweets_count": 0, "hashtags": []}
{"id": 1322593269281300480, "date": "2020-10-31", "time": "13:36:22", "tweet": "@etaymor @zvbfor3 @GerberKawasaki @jasonzweigwsj Lol- not sure I have the balls or the conviction ! I like my tesla stock a lot more", "likes_count": 0, "replies_count": 0, "retweets_count": 0, "hashtags": []}
{"id": 1322590847230042112, "date": "2020-10-31", "time": "13:26:45", "tweet": "Prediction: I think the Tesla stock will go up if Donald Trump loses the US elections.  $TSLA  https://t.co/bTXpOmBXvP", "likes_count": 0, "replies_count": 0, "retweets_count": 0, "hashtags": []}
{"id": 1322590207108030465, "date": "2020-10-31", "time": "13:24:12", "tweet": "Buy Beyond Meat Stock Because It’s Like Tesla? That’s Not as Crazy as It Sounds.   https://t.co/31vqd8GvWP via @BarronsOnline", "likes_count": 0, "replies_count": 0, "retweets_count": 0, "hashtags": []}
{"id": 1322580875771473920, "date": "2020-10-31", "time": "12:47:07", "tweet": "@squawksquare Tesla went from $300 to $500 on news of and implementation of a stock split which creates no value sometimes you never know.  Hoping it get backs to $300 so I can buy some more.  But there has been some really good news so it may not happen.", "likes_count": 0, "replies_count": 0, "retweets_count": 0, "hashtags": []}
{"id": 1322580506450391040, "date": "2020-10-31", "time": "12:45:39", "tweet": "@TinaDesireeBerg @BlakeLinton @wealth He does have Tesla stock, so he’s very invested. 🤷🏻‍♀️", "likes_count": 4, "replies_count": 1, "retweets_count": 0, "hashtags": []}
{"id": 1322577115880083456, "date": "2020-10-31", "time": "12:32:11", "tweet": "Tesla Inc. stock falls Friday, underperforms market  https://t.co/moTT4jdNAk", "likes_count": 0, "replies_count": 0, "retweets_count": 0, "hashtags": []}
{"id": 1322575576289464320, "date": "2020-10-31", "time": "12:26:04", "tweet": "If you would like to get a random FREE stock like NIKE, Apple, Tesla, etc up to $200   Then reply YES in the comments, or DM Yes.   I'm Aiming to help 100 Today! LET'S GO!", "likes_count": 2, "replies_count": 1, "retweets_count": 2, "hashtags": []}
{"id": 1322568018032021504, "date": "2020-10-31", "time": "11:56:02", "tweet": "@elonmusk why is Tesla stock so low rn ?", "likes_count": 0, "replies_count": 0, "retweets_count": 0, "hashtags": []}
{"id": 1322566358094221318, "date": "2020-10-31", "time": "11:49:26", "tweet": "Prolly buy another share of Tesla stock this week... 🤔", "likes_count": 0, "replies_count": 0, "retweets_count": 0, "hashtags": []}
{"id": 1322562830437003266, "date": "2020-10-31", "time": "11:35:25", "tweet": "Good reminder as Tesla stock is currently on sale.", "likes_count": 1, "replies_count": 0, "retweets_count": 0, "hashtags": []}
{"id": 1322556460258238464, "date": "2020-10-31", "time": "11:10:06", "tweet": "@garyblack00 And as always when something good for Tesla happens,  the stock will tank. Ffs", "likes_count": 0, "replies_count": 0, "retweets_count": 0, "hashtags": []}
{"id": 1322554405883944961, "date": "2020-10-31", "time": "11:01:56", "tweet": "We have a great range of Tesla's in stock, both Model S and Model X from £48,350. Full details including our finance calcalutor at  https://t.co/gXvZHW7dHz  https://t.co/LSbWAMwtcK", "likes_count": 0, "replies_count": 0, "retweets_count": 0, "hashtags": []}
{"id": 1322554005772509189, "date": "2020-10-31", "time": "11:00:21", "tweet": "@elonmusk Harness wind power in Teslas. Strategic turbines activated at freeway speeds. Energy creating energy. Long distance, less recharges. Semi would be monumental and fans would love the notion of electric and wind. If you agree, you can pay me in Tesla stock", "likes_count": 0, "replies_count": 0, "retweets_count": 0, "hashtags": []}
{"id": 1322548475389771776, "date": "2020-10-31", "time": "10:38:22", "tweet": "This is good.   I'm bearish Elon Musk.   Tesla stock price is too high imo? 😂", "likes_count": 0, "replies_count": 0, "retweets_count": 0, "hashtags": []}
{"id": 1322548041010872326, "date": "2020-10-31", "time": "10:36:39", "tweet": "TESLA..also sees the car..IN FRONT OF THE CAR..in front of you!  Tesla is not just car Co. or energy Co, or Solar Co. it's a phenomenal technology company.  When Biden wins..THIS is the STOCK to invest in. You don't have to be rich to buy a few shares..they'll multiply in time.", "likes_count": 0, "replies_count": 0, "retweets_count": 1, "hashtags": []}
{"id": 1322544284608974849, "date": "2020-10-31", "time": "10:21:43", "tweet": "I still wonder what the guys who bought bitcoin (and holding) at under 50 dollars must be feeling now. Massive massive returns.   BTC has offered the greatest return I have ever seen. I think Tesla stock too.", "likes_count": 1, "replies_count": 1, "retweets_count": 0, "hashtags": []}
{"id": 1322539105939542019, "date": "2020-10-31", "time": "10:01:09", "tweet": "@squawksquare Tesla stock took a dive because Tesla just sold 5 billion worth of shares with goldman sachs raising capital for Tesla.. Am sure this is temporary!", "likes_count": 0, "replies_count": 1, "retweets_count": 0, "hashtags": []}
{"id": 1322537596493336576, "date": "2020-10-31", "time": "09:55:09", "tweet": "@tesla_pup @28delayslater @Kristennetten Don’t be sad Chloe- spend those kibbles &amp; bits you saved and buy some more stock at $350.", "likes_count": 1, "replies_count": 0, "retweets_count": 0, "hashtags": []}
{"id": 1322537252573073408, "date": "2020-10-31", "time": "09:53:47", "tweet": "Tesla..What Can You Say!! #tesla #tsla #stock #stockmarket #options #money #cars #tech #technology  https://t.co/9db10jYtJ8", "likes_count": 0, "replies_count": 0, "retweets_count": 0, "hashtags": ["tesla", "tsla", "stock", "stockmarket", "options", "money", "cars", "tech", "technology"]}
{"id": 1322536351225532418, "date": "2020-10-31", "time": "09:50:12", "tweet": "NIO stock 📈📈 this whole year, not sure if they’ll be as great as Tesla but they’re on the right track", "likes_count": 1, "replies_count": 1, "retweets_count": 0, "hashtags": []}
{"id": 1322536232421859330, "date": "2020-10-31", "time": "09:49:44", "tweet": "$TSLA  Record Deliveries and Earnings Make Tesla Stock One to Buy   https://t.co/33IBEe0Cof", "likes_count": 2, "replies_count": 0, "retweets_count": 0, "hashtags": []}
{"id": 1322527671700594689, "date": "2020-10-31", "time": "09:15:42", "tweet": "I heard Tesla stock is overvalued 👀👀 that’s true?", "likes_count": 0, "replies_count": 0, "retweets_count": 0, "hashtags": []}
{"id": 1322524895566127105, "date": "2020-10-31", "time": "09:04:41", "tweet": "@GarandFr4nk @vincent13031925 Nice cliche. You are describing your own risk tolerance.  Apple Amazon Google now Tesla. Each one are single stock investments. I bought Apple at $0.50 adjusted price. Tesla at $37 adjusted.  Different risk tolerance.", "likes_count": 0, "replies_count": 1, "retweets_count": 0, "hashtags": []}
{"id": 1322521143157362688, "date": "2020-10-31", "time": "08:49:46", "tweet": "@TradingDime Is the only global EV company and could in a stock swap buy GM!!! If your cynical TESLA showed car companies how they could charge more for a car using technology as an add on. That said TSLAs lead will erode with the Germans now in the game.", "likes_count": 1, "replies_count": 1, "retweets_count": 0, "hashtags": []}
{"id": 1322517869893242880, "date": "2020-10-31", "time": "08:36:46", "tweet": "Tesla’s stock split: División de acciones de Tesla: esto es lo que necesita saber  https://t.co/g4yQszHnkI", "likes_count": 0, "replies_count": 0, "retweets_count": 0, "hashtags": []}
{"id": 1322515907705556992, "date": "2020-10-31", "time": "08:28:58", "tweet": "These Auto Stocks Have Crushed Earnings; 2 Are Outpacing Tesla Stock This Month #automotive #auto #autostocks #stockmarket #stockstowatch #stockmarketinvesting #earnings  https://t.co/xZmFYAUphf", "likes_count": 0, "replies_count": 0, "retweets_count": 0, "hashtags": ["automotive", "auto", "autostocks", "stockmarket", "stockstowatch", "stockmarketinvesting", "earnings"]}
{"id": 1322513132296818689, "date": "2020-10-31", "time": "08:17:56", "tweet": "Tesla stock pissing me off", "likes_count": 0, "replies_count": 0, "retweets_count": 0, "hashtags": []}
{"id": 1322512399287701504, "date": "2020-10-31", "time": "08:15:01", "tweet": "@henrikfisker Why do people think they will get rich in a few months in a stock like FSR. Go  back and look at the history of TESLA? It had extreme highs and lows through its beginning to market. Those who held from the onset are very well compensated. FSR will do the same for us. Patience!!", "likes_count": 0, "replies_count": 0, "retweets_count": 0, "hashtags": []}
{"id": 1322501734598672390, "date": "2020-10-31", "time": "07:32:39", "tweet": "@PQN_crypto @gregory_raymond @JimmyRagosa You can’t call ETH an asset and compare it to Gold, stock indexes, bonds or even Bitcoin. It’s like comparing against an individual stock. Tesla is not an asset. And ETH is more like one of Google moonshot projects at best.", "likes_count": 0, "replies_count": 0, "retweets_count": 0, "hashtags": []}
{"id": 1322491958661586946, "date": "2020-10-31", "time": "06:53:48", "tweet": "Tesla Super Ultra Bulls think 20m Tesla FSD EVs made in 2025 is possible. Let me know if you want in to this expanding Twitter list by Tweeting how or why 20m in 2025 is possible. 😁 Tesla stock to Mars!  https://t.co/EzrUOo0oHT", "likes_count": 5, "replies_count": 0, "retweets_count": 1, "hashtags": []}
{"id": 1322484184372432897, "date": "2020-10-31", "time": "06:22:54", "tweet": "@IndustrialPet \"The poor should sinply invest in Tesla\" - Reddit Stock Guys.", "likes_count": 1, "replies_count": 0, "retweets_count": 0, "hashtags": []}
{"id": 1322480329937031168, "date": "2020-10-31", "time": "06:07:35", "tweet": "Nio stock keeps climbing as Tesla stock drops.  https://t.co/yoELAeQFna", "likes_count": 2, "replies_count": 1, "retweets_count": 0, "hashtags": []}
{"id": 1322480160961159170, "date": "2020-10-31", "time": "06:06:55", "tweet": "@hardmoneynow @jonnajarian @tim_cook Do you hold Tesla stock? NVIDIA?", "likes_count": 1, "replies_count": 0, "retweets_count": 0, "hashtags": []}
{"id": 1322476291573063680, "date": "2020-10-31", "time": "05:51:32", "tweet": "@Gaelic_Neilson @tesla_raj @Tesla @elonmusk For the moment there are no good news from Tesla that are been reflected in the stock unfortunately.", "likes_count": 0, "replies_count": 0, "retweets_count": 0, "hashtags": []}
{"id": 1322475130287611905, "date": "2020-10-31", "time": "05:46:56", "tweet": "$TSLA's in Downtrend: Moving Average Convergence Divergence (MACD) Histogram crosses below signal line. View odds for this and other indicators:  https://t.co/bPEI8WlSgi #Tesla #stockmarket #stock #technicalanalysis #money #trading #investing #daytrading #news #today  https://t.co/fzmuLDsZDt", "likes_count": 0, "replies_count": 1, "retweets_count": 0, "hashtags": ["tesla", "stockmarket", "stock", "technicalanalysis", "money", "trading", "investing", "daytrading", "news", "today"]}
{"id": 1322474034559418368, "date": "2020-10-31", "time": "05:42:34", "tweet": "Why Tesla Stock Tumbled 6% on Friday   https://t.co/zSBInTcIB4", "likes_count": 0, "replies_count": 0, "retweets_count": 0, "hashtags": []}
{"id": 1322470612556783616, "date": "2020-10-31", "time": "05:28:59", "tweet": "@JasonGhent @Moneyboy3213 @vincent13031925 I currently hold 14 shares. I started to invest after stock split as I couldn't afford pre split price. Adding a share here and there aiming for 100 shares. I don't have much cash so the shares I own will be to buy my future tesla finance free", "likes_count": 1, "replies_count": 0, "retweets_count": 0, "hashtags": []}
{"id": 1322461401194156032, "date": "2020-10-31", "time": "04:52:22", "tweet": "How Billionaire Investor KNEW Tesla Stock Would 10x 🚀  https://t.co/nTeGbEB1np via @YouTube", "likes_count": 0, "replies_count": 0, "retweets_count": 0, "hashtags": []}
{"id": 1322461131571679232, "date": "2020-10-31", "time": "04:51:18", "tweet": "👍 on @YouTube: How Billionaire Investor KNEW Tesla Stock Would 10x 🚀  https://t.co/oHtFOtwPuA", "likes_count": 0, "replies_count": 0, "retweets_count": 0, "hashtags": []}
