{"id": 1254196938636955654, "date": "2020-04-25", "time": "19:53:46", "tweet": "Tesla..What Can You Say!! #tesla #tsla #stock #stockmarket #options #money #cars #tech #technology  https://t.co/VQVaqDc1TC", "likes_count": 0, "replies_count": 0, "retweets_count": 0, "hashtags": ["tesla", "tsla", "stock", "stockmarket", "options", "money", "cars", "tech", "technology"]}
{"id": 1254188657163907072, "date": "2020-04-25", "time": "19:20:52", "tweet": "3. Now Tesla's desirability is off the charts, both as a product and as a stock, with a market cap greater than Ford and GM combined.", "likes_count": 0, "replies_count": 1, "retweets_count": 0, "hashtags": []}
{"id": 1254179704208162816, "date": "2020-04-25", "time": "18:45:17", "tweet": "I purchased stock after @KneeOfTheCurve episode a couple of months back about Moderna....why am I sharing this?!?!? If you have not subscribed this channel. You should!   is MODERNA the TESLA of BIOTECH?? Stock Up 160%  https://t.co/zHdyBgAeNm via @YouTube", "likes_count": 3, "replies_count": 1, "retweets_count": 1, "hashtags": []}
{"id": 1254164288752644096, "date": "2020-04-25", "time": "17:44:02", "tweet": "Elon Musk 'pockets $650M as stock soars while 280 Tesla workers laid off to save $2M run out of ...  https://t.co/7wPdcXy9XB", "likes_count": 0, "replies_count": 0, "retweets_count": 0, "hashtags": []}
{"id": 1254160988603068418, "date": "2020-04-25", "time": "17:30:55", "tweet": "@torontohotspot2 @OMillionaires @liferiderone @saxena_puru No tesla stock? Thoughts on amazon being 2400s", "likes_count": 0, "replies_count": 1, "retweets_count": 0, "hashtags": []}
{"id": 1254154430506627072, "date": "2020-04-25", "time": "17:04:51", "tweet": "@SenSanders @taranrandhawa19 But thats an superficial argument. The increase in wealth of *some* billionaires was due to market changes. There was increase stock price of companies like amazon, tesla, and among others which makes sense. There are 10s of other billionaires who have lost billions due to covid.", "likes_count": 0, "replies_count": 1, "retweets_count": 0, "hashtags": []}
{"id": 1254153696599879680, "date": "2020-04-25", "time": "17:01:56", "tweet": "@JosephVVallace @narutium @ModelYendofICE @sejongkimesq @ICannot_Enough @justpaulinelol @AwesomeJassim @GerberKawasaki @SmokeyShorts @vincent13031925 Here is Tesla’s actual stock price versus the current Fair Value envelope through 2031  https://t.co/ZVqJLEoX0j", "likes_count": 12, "replies_count": 2, "retweets_count": 2, "hashtags": []}
{"id": 1254153404420517888, "date": "2020-04-25", "time": "17:00:47", "tweet": "@eWhispers @amazon @Tesla @Microsoft @AMD @Boeing @Facebook @SouthwestAir @3M @generalelectric @AmericanAir The absolute herd mentality at the moment, a company can claim bankruptcy and its stock price will still go up.", "likes_count": 12, "replies_count": 1, "retweets_count": 1, "hashtags": []}
{"id": 1254147567711145985, "date": "2020-04-25", "time": "16:37:35", "tweet": "Tesla $TSLA Stock Rating Lowered by Bank of America  https://t.co/0anx8V4O2t #markets", "likes_count": 0, "replies_count": 0, "retweets_count": 0, "hashtags": ["markets"]}
{"id": 1254146008981729280, "date": "2020-04-25", "time": "16:31:24", "tweet": "@nikitabier Freelance project - Wireframing task. Write a very valuable article on Medium. Day trade lol. Tesla or any volatile stock.", "likes_count": 0, "replies_count": 0, "retweets_count": 0, "hashtags": []}
{"id": 1254141884391284736, "date": "2020-04-25", "time": "16:15:00", "tweet": "@montana_skeptic Ah, of course.  I've been reading too many regular dealership F/S that typically don't carry their own paper and where a retail contract is reported similarly to a lease contract.    Tesla's whisper is too optimistic IMO, not that fundies matter to this stock.  Thanks!", "likes_count": 0, "replies_count": 0, "retweets_count": 0, "hashtags": []}
{"id": 1254138172419657730, "date": "2020-04-25", "time": "16:00:15", "tweet": "According to a report by Barron’s, Terry published a research note on Thursday predicting a bullish outlook for Amazon stock. #Tesla  https://t.co/v8GAuAzOZ2", "likes_count": 0, "replies_count": 0, "retweets_count": 0, "hashtags": ["tesla"]}
{"id": 1254136247330709505, "date": "2020-04-25", "time": "15:52:36", "tweet": "Increase in net worth this year: (based on stock gains)  Jeff Bezos: +$30.6 billion (Amazon)  Elon Musk:  +$11 billion (Tesla)  Steve Ballmer: +$5.3 billion (Microsoft)  Eric Yuan:  +$4.7 billion (Zoom)  Tobi Lutke:  +$2.1 billion (Shopify)  Reed Hastings: +$992 million (Netflix)", "likes_count": 82, "replies_count": 3, "retweets_count": 42, "hashtags": []}
{"id": 1254135886779990016, "date": "2020-04-25", "time": "15:51:10", "tweet": "Increase in net worth this year: (based on stock gains)  Jeff Bezos: +$30.6 billion (Amazon)  Elon Musk:  +$11 billion (Tesla)  Steve Ballmer: +$5.3 billion (Microsoft)  Eric Yuan:  +$4.7 billion (Zoom)  Tobi Lutke:  +$2.1 billion (Shopify)  Reed Hastings: +$992 million (Netflix)", "likes_count": 493, "replies_count": 7, "retweets_count": 150, "hashtags": []}
{"id": 1254131691893010433, "date": "2020-04-25", "time": "15:34:30", "tweet": "@SkepticalBaba @eWhispers @amazon @Tesla @Microsoft @AMD @Boeing @Facebook @SouthwestAir @3M @generalelectric @AmericanAir You mean before earnings? That's a coin flip at best, actually worse odds, unless the underlying stock move is massive:  https://t.co/RA65eMQsPP", "likes_count": 5, "replies_count": 2, "retweets_count": 0, "hashtags": []}
{"id": 1254129062064226304, "date": "2020-04-25", "time": "15:24:03", "tweet": "Elon Musk bought $45M in Tesla stock since 'that weed joke' — now it's worth double  https://t.co/Rcbizv6lzW via @thenextweb", "likes_count": 1, "replies_count": 0, "retweets_count": 0, "hashtags": []}
{"id": 1254123067585912832, "date": "2020-04-25", "time": "15:00:14", "tweet": "For the year to date, Tesla stock is up more than 70 percent. #Tesla  https://t.co/vllPNM12tY", "likes_count": 0, "replies_count": 0, "retweets_count": 0, "hashtags": ["tesla"]}
{"id": 1254112589833015296, "date": "2020-04-25", "time": "14:18:36", "tweet": "Let’s see if I can talk about @tesla stock to manipulate the price to skyrocket.   *I do not own and Tesla stock  #StellarLumens #WordOfMouth #ThisIsLudacris #AppleWatchMe", "likes_count": 0, "replies_count": 0, "retweets_count": 0, "hashtags": ["stellarlumens", "wordofmouth", "thisisludacris", "applewatchme"]}
{"id": 1254107911737028608, "date": "2020-04-25", "time": "14:00:01", "tweet": "I ended up muting so many tesla outlets (third row, tesmanian) just so I could see general car stuff in car culture and not shit about an inflated stock based on a niche luxury company  And  Apparently that made Twitter decide I don't want to see car culture", "likes_count": 5, "replies_count": 1, "retweets_count": 0, "hashtags": []}
{"id": 1254103041650970625, "date": "2020-04-25", "time": "13:40:39", "tweet": "@cliffski Bung him some Tesla stock to make him happy 😉", "likes_count": 1, "replies_count": 0, "retweets_count": 0, "hashtags": []}
{"id": 1254096405674819592, "date": "2020-04-25", "time": "13:14:17", "tweet": "@QuodSemper @elonmusk @thirdrowtesla @Tesla @Teslarati @ToscaMusk @kimbal @mayemusk @Timccopeland @zosegal @bbands It is pretty cool that he has Dogecoin in his profile. Would love to see the coin take off like his Tesla stock has. Back in 2011 it was 28 bucks. Today it’s over 700 and was over 900. Over 3000% and it has sky rocketed a lot in the last year.  Take #dogecoin with you Elon!!!  https://t.co/AQy5QQIvE6", "likes_count": 4, "replies_count": 2, "retweets_count": 0, "hashtags": ["dogecoin"]}
{"id": 1254096404433289216, "date": "2020-04-25", "time": "13:14:17", "tweet": "@SHSGPodcast @fighteer1 @thirdrowtesla @elonmusk No doubt, without NASA SpaceX would not exist. I would be retired in 20-30 years, but taking a space vacation would be an investment I’d be willing to make. Hopefully my $Tesla stock would pay for it 😁", "likes_count": 0, "replies_count": 0, "retweets_count": 0, "hashtags": []}
{"id": 1254096386985000961, "date": "2020-04-25", "time": "13:14:13", "tweet": "@DMZilla Grats! Maybe, but first maybe buy Tesla options this Monday then sell after earnings 3 days later OR after Battery Day in May. Unclear which way stock goes after earnings, but overall situation for Tesla is very strong.", "likes_count": 0, "replies_count": 1, "retweets_count": 0, "hashtags": []}
{"id": 1254090535742001157, "date": "2020-04-25", "time": "12:50:58", "tweet": "Elon Musk bought 45M in Tesla stock since that weed  https://t.co/xYU6Puqwik  https://t.co/OzjW5jKM4Y", "likes_count": 0, "replies_count": 0, "retweets_count": 0, "hashtags": []}
{"id": 1254089131619221505, "date": "2020-04-25", "time": "12:45:23", "tweet": "Get a free stock. Claim a stock now without investing ANY money first  https://t.co/oyz2oz4qf8 #teva #spce #GE #ford #tesla #wba #fit #apple #free", "likes_count": 0, "replies_count": 0, "retweets_count": 0, "hashtags": ["teva", "spce", "ge", "ford", "tesla", "wba", "fit", "apple", "free"]}
{"id": 1254087813273960449, "date": "2020-04-25", "time": "12:40:09", "tweet": "Ken Griffin. Huge!  Citadel Discloses Huge Stake in Tesla Stock  https://t.co/b6RX7AU9RE via @BarronsOnline", "likes_count": 0, "replies_count": 0, "retweets_count": 0, "hashtags": []}
{"id": 1254083924537618435, "date": "2020-04-25", "time": "12:24:42", "tweet": "@hks55 Don't u think tesla ..space x..  perhaps cia...deep state..he is a golden boy. Stock should have tanked long ago....has to have a fairy  Godmother?", "likes_count": 0, "replies_count": 0, "retweets_count": 0, "hashtags": []}
{"id": 1254077781580775425, "date": "2020-04-25", "time": "12:00:17", "tweet": "GM stock is off its March 18 coronavirus low of 14.32 but below the 50-day line. #Tesla  https://t.co/8KCLR2IxEn", "likes_count": 0, "replies_count": 0, "retweets_count": 0, "hashtags": ["tesla"]}
{"id": 1254074064995602434, "date": "2020-04-25", "time": "11:45:31", "tweet": "It's April 25, 2020 at 11:45AM Get a free stock. Claim a stock now without investing ANY money first  https://t.co/OdskiYeB0J #teva #spce #GE #ford #tesla #wba #fit #apple", "likes_count": 0, "replies_count": 0, "retweets_count": 0, "hashtags": ["teva", "spce", "ge", "ford", "tesla", "wba", "fit", "apple"]}
{"id": 1254068273173299200, "date": "2020-04-25", "time": "11:22:30", "tweet": "@meeDamian @elonmusk His options package at Tesla is criminal. He is literally fleecing people who purchase tsla common stock. A company which even after all this time earns no profit at all. I think he’s a genius but the common shares are a scam, especially when you look at his comp package.", "likes_count": 1, "replies_count": 0, "retweets_count": 0, "hashtags": []}
{"id": 1254067607956680711, "date": "2020-04-25", "time": "11:19:51", "tweet": "Elon Musk bought $45M in Tesla stock since ‘that weed joke’ — now it’s worth double  https://t.co/kd3tB1JevM", "likes_count": 39, "replies_count": 3, "retweets_count": 7, "hashtags": []}
{"id": 1254067282373947393, "date": "2020-04-25", "time": "11:18:34", "tweet": "@ChoeTrades Tesla and Uber stock.", "likes_count": 0, "replies_count": 1, "retweets_count": 0, "hashtags": []}
{"id": 1254064919277826048, "date": "2020-04-25", "time": "11:09:10", "tweet": "@elonmusk please share to help@our my family. We are all in this together! Tesla stock holder and believer in the future. We appreciate you! Feather this nest  https://t.co/oygWEbraym", "likes_count": 0, "replies_count": 0, "retweets_count": 0, "hashtags": []}
{"id": 1254058583328612352, "date": "2020-04-25", "time": "10:44:00", "tweet": "Robinhood is adding Fractional Shares, which lets you invest in thousands of stocks with as little as $1. Sign up with my link so we can both get a stock like Apple, Tesla, or Facebook for free!  https://t.co/6GCzK6HLdd", "likes_count": 0, "replies_count": 0, "retweets_count": 0, "hashtags": []}
{"id": 1254058118918606853, "date": "2020-04-25", "time": "10:42:09", "tweet": "@elonmusk When will Tesla be amazon stock price?", "likes_count": 0, "replies_count": 0, "retweets_count": 0, "hashtags": []}
{"id": 1254051647896072197, "date": "2020-04-25", "time": "10:16:26", "tweet": "@HealthyDaz @Bitcoinlennon Tesla is a story stock with a potential great future. Seriously overvalued at its current price but everyone piles into the same stocks trying to catch the next amazon. For Tesla you need to look beyond car production imo", "likes_count": 0, "replies_count": 0, "retweets_count": 0, "hashtags": []}
{"id": 1254048682661429248, "date": "2020-04-25", "time": "10:04:39", "tweet": "@eshow1969 @TESLAcharts @RiyadhRaveScene @twnutt So has Tesla Stock.", "likes_count": 0, "replies_count": 0, "retweets_count": 0, "hashtags": []}
{"id": 1254048668505608197, "date": "2020-04-25", "time": "10:04:36", "tweet": "@pmullr @elonmusk If you know what's ahead of Tesla; if you know their abilities, insane extent of their ambition, and current+future portfolio, what rational person would delay buying their stock at whatever price it is at right now?", "likes_count": 1, "replies_count": 2, "retweets_count": 0, "hashtags": []}
{"id": 1254044359655374850, "date": "2020-04-25", "time": "09:47:29", "tweet": "@cheeky_monkey36 @John_Stepek Tesla will be a leading car/battery player no doubt. The whole US stock market is in a bubble currently.", "likes_count": 0, "replies_count": 0, "retweets_count": 0, "hashtags": []}
{"id": 1254039052640227329, "date": "2020-04-25", "time": "09:26:23", "tweet": "Elon Musk 'pockets $650M as stock soars while 280 Tesla workers laid off to save $2M run out of money, time and hope'  https://t.co/207JrYWFET", "likes_count": 0, "replies_count": 0, "retweets_count": 0, "hashtags": []}
