{"id": 1452061566581579776, "date": "2021-10-23", "time": "19:57:10", "tweet": "@SawyerMerritt You’ve got to be an idiot to lose money on @Tesla stock. That’s takes special skill. How do you even do that without trying? Must be some kind of financial genius. 😂🤣 @GordonJohnson19", "likes_count": 0, "replies_count": 0, "retweets_count": 0, "hashtags": []}
{"id": 1452060670644473856, "date": "2021-10-23", "time": "19:53:36", "tweet": "@WholeMarsBlog figured Pelosi would put a stop to this since she has Tesla stock", "likes_count": 0, "replies_count": 0, "retweets_count": 0, "hashtags": []}
{"id": 1452059174523781121, "date": "2021-10-23", "time": "19:47:39", "tweet": "@Beniko26020660 I have several TESLA T-shirts hats car stock options TESLA tequila, but no jacket, I guess I am just a circus Bear 🐻  https://t.co/ObcwbDDJ8U", "likes_count": 1, "replies_count": 1, "retweets_count": 0, "hashtags": []}
{"id": 1452058951147794435, "date": "2021-10-23", "time": "19:46:46", "tweet": "@Slate @VICENews You guys should cover Elon's cyber stalking army breaking every rule in the book to protect Tesla stock price", "likes_count": 0, "replies_count": 0, "retweets_count": 0, "hashtags": []}
{"id": 1452057201225478150, "date": "2021-10-23", "time": "19:39:49", "tweet": "@TESLAcharts The stock price should be removed from user safety. Period. Full stop. And, so should the privacy concerns of all the metadata collected by Teslas on non Tesla passengers and cars surrounding the car.", "likes_count": 1, "replies_count": 0, "retweets_count": 0, "hashtags": []}
{"id": 1452056407751135236, "date": "2021-10-23", "time": "19:36:40", "tweet": "@WR4NYGov I have that T Shirt in my closet ready to wear. I’m just debating when do you “officially” become a Teslanaire?  Is it when your Tesla stock is valued at $1,000,000 gross or $1,000,000 net of your basis?", "likes_count": 1, "replies_count": 0, "retweets_count": 0, "hashtags": []}
{"id": 1452055627187040262, "date": "2021-10-23", "time": "19:33:34", "tweet": "Slogan and motto would be somewhat like do you want to support in an awesome way, want to trade in your stock for a brand new truck. I have big plans for you all at tesla I'm not a shareholder.", "likes_count": 0, "replies_count": 1, "retweets_count": 0, "hashtags": []}
{"id": 1452055064751878148, "date": "2021-10-23", "time": "19:31:19", "tweet": "@tesla_lion @TeslaAndBitcoin I don’t think she’s saying not to empathize. But it gets old especially at a party. Let’s say you are rich from $TSLA stock, healthy and work is now a “hobby” that you choose (rather than “have to put up with” + fear being fired). All you can do is listen or others resent you.", "likes_count": 10, "replies_count": 0, "retweets_count": 0, "hashtags": []}
{"id": 1452054120051863552, "date": "2021-10-23", "time": "19:27:34", "tweet": "@JaxxDynamite I meant to ask too, if you plan on keeping the Tesla stock? Or plan on doing something like a wrap on it. Also when you reach peak (baller)will you I still fool with us peons?!😂😂😂 #DreamCar", "likes_count": 0, "replies_count": 0, "retweets_count": 0, "hashtags": ["dreamcar"]}
{"id": 1452054112091217920, "date": "2021-10-23", "time": "19:27:32", "tweet": "@EvanAntoni0 Bobbing for Tesla stock", "likes_count": 1, "replies_count": 0, "retweets_count": 0, "hashtags": []}
{"id": 1452051261465956357, "date": "2021-10-23", "time": "19:16:13", "tweet": "@SawyerMerritt i think he owns tesla stock and he is just shit talking cause someone is paying him a lot of money todo so", "likes_count": 0, "replies_count": 0, "retweets_count": 0, "hashtags": []}
{"id": 1452049882768760832, "date": "2021-10-23", "time": "19:10:44", "tweet": "@tesla_stock_ 이것이 좆본의 수도권에 거주하는 갓노자들", "likes_count": 0, "replies_count": 0, "retweets_count": 0, "hashtags": []}
{"id": 1452045324298690563, "date": "2021-10-23", "time": "18:52:37", "tweet": "@lorakolodny When will people wake up to the disgusting misogyny of Tesla stock owners posting attacks against anyone viewed as potentially hurting their stock. (The shittier the company, the worse the stock touts!)  https://t.co/aRXLSR37zL", "likes_count": 2, "replies_count": 0, "retweets_count": 0, "hashtags": []}
{"id": 1452042951916277760, "date": "2021-10-23", "time": "18:43:12", "tweet": "@fundstrat Macro wise we have a mkt similar to around 1988 wherein PPI is breaking out after decade+ of consolidation .. this inflation is good and not stagflation .. we shud see years and perhaps decade of stock mkt run .. with possibility of manufac cos (tesla?) Doing exceptional .", "likes_count": 0, "replies_count": 0, "retweets_count": 0, "hashtags": []}
{"id": 1452042568095735813, "date": "2021-10-23", "time": "18:41:40", "tweet": "Tesla is doing me good right now all time high stock price🤭", "likes_count": 0, "replies_count": 0, "retweets_count": 0, "hashtags": []}
{"id": 1452042253531291653, "date": "2021-10-23", "time": "18:40:25", "tweet": "@William96977815 @Noonwalker4 @heydave7 @TeslaPodcast @elonmusk A stock like Tesla could literally trade for $3,000 a share tomorrow its all sentiment driven, its shareholder base are lunatics like Gali and people who watch him - so you see 3x CRAZY is still CRAZY.....you wouldnt play gin rummy in a lunatic asylum...so dont short $TSLA", "likes_count": 0, "replies_count": 1, "retweets_count": 0, "hashtags": []}
{"id": 1452041327647109126, "date": "2021-10-23", "time": "18:36:44", "tweet": "@GBP_HS I get your point but investing is not an altruistic pursuit, just my opinion. Is it possible in your mind that Tesla may do well for humanity but Facebook stock might do better over 10 years?", "likes_count": 1, "replies_count": 1, "retweets_count": 0, "hashtags": []}
