{"id": 1449524880605646854, "date": "2021-10-16", "time": "19:57:17", "tweet": "Tesla Will Probably Beat Earnings Estimates. Why the Stock Might Not Move.  https://t.co/ETMchDwerU", "likes_count": 0, "replies_count": 0, "retweets_count": 0, "hashtags": []}
{"id": 1449524139165945856, "date": "2021-10-16", "time": "19:54:20", "tweet": "@hikingskiing Same here 😝!  One of my friends asked me to sell my #Tesla stock and buy #Bitcoin instead last November when it was around $9000. I refused and never regretted it even though my profile is a lot less for short period of time 😝😝😝!!!", "likes_count": 1, "replies_count": 1, "retweets_count": 0, "hashtags": ["tesla", "bitcoin"]}
{"id": 1449523286073823233, "date": "2021-10-16", "time": "19:50:56", "tweet": "@TeslaAIBot @Tesla Yes!!!! I think they need to stock split too, I'd buy the 💩out of 85$ Tesla stock", "likes_count": 1, "replies_count": 0, "retweets_count": 0, "hashtags": []}
{"id": 1449522565488254985, "date": "2021-10-16", "time": "19:48:05", "tweet": "Elon Musk Gets Almost $13 Billion Richer In One Week As Tesla Stock Hits 8-Month High via @forbes  https://t.co/fK8HlWQlQE #Republicans won't Tax The Rich. #JoeBiden &amp; #Democrat Former #Union Official now Labor Secretary #MartyWalsh Wil Support #Unions &amp; Share #UnitedStates wealth", "likes_count": 0, "replies_count": 0, "retweets_count": 0, "hashtags": ["republicans", "joebiden", "democrat", "union", "martywalsh", "unions", "unitedstates"]}
{"id": 1449521061280632832, "date": "2021-10-16", "time": "19:42:06", "tweet": "@Real_Futurist @je_turcotte @elonmusk Tesla 100% needs a union. Stock options or not. Most people sell their stock as soon as they get to make ends meet. You have a very limited view of the average tesla employee.", "likes_count": 0, "replies_count": 1, "retweets_count": 0, "hashtags": []}
{"id": 1449518246726619137, "date": "2021-10-16", "time": "19:30:55", "tweet": "@CharioBro I've been putting everything I could into tesla stock and stopped recently on the run up,  but might as well keep on adding little by little", "likes_count": 2, "replies_count": 0, "retweets_count": 0, "hashtags": []}
{"id": 1449518215919439873, "date": "2021-10-16", "time": "19:30:48", "tweet": "@XJRFANATIC @Noooooooo @KoguanLeo @Tesla You know that #Tesla stock was falling down continuously 11 days in early May from all time high $900/S, and still I didn’t sell one share for short 😂😁😝!", "likes_count": 0, "replies_count": 0, "retweets_count": 0, "hashtags": ["tesla"]}
{"id": 1449517877082660865, "date": "2021-10-16", "time": "19:29:27", "tweet": "@BradMunchen It's sociopathic projection. ~60% of #Tesla cultists have &gt;50% of their net worth in $TSLA stock. Therefore, they think $TSLAQ is also all about stonk price and investing one's \"family savings\" into a position...  https://t.co/qES0JPbkVD", "likes_count": 14, "replies_count": 1, "retweets_count": 0, "hashtags": ["tesla"]}
{"id": 1449517453214507023, "date": "2021-10-16", "time": "19:27:46", "tweet": "I used options to buy Tesla Stock at a discount  https://t.co/TG2ITWuLzV via @YouTube", "likes_count": 1, "replies_count": 0, "retweets_count": 0, "hashtags": []}
{"id": 1449516973088514052, "date": "2021-10-16", "time": "19:25:51", "tweet": "@XJRFANATIC @Noooooooo @KoguanLeo @Tesla And I also think that by 2030, one #Tesla stock can buy a #Tesla Model Y, and even so I’m not going to sell even one share 😝😁😂!!!", "likes_count": 3, "replies_count": 1, "retweets_count": 0, "hashtags": ["tesla", "tesla"]}
{"id": 1449516161838862338, "date": "2021-10-16", "time": "19:22:38", "tweet": "@XJRFANATIC @Noooooooo @KoguanLeo @Tesla I believe that #Tesla will be bigger than #Apple + #amzon + #Google + #Microsoft by 2030, and #Tesla stock price will be more than $30000 for sure 😂😂😂👍!", "likes_count": 4, "replies_count": 1, "retweets_count": 0, "hashtags": ["tesla", "apple", "amzon", "google", "microsoft", "tesla"]}
{"id": 1449515444298211334, "date": "2021-10-16", "time": "19:19:47", "tweet": "@ThePrimalDino I've got a feeling Tesla stock is pretty overpriced at the moment, I can't see their valuation staying as high as it is tbh. They are worth more than the next 20 biggest car companies combined, they are a great company but are they really better than all the others combined?", "likes_count": 0, "replies_count": 2, "retweets_count": 0, "hashtags": []}
{"id": 1449513400199831559, "date": "2021-10-16", "time": "19:11:39", "tweet": "Just like buying Tesla stock that secure. Finance freedom is on the way to us.", "likes_count": 1, "replies_count": 0, "retweets_count": 1, "hashtags": []}
{"id": 1449507974582468608, "date": "2021-10-16", "time": "18:50:06", "tweet": "@TeslaJLP @ValueAnalyst1 @RemindMe_OfThis 2/2 in Tesla. I KNOW the stock will rise, but it’s a long game with EVERYONE now wanting batteries and chips. So, if you know that this may be a three year wait, you’re golden. But if you’re hoping the stock will hit $1,000 before a correction dip, you’re taking a risky ride.", "likes_count": 0, "replies_count": 1, "retweets_count": 0, "hashtags": []}
{"id": 1449507190138564609, "date": "2021-10-16", "time": "18:46:59", "tweet": "@bburnworth @josephDumass @boononanee I agree  this market pricing is way wrong.  But if I assign an 85% probability Tesla closes  at 1724 in March 2023, if I buy these options &amp; the stock closes at 1724, I lose everything, even though the stock doubled.  If I buy at max margin, I quadruple my money, with less  risk.", "likes_count": 2, "replies_count": 2, "retweets_count": 0, "hashtags": []}
{"id": 1449506570144997385, "date": "2021-10-16", "time": "18:44:31", "tweet": "I TOLD YOU NOT TO SELL MY TESLA STOCK!!", "likes_count": 0, "replies_count": 0, "retweets_count": 0, "hashtags": []}
{"id": 1449503917960749057, "date": "2021-10-16", "time": "18:33:59", "tweet": "@Model3Owners I hope Tesla will be bigger than vw. That’s one reason I brought stock in Tesla. And not in vw a company that gave us Diesel gate. Sometimes the old companies must die off.", "likes_count": 0, "replies_count": 0, "retweets_count": 0, "hashtags": []}
{"id": 1449501949162819587, "date": "2021-10-16", "time": "18:26:09", "tweet": "— #BITCOIN TO 120K END OF YEAR — RISK/REWARD OF OPTIONS  — 50 TO TESLA UPDATE   — WHY $RIOT ISNT MOVIN WITH #BTC  — PENNY STOCKS TO WATCH  — 10X STOCK FOR 2022-2023  — BULL MARKET CONFIRMED     https://t.co/FOjwZotvGv", "likes_count": 25, "replies_count": 1, "retweets_count": 1, "hashtags": ["bitcoin", "btc"]}
{"id": 1449500033511038981, "date": "2021-10-16", "time": "18:18:33", "tweet": "Gene Munster on how to trade Tesla stock  https://t.co/wCMLq62iDD", "likes_count": 0, "replies_count": 0, "retweets_count": 0, "hashtags": []}
{"id": 1449498853271552008, "date": "2021-10-16", "time": "18:13:51", "tweet": "@atiwary It’s hard to apply a narrative but I’ll take a risk-on rally in Quad 2 for “stock is product” companies like Tesla and PLUG", "likes_count": 1, "replies_count": 0, "retweets_count": 0, "hashtags": []}
{"id": 1449496921391828993, "date": "2021-10-16", "time": "18:06:11", "tweet": "Musk Trolls Bezos Over Wealth. He Could Have Talked About Tesla Stock Outperforming Amazon. - Barron's  https://t.co/wthBKEQNPa", "likes_count": 0, "replies_count": 0, "retweets_count": 0, "hashtags": []}
{"id": 1449496493153341440, "date": "2021-10-16", "time": "18:04:28", "tweet": "Tesla Stock Is About To AWAKEN (warning) 🚀  https://t.co/zlIcJGoOYI via @YouTube", "likes_count": 0, "replies_count": 0, "retweets_count": 0, "hashtags": []}
{"id": 1449496243957284869, "date": "2021-10-16", "time": "18:03:29", "tweet": "@teshen8lin @vincent13031925 Most of them say Tesla is not a stock to own. I trust the result", "likes_count": 1, "replies_count": 0, "retweets_count": 0, "hashtags": []}
{"id": 1449495575821524998, "date": "2021-10-16", "time": "18:00:50", "tweet": "@richtopoorlol @itscharliemar Tesla most people buying Tesla stock don’t care about its valuation that much they see a successful company doing great things and want a piece I do agree it will probably crash but it will rebound no reason why Tesla would fail totally", "likes_count": 1, "replies_count": 0, "retweets_count": 0, "hashtags": []}
{"id": 1449488518024097793, "date": "2021-10-16", "time": "17:32:47", "tweet": "Literally all of @elonmusk's money is in #TeslaStock.  Hey @wallstreetbets, want to actually do something? Sell all your Tesla and dont buy it. Then watch dominos", "likes_count": 0, "replies_count": 0, "retweets_count": 0, "hashtags": ["teslastock"]}
{"id": 1449484372239921157, "date": "2021-10-16", "time": "17:16:19", "tweet": "@ValueAnalyst1 95% of the fossil fuel industry's wealth and internal combustion engine makers wealth will move over to renewable and electric car companies this decade! The stock market has awarded Tesla winner of EVs, the next 10x for Tesla is when they realize they're the autonomy winner too!", "likes_count": 2, "replies_count": 0, "retweets_count": 1, "hashtags": []}
{"id": 1449483247335854084, "date": "2021-10-16", "time": "17:11:50", "tweet": "Vous l'avez rêvé, ils l'ont fait pour le Rock en Stock : Anthrax, Bonobo, Tesla Boy et la Grosse Moula. Enfin des news qui rendent le smile 😊 #festival #lineup  https://t.co/TKCnwOYW0t", "likes_count": 0, "replies_count": 0, "retweets_count": 0, "hashtags": ["festival", "lineup"]}
{"id": 1449481114523942912, "date": "2021-10-16", "time": "17:03:22", "tweet": "Fact:   August 11th, 2020 Tesla announced a 5:1 stock split —   😉✨  https://t.co/GePF2euhG3", "likes_count": 123, "replies_count": 14, "retweets_count": 2, "hashtags": []}
{"id": 1449474568960180224, "date": "2021-10-16", "time": "16:37:21", "tweet": "What a week for @Tesla stock -- and @elonmusk  's fortune. The gap between Musk and @JeffBezos got billions of dollars wider. via @forbes @HankTucker13 $TSLA  https://t.co/3DG661amVP", "likes_count": 1, "replies_count": 0, "retweets_count": 2, "hashtags": []}
{"id": 1449474418514616320, "date": "2021-10-16", "time": "16:36:45", "tweet": "@ByeonChansoo @WholeMarsBlog @Tesla @elonmusk It’s my humble contribution to the stock price 😂📈", "likes_count": 1, "replies_count": 0, "retweets_count": 0, "hashtags": []}
{"id": 1449474307458019328, "date": "2021-10-16", "time": "16:36:19", "tweet": "@mdnij34 Nope! The only way to heal America is for the government to recognized Americans! Instead of immigrants and refugees! Biden and Pelosi have stock in Tesla battery cars, its no coincidence the pipeline was shut down! They're making money!", "likes_count": 0, "replies_count": 0, "retweets_count": 0, "hashtags": []}
{"id": 1449474165359120384, "date": "2021-10-16", "time": "16:35:45", "tweet": "Digitization leads to decentralization and fractionalization of:  Information =the Internet, Money =#Crypto, #DeFi, igc, Ownership =#NFTs and #Stock apps, Perspectives and Exps.= #VR &amp; #AR  Energy &amp; Small tasks =#Tesla projects (#AutonomousVehicles ,#predictiveAI and #robotics )", "likes_count": 2, "replies_count": 0, "retweets_count": 0, "hashtags": ["crypto", "defi", "nfts", "stock", "vr", "ar", "tesla", "autonomousvehicles", "predictiveai", "robotics"]}
{"id": 1449473423021854720, "date": "2021-10-16", "time": "16:32:48", "tweet": "@merlinknghts1 @Tensor11 @ceilidh_2855 @parzr1 @washingtonpost @elonmusk @Tesla @SpaceX Before calling people childish names and thinking you are smarter than them, do some research and you will realize she is a 20% minority shareholder and she is already rich. Maybe .000000001% of her money comes from Publix stock. Think you need to retake some classes.", "likes_count": 1, "replies_count": 0, "retweets_count": 0, "hashtags": []}
{"id": 1449471386838261760, "date": "2021-10-16", "time": "16:24:43", "tweet": "@vincent13031925 I hope he gave them the advice to buy Tesla stock!", "likes_count": 23, "replies_count": 0, "retweets_count": 0, "hashtags": []}
{"id": 1449471318072643588, "date": "2021-10-16", "time": "16:24:26", "tweet": "Look what's up: Elon Musk Gets Almost $13 Billion Richer In One Week As Tesla Stock Hits 8-Month High  https://t.co/4065ZsXYfr via @AJBCSurveys #trending #breakingnews  https://t.co/AQyoqVO02N", "likes_count": 0, "replies_count": 0, "retweets_count": 0, "hashtags": ["trending", "breakingnews"]}
{"id": 1449471249713930244, "date": "2021-10-16", "time": "16:24:10", "tweet": "@ValueAnalyst1 Tesla has yet to deliver it's stock price expectations. Don't jump to conclusions so soon.", "likes_count": 0, "replies_count": 0, "retweets_count": 0, "hashtags": []}
{"id": 1449471148387934208, "date": "2021-10-16", "time": "16:23:46", "tweet": "Tesla..What Can You Say!! #tesla #tsla #stock #stockmarket #options #money #cars #tech #technology  https://t.co/z3KGozdAQm", "likes_count": 0, "replies_count": 0, "retweets_count": 0, "hashtags": ["tesla", "tsla", "stock", "stockmarket", "options", "money", "cars", "tech", "technology"]}
{"id": 1449469863752130560, "date": "2021-10-16", "time": "16:18:40", "tweet": "@southernmsgurl @knuutty6 @LucyTheCarole @washingtonpost I'm paying 4.50 a gal. in Southern California. The left wants this price at the pump . Pelosi has multiple millions in Tesla stock options that expire in 2023. They could ease the price easily by letting the US start new drilling but instead we are left relying on other countries", "likes_count": 1, "replies_count": 2, "retweets_count": 0, "hashtags": []}
{"id": 1449468859216396288, "date": "2021-10-16", "time": "16:14:40", "tweet": "This Tesla stock tho 🙏", "likes_count": 5, "replies_count": 0, "retweets_count": 0, "hashtags": []}
{"id": 1449467417953017860, "date": "2021-10-16", "time": "16:08:56", "tweet": "@washheights44 I sold all my Tesla stock for GME, I have brain damage now haha", "likes_count": 1, "replies_count": 1, "retweets_count": 0, "hashtags": []}
{"id": 1449466269523193856, "date": "2021-10-16", "time": "16:04:23", "tweet": "Fact Check: False post  Tesla can decide their stock is priced under $10 tomorrow. That changes nothing.  A stock price doesn't matter. Learn some trade economics before sharing 'unfactual' info", "likes_count": 2, "replies_count": 1, "retweets_count": 0, "hashtags": []}
{"id": 1449466224430174215, "date": "2021-10-16", "time": "16:04:12", "tweet": "@TwinsightPro Tesla, imo been such a hard stock to trade , what the Best way to approach on the option side, Since premiums are high and so is the volatility?  Ty", "likes_count": 0, "replies_count": 0, "retweets_count": 0, "hashtags": []}
{"id": 1449464472008003587, "date": "2021-10-16", "time": "15:57:14", "tweet": "Elon Musk gets almost $13 billion richer in one week as Tesla Stock hits 8-month high via @forbes @HankTucker13 @elonmusk   @mvollmer1 @BetaMoroney  @enricomolinari @enilev @tobiaskintzel @bimedotcom  @smaksked @AshokNellikar @HakomTimeSeries @baski_LA     https://t.co/EMXM3dAeZK", "likes_count": 37, "replies_count": 6, "retweets_count": 19, "hashtags": []}
{"id": 1449463304523599875, "date": "2021-10-16", "time": "15:52:36", "tweet": "Maybe I’m biased but outside of crypto I think Tesla will be the greatest performing stock of all time.", "likes_count": 0, "replies_count": 0, "retweets_count": 0, "hashtags": []}
{"id": 1449462617517420547, "date": "2021-10-16", "time": "15:49:52", "tweet": "This is becoming normal. More and more #tesla. I will get mine soon. For now, investing in $TLSA. Been adding any spare $ for the last couple years. Money will &gt;5x in ~5yrs. If you do not like all in 1 stock, buy $GK  https://t.co/5HMroRRJ45", "likes_count": 1, "replies_count": 0, "retweets_count": 1, "hashtags": ["tesla"]}
{"id": 1449462522310848512, "date": "2021-10-16", "time": "15:49:29", "tweet": "As an example of Tesla's prowess, Diess said it took the rival only two to three weeks to rewrite software to allow for a switch from one type of microchip, which went out of stock, to another", "likes_count": 28, "replies_count": 2, "retweets_count": 3, "hashtags": []}
{"id": 1449460261228879873, "date": "2021-10-16", "time": "15:40:30", "tweet": "“Tesla sales, profits, stock price, demand, new factories” as well as highest rate of customer satisfaction of all car brands “are irrelevant”", "likes_count": 0, "replies_count": 0, "retweets_count": 0, "hashtags": []}
{"id": 1449458846624256002, "date": "2021-10-16", "time": "15:34:53", "tweet": "@pakpakchicken @Tesla cannot deny when mutual funds/institutional holders of Tesla ( ++++ significant as most upward was after SP inclusion) drop the stock during financial upheaval like 1928 2000 2008 etc the long-term holders will be the ones left w Tesla stock/any ideas on hedge to have cash then ?", "likes_count": 0, "replies_count": 0, "retweets_count": 0, "hashtags": []}
{"id": 1449458508936531968, "date": "2021-10-16", "time": "15:33:32", "tweet": "#Billionaires #worldsbillionaires Elon Musk Gets Almost $13 Billion Richer In One Week As Tesla Stock Hits 8-Month High  https://t.co/Xd5OdVQPBe  https://t.co/OBDYiDrKGO", "likes_count": 0, "replies_count": 0, "retweets_count": 0, "hashtags": ["billionaires", "worldsbillionaires"]}
{"id": 1449457907410644994, "date": "2021-10-16", "time": "15:31:09", "tweet": "$TSLA - Tesla stock downgraded to Hold/Accumulate  https://t.co/10ntFoJTQy", "likes_count": 0, "replies_count": 0, "retweets_count": 0, "hashtags": []}
{"id": 1449457634655023107, "date": "2021-10-16", "time": "15:30:04", "tweet": "@BartoszKowalcz @sentionepl @Tesla @EvaFoxU @Teslarati @truth_tesla @tesla4k @Cinco971 @CathieDWood Nice stats, however my first experience with #Tesla #Poland was very poor. Called ahead to ask if I can buy a wall charger. They said yes. But when I arrived from 400km away, they said they can't sell me one unless I have a Tesla. As a stock holder, I am really disappointed.", "likes_count": 0, "replies_count": 1, "retweets_count": 0, "hashtags": ["tesla", "poland"]}
{"id": 1449456670707421193, "date": "2021-10-16", "time": "15:26:14", "tweet": "@elonmusk @MattWallace888 Makes me wonder why the wall street guys were so eager to short Tesla stock and write absurd low projection articles over the past years... God speed @elonmusk , CEO AND chief engineer =D", "likes_count": 0, "replies_count": 0, "retweets_count": 0, "hashtags": []}
{"id": 1449456479711285248, "date": "2021-10-16", "time": "15:25:29", "tweet": "Bought GameStop stock using Bitcoin and now owe money to Tesla somehow", "likes_count": 7, "replies_count": 0, "retweets_count": 0, "hashtags": []}
{"id": 1449455710983524353, "date": "2021-10-16", "time": "15:22:25", "tweet": "@SAMcKay3 Please ignore all Covid protocols and drop dead.  Encourage your mullet-headed prole followers to do the same.  The average IQ of America will skyrocket like Tesla stock.  No American should be that dumb and gullible. Shame.  https://t.co/wKceaDzGwG", "likes_count": 0, "replies_count": 0, "retweets_count": 0, "hashtags": []}
{"id": 1449454950132629506, "date": "2021-10-16", "time": "15:19:24", "tweet": "I estimate that less than 1 percent of stock market investors get Tesla 🤷‍♂️  Imagine what will happen to $TSLA when just 10 percent get it in a few months 🥳", "likes_count": 449, "replies_count": 36, "retweets_count": 27, "hashtags": []}
{"id": 1449454067391111169, "date": "2021-10-16", "time": "15:15:53", "tweet": "I am willing to bet the Tesla employees that have vested stock options, are happy they have Tesla stock rather than paying union dues right now.", "likes_count": 10, "replies_count": 0, "retweets_count": 0, "hashtags": []}
{"id": 1449450690661789696, "date": "2021-10-16", "time": "15:02:28", "tweet": "Tesla Stock Is About To AWAKEN (warning) 🚀  https://t.co/HMm1QdZzKt via @YouTube #teslastock #tesla #teslaev #ev #growthinvesting", "likes_count": 0, "replies_count": 0, "retweets_count": 0, "hashtags": ["teslastock", "tesla", "teslaev", "ev", "growthinvesting"]}
{"id": 1449449273255333890, "date": "2021-10-16", "time": "14:56:50", "tweet": "@stevenmarkryan what do you think will happen to Tesla stock in 2022 with possible stagflation?", "likes_count": 0, "replies_count": 0, "retweets_count": 0, "hashtags": []}
{"id": 1449448155678924803, "date": "2021-10-16", "time": "14:52:24", "tweet": "@iamtomnash Sorry, already sold my organs to buy more Tesla stock. @stevenmarkryan", "likes_count": 6, "replies_count": 0, "retweets_count": 0, "hashtags": []}
{"id": 1449447818058420232, "date": "2021-10-16", "time": "14:51:03", "tweet": "Remember this $tsla call? It is 20% in profit currently🚀🧙‍♂️📈  #tesla #tsla #stock #trading  https://t.co/wgA4mQGaMD", "likes_count": 4, "replies_count": 0, "retweets_count": 0, "hashtags": ["tesla", "tsla", "stock", "trading"]}
{"id": 1449446686510784515, "date": "2021-10-16", "time": "14:46:34", "tweet": "@pakpakchicken @Tesla End of Q2 - Where do you buy the stock? - No, We’re short the stock, we’ll be Shorting on strength tomorrow”  End of Q3 - you short the stock Gordon? - “No”  Clinging to… market share declining… when ev market is expanding and Tesla is production constrained!  Get Rekt 🤡", "likes_count": 1, "replies_count": 0, "retweets_count": 0, "hashtags": []}
{"id": 1449446290157408263, "date": "2021-10-16", "time": "14:44:59", "tweet": "@josephfresso @nikolamotor @WholeMarsBlog Tesla is living proof you do.  stock watching pod cast grab the financials and run the numbers and compare to other similar industry numbers.  Kinda like Game Stop and buying Hertz when it was bankrupt.  I remember one person saying they planned on hanging on to hertz", "likes_count": 0, "replies_count": 1, "retweets_count": 0, "hashtags": []}
{"id": 1449445788245966855, "date": "2021-10-16", "time": "14:42:59", "tweet": "Asking me which stock I like better Palantir or Tesla is like asking me: “which organ do you prefer, the liver or the spleen?” I kinda need both", "likes_count": 645, "replies_count": 66, "retweets_count": 30, "hashtags": []}
{"id": 1449445743081701384, "date": "2021-10-16", "time": "14:42:49", "tweet": "Pelosis husband bought close to a 1 million in tesla stock in December. February Biden passes bill requiring all government vehicles to be electric by said time. No corruption there..  https://t.co/D18I9a2cU2", "likes_count": 0, "replies_count": 1, "retweets_count": 0, "hashtags": []}
{"id": 1449444449327714305, "date": "2021-10-16", "time": "14:37:40", "tweet": "@kerriberrryy Same and #Bitcoin and #Tesla stock", "likes_count": 0, "replies_count": 0, "retweets_count": 0, "hashtags": ["bitcoin", "tesla"]}
{"id": 1449443787713953792, "date": "2021-10-16", "time": "14:35:03", "tweet": "@DCDOWORK Tell me more about stock split? What happens to my 100 $Tesla shares", "likes_count": 3, "replies_count": 1, "retweets_count": 0, "hashtags": []}
{"id": 1449443481529700357, "date": "2021-10-16", "time": "14:33:50", "tweet": "@StonksReddit @elonmusk Not sure what he was thinking, honestly. More or less rails against the idea of shorting bitcoin as not the best idea, because of its volatility; then shorts Tesla, a stock that fluctuates between $600-$900 depending on what @elonmusk tweets.", "likes_count": 0, "replies_count": 0, "retweets_count": 0, "hashtags": []}
{"id": 1449443306358939648, "date": "2021-10-16", "time": "14:33:08", "tweet": "One thing I regret as an investor, was when I rebalanced my stock portefolio and I sold part of tesla stock. Sell your losers, and keep your winners.  That's what I am going to do with my BTC.", "likes_count": 1, "replies_count": 0, "retweets_count": 0, "hashtags": []}
{"id": 1449443250121674762, "date": "2021-10-16", "time": "14:32:54", "tweet": "@Tensor11 @ceilidh_2855 @parzr1 @washingtonpost @elonmusk @Tesla @SpaceX Are you a majority owner of any stock knucklehead? Take an economics course. You need it.", "likes_count": 1, "replies_count": 2, "retweets_count": 1, "hashtags": []}
{"id": 1449442155056046084, "date": "2021-10-16", "time": "14:28:33", "tweet": "”As an example of Tesla's prowess, Diess said it took the rival only two to three weeks to rewrite software to allow for a switch from one type of microchip, which went out of stock, to another.”  https://t.co/pwxhSiX7Ez", "likes_count": 2, "replies_count": 0, "retweets_count": 0, "hashtags": []}
{"id": 1449440329581670402, "date": "2021-10-16", "time": "14:21:18", "tweet": "Tesla Stock Is About To AWAKEN (warning) 🚀  https://t.co/oS3x7rq5jE via @YouTube", "likes_count": 0, "replies_count": 0, "retweets_count": 0, "hashtags": []}
{"id": 1449438065542541321, "date": "2021-10-16", "time": "14:12:18", "tweet": "i wanna buy tesla stock @elonmusk say something stupid", "likes_count": 5, "replies_count": 0, "retweets_count": 0, "hashtags": []}
{"id": 1449437272831500289, "date": "2021-10-16", "time": "14:09:09", "tweet": "@GerberKawasaki @S100Dfan @Tesla @elonmusk Do you shill for the company every week like Goobs? Do you understand that the stock is the real product like Goobs? No? Quiet then. FSD is for stock pumping, not autonomy. Jeeeze, some people.", "likes_count": 1, "replies_count": 1, "retweets_count": 0, "hashtags": []}
{"id": 1449436748539260929, "date": "2021-10-16", "time": "14:07:04", "tweet": "I think I’m gonna trim Tesla at 1025 - 1100 per share after earnings if it gets there in non-taxable, wish stock wasn’t so expensive so selling calls wouldn’t be as big of a gamble", "likes_count": 0, "replies_count": 0, "retweets_count": 0, "hashtags": []}
{"id": 1449435114673426438, "date": "2021-10-16", "time": "14:00:35", "tweet": "$TSLA is today ranked #3 in the Daily Gambiste Big Cap rating. Tesla, Inc.  - Common Stock is today top rated. Check the full Gambiste long term ratings here:  https://t.co/RA0LXyNU1n", "likes_count": 0, "replies_count": 0, "retweets_count": 0, "hashtags": []}
{"id": 1449434228572278788, "date": "2021-10-16", "time": "13:57:03", "tweet": "Solar Panels on Half the World's Roofs Could Supply 100% of Electricity Demand, Study Finds. Maybe i should buy that #tesla stock after all.   https://t.co/GxDIXL2CDE", "likes_count": 0, "replies_count": 0, "retweets_count": 0, "hashtags": ["tesla"]}
{"id": 1449434225380405254, "date": "2021-10-16", "time": "13:57:03", "tweet": "@elonmusk don’t let Tesla stock go down I wanna get a pizza", "likes_count": 0, "replies_count": 1, "retweets_count": 0, "hashtags": []}
{"id": 1449433496171139074, "date": "2021-10-16", "time": "13:54:09", "tweet": "@gwestr When did you sell your Tesla stock?", "likes_count": 1, "replies_count": 0, "retweets_count": 0, "hashtags": []}
{"id": 1449433370618904577, "date": "2021-10-16", "time": "13:53:39", "tweet": "How to RETIRE on Tesla Stock | FINAL  https://t.co/VFEciI8s6P via @YouTube", "likes_count": 0, "replies_count": 0, "retweets_count": 0, "hashtags": []}
{"id": 1449433027906392067, "date": "2021-10-16", "time": "13:52:17", "tweet": "@ABukta @BackpackerFI You mean the same Wallstreet that said Bitcoin was going to $0 and Tesla was worthless?  To be clear, I'm not talking about individual investors, not by a mile.  I'm talking about institutional investors that tell us to buy Walmart &amp; Home Depot stock, but be careful with $PLTR 🤦‍♂️", "likes_count": 3, "replies_count": 1, "retweets_count": 0, "hashtags": []}
{"id": 1449432296264589312, "date": "2021-10-16", "time": "13:49:23", "tweet": "They buy Tesla stock... 💹💹💹💹💹💹✅✅✅✅✅ $TSLA #Tesla", "likes_count": 1, "replies_count": 0, "retweets_count": 0, "hashtags": ["tesla"]}
{"id": 1449431982534971400, "date": "2021-10-16", "time": "13:48:08", "tweet": "When do you think the next $TSLA stock split will be? #Tesla", "likes_count": 43, "replies_count": 22, "retweets_count": 1, "hashtags": ["tesla"]}
{"id": 1449431153786736640, "date": "2021-10-16", "time": "13:44:50", "tweet": "@bgrahamdisciple 1. Good with regards to valuation? 2. Some companies have blow out earnings and tank. Not Tesla. 3. The stock surged well ahead of delivery numbers, based on no news or despite bad ones. 4. Elon warned of the short burn and got his incentive plan just before it all went nuts.  https://t.co/LGfNq0q0MJ", "likes_count": 7, "replies_count": 0, "retweets_count": 0, "hashtags": []}
{"id": 1449429251481116676, "date": "2021-10-16", "time": "13:37:17", "tweet": "I own no #Bitcoin or #Tesla stock, but congratulations to #ElonMusk 🙌🏻", "likes_count": 0, "replies_count": 0, "retweets_count": 0, "hashtags": ["bitcoin", "tesla", "elonmusk"]}
{"id": 1449426598105698304, "date": "2021-10-16", "time": "13:26:44", "tweet": "@elonmusk #tesla #TSLA can we please get a 2 for 1 stock split announcement at the earnings call?", "likes_count": 0, "replies_count": 0, "retweets_count": 0, "hashtags": ["tesla", "tsla"]}
{"id": 1449425693419491329, "date": "2021-10-16", "time": "13:23:08", "tweet": "@EliSchecter @ewarren Her husband got lucky with that Tesla stock right before Biden’s announcement for all electric cars the next day, Right?? They don’t even try to hide it.", "likes_count": 1, "replies_count": 0, "retweets_count": 0, "hashtags": []}
{"id": 1449423397616750593, "date": "2021-10-16", "time": "13:14:01", "tweet": "Elon Musk Gets Almost $13 Billion Richer In One Week As Tesla Stock Hits 8-Month High : #analytics #googleads #facebookads  https://t.co/bLmRsvAiQq", "likes_count": 0, "replies_count": 0, "retweets_count": 0, "hashtags": ["analytics", "googleads", "facebookads"]}
{"id": 1449422090520735750, "date": "2021-10-16", "time": "13:08:49", "tweet": "@ValueAnalyst1 Agree with that. But Not every growth Stock is a value Stock. Tesla is one", "likes_count": 1, "replies_count": 1, "retweets_count": 0, "hashtags": []}
{"id": 1449420998349053952, "date": "2021-10-16", "time": "13:04:29", "tweet": "@TraumaCenter4 Das könnte durchaus so kommen. Es hat aber vielleicht auch was positives. die Frauen werden mich dann um mein ungeimpftes Sperma förmlich anbetteln. Ich werde einen langen Stock brauchen um sie mir vom Leib zu halten...^^", "likes_count": 1, "replies_count": 1, "retweets_count": 0, "hashtags": []}
{"id": 1449419940541370373, "date": "2021-10-16", "time": "13:00:17", "tweet": "@DGisSERIOUS Isn't her claim to fame that ARK made a lot of money on the Tesla meme stock?", "likes_count": 1, "replies_count": 0, "retweets_count": 0, "hashtags": []}
{"id": 1449419164771225601, "date": "2021-10-16", "time": "12:57:12", "tweet": "Tesla's stock pricing in 👇 -EV to replace IC engine -Free charging with solar  -Fully autonomous vehicles with just a software upgrade -Tesla owners can make their cars Robotaxis and earn If in some utopian world all/most cars can become autonomous, this is the perfect model", "likes_count": 23, "replies_count": 2, "retweets_count": 3, "hashtags": []}
{"id": 1449418790278615040, "date": "2021-10-16", "time": "12:55:43", "tweet": "@CoverDrive12 Not sure how his partially blind Tesla can be trained to recognize what it doesn’t see.  But this is the logic that is easily defeated by stock price argument.  We are back to stonk price…", "likes_count": 1, "replies_count": 0, "retweets_count": 0, "hashtags": []}
{"id": 1449418421154811908, "date": "2021-10-16", "time": "12:54:15", "tweet": "Elon Musk Gets Almost $13 Billion Richer In One Week As Tesla Stock Hits 8-Month High  https://t.co/243viXOn7i", "likes_count": 1, "replies_count": 0, "retweets_count": 0, "hashtags": []}
{"id": 1449416693919461379, "date": "2021-10-16", "time": "12:47:23", "tweet": "@kzu @kolektiv @Grady_Booch @_meghadri @cibrax @kelseyhightower @Tesla @SpaceX @tonyseba It perverts the idea of a stock based company IMHO.", "likes_count": 0, "replies_count": 0, "retweets_count": 0, "hashtags": []}
{"id": 1449415044773597187, "date": "2021-10-16", "time": "12:40:50", "tweet": "@yoloption @bgrahamdisciple Well, there can only be one person most interested in Tesla stock price and his name rhymes on Felon, probably not a coincident.   Interesting that this is possible, whithout other people continually losing money on the other side of these trades.", "likes_count": 1, "replies_count": 1, "retweets_count": 0, "hashtags": []}
{"id": 1449414162342416385, "date": "2021-10-16", "time": "12:37:19", "tweet": "@kzu @kolektiv @Grady_Booch @_meghadri @cibrax @kelseyhightower @Tesla @SpaceX @tonyseba Honestly after I took a closer look at the US tech stock market I came to the conclusion that's its all just gambling. Almost none of the major companies pays any dividends despite their huge profits. That's a totally crazy system.", "likes_count": 0, "replies_count": 2, "retweets_count": 0, "hashtags": []}
{"id": 1449413731377573889, "date": "2021-10-16", "time": "12:35:37", "tweet": "@kt_nofilter @Real_Futurist @elonmusk Every Tesla employee owns tesla stock as part of their employment deal.", "likes_count": 0, "replies_count": 0, "retweets_count": 0, "hashtags": []}
{"id": 1449413099480440835, "date": "2021-10-16", "time": "12:33:06", "tweet": "@funwithnumberz @ClaireMusk @CA_DMV @Tesla Ford and GM were both bailed out by the federal government and still did stock buy backs. They to me is a bigger issue.", "likes_count": 0, "replies_count": 1, "retweets_count": 0, "hashtags": []}
{"id": 1449412945537028096, "date": "2021-10-16", "time": "12:32:29", "tweet": "@william__knight Buy Tesla Stock", "likes_count": 0, "replies_count": 0, "retweets_count": 0, "hashtags": []}
{"id": 1449412733892497414, "date": "2021-10-16", "time": "12:31:39", "tweet": "Such bullshit. The fantasy of just borrowing one of your kids parents electric mode X. I get you want people to buy Tesla stock but this ain’t it bud.", "likes_count": 0, "replies_count": 0, "retweets_count": 0, "hashtags": []}
{"id": 1449412550295277571, "date": "2021-10-16", "time": "12:30:55", "tweet": "@ValueAnalyst1 completely different. You were talking bout insurance valuation,which I don't agree to. I think the market agrees that Tesla stock valuation is between 600-900 billions, for all the reasons that we know as Tesla investors.And hopefully &gt; 1T in 2022 if they ramp Tx and Berlin well", "likes_count": 0, "replies_count": 0, "retweets_count": 0, "hashtags": []}
{"id": 1449411862655684611, "date": "2021-10-16", "time": "12:28:11", "tweet": "As lithium, coltan, zinc, copper, silver, and of course, water, all become more and more scarce and we enter the long predicted era of water wars and civilizational contraction, Bitcoin- like Tesla stock- serves as a measure for the overall value of electricity and electronics.", "likes_count": 0, "replies_count": 0, "retweets_count": 0, "hashtags": []}
{"id": 1449410896988626944, "date": "2021-10-16", "time": "12:24:21", "tweet": "If somebody tells me Tesla or some stock is going to moon, I check out the business model, read the balance sheet and come to my own conclusion. You must do the same with digital assets:  Read the white paper, check total supply and issuance policy, and understand the utility", "likes_count": 0, "replies_count": 0, "retweets_count": 0, "hashtags": []}
{"id": 1449410497074368514, "date": "2021-10-16", "time": "12:22:45", "tweet": "@ceilidh_2855 @parzr1 @washingtonpost @elonmusk @Tesla @SpaceX Yeah, she’s like me. I own stock, but have nothing to do with running the company.", "likes_count": 2, "replies_count": 1, "retweets_count": 1, "hashtags": []}
{"id": 1449407894563090435, "date": "2021-10-16", "time": "12:12:25", "tweet": "@TheBlakeCheck Tesla is a bargain at $2000. Buy the stock.", "likes_count": 0, "replies_count": 0, "retweets_count": 0, "hashtags": []}
{"id": 1449406349180346371, "date": "2021-10-16", "time": "12:06:16", "tweet": "@ValueAnalyst1 @theallinpod Same thing I said last year about 4680 - long term, yeah, stock will rebound from a crash, but short term, this is not a time for margin shenanigans... But again, I'm just a simple peasant (who lived at the time of that Tesla with lot of zeroes)", "likes_count": 1, "replies_count": 0, "retweets_count": 0, "hashtags": []}
{"id": 1449404354591698944, "date": "2021-10-16", "time": "11:58:21", "tweet": "TSLA Stock: What Really Matters About the Full Self-Driving Rollout  Tesla (NASDAQ:TSLA) is reportedly expanding access to its Full Self-Driving Beta 10.2 software. Many TSLA stock investors are hoping autonomy will eventually be a big business for Tesla. Source: Grisha...  https://t.co/kwbbZo1PeQ", "likes_count": 0, "replies_count": 0, "retweets_count": 0, "hashtags": []}
{"id": 1449404239717933061, "date": "2021-10-16", "time": "11:57:54", "tweet": "When buying Tesla stock there is no price at all, there is only time. Is now a good time to buy?   The answer is, how much longer do you expect Tesla to grow?  @Tesla plans to make 20 million cars per year in 2031. So Its on sale till then. $Tsla", "likes_count": 0, "replies_count": 0, "retweets_count": 0, "hashtags": []}
{"id": 1449403504150319104, "date": "2021-10-16", "time": "11:54:58", "tweet": "@Tensor11 @parzr1 @washingtonpost @elonmusk @Tesla @SpaceX Other than owning its stock…", "likes_count": 4, "replies_count": 1, "retweets_count": 0, "hashtags": []}
{"id": 1449400294966763522, "date": "2021-10-16", "time": "11:42:13", "tweet": "@elonmusk Any plans to split the tesla stock again? Split 1 to 5, so stock will rally to $2000 again and tesla will directly become 2 trillion company", "likes_count": 2, "replies_count": 1, "retweets_count": 0, "hashtags": []}
{"id": 1449399530173001733, "date": "2021-10-16", "time": "11:39:11", "tweet": "@BradMunchen Tesla can't be shorted while it's a cult bubble stock  that's why short interest is only 1.1% of the float. People are not shorting Tesla at this time.", "likes_count": 11, "replies_count": 3, "retweets_count": 0, "hashtags": []}
{"id": 1449396224960843776, "date": "2021-10-16", "time": "11:26:03", "tweet": "Cathie Wood’s Ark Invest Sells $110 Million In Tesla Stock As Insiders Also Dump Shares  https://t.co/pJDg1VcQnp  https://t.co/eS8sE4BqP4", "likes_count": 0, "replies_count": 0, "retweets_count": 0, "hashtags": []}
{"id": 1449395821917638656, "date": "2021-10-16", "time": "11:24:27", "tweet": "50% of my beloved $tesla position will be sold when the stock reaches $850, I told myself that when it was at 540$!!! Time to make good on that….but I promise all the money will be use to sell cash covered puts to buy back $tesla!!!", "likes_count": 0, "replies_count": 0, "retweets_count": 0, "hashtags": []}
{"id": 1449395140607438849, "date": "2021-10-16", "time": "11:21:44", "tweet": "@TheBlakeCheck Hotter take: Tesla stock is always at a bargain.", "likes_count": 2, "replies_count": 0, "retweets_count": 0, "hashtags": []}
{"id": 1449394009177264139, "date": "2021-10-16", "time": "11:17:14", "tweet": "I wanna put 10 k into Tesla stock", "likes_count": 1, "replies_count": 1, "retweets_count": 0, "hashtags": []}
{"id": 1449392786810281986, "date": "2021-10-16", "time": "11:12:23", "tweet": "Tesla stock will hit 1000 Roy … Just watch hehehe", "likes_count": 0, "replies_count": 0, "retweets_count": 0, "hashtags": []}
{"id": 1449391755393216513, "date": "2021-10-16", "time": "11:08:17", "tweet": "Tesla stock will drop after the conference. I don’t know why people do this all the time, hype up a stock and then take out their money, what money are u really making? Because you will pay big taxes for those transactions, think before you do something stupid. #Tesla #stocks", "likes_count": 0, "replies_count": 0, "retweets_count": 0, "hashtags": ["tesla", "stocks"]}
{"id": 1449391503319703559, "date": "2021-10-16", "time": "11:07:17", "tweet": "The Ratings Game: Tesla stock climbs to 8-month high after Jefferies boosts price target, profit view  https://t.co/bOPuRkzjw5  https://t.co/V8zPldtJAA", "likes_count": 0, "replies_count": 0, "retweets_count": 0, "hashtags": []}
{"id": 1449390491984748554, "date": "2021-10-16", "time": "11:03:16", "tweet": "Why Tesla stock will triple, 4 stocks with major upside, David Baron - Business Insider  https://t.co/8wCoaT6iPr", "likes_count": 0, "replies_count": 0, "retweets_count": 0, "hashtags": []}
