{"id": 1373423275410403331, "date": "2021-03-20", "time": "19:56:40", "tweet": "Cathie Wood's Ark expects Tesla stock to reach $3000 by 2025  https://t.co/Ujoc4X69YJ", "likes_count": 0, "replies_count": 1, "retweets_count": 0, "hashtags": []}
{"id": 1373423233681199109, "date": "2021-03-20", "time": "19:56:30", "tweet": "$TSLA - ArkInvest sets new price target for Tesla to $3000 by 2025.  https://t.co/FKDH8URKFa #Tesla #teslastock #news", "likes_count": 0, "replies_count": 0, "retweets_count": 0, "hashtags": ["tesla", "teslastock", "news"]}
{"id": 1373422848362967040, "date": "2021-03-20", "time": "19:54:58", "tweet": "$TSLA  Cathie Wood's Ark expects Tesla stock to reach $3000 by 2025  https://t.co/bpDzo6CzrF", "likes_count": 15, "replies_count": 3, "retweets_count": 0, "hashtags": []}
{"id": 1373422719937695748, "date": "2021-03-20", "time": "19:54:28", "tweet": "While publications like Bloomberg quickly noted the Chinese government's announcement, it was eclipsed by the big moves up in Tesla stock and bitcoin's price.  https://t.co/xzByyzCkRJ via @coindesk #BTC #InvestSmart #Bitcoin", "likes_count": 0, "replies_count": 0, "retweets_count": 0, "hashtags": ["btc", "investsmart", "bitcoin"]}
{"id": 1373422175991037953, "date": "2021-03-20", "time": "19:52:18", "tweet": "Cathie Wood's Ark expects Tesla stock to reach $3000 by 2025. It could be. But 2025 is far away. So much can happen by then.", "likes_count": 1, "replies_count": 1, "retweets_count": 0, "hashtags": []}
{"id": 1373421619876556801, "date": "2021-03-20", "time": "19:50:05", "tweet": "@jasonchaaang @jasondebolt @Tesla @elonmusk @CathieDWood @TashaARK @skorusARK @pakpakchicken @bburnworth @heydave7 @EmmetPeppers @stevenmarkryan @TeslaPodcast @WholeMarsBlog @vincent13031925 @Sofiaan @Gfilche Are we likely to see another stock split? I hope they do a 10-1 so still easy to convert SP to market cap.", "likes_count": 0, "replies_count": 1, "retweets_count": 0, "hashtags": []}
{"id": 1373420580557316096, "date": "2021-03-20", "time": "19:45:57", "tweet": "@elonmusk  After getting rid of the burden dragging you down all these years. Then you can take a good break, after successful FSD rollout &amp; SN11 landing, soaring Tesla stock, get back your richest man position. Waiting for President Trump coming back, clean up the rest mess.", "likes_count": 0, "replies_count": 0, "retweets_count": 0, "hashtags": []}
{"id": 1373420458729689093, "date": "2021-03-20", "time": "19:45:28", "tweet": "Cathie Chief Cheerleader for Tesla stock, judgement not based on valutation.  Cathie Wood’s Ark Invest Management expects Tesla stock to hit $3,000 by 2025, up from $655. At that price, the company could be worth almost $3 trillion  https://t.co/V9TyR8leJk via @business", "likes_count": 0, "replies_count": 0, "retweets_count": 0, "hashtags": []}
{"id": 1373420117871169536, "date": "2021-03-20", "time": "19:44:07", "tweet": "Cathie Wood’s Ark Invest Management expects Tesla stock to hit $3,000 by 2025, up from its current price of $655. At that price, the company could be worth almost $3 trillion  https://t.co/x1ACoaNCpl via @business", "likes_count": 5, "replies_count": 1, "retweets_count": 1, "hashtags": []}
{"id": 1373419939277766663, "date": "2021-03-20", "time": "19:43:25", "tweet": "Here is my new video on $TSLA - covering the new Cathie Wood price target, my thoughts, and a good buy area for Tesla stock. Cheers  https://t.co/O1oQga9Y5e", "likes_count": 4, "replies_count": 0, "retweets_count": 1, "hashtags": []}
{"id": 1373419495000215552, "date": "2021-03-20", "time": "19:41:39", "tweet": "@ClintKeepin @ThatVDOVault @mrmoneymustache Nah according to the article he put all his savings into Tesla stock and is going to borrow on margin against his stock to live off. Which is fine until Tesla stock goes down.", "likes_count": 2, "replies_count": 2, "retweets_count": 0, "hashtags": []}
{"id": 1373419432215711744, "date": "2021-03-20", "time": "19:41:24", "tweet": "@vcdxnz001 @pakpakchicken @LASportsRadio @varbmos @WealthyDetecti1 For sure.   Not sure why CG says it's a good strategy for when Tesla stock is moving sideways and down.  Any material down move is going to create a loss. I hope to use it to profit rest of 2021", "likes_count": 1, "replies_count": 0, "retweets_count": 0, "hashtags": []}
{"id": 1373419065075761158, "date": "2021-03-20", "time": "19:39:56", "tweet": "Cathie Wood’s Ark expects Tesla stock to reach $3000 by 2025  https://t.co/DYNLjmICKd", "likes_count": 0, "replies_count": 0, "retweets_count": 0, "hashtags": []}
{"id": 1373418898167586817, "date": "2021-03-20", "time": "19:39:16", "tweet": "@DeanSheikh1 @TESLAcharts She is totally accurate.  When you run the Montez Carlos Simulation against Orville Wright’s Law, the output says that Tesla’s stock price will be $15,000 pre-split.  All in, bro. $TSLA", "likes_count": 38, "replies_count": 1, "retweets_count": 0, "hashtags": []}
{"id": 1373418500707004418, "date": "2021-03-20", "time": "19:37:42", "tweet": "#CathieWood's ⁦@ARKInvest⁩ expects #Tesla #stock to reach $3,000 by 2025. $TSLA $ARK  https://t.co/FfNebnUqMX", "likes_count": 1, "replies_count": 1, "retweets_count": 0, "hashtags": ["cathiewood", "tesla", "stock"]}
{"id": 1373418003661000705, "date": "2021-03-20", "time": "19:35:43", "tweet": "S/o yo @RealStockMoe  for the info $4,000 a SHARE!! MASSIVE TESLA STOCK PRICE PREDICTION From ARK And CATHI...  https://t.co/rkulgMpqxh via @YouTube", "likes_count": 0, "replies_count": 0, "retweets_count": 0, "hashtags": []}
{"id": 1373417848463360007, "date": "2021-03-20", "time": "19:35:06", "tweet": "Cathie Wood's Ark expects Tesla stock to reach $3000 by 2025  https://t.co/yqBhTveMrB  https://t.co/F5qzOflS6l", "likes_count": 75, "replies_count": 17, "retweets_count": 14, "hashtags": []}
{"id": 1373417446321819654, "date": "2021-03-20", "time": "19:33:30", "tweet": " https://t.co/KTV1XLEITr Ark Invest Predicts Tesla Stock To Reach $4,000 In New Prediction  $TSLA  https://t.co/rMLukBweCi", "likes_count": 1, "replies_count": 0, "retweets_count": 0, "hashtags": []}
{"id": 1373414446756864001, "date": "2021-03-20", "time": "19:21:35", "tweet": "May i have your attention Teslaq “critics” Tesla is the worst car in the world:  https://t.co/MgB07QhQZm you win. Crash the stock.", "likes_count": 0, "replies_count": 0, "retweets_count": 0, "hashtags": []}
{"id": 1373413181586952193, "date": "2021-03-20", "time": "19:16:33", "tweet": "Cathie Wood's Ark expects Tesla stock to reach $3000 by 2025 - Reuters  https://t.co/cV0HIdYdSp", "likes_count": 1, "replies_count": 0, "retweets_count": 0, "hashtags": []}
{"id": 1373413173013970944, "date": "2021-03-20", "time": "19:16:31", "tweet": "Without knowing the entire calculative process, it's difficult to discredit the result that ARK published for Tesla Price Target.  However, remember Cathie made her name with Tesla stock, she's hardly going to publicly declare it as overvalued. #ARK #Tesla  https://t.co/NuncOar3ir", "likes_count": 0, "replies_count": 1, "retweets_count": 0, "hashtags": ["ark", "tesla"]}
{"id": 1373412706703835136, "date": "2021-03-20", "time": "19:14:40", "tweet": "@Schuldensuehner It’s pretty common knowledge that Tesla was THE most shorted stock,a combination of Musk actively promoting followers to buy cheap OTM call options encouraged Cathie Wood to start making absurd projections for the share price and it became a self-fulfilling prophecy,That has gone", "likes_count": 4, "replies_count": 0, "retweets_count": 0, "hashtags": []}
{"id": 1373412225495527427, "date": "2021-03-20", "time": "19:12:45", "tweet": "@TradesTrey Can you give some insight to BB Blackberry?   Article from the Motley fools dated March 19th titled \" Better than Tesla: This Canadian stock is the future \"  https://t.co/0LIJUUMarx", "likes_count": 0, "replies_count": 1, "retweets_count": 0, "hashtags": []}
{"id": 1373410809439731713, "date": "2021-03-20", "time": "19:07:08", "tweet": "The ARK price target update report would fail in many undergraduate stock pitch contests. Client: \"You put all of my money in Tesla and margined it. I lost it all when the world woke up to the impossibility of the projections.\" You: Well, they ran a Monte Carlo simulation... END", "likes_count": 510, "replies_count": 71, "retweets_count": 24, "hashtags": []}
{"id": 1373410549807992832, "date": "2021-03-20", "time": "19:06:06", "tweet": "@WR4NYGov @TashaARK @ARKInvest @Tesla Craaaapp, these stocks need more of my money!! Financial savings goals or Tesla stock??? 😫😵  https://t.co/o8OKTjpWw3", "likes_count": 0, "replies_count": 0, "retweets_count": 0, "hashtags": []}
{"id": 1373409883165487106, "date": "2021-03-20", "time": "19:03:27", "tweet": "Cathie Wood's Ark expects Tesla stock to reach $3000 by 2025  https://t.co/ADvhPTqL2h  https://t.co/Q63NOApUrw #tech", "likes_count": 0, "replies_count": 0, "retweets_count": 0, "hashtags": ["tech"]}
{"id": 1373409026894090247, "date": "2021-03-20", "time": "19:00:03", "tweet": "#US_STOCK #Tesla #سوق_الأسهم #السوق_الامريكي   من واقع تجارب سابقه هل اخبار الاندماج في السوق الأمريكي", "likes_count": 0, "replies_count": 0, "retweets_count": 0, "hashtags": ["us_stock", "tesla", "سوق_الأسهم", "السوق_الامريكي"]}
{"id": 1373407782356017156, "date": "2021-03-20", "time": "18:55:06", "tweet": "Cathie Wood's Ark expects Tesla stock to reach $3000 by 2025  https://t.co/0lZhWwzb74  https://t.co/pZBallcWO7", "likes_count": 96, "replies_count": 19, "retweets_count": 24, "hashtags": []}
{"id": 1373407369850359811, "date": "2021-03-20", "time": "18:53:28", "tweet": "Cathie Wood's Ark expects Tesla stock to reach $3000 by 2025 | Article [AMP] | Reuters  https://t.co/I6GwpeIxsa", "likes_count": 0, "replies_count": 0, "retweets_count": 0, "hashtags": []}
{"id": 1373404751954644993, "date": "2021-03-20", "time": "18:43:04", "tweet": "@ViralRockets @calvinfroedge the stock price has nothing to do with the facts that Tesla is no longer the leader in EVs. If Elon cared more about building quality cars and not obsessed w the stock price maybe Tesla would not be getting their ass kicked in every market around the globe.", "likes_count": 1, "replies_count": 1, "retweets_count": 0, "hashtags": []}
{"id": 1373404520869371907, "date": "2021-03-20", "time": "18:42:09", "tweet": "Tesla investors ...... Listen ..... listen up .... Is gonna go down to the mid of $500 soon  That’s my prediction for Tesla stock   For end of March &amp; the beginning of April ...", "likes_count": 1, "replies_count": 1, "retweets_count": 0, "hashtags": []}
{"id": 1373404150478823431, "date": "2021-03-20", "time": "18:40:40", "tweet": "Cathie Wood’s Ark Invest Management expects Tesla stock to hit $3,000 by 2025. At that price, the company could be worth almost $3 trillion.  https://t.co/IwTHy9sLWv", "likes_count": 548, "replies_count": 70, "retweets_count": 84, "hashtags": []}
{"id": 1373403709988761601, "date": "2021-03-20", "time": "18:38:55", "tweet": "Cathie Wood's Ark expects Tesla stock to reach $3000 by 2025 By Reuters -  https://t.co/F1Nwa4qhvx  https://t.co/MnYBKBAJMK via @GoogleNews", "likes_count": 0, "replies_count": 0, "retweets_count": 0, "hashtags": []}
{"id": 1373403476374343681, "date": "2021-03-20", "time": "18:38:00", "tweet": "Cathie Wood's Ark expects Tesla stock to reach $3000 by 2025 - Reuters  https://t.co/qt3JJs6Tiu via @GoogleNews", "likes_count": 0, "replies_count": 0, "retweets_count": 0, "hashtags": []}
{"id": 1373403188188041217, "date": "2021-03-20", "time": "18:36:51", "tweet": "#MyBankAccountIn5Words It's all in #tesla stock", "likes_count": 2, "replies_count": 0, "retweets_count": 0, "hashtags": ["mybankaccountin5words", "tesla"]}
{"id": 1373400725246595076, "date": "2021-03-20", "time": "18:27:04", "tweet": "Ark Invest ETF’s complete analysis- which one to choose?    https://t.co/qHYqZr4Vqa  #ARKInvest #Tesla #bitcoin #square #Roku #stock #stockpicks #ETFs", "likes_count": 1, "replies_count": 0, "retweets_count": 0, "hashtags": ["arkinvest", "tesla", "bitcoin", "square", "roku", "stock", "stockpicks", "etfs"]}
{"id": 1373398358384013318, "date": "2021-03-20", "time": "18:17:39", "tweet": "Where's my Stimulus @WellsFargo??? I would love to buy tons of #Tesla Stock on Monday.", "likes_count": 3, "replies_count": 1, "retweets_count": 0, "hashtags": ["tesla"]}
{"id": 1373398353426403334, "date": "2021-03-20", "time": "18:17:38", "tweet": "Cathie Wood's Ark expects Tesla stock to reach $3000 by 2025 | Article [AMP] | Reuters  https://t.co/WTOAR2DJvK", "likes_count": 0, "replies_count": 0, "retweets_count": 0, "hashtags": []}
{"id": 1373397936831336449, "date": "2021-03-20", "time": "18:15:59", "tweet": "The Tesla of Manufacturing? Desktop Metal Stock Analysis $DM  https://t.co/6bByONY96S via @YouTube", "likes_count": 0, "replies_count": 0, "retweets_count": 0, "hashtags": []}
{"id": 1373397191629303808, "date": "2021-03-20", "time": "18:13:01", "tweet": "Cathie Wood's Ark expects Tesla stock to reach $3000 by 2025  https://t.co/AMw7UllHBO", "likes_count": 0, "replies_count": 0, "retweets_count": 0, "hashtags": []}
