{"id": 1388643011886686212, "date": "2021-05-01", "time": "19:54:28", "tweet": "@elonmusk Do the I am Iron Man scene, but say you were just joking. Then Tesla stock soars and the SEC shuts down your Twitter account.  https://t.co/ELo7EiHuyC", "likes_count": 0, "replies_count": 0, "retweets_count": 0, "hashtags": []}
{"id": 1388637982161346562, "date": "2021-05-01", "time": "19:34:29", "tweet": "@mgshuheb Like tesla splitting 1 into 5   Reverse split = 5 shares into 1 ex.   Aston martin did one and their stock price has gone up but also because of partnering F1 team", "likes_count": 1, "replies_count": 0, "retweets_count": 0, "hashtags": []}
{"id": 1388637030071128065, "date": "2021-05-01", "time": "19:30:42", "tweet": "@Public_Citizen Um…tax cuts and government grants feed most of Elon businesses. Space x government money, Tesla credits to buy the cars, Boring is funded by municipal or state money. Granted net worth tied to stock prices are not the same as income and he doesn’t sell his stock so….", "likes_count": 0, "replies_count": 0, "retweets_count": 0, "hashtags": []}
{"id": 1388631770988433410, "date": "2021-05-01", "time": "19:09:48", "tweet": "I hope Elon Musk has an embarrassing pratfall on live television and emits a curse and/or racial slur, briefly plummeting Tesla's stock.", "likes_count": 1, "replies_count": 1, "retweets_count": 0, "hashtags": []}
{"id": 1388630711385706498, "date": "2021-05-01", "time": "19:05:35", "tweet": "@teslaownersSV Recap-&gt; Why Tesla Stock Jumped on Friday @themotleyfool #stocks $TSLA $STM $TWTR  https://t.co/WmPIms5hjf", "likes_count": 0, "replies_count": 1, "retweets_count": 0, "hashtags": ["stocks"]}
{"id": 1388630215832842248, "date": "2021-05-01", "time": "19:03:37", "tweet": "Stock Market &amp; Trading Weekly Outlook + $80k or Tesla &amp; Porsche Giveaway...  https://t.co/6hbUnTDIbf via @YouTube", "likes_count": 1, "replies_count": 0, "retweets_count": 0, "hashtags": []}
{"id": 1388629533817901057, "date": "2021-05-01", "time": "19:00:55", "tweet": "@paynus3 Selling all my tesla stock and buying a gun because Elon Musk didn't talk about DogeCoin on SNL", "likes_count": 26, "replies_count": 0, "retweets_count": 0, "hashtags": []}
{"id": 1388627027188756481, "date": "2021-05-01", "time": "18:50:57", "tweet": "@stevenmarkryan @elonmusk Call it the Shorting Elon Commission and make fun of Tesla Q and Gorden genius Johnson.  Every time they talk Tesla stock moons.", "likes_count": 4, "replies_count": 0, "retweets_count": 0, "hashtags": []}
{"id": 1388626160372785155, "date": "2021-05-01", "time": "18:47:30", "tweet": "@JohnnyTexasOG @Tesla Those stock options", "likes_count": 0, "replies_count": 0, "retweets_count": 0, "hashtags": []}
{"id": 1388625464718086145, "date": "2021-05-01", "time": "18:44:44", "tweet": "@ford scheduled a test drive at ford country arrived on time waited 15 to be told I could not test drive. None in stock even if they had one I couldn't test drive. Have to run my credit. Tesla doesn't do this nor does Genesis.", "likes_count": 0, "replies_count": 0, "retweets_count": 0, "hashtags": []}
{"id": 1388624281899204612, "date": "2021-05-01", "time": "18:40:02", "tweet": "@QTRResearch @elonmusk You just butthurt you get shit on by Tesla stock and bitcoin by shorting 🤦‍♂️🤣🤣🤣", "likes_count": 1, "replies_count": 1, "retweets_count": 0, "hashtags": []}
{"id": 1388621160506695681, "date": "2021-05-01", "time": "18:27:38", "tweet": "@BoredElonMusk Good financial advice or just financial advice??... Give all money to me, that's advice... Invest in Tesla stock is good financial advice...", "likes_count": 2, "replies_count": 0, "retweets_count": 0, "hashtags": []}
{"id": 1388620487790632960, "date": "2021-05-01", "time": "18:24:58", "tweet": "@elonmusk Tesla stock prices and historical events", "likes_count": 0, "replies_count": 0, "retweets_count": 0, "hashtags": []}
{"id": 1388620231552217088, "date": "2021-05-01", "time": "18:23:57", "tweet": "@elonmusk Do Bill Gates shorting Tesla stock 😜 And receiving the Tesla short shorts", "likes_count": 0, "replies_count": 0, "retweets_count": 0, "hashtags": []}
{"id": 1388620206591942658, "date": "2021-05-01", "time": "18:23:51", "tweet": "@passthebeano Regulatory Capture: Use a net made of $100 bills to catch regulators. Guaranteed Money Printer: Use your stock as roofing material. When it catches fire, print more stock. Bros Before Bankruptcy: As the boat SS SolarCity takes on water, bail it out with a Tesla-branded wet vac.", "likes_count": 8, "replies_count": 1, "retweets_count": 2, "hashtags": []}
{"id": 1388618250389446657, "date": "2021-05-01", "time": "18:16:04", "tweet": "@SnazzyQ Or if you’d bought Tesla stock with the money!", "likes_count": 2, "replies_count": 0, "retweets_count": 0, "hashtags": []}
{"id": 1388618184949968898, "date": "2021-05-01", "time": "18:15:49", "tweet": "@elonmusk I'm starting to feel like you're gonna use Dogecoin on SNL to make a point about Tesla stock being too high and all the memers are gonna lose their mooney. That'd be Irony Man.", "likes_count": 0, "replies_count": 0, "retweets_count": 0, "hashtags": []}
{"id": 1388618166645886976, "date": "2021-05-01", "time": "18:15:44", "tweet": "@elonmusk Roller coaster operator, but roller coaster is in shape of tesla stock  Creator of new crypto asset, Catcoin  Tesla autopilot but for random household devices  Futurist travels back in time to tell forefathers about 2020/21", "likes_count": 1, "replies_count": 0, "retweets_count": 0, "hashtags": []}
