{"id": 1391180867159171079, "date": "2021-05-08", "time": "19:59:00", "tweet": "#StashStockParty #teslastock", "likes_count": 0, "replies_count": 0, "retweets_count": 0, "hashtags": ["stashstockparty", "teslastock"]}
{"id": 1391180815447601155, "date": "2021-05-08", "time": "19:58:47", "tweet": "They giving out Tesla stock at 8 #StashStockParty", "likes_count": 0, "replies_count": 1, "retweets_count": 0, "hashtags": ["stashstockparty"]}
{"id": 1391180778869039105, "date": "2021-05-08", "time": "19:58:39", "tweet": "@DanPriceSeattle You know that is not real money, right? It's just the increase of the stocks he owns in Tesla and SpaceX, which won't be realized until he sells his stock.", "likes_count": 1, "replies_count": 0, "retweets_count": 0, "hashtags": []}
{"id": 1391178970343821317, "date": "2021-05-08", "time": "19:51:28", "tweet": "@RBReich @Aylon133 Okay - Devil’s advocate here:   Tesla employees are also compensated with fairly generous stock options - They also benefitted from this rise (though not as much as Musk, obviously).", "likes_count": 0, "replies_count": 0, "retweets_count": 0, "hashtags": []}
{"id": 1391178274802479104, "date": "2021-05-08", "time": "19:48:42", "tweet": "ESTRATEGIA DE TRADING CON MEDIAS MOVILES  \"ENTRA EN EL REBOTE\" Y APROBEC...  https://t.co/DiouNDZF81 #nasdaq #nasdaq100 #trading #trader #Daytrader #AppleEvent #teslastock #Dinero #TRADINGTIPS #stockmarkets #colombia #Bitcoin #dogecoin #ULTIMAHORA #ULTIMOMINUTO #URGENTE", "likes_count": 3, "replies_count": 0, "retweets_count": 0, "hashtags": ["nasdaq", "nasdaq100", "trading", "trader", "daytrader", "appleevent", "teslastock", "dinero", "tradingtips", "stockmarkets", "colombia", "bitcoin", "dogecoin", "ultimahora", "ultimominuto", "urgente"]}
{"id": 1391177813961682947, "date": "2021-05-08", "time": "19:46:52", "tweet": "Apple Vs. Tesla Stock: Which Is A Buy Now $AAPL $TSLA  https://t.co/tDSUG3SPWg", "likes_count": 1, "replies_count": 0, "retweets_count": 0, "hashtags": []}
{"id": 1391177517814276100, "date": "2021-05-08", "time": "19:45:41", "tweet": "Elon Musk is going on SNL, what will go up?   A) Tesla stock B) BTC C) Doge D) Spaceships  E) All of the above  F) None of the above", "likes_count": 39, "replies_count": 20, "retweets_count": 3, "hashtags": []}
{"id": 1391176505259175937, "date": "2021-05-08", "time": "19:41:40", "tweet": "@ValueAnalyst1 @anonyx10 Lol small time really? That’s extra cash to buy more Tesla if you think Tesla stock ain’t gonna move", "likes_count": 0, "replies_count": 1, "retweets_count": 0, "hashtags": []}
{"id": 1391176073241636864, "date": "2021-05-08", "time": "19:39:57", "tweet": "@DogecoinZack @Tesla I had like 50 @Tesla stock when it was double digits when my dumb ass didnt know the stock market very well, it was moving slow so I sold and a week later boom! #ToTheMoonAndBeyond", "likes_count": 0, "replies_count": 0, "retweets_count": 0, "hashtags": ["tothemoonandbeyond"]}
{"id": 1391175286000021504, "date": "2021-05-08", "time": "19:36:49", "tweet": "@ExplainingZae2 @FutureShynobi @nbcsnl Yes sell 70% of his wealth \"Tesla stock\" and watch the company that is ending vehicle pollution in the world burn into the ground.", "likes_count": 0, "replies_count": 1, "retweets_count": 0, "hashtags": []}
{"id": 1391175219486801920, "date": "2021-05-08", "time": "19:36:33", "tweet": "#Tesla stock bullish af above the buy trigger with a Take Profit Level at 1070$ and 1128$ @elonmusk  https://t.co/yhClwHPDpc", "likes_count": 0, "replies_count": 0, "retweets_count": 0, "hashtags": ["tesla"]}
{"id": 1391174893694115841, "date": "2021-05-08", "time": "19:35:16", "tweet": "@FutureShynobi @nbcsnl All they ever complain about is how rich he is even though 70% of his wealth is in tesla stock. What? Is he gonna sell it and watch the company he built from the ground up for 10 years stock price fall into the ground? Those haters ever contribute to society is noise pollution", "likes_count": 2, "replies_count": 0, "retweets_count": 0, "hashtags": []}
{"id": 1391174443691560961, "date": "2021-05-08", "time": "19:33:28", "tweet": "@elonmusk I just downloaded twitter to tell you that I have put my life savings into dogecoin. So this stock better go up man😭, Also let me get a Tesla!", "likes_count": 0, "replies_count": 0, "retweets_count": 0, "hashtags": []}
{"id": 1391171133974605826, "date": "2021-05-08", "time": "19:20:19", "tweet": "@GGetkko @DereckCoatney Imo only bull case for Tesla here is another stock split. Think about how their stock price even got her it’s not because of company fundamentals lol their energy buisness doesn’t matter. OTM call buyers and catalyst unrelated to buisness matter", "likes_count": 3, "replies_count": 2, "retweets_count": 0, "hashtags": []}
{"id": 1391170777685364738, "date": "2021-05-08", "time": "19:18:54", "tweet": "the last remaining hope for Tesla stock is the robotaxi and that is evaporating as well as Waymo operates actual robotaxi fleet with no drivers behind the wheel   while the only Teslas with no driver behind the wheel are found wrapped around trees", "likes_count": 0, "replies_count": 1, "retweets_count": 0, "hashtags": []}
{"id": 1391169787577835523, "date": "2021-05-08", "time": "19:14:58", "tweet": "@CoinsInTheWild Yes, i did since Feb but in the HK Stock Exchange. This is one of the biggest EV gem which the market is unfamiliar with.  Imagine they are second to Tesla in terms of EV sales and... they have the chip producing capabilities which none of the EV manufacturers have", "likes_count": 1, "replies_count": 0, "retweets_count": 0, "hashtags": []}
{"id": 1391168018097577986, "date": "2021-05-08", "time": "19:07:56", "tweet": "@stevenmarkryan There is truth to that. Yes Tesla is easier to understand if you have some background in physics and engineering or are generally curious people. However I still regret not going all in on tsla back in time. I have to admit that FUD back then got to me a bit. Was new to stock mkt", "likes_count": 2, "replies_count": 2, "retweets_count": 0, "hashtags": []}
{"id": 1391161405190066178, "date": "2021-05-08", "time": "18:41:40", "tweet": "@BoycottTrumpBus Self fulfilling prophecies. Still stupid though. I know too many tards that said “I should have bought Tesla when they did the stock split”. Unaware that nothing changed", "likes_count": 2, "replies_count": 1, "retweets_count": 0, "hashtags": []}
{"id": 1391161383559917570, "date": "2021-05-08", "time": "18:41:35", "tweet": "It's sad a high end luxury car brand @LucidMotors has to air a commercial during SNL to despite @tesla and @elonmusk and their stock has been going down so glad I got out of the stock. A strong car company doesn't need commercials because there are more buyers than cars", "likes_count": 1, "replies_count": 0, "retweets_count": 0, "hashtags": []}
{"id": 1391160652224471043, "date": "2021-05-08", "time": "18:38:40", "tweet": "Y’all better be watching doge coin and Tesla’s stock after @elonmusk is on @nbcsnl tonight!!  https://t.co/uqTCzvewZA", "likes_count": 1, "replies_count": 0, "retweets_count": 0, "hashtags": []}
{"id": 1391160392580227076, "date": "2021-05-08", "time": "18:37:38", "tweet": "@OhYesHeFresh Every day be Mother’s Day with you, buy her some Tesla stock", "likes_count": 0, "replies_count": 1, "retweets_count": 0, "hashtags": []}
{"id": 1391159618391453699, "date": "2021-05-08", "time": "18:34:34", "tweet": "Tesla stock price is directly tied to Elon Musk’s performance on SNL", "likes_count": 1, "replies_count": 0, "retweets_count": 0, "hashtags": []}
{"id": 1391159347456225281, "date": "2021-05-08", "time": "18:33:29", "tweet": "@APompliano Investing in crypto is wealth transfer (like precious metals). In the stock market, you're investing in companies that create things. Tesla, for example...", "likes_count": 3, "replies_count": 0, "retweets_count": 0, "hashtags": []}
{"id": 1391158914163609604, "date": "2021-05-08", "time": "18:31:46", "tweet": "Tesla Stock Is Dead Money—for Now - Barron's 👀   https://t.co/pHlKZYB7k1", "likes_count": 0, "replies_count": 0, "retweets_count": 0, "hashtags": []}
{"id": 1391156509783072772, "date": "2021-05-08", "time": "18:22:13", "tweet": "The change in title from \"Tesla Stock Needs a Catalyst. Here Are Some Contenders.\" to \"Tesla Stock Is Dead Money—for Now\" 😂   https://t.co/dxsNvaWdtC", "likes_count": 0, "replies_count": 0, "retweets_count": 0, "hashtags": []}
{"id": 1391155097418313729, "date": "2021-05-08", "time": "18:16:36", "tweet": "@dogecoin_empire Watch closely :Elon Musk and SNL show. Watch strong upside move in Dogecoin and Tesla stock , followed by huge upside continuation this year. You will be loving this show for ever, NO CEO has done ever this kind of show in the history.", "likes_count": 0, "replies_count": 0, "retweets_count": 0, "hashtags": []}
{"id": 1391154509708107776, "date": "2021-05-08", "time": "18:14:16", "tweet": "@ericrihlmann @Tesla Does it float? Yes it does look kinda like a big eyesore boat with wheels   When does the flat sheet metal panels come off and the real truck underneath is unveiled?   I like Tesla and invest in their stock but man this Truck is God aweful atrocious", "likes_count": 1, "replies_count": 0, "retweets_count": 0, "hashtags": []}
{"id": 1391152379588927494, "date": "2021-05-08", "time": "18:05:48", "tweet": "@JalalSali Did you own tesla stock ?", "likes_count": 0, "replies_count": 1, "retweets_count": 0, "hashtags": []}
{"id": 1391151276679999489, "date": "2021-05-08", "time": "18:01:25", "tweet": "Tesla is the only stock I regret selling I should of kept it lmao", "likes_count": 1, "replies_count": 0, "retweets_count": 0, "hashtags": []}
{"id": 1391150501291597825, "date": "2021-05-08", "time": "17:58:20", "tweet": "Aside of Tesla I never did great with stocks. I been flipping crypto since 2017 so, yeah. I’m a Crypto guy with a stock hand. Forex is too small for me. #WeBoutThisLife #CreepSquad", "likes_count": 5, "replies_count": 0, "retweets_count": 0, "hashtags": ["weboutthislife", "creepsquad"]}
{"id": 1391149886498820096, "date": "2021-05-08", "time": "17:55:53", "tweet": "@projoepat @MileyCyrus @elonmusk He tripled his net worth because people are buying Tesla stock. He didn't do anything.  Why not tell stock market investors to instead give money to the people you are talking about?", "likes_count": 1, "replies_count": 0, "retweets_count": 0, "hashtags": []}
{"id": 1391149443768938498, "date": "2021-05-08", "time": "17:54:08", "tweet": "@DanPriceSeattle Yeah but he’s made a lot of people wealthy off of tesla stock and doge soo", "likes_count": 2, "replies_count": 0, "retweets_count": 0, "hashtags": []}
{"id": 1391149354627604480, "date": "2021-05-08", "time": "17:53:47", "tweet": "Tesla..What Can You Say!! #tesla #tsla #stock #stockmarket #options #money #cars #tech #technology  https://t.co/F7FzJ707MP", "likes_count": 0, "replies_count": 0, "retweets_count": 0, "hashtags": ["tesla", "tsla", "stock", "stockmarket", "options", "money", "cars", "tech", "technology"]}
{"id": 1391148672017002499, "date": "2021-05-08", "time": "17:51:04", "tweet": "#Tesla $TSLA Cybertruck Makes Appearance In New York Ahead Of Musk’s Hosting Of ‘SNL’  https://t.co/XIuDc9inLF #StockMarket  https://t.co/hhlupUAnkO", "likes_count": 0, "replies_count": 0, "retweets_count": 0, "hashtags": ["tesla", "stockmarket"]}
{"id": 1391148272270680066, "date": "2021-05-08", "time": "17:49:29", "tweet": "buy tesla stock", "likes_count": 0, "replies_count": 0, "retweets_count": 0, "hashtags": []}
{"id": 1391148129936973826, "date": "2021-05-08", "time": "17:48:55", "tweet": "$GME was the most traded #stock in Norway for the month of April, with more trades than Tesla(#2) and Coinbase(#3) combined. $AMC took 4th place. I have a feeling this month we will have #GME and #AMC first and second. We are a global enterprise, baby. To the moon!  https://t.co/K4KDPg31e0", "likes_count": 197, "replies_count": 11, "retweets_count": 19, "hashtags": ["stock", "gme", "amc"]}
{"id": 1391146711981203462, "date": "2021-05-08", "time": "17:43:17", "tweet": "@GerberKawasaki People dont buy Tesla stock anymore. They buy doge. Elon pumping Doge and BTC has worked like an accidental capital raise, effectively diluting Tesla stock to the tune of $200B and moving that money all into Doge/BTC. At this point Doge makes the tulip craze seem quite sensible  https://t.co/WmxLwTRZ0R", "likes_count": 0, "replies_count": 0, "retweets_count": 0, "hashtags": []}
{"id": 1391146339132579840, "date": "2021-05-08", "time": "17:41:48", "tweet": "Lol! Tesla and SpaceX employees are paid well and receive stock options, which are one of the most valuable stocks in the market. Quit crying", "likes_count": 5, "replies_count": 1, "retweets_count": 1, "hashtags": []}
{"id": 1391145488037171204, "date": "2021-05-08", "time": "17:38:25", "tweet": "@CaseyMarion @StockMarketNerd @elonmusk Lol. You don’t understand investing. I don’t care about the stock price this year. I’ve already returned 400% on my Tesla investment after seeing it going down 40% in April 2020. These are 💎👏 you are talking too. You will be wrong in 10 years from now.", "likes_count": 0, "replies_count": 1, "retweets_count": 0, "hashtags": []}
{"id": 1391144476131807233, "date": "2021-05-08", "time": "17:34:23", "tweet": "@Tesla @rukurukuikka When will the car be delivered? My feelings are starting to disappear. Stock prices go up. lol", "likes_count": 5, "replies_count": 1, "retweets_count": 0, "hashtags": []}
{"id": 1391144435946192896, "date": "2021-05-08", "time": "17:34:14", "tweet": "@panininino @BarryHalls11 @RBReich Musk gets all his money only if his employees get rich from stock options. This is a great incentive alignment tool. Workers are passionate about working at Tesla and it's very difficult and they are justly rewarded! This might not be possible with a union.", "likes_count": 1, "replies_count": 1, "retweets_count": 0, "hashtags": []}
{"id": 1391142580960718848, "date": "2021-05-08", "time": "17:26:52", "tweet": "@DanPriceSeattle Isn't Tesla stock down like 100 bucks the past month?", "likes_count": 0, "replies_count": 0, "retweets_count": 0, "hashtags": []}
{"id": 1391140768211881985, "date": "2021-05-08", "time": "17:19:39", "tweet": "@givemeamnesia @ntrembath @beaugbowden @JDSugarbaker @sarahcpr 1/ The penalty was not for 'manipulating the stock price'.  It was for not complying with a 2013 agreement in which Tesla notified the SEC that Musk would use Twitter as a means of communicating with shareholders and that appropriate checks would be in place to allow this.", "likes_count": 3, "replies_count": 1, "retweets_count": 0, "hashtags": []}
{"id": 1391137587113472000, "date": "2021-05-08", "time": "17:07:01", "tweet": "@DCDOWORK @rocobasilisk Why do you keep using $TSLA to pump $NIO? Pleas use NIO’s own merits to pump their stock.  I have nothing against NIO, but it’s definitely not in the same league as Tesla and shouldn’t be linked to $TSLA.", "likes_count": 2, "replies_count": 1, "retweets_count": 0, "hashtags": []}
{"id": 1391136705537789964, "date": "2021-05-08", "time": "17:03:31", "tweet": "@ElektricTAZ @ZacksJerryRig @Tesla In a lot of states you actually legally have to have your lightbar covered when on a public road. Nobody ever does, but it probably means a car manufacturer couldn't sell it stock like that.", "likes_count": 17, "replies_count": 1, "retweets_count": 0, "hashtags": []}
{"id": 1391135856040239108, "date": "2021-05-08", "time": "17:00:08", "tweet": "@cdraff @theguruofreason @RBReich All you needed was maybe $5k 3 years ago in Tesla stock, I’m not sorry that you have sour grapes.. I am firmly middle class,  so if you are struggling with rent or what ever get a second job", "likes_count": 0, "replies_count": 1, "retweets_count": 0, "hashtags": []}
{"id": 1391135363838713859, "date": "2021-05-08", "time": "16:58:11", "tweet": "@ScottoSays @TheBrianMcManus Lol you really think hundreds of billions in stock is owned by brain washed fan boys? Guess I’m not surprised since you also thing Tesla’s profit is fake.", "likes_count": 0, "replies_count": 1, "retweets_count": 0, "hashtags": []}
{"id": 1391131012453654529, "date": "2021-05-08", "time": "16:40:53", "tweet": "@StolenDans Honestly I don't trust dumping much in doge now that Tesla owns a chunk of it. Stock boys think Elon is looking out for them but he's just gonna sell it all soon and make the price worthless.", "likes_count": 2, "replies_count": 1, "retweets_count": 0, "hashtags": []}
{"id": 1391129051331502082, "date": "2021-05-08", "time": "16:33:06", "tweet": "Hopefully my tesla stock goes up tonight", "likes_count": 1, "replies_count": 0, "retweets_count": 0, "hashtags": []}
{"id": 1391126825955467267, "date": "2021-05-08", "time": "16:24:15", "tweet": "@cdraff @theguruofreason @RBReich It’s for ppl who in areas where fibre or cable downs serve.. I’m in one of those communities and I have fast internet... I also have a Tesla car, roof and I will retire this on the stock at 52... so you can say what you want.. but seems you missed the boat", "likes_count": 0, "replies_count": 1, "retweets_count": 0, "hashtags": []}
{"id": 1391126560518848517, "date": "2021-05-08", "time": "16:23:12", "tweet": "@SheilaGinHB @RBReich Wrong. I worked in sales @ Tesla and got stock. More money than I ever made and changed my proudly blue collar life.", "likes_count": 1, "replies_count": 1, "retweets_count": 0, "hashtags": []}
{"id": 1391126084922580994, "date": "2021-05-08", "time": "16:21:19", "tweet": "@jzstring13 @RBReich Every worker gets stock! As Avg worker at Tesla my stock has made me rich &amp; able to retire if I wanted. I’m all for unions in general &amp; wealth inequality is huge problem but Tesla &amp; Elon r not villains. They’re working to make world better place &amp; giving every work stock.", "likes_count": 3, "replies_count": 2, "retweets_count": 1, "hashtags": []}
{"id": 1391125808723410944, "date": "2021-05-08", "time": "16:20:13", "tweet": "@garyblack00 @elonmusk I really concer about this and the impact on the current and future valuation of Tesla stock... Imagine how many things are different from what Musk says with the reality  https://t.co/VjrKysPkYD", "likes_count": 0, "replies_count": 0, "retweets_count": 0, "hashtags": []}
{"id": 1391125183621214214, "date": "2021-05-08", "time": "16:17:44", "tweet": "@nakonechniid @elonmusk @OwenSparks_ DGYTVYdxsZbJNDtfFi86djVQpa2tfBBnjd   Would help me plenty too, I would even use it to buy a tesla stock because if I could afford it I would have bought long time ago", "likes_count": 0, "replies_count": 0, "retweets_count": 0, "hashtags": []}
{"id": 1391124921871388679, "date": "2021-05-08", "time": "16:16:41", "tweet": "@BadGal_Tati most times they just need \"why\" because I changed my mind as situations change.... stock market is fluid, most don't get that finer detail....", "likes_count": 0, "replies_count": 0, "retweets_count": 0, "hashtags": []}
{"id": 1391123280795418627, "date": "2021-05-08", "time": "16:10:10", "tweet": "@RBReich You make some concerning points, but I question if many are isolated vs Tesla-wide problems. Wages and net worth are not comparable: shareholders can't just spend that money if a stock jumps. The company also had a perfect inclusivity score from  https://t.co/PRutpKGTfr.", "likes_count": 0, "replies_count": 0, "retweets_count": 0, "hashtags": []}
{"id": 1391122707492839428, "date": "2021-05-08", "time": "16:07:53", "tweet": "Hey @elonmusk shout out #AMC and GME on @nbcsnl I bet I’m not the only ape who would purchase Tesla stock and personally buy a Tesla #saveamc #amc", "likes_count": 68, "replies_count": 4, "retweets_count": 8, "hashtags": ["amc", "saveamc", "amc"]}
{"id": 1391120188276449286, "date": "2021-05-08", "time": "15:57:53", "tweet": "Check out our latest video on #Tesla &amp; #Nio stock prediction here:  https://t.co/GIWlLMB1B9 #stocks  https://t.co/k9VUrxBu6R", "likes_count": 0, "replies_count": 0, "retweets_count": 0, "hashtags": ["tesla", "nio", "stocks"]}
{"id": 1391119118221422594, "date": "2021-05-08", "time": "15:53:38", "tweet": "@SethAbramson How did Tesla stock do last week? Talk about a cult of personality. Sometimes being in a cult can come in handy. I bought Tesla at 150 and when it dropped and stayed down I sold it at 70. The cult stuck with him and, let’s see...why it’s 672!", "likes_count": 0, "replies_count": 1, "retweets_count": 0, "hashtags": []}
{"id": 1391118993985998848, "date": "2021-05-08", "time": "15:53:08", "tweet": "@elonmusk Please save Tesla stock. It’s bleeding everyday", "likes_count": 0, "replies_count": 1, "retweets_count": 0, "hashtags": []}
{"id": 1391115795900547073, "date": "2021-05-08", "time": "15:40:26", "tweet": "@Tesla Yea great staff let’s buy some Tesla garbage stock", "likes_count": 2, "replies_count": 0, "retweets_count": 0, "hashtags": []}
{"id": 1391115164355792898, "date": "2021-05-08", "time": "15:37:55", "tweet": "Today’s unions are like yesterday’s mafia. I would so much prefer my stock options @Tesla @elonmusk", "likes_count": 0, "replies_count": 0, "retweets_count": 0, "hashtags": []}
{"id": 1391113835319336963, "date": "2021-05-08", "time": "15:32:38", "tweet": "@50bips @TSLAFanMtl Tesla had sell records. Stock 20% down since that. 21 sell record also did not move the stock, bears dont see big net income from car sales.  50% car sales growth is already in the stock price. They want something new. It will happen with Berlin/Texas Giga for sure. 🚀", "likes_count": 0, "replies_count": 0, "retweets_count": 0, "hashtags": []}
{"id": 1391113660848906240, "date": "2021-05-08", "time": "15:31:57", "tweet": "@jimcramer Glad I follow Cathy. Sold my Apple, google Amazon and FB and bought a ton of Tesla, Crisper, Invatae. Thank the stock gods for Cathy Wood", "likes_count": 0, "replies_count": 0, "retweets_count": 0, "hashtags": []}
{"id": 1391112924039553028, "date": "2021-05-08", "time": "15:29:01", "tweet": "@carsonight @TSLAFanMtl Whether Tesla is production constrained is not relevant. It is whether buyers and owners of the stock feel that it is true and worth buying more.  (Note the evidence of being production constrained is much better than being demand constrained IMO)", "likes_count": 0, "replies_count": 1, "retweets_count": 0, "hashtags": []}
{"id": 1391111800897212416, "date": "2021-05-08", "time": "15:24:33", "tweet": "@TheCousinSal I just hope his performance isn’t tied to my Tesla stock....", "likes_count": 0, "replies_count": 0, "retweets_count": 0, "hashtags": []}
{"id": 1391111625982324743, "date": "2021-05-08", "time": "15:23:51", "tweet": "@KadyRoxz Yeah I don’t mess with my investments period my Tesla stock is one the reasons my portfolio is up 69% overall 😄 so it’s definitely the long game for me and Dodge was more of a “Couldn’t hurt 🤷🏾‍♂️”", "likes_count": 1, "replies_count": 0, "retweets_count": 0, "hashtags": []}
{"id": 1391111035461984256, "date": "2021-05-08", "time": "15:21:31", "tweet": "@ScottoSays @TheBrianMcManus The value of the stock price has nothing to do with Tesla. Only what people are willing to pay for  a share.", "likes_count": 0, "replies_count": 1, "retweets_count": 0, "hashtags": []}
{"id": 1391110499102826496, "date": "2021-05-08", "time": "15:19:23", "tweet": "@JohnOBrienmsuit Tesla jobs are high-paying (way above living wage) and with benefits and stock compensation as well.", "likes_count": 0, "replies_count": 0, "retweets_count": 0, "hashtags": []}
{"id": 1391109091750150145, "date": "2021-05-08", "time": "15:13:47", "tweet": "@martypartymusic This is the way!! 🚀🚀🆙🆙  stock up on NIO, Tesla and Hyliion !!", "likes_count": 0, "replies_count": 1, "retweets_count": 0, "hashtags": []}
{"id": 1391108611682848775, "date": "2021-05-08", "time": "15:11:53", "tweet": "Tesla Stock Is Dead Money — for Now  https://t.co/VWf6s7hREO via @BarronsOnline", "likes_count": 0, "replies_count": 0, "retweets_count": 0, "hashtags": []}
{"id": 1391107526179971072, "date": "2021-05-08", "time": "15:07:34", "tweet": "@RBReich  https://t.co/5oPqx25dOI Go on. The cut in pay definitely cost them more than their tesla stock compensation earned them. I'm sure you've done the math.", "likes_count": 16, "replies_count": 3, "retweets_count": 2, "hashtags": []}
{"id": 1391107302917242881, "date": "2021-05-08", "time": "15:06:41", "tweet": "@Jason Sadly on Monday most news outlets, tslaq, etc might post Tesla FUD or some video of a Tesla in China speeding(!) and not magically stopping and Tesla's stock will tank.   Seeing someone who has done well have fun really upsets those people.", "likes_count": 0, "replies_count": 0, "retweets_count": 0, "hashtags": []}
{"id": 1391106381609148418, "date": "2021-05-08", "time": "15:03:01", "tweet": "\"As spring turns to summer, take some time for a road trip. Reflect on the future of the auto industry at the beach. Just don’t expect a breakout for Tesla stock. That will have to wait until later.\"  Later. 🤡 $TSLA $TSLAQ  https://t.co/3USX2pv8E5", "likes_count": 2, "replies_count": 0, "retweets_count": 1, "hashtags": []}
{"id": 1391105393808617479, "date": "2021-05-08", "time": "14:59:06", "tweet": "@og_dogecoin @BarrySilbert Time to offload partial #BTC 's (sats) on those poor chumps 👷🏻‍♀️👷🏻‍♂️👮🏻‍♀️👮🏻‍♂️👩🏻‍🌾👨🏻‍🌾 that can't even afford to buy &amp; hold a full unit.   It's like that new offering of slice of a stock.   i.e.: Who the F wants to own 1/4 of an 🍏 or Tesla stock?   2/2", "likes_count": 4, "replies_count": 0, "retweets_count": 0, "hashtags": ["btc"]}
{"id": 1391105071723786243, "date": "2021-05-08", "time": "14:57:49", "tweet": "@Anon_Ymous_Twit @Mechman20 @Rossmacdonald1 @davidgokhshtein Argue maybe not the right word. it def got my attention. I will be buying some Tesla stock once its back in a good value range. I did great with Doge as well. Hoping some lil clues he has dropped means XRP is next :)", "likes_count": 0, "replies_count": 0, "retweets_count": 0, "hashtags": []}
{"id": 1391104363641323525, "date": "2021-05-08", "time": "14:55:00", "tweet": "@elonmusk Would love to see #ElonMusk play/act the #Tesla stock and Miley Cyrus play the HF’s", "likes_count": 0, "replies_count": 0, "retweets_count": 0, "hashtags": ["elonmusk", "tesla"]}
{"id": 1391102895991500800, "date": "2021-05-08", "time": "14:49:10", "tweet": "Tesla Stock Is Dead Money — for Now $TSLA  https://t.co/B3P09TiHgI via @Barronsonline", "likes_count": 10, "replies_count": 2, "retweets_count": 1, "hashtags": []}
{"id": 1391102784712347650, "date": "2021-05-08", "time": "14:48:43", "tweet": "@UmbiSam As per ELon It almost did count you lucky stars it didn’t today is not 2020. Tesla is worth anywhere near where it trades and it is inevitable that Tesla stock will fall considerable lower ( if not bankrupt) $tsla $tslaq", "likes_count": 0, "replies_count": 0, "retweets_count": 1, "hashtags": []}
{"id": 1391101957268410372, "date": "2021-05-08", "time": "14:45:26", "tweet": "@tjl it seems inevitable that dogecoin, bitcoin, Tesla stock, and Grimes publishing rights will all go up at least 25% based on something dumb he says tonight", "likes_count": 1, "replies_count": 0, "retweets_count": 0, "hashtags": []}
