{"id": 1446986431633690628, "date": "2021-10-09", "time": "19:50:23", "tweet": "@Gf4Tesla Buying Tesla stock after watching this", "likes_count": 1, "replies_count": 0, "retweets_count": 0, "hashtags": []}
{"id": 1446985803163336709, "date": "2021-10-09", "time": "19:47:53", "tweet": "@tesla_stock_ 노숙자들촌이가ㅋㅋ", "likes_count": 0, "replies_count": 0, "retweets_count": 0, "hashtags": []}
{"id": 1446985617879961601, "date": "2021-10-09", "time": "19:47:09", "tweet": "@tesla_stock_ 띠용  https://t.co/GXGe4GG2Zx", "likes_count": 0, "replies_count": 0, "retweets_count": 0, "hashtags": []}
{"id": 1446985523399122948, "date": "2021-10-09", "time": "19:46:47", "tweet": "@LorenaSGonzalez NO thanks to @LorenaSGonzalez  and your treatment of Elon Musk and Tesla, they are expanding Freemont.    THANKS TO YOU all the rest of the jobs walking out of the state... Net LOSS.  Using old and new math!  PS Tesla Fanboy Someone who invested in a publicly traded stock. #TSLA", "likes_count": 0, "replies_count": 0, "retweets_count": 0, "hashtags": ["tsla"]}
{"id": 1446983873737281538, "date": "2021-10-09", "time": "19:40:13", "tweet": "@SophistUnpaid @LudaLisl It was my first ever investment in the stock market and all I had to invest at the time was $5K. It was massive risk and it was so uncertain whether Tesla would prevail for over a decade there, and there was so much FUD over that time. Thank goodness it’s worked out ok 😀", "likes_count": 5, "replies_count": 1, "retweets_count": 0, "hashtags": []}
{"id": 1446983454202245121, "date": "2021-10-09", "time": "19:38:33", "tweet": "@steve_hanke 2/ Amazon and Tesla  were both volatile asset in their beginning,  we should have ignore these stock following your thinking… ⚡️🚗 will never work and selling book on internet is a dum idea…  it is ok to be scared of roller coaster, it doesnt mean others won’t enjoy the ride 🤡", "likes_count": 0, "replies_count": 0, "retweets_count": 0, "hashtags": []}
{"id": 1446983003863982089, "date": "2021-10-09", "time": "19:36:46", "tweet": "Buy Tesla stock, not even a joke", "likes_count": 0, "replies_count": 0, "retweets_count": 0, "hashtags": []}
{"id": 1446982110741352449, "date": "2021-10-09", "time": "19:33:13", "tweet": "@JohnCollins_KP @JennySa10054023 No. But I'm sure he got every tax break available and satisfied his stock investors.  I do see a lot of Tesla's now in Seattle.", "likes_count": 1, "replies_count": 0, "retweets_count": 0, "hashtags": []}
{"id": 1446981467440041988, "date": "2021-10-09", "time": "19:30:40", "tweet": "My girl hml to tell me buy Tesla stock 🤣 that’s just an example of why we locked in", "likes_count": 0, "replies_count": 0, "retweets_count": 0, "hashtags": []}
{"id": 1446980827083165698, "date": "2021-10-09", "time": "19:28:07", "tweet": " https://t.co/0FjvSifdW4 Tesla Stock Is Only Worth This Much, S&amp;P 500 Analysts Insist  https://t.co/6hpYPrCRb9 #cryptocurrencies #LightningNetWork #tron", "likes_count": 0, "replies_count": 0, "retweets_count": 0, "hashtags": ["cryptocurrencies", "lightningnetwork", "tron"]}
{"id": 1446979812594262016, "date": "2021-10-09", "time": "19:24:05", "tweet": "@ceylongraphite Great article  and news for ceylon's graphite investors !! I'm really excited to see how the stock price will be affected but with facts like the ones mentioned in the text plus them being environmentally responsible great things are about to happen. @Tesla", "likes_count": 0, "replies_count": 0, "retweets_count": 0, "hashtags": []}
{"id": 1446978583063265281, "date": "2021-10-09", "time": "19:19:12", "tweet": "@logi_song Elon has most of his assets in Tesla, SpaceX stock, he barely owns any Bitcoin or doge personally", "likes_count": 0, "replies_count": 0, "retweets_count": 0, "hashtags": []}
{"id": 1446978228699152387, "date": "2021-10-09", "time": "19:17:47", "tweet": "I knew I was sacrificing profits, but very glad I sold my Tesla stock once this guy revealed his horrid character. It would have been shameful to make money through him. So I invested in a Canadian weed company instead.   https://t.co/gtrVhoAkUe", "likes_count": 10, "replies_count": 1, "retweets_count": 1, "hashtags": []}
{"id": 1446976768452308996, "date": "2021-10-09", "time": "19:11:59", "tweet": "@IDKFA3 @TheSmokingTire @Paul91701736 It's not Tesla's taxes, it's Elon Musk's personal taxes and all he has to do is sell some of his stock to pay his taxes. Considering he is one of the richest people in the world, I think he could let sell some stock.", "likes_count": 0, "replies_count": 1, "retweets_count": 0, "hashtags": []}
{"id": 1446975729737027584, "date": "2021-10-09", "time": "19:07:52", "tweet": "@fly4dat @elonmusk Put sellers would typically invest that money back in stock which would help Tesla, but l admit that was a dumb way to portray it. Let me rephrase it. How much money have you lost betting against Tesla via puts?", "likes_count": 1, "replies_count": 1, "retweets_count": 0, "hashtags": []}
{"id": 1446966571021193219, "date": "2021-10-09", "time": "18:31:28", "tweet": "@CyberTruckRonin @SawyerMerritt @WR4NYGov @heydave7 @pakpakchicken @stevenmarkryan @TeslaPodcast @tobilindh @WholeMarsBlog @Kristennetten @LimitingThe @Gfilche @Captn_Hype @ev_stock This is incredible! I haven't seen anything like this since I was in engineering school 20 years ago!  What an incredible advance made by Tesla! /s", "likes_count": 2, "replies_count": 0, "retweets_count": 0, "hashtags": []}
{"id": 1446965508604141568, "date": "2021-10-09", "time": "18:27:15", "tweet": "✴ El chip que Samsung fabricará es el HW4.0 (7nm) que es el responsable de toda la conducción autónoma. La magia de los Tesla. Este chip verá la luz a mediados de 2022 por lo que el stock está asegurado. (2/5)", "likes_count": 0, "replies_count": 1, "retweets_count": 0, "hashtags": []}
{"id": 1446964230561968130, "date": "2021-10-09", "time": "18:22:10", "tweet": "\"The highest price target calls for shares to trade at 1,200, while the lowest is at 150. But even the more charitable median Tesla price target implies the stock is more than 6% overvalued.\" 🤣🤣🤣  https://t.co/rbQ75o0uzC", "likes_count": 0, "replies_count": 0, "retweets_count": 0, "hashtags": []}
{"id": 1446961179113541636, "date": "2021-10-09", "time": "18:10:02", "tweet": "@rolypolyistaken Elon is a ridiculous person that does not even rise to the level of a buffoon. Tesla is a preposterously overvalued stock, and Elon is using this, and outright fraud in state contracts, to fund silly space projects which do nothing for humanity.", "likes_count": 2, "replies_count": 0, "retweets_count": 0, "hashtags": []}
{"id": 1446960764263276549, "date": "2021-10-09", "time": "18:08:24", "tweet": "@GOPChairwoman Guess your going to sell your stock in tRump enterprises now and buy up all the Ford and Tesla stock you can and all those profits will trickle down to the rest of us like they always have before, right Ronna?", "likes_count": 0, "replies_count": 0, "retweets_count": 0, "hashtags": []}
{"id": 1446958486110105600, "date": "2021-10-09", "time": "17:59:20", "tweet": "@TeslaAndBitcoin What changes now? Must be tesla stock 🤣", "likes_count": 2, "replies_count": 1, "retweets_count": 0, "hashtags": []}
{"id": 1446957698143059969, "date": "2021-10-09", "time": "17:56:13", "tweet": "Why UiPath Slumped 16.8% in September: Cathie Wood sold Tesla shares to buy this stock on its recent dip. Read More  https://t.co/lHf0Q2YEkY  |  https://t.co/FHLhKCQA7o   |  https://t.co/8I40uVqCwg #cryptocurrency #Bitcoin #Forex  https://t.co/Ag8fGs6s5Q", "likes_count": 0, "replies_count": 0, "retweets_count": 2, "hashtags": ["cryptocurrency", "bitcoin", "forex"]}
{"id": 1446953647796101123, "date": "2021-10-09", "time": "17:40:07", "tweet": "Stock price going to $800 on Monday. #bullish #tesla #ACL #AustinCityLimits #tesla #FSDBeta  https://t.co/JyH7bX92gB", "likes_count": 499, "replies_count": 27, "retweets_count": 22, "hashtags": ["bullish", "tesla", "acl", "austincitylimits", "tesla", "fsdbeta"]}
{"id": 1446952438854914048, "date": "2021-10-09", "time": "17:35:19", "tweet": "@Tracycoulter14 I wouldn't mind seeing my Tesla stock split again.", "likes_count": 1, "replies_count": 0, "retweets_count": 0, "hashtags": []}
{"id": 1446948806713430019, "date": "2021-10-09", "time": "17:20:53", "tweet": "Causes me to look for an exit for Tesla stock I own. Assembly woman is unfortunately right. Elon Musk Suggests One Mean Tweet Prompted Tesla’s Move to Texas  https://t.co/zFx0sJufqC via @thedailybeast", "likes_count": 0, "replies_count": 0, "retweets_count": 0, "hashtags": []}
{"id": 1446947675295858690, "date": "2021-10-09", "time": "17:16:23", "tweet": "@WPipperger Fred's take: it's a great vehicle, but buy Tesla so my stock goes up.", "likes_count": 1, "replies_count": 0, "retweets_count": 0, "hashtags": []}
{"id": 1446947403869954049, "date": "2021-10-09", "time": "17:15:18", "tweet": "Giga Berlin Is Incredible (German Bureaucracy, 4680s, Tesla Stock Showin...  https://t.co/4TZdvmqV8x via @YouTube", "likes_count": 0, "replies_count": 0, "retweets_count": 0, "hashtags": []}
{"id": 1446946140134461448, "date": "2021-10-09", "time": "17:10:17", "tweet": "@jasondebolt If he’s a close friend, just simply tell him, “there will always be a roof over your head and meals on the table for you here if things do not go well with your $F stock choice. I will also never rub in that you should have just invested into $tsla instead buddy”   😉", "likes_count": 5, "replies_count": 0, "retweets_count": 0, "hashtags": []}
{"id": 1446945686746898434, "date": "2021-10-09", "time": "17:08:29", "tweet": "@jasondebolt I’d like to caution you and behoove you to look more into putting your savings into Tesla stock instead. Don’t follow the analysts do your own research please for the sake of your children", "likes_count": 1, "replies_count": 0, "retweets_count": 0, "hashtags": []}
{"id": 1446943727214202886, "date": "2021-10-09", "time": "17:00:42", "tweet": "NFTs are very simple  Apple stock isn’t the same as a Tesla stock  A chilis gift card isn’t the same as a buffalo wild wings gift card  A concert ticket for Bring me the Horizon isn’t the same as one for Lane 8  Similar tokens that all correspond to different things &amp; rules", "likes_count": 8, "replies_count": 2, "retweets_count": 0, "hashtags": []}
{"id": 1446943221028769792, "date": "2021-10-09", "time": "16:58:41", "tweet": "@jasondebolt Tesla stock is undervalued too! My friend, do not decide whether it is undervalued or not based on the past decided based on the future and you will see that Tesla is undervalued and Ford is not. my friend, it is a good idea to find a value;then invest all your net worth in it", "likes_count": 0, "replies_count": 0, "retweets_count": 0, "hashtags": []}
{"id": 1446939076150628354, "date": "2021-10-09", "time": "16:42:13", "tweet": "Tesla is having fun at giga Berlin, fine. Just make me rich with your stock. Fuck if I care lol", "likes_count": 0, "replies_count": 0, "retweets_count": 0, "hashtags": []}
{"id": 1446928645180821507, "date": "2021-10-09", "time": "16:00:46", "tweet": "@MSNBC I see the hydroelectricity promo scanning fake news msnbc. If the world was all alps with glaciers melting down like Switzerland we could limit co2 emissions!😂 The same parent company CNBC  I made bank buying tesla stock with your fake news!", "likes_count": 0, "replies_count": 1, "retweets_count": 0, "hashtags": []}
{"id": 1446927829539643407, "date": "2021-10-09", "time": "15:57:31", "tweet": "@GerlandSam @WholeMarsBlog @elonmusk People still aren’t realizing it. Just a few Tesla Twitter fans. You’ll know when “people” realize it because the stock price will be $1200. Might take another six months.", "likes_count": 6, "replies_count": 0, "retweets_count": 0, "hashtags": []}
{"id": 1446927708693274625, "date": "2021-10-09", "time": "15:57:03", "tweet": "@garyblack00 $tsla is all about PEG ratio, &amp; #Tesla ’s growth, as well as carbon neutrality as an economic growth driver for 🇺🇸 &amp; 🌎, have all been under appreciates &amp; estimated, preventing $tsla from becoming a real stock market bubble, &amp; it will become 1, in 2022?😂  https://t.co/YjbnZwIBHi", "likes_count": 0, "replies_count": 0, "retweets_count": 0, "hashtags": ["tesla"]}
{"id": 1446926985310130178, "date": "2021-10-09", "time": "15:54:10", "tweet": "@Paul91701736 @Daily_Express Trying to offer German workers stock options instead of Union protected wages is insane.  They have a very different labor and stock culture in Germany compared to the states. Tesla will have problems.", "likes_count": 1, "replies_count": 0, "retweets_count": 0, "hashtags": []}
{"id": 1446925728088424449, "date": "2021-10-09", "time": "15:49:10", "tweet": "@Todd48161182 @TeslaHistorian @markbspiegel Tesla has $16.229B in cash on hand as of Q2 2021 (likely more now) and $7.871B in debt. Even in a force majeure event such as a '30s style stock market crash, why do you think Tesla would have to borrow?  https://t.co/64IVdgyaCw", "likes_count": 0, "replies_count": 1, "retweets_count": 0, "hashtags": []}
{"id": 1446925652037443588, "date": "2021-10-09", "time": "15:48:52", "tweet": "Tesla Stock to Hit ‘Four Digits’ Heading into 2022: Wedbush  https://t.co/FPV0JRGXlN", "likes_count": 10, "replies_count": 0, "retweets_count": 1, "hashtags": []}
{"id": 1446923825438990338, "date": "2021-10-09", "time": "15:41:37", "tweet": "Tesla doing aiiii on the stock market, made me a few coins. 🪙🪙💯💪🏾  #MulaLansky", "likes_count": 0, "replies_count": 0, "retweets_count": 0, "hashtags": ["mulalansky"]}
{"id": 1446922182328823810, "date": "2021-10-09", "time": "15:35:05", "tweet": "@MichaelMarilion @ESGhound @TESLAcharts @FairDinkumCap @NegDiscountRt @Marshmall0wpeep @JCOviedo6 @elonmusk @RemindMe_OfThis ???? I am TSLAQ adjacent, but I suspect he sells his stock, Tesla eventually deflates back to reality, and he is rich. Where is this jail time? He suckers people but I doubt he goes to jail (although that would be awesome)", "likes_count": 0, "replies_count": 2, "retweets_count": 0, "hashtags": []}
{"id": 1446921707608969220, "date": "2021-10-09", "time": "15:33:12", "tweet": "@jasondebolt We sold all our Ford stock. Ford and GM will have a very expensive and difficult transition to large scale volume EV production.  Much better to buy Tesla.", "likes_count": 0, "replies_count": 0, "retweets_count": 0, "hashtags": []}
{"id": 1446914765897359363, "date": "2021-10-09", "time": "15:05:37", "tweet": "@TrendSpider Its going to trade between $650-$800 for next 2 years atleast before its going to leg higher. Currently all priced in Car sales up to 5Million/year, FSD, Energy etc. Stock going to move higher with new business $TESLA BOT", "likes_count": 0, "replies_count": 0, "retweets_count": 0, "hashtags": []}
{"id": 1446911904958529540, "date": "2021-10-09", "time": "14:54:15", "tweet": "@jasondebolt Sit down and show them Sandy Munro’s tear down of the Ford Mach E vs the Model Y, Tesla AI and investor day videos. Go through Tesla’s road map, FSD etc. compare stock performance, then get your friend to demonstrate Ford’s roadmap for the future can out perform Tesla’s.", "likes_count": 0, "replies_count": 0, "retweets_count": 0, "hashtags": []}
{"id": 1446911633821995020, "date": "2021-10-09", "time": "14:53:10", "tweet": "@jasondebolt Show him the last 30 years chart of Ford, virtually same price, then ask him where Tesla stock may be in 30", "likes_count": 0, "replies_count": 0, "retweets_count": 0, "hashtags": []}
{"id": 1446910750417735686, "date": "2021-10-09", "time": "14:49:39", "tweet": "@TreVeyonH4 used his first scholarship check to buy @Tesla stock  https://t.co/9QOKGx6rP8", "likes_count": 0, "replies_count": 0, "retweets_count": 0, "hashtags": []}
{"id": 1446910727189565448, "date": "2021-10-09", "time": "14:49:34", "tweet": "@jasondebolt 1/Think about 2030. If Ford vehicles lose competition to Tesla vehicles, the price he pays for stock now won’t matter. Just like with GM’s shareholders in 2008, 100% equity gets wiped out. It’s easier for Tesla to scale up, than for Ford to get good at Software, EVs, and Autonomy", "likes_count": 17, "replies_count": 1, "retweets_count": 2, "hashtags": []}
{"id": 1446910397454422017, "date": "2021-10-09", "time": "14:48:15", "tweet": "@BillisKing just heard on the TV that TreVeyon Henderson took his first scholarship check and bought TSLA stock with it. He is not shorting Tesla.", "likes_count": 1, "replies_count": 0, "retweets_count": 0, "hashtags": []}
{"id": 1446909876341559302, "date": "2021-10-09", "time": "14:46:11", "tweet": "@StepOutta @IanSmit23016024 @Tesla__Mania Like I said though, I believe Tesla will succeed. I'm not too sure their stock price change over the next 10 years may reflect that though. It sure will in the next 20-30 years though. But hey, investing should always be long term so you don't (shouldn't) have to worry about it.", "likes_count": 0, "replies_count": 0, "retweets_count": 0, "hashtags": []}
{"id": 1446909112365699079, "date": "2021-10-09", "time": "14:43:09", "tweet": "@sankaran_gyal @bootyjudge_pete @dexonpoint @ProPeace97 @bradwinner_ @AndrewYang But that's not always true. Just look at Tesla's stock prices over the past few years.  There are obviously a LOT of \"capitalists\" who believe in the future of electric cars, and battery technology.", "likes_count": 0, "replies_count": 1, "retweets_count": 0, "hashtags": []}
{"id": 1446909109580836864, "date": "2021-10-09", "time": "14:43:08", "tweet": "@OSOMKeats @TheSmokingTire They're everywhere! Can't say anything without a bunch of pathetic fanatics jumping on to protect their Lord #Elon, not because they care about humanity or our planet but because they have their life savings in $TSLA stock. #Tesla #ElonLies", "likes_count": 4, "replies_count": 0, "retweets_count": 0, "hashtags": ["elon", "tesla", "elonlies"]}
{"id": 1446907298031484936, "date": "2021-10-09", "time": "14:35:56", "tweet": "@StepOutta @IanSmit23016024 @Tesla__Mania You only focus(brag) on the up considering your previous statement. That being said, you don't believe in Tesla, you believe in its stock which is why people look at some you like jokes. Tesla will succeed though. If you really believe in them, you won't sell when it crashes.", "likes_count": 0, "replies_count": 2, "retweets_count": 0, "hashtags": []}
{"id": 1446899658731757568, "date": "2021-10-09", "time": "14:05:35", "tweet": "@BusinessFamous Buy Tesla stock", "likes_count": 1, "replies_count": 0, "retweets_count": 0, "hashtags": []}
{"id": 1446898663050072064, "date": "2021-10-09", "time": "14:01:38", "tweet": "@SawyerMerritt VW can easily survive and thrive with Tesla &amp; Giga Berlin. All they have to do is buy a lot of Tesla stock.", "likes_count": 1, "replies_count": 0, "retweets_count": 0, "hashtags": []}
{"id": 1446894785264975881, "date": "2021-10-09", "time": "13:46:13", "tweet": "@RonMadison11 @DocCdn @KoguanLeo @garyblack00 @elonmusk @Teslaconomics @WholeMarsBlog @stevenmarkryan @TSLAFanMtl @TroyTeslike You’re conflating other revenue streams with production capacity. I’m well aware of Tesla’s various projects and it’s why I’m whole hog into the stock.  I was simply questioning your 2022 vehicle production #s which seem very optimistic even for a bull like me.", "likes_count": 2, "replies_count": 2, "retweets_count": 0, "hashtags": ["s"]}
{"id": 1446894362198253573, "date": "2021-10-09", "time": "13:44:32", "tweet": "↓ $TSLA   10/08/2021  Tesla Inc. Common Stock Last Sale : $785.49  Change : -1.02%  https://t.co/owS1qUMPMo  TT00  -1.20% PR Soon, Sleeping Giant   https://t.co/0rF3RbZCDx  https://t.co/dAoW38S2wa  #stockstowatch #wallstreetbets #StockMarket #Stocks", "likes_count": 0, "replies_count": 0, "retweets_count": 0, "hashtags": ["stockstowatch", "wallstreetbets", "stockmarket", "stocks"]}
{"id": 1446893712945074179, "date": "2021-10-09", "time": "13:41:57", "tweet": "1. EV Experience thread. For all the people rushing to buy @Ford and @GM stock, I have been driving @gmvolt for last 5 years and driving @Tesla Model Y for last 18 months. My experience so far.", "likes_count": 2, "replies_count": 3, "retweets_count": 0, "hashtags": []}
{"id": 1446893408887394304, "date": "2021-10-09", "time": "13:40:45", "tweet": "@Sushihunter2 @teslawelt Profit margin on ICE vehicles are very slightly less and doesn't include \"stock-based compensation\".. HOWEVER, gm's on tech companies are 60-80%. So, thank you.for saying Tesla is not a tech company.", "likes_count": 0, "replies_count": 3, "retweets_count": 0, "hashtags": []}
{"id": 1446893371012751365, "date": "2021-10-09", "time": "13:40:36", "tweet": "Literally it's that simple.  Remember the Tesla Stock 10X run from the world waking up to China Giga realization.  This is literally 2...TWO MORE EFFICIENT FACTORIES.  The more negative #Tesla coverage the more #Bullish and deeper I'll go in on $TSLA", "likes_count": 0, "replies_count": 0, "retweets_count": 0, "hashtags": ["tesla", "bullish"]}
{"id": 1446892359812325384, "date": "2021-10-09", "time": "13:36:35", "tweet": "As lithium, coltan, zinc, copper, silver, and of course, water, all become more and more scarce and we enter the long predicted era of water wars and civilizational contraction, Bitcoin- like Tesla stock- serves as a measure for the overall value of electricity and electronics.", "likes_count": 0, "replies_count": 0, "retweets_count": 0, "hashtags": []}
{"id": 1446892178123284482, "date": "2021-10-09", "time": "13:35:51", "tweet": "@SWR_Betting Is this Tesla stock?", "likes_count": 7, "replies_count": 0, "retweets_count": 0, "hashtags": []}
{"id": 1446887243780603906, "date": "2021-10-09", "time": "13:16:15", "tweet": "@IamEliRacks That's why I have a love hate relationship with the Giants 🤣🤣 all the money iv ever on them the last couple of years I could have bought stock in Tesla lol", "likes_count": 1, "replies_count": 1, "retweets_count": 0, "hashtags": []}
{"id": 1446886944420634628, "date": "2021-10-09", "time": "13:15:04", "tweet": "@TeslaAndBitcoin So her thesis is that Tesla stock will grow by 1600% to $12,500+ per share for that to happen in about 8 years and 3 months time… seems plausible.", "likes_count": 0, "replies_count": 1, "retweets_count": 0, "hashtags": []}
{"id": 1446882951619297281, "date": "2021-10-09", "time": "12:59:12", "tweet": "@TeslaAndBitcoin 3 x is what I would expect. For tesla to hit $12000 it would come close to exceed the total value of the stock market in US. That’s crazy. I think making predictions like these are pointless IMO. I know there is money involved that’s why people talk but still 🤷‍♂️", "likes_count": 3, "replies_count": 5, "retweets_count": 0, "hashtags": []}
{"id": 1446879473320620035, "date": "2021-10-09", "time": "12:45:22", "tweet": "@michaeljburry predicts @Tesla stock will collapse like the housing bubble, saying \"my last Big Short got bigger and Bigger and BIGGER\" and taunted Tesla bulls to 'enjoy it while it lasts.' Burry holds puts on over 800,000 shares of Tesla.", "likes_count": 1, "replies_count": 1, "retweets_count": 0, "hashtags": []}
{"id": 1446875671456845825, "date": "2021-10-09", "time": "12:30:16", "tweet": "@invest_economic @henrikfisker Why would you not want a stock split? It alllows more buyers in. How do you think Tesla got too 700$ multiple times. You know that your shares become more because of the split right? So it wouldn’t affect you “negatively” ever unless a reverse stock split", "likes_count": 2, "replies_count": 1, "retweets_count": 0, "hashtags": []}
{"id": 1446873416192053252, "date": "2021-10-09", "time": "12:21:18", "tweet": "@elonmusk I bought some stocks to your company Elon but 1$ only HAHAH. please sponsor my tesla stock @elonmusk", "likes_count": 0, "replies_count": 0, "retweets_count": 0, "hashtags": []}
{"id": 1446872514349592577, "date": "2021-10-09", "time": "12:17:43", "tweet": "#Stock_market_news TESLA CEO MUSK SAYS INITIAL BATTERY SUPPLIES WILL LIKELY COME FROM TESLA CHINA  https://t.co/6bGXe4x5uy  https://t.co/HhkKr6EmNW  https://t.co/Mx6X9tjqzo", "likes_count": 0, "replies_count": 0, "retweets_count": 0, "hashtags": ["stock_market_news"]}
{"id": 1446872497245147140, "date": "2021-10-09", "time": "12:17:39", "tweet": "#Stock_market_news TESLA CEO MUSK SAYS BUT HARD PART IS REACHING VOLUME PRODUCTION  https://t.co/88jx7bs65X  https://t.co/HhkKr6EmNW  https://t.co/B6UO3Qx6fa", "likes_count": 0, "replies_count": 0, "retweets_count": 0, "hashtags": ["stock_market_news"]}
{"id": 1446872458259279881, "date": "2021-10-09", "time": "12:17:30", "tweet": "I use to get mad at you for articles like this but I agree now. @Tesla is becoming another “legacy” automaker in its ways. @FredericLambert service quality going down, price going up, walking back on stuff, trying to boost stock price... #tesla    https://t.co/r2whFtYkXR", "likes_count": 0, "replies_count": 0, "retweets_count": 0, "hashtags": ["tesla"]}
{"id": 1446871537554845697, "date": "2021-10-09", "time": "12:13:50", "tweet": "@RyanZohoury When Tesla didn’t have a wall connector in stock I almost bought one off ebay for those prices.. then Tesla emailed me a few days later stating they were back in stock. Glad I waited!", "likes_count": 1, "replies_count": 0, "retweets_count": 0, "hashtags": []}
{"id": 1446870600576684042, "date": "2021-10-09", "time": "12:10:07", "tweet": "#Stock_market_news TESLA CEO MUSK SAYS TESLA WILL TRY TO PRODUCE CYERBTRUCK IN BERLIN GIGAFACTORY IF POSSIBLE  https://t.co/GGc7YGv9Fa  https://t.co/HhkKr6EmNW  https://t.co/yg54bXfqX4", "likes_count": 0, "replies_count": 0, "retweets_count": 0, "hashtags": ["stock_market_news"]}
{"id": 1446870348876722178, "date": "2021-10-09", "time": "12:09:07", "tweet": "@RyanZohoury Sometimes Tesla is out of stock and eBay cashes in. 🤷🏻‍♂️", "likes_count": 1, "replies_count": 0, "retweets_count": 0, "hashtags": []}
{"id": 1446869187419377666, "date": "2021-10-09", "time": "12:04:30", "tweet": "Tesla is a stock that will be 4 digits as we go into next year: Wedbush Securities' Ives  https://t.co/JSjUEYTxmK", "likes_count": 0, "replies_count": 0, "retweets_count": 0, "hashtags": []}
