{"id": 1441914696894799875, "date": "2021-09-25", "time": "19:57:07", "tweet": "Stock returns over past 5 years:  Tesla: +1,708% AMD: +1,563% Etsy: +1,523% Nvidia: +1,245% PayPal: +580% Adobe: +542% Netflix: +486% Microsoft: +420% Apple: +406% Amazon: +329% Google: +262% Salesforce: +255% Twitter: +240% Zillow: +183% Facebook: +178% eBay: +131% Alibaba: +41%", "likes_count": 1, "replies_count": 0, "retweets_count": 0, "hashtags": []}
{"id": 1441913196466429953, "date": "2021-09-25", "time": "19:51:10", "tweet": "Your economic reminder that stock isn’t money and the day Elon puts his entire stock to fund random students tuition 😒. Tesla stock will drop like a rock because of the simple law of supply and demand.", "likes_count": 1, "replies_count": 1, "retweets_count": 0, "hashtags": []}
{"id": 1441912587751362561, "date": "2021-09-25", "time": "19:48:45", "tweet": "As lithium, coltan, zinc, copper, silver, and of course, water, all become more and more scarce and we enter the long predicted era of water wars and civilizational contraction, Bitcoin- like Tesla stock- serves as a measure for the overall value of electricity and electronics.", "likes_count": 0, "replies_count": 0, "retweets_count": 0, "hashtags": []}
{"id": 1441909737755402240, "date": "2021-09-25", "time": "19:37:25", "tweet": "@ElonTus51482292 @elonmusk @Teslarati @KlenderJoey @Tesla @neuralink @SpaceX @boringcompany Union's create an us vs. them attitude. Elon already has unions called SpaceX &amp; Tesla which give employees stock options instead of taking away some of their pay for 'who knows what' fees unions extract from EVERY worker whether they like it or not. We need a new name for this.🤔", "likes_count": 0, "replies_count": 2, "retweets_count": 0, "hashtags": []}
{"id": 1441905515567534085, "date": "2021-09-25", "time": "19:20:38", "tweet": "#Tesla $TSLA drivers can now request Full Self-Driving Beta with the press of a button, despite safety concerns  https://t.co/qXnysG98PH #StockMarket  https://t.co/g2HuLUFwC3", "likes_count": 0, "replies_count": 0, "retweets_count": 0, "hashtags": ["tesla", "stockmarket"]}
{"id": 1441899920185823248, "date": "2021-09-25", "time": "18:58:24", "tweet": "2/2 If rich people cashed out their money, they wouldn't be rich.  Getting really rich by accumulating wealth through the increase in value of holdings, such as as Amazon or Tesla stock is tax free.  Becoming a billionaire is tax free.  Taxes are for money you earn by working.", "likes_count": 2, "replies_count": 0, "retweets_count": 0, "hashtags": []}
{"id": 1441899165454422021, "date": "2021-09-25", "time": "18:55:24", "tweet": "@28delayslater Truly round 2 of the Tesla Quacks. First time we got to see financial media being embarrassed after deriding retail for buying Tesla stock. Now it'll be the \"tech\" media's turn for their nonsensical takedowns of autopilot/full self-driving. Can't wait to see the highlight reels", "likes_count": 0, "replies_count": 0, "retweets_count": 0, "hashtags": []}
{"id": 1441899013607854084, "date": "2021-09-25", "time": "18:54:48", "tweet": "@TeslaOwnersNEUS @TeslaOwnersofMA @HemantG61521286 @Teslarati @Tesla @elonmusk Good idea stock up… I’ve heard winter tires could be hard to get certain sizes, probably from material shortages somewhere along the way", "likes_count": 1, "replies_count": 0, "retweets_count": 0, "hashtags": []}
{"id": 1441896285968154628, "date": "2021-09-25", "time": "18:43:58", "tweet": "\"Beware the piss gravure,\" intones the oracle, who is obviously just some chick who is high.  Later, picking my way tediously down the mountain, I miss the snowfield with \"divest from all Tesla stock immediately\" writ large in yellow.", "likes_count": 3, "replies_count": 0, "retweets_count": 0, "hashtags": []}
{"id": 1441893409313239043, "date": "2021-09-25", "time": "18:32:32", "tweet": "@JeffTutorials It could be worse. They think Elon's a fraud and Tesla is going bankrupt so why would you ever buy the stock. Speaking from experience.", "likes_count": 1, "replies_count": 0, "retweets_count": 0, "hashtags": []}
{"id": 1441890680909938688, "date": "2021-09-25", "time": "18:21:42", "tweet": "@SawyerMerritt @Tesla @elonmusk Action speaks louder than words @SawyerMerritt . @Tesla @elonmusk let’s try and reward these hard workers with bonuses or how about some stock in the company. Don’t know if @Tesla already does practice such a thing, but just in case they don’t, here’s a reminder.", "likes_count": 1, "replies_count": 1, "retweets_count": 0, "hashtags": []}
{"id": 1441890573028233218, "date": "2021-09-25", "time": "18:21:16", "tweet": "@TeslaFraud @faizsays @elonmusk @NTSB @JenniferHomendy Can't treat Musk or $TSLA with little kid gloves. The only thing that psychopath understands is money. He thinks only in terms of the stock. I would get a judge fast. He'll never do anything about public safety and deaths will pile up. Musk is a disturbed individual.", "likes_count": 2, "replies_count": 0, "retweets_count": 0, "hashtags": []}
{"id": 1441888794081480710, "date": "2021-09-25", "time": "18:14:12", "tweet": "@elonmusk @SawyerMerritt @Tesla tell me this isn't just for the stock market, please", "likes_count": 0, "replies_count": 0, "retweets_count": 0, "hashtags": []}
{"id": 1441886173480177665, "date": "2021-09-25", "time": "18:03:47", "tweet": "@imispgh @passionfingerz @TSLAgang @jeffskoll @elonmusk @Tesla You are already making stuff up due to a broken sense of humor... feel free to extrapolate any nonsense you like from whatever I say.  I never mentioned you owning stock.... 😂", "likes_count": 0, "replies_count": 0, "retweets_count": 0, "hashtags": []}
{"id": 1441884870930747395, "date": "2021-09-25", "time": "17:58:36", "tweet": "@ChrisLiMRX3 @passionfingerz @TSLAgang @jeffskoll @elonmusk @Tesla Never owned the stock. When folks respond with this they are tacitly capitulating on all the merits. Thank you.", "likes_count": 0, "replies_count": 1, "retweets_count": 0, "hashtags": []}
{"id": 1441884695919165440, "date": "2021-09-25", "time": "17:57:55", "tweet": "@M_for_Mini Or buy tesla stock 🤪", "likes_count": 1, "replies_count": 0, "retweets_count": 0, "hashtags": []}
{"id": 1441884641783267334, "date": "2021-09-25", "time": "17:57:42", "tweet": "@StanphylCap @TESLAcharts something something, the best car company in the world. How can somebody read this and think Tesla is a leader in anything but fraud and should have a stock price of $774?", "likes_count": 1, "replies_count": 1, "retweets_count": 0, "hashtags": []}
{"id": 1441878334573465609, "date": "2021-09-25", "time": "17:32:38", "tweet": "@elonmusk @SawyerMerritt @Tesla What other company can you work at where you know your hard work will absolutely contribute to dramatic increase in your personal wealth via stock ownership opportunities while also helping move the world forward on energy independence, sustainability, new forms of transport, etc", "likes_count": 3, "replies_count": 2, "retweets_count": 2, "hashtags": []}
{"id": 1441877614122217472, "date": "2021-09-25", "time": "17:29:46", "tweet": "@Nirajondon @elonmusk @SawyerMerritt @Tesla Please do tell us the consequences of cashing out 1 billion of company stock to give to your employees who also own them too. Please, pretty please.   Besides getting into big trouble with the SEC for stock manipulation, a big chunk of it will be taken away as taxes.  🙄🙄🙄", "likes_count": 0, "replies_count": 0, "retweets_count": 0, "hashtags": []}
