{"id": 1401325442053799937, "date": "2021-06-05", "time": "19:49:55", "tweet": "@RBReich The SEC has done nothing about the decades long coordinated and well funded manipulation attacks on Tesla stock through false and misleading stories released in time for maximum damage to TSLA.", "likes_count": 0, "replies_count": 0, "retweets_count": 0, "hashtags": []}
{"id": 1401323597633703937, "date": "2021-06-05", "time": "19:42:35", "tweet": "@elonmusk I don’t wanna kill you , but wanna save my tesla stock 😜", "likes_count": 0, "replies_count": 0, "retweets_count": 0, "hashtags": []}
{"id": 1401322093330022400, "date": "2021-06-05", "time": "19:36:37", "tweet": "@elonmusk Seems like everybody selling Tesla stock because people start hating the hater", "likes_count": 0, "replies_count": 0, "retweets_count": 0, "hashtags": []}
{"id": 1401321670019801093, "date": "2021-06-05", "time": "19:34:56", "tweet": "Cyber warfare?  Anonymous beefing with Elon. Tesla stock plummets again BTC falls.  Crazy times", "likes_count": 0, "replies_count": 0, "retweets_count": 0, "hashtags": []}
{"id": 1401321036478566405, "date": "2021-06-05", "time": "19:32:25", "tweet": "@hellotuere @DrPips @TeslaOwnersEBay @Tesla @elonmusk @AustinTeslaClub @WholeMarsBlog @Kristennetten @weedrivetesla @TeslaChillMode @CodingMark @mymodl3 @SmokeyShorts The original idea of buying a stock was investing capital into a company for growth and development in exchange for a “share” of ownership. If you want to bet you can place those with Vegas odds makers.", "likes_count": 5, "replies_count": 1, "retweets_count": 0, "hashtags": []}
{"id": 1401320182325284864, "date": "2021-06-05", "time": "19:29:01", "tweet": "@Teslaconomics Tesla stock broke the old ways of investing and brought new light ...and fuck diversity🥳", "likes_count": 4, "replies_count": 0, "retweets_count": 0, "hashtags": []}
{"id": 1401319294558896130, "date": "2021-06-05", "time": "19:25:29", "tweet": "@Nathan_Boucher @DrPips @TeslaOwnersEBay @Tesla @elonmusk @AustinTeslaClub @WholeMarsBlog @Kristennetten @weedrivetesla @TeslaChillMode @CodingMark @mymodl3 @SmokeyShorts How? If you can place bets on the stock market it only makes sense you can bet that they drop. Pretty efficient for companies that shouldn’t be valued nearly as high", "likes_count": 2, "replies_count": 1, "retweets_count": 0, "hashtags": []}
{"id": 1401319108541489152, "date": "2021-06-05", "time": "19:24:45", "tweet": "I can't stop laughing listening @OnTheTapePod and it's getting in the way of how much I'm learning. Top 2 one liners @dmoses34 \" if your buying @AMCTheatres on fundamentals ; just go to the movies \" and \" @Tesla is the original meme stock. \"", "likes_count": 3, "replies_count": 0, "retweets_count": 0, "hashtags": []}
{"id": 1401316977734426624, "date": "2021-06-05", "time": "19:16:17", "tweet": "@roughtradeX @RBReich His own Tesla stock tanked after his tweet that crashed the crypto market, and it still hasn’t recovered. He’s still rich, so he doesn’t care.", "likes_count": 2, "replies_count": 0, "retweets_count": 1, "hashtags": []}
{"id": 1401316108397957123, "date": "2021-06-05", "time": "19:12:50", "tweet": "@nanashemefan @BCBacker Did the same to Tesla stocks. When he said Tesla stock was to high and it dropped. I bet he picked some up when it did", "likes_count": 1, "replies_count": 0, "retweets_count": 0, "hashtags": []}
{"id": 1401312923767693312, "date": "2021-06-05", "time": "19:00:10", "tweet": "So you won't help kill short seller for your hate of the manipulation because you love your stock too much and they will have to sell it off to cover???  Ok got it... I won't buy a Tesla because I love a porsche.", "likes_count": 0, "replies_count": 0, "retweets_count": 0, "hashtags": []}
{"id": 1401310501058105347, "date": "2021-06-05", "time": "18:50:33", "tweet": "@elonmusk I love Tesla stock and I can't wait to buy more lol", "likes_count": 0, "replies_count": 0, "retweets_count": 0, "hashtags": []}
{"id": 1401310046907154434, "date": "2021-06-05", "time": "18:48:44", "tweet": "@RBReich It was only last Thursday that all news outlets repeating a fake story about china’s Tesla demand halving which made $TSLA stock go down 5% in 10 minutes   This is market manipulation, Tesla is getting this FUD on a regular basis! And no one bats an eye.", "likes_count": 3, "replies_count": 0, "retweets_count": 1, "hashtags": []}
{"id": 1401309782938693634, "date": "2021-06-05", "time": "18:47:41", "tweet": "@ahasan_mir @elonmusk @YouTube I do not believe is crypto at all never owned a single coin. It’s the only thing more over valued than Tesla stock", "likes_count": 1, "replies_count": 0, "retweets_count": 0, "hashtags": []}
{"id": 1401309734800551937, "date": "2021-06-05", "time": "18:47:30", "tweet": "@chicago_glenn @MFrunker @elonmusk Imagine being a journalist and realizing that a 5 year line worker at $TSLA has $600,000 in Tesla Stock. Your life would have No Meaning. Sad.", "likes_count": 1, "replies_count": 0, "retweets_count": 0, "hashtags": []}
{"id": 1401307892523974658, "date": "2021-06-05", "time": "18:40:11", "tweet": "@elonmusk @elonmusk  Are you making up tesla's income reports for the SEC again?, is scheduled next crashing non-recyclable rocket? what are you going to sell when your BTC stock runs out? The cars are not there, the satellites don't works, the rockets explode?", "likes_count": 0, "replies_count": 0, "retweets_count": 0, "hashtags": []}
{"id": 1401307450628882433, "date": "2021-06-05", "time": "18:38:25", "tweet": "When Elon explains to Tesla stock holders why the price went down #ShibaCoin #shibainucoin #ShibaSwap #SHIBARMY  https://t.co/MMn6YNTLsg", "likes_count": 0, "replies_count": 0, "retweets_count": 1, "hashtags": ["shibacoin", "shibainucoin", "shibaswap", "shibarmy"]}
{"id": 1401306124339453954, "date": "2021-06-05", "time": "18:33:09", "tweet": "The new Tesla Roadster is incredible!  I think it’s about as wide as it is long! 😮  Walking up to our Model 3, the Roadster, on a 6”-8” platform, was still 6”-8” lower than our stock 2019 Model 3 LR AWD.   https://t.co/OdWulzd7OC", "likes_count": 1, "replies_count": 0, "retweets_count": 0, "hashtags": []}
{"id": 1401305746650902537, "date": "2021-06-05", "time": "18:31:39", "tweet": "@elonmusk I'm calling you out for a race from Giga Austin to Fremont Cali Tesla manufacturing and back. Your cars are fast, can they beat a stock Prius? Can you drive a high speed Tesla with thrusters better than a low speed prius?", "likes_count": 0, "replies_count": 0, "retweets_count": 0, "hashtags": []}
{"id": 1401303904856338433, "date": "2021-06-05", "time": "18:24:20", "tweet": "@RBReich Also shows how our society bootlicks billionaires to the point that Musk shitposting on Twitter leads people to follow his word as gospel, making people willing to yolo their life savings into things like Tesla stock, Bitcoin, Dogecoin, etc.", "likes_count": 1, "replies_count": 1, "retweets_count": 0, "hashtags": []}
