{"id": 1360740278617874433, "date": "2021-02-13", "time": "18:58:58", "tweet": "@elonmusk Hey #NancyPelosi &amp; @RepAOC why is it that if anyone (Gen. #Flynn) or anyone in Trump Admin has comms w/Russians, is treasonous, but TESLA Elon can suck up to #Putin on Twitter, GO BUILD HIS CARS IN CHINA 🉐🇨🇳 &amp; of course troll heavy on #GameStop stock &amp; $tsla/ violate clearance?", "likes_count": 0, "replies_count": 0, "retweets_count": 0, "hashtags": ["nancypelosi", "flynn", "putin", "gamestop"]}
{"id": 1360739052308353025, "date": "2021-02-13", "time": "18:54:06", "tweet": "@gaetormom Buy Tesla stock", "likes_count": 0, "replies_count": 0, "retweets_count": 0, "hashtags": []}
{"id": 1360738899404881920, "date": "2021-02-13", "time": "18:53:29", "tweet": "#ABSOLUTELYOutstanding!  This is #GreatNews for #TeslaStock !  #Tesla lands on #Karnataka for India factory: Chief Minister  #RenewableEnergy #TSLA #EthicalInvestments  #SolarEnergy #GigaFactoryKarnataka #ElectricVehicles     https://t.co/ZaCbs6q5Kt", "likes_count": 0, "replies_count": 0, "retweets_count": 0, "hashtags": ["absolutelyoutstanding", "greatnews", "teslastock", "tesla", "karnataka", "renewableenergy", "tsla", "ethicalinvestments", "solarenergy", "gigafactorykarnataka", "electricvehicles"]}
{"id": 1360738697826627584, "date": "2021-02-13", "time": "18:52:41", "tweet": "Crypto is the same as stock.  Eventually, the crypto price of a project with a track record is expected to rise significantly.  $Flow is Crypto's #Apple and #Tesla.  $flow has a tremendous track record in the USA.  $btc $eth $xrp $dot $doge $bnb $rari $grt $ada $link $pols $xlm  https://t.co/ztwdxEl2GT", "likes_count": 1, "replies_count": 1, "retweets_count": 1, "hashtags": ["apple", "tesla"]}
{"id": 1360738676284788742, "date": "2021-02-13", "time": "18:52:36", "tweet": "@CFBNerds Tesla stock for me", "likes_count": 1, "replies_count": 0, "retweets_count": 0, "hashtags": []}
{"id": 1360734918364581889, "date": "2021-02-13", "time": "18:37:40", "tweet": "Why are people suddenly concerned with $cciv being suddenly “overvalued”. Look at blnk look at Tesla, sq vsPayPal .... people set value on the stock techinicals are strong indicators but not live all be all from what I’ve seen", "likes_count": 0, "replies_count": 0, "retweets_count": 0, "hashtags": []}
{"id": 1360734906775531524, "date": "2021-02-13", "time": "18:37:37", "tweet": "@SpeakerPelosi Now you can go back to giving money to other countries instead of helping Americans. Well Americans in Congress benefit from those kickbacks. How is that Tesla stock doing??", "likes_count": 1, "replies_count": 0, "retweets_count": 0, "hashtags": []}
{"id": 1360734512985047042, "date": "2021-02-13", "time": "18:36:03", "tweet": "What!!  #Tesla stock is crashing?   https://t.co/7CBuGY1X1l  #investing $tesla #TSLA $tsla #StocksToWatch #StocksToBuy  https://t.co/rL8DPHTkYk", "likes_count": 1, "replies_count": 1, "retweets_count": 0, "hashtags": ["tesla", "investing", "tsla", "stockstowatch", "stockstobuy"]}
{"id": 1360734228007301124, "date": "2021-02-13", "time": "18:34:55", "tweet": "@boringcompany @elonmusk When is the next tesla stock split?!", "likes_count": 0, "replies_count": 0, "retweets_count": 0, "hashtags": []}
{"id": 1360733060300484610, "date": "2021-02-13", "time": "18:30:17", "tweet": "Do you want the ability to permissionlessly take on-chain positions in Tesla stock on a fractional and 24/7 basis? Check out Synthetix’s new TSLA staking opportunity for yield farmers. 80/20 sUSD/sTSLA #Synthetix #DeFi $TSLA #Tesla #sTSLA #derivatives #DeFiNews", "likes_count": 0, "replies_count": 0, "retweets_count": 1, "hashtags": ["synthetix", "defi", "tesla", "stsla", "derivatives", "definews"]}
{"id": 1360732073636470785, "date": "2021-02-13", "time": "18:26:22", "tweet": "@angie_karan Buy @Tesla stock.", "likes_count": 0, "replies_count": 0, "retweets_count": 0, "hashtags": []}
{"id": 1360731986013417477, "date": "2021-02-13", "time": "18:26:01", "tweet": "WATCH 😉🧐🧐🧐  VGAC SPAC Merging with 23 and Me | Genomics Stock | ARK Update from Cath...  https://t.co/SeDjYAXha7 via @YouTube", "likes_count": 5, "replies_count": 1, "retweets_count": 0, "hashtags": []}
{"id": 1360731521326469122, "date": "2021-02-13", "time": "18:24:10", "tweet": "I am not surprised the lady with Tesla stock options and a $10,000 special ice cream refrigerator wants a strong republican party.", "likes_count": 0, "replies_count": 0, "retweets_count": 0, "hashtags": []}
{"id": 1360731502179356672, "date": "2021-02-13", "time": "18:24:05", "tweet": "#StockMarket #stocks #trading  Check this out: Check this out: Should you BUY Tesla Stock's Dip? ($OGI Stock Analysis + Prediction)   --&gt;  https://t.co/9ZThclkGpb  https://t.co/KyRKWZ046O", "likes_count": 0, "replies_count": 0, "retweets_count": 0, "hashtags": ["stockmarket", "stocks", "trading"]}
{"id": 1360731289322684430, "date": "2021-02-13", "time": "18:23:15", "tweet": "@TESLA_is_a_TREX @BonusLevelFund Do you guys think they have the ability to scale the way they will need to over time? If so, stock price could definitely be in the 200+ range or more.", "likes_count": 1, "replies_count": 3, "retweets_count": 0, "hashtags": []}
{"id": 1360730376335990784, "date": "2021-02-13", "time": "18:19:37", "tweet": "Buy Tesla Stock", "likes_count": 0, "replies_count": 0, "retweets_count": 0, "hashtags": []}
{"id": 1360729655955742722, "date": "2021-02-13", "time": "18:16:45", "tweet": "@ToddWegner3 @NorthmanTrader If Hodlers sold out Crypto would crash so not much would be withdrawn. Also crypto is late stage fuel for stock bull run (Microstrategy, Tesla, PayPal) and others announcing crypto strategy.", "likes_count": 0, "replies_count": 0, "retweets_count": 0, "hashtags": []}
{"id": 1360728486789320704, "date": "2021-02-13", "time": "18:12:07", "tweet": "ふむふむ。  Tesla Stock Split: Is Another One Coming? | The Motley Fool  https://t.co/rmyVYsiTcV", "likes_count": 0, "replies_count": 0, "retweets_count": 0, "hashtags": []}
