{"id": 1429230960520966149, "date": "2021-08-21", "time": "19:56:29", "tweet": "As lithium, coltan, zinc, copper, silver, and of course, water, all become more and more scarce and we enter the long predicted era of water wars and civilizational contraction, Bitcoin- like Tesla stock- serves as a measure for the overall value of electricity and electronics.", "likes_count": 0, "replies_count": 0, "retweets_count": 0, "hashtags": []}
{"id": 1429230201288921095, "date": "2021-08-21", "time": "19:53:28", "tweet": "@SamTwits @TeslaForThe_Win @elonmusk Tesla stock price is the reflection of what is it worth it. Rest are, smart people don't care!", "likes_count": 2, "replies_count": 0, "retweets_count": 0, "hashtags": []}
{"id": 1429226850903990274, "date": "2021-08-21", "time": "19:40:09", "tweet": "@jasondebolt **not retired from HODLing your Tesla stock energy**", "likes_count": 0, "replies_count": 0, "retweets_count": 0, "hashtags": []}
{"id": 1429225871680835590, "date": "2021-08-21", "time": "19:36:16", "tweet": "@UMO @liz_franczak there aren’t enough highend micro chips available for tesla to make their cars, no way in hell they are actually making a robot. likely a way to pump the stock price just a few days after the NHTSA announced an investigation into its “autopilot” safety   https://t.co/4BcQAS8zDl", "likes_count": 25, "replies_count": 1, "retweets_count": 0, "hashtags": []}
{"id": 1429225842589282307, "date": "2021-08-21", "time": "19:36:09", "tweet": "@DominicGiambo @WholeMarsBlog @elonmusk You know what's going to be hilarious? Your ROI on Tesla stock going forward. And you already been warned by the lead dick head so you have no excuse.  https://t.co/ks8zy3XzQh", "likes_count": 0, "replies_count": 1, "retweets_count": 0, "hashtags": []}
{"id": 1429225665971343360, "date": "2021-08-21", "time": "19:35:27", "tweet": "@TeslaAIBot What is the best stock to buy, beside Tesla (TSLA)?", "likes_count": 0, "replies_count": 1, "retweets_count": 0, "hashtags": []}
{"id": 1429225295190634500, "date": "2021-08-21", "time": "19:33:58", "tweet": "@womensmarch Do you seriously think Joe Biden is a better capital allocator for creating a sustainable future? Tesla are solely responsible for dragging the car industry, kicking and screaming, towards electric cars.  He hasn't sold any stock so what should he pay taxes on? Genuine question.", "likes_count": 8, "replies_count": 1, "retweets_count": 0, "hashtags": []}
{"id": 1429223568638763012, "date": "2021-08-21", "time": "19:27:07", "tweet": "@dorsetphoto_JLP @gwestr @jasondebolt How is he the manager of all those big ass companies? What makes him so cool lol bro he just hating on Jason cause he literally got rich off one stock. The fuck that’s amazing and happens to a lot of people lol. Warren with Apple you feel me Jason with Tesla", "likes_count": 1, "replies_count": 0, "retweets_count": 0, "hashtags": []}
{"id": 1429223274077110274, "date": "2021-08-21", "time": "19:25:56", "tweet": "Today, I do make an analysis of my first shares. This it's Tesla. It's one of my favorite company and popular shares where traders in stock market go to trade Tesla company!!!  #StockMarket  https://t.co/McK156P2xD", "likes_count": 1, "replies_count": 1, "retweets_count": 1, "hashtags": ["stockmarket"]}
{"id": 1429222498181201924, "date": "2021-08-21", "time": "19:22:51", "tweet": "B or D.. but the tesla stock looks hella tempting. Facebook and apple are sure to continue to grow in value. iPhones sell better than crack .", "likes_count": 0, "replies_count": 0, "retweets_count": 0, "hashtags": []}
{"id": 1429222470028955650, "date": "2021-08-21", "time": "19:22:45", "tweet": "@adamhoov @elonmusk Why? Everytime Gordon Johnson is asked to speak about Tesla, the stock goes up.", "likes_count": 0, "replies_count": 1, "retweets_count": 0, "hashtags": []}
{"id": 1429219412264034304, "date": "2021-08-21", "time": "19:10:36", "tweet": "Company listed on the Tesla stock exchange is the first in the world to accept Dogecoin as a means of payment.   https://t.co/WVFbvjBK2M   The opportunity for car dealerships and manufacturers to trade their used cars with more customers, accepting cryptocurrencies, is promising.  https://t.co/CPzuiWo7Vv", "likes_count": 2, "replies_count": 2, "retweets_count": 0, "hashtags": []}
{"id": 1429218642688978947, "date": "2021-08-21", "time": "19:07:32", "tweet": "Llamativo gráfico que @Camacho1131 ha compartido en +D. La dilución en Tesla es llamativa, sacando el pago a empleados de la P&amp;L via stock options.  https://t.co/O20gN6cyFs  https://t.co/eW4E4VJkaM", "likes_count": 3, "replies_count": 1, "retweets_count": 0, "hashtags": []}
{"id": 1429218156317401091, "date": "2021-08-21", "time": "19:05:36", "tweet": "@nope_its_lily Let us use Tesla as an example.  If I want to sell at a $.25 over the last trade, it is entirely possible I will never sell.  Why?  Stock is in a bubble relative to underlying fundamentals.  Doesn't say the stock couldn't stay close to this price and trade for several months.", "likes_count": 0, "replies_count": 1, "retweets_count": 0, "hashtags": []}
{"id": 1429214144058757125, "date": "2021-08-21", "time": "18:49:40", "tweet": "@TeslaAndBitcoin How about me😯? I’m going to sell my house and then with all the money in Tesla stock lol 😝! And also I’m going to separate with my girlfriend to save money for buying more Tesla 😂!", "likes_count": 0, "replies_count": 0, "retweets_count": 0, "hashtags": []}
{"id": 1429213794098626560, "date": "2021-08-21", "time": "18:48:16", "tweet": "@Techgnostik @Teslarati @KlenderJoey @Tesla I also think they should focus on customer satisfaction. Short term halving of stock price because of profit misses won't be remembered after years.", "likes_count": 2, "replies_count": 0, "retweets_count": 0, "hashtags": []}
{"id": 1429213663609696256, "date": "2021-08-21", "time": "18:47:45", "tweet": "@BenSullins But but but Tesla Subtwitter says you're an ultra hater who is secretly on the Ford payroll, short the stock and burns coal just to own the Tesla community! What am I supposed to believe now?? 🤯🙄", "likes_count": 2, "replies_count": 1, "retweets_count": 0, "hashtags": []}
{"id": 1429208824360095751, "date": "2021-08-21", "time": "18:28:31", "tweet": "One of Elon’s Bots pumping the stock on baseless claims while the stock is already completely overvalued $tsla $tslaq #tesla", "likes_count": 0, "replies_count": 0, "retweets_count": 0, "hashtags": ["tesla"]}
{"id": 1429208324294258689, "date": "2021-08-21", "time": "18:26:32", "tweet": "@ironman20054 @_RMenke33 @TiredPops @checkmystatus24 I was in pbya stock on the first run the Tesla run", "likes_count": 1, "replies_count": 0, "retweets_count": 0, "hashtags": []}
{"id": 1429207032167641100, "date": "2021-08-21", "time": "18:21:24", "tweet": "@BritishHodl I sold my Tesla stock happily when I realised, fans of Audi's and Mercs will always be fans of them and won't care if it's electric or not. I may be wrong but your tweet kind of answered what I was thinking. We like our brands.", "likes_count": 0, "replies_count": 0, "retweets_count": 0, "hashtags": []}
