{"id": 1431763156607676420, "date": "2021-08-28", "time": "19:38:32", "tweet": "@mikejuergens @Edmunds_Test @TheSmokingTire Somehow they have brought that attitude to \"investor\" culture as well. These guys will start youtube and twitter accounts about investing but it's all just buying tesla stock.", "likes_count": 0, "replies_count": 0, "retweets_count": 0, "hashtags": []}
{"id": 1431762414958120960, "date": "2021-08-28", "time": "19:35:35", "tweet": "@RepJayapal He may not run union shop businesses, but workers do get stock in the company.  wages are well above the averages  https://t.co/RDP01Pf1am  Vertically organized, Tesla doesn't outsource parts/processes nearly as much as competitors, keeping the high wage work in-house", "likes_count": 0, "replies_count": 2, "retweets_count": 0, "hashtags": []}
{"id": 1431761173704282118, "date": "2021-08-28", "time": "19:30:39", "tweet": "@bizadmark Buy Tesla Stock.", "likes_count": 1, "replies_count": 0, "retweets_count": 0, "hashtags": []}
{"id": 1431759626190704647, "date": "2021-08-28", "time": "19:24:30", "tweet": "@ReviewDork Oh damn! The government just started an investigation into  Tesla autopilot last week too. You think AMC  is the only  stock shills ,FUD and Bots?TSLA said Hold my Beer! I’ve personally watched for years with Tesla being attacked my media and Hedges.", "likes_count": 3, "replies_count": 0, "retweets_count": 0, "hashtags": []}
{"id": 1431758817214144512, "date": "2021-08-28", "time": "19:21:17", "tweet": "@CTGalaar @PolisWoke @truth_tesla @RBReich @elonmusk The claim is false.   People who do understand financial markets understand that holding a stock is not at all the same as holding US dollars, especially for the CEO of a company.  Elon does not gain or lose any wealth on his stocks until he sells them and takes profit.", "likes_count": 1, "replies_count": 1, "retweets_count": 0, "hashtags": []}
{"id": 1431758199691022337, "date": "2021-08-28", "time": "19:18:50", "tweet": "@RBReich And next week it may decrease by that same amount; that \"wealth\" is primarily in Tesla &amp; Space X stock options. Paper gains. The guy isn't shitting on gold toilets. He's actually doing something useful. Most CEO's would've cashed out retired lonnnng ago. He's never sold a share.", "likes_count": 1, "replies_count": 0, "retweets_count": 0, "hashtags": []}
{"id": 1431758106569084930, "date": "2021-08-28", "time": "19:18:28", "tweet": "@RBReich Don’t be a fool. You know very well that most of his wealth is in Tesla stock. On days that the stock does well he makes a lot of money. When it goes down he loses a lot of money. And when he sells it he’ll pay a lot of tax.", "likes_count": 0, "replies_count": 0, "retweets_count": 0, "hashtags": []}
{"id": 1431756984118743045, "date": "2021-08-28", "time": "19:14:00", "tweet": "@heydave7 @elonmusk And when Tesla stock went from over $900/share to under $600/share in a short period of time, did you have a problem with the implication of that on his net worth as well?", "likes_count": 0, "replies_count": 1, "retweets_count": 0, "hashtags": []}
{"id": 1431756062269476865, "date": "2021-08-28", "time": "19:10:20", "tweet": "I won't blame anyone for thinking Tesla's stock is as an unreasonably high price.   But that doesn't mean it's going to drop anytime soon.  TSLA cultists have made about 53% on their investment in the year since the skeptic below tweeted.", "likes_count": 0, "replies_count": 0, "retweets_count": 0, "hashtags": []}
{"id": 1431755191313829888, "date": "2021-08-28", "time": "19:06:52", "tweet": "@CTGalaar @PolisWoke @truth_tesla @RBReich @elonmusk About 95% of Musks wealth is in speculative stock in just 2 companies. Holding speculative assets like stocks is Not the same as real wealth.  The CEO of a company cannot just sell stock, there are a ton of SEC regulations that have to be followed.  https://t.co/oaLqiwIKaZ", "likes_count": 0, "replies_count": 1, "retweets_count": 0, "hashtags": []}
{"id": 1431752735704162308, "date": "2021-08-28", "time": "18:57:07", "tweet": "@vikas3576 @CristinaIBalan @FHPOrlando Yes of course I have stock in the company because it makes great products and it is trying to do the right thing for the planet. Nobody out there is getting hurt by me having stock.  I'm defending tesla against haters that have their own agenda like people that are trying to sue", "likes_count": 3, "replies_count": 0, "retweets_count": 0, "hashtags": []}
{"id": 1431748167268192260, "date": "2021-08-28", "time": "18:38:58", "tweet": "Long Range Model S available in Stock in CA. Ready for pickup! #tesla #inventory  https://t.co/l87ZLntgQq", "likes_count": 79, "replies_count": 4, "retweets_count": 6, "hashtags": ["tesla", "inventory"]}
{"id": 1431748024863182852, "date": "2021-08-28", "time": "18:38:24", "tweet": "Quick someone give me a stock to put my fake money in I need one more stock. I already have monopoly money in Spotify, Tesla, Adobe and Coke.", "likes_count": 1, "replies_count": 1, "retweets_count": 0, "hashtags": []}
{"id": 1431745802066558978, "date": "2021-08-28", "time": "18:29:34", "tweet": "@PolisWoke @truth_tesla @RBReich @elonmusk Reich is lying.    Elon Musk did not gain any US Dollars, he is holding Tesla Stock.  Claiming Elon gained $6.35B USD in a day is a complete lie, he is holding the same numbers of Tesla stock with no increase or decrease in US Dollar holdings.", "likes_count": 5, "replies_count": 1, "retweets_count": 0, "hashtags": []}
{"id": 1431745264075825152, "date": "2021-08-28", "time": "18:27:26", "tweet": "@RBReich He took the risk.  He gets the benefit.  By the way, I have Tesla stock in my portfolio.  He does well, so do I.  If you don’t like it, put the value of your labor at risk.", "likes_count": 1, "replies_count": 0, "retweets_count": 0, "hashtags": []}
{"id": 1431745203161927683, "date": "2021-08-28", "time": "18:27:11", "tweet": "I got a Tesla stock right for free and I be paying for nails. I must be doing something right.", "likes_count": 1, "replies_count": 1, "retweets_count": 1, "hashtags": []}
{"id": 1431744537764843523, "date": "2021-08-28", "time": "18:24:32", "tweet": "Statements like this are a entirely wrong. Either Reich is a liar or just not educated on financial markets. Elon Musk is holding $TSLA stock, not USD so he did not gain $6.35B USD in a day.   Speculative assets likes Tesla Stock is not real wealth until profits are realized.", "likes_count": 0, "replies_count": 1, "retweets_count": 0, "hashtags": []}
{"id": 1431744383368536068, "date": "2021-08-28", "time": "18:23:56", "tweet": "@SixSigmaCapital @MadThunderdome @HML_Compounder @BahamaBen9 @InvestmentTalkk Tesla is an emotionally charged stock. We’ll have to see if Elon really executes like he says he will. I believe he will.", "likes_count": 1, "replies_count": 0, "retweets_count": 0, "hashtags": []}
{"id": 1431744119743811585, "date": "2021-08-28", "time": "18:22:53", "tweet": "Jimmy Mengel's \"Tesla Killer\" Blue Gas Stock - Figured It Out!  https://t.co/sJ24SGX1N6 via @YouTube", "likes_count": 0, "replies_count": 0, "retweets_count": 0, "hashtags": []}
{"id": 1431743260150673415, "date": "2021-08-28", "time": "18:19:28", "tweet": "Dude, I honestly don’t care how much money other people have.   I focus on my bag, my lane, my life. Stop obsessing over other people’s hard earned money. That doesn’t help anyone.  Plus, that just means Tesla’s stock had a good week. Chill out.", "likes_count": 4, "replies_count": 2, "retweets_count": 0, "hashtags": []}
{"id": 1431743220875206669, "date": "2021-08-28", "time": "18:19:19", "tweet": "@SixSigmaCapital @HML_Compounder @BahamaBen9 @InvestmentTalkk Add up the entire profit pool of the auto OEMs and assume whatever you think a reasonable share for Tesla is. Then tell me Tesla has big upside. Again I am not even a bear really I get it is a cult stock.", "likes_count": 6, "replies_count": 5, "retweets_count": 0, "hashtags": []}
{"id": 1431742800211501059, "date": "2021-08-28", "time": "18:17:38", "tweet": "@heydave7 @elonmusk This guy needs to understand that the financial market is not the same as the real economy and Speculative assets likes Tesla Stock is not real wealth until profits are realized.   Elon Musk is a paper billionaire.", "likes_count": 0, "replies_count": 0, "retweets_count": 0, "hashtags": []}
{"id": 1431742283943006208, "date": "2021-08-28", "time": "18:15:35", "tweet": "@kevconrad2 @_GingerWitch_ @RBReich Imagine believing that the financial market is the same exact thing as the real economy.  Imagine believing that Elon Musk could sell his $TSLA stock without crashing the stock price.  Speculative assets likes Tesla Stock is not real wealth until profits are realized.", "likes_count": 6, "replies_count": 0, "retweets_count": 0, "hashtags": []}
{"id": 1431738916546117632, "date": "2021-08-28", "time": "18:02:12", "tweet": "@elonmusk @GerberKawasaki If TSLA were to announce a stock split, right before the Rivian IPO I think you would find a massive inflow into Tesla and we would see the Rivian IPO fizzle out. TSLA has a proven track record of execution, Rivian does not.", "likes_count": 0, "replies_count": 0, "retweets_count": 0, "hashtags": []}
{"id": 1431738892730998784, "date": "2021-08-28", "time": "18:02:07", "tweet": "All the money you spend to get a chick nails done , lashes , hair etc could buy u at least one Tesla stock", "likes_count": 7, "replies_count": 2, "retweets_count": 10, "hashtags": []}
{"id": 1431737488603758599, "date": "2021-08-28", "time": "17:56:32", "tweet": "Tesla stock better go up on Monday I put a lot of money towards it 💀", "likes_count": 1, "replies_count": 2, "retweets_count": 0, "hashtags": []}
{"id": 1431736350554918916, "date": "2021-08-28", "time": "17:52:01", "tweet": "@GrubenPamela @RBReich He isn’t sitting on cash. His home costs about $50,000. He’s accumulating stock  from Tesla for the purpose of funding making human life multiplanetary before we go extinct. Tesla’s purpose is to get humans off fossil fuels. Every waking hour he’s working to help humanity.", "likes_count": 53, "replies_count": 3, "retweets_count": 1, "hashtags": []}
{"id": 1431735128225718279, "date": "2021-08-28", "time": "17:47:09", "tweet": "Have you noticed that Reich doesn’t make similar posts when the Amazon or Tesla stock price drops?   Stock values aren’t immediately fungible. If you try to cash in your stocks, you drive the price down.   Reich needs a better argument.", "likes_count": 0, "replies_count": 0, "retweets_count": 0, "hashtags": []}
{"id": 1431731537830191106, "date": "2021-08-28", "time": "17:32:53", "tweet": " https://t.co/z8qbtJtSf5 DSTOQ makes use of tokenization and digital asset issuance on Stellar to provide US-grade securities like Tesla, Google, and Apple stock on their app and B2B integration to make investing accessible, affordable, and available to anyone with a mobile phone.", "likes_count": 1, "replies_count": 1, "retweets_count": 1, "hashtags": []}
{"id": 1431731305750753281, "date": "2021-08-28", "time": "17:31:58", "tweet": "@heydave7 @elonmusk By his logic, homeowners do not need any stimulus and should pay more taxes. The avg home went up  13% in the last year and the avg home in the US is $287k. Thats  over $37k “wealthier”. What he also doesn’t understand is many of our retirement acct hold Tesla stock. We all win.", "likes_count": 10, "replies_count": 1, "retweets_count": 0, "hashtags": []}
{"id": 1431731290273951746, "date": "2021-08-28", "time": "17:31:54", "tweet": "@elonmusk @SawyerMerritt Elon how come you are the founder of tesla, you took the company public and yet you dont know how the whole taking a company public process goes? Youre doing the same thing duuuuh, you are constantly lying about tesla car technology, nothing coming out but stock is going up ;)", "likes_count": 0, "replies_count": 0, "retweets_count": 0, "hashtags": []}
{"id": 1431731092072054791, "date": "2021-08-28", "time": "17:31:07", "tweet": "@MarketRebels Here we go every time a Tesla car crashes they use it to send down the stock. 🤣 such FUD", "likes_count": 0, "replies_count": 0, "retweets_count": 0, "hashtags": []}
{"id": 1431730191039094790, "date": "2021-08-28", "time": "17:27:32", "tweet": "@gwestr Tesla is a stock promotion that also sells car.", "likes_count": 4, "replies_count": 0, "retweets_count": 0, "hashtags": []}
{"id": 1431729245127127041, "date": "2021-08-28", "time": "17:23:46", "tweet": "Tesla..What Can You Say!! #tesla #tsla #stock #stockmarket #options #money #cars #tech #technology  https://t.co/n7vzp7SzUh", "likes_count": 0, "replies_count": 0, "retweets_count": 0, "hashtags": ["tesla", "tsla", "stock", "stockmarket", "options", "money", "cars", "tech", "technology"]}
{"id": 1431728080314195968, "date": "2021-08-28", "time": "17:19:09", "tweet": "@passthebeano It looks to me like he is selling.  But he won't sell all of it like Cuban  If Elon sold all of his stock, Tesla would open down 80%.", "likes_count": 2, "replies_count": 1, "retweets_count": 0, "hashtags": []}
{"id": 1431724262965059587, "date": "2021-08-28", "time": "17:03:59", "tweet": "@retinz Hola hermosura 😏 Perdona, estaba un poco ocupado invirtiendo en dogecoin... Sabes lo que es la cripto? Y los NFT? Dentro de nada va a subir el stock muchísimo, lo voy a usar para comprar mi primer coche electrico Tesla  https://t.co/tFuKiSaOkb", "likes_count": 1, "replies_count": 0, "retweets_count": 0, "hashtags": []}
{"id": 1431721597996453889, "date": "2021-08-28", "time": "16:53:23", "tweet": "People asking me if it’s too late to buy $ADA … guys, you have the opportunity to buy a life changing technology before they’ve even launched the main “tech”… do you think it was too late to buy Tesla stock before they launched a car?… absolutely not. Zoom out.", "likes_count": 2, "replies_count": 0, "retweets_count": 0, "hashtags": []}
{"id": 1431721415556829190, "date": "2021-08-28", "time": "16:52:40", "tweet": "@BAMinvestor Jim that’s a little unfair towards @MerkTrades. If you knew him a little better you would understand his stock trading knowledge is not surface level. I’m not on either of your levels and I thought it was going to be a Tesla like squeeze before either said it. It’s not rocket sci", "likes_count": 4, "replies_count": 0, "retweets_count": 0, "hashtags": []}
{"id": 1431720600356147204, "date": "2021-08-28", "time": "16:49:25", "tweet": "@TeslaAndBitcoin I wouldn't bet on Tesla reaching a new ATH. #4 in Europe's most advanced BEV markets and stock valuation that is 10-100 times higher than competitors. And Tesla's market share is decreasing.  Probably one of the best selling opportunities right now.  https://t.co/4ZQiWAOAbN", "likes_count": 0, "replies_count": 0, "retweets_count": 0, "hashtags": []}
{"id": 1431718857442476033, "date": "2021-08-28", "time": "16:42:30", "tweet": "@BAMinvestor Trey has mentioned the possibility of the Tesla like squeeze for a long while. However he wasn’t able to point out similarities as well as the may/June run had not occurred. But I do remember bam pointing to the similarities in early July 🤙🏻 #AugustATH let’s go!! I like the stock", "likes_count": 0, "replies_count": 0, "retweets_count": 0, "hashtags": ["augustath"]}
{"id": 1431716144084180994, "date": "2021-08-28", "time": "16:31:43", "tweet": "If Elon Musk sells his Tesla stock here, that is what he will be remembered for - not cars, rockets or tunnels (maybe tunnels). I 100% believe that. Does anyone remember what company Mark Cuban was CEO of? No. Just that he sold it at the top of the dot com bubble...  $TSLA $TSLAQ", "likes_count": 75, "replies_count": 11, "retweets_count": 6, "hashtags": []}
{"id": 1431714600572133377, "date": "2021-08-28", "time": "16:25:35", "tweet": "@BlueWest18 @RBReich @ewarren If he loses $10b in one day do you return it then? He didn’t MAKE MONEY. He owns Tesla stock. If he sold any he would pay taxes. He didn’t sell anything", "likes_count": 35, "replies_count": 1, "retweets_count": 0, "hashtags": []}
{"id": 1431714353666052100, "date": "2021-08-28", "time": "16:24:36", "tweet": "@heikki_bear @alex_avoigt Munro did own Tesla stock but sold it some time ago, I don’t know about the others but they do state that they are share holders.", "likes_count": 0, "replies_count": 0, "retweets_count": 0, "hashtags": []}
{"id": 1431714124849991688, "date": "2021-08-28", "time": "16:23:41", "tweet": "@EconomicManBlog Sounds like you're bitter and upset about missing out on tesla stock.", "likes_count": 0, "replies_count": 0, "retweets_count": 0, "hashtags": []}
{"id": 1431713008292544512, "date": "2021-08-28", "time": "16:19:15", "tweet": "@TroyTeslike @FredericLambert 300k recalled in China just for cruise control, a handful Tesla fire in China. not FUD, just facts. Today is the Battery, soon the entire car. Quality will be even worse now, Stock will drop.", "likes_count": 0, "replies_count": 0, "retweets_count": 0, "hashtags": []}
{"id": 1431712603538083844, "date": "2021-08-28", "time": "16:17:39", "tweet": "@TeslaAndBitcoin I grew up saving money in RRSP mutual funds.  Tesla was the first stock I bought, got two shares because Tesla might go private.  Pushed all my chips in last year.  Holding the right stock may be better than holding many.", "likes_count": 1, "replies_count": 0, "retweets_count": 0, "hashtags": []}
{"id": 1431709734718017540, "date": "2021-08-28", "time": "16:06:15", "tweet": "@stevenmarkryan My key takeaway is F@#k...I need to buy more Tesla stock. 😳😳😳", "likes_count": 0, "replies_count": 0, "retweets_count": 0, "hashtags": ["k"]}
{"id": 1431709508615561216, "date": "2021-08-28", "time": "16:05:21", "tweet": "To that couple that laughed at me in their Tesla while I struggled to park I hope you lose all your money in a bad stock 🖕🏼", "likes_count": 13, "replies_count": 1, "retweets_count": 0, "hashtags": []}
{"id": 1431705209424728065, "date": "2021-08-28", "time": "15:48:16", "tweet": "Podcast: This week on Taking Stock I spoke to @gavmcloughlin about why used car prices are soaring, could Tesla be in trouble, and more    https://t.co/qYxt1y1OXk", "likes_count": 4, "replies_count": 0, "retweets_count": 1, "hashtags": []}
{"id": 1431700405063278594, "date": "2021-08-28", "time": "15:29:10", "tweet": "@elonmusk @ZickyX @coffeetabletsla @SawyerMerritt And can you PLEASE create a Buy Tesla stock icon from the screen (that could tie into your Tesla account)?   It be great if the button was “BUY” ONLY!  (No selling TSLA!)", "likes_count": 3, "replies_count": 0, "retweets_count": 0, "hashtags": []}
{"id": 1431700249458925571, "date": "2021-08-28", "time": "15:28:33", "tweet": "Apple  General Electric Company  Alphabet Inc Class A  Alphabet Inc Class C  Microsoft Inc  Oracle  Amazon  Facebook  Alibaba  Tesla, Inc. Common Stock  JP Morgan Chase &amp; Co. Common Stock  Walmart Inc. Common Stock  Coca-Cola Company (The) Common   https://t.co/av6uDMHNh8  https://t.co/6yh6nCfpsQ", "likes_count": 0, "replies_count": 0, "retweets_count": 0, "hashtags": []}
{"id": 1431698087089774594, "date": "2021-08-28", "time": "15:19:58", "tweet": "Tesla Stock Split Live As The Market Opens!  https://t.co/gvo1p6RZ7o", "likes_count": 1, "replies_count": 0, "retweets_count": 0, "hashtags": []}
{"id": 1431697060017983492, "date": "2021-08-28", "time": "15:15:53", "tweet": "@AltanInsights @OnRallyRd In early 2020, at the beginning of the pandemic, my wife and I sold our Jersey Shore investment property and all of our stock (including Google, Tesla, Amazon, Apple, and Microsoft) and reinvested most of it on @OnRallyRd.", "likes_count": 3, "replies_count": 0, "retweets_count": 0, "hashtags": []}
{"id": 1431696988592955395, "date": "2021-08-28", "time": "15:15:36", "tweet": "@gigawattgarage @jesseb4me @elonmusk @SawyerMerritt He is saying they should consider IPO after delivering a product, not before. Tesla also did not IPO until a product was delivered. Tesla does not control how the stock will react to announcements lol.", "likes_count": 1, "replies_count": 1, "retweets_count": 0, "hashtags": []}
{"id": 1431696180434460672, "date": "2021-08-28", "time": "15:12:23", "tweet": "@elonmusk Bezos is sue ing Tesla over insider trading because it’s been shown Tesla owners are buying Tesla stock while sitting in their cars.", "likes_count": 0, "replies_count": 0, "retweets_count": 0, "hashtags": []}
{"id": 1431694586108387328, "date": "2021-08-28", "time": "15:06:03", "tweet": "@TeslaAndBitcoin i should have interviewed u for my book. i actually talk about people that only buy + hold Tesla stock. holding Bitcoin too is not a bad idea. i have some.", "likes_count": 2, "replies_count": 0, "retweets_count": 0, "hashtags": []}
{"id": 1431689624087236608, "date": "2021-08-28", "time": "14:46:20", "tweet": "@DGretta_Author Please read my book “Buy and Hold Tesla Stock”. The book just has a title no contents.", "likes_count": 19, "replies_count": 1, "retweets_count": 0, "hashtags": []}
{"id": 1431688493214883844, "date": "2021-08-28", "time": "14:41:50", "tweet": "Take a look At $tesla and $arkk. Off trend. Bull trap retest. Too big to get squeezed meaningfully at this point. Right side of the chart. Rates set to move higher. Burry is genius. Shorting stock is child’s play for him, he created his own short that didn’t exist the last time.", "likes_count": 3, "replies_count": 0, "retweets_count": 0, "hashtags": []}
{"id": 1431688202658611200, "date": "2021-08-28", "time": "14:40:41", "tweet": "A #Tesla $TSLA Model 3 hit a parked police car in Orlando, driver said she was ‘in Autopilot’  https://t.co/rKcd04zRyA #StockMarket  https://t.co/I4HmAaCSr8", "likes_count": 1, "replies_count": 0, "retweets_count": 1, "hashtags": ["tesla", "stockmarket"]}
{"id": 1431682468357107712, "date": "2021-08-28", "time": "14:17:54", "tweet": "@Tesla‘s market cap was $40B after having sold 400,000 cars. $tsla  Rivian has double the valuation after selling 0 vehicles. I may buy stock when is 75% down 🤷🏻‍♂️", "likes_count": 0, "replies_count": 0, "retweets_count": 1, "hashtags": []}
{"id": 1431682203293917186, "date": "2021-08-28", "time": "14:16:51", "tweet": "@teslaownersSV @elonmusk @GerberKawasaki Yes.  But Tesla stock is like a fad, there are money to be made if you know when to get out", "likes_count": 0, "replies_count": 0, "retweets_count": 0, "hashtags": []}
{"id": 1431680603372408835, "date": "2021-08-28", "time": "14:10:29", "tweet": "This kind of brain-numbing \"reporting\" should be worthy of a lawsuit. F*ck you Reuters, Toyota, and all others trying to stifle innovation and creativity. $TSLA #Tesla @stevenmarkryan  @TeslaPodcast  @elonmusk   https://t.co/yTycgbdrb7", "likes_count": 1, "replies_count": 0, "retweets_count": 1, "hashtags": ["tesla"]}
{"id": 1431677713589358595, "date": "2021-08-28", "time": "13:59:00", "tweet": "@gigawattgarage @elonmusk @SawyerMerritt New product announcement tanks Tesla stock. I sadly know.", "likes_count": 0, "replies_count": 0, "retweets_count": 0, "hashtags": []}
{"id": 1431674660513587200, "date": "2021-08-28", "time": "13:46:52", "tweet": "@RBReich Elon Musk was dead broke and bankrupt shortly after founding SpaceX and Tesla- if you don’t understand how stock appreciation works- you shouldn’t be holding yourself out as an economics expert", "likes_count": 33, "replies_count": 1, "retweets_count": 0, "hashtags": []}
{"id": 1431672190546546689, "date": "2021-08-28", "time": "13:37:04", "tweet": "@elonmusk @GerberKawasaki Hmmm.  Sounds like a TOP call for the stock market.  How much of your #Tesla stock have you sold in 2020 and 2021?  Approx % is fine.", "likes_count": 0, "replies_count": 0, "retweets_count": 0, "hashtags": ["tesla"]}
{"id": 1431665145298571266, "date": "2021-08-28", "time": "13:09:04", "tweet": "@GerberKawasaki First auto factory fully owned by foreigner.Low interest loan. Low price land. Tax preference. Fastest regulation approval.Fastest construction.Ahead of schedule. Under budget.Drag Tesla out of production hell and the stock has skyrocket since then.", "likes_count": 2, "replies_count": 1, "retweets_count": 0, "hashtags": []}
{"id": 1431663553082134536, "date": "2021-08-28", "time": "13:02:44", "tweet": "@elonmusk @IvanEscobosa @GerberKawasaki Well if valuations weren’t so high I wonder if tesla stock would be where it’s at.", "likes_count": 0, "replies_count": 0, "retweets_count": 0, "hashtags": []}
{"id": 1431663227486752771, "date": "2021-08-28", "time": "13:01:27", "tweet": "@FHPOrlando @michael59099620 It's called contributory negligence and Tesla is responsible.    Notify NHTSA and have your lawyers sue Tesla.  Because in case you don't know, the NHTSA investigator that has allowed this to happen for years is long TSLA stock.  The new head of the NTSB is your best reg advocate", "likes_count": 10, "replies_count": 0, "retweets_count": 1, "hashtags": []}
{"id": 1431662661977075713, "date": "2021-08-28", "time": "12:59:12", "tweet": "@elonmusk @GerberKawasaki people think what you did with $TSLA is easy and that's getting baked into every EV stock valuation   also you're solving autonomy no one else is &amp; energy .. and tesla bots. that optionality shouldn't be priced into these other EV companies @elonmusk", "likes_count": 389, "replies_count": 15, "retweets_count": 11, "hashtags": []}
{"id": 1431662660446265344, "date": "2021-08-28", "time": "12:59:11", "tweet": "@NiccoloVelli90 @UCostliness @elonmusk @SawyerMerritt Biggest planned bettery producers, you fanboys are hilarious trying to find excuses for Tesla's overvalued stock.", "likes_count": 2, "replies_count": 1, "retweets_count": 0, "hashtags": []}
{"id": 1431657010504683522, "date": "2021-08-28", "time": "12:36:44", "tweet": "😂🤣…Actually….what a Super Cool idea that would be. A trading button to Buy (Hold) Tesla stock only. It taps into brokerage that lets you do a Limit or Market buy. There is NO sell button!!", "likes_count": 0, "replies_count": 0, "retweets_count": 0, "hashtags": []}
{"id": 1431656034188374017, "date": "2021-08-28", "time": "12:32:52", "tweet": "How Elon Musk is a Fraud with Tesla’s Overvalued Bubble Stock  https://t.co/KYoM7gD8jD", "likes_count": 7, "replies_count": 2, "retweets_count": 1, "hashtags": []}
{"id": 1431655452945883136, "date": "2021-08-28", "time": "12:30:33", "tweet": "@FHPOrlando @michael59099620 Good to hear the officer is okay. Tesla puts out products that are dangerous and promotes them in a manner to foster irresponsible use so that they have a perceived technological lead and higher stock price.  Musk favors $ over public servants’ lives.", "likes_count": 14, "replies_count": 1, "retweets_count": 1, "hashtags": []}
{"id": 1431655259278094342, "date": "2021-08-28", "time": "12:29:47", "tweet": "Invesging into Tesla stock", "likes_count": 2, "replies_count": 0, "retweets_count": 0, "hashtags": []}
{"id": 1431654466764345348, "date": "2021-08-28", "time": "12:26:38", "tweet": "@Victronix @FHPOrlando @michael59099620 YES!From an ex Tesla employee who was defamed after Tesla and Musk listened to evidence of confessions made made loud and clear by Tesla’s executives how to hide quality and most critical BRAKE safety issues so they will not affect the stock price  @elonmusk dare to say I’m wrong", "likes_count": 3, "replies_count": 1, "retweets_count": 0, "hashtags": []}
{"id": 1431653815812427778, "date": "2021-08-28", "time": "12:24:03", "tweet": "Who still needs one? Hotwheels Cybertruck RC in stock!! #hotwheels #cybertruck #tesla #target #orangecounty  https://t.co/A8MhTTNR1C", "likes_count": 0, "replies_count": 0, "retweets_count": 0, "hashtags": ["hotwheels", "cybertruck", "tesla", "target", "orangecounty"]}
{"id": 1431653763157266437, "date": "2021-08-28", "time": "12:23:50", "tweet": "@alex_avoigt Buying a Rivian next or a Cybertruck?   or Rivian stock at an $80b valuation because it currently produces 1 million less cars than Tesla ($700b market cap)  Imagine how well the stock will do when Rivian catches up to Tesla!", "likes_count": 0, "replies_count": 0, "retweets_count": 0, "hashtags": []}
{"id": 1431652547907964929, "date": "2021-08-28", "time": "12:19:00", "tweet": "@RBReich You should have bought some Tesla stock?", "likes_count": 0, "replies_count": 0, "retweets_count": 0, "hashtags": []}
{"id": 1431652297617051658, "date": "2021-08-28", "time": "12:18:01", "tweet": "@ledgermex A similar pattern to what we’re seeing in Tesla stock.", "likes_count": 1, "replies_count": 0, "retweets_count": 0, "hashtags": []}
{"id": 1431651108175372295, "date": "2021-08-28", "time": "12:13:17", "tweet": "@FHPOrlando @michael59099620 I agree with you 100% and being an ex Tesla employee, not like many Musk fanatics here on Twitter, I can tell you based of FACTS Tesla did hide a lot of defects and recalls in the past to protect their stock, more then their customers safety and quality!   Autopilot is dangerous!", "likes_count": 53, "replies_count": 6, "retweets_count": 1, "hashtags": []}
{"id": 1431649228288401412, "date": "2021-08-28", "time": "12:05:49", "tweet": "Hi @elonmusk I'm a fan of TESLA. I've ordered cybertruckand have Tesla stock and Tesla powerwall at my home. With the speed of your growth,  you should serious consider Memphis for a gigafactory due to our logistical position to quickly distribute products ://youtu.be/GLJLof-rCGo", "likes_count": 0, "replies_count": 0, "retweets_count": 0, "hashtags": []}
{"id": 1431642107941253126, "date": "2021-08-28", "time": "11:37:31", "tweet": "@DaveSaba @elonmusk @SawyerMerritt It has not. Look at the sales numbers and stock price. Tesla fan boys cannot take criticism", "likes_count": 0, "replies_count": 0, "retweets_count": 0, "hashtags": []}
{"id": 1431641449267806210, "date": "2021-08-28", "time": "11:34:54", "tweet": "@Irenezhao_ Normally, owners of Tesla car &amp; holders of Tsla stock are hodlers of Crypto. So buy a Tesla.", "likes_count": 0, "replies_count": 0, "retweets_count": 0, "hashtags": []}
{"id": 1431638567588085762, "date": "2021-08-28", "time": "11:23:27", "tweet": "Cliff Notes: WILL TESLA'S STOCK CRASH? #earnYourLeisure   https://t.co/mAJBp4voUg via @PodcastAddict", "likes_count": 0, "replies_count": 0, "retweets_count": 0, "hashtags": ["earnyourleisure"]}
{"id": 1431638345881325569, "date": "2021-08-28", "time": "11:22:34", "tweet": "How #Tesla $TSLA’s Elon Musk Reacted to Rival Rivian’s Proposed IPO  https://t.co/kFggHC2dHA #StockMarket  https://t.co/3eXLrRDbll", "likes_count": 0, "replies_count": 0, "retweets_count": 0, "hashtags": ["tesla", "stockmarket"]}
{"id": 1431637319619076097, "date": "2021-08-28", "time": "11:18:30", "tweet": "@stevenmarkryan @elonmusk @GerberKawasaki Opened an investment account, and the free stock they sent me was 🥁 ……….. @nikolamotor !! No thanks. I’ll take @Tesla  https://t.co/ZJZ9KY0m0G", "likes_count": 0, "replies_count": 0, "retweets_count": 0, "hashtags": []}
{"id": 1431632736935034883, "date": "2021-08-28", "time": "11:00:17", "tweet": "@elonmusk @SawyerMerritt So sad for some retail investors. Without a proven track record, some people will be selling their Tesla stock just to get into Rivian thinking it’s the next Tesla. However “Tesla is the next Tesla”.", "likes_count": 1, "replies_count": 0, "retweets_count": 0, "hashtags": []}
{"id": 1431631096979021838, "date": "2021-08-28", "time": "10:53:46", "tweet": "Tesla..What Can You Say!! #tesla #tsla #stock #stockmarket #options #money #cars #tech #technology  https://t.co/Yt0yZlqxhl", "likes_count": 0, "replies_count": 0, "retweets_count": 0, "hashtags": ["tesla", "tsla", "stock", "stockmarket", "options", "money", "cars", "tech", "technology"]}
{"id": 1431626478794379271, "date": "2021-08-28", "time": "10:35:25", "tweet": "@garyblack00 Rivian is no pretender, like the crap EVs that have come from everyone other than Tesla. That R1S is legit! If they build out the Rivian SC network as planned, 80B is a crazy-low value compared to what they’ll be worth in 2023-24. Potential 10 bagger. I’m a buyer of the stock.", "likes_count": 2, "replies_count": 2, "retweets_count": 0, "hashtags": []}
{"id": 1431620810121244673, "date": "2021-08-28", "time": "10:12:54", "tweet": "@billplein @gwestr I don’t own a Tesla or stock. But have a cybertruck on order. :-)", "likes_count": 0, "replies_count": 1, "retweets_count": 0, "hashtags": []}
{"id": 1431620647705366529, "date": "2021-08-28", "time": "10:12:15", "tweet": "@elonmusk @SawyerMerritt Your success with Tesla and the bullish view from the market on your stock has made it easier for competitors to come in and absorb market cap with no proven deliverable.", "likes_count": 0, "replies_count": 0, "retweets_count": 0, "hashtags": []}
{"id": 1431617469488132100, "date": "2021-08-28", "time": "09:59:37", "tweet": "@TraeSongz5 @Tesla @elonmusk Nope, completely stock.", "likes_count": 0, "replies_count": 0, "retweets_count": 0, "hashtags": []}
{"id": 1431617290047475717, "date": "2021-08-28", "time": "09:58:54", "tweet": "@mesanabinladen @TeslaHistorian He is definitely not stupid.  Tesla is so divisive because it boils down to some kind of very fundamental personality trait (something like growth vs. value mindset).  Many people irrationally love Tesla, others irrationally hate it, hence the volatility in the stock price.", "likes_count": 0, "replies_count": 3, "retweets_count": 0, "hashtags": []}
{"id": 1431616601153957891, "date": "2021-08-28", "time": "09:56:10", "tweet": "@amillz19 @Tesla @elonmusk Nope, completely stock in this video.  But a few weeks ago, I did get it paint corrected no ceramic coated to make it easier to wax and no have to wax though.", "likes_count": 4, "replies_count": 1, "retweets_count": 0, "hashtags": []}
{"id": 1431616247737749511, "date": "2021-08-28", "time": "09:54:46", "tweet": "Is Tesla stock inflated? When more EV manufacturing like BYD, TAN in China enters western market it is going to be crowded.  BYD announced they are going to develop selfdriving capable cars. BAIDU +GEELY=TRUE are set to work on the future of EV cars. @tesla #Electric  #stocks", "likes_count": 0, "replies_count": 0, "retweets_count": 0, "hashtags": ["electric", "stocks"]}
{"id": 1431614891874349056, "date": "2021-08-28", "time": "09:49:22", "tweet": "@Jesse_terry @Tesla @elonmusk They are the stock 20” Induction wheels. And nope, it’s just a LR AWD.", "likes_count": 3, "replies_count": 0, "retweets_count": 0, "hashtags": []}
{"id": 1431613855541702660, "date": "2021-08-28", "time": "09:45:15", "tweet": "@gaiuschibueze Any asset or innovation that solves world problems and  it's needs tends to make the builders among the richest in world. Amazon, Microsoft, Facebook,Tesla,etc. I believe if agric sector is harness also in Africa by any means,this would be a massive ✈️💯", "likes_count": 1, "replies_count": 0, "retweets_count": 0, "hashtags": []}
{"id": 1431612923613429765, "date": "2021-08-28", "time": "09:41:33", "tweet": "@MarathonDH @BitcoinMagazine That would mean MARA would be 200-350 stock still mining Bitcoin with 2025 computing from @canaanio or @BITMAINtech  or even @Tesla  if they manage to make Tesla mine btc", "likes_count": 2, "replies_count": 0, "retweets_count": 1, "hashtags": []}
{"id": 1431611877465989120, "date": "2021-08-28", "time": "09:37:24", "tweet": "@MGarrett0 @RJRCapital Look at the Tesla stock chart and tell me again what funded it?", "likes_count": 0, "replies_count": 0, "retweets_count": 0, "hashtags": []}
{"id": 1431610048468357124, "date": "2021-08-28", "time": "09:30:08", "tweet": "Hot Wheels R/C 1:64 Tesla Cyber Truck BACK IN STOCK  $19.99!! Has been sold out   https://t.co/4MRhrhN893  https://t.co/swHd3d29rf", "likes_count": 0, "replies_count": 0, "retweets_count": 0, "hashtags": []}
