{"id": 1353130301464006662, "date": "2021-01-23", "time": "18:59:38", "tweet": "@BigNosedBully The overvaluation of tesla stock isn’t hinging entirely on FSD. Many are looking at it as investing in a company that can secure a decent share of the Chinese and European EV market. In the US, they have 70% of the EV market, which counts for a lot", "likes_count": 0, "replies_count": 1, "retweets_count": 0, "hashtags": []}
{"id": 1353128973136318465, "date": "2021-01-23", "time": "18:54:21", "tweet": "@InsideEVs GR8 list. TX4 sharing. .@inKenGray &amp; .@AmazingChevVolt .@Rivian didn't make the list.  CD #Rivian stock be hotter than .@Tesla the next 3 years?  .@Autoline .@MunroAssociates .@technology .@BW .@FT .@TheEconomist .@TheEconomist .@thetimes .@nytimes .@TilmanWinkler .@alex_avoigt", "likes_count": 1, "replies_count": 0, "retweets_count": 0, "hashtags": ["rivian"]}
{"id": 1353127259025125379, "date": "2021-01-23", "time": "18:47:33", "tweet": "@DanielKelly00 Tesla stock alone doubled since September. Bought two back then super happy did.", "likes_count": 1, "replies_count": 1, "retweets_count": 0, "hashtags": []}
{"id": 1353126861656604673, "date": "2021-01-23", "time": "18:45:58", "tweet": "The higher TSLA's stock price goes, the greater number of Cybertruck reservations will be fulfilled, which will push $TSLA even higher. It's beautiful. #Tesla #cybertruck @elonmusk", "likes_count": 1, "replies_count": 0, "retweets_count": 0, "hashtags": ["tesla", "cybertruck"]}
{"id": 1353125834001793024, "date": "2021-01-23", "time": "18:41:53", "tweet": "@zerohedge Tesla makes shitty cars but has excellent marketing for its stock.", "likes_count": 1, "replies_count": 1, "retweets_count": 0, "hashtags": []}
{"id": 1353124640651005952, "date": "2021-01-23", "time": "18:37:08", "tweet": "@areitu When they don’t deliver… what happens to a stock that’s massively overvalued based on those claims?  Does the market accept Tesla is worth more than Toyota if they can’t deliver FSD system?", "likes_count": 0, "replies_count": 1, "retweets_count": 0, "hashtags": []}
{"id": 1353124360723300354, "date": "2021-01-23", "time": "18:36:02", "tweet": "@sansculottestoo @yagigote @velma__fan @sexy_robotnik @beans_n_bops @ChemtrailDenier @RealDylanKnight @ChrisTweetsLLC @make_it_snow @achtung_maybe @__quack @nice_learning @TheClickPit @a_bonarlaw @raventerp100 @Christie_Malry @phuketamine @forpush @lauraFWG @Starscape14 @velma_fan @darianilian @KetzerN @Wildomar9991 @IBeetman @EGattignolo @ArronRational @2ndTermTweets @hidIive @brandocalriss11 @posting @BobooTobian @abhbaybay @FuTB12 @pacificflows @planklite @TabiMacster @lord_rizzo @thejimmyzshow @andrewnyrda @sakkoira @shasptrip59 @leothotsky69420 @VanKingoff @SitAndthat @agentseanmulder @DegenerateLibe2 @Azihayya @LinusIslamTips @AutisticBut \"Wildly exaggerating production\", \"pump up stock prices\"... Repeating ridiculous myths spread by investors (i.e. evil capitalists) betting against Tesla doesn't exactly lend him credibility :-)", "likes_count": 0, "replies_count": 2, "retweets_count": 0, "hashtags": []}
{"id": 1353124217898885120, "date": "2021-01-23", "time": "18:35:28", "tweet": "@Tweetermeyer @WR4NYGov @origamicyber @Tesla @amazon @arstechnica @kirstenkorosec @AlexRoy144 Imagine dedicating your whole life writing a book saying that Tesla is a fraud and the stock is ludicrous to one year later the stock being up 2000%. Man this guy must feel like a massive idiot.", "likes_count": 4, "replies_count": 0, "retweets_count": 0, "hashtags": []}
{"id": 1353123982350962688, "date": "2021-01-23", "time": "18:34:31", "tweet": "Q5 reasons why 2021 just might be the year GM’s stock price stands up to Tesla  https://t.co/lokrQgIr6O", "likes_count": 0, "replies_count": 0, "retweets_count": 0, "hashtags": []}
{"id": 1353122599048417281, "date": "2021-01-23", "time": "18:29:02", "tweet": "@RandyWKirk1 @ICannot_Enough  https://t.co/PRPzp1LGHg You are assuming Volkswagen wont grow any revenue ? At the timr Tesla has VW revenue, what should its stock price be?", "likes_count": 0, "replies_count": 2, "retweets_count": 0, "hashtags": []}
{"id": 1353122413135986688, "date": "2021-01-23", "time": "18:28:17", "tweet": "Energy stocks could pull a Tesla and go parabolic in 2021, Fundstrat's Tom Lee says | Markets Insider ⁦@Tesla⁩ #tesla #news #ev #stock #stockmarket   https://t.co/54ABnKTS9T", "likes_count": 0, "replies_count": 0, "retweets_count": 0, "hashtags": ["tesla", "news", "ev", "stock", "stockmarket"]}
{"id": 1353121545745362944, "date": "2021-01-23", "time": "18:24:50", "tweet": "@jimcramer This is crazy unless she knows something that would blow our minds away. Wonder if she has attributed Tesla stock astonishing uprising in 2020 to her wild $4000 PT prediction instead Tesla’s revolutionary products in EV, AI, Space &amp; rapid global expansions.", "likes_count": 6, "replies_count": 7, "retweets_count": 0, "hashtags": []}
{"id": 1353121165112442882, "date": "2021-01-23", "time": "18:23:20", "tweet": "Tesla stock {TSLA stock} - BOUGHT 100K of the NEXT TESLA STOCK😱  https://t.co/TlUuYtakXh via @YouTube ▶  YES WE DID IT AGAIN CALLED THE NEXT #tesla #stocks AT $11.. PLEASE TUNE IN AND SEE.  IT'S NOT #NIO @NIOGlobal @Tesla @elonmusk   $TSLA $NIO $NGA $CCIV $LI $XPEV $PLUG $QS", "likes_count": 14, "replies_count": 5, "retweets_count": 1, "hashtags": ["tesla", "stocks", "nio"]}
{"id": 1353120728225345536, "date": "2021-01-23", "time": "18:21:36", "tweet": "@ev_stock The property in Texas is massive, it's certainly on that property. Although I read something about Tesla hiring in Raleigh NC for something related to #batteryengineer", "likes_count": 0, "replies_count": 0, "retweets_count": 0, "hashtags": ["batteryengineer"]}
{"id": 1353118995700994049, "date": "2021-01-23", "time": "18:14:42", "tweet": "The best thing about micro currencies and any stocks... is that you get more comfortable with buying big quantity's... A stock like Tesla at $700 seems like a lot of money to buy one share.. I could never dream of and probably owning one whole bitcoin... ...", "likes_count": 0, "replies_count": 0, "retweets_count": 0, "hashtags": []}
{"id": 1353118670638239747, "date": "2021-01-23", "time": "18:13:25", "tweet": "@yatesinvesting ABML hired a Tesla enginner they got a huge piece of funding from the govt, they’re about to be on NYSE will change to ABMC and ark etfs like them therefore they’ll buy a lot of them put in their etf. Once they’re on NYSE you already know the wealth inst will load up. 😎 10 soon", "likes_count": 1, "replies_count": 0, "retweets_count": 0, "hashtags": []}
{"id": 1353118074057056257, "date": "2021-01-23", "time": "18:11:03", "tweet": "UPDATE: Tesla earnings: Can sales growth match stock's rise?  https://t.co/SwiEhd1ZHc", "likes_count": 0, "replies_count": 0, "retweets_count": 0, "hashtags": []}
{"id": 1353118052217454592, "date": "2021-01-23", "time": "18:10:58", "tweet": "I need Tesla stock to drop to like $100 real quick like 5 minutes max", "likes_count": 1, "replies_count": 0, "retweets_count": 0, "hashtags": []}
{"id": 1353117969237372928, "date": "2021-01-23", "time": "18:10:38", "tweet": "@JayStockly @TruttMD @RBReich Lol how so? Please enlighten me on Tesla’s stock scam? I bet you invest in Bitcoin huh 🤔? Lol 😂", "likes_count": 0, "replies_count": 0, "retweets_count": 0, "hashtags": []}
{"id": 1353117801708457995, "date": "2021-01-23", "time": "18:09:58", "tweet": "@jimcramer  @CathieDWood #cathiewood is not the only stock picker in town.  I recommended:  Tesla @ $7 Facebook @ $24 Zillow @ $16 Bitcoin @ $433 Square @ $41  I am just looking for my \"opportunity\" in portfolio management too. My stock picks are great!   https://t.co/RNNXk6436q", "likes_count": 0, "replies_count": 0, "retweets_count": 0, "hashtags": ["cathiewood"]}
