{"id": 1436840062042329093, "date": "2021-09-11", "time": "19:52:20", "tweet": "@elonmusk @Tesla So a car that looks like the record setting car was spotted doing runs there and it looked pretty modified. It had big carbon ceramic brakes, different wheels and tires. Curious to know if that was the car that set that \"stock\" Nurburgring lap record.", "likes_count": 0, "replies_count": 0, "retweets_count": 0, "hashtags": []}
{"id": 1436839915363332096, "date": "2021-09-11", "time": "19:51:45", "tweet": "@Rev0n1 @JRVisscher @falke_wander @nuerburgring @Tesla Yup, with track tires and aero package. Plaid was 100% showroom stock. I suspect @Tesla #Plaid will do sub 7m with similar setup.", "likes_count": 1, "replies_count": 1, "retweets_count": 0, "hashtags": ["plaid"]}
{"id": 1436839876125765634, "date": "2021-09-11", "time": "19:51:36", "tweet": "$LI Li Auto. This stock is favoured to be close to, if not already completed a correction off the all time low.  Elliottwave view and more @  https://t.co/jSWW22SBH6 #Elliottwave #trading #stocks #Tesla #EV", "likes_count": 0, "replies_count": 0, "retweets_count": 1, "hashtags": ["elliottwave", "trading", "stocks", "tesla", "ev"]}
{"id": 1436839850729168896, "date": "2021-09-11", "time": "19:51:30", "tweet": "$XPEV XPeng Xiaopeng Motors. This stock is favoured to be correcting in a wave 2 correction before resuming higher.  Elliottwave view and more @  https://t.co/sbhv2sni0Z #Elliottwave #trading #stocks #Tesla #EV", "likes_count": 0, "replies_count": 0, "retweets_count": 0, "hashtags": ["elliottwave", "trading", "stocks", "tesla", "ev"]}
{"id": 1436839800510853123, "date": "2021-09-11", "time": "19:51:18", "tweet": "$FUV Arcimoto. This stock can still see further continuation higher before correcting in a larger degree.  Elliottwave view and more @  https://t.co/UMf6XrfrKt #Elliottwave #trading #stocks #Tesla #EV", "likes_count": 0, "replies_count": 0, "retweets_count": 0, "hashtags": ["elliottwave", "trading", "stocks", "tesla", "ev"]}
{"id": 1436839752532217857, "date": "2021-09-11", "time": "19:51:06", "tweet": "Hot Wheels R/C 1:64 Tesla Cyber Truck BACK IN STOCK  $19.99!!! Has been sold out   https://t.co/cUDxxYsuvk  https://t.co/bLLNY6weij", "likes_count": 0, "replies_count": 0, "retweets_count": 0, "hashtags": []}
{"id": 1436839578871029761, "date": "2021-09-11", "time": "19:50:25", "tweet": "@Dineshrestha_ @elonmusk I yelled at a friend who didn’t bet me to buy stock earlier. I’ve been counting Tesla’s on the road since 2015.  There’s one.  There’s one.", "likes_count": 0, "replies_count": 0, "retweets_count": 0, "hashtags": []}
{"id": 1436839393998749697, "date": "2021-09-11", "time": "19:49:41", "tweet": "@Dineshrestha_ @elonmusk Wow. Maybe if you say all the gains you make from Tesla stock will go to her, that’ll likely change the whole dynamics lol", "likes_count": 12, "replies_count": 1, "retweets_count": 0, "hashtags": []}
{"id": 1436837748372033536, "date": "2021-09-11", "time": "19:43:09", "tweet": "@PapaKUV @StayingHecka @IOHK_Charles Plus this is only software and I am still waiting for that app I want to use without having a biased towards $ADA because I own it. If I did not own Tesla stock I would still love love my Tesla that is the difference. We will wait and see it is that type of game …", "likes_count": 1, "replies_count": 0, "retweets_count": 0, "hashtags": []}
{"id": 1436836612105703427, "date": "2021-09-11", "time": "19:38:38", "tweet": "@28delayslater Yeah…gonna lose a lot of money Monday…but, getting my PLAID next Sunday. FUCK IT! STOP WORRYING ABOUT STOCK PRICE AND LOVE THE RIDE! SECOND TESLA COMING AND LOVING IT. sorry for yelling", "likes_count": 1, "replies_count": 0, "retweets_count": 0, "hashtags": []}
{"id": 1436836369918214144, "date": "2021-09-11", "time": "19:37:40", "tweet": "@WholeMarsBlog @elonmusk As a Tesla Shareholder, I kindly ask you to stop hyping up the stock. Jeez, Tesla is valued higher than all other automakers company because they are pricing in Full self driving already. Now it’s just a matter of time for Tesla to deliver on their promises.", "likes_count": 0, "replies_count": 0, "retweets_count": 0, "hashtags": []}
{"id": 1436835916807610371, "date": "2021-09-11", "time": "19:35:52", "tweet": "Who in the House holds Tesla and GM stock again @unusual_whales ?", "likes_count": 25, "replies_count": 2, "retweets_count": 4, "hashtags": []}
{"id": 1436831604127649793, "date": "2021-09-11", "time": "19:18:44", "tweet": "@Tesla @Tesla_Oleg Too much tyre squeaking. Driver too exited or still room for improvement on suspension/ stock tyres", "likes_count": 1, "replies_count": 1, "retweets_count": 0, "hashtags": []}
{"id": 1436830429236142080, "date": "2021-09-11", "time": "19:14:04", "tweet": "Hot Wheels R/C 1:64 Tesla Cyber Truck BACK IN STOCK  $19.99!! Has been sold out   https://t.co/SDKeLyCCiz  https://t.co/roxjPi8lvQ", "likes_count": 11, "replies_count": 0, "retweets_count": 1, "hashtags": []}
{"id": 1436830000834093061, "date": "2021-09-11", "time": "19:12:21", "tweet": "@CapitalInquiry @jpr007 @ICannot_Enough @elonmusk @WholeMarsBlog He knows it but it helps comfort him when people point out tesla is a bubble stock nothing more.", "likes_count": 1, "replies_count": 2, "retweets_count": 0, "hashtags": []}
{"id": 1436829593302798337, "date": "2021-09-11", "time": "19:10:44", "tweet": "@Aristot21520213 @EmmetPeppers @Tesla Hm it’s part of your comp so not really free and I consider growth potential when deciding over offers. IBM stock vs GOOGLE stock for example", "likes_count": 1, "replies_count": 0, "retweets_count": 0, "hashtags": []}
{"id": 1436828645071339521, "date": "2021-09-11", "time": "19:06:58", "tweet": "@ShortingIsFun @elonmusk @WholeMarsBlog I think it would hurt his visibility since public interest is heavily crowded in $TSLA, especially because of its stock.  He already doesn't spend that much time on either Tesla or SpaceX. His job is PR; operationally he's terrible.", "likes_count": 13, "replies_count": 1, "retweets_count": 1, "hashtags": []}
{"id": 1436826597726699527, "date": "2021-09-11", "time": "18:58:50", "tweet": "@Austen It’s not hilarious it’s blackmail. We would not be in this position sustainability wise if Tesla hadn’t been brave, built the best cars and then had the market back their stock. Outrageous IMO.", "likes_count": 27, "replies_count": 1, "retweets_count": 0, "hashtags": []}
{"id": 1436826137758474252, "date": "2021-09-11", "time": "18:57:00", "tweet": "@EmmetPeppers @Tesla If Elon is saying some of FSD is baked into the stock then I believe him.  For one, he’s much smarter than me and second he’s the CEO!", "likes_count": 0, "replies_count": 0, "retweets_count": 0, "hashtags": []}
{"id": 1436825821696638977, "date": "2021-09-11", "time": "18:55:45", "tweet": "@CathieDWood @skorusARK If ev is so good why is she selling tesla stock", "likes_count": 1, "replies_count": 0, "retweets_count": 0, "hashtags": []}
{"id": 1436824694955589633, "date": "2021-09-11", "time": "18:51:16", "tweet": "@mbenga_a @EmmetPeppers @Tesla You mostly stay until vesting to get the stock. Appriciation is just a bonus. You have a bunch of money locked and you will stay until it is unlocked, whether appriciated or not. Otherwise you are saying FAANG employees don't care about their RSUs", "likes_count": 0, "replies_count": 1, "retweets_count": 0, "hashtags": []}
{"id": 1436823543686172672, "date": "2021-09-11", "time": "18:46:42", "tweet": "@Aristot21520213 @EmmetPeppers @Tesla Nah it’s not about share count but overall stock value. Stock compensation packages are incentivizing employees towards the potential growth long term not the net value.", "likes_count": 4, "replies_count": 3, "retweets_count": 0, "hashtags": []}
{"id": 1436822290650574851, "date": "2021-09-11", "time": "18:41:43", "tweet": "@EmmetPeppers @Tesla Said the one who got rich quickly with $TSLA stock/options 😂. Seriously, why is this bad? Majority of Tesla employees believes in the mission, but probably struggles in real life. What is better than being financially independent AND work on something you believe?", "likes_count": 1, "replies_count": 1, "retweets_count": 0, "hashtags": []}
{"id": 1436821694488842243, "date": "2021-09-11", "time": "18:39:21", "tweet": "@jpr007 @ICannot_Enough @elonmusk @WholeMarsBlog Tesla also didn't earn even 1/8th of $GM profit in 2020... And has 1/10th of the debt. Which is a good sign for investors, but don't use market cap—because that doesn't give you any information on how the company's financial performance (albeit raising capital through stock sale)", "likes_count": 0, "replies_count": 1, "retweets_count": 0, "hashtags": []}
{"id": 1436820612954017794, "date": "2021-09-11", "time": "18:35:03", "tweet": "@ClothesTesla Here’s what we know Tesla did achieve this record, it was stock. And the car you showed isn’t the one that ran the lap. More importantly it’s the taycan who hasn’t even proven it’s  record. Nevertheless plaid beat the taycan fake pre production and unofficial run", "likes_count": 0, "replies_count": 0, "retweets_count": 0, "hashtags": []}
{"id": 1436820299253796866, "date": "2021-09-11", "time": "18:33:48", "tweet": "Hey @elonmusk, i‘d like to order some Decanter but the 🇩🇪 Store has nothing in stock 👇🏻 @Tesla  https://t.co/iAGlZolXGz", "likes_count": 2, "replies_count": 0, "retweets_count": 0, "hashtags": []}
{"id": 1436820234891980801, "date": "2021-09-11", "time": "18:33:33", "tweet": "So @tesla crowd. Have an order in for a #modely with the upgraded 20\" wheels but wondering if there are good wheel covers for the stock 19\" like I did with our #model3 and the Rimtrex Orbitals in the pic.  So any options for the Y?  https://t.co/gJy5UP9cxz", "likes_count": 0, "replies_count": 0, "retweets_count": 0, "hashtags": ["modely", "model3"]}
{"id": 1436819947838001153, "date": "2021-09-11", "time": "18:32:25", "tweet": "@EmmetPeppers @Tesla Good point but work life balance could also be a bigger factor than employee stock benefits or warrants", "likes_count": 0, "replies_count": 0, "retweets_count": 0, "hashtags": []}
{"id": 1436819592114946051, "date": "2021-09-11", "time": "18:31:00", "tweet": "As Tesla stock surges, it’s now worth as much as the next six biggest carmakers  https://t.co/QBHb0PZ6Yb", "likes_count": 0, "replies_count": 0, "retweets_count": 0, "hashtags": []}
{"id": 1436819300996861952, "date": "2021-09-11", "time": "18:29:50", "tweet": "I hate Musk and think Tesla’s stock price is a joke, but the EV tax disadvantage they get for not being unionized is shameful.", "likes_count": 3, "replies_count": 2, "retweets_count": 0, "hashtags": []}
{"id": 1436817989723045891, "date": "2021-09-11", "time": "18:24:38", "tweet": "@DX9772 @EmmetPeppers @Tesla If the stock “tanks,” be careful buying calls—the volatility almost always skyrockets with a drastic price drop, so even LEAPs could reflect that IV increase &amp; you could get whacked when IV returns normal. If IV goes too high compared to historic, I’ll buy stock or vert spreads.", "likes_count": 4, "replies_count": 0, "retweets_count": 0, "hashtags": []}
{"id": 1436817639062573057, "date": "2021-09-11", "time": "18:23:14", "tweet": "@TaylorOgan @WholeMarsBlog Based on Tesla’s growth rate, margins, profit…., this is enough to justify current valuation. Stock price doesn’t have autonomy priced in.", "likes_count": 1, "replies_count": 1, "retweets_count": 0, "hashtags": []}
{"id": 1436816873857986561, "date": "2021-09-11", "time": "18:20:12", "tweet": "gotta buy some more hella tesla stock  cybertruck coming big $ long term game", "likes_count": 0, "replies_count": 0, "retweets_count": 0, "hashtags": []}
{"id": 1436816337511149568, "date": "2021-09-11", "time": "18:18:04", "tweet": "@elonmusk @WholeMarsBlog A company doing the magnitude of work that Tesla's doing to moving mankind forward on many levels should be rewarded generously, not only in the stock markets but thru &amp; thru b/c it's well deserved. If tesla had not gone thru the pain,the EV sector wouldn't be where it's at 2day.", "likes_count": 0, "replies_count": 0, "retweets_count": 0, "hashtags": []}
{"id": 1436815888947335177, "date": "2021-09-11", "time": "18:16:17", "tweet": "@AlternateJones Tesla isn’t doing any stock split anytime soon. I would say middle to late of 2022", "likes_count": 0, "replies_count": 1, "retweets_count": 0, "hashtags": []}
{"id": 1436814673681080323, "date": "2021-09-11", "time": "18:11:27", "tweet": "If really on team @Tesla and not just trying to get rich as quick as possible on $TSLA stock/options then this would be clear.  It may not play out this way, market will decide ultimately, but it would be best for @Tesla long term IMO", "likes_count": 100, "replies_count": 8, "retweets_count": 3, "hashtags": []}
{"id": 1436813692423876614, "date": "2021-09-11", "time": "18:07:33", "tweet": "@EmmetPeppers @Tesla If stock tanks, gonna go hard on LEAPS", "likes_count": 4, "replies_count": 1, "retweets_count": 0, "hashtags": []}
{"id": 1436813540568883205, "date": "2021-09-11", "time": "18:06:57", "tweet": "@EmmetPeppers @Tesla Elon funny with his tweets about the stock", "likes_count": 2, "replies_count": 0, "retweets_count": 0, "hashtags": []}
{"id": 1436813381772746754, "date": "2021-09-11", "time": "18:06:19", "tweet": "@WholeMarsBlog You’re not wrong, but Elon sees TSLA stock price surge tied to robotaxis. Investors see this. Now it becomes that much more binary; in other words, if Tesla cannot deliver driverless robotaxis, much of that valuation gain since Autonomy Day has to be taken down.", "likes_count": 2, "replies_count": 6, "retweets_count": 0, "hashtags": []}
{"id": 1436813270308982786, "date": "2021-09-11", "time": "18:05:52", "tweet": "Tesla doesn’t need to raise capital ever again.  Therefore, IMO it’s in @tesla best interest, for long term employee retention and satisfaction purposes, to keep $TSLA stock from appreciating too fast too soon", "likes_count": 376, "replies_count": 24, "retweets_count": 14, "hashtags": []}
