{"id": 1350592268005097475, "date": "2021-01-16", "time": "18:54:24", "tweet": "Don't say you haven't been warned! EWT is going to rocket launch this year!   'Energy Web Validator EDF Ignites Stock Market With Plan For Pod Point Float'  https://t.co/cMGc0ZHRjX  @energywebx #ewt $ewt @Shell @elonmusk #tesla #solar @edfenergy  https://t.co/niNuSVQ7UC", "likes_count": 49, "replies_count": 1, "retweets_count": 8, "hashtags": ["ewt", "tesla", "solar"]}
{"id": 1350591951284936709, "date": "2021-01-16", "time": "18:53:08", "tweet": "@TomTom53160406 @JayHuh10 yeah, tesla is a weird one. probably the most overvalued stock in history (as compared to the output of the company in terms of revenue, gross etc). FOMO and hype driving this one to unseen heights", "likes_count": 0, "replies_count": 1, "retweets_count": 0, "hashtags": []}
{"id": 1350585723250995204, "date": "2021-01-16", "time": "18:28:23", "tweet": "@elonmusk @MrBeastYT He bought #Bitcoin for humanity and to 10x Tesla stock price and probably found gold on mars...  #Fed printing people to poverty.", "likes_count": 0, "replies_count": 1, "retweets_count": 0, "hashtags": ["bitcoin", "fed"]}
{"id": 1350585408174895104, "date": "2021-01-16", "time": "18:27:08", "tweet": "Don't care if @Tesla stock goes to $10000 per share, still wouldn't sell.  https://t.co/LbxWnbSW6Y", "likes_count": 1, "replies_count": 0, "retweets_count": 0, "hashtags": []}
{"id": 1350585311609421829, "date": "2021-01-16", "time": "18:26:45", "tweet": "@AndreCronjeTech I don’t own a Tesla but its stock is a large portion of my portfolio, this is the dumbest fucking logic I’ve ever heard", "likes_count": 0, "replies_count": 0, "retweets_count": 0, "hashtags": []}
{"id": 1350583884992442370, "date": "2021-01-16", "time": "18:21:05", "tweet": "@EMONT006 @BrooklynNets I feel the same way about my season tickets bro. It was like Tesla stock", "likes_count": 1, "replies_count": 0, "retweets_count": 0, "hashtags": []}
{"id": 1350583023322980362, "date": "2021-01-16", "time": "18:17:40", "tweet": "Big Pension Bought Up Tesla, Apple, Microsoft, and GE Stock - Barron's  https://t.co/uycV9NGglz", "likes_count": 0, "replies_count": 0, "retweets_count": 0, "hashtags": []}
{"id": 1350582393976090630, "date": "2021-01-16", "time": "18:15:09", "tweet": "hi yes, pls invest a stock in tesla. best thing i’ve ever done", "likes_count": 1, "replies_count": 0, "retweets_count": 0, "hashtags": []}
{"id": 1350582054837215232, "date": "2021-01-16", "time": "18:13:49", "tweet": "Michael Burry predicts Tesla stock will Collapse | Billionaire disagrees...  https://t.co/cZ4ERAK6ld  https://t.co/1iYmRZaMTp", "likes_count": 14, "replies_count": 2, "retweets_count": 1, "hashtags": []}
{"id": 1350580124463345664, "date": "2021-01-16", "time": "18:06:08", "tweet": "@PearlRiverFlow One stock of Tesla today, 50 million cash next week!", "likes_count": 2, "replies_count": 0, "retweets_count": 0, "hashtags": []}
{"id": 1350578621400887296, "date": "2021-01-16", "time": "18:00:10", "tweet": "Is it Too Late To Invest in Tesla? | Best Stocks To Buy Now | Stock Market  https://t.co/Ml4OwXdQcC  https://t.co/FoaqdiMDOn", "likes_count": 17, "replies_count": 6, "retweets_count": 2, "hashtags": []}
{"id": 1350577799732613125, "date": "2021-01-16", "time": "17:56:54", "tweet": "@elonmusk @MrBeastYT I’m getting mixed messages. Do I sell my Tesla stock?", "likes_count": 47, "replies_count": 3, "retweets_count": 0, "hashtags": []}
{"id": 1350577697727143938, "date": "2021-01-16", "time": "17:56:30", "tweet": "@Mbremith Also who are you kidding?If course you want to make money buying Tesla stock. Otherwise the best thing to do is buy their products directly.", "likes_count": 0, "replies_count": 2, "retweets_count": 0, "hashtags": []}
{"id": 1350576116113813506, "date": "2021-01-16", "time": "17:50:13", "tweet": "⚠️👍🏻Big Pension Bought Up Tesla, Apple, Microsoft, and GE Stock | Barron's  https://t.co/167pBlGWej", "likes_count": 0, "replies_count": 0, "retweets_count": 0, "hashtags": []}
{"id": 1350575856347963397, "date": "2021-01-16", "time": "17:49:11", "tweet": "Def buying Tesla stock", "likes_count": 1, "replies_count": 0, "retweets_count": 0, "hashtags": []}
{"id": 1350575409230979072, "date": "2021-01-16", "time": "17:47:24", "tweet": "@OludeleLeke @alexcutler247 I just don’t think this is the next Tesla.  Tesla does so much more than cars, I own one. Love it but I think they are years ahead of others.   Not saying this can’t be a $100 plus stock though.", "likes_count": 4, "replies_count": 7, "retweets_count": 0, "hashtags": []}
{"id": 1350575342927405059, "date": "2021-01-16", "time": "17:47:08", "tweet": "I just want razors that don’t cost as much as Tesla stock fam", "likes_count": 4, "replies_count": 1, "retweets_count": 0, "hashtags": []}
{"id": 1350574205566410753, "date": "2021-01-16", "time": "17:42:37", "tweet": "After the #Tesla stock futures it's #Twitter turn!  @InjectiveLabs will offers a wide range of derivatives assets on the platform to offer you infinite #trading possibilities  #INJ is still in testnet but you can already join &amp; participate in trading contest to earn reward  $INJ", "likes_count": 14, "replies_count": 0, "retweets_count": 1, "hashtags": ["tesla", "twitter", "trading", "inj"]}
{"id": 1350572394205896707, "date": "2021-01-16", "time": "17:35:25", "tweet": "Tesla stock has been one of the hottest stocks within the past year, soaring over 704% throughout the past year alone, leading many to wonder if Tesla is still a buy.", "likes_count": 2, "replies_count": 1, "retweets_count": 0, "hashtags": []}
{"id": 1350571270413430787, "date": "2021-01-16", "time": "17:30:57", "tweet": "@Hipster_Trader Let's see if we can get that Ford stock price to follow Tesla's.", "likes_count": 1, "replies_count": 0, "retweets_count": 0, "hashtags": []}
