{"id": 1378497504384278531, "date": "2021-04-03", "time": "19:59:50", "tweet": "Dow Jones Futures: Tesla, Jobs Report Bolster Stock Market Rally; Google,   https://t.co/9Hq43XCL2T #YahooFinance #Trucking #Transportation #Shipping #Logistics Follow @AFTvitaliy  https://t.co/ZpMDMyERTA", "likes_count": 0, "replies_count": 0, "retweets_count": 0, "hashtags": ["yahoofinance", "trucking", "transportation", "shipping", "logistics"]}
{"id": 1378496591380766720, "date": "2021-04-03", "time": "19:56:13", "tweet": "@Cleisthenes5 @DenyThemYourEss @bearschoice2020 @RobertBrownieJ8 @zapher134 @JordanBassior @TertiusIV @RossGilroy @zypisfy @SecularSandwich @imkimaaron @AndrewRChapman @BrianSlimdog77 @pray2pesci @JohnKrahn2 @willsworldview @Cern_lXXl @BenMayhew13 @NarratingFools @ralph_maglio @globalist13903 @VelvetEven @smug2bme @Chortling_Man @Venatorgaming9 @jools6691 @savag3ap3 @DiscoJerrys @HP19763 @oohglobbits5 @TheCATheist @jea_jordan @SplinterSimba @DavidVeillon5 @Phoenix42505497 @markthorsby1 @alan244g @TechnoGAUNTLET @jd_and_coke_1 @davestewart4444 @Tris_Stock @orna_verum @SimpleS18790446 @bobfish1973 @randolf828 @th1rt3en_TM @PraiseHisName50 @BillReagan16 @GodflyThe Tesla won in the end..Chicago worlds fair..he lit it up..", "likes_count": 2, "replies_count": 3, "retweets_count": 0, "hashtags": []}
{"id": 1378496352041177088, "date": "2021-04-03", "time": "19:55:16", "tweet": "@DenyThemYourEss @bearschoice2020 @RobertBrownieJ8 @zapher134 @JordanBassior @TertiusIV @RossGilroy @zypisfy @SecularSandwich @imkimaaron @AndrewRChapman @BrianSlimdog77 @pray2pesci @JohnKrahn2 @willsworldview @Cern_lXXl @BenMayhew13 @NarratingFools @Cleisthenes5 @ralph_maglio @globalist13903 @VelvetEven @smug2bme @Chortling_Man @Venatorgaming9 @jools6691 @savag3ap3 @DiscoJerrys @HP19763 @oohglobbits5 @TheCATheist @jea_jordan @SplinterSimba @DavidVeillon5 @Phoenix42505497 @markthorsby1 @alan244g @TechnoGAUNTLET @jd_and_coke_1 @davestewart4444 @Tris_Stock @orna_verum @SimpleS18790446 @bobfish1973 @randolf828 @th1rt3en_TM @PraiseHisName50 @BillReagan16 @GodflyThe Edison was a prick..he fried an elephant to try and show the world AC power was deadly...Tesla even improved Edison’s own generators...", "likes_count": 0, "replies_count": 1, "retweets_count": 0, "hashtags": []}
{"id": 1378495744689238019, "date": "2021-04-03", "time": "19:52:51", "tweet": "@DenyThemYourEss @bearschoice2020 @Wolfpak561 @RobertBrownieJ8 @zapher134 @JordanBassior @TertiusIV @RossGilroy @zypisfy @SecularSandwich @imkimaaron @AndrewRChapman @BrianSlimdog77 @pray2pesci @JohnKrahn2 @willsworldview @Cern_lXXl @BenMayhew13 @NarratingFools @ralph_maglio @globalist13903 @VelvetEven @smug2bme @Chortling_Man @Venatorgaming9 @jools6691 @savag3ap3 @DiscoJerrys @HP19763 @oohglobbits5 @TheCATheist @jea_jordan @SplinterSimba @DavidVeillon5 @Phoenix42505497 @markthorsby1 @alan244g @TechnoGAUNTLET @jd_and_coke_1 @davestewart4444 @Tris_Stock @orna_verum @SimpleS18790446 @bobfish1973 @randolf828 @th1rt3en_TM @PraiseHisName50 @BillReagan16 @GodflyThe Tesla was cheated by Edison. Edison was fearful of Bell..", "likes_count": 0, "replies_count": 2, "retweets_count": 0, "hashtags": []}
{"id": 1378490445207060481, "date": "2021-04-03", "time": "19:31:47", "tweet": "@kerrylikis @TheStreet Wow. Some random internet guy is giving me some random non-sensical advice. Hold that Tesla stock boomer!", "likes_count": 1, "replies_count": 1, "retweets_count": 0, "hashtags": []}
{"id": 1378489929781633026, "date": "2021-04-03", "time": "19:29:45", "tweet": "🤔 Is Now The Time To Buy Stock In Tesla, Netflix, Alibaba, Ford Or Facebook? $BABA $NFLX $TSLA  https://t.co/oGNjXR9Qxf # via @benzinga", "likes_count": 1, "replies_count": 0, "retweets_count": 0, "hashtags": []}
{"id": 1378489835795705865, "date": "2021-04-03", "time": "19:29:22", "tweet": "@TensorflowFan @SantoroSystems @Zorkmid123 @stenderstender @TheStreet LOLOLOL.. Yeah.. Elon will solve with Dogecoin. Elon is the biggest charlatan that ever existed. Tesla shareholders are the biggest numbnuts ever. They sell less cars last year, but the stock goes up 800%", "likes_count": 0, "replies_count": 0, "retweets_count": 0, "hashtags": []}
{"id": 1378488835194126336, "date": "2021-04-03", "time": "19:25:24", "tweet": "Is Now The Time To Buy Stock In Tesla, Netflix, Alibaba, Ford Or Facebook? $F $NFLX $TSLA $BABA $FB  https://t.co/Y4iN9hgkoz", "likes_count": 0, "replies_count": 0, "retweets_count": 0, "hashtags": []}
{"id": 1378487499006341121, "date": "2021-04-03", "time": "19:20:05", "tweet": "Already sold the Tesla stock Miley Cyrus gave me and bought a bottle of Jameson and a couple of cigars 😎", "likes_count": 1, "replies_count": 0, "retweets_count": 0, "hashtags": []}
{"id": 1378487347545829378, "date": "2021-04-03", "time": "19:19:29", "tweet": "stocks stock market reddit bitcoin dogecoin money raise low spike drop apple game stop amazon tesla Wall Street doge coin  #dogecoin #dogecointo1dollar #Dogecoinarmy #DOGE #Dogecoins #Bitcoin                         #DogecoinToTheMoon #widm #moltalk   https://t.co/Rg6WRivx49", "likes_count": 0, "replies_count": 0, "retweets_count": 0, "hashtags": ["dogecoin", "dogecointo1dollar", "dogecoinarmy", "doge", "dogecoins", "bitcoin", "dogecointothemoon", "widm", "moltalk"]}
{"id": 1378485763562672129, "date": "2021-04-03", "time": "19:13:11", "tweet": "@maxhusar @28delayslater @IanPavelko Stock Tesla tires have a foam lining to reduce noise", "likes_count": 2, "replies_count": 1, "retweets_count": 0, "hashtags": []}
{"id": 1378483888641740800, "date": "2021-04-03", "time": "19:05:44", "tweet": "@Wolfpak561 @DenyThemYourEss @RobertBrownieJ8 @zapher134 @JordanBassior @TertiusIV @RossGilroy @zypisfy @SecularSandwich @imkimaaron @AndrewRChapman @BrianSlimdog77 @pray2pesci @JohnKrahn2 @willsworldview @Cern_lXXl @BenMayhew13 @NarratingFools @Cleisthenes5 @ralph_maglio @globalist13903 @VelvetEven @smug2bme @Chortling_Man @Venatorgaming9 @jools6691 @savag3ap3 @DiscoJerrys @HP19763 @oohglobbits5 @TheCATheist @jea_jordan @SplinterSimba @DavidVeillon5 @Phoenix42505497 @markthorsby1 @alan244g @TechnoGAUNTLET @jd_and_coke_1 @davestewart4444 @Tris_Stock @orna_verum @SimpleS18790446 @bobfish1973 @randolf828 @th1rt3en_TM @PraiseHisName50 @BillReagan16 @GodflyThe Tesla was a great man. The rest were pirates", "likes_count": 0, "replies_count": 3, "retweets_count": 0, "hashtags": []}
{"id": 1378482905597546501, "date": "2021-04-03", "time": "19:01:50", "tweet": "@KnallGunter @RobKnight__ Up to a point. If the rally is too violent, both call holders and stock holders will start selling into it.  But yeah, overall volatility is greatly enhanced during such episodes.", "likes_count": 4, "replies_count": 0, "retweets_count": 0, "hashtags": []}
{"id": 1378480587883827201, "date": "2021-04-03", "time": "18:52:37", "tweet": "@elite_investor Meet the analysts with 2030 (10 yr )vision for Tesla speculating how shortsellers are trying to discredit delivery numbers to bring the stock price  over the weekend. For all I know , they should rejoice and be ready to gobble up on price drop or keep their mouth shut!  https://t.co/DFTtLOQUb4", "likes_count": 1, "replies_count": 0, "retweets_count": 0, "hashtags": []}
{"id": 1378480154004049923, "date": "2021-04-03", "time": "18:50:54", "tweet": "@MileyCyrus @CashApp $COR3YCP and I would do anything to get some of Tesla stock🙏🏽", "likes_count": 0, "replies_count": 3, "retweets_count": 0, "hashtags": []}
{"id": 1378480057866407936, "date": "2021-04-03", "time": "18:50:31", "tweet": "@TradeRunnr @SophistUnpaid @fraudalot @GerberKawasaki Then don’t buy the stock and instead sit back and shut up. If you are so confident that Tesla’s investors are getting scammed.....it should be amusing. I will keep counting my money thanks to the genius of a man known as Elon Musk.", "likes_count": 3, "replies_count": 0, "retweets_count": 0, "hashtags": []}
{"id": 1378479439886049281, "date": "2021-04-03", "time": "18:48:04", "tweet": "@RobKnight__ @truth_tesla I think if MM take the other side of option and stock buyers in a rally then become short delta and need to buy long stocks and options and increase therefore volatility even more.", "likes_count": 1, "replies_count": 1, "retweets_count": 0, "hashtags": []}
{"id": 1378479014692667396, "date": "2021-04-03", "time": "18:46:22", "tweet": "@tesla_addicted Tesla sold ZERO 2017 model year Teslas this past quarter. Sell your stock while you can people.", "likes_count": 3, "replies_count": 0, "retweets_count": 0, "hashtags": []}
{"id": 1378478085373317125, "date": "2021-04-03", "time": "18:42:41", "tweet": "@MileyCyrus @CashApp $3millionmax  I would like to get some @Tesla stock  #15yearsofmiley", "likes_count": 0, "replies_count": 2, "retweets_count": 0, "hashtags": ["15yearsofmiley"]}
{"id": 1378477697379270660, "date": "2021-04-03", "time": "18:41:08", "tweet": "Tesla’s beaten expectations  Please have no more selling temptations Tesla is the Hi tech king All you bears, just stop smoking Tesla’s stock will be much more worth It will go all the way to the north #Tesla #tesla @elonmusk @Tesla #stockmarketcrash #stockmarket #BearsNation", "likes_count": 0, "replies_count": 0, "retweets_count": 0, "hashtags": ["tesla", "tesla", "stockmarketcrash", "stockmarket", "bearsnation"]}
{"id": 1378477220889567233, "date": "2021-04-03", "time": "18:39:14", "tweet": "@ProofofBrain_ @Swats_44 Ask Pelosi how she did with Tesla stock before green deals.....", "likes_count": 2, "replies_count": 2, "retweets_count": 0, "hashtags": []}
{"id": 1378476502845689857, "date": "2021-04-03", "time": "18:36:23", "tweet": "@Keubiko These Tesla investors are all geniuses. I obviously need to throw my degree in the trash since I’m not smart enough to buy the stock", "likes_count": 0, "replies_count": 0, "retweets_count": 0, "hashtags": []}
{"id": 1378475226606931969, "date": "2021-04-03", "time": "18:31:19", "tweet": "@MileyCyrus @CashApp i really like tesla stock my boyfriend worked there and he’s obsessed too 😂 cash tag is $shelbyyyrose  i can’t believe hannah montana came out 15 years ago i still have all the kerch 😭💗", "likes_count": 0, "replies_count": 1, "retweets_count": 0, "hashtags": []}
{"id": 1378474704898453509, "date": "2021-04-03", "time": "18:29:15", "tweet": "Everyday my heart would beat in panic, but my mind was clearer than ever bc I knew the long term vision / execution was still in tact. I even got my family involved to buy Tesla stock and basically everyone close to me took advantage of the cheap, rare prices during the pandemic.", "likes_count": 32, "replies_count": 1, "retweets_count": 1, "hashtags": []}
{"id": 1378474690730057730, "date": "2021-04-03", "time": "18:29:11", "tweet": "So I would grind in corporate tech and live very frugally at the age of 23 (e.g sharing a studio, sleeping on a yoga mat, street parking everyday, eating in, basically only using each $ on needs and not wants) and by selling any vested company stock over time to put behind Tesla.", "likes_count": 29, "replies_count": 1, "retweets_count": 0, "hashtags": []}
{"id": 1378474681854877697, "date": "2021-04-03", "time": "18:29:09", "tweet": "Here is a little story about me &amp; Tesla for anyone interested in getting a deeper understanding of how I achieved financial freedom by the age of 31 and for anyone out there that think making $ in the stock market is easy.   Let’s get it started.   $TSLA #Tesla  https://t.co/xJcAtkmHH4", "likes_count": 192, "replies_count": 34, "retweets_count": 20, "hashtags": ["tesla"]}
{"id": 1378473518954905600, "date": "2021-04-03", "time": "18:24:32", "tweet": "@bearschoice2020 @DenyThemYourEss @RobertBrownieJ8 @zapher134 @JordanBassior @TertiusIV @RossGilroy @zypisfy @SecularSandwich @imkimaaron @AndrewRChapman @BrianSlimdog77 @pray2pesci @JohnKrahn2 @willsworldview @Cern_lXXl @BenMayhew13 @NarratingFools @Cleisthenes5 @ralph_maglio @globalist13903 @VelvetEven @smug2bme @Chortling_Man @Venatorgaming9 @jools6691 @savag3ap3 @DiscoJerrys @HP19763 @oohglobbits5 @TheCATheist @jea_jordan @SplinterSimba @DavidVeillon5 @Phoenix42505497 @markthorsby1 @alan244g @TechnoGAUNTLET @jd_and_coke_1 @davestewart4444 @Tris_Stock @orna_verum @SimpleS18790446 @bobfish1973 @randolf828 @th1rt3en_TM @PraiseHisName50 @BillReagan16 @GodflyThe Look what those guys did..Carnegie took steel and created an entirely new landscape..Westinghouse and Tesla electrified the country..JP Morgan financed it all..Rockefeller took oil for lamps and discovered gasoline in the process..they built the country you see today..", "likes_count": 0, "replies_count": 2, "retweets_count": 0, "hashtags": []}
{"id": 1378472101292675075, "date": "2021-04-03", "time": "18:18:54", "tweet": "@1LoafOfMeat @The_EzraG I'm not going to short a stock in a bubble, not unless I know for certain it will pop.  Again, congrats to Tesla investors for their gains, but let's not pretend it is a rock solid business. It sells carbon credits to turn a profit atm.", "likes_count": 0, "replies_count": 0, "retweets_count": 0, "hashtags": []}
{"id": 1378470371922481155, "date": "2021-04-03", "time": "18:12:02", "tweet": "@bearschoice2020 @DenyThemYourEss @RobertBrownieJ8 @zapher134 @JordanBassior @TertiusIV @RossGilroy @zypisfy @SecularSandwich @imkimaaron @AndrewRChapman @BrianSlimdog77 @pray2pesci @JohnKrahn2 @willsworldview @Cern_lXXl @BenMayhew13 @NarratingFools @Cleisthenes5 @ralph_maglio @globalist13903 @VelvetEven @smug2bme @Chortling_Man @Venatorgaming9 @jools6691 @savag3ap3 @DiscoJerrys @HP19763 @oohglobbits5 @TheCATheist @jea_jordan @SplinterSimba @DavidVeillon5 @Phoenix42505497 @markthorsby1 @alan244g @TechnoGAUNTLET @jd_and_coke_1 @davestewart4444 @Tris_Stock @orna_verum @SimpleS18790446 @bobfish1973 @randolf828 @th1rt3en_TM @PraiseHisName50 @BillReagan16 @GodflyThe They all built America..add to the list Carnegie, Mellon, Edison, Getty, Tesla, Westinghouse...and they all misused labor..it was the times..it’s why osha was born..", "likes_count": 1, "replies_count": 1, "retweets_count": 0, "hashtags": []}
{"id": 1378469749357649924, "date": "2021-04-03", "time": "18:09:33", "tweet": "@presidentLevii @stconlin What is one incentive for any holding any crypto? Cmon man this space is mostly speculative and VGX offers similar utility to other utility coins and will develop over time.  Look at Tesla stock, no one saw the value and missed life changing gains.  Don't be negative!", "likes_count": 0, "replies_count": 0, "retweets_count": 0, "hashtags": []}
{"id": 1378468062085668869, "date": "2021-04-03", "time": "18:02:51", "tweet": "@JamieMcullough @3rd_and_Renfrow @TheStreet Yeah I bought a meme stock of course I was gambling LOL...  They're talking about making a truck that can go a million miles, not a million miles on a charge. It's the exact same thing as Tesla's million mile battery....  You would need 70,000 kg of hydrogen to go that far.....", "likes_count": 0, "replies_count": 0, "retweets_count": 0, "hashtags": []}
{"id": 1378462047432761347, "date": "2021-04-03", "time": "17:38:57", "tweet": "Forget Tesla! This Is the #1 EV Stock to Buy Today  https://t.co/JHxkuApkdE", "likes_count": 0, "replies_count": 0, "retweets_count": 2, "hashtags": []}
{"id": 1378461056281018370, "date": "2021-04-03", "time": "17:35:01", "tweet": "tesla stock is low rn so I'm abt to have that pussy elon make me some money", "likes_count": 3, "replies_count": 1, "retweets_count": 0, "hashtags": []}
{"id": 1378459172912566273, "date": "2021-04-03", "time": "17:27:32", "tweet": "@MileyCyrus @CashApp I would love to invest in a @Tesla  stock my cashapp is $jackson199999", "likes_count": 0, "replies_count": 1, "retweets_count": 0, "hashtags": []}
{"id": 1378458995351040003, "date": "2021-04-03", "time": "17:26:49", "tweet": "Cramer's lightning round: Why Tesla stock stopped going up - CNBC  https://t.co/ujrJRcY905", "likes_count": 0, "replies_count": 0, "retweets_count": 0, "hashtags": []}
{"id": 1378458879483375617, "date": "2021-04-03", "time": "17:26:22", "tweet": "Dow Jones Futures: Tesla, Jobs Report Bolster Stock Market Rally; Google, Microsoft Flash Buy Signals - Investor's Business Daily  https://t.co/samDHxvTsK", "likes_count": 0, "replies_count": 0, "retweets_count": 0, "hashtags": []}
{"id": 1378457795805204482, "date": "2021-04-03", "time": "17:22:03", "tweet": "I just posted \"Stay up to date with Tesla Stock with my Tesla videos over GigaTexas [OC} GigaTexas TeraTexas Tesla 4680 Cybertruck Factory Update: Good Sunset Go...\" on Reddit   https://t.co/AvZ0pX8haE", "likes_count": 0, "replies_count": 0, "retweets_count": 0, "hashtags": []}
{"id": 1378457623599710208, "date": "2021-04-03", "time": "17:21:22", "tweet": "@InvestorSwan @Tesla Well, the stock price is the core product of Tesla.   They do other stuff like make cars that leak in car washes and their Autopilot crashes into stationary police cars.", "likes_count": 4, "replies_count": 1, "retweets_count": 0, "hashtags": []}
{"id": 1378456826065399814, "date": "2021-04-03", "time": "17:18:12", "tweet": "In 2018 tweet, Musk wrote: \"Nothing stopping Tesla team at our car plant from voting union. Could do so tmrw if they wanted. But why pay union dues &amp; give up stock options for nothing? Our safety record is 2X better than when plant was UAW &amp; everybody already gets healthcare.\"", "likes_count": 0, "replies_count": 0, "retweets_count": 0, "hashtags": []}
{"id": 1378456586062942210, "date": "2021-04-03", "time": "17:17:15", "tweet": "@RyanHanro7 @timothy_jshaw @Ravi986 He doesn’t have any conviction and I doubt much money behind his ignorant opinion.  Shorts been saying exactly what he’s saying for 9 years, but now that Tesla has reached escape velocity is when the stock will plunge.  🙄", "likes_count": 1, "replies_count": 0, "retweets_count": 0, "hashtags": []}
{"id": 1378456413257760777, "date": "2021-04-03", "time": "17:16:34", "tweet": "@chapeltuno @vincent13031925 @elonmusk Don't mix Tesla sales, stock value and tulips. Tesla sales are real and more people want one when they drive one. Tulip onions were like some stocks or bitcoin. People bought them to make money because value was rising.", "likes_count": 2, "replies_count": 0, "retweets_count": 1, "hashtags": []}
{"id": 1378455866828070913, "date": "2021-04-03", "time": "17:14:23", "tweet": "This Surprise Electric Vehicle Stock Is Outperforming Tesla And NIO In 2021 $NIU Also $NIO $TSLA  https://t.co/THODginqtz", "likes_count": 0, "replies_count": 0, "retweets_count": 1, "hashtags": []}
{"id": 1378455717464702976, "date": "2021-04-03", "time": "17:13:48", "tweet": "@Cokedupoptions Well... you math is off. You know when a stock drop 50% it need to go up 100% to regain all losses?  $tslaq math is based on this undeniable fact.  Just use the above math, only backwards: Since Tesla is up 1000% - there should be a at least a 500% downside", "likes_count": 17, "replies_count": 3, "retweets_count": 0, "hashtags": []}
{"id": 1378454619332866052, "date": "2021-04-03", "time": "17:09:26", "tweet": "Tesla stock is up 1,000% in a year, but deliveries are only up 100%   This is why Tesla has 90% downside from here", "likes_count": 1038, "replies_count": 80, "retweets_count": 40, "hashtags": []}
{"id": 1378453881798062080, "date": "2021-04-03", "time": "17:06:30", "tweet": "@ThomasS32918110 @StanphylCap @SEC_Enforcement @ContrarianShort Explain to me why you hate Elon so much. If you were smart and bought a ton of Tesla at $200 pre split the stock is now worth a bazillion dollars.   You obviously work for GM or Ford or F/C.  If you don’t own any Tesla - buy some  now and you can use the gains to hire a lawyer 👍", "likes_count": 0, "replies_count": 0, "retweets_count": 0, "hashtags": []}
{"id": 1378453475906912257, "date": "2021-04-03", "time": "17:04:53", "tweet": "@constructx @elshowdel10 @stevenmarkryan @Tesla Every other attempt at establishing BEV vehicles has been killed by vested interests.  $TSLAQ tried to kill Tesla in 2018 by driving the stock down so far Tesla would be cut off from capital markets.  Even today $TSLAQ attacks new owners posting photos, or sues supporters.", "likes_count": 0, "replies_count": 1, "retweets_count": 0, "hashtags": []}
{"id": 1378453257064869891, "date": "2021-04-03", "time": "17:04:01", "tweet": "I did manage to convince hubs to dump the Tesla stock. Not a political thing, I just think Elon Musk is the world's biggest douche nozzle.", "likes_count": 1, "replies_count": 1, "retweets_count": 0, "hashtags": []}
{"id": 1378452888880476162, "date": "2021-04-03", "time": "17:02:33", "tweet": "@KevinRobMartin just because it goes up doesn't mean your valuation is wrong though. We are in a time where Dumb is Golden and things that shouldn't work are working. Look at how overinflated the Tesla stock is. dumb money can blow the biggest bubbles", "likes_count": 0, "replies_count": 0, "retweets_count": 0, "hashtags": []}
{"id": 1378452245147086848, "date": "2021-04-03", "time": "17:00:00", "tweet": "@TheJoyfulTrader @adelaaat your Tesla stock that u got.", "likes_count": 2, "replies_count": 0, "retweets_count": 0, "hashtags": []}
{"id": 1378451985431683077, "date": "2021-04-03", "time": "16:58:58", "tweet": "@CristosTrades The fundamentals of the company have not changed, you should look at that, not the day today fluctuations of the stock, I don’t buy stock, I buy into really good companies irregardless of the stock price", "likes_count": 3, "replies_count": 0, "retweets_count": 0, "hashtags": []}
{"id": 1378450622094045186, "date": "2021-04-03", "time": "16:53:33", "tweet": "Is Now The Time To Buy Stock In Tesla, Netflix, Alibaba, Ford Or Facebook?  https://t.co/hqxLRKLqO1  https://t.co/P6R6yCeDc4", "likes_count": 0, "replies_count": 0, "retweets_count": 0, "hashtags": []}
{"id": 1378450394079096835, "date": "2021-04-03", "time": "16:52:38", "tweet": "I might reload a clip myself. I haven’t had a addiction to a stock like $AMC since my early positions in $TSLA. The early days for Tesla were rough, built me for this $AMC ride. We gone win!", "likes_count": 5, "replies_count": 0, "retweets_count": 1, "hashtags": []}
{"id": 1378446876094177285, "date": "2021-04-03", "time": "16:38:40", "tweet": "@SantoroSystems @TheStreet Lol. Never heard of LNG? Plenty of other breakthroughs. Look Mr. \"Investor\" of Tesla. This is going to end in tears for you. Take CSCO for example. Grown revenues ever since March 2000 peak. Stock is still down 35% from its peak. Have fun hodling and learning about bubbles.", "likes_count": 0, "replies_count": 1, "retweets_count": 0, "hashtags": []}
{"id": 1378446718992326660, "date": "2021-04-03", "time": "16:38:02", "tweet": "@shunsy14 Of course it's going to be a volatile stock and perhaps the call buying frenzy is over, but 10 years from now, the bears are likely again -- to be wrong about Tesla's arc", "likes_count": 0, "replies_count": 0, "retweets_count": 0, "hashtags": []}
{"id": 1378446088261169152, "date": "2021-04-03", "time": "16:35:32", "tweet": "Tesla &amp; Electric Vehicle Stocks Weekend Update $TSLA $NIO $XPEV $LI $CCI...  https://t.co/h2dQQX4hGf via @YouTube", "likes_count": 3, "replies_count": 0, "retweets_count": 5, "hashtags": []}
{"id": 1378445953510879234, "date": "2021-04-03", "time": "16:35:00", "tweet": "WATCH: BMW has timed its shift to electric cars well and its upcoming products will upend the perception the German carmaker is behind on electrification and could make its stock compete with the likes of Tesla, its top executive said  https://t.co/K5ycSG3Q7F  https://t.co/nvExb7CS7A", "likes_count": 87, "replies_count": 4, "retweets_count": 23, "hashtags": []}
{"id": 1378443870619332609, "date": "2021-04-03", "time": "16:26:43", "tweet": "@bradsferguson @KarrieMoen @AlejandroDinero @elonmusk U got me wrong here! I do beleive in $TSLA stock &amp; company!  My above tweet which was mildy sarcastic was in reply to Karrie's tweet, which showed overt cultish bend. Now I have seen.some serious investors being turned away because of this fervent behavior by few Tesla fans.", "likes_count": 2, "replies_count": 2, "retweets_count": 1, "hashtags": []}
{"id": 1378442541817864195, "date": "2021-04-03", "time": "16:21:26", "tweet": "$tsla #Tesla #teslastock   $spy $spx $wkhs $hyln $nkla $ride $sol $solo $lazr $aapl  https://t.co/5Xj99C2snF", "likes_count": 9, "replies_count": 0, "retweets_count": 2, "hashtags": ["tesla", "teslastock"]}
{"id": 1378442277874397184, "date": "2021-04-03", "time": "16:20:23", "tweet": "@elonmusk Im a big holder of Tesla stock.  I will bet you all my stock that China closes Tesla down with-in the next 3 years.   They can’t handle success.", "likes_count": 0, "replies_count": 0, "retweets_count": 0, "hashtags": []}
{"id": 1378442155836907522, "date": "2021-04-03", "time": "16:19:54", "tweet": "@Manpree31938145 Isn’t that already factored in, if market considers Tesla a Technology company instead of Automobile company, than these car deliveries should not affect the Stock price much.", "likes_count": 0, "replies_count": 1, "retweets_count": 0, "hashtags": []}
