{"id": 810273348110454784, "date": "2016-12-17", "time": "18:59:54", "tweet": "@elonmusk  My idea:  mandate 4 ft width on all vehicles and draw a yellow line down all existing lanes.  Skinny Cars eliminate traffic  SKET", "likes_count": 0, "replies_count": 0, "retweets_count": 0, "hashtags": []}
{"id": 810273249619824641, "date": "2016-12-17", "time": "18:59:31", "tweet": "New theory, @elonmusk is actually @boredelonmusk and he tweeted this from the wrong Twitter account. #youneverknow  https://t.co/JQovJ6RyS0", "likes_count": 12, "replies_count": 0, "retweets_count": 0, "hashtags": ["youneverknow"]}
{"id": 810273185715384320, "date": "2016-12-17", "time": "18:59:16", "tweet": "@elonmusk presented the entire #BusinessPlan #theBoringCompany in 4 tweets #LetsDoIt #inspiration", "likes_count": 1, "replies_count": 0, "retweets_count": 0, "hashtags": ["businessplan", "theboringcompany", "letsdoit", "inspiration"]}
{"id": 810273126152097792, "date": "2016-12-17", "time": "18:59:02", "tweet": "Can @Bryankrzanich, @elonmusk or @traviskalanick get Kit's voice in next-gen driverless cars?  We'd pay extra to give commands to Kit.  https://t.co/dO98BUFYvF", "likes_count": 0, "replies_count": 0, "retweets_count": 0, "hashtags": []}
{"id": 810273087178547200, "date": "2016-12-17", "time": "18:58:52", "tweet": "How did Elon Musk learn enough about rockets to run SpaceX? by @jamesncantrell  https://t.co/io5lXB5FyZ", "likes_count": 0, "replies_count": 0, "retweets_count": 0, "hashtags": []}
{"id": 810272970329440256, "date": "2016-12-17", "time": "18:58:24", "tweet": "Elon Musk might start a literal “boring company” to tunnel under traffic  https://t.co/Xh7qFCVng9", "likes_count": 0, "replies_count": 0, "retweets_count": 0, "hashtags": []}
{"id": 810272968068788225, "date": "2016-12-17", "time": "18:58:24", "tweet": "Elon Musk might start a literal “boring company” to tunnel under traffic -   https://t.co/xv2kxUQP6L  https://t.co/k7rkmts9xe", "likes_count": 0, "replies_count": 0, "retweets_count": 0, "hashtags": []}
{"id": 810272862061948930, "date": "2016-12-17", "time": "18:57:59", "tweet": "Elon Musk  https://t.co/ORYPg6F4fq", "likes_count": 0, "replies_count": 0, "retweets_count": 0, "hashtags": []}
{"id": 810272764649041920, "date": "2016-12-17", "time": "18:57:35", "tweet": "@elonmusk change is great! You are awesome!", "likes_count": 0, "replies_count": 0, "retweets_count": 0, "hashtags": []}
{"id": 810272759976706053, "date": "2016-12-17", "time": "18:57:34", "tweet": "Elon Musk is apparently serious about launching a tunnel digging company to reduce traffic in cities  https://t.co/zx6m5WbrkX", "likes_count": 0, "replies_count": 0, "retweets_count": 0, "hashtags": []}
{"id": 810272745019817984, "date": "2016-12-17", "time": "18:57:31", "tweet": "Elon Musk might start a literal “boring company” to tunnel under traffic  https://t.co/uAoKelzZLs  https://t.co/uMg7lb1FQt", "likes_count": 0, "replies_count": 0, "retweets_count": 0, "hashtags": []}
{"id": 810272685888569347, "date": "2016-12-17", "time": "18:57:17", "tweet": "Elon musk is my hero.", "likes_count": 1, "replies_count": 0, "retweets_count": 0, "hashtags": []}
{"id": 810272503134232577, "date": "2016-12-17", "time": "18:56:33", "tweet": "@OlgaKay @JeffBezos @elonmusk seems like an extreme response to the central valley, dont go to Phoenix.", "likes_count": 0, "replies_count": 0, "retweets_count": 0, "hashtags": []}
{"id": 810272430132494336, "date": "2016-12-17", "time": "18:56:16", "tweet": "@elonmusk #electriccopter", "likes_count": 0, "replies_count": 0, "retweets_count": 0, "hashtags": ["electriccopter"]}
{"id": 810272427397758976, "date": "2016-12-17", "time": "18:56:15", "tweet": "@AnandWrites @elonmusk Does every waking moment of every person's life have to carry intense gravity?", "likes_count": 2, "replies_count": 0, "retweets_count": 0, "hashtags": []}
{"id": 810272393965010944, "date": "2016-12-17", "time": "18:56:07", "tweet": "Elon Musk might start a literal “boring company” to tunnel under traffic  https://t.co/LPQDlFfsVX #Technology  https://t.co/piIif7sJTr", "likes_count": 0, "replies_count": 0, "retweets_count": 0, "hashtags": ["technology"]}
{"id": 810272320598274048, "date": "2016-12-17", "time": "18:55:50", "tweet": "@elonmusk Do it Elon!!  https://t.co/tWMmYyJ0r3 by Avery Paul  https://t.co/6bb3QkMS5v  https://t.co/g85Vo1DTAo", "likes_count": 1, "replies_count": 0, "retweets_count": 0, "hashtags": []}
{"id": 810272227354513408, "date": "2016-12-17", "time": "18:55:27", "tweet": "@elonmusk This could be fun!😃in a Tesla!  https://t.co/LJBlaxyXhk", "likes_count": 0, "replies_count": 0, "retweets_count": 0, "hashtags": []}
{"id": 810272199609348096, "date": "2016-12-17", "time": "18:55:21", "tweet": "Elon Musk might start a literal “boring company” to tunnel under traffic  https://t.co/BXdi6kbB9G # via @techcrunch", "likes_count": 0, "replies_count": 0, "retweets_count": 0, "hashtags": []}
{"id": 810272160254201856, "date": "2016-12-17", "time": "18:55:11", "tweet": "Imagine being so respected you could just share a random idea on twitter and investors would start calling you about it. #ElonMusk #tunnels  https://t.co/040Tvsk02e", "likes_count": 0, "replies_count": 0, "retweets_count": 0, "hashtags": ["elonmusk", "tunnels"]}
{"id": 810272116109090816, "date": "2016-12-17", "time": "18:55:01", "tweet": "Bored Elon Musk to become 'boring' Elan Musk.  https://t.co/ccB5HOFIFp", "likes_count": 0, "replies_count": 0, "retweets_count": 0, "hashtags": []}
{"id": 810272112321712128, "date": "2016-12-17", "time": "18:55:00", "tweet": "Elon Musk might start a literal “boring company” to tunnel under traffic  https://t.co/6YMLfITEBb", "likes_count": 0, "replies_count": 0, "retweets_count": 0, "hashtags": []}
{"id": 810272029446381568, "date": "2016-12-17", "time": "18:54:40", "tweet": "Elon Musk might start a literal “boring company” to tunnel under traffic -  https://t.co/evwBELudrO...  https://t.co/sx8efejXnp", "likes_count": 1, "replies_count": 0, "retweets_count": 0, "hashtags": []}
{"id": 810271963360923648, "date": "2016-12-17", "time": "18:54:24", "tweet": "Top story: Elon Musk seems serious about creating a boring company to solve tra…  https://t.co/NxNmHTfENb, see more  https://t.co/bmiOTGjlqE", "likes_count": 1, "replies_count": 0, "retweets_count": 0, "hashtags": []}
{"id": 810271955408535552, "date": "2016-12-17", "time": "18:54:22", "tweet": "Top Tweet: Elon Musk seems serious about creating a boring company to solve tra…  https://t.co/uR3e6fnZFL, see more  https://t.co/d4mqz9Cq9E", "likes_count": 0, "replies_count": 0, "retweets_count": 0, "hashtags": []}
{"id": 810271949314293760, "date": "2016-12-17", "time": "18:54:21", "tweet": "@elonmusk BTW, we have a flourishing car industry nearby too, &amp; lots of academic talents.  https://t.co/Mq79qGQrsA #Maastricht #BMW #Mercedes", "likes_count": 0, "replies_count": 0, "retweets_count": 0, "hashtags": ["maastricht", "bmw", "mercedes"]}
{"id": 810271904762241024, "date": "2016-12-17", "time": "18:54:10", "tweet": "Elon Musk might start a literal “boring company” to tunnel under traffic  https://t.co/fxn6jzCLPQ   https://t.co/7Q7vWvuScj  https://t.co/Pehcm61bH4", "likes_count": 0, "replies_count": 0, "retweets_count": 0, "hashtags": []}
{"id": 810271824122626048, "date": "2016-12-17", "time": "18:53:51", "tweet": "@elonmusk Word. Last several years, the kids driving to/from high schools in Bay Area contribute to packed roads; rel'd to new demographics", "likes_count": 0, "replies_count": 0, "retweets_count": 0, "hashtags": []}
{"id": 810271573861142528, "date": "2016-12-17", "time": "18:52:51", "tweet": "\"Elon Musk might start a literal “boring company” to tunnel under traffic\"  https://t.co/NayRl59ZID @sebacampanario", "likes_count": 1, "replies_count": 0, "retweets_count": 2, "hashtags": []}
{"id": 810271488217673728, "date": "2016-12-17", "time": "18:52:31", "tweet": "@elonmusk Did you play SimCity 2000?", "likes_count": 0, "replies_count": 0, "retweets_count": 0, "hashtags": []}
{"id": 810271455455760384, "date": "2016-12-17", "time": "18:52:23", "tweet": "@elonmusk That's why I ride.", "likes_count": 0, "replies_count": 0, "retweets_count": 0, "hashtags": []}
{"id": 810271396353884160, "date": "2016-12-17", "time": "18:52:09", "tweet": "Question common assumptions: “Elon Musk and Bill Thurston on the Power of Thinking for Yourself” @james_clear  https://t.co/1ms9z4qyvf", "likes_count": 0, "replies_count": 0, "retweets_count": 0, "hashtags": []}
{"id": 810271203290017793, "date": "2016-12-17", "time": "18:51:23", "tweet": "@elonmusk Can you start in San Diego and move up?...", "likes_count": 0, "replies_count": 0, "retweets_count": 0, "hashtags": []}
{"id": 810271182276567040, "date": "2016-12-17", "time": "18:51:18", "tweet": "@AxleRyde @elonmusk History's littered with blinkered visionaries. The future's here, just not widely distributed eg  https://t.co/mOv0PFXA1Q", "likes_count": 1, "replies_count": 0, "retweets_count": 0, "hashtags": []}
{"id": 810271147338137600, "date": "2016-12-17", "time": "18:51:10", "tweet": "@elonmusk That's great news! ^ ^", "likes_count": 0, "replies_count": 0, "retweets_count": 0, "hashtags": []}
{"id": 810271137682878464, "date": "2016-12-17", "time": "18:51:07", "tweet": "Elon Musk Decides To Start Boring Company to Alleviate Traffic  https://t.co/atp8etLOoi #debug", "likes_count": 0, "replies_count": 0, "retweets_count": 0, "hashtags": ["debug"]}
{"id": 810270974365024256, "date": "2016-12-17", "time": "18:50:29", "tweet": "@elonmusk \"let's do it\" sounds so powerful", "likes_count": 0, "replies_count": 0, "retweets_count": 0, "hashtags": []}
{"id": 810270939594141696, "date": "2016-12-17", "time": "18:50:20", "tweet": "Give this man right of way privileges. Please!⚡️ “Elon Musk, bored in traffic, came up with a boring company idea”   https://t.co/bUtYcdXlZW", "likes_count": 0, "replies_count": 0, "retweets_count": 0, "hashtags": []}
{"id": 810270922351452161, "date": "2016-12-17", "time": "18:50:16", "tweet": "Space pioneer Elon Musk looks underground  https://t.co/CCdz5q74aJ", "likes_count": 0, "replies_count": 0, "retweets_count": 0, "hashtags": []}
{"id": 810270919264505857, "date": "2016-12-17", "time": "18:50:15", "tweet": "Elon Musk Decides To Start Boring Company to Alleviate Traffic  https://t.co/JPTlvlcYy0", "likes_count": 0, "replies_count": 0, "retweets_count": 0, "hashtags": []}
