{"id": 802662428739825664, "date": "2016-11-26", "time": "18:56:50", "tweet": "@Adri_AnneC @elonmusk a solar powered, bionic quarterback. 500 yds of offense per kilowatt hour", "likes_count": 0, "replies_count": 0, "retweets_count": 0, "hashtags": []}
{"id": 802661871153188864, "date": "2016-11-26", "time": "18:54:37", "tweet": "@ftrc elon musk! Elon musk! Elon musk!", "likes_count": 0, "replies_count": 0, "retweets_count": 0, "hashtags": []}
{"id": 802661682610741248, "date": "2016-11-26", "time": "18:53:52", "tweet": "@elonmusk NatGeo could have concentrated on the some of the successful launches of #SpaceX during #nationalgeographicmars", "likes_count": 0, "replies_count": 0, "retweets_count": 0, "hashtags": ["spacex", "nationalgeographicmars"]}
{"id": 802661578067746816, "date": "2016-11-26", "time": "18:53:27", "tweet": "Anti-Elon Musk Campaign Has Big Ties to Big Energy via @EcoWatch  https://t.co/P09r1ZNsyp", "likes_count": 0, "replies_count": 0, "retweets_count": 3, "hashtags": []}
{"id": 802661442390327296, "date": "2016-11-26", "time": "18:52:55", "tweet": "Noel? Who's Noel? Seasons Greetings Mr @ElonMusk. Thanks for all your innovation. ☺️  https://t.co/h5EJonLj4F", "likes_count": 0, "replies_count": 0, "retweets_count": 0, "hashtags": []}
{"id": 802660842403676161, "date": "2016-11-26", "time": "18:50:32", "tweet": "Elon Musk is orchestrating a mass genocide of humanity and doesn't even make it viral first", "likes_count": 5, "replies_count": 0, "retweets_count": 1, "hashtags": []}
{"id": 802660442615255040, "date": "2016-11-26", "time": "18:48:56", "tweet": "Anti-Elon Musk Campaign Has Big Ties to Big Energy via @EcoWatch  https://t.co/5KXpSwrqC0", "likes_count": 0, "replies_count": 0, "retweets_count": 0, "hashtags": []}
{"id": 802659903995334656, "date": "2016-11-26", "time": "18:46:48", "tweet": "@jorrdirrobert @leynoesjusticia  Basta con que un tio como Elon Musk se empeñe", "likes_count": 0, "replies_count": 1, "retweets_count": 0, "hashtags": []}
{"id": 802659714018381824, "date": "2016-11-26", "time": "18:46:03", "tweet": "Elon Musk's plan to blanket Earth in high-speed internet may face a big threat: China  https://t.co/pQJxllpXFJ  https://t.co/vVVjGXNnRg", "likes_count": 0, "replies_count": 0, "retweets_count": 0, "hashtags": []}
{"id": 802659059631472640, "date": "2016-11-26", "time": "18:43:27", "tweet": "Elon Musk: Tesla Solar Roof Will Likely Cost Less Than a Normal Roof  https://t.co/Oek7xYrGQh via @Futurism", "likes_count": 0, "replies_count": 0, "retweets_count": 0, "hashtags": []}
{"id": 802658359522553856, "date": "2016-11-26", "time": "18:40:40", "tweet": "@elonmusk @MrSpanier Any news on when next gen Roadster will be unveiled?", "likes_count": 0, "replies_count": 0, "retweets_count": 0, "hashtags": []}
{"id": 802658344519499776, "date": "2016-11-26", "time": "18:40:36", "tweet": "Si el Galaxy Nexus fue anunciado como un móvil con la cara de Elon Musk y mataremos dos pájaros de un tiro.", "likes_count": 0, "replies_count": 0, "retweets_count": 0, "hashtags": []}
{"id": 802656338253844480, "date": "2016-11-26", "time": "18:32:38", "tweet": "@MisterPulley @elonmusk failure is a part of every leaders journey, no doubt. I'm reading and learning about owning the measured results.", "likes_count": 0, "replies_count": 0, "retweets_count": 0, "hashtags": []}
{"id": 802656029267742721, "date": "2016-11-26", "time": "18:31:24", "tweet": "@elonmusk teslamotors Go West Tesla Man! @ Dallas, Texas  https://t.co/Q0lRYiryr6", "likes_count": 0, "replies_count": 0, "retweets_count": 0, "hashtags": []}
{"id": 802655810786508800, "date": "2016-11-26", "time": "18:30:32", "tweet": "teslamotors @elonmusk  https://t.co/pHOqHINrG2  #overlooking…  https://t.co/mFkAcDOuqB", "likes_count": 1, "replies_count": 0, "retweets_count": 0, "hashtags": ["overlooking"]}
{"id": 802655190457282560, "date": "2016-11-26", "time": "18:28:04", "tweet": "Why Elon Musk isn’t concerned about Trump administration’s effect on Tesla  https://t.co/DXjWQym0MU", "likes_count": 0, "replies_count": 0, "retweets_count": 0, "hashtags": []}
{"id": 802655166478581760, "date": "2016-11-26", "time": "18:27:58", "tweet": "VJ MACHIAVELLI-THE VOICE OF THE GODS-: SATURDAY ELON MUSK NEWS REVIEW  https://t.co/n9RGTUUXrB", "likes_count": 0, "replies_count": 0, "retweets_count": 0, "hashtags": []}
{"id": 802654738907066369, "date": "2016-11-26", "time": "18:26:17", "tweet": "Boeing Announces Ambitious Plan to Go Head-to-Head Against Elon Musk  https://t.co/9PM2XfToCJ", "likes_count": 0, "replies_count": 0, "retweets_count": 0, "hashtags": []}
{"id": 802654657055260672, "date": "2016-11-26", "time": "18:25:57", "tweet": "Don't believe what you read about Elon Musk. The probably Breitbart Brownshirts are after him.  https://t.co/YUqz8dH68E", "likes_count": 0, "replies_count": 0, "retweets_count": 0, "hashtags": []}
{"id": 802654537634852864, "date": "2016-11-26", "time": "18:25:29", "tweet": "I’m just gonna come out and say it. Elon Musk has a weird face.", "likes_count": 0, "replies_count": 0, "retweets_count": 0, "hashtags": []}
