{"id": 805199854775496704, "date": "2016-12-03", "time": "18:59:39", "tweet": "@nikkiborgers Subscribe to Elon Musk News for expertly curated articles and analysis  https://t.co/uhzxzvIELZ", "likes_count": 0, "replies_count": 1, "retweets_count": 0, "hashtags": []}
{"id": 805199768456744960, "date": "2016-12-03", "time": "18:59:19", "tweet": "@elonmusk -share your passion for humans to be Xplanetary;you should (re)produce movies 🎥 about space help get ppl excited again #2001 #2010", "likes_count": 0, "replies_count": 0, "retweets_count": 0, "hashtags": []}
{"id": 805199599476625408, "date": "2016-12-03", "time": "18:58:39", "tweet": "@stephenrlang Get our curated publication about Elon Musk, SpaceX, Tesla, Hyperloop, SolarCity, &amp; OpenAI  https://t.co/uhzxzvIELZ", "likes_count": 0, "replies_count": 0, "retweets_count": 0, "hashtags": []}
{"id": 805199308563705856, "date": "2016-12-03", "time": "18:57:29", "tweet": "@RayMuzyka I think @elonmusk could fix that.", "likes_count": 1, "replies_count": 1, "retweets_count": 0, "hashtags": []}
{"id": 805199238577594370, "date": "2016-12-03", "time": "18:57:13", "tweet": "This map of serotonin producing neurons looks suspiciously like @elonmusk's @TeslaMotors logo.  https://t.co/R6l75EdT20", "likes_count": 1, "replies_count": 0, "retweets_count": 0, "hashtags": []}
{"id": 805199210031226880, "date": "2016-12-03", "time": "18:57:06", "tweet": "@NASA @elonmusk 2 c) the resulting O can be released, no landfills, methane .. STOP DESTRUCTION OF CARBON CAPTURE SPECIES! thanks", "likes_count": 0, "replies_count": 0, "retweets_count": 0, "hashtags": []}
{"id": 805197954567077888, "date": "2016-12-03", "time": "18:52:06", "tweet": "@elonmusk looks like you're goal is ever so closer. I hope I can work with your company to be apart of this evolution.  https://t.co/tyBSQISHt7", "likes_count": 0, "replies_count": 0, "retweets_count": 0, "hashtags": []}
{"id": 805197933956186112, "date": "2016-12-03", "time": "18:52:01", "tweet": "@NASA @elonmusk I was actually watching PBS, anyone send Rover down lava tubes, samples, etc, wanted to promote #deforestation awareness", "likes_count": 0, "replies_count": 0, "retweets_count": 0, "hashtags": ["deforestation"]}
{"id": 805197471685234688, "date": "2016-12-03", "time": "18:50:11", "tweet": "@NASA @elonmusk 2. b) a transportation saving that depending on size of colony being built can easily be in the Trillions. Carbon Fibre,..", "likes_count": 0, "replies_count": 0, "retweets_count": 0, "hashtags": []}
{"id": 805197084282515456, "date": "2016-12-03", "time": "18:48:39", "tweet": "Elon Musk Explains How Trump Could Actually Help Tesla...  https://t.co/EuKLXcwbw9", "likes_count": 0, "replies_count": 0, "retweets_count": 0, "hashtags": []}
{"id": 805197042461147136, "date": "2016-12-03", "time": "18:48:29", "tweet": "@NASA @elonmusk Idea 2. a) 96% CO2, which means a lot of C already in the atmosphere, in the air ready to be sucked in and mixed, used ..", "likes_count": 0, "replies_count": 0, "retweets_count": 0, "hashtags": []}
{"id": 805196770972147712, "date": "2016-12-03", "time": "18:47:24", "tweet": "Highly recommend  https://t.co/dBAwAMMGH1 ! @elonmusk shows what mankind is - we are great pioneers :) See us on #MARS #Sustainability", "likes_count": 1, "replies_count": 0, "retweets_count": 1, "hashtags": ["mars", "sustainability"]}
{"id": 805196721299005440, "date": "2016-12-03", "time": "18:47:12", "tweet": "@Maskenmonster_ @Internetsaft hmm übervölkerung dauert noch 20-35 Jahre man sollte sich aber mal daran machen elon musk etc zu fördern", "likes_count": 0, "replies_count": 1, "retweets_count": 0, "hashtags": []}
{"id": 805196600142364672, "date": "2016-12-03", "time": "18:46:43", "tweet": "Retweeted Lori Singer (@LoriSinger):  Elon Musk Voted Most Admired Leader In Tech, Beats Mark Zuckerberg And...  https://t.co/4nGWLVYCli", "likes_count": 0, "replies_count": 0, "retweets_count": 0, "hashtags": []}
{"id": 805196599483842560, "date": "2016-12-03", "time": "18:46:43", "tweet": "@NASA @elonmusk Idea 1. the Martian Atmosphere is 96% CO2 so if you plant trees they suck in CO2, grow, cut down to build housing.. on Mars.", "likes_count": 0, "replies_count": 0, "retweets_count": 0, "hashtags": []}
{"id": 805196070070472704, "date": "2016-12-03", "time": "18:44:37", "tweet": "@elonmusk @YahooFinance skunkhunt42? .. ?", "likes_count": 0, "replies_count": 0, "retweets_count": 1, "hashtags": []}
{"id": 805195897189572608, "date": "2016-12-03", "time": "18:43:56", "tweet": "I wonder what @ElonMusk thinks about being featured in #SouthPark.", "likes_count": 0, "replies_count": 0, "retweets_count": 0, "hashtags": ["southpark"]}
{"id": 805195787777048576, "date": "2016-12-03", "time": "18:43:30", "tweet": "VIDEO: elonmusk busca popularizar la energía solar  https://t.co/u9SzubOrLN  https://t.co/pPt6oYkgXg", "likes_count": 0, "replies_count": 0, "retweets_count": 0, "hashtags": []}
{"id": 805195485090893824, "date": "2016-12-03", "time": "18:42:18", "tweet": "@elonmusk why don't you just secure the falcon 9 during its landing sequence with an electromagnet to stop it from falling?", "likes_count": 0, "replies_count": 0, "retweets_count": 0, "hashtags": []}
{"id": 805195413104029696, "date": "2016-12-03", "time": "18:42:00", "tweet": "@elonmusk I believe in Tesla...but we shouldn't mislead....no semi...still wish I could afford one...to infinity and beyond!  https://t.co/Psuq4Fq4mI", "likes_count": 0, "replies_count": 0, "retweets_count": 0, "hashtags": []}
