{"id": 815345672417378304, "date": "2016-12-31", "time": "18:55:31", "tweet": "Inc: How Elon Musk trains his brain for greatness mariainnyc  https://t.co/aSTKCBBMot", "likes_count": 0, "replies_count": 0, "retweets_count": 0, "hashtags": []}
{"id": 815345632097538049, "date": "2016-12-31", "time": "18:55:21", "tweet": "@elonmusk Happy new year", "likes_count": 1, "replies_count": 0, "retweets_count": 0, "hashtags": []}
{"id": 815345189418106880, "date": "2016-12-31", "time": "18:53:36", "tweet": "@elonmusk Take the night off Elon it's Hogmanay!", "likes_count": 0, "replies_count": 0, "retweets_count": 0, "hashtags": []}
{"id": 815345157696536576, "date": "2016-12-31", "time": "18:53:28", "tweet": "@elonmusk Happy New Year from Spain⛄❄🔋🔌✌  https://t.co/xNOv4QVKHZ", "likes_count": 1, "replies_count": 0, "retweets_count": 0, "hashtags": []}
{"id": 815345007913762816, "date": "2016-12-31", "time": "18:52:52", "tweet": "@elonmusk cool.  I am a great tester being a software engineer.  Send it to mine!", "likes_count": 0, "replies_count": 0, "retweets_count": 0, "hashtags": []}
{"id": 815344917652377600, "date": "2016-12-31", "time": "18:52:31", "tweet": "@elonmusk happy new year and i hope you will celebrate an upcoming one in mars with a flying champagne. Cheers!", "likes_count": 0, "replies_count": 0, "retweets_count": 0, "hashtags": []}
{"id": 815343858179510272, "date": "2016-12-31", "time": "18:48:18", "tweet": "How Elon Musk trains his brain for greatness mariainnyc  https://t.co/Sr50gnNbPF", "likes_count": 0, "replies_count": 0, "retweets_count": 0, "hashtags": []}
{"id": 815343836943687680, "date": "2016-12-31", "time": "18:48:13", "tweet": "@elonmusk can my Model X be on the list of 1000? I assure a good pilot user for @TeslaMotors", "likes_count": 0, "replies_count": 0, "retweets_count": 0, "hashtags": []}
{"id": 815343591367315456, "date": "2016-12-31", "time": "18:47:15", "tweet": "Inc: How Elon Musk trains his brain for greatness mariainnyc  https://t.co/MIbrMJvUlc", "likes_count": 0, "replies_count": 0, "retweets_count": 0, "hashtags": []}
{"id": 815343425725886464, "date": "2016-12-31", "time": "18:46:35", "tweet": "@elonmusk can you please upload to Kitt, my new P100D? I just picked up the rocket today.", "likes_count": 6, "replies_count": 0, "retweets_count": 0, "hashtags": []}
{"id": 815342753462685696, "date": "2016-12-31", "time": "18:43:55", "tweet": "@elonmusk    Keep things on track Elon - Happy New Year!  https://t.co/whGTaZFKD0", "likes_count": 1, "replies_count": 0, "retweets_count": 0, "hashtags": []}
{"id": 815342552018620416, "date": "2016-12-31", "time": "18:43:07", "tweet": "@TeslaMotors You got that right. When @_MrsKD and I swing by to pick up our #Model3!! @elonmusk @Model3Owners 🚙 #happynewyear", "likes_count": 1, "replies_count": 0, "retweets_count": 0, "hashtags": ["model3", "happynewyear"]}
{"id": 815342497853411329, "date": "2016-12-31", "time": "18:42:54", "tweet": "@elonmusk how did you choose the 1000 cars to test on?", "likes_count": 0, "replies_count": 0, "retweets_count": 0, "hashtags": []}
{"id": 815342403548774400, "date": "2016-12-31", "time": "18:42:31", "tweet": "How Elon Musk trains his brain for greatness mariainnyc  https://t.co/JOFFxoBUu9", "likes_count": 0, "replies_count": 0, "retweets_count": 0, "hashtags": []}
{"id": 815342379511250944, "date": "2016-12-31", "time": "18:42:26", "tweet": "How Elon Musk trains his brain for greatness mariainnyc  https://t.co/yjiUnqv69n #biz", "likes_count": 0, "replies_count": 0, "retweets_count": 0, "hashtags": ["biz"]}
{"id": 815342326306508800, "date": "2016-12-31", "time": "18:42:13", "tweet": "Posted by : @ Inc #Startup #Business #Digital How Elon Musk trains his brain for greatness mariainnyc  https://t.co/vHWk73gbbQ", "likes_count": 1, "replies_count": 2, "retweets_count": 2, "hashtags": ["startup", "business", "digital"]}
{"id": 815342322011488256, "date": "2016-12-31", "time": "18:42:12", "tweet": "Inc: How Elon Musk trains his brain for greatness mariainnyc  https://t.co/qD6EnnwgxT", "likes_count": 0, "replies_count": 0, "retweets_count": 0, "hashtags": []}
{"id": 815342287475638276, "date": "2016-12-31", "time": "18:42:04", "tweet": "How Elon Musk trains his brain for greatness mariainnyc  https://t.co/lOTQL0aAJl", "likes_count": 0, "replies_count": 0, "retweets_count": 0, "hashtags": []}
{"id": 815342135897714689, "date": "2016-12-31", "time": "18:41:28", "tweet": "How Elon Musk trains his brain for greatness mariainnyc  https://t.co/9jcc76D7UX", "likes_count": 0, "replies_count": 0, "retweets_count": 0, "hashtags": []}
{"id": 815342068738433025, "date": "2016-12-31", "time": "18:41:12", "tweet": "℅ #Inc⛹ How Elon Musk trains his brain for greatness mariainnyc  https://t.co/z5p68JN5HQ", "likes_count": 0, "replies_count": 0, "retweets_count": 0, "hashtags": ["inc"]}
{"id": 815342031425904640, "date": "2016-12-31", "time": "18:41:03", "tweet": "How Elon Musk trains his brain for greatness mariainnyc  https://t.co/khPXXK5JUb", "likes_count": 0, "replies_count": 0, "retweets_count": 0, "hashtags": []}
{"id": 815341892414095360, "date": "2016-12-31", "time": "18:40:30", "tweet": "@ClubTeslaES @ds23ytube @EGTChampionship @electromaps @slcuervo @elonmusk  Feliz nueva vuelta al 🌞, que nos llene de energía limpia!", "likes_count": 6, "replies_count": 0, "retweets_count": 0, "hashtags": []}
{"id": 815341879390863361, "date": "2016-12-31", "time": "18:40:27", "tweet": "Inc: How Elon Musk trains his brain for greatness mariainnyc  https://t.co/V97Z0YVoVI", "likes_count": 0, "replies_count": 0, "retweets_count": 0, "hashtags": []}
{"id": 815341617217413120, "date": "2016-12-31", "time": "18:39:24", "tweet": "THIS Is How The GENIUS Elon Musk Will Give FREE WiFi To The Entire Planet…  https://t.co/69St3v6JEt via @Life Coach Code", "likes_count": 0, "replies_count": 0, "retweets_count": 0, "hashtags": []}
{"id": 815341601371357184, "date": "2016-12-31", "time": "18:39:20", "tweet": "How Elon Musk trains his brain for greatness mariainnyc  https://t.co/OkTid74TJC &lt;  https://t.co/MMaczU7VxV &gt;", "likes_count": 0, "replies_count": 0, "retweets_count": 0, "hashtags": []}
{"id": 815341542055481344, "date": "2016-12-31", "time": "18:39:06", "tweet": "How Elon Musk trains his brain for greatness @mariainnyc  https://t.co/idmG2q09QQ", "likes_count": 120, "replies_count": 4, "retweets_count": 49, "hashtags": []}
{"id": 815341276350517248, "date": "2016-12-31", "time": "18:38:03", "tweet": "@StartupGrind Get our curated publication on Elon Musk, SpaceX, Tesla, Hyperloop, SolarCity, and OpenAI  https://t.co/uhzxzvIELZ", "likes_count": 2, "replies_count": 0, "retweets_count": 0, "hashtags": []}
{"id": 815341183450787840, "date": "2016-12-31", "time": "18:37:41", "tweet": "@elonmusk simulation theory gets stronger the more the matrix reveals itself to our \"discovery\" ;)  https://t.co/waOvdid38o", "likes_count": 0, "replies_count": 0, "retweets_count": 0, "hashtags": []}
{"id": 815341021013884929, "date": "2016-12-31", "time": "18:37:02", "tweet": "@indiacat1 Are you an Elon Musk fan, Sunny? We've got news for you:  https://t.co/uhzxzvIELZ", "likes_count": 0, "replies_count": 1, "retweets_count": 0, "hashtags": []}
{"id": 815340953817018368, "date": "2016-12-31", "time": "18:36:46", "tweet": "@TeslaMotors @elonmusk I see you this year in Spain and in 2018 delivering my Model 3 @slcuervo @ClubTeslaES", "likes_count": 3, "replies_count": 0, "retweets_count": 0, "hashtags": []}
{"id": 815340806466699264, "date": "2016-12-31", "time": "18:36:11", "tweet": "@elonmusk what are you doing to celebrate the new year?", "likes_count": 0, "replies_count": 0, "retweets_count": 0, "hashtags": []}
{"id": 815340367973187584, "date": "2016-12-31", "time": "18:34:26", "tweet": "@elonmusk Deadham MA and Portland OR Sales and Delivery teams did to make this possible.  Please refer to:  https://t.co/pIeofAMiwf", "likes_count": 0, "replies_count": 0, "retweets_count": 0, "hashtags": []}
{"id": 815340034987413504, "date": "2016-12-31", "time": "18:33:07", "tweet": "I would like to die on Mars. Just not on impact. -Elon Musk #qotd", "likes_count": 0, "replies_count": 0, "retweets_count": 0, "hashtags": ["qotd"]}
{"id": 815339973972987905, "date": "2016-12-31", "time": "18:32:52", "tweet": "Elon Musk just confirmed plans for a new Tesla Roadster  https://t.co/l2NB8bYcWk", "likes_count": 0, "replies_count": 0, "retweets_count": 0, "hashtags": []}
{"id": 815339954171613184, "date": "2016-12-31", "time": "18:32:48", "tweet": "@elonmusk I was a happy owner of a AP1 S90D and yesterday traded it in on a AP2 S90D.  I want to let you know about the Incredible job your", "likes_count": 0, "replies_count": 0, "retweets_count": 0, "hashtags": []}
{"id": 815339767130890241, "date": "2016-12-31", "time": "18:32:03", "tweet": "@elonmusk have a great 2017 Elon!", "likes_count": 0, "replies_count": 0, "retweets_count": 0, "hashtags": []}
{"id": 815339504148090880, "date": "2016-12-31", "time": "18:31:00", "tweet": "Elon Musk - Work ethics, Principles, Attitude, Failure - Pearls of Advice. Happy Productive New Year.  https://t.co/hhjwTBRGZX #productivit…", "likes_count": 1, "replies_count": 0, "retweets_count": 0, "hashtags": ["productivit"]}
{"id": 815339186500882432, "date": "2016-12-31", "time": "18:29:44", "tweet": "@justinrsteele87 @blairbrian @elonmusk   https://t.co/QnmtTevckX", "likes_count": 0, "replies_count": 0, "retweets_count": 0, "hashtags": []}
{"id": 815339102199541760, "date": "2016-12-31", "time": "18:29:24", "tweet": "Elon Musk just confirmed plans for a new Tesla Roadster  https://t.co/0oeC9bkDLy", "likes_count": 0, "replies_count": 0, "retweets_count": 0, "hashtags": []}
{"id": 815337939425181697, "date": "2016-12-31", "time": "18:24:47", "tweet": "@elonmusk Joyeux Elon! I meant, Joyeux Noël!  https://t.co/K4qEr7J9QZ", "likes_count": 0, "replies_count": 0, "retweets_count": 0, "hashtags": []}
