{"id": 937109099338137601, "date": "2017-12-02", "time": "18:59:54", "tweet": "Elon musk annoys me just as much as rick and morty. Two peas in an obnoxious self righteous pod", "likes_count": 1, "replies_count": 1, "retweets_count": 0, "hashtags": []}
{"id": 937108790318530560, "date": "2017-12-02", "time": "18:58:40", "tweet": "Thanks; Elon Musk: Australia Turns On Biggest Lithium-Ion Battery In The World ..  https://t.co/9Q7kAcY156 #battery", "likes_count": 0, "replies_count": 0, "retweets_count": 0, "hashtags": ["battery"]}
{"id": 937108738250543104, "date": "2017-12-02", "time": "18:58:28", "tweet": "New post: Elon Musk: On the Roadster to Mars Bad Astronomy:  ...read more  https://t.co/IPsorq3kJa", "likes_count": 0, "replies_count": 0, "retweets_count": 0, "hashtags": []}
{"id": 937108733066346497, "date": "2017-12-02", "time": "18:58:27", "tweet": "@elonmusk @novaspivack I've been a naughty girl ELon, I'm tweeting on ambien. Want to tell me off? 😍", "likes_count": 1, "replies_count": 0, "retweets_count": 1, "hashtags": []}
{"id": 937108688942370816, "date": "2017-12-02", "time": "18:58:16", "tweet": "Is Elon Musk's story about sending a car to Mars fake news?  https://t.co/cjWuzv62yH", "likes_count": 0, "replies_count": 1, "retweets_count": 0, "hashtags": []}
{"id": 937108675298131968, "date": "2017-12-02", "time": "18:58:13", "tweet": "5 Very Important Questions About Elon Musk's Tesla to Mars Idea  https://t.co/MwJRcDixro  https://t.co/AZeFDHb5mn", "likes_count": 0, "replies_count": 0, "retweets_count": 0, "hashtags": []}
{"id": 937108652757991424, "date": "2017-12-02", "time": "18:58:08", "tweet": "5 Very Important Questions About Elon Musk's Tesla to Mars Idea  https://t.co/iDIX3VG3k2 @inversedotcom", "likes_count": 5, "replies_count": 0, "retweets_count": 2, "hashtags": []}
{"id": 937108652153958401, "date": "2017-12-02", "time": "18:58:07", "tweet": "Elon Musk: On the Roadster to Mars  https://t.co/L0VH46xJmU  https://t.co/Kv9LFQW1Pf", "likes_count": 0, "replies_count": 0, "retweets_count": 0, "hashtags": []}
{"id": 937108446415151105, "date": "2017-12-02", "time": "18:57:18", "tweet": "@ShitpostBot5000 ah, elon, how u inspire us all @elonmusk", "likes_count": 1, "replies_count": 0, "retweets_count": 0, "hashtags": []}
{"id": 937108258791227394, "date": "2017-12-02", "time": "18:56:34", "tweet": "The plan is to eventually include the entire wikipedia, and more - much more - all human knowledge - we have room for it. All major species and ecosystem DNA. It can be done. @elonmusk", "likes_count": 35, "replies_count": 2, "retweets_count": 11, "hashtags": []}
{"id": 937108221768056832, "date": "2017-12-02", "time": "18:56:25", "tweet": "ELON MUSK: ON THE ROADSTER TO MARS          https://t.co/nilb6i7EDP", "likes_count": 0, "replies_count": 0, "retweets_count": 0, "hashtags": []}
{"id": 937107918565998592, "date": "2017-12-02", "time": "18:55:13", "tweet": "@elonmusk why would you send your car to Mars? We have enough garbage in our ordit so let’s pollute another?", "likes_count": 0, "replies_count": 0, "retweets_count": 0, "hashtags": []}
{"id": 937107901352525824, "date": "2017-12-02", "time": "18:55:08", "tweet": "@Grimerica @jablan @FeRiLuC @elonmusk what you wanna know b", "likes_count": 0, "replies_count": 0, "retweets_count": 0, "hashtags": []}
{"id": 937107875775827968, "date": "2017-12-02", "time": "18:55:02", "tweet": "@elonmusk Watching The Polar Express with my kids.  Was the #hyperloop inspired by The Pneumatic, which the elves use to get to the center square of the North Pole?  I’ve already told my kids it was. ;-)", "likes_count": 0, "replies_count": 0, "retweets_count": 0, "hashtags": ["hyperloop"]}
{"id": 937107842737364992, "date": "2017-12-02", "time": "18:54:54", "tweet": "Elon Musk be off the gas. His tweets are too spacey", "likes_count": 1, "replies_count": 0, "retweets_count": 0, "hashtags": []}
{"id": 937107821522497536, "date": "2017-12-02", "time": "18:54:49", "tweet": "Elon Musk va a poner en órbita marciana su auto. Sí, su auto. ¿Ven por qué no se pueden dejar ciertas cosas a la iniciativa privada?", "likes_count": 2, "replies_count": 0, "retweets_count": 0, "hashtags": []}
{"id": 937107775640911872, "date": "2017-12-02", "time": "18:54:38", "tweet": "@FlatMarsOff @jablan @FeRiLuC @elonmusk Oh ffs", "likes_count": 2, "replies_count": 1, "retweets_count": 0, "hashtags": []}
{"id": 937107630849515520, "date": "2017-12-02", "time": "18:54:04", "tweet": "@elonmusk You just became the coolest ****** I never knew.", "likes_count": 0, "replies_count": 0, "retweets_count": 0, "hashtags": []}
{"id": 937107603506724864, "date": "2017-12-02", "time": "18:53:57", "tweet": "@markmccaughrean But it has much higher impact on social media (TM) for the @SpaceX brand than, say, @elonmusk putting an actual payload on top that could, say, do sciency things on its way around the solar system. Why would anyone do *that*?", "likes_count": 0, "replies_count": 1, "retweets_count": 0, "hashtags": []}
