{"id": 924425375089803264, "date": "2017-10-28", "time": "19:59:19", "tweet": "@elonmusk Where is my hat ?", "likes_count": 1, "replies_count": 0, "retweets_count": 0, "hashtags": []}
{"id": 924425180234989568, "date": "2017-10-28", "time": "19:58:32", "tweet": "Elon Musk posted a Boring photo on Instagram  https://t.co/6Ag6w73VQV", "likes_count": 0, "replies_count": 0, "retweets_count": 0, "hashtags": []}
{"id": 924425080532213760, "date": "2017-10-28", "time": "19:58:08", "tweet": "Robot obtiene ciudadanía en Arabia Saudita e insulta a Elon Musk - FayerWayer  https://t.co/Q3Y9ps3Eu8", "likes_count": 0, "replies_count": 0, "retweets_count": 0, "hashtags": []}
{"id": 924424827078922240, "date": "2017-10-28", "time": "19:57:08", "tweet": "Elon Musk shared a Boring photo of his company's Los Angeles tunnel  https://t.co/lnkrMfvgZy", "likes_count": 0, "replies_count": 0, "retweets_count": 0, "hashtags": []}
{"id": 924424743020847111, "date": "2017-10-28", "time": "19:56:48", "tweet": "@elonmusk Squirrel!", "likes_count": 10, "replies_count": 0, "retweets_count": 0, "hashtags": []}
{"id": 924424649076649984, "date": "2017-10-28", "time": "19:56:25", "tweet": "@elonmusk Fascinating  What do you do to maintain structural integrity to prevent earthquake damage?", "likes_count": 0, "replies_count": 0, "retweets_count": 0, "hashtags": []}
{"id": 924424495531806720, "date": "2017-10-28", "time": "19:55:49", "tweet": "#Breaking_News (Elon Musk posted a Boring photo on Instagram) -  https://t.co/Br9imD30po via #Indilens  https://t.co/15GSrvPQjb", "likes_count": 0, "replies_count": 0, "retweets_count": 0, "hashtags": ["breaking_news", "indilens"]}
{"id": 924424488653152256, "date": "2017-10-28", "time": "19:55:47", "tweet": "#Breaking_News (Elon Musk posted a Boring photo on Instagram) -  https://t.co/Br9imD30po via #Indilens  https://t.co/vLHsJFaPyH", "likes_count": 0, "replies_count": 0, "retweets_count": 0, "hashtags": ["breaking_news", "indilens"]}
{"id": 924424455178342401, "date": "2017-10-28", "time": "19:55:39", "tweet": "@NekoDown J'ai pris la bio de Elon Musk et Tout le monde n'a pas eu la chance de rater ses études de Olivier Rolland. Très instructif", "likes_count": 2, "replies_count": 1, "retweets_count": 0, "hashtags": []}
{"id": 924424280472997888, "date": "2017-10-28", "time": "19:54:58", "tweet": "I liked a @YouTube video  https://t.co/KGpry6QX3u Elon Musk Answers Dumb Questions - Getting Angry and Annoyed", "likes_count": 0, "replies_count": 0, "retweets_count": 0, "hashtags": []}
{"id": 924424217075916800, "date": "2017-10-28", "time": "19:54:42", "tweet": "@elonmusk Proud of you, son", "likes_count": 0, "replies_count": 0, "retweets_count": 0, "hashtags": []}
{"id": 924424209178288128, "date": "2017-10-28", "time": "19:54:41", "tweet": "@elonmusk OMG, this is for real!!!", "likes_count": 0, "replies_count": 0, "retweets_count": 0, "hashtags": []}
{"id": 924424187632082944, "date": "2017-10-28", "time": "19:54:35", "tweet": "Le pétrole ne sortira pas de nos préoccupations. Enfin, ça se trouve @elonmusk va nous pondre un truc.  https://t.co/seEQlggzXF", "likes_count": 0, "replies_count": 0, "retweets_count": 0, "hashtags": []}
{"id": 924424175623733248, "date": "2017-10-28", "time": "19:54:33", "tweet": "@melindaNYC2PHL @CNN @elonmusk Solar panels flew off houses. Today Whitefish accomplished:  https://t.co/oWlLkp1VD3 while you want to stop it and have people suffer.", "likes_count": 1, "replies_count": 0, "retweets_count": 0, "hashtags": []}
{"id": 924424091595104256, "date": "2017-10-28", "time": "19:54:13", "tweet": "Elon Musk is such a daddy  https://t.co/FqYHqS16ME", "likes_count": 0, "replies_count": 0, "retweets_count": 0, "hashtags": []}
{"id": 924424081792958464, "date": "2017-10-28", "time": "19:54:10", "tweet": "@vediov1s @elonmusk wie gesagt, das ist genau das, worum bei bei der boring company geht", "likes_count": 0, "replies_count": 0, "retweets_count": 0, "hashtags": []}
{"id": 924424008480804864, "date": "2017-10-28", "time": "19:53:53", "tweet": "@Tesla @ricardorossello @elonmusk *is... long overdue.", "likes_count": 0, "replies_count": 0, "retweets_count": 0, "hashtags": []}
{"id": 924423987370668032, "date": "2017-10-28", "time": "19:53:48", "tweet": "@elonmusk Seems legit.", "likes_count": 0, "replies_count": 0, "retweets_count": 0, "hashtags": []}
{"id": 924423983352700928, "date": "2017-10-28", "time": "19:53:47", "tweet": "@elonmusk @DrewKairis Tell me more Ol' Musky", "likes_count": 2, "replies_count": 0, "retweets_count": 0, "hashtags": []}
{"id": 924423889589100544, "date": "2017-10-28", "time": "19:53:24", "tweet": "@Tesla @ricardorossello @elonmusk Replacing huge hospital diesel generators are long overdue.", "likes_count": 0, "replies_count": 1, "retweets_count": 0, "hashtags": []}
{"id": 924423857686986752, "date": "2017-10-28", "time": "19:53:17", "tweet": "@elonmusk Looks CGI.  Excited for the tech, but I believe autonomous cars will be the eventual solution for city commuting.", "likes_count": 0, "replies_count": 0, "retweets_count": 0, "hashtags": []}
{"id": 924423847692197888, "date": "2017-10-28", "time": "19:53:14", "tweet": "@embolicat @BergVoeloeller @VicenteFoxQue @realDonaldTrump @Tesla @elonmusk @HillaryClinton Shut your Russian troll mouths and get lost. 🤐", "likes_count": 0, "replies_count": 1, "retweets_count": 0, "hashtags": []}
{"id": 924423792310542336, "date": "2017-10-28", "time": "19:53:01", "tweet": "Looking forward to hearing #Google &amp; #GM are launching tunneling companies  https://t.co/7tEKYdPvUB #Elonmusk #boring", "likes_count": 1, "replies_count": 0, "retweets_count": 0, "hashtags": ["google", "gm", "elonmusk", "boring"]}
{"id": 924423748853424129, "date": "2017-10-28", "time": "19:52:51", "tweet": "@elonmusk is there a way to provide an update to autopilot so that it conforms to rescue alley standards (German law) in traffic jams?", "likes_count": 0, "replies_count": 0, "retweets_count": 0, "hashtags": []}
{"id": 924423728590618624, "date": "2017-10-28", "time": "19:52:46", "tweet": "Elon Musk shared a Boring photo of his company's Los Angeles tunnel - Mashable  https://t.co/0jEY1WpCbG", "likes_count": 0, "replies_count": 0, "retweets_count": 0, "hashtags": []}
{"id": 924423704263536640, "date": "2017-10-28", "time": "19:52:40", "tweet": "@elonmusk This kid doesnt know what he is talking about in regards to AI  https://t.co/fHNPzNM6YY", "likes_count": 0, "replies_count": 0, "retweets_count": 0, "hashtags": []}
{"id": 924423605043081216, "date": "2017-10-28", "time": "19:52:17", "tweet": "I follow @elonmusk", "likes_count": 0, "replies_count": 0, "retweets_count": 0, "hashtags": []}
{"id": 924423539041677312, "date": "2017-10-28", "time": "19:52:01", "tweet": "@lgulso Try @elonmusk , @TheBotLebowski , @AuroraNotify", "likes_count": 1, "replies_count": 1, "retweets_count": 0, "hashtags": []}
{"id": 924423465406484480, "date": "2017-10-28", "time": "19:51:43", "tweet": "Elon Musk shared a Boring photo of his company's Los Angeles tunnel  https://t.co/iUTweiIGLe", "likes_count": 0, "replies_count": 0, "retweets_count": 0, "hashtags": []}
{"id": 924423395885776896, "date": "2017-10-28", "time": "19:51:27", "tweet": "@elonmusk How long did it take?", "likes_count": 0, "replies_count": 0, "retweets_count": 0, "hashtags": []}
{"id": 924423315816529920, "date": "2017-10-28", "time": "19:51:08", "tweet": "@elonmusk Ijust heard you were an audiophile. You have any interest in an old vacuum tube factory in California? We are closing down soon.", "likes_count": 0, "replies_count": 0, "retweets_count": 0, "hashtags": []}
{"id": 924423112480960512, "date": "2017-10-28", "time": "19:50:19", "tweet": "@taylor_aurora @RobertsSpaceInd @elonmusk pssst...i think he is supposed to remind you of Elon Musk ;D", "likes_count": 0, "replies_count": 0, "retweets_count": 0, "hashtags": []}
{"id": 924422987369058304, "date": "2017-10-28", "time": "19:49:49", "tweet": "@elonmusk what's going on with the power system you offered to build for Puerto Rico? Any updates?", "likes_count": 0, "replies_count": 0, "retweets_count": 0, "hashtags": []}
{"id": 924422980511285248, "date": "2017-10-28", "time": "19:49:48", "tweet": "@ABC Yeah for tesla &amp; Elon Musk!", "likes_count": 0, "replies_count": 0, "retweets_count": 0, "hashtags": []}
{"id": 924422929776918528, "date": "2017-10-28", "time": "19:49:36", "tweet": "@elonmusk Reminds me of my first day at Black Mesa", "likes_count": 0, "replies_count": 0, "retweets_count": 0, "hashtags": []}
{"id": 924422865474039808, "date": "2017-10-28", "time": "19:49:20", "tweet": "@elonmusk Reminds me of the particle accelerator that blew up and gave #theflash his super speed!", "likes_count": 1, "replies_count": 1, "retweets_count": 0, "hashtags": ["theflash"]}
{"id": 924422807475253249, "date": "2017-10-28", "time": "19:49:06", "tweet": "Elon Musk posted a Boring photo on Instagram  https://t.co/C1Ne5XEu3l #tech  https://t.co/uBJCPybGkY", "likes_count": 0, "replies_count": 0, "retweets_count": 0, "hashtags": ["tech"]}
{"id": 924422779407085569, "date": "2017-10-28", "time": "19:49:00", "tweet": "@elonmusk Seems very small. Only one way trafic?", "likes_count": 0, "replies_count": 0, "retweets_count": 0, "hashtags": []}
{"id": 924422767927316481, "date": "2017-10-28", "time": "19:48:57", "tweet": "@Tesla @elonmusk great card.... not a great service", "likes_count": 0, "replies_count": 0, "retweets_count": 0, "hashtags": []}
{"id": 924422683827326977, "date": "2017-10-28", "time": "19:48:37", "tweet": "@elonmusk I feel like you're losing out if you're not checking out this guy in youtube. Especially this video  https://t.co/YY3WXTXz4Y", "likes_count": 0, "replies_count": 0, "retweets_count": 0, "hashtags": []}
{"id": 924422673668509696, "date": "2017-10-28", "time": "19:48:35", "tweet": "@ParkerMolloy @morninggloria @jonfavs @jonlovett @TVietor08 Is it just me, or does it kind of look like Elon Musk?", "likes_count": 1, "replies_count": 0, "retweets_count": 0, "hashtags": []}
{"id": 924422489010331655, "date": "2017-10-28", "time": "19:47:50", "tweet": "Elon Musk says 2 or 3 more Tesla Gigafactories are coming to the US  https://t.co/kGg0BHVF70", "likes_count": 0, "replies_count": 0, "retweets_count": 0, "hashtags": []}
{"id": 924422189230596096, "date": "2017-10-28", "time": "19:46:39", "tweet": "@Zedd @elonmusk Have a good day! ❤️", "likes_count": 0, "replies_count": 0, "retweets_count": 0, "hashtags": []}
{"id": 924421872955006976, "date": "2017-10-28", "time": "19:45:24", "tweet": "@elonmusk So true!", "likes_count": 0, "replies_count": 0, "retweets_count": 0, "hashtags": []}
{"id": 924421852620980224, "date": "2017-10-28", "time": "19:45:19", "tweet": "@elonmusk Can’t wait till it’s done!!!", "likes_count": 0, "replies_count": 0, "retweets_count": 0, "hashtags": []}
{"id": 924421851446525952, "date": "2017-10-28", "time": "19:45:18", "tweet": "Elon musk, i don't think that is boring, what if your jump down it?  https://t.co/y9QRIOCM8J", "likes_count": 0, "replies_count": 0, "retweets_count": 0, "hashtags": []}
{"id": 924421661428011009, "date": "2017-10-28", "time": "19:44:33", "tweet": "@elonmusk   https://t.co/cGPkfQdoJI This Panasonic - GF insider situation descriptions seem worrying.  Mostly because it seem so believable.", "likes_count": 0, "replies_count": 0, "retweets_count": 0, "hashtags": []}
{"id": 924421586647769090, "date": "2017-10-28", "time": "19:44:15", "tweet": "@elonmusk Is completion date still on time or the team is ahead of schedule?", "likes_count": 0, "replies_count": 0, "retweets_count": 0, "hashtags": []}
{"id": 924421557790892032, "date": "2017-10-28", "time": "19:44:08", "tweet": "Here’s our first look at Elon Musk’s Boring Co. LA tunnel  https://t.co/TgkKObafCa  https://t.co/mfLcJmcUjO", "likes_count": 0, "replies_count": 0, "retweets_count": 0, "hashtags": []}
{"id": 924421557006622720, "date": "2017-10-28", "time": "19:44:08", "tweet": "Here’s our first look at Elon Musk’s Boring Co. LA tunnel  https://t.co/w7j0nSsmou  https://t.co/T9YgD7Wv6U", "likes_count": 0, "replies_count": 0, "retweets_count": 0, "hashtags": []}
{"id": 924421456594739200, "date": "2017-10-28", "time": "19:43:44", "tweet": "@elonmusk Hey Mr. Musk, My name is Trung Nguyen and I work at one of your factory’s here in Fremont. I just wanted to take this time say it’s an honor", "likes_count": 0, "replies_count": 0, "retweets_count": 0, "hashtags": []}
{"id": 924421055808118784, "date": "2017-10-28", "time": "19:42:09", "tweet": "Here’s our first look at Elon Musk’s Boring Co. LA tunnel  https://t.co/upkxKMUgFJ via @TechCrunch  https://t.co/jYljYQhzu3", "likes_count": 0, "replies_count": 0, "retweets_count": 0, "hashtags": []}
{"id": 924421008584511493, "date": "2017-10-28", "time": "19:41:58", "tweet": "Here’s our first look at Elon Musk’s Boring Co. LA tunnel:  https://t.co/575TIM8GBg", "likes_count": 0, "replies_count": 0, "retweets_count": 0, "hashtags": []}
{"id": 924420900539203585, "date": "2017-10-28", "time": "19:41:32", "tweet": "@elonmusk That's seems cool not boring I want to waaaalk Al that way!", "likes_count": 0, "replies_count": 0, "retweets_count": 0, "hashtags": []}
{"id": 924420849397936129, "date": "2017-10-28", "time": "19:41:20", "tweet": "@TSHamiltonAstro @pilliarscreatio @dapted @elonmusk 😵☹️", "likes_count": 0, "replies_count": 0, "retweets_count": 0, "hashtags": []}
{"id": 924420832918507520, "date": "2017-10-28", "time": "19:41:16", "tweet": "@elonmusk So darn exciting!  Can't wait for this to be done.", "likes_count": 0, "replies_count": 0, "retweets_count": 0, "hashtags": []}
{"id": 924420822827261952, "date": "2017-10-28", "time": "19:41:13", "tweet": "@elonmusk I hate tunnels, but this is just too fucking cool!", "likes_count": 0, "replies_count": 0, "retweets_count": 0, "hashtags": []}
{"id": 924420649296293888, "date": "2017-10-28", "time": "19:40:32", "tweet": "@elonmusk @Tesla check MDX current Middle Seats - Much Easier Movt -ElectronicSeatsWereBetter - but if 7seats is manual, need serious Design Modification  https://t.co/zoH335AieX", "likes_count": 0, "replies_count": 0, "retweets_count": 0, "hashtags": []}
{"id": 924420642698682370, "date": "2017-10-28", "time": "19:40:30", "tweet": "Reddit Futurology: Here’s our first look at Elon Musk’s Boring Co. LA tunnel  https://t.co/JzSh8tRMTb", "likes_count": 0, "replies_count": 0, "retweets_count": 0, "hashtags": []}
{"id": 924420571718471682, "date": "2017-10-28", "time": "19:40:13", "tweet": "@Khanoisseur WHAT ABOUT TRAINING THE UNEMPLOYED VICTIMS OF MARIA? @ElonMusk could TRAIN THEM TO INSTALL SOLAR GRID &amp; GET THEM OUT OF DEBT!", "likes_count": 2, "replies_count": 0, "retweets_count": 1, "hashtags": []}
{"id": 924420472892198913, "date": "2017-10-28", "time": "19:39:50", "tweet": "@SmileSimplify @pilliarscreatio @dapted @elonmusk Ohhhhhh yeah. Lots of fan speculation on why, w/some suggesting he's referring to amount of space warping. But I'm sure it's just an error.", "likes_count": 1, "replies_count": 1, "retweets_count": 0, "hashtags": []}
{"id": 924420463555735553, "date": "2017-10-28", "time": "19:39:48", "tweet": "@elonmusk This looks like it’s been there a long time.", "likes_count": 0, "replies_count": 0, "retweets_count": 0, "hashtags": []}
{"id": 924420460766302209, "date": "2017-10-28", "time": "19:39:47", "tweet": "@scottfelsenthal @elonmusk Assuming that's sarcasm?", "likes_count": 1, "replies_count": 1, "retweets_count": 0, "hashtags": []}
{"id": 924420387810824192, "date": "2017-10-28", "time": "19:39:30", "tweet": "@SandraMoerch @elonmusk @richardbranson Great question— cant wait to hear what you think.", "likes_count": 2, "replies_count": 0, "retweets_count": 0, "hashtags": []}
{"id": 924420318759809024, "date": "2017-10-28", "time": "19:39:13", "tweet": "@elonmusk Thats not a tunnel !! (Waterview Tunnel, Aotearoa)  https://t.co/ujkOYQSlc9", "likes_count": 0, "replies_count": 0, "retweets_count": 0, "hashtags": []}
{"id": 924420291119460352, "date": "2017-10-28", "time": "19:39:06", "tweet": "@elonmusk I wonder if this is a little deceptive? Did you buy this tunnel? Or dig it? Previously you’ve shown photos of preexisting tunnels.", "likes_count": 0, "replies_count": 1, "retweets_count": 0, "hashtags": []}
{"id": 924420266851049472, "date": "2017-10-28", "time": "19:39:01", "tweet": "@elonmusk I had thhis idea 15 years ago. I just never had the money to do it", "likes_count": 0, "replies_count": 0, "retweets_count": 0, "hashtags": []}
{"id": 924420152044736512, "date": "2017-10-28", "time": "19:38:33", "tweet": "@elonmusk @richardbranson Who will own space? Will it be a global location/destination or its own independent “country”? Thank You 🙏🏼", "likes_count": 7, "replies_count": 1, "retweets_count": 1, "hashtags": []}
{"id": 924420148785811458, "date": "2017-10-28", "time": "19:38:33", "tweet": "@elonmusk It is a good moment to be an structural and geotechnical engineer :)", "likes_count": 2, "replies_count": 1, "retweets_count": 0, "hashtags": []}
{"id": 924420046176374785, "date": "2017-10-28", "time": "19:38:08", "tweet": "@elonmusk @uncover007 What size of HDD equipment is being used for the bore? (I work for a gas transmission pipeline company and find this fascinating.)", "likes_count": 0, "replies_count": 0, "retweets_count": 0, "hashtags": []}
{"id": 924420014609977344, "date": "2017-10-28", "time": "19:38:01", "tweet": "@pilliarscreatio @SmileSimplify @dapted @elonmusk Going into a deeper search, I've found a paper using \"parallax*second\" as a unit in 1887.", "likes_count": 1, "replies_count": 0, "retweets_count": 0, "hashtags": []}
{"id": 924419970234064897, "date": "2017-10-28", "time": "19:37:50", "tweet": "#AI #Robot Sophia trolled #ElonMusk and the billionaire has hit back -  https://t.co/xA6aiPpCE8", "likes_count": 0, "replies_count": 0, "retweets_count": 2, "hashtags": ["ai", "robot", "elonmusk"]}
{"id": 924419810913607681, "date": "2017-10-28", "time": "19:37:12", "tweet": "@elonmusk Could you start referring to this as the glory hole?", "likes_count": 0, "replies_count": 0, "retweets_count": 0, "hashtags": []}
{"id": 924419806547263488, "date": "2017-10-28", "time": "19:37:11", "tweet": "@elonmusk Goat 🐐", "likes_count": 0, "replies_count": 0, "retweets_count": 0, "hashtags": []}
{"id": 924419769591152640, "date": "2017-10-28", "time": "19:37:02", "tweet": "@elonmusk Mr. Musk, my business partners in Mexico would love to discuss a very exciting project with you.", "likes_count": 1, "replies_count": 0, "retweets_count": 0, "hashtags": []}
{"id": 924419745671204864, "date": "2017-10-28", "time": "19:36:56", "tweet": "@elonmusk boring", "likes_count": 0, "replies_count": 0, "retweets_count": 0, "hashtags": []}
{"id": 924419637617577984, "date": "2017-10-28", "time": "19:36:31", "tweet": "@elonmusk Looks more like a Jefferies Tube.", "likes_count": 0, "replies_count": 0, "retweets_count": 0, "hashtags": []}
{"id": 924419552754225152, "date": "2017-10-28", "time": "19:36:10", "tweet": "#Repost @elonmusk ・・・ The Boring Company tunnel under LA @ Hawthorne, California  https://t.co/sp21G7A70r", "likes_count": 0, "replies_count": 0, "retweets_count": 0, "hashtags": ["repost"]}
{"id": 924419522597044224, "date": "2017-10-28", "time": "19:36:03", "tweet": "Here's our first look at Elon Musk's Boring Co. LA tunnel - TechCrunch  https://t.co/oNqGwxXbwf", "likes_count": 0, "replies_count": 0, "retweets_count": 0, "hashtags": []}
{"id": 924419520382586885, "date": "2017-10-28", "time": "19:36:03", "tweet": "@manniac @elonmusk Dafür muss man dann halt auch recht tief runter, was aufwändiger is und teurer, das is ja nur der erste Testlauf", "likes_count": 0, "replies_count": 2, "retweets_count": 0, "hashtags": []}
