{"id": 848324088103923713, "date": "2017-04-01", "time": "19:59:58", "tweet": "Mr. @elonmusk I'm teaching computer science and Linux and Unix Based OS, and my students want to know: Which OS runs @TeslaMotors Cars?✍️", "likes_count": 0, "replies_count": 0, "retweets_count": 0, "hashtags": []}
{"id": 848323925285142528, "date": "2017-04-01", "time": "19:59:19", "tweet": "@elonmusk you should make a genuine attempt to hire coal workers at Tesla. That is the only way to Clean Coal :)", "likes_count": 2, "replies_count": 0, "retweets_count": 0, "hashtags": []}
{"id": 848323829244014592, "date": "2017-04-01", "time": "19:58:56", "tweet": "@elonmusk Lmao! Tower of Babel eh?", "likes_count": 0, "replies_count": 0, "retweets_count": 0, "hashtags": []}
{"id": 848323761136959488, "date": "2017-04-01", "time": "19:58:40", "tweet": "@BryceAndress @elonmusk Details please", "likes_count": 0, "replies_count": 1, "retweets_count": 0, "hashtags": []}
{"id": 848323647756525568, "date": "2017-04-01", "time": "19:58:13", "tweet": "@elonmusk There are a way to get rid of airplane toilet waste not UFOs, search Rockwell patents on it .....", "likes_count": 0, "replies_count": 0, "retweets_count": 0, "hashtags": []}
{"id": 848323614764130304, "date": "2017-04-01", "time": "19:58:05", "tweet": "Elon Musk to aliens: 'Damn you' - CNET  https://t.co/IUVeLCSGre #Tech  https://t.co/NwNiuUN2eH", "likes_count": 0, "replies_count": 0, "retweets_count": 0, "hashtags": ["tech"]}
{"id": 848323580714565635, "date": "2017-04-01", "time": "19:57:57", "tweet": "@elonmusk Is it all in our head?", "likes_count": 0, "replies_count": 0, "retweets_count": 0, "hashtags": []}
{"id": 848323554072551426, "date": "2017-04-01", "time": "19:57:51", "tweet": "@elonmusk: green energy being delayed bc carbon emissions have a \"hidden subsidy\". Need revenue neutral #carbontax  https://t.co/wRXoMZ9730", "likes_count": 0, "replies_count": 0, "retweets_count": 0, "hashtags": ["carbontax"]}
{"id": 848323492382728193, "date": "2017-04-01", "time": "19:57:36", "tweet": "@elonmusk Explain more please.", "likes_count": 0, "replies_count": 1, "retweets_count": 0, "hashtags": []}
{"id": 848323464599678978, "date": "2017-04-01", "time": "19:57:29", "tweet": "It's not all April showers, @elonmusk ...but really, you know that. You just think you're funny.  https://t.co/XoUNOTHEvr", "likes_count": 0, "replies_count": 0, "retweets_count": 0, "hashtags": []}
{"id": 848323444920004608, "date": "2017-04-01", "time": "19:57:25", "tweet": "@elonmusk Want a Tesla for yrs, Decided to lease a 60D yesterday. Interest went up to 6 over night. Still order the one today. But feel bad.", "likes_count": 0, "replies_count": 0, "retweets_count": 0, "hashtags": []}
{"id": 848323435424075776, "date": "2017-04-01", "time": "19:57:22", "tweet": "\"Elon Musk to aliens: 'Damn you'\"  https://t.co/zBGkh3MmHP", "likes_count": 0, "replies_count": 0, "retweets_count": 0, "hashtags": []}
{"id": 848323132171485184, "date": "2017-04-01", "time": "19:56:10", "tweet": "Elon Musk to aliens: 'Damn you' - CNET  https://t.co/4Y9CynkVzN #Tech  https://t.co/K9D4IChIKY", "likes_count": 0, "replies_count": 0, "retweets_count": 1, "hashtags": ["tech"]}
{"id": 848323119639138304, "date": "2017-04-01", "time": "19:56:07", "tweet": "Space-X Successfully Lands #Rocket Vertically On Ocean Platform   https://t.co/IkP6phwy8p  #spacex #falcon9 #elonmusk  https://t.co/0walD4Oo5v", "likes_count": 0, "replies_count": 0, "retweets_count": 0, "hashtags": ["rocket", "spacex", "falcon9", "elonmusk"]}
{"id": 848323118321901568, "date": "2017-04-01", "time": "19:56:07", "tweet": "Elon Musk to aliens: 'Damn you' - CNET  https://t.co/3MhsXLYfss  https://t.co/lC6WIcmdLA", "likes_count": 0, "replies_count": 0, "retweets_count": 0, "hashtags": []}
{"id": 848323090379665408, "date": "2017-04-01", "time": "19:56:00", "tweet": "Elon Musk's Flying Superyacht Will Be a Reality This Month  https://t.co/TGPlshJcnd", "likes_count": 0, "replies_count": 0, "retweets_count": 0, "hashtags": []}
{"id": 848323005679890432, "date": "2017-04-01", "time": "19:55:40", "tweet": "Elon Musk is changing the rules of space travel - CNN  https://t.co/HcDoS4woq4", "likes_count": 1, "replies_count": 0, "retweets_count": 0, "hashtags": []}
{"id": 848322984473497603, "date": "2017-04-01", "time": "19:55:35", "tweet": "Elon Musk heralds ‘huge revolution in space travel’ after historic SpaceX mission  https://t.co/9bMGC99inC  https://t.co/FlCNt1QMxm", "likes_count": 1, "replies_count": 0, "retweets_count": 0, "hashtags": []}
{"id": 848322922653634560, "date": "2017-04-01", "time": "19:55:20", "tweet": "Elon Musk heralds ‘huge revolution in space travel’ after historic SpaceX mission  https://t.co/vlIc0UR6vM  https://t.co/04UoST5YpS", "likes_count": 0, "replies_count": 0, "retweets_count": 0, "hashtags": []}
