{"id": 944719262450683905, "date": "2017-12-23", "time": "18:59:58", "tweet": "@elonmusk Are you taking pre-orders on the flamethrower?", "likes_count": 0, "replies_count": 0, "retweets_count": 0, "hashtags": []}
{"id": 944719261687275522, "date": "2017-12-23", "time": "18:59:58", "tweet": "@elonmusk XR", "likes_count": 0, "replies_count": 0, "retweets_count": 0, "hashtags": []}
{"id": 944719257723686913, "date": "2017-12-23", "time": "18:59:57", "tweet": "@elonmusk Güzel ama ingilicce", "likes_count": 0, "replies_count": 0, "retweets_count": 0, "hashtags": []}
{"id": 944719251989970944, "date": "2017-12-23", "time": "18:59:56", "tweet": "@elonmusk would you leapfrog mankind if you had the chance? Just like south america and other remote parts of the world have do e with cell phones, going from no phones, skipping phone lines and right to cellular?", "likes_count": 0, "replies_count": 0, "retweets_count": 0, "hashtags": []}
{"id": 944719246902333440, "date": "2017-12-23", "time": "18:59:55", "tweet": "@elonmusk What about those of us still on 2017.42?", "likes_count": 0, "replies_count": 0, "retweets_count": 0, "hashtags": []}
{"id": 944719245753143296, "date": "2017-12-23", "time": "18:59:54", "tweet": "@ad4mtaylor @elonmusk I already have the notifications ON for him", "likes_count": 0, "replies_count": 1, "retweets_count": 0, "hashtags": []}
{"id": 944719238937358336, "date": "2017-12-23", "time": "18:59:53", "tweet": "@ad4mtaylor @elonmusk definitly!", "likes_count": 0, "replies_count": 0, "retweets_count": 0, "hashtags": []}
{"id": 944719229206511616, "date": "2017-12-23", "time": "18:59:50", "tweet": "@elonmusk Just bought one", "likes_count": 0, "replies_count": 0, "retweets_count": 0, "hashtags": []}
{"id": 944719228044824581, "date": "2017-12-23", "time": "18:59:50", "tweet": "Elon Musk could literally be plotting world domination right now and we'd wholly support him because he's too pure.  https://t.co/9dnkaKoYH0", "likes_count": 0, "replies_count": 0, "retweets_count": 0, "hashtags": []}
{"id": 944719223737155584, "date": "2017-12-23", "time": "18:59:49", "tweet": "@elonmusk XD", "likes_count": 0, "replies_count": 0, "retweets_count": 0, "hashtags": []}
{"id": 944719210143293440, "date": "2017-12-23", "time": "18:59:46", "tweet": "@elonmusk   https://t.co/vtfZzAxM1p", "likes_count": 26, "replies_count": 0, "retweets_count": 1, "hashtags": []}
{"id": 944719207756914689, "date": "2017-12-23", "time": "18:59:45", "tweet": "WHO IS ELON MUSK?  https://t.co/SXTGNB0gVa", "likes_count": 0, "replies_count": 0, "retweets_count": 0, "hashtags": []}
{"id": 944719198931922944, "date": "2017-12-23", "time": "18:59:43", "tweet": "@elonmusk Flamethrowers are legal in 48 states and restricted in California and Maryland. You gotta love merica. FREEDOM!! 😁😁", "likes_count": 1, "replies_count": 0, "retweets_count": 0, "hashtags": []}
{"id": 944719197786972161, "date": "2017-12-23", "time": "18:59:43", "tweet": "Elon Musk is the new Supreme", "likes_count": 0, "replies_count": 0, "retweets_count": 0, "hashtags": []}
{"id": 944719189687853056, "date": "2017-12-23", "time": "18:59:41", "tweet": "challenge: if i beat elon musk in a running race i get a 40% share in tesla", "likes_count": 0, "replies_count": 0, "retweets_count": 0, "hashtags": []}
{"id": 944719188261715968, "date": "2017-12-23", "time": "18:59:41", "tweet": "@elonmusk I LOVE THE XMAS SHOW", "likes_count": 0, "replies_count": 0, "retweets_count": 0, "hashtags": []}
{"id": 944719187599155201, "date": "2017-12-23", "time": "18:59:41", "tweet": "@elonmusk @braders08 Elon musk is the technological father of business within the 21st century.", "likes_count": 1, "replies_count": 0, "retweets_count": 0, "hashtags": []}
{"id": 944719186969989124, "date": "2017-12-23", "time": "18:59:40", "tweet": "@elonmusk Glad you're happy man! Last nite was epic. Thanks for that.", "likes_count": 0, "replies_count": 0, "retweets_count": 0, "hashtags": []}
{"id": 944719184298172416, "date": "2017-12-23", "time": "18:59:40", "tweet": "@elonmusk By any chance are you up for just giving away  a tesla, as you know Christmas spirit", "likes_count": 0, "replies_count": 0, "retweets_count": 0, "hashtags": []}
{"id": 944719181496201216, "date": "2017-12-23", "time": "18:59:39", "tweet": "@elonmusk Always sharing the love 🐇", "likes_count": 0, "replies_count": 0, "retweets_count": 0, "hashtags": []}
{"id": 944719177855782913, "date": "2017-12-23", "time": "18:59:38", "tweet": "@elonmusk When am I getting an update ?", "likes_count": 0, "replies_count": 0, "retweets_count": 0, "hashtags": []}
{"id": 944719176530239488, "date": "2017-12-23", "time": "18:59:38", "tweet": "@elonmusk So it is true that Tesla Service Center’s are “geofenced” for faster software to@be pushed to Tesla’s?", "likes_count": 1, "replies_count": 1, "retweets_count": 0, "hashtags": []}
{"id": 944719173283807232, "date": "2017-12-23", "time": "18:59:37", "tweet": "@elonmusk Eggception", "likes_count": 0, "replies_count": 0, "retweets_count": 0, "hashtags": []}
{"id": 944719172222816256, "date": "2017-12-23", "time": "18:59:37", "tweet": "I think it is possible for ordinary people to choose to be extraordinary. – Elon Musk #quote", "likes_count": 2, "replies_count": 0, "retweets_count": 1, "hashtags": ["quote"]}
{"id": 944719169706176512, "date": "2017-12-23", "time": "18:59:36", "tweet": "@elonmusk Tell the truth: how much of what you do is purely for your entertainment? 80%? 90%? 98.9%?", "likes_count": 279, "replies_count": 10, "retweets_count": 5, "hashtags": []}
{"id": 944719160906539013, "date": "2017-12-23", "time": "18:59:34", "tweet": "@elonmusk I don't have a tesla 😢", "likes_count": 0, "replies_count": 0, "retweets_count": 0, "hashtags": []}
{"id": 944719155667795970, "date": "2017-12-23", "time": "18:59:33", "tweet": "@elonmusk haha relatable shit my man!", "likes_count": 0, "replies_count": 0, "retweets_count": 0, "hashtags": []}
{"id": 944719150701740032, "date": "2017-12-23", "time": "18:59:32", "tweet": "@elonmusk When is Tesla software going to deliver a boring hat, so we can ride Tesla through boring LA road?", "likes_count": 0, "replies_count": 0, "retweets_count": 0, "hashtags": []}
{"id": 944719148843544576, "date": "2017-12-23", "time": "18:59:31", "tweet": "@elonmusk Then fire extinguisher?", "likes_count": 0, "replies_count": 0, "retweets_count": 0, "hashtags": []}
{"id": 944719148747067392, "date": "2017-12-23", "time": "18:59:31", "tweet": "@elonmusk What happens to the reindeer infront of you if you get into an accident?!?!", "likes_count": 8, "replies_count": 0, "retweets_count": 2, "hashtags": []}
{"id": 944719146679521280, "date": "2017-12-23", "time": "18:59:31", "tweet": "@elonmusk Elon get ze flammenwerfer", "likes_count": 0, "replies_count": 0, "retweets_count": 0, "hashtags": []}
{"id": 944719145916039171, "date": "2017-12-23", "time": "18:59:31", "tweet": "@elonmusk bi kere trx yazsana ortalığı bi karıştırsana batarya reis", "likes_count": 0, "replies_count": 0, "retweets_count": 0, "hashtags": []}
{"id": 944719141881176066, "date": "2017-12-23", "time": "18:59:30", "tweet": "@elonmusk It should be funny, otherwise is not an Easter egg. But this is a Christmas present for us?", "likes_count": 0, "replies_count": 0, "retweets_count": 0, "hashtags": []}
{"id": 944719139934912512, "date": "2017-12-23", "time": "18:59:29", "tweet": "@elonmusk Not sure you'll see let alone respond to this. But, how would one go about become a test subject for the full dive nervgear like system you're working on? Because being able to be actully in game in a WoW like world is a dream of mine.", "likes_count": 0, "replies_count": 0, "retweets_count": 0, "hashtags": []}
{"id": 944719136093102080, "date": "2017-12-23", "time": "18:59:28", "tweet": "@elonmusk Any summer internships available?", "likes_count": 0, "replies_count": 0, "retweets_count": 0, "hashtags": []}
{"id": 944719135099031557, "date": "2017-12-23", "time": "18:59:28", "tweet": "@elonmusk I’m a new follower. So if you sell 4K more you’ll be offering a flamethrower? Or everyone who buys a hat gets a flamethrower? Or every 5000 purchase gets a flamethrower? Big difference.", "likes_count": 0, "replies_count": 0, "retweets_count": 0, "hashtags": []}
{"id": 944719133286940672, "date": "2017-12-23", "time": "18:59:28", "tweet": "@elonmusk Aryt..do something funny then..", "likes_count": 0, "replies_count": 0, "retweets_count": 0, "hashtags": []}
{"id": 944719125099708416, "date": "2017-12-23", "time": "18:59:26", "tweet": "Elon Musk | When you get the new Tesla software update, go Ho Ho Ho. There’s an Easter egg inside the Easter egg, but it’s not funny.", "likes_count": 0, "replies_count": 0, "retweets_count": 0, "hashtags": []}
{"id": 944719120217583616, "date": "2017-12-23", "time": "18:59:24", "tweet": "@elonmusk 👍🏾👍🏾👍🏾 hell yeah!!  I've been waiting for my Christmas gift Elon. Merry Christmas and thanks!!", "likes_count": 1, "replies_count": 0, "retweets_count": 0, "hashtags": []}
{"id": 944719119676575744, "date": "2017-12-23", "time": "18:59:24", "tweet": "@glennford0 @elonmusk Hi ... it’s “Fly With Me” by Iration", "likes_count": 2, "replies_count": 1, "retweets_count": 0, "hashtags": []}
