{"id": 876227512438853632, "date": "2017-06-17", "time": "19:58:13", "tweet": "@jessecouch @elonmusk We get than the MARS token :-)", "likes_count": 0, "replies_count": 0, "retweets_count": 0, "hashtags": []}
{"id": 876227295412797440, "date": "2017-06-17", "time": "19:57:21", "tweet": "@elonmusk Hi I need your help. I want Direct James Cameron's e-mail address please.", "likes_count": 0, "replies_count": 0, "retweets_count": 0, "hashtags": []}
{"id": 876227122573987840, "date": "2017-06-17", "time": "19:56:40", "tweet": "@mcannonbrookes @davidjlu_ @elonmusk Haha a nice break from the usual game of thrones and suits references in problem questions", "likes_count": 0, "replies_count": 0, "retweets_count": 0, "hashtags": []}
{"id": 876226838632296448, "date": "2017-06-17", "time": "19:55:32", "tweet": "@elonmusk Job well done! Go Team Tesla!", "likes_count": 0, "replies_count": 0, "retweets_count": 0, "hashtags": []}
{"id": 876226760957763585, "date": "2017-06-17", "time": "19:55:13", "tweet": "This Email From Elon Musk to Tesla Employees Is a Master Class in Emotional Intelligence  https://t.co/Fzhv2uVrwH @mtb1611 @ScottsDavidson", "likes_count": 9, "replies_count": 1, "retweets_count": 2, "hashtags": []}
{"id": 876226724433756160, "date": "2017-06-17", "time": "19:55:05", "tweet": "@Ian_Sun @AJ @elonmusk There better not be any private PRE-ICO!", "likes_count": 1, "replies_count": 0, "retweets_count": 0, "hashtags": []}
{"id": 876226723259588608, "date": "2017-06-17", "time": "19:55:04", "tweet": "WATCH: Elon Musk Gives Behind the Scenes Look Inside Falcon Factory  https://t.co/x70wqFfaWi", "likes_count": 0, "replies_count": 0, "retweets_count": 0, "hashtags": []}
{"id": 876226708101353473, "date": "2017-06-17", "time": "19:55:01", "tweet": "@elonmusk did you allready decide whether to bring the #tesla gigafactory to #Estonia or not?? :)", "likes_count": 0, "replies_count": 0, "retweets_count": 0, "hashtags": ["tesla", "estonia"]}
{"id": 876226436419289088, "date": "2017-06-17", "time": "19:53:56", "tweet": "@elonmusk #ICO of course! It's the best way to fund development in the future.", "likes_count": 3, "replies_count": 1, "retweets_count": 0, "hashtags": ["ico"]}
{"id": 876226407575298049, "date": "2017-06-17", "time": "19:53:49", "tweet": "@elonmusk @stirgussa ah c magnifique", "likes_count": 1, "replies_count": 0, "retweets_count": 0, "hashtags": []}
{"id": 876226216218562560, "date": "2017-06-17", "time": "19:53:04", "tweet": "The 2 fiction books Elon Musk says made him more successful  https://t.co/SKMny0Oiug", "likes_count": 5, "replies_count": 0, "retweets_count": 2, "hashtags": []}
{"id": 876225999549206528, "date": "2017-06-17", "time": "19:52:12", "tweet": "Elon Musk Will Explain How He'll Pay for Us to Get to Mars … Soon  https://t.co/p8dRhD1xCA", "likes_count": 0, "replies_count": 0, "retweets_count": 0, "hashtags": []}
{"id": 876225760608104448, "date": "2017-06-17", "time": "19:51:15", "tweet": "Making Humans a Multi-Planetary Species -Elon Musk.  https://t.co/zb1qymyh79", "likes_count": 2, "replies_count": 1, "retweets_count": 1, "hashtags": []}
{"id": 876225462741200896, "date": "2017-06-17", "time": "19:50:04", "tweet": "\"When something is important enough, you do it even if the odds are not in your favor.\" -  Elon Musk  #quotes #Elonmusk #success", "likes_count": 1, "replies_count": 0, "retweets_count": 0, "hashtags": ["quotes", "elonmusk", "success"]}
{"id": 876225114655920128, "date": "2017-06-17", "time": "19:48:41", "tweet": "I liked a @YouTube video  https://t.co/hyqU3Fh5cE Elon Musk: How I Became The Real 'Iron Man'", "likes_count": 1, "replies_count": 0, "retweets_count": 1, "hashtags": []}
{"id": 876225001887858688, "date": "2017-06-17", "time": "19:48:14", "tweet": "I think it is possible for ordinary people to choose to be extraordinary. – Elon Musk #quote", "likes_count": 0, "replies_count": 0, "retweets_count": 0, "hashtags": ["quote"]}
{"id": 876224885013577728, "date": "2017-06-17", "time": "19:47:46", "tweet": "Tesla’s Elon Musk to attend National Governors Association meeting  https://t.co/4GoAKpmSyT via @reviewjournal", "likes_count": 0, "replies_count": 0, "retweets_count": 0, "hashtags": []}
{"id": 876224750908997633, "date": "2017-06-17", "time": "19:47:14", "tweet": "SpaceX's Mars Colony Plan: How Elon Musk Plans to Build a Million-Person Martian City  https://t.co/NeRMxTC2tn via @SPACEdotcom", "likes_count": 1, "replies_count": 1, "retweets_count": 2, "hashtags": []}
{"id": 876224379302158336, "date": "2017-06-17", "time": "19:45:46", "tweet": "Elon Musk: Automation Will Force Governments to Introduce Universal Basic Income  https://t.co/wmIWnPuqft via @Futurism", "likes_count": 0, "replies_count": 0, "retweets_count": 0, "hashtags": []}
{"id": 876224218521882625, "date": "2017-06-17", "time": "19:45:07", "tweet": "WATCH: Elon Musk Gives Behind the Scenes Look Inside Falcon Factory  https://t.co/XfvgvccsxG", "likes_count": 0, "replies_count": 0, "retweets_count": 0, "hashtags": []}
{"id": 876224198817067009, "date": "2017-06-17", "time": "19:45:03", "tweet": "Trumpwatch – How Elon Musk can overcome Trump’s climate-change obstinacy « The Daily Blog  https://t.co/vI9g73IriY #nzpol  https://t.co/7uCtyxSUep", "likes_count": 0, "replies_count": 0, "retweets_count": 1, "hashtags": ["nzpol"]}
{"id": 876224125706088453, "date": "2017-06-17", "time": "19:44:45", "tweet": "@elonmusk @richardbranson @RFascinato I just joined Twitter, my first tweet was my new solar panels, thanks Randy", "likes_count": 0, "replies_count": 0, "retweets_count": 0, "hashtags": []}
{"id": 876224120580603908, "date": "2017-06-17", "time": "19:44:44", "tweet": "@zaxvagen @ngrant26 @JaneidyEve @elonmusk @arstechnica @TeslaMotors @SpaceX You must be a rocket scientist.", "likes_count": 1, "replies_count": 0, "retweets_count": 0, "hashtags": []}
{"id": 876224118420414465, "date": "2017-06-17", "time": "19:44:43", "tweet": "A Look At Elon Musk's  https://t.co/wa4GtqmZt5", "likes_count": 1, "replies_count": 0, "retweets_count": 0, "hashtags": []}
{"id": 876223616391819264, "date": "2017-06-17", "time": "19:42:44", "tweet": "Top story: SpaceX: le plan d'Elon Musk pour coloniser Mars  https://t.co/THrz108XKU, see more  https://t.co/Rs1kYp77Xa", "likes_count": 0, "replies_count": 0, "retweets_count": 0, "hashtags": []}
{"id": 876223451425538050, "date": "2017-06-17", "time": "19:42:04", "tweet": "Elon Musk Details His Vision for a Human Civilization on Mars - Universe Today  https://t.co/80pYzc9SoD @storybywill @universetoday", "likes_count": 41, "replies_count": 1, "retweets_count": 21, "hashtags": []}
{"id": 876223417019764736, "date": "2017-06-17", "time": "19:41:56", "tweet": "@EtherOfEretz @elonmusk Then why is everyone so tes, la?", "likes_count": 0, "replies_count": 0, "retweets_count": 0, "hashtags": []}
{"id": 876223137842704384, "date": "2017-06-17", "time": "19:40:50", "tweet": "@elonmusk Would spacex pay for engineers to go if the engineers could work for spacex while there to pay back the cost of the trip?", "likes_count": 0, "replies_count": 0, "retweets_count": 0, "hashtags": []}
{"id": 876223080175214593, "date": "2017-06-17", "time": "19:40:36", "tweet": "Tu vep@elonmusk", "likes_count": 0, "replies_count": 0, "retweets_count": 0, "hashtags": []}
{"id": 876222691123920896, "date": "2017-06-17", "time": "19:39:03", "tweet": "@elonmusk Great work appreciated. U saved d life of Allah creation. Keep it up.", "likes_count": 0, "replies_count": 0, "retweets_count": 0, "hashtags": []}
{"id": 876222650464514048, "date": "2017-06-17", "time": "19:38:53", "tweet": "Elon Musk publishes #Mars-colonization plan: \"Making Humans a Multi-Planetary Species\"  https://t.co/I8IR8rOPnM +  https://t.co/dsBTrEuPRm", "likes_count": 0, "replies_count": 0, "retweets_count": 0, "hashtags": ["mars"]}
{"id": 876222457295720448, "date": "2017-06-17", "time": "19:38:07", "tweet": "Interestingly, @elonmusk will rightfully own #mars, #claiming1percent otherwise.", "likes_count": 0, "replies_count": 0, "retweets_count": 0, "hashtags": ["mars", "claiming1percent"]}
{"id": 876222260758978560, "date": "2017-06-17", "time": "19:37:21", "tweet": "@elonmusk This is porn.", "likes_count": 0, "replies_count": 0, "retweets_count": 0, "hashtags": []}
{"id": 876222177019867137, "date": "2017-06-17", "time": "19:37:01", "tweet": "Elon Musk Revela o Segredo do seu Sucesso  https://t.co/8KpNAWeJda #Empreendedorismo #Motivacao #Negocios", "likes_count": 0, "replies_count": 0, "retweets_count": 1, "hashtags": ["empreendedorismo", "motivacao", "negocios"]}
{"id": 876222107713060864, "date": "2017-06-17", "time": "19:36:44", "tweet": "Mantis Society Study Center: Elon Musk Details His Vision for a Human Civilizat...  https://t.co/kpp9srfrgm", "likes_count": 0, "replies_count": 0, "retweets_count": 0, "hashtags": []}
{"id": 876221900518830081, "date": "2017-06-17", "time": "19:35:55", "tweet": "6 wild details buried in Elon Musk's new paper about Mars @wheresKR  https://t.co/9ZSzmGrThs via @Inc", "likes_count": 0, "replies_count": 0, "retweets_count": 0, "hashtags": []}
{"id": 876221693198467072, "date": "2017-06-17", "time": "19:35:05", "tweet": "@elonmusk 😻👏", "likes_count": 0, "replies_count": 0, "retweets_count": 0, "hashtags": []}
{"id": 876221678996553729, "date": "2017-06-17", "time": "19:35:02", "tweet": "@adele_pascale You do indeed. You, Lorenzo Amoruso, John Cusack, Henry the 8th, Elon Musk and me. Best day ever", "likes_count": 1, "replies_count": 2, "retweets_count": 0, "hashtags": []}
{"id": 876221522024833024, "date": "2017-06-17", "time": "19:34:24", "tweet": "4 Times Elon Musk absolutely Rocked Twitter – And What You Can Learn From It  https://t.co/3eROiNe2ba  https://t.co/jUKYpgIeVL", "likes_count": 0, "replies_count": 0, "retweets_count": 0, "hashtags": []}
{"id": 876221076300341249, "date": "2017-06-17", "time": "19:32:38", "tweet": "@elonmusk All that technology and we have not Explorer the underwater possibilities are leaving and exploring.", "likes_count": 0, "replies_count": 0, "retweets_count": 0, "hashtags": []}
{"id": 876221017324003329, "date": "2017-06-17", "time": "19:32:24", "tweet": "@elonmusk is it possible to have an electric supersonic passenger airplane?", "likes_count": 1, "replies_count": 0, "retweets_count": 0, "hashtags": []}
{"id": 876220947069640705, "date": "2017-06-17", "time": "19:32:07", "tweet": "This Email From Elon Musk to Tesla Employees Is a Master Class in Emotional Intelligence  https://t.co/ShMt08LKE3", "likes_count": 0, "replies_count": 0, "retweets_count": 0, "hashtags": []}
{"id": 876220900282171392, "date": "2017-06-17", "time": "19:31:56", "tweet": "Happy to finally be doing my part @elonmusk @richardbranson Feels good to go solar #bluewaterenergy patiently waiting for my #Tesla3  https://t.co/MPuBUPyWzF", "likes_count": 1, "replies_count": 1, "retweets_count": 0, "hashtags": ["bluewaterenergy", "tesla3"]}
{"id": 876220764348985344, "date": "2017-06-17", "time": "19:31:24", "tweet": "@elonmusk The best service of any manufacturer hands down.   #xp90d #tesla", "likes_count": 0, "replies_count": 0, "retweets_count": 0, "hashtags": ["xp90d", "tesla"]}
{"id": 876220489571684352, "date": "2017-06-17", "time": "19:30:18", "tweet": "Elon Musk wants to link computers to our brains to prevent an existential threat to humanity  https://t.co/Rkr7DqjcDI", "likes_count": 0, "replies_count": 0, "retweets_count": 0, "hashtags": []}
{"id": 876220444952719360, "date": "2017-06-17", "time": "19:30:08", "tweet": "Elon Musk: El nuevo #Tesla Roadster puede recorrer unas 400 millas con una sola carga  https://t.co/4VD25amqbc", "likes_count": 0, "replies_count": 0, "retweets_count": 0, "hashtags": ["tesla"]}
{"id": 876220320893419520, "date": "2017-06-17", "time": "19:29:38", "tweet": "Trump Reports Income Of $594 Million, Net Worth Of At Least $1.1 Billion | Zero Hedge  https://t.co/il8WPVamP4 Not in top 100. Elon Musk #100", "likes_count": 0, "replies_count": 0, "retweets_count": 0, "hashtags": []}
{"id": 876220103322468353, "date": "2017-06-17", "time": "19:28:46", "tweet": "4 Times Elon Musk absolutely Rocked Twitter – And What You Can Learn From It  https://t.co/en3hppDnwe  https://t.co/UasdTmSyHM", "likes_count": 0, "replies_count": 0, "retweets_count": 1, "hashtags": []}
{"id": 876220078030819330, "date": "2017-06-17", "time": "19:28:40", "tweet": "Elon Musk has published an outline of his audacious plan to colonize Mars with a million peop…  https://t.co/2CxlL8AVtM", "likes_count": 0, "replies_count": 0, "retweets_count": 0, "hashtags": []}
{"id": 876219916789174272, "date": "2017-06-17", "time": "19:28:02", "tweet": "Elon Musk is a cool dude, his cars are cool too:  https://t.co/0PkVvGVt0h via @YouTube", "likes_count": 0, "replies_count": 0, "retweets_count": 0, "hashtags": []}
{"id": 876219623900942336, "date": "2017-06-17", "time": "19:26:52", "tweet": "4 Times Elon Musk absolutely Rocked Twitter – And What You Can Learn From It  https://t.co/yUGWxcjCr3  https://t.co/qOYrpg3L56", "likes_count": 2, "replies_count": 0, "retweets_count": 0, "hashtags": []}
{"id": 876219574898872320, "date": "2017-06-17", "time": "19:26:40", "tweet": "@elonmusk Is the kitten up for adoption? I want to adopt ....", "likes_count": 0, "replies_count": 0, "retweets_count": 0, "hashtags": []}
{"id": 876219487057358848, "date": "2017-06-17", "time": "19:26:19", "tweet": "A kitten needed some purr-suasion to get out of a tight spot -- in a #Tesla Model X's rear bumper!  https://t.co/CSrE5O1wyq via @elonmusk", "likes_count": 0, "replies_count": 0, "retweets_count": 0, "hashtags": ["tesla"]}
{"id": 876219224435437570, "date": "2017-06-17", "time": "19:25:17", "tweet": "How Elon Musk schedules his time between Tesla, SpaceX, Neuralink, OpenAI, and Boring  https://t.co/swrBQoI337 #ElonMusk #Tesla #SpaceX #AI  https://t.co/4xMdTGsuTu", "likes_count": 3, "replies_count": 0, "retweets_count": 1, "hashtags": ["elonmusk", "tesla", "spacex", "ai"]}
{"id": 876219031988129793, "date": "2017-06-17", "time": "19:24:31", "tweet": "Top story: SpaceX: le plan d'Elon Musk pour coloniser Mars  https://t.co/pNEIR7PjXj, see more  https://t.co/sI9PxgV2Jd", "likes_count": 0, "replies_count": 0, "retweets_count": 0, "hashtags": []}
{"id": 876218971359465472, "date": "2017-06-17", "time": "19:24:16", "tweet": "What will the future look like? Elon Musk speaks at TED2017  https://t.co/PguyT4UNzB", "likes_count": 0, "replies_count": 0, "retweets_count": 0, "hashtags": []}
{"id": 876218675212070912, "date": "2017-06-17", "time": "19:23:06", "tweet": "@elonmusk Well you guys are rescuing many animals and the planet too(even though forces of orange evil are strong) keep going on! For this one though🙌", "likes_count": 0, "replies_count": 0, "retweets_count": 0, "hashtags": []}
{"id": 876218633143242753, "date": "2017-06-17", "time": "19:22:56", "tweet": "@alechp @ken_wheeler @elonmusk Flying cars would be easier underwater.", "likes_count": 4, "replies_count": 1, "retweets_count": 0, "hashtags": []}
{"id": 876218406688628736, "date": "2017-06-17", "time": "19:22:02", "tweet": "This Email From Elon Musk to Tesla Employees Is a Master Class in Emotional Intelligence |  https://t.co/7VtnQznPAS  https://t.co/GPRoSkozsL", "likes_count": 0, "replies_count": 0, "retweets_count": 0, "hashtags": []}
{"id": 876218373037854722, "date": "2017-06-17", "time": "19:21:54", "tweet": "\"If they don't want you to get inside, you ought to build it better.\" - Harold @PersonInterest   #Tech #IA #Mars  @elonmusk", "likes_count": 0, "replies_count": 0, "retweets_count": 0, "hashtags": ["tech", "ia", "mars"]}
{"id": 876218274085822465, "date": "2017-06-17", "time": "19:21:30", "tweet": "I liked a @YouTube video  https://t.co/vFxLaBWXpk Meet the Man Building Elon Musk's 760MPH Hyperloop: Interview with Dirk Ahlborn", "likes_count": 0, "replies_count": 0, "retweets_count": 0, "hashtags": []}
{"id": 876218137753997312, "date": "2017-06-17", "time": "19:20:58", "tweet": "@elonmusk please promote a sensible transportation system to your factory promote high density housing. Oppose the sprawl that is occurring", "likes_count": 0, "replies_count": 0, "retweets_count": 0, "hashtags": []}
{"id": 876217956086185984, "date": "2017-06-17", "time": "19:20:14", "tweet": "@elonmusk . I I n ki ok to it sw my", "likes_count": 0, "replies_count": 0, "retweets_count": 0, "hashtags": []}
{"id": 876217955482075136, "date": "2017-06-17", "time": "19:20:14", "tweet": "“lead from the front line, not from some safe and comfortable ivory tower.” Elon Musk in a letter on safety to his employees 👏🏼  https://t.co/bvrDIGJzaw", "likes_count": 5, "replies_count": 0, "retweets_count": 1, "hashtags": []}
{"id": 876217929527721984, "date": "2017-06-17", "time": "19:20:08", "tweet": "@elonmusk the desert   I'm a reno resident and while jobs are good what is happening in reno to the environment is unconscionable.", "likes_count": 0, "replies_count": 0, "retweets_count": 0, "hashtags": []}
{"id": 876217814570459137, "date": "2017-06-17", "time": "19:19:40", "tweet": "@elonmusk Electrikitty?", "likes_count": 1, "replies_count": 0, "retweets_count": 0, "hashtags": []}
{"id": 876217764809232385, "date": "2017-06-17", "time": "19:19:29", "tweet": "This email from Elon Musk to Tesla employees is a master class in emotional intelligence  https://t.co/fuqAkhHpbb", "likes_count": 0, "replies_count": 0, "retweets_count": 0, "hashtags": []}
{"id": 876217707137347584, "date": "2017-06-17", "time": "19:19:15", "tweet": "@elonmusk you have promoted environmental consciousness yet your building near reno promotes driving is far from housing &amp; is paving over", "likes_count": 0, "replies_count": 0, "retweets_count": 0, "hashtags": []}
{"id": 876217649298120704, "date": "2017-06-17", "time": "19:19:01", "tweet": "A kitten needed some purr-suasion to get out of a tight spot -- in a #Tesla Model X's rear bumper!  https://t.co/kqfhIOqvPz via @elonmusk", "likes_count": 4, "replies_count": 0, "retweets_count": 0, "hashtags": ["tesla"]}
{"id": 876217635637141504, "date": "2017-06-17", "time": "19:18:58", "tweet": " https://t.co/UN9s9zodtC researchers only need 8 million dollars to help ease the burden of kidney failure. @BillGates, @elonmusk interested?", "likes_count": 1, "replies_count": 0, "retweets_count": 1, "hashtags": []}
{"id": 876217426567933952, "date": "2017-06-17", "time": "19:18:08", "tweet": "@elonmusk They say it rains diamond on Saturn make a remote control front end loader and go get some.", "likes_count": 0, "replies_count": 0, "retweets_count": 0, "hashtags": []}
{"id": 876217106035081220, "date": "2017-06-17", "time": "19:16:52", "tweet": "@elonmusk hello, are you available for a few questions via DM?", "likes_count": 0, "replies_count": 0, "retweets_count": 0, "hashtags": []}
{"id": 876216995871674368, "date": "2017-06-17", "time": "19:16:25", "tweet": "How Elon Musk and 3 other highly-successful business leaders stay productive  https://t.co/7cR2NkmtXm", "likes_count": 0, "replies_count": 0, "retweets_count": 0, "hashtags": []}
{"id": 876216821338263553, "date": "2017-06-17", "time": "19:15:44", "tweet": "@NatlParkService @elonmusk @Ford @GM Challenge - in 10 years have only electric cars, trucks, RVs permitted in our national parks", "likes_count": 0, "replies_count": 0, "retweets_count": 0, "hashtags": []}
{"id": 876216039251492864, "date": "2017-06-17", "time": "19:12:37", "tweet": "@spacex @elonmusk I have a future worker for you!  https://t.co/m3kjeRV0Sz", "likes_count": 0, "replies_count": 0, "retweets_count": 0, "hashtags": []}
{"id": 876215893931511808, "date": "2017-06-17", "time": "19:12:03", "tweet": "Elon Musk Just Published His Plan to Colonize Mars  https://t.co/PHod91H3F5 via @Futurism", "likes_count": 0, "replies_count": 0, "retweets_count": 0, "hashtags": []}
{"id": 876215573352337408, "date": "2017-06-17", "time": "19:10:46", "tweet": "@elonmusk Elon, you are amazing. Your solar roofing application will be world wide success!", "likes_count": 1, "replies_count": 0, "retweets_count": 0, "hashtags": []}
{"id": 876215486056419328, "date": "2017-06-17", "time": "19:10:25", "tweet": "Elon Musk: La primera civilización humana en Marte podría establecerse en 100 años - El Comercio  https://t.co/vJxhynVvLF", "likes_count": 0, "replies_count": 0, "retweets_count": 0, "hashtags": []}
{"id": 876215418452676608, "date": "2017-06-17", "time": "19:10:09", "tweet": "@elonmusk here is a referral code for a Tesla.  You get free Supercharging and $1,400 off.", "likes_count": 0, "replies_count": 0, "retweets_count": 0, "hashtags": []}
{"id": 876215381735735297, "date": "2017-06-17", "time": "19:10:00", "tweet": "True leaders, #lead-Elon Musk Sent an Extraordinary Email to Employees--and Taught a Major Lesson in Leadership  https://t.co/MUwCCYA3hz", "likes_count": 0, "replies_count": 0, "retweets_count": 0, "hashtags": ["lead"]}
