{"id": 914278539469426689, "date": "2017-09-30", "time": "19:59:24", "tweet": "Elon Musk Wants to Use Rockets to Fly Between Cities in Minutes  https://t.co/nfULLoEA4g", "likes_count": 0, "replies_count": 0, "retweets_count": 0, "hashtags": []}
{"id": 914278371999178753, "date": "2017-09-30", "time": "19:58:45", "tweet": "Elon Musk's Big Fucking Rocket to Mars is his most ambitious yet  https://t.co/M6B4iPe40o", "likes_count": 0, "replies_count": 0, "retweets_count": 0, "hashtags": []}
{"id": 914278143900360704, "date": "2017-09-30", "time": "19:57:50", "tweet": "@DrPhiltill Nominating #ElonMusk code name as #RocketMan. Personally I think moonbase should proceed Marsbase and serve as launch platform for Mars", "likes_count": 1, "replies_count": 0, "retweets_count": 0, "hashtags": ["elonmusk", "rocketman"]}
{"id": 914278121397874688, "date": "2017-09-30", "time": "19:57:45", "tweet": "The Boring Company- Elon Musk  #ElonMusk #tech #technology #follo4folloback #follo4follo #gadgets #news #Robotics  https://t.co/tiWFT6e3tp", "likes_count": 0, "replies_count": 0, "retweets_count": 0, "hashtags": ["elonmusk", "tech", "technology", "follo4folloback", "follo4follo", "gadgets", "news", "robotics"]}
{"id": 914278070378360832, "date": "2017-09-30", "time": "19:57:33", "tweet": "@PeteDominick how cool wld it be if @elonmusk sent a shit-ton of panels &amp; powerwalls to PR 🇵🇷? Bonus:Wld make @potus look impotent", "likes_count": 0, "replies_count": 0, "retweets_count": 0, "hashtags": []}
{"id": 914278000866287616, "date": "2017-09-30", "time": "19:57:16", "tweet": "New post: \"How Crazy Is Elon Musk's Hypersonic Space Rocket Airline?\"  https://t.co/LlQg40Kbsb", "likes_count": 0, "replies_count": 0, "retweets_count": 0, "hashtags": []}
{"id": 914277917114327040, "date": "2017-09-30", "time": "19:56:56", "tweet": "@elonmusk I'll pay double if there's a rendezvous to the moon.... weeeeeee !!", "likes_count": 0, "replies_count": 0, "retweets_count": 0, "hashtags": []}
{"id": 914277809068978178, "date": "2017-09-30", "time": "19:56:30", "tweet": "@SpaceX @elonmusk Looks like the day dreaming drawings I used to do as a kid. This and underwater \"dome cities\" and bubble vehicles.", "likes_count": 0, "replies_count": 0, "retweets_count": 0, "hashtags": []}
{"id": 914277796633042944, "date": "2017-09-30", "time": "19:56:27", "tweet": "Elon Musk proposes city-to-city travel by rocket, right here on Earth  https://t.co/DnR5lYvOyi via @Verge", "likes_count": 0, "replies_count": 0, "retweets_count": 0, "hashtags": []}
{"id": 914277793130860544, "date": "2017-09-30", "time": "19:56:26", "tweet": "Elon Musk muestra cómo será la colonización de Marte (vídeo)  https://t.co/Qc3AncEjMB", "likes_count": 0, "replies_count": 0, "retweets_count": 0, "hashtags": []}
{"id": 914277741393977346, "date": "2017-09-30", "time": "19:56:14", "tweet": "Tesla Self Driving Revolution: Jim Keller joins #ElonMusk #ElonMusk  https://t.co/SUUiFwbJ29  https://t.co/ngvO6jOcaF", "likes_count": 0, "replies_count": 0, "retweets_count": 0, "hashtags": ["elonmusk", "elonmusk"]}
{"id": 914277738055208960, "date": "2017-09-30", "time": "19:56:13", "tweet": "#ElonMusk bought $100 million more worth of Tesla this week #ElonMusk  https://t.co/vvkbJmXmw4  https://t.co/hBKODZ7PcF", "likes_count": 0, "replies_count": 0, "retweets_count": 0, "hashtags": ["elonmusk", "elonmusk"]}
{"id": 914277732372148224, "date": "2017-09-30", "time": "19:56:12", "tweet": "@elonmusk what songs have you been jamming to lately?", "likes_count": 0, "replies_count": 0, "retweets_count": 0, "hashtags": []}
{"id": 914277575261749248, "date": "2017-09-30", "time": "19:55:35", "tweet": "@JohnLegere @elonmusk \"Can I use it for free?\" - #TomPrice", "likes_count": 0, "replies_count": 0, "retweets_count": 0, "hashtags": ["tomprice"]}
{"id": 914277531926241280, "date": "2017-09-30", "time": "19:55:24", "tweet": "Elon Musk proposes city-to-city travel by rocket, right here on Earth - The Verge Ambitious as ever...  https://t.co/dG2mgC4L4N", "likes_count": 0, "replies_count": 0, "retweets_count": 0, "hashtags": []}
{"id": 914277384328794112, "date": "2017-09-30", "time": "19:54:49", "tweet": "Your moment of #STEM: @Tesla to ship #powerwall batteries, aid #PuertoRicoRelief. This is leadership. H/T @elonmusk   https://t.co/w9YaASR33v", "likes_count": 0, "replies_count": 0, "retweets_count": 1, "hashtags": ["stem", "powerwall", "puertoricorelief"]}
{"id": 914277313981841408, "date": "2017-09-30", "time": "19:54:32", "tweet": "Elon Musk reajusta sus planes para llegar a Marte en 2022.  https://t.co/hjlSO3tIQQ", "likes_count": 0, "replies_count": 0, "retweets_count": 0, "hashtags": []}
{"id": 914277256784048129, "date": "2017-09-30", "time": "19:54:19", "tweet": "@elonmusk Crazy and scary..But why not? use it for overnight shipping!", "likes_count": 0, "replies_count": 0, "retweets_count": 0, "hashtags": []}
{"id": 914277098172362752, "date": "2017-09-30", "time": "19:53:41", "tweet": "Higher than Elon Musk So high stars eat our dust And I got a colorful aura Like I got neon guts", "likes_count": 0, "replies_count": 0, "retweets_count": 0, "hashtags": []}
{"id": 914277077393666050, "date": "2017-09-30", "time": "19:53:36", "tweet": "@n_ouz Google kurucularından Larry Page; \"Servetimi bir hayır kurumuna bırakacağıma Elon Musk'a veririm. ±", "likes_count": 0, "replies_count": 1, "retweets_count": 0, "hashtags": []}
{"id": 914277038013399040, "date": "2017-09-30", "time": "19:53:26", "tweet": "@elonmusk I'm 14 and you're my inspiration. I used to mess around in school but your morality has given me the thought of change as I am sitting my first GCSE's this year. Thanks so much for being the man you are.", "likes_count": 0, "replies_count": 0, "retweets_count": 0, "hashtags": []}
{"id": 914277034079039493, "date": "2017-09-30", "time": "19:53:26", "tweet": "Elon Musk Still Isn't Answering The Most Important Questions About Mars by @payoletter  https://t.co/CAgxKAUkhG via @inversedotcom", "likes_count": 6, "replies_count": 1, "retweets_count": 2, "hashtags": []}
{"id": 914277005754953728, "date": "2017-09-30", "time": "19:53:19", "tweet": "Elon Musk's promised 100-megawatt battery in 100 days for South Australia is underway   https://t.co/KnpwrrNbgt", "likes_count": 2, "replies_count": 0, "retweets_count": 2, "hashtags": []}
{"id": 914277001720139776, "date": "2017-09-30", "time": "19:53:18", "tweet": "Rocket will eventually carry people around earth and to Mars: Elon Musk  https://t.co/z2U4PztDMO", "likes_count": 0, "replies_count": 0, "retweets_count": 0, "hashtags": []}
{"id": 914276938587475968, "date": "2017-09-30", "time": "19:53:03", "tweet": "@JohnLegere @elonmusk Cool cool cool cool cool.  I'm waiting for instant transmission.", "likes_count": 0, "replies_count": 0, "retweets_count": 0, "hashtags": []}
{"id": 914276722249519106, "date": "2017-09-30", "time": "19:52:11", "tweet": "I liked a @YouTube video  https://t.co/auSFvQoCs2 GTX 1070 Ti launch date, USB 3.2 released, Elon Musk's Big F***ing Rocket", "likes_count": 0, "replies_count": 0, "retweets_count": 0, "hashtags": []}
{"id": 914276717971337216, "date": "2017-09-30", "time": "19:52:10", "tweet": "Rocket will eventually carry people around earth and to Mars: Elon Musk  https://t.co/3qlk3dMiWH", "likes_count": 0, "replies_count": 0, "retweets_count": 0, "hashtags": []}
{"id": 914276550891180033, "date": "2017-09-30", "time": "19:51:30", "tweet": "@NicoMartelle @elonmusk Ton discours ressemble maintenant à celui d'un complotiste  https://t.co/yHUixoM8te", "likes_count": 0, "replies_count": 0, "retweets_count": 0, "hashtags": []}
{"id": 914276463343411200, "date": "2017-09-30", "time": "19:51:09", "tweet": "@elonmusk When I hold the top of my fob down it locks my Model S but doesn't close windows. Can you fix that pls #tesla #models #toca", "likes_count": 0, "replies_count": 0, "retweets_count": 0, "hashtags": ["tesla", "models", "toca"]}
{"id": 914276358481571840, "date": "2017-09-30", "time": "19:50:44", "tweet": "@cnni @elonmusk     Solar pls", "likes_count": 0, "replies_count": 0, "retweets_count": 0, "hashtags": []}
{"id": 914275997268217857, "date": "2017-09-30", "time": "19:49:18", "tweet": "@JohnLegere @elonmusk P.S. That's me in my climbing tent, hitching a ride on the back. AS if", "likes_count": 0, "replies_count": 0, "retweets_count": 0, "hashtags": []}
{"id": 914275963109769217, "date": "2017-09-30", "time": "19:49:10", "tweet": "@sroemerm @JohnLegere @elonmusk Rocket travel comes with free bag teleportation to your destination.", "likes_count": 0, "replies_count": 0, "retweets_count": 0, "hashtags": []}
{"id": 914275860403892224, "date": "2017-09-30", "time": "19:48:46", "tweet": "@JohnLegere @elonmusk that man is crazy, good crazy, but fucking crazy!", "likes_count": 0, "replies_count": 0, "retweets_count": 0, "hashtags": []}
{"id": 914275841126879232, "date": "2017-09-30", "time": "19:48:41", "tweet": "LifeboatHQ: Elon Musk: SpaceX Is Coming for Mars in 2022  https://t.co/cxZ77ABefu  https://t.co/PJ5hHdIVKb", "likes_count": 0, "replies_count": 0, "retweets_count": 0, "hashtags": []}
{"id": 914275837100347392, "date": "2017-09-30", "time": "19:48:40", "tweet": "LifeboatHQ: Elon Musk Named SpaceX’s Moonbase After a Cult Sci-Fi Classic  https://t.co/qo90O4OBpX  https://t.co/558gTS3EGT", "likes_count": 0, "replies_count": 0, "retweets_count": 0, "hashtags": []}
{"id": 914275803394920448, "date": "2017-09-30", "time": "19:48:32", "tweet": "#A_Promise_Made  #Telsa CEO Elon Musk has announced his contract with South Australia to build a 100-megawatt...  https://t.co/NvAahYNRSg", "likes_count": 0, "replies_count": 0, "retweets_count": 0, "hashtags": ["a_promise_made", "telsa"]}
{"id": 914275740534935553, "date": "2017-09-30", "time": "19:48:17", "tweet": "@JohnLegere @elonmusk Ummm, you go first John ?  https://t.co/hEdSfcC2Y2", "likes_count": 0, "replies_count": 0, "retweets_count": 0, "hashtags": []}
{"id": 914275737405984769, "date": "2017-09-30", "time": "19:48:16", "tweet": "Watch Elon Musk reveal SpaceX's most detailed plans to colonize Mars  https://t.co/AYQTo43Qcd via videos", "likes_count": 0, "replies_count": 0, "retweets_count": 0, "hashtags": []}
{"id": 914275717071998976, "date": "2017-09-30", "time": "19:48:12", "tweet": "Rocket will eventually carry people around earth and to Mars: Elon Musk  https://t.co/r024KSHEU3", "likes_count": 0, "replies_count": 0, "retweets_count": 0, "hashtags": []}
{"id": 914275684050141184, "date": "2017-09-30", "time": "19:48:04", "tweet": "@JunkScience @elonmusk What exactly is inside solar panels?  With the total destruction Puerto Rico, is there anything inside a panel that would be hazardous?", "likes_count": 1, "replies_count": 0, "retweets_count": 0, "hashtags": []}
