{"id": 835640221978918912, "date": "2017-02-25", "time": "18:58:49", "tweet": ".@ElonMusk @TeslaMotors: Don't enable fascism. Get off @RealDonaldTrump’s advisory councils.  https://t.co/FWC1pCvhRm via @CREDOMobile", "likes_count": 0, "replies_count": 0, "retweets_count": 0, "hashtags": []}
{"id": 835640207319904257, "date": "2017-02-25", "time": "18:58:45", "tweet": "@NIRPUmbrella @CoachCoreyWayne @elonmusk Because you believed in your dreams.", "likes_count": 0, "replies_count": 0, "retweets_count": 0, "hashtags": []}
{"id": 835639684051054592, "date": "2017-02-25", "time": "18:56:40", "tweet": "@ElonMuskNewsOrg @elonmusk when are we getting an update on the pick-up truck?", "likes_count": 0, "replies_count": 0, "retweets_count": 0, "hashtags": []}
{"id": 835639606141865984, "date": "2017-02-25", "time": "18:56:22", "tweet": "Guess again what I would #prefer, @ElonMusk. #FrozenYoghurt at work? Or, maybe higher #salary? For #FrozenYoghurt?  https://t.co/REr6NRCZCw", "likes_count": 0, "replies_count": 0, "retweets_count": 0, "hashtags": ["prefer", "frozenyoghurt", "salary", "frozenyoghurt"]}
{"id": 835639394992340992, "date": "2017-02-25", "time": "18:55:31", "tweet": "@73drewsky @teslatidbits @ElectrekCo @talkingtesla @elonmusk I'm with you Drew, thought he put the nail in that coffin on the call.", "likes_count": 0, "replies_count": 0, "retweets_count": 0, "hashtags": []}
{"id": 835639092209729536, "date": "2017-02-25", "time": "18:54:19", "tweet": "Elon Musk addresses working condition claims in Tesla staff-wide email. Socially responsible co.  https://t.co/f6KNxs9XrW # via @techcrunch", "likes_count": 0, "replies_count": 0, "retweets_count": 0, "hashtags": []}
{"id": 835639013495164929, "date": "2017-02-25", "time": "18:54:00", "tweet": "Can @elonmusk develop a #Hyperloop between Colorado and Arizona by Monday? This should be fascinating.  https://t.co/Vp8lfUnPPc", "likes_count": 0, "replies_count": 0, "retweets_count": 0, "hashtags": ["hyperloop"]}
{"id": 835639002984128512, "date": "2017-02-25", "time": "18:53:58", "tweet": "Guess what I would #prefer, @ElonMusk. #FrozenYoghurt at work? Or, potentially more #FamilyTime?  https://t.co/REr6NRCZCw", "likes_count": 0, "replies_count": 0, "retweets_count": 0, "hashtags": ["prefer", "frozenyoghurt", "familytime"]}
{"id": 835638753016197120, "date": "2017-02-25", "time": "18:52:58", "tweet": "@elonmusk oh I don't know, they have their ups and downs....😉", "likes_count": 0, "replies_count": 0, "retweets_count": 0, "hashtags": []}
{"id": 835638276950118400, "date": "2017-02-25", "time": "18:51:05", "tweet": "Elon Musk's Net Worth Falls $500 Million In Two Days Following Latest Earnings Report - Forbes  https://t.co/QLUpJvEDyC", "likes_count": 0, "replies_count": 0, "retweets_count": 0, "hashtags": []}
{"id": 835638273800208385, "date": "2017-02-25", "time": "18:51:04", "tweet": "Tesla’s solar roof to cost less than a regular roof – even before energy production, says Elon Musk  https://t.co/okUpKIXV0A", "likes_count": 0, "replies_count": 0, "retweets_count": 0, "hashtags": []}
{"id": 835638255542386690, "date": "2017-02-25", "time": "18:51:00", "tweet": "5 Habits That Made Elon Musk an Innovator  https://t.co/A5znwIQPxn", "likes_count": 0, "replies_count": 0, "retweets_count": 0, "hashtags": []}
{"id": 835637935294844929, "date": "2017-02-25", "time": "18:49:43", "tweet": "Elon Musk made his BILLIONS thanks to reading these 8 books including Lord of the Rings  https://t.co/5Sr5KNLGWu", "likes_count": 0, "replies_count": 0, "retweets_count": 0, "hashtags": []}
{"id": 835637932157505538, "date": "2017-02-25", "time": "18:49:43", "tweet": "@elonmusk @TeslaMotors Using art to fund some exciting robotics - accepting commissions ;)  https://t.co/RQqgjyeq8i", "likes_count": 1, "replies_count": 0, "retweets_count": 0, "hashtags": []}
{"id": 835637917225668608, "date": "2017-02-25", "time": "18:49:39", "tweet": "We need a @neiltyson vs @elonmusk debate", "likes_count": 0, "replies_count": 0, "retweets_count": 0, "hashtags": []}
{"id": 835637661628940288, "date": "2017-02-25", "time": "18:48:38", "tweet": "@elonmusk Should we anticipate a rollercoaster company?", "likes_count": 0, "replies_count": 0, "retweets_count": 0, "hashtags": []}
{"id": 835637373115359232, "date": "2017-02-25", "time": "18:47:29", "tweet": "@elonmusk has a spreadsheet for that. Ridiculous article, just writing for the sake of ad clicks.  https://t.co/DZL7dwS5J4", "likes_count": 0, "replies_count": 0, "retweets_count": 0, "hashtags": []}
{"id": 835636952229621760, "date": "2017-02-25", "time": "18:45:49", "tweet": "@TeslaMotors @elonmusk  https://t.co/HFdUq7v9Hv", "likes_count": 0, "replies_count": 0, "retweets_count": 0, "hashtags": []}
{"id": 835636887884804097, "date": "2017-02-25", "time": "18:45:34", "tweet": "Sobre, discrète et surtout au niveau sonore(@elonmusk), confortable, ... On ne voit pas les kilomètres/miles défiler 😍. Merci @TeslaMotors  https://t.co/GsOsYpWoxI", "likes_count": 0, "replies_count": 0, "retweets_count": 0, "hashtags": []}
{"id": 835636795584958464, "date": "2017-02-25", "time": "18:45:12", "tweet": "Elon Musk thinks unions are bad for Tesla  https://t.co/zGGsqWTkw9", "likes_count": 0, "replies_count": 0, "retweets_count": 0, "hashtags": []}
