{"id": 921888785524232193, "date": "2017-10-21", "time": "19:59:48", "tweet": "Gerard Butler designed and built a series of satellites that saved Earth and he’s not Elon Musk famous. He lives in a trailer in Florida", "likes_count": 1, "replies_count": 1, "retweets_count": 0, "hashtags": []}
{"id": 921888726011269121, "date": "2017-10-21", "time": "19:59:34", "tweet": "washingtonpost: Tunnel for Elon Musk’s East Coast Hyperloop promised in Maryland  https://t.co/JtXkdawil5", "likes_count": 0, "replies_count": 0, "retweets_count": 0, "hashtags": []}
{"id": 921888629483376641, "date": "2017-10-21", "time": "19:59:11", "tweet": "Maryland gives Elon Musk conditional OK to bore Hyperloop tunnel  https://t.co/VDqfHRPwbY  https://t.co/qypGyibqzd", "likes_count": 0, "replies_count": 0, "retweets_count": 3, "hashtags": []}
{"id": 921888587548909568, "date": "2017-10-21", "time": "19:59:01", "tweet": "@elonmusk Hi.What do u thinkof hydrogencar?I think it’s btter solution fr cntry lik mind nd our electrical prdction insufficient in freefall", "likes_count": 0, "replies_count": 0, "retweets_count": 0, "hashtags": []}
{"id": 921888583719452672, "date": "2017-10-21", "time": "19:59:00", "tweet": "@elonmusk A Plea from Iceland to Tesla.  https://t.co/34unnaY5Do - and a few Superchargers, please.", "likes_count": 1, "replies_count": 0, "retweets_count": 1, "hashtags": []}
{"id": 921888180458188802, "date": "2017-10-21", "time": "19:57:24", "tweet": "#ElonMusk gets permission to begin Boring Co. digging in Maryland  https://t.co/deBjA9VJRE via @techcrunch #transportation #infrastructure", "likes_count": 0, "replies_count": 0, "retweets_count": 0, "hashtags": ["elonmusk", "transportation", "infrastructure"]}
{"id": 921888156173168640, "date": "2017-10-21", "time": "19:57:18", "tweet": "@elonmusk @nextspaceflight @jamesbarr1991 Yeah but could The Great Detective find what happened to my AP2 auto wipers?", "likes_count": 0, "replies_count": 0, "retweets_count": 0, "hashtags": []}
{"id": 921888068079988737, "date": "2017-10-21", "time": "19:56:57", "tweet": "@KingCrocoduck @Chartoc Maybe Elon Musk will build a time machine!", "likes_count": 0, "replies_count": 0, "retweets_count": 0, "hashtags": []}
{"id": 921888048878534656, "date": "2017-10-21", "time": "19:56:53", "tweet": "@elonmusk brain, because truthfully you are one extraordinary person. Anyway hope you see this and good luck with everything you do.", "likes_count": 0, "replies_count": 0, "retweets_count": 0, "hashtags": []}
{"id": 921887755566587904, "date": "2017-10-21", "time": "19:55:43", "tweet": "@elonmusk Space X, tesla and solar city is simply amazing. This world needs more people like you and I'd love to one day sit down and pick your", "likes_count": 0, "replies_count": 0, "retweets_count": 0, "hashtags": []}
{"id": 921887639862763521, "date": "2017-10-21", "time": "19:55:15", "tweet": "@elonmusk How many hats are ya at?", "likes_count": 0, "replies_count": 0, "retweets_count": 0, "hashtags": []}
{"id": 921887426473103360, "date": "2017-10-21", "time": "19:54:24", "tweet": "@elonmusk I doubt you will ever see this but why not give it a shot... I just wanted to let you no that I think what your doing with", "likes_count": 0, "replies_count": 2, "retweets_count": 0, "hashtags": []}
{"id": 921887330230833152, "date": "2017-10-21", "time": "19:54:02", "tweet": "Model 3 in Long Island New York this evening.  #model3 #tesla #longisland #newyork #elonmusk  https://t.co/rbHsPJevSs", "likes_count": 0, "replies_count": 0, "retweets_count": 0, "hashtags": ["model3", "tesla", "longisland", "newyork", "elonmusk"]}
{"id": 921887327764598784, "date": "2017-10-21", "time": "19:54:01", "tweet": "Elon Musk’s AI robots are getting physical smarter than you think. Imagine Sumo wrestler artificial robots.   https://t.co/mZXbQeGYPp @sai", "likes_count": 0, "replies_count": 0, "retweets_count": 0, "hashtags": []}
{"id": 921887227533320192, "date": "2017-10-21", "time": "19:53:37", "tweet": "Fuck Elon musk  https://t.co/yiTpWTyWoH", "likes_count": 0, "replies_count": 0, "retweets_count": 0, "hashtags": []}
{"id": 921887035148914688, "date": "2017-10-21", "time": "19:52:51", "tweet": "Tunnel for Elon Musk’s East Coast Hyperloop promised in Maryland  https://t.co/DCkWD40iF9", "likes_count": 0, "replies_count": 0, "retweets_count": 0, "hashtags": []}
{"id": 921886971085180928, "date": "2017-10-21", "time": "19:52:36", "tweet": "Tunnel for Elon Musk’s East Coast Hyperloop promised in Maryland  https://t.co/L27VRI6zpN", "likes_count": 0, "replies_count": 0, "retweets_count": 0, "hashtags": []}
{"id": 921886670865272832, "date": "2017-10-21", "time": "19:51:24", "tweet": "How Do Your Eating Habits Compare to Warren Buffett, Elon Musk and Mark Zuckerberg?  https://t.co/lodAo4qHMj #Employee #Success  https://t.co/wVsXP91yoo", "likes_count": 1, "replies_count": 0, "retweets_count": 0, "hashtags": ["employee", "success"]}
{"id": 921886114197266432, "date": "2017-10-21", "time": "19:49:12", "tweet": ".@elonmusk now is your chance! One of your few fave non electrics. Just insure this one ;)  https://t.co/U8KYVEXpyf", "likes_count": 1, "replies_count": 0, "retweets_count": 0, "hashtags": []}
{"id": 921886080479252480, "date": "2017-10-21", "time": "19:49:04", "tweet": "Tunnel for Elon Musk’s East Coast Hyperloop promised in Maryland  https://t.co/5KW4FDA4na", "likes_count": 162, "replies_count": 14, "retweets_count": 74, "hashtags": []}
