{"id": 853397403004788738, "date": "2017-04-15", "time": "19:59:30", "tweet": "Thank you @elonmusk I invested in only your companies and took first in the stock market game", "likes_count": 11, "replies_count": 0, "retweets_count": 2, "hashtags": []}
{"id": 853396708310503424, "date": "2017-04-15", "time": "19:56:45", "tweet": "Ho aggiunto un video a una playlist di @YouTube:  https://t.co/07aJS0GtgI Elon Musk Incredible Speech - Motivational video", "likes_count": 0, "replies_count": 0, "retweets_count": 0, "hashtags": []}
{"id": 853396647597924353, "date": "2017-04-15", "time": "19:56:30", "tweet": "Mi è piaciuto un video di @YouTube:  https://t.co/07aJS0GtgI Elon Musk Incredible Speech - Motivational video", "likes_count": 0, "replies_count": 0, "retweets_count": 0, "hashtags": []}
{"id": 853396623619174401, "date": "2017-04-15", "time": "19:56:25", "tweet": "@elonmusk the legend  https://t.co/HLdVfate5W", "likes_count": 0, "replies_count": 0, "retweets_count": 0, "hashtags": []}
{"id": 853396027478425600, "date": "2017-04-15", "time": "19:54:02", "tweet": "@thepeg8 @elonmusk @NoahMagel Fair call. Just thinking how many delivery companies there are WWide, a Merc Sprinter size would dominate the courier industry", "likes_count": 0, "replies_count": 0, "retweets_count": 0, "hashtags": []}
{"id": 853395816555458562, "date": "2017-04-15", "time": "19:53:12", "tweet": "Elon Musk’s idea for an electric big-rig is totally doable. No, really  https://t.co/olwFGNywOv via @WIRED", "likes_count": 0, "replies_count": 0, "retweets_count": 0, "hashtags": []}
{"id": 853395783990857728, "date": "2017-04-15", "time": "19:53:04", "tweet": "Business advice from Elon #Musk and other smart #business leaders - @TheSmartCompany  https://t.co/99ZrnueRlu  https://t.co/UBu2XuQIzR", "likes_count": 1, "replies_count": 1, "retweets_count": 1, "hashtags": ["musk", "business"]}
{"id": 853395436404649986, "date": "2017-04-15", "time": "19:51:42", "tweet": "Done with my Tesla Model X test drive and @elonmusk , hats off to your vision. Amazed by the experience. A new super fan at my home now  https://t.co/uYvGFiAUXy", "likes_count": 1, "replies_count": 0, "retweets_count": 0, "hashtags": []}
{"id": 853394749989855232, "date": "2017-04-15", "time": "19:48:58", "tweet": "@elonmusk @ElonMuskNewsOrg @nikolamotor @nikolatrevor  https://t.co/s8OuCVNe9G", "likes_count": 0, "replies_count": 0, "retweets_count": 0, "hashtags": []}
{"id": 853393933195497472, "date": "2017-04-15", "time": "19:45:43", "tweet": "@elonmusk. Please will you let me test drive a P100D? I promise, I will buy one as soon as I make it.", "likes_count": 0, "replies_count": 0, "retweets_count": 0, "hashtags": []}
{"id": 853393928086630400, "date": "2017-04-15", "time": "19:45:42", "tweet": "Elon Musk's Unbelievably Simple 12-minute Killer Break Down on Climate C...  https://t.co/dpVeXUN5U5", "likes_count": 3, "replies_count": 0, "retweets_count": 1, "hashtags": []}
{"id": 853393006610849792, "date": "2017-04-15", "time": "19:42:02", "tweet": "Congrats to Elon Musk on his new job as Supreme Leader  https://t.co/qUvcKRPWN6", "likes_count": 0, "replies_count": 0, "retweets_count": 0, "hashtags": []}
{"id": 853392995806269440, "date": "2017-04-15", "time": "19:42:00", "tweet": "Contemplating how to best diversify Mars once we start the colonization process. @elonmusk what are your thoughts? Surely you have a plan.", "likes_count": 0, "replies_count": 1, "retweets_count": 0, "hashtags": []}
{"id": 853392408276488192, "date": "2017-04-15", "time": "19:39:40", "tweet": "@elonmusk how many retweets for 250k Dollars?? I need some money", "likes_count": 0, "replies_count": 0, "retweets_count": 0, "hashtags": []}
{"id": 853392116361433089, "date": "2017-04-15", "time": "19:38:30", "tweet": "Business advice from Elon Musk and other smart business leaders  https://t.co/m30e5j4c3A  https://t.co/0xFTTVt1OM", "likes_count": 0, "replies_count": 0, "retweets_count": 0, "hashtags": []}
{"id": 853391791135043584, "date": "2017-04-15", "time": "19:37:12", "tweet": "Elon Musk says a Tesla pickup truck will be coming in 18 to 24 months  https://t.co/A23H9cGO7f  https://t.co/qaT0hN87Y4 MarketWatch", "likes_count": 0, "replies_count": 0, "retweets_count": 0, "hashtags": []}
{"id": 853391764748734464, "date": "2017-04-15", "time": "19:37:06", "tweet": "@showtim76 @ValueAnalyst1 @danahull @JHildenMinton @elonmusk What if they made the trailers hold the batteries? With solar panels on top maybe?", "likes_count": 0, "replies_count": 0, "retweets_count": 0, "hashtags": []}
{"id": 853391326569562112, "date": "2017-04-15", "time": "19:35:22", "tweet": "@TeslaMotors I'd love to see a race between you &amp; @Lucid_Motors. In the meantime, watch “Alpha Speed Car”  https://t.co/F5yc6C0LKH @elonmusk", "likes_count": 0, "replies_count": 0, "retweets_count": 0, "hashtags": []}
{"id": 853391286556078081, "date": "2017-04-15", "time": "19:35:12", "tweet": "MarketWatch: Elon Musk says a Tesla pickup truck will be coming in 18 to 24 months  https://t.co/K2XBN9UZmN  https://t.co/PmxRb3zjHw", "likes_count": 0, "replies_count": 0, "retweets_count": 0, "hashtags": []}
{"id": 853391165001003008, "date": "2017-04-15", "time": "19:34:43", "tweet": "@elonmusk Elon has beat Chrystler, GM, Ford, every power company...... oh and NASA..... At their own game!!", "likes_count": 0, "replies_count": 0, "retweets_count": 0, "hashtags": []}
