{"id": 878764381462564864, "date": "2017-06-24", "time": "19:58:49", "tweet": "Words of Wisdom: Elon Musk and Bill Gates talk about artificial intelligence future possi...  https://t.co/fLzR43q447 via @YouTube", "likes_count": 0, "replies_count": 0, "retweets_count": 0, "hashtags": []}
{"id": 878764331613159424, "date": "2017-06-24", "time": "19:58:37", "tweet": "@elonmusk this makes me think of what growth mindset really is about and how you have embodied it and passed it on! 💡  https://t.co/Bw6Nvo772m", "likes_count": 1, "replies_count": 0, "retweets_count": 0, "hashtags": []}
{"id": 878764259412410370, "date": "2017-06-24", "time": "19:58:20", "tweet": "@Brollio_Took @KrRFSy1aiRtUgNv @SpaceX @NASA_Johnson @elonmusk It's funny how bots always like retweet that specific old tweet, and now the new one, too.", "likes_count": 1, "replies_count": 1, "retweets_count": 0, "hashtags": []}
{"id": 878764000263237632, "date": "2017-06-24", "time": "19:57:18", "tweet": "Elon #Musk Succeeds Again and Again by Ignoring One Piece of Advice We All Hear | @Inc  https://t.co/zTrX2s0urw #business  https://t.co/4cH6ZCtlWX", "likes_count": 0, "replies_count": 0, "retweets_count": 0, "hashtags": ["musk", "business"]}
{"id": 878762190370689024, "date": "2017-06-24", "time": "19:50:07", "tweet": "@BP_Hutch Interesting that @elonmusk 's ITS resembles some of the earliest NOVA concepts. Though none of those we projected as reusable.", "likes_count": 1, "replies_count": 0, "retweets_count": 0, "hashtags": []}
{"id": 878762190085509120, "date": "2017-06-24", "time": "19:50:07", "tweet": "model x siri tablet reinforcement learning gopro hero 5 @elonmusk 🍆 🍆", "likes_count": 0, "replies_count": 0, "retweets_count": 0, "hashtags": []}
{"id": 878762174352470016, "date": "2017-06-24", "time": "19:50:03", "tweet": "Is the US Paying $300 Million Too Much to Launch Rockets? Elon Musk Thinks So.  https://t.co/0ddLx9SKUR", "likes_count": 0, "replies_count": 0, "retweets_count": 0, "hashtags": []}
{"id": 878762006198792192, "date": "2017-06-24", "time": "19:49:23", "tweet": "Is the US Paying $300 Million Too Much to Launch Rockets? Elon Musk Thinks So.   https://t.co/TH4I5JerAt", "likes_count": 0, "replies_count": 0, "retweets_count": 0, "hashtags": []}
{"id": 878761951018352640, "date": "2017-06-24", "time": "19:49:10", "tweet": "Is the US Paying $300 Million Too Much to Launch Rockets? Elon Musk Thinks So.  https://t.co/itaffrH9UI", "likes_count": 0, "replies_count": 0, "retweets_count": 0, "hashtags": []}
{"id": 878761723167219712, "date": "2017-06-24", "time": "19:48:16", "tweet": "@elonmusk Nicely done!", "likes_count": 0, "replies_count": 0, "retweets_count": 0, "hashtags": []}
{"id": 878761644633055232, "date": "2017-06-24", "time": "19:47:57", "tweet": "@votefishfinger @SpaceX @elonmusk @realDonaldTrump Perhaps, but it's what they do with it. They further mankind. Not simply drive the masses into hate and hysteria.", "likes_count": 0, "replies_count": 0, "retweets_count": 0, "hashtags": []}
{"id": 878761502143946753, "date": "2017-06-24", "time": "19:47:23", "tweet": "@elonmusk Not being the head of a billion dollar company means that I can dress anyway  I want.", "likes_count": 0, "replies_count": 0, "retweets_count": 0, "hashtags": []}
{"id": 878761388021252096, "date": "2017-06-24", "time": "19:46:56", "tweet": "This Email From Elon Musk to Tesla Employees Is a Master Class in Emotional Intelligence |  https://t.co/qBwWXfmLqA  https://t.co/mMAc3vbFD0", "likes_count": 0, "replies_count": 0, "retweets_count": 0, "hashtags": []}
{"id": 878761311894724609, "date": "2017-06-24", "time": "19:46:38", "tweet": "@anti_quark @Avron_p @elonmusk @sajo If it's a couple minutes of gunning it spread over a whole trip, that's reasonable and not so thermally limited.", "likes_count": 0, "replies_count": 0, "retweets_count": 0, "hashtags": []}
{"id": 878761184362549254, "date": "2017-06-24", "time": "19:46:07", "tweet": "¿Por qué Elon Musk le sigue los consejos de una niña de 10 años?  https://t.co/sfS01FQbWz  https://t.co/HlWzkT7tPs", "likes_count": 1, "replies_count": 0, "retweets_count": 0, "hashtags": []}
{"id": 878761111251759104, "date": "2017-06-24", "time": "19:45:50", "tweet": "@elonmusk Hey Elon, if you want to send me some big Tesla stickers I will put them over the \"no\" in \"no dealership\" signs in Westport CT!!", "likes_count": 0, "replies_count": 0, "retweets_count": 0, "hashtags": []}
{"id": 878761101252599808, "date": "2017-06-24", "time": "19:45:47", "tweet": "@anti_quark @Avron_p @elonmusk @sajo You'd have to gun it then slam on the brakes immediately afterwards for 2 minutes. 0-60 in slightly more than 2 seconds.", "likes_count": 0, "replies_count": 1, "retweets_count": 0, "hashtags": []}
{"id": 878761020545748992, "date": "2017-06-24", "time": "19:45:28", "tweet": "Tech talk at eMerge: the 'rollercoaster' of startup life, Waze and Elon Musk - Miami Herald  https://t.co/5Z58K5B5pK  https://t.co/IzJPl7xhbD", "likes_count": 2, "replies_count": 0, "retweets_count": 1, "hashtags": []}
{"id": 878760919370797056, "date": "2017-06-24", "time": "19:45:04", "tweet": "@elonmusk @Emerald0013 Only a couple of hours to replace parts on a rocket yet my Model S has been in the shop for 6 weeks....just saying. 🤷🏻‍♂️", "likes_count": 1, "replies_count": 0, "retweets_count": 0, "hashtags": []}
{"id": 878760794996879360, "date": "2017-06-24", "time": "19:44:34", "tweet": "Lemme borrow a space plane, @elonmusk  https://t.co/U2abMtiqL5", "likes_count": 1, "replies_count": 0, "retweets_count": 0, "hashtags": []}
