{"id": 891448226506788864, "date": "2017-07-29", "time": "19:59:54", "tweet": "@WavemakerNick @src248 @MotorTrend @elonmusk @TeslaMotors You should look for a new job or home before you look for a new car 🐸☕", "likes_count": 0, "replies_count": 0, "retweets_count": 0, "hashtags": []}
{"id": 891448198304337920, "date": "2017-07-29", "time": "19:59:47", "tweet": "℅ #Inc⛹ Mark Zuckerberg welcomes an AI-filled future. Elon Musk fears it. Who's right?  https://t.co/0O1s0FdktN", "likes_count": 0, "replies_count": 0, "retweets_count": 0, "hashtags": ["inc"]}
{"id": 891448085473251328, "date": "2017-07-29", "time": "19:59:20", "tweet": "@elonmusk Why are you so talented?", "likes_count": 0, "replies_count": 0, "retweets_count": 0, "hashtags": []}
{"id": 891448011804389376, "date": "2017-07-29", "time": "19:59:02", "tweet": "ジョニー・デップのDVに耐えかねて離婚したアンバー・ハードがイーロン・マスクの今の恋人(´ー｀) Amber Heard and Tesla founder Elon Musk are 'getting more serious'  https://t.co/h4Yd3NRwuQ", "likes_count": 0, "replies_count": 0, "retweets_count": 0, "hashtags": []}
{"id": 891448009103245313, "date": "2017-07-29", "time": "19:59:02", "tweet": "@elonmusk @DailyBreezeNews  https://t.co/Y2e9rl9oW5", "likes_count": 0, "replies_count": 0, "retweets_count": 0, "hashtags": []}
{"id": 891447814642970625, "date": "2017-07-29", "time": "19:58:15", "tweet": "@elonmusk After overcoming this situation we will need people willing to innovate in latin america", "likes_count": 0, "replies_count": 0, "retweets_count": 0, "hashtags": []}
{"id": 891447733755817985, "date": "2017-07-29", "time": "19:57:56", "tweet": "@elonmusk  https://t.co/5rLXN5zH3U", "likes_count": 0, "replies_count": 0, "retweets_count": 0, "hashtags": []}
{"id": 891447635864932352, "date": "2017-07-29", "time": "19:57:33", "tweet": "@elonmusk @antplaysdrums I currently have a model s60, is it worth buying the model 3 with 310 mile range?", "likes_count": 0, "replies_count": 0, "retweets_count": 0, "hashtags": []}
{"id": 891447589077344256, "date": "2017-07-29", "time": "19:57:22", "tweet": "Long range or Standard.... need to decide soon.... recommendation? @elonmusk #Tesla #Model3  https://t.co/7azX5hdXre", "likes_count": 0, "replies_count": 0, "retweets_count": 0, "hashtags": ["tesla", "model3"]}
{"id": 891447579115900928, "date": "2017-07-29", "time": "19:57:19", "tweet": "\"if anything interrupts supply chains, that will interrupt the production\" @elonmusk #Tesla3 @USC_GSCM @TheNickVyas  https://t.co/MBMcLCStPX", "likes_count": 0, "replies_count": 0, "retweets_count": 0, "hashtags": ["tesla3"]}
{"id": 891447457963442176, "date": "2017-07-29", "time": "19:56:50", "tweet": "@elonmusk we need to know venezuela.  My country living a dificult situacion but We have many spaces for environmental development", "likes_count": 0, "replies_count": 0, "retweets_count": 0, "hashtags": []}
{"id": 891447428884430848, "date": "2017-07-29", "time": "19:56:43", "tweet": "Elon Musk and Mark Zuckerberg clash over AI  https://t.co/IkPdBjBf6K  https://t.co/muEBfjSd4O", "likes_count": 0, "replies_count": 0, "retweets_count": 2, "hashtags": []}
{"id": 891447426044878849, "date": "2017-07-29", "time": "19:56:43", "tweet": "Mark Zuckerberg welcomes an AI-filled future. Elon Musk fears it. Who's right?  https://t.co/MImcxcsceq #BizTips", "likes_count": 0, "replies_count": 0, "retweets_count": 0, "hashtags": ["biztips"]}
{"id": 891447410618224640, "date": "2017-07-29", "time": "19:56:39", "tweet": "Mark Zuckerberg welcomes an AI-filled future. Elon Musk fears it. Who's right?  https://t.co/jgGUoZshYn", "likes_count": 0, "replies_count": 0, "retweets_count": 0, "hashtags": []}
{"id": 891447327742976002, "date": "2017-07-29", "time": "19:56:19", "tweet": "Elon Musk says Mark Zuckerberg's understanding of the future of Ai is 'limited':  https://t.co/T6zmVS4I7d #tech  https://t.co/x33OrwPx7A", "likes_count": 0, "replies_count": 0, "retweets_count": 1, "hashtags": ["tech"]}
{"id": 891447324605648897, "date": "2017-07-29", "time": "19:56:19", "tweet": "@WavemakerNick @src248 @MotorTrend @elonmusk @TeslaMotors So your job is 150 miles away from your home?", "likes_count": 0, "replies_count": 0, "retweets_count": 0, "hashtags": []}
{"id": 891447295325155328, "date": "2017-07-29", "time": "19:56:12", "tweet": "Mark Zuckerberg welcomes an AI-filled future. Elon Musk fears it. Who's right?  https://t.co/SnDPwepuXY", "likes_count": 0, "replies_count": 0, "retweets_count": 0, "hashtags": []}
{"id": 891447290015207424, "date": "2017-07-29", "time": "19:56:10", "tweet": "@cest_wha @arkhearn @SkeleCrafterYT @LAK132 @EricJEarley @TeslaMotors @elonmusk This👆 a balanced has to be achieved. Car's gotta crumple but not give away to the point where the passengers are hurt. Something like an F1", "likes_count": 11, "replies_count": 0, "retweets_count": 0, "hashtags": []}
{"id": 891447271161819137, "date": "2017-07-29", "time": "19:56:06", "tweet": "Mark Zuckerberg welcomes an AI-filled future. Elon Musk fears it. Who's right?  https://t.co/VXxrt4EJGz &lt;  https://t.co/MMaczU7VxV &gt;", "likes_count": 0, "replies_count": 0, "retweets_count": 0, "hashtags": []}
{"id": 891447178383826948, "date": "2017-07-29", "time": "19:55:44", "tweet": "In defense of Elon Musk's audacious, insane, brilliant, crazy plan for an East Coast hyperloop  https://t.co/3sAiMDKRhs via @MotherJones", "likes_count": 0, "replies_count": 0, "retweets_count": 0, "hashtags": []}
