{"id": 868617523499077633, "date": "2017-05-27", "time": "19:58:50", "tweet": "@elonmusk When if ever multiple destinations in maps ?", "likes_count": 0, "replies_count": 0, "retweets_count": 0, "hashtags": []}
{"id": 868617322516369408, "date": "2017-05-27", "time": "19:58:02", "tweet": "@ElonMusk’s Neural Lace Could Use #Brain Stimulating #Tech to Make Us Smarter  https://t.co/5dtsbwI2fM  https://t.co/MpCV4zDXn2", "likes_count": 0, "replies_count": 0, "retweets_count": 0, "hashtags": ["brain", "tech"]}
{"id": 868617251930464256, "date": "2017-05-27", "time": "19:57:45", "tweet": "@elonmusk Hw1 lane keep over an incline down an incline around curves seems to have gotten worse with 8.1 ? Lane change has improved", "likes_count": 0, "replies_count": 0, "retweets_count": 0, "hashtags": []}
{"id": 868616848127909889, "date": "2017-05-27", "time": "19:56:09", "tweet": "@Alyssa_Milano @elonmusk I'm thinking he should have left before he even started", "likes_count": 0, "replies_count": 0, "retweets_count": 0, "hashtags": []}
{"id": 868616688320860160, "date": "2017-05-27", "time": "19:55:31", "tweet": "@elonmusk The most tesla in nj is in south brunswick yet no store no service center no supercharger", "likes_count": 0, "replies_count": 0, "retweets_count": 0, "hashtags": []}
{"id": 868616393423552512, "date": "2017-05-27", "time": "19:54:20", "tweet": "@elonmusk Ins agents say tesla is too exp so high ins", "likes_count": 0, "replies_count": 0, "retweets_count": 0, "hashtags": []}
{"id": 868616389556400128, "date": "2017-05-27", "time": "19:54:20", "tweet": "Hey @elonmusk next time you go to TED, make it go something like this  https://t.co/EYemszHc5l and repeat the last lines. It would be epic 😂😂", "likes_count": 0, "replies_count": 0, "retweets_count": 0, "hashtags": []}
{"id": 868616166264254468, "date": "2017-05-27", "time": "19:53:26", "tweet": "@SlagOffTwits @CathyYoung63 @NinjaEconomics Ask Elon Musk's bro suing Wolfgang Puck over use of word kitchen in different markets", "likes_count": 0, "replies_count": 1, "retweets_count": 0, "hashtags": []}
{"id": 868615752881815552, "date": "2017-05-27", "time": "19:51:48", "tweet": "@MrMarkBeaumont @erinjanus @elonmusk @FLOTUS @BorisJohnson @IvankaTrump @dannyksfun @jamieoliver AFRICA: Colonial history:  https://t.co/PqcXWSlFBY  AFRICOM:  https://t.co/YBCVaj0PTw", "likes_count": 0, "replies_count": 0, "retweets_count": 0, "hashtags": []}
{"id": 868615404356161536, "date": "2017-05-27", "time": "19:50:25", "tweet": "@MrMarkBeaumont @erinjanus @elonmusk @FLOTUS  @BorisJohnson @IvankaTrump @dannyksfun @jamieoliver     AFRICA:   https://t.co/sy4j676oc9  https://t.co/znKxlksbpI", "likes_count": 0, "replies_count": 1, "retweets_count": 0, "hashtags": []}
{"id": 868615182011965440, "date": "2017-05-27", "time": "19:49:32", "tweet": "@elonmusk Will model3 have the white interior option? Pleaseeeee", "likes_count": 1, "replies_count": 0, "retweets_count": 0, "hashtags": []}
{"id": 868615150051262464, "date": "2017-05-27", "time": "19:49:24", "tweet": "@Minthos_ @fluffypony @elonmusk @DieAntwoord And that director guy who had two movies that flopped after making District 9.", "likes_count": 2, "replies_count": 0, "retweets_count": 0, "hashtags": []}
{"id": 868614855367970816, "date": "2017-05-27", "time": "19:48:14", "tweet": "@BridgetDolezsar @elonmusk @AndyPabari children's paw prints?, what about a dog's paw prints. But white as the interior, would be my choice.", "likes_count": 1, "replies_count": 2, "retweets_count": 0, "hashtags": []}
{"id": 868614582067179522, "date": "2017-05-27", "time": "19:47:09", "tweet": "“3 Things That Elon Musk Recognized Were Necessary for Success” by @BrianCondenanza  https://t.co/AJYkstZUgz", "likes_count": 1, "replies_count": 0, "retweets_count": 0, "hashtags": []}
{"id": 868614542598840322, "date": "2017-05-27", "time": "19:46:59", "tweet": "@KerryLe96517208 Subscribe to Elon Musk News for expertly curated articles and analysis  https://t.co/uhzxzvIELZ", "likes_count": 0, "replies_count": 0, "retweets_count": 0, "hashtags": []}
{"id": 868614525624487937, "date": "2017-05-27", "time": "19:46:55", "tweet": "@attn @billmaher This is drivel. Elon Musk is trying to save Earth too!", "likes_count": 1, "replies_count": 0, "retweets_count": 0, "hashtags": []}
{"id": 868614185617203200, "date": "2017-05-27", "time": "19:45:34", "tweet": "Tesla Model 3 spotted with 'Signature Red' color - Elon Musk's 'something special'?  https://t.co/vdzhYtfn0u via @FredericLambert", "likes_count": 0, "replies_count": 0, "retweets_count": 0, "hashtags": []}
{"id": 868614035272368128, "date": "2017-05-27", "time": "19:44:58", "tweet": "@fluffypony @MoneroEric This feels like another troll. @elonmusk is that you?", "likes_count": 1, "replies_count": 0, "retweets_count": 0, "hashtags": []}
{"id": 868613951147331584, "date": "2017-05-27", "time": "19:44:38", "tweet": "@_elena @jack @RobotMakerGirl @elonmusk @Lottie_dolls @AdamJungemann Thank you so much for love and respect kindness for human being", "likes_count": 0, "replies_count": 0, "retweets_count": 0, "hashtags": []}
{"id": 868613761401200641, "date": "2017-05-27", "time": "19:43:53", "tweet": "@elonmusk for President of the universe!  Earth and its \"leaders\" are doomed, lets find a new rock to call home", "likes_count": 0, "replies_count": 0, "retweets_count": 0, "hashtags": []}
{"id": 868613579766935556, "date": "2017-05-27", "time": "19:43:10", "tweet": "@elonmusk is it possible with HW2 to detect and record hit and runs on a parked tesla? #citylife @TeslaMotors @ElectrekCo @TeslaModel3", "likes_count": 0, "replies_count": 0, "retweets_count": 0, "hashtags": ["citylife"]}
{"id": 868613544236929028, "date": "2017-05-27", "time": "19:43:01", "tweet": "Elon Musk's Boring Company released pictures of new electric vehicle concept  https://t.co/BKNJszMrtb", "likes_count": 0, "replies_count": 0, "retweets_count": 0, "hashtags": []}
{"id": 868613490721800192, "date": "2017-05-27", "time": "19:42:48", "tweet": "@elonmusk I want to see some heavy duty asparagus staging in the future.", "likes_count": 0, "replies_count": 0, "retweets_count": 0, "hashtags": []}
{"id": 868613231798919168, "date": "2017-05-27", "time": "19:41:47", "tweet": "@elonmusk Interested in a discounted (and slightly used) #gigafactory 3? Its a quick flight to #PDX from the bay...  https://t.co/pS2UwsgwOB", "likes_count": 0, "replies_count": 0, "retweets_count": 0, "hashtags": ["gigafactory", "pdx"]}
{"id": 868613074042990593, "date": "2017-05-27", "time": "19:41:09", "tweet": "What if i apply to work for @TeslaMotors would @elonmusk will hire me? 😕", "likes_count": 0, "replies_count": 0, "retweets_count": 0, "hashtags": []}
{"id": 868613002668462080, "date": "2017-05-27", "time": "19:40:52", "tweet": "Elon Musk's Neural Lace Could Use Brain-Stimulating Tech to Make Us Smarter  https://t.co/QkybGSzvBV Will it repair my VISION LOSS?  HOPE SO!", "likes_count": 1, "replies_count": 0, "retweets_count": 0, "hashtags": []}
{"id": 868612970196107264, "date": "2017-05-27", "time": "19:40:44", "tweet": "@dedbutdrmng Dude. Critical life lesson. EVERYONE &amp; I do mean EVERYONE is just winging it.  Except @elonmusk. Possibly.  Everyone else.", "likes_count": 0, "replies_count": 0, "retweets_count": 0, "hashtags": []}
{"id": 868612618533064704, "date": "2017-05-27", "time": "19:39:20", "tweet": "Elon Musk's Neural Lace Could Use Brain-Stimulating Tech to Make Us Smarter  https://t.co/pSzuNMgjBW via @Futurism I had a severe TBI.", "likes_count": 1, "replies_count": 1, "retweets_count": 0, "hashtags": []}
{"id": 868612442380800000, "date": "2017-05-27", "time": "19:38:38", "tweet": "@2014Mu69 @elonmusk @AndyPabari hey 2014mu69 you are hilarious 😂.  Been following #spacex? They are totally getting rocket reuse down! ❤️ it", "likes_count": 3, "replies_count": 0, "retweets_count": 0, "hashtags": ["spacex"]}
{"id": 868611889030451201, "date": "2017-05-27", "time": "19:36:27", "tweet": "@finkd @BasLansdorp @ElonMusk my exchange with a pal on Mark's #Harvard Degree  2017 #Speech #SpaceUpAfrica #MarsOne  https://t.co/G1kh22Hfqw", "likes_count": 1, "replies_count": 0, "retweets_count": 1, "hashtags": ["harvard", "speech", "spaceupafrica", "marsone"]}
{"id": 868611685493374976, "date": "2017-05-27", "time": "19:35:38", "tweet": "@elonmusk would be cool if we could stream TSLA stock price on s/x's dashboard. Never miss another storm in Shortsville. Bad idea?", "likes_count": 0, "replies_count": 0, "retweets_count": 0, "hashtags": []}
{"id": 868611560553533441, "date": "2017-05-27", "time": "19:35:08", "tweet": "@elonmusk @AndyPabari I only say this because I would def. choose white...but envisioning small children's paw prints... 😜", "likes_count": 3, "replies_count": 1, "retweets_count": 0, "hashtags": []}
{"id": 868611494648348672, "date": "2017-05-27", "time": "19:34:53", "tweet": "@elonmusk    what about mole?", "likes_count": 0, "replies_count": 0, "retweets_count": 0, "hashtags": []}
{"id": 868611275215052800, "date": "2017-05-27", "time": "19:34:00", "tweet": "@BridgetDolezsar @elonmusk @AndyPabari Retro hood off white interior scream tropics - manapause", "likes_count": 1, "replies_count": 1, "retweets_count": 0, "hashtags": []}
{"id": 868611077105369090, "date": "2017-05-27", "time": "19:33:13", "tweet": "@GeorgeTakei @elonmusk @mic Elon Musk is incredible!", "likes_count": 0, "replies_count": 0, "retweets_count": 0, "hashtags": []}
{"id": 868610506319208448, "date": "2017-05-27", "time": "19:30:57", "tweet": "@elonmusk would sending food &amp; consumption commerce through tunnels to dist. hubs be best with full sized or a smaller sized tunnel/sled?", "likes_count": 1, "replies_count": 0, "retweets_count": 0, "hashtags": []}
{"id": 868610150755598340, "date": "2017-05-27", "time": "19:29:32", "tweet": "@elonmusk Elon, Any change to work in your Gigafactory? and learn how to make lithium batteries, come back to Chile and make them here!", "likes_count": 0, "replies_count": 0, "retweets_count": 0, "hashtags": []}
{"id": 868609460142526464, "date": "2017-05-27", "time": "19:26:47", "tweet": "@elonmusk will you please appear in Big Bang Theory again sometime? Or have Leo DiCaprio make a biography about you? That would be awesome!", "likes_count": 0, "replies_count": 0, "retweets_count": 0, "hashtags": []}
{"id": 868608931718934534, "date": "2017-05-27", "time": "19:24:41", "tweet": "@drewjohnarnold @elonmusk You haven't been following Elon here, have you? 😊", "likes_count": 0, "replies_count": 0, "retweets_count": 0, "hashtags": []}
{"id": 868608799560675328, "date": "2017-05-27", "time": "19:24:10", "tweet": "@elonmusk will model 3 have Apple car play?", "likes_count": 0, "replies_count": 0, "retweets_count": 0, "hashtags": []}
