{"id": 949792689582739457, "date": "2018-01-06", "time": "18:59:58", "tweet": "Is this how @ElonMusk Learns Faster &amp; Better than Everyone Else?    https://t.co/vwVPYK7Gql  #business #growth", "likes_count": 0, "replies_count": 0, "retweets_count": 1, "hashtags": ["business", "growth"]}
{"id": 949792533109977088, "date": "2018-01-06", "time": "18:59:20", "tweet": "I liked a @YouTube video  https://t.co/VLeA3aS2Qc THE WORLDS BIGGEST PROBLEM | Richard Branson, Elon Musk &amp; Don Tapscott", "likes_count": 0, "replies_count": 0, "retweets_count": 0, "hashtags": []}
{"id": 949792494681640960, "date": "2018-01-06", "time": "18:59:11", "tweet": "@businessinsider Too late? It's strange how people not in the inner of Tesla think they know more about Tesla's sales/production/manufacturing/delivery strategy than Elon Musk.  What they recommend Elon thought about and dissected months ago.  Go build your own EV company &amp; then talk. @elonmusk", "likes_count": 4, "replies_count": 0, "retweets_count": 0, "hashtags": []}
{"id": 949792414901792768, "date": "2018-01-06", "time": "18:58:52", "tweet": "@galaxhokie @Tesla @elonmusk Or buy a used leaf or Volt for cheap then sell when you get Tesla", "likes_count": 0, "replies_count": 0, "retweets_count": 0, "hashtags": []}
{"id": 949792341308555264, "date": "2018-01-06", "time": "18:58:35", "tweet": "Please, Elon Musk, give us an electric El Camino  https://t.co/5egpVLMN9F via @TreeHugger  https://t.co/6W7ZDQuH2a", "likes_count": 2, "replies_count": 0, "retweets_count": 1, "hashtags": []}
{"id": 949792322262200320, "date": "2018-01-06", "time": "18:58:30", "tweet": "@elonmusk Looking forward to next update that improves it on Model X. Very inconsistent right now. Never even came on to clear windshield in morning with windshield covered from overnight rain. But happy it's finally here, if only beta right now", "likes_count": 0, "replies_count": 0, "retweets_count": 0, "hashtags": []}
{"id": 949792250132807680, "date": "2018-01-06", "time": "18:58:13", "tweet": "@galaxhokie @Tesla @elonmusk Buy a low number reservation then sell yours ! Might cost a little extra but worth it in depreshiation savings. Bolt, values will crash", "likes_count": 0, "replies_count": 1, "retweets_count": 0, "hashtags": []}
{"id": 949792165651038208, "date": "2018-01-06", "time": "18:57:53", "tweet": "@spaceloss @pilliarscreatio Hmm Awesome Guy Rip\" One of the proposals OurTeam had was to Build a Single Manned Capsule that would've easily Launched on top of @elonmusk Falcon9\" NASA's corruption stopped it dead in its tracks\" to get funding for Orion &amp; 4.2 Billion to Boeing for Starliner\"", "likes_count": 0, "replies_count": 0, "retweets_count": 0, "hashtags": []}
{"id": 949791874486849536, "date": "2018-01-06", "time": "18:56:43", "tweet": "“In the short-term, the stock market is a voting machine; in the long-term it’s a weighing machine” - Benjamin Graham #fatherofvalueinvesting. Great perspective to push entrepreneurs to focus more on the long-term vision like @JeffBezos #stevejobs @elonmusk do/did @WhartonEntrep", "likes_count": 0, "replies_count": 0, "retweets_count": 0, "hashtags": ["fatherofvalueinvesting", "stevejobs"]}
{"id": 949791724737613825, "date": "2018-01-06", "time": "18:56:08", "tweet": "When your travel plans are subject to change based on the Falcon Heavy launch in Cape Canaveral 🚀  #NerdSpontaneity @SpaceX @elonmusk @ExploreSpaceKSC", "likes_count": 5, "replies_count": 0, "retweets_count": 0, "hashtags": ["nerdspontaneity"]}
{"id": 949791689174110208, "date": "2018-01-06", "time": "18:55:59", "tweet": "@elonmusk Associate's in Avionics, and experience with Auto Body and 5 Years in a Battery lab, Tesla would be perfect", "likes_count": 0, "replies_count": 0, "retweets_count": 0, "hashtags": []}
{"id": 949791629191401472, "date": "2018-01-06", "time": "18:55:45", "tweet": "Have you heard about this  https://t.co/zrV56GAd9y @elonmusk", "likes_count": 0, "replies_count": 0, "retweets_count": 0, "hashtags": []}
{"id": 949791531409526784, "date": "2018-01-06", "time": "18:55:22", "tweet": "EVIDENCE WE ARE IN A SIMULATION - SHOCKING (MATRIX, ELON MUSK, VIRTUAL R...  https://t.co/r5Aq5ZZtei via @YouTube", "likes_count": 0, "replies_count": 0, "retweets_count": 0, "hashtags": []}
{"id": 949791511792766978, "date": "2018-01-06", "time": "18:55:17", "tweet": "‘Space Frontier’ rocket game made a direct reference to @elonmusk and @SpaceX 😁  https://t.co/LinZSDgXOi", "likes_count": 0, "replies_count": 0, "retweets_count": 0, "hashtags": []}
{"id": 949791365348573184, "date": "2018-01-06", "time": "18:54:42", "tweet": "@Idiocracynow1 I made it to Mars in a homemade craft... made from old TVs, VHS recorders, retro electronics and all the junk that no one wanted any more!   It’s just me a few robots... there is no shuttle to carry me home! I’m waiting for @elonmusk as I think he’s my best hope of returning! 🤔", "likes_count": 1, "replies_count": 0, "retweets_count": 0, "hashtags": []}
{"id": 949791305047015425, "date": "2018-01-06", "time": "18:54:28", "tweet": ".@elonmusk — did I just see you outside of that kebab place in Los Feliz? I need to confirm I eat kebabs where you do. If that’s the case, 2018 is going to be my year.", "likes_count": 4, "replies_count": 0, "retweets_count": 0, "hashtags": []}
{"id": 949791289393860608, "date": "2018-01-06", "time": "18:54:24", "tweet": "Anyone else think that @elonmusk is one terrorist kidnapping away from becoming Iron Man ?", "likes_count": 1, "replies_count": 0, "retweets_count": 0, "hashtags": []}
{"id": 949791246503030785, "date": "2018-01-06", "time": "18:54:14", "tweet": "@elonmusk give me a Tesla Roadster please", "likes_count": 0, "replies_count": 0, "retweets_count": 0, "hashtags": []}
{"id": 949791143717322752, "date": "2018-01-06", "time": "18:53:49", "tweet": "@elonmusk , could you please build a battery in Geraldton (West Australia) like the one in S.A? We have some of the best renewables in Australia at our door but still get power from mostly old power stations and need to move into the future.", "likes_count": 4, "replies_count": 1, "retweets_count": 1, "hashtags": []}
{"id": 949791104777490432, "date": "2018-01-06", "time": "18:53:40", "tweet": "@viktorobert @Tesla @elonmusk They also don’t have the price tag up front and most will be eligible for the tax incentives well into next year — another thing that will start to phase out this year for Tesla. If it’s into 2019 before I get a #Model3 it costs me an extra $7500.", "likes_count": 0, "replies_count": 2, "retweets_count": 0, "hashtags": ["model3"]}
