{"id": 901594958997663745, "date": "2017-08-26", "time": "19:59:23", "tweet": "@GalileoMoon @JPMajor @BP_Hutch @WaywardPlane @_Astro_Nerd_ @JuleahKaliski @ELGR3CO @vastidity @BackyrdAstroGuy @Ben27603 @Michael_D_Crow @anton_vtiurin @ofnobleblood @KeikoGoblyn @therogue_astro @pilliarscreatio @Glowsinthedark9 @spacedixon @weasdown @astro_savannah @milind_kawli @Ascii211 @wardniner @WinterBynes @AuerSusan @BeckePhysics @MerlinTheEngine @SLC4_LZ2 @RabAusten @torybruno @SpaceXPad39A @F9Strongback @dzsenits @jccwrt @tracy_karin @ShenovaFashion @Astro_Adept @FalconGridFin @ulalaunch @theflametrench @NASA_Nerd @thehighfrontier @NASA @elonmusk @SpaceX Does being on vacation count as an excuse?", "likes_count": 3, "replies_count": 1, "retweets_count": 0, "hashtags": []}
{"id": 901594955142930432, "date": "2017-08-26", "time": "19:59:22", "tweet": "Elon Musk presentó nuevo traje espacial de SpaceX en Instagram - Elon Musk presentó en Instagram el nuevo ... -  https://t.co/7U86Uue7ot  https://t.co/IELUXyh4XX", "likes_count": 0, "replies_count": 0, "retweets_count": 0, "hashtags": []}
{"id": 901594473980973056, "date": "2017-08-26", "time": "19:57:28", "tweet": "Elon Musk ya ha recaudado 27 millones de dólares para conectar cerebros a ordenadores con su...  https://t.co/ok30i7P117 vía @xataka", "likes_count": 2, "replies_count": 0, "retweets_count": 4, "hashtags": []}
{"id": 901594452069728256, "date": "2017-08-26", "time": "19:57:22", "tweet": "Someone needs to invent a social dream/meditation sharing app a la Incepton. @Headspace @calm @jack @elonmusk  https://t.co/KQpwwf6YL6", "likes_count": 2, "replies_count": 0, "retweets_count": 0, "hashtags": []}
{"id": 901594449532379136, "date": "2017-08-26", "time": "19:57:22", "tweet": "El Autopilot de Tesla, fuente de disputas entre Elon Musk y sus empleados -  https://t.co/q6GZN9xuuD  https://t.co/NkGBtFg5IJ", "likes_count": 0, "replies_count": 0, "retweets_count": 0, "hashtags": []}
{"id": 901594410680434688, "date": "2017-08-26", "time": "19:57:12", "tweet": "@BrewCityChaser @JPMajor @BP_Hutch @WaywardPlane @_Astro_Nerd_ @JuleahKaliski @ELGR3CO @vastidity @BackyrdAstroGuy @Ben27603 @Michael_D_Crow @anton_vtiurin @ofnobleblood @KeikoGoblyn @therogue_astro @pilliarscreatio @Glowsinthedark9 @spacedixon @weasdown @astro_savannah @milind_kawli @Ascii211 @wardniner @WinterBynes @AuerSusan @BeckePhysics @MerlinTheEngine @SLC4_LZ2 @RabAusten @torybruno @SpaceXPad39A @F9Strongback @dzsenits @jccwrt @tracy_karin @ShenovaFashion @Astro_Adept @FalconGridFin @ulalaunch @theflametrench @NASA_Nerd @thehighfrontier @NASA @elonmusk @SpaceX Oh my God, you actually got what I meant. YEEEEEES!!", "likes_count": 4, "replies_count": 1, "retweets_count": 0, "hashtags": []}
{"id": 901594230610685954, "date": "2017-08-26", "time": "19:56:30", "tweet": "¿En qué momento #ElonMusk se convierte en #IronMan? 🚀", "likes_count": 0, "replies_count": 0, "retweets_count": 0, "hashtags": ["elonmusk", "ironman"]}
{"id": 901594177342889984, "date": "2017-08-26", "time": "19:56:17", "tweet": ".@elonmusk \"Partners\" used #Lithium to treat #SanDiego #Homeless w/o their consent - thousands died. Please help us! .@SanDiegoCounty #ows", "likes_count": 1, "replies_count": 0, "retweets_count": 0, "hashtags": ["lithium", "sandiego", "homeless", "ows"]}
{"id": 901593973977960449, "date": "2017-08-26", "time": "19:55:28", "tweet": "@Pinboard Careful, you're now promoting Elon Musk's solar roof and home battery companies to those who favour conspicuous non-consumption", "likes_count": 2, "replies_count": 0, "retweets_count": 2, "hashtags": []}
{"id": 901593814074314752, "date": "2017-08-26", "time": "19:54:50", "tweet": "Retweeted Elon Musk News (@ElonMuskNewsOrg):  A look at Tesla’s latest Autopilot 2.0 software update...  https://t.co/CJT5K2CohL", "likes_count": 0, "replies_count": 0, "retweets_count": 1, "hashtags": []}
{"id": 901593809691099136, "date": "2017-08-26", "time": "19:54:49", "tweet": "I mean.... whaaaaaat? #Elonmusk  https://t.co/o0yF3auVHH", "likes_count": 0, "replies_count": 0, "retweets_count": 0, "hashtags": ["elonmusk"]}
{"id": 901593525220978688, "date": "2017-08-26", "time": "19:53:41", "tweet": "@GalileoMoon @JPMajor @BP_Hutch @WaywardPlane @_Astro_Nerd_ @JuleahKaliski @ELGR3CO @vastidity @BackyrdAstroGuy @Ben27603 @Michael_D_Crow @anton_vtiurin @ofnobleblood @KeikoGoblyn @therogue_astro @pilliarscreatio @Glowsinthedark9 @spacedixon @weasdown @astro_savannah @milind_kawli @Ascii211 @wardniner @WinterBynes @AuerSusan @BeckePhysics @MerlinTheEngine @SLC4_LZ2 @RabAusten @torybruno @SpaceXPad39A @F9Strongback @dzsenits @jccwrt @tracy_karin @ShenovaFashion @Astro_Adept @FalconGridFin @ulalaunch @theflametrench @NASA_Nerd @thehighfrontier @NASA @elonmusk @SpaceX Yeah slow to the party.", "likes_count": 5, "replies_count": 2, "retweets_count": 0, "hashtags": []}
{"id": 901593157606965248, "date": "2017-08-26", "time": "19:52:14", "tweet": "Higher than Elon Musk So high stars eat our dust", "likes_count": 0, "replies_count": 0, "retweets_count": 0, "hashtags": []}
{"id": 901593137247907841, "date": "2017-08-26", "time": "19:52:09", "tweet": "Elon Musk is the real-life Eggman... you just wonder where the hell he gets all the money for all his obscenely expensive projects.", "likes_count": 0, "replies_count": 1, "retweets_count": 0, "hashtags": []}
{"id": 901593088753254401, "date": "2017-08-26", "time": "19:51:57", "tweet": "@BrewCityChaser @JPMajor @BP_Hutch @WaywardPlane @_Astro_Nerd_ @JuleahKaliski @ELGR3CO @vastidity @BackyrdAstroGuy @Ben27603 @Michael_D_Crow @anton_vtiurin @ofnobleblood @KeikoGoblyn @therogue_astro @pilliarscreatio @Glowsinthedark9 @spacedixon @weasdown @astro_savannah @milind_kawli @Ascii211 @wardniner @WinterBynes @AuerSusan @BeckePhysics @MerlinTheEngine @SLC4_LZ2 @RabAusten @torybruno @SpaceXPad39A @F9Strongback @dzsenits @jccwrt @tracy_karin @ShenovaFashion @Astro_Adept @FalconGridFin @ulalaunch @theflametrench @NASA_Nerd @thehighfrontier @NASA @elonmusk @SpaceX   https://t.co/0Q58qL7N2j", "likes_count": 8, "replies_count": 1, "retweets_count": 0, "hashtags": []}
{"id": 901592725820121088, "date": "2017-08-26", "time": "19:50:31", "tweet": "@JamieBrownFE95 Btw, do you think @elonmusk is fake too? Those rockets he uses are just for show right? There's no such thing as a satellite..silly humans", "likes_count": 0, "replies_count": 0, "retweets_count": 0, "hashtags": []}
{"id": 901592583297654784, "date": "2017-08-26", "time": "19:49:57", "tweet": "@elonmusk I have upgraded to an actual dog bed in the back of my car to sleep in, which I bought.", "likes_count": 0, "replies_count": 0, "retweets_count": 0, "hashtags": []}
{"id": 901592540033503234, "date": "2017-08-26", "time": "19:49:46", "tweet": "@JPMajor @BP_Hutch @WaywardPlane @_Astro_Nerd_ @GalileoMoon @JuleahKaliski @ELGR3CO @vastidity @BackyrdAstroGuy @Ben27603 @Michael_D_Crow @anton_vtiurin @ofnobleblood @KeikoGoblyn @therogue_astro @pilliarscreatio @Glowsinthedark9 @spacedixon @weasdown @astro_savannah @milind_kawli @Ascii211 @wardniner @WinterBynes @AuerSusan @BeckePhysics @MerlinTheEngine @SLC4_LZ2 @RabAusten @torybruno @SpaceXPad39A @F9Strongback @dzsenits @jccwrt @tracy_karin @ShenovaFashion @Astro_Adept @FalconGridFin @ulalaunch @theflametrench @NASA_Nerd @thehighfrontier @NASA @elonmusk @SpaceX   https://t.co/vULGB4s354", "likes_count": 5, "replies_count": 1, "retweets_count": 0, "hashtags": []}
{"id": 901592537080659968, "date": "2017-08-26", "time": "19:49:46", "tweet": "How about a #Tesla rental program @elonmusk 1500 miles with autopilot would be sweet 🙌🏼🚗💨", "likes_count": 0, "replies_count": 0, "retweets_count": 0, "hashtags": ["tesla"]}
{"id": 901592507640721408, "date": "2017-08-26", "time": "19:49:39", "tweet": "Latest rap trend: referencing @elonmusk in your bars..", "likes_count": 0, "replies_count": 0, "retweets_count": 0, "hashtags": []}
{"id": 901592313310228481, "date": "2017-08-26", "time": "19:48:52", "tweet": "@elonmusk #RevQs4Rav4EVs", "likes_count": 0, "replies_count": 0, "retweets_count": 0, "hashtags": ["revqs4rav4evs"]}
{"id": 901592170938949632, "date": "2017-08-26", "time": "19:48:18", "tweet": "\"Elon Musk presenta el nuevo traje espacial de SpaceX\"  https://t.co/e6i2L0ZVHB #readlater #feedly", "likes_count": 0, "replies_count": 0, "retweets_count": 0, "hashtags": ["readlater", "feedly"]}
{"id": 901592102823493633, "date": "2017-08-26", "time": "19:48:02", "tweet": "@elonmusk Impressive the control you achieved over a fucking big thing of metal falling down quickly and hot! This is Science, not fiction 😉", "likes_count": 0, "replies_count": 0, "retweets_count": 0, "hashtags": []}
{"id": 901591906886529024, "date": "2017-08-26", "time": "19:47:16", "tweet": "🔌 @elonmusk's $27M ‘Matrix’ plan to plug the human brain into a computer  https://t.co/CYUl9uo3EY via @MailOnline 📰", "likes_count": 0, "replies_count": 0, "retweets_count": 0, "hashtags": []}
{"id": 901591721359826944, "date": "2017-08-26", "time": "19:46:31", "tweet": "@elonmusk Nailed it", "likes_count": 0, "replies_count": 0, "retweets_count": 0, "hashtags": []}
{"id": 901591660081045504, "date": "2017-08-26", "time": "19:46:17", "tweet": "@elonmusk Any comment from you / @TeslaMotors's on the views expressed in this @latimes article?  https://t.co/ADYkS6hNYm", "likes_count": 0, "replies_count": 0, "retweets_count": 0, "hashtags": []}
{"id": 901591278420459521, "date": "2017-08-26", "time": "19:44:46", "tweet": "Shout out to Elon... MUSK", "likes_count": 1, "replies_count": 1, "retweets_count": 0, "hashtags": []}
{"id": 901591153396547585, "date": "2017-08-26", "time": "19:44:16", "tweet": "Elon Musk ya ha recaudado 27 millones de dólares para conectar cerebros a ordenadores con su compañía Neuralink  https://t.co/FXgGcROrzQ", "likes_count": 0, "replies_count": 0, "retweets_count": 0, "hashtags": []}
{"id": 901590928103702528, "date": "2017-08-26", "time": "19:43:22", "tweet": "London to Manchester in 18 minutes - Meet the Brits behind Elon Musk's Hyperloop  https://t.co/iWswioOWbJ", "likes_count": 0, "replies_count": 0, "retweets_count": 0, "hashtags": []}
{"id": 901590911808823296, "date": "2017-08-26", "time": "19:43:18", "tweet": "\"Elon Musk\" by Bec Hill &amp; Jay Foreman  https://t.co/Z9Emc1mLZS via @YouTube", "likes_count": 0, "replies_count": 0, "retweets_count": 0, "hashtags": []}
{"id": 901590604064411650, "date": "2017-08-26", "time": "19:42:05", "tweet": "Elon Musk leads 116 experts calling for outright ban of killer robots  https://t.co/bLMKNJOuCo", "likes_count": 0, "replies_count": 0, "retweets_count": 0, "hashtags": []}
{"id": 901590400942649345, "date": "2017-08-26", "time": "19:41:16", "tweet": "@elonmusk if I use aerowheels could I reach 341 range (10% increase above 310)?", "likes_count": 0, "replies_count": 0, "retweets_count": 0, "hashtags": []}
{"id": 901589790017105921, "date": "2017-08-26", "time": "19:38:51", "tweet": "@elonmusk that's a great reward for your work  https://t.co/Q1EUaKGRxX", "likes_count": 0, "replies_count": 0, "retweets_count": 0, "hashtags": []}
{"id": 901589661763719168, "date": "2017-08-26", "time": "19:38:20", "tweet": "...Lovely...  Elon Musk’s Neuralink gets $27 million to build brain computers  https://t.co/pvsaxQTb9h via @technology", "likes_count": 0, "replies_count": 0, "retweets_count": 0, "hashtags": []}
{"id": 901589610421248001, "date": "2017-08-26", "time": "19:38:08", "tweet": "@aclgch Did SpaceX land on Mars yet? We'll tell you when it happens. Subscribe to Elon Musk News  https://t.co/uhzxzvIELZ", "likes_count": 0, "replies_count": 0, "retweets_count": 0, "hashtags": []}
{"id": 901589605899632642, "date": "2017-08-26", "time": "19:38:07", "tweet": "Elon Musk recibe autorización para realizar un túnel en California -  https://t.co/tVS0pgRYd4", "likes_count": 0, "replies_count": 0, "retweets_count": 0, "hashtags": []}
{"id": 901589494972813312, "date": "2017-08-26", "time": "19:37:40", "tweet": "Why Elon Musk might be right about his artificial intelligence warnings  https://t.co/ul8AGeX93U", "likes_count": 1, "replies_count": 0, "retweets_count": 0, "hashtags": []}
{"id": 901589406724890624, "date": "2017-08-26", "time": "19:37:19", "tweet": "How close are we to Elon Musk's brain-computer interface?  How close are we to connecting our brains to our tech  https://t.co/tetx9Lw9TG", "likes_count": 0, "replies_count": 0, "retweets_count": 0, "hashtags": []}
{"id": 901589099655680000, "date": "2017-08-26", "time": "19:36:06", "tweet": "@ApoorvaKashyap9 Have you subscribed to Elon Musk News, Apoorva?  https://t.co/uhzxzvIELZ", "likes_count": 0, "replies_count": 0, "retweets_count": 0, "hashtags": []}
{"id": 901588849662537728, "date": "2017-08-26", "time": "19:35:07", "tweet": "Top story: Elon Musk’s brain interface startup Neuralink files $27M fundraise  …  https://t.co/ct1Yctoad2, see more  https://t.co/C9I8DDLBUa", "likes_count": 1, "replies_count": 0, "retweets_count": 0, "hashtags": []}
