{"id": 820420165246582784, "date": "2017-01-14", "time": "18:59:44", "tweet": "Congratulation to @elonmusk and @SpaceX, what a wonderful start, gorgeous landing and successful deployment! 🚀🛰#spacex #falcon9 #iridiumNEXT  https://t.co/jc7lQXTNPf", "likes_count": 2, "replies_count": 0, "retweets_count": 1, "hashtags": ["spacex", "falcon9", "iridiumnext"]}
{"id": 820420117662076928, "date": "2017-01-14", "time": "18:59:33", "tweet": "⚡ Elon Musk plans to build a city on Mars   https://t.co/U2QJSfyVVe", "likes_count": 0, "replies_count": 0, "retweets_count": 0, "hashtags": []}
{"id": 820420112721346561, "date": "2017-01-14", "time": "18:59:32", "tweet": "@elonmusk @TeslaMotors - Tesla feature request: Within a certain BPM, make the blinker click to the rythm of music playing.", "likes_count": 0, "replies_count": 0, "retweets_count": 0, "hashtags": []}
{"id": 820419952557498369, "date": "2017-01-14", "time": "18:58:54", "tweet": "@elonmusk just had a thought can't you just make it so the cars self-park to a waiting parking spot after charged? #tesla #supercharger", "likes_count": 0, "replies_count": 0, "retweets_count": 0, "hashtags": ["tesla", "supercharger"]}
{"id": 820419924354924546, "date": "2017-01-14", "time": "18:58:47", "tweet": "@elonmusk my most heartfelt congratulations to you!", "likes_count": 0, "replies_count": 0, "retweets_count": 0, "hashtags": []}
{"id": 820419904272797697, "date": "2017-01-14", "time": "18:58:42", "tweet": "@elonmusk Dear Elon and Team, as a German I´m deeply impressed of what you achieved now. You now finally have gone beyond Wernher von Braun!", "likes_count": 0, "replies_count": 0, "retweets_count": 0, "hashtags": []}
{"id": 820419837516128256, "date": "2017-01-14", "time": "18:58:26", "tweet": "@elonmusk  1-2-3-4 #IDeclareAThumbWar 😂", "likes_count": 0, "replies_count": 0, "retweets_count": 0, "hashtags": ["ideclareathumbwar"]}
{"id": 820419787952160769, "date": "2017-01-14", "time": "18:58:14", "tweet": "@SpaceX @elonmusk Impressed... as usual (maybe have to find another word for future wins). Thanks.", "likes_count": 0, "replies_count": 0, "retweets_count": 0, "hashtags": []}
{"id": 820419781681672192, "date": "2017-01-14", "time": "18:58:13", "tweet": "Elon Musk is pretty nice though.", "likes_count": 0, "replies_count": 0, "retweets_count": 0, "hashtags": []}
{"id": 820419589737738240, "date": "2017-01-14", "time": "18:57:27", "tweet": "@HL10PM @hws5mp @DJSnM @astVintageSpace @CpTplanespotter @Cosmicstrenght3 @eHardinda @stephenfortune @YouTube @TimOster @elonmusk Spectacular! I can't watch it enough.", "likes_count": 2, "replies_count": 0, "retweets_count": 1, "hashtags": []}
{"id": 820419587124658176, "date": "2017-01-14", "time": "18:57:26", "tweet": "SpaceX : quatre mois après un accident, Elon Musk repart à la conquête de l'espace  https://t.co/goiU02iHPR", "likes_count": 0, "replies_count": 0, "retweets_count": 0, "hashtags": []}
{"id": 820419555168321538, "date": "2017-01-14", "time": "18:57:19", "tweet": "@DMattingley Did SpaceX land on Mars yet? We'll tell you when it happens. Subscribe to Elon Musk News  https://t.co/uhzxzvIELZ", "likes_count": 0, "replies_count": 0, "retweets_count": 0, "hashtags": []}
{"id": 820419438172393472, "date": "2017-01-14", "time": "18:56:51", "tweet": "Right, I forgot that all Tesla ships are optimistically named for Culture Minds  I hope @elonmusk never launches the Grey Area  https://t.co/CTUDl8oapx", "likes_count": 0, "replies_count": 0, "retweets_count": 0, "hashtags": []}
{"id": 820419299915468802, "date": "2017-01-14", "time": "18:56:18", "tweet": "@Rancherbrown01 I hope you have a great Saturday! Did you see our Elon Musk newsletter? https://t.co/uhzxzvIELZ", "likes_count": 0, "replies_count": 0, "retweets_count": 0, "hashtags": []}
{"id": 820419173604007937, "date": "2017-01-14", "time": "18:55:48", "tweet": "@SpaceX @elonmusk can't wait to see live (in person) heavy triple landing... At night!", "likes_count": 0, "replies_count": 0, "retweets_count": 0, "hashtags": []}
{"id": 820419044755050497, "date": "2017-01-14", "time": "18:55:17", "tweet": "@elonmusk is it tilted like Thaicom 8, or just the fisheye lens?", "likes_count": 0, "replies_count": 0, "retweets_count": 0, "hashtags": []}
{"id": 820418873245700096, "date": "2017-01-14", "time": "18:54:36", "tweet": "@SpaceX @elonmusk the precision is so hi that you could remove the legs from the rocket and use a fix structure on the ship...", "likes_count": 0, "replies_count": 0, "retweets_count": 0, "hashtags": []}
{"id": 820418649685164034, "date": "2017-01-14", "time": "18:53:43", "tweet": "@elonmusk 🚀congrats", "likes_count": 0, "replies_count": 0, "retweets_count": 0, "hashtags": []}
{"id": 820418433372262401, "date": "2017-01-14", "time": "18:52:51", "tweet": "@elonmusk Congrats, awesome.", "likes_count": 0, "replies_count": 0, "retweets_count": 0, "hashtags": []}
{"id": 820418191503622144, "date": "2017-01-14", "time": "18:51:54", "tweet": "@elonmusk @TeslaEu @SpaceX +100", "likes_count": 0, "replies_count": 0, "retweets_count": 0, "hashtags": []}
{"id": 820417875282247680, "date": "2017-01-14", "time": "18:50:38", "tweet": "@elonmusk Peace, love and good luck from the Mothership in San Francisco. It's ALL Rock n' Roll.💥💥💥", "likes_count": 0, "replies_count": 0, "retweets_count": 0, "hashtags": []}
{"id": 820417826204696576, "date": "2017-01-14", "time": "18:50:27", "tweet": "@SpaceX @elonmusk Max cool!", "likes_count": 0, "replies_count": 0, "retweets_count": 0, "hashtags": []}
{"id": 820417818688557057, "date": "2017-01-14", "time": "18:50:25", "tweet": "Britain comes a step closer to a 760mph rail link: Four UK routes make shortlist for Elon Musk's Hyperloop ... -  https://t.co/8ypiF9ZT5C  https://t.co/SUWrviLo0Z", "likes_count": 0, "replies_count": 0, "retweets_count": 0, "hashtags": []}
{"id": 820417684009426944, "date": "2017-01-14", "time": "18:49:53", "tweet": "@Sustainablehero @inhabitat @elonmusk @BernieSanders Slapping solar panels on suburban sprawl &amp; parking lots hardly makes them sustainable.", "likes_count": 0, "replies_count": 0, "retweets_count": 0, "hashtags": []}
{"id": 820417643014328322, "date": "2017-01-14", "time": "18:49:43", "tweet": "@SpaceX @elonmusk Ladies and gentleman, Falcon has landed ❤️🇺🇸🚀", "likes_count": 0, "replies_count": 0, "retweets_count": 0, "hashtags": []}
{"id": 820417641311391744, "date": "2017-01-14", "time": "18:49:42", "tweet": "To the dreamers, congratulations to @elonmusk and @SpaceX for making history today!   Another small step for man, a giant leap for humanity.", "likes_count": 103, "replies_count": 1, "retweets_count": 31, "hashtags": []}
{"id": 820417602044461056, "date": "2017-01-14", "time": "18:49:33", "tweet": "Congrats to the entire @SpaceX team - you make all of us proud - you too @elonmusk lol! Cheers)  https://t.co/hW4vO5Qeby", "likes_count": 2, "replies_count": 0, "retweets_count": 0, "hashtags": []}
{"id": 820417369231265792, "date": "2017-01-14", "time": "18:48:38", "tweet": "@SpaceX @elonmusk That is soooo sweet &amp; cool it makes the Sci geek in me scream YEAH", "likes_count": 0, "replies_count": 0, "retweets_count": 0, "hashtags": []}
{"id": 820417353297121280, "date": "2017-01-14", "time": "18:48:34", "tweet": "@elonmusk congrats to the spacex team.", "likes_count": 0, "replies_count": 0, "retweets_count": 0, "hashtags": []}
{"id": 820417064783511552, "date": "2017-01-14", "time": "18:47:25", "tweet": "Elon Musk on Mars travel: Ready to die?  https://t.co/TP42k3iiww", "likes_count": 0, "replies_count": 0, "retweets_count": 0, "hashtags": []}
{"id": 820417009762480128, "date": "2017-01-14", "time": "18:47:12", "tweet": "Congratulations @elonmusk @SpaceX that was spectacular!  https://t.co/I3iKyFidMb", "likes_count": 0, "replies_count": 0, "retweets_count": 0, "hashtags": []}
{"id": 820417007640317953, "date": "2017-01-14", "time": "18:47:11", "tweet": "@SpaceX @elonmusk how cool and is that", "likes_count": 0, "replies_count": 0, "retweets_count": 0, "hashtags": []}
{"id": 820416905823535106, "date": "2017-01-14", "time": "18:46:47", "tweet": "Maybe someone who enjoys @JeffBezos' respect could talk to him about @amazon ads on Breitbart... like @elonmusk or @tim_cook?  https://t.co/gmmAJQAyvB", "likes_count": 2, "replies_count": 0, "retweets_count": 2, "hashtags": []}
{"id": 820416875045777408, "date": "2017-01-14", "time": "18:46:40", "tweet": "Hell yeah! 👏👏👏nice job @elonmusk &amp; @SpaceX 👍🎯🚀  https://t.co/YAveVVVdyt", "likes_count": 0, "replies_count": 0, "retweets_count": 0, "hashtags": []}
{"id": 820416753440165888, "date": "2017-01-14", "time": "18:46:11", "tweet": "@elonmusk just 10? Isro is launching 103 satellites at a time with single rocket in this month.", "likes_count": 0, "replies_count": 1, "retweets_count": 0, "hashtags": []}
{"id": 820416623588671488, "date": "2017-01-14", "time": "18:45:40", "tweet": "@elonmusk @tempted2connect congrats- amazing achievement- I admire the technology but its mostly your ambitious drive I relate to", "likes_count": 1, "replies_count": 0, "retweets_count": 0, "hashtags": []}
{"id": 820416525798703105, "date": "2017-01-14", "time": "18:45:17", "tweet": "@elonmusk Very happy for you and SpaceX! Congratulations!", "likes_count": 0, "replies_count": 0, "retweets_count": 0, "hashtags": []}
{"id": 820416514830585856, "date": "2017-01-14", "time": "18:45:14", "tweet": "@elonmusk \"This is ground control to major Tom... Rocket is stable on the droneship\" &lt;--- 1st revision David Bowie lyric", "likes_count": 0, "replies_count": 0, "retweets_count": 0, "hashtags": []}
{"id": 820416460426088449, "date": "2017-01-14", "time": "18:45:01", "tweet": "@elonmusk congrats on the successful launch today! Caught it on Youtube, first stage landing on JRTI was perfect, love the live stream!", "likes_count": 0, "replies_count": 0, "retweets_count": 1, "hashtags": []}
{"id": 820416204057743362, "date": "2017-01-14", "time": "18:44:00", "tweet": "@elonmusk Take your @SpaceX staff to see @HiddenFigures", "likes_count": 0, "replies_count": 0, "retweets_count": 0, "hashtags": []}
{"id": 820416018157858817, "date": "2017-01-14", "time": "18:43:15", "tweet": "@SpaceX @elonmusk that would be a 10 congrats", "likes_count": 0, "replies_count": 0, "retweets_count": 0, "hashtags": []}
{"id": 820415953213136896, "date": "2017-01-14", "time": "18:43:00", "tweet": "Congratulations @elonmusk #IdeasMatter #GreatThinkers #inspiration  https://t.co/5bPKR4UxQj", "likes_count": 2, "replies_count": 0, "retweets_count": 3, "hashtags": ["ideasmatter", "greatthinkers", "inspiration"]}
{"id": 820415573662240768, "date": "2017-01-14", "time": "18:41:30", "tweet": "Congratulations @elonmusk and all the @SpaceX Team for the launch success!!!! #falcon9 #SpaceX #satellite #future #leadership #tech  https://t.co/guyAXL2aL5", "likes_count": 1, "replies_count": 0, "retweets_count": 0, "hashtags": ["falcon9", "spacex", "satellite", "future", "leadership", "tech"]}
{"id": 820415423573295104, "date": "2017-01-14", "time": "18:40:54", "tweet": "Elon Musk Takes Customer Complaint on Twitter From Idea to Execution in 6 Days  https://t.co/meJkK7hnYA  https://t.co/J26kvFZgKz", "likes_count": 0, "replies_count": 0, "retweets_count": 0, "hashtags": []}
{"id": 820415406108250114, "date": "2017-01-14", "time": "18:40:50", "tweet": "First stage has landed on Just Read the Instructions  https://t.co/1g2uaf17UT by #elonmusk", "likes_count": 0, "replies_count": 0, "retweets_count": 0, "hashtags": ["elonmusk"]}
{"id": 820415378132062208, "date": "2017-01-14", "time": "18:40:43", "tweet": "Bravo @elonmusk !  Now it's on to Mars.  https://t.co/we7OVhwa1o", "likes_count": 0, "replies_count": 0, "retweets_count": 0, "hashtags": []}
{"id": 820415240521158656, "date": "2017-01-14", "time": "18:40:10", "tweet": "@SpaceX @elonmusk does F9 first stage talk to JRTI droneship to compensate for wave-induced pitch/roll during landing? That boats a rockin!", "likes_count": 0, "replies_count": 0, "retweets_count": 0, "hashtags": []}
{"id": 820415204748132354, "date": "2017-01-14", "time": "18:40:02", "tweet": "@TimOster @SpaceX @elonmusk awesome!", "likes_count": 2, "replies_count": 0, "retweets_count": 0, "hashtags": []}
{"id": 820415043011493888, "date": "2017-01-14", "time": "18:39:23", "tweet": "Elon Musk and I are INTJ brothers", "likes_count": 3, "replies_count": 0, "retweets_count": 0, "hashtags": []}
{"id": 820414955748872192, "date": "2017-01-14", "time": "18:39:02", "tweet": "@Jason glad you did this, some good stuff on @elonmusk &amp; @SpaceX feeds today!", "likes_count": 0, "replies_count": 0, "retweets_count": 0, "hashtags": []}
{"id": 820414818725363713, "date": "2017-01-14", "time": "18:38:30", "tweet": "@elonmusk All of us at #PassionPlanet love you Elon!", "likes_count": 0, "replies_count": 0, "retweets_count": 0, "hashtags": ["passionplanet"]}
{"id": 820414726140268545, "date": "2017-01-14", "time": "18:38:07", "tweet": "@SpaceX @elonmusk Congrats Boss!", "likes_count": 0, "replies_count": 0, "retweets_count": 0, "hashtags": []}
{"id": 820414701783891968, "date": "2017-01-14", "time": "18:38:02", "tweet": "@SpaceX @elonmusk Congratulations on a successful mission today! You continue to make #Space #History!", "likes_count": 1, "replies_count": 0, "retweets_count": 0, "hashtags": ["space", "history"]}
{"id": 820414490453966850, "date": "2017-01-14", "time": "18:37:11", "tweet": "Elon Musk Makes A Landing ##SpaceX  https://t.co/PilXiXeuqH", "likes_count": 0, "replies_count": 0, "retweets_count": 0, "hashtags": ["spacex"]}
{"id": 820414323902164992, "date": "2017-01-14", "time": "18:36:32", "tweet": "@SpaceX @elonmusk good to know. Congrats...", "likes_count": 0, "replies_count": 0, "retweets_count": 0, "hashtags": []}
{"id": 820414209292910593, "date": "2017-01-14", "time": "18:36:04", "tweet": "@elonmusk  @BoredElonMusk  when will you just admit you're a real-life Bond villain?   https://t.co/BcSFJpK8Lq", "likes_count": 0, "replies_count": 0, "retweets_count": 0, "hashtags": []}
{"id": 820414195640438784, "date": "2017-01-14", "time": "18:36:01", "tweet": "@elonmusk Awesome. Congrats", "likes_count": 0, "replies_count": 0, "retweets_count": 0, "hashtags": []}
{"id": 820414136584720384, "date": "2017-01-14", "time": "18:35:47", "tweet": "@SpaceX @elonmusk congrats!!", "likes_count": 0, "replies_count": 0, "retweets_count": 0, "hashtags": []}
{"id": 820414039473975296, "date": "2017-01-14", "time": "18:35:24", "tweet": "[WP] Elon Musk tweets \"All satellites destroyed\" instead of \"All satellites deployed\"  https://t.co/wDDBRWuZh8", "likes_count": 0, "replies_count": 0, "retweets_count": 0, "hashtags": []}
{"id": 820413900994859009, "date": "2017-01-14", "time": "18:34:51", "tweet": "@elonmusk you're the most physical representation of the future i've ever seen, sir", "likes_count": 0, "replies_count": 0, "retweets_count": 0, "hashtags": []}
