{"id": 822956593994043392, "date": "2017-01-21", "time": "18:58:36", "tweet": "@elonmusk @VinnyLingham we need a vehicle upgrade program :)", "likes_count": 1, "replies_count": 3, "retweets_count": 0, "hashtags": []}
{"id": 822956422061322240, "date": "2017-01-21", "time": "18:57:55", "tweet": "@VinnyLingham @elonmusk HW1 cars still and order of magnitude better than any gas car!", "likes_count": 0, "replies_count": 0, "retweets_count": 0, "hashtags": []}
{"id": 822955692034125824, "date": "2017-01-21", "time": "18:55:01", "tweet": "@elonmusk so lemme get this straight; America is  blowing up and this billionaire is blowing auto smoke up our arse. See the disconnect pal?", "likes_count": 0, "replies_count": 0, "retweets_count": 0, "hashtags": []}
{"id": 822955644399456258, "date": "2017-01-21", "time": "18:54:50", "tweet": "@chrishofvegar @elonmusk phys. store opening q2 this year", "likes_count": 0, "replies_count": 0, "retweets_count": 0, "hashtags": []}
{"id": 822955336562712577, "date": "2017-01-21", "time": "18:53:36", "tweet": "#tech2s Elon Musk's SpaceX is again to inventing the longer term after a profitable rocket launch ... -Click Link  https://t.co/b26WpwrsMB  https://t.co/knCQIEi7tu", "likes_count": 0, "replies_count": 0, "retweets_count": 0, "hashtags": ["tech2s"]}
{"id": 822955029707431937, "date": "2017-01-21", "time": "18:52:23", "tweet": "@mattbtc @TheBlacktom @elonmusk it's like my work PC was listening to this conversation...  https://t.co/qPCVk90n06", "likes_count": 9, "replies_count": 1, "retweets_count": 0, "hashtags": []}
{"id": 822954721015111680, "date": "2017-01-21", "time": "18:51:09", "tweet": "Tesla's first phase of Enhanced Autopilot is finally coming out today, but Elon Musk urges people to be - Electrek  https://t.co/pgbWNUnnEB", "likes_count": 0, "replies_count": 0, "retweets_count": 0, "hashtags": []}
{"id": 822954543298347009, "date": "2017-01-21", "time": "18:50:27", "tweet": "@elonmusk the need for an x for my little family is so strong it's unbearable! only ever be a dream! great work though elon and thank you.", "likes_count": 0, "replies_count": 0, "retweets_count": 0, "hashtags": []}
{"id": 822954367653396481, "date": "2017-01-21", "time": "18:49:45", "tweet": "@elonmusk is there any way someone living at central America could work for you?", "likes_count": 0, "replies_count": 0, "retweets_count": 0, "hashtags": []}
{"id": 822954209087811585, "date": "2017-01-21", "time": "18:49:07", "tweet": "@thisradiates @elonmusk @inc @justinjbariso BETTY PUT LIPS AROUND MY SHAFT, NOW", "likes_count": 0, "replies_count": 0, "retweets_count": 0, "hashtags": []}
{"id": 822954202540294148, "date": "2017-01-21", "time": "18:49:06", "tweet": "Worst fear confirmed. @elonmusk hurry up. Trump will destroy this planet &amp; we've to hurry up &amp; migrate @PaulEDawson  https://t.co/U0V80vJ3oG", "likes_count": 0, "replies_count": 0, "retweets_count": 0, "hashtags": []}
{"id": 822954089696759808, "date": "2017-01-21", "time": "18:48:39", "tweet": "@chrishofvegar @elonmusk tesla orders are able to be shipped to New Zealand.", "likes_count": 0, "replies_count": 2, "retweets_count": 0, "hashtags": []}
{"id": 822954065470648320, "date": "2017-01-21", "time": "18:48:33", "tweet": "@Diane_7A @hodgman  I think Elon Musk has been working to become Batman.", "likes_count": 0, "replies_count": 0, "retweets_count": 0, "hashtags": []}
{"id": 822953595989557248, "date": "2017-01-21", "time": "18:46:41", "tweet": "@fokinprawn @LukaszJenczmyk @elonmusk Yeah, ah well, at least EchoStar will get to GTO :)", "likes_count": 1, "replies_count": 0, "retweets_count": 0, "hashtags": []}
{"id": 822953572119691265, "date": "2017-01-21", "time": "18:46:35", "tweet": "@elonmusk   https://t.co/MIFo9fU0Gf", "likes_count": 0, "replies_count": 0, "retweets_count": 0, "hashtags": []}
{"id": 822953563320107008, "date": "2017-01-21", "time": "18:46:33", "tweet": "@elonmusk hell i dont understand a word but i'mma like the tweet coz it's my boouuy elon", "likes_count": 0, "replies_count": 0, "retweets_count": 0, "hashtags": []}
{"id": 822953370856132609, "date": "2017-01-21", "time": "18:45:48", "tweet": "@VinnyLingham @elonmusk I think a recent price increase and new supercharger rules help keep resale up. AP2 retrofits wuld b nice tho", "likes_count": 0, "replies_count": 0, "retweets_count": 0, "hashtags": []}
{"id": 822952975538786305, "date": "2017-01-21", "time": "18:44:13", "tweet": "@johnpatricwoods to be fair, return journey was much better. Talked about elon musk and Paul zane pilzer.", "likes_count": 0, "replies_count": 0, "retweets_count": 0, "hashtags": []}
{"id": 822952637737930753, "date": "2017-01-21", "time": "18:42:53", "tweet": "@LukaszJenczmyk @SpaceXUpdates @elonmusk this is going to be so sad to watch :(", "likes_count": 1, "replies_count": 1, "retweets_count": 0, "hashtags": []}
{"id": 822951983422308354, "date": "2017-01-21", "time": "18:40:17", "tweet": "Trump Critic Elon Musk Chosen for Presidential Advisory Team -  https://t.co/Tsc6vObwDO", "likes_count": 0, "replies_count": 0, "retweets_count": 0, "hashtags": []}
{"id": 822951536992993280, "date": "2017-01-21", "time": "18:38:30", "tweet": "@elonmusk Check out Tesla Model S Wrapped for 3M Commercial  https://t.co/ifYZRYKNpg", "likes_count": 0, "replies_count": 1, "retweets_count": 0, "hashtags": []}
{"id": 822951386614759424, "date": "2017-01-21", "time": "18:37:54", "tweet": "@elonmusk ok cool let me know how it goes.", "likes_count": 0, "replies_count": 0, "retweets_count": 0, "hashtags": []}
{"id": 822951022901522432, "date": "2017-01-21", "time": "18:36:28", "tweet": "@elonmusk how do I find out if my Hardware is HW1 or HW2?", "likes_count": 0, "replies_count": 0, "retweets_count": 0, "hashtags": []}
{"id": 822950853472440320, "date": "2017-01-21", "time": "18:35:47", "tweet": "@elonmusk - came into Tesla to tradein my Model S &amp; shocked at value. What happened w ur guarantee pricing?", "likes_count": 0, "replies_count": 0, "retweets_count": 0, "hashtags": []}
{"id": 822950779078184964, "date": "2017-01-21", "time": "18:35:30", "tweet": "@elonmusk  Idea for a Tesla ad. The NHTSA are doing a crash test on the model3 but the auto pilot keep stopping the car before it crashes. 🤗", "likes_count": 0, "replies_count": 0, "retweets_count": 0, "hashtags": []}
{"id": 822950484503916544, "date": "2017-01-21", "time": "18:34:19", "tweet": "@mrmeireles @elonmusk According to his AMA, many optimizations, mostly revolving around easier reusability.", "likes_count": 2, "replies_count": 0, "retweets_count": 0, "hashtags": []}
{"id": 822950329176231936, "date": "2017-01-21", "time": "18:33:42", "tweet": "@Tesla_Canada @elonmusk  contacted your company 12 times by phone email facebook and now twitter, no sales in @Canada #Fail #takemymoney", "likes_count": 0, "replies_count": 0, "retweets_count": 0, "hashtags": ["fail", "takemymoney"]}
{"id": 822950327204855810, "date": "2017-01-21", "time": "18:33:42", "tweet": "@valleyhack I'm reading your book on @elonmusk ,congratulations, so interesting and pleasing to read ! 😊 ... I return to my reading ! 📖", "likes_count": 1, "replies_count": 0, "retweets_count": 0, "hashtags": []}
{"id": 822950120081723392, "date": "2017-01-21", "time": "18:32:52", "tweet": "@elonmusk validating? Was there a unknown change in code? Breach?", "likes_count": 0, "replies_count": 0, "retweets_count": 0, "hashtags": []}
{"id": 822950087894646785, "date": "2017-01-21", "time": "18:32:45", "tweet": "Will Elon Musk's Master Plan reinvent our cities?  https://t.co/eozDIMgvLk", "likes_count": 1, "replies_count": 0, "retweets_count": 1, "hashtags": []}
{"id": 822948821902749696, "date": "2017-01-21", "time": "18:27:43", "tweet": "@pachiche1 @YouTube @elonmusk I just want to flee Trump's America™ 😉", "likes_count": 0, "replies_count": 0, "retweets_count": 0, "hashtags": []}
{"id": 822948608299257857, "date": "2017-01-21", "time": "18:26:52", "tweet": "@AaronSuplizio @TheBlacktom @elonmusk right when your presentation starts. That one is a real treat.", "likes_count": 3, "replies_count": 1, "retweets_count": 0, "hashtags": []}
{"id": 822948201783300096, "date": "2017-01-21", "time": "18:25:15", "tweet": "@TheBlacktom @elonmusk @gdoehne it'll be block 5 and the final version of Falcon 9 as it mostly focuses on optimising for reusabillity", "likes_count": 0, "replies_count": 0, "retweets_count": 0, "hashtags": []}
{"id": 822948146754048002, "date": "2017-01-21", "time": "18:25:02", "tweet": "Elon Musk (fondateur de Paypal, Tesla &amp; Space X) - MOTIVATION - Les 10 r...  https://t.co/DoVBQHILvC", "likes_count": 0, "replies_count": 0, "retweets_count": 0, "hashtags": []}
{"id": 822947867937607680, "date": "2017-01-21", "time": "18:23:56", "tweet": "@nahhman @elonmusk You would... xD", "likes_count": 0, "replies_count": 0, "retweets_count": 0, "hashtags": []}
{"id": 822947846404063232, "date": "2017-01-21", "time": "18:23:50", "tweet": "@elonmusk  https://t.co/xWGMSowixE", "likes_count": 0, "replies_count": 0, "retweets_count": 0, "hashtags": []}
{"id": 822947801055236098, "date": "2017-01-21", "time": "18:23:40", "tweet": "@andrerodpt @gdoehne @elonmusk actually an alternative Raptor upperstage for at least FH if planned ;)", "likes_count": 0, "replies_count": 0, "retweets_count": 0, "hashtags": []}
{"id": 822947680200560640, "date": "2017-01-21", "time": "18:23:11", "tweet": "@HiredCam @elonmusk no no no, im taking full credit for this one", "likes_count": 0, "replies_count": 1, "retweets_count": 0, "hashtags": []}
{"id": 822947622960959488, "date": "2017-01-21", "time": "18:22:57", "tweet": "@Rayman1113 @elonmusk I hope so", "likes_count": 1, "replies_count": 0, "retweets_count": 0, "hashtags": []}
{"id": 822947595190411265, "date": "2017-01-21", "time": "18:22:50", "tweet": "@nahhman @elonmusk Dammit, Hannah, you're supposed to say \"asking for a friend\"...", "likes_count": 0, "replies_count": 1, "retweets_count": 0, "hashtags": []}
