{"id": 962476249653288960, "date": "2018-02-10", "time": "18:59:54", "tweet": "Where is Elon Musk's car going? |  https://t.co/qj4RVmtezi  https://t.co/ocqWl9mBWc", "likes_count": 0, "replies_count": 0, "retweets_count": 0, "hashtags": []}
{"id": 962476232645447680, "date": "2018-02-10", "time": "18:59:50", "tweet": "Why NASA is keeping tabs on Elon Musk's roadster  https://t.co/n8e1VlsZtD", "likes_count": 0, "replies_count": 0, "retweets_count": 0, "hashtags": []}
{"id": 962476223057162240, "date": "2018-02-10", "time": "18:59:48", "tweet": "Alchemy is real I have the formula I’m being followed, if I disappear it was Elon Musk", "likes_count": 1, "replies_count": 0, "retweets_count": 0, "hashtags": []}
{"id": 962476222490947584, "date": "2018-02-10", "time": "18:59:48", "tweet": "My role model @elonmusk  https://t.co/nW1djw3OEx", "likes_count": 0, "replies_count": 0, "retweets_count": 0, "hashtags": []}
{"id": 962476214815481856, "date": "2018-02-10", "time": "18:59:46", "tweet": "\"Elon Musk: Using Corny Sentiment To Your Business Advantage\"", "likes_count": 0, "replies_count": 0, "retweets_count": 0, "hashtags": []}
{"id": 962476186176811009, "date": "2018-02-10", "time": "18:59:39", "tweet": "@ExistentialEnso Elon Musk has more disposable income than Kelly Ellis, therefore Musk is automatically a better person /s", "likes_count": 0, "replies_count": 0, "retweets_count": 0, "hashtags": []}
{"id": 962476174931787776, "date": "2018-02-10", "time": "18:59:36", "tweet": "@elonmusk 👌  https://t.co/HMgRbsjYdN", "likes_count": 1, "replies_count": 0, "retweets_count": 0, "hashtags": []}
{"id": 962476159454736384, "date": "2018-02-10", "time": "18:59:33", "tweet": "@flatearthexpert @elonmusk flip the background? what do you mean? what background?", "likes_count": 0, "replies_count": 1, "retweets_count": 0, "hashtags": []}
{"id": 962476150080528384, "date": "2018-02-10", "time": "18:59:30", "tweet": "Yo @elonmusk do you wanna go get a coffee sometime and just talk about space? I'll buy.", "likes_count": 1, "replies_count": 0, "retweets_count": 0, "hashtags": []}
{"id": 962476144342822913, "date": "2018-02-10", "time": "18:59:29", "tweet": "NASA is keeping tabs on Elon Musk's Tesla roadster   https://t.co/A5kKLdUTrS via @CNNMoney", "likes_count": 0, "replies_count": 0, "retweets_count": 0, "hashtags": []}
{"id": 962476034259128321, "date": "2018-02-10", "time": "18:59:03", "tweet": "@elonmusk What a job,good  luck starman!", "likes_count": 0, "replies_count": 0, "retweets_count": 0, "hashtags": []}
{"id": 962476002873049089, "date": "2018-02-10", "time": "18:58:55", "tweet": "@MickTurski @elonmusk Będą sobie jeszcze kiedyś ludzie tatuować na czole te słowa! #amazing", "likes_count": 1, "replies_count": 1, "retweets_count": 0, "hashtags": ["amazing"]}
{"id": 962475991389089792, "date": "2018-02-10", "time": "18:58:52", "tweet": "@elonmusk  when is that position going to be ready? Exciting!", "likes_count": 0, "replies_count": 0, "retweets_count": 0, "hashtags": []}
{"id": 962475927597850624, "date": "2018-02-10", "time": "18:58:37", "tweet": "NASA is keeping tabs on Elon Musk's Tesla roadster   - CNNMoney #spacejunk   https://t.co/1UB5VoOheD", "likes_count": 0, "replies_count": 0, "retweets_count": 0, "hashtags": ["spacejunk"]}
{"id": 962475901916135424, "date": "2018-02-10", "time": "18:58:31", "tweet": "BBC News - Elon Musk: The man who sent his sports car into space  https://t.co/scT77j480A", "likes_count": 0, "replies_count": 0, "retweets_count": 0, "hashtags": []}
{"id": 962475829115617282, "date": "2018-02-10", "time": "18:58:14", "tweet": "@RoanokeMaven @elonmusk My only worry is if @elonmusk becomes #MrHouse from #FalloutNV", "likes_count": 1, "replies_count": 1, "retweets_count": 0, "hashtags": ["mrhouse", "falloutnv"]}
{"id": 962475801894686720, "date": "2018-02-10", "time": "18:58:07", "tweet": "Hello Twitter Land! My first tweet.  Isn't she lovely @elonmusk  https://t.co/jrjsXCIKXe", "likes_count": 1, "replies_count": 0, "retweets_count": 0, "hashtags": []}
{"id": 962475798299996160, "date": "2018-02-10", "time": "18:58:06", "tweet": "Elon Musk is my hero", "likes_count": 0, "replies_count": 0, "retweets_count": 0, "hashtags": []}
{"id": 962475541071884288, "date": "2018-02-10", "time": "18:57:05", "tweet": "St. Elon. @elonmusk (06.02)🙏🏼 @Tesla @SpaceX  https://t.co/1tXrJBs5Bt", "likes_count": 1, "replies_count": 0, "retweets_count": 0, "hashtags": []}
{"id": 962475533257801728, "date": "2018-02-10", "time": "18:57:03", "tweet": "@Sadowick If you think that car was/is floating in space, I can’t help ya. they clearly just flip the background to make it look like it’s floating in space. It never left the ground.   It looks so fuckin fake. I agree with @elonmusk on that.  #flatearth #spacex #teslainspace #falconheavy", "likes_count": 1, "replies_count": 2, "retweets_count": 1, "hashtags": ["flatearth", "spacex", "teslainspace", "falconheavy"]}
