{"id": 1008137102658297861, "date": "2018-06-16", "time": "19:59:50", "tweet": "@jxc @JacobCrankHogg @elonmusk Yep, pretty sure that's the one (you've failed miserably to show otherwise)", "likes_count": 0, "replies_count": 1, "retweets_count": 0, "hashtags": []}
{"id": 1008137089391587328, "date": "2018-06-16", "time": "19:59:47", "tweet": "I tike this guy @elonmusk but this is ridiculous  https://t.co/jOjlHDAnfI", "likes_count": 0, "replies_count": 0, "retweets_count": 0, "hashtags": []}
{"id": 1008137081766498304, "date": "2018-06-16", "time": "19:59:45", "tweet": "Elon Musk icat işlerinde ileri olabilir ama kesin bir eksiği vardır hep diyorduk kıskanıyorduk ya ahanda şimdi ortaya çıktı.", "likes_count": 4, "replies_count": 0, "retweets_count": 2, "hashtags": []}
{"id": 1008137077337313280, "date": "2018-06-16", "time": "19:59:44", "tweet": "Elon Musk  Engels &amp; Marx  🤔🤔🤔", "likes_count": 6, "replies_count": 1, "retweets_count": 0, "hashtags": []}
{"id": 1008137028930850817, "date": "2018-06-16", "time": "19:59:32", "tweet": "Elon Musk plans to sell ‘major’ stake in Tesla in ‘about 20 years’ to finance SpaceX’s Mars plans  https://t.co/4KOVrncIDA", "likes_count": 0, "replies_count": 0, "retweets_count": 0, "hashtags": []}
{"id": 1008137021112700929, "date": "2018-06-16", "time": "19:59:30", "tweet": "@elonmusk nope, mustn't know. sorry. also book reading is way overrated. but since i don't read i suppose i'm theoretically in no position to back this up.", "likes_count": 0, "replies_count": 0, "retweets_count": 0, "hashtags": []}
{"id": 1008137020265455616, "date": "2018-06-16", "time": "19:59:30", "tweet": "@elonmusk #NotAllSocialists ?", "likes_count": 0, "replies_count": 0, "retweets_count": 0, "hashtags": ["notallsocialists"]}
{"id": 1008136987566436352, "date": "2018-06-16", "time": "19:59:22", "tweet": "@DPruett3 @IkkiFenix__ @elonmusk At long last- I may fall in love with you knowledgeable stranger! I wrote a piece on this out of frustration:  https://t.co/s6xpQY7UD9", "likes_count": 2, "replies_count": 1, "retweets_count": 1, "hashtags": []}
{"id": 1008136981824593921, "date": "2018-06-16", "time": "19:59:21", "tweet": "@elonmusk @michaelshermer What will you call the colony? “Muskland” is my proposal", "likes_count": 1, "replies_count": 0, "retweets_count": 0, "hashtags": []}
{"id": 1008136951235596289, "date": "2018-06-16", "time": "19:59:14", "tweet": "@jxn_w @JordanLCSC @elonmusk @michaelshermer This just cracked me up  https://t.co/7js3pzL3aq", "likes_count": 13, "replies_count": 0, "retweets_count": 0, "hashtags": []}
{"id": 1008136928162729994, "date": "2018-06-16", "time": "19:59:08", "tweet": "@jmarkert20 @danzwku @elonmusk @michaelshermer Exactly. It’ll never happen.", "likes_count": 1, "replies_count": 0, "retweets_count": 0, "hashtags": []}
{"id": 1008136923230167040, "date": "2018-06-16", "time": "19:59:07", "tweet": "@clairlemon @MarcAardvark @elonmusk Jews do rather well!", "likes_count": 0, "replies_count": 0, "retweets_count": 0, "hashtags": []}
{"id": 1008136877889728512, "date": "2018-06-16", "time": "19:58:56", "tweet": "Elon Musk isn’t Tony Stark. He’s Lex Luthor.  https://t.co/Q9uzg4ax6S", "likes_count": 1, "replies_count": 0, "retweets_count": 0, "hashtags": []}
{"id": 1008136875201081345, "date": "2018-06-16", "time": "19:58:55", "tweet": "@marycmccormack @Tesla Care to comment @elonmusk ? #shittytesla", "likes_count": 1, "replies_count": 0, "retweets_count": 0, "hashtags": ["shittytesla"]}
{"id": 1008136857987833856, "date": "2018-06-16", "time": "19:58:51", "tweet": "@elonmusk Yet you are still oppressive to your workers. Allow your workers to unionize and stop treating them like shit.", "likes_count": 1, "replies_count": 0, "retweets_count": 0, "hashtags": []}
{"id": 1008136853982269440, "date": "2018-06-16", "time": "19:58:50", "tweet": "@Cdydav @OfficialSPGB @danreguinho @elonmusk Oh, where is that history that shows Mao and Stalin supporting the Democratic control of the means of production. Good ol merican education there.", "likes_count": 1, "replies_count": 1, "retweets_count": 0, "hashtags": []}
{"id": 1008136853839437824, "date": "2018-06-16", "time": "19:58:50", "tweet": "@elonmusk @michaelshermer this will lead to a dictatorship..are you imagining yourself as the king of mars?", "likes_count": 0, "replies_count": 0, "retweets_count": 0, "hashtags": []}
{"id": 1008136839537004544, "date": "2018-06-16", "time": "19:58:47", "tweet": "@coleraineyid @heyy_web @DocBlockCrypto @chrsdcook @elonmusk @BerniesHomie How did Marxism work out for Mao, Stailin, Castro and Mussolini?", "likes_count": 1, "replies_count": 0, "retweets_count": 0, "hashtags": []}
{"id": 1008136834516508672, "date": "2018-06-16", "time": "19:58:46", "tweet": "Hey @elonmusk spot your mans a light $100K .. how bout it huh?", "likes_count": 0, "replies_count": 0, "retweets_count": 0, "hashtags": []}
{"id": 1008136816908644352, "date": "2018-06-16", "time": "19:58:42", "tweet": "@elonmusk @michaelshermer Removed by 40% of the people? That's not democracy.", "likes_count": 2, "replies_count": 0, "retweets_count": 0, "hashtags": []}
