{"id": 952329322769117184, "date": "2018-01-13", "time": "18:59:38", "tweet": "@jhutch1992 @futuremanonhulu @robertcraighead @CraigJo80374965 @Lavish_Fixation @CHEF_JD81 @TobbiasBeecher @Marco181087 @Sethrogen @BloodDriveTV @MrVegas2018 @Twitter @EllenBarkin @MyraHatfield17 @GreggLSimon @MeetJoeGatt @Sony @SYFY @NBCUniversal @jennyphoenix @JeffPorterWX @SpaceX @elonmusk Exclusive behind-the-scenes photos the cast and crew party for the television series They're fast and They're Furious last night at Studio 54 premieres this week on @Twitter  https://t.co/29SOxTKN8p", "likes_count": 6, "replies_count": 2, "retweets_count": 12, "hashtags": []}
{"id": 952329303999496192, "date": "2018-01-13", "time": "18:59:34", "tweet": "Is Elon Musk the new Hugo Drax? #spacexlaunch we", "likes_count": 0, "replies_count": 0, "retweets_count": 0, "hashtags": ["spacexlaunch"]}
{"id": 952329198386995200, "date": "2018-01-13", "time": "18:59:08", "tweet": " https://t.co/0qj0gKHSAo @BorisJohnson @RuEmbZimbabwe #Zimbabwe #Mars #Colonization #Development #NASA #Roscosmos #Britain @BorisJohnson @France24_en @EmmanulMacron  @JZarif @elonmusk @Tesla #Robotic #AI #MachineLearning #Space #Spacex", "likes_count": 0, "replies_count": 0, "retweets_count": 0, "hashtags": ["zimbabwe", "mars", "colonization", "development", "nasa", "roscosmos", "britain", "robotic", "ai", "machinelearning", "space", "spacex"]}
{"id": 952329196965126144, "date": "2018-01-13", "time": "18:59:08", "tweet": " https://t.co/AnA0YFKTjE @BorisJohnson @RuEmbZimbabwe #Zimbabwe #Mars #Colonization #Development #NASA #Roscosmos #Britain @BorisJohnson @France24_en @EmmanulMacron  @JZarif @elonmusk @Tesla #Robotic #AI #MachineLearning #Space #Spacex", "likes_count": 0, "replies_count": 0, "retweets_count": 0, "hashtags": ["zimbabwe", "mars", "colonization", "development", "nasa", "roscosmos", "britain", "robotic", "ai", "machinelearning", "space", "spacex"]}
{"id": 952329195694252032, "date": "2018-01-13", "time": "18:59:08", "tweet": " https://t.co/7vLmdNvKjQ @BorisJohnson @RuEmbZimbabwe #Zimbabwe #Mars #Colonization #Development #NASA #Roscosmos #Britain @BorisJohnson @France24_en @EmmanulMacron  @JZarif @elonmusk @Tesla #Robotic #AI #MachineLearning #Space #Spacex", "likes_count": 0, "replies_count": 0, "retweets_count": 0, "hashtags": ["zimbabwe", "mars", "colonization", "development", "nasa", "roscosmos", "britain", "robotic", "ai", "machinelearning", "space", "spacex"]}
{"id": 952329194364657665, "date": "2018-01-13", "time": "18:59:08", "tweet": " https://t.co/mIv5tFcdIb @BorisJohnson @RuEmbZimbabwe #Zimbabwe #Mars #Colonization #Development #NASA #Roscosmos #Britain @BorisJohnson @France24_en @EmmanulMacron  @JZarif @elonmusk @Tesla #Robotic #AI #MachineLearning #Space #Spacex", "likes_count": 0, "replies_count": 0, "retweets_count": 0, "hashtags": ["zimbabwe", "mars", "colonization", "development", "nasa", "roscosmos", "britain", "robotic", "ai", "machinelearning", "space", "spacex"]}
{"id": 952329192938582016, "date": "2018-01-13", "time": "18:59:07", "tweet": " https://t.co/B5PKSf1pju @BorisJohnson @RuEmbZimbabwe #Zimbabwe #Mars #Colonization #Development #NASA #Roscosmos #Britain @BorisJohnson @France24_en @EmmanulMacron  @JZarif @elonmusk @Tesla #Robotic #AI #MachineLearning #Space #Spacex", "likes_count": 0, "replies_count": 0, "retweets_count": 0, "hashtags": ["zimbabwe", "mars", "colonization", "development", "nasa", "roscosmos", "britain", "robotic", "ai", "machinelearning", "space", "spacex"]}
{"id": 952329191491538946, "date": "2018-01-13", "time": "18:59:07", "tweet": " https://t.co/66bOBugiqJ @BorisJohnson @RuEmbZimbabwe #Zimbabwe #Mars #Colonization #Development #NASA #Roscosmos #Britain @BorisJohnson @France24_en @EmmanulMacron  @JZarif @elonmusk @Tesla #Robotic #AI #MachineLearning #Space #Spacex", "likes_count": 0, "replies_count": 0, "retweets_count": 0, "hashtags": ["zimbabwe", "mars", "colonization", "development", "nasa", "roscosmos", "britain", "robotic", "ai", "machinelearning", "space", "spacex"]}
{"id": 952329190002569216, "date": "2018-01-13", "time": "18:59:06", "tweet": " https://t.co/md0qurCfvI @BorisJohnson @RuEmbZimbabwe #Zimbabwe #Mars #Colonization #Development #NASA #Roscosmos #Britain @BorisJohnson @France24_en @EmmanulMacron  @JZarif @elonmusk @Tesla #Robotic #AI #MachineLearning #Space #Spacex", "likes_count": 0, "replies_count": 0, "retweets_count": 0, "hashtags": ["zimbabwe", "mars", "colonization", "development", "nasa", "roscosmos", "britain", "robotic", "ai", "machinelearning", "space", "spacex"]}
{"id": 952329188798803968, "date": "2018-01-13", "time": "18:59:06", "tweet": " https://t.co/7Y9zHFWeie @BorisJohnson @RuEmbZimbabwe #Zimbabwe #Mars #Colonization #Development #NASA #Roscosmos #Britain @BorisJohnson @France24_en @EmmanulMacron  @JZarif @elonmusk @Tesla #Robotic #AI #MachineLearning #Space #Spacex", "likes_count": 0, "replies_count": 0, "retweets_count": 0, "hashtags": ["zimbabwe", "mars", "colonization", "development", "nasa", "roscosmos", "britain", "robotic", "ai", "machinelearning", "space", "spacex"]}
{"id": 952329187502813184, "date": "2018-01-13", "time": "18:59:06", "tweet": " https://t.co/0GziCDdjWz @BorisJohnson @RuEmbZimbabwe #Zimbabwe #Mars #Colonization #Development #NASA #Roscosmos #Britain @BorisJohnson @France24_en @EmmanulMacron  @JZarif @elonmusk @Tesla #Robotic #AI #MachineLearning #Space #Spacex", "likes_count": 0, "replies_count": 0, "retweets_count": 0, "hashtags": ["zimbabwe", "mars", "colonization", "development", "nasa", "roscosmos", "britain", "robotic", "ai", "machinelearning", "space", "spacex"]}
{"id": 952328950872723456, "date": "2018-01-13", "time": "18:58:09", "tweet": "A good reason for leaders to geek out #genius #spacex #elonmusk  https://t.co/28bZJrLcBP", "likes_count": 1, "replies_count": 0, "retweets_count": 0, "hashtags": ["genius", "spacex", "elonmusk"]}
{"id": 952328786850148352, "date": "2018-01-13", "time": "18:57:30", "tweet": "@elonmusk Any guesstimate as to when Model 3 invitations will go out to CA non-owners who reserved Day 1 online?", "likes_count": 0, "replies_count": 0, "retweets_count": 0, "hashtags": []}
{"id": 952328697612242944, "date": "2018-01-13", "time": "18:57:09", "tweet": "Elon Musk advierte los dos riesgos que podrían terminar con el mundo en este siglo  https://t.co/bi3DjaSV4D", "likes_count": 0, "replies_count": 0, "retweets_count": 0, "hashtags": []}
{"id": 952328678683295744, "date": "2018-01-13", "time": "18:57:05", "tweet": "Elon Musk ahora quiere hacer restaurantes Tesla  https://t.co/m0NQroK6e5  https://t.co/gpqTQOO94d", "likes_count": 0, "replies_count": 0, "retweets_count": 0, "hashtags": []}
{"id": 952328662812012544, "date": "2018-01-13", "time": "18:57:01", "tweet": "@BryanDawsonUSA And #ElonMusk is from South Africa!", "likes_count": 2, "replies_count": 1, "retweets_count": 0, "hashtags": ["elonmusk"]}
{"id": 952328572093386752, "date": "2018-01-13", "time": "18:56:39", "tweet": "@juliagalef But I heard Elon Musk was gonna line the British coasts with Space X rockets and fly the UK next to Fiji", "likes_count": 20, "replies_count": 1, "retweets_count": 2, "hashtags": []}
{"id": 952328395844661249, "date": "2018-01-13", "time": "18:55:57", "tweet": "@NASASpaceflight @SpaceX @elonmusk @SciGuySpace Gotcha. Interview with governor indicated it was a mistake during shift change so my speculation was info did not get properly communicated about earlier Dragon signal. But timing does seem to rule it out.", "likes_count": 0, "replies_count": 0, "retweets_count": 0, "hashtags": []}
{"id": 952328380111839238, "date": "2018-01-13", "time": "18:55:53", "tweet": "@elonmusk Applied more than 15 times on various positions , please give us foreigners a chance. I would love to work for Tesla, especially in sales. When will Tesla arrive in Romania?", "likes_count": 0, "replies_count": 0, "retweets_count": 0, "hashtags": []}
{"id": 952328232719839233, "date": "2018-01-13", "time": "18:55:18", "tweet": "@rochers @blueapron I am trying @sunbasket right now. See how that goes. I had enough of @blueapron telling me my box will arrive today by 10pm when it hasn't even left Ohio and FedEx says it still needs to go to a North Carolina center before to Virginia. Unless you have @elonmusk Hyperloop built..", "likes_count": 0, "replies_count": 0, "retweets_count": 0, "hashtags": []}
{"id": 952328074108063744, "date": "2018-01-13", "time": "18:54:40", "tweet": "Still ok. Upgrades underway to enable rocket to orbit for a thrust shortfall on one of the legal system. #ElonMusk", "likes_count": 1, "replies_count": 0, "retweets_count": 0, "hashtags": ["elonmusk"]}
{"id": 952328071180267520, "date": "2018-01-13", "time": "18:54:40", "tweet": "@AndreaSJames @danahull @elonmusk @YoungTreeGrower @TylerDoor @ID_AA_Carmack So year zero...", "likes_count": 2, "replies_count": 0, "retweets_count": 0, "hashtags": []}
{"id": 952328038167011328, "date": "2018-01-13", "time": "18:54:32", "tweet": "@elonmusk 😅 make a «Siri» function on the car so you can ask car if something are wrong", "likes_count": 0, "replies_count": 0, "retweets_count": 0, "hashtags": []}
{"id": 952327843991601152, "date": "2018-01-13", "time": "18:53:46", "tweet": "@gftdhcf @elonmusk risky, you might not get your hat for days!", "likes_count": 0, "replies_count": 0, "retweets_count": 0, "hashtags": []}
{"id": 952327768578048000, "date": "2018-01-13", "time": "18:53:28", "tweet": "@EspTrades @elonmusk @YoungTreeGrower @TylerDoor @ID_AA_Carmack @SiliconHBO also not as cool as burning man, and totally not aware of it...", "likes_count": 1, "replies_count": 0, "retweets_count": 0, "hashtags": []}
{"id": 952327653796843520, "date": "2018-01-13", "time": "18:53:00", "tweet": "Interesting! Do You Sound More Like Donald Trump, Gary Vaynerchuk or Elon Musk? This App Can Tell You For Sure.  https://t.co/kMmlPji8v5 #nsa18", "likes_count": 0, "replies_count": 0, "retweets_count": 0, "hashtags": ["nsa18"]}
{"id": 952327491753881600, "date": "2018-01-13", "time": "18:52:22", "tweet": "@DerHansBauer @elonmusk I like it double down like.", "likes_count": 2, "replies_count": 0, "retweets_count": 0, "hashtags": []}
{"id": 952327257334280193, "date": "2018-01-13", "time": "18:51:26", "tweet": "@elonmusk Will Tesla ever come out with electric motorcycles", "likes_count": 1, "replies_count": 0, "retweets_count": 0, "hashtags": []}
{"id": 952327216158924800, "date": "2018-01-13", "time": "18:51:16", "tweet": "@elonmusk The speedrunning world needs you, help us prove the danger of robots and fight cancer at the same moment! Time is running out on the AGDQ TASbot incentive:  https://t.co/Sw9gmTZGtb", "likes_count": 0, "replies_count": 0, "retweets_count": 0, "hashtags": []}
{"id": 952327180968640512, "date": "2018-01-13", "time": "18:51:07", "tweet": "Bitcoin: What Bill Gates, Buffett, Elon Musk &amp; Richard Branson has to say about Bitcoin?  https://t.co/oTxXwiSx5b #about_bitcoin #Bitcoin #bitcoin_2017", "likes_count": 0, "replies_count": 0, "retweets_count": 0, "hashtags": ["about_bitcoin", "bitcoin", "bitcoin_2017"]}
{"id": 952327176619147264, "date": "2018-01-13", "time": "18:51:06", "tweet": "#Bitcoin: What Bill Gates, Buffett, Elon Musk &amp; Richard Branson has to say #aboutBitcoin?  https://t.co/loNXodPlsW", "likes_count": 0, "replies_count": 0, "retweets_count": 0, "hashtags": ["bitcoin", "aboutbitcoin"]}
{"id": 952327173620322304, "date": "2018-01-13", "time": "18:51:06", "tweet": "Elon Musk advierte los dos riesgos que podrían terminar con el mundo en este siglo #advertencia  https://t.co/uKSjvDj4Mh", "likes_count": 0, "replies_count": 0, "retweets_count": 0, "hashtags": ["advertencia"]}
{"id": 952327017365757953, "date": "2018-01-13", "time": "18:50:28", "tweet": "You know it's 2018 when a form example fill-in uses #ElonMusk instead of John Smith. Ha 😂", "likes_count": 2, "replies_count": 0, "retweets_count": 0, "hashtags": ["elonmusk"]}
{"id": 952326957525594112, "date": "2018-01-13", "time": "18:50:14", "tweet": "If @elonmusk ever made a rival to the @Ford Transit, would its most fervent users be considered e-van-gelicals?", "likes_count": 1, "replies_count": 0, "retweets_count": 0, "hashtags": []}
{"id": 952326785554726912, "date": "2018-01-13", "time": "18:49:33", "tweet": "@elonmusk do the Dragon capsules not target the drone ship for landings? Is the drone ship only for the rockets?", "likes_count": 0, "replies_count": 0, "retweets_count": 0, "hashtags": []}
{"id": 952326748338716672, "date": "2018-01-13", "time": "18:49:24", "tweet": "@dorianleakey @Ishkariot @elonmusk @usairforce Western military intelligence complex has close ties to movie industry. Why do u think there's raging fires on West Coast and super cold 'bomb cyclone' on East Coast of USA?", "likes_count": 1, "replies_count": 0, "retweets_count": 1, "hashtags": []}
{"id": 952326709688324096, "date": "2018-01-13", "time": "18:49:15", "tweet": "Ocean drop feels so archaic now. @elonmusk spoils us.  https://t.co/QBGLnpjnZY", "likes_count": 4, "replies_count": 0, "retweets_count": 0, "hashtags": []}
{"id": 952326665690058757, "date": "2018-01-13", "time": "18:49:05", "tweet": "@ClimateHuman @kar_amb @cityatlas @AarneClimate @ssaintleger @DoctorVive @elonmusk @KevinClimate Yes and it would be a good idea to perhaps pay more attention to all the material you scientists release too. Many footages, podcasts etc have quite bad sound, cameras bouncing etc. To deliver the message the material needs to be easy/convenient to follow.", "likes_count": 4, "replies_count": 0, "retweets_count": 0, "hashtags": []}
{"id": 952326172205035521, "date": "2018-01-13", "time": "18:47:07", "tweet": "Elon Musk advierte los dos riesgos que podrían terminar con el mundo en este siglo #Advertencia  https://t.co/SdDEGN0ZUY", "likes_count": 0, "replies_count": 0, "retweets_count": 0, "hashtags": ["advertencia"]}
{"id": 952325927706546176, "date": "2018-01-13", "time": "18:46:09", "tweet": "@elonmusk  https://t.co/VROOE8CxTm", "likes_count": 0, "replies_count": 0, "retweets_count": 0, "hashtags": []}
{"id": 952325493956718594, "date": "2018-01-13", "time": "18:44:25", "tweet": "&lt;b&gt;Elon Musk&lt;/b&gt; Destroys The 'Flat Earth Society' With A Single Question!!: In this video…  https://t.co/HCgdYHTzjz", "likes_count": 0, "replies_count": 0, "retweets_count": 0, "hashtags": []}
{"id": 952325491482034176, "date": "2018-01-13", "time": "18:44:25", "tweet": "Space age: Eyes of science focus on final frontier: Elon Musk's company Space X was also…  https://t.co/Wy1uIsCJEN", "likes_count": 0, "replies_count": 0, "retweets_count": 0, "hashtags": []}
{"id": 952325424629145600, "date": "2018-01-13", "time": "18:44:09", "tweet": "People as successful as @elonmusk have stated the negative consequences of patents, but patents are not a natural phenomenon. We created them and we must find better alternatives to them, for better signaling with money, to creators and not to preventers.  https://t.co/HYsrTn5JSn", "likes_count": 0, "replies_count": 1, "retweets_count": 0, "hashtags": []}
{"id": 952325384686788609, "date": "2018-01-13", "time": "18:43:59", "tweet": "Elon Musk Says He Didn’t Know He Was Attending a Silicon Valley Sex Party  https://t.co/EOdoxwXGjb #elonmusk", "likes_count": 1, "replies_count": 0, "retweets_count": 0, "hashtags": ["elonmusk"]}
{"id": 952324926895263744, "date": "2018-01-13", "time": "18:42:10", "tweet": "A series-elon musk will solve climate change with a lot of the jacobin left.", "likes_count": 0, "replies_count": 0, "retweets_count": 0, "hashtags": []}
{"id": 952324905332195328, "date": "2018-01-13", "time": "18:42:05", "tweet": "@martinselvis2 @SPACEdotcom @aiaa @blueorigin @JeffBezos Know this isn't your field of study, keep in mind that the PR dramatics of ElonMusk is all they are at this point,cannot get CrewFlight certifications &amp; not enriched enough to do what's needed by example of GOV\"/NASA's funded MissionPhases\"✅ Bezos has the muscle &amp; the resources!", "likes_count": 0, "replies_count": 1, "retweets_count": 0, "hashtags": []}
{"id": 952324864018468864, "date": "2018-01-13", "time": "18:41:55", "tweet": "@GerberKawasaki @elonmusk summarized we can say, you like Tesla and the #model3. right? 😁😁", "likes_count": 1, "replies_count": 1, "retweets_count": 0, "hashtags": ["model3"]}
{"id": 952324662200999936, "date": "2018-01-13", "time": "18:41:07", "tweet": "Elon Musk ahora quiere hacer restaurantes Tesla  https://t.co/O6pE0pAdFG  https://t.co/renzeJbEeT", "likes_count": 0, "replies_count": 0, "retweets_count": 0, "hashtags": []}
{"id": 952324631397941248, "date": "2018-01-13", "time": "18:41:00", "tweet": "@seshak @elonmusk You know why IPFS is called IPFS, right?  InterPlanetary File System.  It isn't a joke.  We will need interplanetary technical infrastructure very soon.  Which is pretty cool.", "likes_count": 1, "replies_count": 0, "retweets_count": 0, "hashtags": []}
{"id": 952324576352063495, "date": "2018-01-13", "time": "18:40:46", "tweet": "@6BillionPeople Elon musk?", "likes_count": 0, "replies_count": 0, "retweets_count": 0, "hashtags": []}
{"id": 952324403798343680, "date": "2018-01-13", "time": "18:40:05", "tweet": "Elon Musk Just Gave Some Brilliant Career Advice. Here It Is in 1 Sentence. #Ambition #Wisdom  https://t.co/ZnKJY35jwV", "likes_count": 1, "replies_count": 0, "retweets_count": 0, "hashtags": ["ambition", "wisdom"]}
{"id": 952324377659432960, "date": "2018-01-13", "time": "18:39:59", "tweet": "Here's a 1st look at Elon #Musk's and Richard #Branson's experimental #Hyperloop near #LasVegas.  https://t.co/fm4NSObkSG #Virgin #tech", "likes_count": 2, "replies_count": 0, "retweets_count": 0, "hashtags": ["musk", "branson", "hyperloop", "lasvegas", "virgin", "tech"]}
{"id": 952324306163453952, "date": "2018-01-13", "time": "18:39:42", "tweet": "@altcointhoreau @elonmusk @Tesla that would be awsome :D", "likes_count": 0, "replies_count": 0, "retweets_count": 0, "hashtags": []}
{"id": 952324276669083648, "date": "2018-01-13", "time": "18:39:35", "tweet": "Virgin Hyperloop One Is Bringing Elon Musk's Dream to Life  https://t.co/Urc4rBRP8L", "likes_count": 0, "replies_count": 0, "retweets_count": 0, "hashtags": []}
{"id": 952324058166657024, "date": "2018-01-13", "time": "18:38:43", "tweet": "NO missile threat to Hawaii.  As the ballistic missile was launched by Elon Musk's SpaceX, there is nothing to worry about.  #zumasatellite #elonmusk #spacex #ballisticmissile @theonion @funnyordie @jimmyfallon @skepticnews @skippress @wired @JimmyKimmelLive @reddit @arstechnica", "likes_count": 2, "replies_count": 0, "retweets_count": 1, "hashtags": ["zumasatellite", "elonmusk", "spacex", "ballisticmissile"]}
{"id": 952324034737459201, "date": "2018-01-13", "time": "18:38:37", "tweet": "How Elon Musk can turn Tesla's charging stations into massive theme parks  https://t.co/PItoBzhdcq", "likes_count": 29, "replies_count": 0, "retweets_count": 10, "hashtags": []}
{"id": 952323845888905216, "date": "2018-01-13", "time": "18:37:52", "tweet": "Retweeted Elon Musk News (@ElonMuskNewsOrg):  Tesla Model S and Model X used as emergency vehicles by private...  https://t.co/akUOKuxRjc", "likes_count": 0, "replies_count": 0, "retweets_count": 0, "hashtags": []}
{"id": 952323721204822017, "date": "2018-01-13", "time": "18:37:23", "tweet": "Ojalá en mi próxima vida sea el hijo de Elon Musk.", "likes_count": 1, "replies_count": 0, "retweets_count": 0, "hashtags": []}
{"id": 952323646281867264, "date": "2018-01-13", "time": "18:37:05", "tweet": "Elon Musk ahora quiere hacer restaurantes Tesla  https://t.co/uhrn7Ef9Mu  https://t.co/3D1sEh7uWf", "likes_count": 2, "replies_count": 0, "retweets_count": 5, "hashtags": []}
{"id": 952323411602214912, "date": "2018-01-13", "time": "18:36:09", "tweet": "@elonmusk @DanielleFong @YoungTreeGrower @TylerDoor @ID_AA_Carmack I remember I saw u at that @SiliconHBO party", "likes_count": 0, "replies_count": 1, "retweets_count": 0, "hashtags": []}
