{"id": 972623043540369408, "date": "2018-03-10", "time": "18:59:38", "tweet": "@futurism Elon Musk exemplifies a billionaire who does great things with his time and his $. Thank you for caring, Elon Musk!!!", "likes_count": 1, "replies_count": 0, "retweets_count": 0, "hashtags": []}
{"id": 972623036733186049, "date": "2018-03-10", "time": "18:59:37", "tweet": "@elonmusk Tron.", "likes_count": 0, "replies_count": 0, "retweets_count": 0, "hashtags": []}
{"id": 972622987626196992, "date": "2018-03-10", "time": "18:59:25", "tweet": "SXSW: ‘Westworld’ Panel Teases Shogun World, Elon Musk Makes Surprise Appearance  https://t.co/S0T5x2TM1I  https://t.co/zIsKtgB7KJ", "likes_count": 0, "replies_count": 0, "retweets_count": 0, "hashtags": []}
{"id": 972622947927183360, "date": "2018-03-10", "time": "18:59:15", "tweet": "@elonmusk I don't see a choice for optimistic people.", "likes_count": 0, "replies_count": 0, "retweets_count": 0, "hashtags": []}
{"id": 972622907359813633, "date": "2018-03-10", "time": "18:59:06", "tweet": "@elonmusk design a meat poptart", "likes_count": 0, "replies_count": 0, "retweets_count": 0, "hashtags": []}
{"id": 972622905484955648, "date": "2018-03-10", "time": "18:59:05", "tweet": "@elonmusk Except Public Transit is rediculously expensive and cities will definitely abuse this system for money..", "likes_count": 0, "replies_count": 0, "retweets_count": 0, "hashtags": []}
{"id": 972622903056285696, "date": "2018-03-10", "time": "18:59:05", "tweet": "SXSW: 'Westworld' Panel Teases Shogun World, Elon Musk Makes Surprise Appearance  https://t.co/Wo3moscHDj  https://t.co/mfLnoSEahg", "likes_count": 0, "replies_count": 0, "retweets_count": 0, "hashtags": []}
{"id": 972622897842855936, "date": "2018-03-10", "time": "18:59:03", "tweet": "SXSW: 'Westworld' Panel Teases Shogun World, Elon Musk Makes Surprise Appearance  https://t.co/h4yBWmm34o", "likes_count": 0, "replies_count": 0, "retweets_count": 0, "hashtags": []}
{"id": 972622818864189440, "date": "2018-03-10", "time": "18:58:45", "tweet": "Elon Musk ..... wow", "likes_count": 1, "replies_count": 0, "retweets_count": 0, "hashtags": []}
{"id": 972622818700644352, "date": "2018-03-10", "time": "18:58:45", "tweet": "#Repost @elonmusk with get_repost ・・・ Falcon Heavy and Starman, Part 1 @ Lagos, Nigeria  https://t.co/XUh6dLgA9D", "likes_count": 0, "replies_count": 0, "retweets_count": 0, "hashtags": ["repost"]}
{"id": 972622742267707392, "date": "2018-03-10", "time": "18:58:26", "tweet": "@CBinsights @elonmusk You forgot transcontinental flight", "likes_count": 0, "replies_count": 0, "retweets_count": 0, "hashtags": []}
{"id": 972622694859624450, "date": "2018-03-10", "time": "18:58:15", "tweet": "Almost positive  Elon musk is an alien blessing us w technology", "likes_count": 2, "replies_count": 0, "retweets_count": 0, "hashtags": []}
{"id": 972622609371119616, "date": "2018-03-10", "time": "18:57:55", "tweet": "@elonmusk Let's talk about something not boring.  Why would you opt to take 10 Yrs to achieve your compensation package goals, when my Master Plan Part Trois could exceed them in 5 Yrs or less?  Why waste the second 5 Yrs?", "likes_count": 0, "replies_count": 0, "retweets_count": 0, "hashtags": []}
{"id": 972622548532977666, "date": "2018-03-10", "time": "18:57:40", "tweet": "@elonmusk Awesome, one thing there should be guard rails or some kind of device to stop people from jumping or fall into the hole when the car descends into the tunnels, because you know there’s always someone who is going to take that risk for the challenge or out of desperation", "likes_count": 0, "replies_count": 0, "retweets_count": 0, "hashtags": []}
{"id": 972622526214893569, "date": "2018-03-10", "time": "18:57:35", "tweet": "@elonmusk wow you invented a subway", "likes_count": 0, "replies_count": 0, "retweets_count": 0, "hashtags": []}
{"id": 972622474159456256, "date": "2018-03-10", "time": "18:57:22", "tweet": ".@elonmusk:Boring Co #urban loop system would have 1000’s of small stations/size of a single parking space, take...  https://t.co/8XDJET7LvF", "likes_count": 0, "replies_count": 0, "retweets_count": 0, "hashtags": ["urban"]}
{"id": 972622445709443072, "date": "2018-03-10", "time": "18:57:16", "tweet": "@elonmusk have you ever given a thougt to making a tesla motorcycle model?", "likes_count": 0, "replies_count": 0, "retweets_count": 0, "hashtags": []}
{"id": 972622336766726144, "date": "2018-03-10", "time": "18:56:50", "tweet": "@elonmusk  is the moon hollow???", "likes_count": 0, "replies_count": 0, "retweets_count": 0, "hashtags": []}
{"id": 972622316269060096, "date": "2018-03-10", "time": "18:56:45", "tweet": "@elonmusk Inspired by Trantor?", "likes_count": 0, "replies_count": 0, "retweets_count": 0, "hashtags": []}
{"id": 972622308782288896, "date": "2018-03-10", "time": "18:56:43", "tweet": "Higher Than Elon Musk  So High Stars Eat Our Dust  &amp; I Got A Colorful Ora Like I Got Neon Guts 🤙🤙🤙", "likes_count": 0, "replies_count": 0, "retweets_count": 0, "hashtags": []}
{"id": 972622285394857984, "date": "2018-03-10", "time": "18:56:37", "tweet": "Elon Musk's Hyperloop Concept Is Now Even More Hopelessly Complicated  https://t.co/WYc0G8AeNg", "likes_count": 0, "replies_count": 0, "retweets_count": 0, "hashtags": []}
{"id": 972622282181853184, "date": "2018-03-10", "time": "18:56:37", "tweet": "\"made on earth by human\" nya @elonmusk itu bikin terharu dah", "likes_count": 0, "replies_count": 0, "retweets_count": 0, "hashtags": []}
{"id": 972622264523984897, "date": "2018-03-10", "time": "18:56:32", "tweet": "This afternoon at @sxsw, @elonmusk joining the stage. We hope to see him a couple of times this year 🇲🇽 #sxsw #austin #entrepreneurship  https://t.co/F5PbECUYbb", "likes_count": 8, "replies_count": 1, "retweets_count": 1, "hashtags": ["sxsw", "austin", "entrepreneurship"]}
{"id": 972622253740445697, "date": "2018-03-10", "time": "18:56:30", "tweet": "@elonmusk a man with a good mind", "likes_count": 0, "replies_count": 0, "retweets_count": 0, "hashtags": []}
{"id": 972622251605549056, "date": "2018-03-10", "time": "18:56:29", "tweet": "Unas pocas actualizaciones más y tenemos un subterráneo ;) Elon Musk dice que el Loop de The Boring Company, le dará prioridad a los peatones, ci…  https://t.co/JNc9dtW16S", "likes_count": 0, "replies_count": 0, "retweets_count": 0, "hashtags": []}
{"id": 972622243653066752, "date": "2018-03-10", "time": "18:56:27", "tweet": "It's a system of tubes!   ⚡️ “Elon Musk unveils new subway-like system called Hyperloop” by @tictoc   https://t.co/zdnlJquzMR", "likes_count": 0, "replies_count": 0, "retweets_count": 0, "hashtags": []}
{"id": 972622214737612800, "date": "2018-03-10", "time": "18:56:21", "tweet": "#SXSW: #Westworld panel teases Shogun World, Elon Musk makes surprise appearance  https://t.co/Iq7vhRAIbk  https://t.co/3MyiAG6zeC", "likes_count": 45, "replies_count": 0, "retweets_count": 15, "hashtags": ["sxsw", "westworld"]}
{"id": 972622179706855430, "date": "2018-03-10", "time": "18:56:12", "tweet": "SXSW: 'Westworld' Panel Teases Shogun World, Surprises Crowd With Elon…  https://t.co/a0rOTrmPYM #ElonMusk mediat", "likes_count": 0, "replies_count": 0, "retweets_count": 0, "hashtags": ["elonmusk"]}
{"id": 972622159419006978, "date": "2018-03-10", "time": "18:56:07", "tweet": "Touched and moved. Video from where things are happening @elonmusk #falconheavy #starman @SpaceX  https://t.co/AlTSMYbRk8", "likes_count": 4, "replies_count": 0, "retweets_count": 0, "hashtags": ["falconheavy", "starman"]}
{"id": 972622139164676096, "date": "2018-03-10", "time": "18:56:03", "tweet": "I need Elon Musk and the Boring Company to have more building power so I can travel to and fro London between classes for lunch", "likes_count": 1, "replies_count": 0, "retweets_count": 0, "hashtags": []}
{"id": 972622117249302528, "date": "2018-03-10", "time": "18:55:57", "tweet": "This is beast man @elonmusk  https://t.co/c8CeIyqmht", "likes_count": 0, "replies_count": 0, "retweets_count": 0, "hashtags": []}
{"id": 972622115429076993, "date": "2018-03-10", "time": "18:55:57", "tweet": "@olddogts1 @elonmusk @viptandon @realDonaldTrump Then why is he focusing on steel and not on their cars?", "likes_count": 0, "replies_count": 1, "retweets_count": 0, "hashtags": []}
{"id": 972622110093754369, "date": "2018-03-10", "time": "18:55:56", "tweet": "Elon Musk adjusts Boring Co. plans, teases ‘Urban Loop System’ for pedestrians and cyclists  https://t.co/EjSKXASpuR  https://t.co/Lpv5Cr9nL2", "likes_count": 0, "replies_count": 0, "retweets_count": 0, "hashtags": []}
{"id": 972622067936956416, "date": "2018-03-10", "time": "18:55:46", "tweet": "People need to know more about this. @elonmusk is single handedly working to give us the technologically advanced future that was taken away from us. #HyperLoop  https://t.co/m4F8xMuVX8", "likes_count": 0, "replies_count": 0, "retweets_count": 0, "hashtags": ["hyperloop"]}
{"id": 972622021963190272, "date": "2018-03-10", "time": "18:55:35", "tweet": "@elonmusk Neither", "likes_count": 0, "replies_count": 0, "retweets_count": 0, "hashtags": []}
{"id": 972622013750808577, "date": "2018-03-10", "time": "18:55:33", "tweet": "Everyone should aspire to be @elonmusk", "likes_count": 3, "replies_count": 0, "retweets_count": 0, "hashtags": []}
{"id": 972621949510803456, "date": "2018-03-10", "time": "18:55:17", "tweet": "@elonmusk @realDonaldTrump That's easy to fix. Just match their percentage. No need to increase steel and aluminum import duties because american companies need it.", "likes_count": 0, "replies_count": 0, "retweets_count": 0, "hashtags": []}
{"id": 972621928002478080, "date": "2018-03-10", "time": "18:55:12", "tweet": " https://t.co/Nvb7xo63WJ The future. #loveboringcompany @elonmusk", "likes_count": 0, "replies_count": 0, "retweets_count": 0, "hashtags": ["loveboringcompany"]}
{"id": 972621919399940097, "date": "2018-03-10", "time": "18:55:10", "tweet": "I've always been interested in Elon Musk ever since I first heard about Tesla Cars but now he's doing things that are absolutely amazing. SpaceX and Hyperloop among many other things I'm sure", "likes_count": 0, "replies_count": 0, "retweets_count": 0, "hashtags": []}
{"id": 972621906498158597, "date": "2018-03-10", "time": "18:55:07", "tweet": "@elonmusk will @Tesla be making a pick up truck, under $40k, in the next two years?", "likes_count": 1, "replies_count": 0, "retweets_count": 0, "hashtags": []}
{"id": 972621906074578944, "date": "2018-03-10", "time": "18:55:07", "tweet": "@elonmusk I believe in you Elon", "likes_count": 0, "replies_count": 0, "retweets_count": 0, "hashtags": []}
{"id": 972621892283785217, "date": "2018-03-10", "time": "18:55:04", "tweet": "@mayli @elonmusk Yeah. I thought the same 😋😋", "likes_count": 0, "replies_count": 0, "retweets_count": 0, "hashtags": []}
{"id": 972621867252092929, "date": "2018-03-10", "time": "18:54:58", "tweet": "@elonmusk @1JordanThompson woahhh", "likes_count": 0, "replies_count": 0, "retweets_count": 0, "hashtags": []}
{"id": 972621863334678528, "date": "2018-03-10", "time": "18:54:57", "tweet": "@martyvis @MarinatedPasta @elonmusk And use a fair less space efficient mode of transportation. Uber, Lyft and other ride on demand services have been responsible for massively increased congestion essentially bringing the city to a standstill. That is not a future I want.   https://t.co/0aSovIwVye", "likes_count": 5, "replies_count": 0, "retweets_count": 0, "hashtags": []}
{"id": 972621845366153216, "date": "2018-03-10", "time": "18:54:53", "tweet": "Man, how to be Elon @elonmusk ?", "likes_count": 1, "replies_count": 0, "retweets_count": 0, "hashtags": []}
{"id": 972621839414394880, "date": "2018-03-10", "time": "18:54:51", "tweet": "Please remember the families we assist on March 22.  Donations are deeply appreciated by these parents. @NVBigGive @TheEllenShow @elonmusk @HillaryClinton @MicheleObama @lilangelwings06 @babybereavement @BbyLossMmsFound @hope_after_loss @JohnLegere @melindagates @ChelseaClinton  https://t.co/80UsxkhMgL", "likes_count": 0, "replies_count": 0, "retweets_count": 1, "hashtags": []}
{"id": 972621807743356928, "date": "2018-03-10", "time": "18:54:44", "tweet": "elon musk : exists  me: 💓💖💘💞💕💝💖💗💘💞💘💝💗💞💞💞💘💗💗💗💘💞💞💕💝💖💗💘💞💞💘💘💓💓💗💘💓💖💘💘💞💞💘💗💓💘💞💓💘💞💘💖💗💓", "likes_count": 3, "replies_count": 0, "retweets_count": 1, "hashtags": []}
{"id": 972621795118501888, "date": "2018-03-10", "time": "18:54:41", "tweet": "I swear - just give the keys to the world to Elon Musk right now. ‘World President Musk’  https://t.co/IvKW9V52OJ", "likes_count": 0, "replies_count": 0, "retweets_count": 0, "hashtags": []}
{"id": 972621755868213248, "date": "2018-03-10", "time": "18:54:31", "tweet": "@elonmusk What if there was also charging stations for electric vehicles? If it the beginning of the tunnel there where electric bikes to make those that can't afford cars but can afford like a bike card or something to make a trip easier? Just a thought", "likes_count": 0, "replies_count": 0, "retweets_count": 0, "hashtags": []}
{"id": 972621746720342016, "date": "2018-03-10", "time": "18:54:29", "tweet": "@elonmusk May be the God mentioned in the Bible. It’s his world and we’re just living in it #SpaceX #Muskateer", "likes_count": 0, "replies_count": 0, "retweets_count": 0, "hashtags": ["spacex", "muskateer"]}
{"id": 972621710511009792, "date": "2018-03-10", "time": "18:54:20", "tweet": "elon musk i challenge you to a fight", "likes_count": 2, "replies_count": 0, "retweets_count": 0, "hashtags": []}
{"id": 972621670463754244, "date": "2018-03-10", "time": "18:54:11", "tweet": "Can Elon Musk adopt me plz?", "likes_count": 3, "replies_count": 0, "retweets_count": 2, "hashtags": []}
{"id": 972621583578750976, "date": "2018-03-10", "time": "18:53:50", "tweet": "@KarenMunozzz @elonmusk @WestworldHBO * the man that is changing 2 planet *", "likes_count": 0, "replies_count": 0, "retweets_count": 0, "hashtags": []}
{"id": 972621507628183552, "date": "2018-03-10", "time": "18:53:32", "tweet": "@elonmusk You left out a choice for:  \"Not a bad idea, just needs some work.\"", "likes_count": 0, "replies_count": 0, "retweets_count": 0, "hashtags": []}
{"id": 972621498858049537, "date": "2018-03-10", "time": "18:53:30", "tweet": "Elon Musk es el nuevo Nikola Tesla", "likes_count": 0, "replies_count": 0, "retweets_count": 0, "hashtags": []}
{"id": 972621472941428737, "date": "2018-03-10", "time": "18:53:24", "tweet": "Elon Musk goes on tweetstorm, siding with Trump over tariffs  https://t.co/pWXMvVoc1W", "likes_count": 0, "replies_count": 0, "retweets_count": 0, "hashtags": []}
{"id": 972621432055267328, "date": "2018-03-10", "time": "18:53:14", "tweet": "@elonmusk Always ask why.", "likes_count": 0, "replies_count": 0, "retweets_count": 0, "hashtags": []}
{"id": 972621426262970373, "date": "2018-03-10", "time": "18:53:13", "tweet": "@GagnonKristi @elonmusk yeah, so is this", "likes_count": 2, "replies_count": 1, "retweets_count": 0, "hashtags": []}
{"id": 972621398618206208, "date": "2018-03-10", "time": "18:53:06", "tweet": "Elon Musk ce génie", "likes_count": 0, "replies_count": 0, "retweets_count": 0, "hashtags": []}
{"id": 972621379374809088, "date": "2018-03-10", "time": "18:53:01", "tweet": "@elonmusk Dude tunnels sound awesome I mean to most people they would think just a stupid hole in the ground to me I think of an amazing adventure with millions of possibilities.  P.s. artificial cat girls would be cool", "likes_count": 0, "replies_count": 1, "retweets_count": 0, "hashtags": []}
