{"id": 1079164958238220288, "date": "2018-12-29", "time": "18:59:10", "tweet": "@ArianaKiska @elonmusk Tesla's balance sheet is such that they cannot afford to install additional chargers.  Other than that you should be good.  Welcome to the REAL Tesla family, not the one promised you by a car salesman named Musk.", "likes_count": 1, "replies_count": 0, "retweets_count": 0, "hashtags": []}
{"id": 1079164933592383489, "date": "2018-12-29", "time": "18:59:04", "tweet": "Elon Musk Thinks the First Mars Settler Could Be an AI - Futurism - +GENERAL PHYSICS LABORATORY (GPL)  Elon Musk Thinks the First Mars Settler Could Be an AI  FuturismElon Musk Tweet Hints AI Could Be the First 'Resident' of...   https://t.co/yndxTfYef6", "likes_count": 0, "replies_count": 0, "retweets_count": 0, "hashtags": []}
{"id": 1079164849572249600, "date": "2018-12-29", "time": "18:58:44", "tweet": "Tesla Names Two New Directors to Board as Part of SEC Settlement With Elon Musk  https://t.co/HNRGVDmaI2 #cars #feedly", "likes_count": 0, "replies_count": 0, "retweets_count": 0, "hashtags": ["cars", "feedly"]}
{"id": 1079164713026519040, "date": "2018-12-29", "time": "18:58:12", "tweet": "Elon Musk Thinks the First Mars Settler Could Be an AI – Futurism  https://t.co/MRKxFXtMCK  https://t.co/if2T9OzIrJ", "likes_count": 0, "replies_count": 0, "retweets_count": 0, "hashtags": []}
{"id": 1079164676527742977, "date": "2018-12-29", "time": "18:58:03", "tweet": "@DpadEdward @Tesla @elonmusk On this roadtrip? 2,174 lbs. (gas Subaru) - 489 lbs. (electric #Model3) = 1,685 lbs. of greenhouse gases saved —a 78% reduction! Why do you ask?", "likes_count": 16, "replies_count": 2, "retweets_count": 1, "hashtags": ["model3"]}
{"id": 1079164611398647808, "date": "2018-12-29", "time": "18:57:47", "tweet": "@nopoetjustice @Varneyco @elonmusk @FoxBusiness Now it’s my turn to: wtf? 😉", "likes_count": 0, "replies_count": 0, "retweets_count": 0, "hashtags": []}
{"id": 1079164267688009728, "date": "2018-12-29", "time": "18:56:25", "tweet": "Tesla Delivered The Wrong Car For Christmas....  https://t.co/h6eb9pCdfL via @YouTube @Tesla @elonmusk", "likes_count": 0, "replies_count": 0, "retweets_count": 0, "hashtags": []}
{"id": 1079164153426833408, "date": "2018-12-29", "time": "18:55:58", "tweet": "Elon Musk is the real life Tony Stark and Akon is the real life T’Challa this is actually factual.", "likes_count": 0, "replies_count": 0, "retweets_count": 0, "hashtags": []}
{"id": 1079163690396594176, "date": "2018-12-29", "time": "18:54:08", "tweet": "@BKinDetroit I just found out Elon Musk isn’t an exquisite Designer Imposter.", "likes_count": 1, "replies_count": 0, "retweets_count": 0, "hashtags": []}
{"id": 1079163687649398785, "date": "2018-12-29", "time": "18:54:07", "tweet": "@AppValley_vip These legends will help me win @elonmusk @MrBeastYT @pewdiepie", "likes_count": 0, "replies_count": 0, "retweets_count": 0, "hashtags": []}
{"id": 1079163563963568128, "date": "2018-12-29", "time": "18:53:38", "tweet": "Elon Musk wants to establish a base on Mars — but he isn’t sure its first resident will be human  #ai #future  https://t.co/Xz8VZwl5lU", "likes_count": 21, "replies_count": 2, "retweets_count": 10, "hashtags": ["ai", "future"]}
{"id": 1079163503196409857, "date": "2018-12-29", "time": "18:53:23", "tweet": "A Super-Material You Can Make In Your Kitchen (Starlite?)  https://t.co/mGnWWiMvDb via @YouTube. @SpaceX @elonmusk if this is real would it have any benefit to big falcon spaceship/rocket?", "likes_count": 1, "replies_count": 0, "retweets_count": 1, "hashtags": []}
{"id": 1079163501430501376, "date": "2018-12-29", "time": "18:53:23", "tweet": "Hey @elonmusk , loving the Model 3, but it would be great if the app notified you when you walk away from the car with a door ajar.  We get an audible honk when locked but no warning if the car can’t lock itself.", "likes_count": 1, "replies_count": 0, "retweets_count": 0, "hashtags": []}
{"id": 1079163431549317120, "date": "2018-12-29", "time": "18:53:06", "tweet": "I started this Twitter as a timeline system for my business. Yet, I spend all my time on here jerking off @elonmusk ,@brianswindle and weed", "likes_count": 0, "replies_count": 0, "retweets_count": 0, "hashtags": []}
{"id": 1079163260086169602, "date": "2018-12-29", "time": "18:52:25", "tweet": "@ShariqShamimMD @elonmusk @Tesla @MercedesBenz Then sell that car to someone who cares and go back driving a Mercedes. You don't deserve modern technology.", "likes_count": 0, "replies_count": 0, "retweets_count": 0, "hashtags": []}
{"id": 1079163251987042310, "date": "2018-12-29", "time": "18:52:23", "tweet": "Thai cave rescue: British divers receive gallantry awards Vernon Unsworth, who mapped cave system and is suing Elon Musk, receives MBE  This must have been one of the most...  https://t.co/sTIPvMdePH", "likes_count": 12, "replies_count": 0, "retweets_count": 2, "hashtags": []}
{"id": 1079163221305626624, "date": "2018-12-29", "time": "18:52:16", "tweet": "@Tesla Smart Move asking Ellison! Smart man who does not know the meaning of \"a box\" type mindset. @washingtonpost @elonmusk", "likes_count": 0, "replies_count": 0, "retweets_count": 0, "hashtags": []}
{"id": 1079163011405881344, "date": "2018-12-29", "time": "18:51:26", "tweet": "#simulationtheory @elonmusk", "likes_count": 0, "replies_count": 0, "retweets_count": 0, "hashtags": ["simulationtheory"]}
{"id": 1079163004741210112, "date": "2018-12-29", "time": "18:51:24", "tweet": "@jaobodanese_yrn 2- eu  3- Elon Musk", "likes_count": 0, "replies_count": 0, "retweets_count": 0, "hashtags": []}
{"id": 1079162943504371718, "date": "2018-12-29", "time": "18:51:10", "tweet": "Elon Musk Thinks the First Mars Settler Could Be an AI  #ai #future  https://t.co/Xz8VZwl5lU", "likes_count": 18, "replies_count": 0, "retweets_count": 9, "hashtags": ["ai", "future"]}
{"id": 1079162888789680129, "date": "2018-12-29", "time": "18:50:57", "tweet": "@arlene_simms @letitblc @krassenstein @elonmusk Isn’t Michigan run by democrats for the past 40+ years?  Isn’t Flint run by democrats?  Why are you blaming Republicans?  Water supply is a local issue.", "likes_count": 0, "replies_count": 0, "retweets_count": 0, "hashtags": []}
{"id": 1079162824323198976, "date": "2018-12-29", "time": "18:50:41", "tweet": "@jega___ @elonmusk Bruv an average care produces 6 tons of CO2 a year. That’s 7.2 billion tons of CO2 emission cut down a year.", "likes_count": 0, "replies_count": 1, "retweets_count": 0, "hashtags": []}
{"id": 1079162823228514310, "date": "2018-12-29", "time": "18:50:41", "tweet": "@EddiePoon2 @elonmusk Just disconnect the battery, that should do it", "likes_count": 0, "replies_count": 0, "retweets_count": 0, "hashtags": []}
{"id": 1079162693205016577, "date": "2018-12-29", "time": "18:50:10", "tweet": "@Thewayofjus Because it’s a flamethrower made by Elon Musk. That’s reason enough man😂", "likes_count": 1, "replies_count": 0, "retweets_count": 0, "hashtags": []}
{"id": 1079162691095285761, "date": "2018-12-29", "time": "18:50:10", "tweet": "@snopes I am really looking forward to the day the Americans decide to colonize #Mars for good with their idiotic life-and-death philosophy. If 'philosophy' isn't to grand a word . . . Get on with it, #ElonMusk!", "likes_count": 0, "replies_count": 0, "retweets_count": 0, "hashtags": ["mars", "elonmusk"]}
{"id": 1079162655791894529, "date": "2018-12-29", "time": "18:50:01", "tweet": "Elon Musk pide a juez rechazar la demanda contra él por difamación  #29Dic #FelizSabado  https://t.co/ThnhzYbKFk  https://t.co/XTIDgO7Bov", "likes_count": 0, "replies_count": 0, "retweets_count": 0, "hashtags": ["29dic", "felizsabado"]}
{"id": 1079162633432023040, "date": "2018-12-29", "time": "18:49:56", "tweet": "@elonmusk @Grimezsz 'if you long to never die, plug in upload your mind' hmmmm....  https://t.co/IpzUE2BVYR ?", "likes_count": 0, "replies_count": 0, "retweets_count": 0, "hashtags": []}
{"id": 1079162620895203335, "date": "2018-12-29", "time": "18:49:53", "tweet": "@austroThalik @ana_detsch @Borgesz0 @elonmusk @Wolf_Krauser @emitai2016 @SemWRnDa @Guinterms @gMiotelli @anabothn @leonardorccn @", "likes_count": 0, "replies_count": 0, "retweets_count": 0, "hashtags": []}
{"id": 1079162607888670722, "date": "2018-12-29", "time": "18:49:50", "tweet": "@hks55 @elonmusk As long as mark-to-market for the private sector and hold-to-maturity accounting for the gov is in place, the govs got to keep doing it. It is a black hole.", "likes_count": 0, "replies_count": 0, "retweets_count": 0, "hashtags": []}
{"id": 1079162593783103489, "date": "2018-12-29", "time": "18:49:46", "tweet": "@juulmom1 He's the only one. I'm talking about the major car companies. Ford, GM, Chevy....  If the big boys took cues from @elonmusk, the world would be a much better place.", "likes_count": 0, "replies_count": 0, "retweets_count": 0, "hashtags": []}
{"id": 1079162512476536832, "date": "2018-12-29", "time": "18:49:27", "tweet": "@elonmusk test drove model 3 in Toronto yesterday. No heated steering wheel, what?? Please add", "likes_count": 0, "replies_count": 0, "retweets_count": 0, "hashtags": []}
{"id": 1079162373427118081, "date": "2018-12-29", "time": "18:48:54", "tweet": "@_DeleteTheElite Watch Elon Musk on YouTube talking about the underground tunnels built for his new project. He describes this same technology like if it was new , I couldn't believe my ears. Only confirming what Phil has tried to warn us about.  https://t.co/4AQnH8zdgB", "likes_count": 0, "replies_count": 1, "retweets_count": 0, "hashtags": []}
{"id": 1079162352334004224, "date": "2018-12-29", "time": "18:48:49", "tweet": "@MGagi7 @Reskyren @yanquetino @Tesla @elonmusk I used to be the type that hated to stop on a long road trip unless a) I had to use the restroom, or b) I needed fuel. The VW TDI vehicles I used to own had big range, so rarely stopped for fuel on long trips. Now I kind of enjoy taking the rests.", "likes_count": 4, "replies_count": 1, "retweets_count": 0, "hashtags": []}
{"id": 1079162322978000897, "date": "2018-12-29", "time": "18:48:42", "tweet": "@austroThalik @Borgesz0 @elonmusk @Wolf_Krauser @emitai2016 @SemWRnDa @Guinterms @gMiotelli @anabothn @leonardorccn @eusoulacerda @", "likes_count": 0, "replies_count": 0, "retweets_count": 0, "hashtags": []}
{"id": 1079162092819763203, "date": "2018-12-29", "time": "18:47:47", "tweet": "@OTC_Bitcoin @elonmusk Rekt 😣", "likes_count": 0, "replies_count": 0, "retweets_count": 0, "hashtags": []}
{"id": 1079162092568031233, "date": "2018-12-29", "time": "18:47:47", "tweet": "@Inc Elon Musk is a pot head", "likes_count": 0, "replies_count": 0, "retweets_count": 0, "hashtags": []}
{"id": 1079161991686688768, "date": "2018-12-29", "time": "18:47:23", "tweet": "Elon Musk messages kids.", "likes_count": 2, "replies_count": 0, "retweets_count": 0, "hashtags": []}
{"id": 1079161957222109184, "date": "2018-12-29", "time": "18:47:15", "tweet": "@MGagi7 @Reskyren @yanquetino @Tesla @elonmusk Besides, it's best 2 take breaks 4 health reasons. Blood circulation vs risk of dvt for one. Trust me. I know. I've suffered 3 dvt &amp; pulmonary embolisms due to 7+hr road trips &amp; no breaks. Most recent in February after 7hrs driving.  #model3 has forced me to stop and take a walk.", "likes_count": 9, "replies_count": 2, "retweets_count": 0, "hashtags": ["model3"]}
{"id": 1079161897574817792, "date": "2018-12-29", "time": "18:47:00", "tweet": "@mds4132 @Tesla @TOCNewYorkState @elonmusk @teslaownersSV You are right in saying speeding is more dangerous but generally speaking relative speed between cars plays a bigger role in accidents. If all cars are going at 100 no issues but if one car is doing 60 then prob of collision increases.   Just tell her man if you tinker. That's al", "likes_count": 1, "replies_count": 1, "retweets_count": 0, "hashtags": []}
{"id": 1079161892533428230, "date": "2018-12-29", "time": "18:46:59", "tweet": "@austroThalik @ana_detsch @Borgesz0 @elonmusk @Wolf_Krauser @emitai2016 @SemWRnDa @Guinterms @gMiotelli @leonardorccn @eusoulacerda @", "likes_count": 0, "replies_count": 0, "retweets_count": 0, "hashtags": []}
{"id": 1079161739164483584, "date": "2018-12-29", "time": "18:46:23", "tweet": "responda esse tweet com um \"@\" e eu te dou 10 motivos para você marcar  1. @ana_detsch  2. @Borgesz0  3. @elonmusk  4. @Wolf_Krauser  5. @emitai2016 6. @SemWRnDa @Guinterms @gMiotelli 👅 7. @Borgesz0  8. @anabothn  9. @leonardorccn  10. @eusoulacerda", "likes_count": 4, "replies_count": 6, "retweets_count": 0, "hashtags": []}
{"id": 1079161705387544576, "date": "2018-12-29", "time": "18:46:15", "tweet": "Look out for our new podcast, coming soon where we talk about Elon musk", "likes_count": 0, "replies_count": 0, "retweets_count": 0, "hashtags": []}
{"id": 1079161684546207744, "date": "2018-12-29", "time": "18:46:10", "tweet": "@elonmusk it is possible to build small  model x that does not go to space, instead lunch from Florida  and land in Chicago in mater of minutes. that way we could have fast packaging delivery service.", "likes_count": 0, "replies_count": 0, "retweets_count": 0, "hashtags": []}
{"id": 1079161576756719616, "date": "2018-12-29", "time": "18:45:44", "tweet": "@elonmusk Elon I am taking over Tesla account at Digi-Key!! I am very excited to support you and and the entire Tesla team!!", "likes_count": 0, "replies_count": 0, "retweets_count": 0, "hashtags": []}
{"id": 1079161553319006209, "date": "2018-12-29", "time": "18:45:38", "tweet": "@OTC_Bitcoin @elonmusk Unbelievable dump. What the heck", "likes_count": 0, "replies_count": 0, "retweets_count": 0, "hashtags": []}
{"id": 1079161542904610824, "date": "2018-12-29", "time": "18:45:36", "tweet": "I liked a @YouTube video  https://t.co/kwXYnAZlCG 15 Books Elon Musk Thinks Everyone Should Read", "likes_count": 0, "replies_count": 0, "retweets_count": 0, "hashtags": []}
{"id": 1079161542573142016, "date": "2018-12-29", "time": "18:45:36", "tweet": "Want to Think Like Elon Musk? Add These 11 Books to Your Reading List |  https://t.co/ifQL8YuIOI  https://t.co/PsOgPUNDoM", "likes_count": 0, "replies_count": 0, "retweets_count": 0, "hashtags": []}
{"id": 1079161530871033856, "date": "2018-12-29", "time": "18:45:33", "tweet": "@jamie4smith I thought this was a tweet about Elon Musk at first glance", "likes_count": 1, "replies_count": 1, "retweets_count": 0, "hashtags": []}
{"id": 1079161460767449088, "date": "2018-12-29", "time": "18:45:16", "tweet": "@j_brorsson @Tesla @elonmusk TRUE! But… we Yankees actually pay about the same per gallon, but don't realize it, because we pay the difference with taxes that subsidize the OIL'igarchs.", "likes_count": 4, "replies_count": 1, "retweets_count": 0, "hashtags": []}
{"id": 1079161404379156480, "date": "2018-12-29", "time": "18:45:03", "tweet": "@elonmusk @SpaceX @ElonMusk  it took president kennedy to do that, then texas killed him.  nasa's on covet means lately.  hope you know what you're doing...  #Anonymous", "likes_count": 1, "replies_count": 0, "retweets_count": 0, "hashtags": ["anonymous"]}
{"id": 1079161396686962689, "date": "2018-12-29", "time": "18:45:01", "tweet": "\"I wish I had thought of this.\" - Elon Musk #spacex #stopdrymarkeritis  https://t.co/Y6p5b9pI4M", "likes_count": 0, "replies_count": 0, "retweets_count": 0, "hashtags": ["spacex", "stopdrymarkeritis"]}
{"id": 1079161347546460160, "date": "2018-12-29", "time": "18:44:49", "tweet": "@jega___ 7 billion people do this and it’ll certainly help. @elonmusk should make Tesla’s for free.", "likes_count": 0, "replies_count": 0, "retweets_count": 0, "hashtags": []}
{"id": 1079161244756701184, "date": "2018-12-29", "time": "18:44:25", "tweet": "If @Disney ever thinks to buy @Nintendo, they would basically have a monopoly on childhood. If @elonmusk bought both than he'd be our childhood.", "likes_count": 1, "replies_count": 0, "retweets_count": 0, "hashtags": []}
{"id": 1079161192780836866, "date": "2018-12-29", "time": "18:44:12", "tweet": "#BlackMirrorBandersnatch #BlackMirror is some @elonmusk type shit", "likes_count": 0, "replies_count": 0, "retweets_count": 0, "hashtags": ["blackmirrorbandersnatch", "blackmirror"]}
{"id": 1079160954741350400, "date": "2018-12-29", "time": "18:43:16", "tweet": "@afafaffffafafaf @Tesla @elonmusk No sorry, but u do need a Code to get in. Make sure u get the code from the Super Charger App", "likes_count": 0, "replies_count": 0, "retweets_count": 0, "hashtags": []}
{"id": 1079160920796999682, "date": "2018-12-29", "time": "18:43:08", "tweet": "@elonmusk @whatsinside You mean I won’t have to wake up at 2:30am in Phoenix and drive 13 hours to \"out run\" a blizzard? and continue driving for the next the 3 days to get back to school?", "likes_count": 0, "replies_count": 0, "retweets_count": 0, "hashtags": []}
{"id": 1079160891889848320, "date": "2018-12-29", "time": "18:43:01", "tweet": "@elonmusk I have read about the tunnel, but Yr still using cars! Why not use multi person 'pods' etc to get away fm the use of the personal vehicle? Would love yr views pls.", "likes_count": 0, "replies_count": 0, "retweets_count": 0, "hashtags": []}
{"id": 1079160863288893440, "date": "2018-12-29", "time": "18:42:54", "tweet": "🌵 Elon Musk, el genio de la tecnología que trabaja sin descanso...  https://t.co/guwVQMXTTZ", "likes_count": 1, "replies_count": 0, "retweets_count": 0, "hashtags": []}
{"id": 1079160797731840000, "date": "2018-12-29", "time": "18:42:38", "tweet": "@austinbarnard45 @elonmusk I would have imagined the metal looking smoother and not so wrinkled.  Wonder what makes it like that.", "likes_count": 0, "replies_count": 0, "retweets_count": 0, "hashtags": []}
{"id": 1079160736801320961, "date": "2018-12-29", "time": "18:42:24", "tweet": "@uclamotte @Christi83150202 @_humanIam_ @ZinaAntoaneta @HeadlineJuice @cj_liebs @AmyMichelleSel2 @CathyWr58910445 @TToQEsther @RickyKay13 @andy_spoo @BluDragon8 @HackTheTorture @gcharise @Kotnascher1510 @24cmX8cm @Stop007org @TISupport1 @Netsbridge @janedoe35266157 @VictimofSorcery @puzzledprophet @jacob_313 @PsychicWaugh @RideTheOasis @tompetrilla @toddgiffen @Athelstan777 @Kalimero52 @Sultanine67 @karen_kams56 @MrETweetz @OrtaineDevian @nickmyer @NobodyCamera94 @MaggiK81 @EccEveryday @lissakr11 @InvestAltcoins @Jeffner01 @mszygomatic @AngelaDeAngelo @1scaredgirlusa @POTUS @realDonaldTrump @GenFlynn @TomFitton @JudicialWatch @GeorgePapa19 @elonmusk Telling every detail will help predators learn to get away with it more.", "likes_count": 0, "replies_count": 0, "retweets_count": 0, "hashtags": []}
{"id": 1079160733206687744, "date": "2018-12-29", "time": "18:42:23", "tweet": "@elonmusk give this man his tesla already", "likes_count": 1, "replies_count": 0, "retweets_count": 0, "hashtags": []}
{"id": 1079160631213776897, "date": "2018-12-29", "time": "18:41:58", "tweet": "Bonus…! I can use the merchandise sacks provided by the @Tesla store in Kettleman City as recyclable bags in my @Model3's frunk. Nice touch, @elonmusk!  https://t.co/U18PZ4AfpI", "likes_count": 6, "replies_count": 0, "retweets_count": 0, "hashtags": []}
{"id": 1079160628785209344, "date": "2018-12-29", "time": "18:41:58", "tweet": "@elonmusk your floor manager for @Tesla in Fremont is terrible. 1hr wait to be checked in, then told car was in SF, then find out it doesn't even have the 19in wheels we ordered after we get there 🤦🏻‍♂️🤦🏻‍♂️🤦🏻‍♂️🤦🏻‍♂️🤦🏻‍♂️", "likes_count": 0, "replies_count": 1, "retweets_count": 0, "hashtags": []}
{"id": 1079160581389762560, "date": "2018-12-29", "time": "18:41:47", "tweet": "@elonmusk Hey Mr. Musk, what would happen if white light were shined through a 3D  triangular prism housed inside a slightly larger 3D triangular prism?  Would light refract/diffract as per usual, or would something different occur?", "likes_count": 0, "replies_count": 0, "retweets_count": 0, "hashtags": []}
{"id": 1079160517367877632, "date": "2018-12-29", "time": "18:41:31", "tweet": "@yanquetino @Tesla @elonmusk Interesting. On my side of the country I pay ~$1 / 25 miles of charge at the supercharger stations. We just did ~1,300 miles and spent $52 supercharging.", "likes_count": 5, "replies_count": 0, "retweets_count": 0, "hashtags": []}
{"id": 1079160420890488834, "date": "2018-12-29", "time": "18:41:08", "tweet": "🔵 Elon Musk planea mudarse a Marte dentro de siete años #Viajes  https://t.co/ElG9Eso4IH", "likes_count": 0, "replies_count": 0, "retweets_count": 0, "hashtags": ["viajes"]}
{"id": 1079160417753153536, "date": "2018-12-29", "time": "18:41:08", "tweet": "@elonmusk suggestion: when standing outside a closed garage, use the app to open a homelink garage door.  Not as part of summon, as you need to manually unhook the charging cable anyway.", "likes_count": 0, "replies_count": 0, "retweets_count": 0, "hashtags": []}
{"id": 1079160297145942016, "date": "2018-12-29", "time": "18:40:39", "tweet": "@RobertDowneyJr @elonmusk @MoistCr1TiKaL  let us pray boys.", "likes_count": 0, "replies_count": 0, "retweets_count": 0, "hashtags": []}
{"id": 1079160252086521857, "date": "2018-12-29", "time": "18:40:28", "tweet": "@SoCal_Raed @Tesla @elonmusk Não vejo a hora disso estar bem difundido!! Ahh o futuro!!!", "likes_count": 0, "replies_count": 0, "retweets_count": 0, "hashtags": []}
{"id": 1079160177142755330, "date": "2018-12-29", "time": "18:40:10", "tweet": "@RobertMaguire_ @talkingtesla @joerogan @ConanOBrien @StarTalkRadio are my top 4 in no particular order.  But my favorite is @elonmusk on @joerogan.  He was warning us of AI and the monkeys we are focused on a puff of weed.  Hilarious and sad at same time!", "likes_count": 1, "replies_count": 0, "retweets_count": 0, "hashtags": []}
{"id": 1079160142904639488, "date": "2018-12-29", "time": "18:40:02", "tweet": "@MarcoCryptoRevo Yes, almost. The process has started and it’s in very early stages. But putting that aside. there is $20 trillion of precious metals in asteroids near us. How long before someone like Elon Musk collects all that?", "likes_count": 0, "replies_count": 1, "retweets_count": 0, "hashtags": []}
{"id": 1079160082162765825, "date": "2018-12-29", "time": "18:39:48", "tweet": "@Xbox @elonmusk @RobertDowneyJr @MoistCr1TiKaL  let us pray boys.", "likes_count": 0, "replies_count": 0, "retweets_count": 0, "hashtags": []}
{"id": 1079159894798991360, "date": "2018-12-29", "time": "18:39:03", "tweet": "bro i just talked with Elon Musk, i’m sorry but that dude doesn’t know shit", "likes_count": 2, "replies_count": 0, "retweets_count": 0, "hashtags": []}
{"id": 1079159880080969728, "date": "2018-12-29", "time": "18:38:59", "tweet": "@yanquetino @Tesla @elonmusk Driving with Autopilot is much less tiring, combined with supercharger stops and I wasn’t exhausted after driving all day.", "likes_count": 8, "replies_count": 1, "retweets_count": 0, "hashtags": []}
{"id": 1079159845968855043, "date": "2018-12-29", "time": "18:38:51", "tweet": "Elon Musk asks Tesla employees to test out new full self-driving mode  https://t.co/WTg1inXX0J", "likes_count": 0, "replies_count": 0, "retweets_count": 0, "hashtags": []}
{"id": 1079159766750904320, "date": "2018-12-29", "time": "18:38:32", "tweet": "@nathan_kahle @MJT3141 @RMac18 You rationalise opposition by an imaginary elite for your hero worship of Elon Musk, who you think will save the world. When he fails you, you will search for another hero. That will fail as well. There are no heroes, only human beings.", "likes_count": 0, "replies_count": 0, "retweets_count": 0, "hashtags": []}
{"id": 1079159621103824896, "date": "2018-12-29", "time": "18:37:58", "tweet": "@Pixel22XL @yanquetino @Tesla @elonmusk Chargers are usually near a restaurant or restrooms. So by the time you’re done eating or taking a leak you’re on your way.", "likes_count": 0, "replies_count": 0, "retweets_count": 0, "hashtags": []}
{"id": 1079159546717917184, "date": "2018-12-29", "time": "18:37:40", "tweet": "@Xbox 42 @s8n @elonmusk @pewdiepie", "likes_count": 0, "replies_count": 0, "retweets_count": 0, "hashtags": []}
{"id": 1079159479084740608, "date": "2018-12-29", "time": "18:37:24", "tweet": "🌵 “Cuando algo es lo suficientemente importante, lo haces incluso cuando las posibilidades no están en tu favor.” – Elon Musk (1971-actualidad)", "likes_count": 0, "replies_count": 0, "retweets_count": 0, "hashtags": []}
{"id": 1079159471065178113, "date": "2018-12-29", "time": "18:37:22", "tweet": "@FairDinkumCap @Tesla @TOCNewYorkState @elonmusk @teslaownersSV You make a good point. The maximum speed limit is 65. That is why I set it to 70 to give her a bit extra to pass other cars. The car also gives her a warning when she gets close to the limit I set. I would say speeding would be more dangerous. Model 3 has highest safety rating.", "likes_count": 0, "replies_count": 2, "retweets_count": 0, "hashtags": []}
