{"id": 1003063645570502656, "date": "2018-06-02", "time": "19:59:43", "tweet": "@BossHoggHazzard @EnerTuition @DmitryDoreshkin @ValueAnalyst1 @SteveHamel16 @MontanaSeptic @Tesla @Nissan @elonmusk @markbspiegel Also celebrity power. CR debacle was about Jake Fisher talking to Elon on phone and being starstruck. Jake thought \"OMG Elon talked to me and wants to be my friend!\" Meanwhile Elon played him like fiddle. Celebrity cuts both ways though. When Elon's star fades $TSLA's will too.", "likes_count": 2, "replies_count": 0, "retweets_count": 0, "hashtags": []}
{"id": 1003063603296194560, "date": "2018-06-02", "time": "19:59:33", "tweet": "@Bo_Class_FCPS @Tesla @elonmusk Thanks Bo, of course Will is doing all of the hard work. Making me proud every step of the way! Here he is today, tackling the stairs better post surgery than pre-surgery.  https://t.co/dvqi1McSQ9", "likes_count": 7, "replies_count": 0, "retweets_count": 0, "hashtags": []}
{"id": 1003063513710030848, "date": "2018-06-02", "time": "19:59:12", "tweet": "@BimPhilipp @elonmusk Ok was die osteuropäischen Länder betrifft, da ist noch Nachholbedarf. Das SuperChargerNetz in Westeuropa ist aber recht gut auch für Langstrecken ausgebaut.", "likes_count": 1, "replies_count": 1, "retweets_count": 0, "hashtags": []}
{"id": 1003063506453835776, "date": "2018-06-02", "time": "19:59:10", "tweet": "What's it like to finally take delivery of a #Tesla Model 3, check out this article and video for the scoop, view here:  https://t.co/rcdgHc1k8X $TSLA #TeslaMotors #TeslaModel3 #ElectricVehicle #ElonMusk", "likes_count": 31, "replies_count": 0, "retweets_count": 6, "hashtags": ["tesla", "teslamotors", "teslamodel3", "electricvehicle", "elonmusk"]}
{"id": 1003063493904363520, "date": "2018-06-02", "time": "19:59:07", "tweet": "I'm pretty sure @JeffBezos could take @elonmusk in a fist fight. Jeff's looking beefy and he wears a kick-ass bright yellow vest.", "likes_count": 0, "replies_count": 0, "retweets_count": 0, "hashtags": []}
{"id": 1003063349754585088, "date": "2018-06-02", "time": "19:58:33", "tweet": "🌌#Torus_I🌌Will mankind survive?☢️ #amwritingscifi #scifi #amwriting #SpaceX🚀 @amazon @AmazonKindle @AmazonUK @BookBub @BuzzFeed @RGBookWorld @Pizzazz_Books @CircleofBooks @AlmondPress @ReadersGazette @BookBuzzers #BookClubs @TwitterBooks #IARTG @elonmusk #Space #Colony 🌃  https://t.co/v1kbINKosQ", "likes_count": 1, "replies_count": 0, "retweets_count": 7, "hashtags": ["torus_i", "amwritingscifi", "scifi", "amwriting", "spacex", "bookclubs", "iartg", "space", "colony"]}
{"id": 1003063344025219072, "date": "2018-06-02", "time": "19:58:31", "tweet": "Un podcast de l’émission #LaSphere de la radio de Radio-Canada sur Elon Musk  https://t.co/j3INCUS3vW", "likes_count": 0, "replies_count": 0, "retweets_count": 1, "hashtags": ["lasphere"]}
{"id": 1003063203302117376, "date": "2018-06-02", "time": "19:57:58", "tweet": "@elonmusk Why?", "likes_count": 1, "replies_count": 0, "retweets_count": 0, "hashtags": []}
{"id": 1003062616049233920, "date": "2018-06-02", "time": "19:55:38", "tweet": "7 Guesses About Artificial Intelligence From Jeff Bezos, Elon Musk, and Other Tech Leaders  https://t.co/z0jTeAovPY #ai #ml #dl", "likes_count": 0, "replies_count": 0, "retweets_count": 1, "hashtags": ["ai", "ml", "dl"]}
{"id": 1003062538874040320, "date": "2018-06-02", "time": "19:55:19", "tweet": "7 Predictions About Artificial Intelligence From Jeff Bezos, Elon Musk, and Other Tech Leaders  https://t.co/dJKUVjxZsV #ai #ml #dl", "likes_count": 0, "replies_count": 0, "retweets_count": 1, "hashtags": ["ai", "ml", "dl"]}
{"id": 1003062533362724865, "date": "2018-06-02", "time": "19:55:18", "tweet": "@ZuThadeus ElonMusk wouldnt want bad AI sys doing badstuff in his off-earth space communities;he&amp;peterthiel fund haxorcommunity of experts build good AIsys arch to ensure good&amp;maybe it finds its way onto earth AIsystems...?!?", "likes_count": 0, "replies_count": 0, "retweets_count": 0, "hashtags": []}
{"id": 1003062525145960448, "date": "2018-06-02", "time": "19:55:16", "tweet": "@elonmusk I agree. Now in like drinking from a jar, but dont class it up", "likes_count": 0, "replies_count": 0, "retweets_count": 0, "hashtags": []}
{"id": 1003062520909910016, "date": "2018-06-02", "time": "19:55:15", "tweet": "@elonmusk hey Elon, what's the ETA for model 3 in MTL.. considering buying one within the next year, thx", "likes_count": 0, "replies_count": 0, "retweets_count": 0, "hashtags": []}
{"id": 1003062439544438784, "date": "2018-06-02", "time": "19:54:56", "tweet": "@LizM0i8 @Grimezsz @elonmusk She's even using her manners pls halp", "likes_count": 0, "replies_count": 0, "retweets_count": 0, "hashtags": []}
{"id": 1003062326109622274, "date": "2018-06-02", "time": "19:54:29", "tweet": "@elonmusk @RacusinJennifer @tycoonmindset05 Not \"was\" then \"Will be\" an alien #donuttimeloop", "likes_count": 0, "replies_count": 0, "retweets_count": 0, "hashtags": ["donuttimeloop"]}
{"id": 1003062189966614529, "date": "2018-06-02", "time": "19:53:56", "tweet": "Hey @elonmusk , these f**kers said they don’t have any flamethrowers in stock.  Guess I have to just get small bills and change to deal with the homeless.  https://t.co/sDSgAzdG2X", "likes_count": 2, "replies_count": 0, "retweets_count": 0, "hashtags": []}
{"id": 1003062135465930752, "date": "2018-06-02", "time": "19:53:43", "tweet": "World Exclusive: Learn How Trump, Kanye, Elon Musk And Others Are Attemp...  https://t.co/4Pyft2Q0Pk via @YouTube", "likes_count": 0, "replies_count": 0, "retweets_count": 0, "hashtags": []}
{"id": 1003062115324706816, "date": "2018-06-02", "time": "19:53:38", "tweet": "You've had the media Smear PewDiePie aka Felix Kjellberg, Count Dankula aka Marcus Meechan, Jordan B Peterson and Elon Musk  It doesn't take a genius to do five fucking minutes or research and know all these media sites smearing these people just lie and twist stories for fame", "likes_count": 0, "replies_count": 0, "retweets_count": 0, "hashtags": []}
{"id": 1003062044613111808, "date": "2018-06-02", "time": "19:53:22", "tweet": "@AlexGuichet @elonmusk Not Cutco. I sold $10,000 of them one summer,  and they are quality, but at least %40 profit.", "likes_count": 1, "replies_count": 0, "retweets_count": 0, "hashtags": []}
{"id": 1003061978242437122, "date": "2018-06-02", "time": "19:53:06", "tweet": "@RealAlexJones @PrisonPlanet Congrats, @elonmusk. You made it, bro!", "likes_count": 0, "replies_count": 0, "retweets_count": 0, "hashtags": []}
{"id": 1003061850290860032, "date": "2018-06-02", "time": "19:52:35", "tweet": "@Mitski @elonmusk @jimcramer @BrianSozzi Agreed", "likes_count": 0, "replies_count": 0, "retweets_count": 0, "hashtags": []}
{"id": 1003061732686823424, "date": "2018-06-02", "time": "19:52:07", "tweet": "@Tesla When will our @Tesla vehicles be smart enough to know when school speed limit hours and not slow down every time to 15 mph? @elonmusk", "likes_count": 0, "replies_count": 0, "retweets_count": 0, "hashtags": []}
{"id": 1003061349692428293, "date": "2018-06-02", "time": "19:50:36", "tweet": "@elonmusk That’s what does it? Have you heard the name “Kardashian” before?", "likes_count": 0, "replies_count": 0, "retweets_count": 0, "hashtags": []}
{"id": 1003061206762938368, "date": "2018-06-02", "time": "19:50:02", "tweet": "@elonmusk fan theory: Elon hasn't been on Twitter in over a year. He just set up his AI program to act like him as best as possible. The most successful Turing test ever conducted.", "likes_count": 0, "replies_count": 0, "retweets_count": 0, "hashtags": []}
{"id": 1003061092476768256, "date": "2018-06-02", "time": "19:49:35", "tweet": "@elonmusk We drank out of mason jars 40 years ago before it was cool.", "likes_count": 0, "replies_count": 0, "retweets_count": 0, "hashtags": []}
{"id": 1003061073581404160, "date": "2018-06-02", "time": "19:49:30", "tweet": "@elonmusk Should be only if they come lidless", "likes_count": 0, "replies_count": 0, "retweets_count": 0, "hashtags": []}
{"id": 1003061026110124032, "date": "2018-06-02", "time": "19:49:19", "tweet": "California’s bill to regulate Elon Musk’s flamethrower is being held in committee  https://t.co/0TjeWHgt5B  https://t.co/v70vvJ91lB", "likes_count": 0, "replies_count": 0, "retweets_count": 0, "hashtags": []}
{"id": 1003060841875410944, "date": "2018-06-02", "time": "19:48:35", "tweet": "@roadshow @elonmusk for all nongermans", "likes_count": 0, "replies_count": 0, "retweets_count": 0, "hashtags": []}
{"id": 1003060606545457152, "date": "2018-06-02", "time": "19:47:39", "tweet": "@elonmusk @tycoonmindset05 I think soon-to-be Martian is more correct. I wonder what the Mars immigration system is like…", "likes_count": 0, "replies_count": 0, "retweets_count": 0, "hashtags": []}
{"id": 1003060525809504256, "date": "2018-06-02", "time": "19:47:19", "tweet": "@elonmusk that was the thing? what about climate change", "likes_count": 0, "replies_count": 0, "retweets_count": 0, "hashtags": []}
{"id": 1003060458625159175, "date": "2018-06-02", "time": "19:47:03", "tweet": "elon musk: hey baby tell me something about your new album  grimes:  https://t.co/GcgRxMWP9L", "likes_count": 5, "replies_count": 0, "retweets_count": 0, "hashtags": []}
{"id": 1003060298587279360, "date": "2018-06-02", "time": "19:46:25", "tweet": "California's bill to regulate Elon Musk's flamethrower is being held in committee - The Verge  https://t.co/6sJxbjzW6q", "likes_count": 0, "replies_count": 0, "retweets_count": 0, "hashtags": []}
{"id": 1003060148003393536, "date": "2018-06-02", "time": "19:45:49", "tweet": "@Thomas1774Paine Yes, give her space. Elon Musk can put her in orbit around Uranus.", "likes_count": 0, "replies_count": 0, "retweets_count": 0, "hashtags": []}
{"id": 1003060029648490496, "date": "2018-06-02", "time": "19:45:21", "tweet": "@elonmusk So you’re starting The Jarring Company?", "likes_count": 0, "replies_count": 0, "retweets_count": 0, "hashtags": []}
{"id": 1003059980675756032, "date": "2018-06-02", "time": "19:45:10", "tweet": "good night @elonmusk", "likes_count": 1, "replies_count": 0, "retweets_count": 0, "hashtags": []}
{"id": 1003059949625208832, "date": "2018-06-02", "time": "19:45:02", "tweet": "@BoldMoveFitness @MontanaSeptic @SteveHamel16 @ValueAnalyst1 @Tesla @Nissan @elonmusk Some people learn and some people don't. And, those who don't, the market teaches them.", "likes_count": 0, "replies_count": 0, "retweets_count": 0, "hashtags": []}
{"id": 1003059875247730689, "date": "2018-06-02", "time": "19:44:44", "tweet": "@elonmusk I could have gone my entire life without knowing about this.", "likes_count": 0, "replies_count": 0, "retweets_count": 0, "hashtags": []}
{"id": 1003059760692752384, "date": "2018-06-02", "time": "19:44:17", "tweet": "The people who find Elon Musk attractive have yet to deny his lizard-like features.", "likes_count": 0, "replies_count": 0, "retweets_count": 0, "hashtags": []}
{"id": 1003059670515372032, "date": "2018-06-02", "time": "19:43:56", "tweet": "I liked a @YouTube video  https://t.co/bHqyYu4fl8 World Exclusive: Learn How Trump, Kanye, Elon Musk And Others Are Attempting A Human", "likes_count": 0, "replies_count": 0, "retweets_count": 0, "hashtags": []}
{"id": 1003059651569704962, "date": "2018-06-02", "time": "19:43:51", "tweet": "@elonmusk I can’t fathom that you would spend any brain capacity on a mason jar.", "likes_count": 1, "replies_count": 0, "retweets_count": 0, "hashtags": []}
{"id": 1003059650202341377, "date": "2018-06-02", "time": "19:43:51", "tweet": "@mizzlefries @hummingbird228 @Gfilche @Tesla @Waymo @Uber @lyft @elonmusk @jack Hmm, that would be awesome, but Lyft and GM already have a major partnership right?", "likes_count": 0, "replies_count": 0, "retweets_count": 0, "hashtags": []}
{"id": 1003059586457272321, "date": "2018-06-02", "time": "19:43:36", "tweet": "Why is Elon Musk trying to pass a Turing Test?  https://t.co/R9tnlr1ROK", "likes_count": 20, "replies_count": 0, "retweets_count": 2, "hashtags": []}
{"id": 1003059577297014785, "date": "2018-06-02", "time": "19:43:33", "tweet": "@EnerTuition @MontanaSeptic @SteveHamel16 @ValueAnalyst1 @Tesla @Nissan @elonmusk Too late for that ET,,, all we can do now is reel them in,,, lol", "likes_count": 1, "replies_count": 1, "retweets_count": 0, "hashtags": []}
{"id": 1003059548398252032, "date": "2018-06-02", "time": "19:43:26", "tweet": "@Stupidosaur @Ishkariot @elonmusk @usairforce Yo dude, Elon is just bringing free tan to anyone in the world who wants one! Down with the Solar salon oligarchy!", "likes_count": 2, "replies_count": 0, "retweets_count": 1, "hashtags": []}
{"id": 1003059458841309184, "date": "2018-06-02", "time": "19:43:05", "tweet": "@BossHoggHazzard @DmitryDoreshkin @ValueAnalyst1 @SteveHamel16 @MontanaSeptic @Tesla @Nissan @elonmusk @markbspiegel Problem is that Tesla is neither making money nor is it doing the right thing. I do not write about the latter because I am primarily writing about finance. But, @elonmusk as some kind of climate or earth saver is unmitigated nonsense. The man is a charlatan, pure and simple.", "likes_count": 2, "replies_count": 2, "retweets_count": 1, "hashtags": []}
{"id": 1003059438155071494, "date": "2018-06-02", "time": "19:43:00", "tweet": "People Are Losing It Over Malala Yousafzai's Otherworldly Message to Elon Musk — TIME  https://t.co/DCZ6f92JsS", "likes_count": 0, "replies_count": 0, "retweets_count": 0, "hashtags": []}
{"id": 1003059406744031232, "date": "2018-06-02", "time": "19:42:53", "tweet": "Elon Musk and grimes...I don’t know if I stan this 🙃", "likes_count": 0, "replies_count": 1, "retweets_count": 0, "hashtags": []}
{"id": 1003059290742013953, "date": "2018-06-02", "time": "19:42:25", "tweet": "@elonmusk what about landing jets on moving platforms using mag lev technology to launch and slow airplanes. Asking for a friend", "likes_count": 0, "replies_count": 0, "retweets_count": 0, "hashtags": []}
{"id": 1003059264938799104, "date": "2018-06-02", "time": "19:42:19", "tweet": "@elonmusk I would have to be 21 years of age and pass a background check to buy Elon Musk flamethrower if I have a flamethrower in my car I will be charged with an illegal weapon wow and wow I am so dumbfounded by the US lawmakers it tells you the education level it felt bad in the US", "likes_count": 0, "replies_count": 0, "retweets_count": 0, "hashtags": []}
{"id": 1003059203819237376, "date": "2018-06-02", "time": "19:42:04", "tweet": "@elonmusk Any interest in your  batteries over nukes for North Korea?", "likes_count": 0, "replies_count": 0, "retweets_count": 0, "hashtags": []}
{"id": 1003059179869888512, "date": "2018-06-02", "time": "19:41:59", "tweet": "Ever since I started following @elonmusk on Twitter, I have been seeing Tesla cars everytime I've been outside my neighborhood. Backwards marketing in my view.", "likes_count": 1, "replies_count": 0, "retweets_count": 0, "hashtags": []}
{"id": 1003059157447184386, "date": "2018-06-02", "time": "19:41:53", "tweet": "peço perdão pelos mil memes de elon musk e grimes", "likes_count": 0, "replies_count": 0, "retweets_count": 0, "hashtags": []}
{"id": 1003059114111619073, "date": "2018-06-02", "time": "19:41:43", "tweet": "#TheEmbiggening is off to a roaring start!!  Thanks to everyone who has helped us kick this off in style!  Haven’t got yours yet? Join the party!!   https://t.co/M9DglGhA5H  @tomhschmidt @0xProject @b0xNet    @sassal0x @RadarRelay @ethereum @elonmusk   $MBGN #OpenRelay #Embiggen  https://t.co/P4XVQpwbCf", "likes_count": 8, "replies_count": 1, "retweets_count": 0, "hashtags": ["theembiggening", "openrelay", "embiggen"]}
{"id": 1003059070750691329, "date": "2018-06-02", "time": "19:41:33", "tweet": "@MikeBloomberg  @elonmusk  https://t.co/XuiocWKrJB", "likes_count": 0, "replies_count": 0, "retweets_count": 0, "hashtags": []}
{"id": 1003059055273828352, "date": "2018-06-02", "time": "19:41:29", "tweet": "Elon Musk Exposes The Oil Industry &amp; The Stranglehold It Has On Mainstream Media In Epic Rant  https://t.co/UJztpGzQtt via @collectiveevol", "likes_count": 0, "replies_count": 0, "retweets_count": 0, "hashtags": []}
{"id": 1003058976198709248, "date": "2018-06-02", "time": "19:41:10", "tweet": "@elonmusk Mason jars are the best", "likes_count": 0, "replies_count": 0, "retweets_count": 0, "hashtags": []}
{"id": 1003058937812246528, "date": "2018-06-02", "time": "19:41:01", "tweet": "@DmitryDoreshkin @BossHoggHazzard @ValueAnalyst1 @SteveHamel16 @MontanaSeptic @Tesla @Nissan @elonmusk @markbspiegel Neither $TSLA nor @elonmusk have much to do with treehugging. Musk is an opportunist who is taking misinformed people for a ride. World is worse off because of people like this.", "likes_count": 1, "replies_count": 0, "retweets_count": 0, "hashtags": []}
{"id": 1003058855897649152, "date": "2018-06-02", "time": "19:40:41", "tweet": "@elonmusk Seeing people like you restores my faith in humanity", "likes_count": 0, "replies_count": 0, "retweets_count": 0, "hashtags": []}
{"id": 1003058809944719360, "date": "2018-06-02", "time": "19:40:30", "tweet": "@elonmusk Elon go bet? If my idea will be good do you fund it?", "likes_count": 0, "replies_count": 0, "retweets_count": 0, "hashtags": []}
{"id": 1003058798209085441, "date": "2018-06-02", "time": "19:40:28", "tweet": "@USAsiaFirst @STcom @elonmusk The price you see is inclusive of the Certificate of Entitlement and various other documentation. The papers cost more than the machine itself in SG.", "likes_count": 2, "replies_count": 0, "retweets_count": 0, "hashtags": []}
{"id": 1003058733763751936, "date": "2018-06-02", "time": "19:40:12", "tweet": "@elonmusk @tycoonmindset05 Explains alot 🖖🏽", "likes_count": 0, "replies_count": 0, "retweets_count": 0, "hashtags": []}
{"id": 1003058594017767424, "date": "2018-06-02", "time": "19:39:39", "tweet": "@BossHoggHazzard @DmitryDoreshkin @ValueAnalyst1 @SteveHamel16 @MontanaSeptic @Tesla @Nissan @elonmusk @markbspiegel Most of the critics of Tesla, including myself, make mostly an economic argument and we are not really debating about the vitue signal (which itself is broken as I point out in the tweet above)", "likes_count": 0, "replies_count": 0, "retweets_count": 0, "hashtags": []}
{"id": 1003058490619727873, "date": "2018-06-02", "time": "19:39:14", "tweet": "@tycoonmindset05 @elonmusk #US is full of them", "likes_count": 1, "replies_count": 0, "retweets_count": 0, "hashtags": ["us"]}
{"id": 1003058464803905536, "date": "2018-06-02", "time": "19:39:08", "tweet": "One difference I’ve had between, Spacex for example, and reports from NASA about new rocket engines, is how for fifty yrs or so NASA talks but little changes; whereas, Elon Musk gets the job done and will likely be first on Mars. Either way Musk is a doer.", "likes_count": 0, "replies_count": 0, "retweets_count": 0, "hashtags": []}
{"id": 1003058448857169921, "date": "2018-06-02", "time": "19:39:04", "tweet": "@elonmusk @tycoonmindset05 Maybe we reincarnate in different galaxies or dimensions as different species? We could only know after death..", "likes_count": 1, "replies_count": 0, "retweets_count": 0, "hashtags": []}
{"id": 1003058387633000449, "date": "2018-06-02", "time": "19:38:50", "tweet": "@elonmusk @fabiana27esp", "likes_count": 3, "replies_count": 1, "retweets_count": 0, "hashtags": []}
{"id": 1003058254468009986, "date": "2018-06-02", "time": "19:38:18", "tweet": "@elonmusk I’m with you on the wine stem, but I kinda like the handle. 😁", "likes_count": 3, "replies_count": 0, "retweets_count": 0, "hashtags": []}
{"id": 1003058172473380864, "date": "2018-06-02", "time": "19:37:58", "tweet": "@DmitryDoreshkin @BossHoggHazzard @ValueAnalyst1 @SteveHamel16 @MontanaSeptic @Tesla @Nissan @elonmusk @markbspiegel We would probably get to lower carbon and more sustainable modes of transportation without people like @elonmusk. The right solution for the market today is a PHEV (something with 50 to 100 mile AER) but BEVs are derailing the industry due to the glamor of Tesla narrative.", "likes_count": 0, "replies_count": 1, "retweets_count": 0, "hashtags": []}
{"id": 1003058069436280833, "date": "2018-06-02", "time": "19:37:34", "tweet": "@ProductHunt @elonmusk 😂", "likes_count": 0, "replies_count": 0, "retweets_count": 0, "hashtags": []}
{"id": 1003058021638000640, "date": "2018-06-02", "time": "19:37:22", "tweet": "@jasminrohman @elonmusk Don't even pretend that you didn't carry those out of your kitchen just to take the picture in front of those books", "likes_count": 3, "replies_count": 0, "retweets_count": 0, "hashtags": []}
{"id": 1003057947402960896, "date": "2018-06-02", "time": "19:37:05", "tweet": "@Leukoblast @Tesla @elonmusk @SpaceX @boringcompany Would be sweet if two cars could charge one another (and your Power Wall) wirelessly.", "likes_count": 1, "replies_count": 1, "retweets_count": 0, "hashtags": []}
{"id": 1003057946941505536, "date": "2018-06-02", "time": "19:37:05", "tweet": "It’s not an open letter if you only get to read “Dear Elon, This is regarding your tweet...” before you get hit with that paywall. Anyway, I’m enjoying the Twitter exchanges between @elonmusk and people of SG and hope to see Teslas here soon!!  https://t.co/Z97rrMWZmN", "likes_count": 0, "replies_count": 0, "retweets_count": 0, "hashtags": []}
{"id": 1003057933209382912, "date": "2018-06-02", "time": "19:37:01", "tweet": "Bringing the model 3 to Ottawa!! Pretty sure we will be the first people with one in Ottawa. @TeslaMotorsClub @elonmusk @Tesla anyone know if there are others?? This car is amazing.  https://t.co/inioY6WSEn", "likes_count": 2, "replies_count": 1, "retweets_count": 0, "hashtags": []}
{"id": 1003057824379764736, "date": "2018-06-02", "time": "19:36:35", "tweet": "@elonmusk Riiiight", "likes_count": 0, "replies_count": 0, "retweets_count": 0, "hashtags": []}
{"id": 1003057811021074434, "date": "2018-06-02", "time": "19:36:32", "tweet": "@elonmusk This means the NRI have competition with Elon Musk flamethrower so dangerous it is so dangerous to have to make a law for it it is more dangerous than a gun I feel so stupid I did not know a flamethrower is more dangerous an a gun wow I'm in WoW wow", "likes_count": 0, "replies_count": 0, "retweets_count": 0, "hashtags": []}
{"id": 1003057630045093888, "date": "2018-06-02", "time": "19:35:49", "tweet": "Sitting in the living room I hear “Tesla can cause: rash, itching/swelling (especially of the face/tongue/throat), severe dizziness, trouble breathing...” then I ask my mom wtf Tesla is doing.  It was Otezla. Not @Tesla @elonmusk  https://t.co/FqkYrZApmq", "likes_count": 0, "replies_count": 0, "retweets_count": 0, "hashtags": []}
{"id": 1003057629646786560, "date": "2018-06-02", "time": "19:35:49", "tweet": "Where does one get this new cologne, Elon Musk??????", "likes_count": 1, "replies_count": 0, "retweets_count": 0, "hashtags": []}
{"id": 1003057607282528256, "date": "2018-06-02", "time": "19:35:44", "tweet": "Los Angeles backs 'risk taking' of Elon Musk's Boring Company — Residents fear damaged homes, earthquakes.   https://t.co/bo2SY4TaFU", "likes_count": 0, "replies_count": 0, "retweets_count": 0, "hashtags": []}
{"id": 1003057507286376448, "date": "2018-06-02", "time": "19:35:20", "tweet": "@BossHoggHazzard @ValueAnalyst1 @SteveHamel16 @EnerTuition @MontanaSeptic @Tesla @Nissan @elonmusk @markbspiegel Also I am a treehugger and don't like people killed over oil, god bless rumsfeld and chaney  sols", "likes_count": 0, "replies_count": 1, "retweets_count": 0, "hashtags": []}
