{"id": 1063944857880682496, "date": "2018-11-17", "time": "18:59:55", "tweet": "@elonmusk @boringcompany CONGRATS @boringcompany!  💥🐌💥", "likes_count": 2, "replies_count": 1, "retweets_count": 0, "hashtags": []}
{"id": 1063944781070508032, "date": "2018-11-17", "time": "18:59:37", "tweet": "@elonmusk sounds scrazy if I think why you accelerating bfr.", "likes_count": 2, "replies_count": 0, "retweets_count": 0, "hashtags": []}
{"id": 1063944679098589184, "date": "2018-11-17", "time": "18:59:13", "tweet": "@techAU @elonmusk @boringcompany Technology is great, but still gotta have the muscle and man power to maintain.", "likes_count": 0, "replies_count": 0, "retweets_count": 0, "hashtags": []}
{"id": 1063944506498674688, "date": "2018-11-17", "time": "18:58:32", "tweet": "@scottwww @Tesla @elonmusk that BS is overkill for PM2.5...  https://t.co/aKsJJgq9Ul", "likes_count": 1, "replies_count": 0, "retweets_count": 0, "hashtags": []}
{"id": 1063944469156753409, "date": "2018-11-17", "time": "18:58:23", "tweet": "@elonmusk I WANT TO SERVE IN MARS.  WHEN IT IS READY...MY DREAM.  EARTH IS BEAUTIFUL..I FULFILL MY PURPOSE EVERY DAY BUT THE SYSTEM IS IN MY WAY.  LETS BRING PURE HEARTED AWARE BEINGS ON MARS.", "likes_count": 0, "replies_count": 0, "retweets_count": 0, "hashtags": []}
{"id": 1063944277586321408, "date": "2018-11-17", "time": "18:57:37", "tweet": "Veja este livro: \"Elon Musk: Como o CEO bilionário da SpaceX e…\" de Ashlee Vance.  https://t.co/nhKGgJKeFP  https://t.co/9nQ4Hhrwzu", "likes_count": 1, "replies_count": 0, "retweets_count": 1, "hashtags": []}
{"id": 1063944147596382209, "date": "2018-11-17", "time": "18:57:06", "tweet": "Dear my close personal friend @elonmusk,  How’s the rocket industry going? Hope it’s going great! Can I ask a favor? Can you find it in your heart to shoot Willie Taggart into the sun please?   Thanks, love you 😘", "likes_count": 0, "replies_count": 4, "retweets_count": 0, "hashtags": []}
{"id": 1063944121973424128, "date": "2018-11-17", "time": "18:57:00", "tweet": "Everything Elon has been saying is coming true. How can you not support @elonmusk and his vision?   An oldie but goodie:  Welcome to the Gigafactory | Before the Flood  https://t.co/yW9tuTYQta via @YouTube", "likes_count": 3, "replies_count": 0, "retweets_count": 0, "hashtags": []}
{"id": 1063944101857452033, "date": "2018-11-17", "time": "18:56:55", "tweet": "@elonmusk M@she", "likes_count": 1, "replies_count": 0, "retweets_count": 0, "hashtags": []}
{"id": 1063944075085312000, "date": "2018-11-17", "time": "18:56:49", "tweet": "@chhlss @elonmusk I second", "likes_count": 0, "replies_count": 1, "retweets_count": 0, "hashtags": []}
{"id": 1063944046006214656, "date": "2018-11-17", "time": "18:56:42", "tweet": "Why Elon Musk Cry:  https://t.co/nmjSgqwfc5 via @YouTube", "likes_count": 0, "replies_count": 0, "retweets_count": 0, "hashtags": []}
{"id": 1063943932889882624, "date": "2018-11-17", "time": "18:56:15", "tweet": "@elonmusk @boringcompany Very Boring ! Congratulations!", "likes_count": 0, "replies_count": 0, "retweets_count": 0, "hashtags": []}
{"id": 1063943890670104578, "date": "2018-11-17", "time": "18:56:05", "tweet": "@universal_sci @elonmusk Awesome!   And I don’t have to eat shrooms!", "likes_count": 0, "replies_count": 0, "retweets_count": 0, "hashtags": []}
{"id": 1063943857807679488, "date": "2018-11-17", "time": "18:55:57", "tweet": "\"I feel like this is the final iteration, in terms of broad architectural decisions for BFR, BFS, Um...\"  - Elon Musk 9/17/18  He's been building parts for the BFR, and now the design has been scrapped again.  Good luck, SpaceX investors. I can smell your money burning from here.  https://t.co/s4f4oZeT39", "likes_count": 35, "replies_count": 9, "retweets_count": 12, "hashtags": []}
{"id": 1063943800291291137, "date": "2018-11-17", "time": "18:55:43", "tweet": "@elonmusk Have you ever smoked Carbon Fiber?", "likes_count": 0, "replies_count": 0, "retweets_count": 0, "hashtags": []}
{"id": 1063943658842611714, "date": "2018-11-17", "time": "18:55:10", "tweet": "Elon Musk Says SpaceX Isn't Planning to Reuse the Falcon 9 Rocket's second stage  https://t.co/THHe6nXpT5  13", "likes_count": 0, "replies_count": 0, "retweets_count": 0, "hashtags": []}
{"id": 1063943639527813120, "date": "2018-11-17", "time": "18:55:05", "tweet": "Flint schools receive water stations, filtration systems from billionaire Elon Musk  https://t.co/ORf0H1tqBV", "likes_count": 0, "replies_count": 0, "retweets_count": 0, "hashtags": []}
{"id": 1063943513530806272, "date": "2018-11-17", "time": "18:54:35", "tweet": "@MarinPilates @elonmusk More than plotting...trust me😂😂😂", "likes_count": 1, "replies_count": 0, "retweets_count": 0, "hashtags": []}
{"id": 1063943493058469890, "date": "2018-11-17", "time": "18:54:30", "tweet": "@elonmusk Because intuition is just.... well.... human.", "likes_count": 1, "replies_count": 0, "retweets_count": 0, "hashtags": []}
{"id": 1063943471969521664, "date": "2018-11-17", "time": "18:54:25", "tweet": "Elon Musk's Sleeping Issues:  https://t.co/9OvFwSShNM via @YouTube", "likes_count": 0, "replies_count": 0, "retweets_count": 0, "hashtags": []}
{"id": 1063943455871770624, "date": "2018-11-17", "time": "18:54:21", "tweet": "@elonmusk I realized address delete function is not working with Model 3 v2018.39.7.1.2f570bc is there a place to report bugs? or should we keep bothering our lovely CEO 😎", "likes_count": 0, "replies_count": 0, "retweets_count": 0, "hashtags": []}
{"id": 1063943450855395330, "date": "2018-11-17", "time": "18:54:20", "tweet": "Musk hints at further changes in BFR design #ElonMusk #MuskNews  https://t.co/HcfTxNgeey", "likes_count": 0, "replies_count": 0, "retweets_count": 0, "hashtags": ["elonmusk", "musknews"]}
{"id": 1063943418810912775, "date": "2018-11-17", "time": "18:54:12", "tweet": "@elonmusk @boringcompany wadu hek", "likes_count": 173, "replies_count": 1, "retweets_count": 6, "hashtags": []}
{"id": 1063943357901107201, "date": "2018-11-17", "time": "18:53:58", "tweet": "Elon Musk News re Transit Tunnel", "likes_count": 2, "replies_count": 0, "retweets_count": 1, "hashtags": []}
{"id": 1063943223679303680, "date": "2018-11-17", "time": "18:53:26", "tweet": "@nondualrandy @elonmusk When he can mine on Mars.", "likes_count": 0, "replies_count": 0, "retweets_count": 0, "hashtags": []}
{"id": 1063943208084791296, "date": "2018-11-17", "time": "18:53:22", "tweet": "Elon Musk: 'SpaceX is in a different league to people like Richard Branson'  https://t.co/PUcLxUhTfn", "likes_count": 1, "replies_count": 0, "retweets_count": 0, "hashtags": []}
{"id": 1063943197246648321, "date": "2018-11-17", "time": "18:53:19", "tweet": "Never would I have thought to have seen the day that Elon Musk would be listing to god like Post Malone. But yet here I am.", "likes_count": 1, "replies_count": 0, "retweets_count": 0, "hashtags": []}
{"id": 1063943182109601793, "date": "2018-11-17", "time": "18:53:16", "tweet": "@tictoc @elonmusk @SpaceX  https://t.co/H78H2L4fmA", "likes_count": 1, "replies_count": 0, "retweets_count": 0, "hashtags": []}
{"id": 1063943140690653184, "date": "2018-11-17", "time": "18:53:06", "tweet": "@elonmusk @boringcompany So great to see this becoming a reality! I watched your ted talk with 10th graders and they were in awe of this", "likes_count": 0, "replies_count": 0, "retweets_count": 0, "hashtags": []}
{"id": 1063942929159348224, "date": "2018-11-17", "time": "18:52:16", "tweet": "“A company that connects with dreams or happiness or love is stronger than a company that connects with time, money and conditions. It is a knowledge which came twenty years.” ♥️🚀🌔#dearMoon #fundBFR @SpaceX @yousuck2020 @elonmusk", "likes_count": 6, "replies_count": 0, "retweets_count": 0, "hashtags": ["dearmoon", "fundbfr"]}
{"id": 1063942837920821249, "date": "2018-11-17", "time": "18:51:54", "tweet": "Shoot, we have underground metro in Panama, @elonmusk the boring machine run by Spanish company.", "likes_count": 0, "replies_count": 0, "retweets_count": 0, "hashtags": []}
{"id": 1063942697789153280, "date": "2018-11-17", "time": "18:51:20", "tweet": "Why does everyone hates Elon Musk?", "likes_count": 0, "replies_count": 0, "retweets_count": 0, "hashtags": []}
{"id": 1063942640457080832, "date": "2018-11-17", "time": "18:51:07", "tweet": "lmao i just saw @elonmusk and the only thing i could think of shouting was “Elon I work for tesla too!” and he gave me a thumbs up 😭😭😭", "likes_count": 1, "replies_count": 0, "retweets_count": 0, "hashtags": []}
{"id": 1063942615614115841, "date": "2018-11-17", "time": "18:51:01", "tweet": "@elonmusk My man!", "likes_count": 0, "replies_count": 0, "retweets_count": 0, "hashtags": []}
{"id": 1063942611721965568, "date": "2018-11-17", "time": "18:51:00", "tweet": "@elonmusk Sir, I have an idea for you that you have considered or may not been informed of. China has developed a fusion type artificial Sun that can create heat greater than the real sun. Instead of solid propellants use the thermal energy for a mini thruster and power cell.", "likes_count": 0, "replies_count": 0, "retweets_count": 0, "hashtags": []}
{"id": 1063942594101678080, "date": "2018-11-17", "time": "18:50:56", "tweet": "Elon Musk Scared Of A.I:  https://t.co/XYzrLY67kc via @YouTube", "likes_count": 0, "replies_count": 0, "retweets_count": 0, "hashtags": []}
{"id": 1063942442460856326, "date": "2018-11-17", "time": "18:50:20", "tweet": "@elonmusk hi have you seen twin peaks?", "likes_count": 1, "replies_count": 0, "retweets_count": 0, "hashtags": []}
{"id": 1063942442137849857, "date": "2018-11-17", "time": "18:50:19", "tweet": "@hummingbird228 @ElectrekCo @FredericLambert @elonmusk @WallStCynic @Tesla Funny, and great reasoning.  You’ve done roofs so you know everything about them.  Nokia sold phones and they didn’t think Apple could make a phone computer.  I’m sure your roofing experience is on par with Nokia’s cellular know how.", "likes_count": 6, "replies_count": 1, "retweets_count": 0, "hashtags": []}
{"id": 1063942397103620097, "date": "2018-11-17", "time": "18:50:09", "tweet": "Should be interesting to see who will supply nearly 30,000 T LCE to support another Gigafactory. #lithium @Tesla @elonmusk #EnergyMetals to #EnergyTech $TSLA  https://t.co/HJyzldVfIw", "likes_count": 17, "replies_count": 0, "retweets_count": 8, "hashtags": ["lithium", "energymetals", "energytech"]}
{"id": 1063942371061071873, "date": "2018-11-17", "time": "18:50:03", "tweet": "Watch out @elonmusk. You've got some competition  https://t.co/rzYb20DrsD", "likes_count": 8, "replies_count": 0, "retweets_count": 0, "hashtags": []}
