{"id": 1010673716496424960, "date": "2018-06-23", "time": "19:59:26", "tweet": "Elon Musk probably sings Leetstreet Boys songs to Grimes as a romantic gesture", "likes_count": 7, "replies_count": 0, "retweets_count": 1, "hashtags": []}
{"id": 1010673710838239232, "date": "2018-06-23", "time": "19:59:24", "tweet": "We have Marshall McLuhan’s library, his office &amp; his centre (images below). Come visit us @elonmusk for the full McLuhan experience, complete with life-size cardboard &amp; groovy glasses @UofT @uStMikes. Replying to  https://t.co/dlX5rh3VNA #MarshallMcLuhan #UnderstandingMedia  https://t.co/Sa8RO7gCay", "likes_count": 3, "replies_count": 0, "retweets_count": 0, "hashtags": ["marshallmcluhan", "understandingmedia"]}
{"id": 1010673626821980160, "date": "2018-06-23", "time": "19:59:04", "tweet": "@elonmusk Like a Red Wedding", "likes_count": 1, "replies_count": 0, "retweets_count": 0, "hashtags": []}
{"id": 1010673620799115264, "date": "2018-06-23", "time": "19:59:03", "tweet": "@jlabaunzam @MarioRobertoP Imagino Elon Musk siendo tildado de populista", "likes_count": 0, "replies_count": 1, "retweets_count": 0, "hashtags": []}
{"id": 1010673615434592257, "date": "2018-06-23", "time": "19:59:01", "tweet": "@elonmusk @WorldAndScience bro, even the little dots in this pic, are far away Galaxies. the first to figure out the New term for measuring these types of extreme distances between galaxies must have a new name other than \"light years\". because the Numbers in light years are going to become SO HUGE.", "likes_count": 0, "replies_count": 0, "retweets_count": 0, "hashtags": []}
{"id": 1010673598657449984, "date": "2018-06-23", "time": "19:58:57", "tweet": "@elonmusk I actually had to look up the meaning of “sus.” Good job, Elon.", "likes_count": 0, "replies_count": 0, "retweets_count": 0, "hashtags": []}
{"id": 1010673406461792257, "date": "2018-06-23", "time": "19:58:12", "tweet": "@elonmusk Marshall McLuhan, casual viewing, head buried in the sand.", "likes_count": 0, "replies_count": 0, "retweets_count": 0, "hashtags": []}
{"id": 1010673399092240384, "date": "2018-06-23", "time": "19:58:10", "tweet": "@ICannot_Enough @elonmusk What an interesting read! Thank you for posting a link!", "likes_count": 0, "replies_count": 0, "retweets_count": 0, "hashtags": []}
{"id": 1010673263729676288, "date": "2018-06-23", "time": "19:57:38", "tweet": "@elonmusk Live streaming from Tesla car kids report in the news to start your morning reason for this grown-up adults cannot report the truth so disconnected from reality and language what is a soap opera for rating advertisement dollar this is the reason why for an entity enter 🤔", "likes_count": 0, "replies_count": 0, "retweets_count": 0, "hashtags": []}
{"id": 1010673241868963841, "date": "2018-06-23", "time": "19:57:32", "tweet": "@jamiereme @elonmusk @Tesla Or if not, can we please let more people configure before July 1st?", "likes_count": 0, "replies_count": 0, "retweets_count": 0, "hashtags": []}
{"id": 1010673199628128258, "date": "2018-06-23", "time": "19:57:22", "tweet": "@elonmusk Howard stark", "likes_count": 0, "replies_count": 0, "retweets_count": 0, "hashtags": []}
{"id": 1010673186613223424, "date": "2018-06-23", "time": "19:57:19", "tweet": "@elonmusk \"One of us.\"", "likes_count": 0, "replies_count": 0, "retweets_count": 0, "hashtags": []}
{"id": 1010673172302188544, "date": "2018-06-23", "time": "19:57:16", "tweet": "Hey @elonmusk my man can you idk maybe gift me a tesla or at least a flamethrower", "likes_count": 0, "replies_count": 0, "retweets_count": 0, "hashtags": []}
{"id": 1010673147459190785, "date": "2018-06-23", "time": "19:57:10", "tweet": "Why do you think Elon Musk is demanding we interface with Artificial Intelligence if it is as dangerous as he says? Does this make sense to an anyone? Of course not! He is following an ELITE AGENDA to enslave mankind using Technology.  https://t.co/1T0HlkqUae", "likes_count": 4, "replies_count": 0, "retweets_count": 1, "hashtags": []}
{"id": 1010673126919823360, "date": "2018-06-23", "time": "19:57:05", "tweet": "@elonmusk I do not know you, but it is forward thinking and then action instead of talk persons like you that left the coast behind in search of an idea (more coast ahead)... “light this candle” put human beings on the moon... turn this bloody radar device into a microwave oven", "likes_count": 0, "replies_count": 0, "retweets_count": 0, "hashtags": []}
{"id": 1010673111119695872, "date": "2018-06-23", "time": "19:57:01", "tweet": "@darksecretplace @elonmusk Sat countdown to Suits  https://t.co/PdEnprsOrS", "likes_count": 0, "replies_count": 0, "retweets_count": 0, "hashtags": []}
{"id": 1010673062621020160, "date": "2018-06-23", "time": "19:56:50", "tweet": "@elonmusk @WorldAndScience Coming up next on this episode of \"Things @realDonaldTrump said about his penis (and probably lied about)\"", "likes_count": 0, "replies_count": 0, "retweets_count": 0, "hashtags": []}
{"id": 1010673035555115008, "date": "2018-06-23", "time": "19:56:43", "tweet": "@zily__ One day king @elonmusk where the fuck u at dawg", "likes_count": 2, "replies_count": 0, "retweets_count": 0, "hashtags": []}
{"id": 1010672967704043520, "date": "2018-06-23", "time": "19:56:27", "tweet": "@elonmusk  me dá um Tesla Roadster, nunca te pedi nada.", "likes_count": 0, "replies_count": 0, "retweets_count": 0, "hashtags": []}
{"id": 1010672944341749760, "date": "2018-06-23", "time": "19:56:21", "tweet": "CNBC: What time Elon Musk, Barack Obama and 4 other successful people go to bed.  https://t.co/DdICck60fS  via @GoogleNews", "likes_count": 0, "replies_count": 0, "retweets_count": 0, "hashtags": []}
