{"id": 1030967574916296704, "date": "2018-08-18", "time": "19:59:58", "tweet": "I liked a @YouTube video  https://t.co/hgYftmBtIj Talking Tech with Elon Musk!", "likes_count": 0, "replies_count": 0, "retweets_count": 0, "hashtags": []}
{"id": 1030967541282168832, "date": "2018-08-18", "time": "19:59:50", "tweet": "@TrendTrader007 @elonmusk Highly relevant  https://t.co/JbQbf00NpT", "likes_count": 1, "replies_count": 0, "retweets_count": 0, "hashtags": []}
{"id": 1030967512597450753, "date": "2018-08-18", "time": "19:59:44", "tweet": "\"Lo peor está por venir\": Elon Musk confiesa sufrir mucha presión al frente de Tesla  https://t.co/KtSDtEH4ZB via @ActualidadRT", "likes_count": 0, "replies_count": 0, "retweets_count": 0, "hashtags": []}
{"id": 1030967391478579200, "date": "2018-08-18", "time": "19:59:15", "tweet": "@Tesla @elonmusk thank you for your cars. My mom recently had a heart malfunction and passed out in her car while driving. In any other car she wouldn’t have not survived but her model X realized she was leaning on the wheel and didn’t roll her through a busy intersection.", "likes_count": 0, "replies_count": 0, "retweets_count": 0, "hashtags": []}
{"id": 1030967386881622017, "date": "2018-08-18", "time": "19:59:14", "tweet": "🤦‍♀️CEO Elon Musk admitted to rounding up the company's hypothetical go-private share price to $420 — a marijuana reference.  https://t.co/0Bg6TRg4G7 $TSLA", "likes_count": 2, "replies_count": 0, "retweets_count": 0, "hashtags": []}
{"id": 1030967330308796416, "date": "2018-08-18", "time": "19:59:00", "tweet": "essa historia da azealia banks presa na casa do elon musk é uma falha na simulaçao é uma bizarrice atras da outra", "likes_count": 0, "replies_count": 0, "retweets_count": 0, "hashtags": []}
{"id": 1030967278781837313, "date": "2018-08-18", "time": "19:58:48", "tweet": "@rayyoussef108 @elonmusk I know you smoke 🌿🍁 what do you think about his comments on “stoners”?", "likes_count": 0, "replies_count": 0, "retweets_count": 0, "hashtags": []}
{"id": 1030967271273811968, "date": "2018-08-18", "time": "19:58:46", "tweet": "@elonmusk Looking forward to our next chat when you are free", "likes_count": 0, "replies_count": 0, "retweets_count": 0, "hashtags": []}
{"id": 1030967227971825664, "date": "2018-08-18", "time": "19:58:36", "tweet": "Interesting to see how fast the world is ready to turn on @elonmusk. Now Jim Cramer is saying he should go on medical leave. How about we let Elon handle his own affairs and we focus on handling our own.", "likes_count": 2, "replies_count": 1, "retweets_count": 0, "hashtags": []}
{"id": 1030967148032667649, "date": "2018-08-18", "time": "19:58:17", "tweet": "@hawkvox @elonmusk so...is nothing fine...are you torn? are you all outta faith? is this how you feel?  https://t.co/NaRr5kFyF7", "likes_count": 0, "replies_count": 1, "retweets_count": 0, "hashtags": []}
{"id": 1030967133377724416, "date": "2018-08-18", "time": "19:58:13", "tweet": "Talking Tech with Elon Musk!    https://t.co/IniqhP7HZh   @TeslaKsaClub", "likes_count": 1, "replies_count": 0, "retweets_count": 0, "hashtags": []}
{"id": 1030967105951334400, "date": "2018-08-18", "time": "19:58:07", "tweet": "@AlterViggo @dgelles @katekelly @nytimes @elonmusk If your a shortseller there is no such thing as insider trading. There are rules/laws against it. But journalists are continually given free passes. Fairfax is exhibit #1.", "likes_count": 4, "replies_count": 0, "retweets_count": 0, "hashtags": []}
{"id": 1030967083604033542, "date": "2018-08-18", "time": "19:58:01", "tweet": "Why Elon Musk's proposal to take Tesla private is a pipe dream:  https://t.co/Zf826rQE3W  https://t.co/d5Ne4m4GIQ", "likes_count": 5, "replies_count": 0, "retweets_count": 5, "hashtags": []}
{"id": 1030967046023143424, "date": "2018-08-18", "time": "19:57:52", "tweet": "@tavernadojonas Elon Musk*", "likes_count": 0, "replies_count": 0, "retweets_count": 0, "hashtags": []}
{"id": 1030967002561753090, "date": "2018-08-18", "time": "19:57:42", "tweet": "Parece que após o episódio Azealia Banks visita os ET, Grimes e Elon Musk se separaram. A Azealia é o catalisador de grandes marcos históricos", "likes_count": 1, "replies_count": 0, "retweets_count": 0, "hashtags": []}
{"id": 1030966885007937537, "date": "2018-08-18", "time": "19:57:14", "tweet": "I just realized that @elonmusk and I were born within a few months of each other. Like, we’d have been in the same kindergarten class or something. Suddenly I feel like I’ve been standing still all my life.😳", "likes_count": 11, "replies_count": 3, "retweets_count": 0, "hashtags": []}
{"id": 1030966565267808256, "date": "2018-08-18", "time": "19:55:58", "tweet": "@elonmusk Do you know 'World at Large' by @modestmouseband? Cause I feel like it would be a great theme for you. Or at least the 1st verse: \"ice age heat wave, can't complain, if the worlds at large, why should I remain?\" Just a thought.", "likes_count": 0, "replies_count": 0, "retweets_count": 0, "hashtags": []}
{"id": 1030966526822821889, "date": "2018-08-18", "time": "19:55:49", "tweet": "And both those hoes still didn't rob Elon Musk so I'm not trying to hear it", "likes_count": 2, "replies_count": 1, "retweets_count": 0, "hashtags": []}
{"id": 1030966497928269830, "date": "2018-08-18", "time": "19:55:42", "tweet": "será q a essa hora o elon musk ta pensando na grimes...", "likes_count": 0, "replies_count": 0, "retweets_count": 0, "hashtags": []}
{"id": 1030966494610436096, "date": "2018-08-18", "time": "19:55:41", "tweet": "@elonmusk Still love you...", "likes_count": 0, "replies_count": 0, "retweets_count": 0, "hashtags": []}
