{"id": 1023357422465949701, "date": "2018-07-28", "time": "19:59:57", "tweet": "@nimietas @Charlie_Luso @little1er @mistahx420 @PaulStorost @JensHibbeler @elonmusk @Tesla IEEE Spectrum are well known for promulgating pro H2 fuel cell stuff. Tells you all you need to know about the countless anti EV articles. They got blown apart some time ago. Check out the threads on various EV forums. Goodnight!", "likes_count": 0, "replies_count": 0, "retweets_count": 0, "hashtags": []}
{"id": 1023357291603492865, "date": "2018-07-28", "time": "19:59:26", "tweet": "The Italian elon musk bit was funny cos it was goofing on Italians, muting this now", "likes_count": 0, "replies_count": 0, "retweets_count": 0, "hashtags": []}
{"id": 1023357249790439424, "date": "2018-07-28", "time": "19:59:16", "tweet": "elon musk paid cold hard cash to twitter to ban people for making fun of him.  Did you kow twitter would ban people if you pay them? I did not.", "likes_count": 2, "replies_count": 0, "retweets_count": 0, "hashtags": []}
{"id": 1023357238994452481, "date": "2018-07-28", "time": "19:59:13", "tweet": "also, do these elon musk nerds know you can buy one for fifty bucks at the hardware store?", "likes_count": 3, "replies_count": 0, "retweets_count": 0, "hashtags": []}
{"id": 1023357101874315264, "date": "2018-07-28", "time": "19:58:40", "tweet": "@kalifataylor wonder if Elon Musk is gonna come through for me on this one", "likes_count": 0, "replies_count": 0, "retweets_count": 0, "hashtags": []}
{"id": 1023356996056244224, "date": "2018-07-28", "time": "19:58:15", "tweet": "@elonmusk #please 😁  https://t.co/DKHj9XvqTR", "likes_count": 2, "replies_count": 0, "retweets_count": 1, "hashtags": ["please"]}
{"id": 1023356924153278465, "date": "2018-07-28", "time": "19:57:58", "tweet": "@elonmusk His minions carry one!", "likes_count": 0, "replies_count": 0, "retweets_count": 0, "hashtags": []}
{"id": 1023356912572592128, "date": "2018-07-28", "time": "19:57:55", "tweet": "Hey there. I'm poor Elon Musk. No one likes me because I'm an internet troll who has no money to hide behind.", "likes_count": 1, "replies_count": 0, "retweets_count": 0, "hashtags": []}
{"id": 1023356860743598080, "date": "2018-07-28", "time": "19:57:43", "tweet": "@PaulStorost @elonmusk @Tesla So cotton candy grapes, cause those are great", "likes_count": 0, "replies_count": 0, "retweets_count": 0, "hashtags": []}
{"id": 1023356707223859202, "date": "2018-07-28", "time": "19:57:06", "tweet": "@helIoseokjin why are you Elon Musk now??", "likes_count": 0, "replies_count": 1, "retweets_count": 0, "hashtags": []}
{"id": 1023356679856037890, "date": "2018-07-28", "time": "19:57:00", "tweet": "@ijustine @elonmusk do the kiki challenge on those.... that would be epic!", "likes_count": 0, "replies_count": 0, "retweets_count": 0, "hashtags": []}
{"id": 1023356640311967744, "date": "2018-07-28", "time": "19:56:50", "tweet": "@elonmusk I got my Model 3 today in Vegas! I would hug it but it's 113 degrees!  https://t.co/4Uy3w7oYDF", "likes_count": 0, "replies_count": 0, "retweets_count": 0, "hashtags": []}
{"id": 1023356572372754432, "date": "2018-07-28", "time": "19:56:34", "tweet": "pennsylvania dutch elon musk", "likes_count": 5, "replies_count": 1, "retweets_count": 0, "hashtags": []}
{"id": 1023356538734428161, "date": "2018-07-28", "time": "19:56:26", "tweet": "@PaulStorost @elonmusk @Tesla They're just too bloody expensive.", "likes_count": 0, "replies_count": 0, "retweets_count": 0, "hashtags": []}
{"id": 1023356476247683072, "date": "2018-07-28", "time": "19:56:11", "tweet": "Scooter was the one behind that account that told me to change my name to Elon Musk and got my acocunt locked so I wouldnt have my jb and ari follows", "likes_count": 6, "replies_count": 1, "retweets_count": 0, "hashtags": []}
{"id": 1023356418395537408, "date": "2018-07-28", "time": "19:55:57", "tweet": "@elonmusk would be cool if current elevation was displayed on the map or somewhere…", "likes_count": 0, "replies_count": 0, "retweets_count": 0, "hashtags": []}
{"id": 1023356413073129472, "date": "2018-07-28", "time": "19:55:56", "tweet": "Elon Musk is my god", "likes_count": 0, "replies_count": 0, "retweets_count": 0, "hashtags": []}
{"id": 1023356223695990784, "date": "2018-07-28", "time": "19:55:11", "tweet": "@little1er @mistahx420 @PaulStorost @JensHibbeler @elonmusk @Tesla Decrement EV efficiency too? 80%(coal=&gt;steam=&gt;turbine) x 80%(magnito=&gt;transmitted electricity into home) x 80%(battery charge, storage, &amp; leakage) x 80%(discharge electricity=&gt;mechanical wheels). 40.96% is great, except coal has 2x co2/kwh of gasoline? +NiCad mining &amp; disposal...", "likes_count": 1, "replies_count": 0, "retweets_count": 0, "hashtags": []}
{"id": 1023356187381645312, "date": "2018-07-28", "time": "19:55:02", "tweet": "@ArashHamzehlou @iamhubris @elonmusk Yiu forgot to read the Safe Harbour message at the bottom of the tweet...  Oh wait, he didnt file the tweet with the SEC as it wasnt considered material...  Treat this as a life lesson.  $TSLA", "likes_count": 15, "replies_count": 0, "retweets_count": 0, "hashtags": []}
{"id": 1023356159414218752, "date": "2018-07-28", "time": "19:54:56", "tweet": "@phil_hellmuth @elonmusk @Tesla And he deserves bean jokes once in awhile.", "likes_count": 0, "replies_count": 0, "retweets_count": 0, "hashtags": []}
