{"id": 954866100616990720, "date": "2018-01-20", "time": "18:59:53", "tweet": "I liked a @YouTube video  https://t.co/cbZBgQTzQx Why Elon Musk says we're living in a simulation", "likes_count": 0, "replies_count": 0, "retweets_count": 0, "hashtags": []}
{"id": 954866088902385664, "date": "2018-01-20", "time": "18:59:50", "tweet": "Message for the '18, '19, '20...by 2030, Elon Musk will have us getting driven around. Until then, listen to him.  https://t.co/OmlsFSq3Kn", "likes_count": 0, "replies_count": 0, "retweets_count": 0, "hashtags": []}
{"id": 954865945444569089, "date": "2018-01-20", "time": "18:59:16", "tweet": "@Slurmik @elonmusk Вот это я понимаю, импортозамещение", "likes_count": 0, "replies_count": 0, "retweets_count": 0, "hashtags": []}
{"id": 954865918349332480, "date": "2018-01-20", "time": "18:59:10", "tweet": "Elon Musk will make driverless cars a reality sooner than you think  https://t.co/rWNSSk4bB1 #driverless #selfdriving #AV #transport #highways #technology #Tesla #ElonMusk", "likes_count": 0, "replies_count": 0, "retweets_count": 1, "hashtags": ["driverless", "selfdriving", "av", "transport", "highways", "technology", "tesla", "elonmusk"]}
{"id": 954865728322142209, "date": "2018-01-20", "time": "18:58:24", "tweet": "Elon Musk and Sir Richard Branson Hangout on Air. https://t.co/GwAqBst7Ne via #YouTube  https://t.co/5kDEeW7YH0", "likes_count": 0, "replies_count": 0, "retweets_count": 0, "hashtags": ["youtube"]}
{"id": 954864682388553729, "date": "2018-01-20", "time": "18:54:15", "tweet": "Elon Musk advierte los dos riesgos que podrían terminar con el mundo en este siglo  https://t.co/xf2ZksD3as", "likes_count": 0, "replies_count": 0, "retweets_count": 0, "hashtags": []}
{"id": 954864496115269632, "date": "2018-01-20", "time": "18:53:31", "tweet": "@elonmusk @Tesla How do you feel about people turning new Model 3s over at a premium? I feel like much better people could have those vehicles and they should be blacklisted from buying new Teslas", "likes_count": 0, "replies_count": 0, "retweets_count": 0, "hashtags": []}
{"id": 954864217793933317, "date": "2018-01-20", "time": "18:52:24", "tweet": "@stoolpresidente @BarstoolBigCat @barstoolhrtland @elonmusk @neiltyson @nickradamus this is really funny. Check it out truly great.  https://t.co/djfZUKpPJL", "likes_count": 0, "replies_count": 0, "retweets_count": 0, "hashtags": []}
{"id": 954863680713314304, "date": "2018-01-20", "time": "18:50:16", "tweet": "\"When something is important enough, you do it even if the odds are not in your favor.\" – Elon Musk", "likes_count": 0, "replies_count": 0, "retweets_count": 0, "hashtags": []}
{"id": 954863332728569857, "date": "2018-01-20", "time": "18:48:53", "tweet": "@realDonaldTrump Elon Musk is about to have Astronauts walking on Mars. Donald Trump is aiming for the Moon, despite the fact that feat was accomplished in 1969.  You are a complete joke.", "likes_count": 0, "replies_count": 0, "retweets_count": 0, "hashtags": []}
{"id": 954863177157824513, "date": "2018-01-20", "time": "18:48:16", "tweet": "Elon Musk advierte los dos riesgos que podrían terminar con el mundo en este siglo #Advertencia  https://t.co/Ymtk2Yuuzj", "likes_count": 0, "replies_count": 0, "retweets_count": 0, "hashtags": ["advertencia"]}
{"id": 954863072765673477, "date": "2018-01-20", "time": "18:47:51", "tweet": "@elonmusk hey, do you think humans will have landed on mars by 2020, if so when do you think a permanent colony will be established", "likes_count": 0, "replies_count": 0, "retweets_count": 0, "hashtags": []}
{"id": 954863058278670336, "date": "2018-01-20", "time": "18:47:48", "tweet": "@gael_duval So nice to see you got funded, do keep posting updates about eelo! Too bad @elonmusk didn't reply.", "likes_count": 1, "replies_count": 0, "retweets_count": 0, "hashtags": []}
{"id": 954862747639889922, "date": "2018-01-20", "time": "18:46:34", "tweet": "@bykimgarza @elonmusk Fake paid troll", "likes_count": 0, "replies_count": 0, "retweets_count": 0, "hashtags": []}
{"id": 954862680191283201, "date": "2018-01-20", "time": "18:46:18", "tweet": "From Energy To Transport To Healthcare, Here Are 8 Industries Being Disrupted By Elon Musk And His Companies  https://t.co/x4PW6GaOQx via @cbinsights #tech #digital #data #business #ai #iot    To: @OlivierN78CRM @ClaudioMax_Ono @omeroymak @helene_wpli @CancerGeek @TheMisterFavor  https://t.co/kfRKmBpIEx", "likes_count": 20, "replies_count": 1, "retweets_count": 19, "hashtags": ["tech", "digital", "data", "business", "ai", "iot"]}
{"id": 954862646687338503, "date": "2018-01-20", "time": "18:46:10", "tweet": "@NASA @elonmusk when we going to mars?", "likes_count": 0, "replies_count": 0, "retweets_count": 0, "hashtags": []}
{"id": 954862537085943810, "date": "2018-01-20", "time": "18:45:43", "tweet": "How a Tesla Semi Prototype Looks and Sounds on the Road: Tesla founder Elon Musk has…  https://t.co/OPOLQLjJN9", "likes_count": 0, "replies_count": 0, "retweets_count": 0, "hashtags": []}
{"id": 954862170315153408, "date": "2018-01-20", "time": "18:44:16", "tweet": "@ElonMusk_Newz thx for the follow!", "likes_count": 0, "replies_count": 0, "retweets_count": 0, "hashtags": []}
{"id": 954862141894545408, "date": "2018-01-20", "time": "18:44:09", "tweet": "@elonmusk will you subscribe to my youtube?", "likes_count": 0, "replies_count": 0, "retweets_count": 0, "hashtags": []}
{"id": 954861952983097344, "date": "2018-01-20", "time": "18:43:24", "tweet": "Descobri que o elon musk tem um irmão e ele tem uma empresa que faz umas plantações dentro de container que equivalem a uma plantação de 2 hectares. sem agrotoxicos e tendo um gasto bem baixo de água", "likes_count": 0, "replies_count": 0, "retweets_count": 0, "hashtags": []}
{"id": 954861946183958529, "date": "2018-01-20", "time": "18:43:23", "tweet": "Just picked up my dream. Almost 2 years in the making! Vin#3000.  #TeslaModel3 @elonmusk @TeslaMotorsClub @Model3Owners  https://t.co/CRND48TTe5", "likes_count": 4, "replies_count": 1, "retweets_count": 0, "hashtags": ["teslamodel3"]}
{"id": 954861413675274243, "date": "2018-01-20", "time": "18:41:16", "tweet": "AI: Great, we now have one prominent non-expert in AI cheering on another - Jimmy Wales for Elon Musk.  Musk...  https://t.co/GsRNv37quP", "likes_count": 0, "replies_count": 0, "retweets_count": 0, "hashtags": []}
{"id": 954861374873710592, "date": "2018-01-20", "time": "18:41:06", "tweet": "The Space Tourism Race Is Getting More Competitive as Launches Near  SpaceX CEO Elon Musk is pictured. His company and Boeing are racing to bring astronauts and, eventually, tourists into space. Patrick T. Fallon / Bloomberg  Skift Take: While this story…  https://t.co/pnD0C72zRq", "likes_count": 0, "replies_count": 0, "retweets_count": 0, "hashtags": []}
{"id": 954861217679585280, "date": "2018-01-20", "time": "18:40:29", "tweet": "Elon Musk advierte los dos riesgos que podrían terminar con el mundo en este siglo  https://t.co/aT8RUK053K", "likes_count": 1, "replies_count": 0, "retweets_count": 0, "hashtags": []}
{"id": 954861157214507008, "date": "2018-01-20", "time": "18:40:14", "tweet": "The Space Tourism Race Is Getting More Competitive as Launches Near  SpaceX CEO Elon Musk is pictured. His company and Boeing are racing to bring astronauts and, eventually, tourists into space. Patrick T. Fallon / Bloomberg  Skift Take: While this story…  https://t.co/dSJb2UgAw9", "likes_count": 0, "replies_count": 0, "retweets_count": 0, "hashtags": []}
{"id": 954861125237125120, "date": "2018-01-20", "time": "18:40:07", "tweet": "The Space Tourism Race Is Getting More Competitive as Launches Near  SpaceX CEO Elon Musk is pictured. His company and Boeing are racing to bring astronauts and, eventually, tourists into space. Patrick T. Fallon / Bloomberg  Skift Take: While this story…  https://t.co/FRxUiebWpV", "likes_count": 0, "replies_count": 0, "retweets_count": 0, "hashtags": []}
{"id": 954860138023804928, "date": "2018-01-20", "time": "18:36:12", "tweet": "Elon Musk has a cameo in this! Says he's building an electronic jet. #QunjetsToMars #RoadtoInfinityWar", "likes_count": 0, "replies_count": 0, "retweets_count": 0, "hashtags": ["qunjetstomars", "roadtoinfinitywar"]}
{"id": 954860118444728325, "date": "2018-01-20", "time": "18:36:07", "tweet": "Thank you, Dr. Wallach, for being a HERO and teaching us to remineralize Earth and humanity. Thank you for coming to Earth 🌎 R-Complex Part 2  https://t.co/8qFTRh3SIG via @YouTube @youngevity @AlexTheis @RuPaul @elonmusk @HowardStern @ThatKevinSmith", "likes_count": 0, "replies_count": 0, "retweets_count": 0, "hashtags": []}
{"id": 954860115777261569, "date": "2018-01-20", "time": "18:36:06", "tweet": "Dear @elonmusk , could you please create a social network with coolness == coolness of Tesla and Falcons? Thanks in advance", "likes_count": 0, "replies_count": 0, "retweets_count": 0, "hashtags": []}
{"id": 954860068134182912, "date": "2018-01-20", "time": "18:35:55", "tweet": "@elonmusk @Nicmedia123 The Falcon heavy will use AI technology?", "likes_count": 0, "replies_count": 0, "retweets_count": 0, "hashtags": []}
{"id": 954859548086501376, "date": "2018-01-20", "time": "18:33:51", "tweet": "“Sometimes people are under the impression that China is either dragging their feet or somehow behind the U.S. in terms of sustainable-energy promotion. But they are by far the most aggressive on earth.” – @elonmusk  https://t.co/ddoqYhsn3q", "likes_count": 0, "replies_count": 0, "retweets_count": 0, "hashtags": []}
{"id": 954859536485113856, "date": "2018-01-20", "time": "18:33:48", "tweet": "@elonmusk @Nicmedia123 I have", "likes_count": 0, "replies_count": 0, "retweets_count": 0, "hashtags": []}
{"id": 954859298156417024, "date": "2018-01-20", "time": "18:32:51", "tweet": "@AshleyRParker I do this same thing to @elonmusk all the time without his knowledge too", "likes_count": 0, "replies_count": 0, "retweets_count": 0, "hashtags": []}
{"id": 954859171563868161, "date": "2018-01-20", "time": "18:32:21", "tweet": "The Space Tourism Race Is Getting More Competitive as Launches Near  SpaceX CEO Elon Musk is pictured. His company and Boeing are racing to bring astronauts and, eventually, tourists into space. Patrick T. Fallon / Bloomberg  Skift Take: While this story…  https://t.co/wEnYh9bDX7", "likes_count": 0, "replies_count": 0, "retweets_count": 0, "hashtags": []}
{"id": 954859131697057793, "date": "2018-01-20", "time": "18:32:12", "tweet": "The Space Tourism Race Is Getting More Competitive as Launches Near  SpaceX CEO Elon Musk is pictured. His company and Boeing are racing to bring astronauts and, eventually, tourists into space. Patrick T. Fallon / Bloomberg  Skift Take: While this story…  https://t.co/PwuKOhJlO2", "likes_count": 0, "replies_count": 0, "retweets_count": 0, "hashtags": []}
{"id": 954858445676662784, "date": "2018-01-20", "time": "18:29:28", "tweet": ".@elonmusk Just reserved my Model 3 (very excited!) and the confirmation email needs to be updated for 2018  https://t.co/TNvoPpNWn3", "likes_count": 0, "replies_count": 0, "retweets_count": 0, "hashtags": []}
{"id": 954858420972261377, "date": "2018-01-20", "time": "18:29:22", "tweet": "The Space Tourism Race Is Getting More Competitive as Launches Near  SpaceX CEO Elon Musk is pictured. His company and Boeing are racing to bring astronauts and, eventually, tourists into space. Patrick T. Fallon / Bloomberg  Skift Take: While this story…  https://t.co/vpLfRcbGcQ", "likes_count": 0, "replies_count": 0, "retweets_count": 0, "hashtags": []}
{"id": 954858399174414341, "date": "2018-01-20", "time": "18:29:17", "tweet": "The Space Tourism Race Is Getting More Competitive as Launches Near  SpaceX CEO Elon Musk is pictured. His company and Boeing are racing to bring astronauts and, eventually, tourists into space. Patrick T. Fallon / Bloomberg  Skift Take: While this story…  https://t.co/UTIKaOgKpI", "likes_count": 0, "replies_count": 0, "retweets_count": 0, "hashtags": []}
{"id": 954858129015164930, "date": "2018-01-20", "time": "18:28:13", "tweet": "Elon Musk advierte los dos riesgos que podrían terminar con el mundo en este siglo  https://t.co/YSffQlzKTd", "likes_count": 0, "replies_count": 0, "retweets_count": 0, "hashtags": []}
{"id": 954858125286412289, "date": "2018-01-20", "time": "18:28:12", "tweet": "\"Good ideas are always crazy until they are not\". -Elon Musk  https://t.co/wKNxksYwUc #leadership  #communication  https://t.co/sMWB52gYcG", "likes_count": 0, "replies_count": 0, "retweets_count": 0, "hashtags": ["leadership", "communication"]}
{"id": 954857845484384257, "date": "2018-01-20", "time": "18:27:05", "tweet": "@SenSanders Okay, might have been worse w/Hilary, &amp; it would have shut down if you were President just because the Joy stealers like to be bullies, but DACA/CHIP would still be in effect, you would have had boots on the ground- Navy Seabees working  w/Elon Musk &amp; PR &amp; IV BAGS would be FINE.", "likes_count": 0, "replies_count": 0, "retweets_count": 0, "hashtags": []}
{"id": 954857343421841408, "date": "2018-01-20", "time": "18:25:05", "tweet": "@GALaBonty @BootlegGirl Reading the interview about how sad and lonely Elon Musk and that's why he has to take over the world is made me realize he and Dr. Horrible and Solas are the exact same identical person", "likes_count": 23, "replies_count": 2, "retweets_count": 3, "hashtags": []}
{"id": 954856874138046464, "date": "2018-01-20", "time": "18:23:13", "tweet": "The Space Tourism Race Is Getting More Competitive as Launches Near  SpaceX CEO Elon Musk is pictured. His company and Boeing are racing to bring astronauts and, eventually, tourists into space. Patrick T. Fallon / Bloomberg  Skift Take: While this story…  https://t.co/U5UZhYvBZ3", "likes_count": 0, "replies_count": 0, "retweets_count": 0, "hashtags": []}
{"id": 954856851417518081, "date": "2018-01-20", "time": "18:23:08", "tweet": "The Space Tourism Race Is Getting More Competitive as Launches Near  SpaceX CEO Elon Musk is pictured. His company and Boeing are racing to bring astronauts and, eventually, tourists into space. Patrick T. Fallon / Bloomberg  Skift Take: While this story…  https://t.co/eqTq6RsurW", "likes_count": 0, "replies_count": 0, "retweets_count": 0, "hashtags": []}
{"id": 954856835605024768, "date": "2018-01-20", "time": "18:23:04", "tweet": "@elonmusk Fantastic Model 3 event in Manhattan today.  Your staff is top notch!  A lot to be proud of today.   How about a tweak in the referral system for res holders but not-yet-owners (AWD) to get ref credit (on delivery) for others that we referred but got delivery earlier?", "likes_count": 0, "replies_count": 0, "retweets_count": 0, "hashtags": []}
{"id": 954856109034102786, "date": "2018-01-20", "time": "18:20:11", "tweet": "⬇️8 Industries Being Disrupted By @ElonMusk And His Companies :   https://t.co/ai8V4K8NhU @CBinsights  #AI #Healthcare #Energy #Transport , #fintech / @THEAdamGabriel @JimHarris @ahier @KirkDBorne @evankirstel @domhalps @antgrasso @MikeQuindazzi… by #debashis_dutta  https://t.co/JXcMN2JiL2", "likes_count": 22, "replies_count": 1, "retweets_count": 14, "hashtags": ["ai", "healthcare", "energy", "transport", "fintech", "debashis_dutta"]}
{"id": 954856087412510720, "date": "2018-01-20", "time": "18:20:06", "tweet": "No matter what Elon Musk or Stephen Hawking says about it, mankind needs this to advance technology at a faster pace.   https://t.co/IHQ2AE1Pqo", "likes_count": 0, "replies_count": 0, "retweets_count": 0, "hashtags": []}
{"id": 954855869480652801, "date": "2018-01-20", "time": "18:19:14", "tweet": "The Space Tourism Race Is Getting More Competitive as Launches Near  SpaceX CEO Elon Musk is pictured. His company and Boeing are racing to bring astronauts and, eventually, tourists into space. Patrick T. Fallon / Bloomberg  Skift Take: While this story…  https://t.co/JnhqUIC6PP", "likes_count": 0, "replies_count": 0, "retweets_count": 0, "hashtags": []}
{"id": 954855430425018369, "date": "2018-01-20", "time": "18:17:29", "tweet": "The Space Tourism Race Is Getting More Competitive as Launches Near  SpaceX CEO Elon Musk is pictured. His company and Boeing are racing to bring astronauts and, eventually, tourists into space. Patrick T. Fallon / Bloomberg  Skift Take: While this story…  https://t.co/zGZJwrUF9R", "likes_count": 0, "replies_count": 0, "retweets_count": 0, "hashtags": []}
{"id": 954855351656083456, "date": "2018-01-20", "time": "18:17:10", "tweet": "The Space Tourism Race Is Getting More Competitive as Launches Near  SpaceX CEO Elon Musk is pictured. His company and Boeing are racing to bring astronauts and, eventually, tourists into space. Patrick T. Fallon / Bloomberg  Skift Take: While this story…  https://t.co/X6IA5nsFE6", "likes_count": 0, "replies_count": 0, "retweets_count": 0, "hashtags": []}
{"id": 954855350326480896, "date": "2018-01-20", "time": "18:17:10", "tweet": "The Space Tourism Race Is Getting More Competitive as Launches Near  SpaceX CEO Elon Musk is pictured. His company and Boeing are racing to bring astronauts and, eventually, tourists into space. Patrick T. Fallon / Bloomberg  Skift Take: While this story…  https://t.co/h7yr5cE8Dt", "likes_count": 0, "replies_count": 0, "retweets_count": 0, "hashtags": []}
{"id": 954855349638615040, "date": "2018-01-20", "time": "18:17:10", "tweet": "The Space Tourism Race Is Getting More Competitive as Launches Near  SpaceX CEO Elon Musk is pictured. His company and Boeing are racing to bring astronauts and, eventually, tourists into space. Patrick T. Fallon / Bloomberg  Skift Take: While this story…  https://t.co/h0BzUO5x1e", "likes_count": 0, "replies_count": 0, "retweets_count": 0, "hashtags": []}
{"id": 954855224153399296, "date": "2018-01-20", "time": "18:16:40", "tweet": "@DDB66 @FootsoldierTV @startrekfan58 @iLoveOrtzi @AlexEpstein @nytimes @washingtonpost @HuffPost @algore @elonmusk @billmckibben This auction guarantees developers can sell all generated power at the set price, while market value might be lower (or higher) at times of high solar influx. Other than that no subsidies.", "likes_count": 0, "replies_count": 1, "retweets_count": 0, "hashtags": []}
{"id": 954855080179662849, "date": "2018-01-20", "time": "18:16:06", "tweet": "The Space Tourism Race Is Getting More Competitive as Launches Near  SpaceX CEO Elon Musk is pictured. His company and Boeing are racing to bring astronauts and, eventually, tourists into space. Patrick T. Fallon / Bloomberg  Skift Take: While this story…  https://t.co/aEizmxOzJc", "likes_count": 0, "replies_count": 0, "retweets_count": 0, "hashtags": []}
{"id": 954855061699645441, "date": "2018-01-20", "time": "18:16:01", "tweet": "Help! My model 3 dies before delivery. Read $TSLA Reddit thread. Conclusion: statistically &gt; 20% of untested 3,000 M3s are LEMONs. @elonmusk still laughs as he pilots a private jet. via @Teslashitbox   https://t.co/tsGmf0AB55", "likes_count": 0, "replies_count": 1, "retweets_count": 0, "hashtags": []}
{"id": 954855051452928000, "date": "2018-01-20", "time": "18:15:59", "tweet": "The Space Tourism Race Is Getting More Competitive as Launches Near  SpaceX CEO Elon Musk is pictured. His company and Boeing are racing to bring astronauts and, eventually, tourists into space. Patrick T. Fallon / Bloomberg  Skift Take: While this story…  https://t.co/Quqms0C9L4", "likes_count": 0, "replies_count": 0, "retweets_count": 0, "hashtags": []}
{"id": 954854963091566592, "date": "2018-01-20", "time": "18:15:38", "tweet": "The Space Tourism Race Is Getting More Competitive as Launches Near  SpaceX CEO Elon Musk is pictured. His company and Boeing are racing to bring astronauts and, eventually, tourists into space. Patrick T. Fallon / Bloomberg  Skift Take: While this story…  https://t.co/fDsWyFrZcO", "likes_count": 0, "replies_count": 0, "retweets_count": 0, "hashtags": []}
{"id": 954854928962420737, "date": "2018-01-20", "time": "18:15:30", "tweet": "The Space Tourism Race Is Getting More Competitive as Launches Near  SpaceX CEO Elon Musk is pictured. His company and Boeing are racing to bring astronauts and, eventually, tourists into space. Patrick T. Fallon / Bloomberg  Skift Take: While this story…  https://t.co/PD1IW5UqeV", "likes_count": 0, "replies_count": 0, "retweets_count": 0, "hashtags": []}
{"id": 954854871932420097, "date": "2018-01-20", "time": "18:15:16", "tweet": "@elonmusk my 7yr old son wrote you a letter and I am trying to figure where to mail it?", "likes_count": 0, "replies_count": 0, "retweets_count": 0, "hashtags": []}
{"id": 954854732606115842, "date": "2018-01-20", "time": "18:14:43", "tweet": "Quali progressi della tecnologia segui con interesse? — Tutto ciò che riguarda Elon Musk e, ovviamente, lo svilupp…  https://t.co/k6MsTXUL6u", "likes_count": 1, "replies_count": 0, "retweets_count": 0, "hashtags": []}
