{"id": 957402679474638850, "date": "2018-01-27", "time": "18:59:21", "tweet": "@elonmusk @elonmusk I @RDH_JR will see it first hand 3.9 miles from 39A. Very excited and hope everything is perfection. Good luck to the SpaceX Team.", "likes_count": 0, "replies_count": 0, "retweets_count": 0, "hashtags": []}
{"id": 957402653432205313, "date": "2018-01-27", "time": "18:59:14", "tweet": "รู้จัก Mary Barra ซีอีโอหญิงแกร่งแห่ง GM ผู้ที่อาจมาโค่น Elon Musk แห่ง Tesla  https://t.co/AsFPWXSGrN", "likes_count": 16, "replies_count": 0, "retweets_count": 12, "hashtags": []}
{"id": 957402597983318021, "date": "2018-01-27", "time": "18:59:01", "tweet": "Retweeted Elon Musk News (@ElonMuskNewsOrg):  The Model S comes in all sizes! :)  https://t.co/hJ4GO0P37U  https://t.co/77lEeZd4dm", "likes_count": 0, "replies_count": 0, "retweets_count": 0, "hashtags": []}
{"id": 957402530597752832, "date": "2018-01-27", "time": "18:58:45", "tweet": "Comparing Elon Musk to Hank Scorpio isn't really fair.  Scorpio cared about his employees.", "likes_count": 1, "replies_count": 0, "retweets_count": 0, "hashtags": []}
{"id": 957402406953897984, "date": "2018-01-27", "time": "18:58:16", "tweet": "@elonmusk I went to the first space shuttle launch over 30 years ago. Didn’t go off. Do I take a chance on this one?  https://t.co/pa4nYqAxRQ", "likes_count": 0, "replies_count": 0, "retweets_count": 0, "hashtags": []}
{"id": 957402318646857728, "date": "2018-01-27", "time": "18:57:55", "tweet": "Elon Musk- 12 minute breakdown of climate change    https://t.co/DdQsj4WonT", "likes_count": 0, "replies_count": 0, "retweets_count": 0, "hashtags": []}
{"id": 957402156574818304, "date": "2018-01-27", "time": "18:57:16", "tweet": "@elonmusk Awesome! Bringing the family to see it!  Hope this spurs something inside my son... Bring all three cores home please!", "likes_count": 0, "replies_count": 0, "retweets_count": 0, "hashtags": []}
{"id": 957402117593092097, "date": "2018-01-27", "time": "18:57:07", "tweet": "@MSGCapital @elonmusk They're a bit of a rip off, check the comments/you tube ideas. 400 bucks over mkt", "likes_count": 1, "replies_count": 0, "retweets_count": 0, "hashtags": []}
{"id": 957402106130042880, "date": "2018-01-27", "time": "18:57:04", "tweet": "@elonmusk Meanwhile NASA is talking about possibly doing things within the next couple dozen years without actually doing anything", "likes_count": 0, "replies_count": 0, "retweets_count": 0, "hashtags": []}
{"id": 957401882003206149, "date": "2018-01-27", "time": "18:56:10", "tweet": "@elonmusk Why not Terraform  Venus.", "likes_count": 0, "replies_count": 0, "retweets_count": 0, "hashtags": []}
{"id": 957401853347745792, "date": "2018-01-27", "time": "18:56:04", "tweet": "Elon Musk wants to launch giant SpaceX Mars rocket Feb. 6  https://t.co/UbNGsjeQPr", "likes_count": 0, "replies_count": 0, "retweets_count": 0, "hashtags": []}
{"id": 957401851233697793, "date": "2018-01-27", "time": "18:56:03", "tweet": "@elonmusk @SpaceX If you forgot your driver's license in your car, now is the time to get it", "likes_count": 0, "replies_count": 0, "retweets_count": 0, "hashtags": []}
{"id": 957401615866253312, "date": "2018-01-27", "time": "18:55:07", "tweet": "Elon Musk wants to launch giant SpaceX Mars rocket Feb. 6     – CNET  https://t.co/WVWDDCBqj4", "likes_count": 0, "replies_count": 0, "retweets_count": 0, "hashtags": []}
{"id": 957401572945756160, "date": "2018-01-27", "time": "18:54:57", "tweet": "Tell that to Steve Jobs, Elon Musk and Mark Zuckerberg, mate.  https://t.co/mcOXs5RjOj", "likes_count": 3, "replies_count": 0, "retweets_count": 0, "hashtags": []}
{"id": 957401550816665600, "date": "2018-01-27", "time": "18:54:52", "tweet": "@elonmusk Elon, I want to thank you for my “SEX” trio! They are perfect and now waiting for the “Y”! 😃👍🏻  https://t.co/3ZQ6Swt0Dy", "likes_count": 0, "replies_count": 1, "retweets_count": 0, "hashtags": []}
{"id": 957401524216520704, "date": "2018-01-27", "time": "18:54:45", "tweet": "@JaneidyEve @elonmusk @arstechnica @SpaceX Donald Trump", "likes_count": 0, "replies_count": 0, "retweets_count": 0, "hashtags": []}
{"id": 957401517400776704, "date": "2018-01-27", "time": "18:54:44", "tweet": "@elonmusk   https://t.co/UJfkYb8hH8", "likes_count": 0, "replies_count": 0, "retweets_count": 0, "hashtags": []}
{"id": 957401393215758337, "date": "2018-01-27", "time": "18:54:14", "tweet": "@elonmusk I must saybreath taking", "likes_count": 0, "replies_count": 0, "retweets_count": 0, "hashtags": []}
{"id": 957401280263016448, "date": "2018-01-27", "time": "18:53:47", "tweet": "@MarketUrbanism That’s why @elonmusk is starting the @boringcompany", "likes_count": 0, "replies_count": 0, "retweets_count": 0, "hashtags": []}
{"id": 957401203394121728, "date": "2018-01-27", "time": "18:53:29", "tweet": "Elon Musk is Releasing a $600 Flamethrower to the Public  https://t.co/qFiRMJsI0l", "likes_count": 0, "replies_count": 0, "retweets_count": 0, "hashtags": []}
{"id": 957401192824373248, "date": "2018-01-27", "time": "18:53:26", "tweet": "@BreitbartNews I clicked on a tweet of yours and found, as I was reading through, an advertisement for Bitcoin Trader, which allegedly has been back by Elon Musk as featured on a CNN article as advertised on your website. Are you aware of this and is it all a scam?", "likes_count": 0, "replies_count": 0, "retweets_count": 0, "hashtags": []}
{"id": 957401169118318592, "date": "2018-01-27", "time": "18:53:21", "tweet": "@elonmusk Planet X survellance?", "likes_count": 0, "replies_count": 0, "retweets_count": 0, "hashtags": []}
{"id": 957401132678066177, "date": "2018-01-27", "time": "18:53:12", "tweet": "@Stupidosaur @elonmusk Find everyone like you, dig a hole, place yourselves in it, and fill it in... the world is smarter for it.", "likes_count": 0, "replies_count": 0, "retweets_count": 0, "hashtags": []}
{"id": 957401120418263041, "date": "2018-01-27", "time": "18:53:09", "tweet": "Elon Musk advierte los dos riesgos que podrían terminar con el mundo en este siglo #advertencia  https://t.co/rLtFBVoYdv", "likes_count": 0, "replies_count": 0, "retweets_count": 0, "hashtags": ["advertencia"]}
{"id": 957400980785680384, "date": "2018-01-27", "time": "18:52:36", "tweet": "@elonmusk You remind me of my gratefulness for brilliant people who think outside the box. Bravo!! 🙏🏼 Namaste!", "likes_count": 0, "replies_count": 0, "retweets_count": 0, "hashtags": []}
{"id": 957400870186045440, "date": "2018-01-27", "time": "18:52:09", "tweet": "รู้จัก Mary Barra ซีอีโอหญิงแกร่งแห่ง GM ผู้ที่อาจมาโค่น Elon Musk แห่ง Tesla  https://t.co/s8bbZGlEQB #gmxtra", "likes_count": 0, "replies_count": 0, "retweets_count": 0, "hashtags": ["gmxtra"]}
{"id": 957400800363470853, "date": "2018-01-27", "time": "18:51:53", "tweet": "@elonmusk Just want to be sure it is possible , becouse i am one of citizens that can't express their social or political positions on a internet , and in a modern time it seems just wierd , everyone in a world should have an ability to express thier opinion and stand for rights for future", "likes_count": 0, "replies_count": 0, "retweets_count": 0, "hashtags": []}
{"id": 957400714145234944, "date": "2018-01-27", "time": "18:51:32", "tweet": "Elon Musk to forgo pay and bonuses until Tesla passes its milestones If Tesla hits that mark and Mr Musk achieves all his targets, vesting all stock options, his remuneration will add up to $78 billion excerpt    https://t.co/od4n2tCF4n via @TheNationalUAE", "likes_count": 4, "replies_count": 1, "retweets_count": 1, "hashtags": []}
{"id": 957400499057315840, "date": "2018-01-27", "time": "18:50:41", "tweet": "@elonmusk Would be cool to see that in Florida. Saw a NASA launch once from the beach in Florida.", "likes_count": 0, "replies_count": 0, "retweets_count": 0, "hashtags": []}
{"id": 957400354349572096, "date": "2018-01-27", "time": "18:50:06", "tweet": "Elon Musk announces an early February launch plan for Falcon Heavy  https://t.co/aYRWLNiVIP via @Mashable  https://t.co/2uIKgjx7l8", "likes_count": 0, "replies_count": 0, "retweets_count": 0, "hashtags": []}
{"id": 957400300012392448, "date": "2018-01-27", "time": "18:49:53", "tweet": "@elonmusk I think this calls for a family road trip to watch. Thanks for reaching for the stars and giving our kids something to strive for!", "likes_count": 0, "replies_count": 0, "retweets_count": 0, "hashtags": []}
{"id": 957400031102988288, "date": "2018-01-27", "time": "18:48:49", "tweet": "@elonmusk Hello, Elon Musk, i have a question, is it possible to make a satellite with an ability of two-eay communication, so everyone with required equipment could connect to it and probably use it as a free open data space , or free internet without any ability of goverment control?", "likes_count": 0, "replies_count": 0, "retweets_count": 0, "hashtags": []}
{"id": 957400010966126593, "date": "2018-01-27", "time": "18:48:44", "tweet": "@elonmusk your team and you are brilliant! Your a inspiration to our team! You have accomplished so much through perseverance. Mr. Musk we would love your assistance to also persevere. Failure is not an option, it is a choice. May you help us Mr. Musk?  https://t.co/7Kmkvn9HKK", "likes_count": 0, "replies_count": 0, "retweets_count": 0, "hashtags": []}
{"id": 957399927247785985, "date": "2018-01-27", "time": "18:48:24", "tweet": "@SEAS_Formacion My Patent New Technology before @OnapiRD hear @Pontifex_es that saves the world CO2 @elonmusk @amazon @Tesla @BillGates @CNN @TeamTrump @BMW @ABC that generates direct electrical energy (from 3 to a thousand KVA) per 100 hour flight to Drone with a load of 500 Kilos I hear offer", "likes_count": 0, "replies_count": 0, "retweets_count": 0, "hashtags": []}
{"id": 957399876362522624, "date": "2018-01-27", "time": "18:48:12", "tweet": "@elonmusk Hi Elon I want to advertise more about Tesla here in South Africa,I need some assistance and more ideas ,I'm so interested on EV's", "likes_count": 0, "replies_count": 0, "retweets_count": 0, "hashtags": []}
{"id": 957399854426279938, "date": "2018-01-27", "time": "18:48:07", "tweet": "@elonmusk my 250mW laser weapon and the 'raygun' are real. (one is amazing spot on the internet, one was wicked). nice addition to the weird toys section....flames!", "likes_count": 0, "replies_count": 1, "retweets_count": 0, "hashtags": []}
{"id": 957399834721267712, "date": "2018-01-27", "time": "18:48:02", "tweet": "@jakscholes @FairDinkumCap @markbspiegel @elonmusk Again, brand value has nothing to do with business operations, balance sheet, income statement, etc.", "likes_count": 0, "replies_count": 0, "retweets_count": 0, "hashtags": []}
{"id": 957399806439297024, "date": "2018-01-27", "time": "18:47:56", "tweet": "My Patent New Technology before @OnapiRD hear @Pontifex_es that saves the world CO2 @elonmusk @amazon @Tesla...  https://t.co/cy4LbWtggy", "likes_count": 0, "replies_count": 0, "retweets_count": 0, "hashtags": []}
{"id": 957399779788705792, "date": "2018-01-27", "time": "18:47:49", "tweet": "My Patent New Technology before @OnapiRD hear @Pontifex_es that saves the world CO2 @elonmusk @amazon @Tesla @BillGates @CNN @TeamTrump @BMW @ABC that generates direct electrical energy (from 3 to a thousand KVA) per 100 hour flight to Drone with a load of 500 Kilo I hear License  https://t.co/TTmzlPw0P0", "likes_count": 0, "replies_count": 1, "retweets_count": 0, "hashtags": []}
{"id": 957399671554523137, "date": "2018-01-27", "time": "18:47:23", "tweet": "@Mansa_Godson @elonmusk I would buy $MUSK", "likes_count": 2, "replies_count": 0, "retweets_count": 0, "hashtags": []}
