{"id": 1046187866278285313, "date": "2018-09-29", "time": "19:59:59", "tweet": "#Tesla's Elon Musk settles with SEC, is out as board chair, will pay $20M! is now Trending on Tech - Shopping - Deals - News -  https://t.co/XU75AGiQTh  https://t.co/VXLeKNU3C9", "likes_count": 0, "replies_count": 0, "retweets_count": 0, "hashtags": ["tesla"]}
{"id": 1046187846065946624, "date": "2018-09-29", "time": "19:59:54", "tweet": "BREAKING Elon Musk Gets WORST NEWS of His Life - EVERYTHING is In Jeopar...  https://t.co/rRtg5K64ko via @YouTube", "likes_count": 0, "replies_count": 0, "retweets_count": 0, "hashtags": []}
{"id": 1046187845990404096, "date": "2018-09-29", "time": "19:59:54", "tweet": "Tesla’s Elon Musk settles with SEC, paying $20 million fine and resigning as board chairman  https://t.co/fbLUf07D63 via @denverpost", "likes_count": 0, "replies_count": 0, "retweets_count": 0, "hashtags": []}
{"id": 1046187818337239040, "date": "2018-09-29", "time": "19:59:47", "tweet": "@AlexSaundersAU @novogratz @elonmusk 😂", "likes_count": 5, "replies_count": 1, "retweets_count": 0, "hashtags": []}
{"id": 1046187812612009984, "date": "2018-09-29", "time": "19:59:46", "tweet": "@Badger24 @Gfilche @Tesla @elonmusk Ring a positive person I don’t care for shorts... the concept itself is just weird imo... at least you have a fun sense of humour", "likes_count": 0, "replies_count": 1, "retweets_count": 0, "hashtags": []}
{"id": 1046187810544394240, "date": "2018-09-29", "time": "19:59:45", "tweet": "@novogratz @elonmusk Money has been made by all this propaganda !!!  https://t.co/MJrYqM5AUo", "likes_count": 1, "replies_count": 0, "retweets_count": 0, "hashtags": []}
{"id": 1046187807444598785, "date": "2018-09-29", "time": "19:59:45", "tweet": "@elonmusk  you supported @POTUS44 and now I cant afford to buy health ins for my family. THANKS!", "likes_count": 0, "replies_count": 0, "retweets_count": 0, "hashtags": []}
{"id": 1046187807176355840, "date": "2018-09-29", "time": "19:59:45", "tweet": "QUE LES PASA SACAR A ELON MUSK", "likes_count": 1, "replies_count": 0, "retweets_count": 0, "hashtags": []}
{"id": 1046187791544209408, "date": "2018-09-29", "time": "19:59:41", "tweet": "Elon Musk Will Pay $20 Million To The SEC And Resign As Chairman Of Tesla -  https://t.co/UfneGe3lU3  https://t.co/P5MuFMSe9W", "likes_count": 0, "replies_count": 0, "retweets_count": 0, "hashtags": []}
{"id": 1046187779628118016, "date": "2018-09-29", "time": "19:59:38", "tweet": "Elon Musk Out as Tesla Chairman After SEC Settlement, Remains CEO  https://t.co/zSux37Rrvy via @TMZ", "likes_count": 0, "replies_count": 0, "retweets_count": 0, "hashtags": []}
{"id": 1046187770861969408, "date": "2018-09-29", "time": "19:59:36", "tweet": "@nishanthreddy @elonmusk @Tesla He'll still be CEO and can be chairman again in 3 years. Elon turned down a much better offer from the SEC yesterday.", "likes_count": 1, "replies_count": 1, "retweets_count": 0, "hashtags": []}
{"id": 1046187760959262721, "date": "2018-09-29", "time": "19:59:34", "tweet": "Elon Musk é forçado a deixar presidência do conselho da Tesla  https://t.co/ImNvdOEvP8 …", "likes_count": 0, "replies_count": 0, "retweets_count": 0, "hashtags": []}
{"id": 1046187753434681344, "date": "2018-09-29", "time": "19:59:32", "tweet": "@CaseyNeistat @368 Funny.. @elonmusk whataya think?", "likes_count": 0, "replies_count": 0, "retweets_count": 0, "hashtags": []}
{"id": 1046187752839172096, "date": "2018-09-29", "time": "19:59:32", "tweet": "Elon Musk Settles SEC Fraud Charges, Must Step Down As Tesla's Chairman  https://t.co/yFhLTHggnm", "likes_count": 0, "replies_count": 0, "retweets_count": 0, "hashtags": []}
{"id": 1046187749265604608, "date": "2018-09-29", "time": "19:59:31", "tweet": "Elon Musk forced to resign as Tesla chairman as part as part of government lawsuit settlement over misleading statements about proposed company buyout  https://t.co/Yx8F2BPH54", "likes_count": 0, "replies_count": 0, "retweets_count": 0, "hashtags": []}
{"id": 1046187745125847041, "date": "2018-09-29", "time": "19:59:30", "tweet": "Elon Musk will step down as Tesla chairman and pay a $20 million fine in SEC deal  https://t.co/OH9CPNVuPZ", "likes_count": 0, "replies_count": 0, "retweets_count": 0, "hashtags": []}
{"id": 1046187742043009025, "date": "2018-09-29", "time": "19:59:29", "tweet": "@Ahorroenpesos Estimado cual es su concepto de Elon Musk y sus compañías? Creo nunca haberlo leído pronunciarse al respecto", "likes_count": 0, "replies_count": 0, "retweets_count": 0, "hashtags": []}
{"id": 1046187740994330624, "date": "2018-09-29", "time": "19:59:29", "tweet": "Elon Musk reaches deal over tweets about taking Tesla private  https://t.co/FMqIfAAUV0  https://t.co/h4VC2v2xNG", "likes_count": 0, "replies_count": 0, "retweets_count": 0, "hashtags": []}
{"id": 1046187734082211840, "date": "2018-09-29", "time": "19:59:27", "tweet": "Elon Musk, alone and hammered at 3am, calling up the diver guy to bare his soul to him like in Frost/Nixon", "likes_count": 29, "replies_count": 2, "retweets_count": 3, "hashtags": []}
{"id": 1046187730189742080, "date": "2018-09-29", "time": "19:59:26", "tweet": "@incentives101 @Drz6161 @AndreaSJames @SEC_Enforcement @elonmusk Agree 100%", "likes_count": 0, "replies_count": 0, "retweets_count": 0, "hashtags": []}
