{"id": 967549610876198912, "date": "2018-02-24", "time": "18:59:38", "tweet": "I don’t even care Elon musk is cute", "likes_count": 1, "replies_count": 0, "retweets_count": 0, "hashtags": []}
{"id": 967549599723544576, "date": "2018-02-24", "time": "18:59:35", "tweet": "@elonmusk", "likes_count": 0, "replies_count": 0, "retweets_count": 0, "hashtags": []}
{"id": 967549571621638145, "date": "2018-02-24", "time": "18:59:28", "tweet": "@elonmusk Tera Forming  https://t.co/vSgIsQz0SM", "likes_count": 0, "replies_count": 0, "retweets_count": 0, "hashtags": []}
{"id": 967549483860025344, "date": "2018-02-24", "time": "18:59:07", "tweet": "Elon Musk advierte los dos riesgos que podrían terminar con el mundo en este siglo #Advertencia  https://t.co/TNLjazm4B8", "likes_count": 0, "replies_count": 0, "retweets_count": 1, "hashtags": ["advertencia"]}
{"id": 967549457733648384, "date": "2018-02-24", "time": "18:59:01", "tweet": "@ofnobleblood @milind_kawli @ELGR3CO @JuleahKaliski @vastidity @Space_Baguette @KatmaiKeith @tibey @JaneidyEve @therogue_astro @BP_Hutch @WitchOfTheSith @thehighfrontier @Ben27603 @dzsenits @torybruno @Glowsinthedark9 @JPMajor @pilliarscreatio @Michael_D_Crow @KeikoGoblyn @BrewCityChaser @WinterBynes @SanAntonioAstro @BackyrdAstroGuy @astro_savannah @_Astro_Nerd_ @weasdown @Ascii211 @wardniner @AuerSusan @tracy_karin @BeckePhysics @MerlinTheEngine @SLC4_LZ2 @RabAusten @SpaceXPad39A @F9Strongback @jccwrt @ShenovaFashion @FalconGridFin @ulalaunch @theflametrench @NASA_Nerd @NASA_Skylab @Axiom_Space @LEGO_Group @TheRealZdah @SpaceX @elonmusk My country was involved in the Discovery STS-51-G mission, a royal family member got accepted in the program in 1985. I guess every country has its story with space 😊", "likes_count": 10, "replies_count": 2, "retweets_count": 1, "hashtags": []}
{"id": 967549445297528832, "date": "2018-02-24", "time": "18:58:58", "tweet": "I’m not sure why Time thinks I should be surprised, nor why it is a story worth writing. @elonmusk is doing enough things to write about rather than focus on what he, and many others, are not doing.  https://t.co/EKGjLkxUcS", "likes_count": 0, "replies_count": 0, "retweets_count": 0, "hashtags": []}
{"id": 967549426502860800, "date": "2018-02-24", "time": "18:58:54", "tweet": "@elonmusk есть немного", "likes_count": 0, "replies_count": 0, "retweets_count": 0, "hashtags": []}
{"id": 967549320990986241, "date": "2018-02-24", "time": "18:58:28", "tweet": "Kim Jong - Un has allready contacted #Olympics about how they get the fireworks to go so high and far . Im sure @elonmusk will be getting the next phone call ...", "likes_count": 0, "replies_count": 0, "retweets_count": 0, "hashtags": ["olympics"]}
{"id": 967549240988794880, "date": "2018-02-24", "time": "18:58:09", "tweet": "Elon Musk boasts: Tesla Semi specs may be better than initially advertised  https://t.co/uQi0IQfS0c  https://t.co/FrmC4Nq9WL", "likes_count": 1, "replies_count": 0, "retweets_count": 0, "hashtags": []}
{"id": 967548968015085568, "date": "2018-02-24", "time": "18:57:04", "tweet": "@elonnrusk @elonmusk Damn. Scammers can go die!", "likes_count": 0, "replies_count": 0, "retweets_count": 0, "hashtags": []}
{"id": 967548962868813824, "date": "2018-02-24", "time": "18:57:03", "tweet": "Elon Musk boasts: Tesla Semi specs may be better than initially advertised: When Tesla…  https://t.co/GDwNNgA7Ja", "likes_count": 0, "replies_count": 0, "retweets_count": 0, "hashtags": []}
{"id": 967548958254886912, "date": "2018-02-24", "time": "18:57:02", "tweet": "Tignan mo? May alien tlga sa Mars eh. Baka di na makabalik yung Falcon heavy ni Elon Musk HAHAHAHAHA.  https://t.co/feqZ1tgwNj", "likes_count": 1, "replies_count": 0, "retweets_count": 0, "hashtags": []}
{"id": 967548881914429440, "date": "2018-02-24", "time": "18:56:44", "tweet": "Elon Musk is 'optimistic' about beating Tesla Semi specs that competitors already don't believe possible $TSLA  https://t.co/a89t78mph3 via @FredericLambert", "likes_count": 2, "replies_count": 0, "retweets_count": 0, "hashtags": []}
{"id": 967548759298265090, "date": "2018-02-24", "time": "18:56:15", "tweet": "Aber dafür muß man es aber auch DRAUF haben ;) @elonmusk", "likes_count": 0, "replies_count": 1, "retweets_count": 0, "hashtags": []}
{"id": 967548738905440256, "date": "2018-02-24", "time": "18:56:10", "tweet": "Elon Musk Revealed How Much Bitcoin He Owns - Time  https://t.co/g3tJpsPQtP", "likes_count": 2, "replies_count": 2, "retweets_count": 1, "hashtags": []}
{"id": 967548688171130880, "date": "2018-02-24", "time": "18:55:58", "tweet": "Want to be a better person? Elon Musk shares his single best piece of advice. Elon Musk  https://t.co/jeSEoQ5NOK", "likes_count": 0, "replies_count": 0, "retweets_count": 0, "hashtags": []}
{"id": 967548630801485834, "date": "2018-02-24", "time": "18:55:44", "tweet": "@talesftf @daStockguy23 @iliketeslas @88888sAccount @elonmusk Fundamentally you are correct if your vision can only see Tesla solely as an auto manufacturer. But $TSLA investors don’t agree with you and $TSLA continues higher. Model 3 fever is going to push above $385 this year.", "likes_count": 0, "replies_count": 1, "retweets_count": 0, "hashtags": []}
{"id": 967548578120990725, "date": "2018-02-24", "time": "18:55:31", "tweet": "#DontPanic @ElonMusk #SpaceX rocket #FalconHeavy #Falcon9 #PAZ will revolutionize with faster and more accessible #internett for #Africa #Asia #SouthAmerica with #radarsatellites signals #space to #earth by skipping #phone and directly #internettelephony   https://t.co/tr6QxZQqQL", "likes_count": 1, "replies_count": 0, "retweets_count": 0, "hashtags": ["dontpanic", "spacex", "falconheavy", "falcon9", "paz", "internett", "africa", "asia", "southamerica", "radarsatellites", "space", "earth", "phone", "internettelephony"]}
{"id": 967548412563353600, "date": "2018-02-24", "time": "18:54:52", "tweet": "Yay - Go Greece! Awesome decision @elonmusk Greece has amazing eng talent👏💪🇬🇷  https://t.co/KtidTueuHP", "likes_count": 8, "replies_count": 1, "retweets_count": 2, "hashtags": []}
{"id": 967548334306152448, "date": "2018-02-24", "time": "18:54:33", "tweet": "@elonmusk It all makes sense now...  https://t.co/VVPDoDCAd8", "likes_count": 0, "replies_count": 0, "retweets_count": 0, "hashtags": []}
