{"id": 970086390691192832, "date": "2018-03-03", "time": "18:59:53", "tweet": "Elon Musk responds to Harvard professor Steven Pinker’s comments on A.I. „Humanity is in deep trouble“  https://t.co/AzZVrRwaJg", "likes_count": 0, "replies_count": 0, "retweets_count": 0, "hashtags": []}
{"id": 970086241369804800, "date": "2018-03-03", "time": "18:59:17", "tweet": "@elonmusk The Truth is that he has found the Hallow and about to fight the Locust  Queen", "likes_count": 0, "replies_count": 0, "retweets_count": 0, "hashtags": []}
{"id": 970086236160393222, "date": "2018-03-03", "time": "18:59:16", "tweet": "@JaneidyEve @elonmusk Adorable! Now if only they made flamethrower hats...", "likes_count": 5, "replies_count": 0, "retweets_count": 0, "hashtags": []}
{"id": 970086170989355009, "date": "2018-03-03", "time": "18:59:01", "tweet": "@elonmusk @cdelancray @sapinker @WIRED @elonmusk please. If with General AI you refer to  openAI deep-reinforcement-learning fighters wannabe, I would not be so scared. Not that I would not want to work for openAI lol", "likes_count": 0, "replies_count": 0, "retweets_count": 0, "hashtags": []}
{"id": 970086082925641728, "date": "2018-03-03", "time": "18:58:40", "tweet": "@damnitsriley @elonmusk Gaaaaayyy", "likes_count": 0, "replies_count": 0, "retweets_count": 0, "hashtags": []}
{"id": 970086076072198144, "date": "2018-03-03", "time": "18:58:38", "tweet": "@elonmusk Say Hi to J. Verne on your journey to the center of the earth 😂", "likes_count": 0, "replies_count": 0, "retweets_count": 0, "hashtags": []}
{"id": 970086057944416256, "date": "2018-03-03", "time": "18:58:34", "tweet": "@elonmusk Elon, I'm 16 and I'm from Russia, thank you.", "likes_count": 2, "replies_count": 0, "retweets_count": 0, "hashtags": []}
{"id": 970086016928370689, "date": "2018-03-03", "time": "18:58:24", "tweet": "#Neurotechnology , Elon Musk and the goal of human enhancement  https://t.co/OcBue5DvsE #cognitivecomputing", "likes_count": 4, "replies_count": 0, "retweets_count": 1, "hashtags": ["neurotechnology", "cognitivecomputing"]}
{"id": 970085986603593731, "date": "2018-03-03", "time": "18:58:17", "tweet": "@elonmusk I love you @elonmusk keep up the great work!!", "likes_count": 0, "replies_count": 0, "retweets_count": 0, "hashtags": []}
{"id": 970085882547105792, "date": "2018-03-03", "time": "18:57:52", "tweet": "@elonmusk I have a boring machine I can lend you ; van Norman 944 bores up to 3.4 in in the old petrol engine blocks !", "likes_count": 0, "replies_count": 0, "retweets_count": 0, "hashtags": []}
{"id": 970085834014822400, "date": "2018-03-03", "time": "18:57:40", "tweet": "@elonmusk Elon, you’re space crafts are brilliant. But a challenge for you - invent a great vegan cheese that looks like cheese and tastes like cheese but isn’t cheese. #pleaseelon #sos #theevironment", "likes_count": 0, "replies_count": 0, "retweets_count": 0, "hashtags": ["pleaseelon", "sos", "theevironment"]}
{"id": 970085655543009280, "date": "2018-03-03", "time": "18:56:58", "tweet": "@Micha_Louis @TheOnion @elonmusk Absolutely. Then, what makes me optimistic? The fact that Elon always gets what he wants. And he wants a soul mate. All we have to do is wait and see that Goddess he is after. Mark my words. The Force is strong with this man!", "likes_count": 1, "replies_count": 1, "retweets_count": 0, "hashtags": []}
{"id": 970085634621820933, "date": "2018-03-03", "time": "18:56:53", "tweet": "Elon Musk Biography  https://t.co/MJJ33kKpdE  https://t.co/6l16gOlxg3", "likes_count": 0, "replies_count": 0, "retweets_count": 0, "hashtags": []}
{"id": 970085528916955136, "date": "2018-03-03", "time": "18:56:28", "tweet": "@delton_smith That Elon Musk is at it again!", "likes_count": 0, "replies_count": 0, "retweets_count": 0, "hashtags": []}
{"id": 970085518284292097, "date": "2018-03-03", "time": "18:56:25", "tweet": "@elonmusk you need some morrocans there to fix this disaster :p", "likes_count": 0, "replies_count": 0, "retweets_count": 0, "hashtags": []}
{"id": 970085501876174849, "date": "2018-03-03", "time": "18:56:21", "tweet": "@elonmusk Sometimes When We Touch - Dan Hill - Official Video 1994  https://t.co/lpWYlEk0nC", "likes_count": 0, "replies_count": 0, "retweets_count": 0, "hashtags": []}
{"id": 970085434289278976, "date": "2018-03-03", "time": "18:56:05", "tweet": "@elonmusk Well l probbly hang my Self in Couple of mouts.l hope u can do lots things to make this world better . We are happy that we have you ...  see in  otherside😊", "likes_count": 0, "replies_count": 0, "retweets_count": 0, "hashtags": []}
{"id": 970085412902285312, "date": "2018-03-03", "time": "18:56:00", "tweet": "@elonmusk Thank . You stry", "likes_count": 1, "replies_count": 0, "retweets_count": 0, "hashtags": []}
{"id": 970085315602931712, "date": "2018-03-03", "time": "18:55:37", "tweet": "@elonmusk I want to hold you til a fear in me subsides.", "likes_count": 0, "replies_count": 0, "retweets_count": 0, "hashtags": []}
{"id": 970085289900302337, "date": "2018-03-03", "time": "18:55:31", "tweet": "@elonmusk it would be great if voice control in the @tesla model 3 could be used for all car controls. example: \"turn up windshield wiper speed\" , \"set my cruise control to 40 Mph \", \"Turn on fog lights\"", "likes_count": 1, "replies_count": 0, "retweets_count": 0, "hashtags": []}
{"id": 970085248875843584, "date": "2018-03-03", "time": "18:55:21", "tweet": "@elonmusk I helped put together and worked on one years ago in DC, green line subway down underneath M street", "likes_count": 0, "replies_count": 0, "retweets_count": 0, "hashtags": []}
{"id": 970085170366828544, "date": "2018-03-03", "time": "18:55:02", "tweet": "@elonmusk What’s been your biggest failure? What did you learn from it?", "likes_count": 0, "replies_count": 0, "retweets_count": 0, "hashtags": []}
{"id": 970085124795756544, "date": "2018-03-03", "time": "18:54:51", "tweet": "@elonmusk : feel too complete may stop your enthusiastic ideas...hope never reach that point totally...  https://t.co/i3O1zlkTe0", "likes_count": 0, "replies_count": 0, "retweets_count": 0, "hashtags": []}
{"id": 970084989420351488, "date": "2018-03-03", "time": "18:54:19", "tweet": "I liked a @YouTube video  https://t.co/TVn4b0NF0C Elon Musk Fights Back Against Jeremy Clarkson (Elon loses lawsuit)", "likes_count": 0, "replies_count": 0, "retweets_count": 0, "hashtags": []}
{"id": 970084937993945090, "date": "2018-03-03", "time": "18:54:07", "tweet": "@elonmusk DC to New York...can’t wait", "likes_count": 0, "replies_count": 0, "retweets_count": 0, "hashtags": []}
{"id": 970084920440827904, "date": "2018-03-03", "time": "18:54:02", "tweet": "@elonmusk I’m impressed with the Longer Fuse reference. Apropos for a guy who builds rockets as well.", "likes_count": 0, "replies_count": 0, "retweets_count": 0, "hashtags": []}
{"id": 970084882109157381, "date": "2018-03-03", "time": "18:53:53", "tweet": "❤️@elonmusk", "likes_count": 0, "replies_count": 0, "retweets_count": 0, "hashtags": []}
{"id": 970084874219675648, "date": "2018-03-03", "time": "18:53:51", "tweet": "@elonmusk could you just send me to another planet this world is to fucked up to stay here", "likes_count": 0, "replies_count": 0, "retweets_count": 0, "hashtags": []}
{"id": 970084849108189184, "date": "2018-03-03", "time": "18:53:45", "tweet": "There are times in life when you come across something so ridiculous but deep inside you know you must have it. This is mine from today. A T-shirt with a shuttle cat going into space. #spacexlaunch #spacex #space #spacecat #spacecats #nasa #spaceshuttle #shuttle #cats #ElonMusk  https://t.co/GZP0QrmVsl", "likes_count": 0, "replies_count": 0, "retweets_count": 0, "hashtags": ["spacexlaunch", "spacex", "space", "spacecat", "spacecats", "nasa", "spaceshuttle", "shuttle", "cats", "elonmusk"]}
{"id": 970084785375928321, "date": "2018-03-03", "time": "18:53:30", "tweet": "@elonmusk What about dewatering tho", "likes_count": 0, "replies_count": 0, "retweets_count": 0, "hashtags": []}
{"id": 970084710259937280, "date": "2018-03-03", "time": "18:53:12", "tweet": "@elonmusk Are you now a member of the First Church of Appliantology??  🤣", "likes_count": 0, "replies_count": 0, "retweets_count": 0, "hashtags": []}
{"id": 970084535533744135, "date": "2018-03-03", "time": "18:52:31", "tweet": "@anonameast @JaneidyEve @elonmusk And to think it couldn't get any better than that.😆 #JustATidbitThirsty  https://t.co/EsmhKfrUP0", "likes_count": 1, "replies_count": 0, "retweets_count": 2, "hashtags": ["justatidbitthirsty"]}
{"id": 970084531725365251, "date": "2018-03-03", "time": "18:52:30", "tweet": "Neurotechnology, Elon Musk and the goal of human enhancement  https://t.co/v6YCNOegAT", "likes_count": 0, "replies_count": 0, "retweets_count": 0, "hashtags": []}
{"id": 970084372559704064, "date": "2018-03-03", "time": "18:51:52", "tweet": "@elonmusk Looks like the torpedo room of an old submarine.", "likes_count": 0, "replies_count": 0, "retweets_count": 0, "hashtags": []}
{"id": 970084344953008128, "date": "2018-03-03", "time": "18:51:45", "tweet": "@elonmusk Touch, hold till you break down and cry....all the way to Mars💃", "likes_count": 0, "replies_count": 0, "retweets_count": 0, "hashtags": []}
{"id": 970084180502695936, "date": "2018-03-03", "time": "18:51:06", "tweet": "@elonmusk I see what you did there. 👍🏼🎼", "likes_count": 1, "replies_count": 0, "retweets_count": 0, "hashtags": []}
{"id": 970084148009463808, "date": "2018-03-03", "time": "18:50:58", "tweet": "@elonmusk #5g check teraphysics 5G device", "likes_count": 0, "replies_count": 0, "retweets_count": 0, "hashtags": ["5g"]}
{"id": 970084029985968134, "date": "2018-03-03", "time": "18:50:30", "tweet": "@damnitsriley @elonmusk I'm not a dentist", "likes_count": 0, "replies_count": 0, "retweets_count": 0, "hashtags": []}
{"id": 970083901539586050, "date": "2018-03-03", "time": "18:50:00", "tweet": "@hws5mp @UrbanSpaceMan64 @HL10PM @AstroHardin @AudreyAurus1 @MylesArtLtd @GeorgeTakei @Cosmicstrenght3 @CpTplanespotter @elonmusk @YouTube @TheRealBuzz @abbygarrettX @lostinspacetv I do, I do!", "likes_count": 2, "replies_count": 0, "retweets_count": 1, "hashtags": []}
{"id": 970083883940220935, "date": "2018-03-03", "time": "18:49:55", "tweet": "@elonmusk Or on the set of Oceans 12 😂🤣🤦🏼‍♀️", "likes_count": 0, "replies_count": 0, "retweets_count": 0, "hashtags": []}
