{"id": 975159810948673536, "date": "2018-03-17", "time": "19:59:51", "tweet": "@tiskael @elonmusk If religious people can prove their God exists, I'll believe. If scientists can prove we are part of a simulation with a creator, I'll believe.  The key thing needed is verifiable, falsifiable and objective proof, of which no one has yet to produce.", "likes_count": 0, "replies_count": 0, "retweets_count": 0, "hashtags": []}
{"id": 975159781437640705, "date": "2018-03-17", "time": "19:59:44", "tweet": ".@elonmusk's interview at @sxsw 2018 🚀 #sxsw #sxsw2018 #elon #elonmusk  https://t.co/b4ZBcsrMQU", "likes_count": 0, "replies_count": 0, "retweets_count": 0, "hashtags": ["sxsw", "sxsw2018", "elon", "elonmusk"]}
{"id": 975159664370360320, "date": "2018-03-17", "time": "19:59:16", "tweet": "@elonmusk Seems like you are trying to create an economic incentive for other people to help you achieve your dreams (which, I've heard, includes leaving the planet).  Before you go, check us out.  We're trying to do the same thing, a little differently.  Also can we have money?", "likes_count": 0, "replies_count": 0, "retweets_count": 0, "hashtags": []}
{"id": 975159533965324288, "date": "2018-03-17", "time": "19:58:45", "tweet": "Remember when Elon Musk was in Iron Man 2?", "likes_count": 1, "replies_count": 0, "retweets_count": 0, "hashtags": []}
{"id": 975159435382394880, "date": "2018-03-17", "time": "19:58:21", "tweet": "Hello! @elonmusk As fan of your ideas I think it would be great if you could give a visio-conf* at my University  @UT1Capitole  University of Capitole in Toulouse where Eu Hyperloop will be opened. Our Space Law experts and others would bombard you with questions 😀", "likes_count": 0, "replies_count": 0, "retweets_count": 0, "hashtags": []}
{"id": 975159090530914304, "date": "2018-03-17", "time": "19:56:59", "tweet": "Tech mogul Elon Musk’s brother opening 2 Indiana eateries  https://t.co/SewBcB6Bjw", "likes_count": 0, "replies_count": 0, "retweets_count": 0, "hashtags": []}
{"id": 975158985551642624, "date": "2018-03-17", "time": "19:56:34", "tweet": "@kimbal @elonmusk Where are you?", "likes_count": 0, "replies_count": 0, "retweets_count": 0, "hashtags": []}
{"id": 975158888726171648, "date": "2018-03-17", "time": "19:56:11", "tweet": "Watch Elon Musk and Jonathan Nolan (the creator of Westworld) trailer for the Falcon Heavy launch  https://t.co/PNQBUHMAjH", "likes_count": 0, "replies_count": 0, "retweets_count": 0, "hashtags": []}
{"id": 975158778583642112, "date": "2018-03-17", "time": "19:55:45", "tweet": "Year 2035. Knowing his time is coming to an end, Jeff Besos and his once secret army of children storm the Google HQ. Besos, hosting the spirit of Cyborg Elon Musk who merged into the Singularity 3 years prior, uploads himself into Google HQ's mainframe and locks every exit.", "likes_count": 0, "replies_count": 1, "retweets_count": 1, "hashtags": []}
{"id": 975158706366230529, "date": "2018-03-17", "time": "19:55:27", "tweet": "@elonmusk brother cancels #roulettegarden seedbank tour cuz it's to soho flower show.  https://t.co/eQN1zzRF5S", "likes_count": 0, "replies_count": 0, "retweets_count": 1, "hashtags": ["roulettegarden"]}
{"id": 975158508193656832, "date": "2018-03-17", "time": "19:54:40", "tweet": "New post (Tech mogul Elon Musk's brother opening 2 Indiana eateries) has been published on Breaking News -  https://t.co/KVUmxomNGq", "likes_count": 0, "replies_count": 0, "retweets_count": 0, "hashtags": []}
{"id": 975158251250769920, "date": "2018-03-17", "time": "19:53:39", "tweet": "Peut-on croire aux projets fous d’Elon Musk ? :  https://t.co/bwkFsxeAVi      |      #TheVoice #SCOSMC", "likes_count": 0, "replies_count": 0, "retweets_count": 0, "hashtags": ["thevoice", "scosmc"]}
{"id": 975158117687205888, "date": "2018-03-17", "time": "19:53:07", "tweet": "@zerohedge I haven't seen a scam that bad since Elon Musk started selling shares of a company called Tesla.", "likes_count": 0, "replies_count": 0, "retweets_count": 0, "hashtags": []}
{"id": 975157926561222656, "date": "2018-03-17", "time": "19:52:21", "tweet": "#Space #NASAJPL #Engineering  #NASAJPL #Physics #Nasa #NasaSocial #Juno #Aerospace #physics #transformation #astronomy #astronaut #ElonMusk Nasa might eliminate the Climate Change according a solution in:  https://t.co/pkjuqLnoxg", "likes_count": 2, "replies_count": 0, "retweets_count": 2, "hashtags": ["space", "nasajpl", "engineering", "nasajpl", "physics", "nasa", "nasasocial", "juno", "aerospace", "physics", "transformation", "astronomy", "astronaut", "elonmusk"]}
{"id": 975157807434657793, "date": "2018-03-17", "time": "19:51:53", "tweet": "@WPipperger @GerberKawasaki @Commuternyc @jeet_mahal @elonmusk @nytimes @current Diesel exhaust is laden with insidious soot particles, the so-called PM 2.5 (particulate matter smaller than 2.5 microns, or one-thirtieth the width of a human hair), which allow carcinogens to penetrate deep into tissues and organs", "likes_count": 1, "replies_count": 1, "retweets_count": 0, "hashtags": []}
{"id": 975157791290679296, "date": "2018-03-17", "time": "19:51:49", "tweet": "Billionaire space pioneer Elon Musk has branded his father ‘evil’: Elon Musk has started no…  https://t.co/cPZkhrAgKa", "likes_count": 0, "replies_count": 0, "retweets_count": 0, "hashtags": []}
{"id": 975157623216574464, "date": "2018-03-17", "time": "19:51:09", "tweet": "Elon Musk advierte los dos riesgos que podrían terminar con el mundo en este siglo #Advertencia  https://t.co/eqevgSWD2J", "likes_count": 0, "replies_count": 0, "retweets_count": 0, "hashtags": ["advertencia"]}
{"id": 975157502345076736, "date": "2018-03-17", "time": "19:50:40", "tweet": "@MrGiantsGuy @VeniceBeach_CA Ask @elonmusk", "likes_count": 2, "replies_count": 0, "retweets_count": 0, "hashtags": []}
{"id": 975157397365841920, "date": "2018-03-17", "time": "19:50:15", "tweet": "I liked a @YouTube video  https://t.co/TwaSllqFul Elon Musk on Godlike Artificial Intelligence", "likes_count": 0, "replies_count": 0, "retweets_count": 0, "hashtags": []}
{"id": 975157344194650113, "date": "2018-03-17", "time": "19:50:03", "tweet": "IKR! How does a government that brought such a new and necessary energy initiative with @elonmusk get voted out?  We really are at peak anti intellectualism. Our democracy can't prosper whilst rhetoric and tribalism rule over evidence and reality.   #Auspol #savotes #SAVotes2018  https://t.co/igjMVy85Cs", "likes_count": 5, "replies_count": 0, "retweets_count": 1, "hashtags": ["auspol", "savotes", "savotes2018"]}
