{"id": 1005600427923202048, "date": "2018-06-09", "time": "19:59:59", "tweet": "@elonmusk Inspiring !👊", "likes_count": 0, "replies_count": 0, "retweets_count": 0, "hashtags": []}
{"id": 1005600422218878977, "date": "2018-06-09", "time": "19:59:58", "tweet": "@elonmusk Where can I get me an Elon Musk? Or a “Not a Flamethrower” because that would be cool too...", "likes_count": 0, "replies_count": 0, "retweets_count": 0, "hashtags": []}
{"id": 1005600416522858498, "date": "2018-06-09", "time": "19:59:57", "tweet": "@elonmusk Te quiero mucho Elon, siento que haríamos una mancuerna legendaria. Estoy listo para ser tu mano derecha. ¿Cuándo nos podemos reunir?", "likes_count": 1, "replies_count": 0, "retweets_count": 0, "hashtags": []}
{"id": 1005600393991217153, "date": "2018-06-09", "time": "19:59:51", "tweet": "@_eromatics_ @JensHuber @gdordy @joeholemanjr @elonmusk What if Joe was just kidding and we lost eight solid minutes of our lives", "likes_count": 0, "replies_count": 1, "retweets_count": 0, "hashtags": []}
{"id": 1005600344611663872, "date": "2018-06-09", "time": "19:59:39", "tweet": "@elonmusk I was wondering when we would get the Doc Brown package at Tesla. Really wanting a flux capacitor, time circuits, Mr.fusion and ready to fly hover tires in mine.", "likes_count": 1, "replies_count": 0, "retweets_count": 0, "hashtags": []}
{"id": 1005600340576595968, "date": "2018-06-09", "time": "19:59:39", "tweet": "@CeruleanGates @elonmusk Yeah that must be it.", "likes_count": 1, "replies_count": 1, "retweets_count": 0, "hashtags": []}
{"id": 1005600335354789888, "date": "2018-06-09", "time": "19:59:37", "tweet": "Yes, Elon Musk and Grimes are dating and people think it’s a simulation  https://t.co/PmdFbnkfa4  https://t.co/QeAa8DycmB", "likes_count": 0, "replies_count": 0, "retweets_count": 0, "hashtags": []}
{"id": 1005600312403603456, "date": "2018-06-09", "time": "19:59:32", "tweet": "Yes, even us grownups need a good sturdy reminder of not-a-flamethrower safety courtesy of Seuss.  Thank you @elonmusk !  Now I will go make grilled cheese.  https://t.co/AdkMzksD3C", "likes_count": 0, "replies_count": 0, "retweets_count": 0, "hashtags": []}
{"id": 1005600284624719873, "date": "2018-06-09", "time": "19:59:25", "tweet": "@elonmusk Wondering if u could also write (in a reply) the possible date when Canada can order the Performance Model 3 ?", "likes_count": 2, "replies_count": 0, "retweets_count": 0, "hashtags": []}
{"id": 1005600251833708544, "date": "2018-06-09", "time": "19:59:17", "tweet": "@elonmusk 16 years ago when my 1st company got bought, I bought my girlfriend a used Ford Explorer.", "likes_count": 10, "replies_count": 0, "retweets_count": 0, "hashtags": []}
{"id": 1005600241297567749, "date": "2018-06-09", "time": "19:59:15", "tweet": "@elonmusk I assume there is a system to stop someone from using the Superchargers if they don't have the free charging or aren't paying but is there a failsafe to turn it off in case of a zombie apocalypse?", "likes_count": 0, "replies_count": 0, "retweets_count": 0, "hashtags": []}
{"id": 1005600230514020352, "date": "2018-06-09", "time": "19:59:12", "tweet": "I would marry Elon Musk and no one else.", "likes_count": 6, "replies_count": 1, "retweets_count": 0, "hashtags": []}
{"id": 1005600219780845568, "date": "2018-06-09", "time": "19:59:10", "tweet": "@elonmusk turkey Asia and Europe the gate opening money and technology have to send why do not you invest in technology companies such as aselsana Selam-aleyküm my brother", "likes_count": 0, "replies_count": 0, "retweets_count": 0, "hashtags": []}
{"id": 1005600185043603456, "date": "2018-06-09", "time": "19:59:01", "tweet": "@syentst @elonmusk For snow?  https://t.co/cCNGL0liQ1", "likes_count": 0, "replies_count": 1, "retweets_count": 0, "hashtags": []}
{"id": 1005600160708268033, "date": "2018-06-09", "time": "19:58:56", "tweet": "@elonmusk What happened to you", "likes_count": 1, "replies_count": 0, "retweets_count": 0, "hashtags": []}
{"id": 1005600147118620672, "date": "2018-06-09", "time": "19:58:52", "tweet": "Hey @elonmusk I know this isn't your usual thing but would you be willing to help fund an awareness walk from coast to coast for depression and anxiety awareness? 3000 mile walk by yours truly. #OneStepAtATime #AlwaysKeepFighting #MentalHealthAwareness", "likes_count": 3, "replies_count": 1, "retweets_count": 2, "hashtags": ["onestepatatime", "alwayskeepfighting", "mentalhealthawareness"]}
{"id": 1005600128776929280, "date": "2018-06-09", "time": "19:58:48", "tweet": "@MervBrk @ImaginaryFolkl1 @JohnnyVonRotten @elonmusk You could also run a car into a mass of people. Moral of the strory? Everything can be a tool and a weapon.", "likes_count": 6, "replies_count": 0, "retweets_count": 0, "hashtags": []}
{"id": 1005600121126563840, "date": "2018-06-09", "time": "19:58:46", "tweet": "@elonmusk you should have one in Cleveland!  https://t.co/PzndkJzwZ0", "likes_count": 0, "replies_count": 0, "retweets_count": 0, "hashtags": []}
