{"id": 965012946534330368, "date": "2018-02-17", "time": "18:59:50", "tweet": "@elounmousk @elonmusk @Twitter WTF, why are you allowing this to go on?", "likes_count": 1, "replies_count": 0, "retweets_count": 0, "hashtags": []}
{"id": 965012862967087104, "date": "2018-02-17", "time": "18:59:30", "tweet": "@elonmusk hey I sent .7 ETH this morning as part of your promotion. Never received anything. Can I at least get back what I sent? Thanks", "likes_count": 1, "replies_count": 0, "retweets_count": 0, "hashtags": []}
{"id": 965012631030439936, "date": "2018-02-17", "time": "18:58:34", "tweet": "@usidoretheblue Mysterious Anonymous. It might actually be Elon Musk", "likes_count": 0, "replies_count": 0, "retweets_count": 0, "hashtags": []}
{"id": 965012546200768512, "date": "2018-02-17", "time": "18:58:14", "tweet": "Elon Musk 'I Don't Give A Damn About Your Degree'  https://t.co/tCcu9DEeJH via @YouTube", "likes_count": 0, "replies_count": 0, "retweets_count": 0, "hashtags": []}
{"id": 965012488386326528, "date": "2018-02-17", "time": "18:58:00", "tweet": "@elonmusk Feel the burn🔥🔥🔥🔥", "likes_count": 0, "replies_count": 0, "retweets_count": 0, "hashtags": []}
{"id": 965012459823091712, "date": "2018-02-17", "time": "18:57:54", "tweet": "Elon Musk missed a wonderful opportunity to stuff Donald Trump in the trunk. Too bad.  https://t.co/vBFa4cnw42", "likes_count": 0, "replies_count": 0, "retweets_count": 0, "hashtags": []}
{"id": 965012372925616128, "date": "2018-02-17", "time": "18:57:33", "tweet": "@bleedingSyria @elonmusk", "likes_count": 0, "replies_count": 0, "retweets_count": 0, "hashtags": []}
{"id": 965012333994000386, "date": "2018-02-17", "time": "18:57:24", "tweet": "@elonmusk You like your toast a bit on the dark side?", "likes_count": 0, "replies_count": 0, "retweets_count": 0, "hashtags": []}
{"id": 965012285684150273, "date": "2018-02-17", "time": "18:57:12", "tweet": "@sjayanthi esperto é o astronauta Elon Musk 😉", "likes_count": 1, "replies_count": 0, "retweets_count": 0, "hashtags": []}
{"id": 965012273000534016, "date": "2018-02-17", "time": "18:57:09", "tweet": "Elon Musk iniciará las pruebas de su gran red global de internet con dos satélites que se pondrán en órbita este 17 de febrero  https://t.co/EtxB0btzTF", "likes_count": 0, "replies_count": 0, "retweets_count": 0, "hashtags": []}
{"id": 965012174417440768, "date": "2018-02-17", "time": "18:56:46", "tweet": "What behaviours helps Elon Musk push the Innovation boundaries?  https://t.co/oWjD6dXbQD", "likes_count": 0, "replies_count": 0, "retweets_count": 0, "hashtags": []}
{"id": 965012167782227968, "date": "2018-02-17", "time": "18:56:44", "tweet": "@astroedtx @WorldAndScience @elonmusk It will be degrading/charring slowly due to outgassing of the paint and any rubber/plastic (vaccuum does this to most plastics). Microm meteorites will rip holes in it eventually...", "likes_count": 0, "replies_count": 0, "retweets_count": 0, "hashtags": []}
{"id": 965012102413926400, "date": "2018-02-17", "time": "18:56:28", "tweet": "I love Elon Musk!  https://t.co/3kJROMD4YA", "likes_count": 2, "replies_count": 0, "retweets_count": 0, "hashtags": []}
{"id": 965011927146614784, "date": "2018-02-17", "time": "18:55:47", "tweet": "Where is Starman? Track Elon Musk's Tesla Roadster's Current Location.  https://t.co/JXVpk500pT", "likes_count": 0, "replies_count": 0, "retweets_count": 0, "hashtags": []}
{"id": 965011886155751424, "date": "2018-02-17", "time": "18:55:37", "tweet": "Elon Musk: Humans must merge with machines or become irrelevant in AI age  https://t.co/aZO3G6hibj", "likes_count": 0, "replies_count": 0, "retweets_count": 0, "hashtags": []}
{"id": 965011885174153216, "date": "2018-02-17", "time": "18:55:37", "tweet": "@cesarcvz @elonmusk Unfortunately there is no Tesla Motors near here so have not had the chance to test drive one of those but I’ll find my way heh", "likes_count": 0, "replies_count": 0, "retweets_count": 0, "hashtags": []}
{"id": 965011880912732160, "date": "2018-02-17", "time": "18:55:36", "tweet": "#hello Elon Musk, we meet again [ lightsabers activate ] #ValentinesDay 3.0 @elonmusk @spacex @nasa  Washington, D.C., issues permit for possible Hyperloop station  https://t.co/DVhIdjPLwX via @FortuneMagazine", "likes_count": 0, "replies_count": 0, "retweets_count": 0, "hashtags": ["hello", "valentinesday"]}
{"id": 965011851191963650, "date": "2018-02-17", "time": "18:55:29", "tweet": "Ad Astra, la hermética escuela que creó Elon Musk para educar diferente a sus hijos  https://t.co/uG64Wd5sSS vía @Pajaropolitico", "likes_count": 0, "replies_count": 0, "retweets_count": 0, "hashtags": []}
{"id": 965011825787129857, "date": "2018-02-17", "time": "18:55:22", "tweet": "@JohnHellowitz @bparis4542 @willadamskeane @TheCelebrityCo @elonmusk @guyraz @nytimestech @ClearChannel @FactsofCanaries @route66news", "likes_count": 0, "replies_count": 1, "retweets_count": 0, "hashtags": []}
{"id": 965011792526217217, "date": "2018-02-17", "time": "18:55:15", "tweet": "@foolsforme @elonmusk invent something that makes two people swap bodies please", "likes_count": 0, "replies_count": 0, "retweets_count": 0, "hashtags": []}
