{"id": 977696500011732993, "date": "2018-03-24", "time": "19:59:44", "tweet": "@elonmusk @TeslaMotorsClub Cool man.", "likes_count": 0, "replies_count": 0, "retweets_count": 0, "hashtags": []}
{"id": 977696493950984192, "date": "2018-03-24", "time": "19:59:43", "tweet": "Elon Musk deletes Facebook pages he didn’t even know he had  https://t.co/jvxcYgD7m7", "likes_count": 0, "replies_count": 0, "retweets_count": 0, "hashtags": []}
{"id": 977696426980409345, "date": "2018-03-24", "time": "19:59:27", "tweet": "Elon Musk Slows Tesla Deliveries On 'Dangerous' Trucks  https://t.co/bckNmeNOTE", "likes_count": 0, "replies_count": 0, "retweets_count": 0, "hashtags": []}
{"id": 977696423172038657, "date": "2018-03-24", "time": "19:59:26", "tweet": "Elon Musk deletes SpaceX, Tesla Facebook pages     - CNET  https://t.co/aniIie5NSS", "likes_count": 0, "replies_count": 0, "retweets_count": 0, "hashtags": []}
{"id": 977696344029761536, "date": "2018-03-24", "time": "19:59:07", "tweet": "Why Elon Musk wants to leave earth..  https://t.co/4kKcFgrvWx", "likes_count": 0, "replies_count": 0, "retweets_count": 0, "hashtags": []}
{"id": 977696339327930370, "date": "2018-03-24", "time": "19:59:06", "tweet": "Med tanke på att Elon Musk tycker att Facebook är så creepy att han inte ens vill ha sina företag, och ännu mindre sig själv där, känns @hanifbali påtvingade flykt till katt och matbildernas hemvist just nu väldigt illa timad. HANIF skit i Kristerssons banbulla kom tillbaka! 😐", "likes_count": 12, "replies_count": 1, "retweets_count": 0, "hashtags": []}
{"id": 977696333397200898, "date": "2018-03-24", "time": "19:59:05", "tweet": "Elon Musk advierte los dos riesgos que podrían terminar con el mundo en este siglo #Advertencia  https://t.co/G9gwByvneJ", "likes_count": 0, "replies_count": 0, "retweets_count": 0, "hashtags": ["advertencia"]}
{"id": 977696326526951425, "date": "2018-03-24", "time": "19:59:03", "tweet": "@iwhiddenheroes @elonmusk @quayarts I note he visited in 2063 and the exhibition was still open. Presumably Ackers invented him a time machine...", "likes_count": 2, "replies_count": 0, "retweets_count": 0, "hashtags": []}
{"id": 977696288388079616, "date": "2018-03-24", "time": "19:58:54", "tweet": "@elonmusk @TeslaMotorsClub I’ve been off it for what seems about five years. I don’t even remember what the pull was anymore - but I know it was there. I would tap in for work  occasionally - and so funny to see friends come to greet me like fish surfacing when food is dropped in the aquarium.", "likes_count": 0, "replies_count": 0, "retweets_count": 0, "hashtags": []}
{"id": 977696140392099840, "date": "2018-03-24", "time": "19:58:19", "tweet": "@DocHousel #PopCultureProfessor  Elon Musk's 6 Habits for Staying Insanely Productive @wheresKR  https://t.co/uFi8uI3X3U via @Inc", "likes_count": 1, "replies_count": 0, "retweets_count": 0, "hashtags": ["popcultureprofessor"]}
{"id": 977696135077879808, "date": "2018-03-24", "time": "19:58:17", "tweet": "Elon Musk deletes SpaceX, Tesla Facebook pages - CNET When asked on Twitter if he'll delete the SpaceX page, Musk responds, \"Will do.\" Then he does the same for Tesla. Later, he says Facebook gives him \"the willies.\"  https://t.co/6PzXHJH2EJ", "likes_count": 0, "replies_count": 0, "retweets_count": 0, "hashtags": []}
{"id": 977696105797378048, "date": "2018-03-24", "time": "19:58:10", "tweet": "@BODY_TAPE_ @elonmusk Careful, or you’re gonna get run over by an autonomous car and then sent into space. ✨", "likes_count": 1, "replies_count": 0, "retweets_count": 0, "hashtags": []}
{"id": 977696060461191169, "date": "2018-03-24", "time": "19:58:00", "tweet": "@elonmusk Would be nice to have visitor centres for Tesla &amp; SpaceX. Literally they solve crucial world problems that inspire people. Went to California for the first time excited to see where the future is being shaped and I was told off both places that it is a private property.", "likes_count": 1, "replies_count": 0, "retweets_count": 0, "hashtags": []}
{"id": 977695913245261824, "date": "2018-03-24", "time": "19:57:25", "tweet": "I liked a @YouTube video  https://t.co/NDRNLRFJme Elon Musk On What Went Wrong With SpaceX's Falcon Heavy Flight", "likes_count": 0, "replies_count": 0, "retweets_count": 0, "hashtags": []}
{"id": 977695890424053760, "date": "2018-03-24", "time": "19:57:19", "tweet": "@elonmusk @TeslaMotorsClub Same here, stalker tool", "likes_count": 0, "replies_count": 0, "retweets_count": 0, "hashtags": []}
{"id": 977695850909413376, "date": "2018-03-24", "time": "19:57:10", "tweet": "@elonmusk make ur own social media platform cmonBruh", "likes_count": 0, "replies_count": 0, "retweets_count": 0, "hashtags": []}
{"id": 977695830680498177, "date": "2018-03-24", "time": "19:57:05", "tweet": "Elon Musk has doubled down on his dire warnings about the danger of artificial intelligence. via @CNBCMakeIt  https://t.co/B8gvFNwgt6", "likes_count": 136, "replies_count": 21, "retweets_count": 96, "hashtags": []}
{"id": 977695783280619520, "date": "2018-03-24", "time": "19:56:54", "tweet": "Elon Musk has removed Tesla and SpaceX’s Facebook pages after Twitter challenge – The Verge  https://t.co/lO02n2b4nF", "likes_count": 0, "replies_count": 0, "retweets_count": 0, "hashtags": []}
{"id": 977695780147523586, "date": "2018-03-24", "time": "19:56:53", "tweet": "@serdarsprofile @busraa596 @elonmusk @brianacton Çanakkaleden sonraki en büyük zaferimiz.", "likes_count": 0, "replies_count": 0, "retweets_count": 0, "hashtags": []}
{"id": 977695774460039168, "date": "2018-03-24", "time": "19:56:51", "tweet": "Elon Musk has removed Tesla and SpaceX’s Facebook pages after Twitter challenge – The Verge  https://t.co/wT9Y8OGzrf", "likes_count": 1, "replies_count": 0, "retweets_count": 0, "hashtags": []}
{"id": 977695765350027266, "date": "2018-03-24", "time": "19:56:49", "tweet": "Elon Musk has removed Tesla and SpaceX’s Facebook pages after Twitter challenge – The Verge  https://t.co/6EIk1IkStJ", "likes_count": 0, "replies_count": 0, "retweets_count": 0, "hashtags": []}
{"id": 977695756651032576, "date": "2018-03-24", "time": "19:56:47", "tweet": "Elon Musk has removed Tesla and SpaceX’s Facebook pages after Twitter challenge – The Verge  https://t.co/NGbl3B31Dx", "likes_count": 0, "replies_count": 0, "retweets_count": 0, "hashtags": []}
{"id": 977695754276962304, "date": "2018-03-24", "time": "19:56:47", "tweet": "@elonmusk @TeslaMotorsClub Good for you! Your stance will give  others who are thinking the same the lil shove to get them to disconnect from FB.  Thanks @elonmusk", "likes_count": 0, "replies_count": 0, "retweets_count": 0, "hashtags": []}
{"id": 977695746484068353, "date": "2018-03-24", "time": "19:56:45", "tweet": "Elon Musk has removed Tesla and SpaceX’s Facebook pages after Twitter challenge – The Verge  https://t.co/MzQaIyU3Ce", "likes_count": 0, "replies_count": 0, "retweets_count": 0, "hashtags": []}
{"id": 977695738254721025, "date": "2018-03-24", "time": "19:56:43", "tweet": "Elon Musk has removed Tesla and SpaceX’s Facebook pages after Twitter challenge – The Verge  https://t.co/t3i3cetLV9", "likes_count": 0, "replies_count": 0, "retweets_count": 0, "hashtags": []}
{"id": 977695729652260864, "date": "2018-03-24", "time": "19:56:41", "tweet": "Elon Musk has removed Tesla and SpaceX’s Facebook pages after Twitter challenge – The Verge  https://t.co/DeUxhi5j7Y", "likes_count": 0, "replies_count": 0, "retweets_count": 0, "hashtags": []}
{"id": 977695689131016192, "date": "2018-03-24", "time": "19:56:31", "tweet": "Elon Musk has deleted $FB accounts on $TSLA and #SpaceX   #DeleteFacebook  https://t.co/KG64pREju0", "likes_count": 0, "replies_count": 0, "retweets_count": 0, "hashtags": ["spacex", "deletefacebook"]}
{"id": 977695684303335424, "date": "2018-03-24", "time": "19:56:30", "tweet": "Elon Musk DELETES SpaceX and Tesla’s Facebook pages  https://t.co/LT4WoNgn8I  https://t.co/WEINdQBAYI", "likes_count": 0, "replies_count": 0, "retweets_count": 0, "hashtags": []}
{"id": 977695634231787520, "date": "2018-03-24", "time": "19:56:18", "tweet": "🚘 Elon Musk deletes SpaceX, Tesla Facebook pages     - CNET  https://t.co/TKEZlV4Kuz #Tesla  https://t.co/rS0Fz8PweX", "likes_count": 0, "replies_count": 0, "retweets_count": 0, "hashtags": ["tesla"]}
{"id": 977695595979792384, "date": "2018-03-24", "time": "19:56:09", "tweet": "Elon Musk advierte los dos riesgos que podrían terminar con el mundo en este siglo  https://t.co/D2PdSXTfrF", "likes_count": 0, "replies_count": 0, "retweets_count": 0, "hashtags": []}
{"id": 977695590846001152, "date": "2018-03-24", "time": "19:56:08", "tweet": "@nrai1185 @elonmusk @TeslaMotorsClub What the heck you guys on about.....??? 🙄 Didn’t you know @elonmusk is from #Mars hence why he wants to go back so fast.😂", "likes_count": 0, "replies_count": 0, "retweets_count": 0, "hashtags": ["mars"]}
{"id": 977695578837716993, "date": "2018-03-24", "time": "19:56:05", "tweet": "@elonmusk @brianacton Elin  @elonmusk you are my hero, if I name my kid after you, will you be his godfather?", "likes_count": 0, "replies_count": 0, "retweets_count": 0, "hashtags": []}
{"id": 977695499460534273, "date": "2018-03-24", "time": "19:55:46", "tweet": "#deletefacebook ,,, well since @elonmusk did for @SpaceX I guess....  https://t.co/zGHDEuyMI8", "likes_count": 1, "replies_count": 0, "retweets_count": 0, "hashtags": ["deletefacebook"]}
{"id": 977695449267212290, "date": "2018-03-24", "time": "19:55:34", "tweet": "@HyGenInc @lithiumforum @elonmusk @technology Or the lithium ?? A lot of Cobalt is mined by young kids with shovels kinda like blood diamonds", "likes_count": 1, "replies_count": 1, "retweets_count": 0, "hashtags": []}
{"id": 977695439842521089, "date": "2018-03-24", "time": "19:55:32", "tweet": "@elonmusk @TeslaMotorsClub Dumped FB today!!", "likes_count": 0, "replies_count": 0, "retweets_count": 0, "hashtags": []}
{"id": 977695365259341825, "date": "2018-03-24", "time": "19:55:14", "tweet": "If @elonmusk creates a new social network, I bet everyone will switch from Facebook to that. #DeleteFacebook", "likes_count": 0, "replies_count": 0, "retweets_count": 0, "hashtags": ["deletefacebook"]}
{"id": 977695331784720384, "date": "2018-03-24", "time": "19:55:06", "tweet": "Elon Musk just deleted SpaceX, Tesla Facebook pages  https://t.co/DPEDXrJ4hN", "likes_count": 0, "replies_count": 0, "retweets_count": 0, "hashtags": []}
{"id": 977695276663169025, "date": "2018-03-24", "time": "19:54:53", "tweet": "Tech billionaire Elon Musk's father, 72, has 10-month-old baby with 'stepdaughter' he's known since she was four  https://t.co/qiP12R0kVO", "likes_count": 0, "replies_count": 0, "retweets_count": 0, "hashtags": []}
{"id": 977695242509017089, "date": "2018-03-24", "time": "19:54:45", "tweet": "@elonmusk will we ever see a 3-prong outlet in a @Tesla ?", "likes_count": 0, "replies_count": 0, "retweets_count": 0, "hashtags": []}
{"id": 977695211697586176, "date": "2018-03-24", "time": "19:54:37", "tweet": "@elonmusk @TeslaMotorsClub Yeah there is something fishy about facebook. Like having conversations and signing on to see 10 ads directed to exactly that random conversation. Its intrusive.", "likes_count": 0, "replies_count": 0, "retweets_count": 0, "hashtags": []}
{"id": 977695170333310976, "date": "2018-03-24", "time": "19:54:27", "tweet": "@elonmusk Hypothetically speaking, if I had a Model X and towed a semi, would my warranty be voided? 😂", "likes_count": 0, "replies_count": 0, "retweets_count": 0, "hashtags": []}
{"id": 977695139794702336, "date": "2018-03-24", "time": "19:54:20", "tweet": "Elon Musk deletes SpaceX and Tesla Facebook Pages, axing more than 5 million followers  https://t.co/AZACQQ727S  https://t.co/oqPuAYfGNd", "likes_count": 0, "replies_count": 0, "retweets_count": 0, "hashtags": []}
{"id": 977695015521710080, "date": "2018-03-24", "time": "19:53:51", "tweet": "@elonmusk @TeslaMotorsClub This makes me feel like a genius cause I haven’t liked Facebook for a long time now.", "likes_count": 0, "replies_count": 0, "retweets_count": 0, "hashtags": []}
{"id": 977694918520066049, "date": "2018-03-24", "time": "19:53:27", "tweet": "Ayy @elonmusk, please make a social media platform and call it \"MuskSpace\"", "likes_count": 2, "replies_count": 0, "retweets_count": 0, "hashtags": []}
{"id": 977694849192280064, "date": "2018-03-24", "time": "19:53:11", "tweet": "Check Out (Elon Musk Just Deleted His Facebook Account) just updated on MMO mastermind -  https://t.co/L73mjqqnRH", "likes_count": 0, "replies_count": 0, "retweets_count": 0, "hashtags": []}
{"id": 977694808893546496, "date": "2018-03-24", "time": "19:53:01", "tweet": "Elon Musk deleted Facebook after a challenge from another tech titan: Elon Musk has joined the #deletefacebook movement, responding to WhatsApp co-founder...  https://t.co/WIb226TKoR", "likes_count": 0, "replies_count": 0, "retweets_count": 0, "hashtags": ["deletefacebook"]}
{"id": 977694789788368896, "date": "2018-03-24", "time": "19:52:57", "tweet": "Higher than Elon musk  https://t.co/HiCvmR0f75", "likes_count": 0, "replies_count": 0, "retweets_count": 0, "hashtags": []}
{"id": 977694751435771904, "date": "2018-03-24", "time": "19:52:48", "tweet": "@elonmusk @TeslaMotorsClub Speaking the truth", "likes_count": 0, "replies_count": 0, "retweets_count": 0, "hashtags": []}
{"id": 977694731256791040, "date": "2018-03-24", "time": "19:52:43", "tweet": "@elonmusk @TeslaMotorsClub Yeah, just be glad that you had the option to close your FB account! They took control of mine! Locked me out 2 years' ago! Some password BS! And I have made so many attempts to fix it! The account is still there! Just can't access it!", "likes_count": 0, "replies_count": 0, "retweets_count": 0, "hashtags": []}
{"id": 977694675296399361, "date": "2018-03-24", "time": "19:52:29", "tweet": "@Bryson_M @RMac18 @elonmusk @serdarsprofile @brianacton $$ come on... lol", "likes_count": 0, "replies_count": 0, "retweets_count": 0, "hashtags": []}
{"id": 977694673123905537, "date": "2018-03-24", "time": "19:52:29", "tweet": "\"Programmer and entrepreneur Elon Musk is well-known for projects such as Space X and Tesla, technology companies that are at the very forefront of innovation in the space exploration and automotive industries.\"  https://t.co/n508S8pM4g", "likes_count": 1, "replies_count": 0, "retweets_count": 0, "hashtags": []}
{"id": 977694645189775362, "date": "2018-03-24", "time": "19:52:22", "tweet": "@elonmusk so at your own personal home, do you install and service your HVAC equipment or do you just hire a pro to do it? just wondering too, are you an expert on hvac systems too? cause it seems like your brilliant at everything so far. I'm a technician aspiring to do more.", "likes_count": 0, "replies_count": 0, "retweets_count": 0, "hashtags": []}
{"id": 977694641817604098, "date": "2018-03-24", "time": "19:52:21", "tweet": "#Elon #Musk is today's Henry #Ford    that's bad  https://t.co/9jFluJePUU via @Automotive_News", "likes_count": 0, "replies_count": 0, "retweets_count": 0, "hashtags": ["elon", "musk", "ford"]}
{"id": 977694604005859330, "date": "2018-03-24", "time": "19:52:12", "tweet": "‘Looks lame anyway’: Elon Musk deletes Tesla, SpaceX Facebook pages  https://t.co/3dm4ARhPSd", "likes_count": 0, "replies_count": 0, "retweets_count": 0, "hashtags": []}
{"id": 977694550847139841, "date": "2018-03-24", "time": "19:52:00", "tweet": "Elon Musk Deletes Facebook Pages for SpaceX and Tesla  https://t.co/Rrdpnn4ViM via @SPACEdotcom", "likes_count": 0, "replies_count": 0, "retweets_count": 0, "hashtags": []}
{"id": 977694550566170624, "date": "2018-03-24", "time": "19:52:00", "tweet": " https://t.co/fdxO88i7tO * Paris Jackson * Cleveland Cavaliers * Elon Musk * West Virginia Basketball * NRA * Emily Ratajkowski * Kids Choice Awards 2018 * Ncaa Hockey Tournament * March for Our Lives * Villanova * McDougal * Purdue basketball * Sherlock Gnomes * National Puppy…", "likes_count": 0, "replies_count": 0, "retweets_count": 0, "hashtags": []}
{"id": 977694494165315584, "date": "2018-03-24", "time": "19:51:46", "tweet": "Musk deletes Facebook pages of Tesla, SpaceX after challenged on Twitter: (Reuters) - Verified Facebook pages of Elon Musk's rocket company SpaceX and electric carmaker Tesla Inc disappeared on Friday, minutes after the Silicon Valley billionaire…  https://t.co/S60GVuuMZ4  https://t.co/HrjAsHnzSW", "likes_count": 0, "replies_count": 0, "retweets_count": 0, "hashtags": []}
{"id": 977694439635288064, "date": "2018-03-24", "time": "19:51:33", "tweet": "@MsViktoriaSun @LEGO_Group send it to @elonmusk see if he approves lol", "likes_count": 0, "replies_count": 0, "retweets_count": 0, "hashtags": []}
{"id": 977694413332738053, "date": "2018-03-24", "time": "19:51:27", "tweet": "@elonmusk @SpaceX When's the next planned Falcon 9 and/or Falcon Heavy launch?", "likes_count": 0, "replies_count": 0, "retweets_count": 0, "hashtags": []}
{"id": 977694410686255104, "date": "2018-03-24", "time": "19:51:26", "tweet": "@elonmusk @Bryson_M @RMac18 @serdarsprofile @brianacton Sign me up for #anonymusk", "likes_count": 0, "replies_count": 0, "retweets_count": 0, "hashtags": ["anonymusk"]}
{"id": 977694401681068033, "date": "2018-03-24", "time": "19:51:24", "tweet": "\"Trending India 05:21 AM IST\" 1. #SandpaperGate 2. #MarchForOurLives 3. #SterliteProtest 4. #EarthHour 5. #500DaysOfDemoDisaster 6. THE SONG OF BHARAT TOMORROW 7. SP-BSP 8. AAP MLAs 9. Direct Benefit Transfer 10. Elon Musk", "likes_count": 0, "replies_count": 0, "retweets_count": 0, "hashtags": ["sandpapergate", "marchforourlives", "sterliteprotest", "earthhour", "500daysofdemodisaster"]}
{"id": 977694268251869184, "date": "2018-03-24", "time": "19:50:52", "tweet": "@elonmusk so are you allowing unions in your work place now or are you still banning them", "likes_count": 0, "replies_count": 0, "retweets_count": 0, "hashtags": []}
{"id": 977694223926472704, "date": "2018-03-24", "time": "19:50:42", "tweet": "@elonmusk.... have you looked at Ammono's gallium nitride to increase efficiency and range?  maybe a trip to Poland?", "likes_count": 0, "replies_count": 0, "retweets_count": 0, "hashtags": []}
{"id": 977694178363760642, "date": "2018-03-24", "time": "19:50:31", "tweet": "@elonmusk @TeslaMotorsClub I dare you to pay for my school this term 😂", "likes_count": 0, "replies_count": 0, "retweets_count": 0, "hashtags": []}
{"id": 977694170914504709, "date": "2018-03-24", "time": "19:50:29", "tweet": "@elonmusk @TeslaMotorsClub I am not a fber. Good choice to follow my lead Elon.", "likes_count": 0, "replies_count": 0, "retweets_count": 0, "hashtags": []}
{"id": 977694167903166464, "date": "2018-03-24", "time": "19:50:28", "tweet": "The home of @elonmusk  https://t.co/xBPFmjb1SF", "likes_count": 2, "replies_count": 0, "retweets_count": 1, "hashtags": []}
{"id": 977694045454548992, "date": "2018-03-24", "time": "19:49:59", "tweet": "Elon Musk pulls Tesla and SpaceX from Facebook: Entrepreneur Elon Musk has the official…  https://t.co/SuF5hGxvgM", "likes_count": 0, "replies_count": 0, "retweets_count": 0, "hashtags": []}
{"id": 977693980816273408, "date": "2018-03-24", "time": "19:49:44", "tweet": "#GadgetsProvincia Elon Musk deja Facebook  https://t.co/22d7uX5i6x  https://t.co/bPp7muVTxp", "likes_count": 0, "replies_count": 0, "retweets_count": 0, "hashtags": ["gadgetsprovincia"]}
{"id": 977693819247480832, "date": "2018-03-24", "time": "19:49:05", "tweet": "Elon Musk advierte los dos riesgos que podrían terminar con el mundo en este siglo #Advertencia  https://t.co/7wBbzeGG7N", "likes_count": 0, "replies_count": 0, "retweets_count": 0, "hashtags": ["advertencia"]}
{"id": 977693791233585152, "date": "2018-03-24", "time": "19:48:59", "tweet": "#hot - Paris Jackson - Cleveland Cavaliers - Elon Musk - West Virginia Basketball - NRA - Emily Ratajkowski - Kids…", "likes_count": 0, "replies_count": 0, "retweets_count": 0, "hashtags": ["hot"]}
{"id": 977693721012531200, "date": "2018-03-24", "time": "19:48:42", "tweet": "@elonmusk @TeslaMotorsClub Because your rocket blew up their satellite. And I didn't read one scathing remark from him about you. @SpaceX.  I have always had you as a hero. Rethinking that.", "likes_count": 0, "replies_count": 0, "retweets_count": 0, "hashtags": []}
{"id": 977693719850770432, "date": "2018-03-24", "time": "19:48:42", "tweet": "Elon Musk deletes own, SpaceX and Tesla Facebook pages after #deletefacebook | TechCrunch Elon Musk deletes own, SpaceX and Tesla Facebook pages after #deletefacebook", "likes_count": 0, "replies_count": 0, "retweets_count": 0, "hashtags": ["deletefacebook", "deletefacebook"]}
{"id": 977693706533863424, "date": "2018-03-24", "time": "19:48:38", "tweet": "@elonmusk ETA on Model Y or Pickup Truck ? Sir..", "likes_count": 0, "replies_count": 0, "retweets_count": 0, "hashtags": []}
{"id": 977693574170103808, "date": "2018-03-24", "time": "19:48:07", "tweet": "@jakeyjake325 @elonmusk @ElectrekCo IMO the article was fair and factual and pointed out a problem that needs to be fixed. Spinning it any other way or not reporting on it at all would not help fix it. If it was false and misleading why would @ElonMusk have responded with immediate action?", "likes_count": 0, "replies_count": 0, "retweets_count": 0, "hashtags": []}
{"id": 977693560224014343, "date": "2018-03-24", "time": "19:48:04", "tweet": "@elonmusk @ElectrekCo The roads here in Norway is a disaster! @elonmusk you have to do something about it, you are the only man who have the capability to do something about it!", "likes_count": 0, "replies_count": 0, "retweets_count": 0, "hashtags": []}
{"id": 977693516544512001, "date": "2018-03-24", "time": "19:47:53", "tweet": "Elon Musk gaza getirilme konusunda beni bile geçmiş. Neyse güzel kaybedişler bunlar", "likes_count": 8, "replies_count": 0, "retweets_count": 0, "hashtags": []}
{"id": 977693179628498944, "date": "2018-03-24", "time": "19:46:33", "tweet": "@elonmusk @TeslaMotorsClub Did it too today. Haven’t used it for a couple years anyway.", "likes_count": 0, "replies_count": 0, "retweets_count": 0, "hashtags": []}
{"id": 977693092886151168, "date": "2018-03-24", "time": "19:46:12", "tweet": "This is beyond all possible doubt, the death knell for @Facebook, no matter who you are, or what you say, Facebook just got served it's eviction notice from planet Earth by @ElonMusk in the most casual and inspiring \"yea we don't do stupid\" way possible..   https://t.co/bss7J16FZa  https://t.co/6x9db5fubT", "likes_count": 2, "replies_count": 0, "retweets_count": 0, "hashtags": []}
{"id": 977693077908451333, "date": "2018-03-24", "time": "19:46:09", "tweet": "@Ileane @Remi_Vladuceanu @elonmusk Thank U Ma'am. I really appreciate Ur kind words. Beauty is in Ur eyes. Nothing in me. As you can C from my TL, I am just a simple man who wants my voice to be heard &amp; spread the right message just like Ur friend beauty bubble. Thumbs up to Google+ Love Google products - Android", "likes_count": 0, "replies_count": 1, "retweets_count": 0, "hashtags": []}
{"id": 977693062519386112, "date": "2018-03-24", "time": "19:46:05", "tweet": "Ternyata Ini Kelakuan Sang Ayah Sehingga Elon Musk Murka  https://t.co/Zpp1qHE28C  https://t.co/e1UvPaySEz", "likes_count": 0, "replies_count": 0, "retweets_count": 0, "hashtags": []}
{"id": 977693039312302080, "date": "2018-03-24", "time": "19:45:59", "tweet": "@elonmusk @TeslaMotorsClub Same", "likes_count": 0, "replies_count": 0, "retweets_count": 0, "hashtags": []}
{"id": 977692971293388800, "date": "2018-03-24", "time": "19:45:43", "tweet": "Elon Musk deleted Facebook after a challenge from another tech titan  https://t.co/99NhPDNpFH", "likes_count": 0, "replies_count": 0, "retweets_count": 0, "hashtags": []}
{"id": 977692894868881408, "date": "2018-03-24", "time": "19:45:25", "tweet": "@elonmusk from Dan Brown's \"Origin\" \" in  his favorite sports car—a Tesla Model X P90D  that Elon Musk had allegedly hand-delivered to  him as a gift. Supposedly, Edmond had once  challenged his jetpilots to a one-mile drag race on the runway— Gulfstream vs. Tesla\"", "likes_count": 0, "replies_count": 0, "retweets_count": 0, "hashtags": []}
{"id": 977692700488200193, "date": "2018-03-24", "time": "19:44:39", "tweet": "@alicia_crypto @austinhopperrrr @elonmusk @TeslaMotorsClub Check out  https://t.co/9fWg5FwhpT @YoursOrg they are doing really cool stuff.", "likes_count": 0, "replies_count": 0, "retweets_count": 0, "hashtags": []}
{"id": 977692698089017345, "date": "2018-03-24", "time": "19:44:38", "tweet": "@elonmusk Started using Twiiter some time ago and always had bad experiences with @facebook , thinking it was shit. Thanks for reassuring me", "likes_count": 0, "replies_count": 0, "retweets_count": 0, "hashtags": []}
{"id": 977692681240436736, "date": "2018-03-24", "time": "19:44:34", "tweet": "@elonmusk @TeslaMotorsClub If a successful business model is perpetually giving you a product for free, then it is highly likely that YOU are actually  the product and you are are being sold for a profit.", "likes_count": 8, "replies_count": 0, "retweets_count": 2, "hashtags": []}
{"id": 977692663288860673, "date": "2018-03-24", "time": "19:44:30", "tweet": "@elonmusk @TeslaMotorsClub Haha!", "likes_count": 0, "replies_count": 0, "retweets_count": 0, "hashtags": []}
{"id": 977692653511884800, "date": "2018-03-24", "time": "19:44:27", "tweet": "Elon Musk DELETES SpaceX and Tesla's Facebook accounts  https://t.co/ob3QoqeeEx @MailOnline", "likes_count": 0, "replies_count": 0, "retweets_count": 0, "hashtags": []}
{"id": 977692609429688320, "date": "2018-03-24", "time": "19:44:17", "tweet": "@derekchad @shuboogie @PissedoffPaiute Lol not in a cult, so try another insult please :)  Idk how it's possible for Trump supporters to call me a globalist, yet you're calling me a Anti Globalist! Which one am I?!  I don't resent the wealthy if they pair their fair share and contribute to society. Elon Musk and", "likes_count": 0, "replies_count": 1, "retweets_count": 0, "hashtags": []}
{"id": 977692479930683393, "date": "2018-03-24", "time": "19:43:46", "tweet": "@emkyo @JJonesLandry @elonmusk @TeslaMotorsClub @TheOnion 😂😂", "likes_count": 0, "replies_count": 0, "retweets_count": 0, "hashtags": []}
{"id": 977692444094615552, "date": "2018-03-24", "time": "19:43:37", "tweet": "@elonmusk @TeslaMotorsClub yet you still use Instagram...", "likes_count": 0, "replies_count": 0, "retweets_count": 0, "hashtags": []}
{"id": 977692437958115328, "date": "2018-03-24", "time": "19:43:36", "tweet": "Ternyata Ini Kelakuan Sang Ayah Sehingga Elon Musk Murka  https://t.co/4OmK8posLU", "likes_count": 0, "replies_count": 0, "retweets_count": 0, "hashtags": []}
{"id": 977692413069316099, "date": "2018-03-24", "time": "19:43:30", "tweet": "@HelgeKeck @elonmusk @severuduw @TeslaMotorsClub It’s that feeling you get standing next to @JoeBiden", "likes_count": 1, "replies_count": 0, "retweets_count": 0, "hashtags": []}
{"id": 977692379057602560, "date": "2018-03-24", "time": "19:43:22", "tweet": "Elon Musk's 6 Habits for Staying Insanely Productive  https://t.co/n8g5P0DhUe", "likes_count": 48, "replies_count": 6, "retweets_count": 23, "hashtags": []}
{"id": 977692375404498944, "date": "2018-03-24", "time": "19:43:21", "tweet": "@emkyo @elonmusk Just wanted to make sure that people who follow Elon, and whose native language isn't English, understand that he wasn't saying that facebook gives him penises.  😅", "likes_count": 1, "replies_count": 1, "retweets_count": 0, "hashtags": []}
{"id": 977692100593704960, "date": "2018-03-24", "time": "19:42:16", "tweet": "I think it is possible for ordinary people to choose to be extraordinary. – Elon Musk #quote", "likes_count": 0, "replies_count": 0, "retweets_count": 1, "hashtags": ["quote"]}
{"id": 977692094054584320, "date": "2018-03-24", "time": "19:42:14", "tweet": "Elon Musk tira páginas de SpaceX e Tesla do Facebook após ser desafiado no Twitter  https://t.co/K46QKV9wqf  https://t.co/PN1coeU8G8", "likes_count": 0, "replies_count": 0, "retweets_count": 0, "hashtags": []}
{"id": 977692069652123649, "date": "2018-03-24", "time": "19:42:08", "tweet": "@ChicagoMGD_SD @elonmusk @Bryson_M @RMac18 @serdarsprofile @brianacton @richardbranson that happened a long time ago..", "likes_count": 1, "replies_count": 0, "retweets_count": 0, "hashtags": []}
{"id": 977692048466817024, "date": "2018-03-24", "time": "19:42:03", "tweet": "@elonmusk I wanna start a vodka company where our product is distilled in space, you in?", "likes_count": 1, "replies_count": 0, "retweets_count": 0, "hashtags": []}
{"id": 977692020612399104, "date": "2018-03-24", "time": "19:41:57", "tweet": "@emkyo @elonmusk @TeslaMotorsClub I'm trying but its a bit hard to do that in a third world country with an average wage of 300 dollars per month. I have two degrees but that doesn't help either. it's like playing monopoly and I started playing the game with no cards in my hand. Capitalism  ;)", "likes_count": 0, "replies_count": 0, "retweets_count": 0, "hashtags": []}
{"id": 977691821076721665, "date": "2018-03-24", "time": "19:41:09", "tweet": "This is a really crappy thing to do. There's a bunch of open Tesla specific spots, but this Model 3 has to take the ONLY Level 2 spot and then doesn't even plug in! I thought electric car owners (of which I am one) were better than that. #PlugShare @elonmusk  https://t.co/UGfCeAgSDa", "likes_count": 0, "replies_count": 0, "retweets_count": 0, "hashtags": ["plugshare"]}
{"id": 977691808686723072, "date": "2018-03-24", "time": "19:41:06", "tweet": "@elonmusk @Bryson_M @RMac18 @serdarsprofile @brianacton holy crap.. @ElonMusk just blew this whole #DeleteFaceook issue into Space and it's staying there.. Stratospheric...", "likes_count": 0, "replies_count": 0, "retweets_count": 0, "hashtags": ["deletefaceook"]}
{"id": 977691757428162560, "date": "2018-03-24", "time": "19:40:54", "tweet": "holy crap.. @ElonMusk just blew this whole #DeleteFaceook issue into Space and it's staying there.. Stratospheric...  https://t.co/bss7J16FZa", "likes_count": 1, "replies_count": 0, "retweets_count": 0, "hashtags": ["deletefaceook"]}
{"id": 977691727011221505, "date": "2018-03-24", "time": "19:40:47", "tweet": "@elonmusk @ElectrekCo I just adore you! You are changing the shape of the US! Plus I really want my son to work for you!!", "likes_count": 0, "replies_count": 0, "retweets_count": 0, "hashtags": []}
{"id": 977691687156772865, "date": "2018-03-24", "time": "19:40:37", "tweet": "Ich mag das @YouTube-Video:  https://t.co/N7fV7IdT5C Sneaking into Tesla HQ for our Holiday Card with ELON MUSK", "likes_count": 0, "replies_count": 0, "retweets_count": 0, "hashtags": []}
{"id": 977691673319833600, "date": "2018-03-24", "time": "19:40:34", "tweet": "@elonmusk thanks for the not a flamethrower update!", "likes_count": 0, "replies_count": 0, "retweets_count": 0, "hashtags": []}
{"id": 977691648367853568, "date": "2018-03-24", "time": "19:40:28", "tweet": "@juliusgranstrom @elonmusk Hmmmmm yeah, ok your right that colour does make it look good.", "likes_count": 0, "replies_count": 0, "retweets_count": 0, "hashtags": []}
{"id": 977691645327106048, "date": "2018-03-24", "time": "19:40:27", "tweet": "@elonmusk @serdarsprofile @brianacton Give me a job, if you're a man! Hahahaha. You're a incredible! A round of applause", "likes_count": 0, "replies_count": 0, "retweets_count": 0, "hashtags": []}
{"id": 977691635692613632, "date": "2018-03-24", "time": "19:40:25", "tweet": "Ternyata Ini Kelakuan Sang Ayah Sehingga Elon Musk Murka  https://t.co/UmmPcm5atG", "likes_count": 0, "replies_count": 0, "retweets_count": 0, "hashtags": []}
{"id": 977691592227094528, "date": "2018-03-24", "time": "19:40:14", "tweet": "@elonmusk @TeslaMotorsClub Good on ya mate", "likes_count": 0, "replies_count": 0, "retweets_count": 0, "hashtags": []}
{"id": 977691580659322887, "date": "2018-03-24", "time": "19:40:12", "tweet": "@elonmusk with all the Facebook news, Im surprised you havent made a new social media site.", "likes_count": 0, "replies_count": 0, "retweets_count": 0, "hashtags": []}
{"id": 977691568168689664, "date": "2018-03-24", "time": "19:40:09", "tweet": "Elon Musk To Deletes Facebook Pages for SpaceX and Tesla  https://t.co/OwzqV8Df4Z  https://t.co/Owilyu4rk0", "likes_count": 0, "replies_count": 0, "retweets_count": 0, "hashtags": []}
{"id": 977691562195935232, "date": "2018-03-24", "time": "19:40:07", "tweet": "Elon Musk deletes own, SpaceX and Tesla Facebook pages after   https://t.co/3OpylIHma3", "likes_count": 0, "replies_count": 0, "retweets_count": 0, "hashtags": []}
{"id": 977691551618031616, "date": "2018-03-24", "time": "19:40:05", "tweet": "Elon Musk directs Tesla to 'slow down' on Norway deliveries, citing local capacity issues  https://t.co/CkVEEyX0jP", "likes_count": 0, "replies_count": 0, "retweets_count": 0, "hashtags": []}
{"id": 977691548954525696, "date": "2018-03-24", "time": "19:40:04", "tweet": "[ #RDN &gt;&gt; #Noticias  [ Elon Musk elimina las fanpages de Tesla y SpaceX en Facebook [ MuyComputer &gt;&gt;  https://t.co/PJEWbmNr0D", "likes_count": 0, "replies_count": 0, "retweets_count": 0, "hashtags": ["rdn", "noticias"]}
{"id": 977691548585463810, "date": "2018-03-24", "time": "19:40:04", "tweet": "What Would You Do With $184 Billion? Here’s What Elon Musk Is Likely To Do With It.   https://t.co/nij9NodtxP", "likes_count": 0, "replies_count": 0, "retweets_count": 0, "hashtags": []}
{"id": 977691471791796224, "date": "2018-03-24", "time": "19:39:46", "tweet": "@elonmusk @brianacton Something you don’t like", "likes_count": 0, "replies_count": 0, "retweets_count": 0, "hashtags": []}
{"id": 977691444138754048, "date": "2018-03-24", "time": "19:39:39", "tweet": "“You get paid in direct proportion to the difficulty of problems you solve” - @elonmusk", "likes_count": 0, "replies_count": 0, "retweets_count": 1, "hashtags": []}
{"id": 977691371329880064, "date": "2018-03-24", "time": "19:39:22", "tweet": "@lithiumforum @elonmusk @technology Do you know where BMW are planning on getting their cobalt? https://t.co/EGnaActBRV", "likes_count": 4, "replies_count": 1, "retweets_count": 0, "hashtags": []}
{"id": 977691366355603456, "date": "2018-03-24", "time": "19:39:21", "tweet": "Tech billionaire Elon Musk's father, 72, has 10-month-old baby with 'stepdaughter' he's known since she was four  https://t.co/evJQxtsvv6", "likes_count": 0, "replies_count": 2, "retweets_count": 0, "hashtags": []}
{"id": 977691353974018048, "date": "2018-03-24", "time": "19:39:18", "tweet": "Elon Musk deletes SpaceX, Tesla Facebook pages     - CNET  https://t.co/OE5OWb958c", "likes_count": 0, "replies_count": 0, "retweets_count": 0, "hashtags": []}
{"id": 977691337699946498, "date": "2018-03-24", "time": "19:39:14", "tweet": "@elonmusk @serdarsprofile @brianacton ah.. oh.. wow.. ok.. shit just even more real.. very much more real..", "likes_count": 0, "replies_count": 0, "retweets_count": 0, "hashtags": []}
{"id": 977691302556061701, "date": "2018-03-24", "time": "19:39:05", "tweet": "@elonmusk @TeslaMotorsClub 😂", "likes_count": 0, "replies_count": 0, "retweets_count": 0, "hashtags": []}
{"id": 977691261825179654, "date": "2018-03-24", "time": "19:38:56", "tweet": "@elonmusk @getongab @TeslaMotorsClub Editing live stream videos gives me the willies.", "likes_count": 0, "replies_count": 0, "retweets_count": 0, "hashtags": []}
{"id": 977691224155996160, "date": "2018-03-24", "time": "19:38:47", "tweet": "@elonmusk @brianacton ah.. ok.. shit just got real.. very real..", "likes_count": 0, "replies_count": 0, "retweets_count": 0, "hashtags": []}
{"id": 977691211111763969, "date": "2018-03-24", "time": "19:38:44", "tweet": "@F_khudiri @Eyaaaad @elonmusk اليهود", "likes_count": 0, "replies_count": 0, "retweets_count": 0, "hashtags": []}
{"id": 977691136725864448, "date": "2018-03-24", "time": "19:38:26", "tweet": "@elonmusk Now that you have deleted the facebook pages, make your own social network?", "likes_count": 0, "replies_count": 0, "retweets_count": 0, "hashtags": []}
{"id": 977691096527581184, "date": "2018-03-24", "time": "19:38:16", "tweet": "@emkyo @elonmusk @TeslaMotorsClub You are talking about relatives and best friends, they are all in my phone book, and we text and meeting each other .., but I also have on FB very nice people to talk to from time to time and they live in different countries and I don’t have their phone numbers..", "likes_count": 10, "replies_count": 2, "retweets_count": 0, "hashtags": []}
{"id": 977691070657114124, "date": "2018-03-24", "time": "19:38:10", "tweet": "@elonmusk @TeslaMotorsClub FB sucks.", "likes_count": 0, "replies_count": 0, "retweets_count": 0, "hashtags": []}
{"id": 977691063644114944, "date": "2018-03-24", "time": "19:38:08", "tweet": "@elonmusk @TeslaMotorsClub 🤣", "likes_count": 0, "replies_count": 0, "retweets_count": 0, "hashtags": []}
{"id": 977690987668627456, "date": "2018-03-24", "time": "19:37:50", "tweet": "@m7md_ali55 @mayoya254 @mona_badr27 خد الكلمتين بتوعك يا هندسة و روح قولهم لحد تاني. انتا مش هتعرفني دينى و لا أعبد ربنا ازاي. انتا مش مطالب تخش لكل واحد تقوله اختلاط و مش اختلاط و الكلام دا. يا هندسة Elon Musk بعت عربية تيسلا للمريخ و انتا بتقول اختلاط و مش اختلاط! لا إله إلا الله", "likes_count": 1, "replies_count": 2, "retweets_count": 0, "hashtags": []}
{"id": 977690974909620225, "date": "2018-03-24", "time": "19:37:47", "tweet": "@elonmusk @TeslaMotorsClub @elonmusk  is a genius", "likes_count": 0, "replies_count": 0, "retweets_count": 0, "hashtags": []}
{"id": 977690882869809152, "date": "2018-03-24", "time": "19:37:25", "tweet": "just took a xan, seein some weird shit. elon musk is here with me smoking a blunt", "likes_count": 0, "replies_count": 0, "retweets_count": 0, "hashtags": []}
{"id": 977690686446276608, "date": "2018-03-24", "time": "19:36:38", "tweet": "@elonmusk Hey, could you create a social network please ?", "likes_count": 0, "replies_count": 0, "retweets_count": 0, "hashtags": []}
{"id": 977690651189006337, "date": "2018-03-24", "time": "19:36:30", "tweet": "@zycr9 @Remi_Vladuceanu @elonmusk Best tweet I got today 😘", "likes_count": 1, "replies_count": 1, "retweets_count": 0, "hashtags": []}
{"id": 977690647418327040, "date": "2018-03-24", "time": "19:36:29", "tweet": "Adam Delikanlılığını kanıtladı dağılın beyler 💙  @elonmusk  https://t.co/Yagw6bAg32", "likes_count": 1, "replies_count": 0, "retweets_count": 0, "hashtags": []}
{"id": 977690644213886977, "date": "2018-03-24", "time": "19:36:28", "tweet": "@HelgeKeck @elonmusk @severuduw @TeslaMotorsClub 'Willy' can also mean a penis, just so you know", "likes_count": 2, "replies_count": 1, "retweets_count": 0, "hashtags": []}
{"id": 977690584348536832, "date": "2018-03-24", "time": "19:36:14", "tweet": "les maladies comme le sida ou le cancer c'est pas si mal enfaite, c'est un peu un cleanup de la vie @MPsikopatte #sidaction2018 #truestory #lesvraisavent #ElonMusk", "likes_count": 1, "replies_count": 1, "retweets_count": 1, "hashtags": ["sidaction2018", "truestory", "lesvraisavent", "elonmusk"]}
{"id": 977690487917285376, "date": "2018-03-24", "time": "19:35:51", "tweet": "@alliefrownie @elonmusk @ElectrekCo Actually it's how you do being a decent human being. :-)", "likes_count": 0, "replies_count": 0, "retweets_count": 0, "hashtags": []}
{"id": 977690466459070464, "date": "2018-03-24", "time": "19:35:46", "tweet": "Elon Musk cancella account Facebook di Tesla e SpaceX. Adesione ... - Il Messaggero  https://t.co/QR42PHj436", "likes_count": 0, "replies_count": 0, "retweets_count": 0, "hashtags": []}
