{"id": 1058871436645986304, "date": "2018-11-03", "time": "19:59:58", "tweet": "@Interestindeed @elonmusk @Tesla awesome!! Tesla cars are the best", "likes_count": 3, "replies_count": 0, "retweets_count": 0, "hashtags": []}
{"id": 1058871395248037888, "date": "2018-11-03", "time": "19:59:48", "tweet": "Am I the only one to hear @elonmusk slip up in the @Recode interview.... @Tesla is working on a compact 🚗", "likes_count": 4, "replies_count": 3, "retweets_count": 1, "hashtags": []}
{"id": 1058871387178201089, "date": "2018-11-03", "time": "19:59:46", "tweet": "@Josh_Austin @Tesla @elonmusk @RPMTESLA @Abstract_Ocean @DMC_Ryan Were did you get it from (5)", "likes_count": 0, "replies_count": 0, "retweets_count": 0, "hashtags": []}
{"id": 1058871348582383617, "date": "2018-11-03", "time": "19:59:37", "tweet": "@elonmusk U got dis homie", "likes_count": 0, "replies_count": 0, "retweets_count": 0, "hashtags": []}
{"id": 1058871347416350722, "date": "2018-11-03", "time": "19:59:36", "tweet": "@FaZeClan @elonmusk", "likes_count": 0, "replies_count": 0, "retweets_count": 0, "hashtags": []}
{"id": 1058871315170553856, "date": "2018-11-03", "time": "19:59:29", "tweet": "@heer2lurn @PlugInFUD @markbspiegel @skabooshka @elonmusk Never mind your handle says it all clearly you’re pretty mindless", "likes_count": 0, "replies_count": 1, "retweets_count": 0, "hashtags": []}
{"id": 1058871266432684032, "date": "2018-11-03", "time": "19:59:17", "tweet": "@elonmusk First one I ever saw was Hulk Hogan in Suburban Commando....1991....", "likes_count": 0, "replies_count": 1, "retweets_count": 0, "hashtags": []}
{"id": 1058871184576729088, "date": "2018-11-03", "time": "19:58:57", "tweet": "@elonmusk QUE A SUA NOITE SEJA DE DESCANSO VERDADEIRO, SEM TOLO AÇOITE, COM AMOR POR INTEIRO!  https://t.co/z7VPv3Qm4J", "likes_count": 0, "replies_count": 0, "retweets_count": 0, "hashtags": []}
{"id": 1058871129895510017, "date": "2018-11-03", "time": "19:58:44", "tweet": "@elonmusk Your a sponge of distraction.. Very good at it.", "likes_count": 0, "replies_count": 0, "retweets_count": 0, "hashtags": []}
{"id": 1058871089894473728, "date": "2018-11-03", "time": "19:58:35", "tweet": "@heer2lurn @PlugInFUD @markbspiegel @skabooshka @elonmusk Spreading negative unvalidated claims in order to drive down the price of a stock in order to profit off a short. Do you not know how securities fraud works ? Do you have a series license ?", "likes_count": 0, "replies_count": 3, "retweets_count": 0, "hashtags": []}
{"id": 1058871087814111233, "date": "2018-11-03", "time": "19:58:34", "tweet": "@elonmusk Thanks for video.. now meaning of the \"one-dimensional\" and \"boring\" is clear for me :)", "likes_count": 0, "replies_count": 0, "retweets_count": 0, "hashtags": []}
{"id": 1058871020805939202, "date": "2018-11-03", "time": "19:58:18", "tweet": "@elonmusk How fast?", "likes_count": 0, "replies_count": 0, "retweets_count": 0, "hashtags": []}
{"id": 1058871016829652992, "date": "2018-11-03", "time": "19:58:17", "tweet": "Elon Musk says soon Teslas will come when you call them   https://t.co/2JgKwUjH8F", "likes_count": 0, "replies_count": 0, "retweets_count": 0, "hashtags": []}
{"id": 1058870974551068672, "date": "2018-11-03", "time": "19:58:07", "tweet": "@WillFealey @elonmusk @Tesla @TeslaOwnersUK Could you ask for overhead barriers instead?", "likes_count": 0, "replies_count": 1, "retweets_count": 0, "hashtags": []}
{"id": 1058870963536834562, "date": "2018-11-03", "time": "19:58:05", "tweet": "@elonmusk Mister Musk, you should consider watching this video explaining the location of Atlantis, I think you should finance it!  https://t.co/VfmE7011JF", "likes_count": 0, "replies_count": 0, "retweets_count": 0, "hashtags": []}
{"id": 1058870953495547905, "date": "2018-11-03", "time": "19:58:02", "tweet": "@HaveAGOMobility @elonmusk I mean that Vox is trying to create hype by inaccurate reporting... when making statements one should convey the entire context and not just one line... one is accurate reporting and the other is salesmanship, he talked about that in the podcast too!", "likes_count": 0, "replies_count": 1, "retweets_count": 0, "hashtags": []}
{"id": 1058870905605120000, "date": "2018-11-03", "time": "19:57:51", "tweet": "@BoraxCross @elonmusk How is that a problem?", "likes_count": 0, "replies_count": 0, "retweets_count": 0, "hashtags": []}
{"id": 1058870898214821888, "date": "2018-11-03", "time": "19:57:49", "tweet": "@elonmusk Are you high?", "likes_count": 0, "replies_count": 0, "retweets_count": 0, "hashtags": []}
{"id": 1058870892078551040, "date": "2018-11-03", "time": "19:57:48", "tweet": "@CovfefeChan @oOscar__ @elonmusk Okay what your number ?! XD I send all to her!!", "likes_count": 0, "replies_count": 0, "retweets_count": 0, "hashtags": []}
{"id": 1058870846620647429, "date": "2018-11-03", "time": "19:57:37", "tweet": "Honesty is often the best policy but at times jobseekers will stretch the truth. That's why Tesla CEO Elon Musk always asks applicants what the most difficult problems they faced were, and how they solved them. Those who really solved the problem know all… https://t.co/tvA8SeG5zP", "likes_count": 2, "replies_count": 0, "retweets_count": 0, "hashtags": []}
