{"id": 1134972853105844224, "date": "2019-06-01", "time": "19:59:49", "tweet": "Car Expo Info Tesla is going it alone while other carmakers are partnering and merging — here’s why Elon Musk doesn’t have a choice (TSLA)  https://t.co/jzEXCdbi3r", "likes_count": 0, "replies_count": 0, "retweets_count": 0, "hashtags": []}
{"id": 1134972849712709632, "date": "2019-06-01", "time": "19:59:48", "tweet": "@leik_ez @donnyb @Teslatunity @elonmusk queen bee*", "likes_count": 2, "replies_count": 0, "retweets_count": 0, "hashtags": []}
{"id": 1134972783656611840, "date": "2019-06-01", "time": "19:59:33", "tweet": "@elonmusk  This dude switched his Audi RS7 with a performance Model 3 and he's so excited...  https://t.co/9QoVASgisQ", "likes_count": 0, "replies_count": 0, "retweets_count": 0, "hashtags": []}
{"id": 1134972741470179330, "date": "2019-06-01", "time": "19:59:22", "tweet": "@Tesla @elonmusk I love my car &amp; don’t want to be a whiner. But...how long shd I have to wait for a new windshield? A ⚾️ hit my #Model3 on April 5th. Can you let me know how much longer? I’m in San Jose.  https://t.co/2QsMifo4Fe", "likes_count": 5, "replies_count": 2, "retweets_count": 1, "hashtags": ["model3"]}
{"id": 1134972739930996738, "date": "2019-06-01", "time": "19:59:22", "tweet": "@elonmusk @vincent13031925 @Tesla Which markets are still affected?", "likes_count": 0, "replies_count": 0, "retweets_count": 0, "hashtags": []}
{"id": 1134972659790336000, "date": "2019-06-01", "time": "19:59:03", "tweet": "@elonmusk In J, wrong way automated train:   https://t.co/OHebMQdIS0?", "likes_count": 1, "replies_count": 0, "retweets_count": 0, "hashtags": []}
{"id": 1134972635178160128, "date": "2019-06-01", "time": "19:58:57", "tweet": "Tesla strong at 14,411 feet summiting Mt. Rainier at 6:00am this morning.  @elonmusk  @Tesla  https://t.co/hNfn73enkw", "likes_count": 0, "replies_count": 0, "retweets_count": 0, "hashtags": []}
{"id": 1134972628278685696, "date": "2019-06-01", "time": "19:58:56", "tweet": "@elonmusk @vincent13031925 @Tesla Fourth largest global auto market after China, US, and EU is a low volume market. Feels bad man.  https://t.co/5jCKxAOs3O", "likes_count": 9, "replies_count": 0, "retweets_count": 2, "hashtags": []}
{"id": 1134972576143482886, "date": "2019-06-01", "time": "19:58:43", "tweet": "@vincent13031925 @elonmusk @Tesla So let those customers know if they can turn JP into high volume market, they can get white interior. If enough orders come in, Tesla may open it up.  I assume the referral program works there too, so double incentive.", "likes_count": 7, "replies_count": 0, "retweets_count": 0, "hashtags": []}
{"id": 1134972573459128320, "date": "2019-06-01", "time": "19:58:42", "tweet": "@NuovaRealta @mortenlund89 @nasalahe @norwegian76 @teslectrics @AndersRytter @Yoshi_the_bla @alex_avoigt @MacGyver_BE @jpr007 @crazyisrael1 @NorwegianModel3 @elonmusk Just continue to build affordable desirable long range EV’s and make them available. Gas prices are high, EV incentives help.  Let people test drive a Tesla, nothing is the same afterwards  https://t.co/8Pomb6yGfU", "likes_count": 15, "replies_count": 0, "retweets_count": 4, "hashtags": []}
{"id": 1134972535878160390, "date": "2019-06-01", "time": "19:58:33", "tweet": "A little light reading - heading to the #pgsworkshop #space #sustainability conference to speak about space #mining, what else do you read?! @esa @elonmusk @SpaceX @NASA 🚀🛸🛰🗻⛏  https://t.co/UQqq9djzoI", "likes_count": 2, "replies_count": 0, "retweets_count": 0, "hashtags": ["pgsworkshop", "space", "sustainability", "mining"]}
{"id": 1134972420652244998, "date": "2019-06-01", "time": "19:58:06", "tweet": "@elonmusk", "likes_count": 2, "replies_count": 0, "retweets_count": 0, "hashtags": []}
{"id": 1134972396623020034, "date": "2019-06-01", "time": "19:58:00", "tweet": "@elonmusk @vincent13031925 @Tesla I'm not picky. Any color Tesla anything would be amazing.!!!❤", "likes_count": 15, "replies_count": 1, "retweets_count": 0, "hashtags": []}
{"id": 1134972387471101953, "date": "2019-06-01", "time": "19:57:58", "tweet": "@elonmusk @vincent13031925 @Tesla In the future, will any other interior color options come? For example, Cream interior?", "likes_count": 0, "replies_count": 1, "retweets_count": 0, "hashtags": []}
{"id": 1134972341002342400, "date": "2019-06-01", "time": "19:57:47", "tweet": "@Ubc0Tnb6VFEZl2p yeah how you like that elon musk", "likes_count": 6, "replies_count": 1, "retweets_count": 0, "hashtags": []}
{"id": 1134972215680733185, "date": "2019-06-01", "time": "19:57:17", "tweet": "@elonmusk @vincent13031925 @Tesla inb4 \"This is an outrage, I'm picketing Tesla HQ.\"", "likes_count": 0, "replies_count": 0, "retweets_count": 0, "hashtags": []}
{"id": 1134972181081931776, "date": "2019-06-01", "time": "19:57:09", "tweet": "@elonmusk, We have been loving our Model 3! As if we couldn’t love it more, we just installed a hitch, put our #northshoreracks bike rack on, and now we’re off to hit the mountain bike trails! @scottsports @santacruzbikes @Evil_Bikes @Tesla @TeslaRoadTrip  https://t.co/Aju265HBlO", "likes_count": 0, "replies_count": 1, "retweets_count": 0, "hashtags": ["northshoreracks"]}
{"id": 1134972066615123968, "date": "2019-06-01", "time": "19:56:42", "tweet": "@elonmusk Is this your pet also or your master? Lol #SpaceX 🙌🙌🙌  https://t.co/UwBHAnbP17", "likes_count": 0, "replies_count": 1, "retweets_count": 0, "hashtags": ["spacex"]}
{"id": 1134971970469187591, "date": "2019-06-01", "time": "19:56:19", "tweet": "@JW1 @tomi @elonmusk @OpTic_Crimsix is that you? @OpTic_Scumper @OpTicH3CZ @ACHES @OpTic_DKarma", "likes_count": 0, "replies_count": 0, "retweets_count": 0, "hashtags": []}
{"id": 1134971898356477952, "date": "2019-06-01", "time": "19:56:01", "tweet": "Tesla is going it alone while other carmakers are partnering and merging — here's why Elon Musk doesn't have a choice  https://t.co/FiB4jur6e9 via @businessinsider", "likes_count": 0, "replies_count": 0, "retweets_count": 0, "hashtags": []}
