{"id": 1124826035218997248, "date": "2019-05-04", "time": "19:59:59", "tweet": "@elonmusk @teslaownersSV Oh feature branching... and long running feature branching, you can’t get those merge conflicts wrong. Peoples lives are at stake. Thank the team for being diligent.", "likes_count": 2, "replies_count": 0, "retweets_count": 0, "hashtags": []}
{"id": 1124825975777218560, "date": "2019-05-04", "time": "19:59:45", "tweet": "Some things I'll do when they make me CEO of $TSLA.  1) File Ch. 11 2) Remove @elonmusk from any managerial duties. 3) Hire a  COO 4) Partner with a dealer network for service &amp; distribution  5) Joint venture the charging network and upgrade  Just to start.", "likes_count": 33, "replies_count": 4, "retweets_count": 1, "hashtags": []}
{"id": 1124825955443384321, "date": "2019-05-04", "time": "19:59:40", "tweet": "@doctorapl @elonmusk @ApolloCurrency That would be a cool partnership 😎", "likes_count": 2, "replies_count": 0, "retweets_count": 0, "hashtags": []}
{"id": 1124825930818625537, "date": "2019-05-04", "time": "19:59:34", "tweet": "@elonmusk Fuck warren Buffett", "likes_count": 0, "replies_count": 0, "retweets_count": 0, "hashtags": []}
{"id": 1124825878494699521, "date": "2019-05-04", "time": "19:59:22", "tweet": "@elonmusk @elonmusk make this happen!", "likes_count": 0, "replies_count": 0, "retweets_count": 0, "hashtags": []}
{"id": 1124825869745360896, "date": "2019-05-04", "time": "19:59:20", "tweet": "@SpaceX @elonmusk Let #xrp go to the moon... like your space x....😆 I bet you can 👀", "likes_count": 0, "replies_count": 0, "retweets_count": 0, "hashtags": ["xrp"]}
{"id": 1124825868642258945, "date": "2019-05-04", "time": "19:59:19", "tweet": "Hey @elonmusk any new updates on the BFR starship? #BFR #SpaceX #spacetravel #ElonMusk    https://t.co/Q25xkRu2UY", "likes_count": 1, "replies_count": 0, "retweets_count": 0, "hashtags": ["bfr", "spacex", "spacetravel", "elonmusk"]}
{"id": 1124825856969457665, "date": "2019-05-04", "time": "19:59:17", "tweet": "@KneeColeMeShell @swordscythe @Tesla @elonmusk lol for real!   As I commiserate with other losers in a scarcity manufactured mindset.    If you want help with that let me know ...", "likes_count": 0, "replies_count": 0, "retweets_count": 0, "hashtags": []}
{"id": 1124825791051771906, "date": "2019-05-04", "time": "19:59:01", "tweet": "@adamclarke_5 @elonmusk @CNBC 😂😂😂  https://t.co/kVHHRZBZYA", "likes_count": 0, "replies_count": 0, "retweets_count": 0, "hashtags": []}
{"id": 1124825773158883329, "date": "2019-05-04", "time": "19:58:57", "tweet": "@elonmusk Could you sell it for about this Price in Germany too Please? 😁", "likes_count": 0, "replies_count": 0, "retweets_count": 0, "hashtags": []}
{"id": 1124825770772156421, "date": "2019-05-04", "time": "19:58:56", "tweet": "@Trumpery45 @nickpryor @RandyVegetables @MartianShort @HelperTesla @sc101_101 @ATX_fight_club @NuovaRealta @ahteebor @maxma2019 @elonmusk Justin. You are being such a nag on this. Let people make their own decisions rather than trying to force your opinion upon them.  You sound like some old auntie that does not want the kids to go out and play.  Relax a bit and enjoy the journey.", "likes_count": 1, "replies_count": 2, "retweets_count": 0, "hashtags": []}
{"id": 1124825763134492672, "date": "2019-05-04", "time": "19:58:54", "tweet": "@elonmusk @teslaownersSV You can order Mad Max version trike two huge supercapacitor CNG tank looking at the back this is the Mad Max look trike from Tesla hopefully this will happen in the future over 200 mile maybe more supercharger charging on level 2 Charging🤔", "likes_count": 1, "replies_count": 0, "retweets_count": 1, "hashtags": []}
{"id": 1124825760319938561, "date": "2019-05-04", "time": "19:58:54", "tweet": "@Seeker @elonmusk @YouTube Wow. That would be awesome", "likes_count": 0, "replies_count": 0, "retweets_count": 0, "hashtags": []}
{"id": 1124825755605557248, "date": "2019-05-04", "time": "19:58:53", "tweet": "@elonmusk @Tesla Can we get video enabled in the browser when the car is parked?", "likes_count": 0, "replies_count": 0, "retweets_count": 0, "hashtags": []}
{"id": 1124825741441421313, "date": "2019-05-04", "time": "19:58:49", "tweet": "Who Framed Roger Rabbit but it’s @elonmusk in a world where anime girls are real", "likes_count": 3, "replies_count": 0, "retweets_count": 0, "hashtags": []}
{"id": 1124825714564501505, "date": "2019-05-04", "time": "19:58:43", "tweet": "@elonmusk enjoying my weekend and hope you are to. However it’s 2019 so do you give ur workers discount on vehicles? See you soon, Senpai out..", "likes_count": 0, "replies_count": 0, "retweets_count": 0, "hashtags": []}
{"id": 1124825693722959872, "date": "2019-05-04", "time": "19:58:38", "tweet": "@elonmusk My first car will be a tesla.", "likes_count": 0, "replies_count": 0, "retweets_count": 0, "hashtags": []}
{"id": 1124825689407008768, "date": "2019-05-04", "time": "19:58:37", "tweet": "@elonmusk @CNBC We need a Buffet + Musk collab on a new album, featuring the top hits:  1. \"It's Five O'Clock on Mars\"  2. \"Margaritas in the Cave\" - featuring Pedoboy.🍹 3. \"Cheeseburgers With Spaceman\".🍔  https://t.co/MdnvtOYuX3", "likes_count": 0, "replies_count": 0, "retweets_count": 0, "hashtags": []}
{"id": 1124825662315991041, "date": "2019-05-04", "time": "19:58:30", "tweet": "Buffet is fucking senile. How are you going to doubt ANYTHING @elonmusk does?", "likes_count": 0, "replies_count": 0, "retweets_count": 0, "hashtags": []}
{"id": 1124825653034016768, "date": "2019-05-04", "time": "19:58:28", "tweet": "@jakbosmackbo @swordscythe @Tesla @elonmusk Yeah. Tech man.", "likes_count": 0, "replies_count": 0, "retweets_count": 0, "hashtags": []}
