{"id": 1127362549417172994, "date": "2019-05-11", "time": "19:59:11", "tweet": "@elonmusk Make a cat update on-hair !", "likes_count": 0, "replies_count": 0, "retweets_count": 0, "hashtags": []}
{"id": 1127362538578923520, "date": "2019-05-11", "time": "19:59:09", "tweet": "@elonmusk @Tesla On Puerto Rico’s 'Forgotten Island,' Tesla's Busted Solar Panels Tell A Cautionary Tale  https://t.co/stoHZyWHPf  https://t.co/HB6gSCvAw6", "likes_count": 0, "replies_count": 0, "retweets_count": 0, "hashtags": []}
{"id": 1127362528286318592, "date": "2019-05-11", "time": "19:59:06", "tweet": "@montyincroissy @elonmusk Hydrogen is not abundant, you need to make it using electricity - 3x as much. So if you're using fossil fuels for electricity then it's 3x as much. Lithium you constantly reuse, it's not the car's fuel. Many can grow their own electricity with solar cells. H2 you can't.", "likes_count": 0, "replies_count": 0, "retweets_count": 0, "hashtags": []}
{"id": 1127362476624846848, "date": "2019-05-11", "time": "19:58:54", "tweet": "@elonmusk A Tesla that is a hover car.", "likes_count": 0, "replies_count": 0, "retweets_count": 0, "hashtags": []}
{"id": 1127362435600404480, "date": "2019-05-11", "time": "19:58:44", "tweet": "@IanPavelko @28delayslater $TSLAQ @elonmusk Nope they’ve been Rollin in this @AudiOfficial for 9 years, in their Imagination. 😏  https://t.co/fKAV6Un1CK", "likes_count": 2, "replies_count": 0, "retweets_count": 0, "hashtags": []}
{"id": 1127362328440107008, "date": "2019-05-11", "time": "19:58:19", "tweet": "@elonmusk @Tesla from India, Saving little by little, one day will buy Tesla Models S DAY 59.", "likes_count": 0, "replies_count": 0, "retweets_count": 0, "hashtags": []}
{"id": 1127362320504639488, "date": "2019-05-11", "time": "19:58:17", "tweet": "Pornhub searches for Tesla surge thanks to *that* video and some Elon Musk tweets  https://t.co/VCcOlqWHRp via @vilnis11 #marketing  https://t.co/qVhtqt3Cr7", "likes_count": 1, "replies_count": 0, "retweets_count": 0, "hashtags": ["marketing"]}
{"id": 1127362205891137536, "date": "2019-05-11", "time": "19:57:49", "tweet": "Someone Photoshopped Elon Musk on a baby and it's hilarious  https://t.co/jS3U9ASuw4", "likes_count": 0, "replies_count": 0, "retweets_count": 0, "hashtags": []}
{"id": 1127362058490507264, "date": "2019-05-11", "time": "19:57:14", "tweet": "@omniamea @elonmusk @Lebeaucarnews Here's some irony, most of my Dysons were obsolete by Roombas ....", "likes_count": 0, "replies_count": 0, "retweets_count": 0, "hashtags": []}
{"id": 1127361856186855424, "date": "2019-05-11", "time": "19:56:26", "tweet": "@elonmusk Ofcourse", "likes_count": 0, "replies_count": 0, "retweets_count": 0, "hashtags": []}
{"id": 1127361847978409984, "date": "2019-05-11", "time": "19:56:24", "tweet": "Today is a day I wished I had the capital of @elonmusk. Anyone out there with some spare coin want to invest in some students to make something to prevent them being lost forever to jobs?", "likes_count": 0, "replies_count": 0, "retweets_count": 0, "hashtags": []}
{"id": 1127361839367507968, "date": "2019-05-11", "time": "19:56:22", "tweet": "@ElonUpdates @elonmusk Lolol", "likes_count": 0, "replies_count": 0, "retweets_count": 0, "hashtags": []}
{"id": 1127361794996154368, "date": "2019-05-11", "time": "19:56:11", "tweet": "Hey @elonmusk after your done fixing the LA traffic think you could help with the flooding issues in Houston. I’m sure @TRAEABN would show you around the city and point out the major problem areas.", "likes_count": 0, "replies_count": 0, "retweets_count": 2, "hashtags": []}
{"id": 1127361720249475072, "date": "2019-05-11", "time": "19:55:54", "tweet": "@elonmusk He he boi", "likes_count": 1, "replies_count": 0, "retweets_count": 0, "hashtags": []}
{"id": 1127361611264610304, "date": "2019-05-11", "time": "19:55:28", "tweet": "@elonmusk my friend and I made these for a school project. how do you feel about these shirts?  https://t.co/UotdzFW86q", "likes_count": 1, "replies_count": 0, "retweets_count": 0, "hashtags": []}
{"id": 1127361405341044737, "date": "2019-05-11", "time": "19:54:39", "tweet": "Shoot Up YouTube Faster Than A #Joe #Rogan Elon Musk Video  https://t.co/7hlawrpo3E", "likes_count": 1, "replies_count": 0, "retweets_count": 0, "hashtags": ["joe", "rogan"]}
{"id": 1127361298214342656, "date": "2019-05-11", "time": "19:54:13", "tweet": "@mortchad @elonmusk @Tesla Nfw?!", "likes_count": 0, "replies_count": 0, "retweets_count": 0, "hashtags": []}
{"id": 1127361281349029888, "date": "2019-05-11", "time": "19:54:09", "tweet": "@elonmusk @Tesla Nigeria's Growing Technology Recession And the Solar Eagles Drive for Solar-Electric Revolution  https://t.co/aFPOpdlnc7", "likes_count": 0, "replies_count": 0, "retweets_count": 0, "hashtags": []}
{"id": 1127361270443732992, "date": "2019-05-11", "time": "19:54:06", "tweet": "Todays News. Elon Musk faces trial over 'pedo' tweet  https://t.co/1GfinkZTMT  https://t.co/aA7cEhV3pw", "likes_count": 0, "replies_count": 0, "retweets_count": 0, "hashtags": []}
{"id": 1127361188256346113, "date": "2019-05-11", "time": "19:53:47", "tweet": "@elonmusk No u", "likes_count": 0, "replies_count": 0, "retweets_count": 0, "hashtags": []}
{"id": 1127361055968169985, "date": "2019-05-11", "time": "19:53:15", "tweet": "@elonmusk  https://t.co/avw8kPDBBt", "likes_count": 1, "replies_count": 0, "retweets_count": 0, "hashtags": []}
{"id": 1127361055850672128, "date": "2019-05-11", "time": "19:53:15", "tweet": "@elonmusk @NASA @SpaceX , Cool Meteor captured on doorbell camera last night", "likes_count": 0, "replies_count": 0, "retweets_count": 0, "hashtags": []}
{"id": 1127360968109858816, "date": "2019-05-11", "time": "19:52:54", "tweet": "@ICannot_Enough @elonmusk Nice, I'm at 198 wh/mi....looks like you'll be passing me soon!", "likes_count": 1, "replies_count": 1, "retweets_count": 0, "hashtags": []}
{"id": 1127360824777986048, "date": "2019-05-11", "time": "19:52:20", "tweet": "@elonmusk @GRU_AGENT_420 Preferably P100D !!", "likes_count": 0, "replies_count": 0, "retweets_count": 0, "hashtags": []}
{"id": 1127360793870249984, "date": "2019-05-11", "time": "19:52:13", "tweet": "Finally seen Machete Kills.  Great movie.  @elonmusk Why were you in it lol  I will patiently wait for the third movie.", "likes_count": 1, "replies_count": 0, "retweets_count": 0, "hashtags": []}
{"id": 1127360615478022144, "date": "2019-05-11", "time": "19:51:30", "tweet": "🎯 Elon Musk, el genio de la tecnología que trabaja sin descanso...  https://t.co/9qX5fPmN5Z", "likes_count": 0, "replies_count": 0, "retweets_count": 0, "hashtags": []}
{"id": 1127360590719213568, "date": "2019-05-11", "time": "19:51:24", "tweet": "Sin embargo, se demandará a Elon Musk por llamar a un pedófilo espía que ayudó a rescatar a niños en Tailandia.  https://t.co/W2VrzWl1X5", "likes_count": 0, "replies_count": 0, "retweets_count": 0, "hashtags": []}
{"id": 1127360586441007104, "date": "2019-05-11", "time": "19:51:23", "tweet": "@elonmusk It is much more convenient for them to be here ...👇🏻👇🏻  https://t.co/UVUSYBbbPD", "likes_count": 1, "replies_count": 0, "retweets_count": 0, "hashtags": []}
{"id": 1127360568879472643, "date": "2019-05-11", "time": "19:51:19", "tweet": "@elonmusk please let me pay to add internet browser to my model 3 standard plus", "likes_count": 0, "replies_count": 0, "retweets_count": 0, "hashtags": []}
{"id": 1127360558150365184, "date": "2019-05-11", "time": "19:51:17", "tweet": "@elonmusk I know the seats are great, but could we have lumbar programmed to message the lower back for those of us with lower back issues?", "likes_count": 0, "replies_count": 0, "retweets_count": 0, "hashtags": []}
{"id": 1127360494162055168, "date": "2019-05-11", "time": "19:51:01", "tweet": "@chadsmith @HKarpanian @markbspiegel @elonmusk Yeah, I've written plenty of bugs too. Doesn't mean I accept critical safety failures in my cars with a shrug. It is absolutely the mindset of someone who would buy a Tesla. I'm glad you enjoy seeing things break; here's hoping you enjoy the rest of the failures as much.", "likes_count": 1, "replies_count": 0, "retweets_count": 0, "hashtags": []}
{"id": 1127360479582654465, "date": "2019-05-11", "time": "19:50:58", "tweet": "Tesla’s Elon Musk Trashes Lidar For Self-Driving Cars, But Waymo Is Rolling Out A New One via @forbes  https://t.co/PGRRAGG6bb", "likes_count": 0, "replies_count": 1, "retweets_count": 0, "hashtags": []}
{"id": 1127360417079099392, "date": "2019-05-11", "time": "19:50:43", "tweet": "@McdavidWill @SkittlesMcClure @Lexus @elonmusk It’s already autonomous on highways", "likes_count": 0, "replies_count": 0, "retweets_count": 0, "hashtags": []}
{"id": 1127360354923761669, "date": "2019-05-11", "time": "19:50:28", "tweet": "Someone Photoshopped @elonmusk on a baby and it's hilarious  https://t.co/uFgpZiUP8g", "likes_count": 0, "replies_count": 0, "retweets_count": 0, "hashtags": []}
{"id": 1127360251173453824, "date": "2019-05-11", "time": "19:50:03", "tweet": "Elon Musk faces trial for ‘pedo’ insult after dismissal attempt fails – National  https://t.co/CkSzm4XhWR  https://t.co/4Mm89nUyvu", "likes_count": 0, "replies_count": 0, "retweets_count": 0, "hashtags": []}
{"id": 1127360108051218437, "date": "2019-05-11", "time": "19:49:29", "tweet": "Elon Musk faces trial over 'pedo' tweet  https://t.co/zFDi6VA1Sp", "likes_count": 0, "replies_count": 0, "retweets_count": 0, "hashtags": []}
{"id": 1127360077692850178, "date": "2019-05-11", "time": "19:49:22", "tweet": "@elonmusk hi", "likes_count": 0, "replies_count": 0, "retweets_count": 0, "hashtags": []}
{"id": 1127360064644423681, "date": "2019-05-11", "time": "19:49:19", "tweet": "🔔 Elon Musk abre el primer túnel subterráneo para aliviar el tráfico en Los Ángeles...  https://t.co/DanWMWhbbR", "likes_count": 3, "replies_count": 0, "retweets_count": 0, "hashtags": []}
{"id": 1127359955953180674, "date": "2019-05-11", "time": "19:48:53", "tweet": "@coinaday1 @HKarpanian @markbspiegel @elonmusk More like the mindset of a software engineer. Usually I'm the one making the bugs.", "likes_count": 1, "replies_count": 3, "retweets_count": 0, "hashtags": []}
{"id": 1127359738960908289, "date": "2019-05-11", "time": "19:48:01", "tweet": "Another conspiracy: the apathetic Artificial Intelligence Elon Musk warned us about in the center or the earth are definitely wanting to implant thoughts while you sleep ....also FUCK YOU for not messaging me back yesterday", "likes_count": 0, "replies_count": 0, "retweets_count": 0, "hashtags": []}
{"id": 1127359680651636737, "date": "2019-05-11", "time": "19:47:47", "tweet": "@style_and_steel @elonmusk @Lebeaucarnews all my dysons have broken tbh . main material = plastic. triumph of marketing over function. lets hope the cars are better .", "likes_count": 1, "replies_count": 2, "retweets_count": 0, "hashtags": []}
{"id": 1127359663987671041, "date": "2019-05-11", "time": "19:47:43", "tweet": "@EricPaulDennis @elonmusk Frankly I don’t mind having to take control of the vehicle in some situations as I have driven before. :) but it’s not self driving just because it can navigate highways. To me that means from point A to point B, Like the commute to work or get groceries", "likes_count": 0, "replies_count": 0, "retweets_count": 0, "hashtags": []}
{"id": 1127359579518590977, "date": "2019-05-11", "time": "19:47:23", "tweet": "@elonmusk Tesla's autopilot has a really long way to go handle UK cities:  https://t.co/pvfBemGFQI  How will it learn such a complex and busy situation unlike USA's cleaner road system?", "likes_count": 0, "replies_count": 0, "retweets_count": 0, "hashtags": []}
{"id": 1127359493442957312, "date": "2019-05-11", "time": "19:47:03", "tweet": "@SysAdmnNinja @elonmusk I’ll take the asteroid thank you.", "likes_count": 10, "replies_count": 1, "retweets_count": 0, "hashtags": []}
{"id": 1127359414980075520, "date": "2019-05-11", "time": "19:46:44", "tweet": "@elonmusk Better sent them to Mars else Moon the first of them to be on such a deep space Voyage ☺️☺️", "likes_count": 0, "replies_count": 0, "retweets_count": 0, "hashtags": []}
{"id": 1127359324349767682, "date": "2019-05-11", "time": "19:46:22", "tweet": "@elonmusk still waiting for the day you start your own youtube channel", "likes_count": 0, "replies_count": 0, "retweets_count": 0, "hashtags": []}
{"id": 1127359147832377344, "date": "2019-05-11", "time": "19:45:40", "tweet": "@universal_sci @Tesla @elonmusk", "likes_count": 0, "replies_count": 0, "retweets_count": 0, "hashtags": []}
{"id": 1127359069596082176, "date": "2019-05-11", "time": "19:45:22", "tweet": "#ElonMusk Responds Perfectly To Porno Filmed In A Self-Driving Tesla #TESLA  https://t.co/TkpcPpCD03  https://t.co/wZuV8IM2aR", "likes_count": 0, "replies_count": 0, "retweets_count": 0, "hashtags": ["elonmusk", "tesla"]}
{"id": 1127359037375430661, "date": "2019-05-11", "time": "19:45:14", "tweet": "@claufresearch @heikki_anttila @RichardKeppler1 @jurabilis @elonmusk @Tesla btw - Elon is not vegan whatsoever . not even vegetarian, zero interest in animal welfare or climate change  he doesn't give a damn about the environment also   https://t.co/61eufD9ga5 stop defending the indefensible &amp; being an apologist for a narcissistic megalomanic con-man", "likes_count": 0, "replies_count": 1, "retweets_count": 0, "hashtags": []}
{"id": 1127358818197762048, "date": "2019-05-11", "time": "19:44:22", "tweet": "Elon Musk is overrated.", "likes_count": 1, "replies_count": 1, "retweets_count": 1, "hashtags": []}
{"id": 1127358782772793349, "date": "2019-05-11", "time": "19:44:13", "tweet": "@elonmusk instead of waiting at the charge station 30 minutes or more to charge a car how about making battery detachable? Think of it like pogo pins. You drive up, empty module undocks and freshly charged one connects from the bottom.  Call it cell sharing ;-) love the brand!", "likes_count": 0, "replies_count": 0, "retweets_count": 0, "hashtags": []}
{"id": 1127358693140570113, "date": "2019-05-11", "time": "19:43:52", "tweet": "@tsla_dave @Tesla @elonmusk This will never be a thing. Just like Uber and all the little problems getting it off the blocks, majority will rule.", "likes_count": 1, "replies_count": 0, "retweets_count": 0, "hashtags": []}
{"id": 1127358592091336704, "date": "2019-05-11", "time": "19:43:28", "tweet": "@EricPaulDennis @elonmusk I know he saying things that sound like level 4-5 but let’s be real. There’s no way it’s gonna be &gt; 3. There are companies that are claiming to have level 5 in prod. in the next 3 to 4 years like Aston Martin &amp; Renault, but those systems combine multi-radar, camera AND lidar.", "likes_count": 0, "replies_count": 0, "retweets_count": 0, "hashtags": []}
{"id": 1127358556544520192, "date": "2019-05-11", "time": "19:43:19", "tweet": "@TeslaMiles @ICannot_Enough @elonmusk @Tesla A little lower!  https://t.co/dwM4KPHwrq", "likes_count": 7, "replies_count": 4, "retweets_count": 1, "hashtags": []}
{"id": 1127358463934332928, "date": "2019-05-11", "time": "19:42:57", "tweet": "@elonmusk I’ve just been listen to you, has anyone told you your voice is very hypnotic. 😌", "likes_count": 0, "replies_count": 0, "retweets_count": 0, "hashtags": []}
{"id": 1127358454744657922, "date": "2019-05-11", "time": "19:42:55", "tweet": "Matte or glossy? I love my center console wrap. Great before and pictures. @Tesla @elonmusk @Model3Owners  https://t.co/9950xqIpo7", "likes_count": 3, "replies_count": 0, "retweets_count": 0, "hashtags": []}
{"id": 1127358416807178243, "date": "2019-05-11", "time": "19:42:46", "tweet": "@Back2Warcraft They say @elonmusk dedication to his job is unparalleled. Well, yours is even more.", "likes_count": 0, "replies_count": 0, "retweets_count": 0, "hashtags": []}
{"id": 1127358395172962304, "date": "2019-05-11", "time": "19:42:41", "tweet": "@elonmusk Send a photo of your pet... my daughter Sarah will do a portrait.  @sarahpaintspets", "likes_count": 1, "replies_count": 0, "retweets_count": 0, "hashtags": []}
{"id": 1127358328743632901, "date": "2019-05-11", "time": "19:42:25", "tweet": "@elonmusk  Let's fix this b4 this season, have the time to volunteer. Vieques need it badly.  On Puerto Rico’s 'Forgotten Island,' Tesla's Busted Solar Panels Tell A Cautionary Tale  https://t.co/VsF3Ggrt6A", "likes_count": 0, "replies_count": 0, "retweets_count": 0, "hashtags": []}
{"id": 1127358255460683777, "date": "2019-05-11", "time": "19:42:08", "tweet": "Challenge for @elonmusk : Drive from Kipling to I-25 on C470 in Denver on Autopilot without yelling at the vehicle. Got so bad my wife finally yelled “just turn it off”", "likes_count": 1, "replies_count": 0, "retweets_count": 0, "hashtags": []}
{"id": 1127358188167290880, "date": "2019-05-11", "time": "19:41:52", "tweet": "@sub_rblx @elonmusk someone else use ur device too fam?", "likes_count": 0, "replies_count": 0, "retweets_count": 0, "hashtags": []}
{"id": 1127358184304402433, "date": "2019-05-11", "time": "19:41:51", "tweet": "@elonmusk change your picture back to edward. what were you thinking changing it?", "likes_count": 0, "replies_count": 0, "retweets_count": 0, "hashtags": []}
{"id": 1127358181276028929, "date": "2019-05-11", "time": "19:41:50", "tweet": "Elon Musk responds after porn star posts video of sex encounter while riding in Tesla on Autopilot - Fox News  https://t.co/LfFiQ1wpgc", "likes_count": 0, "replies_count": 0, "retweets_count": 0, "hashtags": []}
{"id": 1127358167946551297, "date": "2019-05-11", "time": "19:41:47", "tweet": "@steveouttrim Glad to see Elon Musk played no part in this.", "likes_count": 0, "replies_count": 0, "retweets_count": 0, "hashtags": []}
{"id": 1127358108643229699, "date": "2019-05-11", "time": "19:41:33", "tweet": "@elonmusk PLEASE fix the wipers on the model 3. They’re about 30 raindrops behind reality", "likes_count": 0, "replies_count": 0, "retweets_count": 0, "hashtags": []}
{"id": 1127358105552080896, "date": "2019-05-11", "time": "19:41:32", "tweet": "Elon Musk is the goat", "likes_count": 0, "replies_count": 0, "retweets_count": 0, "hashtags": []}
{"id": 1127358088833654791, "date": "2019-05-11", "time": "19:41:28", "tweet": "Thank you Tesla and Elon for making such a great car that is also fun to drive!!  2019 Performance 3, 2018 Model 3, and 2018 Model S,  Love them all.  @elonmusk @Tesla  https://t.co/LaSym7ruS2", "likes_count": 1, "replies_count": 0, "retweets_count": 0, "hashtags": []}
{"id": 1127358030452908032, "date": "2019-05-11", "time": "19:41:14", "tweet": "@elonmusk Ohh so you know too!! That's good", "likes_count": 0, "replies_count": 0, "retweets_count": 0, "hashtags": []}
{"id": 1127358017593384962, "date": "2019-05-11", "time": "19:41:11", "tweet": "@elonmusk sure does make a nice car🤤  https://t.co/1r9JRypiWf", "likes_count": 0, "replies_count": 0, "retweets_count": 0, "hashtags": []}
{"id": 1127357975881027584, "date": "2019-05-11", "time": "19:41:01", "tweet": "@elonmusk i love you more and more everyday", "likes_count": 0, "replies_count": 0, "retweets_count": 0, "hashtags": []}
{"id": 1127357972978458624, "date": "2019-05-11", "time": "19:41:00", "tweet": "Inside #BYD #cars (“Build Your #Dreams” in #China) — the world’s largest maker of #electric #vehicles @ElonMusk @MayeMusk  https://t.co/bFfDkurGlx", "likes_count": 0, "replies_count": 0, "retweets_count": 0, "hashtags": ["byd", "cars", "dreams", "china", "electric", "vehicles"]}
{"id": 1127357963763572737, "date": "2019-05-11", "time": "19:40:58", "tweet": "@JohnnaCrider1 @elonmusk ♥️", "likes_count": 2, "replies_count": 1, "retweets_count": 0, "hashtags": []}
{"id": 1127357904988909569, "date": "2019-05-11", "time": "19:40:44", "tweet": "recien hoy me entero de quien es elon musk y veo que es un capo", "likes_count": 1, "replies_count": 0, "retweets_count": 0, "hashtags": []}
{"id": 1127357839343665153, "date": "2019-05-11", "time": "19:40:28", "tweet": "I wanna party with Elon Musk.", "likes_count": 4, "replies_count": 1, "retweets_count": 0, "hashtags": []}
{"id": 1127357817508200452, "date": "2019-05-11", "time": "19:40:23", "tweet": "@elonmusk i will lose it if you change your PFP to a jojo reference", "likes_count": 0, "replies_count": 0, "retweets_count": 0, "hashtags": []}
{"id": 1127357764324532224, "date": "2019-05-11", "time": "19:40:10", "tweet": "You Don't Have to Be Elon Musk to Make a Difference  https://t.co/j5EbEEesi9 via @Entrepreneur  https://t.co/HOFwBBQL2L", "likes_count": 0, "replies_count": 0, "retweets_count": 0, "hashtags": []}
{"id": 1127357749690605573, "date": "2019-05-11", "time": "19:40:07", "tweet": "@EricPaulDennis @elonmusk Audi beat them to level 3 (in certain markets), but Tesla’s current hardware probably can do level 3 given legal requirements ..", "likes_count": 0, "replies_count": 1, "retweets_count": 0, "hashtags": []}
{"id": 1127357716102619136, "date": "2019-05-11", "time": "19:39:59", "tweet": "@elonmusk BUZZ LOOK AN ALIEN!  https://t.co/YakpZn35sr", "likes_count": 0, "replies_count": 0, "retweets_count": 0, "hashtags": []}
{"id": 1127357672796221440, "date": "2019-05-11", "time": "19:39:49", "tweet": "@Tesla @elonmusk  Then what will his  @Tesla  team turn the amphibious car into  @elonmusk  💦🔴 Mars has water  Wait  for it, with Elon it’s just a matter of time ❤️", "likes_count": 0, "replies_count": 0, "retweets_count": 0, "hashtags": []}
{"id": 1127357616701595649, "date": "2019-05-11", "time": "19:39:35", "tweet": "Does this mean popularity or poor naming skills @elonmusk ?", "likes_count": 0, "replies_count": 0, "retweets_count": 0, "hashtags": []}
{"id": 1127357579288633346, "date": "2019-05-11", "time": "19:39:26", "tweet": "🔔 Elon Musk abre el primer túnel subterráneo para aliviar el tráfico en Los Ángeles...  https://t.co/87nnYSJqYf", "likes_count": 0, "replies_count": 0, "retweets_count": 0, "hashtags": []}
{"id": 1127357505548345344, "date": "2019-05-11", "time": "19:39:09", "tweet": "@elonmusk Cats have some negative experience with being in a box.", "likes_count": 0, "replies_count": 0, "retweets_count": 0, "hashtags": []}
{"id": 1127357427383291904, "date": "2019-05-11", "time": "19:38:50", "tweet": "@elonmusk  @SpaceX @tesla I found starman for you.  Want him back?  https://t.co/VESjJ0WCjh", "likes_count": 0, "replies_count": 0, "retweets_count": 0, "hashtags": []}
{"id": 1127357425525202945, "date": "2019-05-11", "time": "19:38:50", "tweet": "Yessss!!! Please do me first @elonmusk please!! I want to become silicon based life form so bad!! My friends think I'm crazy but it is the only way!! I'll go first just hit me up in the DM.. I got you bro!  https://t.co/w5veUGHcwb", "likes_count": 0, "replies_count": 0, "retweets_count": 0, "hashtags": []}
{"id": 1127357419175272449, "date": "2019-05-11", "time": "19:38:48", "tweet": "@elonmusk Elon, if I want to fly a space shuttle into the sun. What would the trajectory look like? If the shuttle could withstand the heat of the sun, what would be the ETE? If the ship couldn't withstand the heat, when would it burn up (conventional materials)? (novel research)", "likes_count": 0, "replies_count": 0, "retweets_count": 0, "hashtags": []}
{"id": 1127357238400757761, "date": "2019-05-11", "time": "19:38:05", "tweet": "@elonmusk Dear Mr. Elon, I am an undergrad student who is obsessed with tech and is excelling academically. I've been accepted into NYU class of 2023 to study computer engineering. I was wondering if you could financially help this poor Egyptian student chase his dream at NYU.", "likes_count": 0, "replies_count": 0, "retweets_count": 0, "hashtags": []}
{"id": 1127357199401963520, "date": "2019-05-11", "time": "19:37:56", "tweet": "@elonmusk ♡⁽⁽٩(๑˃̶͈̀ ᗨ ˂̶͈́)۶⁾⁾♡", "likes_count": 0, "replies_count": 0, "retweets_count": 0, "hashtags": []}
{"id": 1127357195690160128, "date": "2019-05-11", "time": "19:37:55", "tweet": "@elonmusk can you take a picture of the earth with your iPhone so flat earthers can calm down about flat planet ?", "likes_count": 0, "replies_count": 0, "retweets_count": 0, "hashtags": []}
{"id": 1127356954253434882, "date": "2019-05-11", "time": "19:36:57", "tweet": "@semil People would pay for a solution to this @tesla @elonmusk", "likes_count": 0, "replies_count": 0, "retweets_count": 0, "hashtags": []}
{"id": 1127356839170117634, "date": "2019-05-11", "time": "19:36:30", "tweet": "@PWSullivan Elon Musk would be proud of that launch.", "likes_count": 0, "replies_count": 0, "retweets_count": 0, "hashtags": []}
{"id": 1127356698476326912, "date": "2019-05-11", "time": "19:35:56", "tweet": "@ZeroLaw17 @marialauraadr @elonmusk Jeff Who?", "likes_count": 1, "replies_count": 1, "retweets_count": 0, "hashtags": []}
{"id": 1127356596827254784, "date": "2019-05-11", "time": "19:35:32", "tweet": "@elonmusk i will continue your legacy 🍃", "likes_count": 0, "replies_count": 0, "retweets_count": 0, "hashtags": []}
{"id": 1127356485346918400, "date": "2019-05-11", "time": "19:35:06", "tweet": "You Don't Have to Be Elon Musk to Make a Difference via @Entrepreneur @barrettwissman  https://t.co/7JxcS0WxW0", "likes_count": 0, "replies_count": 0, "retweets_count": 0, "hashtags": []}
{"id": 1127356438999961600, "date": "2019-05-11", "time": "19:34:54", "tweet": "so like are we just gonna pretend Elon Musk isn’t life’s greatest blessing?? Cause he is", "likes_count": 3, "replies_count": 0, "retweets_count": 1, "hashtags": []}
{"id": 1127356141812572160, "date": "2019-05-11", "time": "19:33:44", "tweet": "Elon Musk faces trial over 'pedo' tweet: Musk is an arrogant ASS HOLE who must pay for his flippant   &amp; vile tweet  https://t.co/1Fwc9XMBgP", "likes_count": 0, "replies_count": 0, "retweets_count": 0, "hashtags": []}
{"id": 1127355874404642817, "date": "2019-05-11", "time": "19:32:40", "tweet": "@elonmusk so...................Mars", "likes_count": 0, "replies_count": 0, "retweets_count": 0, "hashtags": []}
{"id": 1127355823502454784, "date": "2019-05-11", "time": "19:32:28", "tweet": "@SpX_memes @ElonUpdates @elonmusk @RenataKonkoly @sara_boutall @MoWo91 @frunkpuppy @JohnnaCrider1 ❤️", "likes_count": 1, "replies_count": 0, "retweets_count": 0, "hashtags": []}
{"id": 1127355818532376576, "date": "2019-05-11", "time": "19:32:27", "tweet": "Elon Musk faces trial over 'pedo' tweet - so much more serious in English...  https://t.co/J7IJPbTTE6", "likes_count": 0, "replies_count": 0, "retweets_count": 0, "hashtags": []}
{"id": 1127355785929822208, "date": "2019-05-11", "time": "19:32:19", "tweet": "@LarryRosenthal Agreed 100%.  Where's the Elon Musk of Earth?! 🤔", "likes_count": 0, "replies_count": 1, "retweets_count": 0, "hashtags": []}
{"id": 1127355766577479681, "date": "2019-05-11", "time": "19:32:14", "tweet": "@TeslaLisa @elonmusk @Tesla @Rivian Illinois is so desperately broke, thats why", "likes_count": 0, "replies_count": 0, "retweets_count": 0, "hashtags": []}
