{"id": 1188243901066272769, "date": "2019-10-26", "time": "19:59:57", "tweet": "@CarolineGee8 @Tesla @elonmusk  https://t.co/AdYwqRjmF2", "likes_count": 3, "replies_count": 1, "retweets_count": 0, "hashtags": []}
{"id": 1188243864517103616, "date": "2019-10-26", "time": "19:59:48", "tweet": "@elonmusk Too big brain at the time", "likes_count": 0, "replies_count": 0, "retweets_count": 0, "hashtags": []}
{"id": 1188243850961268739, "date": "2019-10-26", "time": "19:59:45", "tweet": "@elonmusk you ever consider making a Tesla semi truck?", "likes_count": 0, "replies_count": 0, "retweets_count": 0, "hashtags": []}
{"id": 1188243844044853251, "date": "2019-10-26", "time": "19:59:43", "tweet": "@elonmusk Knowing this is the best thing.", "likes_count": 0, "replies_count": 0, "retweets_count": 0, "hashtags": []}
{"id": 1188243823283056642, "date": "2019-10-26", "time": "19:59:38", "tweet": "@elonmusk So what were bread knives used for then?", "likes_count": 0, "replies_count": 0, "retweets_count": 0, "hashtags": []}
{"id": 1188243808619782144, "date": "2019-10-26", "time": "19:59:35", "tweet": "@JaneidyEve @elonmusk Are you answering to every Elon musk's tweets ?", "likes_count": 0, "replies_count": 0, "retweets_count": 0, "hashtags": []}
{"id": 1188243799442706435, "date": "2019-10-26", "time": "19:59:32", "tweet": "@elonmusk The Earl of Sandwich", "likes_count": 0, "replies_count": 0, "retweets_count": 0, "hashtags": []}
{"id": 1188243790320095233, "date": "2019-10-26", "time": "19:59:30", "tweet": "@elonmusk How epic would it be if Elon matched the 20 million goal #TeamTrees", "likes_count": 2, "replies_count": 0, "retweets_count": 0, "hashtags": ["teamtrees"]}
{"id": 1188243783495884802, "date": "2019-10-26", "time": "19:59:29", "tweet": "Ora! @elonmusk @TheEllenShow @Oprah ustedes también jalense!", "likes_count": 0, "replies_count": 0, "retweets_count": 0, "hashtags": []}
{"id": 1188243779649724421, "date": "2019-10-26", "time": "19:59:28", "tweet": "This whole thread @elonmusk", "likes_count": 0, "replies_count": 0, "retweets_count": 0, "hashtags": []}
{"id": 1188243761110716419, "date": "2019-10-26", "time": "19:59:23", "tweet": "@elonmusk Hey, with relativity I do think that is true.", "likes_count": 0, "replies_count": 0, "retweets_count": 0, "hashtags": []}
{"id": 1188243734867140609, "date": "2019-10-26", "time": "19:59:17", "tweet": "@elonmusk tire pressure warning in model S. Please code dashboard to also say what pressure to fill to, would help as I don’t know how bad it is. Kthx", "likes_count": 0, "replies_count": 0, "retweets_count": 0, "hashtags": []}
{"id": 1188243722842116096, "date": "2019-10-26", "time": "19:59:14", "tweet": "@MrBeastYT @elonmusk Just saying Elon, if you donate $100,003, it will start a chain reaction and MrBeast will donate $100,004", "likes_count": 0, "replies_count": 0, "retweets_count": 0, "hashtags": []}
{"id": 1188243714444947457, "date": "2019-10-26", "time": "19:59:12", "tweet": "@Jason @elonmusk @PGE4Me Ughhhhhh the 3 people I don’t want to fix this are @ replied to this", "likes_count": 0, "replies_count": 0, "retweets_count": 0, "hashtags": []}
{"id": 1188243685428695040, "date": "2019-10-26", "time": "19:59:05", "tweet": "@MrBeastYT @elonmusk @elonmusk do it coward", "likes_count": 0, "replies_count": 0, "retweets_count": 0, "hashtags": []}
{"id": 1188243683470168066, "date": "2019-10-26", "time": "19:59:05", "tweet": "@JasonCarrei @Inc @EntryLevelRebel @elonmusk Elon clearly needs a new Head of PR. This article is a big fail and sets the wrong tone!", "likes_count": 0, "replies_count": 1, "retweets_count": 0, "hashtags": []}
{"id": 1188243660237934592, "date": "2019-10-26", "time": "19:58:59", "tweet": "@3zizSz @elonmusk @Tesla الواضح ان السياره فوق سطحه  لان الدركسون ثابت مايتحرك !!", "likes_count": 0, "replies_count": 0, "retweets_count": 0, "hashtags": []}
{"id": 1188243624716312579, "date": "2019-10-26", "time": "19:58:51", "tweet": "@MrBeastYT @elonmusk Thanks, papa Beast  https://t.co/Bk5igHnzWU", "likes_count": 0, "replies_count": 0, "retweets_count": 0, "hashtags": []}
{"id": 1188243565840863234, "date": "2019-10-26", "time": "19:58:37", "tweet": "Test driving a #model3 today had me thinking about how wide the spectrum is for the driving experience. You never know how great the technology improves the driving experience until you actually drive it. @elonmusk", "likes_count": 1, "replies_count": 0, "retweets_count": 0, "hashtags": ["model3"]}
{"id": 1188243555052994560, "date": "2019-10-26", "time": "19:58:34", "tweet": "@elonmusk This looks like one of those Scooby-Doo sandwiches except it's entirely made of bread.", "likes_count": 0, "replies_count": 0, "retweets_count": 0, "hashtags": []}
