{"id": 1137509594778017792, "date": "2019-06-08", "time": "19:59:55", "tweet": "@globeandmail @CNN @ABCWorldNews  @USATODAY @NBCNews @HRWcanada @LawSocietyLSO @MapleLeafs @Raptors @BlueJays @JeffBezos @JustinTrudeau @elonmusk @OWNTV @TheEllenShow @RealWomenCanada MY  WHAT IN THE NAME OF GOD WILL IT TAKE YOU TO DO WHATS RIGHT. WHAT MR. TRUDEAU", "likes_count": 0, "replies_count": 0, "retweets_count": 0, "hashtags": []}
{"id": 1137509588607983616, "date": "2019-06-08", "time": "19:59:54", "tweet": "@elonmusk is Tesla insurance about to come out?", "likes_count": 0, "replies_count": 0, "retweets_count": 0, "hashtags": []}
{"id": 1137509581612027905, "date": "2019-06-08", "time": "19:59:52", "tweet": "@EvPorsche @rhensing @Tesla @elonmusk 😂", "likes_count": 0, "replies_count": 0, "retweets_count": 0, "hashtags": []}
{"id": 1137509447809544192, "date": "2019-06-08", "time": "19:59:20", "tweet": "@elonmusk could the emblem for the Principality of Zeon be on the spaceship? :) #uc0079", "likes_count": 0, "replies_count": 0, "retweets_count": 0, "hashtags": ["uc0079"]}
{"id": 1137509442340175880, "date": "2019-06-08", "time": "19:59:19", "tweet": "@TripleShawBoi @emrealt @iremderici @peraband @edisgorgulu @YildizzTilbee @JYHeffect @skullhong @elonmusk @realDonaldTrump  ckdkkaksmsks", "likes_count": 1, "replies_count": 1, "retweets_count": 0, "hashtags": []}
{"id": 1137509328427114496, "date": "2019-06-08", "time": "19:58:52", "tweet": "@elonmusk  People say I’m crazy, but that’s their limitations, not mine, I work full time, started part-time job this week, also sell products on eBay, sell products on website, trade stocks and collect dividends from stocks. Let’s see how big this will all pay off.  https://t.co/GiaxlnWrsq", "likes_count": 0, "replies_count": 0, "retweets_count": 0, "hashtags": []}
{"id": 1137509288887377920, "date": "2019-06-08", "time": "19:58:43", "tweet": "It should stay light out until 8 pm all year round. Someone start working on that. @elonmusk", "likes_count": 2, "replies_count": 0, "retweets_count": 0, "hashtags": []}
{"id": 1137509279458455552, "date": "2019-06-08", "time": "19:58:40", "tweet": "Demand issue? I'll let the lovers and haters argue whether @Tesla has a demand issue, but using @InsideEVs estimates for Jan-May - YOY Tesla sales are up 76.4% vs ALL OTHER EV models combined being down 23.6% cc: @elonmusk  https://t.co/ptelcbNc9y", "likes_count": 0, "replies_count": 1, "retweets_count": 0, "hashtags": []}
{"id": 1137509277575393281, "date": "2019-06-08", "time": "19:58:40", "tweet": "⭐️ “Cuando algo es lo suficientemente importante, lo haces incluso cuando las posibilidades no están en tu favor.” – Elon Musk (1971-actualidad)", "likes_count": 0, "replies_count": 0, "retweets_count": 0, "hashtags": []}
{"id": 1137509179676135425, "date": "2019-06-08", "time": "19:58:16", "tweet": "@globeandmail @CNN @ABCWorldNews  @USATODAY @NBCNews @HRWcanada @LawSocietyLSO @MapleLeafs @Raptors @BlueJays @JeffBezos @JustinTrudeau @elonmusk @OWNTV @TheEllenShow @RealWomenCanada WHEN INSIDE WE CHOKE. WHEN OUTSIDE THATS WHEN YOU CAN REALLY SMELL IT IN YOUR SYSTEM.", "likes_count": 0, "replies_count": 0, "retweets_count": 0, "hashtags": []}
{"id": 1137509143147950081, "date": "2019-06-08", "time": "19:58:08", "tweet": "@EvPorsche @28delayslater @Tesla @elonmusk Lol!!!!", "likes_count": 1, "replies_count": 0, "retweets_count": 0, "hashtags": []}
{"id": 1137509066849300481, "date": "2019-06-08", "time": "19:57:50", "tweet": "@vincent13031925 @tesla_truth @elonmusk You can add the Model S P100D to that list", "likes_count": 1, "replies_count": 1, "retweets_count": 0, "hashtags": []}
{"id": 1137509009999765505, "date": "2019-06-08", "time": "19:57:36", "tweet": "How Elon Musk Became Elon Musk  https://t.co/lkSgRcZCnF #Analysis #investment  https://t.co/cVwdrkSUq1", "likes_count": 0, "replies_count": 0, "retweets_count": 0, "hashtags": ["analysis", "investment"]}
{"id": 1137508897172971520, "date": "2019-06-08", "time": "19:57:09", "tweet": "@elonmusk @WillFealey How can I buy horsepower for my model 3 AWD Non-P? My checkbook is ready. Throw us a bone atleast on this often brought up question in the community.", "likes_count": 0, "replies_count": 0, "retweets_count": 0, "hashtags": []}
{"id": 1137508830424764421, "date": "2019-06-08", "time": "19:56:53", "tweet": "@globeandmail @CNN @ABCWorldNews  @USATODAY @NBCNews @HRWcanada @LawSocietyLSO @MapleLeafs @Raptors @BlueJays @JeffBezos @JustinTrudeau @elonmusk @OWNTV @TheEllenShow @RealWomenCanada Mr. Trudeau. WILL YOU FINALLY STOP THIS CHEMICALIST IN THE BASEMENT. HES CHOKING US.", "likes_count": 0, "replies_count": 0, "retweets_count": 0, "hashtags": []}
{"id": 1137508625667244032, "date": "2019-06-08", "time": "19:56:04", "tweet": "Think this was deliberate? @elonmusk  https://t.co/hDia7Z64Ot", "likes_count": 4, "replies_count": 0, "retweets_count": 0, "hashtags": []}
{"id": 1137508508591677440, "date": "2019-06-08", "time": "19:55:36", "tweet": "@DaytonaCopWatch @elonmusk And what are you? What’s your idea of a perfect system?  The Nordic model?  If so I agree that’s the best out there today.", "likes_count": 0, "replies_count": 1, "retweets_count": 0, "hashtags": []}
{"id": 1137508023159742471, "date": "2019-06-08", "time": "19:53:41", "tweet": "@CRASHLATRASHLA @trade4living604 @realChaoZhou @GerberKawasaki @elonmusk @NHTSAgov After reading everything you wrote, this fool pops in and tries to enter the debate.   https://t.co/Rr5f6I6oXM", "likes_count": 0, "replies_count": 0, "retweets_count": 0, "hashtags": []}
{"id": 1137507993279488000, "date": "2019-06-08", "time": "19:53:34", "tweet": "@MediYoga_ax @jpr007 @NuovaRealta @teslectrics @tesla_truth @elonmusk Since &gt;30 years we have the technology available and we don’t use it. This is incredible. And Shows, who the „emperors“ are, and who the „puppets“...", "likes_count": 1, "replies_count": 0, "retweets_count": 0, "hashtags": []}
{"id": 1137507826316795904, "date": "2019-06-08", "time": "19:52:54", "tweet": "Maybe Elon Musk’s parents were dyslexic, we’re meant to be seeing Leon Musk. A much cooler name.", "likes_count": 0, "replies_count": 0, "retweets_count": 0, "hashtags": []}
