{"id": 1213611058851647488, "date": "2020-01-04", "time": "18:59:58", "tweet": "@benjmnr @ricburton @elonmusk @Tesla @kerooke The incident occurred while the car was on cruise control, not autopilot, as @ricburton has corrected me.   This is odd as cruise control is not new nor complicated technology.", "likes_count": 0, "replies_count": 0, "retweets_count": 0, "hashtags": []}
{"id": 1213611056485896192, "date": "2020-01-04", "time": "18:59:58", "tweet": "If you feel like your life is feckless and meaningless, think- you could be the people who are trashing Bernie Sanders and Elon Musk on social media.", "likes_count": 0, "replies_count": 0, "retweets_count": 0, "hashtags": []}
{"id": 1213611022424121347, "date": "2020-01-04", "time": "18:59:50", "tweet": "@charlieochoa2 @elonmusk @NASA El besos 💋", "likes_count": 0, "replies_count": 0, "retweets_count": 0, "hashtags": []}
{"id": 1213610985572970497, "date": "2020-01-04", "time": "18:59:41", "tweet": "@ricburton @ShortingIsFun @Ivshti @elonmusk @Tesla I completely agree, Richard. Look up #TeslaAutopilotIssues. People have literally died using Tesla's software and there have been numerous close calls.", "likes_count": 4, "replies_count": 1, "retweets_count": 0, "hashtags": ["teslaautopilotissues"]}
{"id": 1213610976085364736, "date": "2020-01-04", "time": "18:59:39", "tweet": "Best car ever!!😍Thanks @tesla and @elonmusk  https://t.co/wKu5WXB2wH", "likes_count": 1, "replies_count": 0, "retweets_count": 0, "hashtags": []}
{"id": 1213610910088126467, "date": "2020-01-04", "time": "18:59:23", "tweet": "@elonmusk @NASA Send me to Mars please :)", "likes_count": 0, "replies_count": 0, "retweets_count": 0, "hashtags": []}
{"id": 1213610907768635392, "date": "2020-01-04", "time": "18:59:22", "tweet": "ELON MUSK HAS A midget but if skate 4 this weekend in San Diego, 1993.", "likes_count": 0, "replies_count": 0, "retweets_count": 0, "hashtags": []}
{"id": 1213610857520697346, "date": "2020-01-04", "time": "18:59:10", "tweet": "@ricburton @Foobazzler @elonmusk @Tesla The data from the incident should have been fed back to tesla via the car network. Incidents are flagged where the driver has to override AP. So I would think they would pick it up.", "likes_count": 1, "replies_count": 0, "retweets_count": 0, "hashtags": []}
{"id": 1213610856522625024, "date": "2020-01-04", "time": "18:59:10", "tweet": "@elonmusk ETA on integrated toll transponder?", "likes_count": 0, "replies_count": 0, "retweets_count": 0, "hashtags": []}
{"id": 1213610781637586946, "date": "2020-01-04", "time": "18:58:52", "tweet": "@amygbui @Tesla @elonmusk  https://t.co/ekvx2Ongi8", "likes_count": 7, "replies_count": 1, "retweets_count": 0, "hashtags": []}
{"id": 1213610746107645952, "date": "2020-01-04", "time": "18:58:44", "tweet": "@aanechaev За приемники связи интернет канала от Starlink @elonmusk в рф введут уголовную ответственность. Просто запомните этот твит.", "likes_count": 2, "replies_count": 1, "retweets_count": 0, "hashtags": []}
{"id": 1213610589928513538, "date": "2020-01-04", "time": "18:58:07", "tweet": "@elonmusk Love you", "likes_count": 0, "replies_count": 0, "retweets_count": 0, "hashtags": []}
{"id": 1213610391009447937, "date": "2020-01-04", "time": "18:57:19", "tweet": "dear @elonmusk, please make her dream come true and follow @JodieCalussi. thank you &lt;3", "likes_count": 6, "replies_count": 0, "retweets_count": 5, "hashtags": []}
{"id": 1213610353743060992, "date": "2020-01-04", "time": "18:57:10", "tweet": "@TLCTesla @BrianSt09288100 @omead_a @thirdrowtesla @elonmusk No there was more then 1 you can literally see that in their behind the scenes footage. They didnt just create 1 truck as you are inferring. Its not uncommon for thse of wealth to receive items before the general public. Be automobiles, clothing, electronic devices, etc.", "likes_count": 0, "replies_count": 1, "retweets_count": 0, "hashtags": []}
{"id": 1213610276358152192, "date": "2020-01-04", "time": "18:56:52", "tweet": "@overclockthis @TeslaNY @ValueAnalyst1 @elonmusk @ToddBertram1 Wouldn't they mostly charge at night and some maybe charge at home? Maybe they also have solar and powerwall and/or maybe that's next.", "likes_count": 2, "replies_count": 1, "retweets_count": 0, "hashtags": []}
{"id": 1213609913269784576, "date": "2020-01-04", "time": "18:55:25", "tweet": "@28delayslater @ValueAnalyst1 @Tesla @elonmusk  https://t.co/KJEZF4rQgT", "likes_count": 3, "replies_count": 0, "retweets_count": 0, "hashtags": []}
{"id": 1213609810496614400, "date": "2020-01-04", "time": "18:55:01", "tweet": "@teslaphotografr @overclockthis @elonmusk @Tesla Not normal.  Mine has never ever done this.", "likes_count": 1, "replies_count": 0, "retweets_count": 0, "hashtags": []}
{"id": 1213609787306303490, "date": "2020-01-04", "time": "18:54:55", "tweet": "@elonmusk ... love what you are doing with Tesla. Is it possible to have an update to the child lock, so that we can select which door to lock? Thank you!", "likes_count": 0, "replies_count": 0, "retweets_count": 0, "hashtags": []}
{"id": 1213609708562591751, "date": "2020-01-04", "time": "18:54:36", "tweet": "@elonmusk @NASA Elon can you please tweet this video and said to Jeff Besos  Space x 1 - Amazon 0  https://t.co/VZUFFeHEU4", "likes_count": 1, "replies_count": 2, "retweets_count": 0, "hashtags": []}
{"id": 1213609701025419267, "date": "2020-01-04", "time": "18:54:35", "tweet": "@TeslaNY @elonmusk @ToddBertram1 Would like to hear from the ppl who do some banal  felony only to get a free trip in a Tesla.", "likes_count": 2, "replies_count": 0, "retweets_count": 0, "hashtags": []}
