{"id": 1086775289995091968, "date": "2019-01-19", "time": "18:59:55", "tweet": "@Stocksnpolitic1 @elonmusk They are going to get much cheaper very soon. SC pricing will keep rising.", "likes_count": 1, "replies_count": 0, "retweets_count": 0, "hashtags": []}
{"id": 1086775274153205761, "date": "2019-01-19", "time": "18:59:51", "tweet": "Everyone should know this, but Elon Musk is NOT Steve Jobs...  $tsla $aapl", "likes_count": 1, "replies_count": 0, "retweets_count": 0, "hashtags": []}
{"id": 1086775128120270848, "date": "2019-01-19", "time": "18:59:16", "tweet": "@elonmusk would be proud!  https://t.co/uhKJ55097g", "likes_count": 0, "replies_count": 0, "retweets_count": 0, "hashtags": []}
{"id": 1086775015712919559, "date": "2019-01-19", "time": "18:58:49", "tweet": "Can’t watch IO on @Netflix without wondering if they named him after @elonmusk.. not a common name after all.. long time no see stranger!", "likes_count": 1, "replies_count": 0, "retweets_count": 0, "hashtags": []}
{"id": 1086774951770607616, "date": "2019-01-19", "time": "18:58:34", "tweet": "@teslainventory @Tesla @elonmusk Awd vs fwd what did you expect?", "likes_count": 0, "replies_count": 0, "retweets_count": 0, "hashtags": []}
{"id": 1086774893234970624, "date": "2019-01-19", "time": "18:58:20", "tweet": "@forstall_ @awall_alex @MaireDowling @BrianPendleton @Tesla @elonmusk Perhaps you can ask and find out if they made the right choice for them. I wouldn’t because it’s too much of upfront cost and a long possible return on that kind of investment in my area.", "likes_count": 0, "replies_count": 1, "retweets_count": 0, "hashtags": []}
{"id": 1086774751413059585, "date": "2019-01-19", "time": "18:57:46", "tweet": "if the commercialized einstein @elonmusk is mad at short-sellers, it’s bc he cant run his fucking company.  do your job &amp; maybe people will respond accordingly? idk. shortville was beautiful on friday :)", "likes_count": 0, "replies_count": 0, "retweets_count": 0, "hashtags": []}
{"id": 1086774741036421121, "date": "2019-01-19", "time": "18:57:44", "tweet": "waiting for the day when elon musk finally has enough of me slagging him off and comes to the home counties to kill me with his bare hands", "likes_count": 3, "replies_count": 1, "retweets_count": 0, "hashtags": []}
{"id": 1086774640809172993, "date": "2019-01-19", "time": "18:57:20", "tweet": "@elonmusk Been waiting for years and years for a Tesla car in Aus, just so unaffordable. If AU$15, 000 - AU$25,000 for one, it would be possible. (Dreaming of course lol) Everyone I know says any electric car here is just too expensive. cheers from an ex-South African", "likes_count": 0, "replies_count": 0, "retweets_count": 0, "hashtags": []}
{"id": 1086774526371721216, "date": "2019-01-19", "time": "18:56:53", "tweet": "@ElonMusk_d 多くの人がくつろげるサロンを作る", "likes_count": 0, "replies_count": 0, "retweets_count": 0, "hashtags": []}
{"id": 1086774428317429761, "date": "2019-01-19", "time": "18:56:29", "tweet": "@elonmusk @InsideEVs You getting scared of the competition Elon?", "likes_count": 0, "replies_count": 0, "retweets_count": 0, "hashtags": []}
{"id": 1086774354023776261, "date": "2019-01-19", "time": "18:56:11", "tweet": "Hey @elonmusk there are 161 days  till your 48th and my 18th birthday. Since we share a birthday what will it take for me to get a gift from you.", "likes_count": 1, "replies_count": 0, "retweets_count": 0, "hashtags": []}
{"id": 1086773952813232128, "date": "2019-01-19", "time": "18:54:36", "tweet": "@elonmusk @InsideEVs China 🇨🇳 a powerhouse", "likes_count": 0, "replies_count": 0, "retweets_count": 0, "hashtags": []}
{"id": 1086773842960248833, "date": "2019-01-19", "time": "18:54:10", "tweet": "Here’s an idea @elonmusk for @Tesla assembly lines. Robot arms that 3Dprint circuit connectors between boards whilst keeping up with assembly. No wavy cable connectors.", "likes_count": 0, "replies_count": 0, "retweets_count": 0, "hashtags": []}
{"id": 1086773805496725504, "date": "2019-01-19", "time": "18:54:01", "tweet": "@PlugInFUD @markbspiegel @elonmusk At least no beating around", "likes_count": 0, "replies_count": 0, "retweets_count": 0, "hashtags": []}
{"id": 1086773567625211904, "date": "2019-01-19", "time": "18:53:04", "tweet": "Toyota, Paccar team up on clean hydrogen tech that Elon Musk and others dismiss as fool cells (CNBC: Top News)  https://t.co/rapcydJ66k", "likes_count": 0, "replies_count": 0, "retweets_count": 0, "hashtags": []}
{"id": 1086773392328589314, "date": "2019-01-19", "time": "18:52:22", "tweet": "@elonmusk I'm asking you very kindly to unblock @lushsux", "likes_count": 0, "replies_count": 0, "retweets_count": 0, "hashtags": []}
{"id": 1086773369473765376, "date": "2019-01-19", "time": "18:52:17", "tweet": "@elonmusk", "likes_count": 0, "replies_count": 0, "retweets_count": 0, "hashtags": []}
{"id": 1086773284346068993, "date": "2019-01-19", "time": "18:51:56", "tweet": "@Tesla @elonmusk crickets....", "likes_count": 0, "replies_count": 0, "retweets_count": 0, "hashtags": []}
{"id": 1086773276745977858, "date": "2019-01-19", "time": "18:51:55", "tweet": "@SparklingDisse1 @elonmusk @kimpaquette @cleantechnica @Tesla Yes he was 😉  https://t.co/tccB6ZlocS", "likes_count": 0, "replies_count": 0, "retweets_count": 0, "hashtags": []}
{"id": 1086773177815105536, "date": "2019-01-19", "time": "18:51:31", "tweet": "@elonmusk I'm asking very kindly to unblock @lushsuxlive please", "likes_count": 0, "replies_count": 0, "retweets_count": 0, "hashtags": []}
{"id": 1086772977855717376, "date": "2019-01-19", "time": "18:50:43", "tweet": "@JaneidyEve @elonmusk Where is the starship?", "likes_count": 0, "replies_count": 0, "retweets_count": 0, "hashtags": []}
{"id": 1086772848662740992, "date": "2019-01-19", "time": "18:50:13", "tweet": "@carpenter_maas @awall_alex @MaireDowling @BrianPendleton @Tesla @elonmusk i dont believe for a second that these home owners that paid thousands of dollars for solar panels arent getting any benefits.", "likes_count": 0, "replies_count": 1, "retweets_count": 0, "hashtags": []}
{"id": 1086772759764582400, "date": "2019-01-19", "time": "18:49:51", "tweet": "@luartvg @elonmusk #GaliciansOfLateCapitalism", "likes_count": 0, "replies_count": 0, "retweets_count": 0, "hashtags": ["galiciansoflatecapitalism"]}
{"id": 1086772609700823040, "date": "2019-01-19", "time": "18:49:16", "tweet": "Why Elon Musk Really Fired 3,000 Tesla Workers:  https://t.co/N8RnFsVxMl via @YouTube", "likes_count": 0, "replies_count": 0, "retweets_count": 0, "hashtags": []}
{"id": 1086772532412329984, "date": "2019-01-19", "time": "18:48:57", "tweet": "the amount of normal, decent people i love who like people like jordan peterson and elon musk and joe rogan is shocking and concerning and i dont know what it says about them or me", "likes_count": 1, "replies_count": 1, "retweets_count": 0, "hashtags": []}
{"id": 1086772515555426304, "date": "2019-01-19", "time": "18:48:53", "tweet": "@teslainventory @Tesla @elonmusk I got it!  Hope I can win (probably won’t)", "likes_count": 0, "replies_count": 0, "retweets_count": 0, "hashtags": []}
{"id": 1086772478922448900, "date": "2019-01-19", "time": "18:48:44", "tweet": "@ShmAlohim @elonmusk Okayyy.. I didn’t plan doing this until I saw the comments and I got tagged.  So yeah, go and read my article guys. Click on the link 👉🏻 https://t.co/3mp5O6Ste8  Thankss", "likes_count": 13, "replies_count": 0, "retweets_count": 5, "hashtags": []}
{"id": 1086772347137417216, "date": "2019-01-19", "time": "18:48:13", "tweet": "@omaze @ohanian2020 @Tesla @elonmusk Oh, @omaze, did you lose my number again? PM me and we can make the arrangements for me to pick up the car! :)", "likes_count": 1, "replies_count": 0, "retweets_count": 0, "hashtags": []}
{"id": 1086772298495991808, "date": "2019-01-19", "time": "18:48:01", "tweet": "Honestly I am one of the bullest of the bulls and I'm starting to lose faith in @Tesla and @elonmusk   Solvable problems &amp; marginalizing their ability to evaluate solutions in a headlong rush to keep doing what they've been.  #JustSayNoToGridscaleBatteries #GSincreasesemissions", "likes_count": 4, "replies_count": 0, "retweets_count": 0, "hashtags": ["justsaynotogridscalebatteries", "gsincreasesemissions"]}
{"id": 1086772198415654913, "date": "2019-01-19", "time": "18:47:38", "tweet": "@Model3Owners @teslainventory @Tesla @elonmusk @Model3Owners snob? 😛", "likes_count": 0, "replies_count": 0, "retweets_count": 0, "hashtags": []}
{"id": 1086771940348624896, "date": "2019-01-19", "time": "18:46:36", "tweet": "@DanielleMorrill We're doing an experimental study trying to expand Edgar Schein's organizational leadership to entrepreneur's in cultural making ... Elon Musk's tweets ...  Wish our finding makes it into the future answers to your question, but before we need your support  https://t.co/Pt1leovHv9", "likes_count": 0, "replies_count": 0, "retweets_count": 0, "hashtags": []}
{"id": 1086771916617199616, "date": "2019-01-19", "time": "18:46:30", "tweet": "🔵 Elon Musk planea mudarse a Marte dentro de siete años  https://t.co/eIbwSkjZhv", "likes_count": 0, "replies_count": 0, "retweets_count": 0, "hashtags": []}
{"id": 1086771792511823872, "date": "2019-01-19", "time": "18:46:01", "tweet": "@forstall_ @awall_alex @MaireDowling @BrianPendleton @Tesla @elonmusk I didn’t say it wasn’t possible I said it wouldn’t be feasible or beneficial", "likes_count": 0, "replies_count": 1, "retweets_count": 0, "hashtags": []}
{"id": 1086771781510213633, "date": "2019-01-19", "time": "18:45:58", "tweet": "@elonmusk dm", "likes_count": 0, "replies_count": 0, "retweets_count": 0, "hashtags": []}
{"id": 1086771772278669313, "date": "2019-01-19", "time": "18:45:56", "tweet": "@Livault Time to ask Elon Musk for help", "likes_count": 0, "replies_count": 1, "retweets_count": 0, "hashtags": []}
{"id": 1086771759075024897, "date": "2019-01-19", "time": "18:45:53", "tweet": "@Araphatso @PlugInFUD @jaberwock2 @NotStockPricBro @Marshmall0wpeep @elonmusk Probably not w Tesla. Generally, it's about min wage plus commission. One selling say 10-12 cars/mo will make about $50k/yr. Good ones sell 17-20/mo and make about $100k. I don't think $TSLA salesmen average as many though. They only sell abt 50 cars/store/mo if I recall.", "likes_count": 0, "replies_count": 0, "retweets_count": 0, "hashtags": []}
{"id": 1086771703865372672, "date": "2019-01-19", "time": "18:45:40", "tweet": "'If Elon Musk can't make Tesla profitable, there's little hope that electric cars will take over any time soon'  https://t.co/YqHpGx7ttc  https://t.co/QcSE9Or4uD", "likes_count": 0, "replies_count": 0, "retweets_count": 0, "hashtags": []}
{"id": 1086771690217066496, "date": "2019-01-19", "time": "18:45:36", "tweet": "@BrianPendleton @Tesla Idol @elonmusk", "likes_count": 0, "replies_count": 0, "retweets_count": 0, "hashtags": []}
{"id": 1086771675146924032, "date": "2019-01-19", "time": "18:45:33", "tweet": "@BookerB11S @CowbellyTV @elonmusk Logic 3", "likes_count": 4, "replies_count": 0, "retweets_count": 0, "hashtags": []}
