{"id": 1099458874720112640, "date": "2019-02-23", "time": "18:59:57", "tweet": "@elonmusk Please bro, I have Ray gun", "likes_count": 0, "replies_count": 0, "retweets_count": 0, "hashtags": []}
{"id": 1099458853853454336, "date": "2019-02-23", "time": "18:59:52", "tweet": "@elonmusk  https://t.co/dIaoBJDpoi  https://t.co/KhcMrahDkm", "likes_count": 0, "replies_count": 0, "retweets_count": 0, "hashtags": []}
{"id": 1099458802716459008, "date": "2019-02-23", "time": "18:59:40", "tweet": "@MichellBasler @NatalyaVictori9 @adamcoolcat00 @grandayy @elonmusk Okay", "likes_count": 0, "replies_count": 0, "retweets_count": 0, "hashtags": []}
{"id": 1099458774694211584, "date": "2019-02-23", "time": "18:59:33", "tweet": "@JoogSquad @realDonaldTrump @joerogan @elonmusk #Tenney2032! 🤟😃🇺🇸", "likes_count": 0, "replies_count": 0, "retweets_count": 0, "hashtags": ["tenney2032"]}
{"id": 1099458767941443591, "date": "2019-02-23", "time": "18:59:31", "tweet": "@notch @pewdiepie @elonmusk", "likes_count": 1, "replies_count": 1, "retweets_count": 0, "hashtags": []}
{"id": 1099458749121642498, "date": "2019-02-23", "time": "18:59:27", "tweet": "Also what's the importance of that Bald Elon Musk looking dude if The Monitor is the main bad dude?  Also the part where the main bad dude is called THE MONITOR. Did BioWare learn nothing from OG Destiny 1?", "likes_count": 0, "replies_count": 1, "retweets_count": 0, "hashtags": []}
{"id": 1099458731027378177, "date": "2019-02-23", "time": "18:59:23", "tweet": "i’m trying to make elon musk my sugar daddy", "likes_count": 2, "replies_count": 2, "retweets_count": 0, "hashtags": []}
{"id": 1099458715407843328, "date": "2019-02-23", "time": "18:59:19", "tweet": "@MichellBasler @NatalyaVictori9 @adamcoolcat00 @grandayy @elonmusk He saw the puss", "likes_count": 0, "replies_count": 1, "retweets_count": 0, "hashtags": []}
{"id": 1099458702715817984, "date": "2019-02-23", "time": "18:59:16", "tweet": "I love how @elonmusk says he only owns 0.25 $BTC in reply to this @coindesk article. So many more people know now that they can buy fractions of a Bitcoin. 👍😊  https://t.co/31wnEJxIxk", "likes_count": 44, "replies_count": 1, "retweets_count": 6, "hashtags": []}
{"id": 1099458636550754304, "date": "2019-02-23", "time": "18:59:00", "tweet": "@drjohnlane @Titeuf24Michel @JETH0MASCUOUS @EjOpperman @45_lies @NathanMcDowel16 @amairanymc_ @juste1etudiant @cmclymer @AOC @elonmusk @Tesla Just trying to have a real dialogue but I appreciate you 😂🙏🏼", "likes_count": 1, "replies_count": 0, "retweets_count": 0, "hashtags": []}
{"id": 1099458580791652352, "date": "2019-02-23", "time": "18:58:47", "tweet": "@Jalopnik continues to do a great job of calling out $TSLA's Elon Musk on his fraudy nonsense. The FSD claims in the ARKInvest podcast this week being the latest. (Really, where in the hell is @SEC_Enforcement? @NHTSAgov?) Well-written by @JasonTorchinsky.  https://t.co/fLVi1kLiSP", "likes_count": 0, "replies_count": 0, "retweets_count": 0, "hashtags": []}
{"id": 1099458534809501703, "date": "2019-02-23", "time": "18:58:36", "tweet": "@drjohnlane @Titeuf24Michel @JETH0MASCUOUS @EjOpperman @45_lies @NathanMcDowel16 @amairanymc_ @juste1etudiant @cmclymer @AOC @elonmusk @Tesla Can you explain? I’m not sure how it allowed them to invest more but maybe I’m missing something. Seems counter intuitive considering they had to take those costs on to keep their cars closer to affordable", "likes_count": 0, "replies_count": 1, "retweets_count": 0, "hashtags": []}
{"id": 1099458486461702144, "date": "2019-02-23", "time": "18:58:24", "tweet": "@elonmusk @Tesla could define a media API for playback control, browsing and discovery.  Then @AppleMusic, @Spotify, @TIDAL would implement it, and users could activate whatever service they prefer.  Maybe existing @Sonos APIs could be reused with a different client key", "likes_count": 2, "replies_count": 0, "retweets_count": 0, "hashtags": []}
{"id": 1099458468891803654, "date": "2019-02-23", "time": "18:58:20", "tweet": "only 4 EV Charging Stations at Epcot Center. @waltdisneyworld Where are the Superchargers @teslamotors Elon...help! @elonmusk These parks see a lot of Tesla Owners everyday. #tesla #teslasupercharger #teslaowner #epcot #waltdisneyworld #teslamotors #teslamodel3  https://t.co/NNajv2uJ2p", "likes_count": 7, "replies_count": 1, "retweets_count": 0, "hashtags": ["tesla", "teslasupercharger", "teslaowner", "epcot", "waltdisneyworld", "teslamotors", "teslamodel3"]}
{"id": 1099458465339195392, "date": "2019-02-23", "time": "18:58:19", "tweet": "Thoroughly enjoyed the first of hopefully many thousand miles with my new #model3 today, despite the let-down of the handover experience, @elonmusk. I know  @tesla can do better, because it did for my #ModelS previously.", "likes_count": 1, "replies_count": 1, "retweets_count": 0, "hashtags": ["model3", "models"]}
{"id": 1099458462109573120, "date": "2019-02-23", "time": "18:58:18", "tweet": "@MehdiTalks @Shadowwulf17 @stareatme @LaurenRow5 @elonmusk Maybe 🤔", "likes_count": 1, "replies_count": 0, "retweets_count": 0, "hashtags": []}
{"id": 1099458454958174208, "date": "2019-02-23", "time": "18:58:17", "tweet": "@samantha_astral @adamcoolcat00 @grandayy @elonmusk Funny", "likes_count": 0, "replies_count": 0, "retweets_count": 0, "hashtags": []}
{"id": 1099458432464228352, "date": "2019-02-23", "time": "18:58:11", "tweet": "@elonmusk Elon he has the raygun", "likes_count": 0, "replies_count": 0, "retweets_count": 0, "hashtags": []}
{"id": 1099458382904389632, "date": "2019-02-23", "time": "18:58:00", "tweet": "@cleverghoul My day isn’t complete until I get one Post Malone content and one Elon Musk content before I go to sleep so thank you", "likes_count": 1, "replies_count": 0, "retweets_count": 0, "hashtags": []}
{"id": 1099458377212661760, "date": "2019-02-23", "time": "18:57:58", "tweet": "@oscarivan1869 @TSeries @pewdiepie @elonmusk If he would've had a joint with him when he did Meme Review I would've lost it 😂😂", "likes_count": 1, "replies_count": 0, "retweets_count": 0, "hashtags": []}
