{"id": 1155266582970585090, "date": "2019-07-27", "time": "19:59:51", "tweet": "@robbins_barrett @Tool @mjkeenan @joerogan @eddiebravo @elonmusk Lies about YouTube algorithms? Weird take.", "likes_count": 2, "replies_count": 0, "retweets_count": 0, "hashtags": []}
{"id": 1155266576976928775, "date": "2019-07-27", "time": "19:59:50", "tweet": "@TomMiitomo @elonmusk why is this read right to left then left to right", "likes_count": 11, "replies_count": 1, "retweets_count": 0, "hashtags": []}
{"id": 1155266478221877248, "date": "2019-07-27", "time": "19:59:26", "tweet": "@elonmusk Elon , have you ever watched sailor moon ?", "likes_count": 0, "replies_count": 0, "retweets_count": 0, "hashtags": []}
{"id": 1155266465760796674, "date": "2019-07-27", "time": "19:59:23", "tweet": ".@elonmusk Would love to see FSD downloadable to any @Tesla car I own instead of risking loss if the car is totaled. Possible?", "likes_count": 0, "replies_count": 0, "retweets_count": 0, "hashtags": []}
{"id": 1155266415215222784, "date": "2019-07-27", "time": "19:59:11", "tweet": "@PTBarnu88732123 @JohanNe11098180 @ICannot_Enough @Tesla @elonmusk Since you are into numbers. Name one car around $40k that can outperform Tesla Model 3.", "likes_count": 0, "replies_count": 0, "retweets_count": 0, "hashtags": []}
{"id": 1155266406784651265, "date": "2019-07-27", "time": "19:59:09", "tweet": "@OppayahTwitR @JohanNe11098180 @ICannot_Enough @Tesla @elonmusk Right.  Your brilliant and I’m dumb.  But you said losses were from capital investments.  You ended answers where those were on the financials?  You just told me to stop reading financials.", "likes_count": 1, "replies_count": 1, "retweets_count": 0, "hashtags": []}
{"id": 1155266371430866948, "date": "2019-07-27", "time": "19:59:01", "tweet": "Elon musk lost 4.3billion Bc they saw him smoke weed like he not smarter than most of those investors lmfao", "likes_count": 2, "replies_count": 0, "retweets_count": 0, "hashtags": []}
{"id": 1155266323917635584, "date": "2019-07-27", "time": "19:58:50", "tweet": "U already know....Elon Musk", "likes_count": 0, "replies_count": 1, "retweets_count": 0, "hashtags": []}
{"id": 1155266295585050624, "date": "2019-07-27", "time": "19:58:43", "tweet": "\"Elon Musk is my hero\" 😀", "likes_count": 6, "replies_count": 0, "retweets_count": 2, "hashtags": []}
{"id": 1155266294737825792, "date": "2019-07-27", "time": "19:58:43", "tweet": "@CoverYourBrew @QTRResearch @Tesla @elonmusk Wait, his self driving vehicles are killing people? You mean the driver aids on the cars? Because self driving isn't yet available. So should every other brand that's had a driving feature like cruise control also go out of business, or the people killed by faulty airbags etc?", "likes_count": 0, "replies_count": 2, "retweets_count": 0, "hashtags": []}
{"id": 1155266262391562242, "date": "2019-07-27", "time": "19:58:35", "tweet": "@kiss_ev @teslainventory @Tesla and I bet it goes to the 3 first.  This would be conducive to recent history @elonmusk", "likes_count": 0, "replies_count": 1, "retweets_count": 0, "hashtags": []}
{"id": 1155266249737195520, "date": "2019-07-27", "time": "19:58:32", "tweet": "we’re playing with these $tala #fleek #fleet i bought. i bought #sxy all white. i love @elonmusk cause he gives me mobility. i mean down the road he will. till then, stu has to sit behind the wheel.", "likes_count": 0, "replies_count": 0, "retweets_count": 0, "hashtags": ["fleek", "fleet", "sxy"]}
{"id": 1155266242644709376, "date": "2019-07-27", "time": "19:58:30", "tweet": "@elonmusk @SandhuMMA The future", "likes_count": 0, "replies_count": 0, "retweets_count": 0, "hashtags": []}
{"id": 1155266222591815685, "date": "2019-07-27", "time": "19:58:25", "tweet": "@elonmusk Wasnt a Tesla fan, I thought, but test drove one the other day. UNREAL! Didn’t see design issues at all. Really want model x!!  Great job Elon, amazing product.  Partner with Apple or google so you have unlimited liquidity!", "likes_count": 0, "replies_count": 0, "retweets_count": 0, "hashtags": []}
{"id": 1155266186503958529, "date": "2019-07-27", "time": "19:58:17", "tweet": "@elonmusk Wow!!!👏🏾I believe it already has Spotify, doesn’t it?", "likes_count": 0, "replies_count": 0, "retweets_count": 0, "hashtags": []}
{"id": 1155266181986541568, "date": "2019-07-27", "time": "19:58:16", "tweet": "@elonmusk Is this allowed? 😂😂😂  https://t.co/NJgx0qORQb", "likes_count": 0, "replies_count": 0, "retweets_count": 0, "hashtags": []}
{"id": 1155266164915953665, "date": "2019-07-27", "time": "19:58:12", "tweet": "@baynxrd @CaptainKangaJew @Tool @mjkeenan @joerogan @eddiebravo @elonmusk Jordan Peterson is Gwyneth Paltrow for incels", "likes_count": 3, "replies_count": 1, "retweets_count": 0, "hashtags": []}
{"id": 1155266080245506048, "date": "2019-07-27", "time": "19:57:51", "tweet": "@xLuqas13 @wave_esportsAT @Luuu_90_ @Ninja @elonmusk Nice Freunde Bro 🌚", "likes_count": 1, "replies_count": 0, "retweets_count": 0, "hashtags": []}
{"id": 1155266063329681408, "date": "2019-07-27", "time": "19:57:47", "tweet": "@elonmusk just shoot me into the sun my dood", "likes_count": 2, "replies_count": 0, "retweets_count": 0, "hashtags": []}
{"id": 1155266017553260544, "date": "2019-07-27", "time": "19:57:37", "tweet": "@PTBarnu88732123 @JohanNe11098180 @ICannot_Enough @Tesla @elonmusk What business have you owned and operated?", "likes_count": 0, "replies_count": 4, "retweets_count": 0, "hashtags": []}
