{"id": 1132436177410232320, "date": "2019-05-25", "time": "19:59:58", "tweet": "Sentry mode seem super sensitive after the update.. @elonmusk @Tesla #Tesla  https://t.co/CgQmkhEIJz", "likes_count": 0, "replies_count": 0, "retweets_count": 0, "hashtags": ["tesla"]}
{"id": 1132436163837550592, "date": "2019-05-25", "time": "19:59:55", "tweet": "@cacarr @robert_zubrin @elonmusk There's no particular reason to want to bury a colony in an asteroid, it would prevent it from being rotated rapidly and wouldn't convey advantages over building artificial radiation shields into the hull of a fully artificial colony. That said, asteroid mining is useful.", "likes_count": 0, "replies_count": 1, "retweets_count": 0, "hashtags": []}
{"id": 1132436150432354305, "date": "2019-05-25", "time": "19:59:52", "tweet": "@elonmusk Hire me, I can look after this museum🤣🤣", "likes_count": 0, "replies_count": 0, "retweets_count": 0, "hashtags": []}
{"id": 1132436134833852416, "date": "2019-05-25", "time": "19:59:48", "tweet": "“In a mere 2 years we’ve gone from electric skates zooming [on] vehicles in a network of underground tunnels” to a paved electric frictionless smooth track system with cars going 127 mph. This is Elon Musk’s vision of a ‘Hyperloop,’ and it’s coming soon...  https://t.co/kXu6tYyZa1  https://t.co/uWVgBwAVdC", "likes_count": 4, "replies_count": 0, "retweets_count": 0, "hashtags": []}
{"id": 1132436084305158144, "date": "2019-05-25", "time": "19:59:36", "tweet": "@elonmusk I think I found a 6 y/o skmater than you", "likes_count": 0, "replies_count": 0, "retweets_count": 0, "hashtags": []}
{"id": 1132436036531949568, "date": "2019-05-25", "time": "19:59:25", "tweet": "@jeninacrypto @elonmusk Goes to show how much I know!", "likes_count": 1, "replies_count": 2, "retweets_count": 0, "hashtags": []}
{"id": 1132435948787183616, "date": "2019-05-25", "time": "19:59:04", "tweet": "@cacarr @robert_zubrin @elonmusk I think Mars colonies are no less complicated, so it's not clear that it's such a problem.  You do put a lot of shielding in the outer hull of the O'Neill colonies. The literature on the subject describes this in excruciating detail. Asteroids aren't a good solution though.", "likes_count": 0, "replies_count": 1, "retweets_count": 0, "hashtags": []}
{"id": 1132435916017029121, "date": "2019-05-25", "time": "19:58:56", "tweet": "@maninterrupting @Crosish @ContractTraderT @elonmusk @quayran Yeah, in the short term, sure. But once you've already *built* the machines (✔️), and *done it successfully* (✔️), then.....? Like if this was just a hypothetical then I could understand your skepticism, but this is already a reality. And you also save on maintenance over time.", "likes_count": 0, "replies_count": 1, "retweets_count": 0, "hashtags": []}
{"id": 1132435893468442624, "date": "2019-05-25", "time": "19:58:51", "tweet": "@elonmusk @alharding @ex_Tesla @El_Timbo @heikki_anttila Amazing. So if a car breaks down they will be stranded in the darkness tens of meter below the surface. Genius.", "likes_count": 0, "replies_count": 0, "retweets_count": 0, "hashtags": []}
{"id": 1132435873595875334, "date": "2019-05-25", "time": "19:58:46", "tweet": "@openionated @elonmusk @MikeJohnMyers @SpaceX @Tesla @boringcompany Mads Mikkelsen", "likes_count": 0, "replies_count": 0, "retweets_count": 0, "hashtags": []}
{"id": 1132435866360655874, "date": "2019-05-25", "time": "19:58:44", "tweet": "@ILuvAmp @PTBarnu88732123 @kerooke @elonmusk @Tesla Fine? Did you not see the Musk mail about them surviving 10 months if they don’t cut costs to the extreme?", "likes_count": 0, "replies_count": 1, "retweets_count": 0, "hashtags": []}
{"id": 1132435857808531457, "date": "2019-05-25", "time": "19:58:42", "tweet": "@elonmusk @DJSnM So, they are steerable!", "likes_count": 0, "replies_count": 0, "retweets_count": 0, "hashtags": []}
{"id": 1132435850069831680, "date": "2019-05-25", "time": "19:58:40", "tweet": "@elonmusk @Tesla from India, Saving little by little, one day will buy Tesla Models S DAY 73.", "likes_count": 0, "replies_count": 0, "retweets_count": 0, "hashtags": []}
{"id": 1132435841106579456, "date": "2019-05-25", "time": "19:58:38", "tweet": "@thatfromanshow @elonmusk @DJSnM Lol, probably just a delivery of a phased array kit with instructions.", "likes_count": 1, "replies_count": 1, "retweets_count": 0, "hashtags": []}
{"id": 1132435831065591813, "date": "2019-05-25", "time": "19:58:36", "tweet": "@elonmusk OMG...I hope I can see/ ride Hyperloop one day. 👀....😮 fascinating.", "likes_count": 0, "replies_count": 0, "retweets_count": 0, "hashtags": []}
{"id": 1132435793753120768, "date": "2019-05-25", "time": "19:58:27", "tweet": "@elonmusk @Erdayastronaut @SpaceX We don't wanna scare you @elonmusk Easy songs  https://t.co/oWtpipTWcz", "likes_count": 0, "replies_count": 1, "retweets_count": 0, "hashtags": []}
{"id": 1132435676840878082, "date": "2019-05-25", "time": "19:57:59", "tweet": "@elonmusk Its Bootiful", "likes_count": 0, "replies_count": 0, "retweets_count": 0, "hashtags": []}
{"id": 1132435672109912067, "date": "2019-05-25", "time": "19:57:58", "tweet": "@elonmusk What a piece of étron  https://t.co/owuOzINEdo", "likes_count": 0, "replies_count": 0, "retweets_count": 0, "hashtags": []}
{"id": 1132435660147609600, "date": "2019-05-25", "time": "19:57:55", "tweet": "@bgreene Nice car, is it faster than light? @elonmusk @Tesla", "likes_count": 0, "replies_count": 0, "retweets_count": 0, "hashtags": []}
{"id": 1132435635921461248, "date": "2019-05-25", "time": "19:57:49", "tweet": "@Scribbles646 @robert_zubrin @elonmusk Let's see the parallel. \"There's no heavy industry on Mars. Full stop. Heavy Industry will not manifest itself magically...\" — looks like your argument applies to Dr. Zubrin's Mars plans equally.", "likes_count": 0, "replies_count": 2, "retweets_count": 0, "hashtags": []}
