{"id": 1114679164957683712, "date": "2019-04-06", "time": "19:59:57", "tweet": "@uddipan_m @Tesla @elonmusk Thanks a lot man. 😊", "likes_count": 1, "replies_count": 0, "retweets_count": 0, "hashtags": []}
{"id": 1114679089133162496, "date": "2019-04-06", "time": "19:59:39", "tweet": "@elonmusk what’s the dilemma with using removable batteries in electric cars as a means to supplement range in addition to the “core” built in battery bank? If you think about it you have the perfect platform and product line to support it.", "likes_count": 1, "replies_count": 0, "retweets_count": 0, "hashtags": []}
{"id": 1114679070837563392, "date": "2019-04-06", "time": "19:59:34", "tweet": "Tesla investigó a Elon Musk luego de ser acusado de agresión por parte de un trabajador  https://t.co/ihmApcrhSD  https://t.co/MZenCKQrYF", "likes_count": 0, "replies_count": 0, "retweets_count": 0, "hashtags": []}
{"id": 1114679035521576960, "date": "2019-04-06", "time": "19:59:26", "tweet": "@elonmusk Idea: for cars without perma-HOV access, base HOV nav setting on number of detected occupants.", "likes_count": 0, "replies_count": 0, "retweets_count": 0, "hashtags": []}
{"id": 1114679035458674688, "date": "2019-04-06", "time": "19:59:26", "tweet": "@DrCamiloOrtiz @silkytommy @Tesla @elonmusk 👏🏻 @Freshlammy", "likes_count": 0, "replies_count": 0, "retweets_count": 0, "hashtags": []}
{"id": 1114679032845455360, "date": "2019-04-06", "time": "19:59:25", "tweet": "Joe Rogan - Elon Musk on Artificial Intelligence  https://t.co/h8kE2dYtqz via @YouTube", "likes_count": 0, "replies_count": 0, "retweets_count": 0, "hashtags": []}
{"id": 1114679011672842240, "date": "2019-04-06", "time": "19:59:20", "tweet": "@DrCamiloOrtiz @Tesla @elonmusk What you supposed to do when they cut u off", "likes_count": 0, "replies_count": 0, "retweets_count": 0, "hashtags": []}
{"id": 1114678918131245056, "date": "2019-04-06", "time": "19:58:58", "tweet": "@DennisKehrig @Buran_Orbiter @elonmusk @Kinky_Starship Man I don’t wanna have anything to do with a furry", "likes_count": 2, "replies_count": 0, "retweets_count": 0, "hashtags": []}
{"id": 1114678913672806406, "date": "2019-04-06", "time": "19:58:57", "tweet": "@oleg_savov @elonmusk @Tesla Beautiful blue", "likes_count": 0, "replies_count": 0, "retweets_count": 0, "hashtags": []}
{"id": 1114678895670964225, "date": "2019-04-06", "time": "19:58:53", "tweet": "@DrCamiloOrtiz @Tesla @elonmusk The car sef sabi not to try it in lagos naa", "likes_count": 1, "replies_count": 0, "retweets_count": 0, "hashtags": []}
{"id": 1114678871956258816, "date": "2019-04-06", "time": "19:58:47", "tweet": "@HizardTheWizard @elonmusk i bet he won’t tell us cos he hordes them for himself", "likes_count": 0, "replies_count": 1, "retweets_count": 0, "hashtags": []}
{"id": 1114678853161693185, "date": "2019-04-06", "time": "19:58:42", "tweet": "@elonmusk you should start a podcast on the weekends.", "likes_count": 0, "replies_count": 0, "retweets_count": 0, "hashtags": []}
{"id": 1114678837684711425, "date": "2019-04-06", "time": "19:58:39", "tweet": "@saurabhd04 @Tesla @elonmusk congratulations 🎉🎈🍾", "likes_count": 0, "replies_count": 1, "retweets_count": 0, "hashtags": []}
{"id": 1114678772203163648, "date": "2019-04-06", "time": "19:58:23", "tweet": "@khalilamar @TeslaClubMA @elonmusk @Tesla Elon had mentioned end of 2019 as a target for both Morocco and South Africa... although I'm not holding my breath.... I think 2020 is more realistic for morocco though i hope i'm wrong", "likes_count": 0, "replies_count": 1, "retweets_count": 0, "hashtags": []}
{"id": 1114678734584520705, "date": "2019-04-06", "time": "19:58:14", "tweet": "@itscosyhere @FortniteGame @Secret_Mongraal nah bro its @elonmusk", "likes_count": 235, "replies_count": 3, "retweets_count": 1, "hashtags": []}
{"id": 1114678729001918464, "date": "2019-04-06", "time": "19:58:13", "tweet": "Elon Musk's 'Teslaquila' prompts sobering opposition from.... #tesla #topspeed #Autonews  https://t.co/vveMcrl4fU  https://t.co/xawq5dTF6X", "likes_count": 0, "replies_count": 0, "retweets_count": 0, "hashtags": ["tesla", "topspeed", "autonews"]}
{"id": 1114678671665590272, "date": "2019-04-06", "time": "19:57:59", "tweet": "We could use your help in taking these projects to the next level @BillGates @elonmusk @mcuban @Oprah @TheRock @SHAQ @jk_rowling @bobproctorLIVE @JeffBezos @JOEL9ONE @TonyRobbins @TheEllenShow  #morebooks #read  https://t.co/ye2dRIG03K", "likes_count": 3, "replies_count": 0, "retweets_count": 1, "hashtags": ["morebooks", "read"]}
{"id": 1114678659330314240, "date": "2019-04-06", "time": "19:57:56", "tweet": "@elonmusk Wait for it 🦆  https://t.co/I37pF4NQG2", "likes_count": 0, "replies_count": 0, "retweets_count": 1, "hashtags": []}
{"id": 1114678645455491073, "date": "2019-04-06", "time": "19:57:53", "tweet": "@ValueAnalyst1 @Tesla @elonmusk @elonmusk is a super-genius, he's totally not human. I believe his brain would be bid for in a not-too-distant future.", "likes_count": 0, "replies_count": 1, "retweets_count": 0, "hashtags": []}
{"id": 1114678614832771072, "date": "2019-04-06", "time": "19:57:46", "tweet": "@teslacito @elonmusk you’re a punk", "likes_count": 1, "replies_count": 0, "retweets_count": 0, "hashtags": []}
{"id": 1114678592271724550, "date": "2019-04-06", "time": "19:57:40", "tweet": "#ElonMusk Please Do Meme Review!!!!", "likes_count": 0, "replies_count": 0, "retweets_count": 0, "hashtags": ["elonmusk"]}
{"id": 1114678503029399552, "date": "2019-04-06", "time": "19:57:19", "tweet": "@BarkMSmeagol @WSJheard @elonmusk Nope, he’s never said it, though I did wonder why he didn’t comment on the fact that this guy is clearly not keeping a hand on the wheel.", "likes_count": 1, "replies_count": 0, "retweets_count": 0, "hashtags": []}
{"id": 1114678459232608258, "date": "2019-04-06", "time": "19:57:09", "tweet": "@elonmusk Wait for it 🦆  https://t.co/I37pF4NQG2", "likes_count": 0, "replies_count": 0, "retweets_count": 0, "hashtags": []}
{"id": 1114678424428326914, "date": "2019-04-06", "time": "19:57:00", "tweet": "“You bought something from a store, buddy. That makes you just as bad as Elon Musk.”", "likes_count": 1, "replies_count": 1, "retweets_count": 0, "hashtags": []}
{"id": 1114678409769230337, "date": "2019-04-06", "time": "19:56:57", "tweet": "@HelperTesla @DrCamiloOrtiz @Tesla @elonmusk Not a problem.  Mines stick shift.", "likes_count": 1, "replies_count": 1, "retweets_count": 0, "hashtags": []}
{"id": 1114678398301896704, "date": "2019-04-06", "time": "19:56:54", "tweet": "🔥 Elon Musk planea mudarse a Marte dentro de siete años #Viajes  https://t.co/78m7dmrjOz", "likes_count": 0, "replies_count": 0, "retweets_count": 0, "hashtags": ["viajes"]}
{"id": 1114678328139628545, "date": "2019-04-06", "time": "19:56:37", "tweet": "Put Your \"Reasonableness Pants On\", Judge Tells Elon Musk - NDTV News  https://t.co/HGGERQn02s via @GoogleNews", "likes_count": 0, "replies_count": 0, "retweets_count": 0, "hashtags": []}
{"id": 1114678328080904193, "date": "2019-04-06", "time": "19:56:37", "tweet": "soooo @elonmusk where would i go to purchase one of these pillows...asking for a friend  https://t.co/9B49myI3hZ", "likes_count": 2, "replies_count": 1, "retweets_count": 1, "hashtags": []}
{"id": 1114678308803883008, "date": "2019-04-06", "time": "19:56:33", "tweet": "@mithunoorath @Tesla @elonmusk How does the insurance compare? I drive a lot for work and am seriously considering converting", "likes_count": 0, "replies_count": 2, "retweets_count": 0, "hashtags": []}
{"id": 1114678291078819840, "date": "2019-04-06", "time": "19:56:28", "tweet": "@elonmusk Damn I should of bought it last week before I got it delivered 😞", "likes_count": 31, "replies_count": 8, "retweets_count": 0, "hashtags": []}
{"id": 1114678281402339328, "date": "2019-04-06", "time": "19:56:26", "tweet": "@elonmusk Yaaaaaaay!!!! Thank yooooooou!😄😄😄😘", "likes_count": 0, "replies_count": 0, "retweets_count": 0, "hashtags": []}
{"id": 1114678274494361600, "date": "2019-04-06", "time": "19:56:25", "tweet": "@elonmusk my 12yo s'son ❤'s Tesla, &amp; just had 1st ride in friends Model 3. on way home he says \"did u know all Tesla models spell out S3XY?\" stunned silence.  was that planned?", "likes_count": 0, "replies_count": 0, "retweets_count": 0, "hashtags": []}
{"id": 1114678190134267905, "date": "2019-04-06", "time": "19:56:04", "tweet": "@WallKingGoat1 @realDonaldTump @iamjohnoliver @JeffBezos @elonmusk @nbcsnl @rickygervais @jimjefferies @jimmykimmel @jimmyfallon @TheEllenShow Canada should learn from the US and Leave North America. Re located close to equator", "likes_count": 0, "replies_count": 0, "retweets_count": 0, "hashtags": []}
{"id": 1114678139584634880, "date": "2019-04-06", "time": "19:55:52", "tweet": "@28delayslater @elonmusk Yeah they went a little more toward the comic exaggeration", "likes_count": 1, "replies_count": 0, "retweets_count": 0, "hashtags": []}
{"id": 1114678116608356352, "date": "2019-04-06", "time": "19:55:47", "tweet": "@Trader_Tristan @cryptunez @crypToBanger @justinsuntron @cz_binance @TheCryptoDog @binance @cryptomocho @ToolFreeCrypto @bgarlinghouse @Ripple @BillClinton @elonmusk @SalsaTekila @Crypto_Bitlord @CryptoDonAlt @ImNotTheWolf It will be a loss for crypto space if I leave crypto. 1 less guy that pumps your bags", "likes_count": 3, "replies_count": 1, "retweets_count": 0, "hashtags": []}
{"id": 1114678110539087872, "date": "2019-04-06", "time": "19:55:45", "tweet": "Tesla Leak Reveals Elon Musk Allegedly Threatened to ‘Nuke’ Ex-Employee  https://t.co/ZlPy4tj4Xc #stocks #cryptocurrency #technology #funny #blog #follow4follow #followforfollow #stock #stockmarket #amazon #sports", "likes_count": 0, "replies_count": 0, "retweets_count": 0, "hashtags": ["stocks", "cryptocurrency", "technology", "funny", "blog", "follow4follow", "followforfollow", "stock", "stockmarket", "amazon", "sports"]}
{"id": 1114678090800619521, "date": "2019-04-06", "time": "19:55:41", "tweet": "Elon Musk.  Less like Tony Stark, more like Hank Scorpio.", "likes_count": 0, "replies_count": 0, "retweets_count": 0, "hashtags": []}
{"id": 1114678061205606400, "date": "2019-04-06", "time": "19:55:34", "tweet": "@tesla @elonmusk Why does not Tesla customer support / reservations believe in replying to emails . Been 3 weeks / 2 reminders and just no response . @elonmusk request if you get your guys to reply pls !", "likes_count": 0, "replies_count": 0, "retweets_count": 0, "hashtags": []}
{"id": 1114678060148772865, "date": "2019-04-06", "time": "19:55:33", "tweet": "@redmor11 @TeslaClubMA @elonmusk @Tesla Do you think Tesla will start the expansion of SuCs in Africa by its North? When?", "likes_count": 0, "replies_count": 1, "retweets_count": 0, "hashtags": []}
{"id": 1114678041467211776, "date": "2019-04-06", "time": "19:55:29", "tweet": "@elonmusk Have tried reaching out via corporate email, customer service for an issue I’m having. No response from corporate. No response from @Tesla . Customer service response 🤷‍♂️. Ideas?", "likes_count": 3, "replies_count": 1, "retweets_count": 0, "hashtags": []}
{"id": 1114678012526583809, "date": "2019-04-06", "time": "19:55:22", "tweet": "@elonmusk you’re the real life iron man", "likes_count": 0, "replies_count": 0, "retweets_count": 0, "hashtags": []}
{"id": 1114677996122722306, "date": "2019-04-06", "time": "19:55:18", "tweet": "@elonmusk  in a future software update, any chance that one can look at the videos from the memory stick on the screen without having to remove it every time?", "likes_count": 0, "replies_count": 0, "retweets_count": 0, "hashtags": []}
{"id": 1114677942523703301, "date": "2019-04-06", "time": "19:55:05", "tweet": "@elonmusk Please help me get in a Tesla please", "likes_count": 0, "replies_count": 0, "retweets_count": 0, "hashtags": []}
{"id": 1114677909275332610, "date": "2019-04-06", "time": "19:54:57", "tweet": "@elonmusk @Tesla Charged battery to “trip” yesterday (been a while). Saw limited regen message but was still surprised by the car coasting when I took my foot off the throttle pedal! Since you have full electronic control over the brakes, could you please simulate regen braking?", "likes_count": 0, "replies_count": 0, "retweets_count": 0, "hashtags": []}
{"id": 1114677874785759232, "date": "2019-04-06", "time": "19:54:49", "tweet": "OMG Missile command just made my screen lock up!! This sh!t is real! When you die, you really die! @Tesla @elonmusk Reset successful but many lost. 😞", "likes_count": 0, "replies_count": 0, "retweets_count": 0, "hashtags": []}
{"id": 1114677861888057344, "date": "2019-04-06", "time": "19:54:46", "tweet": "@Kingnunutv @elonmusk @facebook @Google Bro I get maximum 2mbps down, up speeds are not worth mentioning", "likes_count": 1, "replies_count": 1, "retweets_count": 0, "hashtags": []}
{"id": 1114677824667832321, "date": "2019-04-06", "time": "19:54:37", "tweet": "@MoWo91 @elonmusk  https://t.co/ldbMk7k16j", "likes_count": 0, "replies_count": 0, "retweets_count": 0, "hashtags": []}
{"id": 1114677802597539846, "date": "2019-04-06", "time": "19:54:32", "tweet": "Exciting time ahead! Tesla @elonmusk #elonmusk #future #innovation  https://t.co/IUldXUh8Cd", "likes_count": 0, "replies_count": 0, "retweets_count": 0, "hashtags": ["elonmusk", "future", "innovation"]}
{"id": 1114677745013809152, "date": "2019-04-06", "time": "19:54:18", "tweet": "@elonmusk something tells me you’re the real life iron man", "likes_count": 0, "replies_count": 0, "retweets_count": 0, "hashtags": []}
{"id": 1114677744804270080, "date": "2019-04-06", "time": "19:54:18", "tweet": "@cryptomultipli1 @cryptunez @crypToBanger @justinsuntron @cz_binance @TheCryptoDog @binance @cryptomocho @ToolFreeCrypto @bgarlinghouse @Ripple @BillClinton @elonmusk @SalsaTekila @Crypto_Bitlord @CryptoDonAlt @ImNotTheWolf If you think that 1) tagging ppl will pump a highly liquid asset and 2) that you will make up for your losses off of pure speculation without analytical backing for your decision than you deserve to lose your money.   Instead of continuing to gamble maybe educate yourself? 🤔", "likes_count": 4, "replies_count": 1, "retweets_count": 0, "hashtags": []}
{"id": 1114677696770998272, "date": "2019-04-06", "time": "19:54:07", "tweet": "@elonmusk Autopilot seems immune to the urge to rubberneck..", "likes_count": 0, "replies_count": 0, "retweets_count": 0, "hashtags": []}
{"id": 1114677691167510528, "date": "2019-04-06", "time": "19:54:05", "tweet": "@khalilamar @TeslaClubMA @elonmusk @Tesla A few SuC V3s on the Tangier-Casablanca and Casablanca-Marrakesh highways would be sooo perfect for Moroccans and European tourists alike...", "likes_count": 0, "replies_count": 1, "retweets_count": 0, "hashtags": []}
{"id": 1114677656719589378, "date": "2019-04-06", "time": "19:53:57", "tweet": "Elon Musk Card Captor", "likes_count": 0, "replies_count": 0, "retweets_count": 0, "hashtags": []}
{"id": 1114677633302896642, "date": "2019-04-06", "time": "19:53:52", "tweet": "@elonmusk are you the green goblin?", "likes_count": 0, "replies_count": 0, "retweets_count": 0, "hashtags": []}
{"id": 1114677561718726657, "date": "2019-04-06", "time": "19:53:35", "tweet": "🔥 Elon Musk planea mudarse a Marte dentro de siete años  https://t.co/MAey7UBf7P", "likes_count": 0, "replies_count": 0, "retweets_count": 0, "hashtags": []}
{"id": 1114677483326980096, "date": "2019-04-06", "time": "19:53:16", "tweet": " https://t.co/QymOFmESQ3 @elonmusk  ??", "likes_count": 1, "replies_count": 0, "retweets_count": 0, "hashtags": []}
{"id": 1114677460262707200, "date": "2019-04-06", "time": "19:53:10", "tweet": "@elonmusk Please please please", "likes_count": 0, "replies_count": 0, "retweets_count": 0, "hashtags": []}
{"id": 1114677372811403265, "date": "2019-04-06", "time": "19:52:50", "tweet": "@AIejaguar @elonmusk @elonmusk", "likes_count": 0, "replies_count": 0, "retweets_count": 0, "hashtags": []}
{"id": 1114677310521860101, "date": "2019-04-06", "time": "19:52:35", "tweet": "@mendel_mantoux @RammTammTamm @elonmusk @Tesla @ElectrifyBW @BuzzingDanZei Willkommen im Club! 💐💐💐 The #TeslaEffect!  Bin selbst seit 5 Tagen „infiziert“... mit dem E-Mobilisten-Grinsen von Ohr-zu-Ohr!   😎😎😎  Viel Spaß damit und allzeit Strom auf L1-L3!  https://t.co/xw9L0pvQt1", "likes_count": 17, "replies_count": 0, "retweets_count": 3, "hashtags": ["teslaeffect"]}
{"id": 1114677307610890247, "date": "2019-04-06", "time": "19:52:34", "tweet": "✳️ ¿5 millones de dólares por un dominio? Puede que la finalidad real de  https://t.co/REEW5kRZ1t no sea la que nos ha contado Elon Musk...  https://t.co/BLS9W1CnyN", "likes_count": 0, "replies_count": 0, "retweets_count": 0, "hashtags": []}
