{"id": 1084238549606715392, "date": "2019-01-12", "time": "18:59:49", "tweet": "Remember the kid from the Kinder bars? This is him now  @elonmusk  https://t.co/tHa1hzuwGk", "likes_count": 6, "replies_count": 0, "retweets_count": 1, "hashtags": []}
{"id": 1084238530317115392, "date": "2019-01-12", "time": "18:59:44", "tweet": "@elonmusk I think Super Heavy should be renamed StarLifter ...... thoughts?", "likes_count": 0, "replies_count": 0, "retweets_count": 0, "hashtags": []}
{"id": 1084238470145404928, "date": "2019-01-12", "time": "18:59:30", "tweet": "@ElonMusk_d お願いします。 1000万円当たったら大っきい会社を建てたいです。", "likes_count": 0, "replies_count": 0, "retweets_count": 0, "hashtags": []}
{"id": 1084238402973622272, "date": "2019-01-12", "time": "18:59:14", "tweet": "@ElonMusk_d 高額な介護の資格取得のために使いたいです。 よろしくお願いします", "likes_count": 0, "replies_count": 0, "retweets_count": 0, "hashtags": []}
{"id": 1084238373735129089, "date": "2019-01-12", "time": "18:59:07", "tweet": "@Apple Please seriously consider a hostile takeover on @Tesla I think you and @elonmusk would be a perfect match. His vision and @Apple funds can make an ideal relationship", "likes_count": 0, "replies_count": 0, "retweets_count": 0, "hashtags": []}
{"id": 1084238334728187904, "date": "2019-01-12", "time": "18:58:57", "tweet": "@yousuck2020 @SpaceX @dearmoonproject @elonmusk すごいです！ 見てるだけで、わくわくしてきますね(*´꒳`*)", "likes_count": 0, "replies_count": 0, "retweets_count": 0, "hashtags": []}
{"id": 1084238317904949248, "date": "2019-01-12", "time": "18:58:53", "tweet": "@Dank_Squadd @elonmusk @SpaceX @elonmusk", "likes_count": 0, "replies_count": 1, "retweets_count": 0, "hashtags": []}
{"id": 1084238316801683456, "date": "2019-01-12", "time": "18:58:53", "tweet": "@Japan__create @ElonMusk_d #何に使いたいか明確リプライ  ＞※フォローを途中で外した方は無効になりますのでご注意ください。  チャンスを無駄にしないで！  200万円を何に使うとか明確にリプライしてもらえるとありがたいです。  リプライが多くて全部見れないだろう 先ずリプライを見る保証がほしい。", "likes_count": 0, "replies_count": 0, "retweets_count": 0, "hashtags": ["何に使いたいか明確リプライ"]}
{"id": 1084238281305251840, "date": "2019-01-12", "time": "18:58:45", "tweet": "@Crypto_ElonMusk @Lade_E_Bug @JohnnyAraiza @Acosta That happened near the U.S. border... In Mexico. Mexico.", "likes_count": 1, "replies_count": 0, "retweets_count": 0, "hashtags": []}
{"id": 1084238205828747264, "date": "2019-01-12", "time": "18:58:27", "tweet": "@ElonMusk_d 野球用品買います⚾️", "likes_count": 0, "replies_count": 0, "retweets_count": 0, "hashtags": []}
{"id": 1084238189391314944, "date": "2019-01-12", "time": "18:58:23", "tweet": "@yousuck2020 @SpaceX @dearmoonproject @elonmusk 宇宙に行くときに、NASAで訓練あるのかな～😅  かっこいいですね", "likes_count": 0, "replies_count": 0, "retweets_count": 0, "hashtags": []}
{"id": 1084238149017047040, "date": "2019-01-12", "time": "18:58:13", "tweet": "Me ha gustado un vídeo de @YouTube ( https://t.co/JThEpRnrzK - Elon Musk in Interstellar - parody mashup).", "likes_count": 0, "replies_count": 0, "retweets_count": 0, "hashtags": []}
{"id": 1084238140028669952, "date": "2019-01-12", "time": "18:58:11", "tweet": "@vincent13031925 @Tesla @elonmusk Yeah but why would you test red wine when you are not supposed to drink and drive", "likes_count": 0, "replies_count": 1, "retweets_count": 0, "hashtags": []}
{"id": 1084238050811473921, "date": "2019-01-12", "time": "18:57:50", "tweet": "Everyday artists now produce more talented works than the DaVincis of the past.  So too will the everyday engineers of the future, 50 years from now, do greater things than the @elonmusk of today.  Humanity will progress, the future is bright and optimistic.", "likes_count": 5, "replies_count": 0, "retweets_count": 0, "hashtags": []}
{"id": 1084238049175896064, "date": "2019-01-12", "time": "18:57:49", "tweet": "Sorry @elonmusk but @Tesla has lost my long held top spot to @Rivian  Watch “The Clean Escape” on #Vimeo  https://t.co/p4dTkmy9EN", "likes_count": 0, "replies_count": 0, "retweets_count": 0, "hashtags": ["vimeo"]}
{"id": 1084238041336623105, "date": "2019-01-12", "time": "18:57:47", "tweet": "@brentschmidt @ArashMarkazi @elonmusk @metrolosangeles People are babies... don’t realize for many things, like sports events... the train is awesome", "likes_count": 0, "replies_count": 0, "retweets_count": 0, "hashtags": []}
{"id": 1084237998395252737, "date": "2019-01-12", "time": "18:57:37", "tweet": "@elonmusk invest in bungie.", "likes_count": 0, "replies_count": 0, "retweets_count": 0, "hashtags": []}
{"id": 1084237959790903296, "date": "2019-01-12", "time": "18:57:28", "tweet": "@tin__cook @ElonMusk_d ラジオ番組のスポンサーになります！", "likes_count": 1, "replies_count": 0, "retweets_count": 0, "hashtags": []}
{"id": 1084237957710532608, "date": "2019-01-12", "time": "18:57:27", "tweet": "@ElonMusk_d 野球用品買います⚾️", "likes_count": 0, "replies_count": 0, "retweets_count": 0, "hashtags": []}
{"id": 1084237954921517061, "date": "2019-01-12", "time": "18:57:27", "tweet": "In China, Elon Musk Felt the Love That Was Missing at Home  https://t.co/kBAPhXGzsX", "likes_count": 0, "replies_count": 0, "retweets_count": 0, "hashtags": []}
