{"id": 1117215886551556096, "date": "2019-04-13", "time": "19:59:58", "tweet": "@pessimysticizm @Fobss @AsePlayer @yuhyeahyo @elonmusk  https://t.co/7pMhcBUuHE", "likes_count": 0, "replies_count": 0, "retweets_count": 0, "hashtags": []}
{"id": 1117215834378788864, "date": "2019-04-13", "time": "19:59:46", "tweet": "@Erdayastronaut @elonmusk @SpaceX Phenomenal and great idea if you were the first to do slo-mo. Launches happen so fast that you don’t catch the detail of lift off and the exhaust.", "likes_count": 0, "replies_count": 0, "retweets_count": 1, "hashtags": []}
{"id": 1117215820176818176, "date": "2019-04-13", "time": "19:59:43", "tweet": "@PhenomenalPoto @MarsmanQuansun @tsrandall @elonmusk @Tesla Figure of speech. Be real. Believe $900 Milion of free cash flow in a quarter is not common even for most companies on S&amp;P 500.", "likes_count": 0, "replies_count": 1, "retweets_count": 0, "hashtags": []}
{"id": 1117215787423420416, "date": "2019-04-13", "time": "19:59:35", "tweet": "@elonmusk Fantastic what a success!", "likes_count": 0, "replies_count": 0, "retweets_count": 0, "hashtags": []}
{"id": 1117215776144908288, "date": "2019-04-13", "time": "19:59:32", "tweet": "@jaberwock2 @elonmusk @tsrandall 24GW just recently reached not July.", "likes_count": 1, "replies_count": 0, "retweets_count": 0, "hashtags": []}
{"id": 1117215742351544320, "date": "2019-04-13", "time": "19:59:24", "tweet": "🎯 Elon Musk abre el primer túnel subterráneo para aliviar el tráfico en Los Ángeles...  https://t.co/CUOulu1ebb", "likes_count": 0, "replies_count": 0, "retweets_count": 0, "hashtags": []}
{"id": 1117215739864334336, "date": "2019-04-13", "time": "19:59:23", "tweet": "@elonmusk @JCzolko What about the Middle East 😁!", "likes_count": 0, "replies_count": 0, "retweets_count": 0, "hashtags": []}
{"id": 1117215734747271168, "date": "2019-04-13", "time": "19:59:22", "tweet": "@jbarancyk @elonmusk @Gfilche Elon's tweets today have made me go full-on $TSLAQ", "likes_count": 8, "replies_count": 0, "retweets_count": 1, "hashtags": []}
{"id": 1117215634637586432, "date": "2019-04-13", "time": "19:58:58", "tweet": "@elonmusk Bruh don’t do me like that 🧐🤣😛☺️😎", "likes_count": 0, "replies_count": 0, "retweets_count": 0, "hashtags": []}
{"id": 1117215630187352064, "date": "2019-04-13", "time": "19:58:57", "tweet": "@SpaceX @elonmusk best launch commentator in your company #FalconHeavy #SpaceX  https://t.co/54ebn1Lb32", "likes_count": 0, "replies_count": 0, "retweets_count": 0, "hashtags": ["falconheavy", "spacex"]}
{"id": 1117215613364129792, "date": "2019-04-13", "time": "19:58:53", "tweet": "@tecnocato @scot_work @Xil_llix @ton_ethan @ICannot_Enough @Tesla @elonmusk Thanks! I'm a fan of classic space sci-fi, so I've seen the whole film. I enjoyed it despite its portrayal of us Americans as reckless in our eagerness to win the race to Mars. 😀", "likes_count": 1, "replies_count": 0, "retweets_count": 0, "hashtags": []}
{"id": 1117215583479709696, "date": "2019-04-13", "time": "19:58:46", "tweet": "@elonmusk @Gfilche Don’t fuck with my emotions bro. My heart can’t handle it anymore.", "likes_count": 0, "replies_count": 0, "retweets_count": 0, "hashtags": []}
{"id": 1117215550889963520, "date": "2019-04-13", "time": "19:58:38", "tweet": "@AltUSPressSec @AshaRangappa_ @CIAspygirl @ALT_uscis @tarastrong @RogueNASA @AltSpaceForce1 @alt_jabroni @RogueISP @brooklynmarie @angelina_n_ris @AltWASONPS @alt_uscbp @AltWHKitchen @Alt_RBG @AltNatSecAgency @AltDIA @alt_labor @AltHomelandSec @AltCyberCommand @georgesoros @BarackObama @seanhannity @elonmusk @JacobAWohl @BadHombreNPS How you doin’, @wickedsmartface?", "likes_count": 5, "replies_count": 1, "retweets_count": 0, "hashtags": []}
{"id": 1117215535832240128, "date": "2019-04-13", "time": "19:58:35", "tweet": "@EdLippJr @Tesla @elonmusk Same! Maybe I'll try chill mode someday, too... But probably not. 😁", "likes_count": 3, "replies_count": 0, "retweets_count": 0, "hashtags": []}
{"id": 1117215410254958592, "date": "2019-04-13", "time": "19:58:05", "tweet": "@elonmusk And when can we buy it in-car?", "likes_count": 0, "replies_count": 0, "retweets_count": 0, "hashtags": []}
{"id": 1117215371839324161, "date": "2019-04-13", "time": "19:57:56", "tweet": "@elonmusk Noted", "likes_count": 0, "replies_count": 0, "retweets_count": 0, "hashtags": []}
{"id": 1117215366730715137, "date": "2019-04-13", "time": "19:57:54", "tweet": "E se o elon musk fosse trapper?? E ai meu amigo manda: e se meu pau entrasse no teu cu? Belos amigos q eu tenho", "likes_count": 1, "replies_count": 0, "retweets_count": 0, "hashtags": []}
{"id": 1117215323613224960, "date": "2019-04-13", "time": "19:57:44", "tweet": "@vivivandeerlin @teslamodel3fan @elonmusk @Tesla @karpathy Agree. Was just piggybacking the message for a different angle. If homelink was “smart” there would be no need to keep the button closer. Too many times I’m late to hit skip and end up closing an already open garage. Not a priority at all but should be an easy one.", "likes_count": 2, "replies_count": 0, "retweets_count": 0, "hashtags": []}
{"id": 1117215238145957888, "date": "2019-04-13", "time": "19:57:24", "tweet": "Elon Musk makes incredible claims about Tesla Model 3 longevity, will offer battery module replacement - Electrek  https://t.co/Otfl3BzHMx", "likes_count": 1, "replies_count": 0, "retweets_count": 0, "hashtags": []}
{"id": 1117215196756545536, "date": "2019-04-13", "time": "19:57:14", "tweet": "@elonmusk @Freddykadiddle1 @MrVinegarStroke @SeanClements hey guys I have a really good app idea that could make us all that much richer! Please slide on in these dms and we can hammer out the deets!", "likes_count": 0, "replies_count": 1, "retweets_count": 0, "hashtags": []}
{"id": 1117215182676062208, "date": "2019-04-13", "time": "19:57:11", "tweet": "@elonmusk ok", "likes_count": 0, "replies_count": 0, "retweets_count": 0, "hashtags": []}
{"id": 1117215154545004544, "date": "2019-04-13", "time": "19:57:04", "tweet": "If people that clap when an airplane lands bothers you, just wait until the BFR becomes operational 😅 @spacex @elonmusk", "likes_count": 1, "replies_count": 0, "retweets_count": 0, "hashtags": []}
{"id": 1117215137822334976, "date": "2019-04-13", "time": "19:57:00", "tweet": "@elonmusk @CryptoCobain Can you say @dogecoin", "likes_count": 1, "replies_count": 0, "retweets_count": 0, "hashtags": []}
{"id": 1117215133191655424, "date": "2019-04-13", "time": "19:56:59", "tweet": "Why Tesla And Elon Musk Face Challenges In China  https://t.co/zKYbY5trx8 via @YouTube", "likes_count": 0, "replies_count": 0, "retweets_count": 0, "hashtags": []}
{"id": 1117215131190960129, "date": "2019-04-13", "time": "19:56:58", "tweet": "@yosejose00 @cphoyt1 @elonmusk @LivingTesla @Tesla It reduces congestion and they do it at their own risk. Cool with me. Not trying to stop someone from making their own decisions.", "likes_count": 0, "replies_count": 0, "retweets_count": 0, "hashtags": []}
{"id": 1117215129161146369, "date": "2019-04-13", "time": "19:56:58", "tweet": "@clashflowmodel @elonmusk @Polixenes13 @perseidcapital @PlugInFUD I don’t know which if any of the other agreements have bk trigger clauses like that. If they are mostly all intertwined with such clauses then that invalidates this option", "likes_count": 0, "replies_count": 1, "retweets_count": 0, "hashtags": []}
{"id": 1117215107610763266, "date": "2019-04-13", "time": "19:56:53", "tweet": "@caesar_ramirez @elonmusk @tsrandall Nah", "likes_count": 0, "replies_count": 0, "retweets_count": 0, "hashtags": []}
{"id": 1117215098668322816, "date": "2019-04-13", "time": "19:56:51", "tweet": "@elonmusk Not true! I tried to order in Scottsdale yesterday and my residence is in SD and they tried taxing me almost $7,400..!! Jumped the gun @elonmusk", "likes_count": 0, "replies_count": 0, "retweets_count": 0, "hashtags": []}
{"id": 1117215066695319553, "date": "2019-04-13", "time": "19:56:43", "tweet": "@TeslaCharts @elonmusk  https://t.co/MVgt209CZ4", "likes_count": 0, "replies_count": 0, "retweets_count": 0, "hashtags": []}
{"id": 1117215043819646976, "date": "2019-04-13", "time": "19:56:37", "tweet": "@elonmusk How much is it cost right now ?", "likes_count": 0, "replies_count": 0, "retweets_count": 0, "hashtags": []}
{"id": 1117215026643963905, "date": "2019-04-13", "time": "19:56:33", "tweet": "@PhenomenalPoto @tsrandall @elonmusk @Tesla Two consecutive quarters of profits and $900 Million Free Cash flow each in 2018. Limited capital spending because of optimum assets utilization. Industry leading Acct Rec low balance (they collect every cents of sales), And will generate more profits and cash flow in 2019.", "likes_count": 6, "replies_count": 1, "retweets_count": 0, "hashtags": []}
{"id": 1117214956326244352, "date": "2019-04-13", "time": "19:56:17", "tweet": "@elonmusk we should team up and create a baby universe, bringing only the most valuable of the meme gods with us.", "likes_count": 0, "replies_count": 0, "retweets_count": 0, "hashtags": []}
{"id": 1117214863753871365, "date": "2019-04-13", "time": "19:55:55", "tweet": "@TeslaCharts @elonmusk  https://t.co/mrEerFmqbR", "likes_count": 0, "replies_count": 0, "retweets_count": 0, "hashtags": []}
{"id": 1117214711492120576, "date": "2019-04-13", "time": "19:55:18", "tweet": "@KiwiEV @elonmusk @SpaceX Vibration of the ship causes the signal to break down, fix would be a transmitter floating some distance away but tethered.  Or record footage then retransmit after landing ?", "likes_count": 1, "replies_count": 0, "retweets_count": 0, "hashtags": []}
{"id": 1117214677199724547, "date": "2019-04-13", "time": "19:55:10", "tweet": "@elonmusk have you considered offering FSD as a subscription service? This could lower the initial cost for buyers and provide Tesla with a recurring revenue stream.", "likes_count": 0, "replies_count": 0, "retweets_count": 0, "hashtags": []}
{"id": 1117214575760424960, "date": "2019-04-13", "time": "19:54:46", "tweet": "@stephenpallotta @elonmusk @frozencanuck @kickstarter @Indiegogo Lastly, in the brief time I've followed u, i cant recall 1 criticism u hav given Tesla. Its hard 4me to evn debate this when I feel like you will constantly paint a rosy portrait which is neither reality or the expectation we should have 4 tesla. 2 succeed, they need 2b better", "likes_count": 0, "replies_count": 1, "retweets_count": 0, "hashtags": []}
{"id": 1117214513718231040, "date": "2019-04-13", "time": "19:54:31", "tweet": "@elonmusk take other EV trade ins?", "likes_count": 1, "replies_count": 0, "retweets_count": 0, "hashtags": []}
{"id": 1117214414648819713, "date": "2019-04-13", "time": "19:54:07", "tweet": "@crypto_birb @elonmusk @CryptoCobain As if", "likes_count": 0, "replies_count": 0, "retweets_count": 0, "hashtags": []}
{"id": 1117214305852768258, "date": "2019-04-13", "time": "19:53:42", "tweet": "@drbenjaminterry @MrRobCapewell @danahull @elonmusk @SpaceX Well, that's far fetched. 🤔", "likes_count": 5, "replies_count": 0, "retweets_count": 0, "hashtags": []}
{"id": 1117214296788828161, "date": "2019-04-13", "time": "19:53:39", "tweet": "@AngelNDevil2 @pepersoons @incentives101 @iliketeslas @lorakolodny @TilmanWinkler @vicentes @elonmusk @tsrandall @Tesla Sure np", "likes_count": 1, "replies_count": 0, "retweets_count": 0, "hashtags": []}
