{"id": 1145119720380588037, "date": "2019-06-29", "time": "19:59:51", "tweet": "Happy belated birthday @elonmusk", "likes_count": 0, "replies_count": 0, "retweets_count": 0, "hashtags": []}
{"id": 1145119702596947970, "date": "2019-06-29", "time": "19:59:47", "tweet": "Now that we have charging stations then @Tesla should start rope innah the country  🇯🇲 @elonmusk", "likes_count": 0, "replies_count": 0, "retweets_count": 1, "hashtags": []}
{"id": 1145119694418001920, "date": "2019-06-29", "time": "19:59:45", "tweet": "@flaviogarage Chupa Elon Musk kkkk Suck Tesla", "likes_count": 0, "replies_count": 0, "retweets_count": 0, "hashtags": []}
{"id": 1145119653779267584, "date": "2019-06-29", "time": "19:59:35", "tweet": "@elonmusk Waiting for the India launch..", "likes_count": 0, "replies_count": 0, "retweets_count": 0, "hashtags": []}
{"id": 1145119651090894848, "date": "2019-06-29", "time": "19:59:34", "tweet": "@BobyBobCAL @BMWUSA @JonathanAdler @Tesla Don’t worry. I’m sure @elonmusk supports the LGBT community as well.", "likes_count": 0, "replies_count": 0, "retweets_count": 0, "hashtags": []}
{"id": 1145119648284860418, "date": "2019-06-29", "time": "19:59:34", "tweet": "@elonmusk My husband and I would like to contact you please", "likes_count": 0, "replies_count": 0, "retweets_count": 0, "hashtags": []}
{"id": 1145119628814888961, "date": "2019-06-29", "time": "19:59:29", "tweet": "@WhatsupFranks @wizard2416 @elonmusk @Tesla also, give suggestions in the subreddit and @Model3Owners etc. to see if others' agree/think it's a good idea, otherwise it's anarchy (and will only get worse with more drivers)", "likes_count": 1, "replies_count": 1, "retweets_count": 0, "hashtags": []}
{"id": 1145119623433601024, "date": "2019-06-29", "time": "19:59:28", "tweet": "@yeahyeahlthink @mayemusk @elonmusk You're assuming he thinks of us friends...  https://t.co/yPwlgKhROw", "likes_count": 0, "replies_count": 0, "retweets_count": 0, "hashtags": []}
{"id": 1145119621646880770, "date": "2019-06-29", "time": "19:59:27", "tweet": "@elonmusk The sound of those engines 😍", "likes_count": 0, "replies_count": 0, "retweets_count": 0, "hashtags": []}
{"id": 1145119610787622912, "date": "2019-06-29", "time": "19:59:25", "tweet": "@elonmusk @Ninja I thought you deleted Twitter??", "likes_count": 0, "replies_count": 0, "retweets_count": 0, "hashtags": []}
{"id": 1145119604144070658, "date": "2019-06-29", "time": "19:59:23", "tweet": "@elonmusk @Ninja like if we got the best/cheapest batteries then Tesla should be first to bring an economically viable long-range plane or jet to market, right?", "likes_count": 99, "replies_count": 14, "retweets_count": 7, "hashtags": []}
{"id": 1145119593817657344, "date": "2019-06-29", "time": "19:59:21", "tweet": "@Gfilche @elonmusk @Ninja Tesla to complete with airbus and Boeing - I’m sure investors are", "likes_count": 1, "replies_count": 0, "retweets_count": 0, "hashtags": []}
{"id": 1145119590923374592, "date": "2019-06-29", "time": "19:59:20", "tweet": "@elonmusk @Ninja There is a single plane in western Australia on trials. A friend of mine was offered to do some servicing but turned it down due to other commitments. The plane is doing well at this stage.", "likes_count": 0, "replies_count": 0, "retweets_count": 0, "hashtags": []}
{"id": 1145119584988516352, "date": "2019-06-29", "time": "19:59:19", "tweet": "@elonmusk  can you get Rocket League to put a Tesla roadster in the game? 😂 This is level one priority.", "likes_count": 1, "replies_count": 0, "retweets_count": 0, "hashtags": []}
{"id": 1145119498934128641, "date": "2019-06-29", "time": "19:58:58", "tweet": "@elonmusk @Ninja what do you think about the Bob Lazar story? 🛸", "likes_count": 0, "replies_count": 0, "retweets_count": 0, "hashtags": []}
{"id": 1145119496975323137, "date": "2019-06-29", "time": "19:58:58", "tweet": "@elonmusk hi", "likes_count": 0, "replies_count": 0, "retweets_count": 0, "hashtags": []}
{"id": 1145119468177281024, "date": "2019-06-29", "time": "19:58:51", "tweet": "@elonmusk @Ninja Ninja you made it You got Lord Musk to tweet back at you", "likes_count": 0, "replies_count": 0, "retweets_count": 0, "hashtags": []}
{"id": 1145119464720982016, "date": "2019-06-29", "time": "19:58:50", "tweet": "Happy 48th birthday to the man behind it all, Elon Musk! 🎁🎈  https://t.co/2vPycHX8tM", "likes_count": 0, "replies_count": 0, "retweets_count": 0, "hashtags": []}
{"id": 1145119398002380802, "date": "2019-06-29", "time": "19:58:34", "tweet": "Elon Musk 🥰🥰🥰🥰🥰🥰🥰", "likes_count": 0, "replies_count": 0, "retweets_count": 0, "hashtags": []}
{"id": 1145119382378635264, "date": "2019-06-29", "time": "19:58:30", "tweet": "@elonmusk @Ninja The battery pack on a bus could be incredibly large and increase range. How about a garage truck?", "likes_count": 0, "replies_count": 0, "retweets_count": 0, "hashtags": []}
