{"id": 1193317284963639296, "date": "2019-11-09", "time": "18:59:46", "tweet": "☀️ ¿5 millones de dólares por un dominio? Puede que la finalidad real de  https://t.co/ImC9ZWmcHX no sea la que nos ha contado Elon Musk...  https://t.co/nUjNgl6HfP", "likes_count": 0, "replies_count": 0, "retweets_count": 0, "hashtags": []}
{"id": 1193317149042860032, "date": "2019-11-09", "time": "18:59:13", "tweet": "Terrible service from @Tesla in Fremont. Chaotic, unprofessional. Car was supposed to be fixed in a day. It's been 4, and no way for me to reach them over the phone. The address &amp; phone number on work order are WRONG! @elonmusk, seriously, how do you run such a shoddy company?", "likes_count": 10, "replies_count": 5, "retweets_count": 6, "hashtags": []}
{"id": 1193317144022462466, "date": "2019-11-09", "time": "18:59:12", "tweet": "@elonmusk Elon please bring your flamethrowers to this, We are under attack by the Russian goverment, We are a small internet community that did nuffin' wrong. Please protect us man, Paypal has always been my favorite!  https://t.co/mhQdS4FXub", "likes_count": 0, "replies_count": 0, "retweets_count": 0, "hashtags": []}
{"id": 1193317125030653952, "date": "2019-11-09", "time": "18:59:08", "tweet": "@plvmas @elonmusk I either just vomited or squirted, i'm not sure which", "likes_count": 0, "replies_count": 2, "retweets_count": 0, "hashtags": []}
{"id": 1193317075265081344, "date": "2019-11-09", "time": "18:58:56", "tweet": "@AfMusk @elonmusk You go ahead and ride that wave that you created.", "likes_count": 0, "replies_count": 0, "retweets_count": 0, "hashtags": []}
{"id": 1193317032512458752, "date": "2019-11-09", "time": "18:58:45", "tweet": "@AsmanIlal @SupirPete2 @Tesla @elonmusk Beli pete2?", "likes_count": 0, "replies_count": 0, "retweets_count": 0, "hashtags": []}
{"id": 1193317008772915200, "date": "2019-11-09", "time": "18:58:40", "tweet": "@elonmusk I think it (AI) already manipulated me to find out about your tweets. Which I don't consider to be a bad thing - atleast yet ;) If AI can friendly manipulate people into being better versions of themselves and for humanity, isn't that just good for us all? U meant something else?", "likes_count": 0, "replies_count": 0, "retweets_count": 0, "hashtags": []}
{"id": 1193316736113762310, "date": "2019-11-09", "time": "18:57:35", "tweet": "Thanks @elonmusk and #MattGroening  https://t.co/lLYzxiEAF6", "likes_count": 0, "replies_count": 0, "retweets_count": 0, "hashtags": ["mattgroening"]}
{"id": 1193316701686898688, "date": "2019-11-09", "time": "18:57:27", "tweet": "@vincent13031925 @elonmusk @Tesla @EvaFoxU Yes good question. What would number one spot look like..? Any data on this and a likely time line .?", "likes_count": 4, "replies_count": 1, "retweets_count": 0, "hashtags": []}
{"id": 1193316583474712576, "date": "2019-11-09", "time": "18:56:58", "tweet": "@jchybow @elonmusk I agree.   I bought FSD three years ago,  and also have referrals for early software access, and am getting software from @Tesla much later than many are.", "likes_count": 1, "replies_count": 0, "retweets_count": 0, "hashtags": []}
{"id": 1193316577388761094, "date": "2019-11-09", "time": "18:56:57", "tweet": "@vincent13031925 @elonmusk @Tesla @EvaFoxU Vincent Give ME some advice. Buy a large position in stock now or wait. I’m a long time believer and investor in Tesla. I believe with gf3, truck announcement and Europe factory announcement this stock is going to blow up.", "likes_count": 6, "replies_count": 2, "retweets_count": 0, "hashtags": []}
{"id": 1193316410325438466, "date": "2019-11-09", "time": "18:56:17", "tweet": "@whistlerian1834 @elonmusk  https://t.co/vXkfX9ze2r", "likes_count": 1, "replies_count": 0, "retweets_count": 0, "hashtags": []}
{"id": 1193316291496566788, "date": "2019-11-09", "time": "18:55:49", "tweet": "@plvmas @elonmusk The internet should be a series of food tubes, always optimally pointed at my mouth", "likes_count": 0, "replies_count": 0, "retweets_count": 0, "hashtags": []}
{"id": 1193316282273337344, "date": "2019-11-09", "time": "18:55:47", "tweet": "@carinalarsen76 @EvaFoxU @Tesla @elonmusk @TeslaClubNorway  https://t.co/3GjA9XKIxD", "likes_count": 2, "replies_count": 1, "retweets_count": 0, "hashtags": []}
{"id": 1193316278707970048, "date": "2019-11-09", "time": "18:55:46", "tweet": "This video was only possible because of my model 3 getting continual software updates @elonmusk. Thank you for making the funnest product in the world.", "likes_count": 4, "replies_count": 0, "retweets_count": 0, "hashtags": []}
{"id": 1193316252262907904, "date": "2019-11-09", "time": "18:55:39", "tweet": "@JaxAustin @elonmusk And. @Twitter that doesn’t refresh on you", "likes_count": 0, "replies_count": 0, "retweets_count": 0, "hashtags": []}
{"id": 1193315996037070849, "date": "2019-11-09", "time": "18:54:38", "tweet": "@elonmusk if you could pull a 2nd gen Roadster out of a semi style surprise and unveil a large van/suv based on the #cybertruck I’d be so happy! My bank account less so.", "likes_count": 2, "replies_count": 0, "retweets_count": 0, "hashtags": ["cybertruck"]}
{"id": 1193315994413993984, "date": "2019-11-09", "time": "18:54:38", "tweet": "🔘 Elon Musk planea mudarse a Marte dentro de siete años  https://t.co/NfI5uJ4SCC", "likes_count": 0, "replies_count": 0, "retweets_count": 0, "hashtags": []}
{"id": 1193315992463691776, "date": "2019-11-09", "time": "18:54:37", "tweet": "@____AGM____ @jake10977 @davidein @zerohedge @elonmusk You seem to believe in impossible situations so probably it’s normal for someone like you to think that way. Buena suerte!", "likes_count": 0, "replies_count": 1, "retweets_count": 0, "hashtags": []}
{"id": 1193315979704487943, "date": "2019-11-09", "time": "18:54:34", "tweet": "@Glenn37910792 @arikring @TXsharon @TheRealNumber6 @RisePDX @Jackthelad1947 @seth_leitman @debraruh @charluv2011 @TimGuinee @wernerkeil @pegb_ @SaleemulHuq @raduede @Tecgale @MarianSmedley @kirillklip @MLCzone @NPSusa @iwantmynbn @enricomolinari @Hal_Good @lalitapetila @sddphoto @AdamRogers2030 @lillith6 @luribea68 @climateguyw @markburgerenerg @AmandaRay02 @StopAdaniCairns @ClayEngberg @suzlette333 @ken_crichlow @ProfStrachan @01000011CS @MarcVegan @BjornKHaugland @ristori20 @ChristineMilne @THEnergyNet @devindthorpe @cberrl @Falconlady7 @ene3112 @Cattra922 @elonmusk @Tesla @HansLak @stracma not even sure what you mean by that ...", "likes_count": 0, "replies_count": 0, "retweets_count": 0, "hashtags": []}
