{"id": 1096922096578498560, "date": "2019-02-16", "time": "18:59:42", "tweet": "@TMSP85 @TeslaThommy @elonmusk I generally agree with those numbers but your comment also glosses over the inefficiencies in each of their energy supply chains.  BUT my original point was accelerating like crazy is known to wreck Tesla drivetrains. Agree something similar would be the case with gas too.", "likes_count": 0, "replies_count": 3, "retweets_count": 0, "hashtags": []}
{"id": 1096922084729634816, "date": "2019-02-16", "time": "18:59:39", "tweet": "Elon Musk-backed AI Company Claims It Made a Text Generator That's Too Dangerous to Release  https://t.co/vONfQpN5Ux", "likes_count": 0, "replies_count": 0, "retweets_count": 0, "hashtags": []}
{"id": 1096921961035456514, "date": "2019-02-16", "time": "18:59:09", "tweet": "@Nini_Silv @csgo_dev @elonmusk Precisa-se de um engenheiro de Espitualidade para pessoas como a Nini..", "likes_count": 1, "replies_count": 0, "retweets_count": 0, "hashtags": []}
{"id": 1096921946875404288, "date": "2019-02-16", "time": "18:59:06", "tweet": "Elon Musk-Backed Software Can Churn Fake News Stories And Is \"Too Dangerous To Release\"  https://t.co/9aceri6KOr", "likes_count": 0, "replies_count": 0, "retweets_count": 0, "hashtags": []}
{"id": 1096921893452607488, "date": "2019-02-16", "time": "18:58:53", "tweet": "@ElonBachman @ko_strad @elonmusk Perhaps.", "likes_count": 0, "replies_count": 0, "retweets_count": 0, "hashtags": []}
{"id": 1096921868605386752, "date": "2019-02-16", "time": "18:58:47", "tweet": "@elonmusk  https://t.co/jtrTk0lc93", "likes_count": 0, "replies_count": 0, "retweets_count": 0, "hashtags": []}
{"id": 1096921817682534400, "date": "2019-02-16", "time": "18:58:35", "tweet": "@ko_strad @ElonBachman @elonmusk You have no idea what you’re talking about 😂", "likes_count": 0, "replies_count": 1, "retweets_count": 0, "hashtags": []}
{"id": 1096921750032400384, "date": "2019-02-16", "time": "18:58:19", "tweet": "@elonmusk Badass.", "likes_count": 0, "replies_count": 0, "retweets_count": 0, "hashtags": []}
{"id": 1096921712124260353, "date": "2019-02-16", "time": "18:58:10", "tweet": "please let me run tesla or spacex twitter i will only tweet bangers @elonmusk", "likes_count": 4, "replies_count": 0, "retweets_count": 0, "hashtags": []}
{"id": 1096921693312950272, "date": "2019-02-16", "time": "18:58:06", "tweet": "@tesla_lion @ValueAnalyst1 @SiberianOdyssey @iliketeslas @elonmusk @Tesla They can't even meet current demand, not to mention if they advertised..", "likes_count": 1, "replies_count": 0, "retweets_count": 0, "hashtags": []}
{"id": 1096921685024854016, "date": "2019-02-16", "time": "18:58:04", "tweet": "Elon Musk-Backed Software Can Churn Fake News Stories And Is \"Too Dangerous To Release\"  https://t.co/FeldpPbM6c  https://t.co/5GqRurJTPc", "likes_count": 1, "replies_count": 0, "retweets_count": 1, "hashtags": []}
{"id": 1096921626480910336, "date": "2019-02-16", "time": "18:57:50", "tweet": "@ko_strad @MSelander @elonmusk He did talk *about* AutoPilot on the Q4 call, but he made nary a reference to it by name. I don't think that's a coincidence.", "likes_count": 5, "replies_count": 1, "retweets_count": 0, "hashtags": []}
{"id": 1096921586987282432, "date": "2019-02-16", "time": "18:57:40", "tweet": "@zerohedge The Ultimate Revenge of the Nerds.  The nerds like @elonmusk &amp; @jack &amp; Zuckerberg build tech that will allow them to define what the Truth is while programming the rest of us to think what they want us to think.  I’m sure nothing can go wrong!?", "likes_count": 0, "replies_count": 0, "retweets_count": 0, "hashtags": []}
{"id": 1096921558495432704, "date": "2019-02-16", "time": "18:57:34", "tweet": "@Arminduhh @csgo_dev @elonmusk Impossível", "likes_count": 1, "replies_count": 1, "retweets_count": 0, "hashtags": []}
{"id": 1096921480510824449, "date": "2019-02-16", "time": "18:57:15", "tweet": "@Nini_Silv @csgo_dev Não mas talvez o @elonmusk consiga...", "likes_count": 1, "replies_count": 1, "retweets_count": 0, "hashtags": []}
{"id": 1096921281621045248, "date": "2019-02-16", "time": "18:56:28", "tweet": "@elonmusk The same view of metal pouring into a canister not very interesting Yvonne", "likes_count": 0, "replies_count": 0, "retweets_count": 0, "hashtags": []}
{"id": 1096921267888967681, "date": "2019-02-16", "time": "18:56:24", "tweet": "@elonmusk Wooooooo space", "likes_count": 0, "replies_count": 0, "retweets_count": 0, "hashtags": []}
{"id": 1096921265707855872, "date": "2019-02-16", "time": "18:56:24", "tweet": "@ElonBachman @DowdEdward @elonmusk I personally know of an incident where a Tesla on autopilot completely misread traffic  and signals then T - boneda car at 5:00 am no traffic. I’m sure that’s not an isolated accident.", "likes_count": 4, "replies_count": 2, "retweets_count": 0, "hashtags": []}
{"id": 1096921198104141824, "date": "2019-02-16", "time": "18:56:08", "tweet": "@BolducDany1 @MMarilacr @wise_project @francoislegault @elonmusk Quand tu vieillis il y a des choses simples que tu trouves difficile à faire.", "likes_count": 0, "replies_count": 0, "retweets_count": 1, "hashtags": []}
{"id": 1096921131661938688, "date": "2019-02-16", "time": "18:55:52", "tweet": "@elonmusk Hey Mr. Musk I’m thinking of majoring in Aerospace Engineering when I head off to college, got any tips?", "likes_count": 1, "replies_count": 0, "retweets_count": 0, "hashtags": []}
{"id": 1096920961339731968, "date": "2019-02-16", "time": "18:55:11", "tweet": "@justinvondoom I’ve spent too much time the last 48 hours caring about this. MUST COME HOME. MAKE IT HAPPEN @elonmusk", "likes_count": 0, "replies_count": 0, "retweets_count": 0, "hashtags": []}
{"id": 1096920955622969344, "date": "2019-02-16", "time": "18:55:10", "tweet": "Does Elon wear Musk? @elonmusk", "likes_count": 0, "replies_count": 0, "retweets_count": 0, "hashtags": []}
{"id": 1096920938463940608, "date": "2019-02-16", "time": "18:55:06", "tweet": "Elon Musk-backed AI Company Claims It Made a Text Generator That's Too Dangerous to Release  https://t.co/4Bs7iOiE9G via @gizmodo Write long fake news stories in a few seconds. Perfectly indistinguishable from the real thing in a Turing Test kind of way.", "likes_count": 0, "replies_count": 0, "retweets_count": 0, "hashtags": []}
{"id": 1096920784570933248, "date": "2019-02-16", "time": "18:54:29", "tweet": "@iliketeslas @elonmusk @Tesla You just did!! Advertise the Tesla Model 3 starting @ $42k 👍", "likes_count": 1, "replies_count": 0, "retweets_count": 0, "hashtags": []}
{"id": 1096920765033721856, "date": "2019-02-16", "time": "18:54:24", "tweet": "@JLazySAngus @Take5Whpts @Bold_To_Pray @BuschBeer @FarmRescueOrg @AV8intheblue @OmniaQuaerite @wonderfullone @oldtimer1968 @gracels @renato_mariotti @HannsBrixx @Infantry0300 @TomSteyer @elonmusk @darionavarro111 @Kris_Sacrebleu @TKRanch @hana_ranch @SenatorTomUdall @FilmsForChange @RubenSalazarPBS The “noise” keeps u from thinking clearly - intercepts normal emotional processing...", "likes_count": 2, "replies_count": 1, "retweets_count": 0, "hashtags": []}
{"id": 1096920724302897153, "date": "2019-02-16", "time": "18:54:15", "tweet": "I feel like in 10 years @elonmusk is going to start a company called Aperture Laboratories, make a portal gun, develop cancer from moon rock powder, and demand life take the lemons back.  He doesn't want life's damn lemons.", "likes_count": 1, "replies_count": 0, "retweets_count": 0, "hashtags": []}
{"id": 1096920652718706693, "date": "2019-02-16", "time": "18:53:58", "tweet": "@elonmusk SpaceX, making science porn a legit thing", "likes_count": 0, "replies_count": 0, "retweets_count": 0, "hashtags": []}
{"id": 1096920637531131905, "date": "2019-02-16", "time": "18:53:54", "tweet": "@elonmusk I totally know what that means", "likes_count": 0, "replies_count": 0, "retweets_count": 0, "hashtags": []}
{"id": 1096920627586293760, "date": "2019-02-16", "time": "18:53:52", "tweet": "@elonmusk Can you manufacture a hammer out of that? Asking for a friend  https://t.co/kHnfXcCN8w", "likes_count": 0, "replies_count": 0, "retweets_count": 0, "hashtags": []}
{"id": 1096920580824141825, "date": "2019-02-16", "time": "18:53:40", "tweet": "@GingerLBrooks @D_Thfi @elonmusk Nah, you should visit Texas one day, If you ever get the chance. Nicest folks around🤠 plus we have a spacex launch site, so we basically have everything now.😂 (jk) but seriously Texas is a pretty nice state, I love it here. So Elon+spacex+Texas=❤️", "likes_count": 2, "replies_count": 1, "retweets_count": 0, "hashtags": []}
{"id": 1096920453384466433, "date": "2019-02-16", "time": "18:53:10", "tweet": "@jehorjames @Its_not_a_me @elonmusk You'd be crazy to think it's not going to happen eventually it'll be times Square", "likes_count": 4, "replies_count": 0, "retweets_count": 0, "hashtags": []}
{"id": 1096920370463035398, "date": "2019-02-16", "time": "18:52:50", "tweet": "@elonmusk Tesla Scooters, and E-Bikes. Make it happen. Well idk about the bikes tho", "likes_count": 0, "replies_count": 0, "retweets_count": 0, "hashtags": []}
{"id": 1096920214263029761, "date": "2019-02-16", "time": "18:52:13", "tweet": "@ko_strad @ElonBachman @elonmusk Sure but the stats are still skewed due to the fact", "likes_count": 0, "replies_count": 0, "retweets_count": 0, "hashtags": []}
{"id": 1096920124269965313, "date": "2019-02-16", "time": "18:51:52", "tweet": "@elonmusk FEELING, HOT HOT HOT 🥵  https://t.co/fYVETTpAeu", "likes_count": 0, "replies_count": 0, "retweets_count": 0, "hashtags": []}
{"id": 1096920101163421696, "date": "2019-02-16", "time": "18:51:46", "tweet": "@Dr_Camouflage_ @Stuart74354250 @ZonePhysics @elonmusk The snag helps.  https://t.co/jytEqLkHC5", "likes_count": 2, "replies_count": 1, "retweets_count": 0, "hashtags": []}
{"id": 1096920063444246528, "date": "2019-02-16", "time": "18:51:37", "tweet": "@Dat1ScrubLord @Tesla @elonmusk 😂😂😂😂😂😂", "likes_count": 0, "replies_count": 0, "retweets_count": 0, "hashtags": []}
{"id": 1096919996662538240, "date": "2019-02-16", "time": "18:51:21", "tweet": "@Tesla @elonmusk @elonmusk These are some great features, not sure if this is already done but getting all the Insurance providers to give us better discounts for Tesla would be probably amazing.", "likes_count": 0, "replies_count": 0, "retweets_count": 0, "hashtags": []}
{"id": 1096919977498677249, "date": "2019-02-16", "time": "18:51:17", "tweet": "@SpaceX @Tesla One of my goals? Be part of both companies. Someday. Somehow. Forever. Sir Musk Twitter feed is fraud. @elonmusk. Lol. Hello world. 👍🏼", "likes_count": 0, "replies_count": 0, "retweets_count": 0, "hashtags": []}
{"id": 1096919952714592256, "date": "2019-02-16", "time": "18:51:11", "tweet": "If I can't get past the recaptcha robot test.. did I just discover I'm actually a robot? @elonmusk did you make me? #robots", "likes_count": 0, "replies_count": 0, "retweets_count": 0, "hashtags": ["robots"]}
{"id": 1096919937996730370, "date": "2019-02-16", "time": "18:51:07", "tweet": "@jehorjames @Its_not_a_me @elonmusk It's inevitable", "likes_count": 4, "replies_count": 0, "retweets_count": 0, "hashtags": []}
{"id": 1096919886931132425, "date": "2019-02-16", "time": "18:50:55", "tweet": "Elon Musk dice qué una vez que ganes dinero no lo gastes invertilo, exactamente eso haré", "likes_count": 0, "replies_count": 0, "retweets_count": 0, "hashtags": []}
{"id": 1096919839271055360, "date": "2019-02-16", "time": "18:50:44", "tweet": "@cppinvest @iliketeslas @elonmusk @Tesla  https://t.co/yllvoq6eHA", "likes_count": 1, "replies_count": 0, "retweets_count": 0, "hashtags": []}
{"id": 1096919773185802243, "date": "2019-02-16", "time": "18:50:28", "tweet": "I follow @elonmusk to learn how to speak billionaire fluently.", "likes_count": 0, "replies_count": 0, "retweets_count": 0, "hashtags": []}
{"id": 1096919690457305095, "date": "2019-02-16", "time": "18:50:08", "tweet": "@elonmusk will you go get Opportunity as your the only person I know who can bring him back to us", "likes_count": 0, "replies_count": 0, "retweets_count": 0, "hashtags": []}
{"id": 1096919663521484800, "date": "2019-02-16", "time": "18:50:02", "tweet": "shout out to elon  musk!", "likes_count": 0, "replies_count": 0, "retweets_count": 0, "hashtags": []}
{"id": 1096919617849708545, "date": "2019-02-16", "time": "18:49:51", "tweet": "@elonmusk That's awesome Dude!", "likes_count": 0, "replies_count": 0, "retweets_count": 0, "hashtags": []}
{"id": 1096919613156278272, "date": "2019-02-16", "time": "18:49:50", "tweet": "@the_real_xamii @elonmusk Yaaay.", "likes_count": 0, "replies_count": 0, "retweets_count": 0, "hashtags": []}
{"id": 1096919521879838720, "date": "2019-02-16", "time": "18:49:28", "tweet": "My answer to Why doesn't Elon Musk talk more about Nikola Tesla? Why did he publicly idolize Edison?  https://t.co/bLS2NYKSCG", "likes_count": 0, "replies_count": 0, "retweets_count": 0, "hashtags": []}
{"id": 1096919484005257217, "date": "2019-02-16", "time": "18:49:19", "tweet": "@elonmusk", "likes_count": 0, "replies_count": 0, "retweets_count": 0, "hashtags": []}
{"id": 1096919429588418560, "date": "2019-02-16", "time": "18:49:06", "tweet": "@ElonBachman @elonmusk To his defence isn’t it mostly about the questions asked though?", "likes_count": 0, "replies_count": 0, "retweets_count": 0, "hashtags": []}
{"id": 1096919267205890051, "date": "2019-02-16", "time": "18:48:27", "tweet": "@Tesla @elonmusk This is giving me flashbacks to 2001: A Space Odyssey...", "likes_count": 0, "replies_count": 0, "retweets_count": 0, "hashtags": []}
{"id": 1096919255855976449, "date": "2019-02-16", "time": "18:48:25", "tweet": "@cppinvest @iliketeslas @elonmusk @Tesla And then they ride in one and realize that’s all just teslaq BS and they want to order one right away. Like my neighbor who now drives his P3D", "likes_count": 2, "replies_count": 1, "retweets_count": 0, "hashtags": []}
{"id": 1096919159978553344, "date": "2019-02-16", "time": "18:48:02", "tweet": "@elonmusk You should make a cologne and call it, Elon’s musk", "likes_count": 0, "replies_count": 0, "retweets_count": 0, "hashtags": []}
{"id": 1096919009168113664, "date": "2019-02-16", "time": "18:47:26", "tweet": "@benshapiro You’ve hosted meme review, try to convince @elonmusk", "likes_count": 0, "replies_count": 0, "retweets_count": 0, "hashtags": []}
{"id": 1096918948325380096, "date": "2019-02-16", "time": "18:47:11", "tweet": "@Philosofreddy @TheTeslaModel3 @elonmusk Rad! Tell me how it goes", "likes_count": 1, "replies_count": 1, "retweets_count": 0, "hashtags": []}
{"id": 1096918926313836545, "date": "2019-02-16", "time": "18:47:06", "tweet": "Hey @elonmusk! since you already have been in finance, automotive, aerospace and electronic/solar, when is the time for healthcare?", "likes_count": 0, "replies_count": 0, "retweets_count": 0, "hashtags": []}
{"id": 1096918884303556609, "date": "2019-02-16", "time": "18:46:56", "tweet": "@ValueAnalyst1 @SiberianOdyssey @iliketeslas @elonmusk @Tesla Maybe they are find tuning capacity before trying to increase orders. Can probably sell all they make still without pulling further demand levers now that they start working through international backlog", "likes_count": 4, "replies_count": 0, "retweets_count": 0, "hashtags": []}
{"id": 1096918841265922048, "date": "2019-02-16", "time": "18:46:46", "tweet": "@elonmusk", "likes_count": 0, "replies_count": 0, "retweets_count": 0, "hashtags": []}
{"id": 1096918641516466176, "date": "2019-02-16", "time": "18:45:58", "tweet": "Elon Musk-Backed Software Can Churn Fake News Stories And Is \"Too Dangerous To Release\" | Zero Hedge  https://t.co/7gltKS0UxZ", "likes_count": 0, "replies_count": 0, "retweets_count": 0, "hashtags": []}
{"id": 1096918641185046528, "date": "2019-02-16", "time": "18:45:58", "tweet": "Did someone tell @elonmusk to stop talking about AutoPilot on the $TSLA Q4 earnings call?  https://t.co/KbdrB8GHLF", "likes_count": 89, "replies_count": 7, "retweets_count": 23, "hashtags": []}
