{"id": 1150193158916980736, "date": "2019-07-13", "time": "19:59:53", "tweet": "@vincent13031925 @Tesla @FashionIsland @elonmusk Sounds like a no brianer. Congratulations Vincent!!!", "likes_count": 3, "replies_count": 1, "retweets_count": 0, "hashtags": []}
{"id": 1150193099307704321, "date": "2019-07-13", "time": "19:59:39", "tweet": "@nichegamer Mr. @elonmusk , can you confirm or deny this accusation? 🎙", "likes_count": 0, "replies_count": 0, "retweets_count": 0, "hashtags": []}
{"id": 1150193098661740544, "date": "2019-07-13", "time": "19:59:38", "tweet": "@CARandDRIVER @elonmusk @Tesla @FordTrucks @Porsche I’m so tired of this shtick", "likes_count": 2, "replies_count": 0, "retweets_count": 0, "hashtags": []}
{"id": 1150193075295268866, "date": "2019-07-13", "time": "19:59:33", "tweet": "@elonmusk also this is a panoramic picture looooooooool", "likes_count": 0, "replies_count": 0, "retweets_count": 0, "hashtags": []}
{"id": 1150192940028792832, "date": "2019-07-13", "time": "19:59:01", "tweet": "@WilliamShatner @elonmusk @HISTORY You are already missed.😍", "likes_count": 1, "replies_count": 0, "retweets_count": 0, "hashtags": []}
{"id": 1150192936690343936, "date": "2019-07-13", "time": "19:59:00", "tweet": "Elon Musk is my god", "likes_count": 0, "replies_count": 0, "retweets_count": 0, "hashtags": []}
{"id": 1150192909662244864, "date": "2019-07-13", "time": "19:58:53", "tweet": "Hey @elonmusk can I please get a free flamethrower because my birthday is on September 20th, That’s when the Area 51 riot is.", "likes_count": 0, "replies_count": 0, "retweets_count": 0, "hashtags": []}
{"id": 1150192635270828032, "date": "2019-07-13", "time": "19:57:48", "tweet": "🌵 ¿5 millones de dólares por un dominio? Puede que la finalidad real de  https://t.co/n77xhjoOwQ no sea la que nos ha contado Elon Musk...  https://t.co/ep2GzypIWD", "likes_count": 0, "replies_count": 0, "retweets_count": 0, "hashtags": []}
{"id": 1150192560142524418, "date": "2019-07-13", "time": "19:57:30", "tweet": "🔷 Elon Musk planea mudarse a Marte dentro de siete años  https://t.co/TJT6O9iAor", "likes_count": 0, "replies_count": 0, "retweets_count": 1, "hashtags": []}
{"id": 1150192552387194880, "date": "2019-07-13", "time": "19:57:28", "tweet": "Here are a list of failure of the legendary Elon Musk. Today, he is worth $20 billion. Indeed, failure is not a death sentence but a highway to success. Keep failing forward. #sharetyourfailure  https://t.co/GK81hNufFH", "likes_count": 0, "replies_count": 0, "retweets_count": 0, "hashtags": ["sharetyourfailure"]}
{"id": 1150192537694539779, "date": "2019-07-13", "time": "19:57:25", "tweet": "“Seek and park” mode is the next feature to be added after enhanced summon according to Elon Musk.   Enhanced summon is still undergoing testing within the early access program and undergoing an engineering review today", "likes_count": 161, "replies_count": 8, "retweets_count": 19, "hashtags": []}
{"id": 1150192480576507906, "date": "2019-07-13", "time": "19:57:11", "tweet": "@skjoldp @bombero1394 @Tesla @elonmusk @tesla_truth @mortchad @28delayslater Sadly it won’t be allowed to do this in Europe.", "likes_count": 0, "replies_count": 1, "retweets_count": 0, "hashtags": []}
{"id": 1150192458283667456, "date": "2019-07-13", "time": "19:57:06", "tweet": "Decided to purchase the @Tesla Solar System. Went to the Tesla @FashionIsland store today for more details. My monthly electric bill is around $240 vs Tesla #Solar system monthly loan payment $173 (including the usage of my upcoming Model X) I am Sold! Thx @elonmusk  $TSLA #Tesla  https://t.co/k8aaL7a5fa", "likes_count": 1274, "replies_count": 61, "retweets_count": 113, "hashtags": ["solar", "tesla"]}
{"id": 1150192419591335936, "date": "2019-07-13", "time": "19:56:57", "tweet": "Elon Musk has downsized his dreams to end climate change  https://t.co/lu6Tz4ZIUF", "likes_count": 1, "replies_count": 1, "retweets_count": 0, "hashtags": []}
{"id": 1150192364339810305, "date": "2019-07-13", "time": "19:56:43", "tweet": "@jaminthecity @jack @JamesClear @TheRealBuzz @elonmusk @NASA @blueorigin @apollo_50th @Heavenlybot @WileGenius @WinnerDankie @MarsCuriosity @marsrader @evankirstel @MichaelGalanin  \"#YEP #COOL #WOW #XD #AWESOME  \"GET YOUR ASS TO MARS\" #Apollo50 #Apollo50th #APOLLO11 Apollo 50th (@apollo_50th)Twitter #Mars2020 #TITAN2030!? #EUROPA2025!!\"#YEP #LOL #WOW #XD #AWESOME  https://t.co/vKtWQyWGXW", "likes_count": 1, "replies_count": 1, "retweets_count": 0, "hashtags": ["yep", "cool", "wow", "xd", "awesome", "apollo50", "apollo50th", "apollo11", "mars2020", "titan2030", "europa2025", "yep", "lol", "wow", "xd", "awesome"]}
{"id": 1150192315971117057, "date": "2019-07-13", "time": "19:56:32", "tweet": "@elonmusk 1st Tesla solar roof in the Netherlands! @elonmusk I want it badly and have the perfect house to showcase in Eindhoven", "likes_count": 0, "replies_count": 0, "retweets_count": 0, "hashtags": []}
{"id": 1150192304378077184, "date": "2019-07-13", "time": "19:56:29", "tweet": "Negative? How a Navy veteran refused to accept a 'no' to his battery invention  https://t.co/rAJxWQcFrZ via @techcrunch @elonmusk", "likes_count": 0, "replies_count": 0, "retweets_count": 0, "hashtags": []}
{"id": 1150192243166371842, "date": "2019-07-13", "time": "19:56:14", "tweet": "Everyone send  @elonmusk A huge thank you   for the #earthquakes #EarthquakeLA  https://t.co/n1x6JokJ4n  \"You're a lifesaver.\"", "likes_count": 0, "replies_count": 0, "retweets_count": 0, "hashtags": ["earthquakes", "earthquakela"]}
{"id": 1150192219049144320, "date": "2019-07-13", "time": "19:56:09", "tweet": "@elonmusk When you arrive ring the bell!⏳🔔", "likes_count": 1, "replies_count": 0, "retweets_count": 0, "hashtags": []}
{"id": 1150192032289308672, "date": "2019-07-13", "time": "19:55:24", "tweet": "@anshid_np @AudiFrance @_bierophile_ @NCBirbhan @elonmusk e/é", "likes_count": 0, "replies_count": 0, "retweets_count": 0, "hashtags": []}
{"id": 1150192023695085568, "date": "2019-07-13", "time": "19:55:22", "tweet": "@AngelGPonce @elonmusk @Tesla Spoilt millennial is frustrated? Why can’t we vacay on mars already Elon?", "likes_count": 2, "replies_count": 0, "retweets_count": 0, "hashtags": []}
{"id": 1150191971283062784, "date": "2019-07-13", "time": "19:55:10", "tweet": "@elonmusk is water wet?", "likes_count": 0, "replies_count": 0, "retweets_count": 0, "hashtags": []}
{"id": 1150191908473442304, "date": "2019-07-13", "time": "19:54:55", "tweet": "@DowdEdward @elonmusk @annerajb @flcnhvy @Erdayastronaut @PatrickLac007 @AngelGPonce @Tesla Lol.  😜. Living Color needs to work him into the song.", "likes_count": 1, "replies_count": 0, "retweets_count": 0, "hashtags": []}
{"id": 1150191894632136704, "date": "2019-07-13", "time": "19:54:51", "tweet": "@Nixons_Head_ @Coyoteblog @TESLAcharts @elonmusk @pbreit @PatrickLac007 @AngelGPonce @Tesla Lamborghini owner complaints don't immediately get spun into FUD stories", "likes_count": 1, "replies_count": 0, "retweets_count": 0, "hashtags": []}
{"id": 1150191815087276036, "date": "2019-07-13", "time": "19:54:32", "tweet": "@marcomarmutto @elonmusk While I can agree to some extent to the beginning of your post, you know much too little about me and what I want to be giving me advice and suggesting me to think.", "likes_count": 0, "replies_count": 0, "retweets_count": 0, "hashtags": []}
{"id": 1150191807705145345, "date": "2019-07-13", "time": "19:54:31", "tweet": "@ananavarro Americans, Please support @SenKamalaHarris full force by sending money &amp; vigorously campaigning for her. It is not about taking back the WH but taking back America. She is the right person to lead us. @PeterThiel @Oprah @KHatchett @NAACP @MikeBloomberg @BW @ElonMusk @Libertynews", "likes_count": 0, "replies_count": 0, "retweets_count": 1, "hashtags": []}
{"id": 1150191789514452993, "date": "2019-07-13", "time": "19:54:26", "tweet": "@WarpLotus1983 @david_ogden @AngelGPonce @elonmusk @Tesla We don't need a wall ..", "likes_count": 4, "replies_count": 0, "retweets_count": 0, "hashtags": []}
{"id": 1150191779779678208, "date": "2019-07-13", "time": "19:54:24", "tweet": "@elonmusk  pls", "likes_count": 0, "replies_count": 0, "retweets_count": 0, "hashtags": []}
{"id": 1150191775824449537, "date": "2019-07-13", "time": "19:54:23", "tweet": "@EddieRux @BocachicaMaria1 @AvoiceCry @RogerLewisHolt @LabPadre @elonmusk @austinbarnard45 @tossha_spb @atlasobscura @CowboyDanPaasch @bluemoondance74 @NASASpaceflight @JaneidyEve @BocaChicaGal Still missed the name BocaChicaMaria1 again. It’s Boca Chica gal is Mary, Boca Chica maria1 well is Maria.", "likes_count": 3, "replies_count": 2, "retweets_count": 0, "hashtags": []}
{"id": 1150191767620345862, "date": "2019-07-13", "time": "19:54:21", "tweet": "@waitbutwhy @elonmusk @elonmusk  Will Neuralink protect us from government control? What if it is hacked? What if another program is superimposed in its place, after the hacking? Won't this open us up to malware? 🤔  🌏 🌐 💾 🛡 🏛 🤖", "likes_count": 0, "replies_count": 0, "retweets_count": 0, "hashtags": []}
{"id": 1150191766873751552, "date": "2019-07-13", "time": "19:54:21", "tweet": "@madison_julie @elonmusk 😂😂😂", "likes_count": 1, "replies_count": 0, "retweets_count": 0, "hashtags": []}
{"id": 1150191562774761472, "date": "2019-07-13", "time": "19:53:32", "tweet": "@landpsychology * @elonmusk * Mars... Sexy Mars...", "likes_count": 1, "replies_count": 0, "retweets_count": 0, "hashtags": []}
{"id": 1150191526049271808, "date": "2019-07-13", "time": "19:53:23", "tweet": "@elonmusk breh I LIVE in Las Vegas and BET I will be there. I’d like my flame thrower now 😜😜😜 I’ll give it back and if I get an extra alien I’ll let you have him 🥰🥰🔥🔥🔥🔥🔥🔥🔥🔥🔥🔥", "likes_count": 0, "replies_count": 1, "retweets_count": 0, "hashtags": []}
{"id": 1150191479844831232, "date": "2019-07-13", "time": "19:53:12", "tweet": "Worth reading @elonmusk replies", "likes_count": 0, "replies_count": 0, "retweets_count": 0, "hashtags": []}
{"id": 1150191425591623681, "date": "2019-07-13", "time": "19:53:00", "tweet": "☀️ “Cuando algo es lo suficientemente importante, lo haces incluso cuando las posibilidades no están en tu favor.” – Elon Musk (1971-actualidad)", "likes_count": 1, "replies_count": 0, "retweets_count": 0, "hashtags": []}
{"id": 1150191286764429312, "date": "2019-07-13", "time": "19:52:26", "tweet": "@elonmusk Thought that you might consider helping. These are the very last two, both females, hoping for science to save this species.", "likes_count": 0, "replies_count": 0, "retweets_count": 0, "hashtags": []}
{"id": 1150191261049135104, "date": "2019-07-13", "time": "19:52:20", "tweet": "@Erdayastronaut @elonmusk @MemesOfMars @Kristennetten @annerajb @flcnhvy @PatrickLac007 @AngelGPonce @Tesla Can I Plsease have this picture to put as wallpaper for my Iphone. Maybe a longer aspect ratio to iPhone. Thanks", "likes_count": 0, "replies_count": 0, "retweets_count": 0, "hashtags": []}
{"id": 1150191215297490944, "date": "2019-07-13", "time": "19:52:09", "tweet": "can u believe elon musk invented anime", "likes_count": 8, "replies_count": 1, "retweets_count": 0, "hashtags": []}
{"id": 1150191132938297344, "date": "2019-07-13", "time": "19:51:50", "tweet": "@JeffBezos @elonmusk @richardbranson ...or this  https://t.co/Cp8qLSo69P", "likes_count": 0, "replies_count": 0, "retweets_count": 0, "hashtags": []}
{"id": 1150191124713074688, "date": "2019-07-13", "time": "19:51:48", "tweet": "@elonmusk @Tesla @cleantechnica from India, Saving little by little, one day will buy a Tesla car. 3 months 27th day.", "likes_count": 0, "replies_count": 0, "retweets_count": 0, "hashtags": []}
{"id": 1150191104307810304, "date": "2019-07-13", "time": "19:51:43", "tweet": "@LafountainPaul @elonmusk @annerajb @flcnhvy @Erdayastronaut @PatrickLac007 @AngelGPonce @Tesla The sleeper has awakened", "likes_count": 1, "replies_count": 1, "retweets_count": 0, "hashtags": []}
{"id": 1150191070753566720, "date": "2019-07-13", "time": "19:51:35", "tweet": "@teslabros @elonmusk @Tesla How many hours can you drive on a single charge?", "likes_count": 0, "replies_count": 1, "retweets_count": 0, "hashtags": []}
{"id": 1150191050532827138, "date": "2019-07-13", "time": "19:51:30", "tweet": "@WilliamShatner @elonmusk @HISTORY Enjoy your time Admiral!", "likes_count": 0, "replies_count": 0, "retweets_count": 0, "hashtags": []}
{"id": 1150190972636020736, "date": "2019-07-13", "time": "19:51:12", "tweet": "@elonmusk @annerajb @flcnhvy @Erdayastronaut @PatrickLac007 @AngelGPonce @Tesla So only in garages where you drive down the same way you come up? Lots of garages are one way up another way down.", "likes_count": 0, "replies_count": 0, "retweets_count": 0, "hashtags": []}
{"id": 1150190858278461440, "date": "2019-07-13", "time": "19:50:44", "tweet": "@DowdEdward @elonmusk @annerajb @flcnhvy @Erdayastronaut @PatrickLac007 @AngelGPonce @Tesla Mua-DIB!", "likes_count": 1, "replies_count": 1, "retweets_count": 0, "hashtags": []}
{"id": 1150190764326096897, "date": "2019-07-13", "time": "19:50:22", "tweet": "@elonmusk @PatrickLac007 @AngelGPonce @Tesla Still curious, does audio input play a part in the parking lot navigation problem?", "likes_count": 0, "replies_count": 0, "retweets_count": 0, "hashtags": []}
{"id": 1150190736563986432, "date": "2019-07-13", "time": "19:50:15", "tweet": "@gothmom__ @elonmusk I’m stressed out just looking at that", "likes_count": 1, "replies_count": 0, "retweets_count": 0, "hashtags": []}
{"id": 1150190702980194304, "date": "2019-07-13", "time": "19:50:07", "tweet": "@WilliamShatner @elonmusk @HISTORY Take care Bill!", "likes_count": 4, "replies_count": 0, "retweets_count": 0, "hashtags": []}
{"id": 1150190690959163393, "date": "2019-07-13", "time": "19:50:04", "tweet": "@elonmusk supply us with not-a-flamethrowers to storm Area 51", "likes_count": 0, "replies_count": 0, "retweets_count": 0, "hashtags": []}
{"id": 1150190618372521984, "date": "2019-07-13", "time": "19:49:47", "tweet": "@APompliano @elonmusk Blowtorch can’t do shit to #Bitcoin", "likes_count": 0, "replies_count": 0, "retweets_count": 0, "hashtags": ["bitcoin"]}
{"id": 1150190608880930816, "date": "2019-07-13", "time": "19:49:45", "tweet": "@elonmusk the SuC's can load Teslas and many other things...😂😂😂  https://t.co/UoQJgyZcjp", "likes_count": 0, "replies_count": 0, "retweets_count": 0, "hashtags": []}
{"id": 1150190566782562304, "date": "2019-07-13", "time": "19:49:35", "tweet": "“\"when Something is Important Enough, You Do It Even if the Odds Are Not in Your Favor.\" _elon Musk ( Resolution: 3000×3000) - More quotes at:  https://t.co/ut2ONABKnL  https://t.co/CdjWtQeuVs", "likes_count": 0, "replies_count": 0, "retweets_count": 0, "hashtags": []}
{"id": 1150190447308025856, "date": "2019-07-13", "time": "19:49:06", "tweet": "🎱 Elon Musk abre el primer túnel subterráneo para aliviar el tráfico en Los Ángeles...  https://t.co/4zG5GQJbtx", "likes_count": 0, "replies_count": 0, "retweets_count": 0, "hashtags": []}
{"id": 1150190404203008000, "date": "2019-07-13", "time": "19:48:56", "tweet": "@_alynana Como dice Elon Musk \"yo no fui a Harvard, pero la gente que trabaja para mí si; hay una diferencia intrínseca entre conocimiento/educación y escolaridad\".  Pobre gente que no es más que su título universitario...", "likes_count": 0, "replies_count": 0, "retweets_count": 0, "hashtags": []}
{"id": 1150190323345137664, "date": "2019-07-13", "time": "19:48:37", "tweet": "Elon musk is cancelled. Every week i try to lower my screen time less than the week before.", "likes_count": 0, "replies_count": 0, "retweets_count": 0, "hashtags": []}
{"id": 1150190303430815745, "date": "2019-07-13", "time": "19:48:32", "tweet": "@elonmusk @realorgaSAM @Softpaws_kt @danielleggwp @lady_sugarcube @IrongirlNadia @thediaryofellie @carebecc @OJessicaNigri @byndogehk @_brylealangley @clericdragoon", "likes_count": 0, "replies_count": 0, "retweets_count": 0, "hashtags": []}
{"id": 1150190263748431873, "date": "2019-07-13", "time": "19:48:23", "tweet": "#PlanEmprendedor Pasos para desarrollar el carisma de Elon Musk  https://t.co/w13UdMwxdh  — Plan Emprendedor (PlanEmprendedor) July 13, 2019", "likes_count": 0, "replies_count": 0, "retweets_count": 0, "hashtags": ["planemprendedor"]}
{"id": 1150190195129638913, "date": "2019-07-13", "time": "19:48:06", "tweet": "@CARandDRIVER @elonmusk @Tesla @FordTrucks @Porsche as a pedestrian, if i got hit by this tesla pick up truck, i wouldn’t be any better off than if it were the ford f-150. both are equally as dangerous in their current form. couldn’t the tesla at least slope the “front engine” bay lower like a car’s profile - to limit injuries?", "likes_count": 1, "replies_count": 0, "retweets_count": 0, "hashtags": []}
{"id": 1150190084399874048, "date": "2019-07-13", "time": "19:47:40", "tweet": "@elonmusk Waiting for the live streaming from India 🇮🇳😍😍😍😍😍", "likes_count": 0, "replies_count": 0, "retweets_count": 0, "hashtags": []}
{"id": 1150190058785386496, "date": "2019-07-13", "time": "19:47:34", "tweet": "i’ll say this til the day i die: i want to be loved by @elonmusk 😔😔", "likes_count": 0, "replies_count": 0, "retweets_count": 0, "hashtags": []}
{"id": 1150190030046076928, "date": "2019-07-13", "time": "19:47:27", "tweet": "@elonmusk @AngelGPonce @Tesla How about from northern Michigan all the way to Vahalla? 🤔", "likes_count": 0, "replies_count": 0, "retweets_count": 0, "hashtags": []}
{"id": 1150189911263338496, "date": "2019-07-13", "time": "19:46:58", "tweet": "@elonmusk Would be cool if you create EVS hand wave like Jeep owners wave to acknowledge that they drive a vehicle like no other. I drive an i3 till I can afford Model3 I feel happy every time I see a Tesla and would love to wave to express how special is this movement! Love you", "likes_count": 0, "replies_count": 0, "retweets_count": 0, "hashtags": []}
{"id": 1150189874814828544, "date": "2019-07-13", "time": "19:46:50", "tweet": "@LoganPaul Elon Musk’s kids shall rise", "likes_count": 0, "replies_count": 0, "retweets_count": 0, "hashtags": []}
{"id": 1150189859237244928, "date": "2019-07-13", "time": "19:46:46", "tweet": "🔷 Elon Musk planea mudarse a Marte dentro de siete años #Viajes  https://t.co/XFOpiybZ3B", "likes_count": 0, "replies_count": 0, "retweets_count": 0, "hashtags": ["viajes"]}
{"id": 1150189828841103360, "date": "2019-07-13", "time": "19:46:39", "tweet": "THESE kinds of projects are what @JeffBezos, @elonmusk, @richardbranson and the like *could* be doing, rather than pointless vanity space projects.  https://t.co/4jO1vEGVW3", "likes_count": 0, "replies_count": 1, "retweets_count": 0, "hashtags": []}
{"id": 1150189827163336704, "date": "2019-07-13", "time": "19:46:38", "tweet": "@teslabros @elonmusk @Tesla The cruise control is unbelievable, finding it so easy to use and a game changer for driving long distances", "likes_count": 1, "replies_count": 0, "retweets_count": 0, "hashtags": []}
{"id": 1150189718178586624, "date": "2019-07-13", "time": "19:46:12", "tweet": "I'll be upset if no one has recruited @elonmusk to raid area 51", "likes_count": 0, "replies_count": 0, "retweets_count": 0, "hashtags": []}
{"id": 1150189586884284416, "date": "2019-07-13", "time": "19:45:41", "tweet": "#PlanEmprendedor Pasos para desarrollar el carisma de Elon Musk  https://t.co/6jWLlFx0cd", "likes_count": 4, "replies_count": 0, "retweets_count": 0, "hashtags": ["planemprendedor"]}
{"id": 1150189542843961344, "date": "2019-07-13", "time": "19:45:31", "tweet": "@elonmusk @elonmusk I own and Love @Tesla, you should learn more about @btc this is YOU and you dont know it yet!!!", "likes_count": 1, "replies_count": 0, "retweets_count": 0, "hashtags": []}
{"id": 1150189439689351173, "date": "2019-07-13", "time": "19:45:06", "tweet": "@elonmusk Can you design a #Tesla big enough to be a futuristic #jaminavanorRV project? ✌️👽🤙 #justcurious 💙  https://t.co/XyEbkDaMoQ 🎥 ZACH DEPUTY - \"Twisty Twisty\" - (Live from Venice, CA ...", "likes_count": 0, "replies_count": 0, "retweets_count": 0, "hashtags": ["tesla", "jaminavanorrv", "justcurious"]}
{"id": 1150189435683782660, "date": "2019-07-13", "time": "19:45:05", "tweet": "@bombero1394 @Tesla @elonmusk @tesla_truth @mortchad @28delayslater My 3 drastically improve on NOAP since the update, I was ping ponging some on the last, but it gone now and very smooth!  Great update!", "likes_count": 0, "replies_count": 0, "retweets_count": 0, "hashtags": []}
{"id": 1150189402607542272, "date": "2019-07-13", "time": "19:44:57", "tweet": "@Ulusoy24791105 @elonmusk @realDonaldTrump  https://t.co/mKPARNMpZv", "likes_count": 0, "replies_count": 0, "retweets_count": 0, "hashtags": []}
{"id": 1150189358726541312, "date": "2019-07-13", "time": "19:44:47", "tweet": "@elonmusk @AngelGPonce @Tesla That's simple \"ok\"  The best", "likes_count": 0, "replies_count": 0, "retweets_count": 0, "hashtags": []}
{"id": 1150189268536627202, "date": "2019-07-13", "time": "19:44:25", "tweet": "@jaminthecity @jack @JamesClear @TheRealBuzz : \"GET YOUR ASS TO #MARS\" ! #Mars2020 @elonmusk @NASA @blueorigin   #YEP #COOL #WOW #XD #AWESOME  \"GET YOUR ASS TO MARS\" #Apollo50 #Apollo50th #APOLLO11 Apollo 50th (@apollo_50th) | Twitter  https://t.co/deC9e5JpyV", "likes_count": 0, "replies_count": 1, "retweets_count": 0, "hashtags": ["mars", "mars2020", "yep", "cool", "wow", "xd", "awesome", "apollo50", "apollo50th", "apollo11"]}
{"id": 1150189248978595842, "date": "2019-07-13", "time": "19:44:21", "tweet": "@AngelGPonce @elonmusk @Tesla If Tesla steal 1% 3% or 5% of car sales in Puerto Rico Forecast. You have to see this!!!!!!  https://t.co/NloibF4rm4", "likes_count": 0, "replies_count": 0, "retweets_count": 0, "hashtags": []}
{"id": 1150189197279584256, "date": "2019-07-13", "time": "19:44:08", "tweet": "#elonmusk likes it in the backdoor ... #grimes doesn’t so he sticks with #amberheard 🤢", "likes_count": 0, "replies_count": 0, "retweets_count": 0, "hashtags": ["elonmusk", "grimes", "amberheard"]}
{"id": 1150189100529520640, "date": "2019-07-13", "time": "19:43:45", "tweet": "@BoothDean @Atrios @elonmusk 💯", "likes_count": 2, "replies_count": 0, "retweets_count": 0, "hashtags": []}
{"id": 1150189099325829121, "date": "2019-07-13", "time": "19:43:45", "tweet": "@elonmusk @PatrickLac007 @AngelGPonce @Tesla Is the Earth Real?", "likes_count": 0, "replies_count": 0, "retweets_count": 0, "hashtags": []}
{"id": 1150189026181361666, "date": "2019-07-13", "time": "19:43:27", "tweet": "Ver a Elon Musk vivir el primer aterrizaje del Falcon 9,  es cómo ver a un niño recibir la Navidad   #ElonMusk    https://t.co/J3FwT3fa4A", "likes_count": 0, "replies_count": 1, "retweets_count": 0, "hashtags": ["elonmusk"]}
{"id": 1150188975275028486, "date": "2019-07-13", "time": "19:43:15", "tweet": "@EvaFoxU @elonmusk 🤣My vocabulary has increased just by reading his Twitter posts.", "likes_count": 2, "replies_count": 1, "retweets_count": 0, "hashtags": []}
{"id": 1150188813517557760, "date": "2019-07-13", "time": "19:42:37", "tweet": "@elonmusk Please join the Area 51 Raid!", "likes_count": 1, "replies_count": 0, "retweets_count": 1, "hashtags": []}
{"id": 1150188813475438592, "date": "2019-07-13", "time": "19:42:37", "tweet": "@masegoslin @Tesla @elonmusk LOL", "likes_count": 0, "replies_count": 0, "retweets_count": 0, "hashtags": []}
{"id": 1150188721989402625, "date": "2019-07-13", "time": "19:42:15", "tweet": "@elonmusk @PatrickLac007 @AngelGPonce @Tesla Not to mention cartels!", "likes_count": 0, "replies_count": 0, "retweets_count": 0, "hashtags": []}
{"id": 1150188703807082502, "date": "2019-07-13", "time": "19:42:11", "tweet": "@nohairdave @Tesla @elonmusk He has your money, so you are dead to him. Last night should have made that clear to you.", "likes_count": 3, "replies_count": 1, "retweets_count": 0, "hashtags": []}
{"id": 1150188578439335936, "date": "2019-07-13", "time": "19:41:41", "tweet": "@WilliamShatner @elonmusk @HISTORY You will be missed", "likes_count": 0, "replies_count": 0, "retweets_count": 0, "hashtags": []}
{"id": 1150188566942760966, "date": "2019-07-13", "time": "19:41:38", "tweet": "esperando o elon musk tuítar sobre área 51", "likes_count": 2, "replies_count": 0, "retweets_count": 0, "hashtags": []}
{"id": 1150188430850179072, "date": "2019-07-13", "time": "19:41:06", "tweet": "@WilliamShatner @elonmusk @HISTORY Enjoy", "likes_count": 0, "replies_count": 0, "retweets_count": 0, "hashtags": []}
{"id": 1150188412659519488, "date": "2019-07-13", "time": "19:41:01", "tweet": "@Virus13_Fiction @elonmusk I vouch for him, Mr Musk.", "likes_count": 1, "replies_count": 0, "retweets_count": 0, "hashtags": []}
{"id": 1150188353133928448, "date": "2019-07-13", "time": "19:40:47", "tweet": "@elonmusk you are not ??!!", "likes_count": 0, "replies_count": 0, "retweets_count": 0, "hashtags": []}
{"id": 1150188280790626306, "date": "2019-07-13", "time": "19:40:30", "tweet": "@elonmusk space genus how do you measure something faster than light. Like tactyons", "likes_count": 0, "replies_count": 0, "retweets_count": 0, "hashtags": []}
{"id": 1150188026469015562, "date": "2019-07-13", "time": "19:39:29", "tweet": "@ICannot_Enough @elonmusk @Tesla It took me a sec to even see their bubble it was so much higher 😂", "likes_count": 2, "replies_count": 0, "retweets_count": 0, "hashtags": []}
{"id": 1150187940749946881, "date": "2019-07-13", "time": "19:39:09", "tweet": "@bombero1394 @Tesla @elonmusk @tesla_truth @mortchad @28delayslater What? You couldn't drive before? I don't get the hype about auto pilot, isn't the point of having a nice car like driving it ?", "likes_count": 0, "replies_count": 1, "retweets_count": 0, "hashtags": []}
{"id": 1150187909921660928, "date": "2019-07-13", "time": "19:39:01", "tweet": "@elonmusk I would ask my dad for help if I had one, your work had given me so much inspiration. I need to have a meeting with you #SpaceX #ElonMusk #boringcompany #dreams #Tesla", "likes_count": 0, "replies_count": 0, "retweets_count": 0, "hashtags": ["spacex", "elonmusk", "boringcompany", "dreams", "tesla"]}
{"id": 1150187906054709248, "date": "2019-07-13", "time": "19:39:00", "tweet": "@elonmusk 🤣", "likes_count": 0, "replies_count": 0, "retweets_count": 0, "hashtags": []}
{"id": 1150187855840501760, "date": "2019-07-13", "time": "19:38:48", "tweet": "Unpopular opinion: No Customer Service on the face of this earth can ever beat @elonmusk.", "likes_count": 1, "replies_count": 0, "retweets_count": 0, "hashtags": []}
{"id": 1150187842750091264, "date": "2019-07-13", "time": "19:38:45", "tweet": "@CARandDRIVER @elonmusk @Tesla @FordTrucks @Porsche Anything is possible for sure.  But as the old saying goes, talk is cheap.  Something tells me the version of the Tesla Pickup Elon is talking about will cost a hell of a lot more than an F-150....even in Limited trim.", "likes_count": 5, "replies_count": 0, "retweets_count": 0, "hashtags": []}
{"id": 1150187777280970752, "date": "2019-07-13", "time": "19:38:30", "tweet": "@MonserratEnri15 @elonmusk @AngelGPonce @Tesla Oh my goodness I’m so sorry! Cancer is the worst. 😔", "likes_count": 0, "replies_count": 0, "retweets_count": 0, "hashtags": []}
{"id": 1150187763167387653, "date": "2019-07-13", "time": "19:38:26", "tweet": "@WilliamShatner @elonmusk @HISTORY Godspeed!", "likes_count": 0, "replies_count": 0, "retweets_count": 0, "hashtags": []}
{"id": 1150187644741181443, "date": "2019-07-13", "time": "19:37:58", "tweet": "The the remote viewing community say there is a ship in the Baltic Sea not just a ship a timeship it is time for Elon Musk just go down and get it Incorporated in his ship what do you think", "likes_count": 0, "replies_count": 0, "retweets_count": 0, "hashtags": []}
{"id": 1150187564831318016, "date": "2019-07-13", "time": "19:37:39", "tweet": "@rick_denu @SenGillibrand I really wish they would use the correct vernacular. What do we for immigrants? Lets ask @MELANIATRUMP or @elonmusk or maybe ask some people who aren't well known but, followed the proper legal path to citizenship. At least ask how they got education or work visas properly.", "likes_count": 0, "replies_count": 0, "retweets_count": 0, "hashtags": []}
