{"id": 1089311921235386369, "date": "2019-01-26", "time": "18:59:35", "tweet": "@Tesla @elonmusk Can you guys please send me one?", "likes_count": 0, "replies_count": 0, "retweets_count": 0, "hashtags": []}
{"id": 1089311892831559680, "date": "2019-01-26", "time": "18:59:28", "tweet": "@elonmusk @NASA @Space_Station gg", "likes_count": 0, "replies_count": 0, "retweets_count": 0, "hashtags": []}
{"id": 1089311879464402944, "date": "2019-01-26", "time": "18:59:25", "tweet": "@ZirZang @elonmusk Good question", "likes_count": 0, "replies_count": 1, "retweets_count": 0, "hashtags": []}
{"id": 1089311741660614659, "date": "2019-01-26", "time": "18:58:52", "tweet": "@mortchad @Teslatunity @elonmusk The back lights", "likes_count": 0, "replies_count": 0, "retweets_count": 0, "hashtags": []}
{"id": 1089311694147354624, "date": "2019-01-26", "time": "18:58:40", "tweet": "@elonmusk May I have a Tesla for my birthday. That'd be so cool 😂", "likes_count": 0, "replies_count": 0, "retweets_count": 0, "hashtags": []}
{"id": 1089311636710670336, "date": "2019-01-26", "time": "18:58:27", "tweet": "@InsideEVs @elonmusk @Tesla .", "likes_count": 0, "replies_count": 0, "retweets_count": 0, "hashtags": []}
{"id": 1089311570688163841, "date": "2019-01-26", "time": "18:58:11", "tweet": "@JoHuFitzpatrick @elonmusk Yeah....but does he get his Subway subs toasted?....that’s the heart the matter.", "likes_count": 0, "replies_count": 1, "retweets_count": 0, "hashtags": []}
{"id": 1089311555714535424, "date": "2019-01-26", "time": "18:58:07", "tweet": "@elonmusk @ReutersBiz Exposing the fake news lmao", "likes_count": 0, "replies_count": 0, "retweets_count": 0, "hashtags": []}
{"id": 1089311510978088960, "date": "2019-01-26", "time": "18:57:57", "tweet": "@evankirstel Can't wait for Starlink  @SpaceX  @elonmusk", "likes_count": 1, "replies_count": 0, "retweets_count": 1, "hashtags": []}
{"id": 1089311509682049025, "date": "2019-01-26", "time": "18:57:56", "tweet": "@i1Tesla @KelvinYang7 @elonmusk Love your channel btw! Great work! Can't wait for my model 3 by end of this year!!! Will def replace trunk &amp; frunk struts as u did", "likes_count": 1, "replies_count": 0, "retweets_count": 0, "hashtags": []}
{"id": 1089311448356990976, "date": "2019-01-26", "time": "18:57:42", "tweet": "@elonmusk Elon Moosk", "likes_count": 0, "replies_count": 0, "retweets_count": 0, "hashtags": []}
{"id": 1089311323333189632, "date": "2019-01-26", "time": "18:57:12", "tweet": "@elonmusk word on the street is that there is 3k cars over dere in DT Burbank. There’s another 100 across the street, 700 in Hawthorne&amp; 100 in MDR. Are these sold? If not, when do you reckon u gonna sell? What’s the margin you get on these? You gonna update on Wednesday, WAS SUP?", "likes_count": 28, "replies_count": 1, "retweets_count": 3, "hashtags": []}
{"id": 1089311226235113472, "date": "2019-01-26", "time": "18:56:49", "tweet": "1: I heard Mumbai is expanding their subway system. Apparently they have like ten tunnel boring machines working on it.  2: I did not know that. Are they the old-fashioned tunnel boring machines or the new Elon Musk-improved ones?  1: You know, I'm not actually sure...", "likes_count": 1, "replies_count": 0, "retweets_count": 0, "hashtags": []}
{"id": 1089311052423151617, "date": "2019-01-26", "time": "18:56:07", "tweet": "All pedos as per @elonmusk", "likes_count": 0, "replies_count": 0, "retweets_count": 0, "hashtags": []}
{"id": 1089310783937437698, "date": "2019-01-26", "time": "18:55:03", "tweet": "Pnömatik Tüp Taşıma Sistemini Elon Musktan Daha iyi Yaparız. O Yapamaz Çünkü Fikir Babası Biziz Tüplü Taşıma Sisteminde Sürtünme Katsayısı Çok Düşüktür Hatta Yoktur. Elon Musk ise Arabayı Tüpün içine Koymaya Çalışıyor Bu Tamamen Yanlıştır   https://t.co/U1At3tRrVn", "likes_count": 1, "replies_count": 0, "retweets_count": 0, "hashtags": []}
{"id": 1089310724684431361, "date": "2019-01-26", "time": "18:54:49", "tweet": "Elon Musk abre el primer túnel subterráneo para aliviar el tráfico en Los Ángeles...  https://t.co/khfMctQeKj", "likes_count": 0, "replies_count": 0, "retweets_count": 0, "hashtags": []}
