{"id": 1302395996350054402, "date": "2020-09-05", "time": "19:59:37", "tweet": "@monark o Elon Musk fala isso", "likes_count": 0, "replies_count": 0, "retweets_count": 0, "hashtags": []}
{"id": 1302395969028239360, "date": "2020-09-05", "time": "19:59:31", "tweet": "@JayinShanghai @jamesbuchanan27 @elonmusk @teslacn @Tesla @cyfoxcat Thanks for sharing.", "likes_count": 4, "replies_count": 0, "retweets_count": 0, "hashtags": []}
{"id": 1302395881434615808, "date": "2020-09-05", "time": "19:59:10", "tweet": "@B3rBerk @officialmcafee @g2sidhe @elonmusk He’s still got until 12/31 he said by the end of the year.", "likes_count": 0, "replies_count": 0, "retweets_count": 0, "hashtags": []}
{"id": 1302395874501427202, "date": "2020-09-05", "time": "19:59:08", "tweet": "@WholeMarsBlog @elonmusk @28delayslater The dogotaxi has the dog in the frunk?", "likes_count": 0, "replies_count": 0, "retweets_count": 0, "hashtags": []}
{"id": 1302395717080801280, "date": "2020-09-05", "time": "19:58:30", "tweet": "Where were you on this one, @elonmusk", "likes_count": 0, "replies_count": 0, "retweets_count": 0, "hashtags": []}
{"id": 1302395629537316865, "date": "2020-09-05", "time": "19:58:10", "tweet": "@elonmusk probably won't see this but I've been trying to reach you personally. I have some amazing ideas that could help change the world and i would do anything for an opportunity to work with you, sir.", "likes_count": 0, "replies_count": 0, "retweets_count": 0, "hashtags": []}
{"id": 1302395612558766080, "date": "2020-09-05", "time": "19:58:06", "tweet": "@00Black_Mamba00 Es el proyecto Starlink de SpaceX(Elon Musk)  https://t.co/JAYBHCABa2  Los primeros estan en orbita desde fines del año pasado y ya han estado visibles en nuestro cielo unas cuantas veces!!! Impresiona! Saber que aunque tengamos gobiernos socialistas vamos a tener inet!!!", "likes_count": 1, "replies_count": 0, "retweets_count": 0, "hashtags": []}
{"id": 1302395562549940224, "date": "2020-09-05", "time": "19:57:54", "tweet": "@ray4tesla @jamesbuchanan27 @JayinShanghai @elonmusk @teslacn @Tesla Disguised Model 3 was spotted almost exactly a year ago  https://t.co/1BG0zXlE85", "likes_count": 4, "replies_count": 0, "retweets_count": 1, "hashtags": []}
{"id": 1302395532325933058, "date": "2020-09-05", "time": "19:57:46", "tweet": "@Poggi @elonmusk @SpaceX los vi desde Uruguay.. mañana tamb los tendremos", "likes_count": 0, "replies_count": 0, "retweets_count": 0, "hashtags": []}
{"id": 1302395515762544642, "date": "2020-09-05", "time": "19:57:42", "tweet": "@officialmcafee @elonmusk Zoom's stock is about to have a +20,000% increase in the next 4 months. You might want to invest in it now. Premium tidbit.", "likes_count": 0, "replies_count": 0, "retweets_count": 0, "hashtags": []}
{"id": 1302395469017100295, "date": "2020-09-05", "time": "19:57:31", "tweet": "Neuralink el Sueño de Elon Musk   https://t.co/MIv23aPFij", "likes_count": 0, "replies_count": 0, "retweets_count": 0, "hashtags": []}
{"id": 1302395422460334085, "date": "2020-09-05", "time": "19:57:20", "tweet": "@6463dc @elonmusk If Tesla wants to be paid for anything other than hardware and perhaps a small margin from a dumbed-down autobidder, the regulatory hurdles will be drastically different than what has been done to date.", "likes_count": 0, "replies_count": 0, "retweets_count": 0, "hashtags": []}
{"id": 1302395340671385600, "date": "2020-09-05", "time": "19:57:01", "tweet": "covid was caused by elon musk when he attempted to implant 5g into a bat and failed... with disastrous results", "likes_count": 4, "replies_count": 1, "retweets_count": 0, "hashtags": []}
{"id": 1302395315019042818, "date": "2020-09-05", "time": "19:56:55", "tweet": "Has anyone actually seen Elon Musk bleed?🤔", "likes_count": 0, "replies_count": 0, "retweets_count": 0, "hashtags": []}
{"id": 1302395255950630913, "date": "2020-09-05", "time": "19:56:41", "tweet": "@elonmusk  https://t.co/hjeugUSVO2", "likes_count": 0, "replies_count": 0, "retweets_count": 0, "hashtags": []}
{"id": 1302395231996764160, "date": "2020-09-05", "time": "19:56:35", "tweet": "Elon Musk passes Mark Zuckerberg to become world’s third-richest man  https://t.co/HQ0y249ZNR", "likes_count": 0, "replies_count": 0, "retweets_count": 0, "hashtags": []}
{"id": 1302395219099504640, "date": "2020-09-05", "time": "19:56:32", "tweet": "Drinking an IRON MUSK by Source Brewing @ Untappd at Home —  https://t.co/J3P40smyRk #elonmusk #ironman #drinklocal  https://t.co/v1QMhsnlre", "likes_count": 0, "replies_count": 0, "retweets_count": 0, "hashtags": ["elonmusk", "ironman", "drinklocal"]}
{"id": 1302395183472939008, "date": "2020-09-05", "time": "19:56:23", "tweet": "Elon Musk passes Mark Zuckerberg to become world's third-richest man  https://t.co/4m0AZp8DG9", "likes_count": 0, "replies_count": 0, "retweets_count": 0, "hashtags": []}
{"id": 1302395132440989696, "date": "2020-09-05", "time": "19:56:11", "tweet": "@elonmusk, thought I would go straight to the source and ask if this is indeed true..   trying to keep it real ??  https://t.co/aHS3BMZINJ ??", "likes_count": 0, "replies_count": 0, "retweets_count": 0, "hashtags": []}
{"id": 1302395130733891584, "date": "2020-09-05", "time": "19:56:11", "tweet": "@elonmusk @PPathole This aged really bad there bud.", "likes_count": 2, "replies_count": 0, "retweets_count": 0, "hashtags": []}
{"id": 1302395089751289856, "date": "2020-09-05", "time": "19:56:01", "tweet": "@gt1948 @Tesla @StatsTeslaApp @elonmusk @Teslarati @tesla_raj @MFrunker I am not sure I have seen some one get it done at Brentwood yet.  @robertlipe  you heard anything", "likes_count": 2, "replies_count": 0, "retweets_count": 0, "hashtags": []}
{"id": 1302395080322490369, "date": "2020-09-05", "time": "19:55:59", "tweet": "@MKBHD @ijustine @samsheffer God's nature is so generous. I think the return is to use them to help one another, make d world a way better place @elonmusk (starting w/ affordable prices w/out sacrificing quality, 30% markup only @tim_cook) :-)  Tho ancient people worshipped it as Ra, as gratitude sadly.", "likes_count": 0, "replies_count": 1, "retweets_count": 0, "hashtags": []}
{"id": 1302394972814151680, "date": "2020-09-05", "time": "19:55:33", "tweet": "Great news @elonmusk !", "likes_count": 0, "replies_count": 0, "retweets_count": 0, "hashtags": []}
{"id": 1302394928241221632, "date": "2020-09-05", "time": "19:55:22", "tweet": "@morolwz Son los satélites de Elon Musk", "likes_count": 1, "replies_count": 0, "retweets_count": 0, "hashtags": []}
{"id": 1302394880405241856, "date": "2020-09-05", "time": "19:55:11", "tweet": "@Poggi @elonmusk @SpaceX Perooo me sacas la ilusión🤦 Ahora no puedo comentar que son ovnis y que vienen a controlar como va el #Covid_19🤔 especialmente en Argentina, después de 170 días de #cuarentena que no es #CuarentenaEterna, ahora es #Aspo🤦😂😂😂", "likes_count": 2, "replies_count": 0, "retweets_count": 0, "hashtags": ["covid_19", "cuarentena", "cuarentenaeterna", "aspo"]}
{"id": 1302394872528240641, "date": "2020-09-05", "time": "19:55:09", "tweet": "@xDreamCoding @enn_nafnlaus @truth_tesla @officialmcafee @elonmusk What @enn_nafnlaus describes is actually more like \"jelly roll to module\"...", "likes_count": 0, "replies_count": 0, "retweets_count": 0, "hashtags": []}
{"id": 1302394869525213185, "date": "2020-09-05", "time": "19:55:08", "tweet": "@TeslaTn @Tesla @StatsTeslaApp @elonmusk @Teslarati @tesla_raj @MFrunker MCU 1. HW3 FSD.  INFOTAINMENT upgrade would install MCU 2", "likes_count": 1, "replies_count": 1, "retweets_count": 0, "hashtags": []}
{"id": 1302394794312781824, "date": "2020-09-05", "time": "19:54:50", "tweet": "eth不是SpaceX，庄家也不是Elon Musk-#ETHUSD图表  https://t.co/e623OlADsJ", "likes_count": 0, "replies_count": 0, "retweets_count": 0, "hashtags": ["ethusd图表"]}
{"id": 1302394722879758338, "date": "2020-09-05", "time": "19:54:33", "tweet": "@Thepurpleblade @officialmcafee @elonmusk I'm guess the battery will do the heavy lifting (or  'dropping' )", "likes_count": 0, "replies_count": 0, "retweets_count": 0, "hashtags": []}
{"id": 1302394666118262784, "date": "2020-09-05", "time": "19:54:20", "tweet": "I'm Atom  @elonmusk", "likes_count": 0, "replies_count": 0, "retweets_count": 0, "hashtags": []}
{"id": 1302394643758317569, "date": "2020-09-05", "time": "19:54:15", "tweet": "@StaceyR28715306 @AnasseGs @SpaceX @elonmusk @NASASpaceflight 😃♥️🚀✨", "likes_count": 0, "replies_count": 0, "retweets_count": 0, "hashtags": []}
{"id": 1302394605262995461, "date": "2020-09-05", "time": "19:54:05", "tweet": "@cloppyhorse @elonmusk Space Padre", "likes_count": 0, "replies_count": 0, "retweets_count": 0, "hashtags": []}
{"id": 1302394569410203648, "date": "2020-09-05", "time": "19:53:57", "tweet": "@elonmusk My 7 year old son has a question for @elonmusk - Are kids on Mars allowed to do whatever they want ?", "likes_count": 0, "replies_count": 0, "retweets_count": 0, "hashtags": []}
{"id": 1302394485591203840, "date": "2020-09-05", "time": "19:53:37", "tweet": "@MASAOMORITR @BerlyChain @M_Arslantas @elonmusk Silivri soğuyor Masa Bey, geçen tir tir titredim yazlık giysimle😟Gerçi beni Bakırköy'de yatırdılardı (akıl hastanesinde değil maalesef, bildiğiniz kapalı ceza infaz kurumunda), o bakımdan... mümkünse \"The Expanse\" diyorum ben yine! Zati ACM Başkanım da bana \"tweet atma\" dedi...", "likes_count": 2, "replies_count": 2, "retweets_count": 0, "hashtags": []}
{"id": 1302394432944185344, "date": "2020-09-05", "time": "19:53:24", "tweet": "@darksecretplace @elonmusk And yet people of Ca will continue to vote for more Dems that will eventually fuck them over and over again.", "likes_count": 3, "replies_count": 0, "retweets_count": 0, "hashtags": []}
{"id": 1302394418134093824, "date": "2020-09-05", "time": "19:53:21", "tweet": "@obannonJD @AshishG0swami @elonmusk Is there any evidence that it was on autopilot? Or do you comment on all fatal car accidents and blame them on the CEO of the manufacturer?", "likes_count": 10, "replies_count": 5, "retweets_count": 0, "hashtags": []}
{"id": 1302394413318942721, "date": "2020-09-05", "time": "19:53:20", "tweet": "@JayinShanghai @ray4tesla @elonmusk @teslacn @Tesla @cyfoxcat Awesome, thanks. I’ll update my tracker with this milestone for comparison", "likes_count": 1, "replies_count": 1, "retweets_count": 0, "hashtags": []}
{"id": 1302394351813828610, "date": "2020-09-05", "time": "19:53:05", "tweet": "@spacenoob_yt @ThePrimalDino @Erdayastronaut @elonmusk @SpaceX @AerojetRdyne F-1 sea level, raptor vacuum. if F-1 was a vacuum, it would be 1.5-2.0 times higher. He would be so gigantic that he could be condemned for harassment.", "likes_count": 0, "replies_count": 1, "retweets_count": 0, "hashtags": []}
{"id": 1302394340430544896, "date": "2020-09-05", "time": "19:53:02", "tweet": "Elon Musk unveils ‘Fitbit in your skull’ brain chip, demonstrates on pig - WETM  https://t.co/kfbocVQzd8  https://t.co/yfEq8nAY2n", "likes_count": 0, "replies_count": 0, "retweets_count": 0, "hashtags": []}
{"id": 1302394294452523009, "date": "2020-09-05", "time": "19:52:51", "tweet": "@cnunezimages @BocachicaMaria1 @elonmusk @SpaceIntellige3 Does anyone know if the October Starship update would be public as well or just invite only ?", "likes_count": 0, "replies_count": 0, "retweets_count": 0, "hashtags": []}
{"id": 1302394294305722369, "date": "2020-09-05", "time": "19:52:51", "tweet": "@elonmusk @elonmusk No More Vegetation....  ..    .      No More GREEN Or WATER", "likes_count": 0, "replies_count": 0, "retweets_count": 0, "hashtags": []}
{"id": 1302394206384787456, "date": "2020-09-05", "time": "19:52:30", "tweet": "@wholemarsintern @elonmusk @WholeMarsBlog @28delayslater @jeremyjudkins I feel like it should be really ugly but I like it because its still different", "likes_count": 0, "replies_count": 0, "retweets_count": 0, "hashtags": []}
{"id": 1302394195852890114, "date": "2020-09-05", "time": "19:52:28", "tweet": "@gt1948 @Tesla @StatsTeslaApp @elonmusk @Teslarati @tesla_raj @MFrunker What version of the entertainment do you have currently.", "likes_count": 1, "replies_count": 1, "retweets_count": 0, "hashtags": []}
{"id": 1302394048964177925, "date": "2020-09-05", "time": "19:51:53", "tweet": "@bungeeallday @apeture123 @jimmyg @The_Biker_Bear @elonmusk It's been so long I honestly dont remember. I'm what you call \"movie dumb\" Not really for any conscious reason, but never have watched many movies.", "likes_count": 1, "replies_count": 0, "retweets_count": 0, "hashtags": []}
{"id": 1302393933415276544, "date": "2020-09-05", "time": "19:51:25", "tweet": "Otra vez volví a ver el tren satelital de Elon Musk, se ve que estoy bastante atento a lo qué pasa arriba", "likes_count": 1, "replies_count": 1, "retweets_count": 0, "hashtags": []}
{"id": 1302393849399009280, "date": "2020-09-05", "time": "19:51:05", "tweet": "BRO THE SIMULATION IS HAS SWITCHED TO END GAME MODE. @elonmusk why did you add Osama Bin Laden's niece into 2020. the simulation is stressed enough.  https://t.co/xICTuUm8OJ", "likes_count": 1, "replies_count": 0, "retweets_count": 0, "hashtags": []}
{"id": 1302393767979253760, "date": "2020-09-05", "time": "19:50:46", "tweet": "@CarmeN_0470 Jaja. Elon Musk y su imaginación 😉 Buenas noches Carmen. Bonitos sueños te deseo a ti también 🤗😘", "likes_count": 1, "replies_count": 0, "retweets_count": 0, "hashtags": []}
{"id": 1302393749239205888, "date": "2020-09-05", "time": "19:50:41", "tweet": "@apeture123 @bungeeallday @jimmyg @The_Biker_Bear @elonmusk Never let a good crisis go to waste, right? \"Forum's Great Reset on Wednesday, those were the words of HRH the Prince of Wales on humanity's chance to craft a more sustainable and equitable world in the wake of the COVID-19 coronavirus pandemic\"  https://t.co/aoWbqJaSRm", "likes_count": 0, "replies_count": 0, "retweets_count": 0, "hashtags": []}
{"id": 1302393745032327171, "date": "2020-09-05", "time": "19:50:40", "tweet": "I’m flying me and my homegirls to Elon Musk’s house to j*mp him", "likes_count": 76, "replies_count": 1, "retweets_count": 7, "hashtags": []}
{"id": 1302393741970472960, "date": "2020-09-05", "time": "19:50:40", "tweet": "elon musk es la version vida real de un villano de scooby doo", "likes_count": 1, "replies_count": 0, "retweets_count": 0, "hashtags": []}
{"id": 1302393726338314244, "date": "2020-09-05", "time": "19:50:36", "tweet": "@SteveLewi24 @OwenSparks_ @Kristennetten @elonmusk Amen to that", "likes_count": 0, "replies_count": 0, "retweets_count": 0, "hashtags": []}
{"id": 1302393693001973760, "date": "2020-09-05", "time": "19:50:28", "tweet": "@elonmusk Why didn't Tesla get added to the S&amp;P 500?", "likes_count": 1, "replies_count": 0, "retweets_count": 0, "hashtags": []}
{"id": 1302393658059128833, "date": "2020-09-05", "time": "19:50:20", "tweet": "@elonmusk $500k to legally change my name to one of your choosing.", "likes_count": 0, "replies_count": 0, "retweets_count": 0, "hashtags": []}
{"id": 1302393632490754048, "date": "2020-09-05", "time": "19:50:13", "tweet": "@lacha @belenmarty Lacha... Serias 10 veces mas que Elon Musk si largas por internet el solomillo excelente que tenes como producto !!", "likes_count": 4, "replies_count": 0, "retweets_count": 0, "hashtags": []}
{"id": 1302393504211984386, "date": "2020-09-05", "time": "19:49:43", "tweet": "@Ben04467657 @elonmusk Countless resources on Youtube will assure you that over time the stock will be up.  Don't sell out of fear.", "likes_count": 1, "replies_count": 0, "retweets_count": 0, "hashtags": []}
{"id": 1302393452815175687, "date": "2020-09-05", "time": "19:49:31", "tweet": "@PulteDaily Any car from @elonmusk 🤪", "likes_count": 0, "replies_count": 0, "retweets_count": 0, "hashtags": []}
{"id": 1302393408846270464, "date": "2020-09-05", "time": "19:49:20", "tweet": "#ashleevance #ElonMusk #techentrepreneurs  https://t.co/lkam6ctwVv", "likes_count": 0, "replies_count": 0, "retweets_count": 0, "hashtags": ["ashleevance", "elonmusk", "techentrepreneurs"]}
{"id": 1302393378571579392, "date": "2020-09-05", "time": "19:49:13", "tweet": "Pasquale told me I look like 'a more-handsome Elon Musk' and i'm not sure what that means but I think it's enough to get thru at least one more day", "likes_count": 335, "replies_count": 9, "retweets_count": 16, "hashtags": []}
{"id": 1302393282807332864, "date": "2020-09-05", "time": "19:48:50", "tweet": "Berätta igen varför tech är viktigt och bra när Elon Musk kan skjuta ut Teslor i rymden och bygga små bionic pigs men jag kan inte använda Twitter och Youtube-appen, samtidigt.", "likes_count": 10, "replies_count": 3, "retweets_count": 0, "hashtags": []}
{"id": 1302393255812792322, "date": "2020-09-05", "time": "19:48:44", "tweet": "@mis2centavos @elonmusk exijo una compensacion, creía que eran aliens (?", "likes_count": 0, "replies_count": 0, "retweets_count": 0, "hashtags": []}
