{"id": 1325226516268060673, "date": "2020-11-07", "time": "18:59:57", "tweet": "@elonmusk #BTC solves this", "likes_count": 0, "replies_count": 0, "retweets_count": 0, "hashtags": ["btc"]}
{"id": 1325226500388319235, "date": "2020-11-07", "time": "18:59:53", "tweet": "@archillect @elonmusk ^ ^  Here, take this.  https://t.co/qLwjBzqn9r", "likes_count": 0, "replies_count": 1, "retweets_count": 0, "hashtags": []}
{"id": 1325226497372794881, "date": "2020-11-07", "time": "18:59:53", "tweet": "@elonmusk O fantasma da ópera acaba de ser eleito presidente do teu país!!  Que Deus proteja a América!!", "likes_count": 2, "replies_count": 0, "retweets_count": 0, "hashtags": []}
{"id": 1325226485192515585, "date": "2020-11-07", "time": "18:59:50", "tweet": "@taylormoniker Elon Musk", "likes_count": 2, "replies_count": 0, "retweets_count": 0, "hashtags": []}
{"id": 1325226474434146304, "date": "2020-11-07", "time": "18:59:47", "tweet": "@robert_zubrin @janusPrime @elonmusk I would settle for a Nuclear Salt Water Engine powered spacecraft and a lead cooled fast reactor for my home.", "likes_count": 0, "replies_count": 0, "retweets_count": 0, "hashtags": []}
{"id": 1325226455303745536, "date": "2020-11-07", "time": "18:59:43", "tweet": "@elonmusk @Kristennetten Underground bike line would save me from riding through 17’ of fresh snow", "likes_count": 0, "replies_count": 0, "retweets_count": 0, "hashtags": []}
{"id": 1325226440892289024, "date": "2020-11-07", "time": "18:59:39", "tweet": "@elonmusk Well we did expect Biden to win, how will MONICA Clinton pay back the 1 billion she took for her funding her fail against Trump in 2016", "likes_count": 0, "replies_count": 0, "retweets_count": 0, "hashtags": []}
{"id": 1325226404091457539, "date": "2020-11-07", "time": "18:59:30", "tweet": "@ChevyPower90 @honkinhaas @its_menieb @elonmusk If I wanted to do that I’d have copy pasted it. I should also mention PA isn’t getting a recount. Margin’s too big. So, that’s funny ✌🏻", "likes_count": 0, "replies_count": 1, "retweets_count": 0, "hashtags": []}
{"id": 1325226355643002883, "date": "2020-11-07", "time": "18:59:19", "tweet": "@elonmusk Musk, I had seen a marsehole on line. His name was Elon Musk. I told the marder to work on the virus cure but he was  busy.  Musk was voting 4 kanye leaking big arse kimye. I now am setting up a website creating awareness of big arse explosions that kill women and cure virus.", "likes_count": 0, "replies_count": 0, "retweets_count": 0, "hashtags": []}
{"id": 1325226348386902017, "date": "2020-11-07", "time": "18:59:17", "tweet": "@billhuang688 @elonmusk can you be president if you're south african born?", "likes_count": 3, "replies_count": 2, "retweets_count": 0, "hashtags": []}
{"id": 1325226337334857729, "date": "2020-11-07", "time": "18:59:14", "tweet": "na real só erraram o encoding do nome do filho do elon musk", "likes_count": 1, "replies_count": 0, "retweets_count": 0, "hashtags": []}
{"id": 1325226328505921540, "date": "2020-11-07", "time": "18:59:12", "tweet": "@elonmusk Good I'll charge the bloody bastard RENT ...  : P", "likes_count": 1, "replies_count": 0, "retweets_count": 0, "hashtags": []}
{"id": 1325226319156633601, "date": "2020-11-07", "time": "18:59:10", "tweet": "@Chad_Hurley Im kind of a fan boy of the great innovators like @elonmusk and micheal faraday and john goodenough the inventor of the lithium ion battery! But im also a free thinker and hard worker.", "likes_count": 1, "replies_count": 0, "retweets_count": 0, "hashtags": []}
{"id": 1325226304031973376, "date": "2020-11-07", "time": "18:59:07", "tweet": "@archillect @elonmusk If you could would you run for president of the USA 🤷🏻‍♂️", "likes_count": 1, "replies_count": 0, "retweets_count": 0, "hashtags": []}
{"id": 1325226258381279239, "date": "2020-11-07", "time": "18:58:56", "tweet": "@elonmusk Yay  https://t.co/e8LCDby2SJ", "likes_count": 0, "replies_count": 0, "retweets_count": 0, "hashtags": []}
{"id": 1325226221538435072, "date": "2020-11-07", "time": "18:58:47", "tweet": "@MbgVIKING @elonmusk I’ve seen Phantom of the Opera in live theatre only  🎭 when I was really young :P", "likes_count": 0, "replies_count": 1, "retweets_count": 0, "hashtags": []}
{"id": 1325226203016556544, "date": "2020-11-07", "time": "18:58:42", "tweet": "@janusPrime @elonmusk Well that is not wrong.  Also by that definition, Fossils are Solar, at least secondary.  🤔  That also means Fossils are Fusion at least tertiary.  🤣", "likes_count": 0, "replies_count": 0, "retweets_count": 0, "hashtags": []}
{"id": 1325226173627064320, "date": "2020-11-07", "time": "18:58:35", "tweet": "@jchybow @elonmusk @Tesla I’ve probably been your Flight Manager on some of your missions. I’m patiently waiting for FSD too for my performance MOD Y VIN 5YJYGDEF5LF000875", "likes_count": 1, "replies_count": 1, "retweets_count": 0, "hashtags": []}
{"id": 1325226160607916036, "date": "2020-11-07", "time": "18:58:32", "tweet": "pensei que ia ser abduzida por alienígena mas era so os bagulho do elon musk mesmo", "likes_count": 0, "replies_count": 0, "retweets_count": 0, "hashtags": []}
{"id": 1325226147211325445, "date": "2020-11-07", "time": "18:58:29", "tweet": "@uberllama777 @BillGates Bill Gates is like the evil rich villain while elon musk is like iron man.", "likes_count": 1, "replies_count": 0, "retweets_count": 1, "hashtags": []}
{"id": 1325226128273891329, "date": "2020-11-07", "time": "18:58:25", "tweet": "@deathcomesnot @honkinhaas @its_menieb @elonmusk riiiiight,take what i said and say it back,good one man", "likes_count": 0, "replies_count": 1, "retweets_count": 0, "hashtags": []}
{"id": 1325226080790327296, "date": "2020-11-07", "time": "18:58:13", "tweet": "@StevenWHopkins @PaulForFL @corykeane @arnaoutshady @elonmusk Cry bitch  https://t.co/NpLcUZnnzu", "likes_count": 0, "replies_count": 3, "retweets_count": 0, "hashtags": []}
{"id": 1325226073198620673, "date": "2020-11-07", "time": "18:58:12", "tweet": "@SpaceX @elonmusk Cool, wish I was there, but I guess they woke me up for nothing, no one's giving me the assignment that I know they've prepared for me like why? Not? Someone tell me something.", "likes_count": 0, "replies_count": 0, "retweets_count": 0, "hashtags": []}
{"id": 1325226058233344003, "date": "2020-11-07", "time": "18:58:08", "tweet": "Pawfect &amp; #MAGA (make America giggle again) Life is not sooo serious folks. We only get so many turns around the Sun or Mars @elonmusk", "likes_count": 0, "replies_count": 0, "retweets_count": 0, "hashtags": ["maga"]}
{"id": 1325226052344549377, "date": "2020-11-07", "time": "18:58:07", "tweet": "Elon Musk descubrirá el nuevo diseño de la Tesla Cybertruck en unas semanas... pero por ahora parece un... ¦ #SOLUFLEX  https://t.co/w2cUnAhAy3", "likes_count": 0, "replies_count": 0, "retweets_count": 0, "hashtags": ["soluflex"]}
{"id": 1325226038025216000, "date": "2020-11-07", "time": "18:58:03", "tweet": "@ShyCybertruck @elonmusk @Kristennetten You would be by using it.", "likes_count": 1, "replies_count": 1, "retweets_count": 0, "hashtags": []}
{"id": 1325225983935311872, "date": "2020-11-07", "time": "18:57:50", "tweet": "@elonmusk @LSU And frankly I’m a huge fan and invested in Tesla earlier this year! Keep innovating and doing what you do best👍🏻", "likes_count": 0, "replies_count": 0, "retweets_count": 0, "hashtags": []}
{"id": 1325225881971945472, "date": "2020-11-07", "time": "18:57:26", "tweet": "@ChevyPower90 @honkinhaas @its_menieb @elonmusk It’s sad that you think I’m triggered. I’m actually at my computer having a laugh", "likes_count": 0, "replies_count": 1, "retweets_count": 0, "hashtags": []}
{"id": 1325225861256269826, "date": "2020-11-07", "time": "18:57:21", "tweet": "@SpaceX @elonmusk  https://t.co/GKuYgm6HpI", "likes_count": 0, "replies_count": 0, "retweets_count": 0, "hashtags": []}
{"id": 1325225856344666113, "date": "2020-11-07", "time": "18:57:20", "tweet": "@BLKMDL3 @marc_benton @hhhaydennn NOOOOOOO   @Tesla @elonmusk  This man just bought FSD - help him out!!!! 🙏🏻🙏🏻", "likes_count": 0, "replies_count": 1, "retweets_count": 0, "hashtags": []}
{"id": 1325225838359539714, "date": "2020-11-07", "time": "18:57:16", "tweet": "#Turkey has been using jihadists against #Armenians for 1 month 11 days 20 hours 45 min 42 sec, @elonmusk &amp; @SpaceX, please watch POW  https://t.co/8eTjzLCFf6, please STOP the satellite launch from #TerroristTurkey! #StopErdogan #SanctionTurkey", "likes_count": 1, "replies_count": 0, "retweets_count": 0, "hashtags": ["turkey", "armenians", "terroristturkey", "stoperdogan", "sanctionturkey"]}
{"id": 1325225822039339008, "date": "2020-11-07", "time": "18:57:12", "tweet": "@81noremaC70 @elonmusk Why W. ???  🤔🤔🤔 ^^", "likes_count": 0, "replies_count": 0, "retweets_count": 0, "hashtags": []}
{"id": 1325225802728943616, "date": "2020-11-07", "time": "18:57:07", "tweet": "@RegSprecher @RegBerlin @dil_kal @Stk_Brandenburg @AndreasBovensc1 @TschenPe @Senat_Hamburg @RegHessen @StM_Klose @ManuelaSchwesig @MpStephanWeil @rlpNews @tobiashans @SachsenDe @MPKretschmer @sms_sachsen @reinerhaseloff @DGuenther_CDUSH @SH_CDU @ltshNews @Land_SH @bodoramelow @thueringende @_FriedrichMerz @Markus_Soeder @n_roettgen @ArminLaschet @vonderleyen @RegierungBW @WM_BW @jensspahn @rki_de @c_drosten @WHO @DrTedros @BillGates @WhiteHouse @realDonaldTrump @elonmusk @nytimes @business @EU_Commission @eucopresident @CharlesMichel @EP_President @DavidSassoli @BMG_Bund @BMI_Bund @EmmanuelMacron @sebastiankurz Nov7:Bye,#Trump,own fault vs CHN(though CHN nice to U:USA+CHN BIZ DEAL MORE than U want,s.t. win again)+want RIOT 1998(that raped+killed many CHN INA)again in INA or what,in case involved why Rizieq back to INA(thx him INA unpeaceful+Ahok innocent in jail) https://t.co/RpAwJbudlv.", "likes_count": 1, "replies_count": 1, "retweets_count": 1, "hashtags": ["trump"]}
{"id": 1325225754439929856, "date": "2020-11-07", "time": "18:56:56", "tweet": "@elonmusk can you leave us some tequila when you leave? Compare to class azul?", "likes_count": 0, "replies_count": 0, "retweets_count": 0, "hashtags": []}
{"id": 1325225707300065286, "date": "2020-11-07", "time": "18:56:44", "tweet": "@Tom26273989 @KSannara @hendrikstreeck @BildungSicher @c_drosten @Karl_Lauterbach @DrTedros @rki_de @HBraun @RegSprecher @jensspahn @Markus_Soeder @ArminLaschet @jokowi @vonderleyen @sebastiankurz @NobelPrize @BILD @elonmusk @Forbes @EU_Commission @CharlesMichel @EP_President @Pontifex Nov7:Bye,#Trump,own fault vs CHN(though CHN nice to U:USA+CHN BIZ DEAL MORE than U want,s.t. win again)+want RIOT 1998(that raped+killed many CHN INA)again in INA or what,in case involved why Rizieq back to INA(thx him INA unpeaceful+Ahok innocent in jail) https://t.co/RpAwJbudlv.", "likes_count": 0, "replies_count": 1, "retweets_count": 0, "hashtags": ["trump"]}
{"id": 1325225696671698944, "date": "2020-11-07", "time": "18:56:42", "tweet": "@elonmusk Fucking finally bring out the degenerate underdogs please, we need more mutts here, it's so fucking lame I might just kill myself in 4,3,27,9∅⁰ⁿ", "likes_count": 0, "replies_count": 0, "retweets_count": 0, "hashtags": []}
{"id": 1325225671078055937, "date": "2020-11-07", "time": "18:56:36", "tweet": "@elonmusk @BILD @IvankaTrump @hendrikstreeck @vonderleyen @Forbes @nytimes @business @cnnbrk @NobelPrize @HarvardBiz @derspiegel @kompascom @kemenkomarves @mprgoid @DPR_RI @maischberger @maybritillner @annewill @EU_Commission @CharlesMichel @EP_President @RegSprecher @Markus_Soeder @welt @c_lindner @ChanasitJonas @jreichelt @hubertus_heil @bodoramelow Nov7:Bye,#Trump,own fault vs CHN(though CHN nice to U:USA+CHN BIZ DEAL MORE than U want,s.t. win again)+want RIOT 1998(that raped+killed many CHN INA)again in INA or what,in case involved why Rizieq back to INA(thx him INA unpeaceful+Ahok innocent in jail) https://t.co/RpAwJbudlv.", "likes_count": 0, "replies_count": 1, "retweets_count": 0, "hashtags": ["trump"]}
{"id": 1325225656674873347, "date": "2020-11-07", "time": "18:56:32", "tweet": "@Tesla d'Elon Musk vient de commercialiser sa propre bouteille de tequila. Et le succès est au rendez-vous, elle est déjà en rupture de stock  https://t.co/RKiYwF8UjZ", "likes_count": 0, "replies_count": 0, "retweets_count": 0, "hashtags": []}
{"id": 1325225641986306049, "date": "2020-11-07", "time": "18:56:29", "tweet": "@elonmusk Ascension.", "likes_count": 0, "replies_count": 0, "retweets_count": 0, "hashtags": []}
{"id": 1325225628400906242, "date": "2020-11-07", "time": "18:56:25", "tweet": "@deathcomesnot @honkinhaas @its_menieb @elonmusk lol the fact that you're so triggered shows you know the recount/audit will be in trumps favor im straight dying rn 😂", "likes_count": 0, "replies_count": 1, "retweets_count": 0, "hashtags": []}
