{"id": 1284639082178478080, "date": "2020-07-18", "time": "19:59:59", "tweet": "@Pravduh15 @elonmusk @flcnhvy Receptors", "likes_count": 1, "replies_count": 0, "retweets_count": 0, "hashtags": []}
{"id": 1284639042466791424, "date": "2020-07-18", "time": "19:59:49", "tweet": "@TeslaChillMode @Tesla @elonmusk 😂😂😂😂😂", "likes_count": 4, "replies_count": 0, "retweets_count": 0, "hashtags": []}
{"id": 1284639035378536448, "date": "2020-07-18", "time": "19:59:48", "tweet": "@DnDcapital @JWilliamsFstmed This is huge @elonmusk", "likes_count": 0, "replies_count": 0, "retweets_count": 0, "hashtags": []}
{"id": 1284639029724499968, "date": "2020-07-18", "time": "19:59:46", "tweet": "@roncollings @scalzi Elon Musk's new design", "likes_count": 0, "replies_count": 0, "retweets_count": 0, "hashtags": []}
{"id": 1284639020191031298, "date": "2020-07-18", "time": "19:59:44", "tweet": "@scribunda @kanyewest Lol , sounds like a plan to me. If the chipping is voluntary and medically beneficial like Elon Musk's @neuralink  , so be it.", "likes_count": 3, "replies_count": 2, "retweets_count": 0, "hashtags": []}
{"id": 1284639012192497664, "date": "2020-07-18", "time": "19:59:42", "tweet": "@elonmusk @m4ttwegner @flcnhvy Lycra", "likes_count": 0, "replies_count": 0, "retweets_count": 0, "hashtags": []}
{"id": 1284638984623157248, "date": "2020-07-18", "time": "19:59:36", "tweet": "@elonmusk  https://t.co/d1phYk0zd0", "likes_count": 0, "replies_count": 0, "retweets_count": 0, "hashtags": []}
{"id": 1284638976444379136, "date": "2020-07-18", "time": "19:59:34", "tweet": "i remember elon musk used to copy off me in calculus that lil mf was so annoying", "likes_count": 1, "replies_count": 0, "retweets_count": 0, "hashtags": []}
{"id": 1284638946983424001, "date": "2020-07-18", "time": "19:59:27", "tweet": "@HitsonBen @elonmusk More specificalliy, watch this series and then come back.  https://t.co/rW8mWnVfZW", "likes_count": 0, "replies_count": 0, "retweets_count": 0, "hashtags": []}
{"id": 1284638938599239681, "date": "2020-07-18", "time": "19:59:25", "tweet": "@dealer_of_happy @elonmusk @Tesla I miss how the screen used to be back in December 2018. Before that updated that made it an overlay instead of keeping it a customized split screen with the ability to drag the backup camera and such around", "likes_count": 1, "replies_count": 0, "retweets_count": 0, "hashtags": []}
{"id": 1284638888556990464, "date": "2020-07-18", "time": "19:59:13", "tweet": "@elonmusk, did you try this cheese? Must be very delicious.☀️  https://t.co/DuiUS2tUYz", "likes_count": 0, "replies_count": 0, "retweets_count": 0, "hashtags": []}
{"id": 1284638878918483968, "date": "2020-07-18", "time": "19:59:10", "tweet": "@elonmusk Is anyone giving away Bitcoins here or i am late?", "likes_count": 0, "replies_count": 0, "retweets_count": 0, "hashtags": []}
{"id": 1284638846421020672, "date": "2020-07-18", "time": "19:59:03", "tweet": "@pjcombss @elonmusk 🧐  https://t.co/5lO2JvC8f5", "likes_count": 1, "replies_count": 0, "retweets_count": 0, "hashtags": []}
{"id": 1284638839731085312, "date": "2020-07-18", "time": "19:59:01", "tweet": "@SpaceX @elonmusk Welll let’s pray everyone will be safe and that y’all wind the source of the brain rapers from outer space", "likes_count": 0, "replies_count": 0, "retweets_count": 0, "hashtags": []}
{"id": 1284638778418589696, "date": "2020-07-18", "time": "19:58:46", "tweet": "@elonmusk @m4ttwegner @flcnhvy Wait till he gets some Tesla Shorts..", "likes_count": 1, "replies_count": 0, "retweets_count": 0, "hashtags": []}
{"id": 1284638777005285376, "date": "2020-07-18", "time": "19:58:46", "tweet": "@elonmusk im fourteen and interested in this stuff. can you explain exactly what this all entails? Im very curious about it as a career path.", "likes_count": 1, "replies_count": 0, "retweets_count": 0, "hashtags": []}
{"id": 1284638761989468160, "date": "2020-07-18", "time": "19:58:42", "tweet": "@elonmusk Beautiful!😍", "likes_count": 0, "replies_count": 0, "retweets_count": 0, "hashtags": []}
{"id": 1284638750874546176, "date": "2020-07-18", "time": "19:58:40", "tweet": "@twomad @elonmusk fucking furry", "likes_count": 0, "replies_count": 0, "retweets_count": 0, "hashtags": []}
{"id": 1284638738581159936, "date": "2020-07-18", "time": "19:58:37", "tweet": "@elonmusk 😂", "likes_count": 0, "replies_count": 0, "retweets_count": 0, "hashtags": []}
{"id": 1284638687297449984, "date": "2020-07-18", "time": "19:58:25", "tweet": "@elonmusk @m4ttwegner @flcnhvy Mexican rules?", "likes_count": 0, "replies_count": 0, "retweets_count": 0, "hashtags": []}
