{"id": 1340446735827669000, "date": "2020-12-19", "time": "18:59:40", "tweet": "@elonmusk  I IMAGINE THE REAL TESLAS FACE IS ANNOYING YOU ELON.  I MEAN IT IS THE MAN YOU NAMED YOUR COMPANY AFTER, HE SHOULD GET SOME SHINE NO?", "likes_count": 0, "replies_count": 0, "retweets_count": 1, "hashtags": []}
{"id": 1340446734615539712, "date": "2020-12-19", "time": "18:59:40", "tweet": "fala mal do elon musk mas gosta da grimes kkkk sla né oq passa na cabeça do povo", "likes_count": 0, "replies_count": 0, "retweets_count": 0, "hashtags": []}
{"id": 1340446710129188865, "date": "2020-12-19", "time": "18:59:34", "tweet": "@stevenmnuchin1 @senatemajldr @SpeakerPelosi @RepAOC @JoeBiden @SenKamalaHarris @SenRonJohnson @SenTedCruz @SenToomey @TomCottonAR @LindseyGrahamSC @GOP @GOPLeader @GOPChairwoman @SenateGOP @HouseGOP @SenSusanCollins @MikeBloomberg @elonmusk", "likes_count": 0, "replies_count": 0, "retweets_count": 0, "hashtags": []}
{"id": 1340446606395494400, "date": "2020-12-19", "time": "18:59:09", "tweet": "@GerberKawasaki @ian_e_richards @kylaschwaberow @elonmusk Dude Ron Barron &gt;&gt;&gt; Ross Gerber. Figure the rest out.", "likes_count": 1, "replies_count": 1, "retweets_count": 0, "hashtags": []}
{"id": 1340446566361010176, "date": "2020-12-19", "time": "18:59:00", "tweet": "@BillyMcFarlend @gafj42 @emil_jens @Rambiguously @elonmusk @PunchableFaceVI @Marc_McLovin You are one of the top analysts", "likes_count": 1, "replies_count": 0, "retweets_count": 0, "hashtags": []}
{"id": 1340446510060871683, "date": "2020-12-19", "time": "18:58:46", "tweet": "@benjaminhargy @prime_hawke @JoeSBarlow @therealsamrocca @Likun_Miffery @elonmusk Well, I work for myself and buy my own health insurance so no I wouldn't quit on myself in the middle of a pandemic. No one ever has \"ALL\" the leverage and people always have choices. You can stick your head in the sand and say the sun doesn't exist, but it'll still burn your ass", "likes_count": 0, "replies_count": 0, "retweets_count": 0, "hashtags": []}
{"id": 1340446406495100931, "date": "2020-12-19", "time": "18:58:22", "tweet": "@erinreyehair @PPathole @elonmusk @cleantechnica  https://t.co/jdmWn6aFh7", "likes_count": 0, "replies_count": 0, "retweets_count": 0, "hashtags": []}
{"id": 1340446351545540613, "date": "2020-12-19", "time": "18:58:09", "tweet": "Editorial: Elon Musk’s warning for Illinois - Chicago Tribune  https://t.co/LctKs6QVl0", "likes_count": 0, "replies_count": 0, "retweets_count": 0, "hashtags": []}
{"id": 1340446263024750592, "date": "2020-12-19", "time": "18:57:48", "tweet": "I just realized @elonmusk is following the steps of Philp J Fry II", "likes_count": 0, "replies_count": 0, "retweets_count": 0, "hashtags": []}
{"id": 1340446249154035712, "date": "2020-12-19", "time": "18:57:44", "tweet": "Elon Musk?  https://t.co/8ea9hQ3Zep", "likes_count": 0, "replies_count": 0, "retweets_count": 0, "hashtags": []}
{"id": 1340446216270663680, "date": "2020-12-19", "time": "18:57:36", "tweet": "@13arm13arm @_TeslaTom @TeslaStraya @TeslaGong @tesla_raj @Kristennetten @dennis_p @28delayslater @elonmusk @DrSallyL @tesla_pup @bamtheteslaman1 looks like the keep them on crowd is winning..", "likes_count": 1, "replies_count": 0, "retweets_count": 0, "hashtags": []}
{"id": 1340446179579064325, "date": "2020-12-19", "time": "18:57:28", "tweet": "@Gr8TweetNTheSky @DanaHes70442619 @lynnbassstover @mayubwell55 @Alyssa_Milano There is also not a second wave. They are testing some peiple 3 or 4 times. The first 2 tests will come up negative, so they keep testing until they come up positive. It's happened to Elon Musk and a few people I know.", "likes_count": 0, "replies_count": 0, "retweets_count": 0, "hashtags": []}
{"id": 1340446165238747136, "date": "2020-12-19", "time": "18:57:24", "tweet": "@elonmusk The 2021 Cybertruck is a pointy box, but a fast and pointy box nevertheless.", "likes_count": 0, "replies_count": 0, "retweets_count": 0, "hashtags": []}
{"id": 1340446159333187584, "date": "2020-12-19", "time": "18:57:23", "tweet": "@elonmusk  ELON, DO YOU KNOW THE SIGNIFICANCE OF THE NUMBERS 3.6. 9?  GET BACK TO ME ON THAT.", "likes_count": 0, "replies_count": 0, "retweets_count": 1, "hashtags": []}
{"id": 1340446142715342850, "date": "2020-12-19", "time": "18:57:19", "tweet": "@AdamWagner1 Tier 5: Teleport yourself to 2031 . (Oh I forgot - this option is only available to Elon Musk).", "likes_count": 1, "replies_count": 0, "retweets_count": 0, "hashtags": []}
{"id": 1340446108070211585, "date": "2020-12-19", "time": "18:57:11", "tweet": "@HTime333 @Boookman @CahKnee @HindlesKitchen @elonmusk No, once you start forcing me to call someone something they're not is when I start taking problem with it, simple as", "likes_count": 0, "replies_count": 1, "retweets_count": 0, "hashtags": []}
{"id": 1340446043809280000, "date": "2020-12-19", "time": "18:56:55", "tweet": "@yusufhaniel @_TeslaTom @TeslaStraya @TeslaGong @tesla_raj @Kristennetten @dennis_p @28delayslater @elonmusk @DrSallyL @tesla_pup @bamtheteslaman1 supposedly about a 10% increase in efficiency at highway speeds.", "likes_count": 1, "replies_count": 0, "retweets_count": 0, "hashtags": []}
{"id": 1340445995247779840, "date": "2020-12-19", "time": "18:56:44", "tweet": "+ Fleet $tsla @elonmusk $F Ford Fleet Management Officially Launches In UK With Partner ALD  https://t.co/c6u2eoM6X5", "likes_count": 0, "replies_count": 0, "retweets_count": 0, "hashtags": []}
{"id": 1340445978449465344, "date": "2020-12-19", "time": "18:56:40", "tweet": "@SimonRook1 @SentryOf @lorakolodny @CNBCtech @elonmusk You could make the same argument that the iPhone was not innovative. Every piece of tech in the iPhone had already been developed elsewhere. But it was Jobs that put it all together to create a product that changed a paradigm. Musk, love or hate him did the same with the Model S", "likes_count": 1, "replies_count": 0, "retweets_count": 0, "hashtags": []}
{"id": 1340445939002089473, "date": "2020-12-19", "time": "18:56:30", "tweet": "@TeslaLondon @_TeslaTom @TeslaStraya @TeslaGong @tesla_raj @Kristennetten @dennis_p @28delayslater @elonmusk @DrSallyL @tesla_pup @bamtheteslaman1 with the new tyres using more energy, leaving them on  helps a litle bit", "likes_count": 3, "replies_count": 0, "retweets_count": 0, "hashtags": []}
