{"id": 1345520233155420160, "date": "2021-01-02", "time": "18:59:56", "tweet": "@DCLBlogger @elonmusk is just trying to show that money is just a meme in the matrix", "likes_count": 0, "replies_count": 0, "retweets_count": 0, "hashtags": []}
{"id": 1345520232279003137, "date": "2021-01-02", "time": "18:59:56", "tweet": "@elonmusk @Gfilche #intema", "likes_count": 1, "replies_count": 0, "retweets_count": 0, "hashtags": ["intema"]}
{"id": 1345520219960307712, "date": "2021-01-02", "time": "18:59:53", "tweet": "@elonmusk @comma_ai Reverse engineering partay!", "likes_count": 0, "replies_count": 0, "retweets_count": 0, "hashtags": []}
{"id": 1345520167363764224, "date": "2021-01-02", "time": "18:59:41", "tweet": "@elonmusk explain me this. How does Tesla Financial (AKA @WellsFargo) decline a loan for a car I already have for almost 2 months? #tesla #wellsfargo", "likes_count": 0, "replies_count": 0, "retweets_count": 0, "hashtags": ["tesla", "wellsfargo"]}
{"id": 1345520165719580674, "date": "2021-01-02", "time": "18:59:40", "tweet": "@GerberKawasaki @elonmusk @Tesla I will be having one of the 1,000,000 delivered in 2021.", "likes_count": 2, "replies_count": 0, "retweets_count": 0, "hashtags": []}
{"id": 1345520154487218177, "date": "2021-01-02", "time": "18:59:38", "tweet": "@PhukenHung @elonmusk They have a leader meet pissface  https://t.co/RNslkufUQx", "likes_count": 0, "replies_count": 0, "retweets_count": 0, "hashtags": []}
{"id": 1345520123604557825, "date": "2021-01-02", "time": "18:59:30", "tweet": "@elonmusk @savetheDOGE", "likes_count": 0, "replies_count": 0, "retweets_count": 0, "hashtags": []}
{"id": 1345520097763483648, "date": "2021-01-02", "time": "18:59:24", "tweet": "elon musk is just dr evil w/ hair, send tweet", "likes_count": 0, "replies_count": 0, "retweets_count": 0, "hashtags": []}
{"id": 1345520092487049217, "date": "2021-01-02", "time": "18:59:23", "tweet": "@tbr90 @elonmusk You might actually be on to something friend.", "likes_count": 0, "replies_count": 0, "retweets_count": 0, "hashtags": []}
{"id": 1345520039164669953, "date": "2021-01-02", "time": "18:59:10", "tweet": "I’d inject any device into my skin tbh  The closer I get to being a cyborg, the faster I can leave the human race  Looking at you @elonmusk", "likes_count": 8, "replies_count": 3, "retweets_count": 0, "hashtags": []}
{"id": 1345520035620642817, "date": "2021-01-02", "time": "18:59:09", "tweet": "@youngbenise @elonmusk Do you? Its not “here” so…", "likes_count": 1, "replies_count": 1, "retweets_count": 0, "hashtags": []}
{"id": 1345520033649328128, "date": "2021-01-02", "time": "18:59:09", "tweet": "@elonmusk Year of the doge.  https://t.co/E7e2MzQzFj", "likes_count": 0, "replies_count": 0, "retweets_count": 0, "hashtags": []}
{"id": 1345520023155003393, "date": "2021-01-02", "time": "18:59:06", "tweet": "@SailorSalem_ @elonmusk Do you think our bodies could withstand the speed? We’d probably have to wear armor or sumn 🤔", "likes_count": 1, "replies_count": 1, "retweets_count": 0, "hashtags": []}
{"id": 1345520005664788480, "date": "2021-01-02", "time": "18:59:02", "tweet": "@davidgokhshtein There was an interview @elonmusk did recently where the concept of crypto came up as the currency for mars....and given Elon likes Doge....Total Recall...start the reactor Quaid...get yourself to Mars 😜🤣", "likes_count": 1, "replies_count": 0, "retweets_count": 0, "hashtags": []}
{"id": 1345519991685263365, "date": "2021-01-02", "time": "18:58:59", "tweet": "@Shinobi_Bojan @SoMs1992 @MoonShotCaller Just for the record, thats a fake Elon Musk account..", "likes_count": 2, "replies_count": 0, "retweets_count": 0, "hashtags": []}
{"id": 1345519984890564610, "date": "2021-01-02", "time": "18:58:57", "tweet": "@elonmusk Congrats", "likes_count": 0, "replies_count": 0, "retweets_count": 0, "hashtags": []}
{"id": 1345519959343046656, "date": "2021-01-02", "time": "18:58:51", "tweet": "so there i was waiting for elon musk to tell me when to sell", "likes_count": 8, "replies_count": 0, "retweets_count": 0, "hashtags": []}
{"id": 1345519955668852736, "date": "2021-01-02", "time": "18:58:50", "tweet": "@elonmusk @newscientist Thank god!!!", "likes_count": 0, "replies_count": 0, "retweets_count": 0, "hashtags": []}
{"id": 1345519930247163906, "date": "2021-01-02", "time": "18:58:44", "tweet": "@elonmusk", "likes_count": 0, "replies_count": 0, "retweets_count": 0, "hashtags": []}
{"id": 1345519918498918402, "date": "2021-01-02", "time": "18:58:41", "tweet": "@michaelmalice @elonmusk I thought about too.I’d like it however I can’t help but think I’d bore him with information he already knows lol. SpaceX , Tesla, . But yea it would be pretty awesome.", "likes_count": 0, "replies_count": 1, "retweets_count": 0, "hashtags": []}
