{"id": 1330299924177678338, "date": "2020-11-21", "time": "18:59:52", "tweet": "@A_Vit_ @hilitsky @elonmusk", "likes_count": 0, "replies_count": 0, "retweets_count": 0, "hashtags": []}
{"id": 1330299913712840706, "date": "2020-11-21", "time": "18:59:49", "tweet": "@Limpidliestish @elonmusk @jpr007 @RationalEtienne @ShyCybertruck 😂😂", "likes_count": 0, "replies_count": 0, "retweets_count": 0, "hashtags": []}
{"id": 1330299872289972224, "date": "2020-11-21", "time": "18:59:39", "tweet": "@elonmusk @RationalEtienne @heydave7 @philwhln A flying Tesla would be great as you have said that it is easy self driving in air", "likes_count": 1, "replies_count": 0, "retweets_count": 0, "hashtags": []}
{"id": 1330299845928738817, "date": "2020-11-21", "time": "18:59:33", "tweet": "@Model3Owners @elonmusk I want to go to Mars", "likes_count": 0, "replies_count": 0, "retweets_count": 0, "hashtags": []}
{"id": 1330299843932254208, "date": "2020-11-21", "time": "18:59:33", "tweet": ".@elonmusk wtf?  https://t.co/410D0FxJCL", "likes_count": 2, "replies_count": 0, "retweets_count": 0, "hashtags": []}
{"id": 1330299798134657025, "date": "2020-11-21", "time": "18:59:22", "tweet": "@DanielHoffmanAU @TeslaStraya @elonmusk We bought our house a few months ago, and the losses from stamp duty and rona market reduction would send us back fiscally far more than ev tax at 60k km per year in regional vic.", "likes_count": 1, "replies_count": 1, "retweets_count": 0, "hashtags": []}
{"id": 1330299797975265289, "date": "2020-11-21", "time": "18:59:22", "tweet": "@lovemesomemusk @JosephVVallace @EliBurton_ @TeslaOwnersEBay @CodingMark @elonmusk @Ryanth3nerd @tesla_raj Oh try tripling the size. This was like 3 minutes after it was already done. Some people bounced.", "likes_count": 4, "replies_count": 1, "retweets_count": 0, "hashtags": []}
{"id": 1330299740458790914, "date": "2020-11-21", "time": "18:59:08", "tweet": "@austinbarnard45 @elonmusk Handymen and women around the world know if all else fails hit it with a hammer! A shovel if no hammer available.", "likes_count": 3, "replies_count": 0, "retweets_count": 0, "hashtags": []}
{"id": 1330299721575960581, "date": "2020-11-21", "time": "18:59:04", "tweet": "@elonmusk @jwrigley1 That is just so freaking cool.", "likes_count": 1, "replies_count": 0, "retweets_count": 0, "hashtags": []}
{"id": 1330299720057622529, "date": "2020-11-21", "time": "18:59:03", "tweet": "@austinbarnard45 @elonmusk @SuperclusterHQ Awesome image Austin. You’ve grown a lot as a photographer, congrats!", "likes_count": 0, "replies_count": 0, "retweets_count": 0, "hashtags": []}
{"id": 1330299711362883588, "date": "2020-11-21", "time": "18:59:01", "tweet": "@dkrshr @elonmusk @JohnnaCrider1 @teslaownerssv @28delayslater Yes, I should have", "likes_count": 1, "replies_count": 1, "retweets_count": 0, "hashtags": []}
{"id": 1330299593481986048, "date": "2020-11-21", "time": "18:58:33", "tweet": "@JosephVVallace @EliBurton_ @TacosandTeslas @TeslaOwnersEBay @CodingMark @elonmusk @Ryanth3nerd @tesla_raj there were more people that didn’t join the photo", "likes_count": 3, "replies_count": 1, "retweets_count": 0, "hashtags": []}
{"id": 1330299560267309057, "date": "2020-11-21", "time": "18:58:25", "tweet": "Looks like $TSLA shares will take a hit when @elonmusk's staff all get sick. Trump level psychopath. #Tesla", "likes_count": 0, "replies_count": 0, "retweets_count": 0, "hashtags": ["tesla"]}
{"id": 1330299499416268802, "date": "2020-11-21", "time": "18:58:11", "tweet": "@brandonee916 @CodingMark @TeslaJoy Any of that in #fsdbeta ? @elonmusk said it should be fixed there...", "likes_count": 3, "replies_count": 0, "retweets_count": 1, "hashtags": ["fsdbeta"]}
{"id": 1330299466788835328, "date": "2020-11-21", "time": "18:58:03", "tweet": "Tirando a parte do Elon Musk e o fato de que deveria incluir catboys também, todo o resto aqui é verdade", "likes_count": 2, "replies_count": 2, "retweets_count": 0, "hashtags": []}
{"id": 1330299447268532225, "date": "2020-11-21", "time": "18:57:58", "tweet": "@elonmusk when can I buy shares in Neuralink please?", "likes_count": 0, "replies_count": 0, "retweets_count": 0, "hashtags": []}
{"id": 1330299442780647428, "date": "2020-11-21", "time": "18:57:57", "tweet": "@TacosandTeslas @EliBurton_ @TeslaOwnersEBay @CodingMark @elonmusk @Ryanth3nerd @tesla_raj so nice to meet you too!!", "likes_count": 3, "replies_count": 0, "retweets_count": 0, "hashtags": []}
{"id": 1330299346282303495, "date": "2020-11-21", "time": "18:57:34", "tweet": "@elonmusk I get \"taken\" all the time &amp; they never let me SEE or remember seeing the universe that we travel in....I want to be taken on a tour while I am wide awake in dream time &amp; REMEMBER IT! #Abductee #Experiencer", "likes_count": 0, "replies_count": 0, "retweets_count": 0, "hashtags": ["abductee", "experiencer"]}
{"id": 1330299331396710401, "date": "2020-11-21", "time": "18:57:31", "tweet": "@elonmusk", "likes_count": 0, "replies_count": 0, "retweets_count": 0, "hashtags": []}
{"id": 1330299318083997696, "date": "2020-11-21", "time": "18:57:27", "tweet": "@akidesir @elonmusk @MFrunker Another reason why...  https://t.co/5M60TSLSkU", "likes_count": 1, "replies_count": 0, "retweets_count": 0, "hashtags": []}
