{"id": 1317616362357927937, "date": "2020-10-17", "time": "19:59:55", "tweet": "@ElonMusk 'guesses' SpaceX could send a ship to Mars as soon as 2024  https://t.co/TdBORGoS6K @answerswithjoe", "likes_count": 0, "replies_count": 0, "retweets_count": 0, "hashtags": []}
{"id": 1317616353415589888, "date": "2020-10-17", "time": "19:59:53", "tweet": "Elon Musk is my god", "likes_count": 0, "replies_count": 0, "retweets_count": 0, "hashtags": []}
{"id": 1317616352383930368, "date": "2020-10-17", "time": "19:59:53", "tweet": "@AlanMyron @Villainessa @elonmusk Sure, but Tesla's proposed Li mining process would likely require tapping into limited underwater reserves that cattle ranchers in NV need for their operations. Even if the land is not scarred, the water table will certainly be drained by the output need.  https://t.co/9O7QPNnA8M", "likes_count": 1, "replies_count": 1, "retweets_count": 1, "hashtags": []}
{"id": 1317616306443739136, "date": "2020-10-17", "time": "19:59:42", "tweet": "❣exercise to succeed daily to start with a authentic smile❣🤩❣#lynnfashionstyles #elonmusk #influencer #BusinessNews #modelling #professional #Trump2020 #FirstLook  https://t.co/zjrxC4feMt", "likes_count": 2, "replies_count": 0, "retweets_count": 1, "hashtags": ["lynnfashionstyles", "elonmusk", "influencer", "businessnews", "modelling", "professional", "trump2020", "firstlook"]}
{"id": 1317616297920892933, "date": "2020-10-17", "time": "19:59:40", "tweet": "@GraceIn2021 @ZeroFuckaroni I think I may have hit on one of those links to the Elon musk giveaway.", "likes_count": 1, "replies_count": 1, "retweets_count": 0, "hashtags": []}
{"id": 1317616290195034112, "date": "2020-10-17", "time": "19:59:38", "tweet": "@AdamHoov @elonmusk 🥰", "likes_count": 0, "replies_count": 0, "retweets_count": 0, "hashtags": []}
{"id": 1317616214122876929, "date": "2020-10-17", "time": "19:59:20", "tweet": "@JulianMaciasT Bueno, creo que fue Elon Musk el que dijo que por el Litio (para las baterías) harían (EEUU) lo que considerasen necesario. Y los lameculos mundiales, ahí apoyando.🤷‍♂️", "likes_count": 2, "replies_count": 0, "retweets_count": 1, "hashtags": []}
{"id": 1317616212424216577, "date": "2020-10-17", "time": "19:59:19", "tweet": "@AngelosTzelepis How am I still shocked by just HOW stupid Elon Musk is?", "likes_count": 0, "replies_count": 1, "retweets_count": 0, "hashtags": []}
{"id": 1317616192266424322, "date": "2020-10-17", "time": "19:59:15", "tweet": "Elon Musk says SpaceX Starship will travel to Mars in as little as four years | Just The News  https://t.co/aDG9YAQLnZ", "likes_count": 1674, "replies_count": 92, "retweets_count": 377, "hashtags": []}
{"id": 1317616157696798720, "date": "2020-10-17", "time": "19:59:06", "tweet": "@_TeslaTom @elonmusk @juanjacobs @jwangARK @tesla_raj @TeslaJoy @DirtyTesla I need help to compensate $10K loss of my wife's M3 bought three weeks ago! No, I don't  lol Very happy to see more tesla smart cars around:) Good job @elonmusk and @Tesla", "likes_count": 4, "replies_count": 0, "retweets_count": 0, "hashtags": []}
{"id": 1317616124956168193, "date": "2020-10-17", "time": "19:58:58", "tweet": "@FrunkTitty @elonmusk Tesla fart jokes matter (in a gaseous form)!", "likes_count": 3, "replies_count": 1, "retweets_count": 0, "hashtags": []}
{"id": 1317616114336235522, "date": "2020-10-17", "time": "19:58:56", "tweet": "@scottpidity @28delayslater @EvaFoxU @RationalEtienne @Kristennetten @ElonsBrain @TeslaLisa @Nikola_Truth @WholeMarsBlog @elonmusk  https://t.co/f1NZC26UiK", "likes_count": 1, "replies_count": 0, "retweets_count": 0, "hashtags": []}
{"id": 1317616096640262145, "date": "2020-10-17", "time": "19:58:52", "tweet": "Hi @elonmusk and my favorite Youtubers @Erdayastronaut @spaceXcentric @FelixSchlang , I have a question regarding the #SpaceX #crewdragon #spacecraft regarding its return and landing.  Could the #Superdraco engines be used to land in an emergency with a parachute anomaly?", "likes_count": 0, "replies_count": 0, "retweets_count": 0, "hashtags": ["spacex", "crewdragon", "spacecraft", "superdraco"]}
{"id": 1317616083629613061, "date": "2020-10-17", "time": "19:58:49", "tweet": "@OnlyWongs @RealLifeStarman @elonmusk @SpaceX 3/3 It is not a matter belief, it is a matter of FOLLOWING THE DATA.  We don't believe in gravity, we say gravity is probably real because the data suggests gravity is real. Open up your mind and actually look into data. Don't be so arrogant that you don't even bother to research", "likes_count": 0, "replies_count": 2, "retweets_count": 0, "hashtags": []}
{"id": 1317616040310833153, "date": "2020-10-17", "time": "19:58:38", "tweet": "@dickens_jc @DShadowgazer @Tesla @elonmusk -.-   Just wrong", "likes_count": 2, "replies_count": 0, "retweets_count": 0, "hashtags": []}
{"id": 1317616027530911744, "date": "2020-10-17", "time": "19:58:35", "tweet": "@hamersmithco @melopacare @Lightroom @Photoshop @CanonUSA @CanonUSAimaging @NASA @SpaceX @elonmusk i based these off an imaginary surface of jupiter actually! and i’m not really for continuing the human race in any aspect :P", "likes_count": 0, "replies_count": 0, "retweets_count": 0, "hashtags": []}
{"id": 1317616005804216320, "date": "2020-10-17", "time": "19:58:30", "tweet": "@thefemboyqueen @elonmusk And? What are you going to do about it.", "likes_count": 4, "replies_count": 0, "retweets_count": 0, "hashtags": []}
{"id": 1317615983176093702, "date": "2020-10-17", "time": "19:58:25", "tweet": "@tesla_master @Kristennetten @HogDexter @vincent13031925 @elonmusk @BLKMDL3 @teslaownersSV @jeremyjudkins @WholeMarsBlog Thank goodness Tesla doesn’t waste money on crap like this.", "likes_count": 0, "replies_count": 0, "retweets_count": 0, "hashtags": []}
{"id": 1317615967367843842, "date": "2020-10-17", "time": "19:58:21", "tweet": "@PhiIStone @kimitalvitie @elonmusk @SpaceX @AlitaArmy Oh I get it. The physics are simply not there. That being said we have the means and engineering today to do things they couldn't back then. Looking at the old 1975 design what couldn't be addressed with today's engineering and materials?", "likes_count": 1, "replies_count": 0, "retweets_count": 0, "hashtags": []}
{"id": 1317615872773705729, "date": "2020-10-17", "time": "19:57:58", "tweet": "@MarsmanQuansun @Andy8671025 @LucidMotors @Tesla @elonmusk @28delayslater @teslavibes @Kristennetten @EvaFoxU @ICannot_Enough @arctechinc @RenataKonkoly @richtechexec @Sofiaan Yes, I keep an open mind about them.  Tesla can't be the only car manufacturer so I'll cross my fingers for Lucid. ❤️", "likes_count": 2, "replies_count": 0, "retweets_count": 0, "hashtags": []}
{"id": 1317615770717855744, "date": "2020-10-17", "time": "19:57:34", "tweet": "Mars Rover Photographs!4K🌕💫🔴#Science #Spacex #Mars #Rocket #RoverCuriosi...  https://t.co/XbHTAL8D51 a través de @YouTube   🌕💫🔴#Science #Spacex #Mars #Rocket #RoverCuriosity #Nasa #Starship #ElonMusk #MarsRover #4K #Mars #RedPlanet #CURIOSITYROVER #NASA", "likes_count": 1, "replies_count": 0, "retweets_count": 0, "hashtags": ["science", "spacex", "mars", "rocket", "rovercuriosi", "science", "spacex", "mars", "rocket", "rovercuriosity", "nasa", "starship", "elonmusk", "marsrover", "4k", "mars", "redplanet", "curiosityrover", "nasa"]}
{"id": 1317615735955337216, "date": "2020-10-17", "time": "19:57:26", "tweet": "@elonmusk Oh, I keep thinking that \"S\" is a \"3\" and I keep getting unnecessarily mad.", "likes_count": 0, "replies_count": 0, "retweets_count": 0, "hashtags": []}
{"id": 1317615644901167104, "date": "2020-10-17", "time": "19:57:04", "tweet": "@The_Nation @elonmusk HONK  https://t.co/4CUrnJx5so", "likes_count": 8, "replies_count": 0, "retweets_count": 0, "hashtags": []}
{"id": 1317615634528743424, "date": "2020-10-17", "time": "19:57:02", "tweet": "🔔 “Cuando algo es lo suficientemente importante, lo haces incluso cuando las posibilidades no están en tu favor.” – Elon Musk (1971-actualidad)", "likes_count": 1, "replies_count": 0, "retweets_count": 0, "hashtags": []}
{"id": 1317615632410693633, "date": "2020-10-17", "time": "19:57:01", "tweet": "@Hein_The_Slayer @Gazzerg23 @Kristennetten @elonmusk @28delayslater @teslaownersSV @LudaLisl @SamTalksTesla @JohnnaCrider1 @PPathole @SteveHamel16 @CodingMark actually, 'booked' the flight", "likes_count": 3, "replies_count": 1, "retweets_count": 0, "hashtags": []}
{"id": 1317615629881454593, "date": "2020-10-17", "time": "19:57:00", "tweet": "@notcarlee @Lightroom @Photoshop @CanonUSA @CanonUSAimaging @NASA @SpaceX @elonmusk especially coming from you, you’re an incredible artist too", "likes_count": 1, "replies_count": 1, "retweets_count": 0, "hashtags": []}
{"id": 1317615626660163591, "date": "2020-10-17", "time": "19:57:00", "tweet": "@OnlyWongs @RealLifeStarman @elonmusk @SpaceX 2) Why are you treating it like a natural event? We are dealing with advanced beings. If they don't want to be seen it doesn't matter how many cameras you have!", "likes_count": 0, "replies_count": 0, "retweets_count": 0, "hashtags": []}
{"id": 1317615575288471555, "date": "2020-10-17", "time": "19:56:47", "tweet": "@notcarlee @Lightroom @Photoshop @CanonUSA @CanonUSAimaging @NASA @SpaceX @elonmusk omg hey carlee 🥺 thank you, it means a lot", "likes_count": 1, "replies_count": 1, "retweets_count": 0, "hashtags": []}
{"id": 1317615569957494785, "date": "2020-10-17", "time": "19:56:46", "tweet": "#HOLLYWOOD | La odisea espacial de Elon Musk será una serie de HBO  https://t.co/3Qg91DQ5gb  *_", "likes_count": 0, "replies_count": 0, "retweets_count": 0, "hashtags": ["hollywood"]}
{"id": 1317615564211236864, "date": "2020-10-17", "time": "19:56:45", "tweet": " https://t.co/KeHnn9Sqge  #elonmusk  #neuralink", "likes_count": 0, "replies_count": 0, "retweets_count": 0, "hashtags": ["elonmusk", "neuralink"]}
{"id": 1317615530333949952, "date": "2020-10-17", "time": "19:56:37", "tweet": "@elonmusk Now that you have this tunnel thing figured out, how long till you’re accelerating a payload in a vacuum tube under a mountain and firing it into orbit?", "likes_count": 0, "replies_count": 0, "retweets_count": 0, "hashtags": []}
{"id": 1317615526240157696, "date": "2020-10-17", "time": "19:56:36", "tweet": "@indusraven @elonmusk @SpaceX His persistence", "likes_count": 1, "replies_count": 0, "retweets_count": 0, "hashtags": []}
{"id": 1317615485966483457, "date": "2020-10-17", "time": "19:56:26", "tweet": "@elonmusk Send me one?", "likes_count": 1, "replies_count": 0, "retweets_count": 0, "hashtags": []}
{"id": 1317615479738028032, "date": "2020-10-17", "time": "19:56:25", "tweet": "Day 26 of trying to get @elonmusk to gift me a tesla", "likes_count": 0, "replies_count": 0, "retweets_count": 0, "hashtags": []}
{"id": 1317615439351087104, "date": "2020-10-17", "time": "19:56:15", "tweet": "@kimitalvitie @elonmusk @SpaceX @AlitaArmy Dan Dare would be envious", "likes_count": 0, "replies_count": 0, "retweets_count": 0, "hashtags": []}
{"id": 1317615393553436673, "date": "2020-10-17", "time": "19:56:04", "tweet": "@OnlyWongs @RealLifeStarman @elonmusk @SpaceX 1) There are more than 1 good CLEAR images, and no they were not proven to be hoaxes. Watch the original polaroid from Westall 1966 was super clear, you can see it in #ThePhenomenon documentary.  1/2", "likes_count": 0, "replies_count": 1, "retweets_count": 0, "hashtags": ["thephenomenon"]}
{"id": 1317615386158792704, "date": "2020-10-17", "time": "19:56:02", "tweet": "Elon Musk says SpaceX's 1st Starship trip to Mars could fly in 4 years  https://t.co/oTfieDJDiI  https://t.co/mE2CIw957q", "likes_count": 0, "replies_count": 0, "retweets_count": 0, "hashtags": []}
{"id": 1317615314159476736, "date": "2020-10-17", "time": "19:55:45", "tweet": "@ArkadiuszKula @LucidMotors @Tesla @elonmusk @28delayslater @teslavibes @Kristennetten @EvaFoxU @ICannot_Enough @arctechinc @RenataKonkoly @richtechexec @Sofiaan I like to tease but I've said many nice things about Lucid.  They poached the right talents to get a proper production vehicle. I'm not a hater though I may tease them occasionally (like now). After all I tease even the Quasi-Perfect Saviour. 😭 🤭 ❤️  Wishing them the best. 😍", "likes_count": 7, "replies_count": 0, "retweets_count": 0, "hashtags": []}
{"id": 1317615246014615553, "date": "2020-10-17", "time": "19:55:29", "tweet": "@ES_Crescofin @Hushhhbruh @elonmusk To stoned you mean???", "likes_count": 1, "replies_count": 0, "retweets_count": 0, "hashtags": []}
{"id": 1317615213936627712, "date": "2020-10-17", "time": "19:55:21", "tweet": "@briantong @Tesla @elonmusk @EnKahnz Haha 👊🏽😎😂", "likes_count": 6, "replies_count": 0, "retweets_count": 0, "hashtags": []}
