{"id": 1297322640491704320, "date": "2020-08-22", "time": "19:59:55", "tweet": "@JaneidyEve @elonmusk Well obviously you need oxygen for continuous survival so governed by scientists for the firsr 25-50 years before miners can bring their families and steal all the resources.", "likes_count": 0, "replies_count": 0, "retweets_count": 0, "hashtags": []}
{"id": 1297322638054842368, "date": "2020-08-22", "time": "19:59:54", "tweet": "@28delayslater @elonmusk 😱", "likes_count": 5, "replies_count": 1, "retweets_count": 0, "hashtags": []}
{"id": 1297322571092889600, "date": "2020-08-22", "time": "19:59:38", "tweet": "@Caspar_Stanley @124970MeV @Erdayastronaut @elonmusk @Peter_J_Beck Now that we're into this, how many actual Rutherfotds would it take to take off? 😅", "likes_count": 0, "replies_count": 1, "retweets_count": 0, "hashtags": []}
{"id": 1297322564868608000, "date": "2020-08-22", "time": "19:59:37", "tweet": "@Badan_KR @SpacesFuture @DJSnM @elonmusk Hurricanes don’t mess with Texas.", "likes_count": 1, "replies_count": 2, "retweets_count": 0, "hashtags": []}
{"id": 1297322519859322881, "date": "2020-08-22", "time": "19:59:26", "tweet": "@Bongomia @JoelJuenke @elonmusk I love how the poor call others poor", "likes_count": 0, "replies_count": 0, "retweets_count": 0, "hashtags": []}
{"id": 1297322419183587334, "date": "2020-08-22", "time": "19:59:02", "tweet": "@RebelRancher @AOC Elon Musk is spending billions of dollars on rockets because he says out loud that humans will go extinct on earth so he and his rich friends are hoping they can live on Mars. This is one of your Dear Leader Trump's friends.", "likes_count": 1, "replies_count": 0, "retweets_count": 0, "hashtags": []}
{"id": 1297322311154991104, "date": "2020-08-22", "time": "19:58:36", "tweet": "@WholeMarsBlog @Hein_The_Slayer @elonmusk He could have just given me the money I would have invested it for him in TSLA$ lmfao", "likes_count": 1, "replies_count": 0, "retweets_count": 0, "hashtags": []}
{"id": 1297322301751308288, "date": "2020-08-22", "time": "19:58:34", "tweet": "@ivan_mks63 Elon Musk's Starlink?", "likes_count": 1, "replies_count": 0, "retweets_count": 0, "hashtags": []}
{"id": 1297322288300187649, "date": "2020-08-22", "time": "19:58:31", "tweet": "@Erdayastronaut How can an uninsulated common bulkhead and lox feedpipe work? The lox boiling point is just below methane’s melting point. And the plan is for subcooled lox IFRC? Methane ice as the insulator? @elonmusk", "likes_count": 0, "replies_count": 0, "retweets_count": 0, "hashtags": []}
{"id": 1297322196633882625, "date": "2020-08-22", "time": "19:58:09", "tweet": "@Fortnite1GameAr @oddbowler @Hellfer14 @Neopork85 @MarcusHouseGame @SpaceX @elonmusk @Erdayastronaut With 6 months you can comeback tho if Mars EDL is no go", "likes_count": 0, "replies_count": 0, "retweets_count": 0, "hashtags": []}
{"id": 1297322177235214336, "date": "2020-08-22", "time": "19:58:04", "tweet": "@co_tesla @elonmusk @SteveHamel16 @TeslaParaTodos @ideas4tesla @stuntech @28delayslater @slcuervo Está chulísimo.", "likes_count": 4, "replies_count": 0, "retweets_count": 1, "hashtags": []}
{"id": 1297322168921948161, "date": "2020-08-22", "time": "19:58:02", "tweet": "@Bongomia @elonmusk It's easy to spend other people's money.", "likes_count": 0, "replies_count": 0, "retweets_count": 0, "hashtags": []}
{"id": 1297322139360600066, "date": "2020-08-22", "time": "19:57:55", "tweet": "@elonmusk Can Starship lock on comet and navigate it to different trajectory if so then ONE of MANY great filter is cleared", "likes_count": 0, "replies_count": 0, "retweets_count": 0, "hashtags": []}
{"id": 1297322134671433729, "date": "2020-08-22", "time": "19:57:54", "tweet": "@maikan5 @cberry1 @business @Steeltown12345 @elonmusk @elonmusk you are a lucky boy with $SX", "likes_count": 4, "replies_count": 0, "retweets_count": 0, "hashtags": []}
{"id": 1297322054639857664, "date": "2020-08-22", "time": "19:57:35", "tweet": "SpaceX: Elon Musk breaks down the cost of reusable rockets  https://t.co/uREYefkBOG via @inversedotcom", "likes_count": 1, "replies_count": 0, "retweets_count": 0, "hashtags": []}
{"id": 1297322045735424002, "date": "2020-08-22", "time": "19:57:33", "tweet": "@elonmusk What is there's a civilization on Mars you didn't know about Elon, wouldn't that ruin everything?", "likes_count": 0, "replies_count": 1, "retweets_count": 0, "hashtags": []}
{"id": 1297322044749574144, "date": "2020-08-22", "time": "19:57:33", "tweet": "Aave CEO Wants to Tokenize Tesla. Elon Musk Gives Silent Treatment  https://t.co/y1CAsIJd0Q  https://t.co/KioGzHiLik", "likes_count": 0, "replies_count": 0, "retweets_count": 0, "hashtags": []}
{"id": 1297322036591644672, "date": "2020-08-22", "time": "19:57:31", "tweet": "why @Tesla &amp; @SpaceX destinies are intertwined &amp; Elon will be future Philosopher King of Mars 🦾🧠⚡️🔥🚀  via @elonmusk Q&amp;A @sxsw 2018  https://t.co/KC6xGEiHbI  https://t.co/83UdC6C4w6", "likes_count": 12, "replies_count": 0, "retweets_count": 1, "hashtags": []}
{"id": 1297322012973715457, "date": "2020-08-22", "time": "19:57:25", "tweet": "Elon Musk And SpaceX: 2015 Versus 2020  https://t.co/5yFmzaFwJx", "likes_count": 2, "replies_count": 0, "retweets_count": 0, "hashtags": []}
{"id": 1297322005511852032, "date": "2020-08-22", "time": "19:57:23", "tweet": "@rm4gro @elonmusk @Erdayastronaut Giving me Type A Free Trader vibes.  https://t.co/84ZYiNWKtl", "likes_count": 1, "replies_count": 0, "retweets_count": 0, "hashtags": []}
{"id": 1297321961501138947, "date": "2020-08-22", "time": "19:57:13", "tweet": "@Jacobletrashe1 @MetropoliseGame @LucaGausik @Mayzyad2o2o @WholeMarsBlog @elonmusk LOL come on people... this is obviously a CG joke. You really tough Tesla car have gigantic green AA batteries??? 🤦‍♂️", "likes_count": 0, "replies_count": 1, "retweets_count": 0, "hashtags": []}
{"id": 1297321952760213505, "date": "2020-08-22", "time": "19:57:11", "tweet": "@jw_0_ @UzoOsuno @368 @Tesla @elonmusk He wasn’t parked he was in traffic. And he put it in park. Shit is Ill advised", "likes_count": 0, "replies_count": 0, "retweets_count": 0, "hashtags": []}
{"id": 1297321931117481984, "date": "2020-08-22", "time": "19:57:06", "tweet": "@28delayslater @elonmusk Leone or Elon.........", "likes_count": 2, "replies_count": 0, "retweets_count": 0, "hashtags": []}
{"id": 1297321846577168385, "date": "2020-08-22", "time": "19:56:45", "tweet": "@DJSnM @elonmusk I think we all enjoy trying  to figure out whats going on down there", "likes_count": 1, "replies_count": 0, "retweets_count": 0, "hashtags": []}
{"id": 1297321834149318656, "date": "2020-08-22", "time": "19:56:42", "tweet": "@28delayslater @elonmusk Did you check with  Wilson or Norman?  Leone May have checked with them directly since they are the official Frunk Puppies.!?", "likes_count": 4, "replies_count": 2, "retweets_count": 0, "hashtags": []}
{"id": 1297321832027172864, "date": "2020-08-22", "time": "19:56:42", "tweet": "Vengo de fb, osé comentar la publicación de una fanpage llena de echaleganistas, negacionistas de su nse, colonizados adoradores de Elon Musk y fervientes creyentes de la mano invisible.  Y pues nada, que hueva pelearse con esa gente", "likes_count": 0, "replies_count": 0, "retweets_count": 0, "hashtags": []}
{"id": 1297321820115341319, "date": "2020-08-22", "time": "19:56:39", "tweet": "@squiddyTballs @BlazePizza @elonmusk What that means is Planet Earth is the only planet we have right now. #itsafuckingglobe #theearthisnotflat #leaveyourparentsbasement", "likes_count": 0, "replies_count": 1, "retweets_count": 0, "hashtags": ["itsafuckingglobe", "theearthisnotflat", "leaveyourparentsbasement"]}
{"id": 1297321750133460993, "date": "2020-08-22", "time": "19:56:22", "tweet": "@_Jugna @elonmusk Only a Jonah talks about finding the Jonah.", "likes_count": 0, "replies_count": 1, "retweets_count": 0, "hashtags": []}
{"id": 1297321717384323072, "date": "2020-08-22", "time": "19:56:15", "tweet": "@enterc1evername @BillGates @elonmusk @JeffBezos", "likes_count": 1, "replies_count": 1, "retweets_count": 0, "hashtags": []}
{"id": 1297321707049345027, "date": "2020-08-22", "time": "19:56:12", "tweet": "@Nikola_Truth On the UACP (Universal Alien Communication Portal) @elonmusk and I are on it all the time :)", "likes_count": 1, "replies_count": 1, "retweets_count": 0, "hashtags": []}
{"id": 1297321701471072258, "date": "2020-08-22", "time": "19:56:11", "tweet": "@notraul8 @ElvisIbadin @368 @Tesla @elonmusk Doesn’t matter. Still need be aware of your surroundings. Can’t see a bad driver around you if you are playing video games. You should have to be in park for 5 mins before becoming available to the driver. Shit is reckless", "likes_count": 1, "replies_count": 1, "retweets_count": 0, "hashtags": []}
{"id": 1297321676611506183, "date": "2020-08-22", "time": "19:56:05", "tweet": "Elon Musk is my god", "likes_count": 0, "replies_count": 0, "retweets_count": 0, "hashtags": []}
{"id": 1297321658613731328, "date": "2020-08-22", "time": "19:56:01", "tweet": "@WholeMarsBlog @elonmusk Those aren’t jack points 😤", "likes_count": 0, "replies_count": 0, "retweets_count": 0, "hashtags": []}
{"id": 1297321557560299520, "date": "2020-08-22", "time": "19:55:37", "tweet": "@565suki @elonmusk @JeffBezos Pls do", "likes_count": 0, "replies_count": 0, "retweets_count": 0, "hashtags": []}
{"id": 1297321501243441154, "date": "2020-08-22", "time": "19:55:23", "tweet": "@elonmusk I just created this account to thank you.  Your #Tesla Model X saved my life from a carjacking.  Was able to out accelerate two guys on a motorcycle.  Still shaken up but alive. @Tesla @TeslaMotorsClub", "likes_count": 2, "replies_count": 0, "retweets_count": 0, "hashtags": ["tesla"]}
{"id": 1297321489650397185, "date": "2020-08-22", "time": "19:55:20", "tweet": "@rolandbouman Krijg echt jeuk van mensen die menen dat niet alle resources ingezet moeten worden om de planeet leefbaar te houden en vluchten in space pipe dreams, Elon Musk is er ook zo één.", "likes_count": 0, "replies_count": 1, "retweets_count": 0, "hashtags": []}
{"id": 1297321485795831808, "date": "2020-08-22", "time": "19:55:19", "tweet": "According to His Tweets, Bill Gates Is Way More Stressed Out Than Elon Musk (Infographic)  https://t.co/RYq6tsHFqG", "likes_count": 0, "replies_count": 0, "retweets_count": 0, "hashtags": []}
{"id": 1297321473665904642, "date": "2020-08-22", "time": "19:55:17", "tweet": "@doornumberdoug @WholeMarsBlog @vincent13031925 @elonmusk I thought it was an awesome sequel!", "likes_count": 0, "replies_count": 0, "retweets_count": 0, "hashtags": []}
{"id": 1297321364248985604, "date": "2020-08-22", "time": "19:54:50", "tweet": "@InfographicTony @RGVaerialphotos @elonmusk @Erdayastronaut @DJSnM @MarcusHouseGame @FelixSchlang No one drills such huge holes to the bedrock, reinforces them with rebarb and fills them concrete just to place a \"water tower\" on top.  This is for something a lot heavier and sturdier.  There is plenty of room for 1 or more water towers for the deluge system nearby.", "likes_count": 1, "replies_count": 1, "retweets_count": 0, "hashtags": []}
{"id": 1297321352521809921, "date": "2020-08-22", "time": "19:54:48", "tweet": "I feel like the Elon Musk bio was written way too soon. Needs an update every 2 years.", "likes_count": 0, "replies_count": 0, "retweets_count": 0, "hashtags": []}
