{"id": 1218684471135870978, "date": "2020-01-18", "time": "18:59:54", "tweet": "@ClarkDennisM @LarrySabin1 @GreatPaulSmith @Bfklin @elonmusk @TESLAcharts @GerberKawasaki I saw the article you're referring to. This is in addition to the fact germans are already protesting this .  This isn't going too well for Tesla  Besides, who wants to pay $4.4B for a factory producing a $ losing product to a market that will have competition?", "likes_count": 0, "replies_count": 0, "retweets_count": 0, "hashtags": []}
{"id": 1218684394816274432, "date": "2020-01-18", "time": "18:59:36", "tweet": "@elonmusk Now...some poor soul looking out his tesla windshield.", "likes_count": 0, "replies_count": 0, "retweets_count": 0, "hashtags": []}
{"id": 1218684323337003010, "date": "2020-01-18", "time": "18:59:19", "tweet": "@GalacCuriosity @WorldAndScience @elonmusk Could we one day ski on Mars? Or is there no snow and only ice?", "likes_count": 0, "replies_count": 0, "retweets_count": 0, "hashtags": []}
{"id": 1218684284229357568, "date": "2020-01-18", "time": "18:59:10", "tweet": "Posting a photo of @elonmusk photoshopped onto Mikasa Ackerman’s body every day until he gives me a Tesla- Day 215  https://t.co/UgcAnGBssv", "likes_count": 5, "replies_count": 1, "retweets_count": 0, "hashtags": []}
{"id": 1218684121469288448, "date": "2020-01-18", "time": "18:58:31", "tweet": "@GigaCharlatan @Stevebility @AlanZavari @Tesla @ElectrekCo @elonmusk Oh, well in that case should be mandatory on all cars because millions of miles are driven on it every day *without incident* despite everyone constantly misusing it!  Thank you for validating the remarkable safety enhancement provided by #Tesla #Autopilot! 😘😁😆😂🤣", "likes_count": 1, "replies_count": 1, "retweets_count": 0, "hashtags": ["tesla", "autopilot"]}
{"id": 1218684095234002949, "date": "2020-01-18", "time": "18:58:25", "tweet": "Electric burn: Those who bet against Elon Musk and Tesla are paying a big price - NPR  https://t.co/ScTdprS2O0", "likes_count": 0, "replies_count": 0, "retweets_count": 0, "hashtags": []}
{"id": 1218684086224654337, "date": "2020-01-18", "time": "18:58:22", "tweet": "@NotThatTesla @thirdrowtesla LOL this reminds me of the time when Elon Musk renamed his twitter account as \"Elon Tusk\".", "likes_count": 1, "replies_count": 0, "retweets_count": 0, "hashtags": []}
{"id": 1218683948248625152, "date": "2020-01-18", "time": "18:57:49", "tweet": "@Kristennetten @elonmusk As an 8th grader in 8th grade physical science, lol.", "likes_count": 0, "replies_count": 0, "retweets_count": 0, "hashtags": []}
{"id": 1218683942880018432, "date": "2020-01-18", "time": "18:57:48", "tweet": "@jfaherty @david_kipping @elonmusk @SpaceX Out of how many pictures", "likes_count": 0, "replies_count": 0, "retweets_count": 0, "hashtags": []}
{"id": 1218683897287856128, "date": "2020-01-18", "time": "18:57:37", "tweet": "@jaqme @elonmusk @Tesla Every building is a result of cleared land. Go sleep in the forest.", "likes_count": 2, "replies_count": 0, "retweets_count": 0, "hashtags": []}
{"id": 1218683892993011713, "date": "2020-01-18", "time": "18:57:36", "tweet": "@AlanZavari @Tesla @ElectrekCo @elonmusk So.....you couldn't have used the pedal called a brake to stop it?", "likes_count": 0, "replies_count": 0, "retweets_count": 0, "hashtags": []}
{"id": 1218683853243670528, "date": "2020-01-18", "time": "18:57:27", "tweet": "@ThemeTeamWP @DeeJ722 @gwestr @imispgh @BrandonLive @Bfklin @solarb10 @telanon @JosephKellyCSC @italianmaster @AlexRoy144 @KO_Sulli @dennyc444 @yang_yi_cn @Waymo @elonmusk @Tesla @NHTSA @NTSB @autopilot well, I guess you have never seen autopilot trying to hit an oncoming truck at 70mph head-on to say that.", "likes_count": 1, "replies_count": 0, "retweets_count": 0, "hashtags": []}
{"id": 1218683823401005056, "date": "2020-01-18", "time": "18:57:20", "tweet": "@elonmusk @SciGuySpace A ' Convenience - Commercial '                     Off       W' ~Diam. Sphere @ Mkt.(s) Planet    Vehicle , Cabin  ,000's -                      On.        150  -m - 60   -person. For The B.L.A.B.S.&lt;(SX) et al ,.                             To     ' Compete to Make ' .  https://t.co/7bChbSmJy8", "likes_count": 0, "replies_count": 1, "retweets_count": 0, "hashtags": []}
{"id": 1218683808544886785, "date": "2020-01-18", "time": "18:57:16", "tweet": "@BBCAMERICA There's no place like Earth for now until Elon Musk changes it in the future very soon you can bet on it", "likes_count": 0, "replies_count": 0, "retweets_count": 0, "hashtags": []}
{"id": 1218683765058306048, "date": "2020-01-18", "time": "18:57:06", "tweet": "Tesla employees are organizing for a fair wage. Sign their @teamcoworker petition now and tell @elonmusk it's time for a raise.   https://t.co/wEab4W7z58 via @teamcoworker", "likes_count": 0, "replies_count": 0, "retweets_count": 0, "hashtags": []}
{"id": 1218683754329321472, "date": "2020-01-18", "time": "18:57:03", "tweet": "@ou_bones @knorgelkind @teejteej3 @yashagarwal589 @GiggaGG @hi_im_eilers @elonmusk  https://t.co/QQbWlG6qpg", "likes_count": 11, "replies_count": 1, "retweets_count": 0, "hashtags": []}
{"id": 1218683747807244293, "date": "2020-01-18", "time": "18:57:02", "tweet": "@InvestorSwan @calanmcdonald @nntaleb @elonmusk @Tesla @PwC @PwCUS Tela shorters are tedious.", "likes_count": 0, "replies_count": 0, "retweets_count": 0, "hashtags": []}
{"id": 1218683746930581510, "date": "2020-01-18", "time": "18:57:01", "tweet": "@thirdrowtesla @elonmusk @karpathy The exact same thing happened to me about thirty years ago! I was terrified!", "likes_count": 0, "replies_count": 0, "retweets_count": 0, "hashtags": []}
{"id": 1218683744011333632, "date": "2020-01-18", "time": "18:57:01", "tweet": "@Revolvolutionry @EmericanJohnson @elonmusk SPACE CAPITALISM IS THE BEST DAMN THING IN THE ENTIRE GALAXY", "likes_count": 0, "replies_count": 0, "retweets_count": 0, "hashtags": []}
{"id": 1218683689728708608, "date": "2020-01-18", "time": "18:56:48", "tweet": "@JackBauer321 @j_stroik @ThemeTeamWP @imispgh @BrandonLive @Bfklin @solarb10 @telanon @JosephKellyCSC @italianmaster @gwestr @AlexRoy144 @KO_Sulli @dennyc444 @yang_yi_cn @Waymo @elonmusk @Tesla @NHTSA @NTSB @autopilot The car is good (the X, that's it, I don't like the S nor the 3), but it's an expensive car so... I doubt just the car alone will make Tesla to own entire market (granted I doubt there's anything that would lead to this outcome)", "likes_count": 0, "replies_count": 1, "retweets_count": 0, "hashtags": []}
