{"id": 1322689808578195458, "date": "2020-10-31", "time": "19:59:59", "tweet": "@tobyliiiiiiiiii @karpathy @elonmusk @kimbal @mayemusk @Tesla Oh no doubt Toby!", "likes_count": 1, "replies_count": 0, "retweets_count": 0, "hashtags": []}
{"id": 1322689757151940610, "date": "2020-10-31", "time": "19:59:47", "tweet": "@rulosk_el Pídele a Elon Musk que te explique que son esas luces.", "likes_count": 3, "replies_count": 0, "retweets_count": 0, "hashtags": []}
{"id": 1322689742815768581, "date": "2020-10-31", "time": "19:59:43", "tweet": "Elon Musk lanza su servicio de internet satelital y advierten sobre los problemas que podría generar ¦ #SOLUFLEX  https://t.co/2zELiJd01U", "likes_count": 0, "replies_count": 0, "retweets_count": 0, "hashtags": ["soluflex"]}
{"id": 1322689738093068291, "date": "2020-10-31", "time": "19:59:42", "tweet": "@mjsam93 @PPathole @elonmusk @auchenberg In totalitarian countries the main obstacle wrt #Starlink will be whether possession of the hardware will be legal. Further, if not legal then payment for the service (by a clandestine user) will be challenging - apart from being dangerous.", "likes_count": 2, "replies_count": 0, "retweets_count": 0, "hashtags": ["starlink"]}
{"id": 1322689735572262913, "date": "2020-10-31", "time": "19:59:42", "tweet": "@vincent13031925 @elonmusk when in eu looks fcking fire", "likes_count": 0, "replies_count": 0, "retweets_count": 0, "hashtags": []}
{"id": 1322689710972571648, "date": "2020-10-31", "time": "19:59:36", "tweet": "@teslasanon @karpathy @elonmusk @kimbal @mayemusk @Tesla Thank you!", "likes_count": 1, "replies_count": 0, "retweets_count": 0, "hashtags": []}
{"id": 1322689702919622656, "date": "2020-10-31", "time": "19:59:34", "tweet": "@hatake_valen Leí por ahí que eran los elon musk", "likes_count": 0, "replies_count": 0, "retweets_count": 0, "hashtags": []}
{"id": 1322689681796919297, "date": "2020-10-31", "time": "19:59:29", "tweet": "@mojosusan @karpathy @elonmusk @kimbal @mayemusk @Tesla Thanks 🙏 Susan 🐱", "likes_count": 2, "replies_count": 0, "retweets_count": 0, "hashtags": []}
{"id": 1322689644664770562, "date": "2020-10-31", "time": "19:59:20", "tweet": "@elonmusk @RGVaerialphotos Furnace ducting?", "likes_count": 0, "replies_count": 0, "retweets_count": 0, "hashtags": []}
{"id": 1322689635391328256, "date": "2020-10-31", "time": "19:59:18", "tweet": "@teslanalyst @elonmusk @NASASpaceflight @Erdayastronaut So basically failure ending in Big Bang?", "likes_count": 0, "replies_count": 0, "retweets_count": 0, "hashtags": []}
{"id": 1322689613408821248, "date": "2020-10-31", "time": "19:59:12", "tweet": "@JPUConn @chaserobertsonn @elonmusk Yeah, I expect it to be massively improved in the FSD beta.", "likes_count": 2, "replies_count": 0, "retweets_count": 0, "hashtags": []}
{"id": 1322689603636264960, "date": "2020-10-31", "time": "19:59:10", "tweet": "@Tesla if you can offer me more than 13K for my BMW I’ll make the switch for a Model 3! @elonmusk @Tesla", "likes_count": 0, "replies_count": 0, "retweets_count": 0, "hashtags": []}
{"id": 1322689581762793472, "date": "2020-10-31", "time": "19:59:05", "tweet": "@elonmusk Ordered my first Tesla Model 3! Saw the refreshed design and couldn’t resist!", "likes_count": 0, "replies_count": 0, "retweets_count": 0, "hashtags": []}
{"id": 1322689581683154944, "date": "2020-10-31", "time": "19:59:05", "tweet": "@elonmusk @RGVaerialphotos Musks", "likes_count": 0, "replies_count": 0, "retweets_count": 0, "hashtags": []}
{"id": 1322689579137306631, "date": "2020-10-31", "time": "19:59:04", "tweet": "@EstebanBianchi @elonmusk @SpaceX Fuck porque no leí esto antes.", "likes_count": 0, "replies_count": 0, "retweets_count": 0, "hashtags": []}
{"id": 1322689571386232832, "date": "2020-10-31", "time": "19:59:02", "tweet": "While most of series is on BritBox the satirical puppet TV show Spitting Image returned to mainstream ITV on Halloween with amusing jibes against Elon Musk, Jeff Bezos and Richard Branson and their space race competition.  Donald Trump and Boris Johnson were main targets however.", "likes_count": 0, "replies_count": 0, "retweets_count": 0, "hashtags": []}
{"id": 1322689557658169344, "date": "2020-10-31", "time": "19:58:59", "tweet": "Stop the launch of TurkSat5A @SpaceX. Turkey is creating a mess in Europe and is perpetrating second Armenian Genocide in Artsakh. If this launches, you’ll be supporting terrorism. Is that what you want your brand aligned with? @Elonmusk #SanctionTurkey #PeaceForArmenians", "likes_count": 1, "replies_count": 0, "retweets_count": 0, "hashtags": ["sanctionturkey", "peaceforarmenians"]}
{"id": 1322689555586150400, "date": "2020-10-31", "time": "19:58:59", "tweet": "@elonmusk Why did you choose the name Tesla for your vehicle?", "likes_count": 0, "replies_count": 0, "retweets_count": 0, "hashtags": []}
{"id": 1322689531854921734, "date": "2020-10-31", "time": "19:58:53", "tweet": "Mi hermano me llamó para decir que salga afuera y vea el cielo, pensé que nos estaban invadiendo y que ya valimos vrga pero eran los satélites de elon musk xddd", "likes_count": 3, "replies_count": 0, "retweets_count": 0, "hashtags": []}
{"id": 1322689522359017473, "date": "2020-10-31", "time": "19:58:51", "tweet": "@SuperPichon_ Son los satélites de Elon Musk pasan todas las noches", "likes_count": 2, "replies_count": 0, "retweets_count": 0, "hashtags": []}
{"id": 1322689516549951490, "date": "2020-10-31", "time": "19:58:49", "tweet": "@TeslaOwnersUK @elonmusk I like driving. What’s a road trip without driving?", "likes_count": 0, "replies_count": 0, "retweets_count": 0, "hashtags": []}
{"id": 1322689485205811200, "date": "2020-10-31", "time": "19:58:42", "tweet": "Incredible. @elonmusk does it again.", "likes_count": 0, "replies_count": 0, "retweets_count": 0, "hashtags": []}
{"id": 1322689472631349249, "date": "2020-10-31", "time": "19:58:39", "tweet": ".@elonmusk @SpaceX @AirbusSpace The Turkish satellite launching is \"for military communications.\" Turkey will use this for death and destruction, for continued violence on Armenia and Artsakh. Stop the launch. #SanctionTurkey #PeaceForArmenians", "likes_count": 3, "replies_count": 0, "retweets_count": 0, "hashtags": ["sanctionturkey", "peaceforarmenians"]}
{"id": 1322689461302497282, "date": "2020-10-31", "time": "19:58:36", "tweet": "@Austen I looked at building a telecom because market so large. Some American privilege: I tried hard to participate in and invest in @SpaceXStarlink wealth creation, but they don’t hire non-US citizens (because risk of spies). @ElonMusk I think your hiring pipeline artificially limited.", "likes_count": 0, "replies_count": 0, "retweets_count": 0, "hashtags": []}
{"id": 1322689445007687681, "date": "2020-10-31", "time": "19:58:32", "tweet": "@maurusaurus ¡Los satélites de Elon Musk!", "likes_count": 5, "replies_count": 0, "retweets_count": 0, "hashtags": []}
{"id": 1322689444181258240, "date": "2020-10-31", "time": "19:58:32", "tweet": "@austinbarnard45 @elonmusk Ohhh, that’s good", "likes_count": 0, "replies_count": 0, "retweets_count": 0, "hashtags": []}
{"id": 1322689442382028808, "date": "2020-10-31", "time": "19:58:32", "tweet": "@elonmusk I am the owner of Tesla Y but really disappointed with your Tesla team in Dedham Massachusetts!!! Ask for the details and then you will find how they are ruining Tesla name", "likes_count": 0, "replies_count": 1, "retweets_count": 0, "hashtags": []}
{"id": 1322689437696811008, "date": "2020-10-31", "time": "19:58:30", "tweet": "@elonmusk we need electric planes for GA training, 2h endurance is enough for training", "likes_count": 0, "replies_count": 0, "retweets_count": 0, "hashtags": []}
{"id": 1322689414049501187, "date": "2020-10-31", "time": "19:58:25", "tweet": "@AngryAlberdi Mi nombre es Musk... Elon Musk. 😎  https://t.co/JrwrayK4BG", "likes_count": 6, "replies_count": 0, "retweets_count": 1, "hashtags": []}
{"id": 1322689410446598144, "date": "2020-10-31", "time": "19:58:24", "tweet": "@maurusaurus Si viste algo así , son los satélites de elon musk  https://t.co/jdksAxOJIS", "likes_count": 5, "replies_count": 0, "retweets_count": 1, "hashtags": []}
{"id": 1322689384957751297, "date": "2020-10-31", "time": "19:58:18", "tweet": "@AstroJordy @nickwhoward @elonmusk @SpaceX Very cool!", "likes_count": 2, "replies_count": 1, "retweets_count": 0, "hashtags": []}
{"id": 1322689353387331584, "date": "2020-10-31", "time": "19:58:10", "tweet": "@maurusaurus son los satélites de Elon Musk", "likes_count": 3, "replies_count": 0, "retweets_count": 0, "hashtags": []}
{"id": 1322689336924499970, "date": "2020-10-31", "time": "19:58:06", "tweet": "In Just 3 Words, Elon Musk Explained How You Can Become Expert at Anything (Even Rocket Science) SpaceX is now flying American astronauts to space. Here's how it all started. BY MINDA ZETLIN, CO-AUTHOR, THE GEEK GAP@MINDAZETLIN  https://t.co/B2Seja0Vva", "likes_count": 0, "replies_count": 0, "retweets_count": 0, "hashtags": []}
{"id": 1322689333556584448, "date": "2020-10-31", "time": "19:58:06", "tweet": "@rianschmits @njroode @elonmusk So where is the Trump tower planned?", "likes_count": 2, "replies_count": 2, "retweets_count": 0, "hashtags": []}
{"id": 1322689309590343681, "date": "2020-10-31", "time": "19:58:00", "tweet": "@elonmusk @RGVaerialphotos Source and light", "likes_count": 0, "replies_count": 0, "retweets_count": 0, "hashtags": []}
{"id": 1322689290133000193, "date": "2020-10-31", "time": "19:57:55", "tweet": "@elonmusk @RGVaerialphotos Is there something you can't invent??", "likes_count": 0, "replies_count": 0, "retweets_count": 0, "hashtags": []}
{"id": 1322689280293113856, "date": "2020-10-31", "time": "19:57:53", "tweet": "Ok. era un tren de satélites espaciales del enfermito de elon Musk.", "likes_count": 3, "replies_count": 0, "retweets_count": 0, "hashtags": []}
{"id": 1322689277105475584, "date": "2020-10-31", "time": "19:57:52", "tweet": "@SuperPichon_ Los satélites starlink de Elon Musk!", "likes_count": 2, "replies_count": 0, "retweets_count": 0, "hashtags": []}
{"id": 1322689257597788160, "date": "2020-10-31", "time": "19:57:48", "tweet": "@MHennenlotter @maurusaurus Son los starlink de Elon Musk... los astrónomos están a las puteadas porque dicen que arruinan el cielo !", "likes_count": 5, "replies_count": 0, "retweets_count": 0, "hashtags": []}
{"id": 1322689239922991104, "date": "2020-10-31", "time": "19:57:43", "tweet": "Any Tesla prizes for best pumpkin Elon?  @elonmusk #Tesla  https://t.co/bDooDIRULf", "likes_count": 0, "replies_count": 0, "retweets_count": 0, "hashtags": ["tesla"]}
