{"id": 1312542950627389444, "date": "2020-10-03", "time": "19:59:59", "tweet": "@elonmusk @lexfridman They will be fine because the Trumps have great healthcare, unless most Americans.", "likes_count": 0, "replies_count": 0, "retweets_count": 0, "hashtags": []}
{"id": 1312542914992459777, "date": "2020-10-03", "time": "19:59:51", "tweet": "@DarbyMcDevitt Its clearly Elon musk", "likes_count": 1, "replies_count": 0, "retweets_count": 0, "hashtags": []}
{"id": 1312542897300885504, "date": "2020-10-03", "time": "19:59:47", "tweet": "If Elon Musk get COVID.. it’s because he’s trying to move to Mars already", "likes_count": 0, "replies_count": 0, "retweets_count": 1, "hashtags": []}
{"id": 1312542855831982080, "date": "2020-10-03", "time": "19:59:37", "tweet": "Do you know the song “it wasn’t me” by Shaggy. That song almost didn’t make it to the album and the record label hated it.   A great song obviously, but they were oblivious to it.   Elon Musk was not expected by his classmates at Pretoria Boys High to be a billionaire. Oblivion.", "likes_count": 11, "replies_count": 1, "retweets_count": 1, "hashtags": []}
{"id": 1312542812722798593, "date": "2020-10-03", "time": "19:59:27", "tweet": "@MONAKatOILS @BrandonStraka @TheSun @LLinWood The guy who lost the defamation case against Elon Musk and settled the Sandmann defamation case for a nuisance fee? Yeah, get him", "likes_count": 0, "replies_count": 0, "retweets_count": 0, "hashtags": []}
{"id": 1312542785996808194, "date": "2020-10-03", "time": "19:59:20", "tweet": "@Danorlandop @davidjlac @PPathole @elonmusk @Tesla Siempre les he dicho que tesla debe ser el Ferrari de los eléctricos más no el Ford de los eléctricos; esto da soporte a mi argumento", "likes_count": 0, "replies_count": 0, "retweets_count": 0, "hashtags": []}
{"id": 1312542761078280193, "date": "2020-10-03", "time": "19:59:14", "tweet": "Mars is there waiting to be reached.🚀 #Mars #Mars2020 #Cosmos #ElonMusk #SpaceX #nyctophile  @elonmusk  https://t.co/wBQDHxm7IP", "likes_count": 0, "replies_count": 0, "retweets_count": 0, "hashtags": ["mars", "mars2020", "cosmos", "elonmusk", "spacex", "nyctophile"]}
{"id": 1312542712231583744, "date": "2020-10-03", "time": "19:59:03", "tweet": "@elonmusk     best song to do work to.   ever.   always have this playing.   https://t.co/lFyT7ImMH0", "likes_count": 0, "replies_count": 0, "retweets_count": 0, "hashtags": []}
{"id": 1312542707815010310, "date": "2020-10-03", "time": "19:59:02", "tweet": "@elonmusk  I'm so excited for you", "likes_count": 0, "replies_count": 0, "retweets_count": 0, "hashtags": []}
{"id": 1312542698528813056, "date": "2020-10-03", "time": "19:58:59", "tweet": "After two President Trump Improving, Elon Musk says he will visit SpaceX launch sites in Florida #fakeheadlinebot #learntocode #makeatwitterbot #javascript", "likes_count": 0, "replies_count": 0, "retweets_count": 3, "hashtags": ["fakeheadlinebot", "learntocode", "makeatwitterbot", "javascript"]}
{"id": 1312542694024118273, "date": "2020-10-03", "time": "19:58:58", "tweet": "Hell yeah!  Normally, I'd tell Californians to yeet on back to the shit hole they voted for.   But @MsBlaireWhite (and @elonmusk) are always welcome!", "likes_count": 0, "replies_count": 0, "retweets_count": 0, "hashtags": []}
{"id": 1312542681642524677, "date": "2020-10-03", "time": "19:58:55", "tweet": "@elonmusk @lexfridman I give about as many F@@@‘s for the POTUS, as he’d give for me and my family. We the people don’t get the same treatment... no private rooms, no experimental treatments. They send us home, and say “come back when you need a respirator.”", "likes_count": 2, "replies_count": 1, "retweets_count": 0, "hashtags": []}
{"id": 1312542564046733312, "date": "2020-10-03", "time": "19:58:27", "tweet": "@elonmusk @PPathole @SpaceX hi @elonmusk i don't know if you like europeans, belgium, but for a few months i have been writing to you hoping to get some help so i can help a disabled woman who has lost a girl and a little boy and for a project to help the elderly in Belgium, can you support me ? thank you.", "likes_count": 0, "replies_count": 0, "retweets_count": 0, "hashtags": []}
{"id": 1312542547193995264, "date": "2020-10-03", "time": "19:58:23", "tweet": "@technology Yes.  He's stupid!  We need more stupids like @elonmusk.", "likes_count": 0, "replies_count": 0, "retweets_count": 0, "hashtags": []}
{"id": 1312542535806402562, "date": "2020-10-03", "time": "19:58:21", "tweet": "@Noah_WebbCAN @elonmusk @karpathy One year ago, I was driving back and forth nearly 500 miles each way. Sometimes in my Tesla and sometimes in a small ICE. The pure mental tiredness was so evident when driving the ICE compared to my Tesla with AP.", "likes_count": 0, "replies_count": 1, "retweets_count": 0, "hashtags": []}
{"id": 1312542489341947904, "date": "2020-10-03", "time": "19:58:09", "tweet": "@ajtourville @elonmusk By the time my dad or neighbor is into it, the stock has had a mad run. I use to tell my neighbor who for years hated on $tsla that “the stock will be shit till you yourself want a Tesla”.  Last week he was asking me if FSD was worth adding and how much the price changes 😂", "likes_count": 7, "replies_count": 1, "retweets_count": 0, "hashtags": []}
{"id": 1312542455863087105, "date": "2020-10-03", "time": "19:58:01", "tweet": "@elonmusk @teslaownersSV @SpaceX hi @elonmusk i don't know if you like europeans, belgium, but for a few months i have been writing to you hoping to get some help so i can help a disabled woman who has lost a girl and a little boy and for a project to help the elderly in Belgium, can you support me ? thank you.", "likes_count": 0, "replies_count": 0, "retweets_count": 1, "hashtags": []}
{"id": 1312542416382111744, "date": "2020-10-03", "time": "19:57:52", "tweet": "There is a very good chance #CyberTruck will come with all powered doors IMHO for FSD purposes &amp; total software control of car entry. Just like #ModelX  @WholeMarsBlog @28delayslater @elonmusk @woodhaus2", "likes_count": 0, "replies_count": 0, "retweets_count": 0, "hashtags": ["cybertruck", "modelx"]}
{"id": 1312542329115377664, "date": "2020-10-03", "time": "19:57:31", "tweet": "@AdamHoov @elonmusk @karpathy 😱😱 Something specific or just a random pillow?  Send a link if it’s something specific.", "likes_count": 0, "replies_count": 0, "retweets_count": 0, "hashtags": []}
{"id": 1312542284110598145, "date": "2020-10-03", "time": "19:57:21", "tweet": "@anthonytweeets @liv_cowherd @kendraaaleighh This man is as innovative as they come. He’s the next elon musk or steve jobs guaranteed.", "likes_count": 4, "replies_count": 0, "retweets_count": 0, "hashtags": []}
{"id": 1312542275088510976, "date": "2020-10-03", "time": "19:57:18", "tweet": "@kylecoolky @WholeMarsBlog @elonmusk Oh this is free? Cool, didn't know, thanks.", "likes_count": 0, "replies_count": 0, "retweets_count": 0, "hashtags": []}
{"id": 1312542273557667841, "date": "2020-10-03", "time": "19:57:18", "tweet": "@Rachael_Joy @elonmusk I don’t know why, I just vibrate higher when Elon is in town. It’s like he radiates positive energy for 1000 miles in every direction and the closer you are to the center the bigger the blast.", "likes_count": 2, "replies_count": 1, "retweets_count": 0, "hashtags": []}
{"id": 1312542110164217857, "date": "2020-10-03", "time": "19:56:39", "tweet": "@irish_titans @elonmusk thoughts?  😂", "likes_count": 0, "replies_count": 0, "retweets_count": 0, "hashtags": []}
{"id": 1312542083039875076, "date": "2020-10-03", "time": "19:56:33", "tweet": "@elonmusk   technocracy.    dead on arrival.    engineerocracy    born.", "likes_count": 0, "replies_count": 0, "retweets_count": 0, "hashtags": []}
{"id": 1312541931440934912, "date": "2020-10-03", "time": "19:55:56", "tweet": "@ByeonChansoo @elonmusk \"usually . . . \" lol  https://t.co/YttEbQKz0z", "likes_count": 0, "replies_count": 0, "retweets_count": 0, "hashtags": []}
{"id": 1312541845876957184, "date": "2020-10-03", "time": "19:55:36", "tweet": "@elonmusk RCB's death bowling  ! 😂", "likes_count": 1, "replies_count": 0, "retweets_count": 0, "hashtags": []}
{"id": 1312541773823119360, "date": "2020-10-03", "time": "19:55:19", "tweet": "@elonmusk I wish tesla will add the new technology in their vehicles. ( add radar system in our vehicles to detect the cops, medical/ Emergency vehicles.) since there are are already different Radar systems in the market . But would love to have this feature to our Tesla.", "likes_count": 0, "replies_count": 0, "retweets_count": 0, "hashtags": []}
{"id": 1312541728797331456, "date": "2020-10-03", "time": "19:55:08", "tweet": "👍 on @YouTube: \"what do you risk? you're not gonna starve...\" | Elon Musk | short motivation stuff #1  https://t.co/bh3nzgfRQ8", "likes_count": 0, "replies_count": 0, "retweets_count": 0, "hashtags": []}
{"id": 1312541655384289281, "date": "2020-10-03", "time": "19:54:51", "tweet": "@ezleija @Paul83Bottomley @Frequen15309040 @Xeoz_ @Mr_Jones_1972 @Tassdar3 @durelle78 @Glad2bAtheist @Leon1194114789 @jaredvc @WeenieLinguini @elonmusk That is a completely different discussion. We are talking about science here. You reject it because of poor interpretation of scripture. If you want to talk to them about sin and salvation, great, go for it, but that's not what this discussion is.", "likes_count": 1, "replies_count": 1, "retweets_count": 0, "hashtags": []}
{"id": 1312541532222885888, "date": "2020-10-03", "time": "19:54:21", "tweet": "@elonmusk @SpaceX This is a bog move.", "likes_count": 0, "replies_count": 0, "retweets_count": 0, "hashtags": []}
{"id": 1312541481933189125, "date": "2020-10-03", "time": "19:54:09", "tweet": "Driving becomes a joy from a chore  How can you beat this? Buy a #Tesla seriously @elonmusk", "likes_count": 2, "replies_count": 1, "retweets_count": 1, "hashtags": ["tesla"]}
{"id": 1312541479114604544, "date": "2020-10-03", "time": "19:54:09", "tweet": "☀️ “Cuando algo es lo suficientemente importante, lo haces incluso cuando las posibilidades no están en tu favor.” – Elon Musk (1971-actualidad)", "likes_count": 0, "replies_count": 0, "retweets_count": 0, "hashtags": []}
{"id": 1312541445866184704, "date": "2020-10-03", "time": "19:54:01", "tweet": "After two scrubs, Elon Musk says he will visit SpaceX launch sites in Florida  https://t.co/l1EPs3zVRp", "likes_count": 0, "replies_count": 0, "retweets_count": 0, "hashtags": []}
{"id": 1312541395442372608, "date": "2020-10-03", "time": "19:53:49", "tweet": "@elonmusk @teslaownersSV @SpaceX Autopilot will soon be more valuable than current price. Is reasonable to assume that more enhancement will be coming to the FSD platform. I see average value and price of Tesla vehicles going up over time.", "likes_count": 1, "replies_count": 0, "retweets_count": 0, "hashtags": []}
{"id": 1312541262973722624, "date": "2020-10-03", "time": "19:53:17", "tweet": "@El_Dreamer8 @tobyliiiiiiiiii @elonmusk @RationalEtienne @PPathole @thesheetztweetz @waEMD @SpaceX @SpaceXStarlink @WANationalGuard How about upstate new york? Latitude 41°. Help me out here please.", "likes_count": 0, "replies_count": 0, "retweets_count": 0, "hashtags": []}
{"id": 1312541213371834368, "date": "2020-10-03", "time": "19:53:05", "tweet": "@mattithyahu @Paul83Bottomley @Frequen15309040 @Xeoz_ @Mr_Jones_1972 @Tassdar3 @durelle78 @Glad2bAtheist @Leon1194114789 @jaredvc @WeenieLinguini @elonmusk Yes for us but the universe doesn’t take away sins Matty. And none of these guys have a second thought of their sins. They reject a Creator. Tell them their life is endanger of fallen away from God forever. Not to live in his light will be awful.", "likes_count": 0, "replies_count": 1, "retweets_count": 0, "hashtags": []}
{"id": 1312541205713031168, "date": "2020-10-03", "time": "19:53:03", "tweet": "Bu arada elon musk şişirilmiş bi balondur", "likes_count": 0, "replies_count": 0, "retweets_count": 0, "hashtags": []}
{"id": 1312541194975617025, "date": "2020-10-03", "time": "19:53:01", "tweet": "@TeslaOwnersEBay @elonmusk @AustinTeslaClub All I can say is....That is alot of belt buckle!!!! #hornsup", "likes_count": 0, "replies_count": 1, "retweets_count": 0, "hashtags": ["hornsup"]}
{"id": 1312540995972546560, "date": "2020-10-03", "time": "19:52:13", "tweet": "@ajtourville @elonmusk  https://t.co/BFSWWZX9dD", "likes_count": 2, "replies_count": 0, "retweets_count": 0, "hashtags": []}
{"id": 1312540972388159489, "date": "2020-10-03", "time": "19:52:08", "tweet": "@PPathole @elonmusk @lexfridman Gaslighting", "likes_count": 0, "replies_count": 0, "retweets_count": 0, "hashtags": []}
