{"id": 1294785923138363393, "date": "2020-08-15", "time": "19:59:54", "tweet": "@kmd20ts @Biggie_Calls @GerberKawasaki @elonmusk Atmospheric river in the winter.", "likes_count": 2, "replies_count": 0, "retweets_count": 0, "hashtags": []}
{"id": 1294785885863477249, "date": "2020-08-15", "time": "19:59:45", "tweet": "@elonmusk @KenKirtland17 @torybruno @ulalaunch @SpaceX @blueorigin @Erdayastronaut @DJSnM @ThePrimalDino _                             Energy                          @        |    Levels                               Exchange                                      |  https://t.co/Kpinm0fW0V", "likes_count": 0, "replies_count": 1, "retweets_count": 0, "hashtags": []}
{"id": 1294785883187474439, "date": "2020-08-15", "time": "19:59:45", "tweet": "@RenataKonkoly @elonmusk @SpaceX @AstroBehnken @Astro_Doug This is really cool, Renata! 😍", "likes_count": 1, "replies_count": 1, "retweets_count": 0, "hashtags": []}
{"id": 1294785823179706368, "date": "2020-08-15", "time": "19:59:30", "tweet": "@RenataKonkoly @FradetRon @SpaceX @elonmusk sry paywall.", "likes_count": 0, "replies_count": 1, "retweets_count": 0, "hashtags": []}
{"id": 1294785791877578752, "date": "2020-08-15", "time": "19:59:23", "tweet": "@WR4NYGov @dburkland @GerberKawasaki @elonmusk I’m not sure how you could disrespect the IL like that", "likes_count": 1, "replies_count": 0, "retweets_count": 0, "hashtags": []}
{"id": 1294785772659396610, "date": "2020-08-15", "time": "19:59:18", "tweet": "@RGVaerialphotos @elonmusk I need to talk to you I can make your Ship weightless and the Crew inside will feel no inertia call me ...", "likes_count": 0, "replies_count": 0, "retweets_count": 0, "hashtags": []}
{"id": 1294785767013789696, "date": "2020-08-15", "time": "19:59:17", "tweet": "@vincent13031925 @elonmusk @flcnhvy @ICannot_Enough @Tesla Nevada 🤔", "likes_count": 0, "replies_count": 0, "retweets_count": 0, "hashtags": []}
{"id": 1294785763553542147, "date": "2020-08-15", "time": "19:59:16", "tweet": "@vincent13031925 @WholeMarsBlog @elonmusk Holla!! 👊👊", "likes_count": 3, "replies_count": 0, "retweets_count": 0, "hashtags": []}
{"id": 1294785763360505857, "date": "2020-08-15", "time": "19:59:16", "tweet": "@WholeMarsBlog @elonmusk Silver. Go big or go home. 😁", "likes_count": 4, "replies_count": 0, "retweets_count": 0, "hashtags": []}
{"id": 1294785702564110336, "date": "2020-08-15", "time": "19:59:02", "tweet": "@TheHaunting237 @elonmusk Do you listen avanged sevenfold ?", "likes_count": 0, "replies_count": 2, "retweets_count": 0, "hashtags": []}
{"id": 1294785658863718401, "date": "2020-08-15", "time": "19:58:51", "tweet": "@elonmusk Would love to do it as a home owner but the upfront cost is just too expensive.", "likes_count": 0, "replies_count": 0, "retweets_count": 0, "hashtags": []}
{"id": 1294785653163454464, "date": "2020-08-15", "time": "19:58:50", "tweet": "@lawrencehwhite1 @FluffCrypto @21x106 @pierre_rochard @PeterSchiff @Crypto_Digital @tylerwinklevoss @elonmusk @GOLD @Bitcoin Why is it that kids can figure out that scarcity and auditing is important (rare comics and hockey cards etc) but not grown men goldbugs and “crypto” people.  If you don’t get bitcoin, I don’t have time to explain it to you", "likes_count": 7, "replies_count": 1, "retweets_count": 0, "hashtags": []}
{"id": 1294785625845977088, "date": "2020-08-15", "time": "19:58:43", "tweet": "@CorpGo @Doggie_wumpus @BrockTheFree @democracyworx @GerberKawasaki @elonmusk Funny you asked.  @Tesla has a battery day coming up on 9/22.", "likes_count": 2, "replies_count": 1, "retweets_count": 0, "hashtags": []}
{"id": 1294785621525803009, "date": "2020-08-15", "time": "19:58:42", "tweet": "@EvaFoxU @elonmusk I dream of the day when Tesla's Solar and Energy products will become available all over the world!", "likes_count": 1, "replies_count": 0, "retweets_count": 0, "hashtags": []}
{"id": 1294785618547847168, "date": "2020-08-15", "time": "19:58:42", "tweet": "I hate rich people. Always bitching about richer people. At least Elon Musk is using his wealth to produce useful things while your family goes on vacation 3x a year and does nothing for the poor. But hey, you built shitty homes in a third world country that'll collapse in a year", "likes_count": 2, "replies_count": 0, "retweets_count": 0, "hashtags": []}
{"id": 1294785568421732353, "date": "2020-08-15", "time": "19:58:30", "tweet": "@WholeMarsBlog @elonmusk The question is who wouldn't prefer matte black??", "likes_count": 0, "replies_count": 0, "retweets_count": 0, "hashtags": []}
{"id": 1294785527766368256, "date": "2020-08-15", "time": "19:58:20", "tweet": "@TheRealInsano @tonydr0 @Randy070707 @NachosBracko @GerberKawasaki @elonmusk Not at all. Just angry at people that simplify the matter and don’t understand the complex nature of utilities and electricity generation and demand", "likes_count": 0, "replies_count": 2, "retweets_count": 0, "hashtags": []}
{"id": 1294785483751354369, "date": "2020-08-15", "time": "19:58:09", "tweet": "@elonmusk If they weren't more expensive than gold I would consider.", "likes_count": 0, "replies_count": 0, "retweets_count": 0, "hashtags": []}
{"id": 1294785475287199744, "date": "2020-08-15", "time": "19:58:07", "tweet": "@LookIsNotMyName @venus47203379 @elonmusk @Erdayastronaut Not at all friend, I'm just glad to clear things up, I hate being a jerk, it'll bother me for a long time. You have a nice one as well.", "likes_count": 1, "replies_count": 0, "retweets_count": 0, "hashtags": []}
{"id": 1294785446434623490, "date": "2020-08-15", "time": "19:58:01", "tweet": "@TradingThomas3 Elon Musk has pledged 54% of his Tesla shares as collateral for bank credit. Bank thinks: I’ll just sell on the way down to cover my loan to Elon. Ok. What if on the way down means within a few microseconds, and then it’s too late to cover?", "likes_count": 1, "replies_count": 0, "retweets_count": 0, "hashtags": []}
