{"id": 1335373351494295559, "date": "2020-12-05", "time": "18:59:51", "tweet": "@Greyecraft @ElonsWorld @elonmusk @Tesla @SpaceX Tu es en commun ajouter Facebook dès maintenant pour bénéficier des outils de communication et de la semaine prochaine pour un poste de responsable de la semaine prochaine pour un poste de responsable de la semaine prochaine tu as des questions n'hésitez pas à me contacter pour", "likes_count": 0, "replies_count": 0, "retweets_count": 0, "hashtags": []}
{"id": 1335373288655110146, "date": "2020-12-05", "time": "18:59:36", "tweet": "@elonmusk Just spreading the word, Westwater Resources is going to erupt on Monday!! BUY AS MANY SHARES OF WWR AS YOU CAN!!!", "likes_count": 0, "replies_count": 0, "retweets_count": 0, "hashtags": []}
{"id": 1335373255826354177, "date": "2020-12-05", "time": "18:59:28", "tweet": "@Raptor22d @ErcXspace @elonmusk @Erdayastronaut @smvllstvrs @austinbarnard45 @C_Bass3d @Neopork85 @JixuanSebastian @FelixSchlang @DJSnM Yup, i think launching a station like this will actually safe money over one with smaller(comparatively) modules fitting in Starship cargo bay.", "likes_count": 1, "replies_count": 1, "retweets_count": 0, "hashtags": []}
{"id": 1335373219449237504, "date": "2020-12-05", "time": "18:59:20", "tweet": "@elonmusk You’re not inventing something made of shells are you?", "likes_count": 0, "replies_count": 0, "retweets_count": 0, "hashtags": []}
{"id": 1335373216450109443, "date": "2020-12-05", "time": "18:59:19", "tweet": "@elonmusk thank you for being you!", "likes_count": 0, "replies_count": 0, "retweets_count": 0, "hashtags": []}
{"id": 1335373189208297478, "date": "2020-12-05", "time": "18:59:12", "tweet": "@elonmusk hey I know it seems stupid but stratik on would be good on starships hull unit", "likes_count": 0, "replies_count": 0, "retweets_count": 0, "hashtags": []}
{"id": 1335373155183910912, "date": "2020-12-05", "time": "18:59:04", "tweet": "The next trash problem is in low-earth orbit  https://t.co/leBG3DjVBs   ryan stone says she's ready to go there again  https://t.co/rzzSnpwyDS  what a camper  i THINK elon musk's interested in the space tourism biz", "likes_count": 0, "replies_count": 0, "retweets_count": 0, "hashtags": []}
{"id": 1335373079644672001, "date": "2020-12-05", "time": "18:58:46", "tweet": "@AustinTeslaClub @peterdog15 @elonmusk @gailalfa1 Great photos!", "likes_count": 0, "replies_count": 0, "retweets_count": 0, "hashtags": []}
{"id": 1335373028331491328, "date": "2020-12-05", "time": "18:58:34", "tweet": "@elonmusk can you make magnet straoin aka strapon?", "likes_count": 0, "replies_count": 0, "retweets_count": 0, "hashtags": []}
{"id": 1335372946177728514, "date": "2020-12-05", "time": "18:58:15", "tweet": "@DirtyTesla Pick me @elonmusk pick me!!!", "likes_count": 0, "replies_count": 0, "retweets_count": 0, "hashtags": []}
{"id": 1335372939177431042, "date": "2020-12-05", "time": "18:58:13", "tweet": "@PPathole @SpaceX @elonmusk  https://t.co/kNH1EqAgi1", "likes_count": 0, "replies_count": 0, "retweets_count": 0, "hashtags": []}
{"id": 1335372909901017089, "date": "2020-12-05", "time": "18:58:06", "tweet": "@Kristennetten @ajtourville @ZJasko @JoeBiden @realDonaldTrump @elonmusk @RationalEtienne @alex_avoigt @jpr007 @IntEngineering @engineers_feed @HogDexter @flcnhvy @ElonsWorld @simongerman600 @28delayslater @NuovaRealta Who he is was why I went down the rabbit hole. People don’t understand him and think he’s like all CEOs.  So far from the reality.", "likes_count": 5, "replies_count": 1, "retweets_count": 0, "hashtags": []}
{"id": 1335372901214728193, "date": "2020-12-05", "time": "18:58:04", "tweet": "@elonmusk Crazy we were just watching it in #Czech when Elon Musk posted it. Aye aye captajn  https://t.co/5BlmQz2zCo", "likes_count": 1, "replies_count": 0, "retweets_count": 0, "hashtags": ["czech"]}
{"id": 1335372876703264772, "date": "2020-12-05", "time": "18:57:58", "tweet": "@LCS_Big_Mike @FishFossils @ThePrimalDino @Ummmmwhatbro @XgoMonstrous @sixsilverstones @NASA_SLS @elonmusk Question for info purposes. If Saturn V was used to develop the ability to get to space and go to the moon. The shuttle for reusable and carry large objects. What is the SLS developing considering it's using already developed engines. And can't carry as much mass. Thanks", "likes_count": 0, "replies_count": 1, "retweets_count": 0, "hashtags": []}
{"id": 1335372856084090881, "date": "2020-12-05", "time": "18:57:53", "tweet": "@elonmusk @haya2e_jaxa More importantly. U jelly  https://t.co/A7K47joG8Q", "likes_count": 0, "replies_count": 0, "retweets_count": 0, "hashtags": []}
{"id": 1335372848018427910, "date": "2020-12-05", "time": "18:57:51", "tweet": "@Raptor22d @StarshipFairing @ErcXspace @elonmusk @Erdayastronaut @smvllstvrs @austinbarnard45 @C_Bass3d @Neopork85 @JixuanSebastian @FelixSchlang @DJSnM Yes it is massive but just imagine this factor scaled to a 20 meter diameter super super heavy booster or I should say a giga booster(hopefully named it first). you could have 30 meters diameter and like over 50 meters high.", "likes_count": 2, "replies_count": 1, "retweets_count": 0, "hashtags": []}
{"id": 1335372774177648644, "date": "2020-12-05", "time": "18:57:34", "tweet": "@elonmusk air turbine on electric car, any chance to instal couple of them, to produce electric power, and add more miles to fully charged batteries?", "likes_count": 0, "replies_count": 0, "retweets_count": 0, "hashtags": []}
{"id": 1335372763582898177, "date": "2020-12-05", "time": "18:57:31", "tweet": "@ChrisBloomstran @elonmusk If he needed cash, he could buy anything, with stock, that can be heavily borrowed against, or else just do a secondary.", "likes_count": 0, "replies_count": 1, "retweets_count": 0, "hashtags": []}
{"id": 1335372714517925890, "date": "2020-12-05", "time": "18:57:19", "tweet": "Very informative video on Elon Musk and superintelligence.  The world is changing faster than ever and artificial intelligence is making that happen.  https://t.co/Y2qKNNw6Fw  #AI #artificialintelligence #singularity #autonomous #robots #neuralink", "likes_count": 1, "replies_count": 0, "retweets_count": 2, "hashtags": ["ai", "artificialintelligence", "singularity", "autonomous", "robots", "neuralink"]}
{"id": 1335372689138192385, "date": "2020-12-05", "time": "18:57:13", "tweet": "@elonmusk FSD 50% off sale to round out 2020?!?! Please!", "likes_count": 0, "replies_count": 0, "retweets_count": 0, "hashtags": []}
{"id": 1335372676249112578, "date": "2020-12-05", "time": "18:57:10", "tweet": "Very informative video on Elon Musk and superintelligence.  The world is changing faster than ever and artificial intelligence is making that happen.  https://t.co/vwgv22rivj  #AI #artificialintelligence #singularity #autonomous #robots #neuralink", "likes_count": 4, "replies_count": 0, "retweets_count": 9, "hashtags": ["ai", "artificialintelligence", "singularity", "autonomous", "robots", "neuralink"]}
{"id": 1335372665436196864, "date": "2020-12-05", "time": "18:57:08", "tweet": "@elonmusk check out my massive internet speeds!  There's no way Starlink can beat these!   ...  please help and let me beta test it 😭😭😭  https://t.co/U9AZZrR0Wa", "likes_count": 0, "replies_count": 0, "retweets_count": 0, "hashtags": []}
{"id": 1335372643852300290, "date": "2020-12-05", "time": "18:57:02", "tweet": "Just saw one of those Sky Links. That was a helluva trip til I figured out that's what it must be. 😂 @elonmusk @SpaceX", "likes_count": 1, "replies_count": 1, "retweets_count": 0, "hashtags": []}
{"id": 1335372607319928840, "date": "2020-12-05", "time": "18:56:54", "tweet": "@elonmusk você é pleiadiano??? Você tá levando a evolução para a humanidade!!!", "likes_count": 0, "replies_count": 0, "retweets_count": 0, "hashtags": []}
{"id": 1335372512889225216, "date": "2020-12-05", "time": "18:56:31", "tweet": "@coskier61 @ajtourville @ZJasko @JoeBiden @realDonaldTrump @elonmusk @RationalEtienne @alex_avoigt @jpr007 @IntEngineering @engineers_feed @HogDexter @flcnhvy @ElonsWorld @simongerman600 @28delayslater @NuovaRealta Yeah he’s pretty amazing.  Politics is often full of people discrediting others.  He doesn’t play games like that, good guy. ♥️", "likes_count": 13, "replies_count": 9, "retweets_count": 0, "hashtags": []}
{"id": 1335372496091156481, "date": "2020-12-05", "time": "18:56:27", "tweet": "@lvladimirovBG @elonmusk There would definitely have to be a contract to protect the SpaceX brand and the Elon Musk brand.", "likes_count": 0, "replies_count": 0, "retweets_count": 0, "hashtags": []}
{"id": 1335372456371113984, "date": "2020-12-05", "time": "18:56:18", "tweet": "@ChrisBloomstran @elonmusk I heard the interview. It’s possible he tries to do a deal, but should be at least equally skeptical. Buying a car company is a political mess and will get him mired in legacy operations BS which will slow him down.", "likes_count": 2, "replies_count": 1, "retweets_count": 0, "hashtags": []}
{"id": 1335372407654191105, "date": "2020-12-05", "time": "18:56:06", "tweet": "@JacobAllan7 @ElonsWorld @elonmusk @Tesla @SpaceX Byron je vous remercie", "likes_count": 0, "replies_count": 0, "retweets_count": 0, "hashtags": []}
{"id": 1335372323214397440, "date": "2020-12-05", "time": "18:55:46", "tweet": "@Jim_Jordan That's why @sfchronicle @newyorktimes #ObituaryOfTheDay doesn't show any sign of #coviddeaths all links on my account. Each individual is elderly and not one made me think 🤔 covid. Plandemic isn't working very well. We need to figure out how to stop it. @elonmusk you could help!", "likes_count": 0, "replies_count": 0, "retweets_count": 0, "hashtags": ["obituaryoftheday", "coviddeaths"]}
{"id": 1335372317753532416, "date": "2020-12-05", "time": "18:55:45", "tweet": "@elizableu @newstylebarbers @elonmusk 👀 kool haircut style 💇‍♀️ do it bro 😎 or a tattoo why not 🦾✍🏻  https://t.co/SOrAD69dxi", "likes_count": 1, "replies_count": 1, "retweets_count": 0, "hashtags": []}
{"id": 1335372266733899777, "date": "2020-12-05", "time": "18:55:33", "tweet": "So just test drive my first @Tesla model Y, what a beautiful drive and a wonderful experience that was, letting the autopilot drive was an INCREDIBLE experience! That’s going to be my next vehicle when I can afford it! Thank you @elonmusk for making such an amazing vehicle!", "likes_count": 0, "replies_count": 1, "retweets_count": 0, "hashtags": []}
{"id": 1335372256806113282, "date": "2020-12-05", "time": "18:55:30", "tweet": "SpaceX CEO Elon Musk sees 70% chance he'll go to Mars  https://t.co/TytvWhAHRa via @YouTube", "likes_count": 0, "replies_count": 0, "retweets_count": 0, "hashtags": []}
{"id": 1335372247654133760, "date": "2020-12-05", "time": "18:55:28", "tweet": "My son and I are big Elon Musk fans.. on the way home from dinner he Informed my husband and I that since Elon named his car after Tesla, when he grows up he’s going to be just like Musk and will name his car Elon. 😍 my little genius (he’s 8) haha. #ibelievehim #ElonMusk #Tesla  https://t.co/2EebCz5abI", "likes_count": 2, "replies_count": 0, "retweets_count": 0, "hashtags": ["ibelievehim", "elonmusk", "tesla"]}
{"id": 1335372189042757633, "date": "2020-12-05", "time": "18:55:14", "tweet": "@Lucasity1 @elonmusk Damn bro! I just got xfinity gigabit ... haven’t done the speed test but it’s usually 35-55mbs downloads. Hopefully not much longer... I really want that starlink haha", "likes_count": 0, "replies_count": 0, "retweets_count": 0, "hashtags": []}
{"id": 1335372185104510978, "date": "2020-12-05", "time": "18:55:13", "tweet": "@elonmusk  Hi. Are you considering quad motors for a super cybertruck and roadster, plaid model s?  Tank turn would be awesome in all of them and insane power.  You are one of my heroes. Cheers", "likes_count": 1, "replies_count": 0, "retweets_count": 0, "hashtags": []}
{"id": 1335372149394173952, "date": "2020-12-05", "time": "18:55:05", "tweet": "@nooreaxYT @MontanaBlack @ELoTRiX @elonmusk", "likes_count": 1, "replies_count": 0, "retweets_count": 0, "hashtags": []}
{"id": 1335372138308636672, "date": "2020-12-05", "time": "18:55:02", "tweet": "@RDAnglePhoto @SpaceX @elonmusk @Teslarati Big penis envy", "likes_count": 0, "replies_count": 0, "retweets_count": 0, "hashtags": []}
{"id": 1335372125524422656, "date": "2020-12-05", "time": "18:54:59", "tweet": "@moo_venda @MrHandsome_ZA The Nigga Is Bigger Than Apple Company And Elon Musk Combined....🤣🤣🤣🤣 He’s not a scam, scam learned from him. He’s not genius,genius follow his instructions.", "likes_count": 0, "replies_count": 0, "retweets_count": 0, "hashtags": []}
{"id": 1335372090724261888, "date": "2020-12-05", "time": "18:54:51", "tweet": "@elonmusk Hey Elon, have you read on the Hydrogen Line? The least distorted frequency of noise? almost measurably, a frequency without background noise. I was wondering if it sparked your imagination at all. et al.", "likes_count": 0, "replies_count": 0, "retweets_count": 0, "hashtags": []}
{"id": 1335372088576778240, "date": "2020-12-05", "time": "18:54:50", "tweet": "@BornInvestor @elonmusk He sounds long GM soooo...I'd stay clear of this guy...", "likes_count": 0, "replies_count": 0, "retweets_count": 0, "hashtags": []}
{"id": 1335372072135118848, "date": "2020-12-05", "time": "18:54:46", "tweet": "@Kristennetten @AustinTeslaClub @peterdog15 @elonmusk @gailalfa1 My sis lives in Harlingen...so close❣️", "likes_count": 1, "replies_count": 0, "retweets_count": 0, "hashtags": []}
{"id": 1335371918090727428, "date": "2020-12-05", "time": "18:54:09", "tweet": "Elon Musk is reportedly planning a move to Texas after his tirade about California's coronavirus response  https://t.co/wIg61RGQJ1", "likes_count": 0, "replies_count": 1, "retweets_count": 0, "hashtags": []}
{"id": 1335371917553963015, "date": "2020-12-05", "time": "18:54:09", "tweet": "@ThePrimalDino @thesecondphaze @FishFossils @XgoMonstrous @sixsilverstones @NASA_SLS @elonmusk Humanity's lunar return in 2024 maybe pushed back to 2028 with biden, whoopee?", "likes_count": 2, "replies_count": 1, "retweets_count": 0, "hashtags": []}
{"id": 1335371904253894656, "date": "2020-12-05", "time": "18:54:06", "tweet": "@ChrisBloomstran @elonmusk Case to @elonmusk is a terrible comparison.", "likes_count": 4, "replies_count": 2, "retweets_count": 0, "hashtags": []}
{"id": 1335371893038190592, "date": "2020-12-05", "time": "18:54:03", "tweet": "Elon Musk reportedly plans to move to Texas  https://t.co/fY642H0Vbm  https://t.co/yqhLlkdMyh", "likes_count": 1, "replies_count": 0, "retweets_count": 0, "hashtags": []}
{"id": 1335371859135614977, "date": "2020-12-05", "time": "18:53:55", "tweet": "@elonmusk  https://t.co/B22UJVQtoK", "likes_count": 0, "replies_count": 0, "retweets_count": 0, "hashtags": []}
{"id": 1335371854601625602, "date": "2020-12-05", "time": "18:53:54", "tweet": "@ajtourville @ZJasko @JoeBiden @realDonaldTrump @elonmusk @Kristennetten @RationalEtienne @alex_avoigt @jpr007 @IntEngineering @engineers_feed @HogDexter @flcnhvy @ElonsWorld @simongerman600 @28delayslater @NuovaRealta Plus he hates bureaucracy and I believe politicians have to deal with this. Elon has too deal with it more than he’d like.", "likes_count": 9, "replies_count": 1, "retweets_count": 0, "hashtags": []}
{"id": 1335371832845807617, "date": "2020-12-05", "time": "18:53:49", "tweet": "@drshannonkroner @elonmusk @LorenaSGonzalez @Vogel4Assembly \"medical freedom\" = no protection for pre-existing conditions \"parental choice\" and \"school choice\" = defunding public schools \"repeal AB5\" = hire employees as contractors to avoid paying benefits  Seriously, F*ck that.", "likes_count": 1, "replies_count": 1, "retweets_count": 0, "hashtags": []}
{"id": 1335371819977740288, "date": "2020-12-05", "time": "18:53:46", "tweet": "@boringcompany @elonmusk I want a seizure!", "likes_count": 1, "replies_count": 0, "retweets_count": 0, "hashtags": []}
{"id": 1335371792467304450, "date": "2020-12-05", "time": "18:53:39", "tweet": "Elon Musk | YOU WILL NEVER LOOK AT LIFE THE SAME  (Motivational Video)  https://t.co/DEvNv6Ens7 via @YouTube", "likes_count": 0, "replies_count": 0, "retweets_count": 0, "hashtags": []}
{"id": 1335371673911103492, "date": "2020-12-05", "time": "18:53:11", "tweet": "Elon Musk: 70% de chances de ir para Marte até 2024  https://t.co/g1AiUdgza5", "likes_count": 0, "replies_count": 0, "retweets_count": 0, "hashtags": []}
{"id": 1335371652444553216, "date": "2020-12-05", "time": "18:53:06", "tweet": "Screaming towards Earth at 11km/s, it deployed parachutes to slow its descent. The capsule then began transmitting a beacon with information about its position.  The spacecraft touched down on the vast Woomera range, operated by the Royal Australian Air Force. @elonmusk", "likes_count": 1, "replies_count": 0, "retweets_count": 0, "hashtags": []}
{"id": 1335371590662565888, "date": "2020-12-05", "time": "18:52:51", "tweet": "@Kenn1222 @DreamcastGuy If you are friends with elon musk, if not, 3-6 hours", "likes_count": 1, "replies_count": 3, "retweets_count": 0, "hashtags": []}
{"id": 1335371569376456704, "date": "2020-12-05", "time": "18:52:46", "tweet": "If our world were a tv show I just know that Jeff Bezos and Elon Musk would be the characters who aren't the main villains yet but they will be in a few seasons", "likes_count": 1, "replies_count": 0, "retweets_count": 0, "hashtags": []}
{"id": 1335371543640150016, "date": "2020-12-05", "time": "18:52:40", "tweet": ".@elonmusk here me out. Asset Security. Build a dashboard that has automatic cloud storage for sentry mode footage from Tesla auto and potentially security for the home. 🤷🏾‍♂️ #newProductPotential", "likes_count": 0, "replies_count": 0, "retweets_count": 0, "hashtags": ["newproductpotential"]}
{"id": 1335371521523654656, "date": "2020-12-05", "time": "18:52:35", "tweet": "@Raptor22d @elonmusk @Erdayastronaut @smvllstvrs @austinbarnard45 @C_Bass3d @Neopork85 @ErcXspace @JixuanSebastian @FelixSchlang @DJSnM I was thinking to launch more of these but with connectors to make a bigger station. like 20X internal volume then ISS, going to be massive.", "likes_count": 2, "replies_count": 1, "retweets_count": 0, "hashtags": []}
{"id": 1335371490699534336, "date": "2020-12-05", "time": "18:52:28", "tweet": "@AriadneTweet @anuarbekiman @elonmusk @Tesla @mrserik Um...you do see the power lines behind them, don't you?", "likes_count": 10, "replies_count": 1, "retweets_count": 0, "hashtags": []}
{"id": 1335371487407181827, "date": "2020-12-05", "time": "18:52:27", "tweet": "@PaulMacchia @GavinNewsom @elonmusk @Tesla Let’s hope Elon and others start voting wiser. #KeepTexasRed", "likes_count": 1, "replies_count": 0, "retweets_count": 0, "hashtags": ["keeptexasred"]}
{"id": 1335371467811291137, "date": "2020-12-05", "time": "18:52:22", "tweet": "@boringcompany @elonmusk You know 7-11, they got a lot white light to make ppl feel save, that's psychology in China they also got big Mature shop that doesn't need any employee.  https://t.co/ivWGds43bd", "likes_count": 0, "replies_count": 1, "retweets_count": 0, "hashtags": []}
{"id": 1335371465483546625, "date": "2020-12-05", "time": "18:52:22", "tweet": "@elonmusk *Ship", "likes_count": 0, "replies_count": 0, "retweets_count": 0, "hashtags": []}
