{"id": 1238978212635402242, "date": "2020-03-14", "time": "19:59:59", "tweet": "@WSJ 8 hours sleep too- power up that immune system. + eat less acidic foods (meat, softdrinks, chips, too salty/sweet stuff), vitamins  Even if a vaccine is discovered later, it may be too expensive to buy, for most  @realDonaldTrump  @WHO @CNN @BBCNews @Pontifex @elonmusk @tim_cook", "likes_count": 3, "replies_count": 0, "retweets_count": 1, "hashtags": []}
{"id": 1238978168247054341, "date": "2020-03-14", "time": "19:59:49", "tweet": "@GuyT3sla @Camiloreyesq @thirdrowtesla @Gfilche @Teslarati @elonmusk @BLKMDL3 @my_model_3 @TeslaTap @thriveeachday @P3D_jesus23 @WadeAndersonPT I’m talking about them releasing the subscription", "likes_count": 1, "replies_count": 1, "retweets_count": 0, "hashtags": []}
{"id": 1238978154661736450, "date": "2020-03-14", "time": "19:59:45", "tweet": "@elonmusk @teslaownersSV @Teslatunity Thank you!", "likes_count": 0, "replies_count": 0, "retweets_count": 0, "hashtags": []}
{"id": 1238978134302576640, "date": "2020-03-14", "time": "19:59:40", "tweet": ".@elonmusk all models should have the Biohazard HEPA filters moving forward. #ModelX #ModelS should not be the only model's with this feature. @Tesla @teslainventory @BenSullins @Model3Owners @LikeTeslaKim", "likes_count": 1, "replies_count": 0, "retweets_count": 0, "hashtags": ["modelx", "models"]}
{"id": 1238978129802276865, "date": "2020-03-14", "time": "19:59:39", "tweet": "@teslaP3D @ReinierOvereem @thirdrowtesla @Tesla @elonmusk Oh my. So #ModelY can pull more than a double of #Model3?!  What's this black magic @elonmusk", "likes_count": 0, "replies_count": 1, "retweets_count": 0, "hashtags": ["modely", "model3"]}
{"id": 1238978038626275328, "date": "2020-03-14", "time": "19:59:18", "tweet": "@tesla_master @Camiloreyesq @thirdrowtesla @Gfilche @Teslarati @elonmusk @BLKMDL3 @my_model_3 @TeslaTap @thriveeachday @P3D_jesus23 @WadeAndersonPT From what we can tell we have literally a moth before NoA in city streets", "likes_count": 0, "replies_count": 1, "retweets_count": 0, "hashtags": []}
{"id": 1238978037254959104, "date": "2020-03-14", "time": "19:59:17", "tweet": "@greentheonly @teslaownersSV @elonmusk @SeasonedTech Vin 3359Xx august 2019", "likes_count": 0, "replies_count": 1, "retweets_count": 0, "hashtags": []}
{"id": 1238978036491567106, "date": "2020-03-14", "time": "19:59:17", "tweet": "@goodxnightngo @elonmusk woah. I mean...", "likes_count": 0, "replies_count": 0, "retweets_count": 0, "hashtags": []}
{"id": 1238977947949772804, "date": "2020-03-14", "time": "19:58:56", "tweet": "Hey, @elonmusk and @Tesla, i’m wondering if i could work for you or if you have any vacancies, currently i’m living in Norway but i’m willing to move if necessary.  I can send you my CV, truck driver permit and applications if you are interested. Hope i will hear from you :)", "likes_count": 0, "replies_count": 0, "retweets_count": 0, "hashtags": []}
{"id": 1238977923383779329, "date": "2020-03-14", "time": "19:58:50", "tweet": "So since coronavirus could infect basically anyone on THIS planet...yo @elonmusk how much to get to Mars? Xoxo", "likes_count": 0, "replies_count": 0, "retweets_count": 0, "hashtags": []}
{"id": 1238977849400463360, "date": "2020-03-14", "time": "19:58:33", "tweet": "@omg_tesla @BenSullins @elonmusk You are right once I burn the rears out which won’t be that long and my fronts are almost done I will do that. Definitely need them wider on the back", "likes_count": 1, "replies_count": 0, "retweets_count": 0, "hashtags": []}
{"id": 1238977830727364614, "date": "2020-03-14", "time": "19:58:28", "tweet": "@elonmusk, can: We get LR RWD Y in 2020? We check TeslaCam onscreen? We see FSD in 2020? We visualize track mode metrics? Tesla sell M3 hitch in USA? We see 3 referral wheels 2020? Win the race to Mars? You build a factory in Florida? You let me interview you? You say hi 2 John?  https://t.co/VlRhDleG9P", "likes_count": 7, "replies_count": 1, "retweets_count": 1, "hashtags": []}
{"id": 1238977715543240705, "date": "2020-03-14", "time": "19:58:01", "tweet": "@redsteeze This might surpass the “Elon Musk smoking weed” meme as my new favorite", "likes_count": 1, "replies_count": 0, "retweets_count": 0, "hashtags": []}
{"id": 1238977715484721153, "date": "2020-03-14", "time": "19:58:01", "tweet": "@MaxPinelli @teslaownersSV @elonmusk @SeasonedTech depends on when the M3 was made.", "likes_count": 1, "replies_count": 1, "retweets_count": 0, "hashtags": []}
{"id": 1238977713358008320, "date": "2020-03-14", "time": "19:58:00", "tweet": "@thirdrowtesla @elonmusk Imo it's pedestrian safety. Lower trunk and fittings, more space to the hood, lower impact damage, but this needs the seal to work for the frunk.", "likes_count": 0, "replies_count": 0, "retweets_count": 0, "hashtags": []}
{"id": 1238977709772017664, "date": "2020-03-14", "time": "19:57:59", "tweet": "@alexj1976 @RDAnglePhoto @Teslarati @SpaceX @elonmusk To completion is a lot but only a few more before it becomes usable in the US.", "likes_count": 0, "replies_count": 0, "retweets_count": 0, "hashtags": []}
{"id": 1238977680667807744, "date": "2020-03-14", "time": "19:57:52", "tweet": "@elonmusk @teslaownersSV @Teslatunity Thanks, I needed this for the police in January when my car was in an accident. Had to have my wife bring a laptop from home to the scene of the accident.", "likes_count": 0, "replies_count": 0, "retweets_count": 0, "hashtags": []}
{"id": 1238977590293118976, "date": "2020-03-14", "time": "19:57:31", "tweet": "@mailgal4ever @jadar788 @eldoradopod @drew4130 @mailman_eddie @mailmanscott @MMJamesin518 @GoinPostalKC @GunnerTodoroff @PostmanPat04 @sparkythemailmn @Bradthemailman @JohnnyUtahBrah @cheriboop @mailmaam68 @ChrisMitch86 @cosplaydevil @MarleysLadder @bodaciousMikE @gvegas_mailman @greg_wisc @jrladd73 @Brian_C60 @jsun1500 @elonmusk We used to have a private company come in and wash the trucks about once a quarter. One time it looked like they used rusty water taken from an old water heaters. They never returned. Our trucks are now washed as part of regular maintenance at the VMF.", "likes_count": 2, "replies_count": 1, "retweets_count": 0, "hashtags": []}
{"id": 1238977536081702913, "date": "2020-03-14", "time": "19:57:18", "tweet": "\"Be creative\" regarding #SocialDistancing? Send us to #Mars @TAMU! @elonmusk might agree too!  https://t.co/6onVzInHca", "likes_count": 0, "replies_count": 0, "retweets_count": 0, "hashtags": ["socialdistancing", "mars"]}
{"id": 1238977511196725248, "date": "2020-03-14", "time": "19:57:12", "tweet": "@elonmusk just curious where the tow package click button is for Model Y?", "likes_count": 0, "replies_count": 0, "retweets_count": 0, "hashtags": []}
{"id": 1238977444985651205, "date": "2020-03-14", "time": "19:56:56", "tweet": "@BreadHasBeenGot @HelaDibujos Elon musk? 🤔", "likes_count": 0, "replies_count": 1, "retweets_count": 0, "hashtags": []}
{"id": 1238977430552850433, "date": "2020-03-14", "time": "19:56:53", "tweet": "@teslaownersSV @elonmusk @Teslatunity Yesssssssss!", "likes_count": 1, "replies_count": 0, "retweets_count": 0, "hashtags": []}
{"id": 1238977389562146817, "date": "2020-03-14", "time": "19:56:43", "tweet": "@elonmusk 's house", "likes_count": 0, "replies_count": 0, "retweets_count": 0, "hashtags": []}
{"id": 1238977384172281857, "date": "2020-03-14", "time": "19:56:42", "tweet": "@andrewmcc90 @BenSullins @elonmusk I would have went 245 fronts and 275 rears", "likes_count": 1, "replies_count": 1, "retweets_count": 0, "hashtags": []}
{"id": 1238977271840378880, "date": "2020-03-14", "time": "19:56:15", "tweet": "@elonmusk  #Tesla Mobile Service driver in a white Model S ought to refrain from driving unsafely when pulling up to use #CHAdeMO chargers.  Next time I’m recording it and calling 🚔. This time I’ll refrain from posting license plates.  https://t.co/Wf0rOPfxnD", "likes_count": 0, "replies_count": 0, "retweets_count": 0, "hashtags": ["tesla", "chademo"]}
{"id": 1238977221278089216, "date": "2020-03-14", "time": "19:56:03", "tweet": "This is super cool and if Elon Musk were truly interested in disruption &amp; the climate instead of building luxury cars &amp; shooting them into space he'd focus on providing electric conversions for existing cars like Hector Ruiz:  https://t.co/EsWYHuI2Ly", "likes_count": 2, "replies_count": 0, "retweets_count": 0, "hashtags": []}
{"id": 1238977195776843777, "date": "2020-03-14", "time": "19:55:57", "tweet": "@Sheridansmith1 Elon Musk. Good god no.", "likes_count": 0, "replies_count": 0, "retweets_count": 0, "hashtags": []}
{"id": 1238977026062782464, "date": "2020-03-14", "time": "19:55:16", "tweet": "@vincent13031925 Would be perfect if Tesla made an electric boat or jet ski to tow. How about it @elonmusk?", "likes_count": 1, "replies_count": 0, "retweets_count": 1, "hashtags": []}
{"id": 1238976974527184896, "date": "2020-03-14", "time": "19:55:04", "tweet": "@elonmusk what model of Tesla will come with mounted machine guns and rocket launchers? Don’t worry, you can DM me if you want to keep it on the down low.", "likes_count": 0, "replies_count": 0, "retweets_count": 0, "hashtags": []}
{"id": 1238976891152982019, "date": "2020-03-14", "time": "19:54:44", "tweet": "@Eccyorkshire @myenergiuk @Tesla @octopus_energy @elonmusk @BethLilyRace @pluginadventure @106Euan @She_sElectric @ecocars1 @Miles_per_kWh @QuentinWillson @jtchivers @Gill_Nowell You got me excited too 😉", "likes_count": 1, "replies_count": 0, "retweets_count": 0, "hashtags": []}
{"id": 1238976890771132416, "date": "2020-03-14", "time": "19:54:44", "tweet": "@Kzzette @HelaDibujos bro why cant we just get elon musk to buy corona so he can cancel it", "likes_count": 0, "replies_count": 1, "retweets_count": 0, "hashtags": []}
{"id": 1238976888984309760, "date": "2020-03-14", "time": "19:54:44", "tweet": "@elonmusk just wondering.. have you ever considered using your tunnel technology for launching your rockets with renewable energy?", "likes_count": 0, "replies_count": 0, "retweets_count": 0, "hashtags": []}
{"id": 1238976764396867587, "date": "2020-03-14", "time": "19:54:14", "tweet": "@omg_tesla @BenSullins @elonmusk I stuck with 18s though I got 18x9 235/45r18 on front and 18x10 265/40r18 on rears", "likes_count": 1, "replies_count": 1, "retweets_count": 0, "hashtags": []}
{"id": 1238976751662841857, "date": "2020-03-14", "time": "19:54:11", "tweet": "@CNNPolitics @CNN Stay safe 1. Pope Francis, 2. sir Elon, 3. pres. Trump &amp; 4. sir Tim, u're d top 4 most important leaders in d world.  @Pontifex @elonmusk @realDonaldTrump @tim_cook  1. eternal things 2. mankind's future 3. action 4. culture tools  See you all in heaven, too God bls Rev. 21:4", "likes_count": 0, "replies_count": 0, "retweets_count": 0, "hashtags": []}
{"id": 1238976749725085696, "date": "2020-03-14", "time": "19:54:10", "tweet": "@elonmusk Oh hey, I forgot you were a thing.  https://t.co/s0uAL3MTB4", "likes_count": 0, "replies_count": 0, "retweets_count": 0, "hashtags": []}
{"id": 1238976683845320704, "date": "2020-03-14", "time": "19:53:55", "tweet": "@bsoo920 @TeslaOwnersofMA @elonmusk @Tesla Yes...  That is where the replacemen has happened.", "likes_count": 0, "replies_count": 1, "retweets_count": 0, "hashtags": []}
{"id": 1238976676471525376, "date": "2020-03-14", "time": "19:53:53", "tweet": "@SenatorDodson @_Astro_Nerd_ @96dbFreak @NYCMayor @BetteMidler @tomhanks @NicoleKidman @KeithUrban @EricBana_69 @divinepurple @elonmusk @BillGates @richardbranson @WarrenBuffett @charliemunger @ClarenceHouse @dukeofsussexx @itsQueenUk @Lagarde @camanpour @BBCHARDtalk @AP @PBS", "likes_count": 1, "replies_count": 0, "retweets_count": 0, "hashtags": []}
{"id": 1238976541092130817, "date": "2020-03-14", "time": "19:53:21", "tweet": "You found 13 elon musk royalty free music &amp; sound effects from $16. All from our global community of musicians and sound engineers. MERCY lol   https://t.co/80ixdw1Wxo @elonmusk", "likes_count": 1, "replies_count": 0, "retweets_count": 0, "hashtags": []}
{"id": 1238976414633861121, "date": "2020-03-14", "time": "19:52:50", "tweet": "@elonmusk @remindmetweets in two months ✌️", "likes_count": 1, "replies_count": 1, "retweets_count": 0, "hashtags": []}
{"id": 1238976381691854849, "date": "2020-03-14", "time": "19:52:43", "tweet": "@teslaownersSV @elonmusk @SeasonedTech 18” stealth M3 performance already have track mode. @greentheonly is it just a flip of a switch to be enabled in a M3 LR with acceleration boost?", "likes_count": 1, "replies_count": 1, "retweets_count": 0, "hashtags": []}
{"id": 1238976292545916933, "date": "2020-03-14", "time": "19:52:21", "tweet": "@GuyT3sla @Camiloreyesq @thirdrowtesla @Gfilche @Teslarati @elonmusk @BLKMDL3 @my_model_3 @TeslaTap @thriveeachday @P3D_jesus23 @WadeAndersonPT That will be a easier idea but it’s probably going to take years for Tesla to make", "likes_count": 1, "replies_count": 1, "retweets_count": 0, "hashtags": []}
{"id": 1238976288431509505, "date": "2020-03-14", "time": "19:52:20", "tweet": "@zoophilepolice_ They’re only following Elon musk", "likes_count": 2, "replies_count": 0, "retweets_count": 0, "hashtags": []}
{"id": 1238976130322812930, "date": "2020-03-14", "time": "19:51:43", "tweet": "@tesla_master @Camiloreyesq @thirdrowtesla @Gfilche @Teslarati @elonmusk @BLKMDL3 @my_model_3 @TeslaTap @thriveeachday @P3D_jesus23 @WadeAndersonPT That’s why they will likely do subscriptions for the whole package", "likes_count": 0, "replies_count": 1, "retweets_count": 0, "hashtags": []}
{"id": 1238976109628309505, "date": "2020-03-14", "time": "19:51:38", "tweet": "#Tesla family may he RIP #ElonMusk  https://t.co/2pPzBetxUr", "likes_count": 4, "replies_count": 1, "retweets_count": 0, "hashtags": ["tesla", "elonmusk"]}
{"id": 1238976032314712065, "date": "2020-03-14", "time": "19:51:19", "tweet": "@elonmusk are you secretly ironman... 😏", "likes_count": 0, "replies_count": 0, "retweets_count": 0, "hashtags": []}
{"id": 1238975994905542656, "date": "2020-03-14", "time": "19:51:10", "tweet": "@GuyT3sla @Camiloreyesq @thirdrowtesla @Gfilche @Teslarati @elonmusk @BLKMDL3 @my_model_3 @TeslaTap @thriveeachday @P3D_jesus23 @WadeAndersonPT But not everyone has 7k laying around. It’s a good idea for those who don’t have that money including me", "likes_count": 1, "replies_count": 1, "retweets_count": 0, "hashtags": []}
{"id": 1238975971367084033, "date": "2020-03-14", "time": "19:51:05", "tweet": "@tesla_master @Camiloreyesq @thirdrowtesla @Gfilche @Teslarati @elonmusk @BLKMDL3 @my_model_3 @TeslaTap @thriveeachday @P3D_jesus23 @WadeAndersonPT Just talking low overhead revenue", "likes_count": 0, "replies_count": 0, "retweets_count": 0, "hashtags": []}
{"id": 1238975899950669824, "date": "2020-03-14", "time": "19:50:48", "tweet": "Ya dijo mi Elon Musk de oro que el pánico al coronavirus es pa’ pendejos, entonces lo es y chinguen a su madre.", "likes_count": 2, "replies_count": 1, "retweets_count": 0, "hashtags": []}
{"id": 1238975884029091840, "date": "2020-03-14", "time": "19:50:44", "tweet": "@elonmusk can we get 360 degree camera view? It is really useful and it is only a software update.", "likes_count": 0, "replies_count": 0, "retweets_count": 0, "hashtags": []}
{"id": 1238975883991339008, "date": "2020-03-14", "time": "19:50:44", "tweet": "@elonmusk Tell me a story of old Mr. Musk... Im a traveler from the far lands", "likes_count": 0, "replies_count": 0, "retweets_count": 0, "hashtags": []}
{"id": 1238975821303275525, "date": "2020-03-14", "time": "19:50:29", "tweet": "@tesla_master @Camiloreyesq @thirdrowtesla @Gfilche @Teslarati @elonmusk @BLKMDL3 @my_model_3 @TeslaTap @thriveeachday @P3D_jesus23 @WadeAndersonPT No I am saying if it is bundled it forces people to pay 7k if they want lane change, vs like 1-2k or something", "likes_count": 1, "replies_count": 2, "retweets_count": 0, "hashtags": []}
{"id": 1238975751271206913, "date": "2020-03-14", "time": "19:50:12", "tweet": "@BenSullins @elonmusk I ordered the performance model 7 mons back, now I want the performance model minus perf upgrade. Tesla team is not letting me do that without going thro re-design with new pricing which puts me $1k more 😞😞", "likes_count": 0, "replies_count": 0, "retweets_count": 0, "hashtags": []}
{"id": 1238975597654630401, "date": "2020-03-14", "time": "19:49:36", "tweet": "@Falcon9Block5 @elonmusk @JaneidyEve The starship is cheaper and faster to build and f9 is only 7 years old it doesnt make sense for them to keep using them that long, a year or two tops i would guess", "likes_count": 0, "replies_count": 0, "retweets_count": 0, "hashtags": []}
{"id": 1238975582207004672, "date": "2020-03-14", "time": "19:49:32", "tweet": "@elonmusk @JaneidyEve  https://t.co/00VFAN4kWa", "likes_count": 0, "replies_count": 0, "retweets_count": 0, "hashtags": []}
{"id": 1238975540075401217, "date": "2020-03-14", "time": "19:49:22", "tweet": "@Bethenny @WarrenBuffett @BillGates @elonmusk My husband has been in the hospital for 7 weeks. He was transferred to @MountSinaiNYC 4 weeks ago. I no longer have his income. He was a non career employee with the @USPS and has no disability benefits.", "likes_count": 0, "replies_count": 0, "retweets_count": 0, "hashtags": []}
{"id": 1238975485398245376, "date": "2020-03-14", "time": "19:49:09", "tweet": "@JaneidyEve @elonmusk  https://t.co/PyiZxHc3lv", "likes_count": 0, "replies_count": 0, "retweets_count": 0, "hashtags": []}
{"id": 1238975366393466885, "date": "2020-03-14", "time": "19:48:41", "tweet": "@DrDenaGrayson @gregolear @elonmusk has long been an over privileged, oblivious ass", "likes_count": 0, "replies_count": 0, "retweets_count": 0, "hashtags": []}
{"id": 1238975322084659202, "date": "2020-03-14", "time": "19:48:30", "tweet": "@cake_hoarder @elonmusk", "likes_count": 2, "replies_count": 0, "retweets_count": 0, "hashtags": []}
{"id": 1238975249598865409, "date": "2020-03-14", "time": "19:48:13", "tweet": "@RationalEtienne @elonmusk @BarkMSmeagol @28delayslater @EvaFoxU @JohnnaCrider1 @RenataKonkoly @Sofiaan @thirdrowtesla @vincent13031925 @macrockets  https://t.co/fTrqAYiCj3", "likes_count": 7, "replies_count": 1, "retweets_count": 1, "hashtags": []}
