{"id": 1226294615528984576, "date": "2020-02-08", "time": "18:59:54", "tweet": "@elonmusk under the hood of a tesla  https://t.co/a1ylu8hRtL  I should have known!", "likes_count": 0, "replies_count": 0, "retweets_count": 0, "hashtags": []}
{"id": 1226294608944074752, "date": "2020-02-08", "time": "18:59:52", "tweet": "@ThomasHLe @tesletter @elonmusk @teslaownersSV Why would you need your map when backing up?", "likes_count": 0, "replies_count": 0, "retweets_count": 0, "hashtags": []}
{"id": 1226294526144319489, "date": "2020-02-08", "time": "18:59:33", "tweet": "@elonmusk @flcnhvy Boss Man 😎", "likes_count": 1, "replies_count": 0, "retweets_count": 0, "hashtags": []}
{"id": 1226294515696381960, "date": "2020-02-08", "time": "18:59:30", "tweet": "@elonmusk just out cooled himself. This is awesome. @austinbarnard45 pay attention to instruction , work hard, work fast, work smart, and when given a task hit it hard and hit it early. Also, it is better to ask for forgiveness than for permission. Don’t risk body parts.  https://t.co/kyHquSfsJl", "likes_count": 0, "replies_count": 0, "retweets_count": 0, "hashtags": []}
{"id": 1226294476773167107, "date": "2020-02-08", "time": "18:59:21", "tweet": "@elonmusk Hi", "likes_count": 0, "replies_count": 1, "retweets_count": 0, "hashtags": []}
{"id": 1226294397911781376, "date": "2020-02-08", "time": "18:59:02", "tweet": "@thedarkhog @DontEatCrow @ibrahimpols @elonmusk You just said “in the future” meaning it hasn’t happened yet, so you can’t use that as any evidence. Kinda funny your one single example of a billionaire that has improved your life hasn’t actually done it.", "likes_count": 0, "replies_count": 1, "retweets_count": 0, "hashtags": []}
{"id": 1226294379289206784, "date": "2020-02-08", "time": "18:58:58", "tweet": "@nerdcity @elonmusk @deeboSZN whatever is on his feet I need asap!", "likes_count": 2, "replies_count": 1, "retweets_count": 0, "hashtags": []}
{"id": 1226294375564509185, "date": "2020-02-08", "time": "18:58:57", "tweet": "@elonmusk I have a question!  What if @Tesla made a boat? What would it look like?   This is what I believe the #TeslaBoat might look! 🤠  https://t.co/S6T7uGkbf1", "likes_count": 0, "replies_count": 0, "retweets_count": 0, "hashtags": ["teslaboat"]}
{"id": 1226294370451836928, "date": "2020-02-08", "time": "18:58:56", "tweet": "@TRsFactualFooty @rickygervais @elonmusk I can't make this a full time job... I'm no fan of MSM, but when there's enough video and reporting from multiple sources, I have to have some trust in their work. Not sure why this is such a controversial point. People had nothing. Merchants stopped selling bc of price controls.", "likes_count": 0, "replies_count": 1, "retweets_count": 0, "hashtags": []}
{"id": 1226294337656496131, "date": "2020-02-08", "time": "18:58:48", "tweet": "Meet Elon Musk's Army Of Defenders Facing Wall Street, Short-Sellers, &amp; Financial Reality Head-On $TSLA  https://t.co/kMrEzPBYSa", "likes_count": 0, "replies_count": 0, "retweets_count": 0, "hashtags": []}
{"id": 1226294332505968641, "date": "2020-02-08", "time": "18:58:46", "tweet": "just stop musk from using twitter to become an international star @elonmusk", "likes_count": 0, "replies_count": 0, "retweets_count": 0, "hashtags": []}
{"id": 1226294310582222848, "date": "2020-02-08", "time": "18:58:41", "tweet": "@elonmusk *Raises eyebrow in British*", "likes_count": 0, "replies_count": 0, "retweets_count": 0, "hashtags": []}
{"id": 1226294297655496705, "date": "2020-02-08", "time": "18:58:38", "tweet": "@inyaki1980 @teslavlogs @TeslaParaTodos @slcuervo @Tesla @ClubTeslaES @TeslaM3Spain @elonmusk Es un taller especializado en carrocerías. El Service center de Tesla en Madrid está situado en la nave contigua a VUSA  https://t.co/fZquwQypuY", "likes_count": 1, "replies_count": 1, "retweets_count": 0, "hashtags": []}
{"id": 1226294295537344512, "date": "2020-02-08", "time": "18:58:38", "tweet": "@elonmusk can we please have customized interior noises that respond to acceleration? ( F1, V8, V12, futuristic sounds, enhanced motor sound ). It would be such a fun Easter egg!", "likes_count": 6, "replies_count": 3, "retweets_count": 0, "hashtags": []}
{"id": 1226294281440153600, "date": "2020-02-08", "time": "18:58:34", "tweet": "@triketora @blockpartyapp_ have been harassed at work several times. muting them just makes it more competitive, especially when it's from a supe. like to see products that build conversations &amp; communities like Discord/Phonio/Slack. Blocking is just turning up @elonmusk's \"dont doubt your vibe\" full blast", "likes_count": 0, "replies_count": 0, "retweets_count": 0, "hashtags": []}
{"id": 1226294277484969984, "date": "2020-02-08", "time": "18:58:33", "tweet": "@shevch_ik @elonmusk 721 доллар за долларовую акцию это плохо или хорошо по либертариански?", "likes_count": 0, "replies_count": 0, "retweets_count": 0, "hashtags": []}
{"id": 1226294260015751170, "date": "2020-02-08", "time": "18:58:29", "tweet": "Elon Musk respondiendo un tweet de Neil deGrasse Tyson I'm--", "likes_count": 0, "replies_count": 0, "retweets_count": 0, "hashtags": []}
{"id": 1226294230416388096, "date": "2020-02-08", "time": "18:58:22", "tweet": "@elonmusk wanna cry", "likes_count": 0, "replies_count": 0, "retweets_count": 0, "hashtags": []}
{"id": 1226294219834372099, "date": "2020-02-08", "time": "18:58:20", "tweet": "My son made a sweet Lego Tesla Truck @elonmusk @Tesla @TesIaTruck  https://t.co/SuAF00lyTj", "likes_count": 0, "replies_count": 0, "retweets_count": 0, "hashtags": []}
{"id": 1226294216126541824, "date": "2020-02-08", "time": "18:58:19", "tweet": "@stoolpresidente &amp; @elonmusk have mastered modern marketing", "likes_count": 1, "replies_count": 0, "retweets_count": 0, "hashtags": []}
{"id": 1226294189295464448, "date": "2020-02-08", "time": "18:58:12", "tweet": "@jeremyjudkins @Tesla @elonmusk Just for you @jeremyjudkins. Wifi secured.  https://t.co/kGl0T7PgWs", "likes_count": 0, "replies_count": 0, "retweets_count": 0, "hashtags": []}
{"id": 1226294124858335232, "date": "2020-02-08", "time": "18:57:57", "tweet": "@thedarkhog @DontEatCrow @ibrahimpols @elonmusk Your life is better because you drive an electric car? That’s called privilege and sorry no, your life is not better. Maybe you feel better about not polluting. Oh, and FYI he didn’t start PayPal.", "likes_count": 0, "replies_count": 1, "retweets_count": 0, "hashtags": []}
{"id": 1226294085734014976, "date": "2020-02-08", "time": "18:57:48", "tweet": "@nerdcity @elonmusk that looks retarded should of got the nikes that lace themselves instead", "likes_count": 0, "replies_count": 0, "retweets_count": 0, "hashtags": []}
{"id": 1226294065844477952, "date": "2020-02-08", "time": "18:57:43", "tweet": "@SciencePupil47 @vincent13031925 @elonmusk Yes", "likes_count": 7, "replies_count": 0, "retweets_count": 0, "hashtags": []}
{"id": 1226294063860715522, "date": "2020-02-08", "time": "18:57:42", "tweet": "@thebradfordfile @realDonaldTrump Hey @thebradfordfile look below...someone has spoofed your account to spread the Elon Musk scam.", "likes_count": 0, "replies_count": 0, "retweets_count": 0, "hashtags": []}
{"id": 1226294038719946753, "date": "2020-02-08", "time": "18:57:36", "tweet": "@elonmusk Would you be willing to be the first man to send crypto into space on your Falcon9 rocket?  You're the only man for the job, capable of making this happen!  https://t.co/WYpx463aw7", "likes_count": 0, "replies_count": 0, "retweets_count": 2, "hashtags": []}
{"id": 1226294034941054978, "date": "2020-02-08", "time": "18:57:36", "tweet": "@stoolpresidente is doing what @elonmusk did with the broken window.", "likes_count": 0, "replies_count": 0, "retweets_count": 0, "hashtags": []}
{"id": 1226293980796727299, "date": "2020-02-08", "time": "18:57:23", "tweet": "@Blue_Beefalo @Gerritzen @nerdcity @elonmusk *can create", "likes_count": 0, "replies_count": 0, "retweets_count": 0, "hashtags": []}
{"id": 1226293855311581185, "date": "2020-02-08", "time": "18:56:53", "tweet": "@gwestr @c4chaos I wonder what Elon musk would have to do to prove himself capable to some ppl... apparently creating 3 companies worth billions each in not sufficient. FFS! Give the man a break!", "likes_count": 1, "replies_count": 0, "retweets_count": 0, "hashtags": []}
{"id": 1226293854195740672, "date": "2020-02-08", "time": "18:56:52", "tweet": "@Eljaboom @elonmusk Omg..........", "likes_count": 0, "replies_count": 0, "retweets_count": 0, "hashtags": []}
{"id": 1226293835463938049, "date": "2020-02-08", "time": "18:56:48", "tweet": "@elonmusk &lt; A Woman Makes A Plan &gt; @mayemusk  👍🏻👍🏻👍🏻", "likes_count": 1, "replies_count": 0, "retweets_count": 0, "hashtags": []}
{"id": 1226293830011555840, "date": "2020-02-08", "time": "18:56:47", "tweet": "@elonmusk @SachaBaronCohen endless stream of junk advertising, false information, lunactic advocacy gone haywire - give people more credit Sasha, — I’m with Elon", "likes_count": 0, "replies_count": 0, "retweets_count": 0, "hashtags": []}
{"id": 1226293827050319883, "date": "2020-02-08", "time": "18:56:46", "tweet": "@elonmusk @flcnhvy The ❤️ of the black hole!  https://t.co/AgPxEdn7Qg", "likes_count": 2, "replies_count": 0, "retweets_count": 0, "hashtags": []}
{"id": 1226293824936300544, "date": "2020-02-08", "time": "18:56:45", "tweet": "Hey @elonmusk please do something about it. It's alarming!  https://t.co/U8pTDnYQHa", "likes_count": 0, "replies_count": 0, "retweets_count": 0, "hashtags": []}
{"id": 1226293814312275968, "date": "2020-02-08", "time": "18:56:43", "tweet": "@elonmusk Hi Elon,  Just recently got delivery of my model 3 in Canada love it you got a salesman for life here in Canada Amazing car, one request during our harsh icy winters can you see if you can add a button on the app to open the doors so we can avoid using the door handles.", "likes_count": 0, "replies_count": 0, "retweets_count": 0, "hashtags": []}
{"id": 1226293803612434432, "date": "2020-02-08", "time": "18:56:40", "tweet": "@elonmusk pls fund great plains preserve and resurrection of north american megafauna", "likes_count": 12, "replies_count": 2, "retweets_count": 1, "hashtags": []}
{"id": 1226293769537871873, "date": "2020-02-08", "time": "18:56:32", "tweet": "Elon Musk Says A High School Diploma is Not Needed to Work at Tesla  https://t.co/BCAVxYt0xM  https://t.co/PcgEA9JW8H", "likes_count": 0, "replies_count": 0, "retweets_count": 0, "hashtags": []}
{"id": 1226293768174723073, "date": "2020-02-08", "time": "18:56:32", "tweet": "@kimitalvitie @Parax @SpacePadreIsle @SpaceX @Erdayastronaut @elonmusk yea no kidding, the game is addictive and there is lots of things you can do,even terraforming mars,(just a heads up,the terraforming mechanics is not really that realistic so yea)  https://t.co/dVSIowZzdn", "likes_count": 1, "replies_count": 0, "retweets_count": 0, "hashtags": []}
{"id": 1226293762164510720, "date": "2020-02-08", "time": "18:56:30", "tweet": "@elonmusk Dont do resumes call me for reasons", "likes_count": 0, "replies_count": 0, "retweets_count": 0, "hashtags": []}
{"id": 1226293735186714624, "date": "2020-02-08", "time": "18:56:24", "tweet": "@elonmusk @SachaBaronCohen Everyone shall use Reddit", "likes_count": 1, "replies_count": 0, "retweets_count": 0, "hashtags": []}
