{"id": 1249125044296601600, "date": "2020-04-11", "time": "19:59:52", "tweet": "If Lamborghini can have a collab with Supreme. Can @elonmusk please have a collab too with Supreme.", "likes_count": 0, "replies_count": 0, "retweets_count": 0, "hashtags": []}
{"id": 1249125043940077569, "date": "2020-04-11", "time": "19:59:52", "tweet": "@naval Elon Musk and Bill Gates", "likes_count": 0, "replies_count": 0, "retweets_count": 0, "hashtags": []}
{"id": 1249124933101391874, "date": "2020-04-11", "time": "19:59:26", "tweet": "@flyingsages @elonmusk you just took a joke tweet seriously 🙄", "likes_count": 1, "replies_count": 1, "retweets_count": 0, "hashtags": []}
{"id": 1249124908367589376, "date": "2020-04-11", "time": "19:59:20", "tweet": "Hey @elonmusk when this COVID-19 crap is all said and done let’s talk about teaming up to drive a @Tesla Cybertruck in a Baja and/or San Felipe off road race. Now that would be some publicity and draw a lot of attention to its capabilities.", "likes_count": 0, "replies_count": 0, "retweets_count": 0, "hashtags": []}
{"id": 1249124873143824385, "date": "2020-04-11", "time": "19:59:12", "tweet": "@yajairxaraiza Idk it just elon musk", "likes_count": 0, "replies_count": 0, "retweets_count": 0, "hashtags": []}
{"id": 1249124683594727424, "date": "2020-04-11", "time": "19:58:26", "tweet": "ELON MUSK FEZ EU ACHAR QUE TAVA DOIDA", "likes_count": 2, "replies_count": 1, "retweets_count": 0, "hashtags": []}
{"id": 1249124665601245184, "date": "2020-04-11", "time": "19:58:22", "tweet": "@_rafaelcoimbra @Astronomiaum @elonmusk Rafael, isso vai ficar visível pra sempre no céu? 😳", "likes_count": 1, "replies_count": 1, "retweets_count": 0, "hashtags": []}
{"id": 1249124563222437893, "date": "2020-04-11", "time": "19:57:58", "tweet": "@Tesla @elonmusk Figure out how to make the cars cheaper, if you get the price down it will make huge differences.  Big oil is coming for you!!  Trump changing the gas mileage requirements is a real threat!", "likes_count": 0, "replies_count": 0, "retweets_count": 0, "hashtags": []}
{"id": 1249124562073268225, "date": "2020-04-11", "time": "19:57:57", "tweet": "@Ftlhc0630 @PPathole @elonmusk shocking right?  separately it's kinda depressing how many people are missing the joke", "likes_count": 1, "replies_count": 0, "retweets_count": 0, "hashtags": []}
{"id": 1249124431429087232, "date": "2020-04-11", "time": "19:57:26", "tweet": "@tron_squad @elonmusk May God help all mankind who are suffering in this Crucial time whether doing 24/7 jobs as #FrontLineHeroes or #StayAtHome or has lost their loved ones. Give us those leaders who lead us in the best path. Heal all of us, Heal this world 🌍✌ Amen  #JTS🌍❤ #TERC #TESD #TRX #BFCH", "likes_count": 0, "replies_count": 0, "retweets_count": 0, "hashtags": ["frontlineheroes", "stayathome", "jts", "terc", "tesd", "trx", "bfch"]}
{"id": 1249124416514121729, "date": "2020-04-11", "time": "19:57:23", "tweet": "@fancypirate8 @SteakFueled @elizedge2 @LegendaryEnergy @Healthy_realtor @untappedgrowth @roman_mcclay @elonmusk @nmlinguaphile @CarnivoreAntMan @siobhan_huggins @FatEmperor @zoeharcombe @KetoCarnivore @dbongino @FULLBORECRNVORE @SenTedCruz @CarnivoresCreed @jerryteixeira @MonicaRicci Haha. It is an algorithms. You probably reply to me more than others 🤷", "likes_count": 7, "replies_count": 1, "retweets_count": 0, "hashtags": []}
{"id": 1249124397337714693, "date": "2020-04-11", "time": "19:57:18", "tweet": "@CoriaceKiller @AlexGx13 @Pastaga_beauf @sosolebgde2001 @elonmusk Ptdr mais imagine", "likes_count": 2, "replies_count": 0, "retweets_count": 0, "hashtags": []}
{"id": 1249124371710517249, "date": "2020-04-11", "time": "19:57:12", "tweet": "@feltrinoficial @Astronomiaum @elonmusk O objetivo dele é lançar 12 mil. A Amazon quer lançar 3 mil também. Nova guerra espacial.", "likes_count": 1, "replies_count": 1, "retweets_count": 0, "hashtags": []}
{"id": 1249124315389444096, "date": "2020-04-11", "time": "19:56:59", "tweet": "@EvaFoxU @elonmusk @katlinegrey @Zvezdichko @SciGuySpace Lol, some of us are in USA now. Ukraine is in much much much worse shape.", "likes_count": 0, "replies_count": 0, "retweets_count": 0, "hashtags": []}
{"id": 1249124267427532801, "date": "2020-04-11", "time": "19:56:47", "tweet": "@GregPlumpton @PPathole @elonmusk not shopped  https://t.co/o729jIPQRj", "likes_count": 0, "replies_count": 0, "retweets_count": 0, "hashtags": []}
{"id": 1249124150133895170, "date": "2020-04-11", "time": "19:56:19", "tweet": "Keep changing the world @elonmusk You are a savior of our times :)", "likes_count": 0, "replies_count": 0, "retweets_count": 0, "hashtags": []}
{"id": 1249124085981986816, "date": "2020-04-11", "time": "19:56:04", "tweet": "Hey @elonmusk it would be nice to put a freeze on the 6 month rule for supercharging miles since not a lot of us can actually use them.", "likes_count": 1, "replies_count": 1, "retweets_count": 0, "hashtags": []}
{"id": 1249124058840600576, "date": "2020-04-11", "time": "19:55:57", "tweet": "@jrhunt @VansDesign_ @JavierInchausti @AWSCloudANZ @internetofshit @elonmusk I voted properly with a follow. 🙏🏿", "likes_count": 3, "replies_count": 0, "retweets_count": 0, "hashtags": []}
{"id": 1249123949113376768, "date": "2020-04-11", "time": "19:55:31", "tweet": "\"In the future, it will be as strange to have expendable rockets as it would be to have expendable airplanes today. All will be reusable.\"  @elonmusk", "likes_count": 2, "replies_count": 0, "retweets_count": 0, "hashtags": []}
{"id": 1249123913461903360, "date": "2020-04-11", "time": "19:55:23", "tweet": "@AlexGx13 @Pastaga_beauf @biscuitapero @sosolebgde2001 @elonmusk Mdr on sait jamais hein", "likes_count": 1, "replies_count": 1, "retweets_count": 0, "hashtags": []}
{"id": 1249123897921941504, "date": "2020-04-11", "time": "19:55:19", "tweet": "@elonmusk can we get a way to use cabin facing camera for making caraoke videos please?", "likes_count": 1, "replies_count": 0, "retweets_count": 0, "hashtags": []}
{"id": 1249123866313719814, "date": "2020-04-11", "time": "19:55:11", "tweet": "Tesla Software Update 2020.12.5 Sentry Dash Cam Touch Screen View!  https://t.co/Zrv8dX3QkK via @YouTube #ThankyouTesla #Tesla #Model3  @elonmusk", "likes_count": 0, "replies_count": 0, "retweets_count": 0, "hashtags": ["thankyoutesla", "tesla", "model3"]}
{"id": 1249123862391947265, "date": "2020-04-11", "time": "19:55:11", "tweet": "@svendover @elonmusk @thirdrowtesla Parkinson’s disease and light: The bright and the Dark sides  https://t.co/4ScTrN3Qwb", "likes_count": 1, "replies_count": 1, "retweets_count": 0, "hashtags": []}
{"id": 1249123848487927808, "date": "2020-04-11", "time": "19:55:07", "tweet": "@Roseame_ @RlDLER depuis quand elon musk se bat pour les classes pop", "likes_count": 1, "replies_count": 1, "retweets_count": 0, "hashtags": []}
{"id": 1249123790447095809, "date": "2020-04-11", "time": "19:54:53", "tweet": "@svendover @elonmusk @thirdrowtesla Light pollution studies are fascinating.  Studies show a correlation to Parkinson’s disease prevalence and light pollution.  I am sure future studies on noise pollution will reveal bigger biological disruptions &amp; implications, just like circadian rhythms &amp; light pollution now.", "likes_count": 7, "replies_count": 1, "retweets_count": 0, "hashtags": []}
{"id": 1249123780359794689, "date": "2020-04-11", "time": "19:54:51", "tweet": "@fael097 @nomadd13 @NASASpaceflight @elonmusk Wait.... ALREADY!?!?!? Whoa! A lot has happened in a day, huh?", "likes_count": 0, "replies_count": 0, "retweets_count": 0, "hashtags": []}
{"id": 1249123763448360962, "date": "2020-04-11", "time": "19:54:47", "tweet": "@ABC12WJRT @DaveBondyTV @cbs5investigate @CNN @ABC @ABC @CBSNews @FoxNews @MSNBC @elonmusk @maggieNYT @TheRickWilson @anyonewhocanhelp #CoronavirusPandemic #michiganlockdown", "likes_count": 0, "replies_count": 0, "retweets_count": 0, "hashtags": ["coronaviruspandemic", "michiganlockdown"]}
{"id": 1249123725242400768, "date": "2020-04-11", "time": "19:54:38", "tweet": "@elonmusk any plans for mud guards for the Model Y?", "likes_count": 0, "replies_count": 0, "retweets_count": 0, "hashtags": []}
{"id": 1249123637648601089, "date": "2020-04-11", "time": "19:54:17", "tweet": "@AskPayPal sucks. @elonmusk what’s up bro", "likes_count": 0, "replies_count": 0, "retweets_count": 0, "hashtags": []}
{"id": 1249123608066166784, "date": "2020-04-11", "time": "19:54:10", "tweet": "The Starship is sexy @SpaceX @elonmusk", "likes_count": 0, "replies_count": 0, "retweets_count": 0, "hashtags": []}
{"id": 1249123462570008576, "date": "2020-04-11", "time": "19:53:35", "tweet": "@AnnHend55139136 @PPathole @elonmusk fwiw most green people in the us aren't really focusing on the farmers they're focusing on the plastic and chemical factories  (my criticism is they won't also target the paper factories that get just as bad nor do many take into account some like with parkinsons need straws)", "likes_count": 0, "replies_count": 1, "retweets_count": 0, "hashtags": []}
{"id": 1249123370769231872, "date": "2020-04-11", "time": "19:53:13", "tweet": "@3636C @engineers_feed @elonmusk How do you fuck with something like this?! 🤣😂🤣", "likes_count": 0, "replies_count": 0, "retweets_count": 0, "hashtags": []}
{"id": 1249123280642080768, "date": "2020-04-11", "time": "19:52:52", "tweet": "@justpaulinelol @elonmusk @Tesla @Erdayastronaut is that enough for your studio? Or did you get carried away 😂 I'm assuming the later...", "likes_count": 0, "replies_count": 0, "retweets_count": 0, "hashtags": []}
{"id": 1249123216850849793, "date": "2020-04-11", "time": "19:52:37", "tweet": "@skjglow eram satélites do Elon Musk pelo que parece", "likes_count": 0, "replies_count": 0, "retweets_count": 0, "hashtags": []}
{"id": 1249123072373899264, "date": "2020-04-11", "time": "19:52:02", "tweet": "@fael097 @nomadd13 @NASASpaceflight @elonmusk If the tin can/silo part fails,I hope you'll consider a double hull like a ship with verticle beams top to bottom for stability and endurance.A sleeve insert is my concept.If no room for an inner sleeve then use an outer Jacket,same beam  supports between shells/walls.", "likes_count": 1, "replies_count": 1, "retweets_count": 0, "hashtags": []}
{"id": 1249123062261387265, "date": "2020-04-11", "time": "19:52:00", "tweet": "@GreenStartPoint @elonmusk @katlinegrey @Zvezdichko @SciGuySpace Да конечно воруют.  Самосваломи...", "likes_count": 0, "replies_count": 0, "retweets_count": 0, "hashtags": []}
{"id": 1249123038840455169, "date": "2020-04-11", "time": "19:51:54", "tweet": "@Astronomiaum @elonmusk Isso vai ficar visível pra sempre? 😳", "likes_count": 1, "replies_count": 1, "retweets_count": 0, "hashtags": []}
{"id": 1249122931248107521, "date": "2020-04-11", "time": "19:51:29", "tweet": "@elonmusk @flcnhvy @thirdrowtesla Please explain @elonmusk", "likes_count": 1, "replies_count": 0, "retweets_count": 0, "hashtags": []}
{"id": 1249122826478649344, "date": "2020-04-11", "time": "19:51:04", "tweet": "BabyGriff starting young into the Tesla experience.  @Tesla @elonmusk  https://t.co/oJzo7URtQK", "likes_count": 23, "replies_count": 0, "retweets_count": 0, "hashtags": []}
{"id": 1249122804315893761, "date": "2020-04-11", "time": "19:50:58", "tweet": "@elonmusk @chrisamirr @PPathole @bryanMackSC @RationalEtienne @thirdrowtesla @Sofiaan @ICannot_Enough @Hein_The_Slayer @rmattila74 @28delayslater @kimbal @MoWo91 @Kristennetten @vincent13031925 Elon when will we get telepathic menu control?", "likes_count": 0, "replies_count": 0, "retweets_count": 0, "hashtags": []}
