{"id": 1307469507842146305, "date": "2020-09-19", "time": "19:59:56", "tweet": "@cnunezimages @elonmusk @SpaceIntellige3 SO VERY COOL!!", "likes_count": 0, "replies_count": 0, "retweets_count": 0, "hashtags": []}
{"id": 1307469490607849472, "date": "2020-09-19", "time": "19:59:52", "tweet": "@elonmusk 2/2  •4 years experience in 3D modeling software( Solidworks,NX, Fusion 360, Inventor) •Junior year of computer engineering &amp; computer science degrees  •Researched at the University Missouri  for 2 years.(Image/Signal processing)  •5 years of engineering internships", "likes_count": 1, "replies_count": 0, "retweets_count": 1, "hashtags": []}
{"id": 1307469464862994432, "date": "2020-09-19", "time": "19:59:46", "tweet": "@RationalEtienne @elonmusk @ajtourville @28delayslater @ICannot_Enough @PPathole @SamTalksTesla @mayemusk @Kristennetten @mojosusan @WholeMarsBlog I'm in!", "likes_count": 2, "replies_count": 1, "retweets_count": 0, "hashtags": []}
{"id": 1307469446492180482, "date": "2020-09-19", "time": "19:59:42", "tweet": "@elonmusk @teslaownersSV @Model3Owners @TrungTPhan Dear Elon, Consider luxemourg for any new project:) i will quit my job and work for you in a well-organized and in competent way. I hate inefficiency. Any chance to work for Tesla Lu as a part time job? Need to raise my kids. And as always; thanks for trying to save us. A human.", "likes_count": 0, "replies_count": 0, "retweets_count": 0, "hashtags": []}
{"id": 1307469400526721024, "date": "2020-09-19", "time": "19:59:31", "tweet": "@Neopork85 @SpaceX @MarcusHouseGame @elonmusk @Erdayastronaut Wow. It’s beautiful. Starship is one of the few truly positive things about 2020.", "likes_count": 2, "replies_count": 0, "retweets_count": 0, "hashtags": []}
{"id": 1307469383925555200, "date": "2020-09-19", "time": "19:59:27", "tweet": "Elon musk said \"of course I still love you!\"", "likes_count": 0, "replies_count": 0, "retweets_count": 0, "hashtags": []}
{"id": 1307469365890220032, "date": "2020-09-19", "time": "19:59:23", "tweet": "vou mandar um email pro elon musk pedindo um notebook e 20 mil reais", "likes_count": 1, "replies_count": 0, "retweets_count": 0, "hashtags": []}
{"id": 1307469355098279940, "date": "2020-09-19", "time": "19:59:20", "tweet": "@Neopork85 @SpaceX @MarcusHouseGame @elonmusk @Erdayastronaut @ChrisG_NSF @SciGuySpace @13ericralph31 @FelixSchlang @ElonsWorld @SpaceToday1 Do you sell your renders as posters or T-shirts??", "likes_count": 0, "replies_count": 0, "retweets_count": 0, "hashtags": []}
{"id": 1307469273913323521, "date": "2020-09-19", "time": "19:59:01", "tweet": "@TSM @elonmusk", "likes_count": 0, "replies_count": 0, "retweets_count": 0, "hashtags": []}
{"id": 1307469256326430720, "date": "2020-09-19", "time": "19:58:56", "tweet": "@RationalEtienne @elonmusk @ajtourville @28delayslater @ICannot_Enough @PPathole @SamTalksTesla @mayemusk @Kristennetten @mojosusan @WholeMarsBlog Does this position provide life insurance? 😂", "likes_count": 2, "replies_count": 0, "retweets_count": 0, "hashtags": []}
{"id": 1307469250332889088, "date": "2020-09-19", "time": "19:58:55", "tweet": "@kiwi_sunset @elonmusk No Elon is bad", "likes_count": 0, "replies_count": 0, "retweets_count": 0, "hashtags": []}
{"id": 1307469247422099456, "date": "2020-09-19", "time": "19:58:54", "tweet": "@TheOnion I thought it was young Elon Musk from the 70s.", "likes_count": 0, "replies_count": 0, "retweets_count": 0, "hashtags": []}
{"id": 1307469245970870274, "date": "2020-09-19", "time": "19:58:54", "tweet": "@elonmusk 1/2 I’ll drop out right now and join the Neuralink team if given an offer:  • Software languages/environments: Swift, Java, Python 3, C/C++, Javascript, Xcode, Android Studio, React. •Mobile application development for embedded systems through Bluetooth and Wifi communication.", "likes_count": 3, "replies_count": 1, "retweets_count": 2, "hashtags": []}
{"id": 1307469220561723402, "date": "2020-09-19", "time": "19:58:48", "tweet": "@Neopork85 @SpaceX @MarcusHouseGame @elonmusk @Erdayastronaut @ChrisG_NSF @SciGuySpace @13ericralph31 @FelixSchlang @ElonsWorld @SpaceToday1 Love it! Is that you stood near Elon underneath it!", "likes_count": 0, "replies_count": 0, "retweets_count": 0, "hashtags": []}
{"id": 1307469217684389898, "date": "2020-09-19", "time": "19:58:47", "tweet": "@winonasrider @adam_waldman @elonmusk  https://t.co/VLi05uojqZ", "likes_count": 17, "replies_count": 0, "retweets_count": 0, "hashtags": []}
{"id": 1307469169672286220, "date": "2020-09-19", "time": "19:58:36", "tweet": "@GuptaKapil05 @SniderDerek @SpaceX @elonmusk Its not \"we are wasting\" as these are not your dollars, and certainly not for you to decide. This is yet another goalpost moving, from monopolizing of communication, through ecology, down to money not being spent the way you like. So, could you please make up your mind?", "likes_count": 0, "replies_count": 1, "retweets_count": 0, "hashtags": []}
{"id": 1307469154404970509, "date": "2020-09-19", "time": "19:58:32", "tweet": "@elonmusk Will that cause a genetic mutation. Future babies who's parents both had neuralink give birth to babies with abnormally large heads.", "likes_count": 0, "replies_count": 0, "retweets_count": 0, "hashtags": []}
{"id": 1307469129759285253, "date": "2020-09-19", "time": "19:58:26", "tweet": "@ArtTesl @elonmusk Yeah, comprehension can be difficult, but keep trying, you'll get it in the end. 🤭😝🤓  🤡 $TSLAQ 🤡", "likes_count": 0, "replies_count": 0, "retweets_count": 0, "hashtags": []}
{"id": 1307469123040018433, "date": "2020-09-19", "time": "19:58:25", "tweet": "@elonmusk What goes through your mind on a daily basis like what’s it like to be that smart??🤔🤔", "likes_count": 0, "replies_count": 0, "retweets_count": 0, "hashtags": []}
{"id": 1307469076655112193, "date": "2020-09-19", "time": "19:58:14", "tweet": "@tesla_raj @Teslatunity @jkparvadia @elonmusk Thank you sir.", "likes_count": 1, "replies_count": 0, "retweets_count": 0, "hashtags": []}
{"id": 1307469065678540800, "date": "2020-09-19", "time": "19:58:11", "tweet": "@WholeMarsBlog @elonmusk Everytime Tesla sells an $8k FSD it’s equivalent to more than:  114 years of Disney + 67 years of Amazon Prime 51 years of Netflix  Billed upfront, 100% margin.", "likes_count": 189, "replies_count": 8, "retweets_count": 21, "hashtags": []}
{"id": 1307469051946561539, "date": "2020-09-19", "time": "19:58:08", "tweet": "@elonmusk 😘  https://t.co/IMlL66200o", "likes_count": 0, "replies_count": 0, "retweets_count": 0, "hashtags": []}
{"id": 1307469051376132096, "date": "2020-09-19", "time": "19:58:08", "tweet": "@elonmusk Your employees just walked past us multiple times in the dealership without a single acknowledgement. Very disappointed.", "likes_count": 0, "replies_count": 0, "retweets_count": 0, "hashtags": []}
{"id": 1307469039955042306, "date": "2020-09-19", "time": "19:58:05", "tweet": "@elonmusk What about the finance and law students that you love? Can they join?", "likes_count": 2, "replies_count": 0, "retweets_count": 0, "hashtags": []}
{"id": 1307469030056439808, "date": "2020-09-19", "time": "19:58:03", "tweet": "@elonmusk Was that really you? I would have given up everything for a 1on1 conversation", "likes_count": 0, "replies_count": 0, "retweets_count": 0, "hashtags": []}
{"id": 1307469030027034624, "date": "2020-09-19", "time": "19:58:03", "tweet": "@ICannot_Enough @elonmusk Hey as a German (Tesla investor) I always wonder why as in this example often US sales are mentioned. But global is more humble and relevant Do you have these numbers too? 🍒 Picking is for shortsellers 😉 Btw the recent podcast on @HyperChangeTV  was incredibly credible.", "likes_count": 10, "replies_count": 3, "retweets_count": 0, "hashtags": []}
{"id": 1307469017154826240, "date": "2020-09-19", "time": "19:57:59", "tweet": "@WholeMarsBlog @elonmusk @karpathy If the car can safely stop, it should stop.", "likes_count": 0, "replies_count": 0, "retweets_count": 0, "hashtags": []}
{"id": 1307468997831675904, "date": "2020-09-19", "time": "19:57:55", "tweet": "@elonmusk @teslaownersSV @Model3Owners @TrungTPhan Mr. Musk believe me when I say that your successes - undeniable - are not my source of inspiration as much as courage, risk appetite and determination to pursue them. In this I saw an example in you.", "likes_count": 2, "replies_count": 1, "retweets_count": 0, "hashtags": []}
{"id": 1307468991280156672, "date": "2020-09-19", "time": "19:57:53", "tweet": "@joannab01868217 @elonmusk I hope he listen...", "likes_count": 0, "replies_count": 0, "retweets_count": 0, "hashtags": []}
{"id": 1307468983394643968, "date": "2020-09-19", "time": "19:57:51", "tweet": "@BLKMDL3 @elonmusk @teslaownersSV @Sofiaan @WholeMarsBlog @flcnhvy Feel the same way. Long drives don’t effect the body as much he you’re on AP most of the drive.", "likes_count": 1, "replies_count": 0, "retweets_count": 0, "hashtags": []}
{"id": 1307468964528664576, "date": "2020-09-19", "time": "19:57:47", "tweet": "@elonmusk Hi Elon, I invented a device for brain stimulation with low frequency low density magnetic stimulation. Im the owner of a German startup company NavaTec GmbH. Would like to get in touch with you about two projects. Best regards  Arash", "likes_count": 0, "replies_count": 1, "retweets_count": 0, "hashtags": []}
{"id": 1307468953829044226, "date": "2020-09-19", "time": "19:57:44", "tweet": "@elonmusk common Elon give us something cryptic :p", "likes_count": 0, "replies_count": 0, "retweets_count": 0, "hashtags": []}
{"id": 1307468834232819712, "date": "2020-09-19", "time": "19:57:16", "tweet": "@elonmusk @fermatslibrary can’t we just round it up to 4 for Millennials and GenZ crowd?", "likes_count": 0, "replies_count": 0, "retweets_count": 0, "hashtags": []}
{"id": 1307468830046851072, "date": "2020-09-19", "time": "19:57:15", "tweet": "@elonmusk @teslaownersSV @Model3Owners @TrungTPhan Extraordinary example of courage and self-denial. Once a man wiser than me said: make your job a hobby and you will never work for your entire life.", "likes_count": 3, "replies_count": 0, "retweets_count": 0, "hashtags": []}
{"id": 1307468788011544582, "date": "2020-09-19", "time": "19:57:05", "tweet": "@Stocktwits @elonmusk @mcuban", "likes_count": 1, "replies_count": 1, "retweets_count": 0, "hashtags": []}
{"id": 1307468759263784960, "date": "2020-09-19", "time": "19:56:58", "tweet": "@elonmusk Get more human interaction.. You want the best then use the best...  Superstars need more", "likes_count": 0, "replies_count": 0, "retweets_count": 0, "hashtags": []}
{"id": 1307468756562608128, "date": "2020-09-19", "time": "19:56:57", "tweet": "@lauren_kalo @elonmusk @Tesla 😂😂", "likes_count": 0, "replies_count": 0, "retweets_count": 0, "hashtags": []}
{"id": 1307468731824644096, "date": "2020-09-19", "time": "19:56:51", "tweet": "@ChippyEater @elonmusk @fermatslibrary That’s how I teach my students; Always convey clear meaning of the terminology.", "likes_count": 3, "replies_count": 0, "retweets_count": 0, "hashtags": []}
{"id": 1307468729261981697, "date": "2020-09-19", "time": "19:56:51", "tweet": "@elonmusk Please consider partnering with Miguel Nicolelis, a scientist who has worked with the brain-machine interface for over 20 years, with fantastic results. Its resources in line with Nicolelis' experience could greatly accelerate the rate of progress in this field of knowledge.  https://t.co/6rFxWVf1kE", "likes_count": 3, "replies_count": 1, "retweets_count": 0, "hashtags": []}
{"id": 1307468677609140229, "date": "2020-09-19", "time": "19:56:38", "tweet": "@SpazAu @elonmusk @kanyewest You just won the Internet.  https://t.co/s7IrqnkVdM", "likes_count": 1, "replies_count": 0, "retweets_count": 0, "hashtags": []}
