{"id": 1419084981507436552, "date": "2021-07-24", "time": "19:59:59", "tweet": "@CryptoB27159638 @Uniqly_io @elonmusk Bullshit.", "likes_count": 0, "replies_count": 0, "retweets_count": 0, "hashtags": []}
{"id": 1419084981209600000, "date": "2021-07-24", "time": "19:59:59", "tweet": "@elonmusk Trx :-)", "likes_count": 0, "replies_count": 0, "retweets_count": 0, "hashtags": []}
{"id": 1419084973999632388, "date": "2021-07-24", "time": "19:59:57", "tweet": "@EveryElonReply #Tesla @elonmusk everybody’s dream in the 70’s : you made it literally possible to mass produce.. *mic drop* epic sir ! 👍  https://t.co/aK4tB1AD6u", "likes_count": 2, "replies_count": 0, "retweets_count": 0, "hashtags": ["tesla"]}
{"id": 1419084972460290050, "date": "2021-07-24", "time": "19:59:57", "tweet": "@MohAwadeg @elonmusk NFTs that are still ranging", "likes_count": 0, "replies_count": 0, "retweets_count": 0, "hashtags": []}
{"id": 1419084969968685058, "date": "2021-07-24", "time": "19:59:56", "tweet": "@elonmusk .   https://t.co/Kgr02c6FdF", "likes_count": 0, "replies_count": 0, "retweets_count": 0, "hashtags": []}
{"id": 1419084966818942976, "date": "2021-07-24", "time": "19:59:56", "tweet": "@bbyethofficial @bbyethofficial is one of the most trusted and 💯% transparent project ever... @elonmusk  @Nad80245716 @chinonsokenn @Otumokpo471  #bbyethofficial", "likes_count": 0, "replies_count": 0, "retweets_count": 0, "hashtags": ["bbyethofficial"]}
{"id": 1419084961370488833, "date": "2021-07-24", "time": "19:59:54", "tweet": "@kevbot16 @PeterL971 @itsALLrisky @elonmusk don't even know where yall are going with this. both are fucked. the government and the corporations that hide behind it. two things can be true at once believe it or not.", "likes_count": 1, "replies_count": 1, "retweets_count": 0, "hashtags": []}
{"id": 1419084961123078145, "date": "2021-07-24", "time": "19:59:54", "tweet": "@nypmetro No do @elonmusk", "likes_count": 1, "replies_count": 0, "retweets_count": 0, "hashtags": []}
{"id": 1419084958694510594, "date": "2021-07-24", "time": "19:59:54", "tweet": "@elonmusk @WhatsupFranks @Teslarati The comments were quite comical, yet slightly insightful to a certain degree 🤣", "likes_count": 0, "replies_count": 0, "retweets_count": 0, "hashtags": []}
{"id": 1419084893200347139, "date": "2021-07-24", "time": "19:59:38", "tweet": "@SJosephBurns Elon Musk is Satoshi", "likes_count": 0, "replies_count": 0, "retweets_count": 0, "hashtags": []}
{"id": 1419084879598391301, "date": "2021-07-24", "time": "19:59:35", "tweet": "@AdrianoinJapan @DogeArmy @elonmusk If Tesla accepts #Doge  can it wait until #Doge is past $2 a coin so then I can use a nice portion of my account to buy a Tesla and still have a nice wallet size after :)", "likes_count": 1, "replies_count": 0, "retweets_count": 0, "hashtags": ["doge", "doge"]}
{"id": 1419084874850312193, "date": "2021-07-24", "time": "19:59:34", "tweet": "@elonmusk You must be referring to the UK.", "likes_count": 0, "replies_count": 0, "retweets_count": 0, "hashtags": []}
{"id": 1419084853451141120, "date": "2021-07-24", "time": "19:59:29", "tweet": "@teslaownersSV @elonmusk time to bring out the Roadster.", "likes_count": 0, "replies_count": 0, "retweets_count": 0, "hashtags": []}
{"id": 1419084847809761288, "date": "2021-07-24", "time": "19:59:27", "tweet": "@elonmusk They removed it ☹️", "likes_count": 0, "replies_count": 0, "retweets_count": 0, "hashtags": []}
{"id": 1419084809289277440, "date": "2021-07-24", "time": "19:59:18", "tweet": "@use4a_no @AkilahObviously @elonmusk For real curious: Are you for or against the Child Tax Credit?", "likes_count": 1, "replies_count": 1, "retweets_count": 0, "hashtags": []}
{"id": 1419084792767909891, "date": "2021-07-24", "time": "19:59:14", "tweet": "@elonmusk What about your billions on government subsidies? 🤔", "likes_count": 0, "replies_count": 0, "retweets_count": 0, "hashtags": []}
{"id": 1419084776858869762, "date": "2021-07-24", "time": "19:59:10", "tweet": "@millepun @WholeMarsBlog @elonmusk Is the Model 3 a compromised car? Is the Y a compromised car? Maybe the old Model S was a compromise, as well?", "likes_count": 0, "replies_count": 0, "retweets_count": 0, "hashtags": []}
