{"id": 1426695113611177984, "date": "2021-08-14", "time": "19:59:56", "tweet": "@aptera_motors @elonmusk Good luck! I love your vision and I really hope you succeed!", "likes_count": 0, "replies_count": 1, "retweets_count": 0, "hashtags": []}
{"id": 1426695111220531206, "date": "2021-08-14", "time": "19:59:55", "tweet": "@ShyCircusGirl @SamTwits @elonmusk We all gonna die now ..", "likes_count": 1, "replies_count": 1, "retweets_count": 0, "hashtags": []}
{"id": 1426695104576712709, "date": "2021-08-14", "time": "19:59:54", "tweet": "@teslaownersSV @elonmusk Kind of hard not to notice that door is up…..", "likes_count": 0, "replies_count": 0, "retweets_count": 0, "hashtags": []}
{"id": 1426695086881001476, "date": "2021-08-14", "time": "19:59:50", "tweet": "@elonmusk @CNBC @CNBCMakeIt @elonmusk you have no clue what you’re talking about.", "likes_count": 0, "replies_count": 0, "retweets_count": 0, "hashtags": []}
{"id": 1426695079624912900, "date": "2021-08-14", "time": "19:59:48", "tweet": "@JulietteKondova @WallStreetSilv @silverguru22 @DragonPisces @mike_maloney @silver_chiquita @ArcadiaEconomic @PeterSchiff @elonmusk @TheGoldAdvisor Who r u", "likes_count": 0, "replies_count": 0, "retweets_count": 0, "hashtags": []}
{"id": 1426695078354038787, "date": "2021-08-14", "time": "19:59:48", "tweet": "@TeslaNY @elonmusk Ask him about deserts. He lives in Texas!", "likes_count": 0, "replies_count": 0, "retweets_count": 0, "hashtags": []}
{"id": 1426695076995080196, "date": "2021-08-14", "time": "19:59:47", "tweet": "@elonmusk Tax the rich.", "likes_count": 0, "replies_count": 0, "retweets_count": 0, "hashtags": []}
{"id": 1426695069919334401, "date": "2021-08-14", "time": "19:59:46", "tweet": "@SpookiesNFT @elonmusk @slaveofsaturn", "likes_count": 0, "replies_count": 0, "retweets_count": 0, "hashtags": []}
{"id": 1426695042186498050, "date": "2021-08-14", "time": "19:59:39", "tweet": "@TeslaOwnersEBay @elonmusk @AustinTeslaClub @JaneidyEve @Manic_Marge @brookec_4 @Kristennetten @OwenSparks_ @Inelonwetrust__ @CodingMark @WhatsupFranks Well we know what happened in Rome", "likes_count": 0, "replies_count": 0, "retweets_count": 0, "hashtags": []}
{"id": 1426694987622739971, "date": "2021-08-14", "time": "19:59:26", "tweet": "@teslaownersSV @elonmusk idiot", "likes_count": 0, "replies_count": 0, "retweets_count": 0, "hashtags": []}
{"id": 1426694966722637825, "date": "2021-08-14", "time": "19:59:21", "tweet": "@nardopolo @elonmusk @slashdot need to read that twice to get what you said :)", "likes_count": 1, "replies_count": 1, "retweets_count": 0, "hashtags": []}
{"id": 1426694960405880833, "date": "2021-08-14", "time": "19:59:19", "tweet": "Super slow 250kW (not shared) why is that? @WholeMarsBlog @elonmusk #superchargermojave  https://t.co/FwuRQ6fFsQ", "likes_count": 0, "replies_count": 0, "retweets_count": 0, "hashtags": ["superchargermojave"]}
{"id": 1426694935739314177, "date": "2021-08-14", "time": "19:59:14", "tweet": "@Dikasso_ @Dogebits3d @garyvee @alexisohanian @elonmusk", "likes_count": 0, "replies_count": 0, "retweets_count": 0, "hashtags": []}
{"id": 1426694912699867137, "date": "2021-08-14", "time": "19:59:08", "tweet": "@Viduhe83 @elonmusk @BillyM2k @mcuban @greg16676935420 @DogeDisco @GloryDoge @topherAlba26 😂😂", "likes_count": 1, "replies_count": 0, "retweets_count": 0, "hashtags": []}
{"id": 1426694892412096514, "date": "2021-08-14", "time": "19:59:03", "tweet": "@teslaownersSV @elonmusk Driver’s fault, the car will definitely warn you if the doors are open", "likes_count": 0, "replies_count": 0, "retweets_count": 0, "hashtags": []}
{"id": 1426694887819284481, "date": "2021-08-14", "time": "19:59:02", "tweet": "@MilMileBattery @elonmusk @Tesla What is resale value of tesla cars after 2-3 years used.", "likes_count": 0, "replies_count": 2, "retweets_count": 0, "hashtags": []}
{"id": 1426694884661108740, "date": "2021-08-14", "time": "19:59:01", "tweet": "@elonmusk @alibabaei___ @alirezasf1996", "likes_count": 0, "replies_count": 0, "retweets_count": 0, "hashtags": []}
{"id": 1426694859230953472, "date": "2021-08-14", "time": "19:58:55", "tweet": "✊Si tú eres team @elonmusk, considera que los viajes de @SpaceX son más ambiciosos y están planeados para que estés en el espacio por varios días.🚀 Aunque eso sí, los precios serán muuuucho más elevados ya que ascienden a decenas de millones de dólares.🙃 #ElonMusk #SpaceX  https://t.co/EoxBP1MjTe", "likes_count": 0, "replies_count": 1, "retweets_count": 0, "hashtags": ["elonmusk", "spacex"]}
{"id": 1426694852444663809, "date": "2021-08-14", "time": "19:58:54", "tweet": "@DeepADiver2 @LoaneSlone @woaizhonguoren @serpentza @elonmusk @XHNews So basically anyone interested in investigating will get harassed yes?   https://t.co/eDUGOlH18e", "likes_count": 1, "replies_count": 0, "retweets_count": 0, "hashtags": []}
{"id": 1426694837282263041, "date": "2021-08-14", "time": "19:58:50", "tweet": "@Unknown36511 @elonmusk Xrp is its own beast no need for him.", "likes_count": 4, "replies_count": 1, "retweets_count": 1, "hashtags": []}
{"id": 1426694836887777284, "date": "2021-08-14", "time": "19:58:50", "tweet": "@elonmusk mad respect for floki #doge", "likes_count": 3, "replies_count": 0, "retweets_count": 0, "hashtags": ["doge"]}
{"id": 1426694771674779648, "date": "2021-08-14", "time": "19:58:34", "tweet": "@Bitcoin_Swan @brianarundel You might be right. It is certainly possible that @APompliano @elonmusk @kevinolearytv &amp; co will be able to cash out of #BTC in time, and then get into #BSV in time to benefit from potential future price appreciation - however, for me #BSV is the only coin of interest.", "likes_count": 1, "replies_count": 0, "retweets_count": 0, "hashtags": ["btc", "bsv", "bsv"]}
{"id": 1426694759050055684, "date": "2021-08-14", "time": "19:58:31", "tweet": "Elon Musk please come to Tunisia STEG: 👇🏻  https://t.co/wKfRIx7YcC", "likes_count": 11, "replies_count": 1, "retweets_count": 2, "hashtags": []}
{"id": 1426694754570539008, "date": "2021-08-14", "time": "19:58:30", "tweet": "@intocryptoverse @elonmusk @CNBC @CNBCMakeIt That's about it", "likes_count": 1, "replies_count": 0, "retweets_count": 0, "hashtags": []}
{"id": 1426694728309903361, "date": "2021-08-14", "time": "19:58:24", "tweet": "@elonmusk @slashdot + electric not-cars.", "likes_count": 76, "replies_count": 3, "retweets_count": 1, "hashtags": []}
{"id": 1426694728003825665, "date": "2021-08-14", "time": "19:58:24", "tweet": "@DexitFinance @1goonrich @elonmusk @cz_binance  keep an eye on this project. You should give it a try", "likes_count": 0, "replies_count": 0, "retweets_count": 0, "hashtags": []}
{"id": 1426694716482019328, "date": "2021-08-14", "time": "19:58:21", "tweet": "@elonmusk @CNBC @CNBCMakeIt If it's so good, why doesn't Tesla accept it as a means of payment?", "likes_count": 0, "replies_count": 0, "retweets_count": 0, "hashtags": []}
{"id": 1426694704628867076, "date": "2021-08-14", "time": "19:58:18", "tweet": "@CardsHawk @elonmusk Broooo only one thing you are just OP 💓.  LOVE YOU FOR SUCH AMAZING GIVEAWAYS   WAX Account Name: zrafw.wam", "likes_count": 0, "replies_count": 0, "retweets_count": 0, "hashtags": []}
{"id": 1426694701109989376, "date": "2021-08-14", "time": "19:58:18", "tweet": "@truth_tesla @Louisbotelho17 @SharonGChiara @ValaAfshar 1/ Proving my point. A guy named \"Tesla facts\" can't defend against Elon Musk's lies regarding Tesla. A car company that based off those lies is now worth $700B. More than every car company combined. Instead shows rockets from a separate company, and says \"See, I told you so.\"", "likes_count": 1, "replies_count": 2, "retweets_count": 0, "hashtags": []}
{"id": 1426694690015899651, "date": "2021-08-14", "time": "19:58:15", "tweet": "@dc_maetesla @Tesla @elonmusk Happy to help him with the house piece!", "likes_count": 0, "replies_count": 0, "retweets_count": 0, "hashtags": []}
{"id": 1426694681434509313, "date": "2021-08-14", "time": "19:58:13", "tweet": "@elonmusk This could help about many energy issues", "likes_count": 2, "replies_count": 0, "retweets_count": 0, "hashtags": []}
{"id": 1426694660328763401, "date": "2021-08-14", "time": "19:58:08", "tweet": "@WholeMarsBlog @elonmusk  https://t.co/Kd8RnKe6S6", "likes_count": 0, "replies_count": 0, "retweets_count": 0, "hashtags": []}
{"id": 1426694657422069770, "date": "2021-08-14", "time": "19:58:07", "tweet": "@Monsta_Infinite @elonmusk @AyyMG @1goonrich", "likes_count": 0, "replies_count": 0, "retweets_count": 0, "hashtags": []}
{"id": 1426694654293123072, "date": "2021-08-14", "time": "19:58:06", "tweet": "@truth_tesla @elonmusk @SPEXcast @TrungTPhan Taking a rocket for sub orbital transit to fly halfway across the world and be back in time for dinner is something that should never be.", "likes_count": 0, "replies_count": 0, "retweets_count": 0, "hashtags": []}
{"id": 1426694651432554496, "date": "2021-08-14", "time": "19:58:06", "tweet": "@not3worlds @WholeMarsBlog @elonmusk the car is not always at home and you want a powerwall to max your gains from solar.", "likes_count": 0, "replies_count": 0, "retweets_count": 0, "hashtags": []}
{"id": 1426694621250297857, "date": "2021-08-14", "time": "19:57:59", "tweet": "@MiniUSDC @ParikPatelCFA @elonmusk the next gems, potential x1000, legit reward, doxxed team, what are you waiting for, join the whitelist now🚀🚀 invite u friend😂 and familly", "likes_count": 4, "replies_count": 0, "retweets_count": 0, "hashtags": []}
{"id": 1426694614925266955, "date": "2021-08-14", "time": "19:57:57", "tweet": "@psychodogecoin @elonmusk @AustinDeSisto This is very nice tokan #psychodoge #psychoarmy", "likes_count": 1, "replies_count": 0, "retweets_count": 0, "hashtags": ["psychodoge", "psychoarmy"]}
{"id": 1426694612824035328, "date": "2021-08-14", "time": "19:57:57", "tweet": "@Bonanza_pilot @brookec_4 @TeslaOwnersEBay @elonmusk @AustinTeslaClub @JaneidyEve @Manic_Marge @Kristennetten @OwenSparks_ @Inelonwetrust__ @CodingMark @WhatsupFranks We will see how much moister is at the atmosphere. Another way is to use the air at the Mars station .", "likes_count": 0, "replies_count": 0, "retweets_count": 0, "hashtags": []}
{"id": 1426694610135355395, "date": "2021-08-14", "time": "19:57:56", "tweet": "Dear @elonmusk you must invest here. Because this is not only deflationary, but Future Eco- Revolutionary Token for Changing Our World. Thx @Bumoon_io   From the Lungs of the World To The Moon. Cmon Elon.", "likes_count": 2, "replies_count": 0, "retweets_count": 0, "hashtags": []}
{"id": 1426694606738051073, "date": "2021-08-14", "time": "19:57:55", "tweet": "@elonmusk @ajtourville  https://t.co/Y5RIuOojlP", "likes_count": 0, "replies_count": 0, "retweets_count": 0, "hashtags": []}
{"id": 1426694599427325957, "date": "2021-08-14", "time": "19:57:53", "tweet": "@PeterMcCormack @elonmusk @CNBC @CNBCMakeIt Peter you are funny 😁", "likes_count": 0, "replies_count": 0, "retweets_count": 0, "hashtags": []}
{"id": 1426694577789063168, "date": "2021-08-14", "time": "19:57:48", "tweet": "@elonmusk Market Makers ? 😝😁", "likes_count": 0, "replies_count": 0, "retweets_count": 0, "hashtags": []}
{"id": 1426694568523796481, "date": "2021-08-14", "time": "19:57:46", "tweet": "Space ship builder. I would have been a cooler, more humane Elon Musk.", "likes_count": 0, "replies_count": 0, "retweets_count": 0, "hashtags": []}
{"id": 1426694567940689923, "date": "2021-08-14", "time": "19:57:46", "tweet": "@dc_maetesla @Tesla @elonmusk Hell ya! Living the Colorado dream!", "likes_count": 0, "replies_count": 0, "retweets_count": 0, "hashtags": []}
{"id": 1426694563549401091, "date": "2021-08-14", "time": "19:57:45", "tweet": "@elonmusk My 🇺🇸 OWNED VIDEO SHARING APP \"UGO SHO\" HAS ARRIVED ON APPSTORE FOR TESTFLIGHT AND GOOGLE PLAY STORE! You don't have to have 1000 followers or to go LIVE!PLEASE GIVE ME A 5 🌟 REVIEW OR NOTHING AT ALL AT THIS BEGINNING POINT #UgoSho  #Share  https://t.co/F0LYy6U1zV", "likes_count": 0, "replies_count": 0, "retweets_count": 0, "hashtags": ["ugosho", "share"]}
{"id": 1426694559480832000, "date": "2021-08-14", "time": "19:57:44", "tweet": "@PauljHorton @CodingMark @elonmusk @RationalEtienne 🤣", "likes_count": 1, "replies_count": 0, "retweets_count": 0, "hashtags": []}
{"id": 1426694546424057857, "date": "2021-08-14", "time": "19:57:41", "tweet": "@justinbieber #FloydMayweather @ArianaGrande @selenagomez @BillGates @JeffBezos @WarrenBuffett @elonmusk @torikelly To My Hero Floyd Mayweather..=-)..16 Big Thank You Hugs My Hero Floyd..=-)..For Coming On With me..=-)..On Instagram..=-)..", "likes_count": 0, "replies_count": 1, "retweets_count": 0, "hashtags": ["floydmayweather"]}
{"id": 1426694527444717571, "date": "2021-08-14", "time": "19:57:36", "tweet": "Elon Musk again makes ‘fun’ of Jeff Bezos, here’s why  https://t.co/lv57DjYyzS", "likes_count": 0, "replies_count": 0, "retweets_count": 0, "hashtags": []}
{"id": 1426694522164051970, "date": "2021-08-14", "time": "19:57:35", "tweet": "@elonmusk please design a two seater electric car with a snap on second row of seats or snap on trunk, or snap on truck box. For those days when you need more room. Thanks 🙏🏼", "likes_count": 0, "replies_count": 0, "retweets_count": 0, "hashtags": []}
{"id": 1426694520910065666, "date": "2021-08-14", "time": "19:57:35", "tweet": "@WatchersTank @elonmusk @SpaceX skywatch", "likes_count": 0, "replies_count": 0, "retweets_count": 0, "hashtags": []}
{"id": 1426694504938156036, "date": "2021-08-14", "time": "19:57:31", "tweet": "@teslaownersSV @Tesla @elonmusk Still cost to much and cost to much on environment to make though but cool car 🚗", "likes_count": 0, "replies_count": 0, "retweets_count": 0, "hashtags": []}
{"id": 1426694492044857345, "date": "2021-08-14", "time": "19:57:28", "tweet": "@bobbi_parka @elonmusk  https://t.co/houGXdnOTT", "likes_count": 1, "replies_count": 0, "retweets_count": 0, "hashtags": []}
{"id": 1426694485111574529, "date": "2021-08-14", "time": "19:57:26", "tweet": "@elonmusk Bless the Maker and His water. Bless the coming and going of Him. May His passage cleanse the world. May He keep the world for His people.", "likes_count": 0, "replies_count": 0, "retweets_count": 0, "hashtags": []}
{"id": 1426694471169757186, "date": "2021-08-14", "time": "19:57:23", "tweet": "QR code to #Elonmusk #onlyfans  https://t.co/1U84MG1v9R", "likes_count": 0, "replies_count": 2, "retweets_count": 0, "hashtags": ["elonmusk", "onlyfans"]}
