{"id": 1434305270683996175, "date": "2021-09-04", "time": "19:59:59", "tweet": "@jasonderulo We are just listed on the bsc network. as you hold you gain $busd and $cake  #floki #herofloki #bsc #binancesmartchain #reward  #Binance @cz_binance @elonmusk  https://t.co/rorMKmle5e", "likes_count": 2, "replies_count": 0, "retweets_count": 1, "hashtags": ["floki", "herofloki", "bsc", "binancesmartchain", "reward", "binance"]}
{"id": 1434305255408291840, "date": "2021-09-04", "time": "19:59:55", "tweet": "@elonmusk Earth without the moon is like Dodge without Tesla do something Elon", "likes_count": 0, "replies_count": 0, "retweets_count": 0, "hashtags": []}
{"id": 1434305252904169476, "date": "2021-09-04", "time": "19:59:55", "tweet": "@Mont_Slice @FATCAKEtoken @Tesla @elonmusk gotta take a pic of that!", "likes_count": 0, "replies_count": 0, "retweets_count": 0, "hashtags": []}
{"id": 1434305248479244288, "date": "2021-09-04", "time": "19:59:53", "tweet": "Elon Musk is a wanker", "likes_count": 2, "replies_count": 1, "retweets_count": 1, "hashtags": []}
{"id": 1434305231525982208, "date": "2021-09-04", "time": "19:59:49", "tweet": "@elonmusk Are You Able to Land Huge Landers on Mars Which can Carry Huge Blowers So they can Analyze And See The Alleged Pyramids On Mars   Huge Robot Arms Can Penetrate The Sand Over the Structures", "likes_count": 0, "replies_count": 0, "retweets_count": 0, "hashtags": []}
{"id": 1434305196339781633, "date": "2021-09-04", "time": "19:59:41", "tweet": "@NicholasWayneW1 @elonmusk @TrungTPhan Sounds fascinating 😻", "likes_count": 0, "replies_count": 0, "retweets_count": 0, "hashtags": []}
{"id": 1434305186617380865, "date": "2021-09-04", "time": "19:59:39", "tweet": "@EvilBadger3 @heydave7 @elonmusk i personally think ipoing starlink is a horrible idea", "likes_count": 3, "replies_count": 1, "retweets_count": 0, "hashtags": []}
{"id": 1434305185224933377, "date": "2021-09-04", "time": "19:59:38", "tweet": "@ErcXspace @elonmusk @SpaceX vui vẻ hòa đồng siêng năng trong công việc, biết cầu tiến,", "likes_count": 0, "replies_count": 0, "retweets_count": 0, "hashtags": []}
{"id": 1434305183970955265, "date": "2021-09-04", "time": "19:59:38", "tweet": "@elonmusk holy cow batman! got my plaid yesterday. best car ever!!! and I've owned bentleys, bmws, etc. and been in my friends' ferraris, bugattis, etc. - nothing compares! not even close... so when it my founders series roadster going to ship? 😉😅😂🤣  https://t.co/Rl2zBx1rAq", "likes_count": 1, "replies_count": 2, "retweets_count": 0, "hashtags": []}
{"id": 1434305164563779586, "date": "2021-09-04", "time": "19:59:33", "tweet": "What is the Wifedoge? Meet the cryptocurrency 'wife' of Dogecoin that grew more than 3,000% in one day and Elon Musk already 'liked' it - Beaumont Enterprise  https://t.co/nTXxknuIDN #crypto #cryptocurrency  https://t.co/ph08nsHAF9", "likes_count": 0, "replies_count": 0, "retweets_count": 0, "hashtags": ["crypto", "cryptocurrency"]}
{"id": 1434305149745389573, "date": "2021-09-04", "time": "19:59:30", "tweet": "@hikingskiing @SawyerMerritt @elonmusk 🤣", "likes_count": 2, "replies_count": 0, "retweets_count": 0, "hashtags": []}
{"id": 1434305146717016065, "date": "2021-09-04", "time": "19:59:29", "tweet": "@elonmusk @thesheetztweetz @SquawkStreet You are a fucking coward Elon.", "likes_count": 0, "replies_count": 0, "retweets_count": 0, "hashtags": []}
{"id": 1434305127414968325, "date": "2021-09-04", "time": "19:59:25", "tweet": "@Pentosh1 @elonmusk @vajolleratzii bro pentoshi chillllllllllll 😂😂😂", "likes_count": 2, "replies_count": 1, "retweets_count": 0, "hashtags": []}
{"id": 1434305117436592137, "date": "2021-09-04", "time": "19:59:22", "tweet": "@elonmusk @TrungTPhan Would you take it public?", "likes_count": 32, "replies_count": 1, "retweets_count": 2, "hashtags": []}
{"id": 1434305093499691013, "date": "2021-09-04", "time": "19:59:17", "tweet": "@elonmusk @MarcusHouse Neuralink Solve your longevity problem Eternal consciousness is the ultimate form of life", "likes_count": 0, "replies_count": 0, "retweets_count": 0, "hashtags": []}
{"id": 1434305082502393856, "date": "2021-09-04", "time": "19:59:14", "tweet": "@phidippides26 @mmpadellan @Tesla @elonmusk Abbott is in Musks back pocket. Billionaire bought the TX GOP.", "likes_count": 0, "replies_count": 1, "retweets_count": 0, "hashtags": []}
{"id": 1434305079524352007, "date": "2021-09-04", "time": "19:59:13", "tweet": "Funny one @elonmusk 😂", "likes_count": 0, "replies_count": 0, "retweets_count": 0, "hashtags": []}
{"id": 1434305077087399937, "date": "2021-09-04", "time": "19:59:13", "tweet": "@anthonypesec @MoneyWhiskey @Tesla @elonmusk Ah yes.  The great dream.  When energy is free, then efficiency doesn’t matter.  Good one:-)  How is your investment in Nikola going?", "likes_count": 1, "replies_count": 1, "retweets_count": 0, "hashtags": []}
{"id": 1434305044204199937, "date": "2021-09-04", "time": "19:59:05", "tweet": "Tech evangelist Elon Musk is pushing ahead with his latest concept: satellite-enabled asteroid mining", "likes_count": 0, "replies_count": 0, "retweets_count": 0, "hashtags": []}
{"id": 1434305030576689155, "date": "2021-09-04", "time": "19:59:02", "tweet": "@TeslaPhx @28delayslater @elonmusk @jrosinski97 @vm_one1 @daelmor @marc_benton @NYKChannel @Sofiaan @yo_cybertruck @TeslaTruckClub Rocket launcher? Snow cone maker?  https://t.co/8eoZqJLon4", "likes_count": 1, "replies_count": 0, "retweets_count": 0, "hashtags": []}
