{"id": 1446988834936266754, "date": "2021-10-09", "time": "19:59:56", "tweet": "@elonmusk @SawyerMerritt @AustinTeslaClub My buddy @mikesumsky and I agree it must be held on April 20th!", "likes_count": 1, "replies_count": 0, "retweets_count": 0, "hashtags": []}
{"id": 1446988819635613700, "date": "2021-10-09", "time": "19:59:53", "tweet": "Elon Musk Suggests One Mean Tweet Prompted Tesla’s Move to Texas  https://t.co/AePpQNZhgT via @thedailybeast", "likes_count": 0, "replies_count": 0, "retweets_count": 0, "hashtags": []}
{"id": 1446988819425681408, "date": "2021-10-09", "time": "19:59:52", "tweet": "@usainbui @XRPLPUNKS @XummWallet @elonmusk @Shibtoken @BillyM2k Guilty🙋🏾", "likes_count": 1, "replies_count": 1, "retweets_count": 0, "hashtags": []}
{"id": 1446988781761056774, "date": "2021-10-09", "time": "19:59:43", "tweet": "@GenghisJon1 @SawyerMerritt @AustinTeslaClub @elonmusk There’s the hard part. Tesla doesn’t give too much advance notice.", "likes_count": 1, "replies_count": 0, "retweets_count": 0, "hashtags": []}
{"id": 1446988779353526274, "date": "2021-10-09", "time": "19:59:43", "tweet": "Costa Rica/ GUANACASTE es el lugar ideal para TESLA @Tesla @SpaceX @elonmusk", "likes_count": 0, "replies_count": 0, "retweets_count": 1, "hashtags": []}
{"id": 1446988775008112642, "date": "2021-10-09", "time": "19:59:42", "tweet": "@agnieszka_mdb @akk Nur zur Info, man kann inzwischen jemanden „@”n ohne Leerzeichen vor dem Ende des Namens, bspw. hier ist @elonmusk, (&lt;- Komma) mein Kumpel, den ich natürlich persönlich kenne.  https://t.co/6WToKoXXmg", "likes_count": 0, "replies_count": 0, "retweets_count": 0, "hashtags": []}
{"id": 1446988772667650054, "date": "2021-10-09", "time": "19:59:41", "tweet": "@ShibaInuHodler @elonmusk DOGE?", "likes_count": 0, "replies_count": 0, "retweets_count": 0, "hashtags": []}
{"id": 1446988764811759619, "date": "2021-10-09", "time": "19:59:39", "tweet": "@thehill TX since 1995, but especially now is acting, being run like an apartheid state.@elonmusk was born and raised in South Africa where the minority ruled with impunity.", "likes_count": 2, "replies_count": 0, "retweets_count": 0, "hashtags": []}
{"id": 1446988759849787393, "date": "2021-10-09", "time": "19:59:38", "tweet": "@thedailybeast Why Elon Musk isn’t paying his fair share of taxes would be a far more interesting story.", "likes_count": 7, "replies_count": 1, "retweets_count": 0, "hashtags": []}
{"id": 1446988755366252544, "date": "2021-10-09", "time": "19:59:37", "tweet": "@levisomnus @elonmusk @shortword btw no more radar on Teslas :D", "likes_count": 1, "replies_count": 1, "retweets_count": 0, "hashtags": []}
{"id": 1446988733249507329, "date": "2021-10-09", "time": "19:59:32", "tweet": "@elonmusk @SawyerMerritt @AustinTeslaClub Biggest Tesla owners haha fuck so much wrong", "likes_count": 0, "replies_count": 0, "retweets_count": 0, "hashtags": []}
{"id": 1446988727775940613, "date": "2021-10-09", "time": "19:59:31", "tweet": "@shibaa_token @elonmusk maybe he meant that tesla considers accepting payments with @shib  https://t.co/ReLdjLIoO1", "likes_count": 82, "replies_count": 8, "retweets_count": 9, "hashtags": []}
{"id": 1446988699237978116, "date": "2021-10-09", "time": "19:59:24", "tweet": "@elonmusk @SawyerMerritt @AustinTeslaClub Elon, you're the greatest CEO to have ever existed for so many reasons.  Thank you. 🙏🏽", "likes_count": 0, "replies_count": 0, "retweets_count": 0, "hashtags": []}
{"id": 1446988698650828800, "date": "2021-10-09", "time": "19:59:24", "tweet": "@elonmusk @SawyerMerritt @AustinTeslaClub Your mother lets you stay up THIS late?", "likes_count": 0, "replies_count": 0, "retweets_count": 0, "hashtags": []}
{"id": 1446988679508111361, "date": "2021-10-09", "time": "19:59:19", "tweet": "@elonmusk ….  A LA LUNA!", "likes_count": 4, "replies_count": 0, "retweets_count": 0, "hashtags": []}
{"id": 1446988674239959049, "date": "2021-10-09", "time": "19:59:18", "tweet": "[9/10 20:55] marina ♡: XXso XXdeixvea [9/10 20:57] marina ♡: o elon musk e a grimes escolhendo o nome do filho foi assim", "likes_count": 0, "replies_count": 0, "retweets_count": 0, "hashtags": []}
{"id": 1446988665884971013, "date": "2021-10-09", "time": "19:59:16", "tweet": "@elonmusk @SawyerMerritt @AustinTeslaClub Ne oldu kanka?", "likes_count": 0, "replies_count": 0, "retweets_count": 0, "hashtags": []}
{"id": 1446988658544824320, "date": "2021-10-09", "time": "19:59:14", "tweet": "@elonmusk @PeterDiamandis Ask the aliens Elon they know how it’s done ✅ we definitely need to develop this type of air craft  https://t.co/vktr1fjvfK", "likes_count": 1, "replies_count": 0, "retweets_count": 0, "hashtags": []}
{"id": 1446988631785283587, "date": "2021-10-09", "time": "19:59:08", "tweet": "@shibaa_token @elonmusk I am amaze at the amount of buyers coming into $SHIB , this shows 5x pontential soon!", "likes_count": 14, "replies_count": 5, "retweets_count": 1, "hashtags": []}
{"id": 1446988625904820225, "date": "2021-10-09", "time": "19:59:06", "tweet": "@SawyerMerritt @AustinTeslaClub @elonmusk And plants @LoneStarNursery", "likes_count": 0, "replies_count": 0, "retweets_count": 0, "hashtags": []}
{"id": 1446988620318060544, "date": "2021-10-09", "time": "19:59:05", "tweet": "@Bb1Kehn @elonmusk @Tesla @adamhoov @TeslaTruckClub @Inelonwetrust__ @DimaZeniuk @ajtourville @TravelTeslaDad @Manic_Marge @Model3Owners Same", "likes_count": 2, "replies_count": 0, "retweets_count": 0, "hashtags": []}
{"id": 1446988616383803396, "date": "2021-10-09", "time": "19:59:04", "tweet": "@elonmusk @flcnhvy @elonmusk…everything IS bigger in Texas.  There’s plenty of time to install one at Giga Texas.", "likes_count": 0, "replies_count": 0, "retweets_count": 0, "hashtags": []}
{"id": 1446988603956023303, "date": "2021-10-09", "time": "19:59:01", "tweet": "@Erdayastronaut @elonmusk @SawyerMerritt @AustinTeslaClub @GregAbbott_TX Surely that's part of the deal of moving the HQ.", "likes_count": 2, "replies_count": 0, "retweets_count": 0, "hashtags": []}
{"id": 1446988581579407360, "date": "2021-10-09", "time": "19:58:56", "tweet": "@levisomnus @elonmusk @shortword it's almost 10 years when I sat in a Benz taxi (taxis are often nice here due to better tx treatment) which had high beams on while driving a country road. The headlights made a dimmer actively tracking \"box\" around the car ahead of us as in not to blind it.", "likes_count": 8, "replies_count": 2, "retweets_count": 0, "hashtags": []}
{"id": 1446988563246166018, "date": "2021-10-09", "time": "19:58:51", "tweet": "@davidgokhshtein @elonmusk 😎", "likes_count": 0, "replies_count": 0, "retweets_count": 0, "hashtags": []}
{"id": 1446988542933184512, "date": "2021-10-09", "time": "19:58:47", "tweet": "@JohnCollins_KP @DrGJackBrown Elon Musk is a racist and I am guessing that's what appeals to him about Texas", "likes_count": 0, "replies_count": 0, "retweets_count": 0, "hashtags": []}
{"id": 1446988541347700746, "date": "2021-10-09", "time": "19:58:46", "tweet": "@Brashnir @Erdayastronaut @elonmusk @SawyerMerritt @AustinTeslaClub @GregAbbott_TX cope", "likes_count": 0, "replies_count": 0, "retweets_count": 0, "hashtags": []}
{"id": 1446988502734761987, "date": "2021-10-09", "time": "19:58:37", "tweet": "@chicago_glenn @elonmusk @Tesla @adamhoov @TeslaTruckClub @Inelonwetrust__ @DimaZeniuk @ajtourville @TravelTeslaDad @Manic_Marge @Model3Owners I want to drive it already LOL", "likes_count": 2, "replies_count": 1, "retweets_count": 0, "hashtags": []}
