{"id": 1449525552390578178, "date": "2021-10-16", "time": "19:59:57", "tweet": "@KINGNGUYN9 @DufresneAndyMe @haquangarch @ShibaInuHodler @elonmusk Doge-1 mission", "likes_count": 1, "replies_count": 0, "retweets_count": 0, "hashtags": []}
{"id": 1449525539082055681, "date": "2021-10-16", "time": "19:59:54", "tweet": "very good project @monaborzouei @MahsaNemat @NiloofarHamedi  #BSC #Binancen #Airdrop @elonmusk #PancakeSwap #bscgem #BNB #giveaway #cryptocurrency", "likes_count": 0, "replies_count": 0, "retweets_count": 0, "hashtags": ["bsc", "binancen", "airdrop", "pancakeswap", "bscgem", "bnb", "giveaway", "cryptocurrency"]}
{"id": 1449525538658324489, "date": "2021-10-16", "time": "19:59:53", "tweet": "@elonmusk Hey Elon, why not open a Gigafactory somewhere in Africa?   Yeah it'll be different, but look at the difference you can make.  You've always went out and done \" unthinkable \".", "likes_count": 1, "replies_count": 0, "retweets_count": 0, "hashtags": []}
{"id": 1449525474489782277, "date": "2021-10-16", "time": "19:59:38", "tweet": "@Kristennetten @Tesla @elonmusk Got mine on Order, but 7-seater!  Can’t wait!!", "likes_count": 1, "replies_count": 0, "retweets_count": 0, "hashtags": []}
{"id": 1449525474397282304, "date": "2021-10-16", "time": "19:59:38", "tweet": "@esmanursarii @Independent24tv @elonmusk", "likes_count": 0, "replies_count": 0, "retweets_count": 0, "hashtags": []}
{"id": 1449525473298558977, "date": "2021-10-16", "time": "19:59:38", "tweet": "@elonmusk @MattWallace888 If that would be possible and solve partly of the world's problem I will support you .", "likes_count": 0, "replies_count": 0, "retweets_count": 0, "hashtags": []}
{"id": 1449525459272847362, "date": "2021-10-16", "time": "19:59:35", "tweet": "@BettyRamon7 @sentosumosaba @DuckRocket2 @elonmusk", "likes_count": 1, "replies_count": 0, "retweets_count": 0, "hashtags": []}
{"id": 1449525435155496964, "date": "2021-10-16", "time": "19:59:29", "tweet": "@DogeGirl420 @elonmusk @dogeofficialceo 🤣🤣🤣 this is awesome!! Nice one Meagan!", "likes_count": 7, "replies_count": 0, "retweets_count": 0, "hashtags": []}
{"id": 1449525430227144707, "date": "2021-10-16", "time": "19:59:28", "tweet": "Filecoin will gradually show an upward trend. Do you want to get a lot of Filecoin? Just need to hold $BABYCORGI, you can get it continuously 🚀🚀🚀  @Filecoin  @IPFS  @elonmusk  @cz_binance", "likes_count": 5, "replies_count": 7, "retweets_count": 2, "hashtags": []}
{"id": 1449525378607878146, "date": "2021-10-16", "time": "19:59:15", "tweet": "@UniverCurious @mashable @elonmusk &amp; @kimbal &amp; @SpaceX be like: hold ma beer 😏🍺", "likes_count": 3, "replies_count": 0, "retweets_count": 0, "hashtags": []}
{"id": 1449525356147269634, "date": "2021-10-16", "time": "19:59:10", "tweet": "@xBabyFlokiCoin @BabyFlokiCoin @elonmusk  https://t.co/jqUnhMV7Qr", "likes_count": 0, "replies_count": 0, "retweets_count": 0, "hashtags": []}
{"id": 1449525335578480647, "date": "2021-10-16", "time": "19:59:05", "tweet": "@GhazaouiNordine @binance @OfficialSSLazio @xBabyFlokiCoin @Investments_CEO @elonmusk #BabyFlokiCoin", "likes_count": 0, "replies_count": 0, "retweets_count": 0, "hashtags": ["babyflokicoin"]}
{"id": 1449525307644522498, "date": "2021-10-16", "time": "19:58:58", "tweet": "#thevoiceofpoland #kleingegengross #TheBatman #OleOut #HEEAJA #MilanVerona #feyrkc #GothamKnights #dogecoin #babyshiba #coin #Bitcoin #CLV #CQT #ksm #ElonMusk #cryptocurrency #Binance  https://t.co/YaymxLetYB", "likes_count": 0, "replies_count": 1, "retweets_count": 0, "hashtags": ["thevoiceofpoland", "kleingegengross", "thebatman", "oleout", "heeaja", "milanverona", "feyrkc", "gothamknights", "dogecoin", "babyshiba", "coin", "bitcoin", "clv", "cqt", "ksm", "elonmusk", "cryptocurrency", "binance"]}
