{"id": 1358203810880045060, "date": "2021-02-06", "time": "18:59:57", "tweet": "@delcofallguy Maybe @elonmusk push at next the #giftocoin - start to buy!🚀🚀🚀#tothemoon", "likes_count": 0, "replies_count": 0, "retweets_count": 0, "hashtags": ["giftocoin", "tothemoon"]}
{"id": 1358203810825588737, "date": "2021-02-06", "time": "18:59:57", "tweet": "@PPathole @elonmusk @flcnhvy @AstroJordy @ashleevance Which I ironically saw yesterday, when I was at Barnes and nobles looking for a book, on how to write a book. The next aisle had a book with Mona Lisa on the cover, and as I went to reach for it, I saw the book with Elon’s picture below it.", "likes_count": 0, "replies_count": 0, "retweets_count": 1, "hashtags": []}
{"id": 1358203806421553155, "date": "2021-02-06", "time": "18:59:56", "tweet": "@genesimmons @SnoopDogg @elonmusk Buy buy buy!!!!!", "likes_count": 0, "replies_count": 0, "retweets_count": 0, "hashtags": []}
{"id": 1358203800046227456, "date": "2021-02-06", "time": "18:59:54", "tweet": "@MrBeastYT @elonmusk In this tweet, MrBeast makes a shocked face because he is excited Elon Musk is going to tell a story of some sort about 2 of his companies. Elon Musk is one of Jimmy’s role models, Jimmy often interacts with his tweets.", "likes_count": 18, "replies_count": 6, "retweets_count": 0, "hashtags": []}
{"id": 1358203787685593088, "date": "2021-02-06", "time": "18:59:51", "tweet": "Vieron los satelites de elon musk? Que pirador", "likes_count": 2, "replies_count": 0, "retweets_count": 0, "hashtags": []}
{"id": 1358203779586359296, "date": "2021-02-06", "time": "18:59:49", "tweet": "@elonmusk Ouhhh that gey ion like that", "likes_count": 0, "replies_count": 0, "retweets_count": 0, "hashtags": []}
{"id": 1358203779372490752, "date": "2021-02-06", "time": "18:59:49", "tweet": "@Pauldemo9 @elonmusk I was being overly optimistic on how fast we’ll get there! Lol", "likes_count": 1, "replies_count": 0, "retweets_count": 0, "hashtags": []}
{"id": 1358203778449764352, "date": "2021-02-06", "time": "18:59:49", "tweet": "@elonmusk God told me, \"You have to walk this coin road, my dear son,\" and I sold my car for this job. I've been walking ever since. :(", "likes_count": 0, "replies_count": 1, "retweets_count": 0, "hashtags": []}
{"id": 1358203778344755201, "date": "2021-02-06", "time": "18:59:49", "tweet": "@pifinity @DogecoinProfit Hold on to them👐💎🚀🌒 buy more if you can. There’s no stop now that #ElonMusk is endorsing publicly.", "likes_count": 1, "replies_count": 0, "retweets_count": 0, "hashtags": ["elonmusk"]}
{"id": 1358203768374849536, "date": "2021-02-06", "time": "18:59:47", "tweet": "@WholeMarsBlog @elonmusk trevor milton", "likes_count": 43, "replies_count": 5, "retweets_count": 0, "hashtags": []}
{"id": 1358203767993360387, "date": "2021-02-06", "time": "18:59:47", "tweet": "@elonmusk ( ͠° ͟ʖ ͡°)?", "likes_count": 0, "replies_count": 0, "retweets_count": 0, "hashtags": []}
{"id": 1358203765829042185, "date": "2021-02-06", "time": "18:59:46", "tweet": "@elonmusk Simply amazing! 6942.0", "likes_count": 0, "replies_count": 0, "retweets_count": 0, "hashtags": []}
{"id": 1358203764314939393, "date": "2021-02-06", "time": "18:59:46", "tweet": "@SnoopDogg @elonmusk #DOGE #dogecoin #dogecoinarmy  https://t.co/B9EpLvqtMe", "likes_count": 0, "replies_count": 0, "retweets_count": 0, "hashtags": ["doge", "dogecoin", "dogecoinarmy"]}
{"id": 1358203760477143043, "date": "2021-02-06", "time": "18:59:45", "tweet": "@WholeMarsBlog @elonmusk Nic Cage 😂😂", "likes_count": 6, "replies_count": 2, "retweets_count": 0, "hashtags": []}
{"id": 1358203756303822849, "date": "2021-02-06", "time": "18:59:44", "tweet": "@AKATwo4Two @Bradnabit @Chuy338 @davidgokhshtein @elonmusk yeah if there's one universal truth in this world its that once someone's rich, they never try to make more money", "likes_count": 1, "replies_count": 2, "retweets_count": 0, "hashtags": []}
{"id": 1358203756219944963, "date": "2021-02-06", "time": "18:59:44", "tweet": "@elonmusk what's 14.993?", "likes_count": 0, "replies_count": 0, "retweets_count": 0, "hashtags": []}
{"id": 1358203754726653952, "date": "2021-02-06", "time": "18:59:43", "tweet": "Seperti mobil @tesla milik @elonmusk, kakak mu tidak berisik, ramah ke lingkungan, pantas dihargai mahal bagi minoritas yang paham dan dapat melihat dari sisi yang jarang diketahui.", "likes_count": 0, "replies_count": 0, "retweets_count": 0, "hashtags": []}
{"id": 1358203752973545473, "date": "2021-02-06", "time": "18:59:43", "tweet": "@Hasan27804074 @elonmusk 😁", "likes_count": 0, "replies_count": 0, "retweets_count": 0, "hashtags": []}
{"id": 1358203748032471042, "date": "2021-02-06", "time": "18:59:42", "tweet": "@issaufobro @elonmusk I think I’ve asked him this question in 100 different ways or so by now. Possible it’s just never managed to get in front of his eyes. Can’t imagine his Twitter feed 😜", "likes_count": 0, "replies_count": 0, "retweets_count": 0, "hashtags": []}
{"id": 1358203743054028800, "date": "2021-02-06", "time": "18:59:41", "tweet": "@elonmusk #dogecoin #dogearmy #dogeto1dollar #DOGE $DOGE", "likes_count": 1, "replies_count": 0, "retweets_count": 1, "hashtags": ["dogecoin", "dogearmy", "dogeto1dollar", "doge"]}
{"id": 1358203741468585984, "date": "2021-02-06", "time": "18:59:40", "tweet": "@elonmusk dude, you have yet to truly explore what tesla was all about.  sit down.", "likes_count": 1, "replies_count": 0, "retweets_count": 0, "hashtags": []}
{"id": 1358203738343677953, "date": "2021-02-06", "time": "18:59:40", "tweet": "@elonmusk Yes!!! LoL", "likes_count": 1, "replies_count": 0, "retweets_count": 0, "hashtags": []}
{"id": 1358203736649199617, "date": "2021-02-06", "time": "18:59:39", "tweet": "@Andrewbehhh @Chuy338 @MJayyyB @yourstruly33 @davidgokhshtein @elonmusk Yup, and so it is really negative to say Doge is a shitcoin to a bunch of dumbasses buying because Elon tweets.  I get it. Out numbered here by the zombie masses.", "likes_count": 2, "replies_count": 1, "retweets_count": 0, "hashtags": []}
{"id": 1358203736242466818, "date": "2021-02-06", "time": "18:59:39", "tweet": "@SnoopDogg @elonmusk Even Snoop", "likes_count": 0, "replies_count": 0, "retweets_count": 0, "hashtags": []}
{"id": 1358203733054656515, "date": "2021-02-06", "time": "18:59:38", "tweet": "@elonmusk thought you were logging off for a while, fuckstick", "likes_count": 0, "replies_count": 0, "retweets_count": 0, "hashtags": []}
{"id": 1358203729653223424, "date": "2021-02-06", "time": "18:59:38", "tweet": "@JasonLicker @elonmusk doing good doing good #dogecoin #onit", "likes_count": 5, "replies_count": 0, "retweets_count": 6, "hashtags": ["dogecoin", "onit"]}
{"id": 1358203727631507462, "date": "2021-02-06", "time": "18:59:37", "tweet": "@elonmusk Nice intro to your new 🐕 📺", "likes_count": 0, "replies_count": 0, "retweets_count": 0, "hashtags": []}
{"id": 1358203725777686530, "date": "2021-02-06", "time": "18:59:37", "tweet": "@PeterSchiff @inversebrah @mwade02 @elonmusk One of the last survivors of the oldeconomist who still believes that gold has value just because it is physical.  😆😆😆😆 Grandpa .. It's game over.  It is the turn of the neweconomy and millennials.  Checkmate", "likes_count": 1, "replies_count": 1, "retweets_count": 1, "hashtags": []}
{"id": 1358203721474277376, "date": "2021-02-06", "time": "18:59:36", "tweet": "@thechoosen1_777 @elonmusk Agreed, blackmail doesn't work on heroes!", "likes_count": 2, "replies_count": 0, "retweets_count": 0, "hashtags": []}
{"id": 1358203720824152071, "date": "2021-02-06", "time": "18:59:35", "tweet": "@elonmusk hottest toys.", "likes_count": 0, "replies_count": 0, "retweets_count": 0, "hashtags": []}
{"id": 1358203720530616323, "date": "2021-02-06", "time": "18:59:35", "tweet": "@SnoopDogg @elonmusk All these haters bought this week when the price was.05, don’t hate because I bought in at .002", "likes_count": 0, "replies_count": 0, "retweets_count": 0, "hashtags": []}
{"id": 1358203716084588545, "date": "2021-02-06", "time": "18:59:34", "tweet": "@dogecoinww @elonmusk Good stuff kicking", "likes_count": 0, "replies_count": 0, "retweets_count": 0, "hashtags": []}
{"id": 1358203714230571008, "date": "2021-02-06", "time": "18:59:34", "tweet": "@charmiloug08 @elonmusk Then bring me to Mars after charot hahahahhaha", "likes_count": 1, "replies_count": 1, "retweets_count": 0, "hashtags": []}
{"id": 1358203713219870724, "date": "2021-02-06", "time": "18:59:34", "tweet": "@DOGEREVOLUTION1 Maybe @elonmusk push at next the #giftocoin - start to buy!🚀🚀🚀#tothemoon", "likes_count": 0, "replies_count": 0, "retweets_count": 0, "hashtags": ["giftocoin", "tothemoon"]}
{"id": 1358203708752818177, "date": "2021-02-06", "time": "18:59:33", "tweet": "@WholeMarsBlog @elonmusk @elonmusk tbh.", "likes_count": 9, "replies_count": 1, "retweets_count": 0, "hashtags": []}
{"id": 1358203705825390593, "date": "2021-02-06", "time": "18:59:32", "tweet": "@XRPcryptowolf @elonmusk I can’t wait for the day when drops are comparable to pennies! 🤑", "likes_count": 0, "replies_count": 0, "retweets_count": 0, "hashtags": []}
{"id": 1358203704923594753, "date": "2021-02-06", "time": "18:59:32", "tweet": "#elonmusk", "likes_count": 0, "replies_count": 0, "retweets_count": 1, "hashtags": ["elonmusk"]}
{"id": 1358203702688047107, "date": "2021-02-06", "time": "18:59:31", "tweet": "#Biden cancels #ElonMusk's adventures in space! New president is making his #spacepolicy increasingly clear: #America will remain grounded for the time being  https://t.co/Bn1nUZIXZQ Tijdje terug tweette ik dit als gerucht. Nu is 't 'n feit. Musk kan z'n #SpaceX programma vergeten", "likes_count": 2, "replies_count": 1, "retweets_count": 2, "hashtags": ["biden", "elonmusk", "spacepolicy", "america", "spacex"]}
{"id": 1358203701182234624, "date": "2021-02-06", "time": "18:59:31", "tweet": "@NathanBurba @elonmusk @TheOnion @TheBabylonBee It’s satire. It’s supposed to be disinformation 🤦‍♂️", "likes_count": 0, "replies_count": 1, "retweets_count": 0, "hashtags": []}
{"id": 1358203691564625926, "date": "2021-02-06", "time": "18:59:28", "tweet": "@elonmusk  https://t.co/pCdLeJJv60", "likes_count": 1, "replies_count": 0, "retweets_count": 1, "hashtags": []}
