{"id": 1454598980424245251, "date": "2021-10-30", "time": "19:59:56", "tweet": "@ShibainuCoin @elonmusk @Trees_token @Cointelegraph We we they love the $SHIB   #ShibaArmy", "likes_count": 0, "replies_count": 0, "retweets_count": 0, "hashtags": ["shibaarmy"]}
{"id": 1454598979644239872, "date": "2021-10-30", "time": "19:59:56", "tweet": "@SpaceX @elonmusk @NASA @esa @Commercial_Crew @Astro_Raja @AstroMarshburn @astro_matthias Do you love the DOGE or do you love me? 😜😜😜", "likes_count": 1, "replies_count": 1, "retweets_count": 1, "hashtags": []}
{"id": 1454598979312750596, "date": "2021-10-30", "time": "19:59:56", "tweet": "@Bybit_Official @1solProtocol @elonmusk @binance", "likes_count": 0, "replies_count": 0, "retweets_count": 0, "hashtags": []}
{"id": 1454598973122097152, "date": "2021-10-30", "time": "19:59:54", "tweet": "@RubenTeslaM3 @travjax71 @elonmusk @Tesla i think you go to home depot every day or maybe your neighbor throws screws in your driveway?  but i did have a run of bad luck too.  that is why i said to keep a mid work, just in case.", "likes_count": 0, "replies_count": 0, "retweets_count": 0, "hashtags": []}
{"id": 1454598972899684357, "date": "2021-10-30", "time": "19:59:54", "tweet": "@MinimalDuck @teslaownersSV @tesla_raj @elonmusk @Tesla Beautiful! Have you been to Vermont Street?", "likes_count": 1, "replies_count": 1, "retweets_count": 0, "hashtags": []}
{"id": 1454598952435609600, "date": "2021-10-30", "time": "19:59:50", "tweet": "@inevitable360 @mishaboar @elonmusk @mcuban @dogecoin_devs @VitalikButerin #WeAreDOGE", "likes_count": 0, "replies_count": 0, "retweets_count": 0, "hashtags": ["wearedoge"]}
{"id": 1454598949734653954, "date": "2021-10-30", "time": "19:59:49", "tweet": "Elon Musk pide que no se cobre el impuesto a multimillonarios propuesto por la Casa Blanca para que él pueda seguir con su plan de llevar a la humanidad a Marte  https://t.co/yM2zK6oQKt", "likes_count": 1, "replies_count": 0, "retweets_count": 0, "hashtags": []}
{"id": 1454598946647646211, "date": "2021-10-30", "time": "19:59:48", "tweet": "@elonmusk @wapodavenport How about saving the planet we are on? Eradicating world hunger? Paying 30% of taxes like I do? You will kill this planet so you and your cronies can live on a dead planet with no oxygen? How does that make sense?", "likes_count": 0, "replies_count": 0, "retweets_count": 0, "hashtags": []}
{"id": 1454598944286130176, "date": "2021-10-30", "time": "19:59:48", "tweet": "@90BE90 @UltraRareUK @MattWallace888 @elonmusk", "likes_count": 0, "replies_count": 0, "retweets_count": 0, "hashtags": []}
{"id": 1454598943082491908, "date": "2021-10-30", "time": "19:59:47", "tweet": "I can't believe anyone has ever had sex with Elon Musk", "likes_count": 4, "replies_count": 1, "retweets_count": 0, "hashtags": []}
{"id": 1454598935838928899, "date": "2021-10-30", "time": "19:59:46", "tweet": "@LoverVra @elonmusk 😂", "likes_count": 1, "replies_count": 1, "retweets_count": 0, "hashtags": []}
{"id": 1454598926896549891, "date": "2021-10-30", "time": "19:59:43", "tweet": "@KINGSHIBABSC @elonmusk This looks so exciting! Good luck to those who joined in this contest😎🙏🙏", "likes_count": 2, "replies_count": 0, "retweets_count": 1, "hashtags": []}
{"id": 1454598923780243464, "date": "2021-10-30", "time": "19:59:43", "tweet": "@KINGSHIBABSC @elonmusk Funny contest😁...I wonder what kind of dances will win😉!?", "likes_count": 0, "replies_count": 0, "retweets_count": 0, "hashtags": []}
{"id": 1454598904536764421, "date": "2021-10-30", "time": "19:59:38", "tweet": "@elonmusk With a foundation to Prepare,train and educate the chosen future ones living on Mars too", "likes_count": 0, "replies_count": 0, "retweets_count": 0, "hashtags": []}
{"id": 1454598901953138691, "date": "2021-10-30", "time": "19:59:38", "tweet": "@FlokiFomo1 The project is implemented professionally and has a clear development plan.I wish this project success.This project have potential to boom. @Vincent_wealth @Vilagebot  @RoctivDigital  @FagbemiEbeneze6 #FlokiFomo #ElonMusk #BSC #Binance #Mars", "likes_count": 0, "replies_count": 0, "retweets_count": 0, "hashtags": ["flokifomo", "elonmusk", "bsc", "binance", "mars"]}
