{"id": 1360740527059050499, "date": "2021-02-13", "time": "18:59:57", "tweet": "Thanks, Elon Musk😂", "likes_count": 0, "replies_count": 0, "retweets_count": 0, "hashtags": []}
{"id": 1360740526853603329, "date": "2021-02-13", "time": "18:59:57", "tweet": "@elonmusk @haydentiff @dixonspace @Kristennetten @CathieDWood You need to know one thing: Tether scam.", "likes_count": 1, "replies_count": 0, "retweets_count": 0, "hashtags": []}
{"id": 1360740522575491075, "date": "2021-02-13", "time": "18:59:56", "tweet": "@elonmusk Buy more Doge", "likes_count": 0, "replies_count": 0, "retweets_count": 0, "hashtags": []}
{"id": 1360740521585635328, "date": "2021-02-13", "time": "18:59:56", "tweet": "@dkrymov @techAU @elonmusk That's good, i think in Bucharest are just a couple of chargers. Hybrid cars are more affordable, but have their cons, also.", "likes_count": 0, "replies_count": 0, "retweets_count": 0, "hashtags": []}
{"id": 1360740504019722240, "date": "2021-02-13", "time": "18:59:52", "tweet": "Elon Musk wants a piece of FTM $FTM. I know he does LOL     #FTMto1Dollar   #FTMtotheMoon     #FTM  ", "likes_count": 1, "replies_count": 0, "retweets_count": 0, "hashtags": ["ftmto1dollar", "ftmtothemoon", "ftm"]}
{"id": 1360740498927984642, "date": "2021-02-13", "time": "18:59:50", "tweet": "@KandilasTimothy @joerogan @elonmusk @Tesla Their computers ability to make these adjustments in the split seconds before deployment is definitely hard to fathom.", "likes_count": 6, "replies_count": 2, "retweets_count": 0, "hashtags": []}
{"id": 1360740493416628224, "date": "2021-02-13", "time": "18:59:49", "tweet": "@boringcompany @elonmusk и индивидуального транспорта, это широкий спектр элементов инфраструктуры: новые водопроводные трубы когда понадобится менять износившиеся, прокладка кабеля - стекловолокна, автоматизированные пути для удаления мусора с улиц, пути для автоматических дронов подвозящих товары в", "likes_count": 0, "replies_count": 1, "retweets_count": 0, "hashtags": []}
{"id": 1360740482071089159, "date": "2021-02-13", "time": "18:59:46", "tweet": "@elonmusk @KremlinRussia_E would like to see this show of genius guys except of putin", "likes_count": 1, "replies_count": 0, "retweets_count": 0, "hashtags": []}
{"id": 1360740475385315332, "date": "2021-02-13", "time": "18:59:45", "tweet": "@elonmusk Likely involved a committee.", "likes_count": 0, "replies_count": 0, "retweets_count": 0, "hashtags": []}
{"id": 1360740471635648517, "date": "2021-02-13", "time": "18:59:44", "tweet": "@elonmusk @KremlinRussia_E There must be some sort of exclusivity agreement between SpaceX and NASA right?", "likes_count": 1, "replies_count": 0, "retweets_count": 0, "hashtags": []}
{"id": 1360740466946420737, "date": "2021-02-13", "time": "18:59:43", "tweet": "Lack of bulls on the exchanges! I propose to create a fund to protect the bulls breed #elrond from extinction. What do you think @elonmusk?  $EGLD will go to the moon as well as Falcon Heavy🚀🌕", "likes_count": 48, "replies_count": 3, "retweets_count": 10, "hashtags": ["elrond"]}
{"id": 1360740461514809348, "date": "2021-02-13", "time": "18:59:42", "tweet": "@R2_collectibles @elonmusk  https://t.co/xy95DoADnj", "likes_count": 0, "replies_count": 0, "retweets_count": 0, "hashtags": []}
{"id": 1360740458821939201, "date": "2021-02-13", "time": "18:59:41", "tweet": "@elonmusk hello Sir", "likes_count": 0, "replies_count": 0, "retweets_count": 0, "hashtags": []}
{"id": 1360740449929994243, "date": "2021-02-13", "time": "18:59:39", "tweet": "@JonErlichman @ElonsWorld Mannerisms of an Alien, you will be home soon @elonmusk #dogearmy", "likes_count": 0, "replies_count": 0, "retweets_count": 0, "hashtags": ["dogearmy"]}
{"id": 1360740448655073280, "date": "2021-02-13", "time": "18:59:38", "tweet": "@buddy_alright @Manic_Marge @elonmusk @Tesla I just kinda think it's way safer is a car takes a bit of time before accelerating to such speeds. Tesla is a very safe car but that won't be much use when you plow through a kindergarten or something if you step on the pedal too quickly", "likes_count": 0, "replies_count": 0, "retweets_count": 0, "hashtags": []}
{"id": 1360740444032946179, "date": "2021-02-13", "time": "18:59:37", "tweet": "@elonmusk  https://t.co/WddlNhCNs9", "likes_count": 0, "replies_count": 0, "retweets_count": 0, "hashtags": []}
{"id": 1360740435648532480, "date": "2021-02-13", "time": "18:59:35", "tweet": "Liked on YouTube: The Joe Rogan Experience #1609 - Elon Musk  https://t.co/UfrLdrrxJW", "likes_count": 0, "replies_count": 0, "retweets_count": 0, "hashtags": []}
{"id": 1360740425980661761, "date": "2021-02-13", "time": "18:59:33", "tweet": "I want to gain admission into MIT cause it has always been my dream school and I know I would excel and become the best. #MIT #DonaldTrump #SchoolFees  #Twitter #Facebook #Google #ElonMusk", "likes_count": 1, "replies_count": 1, "retweets_count": 0, "hashtags": ["mit", "donaldtrump", "schoolfees", "twitter", "facebook", "google", "elonmusk"]}
{"id": 1360740402844827653, "date": "2021-02-13", "time": "18:59:28", "tweet": "Elon Musk Thinks CBD Is ‘Fake,’ But Joe Rogan Teaches Him A Lesson -  https://t.co/kvAnnuGEfZ  https://t.co/Eoyz089ckN", "likes_count": 0, "replies_count": 0, "retweets_count": 0, "hashtags": []}
{"id": 1360740393038483456, "date": "2021-02-13", "time": "18:59:25", "tweet": "@elonmusk @KremlinRussia_E @elonmusk You should really consider highlighting or inviting  @inspectorplanet to your clubhouse conversation. With her amazing work protecting the environment, the planet, &amp; raising  STEM education worldwide. Plus supporter of @tesla  #InspectorPlanet #WomenInSTEM #Superhero  https://t.co/3mEgjbh8RB", "likes_count": 2, "replies_count": 0, "retweets_count": 1, "hashtags": ["inspectorplanet", "womeninstem", "superhero"]}
{"id": 1360740380761862145, "date": "2021-02-13", "time": "18:59:22", "tweet": "@DogeCoinChair @elonmusk Etherium is where you see the next pump at.", "likes_count": 0, "replies_count": 0, "retweets_count": 0, "hashtags": []}
{"id": 1360740377364492292, "date": "2021-02-13", "time": "18:59:21", "tweet": "@vergecurrency and $doge profits will buy me this.  #xvg $xvg @elonmusk  https://t.co/1PZcSb4Dyn", "likes_count": 9, "replies_count": 0, "retweets_count": 0, "hashtags": ["xvg"]}
{"id": 1360740371937038336, "date": "2021-02-13", "time": "18:59:20", "tweet": "@CHADPAXTON2 @gomez_brilliant @elonmusk @genesimmons @dogecoinarmy Couldn't have said it better. This is investment, not a get rich 5 minutes after you buy lol  https://t.co/uIHGOFruyB", "likes_count": 1, "replies_count": 0, "retweets_count": 0, "hashtags": []}
{"id": 1360740363887996929, "date": "2021-02-13", "time": "18:59:18", "tweet": "@litecoin #LTC #BTC   @elonmusk #Bitcoin  @Mastercard   $240 is coming in the next few hours.", "likes_count": 2, "replies_count": 3, "retweets_count": 0, "hashtags": ["ltc", "btc", "bitcoin"]}
{"id": 1360740361879105540, "date": "2021-02-13", "time": "18:59:18", "tweet": "@elonmusk Me, an european: WHAT THE FUCK IS HAPPENING HERE?", "likes_count": 1, "replies_count": 0, "retweets_count": 0, "hashtags": []}
{"id": 1360740357915348992, "date": "2021-02-13", "time": "18:59:17", "tweet": "@MulletNationInc @Bucco_Blast @elonmusk Just a couple of conmen hanging out....", "likes_count": 1, "replies_count": 0, "retweets_count": 0, "hashtags": []}
{"id": 1360740353280729089, "date": "2021-02-13", "time": "18:59:16", "tweet": "Elon Musk Asks Kremlin for a Talk on the Clubhouse App – Bloomberg  https://t.co/jUi1m4hZ1R", "likes_count": 0, "replies_count": 0, "retweets_count": 0, "hashtags": []}
{"id": 1360740347626876929, "date": "2021-02-13", "time": "18:59:14", "tweet": "@elonmusk @elwalvador @PPathole @dixonspace @Kristennetten @CathieDWood Man, this guy is satoshi.", "likes_count": 1, "replies_count": 0, "retweets_count": 0, "hashtags": []}
{"id": 1360740347035418628, "date": "2021-02-13", "time": "18:59:14", "tweet": "@JohnnyF42128768 @elonmusk @KremlinRussia_E Dm me", "likes_count": 0, "replies_count": 0, "retweets_count": 0, "hashtags": []}
{"id": 1360740324134502400, "date": "2021-02-13", "time": "18:59:09", "tweet": "@elonmusk @KremlinRussia_E  https://t.co/8LNo5yFZXV", "likes_count": 0, "replies_count": 0, "retweets_count": 0, "hashtags": []}
{"id": 1360740322779799555, "date": "2021-02-13", "time": "18:59:08", "tweet": "Elon Musk CEO Of Tesla Bought Bitcoin Worth $1.5 Billion For Cryptocurrency As Digital Payment  https://t.co/rs4MEFKcFg #cryptocurrency #BitcoinCash", "likes_count": 0, "replies_count": 4, "retweets_count": 0, "hashtags": ["cryptocurrency", "bitcoincash"]}
{"id": 1360740319982157835, "date": "2021-02-13", "time": "18:59:08", "tweet": "@loafingpenguin1 @Mariusz87688271 @nishantmehtaa @elonmusk Our crypto alert found out #BPS pump coin $NEBL The prices of crypto coins are based on demand. The best way to check the demand of coins is by joining a big community.   https://t.co/JyKKqAxJhD", "likes_count": 0, "replies_count": 0, "retweets_count": 0, "hashtags": ["bps"]}
{"id": 1360740313128697856, "date": "2021-02-13", "time": "18:59:06", "tweet": "@elonmusk Eñ honor seria mio", "likes_count": 0, "replies_count": 0, "retweets_count": 0, "hashtags": []}
{"id": 1360740299128111105, "date": "2021-02-13", "time": "18:59:03", "tweet": "@elonmusk @KremlinRussia_E I don't understand why you people want to leave this beautiful planet.  I even feel my eyes are tired when I see the pictures of Mars.", "likes_count": 0, "replies_count": 0, "retweets_count": 0, "hashtags": []}
{"id": 1360740294858170369, "date": "2021-02-13", "time": "18:59:02", "tweet": "@chancepoet @elonmusk So... no coup... good start. Not sure you NEED Mr. Musk...but 🤞🏽. Go to your local college and speak to the political science students/professor... they would love to help! Best of luck to you!", "likes_count": 1, "replies_count": 1, "retweets_count": 0, "hashtags": []}
{"id": 1360740287585398784, "date": "2021-02-13", "time": "18:59:00", "tweet": "Elon Musk Could Face SEC Investigation Over Tesla’s Bitcoin Buy, Lawyers Warn  #Bitcoin #News #Cryptocurrency", "likes_count": 0, "replies_count": 4, "retweets_count": 1, "hashtags": ["bitcoin", "news", "cryptocurrency"]}
{"id": 1360740286142566401, "date": "2021-02-13", "time": "18:59:00", "tweet": "@elonmusk  https://t.co/TvOxRQzFYj", "likes_count": 0, "replies_count": 0, "retweets_count": 0, "hashtags": []}
{"id": 1360740278617874433, "date": "2021-02-13", "time": "18:58:58", "tweet": "@elonmusk Hey #NancyPelosi &amp; @RepAOC why is it that if anyone (Gen. #Flynn) or anyone in Trump Admin has comms w/Russians, is treasonous, but TESLA Elon can suck up to #Putin on Twitter, GO BUILD HIS CARS IN CHINA 🉐🇨🇳 &amp; of course troll heavy on #GameStop stock &amp; $tsla/ violate clearance?", "likes_count": 0, "replies_count": 0, "retweets_count": 0, "hashtags": ["nancypelosi", "flynn", "putin", "gamestop"]}
