{"id": 1457135706602541058, "date": "2021-11-06", "time": "19:59:59", "tweet": "@elonmusk If you really want to pay taxes. Just pay it...no need of this publicity. #tslaq", "likes_count": 1, "replies_count": 0, "retweets_count": 0, "hashtags": ["tslaq"]}
{"id": 1457135700982185985, "date": "2021-11-06", "time": "19:59:58", "tweet": "@StackNastyy @RichardHeartWin @elonmusk Nah, my main reasoning on voting for Biden would have to have been to Not vote for a demented fool who was destroying the US for his own interests.", "likes_count": 0, "replies_count": 3, "retweets_count": 0, "hashtags": []}
{"id": 1457135698344087554, "date": "2021-11-06", "time": "19:59:57", "tweet": "@_log_scale_ @elonmusk Very good call.  Would have to think he would buy at least 10’s of Millions in #Bitcoin, if not 100’s of millions in Bitcoin at a minimum", "likes_count": 0, "replies_count": 0, "retweets_count": 0, "hashtags": ["bitcoin"]}
{"id": 1457135697006153733, "date": "2021-11-06", "time": "19:59:57", "tweet": "@elonmusk Hi", "likes_count": 0, "replies_count": 0, "retweets_count": 0, "hashtags": []}
{"id": 1457135692446900227, "date": "2021-11-06", "time": "19:59:56", "tweet": "@JilianneParker @elonmusk هر وقت با من کار دارین لطفا تگ کنین. پاسخ می دهم.", "likes_count": 0, "replies_count": 1, "retweets_count": 0, "hashtags": []}
{"id": 1457135688344817666, "date": "2021-11-06", "time": "19:59:55", "tweet": "@elonmusk I think you should sell the stock. Pay taxes on the stock and then give me the rest", "likes_count": 0, "replies_count": 0, "retweets_count": 0, "hashtags": []}
{"id": 1457135683672416259, "date": "2021-11-06", "time": "19:59:53", "tweet": "@Alison8675309 @shorthairylegs @elonmusk He does have income, so are you suggesting he has income that he had never paid taxes on?", "likes_count": 0, "replies_count": 0, "retweets_count": 0, "hashtags": []}
{"id": 1457135682682511364, "date": "2021-11-06", "time": "19:59:53", "tweet": "@elonmusk @elonmusk kinda dumb for a multi centibillionaire. Analogous to being kinda pregnant...or TFG 'offering' to take loans on some of his overvalued assets", "likes_count": 0, "replies_count": 0, "retweets_count": 0, "hashtags": []}
{"id": 1457135682476990472, "date": "2021-11-06", "time": "19:59:53", "tweet": "@edward26031990 @elonmusk @JeffBezos #GIVESTOCKAWAY  @elonmusk !   @JeffBezos can I usez batrm pls sir", "likes_count": 0, "replies_count": 0, "retweets_count": 0, "hashtags": ["givestockaway"]}
{"id": 1457135673794863104, "date": "2021-11-06", "time": "19:59:51", "tweet": "@elonmusk Nope. So many crazies out there. You know that.", "likes_count": 0, "replies_count": 0, "retweets_count": 0, "hashtags": []}
{"id": 1457135671429275648, "date": "2021-11-06", "time": "19:59:50", "tweet": "@elonmusk Hello @elonmusk it would be a great way to start socially responsible capitalism which US so desperately needs; congrats on the great wealth now it's time to grow it's impact on the country and it's people.", "likes_count": 0, "replies_count": 1, "retweets_count": 0, "hashtags": []}
{"id": 1457135671131340804, "date": "2021-11-06", "time": "19:59:50", "tweet": "@SlotieNft @elonmusk @oddbodpics @NFT_Globall", "likes_count": 0, "replies_count": 0, "retweets_count": 0, "hashtags": []}
{"id": 1457135670841982978, "date": "2021-11-06", "time": "19:59:50", "tweet": "@elonmusk Ppl needs to get better informed. But then you have Fox InfoWars and all those..", "likes_count": 0, "replies_count": 0, "retweets_count": 0, "hashtags": []}
{"id": 1457135657617399808, "date": "2021-11-06", "time": "19:59:47", "tweet": "elon musk prolly done had him sum alien pussy before", "likes_count": 0, "replies_count": 0, "retweets_count": 0, "hashtags": []}
{"id": 1457135656237363201, "date": "2021-11-06", "time": "19:59:47", "tweet": "Elon Musk tweets to ask if he should sell some Tesla stock  https://t.co/qNxKg9teIJ", "likes_count": 0, "replies_count": 0, "retweets_count": 0, "hashtags": []}
{"id": 1457135655662850060, "date": "2021-11-06", "time": "19:59:47", "tweet": "@GerberKawasaki @elonmusk $LCID", "likes_count": 0, "replies_count": 0, "retweets_count": 0, "hashtags": []}
{"id": 1457135654459121665, "date": "2021-11-06", "time": "19:59:46", "tweet": "@elonmusk @elonmusk You’re letting the haters vote?! Of course they’ll vote yes.", "likes_count": 0, "replies_count": 0, "retweets_count": 0, "hashtags": []}
{"id": 1457135652504580099, "date": "2021-11-06", "time": "19:59:46", "tweet": "Elon Musk tweets to ask if he should sell some Tesla stock – WSVN 7News | Miami News, Weather, Sports  https://t.co/0xbBomZEVM", "likes_count": 0, "replies_count": 0, "retweets_count": 0, "hashtags": []}
{"id": 1457135652382904323, "date": "2021-11-06", "time": "19:59:46", "tweet": "@elonmusk I sold my shares at $777 😎", "likes_count": 1, "replies_count": 0, "retweets_count": 0, "hashtags": []}
{"id": 1457135650902315011, "date": "2021-11-06", "time": "19:59:46", "tweet": "@heydave7 @elonmusk Tesla as a company generate huge amounts of tax opportunities for governments in sales taxes on hundreds of thousands of cars and income tax for tens of thousands of employees", "likes_count": 0, "replies_count": 0, "retweets_count": 0, "hashtags": []}
