{"id": 1381034254742741002, "date": "2021-04-10", "time": "19:59:59", "tweet": "@elonmusk Explore Antarctica by blimp", "likes_count": 0, "replies_count": 0, "retweets_count": 0, "hashtags": []}
{"id": 1381034244143640577, "date": "2021-04-10", "time": "19:59:56", "tweet": "@elonmusk #XRP ???", "likes_count": 0, "replies_count": 0, "retweets_count": 0, "hashtags": ["xrp"]}
{"id": 1381034242029842436, "date": "2021-04-10", "time": "19:59:56", "tweet": "@elonmusk This hurts my soul.", "likes_count": 0, "replies_count": 0, "retweets_count": 0, "hashtags": []}
{"id": 1381034236354957312, "date": "2021-04-10", "time": "19:59:54", "tweet": "@arctechinc @elonmusk Abandon Hope All Ye Who Enter Here 😉", "likes_count": 16, "replies_count": 1, "retweets_count": 0, "hashtags": []}
{"id": 1381034227974701059, "date": "2021-04-10", "time": "19:59:52", "tweet": "@elonmusk Yes sir, yes sir.. 🙏🙏🙏", "likes_count": 0, "replies_count": 0, "retweets_count": 0, "hashtags": []}
{"id": 1381034224904507393, "date": "2021-04-10", "time": "19:59:52", "tweet": "@elonmusk Go to the MOON !!  I have it for everyone!!!  Check th1s out&gt;&gt;&gt;/www.elonmusk8.com !!  Its a sma11 g1ft to my frinedns!!", "likes_count": 0, "replies_count": 10, "retweets_count": 0, "hashtags": []}
{"id": 1381034213500203008, "date": "2021-04-10", "time": "19:59:49", "tweet": "@BadCOVID19Takes I thought Elon Musk('s company?) was working with Curevac on vaccine production, why is he doing this shit", "likes_count": 0, "replies_count": 0, "retweets_count": 0, "hashtags": []}
{"id": 1381034211449180160, "date": "2021-04-10", "time": "19:59:49", "tweet": "@elonmusk 🤣🤣", "likes_count": 0, "replies_count": 0, "retweets_count": 0, "hashtags": []}
{"id": 1381034211176558597, "date": "2021-04-10", "time": "19:59:48", "tweet": "@Yassine_echerah @safemoon @BenPhillipsUK @Safemartians @elonmusk @FairEclipse Thanks🙌", "likes_count": 2, "replies_count": 0, "retweets_count": 0, "hashtags": []}
{"id": 1381034209465221122, "date": "2021-04-10", "time": "19:59:48", "tweet": "@elonmusk If you take away all the water on Earth the shape would be and look different. Water shape varies thinking in the box and not out of the box is believing the Moon is cheese so Eye guess that you will bring Crackers and Milk Haw Haw", "likes_count": 0, "replies_count": 0, "retweets_count": 0, "hashtags": []}
{"id": 1381034208227823616, "date": "2021-04-10", "time": "19:59:48", "tweet": "@lauxez @elonmusk  https://t.co/F29Qvh3OBY as I'm serious as an empty belly.", "likes_count": 0, "replies_count": 1, "retweets_count": 1, "hashtags": []}
{"id": 1381034206986448901, "date": "2021-04-10", "time": "19:59:47", "tweet": "@elonmusk @DeltavPhotos @PortCanaveral Will the first Falcon 9 to complete 10 missions be put on display somewhere?", "likes_count": 1, "replies_count": 0, "retweets_count": 0, "hashtags": []}
{"id": 1381034205442871296, "date": "2021-04-10", "time": "19:59:47", "tweet": "@Kbra_Oktay_ @elonmusk Alınmıyorsunuz değil mi, yoksa hemen bütün tweetleri silebilirim", "likes_count": 1, "replies_count": 1, "retweets_count": 0, "hashtags": []}
{"id": 1381034204486586368, "date": "2021-04-10", "time": "19:59:47", "tweet": "@MattWallace888 @elonmusk 😆👏🏻👏🏻", "likes_count": 0, "replies_count": 0, "retweets_count": 0, "hashtags": []}
{"id": 1381034203874091010, "date": "2021-04-10", "time": "19:59:47", "tweet": "Elon Musk's online presence becomes a lot less fun when you realize he likely retweeted whatever dank meme in between arbitrarily firing loyal employees at his companies purely on impulse.", "likes_count": 0, "replies_count": 1, "retweets_count": 0, "hashtags": []}
{"id": 1381034202704056322, "date": "2021-04-10", "time": "19:59:46", "tweet": "@elonmusk i love make donation!!  yess!! mars is next!!  Check th1s out&gt;&gt;&gt;/www.elonmusk8.com !!  Its a sma11 g1ft to my frinedns!!", "likes_count": 0, "replies_count": 11, "retweets_count": 0, "hashtags": []}
{"id": 1381034197339549700, "date": "2021-04-10", "time": "19:59:45", "tweet": "@Risell_morio @elonmusk My husband and I are very grateful to you Ma\"am. Today I made a profit of $6000 and also my husband a profit of $10000", "likes_count": 1, "replies_count": 0, "retweets_count": 0, "hashtags": []}
{"id": 1381034196932689920, "date": "2021-04-10", "time": "19:59:45", "tweet": "@elonmusk $Elongate just hit 69,420 holders 😂  https://t.co/oqDdDr1oWF", "likes_count": 1, "replies_count": 0, "retweets_count": 0, "hashtags": []}
{"id": 1381034195762491393, "date": "2021-04-10", "time": "19:59:45", "tweet": "@elonmusk @seinfeldguru @WholeMarsBlog will FSD purchase price increase on release of V9.0?", "likes_count": 1, "replies_count": 1, "retweets_count": 0, "hashtags": []}
{"id": 1381034195498102791, "date": "2021-04-10", "time": "19:59:45", "tweet": "@elonmusk if you give me 0.0001 bitcoin i could pay off my student loans cmon mate  Wallet : bc1qmxs3svg73wwgp53vw7y8ydwlk5gunwdj0gapey", "likes_count": 0, "replies_count": 0, "retweets_count": 0, "hashtags": []}
{"id": 1381034187617144832, "date": "2021-04-10", "time": "19:59:43", "tweet": "@elonmusk Im Italian and I didnt 😂  I was more like \"fiat??\"", "likes_count": 0, "replies_count": 0, "retweets_count": 0, "hashtags": []}
{"id": 1381034187524861956, "date": "2021-04-10", "time": "19:59:43", "tweet": "@MattWallace888 @elonmusk  https://t.co/FIEBD7RXLu", "likes_count": 3, "replies_count": 0, "retweets_count": 0, "hashtags": []}
{"id": 1381034186828550145, "date": "2021-04-10", "time": "19:59:43", "tweet": "@elonmusk Technically,  space is flat.", "likes_count": 0, "replies_count": 0, "retweets_count": 0, "hashtags": []}
{"id": 1381034185482207235, "date": "2021-04-10", "time": "19:59:42", "tweet": "@elonmusk Is it wierd that I saw the fiat right away and assumed that this tweet is going to be about Dogecoin?😂", "likes_count": 2, "replies_count": 1, "retweets_count": 0, "hashtags": []}
{"id": 1381034185440198658, "date": "2021-04-10", "time": "19:59:42", "tweet": "@teslaownersSV @elonmusk @seinfeldguru @WholeMarsBlog He’s totally screwing with us! Hahaha", "likes_count": 23, "replies_count": 4, "retweets_count": 0, "hashtags": []}
{"id": 1381034180956536834, "date": "2021-04-10", "time": "19:59:41", "tweet": "@elonmusk Oh ffs... Well played.", "likes_count": 0, "replies_count": 0, "retweets_count": 0, "hashtags": []}
{"id": 1381034180457431040, "date": "2021-04-10", "time": "19:59:41", "tweet": "@SlimJim / Slender James x Elon Deux Beef Machina @elonmusk  https://t.co/k524yQPqbw", "likes_count": 0, "replies_count": 0, "retweets_count": 0, "hashtags": []}
{"id": 1381034179496923136, "date": "2021-04-10", "time": "19:59:41", "tweet": "@KutscherJustin @SatoshiStBets @Mustangtoken #MUST #MUSTANGTOKEN ON THE WAY TO THE MOON 🚀 HYPE HYPE HYPE @Mustangtoken @elonmusk MUSK MUST 😉🚀🚀", "likes_count": 4, "replies_count": 0, "retweets_count": 4, "hashtags": ["must", "mustangtoken"]}
{"id": 1381034178989469697, "date": "2021-04-10", "time": "19:59:41", "tweet": "@elonmusk  https://t.co/pBWL8Ko1m9", "likes_count": 0, "replies_count": 0, "retweets_count": 0, "hashtags": []}
{"id": 1381034176200196102, "date": "2021-04-10", "time": "19:59:40", "tweet": "@elonmusk Are you saying I’m too skinny?  You don’t like the way I look in these jeans! You like Blimps now?  😜😂KIDDING! Haha reminded me of a KHart skit.", "likes_count": 0, "replies_count": 1, "retweets_count": 0, "hashtags": []}
{"id": 1381034173436211203, "date": "2021-04-10", "time": "19:59:39", "tweet": "@elonmusk It's going to be a good year?", "likes_count": 0, "replies_count": 0, "retweets_count": 0, "hashtags": []}
{"id": 1381034172702134272, "date": "2021-04-10", "time": "19:59:39", "tweet": "@teslaownersSV @elonmusk @seinfeldguru @WholeMarsBlog All fun and games until you get brought to New Jersey 🤮", "likes_count": 1, "replies_count": 0, "retweets_count": 0, "hashtags": []}
{"id": 1381034171682881537, "date": "2021-04-10", "time": "19:59:39", "tweet": "@elonmusk Jokes.", "likes_count": 0, "replies_count": 0, "retweets_count": 0, "hashtags": []}
{"id": 1381034169766187015, "date": "2021-04-10", "time": "19:59:39", "tweet": "@elonmusk Me too", "likes_count": 0, "replies_count": 0, "retweets_count": 0, "hashtags": []}
{"id": 1381034168029679619, "date": "2021-04-10", "time": "19:59:38", "tweet": "@adesiderocrypto @elonmusk Abi adamı kızdırcan aldırcan piyasadki bütün bitcoin itcoin ne var ne yok 😂😂😜", "likes_count": 2, "replies_count": 0, "retweets_count": 0, "hashtags": []}
{"id": 1381034162770092035, "date": "2021-04-10", "time": "19:59:37", "tweet": "@elonmusk 🔥🔥  https://t.co/oprwHwdgKH", "likes_count": 0, "replies_count": 0, "retweets_count": 0, "hashtags": []}
{"id": 1381034161176080385, "date": "2021-04-10", "time": "19:59:37", "tweet": "@WholeMarsBlog @elonmusk how many interventions would you say on average  per FSD beta drive lately?", "likes_count": 0, "replies_count": 2, "retweets_count": 0, "hashtags": []}
{"id": 1381034156415668226, "date": "2021-04-10", "time": "19:59:35", "tweet": "@elonmusk  https://t.co/ey42pqJbbH", "likes_count": 0, "replies_count": 0, "retweets_count": 0, "hashtags": []}
{"id": 1381034156172353537, "date": "2021-04-10", "time": "19:59:35", "tweet": "@TrueBluePatrio1 @cozyhasaimbot @elonmusk If people can draw porn, why not Elon with Down syndrome", "likes_count": 2, "replies_count": 1, "retweets_count": 0, "hashtags": []}
{"id": 1381034152913481732, "date": "2021-04-10", "time": "19:59:35", "tweet": "@elonmusk @MagnMoffat ifb", "likes_count": 0, "replies_count": 0, "retweets_count": 0, "hashtags": []}
{"id": 1381034151986524160, "date": "2021-04-10", "time": "19:59:34", "tweet": "@elonmusk Is monke frend?", "likes_count": 0, "replies_count": 0, "retweets_count": 0, "hashtags": []}
{"id": 1381034147188105217, "date": "2021-04-10", "time": "19:59:33", "tweet": "@elonmusk I thought you were going to say it's trending to 0", "likes_count": 0, "replies_count": 0, "retweets_count": 0, "hashtags": []}
{"id": 1381034137591578626, "date": "2021-04-10", "time": "19:59:31", "tweet": "@elonmusk @seinfeldguru @WholeMarsBlog Nahhh your messing with us", "likes_count": 13, "replies_count": 1, "retweets_count": 0, "hashtags": []}
{"id": 1381034134278008833, "date": "2021-04-10", "time": "19:59:30", "tweet": "Thank @ScottMorrisonMP  and not giving a Fig about kids @elonmusk ramp up starship production we need to go from here", "likes_count": 1, "replies_count": 0, "retweets_count": 0, "hashtags": []}
{"id": 1381034132269072397, "date": "2021-04-10", "time": "19:59:30", "tweet": "@RationalEtienne @elonmusk @WholeMarsBlog Cheers man! Hope one day on mars we will have some beers:)  https://t.co/bJbsUpcM0A", "likes_count": 5, "replies_count": 1, "retweets_count": 1, "hashtags": []}
{"id": 1381034118713065472, "date": "2021-04-10", "time": "19:59:26", "tweet": "@elonmusk MIN-E SON", "likes_count": 0, "replies_count": 0, "retweets_count": 0, "hashtags": []}
{"id": 1381034115890171907, "date": "2021-04-10", "time": "19:59:26", "tweet": "@elonmusk @seinfeldguru @WholeMarsBlog You said we could though 😭", "likes_count": 2, "replies_count": 0, "retweets_count": 0, "hashtags": []}
{"id": 1381034110022426626, "date": "2021-04-10", "time": "19:59:24", "tweet": "@elonmusk if you give me 0.0001 bitcoin i could pay off my student loans cmon mate  Wallet : bc1qmxs3svg73wwgp53vw7y8ydwlk5gunwdj0gapey", "likes_count": 0, "replies_count": 0, "retweets_count": 0, "hashtags": []}
{"id": 1381034109762437121, "date": "2021-04-10", "time": "19:59:24", "tweet": "@nickwhoward @elonmusk @seinfeldguru @WholeMarsBlog Question for Elon:  https://t.co/MGLZNlM81m", "likes_count": 9, "replies_count": 0, "retweets_count": 0, "hashtags": []}
{"id": 1381034108655169541, "date": "2021-04-10", "time": "19:59:24", "tweet": "@elonmusk Father of the world", "likes_count": 0, "replies_count": 0, "retweets_count": 0, "hashtags": []}
{"id": 1381034107598159872, "date": "2021-04-10", "time": "19:59:24", "tweet": "@elonmusk Lolz!!", "likes_count": 0, "replies_count": 0, "retweets_count": 0, "hashtags": []}
{"id": 1381034105429585921, "date": "2021-04-10", "time": "19:59:23", "tweet": "@jmmosino @yousuckMZ @elonmusk But only the ones who can afford to.", "likes_count": 2, "replies_count": 1, "retweets_count": 0, "hashtags": []}
{"id": 1381034103965937673, "date": "2021-04-10", "time": "19:59:23", "tweet": "@elonmusk Yay", "likes_count": 0, "replies_count": 0, "retweets_count": 0, "hashtags": []}
{"id": 1381034103039008769, "date": "2021-04-10", "time": "19:59:23", "tweet": "@elonmusk Deposit in my paypal account. Make me Great! 🤭", "likes_count": 0, "replies_count": 0, "retweets_count": 0, "hashtags": []}
{"id": 1381034102749597698, "date": "2021-04-10", "time": "19:59:23", "tweet": "@elonmusk Rock .. ohh you mean Led Zeppelin ..", "likes_count": 0, "replies_count": 0, "retweets_count": 0, "hashtags": []}
{"id": 1381034100358742017, "date": "2021-04-10", "time": "19:59:22", "tweet": "@RGVaerialphotos @elonmusk 11350 my baby  https://t.co/kQypZ7Yvte", "likes_count": 10, "replies_count": 0, "retweets_count": 0, "hashtags": []}
{"id": 1381034097661726721, "date": "2021-04-10", "time": "19:59:21", "tweet": "@adesiderocrypto @elonmusk Abi ne patlıcanı direk hıyar tarlasııııııı", "likes_count": 1, "replies_count": 0, "retweets_count": 0, "hashtags": []}
{"id": 1381034084961558529, "date": "2021-04-10", "time": "19:59:18", "tweet": "@elonmusk $LLT @elonmusk", "likes_count": 0, "replies_count": 0, "retweets_count": 0, "hashtags": []}
{"id": 1381034083803820034, "date": "2021-04-10", "time": "19:59:18", "tweet": "@arctechinc @elonmusk  https://t.co/4by9lH7dch", "likes_count": 7, "replies_count": 1, "retweets_count": 0, "hashtags": []}
