{"id": 1365813960646287363, "date": "2021-02-27", "time": "18:59:58", "tweet": "@jessica_kirsh So many RVs 😍  We need electric RVs @elonmusk :)", "likes_count": 4, "replies_count": 1, "retweets_count": 1, "hashtags": []}
{"id": 1365813948029804545, "date": "2021-02-27", "time": "18:59:55", "tweet": "Hey @elonmusk what if #dogecoin was the further currency for the planet Mars?", "likes_count": 2, "replies_count": 0, "retweets_count": 0, "hashtags": ["dogecoin"]}
{"id": 1365813941922750465, "date": "2021-02-27", "time": "18:59:54", "tweet": "@Street5Wall @wsbmod @wallstreetbets @WSBChairman @JimmyWinSV I hope @wsbmod looking this. I've been at the bear market for 1 month. I bought #BSV at $ 320 and so far it hasn't hit $ 300 yet, while we see all the coins fly to the moon with @elonmusk", "likes_count": 0, "replies_count": 0, "retweets_count": 0, "hashtags": ["bsv"]}
{"id": 1365813931294527489, "date": "2021-02-27", "time": "18:59:51", "tweet": "@shannonmstirone @TheAtlantic Your view is very short sided. A little bit more than a 100 years ago. No one thought electricity could be controlled. Today we dominate in any way shape or form. However, it takes visionaries, entrepreneurs that are not afraid to fail to take on this challenges like @elonmusk", "likes_count": 0, "replies_count": 0, "retweets_count": 0, "hashtags": []}
{"id": 1365813909223923714, "date": "2021-02-27", "time": "18:59:46", "tweet": "@Melkitis @MichaelMaalouf5 @elonmusk Amin aam musk aal manar", "likes_count": 0, "replies_count": 0, "retweets_count": 0, "hashtags": []}
{"id": 1365813890462941184, "date": "2021-02-27", "time": "18:59:41", "tweet": "@tesla_adri @WholeMarsBlog @KroegerOve @elonmusk @DriveTeslaca @klwtts @28delayslater @teslamag Yeah interesting. Plaid has easter eggs hidden for sure. Tesla wouldn't just vary them without a good reason 🤤", "likes_count": 0, "replies_count": 0, "retweets_count": 0, "hashtags": []}
{"id": 1365813887120019461, "date": "2021-02-27", "time": "18:59:40", "tweet": "@_Wilske @RealRickSinger @elonmusk Right. I put it as a place holder. But you right I went short when it started going down then he tweeted and I had to cut my position", "likes_count": 1, "replies_count": 0, "retweets_count": 0, "hashtags": []}
{"id": 1365813863128719362, "date": "2021-02-27", "time": "18:59:35", "tweet": "Elon musk can’t wait to go to Mars so he can be the most r******* person on the planet", "likes_count": 1, "replies_count": 0, "retweets_count": 0, "hashtags": []}
{"id": 1365813844426199042, "date": "2021-02-27", "time": "18:59:30", "tweet": "@elonmusk Hmmm....#skynet 🛸did in the #terminator🎬🎞", "likes_count": 0, "replies_count": 0, "retweets_count": 0, "hashtags": ["skynet", "terminator"]}
{"id": 1365813843654373379, "date": "2021-02-27", "time": "18:59:30", "tweet": "@Melkitis @MichaelMaalouf5 @elonmusk Hezbo wants any shot at defeating israel they should make him amin aam", "likes_count": 0, "replies_count": 1, "retweets_count": 0, "hashtags": []}
{"id": 1365813830136250374, "date": "2021-02-27", "time": "18:59:27", "tweet": "@JillianGracep @DavidDobrik @dylanobrien @elonmusk @CorinnaKopf @HarryJowsey @alexandracooper  @alexandracooper  @alexandracooper  @alexandracooper  @alexandracooper", "likes_count": 1, "replies_count": 1, "retweets_count": 0, "hashtags": []}
{"id": 1365813786205179904, "date": "2021-02-27", "time": "18:59:16", "tweet": "@Sofiaan @Tesla @elonmusk Wtf is you’re idiot friend going so slow in the speed lane?!", "likes_count": 0, "replies_count": 0, "retweets_count": 0, "hashtags": []}
{"id": 1365813744253743107, "date": "2021-02-27", "time": "18:59:06", "tweet": "@elonmusk  https://t.co/oDIr6glZd1  place your prediction 😎", "likes_count": 0, "replies_count": 0, "retweets_count": 0, "hashtags": []}
{"id": 1365813735252631552, "date": "2021-02-27", "time": "18:59:04", "tweet": "@kimpaquette @elonmusk Was it a comfortable experience? Or are you nail biting at times waiting to take over? Wondering about your confidence level in FSD as you have watched it progress.", "likes_count": 0, "replies_count": 1, "retweets_count": 0, "hashtags": []}
{"id": 1365813684438663170, "date": "2021-02-27", "time": "18:58:52", "tweet": "@elonmusk 一面走，一面说，倏尔青山斜阻，转过山怀中，隐隐露出一带黄泥筑就矮墙，墙头皆用稻茎掩护。有几百株杏花，如喷火蒸霞一般。  https://t.co/h9N4E18IPK", "likes_count": 0, "replies_count": 0, "retweets_count": 0, "hashtags": []}
{"id": 1365813684161945601, "date": "2021-02-27", "time": "18:58:52", "tweet": "I believe in Dogecoin!!!!! 📈💯🐕🚀 @dogecoin @elonmusk @Tesla @Apple #dogecoin #elonmusk #apple #tesla #cryptocurrency  https://t.co/UZo7kymrfn", "likes_count": 5, "replies_count": 0, "retweets_count": 1, "hashtags": ["dogecoin", "elonmusk", "apple", "tesla", "cryptocurrency"]}
{"id": 1365813672489140233, "date": "2021-02-27", "time": "18:58:49", "tweet": "@BSCDOG  $BSCDOG $BTT #dogecoin $DOGE #BTT #Binance @elonmusk 🤓🤓🤫 @KarimLachguer", "likes_count": 1, "replies_count": 0, "retweets_count": 0, "hashtags": ["dogecoin", "btt", "binance"]}
{"id": 1365813667170836482, "date": "2021-02-27", "time": "18:58:48", "tweet": "@Cloudbit_Token @elonmusk @SpaceX @binance @AirdropDig @Tesla @cz_binance @WarrenBuffett @BillClinton @LBank_Exchange good project", "likes_count": 0, "replies_count": 0, "retweets_count": 0, "hashtags": []}
{"id": 1365813642487205888, "date": "2021-02-27", "time": "18:58:42", "tweet": "@JKA82 @Tesla @Tesla_Canada @elonmusk @Model3Owners @TeslaPodcast @TheTeslaLife Welcome! Just make sure you wave back when I see you on the road. 👋", "likes_count": 2, "replies_count": 0, "retweets_count": 0, "hashtags": []}
{"id": 1365813620010078211, "date": "2021-02-27", "time": "18:58:37", "tweet": "@elonmusk When will starlink be available in southern virginia?", "likes_count": 0, "replies_count": 0, "retweets_count": 0, "hashtags": []}
{"id": 1365813601483722753, "date": "2021-02-27", "time": "18:58:32", "tweet": "@vinny88548406 @vipernetworks @Nasdaq @ClairvoyantINVT @AlexDelarge6553 @SpaceCat1986 @Mikey_Monstar @POTUS @MrBeast @elonmusk @yatesinvesting Where is the NASDAQ listing proof? Sorry I might’ve missed it", "likes_count": 1, "replies_count": 0, "retweets_count": 0, "hashtags": []}
{"id": 1365813598673661954, "date": "2021-02-27", "time": "18:58:32", "tweet": "@nickhenning3d @FelixSchlang @SpaceX @elonmusk Elon said he hopes they will nor go bankrupt building them. So they will be huge.  I also think that this fulfills the very old libertarian dream of floating islands independent of any state. Is Elon a libertarian??", "likes_count": 1, "replies_count": 0, "retweets_count": 0, "hashtags": []}
{"id": 1365813595108352000, "date": "2021-02-27", "time": "18:58:31", "tweet": "@JimmyAkin3000 @MattSterba @mys_world @bettnet Dreams are the ultimate virtual reality:-)   I hope it can be controlled, someday, so we'll have a very immersive experience, more than VR + AR.  @elonmusk @neuralink @tim_cook @Apple", "likes_count": 0, "replies_count": 1, "retweets_count": 0, "hashtags": []}
{"id": 1365813562439041027, "date": "2021-02-27", "time": "18:58:23", "tweet": "@marvin_palucho @elonmusk @Tesla @carnomaly Thanks!", "likes_count": 0, "replies_count": 0, "retweets_count": 0, "hashtags": []}
{"id": 1365813533963915267, "date": "2021-02-27", "time": "18:58:16", "tweet": "@DinihariStd @elonmusk @Tesla @Teslarati @AustinTeslaClub @teslaownersSV @SpaceX 🧐🤩🤯😍", "likes_count": 1, "replies_count": 0, "retweets_count": 0, "hashtags": []}
{"id": 1365813512648466435, "date": "2021-02-27", "time": "18:58:11", "tweet": "@beamailuc @elonmusk  https://t.co/YZDcIE215q", "likes_count": 1, "replies_count": 1, "retweets_count": 0, "hashtags": []}
{"id": 1365813490477318146, "date": "2021-02-27", "time": "18:58:06", "tweet": "@PlanetsCrypto @elonmusk?", "likes_count": 0, "replies_count": 0, "retweets_count": 0, "hashtags": []}
{"id": 1365813480176033794, "date": "2021-02-27", "time": "18:58:03", "tweet": "@Wizard_Predicts @elonmusk Nailed it", "likes_count": 0, "replies_count": 0, "retweets_count": 0, "hashtags": []}
{"id": 1365813475608563712, "date": "2021-02-27", "time": "18:58:02", "tweet": "@elonmusk my dad and I figured out how to use semi-autonomous oceanic plastic cleaners to build transatlantic transportation tubes that harness tidal power to transport transatlantically for negligible cost (environmental and economic). This is my only form of contact, hope u see", "likes_count": 0, "replies_count": 1, "retweets_count": 0, "hashtags": []}
{"id": 1365813469098905603, "date": "2021-02-27", "time": "18:58:01", "tweet": "@chad_gloer @elonmusk @zilliqa @ColinMiles @elonmusk $ZIL", "likes_count": 0, "replies_count": 0, "retweets_count": 0, "hashtags": []}
{"id": 1365813448290889729, "date": "2021-02-27", "time": "18:57:56", "tweet": "Mars is fake. @elonmusk", "likes_count": 1, "replies_count": 0, "retweets_count": 0, "hashtags": []}
{"id": 1365813444692176896, "date": "2021-02-27", "time": "18:57:55", "tweet": "@MassiveAttackUK #clubhouse @elonmusk @Grimezsz @wpgs_mcluhan @normmacdonald @FEhrsam @yourname @JesseThorn @anthonyjeselnik  https://t.co/zqQpt6ML22", "likes_count": 0, "replies_count": 0, "retweets_count": 0, "hashtags": ["clubhouse"]}
{"id": 1365813393718841344, "date": "2021-02-27", "time": "18:57:43", "tweet": "@TimJDillon @elonmusk Five stars 😅", "likes_count": 0, "replies_count": 0, "retweets_count": 0, "hashtags": []}
{"id": 1365813392426999810, "date": "2021-02-27", "time": "18:57:42", "tweet": "@GregCrennan @michaeljburry @PeterSchiff @elonmusk @fedupbizowner @farrisbaba @realJosephRich @coloradotravis @sunny051488 @Subby_22 @ThinkTankCharts @EndTheFed001 @EndTheFed_org That's also my thinking.  A K shape inflation driven by speculation on commodities &amp; supply chain issues coupled with low employment+stagflation)  This will be a total hammer for companies margins.  And it already starts   HT @MetreSteven  https://t.co/nTIhXGdtwv", "likes_count": 4, "replies_count": 0, "retweets_count": 1, "hashtags": []}
{"id": 1365813352426057730, "date": "2021-02-27", "time": "18:57:33", "tweet": "Pourquoi Elon Musk veut-il aller sur Mars ? @paul_vacca nous livre un article de @TheAtlantic qui en démontre toute la vanité. Magistral !", "likes_count": 2, "replies_count": 0, "retweets_count": 2, "hashtags": []}
