{"id": 1411474834635345922, "date": "2021-07-03", "time": "19:59:59", "tweet": "@elonmusk @NatGeo So does this mean we can control our destiny, by directing the parasite", "likes_count": 0, "replies_count": 0, "retweets_count": 0, "hashtags": []}
{"id": 1411474823524536321, "date": "2021-07-03", "time": "19:59:56", "tweet": "@ZGatsbyy @elonmusk Good choice!", "likes_count": 6, "replies_count": 0, "retweets_count": 0, "hashtags": []}
{"id": 1411474804763398147, "date": "2021-07-03", "time": "19:59:52", "tweet": "@Tesla   So bro,  You accept Đoge yet?   #doge #dogearmy  #DogecoinToTheMoon  @elonmusk", "likes_count": 0, "replies_count": 0, "retweets_count": 0, "hashtags": ["doge", "dogearmy", "dogecointothemoon"]}
{"id": 1411474799822442497, "date": "2021-07-03", "time": "19:59:50", "tweet": "@BabyStarlkDoge @elonmusk Good luck🙏🏻🙏🏻🙏🏻", "likes_count": 0, "replies_count": 1, "retweets_count": 0, "hashtags": []}
{"id": 1411474797129879552, "date": "2021-07-03", "time": "19:59:50", "tweet": "@PolyBabyDoge @elonmusk Great project keep it up   @Marcela00595168 @Gadis_manja01 @BHVannessa   0x318d02Ea0B8Ab834F0F58C9f4f98967bAAC07a91", "likes_count": 0, "replies_count": 0, "retweets_count": 0, "hashtags": []}
{"id": 1411474793346465796, "date": "2021-07-03", "time": "19:59:49", "tweet": "@BabyStarlkDoge @elonmusk Wow", "likes_count": 0, "replies_count": 1, "retweets_count": 0, "hashtags": []}
{"id": 1411474786681692160, "date": "2021-07-03", "time": "19:59:47", "tweet": "@BabyStarlkDoge @elonmusk So interesting", "likes_count": 0, "replies_count": 1, "retweets_count": 0, "hashtags": []}
{"id": 1411474786157481991, "date": "2021-07-03", "time": "19:59:47", "tweet": "@MattWallace888 @elonmusk We need to launch 🚀 satellite maintenance space station can collect space debris and recycle. Maybe even brew space beer and ship back to earthlings👽", "likes_count": 0, "replies_count": 1, "retweets_count": 0, "hashtags": []}
{"id": 1411474782315552775, "date": "2021-07-03", "time": "19:59:46", "tweet": "updated version of brave new world but instead of worshiping henry ford they worship elon musk", "likes_count": 0, "replies_count": 1, "retweets_count": 0, "hashtags": []}
{"id": 1411474777450061829, "date": "2021-07-03", "time": "19:59:45", "tweet": "@BabyStarlkDoge @elonmusk Rooting for it's success!!", "likes_count": 0, "replies_count": 1, "retweets_count": 0, "hashtags": []}
{"id": 1411474756398829570, "date": "2021-07-03", "time": "19:59:40", "tweet": "@coffeencrypt0 @elonmusk  https://t.co/a4W9dPBsYi", "likes_count": 0, "replies_count": 1, "retweets_count": 0, "hashtags": []}
{"id": 1411474751290331137, "date": "2021-07-03", "time": "19:59:39", "tweet": "Galia npostiha o ndir Elon musk  https://t.co/1dMPzlrA3u", "likes_count": 4, "replies_count": 3, "retweets_count": 0, "hashtags": []}
{"id": 1411474747821461509, "date": "2021-07-03", "time": "19:59:38", "tweet": "@elonmusk Love #Babydoge Coin ♥🚀♥", "likes_count": 1, "replies_count": 1, "retweets_count": 0, "hashtags": ["babydoge"]}
{"id": 1411474730088079360, "date": "2021-07-03", "time": "19:59:34", "tweet": "Elon Musk is losing his power over the crypto community after his latest tweets failed to boost dogecoin or bitcoin  https://t.co/5pacsgmxgG", "likes_count": 0, "replies_count": 0, "retweets_count": 0, "hashtags": []}
{"id": 1411474722471088128, "date": "2021-07-03", "time": "19:59:32", "tweet": "Unsurprisingly, a comment about economic prosperity can be turned into this fracas. 😏   Those who have an issue with what #ElonMusk said don't have to buy the #Tesla(s) that come out of the #Shanghai Giga Factory.", "likes_count": 0, "replies_count": 0, "retweets_count": 0, "hashtags": ["elonmusk", "tesla", "shanghai"]}
{"id": 1411474717693800448, "date": "2021-07-03", "time": "19:59:31", "tweet": "@OriginalCatoshi @elonmusk I'll call it #CATOSHI", "likes_count": 5, "replies_count": 5, "retweets_count": 0, "hashtags": ["catoshi"]}
{"id": 1411474716687273984, "date": "2021-07-03", "time": "19:59:31", "tweet": "@BTC_Archive @elonmusk Who's stupid enough to trade their precious BTC for a Tesla?  https://t.co/FQGaSNffmT", "likes_count": 1, "replies_count": 0, "retweets_count": 0, "hashtags": []}
{"id": 1411474713197510662, "date": "2021-07-03", "time": "19:59:30", "tweet": "@elonmusk @XHNews Yes the economic prosperity they achieved is amazing. I wonder how they did it 🤔  https://t.co/MqfrmBBwgj", "likes_count": 2, "replies_count": 0, "retweets_count": 0, "hashtags": []}
{"id": 1411474705031204864, "date": "2021-07-03", "time": "19:59:28", "tweet": "@elonmusk slingshot ?", "likes_count": 0, "replies_count": 0, "retweets_count": 0, "hashtags": []}
{"id": 1411474702653034502, "date": "2021-07-03", "time": "19:59:27", "tweet": "@elonmusk How much does Super Heavy weigh?", "likes_count": 0, "replies_count": 0, "retweets_count": 0, "hashtags": []}
