{"id": 1414011550122250241, "date": "2021-07-10", "time": "19:59:59", "tweet": "@PinballReed @elonmusk @28delayslater @karpathy You gotta email…  https://t.co/iSVT28Hswl", "likes_count": 0, "replies_count": 0, "retweets_count": 0, "hashtags": []}
{"id": 1414011546095820802, "date": "2021-07-10", "time": "19:59:58", "tweet": "El socio de Elon Musk de China se hace más rico que Jack Ma   https://t.co/X2pshXL2DI  Zeng Yuqun, el fundador del mayor fabricante de baterías para vehículos eléctricos del mundo, ha superado al cofundador de Alibaba Group, Jack Ma, en las clasi...  https://t.co/defBaMYsy1", "likes_count": 8, "replies_count": 0, "retweets_count": 1, "hashtags": []}
{"id": 1414011535500845057, "date": "2021-07-10", "time": "19:59:55", "tweet": "@elonmusk @XHNews Elon, I have been to China on a regular basis over the last 20 years, even had an office in China.  Fact is that China turned From welcomed World Partner to Villain since Xi took power. Compare Xi's rise with Hitler's rise and unfortunately you encounter frightening similarities.", "likes_count": 2, "replies_count": 1, "retweets_count": 0, "hashtags": []}
{"id": 1414011514403672066, "date": "2021-07-10", "time": "19:59:50", "tweet": "@elonmusk There are no words ...I take it we have the best lyricists in the world yielding on this one?", "likes_count": 1, "replies_count": 0, "retweets_count": 0, "hashtags": []}
{"id": 1414011511622799360, "date": "2021-07-10", "time": "19:59:50", "tweet": "@tesla4k @TeslaLisa @elonmusk @elonmusk", "likes_count": 1, "replies_count": 0, "retweets_count": 0, "hashtags": []}
{"id": 1414011489833275395, "date": "2021-07-10", "time": "19:59:44", "tweet": "@teslafantoken @mayemusk @bakery_swap @RadioCacaNFT @cz_binance @elonmusk So exciting!!", "likes_count": 0, "replies_count": 0, "retweets_count": 0, "hashtags": []}
{"id": 1414011486129647616, "date": "2021-07-10", "time": "19:59:44", "tweet": "@Touchtkn @elonmusk", "likes_count": 0, "replies_count": 0, "retweets_count": 0, "hashtags": []}
{"id": 1414011484905037826, "date": "2021-07-10", "time": "19:59:43", "tweet": "@elonmusk au lieu de faire le débile avec tes fusées la ca te dit pas d'inventer un truc pour exterminer les moustiques ???", "likes_count": 0, "replies_count": 0, "retweets_count": 0, "hashtags": []}
{"id": 1414011484565172227, "date": "2021-07-10", "time": "19:59:43", "tweet": "@elonmusk  - FYI / A  https://t.co/n1SZpVFbun", "likes_count": 0, "replies_count": 0, "retweets_count": 0, "hashtags": []}
{"id": 1414011472364015618, "date": "2021-07-10", "time": "19:59:40", "tweet": "@Touchtkn @elonmusk", "likes_count": 0, "replies_count": 0, "retweets_count": 0, "hashtags": []}
{"id": 1414011471709851663, "date": "2021-07-10", "time": "19:59:40", "tweet": "@Astronomiaum @richardbranson @elonmusk marca o @elonmusk vai q ele t responde dnv kkkk", "likes_count": 1, "replies_count": 0, "retweets_count": 0, "hashtags": []}
{"id": 1414011454139899904, "date": "2021-07-10", "time": "19:59:36", "tweet": "@elonmusk @Erdayastronaut Put the most powerful telescope ever built onto mars.", "likes_count": 0, "replies_count": 0, "retweets_count": 0, "hashtags": []}
{"id": 1414011438469828614, "date": "2021-07-10", "time": "19:59:32", "tweet": "@elonmusk @ElectrekCo @FredericLambert #CATGIRLCOIN  We love Elonmusk @elonmusk   Please  Mention  us!", "likes_count": 1, "replies_count": 0, "retweets_count": 0, "hashtags": ["catgirlcoin"]}
{"id": 1414011425232539649, "date": "2021-07-10", "time": "19:59:29", "tweet": "@teslafantoken @mayemusk @bakery_swap @RadioCacaNFT @cz_binance @elonmusk 💞", "likes_count": 0, "replies_count": 0, "retweets_count": 0, "hashtags": []}
{"id": 1414011417628319747, "date": "2021-07-10", "time": "19:59:27", "tweet": "@elonmusk Holy Dalek", "likes_count": 0, "replies_count": 0, "retweets_count": 0, "hashtags": []}
{"id": 1414011399928533005, "date": "2021-07-10", "time": "19:59:23", "tweet": "@vin_wiesel @tesla_raj @elonmusk @Tesla nor radar ...", "likes_count": 1, "replies_count": 2, "retweets_count": 0, "hashtags": []}
{"id": 1414011391493636097, "date": "2021-07-10", "time": "19:59:21", "tweet": "@teslafantoken @mayemusk @bakery_swap @RadioCacaNFT @cz_binance @elonmusk good luck! this sounds exciting!", "likes_count": 0, "replies_count": 0, "retweets_count": 0, "hashtags": []}
{"id": 1414011385223303172, "date": "2021-07-10", "time": "19:59:19", "tweet": "🎯 ¿5 millones de dólares por un dominio? Puede que la finalidad real de  https://t.co/dKEaPqMCfy no sea la que nos ha contado Elon Musk...  https://t.co/GlFWVswZEN", "likes_count": 0, "replies_count": 0, "retweets_count": 0, "hashtags": []}
{"id": 1414011383004475395, "date": "2021-07-10", "time": "19:59:19", "tweet": "We ate with the amazing @JohnnaCrider1 &amp; were welcomed by the Louisiana Tesla Club at Baton Rouge Divinia Italian Café. @elonmusk There are a lot of Tesla supporters here 😘✨  https://t.co/nZbz8bW49g", "likes_count": 67, "replies_count": 8, "retweets_count": 7, "hashtags": []}
