{"id": 1429231833284157443, "date": "2021-08-21", "time": "19:59:57", "tweet": "@BillyM2k @elonmusk What do you think about this?", "likes_count": 2, "replies_count": 0, "retweets_count": 0, "hashtags": []}
{"id": 1429231818277011457, "date": "2021-08-21", "time": "19:59:53", "tweet": "@SaifPepo74 @elonmusk سيبه ياخد وقته 😏", "likes_count": 1, "replies_count": 0, "retweets_count": 0, "hashtags": []}
{"id": 1429231815873662981, "date": "2021-08-21", "time": "19:59:53", "tweet": "Satélites de #ElonMusk alumbran con internet una aldea en #Chile  https://t.co/6Lzpstvdv8", "likes_count": 0, "replies_count": 0, "retweets_count": 0, "hashtags": ["elonmusk", "chile"]}
{"id": 1429231806826614786, "date": "2021-08-21", "time": "19:59:51", "tweet": "@elonmusk Their employer is not mandating mask. If they have to worry about a pandemic, they r in the wrong business.", "likes_count": 0, "replies_count": 0, "retweets_count": 0, "hashtags": []}
{"id": 1429231796189753347, "date": "2021-08-21", "time": "19:59:48", "tweet": "@ChristianMahler @truth_tesla @BotJunkie @elonmusk Inexplicable amnesia re Dennis Hong  ...who just weeks prior sent the first detailed Tesla AI day invite Tweet...", "likes_count": 1, "replies_count": 0, "retweets_count": 0, "hashtags": []}
{"id": 1429231788044345345, "date": "2021-08-21", "time": "19:59:46", "tweet": "@elonmusk ...", "likes_count": 0, "replies_count": 0, "retweets_count": 0, "hashtags": []}
{"id": 1429231771414155269, "date": "2021-08-21", "time": "19:59:42", "tweet": "Até hj eu não entendi  o casal Elon Musk e Grimes", "likes_count": 1, "replies_count": 1, "retweets_count": 0, "hashtags": []}
{"id": 1429231764053106688, "date": "2021-08-21", "time": "19:59:41", "tweet": "@DominicGiambo @WholeMarsBlog @elonmusk Google has wayyyyy more AI expertise. Perhaps you can share where your stats are that Tesla has more \"AI\" experience because those have left the company has said they are clueless. In fact Tesla didn't even sign up this year to be on California's FSD list lol. What a moron.", "likes_count": 0, "replies_count": 0, "retweets_count": 0, "hashtags": []}
{"id": 1429231761804959745, "date": "2021-08-21", "time": "19:59:40", "tweet": "@MicroShibaBSC @MicroShibaBSC @ever_doge @Captain2Phones @ever_doge @elonmusk @FegMeDaddy", "likes_count": 10, "replies_count": 1, "retweets_count": 1, "hashtags": []}
{"id": 1429231721225064453, "date": "2021-08-21", "time": "19:59:30", "tweet": "@Padraic92996190 @heydave7 @elonmusk I Robot", "likes_count": 0, "replies_count": 0, "retweets_count": 0, "hashtags": []}
{"id": 1429231713620676615, "date": "2021-08-21", "time": "19:59:29", "tweet": "@MAJORTOMMM1 @MilgateTyler @AmirHomme @Darlene_Pizarro @localrach @nmayfield28 @PennyLa44628375 @DogeAccept @LadyDogeBugBird @GloryDoge @RicosIntoCrytpo @Cest_inevitable @DogecoinNorway @topherAlba26 @Maicus81 @YoungCrypto69 @elonmusk 💀💀💀", "likes_count": 4, "replies_count": 0, "retweets_count": 0, "hashtags": []}
{"id": 1429231666644635650, "date": "2021-08-21", "time": "19:59:17", "tweet": "@RGVaerialphotos @elonmusk Immensely complex bay", "likes_count": 1, "replies_count": 0, "retweets_count": 0, "hashtags": []}
{"id": 1429231665679720451, "date": "2021-08-21", "time": "19:59:17", "tweet": "@RGVaerialphotos @elonmusk Higherbay", "likes_count": 0, "replies_count": 0, "retweets_count": 0, "hashtags": []}
{"id": 1429231665403006978, "date": "2021-08-21", "time": "19:59:17", "tweet": "@CountDankulaTV @elonmusk Count Chocula, are you planning to take the remaining Americans hostage, to get the billions in funding that the US just denied Afghanistan?", "likes_count": 0, "replies_count": 0, "retweets_count": 0, "hashtags": []}
{"id": 1429231640094650370, "date": "2021-08-21", "time": "19:59:11", "tweet": "@MattWallace888 @matt_kohrs @TradesTrey @masked_investor @ShortTheVix1 @RogueTheLegacy @MSNBC @maddow @cvpayne @FoxBusiness @elonmusk @mcuban", "likes_count": 0, "replies_count": 0, "retweets_count": 0, "hashtags": []}
{"id": 1429231616883236867, "date": "2021-08-21", "time": "19:59:05", "tweet": "@WholeMarsBlog @elonmusk impressed by this video", "likes_count": 6, "replies_count": 0, "retweets_count": 1, "hashtags": []}
{"id": 1429231614274547722, "date": "2021-08-21", "time": "19:59:05", "tweet": "@Mhmed_Mamdoh @elonmusk دا فقير اديلو اتنين جنيه فكه لو معاك", "likes_count": 1, "replies_count": 1, "retweets_count": 0, "hashtags": []}
{"id": 1429231587909152778, "date": "2021-08-21", "time": "19:58:59", "tweet": "@MattWallace888 @matt_kohrs @TradesTrey @masked_investor @ShortTheVix1 @RogueTheLegacy @MSNBC @maddow @cvpayne @FoxBusiness @elonmusk @mcuban", "likes_count": 0, "replies_count": 0, "retweets_count": 0, "hashtags": []}
{"id": 1429231575237939201, "date": "2021-08-21", "time": "19:58:56", "tweet": "@WyvernToken 1000x ?   0x374de73Bb1C65dA4Ea256EAFdcD5671747bEa22b  @elonmusk @Eljaboom @ElonFansToken", "likes_count": 0, "replies_count": 0, "retweets_count": 0, "hashtags": []}
{"id": 1429231541096521735, "date": "2021-08-21", "time": "19:58:47", "tweet": "@Ziva1990VET @RookieXBT @mcuban @elonmusk @tyler @WSBChairman @Ziva1990VET @JustinBennettFX @coinbase @cameron @WarrenBuffett  Help a veteran feed the family. Buy my daughters limit edition dog art . 10% will got to the charity of buyers choice  https://t.co/19kcIjVw95", "likes_count": 1, "replies_count": 0, "retweets_count": 1, "hashtags": []}
{"id": 1429231535501320209, "date": "2021-08-21", "time": "19:58:46", "tweet": "@DirtyTesla @WholeMarsBlog @elonmusk I love the fact that people belittle this. I feel like I have an edge", "likes_count": 1, "replies_count": 0, "retweets_count": 0, "hashtags": []}
{"id": 1429231529838977026, "date": "2021-08-21", "time": "19:58:45", "tweet": "I could either watch it happen or be a part of it. --Elon Musk  #proverbs #quotes #wisdom  https://t.co/jv3n0SZYIQ", "likes_count": 0, "replies_count": 2, "retweets_count": 0, "hashtags": ["proverbs", "quotes", "wisdom"]}
{"id": 1429231469357064196, "date": "2021-08-21", "time": "19:58:30", "tweet": "@Tesla @elonmusk Could play the baby doge game on Tesla cars 🙏❤️🚀 @BabyDogeCoin", "likes_count": 0, "replies_count": 0, "retweets_count": 0, "hashtags": []}
{"id": 1429231461350117377, "date": "2021-08-21", "time": "19:58:28", "tweet": "@RGVaerialphotos @elonmusk Thicc Bay", "likes_count": 4, "replies_count": 0, "retweets_count": 0, "hashtags": []}
{"id": 1429231414654996482, "date": "2021-08-21", "time": "19:58:17", "tweet": "Such a good tweet! 😂 Reminds me of all the test prints and Spools of Filament I've gone through for @DStarship3 models. Totally worth it though. #81921CB23227 #worthit #Starship #ElonMusk", "likes_count": 2, "replies_count": 2, "retweets_count": 0, "hashtags": ["81921cb23227", "worthit", "starship", "elonmusk"]}
{"id": 1429231411718934533, "date": "2021-08-21", "time": "19:58:17", "tweet": "next thing we know elon musk is going to be recreating the iron man suit we have to stop this man!", "likes_count": 1, "replies_count": 1, "retweets_count": 0, "hashtags": []}
{"id": 1429231402952937478, "date": "2021-08-21", "time": "19:58:14", "tweet": "@CardanoFeed @Tesla @elonmusk Hell ya", "likes_count": 0, "replies_count": 0, "retweets_count": 0, "hashtags": []}
{"id": 1429231393989697541, "date": "2021-08-21", "time": "19:58:12", "tweet": "@theblondebroker @elonmusk #tothemoon 👌🏽", "likes_count": 0, "replies_count": 0, "retweets_count": 0, "hashtags": ["tothemoon"]}
{"id": 1429231390285987841, "date": "2021-08-21", "time": "19:58:11", "tweet": "@elonmusk No cvid over there, they don't watch TV", "likes_count": 0, "replies_count": 0, "retweets_count": 0, "hashtags": []}
{"id": 1429231359151677442, "date": "2021-08-21", "time": "19:58:04", "tweet": "@Bumoon_io Bumoon akan merubah dunia menjadi lebih baik , project besar @cz_binance @elonmusk @binance @ErichReimer @JeffBezos @CoinMarketCap @tkobytokocrypto", "likes_count": 0, "replies_count": 0, "retweets_count": 0, "hashtags": []}
{"id": 1429231356182212615, "date": "2021-08-21", "time": "19:58:03", "tweet": "@elonmusk Guns can kill the virus according to them", "likes_count": 0, "replies_count": 0, "retweets_count": 0, "hashtags": []}
{"id": 1429231349748027393, "date": "2021-08-21", "time": "19:58:02", "tweet": "@Csense_guy @elonmusk @Tesla Just received 10 000 DOGE coins. Thank you @DOGECOIN_PARTY We are with you DOGECOIN 👏", "likes_count": 0, "replies_count": 1, "retweets_count": 0, "hashtags": []}
{"id": 1429231326083825670, "date": "2021-08-21", "time": "19:57:56", "tweet": "@CountDankulaTV @elonmusk Why are you in Scotland then???", "likes_count": 3, "replies_count": 13, "retweets_count": 0, "hashtags": []}
{"id": 1429231294404349966, "date": "2021-08-21", "time": "19:57:49", "tweet": "@freshjiva @Tesla @elonmusk Hell no. It doesn't benefit me as a shareholder to see Elon just create another moonshot idea outside of Tesla. If Bot initiative attracts next gen engineers into Tesla, more power to Tesla.", "likes_count": 2, "replies_count": 0, "retweets_count": 0, "hashtags": []}
{"id": 1429231280634400775, "date": "2021-08-21", "time": "19:57:45", "tweet": "@RationalEtienne @elonmusk There is nothing Elon Musk does which is easy to do!", "likes_count": 0, "replies_count": 0, "retweets_count": 0, "hashtags": []}
{"id": 1429231276041465857, "date": "2021-08-21", "time": "19:57:44", "tweet": "Someone in their mid 30’s would be LUCKY to date 31 year old me cuz you know damn well those 35-40 year old single dudes all look and act like Elon Musk minus the net worth lol", "likes_count": 0, "replies_count": 0, "retweets_count": 0, "hashtags": []}
{"id": 1429231268760272899, "date": "2021-08-21", "time": "19:57:42", "tweet": "@RGVaerialphotos @elonmusk Wide-bay", "likes_count": 2, "replies_count": 0, "retweets_count": 0, "hashtags": []}
{"id": 1429231257720918026, "date": "2021-08-21", "time": "19:57:40", "tweet": "@HeidiBriones @elonmusk My first 2 boys was born that year as well.", "likes_count": 0, "replies_count": 0, "retweets_count": 0, "hashtags": []}
{"id": 1429231256559136768, "date": "2021-08-21", "time": "19:57:40", "tweet": "@elonmusk How many are “retired Afghan army”", "likes_count": 0, "replies_count": 0, "retweets_count": 0, "hashtags": []}
{"id": 1429231255783055364, "date": "2021-08-21", "time": "19:57:39", "tweet": "@TeslaAIBot @average_boy__ @Tesla @elonmusk No way", "likes_count": 1, "replies_count": 0, "retweets_count": 0, "hashtags": []}
{"id": 1429231247516176385, "date": "2021-08-21", "time": "19:57:37", "tweet": "@mariafogueta EU NÃO TANKONO ELON MUSK DOS GAMES WIGJEJYJSJFKWBFJWNFJWHDKWXB", "likes_count": 5, "replies_count": 1, "retweets_count": 0, "hashtags": []}
{"id": 1429231247327301635, "date": "2021-08-21", "time": "19:57:37", "tweet": "@elonmusk They do have beards", "likes_count": 0, "replies_count": 0, "retweets_count": 0, "hashtags": []}
{"id": 1429231244819062787, "date": "2021-08-21", "time": "19:57:37", "tweet": "@elonmusk Up 100 $", "likes_count": 0, "replies_count": 0, "retweets_count": 0, "hashtags": []}
{"id": 1429231219250798595, "date": "2021-08-21", "time": "19:57:31", "tweet": "@DominicGiambo @WholeMarsBlog @elonmusk Dude. You don't know how to read a 10-Q. Tesla had $700M in losses before their \"big lie\" saved them. I'm telling you they DON'T have more expertise in AI. That's delusional. They have no data centers moron. Where is the machine learning coming from? Just stop it.", "likes_count": 0, "replies_count": 1, "retweets_count": 0, "hashtags": []}
{"id": 1429231198866350082, "date": "2021-08-21", "time": "19:57:26", "tweet": "@elonmusk heard you like some fat cake", "likes_count": 23, "replies_count": 1, "retweets_count": 6, "hashtags": []}
{"id": 1429231167321034754, "date": "2021-08-21", "time": "19:57:18", "tweet": "@MonderBestCoins @elonmusk @BabyDogeCoin If u all dont see where BabyDoge is now, im afraid will be to late wen you open your mind.  @elonmusk  never supported #BabyDoge   #BabyDoge is a #token  #Dogecoin, #Etherum  and #Bitcoin are a #cryptocurrency  If you acept that, u will be fine.", "likes_count": 1, "replies_count": 0, "retweets_count": 0, "hashtags": ["babydoge", "babydoge", "token", "dogecoin", "etherum", "bitcoin", "cryptocurrency"]}
{"id": 1429231147893018624, "date": "2021-08-21", "time": "19:57:14", "tweet": "@elonmusk take me to Mars ❤️", "likes_count": 0, "replies_count": 0, "retweets_count": 0, "hashtags": []}
{"id": 1429231127001141253, "date": "2021-08-21", "time": "19:57:09", "tweet": "@elonmusk you won't see this, but check out @COVIDPunksNFT #COVIDBots", "likes_count": 0, "replies_count": 0, "retweets_count": 0, "hashtags": ["covidbots"]}
{"id": 1429231120957284354, "date": "2021-08-21", "time": "19:57:07", "tweet": "@elonmusk @panamach2 @Mansoor14769892 Wheres my sex bot", "likes_count": 0, "replies_count": 0, "retweets_count": 0, "hashtags": []}
{"id": 1429231116184084481, "date": "2021-08-21", "time": "19:57:06", "tweet": "@rabia_sancak1 @stevedabitcoin Arkadaş bu grafikçiler bi susun yaw. nedir bu, yemiyor işte görüyoruz, baydınız artık, rakamlarınız teknolojik gelişmelerin gerisinde kaldı. Elon musk bi twit atmış hepiniz götünüze bakmışsınız işte", "likes_count": 0, "replies_count": 0, "retweets_count": 0, "hashtags": []}
{"id": 1429231069832749059, "date": "2021-08-21", "time": "19:56:55", "tweet": "@elonmusk And I bet not one single one has their pronouns on their Twitter pages either! WTF!", "likes_count": 0, "replies_count": 0, "retweets_count": 0, "hashtags": []}
{"id": 1429231030066614272, "date": "2021-08-21", "time": "19:56:46", "tweet": "@SaifPepo74 @elonmusk  انا قاااادم يلااااا", "likes_count": 1, "replies_count": 1, "retweets_count": 0, "hashtags": []}
{"id": 1429231025452945410, "date": "2021-08-21", "time": "19:56:44", "tweet": "Leading-edge disruptor Elon Musk has shared his latest masterstroke: encrypted vibrators", "likes_count": 0, "replies_count": 2, "retweets_count": 0, "hashtags": []}
{"id": 1429231005790089216, "date": "2021-08-21", "time": "19:56:40", "tweet": "@elonmusk  revealing the evil villain side with them iRobots🤣🤣", "likes_count": 0, "replies_count": 0, "retweets_count": 0, "hashtags": []}
{"id": 1429230992959574019, "date": "2021-08-21", "time": "19:56:37", "tweet": "@FEGtoken @AttentionToken @PeacockCoin @elonmusk @cz_binance @Eljaboom @binance @gate_io @PancakeSwap @TrustWalletApp @VitalikButerin @ethereum", "likes_count": 3, "replies_count": 1, "retweets_count": 1, "hashtags": []}
{"id": 1429230961422704643, "date": "2021-08-21", "time": "19:56:29", "tweet": "@CBSEveningNews @krisvancleave well this is worrying from @elonmusk @Tesla are they going to have a recall why they investigate if there's a problem with the cars auto pilot, or just let others die while they do nothing?", "likes_count": 0, "replies_count": 0, "retweets_count": 0, "hashtags": []}
{"id": 1429230946562232320, "date": "2021-08-21", "time": "19:56:26", "tweet": "@telo_isabel @realLoganChalm @elonmusk Lol tell that to Europe", "likes_count": 0, "replies_count": 0, "retweets_count": 0, "hashtags": []}
{"id": 1429230944045703172, "date": "2021-08-21", "time": "19:56:25", "tweet": "@johnONe52329296 @elonmusk Ok", "likes_count": 0, "replies_count": 1, "retweets_count": 0, "hashtags": []}
{"id": 1429230936168730632, "date": "2021-08-21", "time": "19:56:23", "tweet": "@ScorpionKille17 @YourFellowArab @HK_says_X @elonmusk Bro 😂", "likes_count": 0, "replies_count": 0, "retweets_count": 0, "hashtags": []}
{"id": 1429230924261101572, "date": "2021-08-21", "time": "19:56:20", "tweet": "@RGVaerialphotos @elonmusk Nonexistent Gravitas Bay", "likes_count": 1, "replies_count": 0, "retweets_count": 0, "hashtags": []}
{"id": 1429230916774342661, "date": "2021-08-21", "time": "19:56:19", "tweet": "well this is worrying from @elonmusk @Tesla are they going to have a recall why they investigate if there's a problem with the cars auto pilot, or just let others die while they do nothing?", "likes_count": 0, "replies_count": 1, "retweets_count": 0, "hashtags": []}
{"id": 1429230907521654784, "date": "2021-08-21", "time": "19:56:16", "tweet": "@stevedabitcoin Arkadaş bu grafikçiler bi susun yaw. nedir bu, yemiyor işte görüyoruz, baydınız artık, rakamlarınız teknolojik gelişmelerin gerisinde kaldı. Elon musk bi twit atmış hepiniz götünüze bakmışsınız işte", "likes_count": 0, "replies_count": 0, "retweets_count": 0, "hashtags": []}
{"id": 1429230886583562241, "date": "2021-08-21", "time": "19:56:11", "tweet": "@Bumoon_io Project besar yang akan merubah dunia @binance @elonmusk @CoinMarketCap @cz_binance @tkobytokocrypto @ErichReimer @JoeBiden @GWirjawan", "likes_count": 0, "replies_count": 1, "retweets_count": 0, "hashtags": []}
{"id": 1429230868497788928, "date": "2021-08-21", "time": "19:56:07", "tweet": "@elonmusk Any #ModelX in there? Still waiting.", "likes_count": 0, "replies_count": 0, "retweets_count": 0, "hashtags": ["modelx"]}
{"id": 1429230862193762306, "date": "2021-08-21", "time": "19:56:06", "tweet": "@MilgateTyler @AmirHomme @Darlene_Pizarro @localrach @nmayfield28 @PennyLa44628375 @DogeAccept @LadyDogeBugBird @GloryDoge @RicosIntoCrytpo @celestevilnueva @Cest_inevitable @DogecoinNorway @topherAlba26 @Maicus81 @YoungCrypto69 Is this what happens when you create AI? They end up transplanting your head onto a robot 🤖 after they destroy all of humanity all just to leave @elonmusk ??? #slavetoy #imscared", "likes_count": 4, "replies_count": 1, "retweets_count": 0, "hashtags": ["slavetoy", "imscared"]}
{"id": 1429230846050017287, "date": "2021-08-21", "time": "19:56:02", "tweet": "@elonmusk Shalom selam hail to the middle east", "likes_count": 0, "replies_count": 0, "retweets_count": 0, "hashtags": []}
{"id": 1429230842715545606, "date": "2021-08-21", "time": "19:56:01", "tweet": "@reversebackhand @ScorpionKille17 @YourFellowArab @HK_says_X @elonmusk Is that a serious question 🤦‍♂️ how do you remember to breathe?", "likes_count": 5, "replies_count": 1, "retweets_count": 0, "hashtags": []}
