{"id": 812795174468419589, "date": "2016-12-24", "time": "18:00:45", "tweet": "Tesla Is About To Go On A Wild Ride.Thanks To China $TSLA  https://t.co/mVfqDF3Ltv", "likes_count": 0, "replies_count": 0, "retweets_count": 0, "hashtags": []}
{"id": 812794998026596352, "date": "2016-12-24", "time": "18:00:03", "tweet": "Free trading reports that I like -  https://t.co/K0hsHzYRIP $SPY $QQQ $DIA $VIX $UVXY $VXX $GLD $NUGT $JNUG $FB $AAPL $TSLA", "likes_count": 1, "replies_count": 0, "retweets_count": 0, "hashtags": []}
{"id": 812790012211249157, "date": "2016-12-24", "time": "17:40:14", "tweet": " https://t.co/vT9HmoiNbp teaches #HowtoPerfect your #socialmedia #presence with #datascience $vlo $twx $unp $rai $tsla #Blessed", "likes_count": 0, "replies_count": 0, "retweets_count": 0, "hashtags": ["howtoperfect", "socialmedia", "presence", "datascience", "blessed"]}
{"id": 812788737147072512, "date": "2016-12-24", "time": "17:35:10", "tweet": " https://t.co/SOm8rjvuBZ teaches #HowtoPerfect your #socialmedia #presence with #datascience $vlo $twx $unp $rai $tsla #Blessed", "likes_count": 0, "replies_count": 0, "retweets_count": 0, "hashtags": ["howtoperfect", "socialmedia", "presence", "datascience", "blessed"]}
{"id": 812781755015041024, "date": "2016-12-24", "time": "17:07:25", "tweet": "#ElonMusk hints at more powerful #Tesla Superchargers, read here:  https://t.co/cIfN9CuyFU $tsla #teslamotors #teslamodels #teslamodelx #EV", "likes_count": 17, "replies_count": 1, "retweets_count": 8, "hashtags": ["elonmusk", "tesla", "teslamotors", "teslamodels", "teslamodelx", "ev"]}
{"id": 812781411514089472, "date": "2016-12-24", "time": "17:06:03", "tweet": "T2108 Update - Caution Emerges As The Trump Rally Leans On The Santa Claus Effect For Rest $SPY $XRT $TSLA $XL...  https://t.co/DBMtp2Kc57", "likes_count": 0, "replies_count": 0, "retweets_count": 0, "hashtags": []}
{"id": 812781409173733377, "date": "2016-12-24", "time": "17:06:03", "tweet": "T2108 Update - Caution Emerges As The Trump Rally Leans On The Santa Claus Effect For Rest $SPY $XRT $TSLA $XL...  https://t.co/9GlG9cd9hJ", "likes_count": 0, "replies_count": 0, "retweets_count": 0, "hashtags": []}
{"id": 812779922624278529, "date": "2016-12-24", "time": "17:00:08", "tweet": "Turning 1k into 100k - Details here   https://t.co/upDpfLpMkH   I trade $SPY $QQQ $IWM $UVXY $VXX $GDX $BBRY $USO $FB $AAPL $NFLX $TSLA $GLD", "likes_count": 0, "replies_count": 0, "retweets_count": 0, "hashtags": []}
{"id": 812779900545298432, "date": "2016-12-24", "time": "17:00:03", "tweet": "$TSLA sum put vol=10,463 sum call vol=14,627 PutCallRatio=0.72 expiration 12/30/2016 .  https://t.co/Jm8UXym9Je  https://t.co/7DoCNFe4ee", "likes_count": 0, "replies_count": 0, "retweets_count": 0, "hashtags": []}
{"id": 812775473608593409, "date": "2016-12-24", "time": "16:42:28", "tweet": "He should just turn around and claim $TSLA made 1 Bn $ in Q4, its not like anyone is going to bother checking the 10-Q", "likes_count": 0, "replies_count": 0, "retweets_count": 0, "hashtags": []}
{"id": 812773413362221056, "date": "2016-12-24", "time": "16:34:17", "tweet": "$TSLA #Tesla to roll out more self-driving features  https://t.co/peWs5DWLQC $F $GM #stockmarket #stocks #finance #investing $SPY $QQQ $IWM", "likes_count": 0, "replies_count": 0, "retweets_count": 0, "hashtags": ["tesla", "stockmarket", "stocks", "finance", "investing"]}
{"id": 812759973398646784, "date": "2016-12-24", "time": "15:40:52", "tweet": "$tsla mod X and electric Sting Ray from @BTTFElectrics for a very good boy. 36 mph of silent Christmas joy  https://t.co/1QSXmqO5Y6", "likes_count": 0, "replies_count": 0, "retweets_count": 0, "hashtags": []}
{"id": 812759780783718403, "date": "2016-12-24", "time": "15:40:06", "tweet": "@weeklyopttrader $TSLA has a nice setup in daily and C&amp;H in intraday🤔  https://t.co/yr6zNb1XM1", "likes_count": 0, "replies_count": 0, "retweets_count": 0, "hashtags": []}
{"id": 812753104047177728, "date": "2016-12-24", "time": "15:13:34", "tweet": "TSLA $TSLA  https://t.co/jpi6j9atgU powered by  https://t.co/phbjFqZS5Z", "likes_count": 0, "replies_count": 0, "retweets_count": 0, "hashtags": []}
{"id": 812751508466843648, "date": "2016-12-24", "time": "15:07:14", "tweet": "TSLA $TSLA  https://t.co/I94mJk34HJ", "likes_count": 0, "replies_count": 0, "retweets_count": 0, "hashtags": []}
{"id": 812749625052557312, "date": "2016-12-24", "time": "14:59:45", "tweet": "@markbspiegel per emplyee BMW US roughly twice as productive as $TSLA 8,000 workers produce 1400 cars per day.  https://t.co/BQUkGrKgnT", "likes_count": 2, "replies_count": 0, "retweets_count": 1, "hashtags": []}
{"id": 812748489994145793, "date": "2016-12-24", "time": "14:55:14", "tweet": "#Tesla: #Autopilot Wait Likely Hurting Sales ... #lithium $tsla  https://t.co/MtYdyGk1Ge", "likes_count": 0, "replies_count": 0, "retweets_count": 0, "hashtags": ["tesla", "autopilot", "lithium"]}
{"id": 812746135429206016, "date": "2016-12-24", "time": "14:45:53", "tweet": "This is super cool!!! 👍👍👍  Tesla $TSLA Christmas light show Easter egg  https://t.co/Qn2EQlSBQ0", "likes_count": 11, "replies_count": 0, "retweets_count": 1, "hashtags": []}
{"id": 812745984975536129, "date": "2016-12-24", "time": "14:45:17", "tweet": " https://t.co/uRvyiGvkKA #tesla $tsla 😎", "likes_count": 0, "replies_count": 0, "retweets_count": 0, "hashtags": ["tesla"]}
{"id": 812744830564573184, "date": "2016-12-24", "time": "14:40:42", "tweet": "Weekly stock news balancing report for Tesla $TSLA No' of positive news this week: 5 No' of negative news this week: 3 Weekly change: +2.97%  https://t.co/4uHL2CKTU5", "likes_count": 1, "replies_count": 0, "retweets_count": 1, "hashtags": []}
