{"id": 934571971613941761, "date": "2017-11-25", "time": "18:58:16", "tweet": "imagine the gas savings. all these #TeslaSemi trucks will be powered by sunlight 💪😎🚀 $TSLA #TeslaEnergy Tesla to be its own first electric semi truck customer with cargo route between Fremont and Gigafactory 1   https://t.co/9V1URQXTaN", "likes_count": 3, "replies_count": 0, "retweets_count": 1, "hashtags": ["teslasemi", "teslaenergy"]}
{"id": 934569906384916480, "date": "2017-11-25", "time": "18:50:03", "tweet": "$TSLA $MGXMF Tesla completes construction of the world's largest lithium ion battery  https://t.co/pk1LVdFHQx", "likes_count": 0, "replies_count": 0, "retweets_count": 0, "hashtags": []}
{"id": 934569905462095872, "date": "2017-11-25", "time": "18:50:03", "tweet": "$TSLA $MGXMF Tesla completes construction of the world's largest lithium ion battery  https://t.co/BHRVnH3yvV", "likes_count": 0, "replies_count": 0, "retweets_count": 0, "hashtags": []}
{"id": 934569257211330560, "date": "2017-11-25", "time": "18:47:29", "tweet": "@efultang So don’t hugs $Tsla then? 😂😂", "likes_count": 0, "replies_count": 0, "retweets_count": 0, "hashtags": []}
{"id": 934565768942850048, "date": "2017-11-25", "time": "18:33:37", "tweet": "How Renewable Energy Will Destroy Fossil Fuels @themotleyfool #stocks $F, $GM, $TSLA  https://t.co/mf0y3D7BxD", "likes_count": 2, "replies_count": 0, "retweets_count": 0, "hashtags": ["stocks"]}
{"id": 934565055982657536, "date": "2017-11-25", "time": "18:30:47", "tweet": "$TSLA - pick your spot and get short. Could be a FAST ride!  https://t.co/KCYxEe6FLQ", "likes_count": 0, "replies_count": 0, "retweets_count": 0, "hashtags": []}
{"id": 934564897710624768, "date": "2017-11-25", "time": "18:30:09", "tweet": "ACTIVE TRADERS Try one of these FREE trading guides:   https://t.co/jlZ82VNSM0  $NFLX $TSLA $AAPL $IBB $GS $FB $AMZN $GOOGL $NVDA", "likes_count": 0, "replies_count": 0, "retweets_count": 0, "hashtags": []}
{"id": 934564784493666304, "date": "2017-11-25", "time": "18:29:42", "tweet": "$TSLA confirmed bullish reversal on weekly chart. High probability of higher prices next week. Now at 315.55. Next resistances r at 317 then 321 then 326 then 332 then 339", "likes_count": 29, "replies_count": 3, "retweets_count": 4, "hashtags": []}
{"id": 934563732608430081, "date": "2017-11-25", "time": "18:25:31", "tweet": "Baffled by the baiting of Tesla $TSLA by Wall Street Elon gave us a re-usable Rocket What was banking/finance's last innovation? ATM? Derivatives? No wonder High Finance didn't see Bitcoin coming. May Amazon bank strike down your ivory towers like a blazing iron meteorite.", "likes_count": 2, "replies_count": 0, "retweets_count": 1, "hashtags": []}
{"id": 934562366477557760, "date": "2017-11-25", "time": "18:20:06", "tweet": "Evening Most Tweeted Big Caps, check out Gambiste Top 10: $SCHW $ES $HST $TSLA $SQ $AMD $TEVA $NEM $MSI $BBY  https://t.co/COU77B7U0z", "likes_count": 0, "replies_count": 0, "retweets_count": 0, "hashtags": []}
{"id": 934562146876297218, "date": "2017-11-25", "time": "18:19:13", "tweet": "Tesla Inc $TSLA Given a $265.00 Price Target by Sanford C. Bernstein Analysts  https://t.co/LzAyi8FM46", "likes_count": 0, "replies_count": 0, "retweets_count": 0, "hashtags": []}
{"id": 934561250046103556, "date": "2017-11-25", "time": "18:15:39", "tweet": "Tesla Inc $TSLA Given a $265.00 Price Target by Sanford C. Bernstein Analysts  https://t.co/lL6Ntcetee", "likes_count": 0, "replies_count": 0, "retweets_count": 0, "hashtags": []}
{"id": 934561247915315200, "date": "2017-11-25", "time": "18:15:39", "tweet": "Tesla Inc $TSLA Given a $265.00 Price Target by Sanford C. Bernstein Analysts  https://t.co/jnhCxHDvmI #acn", "likes_count": 0, "replies_count": 0, "retweets_count": 0, "hashtags": ["acn"]}
{"id": 934560116057300992, "date": "2017-11-25", "time": "18:11:09", "tweet": "Tesla Inc $TSLA Given a $265.00 Price Target by Sanford C. Bernstein Analysts  https://t.co/2WhFNVxGl2", "likes_count": 0, "replies_count": 0, "retweets_count": 0, "hashtags": []}
{"id": 934560087166693376, "date": "2017-11-25", "time": "18:11:02", "tweet": "Pays better than buying $TSLA in 2010 “Field Notes Brand First Colors Edition-Butcher Orange(Winter 2008)Sealed 3-Pack  https://t.co/rXAbqj7DWJ “ @eBay", "likes_count": 1, "replies_count": 0, "retweets_count": 0, "hashtags": []}
{"id": 934558221217533952, "date": "2017-11-25", "time": "18:03:37", "tweet": "Why is #Tesla so far ahead of others in the industry? Read here:  https://t.co/s8Cx2Kskq8 $TSLA #TeslaMotors #ElectricVehicle #ElonMusk", "likes_count": 41, "replies_count": 1, "retweets_count": 16, "hashtags": ["tesla", "teslamotors", "electricvehicle", "elonmusk"]}
{"id": 934557402497609728, "date": "2017-11-25", "time": "18:00:22", "tweet": "Don't miss our next FREE OPTION TRADE.  Sign up for our Daily Free Trades at  https://t.co/MtYp4jJfWz $NVDA $TSLA $GS $GILD $BIIB $GOOGL $FB", "likes_count": 0, "replies_count": 0, "retweets_count": 0, "hashtags": []}
{"id": 934557099765280768, "date": "2017-11-25", "time": "17:59:10", "tweet": "@PatbCryptoking @JTSEO9 @markbspiegel Enjoy your long $tsla position.", "likes_count": 0, "replies_count": 0, "retweets_count": 0, "hashtags": []}
{"id": 934553754321305605, "date": "2017-11-25", "time": "17:45:52", "tweet": " https://t.co/MF12X52j9z $TSLA", "likes_count": 3, "replies_count": 0, "retweets_count": 2, "hashtags": []}
{"id": 934549795963916288, "date": "2017-11-25", "time": "17:30:09", "tweet": "ACTIVE TRADERS Try one of these FREE trading guides:   https://t.co/89hrCCIsck  $NFLX $TSLA $AAPL $JWN $GS $FB $AMZN $GOOGL $NVDA", "likes_count": 0, "replies_count": 0, "retweets_count": 0, "hashtags": []}
