{"id": 817881266859044864, "date": "2017-01-07", "time": "18:51:04", "tweet": "$TSLA Recent News Updated Saturday, January 7, 2017 6:15:20 PM $CORN $UGAZ $PFE $BABA  https://t.co/a65dy3mKtj", "likes_count": 0, "replies_count": 0, "retweets_count": 0, "hashtags": []}
{"id": 817877438185242627, "date": "2017-01-07", "time": "18:35:51", "tweet": "@mgtjdadupdates @markbspiegel just like politics there's no one right answer for every circumstance. I bought the car but I don't have $TSLA", "likes_count": 0, "replies_count": 0, "retweets_count": 0, "hashtags": []}
{"id": 817875908694601728, "date": "2017-01-07", "time": "18:29:46", "tweet": "@markbspiegel guess you can't afford one though since you're so heavily leveraged in short-selling $TSLA ? ;)", "likes_count": 0, "replies_count": 0, "retweets_count": 0, "hashtags": []}
{"id": 817866281907011586, "date": "2017-01-07", "time": "17:51:31", "tweet": "Strong Sales Growth In China Will Power Tesla Motors Higher  https://t.co/YcCo9ejcnm $TSLA", "likes_count": 0, "replies_count": 0, "retweets_count": 0, "hashtags": []}
{"id": 817866103921721344, "date": "2017-01-07", "time": "17:50:49", "tweet": "Strong Sales Growth In China Will Power Tesla Motors Higher  https://t.co/JNt14f4G3y $TSLA", "likes_count": 0, "replies_count": 0, "retweets_count": 0, "hashtags": []}
{"id": 817865265023098880, "date": "2017-01-07", "time": "17:47:29", "tweet": "Strong Sales Growth In China Will Power Tesla Motors Higher  https://t.co/R5w27Jfhok $TSLA", "likes_count": 1, "replies_count": 0, "retweets_count": 1, "hashtags": []}
{"id": 817861923844870145, "date": "2017-01-07", "time": "17:34:12", "tweet": "Market Briefing For Monday, January 9, 2017 $SPX $F $GM $TSLA  https://t.co/d5XfrxaH0j", "likes_count": 0, "replies_count": 0, "retweets_count": 0, "hashtags": []}
{"id": 817854417517035525, "date": "2017-01-07", "time": "17:04:22", "tweet": "#Tesla gets a win as Wyoming opens up automaker direct sales opportunity, read here:  https://t.co/tmZvGXP0BN $tsla #teslamotors #teslamodels", "likes_count": 10, "replies_count": 1, "retweets_count": 7, "hashtags": ["tesla", "teslamotors", "teslamodels"]}
{"id": 817851817560113153, "date": "2017-01-07", "time": "16:54:02", "tweet": "@Tweetermeyer $TSLA ostrich syndrome? If you don't look for the danger, it must not be real...", "likes_count": 0, "replies_count": 0, "retweets_count": 0, "hashtags": []}
{"id": 817849665458761728, "date": "2017-01-07", "time": "16:45:29", "tweet": "#Tesla Final Q4 Estimate Indicates A Broken Growth Story, Which Could Cause A Meltdown (#NASDAQ: $TSLA)  https://t.co/1JYEoy0hZY", "likes_count": 0, "replies_count": 0, "retweets_count": 0, "hashtags": ["tesla", "nasdaq"]}
{"id": 817847097630269440, "date": "2017-01-07", "time": "16:35:17", "tweet": "@HurriCap just change the discount rate. Start with the valuation THEN solve for discount rate :) $scty $tsla. #WallStreet", "likes_count": 0, "replies_count": 0, "retweets_count": 0, "hashtags": ["wallstreet"]}
{"id": 817845534018990080, "date": "2017-01-07", "time": "16:29:04", "tweet": "100 years ahead of Elon $TSLA  https://t.co/P5ZAKys4F3", "likes_count": 1, "replies_count": 0, "retweets_count": 0, "hashtags": []}
{"id": 817841429234024449, "date": "2017-01-07", "time": "16:12:46", "tweet": "Wonder if $TSLA will sell its lithium batteries to other 3rd party automakers after its own demands are fully met. Could be.. $SPY $SPX", "likes_count": 2, "replies_count": 0, "retweets_count": 2, "hashtags": []}
{"id": 817840791448158209, "date": "2017-01-07", "time": "16:10:14", "tweet": "$TSLA #Nasdaq #Stocks Video Analysis &amp; Forecast with important #Trading Zones for Week 09Jan &gt;  https://t.co/uuD5hmpATs Thanks @APAZones  https://t.co/qPF17D38T4", "likes_count": 0, "replies_count": 0, "retweets_count": 0, "hashtags": ["nasdaq", "stocks", "trading"]}
{"id": 817837053446656002, "date": "2017-01-07", "time": "15:55:22", "tweet": "'Tesla Killer' Boasts A 1,050-Horsepower Engine And Will Be On The Streets Next Year:  https://t.co/ORWxqwU32V $TSLA", "likes_count": 0, "replies_count": 0, "retweets_count": 0, "hashtags": []}
{"id": 817827602018795520, "date": "2017-01-07", "time": "15:17:49", "tweet": "\"hope that Bannon...might steer Trump back from the edge of climate denial\" -Musk thinks @realDonaldTrump is suffering climate denial $TSLA  https://t.co/AdXocGq7tY", "likes_count": 0, "replies_count": 0, "retweets_count": 0, "hashtags": []}
{"id": 817826977411383297, "date": "2017-01-07", "time": "15:15:20", "tweet": "#Intel: Another Threat Emerges (And It's Not #Zen)... $intc #gpu #nvidia $nvda #amd $amd $ibm $tsla #tesla #data  https://t.co/rjmdfSaNqM", "likes_count": 0, "replies_count": 0, "retweets_count": 0, "hashtags": ["intel", "zen", "gpu", "nvidia", "amd", "tesla", "data"]}
{"id": 817825685196697600, "date": "2017-01-07", "time": "15:10:12", "tweet": "The New Tesla: The Elon Musk Medicine Show  https://t.co/FXMoGphKVY $TSLA #free #investing book =  lifetime profits -  https://t.co/t9CwQJgvTx", "likes_count": 0, "replies_count": 0, "retweets_count": 0, "hashtags": ["free", "investing"]}
{"id": 817825393067589633, "date": "2017-01-07", "time": "15:09:02", "tweet": "Tesla Announces Another Delivery Disappointment  https://t.co/xeoPvZXK7t $TSLA", "likes_count": 0, "replies_count": 0, "retweets_count": 0, "hashtags": []}
{"id": 817825042880925696, "date": "2017-01-07", "time": "15:07:39", "tweet": "Tesla Stock And Tesla Vehicles: Uncontrolled Acceleration  https://t.co/leK1C7Tmpz $TSLA", "likes_count": 0, "replies_count": 0, "retweets_count": 0, "hashtags": []}
{"id": 817823280585437185, "date": "2017-01-07", "time": "15:00:39", "tweet": "@bryan4665 and Enron's media tour of a fake trading floor is hilariously similar to $TSLA's tour of an unfinished and uneconomic Gigafactory", "likes_count": 2, "replies_count": 0, "retweets_count": 1, "hashtags": []}
{"id": 817820315736801291, "date": "2017-01-07", "time": "14:48:52", "tweet": "Top Stock searches on message boards and Twitter: $USO $AAPL $SPY $CNCG $TSLA (02:48 pm) #stocks #finance #stockmarket #StockPicks", "likes_count": 1, "replies_count": 0, "retweets_count": 1, "hashtags": ["stocks", "finance", "stockmarket", "stockpicks"]}
{"id": 817817783295676416, "date": "2017-01-07", "time": "14:38:48", "tweet": "Nvidia's Autonomous Vehicle Victory Lap  https://t.co/eecbo2jjRS $BBRY $INTC $MBLY $TSLA $TSM $BSWQY $BMWYY $NVDA", "likes_count": 0, "replies_count": 0, "retweets_count": 0, "hashtags": []}
{"id": 817815264196755456, "date": "2017-01-07", "time": "14:28:47", "tweet": "\"Technical Analysis BASICS\"👉 https://t.co/sOrKxx3Tdg $ETRM $MSTX $GEVO $TSLA $FB $EBAY $PYPL $DRYS $ESEA $SPU $SAEX $OPTT $SSY $PTX $ZFGN $S  https://t.co/Lsbi0ksFjA", "likes_count": 3, "replies_count": 0, "retweets_count": 1, "hashtags": []}
{"id": 817812490604056576, "date": "2017-01-07", "time": "14:17:46", "tweet": "Pendulum experiment number two, vote #silver or #Nikkei. Let’s Push It Again! &gt;  https://t.co/gIwo1TYiYs  $SLV $PALL $TSLA", "likes_count": 0, "replies_count": 0, "retweets_count": 0, "hashtags": ["silver", "nikkei"]}
{"id": 817812402053980161, "date": "2017-01-07", "time": "14:17:25", "tweet": "$TSLA  https://t.co/pyhdi1FxfE", "likes_count": 0, "replies_count": 2, "retweets_count": 0, "hashtags": []}
{"id": 817809632357978113, "date": "2017-01-07", "time": "14:06:25", "tweet": "#EVs are the #future!  #cleanenergy #invest #InvestTogether $TSLA @TeslaMotors  https://t.co/C9kdyBNp1k", "likes_count": 0, "replies_count": 0, "retweets_count": 0, "hashtags": ["evs", "future", "cleanenergy", "invest", "investtogether"]}
{"id": 817801790062260225, "date": "2017-01-07", "time": "13:35:15", "tweet": "Massachussetts initiative shows off #Tesla and #electric vehicle models, read here:  https://t.co/sGGNElHjNQ $tsla #teslamotors #teslamodels", "likes_count": 8, "replies_count": 0, "retweets_count": 4, "hashtags": ["tesla", "electric", "teslamotors", "teslamodels"]}
{"id": 817801282589069312, "date": "2017-01-07", "time": "13:33:14", "tweet": "Master subsidies May be coming Musks way! $TSLA  https://t.co/r45jzrjnSr powered by  https://t.co/phbjFqZS5Z", "likes_count": 0, "replies_count": 0, "retweets_count": 1, "hashtags": []}
{"id": 817801181044948992, "date": "2017-01-07", "time": "13:32:50", "tweet": "Curious why the market is up? Read this. $GOOG $AMZN $TSLA $TWTR $SIRI #trump #investing #stocks #microcap #bonds  https://t.co/Q3mjqdrBlx", "likes_count": 0, "replies_count": 0, "retweets_count": 0, "hashtags": ["trump", "investing", "stocks", "microcap", "bonds"]}
{"id": 817800733902962694, "date": "2017-01-07", "time": "13:31:03", "tweet": "@stockstreamtv  https://t.co/jDcN0P5gjt // 11/13/16 #WEEKLY #TRADE #IDEAS $IONS $TSLA $WTW... //  @stabilafonder $WTW #trading #investing #st", "likes_count": 0, "replies_count": 0, "retweets_count": 0, "hashtags": ["weekly", "trade", "ideas", "trading", "investing", "st"]}
{"id": 817799635678789632, "date": "2017-01-07", "time": "13:26:41", "tweet": "Master subsidies May be coming Musks way! $TSLA  https://t.co/vFTVr56icU", "likes_count": 0, "replies_count": 0, "retweets_count": 0, "hashtags": []}
{"id": 817797442372509697, "date": "2017-01-07", "time": "13:17:58", "tweet": "$ICNB.0148-Iconic-Brands-Massive New York &amp; Penn rollout $AMZN $TSLA $WMT $TGT $NVDA $SPY $GLD $EBAY $AAPL $FB $TWTR $GS $S $GOOG  $DIS  https://t.co/7IUIuYjRM7", "likes_count": 3, "replies_count": 0, "retweets_count": 0, "hashtags": []}
{"id": 817795269634854912, "date": "2017-01-07", "time": "13:09:20", "tweet": "themotleyfool Another Reason Tesla and Trump May Be a Better Fit Than First Thought #stocks $TSLA  https://t.co/WVbz4ePU9F", "likes_count": 1, "replies_count": 0, "retweets_count": 0, "hashtags": ["stocks"]}
{"id": 817792929460867072, "date": "2017-01-07", "time": "13:00:02", "tweet": "How To Stop Leaving Money On The Table   https://t.co/asbK09oh7F $SPY $IBB $AAPL $TSLA #StockMarket  https://t.co/8o5CGAv8qR", "likes_count": 1, "replies_count": 0, "retweets_count": 0, "hashtags": ["stockmarket"]}
{"id": 817792426454695937, "date": "2017-01-07", "time": "12:58:02", "tweet": "$TSLA I mean either these new automakers are smoking or are nuts, you have to build a nice looking car like Model 3 with same price point", "likes_count": 3, "replies_count": 0, "retweets_count": 1, "hashtags": []}
{"id": 817792232812060672, "date": "2017-01-07", "time": "12:57:16", "tweet": "$TSLA Farday is absolute nonsense, first of all product looks bad and there asking price is around $140,000, its a faliure before evn lauch", "likes_count": 2, "replies_count": 0, "retweets_count": 0, "hashtags": []}
{"id": 817792127774105600, "date": "2017-01-07", "time": "12:56:51", "tweet": "$TSLA GM, Ford, Toyota, Honda, VW &amp; evn luxury car makrs including Ferrari just dream to be like Tsla tht has revolutionized the auto sector", "likes_count": 1, "replies_count": 0, "retweets_count": 1, "hashtags": []}
{"id": 817792004671283200, "date": "2017-01-07", "time": "12:56:22", "tweet": "$TSLA @TeslaMotors competitors are exctly lyk wht u hve \"Iphone\" competitors,they fail to evn come close to \"Iphone\" sales or product itself", "likes_count": 1, "replies_count": 0, "retweets_count": 0, "hashtags": []}
{"id": 817790657683038209, "date": "2017-01-07", "time": "12:51:01", "tweet": "Here's how we traded $NVDA this week:    https://t.co/3R3m20mYvi  #stocks $aapl $Tsla", "likes_count": 0, "replies_count": 0, "retweets_count": 0, "hashtags": ["stocks"]}
{"id": 817787997898895362, "date": "2017-01-07", "time": "12:40:27", "tweet": "Market Update Video Analysis &amp; Forecast on $TSLA &amp; $F by @APAZones with #Trading Zones for Week 09 Jan &gt;  https://t.co/9k9094CKdu  https://t.co/jiVOgeijGT", "likes_count": 1, "replies_count": 0, "retweets_count": 0, "hashtags": ["trading"]}
{"id": 817783673684508672, "date": "2017-01-07", "time": "12:23:16", "tweet": "TSLA get through here.. next stop Mars $TSLA  https://t.co/poyhyR5p8O", "likes_count": 0, "replies_count": 0, "retweets_count": 2, "hashtags": []}
{"id": 817778240672645120, "date": "2017-01-07", "time": "12:01:40", "tweet": "#EV Company #News: #December 2016... #lithium $lit $vlkay $tsla #tesla #bmw #nissan #chevy #mitsubishi #byd #renault  https://t.co/0tHwAMgUsC", "likes_count": 0, "replies_count": 0, "retweets_count": 0, "hashtags": ["ev", "news", "december", "lithium", "tesla", "bmw", "nissan", "chevy", "mitsubishi", "byd", "renault"]}
{"id": 817777058860371968, "date": "2017-01-07", "time": "11:56:59", "tweet": "@ECantoni hello, so $AAPL would fall and $TSLA would rise.... how is it possible? Tesla will buy Apple???  https://t.co/KqtrzvFwOl", "likes_count": 1, "replies_count": 0, "retweets_count": 0, "hashtags": []}
{"id": 817774512842375168, "date": "2017-01-07", "time": "11:46:52", "tweet": "Alert: Sell Short Tesla Motors Inc $TSLA At Major Resistance #VerifiedProTrader #VerifiedTrackRecord #LiveTrades  https://t.co/oxbS8BNXhP", "likes_count": 1, "replies_count": 0, "retweets_count": 1, "hashtags": ["verifiedprotrader", "verifiedtrackrecord", "livetrades"]}
{"id": 817773167448129540, "date": "2017-01-07", "time": "11:41:31", "tweet": "@canuck2usa This x100. Mine's $tsla. Gotta check myself before I wreck myself.", "likes_count": 0, "replies_count": 0, "retweets_count": 0, "hashtags": []}
{"id": 817768618192752640, "date": "2017-01-07", "time": "11:23:26", "tweet": "@markbspiegel If your sole investing experience is watching others get rich on AAPL/AMZN, $TSLA is the perfect trap.", "likes_count": 0, "replies_count": 0, "retweets_count": 0, "hashtags": []}
{"id": 817765853198426112, "date": "2017-01-07", "time": "11:12:27", "tweet": "No one had better instincts than Tom Lee this year. Take note, a 2275 YE target doesn't preclude new highs along way $SPY $TSLA @fundstrat  https://t.co/pg9BdO91e1", "likes_count": 0, "replies_count": 0, "retweets_count": 0, "hashtags": []}
{"id": 817764933488082944, "date": "2017-01-07", "time": "11:08:48", "tweet": "@OphirGottlieb @howardlindzon Yeah, $TSLA Has Really been a disappointment over the Last 3 Years. For the Shorts😉  https://t.co/iz2XjnqgPT", "likes_count": 0, "replies_count": 0, "retweets_count": 0, "hashtags": []}
{"id": 817764643276029952, "date": "2017-01-07", "time": "11:07:38", "tweet": "$TSLA runs exactly as I predicted. BULLISH news about record high demands. With Giga factory setting up nicely this one will up HUGE in 2017  https://t.co/FOm4QDAez5", "likes_count": 4, "replies_count": 1, "retweets_count": 0, "hashtags": []}
{"id": 817763350306287618, "date": "2017-01-07", "time": "11:02:30", "tweet": "What To Do At The Scene Of An Auto Accident  https://t.co/3QQKVsBKZ7 $F $GM $TSLA $TM", "likes_count": 0, "replies_count": 0, "retweets_count": 0, "hashtags": []}
{"id": 817761221441179650, "date": "2017-01-07", "time": "10:54:03", "tweet": "Top Stock searches on message boards and Twitter: $USO $AAPL $SPY $CNCG $TSLA (10:52 am) #stocks #finance #stockmarket #StockPicks", "likes_count": 1, "replies_count": 0, "retweets_count": 1, "hashtags": ["stocks", "finance", "stockmarket", "stockpicks"]}
{"id": 817760709832380416, "date": "2017-01-07", "time": "10:52:01", "tweet": " https://t.co/HOFfIK9a0y &lt;-- Change your life and beat the wall street scammers at their own game! $USO $UWTI $TSLA $SPY", "likes_count": 0, "replies_count": 0, "retweets_count": 0, "hashtags": []}
{"id": 817759949124149249, "date": "2017-01-07", "time": "10:48:59", "tweet": "$TSLA Analysts praise #Tesla’s Gigafactory, but worry electric-car maker was thin on details  https://t.co/0gop2ZebuZ $F $GM #stocks $SPY $FB", "likes_count": 0, "replies_count": 0, "retweets_count": 0, "hashtags": ["tesla", "stocks"]}
{"id": 817759370247278592, "date": "2017-01-07", "time": "10:46:41", "tweet": "New development awareness brief regarding self driving cars and autonomous vehicle integration. Must read. $TSLA $GOOG $AAPL $BRK $PGR $ALL", "likes_count": 3, "replies_count": 0, "retweets_count": 1, "hashtags": []}
{"id": 817756348964171776, "date": "2017-01-07", "time": "10:34:41", "tweet": "$NVDA Opinions Updated Saturday, January 7, 2017 10:15:20 AM $BIOS $FCX $TSLA $SOXS  https://t.co/SP1fYO5puq", "likes_count": 0, "replies_count": 0, "retweets_count": 0, "hashtags": []}
{"id": 817749841207930881, "date": "2017-01-07", "time": "10:08:49", "tweet": "$TSLA sum put vol=9,314 sum call vol=20,498 PutCallRatio=0.45 expiration 01/13/2017 .  https://t.co/GHKWRydvh1  https://t.co/RN6T0oWQuA", "likes_count": 0, "replies_count": 0, "retweets_count": 0, "hashtags": []}
{"id": 817748473151889409, "date": "2017-01-07", "time": "10:03:23", "tweet": "$TSLA How I see it longer-term. No position  https://t.co/3XyOlB1BMI", "likes_count": 6, "replies_count": 1, "retweets_count": 2, "hashtags": []}
{"id": 817747463926726657, "date": "2017-01-07", "time": "09:59:23", "tweet": "#GoldenBullet @scott81236 #FuelCells @Agterzis @WallStForensics #China $PLUG $TSLA @cafcp   https://t.co/ultY9R3vv7", "likes_count": 0, "replies_count": 0, "retweets_count": 0, "hashtags": ["goldenbullet", "fuelcells", "china"]}
{"id": 817738510333575168, "date": "2017-01-07", "time": "09:23:48", "tweet": "It's Official: Online Holiday Sales Break Record -- Tech Roundup $AAPL $M $JCP $AMZN #Retail $TSLA  https://t.co/Q6wr5etJNH via @TheStreet", "likes_count": 0, "replies_count": 0, "retweets_count": 0, "hashtags": ["retail"]}
{"id": 817736812575780864, "date": "2017-01-07", "time": "09:17:03", "tweet": "The little things  https://t.co/jhJk1NyDT8 #Tesla $TSLA @TeslaMotors  https://t.co/AgWWpwz2E2  https://t.co/M1j4KbAWuH", "likes_count": 3, "replies_count": 0, "retweets_count": 0, "hashtags": ["tesla"]}
{"id": 817736129420075008, "date": "2017-01-07", "time": "09:14:20", "tweet": "Photos, video, and inside access to secretive #Tesla event, view here:  https://t.co/FqzB0ZMfji $tsla #teslamotors #elonmusk #Gigafactory #EV", "likes_count": 0, "replies_count": 1, "retweets_count": 0, "hashtags": ["tesla", "teslamotors", "elonmusk", "gigafactory", "ev"]}
{"id": 817735717967118337, "date": "2017-01-07", "time": "09:12:42", "tweet": "$AAPL &amp; $GOOG are legacy companies at #CES2017. $AMZN &amp; $TSLA scaring the crap out of everyone #learningmachines #AI", "likes_count": 2, "replies_count": 0, "retweets_count": 1, "hashtags": ["ces2017", "learningmachines", "ai"]}
{"id": 817732228448972801, "date": "2017-01-07", "time": "08:58:50", "tweet": "Will This Chart Level Drive Auto Stocks Higher? $F $GM $TSLA Post:  https://t.co/qmzsoqYxPm  https://t.co/PDDuw66cUc", "likes_count": 4, "replies_count": 0, "retweets_count": 2, "hashtags": []}
{"id": 817730767983939584, "date": "2017-01-07", "time": "08:53:02", "tweet": "$TSLA Powerhouse. You still long?@astruzynski", "likes_count": 1, "replies_count": 1, "retweets_count": 0, "hashtags": []}
{"id": 817726749735866368, "date": "2017-01-07", "time": "08:37:04", "tweet": "2 years in one graph $TSLA #stocks will soon necessarily confirm short term #bullish trend I believe if involve $TSLA long than it is time  https://t.co/E9sjDRsGJn", "likes_count": 1, "replies_count": 0, "retweets_count": 3, "hashtags": ["stocks", "bullish"]}
{"id": 817725920933007360, "date": "2017-01-07", "time": "08:33:46", "tweet": "Saturday links: smart chickens, dirty cash and Parmigiano-Reggiano thieves.  https://t.co/IIyU744PCj $T $F $TSLA $TAN $AMZN $FB $JACK $DIS  https://t.co/DbE6qkCGX9", "likes_count": 3, "replies_count": 0, "retweets_count": 2, "hashtags": []}
{"id": 817725224783409152, "date": "2017-01-07", "time": "08:31:00", "tweet": "Free trading reports that I like -   https://t.co/K0hsHzYRIP $SPY $QQQ $DIA $VIX $UVXY $VXX $GLD $NUGT $JNUG $FB $AAPL $TSLA", "likes_count": 0, "replies_count": 0, "retweets_count": 0, "hashtags": []}
{"id": 817720533617872897, "date": "2017-01-07", "time": "08:12:22", "tweet": "Tesla Motors, Inc. $TSLA Earns Equal Weight Rating from Morgan Stanley  https://t.co/3a1cuvjaQA", "likes_count": 0, "replies_count": 0, "retweets_count": 0, "hashtags": []}
{"id": 817720231401586688, "date": "2017-01-07", "time": "08:11:10", "tweet": "I wrote a few days ago that $TSLA is facing #bullish #stocks trend again based on my phase shift in 3-months analysis. Seems confirmed", "likes_count": 3, "replies_count": 0, "retweets_count": 3, "hashtags": ["bullish", "stocks"]}
{"id": 817718691781410816, "date": "2017-01-07", "time": "08:05:03", "tweet": " https://t.co/yCsup2RbEP  *Review* Easy low cost trading alerts service for new and experienced traders! $fb $twtr $tsla", "likes_count": 0, "replies_count": 0, "retweets_count": 0, "hashtags": []}
{"id": 817716302563438594, "date": "2017-01-07", "time": "07:55:33", "tweet": "Photos, video, and inside access to secretive #Tesla event, view here:  https://t.co/Hox4bNGAfS $tsla #teslamotors #elonmusk #Gigafactory #EV", "likes_count": 15, "replies_count": 1, "retweets_count": 7, "hashtags": ["tesla", "teslamotors", "elonmusk", "gigafactory", "ev"]}
{"id": 817713069648465920, "date": "2017-01-07", "time": "07:42:42", "tweet": "$TSLA ...that's a 50 pt move off the bottom.  https://t.co/w0RraFUab9", "likes_count": 1, "replies_count": 0, "retweets_count": 1, "hashtags": []}
{"id": 817712176378953728, "date": "2017-01-07", "time": "07:39:09", "tweet": "$FB $GOOGL $WB $NFLX $GKOS $TSLA $TSRO $BABA $AMZN $INCY are among stocks showing interesting weekly chart patterns", "likes_count": 3, "replies_count": 0, "retweets_count": 2, "hashtags": []}
{"id": 817709393168826368, "date": "2017-01-07", "time": "07:28:06", "tweet": "$SGG Stock Forum Updated Saturday, January 7, 2017 07:15:20 AM $HMY $PACB $TSLA $GT  https://t.co/9y4Q7hV9cc", "likes_count": 0, "replies_count": 0, "retweets_count": 0, "hashtags": []}
{"id": 817709387422703617, "date": "2017-01-07", "time": "07:28:04", "tweet": "$TSLA Recent News Updated Saturday, January 7, 2017 07:15:20 AM $SVXY $EWZ $VXX $EFX  https://t.co/8kpWFD2TEQ", "likes_count": 0, "replies_count": 0, "retweets_count": 0, "hashtags": []}
{"id": 817709385631678464, "date": "2017-01-07", "time": "07:28:04", "tweet": "$TLT Reviews Updated Saturday, January 7, 2017 07:15:20 AM $IBB $TSLA $F $BX  https://t.co/ejxD78bcxl", "likes_count": 0, "replies_count": 0, "retweets_count": 0, "hashtags": []}
{"id": 817703304339787776, "date": "2017-01-07", "time": "07:03:54", "tweet": "Just Turning Upside #Stocks full list  $TSLA $RYAAY $PBF $PAY $CTSH $MAA $CHSP $KR $SEIC $TROW $CHKP $CI $NJR $VGR   https://t.co/3Y5X9BJAL7", "likes_count": 1, "replies_count": 0, "retweets_count": 1, "hashtags": ["stocks"]}
{"id": 817702590112759808, "date": "2017-01-07", "time": "07:01:04", "tweet": "Market Recap-Swing Trades as of 1/4/2017 Market Recap by MSP  https://t.co/fqMqpWKs6I $AAPL $SPY $BABA  $AMZN $TSLA  https://t.co/IQPxWRNBLe", "likes_count": 0, "replies_count": 0, "retweets_count": 1, "hashtags": []}
{"id": 817697181599531008, "date": "2017-01-07", "time": "06:39:34", "tweet": "$TSLA Stock Forum Updated Saturday, January 7, 2017 06:15:19 AM $XLF $URI $WEAT $SOXS  https://t.co/vR0lX665Oo", "likes_count": 0, "replies_count": 0, "retweets_count": 0, "hashtags": []}
