{"id": 840712180613992448, "date": "2017-03-11", "time": "18:52:58", "tweet": "#ElonMusk: I can fix South #Australia power network in 100 days or it's free  https://t.co/h6YG1tTMF4 #energy #Tesla $tsla", "likes_count": 2, "replies_count": 0, "retweets_count": 0, "hashtags": ["elonmusk", "australia", "energy", "tesla"]}
{"id": 840712104688701440, "date": "2017-03-11", "time": "18:52:40", "tweet": "$TSLA  https://t.co/bqovnHcJH9", "likes_count": 1, "replies_count": 0, "retweets_count": 0, "hashtags": []}
{"id": 840710766613430272, "date": "2017-03-11", "time": "18:47:21", "tweet": "Weekend Review Video 3/12 $VIX $TLT $IBB $INCY $SPY $IWM $QQQ $XOM $AAPL $AMZN $FB $SNAP $NFLX $TSLA $NVDA $ULTA $BA  https://t.co/4Io5wHqM1C", "likes_count": 24, "replies_count": 3, "retweets_count": 7, "hashtags": []}
{"id": 840710684627353600, "date": "2017-03-11", "time": "18:47:01", "tweet": "@evannex_com $TSLA ......S E X Y", "likes_count": 0, "replies_count": 1, "retweets_count": 0, "hashtags": []}
{"id": 840705263783022592, "date": "2017-03-11", "time": "18:25:29", "tweet": "NOW OFFERING: 7 Day FREE Trial to our options day trading team Room or $TWTR feed  https://t.co/zZPRJH5xOh $FB $AAPL $NFLX $TSLA $AMZN $GOOGL", "likes_count": 1, "replies_count": 0, "retweets_count": 1, "hashtags": []}
{"id": 840702361932857344, "date": "2017-03-11", "time": "18:13:57", "tweet": "Don't sleep on the self-driving car revolution $BMWYY $TSLA $DLPH $NVDA $GOOG $GOOGL $BIDU $F $GM $LYFT  https://t.co/DU4ijte7F4", "likes_count": 0, "replies_count": 0, "retweets_count": 0, "hashtags": []}
{"id": 840698576586063877, "date": "2017-03-11", "time": "17:58:54", "tweet": "$TSLA As soon as I Plug my Tesla in, a neighbor would buy a Chevy Bolt. Cant buy a Bolt in TN. You Can have a Model S or Leaf in a month...", "likes_count": 1, "replies_count": 1, "retweets_count": 0, "hashtags": []}
{"id": 840696388811919360, "date": "2017-03-11", "time": "17:50:13", "tweet": "#Tesla: Examining More #SolarCity Problems - #lithium #li $lit $tan $tsla #gigafactory #climate #tech #investing  https://t.co/GzqMmZLJ1Q", "likes_count": 0, "replies_count": 0, "retweets_count": 0, "hashtags": ["tesla", "solarcity", "lithium", "li", "gigafactory", "climate", "tech", "investing"]}
{"id": 840685787817492480, "date": "2017-03-11", "time": "17:08:05", "tweet": "$TSLA Max Pain = 250.00. Maturity = 03/17/2017. Previous close = 243.69.   https://t.co/bgHVHzB2GV  https://t.co/Izq06RCTlP", "likes_count": 0, "replies_count": 0, "retweets_count": 0, "hashtags": []}
{"id": 840684928178245632, "date": "2017-03-11", "time": "17:04:40", "tweet": "The Simple Reason Why I Won't Buy Tesla @themotleyfool $TSLA  https://t.co/cSdXhijDct Falling oil, unfriendly EPA, dilution, bad chart", "likes_count": 0, "replies_count": 0, "retweets_count": 0, "hashtags": []}
{"id": 840683545827917825, "date": "2017-03-11", "time": "16:59:11", "tweet": "A #Tesla high school dream that soon became a Model S. Read here:  https://t.co/bju53avSFf $tsla #teslamotors #teslamodels #elonmusk", "likes_count": 5, "replies_count": 0, "retweets_count": 0, "hashtags": ["tesla", "teslamotors", "teslamodels", "elonmusk"]}
{"id": 840678257070559234, "date": "2017-03-11", "time": "16:38:10", "tweet": "Commented on Tesla Shorts Long On Confirmation Bias  https://t.co/U2hDAPpjB6 $TSLA $GM $F $FCAU $TTM $AUDVF", "likes_count": 0, "replies_count": 0, "retweets_count": 0, "hashtags": []}
{"id": 840678004015693826, "date": "2017-03-11", "time": "16:37:09", "tweet": "@EyesWideOpen_61 hmmm...  You must've missed Q3 2016 $tsla", "likes_count": 0, "replies_count": 0, "retweets_count": 0, "hashtags": []}
{"id": 840676770290532353, "date": "2017-03-11", "time": "16:32:15", "tweet": "Why #Wind&amp; #Solar MayHave2Fill In4 #USA's CrumblingHydro #Infrastructure @themotleyfool #stocks $TSLA $FSLR $SPWR  https://t.co/6uHo2YlEAV …", "likes_count": 2, "replies_count": 0, "retweets_count": 1, "hashtags": ["wind", "solar", "usa", "infrastructure", "stocks"]}
{"id": 840675982797373442, "date": "2017-03-11", "time": "16:29:07", "tweet": "Tesla Shorts Long On Confirmation Bias $TSLA  https://t.co/NL5LaF8axc", "likes_count": 1, "replies_count": 0, "retweets_count": 0, "hashtags": []}
{"id": 840672931634003968, "date": "2017-03-11", "time": "16:17:00", "tweet": "Musk is more equal parts PT Barnum and L Ron Hubbard than an Einstein. He's never turned a profit in any business he's ever ran. $tsla", "likes_count": 4, "replies_count": 2, "retweets_count": 0, "hashtags": []}
{"id": 840667737164664833, "date": "2017-03-11", "time": "15:56:22", "tweet": "I'm staying long on $TSLA. Like really long. @elonmusk is our Einstein. Not everyone sees it yet.  https://t.co/ciTGQcSfZX", "likes_count": 2, "replies_count": 1, "retweets_count": 1, "hashtags": []}
{"id": 840666425169657856, "date": "2017-03-11", "time": "15:51:09", "tweet": "While $tsla still trying to figure out what it wants to be when it grows up $gm sold 10 million units returning $4.8 billion to shareholders", "likes_count": 3, "replies_count": 1, "retweets_count": 0, "hashtags": []}
{"id": 840661781743722496, "date": "2017-03-11", "time": "15:32:42", "tweet": "Will @teslamotors Model 3 Change the World?  https://t.co/oKGhueHrgW #automation #ai #autonomousvehicles $TSLA @Uber", "likes_count": 2, "replies_count": 0, "retweets_count": 2, "hashtags": ["automation", "ai", "autonomousvehicles"]}
{"id": 840654110764457985, "date": "2017-03-11", "time": "15:02:13", "tweet": "#Lithium #News #Resources  https://t.co/IzKknLVdTw #li $lit #preciousmetals #industrial #metals #mining #commodities #ev #tesla $tsla #tech  https://t.co/vEMyLvAnAp", "likes_count": 0, "replies_count": 0, "retweets_count": 0, "hashtags": ["lithium", "news", "resources", "li", "preciousmetals", "industrial", "metals", "mining", "commodities", "ev", "tesla", "tech"]}
