{"id": 878764509468426240, "date": "2017-06-24", "time": "19:59:20", "tweet": "@OphirGottlieb @postandcourier so who will be installing the 1000's of solar roofs in South Carolina? Elon himself? $TSLA", "likes_count": 0, "replies_count": 0, "retweets_count": 0, "hashtags": []}
{"id": 878762312676515840, "date": "2017-06-24", "time": "19:50:36", "tweet": "@KopeeDunt Must be the Anti-Selling in action.  $TSLA", "likes_count": 0, "replies_count": 0, "retweets_count": 0, "hashtags": []}
{"id": 878761021405630464, "date": "2017-06-24", "time": "19:45:28", "tweet": "Biotech's Best Chance Gets Even Better  https://t.co/OdjvORVibl $tsla $regn $exas $vrtx $celg $tsro $incy $kite $blue $jnj $mrk $pfe $labu", "likes_count": 0, "replies_count": 1, "retweets_count": 0, "hashtags": []}
{"id": 878760856812736512, "date": "2017-06-24", "time": "19:44:49", "tweet": "The Trigger For Tesla Shorts  https://t.co/v32jiwJtjx $TSLA", "likes_count": 0, "replies_count": 0, "retweets_count": 0, "hashtags": []}
{"id": 878760834230403072, "date": "2017-06-24", "time": "19:44:44", "tweet": "A list of free stock picks. $TWTR $TSLA $JMBA $EBAY $AMZN #stockpicks #stocks #stockmarket  https://t.co/hoSvyJR1pL  https://t.co/R1x56xXJs4  https://t.co/wE7teXJca4", "likes_count": 0, "replies_count": 0, "retweets_count": 0, "hashtags": ["stockpicks", "stocks", "stockmarket"]}
{"id": 878760583633522688, "date": "2017-06-24", "time": "19:43:44", "tweet": "Tesla About To Tumble  https://t.co/P8dQFQcugd $TSLA - 143% profits last 3 1/2 years + free newsletter &amp; very safe -  https://t.co/8smOceW20Z", "likes_count": 0, "replies_count": 0, "retweets_count": 1, "hashtags": []}
{"id": 878759603990798336, "date": "2017-06-24", "time": "19:39:50", "tweet": "The State Of Tesla Autopilot From The Horse's (Chris Lattner) Mouth  https://t.co/1oA4dk1JdZ $TSLA", "likes_count": 0, "replies_count": 0, "retweets_count": 0, "hashtags": []}
{"id": 878759391369068545, "date": "2017-06-24", "time": "19:39:00", "tweet": "Is Tesla Still A Buy?  https://t.co/k1XMYlLZmj $F $GM $CGC $TSLA 143% profits my #investing book in 42 months -  https://t.co/8smOceW20Z", "likes_count": 0, "replies_count": 0, "retweets_count": 1, "hashtags": ["investing"]}
{"id": 878758693629812736, "date": "2017-06-24", "time": "19:36:13", "tweet": "Can Tesla Realistically Ramp Model 3 To 10,000 Units Per Week In 2018?  https://t.co/DHBLrbdW7f $TSLA", "likes_count": 0, "replies_count": 0, "retweets_count": 0, "hashtags": []}
{"id": 878758453984063488, "date": "2017-06-24", "time": "19:35:16", "tweet": "Tesla's Warranty Expense And What It Means To Its Future  https://t.co/vc1pLaOefp $AUDVF $BMWYY $DDAIF $F $GM $VLKAY $TSLA", "likes_count": 0, "replies_count": 0, "retweets_count": 0, "hashtags": []}
{"id": 878758177529102340, "date": "2017-06-24", "time": "19:34:10", "tweet": "Tesla's Asia Moves Reflect A Wider Story  https://t.co/gzyCnlByKI $TSLA big lifetime profits safe long-term options -  https://t.co/8smOceW20Z", "likes_count": 0, "replies_count": 0, "retweets_count": 0, "hashtags": []}
{"id": 878758053532880898, "date": "2017-06-24", "time": "19:33:41", "tweet": "If you’re not making money in this market &amp; want consistency, try our team  https://t.co/zZPRJH5xOh   $FB $NFLX  $AMZN $GOOGL $TSLA $YELP $GS", "likes_count": 0, "replies_count": 0, "retweets_count": 0, "hashtags": []}
{"id": 878757877091098624, "date": "2017-06-24", "time": "19:32:59", "tweet": "NOW OFFERING: 7 Day FREE Trial to our options day trading team Room or $TWTR feed  https://t.co/zZPRJH5xOh $FB $NVDA $NFLX $TSLA $AMZN $GOOGL", "likes_count": 0, "replies_count": 0, "retweets_count": 0, "hashtags": []}
{"id": 878757791871193089, "date": "2017-06-24", "time": "19:32:38", "tweet": "Live Trading Room or Private $TWTR Feed LIVE TRADE ALERTS, Mkt Commentary, Traders of all Levels $AMZN $NFLX $GOOGL $TSLA $BABA $CMG $FB $GS", "likes_count": 0, "replies_count": 0, "retweets_count": 0, "hashtags": []}
{"id": 878757505421234176, "date": "2017-06-24", "time": "19:31:30", "tweet": "Save 25% on  https://t.co/fgKThJxj1A month-to-month subscription w/code \"cnbc\".   $STUDY $BABA $XOM $TSLA $AAPL $NVDA $NFLX $M $WYNN $LH $LVS", "likes_count": 0, "replies_count": 0, "retweets_count": 4, "hashtags": []}
{"id": 878757445186838528, "date": "2017-06-24", "time": "19:31:16", "tweet": "It's a stock-pickers market again. Recent winners include $NFLX $MA $AAPL $TSLA $NVDA $BABA  Free Trials, hitting swing winners since 2006.", "likes_count": 0, "replies_count": 0, "retweets_count": 5, "hashtags": []}
{"id": 878755903830450177, "date": "2017-06-24", "time": "19:25:08", "tweet": "$TSLA  https://t.co/FBH2QmxKxh", "likes_count": 1, "replies_count": 0, "retweets_count": 0, "hashtags": []}
{"id": 878755020262432769, "date": "2017-06-24", "time": "19:21:37", "tweet": "The all-new @Honda #Clarity Electric looks like it’ll be one electrifying ride.   https://t.co/f2jG6ZqC9R $tsla cc @TeslaAgnostic @wolfejosh", "likes_count": 0, "replies_count": 1, "retweets_count": 0, "hashtags": ["clarity"]}
{"id": 878753494068604928, "date": "2017-06-24", "time": "19:15:34", "tweet": "Barton Biggs : “A bull market is like sex. It feels best just before it ends.”     DO you think TESLA longs may be ready to _______  $TSLA", "likes_count": 2, "replies_count": 1, "retweets_count": 1, "hashtags": []}
{"id": 878751127415685121, "date": "2017-06-24", "time": "19:06:09", "tweet": "ACTIVE TRADERS choose one of these FREE trading guides:   https://t.co/02a8LnzvOL  $NFLX $TSLA $AAPL $WFM $BABA $GS $FB $AMZN $GOOGL $NVDA $F", "likes_count": 0, "replies_count": 0, "retweets_count": 4, "hashtags": []}
