{"id": 939642079071924224, "date": "2017-12-09", "time": "18:45:04", "tweet": "NOW OFFERING 7 Day FREE Trial to  options day trading team Room or $TWTR feed   https://t.co/bhiaNPaG90 $RH $AAPL $NFLX $TSLA $AMZN $GOOGL", "likes_count": 0, "replies_count": 0, "retweets_count": 0, "hashtags": []}
{"id": 939638323412389888, "date": "2017-12-09", "time": "18:30:08", "tweet": "ACTIVE TRADERS Try one of these FREE trading guides:   https://t.co/l4ieKNI78J  $NFLX $TSLA $AAPL $IBB $GS $FB $AMZN $GOOGL $NVDA", "likes_count": 0, "replies_count": 0, "retweets_count": 0, "hashtags": []}
{"id": 939638316995170304, "date": "2017-12-09", "time": "18:30:07", "tweet": "ACTIVE TRADERS Try one of these FREE trading guides:   https://t.co/4ea3FNbIWJ  $NFLX $TSLA $AAPL $IBB $GS $FB $AMZN $GOOGL $NVDA", "likes_count": 0, "replies_count": 0, "retweets_count": 0, "hashtags": []}
{"id": 939635537748602880, "date": "2017-12-09", "time": "18:19:04", "tweet": "What Tesla knows about car sales that no one else has figured out:   https://t.co/dHNiQyKNm7 #tesla   $TSLA #cars  https://t.co/n0lVzk3ses", "likes_count": 0, "replies_count": 0, "retweets_count": 0, "hashtags": ["tesla", "cars"]}
{"id": 939634532701102080, "date": "2017-12-09", "time": "18:15:04", "tweet": "If you are not making money in this market &amp; want consistency, try our team  https://t.co/l0cDnfMVSS   $FB $NFLX $AMZN $SPX $TSLA $AAPL $GS", "likes_count": 0, "replies_count": 0, "retweets_count": 0, "hashtags": []}
{"id": 939631004981096449, "date": "2017-12-09", "time": "18:01:03", "tweet": "My November trading results. Do you  think these would be possible if trading was \"actually\" gambling?  https://t.co/WShCpE6Iao #Bitcoin #cryptocurrency #Ethereum $AAPL $SPY $FB $NFLX $TSLA $AMD", "likes_count": 9, "replies_count": 1, "retweets_count": 1, "hashtags": ["bitcoin", "cryptocurrency", "ethereum"]}
{"id": 939630871920996352, "date": "2017-12-09", "time": "18:00:32", "tweet": "Don't miss our next FREE OPTION TRADE.  Sign up for our Daily Free Trades at  https://t.co/9aEpHWeBHS $NVDA $TSLA $GS $GILD $BIIB $GOOGL $FB", "likes_count": 0, "replies_count": 0, "retweets_count": 0, "hashtags": []}
{"id": 939630825758429189, "date": "2017-12-09", "time": "18:00:21", "tweet": "Don't miss our next FREE OPTION TRADE.  Sign up for our Daily Free Trades at  https://t.co/oq10H6Q0Ek $NVDA $TSLA $GS $GILD $BIIB $GOOGL $FB", "likes_count": 0, "replies_count": 0, "retweets_count": 0, "hashtags": []}
{"id": 939629385044447233, "date": "2017-12-09", "time": "17:54:37", "tweet": "$BMWYY $GM $MS $TM $SPACE $TSLA  https://t.co/n7EmVUmKlF", "likes_count": 1, "replies_count": 0, "retweets_count": 0, "hashtags": []}
{"id": 939629178214866945, "date": "2017-12-09", "time": "17:53:48", "tweet": "$GM $TSLA  https://t.co/srRiqLoaL1", "likes_count": 1, "replies_count": 0, "retweets_count": 0, "hashtags": []}
{"id": 939628759434571777, "date": "2017-12-09", "time": "17:52:08", "tweet": "$RUN $TSLA  https://t.co/rBSBWJjXSI", "likes_count": 1, "replies_count": 0, "retweets_count": 0, "hashtags": []}
{"id": 939623240007340032, "date": "2017-12-09", "time": "17:30:12", "tweet": "ACTIVE TRADERS Try one of these FREE trading guides:   https://t.co/nZd9SmXXTK  $NFLX $TSLA $AAPL $JWN $GS $FB $AMZN $GOOGL $NVDA", "likes_count": 0, "replies_count": 0, "retweets_count": 0, "hashtags": []}
{"id": 939623221523042306, "date": "2017-12-09", "time": "17:30:08", "tweet": "ACTIVE TRADERS Try one of these FREE trading guides:   https://t.co/x0abURgPrF  $NFLX $TSLA $AAPL $JWN $GS $FB $AMZN $GOOGL $NVDA", "likes_count": 0, "replies_count": 0, "retweets_count": 0, "hashtags": []}
{"id": 939622401834471425, "date": "2017-12-09", "time": "17:26:52", "tweet": "$BUD $TSLA  https://t.co/Ie22j4Q1U5", "likes_count": 1, "replies_count": 0, "retweets_count": 0, "hashtags": []}
{"id": 939620203402547201, "date": "2017-12-09", "time": "17:18:08", "tweet": "$NFLX #Sex #Stocks: Get #naughty with these #investments  https://t.co/2hSGS2HoDR #stockmarket #finance #investing #investors #investor $AMZN $AAPL $TSLA $SPY $QQQ $DIA $DJIA $IWM $TLT $CMG $GPRO", "likes_count": 0, "replies_count": 0, "retweets_count": 0, "hashtags": ["sex", "stocks", "naughty", "investments", "stockmarket", "finance", "investing", "investors", "investor"]}
{"id": 939619425774391296, "date": "2017-12-09", "time": "17:15:03", "tweet": "NOW OFFERING 7 Day FREE Trial to  options day trading team Room or $TWTR feed   https://t.co/lNVa8CdWAw $FB $AAPL $NFLX $TSLA $AMZN $GOOGL", "likes_count": 0, "replies_count": 0, "retweets_count": 0, "hashtags": []}
{"id": 939619393520259072, "date": "2017-12-09", "time": "17:14:55", "tweet": "$TSLA  https://t.co/qHfOjIFSD0", "likes_count": 1, "replies_count": 0, "retweets_count": 0, "hashtags": []}
{"id": 939615773412282368, "date": "2017-12-09", "time": "17:00:32", "tweet": "Don't miss our next FREE OPTION TRADE.  Sign up for our Daily Free Trades at  https://t.co/iOVupJCoqf $NVDA $TSLA $GS $REGN $BAC $GOOGL $FB", "likes_count": 0, "replies_count": 0, "retweets_count": 0, "hashtags": []}
{"id": 939615718471094277, "date": "2017-12-09", "time": "17:00:19", "tweet": "Don't miss our next FREE OPTION TRADE.  Sign up for our Daily Free Trades at  https://t.co/nXPwS9RtyK $NVDA $TSLA $GS $REGN $BAC $GOOGL $FB", "likes_count": 0, "replies_count": 0, "retweets_count": 0, "hashtags": []}
{"id": 939615659746648066, "date": "2017-12-09", "time": "17:00:05", "tweet": "LEVEL UP! EXPLORE STRATEGIES IN OUR REAL TIME CHAT ROOM AT  https://t.co/35LuLR0k4f $SQ $TSLA $GROW", "likes_count": 0, "replies_count": 0, "retweets_count": 0, "hashtags": []}
