{"id": 873690966284050433, "date": "2017-06-10", "time": "19:58:53", "tweet": "$TSLA is dead meat next week - everything from $200 has been fantasy fanboy rally, and products,businesses, and growth are all fabrications", "likes_count": 0, "replies_count": 0, "retweets_count": 0, "hashtags": []}
{"id": 873689447627468802, "date": "2017-06-10", "time": "19:52:51", "tweet": "It's a stock-pickers market again. Recent winners include $NFLX $MA $AAPL $TSLA $NVDA $BABA  Free Trials, hitting swing winners since 2006.", "likes_count": 0, "replies_count": 0, "retweets_count": 3, "hashtags": []}
{"id": 873689295722303488, "date": "2017-06-10", "time": "19:52:15", "tweet": "FREE Trading Reports that really help.  please choose one:   https://t.co/02a8LnzvOL  $NFLX $TSLA $AAPL $MSFT$GS $FB $AMZN $GOOGL $NVDA $BABA", "likes_count": 0, "replies_count": 0, "retweets_count": 3, "hashtags": []}
{"id": 873689038347276288, "date": "2017-06-10", "time": "19:51:13", "tweet": "Don't miss our next FREE OPTION TRADE.  Sign up for our Daily Free Trades at  https://t.co/78FVQDKYyw  $NVDA $TSLA $GS $NFLX $MSFT $GOOGL $FB", "likes_count": 0, "replies_count": 0, "retweets_count": 3, "hashtags": []}
{"id": 873682455428988932, "date": "2017-06-10", "time": "19:25:04", "tweet": "Hot #Stocks Analysis &amp; Outlook Video for $HSY $MOS $LOW $TSLA on our #mtbanalysis Mag &gt;  https://t.co/WooMHv7swJ  #NYSE #Nasdaq  https://t.co/g67wX6sMfD", "likes_count": 0, "replies_count": 0, "retweets_count": 0, "hashtags": ["stocks", "mtbanalysis", "nyse", "nasdaq"]}
{"id": 873682386298351616, "date": "2017-06-10", "time": "19:24:47", "tweet": "$NVDA belong here. Its CEO was the one who said AI is eating software.  $AMZN $GOOGL $AAPL $FB $TSLA  https://t.co/Z39dBUENu6", "likes_count": 0, "replies_count": 0, "retweets_count": 1, "hashtags": []}
{"id": 873681435579867136, "date": "2017-06-10", "time": "19:21:01", "tweet": "$NFLX &amp; $TSLA: Should They Be Enjoying The Same Run-Up As AAPL, GOOG, AMZN, &amp; FB?   https://t.co/tbungVHTel", "likes_count": 0, "replies_count": 0, "retweets_count": 0, "hashtags": []}
{"id": 873679759443505153, "date": "2017-06-10", "time": "19:14:21", "tweet": "@LarryT1940 Why are you doing this nasty thing to @elonmusk #TSLA $TSLA ?", "likes_count": 0, "replies_count": 0, "retweets_count": 0, "hashtags": ["tsla"]}
{"id": 873676906981359616, "date": "2017-06-10", "time": "19:03:01", "tweet": "Chevy bolt sales to date = 6,000. On what date will Model 3 out-sell Bolt? I'm betting October 15th. $tsla $gm #ev   https://t.co/GZ0yKs1l4l", "likes_count": 1, "replies_count": 0, "retweets_count": 0, "hashtags": ["ev"]}
{"id": 873672065118859265, "date": "2017-06-10", "time": "18:43:47", "tweet": "Tesla $TSLA Earning Positive News Coverage, Study Shows  https://t.co/b2B7Po00Fp", "likes_count": 0, "replies_count": 0, "retweets_count": 0, "hashtags": []}
{"id": 873668043171299328, "date": "2017-06-10", "time": "18:27:48", "tweet": "@VoiP4Biz have they delivered the last 3 yet??? $TSLA", "likes_count": 0, "replies_count": 1, "retweets_count": 0, "hashtags": []}
{"id": 873664380994412545, "date": "2017-06-10", "time": "18:13:14", "tweet": "@iamvsus telling you man, $TSLA, $NVDA are the wave", "likes_count": 0, "replies_count": 0, "retweets_count": 0, "hashtags": []}
{"id": 873661092454690816, "date": "2017-06-10", "time": "18:00:10", "tweet": "Launch and land and re-launch! $TSLA @janinecoderre @cassidylawless  https://t.co/hnYkqa7HCv", "likes_count": 1, "replies_count": 1, "retweets_count": 1, "hashtags": []}
{"id": 873656751182290944, "date": "2017-06-10", "time": "17:42:55", "tweet": "You guys have to listen to this unknown wizard of the game FOLLOW HIM! $ELED $C $BAC $S $PFE $CHRO $T $MFST $AAPL $GOOG $C $TWTR $TSLA $lvs  https://t.co/cdcg5ZjE4O", "likes_count": 4, "replies_count": 0, "retweets_count": 216, "hashtags": []}
{"id": 873656639492157440, "date": "2017-06-10", "time": "17:42:29", "tweet": "History Repeating?  https://t.co/02bG0YEYBZ $AAPL #APPLE $AMZN $BAC $C $CSCO $F $FB $GE $GOOG $IBM $INTC $MSFT $SBUX $SPY $T $TSLA $XOM OMG…", "likes_count": 1, "replies_count": 0, "retweets_count": 1, "hashtags": ["apple"]}
{"id": 873656361250422786, "date": "2017-06-10", "time": "17:41:22", "tweet": "History Repeating?  https://t.co/02bG0YEYBZ $AAPL #APPLE $AMZN $BAC $C $CSCO $F $FB $GE $GOOG $IBM $INTC $MSFT $SBUX $SPY $T $TSLA $XOM che…", "likes_count": 1, "replies_count": 0, "retweets_count": 1, "hashtags": ["apple"]}
{"id": 873655944986722306, "date": "2017-06-10", "time": "17:39:43", "tweet": "History Repeating?  https://t.co/GvYVVQdUI4 $AAPL $AMZN $BAC $C $CSCO $F $FB $GE $GOOG $IBM $INTC $MSFT $SBUX $SPY $T $TSLA $XOM", "likes_count": 0, "replies_count": 0, "retweets_count": 0, "hashtags": []}
{"id": 873655455628673024, "date": "2017-06-10", "time": "17:37:47", "tweet": "History Repeating?  https://t.co/44zf0LSDZ0 $AAPL #APPLE $AMZN $BAC $C $CSCO $F $FB $GE $GOOG $IBM $INTC $MSFT $SBUX $SPY $T $TSLA $XOM", "likes_count": 0, "replies_count": 0, "retweets_count": 0, "hashtags": ["apple"]}
{"id": 873652104665079808, "date": "2017-06-10", "time": "17:24:28", "tweet": "@RoboTraderRedux Lies. Regular cruise control is dangerous too if you misuse it. AP2 is already good enough to save lives same as AP1. $TSLA", "likes_count": 0, "replies_count": 0, "retweets_count": 0, "hashtags": []}
{"id": 873648719664746498, "date": "2017-06-10", "time": "17:11:01", "tweet": "$TSLA analysts declare Tesla a tech stock. Big boys short Tesla for huge losses. Analysts attack tech stocks. Sounds like desperation. Lol", "likes_count": 0, "replies_count": 0, "retweets_count": 0, "hashtags": []}
{"id": 873647972772392963, "date": "2017-06-10", "time": "17:08:02", "tweet": "$tsla the future", "likes_count": 2, "replies_count": 0, "retweets_count": 0, "hashtags": []}
{"id": 873646217103802368, "date": "2017-06-10", "time": "17:01:04", "tweet": "$JAMN.0005-Jammin Java woke up this week $AMZN $TSLA $WMT $TGT $NVDA $SPY $GLD $EBAY $AAPL $FB $TWTR $GS $S $GOOG  $DIS  $IBM $MSFT $BIDU  https://t.co/QethDlx7z9", "likes_count": 2, "replies_count": 0, "retweets_count": 1, "hashtags": []}
{"id": 873643220227567616, "date": "2017-06-10", "time": "16:49:09", "tweet": "$QQQ Fibonacci retracement #trading strategy basics  https://t.co/wD5BvvFpSF $SPY #stocks #stockmarket #investing $AAPL $AMZN $NFLX $TSLA $FB", "likes_count": 0, "replies_count": 0, "retweets_count": 0, "hashtags": ["trading", "stocks", "stockmarket", "investing"]}
{"id": 873643010369757184, "date": "2017-06-10", "time": "16:48:19", "tweet": "$twtr $tsla $fb #AgingBull  Have to agree, this bull cycle has just about run its course ‼️🥂  https://t.co/ndSw3oZFDi", "likes_count": 0, "replies_count": 0, "retweets_count": 0, "hashtags": ["agingbull"]}
{"id": 873641195603468288, "date": "2017-06-10", "time": "16:41:07", "tweet": "I finally tweet about $TSLA and the bottom fell out.", "likes_count": 0, "replies_count": 0, "retweets_count": 0, "hashtags": []}
{"id": 873639020882010112, "date": "2017-06-10", "time": "16:32:28", "tweet": "$TSLA OI for maturity 06/16/2017. 300.00 Highest put. 320.00 Highest call.  https://t.co/ffZoDbVu3m  https://t.co/BNvygbZ2OS", "likes_count": 0, "replies_count": 0, "retweets_count": 0, "hashtags": []}
{"id": 873638370941046784, "date": "2017-06-10", "time": "16:29:53", "tweet": "Yday, an unhappy $TSLA holder commented \"I didn't sell top.\" It was a graceless comment. Here is exactly how I trade a stock like this. $SPX  https://t.co/XjQ6NSXIUx", "likes_count": 1, "replies_count": 0, "retweets_count": 2, "hashtags": []}
{"id": 873634410238795777, "date": "2017-06-10", "time": "16:14:09", "tweet": "@AShaskevich @markbspiegel At least two already coming in 2018 (Jaguar, Audi). By 2019-2025 $TSLA will face dozens of competing EV models from all major car companies.", "likes_count": 0, "replies_count": 1, "retweets_count": 0, "hashtags": []}
{"id": 873633945069506560, "date": "2017-06-10", "time": "16:12:18", "tweet": "$TSLA likely see pullback to 61.8% 348.7 - 10ma will be moving to this level on Mon/Tue. If cannot hold, 50% retrace 340 next support.  https://t.co/KtGgsixFxs", "likes_count": 24, "replies_count": 5, "retweets_count": 7, "hashtags": []}
{"id": 873633385574313984, "date": "2017-06-10", "time": "16:10:05", "tweet": "$MSFT $AMZN $TSLA $TTWO charts looking damaged here. #stops", "likes_count": 0, "replies_count": 0, "retweets_count": 0, "hashtags": ["stops"]}
{"id": 873633063804317696, "date": "2017-06-10", "time": "16:08:48", "tweet": "'You've got to bet on yourself now star, 'cause that's your best bet' @311 @nickhexum @pnut #QuotesWithBlastar $AMD $FB $TWTR $TSLA", "likes_count": 0, "replies_count": 0, "retweets_count": 0, "hashtags": ["quoteswithblastar"]}
{"id": 873632906161385472, "date": "2017-06-10", "time": "16:08:10", "tweet": "@markbspiegel I don't know what's more (or rather less) realistic. The SpaceX Mars colony or 20 Gigafactories. $TSLA", "likes_count": 0, "replies_count": 1, "retweets_count": 0, "hashtags": []}
{"id": 873628359091261441, "date": "2017-06-10", "time": "15:50:06", "tweet": "HOT #Nasdaq #Stocks Week 12 JUN - Full Video Technical Analysis &amp; Outlook on $TSLA &gt;&gt;&gt;  https://t.co/Re6OUJ8hqb  #equities  https://t.co/I9zYF6mzAj", "likes_count": 0, "replies_count": 0, "retweets_count": 0, "hashtags": ["nasdaq", "stocks", "equities"]}
{"id": 873628326421811200, "date": "2017-06-10", "time": "15:49:58", "tweet": "Not 1 person more similar, in style and substance, to DJT than Musk. $tsla outcome will go way of Trump casinos  https://t.co/JePBfBabdx", "likes_count": 1, "replies_count": 0, "retweets_count": 0, "hashtags": []}
{"id": 873626724897927168, "date": "2017-06-10", "time": "15:43:37", "tweet": "$TSLA  https://t.co/eFRdg5qpAO", "likes_count": 1, "replies_count": 1, "retweets_count": 0, "hashtags": []}
{"id": 873625606533132289, "date": "2017-06-10", "time": "15:39:10", "tweet": "I see bearish engulfing candle patterns everywhere! $NVDA $TSLA $IDTI $SOX  https://t.co/0cizPclVnz", "likes_count": 1, "replies_count": 1, "retweets_count": 1, "hashtags": []}
{"id": 873622798077493250, "date": "2017-06-10", "time": "15:28:00", "tweet": "#BitCoin = $gold?&gt; The #Money Path #Podcast #75   LISTEN HERE &gt;  https://t.co/GXOx3WPOaC  $NFLX $SNAP .@PhillyD $OIL $AAPL $DPZ $FB $TSLA  https://t.co/9qMPAL8gQq", "likes_count": 4, "replies_count": 0, "retweets_count": 6, "hashtags": ["bitcoin", "money", "podcast"]}
{"id": 873618297782194177, "date": "2017-06-10", "time": "15:10:07", "tweet": "Tesla Just Passed BMW in Market Cap  https://t.co/oz9XidhpqZ $TSLA", "likes_count": 0, "replies_count": 0, "retweets_count": 0, "hashtags": []}
{"id": 873615940570808320, "date": "2017-06-10", "time": "15:00:45", "tweet": "Tesla Just Passed BMW in Market Cap  https://t.co/tJ76a5ekDd $TSLA", "likes_count": 0, "replies_count": 0, "retweets_count": 0, "hashtags": []}
{"id": 873614515304370176, "date": "2017-06-10", "time": "14:55:06", "tweet": "Tesla Just Passed BMW in Market Cap  https://t.co/gMONEbCN0Y $TSLA", "likes_count": 1, "replies_count": 0, "retweets_count": 0, "hashtags": []}
{"id": 873610680905207808, "date": "2017-06-10", "time": "14:39:51", "tweet": "Beginning Of The Stock Market Sell-Off? !!!  https://t.co/vqhdF9n3tR $AAPL $FB $GOOG $IWM $NFLX $SMH $SOXX $TLT $TSLA $SPY", "likes_count": 1, "replies_count": 0, "retweets_count": 1, "hashtags": []}
{"id": 873608843003125760, "date": "2017-06-10", "time": "14:32:33", "tweet": "Tesla: A Year Early, $180 Short  https://t.co/fjQyhq3Dp5 $TSLA  https://t.co/qz1czj5Wqn", "likes_count": 0, "replies_count": 0, "retweets_count": 3, "hashtags": []}
{"id": 873608764976500738, "date": "2017-06-10", "time": "14:32:15", "tweet": "Beginning Of The Stock Market Sell-Off?  https://t.co/vqhdF9n3tR $AAPL $FB $GOOG $IWM $NFLX $SMH $SOXX $TLT $TSLA $SPY", "likes_count": 0, "replies_count": 0, "retweets_count": 0, "hashtags": []}
{"id": 873606444830031872, "date": "2017-06-10", "time": "14:23:01", "tweet": "Stock Market Risk Hits A Decade High  https://t.co/yQHFxU2eNb $AMZN $FB $GLD $GOOG $NFLX $NVDA $TLT $TSLA $VXX $SPX $DAX $QQQ $DIA $IWM $TZA", "likes_count": 0, "replies_count": 0, "retweets_count": 0, "hashtags": []}
{"id": 873604164261203968, "date": "2017-06-10", "time": "14:13:58", "tweet": "$AMZN $TSLA and $NFLX are successful because they focused on the top line, not earnings, &amp; invested aggressively to capitalize on huge opps!  https://t.co/lUfThHQrP6", "likes_count": 8, "replies_count": 0, "retweets_count": 2, "hashtags": []}
{"id": 873603044923101186, "date": "2017-06-10", "time": "14:09:31", "tweet": "As Nevada Demonstrates, Tesla Depends Heavily On Taxpayer Subsidies  https://t.co/kX7WPkWodE $TSLA", "likes_count": 0, "replies_count": 0, "retweets_count": 0, "hashtags": []}
{"id": 873602266120556545, "date": "2017-06-10", "time": "14:06:25", "tweet": "Only so many momentum movers out there. My favorite is of course the BAT FANNG stocks $BABA $AAPL $TSLA $FB $AMZN $NFLX $NVDA $GOOGL", "likes_count": 2, "replies_count": 0, "retweets_count": 0, "hashtags": []}
{"id": 873596120370434050, "date": "2017-06-10", "time": "13:42:00", "tweet": "@markbspiegel Their website still promised 'End of June delivery' on orders placed June 6th.I think you have to wait longer for a brand new Ford. $TSLA $F", "likes_count": 2, "replies_count": 1, "retweets_count": 0, "hashtags": []}
{"id": 873594938738520068, "date": "2017-06-10", "time": "13:37:18", "tweet": "$DJIA $SPY $IWM $MSFT $TSLA $DIA $AAPL  https://t.co/myaSmmcpXk", "likes_count": 1, "replies_count": 0, "retweets_count": 2, "hashtags": []}
{"id": 873594042650681346, "date": "2017-06-10", "time": "13:33:45", "tweet": "$TSLA     🥞  https://t.co/gy3VoYDORD", "likes_count": 0, "replies_count": 0, "retweets_count": 0, "hashtags": []}
{"id": 873590641942462465, "date": "2017-06-10", "time": "13:20:14", "tweet": "Hot #Stocks Analysis &amp; Outlook Video for $HSY $MOS $LOW $TSLA on the #mtbanalysis Mag &gt;  https://t.co/koOFi5Du1i  #NYSE #Nasdaq  https://t.co/y8VTnCjNZU", "likes_count": 0, "replies_count": 1, "retweets_count": 2, "hashtags": ["stocks", "mtbanalysis", "nyse", "nasdaq"]}
{"id": 873588934248341504, "date": "2017-06-10", "time": "13:13:27", "tweet": "@BossHoggHazzard Weren't you calling tops a few months ago at $200 $225 then $250 then again at $285, $300, etc?  #BearClowns $TSLA", "likes_count": 1, "replies_count": 0, "retweets_count": 0, "hashtags": ["bearclowns"]}
{"id": 873588339852660738, "date": "2017-06-10", "time": "13:11:05", "tweet": "Denmark Is Killing Tesla: $TSLA only survives in a climate where the rich one percent is subsidized by Joe-average.   https://t.co/IkIBNaBObN", "likes_count": 3, "replies_count": 0, "retweets_count": 0, "hashtags": []}
{"id": 873585512144961536, "date": "2017-06-10", "time": "12:59:51", "tweet": "@JustinPulitzer @MartyChargin A lot to prove, true. But that is the open goal of $TSLA. Aiming to be 21st century version of $XOM.", "likes_count": 1, "replies_count": 0, "retweets_count": 0, "hashtags": []}
{"id": 873584709837746176, "date": "2017-06-10", "time": "12:56:39", "tweet": "$TSLA  https://t.co/fhsn4Pd6tg", "likes_count": 0, "replies_count": 0, "retweets_count": 0, "hashtags": []}
{"id": 873583622397341696, "date": "2017-06-10", "time": "12:52:20", "tweet": "Tesla: A Year Early, $180 Short  https://t.co/0ytpzaEv7l $TSLA", "likes_count": 0, "replies_count": 0, "retweets_count": 0, "hashtags": []}
{"id": 873583542353240064, "date": "2017-06-10", "time": "12:52:01", "tweet": "@JohnGregorian Don't disagree with your view. Don't own $TSLA. Not either way about it, but am entertained by all the drama/debate from both sides on it.", "likes_count": 0, "replies_count": 1, "retweets_count": 0, "hashtags": []}
{"id": 873583537894682625, "date": "2017-06-10", "time": "12:52:00", "tweet": "TRADERS/INVESTORS choose one of these FREE trading guides:   https://t.co/02a8LnzvOL  $NFLX $TSLA $AAPL #MAGA $GS $FB $AMZN $GOOGL $NVDA", "likes_count": 0, "replies_count": 0, "retweets_count": 3, "hashtags": ["maga"]}
{"id": 873583378280394752, "date": "2017-06-10", "time": "12:51:22", "tweet": "Don't miss our next FREE OPTION TRADE.  Sign up for our Daily Free Trades at  https://t.co/78FVQDKYyw  $NVDA $TSLA $GS $PCLN $JPM $GOOGL $FB", "likes_count": 0, "replies_count": 0, "retweets_count": 3, "hashtags": []}
{"id": 873583054366945280, "date": "2017-06-10", "time": "12:50:05", "tweet": "@parsimony16 (2) Never forget that Musk admitted that he released the Roadster, even though it \"was completely unsafe\". Let that sink in. $TSLA", "likes_count": 5, "replies_count": 1, "retweets_count": 1, "hashtags": []}
