{"id": 949789480730361857, "date": "2018-01-06", "time": "18:47:13", "tweet": "Passionate About the Stock Market? Get Hoodies With Your Favorite Ticker Symbols:  https://t.co/2iaUSYRggM  Sign Up To Receive A Discount On Your First Purchase. $SPY $TSLA $uvxy $AAPL $GOOGL $NFLX $amzn $DJIA $fb $ibb $TWTR #TENvsKC #Titans #Chiefs", "likes_count": 0, "replies_count": 0, "retweets_count": 0, "hashtags": ["tenvskc", "titans", "chiefs"]}
{"id": 949788946749448194, "date": "2018-01-06", "time": "18:45:05", "tweet": "NOW OFFERING 7 Day FREE Trial to  options day trading team Room or $TWTR feed   https://t.co/tan4c6ZJB5 $RH $AAPL $NFLX $TSLA $AMZN $GOOGL", "likes_count": 0, "replies_count": 0, "retweets_count": 0, "hashtags": []}
{"id": 949787454172676096, "date": "2018-01-06", "time": "18:39:09", "tweet": "A collection of testimonials from satisfied super_trades subscribers!  https://t.co/GYAODAUlJI $TSLA $LULU $BITA $TWTR", "likes_count": 0, "replies_count": 0, "retweets_count": 0, "hashtags": []}
{"id": 949785194571227139, "date": "2018-01-06", "time": "18:30:11", "tweet": "ACTIVE TRADERS Try one of these FREE trading guides:   https://t.co/oa3b4Fbq38  $NFLX $TSLA $AAPL $IBB $GS $FB $AMZN $GOOGL $NVDA", "likes_count": 0, "replies_count": 0, "retweets_count": 0, "hashtags": []}
{"id": 949784793591332864, "date": "2018-01-06", "time": "18:28:35", "tweet": "later will tweet out a thoughtful analysis of where I see this tech revolution going. not stock prices, but global analysis of impact of growing tech, and what it means for education, society, + global power dynamics.  $amzn $googl $fb $aapl $tsla $nvda", "likes_count": 2, "replies_count": 0, "retweets_count": 0, "hashtags": []}
{"id": 949783416823664640, "date": "2018-01-06", "time": "18:23:07", "tweet": "\"#Tesla - The End Of The Game Is Near\"  https://t.co/bItf9gqcCv $TSLA", "likes_count": 0, "replies_count": 0, "retweets_count": 0, "hashtags": ["tesla"]}
{"id": 949781403113345024, "date": "2018-01-06", "time": "18:15:07", "tweet": "If you are not making money in this market &amp; want consistency, try our team  https://t.co/vOSqGVoVuB   $FB $NFLX $AMZN $SPX $TSLA $AAPL $GS", "likes_count": 0, "replies_count": 0, "retweets_count": 0, "hashtags": []}
{"id": 949775171463782400, "date": "2018-01-06", "time": "17:50:21", "tweet": "@IvanTheK @SmallCapsMan @jciv Take $nvda $7 bil in rev and $130 bil market cap 55 times earnings. How would you value this puppy. $4 earnings growing at 50%. Rev multiple and PE confirm. PEG ratio 1. Correctly valued. Tesla is growing the same or faster. $tsla only $53 bil. $12 bil in Rev.", "likes_count": 14, "replies_count": 7, "retweets_count": 4, "hashtags": []}
{"id": 949774358918053888, "date": "2018-01-06", "time": "17:47:07", "tweet": "A list of free stock picks. $TWTR $TSLA $JMBA $EBAY $AMZN #stockpicks #stocks #stockmarket  https://t.co/hoSvyJR1pL", "likes_count": 0, "replies_count": 0, "retweets_count": 0, "hashtags": ["stockpicks", "stocks", "stockmarket"]}
{"id": 949771309709488128, "date": "2018-01-06", "time": "17:35:00", "tweet": "#Tesla #Roadster 🏎🔋🏁 $TSLA #EV #ElectricVehicle  https://t.co/VGquRw8REe", "likes_count": 2, "replies_count": 0, "retweets_count": 1, "hashtags": ["tesla", "roadster", "ev", "electricvehicle"]}
{"id": 949770094615330819, "date": "2018-01-06", "time": "17:30:11", "tweet": "ACTIVE TRADERS Try one of these FREE trading guides:   https://t.co/gTJBledm8k  $NFLX $TSLA $AAPL $JWN $GS $FB $AMZN $GOOGL $NVDA", "likes_count": 0, "replies_count": 0, "retweets_count": 0, "hashtags": []}
{"id": 949768548141928453, "date": "2018-01-06", "time": "17:24:02", "tweet": "GET STARTED! SHARE IDEAS IN OUR GOAL ORIENTED CHAT ROOM AT  https://t.co/35LuLR0k4f $NFLX $TSLA $LMFA", "likes_count": 0, "replies_count": 0, "retweets_count": 1, "hashtags": []}
{"id": 949766538353106944, "date": "2018-01-06", "time": "17:16:03", "tweet": "MAXIMIZE PROFIT! CHAT WITH TRADERS ON OUR GOAL ORIENTED CHAT ROOM AT  https://t.co/35LuLR0k4f $NVDA $TSLA $PPDF", "likes_count": 0, "replies_count": 0, "retweets_count": 0, "hashtags": []}
{"id": 949766300330536960, "date": "2018-01-06", "time": "17:15:06", "tweet": "NOW OFFERING 7 Day FREE Trial to  options day trading team Room or $TWTR feed   https://t.co/bRD96qXhyo $FB $AAPL $NFLX $TSLA $AMZN $GOOGL", "likes_count": 1, "replies_count": 0, "retweets_count": 0, "hashtags": []}
{"id": 949764314516348929, "date": "2018-01-06", "time": "17:07:13", "tweet": "@ssb168 @tastytradeninja $TSLA's customers will move to other electric car mfgs. With continued delays. Too many competitors r coming online. Notice they refuse to say how many reservations they now have", "likes_count": 0, "replies_count": 1, "retweets_count": 0, "hashtags": []}
{"id": 949762617253523459, "date": "2018-01-06", "time": "17:00:28", "tweet": "Don't miss our next FREE OPTION TRADE.  Sign up for our Daily Free Trades at  https://t.co/ZnwArKPXyU $NVDA $TSLA $GS $REGN $BAC $GOOGL $FB", "likes_count": 0, "replies_count": 0, "retweets_count": 0, "hashtags": []}
{"id": 949761503137357824, "date": "2018-01-06", "time": "16:56:02", "tweet": "A few ACJ watchlist names with constructive weekly charts: $ADBE $ANET $BABA $CORT $FB $MA $MU  $MFGP $TEAM $VRTX. $TAL $TSLA $SITE close", "likes_count": 0, "replies_count": 0, "retweets_count": 0, "hashtags": []}
{"id": 949761154536046593, "date": "2018-01-06", "time": "16:54:39", "tweet": "@CGrantWSJ did you cover $tsla in 2012?", "likes_count": 1, "replies_count": 0, "retweets_count": 0, "hashtags": []}
{"id": 949759884832264192, "date": "2018-01-06", "time": "16:49:36", "tweet": "NEW POST: ACJ Week 2 Members  https://t.co/6cyn4IX6l9 $MU $AAPL $BABA $NVDA $FB $ROKU $STZ $TSLA $ADBE $TTWO $OLED $ANET $GBTC + 31 more", "likes_count": 0, "replies_count": 0, "retweets_count": 0, "hashtags": []}
{"id": 949759286086897667, "date": "2018-01-06", "time": "16:47:14", "tweet": "Tesla's Game Is Ending $TSLA  https://t.co/b7Jb54mgaM", "likes_count": 1, "replies_count": 0, "retweets_count": 0, "hashtags": []}
