{"id": 896517832086892544, "date": "2017-08-12", "time": "19:44:42", "tweet": "$TSLA OI for maturity 08/18/2017. 300.00 Highest put. 400.00 Highest call.  https://t.co/Vn1GBFdq7G  https://t.co/XQgq2IJh1a", "likes_count": 0, "replies_count": 0, "retweets_count": 0, "hashtags": []}
{"id": 896514182799130625, "date": "2017-08-12", "time": "19:30:12", "tweet": "ACTIVE TRADERS Try one of these FREE trading guides:   https://t.co/IHytVgNQrf  $NFLX $TSLA $AAPL $TWTR $GS $FB $AMZN $GOOGL $NVDA", "likes_count": 0, "replies_count": 0, "retweets_count": 0, "hashtags": []}
{"id": 896508604663996416, "date": "2017-08-12", "time": "19:08:02", "tweet": "Electric Being The Future Could Be Decades Away -- If Ever   https://t.co/WGU1Oa2kHZ  $TSLA $F $GM $FCAU  https://t.co/vJYc3aNnoL", "likes_count": 0, "replies_count": 0, "retweets_count": 0, "hashtags": []}
{"id": 896508597315796993, "date": "2017-08-12", "time": "19:08:00", "tweet": "#Tesla owners, here's how to argue every #electricvehicle argument, read here:  https://t.co/k8ZUX51d7d $TSLA #TeslaMotors #ElonMusk", "likes_count": 10, "replies_count": 1, "retweets_count": 5, "hashtags": ["tesla", "electricvehicle", "teslamotors", "elonmusk"]}
{"id": 896506703440736257, "date": "2017-08-12", "time": "19:00:29", "tweet": "Don't miss our next FREE OPTION TRADE.  Sign up for our Daily Free Trades at  https://t.co/VY4oKN76hB $NVDA $TSLA $GS $C $WFC $GOOGL $FB", "likes_count": 0, "replies_count": 0, "retweets_count": 0, "hashtags": []}
{"id": 896505621574545409, "date": "2017-08-12", "time": "18:56:11", "tweet": "Electric Being The Future Could Be Decades Away -- If Ever   https://t.co/3kOymbuWKN  $TSLA $F $GM $FCAU", "likes_count": 0, "replies_count": 0, "retweets_count": 0, "hashtags": []}
{"id": 896503074532900865, "date": "2017-08-12", "time": "18:46:03", "tweet": "Are German Automakers Facing Their iPhone Moment With Tesla?  https://t.co/VXKLXkMmSA via @CleanTechnica #Dieselgate #tesla #model3 $TSLA", "likes_count": 0, "replies_count": 0, "retweets_count": 0, "hashtags": ["dieselgate", "tesla", "model3"]}
{"id": 896502541248118784, "date": "2017-08-12", "time": "18:43:56", "tweet": "Tesla’s $TSLA “Hold” Rating Reiterated at Deutsche Bank AG  https://t.co/QLcC5j6idY", "likes_count": 0, "replies_count": 0, "retweets_count": 0, "hashtags": []}
{"id": 896499081366970369, "date": "2017-08-12", "time": "18:30:11", "tweet": "ACTIVE TRADERS Try one of these FREE trading guides:   https://t.co/NOLI4YKChv  $NFLX $TSLA $AAPL $IBB $GS $FB $AMZN $GOOGL $NVDA", "likes_count": 0, "replies_count": 0, "retweets_count": 0, "hashtags": []}
{"id": 896492616799330304, "date": "2017-08-12", "time": "18:04:30", "tweet": "Elon Musk's boring adventure  https://t.co/IAbFya2k33 #Hyperloop $TSLA arandomwalknews", "likes_count": 0, "replies_count": 0, "retweets_count": 0, "hashtags": ["hyperloop"]}
{"id": 896491633268711425, "date": "2017-08-12", "time": "18:00:36", "tweet": "Don't miss our next FREE OPTION TRADE.  Sign up for our Daily Free Trades at  https://t.co/9FBbRPE9E5 $NVDA $TSLA $GS $GILD $BIIB $GOOGL $FB", "likes_count": 0, "replies_count": 0, "retweets_count": 0, "hashtags": []}
{"id": 896490782437330945, "date": "2017-08-12", "time": "17:57:13", "tweet": "Financial Post calls out $TSLA @AlderLaneeggs @fhoro @CitronResearch    https://t.co/m890wJ3qBB", "likes_count": 0, "replies_count": 0, "retweets_count": 1, "hashtags": []}
{"id": 896490614367322112, "date": "2017-08-12", "time": "17:56:33", "tweet": "$WMT #Walmart beats #Amazon?  https://t.co/EGxyB4iQKk $AMZN $SPY $QQQ $DIA #stockmarket #stocks #finance #investing $MSFT $AAPL $TSLA $TWTR", "likes_count": 0, "replies_count": 0, "retweets_count": 0, "hashtags": ["walmart", "amazon", "stockmarket", "stocks", "finance", "investing"]}
{"id": 896490181544427520, "date": "2017-08-12", "time": "17:54:49", "tweet": "But $tsla did not get hammered  https://t.co/FqYiu9sGcD", "likes_count": 0, "replies_count": 0, "retweets_count": 0, "hashtags": []}
{"id": 896489814773583872, "date": "2017-08-12", "time": "17:53:22", "tweet": "Elon Musk's boring adventure  https://t.co/l2iW2LsSmF #Hyperloop $TSLA", "likes_count": 0, "replies_count": 0, "retweets_count": 1, "hashtags": ["hyperloop"]}
{"id": 896488799152111616, "date": "2017-08-12", "time": "17:49:20", "tweet": "Looking for the latest market coverage? Check out for the latest news stories!  https://t.co/3DYIpYSdl6  $APPL $TSLA $BTC $FB $S", "likes_count": 0, "replies_count": 0, "retweets_count": 1, "hashtags": []}
{"id": 896488013345169408, "date": "2017-08-12", "time": "17:46:12", "tweet": "A list of free stock picks. $TWTR $TSLA $JMBA $EBAY $AMZN #stockpicks #stocks #stockmarket  https://t.co/hoSvyJR1pL", "likes_count": 0, "replies_count": 0, "retweets_count": 0, "hashtags": ["stockpicks", "stocks", "stockmarket"]}
{"id": 896483994560155648, "date": "2017-08-12", "time": "17:30:14", "tweet": "ACTIVE TRADERS Try one of these FREE trading guides:   https://t.co/RM6bLANaow  $NFLX $TSLA $AAPL $JWN $GS $FB $AMZN $GOOGL $NVDA", "likes_count": 0, "replies_count": 0, "retweets_count": 0, "hashtags": []}
{"id": 896483934896177152, "date": "2017-08-12", "time": "17:30:00", "tweet": "Tesla's Most Unexpected Solar Competitor: IKEA  https://t.co/PnGUN6AJ7a $AAPL $SCTY $TSLA", "likes_count": 1, "replies_count": 0, "retweets_count": 1, "hashtags": []}
{"id": 896482388754268161, "date": "2017-08-12", "time": "17:23:51", "tweet": "\"@liamdenning: Tesla's bond is extremely fascinating and unnerving  https://t.co/6XIu40pM9b via @gadfly $TSLA\" &gt;all this 4 clean traffc jams?", "likes_count": 0, "replies_count": 0, "retweets_count": 0, "hashtags": []}
