{"id": 850859055841234944, "date": "2017-04-08", "time": "19:53:01", "tweet": "Tesla: Can It Ever Create Shareholder Value?  https://t.co/puJ8yJ9CCA $TSLA  https://t.co/f3MXEVfkJv", "likes_count": 0, "replies_count": 0, "retweets_count": 0, "hashtags": []}
{"id": 850856283418841090, "date": "2017-04-08", "time": "19:42:00", "tweet": "5 serial losers that ended up really rich  https://t.co/KEDmSYi487 $SPY $SNAP $FB $TWTR $TSLA", "likes_count": 1, "replies_count": 0, "retweets_count": 2, "hashtags": []}
{"id": 850855978476163072, "date": "2017-04-08", "time": "19:40:48", "tweet": "This weeks Open Interest Analysis &amp; Strategies $AAPL $AMZN $BIDU $FB $GOOGL $GS $NFLX $TSLA 1 time fee for full wk  https://t.co/vDQJSaEzme", "likes_count": 2, "replies_count": 0, "retweets_count": 3, "hashtags": []}
{"id": 850855332008136705, "date": "2017-04-08", "time": "19:38:13", "tweet": "NYTimes: #Tesla Has Something Hotter Than Cars to Sell: Its Story $TSLA   https://t.co/c84HMa6BT0", "likes_count": 1, "replies_count": 1, "retweets_count": 1, "hashtags": ["tesla"]}
{"id": 850846589694488577, "date": "2017-04-08", "time": "19:03:29", "tweet": "Finally read @elonmusk biography. Quite an inspiring story. Book says brother is the salesman, but this picture argues differently $TSLA $F  https://t.co/5LOIXLnbY8", "likes_count": 3, "replies_count": 0, "retweets_count": 0, "hashtags": []}
{"id": 850846349251809280, "date": "2017-04-08", "time": "19:02:32", "tweet": "Here's what a single tweet from Elon Musk can do to Tesla investors around the country:  https://t.co/R9vyYku9bN  $TSLA", "likes_count": 0, "replies_count": 0, "retweets_count": 0, "hashtags": []}
{"id": 850845281998446592, "date": "2017-04-08", "time": "18:58:17", "tweet": "Tesla using a mean reversion system $TSLA  https://t.co/YEnwtp3J37 powered by  https://t.co/phbjFqZS5Z", "likes_count": 0, "replies_count": 0, "retweets_count": 0, "hashtags": []}
{"id": 850845065392074752, "date": "2017-04-08", "time": "18:57:26", "tweet": "Tesla using a mean reversion system $TSLA  https://t.co/OMu25HyMNa TV_TradingIdeas", "likes_count": 0, "replies_count": 0, "retweets_count": 0, "hashtags": []}
{"id": 850844476067246081, "date": "2017-04-08", "time": "18:55:05", "tweet": "$TSLA $GM #AutoSector #Stocks Video Analysis with important #Trading Levels for Week 10 Apr &gt;  https://t.co/WA1x9Qo2DP @APAZones  https://t.co/AzgPJF8dJ9", "likes_count": 1, "replies_count": 0, "retweets_count": 0, "hashtags": ["autosector", "stocks", "trading"]}
{"id": 850844396375334912, "date": "2017-04-08", "time": "18:54:46", "tweet": "Here's what a single tweet from Elon Musk can do to Tesla investors around the country:  https://t.co/0Ve5WavYSm  $TSLA", "likes_count": 22, "replies_count": 0, "retweets_count": 20, "hashtags": []}
{"id": 850844273389981696, "date": "2017-04-08", "time": "18:54:17", "tweet": "Tesla using a mean reversion system $TSLA  https://t.co/gPP6RcRlrq", "likes_count": 0, "replies_count": 0, "retweets_count": 0, "hashtags": []}
{"id": 850836713886720000, "date": "2017-04-08", "time": "18:24:15", "tweet": "@SexCpotatoes @Tesla_Hab @iliketeslas @BertelSchmitt GM doesn't want to be too disruptive with 99% of assets being in ICE products. Big auto wants slow gradual orderly transition to EVs. $TSLA", "likes_count": 0, "replies_count": 0, "retweets_count": 0, "hashtags": []}
{"id": 850836087538728960, "date": "2017-04-08", "time": "18:21:45", "tweet": "@SexCpotatoes @Tesla_Hab @iliketeslas @BertelSchmitt If Bolt was real comp, GM would be scaling to 100k+ a year volume after 350k deposit pre-orders for $TSLA M3. Instead compliance car volume", "likes_count": 0, "replies_count": 2, "retweets_count": 0, "hashtags": []}
{"id": 850834575286611969, "date": "2017-04-08", "time": "18:15:45", "tweet": "@JeffBezos hey @elonmusk You and Amazon and Hydrogen??  https://t.co/FoPimQCMrV $Plug $Tsla $Amzn  https://t.co/EbrfdakHXv", "likes_count": 0, "replies_count": 0, "retweets_count": 0, "hashtags": []}
{"id": 850833801605332992, "date": "2017-04-08", "time": "18:12:40", "tweet": "@SexCpotatoes @Tesla_Hab @iliketeslas @BertelSchmitt And Bolt has no comparable OTA software, doesn't even offer TACC. 40k econobox. $TSLA", "likes_count": 0, "replies_count": 1, "retweets_count": 0, "hashtags": []}
{"id": 850833239589634048, "date": "2017-04-08", "time": "18:10:26", "tweet": "@SexCpotatoes @Tesla_Hab @iliketeslas @BertelSchmitt Model S highest rated car ever by CR, model 3 just simplified version of S. $TSLA", "likes_count": 0, "replies_count": 1, "retweets_count": 0, "hashtags": []}
{"id": 850829006924414976, "date": "2017-04-08", "time": "17:53:37", "tweet": "@SexCpotatoes @Tesla_Hab @iliketeslas @BertelSchmitt @Forbes Chevy Bolt has no fast charging network and doesn't even offer TACC. $TSLA", "likes_count": 0, "replies_count": 0, "retweets_count": 0, "hashtags": []}
{"id": 850826115312738304, "date": "2017-04-08", "time": "17:42:08", "tweet": "@Tesla_Hab @iliketeslas @BertelSchmitt @Forbes $TSLA will be bankrupt before they fill all the uncanceled preorders", "likes_count": 0, "replies_count": 0, "retweets_count": 0, "hashtags": []}
{"id": 850823649552674816, "date": "2017-04-08", "time": "17:32:20", "tweet": "Tesla April Targets $TSLA  https://t.co/Uhtgi2VDX8 TV_TradingIdeas", "likes_count": 0, "replies_count": 0, "retweets_count": 0, "hashtags": []}
{"id": 850823504563912704, "date": "2017-04-08", "time": "17:31:45", "tweet": "Tesla April Targets $TSLA  https://t.co/JSHHo6chAF", "likes_count": 1, "replies_count": 0, "retweets_count": 0, "hashtags": []}
