{"id": 838176321771614208, "date": "2017-03-04", "time": "18:56:22", "tweet": "I wonder if Bria is a son of $TSLA Fanboy Eric Loveday from InsideEVs?  This explains a lot about his \"idea\"  https://t.co/hrjmqkXltO", "likes_count": 1, "replies_count": 0, "retweets_count": 0, "hashtags": []}
{"id": 838176198744231936, "date": "2017-03-04", "time": "18:55:52", "tweet": "The Range Rover Velar shows the Jaguar I-Pace interior is ready and will match the prototype $TTM $TSLA", "likes_count": 5, "replies_count": 0, "retweets_count": 0, "hashtags": []}
{"id": 838175486706581504, "date": "2017-03-04", "time": "18:53:03", "tweet": "Now even Electrek puts $TSLA \"Investigation\" into \" \" , another Freudian slip  https://t.co/VuppscEH11", "likes_count": 2, "replies_count": 1, "retweets_count": 0, "hashtags": []}
{"id": 838172935110213633, "date": "2017-03-04", "time": "18:42:54", "tweet": "Tesla Inc $TSLA Given a $368.00 Price Target by Robert W. Baird Analysts  https://t.co/qHQ7aLSFPf #acn", "likes_count": 0, "replies_count": 0, "retweets_count": 1, "hashtags": ["acn"]}
{"id": 838168075400843264, "date": "2017-03-04", "time": "18:23:36", "tweet": "#Tesla $TSLA WEEKLY Price Pattern Coordinates Chart Weekly Time Price 6MU 3DA Area 5/6  Negative Events 1MDX=MACD1 x&lt;0 3DAX=MACD3 x&lt; SIG3 &gt;0  https://t.co/uxqdvuOhmN", "likes_count": 1, "replies_count": 0, "retweets_count": 1, "hashtags": ["tesla"]}
{"id": 838161691774971904, "date": "2017-03-04", "time": "17:58:14", "tweet": "#Lithium #News #Resources  https://t.co/6zNK1pDZXB #li $lit #preciousmetals #industrial #metals #mining #commodities #ev #tesla $tsla #tech  https://t.co/qNinkM2Usk", "likes_count": 3, "replies_count": 0, "retweets_count": 1, "hashtags": ["lithium", "news", "resources", "li", "preciousmetals", "industrial", "metals", "mining", "commodities", "ev", "tesla", "tech"]}
{"id": 838159942968311808, "date": "2017-03-04", "time": "17:51:17", "tweet": "$tsla weekly macd curling down .. 245 50sma support and 255,262(20sma) resistance.. should be interesting next week", "likes_count": 1, "replies_count": 0, "retweets_count": 0, "hashtags": []}
{"id": 838156112306311168, "date": "2017-03-04", "time": "17:36:04", "tweet": "VIDEO: $YELP $GWPH $PCLN $NVDA $TSLA Technical Analysis Chart 3/3/2017  https://t.co/b6WymEvxzG #business #trading #finance #wallstreet", "likes_count": 0, "replies_count": 0, "retweets_count": 1, "hashtags": ["business", "trading", "finance", "wallstreet"]}
{"id": 838155714728235008, "date": "2017-03-04", "time": "17:34:29", "tweet": "How California Utilities Are Managing Excess Solar Power Cool article @WSJ $PCG $SRE $EIX $AES $TSLA $ED $XLU $TAN  https://t.co/x3g1f0LCoT", "likes_count": 1, "replies_count": 1, "retweets_count": 0, "hashtags": []}
{"id": 838152903101669376, "date": "2017-03-04", "time": "17:23:18", "tweet": "Tesla May Face Negative Growth In 2017 As Insurance Troubles Mount And China EV Sales Suffer  https://t.co/LGf7vr2Kqc $TSLA", "likes_count": 0, "replies_count": 0, "retweets_count": 0, "hashtags": []}
{"id": 838150232131133445, "date": "2017-03-04", "time": "17:12:42", "tweet": "If you’re not making money in this market &amp; want consistency, try our team  https://t.co/zZPRJH5xOh   $FB $NFLX  $AMZN $GOOGL $TSLA $AAPL $GS", "likes_count": 0, "replies_count": 0, "retweets_count": 0, "hashtags": []}
{"id": 838150097863061507, "date": "2017-03-04", "time": "17:12:10", "tweet": "NOW OFFERING: 7 Day FREE Trial to our options day trading team Room or $TWTR feed  https://t.co/zZPRJH5xOh $FB $AAPL $NFLX $TSLA $AMZN $GOOGL", "likes_count": 0, "replies_count": 0, "retweets_count": 0, "hashtags": []}
{"id": 838146554158526465, "date": "2017-03-04", "time": "16:58:05", "tweet": "#Tesla market value now surpasses Nissan, check it out:  https://t.co/PuiWg6wPpK $tsla #teslamotors #teslamodels #teslamodelx #teslamodel3", "likes_count": 10, "replies_count": 0, "retweets_count": 6, "hashtags": ["tesla", "teslamotors", "teslamodels", "teslamodelx", "teslamodel3"]}
{"id": 838146238855917568, "date": "2017-03-04", "time": "16:56:50", "tweet": "#WeekendWisdom $SPY $AAPL $FB $GOOG $AMZN $TSLA $SNAP $GLD $NUGT $NFLX $SLV $VXX  https://t.co/sDTXT4AB00", "likes_count": 1, "replies_count": 0, "retweets_count": 0, "hashtags": ["weekendwisdom"]}
{"id": 838145270219214849, "date": "2017-03-04", "time": "16:52:59", "tweet": "$TSLA Gigafactory and Faraday Future deals under scrutiny from Nevada State Treasurer  https://t.co/9hLtgZY9PU via @FredericLambert", "likes_count": 0, "replies_count": 0, "retweets_count": 0, "hashtags": []}
{"id": 838143834110509056, "date": "2017-03-04", "time": "16:47:16", "tweet": "$DIA Why most people suck at #trading  https://t.co/uDB8lMzabP #stocks #stockmarket #investing $QQQ $SPY $AAPL $AMZN $TWTR $TSLA $NFLX $GOOGL", "likes_count": 0, "replies_count": 0, "retweets_count": 0, "hashtags": ["trading", "stocks", "stockmarket", "investing"]}
{"id": 838143530560282625, "date": "2017-03-04", "time": "16:46:04", "tweet": "$TSLA #Tesla Gigafactory and Faraday Future deals under scrutiny from Nevada State Treasurer  https://t.co/a9yuItTC6w $SPY #stocks #investing", "likes_count": 0, "replies_count": 0, "retweets_count": 0, "hashtags": ["tesla", "stocks", "investing"]}
{"id": 838140781378535424, "date": "2017-03-04", "time": "16:35:08", "tweet": "#Tesla: #Bankruptcy In 4 Months? $tsla $lit $tan #lithium #li #commodities #ev #solar #energy #solarcity #ElonMusk  https://t.co/Fi4KBOEE4R", "likes_count": 0, "replies_count": 0, "retweets_count": 0, "hashtags": ["tesla", "bankruptcy", "lithium", "li", "commodities", "ev", "solar", "energy", "solarcity", "elonmusk"]}
{"id": 838139613311021057, "date": "2017-03-04", "time": "16:30:30", "tweet": "Highlights From #Tesla's #Earnings Report - #lithium #li $lit #ev $tsla #musk #solarcity #solar #renewable #energy  https://t.co/VTVGNzFV4f", "likes_count": 0, "replies_count": 0, "retweets_count": 0, "hashtags": ["tesla", "earnings", "lithium", "li", "ev", "musk", "solarcity", "solar", "renewable", "energy"]}
{"id": 838136247566532608, "date": "2017-03-04", "time": "16:17:07", "tweet": "$TSLA $TSLA  https://t.co/ZfNXbyj291 powered by  https://t.co/phbjFqZS5Z", "likes_count": 0, "replies_count": 0, "retweets_count": 0, "hashtags": []}
