{"id": 924421786246287360, "date": "2017-10-28", "time": "19:45:03", "tweet": "If you are not making money in this market &amp; want consistency, try our team  https://t.co/PnTY8I1olJ   $SQ $NFLX $AMZN $AMD $TSLA $AAPL $GS", "likes_count": 0, "replies_count": 0, "retweets_count": 0, "hashtags": []}
{"id": 924417596803260416, "date": "2017-10-28", "time": "19:28:24", "tweet": "@businessinsider @CNN @CNBC @business @nytimes @OTCReporter @otc_watch $JBZY I'm in church now #EV ELECTRIC VEHICLE Multiple designs  Key 🔑 most advance battery in the 🌎  https://t.co/UFke6eKlf7 @cnn $TSLA #Li  https://t.co/x581uBKKAA", "likes_count": 1, "replies_count": 0, "retweets_count": 1, "hashtags": ["ev", "li"]}
{"id": 924417050872860672, "date": "2017-10-28", "time": "19:26:14", "tweet": "Leveraging Sneaky Pivots To Maximize Gains $amzn $tsla $googl  https://t.co/MCL6pBLoyk", "likes_count": 4, "replies_count": 0, "retweets_count": 0, "hashtags": []}
{"id": 924415503686426624, "date": "2017-10-28", "time": "19:20:05", "tweet": "Evening Most Tweeted Big Caps, check out Gambiste Top 10: $HST $TWTR $AMD $ES $MS $TSLA $SNAP $NOV $CELG $SQ  https://t.co/MQGQm5Ut69", "likes_count": 1, "replies_count": 0, "retweets_count": 0, "hashtags": []}
{"id": 924414466732822528, "date": "2017-10-28", "time": "19:15:58", "tweet": "52% of S&amp;P 500 companies have disappeared in the last 15 years.   $AAPL $AMZN $XOM $GOOG $PCLN $EXPE $TWTR $GS $NFLX $DIS $CRM $NVDA $BABA $QD $FB $WMT $TSLA $JWN $AXP $IBM $JPM $M $JCP $KO $NKE   https://t.co/5F4n9OB1Cg  https://t.co/aDbVzwV34i", "likes_count": 2, "replies_count": 1, "retweets_count": 0, "hashtags": []}
{"id": 924412391370104832, "date": "2017-10-28", "time": "19:07:43", "tweet": "Here's why $TSLA stock could drop to $200 or soar to $500   https://t.co/z0E2o5E9zn  https://t.co/OW8BJF5k7t", "likes_count": 0, "replies_count": 0, "retweets_count": 1, "hashtags": []}
{"id": 924409557706838017, "date": "2017-10-28", "time": "18:56:27", "tweet": "Dunning-Kruger? $TSLA stock comment:  https://t.co/Dtmn2SIFmY", "likes_count": 2, "replies_count": 0, "retweets_count": 1, "hashtags": []}
{"id": 924407894577242113, "date": "2017-10-28", "time": "18:49:51", "tweet": "$amd $intc $amzn $tsla $celg $ibm $biib $regn   https://t.co/lgZvFj7FBB", "likes_count": 0, "replies_count": 0, "retweets_count": 0, "hashtags": []}
{"id": 924406947734016000, "date": "2017-10-28", "time": "18:46:05", "tweet": "$fb $TSLA next week holding both. Big question do I hold or fold through er? Depends where it's at.....", "likes_count": 1, "replies_count": 3, "retweets_count": 0, "hashtags": []}
{"id": 924406689025155072, "date": "2017-10-28", "time": "18:45:03", "tweet": "NOW OFFERING 7 Day FREE Trial to  options day trading team Room or $TWTR feed   https://t.co/UowjwL3h3A $RH $AAPL $NFLX $TSLA $AMZN $GOOGL", "likes_count": 0, "replies_count": 0, "retweets_count": 0, "hashtags": []}
{"id": 924405434852790272, "date": "2017-10-28", "time": "18:40:04", "tweet": "LEVERAGE VOLATILITY! TALK STOCKS IN OUR GOAL ORIENTED CHAT ROOM AT  https://t.co/35LuLR0k4f $NVDA $TSLA $MGTI", "likes_count": 1, "replies_count": 0, "retweets_count": 0, "hashtags": []}
{"id": 924404169930395654, "date": "2017-10-28", "time": "18:35:03", "tweet": "FIND YOUR EDGE! TALK STOCKS IN OUR REAL TIME CHAT ROOM AT  https://t.co/35LuLR0k4f $AMD $TSLA $MNKD", "likes_count": 0, "replies_count": 0, "retweets_count": 0, "hashtags": []}
{"id": 924400452313247744, "date": "2017-10-28", "time": "18:20:17", "tweet": "Instead of going electric, more German carmakers get investigated for dirty diesel trickery, read here:  https://t.co/ihgkGQ3iUU $TSLA #Tesla", "likes_count": 9, "replies_count": 0, "retweets_count": 3, "hashtags": ["tesla"]}
{"id": 924399139856711681, "date": "2017-10-28", "time": "18:15:04", "tweet": "If you are not making money in this market &amp; want consistency, try our team  https://t.co/ONmdPoUYSO   $FB $NFLX $AMZN $SPX $TSLA $AAPL $GS", "likes_count": 0, "replies_count": 0, "retweets_count": 0, "hashtags": []}
{"id": 924397861902614528, "date": "2017-10-28", "time": "18:09:59", "tweet": "The world’s economy divided by area   $AAPL $AMZN $XOM $GOOG $PCLN $EXPE $TWTR $GS $NFLX $DIS $CRM $NVDA $BABA $QD $FB $WMT $TSLA $JWN $AXP $IBM $JPM $M $JCP $KO $NKE  https://t.co/DtMEoGciIM", "likes_count": 3, "replies_count": 0, "retweets_count": 0, "hashtags": []}
{"id": 924396431980486656, "date": "2017-10-28", "time": "18:04:18", "tweet": "下周准备关注的财报 10/31 AC $EA 11/1 AC $FB 11/1 AC $TSLA 11/1 AC $YELP 11/1 BO $GRPN 11/2 AC $AAPL 11/2 AC $ATVI 11/2 BO $APRN 11/2 BO $BABA", "likes_count": 4, "replies_count": 2, "retweets_count": 1, "hashtags": []}
{"id": 924395731708010500, "date": "2017-10-28", "time": "18:01:31", "tweet": "I consider $TSLA the highest risk stock I know, one I personally wouldn't ever dare to invest in.", "likes_count": 2, "replies_count": 1, "retweets_count": 0, "hashtags": []}
{"id": 924395422885462016, "date": "2017-10-28", "time": "18:00:17", "tweet": "@High_Profits @CNBC @CNN @CNBCi @cnni @CNNMoney @WSJ @BW @business @XHNews $JBZY Watch video 🔑Brain🚘#EV $TSLA  https://t.co/UFke6eKlf7 Pioneer in Lithium Batteries   https://t.co/vaDZh4Mjc6 @otc_watch @OTCReporter  https://t.co/kVsOtUNq1w", "likes_count": 1, "replies_count": 1, "retweets_count": 0, "hashtags": ["ev"]}
{"id": 924393928266219521, "date": "2017-10-28", "time": "17:54:21", "tweet": "$TSLA and $JBZY both focus on development of EV tech. $JBZY is trading in pennies so obviously undervalued. Also have profits to show. 🚗🚔🚊🚀🍔  https://t.co/eDrLOwtT4k", "likes_count": 5, "replies_count": 0, "retweets_count": 2, "hashtags": []}
{"id": 924391585067933696, "date": "2017-10-28", "time": "17:45:02", "tweet": "$TSLA is facing multiple crises, yet Elon is preoccupied with digging holes in the ground, selling hats, and getting drunk in the desert  https://t.co/bJpYkGMd0y", "likes_count": 2, "replies_count": 0, "retweets_count": 2, "hashtags": []}
