{"id": 947255532338888704, "date": "2017-12-30", "time": "18:58:12", "tweet": "$TSLA The Technical Indicator That Works in Tesla  https://t.co/zxduVMTiIU via @CMLviz", "likes_count": 2, "replies_count": 0, "retweets_count": 0, "hashtags": []}
{"id": 947252237428056069, "date": "2017-12-30", "time": "18:45:07", "tweet": "NOW OFFERING 7 Day FREE Trial to  options day trading team Room or $TWTR feed   https://t.co/BGsTh2eyIL $RH $AAPL $NFLX $TSLA $AMZN $GOOGL", "likes_count": 0, "replies_count": 0, "retweets_count": 1, "hashtags": []}
{"id": 947251025488105472, "date": "2017-12-30", "time": "18:40:18", "tweet": "LEVERAGE VOLATILITY! TALK STOCKS IN OUR REAL TIME CHAT ROOM AT  https://t.co/35LuLR0k4f $NFLX $TSLA $PPDF", "likes_count": 0, "replies_count": 0, "retweets_count": 1, "hashtags": []}
{"id": 947248481709838336, "date": "2017-12-30", "time": "18:30:11", "tweet": "ACTIVE TRADERS Try one of these FREE trading guides:   https://t.co/hRjRK8TGfP  $NFLX $TSLA $AAPL $IBB $GS $FB $AMZN $GOOGL $NVDA", "likes_count": 0, "replies_count": 0, "retweets_count": 1, "hashtags": []}
{"id": 947247208532819968, "date": "2017-12-30", "time": "18:25:08", "tweet": "Updates on stocks from specstocks at SpeculatingStocks pulse. $FB $NFLX $TSLA $ULTA #stocks  https://t.co/VWju4aPWVW", "likes_count": 0, "replies_count": 0, "retweets_count": 1, "hashtags": ["stocks"]}
{"id": 947244958880272385, "date": "2017-12-30", "time": "18:16:11", "tweet": "FIND YOUR EDGE! CHAT WITH TRADERS ON OUR RESEARCH BASED CHAT ROOM AT  https://t.co/35LuLR0k4f $AMD $TSLA $GROW", "likes_count": 1, "replies_count": 0, "retweets_count": 0, "hashtags": []}
{"id": 947244679543820288, "date": "2017-12-30", "time": "18:15:05", "tweet": "If you are not making money in this market &amp; want consistency, try our team  https://t.co/RoZOg9GlkY   $FB $NFLX $AMZN $SPX $TSLA $AAPL $GS", "likes_count": 1, "replies_count": 0, "retweets_count": 0, "hashtags": []}
{"id": 947242394939949057, "date": "2017-12-30", "time": "18:06:00", "tweet": "$ICNB.0065 - Iconic Brands and Publix - Huge wine Sale - buy 1 - get 1 free - Bellissima! Stock chart broke out Friday $AMZN $TSLA $WMT $TGT $NVDA $SPY $GLD $EBAY $AAPL $FB $TWTR $GS $S $GOOG  $DIS  $IBM $MSFT $BIDU $VZ $ADBE $AMAT $ADSK $AVGO $BABA $BRCD $CDNS $CAVM $CERN $CHKP  https://t.co/cLmT2rtb3Q", "likes_count": 4, "replies_count": 0, "retweets_count": 1, "hashtags": []}
{"id": 947241633531203585, "date": "2017-12-30", "time": "18:02:58", "tweet": "Entire thread.  Bullseye.  $TSLA.  https://t.co/cppwtGx7IZ", "likes_count": 3, "replies_count": 0, "retweets_count": 0, "hashtags": []}
{"id": 947239925904281601, "date": "2017-12-30", "time": "17:56:11", "tweet": "MAXIMIZE PROFIT! SHARE IDEAS IN OUR MARKET FOCUSED CHAT ROOM AT  https://t.co/35LuLR0k4f $APRN $TSLA $GROW", "likes_count": 0, "replies_count": 0, "retweets_count": 0, "hashtags": []}
{"id": 947238893115523072, "date": "2017-12-30", "time": "17:52:05", "tweet": " https://t.co/aXfprfDUuS &lt; Timothy Sykes Stock Alerts Reviewed!!!! $NVDA $TSLA $GS", "likes_count": 1, "replies_count": 0, "retweets_count": 0, "hashtags": []}
{"id": 947236501552844800, "date": "2017-12-30", "time": "17:42:35", "tweet": "$TSLA high OI range is 300.00 to 360.00 for option expiration 01/05/2018 #maxpain #options  https://t.co/QRNVsXYuod  https://t.co/YHmbyeJVG3", "likes_count": 0, "replies_count": 0, "retweets_count": 0, "hashtags": ["maxpain", "options"]}
{"id": 947235883014434816, "date": "2017-12-30", "time": "17:40:07", "tweet": "A list of free stock picks. $TWTR $TSLA $JMBA $EBAY $AMZN #stockpicks #stocks #stockmarket  https://t.co/hoSvyJR1pL", "likes_count": 0, "replies_count": 0, "retweets_count": 0, "hashtags": ["stockpicks", "stocks", "stockmarket"]}
{"id": 947233382534209536, "date": "2017-12-30", "time": "17:30:11", "tweet": "ACTIVE TRADERS Try one of these FREE trading guides:   https://t.co/JtM7kc8T3Y  $NFLX $TSLA $AAPL $JWN $GS $FB $AMZN $GOOGL $NVDA", "likes_count": 0, "replies_count": 0, "retweets_count": 0, "hashtags": []}
{"id": 947233100169469952, "date": "2017-12-30", "time": "17:29:04", "tweet": "@Jason @GerberKawasaki @CGrantWSJ @cafexapp And FYI, if “customer delight” was any gauge of profitability, Model S and X would have been profitable long time ago - as $TSLA fan boys claimed to enjoy the defects of the cars.", "likes_count": 6, "replies_count": 1, "retweets_count": 1, "hashtags": []}
{"id": 947232697772052485, "date": "2017-12-30", "time": "17:27:28", "tweet": "@Jason @GerberKawasaki @CGrantWSJ @cafexapp You, Ron Baron, that Ross Gerber charlatan... Lever up and buy as much $TSLA as you can... It is like $TSLA shareholders are a unique breed of idiots.  I am going to enjoy it so much when all of you lose %100 when bankruptcy courts take this.", "likes_count": 4, "replies_count": 1, "retweets_count": 0, "hashtags": []}
{"id": 947231864770703363, "date": "2017-12-30", "time": "17:24:09", "tweet": "@IAddNoValue @CGrantWSJ Your tweets are free so.... You're already better than $TSLA.", "likes_count": 4, "replies_count": 0, "retweets_count": 0, "hashtags": []}
{"id": 947229573682483200, "date": "2017-12-30", "time": "17:15:03", "tweet": "NOW OFFERING 7 Day FREE Trial to  options day trading team Room or $TWTR feed   https://t.co/oVa8NBBcRJ $FB $AAPL $NFLX $TSLA $AMZN $GOOGL", "likes_count": 0, "replies_count": 0, "retweets_count": 0, "hashtags": []}
{"id": 947228271309217792, "date": "2017-12-30", "time": "17:09:53", "tweet": "$BTC $SPX $NASDAQ $DJIA $CAC $DAX $FTSE $JPM $TSLA $ES_F $CL_F $GC_F $TLT $WMT $JNJ $FB $GOOGL $MSFT $INTC $AMD $TWTR $NFLX $AMZN $MA $AAPL $MO $PG $GE $BA $UTX $LOW $HD $ORCL $CSCO $VZ $DIS $PCLN $TSLA $USB $AMGN $SLB $V $ICT $FTI $IBM $MS #bitcoin #speculations #GaryShilling  https://t.co/EZ4d6Fh6Fs", "likes_count": 2, "replies_count": 0, "retweets_count": 0, "hashtags": ["bitcoin", "speculations", "garyshilling"]}
{"id": 947227863983575046, "date": "2017-12-30", "time": "17:08:16", "tweet": "LEVERAGE VOLATILITY! TALK STOCKS IN OUR GOAL ORIENTED CHAT ROOM AT  https://t.co/35LuLR0k4f $NVDA $TSLA $MARA", "likes_count": 0, "replies_count": 0, "retweets_count": 0, "hashtags": []}
{"id": 947225904362729473, "date": "2017-12-30", "time": "17:00:28", "tweet": "Don't miss our next FREE OPTION TRADE.  Sign up for our Daily Free Trades at  https://t.co/ljORSvic8q $NVDA $TSLA $GS $REGN $BAC $GOOGL $FB", "likes_count": 0, "replies_count": 0, "retweets_count": 0, "hashtags": []}
{"id": 947225900629839872, "date": "2017-12-30", "time": "17:00:27", "tweet": "Tesla Motors, $TSLA EBITDA multiple trading @ premium to peers: $F $APTV $GM $AN $HMC  https://t.co/AClbIukSMu", "likes_count": 1, "replies_count": 0, "retweets_count": 0, "hashtags": []}
{"id": 947224693156786177, "date": "2017-12-30", "time": "16:55:40", "tweet": "The only market that matters is the lucrative California $55k+ sedan market, where $TSLA is already profitable.  https://t.co/xdfD7Jaeak", "likes_count": 0, "replies_count": 0, "retweets_count": 0, "hashtags": []}
{"id": 947224062107029505, "date": "2017-12-30", "time": "16:53:09", "tweet": "Correction phase for TSLA $TSLA  https://t.co/QSbdUtNgWD TV_TradingIdeas", "likes_count": 0, "replies_count": 0, "retweets_count": 0, "hashtags": []}
{"id": 947221803604131840, "date": "2017-12-30", "time": "16:44:11", "tweet": "Correction phase for TSLA $TSLA  https://t.co/geK4OWpllu", "likes_count": 0, "replies_count": 0, "retweets_count": 0, "hashtags": []}
{"id": 947221492261052416, "date": "2017-12-30", "time": "16:42:56", "tweet": "@n0rbie @JohnGregorian They have two major ones they are focused on in California. That we track. We expect all the first #model3 to come out there first. $tsla", "likes_count": 3, "replies_count": 0, "retweets_count": 0, "hashtags": ["model3"]}
{"id": 947219427451392000, "date": "2017-12-30", "time": "16:34:44", "tweet": "I added a video to a @YouTube playlist  https://t.co/v7ljKZuqKO 2017 12 20 20 $BIDU $AAPL $TSLA $ROKU $JUNO $BABA $DE $ADSK $GME", "likes_count": 0, "replies_count": 0, "retweets_count": 0, "hashtags": []}
{"id": 947219427170414592, "date": "2017-12-30", "time": "16:34:44", "tweet": "I added a video to a @YouTube playlist  https://t.co/kGBOcCUD9q 2017 12 19 $BIDU $AAPL $TSLA $ROKU $JUNO $BABA $MU $TWTR more", "likes_count": 0, "replies_count": 0, "retweets_count": 0, "hashtags": []}
{"id": 947219427061370880, "date": "2017-12-30", "time": "16:34:44", "tweet": "I added a video to a @YouTube playlist  https://t.co/8bvDavWaXU 2017 12 21 $BIDU $AAPL $TSLA $ROKU $JUNO $BABA $DE $ADSK $GME $MU $CMG", "likes_count": 0, "replies_count": 0, "retweets_count": 0, "hashtags": []}
{"id": 947218284876894218, "date": "2017-12-30", "time": "16:30:12", "tweet": "ACTIVE TRADERS Try one of these FREE trading guides:   https://t.co/C34cLRdb2l  $NFLX $TSLA $AAPL $BIDU $GS $FB $AMZN $GOOGL $NVDA", "likes_count": 0, "replies_count": 0, "retweets_count": 0, "hashtags": []}
{"id": 947216782917586944, "date": "2017-12-30", "time": "16:24:14", "tweet": "LEVERAGE VOLATILITY! EXPLORE STRATEGIES IN OUR RESEARCH BASED CHAT ROOM AT  https://t.co/35LuLR0k4f $NVDA $TSLA $DRYS", "likes_count": 0, "replies_count": 0, "retweets_count": 0, "hashtags": []}
{"id": 947213737236226048, "date": "2017-12-30", "time": "16:12:07", "tweet": "A list of free stock picks. $TWTR $TSLA $JMBA $EBAY $AMZN #stockpicks #stocks #stockmarket  https://t.co/hoSvyJR1pL", "likes_count": 0, "replies_count": 0, "retweets_count": 0, "hashtags": ["stockpicks", "stocks", "stockmarket"]}
{"id": 947210800674099200, "date": "2017-12-30", "time": "16:00:27", "tweet": "251 Profit-Packed Option Trades Yearly--Delivered to Your Inbox Daily--FREE!  https://t.co/ngswLdB6OR $BABA $GOOGL $TSLA $BIDU", "likes_count": 0, "replies_count": 0, "retweets_count": 0, "hashtags": []}
{"id": 947206935983554561, "date": "2017-12-30", "time": "15:45:06", "tweet": "NOW OFFERING 7 Day FREE Trial to  options day trading team Room or $TWTR feed   https://t.co/6gLm5Glj34 $CELG $AAPL $NFLX $TSLA $AMZN $GOOGL", "likes_count": 0, "replies_count": 0, "retweets_count": 0, "hashtags": []}
{"id": 947205733363388416, "date": "2017-12-30", "time": "15:40:19", "tweet": "@iliketeslas @CloisterRes @GerberKawasaki @CGrantWSJ @Jason Filed under: #WhistlePastTheGraveyard $TSLA $TSLAQ", "likes_count": 1, "replies_count": 0, "retweets_count": 0, "hashtags": ["whistlepastthegraveyard"]}
{"id": 947204625978949632, "date": "2017-12-30", "time": "15:35:55", "tweet": "@davidtayar5 @CloisterRes Should be \"Sinker\"...  like $TSLA Stock price and @elonmusk sense of CEO Leadership... $TSLA #Tesla", "likes_count": 0, "replies_count": 0, "retweets_count": 0, "hashtags": ["tesla"]}
{"id": 947204392410861568, "date": "2017-12-30", "time": "15:35:00", "tweet": "BlackBerry has huge potential for the future, take a minute to read and you will know what I mean. $BB @WSJ @business @technology $AAPL $MSFT $GOOGL $QCOM $NVDA $INTC $IBM $TSLA @DelphiAuto @DENSOAutoParts @RenesasAmerica @Baidu_Inc #Blockchain #Bitcoin  https://t.co/h87vGqaAip", "likes_count": 3, "replies_count": 1, "retweets_count": 0, "hashtags": ["blockchain", "bitcoin"]}
{"id": 947203191510364160, "date": "2017-12-30", "time": "15:30:13", "tweet": "ACTIVE TRADERS Try one of these FREE trading guides:   https://t.co/cuKgBSxqqY  $NFLX $TSLA $AAPL $PCLN $GS $FB $AMZN $GOOGL $NVDA", "likes_count": 0, "replies_count": 0, "retweets_count": 0, "hashtags": []}
{"id": 947201472512569344, "date": "2017-12-30", "time": "15:23:23", "tweet": "$TSLA The 5 Best-Selling Electric Cars of 2017  https://t.co/3lIOQ5YhX6", "likes_count": 0, "replies_count": 0, "retweets_count": 0, "hashtags": []}
{"id": 947200759388569605, "date": "2017-12-30", "time": "15:20:33", "tweet": "China extends tax rebate for electric cars, hybrids  https://t.co/LZTCJhrliU $TSLA $BYD #lithium #cobalt #ElectricVehicle #batteries #battery by #Sufiy via @c0nvey", "likes_count": 4, "replies_count": 0, "retweets_count": 6, "hashtags": ["lithium", "cobalt", "electricvehicle", "batteries", "battery", "sufiy"]}
