{"id": 845787006823256064, "date": "2017-03-25", "time": "19:58:31", "tweet": "@chipmcdonald @Tesla_Hab @DowdEdward Nope. Just betting $TSLA will reap destruction sooner or later when subsidy rug is pulled.", "likes_count": 0, "replies_count": 0, "retweets_count": 0, "hashtags": []}
{"id": 845784811486744576, "date": "2017-03-25", "time": "19:49:47", "tweet": "$AMZN $FEYE $ZNGA $SCTY $TSLA  \"4 Of The Most Valuable Modern Tech Patents\"  https://t.co/igTz2ju0Pk Zynga ACG  https://t.co/zUnCs0qylm", "likes_count": 0, "replies_count": 0, "retweets_count": 0, "hashtags": []}
{"id": 845783078962434053, "date": "2017-03-25", "time": "19:42:54", "tweet": "$AMZN $FEYE $ZNGA $SCTY $TSLA  \"4 Of The Most Valuable Modern Tech  Patents\"   https://t.co/igTz2ju0Pk", "likes_count": 0, "replies_count": 0, "retweets_count": 0, "hashtags": []}
{"id": 845779371021479937, "date": "2017-03-25", "time": "19:28:10", "tweet": "$TSLA OI for maturity 03/31/2017. 250.00 Highest put. 270.00 Highest call.  https://t.co/2meYW4nQGb  https://t.co/Vk9xQTrRA7", "likes_count": 0, "replies_count": 0, "retweets_count": 0, "hashtags": []}
{"id": 845776567733288961, "date": "2017-03-25", "time": "19:17:02", "tweet": "Tesla $TSLA Will Take Orders for Its Solar Roof in April  https://t.co/DUk9pUe8W5  https://t.co/9cCYE0hF6W", "likes_count": 0, "replies_count": 0, "retweets_count": 0, "hashtags": []}
{"id": 845776032149975042, "date": "2017-03-25", "time": "19:14:54", "tweet": "What's happening with $TSLA? Might be worth checking out at  https://t.co/cLfVYw4f0J #eczema #motivation", "likes_count": 1, "replies_count": 0, "retweets_count": 0, "hashtags": ["eczema", "motivation"]}
{"id": 845774370387607553, "date": "2017-03-25", "time": "19:08:18", "tweet": "if $DASH is the $TSLA of crypto then $PIVX could be the @Lucid_Motors. but first @_pivx has to beat $DOGE 😂", "likes_count": 1, "replies_count": 0, "retweets_count": 0, "hashtags": []}
{"id": 845773556592001024, "date": "2017-03-25", "time": "19:05:04", "tweet": ".@JimCramer is right. $TSLA is a cult stock. it cannot be analyzed by traditional methods. that’s a good thing.   https://t.co/qtfhMpvmFj", "likes_count": 0, "replies_count": 0, "retweets_count": 0, "hashtags": []}
{"id": 845768958326169600, "date": "2017-03-25", "time": "18:46:47", "tweet": "Tesla to start taking orders for solar roof tiles in April  https://t.co/bDAzhkaE84 $TSLA", "likes_count": 0, "replies_count": 0, "retweets_count": 0, "hashtags": []}
{"id": 845766444197412864, "date": "2017-03-25", "time": "18:36:48", "tweet": "@business $TSLA $OWCP $cara $zyne $Insy $gwph @cnbc @foxnews  https://t.co/292O08Chaj  https://t.co/nYjVIdL3EE 💚$OWCP  https://t.co/7HFqQkxgVL  https://t.co/ZQJx226Jay", "likes_count": 0, "replies_count": 0, "retweets_count": 0, "hashtags": []}
{"id": 845761800406614016, "date": "2017-03-25", "time": "18:18:21", "tweet": "@technology @elonmusk @cnn @cnni @cnbc @cnnbrk @business @Reuters @FoxNews @ABC $TSLA @cnniphilippines @adsforbaguio creation💥  https://t.co/t2PJEdVbvL", "likes_count": 0, "replies_count": 0, "retweets_count": 0, "hashtags": []}
{"id": 845758486608797697, "date": "2017-03-25", "time": "18:05:11", "tweet": "expecting break out from these levels to gap fill this week $TSLA  https://t.co/4zVT3NBjwX", "likes_count": 0, "replies_count": 0, "retweets_count": 0, "hashtags": []}
{"id": 845758466614607873, "date": "2017-03-25", "time": "18:05:06", "tweet": "4 Of The Most Valuable Modern Tech Patents  https://t.co/a1ET814IWr $AAPL $AMZN $FEYE $ZNGA $TSLA", "likes_count": 0, "replies_count": 0, "retweets_count": 4, "hashtags": []}
{"id": 845756799080939521, "date": "2017-03-25", "time": "17:58:28", "tweet": "#Lithium #News #Resources  https://t.co/IzKknLVdTw #li $lit #preciousmetals #industrial #metals #mining #commodities #ev #tesla $tsla #tech  https://t.co/duD0re1JVE", "likes_count": 0, "replies_count": 0, "retweets_count": 0, "hashtags": ["lithium", "news", "resources", "li", "preciousmetals", "industrial", "metals", "mining", "commodities", "ev", "tesla", "tech"]}
{"id": 845750320533778433, "date": "2017-03-25", "time": "17:32:44", "tweet": "$TSLA ascending triangle formation on heavy vol. Break 50% 264.7 is KEY to b/o =&gt; 61.8% 270. BUT, weekly 5/10ma far. Below 260 good entry.  https://t.co/C4fqZC9r2p", "likes_count": 16, "replies_count": 0, "retweets_count": 0, "hashtags": []}
{"id": 845743853521002496, "date": "2017-03-25", "time": "17:07:02", "tweet": "7 Day FREE Trial to our options day trading team Room or $TWTR feed  https://t.co/zZPRJH5xOh  $FB $AAPL $NFLX $TSLA $AMZN $GOOGL $NVDA $GS $F", "likes_count": 1, "replies_count": 0, "retweets_count": 2, "hashtags": []}
{"id": 845743740820115457, "date": "2017-03-25", "time": "17:06:35", "tweet": "MarketWatch: Elon Musk just gave us a sneak peak at the new Tesla Model 3   https://t.co/9mKSKb90tJ $TSLA  https://t.co/RPjRLtE2Wp", "likes_count": 0, "replies_count": 0, "retweets_count": 0, "hashtags": []}
{"id": 845742690138558465, "date": "2017-03-25", "time": "17:02:25", "tweet": "Elon Musk just gave us a sneak peak at the new Tesla Model 3   https://t.co/ZsQ7gaqFwR $TSLA  https://t.co/gW2ZVOdmk8", "likes_count": 28, "replies_count": 3, "retweets_count": 17, "hashtags": []}
{"id": 845741353447284736, "date": "2017-03-25", "time": "16:57:06", "tweet": "Tesla Autopilot 2.0 Gets New Speed-Related Updates   https://t.co/ot9Ij7Th1s $tsla", "likes_count": 0, "replies_count": 0, "retweets_count": 0, "hashtags": []}
{"id": 845741328705241090, "date": "2017-03-25", "time": "16:57:00", "tweet": "FREE DAILY OPTION TRADE. Sign up for our DAILY FREE TRADE at  https://t.co/78FVQDKYyw   $AAPL $NFLX $AMZN $GOOGL $BABA $NVDA $XOM $TSLA $BIDU", "likes_count": 0, "replies_count": 0, "retweets_count": 2, "hashtags": []}
{"id": 845740842606211073, "date": "2017-03-25", "time": "16:55:04", "tweet": "@business @cnni @cnbc @elonmusk @FoxNews @abc @CNBCFastMoney @cnnbrk $TSLA  https://t.co/Vbn0dyO2ld", "likes_count": 0, "replies_count": 0, "retweets_count": 0, "hashtags": []}
{"id": 845740408676106240, "date": "2017-03-25", "time": "16:53:21", "tweet": "Can Tesla and Uber Learn from Ford's Mistake?  #stocks $F, $TSLA  https://t.co/zcg1dBSnV9", "likes_count": 1, "replies_count": 0, "retweets_count": 0, "hashtags": ["stocks"]}
{"id": 845739367670910976, "date": "2017-03-25", "time": "16:49:12", "tweet": "$TSLA Elon Musk gives peek at on Tesla Model 3, teases Model Y SUV and new Roadster  https://t.co/OMkKYmhLNn #Tesla #stocks #stockmarket $QQQ", "likes_count": 0, "replies_count": 0, "retweets_count": 0, "hashtags": ["tesla", "stocks", "stockmarket"]}
{"id": 845739243238416384, "date": "2017-03-25", "time": "16:48:43", "tweet": "@TeslaAgnostic @markbspiegel @FredericLambert Pretty dumb. They will be releasing higher end versions within a year of launch. $TSLA", "likes_count": 0, "replies_count": 0, "retweets_count": 0, "hashtags": []}
{"id": 845738356835323904, "date": "2017-03-25", "time": "16:45:11", "tweet": "@apostatebanker wandering around $TSLA store, all within 20 minutes, then having amazing lunch &amp; dessert @raresweets its been a great day", "likes_count": 0, "replies_count": 0, "retweets_count": 0, "hashtags": []}
{"id": 845737558747369472, "date": "2017-03-25", "time": "16:42:01", "tweet": "Crooked fox  https://t.co/lW0eCwOzfy $SPY $IBB $FB $TSLA", "likes_count": 1, "replies_count": 0, "retweets_count": 0, "hashtags": []}
{"id": 845733099568795650, "date": "2017-03-25", "time": "16:24:18", "tweet": "This weeks Open Interest Analysis &amp; Strategies $AAPL $AMZN $BIDU $FB $GOOGL $GS $NFLX $TSLA 1 time fee for the wk  https://t.co/HAIeU85KZK", "likes_count": 3, "replies_count": 0, "retweets_count": 2, "hashtags": []}
{"id": 845726713610850304, "date": "2017-03-25", "time": "15:58:56", "tweet": "$tsla options continue to deliver as long as you are on the right side of the trade  https://t.co/3yStsUGeHS", "likes_count": 2, "replies_count": 1, "retweets_count": 0, "hashtags": []}
{"id": 845723184326475776, "date": "2017-03-25", "time": "15:44:54", "tweet": "Is $TSLA breaking out? Take a quick look at  https://t.co/vCvFmQlvKG! #IPO #TagYourTwitterCrush", "likes_count": 0, "replies_count": 0, "retweets_count": 0, "hashtags": ["ipo", "tagyourtwittercrush"]}
{"id": 845721765565358081, "date": "2017-03-25", "time": "15:39:16", "tweet": "Top of week's trading range: $SKX 97, $P 94, $CYH $UNG 93, $SLV 92, $FNSR $HCA $STM 91, $EWW $THC 90, $AMT $TLT $TSLA 89, $AEP $VFC 88", "likes_count": 0, "replies_count": 0, "retweets_count": 0, "hashtags": []}
{"id": 845713182169681921, "date": "2017-03-25", "time": "15:05:09", "tweet": "$INTC #Mobileye Acquisition is Crucial to Driverless Tech Entry! Good for $MBLY &amp; $TSLA #Stocks &gt;&gt;&gt;  https://t.co/V157Rm8ls9 @TradeZer0  https://t.co/Hz8pShRlL1", "likes_count": 0, "replies_count": 0, "retweets_count": 0, "hashtags": ["mobileye", "stocks"]}
{"id": 845711891339132928, "date": "2017-03-25", "time": "15:00:02", "tweet": "Supercharger costs are still relatively small for @TeslaMotors $TSLA  https://t.co/76u5edcsOl", "likes_count": 8, "replies_count": 1, "retweets_count": 3, "hashtags": []}
{"id": 845706097067343872, "date": "2017-03-25", "time": "14:37:00", "tweet": "What is required of you to become a successful trader  https://t.co/3ncnzMiPhI $SPY $IBB $SNAP $TSLA", "likes_count": 0, "replies_count": 0, "retweets_count": 0, "hashtags": []}
{"id": 845706087969914880, "date": "2017-03-25", "time": "14:36:58", "tweet": "so I just submitted my $DASH pre-proposal. DASH is the $TSLA of Crypto -  https://t.co/WWam4BMdEY", "likes_count": 2, "replies_count": 0, "retweets_count": 1, "hashtags": []}
{"id": 845705422778482689, "date": "2017-03-25", "time": "14:34:19", "tweet": "Tesla will begin taking solar tile orders next month $TSLA 🌞⚡️  https://t.co/bjq836vIb8", "likes_count": 1, "replies_count": 0, "retweets_count": 0, "hashtags": []}
{"id": 845705128535560193, "date": "2017-03-25", "time": "14:33:09", "tweet": "$AMZN How to trade #earnings...  https://t.co/SFWSsVqBsn #stockmarket #stocks #investing #finance $AAPL $SPY $QQQ $TWTR $TSLA $SNAP $NFLX $FB", "likes_count": 0, "replies_count": 0, "retweets_count": 1, "hashtags": ["earnings", "stockmarket", "stocks", "investing", "finance"]}
{"id": 845701331176357888, "date": "2017-03-25", "time": "14:18:04", "tweet": "$TSLA chart  https://t.co/dmSUF2Bg4f via  https://t.co/Oye1nUfvJJ", "likes_count": 0, "replies_count": 1, "retweets_count": 1, "hashtags": []}
{"id": 845701064284360704, "date": "2017-03-25", "time": "14:17:00", "tweet": "Excellent analysis of billions of revenue source for $TSLA. ENERGY business can dwarf car business  https://t.co/IApXzqVy2Z", "likes_count": 0, "replies_count": 0, "retweets_count": 0, "hashtags": []}
{"id": 845698627121139716, "date": "2017-03-25", "time": "14:07:19", "tweet": "$TSLA Max Pain is 255.00 for maturity 03/31/2017. Prev Close = 263.16.   https://t.co/H0FSSBGQjm  https://t.co/AVV0qaDjfv", "likes_count": 0, "replies_count": 0, "retweets_count": 0, "hashtags": []}
{"id": 845698383482425345, "date": "2017-03-25", "time": "14:06:21", "tweet": " https://t.co/CLhFqj5OTY $TSLA", "likes_count": 0, "replies_count": 0, "retweets_count": 0, "hashtags": []}
