{"id": 833096374254178306, "date": "2017-02-18", "time": "18:30:28", "tweet": "@Lordofthestocks @BonaireVolt $GOOG leads in machine learning. Also, are you saying $TSLA is applying machine learning to the tools?", "likes_count": 0, "replies_count": 1, "retweets_count": 0, "hashtags": []}
{"id": 833092531982364672, "date": "2017-02-18", "time": "18:15:12", "tweet": "#Tesla: New #Model3 Details... #lithium #commodities #ev #li $lit $tsla #solar #climate #tech #green #energy #news  https://t.co/awQJi7W9wx", "likes_count": 2, "replies_count": 0, "retweets_count": 1, "hashtags": ["tesla", "model3", "lithium", "commodities", "ev", "li", "solar", "climate", "tech", "green", "energy", "news"]}
{"id": 833092528199127046, "date": "2017-02-18", "time": "18:15:11", "tweet": "#Tesla: Can We Get The Facts Straight? $tsla #li #lithium #mining #commodities  https://t.co/ogMAvyjCUV", "likes_count": 6, "replies_count": 0, "retweets_count": 6, "hashtags": ["tesla", "li", "lithium", "mining", "commodities"]}
{"id": 833090622747709440, "date": "2017-02-18", "time": "18:07:37", "tweet": "Tesla Analysts expect revenue to jump 83% to $2.2 billion $TSLA $SPX $RUT $QQQ    https://t.co/DT39xjyyrI", "likes_count": 0, "replies_count": 0, "retweets_count": 2, "hashtags": []}
{"id": 833090529764089856, "date": "2017-02-18", "time": "18:07:15", "tweet": "ℹ️ TESLA COULD BE HINTING THE MODEL 3 IS COMING FASTER THAN EXPECTED #electricvehicles #energystorage $TSLA  ▶️ https://t.co/L9LNVSBKBo  https://t.co/ymUNhhgfSd", "likes_count": 3, "replies_count": 0, "retweets_count": 1, "hashtags": ["electricvehicles", "energystorage"]}
{"id": 833087436389507074, "date": "2017-02-18", "time": "17:54:57", "tweet": "Apple: Nice Guys Can Finish First  https://t.co/YwAwtKeeJ6 $FB $SSNLF $TSLA $AAPL", "likes_count": 0, "replies_count": 0, "retweets_count": 1, "hashtags": []}
{"id": 833087404915433472, "date": "2017-02-18", "time": "17:54:50", "tweet": "Welcome 2 FinTwit! Newbie Trader 1st posts this weekend &amp; already declares 2 150% wins! 😂$SPY $TSLA $GS #options  https://t.co/gz6bf2H14Y", "likes_count": 2, "replies_count": 0, "retweets_count": 0, "hashtags": ["options"]}
{"id": 833086867109187585, "date": "2017-02-18", "time": "17:52:41", "tweet": "Tesla, Mobileye, Home Depot, Shale, Acacia Lead Investing Plan $TSLA $MBLY $HD $ACIA $CLR $WB $AMZN $NTES $GOOGL  https://t.co/dpfJzFDRI0", "likes_count": 0, "replies_count": 0, "retweets_count": 0, "hashtags": []}
{"id": 833083598945214465, "date": "2017-02-18", "time": "17:39:42", "tweet": "A list of free stock picks. $TWTR $TSLA $JMBA $EBAY $AMZN #stockpicks #stocks #stockmarket  https://t.co/hoSvyJR1pL  https://t.co/hoSvyJR1pL", "likes_count": 1, "replies_count": 0, "retweets_count": 0, "hashtags": ["stockpicks", "stocks", "stockmarket"]}
{"id": 833081873806995456, "date": "2017-02-18", "time": "17:32:51", "tweet": "@Kingpin_15 @smartertrader no kids, multiple cars, $tsla stock #simple", "likes_count": 0, "replies_count": 0, "retweets_count": 0, "hashtags": ["simple"]}
{"id": 833081552112332800, "date": "2017-02-18", "time": "17:31:34", "tweet": "Will Tesla Become More Valuable Than Ford? $TSLA $F @teslamotors @ford @elonmusk  https://t.co/lqwYRnXp3h $UBER $GOOGL $GOOG", "likes_count": 0, "replies_count": 0, "retweets_count": 0, "hashtags": []}
{"id": 833080013876449280, "date": "2017-02-18", "time": "17:25:27", "tweet": "Trying out my new $tsla investment w @smartertrader  https://t.co/nEXs1nqTDf", "likes_count": 6, "replies_count": 3, "retweets_count": 0, "hashtags": []}
{"id": 833079418616700931, "date": "2017-02-18", "time": "17:23:05", "tweet": "Watch list for Tuesday, Feb 21:  $GOOGL $AMZN $GS $BAC $X $AMD $TSLA $BIDU $HIMX $LABU $FSLR $AAPL $FB", "likes_count": 16, "replies_count": 3, "retweets_count": 2, "hashtags": []}
{"id": 833077194746327040, "date": "2017-02-18", "time": "17:14:15", "tweet": "@talesftf @Tesla_Hab  BlueOr started in 2000 by Billionaire has accomplished far less than Spacex started in 2002 by Musk worth 200MM. $TSLA", "likes_count": 0, "replies_count": 0, "retweets_count": 0, "hashtags": []}
{"id": 833076604582625280, "date": "2017-02-18", "time": "17:11:55", "tweet": "WEEKEND VIDEO: The New Bull Market That Started In July 2016 - Joe Fahmy $Tsla $Swks $FB $Aapl  https://t.co/MAPvtBQbKO", "likes_count": 0, "replies_count": 0, "retweets_count": 0, "hashtags": []}
{"id": 833075421616893953, "date": "2017-02-18", "time": "17:07:12", "tweet": "@Lordofthestocks I've wondered this as well. Mark Spiegel has been short $TSLA from $40 a share all the way up. Is he just paid smear?", "likes_count": 0, "replies_count": 0, "retweets_count": 0, "hashtags": []}
{"id": 833075014396104704, "date": "2017-02-18", "time": "17:05:35", "tweet": "@GrantDossetto @markbspiegel Oh look dbag $TSLA haters rooting for SpaceX to fail. Why are Tesla haters the biggest dbags of all time?", "likes_count": 1, "replies_count": 0, "retweets_count": 0, "hashtags": []}
{"id": 833074685977911297, "date": "2017-02-18", "time": "17:04:17", "tweet": "@Sepposaltin @markbspiegel Mark has been short $TSLA since $40, and has kept at it all the way up. Most recently at $180. #SpiegelBottom  https://t.co/dKQZkeKxyk", "likes_count": 2, "replies_count": 0, "retweets_count": 0, "hashtags": ["spiegelbottom"]}
{"id": 833067762050224128, "date": "2017-02-18", "time": "16:36:46", "tweet": "@Lordofthestocks @TalkMarkets Much like the solar PV market, China excels at mass producing mid to lower tier PV.  $TSLA has the best cells.", "likes_count": 0, "replies_count": 0, "retweets_count": 0, "hashtags": []}
{"id": 833067472299425792, "date": "2017-02-18", "time": "16:35:37", "tweet": "60 min KUMO bounce. Congrats to Charles on awesome trade in room on 267.50 calls Friday. $TSLA  https://t.co/ERkgq6sQKO", "likes_count": 0, "replies_count": 0, "retweets_count": 2, "hashtags": []}
