{"id": 926960172949495809, "date": "2017-11-04", "time": "19:51:41", "tweet": "#Tesla #Model3 #ElonMusk  3 Must-See Elon Musk Quotes From Tesla, Inc.'s Earnings Call @themotleyfool #stocks $TSLA  https://t.co/FL8eZNeou3", "likes_count": 0, "replies_count": 0, "retweets_count": 0, "hashtags": ["tesla", "model3", "elonmusk", "stocks"]}
{"id": 926958507110354944, "date": "2017-11-04", "time": "19:45:04", "tweet": "If you are not making money in this market &amp; want consistency, try our team  https://t.co/N5kXL1N5jO   $SQ $NFLX $AMZN $AMD $TSLA $AAPL $GS", "likes_count": 0, "replies_count": 0, "retweets_count": 0, "hashtags": []}
{"id": 926954739400572929, "date": "2017-11-04", "time": "19:30:06", "tweet": "ACTIVE TRADERS Try one of these FREE trading guides:   https://t.co/qwGyvSxuYd  $NFLX $TSLA $AAPL $TWTR $GS $FB $AMZN $GOOGL $NVDA", "likes_count": 0, "replies_count": 0, "retweets_count": 0, "hashtags": []}
{"id": 926954576355393536, "date": "2017-11-04", "time": "19:29:27", "tweet": "$PYDS Alerted at 1.94 ran over $4.00 for 100% profits.  Join the team.  Infotopstockalerts@gmail.com   $AAPL $FB $NFLX $TSLA $NVDA $MSFT $X", "likes_count": 0, "replies_count": 0, "retweets_count": 0, "hashtags": []}
{"id": 926953297872932864, "date": "2017-11-04", "time": "19:24:22", "tweet": "Stocks Of The Month:  $BLK, $MSFT, $NVDA, $TSLA  https://t.co/JlByqb8qzV", "likes_count": 0, "replies_count": 0, "retweets_count": 0, "hashtags": []}
{"id": 926953226364211200, "date": "2017-11-04", "time": "19:24:05", "tweet": "Tesla Sparks Fresh Cash Concerns After Model 3 Rollout Stumbles: $TSLA  https://t.co/BT97nC4kYS", "likes_count": 0, "replies_count": 0, "retweets_count": 0, "hashtags": []}
{"id": 926952465282535426, "date": "2017-11-04", "time": "19:21:04", "tweet": "$AAPL $QQQ $TSLA $WMT trades below. Getting an extra hour tonight is costing an extra hour before we trade  https://t.co/N56XqYzX2B", "likes_count": 2, "replies_count": 0, "retweets_count": 0, "hashtags": []}
{"id": 926952255584129026, "date": "2017-11-04", "time": "19:20:14", "tweet": "MAXIMIZE PROFIT! CHAT WITH TRADERS ON OUR REAL TIME CHAT ROOM AT  https://t.co/35LuLR0k4f $SQ $TSLA $DRIO,#stocks,#trading,#investing", "likes_count": 1, "replies_count": 0, "retweets_count": 1, "hashtags": ["stocks", "trading", "investing"]}
{"id": 926952215130099712, "date": "2017-11-04", "time": "19:20:04", "tweet": "Evening Most Tweeted Big Caps, check out Gambiste Top 10: $TWTR $TSLA $AMD $TMUS $SNAP $ES $SQ $MTD $YUM $EFX  https://t.co/m0Po11SBuZ", "likes_count": 1, "replies_count": 0, "retweets_count": 0, "hashtags": []}
{"id": 926951475682693120, "date": "2017-11-04", "time": "19:17:08", "tweet": "MAXIMIZE PROFIT! CHAT WITH TRADERS ON OUR GOAL ORIENTED CHAT ROOM AT  https://t.co/35LuLR0k4f $NFLX $TSLA $IO", "likes_count": 1, "replies_count": 0, "retweets_count": 0, "hashtags": []}
{"id": 926951252432506880, "date": "2017-11-04", "time": "19:16:15", "tweet": "$TSLA oh just sitting here Blocking DAs  https://t.co/3elaHockhZ", "likes_count": 0, "replies_count": 0, "retweets_count": 0, "hashtags": []}
{"id": 926951213588922368, "date": "2017-11-04", "time": "19:16:05", "tweet": "A list of free stock picks. $TWTR $TSLA $JMBA $EBAY $AMZN #stockpicks #stocks #stockmarket  https://t.co/hoSvyJR1pL", "likes_count": 1, "replies_count": 0, "retweets_count": 0, "hashtags": ["stockpicks", "stocks", "stockmarket"]}
{"id": 926950844888645632, "date": "2017-11-04", "time": "19:14:37", "tweet": "$TSLA now plans to expand \"delivery centers\" - not sure what that even means, as delivery centers were never mentioned before  https://t.co/HfIQ6zDnoT", "likes_count": 0, "replies_count": 1, "retweets_count": 0, "hashtags": []}
{"id": 926949377586933760, "date": "2017-11-04", "time": "19:08:48", "tweet": "3 Top Stocks You Can Buy and Hold for the Next Decade @themotleyfool #stocks $TSLA, $MA, $NEE, $ALB  https://t.co/0OTIv7Fw8v", "likes_count": 0, "replies_count": 0, "retweets_count": 0, "hashtags": ["stocks"]}
{"id": 926947276030988289, "date": "2017-11-04", "time": "19:00:27", "tweet": "@jfahmy curious are you still Long $TSLA, some major damage done on charts...", "likes_count": 0, "replies_count": 0, "retweets_count": 0, "hashtags": []}
{"id": 926947224793296897, "date": "2017-11-04", "time": "19:00:14", "tweet": "Don't miss our next FREE OPTION TRADE.  Sign up for our Daily Free Trades at  https://t.co/qIGU3Dc70X $NVDA $TSLA $GS $C $WFC $GOOGL $FB", "likes_count": 1, "replies_count": 0, "retweets_count": 0, "hashtags": []}
{"id": 926946484477669376, "date": "2017-11-04", "time": "18:57:18", "tweet": "@markbspiegel @davemartyn1 @ttmygh @Tesla @jfahmy hey @jfahmy , Spiegel was replying to @davemartyn1 on $TSLA", "likes_count": 0, "replies_count": 0, "retweets_count": 0, "hashtags": []}
{"id": 926945239696277504, "date": "2017-11-04", "time": "18:52:21", "tweet": "@kidkapital @FT @business Dubious proposition, no proof it's any more than rearranging the deck chairs on the Titanic, little or no environmental benefit. $TSLA BEV", "likes_count": 0, "replies_count": 0, "retweets_count": 0, "hashtags": []}
{"id": 926944676418129921, "date": "2017-11-04", "time": "18:50:07", "tweet": "FIND YOUR EDGE! TALK STOCKS IN OUR RESEARCH BASED CHAT ROOM AT  https://t.co/35LuLR0k4f $AAPL $TSLA $MGTI", "likes_count": 0, "replies_count": 0, "retweets_count": 0, "hashtags": []}
{"id": 926943412250607616, "date": "2017-11-04", "time": "18:45:05", "tweet": "NOW OFFERING 7 Day FREE Trial to  options day trading team Room or $TWTR feed   https://t.co/zZ35b9HDEq $RH $AAPL $NFLX $TSLA $AMZN $GOOGL", "likes_count": 0, "replies_count": 0, "retweets_count": 0, "hashtags": []}
