{"id": 906666581899530241, "date": "2017-09-09", "time": "19:52:12", "tweet": "Updates on stocks from specstocks at SpeculatingStocks pulse. $FB $NFLX $TSLA $ULTA #stocks  https://t.co/VWju4aym4o", "likes_count": 0, "replies_count": 0, "retweets_count": 0, "hashtags": ["stocks"]}
{"id": 906666063076741120, "date": "2017-09-09", "time": "19:50:09", "tweet": "@stockerblog @TechCrunch $TSLA  @TeslaMotors #Tesla Seriously?   You mean this technology has been available all along? And we're just finding out about it now?", "likes_count": 0, "replies_count": 0, "retweets_count": 0, "hashtags": ["tesla"]}
{"id": 906664959420936193, "date": "2017-09-09", "time": "19:45:46", "tweet": "#Tesla flips a switch to increase the range of some cars in Florida to help people evacuate  https://t.co/HGvAjTUISc via @techcrunch $TSLA", "likes_count": 1, "replies_count": 1, "retweets_count": 0, "hashtags": ["tesla"]}
{"id": 906664782786433025, "date": "2017-09-09", "time": "19:45:03", "tweet": "If you are not making money in this market &amp; want consistency, try our team  https://t.co/Bsh5nI9wGc   $SQ $NFLX $AMZN $AMD $TSLA $AAPL $GS", "likes_count": 0, "replies_count": 0, "retweets_count": 0, "hashtags": []}
{"id": 906664560622366720, "date": "2017-09-09", "time": "19:44:10", "tweet": "A list of free stock picks. $TWTR $TSLA $JMBA $EBAY $AMZN #stockpicks #stocks #stockmarket  https://t.co/hoSvyJR1pL", "likes_count": 0, "replies_count": 0, "retweets_count": 0, "hashtags": ["stockpicks", "stocks", "stockmarket"]}
{"id": 906664048850337792, "date": "2017-09-09", "time": "19:42:08", "tweet": "Tesla flips a switch to increase the range of some cars in Florida to help people evacuate – TechCrunch $tsla  https://t.co/JN34YH7fso", "likes_count": 0, "replies_count": 0, "retweets_count": 0, "hashtags": []}
{"id": 906661014711791617, "date": "2017-09-09", "time": "19:30:05", "tweet": "ACTIVE TRADERS Try one of these FREE trading guides:   https://t.co/mbvgc5lcBn  $NFLX $TSLA $AAPL $TWTR $GS $FB $AMZN $GOOGL $NVDA", "likes_count": 0, "replies_count": 0, "retweets_count": 0, "hashtags": []}
{"id": 906658818003632129, "date": "2017-09-09", "time": "19:21:21", "tweet": "A list of free stock picks. $TWTR $TSLA $JMBA $EBAY $AMZN #stockpicks #stocks #stockmarket  https://t.co/3m2vsz0FkT", "likes_count": 0, "replies_count": 0, "retweets_count": 0, "hashtags": ["stockpicks", "stocks", "stockmarket"]}
{"id": 906658706510708741, "date": "2017-09-09", "time": "19:20:55", "tweet": "Evening Most Tweeted Big Caps, check out Gambiste Top 10: $TWTR $AMD $EFX $TSLA $TEVA $MYL $QQQ $KITE $SNAP $KR  https://t.co/py7XyxKJA7", "likes_count": 0, "replies_count": 0, "retweets_count": 0, "hashtags": []}
{"id": 906656282555203584, "date": "2017-09-09", "time": "19:11:17", "tweet": "#Lithium: $SQM 3 year intraday low/ high is up 299%. $ALB: 198% $FMC: 174% #Chile #Atacama #China #EV $TSLA #Tesla   https://t.co/kIBKJI5Hux", "likes_count": 0, "replies_count": 0, "retweets_count": 0, "hashtags": ["lithium", "chile", "atacama", "china", "ev", "tesla"]}
{"id": 906654208220217344, "date": "2017-09-09", "time": "19:03:02", "tweet": "#Tesla $TSLA #HurricaneJose #HurricaneIrma #Florida #KeyWest #Tampa #MelbourneFL #FloridaHurricane #Hurricane #ElonMusk #ModelX #ModelS  https://t.co/rPP39MYrBC", "likes_count": 0, "replies_count": 1, "retweets_count": 0, "hashtags": ["tesla", "hurricanejose", "hurricaneirma", "florida", "keywest", "tampa", "melbournefl", "floridahurricane", "hurricane", "elonmusk", "modelx", "models"]}
{"id": 906653515535327233, "date": "2017-09-09", "time": "19:00:17", "tweet": "Don't miss our next FREE OPTION TRADE.  Sign up for our Daily Free Trades at  https://t.co/wuZUrdf3qa $NVDA $TSLA $GS $C $WFC $GOOGL $FB", "likes_count": 0, "replies_count": 0, "retweets_count": 0, "hashtags": []}
{"id": 906653384895164417, "date": "2017-09-09", "time": "18:59:46", "tweet": "@OptionsMaestro $tsla on the B/O list?  https://t.co/3zcJHqmFsy", "likes_count": 0, "replies_count": 0, "retweets_count": 0, "hashtags": []}
{"id": 906653244956475392, "date": "2017-09-09", "time": "18:59:13", "tweet": "Here's why California is the #electricvehicle capitol of the US, read here:  https://t.co/j3RNdUgl0N $TSLA #TeslaMotors #Tesla #ElonMusk", "likes_count": 16, "replies_count": 0, "retweets_count": 6, "hashtags": ["electricvehicle", "teslamotors", "tesla", "elonmusk"]}
{"id": 906651467347410944, "date": "2017-09-09", "time": "18:52:09", "tweet": "Updates on stocks from specstocks at SpeculatingStocks pulse. $FB $NFLX $TSLA $ULTA #stocks  https://t.co/VWju4aPWVW", "likes_count": 0, "replies_count": 0, "retweets_count": 0, "hashtags": ["stocks"]}
{"id": 906649683296210944, "date": "2017-09-09", "time": "18:45:03", "tweet": "NOW OFFERING 7 Day FREE Trial to  options day trading team Room or $TWTR feed   https://t.co/iogcxShi4z $RH $AAPL $NFLX $TSLA $AMZN $GOOGL", "likes_count": 0, "replies_count": 0, "retweets_count": 0, "hashtags": []}
{"id": 906648711173955585, "date": "2017-09-09", "time": "18:41:12", "tweet": ".@parsimony16 live look at shanghai $TSLA charging station.  https://t.co/GR3c0dis21", "likes_count": 1, "replies_count": 0, "retweets_count": 0, "hashtags": []}
{"id": 906645917851320321, "date": "2017-09-09", "time": "18:30:06", "tweet": "ACTIVE TRADERS Try one of these FREE trading guides:   https://t.co/YkfjiYaZ1P  $NFLX $TSLA $AAPL $IBB $GS $FB $AMZN $GOOGL $NVDA", "likes_count": 0, "replies_count": 0, "retweets_count": 0, "hashtags": []}
{"id": 906645040172294144, "date": "2017-09-09", "time": "18:26:36", "tweet": "Wouldn't it be nice if level 5 autonomy already existed. We could send our cars to Florida to pick people up &amp; charge them nothing $tsla", "likes_count": 0, "replies_count": 0, "retweets_count": 0, "hashtags": []}
{"id": 906642649301389312, "date": "2017-09-09", "time": "18:17:06", "tweet": "Updates on stocks from specstocks at SpeculatingStocks pulse. $FB $NFLX $TSLA $ULTA #stocks  https://t.co/wazLZp5IeX", "likes_count": 0, "replies_count": 0, "retweets_count": 0, "hashtags": ["stocks"]}
