{"id": 822950153992761348, "date": "2017-01-21", "time": "18:33:01", "tweet": "+33,213.27% $HAON $PJET $COBI $UNGS $CRCT $ABVG $INMG $IFAN $NSEH $BRNE  $NFLX $TSLA $BABA $AMZN $C $AAPL $DRYS $SPY $CRTN $BASI $FB $BAC $F  https://t.co/shalPEDsUs", "likes_count": 5, "replies_count": 0, "retweets_count": 3, "hashtags": []}
{"id": 822946964811763714, "date": "2017-01-21", "time": "18:20:20", "tweet": "Tesla’s fatal crash can’t be blamed on software errors $TSLA  https://t.co/YuZnhdCkz5", "likes_count": 0, "replies_count": 0, "retweets_count": 0, "hashtags": []}
{"id": 822945022819569668, "date": "2017-01-21", "time": "18:12:37", "tweet": "Tesla’s fatal crash can’t be blamed on software errors $TSLA  https://t.co/f9rLgrQ2cO", "likes_count": 1, "replies_count": 0, "retweets_count": 0, "hashtags": []}
{"id": 822943269625724929, "date": "2017-01-21", "time": "18:05:39", "tweet": "Tesla’s fatal crash can’t be blamed on software errors $TSLA  https://t.co/6cb0R8i6hF", "likes_count": 0, "replies_count": 0, "retweets_count": 0, "hashtags": []}
{"id": 822941383249969152, "date": "2017-01-21", "time": "17:58:09", "tweet": "$TSLA OI for maturity 01/27/2017. 235.00 Highest put. 247.50 Highest call.  https://t.co/i1GBolLX3B  https://t.co/zCQoCCfBXi", "likes_count": 0, "replies_count": 0, "retweets_count": 0, "hashtags": []}
{"id": 822938786136985600, "date": "2017-01-21", "time": "17:47:50", "tweet": "Tickers mentioned in Saturday's linkfest:  https://t.co/jUFxYxsv2R... $MANU $F $GM $TSLA $AAPL $FB $GOOG $GOOGL $MCD $WEN $BKW $NFLX  https://t.co/2KHxuKgGgU", "likes_count": 0, "replies_count": 0, "retweets_count": 1, "hashtags": []}
{"id": 822938730176483328, "date": "2017-01-21", "time": "17:47:37", "tweet": "$YELP $GWPH $PCLN $NVDA $TSLA Technical Analysis Chart 1/20/2017   https://t.co/DcMCGVCpGm", "likes_count": 0, "replies_count": 0, "retweets_count": 0, "hashtags": []}
{"id": 822938145947865089, "date": "2017-01-21", "time": "17:45:18", "tweet": "#Tesla's Apple Hire Means Trouble ... #lithium #ev #gigafactory #commodities #solar #cleantech #green #energy $tsla  https://t.co/KL3ALk3Gnq", "likes_count": 1, "replies_count": 0, "retweets_count": 1, "hashtags": ["tesla", "lithium", "ev", "gigafactory", "commodities", "solar", "cleantech", "green", "energy"]}
{"id": 822936226646859776, "date": "2017-01-21", "time": "17:37:40", "tweet": "@elonmusk does a fleet of $TSLA Model-X s self arrange into a parade!! or soon enough if not already", "likes_count": 0, "replies_count": 0, "retweets_count": 0, "hashtags": []}
{"id": 822931654092189696, "date": "2017-01-21", "time": "17:19:30", "tweet": "Wall Street still major bankers to Big 3. Can't admit (yet) that $TSLA is next $AAPL - and so much more. @TeslaMotors @elonmusk $SPY  https://t.co/4tcSBhAvdE", "likes_count": 0, "replies_count": 1, "retweets_count": 1, "hashtags": []}
{"id": 822931553848332288, "date": "2017-01-21", "time": "17:19:06", "tweet": "#Investing #Electriccars $AAPL $TSLA   There's a lot of talk these days about how Apple could be building...  https://t.co/9n7FG5E7uW", "likes_count": 0, "replies_count": 1, "retweets_count": 0, "hashtags": ["investing", "electriccars"]}
{"id": 822928374087741440, "date": "2017-01-21", "time": "17:06:28", "tweet": "Saturday links: puppy talk, voice computing &amp; weekend warriors.  https://t.co/jUFxYxsv2R... $UBER $GM $TSLA $NF  https://t.co/ly2Ske5BFc", "likes_count": 0, "replies_count": 0, "retweets_count": 0, "hashtags": []}
{"id": 822927201205100545, "date": "2017-01-21", "time": "17:01:48", "tweet": "NOW OFFERING: 7 Day FREE Trial to our options day trading team ROOM or $TWTR FEED  https://t.co/zZPRJH5xOh $FB $AAPL $NFLX $TSLA $AMZN $GOOGL", "likes_count": 1, "replies_count": 0, "retweets_count": 3, "hashtags": []}
{"id": 822925609554821121, "date": "2017-01-21", "time": "16:55:29", "tweet": "Tickers mentioned in Saturday's linkfest:  https://t.co/jUFxYxsv2R... $MANU $F $GM $TSLA $AAPL $FB $GOOG $GOOGL  https://t.co/S2m10srvZ1", "likes_count": 0, "replies_count": 1, "retweets_count": 1, "hashtags": []}
{"id": 822925246864900097, "date": "2017-01-21", "time": "16:54:02", "tweet": "#Mars Missions Could Accelerate Under #Trump Administration  https://t.co/gIWJQ8ps3z #ElonMusk $tsla #spacerace #SpaceX #mars2017  https://t.co/6G1V7FevO0", "likes_count": 1, "replies_count": 0, "retweets_count": 1, "hashtags": ["mars", "trump", "elonmusk", "spacerace", "spacex", "mars2017"]}
{"id": 822923367175061508, "date": "2017-01-21", "time": "16:46:34", "tweet": "Survey compares #Tesla owners, how different are Model S and Model X buyers? Read here:  https://t.co/w8tXdHPPTo $tsla #teslamotors #elonmusk", "likes_count": 7, "replies_count": 0, "retweets_count": 5, "hashtags": ["tesla", "teslamotors", "elonmusk"]}
{"id": 822922633847205893, "date": "2017-01-21", "time": "16:43:39", "tweet": "$tsla  https://t.co/wczVt12lNg", "likes_count": 3, "replies_count": 0, "retweets_count": 0, "hashtags": []}
{"id": 822920502343794690, "date": "2017-01-21", "time": "16:35:11", "tweet": "#Tesla: Has Short Interest Peaked? ... #lithium #energy #commodities #cleantech #climate #tech #solar $tsla  https://t.co/eyMH8AA8FM", "likes_count": 4, "replies_count": 0, "retweets_count": 3, "hashtags": ["tesla", "lithium", "energy", "commodities", "cleantech", "climate", "tech", "solar"]}
{"id": 822916704380522496, "date": "2017-01-21", "time": "16:20:06", "tweet": "Tesla could be in better shape during the Trump presidency than it was under the Obama administration.  https://t.co/6x3w5lzhxT $TSLA", "likes_count": 2, "replies_count": 0, "retweets_count": 0, "hashtags": []}
{"id": 822915497754787845, "date": "2017-01-21", "time": "16:15:18", "tweet": "30 people in $TSLA store near me, most I've seen (zoom in). $SPX $SPY  https://t.co/8XjXaxfLr0", "likes_count": 0, "replies_count": 0, "retweets_count": 0, "hashtags": []}
{"id": 822911659014549506, "date": "2017-01-21", "time": "16:00:03", "tweet": "What I Wish Someone Would Have Told Me Before I Started Trading  https://t.co/gV6lc6tfkc  $FB $TSLA $AAPL $TWTR", "likes_count": 0, "replies_count": 0, "retweets_count": 1, "hashtags": []}
{"id": 822908759903260677, "date": "2017-01-21", "time": "15:48:31", "tweet": "Is SolarCity's Buffalo Solar Plant a Failure? Tesla Thinks So @themotleyfool #stocks $TSLA, $SCTY  https://t.co/aaTenoI41k", "likes_count": 0, "replies_count": 0, "retweets_count": 0, "hashtags": ["stocks"]}
{"id": 822907394384482304, "date": "2017-01-21", "time": "15:43:06", "tweet": "Why #Tesla ’s recent stock rally has caught Wall Street completely off guard  https://t.co/qyFgM3M74j via @clusterstock $TSLA", "likes_count": 0, "replies_count": 0, "retweets_count": 0, "hashtags": ["tesla"]}
{"id": 822904965698088960, "date": "2017-01-21", "time": "15:33:27", "tweet": "abnormalreturns: Tickers mentioned in Saturday's linkfest:  https://t.co/Vl9LEeBtsV $MANU $F $GM $TSLA $AAPL $FB $…  https://t.co/JwEzUFp0NP", "likes_count": 0, "replies_count": 0, "retweets_count": 0, "hashtags": []}
{"id": 822904900837314561, "date": "2017-01-21", "time": "15:33:11", "tweet": "Tickers mentioned in Saturday's linkfest:  https://t.co/yt1vd4cCSJ $MANU $F $GM $TSLA $AAPL $FB $GOOG $GOOGL $MCD $WEN $BKW $NFLX  https://t.co/vEsO0ZesMt", "likes_count": 2, "replies_count": 0, "retweets_count": 3, "hashtags": []}
{"id": 822899486485860352, "date": "2017-01-21", "time": "15:11:40", "tweet": "After long hiatus, back in $DDD. Chart setup looks good here. #3Dprinting $TSLA $SPY", "likes_count": 3, "replies_count": 0, "retweets_count": 1, "hashtags": ["3dprinting"]}
{"id": 822896850445340672, "date": "2017-01-21", "time": "15:01:12", "tweet": "#Musk billionairism finally paying off - $TSLA  Mars Missions Could Accelerate Under Trump Administration  https://t.co/eOxRIV9tOq", "likes_count": 2, "replies_count": 0, "retweets_count": 0, "hashtags": ["musk"]}
{"id": 822892879714586624, "date": "2017-01-21", "time": "14:45:25", "tweet": "#Tesla Throttling The Performance Of Its #Cars? ,,, #lithium #ev #commodities $tsla #solar #cleantech #tech #energy  https://t.co/gJRWI6lag1", "likes_count": 2, "replies_count": 0, "retweets_count": 2, "hashtags": ["tesla", "cars", "lithium", "ev", "commodities", "solar", "cleantech", "tech", "energy"]}
{"id": 822892755336597504, "date": "2017-01-21", "time": "14:44:56", "tweet": "@autonews_west Because they All take shortcuts, while paid like Kings from the CSuite to the Factory Floor. $TSLA @elonmusk Not so much ⚡️⚡️  https://t.co/1DL1VBbELO", "likes_count": 0, "replies_count": 0, "retweets_count": 0, "hashtags": []}
{"id": 822890691181285377, "date": "2017-01-21", "time": "14:36:44", "tweet": "Top Stock searches on message boards and Twitter: $USO $AAPL $SPY $FB $TSLA (02:36 pm) #stocks #finance #stockmarket #StockPicks", "likes_count": 1, "replies_count": 0, "retweets_count": 0, "hashtags": ["stocks", "finance", "stockmarket", "stockpicks"]}
{"id": 822889126189887488, "date": "2017-01-21", "time": "14:30:30", "tweet": "$TSLA Max Pain = 242.50. Maturity = 01/27/2017. Previous close = 244.73.   https://t.co/evuYXBVFXX  https://t.co/G0rkd5Wtmk", "likes_count": 0, "replies_count": 0, "retweets_count": 0, "hashtags": []}
{"id": 822886242610200576, "date": "2017-01-21", "time": "14:19:03", "tweet": "So Im going to MAKE YOU $ on $BIDU $NVDA $TSLA $GOOGL I will use a strategy to make $$ weekly. Join my private feed  https://t.co/7v0kxwupUJ", "likes_count": 0, "replies_count": 0, "retweets_count": 0, "hashtags": []}
{"id": 822884323724587013, "date": "2017-01-21", "time": "14:11:25", "tweet": "3 Top Driverless Car Stocks to Buy Now @themotleyfool #stocks $GOOGL, $NVDA, $BIDU, $TSLA, $GOOG  https://t.co/jwxh82fUU5", "likes_count": 0, "replies_count": 0, "retweets_count": 0, "hashtags": ["stocks"]}
{"id": 822874050926178304, "date": "2017-01-21", "time": "13:30:36", "tweet": "#Tesla's #Lithium Supply ... $tsla #li #commodities #cleantech #energy $lit $alb #pureenergy $pemif $lacdf #musk  https://t.co/FMxr6P68nl", "likes_count": 2, "replies_count": 0, "retweets_count": 2, "hashtags": ["tesla", "lithium", "li", "commodities", "cleantech", "energy", "pureenergy", "musk"]}
{"id": 822872702813949952, "date": "2017-01-21", "time": "13:25:15", "tweet": "The #Tesla #Gigafactory Handout Kills Another Cost-Saving Thesis... $tsla #lithium $lit #stocks #commodities #energy  https://t.co/nCNz0vOz8e", "likes_count": 3, "replies_count": 0, "retweets_count": 2, "hashtags": ["tesla", "gigafactory", "lithium", "stocks", "commodities", "energy"]}
{"id": 822866031790145536, "date": "2017-01-21", "time": "12:58:44", "tweet": "Where was the $TSLA BUY POINT, no ifs ands or buts, no gray areas, black and white, POINT AND FIGURE chartists ALL AGREE exactly at $200 !!  https://t.co/Rew7KjbfC2", "likes_count": 2, "replies_count": 0, "retweets_count": 0, "hashtags": []}
{"id": 822862747360575488, "date": "2017-01-21", "time": "12:45:41", "tweet": "Who the hell is Trip Chowdhry? $tsla  https://t.co/TWF2tXVGrN", "likes_count": 1, "replies_count": 1, "retweets_count": 0, "hashtags": []}
{"id": 822861458040045570, "date": "2017-01-21", "time": "12:40:34", "tweet": "$TSLA We trade the wedge similar to the symmetrical triangle pattern.  https://t.co/xZnw063uNl. TSLA made nearly 20% move from breakout", "likes_count": 0, "replies_count": 0, "retweets_count": 0, "hashtags": []}
{"id": 822860698124480512, "date": "2017-01-21", "time": "12:37:33", "tweet": "$TSLA Great move out of a large descending wedge pattern we featured last month. Similar pattern to the symmetrical triangle.", "likes_count": 2, "replies_count": 0, "retweets_count": 0, "hashtags": []}
{"id": 822847840875610112, "date": "2017-01-21", "time": "11:46:27", "tweet": "$TSLA Max Pain is 242.50 for maturity 01/27/2017. Prev Close = 244.73.   https://t.co/evuYXCdhmx  https://t.co/X40zmGG0GT", "likes_count": 0, "replies_count": 0, "retweets_count": 0, "hashtags": []}
{"id": 822847743118872576, "date": "2017-01-21", "time": "11:46:04", "tweet": "Why Tesla’s $TSLA recent stock rally has caught Wall Street completely off guard  https://t.co/MqZ9uqzX4L via @clusterstock", "likes_count": 1, "replies_count": 0, "retweets_count": 0, "hashtags": []}
{"id": 822847096403492867, "date": "2017-01-21", "time": "11:43:30", "tweet": "$TSLA - Monday open is s/t key. Any material gap-down will leave an island reversal. We'd fill gap under 240, maybe see 8 day again", "likes_count": 1, "replies_count": 0, "retweets_count": 0, "hashtags": []}
{"id": 822846024511262720, "date": "2017-01-21", "time": "11:39:14", "tweet": "this pattern usually works very well.  $AMZN $TSLA $NVDA $BABA $IWM.  Trump is going to put on a good show next week.  https://t.co/4ENTFsBWJC", "likes_count": 0, "replies_count": 0, "retweets_count": 0, "hashtags": []}
{"id": 822844464431558657, "date": "2017-01-21", "time": "11:33:02", "tweet": "Republicans can sigh a sigh of relief: first financial fiasco will start with a T for  $TSLA, not an S for Solyndra or SolarCity #progress.  https://t.co/4yckq2eyrb", "likes_count": 0, "replies_count": 0, "retweets_count": 0, "hashtags": ["progress"]}
{"id": 822842743659622401, "date": "2017-01-21", "time": "11:26:12", "tweet": "Tesla’s Autopilot vindicated in probe that instead finds it cut crashes by 40% $TSLA  https://t.co/e4N9BboWw5", "likes_count": 0, "replies_count": 0, "retweets_count": 0, "hashtags": []}
{"id": 822833463900459009, "date": "2017-01-21", "time": "10:49:19", "tweet": "Don't miss our next FREE OPTION TRADE.  Sign up for our Daily Free Trades at  https://t.co/78FVQDKYyw  $NVDA $TSLA $GS $NFLX $AMZN $GOOGL $FB", "likes_count": 0, "replies_count": 0, "retweets_count": 2, "hashtags": []}
{"id": 822829433803460608, "date": "2017-01-21", "time": "10:33:19", "tweet": "Prudential Financial Inc. Has $1,512,000 Position in Tesla Motors Inc. $TSLA  https://t.co/an14O6ZQVV", "likes_count": 0, "replies_count": 0, "retweets_count": 0, "hashtags": []}
{"id": 822828561816059904, "date": "2017-01-21", "time": "10:29:51", "tweet": "Prudential Financial Inc. Has $1,512,000 Position in Tesla Motors Inc. $TSLA  https://t.co/Tb6YBt8On0", "likes_count": 0, "replies_count": 0, "retweets_count": 0, "hashtags": []}
{"id": 822825309116383232, "date": "2017-01-21", "time": "10:16:55", "tweet": " https://t.co/z02yCaBY0T &lt;-- Tim Sykes made a nice win on $GENE check it out! #stocks #trading @rjb_trading $TRIL $TSLA", "likes_count": 0, "replies_count": 0, "retweets_count": 0, "hashtags": ["stocks", "trading"]}
{"id": 822821388016828416, "date": "2017-01-21", "time": "10:01:20", "tweet": "VIDEO: $YELP $GWPH $PCLN $NVDA $TSLA Technical Analysis 1/20/2016  https://t.co/WbIylfo9lu #DayTrading #StockMarket #StockTrading #Stocks", "likes_count": 1, "replies_count": 0, "retweets_count": 0, "hashtags": ["daytrading", "stockmarket", "stocktrading", "stocks"]}
{"id": 822819039508627456, "date": "2017-01-21", "time": "09:52:00", "tweet": "Merkel vows compromise with U.S. on trade, military spending $TSLA  https://t.co/S6DviHMrfm  https://t.co/0H0HdMtysV  https://t.co/09eMbpKGgX", "likes_count": 0, "replies_count": 0, "retweets_count": 0, "hashtags": []}
{"id": 822813669746675712, "date": "2017-01-21", "time": "09:30:40", "tweet": "Tesla Motors Inc. $TSLA Stock Rating Reaffirmed by JPMorgan Chase &amp; Co.  https://t.co/LXHyEprUGR", "likes_count": 0, "replies_count": 0, "retweets_count": 0, "hashtags": []}
{"id": 822812983822663681, "date": "2017-01-21", "time": "09:27:57", "tweet": "$TSLA @elonmusk @OphirGottlieb @howardlindzon So, you're saying I've got a chance? To Survive the Drive? Good on Ya Elon.  https://t.co/yJFVd5Fe6B", "likes_count": 1, "replies_count": 1, "retweets_count": 2, "hashtags": []}
{"id": 822808658782392322, "date": "2017-01-21", "time": "09:10:45", "tweet": "New $tsla chart up at  https://t.co/WztKs4VE9u #profits #stocks #swingtrading here was the last chart  https://t.co/cy1ugDBSNq", "likes_count": 0, "replies_count": 0, "retweets_count": 0, "hashtags": ["profits", "stocks", "swingtrading"]}
{"id": 822807776602755072, "date": "2017-01-21", "time": "09:07:15", "tweet": "Tesla Motors Inc. $TSLA Receives Underweight Rating from JPMorgan Chase &amp; Co.  https://t.co/v96YlYBpi0", "likes_count": 0, "replies_count": 0, "retweets_count": 0, "hashtags": []}
{"id": 822806501337206786, "date": "2017-01-21", "time": "09:02:11", "tweet": "Tesla Motors Inc. $TSLA Receives Underweight Rating from JPMorgan Chase &amp; Co.  https://t.co/4onT67diu4", "likes_count": 0, "replies_count": 0, "retweets_count": 0, "hashtags": []}
{"id": 822803430435680256, "date": "2017-01-21", "time": "08:49:59", "tweet": "Tesla Motors Inc. $TSLA Stock Rating Reaffirmed by JPMorgan Chase &amp; Co.  https://t.co/cFO5dR1nhJ", "likes_count": 0, "replies_count": 0, "retweets_count": 0, "hashtags": []}
{"id": 822802413119799296, "date": "2017-01-21", "time": "08:45:56", "tweet": "Tesla Motors Inc. $TSLA Stock Rating Reaffirmed by JPMorgan Chase &amp; Co.  https://t.co/oZEn6jRtP2", "likes_count": 0, "replies_count": 0, "retweets_count": 0, "hashtags": []}
{"id": 822801277482663936, "date": "2017-01-21", "time": "08:41:26", "tweet": "Tesla Motors Inc. $TSLA Given “Underweight” Rating at JPMorgan Chase &amp; Co.  https://t.co/KIb5hqjcKy", "likes_count": 0, "replies_count": 0, "retweets_count": 0, "hashtags": []}
{"id": 822800682155737091, "date": "2017-01-21", "time": "08:39:04", "tweet": "Trump And Stocks: The Week In Review @theflynews $TSLA $TDG $GM $BAYRY $WMT Also $AAPL $GOOG $GOOGL $VRX  https://t.co/byDku4epKS", "likes_count": 1, "replies_count": 0, "retweets_count": 0, "hashtags": []}
{"id": 822798656130732035, "date": "2017-01-21", "time": "08:31:01", "tweet": "Free trading reports that I like -   https://t.co/K0hsHzYRIP $SPY $QQQ $DIA $VIX $UVXY $VXX $GLD $NUGT $JNUG $FB $AAPL $TSLA", "likes_count": 1, "replies_count": 0, "retweets_count": 2, "hashtags": []}
{"id": 822796420927410176, "date": "2017-01-21", "time": "08:22:08", "tweet": "Tesla Motors's underweight rating reiterated at JPMorgan Chase  &amp; Co..  https://t.co/UWdma1A08o $TSLA #TSLA", "likes_count": 0, "replies_count": 0, "retweets_count": 0, "hashtags": ["tsla"]}
{"id": 822795642485506048, "date": "2017-01-21", "time": "08:19:02", "tweet": "The Elon Musk GigaFactory according to Warren Bennis. $TSLA  https://t.co/E4UCmOwFMP", "likes_count": 3, "replies_count": 0, "retweets_count": 1, "hashtags": []}
{"id": 822795519311417344, "date": "2017-01-21", "time": "08:18:33", "tweet": "Could you put a #Tesla Supercharger in your own garage? Watch this:  https://t.co/qVbJIIwhz8 $tsla #teslamotors #teslamodels #teslamodelx #EV", "likes_count": 8, "replies_count": 1, "retweets_count": 4, "hashtags": ["tesla", "teslamotors", "teslamodels", "teslamodelx", "ev"]}
{"id": 822792257476685824, "date": "2017-01-21", "time": "08:05:35", "tweet": "Hi! I'm #Lithium &amp; I'm kind of a big deal.  https://t.co/pDn5B7970B $lit $tsla #solar #4ir #renewables #smartgrid #ev  https://t.co/3ckfr5oqy0", "likes_count": 2, "replies_count": 0, "retweets_count": 2, "hashtags": ["lithium", "solar", "4ir", "renewables", "smartgrid", "ev"]}
{"id": 822792177017307136, "date": "2017-01-21", "time": "08:05:16", "tweet": "What's #Tesla charging for supercharging? - Tesla Motors (#NASDAQ: $TSLA)  https://t.co/LcpRF55ifW #ev #lithium #energy #commodities $lit #li", "likes_count": 1, "replies_count": 0, "retweets_count": 1, "hashtags": ["tesla", "nasdaq", "ev", "lithium", "energy", "commodities", "li"]}
{"id": 822790841634689025, "date": "2017-01-21", "time": "07:59:58", "tweet": "Learn to Read SEC Filings DVD:  https://t.co/vtmxVzFqvj This DVD is pure gold!  $SLV $TWTR $Spy $GOOGL $IBB $TSLA $PCLN $CELG $LNKD", "likes_count": 0, "replies_count": 0, "retweets_count": 0, "hashtags": []}
{"id": 822779397761417216, "date": "2017-01-21", "time": "07:14:29", "tweet": "Commented on Tesla: Competition Set To Arrive - An Example  https://t.co/nkE4l6zTkD $MGA $TTM $TSLA", "likes_count": 0, "replies_count": 0, "retweets_count": 0, "hashtags": []}
{"id": 822777873912176640, "date": "2017-01-21", "time": "07:08:26", "tweet": "Important earnings dates for you $AMZN $GOOG $TWTR $SBUX $BA $GOOGL $MSFT $MA $TSLA $FB $AAPL $YHOO  https://t.co/kl4t0dr2gd", "likes_count": 1, "replies_count": 0, "retweets_count": 1, "hashtags": []}
{"id": 822767086996832256, "date": "2017-01-21", "time": "06:25:34", "tweet": "$TSLA maturity 01/27/2017 Vol PutCallRatio of 1.14 puts=8,682 calls=7,599 .  https://t.co/sRZpofU6zN  https://t.co/Nll0ZbQZpx", "likes_count": 0, "replies_count": 0, "retweets_count": 0, "hashtags": []}
{"id": 822758058409476098, "date": "2017-01-21", "time": "05:49:41", "tweet": "@BertelSchmitt Also, I'm willing to bet Nissan has a 350+mi range LEAF by the time $TSLA finishes all those fake reservation numbers.", "likes_count": 1, "replies_count": 0, "retweets_count": 0, "hashtags": []}
{"id": 822757521245016064, "date": "2017-01-21", "time": "05:47:33", "tweet": ".@BertelSchmitt only way to increase mileage is bigger battery pack size/capacity and/or neuter performance but $TSLA would *NEVER* do that!", "likes_count": 1, "replies_count": 0, "retweets_count": 0, "hashtags": []}
{"id": 822731767782277121, "date": "2017-01-21", "time": "04:05:13", "tweet": "#Tesla hires #Apple engineer - Tesla #Motors (#NASDAQ: $TSLA)  https://t.co/W151myHInI #lithium #metals #energy #mining #commodities $aapl", "likes_count": 0, "replies_count": 0, "retweets_count": 0, "hashtags": ["tesla", "apple", "motors", "nasdaq", "lithium", "metals", "energy", "mining", "commodities"]}
{"id": 822719360573677569, "date": "2017-01-21", "time": "03:15:55", "tweet": " https://t.co/yCsup2RbEP  *Review* Easy low cost trading alerts service for new and experienced traders! $fb $twtr $tsla", "likes_count": 0, "replies_count": 0, "retweets_count": 0, "hashtags": []}
{"id": 822713489164640256, "date": "2017-01-21", "time": "02:52:35", "tweet": "A collection of testimonials from satisfied super_trades subscribers!  https://t.co/GYAODAUlJI $TSLA $LULU $BITA $TWTR", "likes_count": 0, "replies_count": 0, "retweets_count": 0, "hashtags": []}
{"id": 822711078622785536, "date": "2017-01-21", "time": "02:43:01", "tweet": "Tesla’s second generation Autopilot could reduce crash rate by 90%, says CEO Elon Musk  https://t.co/ORb8knLuMM #tesla $tsla #elonmusk", "likes_count": 0, "replies_count": 0, "retweets_count": 0, "hashtags": ["tesla", "elonmusk"]}
{"id": 822710087567507456, "date": "2017-01-21", "time": "02:39:04", "tweet": "Trump And Stocks: The Week In Review @theflynews $TSLA $TDG $GM $BAYRY $WMT Also $AAPL $GOOG $GOOGL $VRX  https://t.co/k1WpgXezQB", "likes_count": 1, "replies_count": 0, "retweets_count": 1, "hashtags": []}
{"id": 822709171627892736, "date": "2017-01-21", "time": "02:35:26", "tweet": "Tesla Motors: ‘The Competition is Totally Toast’ $TSLA  https://t.co/S6DviHMrfm  https://t.co/qXNDWUZkAn", "likes_count": 0, "replies_count": 0, "retweets_count": 0, "hashtags": []}
{"id": 822709106335064064, "date": "2017-01-21", "time": "02:35:10", "tweet": "$TSLA Motors: 'The Competition is Totally Toast'  https://t.co/KJsvUHPu6z via @Barrons", "likes_count": 0, "replies_count": 2, "retweets_count": 1, "hashtags": []}
{"id": 822701014046441472, "date": "2017-01-21", "time": "02:03:01", "tweet": "$TSLA [stc] FEB17 $220 Cs @ 26.55 | Closed 1/2 [+66.98%]", "likes_count": 6, "replies_count": 0, "retweets_count": 24, "hashtags": []}
