{"id": 942179059869425666, "date": "2017-12-16", "time": "18:46:07", "tweet": "#Bitcoin #Litecoin BTC to 50k in 2018, LTC to 10k in 2018 as well.  BETTER GET IT NOW!!! $spy $amzn $fb $goog $tsla $c $cost $bac $nflx", "likes_count": 1, "replies_count": 0, "retweets_count": 0, "hashtags": ["bitcoin", "litecoin"]}
{"id": 942178793799680001, "date": "2017-12-16", "time": "18:45:03", "tweet": "NOW OFFERING 7 Day FREE Trial to  options day trading team Room or $TWTR feed   https://t.co/WnR3u2fvdM $RH $AAPL $NFLX $TSLA $AMZN $GOOGL", "likes_count": 0, "replies_count": 0, "retweets_count": 0, "hashtags": []}
{"id": 942178579382595584, "date": "2017-12-16", "time": "18:44:12", "tweet": "Another successful trade for our VIP Members. If you want consistency and profitable trades, try our team 👇  https://t.co/Uo7Db1S9DT        $DIS $TWTR $FB $NFLX $AMZN $NVDA $TSLA $AAPL $GS $SPX $SPY  https://t.co/UNmKDjEW7p", "likes_count": 9, "replies_count": 0, "retweets_count": 1, "hashtags": []}
{"id": 942178548235698176, "date": "2017-12-16", "time": "18:44:05", "tweet": "Updates on stocks from specstocks at SpeculatingStocks pulse. $FB $NFLX $TSLA $ULTA #stocks  https://t.co/wazLZp5IeX", "likes_count": 0, "replies_count": 0, "retweets_count": 0, "hashtags": ["stocks"]}
{"id": 942177870629294080, "date": "2017-12-16", "time": "18:41:23", "tweet": "$TSLA  https://t.co/Mgw5VUA6nE", "likes_count": 0, "replies_count": 0, "retweets_count": 0, "hashtags": []}
{"id": 942176072405307392, "date": "2017-12-16", "time": "18:34:15", "tweet": "Rumor is that  HUGE $TSLA news is going to drop today.  Adam Jonas is currently trying to build a case for Musk.  THIS IS COORDINATED.  If Musk merges $TSLA and SpaceX WE MUST TAKE TO THE STREETS IN PROTEST.", "likes_count": 0, "replies_count": 1, "retweets_count": 0, "hashtags": []}
{"id": 942176041673531392, "date": "2017-12-16", "time": "18:34:07", "tweet": "A collection of testimonials from satisfied super_trades subscribers!  https://t.co/GYAODAUlJI $TSLA $LULU $BITA $TWTR", "likes_count": 0, "replies_count": 0, "retweets_count": 0, "hashtags": []}
{"id": 942175535144296448, "date": "2017-12-16", "time": "18:32:07", "tweet": "I think this week will be a good time to start playing run up into earnings. Start small positions and slowly add. $googl $amzn $nflx $tsla $amat $nvda $aapl $baba $fb $cat $pypl $ba $roku $ostk. No reason to short so much more potential. Charts look good to for the most part.", "likes_count": 6, "replies_count": 0, "retweets_count": 0, "hashtags": []}
{"id": 942175041327857664, "date": "2017-12-16", "time": "18:30:09", "tweet": "ACTIVE TRADERS Try one of these FREE trading guides:   https://t.co/S56tvVzyRm  $NFLX $TSLA $AAPL $IBB $GS $FB $AMZN $GOOGL $NVDA", "likes_count": 0, "replies_count": 0, "retweets_count": 0, "hashtags": []}
{"id": 942172505539858432, "date": "2017-12-16", "time": "18:20:04", "tweet": "Evening Most Tweeted Big Caps, check out Gambiste Top 10: $NEM $CSX $LULU $HST $GRMN $PRGO $CBOE $MU $NVDA $TSLA  https://t.co/MuFMWlifZJ", "likes_count": 0, "replies_count": 0, "retweets_count": 0, "hashtags": []}
{"id": 942171245952499712, "date": "2017-12-16", "time": "18:15:04", "tweet": "If you are not making money in this market &amp; want consistency, try our team  https://t.co/RUtsUBORmo   $FB $NFLX $AMZN $SPX $TSLA $AAPL $GS", "likes_count": 0, "replies_count": 0, "retweets_count": 0, "hashtags": []}
{"id": 942167600225816576, "date": "2017-12-16", "time": "18:00:35", "tweet": "Don't miss our next FREE OPTION TRADE.  Sign up for our Daily Free Trades at  https://t.co/Dp3jNqWjs9 $NVDA $TSLA $GS $GILD $BIIB $GOOGL $FB", "likes_count": 0, "replies_count": 0, "retweets_count": 0, "hashtags": []}
{"id": 942165694027911168, "date": "2017-12-16", "time": "17:53:00", "tweet": "(Video) Tesla Model 3 Parking Lot Fremont factory 12/16/2017  https://t.co/0Ra1CWCCDs #model3 #ramp #tesla $tsla @elonmusk @tesla", "likes_count": 0, "replies_count": 0, "retweets_count": 0, "hashtags": ["model3", "ramp", "tesla"]}
{"id": 942162314253316097, "date": "2017-12-16", "time": "17:39:34", "tweet": "$tsla @thomaspan   https://t.co/BevDCFv77p", "likes_count": 1, "replies_count": 0, "retweets_count": 2, "hashtags": []}
{"id": 942161630871347200, "date": "2017-12-16", "time": "17:36:51", "tweet": "Clean Energy Is Upending Today's Energy Industry @themotleyfool #stocks $GE, $SPWR, $TSLA, $VSLR, $RUN  https://t.co/eNNKS40ioV", "likes_count": 1, "replies_count": 0, "retweets_count": 0, "hashtags": ["stocks"]}
{"id": 942161271331237888, "date": "2017-12-16", "time": "17:35:26", "tweet": "The #Tesla federal tax credit stays in the tax plan as well. $7500 credit for buying a #model3 One decent thing they kept. $tsla", "likes_count": 41, "replies_count": 12, "retweets_count": 13, "hashtags": ["tesla", "model3"]}
{"id": 942160420319715329, "date": "2017-12-16", "time": "17:32:03", "tweet": "GET STARTED! TALK STOCKS IN OUR INFORMATION DRIVEN CHAT ROOM AT  https://t.co/35LuLR0k4f $SQ $TSLA $LMFA", "likes_count": 0, "replies_count": 0, "retweets_count": 1, "hashtags": []}
{"id": 942160280284360705, "date": "2017-12-16", "time": "17:31:29", "tweet": "Betting against #solar and electric cars is a mistake. #timestamp that one.  #tesla will dominate $tsla", "likes_count": 25, "replies_count": 3, "retweets_count": 2, "hashtags": ["solar", "timestamp", "tesla"]}
{"id": 942159946916954112, "date": "2017-12-16", "time": "17:30:10", "tweet": "ACTIVE TRADERS Try one of these FREE trading guides:   https://t.co/YkrzZPoZ8Q  $NFLX $TSLA $AAPL $JWN $GS $FB $AMZN $GOOGL $NVDA", "likes_count": 0, "replies_count": 0, "retweets_count": 1, "hashtags": []}
{"id": 942157119708545024, "date": "2017-12-16", "time": "17:18:56", "tweet": "I'm penning a multi-part series on $TSLA's business model. I'm starting at 10,000 feet and drilling down from there. The good, the bad, and the ugly. Part 1 coming by tomorrow. Stay tuned.", "likes_count": 7, "replies_count": 3, "retweets_count": 0, "hashtags": []}
{"id": 942156152816721921, "date": "2017-12-16", "time": "17:15:05", "tweet": "NOW OFFERING 7 Day FREE Trial to  options day trading team Room or $TWTR feed   https://t.co/vW6EFbkFBo $FB $AAPL $NFLX $TSLA $AMZN $GOOGL", "likes_count": 0, "replies_count": 0, "retweets_count": 0, "hashtags": []}
{"id": 942152440773775360, "date": "2017-12-16", "time": "17:00:20", "tweet": "Don't miss our next FREE OPTION TRADE.  Sign up for our Daily Free Trades at  https://t.co/NiR5Xe1ZDa $NVDA $TSLA $GS $REGN $BAC $GOOGL $FB", "likes_count": 0, "replies_count": 0, "retweets_count": 0, "hashtags": []}
{"id": 942152028876292096, "date": "2017-12-16", "time": "16:58:42", "tweet": "When you're the king of the hill, there's always somebody gunning for you. Watch Out #NVIDIA, #Tesla's Working on a Custom #AI Chip @themotleyfool #stocks #GPU $AAPL, $GOOGL, $INTC, $TSLA, $AMD, $NVDA, $GOOG  https://t.co/T1xtSShahM", "likes_count": 0, "replies_count": 0, "retweets_count": 3, "hashtags": ["nvidia", "tesla", "ai", "stocks", "gpu"]}
{"id": 942148587001139201, "date": "2017-12-16", "time": "16:45:02", "tweet": ".@Tesla closes its biggest semi truck pre-order to date and the purchaser is a soft-drinks giant $TSLA  #technology #transportation @elonmusk @pepsi  https://t.co/bVUI505EBQ  https://t.co/yVnklRupFm", "likes_count": 0, "replies_count": 0, "retweets_count": 0, "hashtags": ["technology", "transportation"]}
{"id": 942144865890177024, "date": "2017-12-16", "time": "16:30:14", "tweet": "ACTIVE TRADERS Try one of these FREE trading guides:   https://t.co/Qd3Zehly0C  $NFLX $TSLA $AAPL $BIDU $GS $FB $AMZN $GOOGL $NVDA", "likes_count": 0, "replies_count": 0, "retweets_count": 0, "hashtags": []}
{"id": 942142257146114048, "date": "2017-12-16", "time": "16:19:52", "tweet": "I've had $TSLA on my watch since weekly 5MA close near 313 aligned but never played this one. now over 5/10/20 on weekly and about to golden cross 5/100MA on daily. closed at HOD = super bullish. could still complete full gap here over 355 IMO but more risk now.  https://t.co/nQV9XaqoFl", "likes_count": 5, "replies_count": 1, "retweets_count": 1, "hashtags": []}
{"id": 942139477862113285, "date": "2017-12-16", "time": "16:08:50", "tweet": "Have stated this before, but it bares repeating.   $OSTK since 9/27/17 #MonsterGapScreen showing is what $TSLA was from it's 4/1/13 #MonsterGapScreen showing.  The recent trip to the 10wk line for OSTK lines up with the precedent of TSLA dipping to the 10wk line 7/19/13.", "likes_count": 18, "replies_count": 2, "retweets_count": 2, "hashtags": ["monstergapscreen", "monstergapscreen"]}
{"id": 942138066914996224, "date": "2017-12-16", "time": "16:03:13", "tweet": "Here's why #ElonMusk is such a tech titan, read here:  https://t.co/fRAhAYTmYv $TSLA #TeslaMotors #Tesla #ElectricVehicle #SpaceX", "likes_count": 10, "replies_count": 0, "retweets_count": 2, "hashtags": ["elonmusk", "teslamotors", "tesla", "electricvehicle", "spacex"]}
{"id": 942137806247288832, "date": "2017-12-16", "time": "16:02:11", "tweet": "$TSLA had a strong week - watch for continuation but may consolidate at this level #weekendupdate  https://t.co/08OOajOjnf", "likes_count": 0, "replies_count": 0, "retweets_count": 0, "hashtags": ["weekendupdate"]}
{"id": 942137490810564615, "date": "2017-12-16", "time": "16:00:56", "tweet": "Tesla is the 3rd most shorted stock on the American Stock Exchange. $TSLA", "likes_count": 0, "replies_count": 0, "retweets_count": 0, "hashtags": []}
{"id": 942137407616503813, "date": "2017-12-16", "time": "16:00:36", "tweet": "Don't miss our next FREE OPTION TRADE.  Sign up for our Daily Free Trades at  https://t.co/EBqUvGMZ67 $NVDA $TSLA $GS $GILD $MU $GOOGL $FB", "likes_count": 0, "replies_count": 0, "retweets_count": 0, "hashtags": []}
{"id": 942136801359204352, "date": "2017-12-16", "time": "15:58:12", "tweet": "@ValueMule But $TSLA and $NFLX are great deep value plays according to this fine sir", "likes_count": 0, "replies_count": 0, "retweets_count": 0, "hashtags": []}
{"id": 942135386549211136, "date": "2017-12-16", "time": "15:52:34", "tweet": "Guys, I just figured out the next leg of the $TSLA story.  https://t.co/c2XYRgqvLE", "likes_count": 4, "replies_count": 0, "retweets_count": 0, "hashtags": []}
{"id": 942133496830599168, "date": "2017-12-16", "time": "15:45:04", "tweet": "NOW OFFERING 7 Day FREE Trial to  options day trading team Room or $TWTR feed   https://t.co/eXO4KvruKy $CELG $AAPL $NFLX $TSLA $AMZN $GOOGL", "likes_count": 0, "replies_count": 0, "retweets_count": 0, "hashtags": []}
{"id": 942132770289184769, "date": "2017-12-16", "time": "15:42:11", "tweet": "new TLDR 😁! make sure to tune into our tech news recap:  https://t.co/8XiEswvPLh #Bitcoin18K #AppleBuysShazam #TargetBuysShipt #DigitalAsset #ASX #Ethereum #Model3Ramp $APPL $TSLA $TGT", "likes_count": 4, "replies_count": 0, "retweets_count": 1, "hashtags": ["bitcoin18k", "applebuysshazam", "targetbuysshipt", "digitalasset", "asx", "ethereum", "model3ramp"]}
{"id": 942131510718504960, "date": "2017-12-16", "time": "15:37:10", "tweet": "Amazing...Elon needs to leave $tsla in some other worthy car company CEO and focus on this! It's straight out of Firefly!  https://t.co/1hoLLbJ0of", "likes_count": 2, "replies_count": 0, "retweets_count": 0, "hashtags": []}
{"id": 942129761001844738, "date": "2017-12-16", "time": "15:30:13", "tweet": "ACTIVE TRADERS Try one of these FREE trading guides:   https://t.co/la15kgXTOS  $NFLX $TSLA $AAPL $PCLN $GS $FB $AMZN $GOOGL $NVDA", "likes_count": 0, "replies_count": 0, "retweets_count": 0, "hashtags": []}
{"id": 942128447308156928, "date": "2017-12-16", "time": "15:25:00", "tweet": "What Is The Difference Between A Risk And A Gamble?   https://t.co/UreagDosl9  $SPY $IBB $FB $TSLA #stocks", "likes_count": 0, "replies_count": 0, "retweets_count": 0, "hashtags": ["stocks"]}
{"id": 942127217043296256, "date": "2017-12-16", "time": "15:20:07", "tweet": "Afternoon Most Tweeted Big Caps, check out Gambiste Top 10: $NEM $GRMN $HST $PRGO $MU $TSLA $FCX $NVDA $APH $BMRN  https://t.co/MuFMWlifZJ", "likes_count": 0, "replies_count": 0, "retweets_count": 0, "hashtags": []}
{"id": 942125959062409217, "date": "2017-12-16", "time": "15:15:07", "tweet": "If you are not making money in this market &amp; want consistency, try our team  https://t.co/D3fJQhc7u3   $FB $NFLX $AMZN $LVS $TSLA $AAPL $GS", "likes_count": 0, "replies_count": 0, "retweets_count": 0, "hashtags": []}
