{"id": 883834348226654208, "date": "2017-07-08", "time": "19:45:04", "tweet": "NOW OFFERING 7 Day FREE Trial to  options day trading team Room or $TWTR feed  https://t.co/9x6vgM1XGJ $WYNN $AAPL $NFLX $TSLA $AMZN $GOOGL", "likes_count": 0, "replies_count": 0, "retweets_count": 0, "hashtags": []}
{"id": 883831837432434693, "date": "2017-07-08", "time": "19:35:05", "tweet": "$TSLA #Nasdaq #Stocks Video Analysis &amp; Forecast with important #Trading Levels for Week 10 JUL  &gt;  https://t.co/lE2U3z3S8q @APAZones  https://t.co/2URGoltDUp", "likes_count": 0, "replies_count": 0, "retweets_count": 0, "hashtags": ["nasdaq", "stocks", "trading"]}
{"id": 883830597747081217, "date": "2017-07-08", "time": "19:30:09", "tweet": "ACTIVE TRADERS choose one of these FREE trading guides:   https://t.co/GDmUdGnffL  $NFLX $TSLA $AAPL $TWTR $GS $FB $AMZN $GOOGL $NVDA", "likes_count": 1, "replies_count": 0, "retweets_count": 1, "hashtags": []}
{"id": 883830203079737344, "date": "2017-07-08", "time": "19:28:35", "tweet": "@SandyGreenlyn @Teslarati Not sure if that's true. I'm sure it's irrelevant. Tesla is continuously improving their battery formulation.  https://t.co/l9PX0EZScO $tsla", "likes_count": 0, "replies_count": 2, "retweets_count": 0, "hashtags": []}
{"id": 883828071220039680, "date": "2017-07-08", "time": "19:20:07", "tweet": "If you’re not making money in this market &amp; want consistency, try our team  https://t.co/OVJlJjiipk   $FB $NFLX $TWTR $GOOGL $TSLA $AAPL $GS", "likes_count": 0, "replies_count": 1, "retweets_count": 1, "hashtags": []}
{"id": 883826904087896064, "date": "2017-07-08", "time": "19:15:29", "tweet": "1 @CGrantWSJ RE: $tsla volume problems - is part of the issue that the cars please consumers so much they just keep them? Reliability was", "likes_count": 1, "replies_count": 2, "retweets_count": 0, "hashtags": []}
{"id": 883826808713613312, "date": "2017-07-08", "time": "19:15:06", "tweet": "It's a stock-pickers market again. Recent winners include $NFLX $LVS $AAPL $TSLA $NVDA $BABA  Free Trials, hitting swing winners since 2006", "likes_count": 0, "replies_count": 0, "retweets_count": 0, "hashtags": []}
{"id": 883826336497893377, "date": "2017-07-08", "time": "19:13:13", "tweet": "$TSLA  https://t.co/N5oin5kZ5H", "likes_count": 0, "replies_count": 0, "retweets_count": 0, "hashtags": []}
{"id": 883825146003427328, "date": "2017-07-08", "time": "19:08:30", "tweet": "@PseudoAdult @NobleNoir @elonmusk @WSJ @CGrantWSJ is one of the few who has always been on point with his $TSLA reporting. He's not parroting anyone.", "likes_count": 13, "replies_count": 3, "retweets_count": 1, "hashtags": []}
{"id": 883824529042231298, "date": "2017-07-08", "time": "19:06:03", "tweet": "Why $TSLA will 'exponentially' ramp up car production in #Fremont, starting this week  https://t.co/64FHVR3DUn  https://t.co/8Wn6P2n1Na", "likes_count": 1, "replies_count": 0, "retweets_count": 1, "hashtags": ["fremont"]}
{"id": 883824158991372290, "date": "2017-07-08", "time": "19:04:34", "tweet": "@Colinismblog @DRuizG80 4. I'm not advocating buying $TSLA. Just saying it's not normal brand with legit substitutes yet.", "likes_count": 0, "replies_count": 0, "retweets_count": 0, "hashtags": []}
{"id": 883823097018798082, "date": "2017-07-08", "time": "19:00:21", "tweet": "Don't miss our next FREE OPTION TRADE.  Sign up for our Daily Free Trades at  https://t.co/d79z66dR6g $NVDA $TSLA $GS $C $WFC $GOOGL $FB", "likes_count": 0, "replies_count": 0, "retweets_count": 0, "hashtags": []}
{"id": 883819891689746433, "date": "2017-07-08", "time": "18:47:37", "tweet": "Why Shares of Tesla Are Tumbling This Week $TSLA  https://t.co/S6DviHMrfm  https://t.co/IAhDZkEZ1k  https://t.co/7536di0U65", "likes_count": 0, "replies_count": 0, "retweets_count": 0, "hashtags": []}
{"id": 883819879463174145, "date": "2017-07-08", "time": "18:47:34", "tweet": "Check out Why Shares of Tesla Are Tumbling This Week on Yahoo Finance   https://t.co/62iAbYXYIN - \"Maybe not that long.\" $TSLA", "likes_count": 0, "replies_count": 0, "retweets_count": 1, "hashtags": []}
{"id": 883819258970599428, "date": "2017-07-08", "time": "18:45:06", "tweet": "NOW OFFERING 7 Day FREE Trial to  options day trading team Room or $TWTR feed  https://t.co/nlNIqKbUOz $BABA $AAPL $NFLX $TSLA $AMZN $GOOGL", "likes_count": 0, "replies_count": 0, "retweets_count": 0, "hashtags": []}
{"id": 883816232348024832, "date": "2017-07-08", "time": "18:33:04", "tweet": "@CloisterRes @tsrandall @tsrandall a known chronic optimist at the expense of factual data.  Blocked for pointing it out multiple times. $TSLA #FakeNewsRandall", "likes_count": 2, "replies_count": 0, "retweets_count": 0, "hashtags": ["fakenewsrandall"]}
{"id": 883815487003668480, "date": "2017-07-08", "time": "18:30:07", "tweet": "ACTIVE TRADERS choose one of these FREE trading guides:   https://t.co/SJQkXPBJ3L  $NFLX $TSLA $AAPL $IBB $GS $FB $AMZN $GOOGL $NVDA", "likes_count": 0, "replies_count": 0, "retweets_count": 1, "hashtags": []}
{"id": 883814923121315840, "date": "2017-07-08", "time": "18:27:52", "tweet": "@CGrantWSJ Ha.. that person doesn't know about easing off when there is nothing to do and laying in heavy when the meal is served. #EatLikeAShark $TSLA", "likes_count": 0, "replies_count": 0, "retweets_count": 0, "hashtags": ["eatlikeashark"]}
{"id": 883814197586538497, "date": "2017-07-08", "time": "18:24:59", "tweet": "$TSLA--Tepid Bounce Thursday, continued Friday. The Better Long Setup, is Below Thursday's Low.  #GST", "likes_count": 3, "replies_count": 1, "retweets_count": 1, "hashtags": ["gst"]}
{"id": 883812970148630528, "date": "2017-07-08", "time": "18:20:07", "tweet": "If you’re not making money in this market &amp; want consistency, try our team  https://t.co/rNIp7f6Djr   $FB $NFLX $AMZN $GOOGL $TSLA $AAPL $SQ", "likes_count": 0, "replies_count": 0, "retweets_count": 1, "hashtags": []}
