{"id": 965009253097492481, "date": "2018-02-17", "time": "18:45:09", "tweet": "If anybody has an honest explanation for what's happening with the 3rd month of every quarter at #Tesla I'm all ears. Is this really individual cars going to individual consumers? What are all the sales and delivery people doing during months 1&amp;2? Where does $TSLA store the cars?  https://t.co/lCTmoY945Y", "likes_count": 13, "replies_count": 3, "retweets_count": 4, "hashtags": ["tesla"]}
{"id": 965009230502748160, "date": "2018-02-17", "time": "18:45:04", "tweet": "NOW OFFERING 7 Day FREE Trial to  options day trading team Room or $TWTR feed   https://t.co/7XPEGsfpqZ $RH $AAPL $NFLX $TSLA $AMZN $GOOGL", "likes_count": 0, "replies_count": 0, "retweets_count": 0, "hashtags": []}
{"id": 965007108424060935, "date": "2018-02-17", "time": "18:36:38", "tweet": "New highest VIN for #Model3. Number 8225 spotted at Eden Prairie, MN service center. Still within the 12/28 VIN registration batch. Thanks to a listener for sending in. $TSLA  https://t.co/eE7KyHlHvP", "likes_count": 65, "replies_count": 5, "retweets_count": 18, "hashtags": ["model3"]}
{"id": 965005480555933696, "date": "2018-02-17", "time": "18:30:10", "tweet": "ACTIVE TRADERS Try one of these FREE trading guides:   https://t.co/EvDMn4cW7h  $NFLX $TSLA $AAPL $IBB $GS $FB $AMZN $GOOGL $NVDA", "likes_count": 0, "replies_count": 0, "retweets_count": 0, "hashtags": []}
{"id": 965004858800648192, "date": "2018-02-17", "time": "18:27:41", "tweet": "There have been many kids already saying that the emperor isn't wearing any clothes. One day one such message will resonate   To get the timing right in shorting $TSLA, the ultimate question is: who's the kid to watch?", "likes_count": 5, "replies_count": 12, "retweets_count": 0, "hashtags": []}
{"id": 965002414330757120, "date": "2018-02-17", "time": "18:17:59", "tweet": "@CGrantWSJ Its amazing. It’s like the ghost of Jobs. Was just at the full Tesla store in Century City. I bet you don’t even own a car Charlie. 😊 $tsla", "likes_count": 3, "replies_count": 3, "retweets_count": 1, "hashtags": []}
{"id": 965001680965251074, "date": "2018-02-17", "time": "18:15:04", "tweet": "If you are not making money in this market &amp; want consistency, try our team  https://t.co/Erwmj7ewwA   $FB $NFLX $AMZN $SPX $TSLA $AAPL $GS", "likes_count": 0, "replies_count": 0, "retweets_count": 0, "hashtags": []}
{"id": 964999919105867776, "date": "2018-02-17", "time": "18:08:04", "tweet": "LEVERAGE VOLATILITY! CHAT WITH TRADERS ON OUR REAL TIME CHAT ROOM AT  https://t.co/35LuLR0k4f $NVDA $TSLA $MARA", "likes_count": 0, "replies_count": 0, "retweets_count": 0, "hashtags": []}
{"id": 964997978023976960, "date": "2018-02-17", "time": "18:00:21", "tweet": "GET REAL TIME WINNING TRADE ALERTS VIA PRIVATE TWITTER FEED -   https://t.co/8uByaIOhYJ  $SPX $SPY $VXX $VIX $SVXY $FB $AMZN $NFLX $GOOGL $TSLA + MORE  https://t.co/iIvJSVfqfT", "likes_count": 0, "replies_count": 0, "retweets_count": 0, "hashtags": []}
{"id": 964995841931952128, "date": "2018-02-17", "time": "17:51:52", "tweet": "bad lip reading @elonmusk 😂 $TSLA #SpaceX  https://t.co/lWdUxrTin4", "likes_count": 0, "replies_count": 0, "retweets_count": 0, "hashtags": ["spacex"]}
{"id": 964995798500085760, "date": "2018-02-17", "time": "17:51:41", "tweet": "@AT09_Trader @swedepilot @DGTrading101 @AiPTrades I would need to catch $10 candles all day everyday on $tsla for 10years and my kids can’t go to college lol", "likes_count": 0, "replies_count": 1, "retweets_count": 0, "hashtags": []}
{"id": 964995583395225600, "date": "2018-02-17", "time": "17:50:50", "tweet": "$TSLA  https://t.co/0YWh6Cmmmo", "likes_count": 0, "replies_count": 0, "retweets_count": 0, "hashtags": []}
{"id": 964993807308804097, "date": "2018-02-17", "time": "17:43:47", "tweet": "80 #Tesla owners in #Norway are suing the automaker over false advertising $TSLA  https://t.co/Y2X5HY9n7p #afp #automakers", "likes_count": 0, "replies_count": 0, "retweets_count": 1, "hashtags": ["tesla", "norway", "afp", "automakers"]}
{"id": 964992828706316289, "date": "2018-02-17", "time": "17:39:53", "tweet": "$TSLA  https://t.co/rks8kouRtt", "likes_count": 0, "replies_count": 0, "retweets_count": 0, "hashtags": []}
{"id": 964991682059161605, "date": "2018-02-17", "time": "17:35:20", "tweet": "I wonder which will launch first?  Good thing all those deposits are in escrow, right? $TSLA #TELSA  https://t.co/XcNhfVC7ok", "likes_count": 6, "replies_count": 2, "retweets_count": 1, "hashtags": ["telsa"]}
{"id": 964990379492769792, "date": "2018-02-17", "time": "17:30:09", "tweet": "ACTIVE TRADERS Try one of these FREE trading guides:   https://t.co/zCPGwwHYOb  $NFLX $TSLA $AAPL $JWN $GS $FB $AMZN $GOOGL $NVDA", "likes_count": 0, "replies_count": 0, "retweets_count": 0, "hashtags": []}
{"id": 964989557103087616, "date": "2018-02-17", "time": "17:26:53", "tweet": "$TSLA: haters gonna hate.  https://t.co/jbhtHsZIWC", "likes_count": 0, "replies_count": 0, "retweets_count": 0, "hashtags": []}
{"id": 964986581517062144, "date": "2018-02-17", "time": "17:15:04", "tweet": "NOW OFFERING 7 Day FREE Trial to  options day trading team Room or $TWTR feed   https://t.co/ToSJVkdIBA $FB $AAPL $NFLX $TSLA $AMZN $GOOGL", "likes_count": 0, "replies_count": 0, "retweets_count": 0, "hashtags": []}
{"id": 964985918196256768, "date": "2018-02-17", "time": "17:12:26", "tweet": "$FCAU $TSLA $VLKAY $F $HMC $HNDAF $NSANY $NSANF $HYMLF $HYMTF $HYMPY $HYMPF $GM  https://t.co/wt3km5ZfxP", "likes_count": 0, "replies_count": 0, "retweets_count": 0, "hashtags": []}
{"id": 964985560204005378, "date": "2018-02-17", "time": "17:11:00", "tweet": "Tesla's Powerpack batteries may be used to support New York's energy grid (TSLA)  https://t.co/5UtUqYZUHb $TSLA #tsla #traders #stocks #StockMarket", "likes_count": 2, "replies_count": 1, "retweets_count": 2, "hashtags": ["tsla", "traders", "stocks", "stockmarket"]}
{"id": 964985392096268289, "date": "2018-02-17", "time": "17:10:20", "tweet": "Unusual Options Activity - 02.16.2018 - $ZNGA $ITUB $FTK $KR $TSLA $CSCO $GGB $NKE $RS $MDT $RRR $NXPI $X $CMG $OFG $X  https://t.co/ok9f3VvjLm", "likes_count": 0, "replies_count": 1, "retweets_count": 0, "hashtags": []}
{"id": 964985180401360900, "date": "2018-02-17", "time": "17:09:30", "tweet": "Trying to always get out of the top will kill your returns - here's how I do it: #stocks #profits $AAPL $BIDU $TSLA  https://t.co/KgGZpae6PF", "likes_count": 2, "replies_count": 1, "retweets_count": 0, "hashtags": ["stocks", "profits"]}
{"id": 964982885815017472, "date": "2018-02-17", "time": "17:00:23", "tweet": "Don't miss our next FREE OPTION TRADE.  Sign up for our Daily Free Trades at  https://t.co/1D9yAKML6G $NVDA $TSLA $GS $REGN $BAC $GOOGL $FB", "likes_count": 0, "replies_count": 0, "retweets_count": 0, "hashtags": []}
{"id": 964976832209719297, "date": "2018-02-17", "time": "16:36:19", "tweet": "The 12 coolest features inside the Tesla Model 3  https://t.co/1Qu0UqqYwz $TSLA", "likes_count": 0, "replies_count": 1, "retweets_count": 0, "hashtags": []}
{"id": 964975283378978817, "date": "2018-02-17", "time": "16:30:10", "tweet": "ACTIVE TRADERS Try one of these FREE trading guides:   https://t.co/zyTGTVdVIt  $NFLX $TSLA $AAPL $BIDU $GS $FB $AMZN $GOOGL $NVDA", "likes_count": 0, "replies_count": 0, "retweets_count": 0, "hashtags": []}
{"id": 964972744080220160, "date": "2018-02-17", "time": "16:20:05", "tweet": "@Teslarati I think that they need to put an AppStore on the car.  Then $TSLA could have recurring AND profitable revenue from their loyal customers.", "likes_count": 1, "replies_count": 0, "retweets_count": 0, "hashtags": []}
{"id": 964972009045213184, "date": "2018-02-17", "time": "16:17:09", "tweet": "A list of free stock picks. $TWTR $TSLA $JMBA $EBAY $AMZN #stockpicks #stocks #stockmarket  https://t.co/hoSvyJR1pL", "likes_count": 0, "replies_count": 0, "retweets_count": 0, "hashtags": ["stockpicks", "stocks", "stockmarket"]}
{"id": 964967796798042112, "date": "2018-02-17", "time": "16:00:25", "tweet": "251 Profit-Packed Option Trades Yearly--Delivered to Your Inbox Daily--FREE!  https://t.co/W2LuUrdLjm $BABA $GOOGL $TSLA $BIDU", "likes_count": 0, "replies_count": 0, "retweets_count": 0, "hashtags": []}
{"id": 964966557037178880, "date": "2018-02-17", "time": "15:55:30", "tweet": "$TSLA One more Model 3 bites the dust - how long will @elonmusk keep fooling investors and customers by selling crappy beta-ware:  https://t.co/UrJw1q5NGm", "likes_count": 1, "replies_count": 0, "retweets_count": 0, "hashtags": []}
{"id": 964966123828465664, "date": "2018-02-17", "time": "15:53:46", "tweet": "$TSLA Come on, @elonmusk  stop selling beta cars.   https://t.co/L7SboZmabX", "likes_count": 2, "replies_count": 0, "retweets_count": 0, "hashtags": []}
{"id": 964963930870353920, "date": "2018-02-17", "time": "15:45:03", "tweet": "NOW OFFERING 7 Day FREE Trial to  options day trading team Room or $TWTR feed   https://t.co/znOGqdj9xu $CELG $AAPL $NFLX $TSLA $AMZN $GOOGL", "likes_count": 0, "replies_count": 0, "retweets_count": 0, "hashtags": []}
{"id": 964962668774871042, "date": "2018-02-17", "time": "15:40:03", "tweet": "LEVEL UP! SHARE IDEAS IN OUR REAL TIME CHAT ROOM AT  https://t.co/35LuLR0k4f $APRN $TSLA $LMFA", "likes_count": 0, "replies_count": 0, "retweets_count": 0, "hashtags": []}
{"id": 964960187835613186, "date": "2018-02-17", "time": "15:30:11", "tweet": "ACTIVE TRADERS Try one of these FREE trading guides:   https://t.co/24itWoBzgt  $NFLX $TSLA $AAPL $PCLN $GS $FB $AMZN $GOOGL $NVDA", "likes_count": 0, "replies_count": 0, "retweets_count": 0, "hashtags": []}
{"id": 964956385833349120, "date": "2018-02-17", "time": "15:15:05", "tweet": "If you are not making money in this market &amp; want consistency, try our team  https://t.co/oa0z1eq3TA   $FB $NFLX $AMZN $LVS $TSLA $AAPL $GS", "likes_count": 0, "replies_count": 0, "retweets_count": 0, "hashtags": []}
{"id": 964955829022715904, "date": "2018-02-17", "time": "15:12:52", "tweet": "@group_hawk So your tweet talks about space X and then you reference $tsla. Separate companies no relation to each other. One public $tsla and one private, space X. Don't conflate the two!", "likes_count": 0, "replies_count": 0, "retweets_count": 0, "hashtags": []}
{"id": 964955449312272384, "date": "2018-02-17", "time": "15:11:21", "tweet": "Washington, D.C., Has Given the Boring Company a Permit for a Possible Hyperloop Station  https://t.co/B1Bkb4c5sT #ElonMusk #Boring #BoringCo #Hyperloop #DC #WashingtonDC #Washington #DCHyperloop $TSLA #SpaceX", "likes_count": 0, "replies_count": 0, "retweets_count": 0, "hashtags": ["elonmusk", "boring", "boringco", "hyperloop", "dc", "washingtondc", "washington", "dchyperloop", "spacex"]}
{"id": 964953552379695104, "date": "2018-02-17", "time": "15:03:49", "tweet": "Tesla Inc $TSLA Receives $333.37 Average Price Target from Analysts  https://t.co/o5Z7ueLSC7", "likes_count": 0, "replies_count": 0, "retweets_count": 0, "hashtags": []}
{"id": 964952731269070848, "date": "2018-02-17", "time": "15:00:33", "tweet": "Don't miss our next FREE OPTION TRADE.  Sign up for our Daily Free Trades at  https://t.co/J5NhF4v60Q $NVDA $TSLA $GS $ORCL $BAC $GOOGL $FB", "likes_count": 0, "replies_count": 0, "retweets_count": 0, "hashtags": []}
{"id": 964950217626800128, "date": "2018-02-17", "time": "14:50:34", "tweet": "@ViRKL @ElectrekCo @FredericLambert @AmazingChevVolt @technology @InsideEVs @Tesla @AutoNation @evannex_com @Autoline Having worked in power electronics for 18 years, I know $TSLA sourced power electronics from Infineon (Germany), NXP (US), Bosch (Germany), TI (US), no exclusivity (too small). The differentiation is not in semiconductors, but in battery for EV.", "likes_count": 5, "replies_count": 0, "retweets_count": 1, "hashtags": []}
{"id": 964948857896366080, "date": "2018-02-17", "time": "14:45:10", "tweet": "A list of free stock picks. $TWTR $TSLA $JMBA $EBAY $AMZN #stockpicks #stocks #stockmarket  https://t.co/hoSvyJR1pL", "likes_count": 0, "replies_count": 0, "retweets_count": 0, "hashtags": ["stockpicks", "stocks", "stockmarket"]}
