{"id": 1043651096017682432, "date": "2018-09-22", "time": "19:59:46", "tweet": "We are witnessing desperate lying by the $TSLAQ cult. It was a lie when they claimed Model S demand was exhausted. They were lying when they claimed Model X demand was dying.   $TSLA  https://t.co/pfpq348kEv", "likes_count": 52, "replies_count": 15, "retweets_count": 14, "hashtags": []}
{"id": 1043649917284175877, "date": "2018-09-22", "time": "19:55:05", "tweet": "Try our swing trading service built for individuals who want to trade longer-term timeframes around their full-time careers. Find out more here:  https://t.co/lKoj0KK3wK $AMZN $NVDA $TSLA $BABA", "likes_count": 0, "replies_count": 0, "retweets_count": 0, "hashtags": []}
{"id": 1043649380396331008, "date": "2018-09-22", "time": "19:52:57", "tweet": "@VeteranOfTruth the reason i have hodling superpowers for #Bitcoin and other cryptos is because i’ve had good practice with $TSLA. so bring on the FUD, all you jackass b*tches! 🍿😂🍺 #HODLandChill", "likes_count": 0, "replies_count": 0, "retweets_count": 0, "hashtags": ["bitcoin", "hodlandchill"]}
{"id": 1043649369113878528, "date": "2018-09-22", "time": "19:52:54", "tweet": "@CNNMoney @muddywatersre @jchatterleyCNN Hey Carson: Bagholders live on hope. Not cash. $TSLA", "likes_count": 1, "replies_count": 0, "retweets_count": 0, "hashtags": []}
{"id": 1043648117424283649, "date": "2018-09-22", "time": "19:47:55", "tweet": "@VeteranOfTruth $17 back in 2010. then i kept buying every time $TSLA crashed due to FUD 🍺😎🚀", "likes_count": 0, "replies_count": 1, "retweets_count": 0, "hashtags": []}
{"id": 1043647398168408065, "date": "2018-09-22", "time": "19:45:04", "tweet": "1 to 4  trade alerts with 50% to 100% profit potential everyday, try our team  https://t.co/BjCiysNt2b   $SQ $NFLX $AMZN $AMD $TSLA $AAPL $GS", "likes_count": 0, "replies_count": 0, "retweets_count": 0, "hashtags": []}
{"id": 1043645233030934528, "date": "2018-09-22", "time": "19:36:28", "tweet": "@Prof_John_Frink @ravenvanderrave Good thing $TSLA's going to get liquidated first, haha :)", "likes_count": 0, "replies_count": 0, "retweets_count": 0, "hashtags": []}
{"id": 1043645019448430593, "date": "2018-09-22", "time": "19:35:37", "tweet": "$TSLA Who ever lets Elon Musk wire their brain when he can’t even deliver Model 3’s deserves what they get...", "likes_count": 30, "replies_count": 8, "retweets_count": 6, "hashtags": []}
{"id": 1043643936047288320, "date": "2018-09-22", "time": "19:31:18", "tweet": "@TeslaBull @GerberKawasaki @Gfilche Actually a quick glance says 35-40 cars max $tsla", "likes_count": 0, "replies_count": 1, "retweets_count": 0, "hashtags": []}
{"id": 1043643642429214721, "date": "2018-09-22", "time": "19:30:08", "tweet": "ACTIVE TRADERS Try one of these FREE trading guides:   https://t.co/J1k90xnN0a  $NFLX $TSLA $AAPL $TWTR $GS $FB $AMZN $GOOGL $NVDA", "likes_count": 0, "replies_count": 0, "retweets_count": 0, "hashtags": []}
{"id": 1043643568940883968, "date": "2018-09-22", "time": "19:29:51", "tweet": "@gmbankrupt Bears: maybe a hundred cars $tsla..... heard they were sitting there for 2-3 hours", "likes_count": 2, "replies_count": 1, "retweets_count": 0, "hashtags": []}
{"id": 1043643458571796480, "date": "2018-09-22", "time": "19:29:25", "tweet": "@ellec_uk Utter lack of financial knowledge. Only the most half-baked DCFs could value $TSLA that high.", "likes_count": 0, "replies_count": 0, "retweets_count": 0, "hashtags": []}
{"id": 1043643078182088704, "date": "2018-09-22", "time": "19:27:54", "tweet": "$tsla  https://t.co/berMFUyjEP v-dubs", "likes_count": 0, "replies_count": 0, "retweets_count": 0, "hashtags": []}
{"id": 1043642373186768896, "date": "2018-09-22", "time": "19:25:06", "tweet": "With past performance like this, how can you not sign up for a Free 7-day trial to  https://t.co/kVuEng2q9k? Winning Option Swing Trades Since 2006  $BABA $GOOGL $TSLA $BIDU", "likes_count": 0, "replies_count": 0, "retweets_count": 0, "hashtags": []}
{"id": 1043642349291823106, "date": "2018-09-22", "time": "19:25:00", "tweet": "$TSLA bears be like: “these are all actors Tesla hired with their remaining cash to fake demand to pump the stock one last time”", "likes_count": 70, "replies_count": 6, "retweets_count": 11, "hashtags": []}
{"id": 1043641809354686464, "date": "2018-09-22", "time": "19:22:51", "tweet": "#ZeroDemand $TSLA $NBEV zero demand before #CokeBuyOut", "likes_count": 0, "replies_count": 0, "retweets_count": 0, "hashtags": ["zerodemand", "cokebuyout"]}
{"id": 1043639987105742853, "date": "2018-09-22", "time": "19:15:37", "tweet": "just one or two new customers....#NoDemand says @TeslaCharts  $TSLA", "likes_count": 0, "replies_count": 0, "retweets_count": 0, "hashtags": ["nodemand"]}
{"id": 1043638775518322688, "date": "2018-09-22", "time": "19:10:48", "tweet": "$TSLA", "likes_count": 10, "replies_count": 0, "retweets_count": 3, "hashtags": []}
{"id": 1043638190014382080, "date": "2018-09-22", "time": "19:08:29", "tweet": "Anyone who thinks there is no demand for this car is either crazy or obstinate. #tesla #model3 $TSLA", "likes_count": 161, "replies_count": 12, "retweets_count": 13, "hashtags": ["tesla", "model3"]}
{"id": 1043637530229260288, "date": "2018-09-22", "time": "19:05:51", "tweet": "@urdeep @elonmusk They can’t attack it.... doesn’t fit their agenda! #tslaq $TSLA !", "likes_count": 1, "replies_count": 0, "retweets_count": 0, "hashtags": ["tslaq"]}
