{"id": 1038577560488222720, "date": "2018-09-08", "time": "19:59:20", "tweet": "$TSLA is about to test the long term support trend line at 250-247 in the next two weeks  https://t.co/7rhukYZKEk", "likes_count": 4, "replies_count": 1, "retweets_count": 0, "hashtags": []}
{"id": 1038577423527436288, "date": "2018-09-08", "time": "19:58:48", "tweet": "Tesla bears are awful shouty and angry but act like they are happy and confident that #Tesla is going to zero.   I think they are scaredy bears.   $TSLAQ $TSLA #ShortBurnOfTheCentury", "likes_count": 21, "replies_count": 4, "retweets_count": 2, "hashtags": ["tesla", "shortburnofthecentury"]}
{"id": 1038577208208420864, "date": "2018-09-08", "time": "19:57:56", "tweet": "@levelsio @lushsux TFW $TSLA hits $420", "likes_count": 3, "replies_count": 0, "retweets_count": 0, "hashtags": []}
{"id": 1038576666170281985, "date": "2018-09-08", "time": "19:55:47", "tweet": "After Musk Smokes Weed, Bookies Expect Him To Be Forced To Step Down As CEO In 2018 $TSLA  https://t.co/NFR2jv2moh", "likes_count": 0, "replies_count": 0, "retweets_count": 0, "hashtags": []}
{"id": 1038576490009358336, "date": "2018-09-08", "time": "19:55:05", "tweet": "Try our swing trading service built for individuals who want to trade longer-term timeframes around their full-time careers. Find out more here:  https://t.co/308YTw7XOH $AMZN $NVDA $TSLA $BABA", "likes_count": 0, "replies_count": 0, "retweets_count": 0, "hashtags": []}
{"id": 1038575940782178304, "date": "2018-09-08", "time": "19:52:54", "tweet": "I explained Tesla financials Aug 27 on CNBC - stock is now $60 lower &amp; everything I said here is still true  $TSLA is still my hedge fund’s biggest short  CAO resigned yesterday,  after less than a month on the job - $TSLA is in even worse shape now  https://t.co/TXdsAa4hwX", "likes_count": 114, "replies_count": 17, "retweets_count": 18, "hashtags": []}
{"id": 1038575834842296320, "date": "2018-09-08", "time": "19:52:29", "tweet": "#Tesla Jerome Guillen promoted to president of automotive “played critical role in ramping Model 3 production, leading what almost all thought was impossible: creation of entire high-volume General Assembly line for Model 3 in a matter of weeks.”  https://t.co/yvnjbqWJxX $TSLA", "likes_count": 0, "replies_count": 0, "retweets_count": 0, "hashtags": ["tesla"]}
{"id": 1038575357547438082, "date": "2018-09-08", "time": "19:50:35", "tweet": "This is why it’s dumb for $TSLAQ to block the bulls. They would see our feeds full of happy new #Tesla owners. Good luck shorts.   $TSLA", "likes_count": 20, "replies_count": 2, "retweets_count": 1, "hashtags": ["tesla"]}
{"id": 1038575324844371968, "date": "2018-09-08", "time": "19:50:27", "tweet": "@crypto_gordon @engadget LOL, he just needs someone to deal with the boring side of the business, so he can concentrate on the fun stuff :)  $TSLA", "likes_count": 1, "replies_count": 0, "retweets_count": 0, "hashtags": []}
{"id": 1038574656775770112, "date": "2018-09-08", "time": "19:47:48", "tweet": "@GS_CapSF @Paul91701736 @TeslaAgnostic  https://t.co/nkXcP1ZOwQ  5 year facility from June 2015. This is I assume the same $500m?  Note the banks “Deutsche Bank, Bank of America, Goldman Sachs, JPMorgan Chase, Morgan Stanley, Wells Fargo, and Credit Suisse”  Probably nothing.  $TSLA $TSLAQ", "likes_count": 0, "replies_count": 1, "retweets_count": 0, "hashtags": []}
{"id": 1038574586353176576, "date": "2018-09-08", "time": "19:47:31", "tweet": "Extremely important poll $tsla $tslaq  Favorite hard seltzer", "likes_count": 0, "replies_count": 0, "retweets_count": 0, "hashtags": []}
{"id": 1038574331524132864, "date": "2018-09-08", "time": "19:46:31", "tweet": "Just @PwC $tsla audit team things  https://t.co/lBvSgs1hWG", "likes_count": 1, "replies_count": 0, "retweets_count": 0, "hashtags": []}
{"id": 1038573968310059008, "date": "2018-09-08", "time": "19:45:04", "tweet": "1 to 4  trade alerts with 50% to 100% profit potential everyday, try our team  https://t.co/q4dBkrCVJk   $SQ $NFLX $AMZN $AMD $TSLA $AAPL $GS", "likes_count": 0, "replies_count": 0, "retweets_count": 0, "hashtags": []}
{"id": 1038573598783483904, "date": "2018-09-08", "time": "19:43:36", "tweet": "lol, funding secured $TSLA  https://t.co/9RwQeCzFOy", "likes_count": 9, "replies_count": 0, "retweets_count": 1, "hashtags": []}
{"id": 1038573493288398848, "date": "2018-09-08", "time": "19:43:11", "tweet": "@monkeycongo You got me, missed that one $TSLA", "likes_count": 2, "replies_count": 0, "retweets_count": 0, "hashtags": []}
{"id": 1038571542517506048, "date": "2018-09-08", "time": "19:35:26", "tweet": "Free Martin Jail @elonmusk   $tsla $tslaq  https://t.co/8lv6SxQY4G", "likes_count": 0, "replies_count": 0, "retweets_count": 0, "hashtags": []}
{"id": 1038571393028304897, "date": "2018-09-08", "time": "19:34:50", "tweet": "@skabooshka production is production, #ItsHappenning $TSLA", "likes_count": 0, "replies_count": 0, "retweets_count": 0, "hashtags": ["itshappenning"]}
{"id": 1038570610119589888, "date": "2018-09-08", "time": "19:31:43", "tweet": "$AAPL $AMZN $BABA $BIDU $FG $GOOGL $NFLX $NVDA $TSLA $TWTR  $VXX $VXZ $UVXY $TVIX $SVXY $ZIV  Ranked by Annual Performance.  For the $VIX ETNs,   1. only ZIV is positive for the year with almost 7% gain 2. $UVXY $TVXY and $SVXY were the worst performers with more than 70% losses.  https://t.co/9v20k1ZsJW", "likes_count": 2, "replies_count": 0, "retweets_count": 0, "hashtags": []}
{"id": 1038570214970019845, "date": "2018-09-08", "time": "19:30:09", "tweet": "ACTIVE TRADERS Try one of these FREE trading guides:   https://t.co/Iv86FuMV7g  $NFLX $TSLA $AAPL $TWTR $GS $FB $AMZN $GOOGL $NVDA", "likes_count": 0, "replies_count": 0, "retweets_count": 0, "hashtags": []}
{"id": 1038569183833989122, "date": "2018-09-08", "time": "19:26:03", "tweet": "Tell me $TSLAQ isn't living in his head rent free...  $TSLA  https://t.co/izag5YIC9p", "likes_count": 28, "replies_count": 1, "retweets_count": 3, "hashtags": []}
