{"id": 1066480673194762242, "date": "2018-11-24", "time": "18:56:21", "tweet": "$TSLA $Tesla looks like its coming back down to 50% fib level ($305) as i predicted. most likely seen before YE. I actually love the company, love the last earnings report, and am dying for a Model 3 ASAP. s/t seems bearish, long-term I'm a believer! @elonmusk help me get a car!  https://t.co/WeYvBJirgs", "likes_count": 1, "replies_count": 1, "retweets_count": 0, "hashtags": []}
{"id": 1066480616689057792, "date": "2018-11-24", "time": "18:56:07", "tweet": "Elon - Screw The Customers - Musk $tslaq $tsla #Tesla", "likes_count": 4, "replies_count": 1, "retweets_count": 0, "hashtags": ["tesla"]}
{"id": 1066480333837746178, "date": "2018-11-24", "time": "18:55:00", "tweet": "@fffffffff2018 Time will tell. But, I want you to watch 50,100 and 200MA crossing next. This may support the price $TSLA . Check support and resistance numbers in above picture (right side one). FYI: 200 MA is at 311.23  https://t.co/MDAgSBPduW", "likes_count": 0, "replies_count": 2, "retweets_count": 0, "hashtags": []}
{"id": 1066479020869648385, "date": "2018-11-24", "time": "18:49:47", "tweet": "Let's wait for next cycle. $TSLA", "likes_count": 0, "replies_count": 0, "retweets_count": 0, "hashtags": []}
{"id": 1066477829464969222, "date": "2018-11-24", "time": "18:45:03", "tweet": "NOW OFFERING 7 Day FREE Trial to  options day trading team Room or $TWTR feed   https://t.co/SWrzFslsw5 $RH $AAPL $NFLX $TSLA $AMZN $GOOGL", "likes_count": 0, "replies_count": 0, "retweets_count": 0, "hashtags": []}
{"id": 1066477566440148992, "date": "2018-11-24", "time": "18:44:00", "tweet": "When I told you that $TSLA party is over, It was not based on chart! It was based on numbers. Chart is just a visual replica of numbers. If numbers are wrong, chart is useless. If you bought $TSLA on 10/19 and sold it on 11/16, you are $94 rich. Here is $TSLA big picture. Enjoy  https://t.co/4bdek1hQ02", "likes_count": 1, "replies_count": 4, "retweets_count": 0, "hashtags": []}
{"id": 1066475314610610179, "date": "2018-11-24", "time": "18:35:03", "tweet": "\"Just wanted to share this experience because I never even thought about the possibility of an entire supercharger being down, in conjunction with being too low on battery to make it to the next one.\"  $TSLA  https://t.co/Y0fRsvByii", "likes_count": 8, "replies_count": 3, "retweets_count": 0, "hashtags": []}
{"id": 1066475213309718529, "date": "2018-11-24", "time": "18:34:39", "tweet": "$TSLA By underinvesting in charging infrastructure, @elonmusk is making charging experience a Wild West experience.  From manufacturing hell to delivery hell to service hell to charging hell.  Amazing the amount of dumb money that invests in this outfit.", "likes_count": 25, "replies_count": 3, "retweets_count": 3, "hashtags": []}
{"id": 1066474895482241030, "date": "2018-11-24", "time": "18:33:23", "tweet": "Average sentiment (from SeekingAlpha Comments): $AMD: 📉-0.22(24) $FB: 📉-0.44(3) $MU: 📈0.01(4) $TSLA: 📉-0.56(5)", "likes_count": 0, "replies_count": 0, "retweets_count": 0, "hashtags": []}
{"id": 1066474895171874816, "date": "2018-11-24", "time": "18:33:23", "tweet": "Average sentiment (from Twitter): $AMD: 📈0.45(14) $GOOG: 📈0.80(40) $FB: 📈0.17(86) $MMM: 📈0.47(5) $CAT: 📉-0.43(3) $AMZN: 📈0.25(75) $INTC: 📈0.49(9) $PM: 📈0.75(2) $MS: 📈0.05(10) $JPM: 📉-0.33(19) $MU: 📉-0.44(11) $TSLA: 📈0.08(197)", "likes_count": 0, "replies_count": 0, "retweets_count": 0, "hashtags": []}
{"id": 1066474461732450304, "date": "2018-11-24", "time": "18:31:40", "tweet": "BIG MONEY's Thanksgiving Special ends tomorrow, Nov. 25 Send an email to optionsmaster@hotmail.com for details.   $AAPL $AMZN $NVDA $NFLX $TSLA $FB $GOOGL $BABA $BIDU $CMG $FB $ISRG $XRT $BKNG $CAT $BA $ADBE $GS", "likes_count": 0, "replies_count": 0, "retweets_count": 0, "hashtags": []}
{"id": 1066474073402814464, "date": "2018-11-24", "time": "18:30:07", "tweet": "ACTIVE TRADERS Try one of these FREE trading guides:   https://t.co/x1ttU2ZxsV  $NFLX $TSLA $AAPL $IBB $GS $FB $AMZN $GOOGL $NVDA", "likes_count": 0, "replies_count": 0, "retweets_count": 0, "hashtags": []}
{"id": 1066473903827095552, "date": "2018-11-24", "time": "18:29:27", "tweet": "@TeslaCharts You optimist here - me not so sure $TSLA (or EM) will be around for Q4 earnings call", "likes_count": 0, "replies_count": 1, "retweets_count": 0, "hashtags": []}
{"id": 1066473708456476673, "date": "2018-11-24", "time": "18:28:40", "tweet": "@GerberKawasaki I’d spend it on a picture of our supreme leader $TSLA  https://t.co/HmV5wx2OWm", "likes_count": 1, "replies_count": 0, "retweets_count": 0, "hashtags": []}
{"id": 1066473004832616449, "date": "2018-11-24", "time": "18:25:53", "tweet": "FREEBIE CHART - $TSLA  https://t.co/j9A6MPV4uM", "likes_count": 0, "replies_count": 0, "retweets_count": 0, "hashtags": []}
{"id": 1066472166550577152, "date": "2018-11-24", "time": "18:22:33", "tweet": "We've had now, what, three different $TSLA announcements about its China \"Gigafactory\"? But there's nothing there, and can't be for at least three years to come. It's just another Musk tall tale for consumption by the credulous press &amp; gullible cultists.  https://t.co/TIjdk5zAnF", "likes_count": 34, "replies_count": 4, "retweets_count": 5, "hashtags": []}
{"id": 1066470280493760520, "date": "2018-11-24", "time": "18:15:03", "tweet": "1 to 4  trade alerts with 50% to 100% profit potential everyday, try our team  https://t.co/mx80o4yiM0   $FB $NFLX $AMZN $SPX $TSLA $AAPL $GS", "likes_count": 0, "replies_count": 0, "retweets_count": 0, "hashtags": []}
{"id": 1066468422404489216, "date": "2018-11-24", "time": "18:07:40", "tweet": "$TSLA Max Pain is 357.50 for maturity 11/30/2018. #maxpain #options  https://t.co/VqxmdNKpar  https://t.co/Rlff5rqCy6", "likes_count": 0, "replies_count": 0, "retweets_count": 0, "hashtags": ["maxpain", "options"]}
{"id": 1066467199102017536, "date": "2018-11-24", "time": "18:02:48", "tweet": "#tesla #teslaworkerrights #HUMANRIGHTS #drbesh #teslahealthclinic  #mattle #elonmusk #uaw #motorcityforlife #tesla #teslaworkerrights #teslamodel3 #model3 #laurieshelby $tsla $tslaq  https://t.co/j2okp3lZCE", "likes_count": 9, "replies_count": 2, "retweets_count": 0, "hashtags": ["tesla", "teslaworkerrights", "humanrights", "drbesh", "teslahealthclinic", "mattle", "elonmusk", "uaw", "motorcityforlife", "tesla", "teslaworkerrights", "teslamodel3", "model3", "laurieshelby"]}
{"id": 1066465897089355777, "date": "2018-11-24", "time": "17:57:38", "tweet": "The problem with the 1%, those that can afford a $TSLA, is that they dont care about others.  Studies of how people are when driving found that the drivers of very expensive cars were the least fair.", "likes_count": 3, "replies_count": 1, "retweets_count": 0, "hashtags": []}
{"id": 1066464428005236736, "date": "2018-11-24", "time": "17:51:48", "tweet": "@FrankLuntz Wait until u see solar and battery costs trend 🤯 $tsla", "likes_count": 0, "replies_count": 0, "retweets_count": 0, "hashtags": []}
{"id": 1066460488266104832, "date": "2018-11-24", "time": "17:36:08", "tweet": "Slow night at the chargers in DuBois, PA off I-80. Gas station was filled though... $TSLA  https://t.co/j10x1ikUL3", "likes_count": 8, "replies_count": 0, "retweets_count": 0, "hashtags": []}
{"id": 1066459521382526979, "date": "2018-11-24", "time": "17:32:18", "tweet": "Welcome to our world! Bulls want to turn the new building, which we KNOW is for car storage/distribution, into a \"big mystery\" or a \"new factory.\" But hey, we're just anonymous researchers, bro, not real journalists working to save humanity, i.e. pump the stock. $TSLA $TSLAQ", "likes_count": 15, "replies_count": 1, "retweets_count": 0, "hashtags": []}
{"id": 1066458975238070272, "date": "2018-11-24", "time": "17:30:08", "tweet": "ACTIVE TRADERS Try one of these FREE trading guides:   https://t.co/0EPJYqPt32  $NFLX $TSLA $AAPL $JWN $GS $FB $AMZN $GOOGL $NVDA", "likes_count": 0, "replies_count": 0, "retweets_count": 0, "hashtags": []}
{"id": 1066458436483850246, "date": "2018-11-24", "time": "17:27:59", "tweet": "Suprise, suprise $TSLA  https://t.co/jZtLre5u3l", "likes_count": 27, "replies_count": 6, "retweets_count": 5, "hashtags": []}
{"id": 1066456179595833344, "date": "2018-11-24", "time": "17:19:01", "tweet": "@carlhancock @markbspiegel If most buyers are like you why is cash strapped $TSLA wasting money on retail space?", "likes_count": 8, "replies_count": 1, "retweets_count": 0, "hashtags": []}
{"id": 1066455183239102465, "date": "2018-11-24", "time": "17:15:04", "tweet": "NOW OFFERING 7 Day FREE Trial to  options day trading team Room or $TWTR feed   https://t.co/OjANGfDctp $FB $AAPL $NFLX $TSLA $AMZN $GOOGL", "likes_count": 0, "replies_count": 0, "retweets_count": 0, "hashtags": []}
{"id": 1066454909942403073, "date": "2018-11-24", "time": "17:13:58", "tweet": "$tslaq $tsla #Tesla Tesla is a________ company which recently paid ___ Million to the _____ to settle Market Manipulation charges.", "likes_count": 1, "replies_count": 0, "retweets_count": 0, "hashtags": ["tesla"]}
{"id": 1066454360970846209, "date": "2018-11-24", "time": "17:11:48", "tweet": "@NYKChannel speculates on the purpose of the new #Tesla Lathrop building. They claim “we only have 1 pic of the building!” I see they used a screen cap from my drone video. Surely they’ve seen the drone videos, right?  https://t.co/NfbdN8QHF9 $TSLA #TeslaLathrop", "likes_count": 6, "replies_count": 1, "retweets_count": 0, "hashtags": ["tesla", "teslalathrop"]}
{"id": 1066454250920636416, "date": "2018-11-24", "time": "17:11:21", "tweet": "I agree with this 100%! I'm not wealthy by any stretch of the imagination, so (at present) I only own a paltry 10 $TSLA shares. Nevertheless I fully stand behind @elonmusk's and @Tesla's mission!", "likes_count": 2, "replies_count": 1, "retweets_count": 0, "hashtags": []}
{"id": 1066454031734906880, "date": "2018-11-24", "time": "17:10:29", "tweet": "It’s never too early to start preparing for Chartinese New Year. Approximately for Q4 earnings - the year of the pig.   $TSLA  https://t.co/h7jVxBPkXF", "likes_count": 40, "replies_count": 5, "retweets_count": 4, "hashtags": []}
{"id": 1066453987854073856, "date": "2018-11-24", "time": "17:10:19", "tweet": "@bonnienorman @WehbyJammin @MattMillerCubed @pluripotency @TeslaCharts but $tsla can't sell Model 3 in Europe 😅😅😅", "likes_count": 1, "replies_count": 1, "retweets_count": 0, "hashtags": []}
{"id": 1066453681166589959, "date": "2018-11-24", "time": "17:09:05", "tweet": "$TSLA (W) not much here besides the touch of resistance and fade.  https://t.co/b8RB3f0TWm", "likes_count": 0, "replies_count": 0, "retweets_count": 0, "hashtags": []}
{"id": 1066452882764021761, "date": "2018-11-24", "time": "17:05:55", "tweet": "@xtrmmax @VGrinshpun @elonmusk Well, at least he wasn't shitting on the floor like $TSLA employee are forced to do.", "likes_count": 0, "replies_count": 2, "retweets_count": 0, "hashtags": []}
{"id": 1066451982695743488, "date": "2018-11-24", "time": "17:02:21", "tweet": "getting served this ad while in amsterdam  $tsla $tslaq", "likes_count": 8, "replies_count": 2, "retweets_count": 1, "hashtags": []}
{"id": 1066451516104544258, "date": "2018-11-24", "time": "17:00:29", "tweet": "Don't miss our next FREE OPTION TRADE.  Sign up for our Daily Free Trades at  https://t.co/L6zSRZK3Cu $NVDA $TSLA $GS $REGN $BAC $GOOGL $FB", "likes_count": 0, "replies_count": 0, "retweets_count": 0, "hashtags": []}
{"id": 1066450503402512384, "date": "2018-11-24", "time": "16:56:28", "tweet": "facts  $btc $tsla  $tslaq @elonmusk  https://t.co/vMnLpGlQZX", "likes_count": 9, "replies_count": 1, "retweets_count": 0, "hashtags": []}
{"id": 1066449686448533509, "date": "2018-11-24", "time": "16:53:13", "tweet": "@Trumpery45 Yet another item showing how far $TSLA is lagging behind in EV technology...", "likes_count": 0, "replies_count": 0, "retweets_count": 0, "hashtags": []}
{"id": 1066448598513131520, "date": "2018-11-24", "time": "16:48:54", "tweet": "@BibleHuey Ha. The new safe-haven trades seemed to be emerging the last few weeks:  $TSLA, $GOLD, $USD, and $JPY.  ELon became a hero in this FANG-MAN bear market.", "likes_count": 0, "replies_count": 0, "retweets_count": 0, "hashtags": []}
{"id": 1066447952980279297, "date": "2018-11-24", "time": "16:46:20", "tweet": "@dreederer @elonmusk Yep and that was the turning point for me, when I saw him for what he is, nothing but a snake oil sales man.  $tsla  https://t.co/jcgODBV4xQ", "likes_count": 0, "replies_count": 0, "retweets_count": 0, "hashtags": []}
{"id": 1066447206788538373, "date": "2018-11-24", "time": "16:43:22", "tweet": "$TSLA can’t wait for Monday", "likes_count": 0, "replies_count": 0, "retweets_count": 0, "hashtags": []}
{"id": 1066447031990923265, "date": "2018-11-24", "time": "16:42:40", "tweet": "Here Are The Compounding Issues Facing Markets $BA $KO $UNH $VZ $NFLX $TSLA $SPX  https://t.co/TiaeXnkOKm", "likes_count": 0, "replies_count": 0, "retweets_count": 0, "hashtags": []}
{"id": 1066446701177782273, "date": "2018-11-24", "time": "16:41:21", "tweet": "Check out this quick DD video I made! $UPIN stock ticker &lt;-----MUST SEE! $UPIN $cafs $nhpi $mdin $srup $gifx $libe $tron #stocks #pennystocks $spy $spx #options #videos #motivation #investing #business $coop$wwio $amrn $owcp $celz $krfg $drus $ammx $heme $tsla $aapl $hmny $dis  https://t.co/PsIuHQP7eC", "likes_count": 9, "replies_count": 3, "retweets_count": 6, "hashtags": ["stocks", "pennystocks", "options", "videos", "motivation", "investing", "business"]}
{"id": 1066446465415835648, "date": "2018-11-24", "time": "16:40:25", "tweet": "@ParadiseTrader3 You seem to be running quite low on Koolaid. $TSLA", "likes_count": 2, "replies_count": 1, "retweets_count": 0, "hashtags": []}
{"id": 1066446177728647168, "date": "2018-11-24", "time": "16:39:17", "tweet": "$TSLA  Tesla Maturing Sideways Price Action? Read the full article here--&gt;  https://t.co/YAgxw5es5U #elliottwave #trading  https://t.co/yDMoxTn5cz", "likes_count": 2, "replies_count": 0, "retweets_count": 0, "hashtags": ["elliottwave", "trading"]}
{"id": 1066444607481937922, "date": "2018-11-24", "time": "16:33:02", "tweet": "@david__belle Yep...  $TSLA $375 seemed to be the roof..    $TSLA $400 is definitely a good entry point for the down side.    Puts or Bear Call spreads.    Naked short for highly \"volatile stock with huge short interest\" is risky.", "likes_count": 1, "replies_count": 1, "retweets_count": 0, "hashtags": []}
{"id": 1066444574556442624, "date": "2018-11-24", "time": "16:32:54", "tweet": "Hey @elonmusk, this looks like a GREAT IDEA!   You should do it $tsla", "likes_count": 4, "replies_count": 1, "retweets_count": 0, "hashtags": []}
{"id": 1066444175430860801, "date": "2018-11-24", "time": "16:31:19", "tweet": "@elonmusk Buy $tsla now", "likes_count": 0, "replies_count": 0, "retweets_count": 0, "hashtags": []}
{"id": 1066443887248584704, "date": "2018-11-24", "time": "16:30:10", "tweet": "ACTIVE TRADERS Try one of these FREE trading guides:   https://t.co/B6ZBAj7H6e  $NFLX $TSLA $AAPL $BIDU $GS $FB $AMZN $GOOGL $NVDA", "likes_count": 0, "replies_count": 0, "retweets_count": 0, "hashtags": []}
{"id": 1066443710601211904, "date": "2018-11-24", "time": "16:29:28", "tweet": "Despite years of software releases and two cpu hardware revisions and three car models Tesla hasn’t managed to fix phantom power drain problems. $tsla", "likes_count": 13, "replies_count": 6, "retweets_count": 2, "hashtags": []}
{"id": 1066443667903258625, "date": "2018-11-24", "time": "16:29:18", "tweet": "@Analyst_G It seems like lately, the $TSLA is correlated with $USD  and $GOLD as safe-haven play 🙂  Yep.  until it wont..   But the below is all I care:  \"Elon Musk Says Test Flights for Travel to Mars Could Start Early Next Year\"  I am ready...", "likes_count": 0, "replies_count": 1, "retweets_count": 0, "hashtags": []}
{"id": 1066442211041132547, "date": "2018-11-24", "time": "16:23:31", "tweet": "$SPY gauge chart analysis &amp; next week watchlist $AAPL $BABA $BIDU $CAT $FB $IBM $NFLX $NVDA $TSLA $LULU $GOOGL $AMZN $MOMO $SQ $ROKU $AMD $FL #trading #stock #market #Financial #money #profit #research #SaturdayMorning #weekend #news #winning #review  https://t.co/6OXTqJLiRW", "likes_count": 1, "replies_count": 0, "retweets_count": 0, "hashtags": ["trading", "stock", "market", "financial", "money", "profit", "research", "saturdaymorning", "weekend", "news", "winning", "review"]}
{"id": 1066442083890749441, "date": "2018-11-24", "time": "16:23:00", "tweet": "@ThomasR23891449 @Scott_Az @Wasty_1O @a_dude__ @elonmusk Sure. $tsla lost over 3 billion in the last 3 years.  https://t.co/fM5IYCWQEn", "likes_count": 0, "replies_count": 3, "retweets_count": 0, "hashtags": []}
{"id": 1066441243490545664, "date": "2018-11-24", "time": "16:19:40", "tweet": "@style_and_steel I wonder if he and his hero Elon Musk will one day share prison tips. $TSLA #Bitcoin", "likes_count": 1, "replies_count": 0, "retweets_count": 0, "hashtags": ["bitcoin"]}
{"id": 1066441242433765376, "date": "2018-11-24", "time": "16:19:40", "tweet": "$FAANG-N &amp; $VIX related ETNs Charts update  For those who prefer charts instead of data-drive quant analysis:  All FAANG-N stocks in Bear Market  1. more than -20% below 52w High 2. below 200d &amp; 50d &amp; 20d SMA 3. RSI below 50  $TSLA is the only stocks in the list &gt; 200d &amp; 50d MA  https://t.co/KZRviHUTzd", "likes_count": 2, "replies_count": 2, "retweets_count": 3, "hashtags": []}
{"id": 1066439458155831296, "date": "2018-11-24", "time": "16:12:34", "tweet": "Just put the car on autopilot and $tsla can add the cost of divorce to savings calculation", "likes_count": 7, "replies_count": 1, "retweets_count": 0, "hashtags": []}
{"id": 1066439247312314368, "date": "2018-11-24", "time": "16:11:44", "tweet": "@nntaleb Agreed on the general point that EVs are so much less complex that all else being equal they need much less maintenance. My two Priuses (12 years) were almost no trouble because small, simple gas engine. BUT $tsla Model 3s are failure prone, most poorly built, software bugs...", "likes_count": 15, "replies_count": 1, "retweets_count": 0, "hashtags": []}
{"id": 1066437904531185665, "date": "2018-11-24", "time": "16:06:24", "tweet": "$FAANG-N &amp; $VIX related ETNs performance update  Top = ranked by weekly perf Lower = ranked by quarterly perf  All FAANG-N stocks in Bear Market  1. more than -20% below 52w High 2. below 200d &amp; 50d &amp; 20d SMA 3. RSI below 50  $TSLA &gt; 200d and 50d MA  Long $VIX ETNs are top perf  https://t.co/6trAeka53l", "likes_count": 3, "replies_count": 0, "retweets_count": 0, "hashtags": []}
{"id": 1066437542390550528, "date": "2018-11-24", "time": "16:04:58", "tweet": "@markbspiegel Love the name of the mall its appropriate $tsla", "likes_count": 6, "replies_count": 0, "retweets_count": 0, "hashtags": []}
{"id": 1066437003367993344, "date": "2018-11-24", "time": "16:02:49", "tweet": "@Benshooter $TSLA #BetaTesting", "likes_count": 3, "replies_count": 0, "retweets_count": 0, "hashtags": ["betatesting"]}
{"id": 1066436966730784768, "date": "2018-11-24", "time": "16:02:40", "tweet": "$TSLA (1) Tesla is the 1st company to approach cars as a software problem. (2) “By treating cars as software, and constantly pushing updates, Tesla can command a premium price today by selling the roadmap. https://t.co/iFOA0PcTV4", "likes_count": 1, "replies_count": 0, "retweets_count": 0, "hashtags": []}
{"id": 1066436685599137792, "date": "2018-11-24", "time": "16:01:33", "tweet": "Watch Tesla Model 3 driver laugh off 137-mph spinout at Bonneville  https://t.co/4HlPmc9xQW $TSLA", "likes_count": 1, "replies_count": 0, "retweets_count": 0, "hashtags": []}
{"id": 1066436442438680577, "date": "2018-11-24", "time": "16:00:35", "tweet": "251 Profit-Packed Option Trades Yearly--Delivered to Your Inbox Daily--FREE!  https://t.co/jUgTHbqn1Q $BABA $GOOGL $TSLA $BIDU", "likes_count": 0, "replies_count": 0, "retweets_count": 0, "hashtags": []}
{"id": 1066436289401110529, "date": "2018-11-24", "time": "15:59:59", "tweet": "@pluripotency @bonnienorman GoFundMes don’t grow revenues at an avg of &gt; 90% per year 😂 Don’t be fooled by the mission statement into thinking $tsla isn’t going to be one of the most profitable companies to have ever existed (if not the most). Just so happens they’ll be doing so with good intentions.", "likes_count": 1, "replies_count": 0, "retweets_count": 0, "hashtags": []}
{"id": 1066434845528731650, "date": "2018-11-24", "time": "15:54:15", "tweet": "@GerberKawasaki @washingtonpost I see Mark changing his name, shaving his head and skipping off to a third world country in short time from his $TSLA trade going severely wrong... Just took delivery today - go Tesla!  https://t.co/4dh7ZXw9BJ", "likes_count": 1, "replies_count": 0, "retweets_count": 0, "hashtags": []}
{"id": 1066433316046426114, "date": "2018-11-24", "time": "15:48:10", "tweet": "Can’t make the live webinar? No problem. Live twtr feed meets daily. For less than a $1 per day , you can take advantage of the power of the pivot  https://t.co/c1ZYxyTozf $amzn $tsla $nflx $nvda $aapl $fb $qqq $googl $sq $roku #ps60  https://t.co/6FPIBICNMq", "likes_count": 0, "replies_count": 0, "retweets_count": 1, "hashtags": ["ps60"]}
{"id": 1066432538212732931, "date": "2018-11-24", "time": "15:45:05", "tweet": "NOW OFFERING 7 Day FREE Trial to  options day trading team Room or $TWTR feed   https://t.co/UIs4zNJZEq $CELG $AAPL $NFLX $TSLA $AMZN $GOOGL", "likes_count": 0, "replies_count": 0, "retweets_count": 0, "hashtags": []}
{"id": 1066431513422716930, "date": "2018-11-24", "time": "15:41:00", "tweet": "The U.S. debt-to-GDP ratio is over 100%. I'm sure this is perfectly fine, right?   $SLV $GLD $QQQ $DJIA $DIA $BTC $ETH $SPY #stockmarket #commodities #investing #finance #stocks #gold #silver $FB $TWTR $AAPL $AMZN $TSLA $INTC $AMD $NFLX #economy #recession #economics #politics  https://t.co/KSiKPinOB5", "likes_count": 1, "replies_count": 0, "retweets_count": 2, "hashtags": ["stockmarket", "commodities", "investing", "finance", "stocks", "gold", "silver", "economy", "recession", "economics", "politics"]}
{"id": 1066430897891745792, "date": "2018-11-24", "time": "15:38:34", "tweet": "$TSLA - The Logical Extrapolation From Tesla's Price Cut In China?  https://t.co/mj24tARWuc", "likes_count": 0, "replies_count": 0, "retweets_count": 0, "hashtags": []}
{"id": 1066429597024161792, "date": "2018-11-24", "time": "15:33:23", "tweet": "Average sentiment (from SeekingAlpha Comments): $AMD: 📉-0.06(32) $FB: 📈0.81(3) $INTC: 📈0.61(1) $MU: 📈0.21(5) $TSLA: 📉-0.55(11)", "likes_count": 1, "replies_count": 0, "retweets_count": 0, "hashtags": []}
{"id": 1066429596701261824, "date": "2018-11-24", "time": "15:33:23", "tweet": "Average sentiment (from Twitter): $AMD: 📈0.97(11) $GOOG: 📈0.59(48) $FB: 📈0.16(102) $MMM: 📈0.48(8) $CAT: 📉-0.76(3) $AMZN: 📈0.23(88) $INTC: 📉-0.02(10) $PM: 📈0.17(8) $MS: 📉-0.07(17) $JPM: 📉-0.43(29) $MU: 📉-0.32(15) $TSLA: 📉-0.04(215)", "likes_count": 3, "replies_count": 0, "retweets_count": 0, "hashtags": []}
{"id": 1066429385727717380, "date": "2018-11-24", "time": "15:32:33", "tweet": "$TSLA headed to the 200 MA", "likes_count": 0, "replies_count": 0, "retweets_count": 0, "hashtags": []}
{"id": 1066428786802114560, "date": "2018-11-24", "time": "15:30:10", "tweet": "ACTIVE TRADERS Try one of these FREE trading guides:   https://t.co/133YnceCF4  $NFLX $TSLA $AAPL $PCLN $GS $FB $AMZN $GOOGL $NVDA", "likes_count": 0, "replies_count": 0, "retweets_count": 0, "hashtags": []}
{"id": 1066428100332978176, "date": "2018-11-24", "time": "15:27:27", "tweet": "@markbspiegel Mark I wouldn’t be worrying much about $TSLA December if I was you- as much as your year end losses and your apology letter to your bag holders - what’s your avg short price gain 220 or 240 #PainfullToBeShortTSLA", "likes_count": 0, "replies_count": 0, "retweets_count": 0, "hashtags": ["painfulltobeshorttsla"]}
{"id": 1066427636799496193, "date": "2018-11-24", "time": "15:25:36", "tweet": "All you need to know about this Jabroni... $TSLA  https://t.co/18AMR2kcBJ", "likes_count": 18, "replies_count": 6, "retweets_count": 0, "hashtags": []}
{"id": 1066425540880621574, "date": "2018-11-24", "time": "15:17:16", "tweet": "@ssb168 @MattMillerCubed @bonnienorman @pluripotency I could care less about BK, even though it’s fun to speculate on an insolvent company which $TSLA is. I’m more interested in the share price come back to fair value around $20/share.", "likes_count": 1, "replies_count": 1, "retweets_count": 0, "hashtags": []}
{"id": 1066424993490395136, "date": "2018-11-24", "time": "15:15:06", "tweet": "1 to 4  trade alerts with 50% to 100% profit potential everyday, try our team  https://t.co/YvnudYWluf   $FB $NFLX $AMZN $LVS $TSLA $AAPL $GS", "likes_count": 0, "replies_count": 0, "retweets_count": 0, "hashtags": []}
{"id": 1066424226440048640, "date": "2018-11-24", "time": "15:12:03", "tweet": "how $TSLA gets to $150B in revenue &amp; $20B in profit by 2024  https://t.co/TN1INdia2L", "likes_count": 116, "replies_count": 6, "retweets_count": 12, "hashtags": []}
{"id": 1066423391056551938, "date": "2018-11-24", "time": "15:08:44", "tweet": "@TEEELAZER last weekend it was all about $tsla monthly bull flag lmao", "likes_count": 1, "replies_count": 0, "retweets_count": 0, "hashtags": []}
{"id": 1066422375196041216, "date": "2018-11-24", "time": "15:04:42", "tweet": "Gravestone Doji in this case is bullish and may mean reversal in markets next week, a higher low would be an ideal setup but could see markete undercut previous low and then reverse $spy $aapl $amzn  $goog $fb $nflx  $twtr $tsla  https://t.co/iQWUfdRMJU", "likes_count": 0, "replies_count": 1, "retweets_count": 0, "hashtags": []}
{"id": 1066422318275194881, "date": "2018-11-24", "time": "15:04:28", "tweet": "Want to know a little more about FTD's. $weyl $nwbo $plug $tsla  Great stuff   https://t.co/1sHYw5SMKd", "likes_count": 2, "replies_count": 0, "retweets_count": 0, "hashtags": []}
{"id": 1066422216584237057, "date": "2018-11-24", "time": "15:04:04", "tweet": "@WehbyJammin @MattMillerCubed @bonnienorman @pluripotency look, $tsla going bk in 201x 😂  https://t.co/W5anWa81Hp", "likes_count": 1, "replies_count": 1, "retweets_count": 1, "hashtags": []}
{"id": 1066422068638552064, "date": "2018-11-24", "time": "15:03:28", "tweet": "@tekmunnee what are your thoughts on $TSLA ? They’ve dropped in the past few days, do you think they will go back up?", "likes_count": 0, "replies_count": 0, "retweets_count": 0, "hashtags": []}
{"id": 1066421769031028736, "date": "2018-11-24", "time": "15:02:17", "tweet": "@ssb168 @bonnienorman @pluripotency Those are both still on the table but as long as dumb consumers disregard issues just to say they own a Tesla, Elon’s fantasy can survive. Problem for $TSLA is there aren’t enough dumb buyers to carry them long enough.", "likes_count": 1, "replies_count": 0, "retweets_count": 0, "hashtags": []}
{"id": 1066421383192879104, "date": "2018-11-24", "time": "15:00:45", "tweet": "Don't miss our next FREE OPTION TRADE.  Sign up for our Daily Free Trades at  https://t.co/NgcvqntFAZ $NVDA $TSLA $GS $ORCL $BAC $GOOGL $FB", "likes_count": 0, "replies_count": 0, "retweets_count": 0, "hashtags": []}
{"id": 1066420851820699650, "date": "2018-11-24", "time": "14:58:38", "tweet": "@MattMillerCubed @bonnienorman @ssb168 @pluripotency You cultists are really blind to reality. While Tesla is getting eaten alive in more mature EV markets, you all pretend everything is fine and dandy because California virtue signalers continue to carry Elon’s dead body. $TSLA", "likes_count": 2, "replies_count": 2, "retweets_count": 0, "hashtags": []}
{"id": 1066419970974916610, "date": "2018-11-24", "time": "14:55:08", "tweet": "Try our swing trading service built for individuals who want to trade longer-term timeframes around their full-time careers. Find out more here:  https://t.co/1uaIeEt8Nn $TSLA $AAPL $WFC $SQ", "likes_count": 0, "replies_count": 0, "retweets_count": 0, "hashtags": []}
{"id": 1066419552550940672, "date": "2018-11-24", "time": "14:53:29", "tweet": "$TSLA  Month  https://t.co/VI8c8KTOqJ", "likes_count": 0, "replies_count": 2, "retweets_count": 0, "hashtags": []}
{"id": 1066418179797381122, "date": "2018-11-24", "time": "14:48:01", "tweet": "Educational Video: The Best Stock Pattern for Parabolic Runners --&gt;  https://t.co/NajLwnSkdE    $UVXY $TVIX $VXX $DRYS $MARA $RIOT $OSTK $AMD $MU $TSLA $TLRY $CGC $NBEV  https://t.co/8FkNahbkrG", "likes_count": 0, "replies_count": 0, "retweets_count": 0, "hashtags": []}
{"id": 1066418066014302209, "date": "2018-11-24", "time": "14:47:34", "tweet": "Strong watches into next week:  $TNXP $AMD $ANY $CRMD $DTEA $BABA $ICLK $MTNB $NIO $TSLA $OSTK $RGSE $SESN $RSLS $SOLO $VXRT $CLRO $INNT", "likes_count": 3, "replies_count": 1, "retweets_count": 1, "hashtags": []}
{"id": 1066417777769013249, "date": "2018-11-24", "time": "14:46:25", "tweet": "Why Tesla Is Up 12% So Far in 2018 @themotleyfool #stocks $TSLA, $TWTR, $NIO  https://t.co/iv90yZyMhQ", "likes_count": 0, "replies_count": 0, "retweets_count": 0, "hashtags": ["stocks"]}
{"id": 1066416989713788928, "date": "2018-11-24", "time": "14:43:18", "tweet": "“Tesla registered 1,774 new #Model3 VINs. ~72% estimated to be dual motor. Highest VIN is 183559.” Via @Model3VINs   $TSLA #Tesla #Model3", "likes_count": 49, "replies_count": 0, "retweets_count": 5, "hashtags": ["model3", "tesla", "model3"]}
{"id": 1066416750466490368, "date": "2018-11-24", "time": "14:42:21", "tweet": "@mikeykahr @filmakesmusic @DJ1N0 @elonmusk @cleantechnica Why are you comparing it to a v8? One of the most popular $tsla trade-ins is a Prius.", "likes_count": 0, "replies_count": 0, "retweets_count": 0, "hashtags": []}
{"id": 1066415541290553344, "date": "2018-11-24", "time": "14:37:32", "tweet": "$RWLK penny stock in play next week. Hearing FDA submission news out soon and approval should ice the cake soon as well. $FB $NVDA $AMD $TLRY $AMZN $NFLX $BABA $TSLA $AAPL  https://t.co/g6EdLszXpc", "likes_count": 4, "replies_count": 0, "retweets_count": 0, "hashtags": []}
{"id": 1066414920827355136, "date": "2018-11-24", "time": "14:35:04", "tweet": "@mdad8200 So much hyperbole, that the Company put out a “Cold Weather” update. $TSLA", "likes_count": 0, "replies_count": 1, "retweets_count": 0, "hashtags": []}
{"id": 1066414650009489408, "date": "2018-11-24", "time": "14:34:00", "tweet": "Take a look inside Tesla's #Buffalo factory  https://t.co/XQjkBuwU8L $TSLA", "likes_count": 1, "replies_count": 0, "retweets_count": 1, "hashtags": ["buffalo"]}
{"id": 1066413700045774849, "date": "2018-11-24", "time": "14:30:13", "tweet": "ACTIVE TRADERS Try one of these FREE trading guides:   https://t.co/Wr81PoVQhJ  $NFLX $TSLA $AAPL $AXP $GS $FB $AMZN $GOOGL $NVDA", "likes_count": 1, "replies_count": 0, "retweets_count": 0, "hashtags": []}
{"id": 1066413669985263618, "date": "2018-11-24", "time": "14:30:06", "tweet": "@cleantechnica Characteristic $tsla data analysis  Your headline is plain wrong, compared to your own graph  Should read \"0.5x More Tesla Model 3 Sales Than Ford Mustang\"   Unless you consider misrepresenting excess by merely 100% within tolerance", "likes_count": 0, "replies_count": 0, "retweets_count": 0, "hashtags": []}
{"id": 1066413251309785095, "date": "2018-11-24", "time": "14:28:26", "tweet": "@ssb168 @pluripotency @bonnienorman Has anyone used those patents? Are $TSLA investors naive enough to believe Elon wants other OEM EVs to succeed?", "likes_count": 1, "replies_count": 1, "retweets_count": 0, "hashtags": []}
{"id": 1066412444011151360, "date": "2018-11-24", "time": "14:25:14", "tweet": "From the ‘waiting nine months for parts in Canada’ story I retweeted earlier. Imagine what these customers think of Elon’s tweets.   $TSLA  https://t.co/YWhesh6rNh", "likes_count": 26, "replies_count": 2, "retweets_count": 1, "hashtags": []}
{"id": 1066412280768802817, "date": "2018-11-24", "time": "14:24:35", "tweet": "#Tesla Batteries Prove Best Value in Class — UBS 🏣 “#Batteries produced in #Gigafactory are 20% more cost efficient than next best...Winning at 🔋🔋 will have significant ramifications for those who wish to emerge as the carmakers of the future”  https://t.co/QxJkQjnYhs $TSLA #EV  https://t.co/IDxOHNYnRE", "likes_count": 7, "replies_count": 0, "retweets_count": 3, "hashtags": ["tesla", "batteries", "gigafactory", "ev"]}
{"id": 1066411816786558976, "date": "2018-11-24", "time": "14:22:44", "tweet": "Had a body repair on my @chevrolet Thanksgiving week. Car was back to me in 3 days good as new. #Tesla $TSLA $TSLAQ", "likes_count": 4, "replies_count": 0, "retweets_count": 1, "hashtags": ["tesla"]}
{"id": 1066410782265614336, "date": "2018-11-24", "time": "14:18:38", "tweet": "Couple great calls this week! Follow for more:) $KMPH $RGSE $BTC.X $TSLA $AWX $ANY  https://t.co/HlaTQRsEgo", "likes_count": 1, "replies_count": 0, "retweets_count": 0, "hashtags": []}
{"id": 1066409892901195777, "date": "2018-11-24", "time": "14:15:06", "tweet": "NOW OFFERING 7 Day FREE Trial to  options day trading team Room or $TWTR feed   https://t.co/7u0UYizFuP $SPX $AAPL $NFLX $TSLA $AMZN $GOOGL", "likes_count": 0, "replies_count": 0, "retweets_count": 0, "hashtags": []}
{"id": 1066408542138175490, "date": "2018-11-24", "time": "14:09:44", "tweet": "Just took the time to update my spreadsheet of $TSLA vehicle production. Feels good to see that Q3 bump 😍⚡  https://t.co/xwNi8d2tgE  https://t.co/TPlbV3678n", "likes_count": 0, "replies_count": 1, "retweets_count": 0, "hashtags": []}
{"id": 1066407186119692288, "date": "2018-11-24", "time": "14:04:20", "tweet": "Small business Saturday! Use code “SMALL” for 35% off an annual subscription!   $NIO $TSLA $REPR $LOAN $NVDA $AMZN $AAPL $MEET $CETX $AEHR $SMIT $LEAT $SEAC $PRTS $VTSI  https://t.co/vItMlsBkYn", "likes_count": 3, "replies_count": 0, "retweets_count": 1, "hashtags": []}
{"id": 1066406871970521088, "date": "2018-11-24", "time": "14:03:05", "tweet": "@IKN_Mark Ross is about to have s few rough years as his $TSLAQ, $TSLA promote blows up. Well deserved given what a promoter he has been.", "likes_count": 2, "replies_count": 1, "retweets_count": 0, "hashtags": []}
{"id": 1066405151618019333, "date": "2018-11-24", "time": "13:56:15", "tweet": "@markbspiegel I'm more put off by the Jumbotron than the panel gaps. $tsla", "likes_count": 0, "replies_count": 0, "retweets_count": 0, "hashtags": []}
{"id": 1066403355713593344, "date": "2018-11-24", "time": "13:49:07", "tweet": "@pluripotency @bonnienorman he did open source $tsla patents, do you know about that?", "likes_count": 1, "replies_count": 1, "retweets_count": 0, "hashtags": []}
{"id": 1066402345708339202, "date": "2018-11-24", "time": "13:45:06", "tweet": "1 to 4  trade alerts with 50% to 100% profit potential everyday, try our team  https://t.co/HyULT5H2Bd   $FB $NFLX $AMZN $GOOGL $TSLA $AAPL $GS", "likes_count": 0, "replies_count": 0, "retweets_count": 0, "hashtags": []}
{"id": 1066401198465417222, "date": "2018-11-24", "time": "13:40:33", "tweet": "I still think a Tesla Volunteer Flamethrower Army would be an effective solution -- to a lot of things. $TSLA", "likes_count": 5, "replies_count": 1, "retweets_count": 1, "hashtags": []}
{"id": 1066400658914508806, "date": "2018-11-24", "time": "13:38:24", "tweet": "After one week in #Europe (#Sweden) and no information about price and when it be delivered. \"No demand\".  #Tesla $TSLA $TSLAQ  https://t.co/spK9rPaILh", "likes_count": 4, "replies_count": 1, "retweets_count": 0, "hashtags": ["europe", "sweden", "tesla"]}
{"id": 1066399672632295433, "date": "2018-11-24", "time": "13:34:29", "tweet": "@Polixenes13 @hilinetrail @DenverTeslaClub Colorado state subsidies are scheduled to end 12/31/19. $TSLA", "likes_count": 0, "replies_count": 0, "retweets_count": 0, "hashtags": []}
{"id": 1066399126277877760, "date": "2018-11-24", "time": "13:32:19", "tweet": "Continuously opening and closing windows at ludicrous speed prevents ice accumulation and creates an air curtain effect. $TSLA", "likes_count": 0, "replies_count": 0, "retweets_count": 0, "hashtags": []}
{"id": 1066398899420704769, "date": "2018-11-24", "time": "13:31:25", "tweet": "\"There is a bit of irony in the fact that the global warming Elon Musk is so vehemently fighting against is nowhere to be seen as cold weather continues to expose how poorly designed and thought out the company's Model 3 is.\"  $TSLA  More problems  https://t.co/zpBWiNmD5I", "likes_count": 10, "replies_count": 8, "retweets_count": 1, "hashtags": []}
{"id": 1066398602086531073, "date": "2018-11-24", "time": "13:30:14", "tweet": "ACTIVE TRADERS Try one of these FREE trading guides:   https://t.co/yPd6yPSPoZ  $NFLX $TSLA $AAPL $CMG $GS $FB $AMZN $GOOGL $NVDA", "likes_count": 0, "replies_count": 0, "retweets_count": 0, "hashtags": []}
{"id": 1066398379641589760, "date": "2018-11-24", "time": "13:29:21", "tweet": "Bears attacking tents. Elon was smart to hire veterans as private guards.  $TSLA $TSLAQ", "likes_count": 1, "replies_count": 0, "retweets_count": 0, "hashtags": []}
{"id": 1066398207226335232, "date": "2018-11-24", "time": "13:28:39", "tweet": "323.14 next for $TSLA. A short since 333.55 was broken. Targets being 323.14 &amp; 301.13. Weekly a short @ 323.13. Bulls need to retake 353.11.  Must be time for some #ElonMusk tweets, expect them IF 323.14 fails!😂  https://t.co/bNWILp3WlU", "likes_count": 0, "replies_count": 0, "retweets_count": 0, "hashtags": ["elonmusk"]}
{"id": 1066396593971064832, "date": "2018-11-24", "time": "13:22:15", "tweet": "@pluripotency That's true for most companies, but if you invest in $TSLA, you probably should first read the mission statement.  It's not about putting Tesla first, it's about transitioning the world to sustainable energy. Successful competition is part of accomplishing that mission.", "likes_count": 125, "replies_count": 9, "retweets_count": 14, "hashtags": []}
{"id": 1066395838447067137, "date": "2018-11-24", "time": "13:19:15", "tweet": "ICYMI another bullish lawsuit filed against $TSLA Wednesday...  https://t.co/1OfBxdCfHU", "likes_count": 1, "replies_count": 0, "retweets_count": 0, "hashtags": []}
{"id": 1066394489034547201, "date": "2018-11-24", "time": "13:13:53", "tweet": "$TSLA - Yes, pullback.  To $310", "likes_count": 0, "replies_count": 0, "retweets_count": 0, "hashtags": []}
{"id": 1066394039363223552, "date": "2018-11-24", "time": "13:12:06", "tweet": "via GerberKawasaki: LOL! #tesla $tsla $tsla", "likes_count": 0, "replies_count": 0, "retweets_count": 0, "hashtags": ["tesla"]}
{"id": 1066394015854026752, "date": "2018-11-24", "time": "13:12:00", "tweet": "'Voluntary recall' is often code for under sealed DOJ criminal investigation. Government, while negotiating behind closed doors, will allow a company to fix the problem to avoid being sued by the government. Common from medical device to automotive industry. $JNJ #Acclarent $TSLA", "likes_count": 3, "replies_count": 0, "retweets_count": 1, "hashtags": ["acclarent"]}
{"id": 1066393660168663040, "date": "2018-11-24", "time": "13:10:35", "tweet": "Winning Setup #340 - $TSLA - Decent move!~ Setups like these happen almost everyday for us. We want you to prosper from these wins as well. Learn how to find and trade these setups with the #1 Trading Masterclass! -  https://t.co/JXEbWmURVI … … …  https://t.co/ltDpnsLwgR", "likes_count": 0, "replies_count": 0, "retweets_count": 0, "hashtags": []}
{"id": 1066393660055404544, "date": "2018-11-24", "time": "13:10:35", "tweet": "LOL! #tesla $tsla", "likes_count": 91, "replies_count": 4, "retweets_count": 11, "hashtags": ["tesla"]}
{"id": 1066393384619671558, "date": "2018-11-24", "time": "13:09:30", "tweet": "Hundreds and hundreds of winning setups. Proving the system works on a daily basis. We want you to prosper from these wins as well. Learn how to find and trade profitable setups with the #1 Trading Masterclass! - $TSLA $REN $SQ $TLRY $NVDA $NFLX  https://t.co/JXEbWmURVI …  https://t.co/daciKqAOi1", "likes_count": 0, "replies_count": 0, "retweets_count": 0, "hashtags": []}
{"id": 1066393291606945794, "date": "2018-11-24", "time": "13:09:08", "tweet": "Nice photo ⁦@markbspiegel⁩ $tsla  https://t.co/E5oft6k1iH", "likes_count": 133, "replies_count": 9, "retweets_count": 15, "hashtags": []}
{"id": 1066392676788891648, "date": "2018-11-24", "time": "13:06:41", "tweet": "Winning Setup #335 - $TSLA - Apparently a 'Do!'. Setups like these happen almost every day for us. We want you to prosper from these wins as well. Click here to join us &gt;&gt;  https://t.co/W3RHwzt5fk  https://t.co/aJUzD8I4n1", "likes_count": 0, "replies_count": 0, "retweets_count": 0, "hashtags": []}
{"id": 1066392420626169862, "date": "2018-11-24", "time": "13:05:40", "tweet": "My apologies for the delay  What's your ONE thing today?  Mine: 📜 on $TSLA Short Squeeze  Please confirm with \"Done\" by midnight", "likes_count": 34, "replies_count": 7, "retweets_count": 3, "hashtags": []}
{"id": 1066392183719321611, "date": "2018-11-24", "time": "13:04:43", "tweet": "$TSLA  ....", "likes_count": 0, "replies_count": 0, "retweets_count": 0, "hashtags": []}
{"id": 1066391846463492096, "date": "2018-11-24", "time": "13:03:23", "tweet": "@CNBC So does $TSLA and $TSLAQ.", "likes_count": 0, "replies_count": 0, "retweets_count": 0, "hashtags": []}
{"id": 1066391486030274560, "date": "2018-11-24", "time": "13:01:57", "tweet": "@orthereaboot @BlondesE @ParadiseTrader3 @Paul91701736 @tslaq @xenomorpher1 @TeslaCharts @FTC @SF_SEC @NewYork_SEC @SEC_Enforcement @TheJusticeDept @NCAGO It's like #Uber surge. A corrupt company gets to decide when to #BaitAndSwitch consumers. $TSLA #Tesla", "likes_count": 4, "replies_count": 1, "retweets_count": 0, "hashtags": ["uber", "baitandswitch", "tesla"]}
{"id": 1066391296091262977, "date": "2018-11-24", "time": "13:01:12", "tweet": "Looks comfortable ! Also looks like British Airways has named their inflight magazine after @elonmusk #Telsa $TSLA", "likes_count": 0, "replies_count": 0, "retweets_count": 0, "hashtags": ["telsa"]}
{"id": 1066391270845755392, "date": "2018-11-24", "time": "13:01:06", "tweet": "Don't miss our next FREE OPTION TRADE.  Sign up for our Daily Free Trades at  https://t.co/NXaaS3IHVc $NVDA $TSLA $GS $AAPL $BAC $GOOGL $FB", "likes_count": 0, "replies_count": 0, "retweets_count": 0, "hashtags": []}
{"id": 1066390664101994496, "date": "2018-11-24", "time": "12:58:41", "tweet": "How is this even legal? Sales should be halted in Canada until $TSLA demonstrates it can service the cars they sell there. Oh, same thing here.", "likes_count": 49, "replies_count": 5, "retweets_count": 7, "hashtags": []}
{"id": 1066390329472049152, "date": "2018-11-24", "time": "12:57:21", "tweet": "$TSLA #teslamodel3", "likes_count": 4, "replies_count": 0, "retweets_count": 0, "hashtags": ["teslamodel3"]}
{"id": 1066389880215728128, "date": "2018-11-24", "time": "12:55:34", "tweet": "@elonmusk @ValueAnalyst1 @Gfilche @gwestr When Fuel Susidies are Removed and Taxes reflect Costs. The $TSLAQ take to the Streets. $TSLA or EVs Not So Much.  https://t.co/Yx5XJwvALv", "likes_count": 0, "replies_count": 0, "retweets_count": 0, "hashtags": []}
{"id": 1066388343749926913, "date": "2018-11-24", "time": "12:49:28", "tweet": "@AskGeorgeBailey $TSLA prob going to test $300", "likes_count": 0, "replies_count": 0, "retweets_count": 0, "hashtags": []}
{"id": 1066388099704463360, "date": "2018-11-24", "time": "12:48:30", "tweet": "@FGasbag so much great $TWTR content will disappear once $TSLA goes bankrupt and Elon goes to jail (or dies of a drug overdose)", "likes_count": 4, "replies_count": 0, "retweets_count": 0, "hashtags": []}
{"id": 1066387740839706624, "date": "2018-11-24", "time": "12:47:04", "tweet": "$TSLA to the bottom 😂", "likes_count": 0, "replies_count": 0, "retweets_count": 0, "hashtags": []}
{"id": 1066387240790753281, "date": "2018-11-24", "time": "12:45:05", "tweet": "NOW OFFERING 7 Day FREE Trial to  options day trading team Room or $TWTR feed   https://t.co/wkzyMt6THE $IBB $AAPL $NFLX $TSLA $AMZN $GOOGL", "likes_count": 0, "replies_count": 0, "retweets_count": 0, "hashtags": []}
{"id": 1066386768931577856, "date": "2018-11-24", "time": "12:43:12", "tweet": "In many places in California, $TSLA's \"free unlimited Supercharging\" is neither free nor unlimited. You pay by waiting an hour in line. Then you are restricted to 40 minutes of Supercharging.", "likes_count": 41, "replies_count": 1, "retweets_count": 4, "hashtags": []}
{"id": 1066386315770441733, "date": "2018-11-24", "time": "12:41:24", "tweet": "Surrey (Canada) Tesla owner still waiting for repairs, 9 months after accident  https://t.co/ekDOKGoKMQ @markbspiegel $TSLAQ $TSLA #TESLA", "likes_count": 38, "replies_count": 7, "retweets_count": 11, "hashtags": ["tesla"]}
{"id": 1066386202268438528, "date": "2018-11-24", "time": "12:40:57", "tweet": "@AlexT18503601 @Smack_Check @ContrarianShort @TeslaCharts Serious question: how did $TSLA drop the ball so badly on EU homologation? It should have been accomplished months ago. Does anyone believe it is yet accomplished?", "likes_count": 6, "replies_count": 4, "retweets_count": 0, "hashtags": []}
{"id": 1066385736100909056, "date": "2018-11-24", "time": "12:39:06", "tweet": "A look at some of the top timestamps from this fall! #SPY #TSLA #TWTR #GS and many more! $HTGM $AKER $BPMX $SPY $TWTR $TSLA  #wedges #headandshoulders #technicalanalysis #trendlines #trading   Link:  https://t.co/GJFmIHChZB  https://t.co/uRuE3y4LWT", "likes_count": 0, "replies_count": 0, "retweets_count": 0, "hashtags": ["spy", "tsla", "twtr", "gs", "wedges", "headandshoulders", "technicalanalysis", "trendlines", "trading"]}
{"id": 1066385594576760832, "date": "2018-11-24", "time": "12:38:32", "tweet": "Haha listening to @QTRResearch's podcast with @CitronResearch confirms my thoughts about Left and $TSLA. He knows it's garbage but saw the opportunity for a quick profit and took full advantage. Gotta give him credit, that was a hell of a trade", "likes_count": 13, "replies_count": 0, "retweets_count": 0, "hashtags": []}
{"id": 1066384644466270208, "date": "2018-11-24", "time": "12:34:46", "tweet": "@QqTesla @Polixenes13 Winter of $tsla discontent has already arrived.", "likes_count": 5, "replies_count": 0, "retweets_count": 0, "hashtags": []}
{"id": 1066384601302462464, "date": "2018-11-24", "time": "12:34:36", "tweet": "@iAmNima @CsteveC24 @melkor237 @DJ1N0 @filmakesmusic @elonmusk @cleantechnica So it's not true that Elon is deeply in debt to Morgan Stanley against his $tsla shares?", "likes_count": 0, "replies_count": 1, "retweets_count": 0, "hashtags": []}
{"id": 1066384401838288897, "date": "2018-11-24", "time": "12:33:48", "tweet": "$TSLA pullback and next bounce break 360 resistance", "likes_count": 0, "replies_count": 0, "retweets_count": 0, "hashtags": []}
{"id": 1066384298528395265, "date": "2018-11-24", "time": "12:33:23", "tweet": "Average sentiment (from SeekingAlpha Comments): $AMD: 📉-0.14(17) $FB: 📈0.18(6) $AMZN: 📈0.26(1) $INTC: 📈0.61(1) $MU: 📈0.10(11) $TSLA: 📉-0.19(13)", "likes_count": 1, "replies_count": 0, "retweets_count": 0, "hashtags": []}
{"id": 1066384298230595585, "date": "2018-11-24", "time": "12:33:23", "tweet": "Average sentiment (from Twitter): $AMD: 📈1.00(9) $GOOG: 📈0.49(37) $FB: 📈0.16(91) $MMM: 📈0.25(10) $CAT: 📉-1.00(1) $AMZN: 📈0.29(73) $INTC: 📉-0.46(7) $PM: 📈0.09(11) $MS: 📉-0.03(18) $JPM: 📉-0.66(31) $MU: 📈0.34(16) $TSLA: 📉-0.01(161)", "likes_count": 0, "replies_count": 0, "retweets_count": 0, "hashtags": []}
{"id": 1066384226872889344, "date": "2018-11-24", "time": "12:33:06", "tweet": "@Renji_B_ @elonmusk Basically you’ve validated that @Tesla Autopilot is a valuable IP. Would think more like licensing it to another car manufacturers. Suspect Autopilot would require substantial IT investments to maintain and improve it. $TSLA", "likes_count": 1, "replies_count": 1, "retweets_count": 0, "hashtags": []}
{"id": 1066383827008962560, "date": "2018-11-24", "time": "12:31:31", "tweet": "via zerohedge: Tesla \"Fixes\" Cold Weather Issues With Vague Software Update, Causes More Problems  https://t.co/Xxn3IySFAM $tsla", "likes_count": 1, "replies_count": 0, "retweets_count": 0, "hashtags": []}
{"id": 1066383649929605121, "date": "2018-11-24", "time": "12:30:49", "tweet": "@Polixenes13 This is just demonstrating the first obvious issue w lack of testing. Chemical engineers expert in lithium &amp; corrosion are literally in disbelief that $tsla hasn’t extensively real-world tested the battery pack etc. Sadly, Tesla hasn’t.  Problems, however, will take a few years.", "likes_count": 6, "replies_count": 2, "retweets_count": 0, "hashtags": []}
{"id": 1066383510720716800, "date": "2018-11-24", "time": "12:30:16", "tweet": "ACTIVE TRADERS Try one of these FREE trading guides:   https://t.co/3WR5mdysFy  $NFLX $TSLA $AAPL $COST $GS $FB $AMZN $GOOGL $NVDA", "likes_count": 0, "replies_count": 0, "retweets_count": 0, "hashtags": []}
{"id": 1066381543734722561, "date": "2018-11-24", "time": "12:22:27", "tweet": "@Model3Owners $TSLA $TSLAQ @ElectrekCo To address the door issues, @elonmusk   has come up with a high-tech door entry system- the WIRELESS HANDLE WARMER for Model 3 owners! Every owner should carry one with them.  https://t.co/EGIGLmyNbj  https://t.co/d4Aj0iI0fU", "likes_count": 2, "replies_count": 1, "retweets_count": 0, "hashtags": []}
