{"id": 975156093306507264, "date": "2018-03-17", "time": "19:45:04", "tweet": "If you are not making money in this market &amp; want consistency, try our team  https://t.co/oKhzm2r1li   $SQ $NFLX $AMZN $AMD $TSLA $AAPL $GS", "likes_count": 0, "replies_count": 0, "retweets_count": 0, "hashtags": []}
{"id": 975155290667614210, "date": "2018-03-17", "time": "19:41:53", "tweet": "MIDAS SHARE TIPS: Trinity Exploration set for healthy returns  $GLD $XAUUSD  $TSLA $BARC $LYG $JPM $C $GBTC $SQ $AMZN $COIN $aapl $spy $nflx $nvda $mu $OPEC $USD $JPY $USOIL $UKOIL  https://t.co/sEwafWI1LT via @ThisIsMoney", "likes_count": 1, "replies_count": 0, "retweets_count": 1, "hashtags": []}
{"id": 975155218248798209, "date": "2018-03-17", "time": "19:41:36", "tweet": "$GLD $XAUUSD  $TSLA $BARC $LYG $JPM $C $GBTC $SQ $AMZN $COIN $aapl $spy $nflx $nvda $mu $OPEC $USD $JPY $USOIL $UKOIL  https://t.co/UFQs6pjCJL", "likes_count": 0, "replies_count": 0, "retweets_count": 0, "hashtags": []}
{"id": 975154853793198083, "date": "2018-03-17", "time": "19:40:09", "tweet": "Cambridge Analytica: links to Moscow oil firm and St Petersburg university $GLD $XAUUSD  $TSLA $BARC $LYG $JPM $C $GBTC $SQ $AMZN $COIN $aapl $spy $nflx $nvda $mu $OPEC $USD $JPY $USOIL $UKOIL    https://t.co/Aouj4V83Z9", "likes_count": 0, "replies_count": 0, "retweets_count": 0, "hashtags": []}
{"id": 975154749459836935, "date": "2018-03-17", "time": "19:39:44", "tweet": "Children as young as 12 use the dark web to deal in drugs with cryptocurrencies   $GLD $XAUUSD  $TSLA $BARC $LYG $JPM $C $GBTC $SQ $AMZN $COIN $aapl $spy $nflx $nvda $mu $OPEC $USD $JPY $USOIL $UKOIL  https://t.co/0RSr6H7SFH", "likes_count": 0, "replies_count": 0, "retweets_count": 0, "hashtags": []}
{"id": 975154607323340802, "date": "2018-03-17", "time": "19:39:10", "tweet": "Ten Oil and Gas Technology Start-Ups Win Funding  $GLD $XAUUSD  $TSLA $BARC $LYG $JPM $C $GBTC $SQ $AMZN $COIN $aapl $spy $nflx $nvda $mu $OPEC $USD $JPY $USOIL $UKOIL  https://t.co/EaOiVyTPAa via @Mar_Ex", "likes_count": 0, "replies_count": 0, "retweets_count": 0, "hashtags": []}
{"id": 975154452108840961, "date": "2018-03-17", "time": "19:38:33", "tweet": "Could blockchain change the world forever?   $GLD $XAUUSD  $TSLA $BARC $LYG $JPM $C $GBTC $SQ $AMZN $COIN $aapl $spy $nflx $nvda $mu $OPEC $USD $JPY $USOIL $UKOIL  https://t.co/H4vB1lN1rC #investing #motleyfool", "likes_count": 0, "replies_count": 0, "retweets_count": 0, "hashtags": ["investing", "motleyfool"]}
{"id": 975154147556319232, "date": "2018-03-17", "time": "19:37:20", "tweet": "While Bitcoin Moves Down, Blockchain Moves up in Canada  $GLD $XAUUSD  $TSLA $BARC $LYG $JPM $C $GBTC $SQ $AMZN $COIN $aapl $spy $nflx $nvda $mu $OPEC $USD $JPY $USOIL $UKOIL  https://t.co/Cb7xQ5G7d2", "likes_count": 0, "replies_count": 0, "retweets_count": 0, "hashtags": []}
{"id": 975154055168319488, "date": "2018-03-17", "time": "19:36:58", "tweet": "Cryptocurrency Will Be an Integral Part of Daily Life, Lendingblock Survey Says  $GLD $XAUUSD  $TSLA $BARC $LYG $JPM $C $GBTC $SQ $AMZN $COIN $aapl $spy $nflx $nvda $mu $OPEC $USD $JPY $USOIL $UKOIL  https://t.co/MjzTAe2eIQ via @themerklenews", "likes_count": 0, "replies_count": 0, "retweets_count": 0, "hashtags": []}
{"id": 975153983177273345, "date": "2018-03-17", "time": "19:36:41", "tweet": "9 reasons to be cautious with blockchain  $GLD $XAUUSD  $TSLA $BARC $LYG $JPM $C $GBTC $SQ $AMZN $COIN $aapl $spy $nflx $nvda $mu $OPEC $USD $JPY $USOIL $UKOIL  https://t.co/NrFKIfHNar via @ZDNet &amp; @joemckendrick", "likes_count": 0, "replies_count": 0, "retweets_count": 0, "hashtags": []}
{"id": 975153914898276352, "date": "2018-03-17", "time": "19:36:25", "tweet": "French Financial Regulator To Introduce Framework Legitimizing ICOs In Policy U-Turn  $GLD $XAUUSD  $TSLA $BARC $LYG $JPM $C $GBTC $SQ $AMZN $COIN $aapl $spy $nflx $nvda $mu $OPEC $USD $JPY $USOIL $UKOIL  https://t.co/LmHCZmdFrG via @Cointelegraph", "likes_count": 0, "replies_count": 0, "retweets_count": 0, "hashtags": []}
{"id": 975153295412072448, "date": "2018-03-17", "time": "19:33:57", "tweet": "Bitcoin Price Watch: A $500 Drop is in the Books  $GLD $XAUUSD  $TSLA $BARC $LYG $JPM $C $GBTC $SQ $AMZN $COIN $aapl $spy $nflx $nvda $mu $OPEC $USD $JPY $USOIL $UKOIL  https://t.co/7gNlzGcqhG via @themerklenews", "likes_count": 0, "replies_count": 0, "retweets_count": 0, "hashtags": []}
{"id": 975152951722471430, "date": "2018-03-17", "time": "19:32:35", "tweet": " https://t.co/abw8IT7KWc to Integrate Vice Industry Token and Other Cryptocurrencies  $GLD $XAUUSD  $TSLA $BARC $LYG $JPM $C $GBTC $SQ $AMZN $COIN $aapl $spy $nflx $nvda $mu $OPEC $USD $JPY $USOIL $UKOIL  https://t.co/cqhUpcdEhq via @themerklenews", "likes_count": 0, "replies_count": 0, "retweets_count": 0, "hashtags": []}
{"id": 975152334765547521, "date": "2018-03-17", "time": "19:30:08", "tweet": "ACTIVE TRADERS Try one of these FREE trading guides:   https://t.co/DvWRvexkiT  $NFLX $TSLA $AAPL $TWTR $GS $FB $AMZN $GOOGL $NVDA", "likes_count": 0, "replies_count": 0, "retweets_count": 0, "hashtags": []}
{"id": 975151057016971264, "date": "2018-03-17", "time": "19:25:04", "tweet": "With past performance like this, how can you not sign up for a Free 7-day trial to  https://t.co/TdiuPyGwk9? Winning Option Swing Trades Since 2006  $BABA $GOOGL $TSLA $BIDU", "likes_count": 0, "replies_count": 0, "retweets_count": 0, "hashtags": []}
{"id": 975150576592916481, "date": "2018-03-17", "time": "19:23:09", "tweet": "@BossHoggHazzard @Dope007 @markbspiegel @ElonBachman I've been thinking last week. What if Musk would announce he'd sell half of his Tesla stake to use the proceeds to accelerate the Mars mission at SpaceX? Would $TSLA investors take offense? Maybe not", "likes_count": 1, "replies_count": 0, "retweets_count": 0, "hashtags": []}
{"id": 975149019860054017, "date": "2018-03-17", "time": "19:16:58", "tweet": "@inveculator They'll take them when they are free, but as soon as the magical money disappears, so do their sales!  #tesla $tsla", "likes_count": 1, "replies_count": 0, "retweets_count": 0, "hashtags": ["tesla"]}
{"id": 975144828873924609, "date": "2018-03-17", "time": "19:00:19", "tweet": "Don't miss our next FREE OPTION TRADE.  Sign up for our Daily Free Trades at  https://t.co/cdJUX2EsHE $NVDA $TSLA $GS $C $WFC $GOOGL $FB", "likes_count": 0, "replies_count": 0, "retweets_count": 0, "hashtags": []}
{"id": 975141079023542272, "date": "2018-03-17", "time": "18:45:25", "tweet": "Mar-17 'Sitting on Hands?' #TESLA $TSLA Update #Stock #Market #Technical #Analysis #Chart  Watch -&gt;  https://t.co/UOSviDZXVe  #ElonMusk #StocksByRequest #StockMarket #tradingpsychology  https://t.co/PsQbJ1naXR", "likes_count": 1, "replies_count": 0, "retweets_count": 1, "hashtags": ["tesla", "stock", "market", "technical", "analysis", "chart", "elonmusk", "stocksbyrequest", "stockmarket", "tradingpsychology"]}
{"id": 975140995179466752, "date": "2018-03-17", "time": "18:45:05", "tweet": "NOW OFFERING 7 Day FREE Trial to  options day trading team Room or $TWTR feed   https://t.co/eUPawMaXQt $RH $AAPL $NFLX $TSLA $AMZN $GOOGL", "likes_count": 0, "replies_count": 0, "retweets_count": 0, "hashtags": []}
