{"id": 952328150427594753, "date": "2018-01-13", "time": "18:54:59", "tweet": "@mushyfullam @ttmygh @markbspiegel ever asked Mark how much he’s made so far? the last time I know he’s shorting $tsla since &lt;$200", "likes_count": 1, "replies_count": 1, "retweets_count": 0, "hashtags": []}
{"id": 952326404854575104, "date": "2018-01-13", "time": "18:48:02", "tweet": "@FVNate The screen is big and bright. Interior is really nice. Like the seats better that other models. It’s a smaller modelS. Some things look cooler. $tsla", "likes_count": 4, "replies_count": 1, "retweets_count": 0, "hashtags": []}
{"id": 952326041808318464, "date": "2018-01-13", "time": "18:46:36", "tweet": "@Jayanthan2022 @markbspiegel cos you are not a fraud, didn't you know he buy thousands of fraud followers and complaining about a fraud $tsla?", "likes_count": 0, "replies_count": 1, "retweets_count": 0, "hashtags": []}
{"id": 952325671300169728, "date": "2018-01-13", "time": "18:45:08", "tweet": "@SaleemUsama People. Regular people waiting in line to see the dream car they ordered. Tons of people. $55k opens up a huge addressable worldwide market. A lot different than $100k. #tesla $tsla #model3", "likes_count": 4, "replies_count": 2, "retweets_count": 1, "hashtags": ["tesla", "model3"]}
{"id": 952325663582752769, "date": "2018-01-13", "time": "18:45:06", "tweet": "NOW OFFERING 7 Day FREE Trial to  options day trading team Room or $TWTR feed   https://t.co/YaKqm3mGW7 $RH $AAPL $NFLX $TSLA $AMZN $GOOGL", "likes_count": 0, "replies_count": 0, "retweets_count": 1, "hashtags": []}
{"id": 952325607202926593, "date": "2018-01-13", "time": "18:44:52", "tweet": "@babysoros1 @GerberKawasaki Is this $TSLA “Line” in Newport Beach, Malibu or La Jolla?   Asking for a friend...  #AvailabilityBias", "likes_count": 0, "replies_count": 1, "retweets_count": 0, "hashtags": ["availabilitybias"]}
{"id": 952322288703041536, "date": "2018-01-13", "time": "18:31:41", "tweet": "Tesla master plan is a success. #model3 will sell millions. Solar roofs. Batteries. Energy and Transportation will be revolutionized. This will be a major investment theme over the next decade. Congrats @elonmusk you did it! #climatechange $tsla  https://t.co/Dd31EhHOBY", "likes_count": 68, "replies_count": 9, "retweets_count": 21, "hashtags": ["model3", "climatechange"]}
{"id": 952321913015193600, "date": "2018-01-13", "time": "18:30:12", "tweet": "ACTIVE TRADERS Try one of these FREE trading guides:   https://t.co/TpKcCRaqgc  $NFLX $TSLA $AAPL $IBB $GS $FB $AMZN $GOOGL $NVDA", "likes_count": 0, "replies_count": 0, "retweets_count": 1, "hashtags": []}
{"id": 952319486903947269, "date": "2018-01-13", "time": "18:20:33", "tweet": "MAKE OFFER! ONLY 2 LEFT! NEW VERSACE Primavera 7 Inch BREAD PLATE - NIB - GET IT NOW! #VERSACE $M $GTBC $IBM $TSLA $WTW #foodPorn #coffee #kitchen   https://t.co/Utw9VoviZY via @eBay", "likes_count": 0, "replies_count": 0, "retweets_count": 0, "hashtags": ["versace", "foodporn", "coffee", "kitchen"]}
{"id": 952319405299560448, "date": "2018-01-13", "time": "18:20:14", "tweet": "@ttmygh He was excellent as far as $TSLA bulls go but I’m still with @markbspiegel 🙃", "likes_count": 0, "replies_count": 1, "retweets_count": 0, "hashtags": []}
{"id": 952318876796076032, "date": "2018-01-13", "time": "18:18:08", "tweet": "Updates on stocks from specstocks at SpeculatingStocks pulse. $FB $NFLX $TSLA $ULTA #stocks  https://t.co/VWju4aPWVW", "likes_count": 0, "replies_count": 0, "retweets_count": 0, "hashtags": ["stocks"]}
{"id": 952318608947818496, "date": "2018-01-13", "time": "18:17:04", "tweet": "Commented on $AUDVF $BMWYY $DDAIF $POAHF $VLKAF $TSLA  https://t.co/BxSi58eJsf", "likes_count": 0, "replies_count": 0, "retweets_count": 0, "hashtags": []}
{"id": 952318115370676224, "date": "2018-01-13", "time": "18:15:06", "tweet": "If you are not making money in this market &amp; want consistency, try our team  https://t.co/wb56ZRcjPn   $FB $NFLX $AMZN $SPX $TSLA $AAPL $GS", "likes_count": 0, "replies_count": 0, "retweets_count": 0, "hashtags": []}
{"id": 952315847174914049, "date": "2018-01-13", "time": "18:06:05", "tweet": "$TSLA Maturing #Bonds About To Drain Billions Of Dollars From #Tesla?  https://t.co/qLHHY1owTs", "likes_count": 0, "replies_count": 0, "retweets_count": 0, "hashtags": ["bonds", "tesla"]}
{"id": 952315556551540737, "date": "2018-01-13", "time": "18:04:56", "tweet": "Also. The interior is sweet. Beautiful minimalist but strong. Screen is perfect. Comfy seats. Looks like a Porsche from the front.  Distinctive from the model S. Loved the inside. For $55 k. Amazing car. Tesla #model3 $tsla  https://t.co/EUcYwpSkob", "likes_count": 18, "replies_count": 1, "retweets_count": 2, "hashtags": ["model3"]}
{"id": 952314876503801856, "date": "2018-01-13", "time": "18:02:14", "tweet": "I talked to many people in line who waited two hours to see the car. Most reservation holders. All super excited. It’s a mania I haven’t seen since iPhone one. It’s a car! $tsla  https://t.co/Pidf7eYoa1", "likes_count": 131, "replies_count": 4, "retweets_count": 40, "hashtags": []}
{"id": 952314729036312576, "date": "2018-01-13", "time": "18:01:39", "tweet": "$AAPL $NVDA $BABA $TSLA looking good next week (note to self) focus on long and hold those winners  https://t.co/oEL1yCFSpt", "likes_count": 1, "replies_count": 0, "retweets_count": 0, "hashtags": []}
{"id": 952314295307591680, "date": "2018-01-13", "time": "17:59:55", "tweet": "Tesla is the new Apple. Such good service. Amazing products. Cutting edge technology. The #model3 will change the world. $tsla $aapl  https://t.co/sF0y2S951m", "likes_count": 70, "replies_count": 11, "retweets_count": 18, "hashtags": ["model3"]}
{"id": 952313699460673537, "date": "2018-01-13", "time": "17:57:33", "tweet": "Update3: Situation Palo Alto – Tesla is the new Apple: People line up at the Tesla store to see the Model 3  https://t.co/qoWnbcUa0h #model3 #tesla  $tsla @elonmusk @tesla - updated", "likes_count": 1, "replies_count": 0, "retweets_count": 0, "hashtags": ["model3", "tesla"]}
{"id": 952312294507081728, "date": "2018-01-13", "time": "17:51:58", "tweet": "Commented on $AUDVF $BMWYY $DDAIF $POAHF $VLKAF $TSLA  https://t.co/JACkDAi5di", "likes_count": 0, "replies_count": 0, "retweets_count": 0, "hashtags": []}
