{"id": 954864894863728640, "date": "2018-01-20", "time": "18:55:06", "tweet": "@DaniloKawasaki @GerberKawasaki $TSLA too.", "likes_count": 2, "replies_count": 1, "retweets_count": 0, "hashtags": []}
{"id": 954863297072832512, "date": "2018-01-20", "time": "18:48:45", "tweet": "$TSLA?  https://t.co/XL2JsrNWuE", "likes_count": 8, "replies_count": 1, "retweets_count": 3, "hashtags": []}
{"id": 954862377077477376, "date": "2018-01-20", "time": "18:45:05", "tweet": "NOW OFFERING 7 Day FREE Trial to  options day trading team Room or $TWTR feed   https://t.co/aTyMRkf1tX $RH $AAPL $NFLX $TSLA $AMZN $GOOGL", "likes_count": 0, "replies_count": 0, "retweets_count": 0, "hashtags": []}
{"id": 954862376951648261, "date": "2018-01-20", "time": "18:45:05", "tweet": "NOW OFFERING 7 Day FREE Trial to  options day trading team Room or $TWTR feed   https://t.co/58qu9NIqlG $RH $AAPL $NFLX $TSLA $AMZN $GOOGL", "likes_count": 0, "replies_count": 0, "retweets_count": 0, "hashtags": []}
{"id": 954859602625036288, "date": "2018-01-20", "time": "18:34:04", "tweet": "A true $TSLA muppet knows how to play word games  https://t.co/CpGRgS5Hdp  https://t.co/T1T1pIqm6P", "likes_count": 0, "replies_count": 0, "retweets_count": 0, "hashtags": []}
{"id": 954858622143680512, "date": "2018-01-20", "time": "18:30:10", "tweet": "ACTIVE TRADERS Try one of these FREE trading guides:   https://t.co/E9nTAmHnKU  $NFLX $TSLA $AAPL $IBB $GS $FB $AMZN $GOOGL $NVDA", "likes_count": 0, "replies_count": 0, "retweets_count": 0, "hashtags": []}
{"id": 954857279492370433, "date": "2018-01-20", "time": "18:24:50", "tweet": "Playing with the Model S #Tesla $tsla  https://t.co/mmwDrrIHB4", "likes_count": 32, "replies_count": 1, "retweets_count": 1, "hashtags": ["tesla"]}
{"id": 954855733476151297, "date": "2018-01-20", "time": "18:18:41", "tweet": "First look at the @Tesla Model 3 on the east coast. I’m blown away. #model3 #tesla $tsla  https://t.co/m2Pg8PydER", "likes_count": 82, "replies_count": 3, "retweets_count": 18, "hashtags": ["model3", "tesla"]}
{"id": 954855088094199808, "date": "2018-01-20", "time": "18:16:08", "tweet": "@JensHibbeler @Tesla When the convo touches on a lawsuit....   $TSLA #VaporWareLawsuit", "likes_count": 0, "replies_count": 0, "retweets_count": 0, "hashtags": ["vaporwarelawsuit"]}
{"id": 954855061699645441, "date": "2018-01-20", "time": "18:16:01", "tweet": "Help! My model 3 dies before delivery. Read $TSLA Reddit thread. Conclusion: statistically &gt; 20% of untested 3,000 M3s are LEMONs. @elonmusk still laughs as he pilots a private jet. via @Teslashitbox   https://t.co/tsGmf0AB55", "likes_count": 0, "replies_count": 1, "retweets_count": 0, "hashtags": []}
{"id": 954854825153515520, "date": "2018-01-20", "time": "18:15:05", "tweet": "If you are not making money in this market &amp; want consistency, try our team  https://t.co/VVIwAC0tP9   $FB $NFLX $AMZN $SPX $TSLA $AAPL $GS", "likes_count": 0, "replies_count": 0, "retweets_count": 0, "hashtags": []}
{"id": 954854824998326272, "date": "2018-01-20", "time": "18:15:05", "tweet": "If you are not making money in this market &amp; want consistency, try our team  https://t.co/tuOsCvxDaA   $FB $NFLX $AMZN $SPX $TSLA $AAPL $GS", "likes_count": 0, "replies_count": 0, "retweets_count": 0, "hashtags": []}
{"id": 954852036771803136, "date": "2018-01-20", "time": "18:04:00", "tweet": "@TradeIdeas1 Open house test drive starts Monday.   The only AI software for traders Learn More here   https://t.co/W3La3Mjs6w  $SPY $IBB $TWTR $FB $TSLA  https://t.co/48ATsRTpv4", "likes_count": 1, "replies_count": 0, "retweets_count": 0, "hashtags": []}
{"id": 954850043294560256, "date": "2018-01-20", "time": "17:56:05", "tweet": "LEVERAGE VOLATILITY! CHAT WITH TRADERS ON OUR MARKET FOCUSED CHAT ROOM AT  https://t.co/35LuLR0k4f $SQ $TSLA $LMFA", "likes_count": 0, "replies_count": 0, "retweets_count": 0, "hashtags": []}
{"id": 954847543027843072, "date": "2018-01-20", "time": "17:46:09", "tweet": "Updates on stocks from specstocks at SpeculatingStocks pulse. $FB $NFLX $TSLA $ULTA #stocks  https://t.co/wazLZp5IeX", "likes_count": 0, "replies_count": 0, "retweets_count": 0, "hashtags": ["stocks"]}
{"id": 954846922237530113, "date": "2018-01-20", "time": "17:43:41", "tweet": "@davidtayar5 @DonBarbone @iliketeslas @Commuternyc Likely he gets stuck. He's a great salesman, but $TSLA has not earned respect on prod... If they do 4.000 in January, I will think again...", "likes_count": 0, "replies_count": 2, "retweets_count": 0, "hashtags": []}
{"id": 954843526285668352, "date": "2018-01-20", "time": "17:30:11", "tweet": "ACTIVE TRADERS Try one of these FREE trading guides:   https://t.co/D49YPOuSB7  $NFLX $TSLA $AAPL $JWN $GS $FB $AMZN $GOOGL $NVDA", "likes_count": 0, "replies_count": 0, "retweets_count": 0, "hashtags": []}
{"id": 954841984853831681, "date": "2018-01-20", "time": "17:24:03", "tweet": "Refresh Your Memory:  Previously Posted on November 17, 2017 1:58 pm║Tesla unveils its all-electric semi truck with 500 mile range $TSLA ║  https://t.co/cGPWg0cZD3 ║ #AFP", "likes_count": 0, "replies_count": 0, "retweets_count": 0, "hashtags": ["afp"]}
{"id": 954839727588470784, "date": "2018-01-20", "time": "17:15:05", "tweet": "NOW OFFERING 7 Day FREE Trial to  options day trading team Room or $TWTR feed   https://t.co/cu6sHHnMQa $FB $AAPL $NFLX $TSLA $AMZN $GOOGL", "likes_count": 0, "replies_count": 0, "retweets_count": 0, "hashtags": []}
{"id": 954839726640521217, "date": "2018-01-20", "time": "17:15:05", "tweet": "NOW OFFERING 7 Day FREE Trial to  options day trading team Room or $TWTR feed   https://t.co/PGuweH1K6M $FB $AAPL $NFLX $TSLA $AMZN $GOOGL", "likes_count": 0, "replies_count": 0, "retweets_count": 0, "hashtags": []}
