{"id": 957401988244869120, "date": "2018-01-27", "time": "18:56:36", "tweet": "I think the Bull Market ends with a gigantic stupid acquisition like AOL-Time Warner. $AAPL paying $120 bil for $TSLA sounds about right,LOL", "likes_count": 1, "replies_count": 2, "retweets_count": 0, "hashtags": []}
{"id": 957401871106412544, "date": "2018-01-27", "time": "18:56:08", "tweet": "MAXIMIZE PROFIT! TALK STOCKS IN OUR RESEARCH BASED CHAT ROOM AT  https://t.co/35LuLR0k4f $APRN $TSLA $BTSC", "likes_count": 0, "replies_count": 0, "retweets_count": 0, "hashtags": []}
{"id": 957400009565265920, "date": "2018-01-27", "time": "18:48:44", "tweet": "$TSLA NJ vanity plate “Inhale”... the jokes write themselves  https://t.co/J2xb8QnxZQ", "likes_count": 12, "replies_count": 1, "retweets_count": 5, "hashtags": []}
{"id": 957399086671507456, "date": "2018-01-27", "time": "18:45:04", "tweet": "NOW OFFERING 7 Day FREE Trial to  options day trading team Room or $TWTR feed   https://t.co/IR0Un1iQ2u $RH $AAPL $NFLX $TSLA $AMZN $GOOGL", "likes_count": 0, "replies_count": 0, "retweets_count": 0, "hashtags": []}
{"id": 957395325223952384, "date": "2018-01-27", "time": "18:30:07", "tweet": "ACTIVE TRADERS Try one of these FREE trading guides:   https://t.co/JTZJc9CJ6y  $NFLX $TSLA $AAPL $IBB $GS $FB $AMZN $GOOGL $NVDA", "likes_count": 0, "replies_count": 0, "retweets_count": 0, "hashtags": []}
{"id": 957394917063458817, "date": "2018-01-27", "time": "18:28:30", "tweet": "If Musk had a drone that swept through the sky to mid-air retrieve, undeniable innovation but playing catch with a tug boat...  ¯\\_(ツ)_/¯  @spacex $TSLA  https://t.co/70FysBfv42", "likes_count": 0, "replies_count": 0, "retweets_count": 0, "hashtags": []}
{"id": 957392783307956226, "date": "2018-01-27", "time": "18:20:01", "tweet": "@TrendTrader007 Great news! I remain super long $TSLA.", "likes_count": 2, "replies_count": 0, "retweets_count": 1, "hashtags": []}
{"id": 957391817045086208, "date": "2018-01-27", "time": "18:16:11", "tweet": "Then again, the author of the “reverse-engineering” article also thinks (or at least pretends to think) that he has been “randomly chosen” out of a pool of 50k people to visit Musk’s Boring Company:  https://t.co/YIPM3KVJlF  $TSLA  https://t.co/DNc46bNfUk", "likes_count": 2, "replies_count": 0, "retweets_count": 0, "hashtags": []}
{"id": 957391803895992322, "date": "2018-01-27", "time": "18:16:08", "tweet": "FIND YOUR EDGE! CHAT WITH TRADERS ON OUR RESEARCH BASED CHAT ROOM AT  https://t.co/35LuLR0k4f $AAPL $TSLA $GROW", "likes_count": 1, "replies_count": 0, "retweets_count": 1, "hashtags": []}
{"id": 957391538681675776, "date": "2018-01-27", "time": "18:15:04", "tweet": "If you are not making money in this market &amp; want consistency, try our team  https://t.co/Gn2TuXkqPC   $FB $NFLX $AMZN $SPX $TSLA $AAPL $GS", "likes_count": 1, "replies_count": 0, "retweets_count": 1, "hashtags": []}
{"id": 957390738081247233, "date": "2018-01-27", "time": "18:11:54", "tweet": "@Dope007 Everything $TSLA bought in $SCTY would be worthless instantly.", "likes_count": 0, "replies_count": 0, "retweets_count": 0, "hashtags": []}
{"id": 957390098613420033, "date": "2018-01-27", "time": "18:09:21", "tweet": "Clarification: capital raise.  Now checking if crunchbase has cash burn...  $TSLA  https://t.co/DBeWLHS3gw", "likes_count": 0, "replies_count": 0, "retweets_count": 0, "hashtags": []}
{"id": 957387546815844353, "date": "2018-01-27", "time": "17:59:13", "tweet": "According to this tweet @spacex is valued at $450M.  No details on how it was arrived at. $TSLA  https://t.co/ibWPBqKKEG", "likes_count": 0, "replies_count": 1, "retweets_count": 0, "hashtags": []}
{"id": 957385492496027651, "date": "2018-01-27", "time": "17:51:03", "tweet": "But solar and powerwall  $tsla  https://t.co/Fa00pHyHCc", "likes_count": 1, "replies_count": 1, "retweets_count": 1, "hashtags": []}
{"id": 957385221493567488, "date": "2018-01-27", "time": "17:49:58", "tweet": "Tesla Model 3 vehicles spotted on their way to Germany, presumably to be reverse-engineered   https://t.co/06Yk4ldtzP  $TSLA", "likes_count": 3, "replies_count": 0, "retweets_count": 1, "hashtags": []}
{"id": 957385032208912384, "date": "2018-01-27", "time": "17:49:13", "tweet": "“Reverse-engineering” the Model3 in Germany? The $TSLA fanboys @electrekco never fail to amaze with their assumptions. It’s simply benchmarking and it’s a standard practice in the car industry (ICE and EV).  https://t.co/IwlisQ6W7M", "likes_count": 8, "replies_count": 0, "retweets_count": 1, "hashtags": []}
{"id": 957385027825950720, "date": "2018-01-27", "time": "17:49:12", "tweet": "$TSLA Why do these arseholes never twig Ford and others are much cheaper and a far better deal for this bullshit dream. The article and it's ilk and utterly laughable in ALL respects  https://t.co/O9xB3xcYEz", "likes_count": 0, "replies_count": 0, "retweets_count": 0, "hashtags": []}
{"id": 957381674077073408, "date": "2018-01-27", "time": "17:35:53", "tweet": "@treehcapital They must be really desperate for cash. They lease cars at .00210 money factor (equivalent to 5.04% APR) Last time Tesla issued a bond they sold it at 5.3% but currently yield around 6% That means they'll have to pay more money of what they're charging. Complete nonsense. $TSLA", "likes_count": 6, "replies_count": 2, "retweets_count": 3, "hashtags": []}
{"id": 957380227902136321, "date": "2018-01-27", "time": "17:30:08", "tweet": "ACTIVE TRADERS Try one of these FREE trading guides:   https://t.co/rAUpPwYVTz  $NFLX $TSLA $AAPL $JWN $GS $FB $AMZN $GOOGL $NVDA", "likes_count": 1, "replies_count": 0, "retweets_count": 1, "hashtags": []}
{"id": 957377560865685504, "date": "2018-01-27", "time": "17:19:32", "tweet": "@FaZeChange @robinivski @BonaireVolt @Tesla Buy one of these... hell, go full hog ask if wall paper is possible. $TSLA #TESLA  https://t.co/MOakRpdU6b", "likes_count": 2, "replies_count": 1, "retweets_count": 0, "hashtags": ["tesla"]}
{"id": 957377546865336321, "date": "2018-01-27", "time": "17:19:29", "tweet": "@treehcapital Rushing for cash pre results announcement? $tsla", "likes_count": 0, "replies_count": 1, "retweets_count": 0, "hashtags": []}
{"id": 957376705487953920, "date": "2018-01-27", "time": "17:16:08", "tweet": "FIND YOUR EDGE! CHAT WITH TRADERS ON OUR INFORMATION DRIVEN CHAT ROOM AT  https://t.co/35LuLR0k4f $TWTR $TSLA $LMFA", "likes_count": 0, "replies_count": 0, "retweets_count": 0, "hashtags": []}
{"id": 957376435731226624, "date": "2018-01-27", "time": "17:15:04", "tweet": "NOW OFFERING 7 Day FREE Trial to  options day trading team Room or $TWTR feed   https://t.co/2lz39Th7FL $FB $AAPL $NFLX $TSLA $AMZN $GOOGL", "likes_count": 0, "replies_count": 0, "retweets_count": 0, "hashtags": []}
{"id": 957372718650937344, "date": "2018-01-27", "time": "17:00:17", "tweet": "Don't miss our next FREE OPTION TRADE.  Sign up for our Daily Free Trades at  https://t.co/BdH6utKJXO $NVDA $TSLA $GS $REGN $BAC $GOOGL $FB", "likes_count": 0, "replies_count": 0, "retweets_count": 0, "hashtags": []}
{"id": 957371508715851777, "date": "2018-01-27", "time": "16:55:29", "tweet": "@GerberKawasaki How about @SEC_Enforcement shows up and gets an actual count? $tsla", "likes_count": 0, "replies_count": 0, "retweets_count": 0, "hashtags": []}
{"id": 957371128661643264, "date": "2018-01-27", "time": "16:53:58", "tweet": "Zeitgeist Updated on January 11, 2018@12:24 pm  80 Tesla owners in Norway are suing the automaker over false advertising $TSLA ║  https://t.co/8wqVjHLGu3 ║ #AFP", "likes_count": 0, "replies_count": 0, "retweets_count": 0, "hashtags": ["afp"]}
{"id": 957370247455084544, "date": "2018-01-27", "time": "16:50:28", "tweet": "@BonaireVolt Or ever, since $tsla needs cash, and no profit.", "likes_count": 1, "replies_count": 0, "retweets_count": 0, "hashtags": []}
{"id": 957370067901124608, "date": "2018-01-27", "time": "16:49:45", "tweet": "Dozens! Out of the 6m Balt-Wash metro population. Dozens of people go to a BMW dealership on Fridays too. $tsla  https://t.co/r7M0sh69Tg", "likes_count": 0, "replies_count": 2, "retweets_count": 0, "hashtags": []}
{"id": 957369656288993280, "date": "2018-01-27", "time": "16:48:07", "tweet": "FIND YOUR EDGE! CHAT WITH TRADERS ON OUR MARKET FOCUSED CHAT ROOM AT  https://t.co/35LuLR0k4f $SQ $TSLA $DRYS", "likes_count": 0, "replies_count": 0, "retweets_count": 0, "hashtags": []}
{"id": 957366762621800460, "date": "2018-01-27", "time": "16:36:37", "tweet": "@GerberKawasaki How about the new bond raise, and no one has seen a $35k model yet.  How many reservations?  How about hitting a stopped fire truck?  Settlement of a class action suit? How many other legal settlements? How many NDA? So many questions and not many answers.  $tsla", "likes_count": 2, "replies_count": 0, "retweets_count": 0, "hashtags": []}
{"id": 957365359023087617, "date": "2018-01-27", "time": "16:31:03", "tweet": "@robinivski @BonaireVolt Would be great if investors could get an update...  @tesla $TSLA", "likes_count": 0, "replies_count": 0, "retweets_count": 0, "hashtags": []}
{"id": 957365132228775937, "date": "2018-01-27", "time": "16:30:09", "tweet": "ACTIVE TRADERS Try one of these FREE trading guides:   https://t.co/nC0XWaCvM9  $NFLX $TSLA $AAPL $BIDU $GS $FB $AMZN $GOOGL $NVDA", "likes_count": 0, "replies_count": 0, "retweets_count": 0, "hashtags": []}
{"id": 957362820051558401, "date": "2018-01-27", "time": "16:20:57", "tweet": "$tsla funny from FB.  (They have a Model 3 at the Kierland in Scottsdale, AZ. ... We asked the rep how long it would take for delivery if we ordered one today, and he said \"Don't quote me, but about 6 months.\" Whoops, I quoted him.)", "likes_count": 6, "replies_count": 2, "retweets_count": 0, "hashtags": []}
{"id": 957362040523272192, "date": "2018-01-27", "time": "16:17:52", "tweet": "@orthereaboot @NegDiscountRt Totally true.  Seeing what he means though since it's comparable to @elonmusk  field testing #AP using live customers to further his product when it's eons from being ready.  Maybe they do have similarities. $TSLA", "likes_count": 2, "replies_count": 0, "retweets_count": 0, "hashtags": ["ap"]}
{"id": 957357630602776579, "date": "2018-01-27", "time": "16:00:20", "tweet": "Si #Tesla triunfa, #ElonMusk se convertiría en el hombre más rico del mundo $TSLA  https://t.co/4EtDSriYTP", "likes_count": 2, "replies_count": 0, "retweets_count": 2, "hashtags": ["tesla", "elonmusk"]}
{"id": 957357618149908480, "date": "2018-01-27", "time": "16:00:17", "tweet": "251 Profit-Packed Option Trades Yearly--Delivered to Your Inbox Daily--FREE!  https://t.co/UOzLCFkpIV $BABA $GOOGL $TSLA $BIDU", "likes_count": 0, "replies_count": 0, "retweets_count": 0, "hashtags": []}
{"id": 957355340781113344, "date": "2018-01-27", "time": "15:51:14", "tweet": "@mysticl @Teslashitbox @markbspiegel @elonmusk Blaster gun, put your deposit in?? $TSLA #ADD", "likes_count": 0, "replies_count": 1, "retweets_count": 0, "hashtags": ["add"]}
{"id": 957354813003587587, "date": "2018-01-27", "time": "15:49:08", "tweet": "@madapple13 Happy to see a lot of Tesla’s in Florida. $tsla", "likes_count": 0, "replies_count": 0, "retweets_count": 0, "hashtags": []}
{"id": 957354553426489346, "date": "2018-01-27", "time": "15:48:06", "tweet": "JOIN NOW! EXPLORE STRATEGIES IN OUR RESEARCH BASED CHAT ROOM AT  https://t.co/35LuLR0k4f $AAPL $TSLA $PPDF", "likes_count": 0, "replies_count": 0, "retweets_count": 0, "hashtags": []}
{"id": 957354108914225153, "date": "2018-01-27", "time": "15:46:21", "tweet": "Zeitgeist Updated on November 18, 2017@12:12 pm  Tesla is crowdfunding its vehicles with big promises “pay now, drive eventually,” approach $TSLA ║  https://t.co/yHZt6OMK80 ║ #automakers", "likes_count": 0, "replies_count": 0, "retweets_count": 0, "hashtags": ["automakers"]}
{"id": 957353785810186241, "date": "2018-01-27", "time": "15:45:03", "tweet": "NOW OFFERING 7 Day FREE Trial to  options day trading team Room or $TWTR feed   https://t.co/ZzXymPgM9X $CELG $AAPL $NFLX $TSLA $AMZN $GOOGL", "likes_count": 0, "replies_count": 0, "retweets_count": 0, "hashtags": []}
{"id": 957352047862534147, "date": "2018-01-27", "time": "15:38:09", "tweet": "#Tesla #Model3 🚗🔋🔌  $TSLA #EV #ElectricVehicle  https://t.co/co4FQYPLq7", "likes_count": 2, "replies_count": 0, "retweets_count": 0, "hashtags": ["tesla", "model3", "ev", "electricvehicle"]}
{"id": 957350032742731777, "date": "2018-01-27", "time": "15:30:09", "tweet": "ACTIVE TRADERS Try one of these FREE trading guides:   https://t.co/vz2v1ewwUh  $NFLX $TSLA $AAPL $PCLN $GS $FB $AMZN $GOOGL $NVDA", "likes_count": 0, "replies_count": 0, "retweets_count": 0, "hashtags": []}
{"id": 957348517126787072, "date": "2018-01-27", "time": "15:24:07", "tweet": "JOIN NOW! TALK STOCKS IN OUR RESEARCH BASED CHAT ROOM AT  https://t.co/35LuLR0k4f $TWTR $TSLA $EKSO", "likes_count": 0, "replies_count": 0, "retweets_count": 0, "hashtags": []}
{"id": 957347049124646912, "date": "2018-01-27", "time": "15:18:17", "tweet": "Zeitgeist Updated on November 17, 2017@1:58 pm  Tesla unveils its all-electric semi truck with 500 mile range $TSLA ║  https://t.co/cGPWg0cZD3 ║ #AFP", "likes_count": 0, "replies_count": 0, "retweets_count": 0, "hashtags": ["afp"]}
{"id": 957346244019544069, "date": "2018-01-27", "time": "15:15:05", "tweet": "If you are not making money in this market &amp; want consistency, try our team  https://t.co/N3iHw8O5pk   $FB $NFLX $AMZN $LVS $TSLA $AAPL $GS", "likes_count": 0, "replies_count": 0, "retweets_count": 0, "hashtags": []}
{"id": 957345899562156032, "date": "2018-01-27", "time": "15:13:43", "tweet": "$TSLA 344.00 $KNDI  https://t.co/xm2HsZX7Ua", "likes_count": 0, "replies_count": 0, "retweets_count": 0, "hashtags": []}
{"id": 957342533545353216, "date": "2018-01-27", "time": "15:00:21", "tweet": "Don't miss our next FREE OPTION TRADE.  Sign up for our Daily Free Trades at  https://t.co/zMn8c3pMfk $NVDA $TSLA $GS $ORCL $BAC $GOOGL $FB", "likes_count": 0, "replies_count": 0, "retweets_count": 0, "hashtags": []}
{"id": 957342446995742720, "date": "2018-01-27", "time": "15:00:00", "tweet": "@SteveWPNW @FairDinkumCap @markbspiegel @elonmusk Balance sheets that have obligations exceeding assets are very applicable.  It is not an implication but a firm statement. $TSLA $TSLAQ", "likes_count": 0, "replies_count": 1, "retweets_count": 0, "hashtags": []}
{"id": 957341703232303105, "date": "2018-01-27", "time": "14:57:03", "tweet": "$AAPL $TSLA $SPY  https://t.co/2WoUhI94R5", "likes_count": 0, "replies_count": 0, "retweets_count": 0, "hashtags": []}
{"id": 957341480825315329, "date": "2018-01-27", "time": "14:56:10", "tweet": "LEVEL UP! CHAT WITH TRADERS ON OUR GOAL ORIENTED CHAT ROOM AT  https://t.co/35LuLR0k4f $SQ $TSLA $PPDF", "likes_count": 0, "replies_count": 0, "retweets_count": 0, "hashtags": []}
{"id": 957339859554897920, "date": "2018-01-27", "time": "14:49:43", "tweet": "$TSLA  https://t.co/Tl52Svx1pB", "likes_count": 0, "replies_count": 0, "retweets_count": 0, "hashtags": []}
{"id": 957339842903453698, "date": "2018-01-27", "time": "14:49:39", "tweet": "@SonOfSoIomon you think they might pull the plug? Sell? Or simply making sure mshare $TSLA remains low in CH?", "likes_count": 0, "replies_count": 0, "retweets_count": 0, "hashtags": []}
{"id": 957338574185254913, "date": "2018-01-27", "time": "14:44:37", "tweet": "Two federal agencies send investigators to scene of Tesla accident  https://t.co/LKeBZELkTq $TSLA", "likes_count": 0, "replies_count": 0, "retweets_count": 0, "hashtags": []}
{"id": 957338392420904960, "date": "2018-01-27", "time": "14:43:53", "tweet": "$TSLA  https://t.co/wsrOdBqpeg - 344% profits last 49 months &amp; half in cash - buy my #investing book, get free newsletter &amp; learn how -  https://t.co/8smOceW20Z - way to play next correction", "likes_count": 0, "replies_count": 0, "retweets_count": 0, "hashtags": ["investing"]}
{"id": 957337629720268800, "date": "2018-01-27", "time": "14:40:52", "tweet": "@SteveWPNW @markbspiegel Ballpark: Elon still has a large flock who believe in him. In California mostlty. Free marketing. Binary though: the day $TSLA files for CH11, value brand drops by 90%.", "likes_count": 0, "replies_count": 0, "retweets_count": 0, "hashtags": []}
{"id": 957337516863979520, "date": "2018-01-27", "time": "14:40:25", "tweet": "Interesting ... like all things Tesla 🤪  (disclosure: short $tsla)  https://t.co/7EnlHLYye7", "likes_count": 2, "replies_count": 3, "retweets_count": 0, "hashtags": []}
{"id": 957335655671107585, "date": "2018-01-27", "time": "14:33:01", "tweet": "🚀ZIGGURAT TELEGRAM BOUNTY - JOIN OUR CHANNEL AND GET 40 ZIG🚀   https://t.co/AHw2myuaQn   $AMZN $EBAY $MELI $ETSY $QVCA $BABA $WMT $COST $TGT $KR $JPM $FB $WFC $GOOG $SNAP $TWTR   $agn $aapl $brk $crm $cmg $dis $f $fred $iep $ibm  $EUO $VUZI $LABU $ENTA $ccxi $HTGM $CNET $TSLA  https://t.co/Qzu2tnpHxC", "likes_count": 38, "replies_count": 1, "retweets_count": 32, "hashtags": []}
{"id": 957334933730709515, "date": "2018-01-27", "time": "14:30:09", "tweet": "ACTIVE TRADERS Try one of these FREE trading guides:   https://t.co/X7FQAuYYpg  $NFLX $TSLA $AAPL $AXP $GS $FB $AMZN $GOOGL $NVDA", "likes_count": 0, "replies_count": 0, "retweets_count": 0, "hashtags": []}
{"id": 957332763434278913, "date": "2018-01-27", "time": "14:21:31", "tweet": "$TSLA Some will call you crazy if you believe in the #Tesla brand, but there is a veritable reason why this is a \"cult\" stock. #TeslaModel3   https://t.co/6MNO6wNWiT", "likes_count": 0, "replies_count": 0, "retweets_count": 1, "hashtags": ["tesla", "teslamodel3"]}
