{"id": 985305320309383174, "date": "2018-04-14", "time": "19:54:29", "tweet": "@WillemKadijk @QTRResearch Dunno. $tsla @TeslaCharts says I'm wrong, but this is worth at least $10/share. Maybe more.", "likes_count": 1, "replies_count": 2, "retweets_count": 0, "hashtags": []}
{"id": 985303471942455296, "date": "2018-04-14", "time": "19:47:08", "tweet": "$TSLA  https://t.co/tn5yNuRFOW", "likes_count": 0, "replies_count": 0, "retweets_count": 0, "hashtags": []}
{"id": 985303284398346241, "date": "2018-04-14", "time": "19:46:23", "tweet": "@QTRResearch $tsla gap down Monday.", "likes_count": 0, "replies_count": 1, "retweets_count": 0, "hashtags": []}
{"id": 985302948602408961, "date": "2018-04-14", "time": "19:45:03", "tweet": "1 to 4  trade alerts with 50% to 100% profit potential everyday, try our team  https://t.co/kRuZL8uBk5   $SQ $NFLX $AMZN $AMD $TSLA $AAPL $GS", "likes_count": 0, "replies_count": 0, "retweets_count": 0, "hashtags": []}
{"id": 985300560176959488, "date": "2018-04-14", "time": "19:35:34", "tweet": "New York is moving more aggressively towards an #electricvehicle future, read here:  https://t.co/Q8mRVXOiCp $TSLA #TeslaMotors #Tesla #ElonMusk", "likes_count": 15, "replies_count": 0, "retweets_count": 7, "hashtags": ["electricvehicle", "teslamotors", "tesla", "elonmusk"]}
{"id": 985300257385873409, "date": "2018-04-14", "time": "19:34:22", "tweet": "@TeslaCharts @john__rosevear @robinivski @elonmusk @Fidelity @TRowePrice @ARKInvest Public domain doesn't equal public awareness. @CGrantWSJ @danahull  article coming soon. It's too sensational to ignore. Don't forget we were at price fixing day on Friday. Monday may be different. $tsla", "likes_count": 1, "replies_count": 1, "retweets_count": 0, "hashtags": []}
{"id": 985300190801391618, "date": "2018-04-14", "time": "19:34:06", "tweet": "$BIDU $TCEHY $TCTZF $TSLA  https://t.co/oJkAwxvtVT", "likes_count": 0, "replies_count": 0, "retweets_count": 0, "hashtags": []}
{"id": 985299191827255296, "date": "2018-04-14", "time": "19:30:07", "tweet": "ACTIVE TRADERS Try one of these FREE trading guides:   https://t.co/my9DFF9EsB  $NFLX $TSLA $AAPL $TWTR $GS $FB $AMZN $GOOGL $NVDA", "likes_count": 0, "replies_count": 0, "retweets_count": 0, "hashtags": []}
{"id": 985297921536090117, "date": "2018-04-14", "time": "19:25:05", "tweet": "With past performance like this, how can you not sign up for a Free 7-day trial to  https://t.co/V12LCFTTds? Winning Option Swing Trades Since 2006  $BABA $GOOGL $TSLA $BIDU", "likes_count": 0, "replies_count": 0, "retweets_count": 0, "hashtags": []}
{"id": 985296855738265605, "date": "2018-04-14", "time": "19:20:50", "tweet": "@nypost $TSLA Short ———— blame Elon Musk!", "likes_count": 0, "replies_count": 0, "retweets_count": 0, "hashtags": []}
{"id": 985296093629108230, "date": "2018-04-14", "time": "19:17:49", "tweet": "Ask yourself: why wouldn’t $tsla want to “de-risk the business” right now? BECAUSE THEY CAN’T! Controllers don’t leave money on the table for no reason. He would have had Elon by the balls. Could ask for anything not to leave. He left b/c he knew it was a zero.", "likes_count": 1, "replies_count": 0, "retweets_count": 0, "hashtags": []}
{"id": 985293991359975424, "date": "2018-04-14", "time": "19:09:28", "tweet": "Two of the best shorts moving forward are $TSLA and $BRKA $BRKB. #confessyourunpopularopinion", "likes_count": 0, "replies_count": 0, "retweets_count": 0, "hashtags": ["confessyourunpopularopinion"]}
{"id": 985293602602569729, "date": "2018-04-14", "time": "19:07:55", "tweet": "The only thing the $tsla lawsuit does for me is it places Elon’s actions over the last three weeks in context. The fact pattern is that they have been blocked from equity Mkts for 9 months.  Nobody is wall crossing to find a $5 billion hole for a neg margin product. Period.", "likes_count": 3, "replies_count": 0, "retweets_count": 1, "hashtags": []}
{"id": 985293488760721409, "date": "2018-04-14", "time": "19:07:28", "tweet": "There is so many cockroaches coming out of this $TSLA lawsuit that there is no way shares are rallying on Monday. Holy Mary, I'm expecting the mother of short squeezes. I'm fucked.", "likes_count": 0, "replies_count": 1, "retweets_count": 0, "hashtags": []}
{"id": 985292628278341634, "date": "2018-04-14", "time": "19:04:03", "tweet": "I think people are missing the forest here. $tsla CAN’T raise capital. They will be out of non customer cash before June 2018.  The SEC already has the emails related to model 3 ramp. Their earnings will illustrate an obvious capital/cash  need. DONE", "likes_count": 3, "replies_count": 0, "retweets_count": 0, "hashtags": []}
{"id": 985291693200166912, "date": "2018-04-14", "time": "19:00:20", "tweet": "Don't miss our next FREE OPTION TRADE.  Sign up for our Daily Free Trades at  https://t.co/0viJwmmCbD $NVDA $TSLA $GS $C $WFC $GOOGL $FB", "likes_count": 0, "replies_count": 0, "retweets_count": 0, "hashtags": []}
{"id": 985290001524109320, "date": "2018-04-14", "time": "18:53:36", "tweet": "Here Are The Biggest Risks Facing Tech $EA $ATVI $TTWO $FB $GOOGL $TSLA  https://t.co/Q1V95Xg6u7", "likes_count": 0, "replies_count": 0, "retweets_count": 0, "hashtags": []}
{"id": 985289534073163776, "date": "2018-04-14", "time": "18:51:45", "tweet": "I wonder if the 27th March downgrade by Moody is related to lawsuit from 24th March; as they assumed it would negatively impact $tsla ability to raise equity", "likes_count": 2, "replies_count": 1, "retweets_count": 0, "hashtags": []}
{"id": 985288185650470912, "date": "2018-04-14", "time": "18:46:23", "tweet": "$TSLA $TSLAQ #TerminalShort  https://t.co/CtqnNNa8BF", "likes_count": 1, "replies_count": 0, "retweets_count": 0, "hashtags": ["terminalshort"]}
{"id": 985287848860504064, "date": "2018-04-14", "time": "18:45:03", "tweet": "NOW OFFERING 7 Day FREE Trial to  options day trading team Room or $TWTR feed   https://t.co/IAFq5Kyylo $RH $AAPL $NFLX $TSLA $AMZN $GOOGL", "likes_count": 0, "replies_count": 0, "retweets_count": 0, "hashtags": []}
