{"id": 1010670493236645890, "date": "2018-06-23", "time": "19:46:37", "tweet": "@Smack_Check I agree. So, my forecast for their Q2 cash balance is $1.5-$1.75mm before borrowing on line of credit. They had ~$500mm undrawn on the LOC at Q1. If suppliers don't panic, $TSLA has some time.", "likes_count": 2, "replies_count": 0, "retweets_count": 0, "hashtags": []}
{"id": 1010670097910915072, "date": "2018-06-23", "time": "19:45:03", "tweet": "1 to 4  trade alerts with 50% to 100% profit potential everyday, try our team  https://t.co/wrYr3bhw5B   $SQ $NFLX $AMZN $AMD $TSLA $AAPL $GS", "likes_count": 1, "replies_count": 0, "retweets_count": 0, "hashtags": []}
{"id": 1010670080680554496, "date": "2018-06-23", "time": "19:44:59", "tweet": "@RevolutionTesla Whenever I see those words “Tesla Killer” my mind turns off. I never even bother to open offending $TSLAQ articles containing those two words because I know they will be click bait rubbish.   #TipToeQuietly $TSLAQ because your $TSLA bashing no longer works.", "likes_count": 4, "replies_count": 0, "retweets_count": 0, "hashtags": ["tiptoequietly"]}
{"id": 1010669737427197952, "date": "2018-06-23", "time": "19:43:37", "tweet": "rabid $TSLA shorter #JimChanos is also a #Bitcoin hater. gee, i wonder if he’d wish he owns a #Tesla Solar Roof when the grid goes down 🍿😂🍺 Jim Chanos on bitcoin: 'Last thing I’d own if the grid goes down'  https://t.co/SPyo7G1oOv", "likes_count": 3, "replies_count": 1, "retweets_count": 1, "hashtags": ["jimchanos", "bitcoin", "tesla"]}
{"id": 1010669711191957505, "date": "2018-06-23", "time": "19:43:31", "tweet": "@Nixons_Head_ @NetflixAndLamp Trump and Musk have similar ideologies. Musk will talk to any regulator and grab him by the P, even SEC  $TSLA", "likes_count": 2, "replies_count": 0, "retweets_count": 0, "hashtags": []}
{"id": 1010669047128748032, "date": "2018-06-23", "time": "19:40:52", "tweet": "@BossHoggHazzard @pilot2b @wind4me @elonmusk @GerberKawasaki @Gfilche @TeslaCharts when $TSLA bulls talk about funding from aliens are they talking about this creature?  I am pretty sure this martian doesn't has so much money  https://t.co/OysYhMFlUW", "likes_count": 5, "replies_count": 0, "retweets_count": 0, "hashtags": []}
{"id": 1010667806206185472, "date": "2018-06-23", "time": "19:35:56", "tweet": "Bitcoin 2013-2015 bear market exit analysis currently #Crypto = early depression will +full calendar year fav shitcoins will die most youtube $twtr pals will leave friends &amp; family you dumped bags on are PISSED $BTC #Crypto #cryptocurrency #forex $ETH $LTC $ETC $TSLA $FB $BCH  https://t.co/ggutzpah4A", "likes_count": 3, "replies_count": 2, "retweets_count": 2, "hashtags": ["crypto", "crypto", "cryptocurrency", "forex"]}
{"id": 1010666470286807042, "date": "2018-06-23", "time": "19:30:38", "tweet": "@Smack_Check @librab103 @TeslaCharts @MuskFanboy @EthanNagler Yeah, I'm absolutely guessing here. Wide range of potential outcomes. From an incentives perspective, there is value in $TSLA showing a high deposits number, so expect them to try to engineer an increase QoQ.", "likes_count": 4, "replies_count": 1, "retweets_count": 0, "hashtags": []}
{"id": 1010666433322221568, "date": "2018-06-23", "time": "19:30:29", "tweet": "@NetflixAndLamp As a cult indoctrinated #tesla long, I believe any SEC investigation into Tesla can be dealt with by having Musk go on more profanity laced tirades followed by him slamming down the phone on them.  This is also an excellent way for him to secure more government subsidies.  $TSLA", "likes_count": 14, "replies_count": 1, "retweets_count": 0, "hashtags": ["tesla"]}
{"id": 1010666343950094337, "date": "2018-06-23", "time": "19:30:08", "tweet": "ACTIVE TRADERS Try one of these FREE trading guides:   https://t.co/7a1F666Y6R  $NFLX $TSLA $AAPL $TWTR $GS $FB $AMZN $GOOGL $NVDA", "likes_count": 1, "replies_count": 0, "retweets_count": 0, "hashtags": []}
{"id": 1010666294473994240, "date": "2018-06-23", "time": "19:29:56", "tweet": "Commented on $GM $TSLA  https://t.co/ipO89gYW2x", "likes_count": 2, "replies_count": 0, "retweets_count": 0, "hashtags": []}
{"id": 1010665984670208000, "date": "2018-06-23", "time": "19:28:42", "tweet": "@librab103 @TeslaCharts @Smack_Check @MuskFanboy @EthanNagler $TSLA balance sheet is tough to forecast. That said, deposits are mostly auto. The VIE's (where solar and some auto leases sit) only had $3mm of deposits in Q1-18.  https://t.co/SfiXzZMgej", "likes_count": 1, "replies_count": 1, "retweets_count": 0, "hashtags": []}
{"id": 1010665276948373504, "date": "2018-06-23", "time": "19:25:53", "tweet": "Commented on $GOOG $GOOGL $TSLA $GM  https://t.co/XXCDW2L4Sk", "likes_count": 1, "replies_count": 0, "retweets_count": 0, "hashtags": []}
{"id": 1010665068814589963, "date": "2018-06-23", "time": "19:25:04", "tweet": "With past performance like this, how can you not sign up for a Free 7-day trial to  https://t.co/zUqgaq1ieA? Winning Option Swing Trades Since 2006  $BABA $GOOGL $TSLA $BIDU", "likes_count": 1, "replies_count": 0, "retweets_count": 0, "hashtags": []}
{"id": 1010664704803528704, "date": "2018-06-23", "time": "19:23:37", "tweet": "Like $mtch $amd $fb $vktx $i  Short $tsla $lmt $wynn $mgm banking sector in general looks gloomy   $spy neutral. Cautious going into a mix-week Holiday, this has chop written all over it.", "likes_count": 1, "replies_count": 0, "retweets_count": 0, "hashtags": []}
{"id": 1010664194243465217, "date": "2018-06-23", "time": "19:21:35", "tweet": "I’m a $tsla $tslaq #tesla Tesla Bear bcuz I want:", "likes_count": 1, "replies_count": 0, "retweets_count": 0, "hashtags": ["tesla"]}
{"id": 1010663947995885569, "date": "2018-06-23", "time": "19:20:37", "tweet": "Evening Most Tweeted Big Caps, check out Gambiste Top 10: $IQ $AMD $TSLA $ON $SSNC $FFIV $MU $EWBC $QRVO $ABMD  https://t.co/lYp5LtitVR", "likes_count": 1, "replies_count": 0, "retweets_count": 0, "hashtags": []}
{"id": 1010663494327390210, "date": "2018-06-23", "time": "19:18:48", "tweet": "I’m a $tsla $tslaq #tesla Tesla Bull bcuz I want:", "likes_count": 1, "replies_count": 1, "retweets_count": 0, "hashtags": ["tesla"]}
{"id": 1010661343660204033, "date": "2018-06-23", "time": "19:10:16", "tweet": "Don’t you just love the way $tsla bends over backwards for its customers. Take note $tslaq  https://t.co/R25QHefqKi", "likes_count": 13, "replies_count": 2, "retweets_count": 0, "hashtags": []}
{"id": 1010661094753370113, "date": "2018-06-23", "time": "19:09:16", "tweet": "@zerohedge As a cult indoctrinated #tesla long, I believe that profanity laced tirades with federal regulators a very good way to secure more government subsidies.  Bullish!  $TSLA", "likes_count": 2, "replies_count": 0, "retweets_count": 0, "hashtags": ["tesla"]}
