{"id": 1046187815921471488, "date": "2018-09-29", "time": "19:59:47", "tweet": "$TSLA 30 day Price Landscape.  https://t.co/fytjXOWKQ5", "likes_count": 4, "replies_count": 0, "retweets_count": 1, "hashtags": []}
{"id": 1046187801463726080, "date": "2018-09-29", "time": "19:59:43", "tweet": "$TSLA shorts in deep doo doo!!!  https://t.co/cGv8RI1sMt", "likes_count": 1, "replies_count": 0, "retweets_count": 0, "hashtags": []}
{"id": 1046187779997265921, "date": "2018-09-29", "time": "19:59:38", "tweet": "Load the boat on $TSLA on Monday because Musk fuckin wins  https://t.co/JL7E5jKBwD", "likes_count": 3, "replies_count": 2, "retweets_count": 0, "hashtags": []}
{"id": 1046187543715168256, "date": "2018-09-29", "time": "19:58:42", "tweet": "@TommyThornton So a $40 million fine and ousted as Chairman of his BoD doesn’t erase poor sales, very poor quality cars, a lack of profitability, or other more significant issues with $TSLA?", "likes_count": 1, "replies_count": 0, "retweets_count": 0, "hashtags": []}
{"id": 1046187437859504129, "date": "2018-09-29", "time": "19:58:17", "tweet": "“Never bet against Elon Musk.” #TeamElon $TSLA", "likes_count": 7, "replies_count": 0, "retweets_count": 2, "hashtags": ["teamelon"]}
{"id": 1046187377755131905, "date": "2018-09-29", "time": "19:58:02", "tweet": "Here’s hoping this outcome wreaks havoc with the shorts on Monday. One can only hope they lose billions as $TSLA rockets to new highs.  https://t.co/dKRA4uRnKy", "likes_count": 4, "replies_count": 0, "retweets_count": 0, "hashtags": []}
{"id": 1046187223966613505, "date": "2018-09-29", "time": "19:57:26", "tweet": "@Coyoteblog @markbspiegel @TeslaCharts @elonmusk Here’s where ur argument is flawed, @Coyoteblog: this applies 2 “for profit” companies.  Only imbeciles &amp; Musketeers would argue that $TSLA is a “for profit” company. It is a “For Elon” company, &amp; we all know there are different rules for Elron. (BTW: Where are the car carriers?)", "likes_count": 5, "replies_count": 0, "retweets_count": 1, "hashtags": []}
{"id": 1046187128147701761, "date": "2018-09-29", "time": "19:57:03", "tweet": "@CGrantWSJ @DarkSideOfTheSt Push out the Mars colony by 6-9 months? $TSLA", "likes_count": 5, "replies_count": 0, "retweets_count": 0, "hashtags": []}
{"id": 1046187079506497536, "date": "2018-09-29", "time": "19:56:51", "tweet": "@LeilaniMunter @Tesla +100 @Tesla, #Automotive Division. An @ElonMusk Company. $TSLA", "likes_count": 4, "replies_count": 0, "retweets_count": 2, "hashtags": ["automotive"]}
{"id": 1046187057834528768, "date": "2018-09-29", "time": "19:56:46", "tweet": "@nytimes I wonder who will be the short list for $TSLA chairman ? Lots of options, Industry Legendary CEOs like Lee Iacocca Jack Welch, X Presidents  @BarackObama @BillClinton , fellow visionary entrepreneurs @BillGates @JeffBezos Drop some names, the first to pick the winner gets 9 $ETH", "likes_count": 41, "replies_count": 12, "retweets_count": 4, "hashtags": []}
{"id": 1046186995817406464, "date": "2018-09-29", "time": "19:56:31", "tweet": "Tesla don’t need to raise (as per Earnings Call)   ~53,000 Model 3s in a quarter   = More than $3 billion revenue - just 3s -just that quarter  (ASP $60,000)  $TSLA #Tesla   https://t.co/3WEt8CobQi", "likes_count": 3, "replies_count": 0, "retweets_count": 1, "hashtags": ["tesla"]}
{"id": 1046186963311550464, "date": "2018-09-29", "time": "19:56:23", "tweet": "$TSLA #BreakingNews #Stocks #Trading #StocksToTrade             https://t.co/AztEPpYYRq", "likes_count": 1, "replies_count": 0, "retweets_count": 0, "hashtags": ["breakingnews", "stocks", "trading", "stockstotrade"]}
{"id": 1046186949659131904, "date": "2018-09-29", "time": "19:56:20", "tweet": "$TSLA -  https://t.co/ilTGPWjw1y  $GOOGL $FB $JPM $C $BAC $WFC $AAPL $PM $PG $GE $JNJ $CSCO $MSFT $INTC $TWTR $TSLA $V $DIS $UNH $VZ $SLB $XOM $ES_F $GC_F $NQ_F $CL_F $ZB_F $TLT $MET $PNC $CTL $LMT $WMT $TGT $AMZN $AMGN $BMY $IBM $SPX $NASDAQ $DJIA #optionstrading #stockstowatch", "likes_count": 0, "replies_count": 1, "retweets_count": 0, "hashtags": ["optionstrading", "stockstowatch"]}
{"id": 1046186947826339842, "date": "2018-09-29", "time": "19:56:20", "tweet": "@mariorestini @RE_CTOWN @tonylee7 @CGrantWSJ I have no position in $TSLA but you’re delusional if you think the shares will get over $500 let alone $1K (within a year...c’mon).", "likes_count": 4, "replies_count": 1, "retweets_count": 0, "hashtags": []}
{"id": 1046186896047710208, "date": "2018-09-29", "time": "19:56:07", "tweet": "@LoupVentures Finally some good $TSLA news!", "likes_count": 0, "replies_count": 0, "retweets_count": 0, "hashtags": []}
{"id": 1046186886107156480, "date": "2018-09-29", "time": "19:56:05", "tweet": "#Tesla $TSLA  https://t.co/XnKCaQZOPf", "likes_count": 10, "replies_count": 1, "retweets_count": 4, "hashtags": ["tesla"]}
{"id": 1046186656737480705, "date": "2018-09-29", "time": "19:55:10", "tweet": "@QTRResearch “Ignore all distractions...and we will be victorious.\" $TSLA", "likes_count": 1, "replies_count": 0, "retweets_count": 0, "hashtags": []}
{"id": 1046186632272105473, "date": "2018-09-29", "time": "19:55:04", "tweet": "Try our swing trading service built for individuals who want to trade longer-term timeframes around their full-time careers. Find out more here:  https://t.co/gql0pEiC8a $AMZN $NVDA $TSLA $BABA", "likes_count": 0, "replies_count": 0, "retweets_count": 0, "hashtags": []}
{"id": 1046186613955473408, "date": "2018-09-29", "time": "19:55:00", "tweet": "$TSLA @elonmusk @tesla   https://t.co/UOgLTSORMU", "likes_count": 2, "replies_count": 0, "retweets_count": 0, "hashtags": []}
{"id": 1046186559345700864, "date": "2018-09-29", "time": "19:54:47", "tweet": "@ryanwwade @Inc Musk owns and runs at least 5 companies currently, comes up with some of the most innovative designs, sends rockets to space, is digging an underground freeway under LA, is building hyper-speed transportation in Dubai...   Yeah, I'd say he's productive...  $TSLA", "likes_count": 1, "replies_count": 0, "retweets_count": 0, "hashtags": []}
