{"id": 1157803204391907328, "date": "2019-08-03", "time": "19:59:29", "tweet": "Terrific piece on $tsla and why it remains the short of a lifetime.   $tslaq   https://t.co/Toc80qEtnC", "likes_count": 61, "replies_count": 6, "retweets_count": 16, "hashtags": []}
{"id": 1157803198238875648, "date": "2019-08-03", "time": "19:59:28", "tweet": "Reading my $tsla feed this weekend I am somehow reminded of this event in history  https://t.co/NtZlzC2hSy", "likes_count": 0, "replies_count": 0, "retweets_count": 0, "hashtags": []}
{"id": 1157802287114440706, "date": "2019-08-03", "time": "19:55:50", "tweet": "$SPY $QQQ $DIA $SPX $GM $F $FCAU $GS $JPM $C $BAC $TSLA $TSLAQ $BYND", "likes_count": 0, "replies_count": 0, "retweets_count": 0, "hashtags": []}
{"id": 1157802089805996032, "date": "2019-08-03", "time": "19:55:03", "tweet": "OptionAlarm provides Option Swing Trade Alerts With REAL Results! Try It For 10 Days:  https://t.co/tuSI0SJPbS It's FREE! No Credit Card Required! $AMZN $NVDA $TSLA $BABA", "likes_count": 0, "replies_count": 0, "retweets_count": 0, "hashtags": []}
{"id": 1157801826802196481, "date": "2019-08-03", "time": "19:54:01", "tweet": "Tesla | $TSLA  $TSLA - LONG  Long or short it on WCX:  https://t.co/TwbHOg9YWQ  https://t.co/LCVu0MHG8P", "likes_count": 0, "replies_count": 0, "retweets_count": 0, "hashtags": []}
{"id": 1157800460318904325, "date": "2019-08-03", "time": "19:48:35", "tweet": "@MrAndyNgo $TSLA brand image with the left taking a hit recently? Otherwise you'd figure they give that car a pass.", "likes_count": 0, "replies_count": 0, "retweets_count": 0, "hashtags": []}
{"id": 1157799662847504384, "date": "2019-08-03", "time": "19:45:25", "tweet": "Hybrids are 14 times better than battery (BEV) at reducing carbon emissions.  Why is Elon still producing such polluting vehicles? $TSLA  https://t.co/JtH3gd1Seh", "likes_count": 0, "replies_count": 0, "retweets_count": 0, "hashtags": []}
{"id": 1157799379203502081, "date": "2019-08-03", "time": "19:44:17", "tweet": "@scot_work Knowing the shitty built quality and impending BK why would anybody buy a $TSLA $TSLAQ is bewildering.", "likes_count": 0, "replies_count": 0, "retweets_count": 0, "hashtags": []}
{"id": 1157798259840045057, "date": "2019-08-03", "time": "19:39:50", "tweet": "Observations: $TSLA has fire sales before end of qtrs, all of them.  Elon switches to \"Unlimited Supercharging\" when demand is low.  Elon cuts prices without cutting costs.  Elon reduces featured SKU requirments.  Elon kills sales, period.  $TSLAQ", "likes_count": 9, "replies_count": 0, "retweets_count": 0, "hashtags": []}
{"id": 1157798126444400641, "date": "2019-08-03", "time": "19:39:18", "tweet": "@kaffeedosenfil1 @Commuternyc Believe what you will, I’m no loyal lemming. I’m $tsla agnostic (for now) and the last investment I had was a put. What you described happens daily to cars without AP.", "likes_count": 0, "replies_count": 0, "retweets_count": 0, "hashtags": []}
{"id": 1157797816942637056, "date": "2019-08-03", "time": "19:38:05", "tweet": "@STOCKMASTER2000 Jay, love your $bynd work but saying Elon lands rockets backwards is as fucked up as $bynd. He doesn’t do jack shit.  The engineers are SpaceX do that, not Elon.  Sad you don’t see the fraud at $tsla going on.", "likes_count": 7, "replies_count": 3, "retweets_count": 0, "hashtags": []}
{"id": 1157797542861479936, "date": "2019-08-03", "time": "19:36:59", "tweet": "@dmdopwm @i1Tesla Just like the items I got, the cars by others, the Roadster will also get to the winners when ready $tsla", "likes_count": 0, "replies_count": 0, "retweets_count": 0, "hashtags": []}
{"id": 1157797440864604160, "date": "2019-08-03", "time": "19:36:35", "tweet": "@konrad_bilinski @threefivesinv Shorts have certainly been wrong about some things - can't raise, can't ramp production, etc. But the high level thesis, that $TSLA is not economically viable and can't sustainably operate at a profit (let alone justify their valuation) is still in play.", "likes_count": 1, "replies_count": 1, "retweets_count": 0, "hashtags": []}
{"id": 1157796798838255618, "date": "2019-08-03", "time": "19:34:02", "tweet": "Ordering and Features  https://t.co/sqk32GGy3V #Tesla $TSLA @tesla  https://t.co/AgWWpwz2E2  https://t.co/rPmaiCfZ9k", "likes_count": 0, "replies_count": 0, "retweets_count": 0, "hashtags": ["tesla"]}
{"id": 1157795817870299142, "date": "2019-08-03", "time": "19:30:08", "tweet": "ACTIVE TRADERS Try one of these FREE trading guides:   https://t.co/fmNy33gCqr  $NFLX $TSLA $AAPL $TWTR $GS $FB $AMZN $GOOGL $NVDA", "likes_count": 0, "replies_count": 0, "retweets_count": 0, "hashtags": []}
{"id": 1157795230856437765, "date": "2019-08-03", "time": "19:27:48", "tweet": "@konrad_bilinski @threefivesinv Mixed results - $TSLA hasn't gone bankrupt, but the stock has greatly underperformed. But even assuming shorts were completely wrong, I don't see that as a valid argument. You can't assume they will always remain wrong. Better to examine the arguments on their own merits.", "likes_count": 0, "replies_count": 1, "retweets_count": 0, "hashtags": []}
{"id": 1157794740861112320, "date": "2019-08-03", "time": "19:25:51", "tweet": "$SPY $QQQ $DIA $SPX $GM $F $FCAU $GS $JPM $C $BAC $GE $BA $TSLA $CAT $DE $AGCO $AMZN $WMT $TSLAQ $DB $BYND $AMD $KMX $MCD $SHOP $W $PCG $LEN $PHM $TOL $NFLX $EFX $V $AXP $MA $AAPL $JBHT $UNP $HD $LOW", "likes_count": 2, "replies_count": 0, "retweets_count": 0, "hashtags": []}
{"id": 1157794534409035782, "date": "2019-08-03", "time": "19:25:02", "tweet": "With past performance like this, how can you not sign up for a Free 7-day trial to  https://t.co/HwM33hw3d6? Winning Option Swing Trades Since 2006  $BABA $GOOGL $TSLA $BIDU", "likes_count": 0, "replies_count": 0, "retweets_count": 0, "hashtags": []}
{"id": 1157794522937647104, "date": "2019-08-03", "time": "19:24:59", "tweet": "Evening Most Tweeted Big Caps, check out Gambiste Top 10: $BYND $TSLA $SQ $ROKU $PINS $TWTR $GS $SE $CGC $SNAP  https://t.co/k3uyuEbRpJ", "likes_count": 0, "replies_count": 0, "retweets_count": 0, "hashtags": []}
{"id": 1157793341230211073, "date": "2019-08-03", "time": "19:20:17", "tweet": "We all joke, but the re-introduction of unlimited super charging is 100% because of lack of demand.  He only has simple tools at his disposal. $tsla", "likes_count": 32, "replies_count": 4, "retweets_count": 2, "hashtags": []}
{"id": 1157791565621923847, "date": "2019-08-03", "time": "19:13:14", "tweet": "When it comes to online searches for an #electricvehicle in Google, #Tesla rules the rankings! Check out all the data here:  https://t.co/8Akz1uoc3W $TSLA #TeslaMotors #TeslaModel3 #ElonMusk @cleantechnica @zshahan3 @vincent13031925 @JohnnaCrider1", "likes_count": 78, "replies_count": 1, "retweets_count": 16, "hashtags": ["electricvehicle", "tesla", "teslamotors", "teslamodel3", "elonmusk"]}
{"id": 1157790490927878144, "date": "2019-08-03", "time": "19:08:58", "tweet": "#Astroturfing #ElonMusk, fraud loving $TSLA account   Account started March 2019, designed to look like a short seller.  Blocked me before first tweet. This allows trolls to get around the block list.  $TSLAQ #Blocked @MartianShort #TheSociopathicBusinessModel  #FraudFormula  https://t.co/0d7ttKmpep", "likes_count": 10, "replies_count": 1, "retweets_count": 1, "hashtags": ["astroturfing", "elonmusk", "blocked", "thesociopathicbusinessmodel", "fraudformula"]}
{"id": 1157790146575642624, "date": "2019-08-03", "time": "19:07:36", "tweet": "@adamconover Das Böring company. $tsla", "likes_count": 0, "replies_count": 0, "retweets_count": 0, "hashtags": []}
{"id": 1157789757826588673, "date": "2019-08-03", "time": "19:06:03", "tweet": "@threefivesinv Unless you think it's possible to sell more cars than you produce every Q, I don't see how you imagine $TSLA being +FCF going forward. Or do you expect ASP to magically improve instead of continuing its decent.", "likes_count": 1, "replies_count": 2, "retweets_count": 0, "hashtags": []}
{"id": 1157789445355184128, "date": "2019-08-03", "time": "19:04:49", "tweet": "$tsla #Tesla $tslaq   “Adam Ruins Everything”  Destroys Elon Musk!!!", "likes_count": 3, "replies_count": 0, "retweets_count": 0, "hashtags": ["tesla"]}
{"id": 1157789028651012100, "date": "2019-08-03", "time": "19:03:09", "tweet": "Every day more and more people are calling Musk out for his bullshit. Please do an episode of you show Adam Ruins Everything about Elon Musk! Pleaseeee? $tsla $tslaq", "likes_count": 4, "replies_count": 0, "retweets_count": 0, "hashtags": []}
{"id": 1157788693903630336, "date": "2019-08-03", "time": "19:01:49", "tweet": "Antifa funded by big oil $Tslaq $tsla", "likes_count": 0, "replies_count": 0, "retweets_count": 0, "hashtags": []}
{"id": 1157788422909681664, "date": "2019-08-03", "time": "19:00:45", "tweet": "$tslaq $tsla #Tesla  “Unsigned Cyclist” thinks shill-tweeting for Musk/Tesla will get him signed", "likes_count": 2, "replies_count": 2, "retweets_count": 0, "hashtags": ["tesla"]}
{"id": 1157788275526045698, "date": "2019-08-03", "time": "19:00:10", "tweet": "Don't miss our next FREE OPTION TRADE.  Sign up for our Daily Free Trades at  https://t.co/Q46gI78oQV $NVDA $TSLA $GS $C $WFC $GOOGL $FB", "likes_count": 0, "replies_count": 0, "retweets_count": 0, "hashtags": []}
{"id": 1157786278819241985, "date": "2019-08-03", "time": "18:52:14", "tweet": "$tsla $tslaq #Tesla  Truth on Free Super Charging  (celebrity voice impersonation by @PollsTesla )  https://t.co/kwzstlwQOd", "likes_count": 3, "replies_count": 0, "retweets_count": 0, "hashtags": ["tesla"]}
{"id": 1157785859334316038, "date": "2019-08-03", "time": "18:50:34", "tweet": "@Boy2000Fan or this ... from a few days ago !  I guess it was a random 3rd party who did this, sent it to Fluffer Fred and bobs yer uncle ...   https://t.co/2lZ65Yqk6v  I wonder if this wasn't a $TSLA render whether it would have got any traction ..... 🧐", "likes_count": 1, "replies_count": 0, "retweets_count": 0, "hashtags": []}
{"id": 1157785337684533248, "date": "2019-08-03", "time": "18:48:29", "tweet": "I laughed harder than I should’ve at this.  $TSLA $TSLAQ", "likes_count": 2, "replies_count": 1, "retweets_count": 0, "hashtags": []}
{"id": 1157784456197001216, "date": "2019-08-03", "time": "18:44:59", "tweet": "@EliteOptions2 $NVDA, $TSLA, $BA, $TWTR, $JNUG, $SPY", "likes_count": 0, "replies_count": 0, "retweets_count": 0, "hashtags": []}
{"id": 1157784367499902977, "date": "2019-08-03", "time": "18:44:38", "tweet": "@ClausMller17 @markbspiegel @bradsferguson Claus, excellent stuff, and thanks for the info about the Danish reseller. As for @bradsferguson, he hasn't misunderstood anything. He's a well-known $TSLA cultist &amp; troll specializing in misinformation, which is why most of us already block him.", "likes_count": 2, "replies_count": 0, "retweets_count": 0, "hashtags": []}
{"id": 1157784215863226368, "date": "2019-08-03", "time": "18:44:02", "tweet": "Possible Tesla V3 Supercharging in Shanghai Gigafactory GF3.  $TSLA #Tesla #China #TeslaChina #GF3", "likes_count": 69, "replies_count": 2, "retweets_count": 12, "hashtags": ["tesla", "china", "teslachina", "gf3"]}
{"id": 1157783523241017344, "date": "2019-08-03", "time": "18:41:17", "tweet": "An Aussie Tesla Model 3 review. $TSLA   https://t.co/n5A4ajAifX", "likes_count": 12, "replies_count": 0, "retweets_count": 4, "hashtags": []}
{"id": 1157783372984410112, "date": "2019-08-03", "time": "18:40:41", "tweet": "🤦‍♂️日本ではどこの駐車場でやるのかね。  $TSLA $TSLAQ #Tesla #CYAZ #テスラ #モデル3", "likes_count": 3, "replies_count": 0, "retweets_count": 0, "hashtags": ["tesla", "cyaz", "テスラ", "モデル3"]}
{"id": 1157783299223408645, "date": "2019-08-03", "time": "18:40:23", "tweet": "Sweet Jesus can this company get ANYTHING right?   $TSLA $TSLAQ", "likes_count": 1, "replies_count": 0, "retweets_count": 0, "hashtags": []}
{"id": 1157783020515893249, "date": "2019-08-03", "time": "18:39:17", "tweet": "Thoughtful analysis ThreeFives. $TSLA", "likes_count": 3, "replies_count": 0, "retweets_count": 0, "hashtags": []}
{"id": 1157782291650715648, "date": "2019-08-03", "time": "18:36:23", "tweet": "Sanjay has been shuffled .... Creative differences I’m sure but still the holder of patents   $tsla $tslaq #teslasolar #teslasolarissues   Tesla’s Stagnant Energy Unit Said to Shuffle Executive Ranks - Bloomberg  https://t.co/I6xKOYKgPm", "likes_count": 1, "replies_count": 0, "retweets_count": 0, "hashtags": ["teslasolar", "teslasolarissues"]}
{"id": 1157780997901029378, "date": "2019-08-03", "time": "18:31:15", "tweet": "@notabigdeal111 When I play poker, I love betting a hand that has more than one way to win.  I feel like $TSLA has handed us all the whole deck.", "likes_count": 4, "replies_count": 0, "retweets_count": 1, "hashtags": []}
{"id": 1157780703200907271, "date": "2019-08-03", "time": "18:30:04", "tweet": "ACTIVE TRADERS Try one of these FREE trading guides:   https://t.co/U5OdbJTypr  $NFLX $TSLA $AAPL $IBB $GS $FB $AMZN $GOOGL $NVDA", "likes_count": 0, "replies_count": 0, "retweets_count": 0, "hashtags": []}
{"id": 1157780275134267392, "date": "2019-08-03", "time": "18:28:22", "tweet": "More $TSLA planning &amp; logistics brilliance in evidence in Europe. Leave it to Musk to figure out how to make a money-losing car an even bigger loser. Can't wait until he applies his Model 3 \"learnings\" to the Shanghai plant.", "likes_count": 24, "replies_count": 0, "retweets_count": 2, "hashtags": []}
{"id": 1157779080428699653, "date": "2019-08-03", "time": "18:23:37", "tweet": "Evidence accumulates that $TSLA resorted to fleet sales to achieve its Q2 delivery number. Here, Denmark. Further proof, if any were needed, that Tesla prioritizes deliveries over profit. No wonder it has lost money in each year of its existence. This year: headed for $2B loss.", "likes_count": 43, "replies_count": 4, "retweets_count": 9, "hashtags": []}
{"id": 1157778198790230016, "date": "2019-08-03", "time": "18:20:07", "tweet": "@Commuternyc   $TSLAQ : here is pic to prove Tesla hides cars in UK parking lot again... $TSLA : high demand in UK", "likes_count": 0, "replies_count": 0, "retweets_count": 0, "hashtags": []}
{"id": 1157777779045408770, "date": "2019-08-03", "time": "18:18:27", "tweet": "Authentic Timothy Sykes Millionaire Challenge DVD Set and PowerPoint slides   https://t.co/HjrTeRvapq  $SLV $GLD $QQQ $DJIA $DIA $SPY $FB $NFLX $AAPL $AMZN $TSLA #Earnings #options #stocktrade #dowjones #forex #Commodities #futures #markets #MarketsNews", "likes_count": 0, "replies_count": 0, "retweets_count": 0, "hashtags": ["earnings", "options", "stocktrade", "dowjones", "forex", "commodities", "futures", "markets", "marketsnews"]}
{"id": 1157777243923464192, "date": "2019-08-03", "time": "18:16:20", "tweet": "@Tweetermeyer @Tesla_Bear @thedrive The Finns should sue $tsla now, while it's not $tslaq. Otherwise Tesla will use the standard tactics to delay any resolution by 10 years.", "likes_count": 2, "replies_count": 0, "retweets_count": 0, "hashtags": []}
{"id": 1157776305720610820, "date": "2019-08-03", "time": "18:12:36", "tweet": "via TheCreditBubble: #Elon $tsla", "likes_count": 0, "replies_count": 0, "retweets_count": 0, "hashtags": ["elon"]}
{"id": 1157773320932286464, "date": "2019-08-03", "time": "18:00:44", "tweet": "Hey @elonmusk   Your software keeps trying to kill people. I bet you’re pretty indifferent to that though since the check clears before they crash. Gotta fuel up that gulf stream somehow!   $TSLA", "likes_count": 3, "replies_count": 0, "retweets_count": 0, "hashtags": []}
{"id": 1157772466581843968, "date": "2019-08-03", "time": "17:57:21", "tweet": "$tsla", "likes_count": 1, "replies_count": 0, "retweets_count": 1, "hashtags": []}
{"id": 1157771205128200194, "date": "2019-08-03", "time": "17:52:20", "tweet": "@NewPositivism You just got a follow bro. Welcome to the squad. $TSLA $TSLAQ", "likes_count": 3, "replies_count": 2, "retweets_count": 0, "hashtags": []}
{"id": 1157771086714605571, "date": "2019-08-03", "time": "17:51:52", "tweet": "$tsla", "likes_count": 0, "replies_count": 0, "retweets_count": 0, "hashtags": []}
{"id": 1157771031295213569, "date": "2019-08-03", "time": "17:51:38", "tweet": "@adamconover Just made my weekend!! $tsla", "likes_count": 4, "replies_count": 0, "retweets_count": 0, "hashtags": []}
{"id": 1157770629959098368, "date": "2019-08-03", "time": "17:50:03", "tweet": "Holy hell!!!!! $tsla", "likes_count": 3, "replies_count": 0, "retweets_count": 0, "hashtags": []}
{"id": 1157770311577821184, "date": "2019-08-03", "time": "17:48:47", "tweet": "This week's installment of Japanese Tesla listings/sales. Last week's thread at the end. $TSLA $TSLAQ #テスラ #CYAZ #テスラ #モデル3  TL;DR: 2nd inventory sale of the Q! Otherwise quiet. Model 3 order reports slowing.", "likes_count": 3, "replies_count": 1, "retweets_count": 0, "hashtags": ["テスラ", "cyaz", "テスラ", "モデル3"]}
{"id": 1157770052042547201, "date": "2019-08-03", "time": "17:47:45", "tweet": "Who ruined it better, Adam or Elon?  $TSLA $TSLAQ", "likes_count": 8, "replies_count": 2, "retweets_count": 0, "hashtags": []}
{"id": 1157767531664306176, "date": "2019-08-03", "time": "17:37:44", "tweet": "The start of walking out of $TSLA   $TSLAQ", "likes_count": 5, "replies_count": 1, "retweets_count": 2, "hashtags": []}
{"id": 1157766960823840768, "date": "2019-08-03", "time": "17:35:28", "tweet": "Prospective Tesla Buyers:  Wait for Tesla prices to come down because:  Tesla’s trying not to die.  CEO Elon Musk said that Tesla would \"die\" by selling the cheapest Model 3 version.  Tesla needs cash money.  Beware of Tesla’s Death Throes  $tslaq $tsla #Tesla", "likes_count": 8, "replies_count": 4, "retweets_count": 1, "hashtags": ["tesla"]}
{"id": 1157766470811705345, "date": "2019-08-03", "time": "17:33:31", "tweet": "Currently Short:   $BABA $NKE $PG $SNAP  $GE   Long $TEVA  $SPY $SPX $TSLA $NVTA $NVDA $TTD $SHOP $ROKU $DIS $BA $GE $AMD $GOOGL $FB $AMZN $NFLX $BTC $ACB $BABA $BYND $PINS $SQ $QCOM $NIO $MCD $F $M $CAT $MMM", "likes_count": 1, "replies_count": 0, "retweets_count": 0, "hashtags": []}
{"id": 1157766187536846848, "date": "2019-08-03", "time": "17:32:24", "tweet": "Currently Short:   $INTC $TWLO $NVDA $MSFT $MU  $SPY $SPX $TSLA $NVTA $NVDA $TTD $SHOP $ROKU $DIS $BA $GE $AMD $GOOGL $FB $AMZN $NFLX $BTC $ACB $BABA $BYND $PINS $SQ $QCOM $NIO $MCD $F $M $CAT $MMM", "likes_count": 0, "replies_count": 0, "retweets_count": 0, "hashtags": []}
{"id": 1157765905163722757, "date": "2019-08-03", "time": "17:31:16", "tweet": "Currently Short:   $XRT $WMT $M $LOW $BBY $TGT  $SPY $SPX $TSLA $NVTA $NVDA $TTD $SHOP $ROKU $DIS $BA $GE $AMD $GOOGL $FB $AMZN $NFLX $BTC $ACB $BABA $BYND $PINS $SQ $QCOM $NIO $MCD $F $M $CAT $MMM", "likes_count": 0, "replies_count": 0, "retweets_count": 0, "hashtags": []}
{"id": 1157765606084677633, "date": "2019-08-03", "time": "17:30:05", "tweet": "ACTIVE TRADERS Try one of these FREE trading guides:   https://t.co/TwefbaBsco  $NFLX $TSLA $AAPL $JWN $GS $FB $AMZN $GOOGL $NVDA", "likes_count": 0, "replies_count": 0, "retweets_count": 0, "hashtags": []}
{"id": 1157765381479718914, "date": "2019-08-03", "time": "17:29:11", "tweet": "Currently Short:   $XLV $PFE $ABT $UNH   Currently Long:  $MRK $JNJ  $SPY $SPX $TSLA $NVTA $NVDA $TTD $SHOP $ROKU $DIS $BA $GE $AMD $GOOGL $FB $AMZN $NFLX $BTC $ACB $BABA $BYND $PINS $SQ $QCOM $NIO $MCD $F $M $CAT $MMM", "likes_count": 0, "replies_count": 0, "retweets_count": 1, "hashtags": []}
{"id": 1157765060825161728, "date": "2019-08-03", "time": "17:27:55", "tweet": "Currently Short:   $XLF $JPM $C $WFC $BAC  $BRK.B covered. Looking like a possible long  $SPY $SPX $TSLA $NVTA $NVDA $TTD $SHOP $ROKU $DIS $BA $GE $AMD $GOOGL $FB $AMZN $NFLX $BTC $ACB $BABA $BYND $PINS $SQ $QCOM $NIO $MCD $F $M $CAT $MMM", "likes_count": 0, "replies_count": 0, "retweets_count": 1, "hashtags": []}
{"id": 1157764795724161024, "date": "2019-08-03", "time": "17:26:52", "tweet": "Currently Short:   $DIS $FB $ROKU $SHOP $TTD $NVTA  $SPY $SPX $TSLA $NVTA $NVDA $TTD $SHOP $ROKU $DIS $BA $GE $AMD $GOOGL $FB $AMZN $NFLX $BTC $ACB $BABA $BYND $PINS $SQ $QCOM $NIO $MCD $F $M $CAT $MMM", "likes_count": 0, "replies_count": 0, "retweets_count": 1, "hashtags": []}
{"id": 1157764615826300928, "date": "2019-08-03", "time": "17:26:09", "tweet": "Tripa alla fiorentino. #tslaqnonshtfood $tsla $tslaQ  https://t.co/LxUqS5NKg1", "likes_count": 4, "replies_count": 3, "retweets_count": 0, "hashtags": ["tslaqnonshtfood"]}
{"id": 1157764514227589120, "date": "2019-08-03", "time": "17:25:45", "tweet": "Currently Short:   $NFLX $AMZN $TSLA $AAPL $GOOGL $AMD   $SPY $SPX $TSLA $NVTA $NVDA $TTD $SHOP $ROKU $DIS $BA $GE $AMD $GOOGL $FB $AMZN $NFLX $BTC $ACB $BABA $BYND $PINS $SQ $QCOM $NIO $MCD $F $M $CAT $MMM", "likes_count": 0, "replies_count": 0, "retweets_count": 1, "hashtags": []}
{"id": 1157764303954567168, "date": "2019-08-03", "time": "17:24:54", "tweet": "$SPY - 50% #profit WINNER on Friday  SPY 291.5 CALL from 1.7 to 2.4  Congratulations to everyone in trading group.  $SPX $AMZN $FB $AAPL $NFLX $GOOGL $GOOG #OPTIONS $TSLA #daytrading $NVDA $BABA $BIDU $ES $IWM $QQQ $BA $C $JPM $XLF $QCOM $LRCX $DIS $MSFT $VIXX $BYND #bitcoin $IYT  https://t.co/v7lEVTi6Zd", "likes_count": 0, "replies_count": 0, "retweets_count": 0, "hashtags": ["profit", "options", "daytrading", "bitcoin"]}
{"id": 1157763973707702273, "date": "2019-08-03", "time": "17:23:36", "tweet": "Simple and to the point. Analyst negligence to the max. $TSLA $TSLAQ", "likes_count": 26, "replies_count": 2, "retweets_count": 4, "hashtags": []}
{"id": 1157763555992776704, "date": "2019-08-03", "time": "17:21:56", "tweet": "Yep 👍 something isn’t right about the story and the driver has said nothing $tsla $tslaq I smell a $tsla coverup", "likes_count": 1, "replies_count": 0, "retweets_count": 0, "hashtags": []}
{"id": 1157763497243095044, "date": "2019-08-03", "time": "17:21:42", "tweet": "@alpha_exposure not at my terminal but this looks like $tsla", "likes_count": 9, "replies_count": 0, "retweets_count": 0, "hashtags": []}
{"id": 1157762873818603521, "date": "2019-08-03", "time": "17:19:13", "tweet": "Weekly #SGFreport for $TSLA Tyson's Corner, VA inventory lots.  Inventory is down a bit to 179.  https://t.co/v9vW542l3H", "likes_count": 7, "replies_count": 2, "retweets_count": 1, "hashtags": ["sgfreport"]}
{"id": 1157762869422899206, "date": "2019-08-03", "time": "17:19:12", "tweet": "Mass delusions and fairy tales. Talk about moving the goalposts! $TSLA", "likes_count": 1, "replies_count": 1, "retweets_count": 0, "hashtags": []}
{"id": 1157762101320081410, "date": "2019-08-03", "time": "17:16:09", "tweet": "That about be the car company.... but I am guessing you already knew that.   $TSLA $TSLAQ", "likes_count": 1, "replies_count": 1, "retweets_count": 0, "hashtags": []}
{"id": 1157761908398673920, "date": "2019-08-03", "time": "17:15:23", "tweet": "@cazin678 @WallStCynic @CVCResearch Imagine specializing in insuring a specific line cars that do 0-60 MPH in under 3 seconds. That you manufacture. That you miss-advertise as having \"Autopilot.\" That you demo *yourself* on national TV - with no hands on the steering wheel. What could go wrong?  $TSLA $TSLAQ", "likes_count": 8, "replies_count": 2, "retweets_count": 0, "hashtags": []}
{"id": 1157761631310344193, "date": "2019-08-03", "time": "17:14:17", "tweet": "Cue the Elon \"fans\"  FACT: Many \"fans\" are paid astroturfing branding bots OR insecure, easily manipulated into accepting fraud as \"innovation\"  early adopters   #TheSociopathicBusinessModel #FraudFormula $TSLA #Tesla $TSLAQ #BoringCompany #SpaceX 1", "likes_count": 4, "replies_count": 2, "retweets_count": 0, "hashtags": ["thesociopathicbusinessmodel", "fraudformula", "tesla", "boringcompany", "spacex"]}
{"id": 1157761529896300544, "date": "2019-08-03", "time": "17:13:53", "tweet": "@realDonaldTrump $SPY Trump- \"America is taking in Billions in Tariffs from China\" 🤔 😂😂 $SPX $QQQ $IWM $DJI $AAPL $TSLA $FB $AMZN $GS $JPM $BAC $C $GOOGL $SPOT $XLE $BA $BABA $UVXY $LYFT $CMG #tradewar #China #TradeTalks #tariffs  https://t.co/Aox2HPq3uL", "likes_count": 0, "replies_count": 0, "retweets_count": 1, "hashtags": ["tradewar", "china", "tradetalks", "tariffs"]}
{"id": 1157760895742820354, "date": "2019-08-03", "time": "17:11:22", "tweet": "Will Moore’s Law make Tesla obsolete? $tsla $tslaq #Tesla", "likes_count": 0, "replies_count": 2, "retweets_count": 0, "hashtags": ["tesla"]}
{"id": 1157760556738207744, "date": "2019-08-03", "time": "17:10:01", "tweet": "@alpha_exposure $tsla", "likes_count": 6, "replies_count": 0, "retweets_count": 0, "hashtags": []}
{"id": 1157760018600660993, "date": "2019-08-03", "time": "17:07:53", "tweet": "A Deluge of Batteries Is About to Rewire the Power Grid $tsla  https://t.co/OLhHmPC3Az", "likes_count": 6, "replies_count": 0, "retweets_count": 1, "hashtags": []}
{"id": 1157759873658040322, "date": "2019-08-03", "time": "17:07:18", "tweet": "@TennHedge @TESLAcharts Tesla’s trying not to die.  CEO Elon Musk said that Tesla would \"die\" by selling the cheapest Model 3 version   Beware of Tesla’s Death Throes  $tslaq $tsla #Tesla", "likes_count": 2, "replies_count": 1, "retweets_count": 0, "hashtags": ["tesla"]}
{"id": 1157759373449531392, "date": "2019-08-03", "time": "17:05:19", "tweet": "Learn about EOSIO and earn $EOS in return!  Join ⬇️  https://t.co/LEpmfBPw0F  Use this link to generate $10 $EOS #cryptocurrency for free &amp; up to a total of $50  $BNB $LEND $BTC $GBTC $NEO $ZRX $ENJ $OST $TRX $ZEC $MANA $LAHO $DCGD $SNMN $TCEL $TSLA $CUBV $FNMA $GDX $USO $FB $AMZN", "likes_count": 1, "replies_count": 7, "retweets_count": 6, "hashtags": ["cryptocurrency"]}
{"id": 1157758283370749952, "date": "2019-08-03", "time": "17:00:59", "tweet": "I can remember a time when you bought a car in September when the models came out and you were able to get a better deal on last year's models.  $TSLA has a fire sale a few weeks before each qtr ends.  Bullish   $TSLAQ", "likes_count": 5, "replies_count": 0, "retweets_count": 0, "hashtags": []}
{"id": 1157758102328041472, "date": "2019-08-03", "time": "17:00:16", "tweet": "Don't miss our next FREE OPTION TRADE.  Sign up for our Daily Free Trades at  https://t.co/NpRHory9RM $NVDA $TSLA $GS $REGN $BAC $GOOGL $FB", "likes_count": 0, "replies_count": 0, "retweets_count": 0, "hashtags": []}
{"id": 1157757531260780545, "date": "2019-08-03", "time": "16:58:00", "tweet": "The new live trade feed is up and running!  Includes  Morning Trade Plan And Trade Ideas  Live Trade Entries And Exits  Educational Content  Strategy Building and Position Trading  Start now for less than $1 a day  Learn more  https://t.co/YaHDZ5zTQ8  $SPY $FB $TWTR $TSLA $SQ", "likes_count": 0, "replies_count": 0, "retweets_count": 1, "hashtags": []}
{"id": 1157756122075455489, "date": "2019-08-03", "time": "16:52:24", "tweet": "@btsparks Musk said $tsla went on a spartan diet.", "likes_count": 2, "replies_count": 0, "retweets_count": 0, "hashtags": []}
{"id": 1157755619606183936, "date": "2019-08-03", "time": "16:50:24", "tweet": "$tsla has nothing on this interior  https://t.co/T0URTkpwyP", "likes_count": 0, "replies_count": 0, "retweets_count": 0, "hashtags": []}
{"id": 1157754977118498818, "date": "2019-08-03", "time": "16:47:51", "tweet": "$TSLA - the world is starting to see the Elon Fraud unravel as his hundreds of bold promises do not get fulfilled. #tesla", "likes_count": 4, "replies_count": 0, "retweets_count": 0, "hashtags": ["tesla"]}
{"id": 1157753707318128643, "date": "2019-08-03", "time": "16:42:48", "tweet": "$TSLA", "likes_count": 2, "replies_count": 0, "retweets_count": 0, "hashtags": []}
{"id": 1157753235429568513, "date": "2019-08-03", "time": "16:40:55", "tweet": "@Tesla $Tslaq $tsla @elonmusk  I love logical fallacies. Here is one that Tesla sent out to @ABC for the story they published on defective auto-pilot and wrongful death of a Tesla owner and driver   https://t.co/lloAe5OFca", "likes_count": 3, "replies_count": 2, "retweets_count": 2, "hashtags": []}
{"id": 1157752808398970880, "date": "2019-08-03", "time": "16:39:14", "tweet": "@Trumpery45 Sent it to Fred, He loves reading everything \"Tesla\"  $TSLA $TSLAQ  https://t.co/uXYN3NoQGe", "likes_count": 6, "replies_count": 1, "retweets_count": 0, "hashtags": []}
{"id": 1157751351868366849, "date": "2019-08-03", "time": "16:33:26", "tweet": "$TSLA", "likes_count": 0, "replies_count": 0, "retweets_count": 0, "hashtags": []}
{"id": 1157750940457472000, "date": "2019-08-03", "time": "16:31:48", "tweet": "Short any and all pops to 260-270. Good r/r. $TSLA  https://t.co/TT1vRnub40", "likes_count": 5, "replies_count": 0, "retweets_count": 4, "hashtags": []}
{"id": 1157750507655618563, "date": "2019-08-03", "time": "16:30:05", "tweet": "ACTIVE TRADERS Try one of these FREE trading guides:   https://t.co/hiSGHxeNJ6  $NFLX $TSLA $AAPL $BIDU $GS $FB $AMZN $GOOGL $NVDA", "likes_count": 0, "replies_count": 0, "retweets_count": 0, "hashtags": []}
{"id": 1157750118617112576, "date": "2019-08-03", "time": "16:28:32", "tweet": "@fly4dat Thanks for educating me shorty! As I said, Tesla is more expensive in Europe vs US, once the prices are on par, will spell death to the #Dieselgate emissions cheaters of Germany! Even only 607 Tesla sold in Germany, that means 600 less people killing gasmobiles!! $TSLA", "likes_count": 1, "replies_count": 0, "retweets_count": 0, "hashtags": ["dieselgate"]}
{"id": 1157748845683642368, "date": "2019-08-03", "time": "16:23:29", "tweet": "Free supercharging is back? #tesla $tsla $tslaq  https://t.co/mgT5dvnrZU", "likes_count": 2, "replies_count": 0, "retweets_count": 1, "hashtags": ["tesla"]}
{"id": 1157748567953563648, "date": "2019-08-03", "time": "16:22:23", "tweet": "Afternoon Most Tweeted Big Caps, check out Gambiste Top 10: $BYND $TSLA $PINS $TWTR $ROKU $CGC $GS $SQ $Z $SNAP  https://t.co/k3uyuEbRpJ", "likes_count": 0, "replies_count": 0, "retweets_count": 0, "hashtags": []}
{"id": 1157747841474998273, "date": "2019-08-03", "time": "16:19:29", "tweet": "We been demonstrating the power of the pivot for years . Now it’s time to learn the reasons why 👇. $tsla $bynd $amzn $nflx $nvda $aapl $fb $twtr $pins", "likes_count": 0, "replies_count": 0, "retweets_count": 1, "hashtags": []}
{"id": 1157747630690095104, "date": "2019-08-03", "time": "16:18:39", "tweet": "This could be the world's first and only #Tesla-powered #Porsche 912.  https://t.co/g3QCmXFLgm #cars #technology $TSLA  https://t.co/MO9HlzjI0i", "likes_count": 2, "replies_count": 0, "retweets_count": 2, "hashtags": ["tesla", "porsche", "cars", "technology"]}
{"id": 1157747459231272961, "date": "2019-08-03", "time": "16:17:58", "tweet": "$TSLA - the Boring Company Bait &amp; Switch.  Elon playbook.  Now, on its way to China!", "likes_count": 3, "replies_count": 0, "retweets_count": 0, "hashtags": []}
{"id": 1157746033272741888, "date": "2019-08-03", "time": "16:12:18", "tweet": "My check from Elon   $TSLA #Tesla  https://t.co/y2QqmKrkVX", "likes_count": 83, "replies_count": 7, "retweets_count": 1, "hashtags": ["tesla"]}
{"id": 1157745342030307328, "date": "2019-08-03", "time": "16:09:34", "tweet": "From the EV blogger that can't post enough Tesla fan-boy pickup truck renderings.  $TSLA $TSLAQ", "likes_count": 6, "replies_count": 0, "retweets_count": 0, "hashtags": []}
{"id": 1157745244898779137, "date": "2019-08-03", "time": "16:09:10", "tweet": "$TSLA - Tesla Bets It All On China  https://t.co/iolQeP5H6F", "likes_count": 2, "replies_count": 0, "retweets_count": 1, "hashtags": []}
{"id": 1157744211283681280, "date": "2019-08-03", "time": "16:05:04", "tweet": "I'm starting to think a $6,000 price target is too low.  $TSLA $TSLAQ", "likes_count": 7, "replies_count": 0, "retweets_count": 0, "hashtags": []}
{"id": 1157743559396810753, "date": "2019-08-03", "time": "16:02:29", "tweet": "$tsla $tslaq #Tesla  Tesla makes how many Model 3s/week?", "likes_count": 0, "replies_count": 0, "retweets_count": 0, "hashtags": ["tesla"]}
{"id": 1157743322515025927, "date": "2019-08-03", "time": "16:01:32", "tweet": "@webetho This will lower the price - as trading optimal means to buy and store at peaks I.e as in Australia this has lowered the prices for the consumers. This business models should remains very profitable to incentivize it in the start $tsla battery 🔋", "likes_count": 1, "replies_count": 0, "retweets_count": 0, "hashtags": []}
{"id": 1157743187047436288, "date": "2019-08-03", "time": "16:01:00", "tweet": "The art of trading sabotage   https://t.co/UeHKaC3owJ  $SPY $FB $TSLA $AAPL $TWTR", "likes_count": 0, "replies_count": 0, "retweets_count": 1, "hashtags": []}
{"id": 1157743013810118656, "date": "2019-08-03", "time": "16:00:18", "tweet": "251 Profit-Packed Option Trades Yearly--Delivered to Your Inbox Daily--FREE!  https://t.co/oUAZNEKCNs $BABA $GOOGL $TSLA $BIDU", "likes_count": 0, "replies_count": 0, "retweets_count": 0, "hashtags": []}
{"id": 1157742415496851456, "date": "2019-08-03", "time": "15:57:56", "tweet": "This is exactly what $tsla does but it’s not OK for other companies? $tslaq  https://t.co/gvlhpkjkpA", "likes_count": 20, "replies_count": 3, "retweets_count": 1, "hashtags": []}
{"id": 1157741768965672960, "date": "2019-08-03", "time": "15:55:22", "tweet": "#Tesla fixed its dangerous ‘Dog Mode’ bug  https://t.co/HWqqfXsHPW $TSLA #DogMode", "likes_count": 0, "replies_count": 0, "retweets_count": 0, "hashtags": ["tesla", "dogmode"]}
{"id": 1157741282539839488, "date": "2019-08-03", "time": "15:53:26", "tweet": "$TSLA 59 MA can support", "likes_count": 0, "replies_count": 0, "retweets_count": 0, "hashtags": []}
{"id": 1157740701528068096, "date": "2019-08-03", "time": "15:51:07", "tweet": "@profgalloway $tsla never entered a short squeeze yet. $bynd was designed by investment banks to ipo into a squeeze. Just an FYI. But I get it, need the Tesla headline. Glad BYND is taking attention away from Tesla for a bit. At least until Tesla rallies on fundamentals.", "likes_count": 0, "replies_count": 0, "retweets_count": 0, "hashtags": []}
{"id": 1157739345194999809, "date": "2019-08-03", "time": "15:45:44", "tweet": "@MusksFUDetector Anecdotal but I have seen more $TSLA in Cincinnati over the past month. The constant is that they sell to a very niche market that is close to saturated, evidenced by California’s declining sales. Without a new model yesterday, the growth is dead and still unprofitable $TSLAQ", "likes_count": 0, "replies_count": 0, "retweets_count": 0, "hashtags": []}
{"id": 1157738746546151425, "date": "2019-08-03", "time": "15:43:21", "tweet": "@business Holla at yo $tsla", "likes_count": 1, "replies_count": 0, "retweets_count": 0, "hashtags": []}
{"id": 1157738659849932802, "date": "2019-08-03", "time": "15:43:00", "tweet": "$roku a short below 99 . Ok my radar Monday . $tsla &lt; 229", "likes_count": 0, "replies_count": 0, "retweets_count": 0, "hashtags": []}
{"id": 1157737654697414656, "date": "2019-08-03", "time": "15:39:01", "tweet": "Tesla | $TSLA  Expecting a Bearish Impulse (STA)  Long or short it on WCX:  https://t.co/HSF2KbVQdH  https://t.co/6YyjWxjL2T", "likes_count": 0, "replies_count": 0, "retweets_count": 0, "hashtags": []}
{"id": 1157737292573941760, "date": "2019-08-03", "time": "15:37:34", "tweet": "$TSLA - because you make so much profit in the US or are you going broke and need to find another source of Investors for another hand out?", "likes_count": 3, "replies_count": 0, "retweets_count": 0, "hashtags": []}
{"id": 1157737176655810560, "date": "2019-08-03", "time": "15:37:07", "tweet": "Yes, but are 2,498 of them paid corporate sponsored astroturfers putting in a dollar per month? Or some manipulation tactic? $TSLAQ  it's known Elon Musk /Tesla pay for unethical, image-based branding &amp; astroturfing NOT ethical, substance-based marketing. #FraudFormula $TSLA", "likes_count": 5, "replies_count": 0, "retweets_count": 0, "hashtags": ["fraudformula"]}
{"id": 1157737074532986880, "date": "2019-08-03", "time": "15:36:42", "tweet": "$TSLA Weekly  https://t.co/9TiY5xdPxX", "likes_count": 1, "replies_count": 0, "retweets_count": 0, "hashtags": []}
{"id": 1157737041809072130, "date": "2019-08-03", "time": "15:36:35", "tweet": "At lower and lower prices I bet at a zero Price $tsla might even deliver 95,001 lol 😂 $tsla", "likes_count": 2, "replies_count": 0, "retweets_count": 0, "hashtags": []}
{"id": 1157736020156329985, "date": "2019-08-03", "time": "15:32:31", "tweet": "This is incorrect debt increased by 1 billion; stock was diluted by 1 billion and losses added 1.1 billion with current liabilities equaling cas 5 billion $tsla $tslaq", "likes_count": 4, "replies_count": 0, "retweets_count": 0, "hashtags": []}
{"id": 1157735467401601024, "date": "2019-08-03", "time": "15:30:19", "tweet": "Yes $tsla loses about 6.1 million a day! We are 32 days in to q3 another 195 million in loses at least. Unless we go with the q1 rate of losses. Then We are at an additional 248 mill. in losses. I am guessing the loss is higher then both of these numbers as prices are lower $tsla", "likes_count": 5, "replies_count": 0, "retweets_count": 0, "hashtags": []}
{"id": 1157735410526765059, "date": "2019-08-03", "time": "15:30:06", "tweet": "ACTIVE TRADERS Try one of these FREE trading guides:   https://t.co/Z2GMa3zEvD  $NFLX $TSLA $AAPL $PCLN $GS $FB $AMZN $GOOGL $NVDA", "likes_count": 1, "replies_count": 0, "retweets_count": 0, "hashtags": []}
{"id": 1157734839979847680, "date": "2019-08-03", "time": "15:27:50", "tweet": "Chart Patterns to Watch This Week 8-3-2019  https://t.co/yj67O7a2Nr $GDX $GDXJ $TLT $SPX $SLV $QQQ $DJIA $GLD $DIA $SPY #stockmarket #commodities #investing #finance #stocks #gold #silver $FB $TWTR $AAPL $AMZN $TSLA $INTC $AMD $NFLX $NIO $CRON $CGC $TLRY $APHA $ACB $BTC $ETH $XRP", "likes_count": 2, "replies_count": 0, "retweets_count": 0, "hashtags": ["stockmarket", "commodities", "investing", "finance", "stocks", "gold", "silver"]}
{"id": 1157734671830138880, "date": "2019-08-03", "time": "15:27:10", "tweet": "#Apple Victory Wrecked  https://t.co/vJeozqApMx $SLV $GLD $QQQ $DJIA $DIA $SPY #stockmarket #commodities #investing #finance #stocks #gold #silver $FB $TWTR $AAPL $AMZN $TSLA $INTC $AMD $NFLX", "likes_count": 1, "replies_count": 0, "retweets_count": 0, "hashtags": ["apple", "stockmarket", "commodities", "investing", "finance", "stocks", "gold", "silver"]}
{"id": 1157734477172531204, "date": "2019-08-03", "time": "15:26:23", "tweet": "Elliott Wave View: Gold Resumes Wave 5 Rally  https://t.co/9QBaJOi1wf $SLV $GLD $QQQ $DJIA $DIA $SPY #stockmarket #commodities #investing #finance #stocks #gold #silver $FB $TWTR $AAPL $AMZN $TSLA $INTC $AMD $NFLX $GDX $GDXJ", "likes_count": 1, "replies_count": 0, "retweets_count": 0, "hashtags": ["stockmarket", "commodities", "investing", "finance", "stocks", "gold", "silver"]}
{"id": 1157734241716834305, "date": "2019-08-03", "time": "15:25:27", "tweet": "Don’t Let The Market Swings Shake You Out  https://t.co/kqAiVDtmxz $SLV $GLD $QQQ $DJIA $DIA $SPY #stockmarket #commodities #investing #finance #stocks #gold #silver $FB $TWTR $AAPL $AMZN $TSLA $INTC $AMD $NFLX", "likes_count": 1, "replies_count": 0, "retweets_count": 0, "hashtags": ["stockmarket", "commodities", "investing", "finance", "stocks", "gold", "silver"]}
{"id": 1157734023592124416, "date": "2019-08-03", "time": "15:24:35", "tweet": "Estimated #Recession Probabilities, August 2019  https://t.co/KB4V4VFUQd $SLV $GLD $QQQ $DJIA $DIA $SPY #stockmarket #commodities #investing #finance #stocks #gold #silver $FB $TWTR $AAPL $AMZN $TSLA $INTC $AMD $NFLX", "likes_count": 1, "replies_count": 0, "retweets_count": 0, "hashtags": ["recession", "stockmarket", "commodities", "investing", "finance", "stocks", "gold", "silver"]}
{"id": 1157733482208092161, "date": "2019-08-03", "time": "15:22:26", "tweet": "@KelleyBlueBook your range is a little off $tsla $tslaq  https://t.co/x4sQzAcW6S", "likes_count": 3, "replies_count": 0, "retweets_count": 0, "hashtags": []}
{"id": 1157732983022981122, "date": "2019-08-03", "time": "15:20:27", "tweet": "@zerohedge Because car companies never offer promotions, am I right? $tsla", "likes_count": 1, "replies_count": 0, "retweets_count": 0, "hashtags": []}
{"id": 1157732937003143168, "date": "2019-08-03", "time": "15:20:16", "tweet": "$TSLA - Tesla plans solar roof testing at Fremont  https://t.co/UuJcf1KzOg", "likes_count": 2, "replies_count": 0, "retweets_count": 0, "hashtags": []}
{"id": 1157732842715193347, "date": "2019-08-03", "time": "15:19:53", "tweet": "@kotpes @Savolainen_J @Tesla @elonmusk Subsidies, baby. Billions of subsidies from around the world.  But yeah, pointless to continue. You’ve got a mission to defend multibillion dollar companies $AAPL and $TSLA. Also that capitalism is somehow fair and just, but maybe this is because of soviet era legacy.", "likes_count": 2, "replies_count": 1, "retweets_count": 1, "hashtags": []}
{"id": 1157732594336829446, "date": "2019-08-03", "time": "15:18:54", "tweet": "If this dude can wait 6 months the price of the $TSLA Model X could be down to $60K by then.   https://t.co/JIzyadCEmc", "likes_count": 7, "replies_count": 2, "retweets_count": 0, "hashtags": []}
{"id": 1157730826450288641, "date": "2019-08-03", "time": "15:11:53", "tweet": "No demand $tsla $tslaq #tesla #TeslaModel3 #teslaqualityissues #TeslaPaintIssues", "likes_count": 3, "replies_count": 1, "retweets_count": 0, "hashtags": ["tesla", "teslamodel3", "teslaqualityissues", "teslapaintissues"]}
{"id": 1157730738881646597, "date": "2019-08-03", "time": "15:11:32", "tweet": "$TSLA - Tesla: Cars, Batteries, And Solar Roofs  https://t.co/92Sn2GXTYG", "likes_count": 2, "replies_count": 0, "retweets_count": 1, "hashtags": []}
{"id": 1157730430768099328, "date": "2019-08-03", "time": "15:10:18", "tweet": "$TSLA - Tesla: The Curious Case Of The Model 3 Lease  https://t.co/16Kg66J39h", "likes_count": 1, "replies_count": 0, "retweets_count": 0, "hashtags": []}
{"id": 1157729912565981184, "date": "2019-08-03", "time": "15:08:15", "tweet": "$TSLA - Another Tesla Fanboy blindly following Cathie Wood’s super fun price raise to $6000.", "likes_count": 2, "replies_count": 1, "retweets_count": 0, "hashtags": []}
{"id": 1157729834837131265, "date": "2019-08-03", "time": "15:07:56", "tweet": "$TSLA - Tesla's Accomplishments Are Widely Ignored  https://t.co/yx0BvAKjvY", "likes_count": 2, "replies_count": 0, "retweets_count": 0, "hashtags": []}
{"id": 1157728830032760832, "date": "2019-08-03", "time": "15:03:57", "tweet": "@businessinsider All I will say is that if you drive a Tesla Model 3, you will want one and think that all other cars you've had were inferior.  $TSLA", "likes_count": 1, "replies_count": 0, "retweets_count": 0, "hashtags": []}
{"id": 1157728808746835968, "date": "2019-08-03", "time": "15:03:52", "tweet": "$TSLA - Typical Tesla Service.  If you have already cut the check, then good luck to you.  $TSLAQ", "likes_count": 3, "replies_count": 0, "retweets_count": 0, "hashtags": []}
{"id": 1157728746281066496, "date": "2019-08-03", "time": "15:03:37", "tweet": "I am unconvinced the SFO crash wasn’t on auto pilot when it ran a red light and killed tow people. I recognize the PD said it didn’t. I don’t know PDs are IT experts $tsla $tslaq #tesla #teslamodel3 #teslaqualityissues #teslaqualityissues  $tslaq $tsla", "likes_count": 3, "replies_count": 1, "retweets_count": 0, "hashtags": ["tesla", "teslamodel3", "teslaqualityissues", "teslaqualityissues"]}
{"id": 1157728622045589504, "date": "2019-08-03", "time": "15:03:07", "tweet": "Looks like 👇 Florida- Miami-Dade Building Dept is “not allowing the installation of” @Tesla #teslasolar “Tesla solar systems at this time.”  The mounting hardware does not comply ...   $tsla $tslaq #teslasolarissues  https://t.co/76wNbxPPKH", "likes_count": 24, "replies_count": 8, "retweets_count": 2, "hashtags": ["teslasolar", "teslasolarissues"]}
{"id": 1157727957030494208, "date": "2019-08-03", "time": "15:00:29", "tweet": "Don't miss our next FREE OPTION TRADE.  Sign up for our Daily Free Trades at  https://t.co/IemteTxjAl $NVDA $TSLA $GS $ORCL $BAC $GOOGL $FB", "likes_count": 1, "replies_count": 0, "retweets_count": 0, "hashtags": []}
{"id": 1157727512270651392, "date": "2019-08-03", "time": "14:58:43", "tweet": "Many companies that lose money consistently go out of business $tsla $tslaq #tesla #teslamodel3 #teslaqualityissues", "likes_count": 1, "replies_count": 0, "retweets_count": 0, "hashtags": ["tesla", "teslamodel3", "teslaqualityissues"]}
{"id": 1157727332292952064, "date": "2019-08-03", "time": "14:58:00", "tweet": "The new live trade feed is up and running!  Includes  Morning Trade Plan And Trade Ideas  Live Trade Entries And Exits  Educational Content  Strategy Building and Position Trading  Start now for less than $1 a day  Learn more  https://t.co/YaHDZ5zTQ8  $SPY $FB $TWTR $TSLA $AAPL", "likes_count": 1, "replies_count": 0, "retweets_count": 0, "hashtags": []}
{"id": 1157726968042926080, "date": "2019-08-03", "time": "14:56:33", "tweet": "$TSLA  new alert at  https://t.co/A7qrDarJHY  #stocks #daytrading  #NYSE #NASDAQ #market 1190", "likes_count": 0, "replies_count": 0, "retweets_count": 0, "hashtags": ["stocks", "daytrading", "nyse", "nasdaq", "market"]}
{"id": 1157726600672239616, "date": "2019-08-03", "time": "14:55:05", "tweet": "Try our swing trading service built for individuals who want to trade longer-term timeframes around their full-time careers. Find out more here:  https://t.co/IMPiJ8gABX $TSLA $AAPL $WFC $SQ", "likes_count": 1, "replies_count": 0, "retweets_count": 0, "hashtags": []}
{"id": 1157726177102053376, "date": "2019-08-03", "time": "14:53:24", "tweet": "You Blocked me @TeslaForThe_Win - but I'll ask again.  Provide those names and we'll check when they joined and then subsequently left Tesla.  4th Request: Who within the last 6 months at a Senior Level or higher level has joined Tesla from those companies. $TSLA", "likes_count": 12, "replies_count": 1, "retweets_count": 1, "hashtags": []}
{"id": 1157723571113775104, "date": "2019-08-03", "time": "14:43:03", "tweet": "#SGFreport...just now I was at a small Enterprise office; my out of town visitors were picking up a car. After reservations, they were sold out of everything except Teslas, all Model S. I asked about terms: $85/day+$50 if the renter's insurance won't cover Teslas. $tslaQ $TSLA", "likes_count": 34, "replies_count": 2, "retweets_count": 3, "hashtags": ["sgfreport"]}
{"id": 1157722162226008064, "date": "2019-08-03", "time": "14:37:27", "tweet": "@ElectrekCo @FredericLambert No demand problem? @elonmusk 🤦‍♂️ $tsla", "likes_count": 3, "replies_count": 1, "retweets_count": 0, "hashtags": []}
{"id": 1157721862304161792, "date": "2019-08-03", "time": "14:36:16", "tweet": "Long time no see...well, not really. $TSLA $TSLAQ #demandproblem  https://t.co/RSRKkP3r8K", "likes_count": 0, "replies_count": 0, "retweets_count": 0, "hashtags": ["demandproblem"]}
{"id": 1157720797689143297, "date": "2019-08-03", "time": "14:32:02", "tweet": "@jayashock @pessimysticizm @VictorQ_Orange @svenrassl @Chovis38 @Tesla Take 30 minutes and model out what robotaxi economics will look like for you as the car owner. It’s not a viable business unless you intend to sit at home on your butt 16 hours per day and even then, it doesn’t work. Just take time to think for yourself instead of via Elon $TSLA", "likes_count": 0, "replies_count": 0, "retweets_count": 0, "hashtags": []}
{"id": 1157720312781385728, "date": "2019-08-03", "time": "14:30:06", "tweet": "ACTIVE TRADERS Try one of these FREE trading guides:   https://t.co/X9tSMDDYqi  $NFLX $TSLA $AAPL $AXP $GS $FB $AMZN $GOOGL $NVDA", "likes_count": 1, "replies_count": 0, "retweets_count": 0, "hashtags": []}
{"id": 1157719893313228801, "date": "2019-08-03", "time": "14:28:26", "tweet": "Wiper's are a beta feature in a Tesla?!??!?!    #TeslaServiceIssues $TSLA", "likes_count": 5, "replies_count": 1, "retweets_count": 1, "hashtags": ["teslaserviceissues"]}
{"id": 1157719665151528962, "date": "2019-08-03", "time": "14:27:32", "tweet": "@VictorQ_Orange @pessimysticizm @svenrassl @Chovis38 @Tesla How can you be this ignorant? What Elon says and what is fact are in completely different spectrums. If what he says is your research, it’s you that needs to study more. $TSLA $TSLAQ", "likes_count": 2, "replies_count": 0, "retweets_count": 1, "hashtags": []}
{"id": 1157719481457602561, "date": "2019-08-03", "time": "14:26:48", "tweet": "$SPY   I'll be working on charts for the next few hours.  Any particular stocks you want me to check?  $SPX $QQQ $DIA $VIX $FB $AAPL $AMZN $NFLX $GOOGL $MSFT $AMD $TSLA $SBUX #stocks #trading #investing #CNBC  https://t.co/2wWKswFSfR", "likes_count": 1, "replies_count": 3, "retweets_count": 1, "hashtags": ["stocks", "trading", "investing", "cnbc"]}
{"id": 1157719048597266432, "date": "2019-08-03", "time": "14:25:05", "tweet": "Having a trusted team on your side will make all the difference when investing. Have you tried OptionAlarm yet? Free Trials. Winning Option Swing Trades Since 2006  $NVDA $TSLA $JPM $MA", "likes_count": 1, "replies_count": 0, "retweets_count": 0, "hashtags": []}
{"id": 1157717940403240960, "date": "2019-08-03", "time": "14:20:41", "tweet": "Berkeley Service Center used to be open Saturdays. What changed? $tsla  https://t.co/1hJPM5rmph", "likes_count": 46, "replies_count": 19, "retweets_count": 6, "hashtags": []}
{"id": 1157716739016314880, "date": "2019-08-03", "time": "14:15:54", "tweet": "@Tesla Smart move! Will electrify Model S and X sales. 😂 Boost for $TSLA", "likes_count": 4, "replies_count": 0, "retweets_count": 2, "hashtags": []}
{"id": 1157716455556706304, "date": "2019-08-03", "time": "14:14:46", "tweet": "Alpha Musk!  Credit as due.  He takes no guff from federal judges, the SEC, or \"pedo guy\", so this is no surprise.  $TSLA $TSLAQ", "likes_count": 1, "replies_count": 0, "retweets_count": 0, "hashtags": []}
