{"id": 1127362266666553345, "date": "2019-05-11", "time": "19:58:04", "tweet": "@GerberKawasaki Audi: The e-tron Is Benchmark For DC Fast Charging   https://t.co/kz2Ryz3sbo $tsla $tslaq", "likes_count": 0, "replies_count": 0, "retweets_count": 0, "hashtags": []}
{"id": 1127361596295139330, "date": "2019-05-11", "time": "19:55:24", "tweet": "Self driving my ass. This FSD thinks the shoulder is a lane and drives in it. Without a human driver to correct this $tsla is crashing into the shoulder landscaping $tslaq", "likes_count": 3, "replies_count": 0, "retweets_count": 0, "hashtags": []}
{"id": 1127360605663444992, "date": "2019-05-11", "time": "19:51:28", "tweet": "4/This article is dangerous because it suggests the stock will trade between $300-$400, when that sort of fantastical valuation simply isn't supported by fundamentals. $tsla $tslaq", "likes_count": 2, "replies_count": 0, "retweets_count": 1, "hashtags": []}
{"id": 1127360604115697664, "date": "2019-05-11", "time": "19:51:28", "tweet": "3/Investors in Tesla have been lulled into a false sense of complacency, and think $240 is some sort of floor. It's not - THERE IS NO FLOOR UNDER THIS STOCK. $tsla $tslaq", "likes_count": 4, "replies_count": 1, "retweets_count": 1, "hashtags": []}
{"id": 1127360602480025600, "date": "2019-05-11", "time": "19:51:27", "tweet": "2/At the very least, it's highly probable Tesla will lose its premium valuation and trade in line with peers. Peers trade at book value. Tesla's book value is $25. $tsla $tslaq", "likes_count": 3, "replies_count": 1, "retweets_count": 1, "hashtags": []}
{"id": 1127360600273752066, "date": "2019-05-11", "time": "19:51:27", "tweet": "1/Tesla is a structurally unprofitable car company teetering on a $13.5 billion mountain of debt, and it lost $700,000,000 in the first quarter. The low ground case is bankruptcy. $tsla $tslaq", "likes_count": 3, "replies_count": 1, "retweets_count": 1, "hashtags": []}
{"id": 1127359088889696256, "date": "2019-05-11", "time": "19:45:26", "tweet": "Welp, it's only been a few days. Time to update the #UpsideValue comparison list.  60,000 ave price of new 2019 Tesla M3 47,000 ave price of used 2018 Tesla M3 60,000 ave price used 1989 Porsche Carrera 4 Excellent grade by Hagerty 70,200 ave price of 10 bitcoins  $TSLA $TSLAQ", "likes_count": 5, "replies_count": 0, "retweets_count": 0, "hashtags": ["upsidevalue"]}
{"id": 1127358752741634049, "date": "2019-05-11", "time": "19:44:06", "tweet": "▶︎ Germany's Thyssenkrupp agrees restructuring approach with labor leaders  https://t.co/piE6D0WiXa $spy $qqq $dis $fb $amzn $aapl $tsla $roku #trade", "likes_count": 0, "replies_count": 0, "retweets_count": 0, "hashtags": ["trade"]}
{"id": 1127357410404790274, "date": "2019-05-11", "time": "19:38:46", "tweet": "Robostrollers, the next big pump from EM? $TSLA $TSLAQ", "likes_count": 2, "replies_count": 1, "retweets_count": 0, "hashtags": []}
{"id": 1127355832335650816, "date": "2019-05-11", "time": "19:32:30", "tweet": "Refrain from investing in $tsla or the @tesla brand. They lie to Brenda &amp; that proves they're allowed to lie to/manipulate all of you. Does @boringcompany agree? Everyone working for @BoredElonMusk is only in it for playwrights, book themes, ridiculous tabloid stories $$$ buys.", "likes_count": 0, "replies_count": 1, "retweets_count": 0, "hashtags": []}
{"id": 1127355223406731265, "date": "2019-05-11", "time": "19:30:05", "tweet": "ACTIVE TRADERS Try one of these FREE trading guides:   https://t.co/drsW0uRDle  $NFLX $TSLA $AAPL $TWTR $GS $FB $AMZN $GOOGL $NVDA", "likes_count": 0, "replies_count": 0, "retweets_count": 0, "hashtags": []}
{"id": 1127354551915278336, "date": "2019-05-11", "time": "19:27:25", "tweet": "Perhaps the next big pump for $tsla is paid for advertising campaign...", "likes_count": 0, "replies_count": 0, "retweets_count": 0, "hashtags": []}
{"id": 1127353015646740481, "date": "2019-05-11", "time": "19:21:18", "tweet": "Evening Most Tweeted Big Caps, check out Gambiste Top 10: $TSLA $LYFT $GPC $TWTR $ES $VIAB $MYL $BBY $ZM $GS  https://t.co/k3uyuEbRpJ", "likes_count": 0, "replies_count": 0, "retweets_count": 0, "hashtags": []}
{"id": 1127352955512983555, "date": "2019-05-11", "time": "19:21:04", "tweet": "I am still confused by 204 mile range of E-Tron based on EPA: In KM, its 326 based on EPA and 400 km based on WLTP For $TSLAQ Model X, its 375 km based on WLTP and 400 km based on EPA. How is it possible? WLTP Range is always 10% higher than EPA, with exception of $TSLA", "likes_count": 5, "replies_count": 1, "retweets_count": 1, "hashtags": []}
{"id": 1127352858553257987, "date": "2019-05-11", "time": "19:20:41", "tweet": "@dr_a_nemeth I would bet on $tsla, if i had to choose between them, because they build their own car fleet and they have a in house full self driving tech department. Retrofitting other cars with tech, does not make sense... Anyways, more of a bet than a solid investment", "likes_count": 0, "replies_count": 0, "retweets_count": 0, "hashtags": []}
{"id": 1127351097834856449, "date": "2019-05-11", "time": "19:13:41", "tweet": "▶︎ Iran's Rouhani calls for unity to face 'unprecedented' U.S. pressure  https://t.co/XAkWSOBDnL $spy $qqq $dis $fb $amzn $aapl $tsla $roku #trade", "likes_count": 1, "replies_count": 0, "retweets_count": 0, "hashtags": ["trade"]}
{"id": 1127350310534512643, "date": "2019-05-11", "time": "19:10:33", "tweet": "@45surf @HunterMerrill12 @markbspiegel @Tesla But, appreciation... Each car will be worth $250k, @elonmusk said so. $tsla $tslaq", "likes_count": 1, "replies_count": 1, "retweets_count": 0, "hashtags": []}
{"id": 1127349913300492291, "date": "2019-05-11", "time": "19:08:59", "tweet": "#TESLA : $TSLA May-10 Weekend WrapUp #StockMarket Technical Analysis Chart  Watch -&gt;  https://t.co/nzT0a9i7Sy  https://t.co/QriSdFTSe3", "likes_count": 0, "replies_count": 0, "retweets_count": 0, "hashtags": ["tesla", "stockmarket"]}
{"id": 1127348900082401282, "date": "2019-05-11", "time": "19:04:57", "tweet": "Ummm... Delta hedging abounds on loan deal. $tsla", "likes_count": 15, "replies_count": 0, "retweets_count": 0, "hashtags": []}
{"id": 1127347956884152320, "date": "2019-05-11", "time": "19:01:12", "tweet": "@tab354 @PlainSite @TeslaCharts @richardhug in fairness, the guy wrote a factual account that is hardly flattering to $TSLA", "likes_count": 0, "replies_count": 1, "retweets_count": 0, "hashtags": []}
{"id": 1127347857961422848, "date": "2019-05-11", "time": "19:00:49", "tweet": "@ATX_fight_club @jchybow @tesla_truth I sold 2 BTC a couples months ago for about $8k. Pumped that into $TSLA @ 300. Now those 2BTC are worth $14.4k while those $TSLA shares are now only $6.3k. That trade cost me $8k. Smart money cs stupid money. Crazy.", "likes_count": 2, "replies_count": 0, "retweets_count": 0, "hashtags": []}
{"id": 1127347728621682688, "date": "2019-05-11", "time": "19:00:18", "tweet": "Don't miss our next FREE OPTION TRADE.  Sign up for our Daily Free Trades at  https://t.co/Lzn37fO3Tn $NVDA $TSLA $GS $C $WFC $GOOGL $FB", "likes_count": 0, "replies_count": 0, "retweets_count": 0, "hashtags": []}
{"id": 1127347680097767424, "date": "2019-05-11", "time": "19:00:06", "tweet": "Can Tesla service scale?  https://t.co/2OFs1JKSTk #Tesla $TSLA @tesla @GreenCarReports  https://t.co/Sm26Jxbd2b", "likes_count": 2, "replies_count": 1, "retweets_count": 1, "hashtags": ["tesla"]}
{"id": 1127347490280353793, "date": "2019-05-11", "time": "18:59:21", "tweet": "@realDonaldTrump You are #DerangedDonald $SPY $QQQ $DIA $SPX $GM $F $FCAU $GS $JPM $C $BAC $GE $BA $TSLA $CAT $DE $AGCO", "likes_count": 0, "replies_count": 0, "retweets_count": 0, "hashtags": ["derangeddonald"]}
{"id": 1127347253696499712, "date": "2019-05-11", "time": "18:58:25", "tweet": "I'd be more pissed than humored by that.  #WhereAreTheParts $TSLA", "likes_count": 3, "replies_count": 1, "retweets_count": 0, "hashtags": ["wherearetheparts"]}
{"id": 1127347004483481604, "date": "2019-05-11", "time": "18:57:25", "tweet": "I love the car, but #WhereAreTheParts !  $TSLA", "likes_count": 1, "replies_count": 0, "retweets_count": 0, "hashtags": ["wherearetheparts"]}
{"id": 1127346450629709825, "date": "2019-05-11", "time": "18:55:13", "tweet": "@KevinCurranRM @BloodsportCap @LarrySabin1 @arubarental @Polixenes13 Should re-edit to include $TSLA 500k guidance which as others are pointing out was submitted to SEC. Doesn’t get any more official.", "likes_count": 0, "replies_count": 0, "retweets_count": 0, "hashtags": []}
{"id": 1127345620086349825, "date": "2019-05-11", "time": "18:51:55", "tweet": "$SPY $QQQ $DIA $SPX $GM $F $FCAU $GS $JPM $C $BAC $GE $BA $TSLA $CAT $DE $AGCO", "likes_count": 0, "replies_count": 0, "retweets_count": 0, "hashtags": []}
{"id": 1127345414347341827, "date": "2019-05-11", "time": "18:51:06", "tweet": "Big money coming out of $TSLA  https://t.co/mCFcyiYwq7. Serious downtrend on the chart", "likes_count": 0, "replies_count": 0, "retweets_count": 0, "hashtags": []}
{"id": 1127345250396143616, "date": "2019-05-11", "time": "18:50:27", "tweet": "@Polixenes13 @GatorInvestor They think the lease customer is an untapped consumer base and they are desperate to move units.  That’s why.  The auto business is about moving new units.  And $tsla is no different except it can’t move any units.", "likes_count": 6, "replies_count": 0, "retweets_count": 0, "hashtags": []}
{"id": 1127345128753061888, "date": "2019-05-11", "time": "18:49:58", "tweet": "@BloodsportCap @KevinCurranRM @LarrySabin1 @arubarental Respectfully, $TSLA official full year guidance is 360k to 400k. The 500k is clearly aspirational, designed to protect Musk's non-pre-approved tweeting. Also, Curran should have linked to the @lorakolodny story, which is what the teslarati story is relying upon.", "likes_count": 3, "replies_count": 1, "retweets_count": 0, "hashtags": []}
{"id": 1127344883163856899, "date": "2019-05-11", "time": "18:48:59", "tweet": "Chart Patterns to Watch This Week 5-11-2019  https://t.co/Bsj5nOhQGu SLV $GLD $QQQ $DJIA $DIA $SPY #stockmarket #commodities #investing #finance #stocks #gold #silver $FB $TWTR $AAPL $AMZN $TSLA $INTC $AMD $NFLX $MU $BIDU $BABA $NVDA $BA $CGC $CRON $TLRY $APHA $ACB $BTC $ETH $XRP", "likes_count": 2, "replies_count": 0, "retweets_count": 0, "hashtags": ["stockmarket", "commodities", "investing", "finance", "stocks", "gold", "silver"]}
{"id": 1127344664347074561, "date": "2019-05-11", "time": "18:48:07", "tweet": "$SPX S&amp;P 500 Reverses Higher: Are Bulls In Business Again?  https://t.co/eqdRkAn7I4 $SLV $GLD $QQQ $DJIA $DIA $SPY #stockmarket #commodities #investing #finance #stocks #gold #silver $FB $TWTR $AAPL $AMZN $TSLA $INTC $AMD $NFLX", "likes_count": 3, "replies_count": 0, "retweets_count": 1, "hashtags": ["stockmarket", "commodities", "investing", "finance", "stocks", "gold", "silver"]}
{"id": 1127344547284099073, "date": "2019-05-11", "time": "18:47:39", "tweet": "Dow Jones Industrials Triple Top At Key Fib Price Level?  https://t.co/jvHTPIbVcY from @KimbleCharting $SLV $GLD $QQQ $DJIA $DIA $SPY #stockmarket #commodities #investing #finance #stocks #gold #silver $FB $TWTR $AAPL $AMZN $TSLA $INTC $AMD $NFLX", "likes_count": 11, "replies_count": 0, "retweets_count": 2, "hashtags": ["stockmarket", "commodities", "investing", "finance", "stocks", "gold", "silver"]}
{"id": 1127344160065904641, "date": "2019-05-11", "time": "18:46:07", "tweet": "$GE General Electric's Technical Outlook: Bearish Until Proven Otherwise  https://t.co/IAvHoWRp4k $SLV $GLD $QQQ $DJIA $DIA $SPY #stockmarket #commodities #investing #finance #stocks #gold #silver $FB $TWTR $AAPL $AMZN $TSLA $INTC $AMD $NFLX", "likes_count": 1, "replies_count": 0, "retweets_count": 0, "hashtags": ["stockmarket", "commodities", "investing", "finance", "stocks", "gold", "silver"]}
{"id": 1127342990253490177, "date": "2019-05-11", "time": "18:41:28", "tweet": "▶︎ Gunmen storm five-star hotel in Pakistan, killing at least one  https://t.co/5fV0M47Hsx $spy $qqq $dis $fb $amzn $aapl $tsla $roku #trade", "likes_count": 0, "replies_count": 0, "retweets_count": 0, "hashtags": ["trade"]}
{"id": 1127342536471777280, "date": "2019-05-11", "time": "18:39:40", "tweet": "@jchybow @ATX_fight_club @tesla_truth Remember, hes short $TSLA. The learning curve is much steeper for peeps like him :p.", "likes_count": 0, "replies_count": 0, "retweets_count": 0, "hashtags": []}
{"id": 1127342372810108935, "date": "2019-05-11", "time": "18:39:01", "tweet": "Tesla | $TSLA  let's watch Tesla in the coming weeks  Long or short it on WCX:  https://t.co/HSF2KcdrCh  https://t.co/uOBylWxWjj", "likes_count": 0, "replies_count": 0, "retweets_count": 0, "hashtags": []}
{"id": 1127342337854775298, "date": "2019-05-11", "time": "18:38:53", "tweet": "@OptionsTr0 وش رايك في $ttd  $qcom $tsla", "likes_count": 0, "replies_count": 0, "retweets_count": 0, "hashtags": []}
{"id": 1127342141368197121, "date": "2019-05-11", "time": "18:38:06", "tweet": "Tesla $TSLA CEO Elon Musk can commit a $40 million securities fraud on $TWTR in 2.4 seconds.   Tesla branding at its finest.", "likes_count": 0, "replies_count": 0, "retweets_count": 0, "hashtags": []}
{"id": 1127341607420739584, "date": "2019-05-11", "time": "18:35:58", "tweet": " https://t.co/OLYhp5BwHy  LIDAR vs Computer vision. Does WAYMO have a better strategy than Tesla?  $tsla $tslaq $goog", "likes_count": 0, "replies_count": 0, "retweets_count": 0, "hashtags": []}
{"id": 1127341477544300544, "date": "2019-05-11", "time": "18:35:27", "tweet": "$tsla $tslaq @markbspiegel @TeslaCharts @Polixenes13   Yes, it's creepy.  https://t.co/K2EJS70Q3A", "likes_count": 19, "replies_count": 4, "retweets_count": 2, "hashtags": []}
{"id": 1127340127951499266, "date": "2019-05-11", "time": "18:30:06", "tweet": "ACTIVE TRADERS Try one of these FREE trading guides:   https://t.co/LuZw0lo566  $NFLX $TSLA $AAPL $IBB $GS $FB $AMZN $GOOGL $NVDA", "likes_count": 0, "replies_count": 0, "retweets_count": 0, "hashtags": []}
{"id": 1127337860141547521, "date": "2019-05-11", "time": "18:21:05", "tweet": "Surprising that the @UAW has yet to organize $TSLA, as they singlehandedly have revived true worker needs revolving around working conditions, injuries, onsite health care, representation of rights, time scheduling, etc.    Good companies don't treat their associates this way.", "likes_count": 5, "replies_count": 1, "retweets_count": 0, "hashtags": []}
{"id": 1127337400987004936, "date": "2019-05-11", "time": "18:19:15", "tweet": "-$0.64 EPS Expected for Tesla Inc $TSLA This Quarter  https://t.co/d6rxv4t7qI", "likes_count": 0, "replies_count": 0, "retweets_count": 0, "hashtags": []}
{"id": 1127337397899816960, "date": "2019-05-11", "time": "18:19:15", "tweet": "@Polixenes13 @richardhug This isn't even the first problem $TSLA has had in Barnstable County. Another case, filed as a previously-unnoticed lawsuit back in October 2018, and ongoing.  https://t.co/gYJOf5ot4w", "likes_count": 16, "replies_count": 2, "retweets_count": 4, "hashtags": []}
{"id": 1127337196376162304, "date": "2019-05-11", "time": "18:18:27", "tweet": "-$0.64 EPS Expected for Tesla Inc $TSLA This Quarter  https://t.co/Ce3MKAl3cr #markets", "likes_count": 0, "replies_count": 0, "retweets_count": 0, "hashtags": ["markets"]}
{"id": 1127337194023280641, "date": "2019-05-11", "time": "18:18:26", "tweet": "-$0.64 EPS Expected for Tesla Inc $TSLA This Quarter  https://t.co/0Pcm39hZx8 #stocks", "likes_count": 0, "replies_count": 0, "retweets_count": 0, "hashtags": ["stocks"]}
{"id": 1127336693131091970, "date": "2019-05-11", "time": "18:16:27", "tweet": "MAKE OFFER! Set of 2 - German Gilt Silver Spoons - Elegant -#Gilt #Germany #Gifts #Tea #Dessert #MothersDay #Elegant #Table #Gold $TSLA #Amazon $AMZN $CCL $ZT $ZSAN #KUWTK  Collectibles GET NOW!   https://t.co/Cuj5a7DASp via @eBay", "likes_count": 0, "replies_count": 0, "retweets_count": 0, "hashtags": ["gilt", "germany", "gifts", "tea", "dessert", "mothersday", "elegant", "table", "gold", "amazon", "kuwtk"]}
{"id": 1127336650403565568, "date": "2019-05-11", "time": "18:16:17", "tweet": "Rebranding the Tesla Model 3 as 'affordable?' Note the obvious false claims removal of the previously deceptive $35,000. Not unique for a company in a sealed DOJ criminal investigation. Rebranding is common in fraud.  #TheSociopathicBusinessModel #FraudFormula $TSLA $TSLAQ", "likes_count": 2, "replies_count": 0, "retweets_count": 0, "hashtags": ["thesociopathicbusinessmodel", "fraudformula"]}
{"id": 1127335469891637248, "date": "2019-05-11", "time": "18:11:35", "tweet": "Tesla Short Interest Surges as Skepticism Abounds on Loan Deal  https://t.co/3HkiNFyHQu $TSLA", "likes_count": 2, "replies_count": 0, "retweets_count": 0, "hashtags": []}
{"id": 1127333947703267329, "date": "2019-05-11", "time": "18:05:32", "tweet": "@losman1976 What \"light duty\" work did $TSLA offer you to return to?", "likes_count": 0, "replies_count": 1, "retweets_count": 0, "hashtags": []}
{"id": 1127333500686864384, "date": "2019-05-11", "time": "18:03:46", "tweet": "Solar panel install by SolarCity ignites; good samaritan &amp; responsive Fire Dept save the day; $TSLA is shockingly unresponsive. But now, 1,400 such installs are to be removed, including that of @richardhug. Lots more to learn about this story. $TSLAQ", "likes_count": 42, "replies_count": 6, "retweets_count": 9, "hashtags": []}
{"id": 1127333291047247873, "date": "2019-05-11", "time": "18:02:56", "tweet": "Less than I would have thought. 1,805 Model 3's for the year and just 251 for April. $TSLA", "likes_count": 4, "replies_count": 0, "retweets_count": 0, "hashtags": []}
{"id": 1127332552371400704, "date": "2019-05-11", "time": "17:59:59", "tweet": "$TSLA This SolarCity problem is likely not something @Tesla did not know before capital raise. Did Tesla disclose it in 10-Q or elsewhere?", "likes_count": 8, "replies_count": 1, "retweets_count": 0, "hashtags": []}
{"id": 1127332367549513728, "date": "2019-05-11", "time": "17:59:15", "tweet": "@ValueExpected @Tesla_Bear @TeslaCharts @trumpery @hilinetrail @animalcrossing @BSA19741 @BosInvestor @cppinvest @orthereaboot @eddiemac3356 @GatorInvestor @4xRevenue @NetflixAndLamp @Paul_M_Huettner Therefore I doubt they can issue any more convertible bonds b/c they needed as much as they can get so one expects they issued up to the point convert buyers felt comfortable being able to delta hedge. If $TSLA can do another raise, it will be a very dilutive equity raise.", "likes_count": 3, "replies_count": 1, "retweets_count": 0, "hashtags": []}
{"id": 1127331227164454913, "date": "2019-05-11", "time": "17:54:44", "tweet": "@ValueExpected @Tesla_Bear @TeslaCharts @trumpery @hilinetrail @animalcrossing @BSA19741 @BosInvestor @cppinvest @orthereaboot @eddiemac3356 @GatorInvestor @4xRevenue @NetflixAndLamp @Paul_M_Huettner Worth noting that )w hedging calls $TSLA bought, effective yield is ~8.5%. so no one was willing to give debt unless they could effectively have 8.5% yield at very low risk. To have low risk, they must Delta hedge which increases volatility. So only vol is a limit to convert size", "likes_count": 1, "replies_count": 1, "retweets_count": 0, "hashtags": []}
{"id": 1127331190589902848, "date": "2019-05-11", "time": "17:54:35", "tweet": "Hi @elonmusk, I think your demand problem is really a quality of design issue. $tsla $TSLAQ #tesla #TeslaModel3 #teslamodelx #teslamodels", "likes_count": 0, "replies_count": 0, "retweets_count": 0, "hashtags": ["tesla", "teslamodel3", "teslamodelx", "teslamodels"]}
{"id": 1127330200210026497, "date": "2019-05-11", "time": "17:50:39", "tweet": "Ah! The ‘ol “Elon found 1,789 fake bumps before but now surely he won’t be able to find fake reason to pump the stock number 1,790”  $TSLA $TSLAQ", "likes_count": 3, "replies_count": 0, "retweets_count": 0, "hashtags": []}
{"id": 1127328353546002432, "date": "2019-05-11", "time": "17:43:18", "tweet": "$TSLA Would love to see a root cause on this.", "likes_count": 1, "replies_count": 0, "retweets_count": 0, "hashtags": []}
