{"id": 1165411727468576768, "date": "2019-08-24", "time": "19:53:02", "tweet": "Solar Shitty. $TSLA", "likes_count": 25, "replies_count": 0, "retweets_count": 6, "hashtags": []}
{"id": 1165410793019625473, "date": "2019-08-24", "time": "19:49:19", "tweet": "Stormy Weather In Solarville: Amazon Joins Walmart In Saying Its Tesla Solar Panels Spontaneously Ignited -  https://t.co/SPXMh6eTbi  $TSLA $TSLAQ", "likes_count": 1, "replies_count": 0, "retweets_count": 1, "hashtags": []}
{"id": 1165409132683374597, "date": "2019-08-24", "time": "19:42:44", "tweet": "I propose moving one to Kazakhstan.  🇯🇵 ➡️ 🇰🇿  $TSLA $TSLAQ #tesla #CYAZ #テスラ #モデル3  https://t.co/NNNCRxyssB", "likes_count": 9, "replies_count": 1, "retweets_count": 0, "hashtags": ["tesla", "cyaz", "テスラ", "モデル3"]}
{"id": 1165408395395907584, "date": "2019-08-24", "time": "19:39:48", "tweet": "#SpaceX #tesla $tsla #hashtagsareweird #doesanyoneactuallyreadthem", "likes_count": 1, "replies_count": 0, "retweets_count": 0, "hashtags": ["spacex", "tesla", "hashtagsareweird", "doesanyoneactuallyreadthem"]}
{"id": 1165408215003275266, "date": "2019-08-24", "time": "19:39:05", "tweet": "this guy recently became VP of the official @TeslaClubSoFla $tsla $tslaq -", "likes_count": 5, "replies_count": 0, "retweets_count": 0, "hashtags": []}
{"id": 1165408063819517952, "date": "2019-08-24", "time": "19:38:29", "tweet": "$TSLA $TSLAQ", "likes_count": 1, "replies_count": 0, "retweets_count": 0, "hashtags": []}
{"id": 1165407025016254475, "date": "2019-08-24", "time": "19:34:21", "tweet": "@QTRResearch A point where both $tsla and $tslaq agrees! Well said! Stand for universal principles!!", "likes_count": 0, "replies_count": 0, "retweets_count": 0, "hashtags": []}
{"id": 1165406936663285761, "date": "2019-08-24", "time": "19:34:00", "tweet": "@HOKUSETU_TEC よく事故ってます。  $TSLA $TSLAQ #tesla #CYAZ #テスラ #モデル3", "likes_count": 2, "replies_count": 0, "retweets_count": 0, "hashtags": ["tesla", "cyaz", "テスラ", "モデル3"]}
{"id": 1165406080626757632, "date": "2019-08-24", "time": "19:30:36", "tweet": "$TSLA - With the high profile Wal-Mart lawsuit for Panel fires coming out, we will now see more instances of the horrible Solar City customer service.  It will be just as bad or worse as the Auto side of the house. $TSLAQ  #tesla $SCTY $SCTYQ", "likes_count": 1, "replies_count": 0, "retweets_count": 0, "hashtags": ["tesla"]}
{"id": 1165406079913811968, "date": "2019-08-24", "time": "19:30:36", "tweet": "via zerohedge: Stormy Weather In Solarville: Amazon Joins Walmart In Saying Its Tesla Solar Panels Spontaneously Ignited  https://t.co/msl0K7kRVk $tsla", "likes_count": 0, "replies_count": 0, "retweets_count": 0, "hashtags": []}
{"id": 1165406055439982593, "date": "2019-08-24", "time": "19:30:30", "tweet": "@Polixenes13 @Teslatunity It’s been over a year now of $tsla underspending on Maintenance Capex, maintenance. Here we are. And every day is worse than the day prior.", "likes_count": 17, "replies_count": 0, "retweets_count": 0, "hashtags": []}
{"id": 1165405952591482880, "date": "2019-08-24", "time": "19:30:05", "tweet": "ACTIVE TRADERS Try one of these FREE trading guides:   https://t.co/4lgvcwxxxk  $NFLX $TSLA $AAPL $TWTR $GS $FB $AMZN $GOOGL $NVDA", "likes_count": 0, "replies_count": 0, "retweets_count": 0, "hashtags": []}
{"id": 1165405331775606785, "date": "2019-08-24", "time": "19:27:37", "tweet": "@tesla_truth @elonmusk For 2TWh, 9M cars may be lower end of target volume  Assumes storage is 1/2 of production volume   Plus a heavy volume of Semis  Plus high kWh per car  Actual targets are likely higher  With a 5-7 year lead, who is going to stop them?  $tsla", "likes_count": 11, "replies_count": 0, "retweets_count": 4, "hashtags": []}
{"id": 1165404941135093760, "date": "2019-08-24", "time": "19:26:04", "tweet": "$tsla Bulls kept telling me the charging network for Tesla was great. I drove in the Bay Area and had to charge at Alameda and San Mateo. Other chargers were either slow, behind paid parking or some other issue", "likes_count": 4, "replies_count": 0, "retweets_count": 1, "hashtags": []}
{"id": 1165404821626789888, "date": "2019-08-24", "time": "19:25:36", "tweet": "Evening Most Tweeted Big Caps, check out Gambiste Top 10: $TSLA $TWTR $ROKU $AMD $QSR $GD $SNAP $SHOP $DOW $LYFT  https://t.co/k3uyuEbRpJ", "likes_count": 0, "replies_count": 0, "retweets_count": 1, "hashtags": []}
{"id": 1165404745378480133, "date": "2019-08-24", "time": "19:25:18", "tweet": "I confess: I had never heard of \"Meet Kevin\" before this week. But, let me be clear. You won't find a more clear, intelligent, thorough, &amp; insightful (bonus: very well produced) analysis of the $WMT v $TSLA lawsuit anywhere. Superb work, @realMeetKevin.  https://t.co/tA2KfjDblP", "likes_count": 74, "replies_count": 7, "retweets_count": 18, "hashtags": []}
{"id": 1165404529417838593, "date": "2019-08-24", "time": "19:24:26", "tweet": "@MFrunker @dwightneptune @elonmusk @Tesla @TeslaPodcast @tesla_truth @ResidentSponge @TeslaTested @28delayslater @Kristennetten @Gulag_CP @ValueAnalyst1 @WadeAndersonPT $TSLA should be doing monthly fee for FSD for those that don’t want to pay upfront so it’s accessible to all. This also would be moat #2 versus other car makers $499 to turn on and $59 a month or combined with unlimited charge and premium streaming can go up as features added.", "likes_count": 1, "replies_count": 2, "retweets_count": 0, "hashtags": []}
{"id": 1165403529701449731, "date": "2019-08-24", "time": "19:20:28", "tweet": "@davebudge Tesla does not sell WW yet. 1 yr after it sells WW we can talk about sales &amp; demand! In US , M3 took 3% of ALL cars sold, while in Norway, despite being available from 16 feb, 1 in 5 cars are Tesla ytd! Netherlands follow a similar pattern! Soon all Europe&amp; China! $tsla #tsla", "likes_count": 1, "replies_count": 0, "retweets_count": 0, "hashtags": ["tsla"]}
{"id": 1165403223949078528, "date": "2019-08-24", "time": "19:19:15", "tweet": "@tesla_truth Battery Investor Day maybe we'll know more about $TSLA's timeline to ~2TWh  0.5-1 TWh for storage per @elonmusk tweet=1-1.5 TWh for vehicles  9M cars at 90kWh (many pickups and large SUVs)= 810GWh   300K class 7+8 trucks (~1/5-1/4 of WW market in 2025) at 750kWh=225GWh  =~1TWh", "likes_count": 15, "replies_count": 2, "retweets_count": 4, "hashtags": []}
{"id": 1165403212557381632, "date": "2019-08-24", "time": "19:19:12", "tweet": "But Elon tells us that Teslas do not need service! $TSLA $TSLAQ", "likes_count": 0, "replies_count": 0, "retweets_count": 0, "hashtags": []}
{"id": 1165401570936332291, "date": "2019-08-24", "time": "19:12:41", "tweet": "4 Loyal Payers Announce Quarterly Dividends  https://t.co/2ghPTMjxQC $spy $baba $aapl $amzn $bidu $ebay $jd $nvda $amd $tsla $mcd $dpz $mo $m $jpm $gs $nflx $fb $twtr", "likes_count": 1, "replies_count": 0, "retweets_count": 0, "hashtags": []}
{"id": 1165401567845081089, "date": "2019-08-24", "time": "19:12:40", "tweet": "Foot Locker Plummets After the Release of 2nd-Quarter Results  https://t.co/gZZ6RmdtmG $spy $baba $aapl $amzn $bidu $ebay $jd $nvda $amd $tsla $mcd $dpz $mo $m $jpm $gs $nflx $fb $twtr", "likes_count": 1, "replies_count": 0, "retweets_count": 0, "hashtags": []}
{"id": 1165401564489625600, "date": "2019-08-24", "time": "19:12:39", "tweet": "Disney displays its movie force with ‘Star Wars,’ ‘Frozen,’ Marvel and ‘Mulan’  https://t.co/Y5Y5hdo3mu $spy $baba $aapl $amzn $bidu $ebay $jd $nvda $amd $tsla $mcd $dpz $mo $m $jpm $gs $nflx $fb $twtr", "likes_count": 1, "replies_count": 0, "retweets_count": 0, "hashtags": []}
{"id": 1165401560630943746, "date": "2019-08-24", "time": "19:12:38", "tweet": "Stocks That Fell to 3-Year Lows in the Week of Aug. 23  https://t.co/Vea23MyqPY $spy $baba $aapl $amzn $bidu $ebay $jd $nvda $amd $tsla $mcd $dpz $mo $m $jpm $gs $nflx $fb $twtr", "likes_count": 1, "replies_count": 0, "retweets_count": 0, "hashtags": []}
{"id": 1165401556751175680, "date": "2019-08-24", "time": "19:12:37", "tweet": "Weekly Top Insider Buys Highlight for the Week of Aug. 23  https://t.co/cKLaML6wX9 $spy $baba $aapl $amzn $bidu $ebay $jd $nvda $amd $tsla $mcd $dpz $mo $m $jpm $gs $nflx $fb $twtr", "likes_count": 1, "replies_count": 0, "retweets_count": 0, "hashtags": []}
{"id": 1165401553106296832, "date": "2019-08-24", "time": "19:12:37", "tweet": "Tech Stock News: Earnings From VMware, Salesforce, and Intuit  https://t.co/wvDQDXXhg4 $spy $baba $aapl $amzn $bidu $ebay $jd $nvda $amd $tsla $mcd $dpz $mo $m $jpm $gs $nflx $fb $twtr", "likes_count": 1, "replies_count": 0, "retweets_count": 0, "hashtags": []}
{"id": 1165401549868326913, "date": "2019-08-24", "time": "19:12:36", "tweet": "Bulls And Bears Of The Week: Chevron, Disney, Target And More  https://t.co/9bxYqUGUF9 $spy $baba $aapl $amzn $bidu $ebay $jd $nvda $amd $tsla $mcd $dpz $mo $m $jpm $gs $nflx $fb $twtr", "likes_count": 1, "replies_count": 0, "retweets_count": 0, "hashtags": []}
{"id": 1165401452648513536, "date": "2019-08-24", "time": "19:12:13", "tweet": "Elon’s sending out a bunch of tweets, $tsla bad news coming", "likes_count": 1, "replies_count": 0, "retweets_count": 0, "hashtags": []}
{"id": 1165401413838442497, "date": "2019-08-24", "time": "19:12:03", "tweet": "@4xRevenue @cbrittzero We agree. More importantly, however, is the degree of ignorance of market mechanics in the $TSLA community. Many of these folks are remotely qualified to trade individual stocks.", "likes_count": 1, "replies_count": 2, "retweets_count": 0, "hashtags": []}
{"id": 1165400329988530183, "date": "2019-08-24", "time": "19:07:45", "tweet": "$TSLA - Amazon and Bezos should sue Elon for the Fire damage to the roof.  The Wal-Mart Lawsuit makes this case very strong. Solar City is decimating the Tesla brand right now.  $TSLAQ", "likes_count": 4, "replies_count": 0, "retweets_count": 1, "hashtags": []}
{"id": 1165398429763362816, "date": "2019-08-24", "time": "19:00:12", "tweet": "Don't miss our next FREE OPTION TRADE.  Sign up for our Daily Free Trades at  https://t.co/mFxxX0v4lH $NVDA $TSLA $GS $C $WFC $GOOGL $FB", "likes_count": 0, "replies_count": 0, "retweets_count": 0, "hashtags": []}
{"id": 1165396376919740418, "date": "2019-08-24", "time": "18:52:02", "tweet": "@scot_work Not just anyone, he's asking governments.  We know this will never work, I mean they turn a blind eye to his tweets and he knows it.  So this is strictly for show to his cult. $TSLA $TSLAQ", "likes_count": 2, "replies_count": 1, "retweets_count": 1, "hashtags": []}
{"id": 1165395660339703808, "date": "2019-08-24", "time": "18:49:12", "tweet": "@cbrittzero It's virtually impossible for retail accounts to do short naked. Large institutions trade on different platforms that can. But the hyperventilating of $TSLA longs over the issue is overwrought, IMO.", "likes_count": 2, "replies_count": 2, "retweets_count": 1, "hashtags": []}
{"id": 1165395292402999296, "date": "2019-08-24", "time": "18:47:44", "tweet": "@WallStCynic Unreal... $tsla .. although Jim, it’s unclear whether a human was behind the wheel. Could have been the family dog doing 🍩 😂", "likes_count": 2, "replies_count": 0, "retweets_count": 1, "hashtags": []}
{"id": 1165394955042525184, "date": "2019-08-24", "time": "18:46:23", "tweet": "Elon: exactly what the Amazon needs right.  $TSLA $SCTY $TSLAQ cc @BagholderQuotes", "likes_count": 1, "replies_count": 0, "retweets_count": 0, "hashtags": []}
{"id": 1165394499855671299, "date": "2019-08-24", "time": "18:44:35", "tweet": "@WolfpackReports Bullies' bully, cons' con....   That's why God created shorting $tsla", "likes_count": 3, "replies_count": 0, "retweets_count": 0, "hashtags": []}
{"id": 1165394227649482753, "date": "2019-08-24", "time": "18:43:30", "tweet": "@davebudge OK so that article defines it as selling short without first obtaining the borrow. I use Interactive Brokers, which doesn't allow me to do that. Does another broker allow that? And more to the point, is this what pro $TSLA bulls are complaining about?", "likes_count": 1, "replies_count": 2, "retweets_count": 0, "hashtags": []}
{"id": 1165393971885088768, "date": "2019-08-24", "time": "18:42:29", "tweet": "via WallStCynic: Seriously, what is with these cars and why are they allowed on the road? $TSLA $tsla", "likes_count": 0, "replies_count": 0, "retweets_count": 0, "hashtags": []}
{"id": 1165393782587576320, "date": "2019-08-24", "time": "18:41:44", "tweet": "Told you so.  \"Subsidy Trufflehound\"  $TSLA $TSLAQ #tesla #CYAZ #テスラ #モデル3  https://t.co/jPmBCUI35I", "likes_count": 6, "replies_count": 1, "retweets_count": 0, "hashtags": ["tesla", "cyaz", "テスラ", "モデル3"]}
{"id": 1165393006758727680, "date": "2019-08-24", "time": "18:38:39", "tweet": "If you were a public utility, would you put your reputation on the line by recommending $TSLA after this weeks disclosures on solar cell fires? @ClarkCountyNV", "likes_count": 3, "replies_count": 1, "retweets_count": 0, "hashtags": []}
{"id": 1165392384286482432, "date": "2019-08-24", "time": "18:36:11", "tweet": "Twitter algorithm thinks I have Curacao in my mind. $tsla $tslaQ", "likes_count": 3, "replies_count": 1, "retweets_count": 0, "hashtags": []}
{"id": 1165392310282199043, "date": "2019-08-24", "time": "18:35:53", "tweet": "Can fully realize &amp; appreciate @Tesla’s sales potential only 1 year after ALL models are available world wide! For 2019, Tesla decimated other luxury brands in US, Norway &amp; Netherlands! In 2020 they will do the same in 🇨🇳, &amp; ‘21 in Europe! $tsla #tsla #tesla #TeslaModel3", "likes_count": 0, "replies_count": 0, "retweets_count": 0, "hashtags": ["tsla", "tesla", "teslamodel3"]}
{"id": 1165392254535495681, "date": "2019-08-24", "time": "18:35:40", "tweet": "Depo went well then. $TSLA $TSLAQ", "likes_count": 1, "replies_count": 0, "retweets_count": 0, "hashtags": []}
{"id": 1165391866281582592, "date": "2019-08-24", "time": "18:34:07", "tweet": "@style_and_steel 500%?    I'd have gone with 420%  $tsla should provide rigorous statistical analysis in 2 months, 6 definitely.    How's the insurance company coming along?", "likes_count": 1, "replies_count": 0, "retweets_count": 0, "hashtags": []}
{"id": 1165391561410191360, "date": "2019-08-24", "time": "18:32:54", "tweet": "Today's deposition must have went so poorly that elon musk is venting on his Twitter about the originally intended mission $TSLA $TSLAQ 😂😂😂", "likes_count": 0, "replies_count": 0, "retweets_count": 0, "hashtags": []}
{"id": 1165391080319270917, "date": "2019-08-24", "time": "18:31:00", "tweet": "$tsla Ppl don’t like #fakenews BS anymore! 20 Tesla 🚗 burned out 600k, BS all over the news, result ppl bought more #Tesla cars! @tesla just relaunched #solar business, 3 days later media started BS about 7 🔥 in millions of solar installs. Result, ppl will get more solar!#tsla", "likes_count": 0, "replies_count": 0, "retweets_count": 0, "hashtags": ["fakenews", "tesla", "solar", "tsla"]}
{"id": 1165390852870541313, "date": "2019-08-24", "time": "18:30:05", "tweet": "ACTIVE TRADERS Try one of these FREE trading guides:   https://t.co/HJex2z15uK  $NFLX $TSLA $AAPL $IBB $GS $FB $AMZN $GOOGL $NVDA", "likes_count": 0, "replies_count": 0, "retweets_count": 0, "hashtags": []}
{"id": 1165390431338844163, "date": "2019-08-24", "time": "18:28:25", "tweet": "Model 3 sales must be weak this Q3 $TSLA $TSLAQ", "likes_count": 0, "replies_count": 0, "retweets_count": 0, "hashtags": []}
{"id": 1165390223318179840, "date": "2019-08-24", "time": "18:27:35", "tweet": "Dear $TSLAQ - What is \"naked\" short selling, of which the pro $TSLA crowd complains? Shorting a stock required an offsetting margin reserve, either under reg-T or portfolio margin, and depend on broker's other requirements. How is this any different from \"naked\" long buying?", "likes_count": 2, "replies_count": 3, "retweets_count": 1, "hashtags": []}
{"id": 1165389197114580993, "date": "2019-08-24", "time": "18:23:31", "tweet": "$TSLA  new alert at  https://t.co/A7qrDarJHY  #stocks #daytrading  #NYSE #NASDAQ #market 841", "likes_count": 0, "replies_count": 0, "retweets_count": 0, "hashtags": ["stocks", "daytrading", "nyse", "nasdaq", "market"]}
{"id": 1165388304608571393, "date": "2019-08-24", "time": "18:19:58", "tweet": "Tesla is heading to bankruptcy...  Ready or not, here it comes! $TSLA vs $AMZN &amp; $WMT is easy to predict!", "likes_count": 0, "replies_count": 0, "retweets_count": 0, "hashtags": []}
{"id": 1165388150467944453, "date": "2019-08-24", "time": "18:19:21", "tweet": "Is the rumor true that Elon Musk of $TSLA is traveling to Mainland China this week to secretly lobby for USA Statehood for Hong Kong?", "likes_count": 1, "replies_count": 0, "retweets_count": 1, "hashtags": []}
{"id": 1165387479144456194, "date": "2019-08-24", "time": "18:16:41", "tweet": "$TSLA finally something better than your big fat iPad in the car. #Taycan  https://t.co/l7R8TaZSLK", "likes_count": 4, "replies_count": 1, "retweets_count": 1, "hashtags": ["taycan"]}
{"id": 1165386682763333632, "date": "2019-08-24", "time": "18:13:31", "tweet": "Yes he does. $TSLA $TSLAQ  https://t.co/Aj1iObOzrV", "likes_count": 2, "replies_count": 0, "retweets_count": 1, "hashtags": []}
{"id": 1165386405389860865, "date": "2019-08-24", "time": "18:12:25", "tweet": "Look at the date and when solar panels were on fire on various roofs. $TSLA  $TSLAQ", "likes_count": 27, "replies_count": 1, "retweets_count": 3, "hashtags": []}
{"id": 1165386075885297664, "date": "2019-08-24", "time": "18:11:06", "tweet": "Not sure that this has happened yet $TSLA $TSLAQ", "likes_count": 3, "replies_count": 0, "retweets_count": 1, "hashtags": []}
{"id": 1165385789942816769, "date": "2019-08-24", "time": "18:09:58", "tweet": "Landing on a Walmart roof? $TSLA $TSLAQ", "likes_count": 1, "replies_count": 0, "retweets_count": 1, "hashtags": []}
{"id": 1165385615694647296, "date": "2019-08-24", "time": "18:09:17", "tweet": "What about solat panels? $TSLA $TSLAQ", "likes_count": 1, "replies_count": 1, "retweets_count": 2, "hashtags": []}
{"id": 1165383871359148033, "date": "2019-08-24", "time": "18:02:21", "tweet": "Short $TSLA: The End Is Near Again For Tesla - Best Twitter Threads   https://t.co/SHTTiSHEv2", "likes_count": 3, "replies_count": 0, "retweets_count": 0, "hashtags": []}
{"id": 1165382469262163970, "date": "2019-08-24", "time": "17:56:47", "tweet": "Whoa. @Teslatunity is certainly fed up. Who can blame him? He's honest about the abysmal way $TSLA is treating its loyal customers, &amp; remorseful about having encouraged many others to buy the cars. The stunning brand destruction caused by Tesla's cost cutting continues apace.", "likes_count": 36, "replies_count": 5, "retweets_count": 6, "hashtags": []}
{"id": 1165381845879574528, "date": "2019-08-24", "time": "17:54:18", "tweet": "@elonmusk +100 @Tesla, #TeslaEnergy Div.. #TeslaPowerPack W/#TeslaMegaPack's  #Utility Scale #EnergyStorage, #GridStorage Peaker &amp; Frequency Leveler. $TSLA Proof Of Concept \"100 Day's Or Its Free\"  S. Australia: 2017  https://t.co/7B0M3DiF1q More- #VirtualPowerPlant  https://t.co/wgPOKU3gGC", "likes_count": 6, "replies_count": 1, "retweets_count": 6, "hashtags": ["teslaenergy", "teslapowerpack", "teslamegapack", "utility", "energystorage", "gridstorage", "virtualpowerplant"]}
{"id": 1165381704233771008, "date": "2019-08-24", "time": "17:53:44", "tweet": " https://t.co/r30WurK0Gh  Any investors in $TSLA or $AMD want to know which stocks to buy during a recessionary period? Cathie gives a great perspective and her firm is all about disruptive technology. #Innovations", "likes_count": 2, "replies_count": 0, "retweets_count": 0, "hashtags": ["innovations"]}
{"id": 1165381552257159168, "date": "2019-08-24", "time": "17:53:08", "tweet": "@elonmusk You gotta seriously consider an emerging power man. @Tesla $tsla   @gautam_adani", "likes_count": 0, "replies_count": 0, "retweets_count": 1, "hashtags": []}
{"id": 1165380475633971205, "date": "2019-08-24", "time": "17:48:51", "tweet": "@BonaireVolt @BradMunchen \"Red Bull\" would be a good name for Musk's products.... $tsla", "likes_count": 1, "replies_count": 0, "retweets_count": 1, "hashtags": []}
{"id": 1165378682082533376, "date": "2019-08-24", "time": "17:41:44", "tweet": "@macmover @elonmusk The Boring Bricks sounded so good too... $TSLA  https://t.co/mR5tO3LgNh", "likes_count": 7, "replies_count": 1, "retweets_count": 1, "hashtags": []}
{"id": 1165378444546457602, "date": "2019-08-24", "time": "17:40:47", "tweet": "I have never weighed in $TSLA before today but this marks a beginning. You wanna go Elon. Let's go! Enough is enough.", "likes_count": 65, "replies_count": 9, "retweets_count": 6, "hashtags": []}
{"id": 1165378323373015041, "date": "2019-08-24", "time": "17:40:18", "tweet": "@glenntongue @zomgapocalypse @TESLAcharts @elonmusk Gee I wonder why lawyers keep fleeing from $tsla...", "likes_count": 2, "replies_count": 1, "retweets_count": 1, "hashtags": []}
{"id": 1165378137212850176, "date": "2019-08-24", "time": "17:39:34", "tweet": "Pay close attention, kids, this is a growth sector. $tslaQ $TSLA", "likes_count": 16, "replies_count": 1, "retweets_count": 2, "hashtags": []}
{"id": 1165377909248405518, "date": "2019-08-24", "time": "17:38:39", "tweet": "Got my $tslaq membership card in the mail today. Super psyched. Discounts at Walmart are great! $tsla", "likes_count": 15, "replies_count": 2, "retweets_count": 1, "hashtags": []}
{"id": 1165377300524748800, "date": "2019-08-24", "time": "17:36:14", "tweet": "*VIDEO ALERT* Charlie Munger and Warren Buffett speaking on projecting future cash flows  https://t.co/616SI8lD62 $BRK.A $BRK.B $SPY $BABA $AMZN $AAPL $JD $BYND $BA $NFLX $NVDA $AMD $AMGN $BLUE $KO $K $L $EA $NIO $TSLA $TSLAQ $PYPL $EBAY $AVGO $INTC $DPZ $MCD $MO $MA $GS $BAC $KHC", "likes_count": 4, "replies_count": 0, "retweets_count": 2, "hashtags": []}
{"id": 1165377215678353408, "date": "2019-08-24", "time": "17:35:54", "tweet": "@glenntongue @TESLAcharts @elonmusk As a member of “$tslaq“ I suppose, whatever that means, I know what my “hopes and intentions” are- efficient capital markets over long-term, inefficient short, so I have frauds like $tsla to short  Tslaq is idea that Tsla is structurally bankrupt, not a desire to will stock to 0.", "likes_count": 37, "replies_count": 1, "retweets_count": 2, "hashtags": []}
{"id": 1165377011558309889, "date": "2019-08-24", "time": "17:35:05", "tweet": "With $TSLA auto sales slow in North America, down QoQ in Europe ex-U.K., and dead in China and Solar sales remaining terrible levels given the recent $WMT and $AMZN news, Musk is pivoting to a non-existent product to find new suckers to place deposits to finance Tesla's cash burn", "likes_count": 4, "replies_count": 0, "retweets_count": 2, "hashtags": []}
{"id": 1165376464004493318, "date": "2019-08-24", "time": "17:32:55", "tweet": "$TSLA megapack... 10x faster installation - because our installers cut every corner  https://t.co/V47nWyZ8JP", "likes_count": 1, "replies_count": 0, "retweets_count": 2, "hashtags": []}
{"id": 1165376434983956480, "date": "2019-08-24", "time": "17:32:48", "tweet": "A rather quaint but detailed video on a company reconditioning busted Tesla roadsters. Part 2. You can sort of watch them in any order. The original roadster was not designed for any maintenance of electronic wear items (thermal paste, fans, etc). $tsla  https://t.co/rdytrZn3uK", "likes_count": 1, "replies_count": 1, "retweets_count": 1, "hashtags": []}
{"id": 1165376292134502401, "date": "2019-08-24", "time": "17:32:14", "tweet": "Translation: We have waaaaay more batteries than we can possibly use in cars. Please help. Public funding preferred.  $TSLA $TSLAQ #tesla #CYAZ #テスラ #モデル3", "likes_count": 21, "replies_count": 1, "retweets_count": 2, "hashtags": ["tesla", "cyaz", "テスラ", "モデル3"]}
{"id": 1165375912252268546, "date": "2019-08-24", "time": "17:30:43", "tweet": "VIDEO - $TSLA Stock Technical Analysis - 08-24-2019 - watch here:  https://t.co/gBNoTUmRjO #stock #stocks #stocktrading", "likes_count": 0, "replies_count": 0, "retweets_count": 0, "hashtags": ["stock", "stocks", "stocktrading"]}
{"id": 1165375842475753473, "date": "2019-08-24", "time": "17:30:27", "tweet": "$TSLA I accidently handed my Tesla key card to the cashier thinking it was my credit card 😂😂 #tesla #model3  https://t.co/qcUSe1yw67", "likes_count": 6, "replies_count": 2, "retweets_count": 2, "hashtags": ["tesla", "model3"]}
{"id": 1165375754873516038, "date": "2019-08-24", "time": "17:30:06", "tweet": "ACTIVE TRADERS Try one of these FREE trading guides:   https://t.co/X5WzjJetEN  $NFLX $TSLA $AAPL $JWN $GS $FB $AMZN $GOOGL $NVDA", "likes_count": 0, "replies_count": 0, "retweets_count": 0, "hashtags": []}
{"id": 1165375425499017221, "date": "2019-08-24", "time": "17:28:47", "tweet": "via SamAntar: Crazy Eddie Memoir: The first lesson of fraud. Stay out of court! No frivolous lawsuits. No instigating people to sue you. Fraud is hard enough without the legal distractions. $TSLA $TSLAQ $tsla", "likes_count": 0, "replies_count": 0, "retweets_count": 1, "hashtags": []}
{"id": 1165375419576717316, "date": "2019-08-24", "time": "17:28:46", "tweet": "@elonmusk @MartianDays @Erdayastronaut @DKled007 @AKawakbi @newscientist While u r at it PLEASE disclose more Project Titan details to solar customers so they don't feel like ur abandoned EV customers who left messages w $Tsla service center but never get a call back.", "likes_count": 1, "replies_count": 0, "retweets_count": 1, "hashtags": []}
{"id": 1165375099303878657, "date": "2019-08-24", "time": "17:27:29", "tweet": "Crazy Eddie Memoir: The first lesson of fraud. Stay out of court! No frivolous lawsuits. No instigating people to sue you. Fraud is hard enough without the legal distractions. $TSLA $TSLAQ", "likes_count": 42, "replies_count": 2, "retweets_count": 9, "hashtags": []}
{"id": 1165374734403608579, "date": "2019-08-24", "time": "17:26:02", "tweet": "Back on June 1, 2017 Elon promised more Superchargers in Western Australia to a $TSLA owner....today there is still just 1.  Be wary of his promises @Tesla fans....  #TeslaSuperChargerIssues #BrokenPromises #NotComingSoon  https://t.co/coiolwunhJ", "likes_count": 7, "replies_count": 2, "retweets_count": 0, "hashtags": ["teslasuperchargerissues", "brokenpromises", "notcomingsoon"]}
{"id": 1165374599606857729, "date": "2019-08-24", "time": "17:25:30", "tweet": "Would you participate in a giveaway? Entry would be to share 1 of 5 specific articles from  https://t.co/KreN2Ob3Wh and subscribe to our website (free) random winner will get 50$ USD via paypal. $spy $tsla $nvda $jd $baba $aapl $amzn #giveaway #free #stocks $nflx $snap $drys $ko", "likes_count": 1, "replies_count": 0, "retweets_count": 1, "hashtags": ["giveaway", "free", "stocks"]}
{"id": 1165374552987377667, "date": "2019-08-24", "time": "17:25:19", "tweet": "Don't forget Big Mac.   $tsla", "likes_count": 5, "replies_count": 0, "retweets_count": 1, "hashtags": []}
{"id": 1165374413988159488, "date": "2019-08-24", "time": "17:24:46", "tweet": "We remain firmly in the post-truth world.  It appears no one involved with $TSLA has any shame.  https://t.co/2Cv5JVoL30", "likes_count": 1, "replies_count": 0, "retweets_count": 1, "hashtags": []}
{"id": 1165374409579945984, "date": "2019-08-24", "time": "17:24:45", "tweet": "Weekly Sample Portfolio Update - Week 33 and 34 — Steemit  https://t.co/zY71g18tNi  $ES_F $NQ_F $RTY_F $ZB_F $GC_F $SPX $NDX $RUT $AAPL $NFLX $AMZN $TSLA $VIX $FB $MSFT $SPY $DIA $NDX $IWM $QCOM $GDX $DAX $BYND $TWTR $GLD $GE_F $BABA $TLT $VXX $XLE $QQQ #steem #steemit #steemleo", "likes_count": 3, "replies_count": 0, "retweets_count": 0, "hashtags": ["steem", "steemit", "steemleo"]}
{"id": 1165374339228684288, "date": "2019-08-24", "time": "17:24:28", "tweet": "Would you participate in a giveaway? Entry would be to share 1 of 5 specific articles from  https://t.co/slp8VhZohw and subscribe to our website (free)  random winner will get 50$ USD via paypal. $spy $tsla $nvda $jd $baba $aapl $amzn #giveaway #free #stocks $nflx $snap $drys $ko", "likes_count": 2, "replies_count": 0, "retweets_count": 0, "hashtags": ["giveaway", "free", "stocks"]}
{"id": 1165374302474178560, "date": "2019-08-24", "time": "17:24:19", "tweet": "@PlainSite Funny, $tsla entire filing is a gaslighting dramatization. The “factual background” should be retitled “Musk’s fantasies”.", "likes_count": 10, "replies_count": 0, "retweets_count": 1, "hashtags": []}
{"id": 1165373298051616768, "date": "2019-08-24", "time": "17:20:20", "tweet": "@elonmusk Elon entering Billy Mays pitch mode..... gotta get that cheddar to cover all those lawsuits... $TSLA  https://t.co/wje6mQUkQ3", "likes_count": 20, "replies_count": 1, "retweets_count": 0, "hashtags": []}
{"id": 1165372735398264832, "date": "2019-08-24", "time": "17:18:06", "tweet": "\"In the end it was way too much of a headache and reminded me how hard it is to deal with tesla that led me to cancel...I have called a few companies to get quotes and they’ve been a so much more helpful and transparent in comparison...\"  $TSLA $TSLAQ  https://t.co/3NYWmIsJcY", "likes_count": 2, "replies_count": 0, "retweets_count": 2, "hashtags": []}
{"id": 1165371266162974726, "date": "2019-08-24", "time": "17:12:16", "tweet": "via elonmusk: Yes, much better for theenvironment &amp; also cheaper to use Tesla Megapacks instead of building a fossil fuel peaker plant  https://t.co/A9mprn4lEm $tsla", "likes_count": 1, "replies_count": 0, "retweets_count": 0, "hashtags": []}
{"id": 1165371106867347456, "date": "2019-08-24", "time": "17:11:38", "tweet": "$TSLA doesn't deny that it has a \"history of silencing critics.\" It just thinks that it should be \"disregarded.\"  https://t.co/KlcySBdjle", "likes_count": 18, "replies_count": 1, "retweets_count": 1, "hashtags": []}
{"id": 1165370699130769408, "date": "2019-08-24", "time": "17:10:00", "tweet": "Good afternoon everyone! If anyone has any chart requests or questions about trading/trading psychology or any general questions about the website, Please feel free to ask! $AMZN $NFLX $GOOGL $ROKU $TLRY $BABA $BA $DIS $AAPL $FB $TSLA $QCOM $AMD $GS", "likes_count": 12, "replies_count": 12, "retweets_count": 2, "hashtags": []}
{"id": 1165370647578648577, "date": "2019-08-24", "time": "17:09:48", "tweet": "While I've only shorted using located shares.....  I've definitely shorted naked....  $TSLA", "likes_count": 2, "replies_count": 0, "retweets_count": 0, "hashtags": []}
{"id": 1165370617790644224, "date": "2019-08-24", "time": "17:09:41", "tweet": "Hope you’re having a great weekend! Working on some charts this evening.   $ES_F $NQ_F $BA $TSLA $NFLX", "likes_count": 1, "replies_count": 1, "retweets_count": 1, "hashtags": []}
{"id": 1165370591278505984, "date": "2019-08-24", "time": "17:09:35", "tweet": "$TSLA $TSLAQ", "likes_count": 3, "replies_count": 0, "retweets_count": 0, "hashtags": []}
{"id": 1165370361833148416, "date": "2019-08-24", "time": "17:08:40", "tweet": "This post and replies are the main reason I think Tesla succeeds over the long haul.   Their financials are messy, but this sentiment is shared by a lot of smart and successful people.   I just can’t get on board with the company being a big sheist/fad.   $TSLA", "likes_count": 1, "replies_count": 0, "retweets_count": 0, "hashtags": []}
{"id": 1165370255645954054, "date": "2019-08-24", "time": "17:08:15", "tweet": "@zomgapocalypse @TESLAcharts @elonmusk I always AT LEAST wear underwear when shorting $TSLA.  Cc: @MotherCabriniNY", "likes_count": 5, "replies_count": 0, "retweets_count": 0, "hashtags": []}
{"id": 1165370177636249600, "date": "2019-08-24", "time": "17:07:56", "tweet": "This week's installment of Japanese Tesla listings/sales.  $TSLA $TSLAQ #Tesla #CYAZ #テスラ #モデル3  TL;DR: No inventory/CPO sales his wk. One sale at a 3rd party site. Model 3 orders reported finally reaches 150🥳", "likes_count": 1, "replies_count": 1, "retweets_count": 0, "hashtags": ["tesla", "cyaz", "テスラ", "モデル3"]}
{"id": 1165369948383973377, "date": "2019-08-24", "time": "17:07:01", "tweet": "What Elon's doubters don't realize is that $TSLAQ is a wide-ranging cabal that includes not only Big Oil and Big Auto, but also Big Retail, Big Firefighter, and Big Pedo.  $WMT $AMZN $TSLA", "likes_count": 18, "replies_count": 2, "retweets_count": 2, "hashtags": []}
