{"id": 1160340012195446785, "date": "2019-08-10", "time": "19:59:51", "tweet": "#Yang will be president when $TSLA turns a profit. Just sayin'   https://t.co/DhjI2w9CWZ", "likes_count": 0, "replies_count": 0, "retweets_count": 0, "hashtags": ["yang"]}
{"id": 1160338810057764864, "date": "2019-08-10", "time": "19:55:05", "tweet": "OptionAlarm provides Option Swing Trade Alerts With REAL Results! Try It For 10 Days:  https://t.co/1G89Mvh2Hl It's FREE! No Credit Card Required! $AMZN $NVDA $TSLA $BABA", "likes_count": 0, "replies_count": 0, "retweets_count": 0, "hashtags": []}
{"id": 1160338802457530369, "date": "2019-08-10", "time": "19:55:03", "tweet": "@SadDcSportsFan @Tesla So the question I have is how “safe” is the “safest car” if it’s design allows one errant twitch on a pedal to launch the car 30m in a split second, through walls, houses, over curbs in car parks and into shops. Tesla keeps these stats as a corporate secret. $tsla", "likes_count": 4, "replies_count": 0, "retweets_count": 0, "hashtags": []}
{"id": 1160336373993353218, "date": "2019-08-10", "time": "19:45:24", "tweet": "@CassandraTSLAQ @FamousKJStyles @RampCapitalLLC I had to pull everything from my $tsla trading account to make the deal, but I bought out the shop I have worked at for 10 years this week.  https://t.co/PkT3fuWGaX", "likes_count": 64, "replies_count": 16, "retweets_count": 5, "hashtags": []}
{"id": 1160335737495130112, "date": "2019-08-10", "time": "19:42:52", "tweet": "#TeslaQualityIssues  Who has it in them to tell @YijuanZ it is going to be a while.  $tsla $tslaq", "likes_count": 2, "replies_count": 1, "retweets_count": 0, "hashtags": ["teslaqualityissues"]}
{"id": 1160335634835353601, "date": "2019-08-10", "time": "19:42:27", "tweet": "@mattaut88 @elonmusk Both are sickkkkk! Here's the panoramic glass roof on @Tesla Model Y!! $TSLA #Tesla #ModelY #EV @elonmusk   😍⬇️  https://t.co/xZ3o5rE4RJ", "likes_count": 67, "replies_count": 3, "retweets_count": 23, "hashtags": ["tesla", "modely", "ev"]}
{"id": 1160333793435299842, "date": "2019-08-10", "time": "19:35:08", "tweet": "@PlainSite Very few, and even fewer understand the implications.  $TSLA", "likes_count": 15, "replies_count": 1, "retweets_count": 0, "hashtags": []}
{"id": 1160333681212428294, "date": "2019-08-10", "time": "19:34:42", "tweet": "$tsla $tslaq @TESLAcharts   Full vid of crash now available.  https://t.co/w2jfsZ1MgU", "likes_count": 10, "replies_count": 3, "retweets_count": 6, "hashtags": []}
{"id": 1160333235169067009, "date": "2019-08-10", "time": "19:32:55", "tweet": "#TeslaSuperChargerIssues $TSLA $TSLAQ", "likes_count": 1, "replies_count": 0, "retweets_count": 0, "hashtags": ["teslasuperchargerissues"]}
{"id": 1160333074552512512, "date": "2019-08-10", "time": "19:32:17", "tweet": "$TSLA  Why Tesla Stock Still Looks Like a Good Long-Term Bet   https://t.co/S6KnfnFUuk", "likes_count": 1, "replies_count": 0, "retweets_count": 0, "hashtags": []}
{"id": 1160332522565373960, "date": "2019-08-10", "time": "19:30:05", "tweet": "ACTIVE TRADERS Try one of these FREE trading guides:   https://t.co/HpbzBO2lNA  $NFLX $TSLA $AAPL $TWTR $GS $FB $AMZN $GOOGL $NVDA", "likes_count": 0, "replies_count": 0, "retweets_count": 0, "hashtags": []}
{"id": 1160331326018465792, "date": "2019-08-10", "time": "19:25:20", "tweet": "It indeed says $tsla hit tow truck while on Autopilot, owner was some CEO and had his kids in the car.  https://t.co/fDHCCUbGcZ", "likes_count": 2, "replies_count": 1, "retweets_count": 1, "hashtags": []}
{"id": 1160331252521717763, "date": "2019-08-10", "time": "19:25:03", "tweet": "With past performance like this, how can you not sign up for a Free 7-day trial to  https://t.co/thhJsHse3j? Winning Option Swing Trades Since 2006  $BABA $GOOGL $TSLA $BIDU", "likes_count": 0, "replies_count": 0, "retweets_count": 0, "hashtags": []}
{"id": 1160331006294937601, "date": "2019-08-10", "time": "19:24:04", "tweet": "@phoennix10 @karpathy @elonmusk Updated article - showing accident video.  Doesn’t look high speed, Tesla braked at the last second but didn’t deviate in lane at all, clipped it and stopped.  Stationary Street sweeper intruded into lane. $tsla   https://t.co/w55Z4u3Ouv", "likes_count": 25, "replies_count": 8, "retweets_count": 7, "hashtags": []}
{"id": 1160330625536188417, "date": "2019-08-10", "time": "19:22:33", "tweet": "Evening Most Tweeted Big Caps, check out Gambiste Top 10: $TWTR $TSLA $UBER $LYFT $AMD $SHOP $ATVI $KHC $CGC $GS  https://t.co/k3uyuEbRpJ", "likes_count": 1, "replies_count": 0, "retweets_count": 1, "hashtags": []}
{"id": 1160329906384883713, "date": "2019-08-10", "time": "19:19:42", "tweet": "How to Invest in #RenewableEnergy Stocks @themotleyfool #stocks $TSLA $PEGI $NEE $EVA $BEP $CLNE $PBW $XEL $TERP  https://t.co/Uarp2zSLcn", "likes_count": 1, "replies_count": 0, "retweets_count": 4, "hashtags": ["renewableenergy", "stocks"]}
{"id": 1160329895806951425, "date": "2019-08-10", "time": "19:19:39", "tweet": "@IQ2high2bTexGov when? 2099 after you are gone? $tsla 😂", "likes_count": 1, "replies_count": 0, "retweets_count": 0, "hashtags": []}
{"id": 1160329207878057984, "date": "2019-08-10", "time": "19:16:55", "tweet": "No fucking way. Geeze...  cc @SEC_Enforcement @SF_SEC @Boston_SEC @NewYork_SEC @FortWorth_SEC @Atlanta_SEC @LosAngeles_SEC @SEC_News @NTSB @NHTSAgov @FTC $TSLA $TSLAQ", "likes_count": 5, "replies_count": 0, "retweets_count": 0, "hashtags": []}
{"id": 1160328797436223488, "date": "2019-08-10", "time": "19:15:17", "tweet": "Believe it or not, this has happened a few times to multiple people.   $TSLA", "likes_count": 3, "replies_count": 0, "retweets_count": 1, "hashtags": []}
{"id": 1160328008244355072, "date": "2019-08-10", "time": "19:12:09", "tweet": "Okay $TSLA community, we gotta support @AndrewYang for the Democratic nomination. @elonmusk has endorsed him and his son owns a Tesla! #YangGang #Yang2020  https://t.co/9mcYj8Rdi4", "likes_count": 30, "replies_count": 1, "retweets_count": 9, "hashtags": ["yanggang", "yang2020"]}
{"id": 1160327608858316800, "date": "2019-08-10", "time": "19:10:34", "tweet": "That's just one too many $TSLA's exploding. It's over now. A few wrecked cars can catch on fire, but exploding? No! Time to end this farce! File now Musk!", "likes_count": 2, "replies_count": 0, "retweets_count": 0, "hashtags": []}
{"id": 1160327485751484416, "date": "2019-08-10", "time": "19:10:05", "tweet": "$AAPL $TSLA $SQ  Unisex:  https://t.co/QbqpDtav9p  https://t.co/fGu6LCVVw6", "likes_count": 1, "replies_count": 0, "retweets_count": 0, "hashtags": []}
{"id": 1160325694838255616, "date": "2019-08-10", "time": "19:02:58", "tweet": " https://t.co/lq9itQLzxh Very cool strategies. From this we will be piecing together our own strategy. $SPY $TSLA", "likes_count": 0, "replies_count": 0, "retweets_count": 0, "hashtags": []}
{"id": 1160325013796507650, "date": "2019-08-10", "time": "19:00:15", "tweet": "Don't miss our next FREE OPTION TRADE.  Sign up for our Daily Free Trades at  https://t.co/QAcQYQtzOG $NVDA $TSLA $GS $C $WFC $GOOGL $FB", "likes_count": 0, "replies_count": 0, "retweets_count": 0, "hashtags": []}
{"id": 1160323513477206021, "date": "2019-08-10", "time": "18:54:18", "tweet": "As @jimcramer would say DONT BUY DONT BUY the CAR or the STOCK $tsla $tslaq #tesla #teslaqualityissues", "likes_count": 1, "replies_count": 0, "retweets_count": 0, "hashtags": ["tesla", "teslaqualityissues"]}
{"id": 1160321882245095424, "date": "2019-08-10", "time": "18:47:49", "tweet": "When Elon Musk eventually F's up, &amp; $TSLA goes under, costing pension funds &amp; gullible investors millions of dollars, the delusional people in charge of the pension funds &amp; Gerber, will probably claim Elon is part of a Russian conspiracy?! #BlameRussia", "likes_count": 0, "replies_count": 1, "retweets_count": 0, "hashtags": ["blamerussia"]}
{"id": 1160321413561180160, "date": "2019-08-10", "time": "18:45:57", "tweet": "$TSLA - It’s amazing that Tesla is still in business. How is this real life?   #tesla", "likes_count": 2, "replies_count": 0, "retweets_count": 0, "hashtags": ["tesla"]}
{"id": 1160320660155056129, "date": "2019-08-10", "time": "18:42:57", "tweet": "Read this blog post where the driver raves about autopilot while: - driving with his kid in the car - keeping his hands off the wheel - barely paying attention to the road  #PredictableAbuse  Yet I'm the \"troll\" for telling him about how autopilot fails and kills folks $TSLA", "likes_count": 5, "replies_count": 1, "retweets_count": 0, "hashtags": ["predictableabuse"]}
{"id": 1160320118305501187, "date": "2019-08-10", "time": "18:40:48", "tweet": "$AAPL $TSLA $SQ   https://t.co/QbqpDtav9p  https://t.co/9wqhpEgOuS", "likes_count": 1, "replies_count": 0, "retweets_count": 0, "hashtags": []}
{"id": 1160319810376331264, "date": "2019-08-10", "time": "18:39:35", "tweet": "Excellent point. After Shanghai and now Moscow, plus the other fire incidents that were not recorded on video, all early Tesla Model S vehicles have to be considered as potential timebombs. $tslaQ $TSLA", "likes_count": 17, "replies_count": 1, "retweets_count": 2, "hashtags": []}
{"id": 1160319091120332800, "date": "2019-08-10", "time": "18:36:43", "tweet": "@ValueAnalyst1 Why WTF? Its a reasonable statement. I read it like... The ENTIRE cannabis industry COULD be worth more once recreational use is legalized in every state.   Lets see... $TSLA ‘s worth vs an entire growth industry? I guess cannabis could be worth more one day but I doubt it.", "likes_count": 1, "replies_count": 0, "retweets_count": 0, "hashtags": []}
{"id": 1160318913948729345, "date": "2019-08-10", "time": "18:36:01", "tweet": "Is Elon Musk live tweeting from his Tesla Solar City deposition yet?  Wonder how many minutes in everyone was suffocating on Musk's smugness?  Sure hope the plaintiff's attorneys release the good stuff publicly for the safety &amp; protection of others.   $TSLA $TSLAQ", "likes_count": 5, "replies_count": 0, "retweets_count": 1, "hashtags": []}
{"id": 1160318237126664193, "date": "2019-08-10", "time": "18:33:20", "tweet": "@RyanDoherty47 But consider how many $TSLA's are in Moscow.... maybe a hundred?  The fire-link odds just got much, much worse.", "likes_count": 7, "replies_count": 0, "retweets_count": 0, "hashtags": []}
{"id": 1160317431589613568, "date": "2019-08-10", "time": "18:30:08", "tweet": "ACTIVE TRADERS Try one of these FREE trading guides:   https://t.co/NyDnihw7bS  $NFLX $TSLA $AAPL $IBB $GS $FB $AMZN $GOOGL $NVDA", "likes_count": 0, "replies_count": 0, "retweets_count": 0, "hashtags": []}
{"id": 1160316944718843904, "date": "2019-08-10", "time": "18:28:11", "tweet": "Headrests that are unsafe? The trademark must be removed immediately. Twitter accounts that are overly aggressive about promoting $TSLA stock, to the point of threatening those who disagree? Carry on.  https://t.co/q29CXlNj5A", "likes_count": 0, "replies_count": 0, "retweets_count": 0, "hashtags": []}
{"id": 1160316619748331522, "date": "2019-08-10", "time": "18:26:54", "tweet": "How to Ipnvest in Renewable Energy Socks @themotleyfool #stocks $TSLA $PEGI $NEE $EVA $BEP $CLNE $PBW $XEL $TERP  https://t.co/7E0vCE4WVO", "likes_count": 0, "replies_count": 0, "retweets_count": 0, "hashtags": ["stocks"]}
{"id": 1160316330236624901, "date": "2019-08-10", "time": "18:25:45", "tweet": "João had a dangerous coughing fit in his #Tesla while going 85mph...  ...what happened next will absolutely not amaze you. $TSLA", "likes_count": 0, "replies_count": 0, "retweets_count": 0, "hashtags": ["tesla"]}
{"id": 1160316310170947584, "date": "2019-08-10", "time": "18:25:40", "tweet": "wow! terrible article about BEV and tesla durability.   twice as likely to breakdown, twice as expensive to fix 😱😂🤣  $tsla $tslaq #TeslaServiceIssues    https://t.co/ulHfxyhxRM", "likes_count": 1, "replies_count": 1, "retweets_count": 0, "hashtags": ["teslaserviceissues"]}
{"id": 1160314912276656128, "date": "2019-08-10", "time": "18:20:07", "tweet": " https://t.co/5zbx0fmHOl  $ES_F $NQ_F $RTY_F $ZB_F $GC_F $SPX $NDX $RUT $AAPL $NFLX $AMZN $TSLA $VIX $FB $MSFT $SPY $DIA $NDX $IWM $QCOM $GDX $DAX $BYND $TWTR $GLD $GE_F $BABA $TLT $LYFT $VXX $XLE $QQQ #tastytrade #kindle #ipad #OptionsTrading #selfpub #ebooks #books #tradingbooks", "likes_count": 1, "replies_count": 0, "retweets_count": 1, "hashtags": ["tastytrade", "kindle", "ipad", "optionstrading", "selfpub", "ebooks", "books", "tradingbooks"]}
{"id": 1160312726796873730, "date": "2019-08-10", "time": "18:11:26", "tweet": "#Tesla blew up in a spectacular explosion on #Moscow ring road (#мкад), yesterday 21:00. Tesla is the only company using NCA batteries in EVs, which are much more prone to rapid thermal runways than NMC, trading slightly higher performance for safety. $TSLA #TeslaFire  https://t.co/OT3BkEL6Wh", "likes_count": 26, "replies_count": 5, "retweets_count": 15, "hashtags": ["tesla", "moscow", "мкад", "teslafire"]}
