{"id": 1140046203813605376, "date": "2019-06-15", "time": "19:59:30", "tweet": "$TSLA is crushing in in this segment of EU.  about 9% better than Q1 at this point in time.  Turns out there is also another boat still to arrive in EU to make up the additional 5500 deliveries needed to meet Q1.  https://t.co/0IAKzMJh2b", "likes_count": 17, "replies_count": 2, "retweets_count": 7, "hashtags": []}
{"id": 1140045319759024128, "date": "2019-06-15", "time": "19:55:59", "tweet": "Driving a Tesla Model S in ASPHALT AIRBORNE 8 game.  Top acceleration speed, ridiculously easy control.  Always nailing champions 🏆  $tsla #Tesla #Models  https://t.co/CoEMh5f2Jt", "likes_count": 92, "replies_count": 4, "retweets_count": 18, "hashtags": ["tesla", "models"]}
{"id": 1140045088271282178, "date": "2019-06-15", "time": "19:55:04", "tweet": "OptionAlarm provides Option Swing Trade Alerts With REAL Results! Try It For 10 Days:  https://t.co/151PwxxzHM It's FREE! No Credit Card Required! $AMZN $NVDA $TSLA $BABA", "likes_count": 0, "replies_count": 0, "retweets_count": 0, "hashtags": []}
{"id": 1140042619915051009, "date": "2019-06-15", "time": "19:45:16", "tweet": "@MusksFUDetector Oh yeah he is lighting the \"bee signal\" for a short sting.  Or is just lit.  $TSLA", "likes_count": 1, "replies_count": 0, "retweets_count": 0, "hashtags": []}
{"id": 1140041288525459457, "date": "2019-06-15", "time": "19:39:58", "tweet": "lmao. $TSLA moving so fast that the q folks are moving faster and don't realize it.", "likes_count": 2, "replies_count": 0, "retweets_count": 0, "hashtags": []}
{"id": 1140039067469357056, "date": "2019-06-15", "time": "19:31:09", "tweet": "@elonmusk Elon Musk: \"Guess my emotional age.\"  $tsla $tslaq", "likes_count": 9, "replies_count": 1, "retweets_count": 0, "hashtags": []}
{"id": 1140038798643998722, "date": "2019-06-15", "time": "19:30:05", "tweet": "ACTIVE TRADERS Try one of these FREE trading guides:   https://t.co/IlwihHdYol  $NFLX $TSLA $AAPL $TWTR $GS $FB $AMZN $GOOGL $NVDA", "likes_count": 0, "replies_count": 0, "retweets_count": 0, "hashtags": []}
{"id": 1140037537223909376, "date": "2019-06-15", "time": "19:25:04", "tweet": "With past performance like this, how can you not sign up for a Free 7-day trial to  https://t.co/pjkYcRM3Dn? Winning Option Swing Trades Since 2006  $BABA $GOOGL $TSLA $BIDU", "likes_count": 0, "replies_count": 0, "retweets_count": 0, "hashtags": []}
{"id": 1140036675655143432, "date": "2019-06-15", "time": "19:21:38", "tweet": "Evening Most Tweeted Big Caps, check out Gambiste Top 10: $TSLA $SNAP $ROKU $AMD $LYFT $DB $AEM $CGC $TWTR $PINS  https://t.co/k3uyuEbRpJ", "likes_count": 0, "replies_count": 0, "retweets_count": 0, "hashtags": []}
{"id": 1140035033962618881, "date": "2019-06-15", "time": "19:15:07", "tweet": "$TGT $TSLA $BYND  Our BYND and TSLA trades making members crazy money! Here is another happy member! Up $50K since joining 2 weeks ago.  JOIN US Today! Room is filling up  https://t.co/utOj6xkLIG", "likes_count": 0, "replies_count": 0, "retweets_count": 0, "hashtags": []}
{"id": 1140034462690009088, "date": "2019-06-15", "time": "19:12:51", "tweet": "$NFLX $TSLA", "likes_count": 0, "replies_count": 0, "retweets_count": 0, "hashtags": []}
{"id": 1140034357576523776, "date": "2019-06-15", "time": "19:12:26", "tweet": "@TeslaCharts Am I the only one who reads \"Elon\" as \"Enron\" before realizing that it's just @elonmusk? $TSLAQ $TSLA", "likes_count": 2, "replies_count": 0, "retweets_count": 0, "hashtags": []}
{"id": 1140033573962993664, "date": "2019-06-15", "time": "19:09:19", "tweet": "Slow Sales In China Highlight Tesla's Demand Problem via @forbes #Tesla is dying a slow death and the industry has noticed.  $tsla $tslaq  https://t.co/bEZDhN1qlb", "likes_count": 2, "replies_count": 0, "retweets_count": 0, "hashtags": ["tesla"]}
{"id": 1140033049591025666, "date": "2019-06-15", "time": "19:07:14", "tweet": "We are getting closer &amp; closer to the Tesla Full Self Drive!  Tesla's New HW3 Self-Driving Computer — It's A Beast (CleanTechnica Deep Dive)  $TSLA #Tesla #HW3 #FSD  https://t.co/Ov38ZtKWzX", "likes_count": 182, "replies_count": 3, "retweets_count": 40, "hashtags": ["tesla", "hw3", "fsd"]}
{"id": 1140032897040166912, "date": "2019-06-15", "time": "19:06:38", "tweet": "@MyTsla @TeslaAgnostic No, I get it just carrying it further. 1/1 the market believed that $tsla had capacity to produce about 90k/q going possibly to 115k/q. After we get Q2 production it may look like only about 80k for the first 3 Qs. Even though official guidance is to deliver an average of 100k/q", "likes_count": 0, "replies_count": 0, "retweets_count": 0, "hashtags": []}
{"id": 1140032452192329728, "date": "2019-06-15", "time": "19:04:52", "tweet": "@MelaynaLokosky @CRASHLATRASHLA It's Italy, no?   $TSLA", "likes_count": 0, "replies_count": 0, "retweets_count": 0, "hashtags": []}
{"id": 1140031858861924352, "date": "2019-06-15", "time": "19:02:30", "tweet": "@dapstats Poor woman had the munchies after dabbing and you are giving her grief?  $TSLA", "likes_count": 3, "replies_count": 0, "retweets_count": 0, "hashtags": []}
{"id": 1140031797901844480, "date": "2019-06-15", "time": "19:02:16", "tweet": "$TSLA . Net Credit of over $2,600+ dollars profit within 2 hours.  Join Our Live Trading Group! We are speaking on how to profit every week using PUT or CALL Spreads! Check us out - see profile for link or DM me  https://t.co/uZnNN919cL", "likes_count": 0, "replies_count": 0, "retweets_count": 0, "hashtags": []}
{"id": 1140031283969634304, "date": "2019-06-15", "time": "19:00:13", "tweet": "Don't miss our next FREE OPTION TRADE.  Sign up for our Daily Free Trades at  https://t.co/iHG9t0vm8J $NVDA $TSLA $GS $C $WFC $GOOGL $FB", "likes_count": 0, "replies_count": 0, "retweets_count": 0, "hashtags": []}
{"id": 1140030737195962369, "date": "2019-06-15", "time": "18:58:03", "tweet": "@Polixenes13 Consider this Enron's gift to the masses. A piece of cake to the starving.  $TSLA", "likes_count": 3, "replies_count": 0, "retweets_count": 0, "hashtags": []}
{"id": 1140030581729665024, "date": "2019-06-15", "time": "18:57:26", "tweet": "Oh, geeze Fred: Another \"spy pic\" of a refried Mpdel 3? Slow Saturday? $TSLA $TSLAQ  \"Strange Tesla vehicle spotted near design studio, could it be a refresh prototype?\"  https://t.co/EQqluCYwh1", "likes_count": 3, "replies_count": 2, "retweets_count": 0, "hashtags": []}
{"id": 1140029120429957120, "date": "2019-06-15", "time": "18:51:37", "tweet": "@naval @eriktorenberg Elon tried that with $TSLA. remember the alien dreadnought? he failed, in that area, at least for now 🤷🏻‍♂️", "likes_count": 1, "replies_count": 1, "retweets_count": 0, "hashtags": []}
{"id": 1140028532036448257, "date": "2019-06-15", "time": "18:49:17", "tweet": "@Polixenes13 Who edits this drivel?  $tsla  \"Those prices seem to be holding pretty good, which is good news for owners.\"", "likes_count": 9, "replies_count": 2, "retweets_count": 0, "hashtags": []}
{"id": 1140028119576788992, "date": "2019-06-15", "time": "18:47:39", "tweet": "@BloodsportCap @tslaqpodcast Just finished listening to podcast. !st, given 3k miles of accent diversity, I will not comment on \"bestest, most beautifulest voice.\" 2nd, and certainly more important, this discussion has less to do with $TSLA and more to do with common sense. Lots here: Bulls &amp; Bears. $TSLAQ", "likes_count": 3, "replies_count": 2, "retweets_count": 1, "hashtags": []}
{"id": 1140027613806829568, "date": "2019-06-15", "time": "18:45:38", "tweet": "@cyber_wolf35 @vincent13031925 @28delayslater Dan N was effectively defending $tsla and taking heat from bears a few weeks earlier. CNBC is not one monolithic machine. There are personalities, egos, etc. No reason why they would be anti-tsla. CNBC personalities tend to be skeptical of bulls when SP is down and vice versa", "likes_count": 1, "replies_count": 1, "retweets_count": 0, "hashtags": []}
{"id": 1140025390590767104, "date": "2019-06-15", "time": "18:36:48", "tweet": "\"As these tests show, the plain superiority of electric propulsion is now starting to become quite evident.\"  https://t.co/FLeXfL2jIT $TSLA #Tesla", "likes_count": 1, "replies_count": 0, "retweets_count": 0, "hashtags": ["tesla"]}
{"id": 1140024856471310340, "date": "2019-06-15", "time": "18:34:41", "tweet": "@dapstats She wasn't using a fork was she? Because $TSLA longs use a fork to eat cereal.", "likes_count": 3, "replies_count": 0, "retweets_count": 0, "hashtags": []}
{"id": 1140024533950160901, "date": "2019-06-15", "time": "18:33:24", "tweet": "I would retweet this but so may $TSLAQ are blocking @SteveHamel16 and @vincent13031925 that it would be borderline pointless so I put the link up myself. $TSLA  https://t.co/kYJq6TG80h", "likes_count": 12, "replies_count": 4, "retweets_count": 5, "hashtags": []}
{"id": 1140023964778897409, "date": "2019-06-15", "time": "18:31:08", "tweet": "/1 $TSLA $TSLAQ Stuck in heavy SB I-5 traffic near Camp Pendleton... lady driving Tesla in Autopilot was EATING A BOWL OF CEREAL WHILE LETTING CAR DRIVE FOR HER  https://t.co/8GdVdmkU93", "likes_count": 6, "replies_count": 4, "retweets_count": 1, "hashtags": []}
{"id": 1140023699183230977, "date": "2019-06-15", "time": "18:30:05", "tweet": "ACTIVE TRADERS Try one of these FREE trading guides:   https://t.co/33x3KF0IvT  $NFLX $TSLA $AAPL $IBB $GS $FB $AMZN $GOOGL $NVDA", "likes_count": 0, "replies_count": 0, "retweets_count": 0, "hashtags": []}
{"id": 1140020780480245761, "date": "2019-06-15", "time": "18:18:29", "tweet": "Come on $TSLAQ try to beat this one up. You guys really aren’t doing homework and learning what and who @Tesla is. You are all just being critical little boy and girl bully’s! $TSLA #BEV @Lebeaucarnews", "likes_count": 1, "replies_count": 0, "retweets_count": 0, "hashtags": ["bev"]}
{"id": 1140020344067100672, "date": "2019-06-15", "time": "18:16:45", "tweet": "Check out REDUCED! NEW Versace Coffee/Tea Pot in Barocco Pattern 5.5 in - Barocco Pattern #Versace #Cafe #Tea #Espresso #Gold $T $VZ $BYND $Goog $DD $AMZN $FB $TSLA $MOMO $P   https://t.co/hrrqcQfOvd via @eBay", "likes_count": 1, "replies_count": 0, "retweets_count": 0, "hashtags": ["versace", "cafe", "tea", "espresso", "gold"]}
{"id": 1140018652365897729, "date": "2019-06-15", "time": "18:10:01", "tweet": "@vincent13031925 @28delayslater The ARK analysts have been on CNBC more than anyone else to discuss $tsla. Beleive me they trigger as many bears as any video triggers bulls. CNBC is generally slanted bullish as the ratings goes up when there is more interest in the stock  market.", "likes_count": 4, "replies_count": 2, "retweets_count": 0, "hashtags": []}
{"id": 1140017864524668935, "date": "2019-06-15", "time": "18:06:54", "tweet": "@horseFe69077641 @TroyTeslike Its actually cuts in little less than half . However, profits will matter because the prospect of hyper growth is over for now if Q2 is bad. The M3 was supposed to lead to high growth and profits. Now $tsla is prod 5k/wk &amp; not profitable &amp; the S needs retool like any other car co", "likes_count": 0, "replies_count": 0, "retweets_count": 0, "hashtags": []}
{"id": 1140016294424694784, "date": "2019-06-15", "time": "18:00:39", "tweet": "Doing text analysis as part of a school assignment and looking at a set of $TSLA tweets, the results have been more entertaining than I had ever hoped  https://t.co/Xh4qFY27h4", "likes_count": 5, "replies_count": 2, "retweets_count": 1, "hashtags": []}
{"id": 1140016103164243969, "date": "2019-06-15", "time": "17:59:54", "tweet": "Do me a favor, spend 12 mins to watch this video and it’s clearly show you:  WHY CBNC HATE TESLA STOCK &amp; ELON MUSK (one out of many reasons)  A huge MSM constantly lying about Tesla &amp; spreading FUD need to be call out!   ⚠️Retweet⚠️  $TSLA #Tesla #FUD   https://t.co/6mmCYpZjdf", "likes_count": 422, "replies_count": 36, "retweets_count": 170, "hashtags": ["tesla", "fud"]}
{"id": 1140016055974268929, "date": "2019-06-15", "time": "17:59:42", "tweet": "$tsla stock is going to the moon. #Bullish", "likes_count": 1, "replies_count": 0, "retweets_count": 0, "hashtags": ["bullish"]}
{"id": 1140015102474817538, "date": "2019-06-15", "time": "17:55:55", "tweet": "long $TSLA", "likes_count": 8, "replies_count": 0, "retweets_count": 1, "hashtags": []}
