{"id": 1178095809671380997, "date": "2019-09-28", "time": "19:55:03", "tweet": "OptionAlarm provides Option Swing Trade Alerts With REAL Results! Try It For 10 Days:  https://t.co/uYwUWVjJnP It's FREE! No Credit Card Required! $AMZN $NVDA $TSLA $BABA", "likes_count": 0, "replies_count": 0, "retweets_count": 0, "hashtags": []}
{"id": 1178095804440965120, "date": "2019-09-28", "time": "19:55:02", "tweet": "21 Tesla Model 3 secured for my son’s Birthday Goodie Bag for his friends.  #Tesla #TeslaChina #HotWheels #Model3 #特斯拉 #中国 $TSLA  https://t.co/edTOYVz1jR", "likes_count": 94, "replies_count": 6, "retweets_count": 3, "hashtags": ["tesla", "teslachina", "hotwheels", "model3", "特斯拉", "中国"]}
{"id": 1178095692079755264, "date": "2019-09-28", "time": "19:54:35", "tweet": "Has there been any discounts for red  model 3 cars? $TSLA $TSLAQ", "likes_count": 3, "replies_count": 1, "retweets_count": 0, "hashtags": []}
{"id": 1178095333689085958, "date": "2019-09-28", "time": "19:53:10", "tweet": "True. $TSLA $TSLAQ", "likes_count": 1, "replies_count": 0, "retweets_count": 0, "hashtags": []}
{"id": 1178093836884594690, "date": "2019-09-28", "time": "19:47:13", "tweet": "@elonmusk @tesla_truth How about a siren? $TSLA $TSLAQ  https://t.co/PTUOJn9Klf", "likes_count": 0, "replies_count": 0, "retweets_count": 0, "hashtags": []}
{"id": 1178093439071784960, "date": "2019-09-28", "time": "19:45:38", "tweet": "@TESLAcharts @Ctr4AutoSafety @PAVECampaign Maybe they're short?  Musk's greed is the biggest gift ever. It's so bizarrely, obviously stupid. I'm in awe. $tsla", "likes_count": 5, "replies_count": 0, "retweets_count": 0, "hashtags": []}
{"id": 1178093225694810114, "date": "2019-09-28", "time": "19:44:47", "tweet": "$TSLA $TSLAQ Whatever it takes, we have to stop this madness! NOW! Before some poor kid gets mowed down in a parking lot, or in an autopilot accident on a highway. OR even worse, if he gets away /w this: Why not AP on city streets for FSD rev recognition? He'll f***ing do it!", "likes_count": 3, "replies_count": 0, "retweets_count": 0, "hashtags": []}
{"id": 1178092775197138945, "date": "2019-09-28", "time": "19:43:00", "tweet": "@tesla_truth Comon.. I hold $TSLA stocks, but I don't hope people will use this and have Teslas drive around like that being obstacles in traffic...    I would horn if I were behind such a driver....   autopilot should be able to do much better...", "likes_count": 1, "replies_count": 1, "retweets_count": 0, "hashtags": []}
{"id": 1178092384225128448, "date": "2019-09-28", "time": "19:41:26", "tweet": "$TSLA $TSLAQ After seeing this self-summon catastrophe unfold, even worse than many of us predicted, I just can't stand idly by &amp; watch this anymore! Rolling in to a higher short pos by naked calls &amp; covered puts be damned! They've killed kids in Japan already, they'll kill more!", "likes_count": 1, "replies_count": 1, "retweets_count": 0, "hashtags": []}
{"id": 1178091560681893890, "date": "2019-09-28", "time": "19:38:10", "tweet": "Back to new home (since 3/19) Seattle. Nice sunny day, 1st snow on mountain tops besides Rainier, a 1st sight for me,  the Trusty old self-built computer, duel monitors. No more rapid alt-tabbing during the trading day. Time to fight fraud! Time to fight $TSLA. I've had enough!", "likes_count": 9, "replies_count": 1, "retweets_count": 0, "hashtags": []}
{"id": 1178091434777296896, "date": "2019-09-28", "time": "19:37:40", "tweet": "Driving in the middle of the road.  Stops late when another car approaches.  Tesla Smart Summon isn't in 'infancy' stage as this owner made note in comments, it's little past incubator stage which $TSLA is deceptively calling beta.  #Enhanced #Advanced  $TSLAQ  https://t.co/aV2aLmjWnh", "likes_count": 1, "replies_count": 0, "retweets_count": 0, "hashtags": ["enhanced", "advanced"]}
{"id": 1178091366599053314, "date": "2019-09-28", "time": "19:37:24", "tweet": "@EVNewsDaily @tesla_truth Comon.. I hold $TSLA stocks, but I don't hope people will use this and have Teslas drive around like that being obstacles in traffic...    I would horn if I were behind such a driver....   autopilot should be able to do much better...", "likes_count": 0, "replies_count": 0, "retweets_count": 0, "hashtags": []}
{"id": 1178091099136675840, "date": "2019-09-28", "time": "19:36:20", "tweet": "By job title she's #1, but yes at $TSLA she's further down the list in importance. Mainly because of poor governance and lack of a spine amongst the Board of Directors -of which she's the Chairperson.  By chance, did she mention anything about true #Tesla delivery numbers to you?", "likes_count": 9, "replies_count": 0, "retweets_count": 0, "hashtags": ["tesla"]}
{"id": 1178089522598486018, "date": "2019-09-28", "time": "19:30:04", "tweet": "ACTIVE TRADERS Try one of these FREE trading guides:   https://t.co/vegtnuYU2L  $NFLX $TSLA $AAPL $TWTR $GS $FB $AMZN $GOOGL $NVDA", "likes_count": 0, "replies_count": 0, "retweets_count": 0, "hashtags": []}
{"id": 1178089483608084480, "date": "2019-09-28", "time": "19:29:55", "tweet": "\"It's really timid, which is probably good,\" said this clueless Tesla Smart Summon user who doesn't understand a car randomly slowing down or stopping for no reason during beta testing is a fail.  #TeslaSummonIssues  $TSLA $TSLAQ #Enhanced #Advanced  https://t.co/Hid5CRdz9V", "likes_count": 4, "replies_count": 0, "retweets_count": 1, "hashtags": ["teslasummonissues", "enhanced", "advanced"]}
{"id": 1178088841724530694, "date": "2019-09-28", "time": "19:27:22", "tweet": "Fun face: Dylan Thomas’s “Do not go gentle into that good night” is a poem which is read at two out of every three funerals. $tsla $tslaq", "likes_count": 4, "replies_count": 0, "retweets_count": 0, "hashtags": []}
{"id": 1178088640443904000, "date": "2019-09-28", "time": "19:26:34", "tweet": "\"That got really close to that car right there.\" Oh well, shrug it off.  Tesla Smart Summon does not recognize parking lot white lines. The false sense of security from people who do not understand beta testing are a danger to themselves &amp; others. $TSLA $TSLAQ  https://t.co/vRRUKveT6L", "likes_count": 2, "replies_count": 0, "retweets_count": 0, "hashtags": []}
{"id": 1178088260331016193, "date": "2019-09-28", "time": "19:25:03", "tweet": "With past performance like this, how can you not sign up for a Free 7-day trial to  https://t.co/GMjEly4Brp? Winning Option Swing Trades Since 2006  $BABA $GOOGL $TSLA $BIDU", "likes_count": 0, "replies_count": 0, "retweets_count": 0, "hashtags": []}
{"id": 1178087857019211776, "date": "2019-09-28", "time": "19:23:27", "tweet": "Elon knows that ppl will abuse the tech, that's why he released it en masse over a weekend where the regulators will most likely create a cease and desist order to disable it and gives elon a narrative that Big Government stopped it and not him.  $TSLA $TSLAQ", "likes_count": 3, "replies_count": 0, "retweets_count": 0, "hashtags": []}
{"id": 1178086744807227392, "date": "2019-09-28", "time": "19:19:02", "tweet": "\"Don't mind me neighbors, lol\" this amused Tesla Smart Summon owners says as he beta tests in his neighborhood, in the middle of the street. #TeslaEntitlement  $TSLA $TSLAQ  #Enhance #Advanced  https://t.co/ckoIv37snv", "likes_count": 1, "replies_count": 1, "retweets_count": 0, "hashtags": ["teslaentitlement", "enhance", "advanced"]}
