{"id": 1091848136182493185, "date": "2019-02-02", "time": "18:57:35", "tweet": "This is why I'm short $TSLA", "likes_count": 1, "replies_count": 0, "retweets_count": 0, "hashtags": []}
{"id": 1091848050148921344, "date": "2019-02-02", "time": "18:57:15", "tweet": "Tesla retweeting customer satisfaction media reveals the percentage of owners that get utterly screwed all in the name of artificially holding down costs: $tsla  https://t.co/edniF8Ijwv", "likes_count": 2, "replies_count": 0, "retweets_count": 1, "hashtags": []}
{"id": 1091847480914919424, "date": "2019-02-02", "time": "18:54:59", "tweet": "At  https://t.co/mRlfBs33WD we explained what new high in $FTSE means for Indices and Yen group. #Elliottwave #Trading $SPX $BABA $TSLA $AAPL  https://t.co/hSHjjWD2kU", "likes_count": 0, "replies_count": 0, "retweets_count": 0, "hashtags": ["elliottwave", "trading"]}
{"id": 1091847448698466304, "date": "2019-02-02", "time": "18:54:51", "tweet": "@GerberKawasaki saving the planet should be enough for these ungrateful $TSLA owners. Hopefully the stock goes up a lot more next week because of how cheap their valuation is relative to other automakers  https://t.co/WcDJ2YGp1J", "likes_count": 1, "replies_count": 0, "retweets_count": 0, "hashtags": []}
{"id": 1091846479176785921, "date": "2019-02-02", "time": "18:51:00", "tweet": "Sounds lke #ElonMusk &amp; $TSLA will be RIGHT at home in #China...  h/t Apollo News  https://t.co/7TfO3ma32a", "likes_count": 0, "replies_count": 0, "retweets_count": 0, "hashtags": ["elonmusk", "china"]}
{"id": 1091846431067914240, "date": "2019-02-02", "time": "18:50:49", "tweet": "@GatorInvestor @XBIcallTSLAput @Latrilife Cars to be delivered are usually in charging area, mixed with service cars. 4 chargers. Cars are prepped inside. Service cars are detailed there, too. Home delivery is a possibility when a car with a temp tag leaves the DC, driven by a $TSLA tech. Home delivery relatively rare.", "likes_count": 1, "replies_count": 0, "retweets_count": 0, "hashtags": []}
{"id": 1091844839644090368, "date": "2019-02-02", "time": "18:44:29", "tweet": "@rocket_jenross @BrokenTesla @Skater_Ricky @Tesla @elonmusk @mayemusk If a $TSLA bull says \"God take the wheel\" are they thinking of Elon? 🤔 Could explain all the sleeping on AP...", "likes_count": 3, "replies_count": 1, "retweets_count": 0, "hashtags": []}
{"id": 1091844393277939713, "date": "2019-02-02", "time": "18:42:43", "tweet": "Tempe DC report by a careful observer. Thanks!  Note: Aug - Dec of 2018, Saturday was typically $TSLA AZ's busiest delivery day.", "likes_count": 11, "replies_count": 1, "retweets_count": 0, "hashtags": []}
{"id": 1091842343592964096, "date": "2019-02-02", "time": "18:34:34", "tweet": "@komms74 @stkbullgod $tsla.  That's an interesting question.  He hasn't left yet, and he was the CFO during the audit period.  Maybe he is signing the 10k?  I'm not sure.", "likes_count": 0, "replies_count": 0, "retweets_count": 0, "hashtags": []}
{"id": 1091842016584056833, "date": "2019-02-02", "time": "18:33:16", "tweet": "@nhparks @jeffersoniantoo @jdh @evdefender @TeslaCharts @elonmusk @tsrandall Great thread. I suspect AP aren't paid at a smooth rate. If $TSLA window dresses Q-end balance sheet and CF, they are timing AP payment for Q-start. Thus the cash balance should resemble a sawtooth pattern. Would also be consistent with low interest earned.", "likes_count": 2, "replies_count": 0, "retweets_count": 0, "hashtags": []}
{"id": 1091841829161570304, "date": "2019-02-02", "time": "18:32:32", "tweet": "@tab354 This change was due to a required FASB accounting rule change.  Page 9 of the March 10q lays out it's impact. Long story short, one time boost to equity of 620m and an ongoing 50 to 100 bps Auto GM boost that will continue until those RVG's are exhausted.  $tsla", "likes_count": 0, "replies_count": 0, "retweets_count": 0, "hashtags": []}
{"id": 1091841217770471424, "date": "2019-02-02", "time": "18:30:06", "tweet": "ACTIVE TRADERS Try one of these FREE trading guides:   https://t.co/1t2VPq6al4  $NFLX $TSLA $AAPL $IBB $GS $FB $AMZN $GOOGL $NVDA", "likes_count": 0, "replies_count": 0, "retweets_count": 0, "hashtags": []}
{"id": 1091839774678310913, "date": "2019-02-02", "time": "18:24:22", "tweet": "$TSLA needs to not only get above the 20 day moving average by break out of these wedges rather than break down like every other time  https://t.co/BKu6x7xyvz", "likes_count": 6, "replies_count": 2, "retweets_count": 3, "hashtags": []}
{"id": 1091839679308185600, "date": "2019-02-02", "time": "18:23:59", "tweet": "I’ve been on a self imposed twitter hiatus ever since a family member had a stroke the week before Christmas. Touch &amp;go for a while, had a lot of sleepless nights but theyre now on the road to recovery.   Happy new year to all &amp; especially @elonmusk &amp; @tesla employees.    $tsla", "likes_count": 77, "replies_count": 10, "retweets_count": 4, "hashtags": []}
{"id": 1091839269117804545, "date": "2019-02-02", "time": "18:22:21", "tweet": "@Timmahooooo Hola please find the unroll here: Thread by @XBIcallTSLAput: \"1/ Observed the $TSLA Tempe, AZ DC and Service Center today. Only DC in AZ, 1 of 2 AZ Service Centers. Open f […]\" #SGFReport  https://t.co/RIdSJp3YvQ Share this if you think it's interesting. 🤖", "likes_count": 0, "replies_count": 0, "retweets_count": 1, "hashtags": ["sgfreport"]}
{"id": 1091838994739011584, "date": "2019-02-02", "time": "18:21:16", "tweet": "@omarqazi @jasonsbishop @ATX_fight_club @eedougd @lorakolodny @CNBCtech @Tesla @BagholderQuotes @ARKInvest @TashaARK $tsla $tslaq On the same lines of \"always inverse logic\" take a moment to think what can go wrong with the future potential of @tesla ? Think the worst, assign probability to each and you will be surprised with what you come up with.", "likes_count": 0, "replies_count": 1, "retweets_count": 0, "hashtags": []}
{"id": 1091838306420252673, "date": "2019-02-02", "time": "18:18:32", "tweet": "@omarqazi @jasonsbishop @ATX_fight_club @eedougd @lorakolodny @CNBCtech @Tesla @BagholderQuotes @ARKInvest @TashaARK $tsla $tslaq Remember longs can max lose $300 and gain Infinite  Shorts have a potential to lose infinite but max gain of $300. When the trade off is this terrible for shorts, they likely put a lot off efforts in understanding the \"potential\". As Charlie M says, always INVERSE!", "likes_count": 0, "replies_count": 1, "retweets_count": 0, "hashtags": []}
{"id": 1091837767024181249, "date": "2019-02-02", "time": "18:16:23", "tweet": "6/ $TSLA has an Enterprise Value of over $62 billion dollars! I am admittedly bearish but what I saw today strengthened my conviction that the demand cliff is real and it’s spectacular. Observe your local DC from a safe distance (no need to go on property) and see for yourself.", "likes_count": 20, "replies_count": 3, "retweets_count": 2, "hashtags": []}
{"id": 1091837651068555269, "date": "2019-02-02", "time": "18:15:56", "tweet": "$IRNC 045 DO U LIKE MONEY? Was $3 months ago, INSIDERS own 66%!💸 $AAPL $CLDX $INTC $AMZN $MSFT $AKAM $CMCSA $PFE $MU $NFLX $NOK $XOM $UNH $DIS $HSY $NVDA $UNP $BAC $ORCL $WMT $CHK $GLUU $AKS $VZ $CTL $FCX $AMAT $TSLA $JPM $WFT $PTI $BIDU $MRK $BETR $AXP $RIG $HPQ $HD $C $T $S $F", "likes_count": 0, "replies_count": 0, "retweets_count": 0, "hashtags": []}
{"id": 1091837535603417088, "date": "2019-02-02", "time": "18:15:28", "tweet": "1/ #SGFReport Observed the $TSLA Tempe, AZ DC and Service Center today. Only DC in AZ, 1 of 2 AZ Service Centers. Open from 9-4 Saturday, closed on Sundays. I observed from 9-1. 68 degrees, beautiful weather.   Saw one delivery, a Silver M3 around 12:50pm.", "likes_count": 55, "replies_count": 5, "retweets_count": 2, "hashtags": ["sgfreport"]}
{"id": 1091837224188968960, "date": "2019-02-02", "time": "18:14:14", "tweet": "What a micro doser asks when a unicorn farts rainbows... $tsla", "likes_count": 0, "replies_count": 0, "retweets_count": 0, "hashtags": []}
{"id": 1091837110451982336, "date": "2019-02-02", "time": "18:13:47", "tweet": "@BertelSchmitt @ContrarianShort He really needs to get the guys from Fyre Festival onto the fundraising - a 6 year wait for one of the main actors to get out of prison may seem along time but no longer than it will take without their genius for parting gullible #millennials from their money. $TSLA @elonmusk", "likes_count": 1, "replies_count": 0, "retweets_count": 0, "hashtags": ["millennials"]}
{"id": 1091836833682477056, "date": "2019-02-02", "time": "18:12:41", "tweet": "Considering to buy $TSLA. Hmm", "likes_count": 0, "replies_count": 1, "retweets_count": 0, "hashtags": []}
{"id": 1091836811121491968, "date": "2019-02-02", "time": "18:12:35", "tweet": "$TSLA - Tesla Solar Shenanigans Continue  https://t.co/Ewap6t7uhR  https://t.co/teu1BkeRIh", "likes_count": 0, "replies_count": 0, "retweets_count": 0, "hashtags": []}
{"id": 1091834850774941696, "date": "2019-02-02", "time": "18:04:48", "tweet": "Long term. Short term. Daytrades. Automation. Whatever your trading needs, we can help.  https://t.co/ov1UQcBvdI #oott $TSLA $AAPL $NFLX", "likes_count": 0, "replies_count": 0, "retweets_count": 1, "hashtags": ["oott"]}
{"id": 1091834172996411393, "date": "2019-02-02", "time": "18:02:06", "tweet": "Wonder if it's the same for suspected Tesla $TSLA Elon Musk astroturfing bots?", "likes_count": 0, "replies_count": 0, "retweets_count": 0, "hashtags": []}
{"id": 1091833792338321408, "date": "2019-02-02", "time": "18:00:36", "tweet": "@SteveHamel16 @bonnienorman It's so funny I feel like the picked the nicest, smartest, funniest, least offensive $TSLA bulls. I've seen antagonistic pro-Tesla accounts but they are not here.", "likes_count": 11, "replies_count": 2, "retweets_count": 0, "hashtags": []}
{"id": 1091832866680524801, "date": "2019-02-02", "time": "17:56:55", "tweet": "He's running. $TSLA", "likes_count": 1, "replies_count": 2, "retweets_count": 0, "hashtags": []}
{"id": 1091832811567251456, "date": "2019-02-02", "time": "17:56:42", "tweet": "Could be, could be. $tslaQ $TSLA", "likes_count": 3, "replies_count": 0, "retweets_count": 0, "hashtags": []}
{"id": 1091831834890055680, "date": "2019-02-02", "time": "17:52:49", "tweet": "@bonnienorman Happy to engage any honest $TSLA bulls. 2 things are prima facie evidence of bad faith for me: 1) Participating in or defending doxxing, or going after people's employers to silence them. Billionaires shouldn't play by a special set of rules by making spurious lawsuit threats. 1/", "likes_count": 5, "replies_count": 2, "retweets_count": 0, "hashtags": []}
{"id": 1091829849445068801, "date": "2019-02-02", "time": "17:44:55", "tweet": "Curious to see $tsla energy revenue dynamic as GWh of storage accelerates. Already have clues but this will be the year to extrapolate forecast via GWh deployed to Rev expectations, and properly factor battery cost declines. Exciting as this S curve develops.  https://t.co/65Y7EfmoQs", "likes_count": 0, "replies_count": 0, "retweets_count": 0, "hashtags": []}
{"id": 1091828210348773377, "date": "2019-02-02", "time": "17:38:25", "tweet": "$TSLA - Tesla, Inc. (TSLA) CEO Elon Musk on Q4 2018 Results - Earnings Call Transcript  https://t.co/kPstgwbbJ7", "likes_count": 0, "replies_count": 0, "retweets_count": 0, "hashtags": []}
{"id": 1091828168414109696, "date": "2019-02-02", "time": "17:38:15", "tweet": "$TSLA", "likes_count": 1, "replies_count": 0, "retweets_count": 1, "hashtags": []}
{"id": 1091828125804023808, "date": "2019-02-02", "time": "17:38:05", "tweet": "Tune out noise. 99% #twitter 1%  listen to:  @tr3ndyjon follow, join room &amp; reap rewards.  @theycallmetex smart, insightful, no nonsense  #knowyourlevels #makemoney #makeitrain #workurplan #patience $NDX $DIA $SPX $SPY $QQQ $IWM $NDX $TSLA $FB $AAPL $AMZN $NVDA $NFLX $GOOG  #FANG", "likes_count": 1, "replies_count": 0, "retweets_count": 0, "hashtags": ["twitter", "knowyourlevels", "makemoney", "makeitrain", "workurplan", "patience", "fang"]}
{"id": 1091827771112857601, "date": "2019-02-02", "time": "17:36:40", "tweet": "@Andreas_Hopf Leaf is at 346 which makes sense I guess. Pricewise it is in the segment where most operational lease happens. That’s where $tsla needs to get.", "likes_count": 0, "replies_count": 0, "retweets_count": 0, "hashtags": []}
{"id": 1091827601557975041, "date": "2019-02-02", "time": "17:36:00", "tweet": "$TSLA  $FB  https://t.co/jOdDKT6GUH", "likes_count": 0, "replies_count": 0, "retweets_count": 0, "hashtags": []}
{"id": 1091826232847683585, "date": "2019-02-02", "time": "17:30:33", "tweet": "@RustyBiggs1 Based upon how the stock trades, this must be incredibly bullish for the near-term share price performance of $TSLA", "likes_count": 9, "replies_count": 0, "retweets_count": 0, "hashtags": []}
{"id": 1091826112370540545, "date": "2019-02-02", "time": "17:30:04", "tweet": "ACTIVE TRADERS Try one of these FREE trading guides:   https://t.co/OKcciIPlQB  $NFLX $TSLA $AAPL $JWN $GS $FB $AMZN $GOOGL $NVDA", "likes_count": 0, "replies_count": 0, "retweets_count": 0, "hashtags": []}
{"id": 1091825503370043393, "date": "2019-02-02", "time": "17:27:39", "tweet": "@incentives101 @elonmusk @Tesla Given even only what we know today, I can't believe the massive potential for autonomy is not incorporated into the current valuation of $TSLA. @elonmusk even said on the cc that it doesn't make sense how anyone else will be able to compete with Tesla.", "likes_count": 0, "replies_count": 0, "retweets_count": 0, "hashtags": []}
{"id": 1091825197630418944, "date": "2019-02-02", "time": "17:26:26", "tweet": "Cant quite make up his mind, is he moderate, socialist, scientist, auto maker, rocket launcher, hole digger, flamethrower, lover of memes?  We all agree tho that he is no genius... $tsla", "likes_count": 0, "replies_count": 0, "retweets_count": 0, "hashtags": []}
{"id": 1091823842920677376, "date": "2019-02-02", "time": "17:21:03", "tweet": "@TeslaPodcast @TeslaOpinion Agreed, will need more time with the nrs but the more time@past the lower the M3 price but it will be offset by higher margins so assume the same margin or even higher is prudent - also 3k M3 Q4 &amp; solar &amp; 🔋 surprises can also occure so 35B is not totally crazy $tsla", "likes_count": 0, "replies_count": 0, "retweets_count": 0, "hashtags": []}
{"id": 1091823453869621249, "date": "2019-02-02", "time": "17:19:31", "tweet": "$TSLA - Tesla Q4 Raises Growth Concerns  https://t.co/yKZpp8kBPe", "likes_count": 0, "replies_count": 0, "retweets_count": 0, "hashtags": []}
{"id": 1091823259463680000, "date": "2019-02-02", "time": "17:18:44", "tweet": "$TSLA - Tesla -2% with CFO changeover in the spotlight  https://t.co/ulHY0TwQdS", "likes_count": 0, "replies_count": 0, "retweets_count": 0, "hashtags": []}
{"id": 1091822265883287552, "date": "2019-02-02", "time": "17:14:47", "tweet": "Haha  Hey @elonmusk, does this remind you of anything? $tsla", "likes_count": 0, "replies_count": 0, "retweets_count": 0, "hashtags": []}
{"id": 1091821898621767680, "date": "2019-02-02", "time": "17:13:20", "tweet": "Take some time and watch this video, it could (literally) save you piles of money now and in the future. Knowledge is power! Watch the video here -  https://t.co/ZX20dQPWdX #trading #brokers #savemoney #worksmarternotharder #onlinebroker $TSLA $AMZN $FB $TWTR $FNMA $CRON $CGC $ACB  https://t.co/wADB8eRRDr", "likes_count": 3, "replies_count": 0, "retweets_count": 1, "hashtags": ["trading", "brokers", "savemoney", "worksmarternotharder", "onlinebroker"]}
{"id": 1091821661198970881, "date": "2019-02-02", "time": "17:12:23", "tweet": "$TSLA - Tesla: Q4 Validates The Bull Thesis  https://t.co/UlBxCsJXag", "likes_count": 0, "replies_count": 0, "retweets_count": 0, "hashtags": []}
{"id": 1091821351172796416, "date": "2019-02-02", "time": "17:11:09", "tweet": "$TSLA - Tesla Solar Shenanigans Continue  https://t.co/WSNz4s3wvh  https://t.co/RwTwyUIAYW", "likes_count": 0, "replies_count": 0, "retweets_count": 0, "hashtags": []}
{"id": 1091821098474393600, "date": "2019-02-02", "time": "17:10:09", "tweet": "Openly fraudulent, too. $tsla", "likes_count": 1, "replies_count": 0, "retweets_count": 0, "hashtags": []}
{"id": 1091820828046569473, "date": "2019-02-02", "time": "17:09:05", "tweet": "Here are the 3 Ways You Can Keep The Trading Losses to Minimum - $AAPL $TSLA $BABA $AMD $NVDA #bitcoin  https://t.co/MLGwB9sFHG", "likes_count": 0, "replies_count": 0, "retweets_count": 1, "hashtags": ["bitcoin"]}
{"id": 1091819743844085762, "date": "2019-02-02", "time": "17:04:46", "tweet": "@IsTeslaWorth0 @elonmusk Land on Mars Secured! Starting at $420 per sq foot... $tsla", "likes_count": 1, "replies_count": 0, "retweets_count": 0, "hashtags": []}
{"id": 1091819121220702208, "date": "2019-02-02", "time": "17:02:18", "tweet": "@fly4dat Well-sourced rumors of scaling back production at the Gigafactory. Something's gotta give soon. Next stop on the Grown-Up $TSLA Train is Feb 15 $48MM interest payment on 5.3% bonds. But I fully expect Tesla to blow right through that one &amp; through the March 1 converts as well.", "likes_count": 6, "replies_count": 1, "retweets_count": 0, "hashtags": []}
{"id": 1091819026026614784, "date": "2019-02-02", "time": "17:01:55", "tweet": "@NuovaRealta @zshahan3 $TSLA Do you remember who did the Rev growth Charts like this ? i think that there was a Googl as well but I only screenshot one. Please embed creator on your charts.  https://t.co/tHc3nQJrAy", "likes_count": 0, "replies_count": 0, "retweets_count": 0, "hashtags": []}
{"id": 1091818876789239809, "date": "2019-02-02", "time": "17:01:19", "tweet": "$TSLA  new alert at  https://t.co/A7qrDarJHY  #stocks #daytrading  #NYSE #NASDAQ #market 2530", "likes_count": 0, "replies_count": 0, "retweets_count": 0, "hashtags": ["stocks", "daytrading", "nyse", "nasdaq", "market"]}
{"id": 1091818869902196737, "date": "2019-02-02", "time": "17:01:18", "tweet": "$TSLA  new alert at  https://t.co/A7qrDarJHY  #stocks #daytrading  #NYSE #NASDAQ #market 2529", "likes_count": 0, "replies_count": 0, "retweets_count": 0, "hashtags": ["stocks", "daytrading", "nyse", "nasdaq", "market"]}
{"id": 1091818752298102790, "date": "2019-02-02", "time": "17:00:50", "tweet": "$TSLA @markbspiegel  @fly4dat", "likes_count": 2, "replies_count": 0, "retweets_count": 0, "hashtags": []}
{"id": 1091818629795119109, "date": "2019-02-02", "time": "17:00:21", "tweet": "Don't miss our next FREE OPTION TRADE.  Sign up for our Daily Free Trades at  https://t.co/Wti63c7w4Q $NVDA $TSLA $GS $REGN $BAC $GOOGL $FB", "likes_count": 0, "replies_count": 0, "retweets_count": 0, "hashtags": []}
{"id": 1091818538388447232, "date": "2019-02-02", "time": "16:59:59", "tweet": "$TSLA hmmm..   Tesla Model 3 Owners Vent About Polar Vortex Affecting Cars   https://t.co/lhIl0vFhFp", "likes_count": 0, "replies_count": 0, "retweets_count": 0, "hashtags": []}
{"id": 1091817767299366912, "date": "2019-02-02", "time": "16:56:55", "tweet": "$TSLA - 3 Key Things On The Tesla Numbers  https://t.co/4iYHMgDdLx", "likes_count": 1, "replies_count": 0, "retweets_count": 0, "hashtags": []}
{"id": 1091817706016239617, "date": "2019-02-02", "time": "16:56:40", "tweet": "Duct tape secured! $TSLA $TSLAQ #DuctTapeTesla  https://t.co/KPoYauuk0L", "likes_count": 1, "replies_count": 0, "retweets_count": 0, "hashtags": ["ducttapetesla"]}
{"id": 1091817659379916801, "date": "2019-02-02", "time": "16:56:29", "tweet": "@ValueAnalyst1 @incentives101 @elonmusk @Tesla I’m surprised Elon didn’t mention that autonomy is a vital part of transitioning the world to clean energy. Miles driven by the current 1.5bn ICE car fleet can be replaced by just 300-400m EVs if we have driverless cars. Autonomy massively accelerates the end of oil use. $TSLA", "likes_count": 8, "replies_count": 7, "retweets_count": 2, "hashtags": []}
