{"id": 1200925999468290048, "date": "2019-11-30", "time": "18:54:05", "tweet": "@pbreit @JonBryant421 You’ve been Musked, and understand as Lil about finance &amp; securities analysis as anticipated.  merely showing proxies for free cash flow, not actual cash generation.  $tsla classifies lots of capex as financing leases. Without subtracting those out, you aren’t calculating FCF.", "likes_count": 1, "replies_count": 0, "retweets_count": 0, "hashtags": []}
{"id": 1200925109978050565, "date": "2019-11-30", "time": "18:50:32", "tweet": "Checking all these stocks called from their lows about 6 months ago to current level: $TSLA $180. $BMY $42. $CNC $42.50.  $CBS $53. $AAPL $180. $PM $71.  $JWN $25. $ALL $95. $EA $88. $ABBV $64. $AMGN $170. $LLY $105.   $DIS $107.  Recently, $FB $191.  $BABA  $182. @OptionsPastor", "likes_count": 2, "replies_count": 1, "retweets_count": 3, "hashtags": []}
{"id": 1200924511295680514, "date": "2019-11-30", "time": "18:48:10", "tweet": "Yearly P/L on $BYND &amp; $TSLA.  https://t.co/6PM6rUDbYL", "likes_count": 10, "replies_count": 4, "retweets_count": 1, "hashtags": []}
{"id": 1200922785066782720, "date": "2019-11-30", "time": "18:41:18", "tweet": "My bad, my bad. I wrote \"for a product that's designed to generate a stock pump.\"  I was wrong, obviously.   I should have written \"for an ANNOUNCEMENT that's designed to generate a stock pump via $100 fully-refundable deposits.\"  Apologies for the confusion. $TSLA $TSLAQ 🤓😎🤣", "likes_count": 0, "replies_count": 0, "retweets_count": 1, "hashtags": []}
{"id": 1200922738245980163, "date": "2019-11-30", "time": "18:41:07", "tweet": "Add the Solar Tiles and the pattern is clear. Announce with big fanfare stones lights cameras action products that don’t exist to pump the stock. When will people learn $tsla $tslaq", "likes_count": 0, "replies_count": 3, "retweets_count": 1, "hashtags": []}
{"id": 1200922418711150593, "date": "2019-11-30", "time": "18:39:51", "tweet": "Hey, $TSLAQ 🤡 and @Mercedes exec WPipperger: how much market research did your employer @Daimler do before deciding to install defeat devices in all of their diesel cars?   https://t.co/p1dYOhoKlJ: \" suspicious defeat devices have been discovered in more @Mercedes models.\" $TSLA  https://t.co/D19uqyr0W9", "likes_count": 27, "replies_count": 2, "retweets_count": 7, "hashtags": []}
{"id": 1200921318427779072, "date": "2019-11-30", "time": "18:35:29", "tweet": "Also:  https://t.co/hkQYaQLgjq which is a general EV problem, but since $TSLA only has EVs while others can offer plug-in hybrids (and ICE vehicles) as the market realizes that EVs don't afford any flexibility in travel plans, this is a strategic weakness. $TSLAQ", "likes_count": 1, "replies_count": 0, "retweets_count": 1, "hashtags": []}
{"id": 1200920411438866433, "date": "2019-11-30", "time": "18:31:52", "tweet": "Why would you do customer research for a product that's designed to generate a stock pump via $100 fully-refundable \"deposits\"? $TSLA $TSLAQ  Also, since the Model 3 (unveiled 2016), Tesla has announced the Y, the Semi, and now the Cybertruck… but produced zero for sale… 🤔🤨", "likes_count": 1, "replies_count": 1, "retweets_count": 1, "hashtags": []}
{"id": 1200920125865508864, "date": "2019-11-30", "time": "18:30:44", "tweet": "@laurenEconnell @Tesla $TSLAQ With the thousands, actually millions, more cars of other companies out there why do we hear of many more customer service issues like this with $TSLA?", "likes_count": 0, "replies_count": 0, "retweets_count": 1, "hashtags": []}
{"id": 1200919974547771392, "date": "2019-11-30", "time": "18:30:08", "tweet": "ACTIVE TRADERS Try one of these FREE trading guides:   https://t.co/XUh2Wcb880  $NFLX $TSLA $AAPL $IBB $GS $FB $AMZN $GOOGL $NVDA", "likes_count": 0, "replies_count": 0, "retweets_count": 0, "hashtags": []}
{"id": 1200919803701141504, "date": "2019-11-30", "time": "18:29:27", "tweet": "@WSJ he didn’t launch it. he drove onto the stage an ill-conceived, hastily cobbled together albatross that dismayed even the most die-hard $tsla lemmings. then, due to a near-zero deposit/zero commitment process, booked a bunch of “reservations” that elon tweeted about. $tslaq", "likes_count": 8, "replies_count": 0, "retweets_count": 1, "hashtags": []}
{"id": 1200918865531822080, "date": "2019-11-30", "time": "18:25:44", "tweet": "Perhaps the most telling examples of the poor quality of $TSLA manufacturing ...   The sheer number of supercharger stations that are out of action or broken across the US ...   $TSLAQ", "likes_count": 5, "replies_count": 0, "retweets_count": 1, "hashtags": []}
{"id": 1200918035621699585, "date": "2019-11-30", "time": "18:22:26", "tweet": "🤦‍♂️ Because, Wall Street Journal, it’s not a real product.  @WSJ $TSLAQ #Tesla #CyberTruck $TSLA  https://t.co/5rcNWNjspr", "likes_count": 6, "replies_count": 2, "retweets_count": 1, "hashtags": ["tesla", "cybertruck"]}
{"id": 1200918012133380098, "date": "2019-11-30", "time": "18:22:20", "tweet": "Also interesting... the 3 year look of implied volatility of Tesla $TSLA $TSLAQ. Thanks @ivolatility for the great charts  https://t.co/ci4OYkFEHm", "likes_count": 2, "replies_count": 2, "retweets_count": 1, "hashtags": []}
{"id": 1200917953346076674, "date": "2019-11-30", "time": "18:22:06", "tweet": "@Paul91701736 @shai_machnes Yes very close. But $420 #fundingsecured was outright illegal fraud. Calling a refundable $100 an “order” simply typical Elon hyperbole that $TSLA fanboys seize upon and others should see for what it is. $TSLAQ", "likes_count": 1, "replies_count": 1, "retweets_count": 1, "hashtags": ["fundingsecured"]}
{"id": 1200917741823254528, "date": "2019-11-30", "time": "18:21:16", "tweet": "Evening Most Tweeted Big Caps, check out Gambiste Top 10: $TSLA $CVNA $TWTR $WORK $SHOP $ROKU $UBER $DB $AMD $CRWD  https://t.co/k3uyuEbRpJ", "likes_count": 0, "replies_count": 0, "retweets_count": 0, "hashtags": []}
{"id": 1200916850378301442, "date": "2019-11-30", "time": "18:17:43", "tweet": "Interesting. Check out the implied volatility of Tesla $TSLA $TSLAQ  https://t.co/DlOsq7OqYK", "likes_count": 3, "replies_count": 1, "retweets_count": 1, "hashtags": []}
{"id": 1200916423327014912, "date": "2019-11-30", "time": "18:16:01", "tweet": "@wallstreetelix5 What happened to $tsla 315 puts?", "likes_count": 0, "replies_count": 2, "retweets_count": 1, "hashtags": []}
{"id": 1200915682914979841, "date": "2019-11-30", "time": "18:13:05", "tweet": "@TweeterTweaker Because $TSLA made them", "likes_count": 21, "replies_count": 0, "retweets_count": 0, "hashtags": []}
{"id": 1200914548456165376, "date": "2019-11-30", "time": "18:08:34", "tweet": "Hey $tslaq, why is it that so many $tsla superchargers fail?  They are all solid state with a simple operation.  I get the lack of infrastructure spend but I would think these things should last a long time w/o failing.  Thoughts?", "likes_count": 28, "replies_count": 9, "retweets_count": 3, "hashtags": []}
{"id": 1200913731078635521, "date": "2019-11-30", "time": "18:05:20", "tweet": "@tanthallas @CNBC @CNBCMakeIt Lord of the Flies, i bet his employees have reaped the \"benefits\" from this book... $TSLA $TSLAQ", "likes_count": 0, "replies_count": 0, "retweets_count": 0, "hashtags": []}
{"id": 1200912800534548480, "date": "2019-11-30", "time": "18:01:38", "tweet": "Me watching Tesla accelerate the world’s transition to sustainable energy  @elonmusk @Tesla $TSLA     https://t.co/l1dJjQkdjs", "likes_count": 2, "replies_count": 0, "retweets_count": 0, "hashtags": []}
{"id": 1200912497458311168, "date": "2019-11-30", "time": "18:00:25", "tweet": "@shai_machnes Pre orders suggest only 250k (and if one believes multiple orders) perhaps only 50-100k fanboys have loaned (refundable) $TSLA $100/slot for a reservation several years down the road. Even M3 deposits were 10x that amount at $1000 or $TSLAQ were deposits even more costly?", "likes_count": 0, "replies_count": 2, "retweets_count": 0, "hashtags": []}
{"id": 1200911674829611008, "date": "2019-11-30", "time": "17:57:09", "tweet": "$TSLA has strong horizontal support &amp; #Fibonacci window. $327 is the key level to watch for a #short below or #long above  https://t.co/9ZbVoMG7Ie", "likes_count": 0, "replies_count": 0, "retweets_count": 0, "hashtags": ["fibonacci", "short", "long"]}
{"id": 1200911043242778624, "date": "2019-11-30", "time": "17:54:39", "tweet": "@mark1paul Before the open, I scan premarket for stocks gapping up on earnings and look at the chart to see if any of them have a BFBGU pattern. Caught some recently, like $DIS $SAP $EVBG $TSLA etc.", "likes_count": 1, "replies_count": 1, "retweets_count": 0, "hashtags": []}
{"id": 1200909863208882176, "date": "2019-11-30", "time": "17:49:57", "tweet": "Postcard from the Real World. $tslaQ $TSLA &gt;series gallery  https://t.co/2SuIMxADiF  https://t.co/GScOsJpO3u", "likes_count": 4, "replies_count": 1, "retweets_count": 0, "hashtags": []}
{"id": 1200909826269818880, "date": "2019-11-30", "time": "17:49:49", "tweet": "$INPX OVERSOLD 52WKH 5.93! SHORT SQUEEZE!🍾🛒✈💸📈 $ACB $APHA $CRON $TRTC $CANN $GWPH $MCIG $MJNA $AMMJ $GRNH $CARA $CANA $CGRW $CBDS $CLSH $CODI $CVSI $DIGP  $MDCL $MNTR $MJNE $MYDX $NMUS $NTRR $NHLE $NDEV $OXIS $PRRE $RMHB $SPRWF $SRNA $TLRY $CAT $TSLA $GS $MGM $JNJ $PFE $MRK", "likes_count": 0, "replies_count": 0, "retweets_count": 0, "hashtags": []}
{"id": 1200908932266549248, "date": "2019-11-30", "time": "17:46:15", "tweet": "$TSLA - Bro, I think you are the only one who thinks you are getting compensation.  This was a belly laugh for the Tesla Service Centers.", "likes_count": 1, "replies_count": 0, "retweets_count": 0, "hashtags": []}
{"id": 1200908620713607168, "date": "2019-11-30", "time": "17:45:01", "tweet": "$INPX OVERSOLD 52WKH 5.93! SHORT SQUEEZE!🛒💸📈 $spy $vrus $vyst $siml $amzn $cbbt $goog $laho $tsla $qqq $erbb $cwnr $fb $sbux $spx $f $msft $jaco $ttcm $bynd $cur $carb $hbio $twtr $gsb $powi $mhk $manh $amrn $kblb $pctl $alpp $xrp $obln $aapl $c $Tsla $fb $s $f $t $acas $cat", "likes_count": 1, "replies_count": 0, "retweets_count": 0, "hashtags": []}
{"id": 1200908151660396547, "date": "2019-11-30", "time": "17:43:09", "tweet": "$INPX OVERSOLD 52WKH 5.93!  SHORT SQUEEZE 💸📈 $SPY $SPX $QQQ $ES_F $NQ_F $RTY_F $ZB_F $GC_F $NDX $RUT $AAPL $NFLX $AMZN $TSLA $FB $MSFT $DIA $NDX $IWM $QCOM $GDX $DAX $BYND $TWTR $GLD $SLV $GE_F $BABA $TLT $LYFT $VXX $TVIX $VIX $XLE $XOM $JPM $GS $GOOG $DIS $IBM #Options", "likes_count": 0, "replies_count": 1, "retweets_count": 0, "hashtags": ["options"]}
{"id": 1200905925562904577, "date": "2019-11-30", "time": "17:34:19", "tweet": "🚨🚨Tesla announces new CyberBus !!  $TSLA $TSLAQ  https://t.co/Z2xKfLZQU6", "likes_count": 1, "replies_count": 0, "retweets_count": 0, "hashtags": []}
{"id": 1200905738022834177, "date": "2019-11-30", "time": "17:33:34", "tweet": "$TSLA City.", "likes_count": 11, "replies_count": 1, "retweets_count": 2, "hashtags": []}
{"id": 1200905297176473600, "date": "2019-11-30", "time": "17:31:49", "tweet": "Sad story bro.  #TeamElon $TSLA #TeslaServiceIssues", "likes_count": 4, "replies_count": 1, "retweets_count": 0, "hashtags": ["teamelon", "teslaserviceissues"]}
{"id": 1200905160437964800, "date": "2019-11-30", "time": "17:31:16", "tweet": "Tesla supercharger network congestion raises readiness questions $TSLA $TSLAQ  https://t.co/Wc6JtGxAJK", "likes_count": 5, "replies_count": 1, "retweets_count": 2, "hashtags": []}
{"id": 1200905068423385088, "date": "2019-11-30", "time": "17:30:54", "tweet": "$INPX OVERSOLD 52WKH 5.93! SHORT SQUEEZE 💸📈 $AAPL $GOOG $AMZN $QQQ $MSFT $TSLA $AMD $NVDA $QCOM $NFLX $INTC $CSCO $NXPI $TQQQ $TLT $WDC $ADBE $BKNG #stocks $TWLO $CRON $ACB $FB $TSLA $ATEC $HEB $TTCM $AMRN $NOVN $GNMX $NWBO $VERB $DAVC $WATT $T $IRNC $LEAS $VSHC $SNPW $T $S", "likes_count": 0, "replies_count": 0, "retweets_count": 0, "hashtags": ["stocks"]}
{"id": 1200904897455120384, "date": "2019-11-30", "time": "17:30:13", "tweet": "$TSLA - Yes.    Tesla (TSLA) Has More 'Vaporware' Products Than Real Products - Analyst  https://t.co/CtHaumWTNc", "likes_count": 1, "replies_count": 0, "retweets_count": 0, "hashtags": []}
{"id": 1200904867864334337, "date": "2019-11-30", "time": "17:30:06", "tweet": "ACTIVE TRADERS Try one of these FREE trading guides:   https://t.co/scCmyY1Gyu  $NFLX $TSLA $AAPL $JWN $GS $FB $AMZN $GOOGL $NVDA", "likes_count": 0, "replies_count": 0, "retweets_count": 0, "hashtags": []}
{"id": 1200904015506067456, "date": "2019-11-30", "time": "17:26:43", "tweet": "Bummer bro.  $TSLA #TeslaSuperChargerIssues", "likes_count": 1, "replies_count": 1, "retweets_count": 0, "hashtags": ["teslasuperchargerissues"]}
{"id": 1200904011504701442, "date": "2019-11-30", "time": "17:26:42", "tweet": "@anthonythompson @ShortingIsFun Purposeful damage to someone else's property is illegal, good thing you refrained... $TSLA $TSLAQ", "likes_count": 3, "replies_count": 1, "retweets_count": 0, "hashtags": []}
{"id": 1200903898497609729, "date": "2019-11-30", "time": "17:26:15", "tweet": "Traveling can suck for $TSLA owners, for sure.  #TeslaSuperChargerIssues", "likes_count": 6, "replies_count": 0, "retweets_count": 1, "hashtags": ["teslasuperchargerissues"]}
