{"id": 1134972724248317952, "date": "2019-06-01", "time": "19:59:18", "tweet": "Who is this Chamath that I've been seeing in my feed today?  He sounds like the smartest guy in the room. $tsla $TSLAQ    @chamath", "likes_count": 2, "replies_count": 0, "retweets_count": 0, "hashtags": []}
{"id": 1134972706112204800, "date": "2019-06-01", "time": "19:59:14", "tweet": "@chamath @BloodsportCap @mcuban Someone's sour, you must have a boatload of underwater $TSLA bonds  https://t.co/2UNSNIXKWm", "likes_count": 3, "replies_count": 0, "retweets_count": 0, "hashtags": []}
{"id": 1134972158646505472, "date": "2019-06-01", "time": "19:57:04", "tweet": "The important bit is the last sentence. Self-censorship to avoid expressing an honest opinion, perhaps to avoid getting into another celebrity’s crosshairs. This is why so much injustice exists. Why people kneel. Why women are fed up. Why fraud exists.  $TSLA $TSLAQ", "likes_count": 2, "replies_count": 0, "retweets_count": 0, "hashtags": []}
{"id": 1134971681150255105, "date": "2019-06-01", "time": "19:55:10", "tweet": "@chamath @BloodsportCap @mcuban The $tsla convert “sits on top of the equity and all the other debt”?  That’s part of your investment recommendation?  Congrats on your early investment in $FB. Now please stop talking publicly about finance, it’s an embarrassment to us all, (mostly you).", "likes_count": 55, "replies_count": 0, "retweets_count": 1, "hashtags": []}
{"id": 1134971654864547840, "date": "2019-06-01", "time": "19:55:03", "tweet": "OptionAlarm provides Option Swing Trade Alerts With REAL Results! Try It For 10 Days:  https://t.co/CErThFvhHa It's FREE! No Credit Card Required! $AMZN $NVDA $TSLA $BABA", "likes_count": 0, "replies_count": 0, "retweets_count": 0, "hashtags": []}
{"id": 1134971642055184384, "date": "2019-06-01", "time": "19:55:00", "tweet": "Okay, respect where it’s due. @chamath did actually call my cell phone that one time I tried to explain to him why he will be a $TSLAQ bagholder despite him owning magic bonds. He also apparently has a sense of humor.   $TSLA  https://t.co/wvCKFhxKD7", "likes_count": 5, "replies_count": 0, "retweets_count": 0, "hashtags": []}
{"id": 1134971222553497600, "date": "2019-06-01", "time": "19:53:20", "tweet": "$NFLX monthly time frame, 375 area failed hard forming sell signal. $AAPL $TSLA $DJI $NVDA $NVDA $DIS  https://t.co/JDHPqTCUBv", "likes_count": 0, "replies_count": 0, "retweets_count": 0, "hashtags": []}
{"id": 1134971053518786560, "date": "2019-06-01", "time": "19:52:40", "tweet": "@chamath @MarkGutman9 @BloodsportCap @mcuban Holding $TSLA bonds they are going to lose damn near everything. Perhaps retain 40c on the dollar. $TSLAQ", "likes_count": 4, "replies_count": 0, "retweets_count": 0, "hashtags": []}
{"id": 1134970972254146561, "date": "2019-06-01", "time": "19:52:21", "tweet": "Serious question - what happens to Tesla vehicles if $TSLA goes bankrupt? Not saying it will or it won’t, but what are your thoughts on the future of the vehicles if the company does go under?", "likes_count": 2, "replies_count": 3, "retweets_count": 0, "hashtags": []}
{"id": 1134970752288120835, "date": "2019-06-01", "time": "19:51:28", "tweet": "There’s a billionaire CEO who allegedly uses his mom’s Twitter account.  And the company account. Allegedly. $TSLA $TSLAQ  https://t.co/mOwfvdY0yX", "likes_count": 2, "replies_count": 0, "retweets_count": 0, "hashtags": []}
{"id": 1134970535366971392, "date": "2019-06-01", "time": "19:50:37", "tweet": "@Jason @danahull @elonmusk That doesn't look like either one, of the two, electric Tesla semi trucks. Oh wait, this isn't a staged stock pump video...   $tsla $tslaq", "likes_count": 14, "replies_count": 2, "retweets_count": 0, "hashtags": []}
{"id": 1134970047108124672, "date": "2019-06-01", "time": "19:48:40", "tweet": "My #Tesla is in service, this time for a door replacement, and my second half-shafts replacement.  Glad they’re so helpful when things go awry.  Really appreciate their help with the issues, and their amazing service centre staff. @elonmusk @Tesla @mayemusk $TSLA $TSLAQ", "likes_count": 3, "replies_count": 0, "retweets_count": 0, "hashtags": ["tesla"]}
{"id": 1134969698435489792, "date": "2019-06-01", "time": "19:47:17", "tweet": "@GerberKawasaki Same way $TSLA offers Ross Gerber $420", "likes_count": 2, "replies_count": 0, "retweets_count": 0, "hashtags": []}
{"id": 1134969226047811584, "date": "2019-06-01", "time": "19:45:24", "tweet": "Look, it’s a lucky billionaire punching down after getting called out for dumb comments on live TV. At least Mark Cuban had the self-awareness to walk back his. Not this guy. Is it any wonder why SV and VCs are despised? 👀 $TSLA $TSLAQ  https://t.co/cKpntzHcMh", "likes_count": 4, "replies_count": 0, "retweets_count": 0, "hashtags": []}
{"id": 1134969131214811136, "date": "2019-06-01", "time": "19:45:02", "tweet": "@NetflixAndLamp There’s a trailer moving $tsla, ergo don’t bet against Elon Musk.  I’m good with it.", "likes_count": 6, "replies_count": 0, "retweets_count": 0, "hashtags": []}
{"id": 1134968367708889088, "date": "2019-06-01", "time": "19:42:00", "tweet": "$TSLA  new alert at  https://t.co/A7qrDarJHY  #stocks #daytrading  #NYSE #NASDAQ #market 812", "likes_count": 0, "replies_count": 0, "retweets_count": 0, "hashtags": ["stocks", "daytrading", "nyse", "nasdaq", "market"]}
{"id": 1134967758519619584, "date": "2019-06-01", "time": "19:39:34", "tweet": "Only $tsla bulls... $TSLAQ", "likes_count": 0, "replies_count": 0, "retweets_count": 0, "hashtags": []}
{"id": 1134967466155696128, "date": "2019-06-01", "time": "19:38:25", "tweet": "@CGrantWSJ $TSLA Yep a Real Demand Problem.", "likes_count": 0, "replies_count": 0, "retweets_count": 0, "hashtags": []}
{"id": 1134967431481503749, "date": "2019-06-01", "time": "19:38:16", "tweet": "Narrator: Tesla stock is down 44% YTD. $TSLA", "likes_count": 73, "replies_count": 5, "retweets_count": 7, "hashtags": []}
{"id": 1134966570059522048, "date": "2019-06-01", "time": "19:34:51", "tweet": "@ATeslaFanatic @BarkMSmeagol @chamath @BloodsportCap @mcuban Eventually $tsla will become apparent on the balance sheet. No need to worry.  True innovation is rare when a 100Mil can buy out any idea as if it were pennies. Risk is not valued by Wall Street while whole market funds dominate the 401k.", "likes_count": 1, "replies_count": 0, "retweets_count": 0, "hashtags": []}
{"id": 1134966086225551362, "date": "2019-06-01", "time": "19:32:56", "tweet": "The money shot,,,lol,,, $tslaq $tsla  https://t.co/hvwqvS6qta", "likes_count": 2, "replies_count": 0, "retweets_count": 0, "hashtags": []}
{"id": 1134965855383506944, "date": "2019-06-01", "time": "19:32:01", "tweet": "@BarkMSmeagol @chamath @BloodsportCap @mcuban Unfortunately most of the bulls/FUD fighters are blocked by cowards $TSLAq. That helps them to prey/hunt in packs like wolves (on someone new/influential) with little resistance from some Good Samaritans aka $TSLA", "likes_count": 1, "replies_count": 1, "retweets_count": 0, "hashtags": []}
{"id": 1134965375383277570, "date": "2019-06-01", "time": "19:30:06", "tweet": "ACTIVE TRADERS Try one of these FREE trading guides:   https://t.co/oFNbQNZQjb  $NFLX $TSLA $AAPL $TWTR $GS $FB $AMZN $GOOGL $NVDA", "likes_count": 0, "replies_count": 0, "retweets_count": 0, "hashtags": []}
{"id": 1134965196995190784, "date": "2019-06-01", "time": "19:29:24", "tweet": "Then they block your paper billionaire ass. ✅ $tslaQ $TSLA  https://t.co/G9Tpr4kubh", "likes_count": 46, "replies_count": 1, "retweets_count": 1, "hashtags": []}
{"id": 1134964544307126274, "date": "2019-06-01", "time": "19:26:48", "tweet": "充電直後にストール。他のテスラのように着火しなかっただけ良し。  At least it didn't catch fire!!  $TSLA $TSLAQ #Tesla #CYAZ #テスラ #モデル3 #モデル3オーダー受付開始", "likes_count": 3, "replies_count": 0, "retweets_count": 1, "hashtags": ["tesla", "cyaz", "テスラ", "モデル3", "モデル3オーダー受付開始"]}
{"id": 1134964471020081152, "date": "2019-06-01", "time": "19:26:31", "tweet": "@scot_work My take is $tsla bailed out $mxwl of which the Chinese sovereign fund was a major shareholder. This is pay for play In Shanghai", "likes_count": 5, "replies_count": 1, "retweets_count": 0, "hashtags": []}
{"id": 1134964322759860225, "date": "2019-06-01", "time": "19:25:55", "tweet": "#TESLA 💥🚗😵💀👀📰🔥🔥🔥 $TSLA $NIO $F $GM $SPY  Two sisters trapped in burning car, one dead in collision with Tesla in downtown #Berkeley  https://t.co/9SnbmI7s3P via @mercnews", "likes_count": 4, "replies_count": 0, "retweets_count": 2, "hashtags": ["tesla", "berkeley"]}
{"id": 1134964106186940420, "date": "2019-06-01", "time": "19:25:04", "tweet": "With past performance like this, how can you not sign up for a Free 7-day trial to  https://t.co/KDysnyawQq? Winning Option Swing Trades Since 2006  $BABA $GOOGL $TSLA $BIDU", "likes_count": 0, "replies_count": 0, "retweets_count": 0, "hashtags": []}
{"id": 1134963870005514242, "date": "2019-06-01", "time": "19:24:07", "tweet": "Contained...  Hey wait, $TSLA bonds are junk rated...  $TSLAQ", "likes_count": 0, "replies_count": 0, "retweets_count": 0, "hashtags": []}
{"id": 1134963597111635969, "date": "2019-06-01", "time": "19:23:02", "tweet": "Evening Most Tweeted Big Caps, check out Gambiste Top 10: $TSLA $DB $TW $ROKU $UBER $WAB $TWTR $ES $CGC $OKTA  https://t.co/k3uyuEbRpJ", "likes_count": 0, "replies_count": 0, "retweets_count": 0, "hashtags": []}
{"id": 1134963530468380672, "date": "2019-06-01", "time": "19:22:46", "tweet": "$tsla", "likes_count": 0, "replies_count": 0, "retweets_count": 0, "hashtags": []}
{"id": 1134962919349899265, "date": "2019-06-01", "time": "19:20:21", "tweet": "Wow, I see that $TSLAQ has decided to attack yet another successful startup founder, @chamath.   I can't believe that people would criticize him for going on a financial news network and incorrectly stating that $TSLA bonds are \"risk-less\" and senior to all other debt.", "likes_count": 3, "replies_count": 1, "retweets_count": 0, "hashtags": []}
{"id": 1134962766291165184, "date": "2019-06-01", "time": "19:19:44", "tweet": "Silicon Vally is testy these days as they know if $TSLA collapses (Narrator: It will) then the back log of private SV cash incinerators will plummet. This man pumped $TSLA converts as risk free a day before the $TSLA raise on CNBC in order to stave off the decline. Didn’t work", "likes_count": 15, "replies_count": 2, "retweets_count": 0, "hashtags": []}
{"id": 1134962579015704576, "date": "2019-06-01", "time": "19:19:00", "tweet": "@chamath @BloodsportCap @mcuban Big words from a man who has failed at pretty much everything he's ever done. Facebook was a fluke dude. You got lucky despite contributing nothing to Facebook's success. If you relived your life a thousand times you'd be an out-of-work loser in 999 of them. $TSLA", "likes_count": 35, "replies_count": 4, "retweets_count": 1, "hashtags": []}
{"id": 1134961723020996608, "date": "2019-06-01", "time": "19:15:35", "tweet": "Tesla Shanghai Gigafactory |GROUNDBREAKING SUCCESS WITH FRIENDS AROUND THE WORLD Tesla China 🇨🇳   $TSLA #Tesla #China #TeslaChina #Model3  https://t.co/vQB0hbw0nY", "likes_count": 173, "replies_count": 5, "retweets_count": 23, "hashtags": ["tesla", "china", "teslachina", "model3"]}
{"id": 1134961642880544770, "date": "2019-06-01", "time": "19:15:16", "tweet": "This guy is such cartoon roadie,,,lol,,, #buttons #neverlevers #undertheinfluence $tsla $tslaq  https://t.co/TRw13t4KIm", "likes_count": 0, "replies_count": 0, "retweets_count": 0, "hashtags": ["buttons", "neverlevers", "undertheinfluence"]}
{"id": 1134961559086800896, "date": "2019-06-01", "time": "19:14:56", "tweet": "Area man believes the metric by which he ranks the highest must be the yardstick everyone uses to measure their self worth.   $TSLA $TSLAQ", "likes_count": 5, "replies_count": 1, "retweets_count": 0, "hashtags": []}
{"id": 1134960622116986880, "date": "2019-06-01", "time": "19:11:13", "tweet": "Strong rebuttal I must say $tsla $tslaq", "likes_count": 6, "replies_count": 0, "retweets_count": 0, "hashtags": []}
{"id": 1134960133715484672, "date": "2019-06-01", "time": "19:09:17", "tweet": "@TeslaOpinion @jimcramer am confident you would want to recommend $F to investors instead $TSLA with 20 days or less of inventory", "likes_count": 1, "replies_count": 0, "retweets_count": 0, "hashtags": []}
{"id": 1134959989674536960, "date": "2019-06-01", "time": "19:08:42", "tweet": "cool. at least @block_one_’s #B1June event started on time, unlike $TSLA event coz @elonmusk is often late 😂", "likes_count": 2, "replies_count": 0, "retweets_count": 0, "hashtags": ["b1june"]}
