{"id": 1150193057691832320, "date": "2019-07-13", "time": "19:59:29", "tweet": "@DBMD18 @tedstein Enhanced summon is definitely a product or feature- used to validate the capabilities of FSD, a premium option (or vapor ware) for which $tsla takes deposits.", "likes_count": 0, "replies_count": 3, "retweets_count": 0, "hashtags": []}
{"id": 1150192458283667456, "date": "2019-07-13", "time": "19:57:06", "tweet": "Decided to purchase the @Tesla Solar System. Went to the Tesla @FashionIsland store today for more details. My monthly electric bill is around $240 vs Tesla #Solar system monthly loan payment $173 (including the usage of my upcoming Model X) I am Sold! Thx @elonmusk  $TSLA #Tesla  https://t.co/k8aaL7a5fa", "likes_count": 1274, "replies_count": 61, "retweets_count": 113, "hashtags": ["solar", "tesla"]}
{"id": 1150191949623828480, "date": "2019-07-13", "time": "19:55:04", "tweet": "OptionAlarm provides Option Swing Trade Alerts With REAL Results! Try It For 10 Days:  https://t.co/ouXUt8N0q2 It's FREE! No Credit Card Required! $AMZN $NVDA $TSLA $BABA", "likes_count": 0, "replies_count": 0, "retweets_count": 0, "hashtags": []}
{"id": 1150191329852440576, "date": "2019-07-13", "time": "19:52:37", "tweet": "@scot_work FSD...?! Hell,@SpaceX is still telling investors they will send people to Mars by the mid-2020’s. $TSLA", "likes_count": 16, "replies_count": 4, "retweets_count": 0, "hashtags": []}
{"id": 1150189560200138752, "date": "2019-07-13", "time": "19:45:35", "tweet": "$SPY $QQQ $DIA $SPX $GM $F $FCAU $GS $JPM $C $BAC $GE $BA $TSLA $CAT $DE $AGCO $AMZN $WMT $TSLAQ $DB $BYND $AMD $KMX $MCD $SHOP $W $PCG $LEN $PHM $TOL", "likes_count": 0, "replies_count": 0, "retweets_count": 0, "hashtags": []}
{"id": 1150188458960232448, "date": "2019-07-13", "time": "19:41:12", "tweet": "$TSLA $tslaq", "likes_count": 5, "replies_count": 0, "retweets_count": 1, "hashtags": []}
{"id": 1150187755227381760, "date": "2019-07-13", "time": "19:38:24", "tweet": "@PhenomenalPoto @scot_work @FTC @SEC_Enforcement Biz as usual...  The problem is ppl truly believe that the market is efficient and will balance over time, for the most part that's true, but when there is one bad actor swimming against the current, it will take time to rebalance.  $TSLA $TSLAQ", "likes_count": 1, "replies_count": 1, "retweets_count": 0, "hashtags": []}
{"id": 1150187662071885824, "date": "2019-07-13", "time": "19:38:02", "tweet": "$TSLA : Price Rise IMMINENT!  - #TSLA TradingView  https://t.co/9I4XabnvRF", "likes_count": 0, "replies_count": 0, "retweets_count": 0, "hashtags": ["tsla"]}
{"id": 1150186906883416065, "date": "2019-07-13", "time": "19:35:02", "tweet": "$TSLA New market information for Tesla, Inc. at   https://t.co/bGmNYWqxp4 #STOCKS #NASDAQ Visit  https://t.co/ApK6iYCrer to sign up for personalised alerts direct to your inbox DataSwarm ref: 51028", "likes_count": 0, "replies_count": 0, "retweets_count": 0, "hashtags": ["stocks", "nasdaq"]}
{"id": 1150186517270335488, "date": "2019-07-13", "time": "19:33:29", "tweet": " https://t.co/gyyY3NarLu Another click given. $TSLA is first in the list of 5 EV stocks. Good some mild positive about @tesla", "likes_count": 1, "replies_count": 0, "retweets_count": 0, "hashtags": []}
{"id": 1150186173438070785, "date": "2019-07-13", "time": "19:32:07", "tweet": "$DMLRY $DDAIF $DAI.DE DAIMLER MERCEDES BENZ #thebestornothing.. Who needs $TSLA Tesla $NIO #NIO unreliable cars", "likes_count": 0, "replies_count": 0, "retweets_count": 0, "hashtags": ["thebestornothing", "nio"]}
{"id": 1150185957825687553, "date": "2019-07-13", "time": "19:31:16", "tweet": "Some odd positive story about @tesla Did my best, gave it as many clicks as I could from various devices I logged into. Doing my bit to turn the War of Clickbaits to turn in $TSLA 's favor.    https://t.co/PNpyySZbYG", "likes_count": 0, "replies_count": 0, "retweets_count": 0, "hashtags": []}
{"id": 1150185673921564673, "date": "2019-07-13", "time": "19:30:08", "tweet": "ACTIVE TRADERS Try one of these FREE trading guides:   https://t.co/xmdAtcvXVf  $NFLX $TSLA $AAPL $TWTR $GS $FB $AMZN $GOOGL $NVDA", "likes_count": 0, "replies_count": 0, "retweets_count": 0, "hashtags": []}
{"id": 1150185516039622659, "date": "2019-07-13", "time": "19:29:31", "tweet": "July 2019: #Tesla $42 billion #Ford     $41 billion; July 2010: #Tesla (IPO) $1.3 billion #Ford $36 billion.                                                              🤔 $TSLA $TSLAQ but @Tesla and #ElonMusk are frauds and will be nothing.... #FUD is out of their minds.", "likes_count": 4, "replies_count": 1, "retweets_count": 0, "hashtags": ["tesla", "ford", "tesla", "ford", "elonmusk", "fud"]}
{"id": 1150185064979980288, "date": "2019-07-13", "time": "19:27:43", "tweet": "This was a lie, yet it seems @FTC @SEC_Enforcement don’t care. Does anybody enforce the consumer protection / fraud laws any more? Is it unwillingness? Incompetence? Corruption?   $TSLA $TSLAQ", "likes_count": 40, "replies_count": 2, "retweets_count": 16, "hashtags": []}
{"id": 1150184397288759297, "date": "2019-07-13", "time": "19:25:04", "tweet": "With past performance like this, how can you not sign up for a Free 7-day trial to  https://t.co/5k1wmsYm3S? Winning Option Swing Trades Since 2006  $BABA $GOOGL $TSLA $BIDU", "likes_count": 0, "replies_count": 0, "retweets_count": 0, "hashtags": []}
{"id": 1150183571879071749, "date": "2019-07-13", "time": "19:21:47", "tweet": "Evening Most Tweeted Big Caps, check out Gambiste Top 10: $TSLA $CGC $BYND $ROKU $DB $AZO $SRPT $SNAP $FB $ZS  https://t.co/k3uyuEbRpJ", "likes_count": 0, "replies_count": 0, "retweets_count": 0, "hashtags": []}
{"id": 1150183307977605121, "date": "2019-07-13", "time": "19:20:44", "tweet": "Tela Auto Pilot fail. $TSLA $TSLAQ #Tesla #TeslaAutoPilot  https://t.co/nVVvxFdCc5", "likes_count": 0, "replies_count": 0, "retweets_count": 0, "hashtags": ["tesla", "teslaautopilot"]}
{"id": 1150179777451626497, "date": "2019-07-13", "time": "19:06:42", "tweet": "@pierhk @disciplinedtra1 You’re trying to buy a Tesla by trading $tsla? I love it", "likes_count": 1, "replies_count": 0, "retweets_count": 0, "hashtags": []}
{"id": 1150179261774348288, "date": "2019-07-13", "time": "19:04:39", "tweet": "Oh sweetie, you should really understand that someone needs to respect you in order to be insulted by you. There is no mistaking, I have zero respect for you, and am laughing at you for defending Elon Musk.   #astroturfing #CaseStudy #Tesla $TSLA $TSLAQ #Blocked", "likes_count": 0, "replies_count": 0, "retweets_count": 0, "hashtags": ["astroturfing", "casestudy", "tesla", "blocked"]}
{"id": 1150179230472445952, "date": "2019-07-13", "time": "19:04:32", "tweet": "Finding Opportunity in an Uncertain Stock Market  https://t.co/tqNW2Ic3PI  $SPY $QQQ $IWM $TSLA $UBER $LYFT", "likes_count": 4, "replies_count": 0, "retweets_count": 3, "hashtags": []}
{"id": 1150179052617007104, "date": "2019-07-13", "time": "19:03:50", "tweet": "#Tesla Set 'Standard' With Ultimate Car of the Year, Says MotorTrend Editor-in-Chief on Cheddar $TSLA  https://t.co/uCshRsEn7I", "likes_count": 0, "replies_count": 0, "retweets_count": 0, "hashtags": ["tesla"]}
{"id": 1150178159675019265, "date": "2019-07-13", "time": "19:00:17", "tweet": "Don't miss our next FREE OPTION TRADE.  Sign up for our Daily Free Trades at  https://t.co/Bq0pznQHQU $NVDA $TSLA $GS $C $WFC $GOOGL $FB", "likes_count": 0, "replies_count": 0, "retweets_count": 0, "hashtags": []}
{"id": 1150178089269202944, "date": "2019-07-13", "time": "19:00:00", "tweet": "More #TraderWisdom in my #ebooks:  https://t.co/6fm24YnD8K  $ES_F $NQ_F $ZB_F $SPX $NDX $RUT $AAPL $NFLX $AMZN $TSLA $VIX $FB $MSFT $SPY $DIA $NDX $IWM $QCOM $GDX $DAX $BYND $TWTR $GLD $GE_F $BABA $TLT $LYFT $VXX $XLE $QQQ #Trading #option #tastytrade #stockmarket #ipad #kindle  https://t.co/WEvjhrVCHM", "likes_count": 1, "replies_count": 0, "retweets_count": 2, "hashtags": ["traderwisdom", "ebooks", "trading", "option", "tastytrade", "stockmarket", "ipad", "kindle"]}
{"id": 1150176821406830593, "date": "2019-07-13", "time": "18:54:58", "tweet": "@elonmusk @PatrickLac007 @AngelGPonce @Tesla With the 5 engineers still left in the AP department? $tsla", "likes_count": 0, "replies_count": 0, "retweets_count": 0, "hashtags": []}
{"id": 1150175317069197312, "date": "2019-07-13", "time": "18:48:59", "tweet": "#SaveTheWorld Send a corrupt CEO to the Clink.  #SpaceX #BoringCompany #Tesla $TSLA $TSLAQ", "likes_count": 0, "replies_count": 1, "retweets_count": 0, "hashtags": ["savetheworld", "spacex", "boringcompany", "tesla"]}
{"id": 1150175091520671744, "date": "2019-07-13", "time": "18:48:05", "tweet": "$TSLA open interest for maturity 07/19/2019. High put=50.00 High call=250.00 #maxpain #options  https://t.co/OOMW1It7NC  https://t.co/Q9dldRgAUv", "likes_count": 0, "replies_count": 1, "retweets_count": 0, "hashtags": ["maxpain", "options"]}
{"id": 1150174266354049024, "date": "2019-07-13", "time": "18:44:48", "tweet": "Unethical companies engaged in illegal activity shift blame to consumers w/o shame, remorse, guilt or accountability for company known quality, regulatory / compliance issues.  Elon Musk's only talent is getting consumers to see fraud as innovative. #FraudFormula #tesla $TSLA", "likes_count": 0, "replies_count": 0, "retweets_count": 0, "hashtags": ["fraudformula", "tesla"]}
{"id": 1150173807606243328, "date": "2019-07-13", "time": "18:42:59", "tweet": "$TSLA $TSLAQ I beginning to wonder how bad Q2 numbers must be....  https://t.co/9YiRoVBUUD", "likes_count": 3, "replies_count": 1, "retweets_count": 1, "hashtags": []}
{"id": 1150173423840026624, "date": "2019-07-13", "time": "18:41:28", "tweet": "\"Tesla’s new Roadster is going to come with an optional ‘SpaceX package’ that will include cold air thrusters to improve performance. Now CEO Elon Musk says that the thruster will be hidden behind the license plate.\" - NOT The Onion. $TSLAQ $TSLA  https://t.co/qAHPPvQJpc", "likes_count": 0, "replies_count": 0, "retweets_count": 0, "hashtags": []}
{"id": 1150172279113994241, "date": "2019-07-13", "time": "18:36:55", "tweet": "@zerohedge Assuming you havent already been fired.. how can you stay and work at a company like that. I'd be out before the door closed. Poor suckers at $DB or $TSLA. Leave while you still have options.", "likes_count": 0, "replies_count": 0, "retweets_count": 0, "hashtags": []}
{"id": 1150170572401324033, "date": "2019-07-13", "time": "18:30:08", "tweet": "ACTIVE TRADERS Try one of these FREE trading guides:   https://t.co/LhpvpiuUGT  $NFLX $TSLA $AAPL $IBB $GS $FB $AMZN $GOOGL $NVDA", "likes_count": 0, "replies_count": 0, "retweets_count": 0, "hashtags": []}
{"id": 1150170341462990849, "date": "2019-07-13", "time": "18:29:13", "tweet": "@pierhk The question is, what year will the $TSLA be 🤣🤣 think you can do it in 2020 ??", "likes_count": 1, "replies_count": 0, "retweets_count": 0, "hashtags": []}
{"id": 1150168675694964736, "date": "2019-07-13", "time": "18:22:36", "tweet": "$TSLA -1/ @elonmusk what happened?  Did your latest BMS slow down this older Model S?   Did it go into limp mode as a precaution so the batteries won’t explode?", "likes_count": 26, "replies_count": 1, "retweets_count": 4, "hashtags": []}
{"id": 1150167958112460800, "date": "2019-07-13", "time": "18:19:44", "tweet": "@stilldefjeff @ZacharyBanks85 @raffel @ROMANREB @sanfilti @annettehunter77 @JoeSilverman7 @Tesla I agree. It’s only great for daily commuting. Not a $TSLA fan-boy, just really like the way the car handles, its speed and torque... and love the idea of charging nightly at home (using solar panels) almost never having to go to a gas station and shelling out $55 a pop.", "likes_count": 1, "replies_count": 2, "retweets_count": 1, "hashtags": []}
{"id": 1150167740872892423, "date": "2019-07-13", "time": "18:18:53", "tweet": "$TSLA - Just buy Puts or sell Calls/Call Spreads  $TSLAQ", "likes_count": 1, "replies_count": 1, "retweets_count": 1, "hashtags": []}
{"id": 1150167291998461953, "date": "2019-07-13", "time": "18:17:06", "tweet": "$TSLA Tesla leaked an email. This thing will fly Monday. 🙏🏿✈️🚀🌕💵", "likes_count": 0, "replies_count": 0, "retweets_count": 1, "hashtags": []}
{"id": 1150166964301492226, "date": "2019-07-13", "time": "18:15:48", "tweet": "\"Now, $TSLA doesn't have to build the world's best parking garage navigator but just being in the bottom 10% percentile of drivers is probably enough since even the worst driver can usually manage to get out of a parking garage.\"  https://t.co/S1VpWGsqsu", "likes_count": 2, "replies_count": 1, "retweets_count": 2, "hashtags": []}
{"id": 1150166716489449472, "date": "2019-07-13", "time": "18:14:48", "tweet": "@stilldefjeff @ZacharyBanks85 @raffel @ROMANREB @sanfilti @annettehunter77 @JoeSilverman7 @Tesla ~240,000 Teslas were sold in 2018, probably will be closer to 400,000 this year. Never insisted anyone needed it or was stupid for not having one. Seriously, this all started because I said I liked my friend’s Tesla. All these $TSLA shorts jumped on b/c they are losing money.", "likes_count": 0, "replies_count": 2, "retweets_count": 1, "hashtags": []}
{"id": 1150166528723021825, "date": "2019-07-13", "time": "18:14:04", "tweet": "@Nixons_Head_ @TESLAcharts @elonmusk @pbreit @PatrickLac007 @AngelGPonce @Tesla Seriously, do $tsla customers have to sign some sort of agreement that even when they post some issue with their car than no car owner of any other brand would put up with, they are required to start by saying \"I love this car?\"", "likes_count": 28, "replies_count": 1, "retweets_count": 1, "hashtags": []}
{"id": 1150165923619319813, "date": "2019-07-13", "time": "18:11:39", "tweet": "$TSLA everyone please uncheck the button in ur trading platform where shares are allowed for shorting. Lets make it epic. We need it for next two months only. Or put a sell order of $1000 so no one can use ur share to give to shortys Bullish @elonmusk @Tesla @CNBC", "likes_count": 0, "replies_count": 0, "retweets_count": 1, "hashtags": []}
{"id": 1150162679203598336, "date": "2019-07-13", "time": "17:58:46", "tweet": "spx-500  future auto trendline  $SPY $QQQ $IWM $AAPL $AMZN $BIDU $GOOGL $NFLX $FB $BABA $NVDA $TSLA  https://t.co/Cxxa0xsgan", "likes_count": 48, "replies_count": 0, "retweets_count": 39, "hashtags": []}
{"id": 1150161930105040899, "date": "2019-07-13", "time": "17:55:47", "tweet": "I finally made it!  Someone actually tried to hack into my Twitter account.  Maybe it is someone from Big Battery Chemicals who got mad at my $TSLA criticisms.", "likes_count": 29, "replies_count": 1, "retweets_count": 1, "hashtags": []}
{"id": 1150161658985062400, "date": "2019-07-13", "time": "17:54:43", "tweet": "@tedstein As an outlier in $TSLA / $TSLAQ I have learned from this post that both longs and shorts are uncertain of their positions.", "likes_count": 0, "replies_count": 0, "retweets_count": 0, "hashtags": []}
{"id": 1150161505767153664, "date": "2019-07-13", "time": "17:54:06", "tweet": "Cars driving themselves... $TSLA $TSLAQ  https://t.co/Gh9UkSq2qn", "likes_count": 1, "replies_count": 0, "retweets_count": 0, "hashtags": []}
{"id": 1150161074286727168, "date": "2019-07-13", "time": "17:52:23", "tweet": "@zomgapocalypse Don't know how this tool can say that a Prius isn't bad ass. $TSLA $TSLAQ  https://t.co/91EqZNQpjS", "likes_count": 2, "replies_count": 1, "retweets_count": 1, "hashtags": []}
{"id": 1150160720656343040, "date": "2019-07-13", "time": "17:50:59", "tweet": "Postcard from the Real Life $TSLA #blessed  https://t.co/z6n3KYWUB2", "likes_count": 1, "replies_count": 0, "retweets_count": 0, "hashtags": ["blessed"]}
{"id": 1150160480729567232, "date": "2019-07-13", "time": "17:50:02", "tweet": "A whistleblower “corroborated connections between a . $tsla employee . and various alleged members of the Mexican drug cartel identified in the DEA report\"  Tesla Worker Allegedly Trafficking Significant Quantities of Cartel Drugs 2018 $tslaq  https://t.co/VxDzk6P0vq via @jalopnik", "likes_count": 30, "replies_count": 3, "retweets_count": 13, "hashtags": []}
{"id": 1150159735410139136, "date": "2019-07-13", "time": "17:47:04", "tweet": "@WPipperger No surprise, friend went to the local store and felt they were lying about FSD and asked why they advertise after savings cost, of course they dont include the insurance rates in their \"savings\"  $TSLA $TSLAQ", "likes_count": 0, "replies_count": 0, "retweets_count": 0, "hashtags": []}
{"id": 1150159617483141120, "date": "2019-07-13", "time": "17:46:36", "tweet": "$TSLAQ #DumDums: “Tesla’s growth story is OVER!! Mark my words! It’s a restructuring story now!! $TSLA IS A ZERO!!!!!”  REALITY:", "likes_count": 61, "replies_count": 2, "retweets_count": 8, "hashtags": ["dumdums"]}
{"id": 1150157938033487872, "date": "2019-07-13", "time": "17:39:55", "tweet": "@MarkGutman9 @BloodsportCap @elonmusk $TSLA is selling autonomous driving according to this guy who says he visited tesla.  https://t.co/7BRFQufCsS", "likes_count": 3, "replies_count": 1, "retweets_count": 0, "hashtags": []}
{"id": 1150155479810789377, "date": "2019-07-13", "time": "17:30:09", "tweet": "ACTIVE TRADERS Try one of these FREE trading guides:   https://t.co/FBnH2JWiXl  $NFLX $TSLA $AAPL $JWN $GS $FB $AMZN $GOOGL $NVDA", "likes_count": 0, "replies_count": 0, "retweets_count": 0, "hashtags": []}
{"id": 1150154894600355841, "date": "2019-07-13", "time": "17:27:50", "tweet": "Again, Tesla Autopilot helped owner to avoid an accident!!   $TSLA #Tesla #Autopilot", "likes_count": 279, "replies_count": 18, "retweets_count": 33, "hashtags": ["tesla", "autopilot"]}
{"id": 1150153996587405314, "date": "2019-07-13", "time": "17:24:16", "tweet": "البنزين خلال 4 سنوات سيقل الطلب عليه عالمياً وستزدهر السيارات الكهربائيه مثل شركة $tsla و $nio 2023 سنه خرافيه", "likes_count": 106, "replies_count": 35, "retweets_count": 54, "hashtags": []}
{"id": 1150153817553399808, "date": "2019-07-13", "time": "17:23:33", "tweet": "Clearly shows who is the technology leader in here.   Emergency braking system Tesla vs Bmw   $TSLA #Tesla   https://t.co/tqpMJHV5rr", "likes_count": 1290, "replies_count": 52, "retweets_count": 316, "hashtags": ["tesla"]}
{"id": 1150153134616010758, "date": "2019-07-13", "time": "17:20:50", "tweet": "@Alpsoy66 Exactly, most CEO's have private entrances and elevators, living in Ivory Tower, totally disconnected from reality!Elon was sleeping on factory floor!! Which CEO would you put your money on, one who has company's private jets, or one working weekends for minimum wage $TSLA/$TSLAQ", "likes_count": 1, "replies_count": 0, "retweets_count": 0, "hashtags": []}
{"id": 1150152660529451008, "date": "2019-07-13", "time": "17:18:57", "tweet": "This is nonsense. I know probably 200 pickup owners. I bet a half dozen know it's even in the rendering stage. But VCs gunna hype vapor. It's who they are. $TSLA", "likes_count": 1, "replies_count": 0, "retweets_count": 1, "hashtags": []}
{"id": 1150152197629288449, "date": "2019-07-13", "time": "17:17:07", "tweet": "@CGrantWSJ This guy says $TSLA sales guy is selling FSD as autonomous driving.  Scary if true...  https://t.co/7BRFQufCsS", "likes_count": 1, "replies_count": 2, "retweets_count": 0, "hashtags": []}
{"id": 1150151923078696963, "date": "2019-07-13", "time": "17:16:01", "tweet": "@MonkeyOption @orthereaboot @elonmusk @PatrickLac007 @AngelGPonce @Tesla He's part of a Moron group called $TSLAQ, and their only purpose in life is to spread lies about $TSLA &amp; Elon, in order to make some $$ shorting the stock!!! Their $hitputs positions are about to explode soon, like in 2013!! Hopefully short-squeeze of the century!! #Tesla #tsla", "likes_count": 2, "replies_count": 0, "retweets_count": 0, "hashtags": ["tesla", "tsla"]}
{"id": 1150151456907042816, "date": "2019-07-13", "time": "17:14:10", "tweet": "$Tsla   على قناه صاعده اخترق وهدفه سقف القناه عند 254 ودعمك 243 وممكن يزور الدعم ويواصل لهدفه .   عنده هدف بعيد اذا اخترق القمه عند 254 وثبت فوقها اسبوع هدفه 300 .  https://t.co/OZi9X0g02z", "likes_count": 1, "replies_count": 1, "retweets_count": 1, "hashtags": []}
