{"id": 1129899243156590597, "date": "2019-05-18", "time": "19:59:06", "tweet": "I doubt anyone can top this all weekend. $tsla $tslaq  You won Twitter sir.", "likes_count": 2, "replies_count": 0, "retweets_count": 0, "hashtags": []}
{"id": 1129898895058849792, "date": "2019-05-18", "time": "19:57:43", "tweet": "$TSLA - A little over the top with the drama here.  The stock is overvalued, Bro.  $TSLAQ  https://t.co/0mtrgmyN9H", "likes_count": 2, "replies_count": 0, "retweets_count": 0, "hashtags": []}
{"id": 1129898869901254656, "date": "2019-05-18", "time": "19:57:37", "tweet": "Never seen this coming with a flat organization...  $tsla  $TSLAQ    https://t.co/uvKEJZYpY1", "likes_count": 1, "replies_count": 0, "retweets_count": 0, "hashtags": []}
{"id": 1129897548183851008, "date": "2019-05-18", "time": "19:52:22", "tweet": "$TSLA = 0.029 BTC", "likes_count": 0, "replies_count": 0, "retweets_count": 0, "hashtags": []}
{"id": 1129897433146597377, "date": "2019-05-18", "time": "19:51:55", "tweet": "@paulg Ask those Tesla longs who bought the stock affer the $420 \"funding secured\" tweet if they find it funny right now. Or maybe ask Elon himself in 2 weeks when he is deposed for the SolarCity lawsuit. $TSLA $TSLAQ", "likes_count": 24, "replies_count": 1, "retweets_count": 0, "hashtags": []}
{"id": 1129897224673144834, "date": "2019-05-18", "time": "19:51:05", "tweet": "More PROVABLE* securities fraud by the god-king @elonmusk   $tsla $tslaq", "likes_count": 21, "replies_count": 1, "retweets_count": 0, "hashtags": []}
{"id": 1129896476920950785, "date": "2019-05-18", "time": "19:48:07", "tweet": "6-7 point gap down on Monday followed by a quick test of $200 will be interesting. $TSLA", "likes_count": 2, "replies_count": 2, "retweets_count": 0, "hashtags": []}
{"id": 1129896303310319616, "date": "2019-05-18", "time": "19:47:25", "tweet": "@wolfejosh C'mon Larry. Seriously? I respect you a lot, but investing in $TSLA is not common sense.", "likes_count": 1, "replies_count": 0, "retweets_count": 0, "hashtags": []}
{"id": 1129895705059835905, "date": "2019-05-18", "time": "19:45:03", "tweet": "🤔 $tsla  https://t.co/kX2jsx4JSq", "likes_count": 4, "replies_count": 1, "retweets_count": 0, "hashtags": []}
{"id": 1129895640908144646, "date": "2019-05-18", "time": "19:44:47", "tweet": "$TSLA Elon Musk Says Tesla Needs Financial Micromanagement or It Will Go Broke  https://t.co/3gNg4xfCWb via @jalopnik", "likes_count": 1, "replies_count": 1, "retweets_count": 0, "hashtags": []}
{"id": 1129895173163552769, "date": "2019-05-18", "time": "19:42:56", "tweet": "$TSLA in my hood are increasing every day ..  Friends who are working at $TSLA look very tense every morning at the school drop off..", "likes_count": 1, "replies_count": 2, "retweets_count": 0, "hashtags": []}
{"id": 1129894491845009409, "date": "2019-05-18", "time": "19:40:13", "tweet": "Take heart, everyone! $tslaQ will not be a hard stop, there will be YEARS of quality entertainment to follow! $TSLA", "likes_count": 20, "replies_count": 1, "retweets_count": 0, "hashtags": []}
{"id": 1129894176026439680, "date": "2019-05-18", "time": "19:38:58", "tweet": "by this time i have heard so many ideas for $TSLA under $200   and usually ideas of \"I will buy\"....     that I'm forming an idea I will buy just below that LOL   #sarcasm.🤪", "likes_count": 1, "replies_count": 0, "retweets_count": 0, "hashtags": ["sarcasm"]}
{"id": 1129893989329408000, "date": "2019-05-18", "time": "19:38:14", "tweet": "Option (c) - neither $tsla", "likes_count": 10, "replies_count": 1, "retweets_count": 0, "hashtags": []}
{"id": 1129893932823748610, "date": "2019-05-18", "time": "19:38:00", "tweet": "These are the nerds buying these leggo mobiles. 😏 $tsla", "likes_count": 0, "replies_count": 0, "retweets_count": 0, "hashtags": []}
{"id": 1129893817794981888, "date": "2019-05-18", "time": "19:37:33", "tweet": "Long $TSLA at $210  https://t.co/xiZthk7V2a", "likes_count": 0, "replies_count": 0, "retweets_count": 0, "hashtags": []}
{"id": 1129893391645499395, "date": "2019-05-18", "time": "19:35:51", "tweet": "$tslaq $tsla #Tesla An olive branch to Tesla Bulls  https://t.co/24UtZ8GtNv", "likes_count": 23, "replies_count": 9, "retweets_count": 2, "hashtags": ["tesla"]}
{"id": 1129893213794316288, "date": "2019-05-18", "time": "19:35:09", "tweet": "Wonder if that white panel would have been enough to stop the Model S in front from crashing into it if it had ”FSD” enabled and needed to change lanes? $TSLA $TSLAQ  https://t.co/g7szWcbgmj", "likes_count": 3, "replies_count": 0, "retweets_count": 0, "hashtags": []}
{"id": 1129892641028608001, "date": "2019-05-18", "time": "19:32:52", "tweet": "One must prepare for +ve news from $TSLA , we are now heading for long term holders price , it would help if we quickly breach 190 , would be a generational buy", "likes_count": 1, "replies_count": 1, "retweets_count": 0, "hashtags": []}
{"id": 1129891950335877120, "date": "2019-05-18", "time": "19:30:07", "tweet": "ACTIVE TRADERS Try one of these FREE trading guides:   https://t.co/ovBwFdFW2h  $NFLX $TSLA $AAPL $TWTR $GS $FB $AMZN $GOOGL $NVDA", "likes_count": 0, "replies_count": 0, "retweets_count": 0, "hashtags": []}
