{"id": 1124825975777218560, "date": "2019-05-04", "time": "19:59:45", "tweet": "Some things I'll do when they make me CEO of $TSLA.  1) File Ch. 11 2) Remove @elonmusk from any managerial duties. 3) Hire a  COO 4) Partner with a dealer network for service &amp; distribution  5) Joint venture the charging network and upgrade  Just to start.", "likes_count": 33, "replies_count": 4, "retweets_count": 1, "hashtags": []}
{"id": 1124825154821820416, "date": "2019-05-04", "time": "19:56:29", "tweet": "@Andreas_Hopf @librab103 Yah, $TSLA was one of several \"companies\". If Elon had secured a $2.0B source of 100% margin revenues from $FCA he would have screamed that from the rooftops and doubled the capital raise.", "likes_count": 2, "replies_count": 1, "retweets_count": 0, "hashtags": []}
{"id": 1124824803540709377, "date": "2019-05-04", "time": "19:55:06", "tweet": "OptionAlarm provides Option Swing Trade Alerts With REAL Results! Try It For 10 Days:  https://t.co/eS2h6xcUib It's FREE! No Credit Card Required! $AMZN $NVDA $TSLA $BABA", "likes_count": 0, "replies_count": 0, "retweets_count": 0, "hashtags": []}
{"id": 1124824794761965573, "date": "2019-05-04", "time": "19:55:03", "tweet": "OptionAlarm provides Option Swing Trade Alerts With REAL Results! Try It For 10 Days:  https://t.co/gbgtBV6Z95 It's FREE! No Credit Card Required! $AMZN $NVDA $TSLA $BABA", "likes_count": 0, "replies_count": 0, "retweets_count": 0, "hashtags": []}
{"id": 1124824476699566081, "date": "2019-05-04", "time": "19:53:48", "tweet": "@elonmusk @teslaownersSV Then we have to create an Install Wizard exe and add the executable to the startup script so it runs in the taskbar.   The $TSLA SDLC", "likes_count": 6, "replies_count": 1, "retweets_count": 0, "hashtags": []}
{"id": 1124823668318543872, "date": "2019-05-04", "time": "19:50:35", "tweet": "@elonmusk Time to put his money where his mouth is!! $TSLA $BRK-B", "likes_count": 0, "replies_count": 0, "retweets_count": 0, "hashtags": []}
{"id": 1124823426022166529, "date": "2019-05-04", "time": "19:49:37", "tweet": "The Russell Breaks Out And There May Be More Gains To Come $AMD $AMZN $NFLX $QCOM $TSLA $SPY $XBI $BABA $JD  https://t.co/7AFCSFgpvT", "likes_count": 0, "replies_count": 0, "retweets_count": 0, "hashtags": []}
{"id": 1124823421261635584, "date": "2019-05-04", "time": "19:49:36", "tweet": "@tullybodine @DonutShorts If $TSLA goes Ch11 or Ch7 before issuing a recall of that size or greater, I win the bet.  If they issue a recall of that size or greater in the next two years, they'll be done within 30 business days.    And then the BET is on.  $1000 US?  In escrow?", "likes_count": 0, "replies_count": 0, "retweets_count": 0, "hashtags": []}
{"id": 1124822901474066432, "date": "2019-05-04", "time": "19:47:32", "tweet": "@CovfefeCapital @markbspiegel @evacuationboy May be we should fund TV ad for all  $TSLA deaths and exposing fraud. Perhaps even consider funding documentary. What do you guys say @markbspiegel @muddywatersre @ElonBachman", "likes_count": 5, "replies_count": 0, "retweets_count": 0, "hashtags": []}
{"id": 1124822547474853894, "date": "2019-05-04", "time": "19:46:08", "tweet": "@GerberKawasaki It seems to be coming a lot slower than many believe...US EV sales are slowing dramatically. Including $tsla up 4% y/y for the last 3 months", "likes_count": 2, "replies_count": 1, "retweets_count": 0, "hashtags": []}
{"id": 1124822388099768322, "date": "2019-05-04", "time": "19:45:30", "tweet": "This kind of absurd price target should be illegal $tsla $tslaq", "likes_count": 2, "replies_count": 0, "retweets_count": 0, "hashtags": []}
{"id": 1124821806500728835, "date": "2019-05-04", "time": "19:43:11", "tweet": "via GerberKawasaki: Saw one Tesla in NOLA in 3 days. Saw 15 teslas on the way home from the airport. The revolution is coming... #EV #Tesla $tsla $tsla", "likes_count": 0, "replies_count": 0, "retweets_count": 0, "hashtags": ["ev", "tesla"]}
{"id": 1124821730466263040, "date": "2019-05-04", "time": "19:42:53", "tweet": "Saw one Tesla in NOLA in 3 days. Saw 15 teslas on the way home from the airport. The revolution is coming... #EV #Tesla $tsla", "likes_count": 98, "replies_count": 17, "retweets_count": 5, "hashtags": ["ev", "tesla"]}
{"id": 1124821563449192449, "date": "2019-05-04", "time": "19:42:13", "tweet": "Tesla $TSLA. $4,000+¨? @CathieDWood @ARKInvest @elonmusk  https://t.co/KAJ9BAjKjG", "likes_count": 0, "replies_count": 1, "retweets_count": 0, "hashtags": []}
{"id": 1124821050095808512, "date": "2019-05-04", "time": "19:40:11", "tweet": "$bynd $KXIN $FTD $EVLV $X $WFT  $RHE $YUMA $NWL $WW $AKS $NIO $WPG $NE $COTY $S $DNR $SNAP $NBR $FCX $TSLA $ZNGA $TVIX $BMY $CZR $TEVA $SIRI $GGB $ET $CHK $ENPH", "likes_count": 1, "replies_count": 0, "retweets_count": 1, "hashtags": []}
{"id": 1124820997159387136, "date": "2019-05-04", "time": "19:39:58", "tweet": "@WallStCynic @TeslaCharts I don't believe many people believe it literally. First, they want it to work so they rationalize and second they say if Uber and Lyft can obtain their respective valuations then $tsla SP should continue to levitate as well despite another about face.", "likes_count": 0, "replies_count": 0, "retweets_count": 0, "hashtags": []}
{"id": 1124820698768334848, "date": "2019-05-04", "time": "19:38:47", "tweet": "@MLDDad_ Agreed. Betting on bankruptcy within 1-2 years is very different bet from a normal $TSLA short. The former, I would argue, is at best a gamble now, dependent on whether they will be able to do more capital raises. The latter seems to be as strong as ever.", "likes_count": 0, "replies_count": 0, "retweets_count": 0, "hashtags": []}
{"id": 1124819995643580418, "date": "2019-05-04", "time": "19:35:59", "tweet": "$tsla is a loser $tslaq", "likes_count": 0, "replies_count": 0, "retweets_count": 0, "hashtags": []}
{"id": 1124819891180249088, "date": "2019-05-04", "time": "19:35:34", "tweet": "I’ll take zero! $TSLA", "likes_count": 29, "replies_count": 1, "retweets_count": 5, "hashtags": []}
{"id": 1124819635755470849, "date": "2019-05-04", "time": "19:34:33", "tweet": "Lolz. $tsla", "likes_count": 3, "replies_count": 0, "retweets_count": 0, "hashtags": []}
{"id": 1124819320599601152, "date": "2019-05-04", "time": "19:33:18", "tweet": "$TSLA #ZeroToOne 💪😎⚡️🚀", "likes_count": 1, "replies_count": 0, "retweets_count": 0, "hashtags": ["zerotoone"]}
{"id": 1124818597929463809, "date": "2019-05-04", "time": "19:30:26", "tweet": "Lol 😂 Beam then up to Mars Scotty $tsla $tslaq", "likes_count": 1, "replies_count": 1, "retweets_count": 0, "hashtags": []}
{"id": 1124818510474096647, "date": "2019-05-04", "time": "19:30:05", "tweet": "ACTIVE TRADERS Try one of these FREE trading guides:   https://t.co/fiKTl92idg  $NFLX $TSLA $AAPL $TWTR $GS $FB $AMZN $GOOGL $NVDA", "likes_count": 0, "replies_count": 0, "retweets_count": 0, "hashtags": []}
{"id": 1124818231158628353, "date": "2019-05-04", "time": "19:28:59", "tweet": "$TSLA hmmmm  https://t.co/tArh7iSkkN", "likes_count": 1, "replies_count": 1, "retweets_count": 0, "hashtags": []}
{"id": 1124817960294649857, "date": "2019-05-04", "time": "19:27:54", "tweet": "The joke in 2008 was that $GM was an insurance company (health/pensions) that happened to make cars. $TSLA getting into the insurance business reminds me of what happened to $GM then.... Buffett is right again.", "likes_count": 3, "replies_count": 0, "retweets_count": 1, "hashtags": []}
{"id": 1124817574070562816, "date": "2019-05-04", "time": "19:26:22", "tweet": "When you have three tweets all about $tsla and call yourself electricity, you have zero credibility $tsla $tslaq", "likes_count": 1, "replies_count": 1, "retweets_count": 0, "hashtags": []}
{"id": 1124817255345401862, "date": "2019-05-04", "time": "19:25:06", "tweet": "With past performance like this, how can you not sign up for a Free 7-day trial to  https://t.co/mul51yisNv? Winning Option Swing Trades Since 2006  $BABA $GOOGL $TSLA $BIDU", "likes_count": 0, "replies_count": 0, "retweets_count": 0, "hashtags": []}
{"id": 1124817246063341568, "date": "2019-05-04", "time": "19:25:04", "tweet": "With past performance like this, how can you not sign up for a Free 7-day trial to  https://t.co/Pwg8fBFLyh? Winning Option Swing Trades Since 2006  $BABA $GOOGL $TSLA $BIDU", "likes_count": 0, "replies_count": 0, "retweets_count": 0, "hashtags": []}
{"id": 1124816790935298048, "date": "2019-05-04", "time": "19:23:15", "tweet": "Evening Most Tweeted Big Caps, check out Gambiste Top 10: $TSLA $TWTR $MELI $PINS $LYFT $TTD $INFO $CGC $SHOP $GS  https://t.co/k3uyuEbRpJ", "likes_count": 0, "replies_count": 0, "retweets_count": 0, "hashtags": []}
{"id": 1124816374969372672, "date": "2019-05-04", "time": "19:21:36", "tweet": "@rotemc20 @elonmusk @RampCapitalLLC this is the average $TSLA investor", "likes_count": 1, "replies_count": 1, "retweets_count": 0, "hashtags": []}
{"id": 1124815409792913409, "date": "2019-05-04", "time": "19:17:46", "tweet": "@elonmusk Please provide statistics on the number of cars returned and the timing of refunds. $tsla #model3refund", "likes_count": 10, "replies_count": 0, "retweets_count": 0, "hashtags": ["model3refund"]}
{"id": 1124814746367213568, "date": "2019-05-04", "time": "19:15:08", "tweet": "$TSLA - Tesla +5% after filing to raise $2B  https://t.co/5NICrSqIU4", "likes_count": 0, "replies_count": 0, "retweets_count": 0, "hashtags": []}
{"id": 1124814517718913024, "date": "2019-05-04", "time": "19:14:13", "tweet": "@elonmusk I think he called your insurance plan an abject failure. $tsla", "likes_count": 12, "replies_count": 2, "retweets_count": 0, "hashtags": []}
{"id": 1124813465934286849, "date": "2019-05-04", "time": "19:10:02", "tweet": "$TSLA New market information for Tesla, Inc.  at   https://t.co/GXAG0vUGwx #STOCKS #NASDAQ DataSwarm ref: 10515", "likes_count": 0, "replies_count": 0, "retweets_count": 0, "hashtags": ["stocks", "nasdaq"]}
{"id": 1124813314045902848, "date": "2019-05-04", "time": "19:09:26", "tweet": " https://t.co/Nb4m53Rpzg  #CVSI $GTII $GTBIF $CGC $CRON $APHA $ACB $TILT $LHS $HARV $CF $WEED $NBEV $HEXO $VFF $TRUL $MMEN $TLRY $WEED $CXXI $IAN $CBII $CURA  $TSLA $SPY #CBD #HEMP #CANNABIS #CBDREVIEWS #VETERANOWNED", "likes_count": 0, "replies_count": 0, "retweets_count": 0, "hashtags": ["cvsi", "cbd", "hemp", "cannabis", "cbdreviews", "veteranowned"]}
{"id": 1124813224329740295, "date": "2019-05-04", "time": "19:09:05", "tweet": "Market traders head over to the #TRICKTRADES #Youtube channel and do some studying over the weekend, lots of great free video lessons. $SPY $QQQ $AAPL $BABA $NVDA $TSLA $AMD $TWTR $BA $FB $NFLX $AMZN $GOOGL #EA  https://t.co/FgPPsiK95G", "likes_count": 1, "replies_count": 0, "retweets_count": 0, "hashtags": ["tricktrades", "youtube", "ea"]}
{"id": 1124813191249367041, "date": "2019-05-04", "time": "19:08:57", "tweet": "This is why I invested in $TSLA  Its investing in humanity.", "likes_count": 4, "replies_count": 0, "retweets_count": 0, "hashtags": []}
{"id": 1124812643993313280, "date": "2019-05-04", "time": "19:06:46", "tweet": "Tesla Will Now Raise Up to $2.7 Billion - But Is It Enough? $TSLA  https://t.co/MMyVlCduj5 via @TheStreet", "likes_count": 0, "replies_count": 0, "retweets_count": 0, "hashtags": []}
{"id": 1124812144082604033, "date": "2019-05-04", "time": "19:04:47", "tweet": "$TSLA", "likes_count": 0, "replies_count": 0, "retweets_count": 0, "hashtags": []}
{"id": 1124811877752737794, "date": "2019-05-04", "time": "19:03:44", "tweet": "@Pete_Clay 2003: LOSS 2004: LOSS 2005: LOSS 2006: LOSS 2007: LOSS 2008: LOSS 2009: LOSS 2010: LOSS 2011: LOSS 2012: LOSS 2013: LOSS 2014: LOSS 2015: LOSS 2016: LOSS 2017: LOSS 2018: LOSS 2019: Already lost $700 million. * $tsla $tslaq", "likes_count": 15, "replies_count": 3, "retweets_count": 4, "hashtags": []}
