{"id": 1086775274153205761, "date": "2019-01-19", "time": "18:59:51", "tweet": "Everyone should know this, but Elon Musk is NOT Steve Jobs...  $tsla $aapl", "likes_count": 1, "replies_count": 0, "retweets_count": 0, "hashtags": []}
{"id": 1086775108771950600, "date": "2019-01-19", "time": "18:59:11", "tweet": "@DakTrading I personally can't do undefined risk in my current account. I would assume shorting $TSLA and selling puts covered would be my best premium collection opportunity. Doing a vertical spread is going to lose most of that premium unless I had it super wide, larger risk situation eh?", "likes_count": 1, "replies_count": 1, "retweets_count": 0, "hashtags": []}
{"id": 1086774807478370305, "date": "2019-01-19", "time": "18:58:00", "tweet": "@JebKinnison Too late in my opinion. $tsla may keep the performance / range crown for a couple of years but with evs from Porsche, Audi, Jaguar &amp; co,  ev enthusiasts will remember what quality looks and feels like.", "likes_count": 1, "replies_count": 0, "retweets_count": 0, "hashtags": []}
{"id": 1086774711894257664, "date": "2019-01-19", "time": "18:57:37", "tweet": "Articulate review. $tsla  https://t.co/Y0fhb3vLP4", "likes_count": 1, "replies_count": 0, "retweets_count": 0, "hashtags": []}
{"id": 1086774436374736898, "date": "2019-01-19", "time": "18:56:31", "tweet": "526 lemmings screeching into the void  $tsla $tslaq  https://t.co/rjZUuB51py", "likes_count": 19, "replies_count": 2, "retweets_count": 1, "hashtags": []}
{"id": 1086773428755980288, "date": "2019-01-19", "time": "18:52:31", "tweet": "@Model3VINs as I said (with your point numbers added):  \"So when will $TSLA update (1) the gas savings calculator and (2) deceiving way of showing prices on website?\"", "likes_count": 0, "replies_count": 0, "retweets_count": 0, "hashtags": []}
{"id": 1086773285256421377, "date": "2019-01-19", "time": "18:51:57", "tweet": "People always talk about the HBS cases to be written on the corporate governance failure or the strategic/financial blunders. However, the one \"success\" has been the ability to attract workers willing to throw themselves into the breach. Quite a fascinating case. $tsla $tslaq", "likes_count": 2, "replies_count": 0, "retweets_count": 0, "hashtags": []}
{"id": 1086773181522731008, "date": "2019-01-19", "time": "18:51:32", "tweet": "Value add is now value subtract...  And btw, $tsla is a car company like DMC was a car company... $tsla", "likes_count": 0, "replies_count": 0, "retweets_count": 0, "hashtags": []}
{"id": 1086771759075024897, "date": "2019-01-19", "time": "18:45:53", "tweet": "@Araphatso @PlugInFUD @jaberwock2 @NotStockPricBro @Marshmall0wpeep @elonmusk Probably not w Tesla. Generally, it's about min wage plus commission. One selling say 10-12 cars/mo will make about $50k/yr. Good ones sell 17-20/mo and make about $100k. I don't think $TSLA salesmen average as many though. They only sell abt 50 cars/store/mo if I recall.", "likes_count": 0, "replies_count": 0, "retweets_count": 0, "hashtags": []}
{"id": 1086771549225566208, "date": "2019-01-19", "time": "18:45:03", "tweet": "NOW OFFERING 7 Day FREE Trial to  options day trading team Room or $TWTR feed   https://t.co/d6Qxe7qzJL $RH $AAPL $NFLX $TSLA $AMZN $GOOGL", "likes_count": 0, "replies_count": 0, "retweets_count": 0, "hashtags": []}
{"id": 1086771164251373569, "date": "2019-01-19", "time": "18:43:31", "tweet": "Ross Gerber is the ultimate argument.   https://t.co/AE3xW46s4s $TSLA $TSLAQ", "likes_count": 2, "replies_count": 0, "retweets_count": 0, "hashtags": []}
{"id": 1086770937159208962, "date": "2019-01-19", "time": "18:42:37", "tweet": "$tsla is Slashing it's workforce by 7% to Survive. Fixed it. Your welcome.", "likes_count": 10, "replies_count": 0, "retweets_count": 0, "hashtags": []}
{"id": 1086769936930750464, "date": "2019-01-19", "time": "18:38:38", "tweet": "@RussianTrollCap @Tweetermeyer Yep just like Battery Swap and solar tiles... $tsla", "likes_count": 0, "replies_count": 1, "retweets_count": 0, "hashtags": []}
{"id": 1086769591995502593, "date": "2019-01-19", "time": "18:37:16", "tweet": "@Stocksnpolitic1 $s spent per unit of pollution equivalency secured? $tsla", "likes_count": 0, "replies_count": 0, "retweets_count": 0, "hashtags": []}
{"id": 1086769569748766720, "date": "2019-01-19", "time": "18:37:11", "tweet": "@Tweetermeyer There will be one in Fremont in a yr or so... $tsla", "likes_count": 1, "replies_count": 0, "retweets_count": 0, "hashtags": []}
{"id": 1086769071885037569, "date": "2019-01-19", "time": "18:35:12", "tweet": "It appears there is some buyer's remorse among the $TSLA faithful.  https://t.co/x8fjw33J9X", "likes_count": 8, "replies_count": 4, "retweets_count": 1, "hashtags": []}
{"id": 1086768565561290754, "date": "2019-01-19", "time": "18:33:11", "tweet": "$TSLAQ journal club.  Let's debunk the stated \"mission\" of $TSLA.  TL;DL: HEVs/PHEVs are at least as green as BEVs, if not more so.  Let me show you why using a nice paper from ICCT (a pro-EV org) on life cycle assessment (LCA) on EV’s carbon footprint. 1/  https://t.co/qmPUCrLKLA", "likes_count": 41, "replies_count": 3, "retweets_count": 8, "hashtags": []}
{"id": 1086768527720304641, "date": "2019-01-19", "time": "18:33:02", "tweet": "Tesla is slashing its workforce by 7% to make a cheaper Model 3  https://t.co/nJ4WOVtAhz $TSLA  https://t.co/DYkPY2Axzk", "likes_count": 0, "replies_count": 0, "retweets_count": 0, "hashtags": []}
{"id": 1086768304671342592, "date": "2019-01-19", "time": "18:32:09", "tweet": "$TSLA  to cut 50 JOBS.      https://t.co/dmzJeya6ui", "likes_count": 0, "replies_count": 0, "retweets_count": 1, "hashtags": []}
{"id": 1086767786758680577, "date": "2019-01-19", "time": "18:30:06", "tweet": "ACTIVE TRADERS Try one of these FREE trading guides:   https://t.co/Y4M9EX9sKt  $NFLX $TSLA $AAPL $IBB $GS $FB $AMZN $GOOGL $NVDA", "likes_count": 0, "replies_count": 0, "retweets_count": 0, "hashtags": []}
{"id": 1086767314442379264, "date": "2019-01-19", "time": "18:28:13", "tweet": "1/18/19 bear flag pole formation round-up:  1. $TEAM 2. $TSLA", "likes_count": 0, "replies_count": 0, "retweets_count": 0, "hashtags": []}
{"id": 1086766655701696519, "date": "2019-01-19", "time": "18:25:36", "tweet": "$TSLA - I wonder if Tesla would have attempted to repo the vehicle if he couldn't show the deposited check. Like if he paid and Tesla lost that check....hmmm....", "likes_count": 5, "replies_count": 0, "retweets_count": 0, "hashtags": []}
{"id": 1086766467272531968, "date": "2019-01-19", "time": "18:24:51", "tweet": "$TSLA will be back however not soon. It will be uphill and not pretty journey to get mojo back.", "likes_count": 0, "replies_count": 0, "retweets_count": 0, "hashtags": []}
{"id": 1086766445076205568, "date": "2019-01-19", "time": "18:24:46", "tweet": "$TSLA Tesla hikes Supercharger prices worldwide to reflect changing costs  https://t.co/GZAeeBxOWr", "likes_count": 1, "replies_count": 0, "retweets_count": 0, "hashtags": []}
{"id": 1086764966953156609, "date": "2019-01-19", "time": "18:18:53", "tweet": "Time to ignore the Naughty Shortie noise Folks. $TSLA is about to announce a profitable Q4 after a stella Q3 and 2019 is full of promise with exports to Europe and China about to commence.", "likes_count": 26, "replies_count": 4, "retweets_count": 3, "hashtags": []}
{"id": 1086764806017900544, "date": "2019-01-19", "time": "18:18:15", "tweet": "Musk and Petit two peas in a pod. $TSLA $MDXG @AlderLaneeggs @AureliusValue", "likes_count": 6, "replies_count": 1, "retweets_count": 0, "hashtags": []}
{"id": 1086764374793117697, "date": "2019-01-19", "time": "18:16:32", "tweet": "@markbspiegel You would THINK all these excess M3s in lots across America would be on boats to the EU. Obviously they are not. Looks like they got shipped all over the country. $TSLA cannot manage its way out of a paper bag, leaving fraud issues to the side for a brief moment.", "likes_count": 5, "replies_count": 0, "retweets_count": 0, "hashtags": []}
{"id": 1086764001634275328, "date": "2019-01-19", "time": "18:15:03", "tweet": "1 to 4  trade alerts with 50% to 100% profit potential everyday, try our team  https://t.co/PEvkKd2FYI   $FB $NFLX $AMZN $SPX $TSLA $AAPL $GS", "likes_count": 0, "replies_count": 0, "retweets_count": 0, "hashtags": []}
{"id": 1086763566567440385, "date": "2019-01-19", "time": "18:13:20", "tweet": "From that Reddit thread of the guy that got laid off. Simple truth is it sounds like Enron can't manage for shit. $TSLA $TSLAQ @markbspiegel @mydoghasagun  https://t.co/Hh8qGmQqIo", "likes_count": 2, "replies_count": 2, "retweets_count": 0, "hashtags": []}
{"id": 1086763482593120257, "date": "2019-01-19", "time": "18:12:59", "tweet": "@jeffrey74658586 Hey Jeffrey! This is only for Friday. There was some activity prior to $TSLA gapping down.", "likes_count": 1, "replies_count": 1, "retweets_count": 0, "hashtags": []}
{"id": 1086763406126792704, "date": "2019-01-19", "time": "18:12:41", "tweet": "My Honda doesnt require a \"super computer\" and is as effective as any vehicle with traction control... $tsla", "likes_count": 1, "replies_count": 0, "retweets_count": 0, "hashtags": []}
{"id": 1086763182163668993, "date": "2019-01-19", "time": "18:11:48", "tweet": "The world is con-errific,,,and also features a light footed sissy seeder,,,lol,,,weeeeee  $TSLA", "likes_count": 0, "replies_count": 0, "retweets_count": 0, "hashtags": []}
{"id": 1086762713538224128, "date": "2019-01-19", "time": "18:09:56", "tweet": "@flowalgoapp Really surprised $TSLA isn’t on there!", "likes_count": 2, "replies_count": 1, "retweets_count": 0, "hashtags": []}
{"id": 1086762517831999488, "date": "2019-01-19", "time": "18:09:09", "tweet": "@DanFitzpatrick @Porsche The reorg I am speaking of leads to $tslaq. It’s just prettied up as a $tsla rescue for face-saving reasons.", "likes_count": 2, "replies_count": 0, "retweets_count": 0, "hashtags": []}
{"id": 1086761881577181184, "date": "2019-01-19", "time": "18:06:38", "tweet": "It's the #Weekend market traders head over to the #TRICKTRADES #Youtube channel and do some studying, plenty of great free content, long/short setups, scan setups, charting, etc and the #FalloutShelterPodcast  https://t.co/FgPPsiK95G $SPY $QQQ $AAPL $BABA $NVDA $TSLA $TWTR $AMD", "likes_count": 0, "replies_count": 0, "retweets_count": 0, "hashtags": ["weekend", "tricktrades", "youtube", "falloutshelterpodcast"]}
{"id": 1086761470866657282, "date": "2019-01-19", "time": "18:05:00", "tweet": "Analysts Read Into Tesla Layoffs As Investors Pull Back  https://t.co/4mZcHiLsnu $TSLA", "likes_count": 1, "replies_count": 0, "retweets_count": 1, "hashtags": []}
{"id": 1086760840932540422, "date": "2019-01-19", "time": "18:02:30", "tweet": "@CausalNexus They are running low in cash. Funding is a big headache now $TSLA", "likes_count": 2, "replies_count": 2, "retweets_count": 1, "hashtags": []}
{"id": 1086760502728974336, "date": "2019-01-19", "time": "18:01:09", "tweet": "@JebKinnison @markbspiegel @robinivski I don't think it's worth anything more than a niche high end boutique roadster company . I'd cut the the Model 3 &amp; bring it back to where it was 5 years ago . Keep the Roadstar &amp; maybe X . $tsla will make a great business school case study one day it's made all tge classuc errors", "likes_count": 1, "replies_count": 1, "retweets_count": 0, "hashtags": []}
{"id": 1086760421988667392, "date": "2019-01-19", "time": "18:00:50", "tweet": "$TSLA", "likes_count": 0, "replies_count": 0, "retweets_count": 0, "hashtags": []}
{"id": 1086760084397588480, "date": "2019-01-19", "time": "17:59:29", "tweet": "via BagholderQuotes: “Muted a bunch of shorts today, until global warming is fixed don't listen to them and buy the dip.” $TSLA $tsla  https://t.co/8lRVZZFR2i", "likes_count": 0, "replies_count": 0, "retweets_count": 0, "hashtags": []}
{"id": 1086759931380989952, "date": "2019-01-19", "time": "17:58:53", "tweet": "“Muted a bunch of shorts today, until global warming is fixed don't listen to them and buy the dip.” $TSLA  https://t.co/cE7yQ3XzeR", "likes_count": 31, "replies_count": 1, "retweets_count": 0, "hashtags": []}
{"id": 1086758591757877248, "date": "2019-01-19", "time": "17:53:33", "tweet": "@TeslaCharts Are you sure they are from $tsla? Is looks line different brands to me.  And the solar tiles look like shit...", "likes_count": 1, "replies_count": 0, "retweets_count": 0, "hashtags": []}
{"id": 1086758545679400965, "date": "2019-01-19", "time": "17:53:22", "tweet": "$TSLA is 7.1 points of the Nasdaq 100 while $AAPL is 3.8.", "likes_count": 0, "replies_count": 0, "retweets_count": 0, "hashtags": []}
{"id": 1086758353920016384, "date": "2019-01-19", "time": "17:52:37", "tweet": "“Wish Elon set earnings report this Wednesday or Thursday to freak the hell out of them shorties. Now they got a week to cover.” $TSLA  https://t.co/DLG8C7egGs", "likes_count": 17, "replies_count": 2, "retweets_count": 0, "hashtags": []}
{"id": 1086758254049320961, "date": "2019-01-19", "time": "17:52:13", "tweet": "Guess we know who’s riding $tsla all the way to zero. This was out AFTER Elon told us this spike up in growth was temporary and things are now getting more difficult... if you just keep looking backwards @ValueAnalyst1 you can pretend that the stock is staying at $300+ too bro", "likes_count": 5, "replies_count": 0, "retweets_count": 0, "hashtags": []}
{"id": 1086757796937416704, "date": "2019-01-19", "time": "17:50:24", "tweet": "via BagholderQuotes: “Has anyone ever considered what the stock would trade if Tesla allowed ANY company to use their Autopilot on a subscription basis?” $TSLA $tsla  https://t.co/x6QoHsNK5V", "likes_count": 0, "replies_count": 0, "retweets_count": 0, "hashtags": []}
{"id": 1086757415700385792, "date": "2019-01-19", "time": "17:48:53", "tweet": "“Has anyone ever considered what the stock would trade if Tesla allowed ANY company to use their Autopilot on a subscription basis?” $TSLA  https://t.co/2Eh3Qdp7O1", "likes_count": 69, "replies_count": 9, "retweets_count": 1, "hashtags": []}
{"id": 1086757338239795200, "date": "2019-01-19", "time": "17:48:35", "tweet": "twitter user deletes his complaint about no title since September 28th $tsla  https://t.co/zLW2IlOAZD", "likes_count": 9, "replies_count": 0, "retweets_count": 4, "hashtags": []}
{"id": 1086757021620322304, "date": "2019-01-19", "time": "17:47:19", "tweet": "Curious about pivots? Test drive the #Ps60 in the live webinar for 30 days . We been demonstrating the power of the pivot for years . It’s all about education and strategy . Click below and get started  https://t.co/e0esRTDL75 $tsla $amzn $nflx $baba $sq $roku $fb $googl $qqq  https://t.co/ejBDk4iS5F", "likes_count": 2, "replies_count": 0, "retweets_count": 0, "hashtags": ["ps60"]}
{"id": 1086756831895175170, "date": "2019-01-19", "time": "17:46:34", "tweet": "#StocksToWatch in #WallStreet: $TSLA #ElonMusk cuts #Tesla full-time workforce in 7%. Stock sink 13% on news.    https://t.co/unICpALiiE vía @MorningBrew", "likes_count": 0, "replies_count": 0, "retweets_count": 0, "hashtags": ["stockstowatch", "wallstreet", "elonmusk", "tesla"]}
{"id": 1086756617020952579, "date": "2019-01-19", "time": "17:45:43", "tweet": "$TSLA Tesla Motors  https://t.co/Tngxozz1wv  This thread is dedicated to Tesla :) #FundingSecured #Tesla  https://t.co/GGLZ3bBIAD", "likes_count": 3, "replies_count": 2, "retweets_count": 1, "hashtags": ["fundingsecured", "tesla"]}
{"id": 1086756114631454720, "date": "2019-01-19", "time": "17:43:43", "tweet": "#Tesla Model 3 is the efficiency king, watch here:  https://t.co/1gdcUbm9FY $TSLA #TeslaMotors #TeslaModel3 #ElectricVehicle #ElonMusk @InsideEVs", "likes_count": 19, "replies_count": 0, "retweets_count": 8, "hashtags": ["tesla", "teslamotors", "teslamodel3", "electricvehicle", "elonmusk"]}
{"id": 1086755321077551104, "date": "2019-01-19", "time": "17:40:34", "tweet": "@marketvoyeur Is that $TSLA", "likes_count": 0, "replies_count": 0, "retweets_count": 0, "hashtags": []}
{"id": 1086754845372174336, "date": "2019-01-19", "time": "17:38:40", "tweet": "$NSPX 13G Hedgefund buys 10%? What? WHY?💸✈  https://t.co/zul88QPUlQ $AAPL $GOOG $INTC $AMZN $MSFT $AKAM $CMCSA $PFE $MU $NFLX $NOK $XOM $UNH $DIS $HSY $NVDA $MRNS $UNP $BAC $ORCL $WMT $CHK $GLUU $AKS $TWTR $VZ $CTL $FCX $AMAT $TSLA $JPM $WFT $PTI $BIDU $MRK $BETR $AXP $RIG $HPQ  https://t.co/3J3LMz29IJ", "likes_count": 0, "replies_count": 0, "retweets_count": 0, "hashtags": []}
{"id": 1086754694578327552, "date": "2019-01-19", "time": "17:38:04", "tweet": "@sbalatan @elonmusk I don't know, I'm just a chart guy who's occasionally fascinated by elon's antics. Thanks for the info though and the next time I consider trading $TSLA i'll be checking out your stream.", "likes_count": 1, "replies_count": 0, "retweets_count": 0, "hashtags": []}
{"id": 1086754363937378305, "date": "2019-01-19", "time": "17:36:45", "tweet": "$NSPX signed commitment letter w\\ Milost Global Inc agreeing 2 terms 4 a commitment of up to $100 MILLION $AAPL $GOOG $INTC $AMZN $MSFT $AKAM $CMCSA $PFE $MU $NFLX $NOK $XOM $UNH $DIS $HSY $NVDA $MRNS $BAC $ORCL $WMT $CHK $NVCN $GLUU $AKS $CLDX $VZ $CTL $FCX $AMAT $TSLA $JPM $WFT  https://t.co/E9kkoWtCFa", "likes_count": 0, "replies_count": 0, "retweets_count": 0, "hashtags": []}
{"id": 1086754202171322368, "date": "2019-01-19", "time": "17:36:07", "tweet": "CEO Elon Musk has never been concerned about anything but false projections for the appearance of hypergrowth for an overvaluation, which is fraud. $TSLA has NEVER been a growth company. Tesla will NEVER be a growth company or profitable under the current business model or CEO.", "likes_count": 1, "replies_count": 0, "retweets_count": 0, "hashtags": []}
{"id": 1086754201064005632, "date": "2019-01-19", "time": "17:36:07", "tweet": "$TSLA CEO Elon Musk, who has publicly claimed he does not respect government agencies, is alleged to have also been deceptive in areas of regulatory &amp; compliance which accounts for the circles of hell, not for Tesla but consumers: *production *delivery  *service", "likes_count": 0, "replies_count": 1, "retweets_count": 0, "hashtags": []}
{"id": 1086754196995563520, "date": "2019-01-19", "time": "17:36:06", "tweet": "Since Tesla has been under DOJ criminal investigation $TSLA has been forced to clarify that: *$35k #Model3 does not exist *can no longer sell FSD *can no longer have a Customer Referral Program (2-1-19)", "likes_count": 2, "replies_count": 1, "retweets_count": 0, "hashtags": ["model3"]}
{"id": 1086754195045138432, "date": "2019-01-19", "time": "17:36:05", "tweet": "$TSLA's sales &amp; branding #FalseClaims include selling products that do not exist: *taking deposits on a $35k Tesla #Model3 that never existed *up-selling  Fully-Selling Driving FSD that never existed *Customer Referral program to win a roadster that never existed.", "likes_count": 2, "replies_count": 1, "retweets_count": 0, "hashtags": ["falseclaims", "model3"]}
{"id": 1086754192499257344, "date": "2019-01-19", "time": "17:36:05", "tweet": "Tesla's sales &amp; branding campaigns are predatory &amp; deceptive, further proving $TSLA was NEVER a growth company. The use of false projections (based on investor ROI &amp; NOT what the auto sales market can bear) further prove that *growth* without profitability = fraud", "likes_count": 0, "replies_count": 1, "retweets_count": 0, "hashtags": []}
{"id": 1086754190343327744, "date": "2019-01-19", "time": "17:36:04", "tweet": "is engaged in fraud from sales, branding, regulatory &amp; compliance. Employees, who do not understand this, mistakenly reach out to execitives, management &amp; HR; but, quickly learn Tesla does not want to fix the problems, $TSLA wants to eliminate people exposing the problems.", "likes_count": 1, "replies_count": 1, "retweets_count": 0, "hashtags": []}
{"id": 1086754186962690048, "date": "2019-01-19", "time": "17:36:03", "tweet": "Companies like Tesla knowingly &amp; willingly build fraud into their business model. Which means $TSLA was NEVER a growth company. Any 15-year-old company who can't show a single year of profitability is NOT growing because the company...", "likes_count": 3, "replies_count": 1, "retweets_count": 0, "hashtags": []}
{"id": 1086753895752167425, "date": "2019-01-19", "time": "17:34:54", "tweet": "@markbspiegel @robinivski @ctindale I haven’t looked into his accounts lately. Say Ellison rounds up Bay Area buddies so they can crossmarket Oracle products, yachts, and EV race cars. Something japanese garden zen bushido Samurai. Don’t think $tsla is worth $5 billion even without liabilities, but I am not on BoD.", "likes_count": 2, "replies_count": 2, "retweets_count": 0, "hashtags": []}
{"id": 1086753151670075392, "date": "2019-01-19", "time": "17:31:56", "tweet": "@kamiari_ Indeed. Go $tsla go! Stockholm syndrome in full view.", "likes_count": 2, "replies_count": 0, "retweets_count": 0, "hashtags": []}
{"id": 1086752943766888448, "date": "2019-01-19", "time": "17:31:07", "tweet": "Deceiving practice of listing price has nothing to do with Superchargers.  It’s the fact they show price as X-Y on the site, until later showing your cash outlay is actually X, and you might at some point save Y over time. $TSLA", "likes_count": 7, "replies_count": 2, "retweets_count": 0, "hashtags": []}
{"id": 1086752779119591429, "date": "2019-01-19", "time": "17:30:28", "tweet": "$NSPX 0027? CANCER PATENT GRANTED 130MIL O\\S! $NVCN $SPY $GDX $FB $RNVA $BAC $GE $XLF $EEM $HLT $TVIX $QQQ $MU $KEY $VXX $F $AMD $TWTR $RSX $GDXJ $BBD $UVXY $EYEG $JCP $EGO $AAPL $GERN $ESV $NFLX $INDY $CLDX $NRZ $BPMX $SPWH $DBX $PAY $BBD $UVXY $NRZ $SPWH $DBX $SQ $AZUL $TSLA $S  https://t.co/wv06LRcgF3", "likes_count": 0, "replies_count": 0, "retweets_count": 0, "hashtags": []}
{"id": 1086752692712689664, "date": "2019-01-19", "time": "17:30:07", "tweet": "ACTIVE TRADERS Try one of these FREE trading guides:   https://t.co/1qji7eqHHX  $NFLX $TSLA $AAPL $JWN $GS $FB $AMZN $GOOGL $NVDA", "likes_count": 0, "replies_count": 0, "retweets_count": 0, "hashtags": []}
{"id": 1086752648206770176, "date": "2019-01-19", "time": "17:29:56", "tweet": "Friday's Top Bullish Option Flow.  FlowAlgo, add up every Call order for Friday and show me a cumulative view of the days bullish flow by symbol. 🤖  Snapshot is available for the day, the week, and on-demand historically. $SPX $SPY $QQQ $CRM $FB $EFA $NVDA $TSLA $NFLX $TWTR $TME  https://t.co/1vwgSN6E7T", "likes_count": 12, "replies_count": 0, "retweets_count": 1, "hashtags": []}
{"id": 1086751758997704704, "date": "2019-01-19", "time": "17:26:24", "tweet": "Lol  $tsla", "likes_count": 3, "replies_count": 1, "retweets_count": 0, "hashtags": []}
{"id": 1086751495608066048, "date": "2019-01-19", "time": "17:25:22", "tweet": "Folks just block these two accounts @TeslaQ3 @WPippergerq and move on. No need to waste time with trolls. $tsla $tslaq", "likes_count": 0, "replies_count": 0, "retweets_count": 0, "hashtags": []}
{"id": 1086751432206966784, "date": "2019-01-19", "time": "17:25:06", "tweet": "@sbalatan just admit you are wrong and buy a $tsla, deal?", "likes_count": 0, "replies_count": 1, "retweets_count": 0, "hashtags": []}
{"id": 1086751083182022658, "date": "2019-01-19", "time": "17:23:43", "tweet": "@librab103 @S_Padival @davidtayar5 @Alpsoy66 @martinengwicht @kimpaquette @TArkesteijn @WPipperger @SteveHamel16 @ICannot_Enough @kulpability @annerajb @macrockets @EcoHeliGuy @tradeomat Us $TSLAQ members do get paid by the tweet, at least that's what the $TSLA bulls think 😎", "likes_count": 2, "replies_count": 1, "retweets_count": 0, "hashtags": []}
{"id": 1086750636186644480, "date": "2019-01-19", "time": "17:21:57", "tweet": "@sbalatan @elonmusk $TSLA Well I can't really argue w/ you.  But I would guess that many Put holders probably exited thr positions w/ the run up to the 18th expiry. IMO &amp; I know it's crazy, but at this point I think @elonmusk hates shorts so much that he doesn't mind hurting longs. I know...crazy.", "likes_count": 0, "replies_count": 1, "retweets_count": 0, "hashtags": []}
{"id": 1086750613847920640, "date": "2019-01-19", "time": "17:21:51", "tweet": "#Tesla $TSLA @elonmusk has to cut over 3,000 jobs in order to increase production on the #Model3.  Sounds like a successful company?", "likes_count": 0, "replies_count": 0, "retweets_count": 0, "hashtags": ["tesla", "model3"]}
{"id": 1086750117166632960, "date": "2019-01-19", "time": "17:19:53", "tweet": "@librab103 @davidtayar5 @Alpsoy66 @martinengwicht @kimpaquette @TArkesteijn @WPipperger @S_Padival @SteveHamel16 @ICannot_Enough @kulpability @annerajb @macrockets @EcoHeliGuy @tradeomat Does that include time spent, time is money to many ppl... $tsla", "likes_count": 0, "replies_count": 1, "retweets_count": 0, "hashtags": []}
{"id": 1086749915240370176, "date": "2019-01-19", "time": "17:19:05", "tweet": "“Let’s all be honest, we all should've expected at least 1 bear raid before ER.” $TSLA  https://t.co/eZC48jlqfV", "likes_count": 41, "replies_count": 0, "retweets_count": 5, "hashtags": []}
{"id": 1086749643298484225, "date": "2019-01-19", "time": "17:18:00", "tweet": "File under Didn’t Age Well $TSLA  https://t.co/Yb0Mzs0dbu", "likes_count": 88, "replies_count": 12, "retweets_count": 13, "hashtags": []}
{"id": 1086749641389989888, "date": "2019-01-19", "time": "17:17:59", "tweet": "USA DOW JONES #10YearChallenge  $DJIA $SPY $FB $AAPL $GOOG $GOOGL $AMZN $NFLX $TSLA #STOCKMARKET #PATENCE  https://t.co/9gjkIzyODW", "likes_count": 3, "replies_count": 0, "retweets_count": 2, "hashtags": ["10yearchallenge", "stockmarket", "patence"]}
{"id": 1086749451706871808, "date": "2019-01-19", "time": "17:17:14", "tweet": "via BagholderQuotes: “I will make love to Pelosi at $420” $TSLA $tsla", "likes_count": 0, "replies_count": 0, "retweets_count": 0, "hashtags": []}
{"id": 1086749054099484673, "date": "2019-01-19", "time": "17:15:39", "tweet": "“I will make love to Pelosi at $420” $TSLA", "likes_count": 52, "replies_count": 11, "retweets_count": 3, "hashtags": []}
{"id": 1086748905147113472, "date": "2019-01-19", "time": "17:15:04", "tweet": "NOW OFFERING 7 Day FREE Trial to  options day trading team Room or $TWTR feed   https://t.co/WqUnYB3f8e $FB $AAPL $NFLX $TSLA $AMZN $GOOGL", "likes_count": 0, "replies_count": 0, "retweets_count": 0, "hashtags": []}
{"id": 1086748904174075904, "date": "2019-01-19", "time": "17:15:04", "tweet": "@sbalatan So you didn’t know anything tsunami of hurts? For roadster 2, 2020 maybe 2021 definitely $tsla", "likes_count": 0, "replies_count": 1, "retweets_count": 0, "hashtags": []}
{"id": 1086747756973121536, "date": "2019-01-19", "time": "17:10:30", "tweet": "@davidtayar5 @librab103 @Alpsoy66 @martinengwicht @kimpaquette @TArkesteijn @WPipperger @S_Padival @SteveHamel16 @ICannot_Enough @kulpability @annerajb @macrockets @EcoHeliGuy @tradeomat So, what you are saying, most $tsla owners own a home to charge at.   What is home ownership rate in CA?", "likes_count": 0, "replies_count": 2, "retweets_count": 0, "hashtags": []}
{"id": 1086747290352513025, "date": "2019-01-19", "time": "17:08:39", "tweet": "$TSLA  https://t.co/vJk6tS0llV", "likes_count": 2, "replies_count": 0, "retweets_count": 1, "hashtags": []}
{"id": 1086747274259111937, "date": "2019-01-19", "time": "17:08:35", "tweet": "@sbalatan oh so you DID believe $tsla can deliver model 3 in 2017 but not the $35k, am I right? 😂", "likes_count": 0, "replies_count": 1, "retweets_count": 0, "hashtags": []}
{"id": 1086747075390464000, "date": "2019-01-19", "time": "17:07:48", "tweet": "$TSLA open interest for maturity 01/25/2019. High put=330.00 High call=350.00 #maxpain #options  https://t.co/OOMW1It7NC  https://t.co/ajLfPRtYZZ", "likes_count": 1, "replies_count": 0, "retweets_count": 0, "hashtags": ["maxpain", "options"]}
{"id": 1086745460704858112, "date": "2019-01-19", "time": "17:01:23", "tweet": "\"The essence of strategy is choosing what not to do.\" Michael Porter $tsla $tslaq", "likes_count": 3, "replies_count": 0, "retweets_count": 0, "hashtags": []}
{"id": 1086745319960965120, "date": "2019-01-19", "time": "17:00:49", "tweet": "@AsshatTrading @markbspiegel @TeslaCharts @JebKinnison $tsla would have gone bk if Elon weren’t a CEO!", "likes_count": 0, "replies_count": 0, "retweets_count": 0, "hashtags": []}
{"id": 1086745217498259457, "date": "2019-01-19", "time": "17:00:25", "tweet": "Don't miss our next FREE OPTION TRADE.  Sign up for our Daily Free Trades at  https://t.co/oyhLpoRuXn $NVDA $TSLA $GS $REGN $BAC $GOOGL $FB", "likes_count": 0, "replies_count": 0, "retweets_count": 0, "hashtags": []}
{"id": 1086745193544466433, "date": "2019-01-19", "time": "17:00:19", "tweet": "I see few people in my trading circle unnecessarily picking up fights with a troll here n a troll there and share it with public.. dont think they are that thin skinned.. they just want to get the attention..  $TSLA $SPX Good marketing ploy", "likes_count": 0, "replies_count": 0, "retweets_count": 0, "hashtags": []}
{"id": 1086745005534908417, "date": "2019-01-19", "time": "16:59:34", "tweet": "@PlugInFUD the end is nigh  $tsla $tslaq", "likes_count": 0, "replies_count": 0, "retweets_count": 0, "hashtags": []}
{"id": 1086744700114165762, "date": "2019-01-19", "time": "16:58:21", "tweet": "@sbalatan the same question for model 3 in 2016 right? let’s be honest here or you were born after that? $tsla", "likes_count": 0, "replies_count": 1, "retweets_count": 0, "hashtags": []}
{"id": 1086744312564477952, "date": "2019-01-19", "time": "16:56:49", "tweet": "@markbspiegel @robinivski @JebKinnison Ellison pissed is a very scary guy . He'd be landing his financial guys @ $tsla like paratroopers . If he's losing as much money as you guess he'd be incandescent about now.", "likes_count": 1, "replies_count": 0, "retweets_count": 0, "hashtags": []}
{"id": 1086743652045672448, "date": "2019-01-19", "time": "16:54:12", "tweet": "$TSLA - When are Roadsters supposed to roll off the assembly line?", "likes_count": 5, "replies_count": 3, "retweets_count": 0, "hashtags": []}
{"id": 1086743579911995392, "date": "2019-01-19", "time": "16:53:54", "tweet": "@TeslaCharts Despite $TSLA being a long way behind everyone else. Another miracle reported by Fred", "likes_count": 5, "replies_count": 0, "retweets_count": 0, "hashtags": []}
{"id": 1086743369655697408, "date": "2019-01-19", "time": "16:53:04", "tweet": "$TSLA  new alert at  https://t.co/A7qrDarJHY  #stocks #daytrading  #NYSE #NASDAQ #market 2206", "likes_count": 0, "replies_count": 0, "retweets_count": 0, "hashtags": ["stocks", "daytrading", "nyse", "nasdaq", "market"]}
{"id": 1086742986828988416, "date": "2019-01-19", "time": "16:51:33", "tweet": "Looks like a mass market product to me.  $TSLA  https://t.co/i10iqSmM8b", "likes_count": 27, "replies_count": 10, "retweets_count": 2, "hashtags": []}
{"id": 1086742901206466561, "date": "2019-01-19", "time": "16:51:13", "tweet": "@PlugInFUD @elonmusk Getting one of these or the new Porsche Cayenne e-hybrid next year.  Gift for $TSLA going $TSLAQ", "likes_count": 9, "replies_count": 1, "retweets_count": 0, "hashtags": []}
{"id": 1086742805664260096, "date": "2019-01-19", "time": "16:50:50", "tweet": "@diggydoy2 I'm saving this to use for my $TSLAQ bears when $TSLA inevitably goes back over 350. Safe to say both sides have experienced some big gains/losses with this stocks wild volatility", "likes_count": 0, "replies_count": 0, "retweets_count": 0, "hashtags": []}
{"id": 1086742355451858944, "date": "2019-01-19", "time": "16:49:02", "tweet": "@Alpsoy66 @librab103 @martinengwicht @kimpaquette @TArkesteijn @WPipperger @S_Padival @davidtayar5 @SteveHamel16 @ICannot_Enough @kulpability @annerajb @macrockets @EcoHeliGuy @tradeomat Keep saying that and some day you may believe it like i \"believe\" that battery swap was a thing...  And you are forgetting about the people who use their $tsla to travel out of range of their homes...  And what does a home charger cost?", "likes_count": 0, "replies_count": 1, "retweets_count": 0, "hashtags": []}
{"id": 1086742102908784643, "date": "2019-01-19", "time": "16:48:02", "tweet": "$TSLA service center rep today  \"We have LOTS of inventory.\"  \"Many of the cars built in November and December weren't matched with a buyer.\"  We strolled through several pages of local inventory. Difficult to estimate total.  Rep pressured me to buy today.  FWIW", "likes_count": 35, "replies_count": 4, "retweets_count": 5, "hashtags": []}
{"id": 1086742007165394944, "date": "2019-01-19", "time": "16:47:39", "tweet": "Look what i found in the east village...  #etron @elonmusk   $tsla $tslaq  https://t.co/pGyuhB7H2z", "likes_count": 37, "replies_count": 3, "retweets_count": 3, "hashtags": ["etron"]}
{"id": 1086740342244810753, "date": "2019-01-19", "time": "16:41:02", "tweet": "@Alpsoy66 @librab103 @martinengwicht @kimpaquette @TArkesteijn @WPipperger @S_Padival @davidtayar5 @SteveHamel16 @ICannot_Enough @kulpability @annerajb @macrockets @EcoHeliGuy @tradeomat Less than expected now that there is no more free charging and that the price is going up...  \"It looks like the price went up globally by roughly 33% based on most markets reviewed by Electrek\" $tsla", "likes_count": 1, "replies_count": 2, "retweets_count": 0, "hashtags": []}
{"id": 1086739650595745795, "date": "2019-01-19", "time": "16:38:18", "tweet": "@librab103 @martinengwicht @kimpaquette @TArkesteijn @WPipperger @S_Padival @davidtayar5 @SteveHamel16 @ICannot_Enough @kulpability @annerajb @macrockets @EcoHeliGuy @tradeomat How many cars do u think $tsla will sell in europe in 2019?", "likes_count": 1, "replies_count": 3, "retweets_count": 0, "hashtags": []}
{"id": 1086739089901187073, "date": "2019-01-19", "time": "16:36:04", "tweet": "Who wrote this press release and where was our visionary leader when this went out ?  Was he locked in the facilities @SpaceX or stuck in a @boringcompany tunnel in a M3.  $TSLA  https://t.co/j1O783mdXi", "likes_count": 1, "replies_count": 1, "retweets_count": 0, "hashtags": []}
{"id": 1086738997639041025, "date": "2019-01-19", "time": "16:35:42", "tweet": "Losers-3 $TSLA -13% $AGF -13% $CADC -12% $MBOT -12% $LMFA -12% $GLG -12% $SAEX -11% $LPCN -11%", "likes_count": 0, "replies_count": 0, "retweets_count": 0, "hashtags": []}
{"id": 1086738975757193216, "date": "2019-01-19", "time": "16:35:37", "tweet": "$TSLA $TSLAQ  https://t.co/GfTl1kvHru", "likes_count": 0, "replies_count": 0, "retweets_count": 0, "hashtags": []}
{"id": 1086738903284023296, "date": "2019-01-19", "time": "16:35:19", "tweet": "Some quick chart homework while in #Aruba. Away from the snow in my hometown. $SPY $TWTR $FB $NFLX $AMZN $AMD $TSLA $GOOG $CGC  https://t.co/awN0vceGB1", "likes_count": 2, "replies_count": 0, "retweets_count": 0, "hashtags": ["aruba"]}
{"id": 1086738803941728256, "date": "2019-01-19", "time": "16:34:56", "tweet": "@markbspiegel Also, the vertical integration which was necessary to pioneer will come back to kill $tsla. Stuck with making batteries that could be obsoleted by a dozen other players, something that aboslutely will happen because as far as I can tell Tesla does little battery research.", "likes_count": 0, "replies_count": 1, "retweets_count": 1, "hashtags": []}
{"id": 1086738691937062912, "date": "2019-01-19", "time": "16:34:29", "tweet": "@TeslaCharts This is actually bullish for $TSLA bulls if true.  A Chapter 11 would at least give a chance for a stub equity valuation, no matter how long the odds.  Scorched earth Chap 7 would leave nothing.", "likes_count": 4, "replies_count": 1, "retweets_count": 0, "hashtags": []}
{"id": 1086737595231547392, "date": "2019-01-19", "time": "16:30:07", "tweet": "ACTIVE TRADERS Try one of these FREE trading guides:   https://t.co/N4uab8gmHY  $NFLX $TSLA $AAPL $BIDU $GS $FB $AMZN $GOOGL $NVDA", "likes_count": 0, "replies_count": 0, "retweets_count": 0, "hashtags": []}
{"id": 1086737149662236680, "date": "2019-01-19", "time": "16:28:21", "tweet": "If Tesla goes bk most of the $TSLA blame has to be on the @SEC_Enforcement and @DOJPH. It was obvious to everyone @elonmusk was making up claims and setting unrealistic targets without filing 8K  but SEC let him get away with it forever. Why should any CEO tell the truth?", "likes_count": 0, "replies_count": 0, "retweets_count": 0, "hashtags": []}
{"id": 1086737051553357825, "date": "2019-01-19", "time": "16:27:58", "tweet": "If Tesla goes bk most of the $TSLA blame has to be on the @SEC_Enforcement and @DOJPH. It was obvious to everyone @elonmusk was making up claims and setting unrealistic targets without filing 8K  but SEC let him get away with it forever. Why should any CEO tell the truth?", "likes_count": 0, "replies_count": 0, "retweets_count": 0, "hashtags": []}
{"id": 1086736093331030016, "date": "2019-01-19", "time": "16:24:09", "tweet": "$TSLA  new alert at  https://t.co/A7qrDarJHY  #stocks #daytrading  #NYSE #NASDAQ #market 2176", "likes_count": 0, "replies_count": 0, "retweets_count": 0, "hashtags": ["stocks", "daytrading", "nyse", "nasdaq", "market"]}
{"id": 1086735989131956224, "date": "2019-01-19", "time": "16:23:45", "tweet": "Spoke with my model 3 holder friend who has had the car for 6 months   Pro:  -He loves the car -It worked fine for long road trips -No repairs yet  Cons: -1 month for registration (NY) -Door handle froze today  -Car has less range in winter  $tsla $tslaq", "likes_count": 2, "replies_count": 2, "retweets_count": 0, "hashtags": []}
{"id": 1086735885104762880, "date": "2019-01-19", "time": "16:23:20", "tweet": "Study $TSLA daily chart that will go down til oversold. Is it easy to read cuz you can see 5sma downtrending?  https://t.co/RjpjXf0HEs", "likes_count": 24, "replies_count": 2, "retweets_count": 5, "hashtags": []}
{"id": 1086735744163594242, "date": "2019-01-19", "time": "16:22:46", "tweet": "This. All day this. 👇🏼👇🏼👇🏼 $TSLA", "likes_count": 51, "replies_count": 3, "retweets_count": 6, "hashtags": []}
{"id": 1086735384279625728, "date": "2019-01-19", "time": "16:21:20", "tweet": "@Butters2006 @WehbyJammin The real numbers to reach mass market is to offer a vehicle in the low $30k range, withoutm that price point as Elon points out, $TSLA will struggle to enter the mass market.", "likes_count": 0, "replies_count": 1, "retweets_count": 0, "hashtags": []}
{"id": 1086734587601002503, "date": "2019-01-19", "time": "16:18:10", "tweet": "$tsla theory. Lots of interesting changes have unfolded in the last few weeks.", "likes_count": 1, "replies_count": 0, "retweets_count": 0, "hashtags": []}
{"id": 1086733879858380805, "date": "2019-01-19", "time": "16:15:22", "tweet": "$SPY approaching the 2,700 mark and downtrend. Break above trend line would IMO, get us to new highs quickly. $AAPL $NFLX $AMZN $TSLA $FB  https://t.co/riyK04HWtI", "likes_count": 0, "replies_count": 0, "retweets_count": 0, "hashtags": []}
{"id": 1086733577117671424, "date": "2019-01-19", "time": "16:14:09", "tweet": "@JHaakona @scot_work @Tesla is it free to update? does it have OTA? drive on Nav? $tsla 😬", "likes_count": 0, "replies_count": 1, "retweets_count": 0, "hashtags": []}
{"id": 1086733352399450112, "date": "2019-01-19", "time": "16:13:16", "tweet": "⚠️EVs accounted for 1% of cars sold worldwide last year; as prices fall, we estimate that EVs will be 100% of cars sold in ~20 years. ⚠️ #model3 $tsla #ev   https://t.co/y1XThBKk2r", "likes_count": 0, "replies_count": 0, "retweets_count": 0, "hashtags": ["model3", "ev"]}
{"id": 1086733266097451008, "date": "2019-01-19", "time": "16:12:55", "tweet": "@sbalatan I’m staying put till after earnings (unless the stock moves to the 240’s).  This thing has been trading in a pretty defined range for 2 years now.  Whether you are a bear or a bull, if you have lost money on $TSLA then you haven’t been paying attention.", "likes_count": 1, "replies_count": 0, "retweets_count": 0, "hashtags": []}
{"id": 1086732501077426178, "date": "2019-01-19", "time": "16:09:53", "tweet": "@Butters2006 @style_and_steel What is your definition of mass market? Is 300k annual run rate mass market? 400? How about 200k? And better yet, would 150k be mass market? Because that’s closer to what US sales will be in 2019 $TSLA", "likes_count": 0, "replies_count": 1, "retweets_count": 0, "hashtags": []}
{"id": 1086732056510513152, "date": "2019-01-19", "time": "16:08:07", "tweet": "$TSLA  new alert at  https://t.co/A7qrDarJHY  #stocks #daytrading  #NYSE #NASDAQ #market 2134", "likes_count": 0, "replies_count": 0, "retweets_count": 0, "hashtags": ["stocks", "daytrading", "nyse", "nasdaq", "market"]}
{"id": 1086731389230292994, "date": "2019-01-19", "time": "16:05:28", "tweet": "$TSLA ... can you say \"bankwupt\"?   https://t.co/H7ZfwCam4U  https://t.co/XV5c06loLx", "likes_count": 2, "replies_count": 1, "retweets_count": 0, "hashtags": []}
{"id": 1086730595798007814, "date": "2019-01-19", "time": "16:02:19", "tweet": "@Araphatso @Campy_the_Rat @CathieDWood @ARKInvest @CNBC Cathie's $TSLA analysis is truly superficial &amp; ill-informed. No doubt she's a nice person, but there's just no getting over the fact that her \"worst case 600\" is absurd.", "likes_count": 2, "replies_count": 2, "retweets_count": 0, "hashtags": []}
{"id": 1086730167681191937, "date": "2019-01-19", "time": "16:00:37", "tweet": "251 Profit-Packed Option Trades Yearly--Delivered to Your Inbox Daily--FREE!  https://t.co/oKmVOgUu2A $BABA $GOOGL $TSLA $BIDU", "likes_count": 0, "replies_count": 0, "retweets_count": 0, "hashtags": []}
{"id": 1086730033140387840, "date": "2019-01-19", "time": "16:00:05", "tweet": "Call out to all #tesla #TeslaModel3 #teslamodels buyers...  \"It looks like the price went up globally by roughly 33% based on most markets reviewed by Electrek\" $TSLA", "likes_count": 0, "replies_count": 0, "retweets_count": 0, "hashtags": ["tesla", "teslamodel3", "teslamodels"]}
{"id": 1086730027771875335, "date": "2019-01-19", "time": "16:00:03", "tweet": "@Butters2006 @style_and_steel A luxury price point to a niche group of buyers that are now exhausted. $TSLA", "likes_count": 1, "replies_count": 1, "retweets_count": 0, "hashtags": []}
{"id": 1086729697231290368, "date": "2019-01-19", "time": "15:58:44", "tweet": "@Alpsoy66 Haha! Can you photoshop a $TSLA logo onto his hat?", "likes_count": 0, "replies_count": 2, "retweets_count": 0, "hashtags": []}
{"id": 1086729397502074880, "date": "2019-01-19", "time": "15:57:33", "tweet": "Will the “price after gas savings” go from less than list price to more than list price? $tsla", "likes_count": 14, "replies_count": 0, "retweets_count": 1, "hashtags": []}
{"id": 1086729238718234624, "date": "2019-01-19", "time": "15:56:55", "tweet": "\"It looks like the price went up globally by roughly 33% based on most markets reviewed by Electrek\"  Is 33% a big increase? Asking for a friend... $tsla   https://t.co/jhGiTBKKUG", "likes_count": 0, "replies_count": 0, "retweets_count": 0, "hashtags": []}
{"id": 1086729107549765632, "date": "2019-01-19", "time": "15:56:24", "tweet": "This tragi-comedy has been overlooked in yesterday's $tsla news:  the profit warning makes that analyst at @Wedbush look like a complete stooge, verifying the unconditional idiocy of his $440 price target - nice job, Dan Ives $tslaq", "likes_count": 4, "replies_count": 0, "retweets_count": 1, "hashtags": []}
{"id": 1086728841819840512, "date": "2019-01-19", "time": "15:55:20", "tweet": "Watchlist for next week.  For entries and exits, you will need premium membership.  $TSLA $AAPL $AMZN $QQQ $FB $IBM $PG $OSTK $TEX  https://t.co/2luavzRaRb", "likes_count": 0, "replies_count": 0, "retweets_count": 0, "hashtags": []}
{"id": 1086728356727422977, "date": "2019-01-19", "time": "15:53:25", "tweet": "7/ ... leaves customer warranties intact, withdraws the FSD-summon-AP claims and makes safety a real (as opposed ot PR) priority. New $tsla can be profitable selling specialty cars to status seekers. SpaceX can keep launching without the Mars and global internet BS. /end", "likes_count": 43, "replies_count": 5, "retweets_count": 0, "hashtags": []}
{"id": 1086728355246788608, "date": "2019-01-19", "time": "15:53:24", "tweet": "6/ Downsizes $tsla to focus on lux/performance niche, puts SpaceX under control of its other investors, promotes Musk to emeritus BS artist, prevents him from looting one company to paper over his mistakes at another, saves the hardworking competent employees...", "likes_count": 38, "replies_count": 3, "retweets_count": 0, "hashtags": []}
{"id": 1086728353762004992, "date": "2019-01-19", "time": "15:53:24", "tweet": "5/ From outside I see only the pattern gleaned from reading diverse sources. It’s consistent with a complex reorg that forces debtholders to take new equity, lets $tsla escape Musk’s mistakes (Mod 3 robotic mass production failure, $scty, solar roof tiles fraud, lawsuits...)", "likes_count": 26, "replies_count": 1, "retweets_count": 1, "hashtags": []}
{"id": 1086728349139951616, "date": "2019-01-19", "time": "15:53:23", "tweet": "2/ Supercharging global price hike (to be replaced by localized prices posted by app), end of referrals / paid microinfluencer campaigns, Musk letter disclosing lower Q4 profits and suggesting Q1-19 losses, toned-down $tsla pumps in general.", "likes_count": 35, "replies_count": 1, "retweets_count": 2, "hashtags": []}
{"id": 1086728339753029632, "date": "2019-01-19", "time": "15:53:21", "tweet": "1/ Theories floated: someone(s) forcing rationalization at $tsla to present a plan for long-term profitability. Actors: A&amp;M, Larry Ellison, various bankers, Butswinkas. Actions: RIFs at Tesla and SpaceX, dropped lease Port of LA SpaceX (for unfunded Mars - BFR missions)...", "likes_count": 158, "replies_count": 21, "retweets_count": 33, "hashtags": []}
{"id": 1086728226058260480, "date": "2019-01-19", "time": "15:52:54", "tweet": "Not when $TSLA go bust", "likes_count": 1, "replies_count": 0, "retweets_count": 0, "hashtags": []}
{"id": 1086727878069420033, "date": "2019-01-19", "time": "15:51:31", "tweet": "Just another fresh self-explaining screenshot from Tesla TMC tracker... $TSLAQ $TSLA  https://t.co/WnaVDPDWTU", "likes_count": 4, "replies_count": 2, "retweets_count": 0, "hashtags": []}
{"id": 1086727859102597120, "date": "2019-01-19", "time": "15:51:26", "tweet": "$TSLA free lifetime supercharging is a better “store of value” than other cryptos ⚡️😎🚀", "likes_count": 0, "replies_count": 0, "retweets_count": 0, "hashtags": []}
{"id": 1086727701061201920, "date": "2019-01-19", "time": "15:50:49", "tweet": "@Dope007 One thing for sure, the long range $tsla travelers are screwed, you know, the ones that have to plan their stops to ensure they get where they are going...", "likes_count": 1, "replies_count": 0, "retweets_count": 0, "hashtags": []}
{"id": 1086727322517024774, "date": "2019-01-19", "time": "15:49:18", "tweet": "List of Unusual Puts on Friday: $XLRE $NIO $KEM $SPY $TSLA $ADNT $BKLN $RDFN $GME $COG $KEM  https://t.co/2luavzRaRb", "likes_count": 0, "replies_count": 0, "retweets_count": 1, "hashtags": []}
{"id": 1086726841090621440, "date": "2019-01-19", "time": "15:47:23", "tweet": "OMG layoffs!! $TSLA is a zero now!   Jun 2018: Lay off 9% of ~35K workforce  https://t.co/slDgmlPFGb  Oct 2018: Workforce increased to ~45K  https://t.co/DptX4ceeu7", "likes_count": 0, "replies_count": 0, "retweets_count": 0, "hashtags": []}
{"id": 1086726620730208256, "date": "2019-01-19", "time": "15:46:31", "tweet": "@Butters2006 Nice try, you obviously understand quotes or not 😂🤣🤣🤣😂 $tsla  https://t.co/UuC3poCkuK", "likes_count": 0, "replies_count": 0, "retweets_count": 0, "hashtags": []}
{"id": 1086726249416933377, "date": "2019-01-19", "time": "15:45:02", "tweet": "NOW OFFERING 7 Day FREE Trial to  options day trading team Room or $TWTR feed   https://t.co/i27b8Wz9l7 $CELG $AAPL $NFLX $TSLA $AMZN $GOOGL", "likes_count": 0, "replies_count": 0, "retweets_count": 0, "hashtags": []}
{"id": 1086725405388746758, "date": "2019-01-19", "time": "15:41:41", "tweet": "@Thankfulness @TraderEquities that news Friday was nonsensical to anyone with any businesses acumen. idk about Tues...but back up soon $TSLA", "likes_count": 0, "replies_count": 0, "retweets_count": 0, "hashtags": []}
{"id": 1086725310605873153, "date": "2019-01-19", "time": "15:41:19", "tweet": "Mkp Capital Management Boosted Its Tesla $Put $TSLA Position by $3.78 Million; Mcrae Capital Management Has Increased Holding in Laboratory Amer Hldgs $LH by $544,950   https://t.co/HjLxmlgKya", "likes_count": 0, "replies_count": 0, "retweets_count": 0, "hashtags": []}
{"id": 1086724860879998976, "date": "2019-01-19", "time": "15:39:31", "tweet": "@JamesSantelli1 Does $TSLA have a chief accounting officer yet? I feel like that position would be really important right now", "likes_count": 1, "replies_count": 0, "retweets_count": 0, "hashtags": []}
{"id": 1086724490724298753, "date": "2019-01-19", "time": "15:38:03", "tweet": "$TSLA  new alert at  https://t.co/A7qrDarJHY  #stocks #daytrading  #NYSE #NASDAQ #market 2084", "likes_count": 0, "replies_count": 0, "retweets_count": 0, "hashtags": ["stocks", "daytrading", "nyse", "nasdaq", "market"]}
{"id": 1086724282867167235, "date": "2019-01-19", "time": "15:37:14", "tweet": "@bonnienorman @diggydoy2 @tesla_truth last one - then I will rest my case, if Dana would have any \"journalism in her\" that would be the Kock brothers and subsidies on Oil and wars -  $TSLA also Dana is not invited to Tesla ever again. Case closed 😀 (be nice anyways to them, but dont read it)  https://t.co/9UjVZSySgt", "likes_count": 0, "replies_count": 1, "retweets_count": 0, "hashtags": []}
{"id": 1086724193033555969, "date": "2019-01-19", "time": "15:36:52", "tweet": "@Butters2006 @style_and_steel It is so blatently obvious to a non $TSLA cult member that you are talking utter shit, no numbers are needed", "likes_count": 0, "replies_count": 1, "retweets_count": 0, "hashtags": []}
{"id": 1086723848970559488, "date": "2019-01-19", "time": "15:35:30", "tweet": "@Butters2006 Nice try, but $tsla has only one \"mass market\" model...", "likes_count": 0, "replies_count": 1, "retweets_count": 0, "hashtags": []}
{"id": 1086723840988901378, "date": "2019-01-19", "time": "15:35:28", "tweet": "Proof the $TSLA Model 3 has European approval since Jan 4th. Good work by Anner J Bonilla:", "likes_count": 2, "replies_count": 0, "retweets_count": 0, "hashtags": []}
{"id": 1086723613246468096, "date": "2019-01-19", "time": "15:34:34", "tweet": "Blessed 🙏 $TSLA  https://t.co/qoXCukfQH3", "likes_count": 65, "replies_count": 13, "retweets_count": 5, "hashtags": []}
{"id": 1086723490219282432, "date": "2019-01-19", "time": "15:34:05", "tweet": "@28delayslater @tesla_truth When the $tsla community turns on @28delayslater you know things are bad", "likes_count": 6, "replies_count": 2, "retweets_count": 0, "hashtags": []}
{"id": 1086723452059283457, "date": "2019-01-19", "time": "15:33:55", "tweet": "@Butters2006 $tsla stats always have an asterisk in the bull corner... 😂🤣😂🤣😂🤣😂🤣", "likes_count": 0, "replies_count": 1, "retweets_count": 0, "hashtags": []}
