{"id": 1213611043403943936, "date": "2020-01-04", "time": "18:59:55", "tweet": "Great cars these #Tesla $TSLAQ $TSLA", "likes_count": 2, "replies_count": 0, "retweets_count": 0, "hashtags": ["tesla"]}
{"id": 1213610178974638080, "date": "2020-01-04", "time": "18:56:29", "tweet": "tbf , the chart comparison timeline is not right. Probably looking at 1st month of Q to Jan might be right. However I guess, TC sense is to see seq sales.   I believe like Norway, we wud see huge plunge in NL in Q1. If that happens, u knw this 112k is not an organic story $TSLA", "likes_count": 0, "replies_count": 1, "retweets_count": 0, "hashtags": []}
{"id": 1213609798140334085, "date": "2020-01-04", "time": "18:54:58", "tweet": "Some thoughts on $TSLA 💡market cap vs BMW &amp; Daimler 📌IMO, the numbers just don’t quite add up #tesla #stocks #bonds #investing #investments", "likes_count": 1, "replies_count": 0, "retweets_count": 0, "hashtags": ["tesla", "stocks", "bonds", "investing", "investments"]}
{"id": 1213609347831365632, "date": "2020-01-04", "time": "18:53:10", "tweet": "@RBIPodcast I nominate these stocks for \"5 Stocks that bring us joy\".  (1) $DIS since it is the \"Happiest place on Earth\" 🤪 (2) $ETSY Because it's the go-to place for more unique gifts these days (3) $TSLA because I have yet to meet a Tesla owner who doesn't love his/her car", "likes_count": 1, "replies_count": 0, "retweets_count": 0, "hashtags": []}
{"id": 1213609001595916289, "date": "2020-01-04", "time": "18:51:48", "tweet": "$nvda next target $250  #options $spy $aapl $fb $tsla $nflx  https://t.co/xrJCMR4iCs", "likes_count": 2, "replies_count": 0, "retweets_count": 0, "hashtags": ["options"]}
{"id": 1213608673357905920, "date": "2020-01-04", "time": "18:50:30", "tweet": "@2170cell @elonmusk I see Skoda has been controlled by Volkswagen since 2000, and VW is too big for $tsla to swallow. So back to Hyundai or some small ICE maker who can be persuaded Tesla is the tech key they need (it isn’t.) Musk hands keys to real mgmt team, cashes in, declares victory -&gt; Mars!", "likes_count": 1, "replies_count": 1, "retweets_count": 0, "hashtags": []}
{"id": 1213608444562984961, "date": "2020-01-04", "time": "18:49:35", "tweet": "@ricburton @elonmusk @Tesla You will get mad but may I suggest that you ask your parents to take more risk and drive the Tesla in the #Autopilot mode. It is always a great idea to beta test things. If there are some accidents and  fatalities along the way, all the better! $tslaq $tsla", "likes_count": 14, "replies_count": 0, "retweets_count": 0, "hashtags": ["autopilot"]}
{"id": 1213607257562333186, "date": "2020-01-04", "time": "18:44:52", "tweet": "@SamAntar What event(s) are you watching/waiting for at $tsla?", "likes_count": 0, "replies_count": 1, "retweets_count": 0, "hashtags": []}
{"id": 1213607112552652800, "date": "2020-01-04", "time": "18:44:18", "tweet": "Sounds like AP was working like it normally does. Tell your Dad to just keep it turned off.  #TeamElon $TSLA", "likes_count": 13, "replies_count": 0, "retweets_count": 1, "hashtags": ["teamelon"]}
{"id": 1213605884489879552, "date": "2020-01-04", "time": "18:39:25", "tweet": "$AAPL Consolidate around 300  #options $spy $aapl $fb $tsla $nflx  https://t.co/TUye5L1OvZ", "likes_count": 1, "replies_count": 0, "retweets_count": 0, "hashtags": ["options"]}
{"id": 1213605238642491392, "date": "2020-01-04", "time": "18:36:51", "tweet": "@WallStCynic @NHTSAgov It's likely @NHTSAgov investigator Kareem Habib's conclusions in his report of the May 7, '16 fatal $Tsla crash were biased in an agency push of FSD. AP crashes &amp; videos of it being misused are ubiquitous. Nhtsa must act now w more seriousness &amp; skepticism to protect the public.  https://t.co/zYPQ9H8OZK", "likes_count": 0, "replies_count": 0, "retweets_count": 0, "hashtags": []}
{"id": 1213604975361822720, "date": "2020-01-04", "time": "18:35:48", "tweet": "$AMZN next target $1915 on break of $1905 #options $spy $aapl $fb $tsla $nflx  https://t.co/AJUIa8vc7o", "likes_count": 1, "replies_count": 0, "retweets_count": 0, "hashtags": ["options"]}
{"id": 1213604337760518145, "date": "2020-01-04", "time": "18:33:16", "tweet": "@Mindwbw Yeah, rebalance if you need to. I don't have even close to that, but will certainly add on any softness. $TSLA longs have a lot of conviction right now, so that is a floor at the breakout level of $380.", "likes_count": 1, "replies_count": 0, "retweets_count": 0, "hashtags": []}
{"id": 1213604059573313542, "date": "2020-01-04", "time": "18:32:10", "tweet": "NASDAQ:TSLA  $TSLA   Tesla Inc.", "likes_count": 0, "replies_count": 0, "retweets_count": 0, "hashtags": []}
{"id": 1213603983895465984, "date": "2020-01-04", "time": "18:31:52", "tweet": "$BBBY $LEN $C $WFC $AA $GS $SLB $NFLX $SNAP $IBM $MCD $TSLA $MSFT $PYPL $JNJ $AMZN $INTC $V $PG $AEX $VZ $GOOG $T $SPOT $AMD $SHOP $HLF $AAPL $BA $FB $GE $SBUX $PINS  Most anticipated Earnings releases for January 2020. many great names! Thanks, @eWhispers  https://t.co/jLCrlHgHEO", "likes_count": 2, "replies_count": 0, "retweets_count": 0, "hashtags": []}
{"id": 1213603546962300931, "date": "2020-01-04", "time": "18:30:07", "tweet": "$TSLA next 500  #options $spy $aapl $fb $tsla $nflx  https://t.co/4doobVxg24", "likes_count": 1, "replies_count": 0, "retweets_count": 0, "hashtags": ["options"]}
{"id": 1213603534614208512, "date": "2020-01-04", "time": "18:30:04", "tweet": "ACTIVE TRADERS Try one of these FREE trading guides:   https://t.co/AIrcvVSceI  $NFLX $TSLA $AAPL $IBB $GS $FB $AMZN $GOOGL $NVDA", "likes_count": 0, "replies_count": 0, "retweets_count": 0, "hashtags": []}
{"id": 1213603519380492288, "date": "2020-01-04", "time": "18:30:01", "tweet": "knock knock ... @markbspeigeI $TSLA $TSLAQ $TSLAQQ  https://t.co/CaT3kJPofT", "likes_count": 2, "replies_count": 0, "retweets_count": 1, "hashtags": []}
{"id": 1213602667177631744, "date": "2020-01-04", "time": "18:26:38", "tweet": "$TSLA $F - This is bad for all automakers", "likes_count": 0, "replies_count": 1, "retweets_count": 0, "hashtags": []}
{"id": 1213602514022653952, "date": "2020-01-04", "time": "18:26:01", "tweet": "Interesting!  Who will be the customer?  @Tesla? @VW? @GM? Someone else?  $TSLA   https://t.co/GRQcyJuJ57", "likes_count": 23, "replies_count": 4, "retweets_count": 4, "hashtags": []}
{"id": 1213602335479476224, "date": "2020-01-04", "time": "18:25:19", "tweet": "@thirdrowtesla @Gfilche @elonmusk Gone in 6 months? Clearly, Mark  has never driven Tesla Model 3 to understand why most people who have test driven one wants to buy it. Mark is too obtuse to understand technology and shouldn’t short $TSLA if he doesn’t understand the trend and technology behind it!", "likes_count": 0, "replies_count": 0, "retweets_count": 0, "hashtags": []}
{"id": 1213602217737019394, "date": "2020-01-04", "time": "18:24:51", "tweet": "Fun @elonmusk update: while trying to help reduce our dependency on less sustainable energy sources and creating billions of dollars of value to shareholders of $TSLA, Elon and the @Tesla team have also helped drain over $8B of hater money (#shortsellers). Gotta love it! #tesla", "likes_count": 1, "replies_count": 1, "retweets_count": 0, "hashtags": ["shortsellers", "tesla"]}
{"id": 1213602066935009280, "date": "2020-01-04", "time": "18:24:15", "tweet": "$TSLA - This is a lie.  Please show us where the 3,000 cars are located from last week.  We should see another 12,000 in 4 weeks, right?  $TSLAQ   Tesla Model 3 Production In China Already Above 3,000 Per Week  https://t.co/9XE19TzKZM", "likes_count": 22, "replies_count": 3, "retweets_count": 2, "hashtags": []}
{"id": 1213601862789849091, "date": "2020-01-04", "time": "18:23:26", "tweet": "I hereby ban any discussion of $TSLA stock splits on my page. If you even mention it, I'll come after you.  https://t.co/xiuis3eZpM", "likes_count": 12, "replies_count": 10, "retweets_count": 0, "hashtags": []}
{"id": 1213601655511539712, "date": "2020-01-04", "time": "18:22:36", "tweet": "$TSLA - Elon did this to you just for the Publicity stunt.  And, he will not make it up to you.", "likes_count": 1, "replies_count": 0, "retweets_count": 0, "hashtags": []}
{"id": 1213601363915137030, "date": "2020-01-04", "time": "18:21:27", "tweet": "Evening Most Tweeted Big Caps, check out Gambiste Top 10: $TSLA $XLNX $CRWD $STT $ROKU $TWTR $PINS $COUP $SNAP  https://t.co/k3uyuEbRpJ", "likes_count": 1, "replies_count": 0, "retweets_count": 0, "hashtags": []}
{"id": 1213601311859597312, "date": "2020-01-04", "time": "18:21:15", "tweet": "@fly4dat $tsla lives by the policy Lives by the lie, Lives on gullibility Lives on easy capital  Dies by math", "likes_count": 7, "replies_count": 1, "retweets_count": 0, "hashtags": []}
{"id": 1213601125708050435, "date": "2020-01-04", "time": "18:20:30", "tweet": "@SchmidtFromG Point that this Zschaepitz guy (and many others) is missing is that $TSLA is not solely a 🚗 company. That would make it hard to understand how its so highly valuated. $TSLA is a software company that is about sustainable ⚡. Experts agree that #Tesla's approach to #FSD is right.", "likes_count": 0, "replies_count": 1, "retweets_count": 0, "hashtags": ["tesla", "fsd"]}
{"id": 1213600478547894272, "date": "2020-01-04", "time": "18:17:56", "tweet": "$ROKU next target $144 on break of $140 #options $spy $aapl $fb $tsla $nflx  https://t.co/804cVqXIIc", "likes_count": 1, "replies_count": 0, "retweets_count": 0, "hashtags": ["options"]}
{"id": 1213600041484423168, "date": "2020-01-04", "time": "18:16:12", "tweet": "Tesla crash of the day: T-boned a Mercurcy Grand Marquis. $TSLA $TSLAQ", "likes_count": 20, "replies_count": 0, "retweets_count": 3, "hashtags": []}
{"id": 1213599640672559104, "date": "2020-01-04", "time": "18:14:36", "tweet": "Sentences that start like this always end up followed by a BULLSHIT pump statement. All LIES. $TSLAQ $TSLA  \"Tesla aims...\" \"Elon Musk says....\"", "likes_count": 1, "replies_count": 0, "retweets_count": 0, "hashtags": []}
{"id": 1213599506949914625, "date": "2020-01-04", "time": "18:14:04", "tweet": "@TheSearchAlbum @ShortingIsFun @Tesla @elonmusk Please go and clean the bathrooms. The janitors were not paid. It is a volunteer effort now and a requirement to be a owner. If no one shows up, start cleaning the floors.  $tslaq $tsla", "likes_count": 4, "replies_count": 0, "retweets_count": 0, "hashtags": []}
{"id": 1213599462280445952, "date": "2020-01-04", "time": "18:13:54", "tweet": "@Sandro_power $TSLA back to back winning plans.", "likes_count": 1, "replies_count": 0, "retweets_count": 0, "hashtags": []}
{"id": 1213599059430256640, "date": "2020-01-04", "time": "18:12:18", "tweet": "Crazy Eddie Memoirs: As our stock skyrocketed from $8 to $80, short sellers learned an important lesson - NEVER SHORT A FRAUD TOO EARLY. $TSLAQ $TSLA", "likes_count": 49, "replies_count": 9, "retweets_count": 9, "hashtags": []}
{"id": 1213598823852990464, "date": "2020-01-04", "time": "18:11:21", "tweet": "Wow... time shows what’s the truth. @GerberKawasaki and @CathieDWood sound so smart almost a year after the documentary. Others, $TSLAQ, just so wrong, even the narrator! $TSLA fans must watch it! Lots of fun!", "likes_count": 1, "replies_count": 0, "retweets_count": 0, "hashtags": []}
{"id": 1213598762444083201, "date": "2020-01-04", "time": "18:11:07", "tweet": "@Sandro_power $AAPL great wins and $TSLA massive gains.", "likes_count": 0, "replies_count": 0, "retweets_count": 0, "hashtags": []}
{"id": 1213598747051122688, "date": "2020-01-04", "time": "18:11:03", "tweet": "$SHOP next target $415on break of $410 #options $spy $aapl $fb $tsla $nflx  https://t.co/VqtADc6ZWo", "likes_count": 1, "replies_count": 0, "retweets_count": 0, "hashtags": ["options"]}
{"id": 1213597844508004352, "date": "2020-01-04", "time": "18:07:28", "tweet": "Police and insurance companies free tip:  Ask your customer if AP was engaged prior to the accident in question by mentioning a tesla refund may be available! $tsla  https://t.co/lQYj8IDyKF", "likes_count": 10, "replies_count": 1, "retweets_count": 0, "hashtags": []}
{"id": 1213597713381638144, "date": "2020-01-04", "time": "18:06:57", "tweet": "@WPipperger @mugenx86 Now Wolfgang you KNOW that's not true. Just yesterday I updated my thread that traces my latest $TSLA trade back to Oct.&amp; you know that trade is up &gt;100%. And you definitely saw where I emphatically said everyone needs an exit rule. Don't be so dramatic! You're smarter than that.", "likes_count": 2, "replies_count": 0, "retweets_count": 0, "hashtags": []}
{"id": 1213597596385710084, "date": "2020-01-04", "time": "18:06:29", "tweet": "$TSLA Europe Gigafactory!!!!", "likes_count": 0, "replies_count": 0, "retweets_count": 0, "hashtags": []}
{"id": 1213596810989723655, "date": "2020-01-04", "time": "18:03:21", "tweet": "@Sandro_power $TSLA what an amazing plan $STUDY", "likes_count": 3, "replies_count": 0, "retweets_count": 0, "hashtags": []}
{"id": 1213596616986226688, "date": "2020-01-04", "time": "18:02:35", "tweet": "$GS next target $249 on break of $235 #options $spy $aapl $fb $tsla $nflx  https://t.co/9QQt7fDHR0", "likes_count": 1, "replies_count": 0, "retweets_count": 0, "hashtags": ["options"]}
{"id": 1213596556496125953, "date": "2020-01-04", "time": "18:02:21", "tweet": "$TSLAQ has cracked the climate change problem wide open!  They've found a genius in Austria who invented the self-charging Tesla... $TSLA peeps have been doing it all wrong. Turns out burning gasoline saves electricity!  https://t.co/R3eXTYHNTs", "likes_count": 3, "replies_count": 0, "retweets_count": 0, "hashtags": []}
{"id": 1213596414128934914, "date": "2020-01-04", "time": "18:01:47", "tweet": "Update: multiplied Jan by 3 to show a better Q1 estimate.  Note that it's from 2 business days only vs ~65 in the Q, so margin of error is huge. Will improve as we progress in the Q.  $TSLAQ $TSLA  https://t.co/Zp6i7zVUPW", "likes_count": 5, "replies_count": 2, "retweets_count": 0, "hashtags": []}
{"id": 1213595987891101696, "date": "2020-01-04", "time": "18:00:05", "tweet": "$TSLA News Article - \"Tesla Killer\" Rivian Wins $1.3 Billion Investment  https://t.co/jvFWlGYmEv  #BUFvsHOU @Insurmountabl1 @Awktung @faizzakaria $HCR $WTIU $CTST", "likes_count": 0, "replies_count": 0, "retweets_count": 0, "hashtags": ["bufvshou"]}
{"id": 1213595478354472962, "date": "2020-01-04", "time": "17:58:04", "tweet": "$UCO, $NOC and $TSLA gapping up today.  https://t.co/PbNVXgU5Mk", "likes_count": 0, "replies_count": 0, "retweets_count": 0, "hashtags": []}
{"id": 1213595442463879168, "date": "2020-01-04", "time": "17:57:55", "tweet": "Can you blame NY? Look how well it worked out for them when they lured $TSLA to their state!", "likes_count": 0, "replies_count": 0, "retweets_count": 0, "hashtags": []}
{"id": 1213595272032509958, "date": "2020-01-04", "time": "17:57:15", "tweet": "@PeterTrader99 Still holding my call options.. debating to let it expire and buy 300 $TSLA shares. What do you think? I feel if the market stays positive on tech stocks, $TSLA can see $485 soon.  https://t.co/FdH0u2dwif", "likes_count": 0, "replies_count": 1, "retweets_count": 0, "hashtags": []}
{"id": 1213594361889345538, "date": "2020-01-04", "time": "17:53:38", "tweet": "🚗 $TSLA: The end is near again | #twittermonitor   https://t.co/jO6sfxMenu", "likes_count": 0, "replies_count": 0, "retweets_count": 0, "hashtags": ["twittermonitor"]}
{"id": 1213594314535833601, "date": "2020-01-04", "time": "17:53:26", "tweet": "Those who understand finance but do not appreciate Tesla's tech end up shorting at $TSLAQ  Those who appreciate the tech but do not understand finance may end up selling $TSLA too soon and may even venture into shorting 😔  Those who understand both 😤 #NotSellingAShareBefore5000", "likes_count": 220, "replies_count": 19, "retweets_count": 23, "hashtags": ["notsellingasharebefore5000"]}
{"id": 1213593927640444928, "date": "2020-01-04", "time": "17:51:54", "tweet": "@munster_gene @danahull @LoupVentures One more point: $TSLA's ONLY source of GAAP net income has been the sale of ZEV and GHG credits, which will eventually disappear as ever large OEM that buys them from $tsla will produce its own credits. Is THAT \"escape velocity,\" Gene? Huh?", "likes_count": 2, "replies_count": 0, "retweets_count": 0, "hashtags": []}
{"id": 1213593898804752386, "date": "2020-01-04", "time": "17:51:47", "tweet": "@EthicsGradient @russ1mitchell The loser is destroyed, they lost their shirts betting against $TSLA !! Desperate moves!! Writing BS in LA Times didn't help!!! Swimming against the tide!!", "likes_count": 0, "replies_count": 0, "retweets_count": 0, "hashtags": []}
{"id": 1213593620240093184, "date": "2020-01-04", "time": "17:50:41", "tweet": "Bummer. $TSLA", "likes_count": 9, "replies_count": 1, "retweets_count": 1, "hashtags": []}
{"id": 1213593517542408192, "date": "2020-01-04", "time": "17:50:16", "tweet": "@cppinvest @danahull That's actually a great point AND the ONLY source of GAAP profit for $tsla has been the sale of ZEV and GHG credits, which are not sustainable.", "likes_count": 0, "replies_count": 0, "retweets_count": 0, "hashtags": []}
{"id": 1213592747476688901, "date": "2020-01-04", "time": "17:47:13", "tweet": "Part of my $TSLA 3 conversion....  https://t.co/3kmeABCqJC", "likes_count": 2, "replies_count": 0, "retweets_count": 0, "hashtags": []}
{"id": 1213592076920725505, "date": "2020-01-04", "time": "17:44:33", "tweet": "$TSLA  new alert at  https://t.co/A7qrDarJHY  #stocks #daytrading  #NYSE #NASDAQ #market 2727", "likes_count": 0, "replies_count": 0, "retweets_count": 0, "hashtags": ["stocks", "daytrading", "nyse", "nasdaq", "market"]}
{"id": 1213592069140291584, "date": "2020-01-04", "time": "17:44:31", "tweet": "$TSLA  new alert at  https://t.co/A7qrDarJHY  #stocks #daytrading  #NYSE #NASDAQ #market 2726", "likes_count": 0, "replies_count": 0, "retweets_count": 0, "hashtags": ["stocks", "daytrading", "nyse", "nasdaq", "market"]}
{"id": 1213592067470852098, "date": "2020-01-04", "time": "17:44:30", "tweet": "I’m officially long $TSLA", "likes_count": 1, "replies_count": 0, "retweets_count": 0, "hashtags": []}
{"id": 1213591812167929856, "date": "2020-01-04", "time": "17:43:30", "tweet": "This is definitely possible. If they start a car delivery service. $TSLA $TSLAQ", "likes_count": 5, "replies_count": 1, "retweets_count": 0, "hashtags": []}
{"id": 1213591331009974272, "date": "2020-01-04", "time": "17:41:35", "tweet": "$NFLX next target $338 #options $spy $aapl $fb $tsla $nflx  https://t.co/zff6ExCuKb", "likes_count": 4, "replies_count": 0, "retweets_count": 0, "hashtags": ["options"]}
{"id": 1213591019779809280, "date": "2020-01-04", "time": "17:40:21", "tweet": "@munster_gene @danahull US $tsla sales dropped 27% YoY in Q4 '19 after being down 25.8% in Q3. Is THAT \"escape velocity,\" @munster_gene? Huh? How about all of the accounting irregularities, many of which are similar to Enron's and WCOM's?", "likes_count": 0, "replies_count": 2, "retweets_count": 0, "hashtags": []}
{"id": 1213590898598141952, "date": "2020-01-04", "time": "17:39:52", "tweet": "Cybertrucks just wanna have fun... with some rocket thrusters 😎🚀 We need those on Teslas @elonmusk  #tesla $TSLA #cybertruck   credit: @kimitalvitie  https://t.co/pLRYIV4Xin", "likes_count": 71, "replies_count": 2, "retweets_count": 16, "hashtags": ["tesla", "cybertruck"]}
{"id": 1213590876594876417, "date": "2020-01-04", "time": "17:39:47", "tweet": "@PeterTrader99 Man... you got new iPhone for Christmas...now upgrading to new car. Get Tesla and enjoy your life before you get too old to enjoy the latest technology.  Just make sure to use my referral code. 😂 $TSLA", "likes_count": 1, "replies_count": 1, "retweets_count": 0, "hashtags": []}
{"id": 1213588437103546369, "date": "2020-01-04", "time": "17:30:05", "tweet": "#Economic and #Earnings for the month  $AMZN $AAPL $AMD $TSLA $NFLX $FB $MSFT $BABA $CMC $INFO $STZ $BBBY $TEUM $WBA $TWTR $JPM $SNAP $LW $BAC $BA $SHOP $MCD $UNH $APHA $FCEL $PYPL $INTC $GE $LEN $CLF $C $V $MA $BYND $DAL $SBUX $GS $ABBV $JNJ $DPZ $WFC $ES_F $NQ_F $YM_F $SPX $SPY  https://t.co/Oe7weoptOw", "likes_count": 1, "replies_count": 0, "retweets_count": 1, "hashtags": ["economic", "earnings"]}
{"id": 1213588435346305024, "date": "2020-01-04", "time": "17:30:05", "tweet": "ACTIVE TRADERS Try one of these FREE trading guides:   https://t.co/b6oChqmwkw  $NFLX $TSLA $AAPL $JWN $GS $FB $AMZN $GOOGL $NVDA", "likes_count": 0, "replies_count": 0, "retweets_count": 0, "hashtags": []}
{"id": 1213588172422176768, "date": "2020-01-04", "time": "17:29:02", "tweet": "@TriTexan He he. I think @markbspiegel lost more money than $tsla this quarter. He he.", "likes_count": 0, "replies_count": 0, "retweets_count": 0, "hashtags": []}
{"id": 1213588019451547648, "date": "2020-01-04", "time": "17:28:25", "tweet": "@2170cell @elonmusk Elon Musk takes advantage of $tsla high stock price to swallow Skoda (or Hyundai or Kia or...) - As AOL merged with Time Warner, AOL cashing out while its underlying business was about to evaporate. Find some stupid company to do a stock merger with....", "likes_count": 4, "replies_count": 2, "retweets_count": 0, "hashtags": []}
{"id": 1213587346291089410, "date": "2020-01-04", "time": "17:25:45", "tweet": "@OnDaBus6am @ValueAnalyst1 @elonmusk @ToddBertram1 🚓🔋🔌 $TSLA  https://t.co/DrtQY9ZWqN  https://t.co/SfTFQSGiOx", "likes_count": 88, "replies_count": 5, "retweets_count": 15, "hashtags": []}
{"id": 1213587156930662400, "date": "2020-01-04", "time": "17:25:00", "tweet": "Benzinga's Bulls And Bears Of The Week: Apple, Disney, Starbucks, Tiffany And More $AAPL $DIS $AMZN $ATVI $TSLA $SBUX $LK $MIK $TIF  https://t.co/VSmSkBAu0R", "likes_count": 2, "replies_count": 1, "retweets_count": 2, "hashtags": []}
{"id": 1213586110317760513, "date": "2020-01-04", "time": "17:20:50", "tweet": "\"A woman was seriously injured, according to witnesses. The crash involved a Tesla and Mercury Grand Marquis.\"  The $TSLA appears to have T-boned the Grand Marquis hitting the drivers side of the car.   https://t.co/zJUaNARySZ  https://t.co/z44o63Svj0", "likes_count": 44, "replies_count": 3, "retweets_count": 10, "hashtags": []}
{"id": 1213585283314143232, "date": "2020-01-04", "time": "17:17:33", "tweet": "@Monaco_Trader @28delayslater $TSLA may be a cult, but the cult of $TSLAQ is on another level🤣.  https://t.co/F6NaR3d1ZL", "likes_count": 3, "replies_count": 0, "retweets_count": 0, "hashtags": []}
{"id": 1213583127181873153, "date": "2020-01-04", "time": "17:08:59", "tweet": "$TSLA now riding a falcon heavy 🚀  $80B is a STEAL", "likes_count": 0, "replies_count": 0, "retweets_count": 0, "hashtags": []}
{"id": 1213581490853777408, "date": "2020-01-04", "time": "17:02:29", "tweet": "Is he going to call for the same @Tesla when it’s found that CCP is tracking your every move and what you say from cars  $TSLAQ $TSLA", "likes_count": 3, "replies_count": 0, "retweets_count": 0, "hashtags": []}
{"id": 1213580955283337217, "date": "2020-01-04", "time": "17:00:21", "tweet": "Don't miss our next FREE OPTION TRADE.  Sign up for our Daily Free Trades at  https://t.co/GfPrRKQm4s $NVDA $TSLA $GS $REGN $BAC $GOOGL $FB", "likes_count": 0, "replies_count": 0, "retweets_count": 0, "hashtags": []}
{"id": 1213579364505395206, "date": "2020-01-04", "time": "16:54:02", "tweet": "$TSLA.  Read This and the press goes after musk?  https://t.co/kNyQZPgO76", "likes_count": 1, "replies_count": 0, "retweets_count": 0, "hashtags": []}
{"id": 1213579267478560768, "date": "2020-01-04", "time": "16:53:39", "tweet": "Tesla 2021 Vehicle Deliveries:  Fremont/Sparks 750,000+  Giga Shanghai 750,000+  Giga Berlin 400,000 to 500,000  Production ramps are accelerating  $TSLA #NotSellingAShareBefore5000", "likes_count": 59, "replies_count": 27, "retweets_count": 6, "hashtags": ["notsellingasharebefore5000"]}
{"id": 1213578922698461190, "date": "2020-01-04", "time": "16:52:17", "tweet": "Tesla Model 3 police car is so effective, people getting pulled over love it 🚔⚡️🚨  https://t.co/Vi5aBeNmyQ $TSLA #Tesla #EV #PD @elonmusk  Bargersville Police Chief @ToddBertram1 👮‍♂️⬇️  https://t.co/njJuxS5KNK", "likes_count": 2929, "replies_count": 39, "retweets_count": 467, "hashtags": ["tesla", "ev", "pd"]}
{"id": 1213578276955992064, "date": "2020-01-04", "time": "16:49:43", "tweet": "Can someone please tell me who the hell is in charge of @NHTSAgov ? And also explain to me why nothing has been done to stop the reckless behavior of $TSLA when there is so much overwhelming evidence? How many more deaths will it take?", "likes_count": 1, "replies_count": 0, "retweets_count": 0, "hashtags": []}
{"id": 1213577542243946497, "date": "2020-01-04", "time": "16:46:47", "tweet": "This week's installment of Japanese Tesla listings/sales. $TSLA $TSLAQ #Tesla #CYAZ #テスラ #モデル3  TL;DR: Not much going on (except one fewer former auto exec). Brief Q4 summary.", "likes_count": 1, "replies_count": 1, "retweets_count": 1, "hashtags": ["tesla", "cyaz", "テスラ", "モデル3"]}
{"id": 1213577538628308993, "date": "2020-01-04", "time": "16:46:47", "tweet": "Auto folks: First blue car has a matte finish, second one is shiny.  Is this just a promo photo?  Are they offering matte in China? $tsla $tslaq   https://t.co/fbSuv0ZhVE", "likes_count": 8, "replies_count": 6, "retweets_count": 0, "hashtags": []}
