{"id": 1180633640247726085, "date": "2019-10-05", "time": "19:59:29", "tweet": "Worst technology release - $tsla AutoSummon   Fastest bankruptcy candidate: $aprn  Biggest cash burn machine - $uber  Best unsustainable model - $hmny", "likes_count": 5, "replies_count": 2, "retweets_count": 0, "hashtags": []}
{"id": 1180633638259560450, "date": "2019-10-05", "time": "19:59:29", "tweet": "The 2019 investment awards are here:  Best exit from dumpster fire- $bynd insiders at $160  Biggest IPO screwup and bankruptcy implosion - $weworks (double honoree)  Destroyed the market for all the other frauds - $we (triple honoree)  Fraud stuck in reverse going nowhere $tsla", "likes_count": 31, "replies_count": 5, "retweets_count": 5, "hashtags": []}
{"id": 1180633551269576704, "date": "2019-10-05", "time": "19:59:08", "tweet": "#ExplainBABYCharts #FraudWatch day 248  #BABYcharts  hasn’t shared with his family what he’s doing 🤔 Deep down he knows his doing is wrong and possibly criminal. My family knows who Bark is. Zero shame. Looking forward to your family learning the truth.  $TSLA 🥴🤡 $TSLAQ 🤡🥴  https://t.co/mRYi972rR7", "likes_count": 36, "replies_count": 6, "retweets_count": 9, "hashtags": ["explainbabycharts", "fraudwatch", "babycharts"]}
{"id": 1180632906420690955, "date": "2019-10-05", "time": "19:56:34", "tweet": "@TSLAchooo #BarnacleBlast  I thought $TSLA only sold online....apparently not.  https://t.co/WY33tKfSfe", "likes_count": 4, "replies_count": 1, "retweets_count": 0, "hashtags": ["barnacleblast"]}
{"id": 1180632523526868992, "date": "2019-10-05", "time": "19:55:03", "tweet": "OptionAlarm provides Option Swing Trade Alerts With REAL Results! Try It For 10 Days:  https://t.co/8GqylTMjzN It's FREE! No Credit Card Required! $AMZN $NVDA $TSLA $BABA", "likes_count": 1, "replies_count": 0, "retweets_count": 0, "hashtags": []}
{"id": 1180632482519093248, "date": "2019-10-05", "time": "19:54:53", "tweet": "Are you not entertained ? $tsla  https://t.co/NM0fAUErIR", "likes_count": 12, "replies_count": 1, "retweets_count": 1, "hashtags": []}
{"id": 1180630619497234439, "date": "2019-10-05", "time": "19:47:29", "tweet": "#TeslaSmartSummonIssues $TSLA $TSLAQ", "likes_count": 0, "replies_count": 0, "retweets_count": 0, "hashtags": ["teslasmartsummonissues"]}
{"id": 1180629641087741952, "date": "2019-10-05", "time": "19:43:36", "tweet": "@TeeKay_EV Well $TSLA has \"funny\" ppl too... $TSLAQ  https://t.co/ieD67FOChJ", "likes_count": 3, "replies_count": 0, "retweets_count": 0, "hashtags": []}
{"id": 1180627962233794560, "date": "2019-10-05", "time": "19:36:55", "tweet": "@agusnox @hacker_donny Well.   Wait till they find out spare parts for their $TSLA ‘s will be only sold on eBay in very limited quantities.   At that point , their channels are going to be lit!", "likes_count": 4, "replies_count": 0, "retweets_count": 0, "hashtags": []}
{"id": 1180627784504266752, "date": "2019-10-05", "time": "19:36:13", "tweet": "#TeslaDeliveryIssues #TeslaServiceIssues #TeslaUKIssues $TSLA $TSLAQ", "likes_count": 1, "replies_count": 0, "retweets_count": 1, "hashtags": ["tesladeliveryissues", "teslaserviceissues", "teslaukissues"]}
{"id": 1180626238152544257, "date": "2019-10-05", "time": "19:30:04", "tweet": "ACTIVE TRADERS Try one of these FREE trading guides:   https://t.co/PirlJesyw4  $NFLX $TSLA $AAPL $TWTR $GS $FB $AMZN $GOOGL $NVDA", "likes_count": 1, "replies_count": 0, "retweets_count": 0, "hashtags": []}
{"id": 1180625464777478145, "date": "2019-10-05", "time": "19:27:00", "tweet": "@ThemeTeamWP @whistlerian1834 @elonmusk So as a swing trader you must short $TSLA before it swings down?", "likes_count": 0, "replies_count": 0, "retweets_count": 0, "hashtags": []}
{"id": 1180624975369310208, "date": "2019-10-05", "time": "19:25:03", "tweet": "With past performance like this, how can you not sign up for a Free 7-day trial to  https://t.co/MxczB8DKhB? Winning Option Swing Trades Since 2006  $BABA $GOOGL $TSLA $BIDU", "likes_count": 1, "replies_count": 0, "retweets_count": 0, "hashtags": []}
{"id": 1180623870669144064, "date": "2019-10-05", "time": "19:20:40", "tweet": "@AIHammer @tslaqpodcast @GregHruza @profgalloway 😂 Think about it a step deeper. Did $TSLA investors receive a “penny” from the sales revenues? No.  Yes, Tesla sells cars BUT $TSLA is a Ponzi asset with no monetary connection to the company. Investor’s profits are dependent on cash from new suckers—Ponzi👇  https://t.co/U33KOduJhL", "likes_count": 3, "replies_count": 1, "retweets_count": 0, "hashtags": []}
{"id": 1180622720867983360, "date": "2019-10-05", "time": "19:16:06", "tweet": "$TSLA #TeslaPaintIssues  https://t.co/0vIY71pkHW", "likes_count": 2, "replies_count": 0, "retweets_count": 0, "hashtags": ["teslapaintissues"]}
{"id": 1180621893927260161, "date": "2019-10-05", "time": "19:12:49", "tweet": "Another #ILoveMyTesla BUT.... idiot Sorry but true $tsla $tslaq @elonmusk @Tesla", "likes_count": 1, "replies_count": 0, "retweets_count": 0, "hashtags": ["ilovemytesla"]}
{"id": 1180621173262049280, "date": "2019-10-05", "time": "19:09:57", "tweet": "@Benshooter Quick recap of the year for $TSLA  https://t.co/hOprznBOYH", "likes_count": 6, "replies_count": 1, "retweets_count": 0, "hashtags": []}
{"id": 1180621041908846592, "date": "2019-10-05", "time": "19:09:25", "tweet": "@AIHammer @profgalloway $TSLA fans say things like this all time. I've never seen a shred of quantitative data supporting those claims. However, since Chinese EVs are far cheaper per mile of range, &amp; VW ID3 will also be I believe we can safely say  https://t.co/57umSAtgOu", "likes_count": 0, "replies_count": 0, "retweets_count": 0, "hashtags": []}
{"id": 1180620021522812928, "date": "2019-10-05", "time": "19:05:22", "tweet": "@zerohedge $TSLA $TSLAQ  https://t.co/OCt69UqGep", "likes_count": 0, "replies_count": 1, "retweets_count": 0, "hashtags": []}
{"id": 1180618755560349696, "date": "2019-10-05", "time": "19:00:20", "tweet": "Don't miss our next FREE OPTION TRADE.  Sign up for our Daily Free Trades at  https://t.co/tq5XmPmcnn $NVDA $TSLA $GS $C $WFC $GOOGL $FB", "likes_count": 1, "replies_count": 0, "retweets_count": 0, "hashtags": []}
{"id": 1180617307459973120, "date": "2019-10-05", "time": "18:54:35", "tweet": "Yep. $tsla $tslaq", "likes_count": 3, "replies_count": 1, "retweets_count": 0, "hashtags": []}
{"id": 1180616971332702208, "date": "2019-10-05", "time": "18:53:15", "tweet": "Sweet mother of fuck, Maryann Miller @TeslaModelXJour, is there a Go Fund Me for your husband and child?  Neither should be subjected to this level of abuse.  She was concerned that I posted &amp; tagged the government in Tesla Smart Summon abuse videos.  $TSLA $TSLAQ", "likes_count": 3, "replies_count": 0, "retweets_count": 0, "hashtags": []}
{"id": 1180616917717045250, "date": "2019-10-05", "time": "18:53:02", "tweet": "Is this true @elonmusk?  $tsla $tslaq", "likes_count": 4, "replies_count": 0, "retweets_count": 0, "hashtags": []}
{"id": 1180616504167079938, "date": "2019-10-05", "time": "18:51:24", "tweet": "I’m confused. I thought his current company sold money-printers....  $tsla $tslaq", "likes_count": 5, "replies_count": 0, "retweets_count": 0, "hashtags": []}
{"id": 1180616340148805632, "date": "2019-10-05", "time": "18:50:44", "tweet": "@passthebeano @WallStCynic @backcountry11 @markbspiegel How better to say thank you to Gen. Sec. Xi for his investment in your company than with $TSLA cars for select CCP members.", "likes_count": 6, "replies_count": 0, "retweets_count": 0, "hashtags": []}
{"id": 1180615117538332673, "date": "2019-10-05", "time": "18:45:53", "tweet": "@CryptoEthan @mdudas @TheBlock__ hey bro derivatives on $nflx $tsla is really easy", "likes_count": 1, "replies_count": 0, "retweets_count": 0, "hashtags": []}
{"id": 1180615078799757312, "date": "2019-10-05", "time": "18:45:44", "tweet": "@stkbullgod I like being referred to as a *very troubling situation.* Now I get it, she's upset I didn't link to her Tesla Youtube channel where she's visited by proctologist to remove her head from her ass. $TSLA $TSLAQ", "likes_count": 14, "replies_count": 1, "retweets_count": 1, "hashtags": []}
{"id": 1180614464393142272, "date": "2019-10-05", "time": "18:43:17", "tweet": "@28delayslater I kept wait for this guy’s mom to yell at him from upstairs... #momsbasement maybe he will get a clue in Q4 $tsla", "likes_count": 4, "replies_count": 0, "retweets_count": 1, "hashtags": ["momsbasement"]}
{"id": 1180613716502433792, "date": "2019-10-05", "time": "18:40:19", "tweet": "#TeslaQualityIssues #TeslaServiceIssues $TSLA $TSLAQ", "likes_count": 2, "replies_count": 0, "retweets_count": 0, "hashtags": ["teslaqualityissues", "teslaserviceissues"]}
{"id": 1180613197528743936, "date": "2019-10-05", "time": "18:38:15", "tweet": "@Ben26782167 @cppinvest I'm just using $tsla's own releases to get to that number.", "likes_count": 1, "replies_count": 1, "retweets_count": 0, "hashtags": []}
{"id": 1180613172631203841, "date": "2019-10-05", "time": "18:38:09", "tweet": "@LarrySabin1 @hilinetrail @karpathy Funnier still is all the $TSLA fans justifying a Beta fail as innovation. It's designed to stop before it hits him, veering is only attributed Smart Summon not knowing the difference between grass and road.", "likes_count": 0, "replies_count": 0, "retweets_count": 0, "hashtags": []}
{"id": 1180612939654414336, "date": "2019-10-05", "time": "18:37:14", "tweet": "@ShortingIsFun The bots are out in full force...  Expect way more...  $TSLA $TSLAQ", "likes_count": 3, "replies_count": 0, "retweets_count": 0, "hashtags": []}
{"id": 1180612112663695365, "date": "2019-10-05", "time": "18:33:57", "tweet": "Tesla Powerwalls are Helping Us Save Over $400 a Month! We Got Another One! – Video ☀️🏡🔋  https://t.co/iIHDUe90qU #DÆrik $TSLA #Tesla #Powerwall #EnergyStorage #Solar  https://t.co/13gFrIZusM", "likes_count": 58, "replies_count": 5, "retweets_count": 14, "hashtags": ["dærik", "tesla", "powerwall", "energystorage", "solar"]}
{"id": 1180611561083174913, "date": "2019-10-05", "time": "18:31:45", "tweet": "$TSLA $TSLAQ  feat. Lil John  https://t.co/Y28INEmIEq", "likes_count": 2, "replies_count": 0, "retweets_count": 1, "hashtags": []}
{"id": 1180611154835587073, "date": "2019-10-05", "time": "18:30:08", "tweet": "ACTIVE TRADERS Try one of these FREE trading guides:   https://t.co/sOmazz43ys  $NFLX $TSLA $AAPL $IBB $GS $FB $AMZN $GOOGL $NVDA", "likes_count": 1, "replies_count": 0, "retweets_count": 0, "hashtags": []}
{"id": 1180611053400424448, "date": "2019-10-05", "time": "18:29:44", "tweet": "Hey $TSLA $TSLAQ folks on this Tesla Smart Summon thread from yesterday:  Still think Twitter doesn't suppress negative truthful information about Tesla?  Under the *Top* tab going back 5 DAYS this video cannot be found. Sure hope @TheJusticeDept @FBI look into $TWTR manipulation  https://t.co/VBw9O6iFgI", "likes_count": 3, "replies_count": 0, "retweets_count": 0, "hashtags": []}
{"id": 1180609266467704832, "date": "2019-10-05", "time": "18:22:38", "tweet": "I’m sure all parts of the fall out from this crash are extremely good for the environment   $TSLA $TSLAQ", "likes_count": 1, "replies_count": 0, "retweets_count": 0, "hashtags": []}
{"id": 1180608559345803267, "date": "2019-10-05", "time": "18:19:49", "tweet": "@cleantechnica How many millions of people would have to buy a share of $tsla and “agree” to hold it for five years or so for the stock to become resistant to all the misinformation and short interest?", "likes_count": 6, "replies_count": 3, "retweets_count": 1, "hashtags": []}
{"id": 1180607276102631424, "date": "2019-10-05", "time": "18:14:43", "tweet": "Does anyone know if you can watch YouTube at 3x speed? With sound? Can you still understand the dialog? Will I get the gist of $TSLA Ruby’s adventures, or is the plot going to be lost?", "likes_count": 1, "replies_count": 0, "retweets_count": 0, "hashtags": []}
{"id": 1180606131003154432, "date": "2019-10-05", "time": "18:10:10", "tweet": "@bgrahamdisciple @Polixenes13 No, $tsla has to have a lease customer on the back end. If it is a lease they can speed up recognition.", "likes_count": 1, "replies_count": 0, "retweets_count": 0, "hashtags": []}
{"id": 1180605788399833089, "date": "2019-10-05", "time": "18:08:49", "tweet": "@ClaudiaAssisMW In a few years Ford wont have a conf call - neither will GM - Those 2 are already dead but just don't know it. $TSLA. Please continue to listen to Tesla conf calls so you can actually help retail investors make money.", "likes_count": 1, "replies_count": 0, "retweets_count": 0, "hashtags": []}
{"id": 1180604815140720640, "date": "2019-10-05", "time": "18:04:57", "tweet": "@TeslaModelXJour We don’t like you using danger “beta” software on public roads! $tsla", "likes_count": 1, "replies_count": 0, "retweets_count": 0, "hashtags": []}
{"id": 1180604079002677248, "date": "2019-10-05", "time": "18:02:01", "tweet": "Big if true....  ....but its not.  $TSLA", "likes_count": 8, "replies_count": 2, "retweets_count": 0, "hashtags": []}
{"id": 1180603820834840576, "date": "2019-10-05", "time": "18:01:00", "tweet": "Apparently he hasn't watched any videos of #summon in action...other cars being hit, running off the road, hitting garage doors...its all happening even if you don't want to believe it.  $TSLA #SummonSucks #TeslaSummonIssues", "likes_count": 4, "replies_count": 0, "retweets_count": 0, "hashtags": ["summon", "summonsucks", "teslasummonissues"]}
{"id": 1180603392139247617, "date": "2019-10-05", "time": "17:59:17", "tweet": "My whole evening was planned with a few tv shows, now I am going to have to watch 800 YouTube episodes to get caught up. $TSLA", "likes_count": 3, "replies_count": 0, "retweets_count": 0, "hashtags": []}
{"id": 1180602828772929539, "date": "2019-10-05", "time": "17:57:03", "tweet": "@Polixenes13 I doubt $TSLA claimed cars to were delivered simply because they sold them to their subsidiary. I think $TSLAQ jumped to conclusions simply based on a normal looking transaction between a parent and subsidiary. I don't know for sure, and Musk lies all the time, so who knows.", "likes_count": 6, "replies_count": 5, "retweets_count": 0, "hashtags": []}
{"id": 1180601249948848137, "date": "2019-10-05", "time": "17:50:47", "tweet": "Hey look.  $TSLA Ruby goes to the Amazon fulfillment center, and it is only AN HOUR LONG!!!!   https://t.co/Vo7oZa2FUy", "likes_count": 8, "replies_count": 4, "retweets_count": 0, "hashtags": []}
{"id": 1180598780917215233, "date": "2019-10-05", "time": "17:40:58", "tweet": " https://t.co/VV5OHLSJRu  $TSLA", "likes_count": 0, "replies_count": 1, "retweets_count": 0, "hashtags": []}
{"id": 1180598537366597632, "date": "2019-10-05", "time": "17:40:00", "tweet": "Disingenuous articles like this disgust anyone who understands how gas peaker plants can/will be replaced with battery storage. $TSLA  https://t.co/ny5Mk5Sx2x", "likes_count": 2, "replies_count": 0, "retweets_count": 0, "hashtags": []}
{"id": 1180598363084877827, "date": "2019-10-05", "time": "17:39:18", "tweet": "@alex_avoigt Interesting thing about this would be that #Teslas are the only EVs available with speeds of up to 163 mph/261 kmh.All brands would be forced to make way better cars so they can compete with $TSLA. If his law becomes effective every German will buy a Tesla because they love speed", "likes_count": 2, "replies_count": 0, "retweets_count": 0, "hashtags": ["teslas"]}
{"id": 1180597953456553984, "date": "2019-10-05", "time": "17:37:41", "tweet": "@tslaqpodcast @GregHruza @AIHammer @profgalloway Alex, Scott, There are two inherent characteristics of a scam:  1) Someone made money 2) Something doesn’t make sense   $TSLA went from $20 - $380 while Tesla lost $6.1 billion. That can only happen if investors’ profits are dependent on cash from new investors—the Ponzi process.  https://t.co/be9CGqR6GB", "likes_count": 7, "replies_count": 1, "retweets_count": 2, "hashtags": []}
{"id": 1180597600640126979, "date": "2019-10-05", "time": "17:36:17", "tweet": "Simple yes or no question, right? $tslaQ $TSLA", "likes_count": 13, "replies_count": 1, "retweets_count": 1, "hashtags": []}
{"id": 1180597243281203201, "date": "2019-10-05", "time": "17:34:51", "tweet": "Is This the Key to Blanketing the #US With #ElectricVehicle Chargers? @themotleyfool #stocks $MCD $WMT $TSLA $TGT  https://t.co/OagpLallQv", "likes_count": 1, "replies_count": 0, "retweets_count": 0, "hashtags": ["us", "electricvehicle", "stocks"]}
{"id": 1180597224276811776, "date": "2019-10-05", "time": "17:34:47", "tweet": "@ValueAnalyst1 @Real_John_D @gwestr @AlterViggo @tesla_truth @elonmusk @ICannot_Enough @munster_gene @EcoHeliGuy @BenSullins @vincent13031925 @ResidentSponge @NuovaRealta @Gfilche I wonder if $TSLA intends to earn ordinary margins by passing on input cost efficiencies to customers, but on far fewer capital requirements.", "likes_count": 3, "replies_count": 0, "retweets_count": 0, "hashtags": []}
{"id": 1180596810152153089, "date": "2019-10-05", "time": "17:33:08", "tweet": "⚡️🚘 @Tesla : Tesla Is Changing the Used Car Game  https://t.co/JqXx560iRZ $TSLA #future #strategy #Tesla #Technology #digitaltransformation  https://t.co/wz18qoGM2n", "likes_count": 1, "replies_count": 0, "retweets_count": 0, "hashtags": ["future", "strategy", "tesla", "technology", "digitaltransformation"]}
{"id": 1180596526634033152, "date": "2019-10-05", "time": "17:32:01", "tweet": "11 Tons Of Water And \"Special Container\" Used To Extinguish Burning Tesla In Austria  $TSLA $TSLAQ   https://t.co/fjifQJCUdI", "likes_count": 2, "replies_count": 0, "retweets_count": 0, "hashtags": []}
{"id": 1180596046721732611, "date": "2019-10-05", "time": "17:30:06", "tweet": "ACTIVE TRADERS Try one of these FREE trading guides:   https://t.co/PinM8Wf59j  $NFLX $TSLA $AAPL $JWN $GS $FB $AMZN $GOOGL $NVDA", "likes_count": 1, "replies_count": 0, "retweets_count": 0, "hashtags": []}
{"id": 1180595720320978949, "date": "2019-10-05", "time": "17:28:48", "tweet": "$TSLA really needs to answer this question. C'mon, dear media. Pose it to Corporate Comms. They won't ignore @russ1mitchell, @nealboudette, @lorakolodny, or @danahull.", "likes_count": 22, "replies_count": 1, "retweets_count": 2, "hashtags": []}
{"id": 1180593809010216962, "date": "2019-10-05", "time": "17:21:13", "tweet": "$TSLAq $tsla   👇👇👇💥", "likes_count": 6, "replies_count": 0, "retweets_count": 0, "hashtags": []}
{"id": 1180592938373402625, "date": "2019-10-05", "time": "17:17:45", "tweet": "@bgrahamdisciple So how many cars do you think $TSLA delivered to end-users in China in Q3?", "likes_count": 4, "replies_count": 0, "retweets_count": 0, "hashtags": []}
{"id": 1180592882605969411, "date": "2019-10-05", "time": "17:17:32", "tweet": "Notable inside weeks:  $ROKU as it finds support, $TSLA as it works on a cup &amp; handle, $BYND as it works on a head &amp; shoulders, $WDAY at the cloud.  https://t.co/oBA3NNeoHS", "likes_count": 23, "replies_count": 2, "retweets_count": 4, "hashtags": []}
{"id": 1180592198032584706, "date": "2019-10-05", "time": "17:14:49", "tweet": "@tomshardware he has great taste in products $TSLA 😜", "likes_count": 0, "replies_count": 0, "retweets_count": 0, "hashtags": []}
{"id": 1180592178315137024, "date": "2019-10-05", "time": "17:14:44", "tweet": "Tesla’s entry into the “luxury” mid-sized car market with the Model 3 coincided with a 20% drop in other mid-lux used vehicles. $TSLA (H/t @facts_tesla)   https://t.co/xP0iSrEYkO", "likes_count": 4, "replies_count": 0, "retweets_count": 2, "hashtags": []}
{"id": 1180591771153137669, "date": "2019-10-05", "time": "17:13:07", "tweet": "@BenSullins Buy $TSLA - great time to invest! @Tesla @elonmusk", "likes_count": 1, "replies_count": 0, "retweets_count": 0, "hashtags": []}
{"id": 1180591506777726981, "date": "2019-10-05", "time": "17:12:04", "tweet": "Team $TSLAQ: I am positive $TSLA included cars sold to  China sub in delivery #s. The key is whether they included them BEFORE they were also then delivered by China sub to end buyer.  Asking if they included cars sold to China sub is the wrong question.  Also FWIW, I doubt it.", "likes_count": 35, "replies_count": 5, "retweets_count": 3, "hashtags": ["s"]}
{"id": 1180591029491126272, "date": "2019-10-05", "time": "17:10:10", "tweet": "@KawasakiKR11 something tells me @TeslaModelXJour will need new half axels for her $tsla MX much faster than most other owners 😂🤣", "likes_count": 2, "replies_count": 0, "retweets_count": 0, "hashtags": []}
{"id": 1180588737941495810, "date": "2019-10-05", "time": "17:01:04", "tweet": "I love when the Tesla lovers spend hours on my website, combing through page after page.   If @TheJusticeDept @NHTSA weren't concerned over $TSLA Smart Summon before, the dash to get videos removed from the internet should raise a safety 🚩 #RedFlag. #TheSociopathicBusinessModel  https://t.co/xk2NI3MeAI", "likes_count": 6, "replies_count": 1, "retweets_count": 0, "hashtags": ["redflag", "thesociopathicbusinessmodel"]}
{"id": 1180588594668244998, "date": "2019-10-05", "time": "17:00:29", "tweet": "Don't miss our next FREE OPTION TRADE.  Sign up for our Daily Free Trades at  https://t.co/5tWI4LMi0p $NVDA $TSLA $GS $REGN $BAC $GOOGL $FB", "likes_count": 0, "replies_count": 0, "retweets_count": 0, "hashtags": []}
{"id": 1180588276584837120, "date": "2019-10-05", "time": "16:59:14", "tweet": "That's what I call a paint issue!   $TSLAq $tsla", "likes_count": 4, "replies_count": 0, "retweets_count": 0, "hashtags": []}
{"id": 1180587987265966085, "date": "2019-10-05", "time": "16:58:05", "tweet": "@MotherCabriniNY Seeing as  $tesla cars seem to burn completely away to virtually nothing and infact seem to burn more than $tsla longs immolating their shares, anyone worked out the pollution likely caused? 🤔🧐😜😜", "likes_count": 0, "replies_count": 0, "retweets_count": 0, "hashtags": []}
{"id": 1180586922650980352, "date": "2019-10-05", "time": "16:53:51", "tweet": "Another vindicating day for Martin Tripp! $TSLA $TSLAQ  #TeslaBatteryIssues  #TeslaSoftwareIssues  @NHTSAgov @FBI please also find out if Twitter colluded w Tesla to suppress negative truthful information @scot_work", "likes_count": 9, "replies_count": 1, "retweets_count": 1, "hashtags": ["teslabatteryissues", "teslasoftwareissues"]}
{"id": 1180585889619013634, "date": "2019-10-05", "time": "16:49:44", "tweet": "Would one of you guys mind asking @elonmusk this important question for me? He replies to you guys all the time. Thanks. @tesla_truth @annerajb @alpsoy66 @JohnnaCrider1 $tsla", "likes_count": 22, "replies_count": 2, "retweets_count": 1, "hashtags": []}
{"id": 1180583927766896646, "date": "2019-10-05", "time": "16:41:57", "tweet": "@LudPisapia @AIHammer @profgalloway $TSLA missed their production targets by 100,000 cars in Q3. It's going to take a miracle.   Look, I love the tech, I just don't think they have the runway to make it to 2021.", "likes_count": 0, "replies_count": 3, "retweets_count": 0, "hashtags": []}
{"id": 1180583169407373313, "date": "2019-10-05", "time": "16:38:56", "tweet": "$TSLA Gigafactory Shanghai coming online", "likes_count": 0, "replies_count": 0, "retweets_count": 0, "hashtags": []}
{"id": 1180582903027101696, "date": "2019-10-05", "time": "16:37:52", "tweet": "$TSLA is chronicly unprofitable.", "likes_count": 0, "replies_count": 0, "retweets_count": 0, "hashtags": []}
{"id": 1180582559861760002, "date": "2019-10-05", "time": "16:36:31", "tweet": "@WallStCynic @backcountry11 @markbspiegel Sure has that \"channel stuff\" feel to it...  $TSLA $TSLAQ", "likes_count": 13, "replies_count": 2, "retweets_count": 0, "hashtags": []}
{"id": 1180582198396608514, "date": "2019-10-05", "time": "16:35:04", "tweet": "And now I know why. That's what $TSLAQ FUDsters would never tell you and what they don't care about even though it's very dangerous. $TSLA #RIPDiesel    https://t.co/jOXSJz7bfv", "likes_count": 2, "replies_count": 1, "retweets_count": 0, "hashtags": ["ripdiesel"]}
{"id": 1180581353219223552, "date": "2019-10-05", "time": "16:31:43", "tweet": "@backcountry11 @markbspiegel $TSLA, which rarely discloses material developments saw fit to disclose that new financing arrangement for its Chinese subsidiary in the same 8-K wherein it disclosed 3Q deliveries.", "likes_count": 41, "replies_count": 6, "retweets_count": 5, "hashtags": []}
{"id": 1180581338773983233, "date": "2019-10-05", "time": "16:31:39", "tweet": "A Customer @TiffanyPhoto1 with #teslasolar #teslareroofissues #teslasolarissues gets SUSPENDED by @Twitter for posting that @Tesla knew all about her damages, Wonder who called who to make this happen? $tsla $tslaq", "likes_count": 1, "replies_count": 0, "retweets_count": 0, "hashtags": ["teslasolar", "teslareroofissues", "teslasolarissues"]}
{"id": 1180580945809690624, "date": "2019-10-05", "time": "16:30:06", "tweet": "ACTIVE TRADERS Try one of these FREE trading guides:   https://t.co/odqrIIXuRG  $NFLX $TSLA $AAPL $BIDU $GS $FB $AMZN $GOOGL $NVDA", "likes_count": 0, "replies_count": 0, "retweets_count": 0, "hashtags": []}
{"id": 1180579833371217928, "date": "2019-10-05", "time": "16:25:41", "tweet": "Exactly why ALL test drives should go through a car wash 20+ times ...   Remember your tweet @TiffanyPhoto1 😂 ... Still suspended I see!?!    $tsla $tslaq", "likes_count": 1, "replies_count": 0, "retweets_count": 1, "hashtags": []}
{"id": 1180579526645956608, "date": "2019-10-05", "time": "16:24:27", "tweet": "Oh all right....  $tsla $tslaq", "likes_count": 1, "replies_count": 0, "retweets_count": 0, "hashtags": []}
{"id": 1180579070297493504, "date": "2019-10-05", "time": "16:22:39", "tweet": "$TSLA - I also wonder how much SpaceX and any other of the Musk criminal enterprise bought cars to juice the numbers?   #tesla", "likes_count": 6, "replies_count": 1, "retweets_count": 0, "hashtags": ["tesla"]}
{"id": 1180578705598382081, "date": "2019-10-05", "time": "16:21:12", "tweet": "@OphirGottlieb Akshually $Tsla fans just care about the environment so much  https://t.co/v8ukvnMDqz", "likes_count": 1, "replies_count": 0, "retweets_count": 0, "hashtags": []}
{"id": 1180578667644145664, "date": "2019-10-05", "time": "16:21:03", "tweet": "By the time $TSLA gets full nationwide coverage for it's auto insurance offering, it might be the only option available.   $TSLAQ", "likes_count": 5, "replies_count": 0, "retweets_count": 0, "hashtags": []}
{"id": 1180577881757347840, "date": "2019-10-05", "time": "16:17:55", "tweet": "@ShortingIsFun Ok ! Smart summon is not FSD because it is under driver control. So when you drive without a driver in the car, is the car unsecured. @tesla owners are going to have a nightmare when insurance denies all claims! Good luck $tsla owners!", "likes_count": 1, "replies_count": 0, "retweets_count": 0, "hashtags": []}
{"id": 1180577718494224384, "date": "2019-10-05", "time": "16:17:16", "tweet": "@fly4dat But please: buy some, could help keep entry points LOW for buying $TSLA...", "likes_count": 2, "replies_count": 0, "retweets_count": 0, "hashtags": []}
{"id": 1180576819709386753, "date": "2019-10-05", "time": "16:13:42", "tweet": "$TSLA  50 MA supports 2 Time from going lower", "likes_count": 0, "replies_count": 0, "retweets_count": 0, "hashtags": []}
{"id": 1180576043314434049, "date": "2019-10-05", "time": "16:10:37", "tweet": "@vhindriksen @Stevebility @PhenomenalPoto @Tesla many stocks you can short, I’d go with Ford first...only emotional traders are shorting $tsla 😉", "likes_count": 0, "replies_count": 0, "retweets_count": 0, "hashtags": []}
{"id": 1180575862858698753, "date": "2019-10-05", "time": "16:09:54", "tweet": "@Paul_M_Huettner $TSLA The gift that keeps on giving!", "likes_count": 0, "replies_count": 1, "retweets_count": 0, "hashtags": []}
{"id": 1180575796064223233, "date": "2019-10-05", "time": "16:09:38", "tweet": "Smart Summon is here! And so is the FUD. Should $TSLA do anything about it?  https://t.co/lbhLFfTMAb via @Teslarati", "likes_count": 3, "replies_count": 3, "retweets_count": 0, "hashtags": []}
{"id": 1180575032457617408, "date": "2019-10-05", "time": "16:06:36", "tweet": "@Danstringer74 @TeslaModelXJour Hey Maryann Miller do you know what defamation, false claims, hateful conduct and targeted harassment looks like?  @TwitterComms does. Did you know @Tesla is already under @TheJusticeDept criminal investigation @NHTSA &amp; @FTC investigations headed by @FBI? Talk to them about $TSLA", "likes_count": 17, "replies_count": 0, "retweets_count": 0, "hashtags": []}
{"id": 1180574914467811328, "date": "2019-10-05", "time": "16:06:08", "tweet": "@tomi @TheBegonis @GankPwnt @mannyanekal $tsla sold 255,200 in 3Qs this year, will you admit Tomi or block me? 😂😂😂😂😂", "likes_count": 0, "replies_count": 0, "retweets_count": 0, "hashtags": []}
{"id": 1180574907136184322, "date": "2019-10-05", "time": "16:06:06", "tweet": "Is This the Key to Blanketing the U.S. With Electric Vehicle Chargers?  $MCD $TGT $WMT $TSLA   https://t.co/hRAODTdIih", "likes_count": 0, "replies_count": 0, "retweets_count": 0, "hashtags": []}
{"id": 1180574656207687681, "date": "2019-10-05", "time": "16:05:06", "tweet": "$TSLA employees must sign confidentiality agreements, but Tesla Model 3s are free to leak with abandon. This won't get better with time.", "likes_count": 11, "replies_count": 0, "retweets_count": 0, "hashtags": []}
{"id": 1180573887941226496, "date": "2019-10-05", "time": "16:02:03", "tweet": "@tomi @TheBegonis @GankPwnt @mannyanekal @tomi what about this? $tsla   https://t.co/dv4PM5fSdk  😂😂😂", "likes_count": 0, "replies_count": 1, "retweets_count": 0, "hashtags": []}
{"id": 1180573529860915200, "date": "2019-10-05", "time": "16:00:38", "tweet": "251 Profit-Packed Option Trades Yearly--Delivered to Your Inbox Daily--FREE!  https://t.co/urLvkPePZU $BABA $GOOGL $TSLA $BIDU", "likes_count": 0, "replies_count": 0, "retweets_count": 0, "hashtags": []}
{"id": 1180572634678874112, "date": "2019-10-05", "time": "15:57:04", "tweet": "@TeslaModelXJour $TSLA  https://t.co/UwtvzykHND", "likes_count": 18, "replies_count": 1, "retweets_count": 0, "hashtags": []}
{"id": 1180572260517724161, "date": "2019-10-05", "time": "15:55:35", "tweet": "@mark27883625 @ICannot_Enough a troll doesn’t know earth has more than one continent $tsla 😂😂😂", "likes_count": 0, "replies_count": 0, "retweets_count": 0, "hashtags": []}
{"id": 1180572102778396672, "date": "2019-10-05", "time": "15:54:57", "tweet": "@tesla_truth Thanks.  It’s been the best short of my entire career so far, I’ve just been trading around it recently.  Covering on delivery &amp; earnings releases, then shorting again as it bounces back up through the quarter.   I’m really going to miss it one day.  $TSLA $TSLAQ", "likes_count": 3, "replies_count": 0, "retweets_count": 0, "hashtags": []}
{"id": 1180571280757727232, "date": "2019-10-05", "time": "15:51:41", "tweet": "@EliteOptions2 $TSLA , $BA , $NFLX , $ROKU", "likes_count": 1, "replies_count": 0, "retweets_count": 0, "hashtags": []}
{"id": 1180571272431820800, "date": "2019-10-05", "time": "15:51:39", "tweet": "$TSLA - you are not alone.  This was the number one defect Pareto issue in their water ingress test at Tesla:   “Dash Panel Water Leak”.   Look at picture.  There are a lot of similar Defective Tesla’s in the field.  #teslaqualityissues  https://t.co/HqrRdDAOUU", "likes_count": 21, "replies_count": 1, "retweets_count": 4, "hashtags": ["teslaqualityissues"]}
{"id": 1180570680175271939, "date": "2019-10-05", "time": "15:49:18", "tweet": "I would very much like to know if Tesla cars “purchased and imported” by a Beijing subsidiary were included in the delivery totals released this week.   I consider the answer to be material.  @elonmusk @tesla @IraEhrenpreis @kimbal @graciasantonio $tsla  https://t.co/dbqdTSnD05", "likes_count": 69, "replies_count": 3, "retweets_count": 9, "hashtags": []}
{"id": 1180569994243067914, "date": "2019-10-05", "time": "15:46:35", "tweet": "This week's installment of Japanese Tesla listings/sales. $TSLA $TSLAQ #Tesla #CYAZ #テスラ #モデル3  TL;DR: Used market is slow as usual. EoQ summary. Model 3 delivery update.", "likes_count": 1, "replies_count": 1, "retweets_count": 0, "hashtags": ["tesla", "cyaz", "テスラ", "モデル3"]}
{"id": 1180569717926440961, "date": "2019-10-05", "time": "15:45:29", "tweet": "This is a great example of a $TSLAQ comrade being able to openly address their own shortcomings and epic failures. I am still waiting to read anything like that from a $TSLA cultist.", "likes_count": 5, "replies_count": 1, "retweets_count": 0, "hashtags": []}
{"id": 1180568287580569601, "date": "2019-10-05", "time": "15:39:48", "tweet": "When Tesla consumers Beta test they dangerously help $TSLA AVOID costly REGULATORY testing, PAY to TEST an UNREGULATED product AND assume SAFETY &amp; LEGAL consequences FOR the company. BETA users are the punchline to Silicon Valley billionaires jokes. #TheSociopathicBusinessModel  https://t.co/ccCa3ZVSPs", "likes_count": 5, "replies_count": 3, "retweets_count": 1, "hashtags": ["thesociopathicbusinessmodel"]}
{"id": 1180568281620463617, "date": "2019-10-05", "time": "15:39:46", "tweet": "• company targets insecure, desperate to feel superior consumers who will break the law for the company • company manipulates insecure consumer into paying to test unregulated product  • consumer personally bears the safety &amp; legal consequences FOR the company  2/ $TSLA $TSLAQ  https://t.co/lI9bcSgpF1", "likes_count": 4, "replies_count": 1, "retweets_count": 0, "hashtags": []}
{"id": 1180568276289515520, "date": "2019-10-05", "time": "15:39:45", "tweet": "\"But it's Beta,\" is a phrase used by unaware Tesla Smart Summon owners &amp; fans to dismiss safety issues. $TSLA $TSLAQ  Let's break down what Silicon Valley Beta Buzz really means: • company rushing to be \"first to market\"  • company avoids costly safety regulatory testing  1/  https://t.co/9WZcGcoxI0", "likes_count": 5, "replies_count": 1, "retweets_count": 1, "hashtags": []}
{"id": 1180568049306492928, "date": "2019-10-05", "time": "15:38:51", "tweet": "@Dope007 Luddite, There r over 1.5m like baby feeding accidents a yr bro. Should we just ban novel ways to feed the children, aka our future? Am I right $Tsla shill @ThemeTeamWP?", "likes_count": 1, "replies_count": 0, "retweets_count": 0, "hashtags": []}
{"id": 1180567837330624513, "date": "2019-10-05", "time": "15:38:00", "tweet": "@ICannot_Enough Trolls? Hey, you tried to hide Tesla -27% vs yago, way more down than almost any other manufacturer in US. Lame.  Weak sauce, dude... 👍  $TSLA $TSLAQ", "likes_count": 3, "replies_count": 2, "retweets_count": 0, "hashtags": []}
{"id": 1180567732628197379, "date": "2019-10-05", "time": "15:37:36", "tweet": "@TheBegonis @GankPwnt @mannyanekal Not sure what your definition of rich is, but if you did that today and $TSLA were worth $0 in January, you’d have made ~$380k. At $100/share, you’d make $60k.", "likes_count": 0, "replies_count": 1, "retweets_count": 0, "hashtags": []}
{"id": 1180567567326420992, "date": "2019-10-05", "time": "15:36:56", "tweet": "Bullish credit spreads can help you take advantage of a market moving higher. Use  Credit (Short) Put Spread Screener for trade ideas in $aapl $amzn $fb $tsla $fb $goog   https://t.co/oT8QQnUBz5  https://t.co/hhrUqMLJuM", "likes_count": 1, "replies_count": 0, "retweets_count": 0, "hashtags": []}
{"id": 1180565860500545537, "date": "2019-10-05", "time": "15:30:09", "tweet": "ACTIVE TRADERS Try one of these FREE trading guides:   https://t.co/vPaFTgNYXT  $NFLX $TSLA $AAPL $PCLN $GS $FB $AMZN $GOOGL $NVDA", "likes_count": 0, "replies_count": 0, "retweets_count": 0, "hashtags": []}
{"id": 1180564870586146817, "date": "2019-10-05", "time": "15:26:13", "tweet": "$TSLA  new alert at  https://t.co/A7qrDarJHY  #stocks #daytrading  #NYSE #NASDAQ #market 458", "likes_count": 0, "replies_count": 0, "retweets_count": 0, "hashtags": ["stocks", "daytrading", "nyse", "nasdaq", "market"]}
{"id": 1180564224243896320, "date": "2019-10-05", "time": "15:23:39", "tweet": "via zerohedge: \"Tesla has changed the world for the better (I believe this). And … Tesla doesn’t have the scale to compete in a well-run, low-margin business — auto.\" $tsla", "likes_count": 0, "replies_count": 0, "retweets_count": 0, "hashtags": []}
{"id": 1180564218019549184, "date": "2019-10-05", "time": "15:23:38", "tweet": "via zerohedge: Scott Galloway on Tesla: \"Dear Twitter trolls: yes … I’m an idiot, I can’t do, so I teach, and I don’t understand genius. It’s a tech/energy play. I get it... Save your breath. Yes, he is a genius,\" $tsla", "likes_count": 0, "replies_count": 0, "retweets_count": 0, "hashtags": []}
{"id": 1180562282025291776, "date": "2019-10-05", "time": "15:15:56", "tweet": "Yeah but last time I checked you wouldn't get locked into a phone if the power died, so there's that $tsla $tslaq", "likes_count": 2, "replies_count": 0, "retweets_count": 0, "hashtags": []}
{"id": 1180561962054410242, "date": "2019-10-05", "time": "15:14:40", "tweet": "@Kaptain_K1rk @ShortingIsFun @elonmusk Wreck less endangerment?  $tsla $tslaq  https://t.co/tgPlTOXOVc", "likes_count": 3, "replies_count": 0, "retweets_count": 0, "hashtags": []}
{"id": 1180561791610437634, "date": "2019-10-05", "time": "15:13:59", "tweet": "$TSLA - Does anyone work at Tesla anymore?   What is this about?", "likes_count": 0, "replies_count": 0, "retweets_count": 0, "hashtags": []}
{"id": 1180561698484314114, "date": "2019-10-05", "time": "15:13:37", "tweet": "@cleantechnica In hindsight $TSLA will be the most significant #disruption of the next decade.", "likes_count": 11, "replies_count": 1, "retweets_count": 0, "hashtags": ["disruption"]}
