{"id": 1173023415919362058, "date": "2019-09-14", "time": "19:59:10", "tweet": "Coming soon to a $tsla distribution center near you.", "likes_count": 4, "replies_count": 0, "retweets_count": 0, "hashtags": []}
{"id": 1173023339792805888, "date": "2019-09-14", "time": "19:58:52", "tweet": "Remember, too, that many who would litigate against $TSLA are forced into arbitrations, which are not captured by this data.", "likes_count": 19, "replies_count": 0, "retweets_count": 0, "hashtags": []}
{"id": 1173022378194079745, "date": "2019-09-14", "time": "19:55:03", "tweet": "OptionAlarm provides Option Swing Trade Alerts With REAL Results! Try It For 10 Days:  https://t.co/NabUUoKf75 It's FREE! No Credit Card Required! $AMZN $NVDA $TSLA $BABA", "likes_count": 0, "replies_count": 0, "retweets_count": 0, "hashtags": []}
{"id": 1173021945799041024, "date": "2019-09-14", "time": "19:53:20", "tweet": "In terms of lawsuits per vehicle delivery or per solar system install, $TSLA has to be the world leader. A little birdie told me that more &amp; more law firms are becoming tired of being stiffed by Elon, and are refusing to play ball. Including a huge LA-based national firm.", "likes_count": 55, "replies_count": 7, "retweets_count": 11, "hashtags": []}
{"id": 1173020531312025600, "date": "2019-09-14", "time": "19:47:42", "tweet": "Thoughts, @bethanymac12 ?  #NotATesla $TSLA", "likes_count": 10, "replies_count": 0, "retweets_count": 5, "hashtags": ["notatesla"]}
{"id": 1173019768208543744, "date": "2019-09-14", "time": "19:44:41", "tweet": "Well, at least there's hope for all the scrap yard Teslas. Elon Musk frantically looking up recycling subsidies &amp; unrestricted grants. $TSLA  #3D artist @ChrisLabrooy gives the #Jaguar #XJS #Repurpose #Recycle  https://t.co/nRNmk9GjvJ", "likes_count": 2, "replies_count": 0, "retweets_count": 0, "hashtags": ["3d", "jaguar", "xjs", "repurpose", "recycle"]}
{"id": 1173018256132780032, "date": "2019-09-14", "time": "19:38:40", "tweet": "@JervisCapital Hallo please find the unroll here: Thread by @ElonBachman: \"1\\ Big $TSLA update about @karpathy's AutoPilot A  https://t.co/QbJwwDHLcf contributor has been tracking the Jan 30, 2019 case in […]\"  https://t.co/BtlXXwLrUD Enjoy :) 🤖", "likes_count": 0, "replies_count": 0, "retweets_count": 1, "hashtags": []}
{"id": 1173016622077902848, "date": "2019-09-14", "time": "19:32:10", "tweet": "@PlainSite First, thanks again for compiling all this data.  Is there any way to categorize the lawsuits by liability, e.g., &lt;$50K potential liability, &gt;$1mm potential liability.  How many major dollar lawsuits is $TSLA fighting?   c: @orthereaboot", "likes_count": 5, "replies_count": 2, "retweets_count": 0, "hashtags": []}
{"id": 1173016116714758146, "date": "2019-09-14", "time": "19:30:10", "tweet": "Hey Elon,  I know you're still struggling w/ the logistics on earth, but how about the logistics of the Moon trip?  The guy just sold his biz to prepare for 2023, just 4 yrs away.  $TSLA $TSLAQ #Tesla #CYAZ #テスラ #モデル3  https://t.co/7l0NRBN86i", "likes_count": 11, "replies_count": 0, "retweets_count": 4, "hashtags": ["tesla", "cyaz", "テスラ", "モデル3"]}
{"id": 1173016095294464000, "date": "2019-09-14", "time": "19:30:05", "tweet": "ACTIVE TRADERS Try one of these FREE trading guides:   https://t.co/XtQoOUTHPa  $NFLX $TSLA $AAPL $TWTR $GS $FB $AMZN $GOOGL $NVDA", "likes_count": 0, "replies_count": 0, "retweets_count": 0, "hashtags": []}
{"id": 1173015530749517825, "date": "2019-09-14", "time": "19:27:50", "tweet": "Is this true @elonmusk?  $tsla $tslaq", "likes_count": 5, "replies_count": 0, "retweets_count": 0, "hashtags": []}
{"id": 1173014831206735873, "date": "2019-09-14", "time": "19:25:03", "tweet": "With past performance like this, how can you not sign up for a Free 7-day trial to  https://t.co/z0SCn3Ibiz? Winning Option Swing Trades Since 2006  $BABA $GOOGL $TSLA $BIDU", "likes_count": 0, "replies_count": 0, "retweets_count": 0, "hashtags": []}
{"id": 1173013956614590464, "date": "2019-09-14", "time": "19:21:35", "tweet": "1\\ Big $TSLA update about @karpathy's AutoPilot  A  https://t.co/ubVFEZWFk0 contributor has been tracking the Jan 30, 2019 case in which a Dutch $TSLA drifted into oncoming traffic, killing one.  A new court docket reveals that AutoPilot was on", "likes_count": 108, "replies_count": 5, "retweets_count": 38, "hashtags": []}
{"id": 1173012885381046272, "date": "2019-09-14", "time": "19:17:20", "tweet": "@PythiaR That's why $TSLA is winning", "likes_count": 1, "replies_count": 2, "retweets_count": 0, "hashtags": []}
{"id": 1173011843901775883, "date": "2019-09-14", "time": "19:13:11", "tweet": "@NikolausNordpol @Model3Owners @elonmusk What is more? There are many EVs manufacturers and most produce their cars in a much greener way than $tsla. Also hydrogen is probably the better solution for zero emission.", "likes_count": 0, "replies_count": 0, "retweets_count": 0, "hashtags": []}
{"id": 1173011465990746117, "date": "2019-09-14", "time": "19:11:41", "tweet": "@ElonsBrain Forget global warming, pollution, TCO, ... World transport depending that much on such an unstable region is a security threat. Just for this reason we should tax ICE to death and use the revenue to subsidize BEV. Not a @tesla $TSLA issue. Oil dependency is public enemy no 1.", "likes_count": 2, "replies_count": 0, "retweets_count": 0, "hashtags": []}
{"id": 1173009971530928133, "date": "2019-09-14", "time": "19:05:45", "tweet": "Our Lord Elon has forgotten about Buffalo again it seems... $TSLA $TSLAQ", "likes_count": 27, "replies_count": 3, "retweets_count": 0, "hashtags": []}
{"id": 1173008952314880002, "date": "2019-09-14", "time": "19:01:42", "tweet": "$CL_F - Wow!   https://t.co/GU6VDKAemo   https://t.co/mFTcy3XcuI  $ES_F $YM_F $RTY_F $NQ_F $OIL $USO $UCO $ERX $CVX $XOM $VLO $FB $AMZN $AAPL $NVDA $NFLX $GOOGL $TSLA $UWT $OILU $XLF $XLK $XLE #SaudiArabia #drones #Bolton #OPEC #business #news #twitch #discord #SaturdayThoughts", "likes_count": 1, "replies_count": 2, "retweets_count": 0, "hashtags": ["saudiarabia", "drones", "bolton", "opec", "business", "news", "twitch", "discord", "saturdaythoughts"]}
{"id": 1173008879795548163, "date": "2019-09-14", "time": "19:01:25", "tweet": "@EnerTuition $TSLA Exponential growth in more ways than one:  https://t.co/d3cxastVVu", "likes_count": 0, "replies_count": 0, "retweets_count": 0, "hashtags": []}
{"id": 1173008830382239744, "date": "2019-09-14", "time": "19:01:13", "tweet": "@elonmusk @emicimaz Need to plan/save to upgrade my 2014 P85+ Model S (~63k miles).  Will Plaid use 2170 or 18650s ? Really hope it gets the new cells. &gt;100kWH pack? 400+ mile I-5 range at 65-72 MPH ? #dpdtsla  $TSLA 11 shares.", "likes_count": 0, "replies_count": 0, "retweets_count": 0, "hashtags": ["dpdtsla"]}
