{"id": 1152729227260813312, "date": "2019-07-20", "time": "19:57:19", "tweet": "$TSLA Lol #ElonMusk I guess you wasn't ready for that... #TESLA 😁👀💀 Judge told Tesla to release evidence in short seller trial. Instead, Tesla dropped the case  https://t.co/qD5IZAb1Mc", "likes_count": 8, "replies_count": 1, "retweets_count": 3, "hashtags": ["elonmusk", "tesla"]}
{"id": 1152728806399959040, "date": "2019-07-20", "time": "19:55:38", "tweet": "@timmerenginerd $TSLA NOX Neutral Not So Much", "likes_count": 1, "replies_count": 0, "retweets_count": 0, "hashtags": []}
{"id": 1152728665505062914, "date": "2019-07-20", "time": "19:55:05", "tweet": "OptionAlarm provides Option Swing Trade Alerts With REAL Results! Try It For 10 Days:  https://t.co/8rD2gEokHe It's FREE! No Credit Card Required! $AMZN $NVDA $TSLA $BABA", "likes_count": 0, "replies_count": 0, "retweets_count": 0, "hashtags": []}
{"id": 1152727097514684421, "date": "2019-07-20", "time": "19:48:51", "tweet": "#TeslaWarrantyIssues $TSLA $TSLAQ", "likes_count": 1, "replies_count": 0, "retweets_count": 0, "hashtags": ["teslawarrantyissues"]}
{"id": 1152726353961242624, "date": "2019-07-20", "time": "19:45:54", "tweet": "The CATACLYSM Trading Setup, And What It Means for Netflix $NFLX  https://t.co/EuCJwnZOUE (also $TSLA x $NIO)", "likes_count": 2, "replies_count": 0, "retweets_count": 1, "hashtags": []}
{"id": 1152725939601596421, "date": "2019-07-20", "time": "19:44:15", "tweet": "@Jason @Tesla @elonmusk there should be more $TSLA super chargers like that with Tesla branded @cafexapp robots. just sayin’. pitch it to @elonmusk ☕️🤖⚡️", "likes_count": 2, "replies_count": 0, "retweets_count": 0, "hashtags": []}
{"id": 1152724299113029636, "date": "2019-07-20", "time": "19:37:44", "tweet": "1/ \"Got my M3 on June 29th [Posted on July 2nd]. I've noticed a viscous blue liquid was leaking underneath the car. I could hear some dripping all the way from the front to the rear of the car. Here is a picture of the liquid.\"   #TeslaQualityIssues $TSLA $TSLAQ  https://t.co/wc9jl9bTod", "likes_count": 3, "replies_count": 3, "retweets_count": 0, "hashtags": ["teslaqualityissues"]}
{"id": 1152724240350793728, "date": "2019-07-20", "time": "19:37:30", "tweet": "I’m a $TSLA long and I have a confession to make.   I want the stock price to drop, significantly, if possible.   I want to increase my long position at a lower price😁.   #TSLA #TSLAQ $TSLAQ", "likes_count": 4, "replies_count": 1, "retweets_count": 0, "hashtags": ["tsla", "tslaq"]}
{"id": 1152722373394743296, "date": "2019-07-20", "time": "19:30:05", "tweet": "ACTIVE TRADERS Try one of these FREE trading guides:   https://t.co/W3lp0462MX  $NFLX $TSLA $AAPL $TWTR $GS $FB $AMZN $GOOGL $NVDA", "likes_count": 0, "replies_count": 0, "retweets_count": 0, "hashtags": []}
{"id": 1152721106287124485, "date": "2019-07-20", "time": "19:25:02", "tweet": "With past performance like this, how can you not sign up for a Free 7-day trial to  https://t.co/HeTQpgUl1j? Winning Option Swing Trades Since 2006  $BABA $GOOGL $TSLA $BIDU", "likes_count": 0, "replies_count": 0, "retweets_count": 0, "hashtags": []}
{"id": 1152720469201580033, "date": "2019-07-20", "time": "19:22:31", "tweet": "@SamAntar Musk needs to hire you as his fraud coordinator. He's got too many fraud plates to keep spinning by himself...  $TSLA $TSLAQ", "likes_count": 9, "replies_count": 1, "retweets_count": 0, "hashtags": []}
{"id": 1152720263089287168, "date": "2019-07-20", "time": "19:21:41", "tweet": "$TSLA Cuts Prices Again. It's Not Good News.  https://t.co/eYYd8iYlmo #StockTwits  https://t.co/bsXl7tsUH9", "likes_count": 0, "replies_count": 0, "retweets_count": 0, "hashtags": ["stocktwits"]}
{"id": 1152720260715483136, "date": "2019-07-20", "time": "19:21:41", "tweet": "Evening Most Tweeted Big Caps, check out Gambiste Top 10: $TSLA $BYND $ROKU $TWTR $GLPG $NFLX $GM $SNAP $AMD $WORK  https://t.co/k3uyuEbRpJ", "likes_count": 0, "replies_count": 0, "retweets_count": 0, "hashtags": []}
{"id": 1152720218948427776, "date": "2019-07-20", "time": "19:21:31", "tweet": "No longer \"allegedly dangerous short seller\" is he? CUZ $TSLA DROPPED THE CASE &amp; ALL THE ALLEGATIONS TOO!! $TSLAQ", "likes_count": 2, "replies_count": 0, "retweets_count": 0, "hashtags": []}
{"id": 1152719682031554562, "date": "2019-07-20", "time": "19:19:23", "tweet": "THIS👇 $TSLAQ $TSLA", "likes_count": 3, "replies_count": 0, "retweets_count": 0, "hashtags": []}
{"id": 1152719426313170944, "date": "2019-07-20", "time": "19:18:22", "tweet": "via SamAntar: Crazy Eddie Memoirs: NEVER give a critic subpoena power when you are in the middle of doing a fraud. $TSLA $TSLAQ $tsla", "likes_count": 1, "replies_count": 0, "retweets_count": 0, "hashtags": []}
{"id": 1152719297296424960, "date": "2019-07-20", "time": "19:17:51", "tweet": "Crazy Eddie Memoirs: NEVER give a critic subpoena power when you are in the middle of doing a fraud. $TSLA $TSLAQ", "likes_count": 76, "replies_count": 3, "retweets_count": 9, "hashtags": []}
{"id": 1152718362742415360, "date": "2019-07-20", "time": "19:14:08", "tweet": "$TSLA - is this another example of Elon saving humanity?   #tesla", "likes_count": 1, "replies_count": 0, "retweets_count": 0, "hashtags": ["tesla"]}
{"id": 1152716650900119553, "date": "2019-07-20", "time": "19:07:20", "tweet": "@ContrarianShort @ElectrekCo @FredericLambert Is this what you're looking for?  $TSLA $TSLAQ   https://t.co/cO9b6PYMlL", "likes_count": 4, "replies_count": 0, "retweets_count": 0, "hashtags": []}
{"id": 1152716321408389120, "date": "2019-07-20", "time": "19:06:02", "tweet": "@ElectrekCo @FredericLambert I missed the Skabooska retraction and apology, can you point me to it? $TSLA $TSLAQ", "likes_count": 27, "replies_count": 1, "retweets_count": 3, "hashtags": []}
{"id": 1152715106725302272, "date": "2019-07-20", "time": "19:01:12", "tweet": "\"I've had my M3 for 3 weeks now and I washed it for the first time yesterday. After coming out of the automated carwash the equivalent of a glass of water came out from underneath the glovebox.\" #LuxuryExperience #TeslaQualityIssues $TSLA $TSLAQ  https://t.co/jCHskmKJEM", "likes_count": 10, "replies_count": 1, "retweets_count": 0, "hashtags": ["luxuryexperience", "teslaqualityissues"]}
{"id": 1152714871420661760, "date": "2019-07-20", "time": "19:00:16", "tweet": "Don't miss our next FREE OPTION TRADE.  Sign up for our Daily Free Trades at  https://t.co/yotOAAl9CT $NVDA $TSLA $GS $C $WFC $GOOGL $FB", "likes_count": 0, "replies_count": 0, "retweets_count": 0, "hashtags": []}
{"id": 1152714659348115456, "date": "2019-07-20", "time": "18:59:25", "tweet": "@TESLAcharts @elonmusk @skabooshka @FredericLambert @ElectrekCo Odd indeed. Fred wasted no time in reporting that Musk had taken legal action. $TSLA $TSLAQ", "likes_count": 18, "replies_count": 0, "retweets_count": 1, "hashtags": []}
{"id": 1152713493411315712, "date": "2019-07-20", "time": "18:54:47", "tweet": "Is this still happening? @Tesla is awful quiet of late... $tsla $tslaq", "likes_count": 2, "replies_count": 0, "retweets_count": 1, "hashtags": []}
{"id": 1152713051977551872, "date": "2019-07-20", "time": "18:53:02", "tweet": "@business Easy to solve, @elonmusk, give those who bought at the higher price some kind of bonus (lifetime free charging, self-driving software updates, lifetime discount on future Tesla purchases, or a combination of these). $TSLA", "likes_count": 1, "replies_count": 2, "retweets_count": 1, "hashtags": []}
{"id": 1152712665120288768, "date": "2019-07-20", "time": "18:51:30", "tweet": "$TSLA #Tesla #Model3   Tesla cut the price of its Model 3 by $6,410, a bitter pill to swallow for customers who recently purchased a car at the previous price.   https://t.co/hSHaVFszU5", "likes_count": 1, "replies_count": 0, "retweets_count": 1, "hashtags": ["tesla", "model3"]}
{"id": 1152712321279545344, "date": "2019-07-20", "time": "18:50:08", "tweet": "Totaled  $TSLA $TSLAQ", "likes_count": 3, "replies_count": 0, "retweets_count": 1, "hashtags": []}
{"id": 1152712048884666368, "date": "2019-07-20", "time": "18:49:03", "tweet": "@RJScaringe @datarade @Rivian @SHAQ Rivian = competent version of $TSLA.", "likes_count": 1, "replies_count": 0, "retweets_count": 1, "hashtags": []}
{"id": 1152711163244924928, "date": "2019-07-20", "time": "18:45:32", "tweet": "A: \"I've got 3 holes too. Something seems to be missing.\" B: \"I had the same holes as you do, I went to Tesla and they installed the missing clips. It was vibrating on the highway, now it is fine.\"  #TeslaQualityIssues #TeslaAssemblyIssues $TSLA $TSLAQ  https://t.co/Y3sP9OBmVY", "likes_count": 7, "replies_count": 0, "retweets_count": 1, "hashtags": ["teslaqualityissues", "teslaassemblyissues"]}
{"id": 1152711069371998209, "date": "2019-07-20", "time": "18:45:09", "tweet": "Tesla whistleblower Karl Hansen \"assists in ongoing investigations led by “agencies\" into numerous potentially illegal “matters.\"  *numerous*  $TSLA $TSLAQ", "likes_count": 8, "replies_count": 0, "retweets_count": 3, "hashtags": []}
{"id": 1152710153050849280, "date": "2019-07-20", "time": "18:41:31", "tweet": "$TSLA $TSLAQ", "likes_count": 1, "replies_count": 0, "retweets_count": 1, "hashtags": []}
{"id": 1152709707292954626, "date": "2019-07-20", "time": "18:39:45", "tweet": "\"After 2000km, I noticed that the wheel housing was getting loose. I noticed that the bolt didn't have its nut. It is not going to hold for a long time. Where can I get some nuts?\" #TeslaQualityIssues #CarBuiltInATent #EOQPush $TSLA $TSLAQ  https://t.co/3INK8KKty2", "likes_count": 1, "replies_count": 0, "retweets_count": 2, "hashtags": ["teslaqualityissues", "carbuiltinatent", "eoqpush"]}
{"id": 1152707280804155397, "date": "2019-07-20", "time": "18:30:06", "tweet": "ACTIVE TRADERS Try one of these FREE trading guides:   https://t.co/Dg8MDFN88C  $NFLX $TSLA $AAPL $IBB $GS $FB $AMZN $GOOGL $NVDA", "likes_count": 0, "replies_count": 0, "retweets_count": 0, "hashtags": []}
{"id": 1152706837168492546, "date": "2019-07-20", "time": "18:28:20", "tweet": "Why not test it on the muppets that buy $tsla stock @elonmusk? #animaltestingmustend", "likes_count": 2, "replies_count": 2, "retweets_count": 0, "hashtags": ["animaltestingmustend"]}
{"id": 1152706386784116736, "date": "2019-07-20", "time": "18:26:33", "tweet": "@JavierSanz @JavierSanz En mi opinión los movimientos más importantes se darán en $TSLA que esta en plena subida actualmente y en $MMM que cayó fuertemente en reporte anterior. #Tesla #3M  💵 No perder de vista estas empresas:  $FB $AMZN  $BA $T $SNAP $TWTR $KO $V $GOOGL $PYPL $SBUX $MCD 🇺🇸  https://t.co/nSBdNZ37bc", "likes_count": 1, "replies_count": 0, "retweets_count": 1, "hashtags": ["tesla", "3m"]}
{"id": 1152705712956542981, "date": "2019-07-20", "time": "18:23:52", "tweet": "Projecting Revenue of $6.5B &amp; EBIT of $29M for Q2 2019 $TSLA earnings 📊   What are your estimates? #EarningsPreview   https://t.co/uwajfpycjX", "likes_count": 148, "replies_count": 24, "retweets_count": 17, "hashtags": ["earningspreview"]}
{"id": 1152705698284748800, "date": "2019-07-20", "time": "18:23:49", "tweet": "$TSLAQ #DumDum@Daimler exec Pipperger: \" $TSLA rolled out .. price cuts and options adjustments .. changes could have negative short-term &amp; long-term impacts on Tesla's business.\"  Meanwhile: \"Daimler’s Luxury Sheen Shows Cracks After 4th Profit Warning\"   https://t.co/iZEyOsu06z  https://t.co/HIIMAwpjGL", "likes_count": 0, "replies_count": 0, "retweets_count": 1, "hashtags": ["dumdum"]}
{"id": 1152704728079450113, "date": "2019-07-20", "time": "18:19:58", "tweet": "This week's installment of Japanese Tesla listings/sales. $TSLA $TSLAQ #Tesla #CYAZ #テスラ #モデル3 #モデル3オーダー受付開始  TL;DR: Quiet on Tesla Japan; just one CPO X sale. A few 3rd party S listing are gone after &gt;7mo (&amp; big discounts).", "likes_count": 5, "replies_count": 1, "retweets_count": 1, "hashtags": ["tesla", "cyaz", "テスラ", "モデル3", "モデル3オーダー受付開始"]}
{"id": 1152704450726944768, "date": "2019-07-20", "time": "18:18:51", "tweet": "$TSLA Tesla has updated its map of upcoming Supercharger stations around the world. #wow #toomany #TeamElon  https://t.co/JX7XCmfPKc", "likes_count": 2, "replies_count": 0, "retweets_count": 1, "hashtags": ["wow", "toomany", "teamelon"]}
{"id": 1152701711091490816, "date": "2019-07-20", "time": "18:07:58", "tweet": "Car is totaled $tsla", "likes_count": 1, "replies_count": 0, "retweets_count": 0, "hashtags": []}
{"id": 1152698791914459136, "date": "2019-07-20", "time": "17:56:22", "tweet": "@wooster By “driver” maybe it was actually autopilot 🤔 $tsla $tslaq", "likes_count": 0, "replies_count": 1, "retweets_count": 0, "hashtags": []}
{"id": 1152698777293115393, "date": "2019-07-20", "time": "17:56:19", "tweet": "Now buying a Tesla comes with Autopolit as a standard feature, like comes with a private driver with the car. As the OTA software continues to update, the driving skills of this ”private driver” are also improved.   $TSLA #Tesla #Autopolit   https://t.co/UTcFDp6BBM", "likes_count": 91, "replies_count": 1, "retweets_count": 4, "hashtags": ["tesla", "autopolit"]}
{"id": 1152697510948933634, "date": "2019-07-20", "time": "17:51:17", "tweet": "Chart Patterns to Watch This Week 7-20-2019  https://t.co/UJxdYaJ49P $CGC $CRON $TLRY $APHA $ACB $BTC #bitcoin $ETH $XRP $LTC #crypto $SLV $GLD $QQQ $DJIA $DIA $SPY #stockmarket #commodities #investing #finance #stocks #gold #silver $FB $TWTR $AAPL $TSLA $AMZN $INTC $AMD $NFLX", "likes_count": 1, "replies_count": 0, "retweets_count": 0, "hashtags": ["bitcoin", "crypto", "stockmarket", "commodities", "investing", "finance", "stocks", "gold", "silver"]}
{"id": 1152696951844089859, "date": "2019-07-20", "time": "17:49:04", "tweet": "#Amazon’s updated suspension policy still has sellers worried about getting inexplicably booted  https://t.co/c2KiHwHiwi $SLV $GLD $QQQ $DJIA $DIA $SPY #stockmarket #commodities #investing #finance #stocks #gold #silver $FB $TWTR $AAPL $AMZN $TSLA $INTC $AMD $NFLX", "likes_count": 0, "replies_count": 0, "retweets_count": 0, "hashtags": ["amazon", "stockmarket", "commodities", "investing", "finance", "stocks", "gold", "silver"]}
{"id": 1152695730559016960, "date": "2019-07-20", "time": "17:44:12", "tweet": "@hilinetrail @TESLAcharts @elonmusk Let's say you wanted to buy a tunneling machine to smuggle drugs and not raise suspicion.....  $TSLA $TSLAQ", "likes_count": 4, "replies_count": 1, "retweets_count": 0, "hashtags": []}
{"id": 1152694655433269248, "date": "2019-07-20", "time": "17:39:56", "tweet": "イーロン・マスクとテスラは口先だけ達者。証拠を見せろと言われると即逃げ。反訴の準備は既に始まっている。  $TSLA $TSLAQ #Tesla #CYAZ #テスラ #モデル3 #モデル3オーダー受付開始  https://t.co/RZSEAuWh87", "likes_count": 3, "replies_count": 0, "retweets_count": 0, "hashtags": ["tesla", "cyaz", "テスラ", "モデル3", "モデル3オーダー受付開始"]}
{"id": 1152693747848626176, "date": "2019-07-20", "time": "17:36:20", "tweet": "NOT $TSLA.", "likes_count": 1, "replies_count": 0, "retweets_count": 0, "hashtags": []}
{"id": 1152693290002767873, "date": "2019-07-20", "time": "17:34:30", "tweet": "$TSLA been playing with this for the past month. News that it delivered more than 90k cars surpassing previous quarter record bounced stock up. Playing it neutral long term, do see it positive this quarter though. $265c nearly tripled in the past week. Can see 5x.  https://t.co/ffGasTOEhV", "likes_count": 1, "replies_count": 0, "retweets_count": 0, "hashtags": []}
{"id": 1152692187697680384, "date": "2019-07-20", "time": "17:30:08", "tweet": "ACTIVE TRADERS Try one of these FREE trading guides:   https://t.co/jDk19FVqK7  $NFLX $TSLA $AAPL $JWN $GS $FB $AMZN $GOOGL $NVDA", "likes_count": 0, "replies_count": 0, "retweets_count": 0, "hashtags": []}
{"id": 1152691840027484160, "date": "2019-07-20", "time": "17:28:45", "tweet": "@JoshuaKessler1 @EliBurton_ I wish I could mute but if I search $TSLA it shows people I’ve muted, so I need to block them :(", "likes_count": 0, "replies_count": 1, "retweets_count": 0, "hashtags": []}
{"id": 1152691752819539968, "date": "2019-07-20", "time": "17:28:24", "tweet": "@robinivski I believe (and hope) Ska is counter suing $TSLA $TSLAQ  @skabooshka", "likes_count": 3, "replies_count": 2, "retweets_count": 0, "hashtags": []}
{"id": 1152691174571778048, "date": "2019-07-20", "time": "17:26:06", "tweet": "Mon: $CDNS Tues: $UTX $TXN $CMG $IRBT Wed: Flash PMI, $BA $CAT $FB $TSLA $XLNX $NOW $PYPL Th: ECB mtg, Durable Goods, $GOOG $AMZN $INTC $SBUX $TEAM Fri: GDP, $TWTR 7/30: $AAPL $LSCC $AMD 7/31: Fed mtg, $QCOM $LRCX $AYX 8/1: PMI/ISM mfg, $SQ 8/2: Jobs 8/5: $KLAC 8/7: $SWKS $AVLR", "likes_count": 41, "replies_count": 0, "retweets_count": 11, "hashtags": []}
{"id": 1152690528636432384, "date": "2019-07-20", "time": "17:23:32", "tweet": "$TSLA $TSLAQ #tesla Tesla picked a fight then ran home to momma. This is the company you're a fan of: one that abuses the legal system to intimidate anyone who disagrees. Find a better Messiah.  https://t.co/0naFP30Kr8", "likes_count": 50, "replies_count": 2, "retweets_count": 10, "hashtags": ["tesla"]}
{"id": 1152688615022981120, "date": "2019-07-20", "time": "17:15:56", "tweet": "@PlainSite Electric cars with rubber tires in a tunnel? Near silent. Perhaps no coincidence that Musk always brags about how many pounds a Tesla can tow. Maybe he should say kilos...  $TSLA $TSLAQ", "likes_count": 7, "replies_count": 1, "retweets_count": 0, "hashtags": []}
{"id": 1152688588980490240, "date": "2019-07-20", "time": "17:15:50", "tweet": "@Stevebility @Tesla What do you think is in the @boringcompany bricks? $TSLA", "likes_count": 0, "replies_count": 0, "retweets_count": 0, "hashtags": []}
{"id": 1152688413855715328, "date": "2019-07-20", "time": "17:15:08", "tweet": "NEW: Happy Hour #95- What Is Your Financial Weight?  Today I talk about what is your financial weight . This is terms of how you are with money not actually how much money you have   https://t.co/EWw41ZjoRy  $SPY $FB $TSLA $TWTR $ROKU #stocks  https://t.co/FyaUpafA1o", "likes_count": 0, "replies_count": 0, "retweets_count": 1, "hashtags": ["stocks"]}
{"id": 1152687912552734720, "date": "2019-07-20", "time": "17:13:08", "tweet": "@elonmusk 🚀🚀 $Tsla to the moon #tesla #moonage #dogsthatinvest", "likes_count": 0, "replies_count": 0, "retweets_count": 0, "hashtags": ["tesla", "moonage", "dogsthatinvest"]}
{"id": 1152687883154673664, "date": "2019-07-20", "time": "17:13:01", "tweet": "“Johnson raised his forecast for #Tesla’s 2nd quarter report to a loss of just $0.16 per share, a notable jump from his previous estimate, which expected a $0.71 per share loss”  Now even Bearish analysts realized they made a wrong forecasts about $TSLA ?  https://t.co/R5uEqWxUZd", "likes_count": 113, "replies_count": 6, "retweets_count": 14, "hashtags": ["tesla"]}
{"id": 1152685411833196544, "date": "2019-07-20", "time": "17:03:12", "tweet": "\"Run Away!\": Tesla Drops Restraining Order Against Short-Seller After Court Asks For Actual Evidence -  https://t.co/QNmczMSD7g  $TSLA $TSLAQ", "likes_count": 2, "replies_count": 0, "retweets_count": 0, "hashtags": []}
{"id": 1152685318509719552, "date": "2019-07-20", "time": "17:02:50", "tweet": "@GfiIche @skabooshka @elonmusk Yes Gali. Elon has never lied.   He also had a buyer at $420 last year which was totally real.  $TSLA $TSLAQ", "likes_count": 5, "replies_count": 0, "retweets_count": 0, "hashtags": []}
