{"id": 1327762968076050434, "date": "2020-11-14", "time": "18:58:54", "tweet": "During a recent interview in a famous Ch. tv show,He XiaoPeng, $XPEV CEO,thanked @elonmusk for bringing attention to the #EV industry but he also added that #XPeng will be the number 1 citycars seller in #China,the leader in AD and he’ll be“比马斯克厉害”soon #DriveDifferent $TSLA  https://t.co/n2PgFIzWxb", "likes_count": 6, "replies_count": 1, "retweets_count": 0, "hashtags": ["ev", "xpeng", "china", "drivedifferent"]}
{"id": 1327762963827220482, "date": "2020-11-14", "time": "18:58:53", "tweet": "@chesterinvest @Tesla @NIOGlobal Its crazy when you see them next to each other. $TSLA $NIO  https://t.co/oZczs6EYMm", "likes_count": 6, "replies_count": 0, "retweets_count": 0, "hashtags": []}
{"id": 1327762829148114945, "date": "2020-11-14", "time": "18:58:21", "tweet": "I predict it will take you @jimcramer a few months to change your mind on hydrogen the same way you changed your opinion on $tsla and @elonmusk. As a start, I suggest to spend some time researching Redwood Materials:  https://t.co/eKRnQ7ly4G", "likes_count": 57, "replies_count": 5, "retweets_count": 3, "hashtags": []}
{"id": 1327762659505303553, "date": "2020-11-14", "time": "18:57:41", "tweet": "$QQQ $TSLA $ZM $ROKU $DKNG We will be sharing 3 timely stocks to buy this week on Monday. Follow or subscribe at our website for email alerts. Have a great weekend and Happy Diwali my fellow investors, May the festival of li...  https://t.co/KFp6W69aIX", "likes_count": 0, "replies_count": 0, "retweets_count": 0, "hashtags": []}
{"id": 1327762000412348421, "date": "2020-11-14", "time": "18:55:04", "tweet": "يتسائل الكاتب بعد معرفة ان ارقام $TSLA سيئة وعليها ديون لرأسها وكانت على وشك الافلاس قبل سنوات ، وتمويل حكومي وو!  لماذا يفكر البعض في الاستثمار في $TSLA", "likes_count": 1, "replies_count": 1, "retweets_count": 1, "hashtags": []}
{"id": 1327760789042847744, "date": "2020-11-14", "time": "18:50:15", "tweet": "Musk already hedging himself for the future wrongful death lawsuits against $TSLA from the most reckless beta test in history", "likes_count": 3, "replies_count": 0, "retweets_count": 0, "hashtags": []}
{"id": 1327760667634352128, "date": "2020-11-14", "time": "18:49:46", "tweet": "You ever look like this researching stock plays? 🧐 @PersonaFi_app    https://t.co/9yM9MG0Iqh  $boxl $pfe $aal $acb $fsly $msft $gme $pltr $nkla $aapl  $gevo $rkt $sunw $ibio $ino $spy $mara $tsla $wkhs $dkng $fb $snap $fsr $srne $novn $xpev $igc #investing #trading #stocks #life  https://t.co/lUZZIGWkOr", "likes_count": 5, "replies_count": 0, "retweets_count": 0, "hashtags": ["investing", "trading", "stocks", "life"]}
{"id": 1327760598822653952, "date": "2020-11-14", "time": "18:49:30", "tweet": "And the world is not the same #FSDBeta $tsla  https://t.co/cE1z2nByRa", "likes_count": 3, "replies_count": 0, "retweets_count": 1, "hashtags": ["fsdbeta"]}
{"id": 1327760444799508481, "date": "2020-11-14", "time": "18:48:53", "tweet": "حسب الكاتب ؛ شركة  $TSLA كانت لديها balance sheet  سيىء جداً ، ولديها ديون كبيرة ، وحصلت على تمويل من الحكومة بقيمة 450 مليون $لتقف على رجلها !  شركة فورد $F كذلك كان لديها نسبة ديون أسوأ من تسيلا ! وجنرال موتورز $GM لديها نسبة ديون سيئة ! لكن الاسوأ بينهم كان $TSLA  https://t.co/oOIQHbRBJy", "likes_count": 2, "replies_count": 1, "retweets_count": 1, "hashtags": []}
{"id": 1327759141302005760, "date": "2020-11-14", "time": "18:43:42", "tweet": "Given the responses to this poll (that CoViD will either definitely or definitely not effect $TSLA), it would seem there is either a great opportunity to buy more $TSLA coming soon, or a great opportunity to keep HODLING $TSLA coming soon. It is never a good time to sell $TSLA.  https://t.co/5iSrbNh2uL", "likes_count": 0, "replies_count": 1, "retweets_count": 0, "hashtags": []}
{"id": 1327758757925847040, "date": "2020-11-14", "time": "18:42:11", "tweet": "buy 888 $TSLA     or     888 TESLAs     ?  1541  https://t.co/QEUSGOEQ3m", "likes_count": 0, "replies_count": 0, "retweets_count": 0, "hashtags": []}
{"id": 1327758596738850816, "date": "2020-11-14", "time": "18:41:32", "tweet": "$TSLA - “Lot of new code was merged”.  I hope Tesla engineers tested this first on roads before releasing to the public roads.   Good luck families on the roads.   @Ctr4AutoSafety @NHTSAgov", "likes_count": 1, "replies_count": 0, "retweets_count": 0, "hashtags": []}
{"id": 1327758421987184640, "date": "2020-11-14", "time": "18:40:51", "tweet": "😎 Up over $89K trading profits with this trading account Friday holding both $STIM and $WWR while keeping $SOLO $NIO $XPEV $LI $WPRT $PPSI $GP $ALT in others. 🦁🦁🦁 Will be looking at starter entries in $AAPL $AMZN $TSLA next week. Other new potential hot stock picks coming. 💰  https://t.co/PsZBWUfyJO", "likes_count": 103, "replies_count": 20, "retweets_count": 5, "hashtags": []}
{"id": 1327758140708851712, "date": "2020-11-14", "time": "18:39:43", "tweet": "@reciknows Yep! Lots of opportunities coming this week. I opened a $TSLA spread on Friday and am looking to take trades on $AMD $DKNG $WKHS $WMT this week", "likes_count": 5, "replies_count": 0, "retweets_count": 0, "hashtags": []}
{"id": 1327758002284343296, "date": "2020-11-14", "time": "18:39:10", "tweet": "Beef Talks!!!!! $Ge $Save $Uber $lyft $Baba $Tlry $Hips $Seed $Tsla $Cgc $Cgc $Nugs #mmj $Pw $Husa $Pm $BTi $Pfe $Amd $Cron  https://t.co/ZUAiphZudo", "likes_count": 0, "replies_count": 0, "retweets_count": 0, "hashtags": ["mmj"]}
{"id": 1327757721043611651, "date": "2020-11-14", "time": "18:38:03", "tweet": "$TSLA shares need to start making profits  https://t.co/jQ1qpZWgF6", "likes_count": 1, "replies_count": 0, "retweets_count": 0, "hashtags": []}
{"id": 1327757478096986113, "date": "2020-11-14", "time": "18:37:05", "tweet": "Get Now $5000 Bonus Other offers for new customers Register now➡️   https://t.co/M6G7AHXdPU  $DOW $GNUS $IDEX $boxl $TSLA $BABA $DSA $KODK $TAOP $JFK $CEMI $SPY $TSLA $SHOP $AMZN $NVDA $ROKU $EBAY $AMD $BB $DAL $DOW $Kodk $AAPL $ESE $SPCE $FCEL $TRIP $BYND $MRNA $NOK  https://t.co/l49ojhZPT5", "likes_count": 0, "replies_count": 0, "retweets_count": 0, "hashtags": []}
{"id": 1327757234940547072, "date": "2020-11-14", "time": "18:36:08", "tweet": "Get Now $5000 Bonus Other offers for new customers Register now➡️   https://t.co/M6G7AHXdPU  $AMZN $AAPL  $CCTL $HTBX $TRIL $NIO $NKLA $STHC $ATDS $GNUS $AMZN $UNDR $GAXY $TOPS $TPTW $OPTI $AMZN $HTBX $BOXL $TSLA $MSFT $SHMN $EARS $NAK $FONU $BRTXQ $RNWF $AMZN  https://t.co/kF3OUAEuox", "likes_count": 1, "replies_count": 0, "retweets_count": 0, "hashtags": []}
{"id": 1327756833335992321, "date": "2020-11-14", "time": "18:34:32", "tweet": "Get Now $5000 Bonus Other offers for new customers Register now➡️   https://t.co/M6G7AHXdPU   $SNVP $RLFTF $INNO $WKHS $BRGO $GMPW $NWBO $ABCE $GOED $SNAP $PUGE $NAKD $DSS $VISM $ENZC $Z $TUP $HOG $WWR $AMZN $AAPL $ZM $TSLA $NFLX $GAXY $BA $NIO  https://t.co/fB17eUsExe", "likes_count": 0, "replies_count": 0, "retweets_count": 0, "hashtags": []}
{"id": 1327756101119598593, "date": "2020-11-14", "time": "18:31:37", "tweet": "Benzinga's Bulls And Bears Of The Week: Apple, Disney, Tesla And More $AAPL $C $DIS $TSLA  https://t.co/vkk5dY4uW8", "likes_count": 8, "replies_count": 0, "retweets_count": 1, "hashtags": []}
