{"id": 1261807938819297285, "date": "2020-05-16", "time": "19:57:10", "tweet": "$TSLA .  https://t.co/zrQKcKzq5e", "likes_count": 1, "replies_count": 0, "retweets_count": 1, "hashtags": []}
{"id": 1261807408273293313, "date": "2020-05-16", "time": "19:55:04", "tweet": "OptionAlarm provides Option Swing Trade Alerts With REAL Results! Try It For 10 Days:  https://t.co/ntH108yOvd It's FREE! No Credit Card Required! $AMZN $NVDA $TSLA $BABA", "likes_count": 0, "replies_count": 0, "retweets_count": 1, "hashtags": []}
{"id": 1261807033415880711, "date": "2020-05-16", "time": "19:53:34", "tweet": "$TSLA Elon Musk looking to open a new plant in Texas, should be bullish on some calls  https://t.co/lrj7P7L98L", "likes_count": 2, "replies_count": 0, "retweets_count": 1, "hashtags": []}
{"id": 1261806048295424006, "date": "2020-05-16", "time": "19:49:39", "tweet": "Revenue generated each minute 📈 $AMZN $AAPL $GOOG $MSFT $FB $NFLX   $DIS $SPX $UBER $LYFT $COST $SPY $DAL $UAL $LIND $NKE $DJI $AMD $GE $BAC $CCL $RCL $NCL $SAVE $TSLA $OIL $BTC $AAL $F $OXY $PBR $XOM $BA $MRO $OILU $BAC $PBR $WFC $NKE $WMT $CLX $LK $PTON $CSCO $WMT $ZM $GILD  https://t.co/HLTgA1Nsa8", "likes_count": 9, "replies_count": 0, "retweets_count": 7, "hashtags": []}
{"id": 1261803757429391360, "date": "2020-05-16", "time": "19:40:33", "tweet": "@DJFrustration @fox_sheldon @wsvn @Tesla @MiamiBeachFire I'm sure every fire dept carries the manual that explains how $TSLA recommends they put out a fire, so they can stop and read the first 23 pages before they approach the burning car. They should also park and read the 418 page 10-K to see if there are any other helpful tips there", "likes_count": 3, "replies_count": 1, "retweets_count": 0, "hashtags": []}
{"id": 1261802516158840832, "date": "2020-05-16", "time": "19:35:37", "tweet": "@themotleyfool \"Safe\" bet is $AMZN, real bet is $TSLA  Also, whats up with all the people saying it will be a company that doesn't exist yet? Do they think a company formed today, will be worth several trillion $ in just 10 year?🤷‍♂️", "likes_count": 0, "replies_count": 0, "retweets_count": 0, "hashtags": []}
{"id": 1261802228022743041, "date": "2020-05-16", "time": "19:34:28", "tweet": "@PeterBrayTweets @Tesla @elonmusk by reading thru this thread I realize how many short losers $tsla has been able to kill  well done @ElonMusk !", "likes_count": 5, "replies_count": 1, "retweets_count": 1, "hashtags": []}
{"id": 1261801801310973952, "date": "2020-05-16", "time": "19:32:47", "tweet": "@markbspiegel @TESLAcharts A crew of firefighters have to babysit this thing for a couple of days, what a waste of time. $TSLA", "likes_count": 22, "replies_count": 1, "retweets_count": 0, "hashtags": []}
{"id": 1261801132181110785, "date": "2020-05-16", "time": "19:30:07", "tweet": "@Gloopo2 @NFL @BuffaloBills 🤦🏼‍♂️🤦🏼‍♂️.  Elon is worth about $30B. I’m pretty sure he’s not shorting the housing market $TSLA", "likes_count": 0, "replies_count": 2, "retweets_count": 0, "hashtags": []}
{"id": 1261799856944930817, "date": "2020-05-16", "time": "19:25:03", "tweet": "With past performance like this, how can you not sign up for a Free 7-day trial to  https://t.co/rfl9MVmKPy? Winning Option Swing Trades Since 2006  $BABA $GOOGL $TSLA $BIDU", "likes_count": 0, "replies_count": 0, "retweets_count": 1, "hashtags": []}
{"id": 1261799066331156480, "date": "2020-05-16", "time": "19:21:55", "tweet": "Evening Most Tweeted Big Caps, check out Gambiste Top 10: $MDB $PTON $TSLA $GS $TWTR $PINS $ZM $WORK $VIAC $ROKU  https://t.co/k3uyuEbRpJ", "likes_count": 0, "replies_count": 0, "retweets_count": 1, "hashtags": []}
{"id": 1261798769869369346, "date": "2020-05-16", "time": "19:20:44", "tweet": "@UltraBystander @vincent13031925 My second largest position is $SQ, behind $TSLA! Great choice. The future of the digital wallet is significant and most people/Wall Street don’t really understand $SQ’s disruption to the financial technology markets.", "likes_count": 2, "replies_count": 1, "retweets_count": 0, "hashtags": []}
{"id": 1261798502016958467, "date": "2020-05-16", "time": "19:19:40", "tweet": "$TSLA in tesla talk that means we should go to bout 1000 as we approach the day  https://t.co/AARoqzGMeg", "likes_count": 0, "replies_count": 0, "retweets_count": 0, "hashtags": []}
{"id": 1261798315110412293, "date": "2020-05-16", "time": "19:18:56", "tweet": "Sheldon is there any way to suppress these pics and videos? It doesn't really help the brand.  $TSLA $TSLAQ", "likes_count": 70, "replies_count": 2, "retweets_count": 9, "hashtags": []}
{"id": 1261797681942482944, "date": "2020-05-16", "time": "19:16:25", "tweet": "@TESLAcharts Telsa ‘s in the Las Vegas tunnels will work well SMH 🤦‍♂️ $tsla $tslaq", "likes_count": 9, "replies_count": 0, "retweets_count": 2, "hashtags": []}
{"id": 1261796482581225478, "date": "2020-05-16", "time": "19:11:39", "tweet": "Tesla owners should pay an additional state &amp; local tax to support resources needed to put their fires out $TSLA $TSLAQ", "likes_count": 3, "replies_count": 1, "retweets_count": 1, "hashtags": []}
{"id": 1261796206239506433, "date": "2020-05-16", "time": "19:10:33", "tweet": "@themotleyfool $TSLA An energy company, car company, insurance company etc. 🤓", "likes_count": 0, "replies_count": 0, "retweets_count": 0, "hashtags": []}
{"id": 1261794935809900546, "date": "2020-05-16", "time": "19:05:30", "tweet": "@maybebullish $Tsla", "likes_count": 0, "replies_count": 0, "retweets_count": 0, "hashtags": []}
{"id": 1261794529688064001, "date": "2020-05-16", "time": "19:03:53", "tweet": "The Tesla battery reignited; we've seen this movie before #Tesla #Musk #AutoDeath $TSLA $TSLAQ", "likes_count": 1, "replies_count": 1, "retweets_count": 1, "hashtags": ["tesla", "musk", "autodeath"]}
{"id": 1261793903289778177, "date": "2020-05-16", "time": "19:01:24", "tweet": "How do you think?  https://t.co/NUIES21yvm $spy $dia $uso $gld $iwm $xlk $xle $xlp $xly $xlu $xlv $xli $xlb $jpm $gs $bac $pfe $mrk $xom $cvx $aapl $amzn $tsla $twtr $goog $intc $csco $zm $baba $fxi $wdc $nvda $aal $dal $dis $hd $low $wmt $vz $ups $unh $cvs $teva $jnj $gild", "likes_count": 0, "replies_count": 0, "retweets_count": 1, "hashtags": []}
