{"id": 1228831196408242177, "date": "2020-02-15", "time": "18:59:22", "tweet": "@RobinhoodApp @Bloomberg @CNBC @MarketWatch @WSJ @business #Chase: @robinhoodapp NOT “legit”  \"If #CHEATING one's clients can make Billions+ and only need to pay back 1.25 M+, one may keep cheating\"  \"#Dishonest #program #code\" can be found in their platform!  @bloomberg @business $tsla $amzn $nike $tlry $tsla $adbe $sina $orcl $bac $ge  https://t.co/HbI8UJyX77", "likes_count": 0, "replies_count": 0, "retweets_count": 0, "hashtags": ["chase", "cheating", "dishonest", "program", "code"]}
{"id": 1228830837585481728, "date": "2020-02-15", "time": "18:57:56", "tweet": "@lovethoseknicks @DavidBCollum @markbspiegel @TESLAcharts @montana_skeptic In a world /w suppressed vol folks become enthralled in an illusion that risk doesn't exist. In that context, wherein the risk that $TSLA doesn't become bigger than Ford, GM, &amp; Chrysler seems to be 0. Therefore $Stonk to the moon!", "likes_count": 1, "replies_count": 3, "retweets_count": 0, "hashtags": []}
{"id": 1228830724859539456, "date": "2020-02-15", "time": "18:57:30", "tweet": "$TSLA People want only the BEST.    TESLA has the BEST technology,  the BEST specs,  the only OTA UPDATES that ca...  https://t.co/yxYNDfK2VD...  https://t.co/yxYNDfK2VD", "likes_count": 0, "replies_count": 0, "retweets_count": 0, "hashtags": []}
{"id": 1228830603979743236, "date": "2020-02-15", "time": "18:57:01", "tweet": "Mt @kaiserresearch @allstreetswolf @airic101 @FORUMENERGYMC @howestreet @tturdferguson @slimdogmike @criticaLInvest @bcap_b @StirlingBridgeR  @prospectornews #getyourmoneyright #stockbits #cleantech $TSLA", "likes_count": 0, "replies_count": 0, "retweets_count": 0, "hashtags": ["getyourmoneyright", "stockbits", "cleantech"]}
{"id": 1228830381689966592, "date": "2020-02-15", "time": "18:56:08", "tweet": "@ShortingIsFun I'm selling puts to buy Tesla below current market price. But there is a risk to it. That is if $TSLA keeps going up, I will miss out on the opportunity to own $TSLA at the then market price.", "likes_count": 0, "replies_count": 1, "retweets_count": 0, "hashtags": []}
{"id": 1228829879984062464, "date": "2020-02-15", "time": "18:54:08", "tweet": "#Frauds like $TSLA lobbying hard ... #Tesla bulls have nothing to fear unless they celebrate #Ebers, #Madoff, Ken Lay, and the many other crooks. Short-sellers can assist in reallocating capital from pedo-guy types like Elon.", "likes_count": 0, "replies_count": 1, "retweets_count": 0, "hashtags": ["frauds", "tesla", "ebers", "madoff"]}
{"id": 1228829802335002624, "date": "2020-02-15", "time": "18:53:50", "tweet": "Vote Ja! $tsla @tesla #tesla", "likes_count": 1, "replies_count": 0, "retweets_count": 0, "hashtags": ["tesla"]}
{"id": 1228829610181304320, "date": "2020-02-15", "time": "18:53:04", "tweet": "$TSLA the grim reaper and bubble popper", "likes_count": 1, "replies_count": 0, "retweets_count": 0, "hashtags": []}
{"id": 1228828866317172737, "date": "2020-02-15", "time": "18:50:06", "tweet": "$TSLA demand ❤️🔥 #Tesla @Tesla @elonmusk  https://t.co/Hxsp0jM340", "likes_count": 2, "replies_count": 0, "retweets_count": 0, "hashtags": ["tesla"]}
{"id": 1228828801397903360, "date": "2020-02-15", "time": "18:49:51", "tweet": "The moment when : Really ? Only $tsla charges for rebranded concept of firmwares ? $tslaq", "likes_count": 0, "replies_count": 1, "retweets_count": 0, "hashtags": []}
{"id": 1228828727397748737, "date": "2020-02-15", "time": "18:49:33", "tweet": "How is that “Auto” pilot working for you?? Lol 😂 Why why why Do people drive these things $tsla $tslaq", "likes_count": 3, "replies_count": 3, "retweets_count": 0, "hashtags": []}
{"id": 1228828636523921408, "date": "2020-02-15", "time": "18:49:12", "tweet": "@ElectrekCo @BradBerman Delivering a quality product faster than expected ought to be good for about a $6,000/share increase for $vwagy based on $tsla standards, or maybe an infinite increase, depending on how you look at it...", "likes_count": 14, "replies_count": 0, "retweets_count": 0, "hashtags": []}
{"id": 1228828328603344896, "date": "2020-02-15", "time": "18:47:58", "tweet": "#Coronavirus might be far more contagious than anticipated...  #China $TSLA", "likes_count": 2, "replies_count": 0, "retweets_count": 1, "hashtags": ["coronavirus", "china"]}
{"id": 1228827968941719554, "date": "2020-02-15", "time": "18:46:32", "tweet": "Live feed of Zach and his accounting intern deploying $TSLA cap raise to refill the hole $TSLA is digging for itself in Q1.  https://t.co/vQCHVehOB5", "likes_count": 21, "replies_count": 0, "retweets_count": 2, "hashtags": []}
{"id": 1228827844370784258, "date": "2020-02-15", "time": "18:46:03", "tweet": "Another enthusiastic Tesla #Autopilot *driver* more worried about making a video than paying attention to the road.  Elon Musk preys on insecure, desperate to feel superior people, willing to that PAY him to unsafely beta test putting the driver &amp; public in harm's way. $TSLA  https://t.co/N6gW69Y2Yw", "likes_count": 3, "replies_count": 2, "retweets_count": 0, "hashtags": ["autopilot"]}
{"id": 1228827061592240128, "date": "2020-02-15", "time": "18:42:56", "tweet": "$TSLA Your pain, is #fraud-boys gain ... the lack of service is part of the profit model.", "likes_count": 0, "replies_count": 1, "retweets_count": 0, "hashtags": ["fraud"]}
{"id": 1228826597337239552, "date": "2020-02-15", "time": "18:41:05", "tweet": "$TSLA | Tesla’s sufficient management  https://t.co/gLI2PEIRY1 via @FinancialTimes", "likes_count": 3, "replies_count": 0, "retweets_count": 2, "hashtags": []}
{"id": 1228826324686561283, "date": "2020-02-15", "time": "18:40:00", "tweet": "Here is a summary from  https://t.co/D9ZhdzUMLU of how Netherlands, Norway, and Spain combined are shaping up with the different auto manufacturers 6 weeks into 2020.  These are the competitors that $TSLA bulls say not to worry about.  You might also notice that S/X are missing.  https://t.co/t3jRmfVAXK", "likes_count": 3, "replies_count": 2, "retweets_count": 0, "hashtags": []}
{"id": 1228825538636271616, "date": "2020-02-15", "time": "18:36:53", "tweet": "$tsla", "likes_count": 11, "replies_count": 0, "retweets_count": 1, "hashtags": []}
{"id": 1228825537738629120, "date": "2020-02-15", "time": "18:36:53", "tweet": "$TSLA #ElonOwesMeMoney", "likes_count": 0, "replies_count": 0, "retweets_count": 0, "hashtags": ["elonowesmemoney"]}
