{"id": 1241514077974904834, "date": "2020-03-21", "time": "19:56:37", "tweet": "$SPY Support and Resistance (Pivots) for Mon 3/23/20:  $FB $AMZN $AAPL $GOOG $TSLA $C $BAC $BMY $IBB $MSFT $NFLX $NVDA $JNJ  #stocks #pivots #markets #daytrading #watchlist #charts #aapl #ATHS $spx #spy #tsla #fb #bac #celg #ibb #msft #nvda #JnJ #c #AMZN  https://t.co/4eLBH3wmWW", "likes_count": 2, "replies_count": 0, "retweets_count": 0, "hashtags": ["stocks", "pivots", "markets", "daytrading", "watchlist", "charts", "aapl", "aths", "spy", "tsla", "fb", "bac", "celg", "ibb", "msft", "nvda", "jnj", "c", "amzn"]}
{"id": 1241513487282692098, "date": "2020-03-21", "time": "19:54:16", "tweet": "@Sandro_power $TSLA is one of our new super stocks that follows the rules and pays us the dollar bills on confirmation! If she’s not ready She doesn’t confirm, when she confirms she’s all business and she pays us the dollar bills with SKILLS! STUDY!", "likes_count": 3, "replies_count": 1, "retweets_count": 0, "hashtags": []}
{"id": 1241511867299684352, "date": "2020-03-21", "time": "19:47:49", "tweet": "$TSLAQ #DumDum click bait reporters: “How dare you say I’m biased against Elon and $TSLA! My jerb is SO important! You’re ugly and a jerk!”   REALITY: Professional troll ladies and gentlemen 👇👇", "likes_count": 42, "replies_count": 2, "retweets_count": 6, "hashtags": ["dumdum"]}
{"id": 1241510772896870400, "date": "2020-03-21", "time": "19:43:29", "tweet": "$TSLA - I don’t understand how they will have time to do this now as the engineers will be working on designing ventilators for the 10,000 Fremont workers to build.   When the virus subsides, they will need time to change over back to being a car company.", "likes_count": 2, "replies_count": 0, "retweets_count": 0, "hashtags": []}
{"id": 1241509998603223041, "date": "2020-03-21", "time": "19:40:24", "tweet": "I am convinced our Simulation Overlords created Kimbal and he ended up as the flawed alpha version of a huckster that didn’t quite make the final cut. Then they went back to the drawing board and came up with Elon.   $TSLA $TSLAQ", "likes_count": 6, "replies_count": 1, "retweets_count": 2, "hashtags": []}
{"id": 1241509941258539008, "date": "2020-03-21", "time": "19:40:10", "tweet": "¡Tesla o muerte!  March 22 delivery of a Tesla in Carlsbad, CA confirmed. $tsla $tslaq  https://t.co/EOWUTHKH78", "likes_count": 0, "replies_count": 0, "retweets_count": 0, "hashtags": []}
{"id": 1241509560701071361, "date": "2020-03-21", "time": "19:38:40", "tweet": "#stockssportsstories #marketchatter #stockstowatch #wallstreet #radar  https://t.co/ZDb3ZwgxDE via @YouTube $RNG $DTGI $TSLA $AAPL  https://t.co/IE6o89xsQR", "likes_count": 1, "replies_count": 0, "retweets_count": 1, "hashtags": ["stockssportsstories", "marketchatter", "stockstowatch", "wallstreet", "radar"]}
{"id": 1241508360459034629, "date": "2020-03-21", "time": "19:33:53", "tweet": "#TeslaSuperchargerIssues $tsla $tslaq Some Superchargers are closed or are closing in Spain owing to the ongoing state of emergency.  https://t.co/aDXMXSzwbe", "likes_count": 2, "replies_count": 0, "retweets_count": 1, "hashtags": ["teslasuperchargerissues"]}
{"id": 1241508030186958848, "date": "2020-03-21", "time": "19:32:35", "tweet": "The Us and China were already at war. When this virus is all over it is still only the beginning. #coronavirus $SPX $SPY $NQ $DJIA $QQQ $AAPL $TSLA", "likes_count": 0, "replies_count": 1, "retweets_count": 0, "hashtags": ["coronavirus"]}
{"id": 1241507676485550080, "date": "2020-03-21", "time": "19:31:10", "tweet": "@SpecInsights @Keubiko That Bloomberg piece hit right before ARK lost 39% in 3 weeks.  My favorite thing about $TSLA is that when it's all said and done the wealth destruction for both long and shorts would have been incredible.", "likes_count": 4, "replies_count": 0, "retweets_count": 0, "hashtags": []}
{"id": 1241507649453203460, "date": "2020-03-21", "time": "19:31:04", "tweet": "\"Since this virus is airborne, the safest place for people is underground, inside Boring tunnels.\" - Elon Musk  $TSLA", "likes_count": 20, "replies_count": 1, "retweets_count": 0, "hashtags": []}
{"id": 1241507051123048448, "date": "2020-03-21", "time": "19:28:41", "tweet": "@1101100100 @ko_strad @elonmusk That video gave me the creeps, it was like Kimbal was wired directly into Elon's mind...  Wait, maybe he is the first NeuraLink Dummy... $TSLA", "likes_count": 1, "replies_count": 0, "retweets_count": 0, "hashtags": []}
{"id": 1241505777463877632, "date": "2020-03-21", "time": "19:23:38", "tweet": "$AMZN  $BKNG  $EXPE  $TSLA  $WYNN  https://t.co/IHOAsPEYmw", "likes_count": 0, "replies_count": 0, "retweets_count": 0, "hashtags": []}
{"id": 1241505606017540097, "date": "2020-03-21", "time": "19:22:57", "tweet": "If @elonmusk gets banned from twitter, which account will we see an uptick? $TSLA", "likes_count": 3, "replies_count": 4, "retweets_count": 0, "hashtags": []}
{"id": 1241505280699006980, "date": "2020-03-21", "time": "19:21:39", "tweet": "Evening Most Tweeted Big Caps, check out Gambiste Top 10: $TSLA $BA $DAL $ABB $PXD $GS $TDOC $SQ $GM $SBUX  https://t.co/k3uyuEbRpJ", "likes_count": 1, "replies_count": 0, "retweets_count": 0, "hashtags": []}
{"id": 1241504375412912130, "date": "2020-03-21", "time": "19:18:03", "tweet": "@DeanSheikh1 @fly4dat Or veracity of any given number on a $tsla financial statement", "likes_count": 3, "replies_count": 1, "retweets_count": 0, "hashtags": []}
{"id": 1241503886734655488, "date": "2020-03-21", "time": "19:16:07", "tweet": "Tesla Model Y Performance → 0-60 mph → 3.3 seconds! 🚙🔋⏱  https://t.co/qj1I2OwTG0 $TSLA #Tesla #EV  https://t.co/WU7WbANq7s", "likes_count": 14, "replies_count": 0, "retweets_count": 4, "hashtags": ["tesla", "ev"]}
{"id": 1241503226396098560, "date": "2020-03-21", "time": "19:13:29", "tweet": "@notabigdeal111 Didn't Space X buy $SCTY bonds so$SCTY didnt breach their loan covenants n imperil SCTY as well as $TSLA nBoring Co n Neuralink-all ponzi cos by Elon Musk Deepak Ahuja n others complicit in Criminal Accounting fraud n much more dark actions @SEC_Enforcement @FBI #ClassActionvSEC", "likes_count": 2, "replies_count": 0, "retweets_count": 0, "hashtags": ["classactionvsec"]}
{"id": 1241502648601317379, "date": "2020-03-21", "time": "19:11:12", "tweet": "Better bring down those delivery estimates; they're panicking in $TSLA-land $TSLAQ", "likes_count": 0, "replies_count": 0, "retweets_count": 0, "hashtags": []}
{"id": 1241502561275752448, "date": "2020-03-21", "time": "19:10:51", "tweet": "in the time of Elon Musk;  a known fraud able to run a $100B public company  Gets high live and retains his rating with NASA  is rich because of gov subsidies  and gets a pass from @Jack for passing on misinformation on Coronavirus that could kill ppl. $TSLA", "likes_count": 1, "replies_count": 0, "retweets_count": 1, "hashtags": []}
{"id": 1241502055899881472, "date": "2020-03-21", "time": "19:08:50", "tweet": "@Keubiko I'm going with Wall Street Bets reddit picking the next stock to pop 30% the next day/TikTok videos of college kids daytrading $TSLA while in class. Close second goes to the Bloomberg piece, \"Cathie Wood, the Best Investor You’ve Never Heard Of\". $SPCE was the grand finale.", "likes_count": 4, "replies_count": 1, "retweets_count": 0, "hashtags": []}
{"id": 1241501754832744448, "date": "2020-03-21", "time": "19:07:38", "tweet": "@Gordon90s It's important to note that any bailout is going to come with a sizable equity haircut.  In '08/'09, GM &amp; Chrysler equity was wiped out.  If $TSLA needs a gov't bailout, the gov't will take an equity stake and existing share go to zero.", "likes_count": 8, "replies_count": 1, "retweets_count": 1, "hashtags": []}
{"id": 1241501726236172289, "date": "2020-03-21", "time": "19:07:32", "tweet": "Cultist: \"Elon Musk says the Coronavirus is not serious and people should go back to work. #visionary\"  Also Cultist: \"Elon Musk was smart to raise before the Coronavirus because he knew how serious it was.  #visionary\"  $TSLA", "likes_count": 4, "replies_count": 0, "retweets_count": 1, "hashtags": ["visionary", "visionary"]}
{"id": 1241501533931311104, "date": "2020-03-21", "time": "19:06:46", "tweet": "Elon can protect us against a \"weaponized virus\" - $tsla", "likes_count": 5, "replies_count": 0, "retweets_count": 0, "hashtags": []}
{"id": 1241501399709433856, "date": "2020-03-21", "time": "19:06:14", "tweet": "@blovereviews @jd1980mmo How about several million right now.  At the bottom?  I can’t really see how you think investing in Tesla is ANYTHING like a casino.  More like Bitcoin.  That’s a casino.  Did you know that fund you mention includes $tsla?", "likes_count": 0, "replies_count": 1, "retweets_count": 0, "hashtags": []}
{"id": 1241501269262569472, "date": "2020-03-21", "time": "19:05:43", "tweet": "@RMac18 Musk's reputation going down as quickly as the $TSLA stock...", "likes_count": 0, "replies_count": 0, "retweets_count": 0, "hashtags": []}
{"id": 1241500977326407682, "date": "2020-03-21", "time": "19:04:33", "tweet": "Elon Musk could literally tweet \"Go out people!  Smooch a stranger!  Lick elevator buttons and public door knobs! Have some fun!\" and not only would Twitter support not do anything about it, but he wouldn't even get ratio'd.  $TSLA", "likes_count": 54, "replies_count": 5, "retweets_count": 4, "hashtags": []}
{"id": 1241500303222026240, "date": "2020-03-21", "time": "19:01:52", "tweet": "#JoinTheBulls for less than a dollar a day. 💰 $SPY $AMD $NVDA $TSLA $SHOP $ROKU $SPCE $TLRY $PENN $AMZN $AAPL $FB $MSFT $GOOGL $INO", "likes_count": 3, "replies_count": 1, "retweets_count": 0, "hashtags": ["jointhebulls"]}
{"id": 1241500037034713095, "date": "2020-03-21", "time": "19:00:49", "tweet": "We must keep Elon Musk — who has never created anything worth actual economic value — a billionaire at all costs.  Screw the poors. $TSLA $TSLAQ", "likes_count": 1, "replies_count": 1, "retweets_count": 0, "hashtags": []}
{"id": 1241499914359771139, "date": "2020-03-21", "time": "19:00:20", "tweet": "Don't miss our next FREE OPTION TRADE.  Sign up for our Daily Free Trades at  https://t.co/kTj4IA3tS7 $NVDA $TSLA $GS $C $WFC $GOOGL $FB", "likes_count": 0, "replies_count": 0, "retweets_count": 0, "hashtags": []}
{"id": 1241499325328433155, "date": "2020-03-21", "time": "18:57:59", "tweet": "What are your thoughts on $sq $tsla $amd $rya and all the rest of the stocks that are in freefall? When the bounce will they continue to rise even when they release awful figures for Q1?", "likes_count": 0, "replies_count": 1, "retweets_count": 0, "hashtags": []}
{"id": 1241499231619354626, "date": "2020-03-21", "time": "18:57:37", "tweet": "I'm old enough to remember this.  Today we have some guy claiming he's the answer to every single problem, from bricks for the homeless to ventilators for the sick, submarines for kids and Mars trips for the parents, water filters for Flint, candy for the rest of us.  $TSLA  https://t.co/smEbZMgT2C", "likes_count": 2, "replies_count": 0, "retweets_count": 0, "hashtags": []}
{"id": 1241499195371966464, "date": "2020-03-21", "time": "18:57:28", "tweet": "Daily reminder: Sociopaths walk among us  Suggesting exploiting a crisis for the benefit of a company they invest in is parasitic. 🦠  Publicly traded companies that failed during the coronavirus quarantine were overvalued due to fraud.  Fraud is not a sustainable. $TSLA #Tesla", "likes_count": 5, "replies_count": 0, "retweets_count": 3, "hashtags": ["tesla"]}
{"id": 1241497703856705538, "date": "2020-03-21", "time": "18:51:33", "tweet": "Beautiful seeing $TSLA and $MDT collaborate and talking to see what can be done to help the world. This is amazing", "likes_count": 1, "replies_count": 0, "retweets_count": 0, "hashtags": []}
{"id": 1241497183641272321, "date": "2020-03-21", "time": "18:49:29", "tweet": "What about third row seats?  Are they difficult? What about bricks? Candy?  $TSLA", "likes_count": 2, "replies_count": 0, "retweets_count": 0, "hashtags": []}
{"id": 1241495287761260545, "date": "2020-03-21", "time": "18:41:57", "tweet": "THREAD. $TSLA $TSLAQ", "likes_count": 0, "replies_count": 0, "retweets_count": 0, "hashtags": []}
{"id": 1241495132366491648, "date": "2020-03-21", "time": "18:41:20", "tweet": "Umm Elon, you just got told by Medtronic that they're seeing other people during Coronavirus. #COVIDー19 And Musk has said #SpaceX would aid in ventilators, $MDT is clear to mention Tesla in their \"discussion\".  #DontCallUs #TheSociopathicBusinessModel #FraudFormula $TSLA $TSLAQ  https://t.co/g2csQ3vv7o", "likes_count": 2, "replies_count": 1, "retweets_count": 0, "hashtags": ["covidー19", "spacex", "dontcallus", "thesociopathicbusinessmodel", "fraudformula"]}
{"id": 1241492656611414016, "date": "2020-03-21", "time": "18:31:29", "tweet": "Hi @elonmusk, this is how a real CEO / Leader operates and behaves. $TSLA", "likes_count": 3, "replies_count": 0, "retweets_count": 1, "hashtags": []}
{"id": 1241492594351165440, "date": "2020-03-21", "time": "18:31:14", "tweet": "@TashaARK Tasha. Relax. Cathie sold majority of $TSLA so you can stop pumping.  Learn how to use excel while you're in lockdown. Watch Netflix or whatever.", "likes_count": 42, "replies_count": 0, "retweets_count": 1, "hashtags": []}
{"id": 1241492272195219460, "date": "2020-03-21", "time": "18:29:58", "tweet": "@TashaARK Tasha, I think you’re doing yourself a disservice career wise.  Get out of the bubble and get some opposing positions on this.  Not being snarky, but the autonomy thing will take a lot longer and $TSLA $TSLAQ isn’t going to lead it.  Be more skeptical.  Talk to @montana_skeptic", "likes_count": 14, "replies_count": 5, "retweets_count": 0, "hashtags": []}
{"id": 1241492212938092544, "date": "2020-03-21", "time": "18:29:44", "tweet": "Available on #iTunes #Amazon and #GooglePlay  https://t.co/UqeeJkJ2iP  $SPY $QQQ $IWM $DIA $VIX $TLT $SPX $RUT $NDX $GLD $FXE $XLE $AAPL $FB $NVDA $AMZN $TSLA $VXX $UVXY $BA $DAL $LUV  https://t.co/29k72pRbSZ", "likes_count": 2, "replies_count": 1, "retweets_count": 1, "hashtags": ["itunes", "amazon", "googleplay"]}
{"id": 1241491894535946246, "date": "2020-03-21", "time": "18:28:28", "tweet": "$TSLA. $UBER.", "likes_count": 0, "replies_count": 0, "retweets_count": 0, "hashtags": []}
{"id": 1241489887213146112, "date": "2020-03-21", "time": "18:20:29", "tweet": "True, $TSLA has always been an imaginary company...", "likes_count": 1, "replies_count": 0, "retweets_count": 0, "hashtags": []}
{"id": 1241489533910290433, "date": "2020-03-21", "time": "18:19:05", "tweet": "@sig_57 @Bobocr1 @Convertbond Your $TSLA number might be an overstatement too:  https://t.co/nmX8MqoXwc", "likes_count": 0, "replies_count": 0, "retweets_count": 0, "hashtags": []}
{"id": 1241489201549492228, "date": "2020-03-21", "time": "18:17:46", "tweet": "Wut. #COVID19 won't stop the pumping...  $TSLA $TSLAQ", "likes_count": 9, "replies_count": 0, "retweets_count": 0, "hashtags": ["covid19"]}
{"id": 1241488466699001857, "date": "2020-03-21", "time": "18:14:50", "tweet": "$tsla $mdt  https://t.co/2Cv9I0lg8x", "likes_count": 0, "replies_count": 0, "retweets_count": 0, "hashtags": []}
{"id": 1241487994713821186, "date": "2020-03-21", "time": "18:12:58", "tweet": "Good Afternoon Everyone.  If you have any chart request or questions on trading or subscribing to private twitter and chatroom, please feel free to ask.  Charts will be post them by Sunday 7pm pst.  “ $SPX $SPY $GILD $MRNA $AAPL $REGN $TSLA $SHOP $ZM $BA $GOOGL $AMZN $TDOC \"", "likes_count": 6, "replies_count": 7, "retweets_count": 2, "hashtags": []}
{"id": 1241487568606302217, "date": "2020-03-21", "time": "18:11:16", "tweet": "$TSLA DAILY CHART📊  https://t.co/R97BbGY3Rh", "likes_count": 2, "replies_count": 0, "retweets_count": 1, "hashtags": []}
{"id": 1241487253739696128, "date": "2020-03-21", "time": "18:10:01", "tweet": "Tell that to @elonmusk... $TSLA  https://t.co/ZK75jEIdw4", "likes_count": 0, "replies_count": 0, "retweets_count": 0, "hashtags": []}
{"id": 1241487006112284673, "date": "2020-03-21", "time": "18:09:02", "tweet": "Giga Berlin (3/21/20) 🏣🔋🇩🇪  https://t.co/2TNJfISv6M $TSLA #Tesla #EV @elonmusk  🎥: Tesla Kid Grünheide  https://t.co/ib2bIdk6Um", "likes_count": 97, "replies_count": 2, "retweets_count": 20, "hashtags": ["tesla", "ev"]}
{"id": 1241486859236020224, "date": "2020-03-21", "time": "18:08:27", "tweet": "\"Mathematical Certainty\" the scene when the captain of Titanic realizes she's going to sink  Sound familiar today?  $TSLA  https://t.co/VncnKnKUwS", "likes_count": 0, "replies_count": 0, "retweets_count": 2, "hashtags": []}
{"id": 1241486749425111041, "date": "2020-03-21", "time": "18:08:01", "tweet": "How’s that #BatteryDay 🔋 coming along bubba? $TSLA", "likes_count": 0, "replies_count": 0, "retweets_count": 0, "hashtags": ["batteryday"]}
{"id": 1241485854435971072, "date": "2020-03-21", "time": "18:04:28", "tweet": ".@elonmusk Can you define ‘our team’? Can you also define ‘We’? How will you determine where, who &amp; how many supplies your ‘team’ sends out?  False promises &amp; hope for hospitals + first responders would be irresponsible.  $TSLA $TSLAQ  Cc @GavinNewsom @CAgovernor @Tesla @SpaceX", "likes_count": 7, "replies_count": 0, "retweets_count": 2, "hashtags": []}
{"id": 1241485229564391424, "date": "2020-03-21", "time": "18:01:59", "tweet": "Elon Musk 100% uses false equivalence to manipulate facts &amp; his Coronavirus tweets are NOT an isolated incident. Musk has a pathological history of abusive unethical &amp; illegal behavior that causes predictable &amp; preventable harm or death.  #TheSociopathicBusinessModel $TSLA #Tesla  https://t.co/b3r6bHMaSb", "likes_count": 3, "replies_count": 0, "retweets_count": 0, "hashtags": ["thesociopathicbusinessmodel", "tesla"]}
{"id": 1241485139139530752, "date": "2020-03-21", "time": "18:01:37", "tweet": "@RationalEtienne @Sofiaan @Hein_The_Slayer @RenataKonkoly @mayemusk @kimbal @vincent13031925 @SamTalksTesla @NCBirbhan @LaurenRow5 @BarkMSmeagol @Jarheadclan $TSLA", "likes_count": 0, "replies_count": 0, "retweets_count": 0, "hashtags": []}
{"id": 1241484820150136832, "date": "2020-03-21", "time": "18:00:21", "tweet": "@jimcramer Any rally I’m selling or shorting, any dip I’m slowly buying. #stimuluspackage $ENPH $TSLA $GOLD #GOLD", "likes_count": 0, "replies_count": 0, "retweets_count": 0, "hashtags": ["stimuluspackage", "gold"]}
{"id": 1241484540775972864, "date": "2020-03-21", "time": "17:59:14", "tweet": "@TSLAQQ We have to be careful here as many of those companies have very large credit arms and not all of that is operational debt. It is financing debt. $TSLA $GM $F", "likes_count": 0, "replies_count": 0, "retweets_count": 0, "hashtags": []}
{"id": 1241484437096988672, "date": "2020-03-21", "time": "17:58:50", "tweet": "If Elon Musk had picked up the phone to Medtronic before he spouted off about making ventilators, he would have learned how completely full of it he really is. $tsla  https://t.co/rUBRaLfHtc", "likes_count": 90, "replies_count": 16, "retweets_count": 11, "hashtags": []}
{"id": 1241484290417995777, "date": "2020-03-21", "time": "17:58:15", "tweet": "They made bonds trade with negative yields for the longest of times. $TSLA traded 950. Now they're backstopping corporate and municipal debt.   Things that shouldn't happen happened. I'm keeping an open mind on equity indices.   $SPX $DXY", "likes_count": 18, "replies_count": 3, "retweets_count": 0, "hashtags": []}
{"id": 1241482267651985410, "date": "2020-03-21", "time": "17:50:12", "tweet": "Do not trust companies providing information on liquidity when that should not be necessary. $TSLA", "likes_count": 5, "replies_count": 0, "retweets_count": 1, "hashtags": []}
{"id": 1241482063439638531, "date": "2020-03-21", "time": "17:49:24", "tweet": "This is great $TSLA  #coronavirus  https://t.co/j3YhhLYRXV", "likes_count": 0, "replies_count": 0, "retweets_count": 1, "hashtags": ["coronavirus"]}
{"id": 1241481627265404929, "date": "2020-03-21", "time": "17:47:40", "tweet": "A normal hero makes a perfectly accurate estimation on elon’s character that goes viral, gets dogpiled by muskatarians then falls into a trapdoor created by musks own appendage, cleantechnica. $tsla", "likes_count": 3, "replies_count": 0, "retweets_count": 1, "hashtags": []}
{"id": 1241480685765963776, "date": "2020-03-21", "time": "17:43:55", "tweet": "Hey @elonmusk. How about you turn off Twitter and go reevaluate the safety conditions in your workplaces? $tsla", "likes_count": 46, "replies_count": 0, "retweets_count": 3, "hashtags": []}
{"id": 1241480525237366786, "date": "2020-03-21", "time": "17:43:17", "tweet": "How liquid is $TSLA? Pretty darned liquid. But not as liquid as the recent 8-K suggests. And all that liquidity could evaporate pretty quickly. @Badger24 explains it all.", "likes_count": 30, "replies_count": 2, "retweets_count": 2, "hashtags": []}
{"id": 1241480239789867008, "date": "2020-03-21", "time": "17:42:09", "tweet": "@Medtronic @elonmusk @Tesla Hey did $MDT give Tesla CEO Elon  Musk tips on how to deal with @TheJusticeDept @FBI when under criminal investigation?   This is a potential partnership destined for federal prison, littered with predictable &amp; preventable deaths.  #TheSociopathicBusinessModel #FraudFormula $TSLA  https://t.co/XUWE0YnMTr", "likes_count": 6, "replies_count": 0, "retweets_count": 1, "hashtags": ["thesociopathicbusinessmodel", "fraudformula"]}
{"id": 1241479228622868483, "date": "2020-03-21", "time": "17:38:08", "tweet": "Hey do think the @Medtronic team gave @ElonMusk tips on how to deal with @TheJusticeDept @FBI during criminal investigations?  Cut to: $MDT acquires #Neuralink   A partnership destined for federal prison, littered w dead bodies along the way. #FraudFormula #Tesla $TSLA #Spacex  https://t.co/QprpKNUXBW", "likes_count": 2, "replies_count": 0, "retweets_count": 0, "hashtags": ["neuralink", "fraudformula", "tesla", "spacex"]}
{"id": 1241478772680994819, "date": "2020-03-21", "time": "17:36:19", "tweet": "$TSLA - Which goes bankrupt first, SpaceX or Tesla?", "likes_count": 4, "replies_count": 1, "retweets_count": 0, "hashtags": []}
{"id": 1241477764965949444, "date": "2020-03-21", "time": "17:32:19", "tweet": "@Sandro_power Are you serious? $TSLA $AAPL", "likes_count": 1, "replies_count": 0, "retweets_count": 0, "hashtags": []}
{"id": 1241477470324289537, "date": "2020-03-21", "time": "17:31:09", "tweet": "13) Bottom line-$TSLA liquidity at &gt;$11bn is grossly overstated. They can afford ~$5.7bn of cash burn before hitting the wall. An extended shutdown is an existential crisis. $TSLA needs to aggressively cut costs, seek add’l financing or risk Chapter 11 if ops don’t resume quickly", "likes_count": 50, "replies_count": 7, "retweets_count": 5, "hashtags": []}
{"id": 1241477468675952640, "date": "2020-03-21", "time": "17:31:08", "tweet": "12) One drawback of a CEO that doesn’t believe in Covid-19 is that $TSLA has yet to meaningfully engage in cost saves. Unfortunately, while Panasonic and many others are paying their workers during the shutdown, I doubt $TSLA can afford to do the same.  https://t.co/9hBG4ZqfI7", "likes_count": 21, "replies_count": 1, "retweets_count": 1, "hashtags": []}
{"id": 1241477467623141376, "date": "2020-03-21", "time": "17:31:08", "tweet": "11) It’s certainly not hard to envision a scenario where an extended shutdown, coupled with a slow resumption of business forces $TSLA to seek additional liquidity over the summer or risk a restructuring.  Much depends on $TSLA’s ability to quickly cut costs.", "likes_count": 19, "replies_count": 1, "retweets_count": 0, "hashtags": []}
{"id": 1241477462892011520, "date": "2020-03-21", "time": "17:31:07", "tweet": "8) An add’l consideration is how much cash does $TSLA need to survive a bankruptcy. They can’t simply take cash to zero. When GM filed in 2009, they had $11bn of cash on their balance sheet. It’s hard to envision a successful restructuring if $TSLA files with less than $2bn cash.  https://t.co/iB9HowgUOW", "likes_count": 26, "replies_count": 3, "retweets_count": 6, "hashtags": []}
{"id": 1241477461793095680, "date": "2020-03-21", "time": "17:31:07", "tweet": "7) Ultimately, I don’t believe the banks will balk at funding if it means $TSLA files.  Therefore I view the $500mm as legitimate liquidity – although it’s worth noting that there are outlier scenarios in which this money is not truly available.", "likes_count": 22, "replies_count": 2, "retweets_count": 0, "hashtags": []}
{"id": 1241477460333453313, "date": "2020-03-21", "time": "17:31:06", "tweet": "6) The last $500mm is undrawn availability under $TSLA’s Credit Agreement.  This availability is subject to a number of borrowing tests, borrowing base requirements and a material adverse change clause.  A detailed covenant review is beyond the scope of this thread.  https://t.co/9YCWNRqj03", "likes_count": 21, "replies_count": 1, "retweets_count": 0, "hashtags": []}
{"id": 1241477459150655489, "date": "2020-03-21", "time": "17:31:06", "tweet": "5) $1bn of availability is for vehicle and solar leases.  These lines can only be drawn to fund vehicle leases and cannot be used for general corporate purposes (in lieu of receiving cash from a customer, when $TSLA originates a lease they receive cash from asset backed lenders).", "likes_count": 17, "replies_count": 1, "retweets_count": 0, "hashtags": []}
{"id": 1241477453270224898, "date": "2020-03-21", "time": "17:31:05", "tweet": "2) $TSLA claims Pro Forma (PF) Cash totals $8.6bn, consisting of $2.3bn proceeds from the Feb equity offering and $6.3bn of unrestricted cash.  However, $1.3bn cash is tied up in foreign subsidiaries and $106mm is inaccessible in VIE’s.  https://t.co/irZSzIJGe7", "likes_count": 17, "replies_count": 1, "retweets_count": 0, "hashtags": []}
{"id": 1241477451860959232, "date": "2020-03-21", "time": "17:31:04", "tweet": "1) The $TSLA liquidity thread  In a press release on Thursday, $TSLA announced pro forma total liquidity of 11.6bn as of 12/31/19.  Fortunately, $TSLA recently filed their 2019 10-K, so let’s peel back the onion a little and take a closer look.  https://t.co/icL3pQ7JUE", "likes_count": 111, "replies_count": 6, "retweets_count": 25, "hashtags": []}
{"id": 1241477294167916548, "date": "2020-03-21", "time": "17:30:27", "tweet": "A ventilator manufacturing giant may be getting the help of an unexpected innovator: Elon Musk. $TSLA $MDT  https://t.co/rJgNRVKpB1", "likes_count": 0, "replies_count": 0, "retweets_count": 1, "hashtags": []}
{"id": 1241476987480412161, "date": "2020-03-21", "time": "17:29:13", "tweet": "Musk Talks Ventilators With Medtronic as it Doubles Production $TSLA $MDT  https://t.co/rJgNRVKpB1", "likes_count": 0, "replies_count": 0, "retweets_count": 0, "hashtags": []}
{"id": 1241476868546727938, "date": "2020-03-21", "time": "17:28:45", "tweet": "@EliteOptions2 $tsla please", "likes_count": 0, "replies_count": 0, "retweets_count": 0, "hashtags": []}
{"id": 1241475939806187521, "date": "2020-03-21", "time": "17:25:04", "tweet": "$TSLA great success with our runners for a double whammy win in massive fear with skill study this  video  https://t.co/OZBKL9DCxx  it also explains a special offer to those who a serious for long term success, make sure to watch and study this video carefully from start to end", "likes_count": 35, "replies_count": 15, "retweets_count": 33, "hashtags": []}
{"id": 1241475348254076928, "date": "2020-03-21", "time": "17:22:43", "tweet": "@RampCapitalLLC $TSLA $420!", "likes_count": 0, "replies_count": 0, "retweets_count": 0, "hashtags": []}
{"id": 1241474730533715968, "date": "2020-03-21", "time": "17:20:15", "tweet": "$TSLA Hello I have group on massenger for day trading I help  I post which stock I am in I post my entry and exit point If u want to learn more I can help I helped more people to make excellent gains💰💰💰💰  Join my group on WhatsApp by visiting:  https://t.co/FsKl0I8Wni", "likes_count": 0, "replies_count": 0, "retweets_count": 0, "hashtags": []}
{"id": 1241474674434981892, "date": "2020-03-21", "time": "17:20:02", "tweet": "#Tesla &amp; #SpaceX CEO Elon Musk: #Image of solving problems without the #substance necessary to solve problems.  Unethical CEOs engaged in criminal activity causing predictable &amp; preventable harm or death is a societal disease where federal prison is the cure.  #FraudFormula $TSLA  https://t.co/YgKhex3Vvw", "likes_count": 0, "replies_count": 0, "retweets_count": 1, "hashtags": ["tesla", "spacex", "image", "substance", "fraudformula"]}
{"id": 1241474192614154240, "date": "2020-03-21", "time": "17:18:07", "tweet": "@trading_peter @CryptoGainz1 Deep out of the money puts on $SPX are always a good play when markets look  extremely hoggish. $BYND $TSLA WeWork etc were red flags.  Even if you don't want to use them to speculate you at least should think about using as a hedge.", "likes_count": 0, "replies_count": 0, "retweets_count": 1, "hashtags": []}
{"id": 1241473526042963970, "date": "2020-03-21", "time": "17:15:28", "tweet": "Will the US Coronavirus crisis kill $TSLA?", "likes_count": 2, "replies_count": 6, "retweets_count": 1, "hashtags": []}
{"id": 1241473456048308224, "date": "2020-03-21", "time": "17:15:12", "tweet": "Alguns desempenhos desde 19 de fevereiro'20:   $FB -31.3% $AAPL -28.1% $NFLX -14.1% $AMZN -14.4% $MSFT -26.4% $GOOGL -29.7% $SHOP -35.5% $DIS -38.21% $GS -40.3% $C -50.9% $GILD +10.4% $WMT -4.3% $REGN +10.3% $BKNG -40.4% $TSLA -50.2% $ZM +35.4% $TDOC +21%", "likes_count": 4, "replies_count": 0, "retweets_count": 1, "hashtags": []}
{"id": 1241472658622959616, "date": "2020-03-21", "time": "17:12:01", "tweet": "\"Elon Musk uses Twitter wisely.\"  - Robyn Denholm, $TSLA Chair.", "likes_count": 19, "replies_count": 0, "retweets_count": 1, "hashtags": []}
{"id": 1241471791702343680, "date": "2020-03-21", "time": "17:08:35", "tweet": "@zachroy_ Time to buy $UWT $TSLA $APPL #TvixPuts 🤑🤑🤑", "likes_count": 0, "replies_count": 2, "retweets_count": 1, "hashtags": ["tvixputs"]}
{"id": 1241471685842227200, "date": "2020-03-21", "time": "17:08:09", "tweet": "Short version:   \"We are grateful for the money pledged by @elonmusk and look forward to to extended ski trips in the Alps.  $TSLA $TSLAQ", "likes_count": 7, "replies_count": 1, "retweets_count": 1, "hashtags": []}
{"id": 1241471555219021824, "date": "2020-03-21", "time": "17:07:38", "tweet": "@caetuscap And $TSLA's sold 6,000 fewer cars -- that's $6,600,000 per car.", "likes_count": 1, "replies_count": 0, "retweets_count": 1, "hashtags": []}
{"id": 1241471143912996864, "date": "2020-03-21", "time": "17:06:00", "tweet": "Twitter is awesome!!!! $TSLA", "likes_count": 2, "replies_count": 0, "retweets_count": 1, "hashtags": []}
{"id": 1241470974349869056, "date": "2020-03-21", "time": "17:05:20", "tweet": "@EliteOptions2 $TSLA and $WYNN", "likes_count": 0, "replies_count": 0, "retweets_count": 0, "hashtags": []}
{"id": 1241470751141703686, "date": "2020-03-21", "time": "17:04:27", "tweet": "Well said.  $TSLA", "likes_count": 1, "replies_count": 0, "retweets_count": 0, "hashtags": []}
{"id": 1241470710117101568, "date": "2020-03-21", "time": "17:04:17", "tweet": "now if only they had some to sell, it will still take months to install poorly $TSLA", "likes_count": 1, "replies_count": 0, "retweets_count": 1, "hashtags": []}
{"id": 1241470347007774720, "date": "2020-03-21", "time": "17:02:50", "tweet": "$TSLA Extreme highs then back down to it's normal levels.  A few days should tell the story on where this will go. It was able to close above it's support levels.  I do not have a position. I think there is more downside than upside right now.  https://t.co/7snXfvgdEM", "likes_count": 3, "replies_count": 0, "retweets_count": 1, "hashtags": []}
{"id": 1241469778461708289, "date": "2020-03-21", "time": "17:00:35", "tweet": "Don't miss our next FREE OPTION TRADE.  Sign up for our Daily Free Trades at  https://t.co/CSxqdFA9n9 $NVDA $TSLA $GS $REGN $BAC $GOOGL $FB", "likes_count": 0, "replies_count": 0, "retweets_count": 0, "hashtags": []}
{"id": 1241468445855813634, "date": "2020-03-21", "time": "16:55:17", "tweet": "via WallStCynic: If you want to know why @SpaceX is seeking bailout dollars. It isn’t pretty. $TSLA $tsla", "likes_count": 0, "replies_count": 0, "retweets_count": 0, "hashtags": []}
