{"id": 1216147385807667200, "date": "2020-01-11", "time": "18:58:26", "tweet": "1/10/2020                                                                                                                                                          Today’s day trading Results $228,2000  Stocks (Day): $AAPL $TSLA $NFLX $RARE $RH $AAPL $SHOP  https://t.co/B087eB5Pjo", "likes_count": 1, "replies_count": 0, "retweets_count": 0, "hashtags": []}
{"id": 1216147226428309504, "date": "2020-01-11", "time": "18:57:48", "tweet": "@themotleyfool @Fidelity $FZILX, $FNILX, $FZIPX + $AAPL, $AMRN, $AMZN, $AYX, $GOOG, $ISRG, $NVTA, $ROKU, $TSLA, $TTD, $TWLO, $VEEV, $VNQ = market beating portfolio since I opened my Roth IRA w/ Roth 401(k) funds less than a year ago.   I also have 38 indiv. cos. in my indiv. brokerage account.", "likes_count": 4, "replies_count": 1, "retweets_count": 0, "hashtags": []}
{"id": 1216147146287779840, "date": "2020-01-11", "time": "18:57:29", "tweet": "1/9/2020                                                                           Today’s day trading Results $106,800  Stocks (Day): $TSLA $BYND $BA $AAPL 19 Trades, 16 Wins, 3 Losses $106,800  RESULTS $106,800  Chart: BYND  $BYND – Beyond Meat  https://t.co/Rat9aIn2Ys", "likes_count": 1, "replies_count": 0, "retweets_count": 0, "hashtags": []}
{"id": 1216145807738580992, "date": "2020-01-11", "time": "18:52:10", "tweet": "ENDS TOMORROW!!! THIS WILL NOT BE OFFERED AGAIN! - Stack-able &amp; can be used later!  BlackBox 1 yr membership 33% off! ($67.33/mo w/ 1yr) All you need in one system &amp; community! EASY SIGN UP:  https://t.co/pifSrH4jI2  $SPY $TSLA $LK $ROKU $VIPS $BA $TWTR $GM  #stocks #stockoptions  https://t.co/aJYWoVDvUI", "likes_count": 3, "replies_count": 0, "retweets_count": 0, "hashtags": ["stocks", "stockoptions"]}
{"id": 1216145561411186690, "date": "2020-01-11", "time": "18:51:11", "tweet": "@ValueAnalyst1 @Tesla Both already shared but worth repeating...   https://t.co/g4HS2or9nG  @waitbutwhy's series cemented my beliefs in EV and @elonmusk's genius and first principle approach; and...   https://t.co/LABEyrMuQ1  Autonomy Day cemented my view that $TSLA is enormously undervalued.", "likes_count": 33, "replies_count": 1, "retweets_count": 3, "hashtags": []}
{"id": 1216145441173262344, "date": "2020-01-11", "time": "18:50:42", "tweet": "@markbspiegel Growth company they said! $tsla $tslaq  https://t.co/7Tks3InNeW", "likes_count": 8, "replies_count": 2, "retweets_count": 3, "hashtags": []}
{"id": 1216145284385902593, "date": "2020-01-11", "time": "18:50:05", "tweet": "Here is my $TSLA expiry trading setup. Points to note -  1) IV is at 4 months high 2) Price action shows selling pressure (2nd last candle) 3) Used 15M chart to time my entry 4) Sold Call credit spread &amp; covered next day  ROI 35.7% at deployed capital with just 10% capital used  https://t.co/qd83FCSkHr", "likes_count": 153, "replies_count": 6, "retweets_count": 15, "hashtags": []}
{"id": 1216143273376600065, "date": "2020-01-11", "time": "18:42:05", "tweet": "DENSO will develop a next-generation cockpit system based on Harmony Core, jointly developed with @BlackBerry @Qualcomm $BB $QCOM  $AAPL $MSFT $GOOGL $TSLA $INTC $IBM $AMZN  @WSJ @business @JohnChen @CNBC @BBCBusiness @CNNBusiness     https://t.co/FA7iy0K6lF", "likes_count": 1, "replies_count": 1, "retweets_count": 1, "hashtags": []}
{"id": 1216143076512714752, "date": "2020-01-11", "time": "18:41:18", "tweet": "@PollsTesla This Tesla peeps got enough in he’s/her’s curls #that #thang #juicy $TSLA", "likes_count": 0, "replies_count": 0, "retweets_count": 0, "hashtags": ["that", "thang", "juicy"]}
{"id": 1216143035739885570, "date": "2020-01-11", "time": "18:41:09", "tweet": "$TSLA - The Chinese government built the plant as fast as they can to get the Spy-mobiles out.  RIP Privacy", "likes_count": 4, "replies_count": 1, "retweets_count": 1, "hashtags": []}
{"id": 1216142546012864512, "date": "2020-01-11", "time": "18:39:12", "tweet": "10 Major Personal Finance Mistakes   https://t.co/6cl0gOv4uz  $TLRY $TSLA $UBER $LYFT $SPY", "likes_count": 0, "replies_count": 0, "retweets_count": 2, "hashtags": []}
{"id": 1216142343092477953, "date": "2020-01-11", "time": "18:38:24", "tweet": "#Tesla #Xpose #ModelX  Nice picture😎 Who need a superball AD? Oh yes... the incoming competition... $tsla", "likes_count": 1, "replies_count": 0, "retweets_count": 0, "hashtags": ["tesla", "xpose", "modelx"]}
{"id": 1216140247999926272, "date": "2020-01-11", "time": "18:30:04", "tweet": "ACTIVE TRADERS Try one of these FREE trading guides:   https://t.co/UEP5bBb6VK  $NFLX $TSLA $AAPL $IBB $GS $FB $AMZN $GOOGL $NVDA", "likes_count": 0, "replies_count": 0, "retweets_count": 0, "hashtags": []}
{"id": 1216139800878682113, "date": "2020-01-11", "time": "18:28:17", "tweet": "@investinAI @elonmusk @Kristennetten @thirdrowtesla @JohnnaCrider1 @vincent13031925 @bonnienorman @megangale @28delayslater #1- Safety #2- Design #3- Total Cost of Ownership #4- Best technology car available, the only smart car #5- Non-polluting #6- Depreciation, holds value better than ANY car #7- OTA updates, always getting better #8- Help fund future cheaper Tesla cars and environ producs $TSLA", "likes_count": 8, "replies_count": 0, "retweets_count": 3, "hashtags": []}
{"id": 1216139223188852738, "date": "2020-01-11", "time": "18:26:00", "tweet": "Free trade room access to TheLincolnList all next week. No credit Card required  Send email to support@thelincolnlist.com put  \" Trial \" in the subject line and I will get you set up  See you then  $SPY $FB $TSLA $AAPL $GLD", "likes_count": 1, "replies_count": 0, "retweets_count": 2, "hashtags": []}
{"id": 1216138964458860544, "date": "2020-01-11", "time": "18:24:58", "tweet": "🚨🚨🚨The elder brother of Greta steals her childhood!🚨🚨🚨  Most BEV's in Germany are bought by 35-59 year olds, but even the elderly buy more BEV's than the younger ones.  $TSLA $TSLAQ  https://t.co/0r3F6G6Jwi", "likes_count": 7, "replies_count": 5, "retweets_count": 2, "hashtags": []}
{"id": 1216138478330748929, "date": "2020-01-11", "time": "18:23:02", "tweet": "$ROKU didn’t dicslose their streaming numbers at the CES, claiming they’re scaling so much and big enough to not have to. I haven’t seen this ballsy of a move in a stock since $TSLA. Numbers will be huge, shorts will get slaughtered. While mngmt is being “cocky,” could be real...", "likes_count": 30, "replies_count": 5, "retweets_count": 5, "hashtags": []}
{"id": 1216138245928411138, "date": "2020-01-11", "time": "18:22:07", "tweet": "as a $TSLA fanboy, at first i ridiculed @MercedesBenz’s #AVTR concept car. but after watching the #CES2020 presentation, i’m impressed with the vision. as James Cameron said, “it’s a physical manifestation of a philosophy.” so props to Mercedes for leading  https://t.co/oje7aGRP3J", "likes_count": 2, "replies_count": 0, "retweets_count": 1, "hashtags": ["avtr", "ces2020"]}
{"id": 1216138171307741191, "date": "2020-01-11", "time": "18:21:49", "tweet": "Evening Most Tweeted Big Caps, check out Gambiste Top 10: $TSLA $LK $ROKU $VIPS $ABB $BA $TWTR $GM $PINS $CRWD  https://t.co/k3uyuEbRpJ", "likes_count": 0, "replies_count": 0, "retweets_count": 0, "hashtags": []}
{"id": 1216135381684387841, "date": "2020-01-11", "time": "18:10:44", "tweet": "Big #marketcap for $TSLA which means huge future expectations. This is a metaphor of how #innovation is an investment today that should give the future profits to the companies.  $TSLA P/E = 0 &amp; EPS = $-4.85 $F P/E = 22.56 &amp; EPS = $0.41 $GM P/E = 5.59 &amp; EPS = $6.20", "likes_count": 0, "replies_count": 0, "retweets_count": 1, "hashtags": ["marketcap", "innovation"]}
