{"id": 1292248702573318145, "date": "2020-08-08", "time": "19:57:54", "tweet": "Sebastian Vettel and  $ARGGY Aston Martin $AML #AMG F1 Deal Reportedly Done, But Won’t Be Announced Soon: Here’s Why  https://t.co/Ud6YSaV8L8 via @SPORTS_ESS $DMLRY Daimler Mercedes Benz 🚀 #AMG owns stake in Aston Martin and its is client! 😜... out of $TSLA $RACE $NKLA bubbles", "likes_count": 0, "replies_count": 0, "retweets_count": 1, "hashtags": ["amg", "amg"]}
{"id": 1292248575125213192, "date": "2020-08-08", "time": "19:57:23", "tweet": "You're going to experience big portfolio rotation out of bubbles, overbought  into value and growth: Out of $AAPL Apple $MSFT Microsoft into $SNE Sony.  Out of $TSLA Tesla into $DMLRY #Daimler Mercedes Benz $DDAIF $DAI.DE #DAI  Out of $RACE #Ferrari into $ARGGY Aston Martin $AML  https://t.co/OPysFhoYQC", "likes_count": 1, "replies_count": 0, "retweets_count": 0, "hashtags": ["daimler", "dai", "ferrari"]}
{"id": 1292248486323290112, "date": "2020-08-08", "time": "19:57:02", "tweet": "You're going to experience big portfolio rotation out of bubbles, overbought  into value and growth: Out of $AAPL Apple $MSFT Microsoft into $SNE Sony.  Out of $TSLA Tesla into $DMLRY #Daimler Mercedes Benz $DDAIF $DAI.DE #DAI  Out of $RACE #Ferrari into $ARGGY Aston Martin $AML  https://t.co/gDN11u0Ctq", "likes_count": 0, "replies_count": 0, "retweets_count": 0, "hashtags": ["daimler", "dai", "ferrari"]}
{"id": 1292248246832771073, "date": "2020-08-08", "time": "19:56:05", "tweet": "Best discord group for the traders join here  https://t.co/PJKovXv6VM  $GAN $NKLA $DKNG $VRM $TRIL $TSLA $BBAR $STNG $GLUU $ZNGA $AAL $CACC $ESE $SPCE $FCEL $TRIP $BYND $MRNA $ROKU $NOK $OXY $CCL $CRON $RCL $DGLY $HTZ $PENN $GMBL $CRNC $RGR $KTOV $GNUS $ROKU $BLDP $PLUG $FCEL $ZI", "likes_count": 0, "replies_count": 0, "retweets_count": 0, "hashtags": []}
{"id": 1292247450951065601, "date": "2020-08-08", "time": "19:52:55", "tweet": "@elonmusk @BernieSanders Hi Elon. Can you explain the 5 *billion* $TSLA received that helped produce a profit and your bonus. That has little to do with other industries.", "likes_count": 1, "replies_count": 0, "retweets_count": 0, "hashtags": []}
{"id": 1292247261305622533, "date": "2020-08-08", "time": "19:52:10", "tweet": "Best discord group for the traders join here  https://t.co/PJKovXv6VM  $GAN $NKLA $DKNG $VRM $TRIL $TSLA $BBAR $STNG $GLUU $ZNGA $AAL $CACC $ESE $SPCE $FCEL $TRIP $BYND $MRNA $ROKU $NOK $OXY $CCL $CRON $RCL $DGLY $HTZ $PENN $GMBL $CRNC $RGR $KTOV $GNUS $ROKU $BLDP $PLUG $FCEL $ZI  https://t.co/TDnlxUrO23", "likes_count": 0, "replies_count": 0, "retweets_count": 0, "hashtags": []}
{"id": 1292246745657651201, "date": "2020-08-08", "time": "19:50:07", "tweet": "A bit of non-crypto trading and a little catchup on stocks.  The Tesla bubble is crazy, but some upstream plays could be interesting.  A look at Nidec (@NidecJP) makes electric motors and have gone into autos.  At 48 PE in Yen is a lot easier than the 150+ PE in $TSLA.  https://t.co/r0neeniJvZ", "likes_count": 1, "replies_count": 0, "retweets_count": 0, "hashtags": []}
{"id": 1292246297739776001, "date": "2020-08-08", "time": "19:48:20", "tweet": "@Dr_Yield_Curve If $tsla discovers this they might find a way to make a car that runs on gasoline. Market cap to 1 trillion", "likes_count": 28, "replies_count": 1, "retweets_count": 3, "hashtags": []}
{"id": 1292245720930680833, "date": "2020-08-08", "time": "19:46:03", "tweet": "$BABA $DSA $KODK $DOW $GNUS $IDEX $boxl $TSLA $TAOP $JFK $CEMI $SPY $TSLA $SHOP $AMZN $NVDA $ROKU $EBAY $AMD $BB $DAL $DOW $Kodk $AAPL $ESE $SPCE $FCEL $TRIP $BYND $MRNA $NOK $OXY $CCL $CRM $DGLY $HTZ $Aapl $GMBL $FB  https://t.co/adaO8wUDjL Options+Alerts Join now! Profits 4 all  https://t.co/BbpUREvSJT", "likes_count": 0, "replies_count": 0, "retweets_count": 1, "hashtags": []}
{"id": 1292245586125750272, "date": "2020-08-08", "time": "19:45:31", "tweet": "$TSLA Double inside week - here's some levels to play off of   easy set up - crazy stock - could make some cash!  https://t.co/XFh2sdZHGX", "likes_count": 20, "replies_count": 1, "retweets_count": 1, "hashtags": []}
{"id": 1292245061715947520, "date": "2020-08-08", "time": "19:43:26", "tweet": "$tsla  https://t.co/U4bKocTSgP", "likes_count": 153, "replies_count": 15, "retweets_count": 37, "hashtags": []}
{"id": 1292244770128109568, "date": "2020-08-08", "time": "19:42:16", "tweet": "@elonmusk @BernieSanders Countless utilities &amp; IPPs like $NEE have done multiples more than $TSLA for renewable deployment.", "likes_count": 3, "replies_count": 0, "retweets_count": 1, "hashtags": []}
{"id": 1292244740445016071, "date": "2020-08-08", "time": "19:42:09", "tweet": "@TraderDave18 @dragvs7 @DoNotFadeMe @TicTocTick I actually highly respect @TicTocTick for his calls. Markets are dynamic and his calls change as he sees the market. Did you see his $TSLA call on Fri? Masterpiece. Tweet deleted but followers made a killing. You're a genuinely ungrateful arsehole who bleeds diahorea.", "likes_count": 0, "replies_count": 1, "retweets_count": 0, "hashtags": []}
{"id": 1292243473773469697, "date": "2020-08-08", "time": "19:37:07", "tweet": "Hmmmmm..... I wonder what Monday morning will be like. President's speech was \"Market Music\". $TSLA $AMD $CVM $SNGX $RMED $UAVS $AMZN $SPAQ #stocks #market  https://t.co/ly63gZt5xh", "likes_count": 5, "replies_count": 5, "retweets_count": 1, "hashtags": ["stocks", "market"]}
{"id": 1292243083875233792, "date": "2020-08-08", "time": "19:35:34", "tweet": "@Jason @elonmusk @BernieSanders Remembering this one when more work moves to Shanghai instead of Buffalo, where $tsla didn’t actually employ the New York people he promised to employ in exchange for the expensive state handouts.... We all see what we want to see.", "likes_count": 2, "replies_count": 0, "retweets_count": 0, "hashtags": []}
{"id": 1292242808498196481, "date": "2020-08-08", "time": "19:34:28", "tweet": "This is so awesome whoever thought this up. I bet we see many more of these in coming days! $SRNE $KODK $RNET $HL $MAG $AG $CODX $APT $LAKE $APDN $GOLD $BTC $FSM $BCM $MARA $SPAQ $NKLA $BLNK $AHPI $SPCE $TSLA $TDOC $FB $AAPL We as a nation need to do things that make us smile!  https://t.co/iecrEiW8MP", "likes_count": 4, "replies_count": 1, "retweets_count": 0, "hashtags": []}
{"id": 1292242502167212033, "date": "2020-08-08", "time": "19:33:15", "tweet": "Que creen, la acción $TSLA sube o baja?", "likes_count": 0, "replies_count": 0, "retweets_count": 0, "hashtags": []}
{"id": 1292242196624744451, "date": "2020-08-08", "time": "19:32:03", "tweet": "$BABA $DSA $KODK $DOW $GNUS $IDEX $boxl $TSLA $TAOP $JFK $CEMI $SPY $TSLA $SHOP $AMZN $NVDA $ROKU $EBAY $AMD $BB $DAL $DOW $Kodk $AAPL $ESE $SPCE $FCEL $TRIP $BYND $MRNA $NOK $OXY $CCL $CRM $DGLY $HTZ $Aapl $GMBL $FB  https://t.co/adaO8wUDjL Options+Alerts Join now! Profits 4 all", "likes_count": 0, "replies_count": 0, "retweets_count": 1, "hashtags": []}
{"id": 1292242183748231168, "date": "2020-08-08", "time": "19:31:59", "tweet": "@BearingtonTrade $TSLA", "likes_count": 0, "replies_count": 0, "retweets_count": 0, "hashtags": []}
{"id": 1292242094002589698, "date": "2020-08-08", "time": "19:31:38", "tweet": "@karpathy Great work with fsd. Loving every minute of it. Respect for you and your gang. $tsla", "likes_count": 9, "replies_count": 0, "retweets_count": 0, "hashtags": []}
{"id": 1292242006308200449, "date": "2020-08-08", "time": "19:31:17", "tweet": "$LINK is crypto's $TSLA. Pumps for no reason, no one really understands what's going on, everyone wants to short it, but instead buys a grip and prints money. \"Easiest thing in the world\"", "likes_count": 0, "replies_count": 0, "retweets_count": 0, "hashtags": []}
{"id": 1292241586743640064, "date": "2020-08-08", "time": "19:29:37", "tweet": "As a prerequisite to terraforming Mars we will be terafactorizing the World   $TSLA #TESLA #SpaceX   Tesla factory comparison depicts Gigafactory Texas’ gargantuan size | TESLARATI  https://t.co/ESHJ3ncG5W", "likes_count": 0, "replies_count": 0, "retweets_count": 0, "hashtags": ["tesla", "spacex"]}
{"id": 1292241297227513856, "date": "2020-08-08", "time": "19:28:28", "tweet": "If Musk pays taxes, then the things he claims are of urgency can be addressed. The thing with people like Musk who are favored by elitism is, they forget how the whole thing of the vital things for ALL PEOPLE not only them &amp; their preferred company, works. $TSLA TSLAQ #elonmusk  https://t.co/0vFyzGQuaB", "likes_count": 5, "replies_count": 0, "retweets_count": 0, "hashtags": ["elonmusk"]}
{"id": 1292241006868537350, "date": "2020-08-08", "time": "19:27:19", "tweet": "$BABA $DSA $KODK $DOW $GNUS $IDEX $boxl $TSLA $TAOP $JFK $CEMI $SPY $TSLA $SHOP $AMZN $NVDA $ROKU $EBAY $AMD $BB $DAL $DOW $Kodk $AAPL $ESE $SPCE $FCEL $TRIP $BYND $MRNA $NOK $OXY $CCL $CRM $DGLY $HTZ $Aapl $GMBL $FB  https://t.co/adaO8wUDjL Options+Alerts Join now! Profits 4 all  https://t.co/enNB6LqJoQ", "likes_count": 0, "replies_count": 1, "retweets_count": 1, "hashtags": []}
{"id": 1292240856443842560, "date": "2020-08-08", "time": "19:26:43", "tweet": "Weekly Video Update! Chart after chart after...You get the picture! $QQQ, $SPX, $DJI, $IWM, $XLF, $AAPL, $AMZN, $TSLA, and even more. Enjoy!  https://t.co/2LlpodS1RJ", "likes_count": 1, "replies_count": 1, "retweets_count": 0, "hashtags": []}
{"id": 1292240792627503109, "date": "2020-08-08", "time": "19:26:28", "tweet": "Tesla’s technology lead is INCREDIBLE.   Can’t wait to see Plaid S at Nürburgring :)  $Tsla $tslaq", "likes_count": 0, "replies_count": 0, "retweets_count": 0, "hashtags": []}
{"id": 1292240395238346754, "date": "2020-08-08", "time": "19:24:53", "tweet": "$TSLA", "likes_count": 0, "replies_count": 0, "retweets_count": 0, "hashtags": []}
{"id": 1292239737789353985, "date": "2020-08-08", "time": "19:22:16", "tweet": "蔚来 $NIO 、理想 $LI 之后又一电动车上市 小鹏汽车美股上市IPO  https://t.co/u0Ns7wOei0 $TSLA $BLNK $KNDI  国内最大的居住平台 贝壳美国上市ipo  https://t.co/9lvPHAXBmX $RDFN $Z  https://t.co/Xk7yegUeqV", "likes_count": 1, "replies_count": 1, "retweets_count": 1, "hashtags": []}
{"id": 1292239210024493056, "date": "2020-08-08", "time": "19:20:10", "tweet": "$TSLA #trading #notices", "likes_count": 1, "replies_count": 0, "retweets_count": 0, "hashtags": ["trading", "notices"]}
{"id": 1292238847779069952, "date": "2020-08-08", "time": "19:18:44", "tweet": "Elon Musk falsely speaking in absolutes will ABSOLUTELY land him in federal prison  Not a matter of \"if,\" it's \"when\"  World will be a much safer place once Musk is locked up &amp; permanently banned from holding executive positions of publicly traded companies $TSLA #FraudFormula", "likes_count": 2, "replies_count": 0, "retweets_count": 0, "hashtags": ["fraudformula"]}
{"id": 1292238649451597824, "date": "2020-08-08", "time": "19:17:57", "tweet": "Can't force you to make money, but here are results for August so far in weeklys trading service -  LINK:  https://t.co/EBTyNUNLB8 (Just click it. Nothing bad will happen. I promise.)  $SPY $AMZN $FB $QQQ $SPX $PINS $DALL $BA $TSLA  These clowns charging you $100+ = #ripoff  https://t.co/Vjys5z5hSK", "likes_count": 2, "replies_count": 1, "retweets_count": 0, "hashtags": ["ripoff"]}
{"id": 1292238465518706688, "date": "2020-08-08", "time": "19:17:13", "tweet": "Bernie off the top rope! $TSLA", "likes_count": 0, "replies_count": 0, "retweets_count": 0, "hashtags": []}
{"id": 1292237819302166530, "date": "2020-08-08", "time": "19:14:39", "tweet": "Wow.  Tesla’s position is so incredibly strong.  Who makes the EVs that Tesla can’t when legacy auto goes bankrupt?  $Tsla $tslaq", "likes_count": 3, "replies_count": 0, "retweets_count": 0, "hashtags": []}
{"id": 1292236683904155648, "date": "2020-08-08", "time": "19:10:08", "tweet": "$TSLA Tesla launches its own car wrap service  https://t.co/lKxL2Q8Q3L via @FredericLambert #thestockmonkey #stockmarket #stocks #trading #business #daytrader #daytrading #SwingTrading #investment #wallstreet #darkpool #blocktrades", "likes_count": 0, "replies_count": 0, "retweets_count": 0, "hashtags": ["thestockmonkey", "stockmarket", "stocks", "trading", "business", "daytrader", "daytrading", "swingtrading", "investment", "wallstreet", "darkpool", "blocktrades"]}
{"id": 1292236500990599168, "date": "2020-08-08", "time": "19:09:25", "tweet": "Top 20 most searched stocks on Webull!  $KODK $MSFT $AAPL $MARA $GNUS $OCGN $AMD $TSLA $NIO $NKLA $DIS $ADT $BA $NVAX $SPCE $WKHS $JMIA $IZEA $INTC $SRNE  Start investing on Webull &amp; get 2 free stocks when you join &amp; deposit! 4 free stocks so far!  https://t.co/7Yn39YAnwm #Stocks  https://t.co/dO80urmwat", "likes_count": 24, "replies_count": 4, "retweets_count": 5, "hashtags": ["stocks"]}
{"id": 1292236400163725312, "date": "2020-08-08", "time": "19:09:01", "tweet": "Tesla | $TSLA  Tesla 4HR Chart Analysis  Long or short it with BTC on Trade8:  https://t.co/qbQ9zkhKZq  https://t.co/LMOMs0POkJ", "likes_count": 1, "replies_count": 0, "retweets_count": 0, "hashtags": []}
{"id": 1292236350364819456, "date": "2020-08-08", "time": "19:08:49", "tweet": "Si se produce un nuevo crash por esta burbuja acá te dejamos donde debes invertir para estar a salvo.  $XTZ.X $BTC.X $TSLA $AAPL $MELI    https://t.co/iQCHF5v3wT", "likes_count": 0, "replies_count": 0, "retweets_count": 0, "hashtags": []}
{"id": 1292235966271430656, "date": "2020-08-08", "time": "19:07:17", "tweet": "Oh, look $TSLA ‘s competition is cheating emissions and poisoning the public again.  @elonmusk", "likes_count": 18, "replies_count": 2, "retweets_count": 3, "hashtags": []}
{"id": 1292235520333041664, "date": "2020-08-08", "time": "19:05:31", "tweet": "@BernieSanders Loans $ laid outright here $tsla  https://t.co/QJxZiXyLHn", "likes_count": 0, "replies_count": 0, "retweets_count": 1, "hashtags": []}
{"id": 1292235451584204807, "date": "2020-08-08", "time": "19:05:14", "tweet": "$TSLA   i suspect they will sell electricity near cost and a few years down the road when electric cars are all over the place  a better markup on the electricity will produce a very nice revenue stream.  this will keep the competition reduced.", "likes_count": 0, "replies_count": 0, "retweets_count": 0, "hashtags": []}
{"id": 1292235431665455106, "date": "2020-08-08", "time": "19:05:10", "tweet": "@Fxhedgers @TESLAcharts Taxes don't do much these days spraying around another few trillion every month or so.   Long $GLD short fraud-bubble $TSLA", "likes_count": 3, "replies_count": 0, "retweets_count": 0, "hashtags": []}
{"id": 1292235384668270594, "date": "2020-08-08", "time": "19:04:58", "tweet": "@BernieSanders The loans to $tsla laid out right here  https://t.co/K4bVo6Fztx", "likes_count": 0, "replies_count": 1, "retweets_count": 0, "hashtags": []}
{"id": 1292235201196818433, "date": "2020-08-08", "time": "19:04:15", "tweet": "The top 20 most searched stocks on Webull!  $KODK $MSFT $AAPL $MARA $GNUS $OCGN $AMD $TSLA $NIO $NKLA $DIS $ADT $BA $NVAX $SPCE $WKHS $JMIA $IZEA $INTC $SRNE  Start investing today on Webull &amp; get 2 free stocks when you join &amp; deposit!  https://t.co/6fqJzcxBZG #Webull #Stocks", "likes_count": 2, "replies_count": 2, "retweets_count": 0, "hashtags": ["webull", "stocks"]}
{"id": 1292235175536087047, "date": "2020-08-08", "time": "19:04:09", "tweet": "Does @elonmusk know that he too is powered by big oil? $tsla  https://t.co/qpKgmFY3On", "likes_count": 3, "replies_count": 0, "retweets_count": 0, "hashtags": []}
{"id": 1292234488408416256, "date": "2020-08-08", "time": "19:01:25", "tweet": "$HJLI OVERSOLD 60 CENTS break on Monday📈💸  $THOR $XBIT $ARQL $FATE $ACHV $OBSV $AGIO $ABEO $RCKT $DTIL $AM $CGC $SESN $SGMO $BMY $GALT $DD $DPLO $THO $JT $JNJ $PFE $LLY $MRK $ROKU $TSLA $FB $MU $SIRI $SPY $UBER $AMZN $JPM #CRYPTO #BLOCKCHAIN #ICO #BITCOIN $FNMA $DRYS $AMD $F $M", "likes_count": 0, "replies_count": 0, "retweets_count": 0, "hashtags": ["crypto", "blockchain", "ico", "bitcoin"]}
{"id": 1292234344522821633, "date": "2020-08-08", "time": "19:00:50", "tweet": "Don't miss our next FREE OPTION TRADE.  Sign up for our Daily Free Trades at  https://t.co/eOr65TBvqa $NVDA $TSLA $GS $PYPL $BAC $GOOGL $FB", "likes_count": 0, "replies_count": 0, "retweets_count": 0, "hashtags": []}
{"id": 1292234297118793728, "date": "2020-08-08", "time": "19:00:39", "tweet": "#Traders estas son las emisoras seleccionadas por la mayoría! agregue unas para que sean siete... Si me da tiempo voy agarrar otras y se las publico sin preámbulos para ayudar a más en la toma de decisiones... Por el momento son: $DIS, $SPCE, $NIO, $TSLA, $INTC, $BA y $BYND...  https://t.co/MS89qj5Z8J", "likes_count": 63, "replies_count": 9, "retweets_count": 17, "hashtags": ["traders"]}
{"id": 1292234137743499264, "date": "2020-08-08", "time": "19:00:01", "tweet": "Hey @TheJusticeDept has @ElonMusk's Tesla $TSLA statement \"we're doing MORE THAN ANY OTHER COMPANY ON Earth to advance green/sustainable energy\" been qualified by ANY REGULATORY agency?  Anyone want call out Musk's escalating false claims @SEC_Enforcement @FTC @USDOT  @NHTSA @EPA  https://t.co/MBQ0GI7Xsy", "likes_count": 3, "replies_count": 0, "retweets_count": 0, "hashtags": []}
{"id": 1292233773602414592, "date": "2020-08-08", "time": "18:58:34", "tweet": "Many, many non- $tsla cars have this enhanced driver assistance capability. And their manufacturers don't claim it's \"Autopilot\", and the dealerships won't try to foist on you expensive \"Full Self-Driving\" vaporware. And the cars won't incinerate you.", "likes_count": 128, "replies_count": 24, "retweets_count": 10, "hashtags": []}
{"id": 1292232660354363393, "date": "2020-08-08", "time": "18:54:09", "tweet": "@jchybow Ha! You are already being safe as you can be $tsla .  Don’t listen to news about it .  Remember my post on sept 22 .  Gl friend  https://t.co/yPjPvmrNZU", "likes_count": 0, "replies_count": 1, "retweets_count": 0, "hashtags": []}
{"id": 1292231614047629312, "date": "2020-08-08", "time": "18:49:59", "tweet": "Watch \"Tesla Model S vs 3 vs X vs Y - PERFORMANCE Models // DRAG &amp; ROLL RACE\" on YouTube -  https://t.co/M3qNNAxSWX  $TSLA", "likes_count": 0, "replies_count": 0, "retweets_count": 0, "hashtags": []}
{"id": 1292231027814010887, "date": "2020-08-08", "time": "18:47:40", "tweet": "@AlderLaneeggs @stoolpresidente Talks about $OSTK being a fraud yet thinks there's nothing to see at $TSLA.  Makes total sense.  https://t.co/cQuaFCrY3q", "likes_count": 2, "replies_count": 1, "retweets_count": 0, "hashtags": []}
{"id": 1292230307366621185, "date": "2020-08-08", "time": "18:44:48", "tweet": "@24mobius42 @SawyerMerritt I honestly think that the landslide was so easy to spot that they’re just trying to hedge $tsla with fake analysis.  I mean who was that idiot that recently priced Tesla at $10.00 then a few weeks later said $2,000.00.  That kind of whip isn’t needed.", "likes_count": 2, "replies_count": 0, "retweets_count": 0, "hashtags": []}
{"id": 1292229979334258689, "date": "2020-08-08", "time": "18:43:30", "tweet": "Tesla CEO Elon Musk is accused in a lawsuit of defaming a long-time critic of the company and triggering an online hate campaign against him  https://t.co/Hx45gnY5Np via @technology $tsla", "likes_count": 0, "replies_count": 0, "retweets_count": 1, "hashtags": []}
{"id": 1292229755283021824, "date": "2020-08-08", "time": "18:42:36", "tweet": "Pennant on $TSLA. Which way will it break? I'm looking to go long if it can get over last week's highs. #swingtrade #stocks $SPY $QQQ #MTFA  https://t.co/4B7uXuXJyK", "likes_count": 0, "replies_count": 0, "retweets_count": 0, "hashtags": ["swingtrade", "stocks", "mtfa"]}
{"id": 1292228981647908864, "date": "2020-08-08", "time": "18:39:32", "tweet": "Why? $TSLA likely would be up 🤷‍♂️", "likes_count": 12, "replies_count": 2, "retweets_count": 0, "hashtags": []}
{"id": 1292228717117345797, "date": "2020-08-08", "time": "18:38:29", "tweet": "BTW @elonmusk when is the Giga Berlin Ground Breaking going to be?  $TSLA", "likes_count": 25, "replies_count": 4, "retweets_count": 4, "hashtags": []}
{"id": 1292228365638828039, "date": "2020-08-08", "time": "18:37:05", "tweet": "Does anyone have $TSLA options? Thank you #options", "likes_count": 0, "replies_count": 0, "retweets_count": 0, "hashtags": ["options"]}
{"id": 1292227917536088065, "date": "2020-08-08", "time": "18:35:18", "tweet": "I started the hashtag #SerialKillerCEO to expose corporations that knowingly &amp; willingly manipulate federal regulatory guidelines, causing predictable &amp; preventable consumer &amp; public harm or death $TSLA $JNJ  #MotherOfFrauds, Maye Musk's #CleanEnergyWillWin is complicit w fraud.  https://t.co/Jgn64PnVpZ", "likes_count": 6, "replies_count": 2, "retweets_count": 0, "hashtags": ["serialkillerceo", "motheroffrauds", "cleanenergywillwin"]}
{"id": 1292227442518753280, "date": "2020-08-08", "time": "18:33:25", "tweet": "We are swinging a $SLV call that has nearly doubled already. Do you think it will pay off?🤔  $SPY $AMZN $TSLA $AAPL $MSFT $BA $BABA $MA $DIS $BETZ $NFLX $AMD $NVDA $T $TLRY $WMT $TGT $TSM $STMP $ZM $ROKU $ATVI  https://t.co/QRstaNocFi", "likes_count": 0, "replies_count": 0, "retweets_count": 1, "hashtags": []}
{"id": 1292226691687948297, "date": "2020-08-08", "time": "18:30:26", "tweet": "Trading view for the week...  $OPTI $MSTO $TSLA $XTRM $MLFB $SPAQ $BFCH $CYIO $VISM $SPOM $SWRM   #trading #stocks #StocksToTrade #stockstobuy #stockstowatch #Bitcoin  https://t.co/9zKp1zTAZH", "likes_count": 6, "replies_count": 1, "retweets_count": 0, "hashtags": ["trading", "stocks", "stockstotrade", "stockstobuy", "stockstowatch", "bitcoin"]}
{"id": 1292226576491393024, "date": "2020-08-08", "time": "18:29:58", "tweet": "@henrikfisker $TSLA fan bois so mad. $SPAQ tribe comin. #DealWithIt  https://t.co/82A2t2Ylrm", "likes_count": 12, "replies_count": 1, "retweets_count": 0, "hashtags": ["dealwithit"]}
{"id": 1292226514663202823, "date": "2020-08-08", "time": "18:29:44", "tweet": "$tsla $nio $nkla $spaq $wkhs $dphc $shll $spce $amzn $aapl $li $graf $nete $idex $dkng", "likes_count": 1, "replies_count": 0, "retweets_count": 0, "hashtags": []}
{"id": 1292226323075694592, "date": "2020-08-08", "time": "18:28:58", "tweet": "$tsla $nio $nkla $spaq $wkhs $dphc $shll $spce $amzn $aapl $li $graf $nete $idex $dkng", "likes_count": 1, "replies_count": 0, "retweets_count": 0, "hashtags": []}
{"id": 1292226253798481923, "date": "2020-08-08", "time": "18:28:41", "tweet": "$tsla $nio $nkla $spaq $wkhs $dphc $shll $spce $amzn $aapl $li $graf $nete $idex $dkng", "likes_count": 1, "replies_count": 0, "retweets_count": 0, "hashtags": []}
{"id": 1292226195430440960, "date": "2020-08-08", "time": "18:28:28", "tweet": "What Happened: Joe Biden may have accidentally disclosed the future plans for General Motor’s Corvette in hi.. $GM $TSLA $NKLA  https://t.co/q4ef106oaZ", "likes_count": 0, "replies_count": 0, "retweets_count": 0, "hashtags": []}
{"id": 1292226164241702912, "date": "2020-08-08", "time": "18:28:20", "tweet": "$tsla $nio $nkla $spaq $wkhs $dphc $shll $spce $amzn $aapl $li $graf $nete $idex $dkng", "likes_count": 1, "replies_count": 0, "retweets_count": 0, "hashtags": []}
{"id": 1292226114589319173, "date": "2020-08-08", "time": "18:28:08", "tweet": "@iliketeslas @AOC @BernieSanders Bernie is such a tool... $TSLA", "likes_count": 0, "replies_count": 0, "retweets_count": 0, "hashtags": []}
{"id": 1292226036873211905, "date": "2020-08-08", "time": "18:27:50", "tweet": "$tsla $nio $nkla $spaq $wkhs $dphc $shll $spce $amzn $aapl $li $graf $nete $idex $dkng", "likes_count": 0, "replies_count": 0, "retweets_count": 0, "hashtags": []}
{"id": 1292225957017919488, "date": "2020-08-08", "time": "18:27:31", "tweet": "$NIO $TSLA $NKLA $WKHS $NIU $FCEL $BLDP $PLUG  #nio #tesla #williamli #pennystocks #news   https://t.co/WkLJnHZiOm", "likes_count": 0, "replies_count": 0, "retweets_count": 0, "hashtags": ["nio", "tesla", "williamli", "pennystocks", "news"]}
{"id": 1292225646832357378, "date": "2020-08-08", "time": "18:26:17", "tweet": "Biden Accidentally Reveals GM's Future Corvette Plans $GM $TSLA $NKLA  https://t.co/q4ef106oaZ", "likes_count": 0, "replies_count": 0, "retweets_count": 0, "hashtags": []}
{"id": 1292224639775645696, "date": "2020-08-08", "time": "18:22:17", "tweet": "@gwestr @28delayslater If $TSLA hadn’t lost 20 billion, transition to electrification would have been delayed by a few decades.   For the greater good it was essential to subsidize millionaires initially. In return the masses are now getting much cheaper/viable EVs.  Is this too hard to get?", "likes_count": 0, "replies_count": 1, "retweets_count": 0, "hashtags": []}
