{"id": 1325226354523181057, "date": "2020-11-07", "time": "18:59:19", "tweet": "$FB $AMZN $TSLA $AAPL  https://t.co/t65i26I21v", "likes_count": 0, "replies_count": 0, "retweets_count": 0, "hashtags": []}
{"id": 1325226330171060231, "date": "2020-11-07", "time": "18:59:13", "tweet": "$NIO $FSR $TSLA $RIDE   The people have spoken. More to come.  https://t.co/BNfXqC7B6U", "likes_count": 5, "replies_count": 1, "retweets_count": 0, "hashtags": []}
{"id": 1325225625343373312, "date": "2020-11-07", "time": "18:56:25", "tweet": "@igm95 @ICannot_Enough Even if $TSLA Reg credits were $1B in FY’21, that would represent just $.60, or  20% of $TSLA consensus GAAP FY’21 EPS of $3.00.", "likes_count": 3, "replies_count": 1, "retweets_count": 0, "hashtags": []}
{"id": 1325225156935966720, "date": "2020-11-07", "time": "18:54:33", "tweet": "🤦‍♂️ I swear..   The media is about to make the sheep 🐑 run wild.. Media knows what their doing..  If Trump pushes for states to vote.. The Dems will loot and riot.. again..  I guess it don’t matter to me.. Monday I profit from #EvStocks mooning.. 📈🚀 $NIO $TSLA $HYLN", "likes_count": 3, "replies_count": 1, "retweets_count": 0, "hashtags": ["evstocks"]}
{"id": 1325224999066722305, "date": "2020-11-07", "time": "18:53:55", "tweet": "Alright 👍 $TSLA  @thirdrowtesla @28delayslater @jpr007  https://t.co/7VV3SD40Su", "likes_count": 5, "replies_count": 0, "retweets_count": 0, "hashtags": []}
{"id": 1325224447331196929, "date": "2020-11-07", "time": "18:51:44", "tweet": "Friendly reminder:  After 6 months of being told by $TSLAQ that there is no demand for Model Y, $TSLA still:  - Only shipping Model Y in NA  -Only selling AWD + 5-seat variants  - Building additional Model Y capacity in 🇨🇳, 🇪🇺, 🇺🇸 Fremont + 🇺🇸 Austin  Demand problems. 🤔🤪🥴🙃", "likes_count": 27, "replies_count": 2, "retweets_count": 0, "hashtags": []}
{"id": 1325224212819189760, "date": "2020-11-07", "time": "18:50:48", "tweet": "$TSLA Long", "likes_count": 4, "replies_count": 0, "retweets_count": 0, "hashtags": []}
{"id": 1325223877891424264, "date": "2020-11-07", "time": "18:49:28", "tweet": "@zerohedge @danshep55 $TSLA selling Tequila for the bulls!", "likes_count": 0, "replies_count": 0, "retweets_count": 0, "hashtags": []}
{"id": 1325223647058022403, "date": "2020-11-07", "time": "18:48:33", "tweet": "@RxPillMe @patrickschur_ I would think $TSLA uses $AMD GPUs it would be for DOJO and not the cars. Would be a nice win anyway for AMD. Both CEOs are wonderful engineers by the way 🙏🤑", "likes_count": 11, "replies_count": 3, "retweets_count": 0, "hashtags": []}
{"id": 1325223311412957185, "date": "2020-11-07", "time": "18:47:13", "tweet": "This week's installment of Japanese Tesla listings/sales. $TSLA $TSLAQ #Tesla #CYAZ #テスラ #モデル3   TL:DR: Model 3 order reporting picking up. Q4 shipment must be close.", "likes_count": 1, "replies_count": 1, "retweets_count": 1, "hashtags": ["tesla", "cyaz", "テスラ", "モデル3"]}
{"id": 1325223049067573248, "date": "2020-11-07", "time": "18:46:11", "tweet": "Tesla Is Now Selling $250 Bottles Of Tequila $TSLA   https://t.co/wCmdFiMndK", "likes_count": 4, "replies_count": 2, "retweets_count": 0, "hashtags": []}
{"id": 1325222997087707137, "date": "2020-11-07", "time": "18:45:58", "tweet": "via zerohedge: Tesla Is Now Selling $250 Bottles Of Tequila  https://t.co/mpaQx2AF1I $tsla", "likes_count": 0, "replies_count": 0, "retweets_count": 0, "hashtags": []}
{"id": 1325222696871817217, "date": "2020-11-07", "time": "18:44:47", "tweet": "$TSLA weekly. Flagging. Closing above 5ma / 10ma. Bound for a breakout.  https://t.co/YFiKuXjwUT", "likes_count": 0, "replies_count": 0, "retweets_count": 0, "hashtags": []}
{"id": 1325221048141426688, "date": "2020-11-07", "time": "18:38:13", "tweet": "$NIO   We alerted $NIO at $17 and 6 weeks later it ran to $42!!  You could have easily more than DOUBLED your money in 6 weeks.   If you would like to be a participant in our Private Whatsapp group for HUGE tips please message us.   $NIO $FSR $TSLA $OSTK $NKLA $WKHS $BLNK", "likes_count": 2, "replies_count": 1, "retweets_count": 0, "hashtags": []}
{"id": 1325221029141241856, "date": "2020-11-07", "time": "18:38:09", "tweet": "@jasondebolt Sick place dude! When you inviting the $TSLA Twitter gang to check it out 😂😂 jk! Enjoy it though!", "likes_count": 1, "replies_count": 1, "retweets_count": 0, "hashtags": []}
{"id": 1325220429212995584, "date": "2020-11-07", "time": "18:35:46", "tweet": "Watching for entry: $BGFV, $FVRR, $BL, $NVCR, $TSLA, $YETI, $QDEL, $NET, $VSTO, $SHOP", "likes_count": 11, "replies_count": 1, "retweets_count": 0, "hashtags": []}
{"id": 1325220014236921856, "date": "2020-11-07", "time": "18:34:07", "tweet": "@tedstein @RoboTaxiBot With the election over. It will be nice to get back to what matters most on Twitter #TeslaTwitter $TSLA $TSLAQ  With that said, brother you are spittin’", "likes_count": 2, "replies_count": 0, "retweets_count": 0, "hashtags": ["teslatwitter"]}
{"id": 1325219915859685380, "date": "2020-11-07", "time": "18:33:43", "tweet": "@saxena_puru @ArsalaanAli6 Hey Puru, do you have any insight on why you dont’t invest in $TSLA?", "likes_count": 2, "replies_count": 1, "retweets_count": 0, "hashtags": []}
{"id": 1325219692366106624, "date": "2020-11-07", "time": "18:32:50", "tweet": "Congratulations to $TSLA!", "likes_count": 0, "replies_count": 0, "retweets_count": 0, "hashtags": []}
{"id": 1325219407321210883, "date": "2020-11-07", "time": "18:31:42", "tweet": "Congratulations to $TSLA!  https://t.co/CnAftwgpUb", "likes_count": 1, "replies_count": 0, "retweets_count": 0, "hashtags": []}
{"id": 1325219308302110721, "date": "2020-11-07", "time": "18:31:19", "tweet": "@BATTERYPARKLP I used software from Deluge to open the torrent w/ the Tripp files  https://t.co/yQfC5qPla9 $TSLA $TSLAQ", "likes_count": 0, "replies_count": 1, "retweets_count": 0, "hashtags": []}
{"id": 1325218994652139524, "date": "2020-11-07", "time": "18:30:04", "tweet": "#Tesla releases it's own tequila as Elon continues to be Elon 👑🇺🇸  $SPY $QQQ $TSLA   #rudereport #violetpill #climatechange #booze    https://t.co/ZXcXy689x6", "likes_count": 0, "replies_count": 0, "retweets_count": 0, "hashtags": ["tesla", "rudereport", "violetpill", "climatechange", "booze"]}
{"id": 1325218606578360321, "date": "2020-11-07", "time": "18:28:31", "tweet": "Which stocks you will buy on Monday? $Fsr $Hyln $tsla $nio $fslr $spwr $bep $dgly $cetx $wrap $acb $ccb $trly $icg", "likes_count": 8, "replies_count": 0, "retweets_count": 1, "hashtags": []}
{"id": 1325218378634711040, "date": "2020-11-07", "time": "18:27:37", "tweet": "$TSLA Stock Analysis &amp; Realistic Price Target $1000+ by End of 2020  https://t.co/keo7DuK0Di", "likes_count": 0, "replies_count": 0, "retweets_count": 0, "hashtags": []}
{"id": 1325217937008046082, "date": "2020-11-07", "time": "18:25:52", "tweet": "Hey @realDonaldTrump; see below, if you want the evidence that the @CIA trafficked crystal meth w/ Elon Musk, Tesla &amp; the Mexican cartel at the Gigafactory in Nevada; also, the @FBI &amp; NV AG covered it up #StoptheSteal $TSLA $TSLAQ", "likes_count": 3, "replies_count": 0, "retweets_count": 1, "hashtags": ["stopthesteal"]}
{"id": 1325217765116968960, "date": "2020-11-07", "time": "18:25:11", "tweet": "Hey @chamath I hope you know how grateful all us $TSLA investors are to you for your support and conviction. This interview gave me and many many others the confidence to hold the f on in a super tough time!THANK YOU!!!", "likes_count": 5, "replies_count": 0, "retweets_count": 0, "hashtags": []}
{"id": 1325217681218301953, "date": "2020-11-07", "time": "18:24:51", "tweet": "@marth07pharma $TSLA おばさんのクッキー  これで違和感アリです😂", "likes_count": 1, "replies_count": 0, "retweets_count": 0, "hashtags": []}
{"id": 1325216620306976768, "date": "2020-11-07", "time": "18:20:38", "tweet": "I think $TSLA &amp; $NIO are going to go parabolic on Monday. #EV tax credit of $7500 will come back maybe $10,000+ in 2021. The World is going Green. Order a #Tesla or @NIOGlobal", "likes_count": 141, "replies_count": 9, "retweets_count": 11, "hashtags": ["ev", "tesla"]}
{"id": 1325215517838249991, "date": "2020-11-07", "time": "18:16:15", "tweet": "@BATTERYPARKLP Torrent for the Tripp files sans the Gicinto deposition &amp; Hansen email to Musk $TSLA $TSLAQ", "likes_count": 0, "replies_count": 1, "retweets_count": 0, "hashtags": []}
{"id": 1325215162597478400, "date": "2020-11-07", "time": "18:14:50", "tweet": "@jasondebolt SBLOC &gt; @GerberKawasaki telling you to sell some $TSLA 💪😂🥃⚡️", "likes_count": 2, "replies_count": 0, "retweets_count": 0, "hashtags": []}
{"id": 1325214633611890688, "date": "2020-11-07", "time": "18:12:44", "tweet": "@jasondebolt Nice view, nice pad. $TSLA", "likes_count": 22, "replies_count": 1, "retweets_count": 0, "hashtags": []}
{"id": 1325214456348020736, "date": "2020-11-07", "time": "18:12:02", "tweet": "I’m moving half a mili on $TSLA come Monday", "likes_count": 1, "replies_count": 0, "retweets_count": 0, "hashtags": []}
{"id": 1325214414560169984, "date": "2020-11-07", "time": "18:11:52", "tweet": "$TSLA  I expect a big breakout at some point next week. If futures open green tomorrow, Tesla should move green with them. You can trade the speculation hours before the market opens on FTX.   https://t.co/HVzalXw0SK  https://t.co/Bm2ZFF4ugw", "likes_count": 56, "replies_count": 6, "retweets_count": 2, "hashtags": []}
{"id": 1325214056245059589, "date": "2020-11-07", "time": "18:10:26", "tweet": "$TSLA $TSLAQ", "likes_count": 0, "replies_count": 1, "retweets_count": 0, "hashtags": []}
{"id": 1325213846219448320, "date": "2020-11-07", "time": "18:09:36", "tweet": "Seeing what stock sectors are hot!!  https://t.co/hjoy4EsDw8  #tradingstocks #stockmarket $qqq $spy $spx $amzn $tsla $aapl $amd  https://t.co/cd11OOumu3", "likes_count": 0, "replies_count": 0, "retweets_count": 0, "hashtags": ["tradingstocks", "stockmarket"]}
{"id": 1325213842553638914, "date": "2020-11-07", "time": "18:09:36", "tweet": "Holdings = 35 Return = 166% *1 year  1. $RDFN - 26.9% 2. $SQ - 11.2% 3. $AMZN - 6.6% 4. $SHOP - 5.2% 5. $WORK - 4.7% 6. $TSLA - 4.3% 7. $PTON - 4.1% 8. $PINS - 3.3% 9. $AAPL - 3.2% 10. $DOCU - 3.1% 11. $SE - 3.0% 12. $CRM - 2.6% 13. $MELI - 2.5% 14. $TTD - 1.9% 15. $TDOC - 1.5%  https://t.co/njWBHmpORB", "likes_count": 62, "replies_count": 7, "retweets_count": 3, "hashtags": []}
