{"id": 1238978043567321089, "date": "2020-03-14", "time": "19:59:19", "tweet": "$TSLA 440 by Monday /Tuesday open. 546 now.   I can only show you the path but you have to walk it.  $SPY", "likes_count": 1, "replies_count": 1, "retweets_count": 0, "hashtags": []}
{"id": 1238977932628033537, "date": "2020-03-14", "time": "19:58:52", "tweet": "I wonder how satisfied are those #Tesla owners who bought the F$D option for serious money years ago?  $TSLA $TSLAQ", "likes_count": 22, "replies_count": 13, "retweets_count": 3, "hashtags": ["tesla"]}
{"id": 1238977928454705153, "date": "2020-03-14", "time": "19:58:51", "tweet": "C'mon @Tesla friends - do we have a name for someone that parks next to you in at a supercharger with 10 total chargers and 8 of them free??? I'm on 1B he pulls into 1A... $TSLA 🙄😂", "likes_count": 3, "replies_count": 0, "retweets_count": 2, "hashtags": []}
{"id": 1238977732954001408, "date": "2020-03-14", "time": "19:58:05", "tweet": "Remember when $tsla was hypothesized to go bk when EV incentives ran out? I’m waiting.  https://t.co/coIBWlmjAC", "likes_count": 6, "replies_count": 0, "retweets_count": 3, "hashtags": []}
{"id": 1238977580281151489, "date": "2020-03-14", "time": "19:57:28", "tweet": "@ABCPolitics That was fast! I thought results took longer...🤔🤔😷🤢🤮 $SPY $SPX $QQQ $IWM $DJI $AAPL $TSLA $FB $AMZN $GS $JPM $BAC $C $GOOGL $SPOT $XLE $BA $BABA $UVXY $LYFT $CMG #ES_F #coronavirus #COVID19  https://t.co/QlCJcPnBke", "likes_count": 6, "replies_count": 0, "retweets_count": 2, "hashtags": ["es_f", "coronavirus", "covid19"]}
{"id": 1238976577410662400, "date": "2020-03-14", "time": "19:53:29", "tweet": "\"Someone\" is desperately trying to do damage control over Elon self-owning that his unsafe Tesla's will kill more people than Coronavirus has in the U.S.   And pushing false claims regarding #Autopilot.  $TSLA  https://t.co/kOTvhZ1Rbl", "likes_count": 1, "replies_count": 0, "retweets_count": 0, "hashtags": ["autopilot"]}
{"id": 1238974418333962245, "date": "2020-03-14", "time": "19:44:55", "tweet": "$TSLA - Collect $41 Million From Tesla? It's Up To You, New York.  https://t.co/RZba0tewHz", "likes_count": 0, "replies_count": 0, "retweets_count": 0, "hashtags": []}
{"id": 1238972717069524993, "date": "2020-03-14", "time": "19:38:09", "tweet": "$TSLA", "likes_count": 6, "replies_count": 0, "retweets_count": 1, "hashtags": []}
{"id": 1238971542056210432, "date": "2020-03-14", "time": "19:33:29", "tweet": "Exclusive: China Made Tesla Model 3 out on the Test Track at Tesla Gigafactory Shanghai. Thanks to our follower for sending us this video. When do you think Model Y will be out in China?   https://t.co/rvHeMXFWSY  #Tesla #China #gigafactory #gigashanghai #MIC #特斯拉 #中国 $TSLA  https://t.co/8wHS3MSo32", "likes_count": 68, "replies_count": 2, "retweets_count": 11, "hashtags": ["tesla", "china", "gigafactory", "gigashanghai", "mic", "特斯拉", "中国"]}
{"id": 1238970167247253504, "date": "2020-03-14", "time": "19:28:01", "tweet": "@Craig_McDermott Following more med experts, paying more attention to breakthroughs, and watching certain CA based car companies fall... $TSLA", "likes_count": 2, "replies_count": 0, "retweets_count": 0, "hashtags": []}
{"id": 1238970056723267585, "date": "2020-03-14", "time": "19:27:35", "tweet": "Trump tests negative for coronavirus, White House doctor says from @CNBC $spx $ndx $ivv $tsla $jpm $vz $wfc $amzn  https://t.co/UKAVzC4JAF", "likes_count": 1, "replies_count": 0, "retweets_count": 2, "hashtags": []}
{"id": 1238969994630721536, "date": "2020-03-14", "time": "19:27:20", "tweet": "@JohnBender83 @teslafantweets He blocked me. It's a new #IncelsForElon Astroturfing account manipulatively &amp; falsely claiming he's a \"reasonable\" Tesla fan. No such thing.   Elon's desperation &amp; fear are palpable through his tweets &amp; mirrored by his trolls.   @Paul91701736  #CaseStudy $TSLA #astroturfing  https://t.co/xBtD2RDdxk", "likes_count": 0, "replies_count": 1, "retweets_count": 0, "hashtags": ["incelsforelon", "casestudy", "astroturfing"]}
{"id": 1238969635539693568, "date": "2020-03-14", "time": "19:25:54", "tweet": "@elonmusk What about a „Car Stolen“-Mode where you have to enter your PW to confirm and then the car Slowly comes to a stop, turns on the hazard blinkers and calls an emergency service to the current location? Accessible through the mobile app. #tesla $tsla", "likes_count": 1, "replies_count": 0, "retweets_count": 0, "hashtags": ["tesla"]}
{"id": 1238969529738366982, "date": "2020-03-14", "time": "19:25:29", "tweet": "@GeorgeJNasr @QTRResearch @elonmusk and anyway, net net he has no money. he has BANK money borrowed against $TSLA stock", "likes_count": 3, "replies_count": 0, "retweets_count": 1, "hashtags": []}
{"id": 1238968880476774400, "date": "2020-03-14", "time": "19:22:54", "tweet": "Chase:#robinhoodapp NOT \"legit\"  Someone can't close #LOSE $15K filed #lawsuit on #blackout Issues with #RobinHood  $spy $qqq $dal #oott $uber $tsla $amzn $v $aapl $dis $msft $xom $fb $nvda $cost $baba $qcom $dal $c $ba $twtr $nflx $roku $bynd $qcom #COVIDー19 #CoronaVirusUpdates  https://t.co/3Wdgz52522", "likes_count": 0, "replies_count": 1, "retweets_count": 0, "hashtags": ["robinhoodapp", "lose", "lawsuit", "blackout", "robinhood", "oott", "covidー19", "coronavirusupdates"]}
{"id": 1238968798268424193, "date": "2020-03-14", "time": "19:22:35", "tweet": "Tesla CEO Elon Musk's uncharacteristic lack of false pumping &amp; hourly #ModelY product launch updates, has him acting like a guy who finally understand he's under DOJ criminal investigation. And as THE target of the investigation, prison is more a reality than Mars. $TSLA  https://t.co/ryZdheZCoU", "likes_count": 3, "replies_count": 0, "retweets_count": 1, "hashtags": ["modely"]}
{"id": 1238968586611408897, "date": "2020-03-14", "time": "19:21:44", "tweet": "Evening Most Tweeted Big Caps, check out Gambiste Top 10: $TSLA $OXY $ABB $TWTR $SPG $SNAP $ZM $WORK $UAL $DAL  https://t.co/k3uyuEbRpJ", "likes_count": 0, "replies_count": 0, "retweets_count": 0, "hashtags": []}
{"id": 1238967820962029568, "date": "2020-03-14", "time": "19:18:42", "tweet": "$TSLA $TSLAQ  cc @VCBrags", "likes_count": 1, "replies_count": 0, "retweets_count": 0, "hashtags": []}
{"id": 1238967761583263744, "date": "2020-03-14", "time": "19:18:27", "tweet": "First Tesla Model Y deliveries begin, here's an up-close look.  https://t.co/RyDbc0ymJl #cars #tesla #teslamodely #luxury $TSLA  https://t.co/EbFDUyh7NV", "likes_count": 7, "replies_count": 0, "retweets_count": 5, "hashtags": ["cars", "tesla", "teslamodely", "luxury"]}
{"id": 1238966944738443266, "date": "2020-03-14", "time": "19:15:13", "tweet": "$TSLA sells crappy cars, and they make bank on service!  You will understand in the pictures below.  For all the newbies.. here is thread from April 2019.   https://t.co/FoNM3y2Y9b   2/", "likes_count": 4, "replies_count": 2, "retweets_count": 0, "hashtags": []}
