{"id": 1345520042386075648, "date": "2021-01-02", "time": "18:59:11", "tweet": "@GrowthStockDoc @TheMarkCooke Long all three!!!!! $AAPL $PTON and $TSLA", "likes_count": 3, "replies_count": 0, "retweets_count": 0, "hashtags": []}
{"id": 1345519395972509696, "date": "2021-01-02", "time": "18:56:37", "tweet": "@BillAlwaysWins Also, Most of that stuff you mentioned is super short term stuff. When investing in $TSLA, one must look 5-10 years into the future.", "likes_count": 1, "replies_count": 1, "retweets_count": 0, "hashtags": []}
{"id": 1345519292876529664, "date": "2021-01-02", "time": "18:56:12", "tweet": "So what does the forecast project? Roughly 830k in 2021, 1.2M in 2022, 1.7M in 2023, 2.2M in 2024 and 3M in 2025. What this tells me (and why I only projected to 2025) is that we'll see rapid expansion of Gigafactories soon (India?) as $TSLA aims for 20M/year by 2030. 4/  https://t.co/TF4CweKLnL", "likes_count": 1, "replies_count": 1, "retweets_count": 1, "hashtags": []}
{"id": 1345519290519318528, "date": "2021-01-02", "time": "18:56:12", "tweet": "With $TSLA opening the Berlin and Texas factories next year, I manually entered 850,000 units delivered for 2021 to \"help\" the curve fit more data points. The R squared value of 0.992 indicates that $TSLA is very much on this delivery curve. 3/", "likes_count": 0, "replies_count": 1, "retweets_count": 0, "hashtags": []}
{"id": 1345519289676263425, "date": "2021-01-02", "time": "18:56:11", "tweet": "I was able to fit $TSLA deliveries to R squared value of 0.992 (a value of 0.8+ is considered ideal) with third-degree polynomial. This equation can be used to project deliveries by year by inputting year into variable \"x\" for output of projected deliveries \"y\" for that year. 2/", "likes_count": 0, "replies_count": 1, "retweets_count": 0, "hashtags": []}
{"id": 1345519288610938881, "date": "2021-01-02", "time": "18:56:11", "tweet": "I've curve-fitted $TSLA delivery numbers from 2012 to 2020 to forecast deliveries from 2021 to 2025 based on their exponential growth rate. 1/  https://t.co/bfXs1y4bLt", "likes_count": 3, "replies_count": 1, "retweets_count": 0, "hashtags": []}
{"id": 1345519233317408769, "date": "2021-01-02", "time": "18:55:58", "tweet": "$bngo $jagx $aqms $aapl $tsla $amzn $novn $ipoc $fskr $nkla", "likes_count": 0, "replies_count": 0, "retweets_count": 0, "hashtags": []}
{"id": 1345519227277430785, "date": "2021-01-02", "time": "18:55:56", "tweet": "good math exercise. but imho hardcore long term $TSLA bulls are already doing the math on #dividends 😅", "likes_count": 0, "replies_count": 0, "retweets_count": 0, "hashtags": ["dividends"]}
{"id": 1345519133178228737, "date": "2021-01-02", "time": "18:55:34", "tweet": "$TSLA", "likes_count": 1, "replies_count": 0, "retweets_count": 0, "hashtags": []}
{"id": 1345518935915958272, "date": "2021-01-02", "time": "18:54:47", "tweet": "*last time was never* 🕰️ $tsla", "likes_count": 7, "replies_count": 0, "retweets_count": 1, "hashtags": []}
{"id": 1345518891544453120, "date": "2021-01-02", "time": "18:54:36", "tweet": "SmartOptions® Unusual Activity Alert (Delayed)  $TSLA $480 Calls 01/21/2022 Exp  Trade Volume: 150 Contracts  $3,615,750 was traded now.  Current Stock Price: $647.14  Trade Type: Split  Follow the Money &amp; Trade Options with Our SmartOptions® Ai.  https://t.co/bIuaDk4J16", "likes_count": 0, "replies_count": 0, "retweets_count": 0, "hashtags": []}
{"id": 1345518220061659144, "date": "2021-01-02", "time": "18:51:56", "tweet": "@vincent13031925 Oh so close in 2020! Well done Tesla! Not bad at all considering a once in a lifetime pandemic! Well done! $TSLA #TSLA", "likes_count": 1, "replies_count": 1, "retweets_count": 0, "hashtags": ["tsla"]}
{"id": 1345518128843911168, "date": "2021-01-02", "time": "18:51:35", "tweet": "Oh...going through old Elon Tweets for a new series....some true gems out there.  $TSLA", "likes_count": 9, "replies_count": 1, "retweets_count": 0, "hashtags": []}
{"id": 1345518009968951297, "date": "2021-01-02", "time": "18:51:06", "tweet": "I hate to say it, but I have absolutely no (stock) plans entering into 2021. I’m holding $tsla, $aapl, $Se, $Ttcf, $nvda, $kl, $brk $amzn. I’m going to continue holding until I feel I need to act. Regarding trades, I’m holding nothing and will make only a watch list tomorrow.", "likes_count": 1, "replies_count": 0, "retweets_count": 0, "hashtags": []}
{"id": 1345517766191837190, "date": "2021-01-02", "time": "18:50:08", "tweet": "$doge $tsla $nio 🎉 There’s a Holiday Event going on in the #Webull mobile app! ✨ 2000 shares of APPLE stocks are waiting to be claimed. 💙  https://t.co/lIONcYYJ6s", "likes_count": 0, "replies_count": 0, "retweets_count": 0, "hashtags": ["webull"]}
{"id": 1345517748219068416, "date": "2021-01-02", "time": "18:50:04", "tweet": "Although $BTC is #1 trending, here are the top 10 STOCKS trending in conversation ahead of the trading week:  1. $FUBO 2. $TSLA 3. $CRWD 4. $PINS 5. $IPOC 6. $ROKU 7. $MARA 8. $TDOC 9. $BTBT 10. $FUTU + $GHIV $RIOT $APPS $PTON $AMCI $PLTR  More on Captain:  https://t.co/9jLC9lq5Lg  https://t.co/0prloRPQRr", "likes_count": 254, "replies_count": 2, "retweets_count": 46, "hashtags": []}
{"id": 1345517598058795008, "date": "2021-01-02", "time": "18:49:28", "tweet": "My investments in $AAPL $TSLA and #Bitcoin could all go to $0 on Monday and it wouldn’t change anything about my personal lifestyle. Only invest what u can afford to lose.", "likes_count": 2, "replies_count": 1, "retweets_count": 0, "hashtags": ["bitcoin"]}
{"id": 1345517591125585920, "date": "2021-01-02", "time": "18:49:26", "tweet": "@gwestr No matter how outrageous that forecast is, even if achieved, still does not justify $0.7 TRILLION market cap. Not even close.  LoL. $TSLA $TSLAQ", "likes_count": 4, "replies_count": 0, "retweets_count": 0, "hashtags": []}
{"id": 1345517553293123585, "date": "2021-01-02", "time": "18:49:17", "tweet": "$TSLA 🇺🇸 #Tesla Delivers 499,550 Vehicles in 2020, Just Shy of Target   https://t.co/JpNnycY3PR", "likes_count": 1, "replies_count": 0, "retweets_count": 0, "hashtags": ["tesla"]}
{"id": 1345517338280411136, "date": "2021-01-02", "time": "18:48:26", "tweet": "SmartOptions® Unusual Activity Alert (Delayed)  $TSLA $480 Calls 01/21/2022 Exp  Trade Volume: 150 Contracts  $3,615,750 was traded now.  Current Stock Price: $647.10  Trade Type: Split  Follow the Money &amp; Trade Options with Our SmartOptions® Ai.  https://t.co/bIuaDk4J16", "likes_count": 0, "replies_count": 0, "retweets_count": 0, "hashtags": []}
{"id": 1345517335059304450, "date": "2021-01-02", "time": "18:48:25", "tweet": "@28delayslater VW is a crap. $TSLA better a lot. They can sell a lot cause 100yrs old company.", "likes_count": 1, "replies_count": 0, "retweets_count": 0, "hashtags": []}
{"id": 1345517282013958145, "date": "2021-01-02", "time": "18:48:13", "tweet": "$TSLA bulls are wondering whether stock will open up or down on Monday.  I don’t know the answer to that, BUT...  If I lived in 🇨🇳 and saw the reaction Chinese consumers are having to the Tesla Model Y, I know what I would do.  https://t.co/60bHnxn4vP", "likes_count": 120, "replies_count": 5, "retweets_count": 6, "hashtags": []}
{"id": 1345517082943889410, "date": "2021-01-02", "time": "18:47:25", "tweet": "Mining Billionaire’s SPAC Readies Funds for Clean-Power Push $SMOG $TSLA $LIT #renewableenergy #ClimateAction   https://t.co/pOBJrKOk2X", "likes_count": 1, "replies_count": 0, "retweets_count": 2, "hashtags": ["renewableenergy", "climateaction"]}
{"id": 1345516970737762304, "date": "2021-01-02", "time": "18:46:58", "tweet": "投資初心者の株買うタイミング  私は皆さんのようなすごいファンダ分析がまだできません🥺  低レベルファンダ＋チャート的に上がる傾向（テクニカル分析）が確認できてから買います。  そのおかげで $TSLA $CRWD で150%上昇分の利益を得ています。  実力が身につくまではこの方法で稼ぎます！", "likes_count": 3, "replies_count": 0, "retweets_count": 1, "hashtags": []}
{"id": 1345516968288292864, "date": "2021-01-02", "time": "18:46:58", "tweet": "$TSLA is the stock with highest volatility and lowest risk I’ve ever seen.", "likes_count": 900, "replies_count": 20, "retweets_count": 45, "hashtags": []}
{"id": 1345516882204319749, "date": "2021-01-02", "time": "18:46:37", "tweet": "Approximate $tsla market cap per delivery  2015  $621,700 2016  $436,460 2017  $541,237 2018  $243,027 2019  $228,571 2020  $1,347,212  at the end of 2019 GM had market cap of $18,116 per delivery (and they make $ without selling credits)", "likes_count": 1, "replies_count": 0, "retweets_count": 0, "hashtags": []}
{"id": 1345516326148853761, "date": "2021-01-02", "time": "18:44:25", "tweet": "$TSLA HODLers realize @elonmusk could hit 1M deliveries in 2021...  To analysts:  https://t.co/DuYubGZRQg", "likes_count": 130, "replies_count": 5, "retweets_count": 9, "hashtags": []}
{"id": 1345516288626581504, "date": "2021-01-02", "time": "18:44:16", "tweet": "Para poner los datos de 2020 en contexto: Tesla ha vendido en 2020 un 61 % más coches que el año anterior (en 2019 vendió 367.500 unidades). La subida es espectacular, más aún teniendo en cuenta la situación global con la pandemia. $TSLA", "likes_count": 0, "replies_count": 0, "retweets_count": 0, "hashtags": []}
{"id": 1345516170145910784, "date": "2021-01-02", "time": "18:43:48", "tweet": "@jahabdank @Screwier98 @AlanPeery @The_Blck_Swan @PunchableFaceVI @elonmusk You make a plausible argument. My example of a palm pilot phone is one of the possible outcomes for $tsla. The stock valuation assumes no competition in the EV market that has been around from the advent of cars.", "likes_count": 0, "replies_count": 0, "retweets_count": 0, "hashtags": []}
{"id": 1345515758391070722, "date": "2021-01-02", "time": "18:42:09", "tweet": "@CNBC @CNBCMakeIt Why not buying $BTC or $TSLA calls like true lemmings?", "likes_count": 0, "replies_count": 0, "retweets_count": 0, "hashtags": []}
{"id": 1345515746445717507, "date": "2021-01-02", "time": "18:42:07", "tweet": "@ATX_fight_club @Tesla_Toxic_Fan @Tesla I think with how much $TSLA defense you cite in this thread you might need to buy more 😁 10 shares per defense ought to do it. This is the way. 😜", "likes_count": 2, "replies_count": 0, "retweets_count": 0, "hashtags": []}
{"id": 1345515581810814976, "date": "2021-01-02", "time": "18:41:27", "tweet": "IMO Refresh Model S needs these new features to be an instant upgrade for existing owners:  (1) Heat Pump - game changer for cold  (2) Horizontal screen (3) Retain driver hub (4) Automatic doors + frunk (5) Glass roof (6) More dynamic body kit  What are your thoughts? $TSLA", "likes_count": 6, "replies_count": 1, "retweets_count": 1, "hashtags": []}
{"id": 1345515382480650241, "date": "2021-01-02", "time": "18:40:40", "tweet": "And when the biggest bubble stock of a generation finally bursts the shorts are going to make that $38bil back by a factor of at least 10. $TSLA $TSLAQ", "likes_count": 1, "replies_count": 0, "retweets_count": 1, "hashtags": []}
{"id": 1345515322992947210, "date": "2021-01-02", "time": "18:40:26", "tweet": "@Ben_smashN @MikeMcDonald89 What about shorting $TSLA 😂", "likes_count": 4, "replies_count": 0, "retweets_count": 1, "hashtags": []}
{"id": 1345515080235020288, "date": "2021-01-02", "time": "18:39:28", "tweet": "#Tesla cerró 2020 con 509.737 coches fabricados. El número de coches vendidos ('deliveries') a nivel global alcanzó las 499.550 unidades.  Por modelos:  -Model 3/Y: 442.511 unidades (88,6 %) -Model S/X: 57.039 unidades (11,4 %)  $TSLA", "likes_count": 0, "replies_count": 1, "retweets_count": 0, "hashtags": ["tesla"]}
{"id": 1345515046487674881, "date": "2021-01-02", "time": "18:39:20", "tweet": "@dna_heligrace Buy $TSLA 😁", "likes_count": 0, "replies_count": 0, "retweets_count": 0, "hashtags": []}
{"id": 1345514806401323009, "date": "2021-01-02", "time": "18:38:22", "tweet": "@AkronJackson Sold every $tsla and $mgni share to put my money on PIT.", "likes_count": 0, "replies_count": 1, "retweets_count": 0, "hashtags": []}
{"id": 1345514714986643460, "date": "2021-01-02", "time": "18:38:01", "tweet": "@Biohazard3737 Can we go long of $TSLA? 🙈🙈🙈", "likes_count": 0, "replies_count": 0, "retweets_count": 0, "hashtags": []}
{"id": 1345514571579199493, "date": "2021-01-02", "time": "18:37:26", "tweet": "@Quinceyjakarii @blockfolio He is at the mercy of his board, he can't just go around supporting other businesses as they will automatically be associated with $TSLA. His mention is support and thats the only reason why you and I are even having this dialogue. He doesn't mention DOGE there is no 300% boost.", "likes_count": 0, "replies_count": 1, "retweets_count": 0, "hashtags": []}
{"id": 1345514460220444676, "date": "2021-01-02", "time": "18:37:00", "tweet": "@Schuldensuehner @QuiqueGodoy lol @ $tsla $670b market cap.", "likes_count": 0, "replies_count": 1, "retweets_count": 0, "hashtags": []}
