{"id": 1315079589769760768, "date": "2020-10-10", "time": "19:59:41", "tweet": "Two big boys look ready to pop or drop.   $NVDA $TSLA", "likes_count": 1, "replies_count": 0, "retweets_count": 0, "hashtags": []}
{"id": 1315078666691506176, "date": "2020-10-10", "time": "19:56:01", "tweet": "@Demir11000900 $xpev I did some research on this company and there's speculation thatn it's supposed to be $tsla in* china and the EV market is growing pretty fast. With that being said I also bought $driv EV Etf in the $16s", "likes_count": 0, "replies_count": 0, "retweets_count": 0, "hashtags": []}
{"id": 1315078228860702721, "date": "2020-10-10", "time": "19:54:17", "tweet": "Welp, that solves that.  $tsla #spacex  https://t.co/XCEy1OBzwf", "likes_count": 0, "replies_count": 1, "retweets_count": 0, "hashtags": ["spacex"]}
{"id": 1315078085436485632, "date": "2020-10-10", "time": "19:53:43", "tweet": "$NIO Nomi (vehicle AI), Customer Service focus, CEO's humble past and ambitious goal with sacrifices, and the idea of Battery Swap:  This opened my eyes on Nio's CEO and his vision. Reminds me a bit of Elon. Root both as complement, not competitors! $TSLA   https://t.co/aO2DXxd5YP", "likes_count": 0, "replies_count": 0, "retweets_count": 0, "hashtags": []}
{"id": 1315078013617348609, "date": "2020-10-10", "time": "19:53:26", "tweet": "$TSLA Ross Gerber Talks Tesla, Battery Day, Tesla’s Weakness   https://t.co/JyZjUBG36Y", "likes_count": 0, "replies_count": 0, "retweets_count": 0, "hashtags": []}
{"id": 1315077975650398208, "date": "2020-10-10", "time": "19:53:17", "tweet": "Absolute GEM of a custom license plate by a Tesla employee!!!! 🤣😂  $TSLA $TSLAQ  https://t.co/jY8VSv9uyc", "likes_count": 2, "replies_count": 0, "retweets_count": 0, "hashtags": []}
{"id": 1315077405132967936, "date": "2020-10-10", "time": "19:51:00", "tweet": "Tesla | $TSLA  Whip a tesla  Long or short it with BTC on Trade8:  https://t.co/qbQ9zkhKZq  https://t.co/lZJzI46RGI", "likes_count": 0, "replies_count": 0, "retweets_count": 0, "hashtags": []}
{"id": 1315076898649563137, "date": "2020-10-10", "time": "19:49:00", "tweet": "I've  made 5k to 46k  with them,, If you really want to make a huge profit on trading,.,. Choose this professional chat:   https://t.co/SuUhU9fh3v  $HEXO $AAPL $TSLA $TNXP $NVAX $MRNA $INO $HTBX $GEVO $DKNG $PENN $INTC $BNGO  $BIDU $CODX $MU $SNSS  $ACHV $QCOM $BLNK $TTOO  https://t.co/Egqu2HQ3k4", "likes_count": 0, "replies_count": 0, "retweets_count": 0, "hashtags": []}
{"id": 1315076185001320449, "date": "2020-10-10", "time": "19:46:10", "tweet": "People have keys to start their cars. 🔑   People have buttons to start their cars. 🖲  Tesla owners don’t need anything, just the brake to trigger a go! 💨   It’s truly GAME OVER for all other vehicles. ❌  $TSLA #Tesla  https://t.co/bkc6fDf0pS", "likes_count": 72, "replies_count": 3, "retweets_count": 8, "hashtags": ["tesla"]}
{"id": 1315075364125900800, "date": "2020-10-10", "time": "19:42:54", "tweet": "@icapulet @StultusVox Well worth more than 3-6 months of $Tsla fluffing by @business", "likes_count": 0, "replies_count": 0, "retweets_count": 0, "hashtags": []}
{"id": 1315074768266317824, "date": "2020-10-10", "time": "19:40:32", "tweet": "$TSLA Redditor Alleges His New Tesla's Roof 'Fell Off On The Highway'   https://t.co/fwJ5236RHa", "likes_count": 0, "replies_count": 0, "retweets_count": 0, "hashtags": []}
{"id": 1315073900783468549, "date": "2020-10-10", "time": "19:37:05", "tweet": "@WholeMarsBlog @elonmusk maybe I have been over doing it but that is like...The Plan for $TSLA advertising...when other drivers see me zipping around in M3P like a nut?!?  https://t.co/FeqZHvu35h", "likes_count": 0, "replies_count": 0, "retweets_count": 0, "hashtags": []}
{"id": 1315073730318606341, "date": "2020-10-10", "time": "19:36:24", "tweet": "Contrast $TSLA and $NVDA  #Tesla at the bottom, much larger swings - but the slope downwards isn’t very clear (also what’s up with July 2021?).  #NVDA a very purposeful and directed downward slope.  https://t.co/wGw48YgDBE", "likes_count": 0, "replies_count": 1, "retweets_count": 0, "hashtags": ["tesla", "nvda"]}
{"id": 1315073445869256704, "date": "2020-10-10", "time": "19:35:17", "tweet": "I like the \"more than a car\" idea.    This software @FiskerInc is developing is very interesting.   @henrikfisker even though about driver's privacy!   $SPAQ $HYLN $DPHC $NIO $TSLA", "likes_count": 24, "replies_count": 2, "retweets_count": 1, "hashtags": []}
{"id": 1315073328093319170, "date": "2020-10-10", "time": "19:34:48", "tweet": "@optionslion8 That’s the thing, a lot of new traders only know the $TSLA and are stuck on the idea of overnight millions.", "likes_count": 1, "replies_count": 0, "retweets_count": 0, "hashtags": []}
{"id": 1315073182261444608, "date": "2020-10-10", "time": "19:34:14", "tweet": "@Demir11000900 $xpev I did some research on this company and there's speculation thatn it's supposed to be $tsla I'm china and the EV market is growing pretty fast. With that being said I also bought $driv EV Etf in the $16s  https://t.co/JFEbTTyC8R", "likes_count": 0, "replies_count": 1, "retweets_count": 0, "hashtags": []}
{"id": 1315072120637001728, "date": "2020-10-10", "time": "19:30:01", "tweet": "A cool $10k profit on the NKLA calls alerted live in chat.  https://t.co/6EKv9evEsD  $AMRN $SSNT $BYND $AIMT $HCAC $DIS $TSLA $AMZN $TVIX $MSFT $BA  $NXTD $HMHC $MVIS $MARA  $ATVI $NKLA $KODK $LVS $BTC.X  $SPY  $VISL $FCEL $TRIP $BYND $MRNA $NOK $DGLY  https://t.co/eF89FCfhif", "likes_count": 0, "replies_count": 0, "retweets_count": 0, "hashtags": []}
{"id": 1315071578330275842, "date": "2020-10-10", "time": "19:27:51", "tweet": "Less than 24hrs before a New and Exciting Watchlist Signed, Sealed and Delivered!  Head to  https://t.co/wb99slhrsM today so you don’t miss out!  $SPY $QQQ $IWM $AAPL $BA $JD $FB $TSLA $AMZN $TSLA #stocktrading⁣ #swingtrader #Daytrader #DayTrading  https://t.co/fRRg4E8m0d", "likes_count": 4, "replies_count": 0, "retweets_count": 2, "hashtags": ["stocktrading", "swingtrader", "daytrader", "daytrading"]}
{"id": 1315071161059864576, "date": "2020-10-10", "time": "19:26:12", "tweet": "$TSLA $MSFT $AMZN $NVDA $FB $CSCO $NFLX $GOOGL Weekly (Oct 5 - 9) Top #NASDAQ 100 Buy Flow Stocks Animated #stocks #stock #StockMarket #Investment #investing #invest #investors #trading #Traders #Trader #Options #OptionsTrading #NASDAQ100 #Markets #UOA  https://t.co/G0pUg2DzdJ", "likes_count": 0, "replies_count": 0, "retweets_count": 5, "hashtags": ["nasdaq", "stocks", "stock", "stockmarket", "investment", "investing", "invest", "investors", "trading", "traders", "trader", "options", "optionstrading", "nasdaq100", "markets", "uoa"]}
{"id": 1315071103669358592, "date": "2020-10-10", "time": "19:25:58", "tweet": "Traded $AAL $NVDA $TSLA and $AMZN ... oh yah $DPZ lost me a lot hah!! 🤓🍍👍   Post my account YTD profits every week, here is where we are at this week, been battling up and down but at the highest level YTD! All my alerts...  https://t.co/vSUraHxIOh  https://t.co/Tgn0207wAh", "likes_count": 2, "replies_count": 0, "retweets_count": 0, "hashtags": []}
