{"id": 1269418104137842689, "date": "2020-06-06", "time": "19:57:15", "tweet": "@Mindwbw Yeah, I think that will happen eventually. Not sure of time frame. Elon is busy engineering a short squeeze for sure. Liquidating his homes to take a bigger $TSLA stake. That will take time (maybe through the summer). A lot of speculative action in the meantime.", "likes_count": 1, "replies_count": 2, "retweets_count": 0, "hashtags": []}
{"id": 1269416630423031809, "date": "2020-06-06", "time": "19:51:23", "tweet": "$TSLA — SpaceX Makes Tesla Stock Look Even Better. Just Ask Wall Street. - Barron's  https://t.co/ctQwiY7gVO", "likes_count": 0, "replies_count": 0, "retweets_count": 1, "hashtags": []}
{"id": 1269415804761780225, "date": "2020-06-06", "time": "19:48:07", "tweet": "@passthebeano Funny. @TiffanyPhoto1 had the same thought re: I created this anon account 2 share these dm screensnaps of a convo I had with Viv $tslaq $tsla @MelaynaLokosky @TiffanyPhoto1   Viv is not nice. She h8s  tesla fan girls and will be Elons downfall  https://t.co/rWbMVD9AqC", "likes_count": 5, "replies_count": 0, "retweets_count": 0, "hashtags": []}
{"id": 1269415468139454464, "date": "2020-06-06", "time": "19:46:46", "tweet": "#Texas is a #EconomicPower @elonmusk don't forget how #California treats $TSLA recall that crude explicit at you from state employee @LorenaAD80", "likes_count": 0, "replies_count": 0, "retweets_count": 0, "hashtags": ["texas", "economicpower", "california"]}
{"id": 1269415300019048448, "date": "2020-06-06", "time": "19:46:06", "tweet": "@ohwellariel You're in the wrong showroom. Order a Tesla! $TSLA", "likes_count": 2, "replies_count": 0, "retweets_count": 0, "hashtags": []}
{"id": 1269415176631173120, "date": "2020-06-06", "time": "19:45:37", "tweet": "Friday lotto brought to you by $tsla   Quick 6 bagger 🥰  https://t.co/1yH3shWnBX", "likes_count": 0, "replies_count": 0, "retweets_count": 0, "hashtags": []}
{"id": 1269415066199379968, "date": "2020-06-06", "time": "19:45:11", "tweet": "@elonmusk What about $tsla stock price plz", "likes_count": 1, "replies_count": 0, "retweets_count": 1, "hashtags": []}
{"id": 1269414354329284609, "date": "2020-06-06", "time": "19:42:21", "tweet": "@elonmusk #Elon why do you think $TSLA is too high? Because it’s not @ $420?  $TSLAQ?!  🚀🌚  https://t.co/s99BQrwdsg", "likes_count": 1, "replies_count": 0, "retweets_count": 0, "hashtags": ["elon"]}
{"id": 1269413219501854720, "date": "2020-06-06", "time": "19:37:50", "tweet": "$TSLA 872 should act as a level of interest for buyers. Could be a decent place to initiate long with the hopes of that 900 magnet.", "likes_count": 0, "replies_count": 0, "retweets_count": 1, "hashtags": []}
{"id": 1269413181048397826, "date": "2020-06-06", "time": "19:37:41", "tweet": "Chance to get into $TSLA if you have not over $900. Especially if it consolidate here for couple of days. We have a position.  https://t.co/fty7Nq1ew7", "likes_count": 2, "replies_count": 0, "retweets_count": 1, "hashtags": []}
{"id": 1269412726989701122, "date": "2020-06-06", "time": "19:35:53", "tweet": "@jxs606 Yup they're headed for the Moon!  NASA's Three Stooges aren't aware of the Technology $GRAB   All they had to figure out is how to make it last!  Apollo LEM) got up to 4\" people Four days!   $MUSK @SpaceX $TSLA  Better hurry and get to landinglegs for Lunar sands!", "likes_count": 0, "replies_count": 0, "retweets_count": 0, "hashtags": []}
{"id": 1269411830167994371, "date": "2020-06-06", "time": "19:32:19", "tweet": "Still holding $PYPL and $TSLA   Was tempted to add to $TSLA off a short darvas box on the daily... opted not to at this point.", "likes_count": 8, "replies_count": 0, "retweets_count": 1, "hashtags": []}
{"id": 1269411418467495936, "date": "2020-06-06", "time": "19:30:41", "tweet": "@TiffanyPhoto1 @flcnhvy What's weird is that this tweet doesn't even show up in my mentions or tags on Twitter, despite being tagged.  #IncelsForElon  #TheSociopathicBusinessModel #FraudFormula $TSLA $TWTR  #ElonMusk #JackDorsey #WhiteKnighting", "likes_count": 2, "replies_count": 1, "retweets_count": 2, "hashtags": ["incelsforelon", "thesociopathicbusinessmodel", "fraudformula", "elonmusk", "jackdorsey", "whiteknighting"]}
{"id": 1269411328759934976, "date": "2020-06-06", "time": "19:30:19", "tweet": "$ARGGY Aston Martin unveils the AM-RB 003, a mid-engine hypercar  https://t.co/7hD1cWVIXI $AML #AML #AMG $DMLRY $AMGDF $DAI $DDAIF $RACE $NIO $TSLA", "likes_count": 2, "replies_count": 0, "retweets_count": 3, "hashtags": ["aml", "amg"]}
{"id": 1269410394461921280, "date": "2020-06-06", "time": "19:26:37", "tweet": "$TSLA inside day friday", "likes_count": 0, "replies_count": 1, "retweets_count": 1, "hashtags": []}
{"id": 1269410222147112960, "date": "2020-06-06", "time": "19:25:56", "tweet": "...and now that gambling is risk on in Vegas, thousands of Robin Hood accounts have now been closed... lol... 🤣  $SPY $QQQ $TSLA $LUV $BA $WYNN $LVS $BABA", "likes_count": 9, "replies_count": 0, "retweets_count": 3, "hashtags": []}
{"id": 1269409820802600960, "date": "2020-06-06", "time": "19:24:20", "tweet": "$TSLA S3XY ALGORITHM for THINKorSWIM  https://t.co/1o0cC4XVUE via @YouTube", "likes_count": 2, "replies_count": 0, "retweets_count": 2, "hashtags": []}
{"id": 1269409310188072961, "date": "2020-06-06", "time": "19:22:18", "tweet": "@stevenmarkryan potential advertising revenue in $TSLA future?  https://t.co/T3dJ0yYuzO", "likes_count": 1, "replies_count": 0, "retweets_count": 0, "hashtags": []}
{"id": 1269408954829996035, "date": "2020-06-06", "time": "19:20:53", "tweet": "Follow back for market updates. Thats my portfolio past 3 months over 60%. Whats yours? Dm me. #stockmarket #stock #money #trading #investing #daytrading #news #mytrade #BlackLivesMatter #COVID19 Hold $fb $aapl $amzn $nflx $googl $bidu $roku $spy $amd $nvda $tsla $ba $baba $shop  https://t.co/ejbRm2sTjl", "likes_count": 0, "replies_count": 0, "retweets_count": 0, "hashtags": ["stockmarket", "stock", "money", "trading", "investing", "daytrading", "news", "mytrade", "blacklivesmatter", "covid19"]}
{"id": 1269408829197991954, "date": "2020-06-06", "time": "19:20:24", "tweet": "$tsla", "likes_count": 1, "replies_count": 0, "retweets_count": 0, "hashtags": []}
{"id": 1269408814501109760, "date": "2020-06-06", "time": "19:20:20", "tweet": "$TSLA has 10x to go (disrupting transpiration &amp; energy)", "likes_count": 3, "replies_count": 0, "retweets_count": 0, "hashtags": []}
{"id": 1269408484077924352, "date": "2020-06-06", "time": "19:19:01", "tweet": "@Amdtrades $tsla", "likes_count": 0, "replies_count": 0, "retweets_count": 0, "hashtags": []}
{"id": 1269407222536245249, "date": "2020-06-06", "time": "19:14:00", "tweet": "$MISM R/MERGER! ONLY 7 MILLION FLOAT 📈 $PHGRF $SPY $SPX $QQQ $IWM $EVSV $FB $WRFX $AAPL $NOUV $TSLA $VXX  $WOGI $AMD $PURA $CRON $IQ $NFLX $AMZN $KALY $PTI $FTEG $PHK $DNAD $CLM $CRF $GIFX $LTSN $BYOC $GMER $SIRI $PLUG $ZNGA $FCEL $HBAN $ET $IR $SWN $NLY $RIG", "likes_count": 0, "replies_count": 0, "retweets_count": 1, "hashtags": []}
{"id": 1269406276267597824, "date": "2020-06-06", "time": "19:10:15", "tweet": "Only 1 contract / per trade.  $SPX $SPY $AMZN $AAPL $AMD $FB $SHOP $BYND $NVDA $GOOGL $MSFT $TSLA $BA $CMG $INTC $NFLX $JPM $BAC $YM $YM_F $NQ $NQ_F $ES $ES_F $GC $GLD $QQQ", "likes_count": 0, "replies_count": 0, "retweets_count": 1, "hashtags": []}
{"id": 1269405991126347779, "date": "2020-06-06", "time": "19:09:07", "tweet": "$MISM R/MERGER! ONLY 7 MILLION FLOAT 📈 $DECN $OPGN $CODX $HTBX $TNXP $BA $APRN $JNUG $PCTL $BIEI $AAPL $NBY $UBER $WTRH $NOVN $TSLA $XSPA $INO $ASTC $MRNA $GPMT $SPXS $SPY $QQQ $NUGT $BURG $VXRT $TVIX $IBIO $ACB $TLRY $CLIR $BKYI $TOPS $NVAX $GME $TTOO $AYTU $T", "likes_count": 0, "replies_count": 0, "retweets_count": 1, "hashtags": []}
{"id": 1269405912365780996, "date": "2020-06-06", "time": "19:08:48", "tweet": "$MISM R/MERGER! ONLY 7 MILLION FLOAT 📈🍾💸🛒 $spy $vrus $vyst $siml $amzn $cbbt $goog $laho $tsla $qqq $erbb $cwnr $fb $sbux $spx $f $msft $jaco $ttcm $bynd $cur $carb $hbio $twtr $gsb $powi $mhk $manh $amrn $kblb $pctl $alpp $xrp $obln $aapl $c $Tsla $fb $s $f $t $acas", "likes_count": 0, "replies_count": 0, "retweets_count": 0, "hashtags": []}
{"id": 1269405871219576834, "date": "2020-06-06", "time": "19:08:38", "tweet": "$MISM R/MERGER! ONLY 7 MILLION FLOAT 📈 $XSPA $INO $SRNE $NBY $IBIO $VXRT $VSTM $BMRA $BLPH $AYTU $ASTC $AMRN $LAKE $AHPI $MRNA $GILD $BIO $NVAX $AIKI $APT $AIM $MARK $OPK $MRNA $GIL $DFFN $CEI $PEIX $APT $IPIX $GBR $AMRN $TSLA $CYDY $BSGM $LGNDZ $AMZN $TRBO $ATOS $IO $SPY", "likes_count": 1, "replies_count": 0, "retweets_count": 1, "hashtags": []}
{"id": 1269405705129377802, "date": "2020-06-06", "time": "19:07:59", "tweet": "$MISM R/MERGER! ONLY 7 MILLION FLOAT 📈 $ACB $APHA $CRON $TRTC $CANN $GWPH $MCIG $MJNA $AMMJ $GRNH $CARA $CANA $CGRW $CBDS $CLSH $CODI $CVSI $DIGP  $MDCL $MNTR $MJNE $MYDX $NMUS $NTRR $NHLE $NDEV $OXIS $PRRE $RMHB $SPRWF $SRNA $TLRY $CAT $TSLA $GS $MGM $JNJ $PFE $MRK $TSLA", "likes_count": 0, "replies_count": 0, "retweets_count": 0, "hashtags": []}
{"id": 1269405559553437703, "date": "2020-06-06", "time": "19:07:24", "tweet": "$SPCE is going to run like $TSLA patience will pay off huge.", "likes_count": 1, "replies_count": 0, "retweets_count": 0, "hashtags": []}
{"id": 1269405454947377154, "date": "2020-06-06", "time": "19:06:59", "tweet": "Here are the results of backtesting for \"EOS-Alert System\". This report show last 50 trades that were alerted by the system.  $SPX $SPY $AMZN $AAPL $AMD $FB $SHOP $BYND $NVDA $GOOGL $MSFT $TSLA $BA $CMG $INTC $NFLX $JPM $BAC $YM $YM_F $NQ $NQ_F $ES $ES_F $GC $GLD $QQQ  https://t.co/va9C8vO6x6", "likes_count": 0, "replies_count": 0, "retweets_count": 1, "hashtags": []}
{"id": 1269405015820640259, "date": "2020-06-06", "time": "19:05:14", "tweet": "$HPQ We are still riding these calls. hbu. Gave free alert last week. $AAPL $BA $JETS $TSLA $SPCE $OXY $ON $FLEX $WORK $NFLX $SMAR $COUP $MDB $LUV $SMAR $SAVE $AAL $WYNN $MGM $XLNX $NCR $ZUO $VIAC $APA  https://t.co/dvLp5qNpJN", "likes_count": 3, "replies_count": 0, "retweets_count": 0, "hashtags": []}
{"id": 1269404998556925955, "date": "2020-06-06", "time": "19:05:10", "tweet": "$MISM GOING! UNNOTICED silent R/MERGER!💸📈 $spx $es_f #daytrading #investing #futures $spy $nasdaq $zb_f $nq_f $cl_f $GC_f $XOM $ibm $amzn $googl $AVGO $WFM $cvs $bac $td $WMT $COST $WFC $jnj $GE $GS $tsla $utx $fb $JPM $dis $MCD $mo $NKE $TGT $RHT $V $gc_f $BTC $CHEK", "likes_count": 0, "replies_count": 0, "retweets_count": 0, "hashtags": ["daytrading", "investing", "futures"]}
{"id": 1269404905070047234, "date": "2020-06-06", "time": "19:04:48", "tweet": "$MISM UNNOTICED silent R/MERGER!💸📈 $PLX $SPY $QQQ $IWM $DIA $UVXY $GOOG $GOOGL $UBSFY $T $TSLA $BKS $CIEN $SFIX $HOME $CLDR $insy $ljpc $ctrv $yriv $hk $cvm $prto $lgcy $rhe $lgcy $lgcy $soly $vtml $rvlt $alna $biol $uber $phun $kirk $abeo $bpth $tsla $mtfb $acb $Syk $UWT $MGM", "likes_count": 1, "replies_count": 0, "retweets_count": 1, "hashtags": []}
{"id": 1269404891740545024, "date": "2020-06-06", "time": "19:04:45", "tweet": "You and I already know what I will be looking at Monday morning.  $TSLA $NVDA $DKNG (More coming next week)  What are some tickers you guys are following for next week? #StockMarket #stocks #stockstowatch", "likes_count": 32, "replies_count": 22, "retweets_count": 0, "hashtags": ["stockmarket", "stocks", "stockstowatch"]}
{"id": 1269404745099292673, "date": "2020-06-06", "time": "19:04:10", "tweet": "$MISM GOING! UNNOTICED silent R/MERGER!💸📈 Do ur DD. $THOR $XBIT $ARQL $FATE $ACHV $OBSV $AGIO $ABEO $RCKT $DTIL $AM $CGC $SESN $SGMO $BMY $GALT $DD $DPLO $THO $JT $JNJ $PFE $LLY $MRK $ROKU $TSLA $FB $MU $SIRI $SPY $UBER $AMZN $JPM #CRYPTO #BLOCKCHAIN #ICO #BITCOIN", "likes_count": 0, "replies_count": 0, "retweets_count": 1, "hashtags": ["crypto", "blockchain", "ico", "bitcoin"]}
{"id": 1269404550739476485, "date": "2020-06-06", "time": "19:03:23", "tweet": "$MISM GOING! UNNOTICED silent R/MERGER!💸📈🛒✈🍾  $AAPL $AMD $AMRN $AAL $BAC $AMZN $MSFT $BA $ABT $TSLA $X $NVDA $GE $DIS $CCL $UBER $DAL $NFLX $FB $T $F $MU $SQ $M $ZM $XOM $GILD $ROKU $UAL $JPM $ABBV $FCX $SNAP $BABA $WFC $RCL $BB $HSBC $LYG $TEVA $C $OXY $JNJ $LYFT $LK $ZM", "likes_count": 0, "replies_count": 0, "retweets_count": 1, "hashtags": []}
{"id": 1269404293670584326, "date": "2020-06-06", "time": "19:02:22", "tweet": "$MISM GOING! UNNOTICED silent R/MERGER!💸📈 $PHGRF $SPY $SPX $QQQ $IWM $EVSV $FB $WRFX $AAPL $NOUV $TSLA $VXX  $WOGI $AMD $PURA $CRON $IQ $NFLX $AMZN $KALY $PTI $FTEG $PHK $DNAD $CLM $CRF $GIFX $LTSN $BYOC $GMER $SIRI $PLUG $ZNGA $FCEL $HBAN $ET $IR $SWN $NLY $RIG", "likes_count": 0, "replies_count": 0, "retweets_count": 0, "hashtags": []}
{"id": 1269404220744183814, "date": "2020-06-06", "time": "19:02:05", "tweet": "$MISM GOING! UNNOTICED silent R/MERGER!💸📈 $XSPA $INO $SRNE $NBY $IBIO $VXRT $VSTM $BMRA $BLPH $AYTU $ASTC $AMRN $LAKE $AHPI $MRNA $GILD $BIO $NVAX $AIKI $APT $AIM $MARK $OPK $MRNA $GIL $DFFN $CEI $PEIX $APT $IPIX $GBR $AMRN $TSLA $CYDY $BSGM $LGNDZ $AMZN $TRBO $ATOS $IO $SPY", "likes_count": 0, "replies_count": 0, "retweets_count": 0, "hashtags": []}
{"id": 1269403887523504128, "date": "2020-06-06", "time": "19:00:45", "tweet": "According to Buffett,   “There are only two rules of investing: Rule #1: Don’t lose money … and Rule #2: Don’t forget Rule #1.”  $AMZN $AAPL $AMD $BA $BABA $FB $CRM $DDOG $TGT $GOOGL $ROKU $TSLA $SPX $SPY $TDOC $COST $ZM $GILD $USO $NVDA $ROKU $BYND $SNAP", "likes_count": 0, "replies_count": 0, "retweets_count": 2, "hashtags": []}
{"id": 1269403815800864769, "date": "2020-06-06", "time": "19:00:28", "tweet": "Don't miss our next FREE OPTION TRADE.  Sign up for our Daily Free Trades at  https://t.co/kPQThnDdkj $NVDA $TSLA $GS $C $WFC $GOOGL $FB", "likes_count": 0, "replies_count": 0, "retweets_count": 0, "hashtags": []}
{"id": 1269403754660532224, "date": "2020-06-06", "time": "19:00:14", "tweet": "Option Block Trades: How to Detect an Unusual Trade Size  in stocks like $TSLA $BABA and $BIDU.  https://t.co/g5PSLZtr5B", "likes_count": 0, "replies_count": 1, "retweets_count": 0, "hashtags": []}
{"id": 1269403717649854470, "date": "2020-06-06", "time": "19:00:05", "tweet": "$TSLA running this week.", "likes_count": 5, "replies_count": 0, "retweets_count": 0, "hashtags": []}
{"id": 1269403192850124800, "date": "2020-06-06", "time": "18:58:00", "tweet": "Want free trading instruction?  Follow my You Tube channel for daily stock plays, technical analysis tricks, and stock market banter.   https://t.co/CSL665uOuS  $SPY $FB $TWTR $AAPL $TSLA", "likes_count": 0, "replies_count": 0, "retweets_count": 1, "hashtags": []}
{"id": 1269402762695135232, "date": "2020-06-06", "time": "18:56:17", "tweet": "“Make Money No Matter What, Change your thoughts and you change your world”  —NORMAN VINCENT PEALE   $AMZN $AAPL $AMD $BA $BABA $FB $CRM $DDOG $TGT $GOOGL $ROKU $TSLA $SPX $SPY $TDOC $COST $ZM $GILD $USO $NVDA $ROKU $BYND $SNAP", "likes_count": 0, "replies_count": 0, "retweets_count": 1, "hashtags": []}
{"id": 1269402686895599617, "date": "2020-06-06", "time": "18:55:59", "tweet": "@jdstandifer @RemarkHoldings @SharecareInc $MARK  2021  so so far away. respect your view, probably many said of $SHOP, $ZM, $TSLA... etc. in their early days also. Btw: Under not priced in: Did I not mention the huge potential of huge recurring revenues from licensing, software maintenance buzz word #SaaS comes to mind!", "likes_count": 0, "replies_count": 0, "retweets_count": 0, "hashtags": ["saas"]}
{"id": 1269402137294827520, "date": "2020-06-06", "time": "18:53:48", "tweet": "@BlazeCapital $GLD $TSLA $SYY", "likes_count": 1, "replies_count": 0, "retweets_count": 0, "hashtags": []}
{"id": 1269401524226187265, "date": "2020-06-06", "time": "18:51:22", "tweet": "Life comes at you fast! $TSLA $TSLAQ  https://t.co/lf1AY9hbZ4", "likes_count": 36, "replies_count": 8, "retweets_count": 5, "hashtags": []}
{"id": 1269401248966471680, "date": "2020-06-06", "time": "18:50:16", "tweet": "#Tesla #Model3 becomes best-selling car in the UK for second month in a row!  https://t.co/lTNBBrjv9p $TSLA", "likes_count": 0, "replies_count": 0, "retweets_count": 0, "hashtags": ["tesla", "model3"]}
{"id": 1269400963623731200, "date": "2020-06-06", "time": "18:49:08", "tweet": "papa maybe ventilators are a good business line after all $TSLA", "likes_count": 1, "replies_count": 0, "retweets_count": 0, "hashtags": []}
{"id": 1269399915375009792, "date": "2020-06-06", "time": "18:44:58", "tweet": "Good read for $TSLA investors on uncertainty and probabilities:   https://t.co/4fkLE86lWq", "likes_count": 7, "replies_count": 2, "retweets_count": 1, "hashtags": []}
{"id": 1269397099541659649, "date": "2020-06-06", "time": "18:33:47", "tweet": "Si, senor. Fact check ✅ #Tesla #ElonMusk #SpaceX #PaceOfInnovation $TSLA", "likes_count": 0, "replies_count": 0, "retweets_count": 0, "hashtags": ["tesla", "elonmusk", "spacex", "paceofinnovation"]}
{"id": 1269394742929952769, "date": "2020-06-06", "time": "18:24:25", "tweet": "And I guess I should add the executive compensation table as well. $TSLA  https://t.co/957xCxs7Xb", "likes_count": 3, "replies_count": 0, "retweets_count": 0, "hashtags": []}
{"id": 1269394410963267584, "date": "2020-06-06", "time": "18:23:06", "tweet": "Good afternoon everyone!  If you have a chart request tweet below or want to join private twitter or chatroom, feel free to DM @afortunetrading or check @  https://t.co/xW1lUPHXkF… …  “ $SPX $AAPL $GOOGL $ROKU $TSLA $REGN $SPY $AMZN $IBB $NOW $SHOP $ES “", "likes_count": 2, "replies_count": 8, "retweets_count": 0, "hashtags": []}
{"id": 1269392151043080192, "date": "2020-06-06", "time": "18:14:07", "tweet": "@Mshukla76My Thanks! I saw on their recent investor presentation that Tesla was a customer? Haven’t seen elsewhere tho. $TSLA is light years ahead of other automakers when it comes to its software and CRNC can help them bridge the gap a little.   Any thoughts on the outlook? Exciting pipeline", "likes_count": 0, "replies_count": 0, "retweets_count": 0, "hashtags": []}
{"id": 1269392144722255872, "date": "2020-06-06", "time": "18:14:06", "tweet": "Let's look through some of $TSLA financials.  Only Toyota valued more highly among carmakers (though you wouldn't know it from sales/revenue/income/etc.).  Vast majority of cash flow comes from financing as opposed to actual operations. ~2 billsky in debt maturing annually.  https://t.co/vE1dKnpt3Y", "likes_count": 4, "replies_count": 3, "retweets_count": 2, "hashtags": []}
{"id": 1269390635158700033, "date": "2020-06-06", "time": "18:08:06", "tweet": "$TSLA 111% arriba en el año y me dan ganas de seguir entrando..  $QQQ $XLK $NDX", "likes_count": 1, "replies_count": 0, "retweets_count": 1, "hashtags": []}
{"id": 1269389904590581762, "date": "2020-06-06", "time": "18:05:12", "tweet": "@richard_chu97 Yes know about this company, their products well. Good call! I wish $tsla $nkla $nio start using this company. Voice control is growth industry and $nuan might break as well considering heavy use in healthcare.", "likes_count": 1, "replies_count": 2, "retweets_count": 0, "hashtags": []}
{"id": 1269389884474654720, "date": "2020-06-06", "time": "18:05:07", "tweet": "@InsideEVs They need to recall and respray the pieces of junk. A pair of bloody mudflaps!!! $TSLA are a joke $TSLAQ", "likes_count": 1, "replies_count": 0, "retweets_count": 1, "hashtags": []}
{"id": 1269389028400529408, "date": "2020-06-06", "time": "18:01:43", "tweet": "Ripley's 6/6/2020 Updated #TrueMarketLeader List:   $DXCM $TSLA $TWLO $NVDA $CHGG $LVGO $DOCU $COUP $SHOP $ZM $DDOG $BYND $CRWD $ZS $IPHI  https://t.co/Md5VwdMjN3", "likes_count": 124, "replies_count": 7, "retweets_count": 11, "hashtags": ["truemarketleader"]}
{"id": 1269389015465299972, "date": "2020-06-06", "time": "18:01:40", "tweet": "Unlimited Demand!  $TSLA", "likes_count": 5, "replies_count": 0, "retweets_count": 1, "hashtags": []}
{"id": 1269388848775204865, "date": "2020-06-06", "time": "18:01:00", "tweet": "@Stephanie_Link $TSLA is the most underVALUEd stock.", "likes_count": 12, "replies_count": 1, "retweets_count": 0, "hashtags": []}
{"id": 1269388525805412352, "date": "2020-06-06", "time": "17:59:43", "tweet": "@Official_Rich_H @InsideEVs Because $tsla's are poorly built cars and as we know with the Model 3 appalingly bad paintwork, subject to a class action lawsuit, and then we have the HW 3 debacle with cars shipped with HW2.5", "likes_count": 0, "replies_count": 0, "retweets_count": 0, "hashtags": []}
{"id": 1269388441869000704, "date": "2020-06-06", "time": "17:59:23", "tweet": "Watch List: $TWLO, $SHOP, $BAND, $DDOG, $TSLA, $AMD, $DXCM, $CHGG, $BYND  Earnings WL: $COUP, $CHWY  Good luck this week everyone!   🦆 🐕", "likes_count": 143, "replies_count": 6, "retweets_count": 11, "hashtags": []}
{"id": 1269388192819511296, "date": "2020-06-06", "time": "17:58:23", "tweet": "Looks like any college from the community through Ivy League if you ask me   $btc $oxt $tsla $ampe", "likes_count": 5, "replies_count": 0, "retweets_count": 0, "hashtags": []}
{"id": 1269386542751059974, "date": "2020-06-06", "time": "17:51:50", "tweet": "$TSLA  new alert at  https://t.co/A7qrDarJHY  #stocks #daytrading  #NYSE #NASDAQ #market 2109", "likes_count": 0, "replies_count": 0, "retweets_count": 0, "hashtags": ["stocks", "daytrading", "nyse", "nasdaq", "market"]}
{"id": 1269386076126433280, "date": "2020-06-06", "time": "17:49:59", "tweet": "$TSLA  Getting ready for a long range journey?   Is that a balloon breakout yet on that raindrop candle on @trendspider ? Things seem to be heating up   https://t.co/whpWHggSaW", "likes_count": 3, "replies_count": 0, "retweets_count": 1, "hashtags": []}
{"id": 1269385419881398272, "date": "2020-06-06", "time": "17:47:22", "tweet": "@DennisLyrintzis Very smart thoughts $TSLA $SPCE this thing is going to fly Soon", "likes_count": 1, "replies_count": 0, "retweets_count": 0, "hashtags": []}
{"id": 1269385399341854720, "date": "2020-06-06", "time": "17:47:17", "tweet": "STOCKS TO TRADE $APPL $BA $BABA $TSLA $OXY $BYND $SHOP $ROKU $CGC PLUS M...  https://t.co/1k6pU1GLCb", "likes_count": 10, "replies_count": 0, "retweets_count": 4, "hashtags": []}
{"id": 1269384553191227392, "date": "2020-06-06", "time": "17:43:56", "tweet": "My boy’s trying to convince me that the cigarillo wrapper I found outside in my front courtyard is the world’s largest Capri Sun straw wrapper 🤦‍♂️  $btc $oxt $tsla $ampe", "likes_count": 12, "replies_count": 2, "retweets_count": 0, "hashtags": []}
{"id": 1269384334949191680, "date": "2020-06-06", "time": "17:43:04", "tweet": "Tesla’s Model Y Crossover is the World’s Best Car $TSLA  https://t.co/mhEf7dQJsM", "likes_count": 0, "replies_count": 0, "retweets_count": 0, "hashtags": []}
{"id": 1269383439691677699, "date": "2020-06-06", "time": "17:39:30", "tweet": "via TheEconomist: Elon Musk's SpaceX has already made a deal to fly a Japanese billionaire around the Moon once its next spacecraft, Starship, is ready  https://t.co/zV7gycxJxW $tsla", "likes_count": 0, "replies_count": 0, "retweets_count": 0, "hashtags": []}
{"id": 1269383197231591432, "date": "2020-06-06", "time": "17:38:32", "tweet": "BidaskClub Lowers Tesla $TSLA to Buy  https://t.co/RrBUk9UFv1 #markets", "likes_count": 0, "replies_count": 0, "retweets_count": 0, "hashtags": ["markets"]}
{"id": 1269381225300594697, "date": "2020-06-06", "time": "17:30:42", "tweet": "Next week you have to watch close $TSLA $NFLX $AMZN", "likes_count": 1, "replies_count": 0, "retweets_count": 1, "hashtags": []}
{"id": 1269380778015764481, "date": "2020-06-06", "time": "17:28:56", "tweet": "My preliminary list for this weekend’s Top 10 Report including $AMD $BABA $CRWD $FB $NOW $TSLA $BYND  https://t.co/ucVv5vg359", "likes_count": 135, "replies_count": 14, "retweets_count": 18, "hashtags": []}
{"id": 1269380756473819139, "date": "2020-06-06", "time": "17:28:50", "tweet": "#GlovisComposer has just arrived in South Korea  #1 ship in Q2 (#1 for AP) #70 ship since Jan 2019  $TSLA #Tesla #Model3 #TeslaCarriers  https://t.co/AIr2qLq95e  https://t.co/iOu39TGQ10", "likes_count": 4, "replies_count": 1, "retweets_count": 0, "hashtags": ["gloviscomposer", "tesla", "model3", "teslacarriers"]}
{"id": 1269377183526670336, "date": "2020-06-06", "time": "17:14:39", "tweet": "@CNBC has been a joke this entire market cycle.  Pumping every fraud from $TSLA to Theranos.  Never questioning the Fed and the long term damage they are causing.  And asking for mommy JPow on every 10% pullback.", "likes_count": 0, "replies_count": 0, "retweets_count": 0, "hashtags": []}
{"id": 1269376036992454656, "date": "2020-06-06", "time": "17:10:05", "tweet": "@BlazeCapital $TSLA - $BABA", "likes_count": 1, "replies_count": 0, "retweets_count": 0, "hashtags": []}
{"id": 1269374971345846273, "date": "2020-06-06", "time": "17:05:51", "tweet": ".@elonmusk has been quite brave about speaking freely and pointing out the hypocrisy in the USA....and now I am starting to see the visionary part of him....starting to be a huge fan like the #Millennials &amp; the rest that saw b4 me  #cannabis #CannabisNews #potstocks $TSLA #SpaceX", "likes_count": 2, "replies_count": 0, "retweets_count": 1, "hashtags": ["millennials", "cannabis", "cannabisnews", "potstocks", "spacex"]}
{"id": 1269374876390961156, "date": "2020-06-06", "time": "17:05:29", "tweet": "Monday we’ll be keeping a close eye on $BBBY to short!   $odp $sah $gpi $lad $abg $ba $tsla $spy $spx $qqq $amzn $nvda $mik $dks $gme $prty $amrk  https://t.co/yDxU8rgSBz", "likes_count": 0, "replies_count": 1, "retweets_count": 1, "hashtags": []}
{"id": 1269373942076235778, "date": "2020-06-06", "time": "17:01:46", "tweet": "@EliteOptions2 $TSLA chart for next week.", "likes_count": 0, "replies_count": 0, "retweets_count": 0, "hashtags": []}
