{"id": 1320152790451195904, "date": "2020-10-24", "time": "19:58:47", "tweet": "@dougboneparth Haha!!! The guy that’s betting the under on the World Series Run Line (because he’s “Always” in it) is the same guy shorting $TSLA. 😂", "likes_count": 2, "replies_count": 0, "retweets_count": 0, "hashtags": []}
{"id": 1320150991883374592, "date": "2020-10-24", "time": "19:51:38", "tweet": "Perhaps a little late but here is my Q3 Earnings Analysis:  https://t.co/VQvDxl0HCF $TSLA", "likes_count": 6, "replies_count": 1, "retweets_count": 0, "hashtags": []}
{"id": 1320150794683858944, "date": "2020-10-24", "time": "19:50:51", "tweet": "@jake6573 Even if the actual stock split was a sell signal, Tesla leapt &gt;50% on the stock split announcement. Weird that this was the last catalyst for $TSLA amid all the other news going on.", "likes_count": 0, "replies_count": 1, "retweets_count": 0, "hashtags": []}
{"id": 1320150282446188549, "date": "2020-10-24", "time": "19:48:49", "tweet": "$AAPL $TSLA $MSFT $SPY $AMZN $NVDA $FB $GOOG $DIS $INO $INTC $BAC $JNJ $SQ $SHOP $WMT $V $HD #music #entertainment #musicvideo #listentothis #youtube #musicnews360 #socialmediaradio #themusicofnow  bexey - jawbone  Tune in! --&gt;  https://t.co/O25kYk0ZCI  https://t.co/ail1xA2d28", "likes_count": 0, "replies_count": 0, "retweets_count": 0, "hashtags": ["music", "entertainment", "musicvideo", "listentothis", "youtube", "musicnews360", "socialmediaradio", "themusicofnow"]}
{"id": 1320149860906078214, "date": "2020-10-24", "time": "19:47:08", "tweet": "$tsla $tesla", "likes_count": 0, "replies_count": 0, "retweets_count": 0, "hashtags": []}
{"id": 1320149771441590272, "date": "2020-10-24", "time": "19:46:47", "tweet": "Yes, I named my dog after @elonmusk   Someone had to $TSLA", "likes_count": 0, "replies_count": 0, "retweets_count": 0, "hashtags": []}
{"id": 1320149745038512130, "date": "2020-10-24", "time": "19:46:41", "tweet": "@AlexT18503601 BLANKER.... OHHH DIDN'T DETECT! #FSDBetaIsFraud  $tsla $tslaq  https://t.co/yydezl4EiC", "likes_count": 13, "replies_count": 1, "retweets_count": 1, "hashtags": ["fsdbetaisfraud"]}
{"id": 1320149194699640832, "date": "2020-10-24", "time": "19:44:29", "tweet": "1 million robotaxis by the end of 2020!  $TSLA", "likes_count": 23, "replies_count": 3, "retweets_count": 4, "hashtags": []}
{"id": 1320149052323844096, "date": "2020-10-24", "time": "19:43:55", "tweet": "Tesla (TSLA) S&amp;P 500 Inclusion Could Be Right Around the Corner. Can we get it this time? $TSLA   https://t.co/fybPruNm9d", "likes_count": 1, "replies_count": 1, "retweets_count": 0, "hashtags": []}
{"id": 1320148982044131328, "date": "2020-10-24", "time": "19:43:39", "tweet": "#musicnews360 #indianapolis #oakland #aswan #barka #afyon #kanchipuram #uşak #banjul #londrina #chernihiv #haldwani #zagazig #zihuatanejo #robinhood $AAPL $AMZN $TSLA $ZM #dancehall #dub #hiphop #pop #reggae #cannabis Tune in! --&gt;  https://t.co/Oz8GHpZN5N  https://t.co/cqDY8hkheE", "likes_count": 0, "replies_count": 0, "retweets_count": 0, "hashtags": ["musicnews360", "indianapolis", "oakland", "aswan", "barka", "afyon", "kanchipuram", "uşak", "banjul", "londrina", "chernihiv", "haldwani", "zagazig", "zihuatanejo", "robinhood", "dancehall", "dub", "hiphop", "pop", "reggae", "cannabis"]}
{"id": 1320148455017369600, "date": "2020-10-24", "time": "19:41:33", "tweet": "@AlexT18503601 If the ##fsd had a choice it would have rammed through the intersection!  #FSDBetaisFRAUD $tsla $tslaq  https://t.co/45Re9odu8A", "likes_count": 15, "replies_count": 3, "retweets_count": 4, "hashtags": ["fsd", "fsdbetaisfraud"]}
{"id": 1320148205783363590, "date": "2020-10-24", "time": "19:40:34", "tweet": "When you give her your best pickup line, falls for it, but wants more, as proof.   $SPY $SRNE $ATHX $AMRN $PENN $MFA $DHT $INO $OPK $LK $CCL $SPCE $OXY $WDFC $NCLH $RCL $MRNA $CVE $AAL $HALB $DDTG $TSLA $CHW $ENZC $DOCU $SQ $DAL $AYTU $COUV $BMRA $TTOO $BTC  https://t.co/LCJQzAI6wu", "likes_count": 1, "replies_count": 0, "retweets_count": 2, "hashtags": []}
{"id": 1320144454175608834, "date": "2020-10-24", "time": "19:25:39", "tweet": "Awesome video @casgains!! $TSLA Tesla Just Changed Everything  https://t.co/OGHs3VWPp1 via @YouTube", "likes_count": 0, "replies_count": 0, "retweets_count": 2, "hashtags": []}
{"id": 1320144440711839748, "date": "2020-10-24", "time": "19:25:36", "tweet": "$TSLA loves being at 420", "likes_count": 3, "replies_count": 0, "retweets_count": 0, "hashtags": []}
{"id": 1320144331060224003, "date": "2020-10-24", "time": "19:25:10", "tweet": "$TSLA Daily chart update: Lot of talk about tesla momentum being dead... I don't disagree completely, BUT I'll definitely be watching how this ascending triangle plays out. My realistic gold trendline from last week ended up being too optimistic as well. Updated lines and count👇  https://t.co/PPs6vwpHNR", "likes_count": 0, "replies_count": 0, "retweets_count": 0, "hashtags": []}
{"id": 1320143166742421508, "date": "2020-10-24", "time": "19:20:32", "tweet": "@StockMKTNewz $AAPL, $TSLA, $PENN", "likes_count": 0, "replies_count": 0, "retweets_count": 0, "hashtags": []}
{"id": 1320143129152901120, "date": "2020-10-24", "time": "19:20:23", "tweet": "#musicnews360 #indianapolis #oakland #aswan #barka #afyon #kanchipuram #uşak #banjul #londrina #chernihiv #haldwani #zagazig #zihuatanejo #robinhood $AAPL $AMZN $TSLA $ZM #dancehall #dub #hiphop #pop #reggae #cannabis Tune in! --&gt;  https://t.co/Oz8GHpZN5N  https://t.co/fEU8zE2w0s", "likes_count": 0, "replies_count": 0, "retweets_count": 0, "hashtags": ["musicnews360", "indianapolis", "oakland", "aswan", "barka", "afyon", "kanchipuram", "uşak", "banjul", "londrina", "chernihiv", "haldwani", "zagazig", "zihuatanejo", "robinhood", "dancehall", "dub", "hiphop", "pop", "reggae", "cannabis"]}
{"id": 1320141816604360705, "date": "2020-10-24", "time": "19:15:10", "tweet": "$SPAQ $TSLA  https://t.co/5mv5nmbEhu", "likes_count": 0, "replies_count": 0, "retweets_count": 0, "hashtags": []}
{"id": 1320140960483971078, "date": "2020-10-24", "time": "19:11:46", "tweet": "@TESLAcharts @elonmusk True story in a Tesla in Toronto FSD bs my friend w/ his hands off the wheel Trusting Tesla to keep us Safe from harm - $Tsla swerves into an oncoming car on a side road  n my friend yanks wheel steering us away from the crash n my certain manglement or death #FuckTsla", "likes_count": 2, "replies_count": 2, "retweets_count": 0, "hashtags": ["fucktsla"]}
{"id": 1320140924316418049, "date": "2020-10-24", "time": "19:11:38", "tweet": "@faizsays Tesla hit 1 billion autonomous miles driven in 2018, passed the 3 billion mark this year.  Honestly, this just feels like maliciously inaccurate reporting.  You've disclosed your $TSLA short position, right?", "likes_count": 0, "replies_count": 0, "retweets_count": 0, "hashtags": []}
{"id": 1320140296978653185, "date": "2020-10-24", "time": "19:09:08", "tweet": "$TSLA  https://t.co/sER4wtHYqm", "likes_count": 1, "replies_count": 1, "retweets_count": 0, "hashtags": []}
{"id": 1320139376999993350, "date": "2020-10-24", "time": "19:05:29", "tweet": "$TSLA recall", "likes_count": 2, "replies_count": 0, "retweets_count": 0, "hashtags": []}
{"id": 1320139239728779264, "date": "2020-10-24", "time": "19:04:56", "tweet": "Comprehensive market analysis here for the coming week  $SPY $GOOGL $TSLA $FDX $BABA $ZM $DOCU $ROKU $MSFT $GLD $GBTC", "likes_count": 3, "replies_count": 0, "retweets_count": 0, "hashtags": []}
{"id": 1320139203154329602, "date": "2020-10-24", "time": "19:04:47", "tweet": "Many traders are trying to adapt to this market &amp; recently not doing so well  Here are a few tips  trade with a plan  Trade with a set up  Don’t gamble on earnings  Don’t blindly follow Twitter traders  Losses are part of trading  $SPX $TSLA $AMZN $AAPL $FB  $FSLY $DKNG $SNAP  https://t.co/LkN65SruCB", "likes_count": 46, "replies_count": 0, "retweets_count": 1, "hashtags": []}
{"id": 1320138518174154752, "date": "2020-10-24", "time": "19:02:04", "tweet": "#musicnews360 #indianapolis #oakland #aswan #barka #afyon #kanchipuram #uşak #banjul #londrina #chernihiv #haldwani #zagazig #zihuatanejo #robinhood $AAPL $AMZN $TSLA $ZM #dancehall #dub #hiphop #pop #reggae #cannabis Tune in! --&gt;  https://t.co/Oz8GHpZN5N  https://t.co/SumDr56oUd", "likes_count": 0, "replies_count": 0, "retweets_count": 0, "hashtags": ["musicnews360", "indianapolis", "oakland", "aswan", "barka", "afyon", "kanchipuram", "uşak", "banjul", "londrina", "chernihiv", "haldwani", "zagazig", "zihuatanejo", "robinhood", "dancehall", "dub", "hiphop", "pop", "reggae", "cannabis"]}
{"id": 1320138362053742597, "date": "2020-10-24", "time": "19:01:27", "tweet": "@GuyKawasaki I promise. My next car will be electric car and it will be 99.999% $TSLA.", "likes_count": 0, "replies_count": 0, "retweets_count": 0, "hashtags": []}
{"id": 1320138165353545729, "date": "2020-10-24", "time": "19:00:40", "tweet": "It’s about time! $TSLA #TSLA #TESLA", "likes_count": 0, "replies_count": 0, "retweets_count": 0, "hashtags": ["tsla", "tesla"]}
{"id": 1320138015641989120, "date": "2020-10-24", "time": "19:00:04", "tweet": "$TSLA Sentiment is mostly positive right now. News mentions: positive (62), negative (9), neutral (28) Our Sentiment Score: +1.086 (scale of -1.5 to +1.5) Stock alerts, news, and research tools at  https://t.co/Qkw92RLxV8 #daytrading #stocks", "likes_count": 0, "replies_count": 0, "retweets_count": 0, "hashtags": ["daytrading", "stocks"]}
{"id": 1320136917179138048, "date": "2020-10-24", "time": "18:55:42", "tweet": "I'm so long on $tsla I've been buying in my Roth.", "likes_count": 0, "replies_count": 0, "retweets_count": 0, "hashtags": []}
{"id": 1320136467092545536, "date": "2020-10-24", "time": "18:53:55", "tweet": "@squawksquare Maybe Warren Buffett is nibbling on $TSLA to produce better returns for BRK?", "likes_count": 0, "replies_count": 0, "retweets_count": 0, "hashtags": []}
{"id": 1320136372288688134, "date": "2020-10-24", "time": "18:53:32", "tweet": "Now Corruption Story Is About Joe, Not Hunter - WSJ ⁦@nytimesbusiness⁩ ⁦@nytimes⁩ $spx $ndx $aapl $amzn $goog $tsla $nflx #BidenCrimeFamilyExposed   https://t.co/vBBJtiuKI8", "likes_count": 0, "replies_count": 0, "retweets_count": 0, "hashtags": ["bidencrimefamilyexposed"]}
{"id": 1320136328214990850, "date": "2020-10-24", "time": "18:53:22", "tweet": "@elonmusk I love $TSLA but this gets me everytime 🤣  https://t.co/FUNsvm8gsH", "likes_count": 4, "replies_count": 0, "retweets_count": 0, "hashtags": []}
{"id": 1320136258581155841, "date": "2020-10-24", "time": "18:53:05", "tweet": "Tesla Wedge Pattern Breakdown Is Major $TSLA  https://t.co/GzESvayBgX", "likes_count": 0, "replies_count": 0, "retweets_count": 0, "hashtags": []}
{"id": 1320136185436667904, "date": "2020-10-24", "time": "18:52:48", "tweet": "$NIO $TSLA", "likes_count": 8, "replies_count": 0, "retweets_count": 0, "hashtags": []}
{"id": 1320135924009869312, "date": "2020-10-24", "time": "18:51:45", "tweet": "Hunter Biden’s Emails and the Joe Biden Family Syndicate, Explained #CrazyNancy #ChinaJoe ⁦@cnnbrk⁩ $spx $ndx $amzn $aapl $tsla $goog   https://t.co/B0ryWxG3Cq", "likes_count": 0, "replies_count": 1, "retweets_count": 0, "hashtags": ["crazynancy", "chinajoe"]}
{"id": 1320135864517705728, "date": "2020-10-24", "time": "18:51:31", "tweet": "@AlexSalfetnikov @timothysykes Oh I had a huge loss too over $TSLA. Damn @timothysykes gave it back to me. Over 7k+ win on $SPI. Keep it up, Alex!! There are so many people cheering you on your success! I am one of them! 😊💪🏻", "likes_count": 4, "replies_count": 0, "retweets_count": 0, "hashtags": []}
{"id": 1320135162387173381, "date": "2020-10-24", "time": "18:48:44", "tweet": "$NIO $TSLA", "likes_count": 1, "replies_count": 0, "retweets_count": 0, "hashtags": []}
{"id": 1320134924205162496, "date": "2020-10-24", "time": "18:47:47", "tweet": "Trump has denied the science of climate change and reversed more than 70 major environmental regulations during his four years in office, with nearly 30 more in progress. $NIO $TSLA", "likes_count": 4, "replies_count": 1, "retweets_count": 0, "hashtags": []}
{"id": 1320134748833009664, "date": "2020-10-24", "time": "18:47:05", "tweet": "Joe Biden: Climate change is ‘number one issue facing humanity’  Biden, has boasted a $2 trillion plan that invests in clean energy in the transportation, electricity &amp; building industry, cuts fossil fuel emissions and improves infrastructure.   $NIO $TSLA  https://t.co/Y2wTluxHar", "likes_count": 4, "replies_count": 1, "retweets_count": 0, "hashtags": []}
{"id": 1320133854112473093, "date": "2020-10-24", "time": "18:43:32", "tweet": "It seems $tsla doesn't need the SP500 as much as the SP500 needs $tsla. I'm beginning to realise $tsla is an index in itsself why? $TSLA is a conglomerate of many succeeding startups in my opinion. The HVAC technology alone 😳. I won't be surprised if they start building homes🧐", "likes_count": 0, "replies_count": 0, "retweets_count": 0, "hashtags": []}
