{"id": 1307469335011692545, "date": "2020-09-19", "time": "19:59:15", "tweet": "$kodk $ge $wfc $pcg $spy $rig $bac $aapl $sqqq $sava $vxrt $tsla $qqq $wprt $ino $tqqq $zom $ngd $btg  https://t.co/Q2Sr8LbbxP", "likes_count": 1, "replies_count": 0, "retweets_count": 1, "hashtags": []}
{"id": 1307469122339569664, "date": "2020-09-19", "time": "19:58:25", "tweet": "@MelaynaLokosky Yeah that's the point, $GM was happy to play along and take a one-sided deal with free upside to the fraud (after seeing $TSLA go to $500B, why not take the flier, right?). But now that the fraud is public, with DOJ/SEC investigation, that might change the calculus", "likes_count": 1, "replies_count": 1, "retweets_count": 0, "hashtags": []}
{"id": 1307468378156785666, "date": "2020-09-19", "time": "19:55:27", "tweet": "$AAPL $TSLA $MSFT $SPY $AMZN $NVDA $FB $GOOG $DIS $INO $INTC $BAC $JNJ $SQ $SHOP $WMT $V $HD #music #entertainment #musicvideo #listentothis #youtube   Raj Barman | Bawra Man (Official Music Video) 2020 new song  WATCH HERE --&gt;  https://t.co/5tpNuvSm4W  https://t.co/pU9EUx7PMX", "likes_count": 1, "replies_count": 0, "retweets_count": 1, "hashtags": ["music", "entertainment", "musicvideo", "listentothis", "youtube"]}
{"id": 1307468297907195906, "date": "2020-09-19", "time": "19:55:08", "tweet": "Ottima opportunità per concentrarsi sui titoli che meglio resistono a questi drawdown. $TSLA $APPS $SE $NIO $SQ $ZM", "likes_count": 0, "replies_count": 0, "retweets_count": 0, "hashtags": []}
{"id": 1307467865126301701, "date": "2020-09-19", "time": "19:53:25", "tweet": "@WholeMarsBlog @elonmusk 😁 $TSLA", "likes_count": 0, "replies_count": 0, "retweets_count": 0, "hashtags": []}
{"id": 1307467635265867781, "date": "2020-09-19", "time": "19:52:30", "tweet": "Some #Stocks I am currently in on my small account. Swining some holding some. $IPOC $IPOB $SHLL $WKHS $DKNGS $T  $TSLA $PCG $SRNE $CZR $PENN $F $GE $GM $SAM $WMT $DG $APPL $LMPX $MSFT going to add $GNUS monday for a day trade or a temporary swing  #StockMarket  #StocksToTrade", "likes_count": 0, "replies_count": 1, "retweets_count": 0, "hashtags": ["stocks", "stockmarket", "stockstotrade"]}
{"id": 1307467276124409858, "date": "2020-09-19", "time": "19:51:04", "tweet": "#WiadomościRynkowe $AAPL $USO $TSLA $MSFT  https://t.co/Jmgm82KCak", "likes_count": 0, "replies_count": 0, "retweets_count": 0, "hashtags": ["wiadomościrynkowe"]}
{"id": 1307467206293368833, "date": "2020-09-19", "time": "19:50:48", "tweet": "All of $SPY Sept. Darkpools are above us $32,704,440,289 And the biggest two days where Thursday &amp; Friday around $4B  $QQQ $AAPL $TSLA $NFLX $AMD $NVDA", "likes_count": 4, "replies_count": 0, "retweets_count": 3, "hashtags": []}
{"id": 1307467174454472711, "date": "2020-09-19", "time": "19:50:40", "tweet": "For some reason I can’t stop at $ZM and $TSLA charts lol", "likes_count": 11, "replies_count": 0, "retweets_count": 0, "hashtags": []}
{"id": 1307466587386138624, "date": "2020-09-19", "time": "19:48:20", "tweet": "Follow me for these types of heads up 👇🏼👇🏼👇🏼👇🏼👇🏼👇🏼👇🏼👇🏼👇🏼👇🏼  $spy $spx $es $qqq $nq $vxx $tsla $shop $nflx $ba $save $nclh $fb $goog $hd $aapl $amzn", "likes_count": 0, "replies_count": 0, "retweets_count": 1, "hashtags": []}
{"id": 1307466528338644993, "date": "2020-09-19", "time": "19:48:06", "tweet": "Follow me for these types of heads up 👇🏼👇🏼👇🏼👇🏼👇🏼👇🏼👇🏼👇🏼👇🏼👇🏼  $spy $spx $es $qqq $nq $vxx $tsla $shop $nflx $ba $save $nclh $fb $goog $hd $aapl $amzn", "likes_count": 0, "replies_count": 0, "retweets_count": 1, "hashtags": []}
{"id": 1307466389293330434, "date": "2020-09-19", "time": "19:47:33", "tweet": "2019 U.S. Battery Electric Vehicle Sales (🚘 = 5k sold, rounded to nearest 5k)  Model 3 🚘🚘🚘🚘🚘🚘🚘🚘🚘🚘🚘🚘🚘🚘🚘🚘🚘🚘🚘🚘🚘🚘🚘🚘🚘🚘🚘🚘🚘🚘🚘🚘 Model X 🚘🚘🚘🚘 Model S 🚘🚘🚘 Bolt 🚘🚘🚘 Leaf 🚘🚘 e-Golf 🚘 IPace 🚘 Etron 🚘 i3 🚘 (all others &lt; 2,500)  $TSLA @elonmusk", "likes_count": 2632, "replies_count": 52, "retweets_count": 201, "hashtags": []}
{"id": 1307466055548272641, "date": "2020-09-19", "time": "19:46:13", "tweet": "Follow me for these types of heads up 👇🏼👇🏼👇🏼👇🏼👇🏼👇🏼👇🏼👇🏼👇🏼👇🏼👇🏼  $spy $spx $es $qqq $nq $vxx $tsla $shop $nflx $ba $save $nclh $fb $goog $hd $aapl $amzn", "likes_count": 0, "replies_count": 0, "retweets_count": 1, "hashtags": []}
{"id": 1307465741558452224, "date": "2020-09-19", "time": "19:44:58", "tweet": "前日比(率) -$(-%) 確定損益 +$6084 -税 含み損益合計(率) +$15742(+23%)  含み損益(率) $QQQ : 10株  : +$187(+7%) $SPYD : 2000株 : +$5540(+10%) $TSLA : 28株 : +$9243(+294%) $UBER : 100株 : +$700(+23%) $HDV :56株 : -$3(-0.07%) $AAPL : 16株 : +$74(+4%)", "likes_count": 8, "replies_count": 1, "retweets_count": 1, "hashtags": []}
{"id": 1307465547773177856, "date": "2020-09-19", "time": "19:44:12", "tweet": "@PandaOptions $ZM $Tsla", "likes_count": 1, "replies_count": 2, "retweets_count": 0, "hashtags": []}
{"id": 1307465510636990464, "date": "2020-09-19", "time": "19:44:03", "tweet": "Called it here too — loaded up on puts for $TSLA $FB $AAPL $GOOG $SPY — resulted in hitting our monthly goal with 10+ days still left to go", "likes_count": 0, "replies_count": 0, "retweets_count": 0, "hashtags": []}
{"id": 1307465390918979586, "date": "2020-09-19", "time": "19:43:35", "tweet": "#BREAKING I already know the price for Tesla on Monday, a great competitive advantage! Sleep well. I surely do. $TSLA", "likes_count": 4, "replies_count": 1, "retweets_count": 0, "hashtags": ["breaking"]}
{"id": 1307464937137082369, "date": "2020-09-19", "time": "19:41:47", "tweet": "@YGLDMETG Waiting to put in an order 55k at 400$ Monday $TSLA", "likes_count": 0, "replies_count": 0, "retweets_count": 0, "hashtags": []}
{"id": 1307464756849258497, "date": "2020-09-19", "time": "19:41:04", "tweet": "@CanadianDivide2 @ChartsWithBret @GenExDividend @ianlopuch @StockTrades_CA @jj_buckner @TheFinnMindset I love all of these name mentioned above.  If you like investing in $TSLA, there is another person to watch on youtube is Chicken Genius Singapore.  Another person I like for Canadian stocks is Griffin Milks.", "likes_count": 3, "replies_count": 0, "retweets_count": 1, "hashtags": []}
{"id": 1307464542939754496, "date": "2020-09-19", "time": "19:40:13", "tweet": "VIDEO watchlist for next week: $SPY $SPX $AAPL $INDU $FB $MSFT $NFLX $TSLA $ORCL $BAC  https://t.co/XYesYlwO6Z", "likes_count": 0, "replies_count": 0, "retweets_count": 0, "hashtags": []}
