{"id": 1358203785030430721, "date": "2021-02-06", "time": "18:59:51", "tweet": "$Alpp subsidiaries $Qca is working alongside the mighty $Tesla $Tsla.🔥🔥 IF $QCA IS A PUBLIC COMPANY'S? $QCA WOULD BE WORTH $5-$10+ PPS RIGHT NOW FOR THE FACT THEY'RE WORKING WITH $TSLA.⬅️ $Alpp is still severely undervalues retailers!:) DON'T LET BEARS RAID YOUR $ALPP SHARES!  https://t.co/jKYpiQDt7e", "likes_count": 9, "replies_count": 0, "retweets_count": 3, "hashtags": []}
{"id": 1358203371841323014, "date": "2021-02-06", "time": "18:58:12", "tweet": "We getting a Biopic? Biography? Either way, great for $TSLA", "likes_count": 1, "replies_count": 0, "retweets_count": 0, "hashtags": []}
{"id": 1358202836446773248, "date": "2021-02-06", "time": "18:56:05", "tweet": "@DDInvesting When you factor in legacy auto corporate net debt, captive auto finance company debt, unfunded pension and OPEB liabilities, obsolete manufacturing capital equipment - $TSLA valuation doesn’t look quite as insane lol", "likes_count": 0, "replies_count": 0, "retweets_count": 0, "hashtags": []}
{"id": 1358202744767713290, "date": "2021-02-06", "time": "18:55:43", "tweet": "@TESLAcharts @LukasLueg Yet Tarpenning says in todays’ @CNBC piece: “The whole thing was wonderful from the beginning to the end.” $tsla", "likes_count": 0, "replies_count": 0, "retweets_count": 0, "hashtags": []}
{"id": 1358202268835807233, "date": "2021-02-06", "time": "18:53:49", "tweet": "Tesla is the company period! Everywhere you go people are talking about Tesla. In bathrooms,closet’s, bars, even to CNBC. Love or hate $tsla we all know the movement is a force with inertia. $tsla to $1000/share #dogecoin @elonmusk @dogecoin", "likes_count": 1, "replies_count": 0, "retweets_count": 1, "hashtags": ["dogecoin"]}
{"id": 1358202024756711424, "date": "2021-02-06", "time": "18:52:51", "tweet": "@SawyerMerritt My moderate estimates for $TSLA  2025: $10T 2030: $40T  But if you give me a shot of premium rum, double both.", "likes_count": 207, "replies_count": 20, "retweets_count": 6, "hashtags": []}
{"id": 1358201988211568640, "date": "2021-02-06", "time": "18:52:42", "tweet": "合計額 $121982 前日比(率) +$(+%) 含み損益合計(率) +$35462(+40%) 年確定損益 +$1153  含み損益(率) $SPYD : 2095株 : +$19274(+35%) $TSLA : 14株 : +$10363(+660%) $UBER : 100株 : +$2846(+94%) $HDV : 308株 : +$2698(+10%) $ABNB : 5株 : +$324(+49%) $AAPL : 15株 : -$42(-2%)", "likes_count": 8, "replies_count": 1, "retweets_count": 0, "hashtags": []}
{"id": 1358201823643992069, "date": "2021-02-06", "time": "18:52:03", "tweet": "@elonmusk Can you tell the story of Miami tunnels and how many @boringcompany bricks you have produced so far? $tsla  https://t.co/sepLx1JZvm", "likes_count": 1, "replies_count": 1, "retweets_count": 0, "hashtags": []}
{"id": 1358201811065307136, "date": "2021-02-06", "time": "18:52:00", "tweet": "#dogecoin going up! Get in now ..plus free stocks. Have over $100 gains with my 6 free stocks so far. Free money #ElonDOGE #DOGE @SnoopDogg @mcuban $mara $riot $gme $amc $nok $clov $brqs $btc $xrp $doge $tsla $gm $idex $phun $oeg $trch $dal $spy $xl $aapl", "likes_count": 3, "replies_count": 0, "retweets_count": 2, "hashtags": ["dogecoin", "elondoge", "doge"]}
{"id": 1358201568894611456, "date": "2021-02-06", "time": "18:51:02", "tweet": " https://t.co/Y9QDFKOJgU * WS = William Shatner 🚀   https://t.co/9xkH8SFBZS *  #StocksToWatch $TSLA   https://t.co/grju0phGeR", "likes_count": 1, "replies_count": 0, "retweets_count": 0, "hashtags": ["stockstowatch"]}
{"id": 1358201180741115906, "date": "2021-02-06", "time": "18:49:30", "tweet": "50 retweets &amp; 100 likes for my Top 3 Stocks for this coming up week. 🔥  $gme $amc $sndl $clov $lqda $nio $tsla #stocks #StocksToWatch   Discord in bio for alerts every single day all day. ❤️", "likes_count": 119, "replies_count": 6, "retweets_count": 53, "hashtags": ["stocks", "stockstowatch"]}
{"id": 1358201157605294083, "date": "2021-02-06", "time": "18:49:24", "tweet": "For folks that think that battery constraint is going to stop $TSLA from being able to achieve meaningful portion of the gigantic TAM, remember what @Tesla was able to achieve in Australia with just 2% of FCAS capacity - it was able to wipe out 55% market share with power of AI.  https://t.co/WoZD6huTFG", "likes_count": 7, "replies_count": 0, "retweets_count": 3, "hashtags": []}
{"id": 1358200961630633984, "date": "2021-02-06", "time": "18:48:38", "tweet": "@lisaleckie @Tesla @elonmusk Sorry for your troubles - not. All the info about $tslaq's crappy QC and service has been freely available on a daily basis on Twitter. Instead being a $tsla virtue-signaler, you could be getting a Mach-E or ID.4 delivered now. When you lie down with dogs, u wake up w/fleas", "likes_count": 6, "replies_count": 0, "retweets_count": 0, "hashtags": []}
{"id": 1358200722618085379, "date": "2021-02-06", "time": "18:47:41", "tweet": "@androsForm Thank you Rish, you still long $TSLA?", "likes_count": 2, "replies_count": 2, "retweets_count": 1, "hashtags": []}
{"id": 1358200657073864704, "date": "2021-02-06", "time": "18:47:25", "tweet": "For those of us looking for the next $AAPL $AMZN $TSLA stock this is important to understand.", "likes_count": 5, "replies_count": 0, "retweets_count": 2, "hashtags": []}
{"id": 1358200395504308229, "date": "2021-02-06", "time": "18:46:23", "tweet": "@SawyerMerritt I’ll bite on $TSLA predictions    📍2025  $3500    📍2030  $10000  I’m just thinking quick multiples here.   (This is without merging with SpaceX)  I wanna hear ppl thought processes", "likes_count": 8, "replies_count": 1, "retweets_count": 2, "hashtags": []}
{"id": 1358200301069680640, "date": "2021-02-06", "time": "18:46:00", "tweet": "@ray4tesla Nowadays there are a lot of BS going around $TSLA, especially a lot of #TeslaBShorts losers.", "likes_count": 1, "replies_count": 0, "retweets_count": 1, "hashtags": ["teslabshorts"]}
{"id": 1358199829961330689, "date": "2021-02-06", "time": "18:44:08", "tweet": "$ENZC  Seeing more than a few people dumping $TSLA to join our team!!!  https://t.co/AVvybblS1K", "likes_count": 10, "replies_count": 3, "retweets_count": 0, "hashtags": []}
{"id": 1358199714647322631, "date": "2021-02-06", "time": "18:43:40", "tweet": "@elonmusk I think the story of \"the doge\" is what everyone wants to hear... $TSLA is already 850 bucks kets get the doge their next.. #power 2 the people!", "likes_count": 1, "replies_count": 0, "retweets_count": 1, "hashtags": ["power"]}
{"id": 1358198901577289729, "date": "2021-02-06", "time": "18:40:26", "tweet": "@SnoopDogg @miakhalifa @frankiemuniz @elonmusk #dogecoin #dogearmy @souljaboy #ElonDOGE #DOGE #dogecoin #Bitcoin $mara $riot $brqs $idex $tsla $gme $amc $nok $spy $dal $luv $aal $trch  Dogecoin is head to the moon fast! 🚀🚀🚀🚀🪙🐕🐕🐕 #SNOOPDOGE", "likes_count": 6, "replies_count": 1, "retweets_count": 3, "hashtags": ["dogecoin", "dogearmy", "elondoge", "doge", "dogecoin", "bitcoin", "snoopdoge"]}
{"id": 1358198883520679937, "date": "2021-02-06", "time": "18:40:22", "tweet": "おはようございます🙂  ✅先週の $TSLA   1/29 793.53              👇 +58.70↗️+7.40%  2/5   852.23  $TSLA 調整後？の回復は早かった👍  ２月も上昇トレンドが続くのか､､､🧐  5%上がればそれでいいのです↗️  そうすれば6年後には億り人😆  今週もよろしくお願いします😊", "likes_count": 2, "replies_count": 0, "retweets_count": 0, "hashtags": []}
{"id": 1358198816097390593, "date": "2021-02-06", "time": "18:40:06", "tweet": "#DogecoinToTheMoon $tsla to $1000/share #dogecoin  https://t.co/MMe6RhdKRt", "likes_count": 3, "replies_count": 0, "retweets_count": 1, "hashtags": ["dogecointothemoon", "dogecoin"]}
{"id": 1358198789727739908, "date": "2021-02-06", "time": "18:40:00", "tweet": "$TCOM from 2 weeks ago ripping full force! Members were told to size down to allow the wiggle room for the secondary stop...Held, based and RIPPED!    https://t.co/wb99slhrsM  $SPY $QQQ $IWM $AAPL $AMZN $TSLA #stocktrading⁣ #swingtrader #Daytrader #DayTrading #OptionsTrading  https://t.co/TVwpMzaFjP", "likes_count": 1, "replies_count": 0, "retweets_count": 0, "hashtags": ["stocktrading", "swingtrader", "daytrader", "daytrading", "optionstrading"]}
{"id": 1358198691962773509, "date": "2021-02-06", "time": "18:39:36", "tweet": "Tesla Twitter &amp; YT are largely responsible for providing me with accurate information which afforded me the confidence to invest in $TSLA all-in  Super grateful for the Tesla community 🤗", "likes_count": 606, "replies_count": 32, "retweets_count": 37, "hashtags": []}
{"id": 1358198628679114755, "date": "2021-02-06", "time": "18:39:21", "tweet": "The stages of a bubble. @stoolpresidente @joebiden $aapl $tsla $pltr $amzn $dkng @jimcramer $msft $fb $jpm $goog $csco $ba $jpm $nflx $nio $nkla $dis $ge $ibm $goog $nvda  $fb $aapl $gme @BearingtonTrade @AdamMancini4  https://t.co/JlBuOt4Lhb", "likes_count": 3, "replies_count": 0, "retweets_count": 0, "hashtags": []}
{"id": 1358198258435317763, "date": "2021-02-06", "time": "18:37:53", "tweet": "What stage are we at? @stoolpresidente @joebiden $aapl $tsla $pltr $amzn $dkng @jimcramer $msft $fb $jpm $goog $csco $ba $jpm $nflx $nio $nkla $dis $ge $ibm $goog $nvda  $fb $aapl $gme @BearingtonTrade @AdamMancini4 @Quarry_Rock @no_pullbacks", "likes_count": 2, "replies_count": 1, "retweets_count": 0, "hashtags": []}
{"id": 1358198225400975361, "date": "2021-02-06", "time": "18:37:45", "tweet": "@SawyerMerritt 2025 - $7000 2030 - $11000  $TSLA to become the first $10 trillion company by 2030", "likes_count": 4, "replies_count": 0, "retweets_count": 0, "hashtags": []}
{"id": 1358198083176267777, "date": "2021-02-06", "time": "18:37:11", "tweet": "Pretty much $TSLA $NIO $CCIV  https://t.co/xjm6TQeM7A", "likes_count": 4, "replies_count": 0, "retweets_count": 1, "hashtags": []}
{"id": 1358197714283073538, "date": "2021-02-06", "time": "18:35:43", "tweet": "@HalloFeld @BastronR @AdamHoov #notacult $tsla going to $8000/share", "likes_count": 0, "replies_count": 0, "retweets_count": 0, "hashtags": ["notacult"]}
{"id": 1358197666161827842, "date": "2021-02-06", "time": "18:35:32", "tweet": "@SawyerMerritt Possibly Yes !!!   Space Exploration is a trillion dollar market. That’s the unique selling point for $tsla   Renewables &amp; the upcoming energy transition is also a big market.   In Elon We Trust !!!", "likes_count": 6, "replies_count": 3, "retweets_count": 0, "hashtags": []}
{"id": 1358197647300046848, "date": "2021-02-06", "time": "18:35:27", "tweet": "@Kristennetten I would rather buy the Model 3 and only be allowed to drive it for 1 day a year than buy a Chevy Bolt. I'm so looking forward to ordering my Berlin Model Y. Will be taking a 3.99% Tesla loan because I'm not selling any of my 624 $TSLA", "likes_count": 2, "replies_count": 0, "retweets_count": 0, "hashtags": []}
{"id": 1358197455410528256, "date": "2021-02-06", "time": "18:34:42", "tweet": "$OZSC Contracts with the military AND $TSLA? No brainer under 0.20. Management updates frequently!", "likes_count": 12, "replies_count": 0, "retweets_count": 4, "hashtags": []}
{"id": 1358197155291357192, "date": "2021-02-06", "time": "18:33:30", "tweet": "@SawyerMerritt 2025: $4000 2030: $12000  $TSLA Will continue to split stock to stay under $1500 per share", "likes_count": 35, "replies_count": 0, "retweets_count": 2, "hashtags": []}
{"id": 1358196934931083265, "date": "2021-02-06", "time": "18:32:38", "tweet": "$TSLA ARK社のPrice targetは2024年までに$7,000に更新されてたのね。 ブルケースだと$ 15,000以上 ベアケースでも$ 1,500以下  Robotaxi実現するか否かで状況が変わりそうやけど、Robotaxiは実現すると思ってるので、$7,000以上は硬いかな〜なんて思うてます。 Holdですね。   https://t.co/KzyfDmdXWX", "likes_count": 1, "replies_count": 0, "retweets_count": 0, "hashtags": []}
{"id": 1358196847509176328, "date": "2021-02-06", "time": "18:32:17", "tweet": "⁦@elonmusk⁩  you agree? $TSLA ⁦@Tesla⁩   https://t.co/7nIeukW1oD", "likes_count": 0, "replies_count": 0, "retweets_count": 0, "hashtags": []}
{"id": 1358196700368822275, "date": "2021-02-06", "time": "18:31:42", "tweet": "@SnoopDogg @elonmusk $tsla to $1000/share #dogecoin  https://t.co/Z2TPI3sLho", "likes_count": 3, "replies_count": 0, "retweets_count": 1, "hashtags": ["dogecoin"]}
{"id": 1358196537554313218, "date": "2021-02-06", "time": "18:31:03", "tweet": "It's Saturday night, Tesla news is slow so let's have some fun. What are your 2025 and 2030 $TSLA price target predictions? 😜🤪", "likes_count": 434, "replies_count": 144, "retweets_count": 18, "hashtags": []}
{"id": 1358196512627384323, "date": "2021-02-06", "time": "18:30:57", "tweet": "$TSLA $TSLAQ   #Tesla #California  https://t.co/OogrMjia8X", "likes_count": 4, "replies_count": 0, "retweets_count": 1, "hashtags": ["tesla", "california"]}
{"id": 1358196422357704710, "date": "2021-02-06", "time": "18:30:35", "tweet": "$tsla to $1000/share #dogecoin  https://t.co/AbW3c9Ojnn", "likes_count": 3, "replies_count": 0, "retweets_count": 1, "hashtags": ["dogecoin"]}
{"id": 1358196212894224385, "date": "2021-02-06", "time": "18:29:45", "tweet": "Cult leaders don’t make you do anything. Yet strangely they do, nonetheless. $tsla", "likes_count": 0, "replies_count": 0, "retweets_count": 0, "hashtags": []}
