{"id": 1360740476236791809, "date": "2021-02-13", "time": "18:59:45", "tweet": "GOAT TRADERS: @MandoTrading @GroguTrades @HeffernansSpacs @BartSimpstock @SkipTradeless @chewbacatrading   If you like money, follow💰💸  $nakd $cciv $sndl $clov $crbp $visl $trch $ipoe $ipof $tsla $aapl $regi $csnp", "likes_count": 10, "replies_count": 0, "retweets_count": 2, "hashtags": []}
{"id": 1360740278617874433, "date": "2021-02-13", "time": "18:58:58", "tweet": "@elonmusk Hey #NancyPelosi &amp; @RepAOC why is it that if anyone (Gen. #Flynn) or anyone in Trump Admin has comms w/Russians, is treasonous, but TESLA Elon can suck up to #Putin on Twitter, GO BUILD HIS CARS IN CHINA 🉐🇨🇳 &amp; of course troll heavy on #GameStop stock &amp; $tsla/ violate clearance?", "likes_count": 0, "replies_count": 0, "retweets_count": 0, "hashtags": ["nancypelosi", "flynn", "putin", "gamestop"]}
{"id": 1360740057020129285, "date": "2021-02-13", "time": "18:58:05", "tweet": "$TSLA   Tesla to set up electric car manufacturing unit in southern India   https://t.co/Q5A0QfsroE", "likes_count": 72, "replies_count": 2, "retweets_count": 6, "hashtags": []}
{"id": 1360739905756872710, "date": "2021-02-13", "time": "18:57:29", "tweet": "@PatrickBaitman3 You’re a brave man with your $tsla puts", "likes_count": 1, "replies_count": 2, "retweets_count": 0, "hashtags": []}
{"id": 1360739729751343110, "date": "2021-02-13", "time": "18:56:47", "tweet": "@alexf1127 $TSLA will 1000% split again", "likes_count": 7, "replies_count": 1, "retweets_count": 0, "hashtags": []}
{"id": 1360739533977886720, "date": "2021-02-13", "time": "18:56:00", "tweet": "@DCDOWORK Ignoring timing. The probability of $NIO going from 60 to 30 is way more and the probability of $TSLA going from 800 to 1600. Life is a game of probabilities. Timing is for fools...", "likes_count": 0, "replies_count": 1, "retweets_count": 0, "hashtags": []}
{"id": 1360739159317438469, "date": "2021-02-13", "time": "18:54:31", "tweet": "🤣🤣🤣🤣🤣🤣🤣🤣🤣 $TSLA   https://t.co/2myc6AUIbe", "likes_count": 61, "replies_count": 16, "retweets_count": 6, "hashtags": []}
{"id": 1360738939196342275, "date": "2021-02-13", "time": "18:53:39", "tweet": "@rjparkerjr09 In parallel, you might also endure a long waiting period (of open losses and/or volatility) before the idea works. Recent qualifiers: $MU $EDIT $TSLA $NTLA $CRWD", "likes_count": 1, "replies_count": 0, "retweets_count": 0, "hashtags": []}
{"id": 1360738679006892037, "date": "2021-02-13", "time": "18:52:37", "tweet": "Two exponential curves:  U.S. COVID vaccination doses/100 ppl $TSLA annual revenues  https://t.co/IQPe7vzWLq", "likes_count": 7, "replies_count": 0, "retweets_count": 0, "hashtags": []}
{"id": 1360738613206654978, "date": "2021-02-13", "time": "18:52:21", "tweet": "@JMerrittG819 Sounds like you’re a ride or die with $TSLA.", "likes_count": 1, "replies_count": 0, "retweets_count": 0, "hashtags": []}
{"id": 1360738465688686592, "date": "2021-02-13", "time": "18:51:46", "tweet": "@bird_investor 販路とブランディングでは、現時点で $TSLA $NIO は抜け出るかも知れませんね🐣 新興EVメーカーや既存の自動車メーカーがどう対抗してくるのか注目してます🐣", "likes_count": 1, "replies_count": 1, "retweets_count": 0, "hashtags": []}
{"id": 1360738393806807043, "date": "2021-02-13", "time": "18:51:29", "tweet": "Explain $tsla", "likes_count": 4, "replies_count": 0, "retweets_count": 0, "hashtags": []}
{"id": 1360738365084037121, "date": "2021-02-13", "time": "18:51:22", "tweet": "EV space in one shot $CCIV $TSLA $NIO $LI $XPEV  https://t.co/G0L7JkPIZL", "likes_count": 5, "replies_count": 0, "retweets_count": 0, "hashtags": []}
{"id": 1360738243499724802, "date": "2021-02-13", "time": "18:50:53", "tweet": "@GrHarold Una empresa que ha hecho varias veces +100%. Por ejemplo un +500-700% . Tipo $FUTU este año , $TSLA el año pasado . Etc etc", "likes_count": 0, "replies_count": 1, "retweets_count": 0, "hashtags": []}
{"id": 1360738121298685961, "date": "2021-02-13", "time": "18:50:24", "tweet": "75% Chance I sell $30,000 worth of $TSLA on Tuesday for another 500 shares of $NIO 5,000 shares is the perfect amount for me. Yes or No?", "likes_count": 172, "replies_count": 63, "retweets_count": 6, "hashtags": []}
{"id": 1360737659908476937, "date": "2021-02-13", "time": "18:48:34", "tweet": "@BarbaraCormac They can pry my $TSLA shares from my cold, dead hands.", "likes_count": 1, "replies_count": 0, "retweets_count": 0, "hashtags": []}
{"id": 1360737564290932736, "date": "2021-02-13", "time": "18:48:11", "tweet": "@Fact 1️⃣ Own #Bitcoin  2️⃣ Own #Ethereum 3️⃣ Own #Litecoin 4️⃣ Own #Dogecoin 5️⃣ Own more #BTC 6️⃣ Have a nice smile 7️⃣ Have some personality 8️⃣ Hit the gym 5x a week 9️⃣ Own any form of #Tesla car &amp; own some $TSLA shares  Guaranteed to make you a solid 9.999/10 🚀", "likes_count": 5, "replies_count": 1, "retweets_count": 0, "hashtags": ["bitcoin", "ethereum", "litecoin", "dogecoin", "btc", "tesla"]}
{"id": 1360737560985800705, "date": "2021-02-13", "time": "18:48:10", "tweet": "@spac_zilla $TSLA makes a boat load of $$ selling their carbon credits. How do you get companies to reduce their carbon footprint if they can just buy the credits? Serious question.", "likes_count": 2, "replies_count": 2, "retweets_count": 0, "hashtags": []}
{"id": 1360737280025972737, "date": "2021-02-13", "time": "18:47:03", "tweet": "@SawyerMerritt What I've made since 2019, I could've ordered 8 MY's and paid cash, so go $TSLA!", "likes_count": 3, "replies_count": 0, "retweets_count": 1, "hashtags": []}
{"id": 1360737217870663682, "date": "2021-02-13", "time": "18:46:48", "tweet": "The single greatest investment in our lifetime #bitcoin $TSLA is number two.", "likes_count": 2, "replies_count": 0, "retweets_count": 0, "hashtags": ["bitcoin"]}
{"id": 1360736849770278920, "date": "2021-02-13", "time": "18:45:20", "tweet": "💰📈 Yay, it works!  🎚 You can now adjust the S&amp;P500, ^DJI, $TSLA, $BTC and more by the current US dollar money supply (M1 and M2) to see live inflation in the stock markets on  https://t.co/LX0xjAwqrV  🔴 M1-adj real price 🟢 list price  Let me know what you think ☺️  https://t.co/WR4ciZB7ei", "likes_count": 104, "replies_count": 10, "retweets_count": 8, "hashtags": []}
{"id": 1360736675618512901, "date": "2021-02-13", "time": "18:44:39", "tweet": "$TSLA bulls who are also $FSR bears’ reasoning in a nutshell:  $XL $HYLN $CCIV $NGA $GIK $NIO $XPEV $LI $GOEV $ACTC $GP $RIDE $NKLA $SOLO $KNDI $AYRO $FUV  https://t.co/wFrh9rDGW7", "likes_count": 7, "replies_count": 2, "retweets_count": 1, "hashtags": []}
{"id": 1360736270754979840, "date": "2021-02-13", "time": "18:43:02", "tweet": "I like following Baillie Gifford's portfolio additions as they've got a great view investing in trends - look at their early investments in $TSLA and $NIO.  Two additions that reinforce my view this qtr:  $NET and $SLV?!  https://t.co/6SSHCC9Qsn", "likes_count": 0, "replies_count": 0, "retweets_count": 0, "hashtags": []}
{"id": 1360735612488216578, "date": "2021-02-13", "time": "18:40:25", "tweet": "$tsla $1000", "likes_count": 0, "replies_count": 0, "retweets_count": 0, "hashtags": []}
{"id": 1360735444259008515, "date": "2021-02-13", "time": "18:39:45", "tweet": "I did this week's ago with the same thought in mind. Just not quite half of my position in $TSLA but close.", "likes_count": 1, "replies_count": 0, "retweets_count": 0, "hashtags": []}
{"id": 1360735401749737480, "date": "2021-02-13", "time": "18:39:35", "tweet": "#idexfamily @ideanomicshq @elonmusk @alf_poor , Mr. Elon Musk please make your $tsla ‘s sister $idex $50 per share and make a deal with them or make a spac to help them build a company like yours. Thank you! Ufff..ufff", "likes_count": 0, "replies_count": 0, "retweets_count": 0, "hashtags": ["idexfamily"]}
{"id": 1360735380711108629, "date": "2021-02-13", "time": "18:39:30", "tweet": "@russian_market @elonmusk #ESG at $TSLA seems not to notice that #Bitcoin runs on dirty coal", "likes_count": 2, "replies_count": 3, "retweets_count": 0, "hashtags": ["esg", "bitcoin"]}
{"id": 1360735171620732928, "date": "2021-02-13", "time": "18:38:40", "tweet": "@StockPrinter $TSLA will be a $T or two stock &amp; $EH is looking for 1/10 or 5% of it. Given the estimate of $1.5T TAM for UAM by 2040, all is possible.", "likes_count": 3, "replies_count": 1, "retweets_count": 0, "hashtags": []}
{"id": 1360734991823613955, "date": "2021-02-13", "time": "18:37:57", "tweet": "@BarbaraCormac Who needs Lemonade when you've got $TSLA as your portfolio cornerstone 💎", "likes_count": 0, "replies_count": 0, "retweets_count": 0, "hashtags": []}
{"id": 1360734512985047042, "date": "2021-02-13", "time": "18:36:03", "tweet": "What!!  #Tesla stock is crashing?   https://t.co/7CBuGY1X1l  #investing $tesla #TSLA $tsla #StocksToWatch #StocksToBuy  https://t.co/rL8DPHTkYk", "likes_count": 1, "replies_count": 1, "retweets_count": 0, "hashtags": ["tesla", "investing", "tsla", "stockstowatch", "stockstobuy"]}
{"id": 1360734503174615042, "date": "2021-02-13", "time": "18:36:01", "tweet": "$TSLA", "likes_count": 0, "replies_count": 0, "retweets_count": 0, "hashtags": []}
{"id": 1360734130451992581, "date": "2021-02-13", "time": "18:34:32", "tweet": "@RetirementRight Whenever I see those tickers, all I see is buy more $TSLA and #bitcoins", "likes_count": 0, "replies_count": 0, "retweets_count": 0, "hashtags": ["bitcoins"]}
{"id": 1360734049464156162, "date": "2021-02-13", "time": "18:34:13", "tweet": "@RobertDurant7  From $GME $AMC $TSLA $TLRY to #Shipping stocks $DSX $TOPS $SHIP $NAT on Soaring rates and Port Congestion @stoolpresidente", "likes_count": 4, "replies_count": 0, "retweets_count": 1, "hashtags": ["shipping"]}
{"id": 1360733915619721221, "date": "2021-02-13", "time": "18:33:41", "tweet": "$AMBL Good Lithium Play Exploration, Mining, Extraction, and RECYCLING of battery metals. They also had good permit news in Dec 2020 for their mines. Selected for $4.5M Grant by DOE. Look at the 1 month chart! #ev #ElectricVehicles $TSLA $CCIV $NIO $LI #ElonMusk #Lithium  https://t.co/CnVEv4O02q", "likes_count": 0, "replies_count": 0, "retweets_count": 1, "hashtags": ["ev", "electricvehicles", "elonmusk", "lithium"]}
{"id": 1360733322167615494, "date": "2021-02-13", "time": "18:31:19", "tweet": "I’ll take things that won’t end well for $1,000, Alex. $tsla", "likes_count": 3, "replies_count": 0, "retweets_count": 0, "hashtags": []}
{"id": 1360733197101719553, "date": "2021-02-13", "time": "18:30:50", "tweet": "@LuoshengPeng $tsla has Elon. Elon accounts for at least 50% of the valuation.   If something were to happen to him (god forbid), $tsla would be worth less than half what it is now.  $EH doesn’t have an Elon to take it to $100b+ but $50b is plausible if current market trajectory continues.", "likes_count": 0, "replies_count": 1, "retweets_count": 0, "hashtags": []}
{"id": 1360733060300484610, "date": "2021-02-13", "time": "18:30:17", "tweet": "Do you want the ability to permissionlessly take on-chain positions in Tesla stock on a fractional and 24/7 basis? Check out Synthetix’s new TSLA staking opportunity for yield farmers. 80/20 sUSD/sTSLA #Synthetix #DeFi $TSLA #Tesla #sTSLA #derivatives #DeFiNews", "likes_count": 0, "replies_count": 0, "retweets_count": 1, "hashtags": ["synthetix", "defi", "tesla", "stsla", "derivatives", "definews"]}
{"id": 1360733017388449792, "date": "2021-02-13", "time": "18:30:07", "tweet": "@SawyerMerritt Then why do you tweet about $TSLA share price every two seconds at odd hours of the night? 🥴  @TeslaPodcast rarely talks about share price &amp; even less about the deranged list of SP “catalysts” for the next 30 seconds, like @garyblack00 does🤦🏻‍♂️.   Watch &amp; learn from the best.", "likes_count": 2, "replies_count": 15, "retweets_count": 1, "hashtags": []}
