{"id": 1370887341510828033, "date": "2021-03-13", "time": "18:59:46", "tweet": "Funny because 692 is where it is now Cept it’s really 3400😂 $tsla", "likes_count": 0, "replies_count": 0, "retweets_count": 0, "hashtags": []}
{"id": 1370887295084032001, "date": "2021-03-13", "time": "18:59:35", "tweet": "A while ago, I sold all my stock (except $AAPL &amp; $TSLA) to buy more #Bitcoin $btc.   Right now, I have an automatic $50 weekly recurring investment into a diversified portfolio of funds through @acorns.   Should I cancel that and DCA $50 into $btc instead?", "likes_count": 14, "replies_count": 15, "retweets_count": 0, "hashtags": ["bitcoin"]}
{"id": 1370887255473090562, "date": "2021-03-13", "time": "18:59:26", "tweet": "@Bloqport Multiples more than all the profit they have ever made selling cars, and it's only been, what, a month? Six weeks?  Not a knock on $TSLA, but a testament to the power of #BTC. To think other companies still hesitate to put at least a fraction of their reserve in #BTC is shocking.", "likes_count": 15, "replies_count": 2, "retweets_count": 4, "hashtags": ["btc", "btc"]}
{"id": 1370887084333010957, "date": "2021-03-13", "time": "18:58:45", "tweet": "@WRGerman Yes agree, but it’s important for $TSLA to listen to those who find $TSLA ‘s interior too basic, complaints about paint, seats uncomfortable, etc.", "likes_count": 11, "replies_count": 4, "retweets_count": 0, "hashtags": []}
{"id": 1370886798549848066, "date": "2021-03-13", "time": "18:57:37", "tweet": "Charged: Tesla Seen Losing Share To Ford In U.S., Volkswagen In Europe $F $NEE $NIO $AAPL $TSLA $BLNK $VWAGY $LI $QS $BEEM $RMO  https://t.co/3z0aWZ8XdU", "likes_count": 0, "replies_count": 0, "retweets_count": 0, "hashtags": []}
{"id": 1370886684968095746, "date": "2021-03-13", "time": "18:57:10", "tweet": "@elonmusk How about spending more time assisting $TSLA customers that believed in you and spend less time pumping a worthless digital currency.   https://t.co/wLgk2bdJrx", "likes_count": 9, "replies_count": 4, "retweets_count": 1, "hashtags": []}
{"id": 1370886539241132032, "date": "2021-03-13", "time": "18:56:35", "tweet": "$TSLA   https://t.co/3Ie7aBM5S6", "likes_count": 7, "replies_count": 0, "retweets_count": 2, "hashtags": []}
{"id": 1370886179139153922, "date": "2021-03-13", "time": "18:55:09", "tweet": "每一次特斯拉的“事故”，我都会加仓 $TSLA 。原因很简单：TSLA FUD =&gt; Bad news =&gt; paper hand sells =&gt; $TSLA undervalued.   6到12个月的TSLA price target: $1168 每股", "likes_count": 1, "replies_count": 1, "retweets_count": 0, "hashtags": []}
{"id": 1370885553953116168, "date": "2021-03-13", "time": "18:52:40", "tweet": "You see where this is going?  Companies, Banks, even governments not even mentioning normies, will FOMO into $TSLA and especially $BTC in order to preserve their capital.  I honestly think that until May 2020 the number will mostly go up and hardly significantly retrace.", "likes_count": 3, "replies_count": 1, "retweets_count": 0, "hashtags": []}
{"id": 1370885311614492672, "date": "2021-03-13", "time": "18:51:42", "tweet": "$tsla cathiewood may probably drop new price prediction this week.", "likes_count": 0, "replies_count": 0, "retweets_count": 0, "hashtags": []}
{"id": 1370885195835006979, "date": "2021-03-13", "time": "18:51:15", "tweet": "@elonmusk I am avreged guy broke and want to go to MARS  tweet abt $gme $Tsla  $BTC the futrue", "likes_count": 0, "replies_count": 1, "retweets_count": 0, "hashtags": []}
{"id": 1370885133159473152, "date": "2021-03-13", "time": "18:51:00", "tweet": "$spy $spx $v $ndx $qqq $tsla $pltr $aapl $amzn $twtr $fb $msft $nflx $crm $penn $nvda $googl $shop $f $tdoc $pypl $gld $iyt $usd $ma $cost $baba $tgt $bx $spce $amc $gme $tnx  MEME TIME  https://t.co/Qs4YnRBG3C", "likes_count": 0, "replies_count": 0, "retweets_count": 0, "hashtags": []}
{"id": 1370885095473709058, "date": "2021-03-13", "time": "18:50:51", "tweet": "@JasonDanheiser @garyblack00 🕵️‍♂️Conspiracy Theory:   Hear me out though.  Maybe Ford’s new Jim is a secret $TSLA shareholder.  https://t.co/bsRG4U0uNT", "likes_count": 1, "replies_count": 0, "retweets_count": 0, "hashtags": []}
{"id": 1370885070190473223, "date": "2021-03-13", "time": "18:50:45", "tweet": "@APompliano $TSLA SHOULD GO BANANAS UPWARDS", "likes_count": 46, "replies_count": 3, "retweets_count": 0, "hashtags": []}
{"id": 1370884798026252292, "date": "2021-03-13", "time": "18:49:40", "tweet": "@elonmusk And $Tsla  $BTC the futrue", "likes_count": 0, "replies_count": 0, "retweets_count": 0, "hashtags": []}
{"id": 1370884704543637509, "date": "2021-03-13", "time": "18:49:18", "tweet": "@elonmusk i support you all the way for trying to get @coinbase to list $doge. you are the future and hopefully one day I can buy a $tsla car with #dogecoin", "likes_count": 1, "replies_count": 0, "retweets_count": 0, "hashtags": ["dogecoin"]}
{"id": 1370884695429353475, "date": "2021-03-13", "time": "18:49:15", "tweet": "@elonmusk And $Tsla  $BTC the futrue", "likes_count": 0, "replies_count": 0, "retweets_count": 0, "hashtags": []}
{"id": 1370883991058911233, "date": "2021-03-13", "time": "18:46:27", "tweet": "@BMoeKnows $SQ $TSLA &amp; $pypl", "likes_count": 0, "replies_count": 0, "retweets_count": 0, "hashtags": []}
{"id": 1370883670043594756, "date": "2021-03-13", "time": "18:45:11", "tweet": "I don't live with regrets, bc I put everything I could back then.  Only a few will feel me.   $TSLA #Tesla", "likes_count": 49, "replies_count": 1, "retweets_count": 3, "hashtags": ["tesla"]}
{"id": 1370883423364059140, "date": "2021-03-13", "time": "18:44:12", "tweet": "@elonmusk Again, when are you going to assist this multiple $TSLA owner that had #TeslaInsurance? His car burned down.", "likes_count": 2, "replies_count": 0, "retweets_count": 0, "hashtags": ["teslainsurance"]}
