{"id": 1355666982755037184, "date": "2021-01-30", "time": "18:59:30", "tweet": "@TheStalwart what #shortsqueeze @TheStalwart ? show me where you see evidence that a large group of the shorts have covered? gamma squeeze? yeah. short? nah man. that’s still coming as we $TSLA squeeze $GME over the next months. i can hold shares forever. 🚀", "likes_count": 0, "replies_count": 0, "retweets_count": 0, "hashtags": ["shortsqueeze"]}
{"id": 1355666975276605443, "date": "2021-01-30", "time": "18:59:28", "tweet": "$TSLA 決算前に全部利確。 購入したのが昨年12月で、短期で利がのったので。  2月暴落説があるようなので、そこで $MSFT 購入予定。", "likes_count": 0, "replies_count": 0, "retweets_count": 0, "hashtags": []}
{"id": 1355666774725951488, "date": "2021-01-30", "time": "18:58:40", "tweet": "$ozsc and $tsla are “work in progress”  https://t.co/qHMgfHQ9IG", "likes_count": 5, "replies_count": 0, "retweets_count": 2, "hashtags": []}
{"id": 1355666317001555968, "date": "2021-01-30", "time": "18:56:51", "tweet": "SoftBank's Son expects mass production of driverless cars in two years | Article [AMP] | Reuters  https://t.co/Q1zAPeUiFp   #SoftBank $TSLA", "likes_count": 0, "replies_count": 0, "retweets_count": 0, "hashtags": ["softbank"]}
{"id": 1355666267915517953, "date": "2021-01-30", "time": "18:56:39", "tweet": "@CGasparino @Tesla The Sad thing about watching @StanphylCap and @TSLAQ Jumping All over you on @elonmusk and  $TSLA is that if the Stanphyl Investors instead of entrusting their $8M in AUM to a Nitwit, had gone with @baronfunds they would Now have $54M. The Fraud is on the Other Foot.", "likes_count": 1, "replies_count": 0, "retweets_count": 0, "hashtags": []}
{"id": 1355665969927118851, "date": "2021-01-30", "time": "18:55:28", "tweet": "Weekend study session. If you have a symbol you want me to look at, comment below. If I see a setup I will tweet a chart.   $TDOC $PTON $ZM $AAPL $MSFT $FB $TGT $TSLA $AMZN $RUN $ENPH $OPEN  $NIO $GRWG $BABA $JD $SE $GS $AMC $FLGT $CRWD", "likes_count": 7, "replies_count": 20, "retweets_count": 0, "hashtags": []}
{"id": 1355665647083151366, "date": "2021-01-30", "time": "18:54:11", "tweet": "@BahamaBen9 @TraderEcua But $QS wont be profitable any time soon so long term hold. If they blow up and/or get acquired I am hedged against future potential competitors on $TSLA’s dominance. This is a speculative play with little conviction. I am willing to lose this $ as it’s a tiny % of my $TSLA gains", "likes_count": 0, "replies_count": 0, "retweets_count": 0, "hashtags": []}
{"id": 1355665613926985729, "date": "2021-01-30", "time": "18:54:04", "tweet": "@zerohedge Just sell all of your boomer stocks, including mutual funds, and jump in $NIO, $TSLA (TSLA will be a bit unstable since they’re in the SP500 which will crash) $GME, &amp; $AMC. All that stocks are is money flow in, money flow out &amp; public perception.", "likes_count": 0, "replies_count": 0, "retweets_count": 0, "hashtags": []}
{"id": 1355665210279940099, "date": "2021-01-30", "time": "18:52:27", "tweet": "@garyblack00 Guys Gary is one of them. He worked at the Vampire Squid itself - Goldman Sachs. One of the most shady investment banks. You guys all loved him bc he's been pumping $TSLA, but deep down he's still a Wall Street guy thru and thru and always will be.", "likes_count": 0, "replies_count": 3, "retweets_count": 0, "hashtags": []}
{"id": 1355665188146585603, "date": "2021-01-30", "time": "18:52:22", "tweet": "Go get him $TSLA crypto community thinks he’s a joke too. He just called Tesla a bubble. Wya @SawyerMerritt", "likes_count": 0, "replies_count": 0, "retweets_count": 0, "hashtags": []}
{"id": 1355665113567682561, "date": "2021-01-30", "time": "18:52:04", "tweet": "$spy $spx $etsy $ndx $qqq $tsla $pltr $aapl $amzn $twtr $fb $msft $nflx $crm $penn $nvda $googl $shop $f $tdoc $usd $ma $stpk $baba $spce #BTC   Will Tom Brady win his 7th Superbowl next Sunday?  https://t.co/tsaj3p3jDs", "likes_count": 1, "replies_count": 0, "retweets_count": 0, "hashtags": ["btc"]}
{"id": 1355664997343506436, "date": "2021-01-30", "time": "18:51:37", "tweet": "@BahamaBen9 @TraderEcua $QS today i own a tiny bit as a hedge for the future for $TSLA. They are R&amp;D stage and if breakthrough is scalable they are worth a ton most likely license or partner with all these other ICE/BEV folks trying to catch up to Tesla.", "likes_count": 3, "replies_count": 2, "retweets_count": 0, "hashtags": []}
{"id": 1355664805110149121, "date": "2021-01-30", "time": "18:50:51", "tweet": "Yes markets still work.   Y’all would just still be seeing the same kind of gains as $GME if you invested in $SHOP or $TSLA a few years back. Y’all just don’t have patience anymore.", "likes_count": 2, "replies_count": 0, "retweets_count": 1, "hashtags": []}
{"id": 1355664298048159749, "date": "2021-01-30", "time": "18:48:50", "tweet": "@mgshuheb @Robson8807 Why are you worried about FOMO with Tesla? It's not a fight to the death between the two, they can both succeed against ICE manufacturers. Also, ask yourself who is more likely to x10 from here, $NIO or $TSLA ?", "likes_count": 1, "replies_count": 3, "retweets_count": 0, "hashtags": []}
{"id": 1355664108566179846, "date": "2021-01-30", "time": "18:48:05", "tweet": "$TSLA and $NIO  https://t.co/GcGetknvm3", "likes_count": 0, "replies_count": 0, "retweets_count": 0, "hashtags": []}
{"id": 1355664043722289154, "date": "2021-01-30", "time": "18:47:49", "tweet": "Get $XLM. Don't miss out like $BTC.  $ETH $BNB $ADA $TRX $AAPL $TSLA $AMZN $QQQ $XVG $DDTG $GLD $NVDA $ATOM $VET $UPS $KNC $SNX $FB $LEND $YFI $SUSHI #crypto #ethereum #Bitcoin", "likes_count": 0, "replies_count": 0, "retweets_count": 0, "hashtags": ["crypto", "ethereum", "bitcoin"]}
{"id": 1355663954920534022, "date": "2021-01-30", "time": "18:47:28", "tweet": "Join the Stock Guru Master Course  https://t.co/e6VmGO36Me by the 1st of February 8pm New York time to go in the chance to win $5000 USD!!!   #stockguru #tesla #nio #Palantir #apple #UBER #airbnb #stocks #StocksToBuy #StocksToWatch $tsla $nio $pltr #ETHEREUM #BITCOIN $ETH $BTC  https://t.co/eyymtd3PR9", "likes_count": 3, "replies_count": 0, "retweets_count": 1, "hashtags": ["stockguru", "tesla", "nio", "palantir", "apple", "uber", "airbnb", "stocks", "stockstobuy", "stockstowatch", "ethereum", "bitcoin"]}
